Date,Value (mm)
05/01/1986,2.0
06/01/1986,10.3
07/01/1986,3.7
08/01/1986,13.0
09/01/1986,12.0
10/01/1986,8.0
11/01/1986,7.0
12/01/1986,0.5
13/01/1986,0.0
14/01/1986,0.0
15/01/1986,0.5
16/01/1986,0.0
17/01/1986,0.5
18/01/1986,0.0
19/01/1986,0.0
20/01/1986,0.0
21/01/1986,0.0
22/01/1986,0.0
23/01/1986,0.0
24/01/1986,0.0
25/01/1986,0.0
26/01/1986,0.0
27/01/1986,1.0
28/01/1986,0.0
29/01/1986,0.0
30/01/1986,0.0
31/01/1986,0.0
01/02/1986,0.0
02/02/1986,0.0
03/02/1986,0.0
04/02/1986,0.0
05/02/1986,0.0
06/02/1986,0.0
07/02/1986,0.0
08/02/1986,2.0
09/02/1986,3.5
10/02/1986,0.0
11/02/1986,0.0
12/02/1986,0.0
13/02/1986,0.0
14/02/1986,0.0
15/02/1986,0.0
16/02/1986,0.0
17/02/1986,0.0
18/02/1986,0.0
19/02/1986,0.0
20/02/1986,0.0
21/02/1986,0.0
22/02/1986,0.0
23/02/1986,0.0
24/02/1986,0.0
25/02/1986,0.0
26/02/1986,0.0
27/02/1986,0.0
28/02/1986,26.0
01/03/1986,3.5
02/03/1986,84.0
03/03/1986,16.0
04/03/1986,2.0
05/03/1986,3.5
06/03/1986,13.6
07/03/1986,32.9
08/03/1986,64.0
09/03/1986,16.0
10/03/1986,3.5
11/03/1986,5.5
12/03/1986,1.0
13/03/1986,0.0
14/03/1986,0.0
15/03/1986,0.0
16/03/1986,0.0
17/03/1986,2.5
18/03/1986,34.5
19/03/1986,6.0
20/03/1986,2.0
21/03/1986,1.0
22/03/1986,0.0
23/03/1986,0.0
24/03/1986,0.0
25/03/1986,0.0
26/03/1986,0.0
27/03/1986,0.0
28/03/1986,0.0
29/03/1986,21.0
30/03/1986,14.5
31/03/1986,0.0
01/04/1986,10.0
02/04/1986,17.5
03/04/1986,1.5
04/04/1986,0.0
05/04/1986,0.0
06/04/1986,0.0
07/04/1986,0.0
08/04/1986,1.5
09/04/1986,0.0
10/04/1986,0.0
11/04/1986,9.5
12/04/1986,16.0
13/04/1986,3.0
14/04/1986,3.0
15/04/1986,0.0
16/04/1986,25.0
17/04/1986,0.0
18/04/1986,0.0
19/04/1986,29.0
20/04/1986,21.5
21/04/1986,5.5
22/04/1986,0.0
23/04/1986,0.0
24/04/1986,0.0
25/04/1986,0.0
26/04/1986,0.0
27/04/1986,5.0
28/04/1986,0.0
29/04/1986,3.0
30/04/1986,0.0
01/05/1986,0.0
02/05/1986,3.0
03/05/1986,0.0
04/05/1986,0.0
05/05/1986,0.0
06/05/1986,0.0
07/05/1986,10.5
08/05/1986,14.0
09/05/1986,0.0
10/05/1986,0.0
11/05/1986,0.0
12/05/1986,0.0
13/05/1986,0.0
14/05/1986,0.0
15/05/1986,0.5
16/05/1986,0.0
17/05/1986,11.5
18/05/1986,27.0
19/05/1986,0.0
20/05/1986,0.0
21/05/1986,0.0
22/05/1986,3.0
23/05/1986,6.5
24/05/1986,5.5
25/05/1986,39.5
26/05/1986,0.5
27/05/1986,12.0
28/05/1986,13.5
29/05/1986,9.5
30/05/1986,4.0
31/05/1986,0.5
01/06/1986,0.5
02/06/1986,0.0
03/06/1986,0.0
04/06/1986,16.5
05/06/1986,2.0
06/06/1986,0.5
07/06/1986,0.0
08/06/1986,4.5
09/06/1986,16.5
10/06/1986,6.5
11/06/1986,1.5
12/06/1986,0.5
13/06/1986,2.0
14/06/1986,0.5
15/06/1986,5.0
16/06/1986,3.5
17/06/1986,10.0
18/06/1986,0.5
19/06/1986,0.0
20/06/1986,0.0
21/06/1986,0.0
22/06/1986,0.0
23/06/1986,0.0
24/06/1986,0.0
25/06/1986,0.0
26/06/1986,0.0
27/06/1986,0.0
28/06/1986,5.0
29/06/1986,0.0
30/06/1986,0.0
01/07/1986,1.5
02/07/1986,0.0
03/07/1986,2.5
04/07/1986,1.0
05/07/1986,0.0
06/07/1986,15.5
07/07/1986,0.0
08/07/1986,9.5
09/07/1986,0.0
10/07/1986,0.0
11/07/1986,4.0
12/07/1986,0.0
13/07/1986,65.0
14/07/1986,0.5
15/07/1986,0.0
16/07/1986,0.0
17/07/1986,0.0
18/07/1986,0.0
19/07/1986,0.0
20/07/1986,0.0
21/07/1986,0.0
22/07/1986,3.0
23/07/1986,5.0
24/07/1986,6.0
25/07/1986,0.0
26/07/1986,4.5
27/07/1986,2.5
28/07/1986,0.0
29/07/1986,0.0
30/07/1986,0.0
31/07/1986,43.5
01/08/1986,0.5
02/08/1986,2.0
03/08/1986,0.0
04/08/1986,0.0
05/08/1986,0.0
06/08/1986,0.0
07/08/1986,0.0
08/08/1986,0.0
09/08/1986,0.0
10/08/1986,0.0
11/08/1986,0.0
12/08/1986,0.0
13/08/1986,0.0
14/08/1986,3.0
15/08/1986,0.5
16/08/1986,0.0
17/08/1986,0.0
18/08/1986,0.0
19/08/1986,0.0
20/08/1986,0.0
21/08/1986,0.0
22/08/1986,0.0
23/08/1986,0.0
24/08/1986,0.0
25/08/1986,10.0
26/08/1986,0.5
27/08/1986,7.0
28/08/1986,36.5
29/08/1986,0.0
30/08/1986,16.0
31/08/1986,14.0
01/09/1986,0.0
02/09/1986,0.0
03/09/1986,0.0
04/09/1986,0.0
05/09/1986,0.0
06/09/1986,0.0
07/09/1986,0.0
08/09/1986,16.0
09/09/1986,22.0
10/09/1986,7.0
11/09/1986,44.0
12/09/1986,16.0
13/09/1986,0.0
14/09/1986,47.5
15/09/1986,11.5
16/09/1986,15.5
17/09/1986,18.5
18/09/1986,1.0
19/09/1986,19.4
20/09/1986,4.1
21/09/1986,9.5
22/09/1986,2.5
23/09/1986,9.3
24/09/1986,4.7
25/09/1986,59.0
26/09/1986,11.5
27/09/1986,0.0
28/09/1986,5.0
29/09/1986,15.5
30/09/1986,0.5
01/10/1986,0.0
15/10/1986,30.0
16/10/1986,0.5
17/10/1986,0.0
18/10/1986,6.5
19/10/1986,0.0
20/10/1986,6.0
21/10/1986,0.5
22/10/1986,0.5
23/10/1986,2.5
24/10/1986,5.5
25/10/1986,1.5
26/10/1986,82.5
27/10/1986,9.0
28/10/1986,50.0
29/10/1986,4.0
30/10/1986,28.5
31/10/1986,14.5
01/11/1986,3.0
02/11/1986,2.0
03/11/1986,48.5
04/11/1986,10.0
05/11/1986,6.5
06/11/1986,30.0
07/11/1986,2.0
08/11/1986,4.5
09/11/1986,0.0
10/11/1986,0.0
11/11/1986,3.0
12/11/1986,2.5
13/11/1986,1.5
14/11/1986,5.0
15/11/1986,0.0
16/11/1986,1.5
17/11/1986,23.0
18/11/1986,14.0
19/11/1986,11.0
20/11/1986,16.0
21/11/1986,17.0
22/11/1986,4.0
23/11/1986,0.5
24/11/1986,0.5
25/11/1986,7.0
26/11/1986,190.0
27/11/1986,52.5
28/11/1986,56.0
29/11/1986,71.2
30/11/1986,161.7
01/12/1986,156.6
02/12/1986,8.0
03/12/1986,15.5
04/12/1986,44.0
05/12/1986,4.0
06/12/1986,20.5
07/12/1986,24.5
08/12/1986,45.5
09/12/1986,102.0
10/12/1986,15.0
11/12/1986,43.5
12/12/1986,4.5
13/12/1986,0.0
14/12/1986,0.0
15/12/1986,0.0
16/12/1986,19.5
17/12/1986,79.0
18/12/1986,24.0
19/12/1986,100.5
20/12/1986,7.0
21/12/1986,12.5
22/12/1986,1.5
23/12/1986,0.5
24/12/1986,0.0
25/12/1986,0.0
26/12/1986,2.0
27/12/1986,8.5
28/12/1986,11.0
29/12/1986,68.5
30/12/1986,2.5
31/12/1986,0.0
01/01/1987,1.0
02/01/1987,3.0
03/01/1987,0.0
04/01/1987,0.0
05/01/1987,5.5
06/01/1987,43.0
07/01/1987,24.5
08/01/1987,25.5
09/01/1987,33.5
10/01/1987,45.5
11/01/1987,50.5
12/01/1987,5.5
13/01/1987,9.0
14/01/1987,2.5
15/01/1987,0.0
16/01/1987,10.5
17/01/1987,1.0
18/01/1987,0.0
19/01/1987,0.0
20/01/1987,1.0
21/01/1987,3.0
22/01/1987,2.0
23/01/1987,0.0
24/01/1987,2.5
25/01/1987,59.0
26/01/1987,18.5
27/01/1987,8.5
28/01/1987,34.0
29/01/1987,3.5
30/01/1987,0.0
31/01/1987,6.0
01/02/1987,2.0
02/02/1987,1.5
03/02/1987,3.5
04/02/1987,2.0
05/02/1987,3.0
06/02/1987,0.0
07/02/1987,0.0
08/02/1987,0.0
09/02/1987,0.0
10/02/1987,0.5
11/02/1987,0.0
12/02/1987,0.0
13/02/1987,0.0
14/02/1987,0.0
15/02/1987,0.0
16/02/1987,0.0
17/02/1987,0.0
18/02/1987,0.0
19/02/1987,0.0
20/02/1987,0.0
21/02/1987,0.0
22/02/1987,0.0
23/02/1987,0.0
24/02/1987,0.0
25/02/1987,0.0
26/02/1987,0.0
27/02/1987,0.5
28/02/1987,0.0
01/03/1987,2.5
02/03/1987,11.5
03/03/1987,11.5
04/03/1987,0.0
05/03/1987,70.0
06/03/1987,7.5
07/03/1987,0.0
08/03/1987,0.0
09/03/1987,0.0
10/03/1987,0.0
11/03/1987,0.0
12/03/1987,0.0
13/03/1987,0.0
14/03/1987,0.0
15/03/1987,0.0
16/03/1987,0.0
17/03/1987,0.5
18/03/1987,0.0
19/03/1987,0.0
20/03/1987,0.0
21/03/1987,0.0
22/03/1987,0.0
23/03/1987,0.0
24/03/1987,0.0
25/03/1987,0.0
26/03/1987,0.0
27/03/1987,0.0
28/03/1987,0.0
29/03/1987,0.0
30/03/1987,0.0
31/03/1987,0.0
01/04/1987,0.0
02/04/1987,0.0
03/04/1987,0.0
04/04/1987,0.0
05/04/1987,0.0
06/04/1987,0.0
07/04/1987,0.0
08/04/1987,12.5
09/04/1987,4.5
10/04/1987,0.0
11/04/1987,8.5
12/04/1987,1.0
13/04/1987,0.0
14/04/1987,0.0
15/04/1987,0.0
16/04/1987,0.0
17/04/1987,0.0
18/04/1987,2.5
19/04/1987,0.0
20/04/1987,0.0
21/04/1987,11.5
22/04/1987,13.0
23/04/1987,0.0
24/04/1987,12.0
25/04/1987,0.0
26/04/1987,2.0
27/04/1987,40.0
28/04/1987,17.5
29/04/1987,10.0
30/04/1987,2.5
01/05/1987,8.0
02/05/1987,29.5
03/05/1987,5.0
04/05/1987,7.5
05/05/1987,5.0
06/05/1987,0.0
07/05/1987,17.5
08/05/1987,2.5
09/05/1987,34.0
10/05/1987,2.5
11/05/1987,0.0
12/05/1987,5.5
13/05/1987,1.0
14/05/1987,0.0
15/05/1987,10.0
16/05/1987,1.5
17/05/1987,2.0
18/05/1987,0.0
19/05/1987,1.0
20/05/1987,80.5
21/05/1987,0.0
22/05/1987,0.0
23/05/1987,0.0
24/05/1987,1.0
25/05/1987,0.0
26/05/1987,0.0
27/05/1987,0.0
28/05/1987,1.0
29/05/1987,0.0
20/06/1987,1.5
21/06/1987,0.0
22/06/1987,0.0
23/06/1987,0.0
24/06/1987,0.0
25/06/1987,1.4
26/06/1987,7.1
27/06/1987,0.5
28/06/1987,1.0
29/06/1987,2.0
30/06/1987,0.0
01/07/1987,0.0
02/07/1987,0.0
03/07/1987,0.0
04/07/1987,0.0
05/07/1987,0.0
06/07/1987,0.0
07/07/1987,0.0
08/07/1987,0.0
09/07/1987,0.0
10/07/1987,0.0
11/07/1987,0.0
12/07/1987,23.0
13/07/1987,0.0
14/07/1987,2.0
15/07/1987,0.5
16/07/1987,15.0
17/07/1987,0.5
18/07/1987,2.0
19/07/1987,0.5
20/07/1987,0.0
21/07/1987,0.0
22/07/1987,66.0
23/07/1987,0.0
24/07/1987,16.5
25/07/1987,0.5
26/07/1987,1.5
27/07/1987,0.0
28/07/1987,0.0
29/07/1987,3.5
30/07/1987,0.0
31/07/1987,0.0
01/08/1987,33.0
02/08/1987,0.0
03/08/1987,2.5
04/08/1987,0.5
05/08/1987,6.0
06/08/1987,4.0
07/08/1987,0.0
08/08/1987,5.0
09/08/1987,11.0
10/08/1987,0.0
11/08/1987,10.5
12/08/1987,7.0
13/08/1987,17.5
14/08/1987,1.0
15/08/1987,0.0
16/08/1987,0.0
17/08/1987,0.0
18/08/1987,5.5
19/08/1987,27.0
20/08/1987,0.0
21/08/1987,0.0
22/08/1987,0.0
23/08/1987,0.0
24/08/1987,0.0
25/08/1987,0.0
26/08/1987,9.0
27/08/1987,13.0
28/08/1987,8.5
29/08/1987,0.0
30/08/1987,0.0
31/08/1987,20.5
01/09/1987,0.0
02/09/1987,0.0
03/09/1987,20.0
04/09/1987,13.0
05/09/1987,0.0
06/09/1987,30.5
07/09/1987,26.7
08/09/1987,65.8
09/09/1987,17.5
10/09/1987,2.5
11/09/1987,2.0
12/09/1987,7.5
13/09/1987,6.5
14/09/1987,2.5
15/09/1987,5.5
16/09/1987,11.6
17/09/1987,22.9
18/09/1987,0.0
19/09/1987,0.0
20/09/1987,0.0
21/09/1987,3.5
22/09/1987,1.0
23/09/1987,4.0
24/09/1987,11.0
25/09/1987,0.0
26/09/1987,32.2
27/09/1987,9.8
28/09/1987,0.0
29/09/1987,4.5
30/09/1987,9.0
01/10/1987,0.5
02/10/1987,0.5
03/10/1987,10.5
04/10/1987,0.0
05/10/1987,0.0
06/10/1987,2.0
07/10/1987,0.0
08/10/1987,74.0
09/10/1987,2.5
10/10/1987,46.0
11/10/1987,6.5
12/10/1987,0.0
13/10/1987,42.0
14/10/1987,0.0
15/10/1987,0.0
16/10/1987,0.0
17/10/1987,0.0
18/10/1987,37.0
19/10/1987,0.0
20/10/1987,0.0
21/10/1987,1.0
22/10/1987,0.5
23/10/1987,0.0
24/10/1987,0.5
25/10/1987,21.5
26/10/1987,6.5
27/10/1987,76.0
28/10/1987,30.0
29/10/1987,0.0
30/10/1987,0.5
31/10/1987,0.5
01/11/1987,1.0
02/11/1987,19.5
03/11/1987,3.5
04/11/1987,11.0
05/11/1987,8.5
06/11/1987,0.0
07/11/1987,25.0
08/11/1987,5.0
09/11/1987,0.0
10/11/1987,15.0
11/11/1987,3.0
12/11/1987,6.0
13/11/1987,10.0
14/11/1987,0.0
15/11/1987,1.0
16/11/1987,1.5
17/11/1987,15.0
18/11/1987,17.0
19/11/1987,3.5
20/11/1987,3.5
21/11/1987,16.0
22/11/1987,3.5
23/11/1987,8.5
24/11/1987,9.0
25/11/1987,0.0
26/11/1987,1.5
27/11/1987,0.0
28/11/1987,0.0
29/11/1987,6.5
30/11/1987,1.0
01/12/1987,19.5
02/12/1987,55.5
03/12/1987,234.5
04/12/1987,0.0
05/12/1987,0.4
06/12/1987,188.1
07/12/1987,64.9
08/12/1987,63.0
09/12/1987,22.4
10/12/1987,75.0
11/12/1987,70.6
12/12/1987,2.5
13/12/1987,33.7
14/12/1987,24.3
15/12/1987,0.5
16/12/1987,1.5
17/12/1987,5.0
18/12/1987,0.0
19/12/1987,0.0
20/12/1987,0.0
21/12/1987,0.0
22/12/1987,0.0
23/12/1987,0.0
24/12/1987,0.0
25/12/1987,0.0
26/12/1987,37.5
27/12/1987,20.0
28/12/1987,24.5
29/12/1987,3.0
30/12/1987,0.0
31/12/1987,0.0
01/01/1988,0.0
02/01/1988,0.0
03/01/1988,1.0
04/01/1988,9.0
05/01/1988,3.5
06/01/1988,0.5
07/01/1988,0.0
08/01/1988,0.0
09/01/1988,4.0
10/01/1988,21.5
11/01/1988,21.0
12/01/1988,22.5
13/01/1988,17.0
14/01/1988,26.0
15/01/1988,2.0
16/01/1988,3.5
17/01/1988,2.0
18/01/1988,0.0
19/01/1988,0.0
21/02/1988,4.5
22/02/1988,68.5
23/02/1988,51.5
24/02/1988,0.0
25/02/1988,1.5
26/02/1988,0.0
27/02/1988,0.0
28/02/1988,0.5
29/02/1988,0.0
01/03/1988,0.0
02/03/1988,0.0
03/03/1988,15.0
04/03/1988,0.5
05/03/1988,4.5
06/03/1988,18.5
07/03/1988,85.5
08/03/1988,141.5
09/03/1988,43.0
10/03/1988,40.0
11/03/1988,13.5
12/03/1988,0.0
13/03/1988,0.0
14/03/1988,0.0
15/03/1988,0.0
16/03/1988,0.0
17/03/1988,0.0
18/03/1988,0.0
19/03/1988,0.0
20/03/1988,0.0
21/03/1988,0.0
22/03/1988,0.0
23/03/1988,2.0
24/03/1988,0.0
25/03/1988,0.0
26/03/1988,0.0
27/03/1988,0.0
28/03/1988,0.0
29/03/1988,0.0
30/03/1988,86.0
31/03/1988,18.5
01/04/1988,0.0
02/04/1988,0.0
03/04/1988,0.0
04/04/1988,0.0
05/04/1988,0.0
06/04/1988,18.5
07/04/1988,6.5
13/06/1988,7.0
14/06/1988,0.0
15/06/1988,31.3
16/06/1988,2.7
17/06/1988,0.0
18/06/1988,0.5
19/06/1988,0.0
20/06/1988,58.0
21/06/1988,23.0
22/06/1988,2.0
23/06/1988,6.5
24/06/1988,3.5
25/06/1988,3.5
26/06/1988,0.5
27/06/1988,0.5
28/06/1988,0.0
29/06/1988,7.5
30/06/1988,0.0
01/07/1988,0.3
02/07/1988,2.7
03/07/1988,0.0
04/07/1988,0.0
05/07/1988,46.0
06/07/1988,3.0
07/07/1988,0.5
08/07/1988,3.0
09/07/1988,0.0
10/07/1988,13.8
11/07/1988,5.7
12/07/1988,0.5
13/07/1988,0.0
14/07/1988,2.0
15/07/1988,0.0
16/07/1988,0.0
17/07/1988,2.0
18/07/1988,12.0
19/07/1988,0.0
20/07/1988,0.0
21/07/1988,0.0
22/07/1988,23.0
23/07/1988,11.0
24/07/1988,0.0
25/07/1988,3.5
26/07/1988,26.5
27/07/1988,1.1
28/07/1988,28.9
29/07/1988,1.5
30/07/1988,0.0
31/07/1988,0.0
01/08/1988,0.0
02/08/1988,2.5
03/08/1988,0.0
04/08/1988,15.0
05/08/1988,72.8
06/08/1988,16.2
07/08/1988,41.0
08/08/1988,6.5
09/08/1988,0.0
10/08/1988,0.0
11/08/1988,0.0
12/08/1988,38.5
13/08/1988,2.0
14/08/1988,0.0
15/08/1988,0.0
16/08/1988,6.0
17/08/1988,6.5
18/08/1988,0.5
19/08/1988,34.5
20/08/1988,3.0
21/08/1988,47.0
22/08/1988,1.0
23/08/1988,9.5
24/08/1988,133.5
25/08/1988,0.0
26/08/1988,1.5
27/08/1988,2.5
28/08/1988,15.5
29/08/1988,15.0
30/08/1988,9.0
31/08/1988,0.0
01/09/1988,3.5
02/09/1988,34.0
03/09/1988,3.4
04/09/1988,2.6
05/09/1988,20.5
06/09/1988,14.5
07/09/1988,0.0
08/09/1988,4.0
09/09/1988,11.5
10/09/1988,0.0
11/09/1988,33.0
12/09/1988,9.0
13/09/1988,15.5
14/09/1988,1.5
15/09/1988,9.5
16/09/1988,0.0
17/09/1988,3.5
18/09/1988,4.5
19/09/1988,0.0
20/09/1988,0.0
21/09/1988,3.0
22/09/1988,0.0
23/09/1988,0.0
24/09/1988,1.5
25/09/1988,1.0
26/09/1988,0.0
27/09/1988,71.5
28/09/1988,3.0
29/09/1988,3.9
30/09/1988,8.6
01/10/1988,1.0
02/10/1988,2.5
03/10/1988,0.0
04/10/1988,0.0
05/10/1988,1.0
06/10/1988,0.0
07/10/1988,0.0
08/10/1988,12.0
09/10/1988,1.0
10/10/1988,8.5
11/10/1988,1.0
12/10/1988,3.0
13/10/1988,0.0
14/10/1988,4.0
15/10/1988,0.0
16/10/1988,0.0
17/10/1988,10.0
18/10/1988,0.5
19/10/1988,0.5
20/10/1988,3.0
21/10/1988,0.0
22/10/1988,0.0
23/10/1988,0.0
24/10/1988,0.0
25/10/1988,0.0
26/10/1988,0.0
27/10/1988,2.5
28/10/1988,0.5
29/10/1988,0.5
30/10/1988,13.0
31/10/1988,6.5
01/11/1988,2.5
02/11/1988,3.0
03/11/1988,8.0
04/11/1988,33.3
05/11/1988,9.2
06/11/1988,1.5
07/11/1988,6.5
08/11/1988,29.5
09/11/1988,0.0
10/11/1988,44.6
11/11/1988,10.4
12/11/1988,5.5
13/11/1988,17.0
14/11/1988,19.0
15/11/1988,3.0
16/11/1988,10.0
17/11/1988,42.2
18/11/1988,71.1
19/11/1988,231.1
20/11/1988,192.0
21/11/1988,145.0
22/11/1988,5.5
23/11/1988,16.5
24/11/1988,16.5
25/11/1988,2.5
26/11/1988,0.0
27/11/1988,1.0
28/11/1988,8.5
29/11/1988,33.2
30/11/1988,265.0
01/12/1988,33.7
02/12/1988,14.4
03/12/1988,71.6
04/12/1988,0.0
05/12/1988,1.0
06/12/1988,0.5
07/12/1988,0.5
08/12/1988,0.0
09/12/1988,0.0
10/12/1988,0.0
11/12/1988,2.5
12/12/1988,1.5
13/12/1988,2.5
14/12/1988,3.3
15/12/1988,0.7
16/12/1988,0.0
17/12/1988,0.0
18/12/1988,0.0
19/12/1988,27.4
20/12/1988,49.1
21/12/1988,0.5
22/12/1988,31.8
23/12/1988,58.2
24/12/1988,0.0
25/12/1988,0.0
26/12/1988,0.5
27/12/1988,0.0
28/12/1988,0.5
29/12/1988,0.0
30/12/1988,0.0
31/12/1988,56.2
01/01/1989,71.8
02/01/1989,46.3
03/01/1989,16.1
04/01/1989,30.6
05/01/1989,24.0
06/01/1989,8.0
07/01/1989,2.0
08/01/1989,0.0
09/01/1989,0.0
10/01/1989,1.0
11/01/1989,2.5
12/01/1989,18.7
13/01/1989,40.2
14/01/1989,18.2
15/01/1989,10.1
16/01/1989,43.0
17/01/1989,23.3
18/01/1989,12.0
19/01/1989,0.0
20/01/1989,2.0
21/01/1989,0.0
22/01/1989,28.0
23/01/1989,20.5
24/01/1989,0.0
25/01/1989,0.5
26/01/1989,0.0
27/01/1989,0.0
28/01/1989,0.0
29/01/1989,0.0
30/01/1989,2.4
31/01/1989,10.6
01/02/1989,0.0
02/02/1989,0.0
03/02/1989,0.0
04/02/1989,0.0
05/02/1989,0.0
06/02/1989,0.0
07/02/1989,0.0
08/02/1989,0.0
09/02/1989,0.0
10/02/1989,0.0
11/02/1989,0.0
12/02/1989,4.0
13/02/1989,0.0
14/02/1989,0.0
15/02/1989,0.0
16/02/1989,0.0
17/02/1989,0.0
18/02/1989,0.0
19/02/1989,0.0
20/02/1989,0.0
03/03/1989,11.5
04/03/1989,3.5
05/03/1989,0.0
06/03/1989,6.5
07/03/1989,0.5
08/03/1989,0.0
09/03/1989,0.0
10/03/1989,0.0
11/03/1989,0.0
12/03/1989,0.0
13/03/1989,0.0
14/03/1989,59.0
15/03/1989,0.5
16/03/1989,0.0
17/03/1989,0.5
18/03/1989,15.8
19/03/1989,30.7
22/03/1989,1.0
23/03/1989,0.5
24/03/1989,0.0
25/03/1989,0.0
26/03/1989,0.0
27/03/1989,1.9
28/03/1989,0.6
29/03/1989,18.4
30/03/1989,16.1
31/03/1989,1.5
01/04/1989,101.5
02/04/1989,0.5
03/04/1989,0.0
04/04/1989,20.5
05/04/1989,37.0
06/04/1989,11.5
07/04/1989,10.5
08/04/1989,0.5
09/04/1989,0.0
10/04/1989,6.0
11/04/1989,0.0
12/04/1989,2.0
13/04/1989,5.0
14/04/1989,0.0
15/04/1989,17.5
16/04/1989,1.0
17/04/1989,13.5
18/04/1989,0.0
19/04/1989,0.0
20/04/1989,0.0
21/04/1989,4.5
22/04/1989,0.5
23/04/1989,0.0
24/04/1989,0.0
25/04/1989,16.0
26/04/1989,22.5
27/04/1989,0.0
28/04/1989,40.0
29/04/1989,0.5
30/04/1989,27.5
01/05/1989,0.0
02/05/1989,8.0
03/05/1989,21.3
04/05/1989,5.2
05/05/1989,59.0
06/05/1989,2.0
07/05/1989,1.0
08/05/1989,0.0
09/05/1989,3.5
10/05/1989,0.0
11/05/1989,0.5
12/05/1989,0.0
13/05/1989,28.5
14/05/1989,58.0
15/05/1989,0.5
16/05/1989,1.0
17/05/1989,0.0
18/05/1989,32.5
19/05/1989,1.5
20/05/1989,1.9
21/05/1989,2.6
22/05/1989,1.0
23/05/1989,3.0
24/05/1989,11.5
25/05/1989,0.5
26/05/1989,34.0
27/05/1989,3.0
28/05/1989,4.0
29/05/1989,0.0
30/05/1989,7.0
31/05/1989,8.0
01/06/1989,24.5
02/06/1989,0.0
03/06/1989,0.5
04/06/1989,0.5
05/06/1989,0.0
06/06/1989,32.5
07/06/1989,0.0
08/06/1989,0.0
09/06/1989,23.5
10/06/1989,0.0
11/06/1989,0.0
12/06/1989,0.0
13/06/1989,20.0
14/06/1989,11.0
15/06/1989,0.5
16/06/1989,0.5
17/06/1989,0.0
18/06/1989,5.5
19/06/1989,3.5
20/06/1989,0.0
21/06/1989,0.0
22/06/1989,0.0
23/06/1989,36.0
24/06/1989,0.0
25/06/1989,0.0
26/06/1989,36.1
27/06/1989,19.9
28/06/1989,26.5
29/06/1989,0.0
30/06/1989,5.0
01/07/1989,1.0
02/07/1989,0.0
03/07/1989,1.5
04/07/1989,2.0
05/07/1989,0.0
06/07/1989,1.5
07/07/1989,0.5
08/07/1989,0.0
09/07/1989,2.5
10/07/1989,0.0
11/07/1989,0.0
12/07/1989,2.0
13/07/1989,3.0
14/07/1989,2.0
15/07/1989,18.6
16/07/1989,2.4
17/07/1989,0.0
18/07/1989,1.0
19/07/1989,1.5
20/07/1989,0.5
21/07/1989,0.0
22/07/1989,0.0
23/07/1989,0.0
24/07/1989,0.0
25/07/1989,22.0
26/07/1989,0.0
27/07/1989,0.0
28/07/1989,1.0
29/07/1989,0.0
30/07/1989,0.6
31/07/1989,0.4
01/08/1989,17.4
02/08/1989,1.6
03/08/1989,5.0
04/08/1989,11.5
05/08/1989,0.5
06/08/1989,0.0
07/08/1989,1.0
08/08/1989,1.5
09/08/1989,1.0
10/08/1989,15.0
11/08/1989,0.0
12/08/1989,0.0
13/08/1989,0.0
14/08/1989,0.0
15/08/1989,0.0
16/08/1989,0.0
17/08/1989,1.0
18/08/1989,8.0
19/08/1989,4.0
20/08/1989,0.0
21/08/1989,0.0
22/08/1989,1.0
23/08/1989,0.0
24/08/1989,11.0
25/08/1989,0.0
26/08/1989,34.0
27/08/1989,2.0
28/08/1989,10.0
29/08/1989,0.5
30/08/1989,10.0
31/08/1989,0.0
01/09/1989,34.5
02/09/1989,12.5
03/09/1989,5.5
04/09/1989,9.5
05/09/1989,0.0
06/09/1989,0.0
07/09/1989,0.0
08/09/1989,4.5
09/09/1989,22.0
10/09/1989,4.5
11/09/1989,0.5
12/09/1989,0.0
13/09/1989,4.0
14/09/1989,11.0
15/09/1989,0.0
16/09/1989,20.5
17/09/1989,0.0
18/09/1989,23.0
19/09/1989,1.0
20/09/1989,22.5
21/09/1989,3.0
22/09/1989,1.0
23/09/1989,36.5
24/09/1989,3.5
25/09/1989,12.0
26/09/1989,25.5
27/09/1989,12.5
28/09/1989,4.0
29/09/1989,9.1
30/09/1989,3.4
01/10/1989,0.0
02/10/1989,2.0
03/10/1989,0.5
04/10/1989,0.0
05/10/1989,62.0
06/10/1989,1.0
07/10/1989,0.0
08/10/1989,2.0
09/10/1989,19.5
10/10/1989,0.0
11/10/1989,4.5
12/10/1989,9.5
13/10/1989,23.5
14/10/1989,0.0
15/10/1989,54.0
16/10/1989,9.0
17/10/1989,0.5
18/10/1989,2.0
19/10/1989,6.0
20/10/1989,1.5
21/10/1989,6.0
22/10/1989,15.0
23/10/1989,17.5
24/10/1989,0.0
25/10/1989,0.0
26/10/1989,17.0
27/10/1989,0.5
28/10/1989,9.5
29/10/1989,15.0
30/10/1989,12.5
31/10/1989,2.5
01/11/1989,14.0
02/11/1989,0.5
03/11/1989,0.0
04/11/1989,23.0
05/11/1989,1.0
06/11/1989,1.0
07/11/1989,0.5
08/11/1989,0.0
09/11/1989,0.0
10/11/1989,7.0
11/11/1989,7.0
12/11/1989,6.0
13/11/1989,0.0
14/11/1989,15.5
15/11/1989,49.0
16/11/1989,35.5
17/11/1989,18.5
18/11/1989,8.0
19/11/1989,10.5
20/11/1989,4.0
21/11/1989,7.0
22/11/1989,0.0
23/11/1989,0.0
24/11/1989,0.0
25/11/1989,8.0
26/11/1989,0.0
27/11/1989,0.0
28/11/1989,15.5
29/11/1989,8.5
30/11/1989,67.8
01/12/1989,72.3
02/12/1989,15.4
03/12/1989,10.0
04/12/1989,0.5
05/12/1989,0.0
06/12/1989,0.0
07/12/1989,0.0
08/12/1989,0.0
09/12/1989,0.0
10/12/1989,0.0
11/12/1989,0.5
12/12/1989,41.0
13/12/1989,1.0
14/12/1989,3.0
15/12/1989,1.5
16/12/1989,0.0
17/12/1989,0.0
18/12/1989,3.0
19/12/1989,0.0
20/12/1989,6.5
21/12/1989,0.0
22/12/1989,0.0
23/12/1989,0.0
24/12/1989,40.0
25/12/1989,11.5
26/12/1989,0.0
27/12/1989,0.0
28/12/1989,18.5
29/12/1989,0.5
30/12/1989,33.0
31/12/1989,19.0
01/01/1990,0.5
02/01/1990,0.0
03/01/1990,0.0
04/01/1990,0.0
05/01/1990,0.0
06/01/1990,0.5
07/01/1990,0.0
08/01/1990,141.7
09/01/1990,0.3
10/01/1990,0.0
11/01/1990,4.0
12/01/1990,129.0
13/01/1990,199.3
14/01/1990,11.2
15/01/1990,7.0
16/01/1990,0.5
17/01/1990,7.5
18/01/1990,0.5
19/01/1990,0.0
20/01/1990,0.0
21/01/1990,20.0
22/01/1990,2.5
23/01/1990,1.5
24/01/1990,0.5
25/01/1990,0.0
26/01/1990,0.0
27/01/1990,0.0
28/01/1990,0.0
29/01/1990,0.0
30/01/1990,0.0
31/01/1990,1.5
01/02/1990,0.0
02/02/1990,1.5
03/02/1990,43.5
04/02/1990,19.0
05/02/1990,14.0
06/02/1990,19.6
07/02/1990,68.4
08/02/1990,14.0
09/02/1990,2.5
10/02/1990,13.0
11/02/1990,8.0
12/02/1990,9.0
13/02/1990,0.5
14/02/1990,0.0
15/02/1990,0.0
16/02/1990,0.0
17/02/1990,0.0
18/02/1990,0.0
19/02/1990,0.0
20/02/1990,0.0
21/02/1990,0.0
22/02/1990,0.0
23/02/1990,0.0
24/02/1990,0.0
25/02/1990,0.0
26/02/1990,0.0
27/02/1990,0.0
28/02/1990,0.0
01/03/1990,0.0
02/03/1990,0.0
03/03/1990,0.0
04/03/1990,0.0
05/03/1990,0.0
06/03/1990,0.0
07/03/1990,1.0
08/03/1990,0.5
09/03/1990,0.0
10/03/1990,4.0
11/03/1990,0.0
12/03/1990,0.0
13/03/1990,0.0
14/03/1990,0.0
15/03/1990,0.0
16/03/1990,1.0
17/03/1990,10.0
18/03/1990,0.5
19/03/1990,1.0
20/03/1990,0.0
21/03/1990,0.0
22/03/1990,0.0
23/03/1990,0.5
24/03/1990,0.0
25/03/1990,0.0
26/03/1990,0.0
27/03/1990,0.0
28/03/1990,0.0
29/03/1990,2.0
30/03/1990,2.0
31/03/1990,0.5
01/04/1990,55.5
02/04/1990,0.5
03/04/1990,0.0
04/04/1990,0.0
05/04/1990,0.0
06/04/1990,25.5
07/04/1990,16.0
08/04/1990,0.0
09/04/1990,35.2
10/04/1990,4.8
11/04/1990,1.5
12/04/1990,5.0
13/04/1990,1.5
14/04/1990,3.0
15/04/1990,0.0
16/04/1990,0.0
17/04/1990,9.2
18/04/1990,15.3
19/04/1990,0.5
20/04/1990,0.0
21/04/1990,1.0
22/04/1990,12.0
23/04/1990,1.5
24/04/1990,16.0
25/04/1990,2.0
26/04/1990,0.0
27/04/1990,0.0
28/04/1990,3.0
29/04/1990,36.0
08/05/1990,22.5
09/05/1990,36.0
10/05/1990,0.0
11/05/1990,0.0
12/05/1990,5.5
13/05/1990,7.0
14/05/1990,4.0
15/05/1990,0.0
16/05/1990,1.0
17/05/1990,41.2
18/05/1990,22.3
19/05/1990,11.0
20/05/1990,2.0
21/05/1990,0.5
22/05/1990,3.9
23/05/1990,6.1
24/05/1990,1.0
25/05/1990,0.0
26/05/1990,26.0
27/05/1990,0.0
28/05/1990,0.0
29/05/1990,0.0
30/05/1990,0.5
31/05/1990,27.0
01/06/1990,0.0
02/06/1990,0.0
03/06/1990,7.0
04/06/1990,1.5
05/06/1990,3.0
06/06/1990,2.0
07/06/1990,49.5
08/06/1990,30.0
09/06/1990,0.0
10/06/1990,10.0
11/06/1990,0.0
12/06/1990,0.0
13/06/1990,0.0
14/06/1990,0.0
15/06/1990,0.0
16/06/1990,0.0
17/06/1990,0.0
18/06/1990,12.0
19/06/1990,8.5
20/06/1990,5.5
21/06/1990,0.0
22/06/1990,4.0
23/06/1990,1.0
24/06/1990,2.9
25/06/1990,7.6
26/06/1990,41.0
27/06/1990,0.0
28/06/1990,0.0
29/06/1990,0.0
30/06/1990,0.0
01/07/1990,0.0
02/07/1990,0.0
03/07/1990,14.0
04/07/1990,11.0
05/07/1990,0.5
06/07/1990,2.0
07/07/1990,4.0
08/07/1990,0.5
09/07/1990,0.5
10/07/1990,0.5
11/07/1990,4.5
12/07/1990,21.0
13/07/1990,11.5
14/07/1990,3.5
15/07/1990,0.0
16/07/1990,0.0
17/07/1990,0.0
18/07/1990,0.0
19/07/1990,8.0
20/07/1990,18.2
21/07/1990,42.4
22/07/1990,1.3
23/07/1990,7.8
24/07/1990,30.2
25/07/1990,4.5
26/07/1990,0.0
27/07/1990,0.0
28/07/1990,0.0
29/07/1990,0.0
30/07/1990,0.0
31/07/1990,0.0
01/08/1990,0.0
02/08/1990,0.0
03/08/1990,35.0
04/08/1990,0.0
05/08/1990,40.5
06/08/1990,0.0
07/08/1990,11.0
08/08/1990,8.0
09/08/1990,3.0
10/08/1990,1.0
11/08/1990,0.0
12/08/1990,0.0
13/08/1990,12.5
14/08/1990,0.5
15/08/1990,11.5
16/08/1990,7.5
17/08/1990,0.0
18/08/1990,0.0
19/08/1990,0.0
20/08/1990,0.0
21/08/1990,0.0
22/08/1990,0.0
23/08/1990,0.0
24/08/1990,0.0
25/08/1990,0.0
26/08/1990,0.0
27/08/1990,0.0
28/08/1990,0.0
29/08/1990,0.0
30/08/1990,2.0
31/08/1990,5.5
01/09/1990,17.0
02/09/1990,0.0
03/09/1990,2.0
04/09/1990,0.5
05/09/1990,0.0
06/09/1990,2.0
07/09/1990,3.5
08/09/1990,0.0
09/09/1990,7.0
10/09/1990,3.0
11/09/1990,4.5
12/09/1990,2.0
13/09/1990,1.0
14/09/1990,17.0
15/09/1990,1.0
16/09/1990,63.3
17/09/1990,27.2
18/09/1990,19.7
19/09/1990,6.8
20/09/1990,35.0
21/09/1990,4.5
22/09/1990,2.0
23/09/1990,12.0
24/09/1990,2.0
25/09/1990,7.5
26/09/1990,17.3
27/09/1990,14.2
28/09/1990,0.5
29/09/1990,11.0
30/09/1990,18.3
01/10/1990,6.7
02/10/1990,6.0
03/10/1990,2.0
04/10/1990,1.0
05/10/1990,8.5
06/10/1990,0.0
07/10/1990,1.0
08/10/1990,14.0
09/10/1990,0.0
10/10/1990,0.0
11/10/1990,6.0
12/10/1990,8.5
13/10/1990,14.0
14/10/1990,24.5
15/10/1990,1.5
16/10/1990,3.0
17/10/1990,0.5
18/10/1990,10.0
19/10/1990,6.0
20/10/1990,3.5
21/10/1990,2.5
22/10/1990,0.0
23/10/1990,15.0
24/10/1990,3.5
25/10/1990,0.5
26/10/1990,5.0
27/10/1990,0.0
28/10/1990,1.0
29/10/1990,7.5
30/10/1990,19.5
31/10/1990,8.5
01/11/1990,34.5
02/11/1990,7.0
03/11/1990,0.5
04/11/1990,19.5
05/11/1990,5.1
06/11/1990,2.5
07/11/1990,2.5
08/11/1990,2.5
09/11/1990,2.5
10/11/1990,2.5
11/11/1990,2.5
12/11/1990,2.5
13/11/1990,2.5
14/11/1990,2.5
15/11/1990,2.5
16/11/1990,2.5
17/11/1990,2.5
18/11/1990,2.5
19/11/1990,0.8
20/11/1990,8.0
21/11/1990,0.5
22/11/1990,0.0
23/11/1990,10.5
24/11/1990,18.5
25/11/1990,0.5
26/11/1990,0.0
27/11/1990,7.5
28/11/1990,6.5
29/11/1990,18.3
30/11/1990,26.4
01/12/1990,224.1
02/12/1990,187.6
03/12/1990,30.6
04/12/1990,2.0
05/12/1990,31.2
06/12/1990,29.3
07/12/1990,1.7
08/12/1990,4.3
09/12/1990,10.0
10/12/1990,3.6
11/12/1990,18.9
12/12/1990,104.3
13/12/1990,217.2
14/12/1990,0.0
15/12/1990,20.5
16/12/1990,33.1
17/12/1990,62.4
18/12/1990,35.0
19/12/1990,12.0
20/12/1990,18.5
21/12/1990,0.5
22/12/1990,0.0
23/12/1990,3.0
24/12/1990,0.0
25/12/1990,0.0
26/12/1990,0.0
27/12/1990,0.0
28/12/1990,13.5
29/12/1990,1.5
30/12/1990,0.0
31/12/1990,5.0
01/01/1991,1.5
02/01/1991,3.0
03/01/1991,4.0
04/01/1991,6.0
05/01/1991,3.0
06/01/1991,0.0
07/01/1991,0.0
08/01/1991,0.0
09/01/1991,1.5
10/01/1991,0.5
11/01/1991,0.0
12/01/1991,0.0
13/01/1991,105.0
14/01/1991,25.5
15/01/1991,29.5
16/01/1991,16.0
17/01/1991,15.5
18/01/1991,8.0
19/01/1991,1.0
20/01/1991,0.0
21/01/1991,0.0
22/01/1991,12.0
23/01/1991,2.0
24/01/1991,20.0
25/01/1991,25.3
26/01/1991,93.0
27/01/1991,138.1
28/01/1991,82.5
29/01/1991,0.0
30/01/1991,7.9
31/01/1991,9.1
01/02/1991,0.0
02/02/1991,0.0
03/02/1991,0.0
04/02/1991,0.0
05/02/1991,0.5
06/02/1991,3.0
07/02/1991,0.0
08/02/1991,0.0
09/02/1991,0.0
10/02/1991,0.0
11/02/1991,0.0
12/02/1991,0.0
13/02/1991,0.0
14/02/1991,0.0
15/02/1991,0.0
16/02/1991,0.0
17/02/1991,0.0
18/02/1991,0.0
19/02/1991,0.0
20/02/1991,0.0
21/02/1991,0.0
22/02/1991,11.5
23/02/1991,0.5
24/02/1991,1.0
25/02/1991,0.0
26/02/1991,35.0
27/02/1991,20.4
28/02/1991,93.6
01/03/1991,9.0
02/03/1991,0.0
03/03/1991,0.0
04/03/1991,0.0
05/03/1991,0.0
06/03/1991,0.0
07/03/1991,0.0
08/03/1991,0.0
09/03/1991,0.0
10/03/1991,0.0
11/03/1991,0.0
12/03/1991,0.0
13/03/1991,0.0
14/03/1991,0.0
15/03/1991,0.0
16/03/1991,0.0
17/03/1991,0.5
18/03/1991,21.5
19/03/1991,28.5
20/03/1991,1.5
21/03/1991,53.5
22/03/1991,9.0
23/03/1991,2.5
24/03/1991,2.5
25/03/1991,0.0
26/03/1991,27.0
27/03/1991,0.0
28/03/1991,0.0
29/03/1991,0.0
30/03/1991,6.5
31/03/1991,7.5
01/04/1991,0.0
02/04/1991,3.5
03/04/1991,30.5
04/04/1991,12.5
05/04/1991,10.5
06/04/1991,0.5
07/04/1991,0.5
08/04/1991,0.0
09/04/1991,0.0
27/04/1991,0.0
28/04/1991,25.0
29/04/1991,0.0
30/04/1991,0.0
01/05/1991,1.0
02/05/1991,0.5
03/05/1991,0.0
04/05/1991,24.5
05/05/1991,0.8
06/05/1991,2.2
07/05/1991,1.0
08/05/1991,21.0
09/05/1991,4.0
10/05/1991,0.0
11/05/1991,0.0
12/05/1991,0.0
13/05/1991,1.0
14/05/1991,0.5
15/05/1991,1.5
16/05/1991,1.0
17/05/1991,0.0
18/05/1991,13.5
19/05/1991,0.5
20/05/1991,4.0
21/05/1991,0.0
22/05/1991,0.0
23/05/1991,68.5
24/05/1991,0.0
25/05/1991,0.5
26/05/1991,1.0
27/05/1991,0.0
28/05/1991,23.0
29/05/1991,7.5
30/05/1991,0.5
31/05/1991,0.0
01/06/1991,6.5
02/06/1991,2.5
03/06/1991,19.3
04/06/1991,18.2
05/06/1991,8.5
06/06/1991,1.0
07/06/1991,0.0
08/06/1991,2.0
09/06/1991,0.0
10/06/1991,0.0
11/06/1991,3.0
12/06/1991,0.5
13/06/1991,0.0
14/06/1991,0.0
15/06/1991,0.0
16/06/1991,18.0
17/06/1991,0.0
18/06/1991,0.0
19/06/1991,0.0
20/06/1991,0.0
21/06/1991,0.0
22/06/1991,0.0
23/06/1991,0.0
24/06/1991,3.0
25/06/1991,0.0
26/06/1991,0.0
27/06/1991,0.0
28/06/1991,0.0
29/06/1991,0.0
30/06/1991,0.0
01/07/1991,7.0
02/07/1991,28.5
03/07/1991,0.5
04/07/1991,2.5
05/07/1991,23.0
06/07/1991,0.0
07/07/1991,1.0
08/07/1991,0.5
09/07/1991,0.0
10/07/1991,0.0
11/07/1991,0.0
12/07/1991,0.0
13/07/1991,0.0
14/07/1991,0.0
15/07/1991,0.0
16/07/1991,0.0
17/07/1991,0.5
18/07/1991,0.5
19/07/1991,0.0
20/07/1991,10.5
21/07/1991,6.0
22/07/1991,0.0
23/07/1991,0.5
24/07/1991,0.0
25/07/1991,0.0
26/07/1991,0.0
27/07/1991,0.0
28/07/1991,0.0
29/07/1991,0.0
30/07/1991,0.0
31/07/1991,0.0
01/08/1991,4.0
02/08/1991,39.0
03/08/1991,0.5
04/08/1991,0.0
05/08/1991,1.0
06/08/1991,14.5
07/08/1991,0.5
08/08/1991,20.5
09/08/1991,0.0
10/08/1991,0.0
08/09/1991,0.0
09/09/1991,31.5
10/09/1991,0.0
11/09/1991,0.0
12/09/1991,0.0
13/09/1991,0.0
14/09/1991,17.0
15/09/1991,4.0
16/09/1991,0.0
17/09/1991,14.5
18/09/1991,0.0
19/09/1991,5.0
20/09/1991,2.5
21/09/1991,10.0
22/09/1991,66.0
23/09/1991,7.5
24/09/1991,34.0
25/09/1991,14.0
26/09/1991,3.5
27/09/1991,54.8
28/09/1991,16.7
29/09/1991,0.0
30/09/1991,0.0
01/10/1991,0.5
02/10/1991,11.5
03/10/1991,0.5
04/10/1991,0.5
05/10/1991,13.5
06/10/1991,0.0
07/10/1991,0.0
08/10/1991,0.0
09/10/1991,7.0
10/10/1991,0.0
11/10/1991,0.0
12/10/1991,0.0
13/10/1991,20.5
14/10/1991,36.5
15/10/1991,0.0
16/10/1991,0.0
17/10/1991,0.0
18/10/1991,0.0
19/10/1991,22.0
20/10/1991,33.5
21/10/1991,0.5
22/10/1991,5.5
23/10/1991,25.0
24/10/1991,0.0
25/10/1991,4.5
26/10/1991,16.0
27/10/1991,29.5
28/10/1991,8.5
29/10/1991,1.0
30/10/1991,1.0
31/10/1991,1.0
01/11/1991,0.5
02/11/1991,1.5
03/11/1991,0.0
04/11/1991,32.0
05/11/1991,14.0
22/11/1991,41.0
23/11/1991,110.5
24/11/1991,40.5
25/11/1991,43.0
26/11/1991,19.5
27/11/1991,1.5
28/11/1991,15.5
29/11/1991,7.5
30/11/1991,2.0
01/12/1991,0.0
02/12/1991,0.0
03/12/1991,0.0
04/12/1991,3.0
05/12/1991,0.5
06/12/1991,63.0
07/12/1991,82.5
08/12/1991,2.5
09/12/1991,72.8
10/12/1991,149.6
11/12/1991,49.6
12/12/1991,67.5
13/12/1991,23.0
14/12/1991,53.5
15/12/1991,12.0
16/12/1991,46.0
17/12/1991,52.0
18/12/1991,16.0
19/12/1991,36.3
20/12/1991,22.2
21/12/1991,5.0
22/12/1991,14.5
23/12/1991,35.5
24/12/1991,3.5
25/12/1991,28.0
26/12/1991,1.0
27/12/1991,0.0
28/12/1991,6.5
29/12/1991,2.0
30/12/1991,89.0
31/12/1991,33.0
01/01/1992,19.0
02/01/1992,28.0
03/01/1992,48.5
04/01/1992,38.5
05/01/1992,0.0
06/01/1992,0.0
07/01/1992,0.0
08/01/1992,0.0
09/01/1992,0.0
10/01/1992,4.7
11/01/1992,1.3
12/01/1992,0.0
13/01/1992,0.0
14/01/1992,11.9
15/01/1992,28.1
16/01/1992,14.5
17/01/1992,3.0
18/01/1992,0.0
19/01/1992,0.0
20/01/1992,0.5
21/01/1992,0.0
22/01/1992,17.9
23/01/1992,1.1
24/01/1992,0.0
25/01/1992,0.0
26/01/1992,1.0
27/01/1992,2.5
28/01/1992,4.5
29/01/1992,0.0
30/01/1992,0.0
31/01/1992,0.5
01/02/1992,0.0
02/02/1992,0.0
03/02/1992,0.0
04/02/1992,1.5
05/02/1992,0.0
06/02/1992,2.0
07/02/1992,0.0
08/02/1992,0.0
09/02/1992,0.0
10/02/1992,0.0
11/02/1992,0.0
12/02/1992,2.0
13/02/1992,6.0
14/02/1992,0.5
15/02/1992,0.5
16/02/1992,45.0
17/02/1992,15.0
18/02/1992,0.0
19/02/1992,42.5
20/02/1992,0.5
21/02/1992,0.0
22/02/1992,2.0
23/02/1992,4.0
24/02/1992,7.5
25/02/1992,22.5
26/02/1992,0.0
27/02/1992,2.5
28/02/1992,0.0
29/02/1992,13.0
01/03/1992,0.0
02/03/1992,0.5
03/03/1992,0.0
04/03/1992,11.5
05/03/1992,16.0
06/03/1992,56.5
07/03/1992,10.5
08/03/1992,0.5
09/03/1992,0.0
10/03/1992,0.0
11/03/1992,0.0
12/03/1992,2.5
13/03/1992,0.0
14/03/1992,0.0
15/03/1992,0.0
16/03/1992,0.0
17/03/1992,0.0
18/03/1992,0.0
19/03/1992,0.0
20/03/1992,0.0
21/03/1992,0.0
22/03/1992,0.0
23/03/1992,0.0
24/03/1992,0.0
25/03/1992,0.0
26/03/1992,0.0
27/03/1992,0.0
28/03/1992,0.0
29/03/1992,0.0
30/03/1992,0.0
31/03/1992,0.0
01/04/1992,0.0
02/04/1992,29.5
03/04/1992,4.0
04/04/1992,0.0
05/04/1992,0.5
06/04/1992,20.0
07/04/1992,45.5
08/04/1992,11.0
09/04/1992,0.0
10/04/1992,30.0
11/04/1992,1.5
12/04/1992,0.0
13/04/1992,0.0
14/04/1992,0.0
15/04/1992,0.0
16/04/1992,0.0
17/04/1992,0.0
18/04/1992,2.5
19/04/1992,1.0
20/04/1992,0.0
21/04/1992,0.0
22/04/1992,1.5
23/04/1992,0.0
24/04/1992,0.0
25/04/1992,0.0
26/04/1992,14.0
27/04/1992,0.0
28/04/1992,0.0
29/04/1992,12.0
30/04/1992,14.5
01/05/1992,0.0
02/05/1992,3.5
03/05/1992,0.0
04/05/1992,0.0
05/05/1992,2.0
06/05/1992,0.0
07/05/1992,0.5
08/05/1992,0.5
09/05/1992,0.5
10/05/1992,28.5
11/05/1992,2.0
12/05/1992,2.5
13/05/1992,0.5
14/05/1992,0.0
15/05/1992,3.5
16/05/1992,0.0
17/05/1992,11.9
18/05/1992,0.6
19/05/1992,0.5
20/05/1992,19.0
21/05/1992,0.0
22/05/1992,27.5
23/05/1992,0.5
24/05/1992,0.0
25/05/1992,54.5
26/05/1992,48.0
27/05/1992,0.0
28/05/1992,0.0
29/05/1992,0.0
30/05/1992,0.0
31/05/1992,3.5
01/06/1992,1.0
02/06/1992,2.0
03/06/1992,0.0
04/06/1992,59.5
05/06/1992,0.0
06/06/1992,26.0
07/06/1992,0.0
08/06/1992,9.0
09/06/1992,0.0
10/06/1992,0.0
11/06/1992,21.0
12/06/1992,0.0
13/06/1992,62.6
14/06/1992,4.9
15/06/1992,19.5
16/06/1992,0.5
17/06/1992,4.7
18/06/1992,11.3
19/06/1992,0.5
20/06/1992,2.5
21/06/1992,0.0
22/06/1992,0.0
23/06/1992,0.0
24/06/1992,0.0
25/06/1992,0.0
26/06/1992,0.0
27/06/1992,0.0
28/06/1992,0.0
29/06/1992,0.0
30/06/1992,0.0
01/07/1992,31.0
02/07/1992,0.0
03/07/1992,2.5
04/07/1992,0.0
05/07/1992,0.0
06/07/1992,0.0
07/07/1992,0.5
08/07/1992,0.0
09/07/1992,0.0
10/07/1992,3.0
11/07/1992,42.5
12/07/1992,54.8
13/07/1992,12.7
14/07/1992,0.5
15/07/1992,3.5
16/07/1992,0.5
17/07/1992,3.5
18/07/1992,25.5
19/07/1992,8.5
20/07/1992,0.0
21/07/1992,16.5
22/07/1992,0.0
23/07/1992,0.0
24/07/1992,0.0
25/07/1992,2.5
26/07/1992,9.5
27/07/1992,27.5
28/07/1992,4.5
29/07/1992,0.0
30/07/1992,0.0
31/07/1992,1.5
01/08/1992,0.0
02/08/1992,0.0
03/08/1992,8.5
04/08/1992,1.5
05/08/1992,0.0
06/08/1992,1.5
07/08/1992,2.5
08/08/1992,0.0
09/08/1992,14.9
10/08/1992,5.1
11/08/1992,3.5
12/08/1992,0.5
13/08/1992,2.5
14/08/1992,0.0
15/08/1992,9.5
16/08/1992,25.5
17/08/1992,2.5
18/08/1992,0.0
19/08/1992,0.0
20/08/1992,0.0
21/08/1992,0.0
22/08/1992,0.0
23/08/1992,0.0
24/08/1992,4.5
25/08/1992,7.5
26/08/1992,1.0
27/08/1992,0.0
28/08/1992,12.0
29/08/1992,0.5
30/08/1992,0.0
31/08/1992,0.0
01/09/1992,1.5
02/09/1992,0.0
03/09/1992,4.5
04/09/1992,10.0
05/09/1992,0.0
06/09/1992,1.0
07/09/1992,0.0
08/09/1992,0.0
09/09/1992,0.5
10/09/1992,11.5
11/09/1992,0.0
12/09/1992,0.0
13/09/1992,21.0
14/09/1992,1.0
15/09/1992,11.0
16/09/1992,0.0
17/09/1992,0.5
18/09/1992,20.0
19/09/1992,0.5
20/09/1992,4.5
21/09/1992,1.0
22/09/1992,25.0
23/09/1992,13.0
24/09/1992,1.0
25/09/1992,0.5
26/09/1992,0.0
27/09/1992,0.0
28/09/1992,0.5
29/09/1992,0.0
30/09/1992,0.0
01/10/1992,22.5
02/10/1992,42.5
03/10/1992,3.0
04/10/1992,2.5
05/10/1992,0.5
06/10/1992,48.0
07/10/1992,93.0
08/10/1992,11.0
09/10/1992,0.0
10/10/1992,12.4
11/10/1992,5.1
12/10/1992,0.0
13/10/1992,18.5
14/10/1992,9.4
15/10/1992,9.1
16/10/1992,6.0
17/10/1992,0.0
18/10/1992,16.0
19/10/1992,0.5
20/10/1992,0.0
21/10/1992,0.0
22/10/1992,0.0
23/10/1992,3.5
24/10/1992,2.5
25/10/1992,23.5
26/10/1992,0.0
27/10/1992,1.0
28/10/1992,1.5
29/10/1992,2.5
30/10/1992,3.0
31/10/1992,5.5
01/11/1992,1.0
02/11/1992,0.5
03/11/1992,9.1
04/11/1992,4.4
05/11/1992,1.0
06/11/1992,0.0
07/11/1992,19.0
08/11/1992,24.5
09/11/1992,26.5
10/11/1992,17.0
11/11/1992,66.5
12/11/1992,35.0
13/11/1992,3.0
14/11/1992,5.0
15/11/1992,19.5
16/11/1992,74.5
17/11/1992,26.2
18/11/1992,126.8
19/11/1992,2.0
20/11/1992,7.5
21/11/1992,100.0
22/11/1992,49.0
23/11/1992,7.0
24/11/1992,0.0
25/11/1992,23.0
26/11/1992,1.0
27/11/1992,3.5
28/11/1992,12.0
29/11/1992,16.5
30/11/1992,0.5
01/12/1992,1.5
02/12/1992,3.5
03/12/1992,3.5
04/12/1992,14.6
05/12/1992,59.4
06/12/1992,73.1
07/12/1992,106.4
08/12/1992,34.8
09/12/1992,78.7
10/12/1992,33.5
11/12/1992,2.5
12/12/1992,18.5
13/12/1992,1.5
14/12/1992,0.0
15/12/1992,0.0
16/12/1992,0.5
17/12/1992,14.1
18/12/1992,2.4
19/12/1992,18.3
20/12/1992,24.7
21/12/1992,12.5
22/12/1992,13.0
23/12/1992,55.2
24/12/1992,174.3
25/12/1992,4.5
26/12/1992,18.5
27/12/1992,36.0
28/12/1992,2.0
29/12/1992,0.0
30/12/1992,29.0
31/12/1992,19.3
01/01/1993,11.7
02/01/1993,0.0
09/01/1993,3.0
10/01/1993,1.0
11/01/1993,12.0
12/01/1993,20.5
13/01/1993,4.0
14/01/1993,15.0
15/01/1993,0.5
16/01/1993,1.0
17/01/1993,11.5
18/01/1993,25.0
19/01/1993,1.0
20/01/1993,16.0
21/01/1993,11.0
22/01/1993,6.0
23/01/1993,0.0
24/01/1993,0.0
25/01/1993,0.0
26/01/1993,0.0
27/01/1993,7.0
28/01/1993,12.0
29/01/1993,22.5
30/01/1993,0.5
31/01/1993,0.0
01/02/1993,0.0
02/02/1993,20.5
03/02/1993,6.0
04/02/1993,0.5
05/02/1993,0.0
06/02/1993,0.0
07/02/1993,0.0
08/02/1993,0.0
09/02/1993,0.0
10/02/1993,40.0
11/02/1993,1.0
12/02/1993,1.5
13/02/1993,0.5
14/02/1993,0.0
15/02/1993,0.0
16/02/1993,19.5
17/02/1993,0.0
18/02/1993,0.5
19/02/1993,0.0
20/02/1993,0.0
21/02/1993,0.0
22/02/1993,0.0
23/02/1993,0.0
24/02/1993,0.0
25/02/1993,0.5
26/02/1993,5.5
27/02/1993,15.5
28/02/1993,0.0
01/03/1993,21.9
02/03/1993,32.6
03/03/1993,0.0
04/03/1993,0.0
05/03/1993,0.0
06/03/1993,0.0
07/03/1993,4.0
08/03/1993,15.0
09/03/1993,33.5
10/03/1993,47.5
11/03/1993,77.0
12/03/1993,82.5
13/03/1993,49.5
14/03/1993,63.5
15/03/1993,13.5
16/03/1993,7.5
17/03/1993,5.0
18/03/1993,2.0
19/03/1993,0.0
20/03/1993,1.0
21/03/1993,1.0
22/03/1993,0.0
23/03/1993,0.5
24/03/1993,0.5
25/03/1993,0.0
26/03/1993,0.0
27/03/1993,0.0
28/03/1993,0.0
29/03/1993,0.0
30/03/1993,0.0
31/03/1993,0.0
01/04/1993,0.5
02/04/1993,1.0
03/04/1993,1.0
04/04/1993,50.5
05/04/1993,2.5
06/04/1993,1.5
07/04/1993,0.0
08/04/1993,0.0
09/04/1993,4.5
10/04/1993,1.5
11/04/1993,50.0
12/04/1993,10.0
13/04/1993,2.0
14/04/1993,4.0
15/04/1993,0.0
16/04/1993,0.0
17/04/1993,0.0
18/04/1993,4.5
19/04/1993,2.0
20/04/1993,0.0
21/04/1993,3.0
22/04/1993,4.5
23/04/1993,29.5
24/04/1993,13.1
25/04/1993,0.4
26/04/1993,0.0
27/04/1993,0.0
28/04/1993,1.5
29/04/1993,0.0
30/04/1993,0.0
01/05/1993,0.0
02/05/1993,13.5
03/05/1993,0.0
04/05/1993,0.5
05/05/1993,0.0
06/05/1993,0.0
07/05/1993,0.0
08/05/1993,0.0
09/05/1993,0.5
10/05/1993,30.0
11/05/1993,0.5
12/05/1993,0.0
13/05/1993,0.0
14/05/1993,11.0
15/05/1993,13.5
16/05/1993,8.0
17/05/1993,46.1
18/05/1993,14.9
19/05/1993,0.3
22/05/1993,0.5
23/05/1993,1.5
24/05/1993,11.5
25/05/1993,0.0
26/05/1993,8.0
27/05/1993,10.0
28/05/1993,0.0
29/05/1993,0.0
30/05/1993,0.0
31/05/1993,0.0
01/06/1993,1.0
02/06/1993,12.0
03/06/1993,19.0
04/06/1993,9.9
05/06/1993,3.1
06/06/1993,3.5
07/06/1993,0.0
08/06/1993,0.5
09/06/1993,0.0
10/06/1993,0.0
11/06/1993,0.0
12/06/1993,0.0
13/06/1993,2.5
14/06/1993,1.5
15/06/1993,2.0
16/06/1993,0.5
17/06/1993,23.0
18/06/1993,17.5
19/06/1993,30.5
20/06/1993,0.5
21/06/1993,17.0
22/06/1993,0.0
23/06/1993,4.5
24/06/1993,0.0
25/06/1993,0.0
26/06/1993,0.0
27/06/1993,0.0
28/06/1993,0.0
29/06/1993,46.5
30/06/1993,0.0
01/07/1993,2.0
02/07/1993,2.0
03/07/1993,0.5
04/07/1993,0.0
05/07/1993,2.0
06/07/1993,0.5
07/07/1993,14.0
08/07/1993,8.5
09/07/1993,0.0
10/07/1993,0.0
11/07/1993,0.0
12/07/1993,0.0
13/07/1993,0.0
14/07/1993,9.0
15/07/1993,12.5
16/07/1993,69.5
17/07/1993,28.0
18/07/1993,6.5
19/07/1993,0.5
20/07/1993,1.0
21/07/1993,0.5
22/07/1993,2.5
23/07/1993,0.0
24/07/1993,6.0
25/07/1993,19.0
14/08/1993,1.5
15/08/1993,20.5
16/08/1993,2.5
17/08/1993,0.5
18/08/1993,10.5
19/08/1993,1.0
20/08/1993,44.5
21/08/1993,1.5
22/08/1993,0.5
23/08/1993,0.0
24/08/1993,5.0
25/08/1993,20.7
26/08/1993,17.3
27/08/1993,5.5
28/08/1993,0.5
29/08/1993,0.5
30/08/1993,11.0
31/08/1993,0.0
01/09/1993,1.5
02/09/1993,0.5
03/09/1993,2.5
04/09/1993,1.5
05/09/1993,7.5
06/09/1993,6.0
07/09/1993,12.0
08/09/1993,1.0
09/09/1993,15.0
10/09/1993,0.0
11/09/1993,11.0
12/09/1993,0.0
13/09/1993,1.0
14/09/1993,0.0
15/09/1993,3.0
16/09/1993,2.0
17/09/1993,10.0
18/09/1993,10.0
19/09/1993,2.0
20/09/1993,10.0
21/09/1993,25.0
22/09/1993,1.0
23/09/1993,4.0
24/09/1993,8.0
25/09/1993,0.0
26/09/1993,28.0
27/09/1993,2.0
28/09/1993,0.0
29/09/1993,4.5
30/09/1993,61.5
01/10/1993,1.5
02/10/1993,13.0
03/10/1993,2.0
04/10/1993,33.5
05/10/1993,0.5
06/10/1993,17.5
07/10/1993,0.0
08/10/1993,1.5
09/10/1993,28.5
10/10/1993,11.5
11/10/1993,28.5
12/10/1993,2.0
13/10/1993,17.7
14/10/1993,6.3
15/10/1993,0.0
16/10/1993,2.5
17/10/1993,0.5
18/10/1993,11.5
19/10/1993,11.2
20/10/1993,0.3
21/10/1993,1.0
22/10/1993,0.0
23/10/1993,1.5
24/10/1993,0.5
25/10/1993,0.5
26/10/1993,1.5
27/10/1993,27.0
28/10/1993,29.0
29/10/1993,21.0
30/10/1993,35.5
31/10/1993,92.0
01/11/1993,1.0
02/11/1993,103.5
03/11/1993,108.5
04/11/1993,81.5
05/11/1993,2.0
06/11/1993,15.0
07/11/1993,43.0
08/11/1993,36.0
09/11/1993,2.0
10/11/1993,5.5
11/11/1993,0.5
12/11/1993,35.0
13/11/1993,0.5
14/11/1993,32.5
15/11/1993,4.5
16/11/1993,0.5
17/11/1993,0.0
18/11/1993,5.0
19/11/1993,5.0
20/11/1993,5.0
21/11/1993,0.5
22/11/1993,3.0
23/11/1993,0.0
24/11/1993,19.6
25/11/1993,24.9
26/11/1993,5.0
27/11/1993,27.0
28/11/1993,0.5
29/11/1993,42.3
30/11/1993,101.7
01/12/1993,0.5
02/12/1993,20.0
03/12/1993,13.0
04/12/1993,0.0
05/12/1993,8.0
06/12/1993,1.0
07/12/1993,39.5
08/12/1993,1.0
09/12/1993,1.0
10/12/1993,17.0
11/12/1993,9.5
12/12/1993,1.0
13/12/1993,0.0
14/12/1993,0.0
15/12/1993,0.0
16/12/1993,14.5
17/12/1993,241.2
18/12/1993,95.8
19/12/1993,0.5
20/12/1993,2.5
21/12/1993,184.0
22/12/1993,204.0
23/12/1993,35.0
24/12/1993,37.0
25/12/1993,20.0
26/12/1993,1.0
27/12/1993,0.0
28/12/1993,0.5
29/12/1993,0.0
30/12/1993,0.5
31/12/1993,0.0
15/01/1994,0.0
16/01/1994,0.0
17/01/1994,0.0
18/01/1994,0.0
19/01/1994,0.0
20/01/1994,0.0
21/01/1994,0.0
22/01/1994,0.5
23/01/1994,3.0
24/01/1994,0.5
25/01/1994,0.5
26/01/1994,0.0
27/01/1994,3.7
28/01/1994,11.3
29/01/1994,1.5
30/01/1994,24.2
31/01/1994,42.3
01/02/1994,2.5
02/02/1994,2.9
03/02/1994,50.6
04/02/1994,6.0
05/02/1994,17.0
06/02/1994,21.0
07/02/1994,7.5
08/02/1994,2.0
09/02/1994,7.5
10/02/1994,0.0
11/02/1994,0.0
12/02/1994,0.0
13/02/1994,0.0
14/02/1994,5.5
15/02/1994,0.0
16/02/1994,0.0
17/02/1994,0.0
18/02/1994,0.0
19/02/1994,0.0
20/02/1994,0.0
21/02/1994,0.0
22/02/1994,0.0
23/02/1994,0.0
24/02/1994,0.0
25/02/1994,0.0
26/02/1994,0.0
27/02/1994,0.0
28/02/1994,14.0
01/03/1994,13.0
02/03/1994,5.5
03/03/1994,15.0
04/03/1994,7.5
05/03/1994,9.5
06/03/1994,14.5
07/03/1994,2.0
08/03/1994,0.5
09/03/1994,6.0
10/03/1994,15.0
11/03/1994,0.0
12/03/1994,0.5
13/03/1994,9.5
14/03/1994,5.5
15/03/1994,22.0
16/03/1994,49.5
17/03/1994,19.5
18/03/1994,19.0
19/03/1994,8.5
20/03/1994,9.0
21/03/1994,2.0
22/03/1994,14.0
23/03/1994,0.0
24/03/1994,18.5
25/03/1994,10.2
26/03/1994,32.3
27/03/1994,13.0
28/03/1994,30.4
29/03/1994,43.1
30/03/1994,17.0
31/03/1994,2.5
01/04/1994,0.0
02/04/1994,0.0
03/04/1994,0.0
04/04/1994,0.0
05/04/1994,0.0
06/04/1994,5.0
07/04/1994,0.0
08/04/1994,14.5
09/04/1994,8.5
10/04/1994,20.0
11/04/1994,1.5
12/04/1994,0.0
13/04/1994,0.0
14/04/1994,1.0
15/04/1994,0.0
16/04/1994,1.5
17/04/1994,12.5
18/04/1994,0.0
19/04/1994,0.5
20/04/1994,11.0
21/04/1994,43.5
22/04/1994,13.0
23/04/1994,19.0
24/04/1994,0.0
25/04/1994,27.5
26/04/1994,22.5
27/04/1994,0.0
28/04/1994,9.0
29/04/1994,1.0
30/04/1994,22.0
01/05/1994,0.0
02/05/1994,23.5
03/05/1994,15.5
04/05/1994,0.5
05/05/1994,49.5
06/05/1994,30.5
07/05/1994,7.5
08/05/1994,1.5
09/05/1994,24.0
10/05/1994,3.0
11/05/1994,34.5
12/05/1994,9.0
13/05/1994,24.5
14/05/1994,1.0
15/05/1994,4.0
16/05/1994,17.0
17/05/1994,2.0
18/05/1994,27.0
19/05/1994,31.5
20/05/1994,0.0
21/05/1994,72.5
22/05/1994,34.0
23/05/1994,22.0
24/05/1994,11.0
25/05/1994,2.0
26/05/1994,59.0
27/05/1994,2.0
28/05/1994,1.0
29/05/1994,0.0
30/05/1994,36.0
31/05/1994,1.5
01/06/1994,9.5
02/06/1994,16.5
03/06/1994,65.0
04/06/1994,0.0
05/06/1994,1.0
06/06/1994,38.0
07/06/1994,0.5
08/06/1994,0.5
09/06/1994,8.5
10/06/1994,0.5
11/06/1994,7.0
12/06/1994,2.0
13/06/1994,6.5
14/06/1994,0.5
15/06/1994,4.0
16/06/1994,0.0
17/06/1994,0.0
18/06/1994,0.0
19/06/1994,5.5
20/06/1994,0.0
21/06/1994,14.1
22/06/1994,5.4
23/06/1994,5.0
24/06/1994,0.0
25/06/1994,1.5
26/06/1994,17.5
27/06/1994,3.5
28/06/1994,44.0
29/06/1994,2.0
30/06/1994,2.0
01/07/1994,18.5
02/07/1994,0.0
03/07/1994,3.0
04/07/1994,7.0
05/07/1994,10.0
06/07/1994,0.5
07/07/1994,0.0
08/07/1994,0.0
09/07/1994,44.5
10/07/1994,0.5
11/07/1994,0.0
12/07/1994,0.0
13/07/1994,0.0
14/07/1994,0.5
15/07/1994,0.0
16/07/1994,0.0
17/07/1994,0.5
18/07/1994,0.5
19/07/1994,0.0
20/07/1994,0.0
21/07/1994,3.0
22/07/1994,9.0
23/07/1994,0.5
24/07/1994,0.0
25/07/1994,0.0
26/07/1994,0.0
27/07/1994,0.0
28/07/1994,0.0
29/07/1994,0.0
30/07/1994,0.0
31/07/1994,0.0
01/08/1994,0.0
02/08/1994,7.0
03/08/1994,3.7
04/08/1994,14.3
05/08/1994,0.0
06/08/1994,0.0
07/08/1994,0.5
08/08/1994,0.0
09/08/1994,1.0
10/08/1994,0.0
11/08/1994,0.0
12/08/1994,5.5
13/08/1994,7.5
14/08/1994,0.5
15/08/1994,5.0
16/08/1994,1.5
17/08/1994,60.5
18/08/1994,1.0
19/08/1994,0.0
20/08/1994,3.1
21/08/1994,21.4
22/08/1994,6.5
23/08/1994,4.0
24/08/1994,22.0
25/08/1994,0.0
26/08/1994,0.0
27/08/1994,0.0
28/08/1994,0.0
29/08/1994,0.0
30/08/1994,0.0
31/08/1994,0.0
01/09/1994,0.0
02/09/1994,0.0
03/10/1994,31.5
04/10/1994,1.0
05/10/1994,4.0
06/10/1994,0.0
07/10/1994,0.5
08/10/1994,0.0
09/10/1994,1.0
10/10/1994,0.0
11/10/1994,31.0
12/10/1994,13.0
13/10/1994,37.5
14/10/1994,1.5
15/10/1994,0.0
16/10/1994,2.0
17/10/1994,2.5
18/10/1994,2.0
19/10/1994,5.0
20/10/1994,6.0
21/10/1994,0.0
22/10/1994,27.5
23/10/1994,7.5
24/10/1994,2.5
25/10/1994,0.0
26/10/1994,0.0
27/10/1994,31.0
28/10/1994,30.0
29/10/1994,0.0
30/10/1994,10.0
31/10/1994,2.5
01/11/1994,9.0
02/11/1994,13.0
03/11/1994,27.0
04/11/1994,0.0
05/11/1994,10.0
06/11/1994,18.5
07/11/1994,29.5
08/11/1994,91.7
09/11/1994,56.3
10/11/1994,87.2
11/11/1994,101.8
12/11/1994,10.5
13/11/1994,83.0
14/11/1994,62.5
15/11/1994,15.5
16/11/1994,80.5
17/11/1994,96.0
18/11/1994,105.2
19/11/1994,42.3
20/11/1994,20.0
21/11/1994,62.0
22/11/1994,41.5
23/11/1994,59.5
24/11/1994,2.5
25/11/1994,40.5
26/11/1994,27.0
27/11/1994,204.5
28/11/1994,7.5
29/11/1994,12.5
30/11/1994,23.0
01/12/1994,2.0
02/12/1994,0.5
03/12/1994,2.0
04/12/1994,1.0
05/12/1994,0.5
06/12/1994,21.5
07/12/1994,1.0
08/12/1994,0.0
09/12/1994,0.0
10/12/1994,0.0
11/12/1994,0.0
12/12/1994,0.0
13/12/1994,0.0
14/12/1994,0.0
15/12/1994,3.5
16/12/1994,53.5
17/12/1994,29.5
18/12/1994,30.0
19/12/1994,92.5
20/12/1994,12.5
21/12/1994,2.2
22/12/1994,32.8
23/12/1994,3.5
24/12/1994,0.0
25/12/1994,0.0
26/12/1994,0.0
27/12/1994,7.5
28/12/1994,10.5
29/12/1994,5.0
30/12/1994,0.5
31/12/1994,1.0
01/01/1995,19.0
02/01/1995,6.0
03/01/1995,1.5
04/01/1995,6.0
05/01/1995,39.5
06/01/1995,17.0
07/01/1995,1.5
08/01/1995,5.0
09/01/1995,25.2
10/01/1995,30.3
11/01/1995,1.0
12/01/1995,0.0
13/01/1995,0.0
14/01/1995,0.5
15/01/1995,1.0
16/01/1995,7.0
17/01/1995,22.0
18/01/1995,16.2
19/01/1995,43.2
20/01/1995,27.6
21/01/1995,0.5
22/01/1995,0.0
23/01/1995,0.0
24/01/1995,0.0
25/01/1995,12.7
26/01/1995,77.3
27/01/1995,3.0
28/01/1995,0.0
29/01/1995,5.5
30/01/1995,10.5
31/01/1995,12.0
01/02/1995,15.0
02/02/1995,12.3
03/02/1995,21.7
04/02/1995,10.5
05/02/1995,8.5
06/02/1995,6.0
07/02/1995,1.0
08/02/1995,0.0
09/02/1995,0.0
10/02/1995,0.0
11/02/1995,5.5
12/02/1995,1.5
13/02/1995,0.0
14/02/1995,0.0
15/02/1995,0.0
16/02/1995,0.0
17/02/1995,0.0
18/02/1995,0.0
19/02/1995,0.0
20/02/1995,0.0
21/02/1995,0.0
22/02/1995,0.0
23/02/1995,0.0
24/02/1995,21.5
25/02/1995,10.0
26/02/1995,16.4
27/02/1995,35.6
28/02/1995,3.5
01/03/1995,0.0
02/03/1995,0.0
03/03/1995,0.0
04/03/1995,0.0
05/03/1995,0.0
06/03/1995,0.0
07/03/1995,0.0
08/03/1995,0.0
09/03/1995,0.0
10/03/1995,0.0
11/03/1995,0.0
12/03/1995,0.0
13/03/1995,0.0
14/03/1995,0.0
15/03/1995,0.0
16/03/1995,0.0
17/03/1995,0.0
18/03/1995,0.0
19/03/1995,0.5
20/03/1995,0.5
21/03/1995,0.0
22/03/1995,46.5
23/03/1995,0.0
24/03/1995,0.5
25/03/1995,1.0
26/03/1995,0.0
27/03/1995,0.0
28/03/1995,0.5
17/04/1995,31.5
18/04/1995,0.5
19/04/1995,0.5
20/04/1995,3.5
21/05/1995,0.0
22/05/1995,0.0
23/05/1995,0.0
24/05/1995,0.0
25/05/1995,0.0
26/05/1995,0.0
27/05/1995,0.0
28/05/1995,24.0
29/05/1995,5.0
30/05/1995,1.0
31/05/1995,0.0
01/06/1995,0.5
02/06/1995,13.0
03/06/1995,0.0
04/06/1995,13.0
05/06/1995,2.5
06/06/1995,1.5
07/06/1995,2.5
08/06/1995,17.6
09/06/1995,17.9
10/06/1995,18.5
11/06/1995,7.5
12/06/1995,0.0
13/06/1995,0.5
14/06/1995,0.5
15/06/1995,2.5
16/06/1995,0.5
17/06/1995,112.0
18/06/1995,31.0
19/06/1995,0.5
20/06/1995,0.0
21/06/1995,0.0
22/06/1995,0.0
23/06/1995,0.0
24/06/1995,3.0
25/06/1995,18.5
26/06/1995,0.0
27/06/1995,11.0
28/06/1995,2.5
29/06/1995,0.0
30/06/1995,0.0
01/07/1995,7.0
02/07/1995,1.7
03/07/1995,0.3
04/07/1995,0.5
05/07/1995,0.0
06/07/1995,0.0
07/07/1995,0.0
08/07/1995,23.0
09/07/1995,4.0
10/07/1995,0.0
11/07/1995,6.0
12/07/1995,9.0
13/07/1995,0.5
14/07/1995,0.0
15/07/1995,0.0
16/07/1995,0.0
17/07/1995,7.0
18/07/1995,9.0
19/07/1995,10.0
20/07/1995,23.0
21/07/1995,0.5
22/07/1995,14.5
23/07/1995,3.0
24/07/1995,0.5
25/07/1995,0.0
26/07/1995,0.0
27/07/1995,0.0
28/07/1995,1.5
29/07/1995,6.5
30/07/1995,19.0
31/07/1995,0.0
01/08/1995,0.0
02/08/1995,36.0
03/08/1995,0.0
04/08/1995,0.0
05/08/1995,4.0
06/08/1995,0.0
07/08/1995,2.0
08/08/1995,15.5
09/08/1995,0.0
10/08/1995,5.0
11/08/1995,8.5
12/08/1995,0.0
13/08/1995,3.5
14/08/1995,0.5
15/08/1995,23.5
16/08/1995,0.0
17/08/1995,0.0
18/08/1995,1.0
19/08/1995,1.5
20/08/1995,0.0
21/08/1995,0.0
22/08/1995,0.0
23/08/1995,0.0
24/08/1995,0.0
25/08/1995,0.0
26/08/1995,8.9
27/08/1995,0.1
28/08/1995,0.0
29/08/1995,10.5
30/08/1995,0.0
31/08/1995,0.0
01/09/1995,1.5
02/09/1995,0.5
03/09/1995,30.5
04/09/1995,5.0
05/09/1995,13.8
06/09/1995,2.7
07/09/1995,0.0
08/09/1995,0.0
09/09/1995,3.0
10/09/1995,0.5
11/09/1995,0.0
12/09/1995,0.0
13/09/1995,0.0
14/09/1995,0.0
15/09/1995,0.0
16/09/1995,0.0
17/09/1995,66.5
18/09/1995,1.5
19/09/1995,0.0
20/09/1995,0.0
21/09/1995,0.0
22/09/1995,0.0
23/09/1995,6.5
24/09/1995,11.5
25/09/1995,7.5
26/09/1995,5.0
27/09/1995,1.0
28/09/1995,2.5
29/09/1995,0.0
30/09/1995,0.0
01/10/1995,0.0
02/10/1995,15.0
03/10/1995,27.0
04/10/1995,0.0
05/10/1995,4.5
06/10/1995,0.0
07/10/1995,0.0
08/10/1995,21.5
09/10/1995,50.0
10/10/1995,28.8
11/10/1995,22.7
12/10/1995,1.0
13/10/1995,0.0
14/10/1995,1.5
15/10/1995,11.5
16/10/1995,0.0
17/10/1995,9.5
18/10/1995,9.5
19/10/1995,1.0
20/10/1995,5.5
21/10/1995,47.0
22/10/1995,0.0
23/10/1995,0.0
24/10/1995,0.0
25/10/1995,0.0
26/10/1995,1.0
27/10/1995,20.0
28/10/1995,0.0
29/10/1995,0.0
30/10/1995,6.0
31/10/1995,9.4
01/11/1995,11.6
02/11/1995,29.5
03/11/1995,17.5
04/11/1995,0.5
05/11/1995,4.0
06/11/1995,1.0
07/11/1995,5.0
08/11/1995,40.0
09/11/1995,8.5
10/11/1995,1.0
11/11/1995,2.5
12/11/1995,1.0
13/11/1995,25.5
14/11/1995,2.0
15/11/1995,13.0
16/11/1995,60.5
17/11/1995,70.0
18/11/1995,5.5
19/11/1995,12.0
20/11/1995,36.0
21/11/1995,7.0
22/11/1995,8.0
23/11/1995,16.0
24/11/1995,70.5
25/11/1995,0.0
26/11/1995,1.0
27/11/1995,1.5
28/11/1995,0.0
29/11/1995,0.0
30/11/1995,0.0
01/12/1995,5.0
02/12/1995,22.0
03/12/1995,8.6
04/12/1995,33.9
05/12/1995,29.3
06/12/1995,36.2
07/12/1995,3.0
08/12/1995,1.0
09/12/1995,0.0
10/12/1995,0.0
11/12/1995,0.0
12/12/1995,0.0
13/12/1995,0.0
14/12/1995,0.0
15/12/1995,0.0
16/12/1995,0.0
17/12/1995,5.0
18/12/1995,4.0
19/12/1995,9.0
22/01/1996,29.5
23/01/1996,0.0
24/01/1996,7.5
25/01/1996,18.5
26/01/1996,36.5
27/01/1996,61.9
28/01/1996,16.1
29/01/1996,2.0
30/01/1996,57.5
31/01/1996,40.0
01/02/1996,30.5
02/02/1996,22.5
03/02/1996,20.2
04/02/1996,31.3
05/02/1996,10.5
06/02/1996,10.5
07/02/1996,3.5
08/02/1996,0.0
09/02/1996,0.0
10/02/1996,0.5
11/02/1996,5.5
12/02/1996,6.5
13/02/1996,0.0
14/02/1996,0.0
15/02/1996,0.0
16/02/1996,0.0
17/02/1996,10.1
18/02/1996,8.9
19/02/1996,10.5
20/02/1996,7.0
21/02/1996,4.4
22/02/1996,3.3
23/02/1996,8.8
24/02/1996,0.0
25/02/1996,0.0
26/02/1996,0.5
27/02/1996,0.0
28/02/1996,0.0
29/02/1996,0.0
01/03/1996,0.0
02/03/1996,0.0
03/03/1996,0.0
04/03/1996,0.0
05/03/1996,0.0
06/03/1996,0.0
07/03/1996,0.0
08/03/1996,0.0
09/03/1996,0.0
10/03/1996,0.0
11/03/1996,31.0
12/03/1996,43.0
13/03/1996,75.0
14/03/1996,31.0
15/03/1996,0.0
16/03/1996,0.0
17/03/1996,0.0
18/03/1996,0.5
19/03/1996,47.0
20/03/1996,39.5
21/03/1996,37.0
22/03/1996,27.0
23/03/1996,29.2
24/03/1996,1.3
25/03/1996,22.5
26/03/1996,3.5
27/03/1996,27.5
28/03/1996,34.0
29/03/1996,101.5
30/03/1996,105.5
31/03/1996,31.0
01/04/1996,44.0
02/04/1996,124.5
03/04/1996,24.0
04/04/1996,19.5
05/04/1996,18.0
06/04/1996,48.0
07/04/1996,56.0
08/04/1996,21.5
09/04/1996,42.5
10/04/1996,21.5
11/04/1996,0.0
12/04/1996,0.0
13/04/1996,39.5
14/04/1996,25.0
15/04/1996,7.0
16/04/1996,10.0
17/04/1996,27.5
18/04/1996,0.3
19/04/1996,0.7
20/04/1996,0.2
21/04/1996,0.3
22/04/1996,0.5
23/04/1996,12.0
24/04/1996,40.0
25/04/1996,2.5
26/04/1996,0.5
27/04/1996,4.0
28/04/1996,0.5
29/04/1996,4.5
30/04/1996,3.5
01/05/1996,0.5
02/05/1996,2.5
03/05/1996,0.5
04/05/1996,0.0
05/05/1996,0.5
06/05/1996,4.0
07/05/1996,0.5
08/05/1996,0.5
09/05/1996,0.8
10/05/1996,0.7
11/05/1996,0.5
12/05/1996,1.0
15/06/1996,4.5
16/06/1996,12.5
17/06/1996,1.0
18/06/1996,1.0
19/06/1996,0.0
20/06/1996,0.0
21/06/1996,0.0
22/06/1996,2.5
23/06/1996,0.5
24/06/1996,0.0
25/06/1996,0.0
26/06/1996,4.0
27/06/1996,0.0
28/06/1996,3.5
29/06/1996,0.0
30/06/1996,9.0
01/07/1996,0.0
02/07/1996,1.0
14/07/1996,0.5
15/07/1996,41.5
16/07/1996,55.0
17/07/1996,1.5
18/07/1996,0.0
19/07/1996,0.0
20/07/1996,0.0
21/07/1996,0.0
22/07/1996,0.0
23/07/1996,0.0
24/07/1996,0.0
25/07/1996,0.0
26/07/1996,7.5
27/07/1996,0.5
28/07/1996,0.0
29/07/1996,0.5
30/07/1996,0.0
31/07/1996,0.0
01/08/1996,0.0
02/08/1996,13.5
03/08/1996,2.5
04/08/1996,0.0
05/08/1996,19.0
06/08/1996,0.0
07/08/1996,15.1
08/08/1996,0.9
09/08/1996,20.0
10/08/1996,3.5
11/08/1996,0.5
12/08/1996,13.5
13/08/1996,0.5
14/08/1996,0.0
15/08/1996,0.0
16/08/1996,0.0
17/08/1996,28.0
18/08/1996,12.0
19/08/1996,0.5
20/08/1996,43.5
21/08/1996,0.0
22/08/1996,3.0
23/08/1996,0.0
24/08/1996,1.5
25/08/1996,0.5
26/08/1996,0.0
27/08/1996,6.5
28/08/1996,16.5
29/08/1996,3.0
30/08/1996,14.0
31/08/1996,0.5
01/09/1996,0.0
02/09/1996,3.5
03/09/1996,31.5
04/09/1996,39.0
05/09/1996,45.5
06/09/1996,1.0
07/09/1996,32.0
17/10/1996,1.5
18/10/1996,1.0
19/10/1996,17.9
20/10/1996,28.5
21/10/1996,0.0
22/10/1996,1.1
23/10/1996,0.0
24/10/1996,0.0
25/10/1996,18.5
26/10/1996,16.3
27/10/1996,4.6
28/10/1996,0.0
29/10/1996,2.0
30/10/1996,1.4
31/10/1996,2.6
01/11/1996,0.0
02/11/1996,0.0
03/11/1996,0.0
04/11/1996,0.0
05/11/1996,1.5
06/11/1996,9.5
07/11/1996,3.5
08/11/1996,10.0
09/11/1996,1.0
10/11/1996,77.5
11/11/1996,1.0
12/11/1996,25.5
13/11/1996,0.5
14/11/1996,27.0
15/11/1996,0.5
16/11/1996,0.0
17/11/1996,97.2
18/11/1996,42.3
19/11/1996,17.0
20/11/1996,0.0
21/11/1996,0.0
22/11/1996,0.5
23/11/1996,0.0
24/11/1996,0.5
25/11/1996,0.0
26/11/1996,42.0
27/11/1996,2.5
28/11/1996,6.5
29/11/1996,29.0
30/11/1996,11.0
01/12/1996,21.5
02/12/1996,4.5
03/12/1996,0.0
04/12/1996,1.0
05/12/1996,0.0
06/12/1996,13.0
07/12/1996,1.5
08/12/1996,1.5
09/12/1996,6.0
10/12/1996,23.9
11/12/1996,131.9
12/12/1996,118.2
13/12/1996,20.5
14/12/1996,21.9
15/12/1996,4.1
16/12/1996,0.5
17/12/1996,0.0
18/12/1996,38.5
19/12/1996,35.0
20/12/1996,18.5
21/12/1996,8.0
22/12/1996,4.7
23/12/1996,0.8
24/12/1996,0.0
25/12/1996,0.0
26/12/1996,0.0
27/12/1996,0.5
28/12/1996,0.0
01/01/1997,0.0
02/01/1997,0.0
03/01/1997,0.0
04/01/1997,0.0
05/01/1997,0.0
06/01/1997,0.0
07/01/1997,0.0
08/01/1997,0.5
09/01/1997,0.5
10/01/1997,1.5
11/01/1997,0.5
12/01/1997,1.0
13/01/1997,1.5
14/01/1997,0.0
15/01/1997,0.0
16/01/1997,0.0
17/01/1997,0.0
18/01/1997,0.0
19/01/1997,0.0
20/01/1997,0.0
21/01/1997,0.0
22/01/1997,0.0
23/01/1997,0.5
24/01/1997,0.0
25/01/1997,0.0
26/01/1997,0.0
27/01/1997,0.0
28/01/1997,0.0
29/01/1997,0.0
30/01/1997,0.0
31/01/1997,0.0
01/02/1997,0.0
02/02/1997,0.0
03/02/1997,63.0
04/02/1997,0.0
05/02/1997,3.5
06/02/1997,0.5
07/02/1997,6.5
08/02/1997,12.0
09/02/1997,31.0
10/02/1997,0.5
11/02/1997,0.0
12/02/1997,10.0
13/02/1997,4.5
14/02/1997,1.0
15/02/1997,10.5
16/02/1997,0.0
17/02/1997,0.0
18/02/1997,0.5
19/02/1997,1.0
20/02/1997,12.0
21/02/1997,33.5
22/02/1997,18.0
23/02/1997,115.5
24/02/1997,29.5
25/02/1997,1.0
26/02/1997,0.0
27/02/1997,0.0
28/02/1997,0.0
01/03/1997,0.0
02/03/1997,0.0
03/03/1997,0.0
04/03/1997,0.0
05/03/1997,0.0
06/03/1997,1.0
07/03/1997,0.5
08/03/1997,0.0
09/03/1997,0.0
10/03/1997,0.0
11/03/1997,0.0
12/03/1997,0.0
13/03/1997,2.5
14/03/1997,6.5
15/03/1997,0.5
16/03/1997,0.0
17/03/1997,0.0
18/03/1997,0.0
19/03/1997,3.5
20/03/1997,9.0
21/03/1997,0.5
22/03/1997,21.0
23/03/1997,15.5
24/03/1997,0.5
25/03/1997,0.0
26/03/1997,0.5
27/03/1997,0.0
28/03/1997,24.5
29/03/1997,0.0
30/03/1997,0.0
31/03/1997,0.5
01/04/1997,83.0
02/04/1997,3.5
03/04/1997,1.5
04/04/1997,17.5
05/04/1997,23.5
06/04/1997,0.5
07/04/1997,79.0
08/04/1997,10.0
09/04/1997,5.0
10/04/1997,0.5
11/04/1997,23.5
12/04/1997,13.5
13/04/1997,4.0
14/04/1997,2.5
15/04/1997,88.5
16/04/1997,3.5
17/04/1997,26.0
18/04/1997,11.0
19/04/1997,0.0
20/04/1997,0.0
21/04/1997,0.0
22/04/1997,0.5
23/04/1997,0.0
24/04/1997,0.0
25/04/1997,3.5
26/04/1997,2.0
27/04/1997,14.5
28/04/1997,0.5
29/04/1997,12.0
30/04/1997,2.5
06/05/1997,0.0
07/05/1997,0.0
08/05/1997,0.0
09/05/1997,3.0
10/05/1997,5.5
11/05/1997,11.5
12/05/1997,65.0
13/05/1997,8.5
14/05/1997,0.0
15/05/1997,1.5
16/05/1997,11.5
17/05/1997,0.5
18/05/1997,0.0
19/05/1997,0.0
20/05/1997,0.0
21/05/1997,0.0
22/05/1997,0.0
23/05/1997,0.0
24/05/1997,0.0
25/05/1997,0.5
26/05/1997,0.5
27/05/1997,1.0
28/05/1997,0.5
02/06/1997,4.0
03/06/1997,10.0
04/06/1997,0.0
05/06/1997,11.2
06/06/1997,22.8
07/06/1997,1.5
08/06/1997,0.0
09/06/1997,2.0
10/06/1997,6.0
11/06/1997,0.0
12/06/1997,0.5
13/06/1997,0.0
14/06/1997,0.0
15/06/1997,0.0
16/06/1997,0.0
17/06/1997,0.0
18/06/1997,0.0
19/06/1997,0.0
20/06/1997,1.0
21/06/1997,5.0
22/06/1997,0.0
23/06/1997,0.0
24/06/1997,14.5
25/06/1997,2.0
26/06/1997,35.5
27/06/1997,16.5
28/06/1997,9.5
29/06/1997,0.0
30/06/1997,0.0
01/07/1997,1.0
02/07/1997,0.5
03/07/1997,1.0
04/07/1997,0.0
05/07/1997,0.5
06/07/1997,0.0
07/07/1997,0.0
08/07/1997,0.0
09/07/1997,0.0
10/07/1997,0.0
11/07/1997,0.0
12/07/1997,0.0
13/07/1997,0.0
14/07/1997,0.0
15/07/1997,0.0
16/07/1997,0.0
17/07/1997,0.0
18/07/1997,0.0
19/07/1997,34.0
20/07/1997,25.0
21/07/1997,8.0
22/07/1997,3.5
23/07/1997,0.0
24/07/1997,0.0
25/07/1997,0.5
26/07/1997,0.5
27/07/1997,0.0
28/07/1997,0.0
29/07/1997,15.0
30/07/1997,13.5
31/07/1997,0.0
01/08/1997,0.0
02/08/1997,0.0
03/08/1997,0.0
04/08/1997,0.0
05/08/1997,21.6
06/08/1997,1.4
07/08/1997,0.0
08/08/1997,13.5
09/08/1997,1.5
10/08/1997,1.0
11/08/1997,18.0
12/08/1997,5.0
13/08/1997,0.5
14/08/1997,5.5
15/08/1997,1.0
16/08/1997,64.0
17/08/1997,0.5
18/08/1997,0.0
19/08/1997,1.5
20/08/1997,0.5
21/08/1997,0.5
22/08/1997,24.5
23/08/1997,1.5
24/08/1997,0.0
25/08/1997,0.0
26/08/1997,0.0
27/08/1997,0.0
28/08/1997,20.5
29/08/1997,0.0
30/08/1997,15.5
31/08/1997,44.5
01/09/1997,2.5
02/09/1997,0.0
03/09/1997,0.0
04/09/1997,0.0
05/09/1997,0.0
06/09/1997,9.0
07/09/1997,0.0
08/09/1997,0.0
09/09/1997,39.0
10/09/1997,0.0
11/09/1997,0.0
12/09/1997,0.0
13/09/1997,22.9
14/09/1997,4.4
15/09/1997,7.2
16/09/1997,0.0
17/09/1997,0.0
18/09/1997,2.0
19/09/1997,0.0
20/09/1997,33.6
21/09/1997,1.9
22/09/1997,0.0
23/09/1997,0.0
24/09/1997,0.0
25/09/1997,0.0
26/09/1997,0.0
27/09/1997,0.0
28/09/1997,0.0
29/09/1997,5.5
30/09/1997,21.0
01/10/1997,24.0
02/10/1997,0.0
03/10/1997,0.0
04/10/1997,1.5
05/10/1997,0.0
06/10/1997,9.0
07/10/1997,0.5
08/10/1997,1.5
09/10/1997,11.5
10/10/1997,0.0
11/10/1997,0.0
12/10/1997,0.0
13/10/1997,0.0
14/10/1997,0.0
15/10/1997,0.0
16/10/1997,0.0
17/10/1997,0.0
18/10/1997,0.0
19/10/1997,0.0
20/10/1997,0.0
21/10/1997,0.0
22/10/1997,0.0
23/10/1997,0.0
24/10/1997,0.0
25/10/1997,0.0
26/10/1997,0.0
27/10/1997,0.0
28/10/1997,0.0
29/10/1997,0.0
30/10/1997,0.0
31/10/1997,0.0
01/11/1997,0.0
02/11/1997,0.0
03/11/1997,0.0
04/11/1997,0.0
05/11/1997,0.0
06/11/1997,1.5
07/11/1997,0.0
08/11/1997,1.5
09/11/1997,1.5
10/11/1997,5.0
11/11/1997,94.5
12/11/1997,52.0
13/11/1997,3.0
14/11/1997,37.5
15/11/1997,16.5
16/11/1997,0.0
17/11/1997,16.5
18/11/1997,47.0
19/11/1997,38.0
20/11/1997,10.5
21/11/1997,3.0
22/11/1997,7.5
23/11/1997,7.5
24/11/1997,1.0
25/11/1997,0.0
26/11/1997,0.0
27/11/1997,1.0
28/11/1997,1.0
29/11/1997,0.0
30/11/1997,18.5
01/12/1997,25.0
02/12/1997,6.5
03/12/1997,2.5
04/12/1997,1.5
05/12/1997,0.0
06/12/1997,0.5
07/12/1997,0.5
08/12/1997,0.0
09/12/1997,0.5
10/12/1997,1.0
11/12/1997,0.5
12/12/1997,0.0
13/12/1997,1.0
14/12/1997,0.5
15/12/1997,34.1
16/12/1997,38.4
17/12/1997,22.5
18/12/1997,106.5
19/12/1997,11.5
20/12/1997,14.0
21/12/1997,0.0
22/12/1997,0.5
23/12/1997,0.0
24/12/1997,0.0
25/12/1997,1.5
26/12/1997,0.5
27/12/1997,0.0
28/12/1997,13.5
29/12/1997,209.0
30/12/1997,84.0
31/12/1997,14.0
01/01/1998,1.0
02/01/1998,32.0
03/01/1998,8.5
04/01/1998,0.5
05/01/1998,1.5
06/01/1998,30.5
07/01/1998,12.0
08/01/1998,18.0
09/01/1998,1.5
10/01/1998,0.0
11/01/1998,0.0
03/03/1998,5.0
04/03/1998,0.0
05/03/1998,0.0
06/03/1998,0.0
07/03/1998,0.0
08/03/1998,10.0
09/03/1998,11.5
10/03/1998,0.5
11/03/1998,0.0
12/03/1998,0.0
13/03/1998,0.5
14/03/1998,0.0
15/03/1998,0.0
16/03/1998,0.0
17/03/1998,12.0
18/03/1998,0.0
19/03/1998,0.0
20/03/1998,2.5
21/03/1998,0.5
22/03/1998,0.0
23/03/1998,9.0
24/03/1998,1.0
25/03/1998,0.0
26/03/1998,13.5
27/03/1998,2.5
28/03/1998,8.0
29/03/1998,0.0
30/03/1998,0.5
31/03/1998,5.5
01/04/1998,0.0
02/04/1998,0.5
03/04/1998,15.0
04/04/1998,1.0
05/04/1998,0.0
06/04/1998,1.0
07/04/1998,1.0
08/04/1998,1.0
09/04/1998,1.0
10/04/1998,0.5
11/04/1998,0.0
12/04/1998,0.5
13/04/1998,3.5
14/04/1998,0.0
15/04/1998,0.0
16/04/1998,1.5
17/04/1998,0.0
18/04/1998,0.0
19/04/1998,0.0
20/04/1998,0.0
21/04/1998,0.5
22/04/1998,0.0
23/04/1998,1.5
24/04/1998,0.5
25/04/1998,0.5
26/04/1998,0.0
27/04/1998,2.0
28/04/1998,10.5
29/04/1998,0.5
30/04/1998,0.0
01/05/1998,0.0
02/05/1998,0.0
03/05/1998,0.0
04/05/1998,0.0
05/05/1998,1.5
06/05/1998,0.5
07/05/1998,0.5
08/05/1998,0.0
09/05/1998,1.5
10/05/1998,18.5
11/05/1998,9.0
12/05/1998,0.0
13/05/1998,0.0
14/05/1998,1.5
15/05/1998,17.0
16/05/1998,0.0
17/05/1998,1.5
18/05/1998,5.0
19/05/1998,1.5
20/05/1998,0.5
21/05/1998,0.0
22/05/1998,0.0
23/05/1998,1.0
24/05/1998,0.5
25/05/1998,0.0
26/05/1998,4.5
27/05/1998,11.0
28/05/1998,0.0
29/05/1998,0.0
30/05/1998,0.0
31/05/1998,5.0
01/06/1998,10.0
02/06/1998,0.5
03/06/1998,21.5
04/06/1998,1.0
05/06/1998,0.0
06/06/1998,0.0
07/06/1998,9.5
08/06/1998,0.6
09/06/1998,1.1
10/06/1998,0.6
11/06/1998,0.0
12/06/1998,23.3
13/06/1998,1.8
14/06/1998,0.5
15/06/1998,1.2
16/06/1998,2.2
17/06/1998,13.1
18/06/1998,1.8
19/06/1998,41.1
20/06/1998,32.5
21/06/1998,6.6
22/06/1998,0.4
23/06/1998,5.1
24/06/1998,0.6
25/06/1998,24.4
26/06/1998,0.5
27/06/1998,2.3
28/06/1998,68.7
29/06/1998,0.5
30/06/1998,0.0
01/07/1998,0.0
02/07/1998,9.4
03/07/1998,2.3
04/07/1998,0.6
05/07/1998,0.6
06/07/1998,25.8
07/07/1998,1.4
08/07/1998,2.5
09/07/1998,0.6
10/07/1998,0.0
11/07/1998,0.0
12/07/1998,37.1
13/07/1998,0.0
14/07/1998,7.5
15/07/1998,19.9
16/07/1998,15.4
17/07/1998,3.5
18/07/1998,19.3
19/07/1998,3.8
20/07/1998,56.6
21/07/1998,0.5
22/07/1998,13.1
23/07/1998,0.9
24/07/1998,20.7
25/07/1998,0.6
26/07/1998,4.5
27/07/1998,1.6
28/07/1998,0.5
29/07/1998,1.5
30/07/1998,1.4
31/07/1998,6.0
01/08/1998,7.4
02/08/1998,6.1
03/08/1998,0.0
04/08/1998,23.2
05/08/1998,0.5
06/08/1998,5.2
07/08/1998,0.5
08/08/1998,4.1
09/08/1998,0.4
10/08/1998,3.6
11/08/1998,22.9
12/08/1998,49.0
13/08/1998,14.1
14/08/1998,28.8
15/08/1998,9.4
16/08/1998,9.6
17/08/1998,0.4
18/08/1998,0.0
19/08/1998,0.0
20/08/1998,0.0
21/08/1998,22.4
22/08/1998,6.5
23/08/1998,0.0
24/08/1998,2.1
25/08/1998,8.0
26/08/1998,0.0
27/08/1998,3.7
28/08/1998,7.0
29/08/1998,0.0
30/08/1998,15.9
31/08/1998,0.0
01/09/1998,6.9
02/09/1998,33.9
03/09/1998,0.0
04/09/1998,0.5
05/09/1998,52.6
06/09/1998,17.6
07/09/1998,2.3
08/09/1998,0.5
09/09/1998,41.0
10/09/1998,0.0
11/09/1998,0.5
12/09/1998,1.9
13/09/1998,8.1
14/09/1998,4.1
15/09/1998,6.8
16/09/1998,2.3
17/09/1998,1.1
18/09/1998,6.3
19/09/1998,3.7
20/09/1998,2.7
21/09/1998,0.0
22/09/1998,2.5
23/09/1998,11.6
24/09/1998,1.8
25/09/1998,0.7
26/09/1998,30.8
27/09/1998,2.5
28/09/1998,3.3
29/09/1998,5.2
30/09/1998,1.4
01/10/1998,2.1
02/10/1998,7.9
03/10/1998,3.5
04/10/1998,1.6
05/10/1998,13.3
06/10/1998,87.4
07/10/1998,11.9
08/10/1998,0.7
09/10/1998,19.2
10/10/1998,11.1
11/10/1998,8.0
12/10/1998,4.6
13/10/1998,0.5
14/10/1998,7.1
15/10/1998,21.0
16/10/1998,1.8
17/10/1998,9.0
18/10/1998,1.0
19/10/1998,0.0
20/10/1998,9.7
21/10/1998,0.6
22/10/1998,0.0
23/10/1998,0.0
24/10/1998,0.0
25/10/1998,6.4
26/10/1998,9.7
27/10/1998,0.6
28/10/1998,0.0
29/10/1998,7.0
30/10/1998,2.9
31/10/1998,58.3
01/11/1998,59.3
02/11/1998,3.0
03/11/1998,5.1
04/11/1998,0.0
05/11/1998,1.9
06/11/1998,1.7
07/11/1998,1.9
08/11/1998,1.0
09/11/1998,2.0
10/11/1998,0.2
11/11/1998,0.0
12/11/1998,4.6
13/11/1998,0.6
14/11/1998,3.0
15/11/1998,0.0
16/11/1998,0.5
17/11/1998,11.0
18/11/1998,14.4
19/11/1998,9.0
20/11/1998,12.9
21/11/1998,2.6
22/11/1998,27.4
23/11/1998,2.2
24/11/1998,0.6
25/11/1998,36.7
26/11/1998,27.3
27/11/1998,0.4
28/11/1998,18.7
29/11/1998,7.8
30/11/1998,0.9
01/12/1998,1.6
02/12/1998,7.9
03/12/1998,0.6
04/12/1998,3.2
05/12/1998,19.6
06/12/1998,26.3
07/12/1998,51.4
08/12/1998,38.8
09/12/1998,0.0
10/12/1998,0.0
11/12/1998,0.0
12/12/1998,15.0
13/12/1998,0.0
14/12/1998,0.0
15/12/1998,1.2
16/12/1998,1.1
17/12/1998,8.6
18/12/1998,0.0
19/12/1998,0.0
20/12/1998,0.0
21/12/1998,0.0
22/12/1998,0.0
23/12/1998,0.0
24/12/1998,0.0
25/12/1998,0.0
26/12/1998,0.0
27/12/1998,0.0
28/12/1998,0.0
29/12/1998,0.0
30/12/1998,0.0
31/12/1998,0.0
01/01/1999,0.0
02/01/1999,0.0
03/01/1999,0.0
04/01/1999,0.0
05/01/1999,0.0
06/01/1999,0.0
07/01/1999,0.0
08/01/1999,0.0
09/01/1999,0.0
10/01/1999,0.0
11/01/1999,0.5
12/01/1999,0.0
13/01/1999,4.4
14/01/1999,2.1
15/01/1999,2.5
16/01/1999,19.2
17/01/1999,24.5
18/01/1999,13.5
19/01/1999,37.5
20/01/1999,15.2
21/01/1999,24.6
22/01/1999,30.5
23/01/1999,69.7
24/01/1999,20.1
25/01/1999,148.1
26/01/1999,66.6
27/01/1999,0.0
28/01/1999,45.4
29/01/1999,0.0
30/01/1999,5.9
31/01/1999,0.0
01/02/1999,0.0
02/02/1999,13.7
03/02/1999,26.6
04/02/1999,23.9
05/02/1999,0.4
06/02/1999,6.8
07/02/1999,0.0
08/02/1999,0.0
09/02/1999,1.5
10/02/1999,20.5
11/02/1999,70.9
12/02/1999,0.0
13/02/1999,17.5
14/02/1999,7.7
15/02/1999,0.0
16/02/1999,0.0
17/02/1999,4.9
18/02/1999,0.0
19/02/1999,0.0
20/02/1999,0.0
21/02/1999,1.5
22/02/1999,0.6
23/02/1999,0.4
24/02/1999,1.0
25/02/1999,16.8
26/02/1999,0.0
27/02/1999,0.0
28/02/1999,16.1
01/03/1999,74.0
02/03/1999,0.0
03/03/1999,0.0
04/03/1999,1.5
05/03/1999,0.0
06/03/1999,32.3
07/03/1999,19.5
08/03/1999,0.0
09/03/1999,5.2
10/03/1999,10.6
11/03/1999,0.5
12/03/1999,11.7
13/03/1999,0.0
14/03/1999,0.0
15/03/1999,0.0
16/03/1999,0.0
17/03/1999,0.0
18/03/1999,0.9
19/03/1999,0.0
20/03/1999,9.0
21/03/1999,0.6
22/03/1999,0.0
23/03/1999,17.6
24/03/1999,0.6
25/03/1999,29.1
26/03/1999,17.0
27/03/1999,24.0
28/03/1999,2.5
29/03/1999,9.8
30/03/1999,2.4
31/03/1999,21.6
01/04/1999,21.1
02/04/1999,0.0
03/04/1999,0.0
04/04/1999,2.4
05/04/1999,0.0
06/04/1999,0.5
07/04/1999,1.6
08/04/1999,0.0
09/04/1999,30.7
10/04/1999,2.8
11/04/1999,3.4
12/04/1999,0.0
13/04/1999,0.0
14/04/1999,2.1
15/04/1999,0.0
16/04/1999,8.9
17/04/1999,9.1
18/04/1999,19.6
19/04/1999,13.1
20/04/1999,0.0
21/04/1999,20.3
22/04/1999,0.4
23/04/1999,0.0
24/04/1999,2.4
25/04/1999,18.2
26/04/1999,0.0
27/04/1999,0.0
28/04/1999,0.0
29/04/1999,9.4
30/04/1999,1.8
01/05/1999,0.6
02/05/1999,6.4
03/05/1999,13.1
04/05/1999,0.0
05/05/1999,24.4
06/05/1999,0.0
07/05/1999,0.0
08/05/1999,17.7
09/05/1999,0.0
10/05/1999,1.8
11/05/1999,0.0
12/05/1999,0.5
13/05/1999,0.0
14/05/1999,8.4
15/05/1999,14.2
16/05/1999,31.5
17/05/1999,0.0
18/05/1999,2.0
19/05/1999,12.8
20/05/1999,1.3
21/05/1999,44.6
22/05/1999,9.6
23/05/1999,0.0
24/05/1999,1.0
25/05/1999,9.9
26/05/1999,2.8
27/05/1999,1.0
28/05/1999,3.4
29/05/1999,1.9
30/05/1999,0.0
31/05/1999,0.0
01/06/1999,0.0
02/06/1999,0.0
03/06/1999,0.0
04/06/1999,0.0
05/06/1999,0.0
06/06/1999,0.0
07/06/1999,0.0
08/06/1999,0.0
09/06/1999,0.0
10/06/1999,0.0
11/06/1999,0.0
12/06/1999,0.0
13/06/1999,0.0
14/06/1999,0.0
15/06/1999,0.0
16/06/1999,13.5
17/06/1999,0.0
18/06/1999,5.4
19/06/1999,0.0
20/06/1999,0.0
21/06/1999,10.1
30/06/1999,0.0
01/07/1999,9.0
02/07/1999,3.8
03/07/1999,6.7
04/07/1999,1.5
05/07/1999,27.0
06/07/1999,0.0
07/07/1999,8.5
08/07/1999,0.0
09/07/1999,0.0
10/07/1999,14.3
11/07/1999,1.1
12/07/1999,0.4
13/07/1999,0.0
14/07/1999,7.6
15/07/1999,2.1
16/07/1999,2.8
17/07/1999,1.2
18/07/1999,11.9
19/07/1999,0.0
20/07/1999,0.0
21/07/1999,0.0
22/07/1999,0.0
23/07/1999,0.0
24/07/1999,0.0
25/07/1999,0.0
26/07/1999,0.0
27/07/1999,0.0
28/07/1999,0.0
29/07/1999,1.8
30/07/1999,0.8
31/07/1999,2.3
01/08/1999,0.0
02/08/1999,0.7
03/08/1999,19.3
04/08/1999,2.8
05/08/1999,1.0
06/08/1999,30.3
07/08/1999,5.3
08/08/1999,4.3
09/08/1999,0.0
10/08/1999,0.0
11/08/1999,0.0
12/08/1999,0.0
13/08/1999,0.0
14/08/1999,0.0
15/08/1999,0.0
16/08/1999,0.0
17/08/1999,0.0
18/08/1999,0.0
19/08/1999,0.0
20/08/1999,0.0
21/08/1999,0.0
22/08/1999,4.5
23/08/1999,0.0
24/08/1999,37.1
25/08/1999,47.7
26/08/1999,3.4
27/08/1999,12.8
28/08/1999,16.9
29/08/1999,0.4
30/08/1999,15.2
31/08/1999,1.9
01/09/1999,27.5
02/09/1999,24.7
03/09/1999,17.0
04/09/1999,2.7
05/09/1999,0.0
06/09/1999,0.0
07/09/1999,14.5
08/09/1999,9.3
09/09/1999,0.0
10/09/1999,2.3
11/09/1999,1.2
12/09/1999,0.0
13/09/1999,0.0
14/09/1999,6.8
15/09/1999,0.0
16/09/1999,0.0
17/09/1999,34.3
18/09/1999,12.9
19/09/1999,71.9
20/09/1999,1.6
21/09/1999,2.4
22/09/1999,0.0
23/09/1999,0.4
24/09/1999,6.1
25/09/1999,7.9
26/09/1999,1.1
27/09/1999,16.7
28/09/1999,1.0
01/10/1999,25.6
10/10/1999,3.4
11/10/1999,1.5
12/10/1999,20.5
13/10/1999,22.4
14/10/1999,8.3
15/10/1999,0.5
16/10/1999,6.9
17/10/1999,8.6
18/10/1999,29.4
19/10/1999,4.3
20/10/1999,14.9
21/10/1999,0.4
22/10/1999,31.5
23/10/1999,0.0
24/10/1999,0.0
25/10/1999,0.0
26/10/1999,1.8
27/10/1999,26.9
28/10/1999,2.6
29/10/1999,45.6
30/10/1999,2.4
31/10/1999,1.2
01/11/1999,26.3
02/11/1999,3.8
03/11/1999,0.0
04/11/1999,15.2
05/11/1999,0.2
06/11/1999,0.0
07/11/1999,0.5
08/11/1999,8.6
09/11/1999,8.7
10/11/1999,0.0
11/11/1999,3.2
12/11/1999,1.6
13/11/1999,0.0
14/11/1999,0.0
15/11/1999,25.6
16/11/1999,0.0
17/11/1999,9.6
18/11/1999,9.7
19/11/1999,10.3
20/11/1999,15.3
21/11/1999,37.1
22/11/1999,0.0
23/11/1999,0.6
24/11/1999,0.0
25/11/1999,0.0
26/11/1999,0.0
27/11/1999,0.0
28/11/1999,0.0
29/11/1999,0.0
30/11/1999,0.0
01/12/1999,0.0
02/12/1999,0.5
03/12/1999,0.0
04/12/1999,0.4
05/12/1999,2.0
06/12/1999,0.0
07/12/1999,0.0
08/12/1999,0.0
09/12/1999,0.0
10/12/1999,0.0
11/12/1999,0.0
12/12/1999,0.0
13/12/1999,0.7
14/12/1999,7.7
15/12/1999,0.0
16/12/1999,0.0
17/12/1999,0.0
18/12/1999,0.0
19/12/1999,0.0
20/12/1999,0.0
21/12/1999,0.0
22/12/1999,0.0
23/12/1999,0.0
24/12/1999,0.0
25/12/1999,0.0
26/12/1999,0.0
27/12/1999,0.0
28/12/1999,0.0
29/12/1999,0.0
30/12/1999,0.0
31/12/1999,0.0
01/01/2000,0.0
02/01/2000,0.0
03/01/2000,0.0
04/01/2000,0.0
05/01/2000,0.0
06/01/2000,0.0
28/01/2000,0.0
29/01/2000,0.0
30/01/2000,0.0
31/01/2000,0.0
01/02/2000,0.0
02/02/2000,0.0
03/02/2000,0.0
04/02/2000,0.0
05/02/2000,0.0
06/02/2000,0.0
07/02/2000,0.0
08/02/2000,0.0
09/02/2000,0.0
10/02/2000,0.0
11/02/2000,0.0
12/02/2000,0.0
13/02/2000,0.0
14/02/2000,0.0
15/02/2000,0.0
16/02/2000,0.0
17/02/2000,0.0
18/02/2000,0.0
19/02/2000,0.0
20/02/2000,0.0
21/02/2000,0.0
22/02/2000,0.0
23/02/2000,0.0
24/02/2000,0.0
25/02/2000,0.0
26/02/2000,0.0
27/02/2000,0.5
28/02/2000,0.0
29/02/2000,8.4
01/03/2000,2.5
02/03/2000,2.1
03/03/2000,0.0
04/03/2000,0.0
05/03/2000,0.0
06/03/2000,0.0
07/03/2000,0.0
08/03/2000,0.7
09/03/2000,0.2
10/03/2000,0.0
11/03/2000,12.6
12/03/2000,7.5
13/03/2000,0.0
14/03/2000,0.0
15/03/2000,0.0
16/03/2000,2.1
17/03/2000,0.9
18/03/2000,0.6
19/03/2000,0.0
20/03/2000,0.0
21/03/2000,0.0
22/03/2000,8.9
23/03/2000,6.0
24/03/2000,25.2
25/03/2000,2.0
26/03/2000,71.7
27/03/2000,1.5
28/03/2000,12.6
29/03/2000,0.9
30/03/2000,5.0
31/03/2000,2.6
01/04/2000,6.4
02/04/2000,10.2
03/04/2000,21.4
04/04/2000,0.5
05/04/2000,13.4
06/04/2000,0.0
07/04/2000,0.0
08/04/2000,0.0
09/04/2000,7.0
10/04/2000,2.4
11/04/2000,0.7
12/04/2000,0.0
13/04/2000,0.0
14/04/2000,0.0
15/04/2000,0.0
16/04/2000,0.7
17/04/2000,0.0
18/04/2000,0.0
19/04/2000,24.6
20/04/2000,0.0
28/04/2000,0.0
29/04/2000,0.0
30/04/2000,3.5
01/05/2000,0.0
02/05/2000,3.6
03/05/2000,1.7
04/05/2000,10.2
05/05/2000,0.0
06/05/2000,0.0
07/05/2000,4.1
08/05/2000,8.0
09/05/2000,0.5
10/05/2000,0.0
11/05/2000,0.0
12/05/2000,0.0
13/05/2000,9.2
14/05/2000,0.0
15/05/2000,0.0
16/05/2000,0.0
17/05/2000,0.0
18/05/2000,0.0
19/05/2000,0.0
20/05/2000,7.1
21/05/2000,1.3
22/05/2000,29.3
23/05/2000,1.6
24/05/2000,1.4
25/05/2000,2.4
26/05/2000,4.9
27/05/2000,0.0
28/05/2000,0.0
29/05/2000,17.2
30/05/2000,0.0
31/05/2000,0.0
01/06/2000,0.0
02/06/2000,0.6
03/06/2000,0.5
04/06/2000,0.0
05/06/2000,0.0
06/06/2000,0.0
07/06/2000,0.0
08/06/2000,0.0
09/06/2000,0.8
10/06/2000,0.0
11/06/2000,0.0
12/06/2000,5.6
13/06/2000,23.6
14/06/2000,0.0
15/06/2000,0.8
16/06/2000,3.0
17/06/2000,0.0
18/06/2000,83.3
19/06/2000,0.0
20/06/2000,5.2
21/06/2000,0.0
22/06/2000,4.1
23/06/2000,20.3
24/06/2000,29.5
25/06/2000,10.8
26/06/2000,0.0
27/06/2000,10.0
28/06/2000,14.7
29/06/2000,0.2
30/06/2000,0.0
01/07/2000,0.9
02/07/2000,0.0
03/07/2000,0.0
04/07/2000,0.0
05/07/2000,0.0
06/07/2000,6.1
07/07/2000,0.2
08/07/2000,0.0
09/07/2000,1.6
10/07/2000,0.0
11/07/2000,0.0
12/07/2000,0.0
13/07/2000,0.0
14/07/2000,0.0
15/07/2000,0.0
16/07/2000,0.0
17/07/2000,0.0
18/07/2000,0.0
19/07/2000,0.0
20/07/2000,0.0
21/07/2000,0.0
22/07/2000,0.0
23/07/2000,1.9
24/07/2000,43.6
25/07/2000,0.6
26/07/2000,8.5
27/07/2000,0.0
28/07/2000,8.0
29/07/2000,0.6
30/07/2000,0.0
31/07/2000,11.9
01/08/2000,5.8
02/08/2000,2.0
03/08/2000,0.0
04/08/2000,33.0
05/08/2000,22.5
06/08/2000,0.0
07/08/2000,11.8
08/08/2000,0.3
09/08/2000,0.0
10/08/2000,2.7
11/08/2000,0.0
12/08/2000,0.0
13/08/2000,30.0
14/08/2000,0.0
15/08/2000,12.8
16/08/2000,0.5
17/08/2000,0.6
18/08/2000,0.0
19/08/2000,10.5
20/08/2000,9.1
21/08/2000,5.2
22/08/2000,0.0
23/08/2000,0.0
24/08/2000,0.0
25/08/2000,0.0
26/08/2000,29.7
27/08/2000,26.3
28/08/2000,0.0
29/08/2000,0.0
30/08/2000,0.0
31/08/2000,0.0
01/09/2000,0.0
02/09/2000,0.0
03/09/2000,0.0
04/09/2000,0.0
05/09/2000,0.0
06/09/2000,0.0
07/09/2000,0.0
08/09/2000,0.0
09/09/2000,0.0
10/09/2000,0.0
11/09/2000,0.0
12/09/2000,0.0
13/09/2000,0.0
14/09/2000,0.0
15/09/2000,0.0
16/09/2000,0.0
17/09/2000,0.0
18/09/2000,0.0
19/09/2000,0.0
20/09/2000,0.0
21/09/2000,0.0
22/09/2000,26.5
23/09/2000,0.6
24/09/2000,0.0
25/09/2000,0.0
26/09/2000,0.0
27/09/2000,6.7
28/09/2000,8.2
29/09/2000,0.0
30/09/2000,2.6
01/10/2000,2.3
02/10/2000,0.0
03/10/2000,15.8
04/10/2000,29.1
05/10/2000,0.1
06/10/2000,0.0
07/10/2000,3.5
08/10/2000,0.5
09/10/2000,0.0
13/10/2000,0.0
14/10/2000,0.4
15/10/2000,0.0
16/10/2000,9.0
17/10/2000,5.2
18/10/2000,0.5
19/10/2000,6.2
20/10/2000,8.3
21/10/2000,11.8
22/10/2000,12.8
23/10/2000,5.7
24/10/2000,0.0
25/10/2000,13.5
26/10/2000,11.4
27/10/2000,5.4
28/10/2000,12.3
29/10/2000,9.6
30/10/2000,0.0
31/10/2000,0.0
01/11/2000,0.5
02/11/2000,3.8
03/11/2000,3.0
04/11/2000,0.0
05/11/2000,14.6
06/11/2000,13.4
07/11/2000,0.0
08/11/2000,5.6
09/11/2000,0.0
10/11/2000,0.0
11/11/2000,1.7
12/11/2000,0.0
13/11/2000,0.0
14/11/2000,20.9
15/11/2000,42.8
16/11/2000,10.1
17/11/2000,23.6
18/11/2000,3.8
19/11/2000,0.0
20/11/2000,0.0
21/11/2000,47.1
22/11/2000,108.2
23/11/2000,0.0
24/11/2000,0.7
25/11/2000,2.7
26/11/2000,4.4
27/11/2000,10.6
28/11/2000,1.2
29/11/2000,0.0
30/11/2000,1.2
01/12/2000,0.0
02/12/2000,2.0
03/12/2000,0.0
04/12/2000,0.0
05/12/2000,0.0
06/12/2000,0.0
07/12/2000,0.0
08/12/2000,0.0
09/12/2000,0.0
10/12/2000,0.4
11/12/2000,0.0
12/12/2000,0.0
13/12/2000,0.7
14/12/2000,0.4
15/12/2000,3.1
16/12/2000,0.4
17/12/2000,20.8
18/12/2000,24.5
19/12/2000,3.2
20/12/2000,0.0
21/12/2000,23.3
22/12/2000,29.7
23/12/2000,0.9
24/12/2000,0.0
25/12/2000,0.6
26/12/2000,0.0
27/12/2000,0.0
28/12/2000,1.2
29/12/2000,2.9
30/12/2000,5.2
31/12/2000,8.4
01/01/2001,0.6
02/01/2001,0.7
03/01/2001,0.0
04/01/2001,1.5
05/01/2001,0.0
06/01/2001,10.2
07/01/2001,30.3
08/01/2001,7.5
09/01/2001,0.0
10/01/2001,0.0
11/01/2001,0.0
12/01/2001,0.0
13/01/2001,3.9
14/01/2001,6.3
15/01/2001,21.3
16/01/2001,21.0
17/01/2001,103.3
18/01/2001,105.7
19/01/2001,50.3
20/01/2001,8.4
21/01/2001,28.5
22/01/2001,16.0
26/01/2001,0.0
27/01/2001,0.0
28/01/2001,0.0
29/01/2001,0.0
30/01/2001,0.0
31/01/2001,0.0
01/02/2001,0.0
02/02/2001,0.0
03/02/2001,0.0
04/02/2001,0.0
05/02/2001,0.0
06/02/2001,0.0
07/02/2001,0.0
08/02/2001,0.0
09/02/2001,0.0
10/02/2001,0.0
11/02/2001,0.0
12/02/2001,0.0
13/02/2001,0.0
14/02/2001,0.0
15/02/2001,0.0
16/02/2001,0.0
17/02/2001,0.0
18/02/2001,0.0
19/02/2001,0.0
20/02/2001,0.0
21/02/2001,0.0
22/02/2001,0.0
23/02/2001,0.0
24/02/2001,0.0
25/02/2001,0.0
26/02/2001,0.0
27/02/2001,0.0
28/02/2001,0.0
01/03/2001,0.0
02/03/2001,0.3
03/03/2001,0.0
04/03/2001,14.2
05/03/2001,48.8
06/03/2001,18.2
07/03/2001,5.8
08/03/2001,0.5
09/03/2001,16.6
10/03/2001,1.3
11/03/2001,0.0
12/03/2001,0.0
13/03/2001,17.7
14/03/2001,9.2
15/03/2001,0.0
16/03/2001,0.9
17/03/2001,0.0
18/03/2001,12.0
19/03/2001,1.6
20/03/2001,1.6
21/03/2001,35.2
22/03/2001,0.0
23/03/2001,12.6
24/03/2001,11.7
25/03/2001,13.0
26/03/2001,8.2
27/03/2001,6.0
28/03/2001,1.1
29/03/2001,26.0
30/03/2001,0.0
31/03/2001,2.6
01/04/2001,3.5
02/04/2001,0.0
03/04/2001,0.4
04/04/2001,0.3
05/04/2001,15.6
06/04/2001,0.0
07/04/2001,12.8
08/04/2001,1.2
09/04/2001,0.0
10/04/2001,0.0
11/04/2001,0.0
12/04/2001,0.0
13/04/2001,12.4
14/04/2001,0.0
15/04/2001,0.0
16/04/2001,0.0
17/04/2001,0.0
18/04/2001,0.0
19/04/2001,0.0
20/04/2001,0.5
21/04/2001,0.0
22/04/2001,11.7
23/04/2001,18.2
24/04/2001,0.0
25/04/2001,14.3
26/04/2001,9.6
27/04/2001,0.6
28/04/2001,7.1
29/04/2001,7.8
30/04/2001,18.3
01/05/2001,53.4
02/05/2001,2.5
03/05/2001,3.4
04/05/2001,0.5
05/05/2001,0.0
06/05/2001,0.0
07/05/2001,2.2
08/05/2001,3.4
09/05/2001,0.2
10/05/2001,2.5
11/05/2001,4.3
12/05/2001,0.9
13/05/2001,0.0
14/05/2001,10.5
15/05/2001,3.4
16/05/2001,0.0
17/05/2001,0.0
18/05/2001,0.0
19/05/2001,0.0
20/05/2001,0.0
21/05/2001,1.8
22/05/2001,1.0
23/05/2001,0.0
24/05/2001,0.0
25/05/2001,8.4
26/05/2001,0.9
27/05/2001,4.4
28/05/2001,0.2
29/05/2001,5.4
30/05/2001,0.0
31/05/2001,67.1
01/06/2001,6.3
02/06/2001,9.2
03/06/2001,32.4
04/06/2001,0.0
05/06/2001,43.1
06/06/2001,32.4
07/06/2001,5.9
08/06/2001,0.0
09/06/2001,0.0
10/06/2001,0.0
11/06/2001,0.0
12/06/2001,0.0
13/06/2001,0.0
14/06/2001,0.5
15/06/2001,0.0
16/06/2001,4.9
17/06/2001,0.9
18/06/2001,3.1
19/06/2001,0.0
20/06/2001,0.0
21/06/2001,0.0
22/06/2001,0.0
23/06/2001,0.0
24/06/2001,0.0
25/06/2001,0.0
26/06/2001,0.6
27/06/2001,0.0
28/06/2001,0.0
29/06/2001,0.0
30/06/2001,0.0
01/07/2001,0.0
02/07/2001,0.0
03/07/2001,0.0
04/07/2001,0.0
05/07/2001,5.0
06/07/2001,0.0
07/07/2001,7.0
08/07/2001,2.3
09/07/2001,0.0
10/07/2001,36.4
11/07/2001,0.0
12/07/2001,0.0
13/07/2001,0.0
14/07/2001,60.0
15/07/2001,0.0
16/07/2001,0.0
17/07/2001,1.6
18/07/2001,0.7
19/07/2001,3.0
20/07/2001,0.7
21/07/2001,0.0
22/07/2001,0.0
23/07/2001,27.3
24/07/2001,0.0
25/07/2001,0.0
26/07/2001,50.8
27/07/2001,5.0
28/07/2001,0.0
29/07/2001,19.7
30/07/2001,39.5
31/07/2001,1.0
01/08/2001,22.1
02/08/2001,9.0
03/08/2001,2.9
04/08/2001,41.1
05/08/2001,0.0
06/08/2001,8.8
07/08/2001,1.7
08/08/2001,40.0
09/08/2001,0.7
10/08/2001,0.0
11/08/2001,4.3
12/08/2001,1.4
13/08/2001,2.8
14/08/2001,2.9
15/08/2001,0.0
16/08/2001,5.6
17/08/2001,0.0
18/08/2001,2.1
19/08/2001,11.4
20/08/2001,11.4
21/08/2001,0.9
22/08/2001,0.0
23/08/2001,28.9
24/08/2001,0.0
25/08/2001,0.0
26/08/2001,14.8
27/08/2001,0.0
28/08/2001,1.8
29/08/2001,37.2
30/08/2001,0.0
31/08/2001,2.0
01/09/2001,12.1
02/09/2001,4.0
03/09/2001,0.2
04/09/2001,15.5
05/09/2001,0.0
06/09/2001,6.6
07/09/2001,16.3
08/09/2001,0.8
09/09/2001,0.0
10/09/2001,0.0
11/09/2001,0.0
12/09/2001,4.3
13/09/2001,0.7
14/09/2001,0.8
15/09/2001,9.4
16/09/2001,16.0
17/09/2001,0.0
18/09/2001,9.0
19/09/2001,0.0
20/09/2001,7.3
21/09/2001,18.1
22/09/2001,0.9
23/09/2001,32.8
24/09/2001,0.0
25/09/2001,0.6
26/09/2001,3.9
27/09/2001,5.8
28/09/2001,0.6
29/09/2001,0.0
30/09/2001,12.8
01/10/2001,8.0
02/10/2001,1.7
03/10/2001,0.0
04/10/2001,11.4
05/10/2001,2.5
06/10/2001,1.7
07/10/2001,3.1
08/10/2001,0.0
09/10/2001,0.0
10/10/2001,2.1
11/10/2001,0.0
12/10/2001,0.0
13/10/2001,12.6
14/10/2001,4.5
15/10/2001,4.8
16/10/2001,0.0
17/10/2001,8.8
18/10/2001,2.7
19/10/2001,1.7
20/10/2001,5.6
21/10/2001,10.2
22/10/2001,0.5
23/10/2001,52.5
24/10/2001,35.6
25/10/2001,14.8
26/10/2001,0.5
27/10/2001,12.4
28/10/2001,9.2
29/10/2001,47.5
30/10/2001,29.2
31/10/2001,0.5
01/11/2001,41.5
02/11/2001,1.0
03/11/2001,0.7
04/11/2001,0.0
05/11/2001,13.7
06/11/2001,4.8
07/11/2001,0.0
08/11/2001,10.1
09/11/2001,0.7
10/11/2001,3.5
11/11/2001,0.1
12/11/2001,0.5
13/11/2001,7.1
14/11/2001,12.8
15/11/2001,18.1
16/11/2001,3.1
17/11/2001,53.7
18/11/2001,58.6
19/11/2001,3.3
20/11/2001,0.7
21/11/2001,10.6
22/11/2001,0.0
23/11/2001,0.0
24/11/2001,4.9
25/11/2001,2.5
26/11/2001,2.6
27/11/2001,0.0
28/11/2001,0.0
29/11/2001,8.4
30/11/2001,4.6
01/12/2001,6.7
02/12/2001,1.5
03/12/2001,0.0
04/12/2001,0.0
05/12/2001,0.0
06/12/2001,1.4
07/12/2001,0.6
08/12/2001,0.0
09/12/2001,0.0
10/12/2001,0.0
11/12/2001,0.0
12/12/2001,0.0
13/12/2001,0.0
14/12/2001,181.2
15/12/2001,108.7
16/12/2001,58.7
17/12/2001,30.0
18/12/2001,30.2
19/12/2001,7.2
20/12/2001,66.2
21/12/2001,56.6
22/12/2001,154.4
23/12/2001,92.4
24/12/2001,7.9
25/12/2001,3.9
26/12/2001,3.1
27/12/2001,45.5
28/12/2001,193.3
29/12/2001,105.3
30/12/2001,6.5
31/12/2001,0.0
01/01/2002,0.0
02/01/2002,0.0
03/01/2002,0.0
04/01/2002,0.0
05/01/2002,12.2
06/01/2002,14.8
07/01/2002,4.2
08/01/2002,7.4
09/01/2002,14.9
10/01/2002,3.1
11/01/2002,8.3
12/01/2002,14.9
13/01/2002,1.7
14/01/2002,0.0
15/01/2002,0.0
16/01/2002,0.0
17/01/2002,0.0
18/01/2002,0.0
19/01/2002,3.9
20/01/2002,26.1
21/01/2002,13.7
22/01/2002,12.9
23/01/2002,2.7
24/01/2002,20.7
25/01/2002,14.7
26/01/2002,1.5
27/01/2002,0.0
28/01/2002,0.0
29/01/2002,5.6
30/01/2002,8.7
31/01/2002,3.7
01/02/2002,0.0
02/02/2002,0.0
03/02/2002,0.0
04/02/2002,0.0
05/02/2002,0.0
06/02/2002,0.0
07/02/2002,0.0
08/02/2002,0.0
09/02/2002,0.0
10/02/2002,0.0
11/02/2002,2.1
12/02/2002,5.8
13/02/2002,0.7
14/02/2002,0.0
15/02/2002,0.0
16/02/2002,0.0
17/02/2002,0.0
18/02/2002,0.0
19/02/2002,0.6
20/02/2002,3.9
21/02/2002,11.3
22/02/2002,4.6
23/02/2002,0.0
24/02/2002,0.0
25/02/2002,0.0
26/02/2002,3.1
27/02/2002,22.0
28/02/2002,0.0
01/03/2002,0.0
02/03/2002,0.0
03/03/2002,0.0
04/03/2002,0.0
05/03/2002,0.0
06/03/2002,0.0
07/03/2002,0.0
08/03/2002,0.0
09/03/2002,0.0
10/03/2002,8.2
11/03/2002,0.0
12/03/2002,0.0
13/03/2002,0.0
14/03/2002,0.0
15/03/2002,0.0
16/03/2002,0.0
17/03/2002,0.0
18/03/2002,0.7
19/03/2002,41.0
20/03/2002,231.1
21/03/2002,6.0
22/03/2002,9.7
23/03/2002,0.0
24/03/2002,3.3
25/03/2002,0.0
26/03/2002,0.0
27/03/2002,0.0
28/03/2002,0.0
29/03/2002,0.0
30/03/2002,8.9
31/03/2002,0.4
01/04/2002,0.0
02/04/2002,0.0
03/04/2002,0.0
04/04/2002,0.0
05/04/2002,3.1
06/04/2002,48.0
07/04/2002,38.5
08/04/2002,9.5
09/04/2002,1.8
10/04/2002,0.5
11/04/2002,0.0
12/04/2002,0.0
13/04/2002,15.3
14/04/2002,0.8
15/04/2002,0.0
16/04/2002,5.2
17/04/2002,0.0
18/04/2002,0.7
19/04/2002,0.0
20/04/2002,0.0
21/04/2002,1.2
22/04/2002,1.6
23/04/2002,0.8
24/04/2002,0.0
25/04/2002,6.9
26/04/2002,0.0
27/04/2002,1.3
28/04/2002,53.9
29/04/2002,7.1
30/04/2002,21.4
01/05/2002,11.9
02/05/2002,5.3
03/05/2002,0.6
04/05/2002,2.5
05/05/2002,6.1
06/05/2002,4.1
07/05/2002,0.0
08/05/2002,0.0
09/05/2002,0.0
10/05/2002,0.0
11/05/2002,10.4
12/05/2002,4.8
13/05/2002,11.4
14/05/2002,0.0
15/05/2002,0.0
16/05/2002,0.0
17/05/2002,1.8
18/05/2002,19.4
19/05/2002,22.4
20/05/2002,0.0
21/05/2002,0.0
22/05/2002,2.5
23/05/2002,0.3
24/05/2002,58.7
25/05/2002,0.6
26/05/2002,22.3
27/05/2002,0.7
28/05/2002,0.7
29/05/2002,60.7
30/05/2002,0.6
31/05/2002,0.0
01/06/2002,0.0
02/06/2002,11.7
03/06/2002,5.5
04/06/2002,0.0
05/06/2002,0.0
06/06/2002,0.0
07/06/2002,2.3
08/06/2002,4.5
09/06/2002,0.0
10/06/2002,0.0
11/06/2002,9.0
12/06/2002,3.3
13/06/2002,48.8
14/06/2002,0.4
15/06/2002,0.0
16/06/2002,0.0
17/06/2002,0.0
18/06/2002,0.0
19/06/2002,0.0
20/06/2002,0.0
21/06/2002,0.0
22/06/2002,0.0
23/06/2002,0.0
24/06/2002,0.0
25/06/2002,0.0
26/06/2002,0.9
27/06/2002,1.0
28/06/2002,0.0
29/06/2002,10.8
30/06/2002,32.0
01/07/2002,6.8
02/07/2002,4.4
03/07/2002,0.0
04/07/2002,0.0
05/07/2002,15.0
06/07/2002,0.0
07/07/2002,8.8
08/07/2002,20.5
09/07/2002,0.0
10/07/2002,0.0
11/07/2002,0.0
12/07/2002,0.0
13/07/2002,0.0
14/07/2002,1.1
15/07/2002,0.0
16/07/2002,5.6
17/07/2002,0.0
18/07/2002,2.1
19/07/2002,31.0
20/07/2002,0.0
21/07/2002,2.4
22/07/2002,0.0
23/07/2002,0.2
24/07/2002,20.4
25/07/2002,0.0
26/07/2002,0.0
27/07/2002,1.1
28/07/2002,16.2
29/07/2002,12.2
30/07/2002,0.9
31/07/2002,8.0
01/08/2002,0.0
02/08/2002,28.6
03/08/2002,55.7
04/08/2002,7.8
05/08/2002,0.6
06/08/2002,0.0
07/08/2002,2.6
08/08/2002,31.6
09/08/2002,33.4
10/08/2002,0.6
11/08/2002,45.5
12/08/2002,0.0
13/08/2002,1.2
14/08/2002,0.0
15/08/2002,0.0
16/08/2002,0.0
17/08/2002,0.0
18/08/2002,0.0
19/08/2002,0.0
20/08/2002,0.0
21/08/2002,0.0
22/08/2002,0.0
23/08/2002,43.3
24/08/2002,7.8
25/08/2002,31.6
26/08/2002,41.9
27/08/2002,3.9
28/08/2002,1.5
29/08/2002,7.9
30/08/2002,15.3
31/08/2002,26.0
01/09/2002,39.0
02/09/2002,11.8
03/09/2002,13.7
04/09/2002,22.7
05/09/2002,0.0
06/09/2002,2.2
07/09/2002,12.9
08/09/2002,11.7
09/09/2002,4.1
10/09/2002,1.2
11/09/2002,46.3
12/09/2002,0.0
13/09/2002,0.5
14/09/2002,12.3
15/09/2002,7.8
16/09/2002,0.5
17/09/2002,0.0
18/09/2002,15.8
19/09/2002,25.9
20/09/2002,0.0
21/09/2002,27.3
22/09/2002,6.3
23/09/2002,0.0
24/09/2002,0.0
25/09/2002,0.0
26/09/2002,0.0
27/09/2002,0.0
28/09/2002,0.0
29/09/2002,0.0
30/09/2002,0.0
01/10/2002,0.0
02/10/2002,0.0
03/10/2002,0.0
04/10/2002,0.0
05/10/2002,0.0
06/10/2002,0.0
07/10/2002,0.0
08/10/2002,0.0
09/10/2002,55.5
10/10/2002,4.9
11/10/2002,84.1
12/10/2002,37.1
13/10/2002,28.5
14/10/2002,21.1
15/10/2002,0.0
16/10/2002,0.6
17/10/2002,28.6
18/10/2002,1.6
19/10/2002,23.9
20/10/2002,0.8
21/10/2002,60.0
22/10/2002,0.0
23/10/2002,0.8
24/10/2002,0.0
25/10/2002,0.0
26/10/2002,0.0
27/10/2002,2.0
28/10/2002,2.4
29/10/2002,9.2
30/10/2002,2.4
31/10/2002,0.0
01/11/2002,9.2
02/11/2002,6.6
03/11/2002,11.5
04/11/2002,2.6
05/11/2002,0.0
06/11/2002,1.1
07/11/2002,0.0
08/11/2002,0.0
09/11/2002,53.4
10/11/2002,19.7
11/11/2002,9.0
12/11/2002,0.9
13/11/2002,0.0
14/11/2002,4.8
15/11/2002,14.6
16/11/2002,5.9
17/11/2002,97.5
18/11/2002,21.9
19/11/2002,34.9
20/11/2002,34.9
21/11/2002,14.5
22/11/2002,0.0
23/11/2002,1.4
24/11/2002,23.1
25/11/2002,5.6
26/11/2002,0.0
27/11/2002,0.0
28/11/2002,0.0
29/11/2002,1.9
30/11/2002,15.8
01/12/2002,70.6
02/12/2002,10.9
03/12/2002,0.0
04/12/2002,0.0
05/12/2002,1.3
06/12/2002,6.2
07/12/2002,5.1
08/12/2002,6.6
09/12/2002,9.1
10/12/2002,2.6
11/12/2002,5.0
12/12/2002,12.3
13/12/2002,29.9
14/12/2002,130.6
15/12/2002,8.7
16/12/2002,16.3
17/12/2002,12.6
18/12/2002,11.7
19/12/2002,14.4
20/12/2002,0.6
21/12/2002,1.3
22/12/2002,2.3
23/12/2002,0.0
24/12/2002,11.6
25/12/2002,16.3
26/12/2002,5.6
27/12/2002,4.4
28/12/2002,0.0
29/12/2002,0.0
30/12/2002,4.8
31/12/2002,3.1
01/01/2003,5.1
02/01/2003,51.6
03/01/2003,10.1
04/01/2003,33.3
05/01/2003,0.0
06/01/2003,6.0
07/01/2003,3.6
08/01/2003,0.0
09/01/2003,1.1
10/01/2003,0.0
11/01/2003,1.4
12/01/2003,0.0
13/01/2003,0.0
14/01/2003,0.0
15/01/2003,3.3
16/01/2003,2.4
17/01/2003,13.1
18/01/2003,34.0
19/01/2003,45.4
20/01/2003,6.8
21/01/2003,0.3
22/01/2003,14.3
23/01/2003,19.0
24/01/2003,0.2
25/01/2003,0.0
26/01/2003,0.0
27/01/2003,0.0
28/01/2003,0.0
29/01/2003,0.8
30/01/2003,0.1
31/01/2003,1.6
01/02/2003,0.7
02/02/2003,0.2
03/02/2003,0.9
04/02/2003,0.3
05/02/2003,0.0
06/02/2003,7.8
07/02/2003,1.2
08/02/2003,45.7
09/02/2003,31.5
10/02/2003,13.6
11/02/2003,5.0
12/02/2003,0.0
13/02/2003,0.0
14/02/2003,0.0
15/02/2003,0.0
16/02/2003,0.0
17/02/2003,0.0
18/02/2003,0.0
19/02/2003,0.0
20/02/2003,0.0
21/02/2003,0.0
22/02/2003,0.0
23/02/2003,0.0
24/02/2003,0.0
25/02/2003,93.8
26/02/2003,0.6
27/02/2003,0.0
28/02/2003,0.0
01/03/2003,0.0
02/03/2003,4.7
03/03/2003,0.0
04/03/2003,2.0
05/03/2003,2.1
06/03/2003,0.3
07/03/2003,0.0
08/03/2003,7.5
09/03/2003,26.8
10/03/2003,36.5
11/03/2003,1.4
12/03/2003,2.6
13/03/2003,0.0
14/03/2003,24.0
15/03/2003,1.0
16/03/2003,0.0
17/03/2003,0.0
18/03/2003,0.0
19/03/2003,0.0
20/03/2003,0.0
21/03/2003,3.3
22/03/2003,9.3
23/03/2003,2.4
24/03/2003,0.2
25/03/2003,9.4
26/03/2003,34.3
27/03/2003,29.3
28/03/2003,0.5
29/03/2003,20.6
30/03/2003,7.1
31/03/2003,16.2
01/04/2003,22.6
02/04/2003,0.8
03/04/2003,0.0
04/04/2003,1.7
05/04/2003,12.9
06/04/2003,5.3
07/04/2003,5.4
08/04/2003,0.6
09/04/2003,0.6
10/04/2003,0.4
11/04/2003,0.0
12/04/2003,0.0
13/04/2003,0.0
14/04/2003,0.0
15/04/2003,0.0
16/04/2003,0.0
17/04/2003,0.0
18/04/2003,0.0
19/04/2003,0.0
20/04/2003,0.0
21/04/2003,0.0
22/04/2003,0.0
23/04/2003,0.0
24/04/2003,0.0
25/04/2003,0.0
26/04/2003,0.0
27/04/2003,0.0
28/04/2003,0.0
29/04/2003,0.0
30/04/2003,0.0
01/05/2003,0.0
02/05/2003,0.0
03/05/2003,0.0
04/05/2003,21.8
05/05/2003,6.0
06/05/2003,0.5
07/05/2003,74.7
08/05/2003,1.4
09/05/2003,0.0
10/05/2003,25.0
11/05/2003,0.0
12/05/2003,1.1
13/05/2003,0.8
14/05/2003,0.0
15/05/2003,0.0
16/05/2003,1.3
17/05/2003,0.0
18/05/2003,0.0
19/05/2003,0.0
20/05/2003,0.0
21/05/2003,0.0
22/05/2003,0.0
23/05/2003,0.0
24/05/2003,0.0
25/05/2003,10.3
26/05/2003,0.0
27/05/2003,0.0
28/05/2003,0.0
29/05/2003,0.0
30/05/2003,0.0
31/05/2003,0.0
01/06/2003,0.0
02/06/2003,0.0
03/06/2003,0.0
04/06/2003,0.0
05/06/2003,0.0
06/06/2003,4.3
07/06/2003,0.0
08/06/2003,0.0
09/06/2003,0.0
10/06/2003,2.6
11/06/2003,0.0
12/06/2003,1.9
13/06/2003,7.4
14/06/2003,2.2
15/06/2003,20.5
16/06/2003,21.2
17/06/2003,7.5
18/06/2003,0.7
19/06/2003,2.3
20/06/2003,0.0
21/06/2003,40.2
22/06/2003,0.0
23/06/2003,25.8
24/06/2003,34.2
25/06/2003,10.3
26/06/2003,0.4
27/06/2003,46.3
28/06/2003,6.6
29/06/2003,7.1
30/06/2003,3.8
01/07/2003,57.3
02/07/2003,6.9
03/07/2003,0.0
04/07/2003,29.7
05/07/2003,0.7
06/07/2003,0.0
07/07/2003,0.7
08/07/2003,0.0
09/07/2003,0.0
10/07/2003,3.1
11/07/2003,3.0
12/07/2003,12.8
13/07/2003,5.1
14/07/2003,18.0
15/07/2003,23.2
16/07/2003,1.1
17/07/2003,36.3
18/07/2003,4.9
19/07/2003,0.8
20/07/2003,26.0
21/07/2003,0.0
22/07/2003,0.0
23/07/2003,0.0
24/07/2003,0.0
25/07/2003,0.0
26/07/2003,0.0
27/07/2003,0.0
28/07/2003,0.0
29/07/2003,6.5
30/07/2003,0.0
31/07/2003,0.0
01/08/2003,0.0
02/08/2003,13.6
03/08/2003,3.2
04/08/2003,0.0
05/08/2003,0.0
06/08/2003,0.0
07/08/2003,0.0
08/08/2003,7.7
09/08/2003,0.9
10/08/2003,1.6
11/08/2003,11.2
12/08/2003,0.5
13/08/2003,3.8
14/08/2003,1.2
15/08/2003,11.8
16/08/2003,0.0
17/08/2003,0.7
18/08/2003,0.4
19/08/2003,0.0
20/08/2003,0.0
21/08/2003,0.0
22/08/2003,1.6
23/08/2003,0.2
24/08/2003,0.0
25/08/2003,0.0
26/08/2003,7.2
27/08/2003,30.3
28/08/2003,7.6
29/08/2003,0.0
30/08/2003,2.9
31/08/2003,32.1
01/09/2003,4.9
02/09/2003,58.7
03/09/2003,6.7
04/09/2003,0.2
05/09/2003,6.4
06/09/2003,0.0
07/09/2003,8.7
08/09/2003,0.0
09/09/2003,0.0
10/09/2003,24.1
11/09/2003,9.6
12/09/2003,3.4
13/09/2003,25.4
14/09/2003,4.1
15/09/2003,0.9
16/09/2003,6.3
17/09/2003,13.8
18/09/2003,2.0
19/09/2003,28.3
20/09/2003,0.0
21/09/2003,5.6
22/09/2003,0.6
23/09/2003,0.0
24/09/2003,0.8
25/09/2003,0.5
26/09/2003,17.6
27/09/2003,0.6
28/09/2003,0.8
29/09/2003,1.0
30/09/2003,2.4
01/10/2003,0.8
02/10/2003,25.0
03/10/2003,13.0
04/10/2003,41.0
05/10/2003,6.6
06/10/2003,4.2
07/10/2003,22.4
08/10/2003,2.1
09/10/2003,30.4
10/10/2003,16.6
11/10/2003,0.3
12/10/2003,3.6
13/10/2003,2.1
14/10/2003,7.3
15/10/2003,0.6
16/10/2003,0.0
17/10/2003,23.1
18/10/2003,0.0
19/10/2003,12.0
20/10/2003,0.0
21/10/2003,0.0
22/10/2003,1.2
23/10/2003,1.4
24/10/2003,1.6
25/10/2003,17.6
26/10/2003,3.0
27/10/2003,2.2
28/10/2003,4.9
29/10/2003,9.9
30/10/2003,1.1
31/10/2003,0.0
01/11/2003,5.7
02/11/2003,2.2
03/11/2003,1.5
04/11/2003,12.9
05/11/2003,9.0
06/11/2003,0.0
07/11/2003,0.8
08/11/2003,39.3
09/11/2003,3.4
10/11/2003,0.0
11/11/2003,1.6
12/11/2003,0.0
13/11/2003,0.7
14/11/2003,54.4
15/11/2003,5.7
16/11/2003,4.3
17/11/2003,9.8
18/11/2003,4.2
19/11/2003,4.8
20/11/2003,7.0
21/11/2003,23.6
22/11/2003,0.0
23/11/2003,4.4
24/11/2003,39.1
25/11/2003,16.2
26/11/2003,60.6
27/11/2003,26.4
28/11/2003,272.5
29/11/2003,48.2
30/11/2003,132.1
01/12/2003,56.5
02/12/2003,17.6
03/12/2003,39.0
04/12/2003,3.5
05/12/2003,7.7
06/12/2003,219.5
07/12/2003,72.7
08/12/2003,105.3
09/12/2003,102.0
10/12/2003,87.9
11/12/2003,1.7
12/12/2003,66.8
13/12/2003,39.2
14/12/2003,4.5
15/12/2003,1.9
16/12/2003,1.4
17/12/2003,1.8
18/12/2003,0.0
19/12/2003,19.4
20/12/2003,27.2
21/12/2003,26.9
22/12/2003,3.6
23/12/2003,0.0
24/12/2003,0.0
25/12/2003,0.0
26/12/2003,0.6
27/12/2003,2.4
28/12/2003,5.8
29/12/2003,14.2
30/12/2003,33.2
31/12/2003,8.1
01/01/2004,0.5
02/01/2004,0.0
03/01/2004,0.9
04/01/2004,9.2
05/01/2004,0.0
06/01/2004,0.9
07/01/2004,1.8
08/01/2004,1.0
09/01/2004,36.3
10/01/2004,20.9
11/01/2004,5.3
12/01/2004,3.6
13/01/2004,7.1
14/01/2004,0.0
15/01/2004,0.5
16/01/2004,0.0
17/01/2004,0.0
18/01/2004,0.0
19/01/2004,0.0
20/01/2004,0.0
21/01/2004,0.0
22/01/2004,3.9
23/01/2004,0.5
24/01/2004,2.2
25/01/2004,0.3
26/01/2004,1.1
27/01/2004,9.7
28/01/2004,104.7
29/01/2004,73.8
30/01/2004,24.2
31/01/2004,1.2
01/02/2004,18.5
02/02/2004,11.3
03/02/2004,0.2
04/02/2004,0.0
05/02/2004,0.0
06/02/2004,0.0
07/02/2004,4.2
08/02/2004,5.2
09/02/2004,0.0
10/02/2004,0.0
11/02/2004,0.6
12/02/2004,0.4
13/02/2004,3.5
14/02/2004,4.3
15/02/2004,0.4
16/02/2004,0.0
17/02/2004,0.0
18/02/2004,0.0
19/02/2004,1.0
20/02/2004,0.0
21/02/2004,0.0
22/02/2004,0.0
23/02/2004,0.0
24/02/2004,0.0
25/02/2004,0.0
26/02/2004,0.0
27/02/2004,0.0
28/02/2004,0.0
29/02/2004,0.0
01/03/2004,0.0
02/03/2004,0.0
03/03/2004,0.0
04/03/2004,0.0
05/03/2004,3.2
06/03/2004,13.2
07/03/2004,0.0
08/03/2004,19.8
09/03/2004,29.5
10/03/2004,4.5
11/03/2004,4.4
12/03/2004,38.3
13/03/2004,10.1
14/03/2004,20.8
15/03/2004,2.1
16/03/2004,27.0
17/03/2004,0.0
18/03/2004,0.0
19/03/2004,0.0
20/03/2004,0.0
21/03/2004,0.0
22/03/2004,0.0
23/03/2004,0.0
24/03/2004,17.4
25/03/2004,3.2
26/03/2004,0.0
27/03/2004,0.0
28/03/2004,0.0
29/03/2004,0.0
30/03/2004,0.0
31/03/2004,1.3
01/04/2004,2.2
02/04/2004,0.0
03/04/2004,0.0
04/04/2004,6.8
05/04/2004,0.0
06/04/2004,0.0
07/04/2004,0.0
08/04/2004,0.0
09/04/2004,0.0
10/04/2004,0.0
11/04/2004,0.0
12/04/2004,0.0
13/04/2004,0.0
14/04/2004,23.9
15/04/2004,6.0
16/04/2004,0.0
17/04/2004,2.4
18/04/2004,0.0
19/04/2004,0.0
20/04/2004,0.0
21/04/2004,0.0
22/04/2004,0.0
23/04/2004,1.7
24/04/2004,31.3
25/04/2004,9.0
26/04/2004,3.2
27/04/2004,0.0
28/04/2004,0.0
29/04/2004,1.5
30/04/2004,4.1
01/05/2004,6.5
02/05/2004,2.2
03/05/2004,15.6
04/05/2004,1.2
05/05/2004,3.4
06/05/2004,0.0
07/05/2004,1.2
08/05/2004,0.5
09/05/2004,0.0
10/05/2004,0.0
11/05/2004,14.0
12/05/2004,0.0
13/05/2004,2.5
14/05/2004,2.5
15/05/2004,0.0
16/05/2004,0.0
17/05/2004,1.8
18/05/2004,0.0
19/05/2004,0.0
20/05/2004,0.0
21/05/2004,1.5
22/05/2004,0.0
23/05/2004,34.4
24/05/2004,10.5
25/05/2004,27.4
26/05/2004,0.0
27/05/2004,1.1
28/05/2004,3.7
29/05/2004,0.0
30/05/2004,0.0
31/05/2004,13.5
01/06/2004,0.6
02/06/2004,28.7
03/06/2004,0.4
04/06/2004,15.2
05/06/2004,0.9
06/06/2004,2.7
07/06/2004,0.4
08/06/2004,4.8
09/06/2004,5.9
10/06/2004,1.5
11/06/2004,18.3
12/06/2004,5.6
13/06/2004,0.5
14/06/2004,3.1
15/06/2004,0.0
16/06/2004,0.0
17/06/2004,0.0
18/06/2004,0.0
19/06/2004,0.0
20/06/2004,0.0
21/06/2004,0.0
22/06/2004,0.0
23/06/2004,0.0
24/06/2004,0.0
25/06/2004,2.2
26/06/2004,1.0
27/06/2004,0.7
28/06/2004,0.0
29/06/2004,19.1
30/06/2004,0.3
01/07/2004,0.0
02/07/2004,2.1
03/07/2004,4.9
04/07/2004,13.3
05/07/2004,1.0
06/07/2004,0.0
07/07/2004,0.0
08/07/2004,19.2
09/07/2004,8.7
10/07/2004,1.0
11/07/2004,2.2
12/07/2004,0.0
13/07/2004,0.0
14/07/2004,1.0
15/07/2004,0.0
16/07/2004,5.4
17/07/2004,0.0
18/07/2004,0.0
19/07/2004,10.9
20/07/2004,0.0
21/07/2004,0.0
22/07/2004,0.0
23/07/2004,0.0
24/07/2004,0.0
25/07/2004,0.0
26/07/2004,2.2
27/07/2004,0.0
28/07/2004,3.7
29/07/2004,4.6
30/07/2004,0.0
31/07/2004,0.0
01/08/2004,28.6
02/08/2004,0.0
03/08/2004,0.0
04/08/2004,0.0
05/08/2004,0.0
06/08/2004,0.0
07/08/2004,0.0
08/08/2004,0.0
09/08/2004,0.0
10/08/2004,0.0
11/08/2004,0.0
12/08/2004,1.3
13/08/2004,6.7
14/08/2004,5.8
15/08/2004,3.9
16/08/2004,0.1
17/08/2004,0.0
18/08/2004,0.0
19/08/2004,0.0
20/08/2004,0.0
21/08/2004,0.0
22/08/2004,0.0
23/08/2004,7.9
24/08/2004,0.0
25/08/2004,3.1
26/08/2004,0.3
27/08/2004,18.2
28/08/2004,4.6
29/08/2004,8.1
30/08/2004,1.0
31/08/2004,1.2
01/09/2004,0.0
02/09/2004,0.0
03/09/2004,1.9
04/09/2004,0.0
05/09/2004,0.0
06/09/2004,2.0
07/09/2004,0.0
08/09/2004,0.4
09/09/2004,0.0
10/09/2004,1.2
11/09/2004,0.0
12/09/2004,0.0
13/09/2004,58.0
14/09/2004,27.5
15/09/2004,0.0
16/09/2004,1.4
17/09/2004,0.0
18/09/2004,8.7
19/09/2004,9.8
20/09/2004,9.4
21/09/2004,11.3
22/09/2004,0.5
23/09/2004,0.9
24/09/2004,6.6
25/09/2004,4.7
26/09/2004,32.4
27/09/2004,10.5
28/09/2004,3.9
29/09/2004,2.6
30/09/2004,0.7
01/10/2004,1.5
02/10/2004,22.0
03/10/2004,0.0
04/10/2004,0.5
05/10/2004,0.0
06/10/2004,1.2
07/10/2004,0.9
08/10/2004,0.0
09/10/2004,0.0
10/10/2004,0.0
11/10/2004,0.0
12/10/2004,15.6
13/10/2004,37.4
14/10/2004,1.2
15/10/2004,0.0
16/10/2004,0.0
17/10/2004,0.0
18/10/2004,0.0
19/10/2004,3.0
20/10/2004,0.5
21/10/2004,1.0
22/10/2004,0.0
23/10/2004,10.9
24/10/2004,2.3
25/10/2004,15.8
26/10/2004,27.1
27/10/2004,60.9
28/10/2004,14.4
26/11/2004,5.4
27/11/2004,45.8
28/11/2004,49.2
29/11/2004,24.6
30/11/2004,21.6
01/12/2004,0.0
02/12/2004,0.0
03/12/2004,0.0
04/12/2004,0.0
05/12/2004,0.0
06/12/2004,12.7
07/12/2004,41.2
08/12/2004,123.9
09/12/2004,100.6
10/12/2004,233.2
11/12/2004,165.9
12/12/2004,27.1
13/12/2004,18.9
14/12/2004,0.7
15/12/2004,0.0
16/12/2004,2.0
17/12/2004,13.3
18/12/2004,0.0
19/12/2004,0.0
20/12/2004,0.0
21/12/2004,0.0
22/12/2004,0.0
23/12/2004,0.0
24/12/2004,0.0
25/12/2004,0.5
26/12/2004,0.6
27/12/2004,0.0
28/12/2004,1.8
29/12/2004,15.3
30/12/2004,50.6
31/12/2004,6.1
01/01/2005,0.4
02/01/2005,0.5
03/01/2005,0.4
04/01/2005,1.6
05/01/2005,0.2
06/01/2005,0.0
07/01/2005,20.0
08/01/2005,40.7
09/01/2005,4.1
10/01/2005,0.8
11/01/2005,0.0
12/01/2005,6.0
13/01/2005,1.0
14/01/2005,1.8
15/01/2005,0.0
16/01/2005,3.0
17/01/2005,0.5
18/01/2005,0.0
19/01/2005,0.0
20/01/2005,0.0
21/01/2005,2.6
22/01/2005,12.8
23/01/2005,0.0
17/10/2006,0.5
18/10/2006,0.0
19/10/2006,1.5
20/10/2006,1.4
21/10/2006,1.1
22/10/2006,44.2
23/10/2006,1.3
24/10/2006,17.9
25/10/2006,15.6
26/10/2006,0.0
27/10/2006,4.5
28/10/2006,0.0
29/10/2006,0.0
30/10/2006,0.0
31/10/2006,5.0
01/11/2006,2.0
02/11/2006,0.5
03/11/2006,3.3
04/11/2006,0.2
05/11/2006,0.5
06/11/2006,4.5
07/11/2006,38.5
08/11/2006,40.0
09/11/2006,6.0
10/11/2006,2.4
11/11/2006,5.1
12/11/2006,0.4
13/11/2006,11.6
14/11/2006,0.0
15/11/2006,0.5
16/11/2006,2.3
17/11/2006,25.2
18/11/2006,16.7
19/11/2006,8.8
20/11/2006,0.0
21/11/2006,26.0
22/11/2006,4.5
23/11/2006,1.8
24/11/2006,16.1
25/11/2006,1.6
26/11/2006,13.3
27/11/2006,0.7
28/11/2006,4.0
29/11/2006,13.2
30/11/2006,10.3
01/12/2006,12.4
02/12/2006,2.1
03/12/2006,8.5
04/12/2006,0.0
05/12/2006,0.0
06/12/2006,0.0
07/12/2006,21.4
08/12/2006,36.6
09/12/2006,17.0
10/12/2006,0.4
11/12/2006,32.6
12/12/2006,0.0
13/12/2006,14.5
14/12/2006,6.3
15/12/2006,10.2
16/12/2006,42.9
17/12/2006,53.7
18/12/2006,35.7
19/12/2006,35.7
20/12/2006,106.2
21/12/2006,85.2
22/12/2006,10.2
23/12/2006,0.0
24/12/2006,0.0
25/12/2006,0.5
26/12/2006,8.6
27/12/2006,3.3
28/12/2006,5.6
29/12/2006,0.0
30/12/2006,0.0
31/12/2006,0.0
01/01/2007,0.5
02/01/2007,0.0
03/01/2007,0.0
04/01/2007,0.0
05/01/2007,0.0
06/01/2007,4.1
07/01/2007,72.2
08/01/2007,30.3
09/01/2007,59.8
10/01/2007,16.5
11/01/2007,22.7
12/01/2007,16.5
13/01/2007,45.5
14/01/2007,38.0
15/01/2007,2.9
16/01/2007,1.1
17/01/2007,2.0
18/01/2007,22.1
19/01/2007,14.2
20/01/2007,12.2
21/01/2007,1.8
22/01/2007,2.6
23/01/2007,11.4
24/01/2007,0.1
25/01/2007,16.3
26/01/2007,50.2
27/01/2007,10.1
28/01/2007,1.4
29/01/2007,0.0
30/01/2007,0.0
31/01/2007,0.0
01/02/2007,0.0
02/02/2007,0.0
03/02/2007,0.0
04/02/2007,0.0
05/02/2007,0.5
06/02/2007,0.0
07/02/2007,1.0
08/02/2007,0.0
09/02/2007,0.0
10/02/2007,0.0
11/02/2007,3.7
12/02/2007,40.3
13/02/2007,0.0
14/02/2007,0.0
15/02/2007,2.4
16/02/2007,3.6
17/02/2007,2.0
18/02/2007,0.0
19/02/2007,0.0
20/02/2007,0.0
21/02/2007,0.0
22/02/2007,0.0
23/02/2007,3.0
24/02/2007,0.0
25/02/2007,0.0
26/02/2007,0.0
27/02/2007,0.0
28/02/2007,6.0
01/03/2007,0.0
02/03/2007,0.0
03/03/2007,0.0
04/03/2007,0.0
05/03/2007,0.0
06/03/2007,0.0
07/03/2007,0.0
08/03/2007,0.0
09/03/2007,0.0
10/03/2007,0.0
11/03/2007,1.9
12/03/2007,20.1
13/03/2007,4.4
14/03/2007,6.1
15/03/2007,0.0
16/03/2007,4.0
17/03/2007,9.0
18/03/2007,0.0
19/03/2007,21.0
20/03/2007,21.7
21/03/2007,13.6
22/03/2007,0.6
23/03/2007,0.1
24/03/2007,45.5
25/03/2007,0.8
26/03/2007,0.2
27/03/2007,0.5
28/03/2007,5.5
29/03/2007,23.0
30/03/2007,0.4
31/03/2007,20.1
01/04/2007,25.5
02/04/2007,20.0
03/04/2007,0.0
04/04/2007,0.0
05/04/2007,0.0
06/04/2007,8.5
07/04/2007,5.0
08/04/2007,19.8
09/04/2007,14.2
10/04/2007,30.0
11/04/2007,0.0
12/04/2007,1.2
13/04/2007,14.8
14/04/2007,0.5
15/04/2007,0.0
16/04/2007,0.0
17/04/2007,0.0
18/04/2007,0.0
19/04/2007,32.0
20/04/2007,0.5
21/04/2007,1.0
22/04/2007,0.0
23/04/2007,0.0
24/04/2007,5.0
25/04/2007,0.5
26/04/2007,3.0
27/04/2007,1.5
28/04/2007,0.0
29/04/2007,29.0
30/04/2007,3.0
01/05/2007,0.0
02/05/2007,0.0
03/05/2007,1.0
04/05/2007,0.0
05/05/2007,8.4
06/05/2007,2.1
07/05/2007,2.9
08/05/2007,16.0
09/05/2007,22.1
10/05/2007,13.5
11/05/2007,5.0
12/05/2007,6.5
13/05/2007,33.0
14/05/2007,5.5
15/05/2007,2.8
16/05/2007,4.3
17/05/2007,3.9
18/05/2007,23.5
19/05/2007,0.0
20/05/2007,2.0
21/05/2007,1.0
22/05/2007,5.0
23/05/2007,0.0
24/05/2007,1.5
25/05/2007,1.5
26/05/2007,22.5
27/05/2007,9.0
28/05/2007,11.5
29/05/2007,0.4
30/05/2007,4.1
31/05/2007,4.5
01/06/2007,0.5
02/06/2007,0.0
03/06/2007,0.0
04/06/2007,1.5
05/06/2007,5.0
06/06/2007,13.0
07/06/2007,0.4
08/06/2007,42.6
09/06/2007,12.5
10/06/2007,0.5
11/06/2007,2.5
12/06/2007,8.2
13/06/2007,20.3
14/06/2007,0.0
15/06/2007,24.5
16/06/2007,8.5
17/06/2007,31.5
18/06/2007,0.3
19/06/2007,1.7
20/06/2007,23.3
21/06/2007,0.2
22/06/2007,16.5
23/06/2007,0.0
24/06/2007,0.5
25/06/2007,0.5
26/06/2007,21.0
27/06/2007,0.0
28/06/2007,0.0
29/06/2007,0.0
30/06/2007,0.0
01/07/2007,0.0
02/07/2007,0.0
03/07/2007,0.0
04/07/2007,0.4
05/07/2007,0.6
06/07/2007,0.0
07/07/2007,0.0
08/07/2007,5.1
09/07/2007,2.9
10/07/2007,0.0
11/07/2007,0.0
12/07/2007,0.0
13/07/2007,0.5
14/07/2007,47.9
15/07/2007,1.6
16/07/2007,0.4
17/07/2007,30.6
18/07/2007,9.5
19/07/2007,0.5
20/07/2007,0.0
21/07/2007,1.0
22/07/2007,22.0
23/07/2007,4.5
24/07/2007,5.5
25/07/2007,1.5
26/07/2007,10.0
27/07/2007,1.6
28/07/2007,14.4
29/07/2007,0.0
30/07/2007,10.5
31/07/2007,32.5
01/08/2007,0.0
02/08/2007,0.0
03/08/2007,0.0
04/08/2007,1.0
05/08/2007,0.5
06/08/2007,16.4
07/08/2007,43.7
08/08/2007,0.0
09/08/2007,0.0
10/08/2007,0.0
11/08/2007,0.0
12/08/2007,0.5
13/08/2007,32.5
14/08/2007,37.8
15/08/2007,1.2
16/08/2007,42.8
17/08/2007,14.7
18/08/2007,1.0
19/08/2007,3.0
20/08/2007,62.0
21/08/2007,0.0
22/08/2007,5.0
23/08/2007,23.5
24/08/2007,40.5
25/08/2007,0.0
26/08/2007,0.0
27/08/2007,14.8
28/08/2007,9.2
29/08/2007,0.0
30/08/2007,0.0
31/08/2007,0.0
01/09/2007,0.0
02/09/2007,14.5
03/09/2007,28.0
04/09/2007,62.9
05/09/2007,0.1
06/09/2007,0.0
07/09/2007,3.0
08/09/2007,14.5
09/09/2007,1.0
10/09/2007,0.0
11/09/2007,10.0
12/09/2007,0.5
13/09/2007,28.1
14/09/2007,6.0
15/09/2007,37.0
16/09/2007,0.0
17/09/2007,0.0
18/09/2007,4.0
19/09/2007,0.0
20/09/2007,0.0
21/09/2007,28.6
22/09/2007,33.4
23/09/2007,16.0
24/09/2007,12.9
25/09/2007,4.6
26/09/2007,35.5
27/09/2007,0.0
28/09/2007,0.0
29/09/2007,0.0
30/09/2007,32.8
01/10/2007,4.2
02/10/2007,0.0
03/10/2007,0.4
04/10/2007,1.0
05/10/2007,6.1
06/10/2007,0.8
07/10/2007,1.2
08/10/2007,18.3
09/10/2007,0.2
10/10/2007,26.5
11/10/2007,4.5
12/10/2007,27.0
13/10/2007,11.0
14/10/2007,0.8
15/10/2007,2.7
16/10/2007,46.0
17/10/2007,0.5
18/10/2007,0.5
19/10/2007,1.0
20/10/2007,8.0
21/10/2007,10.5
22/10/2007,32.8
23/10/2007,25.1
24/10/2007,22.4
25/10/2007,6.0
26/10/2007,3.0
27/10/2007,34.3
28/10/2007,3.5
29/10/2007,3.0
30/10/2007,1.0
31/10/2007,0.0
01/11/2007,13.0
02/11/2007,4.0
03/11/2007,1.9
04/11/2007,27.6
05/11/2007,2.5
06/11/2007,13.5
07/11/2007,0.5
08/11/2007,37.5
09/11/2007,18.5
10/11/2007,19.7
11/11/2007,1.3
12/11/2007,1.0
13/11/2007,7.5
14/11/2007,0.0
15/11/2007,0.0
16/11/2007,17.0
17/11/2007,14.3
18/11/2007,7.2
19/11/2007,13.5
20/11/2007,0.0
21/11/2007,0.0
22/11/2007,0.0
23/11/2007,0.0
24/11/2007,12.0
25/11/2007,31.0
26/11/2007,67.2
27/11/2007,140.8
28/11/2007,25.9
29/11/2007,28.3
30/11/2007,60.5
01/12/2007,22.5
02/12/2007,81.8
03/12/2007,25.0
04/12/2007,2.0
05/12/2007,27.0
06/12/2007,81.8
07/12/2007,69.0
08/12/2007,101.2
09/12/2007,47.0
10/12/2007,72.7
11/12/2007,137.3
12/12/2007,29.0
13/12/2007,29.0
14/12/2007,62.0
15/12/2007,23.0
16/12/2007,81.0
17/12/2007,26.0
18/12/2007,5.0
19/12/2007,28.0
20/12/2007,23.0
21/12/2007,6.0
22/12/2007,0.0
23/12/2007,0.0
24/12/2007,0.0
25/12/2007,0.0
26/12/2007,0.0
27/12/2007,0.0
28/12/2007,0.0
29/12/2007,0.0
30/12/2007,0.3
31/12/2007,3.5
01/01/2008,5.5
02/01/2008,0.6
03/01/2008,0.6
04/01/2008,0.6
05/01/2008,0.6
06/01/2008,0.6
07/01/2008,0.6
08/01/2008,1.5
09/01/2008,2.0
10/01/2008,2.4
11/01/2008,2.2
12/01/2008,1.2
13/01/2008,5.3
14/01/2008,3.3
15/01/2008,0.5
16/01/2008,0.4
17/01/2008,1.7
18/01/2008,3.3
19/01/2008,1.4
20/01/2008,1.0
21/01/2008,1.4
22/01/2008,1.4
23/01/2008,0.5
24/01/2008,0.2
25/01/2008,0.3
26/01/2008,0.3
27/01/2008,0.3
28/01/2008,0.1
29/01/2008,0.0
30/01/2008,0.4
31/01/2008,28.6
17/03/2008,6.0
18/03/2008,0.0
19/03/2008,0.0
20/03/2008,1.7
21/03/2008,35.8
22/03/2008,0.0
23/03/2008,5.0
24/03/2008,6.5
25/03/2008,1.8
26/03/2008,3.2
27/03/2008,0.0
28/03/2008,0.5
29/03/2008,0.0
30/03/2008,0.0
31/03/2008,0.5
01/04/2008,0.0
02/04/2008,4.0
03/04/2008,0.0
04/04/2008,0.0
05/04/2008,0.0
06/04/2008,0.0
07/04/2008,0.5
08/04/2008,0.0
09/04/2008,12.0
10/04/2008,26.5
11/04/2008,0.0
12/04/2008,1.5
13/04/2008,22.9
14/04/2008,11.3
15/04/2008,8.8
16/04/2008,8.0
17/04/2008,5.0
18/04/2008,40.0
19/04/2008,1.5
20/04/2008,39.5
21/04/2008,28.0
22/04/2008,0.5
23/04/2008,22.0
24/04/2008,0.5
25/04/2008,17.0
26/04/2008,1.9
27/04/2008,0.6
28/04/2008,0.0
29/04/2008,9.5
30/04/2008,0.0
01/05/2008,0.0
02/05/2008,0.0
03/05/2008,0.0
04/05/2008,0.0
05/05/2008,0.0
06/05/2008,3.0
07/05/2008,0.0
08/05/2008,1.9
09/05/2008,5.4
10/05/2008,5.7
11/05/2008,10.5
12/05/2008,0.0
13/05/2008,0.0
14/05/2008,0.0
15/05/2008,0.0
16/05/2008,3.0
17/05/2008,0.0
18/05/2008,0.0
19/05/2008,0.0
20/05/2008,0.0
21/05/2008,1.0
22/05/2008,0.0
23/05/2008,11.0
24/05/2008,8.0
25/05/2008,17.0
26/05/2008,0.5
27/05/2008,11.8
28/05/2008,0.2
29/05/2008,28.0
30/05/2008,0.5
31/05/2008,4.0
01/06/2008,11.0
02/06/2008,5.5
03/06/2008,0.0
04/06/2008,0.0
05/06/2008,0.0
06/06/2008,13.1
07/06/2008,2.4
08/06/2008,0.5
09/06/2008,12.0
10/06/2008,3.5
11/06/2008,0.0
12/06/2008,0.0
13/06/2008,0.0
14/06/2008,4.0
15/06/2008,7.5
16/06/2008,0.0
17/06/2008,0.0
18/06/2008,13.0
19/06/2008,0.0
20/06/2008,1.5
21/06/2008,0.5
22/06/2008,22.5
23/06/2008,0.4
24/06/2008,24.3
25/06/2008,28.4
26/06/2008,0.4
27/06/2008,47.5
28/06/2008,0.0
29/06/2008,91.5
30/06/2008,13.8
01/07/2008,0.2
02/07/2008,0.0
03/07/2008,9.5
04/07/2008,0.5
05/07/2008,0.0
06/07/2008,0.0
07/07/2008,5.0
08/07/2008,1.5
09/07/2008,2.5
10/07/2008,2.5
11/07/2008,2.5
12/07/2008,0.0
13/07/2008,0.5
14/07/2008,1.5
15/07/2008,5.0
16/07/2008,0.0
17/07/2008,0.0
18/07/2008,0.0
19/07/2008,35.2
20/07/2008,0.3
21/07/2008,0.5
22/07/2008,7.5
23/07/2008,29.5
24/07/2008,0.9
25/07/2008,1.1
26/07/2008,58.1
27/07/2008,0.9
28/07/2008,0.0
29/07/2008,0.0
30/07/2008,0.0
31/07/2008,0.0
01/08/2008,0.0
02/08/2008,0.5
03/08/2008,32.0
04/08/2008,0.0
05/08/2008,4.8
06/08/2008,5.2
07/08/2008,16.5
08/08/2008,0.0
09/08/2008,0.0
10/08/2008,16.0
11/08/2008,0.9
12/08/2008,41.1
13/08/2008,5.5
14/08/2008,0.0
15/08/2008,29.5
16/08/2008,0.9
17/08/2008,3.7
18/08/2008,2.9
19/08/2008,1.1
20/08/2008,27.0
21/08/2008,27.5
22/08/2008,2.0
23/08/2008,20.5
24/08/2008,4.0
25/08/2008,10.0
26/08/2008,5.5
27/08/2008,27.7
28/08/2008,3.1
29/08/2008,15.8
30/08/2008,13.5
31/08/2008,0.0
01/09/2008,4.5
02/09/2008,2.5
03/09/2008,8.0
04/09/2008,17.5
05/09/2008,10.0
06/09/2008,2.2
07/09/2008,2.8
08/09/2008,0.5
09/09/2008,0.0
10/09/2008,7.7
11/09/2008,5.3
12/09/2008,0.0
13/09/2008,26.0
14/09/2008,2.0
15/09/2008,0.0
16/09/2008,2.0
17/09/2008,0.0
18/09/2008,1.0
19/09/2008,0.0
20/09/2008,0.0
21/09/2008,78.7
22/09/2008,0.3
23/09/2008,0.0
24/09/2008,0.0
25/09/2008,0.0
26/09/2008,21.2
27/09/2008,0.3
28/09/2008,0.0
29/09/2008,45.4
30/09/2008,23.6
01/10/2008,0.5
02/10/2008,15.5
03/10/2008,3.2
04/10/2008,55.3
05/10/2008,0.0
06/10/2008,28.0
07/10/2008,44.0
08/10/2008,0.0
09/10/2008,1.0
10/10/2008,0.0
11/10/2008,10.0
12/10/2008,16.5
13/10/2008,39.5
14/10/2008,3.5
15/10/2008,0.4
16/10/2008,3.6
17/10/2008,22.0
18/10/2008,0.0
19/10/2008,2.5
20/10/2008,8.5
21/10/2008,10.5
22/10/2008,29.3
23/10/2008,3.6
24/10/2008,9.7
25/10/2008,1.2
26/10/2008,14.3
27/10/2008,9.0
28/10/2008,0.5
29/10/2008,0.0
30/10/2008,0.0
31/10/2008,2.3
01/11/2008,3.0
02/11/2008,87.7
03/11/2008,0.0
04/11/2008,23.5
05/11/2008,10.5
06/11/2008,0.0
07/11/2008,4.0
08/11/2008,9.2
09/11/2008,1.3
10/11/2008,34.0
11/11/2008,6.5
12/11/2008,1.3
13/11/2008,17.7
14/11/2008,0.0
15/11/2008,0.5
16/11/2008,0.0
17/11/2008,1.5
18/11/2008,9.5
19/11/2008,37.4
20/11/2008,46.4
21/11/2008,18.9
22/11/2008,0.8
23/11/2008,30.5
24/11/2008,32.0
25/11/2008,3.7
26/11/2008,8.8
27/11/2008,7.5
28/11/2008,0.5
29/11/2008,3.5
30/11/2008,0.0
01/12/2008,0.5
02/12/2008,11.9
03/12/2008,10.1
04/12/2008,0.5
05/12/2008,0.5
06/12/2008,113.9
07/12/2008,222.3
08/12/2008,37.8
09/12/2008,0.0
10/12/2008,0.0
11/12/2008,8.5
12/12/2008,0.0
13/12/2008,5.0
14/12/2008,5.5
15/12/2008,3.5
16/12/2008,9.0
17/12/2008,1.0
18/12/2008,0.0
19/12/2008,0.0
20/12/2008,0.0
21/12/2008,0.0
22/12/2008,2.5
23/12/2008,2.7
24/12/2008,1.2
25/12/2008,56.7
26/12/2008,4.0
27/12/2008,9.4
28/12/2008,15.7
29/12/2008,4.4
30/12/2008,19.0
31/12/2008,22.1
01/01/2009,82.3
02/01/2009,106.8
03/01/2009,235.2
04/01/2009,89.1
05/01/2009,3.5
06/01/2009,0.0
07/01/2009,0.0
08/01/2009,19.2
09/01/2009,0.7
10/01/2009,2.1
11/01/2009,0.0
12/01/2009,2.7
13/01/2009,90.2
14/01/2009,11.3
15/01/2009,1.8
16/01/2009,2.8
17/01/2009,3.2
18/01/2009,0.0
19/01/2009,0.0
20/01/2009,0.0
21/01/2009,0.0
22/01/2009,0.0
23/01/2009,0.4
24/01/2009,24.1
25/01/2009,36.4
26/01/2009,0.6
27/01/2009,0.0
28/01/2009,0.0
29/01/2009,0.0
30/01/2009,0.0
31/01/2009,0.0
01/02/2009,0.0
02/02/2009,0.0
03/02/2009,0.0
04/02/2009,1.9
05/02/2009,0.1
06/02/2009,0.0
07/02/2009,0.0
08/02/2009,0.0
09/02/2009,0.0
10/02/2009,0.0
11/02/2009,0.5
12/02/2009,7.0
13/02/2009,0.4
14/02/2009,10.1
15/02/2009,0.0
16/02/2009,0.0
17/02/2009,0.0
18/02/2009,0.0
19/02/2009,0.0
20/02/2009,29.4
21/02/2009,7.4
22/02/2009,1.2
23/02/2009,7.5
24/02/2009,0.5
25/02/2009,2.0
26/02/2009,0.0
27/02/2009,0.5
28/02/2009,3.0
01/03/2009,8.8
02/03/2009,72.6
03/03/2009,25.2
04/03/2009,0.5
05/03/2009,7.3
06/03/2009,44.7
07/03/2009,0.0
08/03/2009,60.8
09/03/2009,17.2
10/03/2009,0.0
11/03/2009,0.0
12/03/2009,0.0
13/03/2009,0.0
14/03/2009,1.3
15/03/2009,84.4
16/03/2009,34.8
17/03/2009,14.2
18/03/2009,38.8
19/03/2009,0.5
20/03/2009,34.5
21/03/2009,7.4
22/03/2009,3.6
23/03/2009,19.0
24/03/2009,50.0
25/03/2009,7.0
26/03/2009,2.0
27/03/2009,22.5
28/03/2009,0.5
29/03/2009,0.0
30/03/2009,0.0
31/03/2009,0.0
01/04/2009,9.0
02/04/2009,19.0
03/04/2009,1.5
04/04/2009,6.5
05/04/2009,4.0
06/04/2009,4.8
07/04/2009,33.7
08/04/2009,0.4
09/04/2009,20.1
10/04/2009,3.0
11/04/2009,0.0
12/04/2009,0.5
13/04/2009,8.0
14/04/2009,5.0
15/04/2009,15.2
16/04/2009,0.3
17/04/2009,5.0
18/04/2009,1.0
19/04/2009,0.0
20/04/2009,11.3
21/04/2009,0.7
22/04/2009,0.0
23/04/2009,12.0
24/04/2009,2.0
25/04/2009,0.0
26/04/2009,0.0
27/04/2009,5.0
28/04/2009,12.5
29/04/2009,1.5
30/04/2009,6.5
01/05/2009,0.0
02/05/2009,56.5
03/05/2009,0.5
04/05/2009,0.0
05/05/2009,0.0
06/05/2009,0.0
07/05/2009,9.5
08/05/2009,34.3
09/05/2009,53.7
10/05/2009,0.0
11/05/2009,16.1
12/05/2009,7.4
13/05/2009,2.4
14/05/2009,4.1
15/05/2009,0.0
16/05/2009,11.0
17/05/2009,0.4
18/05/2009,17.6
19/05/2009,4.0
20/05/2009,0.9
21/05/2009,24.3
22/05/2009,0.3
23/05/2009,1.0
24/05/2009,0.0
25/05/2009,9.0
26/05/2009,4.9
27/05/2009,1.6
28/05/2009,19.3
29/05/2009,2.2
30/05/2009,6.5
31/05/2009,0.0
01/06/2009,0.0
02/06/2009,10.0
03/06/2009,0.0
04/06/2009,0.0
05/06/2009,0.0
06/06/2009,2.3
07/06/2009,3.7
08/06/2009,0.0
09/06/2009,9.0
10/06/2009,0.5
11/06/2009,9.0
12/06/2009,0.0
13/06/2009,0.5
14/06/2009,7.7
15/06/2009,1.8
16/06/2009,0.0
17/06/2009,0.0
18/06/2009,0.0
19/06/2009,0.0
20/06/2009,2.0
21/06/2009,1.0
22/06/2009,64.5
23/06/2009,17.5
24/06/2009,0.0
25/06/2009,26.8
26/06/2009,0.2
27/06/2009,0.5
28/06/2009,4.0
29/06/2009,1.6
30/06/2009,3.9
01/07/2009,44.5
02/07/2009,6.5
03/07/2009,55.9
04/07/2009,7.0
05/07/2009,0.1
06/07/2009,0.0
07/07/2009,16.9
08/07/2009,7.6
09/07/2009,22.5
10/07/2009,9.0
11/07/2009,3.0
12/07/2009,0.0
13/07/2009,0.0
14/07/2009,0.0
15/07/2009,0.0
16/07/2009,0.0
17/07/2009,0.0
18/07/2009,0.0
19/07/2009,0.0
20/07/2009,0.0
21/07/2009,0.0
22/07/2009,37.0
23/07/2009,0.0
24/07/2009,0.0
25/07/2009,0.0
26/07/2009,0.0
27/07/2009,15.0
28/07/2009,38.2
29/07/2009,0.3
30/07/2009,0.0
31/07/2009,0.0
01/08/2009,0.0
02/08/2009,0.0
03/08/2009,0.0
04/08/2009,0.0
05/08/2009,0.0
06/08/2009,13.5
07/08/2009,11.5
08/08/2009,0.5
09/08/2009,4.8
10/08/2009,16.7
11/08/2009,0.0
12/08/2009,62.5
13/08/2009,0.5
14/08/2009,0.0
15/08/2009,4.0
16/08/2009,0.0
17/08/2009,2.5
18/08/2009,26.5
19/08/2009,0.0
20/08/2009,0.5
21/08/2009,2.5
22/08/2009,3.2
23/08/2009,28.6
24/08/2009,10.6
25/08/2009,3.0
26/08/2009,3.5
27/08/2009,7.0
28/08/2009,1.5
29/08/2009,0.0
30/08/2009,5.0
31/08/2009,0.0
01/09/2009,0.0
02/09/2009,0.5
03/09/2009,7.1
04/09/2009,8.9
05/09/2009,3.9
06/09/2009,18.6
07/09/2009,0.0
08/09/2009,0.0
09/09/2009,6.7
10/09/2009,0.3
11/09/2009,0.7
12/09/2009,74.4
13/09/2009,4.4
14/09/2009,0.0
15/09/2009,0.0
16/09/2009,16.0
17/09/2009,40.5
18/09/2009,0.5
19/09/2009,0.0
20/09/2009,0.0
21/09/2009,8.5
22/09/2009,6.5
23/09/2009,45.5
24/09/2009,7.0
25/09/2009,0.0
26/09/2009,8.0
27/09/2009,0.0
28/09/2009,11.0
29/09/2009,0.0
30/09/2009,0.0
01/10/2009,0.0
02/10/2009,6.5
03/10/2009,0.4
04/10/2009,1.6
05/10/2009,25.0
06/10/2009,23.0
07/10/2009,0.0
08/10/2009,28.7
09/10/2009,2.8
10/10/2009,131.0
11/10/2009,0.0
12/10/2009,3.0
13/10/2009,0.0
14/10/2009,0.0
15/10/2009,0.0
16/10/2009,0.0
17/10/2009,0.0
18/10/2009,0.0
19/10/2009,0.0
20/10/2009,0.0
21/10/2009,0.0
22/10/2009,0.0
23/10/2009,0.0
24/10/2009,0.0
25/10/2009,0.0
26/10/2009,0.0
27/10/2009,0.0
28/10/2009,0.0
29/10/2009,0.0
30/10/2009,0.0
31/10/2009,0.0
01/11/2009,0.0
02/11/2009,0.0
03/11/2009,2.6
04/11/2009,35.3
05/11/2009,93.8
06/11/2009,87.6
07/11/2009,5.7
08/11/2009,0.4
09/11/2009,29.1
10/11/2009,1.0
11/11/2009,2.0
12/11/2009,1.2
13/11/2009,7.3
14/11/2009,6.3
15/11/2009,1.3
16/11/2009,0.0
17/11/2009,5.9
18/11/2009,17.1
19/11/2009,17.4
20/11/2009,25.6
21/11/2009,116.1
22/11/2009,112.5
23/11/2009,46.5
24/11/2009,9.3
25/11/2009,0.0
26/11/2009,1.5
27/11/2009,0.5
28/11/2009,0.0
29/11/2009,2.5
30/11/2009,24.7
01/12/2009,48.5
02/12/2009,91.0
03/12/2009,75.3
04/12/2009,17.1
05/12/2009,33.4
06/12/2009,0.5
07/12/2009,0.4
08/12/2009,1.6
09/12/2009,0.0
10/12/2009,0.0
11/12/2009,0.0
12/12/2009,0.0
13/12/2009,0.3
14/12/2009,0.2
15/12/2009,0.0
16/12/2009,4.9
17/12/2009,89.9
18/12/2009,159.1
19/12/2009,60.4
20/12/2009,31.6
21/12/2009,8.8
22/12/2009,7.4
23/12/2009,18.1
24/12/2009,4.2
25/12/2009,0.8
26/12/2009,51.4
27/12/2009,18.4
28/12/2009,0.0
29/12/2009,0.0
30/12/2009,0.0
31/12/2009,0.0
01/01/2010,39.4
02/01/2010,23.7
03/01/2010,43.4
04/01/2010,7.7
05/01/2010,0.3
06/01/2010,14.3
07/01/2010,8.2
08/01/2010,1.5
09/01/2010,0.0
10/01/2010,0.0
11/01/2010,0.0
12/01/2010,0.0
13/01/2010,17.3
14/01/2010,37.4
15/01/2010,0.3
16/01/2010,0.0
17/01/2010,0.0
18/01/2010,1.5
19/01/2010,0.5
20/01/2010,0.5
21/01/2010,23.5
22/01/2010,0.0
23/01/2010,0.5
24/01/2010,2.0
25/01/2010,0.4
26/01/2010,54.6
27/01/2010,29.8
28/01/2010,0.2
29/01/2010,10.2
30/01/2010,0.3
31/01/2010,0.0
01/02/2010,0.0
02/02/2010,0.0
03/02/2010,3.0
04/02/2010,1.0
05/02/2010,0.0
06/02/2010,0.0
07/02/2010,0.0
08/02/2010,0.0
09/02/2010,0.0
10/02/2010,0.0
11/02/2010,2.5
12/02/2010,0.0
13/02/2010,0.0
14/02/2010,0.0
15/02/2010,0.0
16/02/2010,0.4
17/02/2010,8.7
18/02/2010,22.4
19/02/2010,0.0
20/02/2010,0.0
21/02/2010,8.0
22/02/2010,0.0
23/02/2010,0.0
24/02/2010,0.0
25/02/2010,0.0
26/02/2010,0.0
27/02/2010,0.0
28/02/2010,0.0
01/03/2010,0.0
02/03/2010,0.0
03/03/2010,0.0
04/03/2010,0.0
05/03/2010,0.0
06/03/2010,0.0
07/03/2010,0.0
08/03/2010,0.0
09/03/2010,0.0
10/03/2010,5.0
11/03/2010,7.4
12/03/2010,19.0
13/03/2010,60.9
14/03/2010,2.7
15/03/2010,0.0
16/03/2010,0.0
17/03/2010,5.0
18/03/2010,0.4
19/03/2010,72.3
20/03/2010,7.3
21/03/2010,40.0
22/03/2010,1.5
23/03/2010,1.5
24/03/2010,0.0
25/03/2010,0.0
26/03/2010,0.0
27/03/2010,0.0
28/03/2010,13.5
29/03/2010,0.4
30/03/2010,10.1
31/03/2010,0.0
01/04/2010,0.0
02/04/2010,0.0
03/04/2010,24.0
04/04/2010,17.0
05/04/2010,3.0
06/04/2010,0.0
07/04/2010,0.0
08/04/2010,0.0
09/04/2010,0.4
10/04/2010,6.6
11/04/2010,0.0
12/04/2010,0.0
13/04/2010,0.0
14/04/2010,0.0
15/04/2010,0.0
16/04/2010,0.0
17/04/2010,0.4
18/04/2010,30.1
19/04/2010,0.0
20/04/2010,0.0
21/04/2010,11.5
22/04/2010,0.0
23/04/2010,0.0
24/04/2010,0.4
25/04/2010,27.2
26/04/2010,11.9
27/04/2010,6.5
28/04/2010,0.0
29/04/2010,11.5
30/04/2010,0.5
01/05/2010,0.0
02/05/2010,0.0
03/05/2010,0.0
04/05/2010,1.0
05/05/2010,21.0
06/05/2010,0.0
07/05/2010,0.0
08/05/2010,0.0
09/05/2010,4.0
10/05/2010,0.0
11/05/2010,0.0
12/05/2010,3.0
13/05/2010,37.0
14/05/2010,12.5
15/05/2010,0.0
16/05/2010,15.4
17/05/2010,1.6
18/05/2010,0.5
19/05/2010,9.0
20/05/2010,4.0
21/05/2010,1.0
22/05/2010,9.0
23/05/2010,0.0
24/05/2010,0.0
25/05/2010,1.5
26/05/2010,10.0
27/05/2010,13.5
28/05/2010,35.5
29/05/2010,1.0
30/05/2010,4.5
31/05/2010,2.0
01/06/2010,19.5
02/06/2010,0.0
03/06/2010,7.5
04/06/2010,8.5
05/06/2010,16.3
06/06/2010,2.7
07/06/2010,0.5
08/06/2010,0.0
09/06/2010,25.9
10/06/2010,0.6
11/06/2010,2.5
12/06/2010,13.0
13/06/2010,15.0
14/06/2010,0.0
15/06/2010,4.5
16/06/2010,1.4
17/06/2010,0.1
18/06/2010,0.0
19/06/2010,0.0
20/06/2010,0.0
21/06/2010,0.0
22/06/2010,0.0
23/06/2010,5.5
24/06/2010,0.4
25/06/2010,1.6
26/06/2010,32.0
27/06/2010,30.5
28/06/2010,0.5
29/06/2010,2.0
30/06/2010,0.0
01/07/2010,0.0
02/07/2010,4.5
03/07/2010,34.5
04/07/2010,0.0
05/07/2010,0.0
06/07/2010,0.0
07/07/2010,9.5
08/07/2010,11.5
09/07/2010,52.0
10/07/2010,1.0
11/07/2010,73.1
12/07/2010,6.9
13/07/2010,3.6
14/07/2010,1.8
15/07/2010,0.6
16/07/2010,12.5
17/07/2010,0.4
18/07/2010,0.6
19/07/2010,40.0
20/07/2010,1.0
21/07/2010,5.5
22/07/2010,0.0
23/07/2010,0.0
24/07/2010,0.0
25/07/2010,3.3
26/07/2010,1.7
27/07/2010,0.0
28/07/2010,0.0
29/07/2010,7.5
30/07/2010,6.0
31/07/2010,0.0
01/08/2010,0.0
02/08/2010,0.0
03/08/2010,13.9
04/08/2010,10.0
05/08/2010,6.1
06/08/2010,0.4
07/08/2010,4.6
08/08/2010,0.0
09/08/2010,0.0
10/08/2010,0.0
11/08/2010,5.5
12/08/2010,0.0
13/08/2010,2.0
14/08/2010,25.0
15/08/2010,0.5
16/08/2010,45.0
17/08/2010,30.0
18/08/2010,44.5
19/08/2010,1.0
20/08/2010,0.0
21/08/2010,0.0
22/08/2010,0.0
23/08/2010,9.0
24/08/2010,0.0
25/08/2010,0.0
26/08/2010,9.0
27/08/2010,9.5
28/08/2010,2.0
29/08/2010,5.5
30/08/2010,32.5
31/08/2010,7.0
01/09/2010,0.0
02/09/2010,2.0
03/09/2010,0.4
04/09/2010,3.4
05/09/2010,16.7
06/09/2010,11.4
07/09/2010,2.9
08/09/2010,0.1
09/09/2010,7.8
10/09/2010,2.2
11/09/2010,4.0
12/09/2010,0.0
13/09/2010,1.3
14/09/2010,52.2
15/09/2010,2.5
16/09/2010,1.2
17/09/2010,12.3
18/09/2010,49.0
19/09/2010,0.5
20/09/2010,4.5
21/09/2010,6.2
22/09/2010,18.8
23/09/2010,18.0
24/09/2010,2.5
25/09/2010,6.0
26/09/2010,0.0
27/09/2010,23.5
28/09/2010,0.5
29/09/2010,0.9
30/09/2010,0.1
01/10/2010,1.5
02/10/2010,6.7
03/10/2010,0.8
04/10/2010,10.0
05/10/2010,0.0
06/10/2010,8.6
07/10/2010,2.4
08/10/2010,2.0
09/10/2010,1.0
10/10/2010,0.0
11/10/2010,1.0
12/10/2010,0.0
13/10/2010,0.4
14/10/2010,3.6
15/10/2010,0.0
16/10/2010,0.0
17/10/2010,0.4
18/10/2010,11.6
19/10/2010,1.3
20/10/2010,10.2
21/10/2010,6.0
22/10/2010,0.0
23/10/2010,14.0
24/10/2010,0.0
25/10/2010,9.3
26/10/2010,87.2
27/10/2010,1.5
28/10/2010,9.0
29/10/2010,0.4
30/10/2010,6.6
31/10/2010,2.8
01/11/2010,0.2
02/11/2010,9.5
03/11/2010,9.8
04/11/2010,4.2
05/11/2010,4.0
06/11/2010,0.5
07/11/2010,3.0
08/11/2010,16.9
09/11/2010,0.5
10/11/2010,2.2
11/11/2010,26.3
12/11/2010,3.0
13/11/2010,14.7
14/11/2010,18.5
15/11/2010,56.1
16/11/2010,2.4
17/11/2010,1.0
18/11/2010,6.5
19/11/2010,60.7
20/11/2010,9.3
21/11/2010,5.5
22/11/2010,0.5
23/11/2010,3.0
24/11/2010,12.5
25/11/2010,4.1
26/11/2010,8.4
27/11/2010,0.0
28/11/2010,12.5
29/11/2010,1.0
30/11/2010,1.5
01/12/2010,25.0
02/12/2010,1.5
03/12/2010,1.1
04/12/2010,50.8
05/12/2010,27.1
06/12/2010,28.6
07/12/2010,61.8
08/12/2010,3.1
09/12/2010,4.5
10/12/2010,0.0
11/12/2010,5.0
12/12/2010,10.5
13/12/2010,20.0
14/12/2010,26.0
15/12/2010,9.0
16/12/2010,32.4
17/12/2010,13.9
18/12/2010,27.1
19/12/2010,46.4
20/12/2010,21.8
21/12/2010,0.5
22/12/2010,5.4
23/12/2010,20.1
24/12/2010,0.5
25/12/2010,6.9
26/12/2010,0.1
27/12/2010,0.5
28/12/2010,43.7
29/12/2010,94.1
30/12/2010,164.6
31/12/2010,19.6
01/01/2011,56.1
02/01/2011,7.0
03/01/2011,21.4
04/01/2011,0.5
05/01/2011,127.9
06/01/2011,42.0
07/01/2011,29.4
08/01/2011,19.9
09/01/2011,0.8
10/01/2011,24.0
11/01/2011,0.0
12/01/2011,0.0
13/01/2011,0.4
14/01/2011,55.1
15/01/2011,0.0
16/01/2011,0.5
17/01/2011,1.6
18/01/2011,0.4
19/01/2011,0.0
20/01/2011,0.0
21/01/2011,0.0
22/01/2011,0.0
23/01/2011,0.0
24/01/2011,6.4
25/01/2011,19.6
26/01/2011,39.2
27/01/2011,60.0
28/01/2011,41.2
29/01/2011,66.3
30/01/2011,29.9
31/01/2011,21.6
01/02/2011,18.7
02/02/2011,9.3
03/02/2011,7.2
04/02/2011,0.0
05/02/2011,0.0
06/02/2011,0.0
07/02/2011,0.0
08/02/2011,0.0
09/02/2011,0.0
10/02/2011,0.0
11/02/2011,0.0
12/02/2011,0.0
13/02/2011,0.0
14/02/2011,0.4
15/02/2011,19.6
16/02/2011,10.5
17/02/2011,0.0
18/02/2011,0.0
19/02/2011,0.0
20/02/2011,0.0
21/02/2011,0.3
22/02/2011,2.4
23/02/2011,0.7
24/02/2011,3.0
25/02/2011,0.5
26/02/2011,0.0
27/02/2011,0.0
28/02/2011,0.0
01/03/2011,0.0
02/03/2011,0.0
03/03/2011,0.0
04/03/2011,0.0
05/03/2011,0.0
06/03/2011,4.0
07/03/2011,2.3
08/03/2011,44.1
09/03/2011,69.6
10/03/2011,14.4
11/03/2011,112.3
12/03/2011,9.3
13/03/2011,0.5
14/03/2011,0.0
15/03/2011,0.4
16/03/2011,1.6
17/03/2011,1.5
18/03/2011,22.7
19/03/2011,29.6
20/03/2011,9.6
21/03/2011,0.5
22/03/2011,3.5
23/03/2011,0.0
24/03/2011,1.7
25/03/2011,23.8
26/03/2011,6.5
27/03/2011,0.0
28/03/2011,0.5
29/03/2011,13.9
30/03/2011,9.5
31/03/2011,4.5
01/04/2011,12.1
02/04/2011,19.0
03/04/2011,0.0
04/04/2011,6.5
05/04/2011,9.9
06/04/2011,0.6
07/04/2011,0.0
08/04/2011,0.0
09/04/2011,9.8
10/04/2011,132.2
11/04/2011,0.0
12/04/2011,0.0
13/04/2011,0.0
14/04/2011,0.0
15/04/2011,0.0
16/04/2011,4.0
17/04/2011,1.5
18/04/2011,4.5
19/04/2011,22.0
20/04/2011,0.0
21/04/2011,0.0
22/04/2011,0.0
23/04/2011,0.0
24/04/2011,0.0
25/04/2011,0.0
26/04/2011,0.0
27/04/2011,0.0
28/04/2011,0.0
29/04/2011,0.0
30/04/2011,33.0
01/05/2011,41.6
02/05/2011,38.9
03/05/2011,1.0
04/05/2011,0.0
05/05/2011,0.5
06/05/2011,0.0
07/05/2011,18.0
08/05/2011,0.5
09/05/2011,1.5
10/05/2011,6.1
11/05/2011,1.2
12/05/2011,16.2
13/05/2011,0.0
14/05/2011,0.0
15/05/2011,0.0
16/05/2011,0.5
17/05/2011,0.0
18/05/2011,14.5
19/05/2011,0.5
20/05/2011,0.0
21/05/2011,0.5
22/05/2011,13.5
23/05/2011,0.5
24/05/2011,0.0
25/05/2011,0.0
26/05/2011,0.9
27/05/2011,40.6
28/05/2011,1.0
29/05/2011,0.0
30/05/2011,0.3
31/05/2011,0.2
01/06/2011,0.9
02/06/2011,1.1
03/06/2011,0.0
04/06/2011,48.0
05/06/2011,0.0
06/06/2011,0.0
07/06/2011,1.0
08/06/2011,4.8
09/06/2011,3.7
10/06/2011,1.0
11/06/2011,19.5
12/06/2011,0.5
13/06/2011,0.5
14/06/2011,2.9
15/06/2011,1.2
16/06/2011,0.0
17/06/2011,0.0
18/06/2011,0.0
19/06/2011,0.0
20/06/2011,0.0
21/06/2011,63.5
22/06/2011,9.0
23/06/2011,0.0
24/06/2011,0.0
25/06/2011,13.0
26/06/2011,29.5
27/06/2011,0.0
28/06/2011,0.0
29/06/2011,9.5
30/06/2011,0.0
01/07/2011,0.0
02/07/2011,15.3
03/07/2011,41.2
04/07/2011,6.5
05/07/2011,0.0
06/07/2011,0.0
07/07/2011,0.0
08/07/2011,0.0
09/07/2011,0.0
10/07/2011,0.0
11/07/2011,0.0
12/07/2011,1.8
13/07/2011,37.3
14/07/2011,0.4
15/07/2011,7.0
16/07/2011,0.0
17/07/2011,0.0
18/07/2011,0.0
19/07/2011,0.0
20/07/2011,0.0
21/07/2011,0.0
22/07/2011,0.4
23/07/2011,25.1
24/07/2011,14.5
25/07/2011,0.0
26/07/2011,0.0
27/07/2011,1.5
28/07/2011,2.0
29/07/2011,0.0
30/07/2011,0.0
31/07/2011,0.0
01/08/2011,0.0
02/08/2011,8.5
03/08/2011,27.0
04/08/2011,3.5
05/08/2011,16.5
06/08/2011,1.1
07/08/2011,10.4
08/08/2011,0.0
09/08/2011,0.0
10/08/2011,5.5
11/08/2011,5.5
12/08/2011,0.0
13/08/2011,3.0
14/08/2011,0.0
15/08/2011,9.7
16/08/2011,12.8
17/08/2011,2.5
18/08/2011,0.0
19/08/2011,1.0
20/08/2011,5.0
21/08/2011,0.0
22/08/2011,8.0
23/08/2011,6.5
24/08/2011,25.5
25/08/2011,31.0
26/08/2011,0.0
27/08/2011,2.0
28/08/2011,92.7
29/08/2011,14.8
30/08/2011,0.0
31/08/2011,3.5
01/09/2011,0.4
02/09/2011,8.0
03/09/2011,34.6
04/09/2011,20.3
05/09/2011,0.2
06/09/2011,0.0
07/09/2011,1.0
08/09/2011,5.2
09/09/2011,37.3
10/09/2011,0.5
11/09/2011,0.0
12/09/2011,0.0
13/09/2011,3.5
14/09/2011,17.0
15/09/2011,58.0
16/09/2011,2.0
17/09/2011,20.0
18/09/2011,13.3
19/09/2011,0.9
20/09/2011,45.4
21/09/2011,23.6
22/09/2011,26.0
23/09/2011,2.8
24/09/2011,0.9
25/09/2011,20.6
26/09/2011,35.1
27/09/2011,0.9
28/09/2011,0.0
29/09/2011,0.0
30/09/2011,0.0
01/10/2011,25.4
02/10/2011,2.1
03/10/2011,4.5
04/10/2011,54.0
05/10/2011,36.9
06/10/2011,3.1
07/10/2011,6.7
08/10/2011,6.3
09/10/2011,23.5
10/10/2011,0.5
11/10/2011,1.5
12/10/2011,0.0
13/10/2011,0.0
14/10/2011,5.5
15/10/2011,0.0
16/10/2011,30.0
17/10/2011,11.3
18/10/2011,2.1
19/10/2011,9.2
20/10/2011,0.0
21/10/2011,25.5
22/10/2011,22.5
23/10/2011,13.0
24/10/2011,4.9
25/10/2011,10.1
26/10/2011,20.9
27/10/2011,22.1
28/10/2011,11.3
29/10/2011,37.7
30/10/2011,0.0
31/10/2011,0.4
01/11/2011,6.1
02/11/2011,2.5
03/11/2011,0.5
04/11/2011,0.0
05/11/2011,5.4
06/11/2011,0.6
07/11/2011,2.2
08/11/2011,4.3
09/11/2011,0.0
10/11/2011,0.0
11/11/2011,0.0
12/11/2011,6.5
13/11/2011,1.9
14/11/2011,31.3
15/11/2011,14.7
16/11/2011,8.3
17/11/2011,0.2
18/11/2011,0.5
19/11/2011,2.7
20/11/2011,15.1
21/11/2011,38.6
22/11/2011,103.4
23/11/2011,251.4
24/11/2011,72.8
25/11/2011,27.3
26/11/2011,44.9
27/11/2011,31.8
28/11/2011,39.2
29/11/2011,32.3
30/11/2011,0.1
01/12/2011,0.0
02/12/2011,0.0
03/12/2011,1.0
04/12/2011,16.4
05/12/2011,15.1
06/12/2011,2.0
07/12/2011,3.0
08/12/2011,0.0
09/12/2011,0.3
10/12/2011,80.0
11/12/2011,35.5
12/12/2011,18.1
13/12/2011,0.0
14/12/2011,0.5
15/12/2011,0.5
16/12/2011,126.5
17/12/2011,142.8
18/12/2011,43.6
19/12/2011,7.8
20/12/2011,1.7
21/12/2011,30.3
22/12/2011,14.5
23/12/2011,25.6
24/12/2011,16.4
25/12/2011,4.7
26/12/2011,0.4
27/12/2011,6.9
28/12/2011,26.2
29/12/2011,4.0
30/12/2011,24.4
31/12/2011,1.6
01/01/2012,4.9
02/01/2012,19.8
03/01/2012,9.9
04/01/2012,0.0
05/01/2012,0.0
06/01/2012,0.0
07/01/2012,1.2
08/01/2012,13.0
09/01/2012,2.3
10/01/2012,27.4
11/01/2012,14.3
12/01/2012,144.4
13/01/2012,114.0
14/01/2012,4.9
15/01/2012,4.5
16/01/2012,0.0
17/01/2012,0.4
18/01/2012,55.6
19/01/2012,27.6
20/01/2012,4.9
21/01/2012,0.5
22/01/2012,0.5
23/01/2012,0.0
24/01/2012,0.0
25/01/2012,0.0
26/01/2012,0.0
27/01/2012,13.0
28/01/2012,26.5
29/01/2012,1.5
30/01/2012,0.4
31/01/2012,22.8
01/02/2012,13.1
02/02/2012,13.5
03/02/2012,2.2
04/02/2012,0.5
05/02/2012,0.0
06/02/2012,0.0
07/02/2012,0.0
08/02/2012,0.0
09/02/2012,0.0
10/02/2012,0.0
11/02/2012,6.5
12/02/2012,20.5
13/02/2012,4.5
14/02/2012,0.0
15/02/2012,0.0
16/02/2012,0.0
17/02/2012,0.0
18/02/2012,3.8
19/02/2012,3.6
20/02/2012,11.6
21/02/2012,0.0
22/02/2012,3.0
23/02/2012,0.0
24/02/2012,0.0
25/02/2012,0.0
26/02/2012,0.0
27/02/2012,9.0
28/02/2012,11.1
29/02/2012,3.4
01/03/2012,10.3
02/03/2012,66.8
03/03/2012,22.4
04/03/2012,34.5
05/03/2012,28.5
06/03/2012,57.0
07/03/2012,2.3
08/03/2012,16.7
09/03/2012,5.5
10/03/2012,0.8
11/03/2012,8.2
12/03/2012,49.8
13/03/2012,9.1
14/03/2012,11.9
15/03/2012,14.7
16/03/2012,0.0
17/03/2012,30.0
18/03/2012,0.0
19/03/2012,0.0
20/03/2012,0.0
21/03/2012,10.5
22/03/2012,0.0
23/03/2012,0.0
24/03/2012,9.0
25/03/2012,0.4
26/03/2012,86.1
27/03/2012,8.5
28/03/2012,0.0
29/03/2012,0.0
30/03/2012,1.0
31/03/2012,7.5
01/04/2012,15.4
02/04/2012,3.1
03/04/2012,49.5
04/04/2012,0.5
05/04/2012,8.5
06/04/2012,13.5
07/04/2012,0.0
08/04/2012,5.2
09/04/2012,13.3
10/04/2012,26.5
11/04/2012,0.4
12/04/2012,1.1
13/04/2012,5.7
14/04/2012,21.3
15/04/2012,0.5
16/04/2012,20.5
17/04/2012,0.0
18/04/2012,13.0
19/04/2012,18.5
20/04/2012,39.5
21/04/2012,6.5
22/04/2012,68.5
23/04/2012,4.7
24/04/2012,21.8
25/04/2012,0.0
26/04/2012,24.5
27/04/2012,0.4
28/04/2012,0.1
29/04/2012,0.5
30/04/2012,9.6
01/05/2012,4.9
02/05/2012,5.8
03/05/2012,0.2
04/05/2012,11.1
05/05/2012,4.4
06/05/2012,10.0
07/05/2012,0.0
08/05/2012,35.0
09/05/2012,0.0
10/05/2012,0.0
11/05/2012,19.0
12/05/2012,23.0
13/05/2012,0.0
14/05/2012,9.5
15/05/2012,1.0
16/05/2012,0.5
17/05/2012,0.0
18/05/2012,0.0
19/05/2012,2.0
20/05/2012,1.5
21/05/2012,2.5
22/05/2012,0.0
23/05/2012,2.7
24/05/2012,28.5
25/05/2012,8.8
26/05/2012,0.5
27/05/2012,2.0
28/05/2012,33.6
29/05/2012,0.9
30/05/2012,23.5
31/05/2012,18.5
01/06/2012,44.4
02/06/2012,13.5
03/06/2012,3.3
04/06/2012,0.9
05/06/2012,0.8
06/06/2012,2.2
07/06/2012,0.0
08/06/2012,0.0
09/06/2012,0.0
10/06/2012,0.0
11/06/2012,0.0
12/06/2012,0.0
13/06/2012,0.0
14/06/2012,0.0
15/06/2012,0.0
16/06/2012,0.0
17/06/2012,0.0
18/06/2012,0.0
19/06/2012,0.0
20/06/2012,0.0
21/06/2012,4.5
22/06/2012,3.0
23/06/2012,0.0
24/06/2012,5.5
25/06/2012,0.0
26/06/2012,0.0
27/06/2012,0.0
28/06/2012,0.0
29/06/2012,2.5
30/06/2012,0.0
01/07/2012,37.5
02/07/2012,0.0
03/07/2012,0.5
04/07/2012,7.5
05/07/2012,2.0
06/07/2012,0.0
07/07/2012,13.0
08/07/2012,1.0
09/07/2012,1.5
10/07/2012,47.7
11/07/2012,0.8
12/07/2012,0.0
13/07/2012,0.0
14/07/2012,0.0
15/07/2012,5.1
16/07/2012,22.9
17/07/2012,5.0
18/07/2012,0.8
19/07/2012,46.4
20/07/2012,1.8
21/07/2012,0.0
22/07/2012,0.0
23/07/2012,0.0
24/07/2012,0.0
25/07/2012,0.0
26/07/2012,0.0
27/07/2012,0.0
28/07/2012,0.0
29/07/2012,0.0
30/07/2012,0.0
31/07/2012,0.0
01/08/2012,0.0
02/08/2012,0.0
03/08/2012,8.4
04/08/2012,8.1
05/08/2012,0.0
06/08/2012,0.5
07/08/2012,29.8
08/08/2012,0.2
09/08/2012,0.0
10/08/2012,0.0
11/08/2012,0.0
12/08/2012,0.0
13/08/2012,1.3
14/08/2012,27.7
15/08/2012,8.0
16/08/2012,8.0
17/08/2012,3.9
18/08/2012,0.6
19/08/2012,6.5
20/08/2012,56.5
21/08/2012,0.0
22/08/2012,3.0
23/08/2012,0.4
24/08/2012,8.1
25/08/2012,2.0
26/08/2012,0.5
27/08/2012,65.0
28/08/2012,0.0
29/08/2012,0.4
30/08/2012,3.6
31/08/2012,0.5
01/09/2012,0.5
02/09/2012,6.0
03/09/2012,20.9
04/09/2012,17.6
05/09/2012,3.4
06/09/2012,0.0
07/09/2012,57.5
08/09/2012,1.9
09/09/2012,13.1
10/09/2012,0.4
11/09/2012,29.4
12/09/2012,2.6
13/09/2012,5.3
14/09/2012,5.2
15/09/2012,0.0
16/09/2012,0.0
17/09/2012,12.5
18/09/2012,0.0
19/09/2012,29.2
20/09/2012,7.3
21/09/2012,35.4
22/09/2012,0.1
23/09/2012,0.0
24/09/2012,18.5
25/09/2012,2.5
26/09/2012,8.3
27/09/2012,0.2
28/09/2012,0.0
29/09/2012,0.0
30/09/2012,16.8
01/10/2012,9.7
02/10/2012,18.0
03/10/2012,0.0
04/10/2012,24.5
05/10/2012,1.0
06/10/2012,21.5
07/10/2012,12.0
08/10/2012,14.0
09/10/2012,0.0
10/10/2012,1.7
11/10/2012,0.3
12/10/2012,0.0
13/10/2012,29.5
14/10/2012,6.5
15/10/2012,13.5
16/10/2012,36.5
17/10/2012,0.5
18/10/2012,1.1
19/10/2012,16.4
20/10/2012,0.4
21/10/2012,3.7
22/10/2012,5.9
23/10/2012,1.0
24/10/2012,0.0
25/10/2012,12.5
26/10/2012,0.0
27/10/2012,0.0
28/10/2012,0.0
29/10/2012,0.0
30/10/2012,0.3
31/10/2012,3.0
01/11/2012,3.6
02/11/2012,5.0
03/11/2012,14.5
04/11/2012,5.5
05/11/2012,0.0
06/11/2012,12.5
07/11/2012,0.0
08/11/2012,45.2
09/11/2012,11.3
10/11/2012,16.0
11/11/2012,0.0
12/11/2012,4.5
13/11/2012,0.0
14/11/2012,0.0
15/11/2012,0.0
16/11/2012,0.0
17/11/2012,0.0
18/11/2012,0.5
19/11/2012,52.5
20/11/2012,11.5
21/11/2012,0.5
22/11/2012,0.0
23/11/2012,16.0
24/11/2012,7.5
25/11/2012,0.0
26/11/2012,0.0
27/11/2012,1.0
28/11/2012,1.0
29/11/2012,2.1
30/11/2012,0.9
01/12/2012,23.0
02/12/2012,34.0
03/12/2012,2.0
04/12/2012,2.8
05/12/2012,3.2
06/12/2012,0.0
07/12/2012,0.0
08/12/2012,0.5
09/12/2012,8.5
10/12/2012,1.0
11/12/2012,4.5
12/12/2012,0.5
13/12/2012,12.3
14/12/2012,5.6
15/12/2012,24.3
16/12/2012,49.9
17/12/2012,18.3
18/12/2012,50.1
19/12/2012,96.2
20/12/2012,31.2
21/12/2012,43.8
22/12/2012,8.0
23/12/2012,44.5
24/12/2012,307.1
25/12/2012,198.4
26/12/2012,8.9
27/12/2012,15.7
28/12/2012,15.2
29/12/2012,0.0
30/12/2012,14.9
31/12/2012,211.7
01/01/2013,7.3
02/01/2013,19.6
03/01/2013,49.4
04/01/2013,11.0
05/01/2013,3.1
06/01/2013,0.0
07/01/2013,0.0
08/01/2013,0.0
09/01/2013,0.8
10/01/2013,0.2
11/01/2013,8.0
12/01/2013,4.5
13/01/2013,2.5
14/01/2013,0.0
15/01/2013,0.4
16/01/2013,1.1
17/01/2013,0.4
18/01/2013,23.3
19/01/2013,2.3
20/01/2013,0.8
21/01/2013,79.7
22/01/2013,13.4
23/01/2013,22.2
24/01/2013,22.8
25/01/2013,0.0
26/01/2013,0.0
27/01/2013,0.0
28/01/2013,0.0
29/01/2013,0.0
30/01/2013,0.0
31/01/2013,0.0
01/02/2013,0.0
02/02/2013,0.5
03/02/2013,13.5
04/02/2013,46.1
05/02/2013,0.5
06/02/2013,0.0
07/02/2013,0.0
08/02/2013,0.0
09/02/2013,0.0
10/02/2013,14.1
11/02/2013,13.3
12/02/2013,76.4
13/02/2013,41.0
14/02/2013,52.2
15/02/2013,89.2
16/02/2013,14.7
17/02/2013,10.9
18/02/2013,3.7
19/02/2013,0.1
20/02/2013,0.0
21/02/2013,0.0
22/02/2013,0.0
23/02/2013,0.5
24/02/2013,52.0
25/02/2013,141.2
26/02/2013,221.3
27/02/2013,6.5
28/02/2013,1.5
01/03/2013,0.5
02/03/2013,4.5
03/03/2013,0.0
04/03/2013,0.0
05/03/2013,0.3
06/03/2013,14.0
07/03/2013,12.2
08/03/2013,0.0
09/03/2013,0.5
10/03/2013,0.0
11/03/2013,0.0
12/03/2013,0.0
13/03/2013,0.0
14/03/2013,0.0
15/03/2013,0.0
16/03/2013,20.5
17/03/2013,0.5
18/03/2013,0.0
19/03/2013,0.0
20/03/2013,0.0
21/03/2013,0.0
22/03/2013,0.0
23/03/2013,0.0
24/03/2013,0.0
25/03/2013,0.5
26/03/2013,0.0
27/03/2013,0.0
28/03/2013,0.0
29/03/2013,0.0
30/03/2013,0.0
31/03/2013,0.0
01/04/2013,0.0
02/04/2013,0.0
03/04/2013,0.0
04/04/2013,18.5
05/04/2013,13.5
06/04/2013,0.5
07/04/2013,0.0
08/04/2013,0.0
09/04/2013,12.0
10/04/2013,5.5
11/04/2013,0.0
12/04/2013,0.0
13/04/2013,6.5
14/04/2013,0.0
15/04/2013,3.5
16/04/2013,9.4
17/04/2013,6.0
18/04/2013,8.0
19/04/2013,0.5
20/04/2013,0.0
21/04/2013,27.5
22/04/2013,5.0
23/04/2013,13.5
24/04/2013,0.0
25/04/2013,24.8
26/04/2013,0.2
27/04/2013,0.0
28/04/2013,9.0
29/04/2013,26.0
30/04/2013,41.5
01/05/2013,0.4
02/05/2013,15.1
03/05/2013,1.5
04/05/2013,0.0
05/05/2013,8.5
06/05/2013,1.5
07/05/2013,1.5
08/05/2013,0.5
09/05/2013,0.5
10/05/2013,5.0
11/05/2013,0.0
12/05/2013,0.0
13/05/2013,0.0
14/05/2013,21.0
15/05/2013,29.5
16/05/2013,0.0
17/05/2013,3.0
18/05/2013,14.5
19/05/2013,3.0
20/05/2013,0.0
21/05/2013,21.4
22/05/2013,0.1
23/05/2013,6.0
24/05/2013,4.0
25/05/2013,0.0
26/05/2013,21.0
27/05/2013,24.8
28/05/2013,8.2
29/05/2013,22.2
30/05/2013,0.8
31/05/2013,0.0
01/06/2013,0.0
02/06/2013,13.0
03/06/2013,0.5
04/06/2013,39.0
05/06/2013,0.5
06/06/2013,0.0
07/06/2013,10.0
08/06/2013,83.0
09/06/2013,0.0
10/06/2013,0.0
11/06/2013,2.0
12/06/2013,0.0
13/06/2013,0.0
14/06/2013,0.0
15/06/2013,0.0
16/06/2013,0.0
17/06/2013,0.0
18/06/2013,0.0
19/06/2013,0.0
20/06/2013,0.0
21/06/2013,0.0
22/06/2013,0.0
23/06/2013,0.0
24/06/2013,11.0
25/06/2013,10.0
26/06/2013,0.0
27/06/2013,9.5
28/06/2013,1.0
29/06/2013,4.3
30/06/2013,0.2
01/07/2013,0.0
02/07/2013,0.0
03/07/2013,18.9
04/07/2013,55.6
05/07/2013,6.0
06/07/2013,10.5
07/07/2013,0.3
08/07/2013,3.2
09/07/2013,0.4
10/07/2013,0.6
11/07/2013,18.0
12/07/2013,0.0
13/07/2013,11.6
14/07/2013,8.4
15/07/2013,0.0
16/07/2013,24.0
17/07/2013,41.9
18/07/2013,1.1
19/07/2013,0.0
20/07/2013,0.0
21/07/2013,0.0
22/07/2013,0.0
23/07/2013,0.0
24/07/2013,0.0
25/07/2013,2.0
26/07/2013,31.7
27/07/2013,0.4
28/07/2013,0.0
29/07/2013,6.0
30/07/2013,0.0
31/07/2013,0.0
01/08/2013,6.7
02/08/2013,0.8
03/08/2013,0.0
04/08/2013,0.5
05/08/2013,16.0
06/08/2013,0.0
07/08/2013,0.0
08/08/2013,0.0
09/08/2013,0.0
10/08/2013,35.5
11/08/2013,0.0
12/08/2013,18.5
13/08/2013,0.0
14/08/2013,0.0
15/08/2013,2.0
16/08/2013,8.5
17/08/2013,0.4
18/08/2013,68.1
19/08/2013,0.0
20/08/2013,2.5
21/08/2013,27.5
22/08/2013,0.0
23/08/2013,0.5
24/08/2013,0.0
25/08/2013,0.4
26/08/2013,5.1
27/08/2013,0.0
28/08/2013,1.5
29/08/2013,15.5
30/08/2013,7.5
31/08/2013,3.5
01/09/2013,5.5
02/09/2013,0.0
03/09/2013,0.0
04/09/2013,1.0
05/09/2013,0.0
06/09/2013,18.7
07/09/2013,11.8
08/09/2013,1.4
09/09/2013,35.3
10/09/2013,0.3
11/09/2013,0.0
12/09/2013,12.5
13/09/2013,0.5
14/09/2013,20.5
15/09/2013,2.5
16/09/2013,39.5
17/09/2013,0.0
18/09/2013,0.0
19/09/2013,0.0
20/09/2013,0.0
21/09/2013,0.0
22/09/2013,0.0
23/09/2013,0.0
24/09/2013,0.0
25/09/2013,0.0
26/09/2013,1.5
27/09/2013,0.0
28/09/2013,17.5
29/09/2013,0.0
30/09/2013,0.0
01/10/2013,32.0
02/10/2013,38.3
03/10/2013,94.3
04/10/2013,9.3
05/10/2013,1.6
06/10/2013,2.0
07/10/2013,1.0
08/10/2013,56.1
09/10/2013,6.4
10/10/2013,0.0
11/10/2013,1.0
12/10/2013,9.0
13/10/2013,22.4
14/10/2013,22.1
15/10/2013,2.0
16/10/2013,7.5
17/10/2013,0.5
18/10/2013,5.0
19/10/2013,0.5
20/10/2013,6.4
21/10/2013,71.5
22/10/2013,2.4
23/10/2013,0.7
24/10/2013,0.0
25/10/2013,4.5
26/10/2013,0.0
27/10/2013,0.0
28/10/2013,5.0
29/10/2013,16.5
30/10/2013,1.5
31/10/2013,0.4
01/11/2013,17.1
02/11/2013,0.0
03/11/2013,12.5
04/11/2013,8.9
05/11/2013,34.7
06/11/2013,9.3
07/11/2013,19.0
08/11/2013,2.0
09/11/2013,0.5
10/11/2013,0.5
11/11/2013,2.0
12/11/2013,1.5
13/11/2013,0.0
14/11/2013,1.0
15/11/2013,17.0
16/11/2013,0.0
17/11/2013,5.3
18/11/2013,17.9
19/11/2013,23.4
20/11/2013,51.9
21/11/2013,27.0
22/11/2013,46.0
23/11/2013,0.0
24/11/2013,14.0
25/11/2013,15.5
26/11/2013,0.5
27/11/2013,26.5
28/11/2013,30.4
29/11/2013,49.5
30/11/2013,124.0
01/12/2013,68.2
02/12/2013,150.6
03/12/2013,293.4
04/12/2013,95.4
05/12/2013,14.1
06/12/2013,54.9
07/12/2013,49.7
08/12/2013,1.7
09/12/2013,44.4
10/12/2013,113.8
11/12/2013,0.4
12/12/2013,28.6
13/12/2013,0.0
14/12/2013,26.5
15/12/2013,0.4
16/12/2013,20.5
17/12/2013,8.6
18/12/2013,3.8
19/12/2013,52.2
20/12/2013,5.5
21/12/2013,2.0
22/12/2013,0.0
23/12/2013,0.0
24/12/2013,0.0
25/12/2013,0.0
26/12/2013,1.0
27/12/2013,9.9
28/12/2013,16.6
29/12/2013,1.5
30/12/2013,4.0
31/12/2013,2.6
01/01/2014,0.9
02/01/2014,12.6
03/01/2014,44.9
04/01/2014,0.0
05/01/2014,12.4
06/01/2014,2.1
07/01/2014,0.0
08/01/2014,0.5
09/01/2014,42.9
10/01/2014,175.8
11/01/2014,14.2
12/01/2014,28.5
13/01/2014,14.0
14/01/2014,0.1
15/01/2014,0.0
16/01/2014,0.0
17/01/2014,2.3
18/01/2014,1.7
19/01/2014,0.0
20/01/2014,0.0
21/01/2014,0.0
22/01/2014,1.0
23/01/2014,0.0
24/01/2014,0.0
25/01/2014,0.0
26/01/2014,0.0
27/01/2014,0.0
28/01/2014,0.0
29/01/2014,0.0
30/01/2014,0.0
31/01/2014,0.0
01/02/2014,0.0
02/02/2014,0.0
03/02/2014,0.0
04/02/2014,0.0
05/02/2014,0.0
06/02/2014,0.0
07/02/2014,0.0
08/02/2014,0.0
09/02/2014,0.0
10/02/2014,0.0
11/02/2014,0.0
12/02/2014,0.0
13/02/2014,0.0
14/02/2014,0.0
15/02/2014,0.0
16/02/2014,0.0
17/02/2014,0.0
18/02/2014,0.0
19/02/2014,0.0
20/02/2014,12.3
21/02/2014,20.7
22/02/2014,0.0
23/02/2014,0.0
24/02/2014,0.0
25/02/2014,0.0
26/02/2014,0.0
27/02/2014,0.0
28/02/2014,0.0
01/03/2014,0.0
02/03/2014,0.0
03/03/2014,0.0
04/03/2014,0.0
05/03/2014,0.0
06/03/2014,0.0
07/03/2014,0.0
08/03/2014,0.0
09/03/2014,0.0
10/03/2014,0.0
11/03/2014,0.0
12/03/2014,0.0
13/03/2014,0.0
14/03/2014,0.0
15/03/2014,7.4
16/03/2014,22.8
17/03/2014,12.7
18/03/2014,0.5
19/03/2014,0.0
20/03/2014,0.0
21/03/2014,0.0
22/03/2014,0.0
23/03/2014,0.0
24/03/2014,0.0
25/03/2014,3.0
26/03/2014,0.0
27/03/2014,0.0
28/03/2014,0.0
29/03/2014,1.5
30/03/2014,0.0
31/03/2014,0.0
01/04/2014,28.5
02/04/2014,0.0
03/04/2014,1.5
04/04/2014,31.2
05/04/2014,0.3
06/04/2014,0.0
07/04/2014,0.0
08/04/2014,3.5
09/04/2014,0.0
10/04/2014,0.0
11/04/2014,38.0
12/04/2014,0.0
13/04/2014,0.0
14/04/2014,20.0
15/04/2014,0.0
16/04/2014,0.0
17/04/2014,3.8
18/04/2014,14.2
19/04/2014,0.0
20/04/2014,25.5
21/04/2014,6.0
22/04/2014,0.0
23/04/2014,7.5
24/04/2014,6.5
25/04/2014,3.0
26/04/2014,0.5
27/04/2014,1.0
28/04/2014,28.1
29/04/2014,0.4
30/04/2014,23.5
01/05/2014,0.0
02/05/2014,25.5
03/05/2014,0.0
04/05/2014,0.0
05/05/2014,5.5
06/05/2014,0.0
07/05/2014,0.0
08/05/2014,0.0
09/05/2014,0.0
10/05/2014,0.0
11/05/2014,7.5
12/05/2014,10.0
13/05/2014,4.0
14/05/2014,6.0
15/05/2014,5.5
16/05/2014,12.5
17/05/2014,20.5
18/05/2014,74.5
19/05/2014,29.0
20/05/2014,18.0
21/05/2014,5.0
22/05/2014,0.0
23/05/2014,0.0
24/05/2014,0.0
25/05/2014,4.0
26/05/2014,0.0
27/05/2014,4.5
28/05/2014,0.0
29/05/2014,18.0
30/05/2014,1.0
31/05/2014,15.0
01/06/2014,2.2
02/06/2014,23.3
03/06/2014,1.5
04/06/2014,19.0
05/06/2014,0.0
06/06/2014,0.0
07/06/2014,0.5
08/06/2014,0.0
09/06/2014,3.0
10/06/2014,0.0
11/06/2014,0.0
12/06/2014,0.0
13/06/2014,0.0
14/06/2014,0.0
15/06/2014,0.0
16/06/2014,0.0
17/06/2014,0.0
18/06/2014,0.0
19/06/2014,0.0
20/06/2014,0.0
21/06/2014,0.5
22/06/2014,10.5
23/06/2014,1.5
24/06/2014,0.0
25/06/2014,0.0
26/06/2014,2.0
27/06/2014,7.5
28/06/2014,0.0
29/06/2014,49.0
30/06/2014,7.4
01/07/2014,16.5
02/07/2014,7.6
03/07/2014,1.0
04/07/2014,0.5
05/07/2014,0.0
06/07/2014,0.0
07/07/2014,9.6
08/07/2014,15.9
09/07/2014,0.4
10/07/2014,15.1
11/07/2014,33.5
12/07/2014,0.5
13/07/2014,0.0
14/07/2014,0.0
15/07/2014,7.5
16/07/2014,1.0
17/07/2014,11.9
18/07/2014,3.1
19/07/2014,0.0
20/07/2014,0.0
21/07/2014,0.0
22/07/2014,0.0
23/07/2014,0.0
24/07/2014,3.0
25/07/2014,0.0
26/07/2014,0.0
27/07/2014,0.0
28/07/2014,0.0
29/07/2014,0.5
30/07/2014,4.6
31/07/2014,0.9
01/08/2014,0.0
02/08/2014,6.0
03/08/2014,0.0
04/08/2014,0.0
05/08/2014,0.0
06/08/2014,0.0
07/08/2014,0.0
08/08/2014,0.0
09/08/2014,0.0
10/08/2014,0.0
11/08/2014,0.0
12/08/2014,0.0
13/08/2014,3.0
14/08/2014,0.0
15/08/2014,5.0
16/08/2014,0.1
17/08/2014,0.1
18/08/2014,0.1
19/08/2014,27.0
20/08/2014,0.0
21/08/2014,0.0
22/08/2014,0.0
23/08/2014,17.0
24/08/2014,0.0
25/08/2014,0.0
26/08/2014,0.0
27/08/2014,0.0
28/08/2014,0.0
29/08/2014,0.0
30/08/2014,0.0
31/08/2014,0.0
01/09/2014,0.0
02/09/2014,0.0
03/09/2014,7.5
04/09/2014,0.0
05/09/2014,0.0
06/09/2014,0.0
07/09/2014,3.7
08/09/2014,0.3
09/09/2014,0.0
10/09/2014,0.5
11/09/2014,1.0
12/09/2014,0.0
13/09/2014,1.0
14/09/2014,0.0
15/09/2014,17.0
16/09/2014,0.0
17/09/2014,0.0
18/09/2014,0.0
19/09/2014,0.0
20/09/2014,9.5
21/09/2014,1.0
22/09/2014,0.0
23/09/2014,0.0
24/09/2014,1.5
25/09/2014,10.5
26/09/2014,8.0
27/09/2014,9.5
28/09/2014,37.0
29/09/2014,2.0
30/09/2014,34.5
01/10/2014,33.5
02/10/2014,16.0
03/10/2014,18.5
04/10/2014,43.5
05/10/2014,0.0
06/10/2014,0.0
07/10/2014,0.0
08/10/2014,0.0
09/10/2014,0.0
10/10/2014,0.5
11/10/2014,6.5
12/10/2014,13.5
13/10/2014,8.0
14/10/2014,0.0
15/10/2014,14.0
16/10/2014,1.0
17/10/2014,1.0
18/10/2014,17.5
19/10/2014,0.5
20/10/2014,1.5
21/10/2014,0.5
22/10/2014,0.0
23/10/2014,6.5
24/10/2014,38.0
25/10/2014,32.2
26/10/2014,0.3
27/10/2014,0.0
28/10/2014,1.5
29/10/2014,1.0
30/10/2014,0.0
31/10/2014,17.5
01/11/2014,5.8
02/11/2014,13.4
03/11/2014,0.3
04/11/2014,0.0
05/11/2014,4.5
06/11/2014,2.4
07/11/2014,0.1
08/11/2014,18.0
09/11/2014,4.5
10/11/2014,0.0
11/11/2014,0.0
12/11/2014,7.0
13/11/2014,2.8
14/11/2014,25.7
15/11/2014,5.2
16/11/2014,4.7
17/11/2014,32.9
18/11/2014,92.3
19/11/2014,1.9
20/11/2014,2.0
21/11/2014,0.0
22/11/2014,2.0
23/11/2014,0.3
24/11/2014,14.8
25/11/2014,0.3
26/11/2014,3.0
27/11/2014,4.5
28/11/2014,0.0
29/11/2014,0.0
30/11/2014,7.0
01/12/2014,19.5
02/12/2014,0.0
03/12/2014,0.8
04/12/2014,43.7
05/12/2014,26.5
06/12/2014,0.5
07/12/2014,5.0
08/12/2014,20.6
09/12/2014,0.0
10/12/2014,0.0
11/12/2014,0.0
12/12/2014,0.0
13/12/2014,0.0
14/12/2014,3.0
15/12/2014,180.0
16/12/2014,239.5
17/12/2014,125.0
18/12/2014,141.4
19/12/2014,10.0
20/12/2014,30.6
21/12/2014,269.2
22/12/2014,270.1
23/12/2014,286.1
24/12/2014,81.3
25/12/2014,70.4
26/12/2014,181.2
27/12/2014,38.9
28/12/2014,80.6
29/12/2014,139.5
30/12/2014,10.5
31/12/2014,0.5
01/01/2015,0.0
02/01/2015,0.0
03/01/2015,0.0
04/01/2015,1.5
05/01/2015,0.4
06/01/2015,0.6
07/01/2015,50.7
08/01/2015,152.6
09/01/2015,37.6
10/01/2015,0.7
11/01/2015,2.0
12/01/2015,0.0
13/01/2015,4.1
14/01/2015,3.7
15/01/2015,0.2
16/01/2015,0.0
17/01/2015,0.0
18/01/2015,0.4
19/01/2015,4.5
20/01/2015,0.1
21/01/2015,0.0
22/01/2015,0.0
23/01/2015,0.0
24/01/2015,0.0
25/01/2015,0.0
26/01/2015,0.0
27/01/2015,0.0
28/01/2015,0.0
29/01/2015,23.5
30/01/2015,0.0
31/01/2015,0.0
01/02/2015,0.4
02/02/2015,0.6
03/02/2015,46.8
04/02/2015,13.8
05/02/2015,10.0
06/02/2015,9.3
07/02/2015,0.6
08/02/2015,0.4
09/02/2015,1.1
10/02/2015,0.0
11/02/2015,0.0
12/02/2015,0.0
13/02/2015,0.0
14/02/2015,0.0
15/02/2015,0.0
16/02/2015,0.0
17/02/2015,0.0
18/02/2015,0.0
19/02/2015,0.5
20/02/2015,0.0
21/02/2015,0.0
22/02/2015,0.0
23/02/2015,0.0
24/02/2015,0.0
25/02/2015,0.0
26/02/2015,0.0
27/02/2015,0.0
28/02/2015,0.0
01/03/2015,0.0
02/03/2015,0.0
03/03/2015,0.0
04/03/2015,0.0
05/03/2015,0.0
06/03/2015,0.0
07/03/2015,0.0
08/03/2015,0.4
09/03/2015,0.6
10/03/2015,0.0
11/03/2015,0.0
12/03/2015,0.0
13/03/2015,0.0
14/03/2015,0.0
15/03/2015,0.0
16/03/2015,0.0
17/03/2015,0.0
18/03/2015,0.0
19/03/2015,0.0
20/03/2015,0.0
21/03/2015,0.0
22/03/2015,0.0
23/03/2015,0.0
24/03/2015,0.0
25/03/2015,0.0
26/03/2015,0.5
27/03/2015,23.0
28/03/2015,0.8
29/03/2015,4.5
30/03/2015,30.9
31/03/2015,29.8
01/04/2015,0.0
02/04/2015,1.0
03/04/2015,0.0
04/04/2015,0.0
05/04/2015,0.0
06/04/2015,4.5
07/04/2015,0.0
08/04/2015,0.0
09/04/2015,10.8
10/04/2015,9.2
11/04/2015,0.0
12/04/2015,0.0
13/04/2015,0.0
14/04/2015,11.5
15/04/2015,0.0
16/04/2015,0.0
17/04/2015,0.0
18/04/2015,0.0
19/04/2015,0.0
20/04/2015,54.9
21/04/2015,16.3
22/04/2015,0.9
23/04/2015,0.0
24/04/2015,0.5
25/04/2015,1.5
26/04/2015,0.0
27/04/2015,1.5
28/04/2015,0.0
29/04/2015,0.0
30/04/2015,23.0
01/05/2015,0.0
02/05/2015,7.5
03/05/2015,11.0
04/05/2015,42.5
05/05/2015,0.5
06/05/2015,0.0
07/05/2015,1.0
08/05/2015,0.5
09/05/2015,0.0
10/05/2015,1.0
11/05/2015,73.0
12/05/2015,7.5
13/05/2015,0.0
14/05/2015,0.4
15/05/2015,48.6
16/05/2015,0.0
17/05/2015,0.0
18/05/2015,24.0
19/05/2015,12.0
20/05/2015,27.0
21/05/2015,23.0
22/05/2015,0.0
23/05/2015,2.5
24/05/2015,0.5
25/05/2015,0.0
26/05/2015,1.0
27/05/2015,1.0
28/05/2015,1.0
29/05/2015,2.0
30/05/2015,0.0
31/05/2015,19.5
01/06/2015,3.5
02/06/2015,19.0
03/06/2015,0.0
04/06/2015,1.0
05/06/2015,0.0
06/06/2015,0.0
07/06/2015,0.0
08/06/2015,0.2
09/06/2015,0.3
10/06/2015,0.0
11/06/2015,28.0
12/06/2015,2.2
13/06/2015,64.3
14/06/2015,2.0
15/06/2015,0.0
16/06/2015,0.0
17/06/2015,0.0
18/06/2015,0.0
19/06/2015,0.0
20/06/2015,0.0
21/06/2015,0.0
22/06/2015,0.0
23/06/2015,0.0
24/06/2015,0.0
25/06/2015,3.5
26/06/2015,0.0
27/06/2015,0.0
28/06/2015,0.0
29/06/2015,0.0
30/06/2015,0.4
01/07/2015,63.1
02/07/2015,0.0
03/07/2015,24.7
04/07/2015,9.0
05/07/2015,0.3
06/07/2015,0.0
07/07/2015,0.0
08/07/2015,2.5
09/07/2015,0.0
10/07/2015,0.0
11/07/2015,0.0
12/07/2015,0.0
13/07/2015,0.0
14/07/2015,0.0
15/07/2015,0.0
16/07/2015,5.2
17/07/2015,11.2
18/07/2015,0.6
19/07/2015,2.0
20/07/2015,0.0
21/07/2015,18.5
22/07/2015,0.0
23/07/2015,0.0
24/07/2015,0.0
25/07/2015,10.0
26/07/2015,2.0
27/07/2015,27.5
28/07/2015,0.5
29/07/2015,0.0
30/07/2015,23.6
31/07/2015,9.9
01/08/2015,6.0
02/08/2015,0.0
03/08/2015,38.9
04/08/2015,0.1
05/08/2015,0.0
06/08/2015,0.5
07/08/2015,17.5
08/08/2015,6.7
09/08/2015,9.8
10/08/2015,58.5
11/08/2015,3.0
12/08/2015,24.0
13/08/2015,0.0
14/08/2015,0.0
15/08/2015,0.0
16/08/2015,0.0
17/08/2015,1.0
18/08/2015,0.0
19/08/2015,0.5
20/08/2015,0.4
21/08/2015,0.2
22/08/2015,0.0
23/08/2015,0.0
24/08/2015,0.5
25/08/2015,0.0
26/08/2015,0.0
27/08/2015,0.0
28/08/2015,0.0
29/08/2015,0.0
30/08/2015,6.5
31/08/2015,0.0
01/09/2015,0.0
02/09/2015,0.5
03/09/2015,0.0
04/09/2015,11.0
05/09/2015,9.5
06/09/2015,2.0
07/09/2015,0.0
08/09/2015,57.0
09/09/2015,28.5
10/09/2015,0.0
11/09/2015,0.0
12/09/2015,3.5
13/09/2015,0.5
14/09/2015,0.0
15/09/2015,6.8
16/09/2015,5.7
17/09/2015,0.0
18/09/2015,0.0
19/09/2015,0.0
20/09/2015,0.0
21/09/2015,0.0
22/09/2015,58.3
23/09/2015,0.7
24/09/2015,0.0
25/09/2015,7.5
26/09/2015,0.9
27/09/2015,4.6
28/09/2015,3.6
29/09/2015,5.5
30/09/2015,56.5
01/10/2015,1.5
02/10/2015,0.0
03/10/2015,0.0
04/10/2015,0.0
05/10/2015,0.0
06/10/2015,1.0
07/10/2015,0.5
08/10/2015,1.5
09/10/2015,11.5
10/10/2015,0.0
11/10/2015,0.0
12/10/2015,0.5
13/10/2015,7.0
14/10/2015,0.0
15/10/2015,31.0
16/10/2015,0.4
17/10/2015,0.6
18/10/2015,1.5
19/10/2015,0.0
20/10/2015,0.0
21/10/2015,0.0
22/10/2015,0.0
23/10/2015,6.0
24/10/2015,0.0
25/10/2015,3.5
26/10/2015,14.2
27/10/2015,4.7
28/10/2015,29.2
29/10/2015,33.6
30/10/2015,17.2
31/10/2015,0.0
01/11/2015,12.0
02/11/2015,21.2
03/11/2015,0.8
04/11/2015,0.0
05/11/2015,3.5
06/11/2015,6.5
07/11/2015,6.0
08/11/2015,3.5
09/11/2015,0.0
10/11/2015,0.5
11/11/2015,1.3
12/11/2015,3.7
13/11/2015,0.0
14/11/2015,12.0
15/11/2015,0.8
16/11/2015,5.2
17/11/2015,0.0
18/11/2015,0.0
19/11/2015,0.4
20/11/2015,22.7
21/11/2015,2.9
22/11/2015,20.7
23/11/2015,2.8
24/11/2015,6.0
25/11/2015,0.9
26/11/2015,3.4
27/11/2015,32.8
28/11/2015,3.7
29/11/2015,30.0
30/11/2015,19.3
01/12/2015,2.4
02/12/2015,0.1
03/12/2015,10.0
04/12/2015,5.0
05/12/2015,4.0
06/12/2015,14.8
07/12/2015,25.9
08/12/2015,0.7
09/12/2015,1.5
10/12/2015,6.0
11/12/2015,1.0
12/12/2015,8.9
13/12/2015,11.6
14/12/2015,0.5
15/12/2015,0.0
16/12/2015,0.4
17/12/2015,11.8
18/12/2015,8.1
19/12/2015,0.8
20/12/2015,0.0
21/12/2015,0.0
22/12/2015,0.0
23/12/2015,0.4
24/12/2015,5.1
25/12/2015,21.5
26/12/2015,1.0
27/12/2015,49.0
28/12/2015,364.0
29/12/2015,11.0
30/12/2015,0.0
31/12/2015,15.8
01/01/2016,21.0
02/01/2016,2.7
03/01/2016,0.4
04/01/2016,0.6
05/01/2016,0.0
06/01/2016,0.0
07/01/2016,0.0
08/01/2016,0.0
09/01/2016,6.0
10/01/2016,0.0
11/01/2016,0.0
12/01/2016,0.0
13/01/2016,0.0
14/01/2016,8.2
15/01/2016,2.8
16/01/2016,33.0
17/01/2016,0.5
18/01/2016,0.0
19/01/2016,0.0
20/01/2016,0.0
21/01/2016,8.4
22/01/2016,61.1
23/01/2016,0.4
24/01/2016,4.5
25/01/2016,15.4
26/01/2016,14.9
27/01/2016,7.6
28/01/2016,6.2
29/01/2016,0.0
30/01/2016,0.0
31/01/2016,0.4
01/02/2016,1.6
02/02/2016,1.0
03/02/2016,31.9
04/02/2016,77.5
05/02/2016,51.8
06/02/2016,45.8
07/02/2016,27.6
08/02/2016,1.5
09/02/2016,0.0
10/02/2016,0.0
11/02/2016,0.0
12/02/2016,0.4
13/02/2016,3.8
14/02/2016,1.3
15/02/2016,6.5
16/02/2016,0.0
17/02/2016,1.9
18/02/2016,9.6
19/02/2016,5.5
20/02/2016,0.0
21/02/2016,0.0
22/02/2016,0.0
23/02/2016,0.0
24/02/2016,0.8
25/02/2016,1.2
26/02/2016,3.9
27/02/2016,12.9
28/02/2016,49.4
29/02/2016,1.8
01/03/2016,0.0
02/03/2016,1.0
03/03/2016,0.0
04/03/2016,0.0
05/03/2016,0.0
06/03/2016,0.0
07/03/2016,0.0
08/03/2016,0.0
09/03/2016,0.0
10/03/2016,0.0
11/03/2016,0.0
12/03/2016,0.0
13/03/2016,0.0
14/03/2016,0.0
15/03/2016,0.0
16/03/2016,0.0
17/03/2016,0.0
18/03/2016,0.0
19/03/2016,0.0
20/03/2016,0.0
21/03/2016,0.0
22/03/2016,0.0
23/03/2016,0.0
24/03/2016,0.0
25/03/2016,0.0
26/03/2016,1.0
27/03/2016,0.4
28/03/2016,24.6
29/03/2016,0.0
30/03/2016,0.0
31/03/2016,0.0
01/04/2016,0.0
02/04/2016,0.0
03/04/2016,2.0
04/04/2016,0.0
05/04/2016,0.0
06/04/2016,0.0
07/04/2016,0.0
08/04/2016,0.0
09/04/2016,0.0
10/04/2016,0.0
11/04/2016,0.0
12/04/2016,0.0
13/04/2016,0.0
14/04/2016,0.5
15/04/2016,0.0
16/04/2016,0.0
17/04/2016,0.0
18/04/2016,0.0
19/04/2016,0.0
20/04/2016,0.0
21/04/2016,0.0
22/04/2016,0.0
23/04/2016,0.0
24/04/2016,0.0
25/04/2016,0.0
26/04/2016,0.0
27/04/2016,0.0
28/04/2016,0.0
29/04/2016,0.0
30/04/2016,0.0
01/05/2016,0.0
02/05/2016,0.0
03/05/2016,0.0
04/05/2016,0.0
05/05/2016,0.0
06/05/2016,0.0
07/05/2016,0.0
08/05/2016,0.0
09/05/2016,0.0
10/05/2016,0.0
11/05/2016,0.0
12/05/2016,0.0
13/05/2016,0.0
14/05/2016,0.0
15/05/2016,0.0
16/05/2016,0.0
17/05/2016,1.5
18/05/2016,27.5
19/05/2016,1.0
20/05/2016,0.0
21/05/2016,1.0
22/05/2016,0.0
23/05/2016,1.0
24/05/2016,0.0
25/05/2016,6.9
26/05/2016,0.1
27/05/2016,1.5
28/05/2016,0.5
29/05/2016,22.8
30/05/2016,14.8
31/05/2016,0.5
01/06/2016,15.0
02/06/2016,2.5
03/06/2016,2.5
04/06/2016,0.0
05/06/2016,0.4
06/06/2016,15.1
07/06/2016,0.5
08/06/2016,37.2
09/06/2016,0.3
10/06/2016,0.4
11/06/2016,1.1
12/06/2016,0.9
13/06/2016,58.6
14/06/2016,0.0
15/06/2016,35.8
16/06/2016,6.7
17/06/2016,0.0
18/06/2016,3.0
19/06/2016,0.0
20/06/2016,0.0
21/06/2016,1.0
22/06/2016,13.0
23/06/2016,0.4
24/06/2016,1.1
25/06/2016,0.0
26/06/2016,41.2
27/06/2016,3.8
28/06/2016,0.0
29/06/2016,0.0
30/06/2016,0.0
01/07/2016,0.0
02/07/2016,0.0
03/07/2016,0.0
04/07/2016,0.0
05/07/2016,30.0
06/07/2016,0.0
07/07/2016,10.2
08/07/2016,3.8
09/07/2016,53.2
10/07/2016,12.8
11/07/2016,0.5
12/07/2016,14.0
13/07/2016,0.3
14/07/2016,8.7
15/07/2016,0.5
16/07/2016,22.5
17/07/2016,5.5
18/07/2016,4.0
19/07/2016,17.0
20/07/2016,20.0
21/07/2016,5.0
22/07/2016,2.5
23/07/2016,0.0
24/07/2016,9.0
25/07/2016,1.0
26/07/2016,0.5
27/07/2016,46.2
28/07/2016,12.7
29/07/2016,3.7
30/07/2016,1.9
31/07/2016,0.0
01/08/2016,0.0
02/08/2016,0.0
03/08/2016,0.0
04/08/2016,0.0
05/08/2016,1.5
06/08/2016,0.0
07/08/2016,2.6
08/08/2016,0.9
09/08/2016,1.0
10/08/2016,33.7
11/08/2016,9.8
12/08/2016,3.5
13/08/2016,0.0
14/08/2016,0.0
15/08/2016,0.0
16/08/2016,0.0
17/08/2016,0.0
18/08/2016,11.9
19/08/2016,24.1
20/08/2016,3.3
21/08/2016,0.7
22/08/2016,20.5
23/08/2016,20.5
24/08/2016,4.5
25/08/2016,4.1
26/08/2016,44.4
27/08/2016,0.5
28/08/2016,50.9
29/08/2016,0.1
30/08/2016,10.0
31/08/2016,2.4
01/09/2016,27.6
02/09/2016,0.0
03/09/2016,24.0
04/09/2016,0.0
05/09/2016,27.5
06/09/2016,18.5
07/09/2016,48.0
08/09/2016,3.5
09/09/2016,1.0
10/09/2016,0.0
11/09/2016,3.5
12/09/2016,13.5
13/09/2016,14.4
14/09/2016,45.1
15/09/2016,0.0
16/09/2016,2.0
17/09/2016,0.0
18/09/2016,0.4
19/09/2016,0.6
20/09/2016,0.7
21/09/2016,4.7
22/09/2016,6.6
23/09/2016,1.5
24/09/2016,0.5
25/09/2016,1.0
26/09/2016,16.5
27/09/2016,11.1
28/09/2016,1.9
29/09/2016,3.0
30/09/2016,3.0
01/10/2016,4.5
02/10/2016,0.0
03/10/2016,0.0
04/10/2016,1.8
05/10/2016,2.4
06/10/2016,0.4
07/10/2016,9.5
08/10/2016,12.5
09/10/2016,4.4
10/10/2016,11.6
11/10/2016,0.5
12/10/2016,0.0
13/10/2016,3.5
14/10/2016,0.0
15/10/2016,34.1
16/10/2016,22.8
17/10/2016,1.1
18/10/2016,0.0
19/10/2016,0.0
20/10/2016,0.9
21/10/2016,27.3
22/10/2016,28.3
23/10/2016,2.0
24/10/2016,0.5
25/10/2016,0.0
26/10/2016,0.0
27/10/2016,9.0
28/10/2016,0.0
29/10/2016,3.5
30/10/2016,0.5
31/10/2016,1.4
01/11/2016,31.6
02/11/2016,22.0
03/11/2016,1.0
04/11/2016,4.5
05/11/2016,37.0
06/11/2016,1.4
07/11/2016,17.1
08/11/2016,0.0
09/11/2016,29.5
10/11/2016,0.0
11/11/2016,2.8
12/11/2016,15.7
13/11/2016,9.5
14/11/2016,1.5
15/11/2016,8.2
16/11/2016,4.3
17/11/2016,0.0
18/11/2016,5.5
19/11/2016,24.0
20/11/2016,0.5
21/11/2016,0.5
22/11/2016,8.5
23/11/2016,12.0
24/11/2016,1.5
25/11/2016,0.5
26/11/2016,33.8
27/11/2016,4.7
28/11/2016,7.8
29/11/2016,109.4
30/11/2016,0.7
01/12/2016,47.7
02/12/2016,6.8
03/12/2016,47.7
04/12/2016,0.5
05/12/2016,2.2
06/12/2016,2.1
07/12/2016,2.7
08/12/2016,8.5
09/12/2016,1.5
10/12/2016,23.5
11/12/2016,1.0
12/12/2016,0.0
13/12/2016,0.0
14/12/2016,0.0
15/12/2016,1.0
16/12/2016,0.5
17/12/2016,0.5
18/12/2016,0.0
19/12/2016,19.0
20/12/2016,5.5
21/12/2016,0.0
22/12/2016,0.4
23/12/2016,24.1
24/12/2016,37.6
25/12/2016,27.2
26/12/2016,49.0
27/12/2016,8.3
28/12/2016,0.5
29/12/2016,0.0
30/12/2016,12.9
31/12/2016,71.8
01/01/2017,61.2
02/01/2017,139.4
03/01/2017,82.7
04/01/2017,0.4
05/01/2017,0.0
06/01/2017,0.0
07/01/2017,2.0
08/01/2017,0.0
09/01/2017,0.5
10/01/2017,1.0
11/01/2017,0.0
12/01/2017,0.0
13/01/2017,0.0
14/01/2017,0.5
15/01/2017,0.0
16/01/2017,0.0
17/01/2017,58.0
18/01/2017,0.4
19/01/2017,53.1
20/01/2017,29.7
21/01/2017,187.4
22/01/2017,36.4
23/01/2017,37.4
24/01/2017,111.6
25/01/2017,62.1
26/01/2017,39.0
27/01/2017,10.9
28/01/2017,0.5
29/01/2017,0.0
30/01/2017,0.0
31/01/2017,0.0
01/02/2017,0.0
02/02/2017,0.0
03/02/2017,0.5
04/02/2017,3.5
05/02/2017,0.0
06/02/2017,9.0
07/02/2017,0.0
08/02/2017,0.0
09/02/2017,0.0
10/02/2017,1.3
11/02/2017,12.4
12/02/2017,9.9
13/02/2017,16.1
14/02/2017,18.2
15/02/2017,8.0
16/02/2017,1.3
17/02/2017,4.7
18/02/2017,33.0
19/02/2017,2.5
20/02/2017,1.0
21/02/2017,0.0
22/02/2017,0.0
23/02/2017,14.5
24/02/2017,1.5
25/02/2017,3.5
26/02/2017,39.5
27/02/2017,12.1
28/02/2017,13.1
01/03/2017,32.7
02/03/2017,41.3
03/03/2017,3.6
04/03/2017,1.1
05/03/2017,0.0
06/03/2017,0.0
07/03/2017,0.0
08/03/2017,0.0
09/03/2017,0.0
10/03/2017,0.0
11/03/2017,0.0
12/03/2017,0.0
13/03/2017,0.0
14/03/2017,1.5
15/03/2017,0.0
16/03/2017,1.0
17/03/2017,9.5
18/03/2017,0.0
19/03/2017,0.0
20/03/2017,1.0
21/03/2017,3.0
22/03/2017,0.5
23/03/2017,0.0
24/03/2017,2.5
25/03/2017,0.5
26/03/2017,22.0
27/03/2017,0.5
28/03/2017,12.5
29/03/2017,4.5
30/03/2017,2.5
31/03/2017,0.0
01/04/2017,0.0
02/04/2017,1.5
03/04/2017,14.0
04/04/2017,1.5
05/04/2017,0.0
06/04/2017,11.0
07/04/2017,0.0
08/04/2017,0.0
09/04/2017,5.5
10/04/2017,0.0
11/04/2017,0.0
12/04/2017,1.0
13/04/2017,1.0
14/04/2017,33.5
15/04/2017,0.5
16/04/2017,0.0
17/04/2017,2.5
18/04/2017,1.0
19/04/2017,24.5
20/04/2017,0.0
21/04/2017,0.5
22/04/2017,67.5
23/04/2017,0.0
24/04/2017,71.0
25/04/2017,2.5
26/04/2017,0.0
27/04/2017,9.0
28/04/2017,1.0
29/04/2017,19.5
30/04/2017,0.0
01/05/2017,0.0
02/05/2017,0.0
03/05/2017,13.5
04/05/2017,4.5
05/05/2017,4.0
06/05/2017,0.0
07/05/2017,0.0
08/05/2017,37.5
09/05/2017,3.3
10/05/2017,8.7
11/05/2017,6.9
12/05/2017,0.1
13/05/2017,12.5
14/05/2017,10.5
15/05/2017,1.4
16/05/2017,25.6
17/05/2017,0.0
18/05/2017,0.0
19/05/2017,0.0
20/05/2017,0.0
21/05/2017,4.0
22/05/2017,0.5
23/05/2017,8.1
24/05/2017,3.7
25/05/2017,2.1
26/05/2017,17.5
27/05/2017,2.5
28/05/2017,0.5
29/05/2017,7.5
30/05/2017,0.9
31/05/2017,77.6
01/06/2017,17.8
02/06/2017,0.2
03/06/2017,0.4
04/06/2017,5.1
05/06/2017,0.0
06/06/2017,0.0
07/06/2017,0.0
08/06/2017,0.0
09/06/2017,2.0
10/06/2017,0.0
11/06/2017,0.0
12/06/2017,8.0
13/06/2017,7.5
14/06/2017,10.0
15/06/2017,10.8
16/06/2017,18.7
17/06/2017,62.0
18/06/2017,0.0
19/06/2017,0.5
20/06/2017,11.5
21/06/2017,0.0
22/06/2017,0.4
23/06/2017,0.1
24/06/2017,0.5
25/06/2017,0.5
26/06/2017,33.2
27/06/2017,16.2
28/06/2017,8.5
29/06/2017,17.1
30/06/2017,16.5
01/07/2017,0.1
02/07/2017,21.0
03/07/2017,48.0
04/07/2017,0.5
05/07/2017,4.0
06/07/2017,0.0
07/07/2017,2.5
08/07/2017,12.5
09/07/2017,30.4
10/07/2017,18.1
11/07/2017,9.4
12/07/2017,0.6
13/07/2017,4.0
14/07/2017,0.4
15/07/2017,0.1
16/07/2017,0.0
17/07/2017,0.0
18/07/2017,0.0
19/07/2017,0.0
20/07/2017,0.0
21/07/2017,0.0
22/07/2017,0.4
23/07/2017,2.6
24/07/2017,0.5
25/07/2017,0.0
26/07/2017,0.0
27/07/2017,0.0
28/07/2017,3.5
29/07/2017,0.5
30/07/2017,24.5
31/07/2017,0.5
01/08/2017,8.0
02/08/2017,0.0
03/08/2017,0.0
04/08/2017,0.5
05/08/2017,0.0
06/08/2017,1.0
07/08/2017,1.0
08/08/2017,35.1
09/08/2017,48.4
10/08/2017,1.0
11/08/2017,3.0
12/08/2017,48.5
13/08/2017,7.3
14/08/2017,0.2
15/08/2017,0.0
16/08/2017,9.0
17/08/2017,15.0
18/08/2017,0.0
19/08/2017,7.4
20/08/2017,6.1
21/08/2017,1.0
22/08/2017,41.5
23/08/2017,14.4
24/08/2017,0.5
25/08/2017,23.5
26/08/2017,34.1
27/08/2017,0.0
28/08/2017,1.0
29/08/2017,50.0
30/08/2017,0.5
31/08/2017,19.5
01/09/2017,2.5
02/09/2017,1.0
03/09/2017,8.5
04/09/2017,0.8
05/09/2017,56.7
06/09/2017,10.0
07/09/2017,0.5
08/09/2017,0.0
09/09/2017,0.0
10/09/2017,39.9
11/09/2017,13.1
12/09/2017,0.0
13/09/2017,1.0
14/09/2017,25.5
15/09/2017,17.5
16/09/2017,0.0
17/09/2017,4.0
18/09/2017,0.0
19/09/2017,0.2
20/09/2017,17.0
21/09/2017,3.3
22/09/2017,0.5
23/09/2017,0.0
24/09/2017,0.0
25/09/2017,6.7
26/09/2017,64.8
27/09/2017,4.0
28/09/2017,7.0
29/09/2017,8.1
30/09/2017,6.1
01/10/2017,74.9
02/10/2017,0.4
03/10/2017,0.5
04/10/2017,0.0
05/10/2017,0.0
06/10/2017,0.0
07/10/2017,0.0
08/10/2017,18.9
09/10/2017,0.8
10/10/2017,1.8
11/10/2017,36.5
12/10/2017,1.8
13/10/2017,14.2
14/10/2017,0.0
15/10/2017,0.0
16/10/2017,0.0
17/10/2017,0.0
18/10/2017,0.0
19/10/2017,3.0
20/10/2017,0.5
21/10/2017,0.0
22/10/2017,8.0
23/10/2017,1.3
24/10/2017,2.7
25/10/2017,0.0
26/10/2017,0.5
27/10/2017,0.0
28/10/2017,0.0
29/10/2017,3.0
30/10/2017,4.0
31/10/2017,6.0
01/11/2017,3.0
02/11/2017,15.7
03/11/2017,4.3
04/11/2017,0.0
05/11/2017,8.5
06/11/2017,0.0
07/11/2017,25.6
08/11/2017,0.9
09/11/2017,24.5
10/11/2017,0.0
11/11/2017,0.0
12/11/2017,1.0
13/11/2017,4.0
14/11/2017,8.7
15/11/2017,15.8
16/11/2017,0.5
17/11/2017,16.0
18/11/2017,0.0
19/11/2017,0.0
20/11/2017,0.0
21/11/2017,41.0
22/11/2017,0.5
23/11/2017,17.7
24/11/2017,10.3
25/11/2017,3.7
26/11/2017,85.1
27/11/2017,154.8
28/11/2017,34.8
29/11/2017,34.0
30/11/2017,11.9
01/12/2017,13.1
02/12/2017,13.4
03/12/2017,1.5
04/12/2017,4.0
05/12/2017,22.5
06/12/2017,9.5
07/12/2017,5.5
08/12/2017,50.0
09/12/2017,1.0
10/12/2017,1.5
11/12/2017,0.0
12/12/2017,0.5
13/12/2017,0.0
14/12/2017,0.0
15/12/2017,0.0
16/12/2017,0.4
17/12/2017,8.6
18/12/2017,6.9
19/12/2017,0.0
20/12/2017,0.0
21/12/2017,0.0
22/12/2017,1.5
23/12/2017,14.0
24/12/2017,21.0
25/12/2017,0.6
26/12/2017,2.4
27/12/2017,37.6
28/12/2017,13.4
29/12/2017,98.1
30/12/2017,39.3
31/12/2017,119.6
01/01/2018,232.4
02/01/2018,96.5
03/01/2018,69.3
04/01/2018,57.9
05/01/2018,1.5
06/01/2018,5.0
07/01/2018,4.3
08/01/2018,36.7
09/01/2018,0.0
10/01/2018,10.4
11/01/2018,16.1
12/01/2018,43.1
13/01/2018,14.6
14/01/2018,8.7
15/01/2018,7.0
16/01/2018,0.0
17/01/2018,0.0
18/01/2018,0.0
19/01/2018,33.0
20/01/2018,11.4
21/01/2018,20.1
22/01/2018,1.5
23/01/2018,2.0
24/01/2018,10.3
25/01/2018,0.7
26/01/2018,47.5
27/01/2018,13.0
28/01/2018,40.5
29/01/2018,0.5
30/01/2018,0.0
31/01/2018,1.5
01/02/2018,5.2
02/02/2018,35.8
03/02/2018,4.5
04/02/2018,2.5
05/02/2018,1.5
06/02/2018,0.4
07/02/2018,0.1
08/02/2018,0.0
09/02/2018,0.0
10/02/2018,0.0
11/02/2018,0.0
12/02/2018,0.5
13/02/2018,18.0
14/02/2018,9.0
15/02/2018,0.0
16/02/2018,0.0
17/02/2018,0.5
18/02/2018,0.0
19/02/2018,3.0
20/02/2018,0.5
21/02/2018,0.0
22/02/2018,0.0
23/02/2018,53.3
24/02/2018,14.2
25/02/2018,0.0
26/02/2018,0.0
27/02/2018,0.5
28/02/2018,0.0
01/03/2018,0.0
02/03/2018,0.0
03/03/2018,0.0
04/03/2018,0.0
05/03/2018,0.0
06/03/2018,0.4
07/03/2018,32.5
08/03/2018,4.1
09/03/2018,0.6
10/03/2018,22.7
11/03/2018,3.7
12/03/2018,6.0
13/03/2018,0.0
14/03/2018,0.0
15/03/2018,0.3
16/03/2018,2.2
17/03/2018,0.0
18/03/2018,0.0
19/03/2018,0.0
20/03/2018,0.0
21/03/2018,0.0
22/03/2018,0.0
23/03/2018,1.9
24/03/2018,0.6
25/03/2018,0.2
26/03/2018,1.3
27/03/2018,0.0
28/03/2018,0.0
29/03/2018,0.0
30/03/2018,16.0
31/03/2018,0.0
01/04/2018,11.0
02/04/2018,0.0
03/04/2018,0.2
04/04/2018,0.8
05/04/2018,0.0
06/04/2018,0.0
07/04/2018,0.4
08/04/2018,45.8
09/04/2018,2.8
10/04/2018,4.0
11/04/2018,0.0
12/04/2018,0.0
13/04/2018,0.0
14/04/2018,4.0
15/04/2018,0.0
16/04/2018,10.0
17/04/2018,0.0
18/04/2018,0.0
19/04/2018,14.5
20/04/2018,2.0
21/04/2018,0.0
22/04/2018,2.5
23/04/2018,0.0
24/04/2018,0.0
25/04/2018,5.0
26/04/2018,21.5
27/04/2018,0.0
28/04/2018,0.0
29/04/2018,10.0
30/04/2018,13.0
01/05/2018,0.5
02/05/2018,0.0
03/05/2018,0.0
04/05/2018,0.0
05/05/2018,39.5
06/05/2018,0.0
07/05/2018,14.5
08/05/2018,27.1
09/05/2018,0.4
10/05/2018,0.5
11/05/2018,0.0
12/05/2018,0.0
13/05/2018,9.5
14/05/2018,0.0
15/05/2018,0.0
16/05/2018,83.5
17/05/2018,22.8
18/05/2018,0.2
19/05/2018,0.0
20/05/2018,0.0
21/05/2018,10.0
22/05/2018,3.0
23/05/2018,0.5
24/05/2018,9.5
25/05/2018,0.0
26/05/2018,0.0
27/05/2018,3.0
28/05/2018,0.0
29/05/2018,54.5
30/05/2018,0.4
31/05/2018,26.6
01/06/2018,22.4
02/06/2018,1.6
03/06/2018,8.4
04/06/2018,0.6
05/06/2018,0.5
06/06/2018,1.5
07/06/2018,5.0
08/06/2018,0.0
09/06/2018,0.0
10/06/2018,0.0
11/06/2018,1.0
12/06/2018,0.5
13/06/2018,0.0
14/06/2018,0.4
15/06/2018,2.6
16/06/2018,4.0
17/06/2018,1.0
18/06/2018,0.0
19/06/2018,0.5
20/06/2018,0.0
21/06/2018,9.5
22/06/2018,0.0
23/06/2018,1.5
24/06/2018,12.0
25/06/2018,20.2
26/06/2018,2.3
27/06/2018,0.5
28/06/2018,0.5
29/06/2018,4.5
30/06/2018,0.5
01/07/2018,14.2
02/07/2018,0.3
03/07/2018,0.0
04/07/2018,0.0
05/07/2018,0.0
06/07/2018,0.0
07/07/2018,0.0
08/07/2018,0.4
09/07/2018,0.6
10/07/2018,0.0
11/07/2018,0.0
12/07/2018,0.0
13/07/2018,0.0
14/07/2018,0.0
15/07/2018,0.0
16/07/2018,0.0
17/07/2018,0.5
18/07/2018,1.5
19/07/2018,0.0
20/07/2018,24.9
21/07/2018,7.6
22/07/2018,0.0
23/07/2018,0.0
24/07/2018,63.8
25/07/2018,8.7
26/07/2018,40.9
27/07/2018,23.4
28/07/2018,4.7
29/07/2018,49.0
30/07/2018,0.4
31/07/2018,27.2
01/08/2018,19.5
02/08/2018,0.0
03/08/2018,0.0
04/08/2018,0.0
05/08/2018,0.0
06/08/2018,0.0
07/08/2018,6.6
08/08/2018,4.4
09/08/2018,0.0
10/08/2018,19.5
11/08/2018,0.5
12/08/2018,0.0
13/08/2018,0.0
14/08/2018,0.0
15/08/2018,0.0
16/08/2018,0.0
17/08/2018,8.6
18/08/2018,7.9
19/08/2018,0.0
20/08/2018,0.0
21/08/2018,16.0
22/08/2018,11.5
23/08/2018,0.5
24/08/2018,0.0
25/08/2018,0.0
26/08/2018,0.0
27/08/2018,0.0
28/08/2018,14.9
29/08/2018,51.6
30/08/2018,0.5
31/08/2018,3.5
01/09/2018,0.0
02/09/2018,5.5
03/09/2018,1.5
04/09/2018,7.0
05/09/2018,0.8
06/09/2018,2.3
07/09/2018,13.9
08/09/2018,0.0
09/09/2018,3.5
10/09/2018,6.5
11/09/2018,20.2
12/09/2018,2.8
13/09/2018,41.5
14/09/2018,48.5
15/09/2018,0.5
16/09/2018,20.5
17/09/2018,1.5
18/09/2018,0.5
19/09/2018,5.5
20/09/2018,34.0
21/09/2018,0.5
22/09/2018,3.3
23/09/2018,0.2
24/09/2018,0.0
25/09/2018,0.5
26/09/2018,18.5
27/09/2018,0.0
28/09/2018,13.5
29/09/2018,0.0
30/09/2018,0.0
01/10/2018,0.0
02/10/2018,0.0
03/10/2018,0.8
04/10/2018,1.7
05/10/2018,0.0
06/10/2018,32.4
07/10/2018,11.6
08/10/2018,5.0
09/10/2018,3.0
10/10/2018,2.3
11/10/2018,9.5
12/10/2018,3.1
13/10/2018,61.8
14/10/2018,20.2
15/10/2018,0.0
16/10/2018,0.5
17/10/2018,0.9
18/10/2018,29.3
19/10/2018,0.4
20/10/2018,0.4
21/10/2018,20.1
22/10/2018,0.8
23/10/2018,32.2
24/10/2018,1.5
25/10/2018,13.0
26/10/2018,38.0
27/10/2018,18.5
28/10/2018,1.0
29/10/2018,5.1
30/10/2018,9.0
31/10/2018,1.8
01/11/2018,0.4
02/11/2018,82.3
03/11/2018,52.3
04/11/2018,4.8
05/11/2018,51.2
06/11/2018,26.0
07/11/2018,31.5
08/11/2018,79.0
09/11/2018,19.5
10/11/2018,0.0
11/11/2018,3.5
12/11/2018,20.0
13/11/2018,0.0
14/11/2018,5.5
15/11/2018,0.0
16/11/2018,0.5
17/11/2018,0.0
18/11/2018,48.5
19/11/2018,19.0
20/11/2018,1.0
21/11/2018,6.0
22/11/2018,0.0
23/11/2018,0.0
24/11/2018,0.0
25/11/2018,1.0
26/11/2018,0.5
27/11/2018,3.0
28/11/2018,2.1
29/11/2018,21.4
30/11/2018,23.1
01/12/2018,47.4
02/12/2018,8.5
03/12/2018,25.3
04/12/2018,7.0
05/12/2018,26.5
06/12/2018,29.7
07/12/2018,20.2
08/12/2018,1.8
09/12/2018,30.5
10/12/2018,3.0
11/12/2018,10.8
12/12/2018,113.4
13/12/2018,99.0
14/12/2018,32.9
15/12/2018,26.4
16/12/2018,0.9
17/12/2018,22.6
18/12/2018,0.0
19/12/2018,0.5
20/12/2018,0.5
21/12/2018,0.0
22/12/2018,0.0
23/12/2018,0.0
24/12/2018,2.0
25/12/2018,2.5
26/12/2018,3.5
27/12/2018,0.0
28/12/2018,0.5
29/12/2018,0.0
30/12/2018,0.0
31/12/2018,0.0
01/01/2019,0.5
02/01/2019,1.4
03/01/2019,0.1
04/01/2019,0.0
05/01/2019,12.0
06/01/2019,14.5
07/01/2019,6.3
08/01/2019,1.5
09/01/2019,9.0
10/01/2019,18.9
11/01/2019,3.0
12/01/2019,7.1
13/01/2019,0.0
14/01/2019,0.0
15/01/2019,0.0
16/01/2019,8.4
17/01/2019,40.2
18/01/2019,2.3
19/01/2019,10.1
20/01/2019,0.0
21/01/2019,0.0
22/01/2019,0.0
23/01/2019,18.5
24/01/2019,1.0
25/01/2019,0.0
26/01/2019,0.0
27/01/2019,0.7
28/01/2019,2.7
29/01/2019,10.1
30/01/2019,0.5
31/01/2019,1.0
01/02/2019,3.1
02/02/2019,38.2
03/02/2019,2.7
04/02/2019,0.0
05/02/2019,0.0
06/02/2019,0.0
07/02/2019,0.0
08/02/2019,0.0
09/02/2019,0.0
10/02/2019,0.0
11/02/2019,0.0
12/02/2019,1.1
13/02/2019,48.9
14/02/2019,23.8
15/02/2019,0.2
16/02/2019,0.0
17/02/2019,0.0
18/02/2019,12.5
19/02/2019,3.0
20/02/2019,0.0
21/02/2019,0.0
22/02/2019,0.0
23/02/2019,0.0
24/02/2019,0.0
25/02/2019,0.0
26/02/2019,5.6
27/02/2019,0.4
28/02/2019,0.0
01/03/2019,0.0
02/03/2019,0.0
03/03/2019,0.0
04/03/2019,0.0
05/03/2019,0.0
06/03/2019,0.0
07/03/2019,5.0
08/03/2019,0.0
09/03/2019,0.0
10/03/2019,0.0
11/03/2019,21.0
12/03/2019,0.0
13/03/2019,0.0
14/03/2019,0.0
15/03/2019,0.0
16/03/2019,0.0
17/03/2019,0.0
18/03/2019,0.0
19/03/2019,0.0
20/03/2019,0.0
21/03/2019,0.0
22/03/2019,0.0
23/03/2019,0.0
24/03/2019,0.0
25/03/2019,1.0
26/03/2019,0.5
27/03/2019,0.0
28/03/2019,4.5
29/03/2019,13.9
30/03/2019,6.1
31/03/2019,50.5
01/04/2019,2.0
02/04/2019,0.9
03/04/2019,1.1
04/04/2019,0.0
05/04/2019,0.0
06/04/2019,0.0
07/04/2019,0.0
08/04/2019,0.0
09/04/2019,0.0
10/04/2019,0.0
11/04/2019,0.0
12/04/2019,1.5
13/04/2019,43.0
14/04/2019,5.5
15/04/2019,0.0
16/04/2019,0.0
17/04/2019,0.0
18/04/2019,0.0
19/04/2019,0.0
20/04/2019,0.0
21/04/2019,0.0
22/04/2019,0.0
23/04/2019,3.0
24/04/2019,0.5
25/04/2019,0.0
26/04/2019,0.0
27/04/2019,26.6
28/04/2019,0.4
29/04/2019,19.4
30/04/2019,6.6
01/05/2019,5.5
02/05/2019,36.5
03/05/2019,28.5
04/05/2019,12.9
05/05/2019,13.3
06/05/2019,10.6
07/05/2019,38.7
08/05/2019,6.5
09/05/2019,0.0
10/05/2019,0.5
11/05/2019,40.5
12/05/2019,41.1
13/05/2019,5.5
14/05/2019,7.0
15/05/2019,20.4
16/05/2019,1.1
17/05/2019,0.5
18/05/2019,1.5
19/05/2019,1.0
20/05/2019,0.0
21/05/2019,0.0
22/05/2019,8.0
23/05/2019,0.5
24/05/2019,40.0
25/05/2019,10.0
26/05/2019,1.0
27/05/2019,0.5
28/05/2019,0.0
29/05/2019,0.0
30/05/2019,0.0
31/05/2019,0.0
01/06/2019,0.0
02/06/2019,0.0
03/06/2019,42.7
04/06/2019,0.3
05/06/2019,5.3
06/06/2019,8.2
07/06/2019,0.0
08/06/2019,0.0
09/06/2019,1.0
10/06/2019,23.0
11/06/2019,2.5
12/06/2019,0.0
13/06/2019,0.0
14/06/2019,0.5
15/06/2019,9.5
16/06/2019,0.0
17/06/2019,44.5
18/06/2019,9.6
19/06/2019,2.9
20/06/2019,5.0
21/06/2019,27.0
22/06/2019,37.5
23/06/2019,6.7
24/06/2019,0.3
25/06/2019,0.0
26/06/2019,0.0
27/06/2019,17.5
28/06/2019,0.5
29/06/2019,0.0
30/06/2019,3.0
01/07/2019,0.3
02/07/2019,0.2
03/07/2019,0.5
04/07/2019,0.0
05/07/2019,26.5
06/07/2019,0.0
07/07/2019,0.5
08/07/2019,12.3
09/07/2019,41.7
10/07/2019,0.0
11/07/2019,0.0
12/07/2019,7.5
13/07/2019,0.0
14/07/2019,6.3
15/07/2019,27.1
16/07/2019,47.6
17/07/2019,23.7
18/07/2019,44.8
19/07/2019,0.0
20/07/2019,0.0
21/07/2019,0.0
22/07/2019,0.0
23/07/2019,4.5
24/07/2019,43.1
25/07/2019,1.4
26/07/2019,0.0
27/07/2019,15.5
28/07/2019,0.0
29/07/2019,0.0
30/07/2019,4.8
31/07/2019,22.2
01/08/2019,0.0
02/08/2019,0.0
03/08/2019,0.0
04/08/2019,0.5
05/08/2019,0.0
06/08/2019,0.0
07/08/2019,0.0
08/08/2019,10.5
09/08/2019,0.5
10/08/2019,0.0
11/08/2019,1.0
12/08/2019,0.5
13/08/2019,11.4
14/08/2019,6.1
15/08/2019,27.5
16/08/2019,0.0
17/08/2019,1.0
18/08/2019,7.5
19/08/2019,0.5
20/08/2019,3.0
21/08/2019,2.5
22/08/2019,1.0
23/08/2019,1.4
24/08/2019,19.1
25/08/2019,19.5
26/08/2019,0.5
27/08/2019,7.0
28/08/2019,5.6
29/08/2019,13.4
30/08/2019,0.5
31/08/2019,0.0
01/09/2019,0.0
02/09/2019,8.0
03/09/2019,14.2
04/09/2019,0.3
05/09/2019,9.7
06/09/2019,0.7
07/09/2019,5.1
08/09/2019,15.4
09/09/2019,18.6
10/09/2019,0.5
11/09/2019,0.0
12/09/2019,4.5
13/09/2019,1.3
14/09/2019,11.2
15/09/2019,0.5
16/09/2019,0.0
17/09/2019,0.0
18/09/2019,0.0
19/09/2019,0.0
20/09/2019,0.0
21/09/2019,0.0
22/09/2019,0.0
23/09/2019,0.0
24/09/2019,13.3
25/09/2019,64.7
26/09/2019,0.0
27/09/2019,0.0
28/09/2019,0.0
29/09/2019,0.0
30/09/2019,4.5
01/10/2019,6.0
02/10/2019,0.5
03/10/2019,26.0
04/10/2019,1.5
05/10/2019,56.5
06/10/2019,14.0
07/10/2019,4.5
08/10/2019,0.0
09/10/2019,0.0
10/10/2019,2.0
11/10/2019,0.0
12/10/2019,3.5
13/10/2019,4.0
14/10/2019,5.5
15/10/2019,0.0
16/10/2019,4.5
17/10/2019,48.0
18/10/2019,3.0
19/10/2019,40.0
20/10/2019,0.0
21/10/2019,0.3
22/10/2019,7.7
23/10/2019,17.5
24/10/2019,26.5
25/10/2019,0.5
26/10/2019,6.5
27/10/2019,0.0
28/10/2019,0.5
29/10/2019,17.9
30/10/2019,1.6
31/10/2019,1.5
01/11/2019,0.5
02/11/2019,36.0
03/11/2019,0.5
04/11/2019,9.6
05/11/2019,1.4
06/11/2019,33.0
07/11/2019,8.5
08/11/2019,2.0
09/11/2019,3.0
10/11/2019,0.5
11/11/2019,23.4
12/11/2019,1.6
13/11/2019,10.0
14/11/2019,5.9
15/11/2019,9.1
16/11/2019,0.0
17/11/2019,18.5
18/11/2019,17.0
19/11/2019,2.0
20/11/2019,31.0
21/11/2019,18.9
22/11/2019,138.8
23/11/2019,1.8
24/11/2019,0.0
25/11/2019,1.0
26/11/2019,1.6
27/11/2019,49.1
28/11/2019,104.0
29/11/2019,295.9
30/11/2019,33.7
01/12/2019,99.5
02/12/2019,39.4
03/12/2019,11.9
04/12/2019,6.4
05/12/2019,1.9
06/12/2019,0.0
07/12/2019,2.5
08/12/2019,62.8
09/12/2019,8.4
10/12/2019,1.8
11/12/2019,0.4
12/12/2019,1.8
13/12/2019,4.2
14/12/2019,36.1
15/12/2019,21.9
16/12/2019,125.0
17/12/2019,45.3
18/12/2019,137.2
19/12/2019,1.0
20/12/2019,10.5
21/12/2019,1.5
22/12/2019,0.0
23/12/2019,1.0
24/12/2019,0.0
25/12/2019,0.0
26/12/2019,0.0
27/12/2019,0.0
28/12/2019,0.4
29/12/2019,0.1
30/12/2019,0.0
31/12/2019,1.0
01/01/2020,2.3
02/01/2020,20.8
03/01/2020,7.5
04/01/2020,5.9
05/01/2020,0.1
06/01/2020,1.0
07/01/2020,1.7
08/01/2020,4.5
09/01/2020,1.9
10/01/2020,0.0
11/01/2020,0.0
12/01/2020,0.0
13/01/2020,0.5
14/01/2020,0.0
15/01/2020,0.0
16/01/2020,0.0
17/01/2020,0.0
18/01/2020,1.0
19/01/2020,20.2
20/01/2020,3.5
21/01/2020,4.2
22/01/2020,0.6
23/01/2020,2.4
24/01/2020,0.0
25/01/2020,0.0
26/01/2020,0.0
27/01/2020,0.4
28/01/2020,6.6
29/01/2020,0.0
30/01/2020,0.0
31/01/2020,21.6
01/02/2020,13.9
02/02/2020,0.5
03/02/2020,0.0
04/02/2020,0.0
05/02/2020,0.0
06/02/2020,0.0
07/02/2020,0.5
08/02/2020,0.0
09/02/2020,19.3
10/02/2020,91.3
11/02/2020,12.6
12/02/2020,35.0
13/02/2020,0.2
14/02/2020,0.0
15/02/2020,0.0
16/02/2020,0.0
17/02/2020,12.5
18/02/2020,38.0
19/02/2020,0.0
20/02/2020,1.0
21/02/2020,0.0
22/02/2020,0.0
23/02/2020,0.0
24/02/2020,0.0
25/02/2020,0.0
26/02/2020,0.0
27/02/2020,0.0
28/02/2020,0.0
29/02/2020,0.0
01/03/2020,0.0
02/03/2020,0.0
03/03/2020,0.0
04/03/2020,0.0
05/03/2020,19.5
06/03/2020,0.4
07/03/2020,24.1
08/03/2020,0.0
09/03/2020,0.0
10/03/2020,0.0
11/03/2020,0.0
12/03/2020,0.0
13/03/2020,0.0
14/03/2020,0.0
15/03/2020,2.5
16/03/2020,0.0
17/03/2020,6.0
18/03/2020,0.0
19/03/2020,0.0
20/03/2020,0.0
21/03/2020,2.0
22/03/2020,9.5
23/03/2020,4.5
24/03/2020,1.0
25/03/2020,0.0
26/03/2020,0.0
27/03/2020,0.0
28/03/2020,0.0
29/03/2020,0.0
30/03/2020,0.0
31/03/2020,0.0
01/04/2020,0.0
02/04/2020,0.3
03/04/2020,17.2
04/04/2020,0.0
05/04/2020,13.5
06/04/2020,3.5
07/04/2020,40.8
08/04/2020,0.2
09/04/2020,0.0
10/04/2020,0.0
11/04/2020,0.0
12/04/2020,0.0
13/04/2020,0.0
14/04/2020,0.0
15/04/2020,0.0
16/04/2020,0.0
17/04/2020,0.0
18/04/2020,0.0
19/04/2020,0.0
20/04/2020,0.0
21/04/2020,0.0
22/04/2020,14.0
23/04/2020,2.0
24/04/2020,4.0
25/04/2020,12.5
26/04/2020,32.0
27/04/2020,0.5
28/04/2020,0.5
29/04/2020,1.5
30/04/2020,20.1
01/05/2020,35.4
02/05/2020,0.5
03/05/2020,0.0
04/05/2020,0.5
05/05/2020,0.0
06/05/2020,29.0
07/05/2020,1.5
08/05/2020,4.5
09/05/2020,10.5
10/05/2020,1.0
11/05/2020,0.5
12/05/2020,4.5
13/05/2020,0.0
14/05/2020,0.5
15/05/2020,4.0
16/05/2020,6.5
17/05/2020,0.3
18/05/2020,0.2
19/05/2020,5.0
20/05/2020,0.5
21/05/2020,24.5
22/05/2020,1.0
23/05/2020,0.0
24/05/2020,9.0
25/05/2020,0.5
26/05/2020,0.0
27/05/2020,0.0
28/05/2020,0.0
29/05/2020,38.0
30/05/2020,0.0
31/05/2020,2.5
01/06/2020,77.3
02/06/2020,2.2
03/06/2020,0.0
04/06/2020,0.0
05/06/2020,1.2
06/06/2020,6.8
07/06/2020,0.5
08/06/2020,1.9
09/06/2020,2.6
10/06/2020,11.5
11/06/2020,7.5
12/06/2020,18.3
13/06/2020,0.7
14/06/2020,0.0
15/06/2020,0.0
16/06/2020,64.0
17/06/2020,31.4
18/06/2020,1.1
19/06/2020,6.2
20/06/2020,7.4
21/06/2020,0.0
22/06/2020,67.9
23/06/2020,0.5
24/06/2020,22.6
25/06/2020,6.5
26/06/2020,0.5
27/06/2020,0.0
28/06/2020,0.0
29/06/2020,9.0
30/06/2020,0.0
01/07/2020,22.0
02/07/2020,1.0
03/07/2020,0.0
04/07/2020,11.5
05/07/2020,0.5
06/07/2020,0.0
07/07/2020,4.5
08/07/2020,0.5
09/07/2020,35.2
10/07/2020,1.3
11/07/2020,3.9
12/07/2020,7.0
13/07/2020,1.6
14/07/2020,0.0
15/07/2020,4.0
16/07/2020,30.0
17/07/2020,0.0
18/07/2020,3.0
19/07/2020,2.2
20/07/2020,1.3
21/07/2020,9.5
22/07/2020,0.5
23/07/2020,0.4
24/07/2020,15.1
25/07/2020,23.0
26/07/2020,0.5
27/07/2020,0.0
28/07/2020,19.5
29/07/2020,33.3
30/07/2020,5.7
31/07/2020,7.9
01/08/2020,0.0
02/08/2020,0.0
03/08/2020,0.0
04/08/2020,0.0
05/08/2020,19.5
06/08/2020,0.0
07/08/2020,0.0
08/08/2020,6.5
09/08/2020,0.0
10/08/2020,0.0
11/08/2020,0.5
12/08/2020,8.5
13/08/2020,6.9
14/08/2020,18.6
15/08/2020,0.0
16/08/2020,2.5
17/08/2020,3.5
18/08/2020,3.0
19/08/2020,1.5
20/08/2020,0.0
21/08/2020,59.2
22/08/2020,7.8
23/08/2020,0.0
24/08/2020,0.0
25/08/2020,0.0
26/08/2020,0.0
27/08/2020,0.0
28/08/2020,0.5
29/08/2020,27.0
30/08/2020,0.0
31/08/2020,22.5
01/09/2020,0.0
02/09/2020,0.0
03/09/2020,0.0
04/09/2020,0.5
05/09/2020,5.5
06/09/2020,0.0
07/09/2020,42.5
08/09/2020,36.5
09/09/2020,1.5
10/09/2020,1.0
11/09/2020,0.0
12/09/2020,6.5
13/09/2020,0.5
14/09/2020,21.0
15/09/2020,0.0
16/09/2020,0.0
17/09/2020,0.0
18/09/2020,0.5
19/09/2020,0.0
20/09/2020,2.5
21/09/2020,0.0
22/09/2020,0.0
23/09/2020,1.5
24/09/2020,3.3
25/09/2020,1.7
26/09/2020,5.7
27/09/2020,0.8
28/09/2020,11.4
29/09/2020,1.6
30/09/2020,1.5
01/10/2020,3.5
02/10/2020,9.0
03/10/2020,1.0
04/10/2020,1.0
05/10/2020,3.3
06/10/2020,7.1
07/10/2020,57.7
08/10/2020,0.4
09/10/2020,11.4
10/10/2020,8.1
11/10/2020,0.0
12/10/2020,31.3
13/10/2020,8.7
14/10/2020,0.0
15/10/2020,0.0
16/10/2020,0.0
17/10/2020,0.0
18/10/2020,0.0
19/10/2020,4.0
20/10/2020,0.5
21/10/2020,0.0
22/10/2020,0.0
23/10/2020,0.4
24/10/2020,2.0
25/10/2020,58.5
26/10/2020,2.0
27/10/2020,1.9
28/10/2020,4.6
29/10/2020,5.0
30/10/2020,1.8
31/10/2020,12.7
01/11/2020,7.5
02/11/2020,13.0
03/11/2020,18.8
04/11/2020,2.7
05/11/2020,2.5
06/11/2020,114.0
07/11/2020,35.5
08/11/2020,38.5
09/11/2020,7.5
10/11/2020,0.0
11/11/2020,2.5
12/11/2020,19.5
13/11/2020,30.4
14/11/2020,32.1
15/11/2020,9.0
16/11/2020,1.4
17/11/2020,58.3
18/11/2020,28.3
19/11/2020,6.0
20/11/2020,1.6
21/11/2020,29.7
22/11/2020,15.0
23/11/2020,91.5
24/11/2020,49.1
25/11/2020,21.6
26/11/2020,0.5
27/11/2020,215.1
28/11/2020,58.7
29/11/2020,4.7
30/11/2020,1.0
01/12/2020,35.0
02/12/2020,10.9
03/12/2020,14.5
04/12/2020,64.5
05/12/2020,0.1
06/12/2020,0.0
07/12/2020,0.0
08/12/2020,0.0
09/12/2020,22.0
10/12/2020,0.0
11/12/2020,18.5
12/12/2020,1.8
13/12/2020,1.7
14/12/2020,0.8
15/12/2020,24.9
16/12/2020,30.7
17/12/2020,182.1
18/12/2020,211.1
19/12/2020,109.7
20/12/2020,126.2
21/12/2020,0.5
22/12/2020,0.0
23/12/2020,0.0
24/12/2020,1.5
25/12/2020,0.0
26/12/2020,40.7
27/12/2020,68.8
28/12/2020,0.0
29/12/2020,0.0
30/12/2020,0.0
31/12/2020,71.3
01/01/2021,39.7
02/01/2021,31.5
03/01/2021,171.7
04/01/2021,22.0
05/01/2021,56.8
06/01/2021,435.0
07/01/2021,104.0
08/01/2021,27.2
09/01/2021,42.9
10/01/2021,4.0
11/01/2021,6.0
12/01/2021,23.2
13/01/2021,4.8
14/01/2021,0.0
15/01/2021,0.0
16/01/2021,0.0
17/01/2021,0.5
18/01/2021,0.0
19/01/2021,0.0
20/01/2021,0.0
21/01/2021,0.0
22/01/2021,0.5
23/01/2021,17.3
24/01/2021,4.7
25/01/2021,0.5
26/01/2021,0.3
27/01/2021,11.3
28/01/2021,8.4
29/01/2021,0.4
30/01/2021,0.1
31/01/2021,16.9
01/02/2021,12.6
02/02/2021,4.5
03/02/2021,0.0
04/02/2021,0.0
05/02/2021,2.6
06/02/2021,1.9
07/02/2021,0.0
08/02/2021,0.5
09/02/2021,0.0
10/02/2021,0.0
11/02/2021,0.0
12/02/2021,0.5
13/02/2021,0.0
14/02/2021,0.0
15/02/2021,0.0
16/02/2021,0.0
17/02/2021,0.0
18/02/2021,0.0
19/02/2021,0.0
20/02/2021,0.0
21/02/2021,0.0
22/02/2021,0.0
23/02/2021,0.0
24/02/2021,0.0
25/02/2021,0.0
26/02/2021,0.0
27/02/2021,4.5
28/02/2021,0.0
01/03/2021,0.0
02/03/2021,0.0
03/03/2021,0.0
04/03/2021,35.2
05/03/2021,6.6
06/03/2021,1.2
07/03/2021,0.0
08/03/2021,0.0
09/03/2021,0.0
10/03/2021,1.8
11/03/2021,5.3
12/03/2021,13.7
13/03/2021,0.2
14/03/2021,3.0
15/03/2021,0.0
16/03/2021,0.0
17/03/2021,0.0
18/03/2021,0.0
19/03/2021,0.0
20/03/2021,0.0
21/03/2021,0.0
22/03/2021,0.5
23/03/2021,98.8
24/03/2021,172.2
25/03/2021,86.6
26/03/2021,3.4
27/03/2021,10.0
28/03/2021,0.0
29/03/2021,21.0
30/03/2021,0.4
31/03/2021,5.1
01/04/2021,4.0
02/04/2021,11.5
03/04/2021,0.5
04/04/2021,19.0
05/04/2021,1.0
06/04/2021,0.0
07/04/2021,0.0
08/04/2021,3.5
09/04/2021,0.0
10/04/2021,0.2
11/04/2021,8.3
12/04/2021,0.0
13/04/2021,0.0
14/04/2021,2.0
15/04/2021,0.5
16/04/2021,0.5
17/04/2021,14.5
18/04/2021,0.0
19/04/2021,4.0
20/04/2021,8.5
21/04/2021,1.5
22/04/2021,0.0
23/04/2021,7.5
24/04/2021,0.5
25/04/2021,14.6
26/04/2021,10.4
27/04/2021,2.0
28/04/2021,7.5
29/04/2021,1.0
30/04/2021,33.0
01/05/2021,17.5
02/05/2021,0.0
03/05/2021,1.0
04/05/2021,6.4
05/05/2021,8.1
06/05/2021,3.5
07/05/2021,0.7
08/05/2021,4.2
09/05/2021,5.5
10/05/2021,0.0
11/05/2021,12.0
12/05/2021,8.0
13/05/2021,0.5
14/05/2021,14.0
15/05/2021,2.5
16/05/2021,1.5
17/05/2021,0.5
18/05/2021,1.7
19/05/2021,0.3
20/05/2021,0.0
21/05/2021,0.5
22/05/2021,0.0
23/05/2021,0.4
24/05/2021,6.6
25/05/2021,9.0
26/05/2021,4.0
27/05/2021,10.0
28/05/2021,0.5
29/05/2021,1.5
30/05/2021,0.0
31/05/2021,0.0
01/06/2021,0.0
02/06/2021,9.0
03/06/2021,0.0
04/06/2021,9.5
05/06/2021,1.0
06/06/2021,0.0
07/06/2021,0.0
08/06/2021,0.0
09/06/2021,0.5
10/06/2021,32.0
11/06/2021,0.5
12/06/2021,0.0
13/06/2021,0.0
14/06/2021,0.5
15/06/2021,49.5
16/06/2021,0.0
17/06/2021,31.0
18/06/2021,0.0
19/06/2021,30.0
20/06/2021,26.0
21/06/2021,0.0
22/06/2021,0.0
23/06/2021,48.3
24/06/2021,5.7
25/06/2021,0.5
26/06/2021,7.5
27/06/2021,9.5
28/06/2021,1.8
29/06/2021,0.7
30/06/2021,0.0
01/07/2021,42.5
02/07/2021,0.0
03/07/2021,5.9
04/07/2021,0.1
05/07/2021,0.0
06/07/2021,5.0
07/07/2021,0.5
08/07/2021,0.0
09/07/2021,38.3
10/07/2021,50.2
11/07/2021,7.9
12/07/2021,2.6
13/07/2021,35.5
14/07/2021,0.0
15/07/2021,0.0
16/07/2021,0.0
17/07/2021,0.0
18/07/2021,0.0
19/07/2021,0.0
20/07/2021,0.0
21/07/2021,0.0
22/07/2021,5.1
23/07/2021,1.0
24/07/2021,1.0
25/07/2021,0.0
26/07/2021,0.0
27/07/2021,0.0
28/07/2021,0.5
29/07/2021,0.5
30/07/2021,11.1
31/07/2021,0.9
01/08/2021,24.5
02/08/2021,0.5
03/08/2021,27.7
04/08/2021,5.3
05/08/2021,0.0
06/08/2021,0.0
07/08/2021,1.0
08/08/2021,14.0
09/08/2021,6.0
10/08/2021,0.5
11/08/2021,0.5
12/08/2021,0.0
13/08/2021,0.0
14/08/2021,16.2
15/08/2021,32.3
16/08/2021,0.5
17/08/2021,4.0
18/08/2021,1.8
19/08/2021,9.4
20/08/2021,6.3
21/08/2021,0.9
22/08/2021,17.1
23/08/2021,0.0
24/08/2021,0.0
25/08/2021,9.5
26/08/2021,0.4
27/08/2021,7.1
28/08/2021,0.8
29/08/2021,52.2
30/08/2021,8.0
31/08/2021,4.5
01/09/2021,1.8
02/09/2021,55.3
03/09/2021,4.4
04/09/2021,1.0
05/09/2021,1.5
06/09/2021,0.0
07/09/2021,0.0
08/09/2021,0.0
09/09/2021,23.8
10/09/2021,8.1
11/09/2021,9.6
12/09/2021,5.0
13/09/2021,9.5
14/09/2021,3.1
15/09/2021,5.4
16/09/2021,56.3
17/09/2021,12.2
18/09/2021,0.0
19/09/2021,38.7
20/09/2021,0.3
21/09/2021,0.4
22/09/2021,0.1
23/09/2021,0.0
24/09/2021,10.5
25/09/2021,0.5
26/09/2021,31.3
27/09/2021,7.2
28/09/2021,6.0
29/09/2021,7.0
30/09/2021,24.0
01/10/2021,3.0
02/10/2021,0.5
03/10/2021,13.5
04/10/2021,6.4
05/10/2021,20.7
06/10/2021,18.9
07/10/2021,3.0
08/10/2021,17.5
09/10/2021,0.0
10/10/2021,2.5
11/10/2021,0.0
12/10/2021,0.0
13/10/2021,0.0
14/10/2021,0.0
15/10/2021,0.0
16/10/2021,0.0
17/10/2021,35.0
18/10/2021,2.5
19/10/2021,11.9
20/10/2021,9.0
21/10/2021,1.1
22/10/2021,0.5
23/10/2021,1.0
24/10/2021,45.2
25/10/2021,0.3
26/10/2021,14.0
27/10/2021,0.5
28/10/2021,79.4
29/10/2021,9.6
30/10/2021,0.0
31/10/2021,43.0
01/11/2021,10.7
02/11/2021,5.9
03/11/2021,3.1
04/11/2021,0.2
05/11/2021,1.0
06/11/2021,46.8
07/11/2021,0.2
08/11/2021,15.5
09/11/2021,1.7
10/11/2021,10.1
11/11/2021,2.2
12/11/2021,8.0
13/11/2021,7.5
14/11/2021,2.0
15/11/2021,0.0
16/11/2021,78.0
17/11/2021,53.3
18/11/2021,9.2
19/11/2021,6.0
20/11/2021,3.8
21/11/2021,0.7
22/11/2021,58.5
23/11/2021,1.2
24/11/2021,7.3
25/11/2021,0.6
26/11/2021,9.4
27/11/2021,2.4
28/11/2021,5.1
29/11/2021,11.7
30/11/2021,0.3
01/12/2021,0.5
02/12/2021,19.5
03/12/2021,8.0
04/12/2021,0.0
05/12/2021,0.0
06/12/2021,0.0
07/12/2021,0.4
10/12/2021,22.4
11/12/2021,0.6
12/12/2021,0.0
13/12/2021,8.5
14/12/2021,0.8
15/12/2021,7.7
16/12/2021,130.8
17/12/2021,102.6
18/12/2021,162.0
19/12/2021,37.6
20/12/2021,0.0
21/12/2021,0.5
22/12/2021,27.5
23/12/2021,3.0
24/12/2021,0.9
25/12/2021,1.6
26/12/2021,0.0
27/12/2021,0.0
28/12/2021,0.4
29/12/2021,7.6
30/12/2021,269.8
31/12/2021,70.7
01/01/2022,84.1
02/01/2022,45.8
03/01/2022,38.3
04/01/2022,4.8
05/01/2022,0.0
06/01/2022,0.0
07/01/2022,0.4
08/01/2022,12.8
09/01/2022,1.3
10/01/2022,0.0
11/01/2022,0.0
12/01/2022,0.0
13/01/2022,0.0
14/01/2022,0.0
15/01/2022,0.5
16/01/2022,0.5
17/01/2022,1.5
18/01/2022,0.4
19/01/2022,2.6
20/01/2022,0.5
21/01/2022,0.0
22/01/2022,0.0
23/01/2022,0.0
24/01/2022,0.0
25/01/2022,0.0
26/01/2022,0.0
27/01/2022,0.0
28/01/2022,0.0
29/01/2022,0.0
30/01/2022,0.0
31/01/2022,0.0
01/02/2022,0.0
02/02/2022,0.4
03/02/2022,11.1
04/02/2022,14.5
05/02/2022,5.2
06/02/2022,12.1
07/02/2022,30.8
08/02/2022,46.4
09/02/2022,1.0
10/02/2022,18.8
11/02/2022,56.9
12/02/2022,1.3
13/02/2022,2.0
14/02/2022,68.6
15/02/2022,19.9
16/02/2022,0.0
17/02/2022,0.0
18/02/2022,0.0
19/02/2022,0.0
20/02/2022,17.0
21/02/2022,0.0
22/02/2022,2.4
23/02/2022,17.7
24/02/2022,125.7
25/02/2022,163.7
26/02/2022,62.0
27/02/2022,192.6
28/02/2022,31.3
01/03/2022,2.7
02/03/2022,5.3
03/03/2022,12.4
04/03/2022,16.3
05/03/2022,2.5
06/03/2022,6.8
07/03/2022,0.2
08/03/2022,7.1
09/03/2022,10.4
10/03/2022,0.0
11/03/2022,0.0
12/03/2022,0.0
13/03/2022,9.0
14/03/2022,0.0
15/03/2022,0.0
16/03/2022,83.0
17/03/2022,1.0
18/03/2022,0.0
19/03/2022,10.4
20/03/2022,19.1
21/03/2022,0.5
22/03/2022,10.0
23/03/2022,51.9
24/03/2022,1.1
25/03/2022,12.5
26/03/2022,5.5
27/03/2022,11.0
28/03/2022,0.0
29/03/2022,0.0
30/03/2022,0.0
31/03/2022,0.0
01/04/2022,0.0
02/04/2022,0.5
03/04/2022,0.4
04/04/2022,23.9
05/04/2022,10.2
06/04/2022,0.0
07/04/2022,41.8
08/04/2022,11.7
09/04/2022,6.0
10/04/2022,0.5
11/04/2022,0.0
12/04/2022,0.0
13/04/2022,21.5
14/04/2022,3.0
15/04/2022,4.0
16/04/2022,17.0
17/04/2022,0.5
18/04/2022,0.0
19/04/2022,0.0
20/04/2022,0.0
21/04/2022,0.0
22/04/2022,20.2
23/04/2022,1.1
24/04/2022,3.2
25/04/2022,7.5
26/04/2022,3.5
27/04/2022,0.0
28/04/2022,0.0
29/04/2022,0.0
30/04/2022,15.0
01/05/2022,6.0
02/05/2022,9.7
03/05/2022,7.3
04/05/2022,0.0
05/05/2022,5.7
06/05/2022,0.3
07/05/2022,0.0
08/05/2022,0.8
09/05/2022,18.2
10/05/2022,17.7
11/05/2022,0.3
12/05/2022,52.6
13/05/2022,0.4
14/05/2022,2.0
15/05/2022,0.0
16/05/2022,60.5
17/05/2022,0.0
18/05/2022,0.4
19/05/2022,2.6
20/05/2022,0.0
21/05/2022,0.0
22/05/2022,48.8
23/05/2022,1.2
24/05/2022,0.0
25/05/2022,6.0
26/05/2022,6.5
27/05/2022,0.5
28/05/2022,0.0
29/05/2022,0.0
30/05/2022,0.0
31/05/2022,0.5
01/06/2022,46.5
02/06/2022,0.0
03/06/2022,26.5
04/06/2022,0.5
05/06/2022,0.0
06/06/2022,0.3
07/06/2022,0.7
08/06/2022,8.5
09/06/2022,0.0
10/06/2022,0.0
11/06/2022,21.0
12/06/2022,0.0
13/06/2022,14.5
14/06/2022,0.5
15/06/2022,21.3
16/06/2022,0.2
17/06/2022,1.5
18/06/2022,20.0
19/06/2022,23.0
20/06/2022,2.0
21/06/2022,0.0
22/06/2022,0.0
23/06/2022,12.2
24/06/2022,30.8
25/06/2022,13.6
26/06/2022,1.5
27/06/2022,0.0
28/06/2022,9.8
29/06/2022,44.2
30/06/2022,0.0
01/07/2022,0.0
02/07/2022,0.0
03/07/2022,11.4
04/07/2022,1.5
05/07/2022,11.1
06/07/2022,22.5
07/07/2022,0.5
08/07/2022,0.0
09/07/2022,0.0
10/07/2022,0.0
11/07/2022,27.3
12/07/2022,2.2
13/07/2022,0.0
14/07/2022,0.0
15/07/2022,0.0
16/07/2022,0.0
17/07/2022,0.0
18/07/2022,0.0
19/07/2022,0.4
20/07/2022,0.6
21/07/2022,0.0
22/07/2022,17.0
23/07/2022,0.5
24/07/2022,4.5
25/07/2022,1.0
26/07/2022,1.5
27/07/2022,17.8
28/07/2022,0.2
29/07/2022,0.5
30/07/2022,2.0
31/07/2022,16.0
01/08/2022,2.2
02/08/2022,1.8
03/08/2022,13.2
04/08/2022,12.3
05/08/2022,8.5
06/08/2022,0.0
07/08/2022,0.0
08/08/2022,0.0
09/08/2022,1.1
10/08/2022,31.4
11/08/2022,0.0
12/08/2022,13.5
13/08/2022,11.0
14/08/2022,21.5
15/08/2022,23.2
16/08/2022,0.3
17/08/2022,12.0
18/08/2022,17.0
19/08/2022,0.0
20/08/2022,37.0
21/08/2022,1.0
22/08/2022,0.5
23/08/2022,0.0
24/08/2022,21.0
25/08/2022,31.5
26/08/2022,0.5
27/08/2022,92.5
28/08/2022,40.5
29/08/2022,1.3
30/08/2022,12.7
31/08/2022,10.5
01/09/2022,0.8
02/09/2022,4.6
03/09/2022,14.6
04/09/2022,0.4
05/09/2022,0.6
06/09/2022,0.4
07/09/2022,1.7
08/09/2022,0.4
09/09/2022,0.4
10/09/2022,3.6
11/09/2022,0.6
12/09/2022,1.9
13/09/2022,8.0
14/09/2022,0.5
15/09/2022,0.9
16/09/2022,1.6
17/09/2022,6.0
18/09/2022,3.0
19/09/2022,3.5
20/09/2022,13.5
21/09/2022,9.0
22/09/2022,0.5
23/09/2022,8.0
24/09/2022,0.0
25/09/2022,0.0
26/09/2022,0.0
27/09/2022,0.5
28/09/2022,7.5
29/09/2022,14.5
30/09/2022,19.1
01/10/2022,64.9
02/10/2022,0.4
03/10/2022,3.0
04/10/2022,26.1
05/10/2022,37.0
06/10/2022,0.5
07/10/2022,62.4
08/10/2022,1.4
09/10/2022,6.7
10/10/2022,0.0
11/10/2022,19.7
12/10/2022,3.8
13/10/2022,40.6
14/10/2022,33.9
15/10/2022,0.0
16/10/2022,0.5
17/10/2022,39.1
18/10/2022,3.4
19/10/2022,88.6
20/10/2022,1.9
21/10/2022,33.5
22/10/2022,4.5
23/10/2022,0.0
24/10/2022,1.0
25/10/2022,1.8
26/10/2022,13.6
27/10/2022,9.0
28/10/2022,4.5
29/10/2022,2.5
30/10/2022,16.0
31/10/2022,3.5
01/11/2022,0.5
02/11/2022,6.8
03/11/2022,1.2
04/11/2022,18.2
05/11/2022,1.3
06/11/2022,0.5
07/11/2022,4.0
08/11/2022,0.4
09/11/2022,2.9
10/11/2022,51.5
11/11/2022,26.0
12/11/2022,20.7
13/11/2022,5.5
14/11/2022,0.0
15/11/2022,6.4
16/11/2022,12.9
17/11/2022,4.0
18/11/2022,7.2
19/11/2022,1.0
20/11/2022,0.0
21/11/2022,0.3
22/11/2022,2.1
23/11/2022,1.2
24/11/2022,2.0
25/11/2022,3.0
26/11/2022,1.0
27/11/2022,5.0
28/11/2022,2.5
29/11/2022,0.0
30/11/2022,5.5
01/12/2022,5.5
02/12/2022,16.1
03/12/2022,0.9
04/12/2022,12.5
05/12/2022,6.5
06/12/2022,1.0
07/12/2022,0.5
08/12/2022,39.3
09/12/2022,34.1
10/12/2022,27.2
11/12/2022,22.3
12/12/2022,28.5
13/12/2022,72.6
14/12/2022,46.1
15/12/2022,3.5
16/12/2022,2.9
17/12/2022,72.8
18/12/2022,159.0
19/12/2022,64.5
20/12/2022,63.6
21/12/2022,77.9
22/12/2022,11.8
23/12/2022,0.5
24/12/2022,0.6
25/12/2022,0.0
26/12/2022,0.0
27/12/2022,0.4
28/12/2022,0.1
29/12/2022,0.0
30/12/2022,0.0
31/12/2022,0.0
01/01/2023,0.0
02/01/2023,0.0
03/01/2023,21.2
04/01/2023,1.3
05/01/2023,0.0
06/01/2023,2.0
07/01/2023,0.5
08/01/2023,0.0
09/01/2023,0.0
10/01/2023,2.1
11/01/2023,11.4
12/01/2023,47.5
13/01/2023,0.5
14/01/2023,0.0
15/01/2023,0.0
16/01/2023,0.0
17/01/2023,0.4
18/01/2023,8.1
19/01/2023,5.6
20/01/2023,15.5
21/01/2023,32.5
22/01/2023,57.7
23/01/2023,21.6
24/01/2023,7.3
25/01/2023,10.4
26/01/2023,0.5
27/01/2023,16.4
28/01/2023,21.0
29/01/2023,20.1
30/01/2023,9.7
31/01/2023,4.8
01/02/2023,3.0
02/02/2023,32.9
03/02/2023,33.6
04/02/2023,2.4
05/02/2023,24.1
06/02/2023,103.4
07/02/2023,6.6
08/02/2023,6.5
09/02/2023,0.0
10/02/2023,0.8
11/02/2023,0.2
12/02/2023,0.0
13/02/2023,0.5
14/02/2023,22.0
15/02/2023,0.0
16/02/2023,3.6
17/02/2023,15.4
18/02/2023,4.4
19/02/2023,0.1
20/02/2023,0.0
21/02/2023,0.4
22/02/2023,0.6
23/02/2023,0.0
24/02/2023,0.0
25/02/2023,0.4
26/02/2023,4.1
27/02/2023,8.4
28/02/2023,117.7
01/03/2023,69.0
02/03/2023,15.4
03/03/2023,23.4
04/03/2023,3.8
05/03/2023,0.8
06/03/2023,0.0
07/03/2023,0.4
08/03/2023,2.6
09/03/2023,0.5
10/03/2023,17.0
11/03/2023,6.5
12/03/2023,0.0
13/03/2023,0.0
14/03/2023,0.0
15/03/2023,0.0
16/03/2023,0.0
17/03/2023,0.0
18/03/2023,0.0
19/03/2023,0.0
20/03/2023,0.0
21/03/2023,0.0
22/03/2023,0.0
23/03/2023,9.5
24/03/2023,0.0
25/03/2023,1.0
26/03/2023,0.5
27/03/2023,2.5
28/03/2023,0.5
29/03/2023,0.0
30/03/2023,0.0
31/03/2023,0.0
01/04/2023,0.0
02/04/2023,3.5
03/04/2023,8.5
04/04/2023,0.5
05/04/2023,33.0
06/04/2023,1.5
07/04/2023,0.0
08/04/2023,0.0
09/04/2023,0.0
