Date,Value (mm)
31/12/1985,0.0
01/01/1986,5.0
02/01/1986,23.0
03/01/1986,45.0
04/01/1986,12.0
05/01/1986,4.5
06/01/1986,10.0
07/01/1986,1.0
08/01/1986,5.5
09/01/1986,8.0
10/01/1986,0.0
11/01/1986,2.0
12/01/1986,0.0
13/01/1986,0.5
14/01/1986,0.0
15/01/1986,0.0
16/01/1986,0.0
17/01/1986,0.0
18/01/1986,0.0
19/01/1986,0.0
20/01/1986,0.0
21/01/1986,0.0
22/01/1986,0.0
23/01/1986,0.0
24/01/1986,0.0
25/01/1986,0.0
26/01/1986,0.0
27/01/1986,0.0
28/01/1986,0.0
29/01/1986,0.0
30/01/1986,0.0
31/01/1986,0.0
01/02/1986,0.0
02/02/1986,0.0
03/02/1986,0.0
04/02/1986,0.0
05/02/1986,0.0
06/02/1986,0.0
07/02/1986,0.0
08/02/1986,0.5
09/02/1986,0.0
10/02/1986,0.0
11/02/1986,1.0
12/02/1986,0.0
13/02/1986,0.0
14/02/1986,0.0
15/02/1986,0.0
16/02/1986,0.0
17/02/1986,0.0
18/02/1986,0.0
19/02/1986,0.0
20/02/1986,0.0
21/02/1986,0.0
22/02/1986,0.0
23/02/1986,0.0
24/02/1986,0.0
25/02/1986,0.0
26/02/1986,0.0
27/02/1986,0.0
28/02/1986,2.0
01/03/1986,10.8
02/03/1986,58.2
03/03/1986,12.5
04/03/1986,1.0
05/03/1986,1.5
06/03/1986,18.0
07/03/1986,16.5
08/03/1986,7.5
09/03/1986,4.0
10/03/1986,6.5
11/03/1986,4.0
12/03/1986,0.0
13/03/1986,0.0
14/03/1986,0.0
15/03/1986,0.0
16/03/1986,0.0
17/03/1986,23.0
18/03/1986,25.5
19/03/1986,0.0
20/03/1986,0.0
21/03/1986,0.0
22/03/1986,0.0
23/03/1986,0.0
24/03/1986,0.0
25/03/1986,0.0
26/03/1986,0.0
27/03/1986,0.0
28/03/1986,0.0
29/03/1986,0.0
30/03/1986,0.0
31/03/1986,0.0
01/04/1986,0.0
02/04/1986,1.5
03/04/1986,10.0
04/04/1986,0.0
05/04/1986,0.0
06/04/1986,0.0
07/04/1986,1.0
08/04/1986,0.0
09/04/1986,0.0
10/04/1986,0.0
11/04/1986,1.0
12/04/1986,0.0
13/04/1986,9.5
14/04/1986,3.5
15/04/1986,0.0
16/04/1986,0.0
17/04/1986,11.5
18/04/1986,2.0
19/04/1986,4.1
20/04/1986,14.4
21/04/1986,26.5
22/04/1986,0.0
23/04/1986,0.0
24/04/1986,0.0
25/04/1986,0.0
26/04/1986,0.0
27/04/1986,0.0
28/04/1986,23.0
29/04/1986,0.0
30/04/1986,1.0
01/05/1986,12.5
02/05/1986,0.0
03/05/1986,0.0
04/05/1986,0.0
05/05/1986,6.0
06/05/1986,1.0
07/05/1986,8.5
08/05/1986,0.5
09/05/1986,0.0
10/05/1986,0.0
11/05/1986,0.0
12/05/1986,0.0
13/05/1986,0.0
14/05/1986,0.0
15/05/1986,38.0
16/05/1986,4.5
17/05/1986,0.0
18/05/1986,9.0
19/05/1986,0.5
20/05/1986,0.0
21/05/1986,0.0
22/05/1986,0.5
23/05/1986,0.0
24/05/1986,29.0
25/05/1986,1.0
26/05/1986,4.0
27/05/1986,26.0
28/05/1986,0.0
29/05/1986,1.0
30/05/1986,0.0
31/05/1986,3.5
01/06/1986,16.0
02/06/1986,0.0
03/06/1986,0.0
04/06/1986,0.0
05/06/1986,46.5
06/06/1986,0.0
07/06/1986,0.0
08/06/1986,0.0
09/06/1986,0.0
10/06/1986,32.9
11/06/1986,81.6
12/06/1986,4.0
13/06/1986,0.0
14/06/1986,0.0
15/06/1986,0.0
16/06/1986,5.0
17/06/1986,86.0
18/06/1986,2.5
19/06/1986,0.0
20/06/1986,0.0
21/06/1986,0.0
22/06/1986,0.0
23/06/1986,0.0
24/06/1986,0.0
25/06/1986,0.0
26/06/1986,16.5
27/06/1986,0.5
28/06/1986,45.0
29/06/1986,0.0
30/06/1986,0.0
01/07/1986,1.0
02/07/1986,0.0
03/07/1986,0.0
04/07/1986,0.0
05/07/1986,0.0
06/07/1986,6.0
07/07/1986,22.0
08/07/1986,111.5
09/07/1986,0.5
10/07/1986,26.5
11/07/1986,5.0
12/07/1986,0.0
13/07/1986,12.0
14/07/1986,62.5
15/07/1986,0.0
16/07/1986,0.0
17/07/1986,0.0
18/07/1986,0.0
19/07/1986,2.5
20/07/1986,0.0
21/07/1986,0.0
22/07/1986,0.5
23/07/1986,1.0
24/07/1986,6.0
25/07/1986,5.5
26/07/1986,0.0
27/07/1986,3.0
28/07/1986,5.5
29/07/1986,1.0
30/07/1986,0.0
31/07/1986,6.5
01/08/1986,0.0
02/08/1986,0.0
03/08/1986,0.0
04/08/1986,0.0
05/08/1986,0.0
06/08/1986,0.0
07/08/1986,0.0
08/08/1986,0.0
09/08/1986,0.0
10/08/1986,0.0
11/08/1986,0.0
12/08/1986,0.0
13/08/1986,0.0
14/08/1986,30.5
15/08/1986,3.5
16/08/1986,0.0
17/08/1986,0.0
18/08/1986,0.0
19/08/1986,0.0
20/08/1986,0.0
21/08/1986,0.0
22/08/1986,1.5
23/08/1986,11.5
24/08/1986,28.5
25/08/1986,16.0
26/08/1986,41.5
27/08/1986,0.5
28/08/1986,2.0
29/08/1986,0.0
30/08/1986,0.0
31/08/1986,0.0
01/09/1986,0.0
02/09/1986,0.0
03/09/1986,1.5
04/09/1986,0.5
05/09/1986,0.0
06/09/1986,0.0
07/09/1986,0.5
08/09/1986,65.5
09/09/1986,81.0
10/09/1986,2.5
11/09/1986,0.5
12/09/1986,0.0
13/09/1986,16.0
14/09/1986,11.0
15/09/1986,1.0
16/09/1986,10.0
17/09/1986,4.5
18/09/1986,11.0
19/09/1986,11.0
20/09/1986,20.5
21/09/1986,12.0
22/09/1986,12.0
23/09/1986,6.5
24/09/1986,9.0
25/09/1986,21.5
26/09/1986,25.5
27/09/1986,0.0
28/09/1986,29.0
29/09/1986,0.0
30/09/1986,0.0
01/10/1986,0.0
02/10/1986,6.5
03/10/1986,0.0
04/10/1986,0.5
05/10/1986,0.0
06/10/1986,46.0
07/10/1986,5.5
08/10/1986,35.5
09/10/1986,55.0
10/10/1986,11.5
11/10/1986,0.0
12/10/1986,0.0
13/10/1986,0.0
14/10/1986,0.0
15/10/1986,18.5
16/10/1986,0.0
17/10/1986,0.0
18/10/1986,8.5
19/10/1986,59.5
20/10/1986,25.0
21/10/1986,8.0
22/10/1986,7.5
23/10/1986,0.5
24/10/1986,0.0
25/10/1986,8.0
26/10/1986,12.0
27/10/1986,13.0
28/10/1986,0.0
29/10/1986,27.5
30/10/1986,5.5
31/10/1986,1.0
01/11/1986,1.0
02/11/1986,1.5
03/11/1986,4.5
04/11/1986,21.0
05/11/1986,5.5
06/11/1986,14.0
07/11/1986,7.5
08/11/1986,0.0
14/11/1986,8.0
15/11/1986,2.5
16/11/1986,43.0
17/11/1986,58.0
18/11/1986,102.0
19/11/1986,0.0
20/11/1986,24.5
21/11/1986,13.5
22/11/1986,0.0
23/11/1986,0.0
24/11/1986,9.0
25/11/1986,1.5
26/11/1986,189.0
27/11/1986,90.5
28/11/1986,37.0
29/11/1986,38.0
30/11/1986,78.3
01/12/1986,76.2
02/12/1986,4.0
03/12/1986,6.5
04/12/1986,9.5
05/12/1986,1.5
06/12/1986,14.5
07/12/1986,32.5
08/12/1986,25.0
09/12/1986,26.0
10/12/1986,12.5
11/12/1986,8.0
12/12/1986,1.0
13/12/1986,0.0
14/12/1986,0.0
15/12/1986,0.0
16/12/1986,18.5
17/12/1986,28.0
18/12/1986,8.5
19/12/1986,28.5
20/12/1986,2.5
21/12/1986,0.0
22/12/1986,0.5
23/12/1986,0.0
24/12/1986,0.0
25/12/1986,0.0
26/12/1986,0.0
27/12/1986,3.0
28/12/1986,12.0
29/12/1986,16.0
30/12/1986,0.0
31/12/1986,0.0
01/01/1987,0.0
02/01/1987,0.0
03/01/1987,0.0
04/01/1987,0.0
05/01/1987,0.0
06/01/1987,35.0
07/01/1987,5.5
08/01/1987,28.0
09/01/1987,7.5
10/01/1987,16.0
11/01/1987,35.5
12/01/1987,8.0
13/01/1987,5.0
14/01/1987,0.0
15/01/1987,0.0
16/01/1987,3.5
17/01/1987,6.5
18/01/1987,0.5
19/01/1987,0.0
06/04/1987,16.0
07/04/1987,11.0
08/04/1987,47.5
09/04/1987,3.5
10/04/1987,22.0
11/04/1987,0.5
12/04/1987,0.0
13/04/1987,0.0
14/04/1987,0.0
15/04/1987,0.0
16/04/1987,4.5
17/04/1987,0.0
18/04/1987,2.0
19/04/1987,4.0
20/04/1987,0.0
21/04/1987,8.0
22/04/1987,0.0
23/04/1987,0.0
24/04/1987,0.0
25/04/1987,16.0
26/04/1987,0.0
27/04/1987,3.0
28/04/1987,31.5
29/04/1987,0.5
30/04/1987,1.5
01/05/1987,3.5
02/05/1987,49.5
03/05/1987,46.0
04/05/1987,0.0
05/05/1987,34.5
06/05/1987,0.0
07/05/1987,3.0
08/05/1987,1.5
09/05/1987,24.0
10/05/1987,0.0
11/05/1987,0.5
12/05/1987,38.0
13/05/1987,2.0
14/05/1987,0.5
15/05/1987,1.5
16/05/1987,0.0
17/05/1987,2.5
18/05/1987,0.0
19/05/1987,0.0
20/05/1987,0.0
21/05/1987,0.0
22/05/1987,0.0
23/05/1987,0.0
24/05/1987,0.0
25/05/1987,0.0
26/05/1987,0.0
27/05/1987,0.0
28/05/1987,7.0
29/05/1987,3.5
30/05/1987,0.5
31/05/1987,0.0
01/06/1987,0.0
02/06/1987,0.0
03/06/1987,0.0
04/06/1987,29.5
05/06/1987,22.0
06/06/1987,2.0
07/06/1987,0.0
08/06/1987,0.0
09/06/1987,3.5
10/06/1987,18.5
11/06/1987,0.0
12/06/1987,6.0
13/06/1987,3.0
14/06/1987,4.0
15/06/1987,0.0
16/06/1987,0.0
17/06/1987,9.5
18/06/1987,0.0
19/06/1987,0.5
20/06/1987,0.0
21/06/1987,13.0
22/06/1987,0.0
23/06/1987,0.0
24/06/1987,0.0
25/06/1987,7.5
26/06/1987,16.0
27/06/1987,18.0
28/06/1987,0.5
29/06/1987,0.0
30/06/1987,15.5
01/07/1987,0.0
02/07/1987,0.0
03/07/1987,0.0
04/07/1987,0.0
05/07/1987,0.0
06/07/1987,0.0
07/07/1987,0.0
08/07/1987,0.0
09/07/1987,0.0
10/07/1987,3.5
11/07/1987,1.5
12/07/1987,1.0
13/07/1987,0.0
14/07/1987,0.0
15/07/1987,7.2
16/07/1987,37.8
17/07/1987,1.0
18/07/1987,0.5
19/07/1987,0.0
20/07/1987,14.5
21/07/1987,13.5
22/07/1987,8.9
23/07/1987,12.6
24/07/1987,0.0
25/07/1987,64.5
26/07/1987,0.0
27/07/1987,0.0
28/07/1987,0.0
29/07/1987,0.0
30/07/1987,0.0
31/07/1987,0.0
01/08/1987,0.0
02/08/1987,0.0
03/08/1987,0.0
04/08/1987,0.0
05/08/1987,2.0
06/08/1987,50.0
09/08/1987,10.0
10/08/1987,0.0
11/08/1987,0.5
12/08/1987,18.0
13/08/1987,21.5
14/08/1987,7.5
15/08/1987,1.0
16/08/1987,5.5
17/08/1987,0.0
18/08/1987,9.3
19/08/1987,2.7
20/08/1987,0.5
21/08/1987,8.0
22/08/1987,0.0
23/08/1987,5.0
24/08/1987,0.0
25/08/1987,2.5
26/08/1987,38.5
27/08/1987,2.5
28/08/1987,20.5
29/08/1987,1.0
30/08/1987,0.5
31/08/1987,0.0
01/09/1987,0.0
02/09/1987,0.0
03/09/1987,2.5
04/09/1987,9.0
05/09/1987,0.0
06/09/1987,11.8
07/09/1987,66.9
08/09/1987,31.8
09/09/1987,14.5
10/09/1987,3.5
11/09/1987,32.5
12/09/1987,42.0
13/09/1987,68.7
14/09/1987,17.8
15/09/1987,10.5
16/09/1987,0.5
17/09/1987,55.5
18/09/1987,0.0
19/09/1987,38.0
20/09/1987,0.0
21/09/1987,6.0
22/09/1987,1.5
23/09/1987,0.0
24/09/1987,10.0
25/09/1987,0.0
26/09/1987,2.5
27/09/1987,5.0
28/09/1987,9.0
29/09/1987,0.0
30/09/1987,1.0
01/10/1987,11.0
02/10/1987,0.0
03/10/1987,39.0
04/10/1987,0.0
05/10/1987,0.0
06/10/1987,6.5
07/10/1987,22.0
08/10/1987,1.5
09/10/1987,7.7
10/10/1987,17.3
11/10/1987,3.0
12/10/1987,0.0
13/10/1987,0.0
14/10/1987,0.0
15/10/1987,0.0
16/10/1987,9.5
17/10/1987,22.0
18/10/1987,0.0
19/10/1987,2.5
20/10/1987,8.0
21/10/1987,0.5
22/10/1987,0.0
23/10/1987,0.0
24/10/1987,7.5
25/10/1987,3.5
26/10/1987,78.0
27/10/1987,0.0
28/10/1987,8.5
29/10/1987,0.5
30/10/1987,2.0
31/10/1987,0.0
01/11/1987,0.0
02/11/1987,34.5
03/11/1987,3.5
04/11/1987,43.5
05/11/1987,10.0
06/11/1987,0.5
07/11/1987,0.0
08/11/1987,3.0
09/11/1987,1.5
10/11/1987,20.0
11/11/1987,53.5
12/11/1987,45.5
13/11/1987,10.5
14/11/1987,0.5
15/11/1987,76.5
16/11/1987,0.0
17/11/1987,1.0
18/11/1987,14.0
19/11/1987,2.0
20/11/1987,0.0
21/11/1987,5.5
22/11/1987,46.0
23/11/1987,0.0
24/11/1987,13.5
25/11/1987,11.5
26/11/1987,2.5
27/11/1987,0.0
28/11/1987,0.0
29/11/1987,0.5
30/11/1987,1.0
01/12/1987,17.5
02/12/1987,17.0
03/12/1987,277.5
04/12/1987,1.0
05/12/1987,0.0
06/12/1987,150.5
07/12/1987,35.0
08/12/1987,98.0
09/12/1987,20.0
10/12/1987,65.5
11/12/1987,55.0
12/12/1987,27.5
13/12/1987,13.5
14/12/1987,0.5
15/12/1987,0.0
16/12/1987,0.0
17/12/1987,17.0
18/12/1987,0.0
19/12/1987,0.0
20/12/1987,0.0
21/12/1987,0.0
22/12/1987,0.0
23/12/1987,2.5
24/12/1987,0.0
25/12/1987,0.0
26/12/1987,10.5
27/12/1987,39.5
28/12/1987,44.4
29/12/1987,11.6
30/12/1987,0.0
31/12/1987,0.0
01/01/1988,0.0
02/01/1988,0.0
03/01/1988,0.0
04/01/1988,23.5
05/01/1988,3.5
06/01/1988,0.5
07/01/1988,0.0
08/01/1988,0.0
09/01/1988,0.0
10/01/1988,0.0
11/01/1988,5.0
12/01/1988,3.0
13/01/1988,1.5
14/01/1988,5.5
15/01/1988,2.5
16/01/1988,1.0
17/01/1988,0.0
18/01/1988,0.0
19/01/1988,0.0
20/01/1988,0.0
21/01/1988,0.0
26/01/1988,5.0
27/01/1988,14.2
28/01/1988,7.8
29/01/1988,0.0
30/01/1988,2.0
31/01/1988,4.0
01/02/1988,0.5
02/02/1988,0.0
03/02/1988,0.0
04/02/1988,0.0
05/02/1988,0.5
06/02/1988,28.0
07/02/1988,8.5
08/02/1988,1.0
09/02/1988,27.0
10/02/1988,32.5
11/02/1988,0.0
12/02/1988,0.0
13/02/1988,0.0
14/02/1988,0.0
15/02/1988,0.0
16/02/1988,6.5
17/02/1988,0.0
18/02/1988,0.0
19/02/1988,2.0
20/02/1988,6.0
21/02/1988,14.0
22/02/1988,7.0
23/02/1988,0.0
24/02/1988,0.0
25/02/1988,0.0
26/02/1988,0.0
27/02/1988,5.0
28/02/1988,0.0
29/02/1988,0.0
01/03/1988,0.0
02/03/1988,0.0
03/03/1988,0.0
04/03/1988,7.0
05/03/1988,62.5
06/03/1988,31.5
07/03/1988,84.3
08/03/1988,183.4
09/03/1988,86.3
10/03/1988,1.0
11/03/1988,1.5
12/03/1988,0.0
13/03/1988,0.0
14/03/1988,0.0
15/03/1988,0.0
16/03/1988,0.0
17/03/1988,0.0
18/03/1988,0.0
19/03/1988,9.5
20/03/1988,0.0
21/03/1988,0.5
22/03/1988,5.5
23/03/1988,3.5
24/03/1988,0.0
25/03/1988,0.0
26/03/1988,0.0
27/03/1988,0.0
28/03/1988,0.0
29/03/1988,0.0
30/03/1988,0.0
31/03/1988,4.5
01/04/1988,0.0
02/04/1988,0.0
03/04/1988,1.0
04/04/1988,0.0
05/04/1988,2.5
06/04/1988,0.5
07/04/1988,10.0
08/04/1988,13.5
09/04/1988,6.0
10/04/1988,18.5
11/04/1988,34.0
12/04/1988,18.0
13/04/1988,0.0
14/04/1988,0.0
15/04/1988,0.0
16/04/1988,0.0
17/04/1988,0.0
18/04/1988,0.5
19/04/1988,9.0
20/04/1988,0.0
21/04/1988,0.0
22/04/1988,0.0
23/04/1988,0.0
24/04/1988,0.0
25/04/1988,0.0
26/04/1988,1.0
27/04/1988,0.0
28/04/1988,0.0
29/04/1988,0.5
30/04/1988,7.0
01/05/1988,67.0
02/05/1988,9.5
03/05/1988,17.5
04/05/1988,17.5
05/05/1988,4.0
06/05/1988,0.0
07/05/1988,19.0
08/05/1988,0.5
09/05/1988,0.0
10/05/1988,0.0
11/05/1988,12.0
12/05/1988,0.0
13/05/1988,25.5
14/05/1988,0.0
15/05/1988,49.0
16/05/1988,0.0
17/05/1988,1.5
18/05/1988,0.0
19/05/1988,0.0
20/05/1988,0.0
21/05/1988,0.0
22/05/1988,0.0
23/05/1988,0.0
24/05/1988,50.0
25/05/1988,0.5
26/05/1988,2.5
27/05/1988,1.0
28/05/1988,0.0
29/05/1988,5.5
30/05/1988,0.5
31/05/1988,0.5
01/06/1988,0.0
02/06/1988,0.5
03/06/1988,7.5
04/06/1988,0.5
05/06/1988,0.0
06/06/1988,0.0
07/06/1988,1.0
08/06/1988,0.0
09/06/1988,43.0
10/06/1988,7.0
11/06/1988,0.0
12/06/1988,0.0
13/06/1988,3.3
14/06/1988,0.7
15/06/1988,80.5
16/06/1988,4.0
17/06/1988,0.0
18/06/1988,2.0
19/06/1988,0.0
20/06/1988,32.0
21/06/1988,5.0
22/06/1988,17.0
23/06/1988,0.5
24/06/1988,22.0
25/06/1988,1.5
26/06/1988,14.0
27/06/1988,75.0
28/06/1988,17.0
29/06/1988,1.5
30/06/1988,0.0
01/07/1988,0.0
02/07/1988,0.0
03/07/1988,0.0
04/07/1988,3.0
05/07/1988,0.5
06/07/1988,26.5
07/07/1988,14.0
08/07/1988,7.0
09/07/1988,2.0
10/07/1988,42.5
11/07/1988,0.0
12/07/1988,0.0
13/07/1988,0.0
14/07/1988,28.5
15/07/1988,0.0
16/07/1988,0.0
17/07/1988,0.5
18/07/1988,1.5
19/07/1988,3.0
20/07/1988,3.5
21/07/1988,0.0
22/07/1988,6.8
23/07/1988,6.7
24/07/1988,38.5
25/07/1988,0.0
26/07/1988,1.0
27/07/1988,0.0
28/07/1988,22.5
29/07/1988,3.0
30/07/1988,0.0
31/07/1988,0.0
01/08/1988,0.0
02/08/1988,0.5
03/08/1988,5.5
04/08/1988,5.5
05/08/1988,10.5
06/08/1988,0.5
07/08/1988,0.0
08/08/1988,11.5
09/08/1988,0.0
10/08/1988,0.0
11/08/1988,0.0
12/08/1988,3.0
13/08/1988,48.0
14/08/1988,0.0
15/08/1988,7.5
16/08/1988,0.5
17/08/1988,6.5
18/08/1988,3.0
19/08/1988,0.0
20/08/1988,38.4
21/08/1988,22.6
22/08/1988,22.0
23/08/1988,1.0
24/08/1988,0.0
25/08/1988,0.0
26/08/1988,0.0
27/08/1988,1.0
28/08/1988,0.0
29/08/1988,5.5
30/08/1988,0.5
31/08/1988,24.0
01/09/1988,8.0
02/09/1988,10.7
03/09/1988,3.8
04/09/1988,0.0
05/09/1988,49.1
06/09/1988,25.9
07/09/1988,0.0
08/09/1988,0.0
09/09/1988,3.5
10/09/1988,0.0
11/09/1988,0.0
12/09/1988,0.0
13/09/1988,68.5
14/09/1988,0.0
15/09/1988,3.4
16/09/1988,16.1
17/09/1988,4.5
18/09/1988,0.0
19/09/1988,1.0
20/09/1988,25.0
21/09/1988,0.5
22/09/1988,0.0
23/09/1988,0.0
24/09/1988,0.0
25/09/1988,24.5
26/09/1988,19.5
27/09/1988,2.5
28/09/1988,10.0
29/09/1988,12.3
30/09/1988,1.6
01/10/1988,8.6
02/10/1988,36.0
03/10/1988,0.0
04/10/1988,0.0
05/10/1988,0.0
06/10/1988,0.0
07/10/1988,0.0
08/10/1988,0.0
09/10/1988,3.5
10/10/1988,38.5
11/10/1988,1.5
12/10/1988,6.0
13/10/1988,0.5
14/10/1988,0.0
15/10/1988,15.5
16/10/1988,0.0
17/10/1988,0.2
18/10/1988,20.3
19/10/1988,13.5
20/10/1988,28.5
21/10/1988,0.5
22/10/1988,0.0
23/10/1988,0.0
24/10/1988,8.0
25/10/1988,4.0
26/10/1988,0.5
27/10/1988,63.0
28/10/1988,7.7
29/10/1988,12.8
30/10/1988,0.0
31/10/1988,0.0
01/11/1988,6.5
02/11/1988,1.0
03/11/1988,3.0
04/11/1988,30.5
05/11/1988,1.5
06/11/1988,7.0
07/11/1988,0.5
08/11/1988,18.0
09/11/1988,0.5
10/11/1988,82.7
11/11/1988,8.3
12/11/1988,6.0
13/11/1988,30.0
14/11/1988,0.0
15/11/1988,8.0
16/11/1988,6.0
17/11/1988,23.0
18/11/1988,25.5
19/11/1988,262.5
20/11/1988,255.7
21/11/1988,21.8
22/11/1988,0.5
23/11/1988,8.9
24/11/1988,6.1
25/11/1988,0.5
26/11/1988,0.0
27/11/1988,0.0
28/11/1988,10.0
29/11/1988,38.8
30/11/1988,187.7
01/12/1988,1.5
02/12/1988,5.0
03/12/1988,30.0
04/12/1988,0.0
05/12/1988,2.0
06/12/1988,0.0
07/12/1988,0.0
08/12/1988,0.0
09/12/1988,0.0
10/12/1988,0.0
11/12/1988,0.0
12/12/1988,0.0
13/12/1988,0.5
14/12/1988,1.5
15/12/1988,0.5
16/12/1988,0.0
17/12/1988,4.0
18/12/1988,0.5
19/12/1988,5.5
20/12/1988,9.0
21/12/1988,1.5
22/12/1988,1.0
23/12/1988,9.0
24/12/1988,0.0
25/12/1988,0.0
26/12/1988,0.0
27/12/1988,0.0
28/12/1988,0.5
29/12/1988,0.0
30/12/1988,0.0
31/12/1988,33.5
01/01/1989,39.0
02/01/1989,24.5
03/01/1989,6.2
04/01/1989,7.3
05/01/1989,14.0
06/01/1989,2.5
07/01/1989,0.0
08/01/1989,0.0
09/01/1989,0.0
10/01/1989,0.5
11/01/1989,11.5
12/01/1989,3.5
13/01/1989,19.9
14/01/1989,4.1
15/01/1989,2.5
16/01/1989,10.0
17/01/1989,4.0
18/01/1989,0.5
19/01/1989,3.0
20/01/1989,7.0
21/01/1989,0.0
22/01/1989,11.0
23/01/1989,43.5
24/01/1989,0.0
25/01/1989,0.0
26/01/1989,0.0
27/01/1989,0.0
28/01/1989,0.0
29/01/1989,0.0
30/01/1989,7.7
31/01/1989,7.8
01/02/1989,0.0
02/02/1989,0.0
03/02/1989,0.0
04/02/1989,0.0
05/02/1989,0.0
06/02/1989,0.0
07/02/1989,0.0
08/02/1989,0.0
09/02/1989,0.0
10/02/1989,0.0
11/02/1989,0.0
12/02/1989,0.0
13/02/1989,0.0
14/02/1989,0.0
15/02/1989,0.0
16/02/1989,0.0
17/02/1989,0.0
18/02/1989,8.0
19/02/1989,2.0
20/02/1989,0.0
21/02/1989,0.0
22/02/1989,0.0
23/02/1989,14.0
24/02/1989,2.5
25/02/1989,0.0
26/02/1989,0.0
27/02/1989,0.0
28/02/1989,0.5
01/03/1989,0.0
02/03/1989,0.0
03/03/1989,0.0
04/03/1989,0.0
05/03/1989,0.0
06/03/1989,29.5
07/03/1989,0.5
08/03/1989,0.0
09/03/1989,3.0
10/03/1989,1.5
11/03/1989,0.0
12/03/1989,0.0
13/03/1989,0.0
14/03/1989,0.0
15/03/1989,0.0
16/03/1989,17.0
17/03/1989,23.5
18/03/1989,48.0
19/03/1989,39.0
20/03/1989,0.5
21/03/1989,37.0
22/03/1989,1.0
23/03/1989,17.5
24/03/1989,0.0
25/03/1989,0.0
26/03/1989,0.0
27/03/1989,0.0
28/03/1989,0.0
29/03/1989,11.0
30/03/1989,61.0
31/03/1989,0.0
01/04/1989,0.0
02/04/1989,7.5
03/04/1989,19.2
04/04/1989,0.3
05/04/1989,0.0
06/04/1989,5.5
07/04/1989,8.0
08/04/1989,0.0
09/04/1989,0.0
10/04/1989,9.0
11/04/1989,17.5
12/04/1989,65.2
13/04/1989,7.3
14/04/1989,0.0
15/04/1989,11.0
16/04/1989,7.5
17/04/1989,0.0
18/04/1989,0.0
19/04/1989,0.0
20/04/1989,0.0
21/04/1989,1.5
22/04/1989,5.5
23/04/1989,12.5
24/04/1989,0.0
25/04/1989,1.0
26/04/1989,61.5
27/04/1989,0.0
28/04/1989,18.5
29/04/1989,0.0
30/04/1989,0.0
01/05/1989,35.0
02/05/1989,6.5
03/05/1989,80.0
04/05/1989,0.0
05/05/1989,4.0
06/05/1989,0.0
07/05/1989,10.0
08/05/1989,35.9
09/05/1989,0.1
10/05/1989,0.0
11/05/1989,0.0
12/05/1989,0.0
13/05/1989,51.5
14/05/1989,2.0
15/05/1989,57.5
16/05/1989,8.0
17/05/1989,23.5
18/05/1989,6.6
19/05/1989,5.9
20/05/1989,5.5
21/05/1989,7.0
22/05/1989,0.5
23/05/1989,18.5
24/05/1989,86.2
25/05/1989,3.8
26/05/1989,1.0
27/05/1989,0.0
28/05/1989,16.0
29/05/1989,4.5
30/05/1989,76.0
31/05/1989,0.0
01/06/1989,0.0
02/06/1989,118.0
03/06/1989,36.5
04/06/1989,4.0
05/06/1989,0.0
06/06/1989,1.5
07/06/1989,19.5
08/06/1989,1.0
09/06/1989,4.5
10/06/1989,0.0
11/06/1989,0.0
12/06/1989,0.0
13/06/1989,24.5
14/06/1989,0.0
15/06/1989,20.0
16/06/1989,0.5
17/06/1989,0.0
18/06/1989,15.7
19/06/1989,29.3
20/06/1989,0.0
21/06/1989,0.0
22/06/1989,23.0
23/06/1989,0.0
24/06/1989,0.0
25/06/1989,1.5
26/06/1989,0.5
27/06/1989,11.5
28/06/1989,9.0
29/06/1989,0.0
30/06/1989,0.0
01/07/1989,48.5
02/07/1989,11.5
03/07/1989,2.0
04/07/1989,0.0
05/07/1989,0.0
06/07/1989,18.5
07/07/1989,3.5
08/07/1989,37.5
09/07/1989,0.0
10/07/1989,0.0
11/07/1989,0.0
12/07/1989,0.0
13/07/1989,0.5
14/07/1989,0.0
15/07/1989,0.0
16/07/1989,0.0
17/07/1989,0.0
18/07/1989,5.0
19/07/1989,0.0
20/07/1989,0.0
21/07/1989,0.0
22/07/1989,0.0
23/07/1989,0.0
24/07/1989,0.0
25/07/1989,0.5
26/07/1989,0.0
27/07/1989,0.0
28/07/1989,0.0
29/07/1989,1.0
30/07/1989,0.5
31/07/1989,0.0
01/08/1989,45.6
02/08/1989,9.9
03/08/1989,67.0
04/08/1989,20.0
05/08/1989,0.5
06/08/1989,0.0
07/08/1989,0.0
08/08/1989,16.0
09/08/1989,3.0
10/08/1989,0.5
11/08/1989,0.0
12/08/1989,0.0
13/08/1989,0.0
14/08/1989,0.5
15/08/1989,0.0
16/08/1989,50.0
17/08/1989,18.5
18/08/1989,11.0
19/08/1989,1.0
20/08/1989,0.0
21/08/1989,0.0
22/08/1989,0.0
23/08/1989,0.0
24/08/1989,59.9
25/08/1989,15.6
26/08/1989,0.0
27/08/1989,5.0
28/08/1989,11.5
29/08/1989,5.0
30/08/1989,12.0
31/08/1989,0.0
01/09/1989,0.0
02/09/1989,0.5
03/09/1989,11.5
04/09/1989,0.5
05/09/1989,0.5
06/09/1989,0.0
07/09/1989,0.0
08/09/1989,5.0
09/09/1989,14.5
10/09/1989,26.0
11/09/1989,1.0
12/09/1989,3.5
13/09/1989,0.0
14/09/1989,9.0
15/09/1989,2.0
16/09/1989,15.0
17/09/1989,0.0
18/09/1989,0.0
19/09/1989,0.0
20/09/1989,3.0
21/09/1989,0.0
22/09/1989,2.0
23/09/1989,26.0
24/09/1989,0.5
25/09/1989,3.5
26/09/1989,5.5
27/09/1989,0.0
28/09/1989,75.2
29/09/1989,24.7
30/09/1989,3.6
01/10/1989,13.0
02/10/1989,11.5
03/10/1989,0.0
04/10/1989,0.0
05/10/1989,0.9
06/10/1989,2.1
07/10/1989,0.0
08/10/1989,0.0
09/10/1989,0.0
10/10/1989,45.0
11/10/1989,23.5
12/10/1989,1.0
13/10/1989,30.0
14/10/1989,0.0
15/10/1989,0.5
16/10/1989,26.5
17/10/1989,0.0
18/10/1989,28.5
19/10/1989,9.5
20/10/1989,0.0
21/10/1989,5.0
22/10/1989,0.0
23/10/1989,0.0
24/10/1989,21.0
25/10/1989,16.0
26/10/1989,76.0
27/10/1989,1.0
28/10/1989,28.5
29/10/1989,1.0
30/10/1989,1.5
31/10/1989,11.0
01/11/1989,13.0
02/11/1989,0.0
03/11/1989,0.0
04/11/1989,0.0
05/11/1989,21.0
06/11/1989,32.5
07/11/1989,5.0
08/11/1989,2.5
09/11/1989,0.5
10/11/1989,0.0
11/11/1989,8.5
12/11/1989,8.0
13/11/1989,0.5
14/11/1989,1.5
15/11/1989,6.0
16/11/1989,35.5
17/11/1989,2.5
18/11/1989,1.5
19/11/1989,6.0
20/11/1989,0.0
21/11/1989,0.0
22/11/1989,0.0
23/11/1989,0.0
24/11/1989,0.0
25/11/1989,0.0
26/11/1989,0.0
27/11/1989,0.0
28/11/1989,3.5
29/11/1989,63.5
30/11/1989,26.5
01/12/1989,91.0
02/12/1989,10.0
03/12/1989,8.5
04/12/1989,0.0
05/12/1989,0.0
06/12/1989,0.0
07/12/1989,0.0
08/12/1989,0.0
09/12/1989,0.0
10/12/1989,0.0
11/12/1989,0.5
12/12/1989,21.5
13/12/1989,0.5
14/12/1989,0.0
15/12/1989,0.0
16/12/1989,0.0
17/12/1989,0.0
18/12/1989,0.0
19/12/1989,0.0
20/12/1989,3.0
21/12/1989,0.0
22/12/1989,0.0
23/12/1989,3.0
24/12/1989,17.0
25/12/1989,3.5
26/12/1989,0.0
27/12/1989,0.5
28/12/1989,29.5
29/12/1989,1.5
30/12/1989,39.5
31/12/1989,26.0
01/01/1990,0.0
02/01/1990,0.0
03/01/1990,0.0
04/01/1990,0.0
05/01/1990,0.0
06/01/1990,0.0
07/01/1990,0.0
08/01/1990,159.5
09/01/1990,0.5
10/01/1990,0.0
11/01/1990,8.5
12/01/1990,114.9
13/01/1990,210.1
14/01/1990,11.5
15/01/1990,1.0
16/01/1990,0.0
17/01/1990,0.0
18/01/1990,0.0
19/01/1990,0.0
20/01/1990,0.0
21/01/1990,0.0
22/01/1990,2.0
23/01/1990,16.0
24/01/1990,2.0
25/01/1990,0.0
26/01/1990,0.0
27/01/1990,0.0
28/01/1990,0.0
29/01/1990,0.0
30/01/1990,0.0
31/01/1990,0.0
01/02/1990,0.0
02/02/1990,0.5
03/02/1990,14.5
04/02/1990,3.5
05/02/1990,1.5
06/02/1990,5.5
07/02/1990,39.5
08/02/1990,3.5
09/02/1990,2.0
10/02/1990,3.5
11/02/1990,3.0
12/02/1990,0.0
13/02/1990,1.2
14/02/1990,1.9
15/02/1990,1.9
16/02/1990,1.9
17/02/1990,1.9
18/02/1990,1.9
19/02/1990,1.9
20/02/1990,0.6
21/02/1990,0.0
22/02/1990,0.0
23/02/1990,0.0
24/02/1990,0.0
25/02/1990,0.0
26/02/1990,0.0
27/02/1990,0.0
28/02/1990,0.0
01/03/1990,0.0
02/03/1990,0.0
03/03/1990,0.0
04/03/1990,0.0
05/03/1990,0.0
06/03/1990,0.0
07/03/1990,0.0
08/03/1990,0.0
09/03/1990,0.0
10/03/1990,0.0
11/03/1990,0.0
12/03/1990,0.0
13/03/1990,0.0
14/03/1990,0.0
15/03/1990,0.0
16/03/1990,2.5
17/03/1990,0.0
18/03/1990,0.0
19/03/1990,0.0
20/03/1990,0.0
21/03/1990,0.0
22/03/1990,0.0
23/03/1990,0.0
24/03/1990,0.0
25/03/1990,0.0
26/03/1990,0.0
27/03/1990,0.0
28/03/1990,0.0
29/03/1990,0.0
30/03/1990,2.0
31/03/1990,1.0
01/04/1990,0.5
02/04/1990,0.0
03/04/1990,0.0
04/04/1990,0.0
05/04/1990,0.0
06/04/1990,59.7
07/04/1990,3.3
08/04/1990,1.5
09/04/1990,15.5
10/04/1990,0.0
11/04/1990,4.5
12/04/1990,0.0
13/04/1990,27.5
14/04/1990,2.0
15/04/1990,1.0
16/04/1990,0.0
17/04/1990,0.0
18/04/1990,1.0
19/04/1990,0.0
20/04/1990,4.0
21/04/1990,41.0
22/04/1990,15.5
23/04/1990,0.0
24/04/1990,0.5
25/04/1990,16.5
26/04/1990,0.0
27/04/1990,15.5
28/04/1990,7.0
29/04/1990,33.5
30/04/1990,2.0
01/05/1990,0.0
02/05/1990,21.5
03/05/1990,0.0
04/05/1990,7.5
05/05/1990,0.0
06/05/1990,0.0
07/05/1990,0.0
08/05/1990,5.5
09/05/1990,0.0
10/05/1990,0.0
11/05/1990,0.0
12/05/1990,2.5
13/05/1990,0.0
14/05/1990,0.0
15/05/1990,0.0
16/05/1990,0.5
17/05/1990,11.4
18/05/1990,40.6
19/05/1990,29.5
20/05/1990,3.5
21/05/1990,0.0
22/05/1990,33.0
23/05/1990,2.5
24/05/1990,0.0
25/05/1990,0.0
26/05/1990,1.5
27/05/1990,1.0
28/05/1990,0.0
29/05/1990,0.0
30/05/1990,21.5
31/05/1990,42.5
01/06/1990,0.0
02/06/1990,0.0
03/06/1990,0.0
04/06/1990,0.0
05/06/1990,6.3
06/06/1990,3.7
07/06/1990,0.0
08/06/1990,56.5
09/06/1990,0.0
10/06/1990,0.0
11/06/1990,0.0
12/06/1990,0.5
13/06/1990,0.0
14/06/1990,0.0
15/06/1990,0.0
16/06/1990,0.0
17/06/1990,0.0
18/06/1990,0.0
19/06/1990,22.5
03/08/1990,32.0
04/08/1990,0.5
05/08/1990,39.0
06/08/1990,0.0
07/08/1990,33.0
08/08/1990,4.5
09/08/1990,17.5
10/08/1990,6.5
11/08/1990,0.0
12/08/1990,0.0
13/08/1990,0.0
14/08/1990,0.0
15/08/1990,34.5
16/08/1990,3.0
17/08/1990,0.5
18/08/1990,0.0
19/08/1990,0.0
20/08/1990,0.0
21/08/1990,0.0
22/08/1990,0.0
23/08/1990,0.0
24/08/1990,0.0
25/08/1990,0.0
26/08/1990,0.0
27/08/1990,0.0
28/08/1990,13.0
29/08/1990,12.0
30/08/1990,1.0
31/08/1990,0.0
01/09/1990,0.5
02/09/1990,0.5
03/09/1990,44.0
04/09/1990,0.0
05/09/1990,0.0
06/09/1990,3.5
07/09/1990,20.0
08/09/1990,0.5
09/09/1990,0.5
10/09/1990,0.0
11/09/1990,0.0
12/09/1990,7.0
13/09/1990,0.0
14/09/1990,0.0
15/09/1990,0.0
16/09/1990,0.0
17/09/1990,25.5
18/09/1990,18.1
19/09/1990,2.9
20/09/1990,0.0
21/09/1990,0.0
22/09/1990,6.0
23/09/1990,26.0
24/09/1990,0.0
25/09/1990,9.5
26/09/1990,0.0
27/09/1990,5.5
28/09/1990,0.0
29/09/1990,3.5
30/09/1990,25.5
01/10/1990,23.0
02/10/1990,2.0
03/10/1990,0.0
04/10/1990,0.0
05/10/1990,0.0
06/10/1990,0.0
07/10/1990,0.0
08/10/1990,0.0
09/10/1990,0.0
10/10/1990,0.0
11/10/1990,14.5
12/10/1990,1.5
13/10/1990,21.0
14/10/1990,28.5
15/10/1990,0.0
16/10/1990,0.0
17/10/1990,0.0
18/10/1990,0.5
19/10/1990,0.0
20/10/1990,0.0
21/10/1990,22.0
22/10/1990,1.0
23/10/1990,0.0
24/10/1990,1.5
25/10/1990,0.5
26/10/1990,2.0
27/10/1990,0.0
12/11/1990,2.0
13/11/1990,7.5
14/11/1990,1.5
15/11/1990,0.0
16/11/1990,0.0
17/11/1990,0.0
18/11/1990,0.0
19/11/1990,0.5
20/11/1990,3.5
21/11/1990,7.0
22/11/1990,0.0
23/11/1990,7.0
24/11/1990,57.5
25/11/1990,194.0
26/11/1990,34.5
27/11/1990,4.0
28/11/1990,0.0
29/11/1990,2.0
30/11/1990,1.0
01/12/1990,1.0
02/12/1990,0.0
03/12/1990,0.0
04/12/1990,14.0
05/12/1990,20.0
06/12/1990,2.0
07/12/1990,1.0
08/12/1990,11.0
09/12/1990,0.5
10/12/1990,15.0
11/12/1990,36.0
12/12/1990,102.0
13/12/1990,1.5
14/12/1990,6.5
15/12/1990,5.0
16/12/1990,22.0
17/12/1990,33.0
18/12/1990,16.0
19/12/1990,13.0
20/12/1990,0.0
21/12/1990,0.0
22/12/1990,0.0
23/12/1990,0.0
24/12/1990,0.0
25/12/1990,0.0
26/12/1990,0.0
27/12/1990,0.0
28/12/1990,1.0
29/12/1990,0.0
30/12/1990,0.0
31/12/1990,2.0
01/01/1991,0.0
02/01/1991,0.5
03/01/1991,46.0
04/01/1991,0.0
05/01/1991,1.5
06/01/1991,0.0
07/01/1991,0.0
08/01/1991,0.0
09/01/1991,0.5
10/01/1991,0.5
11/01/1991,0.0
12/01/1991,0.0
13/01/1991,94.0
14/01/1991,6.0
15/01/1991,12.5
16/01/1991,6.0
17/01/1991,4.0
18/01/1991,22.5
19/01/1991,8.0
20/01/1991,0.5
21/01/1991,0.0
22/01/1991,3.0
23/01/1991,0.0
24/01/1991,20.0
25/01/1991,35.0
26/01/1991,70.2
27/01/1991,84.8
28/01/1991,51.5
29/01/1991,0.0
30/01/1991,10.5
31/01/1991,20.0
01/02/1991,0.0
02/02/1991,0.0
03/02/1991,0.0
04/02/1991,0.0
05/02/1991,0.0
06/02/1991,0.0
07/02/1991,0.0
08/02/1991,0.0
09/02/1991,0.0
10/02/1991,0.0
11/02/1991,0.0
12/02/1991,0.0
13/02/1991,0.0
14/02/1991,0.0
15/02/1991,0.0
16/02/1991,0.0
17/02/1991,0.0
18/02/1991,0.0
19/02/1991,0.0
20/02/1991,0.0
21/02/1991,0.0
22/02/1991,11.0
23/02/1991,0.5
24/02/1991,0.0
25/02/1991,1.0
26/02/1991,34.0
27/02/1991,2.5
28/02/1991,9.0
01/03/1991,12.5
02/03/1991,0.0
03/03/1991,0.0
04/03/1991,0.0
05/03/1991,0.0
06/03/1991,0.0
07/03/1991,0.0
08/03/1991,0.0
09/03/1991,0.0
10/03/1991,0.0
11/03/1991,0.0
12/03/1991,0.0
13/03/1991,0.0
14/03/1991,0.0
15/03/1991,0.0
16/03/1991,0.0
17/03/1991,0.0
18/03/1991,15.5
19/03/1991,0.0
20/03/1991,0.5
21/03/1991,0.5
22/03/1991,1.5
23/03/1991,0.0
24/03/1991,0.0
25/03/1991,0.5
26/03/1991,0.0
27/03/1991,0.5
28/03/1991,0.0
29/03/1991,0.0
30/03/1991,4.0
31/03/1991,1.5
01/04/1991,0.0
02/04/1991,1.0
03/04/1991,18.6
04/04/1991,38.9
05/04/1991,13.0
06/04/1991,0.5
07/04/1991,0.0
08/04/1991,0.0
09/04/1991,0.0
10/04/1991,0.0
11/04/1991,0.0
12/04/1991,0.0
13/04/1991,0.0
14/04/1991,0.0
15/04/1991,0.0
16/04/1991,0.0
17/04/1991,0.0
18/04/1991,0.0
19/04/1991,0.0
20/04/1991,0.0
21/04/1991,0.0
22/04/1991,0.0
23/04/1991,0.0
24/04/1991,0.5
25/04/1991,10.5
26/04/1991,12.5
27/04/1991,0.0
28/04/1991,0.0
29/04/1991,0.0
30/04/1991,11.5
01/05/1991,1.5
02/05/1991,0.0
03/05/1991,18.0
04/05/1991,0.5
05/05/1991,51.4
06/05/1991,27.1
07/05/1991,1.0
08/05/1991,1.0
09/05/1991,6.5
10/05/1991,4.0
11/05/1991,0.0
12/05/1991,0.0
13/05/1991,0.0
14/05/1991,0.0
15/05/1991,2.0
16/05/1991,1.0
17/05/1991,0.0
18/05/1991,0.0
19/05/1991,15.5
20/05/1991,15.5
21/05/1991,0.0
22/05/1991,0.0
23/05/1991,25.5
24/05/1991,0.5
25/05/1991,12.0
26/05/1991,0.0
27/05/1991,0.0
28/05/1991,3.5
29/05/1991,2.0
30/05/1991,1.5
31/05/1991,17.0
01/06/1991,0.5
02/06/1991,0.5
03/06/1991,1.0
04/06/1991,10.5
05/06/1991,69.0
06/06/1991,1.0
07/06/1991,2.0
08/06/1991,0.0
09/06/1991,0.0
10/06/1991,0.0
11/06/1991,0.0
12/06/1991,0.0
13/06/1991,0.0
14/06/1991,0.0
15/06/1991,0.0
16/06/1991,0.0
17/06/1991,0.0
18/06/1991,0.0
19/06/1991,0.0
20/06/1991,0.0
21/06/1991,0.0
22/06/1991,0.0
23/06/1991,8.5
24/06/1991,40.0
25/06/1991,1.5
26/06/1991,0.0
27/06/1991,0.0
28/06/1991,0.0
29/06/1991,0.0
30/06/1991,12.5
01/07/1991,15.0
02/07/1991,1.5
03/07/1991,4.0
04/07/1991,0.0
05/07/1991,0.0
06/07/1991,0.0
07/07/1991,11.0
08/07/1991,0.0
09/07/1991,0.0
10/07/1991,0.0
11/07/1991,0.0
12/07/1991,0.0
13/07/1991,0.0
14/07/1991,0.0
15/07/1991,0.0
16/07/1991,0.0
17/07/1991,0.0
18/07/1991,4.5
19/07/1991,0.0
20/07/1991,2.5
21/07/1991,2.0
22/07/1991,0.0
23/07/1991,0.0
24/07/1991,0.0
25/07/1991,0.0
26/07/1991,0.0
27/07/1991,0.0
28/07/1991,0.0
29/07/1991,0.0
30/07/1991,0.0
31/07/1991,0.0
01/08/1991,3.5
02/08/1991,82.0
03/08/1991,1.0
04/08/1991,0.0
05/08/1991,0.0
06/08/1991,18.5
07/08/1991,0.5
08/08/1991,29.0
09/08/1991,0.0
10/08/1991,0.5
11/08/1991,22.5
12/08/1991,0.5
13/08/1991,0.0
14/08/1991,0.0
15/08/1991,0.0
16/08/1991,0.0
17/08/1991,0.0
18/08/1991,0.0
19/08/1991,0.0
20/08/1991,0.0
21/08/1991,0.0
22/08/1991,10.5
23/08/1991,0.0
24/08/1991,0.0
25/08/1991,0.0
26/08/1991,13.5
27/08/1991,0.0
28/08/1991,0.0
29/08/1991,8.0
30/08/1991,32.0
31/08/1991,0.0
01/09/1991,0.0
02/09/1991,22.5
03/09/1991,7.5
04/09/1991,0.0
05/09/1991,0.0
06/09/1991,0.5
07/09/1991,0.0
08/09/1991,30.5
09/09/1991,22.0
10/09/1991,0.0
11/09/1991,0.0
12/09/1991,0.0
13/09/1991,0.0
14/09/1991,0.0
15/09/1991,49.5
16/09/1991,45.0
17/09/1991,8.0
18/09/1991,0.0
19/09/1991,0.0
20/09/1991,0.0
21/09/1991,1.0
22/09/1991,0.0
23/09/1991,0.0
24/09/1991,0.5
25/09/1991,2.0
26/09/1991,1.0
27/09/1991,34.1
28/09/1991,4.4
29/09/1991,0.0
30/09/1991,0.5
01/10/1991,0.0
02/10/1991,0.5
03/10/1991,16.0
04/10/1991,0.0
05/10/1991,39.0
06/10/1991,0.0
07/10/1991,0.0
08/10/1991,0.0
09/10/1991,0.0
10/10/1991,0.0
11/10/1991,63.0
12/10/1991,0.5
13/10/1991,22.5
14/10/1991,44.0
15/10/1991,0.0
16/10/1991,0.0
17/10/1991,0.0
18/10/1991,0.0
19/10/1991,2.0
20/10/1991,14.0
21/10/1991,0.0
22/10/1991,0.0
23/10/1991,0.0
24/10/1991,0.0
25/10/1991,14.0
26/10/1991,0.0
27/10/1991,0.0
28/10/1991,0.0
29/10/1991,3.5
30/10/1991,0.0
31/10/1991,22.0
01/11/1991,0.0
02/11/1991,2.5
03/11/1991,0.0
04/11/1991,33.5
05/11/1991,0.0
06/11/1991,0.0
07/11/1991,0.0
08/11/1991,31.0
09/11/1991,4.0
10/11/1991,8.0
11/11/1991,0.5
12/11/1991,25.5
13/11/1991,1.5
14/11/1991,0.0
15/11/1991,27.1
16/11/1991,100.4
17/11/1991,8.5
18/11/1991,7.0
19/11/1991,25.5
20/11/1991,3.5
21/11/1991,14.5
22/11/1991,27.5
23/11/1991,77.0
24/11/1991,57.0
25/11/1991,59.5
26/11/1991,21.5
27/11/1991,0.5
28/11/1991,4.0
29/11/1991,17.0
30/11/1991,0.5
01/12/1991,0.0
02/12/1991,0.0
03/12/1991,0.0
04/12/1991,4.0
05/12/1991,3.0
06/12/1991,107.0
07/12/1991,45.5
08/12/1991,7.5
09/12/1991,56.0
10/12/1991,182.2
11/12/1991,50.3
12/12/1991,49.5
13/12/1991,4.0
14/12/1991,27.0
15/12/1991,3.0
16/12/1991,19.5
17/12/1991,63.5
18/12/1991,11.5
19/12/1991,11.4
20/12/1991,6.1
21/12/1991,0.0
22/12/1991,6.5
23/12/1991,94.5
24/12/1991,25.5
25/12/1991,16.0
26/12/1991,0.5
27/12/1991,3.5
28/12/1991,14.0
29/12/1991,8.5
30/12/1991,42.0
31/12/1991,24.5
01/01/1992,8.0
02/01/1992,18.5
03/01/1992,48.0
04/01/1992,34.0
05/01/1992,0.0
06/01/1992,0.0
07/01/1992,0.0
08/01/1992,0.0
09/01/1992,0.0
10/01/1992,0.0
11/01/1992,0.0
12/01/1992,0.5
13/01/1992,0.0
14/01/1992,11.5
15/01/1992,3.0
16/01/1992,3.0
17/01/1992,0.5
18/01/1992,0.0
19/01/1992,0.0
20/01/1992,0.0
21/01/1992,0.0
22/01/1992,1.5
23/01/1992,0.0
24/01/1992,0.0
25/01/1992,0.0
26/01/1992,0.0
27/01/1992,0.0
28/01/1992,1.0
29/01/1992,0.0
30/01/1992,0.0
31/01/1992,0.0
01/02/1992,0.0
02/02/1992,0.0
03/02/1992,0.0
04/02/1992,0.0
05/02/1992,0.0
06/02/1992,0.5
07/02/1992,0.0
08/02/1992,0.0
09/02/1992,0.0
10/02/1992,0.0
11/02/1992,0.0
12/02/1992,0.0
13/02/1992,0.0
14/02/1992,0.0
15/02/1992,0.0
16/02/1992,0.0
17/02/1992,17.0
18/02/1992,0.0
19/02/1992,39.0
20/02/1992,5.0
21/02/1992,0.0
22/02/1992,0.0
23/02/1992,1.0
24/02/1992,3.0
25/02/1992,2.5
26/02/1992,0.0
27/02/1992,0.0
28/02/1992,7.3
29/02/1992,38.7
01/03/1992,0.0
02/03/1992,0.0
03/03/1992,2.5
04/03/1992,17.5
05/03/1992,45.5
06/03/1992,1.5
07/03/1992,19.8
08/03/1992,5.7
09/03/1992,0.0
10/03/1992,0.0
11/03/1992,0.0
12/03/1992,0.0
13/03/1992,0.0
14/03/1992,0.0
15/03/1992,0.0
16/03/1992,0.0
17/03/1992,0.0
18/03/1992,0.0
19/03/1992,0.0
20/03/1992,0.0
21/03/1992,0.0
22/03/1992,0.0
23/03/1992,0.5
24/03/1992,0.0
25/03/1992,0.0
26/03/1992,0.0
27/03/1992,0.0
28/03/1992,0.0
29/03/1992,1.0
30/03/1992,0.0
31/03/1992,0.0
01/04/1992,0.0
02/04/1992,0.0
03/04/1992,0.0
04/04/1992,0.0
05/04/1992,0.0
06/04/1992,6.0
07/04/1992,30.0
08/04/1992,9.5
09/04/1992,4.0
10/04/1992,0.0
11/04/1992,0.0
12/04/1992,0.0
13/04/1992,0.0
14/04/1992,0.0
15/04/1992,0.0
16/04/1992,0.0
17/04/1992,0.0
18/04/1992,0.0
19/04/1992,0.0
20/04/1992,0.0
21/04/1992,0.0
22/04/1992,0.0
23/04/1992,0.0
24/04/1992,0.0
25/04/1992,0.0
26/04/1992,1.0
27/04/1992,0.0
28/04/1992,18.5
29/04/1992,0.0
30/04/1992,9.5
01/05/1992,0.0
02/05/1992,0.0
03/05/1992,5.0
04/05/1992,0.0
05/05/1992,4.5
06/05/1992,0.0
07/05/1992,0.0
08/05/1992,0.5
09/05/1992,0.0
10/05/1992,28.5
11/05/1992,0.5
12/05/1992,0.0
13/05/1992,2.0
14/05/1992,0.0
15/05/1992,0.0
16/05/1992,45.5
17/05/1992,1.0
18/05/1992,0.0
19/05/1992,7.5
20/05/1992,0.5
21/05/1992,0.0
22/05/1992,7.7
23/05/1992,4.3
24/05/1992,0.0
25/05/1992,0.0
26/05/1992,0.0
27/05/1992,0.0
28/05/1992,0.0
29/05/1992,0.0
30/05/1992,0.0
31/05/1992,25.5
01/06/1992,1.0
02/06/1992,0.0
03/06/1992,0.0
04/06/1992,0.0
05/06/1992,0.0
06/06/1992,26.0
07/06/1992,0.0
08/06/1992,59.5
09/06/1992,0.5
10/06/1992,0.0
11/06/1992,17.5
12/06/1992,0.0
13/06/1992,0.0
14/06/1992,0.0
15/06/1992,7.5
16/06/1992,0.0
17/06/1992,0.0
18/06/1992,37.0
19/06/1992,0.5
20/06/1992,0.0
21/06/1992,0.0
22/06/1992,0.0
23/06/1992,0.0
24/06/1992,0.0
25/06/1992,0.0
26/06/1992,0.0
27/06/1992,5.0
28/06/1992,0.5
29/06/1992,0.0
30/06/1992,13.5
01/07/1992,16.5
02/07/1992,2.4
03/07/1992,11.6
04/07/1992,0.5
05/07/1992,0.0
06/07/1992,0.0
07/07/1992,0.0
08/07/1992,0.0
09/07/1992,0.0
10/07/1992,2.0
11/07/1992,0.5
12/07/1992,10.6
13/07/1992,1.4
14/07/1992,0.0
15/07/1992,3.5
16/07/1992,0.5
17/07/1992,41.0
18/07/1992,0.0
19/07/1992,3.0
20/07/1992,0.0
21/07/1992,5.0
22/07/1992,0.0
23/07/1992,0.0
24/07/1992,0.0
25/07/1992,2.0
26/07/1992,0.0
27/07/1992,39.9
28/07/1992,10.1
29/07/1992,0.0
30/07/1992,0.0
31/07/1992,0.0
01/08/1992,0.0
02/08/1992,0.0
03/08/1992,0.0
04/08/1992,0.0
05/08/1992,0.0
06/08/1992,3.4
07/08/1992,5.6
08/08/1992,1.0
09/08/1992,0.5
10/08/1992,21.0
11/08/1992,0.5
12/08/1992,1.0
13/08/1992,15.0
14/08/1992,0.5
15/08/1992,22.0
16/08/1992,1.5
17/08/1992,10.0
18/08/1992,0.0
19/08/1992,0.0
20/08/1992,0.0
21/08/1992,12.0
22/08/1992,0.0
23/08/1992,0.0
24/08/1992,19.5
25/08/1992,11.0
26/08/1992,2.5
27/08/1992,0.0
28/08/1992,23.5
29/08/1992,0.0
30/08/1992,0.0
31/08/1992,0.0
01/09/1992,0.0
02/09/1992,0.0
03/09/1992,19.5
04/09/1992,21.5
05/09/1992,0.0
06/09/1992,24.5
07/09/1992,0.0
08/09/1992,33.0
09/09/1992,0.5
10/09/1992,22.0
11/09/1992,0.5
12/09/1992,0.0
13/09/1992,7.5
14/09/1992,20.5
15/09/1992,60.5
16/09/1992,0.0
17/09/1992,39.0
18/09/1992,35.0
19/09/1992,3.0
20/09/1992,0.0
21/09/1992,1.0
22/09/1992,0.0
23/09/1992,36.6
24/09/1992,0.9
25/09/1992,0.0
26/09/1992,0.0
27/09/1992,12.0
28/09/1992,14.0
29/09/1992,4.0
30/09/1992,0.0
01/10/1992,6.5
02/10/1992,17.5
03/10/1992,9.0
04/10/1992,0.0
05/10/1992,1.0
06/10/1992,4.5
07/10/1992,1.5
08/10/1992,100.0
09/10/1992,1.0
10/10/1992,38.0
11/10/1992,1.0
12/10/1992,0.0
13/10/1992,0.0
14/10/1992,2.5
15/10/1992,0.5
16/10/1992,0.0
17/10/1992,0.0
18/10/1992,17.0
19/10/1992,33.5
20/10/1992,6.0
21/10/1992,0.5
22/10/1992,24.5
23/10/1992,27.0
24/10/1992,52.5
25/10/1992,1.5
26/10/1992,0.0
27/10/1992,0.0
28/10/1992,0.0
29/10/1992,0.0
30/10/1992,10.7
31/10/1992,31.3
01/11/1992,3.0
02/11/1992,0.0
03/11/1992,2.5
04/11/1992,0.0
05/11/1992,0.0
06/11/1992,0.5
07/11/1992,1.0
08/11/1992,50.0
09/11/1992,38.5
10/11/1992,6.5
11/11/1992,78.7
12/11/1992,15.3
13/11/1992,11.0
14/11/1992,0.0
15/11/1992,1.5
16/11/1992,172.5
17/11/1992,23.5
18/11/1992,107.5
19/11/1992,45.5
20/11/1992,2.0
21/11/1992,107.7
22/11/1992,21.8
23/11/1992,3.5
24/11/1992,4.5
25/11/1992,8.5
26/11/1992,0.0
27/11/1992,1.5
28/11/1992,2.0
29/11/1992,9.0
30/11/1992,1.0
01/12/1992,1.5
02/12/1992,0.5
03/12/1992,0.5
04/12/1992,17.5
05/12/1992,37.5
06/12/1992,38.0
07/12/1992,80.5
08/12/1992,21.0
09/12/1992,62.5
10/12/1992,9.0
11/12/1992,9.0
12/12/1992,47.0
13/12/1992,0.0
14/12/1992,0.0
15/12/1992,0.0
16/12/1992,0.0
17/12/1992,0.5
18/12/1992,1.0
19/12/1992,10.5
20/12/1992,11.5
21/12/1992,1.0
22/12/1992,13.0
23/12/1992,37.0
24/12/1992,88.0
25/12/1992,21.0
26/12/1992,6.5
27/12/1992,21.0
28/12/1992,0.5
29/12/1992,4.0
30/12/1992,29.0
31/12/1992,2.5
01/01/1993,8.0
02/01/1993,0.0
03/01/1993,40.0
04/01/1993,12.0
05/01/1993,5.5
06/01/1993,1.0
07/01/1993,1.0
08/01/1993,2.0
09/01/1993,4.0
10/01/1993,2.5
11/01/1993,3.0
12/01/1993,1.0
13/01/1993,0.0
14/01/1993,37.5
15/01/1993,2.0
16/01/1993,0.0
17/01/1993,7.0
18/01/1993,8.0
19/01/1993,10.0
20/01/1993,23.5
21/01/1993,24.5
22/01/1993,3.5
23/01/1993,0.0
24/01/1993,0.0
25/01/1993,0.0
26/01/1993,0.0
27/01/1993,0.0
28/01/1993,1.0
29/01/1993,3.0
30/01/1993,0.0
31/01/1993,0.0
01/02/1993,0.0
02/02/1993,12.0
03/02/1993,0.5
04/02/1993,0.0
05/02/1993,0.0
06/02/1993,0.0
07/02/1993,0.0
08/02/1993,0.0
09/02/1993,0.0
10/02/1993,40.0
11/02/1993,1.0
12/02/1993,0.5
13/02/1993,0.0
14/02/1993,0.0
15/02/1993,0.0
16/02/1993,1.5
17/02/1993,0.0
18/02/1993,0.0
19/02/1993,0.0
20/02/1993,0.0
21/02/1993,0.0
22/02/1993,0.0
23/02/1993,0.0
24/02/1993,0.0
25/02/1993,5.0
26/02/1993,11.0
27/02/1993,7.5
28/02/1993,0.5
01/03/1993,6.5
02/03/1993,15.0
03/03/1993,0.0
04/03/1993,0.0
05/03/1993,0.0
06/03/1993,0.5
07/03/1993,8.5
08/03/1993,12.5
09/03/1993,12.0
10/03/1993,60.0
11/03/1993,29.5
12/03/1993,31.0
13/03/1993,64.5
14/03/1993,25.5
15/03/1993,18.5
16/03/1993,12.0
17/03/1993,0.0
18/03/1993,0.0
19/03/1993,0.0
20/03/1993,4.5
21/03/1993,0.0
22/03/1993,0.0
23/03/1993,0.0
24/03/1993,3.5
25/03/1993,0.0
26/03/1993,0.0
27/03/1993,64.0
28/03/1993,0.0
29/03/1993,0.0
30/03/1993,0.0
31/03/1993,0.0
01/04/1993,0.0
02/04/1993,0.0
03/04/1993,0.0
04/04/1993,0.0
05/04/1993,0.0
06/04/1993,0.0
07/04/1993,1.0
08/04/1993,11.5
09/04/1993,18.0
10/04/1993,4.5
11/04/1993,5.0
12/04/1993,0.0
13/04/1993,0.0
14/04/1993,15.5
15/04/1993,1.0
16/04/1993,0.5
17/04/1993,17.5
18/04/1993,34.0
19/04/1993,37.0
20/04/1993,5.5
21/04/1993,0.0
22/04/1993,0.0
23/04/1993,0.0
24/04/1993,44.5
25/04/1993,0.0
26/04/1993,0.0
27/04/1993,0.0
12/05/1993,0.0
13/05/1993,0.0
14/05/1993,0.0
15/05/1993,0.0
16/05/1993,12.4
17/05/1993,19.6
18/05/1993,65.0
19/05/1993,13.5
20/05/1993,0.0
21/05/1993,0.0
22/05/1993,0.0
23/05/1993,0.0
24/05/1993,1.5
25/05/1993,31.5
26/05/1993,0.0
27/05/1993,0.0
28/05/1993,0.0
29/05/1993,0.0
30/05/1993,0.0
31/05/1993,0.0
01/06/1993,13.0
02/06/1993,0.0
03/06/1993,5.5
04/06/1993,22.0
05/06/1993,0.5
06/06/1993,0.0
07/06/1993,17.5
08/06/1993,2.5
09/06/1993,2.0
10/06/1993,9.5
11/06/1993,0.5
12/06/1993,0.0
13/06/1993,3.5
14/06/1993,1.0
15/06/1993,3.5
16/06/1993,14.5
17/06/1993,39.5
18/06/1993,19.0
19/06/1993,12.0
20/06/1993,1.0
21/06/1993,0.0
22/06/1993,23.5
23/06/1993,62.5
24/06/1993,3.5
25/06/1993,0.0
26/06/1993,0.0
27/06/1993,0.0
28/06/1993,12.5
29/06/1993,0.0
30/06/1993,0.0
01/07/1993,2.0
02/07/1993,0.5
03/07/1993,0.5
04/07/1993,0.0
05/07/1993,31.0
06/07/1993,1.0
07/07/1993,0.0
08/07/1993,0.0
09/07/1993,22.0
10/07/1993,0.0
11/07/1993,0.0
12/07/1993,0.0
13/07/1993,7.0
14/07/1993,1.0
15/07/1993,0.0
16/07/1993,0.5
17/07/1993,0.0
18/07/1993,0.0
19/07/1993,0.0
20/07/1993,16.5
21/07/1993,0.0
22/07/1993,0.0
23/07/1993,0.0
24/07/1993,36.8
25/07/1993,12.7
26/07/1993,47.5
27/07/1993,0.0
28/07/1993,0.0
29/07/1993,0.0
30/07/1993,0.0
31/07/1993,0.0
01/08/1993,0.0
02/08/1993,2.0
03/08/1993,28.5
04/08/1993,0.0
05/08/1993,3.0
06/08/1993,0.5
07/08/1993,39.5
08/08/1993,11.0
09/08/1993,0.0
10/08/1993,0.0
11/08/1993,18.0
12/08/1993,8.0
13/08/1993,0.0
14/08/1993,0.0
15/08/1993,0.0
16/08/1993,2.0
17/08/1993,0.0
18/08/1993,0.0
19/08/1993,7.2
20/08/1993,5.3
21/08/1993,43.5
22/08/1993,0.5
23/08/1993,0.0
24/08/1993,25.0
25/08/1993,29.5
26/08/1993,1.0
27/08/1993,8.5
28/08/1993,5.0
29/08/1993,4.0
30/08/1993,0.0
31/08/1993,0.0
01/09/1993,0.0
02/09/1993,9.0
03/09/1993,0.0
04/09/1993,0.0
05/09/1993,0.0
06/09/1993,4.0
07/09/1993,2.5
08/09/1993,3.0
09/09/1993,0.0
10/09/1993,0.0
11/09/1993,0.0
12/09/1993,13.0
13/09/1993,5.0
14/09/1993,0.0
15/09/1993,4.0
16/09/1993,20.0
17/09/1993,0.0
18/09/1993,0.0
19/09/1993,0.0
20/09/1993,0.0
21/09/1993,2.5
22/09/1993,3.5
23/09/1993,0.0
24/09/1993,0.0
25/09/1993,0.0
26/09/1993,0.0
27/09/1993,126.6
28/09/1993,1.9
29/09/1993,12.0
30/09/1993,0.0
01/10/1993,0.0
02/10/1993,31.5
03/10/1993,46.0
04/10/1993,2.0
05/10/1993,2.0
06/10/1993,0.0
07/10/1993,0.0
08/10/1993,0.0
09/10/1993,15.4
10/10/1993,24.1
11/10/1993,0.5
12/10/1993,1.5
13/10/1993,5.0
14/10/1993,48.8
15/10/1993,62.2
16/10/1993,0.5
17/10/1993,38.0
18/10/1993,21.0
19/10/1993,48.5
20/10/1993,2.0
21/10/1993,0.0
22/10/1993,0.0
23/10/1993,20.5
24/10/1993,0.5
25/10/1993,0.0
26/10/1993,9.5
27/10/1993,1.0
28/10/1993,18.0
29/10/1993,5.0
30/10/1993,57.0
31/10/1993,62.3
01/11/1993,0.7
02/11/1993,75.0
03/11/1993,55.0
04/11/1993,102.0
05/11/1993,0.0
06/11/1993,1.0
07/11/1993,1.5
08/11/1993,27.5
09/11/1993,1.0
10/11/1993,0.0
11/11/1993,0.0
12/11/1993,10.0
13/11/1993,21.0
14/11/1993,52.5
15/11/1993,1.5
16/11/1993,0.5
17/11/1993,0.0
18/11/1993,0.0
19/11/1993,0.0
20/11/1993,0.0
21/11/1993,0.0
22/11/1993,16.5
23/11/1993,0.0
24/11/1993,2.0
25/11/1993,5.0
26/11/1993,0.5
27/11/1993,1.5
28/11/1993,0.0
29/11/1993,1.0
30/11/1993,48.5
01/12/1993,0.5
02/12/1993,19.0
03/12/1993,0.5
04/12/1993,0.0
05/12/1993,15.5
06/12/1993,1.5
07/12/1993,20.5
08/12/1993,0.0
09/12/1993,0.5
10/12/1993,22.0
11/12/1993,26.0
12/12/1993,1.0
13/12/1993,3.0
14/12/1993,0.0
15/12/1993,0.5
16/12/1993,10.0
17/12/1993,233.0
18/12/1993,53.5
19/12/1993,0.5
20/12/1993,2.0
21/12/1993,110.1
22/12/1993,110.4
23/12/1993,36.0
24/12/1993,7.6
25/12/1993,22.4
26/12/1993,1.5
27/12/1993,0.0
28/12/1993,0.0
29/12/1993,0.0
30/12/1993,0.0
31/12/1993,0.0
01/01/1994,11.0
02/01/1994,0.0
03/01/1994,22.0
04/01/1994,17.0
05/01/1994,0.5
06/01/1994,7.5
07/01/1994,0.5
08/01/1994,0.0
09/01/1994,0.0
10/01/1994,0.0
11/01/1994,7.0
12/01/1994,0.0
13/01/1994,0.0
14/01/1994,0.0
15/01/1994,0.0
16/01/1994,0.0
17/01/1994,0.0
18/01/1994,0.0
19/01/1994,0.0
20/01/1994,0.0
21/01/1994,0.0
22/01/1994,0.0
23/01/1994,2.0
24/01/1994,0.0
25/01/1994,0.0
26/01/1994,0.0
27/01/1994,0.5
28/01/1994,36.0
29/01/1994,0.0
30/01/1994,5.8
31/01/1994,35.2
01/02/1994,1.0
02/02/1994,0.0
03/02/1994,13.0
04/02/1994,0.0
05/02/1994,21.0
06/02/1994,28.0
07/02/1994,8.5
08/02/1994,0.5
09/02/1994,2.0
10/02/1994,0.0
11/02/1994,0.0
12/02/1994,0.0
13/02/1994,0.0
14/02/1994,5.0
15/02/1994,0.0
16/02/1994,0.0
17/02/1994,0.0
18/02/1994,0.0
19/02/1994,0.0
20/02/1994,0.0
21/02/1994,0.0
22/02/1994,0.0
23/02/1994,0.0
24/02/1994,0.0
25/02/1994,0.0
26/02/1994,0.0
27/02/1994,0.0
28/02/1994,36.5
01/03/1994,8.5
02/03/1994,0.5
03/03/1994,7.0
04/03/1994,1.0
05/03/1994,12.0
06/03/1994,5.5
07/03/1994,0.0
08/03/1994,1.0
09/03/1994,0.0
10/03/1994,7.8
11/03/1994,0.2
12/03/1994,0.0
13/03/1994,5.0
14/03/1994,0.0
15/03/1994,7.5
16/03/1994,35.5
17/03/1994,2.0
18/03/1994,33.0
19/03/1994,2.5
20/03/1994,29.0
21/03/1994,1.0
22/03/1994,7.5
23/03/1994,0.0
24/03/1994,41.5
25/03/1994,65.5
26/03/1994,17.0
27/03/1994,63.5
28/03/1994,34.5
29/03/1994,50.0
30/03/1994,4.5
31/03/1994,0.0
01/04/1994,0.0
02/04/1994,0.0
03/04/1994,0.0
04/04/1994,0.0
05/04/1994,0.0
06/04/1994,0.0
07/04/1994,0.5
08/04/1994,43.0
09/04/1994,3.0
10/04/1994,0.0
11/04/1994,0.0
12/04/1994,0.0
13/04/1994,0.0
14/04/1994,0.0
15/04/1994,1.5
16/04/1994,3.5
17/04/1994,5.5
18/04/1994,0.0
19/04/1994,11.5
20/04/1994,20.0
21/04/1994,0.0
22/04/1994,62.5
23/04/1994,8.0
24/04/1994,3.5
25/04/1994,0.5
26/04/1994,0.5
27/04/1994,14.0
28/04/1994,1.0
29/04/1994,0.5
30/04/1994,0.0
01/05/1994,0.0
02/05/1994,36.0
03/05/1994,15.0
04/05/1994,0.5
05/05/1994,21.5
06/05/1994,21.1
07/05/1994,24.3
08/05/1994,9.0
09/05/1994,9.6
10/05/1994,1.0
11/05/1994,12.0
12/05/1994,19.8
13/05/1994,35.2
14/05/1994,0.5
15/05/1994,1.0
16/05/1994,0.0
17/05/1994,10.0
18/05/1994,13.7
19/05/1994,60.8
20/05/1994,0.0
21/05/1994,7.0
22/05/1994,1.5
23/05/1994,13.5
24/05/1994,59.5
25/05/1994,43.5
26/05/1994,0.0
27/05/1994,0.0
28/05/1994,1.0
29/05/1994,1.0
30/05/1994,0.0
31/05/1994,0.0
01/06/1994,1.5
02/06/1994,22.5
03/06/1994,2.0
04/06/1994,0.0
05/06/1994,0.0
06/06/1994,24.0
07/06/1994,7.5
08/06/1994,25.0
09/06/1994,8.0
10/06/1994,1.0
11/06/1994,16.5
12/06/1994,0.0
13/06/1994,18.5
14/06/1994,1.0
15/06/1994,0.5
16/06/1994,0.0
17/06/1994,19.5
18/06/1994,6.5
19/06/1994,0.5
20/06/1994,0.0
21/06/1994,7.5
22/06/1994,1.0
23/06/1994,2.0
24/06/1994,0.0
25/06/1994,17.0
26/06/1994,43.5
27/06/1994,4.6
28/06/1994,19.0
29/06/1994,17.4
30/06/1994,0.5
01/07/1994,0.0
02/07/1994,7.5
03/07/1994,9.0
04/07/1994,0.0
05/07/1994,0.0
06/07/1994,17.0
07/07/1994,0.0
08/07/1994,5.0
09/07/1994,0.5
10/07/1994,0.5
11/07/1994,0.0
12/07/1994,0.0
13/07/1994,0.0
14/07/1994,0.0
26/07/1994,0.0
27/07/1994,0.0
28/07/1994,0.0
29/07/1994,0.0
30/07/1994,0.0
31/07/1994,0.0
01/08/1994,0.0
11/08/1994,0.0
12/08/1994,0.0
13/08/1994,43.0
14/08/1994,0.5
15/08/1994,0.0
16/08/1994,0.0
17/08/1994,0.0
18/08/1994,41.0
19/08/1994,4.5
20/08/1994,0.0
21/08/1994,0.0
22/08/1994,4.0
23/08/1994,18.5
24/08/1994,0.5
25/08/1994,0.0
26/08/1994,0.0
27/08/1994,9.0
28/08/1994,22.5
29/08/1994,0.0
30/08/1994,19.5
31/08/1994,13.5
01/09/1994,3.0
02/09/1994,26.7
03/09/1994,67.8
04/09/1994,0.0
05/09/1994,2.5
06/09/1994,0.0
07/09/1994,15.5
08/09/1994,0.0
09/09/1994,11.0
10/09/1994,13.5
11/09/1994,13.0
12/09/1994,5.0
13/09/1994,0.0
14/09/1994,0.0
15/09/1994,0.0
16/09/1994,0.0
17/09/1994,1.0
18/09/1994,6.5
19/09/1994,0.0
20/09/1994,42.5
21/09/1994,0.0
22/09/1994,0.0
23/09/1994,3.0
24/09/1994,2.5
25/09/1994,0.5
26/09/1994,0.0
27/09/1994,37.5
28/09/1994,0.0
29/09/1994,7.5
30/09/1994,0.0
01/10/1994,0.0
02/10/1994,0.0
03/10/1994,3.5
04/10/1994,1.0
05/10/1994,0.0
06/10/1994,0.0
07/10/1994,2.5
08/10/1994,0.0
09/10/1994,0.0
10/10/1994,0.0
11/10/1994,0.0
12/10/1994,0.0
13/10/1994,13.5
14/10/1994,0.0
15/10/1994,0.0
16/10/1994,3.0
17/10/1994,7.5
18/10/1994,5.5
19/10/1994,0.0
20/10/1994,0.0
21/10/1994,1.5
22/10/1994,3.0
23/10/1994,3.5
24/10/1994,0.5
25/10/1994,0.0
26/10/1994,15.5
27/10/1994,0.0
28/10/1994,0.0
29/10/1994,1.5
30/10/1994,2.5
31/10/1994,18.5
01/11/1994,2.5
02/11/1994,1.5
03/11/1994,19.0
04/11/1994,1.0
05/11/1994,5.5
06/11/1994,8.7
07/11/1994,42.8
08/11/1994,90.5
09/11/1994,86.5
10/11/1994,146.6
11/11/1994,55.4
12/11/1994,2.0
13/11/1994,54.0
14/11/1994,36.5
15/11/1994,52.5
16/11/1994,56.5
17/11/1994,56.5
18/11/1994,143.7
19/11/1994,28.8
20/11/1994,9.5
21/11/1994,31.0
22/11/1994,33.5
23/11/1994,17.5
24/11/1994,14.5
25/11/1994,79.0
26/11/1994,15.0
27/11/1994,111.0
28/11/1994,7.0
29/11/1994,2.5
30/11/1994,5.0
01/12/1994,0.5
02/12/1994,0.0
03/12/1994,0.5
04/12/1994,12.0
05/12/1994,14.0
06/12/1994,12.0
07/12/1994,0.0
08/12/1994,0.0
09/12/1994,0.0
10/12/1994,0.0
11/12/1994,0.0
12/12/1994,0.0
13/12/1994,0.0
14/12/1994,0.0
15/12/1994,0.0
16/12/1994,17.0
17/12/1994,8.5
18/12/1994,62.5
19/12/1994,13.0
20/12/1994,5.5
21/12/1994,0.0
22/12/1994,9.5
23/12/1994,0.0
24/12/1994,0.0
25/12/1994,0.0
26/12/1994,0.0
27/12/1994,3.0
28/12/1994,10.5
29/12/1994,0.0
30/12/1994,3.0
31/12/1994,0.0
01/01/1995,4.5
02/01/1995,7.0
03/01/1995,0.0
04/01/1995,6.5
05/01/1995,17.5
06/01/1995,18.0
07/01/1995,0.5
08/01/1995,1.5
09/01/1995,2.5
10/01/1995,13.5
11/01/1995,2.2
12/01/1995,0.3
13/01/1995,0.0
14/01/1995,0.0
15/01/1995,1.5
16/01/1995,12.5
17/01/1995,4.0
18/01/1995,26.8
19/01/1995,54.2
20/01/1995,11.0
21/01/1995,0.5
22/01/1995,0.0
23/01/1995,1.0
24/01/1995,0.0
25/01/1995,2.0
26/01/1995,90.4
27/01/1995,2.6
28/01/1995,0.0
29/01/1995,3.5
30/01/1995,35.0
31/01/1995,6.0
01/02/1995,10.5
02/02/1995,2.5
03/02/1995,6.5
04/02/1995,33.5
05/02/1995,5.5
06/02/1995,2.0
07/02/1995,1.0
08/02/1995,0.0
09/02/1995,0.0
10/02/1995,0.0
11/02/1995,15.5
12/02/1995,4.5
13/02/1995,0.5
14/02/1995,0.5
15/02/1995,0.0
16/02/1995,0.0
17/02/1995,0.0
18/02/1995,0.0
19/02/1995,0.0
20/02/1995,0.0
21/02/1995,0.0
22/02/1995,28.2
23/02/1995,17.8
24/02/1995,4.0
25/02/1995,38.0
26/02/1995,15.2
27/02/1995,12.8
28/02/1995,0.5
01/03/1995,0.0
02/03/1995,0.0
03/03/1995,0.0
04/03/1995,0.0
05/03/1995,8.0
06/03/1995,4.5
07/03/1995,0.0
08/03/1995,0.0
09/03/1995,0.0
10/03/1995,0.0
11/03/1995,0.0
12/03/1995,0.0
13/03/1995,0.0
14/03/1995,0.0
15/03/1995,0.0
16/03/1995,0.0
17/03/1995,0.5
18/03/1995,10.0
19/03/1995,0.0
20/03/1995,12.0
21/03/1995,5.5
22/03/1995,1.0
23/03/1995,3.0
24/03/1995,12.5
25/03/1995,0.0
26/03/1995,38.0
27/03/1995,0.5
28/03/1995,0.0
29/03/1995,5.5
30/03/1995,28.0
31/03/1995,0.0
01/04/1995,0.0
02/04/1995,0.0
03/04/1995,0.0
04/04/1995,0.0
05/04/1995,3.5
06/04/1995,0.0
07/04/1995,0.0
08/04/1995,0.0
09/04/1995,0.0
10/04/1995,0.0
11/04/1995,19.5
12/04/1995,0.0
13/04/1995,0.0
14/04/1995,0.0
15/04/1995,0.0
16/04/1995,7.5
17/04/1995,0.0
18/04/1995,0.0
19/04/1995,0.0
20/04/1995,0.0
21/04/1995,0.0
22/04/1995,0.0
23/04/1995,0.0
24/04/1995,0.0
25/04/1995,10.5
26/04/1995,0.5
27/04/1995,16.5
28/04/1995,0.5
29/04/1995,36.0
30/04/1995,0.0
01/05/1995,0.4
02/05/1995,0.1
03/05/1995,0.0
04/05/1995,0.0
05/05/1995,0.0
06/05/1995,0.0
07/05/1995,8.5
08/05/1995,1.5
09/05/1995,0.0
10/05/1995,12.0
11/05/1995,8.5
12/05/1995,2.5
13/05/1995,6.0
14/05/1995,0.0
15/05/1995,0.0
16/05/1995,0.0
17/05/1995,0.0
18/05/1995,37.0
19/05/1995,0.5
20/05/1995,8.0
21/05/1995,0.0
22/05/1995,0.0
23/05/1995,0.0
24/05/1995,0.0
25/05/1995,0.5
26/05/1995,0.0
27/05/1995,9.0
28/05/1995,0.0
29/05/1995,0.0
30/05/1995,55.0
31/05/1995,0.0
01/06/1995,2.0
02/06/1995,0.0
03/06/1995,1.5
04/06/1995,14.5
05/06/1995,0.5
06/06/1995,0.0
07/06/1995,0.0
08/06/1995,3.4
09/06/1995,1.1
10/06/1995,0.0
11/06/1995,0.0
12/06/1995,1.5
13/06/1995,0.0
14/06/1995,1.5
15/06/1995,0.0
16/06/1995,21.1
17/06/1995,37.4
18/06/1995,96.4
19/06/1995,2.6
20/06/1995,61.2
21/06/1995,7.8
22/06/1995,4.5
23/06/1995,0.0
24/06/1995,1.5
25/06/1995,6.5
26/06/1995,0.5
27/06/1995,30.5
28/06/1995,8.0
29/06/1995,4.5
30/06/1995,0.0
01/07/1995,0.5
02/07/1995,1.5
03/07/1995,0.0
04/07/1995,2.5
05/07/1995,0.0
06/07/1995,0.5
07/07/1995,8.0
08/07/1995,7.0
09/07/1995,3.0
10/07/1995,0.5
11/07/1995,0.0
12/07/1995,22.0
13/07/1995,0.0
14/07/1995,0.0
15/07/1995,0.0
16/07/1995,4.0
17/07/1995,0.0
18/07/1995,46.5
19/07/1995,0.0
20/07/1995,0.0
21/07/1995,0.0
22/07/1995,61.5
23/07/1995,0.5
24/07/1995,0.5
25/07/1995,0.0
26/07/1995,0.0
27/07/1995,0.0
28/07/1995,0.0
29/07/1995,3.0
30/07/1995,1.0
31/07/1995,0.0
01/08/1995,0.0
02/08/1995,53.5
03/08/1995,0.0
04/08/1995,2.5
05/08/1995,0.0
06/08/1995,0.0
07/08/1995,17.5
08/08/1995,19.5
09/08/1995,15.0
10/08/1995,0.0
11/08/1995,0.0
12/08/1995,0.0
13/08/1995,14.5
14/08/1995,45.7
15/08/1995,15.8
16/08/1995,2.0
17/08/1995,7.0
18/08/1995,42.6
19/08/1995,43.9
20/08/1995,0.0
21/08/1995,0.0
22/08/1995,12.5
23/08/1995,0.0
24/08/1995,0.0
25/08/1995,0.0
26/08/1995,18.5
27/08/1995,0.0
28/08/1995,0.0
29/08/1995,0.0
30/08/1995,0.0
31/08/1995,0.0
01/09/1995,0.0
02/09/1995,0.0
03/09/1995,1.0
04/09/1995,0.0
05/09/1995,0.0
06/09/1995,2.5
07/09/1995,12.0
08/09/1995,0.0
09/09/1995,1.5
10/09/1995,0.5
11/09/1995,0.0
12/09/1995,0.0
13/09/1995,0.0
14/09/1995,1.5
15/09/1995,0.0
16/09/1995,2.5
17/09/1995,39.5
18/09/1995,17.0
19/09/1995,0.0
20/09/1995,0.0
21/09/1995,1.0
22/09/1995,12.0
23/09/1995,12.0
24/09/1995,0.0
25/09/1995,26.0
26/09/1995,22.0
27/09/1995,0.0
28/09/1995,35.0
29/09/1995,1.0
30/09/1995,0.0
01/10/1995,0.0
02/10/1995,0.0
03/10/1995,31.0
04/10/1995,0.5
05/10/1995,0.0
06/10/1995,0.0
07/10/1995,0.0
08/10/1995,45.6
09/10/1995,56.4
10/10/1995,13.0
11/10/1995,51.5
12/10/1995,1.0
13/10/1995,0.0
14/10/1995,0.0
15/10/1995,23.0
16/10/1995,0.0
17/10/1995,3.0
18/10/1995,3.0
19/10/1995,19.5
20/10/1995,26.5
21/10/1995,0.0
22/10/1995,0.0
23/10/1995,0.0
24/10/1995,0.0
25/10/1995,0.0
26/10/1995,4.0
27/10/1995,38.0
28/10/1995,2.0
29/10/1995,27.0
30/10/1995,4.5
31/10/1995,31.8
01/11/1995,92.7
02/11/1995,5.5
03/11/1995,19.5
04/11/1995,6.5
05/11/1995,0.0
06/11/1995,0.5
07/11/1995,30.5
08/11/1995,7.5
09/11/1995,8.5
10/11/1995,0.0
11/11/1995,21.0
12/11/1995,1.0
13/11/1995,4.5
14/11/1995,17.0
15/11/1995,7.0
16/11/1995,82.7
17/11/1995,80.3
18/11/1995,12.0
19/11/1995,8.0
20/11/1995,0.0
21/11/1995,4.0
22/11/1995,0.5
23/11/1995,15.3
24/11/1995,63.7
25/11/1995,0.0
26/11/1995,0.0
27/11/1995,0.0
28/11/1995,0.5
29/11/1995,6.5
30/11/1995,6.0
01/12/1995,28.0
02/12/1995,55.7
03/12/1995,2.8
04/12/1995,34.9
05/12/1995,17.1
06/12/1995,0.5
07/12/1995,0.0
08/12/1995,1.0
09/12/1995,0.0
10/12/1995,0.0
11/12/1995,0.5
12/12/1995,0.0
13/12/1995,0.0
14/12/1995,0.0
15/12/1995,0.0
16/12/1995,0.0
17/12/1995,10.5
18/12/1995,32.0
19/12/1995,11.0
20/12/1995,4.0
21/12/1995,125.5
22/12/1995,105.5
23/12/1995,59.0
24/12/1995,32.5
25/12/1995,10.5
26/12/1995,1.5
27/12/1995,19.0
28/12/1995,64.0
29/12/1995,6.0
30/12/1995,0.0
31/12/1995,0.0
01/01/1996,0.0
02/01/1996,0.0
03/01/1996,0.0
04/01/1996,0.0
05/01/1996,0.0
06/01/1996,1.5
07/01/1996,0.0
08/01/1996,23.0
09/01/1996,10.3
10/01/1996,25.2
11/01/1996,54.0
12/01/1996,1.0
13/01/1996,0.0
14/01/1996,0.0
15/01/1996,0.0
16/01/1996,0.0
17/01/1996,0.0
18/01/1996,0.0
19/01/1996,0.0
20/01/1996,0.0
21/01/1996,0.0
22/01/1996,0.0
23/01/1996,0.0
24/01/1996,0.0
25/01/1996,0.0
26/01/1996,1.0
27/01/1996,6.5
28/01/1996,8.0
29/01/1996,43.0
30/01/1996,5.5
31/01/1996,1.5
01/02/1996,13.5
02/02/1996,19.0
03/02/1996,2.5
04/02/1996,4.0
05/02/1996,5.5
06/02/1996,2.5
07/02/1996,1.5
08/02/1996,1.0
09/02/1996,0.0
10/02/1996,0.0
11/02/1996,1.5
12/02/1996,5.5
13/02/1996,0.0
14/02/1996,0.0
15/02/1996,0.0
16/02/1996,0.0
17/02/1996,0.0
18/02/1996,0.0
19/02/1996,3.5
20/02/1996,1.0
21/02/1996,1.9
22/02/1996,1.6
23/02/1996,0.5
24/02/1996,1.0
25/02/1996,0.0
26/02/1996,0.0
27/02/1996,0.0
28/02/1996,0.0
29/02/1996,0.0
01/03/1996,0.0
02/03/1996,0.0
03/03/1996,0.0
04/03/1996,0.0
05/03/1996,0.0
06/03/1996,0.0
07/03/1996,0.0
08/03/1996,0.0
09/03/1996,0.0
10/03/1996,0.0
11/03/1996,0.0
12/03/1996,0.0
13/03/1996,0.0
14/03/1996,0.0
15/03/1996,0.0
16/03/1996,0.0
17/03/1996,0.0
18/03/1996,0.0
19/03/1996,0.0
20/03/1996,0.0
21/03/1996,0.0
22/03/1996,1.0
23/03/1996,0.0
24/03/1996,0.0
25/03/1996,37.0
26/03/1996,0.0
27/03/1996,0.0
28/03/1996,18.4
29/03/1996,20.1
30/03/1996,3.0
31/03/1996,0.0
01/04/1996,35.5
02/04/1996,0.0
03/04/1996,0.7
04/04/1996,0.3
05/04/1996,0.0
06/04/1996,0.0
07/04/1996,0.0
08/04/1996,0.0
09/04/1996,4.4
10/04/1996,22.1
11/04/1996,0.5
12/04/1996,0.0
13/04/1996,0.0
14/04/1996,0.0
15/04/1996,4.0
16/04/1996,0.0
17/04/1996,0.0
18/04/1996,0.0
19/04/1996,6.0
20/04/1996,39.0
21/04/1996,7.5
22/04/1996,17.5
23/04/1996,29.0
24/04/1996,12.0
25/04/1996,25.0
26/04/1996,1.5
27/04/1996,3.0
28/04/1996,2.5
29/04/1996,3.5
30/04/1996,0.0
01/05/1996,0.0
02/05/1996,0.0
03/05/1996,2.7
04/05/1996,0.8
05/05/1996,0.0
06/05/1996,6.0
07/05/1996,7.5
08/05/1996,4.5
09/05/1996,38.6
10/05/1996,3.9
11/05/1996,0.0
12/05/1996,6.0
13/05/1996,21.5
14/05/1996,6.0
15/05/1996,12.0
16/05/1996,20.0
17/05/1996,0.5
18/05/1996,9.0
19/05/1996,0.0
20/05/1996,2.0
21/05/1996,0.0
22/05/1996,0.0
23/05/1996,0.0
24/05/1996,2.5
25/05/1996,0.0
26/05/1996,19.5
27/05/1996,21.5
28/05/1996,0.0
29/05/1996,0.0
30/05/1996,0.0
31/05/1996,2.0
01/06/1996,0.0
02/06/1996,5.0
03/06/1996,17.5
04/06/1996,0.0
05/06/1996,14.5
06/06/1996,16.0
07/06/1996,15.0
08/06/1996,14.5
09/06/1996,26.0
10/06/1996,1.0
11/06/1996,0.5
12/06/1996,14.0
13/06/1996,4.0
14/06/1996,0.0
15/06/1996,0.0
16/06/1996,2.0
17/06/1996,0.5
18/06/1996,0.0
19/06/1996,8.5
20/06/1996,0.5
21/06/1996,0.0
22/06/1996,0.0
23/06/1996,0.0
24/06/1996,0.0
25/06/1996,0.0
26/06/1996,0.0
27/06/1996,0.0
28/06/1996,3.0
29/06/1996,0.0
30/06/1996,0.0
01/07/1996,0.0
02/07/1996,0.0
03/07/1996,7.5
04/07/1996,0.0
05/07/1996,0.0
06/07/1996,3.5
07/07/1996,4.0
08/07/1996,111.0
09/07/1996,0.0
10/07/1996,0.0
11/07/1996,0.0
12/07/1996,45.5
13/07/1996,1.5
14/07/1996,31.0
15/07/1996,10.5
16/07/1996,2.0
17/07/1996,0.0
18/07/1996,0.0
19/07/1996,0.0
20/07/1996,0.0
21/07/1996,0.0
22/07/1996,0.0
23/07/1996,0.0
24/07/1996,0.0
06/08/1996,0.0
07/08/1996,0.0
08/08/1996,0.0
09/08/1996,0.0
10/08/1996,0.5
11/08/1996,0.0
12/08/1996,0.0
13/08/1996,0.0
14/08/1996,0.0
15/08/1996,0.0
16/08/1996,0.0
17/08/1996,0.5
18/08/1996,0.0
19/08/1996,0.0
20/08/1996,4.5
21/08/1996,1.0
22/08/1996,0.0
23/08/1996,0.0
24/08/1996,10.7
25/08/1996,72.3
26/08/1996,0.0
27/08/1996,12.5
28/08/1996,14.5
29/08/1996,0.0
30/08/1996,4.0
31/08/1996,6.5
01/09/1996,66.5
02/09/1996,5.5
03/09/1996,0.5
04/09/1996,1.0
05/09/1996,1.5
06/09/1996,0.5
07/09/1996,33.0
08/09/1996,33.5
09/09/1996,1.5
10/09/1996,41.0
11/09/1996,2.0
12/09/1996,15.0
13/09/1996,0.0
14/09/1996,0.0
15/09/1996,34.0
16/09/1996,0.5
17/09/1996,1.5
18/09/1996,0.0
19/09/1996,8.0
20/09/1996,0.5
21/09/1996,27.5
22/09/1996,108.0
23/09/1996,0.0
24/09/1996,40.0
25/09/1996,0.0
26/09/1996,24.5
27/09/1996,0.5
28/09/1996,0.5
29/09/1996,20.5
30/09/1996,63.5
01/10/1996,31.5
02/10/1996,7.0
03/10/1996,19.0
04/10/1996,0.0
05/10/1996,4.5
06/10/1996,24.0
07/10/1996,1.0
08/10/1996,3.0
09/10/1996,0.5
10/10/1996,33.5
11/10/1996,3.5
12/10/1996,21.0
13/10/1996,7.5
14/10/1996,35.0
15/10/1996,4.0
16/10/1996,24.5
17/10/1996,6.5
18/10/1996,4.5
19/10/1996,12.3
20/10/1996,42.2
21/10/1996,1.0
22/10/1996,0.5
23/10/1996,0.0
24/10/1996,0.0
25/10/1996,10.0
26/10/1996,6.5
27/10/1996,5.0
28/10/1996,0.0
29/10/1996,0.0
30/10/1996,0.0
31/10/1996,0.0
01/11/1996,0.0
02/11/1996,5.0
03/11/1996,0.0
04/11/1996,3.5
05/11/1996,0.5
06/11/1996,0.5
07/11/1996,0.0
08/11/1996,0.0
09/11/1996,24.5
10/11/1996,0.5
11/11/1996,0.0
12/11/1996,11.5
13/11/1996,1.0
14/11/1996,7.0
15/11/1996,15.0
16/11/1996,27.0
17/11/1996,0.0
18/11/1996,7.0
19/11/1996,46.5
20/11/1996,25.5
21/11/1996,0.0
22/11/1996,0.5
23/11/1996,0.5
24/11/1996,1.0
25/11/1996,0.0
26/11/1996,11.5
27/11/1996,26.5
28/11/1996,2.0
29/11/1996,10.0
30/11/1996,28.0
01/12/1996,0.0
02/12/1996,0.0
03/12/1996,1.5
04/12/1996,0.0
05/12/1996,2.6
06/12/1996,10.9
07/12/1996,36.0
08/12/1996,1.5
09/12/1996,3.5
10/12/1996,17.3
11/12/1996,134.9
12/12/1996,131.3
13/12/1996,12.0
14/12/1996,15.5
15/12/1996,3.5
16/12/1996,0.0
17/12/1996,0.0
18/12/1996,22.0
19/12/1996,33.0
20/12/1996,2.0
21/12/1996,0.5
22/12/1996,0.0
23/12/1996,0.5
24/12/1996,0.0
25/12/1996,0.0
26/12/1996,0.5
27/12/1996,0.5
28/12/1996,0.0
29/12/1996,0.0
30/12/1996,0.0
31/12/1996,1.5
01/01/1997,0.0
02/01/1997,0.0
03/01/1997,0.0
04/01/1997,0.0
05/01/1997,0.5
06/01/1997,1.0
07/01/1997,0.0
08/01/1997,0.0
09/01/1997,0.0
10/01/1997,0.0
11/01/1997,0.0
12/01/1997,0.0
13/01/1997,1.0
14/01/1997,0.0
15/01/1997,0.0
16/01/1997,0.0
17/01/1997,0.0
18/01/1997,0.0
19/01/1997,0.0
20/01/1997,0.0
21/01/1997,0.0
22/01/1997,0.0
23/01/1997,0.0
24/01/1997,0.0
25/01/1997,0.0
26/01/1997,0.0
27/01/1997,0.0
28/01/1997,0.0
29/01/1997,0.0
30/01/1997,0.0
31/01/1997,0.5
01/02/1997,0.0
02/02/1997,0.0
03/02/1997,16.0
04/02/1997,0.5
05/02/1997,2.5
06/02/1997,0.0
07/02/1997,32.0
08/02/1997,5.0
09/02/1997,6.0
10/02/1997,0.0
11/02/1997,0.0
12/02/1997,0.0
13/02/1997,47.5
14/02/1997,0.0
15/02/1997,1.0
16/02/1997,0.5
17/02/1997,1.0
18/02/1997,0.0
19/02/1997,0.0
20/02/1997,4.5
21/02/1997,7.0
22/02/1997,4.0
23/02/1997,110.5
24/02/1997,0.5
25/02/1997,0.0
26/02/1997,0.0
27/02/1997,0.0
28/02/1997,0.0
01/03/1997,0.0
02/03/1997,0.0
03/03/1997,0.0
04/03/1997,0.0
05/03/1997,0.0
06/03/1997,0.0
07/03/1997,0.0
08/03/1997,0.0
09/03/1997,0.0
10/03/1997,0.0
11/03/1997,2.5
12/03/1997,0.5
13/03/1997,11.5
14/03/1997,0.0
15/03/1997,0.0
16/03/1997,0.0
17/03/1997,0.0
18/03/1997,0.0
19/03/1997,0.0
20/03/1997,3.0
21/03/1997,0.0
22/03/1997,0.0
23/03/1997,0.0
24/03/1997,0.0
25/03/1997,0.0
26/03/1997,0.5
27/03/1997,0.0
28/03/1997,9.5
29/03/1997,0.0
30/03/1997,0.0
31/03/1997,0.0
01/04/1997,49.0
02/04/1997,3.5
03/04/1997,0.5
04/04/1997,0.5
05/04/1997,0.0
06/04/1997,0.0
07/04/1997,3.0
08/04/1997,10.5
09/04/1997,4.8
10/04/1997,0.7
11/04/1997,32.5
12/04/1997,42.5
13/04/1997,1.0
14/04/1997,0.0
15/04/1997,3.0
16/04/1997,3.0
17/04/1997,2.0
18/04/1997,0.0
19/04/1997,7.0
20/04/1997,0.0
21/04/1997,0.0
22/04/1997,0.0
23/04/1997,0.0
24/04/1997,0.0
25/04/1997,0.0
26/04/1997,2.5
27/04/1997,3.0
28/04/1997,2.0
29/04/1997,3.5
30/04/1997,0.0
01/05/1997,0.0
02/05/1997,0.0
03/05/1997,3.5
04/05/1997,0.0
05/05/1997,0.0
06/05/1997,2.0
07/05/1997,0.0
08/05/1997,0.0
09/05/1997,0.0
10/05/1997,0.0
11/05/1997,0.0
12/05/1997,0.0
13/05/1997,0.0
14/05/1997,0.0
15/05/1997,12.0
16/05/1997,19.4
17/05/1997,0.6
18/05/1997,9.0
19/05/1997,0.0
20/05/1997,0.0
21/05/1997,0.0
22/05/1997,0.0
23/05/1997,0.0
24/05/1997,0.0
25/05/1997,0.5
26/05/1997,0.5
27/05/1997,6.5
28/05/1997,1.0
29/05/1997,0.0
30/05/1997,0.0
31/05/1997,13.0
01/06/1997,31.0
02/06/1997,4.0
03/06/1997,5.5
04/06/1997,0.5
05/06/1997,0.0
06/06/1997,0.0
07/06/1997,0.0
08/06/1997,0.0
09/06/1997,0.0
10/06/1997,0.0
11/06/1997,1.0
12/06/1997,0.0
13/06/1997,0.0
14/06/1997,0.0
15/06/1997,0.0
16/06/1997,0.0
17/06/1997,0.5
18/06/1997,0.0
19/06/1997,23.5
20/06/1997,15.0
21/06/1997,31.0
22/06/1997,15.0
23/06/1997,2.0
24/06/1997,34.1
25/06/1997,15.4
26/06/1997,0.0
27/06/1997,0.0
28/06/1997,0.5
29/06/1997,0.0
30/06/1997,12.5
01/07/1997,0.0
02/07/1997,3.5
03/07/1997,7.0
04/07/1997,0.0
05/07/1997,7.0
06/07/1997,0.0
07/07/1997,11.0
08/07/1997,0.0
09/07/1997,0.0
10/07/1997,0.0
11/07/1997,10.0
12/07/1997,0.5
13/07/1997,0.0
14/07/1997,0.0
15/07/1997,3.5
16/07/1997,0.5
17/07/1997,0.0
18/07/1997,0.0
19/07/1997,0.0
20/07/1997,0.0
21/07/1997,4.5
22/07/1997,0.5
23/07/1997,0.0
24/07/1997,0.0
25/07/1997,0.0
26/07/1997,0.0
27/07/1997,0.0
28/07/1997,21.0
29/07/1997,0.0
30/07/1997,0.0
31/07/1997,0.0
01/08/1997,0.0
02/08/1997,0.0
03/08/1997,0.0
04/08/1997,0.0
05/08/1997,18.5
06/08/1997,0.0
07/08/1997,0.0
08/08/1997,0.0
09/08/1997,0.0
10/08/1997,0.0
11/08/1997,0.0
12/08/1997,0.0
13/08/1997,33.0
14/08/1997,5.0
15/08/1997,27.0
16/08/1997,19.8
17/08/1997,9.2
18/08/1997,3.0
19/08/1997,0.0
20/08/1997,0.0
21/08/1997,2.0
22/08/1997,0.0
23/08/1997,1.5
24/08/1997,0.0
25/08/1997,0.0
26/08/1997,0.0
27/08/1997,0.0
28/08/1997,14.5
29/08/1997,3.0
30/08/1997,0.5
31/08/1997,1.5
01/09/1997,1.5
02/09/1997,1.5
03/09/1997,0.0
04/09/1997,0.0
05/09/1997,0.0
06/09/1997,0.0
07/09/1997,0.0
08/09/1997,0.0
09/09/1997,0.0
10/09/1997,0.0
11/09/1997,0.0
12/09/1997,0.0
13/09/1997,0.0
14/09/1997,0.0
15/09/1997,7.5
16/09/1997,0.0
17/09/1997,0.0
18/09/1997,0.5
19/09/1997,4.5
20/09/1997,10.0
21/09/1997,0.0
22/09/1997,7.5
23/09/1997,0.0
24/09/1997,0.0
25/09/1997,0.0
26/09/1997,0.0
27/09/1997,0.0
28/09/1997,25.0
29/09/1997,0.5
30/09/1997,1.5
01/10/1997,0.0
02/10/1997,16.5
03/10/1997,0.0
04/10/1997,6.0
05/10/1997,0.0
06/10/1997,0.0
07/10/1997,2.0
08/10/1997,6.5
09/10/1997,4.5
10/10/1997,0.0
11/10/1997,0.0
12/10/1997,5.5
13/10/1997,0.0
14/10/1997,0.5
15/10/1997,0.0
16/10/1997,0.0
17/10/1997,0.0
18/10/1997,0.0
19/10/1997,17.0
20/10/1997,0.0
21/10/1997,0.0
22/10/1997,4.5
23/10/1997,10.5
24/10/1997,0.5
25/10/1997,0.0
26/10/1997,0.0
27/10/1997,15.0
28/10/1997,0.0
29/10/1997,1.0
30/10/1997,15.5
31/10/1997,0.5
01/11/1997,1.0
02/11/1997,0.0
03/11/1997,0.0
04/11/1997,2.0
05/11/1997,3.5
06/11/1997,0.5
07/11/1997,15.5
08/11/1997,0.0
09/11/1997,0.0
10/11/1997,5.5
11/11/1997,24.0
12/11/1997,0.5
13/11/1997,5.0
14/11/1997,3.0
15/11/1997,3.5
16/11/1997,1.0
17/11/1997,2.0
18/11/1997,10.0
19/11/1997,14.5
20/11/1997,1.0
21/11/1997,5.0
22/11/1997,0.5
23/11/1997,8.5
24/11/1997,0.5
25/11/1997,1.0
26/11/1997,0.0
27/11/1997,0.0
28/11/1997,0.0
29/11/1997,0.0
30/11/1997,6.0
01/12/1997,11.0
02/12/1997,27.0
03/12/1997,60.0
04/12/1997,47.6
05/12/1997,7.9
06/12/1997,14.0
07/12/1997,35.5
08/12/1997,0.0
09/12/1997,0.0
10/12/1997,1.0
11/12/1997,163.9
12/12/1997,13.1
13/12/1997,6.5
14/12/1997,15.5
15/12/1997,24.5
16/12/1997,35.0
17/12/1997,10.0
18/12/1997,77.1
19/12/1997,5.9
20/12/1997,25.5
21/12/1997,0.0
22/12/1997,0.0
23/12/1997,0.0
24/12/1997,0.0
25/12/1997,3.0
26/12/1997,0.0
27/12/1997,0.0
28/12/1997,8.5
29/12/1997,138.5
30/12/1997,43.0
31/12/1997,54.0
01/01/1998,3.5
02/01/1998,45.9
03/01/1998,17.6
04/01/1998,2.0
05/01/1998,1.7
06/01/1998,8.1
07/01/1998,1.7
08/01/1998,2.0
09/01/1998,0.0
10/01/1998,0.0
11/01/1998,37.0
12/01/1998,0.0
13/01/1998,4.0
14/01/1998,0.0
15/01/1998,0.0
16/01/1998,22.0
17/01/1998,0.5
18/01/1998,0.0
19/01/1998,0.0
20/01/1998,0.0
21/01/1998,0.0
22/01/1998,0.0
23/01/1998,0.0
24/01/1998,0.5
25/01/1998,3.0
26/01/1998,0.5
27/01/1998,1.5
28/01/1998,4.0
29/01/1998,64.5
30/01/1998,15.5
31/01/1998,6.0
01/02/1998,0.0
02/02/1998,1.0
03/02/1998,1.0
04/02/1998,0.0
05/02/1998,0.0
06/02/1998,0.0
07/02/1998,0.0
08/02/1998,0.0
09/02/1998,0.0
10/02/1998,0.0
11/02/1998,0.0
12/02/1998,0.0
13/02/1998,0.0
14/02/1998,0.0
15/02/1998,0.0
16/02/1998,0.0
17/02/1998,0.0
18/02/1998,0.0
19/02/1998,0.0
20/02/1998,0.0
21/02/1998,0.0
22/02/1998,0.0
23/02/1998,0.0
24/02/1998,0.0
25/02/1998,0.0
26/02/1998,0.0
27/02/1998,0.0
28/02/1998,0.0
01/03/1998,0.0
02/03/1998,0.0
03/03/1998,25.5
04/03/1998,0.0
05/03/1998,0.0
06/03/1998,0.0
07/03/1998,0.0
08/03/1998,0.0
09/03/1998,44.0
10/03/1998,0.0
11/03/1998,0.0
12/03/1998,0.0
13/03/1998,0.0
14/03/1998,0.0
15/03/1998,0.0
16/03/1998,0.0
17/03/1998,10.5
18/03/1998,0.0
19/03/1998,0.0
20/03/1998,0.0
21/03/1998,0.0
22/03/1998,0.0
23/03/1998,0.0
24/03/1998,0.0
25/03/1998,0.0
26/03/1998,0.0
27/03/1998,3.5
28/03/1998,3.0
29/03/1998,0.0
30/03/1998,3.5
31/03/1998,3.0
01/04/1998,0.0
02/04/1998,0.0
03/04/1998,0.0
04/04/1998,0.0
05/04/1998,0.5
06/04/1998,0.5
07/04/1998,0.0
08/04/1998,0.0
09/04/1998,0.0
10/04/1998,0.0
11/04/1998,0.0
12/04/1998,0.0
13/04/1998,0.0
14/04/1998,0.0
15/04/1998,0.0
16/04/1998,0.0
17/04/1998,0.0
18/04/1998,0.0
19/04/1998,0.0
20/04/1998,0.0
21/04/1998,3.0
22/04/1998,0.0
23/04/1998,0.0
24/04/1998,0.0
25/04/1998,0.0
26/04/1998,0.0
27/04/1998,0.0
28/04/1998,0.0
29/04/1998,0.0
30/04/1998,0.0
01/05/1998,0.0
02/05/1998,0.0
03/05/1998,0.0
04/05/1998,0.0
05/05/1998,0.0
06/05/1998,12.5
07/05/1998,5.0
08/05/1998,2.0
09/05/1998,4.0
10/05/1998,5.0
11/05/1998,1.0
12/05/1998,0.0
13/05/1998,0.5
14/05/1998,56.5
15/05/1998,0.0
16/05/1998,0.0
17/05/1998,0.0
18/05/1998,0.0
19/05/1998,0.0
20/05/1998,0.0
21/05/1998,0.0
22/05/1998,0.0
23/05/1998,57.5
24/05/1998,0.0
25/05/1998,0.0
26/05/1998,0.5
27/05/1998,0.0
28/05/1998,0.0
29/05/1998,0.0
30/05/1998,0.0
31/05/1998,0.0
01/06/1998,0.0
02/06/1998,0.0
03/06/1998,0.0
04/06/1998,0.0
05/06/1998,0.0
06/06/1998,0.0
07/06/1998,14.4
08/06/1998,0.0
09/06/1998,38.2
10/06/1998,0.0
11/06/1998,0.0
12/06/1998,0.0
13/06/1998,11.9
14/06/1998,1.5
15/06/1998,1.3
16/06/1998,2.7
17/06/1998,49.7
18/06/1998,8.5
19/06/1998,61.1
20/06/1998,0.0
21/06/1998,17.6
22/06/1998,0.0
23/06/1998,3.9
24/06/1998,0.0
25/06/1998,55.8
26/06/1998,21.9
27/06/1998,8.5
28/06/1998,72.7
29/06/1998,0.8
30/06/1998,0.0
01/07/1998,0.0
02/07/1998,3.9
03/07/1998,2.1
04/07/1998,0.0
05/07/1998,31.8
06/07/1998,17.2
07/07/1998,22.7
08/07/1998,8.2
09/07/1998,25.0
10/07/1998,0.0
11/07/1998,0.0
12/07/1998,8.4
13/07/1998,0.0
14/07/1998,0.0
15/07/1998,6.8
16/07/1998,0.0
17/07/1998,0.0
18/07/1998,0.0
19/07/1998,59.9
20/07/1998,17.9
21/07/1998,0.0
22/07/1998,22.3
23/07/1998,12.1
24/07/1998,23.3
25/07/1998,0.2
26/07/1998,5.0
27/07/1998,3.0
28/07/1998,10.7
29/07/1998,0.7
30/07/1998,0.0
31/07/1998,0.0
01/08/1998,1.9
02/08/1998,42.4
03/08/1998,0.0
04/08/1998,0.0
05/08/1998,0.0
06/08/1998,0.0
07/08/1998,16.6
08/08/1998,0.0
09/08/1998,49.4
10/08/1998,0.0
11/08/1998,22.7
12/08/1998,1.2
13/08/1998,21.8
14/08/1998,15.7
15/08/1998,0.0
16/08/1998,0.6
17/08/1998,0.0
18/08/1998,45.7
19/08/1998,3.7
20/08/1998,0.6
21/08/1998,0.7
22/08/1998,3.1
23/08/1998,0.0
24/08/1998,0.0
25/08/1998,0.0
26/08/1998,0.0
27/08/1998,0.0
28/08/1998,0.0
29/08/1998,0.0
30/08/1998,0.0
31/08/1998,0.0
01/09/1998,0.0
02/09/1998,0.0
03/09/1998,0.0
04/09/1998,0.0
05/09/1998,0.0
06/09/1998,44.2
07/09/1998,0.0
08/09/1998,1.2
09/09/1998,9.6
10/09/1998,0.0
11/09/1998,0.0
12/09/1998,0.0
13/09/1998,0.0
14/09/1998,25.8
15/09/1998,0.6
16/09/1998,0.0
17/09/1998,0.0
18/09/1998,28.5
19/09/1998,9.7
20/09/1998,0.0
21/09/1998,0.0
22/09/1998,0.0
23/09/1998,0.5
24/09/1998,9.1
25/09/1998,0.0
26/09/1998,0.0
27/09/1998,0.0
28/09/1998,31.9
29/09/1998,1.6
30/09/1998,0.0
01/10/1998,23.0
02/10/1998,0.0
03/10/1998,0.0
04/10/1998,0.0
05/10/1998,0.0
06/10/1998,65.7
07/10/1998,19.5
08/10/1998,11.1
09/10/1998,0.0
10/10/1998,0.0
11/10/1998,2.7
12/10/1998,1.7
13/10/1998,0.0
14/10/1998,55.3
15/10/1998,18.9
16/10/1998,0.5
17/10/1998,0.0
18/10/1998,0.0
19/10/1998,0.0
20/10/1998,28.6
21/10/1998,21.6
22/10/1998,0.0
23/10/1998,2.3
24/10/1998,0.0
25/10/1998,9.8
26/10/1998,37.8
27/10/1998,0.0
28/10/1998,31.7
29/10/1998,21.4
30/10/1998,0.5
31/10/1998,22.6
01/11/1998,29.5
02/11/1998,75.0
03/11/1998,20.2
04/11/1998,2.5
05/11/1998,0.0
06/11/1998,4.3
07/11/1998,0.0
08/11/1998,0.0
09/11/1998,0.0
10/11/1998,18.5
11/11/1998,35.5
12/11/1998,61.9
13/11/1998,0.0
14/11/1998,2.0
15/11/1998,5.2
16/11/1998,0.0
17/11/1998,4.5
18/11/1998,16.6
19/11/1998,15.0
20/11/1998,6.5
21/11/1998,11.4
22/11/1998,0.0
23/11/1998,0.0
24/11/1998,0.5
25/11/1998,11.0
26/11/1998,32.9
27/11/1998,0.2
28/11/1998,7.8
29/11/1998,0.5
30/11/1998,0.0
01/12/1998,9.8
02/12/1998,20.3
03/12/1998,0.0
04/12/1998,11.1
05/12/1998,35.7
06/12/1998,11.8
07/12/1998,9.1
08/12/1998,74.1
09/12/1998,0.0
10/12/1998,0.0
11/12/1998,0.0
12/12/1998,35.9
13/12/1998,0.0
14/12/1998,0.9
15/12/1998,0.6
16/12/1998,23.1
17/12/1998,18.7
18/12/1998,53.5
19/12/1998,5.3
20/12/1998,17.6
21/12/1998,4.0
22/12/1998,5.9
23/12/1998,44.8
24/12/1998,5.9
25/12/1998,30.5
26/12/1998,21.5
27/12/1998,0.2
28/12/1998,8.1
29/12/1998,19.9
30/12/1998,21.2
31/12/1998,0.0
01/01/1999,0.0
02/01/1999,0.0
03/01/1999,14.0
04/01/1999,17.4
05/01/1999,0.0
06/01/1999,0.0
07/01/1999,0.0
08/01/1999,0.0
09/01/1999,1.6
10/01/1999,3.1
11/01/1999,1.0
12/01/1999,0.0
13/01/1999,0.7
14/01/1999,3.5
15/01/1999,13.2
16/01/1999,9.8
17/01/1999,34.9
18/01/1999,3.8
19/01/1999,10.5
20/01/1999,2.1
21/01/1999,8.5
22/01/1999,13.5
23/01/1999,56.0
24/01/1999,33.6
25/01/1999,182.5
26/01/1999,70.9
27/01/1999,31.4
28/01/1999,10.0
29/01/1999,1.2
30/01/1999,2.6
31/01/1999,0.0
01/02/1999,0.0
02/02/1999,47.3
03/02/1999,18.7
04/02/1999,2.0
05/02/1999,0.7
06/02/1999,0.0
07/02/1999,0.6
08/02/1999,0.0
09/02/1999,0.0
10/02/1999,24.4
11/02/1999,15.9
12/02/1999,0.5
13/02/1999,20.7
14/02/1999,11.3
15/02/1999,0.6
16/02/1999,0.0
17/02/1999,0.0
18/02/1999,0.0
19/02/1999,0.0
20/02/1999,0.0
21/02/1999,0.0
22/02/1999,0.0
23/02/1999,0.0
24/02/1999,3.4
25/02/1999,9.2
26/02/1999,0.0
27/02/1999,0.0
28/02/1999,4.8
01/03/1999,31.0
02/03/1999,0.0
03/03/1999,0.0
04/03/1999,0.5
05/03/1999,3.4
06/03/1999,13.3
07/03/1999,60.0
08/03/1999,29.8
09/03/1999,9.4
10/03/1999,0.0
11/03/1999,0.0
12/03/1999,0.0
13/03/1999,0.0
14/03/1999,0.0
15/03/1999,0.0
16/03/1999,0.0
17/03/1999,0.0
18/03/1999,0.0
19/03/1999,0.0
20/03/1999,2.5
21/03/1999,74.2
22/03/1999,0.0
23/03/1999,36.9
24/03/1999,0.0
25/03/1999,15.0
26/03/1999,26.1
27/03/1999,19.9
28/03/1999,0.6
29/03/1999,18.7
30/03/1999,0.0
31/03/1999,2.8
01/04/1999,0.5
02/04/1999,0.0
03/04/1999,1.0
04/04/1999,5.6
05/04/1999,20.9
06/04/1999,1.3
07/04/1999,5.2
08/04/1999,1.0
09/04/1999,13.4
10/04/1999,26.2
11/04/1999,0.5
12/04/1999,53.9
13/04/1999,0.0
14/04/1999,0.0
15/04/1999,0.0
16/04/1999,26.7
17/04/1999,36.9
18/04/1999,73.7
19/04/1999,1.0
20/04/1999,0.0
21/04/1999,27.2
22/04/1999,5.6
23/04/1999,2.5
24/04/1999,24.5
25/04/1999,8.6
26/04/1999,1.5
27/04/1999,11.9
28/04/1999,0.0
29/04/1999,0.0
30/04/1999,0.0
01/05/1999,0.0
02/05/1999,0.0
03/05/1999,0.7
04/05/1999,0.0
05/05/1999,0.0
06/05/1999,5.4
07/05/1999,0.0
08/05/1999,9.4
09/05/1999,1.9
10/05/1999,55.5
11/05/1999,9.1
12/05/1999,5.5
13/05/1999,0.0
14/05/1999,0.0
15/05/1999,45.3
16/05/1999,4.5
17/05/1999,0.6
18/05/1999,15.8
19/05/1999,68.8
20/05/1999,23.6
21/05/1999,23.3
22/05/1999,39.6
23/05/1999,37.1
24/05/1999,0.0
25/05/1999,1.5
26/05/1999,6.3
27/05/1999,0.0
28/05/1999,14.7
29/05/1999,17.5
30/05/1999,0.0
31/05/1999,0.0
01/06/1999,0.0
02/06/1999,0.0
03/06/1999,0.0
04/06/1999,0.0
05/06/1999,0.0
06/06/1999,0.0
07/06/1999,0.0
08/06/1999,1.8
09/06/1999,21.2
10/06/1999,0.0
11/06/1999,1.1
12/06/1999,5.8
13/06/1999,16.5
14/06/1999,0.8
15/06/1999,0.0
16/06/1999,3.8
17/06/1999,0.3
18/06/1999,0.0
19/06/1999,10.7
20/06/1999,25.3
21/06/1999,0.7
22/06/1999,2.7
23/06/1999,8.0
24/06/1999,16.6
25/06/1999,0.5
26/06/1999,0.0
27/06/1999,0.0
28/06/1999,1.0
29/06/1999,59.8
30/06/1999,0.9
01/07/1999,0.0
02/07/1999,33.2
03/07/1999,25.4
04/07/1999,0.8
05/07/1999,0.0
06/07/1999,0.0
07/07/1999,8.6
08/07/1999,0.0
09/07/1999,0.0
10/07/1999,11.5
11/07/1999,0.0
12/07/1999,0.0
13/07/1999,0.0
14/07/1999,11.8
15/07/1999,0.5
16/07/1999,11.5
17/07/1999,16.3
18/07/1999,0.6
19/07/1999,0.0
20/07/1999,0.0
21/07/1999,0.0
22/07/1999,0.0
23/07/1999,0.0
24/07/1999,0.0
25/07/1999,0.0
26/07/1999,0.0
27/07/1999,0.0
28/07/1999,0.0
29/07/1999,0.0
30/07/1999,0.0
31/07/1999,2.2
01/08/1999,0.0
02/08/1999,0.0
03/08/1999,35.5
04/08/1999,2.1
05/08/1999,0.0
06/08/1999,18.3
07/08/1999,0.0
08/08/1999,0.0
09/08/1999,0.6
10/08/1999,1.5
11/08/1999,0.7
12/08/1999,0.0
13/08/1999,1.9
14/08/1999,111.1
15/08/1999,69.3
16/08/1999,18.2
17/08/1999,9.1
18/08/1999,0.0
19/08/1999,0.0
20/08/1999,33.2
21/08/1999,2.7
22/08/1999,0.0
23/08/1999,0.0
24/08/1999,0.0
25/08/1999,2.6
26/08/1999,0.0
27/08/1999,0.0
28/08/1999,53.2
29/08/1999,0.0
30/08/1999,46.3
31/08/1999,0.4
01/09/1999,0.0
02/09/1999,4.0
03/09/1999,27.5
04/09/1999,27.6
05/09/1999,0.0
06/09/1999,0.0
07/09/1999,2.7
08/09/1999,3.8
09/09/1999,19.3
10/09/1999,5.8
11/09/1999,1.1
12/09/1999,0.0
13/09/1999,0.0
14/09/1999,0.6
15/09/1999,0.0
16/09/1999,0.0
17/09/1999,3.6
18/09/1999,72.3
19/09/1999,0.0
20/09/1999,0.0
21/09/1999,0.0
22/09/1999,0.0
23/09/1999,53.7
24/09/1999,0.0
25/09/1999,23.6
26/09/1999,9.9
27/09/1999,29.2
28/09/1999,1.1
29/09/1999,0.0
30/09/1999,0.0
01/10/1999,32.9
02/10/1999,0.7
03/10/1999,8.2
04/10/1999,1.3
05/10/1999,0.8
06/10/1999,4.0
07/10/1999,0.0
08/10/1999,30.9
09/10/1999,17.6
10/10/1999,0.0
11/10/1999,2.8
12/10/1999,6.6
13/10/1999,15.1
14/10/1999,0.7
15/10/1999,0.5
16/10/1999,0.0
17/10/1999,9.7
18/10/1999,1.7
19/10/1999,0.0
20/10/1999,0.0
21/10/1999,0.0
22/10/1999,12.7
22/12/1999,0.0
23/12/1999,0.0
24/12/1999,0.0
25/12/1999,0.0
26/12/1999,0.0
27/12/1999,0.0
28/12/1999,0.0
29/12/1999,0.0
30/12/1999,0.0
31/12/1999,0.0
01/01/2000,0.0
02/01/2000,0.0
03/01/2000,0.0
04/01/2000,0.0
05/01/2000,0.0
06/01/2000,0.0
07/01/2000,0.0
08/01/2000,0.0
09/01/2000,0.0
10/01/2000,0.0
11/01/2000,0.0
12/01/2000,0.0
13/01/2000,0.0
14/01/2000,0.0
15/01/2000,0.0
16/01/2000,0.0
17/01/2000,0.0
18/01/2000,0.0
19/01/2000,0.0
20/01/2000,0.0
21/01/2000,0.0
22/01/2000,0.0
23/01/2000,0.0
24/01/2000,0.0
25/01/2000,0.0
26/01/2000,0.0
27/01/2000,0.0
28/01/2000,1.0
29/01/2000,1.8
30/01/2000,3.4
31/01/2000,9.5
01/02/2000,4.0
02/02/2000,0.0
03/02/2000,0.0
04/02/2000,0.0
05/02/2000,0.0
06/02/2000,0.0
07/02/2000,0.0
08/02/2000,0.0
09/02/2000,0.0
10/02/2000,0.6
11/02/2000,4.7
12/02/2000,0.0
13/02/2000,0.4
14/02/2000,0.6
15/02/2000,0.0
16/02/2000,0.0
17/02/2000,0.0
18/02/2000,0.0
19/02/2000,0.0
20/02/2000,0.0
21/02/2000,0.0
22/02/2000,0.0
23/02/2000,0.0
24/02/2000,0.0
25/02/2000,0.0
26/02/2000,0.0
27/02/2000,0.0
28/02/2000,0.0
29/02/2000,0.0
01/03/2000,0.0
02/03/2000,0.0
03/03/2000,0.0
04/03/2000,0.0
05/03/2000,0.0
06/03/2000,0.0
07/03/2000,0.0
08/03/2000,0.0
09/03/2000,0.0
10/03/2000,0.0
11/03/2000,0.0
12/03/2000,36.7
13/03/2000,0.0
14/03/2000,0.0
15/03/2000,0.0
16/03/2000,54.1
17/03/2000,0.0
18/03/2000,0.0
19/03/2000,0.0
20/03/2000,0.0
21/03/2000,0.0
22/03/2000,0.0
23/03/2000,0.0
24/03/2000,0.0
25/03/2000,0.0
26/03/2000,0.0
27/03/2000,0.0
28/03/2000,0.0
29/03/2000,0.0
30/03/2000,0.0
31/03/2000,0.0
01/04/2000,0.0
02/04/2000,0.0
03/04/2000,0.0
04/04/2000,0.0
05/04/2000,0.0
06/04/2000,0.0
07/04/2000,0.0
08/04/2000,0.0
09/04/2000,0.0
10/04/2000,0.0
11/04/2000,0.0
12/04/2000,0.0
13/04/2000,0.0
14/04/2000,0.0
15/04/2000,0.0
16/04/2000,0.0
17/04/2000,0.0
18/04/2000,0.0
19/04/2000,0.0
20/04/2000,0.0
21/04/2000,0.0
22/04/2000,3.3
23/04/2000,1.5
24/04/2000,16.3
25/04/2000,0.0
26/04/2000,0.6
27/04/2000,27.0
28/04/2000,36.5
29/04/2000,0.0
30/04/2000,0.0
01/05/2000,27.3
02/05/2000,63.7
03/05/2000,4.0
04/05/2000,43.9
05/05/2000,24.2
06/05/2000,15.0
07/05/2000,0.0
08/05/2000,6.5
09/05/2000,3.0
10/05/2000,5.6
11/05/2000,0.0
12/05/2000,0.0
13/05/2000,13.7
14/05/2000,0.0
15/05/2000,0.0
16/05/2000,0.0
17/05/2000,0.0
18/05/2000,0.0
19/05/2000,0.0
20/05/2000,7.0
21/05/2000,11.7
22/05/2000,15.1
23/05/2000,0.0
24/05/2000,0.5
25/05/2000,0.0
26/05/2000,0.0
27/05/2000,0.0
28/05/2000,0.0
29/05/2000,0.0
30/05/2000,31.7
31/05/2000,5.5
01/06/2000,38.7
02/06/2000,8.2
03/06/2000,0.5
04/06/2000,12.6
05/06/2000,0.8
06/06/2000,2.1
07/06/2000,0.0
08/06/2000,11.7
09/06/2000,0.0
10/06/2000,0.0
11/06/2000,0.0
12/06/2000,0.0
13/06/2000,1.2
14/06/2000,0.7
15/06/2000,46.6
16/06/2000,7.3
17/06/2000,0.2
18/06/2000,0.0
19/06/2000,19.3
20/06/2000,0.0
21/06/2000,0.0
28/06/2000,5.1
29/06/2000,2.0
30/06/2000,0.0
01/07/2000,0.0
02/07/2000,0.0
03/07/2000,0.0
04/07/2000,0.0
05/07/2000,0.0
06/07/2000,0.0
07/07/2000,0.0
08/07/2000,0.0
09/07/2000,0.0
10/07/2000,0.0
11/07/2000,0.0
12/07/2000,0.0
13/07/2000,0.0
14/07/2000,0.0
15/07/2000,0.0
16/07/2000,0.0
17/07/2000,0.0
18/07/2000,0.0
19/07/2000,0.0
20/07/2000,0.0
21/07/2000,34.1
22/07/2000,0.0
23/07/2000,0.0
24/07/2000,5.6
25/07/2000,3.6
26/07/2000,9.2
27/07/2000,6.0
28/07/2000,0.6
29/07/2000,0.0
30/07/2000,0.0
31/07/2000,0.0
01/08/2000,3.7
02/08/2000,19.5
03/08/2000,0.0
04/08/2000,12.6
05/08/2000,0.0
06/08/2000,0.0
07/08/2000,21.3
08/08/2000,0.0
09/08/2000,0.6
10/08/2000,0.0
11/08/2000,0.5
12/08/2000,0.0
13/08/2000,3.2
14/08/2000,0.0
15/08/2000,41.8
16/08/2000,4.8
17/08/2000,0.0
18/08/2000,0.0
19/08/2000,0.0
20/08/2000,0.3
21/08/2000,1.5
22/08/2000,0.2
23/08/2000,0.0
24/08/2000,0.0
25/08/2000,0.0
26/08/2000,7.4
27/08/2000,6.6
28/08/2000,0.2
29/08/2000,0.7
30/08/2000,1.2
31/08/2000,24.9
01/09/2000,0.6
02/09/2000,0.0
03/09/2000,4.7
04/09/2000,0.2
05/09/2000,0.0
06/09/2000,2.2
07/09/2000,0.0
08/09/2000,9.7
09/09/2000,0.0
10/09/2000,0.6
11/09/2000,19.0
12/09/2000,0.6
13/09/2000,0.0
14/09/2000,0.0
15/09/2000,13.3
16/09/2000,0.0
17/09/2000,0.0
18/09/2000,33.3
19/09/2000,7.4
20/09/2000,4.8
21/09/2000,4.8
22/09/2000,0.0
23/09/2000,0.0
24/09/2000,0.0
25/09/2000,0.0
26/09/2000,0.0
27/09/2000,14.9
28/09/2000,1.1
29/09/2000,4.9
30/09/2000,3.5
04/10/2000,98.4
05/10/2000,1.5
06/10/2000,0.0
07/10/2000,0.0
08/10/2000,0.0
09/10/2000,0.0
10/10/2000,1.0
11/10/2000,2.8
12/10/2000,0.3
13/10/2000,2.3
14/10/2000,0.0
15/10/2000,0.8
16/10/2000,11.3
17/10/2000,3.5
18/10/2000,28.0
19/10/2000,21.7
20/10/2000,1.2
21/10/2000,14.1
22/10/2000,10.7
23/10/2000,11.0
24/10/2000,0.0
25/10/2000,32.9
26/10/2000,18.9
27/10/2000,15.0
28/10/2000,38.9
29/10/2000,5.5
30/10/2000,1.0
31/10/2000,4.4
01/11/2000,0.0
02/11/2000,0.0
03/11/2000,0.0
04/11/2000,0.0
05/11/2000,3.3
06/11/2000,18.7
07/11/2000,0.0
08/11/2000,12.8
09/11/2000,7.2
10/11/2000,0.0
11/11/2000,0.0
12/11/2000,0.0
13/11/2000,0.0
14/11/2000,4.6
15/11/2000,78.5
16/11/2000,12.2
17/11/2000,3.3
18/11/2000,2.7
19/11/2000,1.2
20/11/2000,1.9
21/11/2000,57.5
22/11/2000,133.8
23/11/2000,0.0
24/11/2000,0.8
25/11/2000,0.5
26/11/2000,23.8
27/11/2000,0.7
28/11/2000,2.1
29/11/2000,2.5
30/11/2000,0.5
01/12/2000,0.4
02/12/2000,1.2
03/12/2000,0.0
04/12/2000,0.0
05/12/2000,0.0
06/12/2000,0.0
07/12/2000,0.0
08/12/2000,0.0
09/12/2000,0.0
10/12/2000,0.0
11/12/2000,11.4
12/12/2000,3.2
13/12/2000,1.1
14/12/2000,10.4
15/12/2000,1.4
16/12/2000,16.5
17/12/2000,12.5
18/12/2000,8.4
19/12/2000,49.1
20/12/2000,8.0
21/12/2000,41.7
22/12/2000,27.8
23/12/2000,6.9
24/12/2000,0.0
25/12/2000,0.0
26/12/2000,0.0
27/12/2000,0.0
28/12/2000,0.0
29/12/2000,0.0
30/12/2000,0.4
31/12/2000,9.7
01/01/2001,0.6
02/01/2001,0.0
03/01/2001,0.0
04/01/2001,2.5
05/01/2001,0.0
06/01/2001,0.0
07/01/2001,0.0
08/01/2001,11.3
09/01/2001,0.0
10/01/2001,0.0
11/01/2001,16.5
12/01/2001,0.6
13/01/2001,42.4
14/01/2001,31.9
15/01/2001,40.7
16/01/2001,29.9
17/01/2001,96.3
18/01/2001,49.6
19/01/2001,49.2
20/01/2001,2.3
21/01/2001,21.2
22/01/2001,52.2
23/01/2001,4.3
24/01/2001,0.0
25/01/2001,0.0
26/01/2001,0.0
27/01/2001,0.0
28/01/2001,0.0
29/01/2001,1.1
30/01/2001,1.9
31/01/2001,10.7
01/02/2001,2.6
02/02/2001,0.0
03/02/2001,0.0
04/02/2001,0.0
05/02/2001,2.3
06/02/2001,14.8
07/02/2001,0.0
08/02/2001,0.0
09/02/2001,2.9
10/02/2001,0.0
11/02/2001,0.7
12/02/2001,1.0
13/02/2001,0.9
14/02/2001,31.7
15/02/2001,3.4
16/02/2001,0.0
17/02/2001,0.0
18/02/2001,0.0
19/02/2001,0.0
20/02/2001,2.9
21/02/2001,2.9
22/02/2001,0.0
23/02/2001,0.0
24/02/2001,0.0
25/02/2001,0.0
26/02/2001,0.0
27/02/2001,0.0
28/02/2001,0.0
01/03/2001,0.0
02/03/2001,0.0
03/03/2001,0.0
04/03/2001,6.1
05/03/2001,63.8
06/03/2001,23.5
07/03/2001,12.6
08/03/2001,10.9
09/03/2001,77.6
10/03/2001,0.0
11/03/2001,17.3
12/03/2001,0.0
13/03/2001,0.0
14/03/2001,2.6
15/03/2001,0.0
16/03/2001,36.7
17/03/2001,2.7
18/03/2001,19.8
19/03/2001,64.4
20/03/2001,25.0
21/03/2001,29.8
22/03/2001,14.4
23/03/2001,0.0
24/03/2001,38.1
25/03/2001,0.0
26/03/2001,28.5
27/03/2001,0.0
28/03/2001,4.8
29/03/2001,18.7
30/03/2001,102.8
31/03/2001,0.4
01/04/2001,0.0
02/04/2001,0.0
03/04/2001,2.6
04/04/2001,5.5
05/04/2001,7.9
06/04/2001,5.5
07/04/2001,0.7
08/04/2001,0.0
09/04/2001,0.0
10/04/2001,0.0
11/04/2001,0.0
12/04/2001,9.4
13/04/2001,1.4
14/04/2001,0.0
15/04/2001,0.0
16/04/2001,0.0
17/04/2001,0.0
18/04/2001,0.0
19/04/2001,0.0
20/04/2001,15.2
21/04/2001,10.8
22/04/2001,1.0
23/04/2001,0.0
24/04/2001,0.0
25/04/2001,38.8
26/04/2001,108.8
27/04/2001,12.0
28/04/2001,42.1
29/04/2001,48.4
30/04/2001,0.0
01/05/2001,29.7
02/05/2001,12.7
03/05/2001,0.0
04/05/2001,31.9
05/05/2001,0.0
06/05/2001,0.0
07/05/2001,89.9
08/05/2001,20.7
09/05/2001,1.6
10/05/2001,2.7
11/05/2001,8.7
12/05/2001,0.5
13/05/2001,0.0
14/05/2001,3.1
15/05/2001,0.0
16/05/2001,0.0
17/05/2001,0.0
18/05/2001,1.1
19/05/2001,0.0
20/05/2001,0.0
21/05/2001,0.0
22/05/2001,1.0
23/05/2001,23.3
24/05/2001,0.0
25/05/2001,17.5
26/05/2001,0.9
27/05/2001,0.0
28/05/2001,1.1
29/05/2001,0.0
30/05/2001,11.9
31/05/2001,0.0
01/06/2001,0.0
02/06/2001,5.4
03/06/2001,3.6
04/06/2001,8.8
05/06/2001,2.2
06/06/2001,14.1
07/06/2001,0.0
08/06/2001,0.0
09/06/2001,0.0
10/06/2001,0.0
11/06/2001,3.9
12/06/2001,0.0
13/06/2001,0.0
14/06/2001,0.0
15/06/2001,0.0
16/06/2001,37.7
17/06/2001,0.7
18/06/2001,15.5
19/06/2001,0.0
20/06/2001,0.0
21/06/2001,0.0
22/06/2001,1.5
23/06/2001,0.7
24/06/2001,0.0
25/06/2001,0.0
26/06/2001,0.0
27/06/2001,0.7
28/06/2001,9.2
29/06/2001,0.0
30/06/2001,0.0
01/07/2001,17.7
02/07/2001,0.0
03/07/2001,0.0
04/07/2001,0.0
05/07/2001,0.0
06/07/2001,0.0
07/07/2001,0.0
08/07/2001,0.0
09/07/2001,0.0
10/07/2001,0.0
11/07/2001,0.0
12/07/2001,0.5
13/07/2001,8.1
14/07/2001,0.6
15/07/2001,0.0
16/07/2001,3.0
17/07/2001,0.0
18/07/2001,0.0
19/07/2001,0.0
20/07/2001,17.9
21/07/2001,1.7
22/07/2001,0.0
23/07/2001,0.0
24/07/2001,2.2
25/07/2001,0.7
26/07/2001,0.0
27/07/2001,26.3
28/07/2001,57.3
29/07/2001,0.0
30/07/2001,0.0
31/07/2001,39.0
01/08/2001,88.0
02/08/2001,4.3
03/08/2001,0.0
04/08/2001,0.0
05/08/2001,28.7
06/08/2001,0.0
07/08/2001,34.2
08/08/2001,13.4
09/08/2001,2.6
10/08/2001,9.2
11/08/2001,0.3
12/08/2001,1.0
13/08/2001,24.6
14/08/2001,1.6
15/08/2001,0.0
16/08/2001,6.3
17/08/2001,0.0
18/08/2001,0.0
19/08/2001,32.6
20/08/2001,37.3
21/08/2001,18.5
22/08/2001,0.0
23/08/2001,0.0
24/08/2001,4.3
25/08/2001,0.7
26/08/2001,26.7
27/08/2001,22.9
28/08/2001,0.0
29/08/2001,0.0
30/08/2001,80.0
31/08/2001,0.5
01/09/2001,49.2
02/09/2001,39.3
03/09/2001,29.8
04/09/2001,62.0
05/09/2001,0.0
06/09/2001,0.0
07/09/2001,0.0
08/09/2001,0.0
09/09/2001,0.0
10/09/2001,0.0
11/09/2001,0.0
12/09/2001,0.0
13/09/2001,0.0
14/09/2001,0.0
15/09/2001,0.0
16/09/2001,0.0
17/09/2001,0.8
18/09/2001,26.2
19/09/2001,7.3
20/09/2001,0.0
21/09/2001,1.4
22/09/2001,132.8
23/09/2001,1.1
24/09/2001,0.0
25/09/2001,0.0
26/09/2001,0.0
27/09/2001,22.7
28/09/2001,54.7
29/09/2001,0.7
30/09/2001,0.0
01/10/2001,0.0
02/10/2001,0.0
03/10/2001,5.0
04/10/2001,52.7
05/10/2001,6.1
06/10/2001,25.2
07/10/2001,33.0
08/10/2001,1.3
09/10/2001,0.0
10/10/2001,16.9
11/10/2001,7.5
12/10/2001,0.0
13/10/2001,0.0
14/10/2001,0.5
15/10/2001,8.3
16/10/2001,1.9
17/10/2001,0.0
18/10/2001,11.6
19/10/2001,78.5
20/10/2001,81.8
21/10/2001,79.2
22/10/2001,1.4
23/10/2001,143.7
24/10/2001,0.0
25/10/2001,5.6
26/10/2001,1.2
27/10/2001,15.1
28/10/2001,0.0
29/10/2001,69.5
30/10/2001,0.0
31/10/2001,9.0
01/11/2001,0.0
02/11/2001,0.0
03/11/2001,0.0
04/11/2001,12.8
05/11/2001,52.7
06/11/2001,41.6
07/11/2001,4.9
08/11/2001,2.0
09/11/2001,9.5
10/11/2001,13.6
11/11/2001,45.8
12/11/2001,4.0
13/11/2001,21.1
14/11/2001,5.7
15/11/2001,34.7
16/11/2001,11.4
17/11/2001,5.7
18/11/2001,1.7
19/11/2001,3.0
20/11/2001,13.3
21/11/2001,36.5
22/11/2001,4.8
23/11/2001,0.0
24/11/2001,0.0
25/11/2001,0.0
26/11/2001,0.0
27/11/2001,0.0
28/11/2001,0.4
29/11/2001,0.4
30/11/2001,19.7
01/12/2001,3.5
02/12/2001,29.2
03/12/2001,0.0
04/12/2001,0.0
05/12/2001,0.0
06/12/2001,1.9
07/12/2001,50.0
08/12/2001,0.6
09/12/2001,0.0
10/12/2001,0.0
11/12/2001,0.0
12/12/2001,0.0
13/12/2001,0.0
14/12/2001,42.5
15/12/2001,224.3
16/12/2001,6.2
17/12/2001,27.2
18/12/2001,12.4
19/12/2001,42.5
20/12/2001,14.9
21/12/2001,58.1
22/12/2001,360.1
23/12/2001,70.1
24/12/2001,20.3
25/12/2001,0.4
26/12/2001,0.6
27/12/2001,46.8
28/12/2001,132.6
29/12/2001,57.2
30/12/2001,4.7
31/12/2001,0.1
01/01/2002,0.0
02/01/2002,0.0
03/01/2002,0.0
04/01/2002,0.0
05/01/2002,3.3
06/01/2002,4.7
07/01/2002,2.7
08/01/2002,5.2
09/01/2002,4.9
10/01/2002,17.6
11/01/2002,4.7
12/01/2002,8.3
13/01/2002,0.0
14/01/2002,0.0
15/01/2002,0.0
16/01/2002,0.0
17/01/2002,0.0
18/01/2002,0.0
19/01/2002,0.9
20/01/2002,3.4
21/01/2002,7.3
22/01/2002,1.6
23/01/2002,10.0
24/01/2002,17.5
25/01/2002,4.8
26/01/2002,0.6
27/01/2002,0.0
28/01/2002,0.0
29/01/2002,0.4
30/01/2002,0.5
31/01/2002,0.0
01/02/2002,0.0
02/02/2002,0.0
03/02/2002,0.0
04/02/2002,0.0
05/02/2002,0.0
06/02/2002,0.0
07/02/2002,0.0
08/02/2002,0.0
09/02/2002,0.0
10/02/2002,0.0
11/02/2002,0.0
12/02/2002,0.4
13/02/2002,0.4
14/02/2002,0.0
15/02/2002,0.0
16/02/2002,0.0
17/02/2002,0.0
18/02/2002,0.0
19/02/2002,0.3
20/02/2002,0.7
21/02/2002,1.8
22/02/2002,6.5
23/02/2002,1.8
24/02/2002,0.0
25/02/2002,0.4
26/02/2002,10.5
27/02/2002,6.8
28/02/2002,0.0
01/03/2002,0.0
02/03/2002,0.0
03/03/2002,0.0
04/03/2002,0.0
05/03/2002,0.0
06/03/2002,0.0
07/03/2002,0.0
08/03/2002,0.0
09/03/2002,0.0
10/03/2002,0.0
11/03/2002,0.0
12/03/2002,0.0
13/03/2002,0.0
14/03/2002,0.0
15/03/2002,0.0
16/03/2002,0.0
17/03/2002,0.0
18/03/2002,0.0
19/03/2002,19.5
20/03/2002,181.4
21/03/2002,4.9
22/03/2002,1.8
23/03/2002,0.0
24/03/2002,24.4
25/03/2002,0.0
26/03/2002,0.0
27/03/2002,0.0
28/03/2002,0.0
29/03/2002,0.0
30/03/2002,8.1
31/03/2002,0.0
01/04/2002,0.0
02/04/2002,0.0
03/04/2002,16.1
04/04/2002,0.0
05/04/2002,0.0
06/04/2002,0.0
07/04/2002,0.5
08/04/2002,0.6
09/04/2002,10.2
10/04/2002,0.0
11/04/2002,0.0
12/04/2002,0.0
13/04/2002,17.9
14/04/2002,0.0
15/04/2002,0.0
16/04/2002,0.6
17/04/2002,0.0
18/04/2002,0.0
19/04/2002,0.0
20/04/2002,6.6
21/04/2002,0.9
22/04/2002,0.0
23/04/2002,0.0
24/04/2002,0.0
25/04/2002,14.6
26/04/2002,0.0
27/04/2002,10.2
28/04/2002,0.0
29/04/2002,0.8
30/04/2002,7.8
01/05/2002,0.0
02/05/2002,8.6
03/05/2002,15.1
04/05/2002,29.5
05/05/2002,0.0
06/05/2002,29.0
07/05/2002,26.7
08/05/2002,50.0
09/05/2002,0.0
10/05/2002,0.0
11/05/2002,0.0
12/05/2002,0.0
13/05/2002,0.0
14/05/2002,0.0
15/05/2002,0.0
16/05/2002,0.0
17/05/2002,0.0
18/05/2002,0.0
19/05/2002,2.4
20/05/2002,24.8
21/05/2002,3.3
22/05/2002,39.8
23/05/2002,10.1
24/05/2002,13.8
25/05/2002,0.0
26/05/2002,0.3
27/05/2002,0.2
28/05/2002,0.0
29/05/2002,0.0
30/05/2002,4.9
31/05/2002,0.0
01/06/2002,28.5
02/06/2002,0.0
03/06/2002,0.0
04/06/2002,1.4
05/06/2002,0.0
06/06/2002,10.7
07/06/2002,0.0
08/06/2002,5.5
09/06/2002,0.0
10/06/2002,0.0
11/06/2002,0.5
12/06/2002,44.2
13/06/2002,9.8
14/06/2002,0.9
15/06/2002,0.0
16/06/2002,62.0
17/06/2002,3.7
18/06/2002,0.0
19/06/2002,0.0
20/06/2002,0.0
21/06/2002,0.0
22/06/2002,0.0
23/06/2002,0.0
24/06/2002,1.0
25/06/2002,27.9
26/06/2002,9.7
27/06/2002,2.5
28/06/2002,0.0
29/06/2002,0.0
30/06/2002,13.8
01/07/2002,27.3
02/07/2002,16.7
03/07/2002,6.8
04/07/2002,0.0
05/07/2002,0.0
06/07/2002,0.0
07/07/2002,0.0
08/07/2002,0.0
09/07/2002,0.0
10/07/2002,1.4
11/07/2002,43.1
12/07/2002,0.5
13/07/2002,0.0
14/07/2002,0.0
15/07/2002,0.0
16/07/2002,0.0
17/07/2002,0.0
18/07/2002,2.1
19/07/2002,0.0
20/07/2002,0.0
21/07/2002,0.0
22/07/2002,0.0
23/07/2002,2.1
24/07/2002,0.0
25/07/2002,72.0
26/07/2002,1.0
27/07/2002,0.0
28/07/2002,9.4
29/07/2002,23.7
30/07/2002,17.2
31/07/2002,1.1
01/08/2002,0.0
02/08/2002,9.9
03/08/2002,0.0
04/08/2002,0.0
05/08/2002,0.0
06/08/2002,6.7
07/08/2002,0.0
08/08/2002,14.0
09/08/2002,0.0
10/08/2002,0.0
11/08/2002,31.4
12/08/2002,0.0
13/08/2002,0.0
14/08/2002,0.0
15/08/2002,0.0
16/08/2002,0.0
17/08/2002,0.0
18/08/2002,0.0
19/08/2002,0.0
20/08/2002,0.0
21/08/2002,0.0
22/08/2002,0.0
23/08/2002,0.0
24/08/2002,56.9
25/08/2002,0.0
26/08/2002,0.0
27/08/2002,0.0
28/08/2002,0.0
29/08/2002,0.0
30/08/2002,0.0
31/08/2002,0.0
01/09/2002,0.0
02/09/2002,0.0
03/09/2002,0.0
04/09/2002,0.0
05/09/2002,0.0
06/09/2002,0.0
07/09/2002,0.0
08/09/2002,0.0
09/09/2002,0.0
10/09/2002,0.0
11/09/2002,0.0
12/09/2002,0.0
13/09/2002,0.0
14/09/2002,0.0
15/09/2002,0.0
16/09/2002,0.0
17/09/2002,0.0
18/09/2002,0.0
19/09/2002,0.0
20/09/2002,0.0
21/09/2002,0.0
22/09/2002,0.0
23/09/2002,0.0
24/09/2002,0.0
25/09/2002,0.0
26/09/2002,0.0
27/09/2002,0.0
28/09/2002,0.0
29/09/2002,0.0
30/09/2002,0.0
01/10/2002,0.0
02/10/2002,0.0
03/10/2002,0.0
04/10/2002,6.1
05/10/2002,2.3
06/10/2002,1.3
07/10/2002,1.1
08/10/2002,0.3
09/10/2002,0.8
10/10/2002,0.0
11/10/2002,0.0
12/10/2002,72.7
13/10/2002,27.1
14/10/2002,8.2
15/10/2002,0.1
16/10/2002,0.0
17/10/2002,4.7
18/10/2002,0.5
19/10/2002,6.2
20/10/2002,0.0
21/10/2002,0.7
22/10/2002,11.5
23/10/2002,0.0
24/10/2002,0.4
25/10/2002,0.0
26/10/2002,0.2
27/10/2002,0.1
28/10/2002,0.0
29/10/2002,0.0
30/10/2002,0.0
31/10/2002,10.2
01/11/2002,0.0
02/11/2002,1.0
03/11/2002,12.7
04/11/2002,5.6
05/11/2002,0.0
06/11/2002,44.0
07/11/2002,0.0
08/11/2002,0.0
09/11/2002,0.8
10/11/2002,6.1
11/11/2002,26.1
12/11/2002,0.0
13/11/2002,0.0
14/11/2002,0.0
15/11/2002,45.0
16/11/2002,48.9
17/11/2002,0.0
18/11/2002,1.0
19/11/2002,20.0
20/11/2002,29.0
21/11/2002,0.0
22/11/2002,13.0
23/11/2002,0.0
24/11/2002,23.6
25/11/2002,0.0
26/11/2002,6.3
27/11/2002,0.0
28/11/2002,0.0
29/11/2002,0.0
30/11/2002,0.7
01/12/2002,9.3
02/12/2002,0.0
03/12/2002,2.0
04/12/2002,1.3
05/12/2002,5.0
06/12/2002,3.6
07/12/2002,4.0
08/12/2002,79.4
09/12/2002,4.1
10/12/2002,0.2
11/12/2002,68.8
12/12/2002,155.5
13/12/2002,3.8
14/12/2002,1.5
15/12/2002,9.6
16/12/2002,23.9
17/12/2002,4.7
18/12/2002,13.2
19/12/2002,1.9
20/12/2002,0.0
21/12/2002,8.3
22/12/2002,0.8
23/12/2002,1.3
24/12/2002,42.8
25/12/2002,13.3
26/12/2002,22.2
27/12/2002,21.4
28/12/2002,0.0
29/12/2002,1.1
30/12/2002,5.0
31/12/2002,61.8
01/01/2003,13.7
02/01/2003,40.2
03/01/2003,71.4
04/01/2003,70.8
05/01/2003,35.9
06/01/2003,8.9
07/01/2003,6.4
08/01/2003,9.1
09/01/2003,7.4
10/01/2003,0.0
11/01/2003,0.0
12/01/2003,0.5
13/01/2003,0.0
14/01/2003,2.7
15/01/2003,0.0
16/01/2003,0.0
17/01/2003,2.4
18/01/2003,6.0
19/01/2003,9.1
20/01/2003,10.3
21/01/2003,44.6
22/01/2003,14.7
23/01/2003,21.3
24/01/2003,0.0
25/01/2003,14.2
26/01/2003,25.2
27/01/2003,0.0
28/01/2003,0.0
29/01/2003,1.9
30/01/2003,12.2
31/01/2003,17.9
01/02/2003,20.6
02/02/2003,15.5
03/02/2003,0.6
04/02/2003,0.0
05/02/2003,0.0
06/02/2003,0.6
07/02/2003,0.7
08/02/2003,0.0
09/02/2003,0.0
10/02/2003,11.7
11/02/2003,10.7
12/02/2003,7.6
13/02/2003,2.7
14/02/2003,25.6
15/02/2003,82.2
16/02/2003,18.0
17/02/2003,27.5
18/02/2003,0.0
19/02/2003,0.0
20/02/2003,0.0
21/02/2003,0.0
22/02/2003,0.0
23/02/2003,0.0
24/02/2003,0.0
25/02/2003,0.0
26/02/2003,0.0
27/02/2003,0.0
28/02/2003,0.0
01/03/2003,0.0
02/03/2003,0.0
03/03/2003,0.0
04/03/2003,0.0
05/03/2003,0.0
06/03/2003,0.0
07/03/2003,0.0
08/03/2003,0.0
09/03/2003,0.0
10/03/2003,47.7
11/03/2003,16.0
12/03/2003,24.1
13/03/2003,0.0
14/03/2003,0.0
15/03/2003,0.0
16/03/2003,0.0
17/03/2003,0.0
18/03/2003,0.0
19/03/2003,0.0
20/03/2003,2.9
21/03/2003,0.0
22/03/2003,0.0
23/03/2003,0.0
24/03/2003,0.0
25/03/2003,20.3
26/03/2003,25.4
27/03/2003,8.0
28/03/2003,0.6
29/03/2003,11.8
30/03/2003,1.4
31/03/2003,17.5
01/04/2003,46.5
02/04/2003,29.5
03/04/2003,0.0
04/04/2003,0.8
05/04/2003,7.2
06/04/2003,0.0
07/04/2003,2.9
08/04/2003,7.3
09/04/2003,0.2
10/04/2003,37.4
11/04/2003,0.0
12/04/2003,0.0
13/04/2003,0.0
14/04/2003,0.0
15/04/2003,0.0
16/04/2003,14.5
17/04/2003,2.0
18/04/2003,0.0
19/04/2003,0.0
20/04/2003,0.0
21/04/2003,4.5
22/04/2003,0.0
23/04/2003,0.0
24/04/2003,0.0
25/04/2003,0.0
26/04/2003,1.6
27/04/2003,0.0
28/04/2003,0.0
29/04/2003,0.0
30/04/2003,14.1
01/05/2003,0.0
02/05/2003,0.0
03/05/2003,0.0
04/05/2003,31.1
05/05/2003,0.2
06/05/2003,5.3
07/05/2003,0.5
08/05/2003,0.0
09/05/2003,4.6
10/05/2003,0.0
11/05/2003,8.3
12/05/2003,0.0
13/05/2003,21.2
14/05/2003,0.9
15/05/2003,0.0
16/05/2003,1.3
17/05/2003,0.0
18/05/2003,0.0
19/05/2003,0.0
20/05/2003,12.6
21/05/2003,0.0
22/05/2003,0.0
23/05/2003,17.7
24/05/2003,1.7
25/05/2003,0.0
26/05/2003,0.0
27/05/2003,0.0
28/05/2003,0.0
29/05/2003,0.0
30/05/2003,0.0
31/05/2003,0.0
01/06/2003,0.0
02/06/2003,0.0
03/06/2003,0.0
04/06/2003,0.0
05/06/2003,0.4
06/06/2003,0.8
07/06/2003,0.0
08/06/2003,0.0
09/06/2003,0.0
10/06/2003,0.0
11/06/2003,0.0
12/06/2003,5.3
13/06/2003,38.6
14/06/2003,25.4
15/06/2003,1.8
16/06/2003,3.3
17/06/2003,2.7
18/06/2003,0.5
19/06/2003,0.0
20/06/2003,8.2
21/06/2003,15.0
22/06/2003,0.0
23/06/2003,4.4
24/06/2003,0.0
25/06/2003,0.0
26/06/2003,0.0
27/06/2003,1.2
28/06/2003,6.6
29/06/2003,19.9
30/06/2003,2.4
01/07/2003,25.2
02/07/2003,0.6
03/07/2003,45.1
04/07/2003,0.9
05/07/2003,2.7
06/07/2003,9.0
07/07/2003,2.0
08/07/2003,0.0
09/07/2003,0.0
10/07/2003,13.5
11/07/2003,12.3
12/07/2003,0.0
13/07/2003,5.1
14/07/2003,0.0
15/07/2003,48.5
16/07/2003,18.1
17/07/2003,36.7
18/07/2003,4.4
19/07/2003,20.1
20/07/2003,3.9
21/07/2003,0.0
22/07/2003,0.0
23/07/2003,0.0
24/07/2003,0.0
25/07/2003,0.0
26/07/2003,0.0
27/07/2003,38.2
28/07/2003,0.0
29/07/2003,0.0
30/07/2003,0.0
31/07/2003,1.2
01/08/2003,6.5
02/08/2003,0.0
03/08/2003,0.0
04/08/2003,0.0
05/08/2003,0.0
06/08/2003,0.0
07/08/2003,0.0
08/08/2003,0.0
09/08/2003,0.0
10/08/2003,0.0
11/08/2003,0.8
12/08/2003,5.2
13/08/2003,1.5
14/08/2003,28.9
15/08/2003,12.3
16/08/2003,4.9
17/08/2003,48.7
18/08/2003,0.0
19/08/2003,20.5
20/08/2003,0.9
21/08/2003,0.0
22/08/2003,0.0
23/08/2003,0.0
24/08/2003,0.0
25/08/2003,0.0
26/08/2003,0.0
27/08/2003,0.0
28/08/2003,0.0
29/08/2003,0.0
30/08/2003,0.6
31/08/2003,0.1
01/09/2003,6.3
02/09/2003,20.1
06/09/2003,7.0
07/09/2003,0.0
08/09/2003,0.0
09/09/2003,0.0
10/09/2003,15.4
11/09/2003,50.3
12/09/2003,1.1
13/09/2003,47.8
14/09/2003,10.5
15/09/2003,0.0
16/09/2003,0.0
17/09/2003,4.4
18/09/2003,0.0
19/09/2003,26.2
20/09/2003,0.0
21/09/2003,15.8
22/09/2003,1.5
23/09/2003,21.4
24/09/2003,27.4
25/09/2003,1.7
26/09/2003,35.0
27/09/2003,6.6
28/09/2003,0.0
29/09/2003,0.0
30/09/2003,59.7
01/10/2003,0.6
02/10/2003,20.5
03/10/2003,29.8
04/10/2003,38.3
05/10/2003,0.0
06/10/2003,4.6
07/10/2003,28.6
08/10/2003,10.6
09/10/2003,0.5
10/10/2003,42.9
11/10/2003,8.6
12/10/2003,0.0
13/10/2003,1.6
14/10/2003,14.3
15/10/2003,7.0
16/10/2003,0.3
17/10/2003,29.4
18/10/2003,7.8
19/10/2003,12.2
20/10/2003,0.0
21/10/2003,44.8
22/10/2003,0.0
23/10/2003,13.3
24/10/2003,6.0
25/10/2003,7.7
26/10/2003,18.7
27/10/2003,39.7
28/10/2003,1.9
29/10/2003,3.3
30/10/2003,0.8
31/10/2003,0.0
01/11/2003,4.2
02/11/2003,48.3
03/11/2003,0.0
04/11/2003,51.2
05/11/2003,5.4
06/11/2003,6.0
07/11/2003,0.0
08/11/2003,34.2
09/11/2003,14.3
10/11/2003,30.0
11/11/2003,65.4
12/11/2003,11.6
13/11/2003,0.0
14/11/2003,1.0
15/11/2003,0.7
16/11/2003,0.0
17/11/2003,25.6
18/11/2003,2.0
19/11/2003,69.0
20/11/2003,2.3
21/11/2003,7.7
22/11/2003,0.3
23/11/2003,0.0
24/11/2003,0.4
25/11/2003,11.1
26/11/2003,29.4
27/11/2003,31.0
28/11/2003,126.8
29/11/2003,13.6
30/11/2003,101.6
01/12/2003,61.5
02/12/2003,56.0
03/12/2003,51.0
04/12/2003,5.9
05/12/2003,0.0
06/12/2003,7.2
07/12/2003,127.2
08/12/2003,65.3
09/12/2003,36.8
10/12/2003,1.2
11/12/2003,0.0
12/12/2003,0.9
13/12/2003,1.8
14/12/2003,0.0
15/12/2003,0.0
16/12/2003,0.5
17/12/2003,0.1
18/12/2003,0.0
19/12/2003,0.4
20/12/2003,0.1
21/12/2003,0.1
22/12/2003,0.0
23/12/2003,0.0
24/12/2003,0.0
25/12/2003,0.0
26/12/2003,0.0
27/12/2003,0.0
28/12/2003,0.0
29/12/2003,0.0
30/12/2003,0.2
31/12/2003,0.0
01/01/2004,0.0
02/01/2004,0.0
03/01/2004,0.4
04/01/2004,0.0
05/01/2004,0.0
06/01/2004,1.7
07/01/2004,0.0
08/01/2004,0.0
09/01/2004,5.1
10/01/2004,9.8
11/01/2004,7.2
12/01/2004,1.9
13/01/2004,9.5
14/01/2004,0.7
15/01/2004,0.0
16/01/2004,14.7
17/01/2004,0.0
18/01/2004,0.0
19/01/2004,0.0
20/01/2004,0.0
21/01/2004,0.0
22/01/2004,0.0
23/01/2004,0.0
24/01/2004,0.0
25/01/2004,2.3
26/01/2004,6.4
27/01/2004,27.2
28/01/2004,23.1
29/01/2004,13.0
30/01/2004,5.2
31/01/2004,0.5
01/02/2004,1.5
02/02/2004,0.3
03/02/2004,0.0
04/02/2004,0.0
05/02/2004,0.0
06/02/2004,0.0
07/02/2004,0.0
08/02/2004,0.0
09/02/2004,0.0
10/02/2004,0.0
11/02/2004,0.0
12/02/2004,0.0
13/02/2004,0.0
14/02/2004,0.0
15/02/2004,0.0
16/02/2004,0.0
17/02/2004,0.0
18/02/2004,0.0
19/02/2004,0.0
20/02/2004,0.0
21/02/2004,0.0
22/02/2004,0.0
23/02/2004,0.0
24/02/2004,0.0
25/02/2004,0.0
26/02/2004,0.0
27/02/2004,0.0
28/02/2004,0.0
29/02/2004,4.9
01/03/2004,0.0
02/03/2004,0.0
03/03/2004,0.0
04/03/2004,0.0
05/03/2004,6.9
06/03/2004,0.0
07/03/2004,0.0
08/03/2004,12.6
09/03/2004,12.5
10/03/2004,0.0
11/03/2004,67.7
12/03/2004,98.4
13/03/2004,0.5
14/03/2004,0.5
15/03/2004,0.0
16/03/2004,0.7
17/03/2004,2.9
18/03/2004,1.0
19/03/2004,0.0
20/03/2004,0.0
21/03/2004,0.0
22/03/2004,0.0
23/03/2004,0.0
24/03/2004,0.0
25/03/2004,0.0
26/03/2004,0.0
27/03/2004,0.0
28/03/2004,0.0
29/03/2004,0.0
30/03/2004,0.0
31/03/2004,0.0
01/04/2004,0.0
02/04/2004,0.0
03/04/2004,5.3
04/04/2004,16.6
05/04/2004,0.0
06/04/2004,0.0
07/04/2004,0.0
08/04/2004,0.0
09/04/2004,0.0
10/04/2004,0.0
11/04/2004,0.0
12/04/2004,0.0
13/04/2004,0.0
14/04/2004,0.0
15/04/2004,0.0
16/04/2004,0.0
17/04/2004,0.0
18/04/2004,0.0
19/04/2004,0.0
20/04/2004,0.0
21/04/2004,0.0
22/04/2004,0.0
23/04/2004,3.3
24/04/2004,0.0
25/04/2004,0.0
26/04/2004,0.0
27/04/2004,0.0
28/04/2004,3.5
29/04/2004,1.2
30/04/2004,17.5
01/05/2004,18.3
02/05/2004,11.7
03/05/2004,18.0
04/05/2004,0.8
05/05/2004,0.0
06/05/2004,2.7
07/05/2004,0.0
08/05/2004,0.0
09/05/2004,0.0
10/05/2004,0.0
11/05/2004,0.0
12/05/2004,11.3
13/05/2004,0.0
14/05/2004,0.0
15/05/2004,0.0
16/05/2004,0.0
17/05/2004,0.0
18/05/2004,0.0
19/05/2004,0.0
20/05/2004,0.0
21/05/2004,0.0
22/05/2004,24.3
23/05/2004,17.7
24/05/2004,21.5
25/05/2004,0.0
26/05/2004,0.0
27/05/2004,0.0
28/05/2004,0.0
29/05/2004,0.0
30/05/2004,0.0
31/05/2004,0.0
01/06/2004,0.0
02/06/2004,6.3
03/06/2004,0.7
04/06/2004,1.1
05/06/2004,0.8
06/06/2004,6.7
07/06/2004,0.0
08/06/2004,19.7
09/06/2004,0.6
10/06/2004,0.6
11/06/2004,1.7
12/06/2004,0.0
13/06/2004,0.0
14/06/2004,0.0
15/06/2004,0.0
16/06/2004,0.0
17/06/2004,0.0
18/06/2004,3.3
19/06/2004,0.0
20/06/2004,0.0
21/06/2004,0.0
22/06/2004,0.0
23/06/2004,0.0
24/06/2004,0.0
25/06/2004,71.0
26/06/2004,24.7
27/06/2004,8.0
28/06/2004,29.6
29/06/2004,0.6
30/06/2004,0.0
01/07/2004,3.5
02/07/2004,0.0
03/07/2004,63.1
04/07/2004,0.0
05/07/2004,0.0
06/07/2004,0.0
07/07/2004,0.0
08/07/2004,26.6
09/07/2004,0.9
10/07/2004,5.1
11/07/2004,1.6
12/07/2004,13.6
13/07/2004,25.6
14/07/2004,0.0
15/07/2004,3.8
16/07/2004,11.3
17/07/2004,22.3
18/07/2004,0.6
19/07/2004,0.0
20/07/2004,0.0
21/07/2004,9.5
22/07/2004,0.1
23/07/2004,0.0
24/07/2004,0.0
25/07/2004,10.9
26/07/2004,0.0
27/07/2004,0.0
28/07/2004,0.0
29/07/2004,25.4
30/07/2004,0.0
31/07/2004,0.0
01/08/2004,0.0
02/08/2004,0.0
03/08/2004,0.0
04/08/2004,0.0
05/08/2004,0.0
06/08/2004,0.0
07/08/2004,0.0
08/08/2004,0.0
09/08/2004,0.0
10/08/2004,0.0
11/08/2004,0.0
12/08/2004,0.0
13/08/2004,0.2
14/08/2004,0.0
15/08/2004,40.3
16/08/2004,21.4
17/08/2004,0.0
18/08/2004,0.0
19/08/2004,0.0
20/08/2004,6.7
21/08/2004,0.0
22/08/2004,0.0
23/08/2004,0.0
24/08/2004,6.4
25/08/2004,0.3
26/08/2004,0.1
27/08/2004,1.7
28/08/2004,0.0
29/08/2004,0.0
30/08/2004,0.0
31/08/2004,0.0
01/09/2004,0.0
02/09/2004,0.0
03/09/2004,0.0
04/09/2004,0.0
05/09/2004,0.0
06/09/2004,0.0
07/09/2004,0.0
08/09/2004,0.0
09/09/2004,0.0
10/09/2004,0.0
11/09/2004,14.0
12/09/2004,3.4
13/09/2004,1.0
14/09/2004,32.3
15/09/2004,0.2
16/09/2004,0.0
17/09/2004,0.6
18/09/2004,0.0
19/09/2004,0.0
20/09/2004,0.0
21/09/2004,0.0
22/09/2004,0.0
23/09/2004,0.0
24/09/2004,3.1
25/09/2004,0.3
26/09/2004,0.0
27/09/2004,35.9
28/09/2004,36.4
29/09/2004,0.3
30/09/2004,0.5
01/10/2004,1.0
02/10/2004,0.3
03/10/2004,0.0
04/10/2004,0.0
05/10/2004,12.0
06/10/2004,34.8
07/10/2004,7.7
08/10/2004,20.7
09/10/2004,10.1
10/10/2004,0.0
11/10/2004,2.2
12/10/2004,0.0
13/10/2004,0.0
14/10/2004,12.8
15/10/2004,38.3
16/10/2004,0.0
17/10/2004,0.0
18/10/2004,4.0
19/10/2004,38.3
20/10/2004,47.4
21/10/2004,55.4
22/10/2004,2.2
23/10/2004,46.8
24/10/2004,17.9
25/10/2004,33.3
26/10/2004,21.4
27/10/2004,43.7
28/10/2004,0.5
29/10/2004,0.9
30/10/2004,0.2
31/10/2004,0.2
01/11/2004,3.6
02/11/2004,0.0
03/11/2004,0.0
04/11/2004,5.8
05/11/2004,6.0
06/11/2004,10.8
07/11/2004,0.0
08/11/2004,0.0
09/11/2004,0.0
10/11/2004,19.6
11/11/2004,25.5
12/11/2004,31.5
13/11/2004,0.0
14/11/2004,14.4
15/11/2004,28.0
16/11/2004,0.0
17/11/2004,16.2
18/11/2004,5.2
19/11/2004,0.0
20/11/2004,0.0
21/11/2004,2.6
22/11/2004,4.1
23/11/2004,0.0
24/11/2004,0.0
25/11/2004,0.0
26/11/2004,0.0
27/11/2004,0.0
28/11/2004,9.4
29/11/2004,3.3
30/11/2004,29.7
01/12/2004,15.5
02/12/2004,0.3
03/12/2004,0.8
04/12/2004,0.0
05/12/2004,0.0
06/12/2004,15.9
07/12/2004,97.7
08/12/2004,61.3
09/12/2004,126.6
10/12/2004,100.7
11/12/2004,51.8
12/12/2004,13.5
13/12/2004,4.8
14/12/2004,0.0
15/12/2004,1.8
16/12/2004,1.2
17/12/2004,9.6
18/12/2004,0.0
19/12/2004,0.0
20/12/2004,0.0
21/12/2004,0.0
22/12/2004,0.0
23/12/2004,0.0
24/12/2004,0.0
25/12/2004,0.0
26/12/2004,0.0
27/12/2004,0.0
28/12/2004,0.0
29/12/2004,3.3
30/12/2004,16.0
31/12/2004,54.2
01/01/2005,4.9
02/01/2005,7.5
03/01/2005,0.8
04/01/2005,2.1
05/01/2005,0.0
06/01/2005,0.0
07/01/2005,45.7
08/01/2005,7.0
09/01/2005,0.0
10/01/2005,0.0
11/01/2005,1.9
12/01/2005,5.4
13/01/2005,0.0
14/01/2005,21.4
15/01/2005,0.0
16/01/2005,0.0
17/01/2005,0.0
18/01/2005,0.0
19/01/2005,0.0
20/01/2005,0.0
21/01/2005,1.4
22/01/2005,4.4
23/01/2005,0.0
24/01/2005,0.0
25/01/2005,0.0
26/01/2005,0.0
27/01/2005,0.0
28/01/2005,0.0
29/01/2005,0.0
30/01/2005,0.0
31/01/2005,0.0
01/02/2005,0.0
02/02/2005,0.0
03/02/2005,1.4
04/02/2005,0.0
05/02/2005,0.0
06/02/2005,0.0
07/02/2005,0.0
08/02/2005,0.0
09/02/2005,0.0
10/02/2005,0.0
11/02/2005,0.0
12/02/2005,0.0
13/02/2005,0.0
14/02/2005,0.0
15/02/2005,0.0
16/02/2005,0.0
17/02/2005,0.0
18/02/2005,0.0
19/02/2005,0.0
20/02/2005,0.0
21/02/2005,0.8
22/02/2005,0.5
23/02/2005,0.0
24/02/2005,0.0
25/02/2005,0.0
26/02/2005,0.0
27/02/2005,0.0
28/02/2005,0.0
01/03/2005,0.0
02/03/2005,0.0
03/03/2005,0.0
04/03/2005,0.0
05/03/2005,7.7
06/03/2005,7.1
30/05/2005,0.0
31/05/2005,7.3
01/06/2005,0.0
02/06/2005,0.0
03/06/2005,0.0
04/06/2005,55.6
05/06/2005,19.0
06/06/2005,0.0
07/06/2005,125.1
08/06/2005,13.6
09/06/2005,1.8
10/06/2005,19.8
11/06/2005,0.0
12/06/2005,37.6
13/06/2005,0.0
14/06/2005,56.1
15/06/2005,0.8
16/06/2005,0.0
17/06/2005,0.0
18/06/2005,0.0
19/06/2005,0.0
20/06/2005,0.3
21/06/2005,0.2
22/06/2005,0.0
23/06/2005,0.0
24/06/2005,0.6
25/06/2005,15.3
26/06/2005,0.0
27/06/2005,5.8
28/06/2005,0.0
29/06/2005,0.0
30/06/2005,0.0
01/07/2005,0.0
02/07/2005,0.0
03/07/2005,0.0
04/07/2005,0.0
05/07/2005,16.9
06/07/2005,57.2
07/07/2005,20.8
08/07/2005,0.0
09/07/2005,0.0
10/07/2005,0.0
11/07/2005,0.0
12/07/2005,0.0
13/07/2005,0.0
14/07/2005,0.0
15/07/2005,0.0
16/07/2005,0.3
17/07/2005,0.5
18/07/2005,0.0
19/07/2005,0.3
20/07/2005,0.0
21/07/2005,0.0
22/07/2005,0.0
23/07/2005,3.4
24/07/2005,0.0
25/07/2005,0.0
26/07/2005,21.5
27/07/2005,0.0
28/07/2005,0.0
29/07/2005,0.0
30/07/2005,0.0
31/07/2005,0.0
01/08/2005,0.0
02/08/2005,4.9
03/08/2005,0.0
04/08/2005,0.0
05/08/2005,0.0
06/08/2005,0.0
07/08/2005,0.0
08/08/2005,0.0
09/08/2005,0.0
10/08/2005,0.0
11/08/2005,0.0
12/08/2005,0.0
13/08/2005,0.8
14/08/2005,0.0
15/08/2005,0.0
16/08/2005,3.7
17/08/2005,1.5
18/08/2005,0.0
19/08/2005,0.1
20/08/2005,8.3
21/08/2005,37.8
22/08/2005,4.4
23/08/2005,89.3
24/08/2005,0.0
25/08/2005,0.0
26/08/2005,1.2
27/08/2005,21.1
28/08/2005,0.0
29/08/2005,27.9
30/08/2005,3.5
25/10/2005,0.4
26/10/2005,3.7
27/10/2005,7.8
28/10/2005,3.8
29/10/2005,55.7
30/10/2005,5.6
31/10/2005,7.7
01/11/2005,0.0
02/11/2005,0.0
03/11/2005,17.2
04/11/2005,5.0
05/11/2005,34.5
06/11/2005,11.6
07/11/2005,1.2
08/11/2005,122.7
09/11/2005,34.4
10/11/2005,22.4
11/11/2005,7.9
12/11/2005,5.8
13/11/2005,37.4
14/11/2005,1.4
15/11/2005,10.9
16/11/2005,2.2
17/11/2005,0.0
18/11/2005,1.4
19/11/2005,19.7
20/11/2005,115.7
21/11/2005,113.3
22/11/2005,154.5
23/11/2005,77.9
24/11/2005,37.6
25/11/2005,0.0
26/11/2005,30.0
27/11/2005,34.0
28/11/2005,9.7
29/11/2005,1.2
30/11/2005,0.0
01/12/2005,0.6
02/12/2005,14.1
03/12/2005,1.1
04/12/2005,6.1
05/12/2005,23.3
06/12/2005,10.8
07/12/2005,0.0
08/12/2005,22.9
09/12/2005,3.9
10/12/2005,0.0
11/12/2005,38.4
12/12/2005,10.2
13/12/2005,3.6
14/12/2005,63.2
15/12/2005,3.7
16/12/2005,23.0
17/12/2005,78.6
18/12/2005,50.1
19/12/2005,11.1
20/12/2005,0.0
21/12/2005,0.0
22/12/2005,1.1
23/12/2005,22.4
24/12/2005,9.6
25/12/2005,2.9
26/12/2005,8.1
27/12/2005,0.0
28/12/2005,0.6
29/12/2005,0.0
30/12/2005,0.0
31/12/2005,0.0
01/01/2006,15.1
02/01/2006,152.6
03/01/2006,4.0
04/01/2006,29.5
05/01/2006,0.8
06/01/2006,15.1
07/01/2006,45.5
08/01/2006,8.2
09/01/2006,15.4
10/01/2006,1.8
11/01/2006,4.5
12/01/2006,4.2
13/01/2006,6.7
14/01/2006,0.0
15/01/2006,0.0
16/01/2006,0.0
17/01/2006,2.2
18/01/2006,0.0
19/01/2006,0.0
20/01/2006,0.0
21/01/2006,3.9
22/01/2006,0.0
23/01/2006,0.0
24/01/2006,0.0
25/01/2006,0.0
26/01/2006,0.0
27/01/2006,0.0
28/01/2006,0.0
29/01/2006,0.0
30/01/2006,0.0
31/01/2006,0.0
01/02/2006,24.8
02/02/2006,0.0
03/02/2006,0.0
04/02/2006,9.4
05/02/2006,3.1
06/02/2006,0.6
07/02/2006,0.0
08/02/2006,0.0
09/02/2006,8.1
10/02/2006,142.8
11/02/2006,64.9
12/02/2006,19.4
13/02/2006,118.6
14/02/2006,0.0
15/02/2006,0.0
16/02/2006,0.0
17/02/2006,2.0
18/02/2006,0.0
19/02/2006,6.6
20/02/2006,0.5
21/02/2006,3.0
22/02/2006,8.6
23/02/2006,2.1
24/02/2006,4.9
25/02/2006,0.6
26/02/2006,0.0
27/02/2006,0.0
28/02/2006,0.0
01/03/2006,0.0
02/03/2006,0.0
03/03/2006,0.0
04/03/2006,0.0
05/03/2006,0.0
06/03/2006,0.0
07/03/2006,0.0
08/03/2006,0.0
09/03/2006,0.0
10/03/2006,0.0
11/03/2006,0.0
12/03/2006,0.0
13/03/2006,0.0
14/03/2006,0.0
15/03/2006,0.0
16/03/2006,0.0
17/03/2006,0.0
18/03/2006,0.0
19/03/2006,0.0
20/03/2006,0.0
21/03/2006,0.0
22/03/2006,0.0
23/03/2006,0.0
24/03/2006,0.0
25/03/2006,0.0
26/03/2006,0.0
27/03/2006,38.8
28/03/2006,0.0
29/03/2006,0.0
30/03/2006,1.1
31/03/2006,1.8
01/04/2006,5.7
02/04/2006,16.1
03/04/2006,3.1
04/04/2006,3.5
05/04/2006,2.1
06/04/2006,0.0
07/04/2006,0.0
08/04/2006,7.1
09/04/2006,0.0
10/04/2006,11.8
11/04/2006,9.8
12/04/2006,1.1
13/04/2006,1.5
14/04/2006,1.5
15/04/2006,9.2
16/04/2006,0.0
17/04/2006,0.0
18/04/2006,0.0
19/04/2006,0.0
20/04/2006,1.5
21/04/2006,11.1
22/04/2006,0.4
23/04/2006,55.1
24/04/2006,78.9
25/04/2006,104.4
26/04/2006,0.5
27/04/2006,0.0
28/04/2006,0.0
29/04/2006,0.0
30/04/2006,0.0
01/05/2006,0.0
02/05/2006,0.0
03/05/2006,0.0
04/05/2006,4.6
05/05/2006,0.0
06/05/2006,0.0
07/05/2006,0.0
08/05/2006,0.0
09/05/2006,0.0
10/05/2006,0.0
11/05/2006,0.0
12/05/2006,0.0
13/05/2006,34.4
14/05/2006,0.5
15/05/2006,0.0
16/05/2006,0.0
17/05/2006,0.0
18/05/2006,0.0
19/05/2006,0.0
20/05/2006,0.0
21/05/2006,0.0
22/05/2006,24.0
23/05/2006,0.0
24/05/2006,0.0
25/05/2006,2.4
26/05/2006,0.0
27/05/2006,0.0
28/05/2006,103.4
29/05/2006,0.6
30/05/2006,0.0
31/05/2006,16.7
01/06/2006,0.0
02/06/2006,0.0
03/06/2006,3.2
04/06/2006,0.6
05/06/2006,30.8
06/06/2006,31.4
07/06/2006,7.1
08/06/2006,0.0
09/06/2006,0.0
10/06/2006,0.0
11/06/2006,0.0
12/06/2006,0.5
13/06/2006,0.6
14/06/2006,0.0
15/06/2006,1.1
16/06/2006,0.0
17/06/2006,0.0
18/06/2006,13.8
19/06/2006,22.2
20/06/2006,0.6
21/06/2006,3.4
22/06/2006,21.8
23/06/2006,101.1
24/06/2006,52.0
25/06/2006,4.5
26/06/2006,0.0
27/06/2006,0.6
28/06/2006,0.0
29/06/2006,0.0
30/06/2006,0.0
01/07/2006,0.0
02/07/2006,17.2
03/07/2006,0.0
04/07/2006,0.0
05/07/2006,40.4
06/07/2006,0.0
07/07/2006,0.0
08/07/2006,0.0
09/07/2006,13.8
10/07/2006,0.5
11/07/2006,0.8
12/07/2006,0.0
13/07/2006,0.0
14/07/2006,44.6
15/07/2006,0.4
16/07/2006,0.0
17/07/2006,0.0
18/07/2006,0.0
19/07/2006,0.0
20/07/2006,1.2
21/07/2006,6.0
22/07/2006,0.0
23/07/2006,0.0
24/07/2006,0.0
25/07/2006,0.0
26/07/2006,0.0
27/07/2006,0.0
28/07/2006,48.9
29/07/2006,0.0
30/07/2006,8.5
31/07/2006,0.0
01/08/2006,0.0
02/08/2006,46.1
03/08/2006,0.0
04/08/2006,0.0
05/08/2006,0.0
06/08/2006,0.0
07/08/2006,0.0
08/08/2006,0.0
09/08/2006,0.0
10/08/2006,0.0
11/08/2006,0.0
12/08/2006,6.8
13/08/2006,0.0
14/08/2006,0.0
15/08/2006,0.0
16/08/2006,0.0
17/08/2006,0.6
18/08/2006,1.8
19/08/2006,0.0
20/08/2006,0.0
21/08/2006,0.0
22/08/2006,0.0
23/08/2006,0.0
24/08/2006,0.0
25/08/2006,5.6
26/08/2006,4.0
27/08/2006,14.3
28/08/2006,15.3
29/08/2006,0.0
30/08/2006,9.2
31/08/2006,3.3
01/09/2006,23.7
02/09/2006,8.9
03/09/2006,0.0
04/09/2006,20.7
05/09/2006,0.0
06/09/2006,0.0
07/09/2006,0.0
08/09/2006,0.0
09/09/2006,0.0
10/09/2006,0.0
11/09/2006,0.0
12/09/2006,0.0
13/09/2006,8.5
14/09/2006,52.1
15/09/2006,17.4
16/09/2006,1.8
17/09/2006,4.2
18/09/2006,0.0
19/09/2006,0.0
20/09/2006,0.0
21/09/2006,39.7
22/09/2006,0.0
23/09/2006,9.9
24/09/2006,0.0
25/09/2006,0.0
26/09/2006,0.0
27/09/2006,7.7
28/09/2006,0.0
29/09/2006,39.1
30/09/2006,0.0
01/10/2006,0.0
02/10/2006,0.0
03/10/2006,0.0
04/10/2006,8.4
05/10/2006,0.0
06/10/2006,0.0
07/10/2006,0.0
08/10/2006,0.0
09/10/2006,10.7
10/10/2006,0.0
11/10/2006,3.9
12/10/2006,0.0
13/10/2006,0.9
14/10/2006,0.0
15/10/2006,0.0
16/10/2006,6.9
17/10/2006,4.0
18/10/2006,0.0
19/10/2006,0.0
20/10/2006,0.5
21/10/2006,4.0
22/10/2006,0.0
23/10/2006,0.8
24/10/2006,4.7
25/10/2006,7.1
26/10/2006,10.0
27/10/2006,0.0
28/10/2006,0.0
29/10/2006,0.0
30/10/2006,10.5
31/10/2006,18.5
01/11/2006,1.0
02/11/2006,1.3
03/11/2006,26.2
04/11/2006,0.0
05/11/2006,0.0
06/11/2006,6.0
07/11/2006,0.5
08/11/2006,10.4
09/11/2006,0.6
10/11/2006,2.4
11/11/2006,10.1
12/11/2006,8.5
13/11/2006,0.5
14/11/2006,0.0
15/11/2006,0.0
16/11/2006,6.0
17/11/2006,8.2
18/11/2006,1.3
19/11/2006,1.4
20/11/2006,2.1
21/11/2006,23.5
22/11/2006,1.0
23/11/2006,14.0
24/11/2006,5.4
25/11/2006,6.6
26/11/2006,27.0
27/11/2006,0.8
28/11/2006,11.2
29/11/2006,14.5
30/11/2006,6.5
01/12/2006,1.0
02/12/2006,10.5
03/12/2006,2.5
04/12/2006,0.0
05/12/2006,0.0
06/12/2006,0.0
07/12/2006,3.3
08/12/2006,23.0
09/12/2006,13.0
10/12/2006,0.3
11/12/2006,0.0
12/12/2006,2.0
13/12/2006,0.5
14/12/2006,0.0
15/12/2006,14.9
16/12/2006,7.9
17/12/2006,53.5
18/12/2006,49.4
19/12/2006,72.9
20/12/2006,232.6
21/12/2006,64.0
22/12/2006,15.3
23/12/2006,3.2
24/12/2006,0.0
25/12/2006,2.5
26/12/2006,9.5
27/12/2006,0.9
28/12/2006,0.1
29/12/2006,0.0
30/12/2006,0.0
31/12/2006,0.0
01/01/2007,0.4
02/01/2007,1.1
03/01/2007,0.0
04/01/2007,0.0
05/01/2007,0.0
06/01/2007,0.9
07/01/2007,73.3
08/01/2007,40.6
09/01/2007,41.4
10/01/2007,17.5
11/01/2007,6.0
12/01/2007,12.8
13/01/2007,37.9
14/01/2007,51.0
15/01/2007,17.4
16/01/2007,2.7
17/01/2007,0.5
18/01/2007,18.3
19/01/2007,17.5
20/01/2007,24.7
21/01/2007,1.5
22/01/2007,0.0
23/01/2007,0.5
24/01/2007,0.0
25/01/2007,8.5
26/01/2007,27.5
27/01/2007,2.0
28/01/2007,2.0
29/01/2007,0.0
30/01/2007,0.0
31/01/2007,0.0
01/02/2007,0.0
02/02/2007,0.0
03/02/2007,0.0
04/02/2007,0.0
05/02/2007,0.0
06/02/2007,0.0
07/02/2007,0.5
08/02/2007,0.0
09/02/2007,0.0
10/02/2007,0.0
11/02/2007,0.4
12/02/2007,8.1
13/02/2007,2.0
14/02/2007,0.0
15/02/2007,0.0
16/02/2007,0.0
17/02/2007,0.5
18/02/2007,0.0
19/02/2007,0.0
20/02/2007,0.0
21/02/2007,0.0
22/02/2007,0.0
23/02/2007,0.0
24/02/2007,0.0
25/02/2007,0.0
26/02/2007,0.0
27/02/2007,0.0
28/02/2007,15.0
01/03/2007,0.5
02/03/2007,0.0
03/03/2007,0.0
04/03/2007,0.0
05/03/2007,0.0
06/03/2007,0.0
07/03/2007,0.0
08/03/2007,0.0
09/03/2007,0.0
10/03/2007,0.0
11/03/2007,0.5
12/03/2007,2.5
13/03/2007,18.0
14/03/2007,6.0
15/03/2007,0.0
16/03/2007,0.0
17/03/2007,0.0
18/03/2007,0.0
19/03/2007,37.5
20/03/2007,0.5
21/03/2007,1.0
22/03/2007,0.0
23/03/2007,0.8
24/03/2007,3.7
25/03/2007,23.1
26/03/2007,0.0
27/03/2007,0.0
28/03/2007,2.9
29/03/2007,5.1
30/03/2007,0.8
31/03/2007,12.2
01/04/2007,5.0
02/04/2007,0.0
03/04/2007,0.0
04/04/2007,0.0
05/04/2007,0.0
06/04/2007,1.9
07/04/2007,17.5
08/04/2007,3.4
09/04/2007,4.1
10/04/2007,72.9
11/04/2007,1.6
12/04/2007,21.5
13/04/2007,0.5
14/04/2007,0.5
15/04/2007,0.0
16/04/2007,7.5
17/04/2007,0.0
18/04/2007,0.0
19/04/2007,1.0
20/04/2007,0.0
21/04/2007,0.0
22/04/2007,0.0
23/04/2007,0.3
24/04/2007,0.2
25/04/2007,7.5
26/04/2007,0.0
27/04/2007,0.0
28/04/2007,1.0
29/04/2007,27.2
30/04/2007,1.3
01/05/2007,1.5
02/05/2007,0.0
03/05/2007,1.5
04/05/2007,0.0
05/05/2007,24.0
06/05/2007,0.0
07/05/2007,0.5
08/05/2007,12.0
09/05/2007,103.6
10/05/2007,3.5
11/05/2007,1.0
12/05/2007,10.5
13/05/2007,0.4
14/05/2007,3.1
15/05/2007,6.0
16/05/2007,8.7
17/05/2007,1.2
18/05/2007,18.6
19/05/2007,2.5
20/05/2007,3.4
21/05/2007,11.6
22/05/2007,0.0
23/05/2007,0.0
24/05/2007,0.0
25/05/2007,0.0
26/05/2007,0.5
27/05/2007,0.0
28/05/2007,2.0
29/05/2007,0.5
30/05/2007,14.0
31/05/2007,77.5
01/06/2007,0.5
02/06/2007,9.0
03/06/2007,0.0
04/06/2007,0.5
05/06/2007,1.0
06/06/2007,0.4
07/06/2007,21.1
08/06/2007,0.0
09/06/2007,0.0
10/06/2007,0.0
11/06/2007,8.5
12/06/2007,0.0
13/06/2007,0.0
14/06/2007,0.0
15/06/2007,0.5
16/06/2007,65.8
17/06/2007,27.1
18/06/2007,5.1
19/06/2007,24.9
20/06/2007,2.6
21/06/2007,20.5
22/06/2007,0.0
23/06/2007,2.4
24/06/2007,20.3
25/06/2007,16.3
26/06/2007,0.5
27/06/2007,0.0
28/06/2007,10.5
29/06/2007,0.5
30/06/2007,0.0
01/07/2007,0.0
02/07/2007,0.0
03/07/2007,0.0
04/07/2007,0.0
05/07/2007,0.0
06/07/2007,8.0
07/07/2007,0.9
08/07/2007,18.1
09/07/2007,0.0
10/07/2007,0.0
11/07/2007,0.0
12/07/2007,0.0
13/07/2007,8.5
14/07/2007,2.0
15/07/2007,0.0
16/07/2007,0.0
17/07/2007,0.0
18/07/2007,1.5
19/07/2007,0.5
20/07/2007,0.0
21/07/2007,7.9
22/07/2007,11.5
23/07/2007,2.2
24/07/2007,19.5
25/07/2007,27.5
26/07/2007,0.5
27/07/2007,0.0
28/07/2007,13.0
29/07/2007,0.0
30/07/2007,2.5
31/07/2007,16.4
01/08/2007,0.1
02/08/2007,0.0
03/08/2007,0.0
04/08/2007,0.0
05/08/2007,0.0
06/08/2007,0.4
07/08/2007,7.6
08/08/2007,0.0
09/08/2007,0.0
10/08/2007,0.0
11/08/2007,0.0
12/08/2007,3.0
13/08/2007,0.0
14/08/2007,0.0
15/08/2007,4.0
16/08/2007,0.0
17/08/2007,0.0
18/08/2007,38.8
19/08/2007,4.5
20/08/2007,1.7
21/08/2007,0.0
22/08/2007,23.5
23/08/2007,4.0
24/08/2007,17.0
25/08/2007,69.5
26/08/2007,14.0
27/08/2007,0.0
28/08/2007,11.5
29/08/2007,0.0
30/08/2007,0.0
31/08/2007,0.0
01/09/2007,4.5
02/09/2007,0.0
03/09/2007,43.5
04/09/2007,4.5
05/09/2007,0.5
06/09/2007,0.0
07/09/2007,0.0
08/09/2007,0.5
09/09/2007,3.5
10/09/2007,44.5
11/09/2007,42.0
12/09/2007,0.0
13/09/2007,2.0
14/09/2007,26.0
15/09/2007,53.5
16/09/2007,0.5
17/09/2007,0.0
18/09/2007,15.0
19/09/2007,0.0
20/09/2007,0.0
21/09/2007,0.5
22/09/2007,5.5
23/09/2007,5.5
24/09/2007,17.5
25/09/2007,10.0
26/09/2007,0.0
27/09/2007,0.0
28/09/2007,0.0
29/09/2007,0.0
30/09/2007,14.1
01/10/2007,4.4
02/10/2007,0.0
03/10/2007,0.0
04/10/2007,0.5
05/10/2007,20.0
06/10/2007,13.5
07/10/2007,8.4
08/10/2007,4.5
09/10/2007,0.6
10/10/2007,3.0
11/10/2007,13.6
12/10/2007,2.4
13/10/2007,0.0
14/10/2007,0.5
15/10/2007,1.0
16/10/2007,0.0
17/10/2007,12.5
18/10/2007,0.4
19/10/2007,17.8
20/10/2007,0.4
21/10/2007,17.3
22/10/2007,29.8
23/10/2007,26.2
24/10/2007,11.6
25/10/2007,5.0
26/10/2007,16.5
27/10/2007,72.0
28/10/2007,12.0
29/10/2007,24.9
30/10/2007,8.6
31/10/2007,0.6
01/11/2007,0.1
02/11/2007,2.5
03/11/2007,21.0
04/11/2007,2.0
05/11/2007,0.0
06/11/2007,16.5
07/11/2007,13.7
08/11/2007,58.3
09/11/2007,0.0
10/11/2007,14.1
11/11/2007,5.9
12/11/2007,12.0
13/11/2007,0.5
14/11/2007,0.5
15/11/2007,4.5
16/11/2007,0.5
17/11/2007,0.0
18/11/2007,0.3
19/11/2007,42.2
20/11/2007,2.8
21/11/2007,1.2
22/11/2007,0.0
23/11/2007,0.0
24/11/2007,0.0
25/11/2007,0.0
26/11/2007,24.6
27/11/2007,30.4
28/11/2007,0.0
29/11/2007,26.5
30/11/2007,0.0
01/12/2007,0.0
02/12/2007,0.0
03/12/2007,0.4
04/12/2007,1.9
05/12/2007,21.7
06/12/2007,40.7
07/12/2007,72.7
08/12/2007,39.7
09/12/2007,29.9
10/12/2007,43.5
11/12/2007,65.1
12/12/2007,38.4
13/12/2007,13.2
14/12/2007,109.6
15/12/2007,3.8
16/12/2007,14.0
17/12/2007,16.1
18/12/2007,4.3
19/12/2007,10.5
20/12/2007,16.0
21/12/2007,1.8
22/12/2007,0.1
23/12/2007,0.0
24/12/2007,0.0
25/12/2007,0.0
26/12/2007,0.0
27/12/2007,0.0
28/12/2007,0.0
29/12/2007,0.5
30/12/2007,0.0
31/12/2007,22.6
01/01/2008,6.9
02/01/2008,7.7
03/01/2008,3.3
04/01/2008,0.0
05/01/2008,1.5
06/01/2008,6.5
07/01/2008,2.6
08/01/2008,5.9
09/01/2008,0.5
10/01/2008,0.0
11/01/2008,0.0
12/01/2008,0.0
13/01/2008,0.0
14/01/2008,0.0
15/01/2008,0.0
16/01/2008,0.0
17/01/2008,15.0
18/01/2008,119.4
19/01/2008,3.1
20/01/2008,0.0
21/01/2008,2.0
22/01/2008,2.4
23/01/2008,0.1
24/01/2008,0.5
25/01/2008,0.0
26/01/2008,0.0
27/01/2008,9.0
28/01/2008,6.5
29/01/2008,0.0
30/01/2008,0.0
31/01/2008,0.0
01/02/2008,7.9
02/02/2008,73.4
03/02/2008,3.7
04/02/2008,2.0
05/02/2008,1.0
06/02/2008,0.0
07/02/2008,0.0
08/02/2008,1.0
09/02/2008,0.0
10/02/2008,0.0
11/02/2008,0.0
12/02/2008,0.0
13/02/2008,0.0
14/02/2008,0.0
15/02/2008,0.0
16/02/2008,0.0
17/02/2008,0.0
18/02/2008,0.0
19/02/2008,0.0
20/02/2008,1.5
21/02/2008,1.0
22/02/2008,0.5
23/02/2008,0.0
24/02/2008,0.0
25/02/2008,7.5
26/02/2008,0.0
27/02/2008,25.7
28/02/2008,26.5
29/02/2008,50.4
01/03/2008,1.5
02/03/2008,0.0
03/03/2008,0.0
04/03/2008,13.2
05/03/2008,12.0
06/03/2008,11.6
07/03/2008,17.2
08/03/2008,0.4
09/03/2008,9.6
10/03/2008,19.6
11/03/2008,7.2
12/03/2008,2.2
13/03/2008,0.0
14/03/2008,0.0
15/03/2008,0.0
16/03/2008,0.5
17/03/2008,0.0
18/03/2008,0.0
19/03/2008,3.0
20/03/2008,0.0
21/03/2008,0.0
22/03/2008,12.0
23/03/2008,0.0
24/03/2008,0.0
25/03/2008,7.2
26/03/2008,25.8
27/03/2008,0.0
28/03/2008,0.0
29/03/2008,0.0
30/03/2008,0.0
31/03/2008,0.0
01/04/2008,0.0
02/04/2008,4.5
03/04/2008,15.0
04/04/2008,0.5
05/04/2008,0.0
06/04/2008,1.5
07/04/2008,0.5
08/04/2008,0.0
09/04/2008,0.0
10/04/2008,0.0
11/04/2008,0.0
12/04/2008,55.8
13/04/2008,0.2
14/04/2008,0.0
15/04/2008,0.0
16/04/2008,0.0
17/04/2008,0.0
18/04/2008,0.0
19/04/2008,0.0
20/04/2008,0.0
21/04/2008,1.0
22/04/2008,19.5
23/04/2008,7.3
24/04/2008,2.2
25/04/2008,0.0
26/04/2008,0.5
27/04/2008,2.9
28/04/2008,53.6
29/04/2008,0.0
30/04/2008,0.5
01/05/2008,37.5
02/05/2008,0.0
03/05/2008,1.0
04/05/2008,0.5
05/05/2008,0.0
06/05/2008,7.6
07/05/2008,0.4
08/05/2008,0.0
09/05/2008,2.5
10/05/2008,0.0
11/05/2008,0.0
12/05/2008,0.0
13/05/2008,0.0
14/05/2008,9.0
15/05/2008,0.0
16/05/2008,0.0
17/05/2008,0.0
18/05/2008,0.0
19/05/2008,10.5
20/05/2008,0.0
21/05/2008,1.0
22/05/2008,0.4
23/05/2008,3.6
24/05/2008,20.5
25/05/2008,0.0
26/05/2008,0.0
27/05/2008,0.0
28/05/2008,0.0
29/05/2008,7.5
30/05/2008,0.0
31/05/2008,0.0
01/06/2008,6.0
02/06/2008,0.0
03/06/2008,0.0
04/06/2008,2.0
05/06/2008,44.5
06/06/2008,4.1
07/06/2008,0.4
08/06/2008,41.0
09/06/2008,2.0
10/06/2008,5.5
11/06/2008,0.0
12/06/2008,0.0
13/06/2008,0.0
14/06/2008,25.0
15/06/2008,6.5
16/06/2008,0.0
17/06/2008,0.0
18/06/2008,0.0
19/06/2008,12.8
20/06/2008,0.2
21/06/2008,6.0
22/06/2008,16.0
23/06/2008,10.0
24/06/2008,0.5
25/06/2008,23.6
26/06/2008,12.4
27/06/2008,0.5
28/06/2008,0.0
29/06/2008,0.0
30/06/2008,0.0
01/07/2008,0.0
02/07/2008,0.0
03/07/2008,7.9
04/07/2008,0.6
05/07/2008,0.0
06/07/2008,0.5
07/07/2008,0.0
08/07/2008,0.0
09/07/2008,0.0
10/07/2008,61.0
11/07/2008,11.5
12/07/2008,0.0
13/07/2008,0.0
14/07/2008,30.0
15/07/2008,0.0
16/07/2008,0.0
17/07/2008,0.0
18/07/2008,0.5
19/07/2008,23.9
20/07/2008,1.1
21/07/2008,0.0
22/07/2008,8.5
23/07/2008,32.5
24/07/2008,0.5
25/07/2008,0.0
26/07/2008,15.9
27/07/2008,2.1
28/07/2008,0.0
29/07/2008,4.0
30/07/2008,0.0
31/07/2008,0.0
01/08/2008,0.0
02/08/2008,0.0
03/08/2008,0.5
04/08/2008,0.0
05/08/2008,34.6
06/08/2008,4.4
07/08/2008,0.0
08/08/2008,0.0
09/08/2008,0.4
10/08/2008,27.6
11/08/2008,0.5
12/08/2008,23.5
13/08/2008,0.0
14/08/2008,4.5
15/08/2008,15.0
16/08/2008,9.2
17/08/2008,0.3
18/08/2008,2.4
19/08/2008,3.6
20/08/2008,14.5
21/08/2008,0.5
22/08/2008,3.0
23/08/2008,19.0
24/08/2008,10.0
25/08/2008,4.5
26/08/2008,24.0
27/08/2008,3.0
28/08/2008,2.7
29/08/2008,1.3
30/08/2008,0.0
31/08/2008,0.0
01/09/2008,18.0
02/09/2008,4.0
03/09/2008,0.0
04/09/2008,49.5
05/09/2008,9.5
06/09/2008,19.0
07/09/2008,21.0
08/09/2008,0.5
09/09/2008,0.5
10/09/2008,0.0
11/09/2008,0.0
12/09/2008,0.0
13/09/2008,5.8
14/09/2008,7.7
15/09/2008,0.0
16/09/2008,39.5
17/09/2008,26.7
18/09/2008,27.3
19/09/2008,0.0
20/09/2008,0.0
21/09/2008,24.7
22/09/2008,11.3
23/09/2008,14.5
24/09/2008,6.0
25/09/2008,0.0
26/09/2008,5.0
27/09/2008,0.0
28/09/2008,0.0
29/09/2008,52.8
30/09/2008,6.1
01/10/2008,2.0
02/10/2008,0.0
03/10/2008,11.8
04/10/2008,28.7
05/10/2008,5.0
06/10/2008,0.0
07/10/2008,3.5
08/10/2008,0.0
09/10/2008,13.5
10/10/2008,0.5
11/10/2008,0.0
12/10/2008,0.5
13/10/2008,10.4
14/10/2008,0.6
15/10/2008,1.0
16/10/2008,9.3
17/10/2008,0.2
18/10/2008,10.0
19/10/2008,7.0
20/10/2008,0.4
21/10/2008,3.6
22/10/2008,64.8
23/10/2008,15.1
24/10/2008,2.1
25/10/2008,5.5
26/10/2008,0.0
27/10/2008,5.5
28/10/2008,0.0
29/10/2008,0.0
30/10/2008,0.0
31/10/2008,10.5
01/11/2008,0.4
02/11/2008,18.6
03/11/2008,0.0
04/11/2008,0.0
05/11/2008,5.0
06/11/2008,1.0
07/11/2008,5.0
08/11/2008,2.3
09/11/2008,1.2
10/11/2008,36.5
11/11/2008,0.5
12/11/2008,2.8
13/11/2008,7.7
14/11/2008,0.5
15/11/2008,4.0
16/11/2008,0.0
17/11/2008,3.5
18/11/2008,31.3
19/11/2008,52.8
20/11/2008,35.6
21/11/2008,22.8
22/11/2008,23.0
23/11/2008,46.0
24/11/2008,1.0
25/11/2008,20.8
26/11/2008,4.2
27/11/2008,1.5
28/11/2008,0.0
29/11/2008,7.5
30/11/2008,1.5
01/12/2008,0.5
02/12/2008,6.0
03/12/2008,11.0
04/12/2008,1.5
05/12/2008,0.9
06/12/2008,64.9
07/12/2008,175.5
08/12/2008,15.1
09/12/2008,0.0
10/12/2008,0.0
11/12/2008,0.0
12/12/2008,0.0
13/12/2008,18.5
14/12/2008,26.5
15/12/2008,1.5
16/12/2008,0.5
17/12/2008,0.0
18/12/2008,0.5
19/12/2008,0.0
20/12/2008,0.0
21/12/2008,0.0
22/12/2008,2.0
23/12/2008,0.4
24/12/2008,0.5
25/12/2008,21.6
26/12/2008,11.5
27/12/2008,4.3
28/12/2008,25.3
29/12/2008,3.8
30/12/2008,8.5
31/12/2008,34.5
01/01/2009,25.5
02/01/2009,107.5
03/01/2009,150.7
04/01/2009,29.8
05/01/2009,2.0
06/01/2009,0.0
07/01/2009,0.0
08/01/2009,0.0
09/01/2009,2.5
10/01/2009,0.5
11/01/2009,0.0
12/01/2009,1.7
13/01/2009,42.8
14/01/2009,2.0
15/01/2009,0.0
16/01/2009,0.0
17/01/2009,0.0
18/01/2009,0.0
19/01/2009,0.0
20/01/2009,0.0
21/01/2009,0.0
22/01/2009,0.0
23/01/2009,0.3
24/01/2009,7.5
25/01/2009,18.6
26/01/2009,0.0
27/01/2009,0.0
28/01/2009,0.0
29/01/2009,0.0
30/01/2009,0.0
31/01/2009,0.0
01/02/2009,0.0
02/02/2009,0.0
03/02/2009,0.0
04/02/2009,0.0
05/02/2009,0.0
06/02/2009,0.0
07/02/2009,0.0
08/02/2009,0.0
09/02/2009,0.0
10/02/2009,0.0
11/02/2009,0.5
12/02/2009,6.0
13/02/2009,0.4
14/02/2009,31.1
15/02/2009,0.0
16/02/2009,21.5
17/02/2009,0.0
18/02/2009,0.0
19/02/2009,0.0
20/02/2009,7.0
21/02/2009,0.5
22/02/2009,1.5
23/02/2009,6.5
24/02/2009,0.5
25/02/2009,0.0
26/02/2009,17.5
27/02/2009,0.0
28/02/2009,1.5
01/03/2009,2.4
02/03/2009,7.3
03/03/2009,30.9
04/03/2009,0.5
05/03/2009,6.6
06/03/2009,26.3
07/03/2009,0.6
08/03/2009,0.4
09/03/2009,9.5
10/03/2009,0.1
11/03/2009,0.0
12/03/2009,0.0
13/03/2009,0.0
14/03/2009,0.4
15/03/2009,57.8
16/03/2009,5.8
17/03/2009,1.0
18/03/2009,0.0
19/03/2009,8.5
20/03/2009,0.0
21/03/2009,7.4
22/03/2009,1.1
23/03/2009,0.0
24/03/2009,0.0
25/03/2009,0.0
26/03/2009,0.4
27/03/2009,14.6
28/03/2009,30.0
29/03/2009,5.0
30/03/2009,0.5
31/03/2009,0.0
01/04/2009,3.5
02/04/2009,0.5
03/04/2009,11.0
04/04/2009,9.5
05/04/2009,2.5
06/04/2009,0.0
07/04/2009,0.0
08/04/2009,7.3
09/04/2009,13.7
10/04/2009,0.5
11/04/2009,15.5
12/04/2009,0.5
13/04/2009,32.5
14/04/2009,0.0
15/04/2009,26.5
16/04/2009,0.0
17/04/2009,0.0
18/04/2009,0.0
19/04/2009,1.0
20/04/2009,0.5
21/04/2009,6.5
22/04/2009,0.0
23/04/2009,1.5
24/04/2009,14.1
25/04/2009,0.4
26/04/2009,0.0
27/04/2009,0.0
28/04/2009,0.0
29/04/2009,3.5
30/04/2009,0.0
01/05/2009,0.5
02/05/2009,41.0
03/05/2009,4.0
04/05/2009,0.0
05/05/2009,4.5
06/05/2009,3.0
07/05/2009,3.0
08/05/2009,4.7
09/05/2009,45.3
10/05/2009,7.0
11/05/2009,18.0
12/05/2009,0.0
13/05/2009,26.5
14/05/2009,24.5
15/05/2009,0.0
16/05/2009,0.5
17/05/2009,1.3
18/05/2009,21.2
19/05/2009,0.0
20/05/2009,3.5
21/05/2009,37.0
22/05/2009,0.5
23/05/2009,24.5
24/05/2009,0.0
25/05/2009,0.0
26/05/2009,54.6
27/05/2009,2.4
28/05/2009,35.7
29/05/2009,0.3
30/05/2009,0.0
31/05/2009,0.0
01/06/2009,0.0
02/06/2009,0.0
03/06/2009,0.0
04/06/2009,0.0
05/06/2009,0.0
06/06/2009,0.0
07/06/2009,10.0
08/06/2009,0.0
09/06/2009,0.0
10/06/2009,0.0
11/06/2009,21.0
12/06/2009,33.5
13/06/2009,0.0
14/06/2009,0.5
15/06/2009,19.0
16/06/2009,0.0
17/06/2009,0.0
18/06/2009,0.0
19/06/2009,0.0
20/06/2009,0.0
21/06/2009,13.4
22/06/2009,1.1
23/06/2009,37.7
24/06/2009,0.8
25/06/2009,0.0
26/06/2009,3.0
27/06/2009,0.5
28/06/2009,0.0
29/06/2009,33.0
30/06/2009,5.5
01/07/2009,0.5
02/07/2009,5.5
03/07/2009,0.5
04/07/2009,4.5
05/07/2009,0.0
06/07/2009,0.0
07/07/2009,0.5
08/07/2009,3.5
09/07/2009,49.5
10/07/2009,5.5
11/07/2009,0.0
12/07/2009,0.0
13/07/2009,11.5
14/07/2009,0.0
15/07/2009,0.0
16/07/2009,0.0
17/07/2009,0.0
18/07/2009,0.0
19/07/2009,0.5
20/07/2009,0.5
21/07/2009,3.0
22/07/2009,0.4
23/07/2009,0.1
24/07/2009,0.0
25/07/2009,0.4
26/07/2009,1.5
27/07/2009,18.6
28/07/2009,0.5
29/07/2009,9.0
30/07/2009,0.0
31/07/2009,0.0
01/08/2009,44.0
02/08/2009,5.5
03/08/2009,0.0
04/08/2009,0.0
05/08/2009,0.0
06/08/2009,0.0
07/08/2009,5.0
08/08/2009,0.5
09/08/2009,59.3
10/08/2009,20.2
11/08/2009,0.0
12/08/2009,1.5
13/08/2009,2.0
14/08/2009,0.0
15/08/2009,0.0
16/08/2009,0.0
17/08/2009,0.0
18/08/2009,0.0
19/08/2009,0.0
20/08/2009,0.5
21/08/2009,2.0
22/08/2009,28.0
23/08/2009,22.0
24/08/2009,2.0
25/08/2009,5.5
26/08/2009,37.9
27/08/2009,8.6
28/08/2009,4.5
29/08/2009,0.0
30/08/2009,14.5
31/08/2009,0.3
01/09/2009,6.7
02/09/2009,3.5
03/09/2009,6.0
04/09/2009,9.0
05/09/2009,0.9
06/09/2009,22.1
07/09/2009,0.0
08/09/2009,0.0
09/09/2009,42.9
10/09/2009,2.1
11/09/2009,0.5
12/09/2009,8.5
13/09/2009,16.5
14/09/2009,0.5
15/09/2009,0.0
16/09/2009,0.5
17/09/2009,1.9
18/09/2009,10.6
19/09/2009,9.1
20/09/2009,0.9
21/09/2009,72.0
22/09/2009,5.0
23/09/2009,6.3
24/09/2009,31.7
25/09/2009,8.5
26/09/2009,0.5
27/09/2009,0.0
28/09/2009,40.5
29/09/2009,1.0
30/09/2009,70.5
01/10/2009,0.5
02/10/2009,21.0
03/10/2009,16.7
04/10/2009,2.3
05/10/2009,24.4
06/10/2009,12.6
07/10/2009,0.0
08/10/2009,29.3
09/10/2009,34.3
10/10/2009,10.0
11/10/2009,0.5
12/10/2009,0.0
13/10/2009,0.0
14/10/2009,0.0
15/10/2009,0.0
16/10/2009,0.0
17/10/2009,0.0
18/10/2009,0.0
19/10/2009,0.0
20/10/2009,0.0
21/10/2009,0.0
22/10/2009,0.0
23/10/2009,0.0
24/10/2009,0.0
25/10/2009,0.0
26/10/2009,0.0
27/10/2009,0.0
28/10/2009,0.0
29/10/2009,0.0
30/10/2009,0.0
31/10/2009,0.0
01/11/2009,10.0
02/11/2009,14.0
03/11/2009,0.0
04/11/2009,39.7
05/11/2009,98.3
06/11/2009,34.9
07/11/2009,0.2
08/11/2009,1.4
09/11/2009,18.6
10/11/2009,0.5
11/11/2009,0.5
12/11/2009,0.3
13/11/2009,4.0
14/11/2009,8.5
15/11/2009,12.1
16/11/2009,0.0
17/11/2009,1.4
18/11/2009,17.2
19/11/2009,23.9
20/11/2009,70.9
21/11/2009,113.1
22/11/2009,74.0
23/11/2009,21.9
24/11/2009,7.1
25/11/2009,0.0
26/11/2009,0.0
27/11/2009,0.0
28/11/2009,0.0
29/11/2009,0.5
30/11/2009,13.3
01/12/2009,9.8
02/12/2009,65.4
03/12/2009,69.5
04/12/2009,3.4
05/12/2009,34.5
06/12/2009,0.5
07/12/2009,9.0
08/12/2009,0.5
09/12/2009,0.4
10/12/2009,0.1
11/12/2009,0.0
12/12/2009,0.0
13/12/2009,0.4
14/12/2009,3.6
15/12/2009,5.8
16/12/2009,1.6
17/12/2009,21.5
18/12/2009,178.1
19/12/2009,55.2
20/12/2009,30.8
21/12/2009,1.5
22/12/2009,6.4
23/12/2009,21.1
24/12/2009,2.8
25/12/2009,6.0
26/12/2009,9.8
27/12/2009,60.0
28/12/2009,5.5
29/12/2009,0.0
30/12/2009,0.5
31/12/2009,0.0
01/01/2010,16.2
02/01/2010,7.5
03/01/2010,27.8
04/01/2010,23.0
05/01/2010,0.8
06/01/2010,37.3
07/01/2010,20.8
08/01/2010,6.2
09/01/2010,0.3
10/01/2010,0.0
11/01/2010,0.0
12/01/2010,0.0
13/01/2010,1.3
14/01/2010,5.0
15/01/2010,0.2
16/01/2010,0.0
17/01/2010,0.0
18/01/2010,0.0
19/01/2010,0.0
20/01/2010,0.5
21/01/2010,3.0
22/01/2010,0.0
23/01/2010,0.0
24/01/2010,0.0
25/01/2010,0.4
26/01/2010,5.7
27/01/2010,26.9
28/01/2010,0.5
29/01/2010,0.0
30/01/2010,0.0
31/01/2010,0.0
01/02/2010,0.0
02/02/2010,0.0
03/02/2010,0.0
04/02/2010,0.0
05/02/2010,0.0
06/02/2010,0.0
07/02/2010,0.0
08/02/2010,0.0
09/02/2010,0.0
10/02/2010,0.0
11/02/2010,0.0
12/02/2010,0.0
13/02/2010,0.0
14/02/2010,0.0
15/02/2010,0.0
16/02/2010,0.0
17/02/2010,1.5
18/02/2010,23.0
19/02/2010,0.0
20/02/2010,0.0
21/02/2010,0.0
22/02/2010,0.0
23/02/2010,0.0
24/02/2010,0.0
25/02/2010,0.0
26/02/2010,0.0
27/02/2010,0.0
28/02/2010,0.0
01/03/2010,0.0
02/03/2010,0.0
03/03/2010,0.0
04/03/2010,0.0
05/03/2010,0.0
06/03/2010,0.0
07/03/2010,0.0
08/03/2010,0.0
09/03/2010,0.0
10/03/2010,0.0
11/03/2010,3.0
12/03/2010,16.5
13/03/2010,27.2
14/03/2010,8.8
15/03/2010,0.0
16/03/2010,0.0
17/03/2010,0.0
18/03/2010,0.9
19/03/2010,29.7
20/03/2010,10.3
21/03/2010,3.5
22/03/2010,0.0
23/03/2010,0.0
24/03/2010,0.0
25/03/2010,0.0
26/03/2010,0.5
27/03/2010,0.0
28/03/2010,0.0
29/03/2010,0.0
30/03/2010,0.0
31/03/2010,0.0
01/04/2010,0.0
02/04/2010,0.3
03/04/2010,14.0
04/04/2010,15.2
05/04/2010,3.0
06/04/2010,0.0
07/04/2010,0.0
08/04/2010,0.0
09/04/2010,0.5
10/04/2010,18.0
11/04/2010,0.0
12/04/2010,0.0
13/04/2010,0.0
14/04/2010,0.0
15/04/2010,0.0
16/04/2010,0.0
17/04/2010,0.5
18/04/2010,1.5
19/04/2010,0.0
20/04/2010,4.5
21/04/2010,41.4
22/04/2010,0.1
23/04/2010,0.0
24/04/2010,0.3
25/04/2010,52.6
26/04/2010,17.1
27/04/2010,90.0
28/04/2010,0.0
29/04/2010,0.5
30/04/2010,0.0
01/05/2010,0.0
02/05/2010,0.0
03/05/2010,0.0
04/05/2010,0.0
05/05/2010,0.0
06/05/2010,0.0
07/05/2010,0.0
08/05/2010,0.0
09/05/2010,27.0
10/05/2010,0.5
11/05/2010,0.0
12/05/2010,0.0
13/05/2010,0.0
14/05/2010,0.0
15/05/2010,0.0
16/05/2010,53.5
17/05/2010,5.5
18/05/2010,6.1
19/05/2010,33.3
20/05/2010,2.6
21/05/2010,0.3
22/05/2010,18.7
23/05/2010,0.5
24/05/2010,0.0
25/05/2010,0.0
26/05/2010,0.0
27/05/2010,0.0
28/05/2010,0.0
29/05/2010,0.0
30/05/2010,0.0
31/05/2010,0.0
01/06/2010,0.0
02/06/2010,0.0
03/06/2010,14.3
04/06/2010,1.2
05/06/2010,9.0
06/06/2010,0.5
07/06/2010,0.8
08/06/2010,0.2
09/06/2010,47.2
10/06/2010,2.8
11/06/2010,0.0
12/06/2010,0.0
13/06/2010,0.0
14/06/2010,0.0
15/06/2010,2.3
16/06/2010,0.7
17/06/2010,0.0
18/06/2010,2.5
19/06/2010,0.0
20/06/2010,3.4
21/06/2010,10.1
22/06/2010,0.0
23/06/2010,18.0
24/06/2010,0.4
25/06/2010,29.1
26/06/2010,1.2
27/06/2010,0.3
28/06/2010,0.5
29/06/2010,43.5
30/06/2010,0.0
01/07/2010,9.8
02/07/2010,42.5
03/07/2010,19.8
04/07/2010,0.9
05/07/2010,0.5
06/07/2010,0.0
07/07/2010,0.0
08/07/2010,30.5
09/07/2010,12.9
10/07/2010,0.1
11/07/2010,0.4
12/07/2010,2.6
13/07/2010,1.2
14/07/2010,0.3
15/07/2010,0.0
16/07/2010,4.0
17/07/2010,0.5
18/07/2010,1.0
19/07/2010,0.0
20/07/2010,26.0
21/07/2010,0.0
22/07/2010,0.0
23/07/2010,0.0
24/07/2010,0.5
25/07/2010,21.7
26/07/2010,3.3
27/07/2010,0.0
28/07/2010,0.0
29/07/2010,9.4
30/07/2010,10.1
31/07/2010,1.5
01/08/2010,0.0
02/08/2010,0.0
03/08/2010,2.5
04/08/2010,2.5
05/08/2010,38.0
06/08/2010,0.4
07/08/2010,13.1
08/08/2010,0.0
09/08/2010,0.0
10/08/2010,0.0
11/08/2010,7.6
12/08/2010,0.4
13/08/2010,6.5
14/08/2010,24.5
15/08/2010,0.0
16/08/2010,1.5
17/08/2010,0.5
18/08/2010,0.8
19/08/2010,9.7
20/08/2010,0.0
21/08/2010,0.5
22/08/2010,43.5
23/08/2010,46.1
24/08/2010,0.4
25/08/2010,0.0
26/08/2010,1.0
27/08/2010,1.5
28/08/2010,0.4
29/08/2010,28.8
30/08/2010,52.8
31/08/2010,0.5
01/09/2010,0.5
02/09/2010,0.0
03/09/2010,0.4
04/09/2010,18.9
05/09/2010,4.8
06/09/2010,36.5
07/09/2010,0.0
08/09/2010,0.0
09/09/2010,0.4
10/09/2010,9.6
11/09/2010,0.0
12/09/2010,0.0
13/09/2010,0.5
14/09/2010,0.9
15/09/2010,11.6
16/09/2010,1.0
17/09/2010,0.0
18/09/2010,0.5
19/09/2010,0.4
20/09/2010,12.1
21/09/2010,0.0
22/09/2010,1.5
23/09/2010,0.0
24/09/2010,0.0
25/09/2010,0.0
26/09/2010,0.0
27/09/2010,0.0
28/09/2010,22.4
29/09/2010,4.6
30/09/2010,0.0
01/10/2010,0.0
02/10/2010,0.4
03/10/2010,11.6
04/10/2010,7.5
05/10/2010,0.5
06/10/2010,9.7
07/10/2010,0.8
08/10/2010,0.0
09/10/2010,32.0
10/10/2010,0.5
11/10/2010,0.0
12/10/2010,0.0
13/10/2010,12.6
14/10/2010,1.9
15/10/2010,0.0
16/10/2010,5.7
17/10/2010,17.8
18/10/2010,16.4
19/10/2010,2.9
20/10/2010,4.2
21/10/2010,3.5
22/10/2010,12.5
23/10/2010,16.5
24/10/2010,10.0
25/10/2010,66.3
26/10/2010,28.2
27/10/2010,6.0
28/10/2010,4.3
29/10/2010,0.7
30/10/2010,14.5
31/10/2010,0.0
01/11/2010,0.0
02/11/2010,0.0
03/11/2010,0.4
04/11/2010,4.1
05/11/2010,58.5
06/11/2010,20.2
07/11/2010,5.3
08/11/2010,12.0
09/11/2010,0.5
10/11/2010,9.0
11/11/2010,32.1
12/11/2010,5.0
13/11/2010,34.4
14/11/2010,1.0
15/11/2010,6.0
16/11/2010,0.0
17/11/2010,0.5
18/11/2010,5.4
19/11/2010,0.1
20/11/2010,0.0
21/11/2010,12.0
22/11/2010,6.0
23/11/2010,8.5
24/11/2010,0.5
25/11/2010,0.0
26/11/2010,6.5
27/11/2010,4.0
28/11/2010,2.8
29/11/2010,4.2
30/11/2010,0.5
01/12/2010,8.0
02/12/2010,3.5
03/12/2010,1.8
04/12/2010,50.8
05/12/2010,25.4
06/12/2010,38.7
07/12/2010,5.3
08/12/2010,7.5
09/12/2010,4.5
10/12/2010,0.0
11/12/2010,42.0
12/12/2010,0.3
13/12/2010,4.6
14/12/2010,14.2
15/12/2010,22.0
16/12/2010,11.4
17/12/2010,3.3
18/12/2010,8.2
19/12/2010,36.1
20/12/2010,17.7
21/12/2010,35.8
22/12/2010,2.0
23/12/2010,22.0
24/12/2010,0.5
25/12/2010,0.0
26/12/2010,0.0
27/12/2010,0.4
28/12/2010,43.6
29/12/2010,39.8
30/12/2010,199.2
31/12/2010,12.9
01/01/2011,18.1
02/01/2011,14.3
03/01/2011,2.2
04/01/2011,0.3
05/01/2011,111.6
06/01/2011,53.8
07/01/2011,24.6
08/01/2011,69.6
09/01/2011,1.3
10/01/2011,11.7
11/01/2011,0.0
12/01/2011,0.0
13/01/2011,0.0
14/01/2011,0.5
15/01/2011,0.0
16/01/2011,0.0
17/01/2011,1.0
18/01/2011,0.0
19/01/2011,0.0
20/01/2011,0.0
21/01/2011,0.0
22/01/2011,0.0
23/01/2011,0.0
24/01/2011,21.4
25/01/2011,13.9
26/01/2011,17.8
27/01/2011,9.5
28/01/2011,29.7
29/01/2011,43.9
30/01/2011,36.7
31/01/2011,3.2
01/02/2011,1.5
02/02/2011,1.7
03/02/2011,0.3
04/02/2011,0.0
05/02/2011,0.0
06/02/2011,0.0
07/02/2011,0.0
08/02/2011,0.0
09/02/2011,0.0
10/02/2011,0.0
11/02/2011,0.0
12/02/2011,0.0
13/02/2011,0.0
14/02/2011,0.0
15/02/2011,6.0
16/02/2011,0.0
17/02/2011,0.0
18/02/2011,0.0
19/02/2011,0.0
20/02/2011,0.0
21/02/2011,0.0
22/02/2011,0.0
23/02/2011,0.0
24/02/2011,1.0
25/02/2011,0.0
26/02/2011,0.0
27/02/2011,0.0
28/02/2011,0.0
01/03/2011,0.0
02/03/2011,0.0
03/03/2011,0.0
04/03/2011,0.0
05/03/2011,0.0
06/03/2011,0.3
07/03/2011,51.4
08/03/2011,11.6
09/03/2011,60.3
10/03/2011,10.2
11/03/2011,151.3
12/03/2011,10.4
13/03/2011,1.5
14/03/2011,4.5
15/03/2011,0.8
16/03/2011,3.6
17/03/2011,0.6
18/03/2011,8.8
19/03/2011,14.2
20/03/2011,49.0
21/03/2011,22.5
22/03/2011,1.9
23/03/2011,11.1
24/03/2011,2.1
25/03/2011,48.9
26/03/2011,12.0
27/03/2011,0.0
28/03/2011,1.3
29/03/2011,5.0
30/03/2011,0.6
31/03/2011,1.6
01/04/2011,2.4
02/04/2011,11.6
03/04/2011,3.0
04/04/2011,1.5
05/04/2011,1.3
06/04/2011,0.2
07/04/2011,0.0
08/04/2011,0.0
09/04/2011,4.6
10/04/2011,123.6
11/04/2011,7.2
12/04/2011,0.0
13/04/2011,0.0
14/04/2011,0.0
15/04/2011,0.0
16/04/2011,0.0
17/04/2011,0.0
18/04/2011,15.5
19/04/2011,12.9
20/04/2011,18.1
21/04/2011,0.0
22/04/2011,0.0
23/04/2011,0.0
24/04/2011,0.0
25/04/2011,0.0
26/04/2011,0.0
27/04/2011,0.0
28/04/2011,0.0
29/04/2011,0.0
30/04/2011,30.3
01/05/2011,1.7
02/05/2011,29.5
03/05/2011,0.0
04/05/2011,0.5
05/05/2011,54.0
06/05/2011,0.0
07/05/2011,0.0
08/05/2011,0.0
09/05/2011,0.0
10/05/2011,0.5
11/05/2011,9.9
12/05/2011,74.6
13/05/2011,0.0
14/05/2011,1.5
15/05/2011,0.0
16/05/2011,12.0
17/05/2011,0.0
18/05/2011,0.0
19/05/2011,0.0
20/05/2011,3.0
21/05/2011,102.5
22/05/2011,26.0
23/05/2011,0.0
24/05/2011,0.0
25/05/2011,0.0
26/05/2011,21.7
27/05/2011,0.3
28/05/2011,0.5
29/05/2011,1.0
30/05/2011,8.0
31/05/2011,0.5
01/06/2011,89.1
02/06/2011,6.9
03/06/2011,0.4
04/06/2011,58.6
05/06/2011,0.5
06/06/2011,0.0
07/06/2011,26.0
08/06/2011,34.1
09/06/2011,1.9
10/06/2011,0.5
11/06/2011,0.0
12/06/2011,10.5
13/06/2011,25.6
14/06/2011,0.4
15/06/2011,18.5
16/06/2011,1.0
17/06/2011,0.0
18/06/2011,0.0
19/06/2011,2.5
20/06/2011,0.0
21/06/2011,0.4
22/06/2011,6.1
23/06/2011,0.0
24/06/2011,0.0
25/06/2011,0.0
26/06/2011,0.5
27/06/2011,0.0
28/06/2011,0.0
29/06/2011,9.0
30/06/2011,0.0
01/07/2011,0.0
02/07/2011,38.2
03/07/2011,0.3
04/07/2011,14.2
05/07/2011,0.8
06/07/2011,0.0
07/07/2011,0.0
08/07/2011,0.0
09/07/2011,0.0
10/07/2011,3.7
11/07/2011,0.3
12/07/2011,0.0
13/07/2011,0.0
14/07/2011,0.5
15/07/2011,0.0
16/07/2011,0.0
17/07/2011,0.0
18/07/2011,0.0
19/07/2011,0.0
20/07/2011,0.0
21/07/2011,0.0
22/07/2011,0.5
23/07/2011,55.0
24/07/2011,2.5
25/07/2011,0.0
26/07/2011,0.0
27/07/2011,1.7
28/07/2011,0.3
29/07/2011,14.0
30/07/2011,0.0
31/07/2011,0.0
01/08/2011,0.0
02/08/2011,0.0
03/08/2011,0.0
04/08/2011,11.5
05/08/2011,0.0
06/08/2011,0.5
07/08/2011,17.0
08/08/2011,16.5
09/08/2011,0.0
10/08/2011,8.0
11/08/2011,0.0
12/08/2011,0.0
13/08/2011,0.0
14/08/2011,0.0
15/08/2011,2.0
16/08/2011,0.0
17/08/2011,0.0
18/08/2011,0.0
19/08/2011,0.3
20/08/2011,25.7
21/08/2011,0.0
22/08/2011,53.6
23/08/2011,40.1
24/08/2011,0.3
25/08/2011,0.0
26/08/2011,0.0
27/08/2011,0.5
28/08/2011,29.9
29/08/2011,36.2
30/08/2011,0.0
31/08/2011,0.0
01/09/2011,0.0
02/09/2011,0.5
03/09/2011,0.0
04/09/2011,3.5
05/09/2011,0.0
06/09/2011,0.0
07/09/2011,0.0
08/09/2011,0.0
09/09/2011,53.0
10/09/2011,0.5
11/09/2011,0.0
12/09/2011,2.0
13/09/2011,7.5
14/09/2011,0.5
15/09/2011,0.0
16/09/2011,0.0
17/09/2011,47.5
18/09/2011,49.5
19/09/2011,6.5
20/09/2011,1.0
21/09/2011,23.5
22/09/2011,0.0
23/09/2011,0.0
24/09/2011,12.0
25/09/2011,18.9
26/09/2011,6.8
27/09/2011,0.3
28/09/2011,0.0
29/09/2011,0.0
30/09/2011,0.0
01/10/2011,24.3
02/10/2011,5.2
03/10/2011,3.0
04/10/2011,7.5
05/10/2011,15.0
06/10/2011,0.5
07/10/2011,37.0
08/10/2011,34.5
09/10/2011,2.7
10/10/2011,2.7
11/10/2011,10.6
12/10/2011,0.0
13/10/2011,0.0
14/10/2011,0.0
15/10/2011,0.0
16/10/2011,3.0
17/10/2011,0.3
18/10/2011,9.5
19/10/2011,13.5
20/10/2011,17.6
21/10/2011,15.3
22/10/2011,18.1
23/10/2011,0.2
24/10/2011,2.9
25/10/2011,29.1
26/10/2011,8.6
27/10/2011,26.9
28/10/2011,0.9
29/10/2011,45.6
30/10/2011,0.0
31/10/2011,14.0
01/11/2011,10.3
02/11/2011,4.2
03/11/2011,1.0
04/11/2011,1.5
05/11/2011,2.5
06/11/2011,0.5
07/11/2011,0.0
08/11/2011,0.0
09/11/2011,0.5
10/11/2011,0.0
11/11/2011,0.0
12/11/2011,12.5
13/11/2011,27.3
14/11/2011,38.2
15/11/2011,3.3
16/11/2011,11.2
17/11/2011,2.5
18/11/2011,0.0
19/11/2011,0.4
20/11/2011,16.6
21/11/2011,58.4
22/11/2011,85.2
23/11/2011,134.1
24/11/2011,83.5
25/11/2011,8.2
26/11/2011,3.6
27/11/2011,17.4
28/11/2011,15.2
29/11/2011,6.6
30/11/2011,7.3
01/12/2011,0.0
02/12/2011,0.0
03/12/2011,0.0
04/12/2011,8.1
05/12/2011,43.7
06/12/2011,0.2
07/12/2011,0.0
08/12/2011,0.0
09/12/2011,0.0
10/12/2011,12.3
11/12/2011,108.0
12/12/2011,51.7
13/12/2011,8.0
14/12/2011,0.0
15/12/2011,0.4
16/12/2011,34.9
17/12/2011,54.3
18/12/2011,24.9
19/12/2011,2.1
20/12/2011,2.7
21/12/2011,71.7
22/12/2011,10.9
23/12/2011,14.9
24/12/2011,15.8
25/12/2011,0.8
26/12/2011,0.0
27/12/2011,1.6
28/12/2011,8.8
29/12/2011,0.6
30/12/2011,10.2
31/12/2011,0.3
01/01/2012,0.0
02/01/2012,15.4
03/01/2012,0.6
04/01/2012,0.0
05/01/2012,0.0
06/01/2012,0.0
07/01/2012,0.4
08/01/2012,9.6
09/01/2012,0.5
10/01/2012,10.0
11/01/2012,23.5
12/01/2012,173.8
13/01/2012,99.3
14/01/2012,3.3
15/01/2012,0.0
16/01/2012,0.0
17/01/2012,39.0
18/01/2012,0.0
19/01/2012,0.0
20/01/2012,96.0
21/01/2012,0.0
22/01/2012,0.0
23/01/2012,0.0
24/01/2012,0.0
25/01/2012,0.0
26/01/2012,1.0
27/01/2012,15.4
28/01/2012,15.6
29/01/2012,1.0
30/01/2012,0.0
31/01/2012,1.0
01/02/2012,2.0
02/02/2012,7.9
03/02/2012,5.7
04/02/2012,0.0
05/02/2012,0.0
06/02/2012,0.0
07/02/2012,0.0
08/02/2012,0.0
09/02/2012,0.0
10/02/2012,0.0
11/02/2012,3.5
12/02/2012,1.0
13/02/2012,2.0
14/02/2012,0.0
15/02/2012,0.0
16/02/2012,0.0
17/02/2012,0.0
18/02/2012,23.2
19/02/2012,1.8
20/02/2012,62.5
21/02/2012,0.0
22/02/2012,0.0
23/02/2012,0.0
24/02/2012,0.0
25/02/2012,0.0
26/02/2012,0.0
27/02/2012,0.0
28/02/2012,34.0
29/02/2012,50.0
01/03/2012,25.5
02/03/2012,63.8
03/03/2012,5.2
04/03/2012,0.0
05/03/2012,20.0
06/03/2012,0.0
07/03/2012,0.4
08/03/2012,31.1
09/03/2012,3.5
10/03/2012,0.0
11/03/2012,0.4
12/03/2012,42.6
13/03/2012,7.2
14/03/2012,6.1
15/03/2012,10.7
16/03/2012,0.0
17/03/2012,41.5
18/03/2012,0.0
19/03/2012,0.0
20/03/2012,35.5
21/03/2012,104.0
22/03/2012,0.5
23/03/2012,0.0
24/03/2012,5.0
25/03/2012,0.0
26/03/2012,4.5
27/03/2012,5.0
28/03/2012,0.0
29/03/2012,3.3
30/03/2012,31.4
31/03/2012,12.3
01/04/2012,1.5
02/04/2012,20.5
03/04/2012,8.5
04/04/2012,4.5
05/04/2012,0.4
06/04/2012,0.6
07/04/2012,0.0
08/04/2012,0.8
09/04/2012,3.7
10/04/2012,18.0
11/04/2012,0.4
12/04/2012,12.6
13/04/2012,1.8
14/04/2012,78.7
15/04/2012,0.0
16/04/2012,0.5
17/04/2012,6.0
18/04/2012,0.0
19/04/2012,7.5
20/04/2012,26.0
21/04/2012,1.5
22/04/2012,9.0
23/04/2012,0.4
24/04/2012,14.1
25/04/2012,0.0
26/04/2012,0.0
27/04/2012,0.0
28/04/2012,0.0
29/04/2012,13.0
30/04/2012,24.0
01/05/2012,47.0
02/05/2012,73.0
03/05/2012,0.0
04/05/2012,5.4
05/05/2012,41.6
06/05/2012,0.8
07/05/2012,0.2
08/05/2012,12.7
09/05/2012,6.3
10/05/2012,14.0
11/05/2012,20.0
12/05/2012,3.2
13/05/2012,6.8
14/05/2012,52.6
15/05/2012,2.4
16/05/2012,0.0
17/05/2012,0.0
18/05/2012,0.0
19/05/2012,0.0
20/05/2012,0.5
21/05/2012,0.0
22/05/2012,15.0
23/05/2012,18.0
24/05/2012,0.4
25/05/2012,3.6
26/05/2012,0.0
27/05/2012,69.0
28/05/2012,0.5
29/05/2012,0.5
30/05/2012,12.0
31/05/2012,61.5
01/06/2012,0.5
02/06/2012,28.4
03/06/2012,4.1
04/06/2012,11.5
05/06/2012,18.2
06/06/2012,0.3
07/06/2012,0.0
08/06/2012,0.4
09/06/2012,0.1
10/06/2012,0.0
11/06/2012,0.0
12/06/2012,0.0
13/06/2012,0.0
14/06/2012,0.0
15/06/2012,0.0
16/06/2012,0.0
17/06/2012,0.0
18/06/2012,0.0
19/06/2012,0.0
20/06/2012,0.4
21/06/2012,3.6
22/06/2012,0.0
23/06/2012,0.0
24/06/2012,2.0
25/06/2012,0.0
26/06/2012,0.5
27/06/2012,0.0
28/06/2012,0.0
29/06/2012,0.0
30/06/2012,0.0
01/07/2012,0.0
02/07/2012,26.0
03/07/2012,0.5
04/07/2012,24.0
05/07/2012,4.0
06/07/2012,12.5
07/07/2012,4.7
08/07/2012,4.2
09/07/2012,23.6
10/07/2012,12.5
11/07/2012,0.0
12/07/2012,0.0
13/07/2012,0.0
14/07/2012,3.5
15/07/2012,11.0
16/07/2012,0.0
17/07/2012,19.5
18/07/2012,0.5
19/07/2012,19.7
20/07/2012,2.3
21/07/2012,0.0
22/07/2012,11.5
23/07/2012,0.0
24/07/2012,0.0
25/07/2012,0.0
26/07/2012,0.0
27/07/2012,0.0
28/07/2012,0.0
29/07/2012,0.0
30/07/2012,0.0
31/07/2012,0.0
01/08/2012,0.0
02/08/2012,0.0
03/08/2012,0.0
04/08/2012,0.0
05/08/2012,0.5
06/08/2012,50.0
07/08/2012,1.5
08/08/2012,0.0
09/08/2012,0.0
10/08/2012,0.0
11/08/2012,0.0
12/08/2012,0.0
13/08/2012,20.0
14/08/2012,4.5
15/08/2012,7.0
16/08/2012,0.0
17/08/2012,3.0
18/08/2012,34.0
19/08/2012,0.0
20/08/2012,1.5
21/08/2012,0.0
22/08/2012,81.5
23/08/2012,0.0
24/08/2012,18.0
25/08/2012,0.0
26/08/2012,43.5
27/08/2012,3.0
28/08/2012,0.5
29/08/2012,14.0
30/08/2012,45.5
31/08/2012,0.0
01/09/2012,0.0
02/09/2012,2.2
03/09/2012,0.6
04/09/2012,84.0
05/09/2012,30.6
06/09/2012,0.0
07/09/2012,0.0
08/09/2012,2.0
09/09/2012,67.8
10/09/2012,12.7
11/09/2012,21.9
12/09/2012,0.6
13/09/2012,6.7
14/09/2012,1.3
15/09/2012,0.0
16/09/2012,0.0
17/09/2012,24.5
18/09/2012,0.0
19/09/2012,0.5
20/09/2012,9.5
21/09/2012,56.5
22/09/2012,11.0
23/09/2012,7.0
24/09/2012,3.4
25/09/2012,15.1
26/09/2012,2.0
27/09/2012,0.0
28/09/2012,0.0
29/09/2012,0.0
30/09/2012,47.9
01/10/2012,0.6
02/10/2012,42.0
03/10/2012,0.0
04/10/2012,38.5
05/10/2012,8.0
06/10/2012,24.3
07/10/2012,1.2
08/10/2012,0.0
09/10/2012,0.0
10/10/2012,7.3
11/10/2012,1.2
12/10/2012,6.5
13/10/2012,69.5
14/10/2012,1.5
15/10/2012,0.5
16/10/2012,17.5
17/10/2012,0.0
18/10/2012,4.8
19/10/2012,8.2
20/10/2012,0.4
21/10/2012,31.9
22/10/2012,9.2
23/10/2012,0.0
24/10/2012,0.0
25/10/2012,8.0
26/10/2012,0.0
27/10/2012,0.0
28/10/2012,0.0
29/10/2012,0.0
30/10/2012,1.4
31/10/2012,9.3
01/11/2012,2.3
02/11/2012,18.0
03/11/2012,6.2
04/11/2012,4.9
05/11/2012,64.9
06/11/2012,2.6
07/11/2012,0.0
08/11/2012,52.8
09/11/2012,7.2
10/11/2012,51.0
11/11/2012,2.5
12/11/2012,12.5
13/11/2012,0.0
14/11/2012,0.0
15/11/2012,0.0
16/11/2012,0.0
17/11/2012,13.5
18/11/2012,37.0
19/11/2012,46.0
20/11/2012,0.0
21/11/2012,0.0
22/11/2012,0.4
23/11/2012,2.4
24/11/2012,0.7
25/11/2012,0.0
26/11/2012,0.0
27/11/2012,0.0
28/11/2012,4.0
29/11/2012,4.4
30/11/2012,1.6
01/12/2012,1.0
02/12/2012,11.9
03/12/2012,3.1
04/12/2012,23.5
05/12/2012,0.0
06/12/2012,0.0
07/12/2012,0.0
08/12/2012,2.0
09/12/2012,0.0
10/12/2012,0.0
11/12/2012,1.5
12/12/2012,1.5
13/12/2012,1.5
14/12/2012,0.9
15/12/2012,38.8
16/12/2012,67.8
17/12/2012,19.6
18/12/2012,32.4
19/12/2012,65.0
20/12/2012,21.6
21/12/2012,10.4
22/12/2012,1.4
23/12/2012,4.6
24/12/2012,277.8
25/12/2012,158.7
26/12/2012,1.0
27/12/2012,2.5
28/12/2012,4.0
29/12/2012,0.0
30/12/2012,7.9
31/12/2012,181.9
01/01/2013,1.6
02/01/2013,17.1
03/01/2013,8.5
04/01/2013,0.0
05/01/2013,0.0
06/01/2013,0.0
07/01/2013,0.0
08/01/2013,0.0
09/01/2013,0.8
10/01/2013,0.2
11/01/2013,0.0
12/01/2013,0.5
13/01/2013,0.0
14/01/2013,0.0
15/01/2013,0.5
16/01/2013,0.0
17/01/2013,0.0
18/01/2013,42.3
19/01/2013,4.7
20/01/2013,27.3
21/01/2013,30.4
22/01/2013,9.8
23/01/2013,44.5
24/01/2013,3.0
25/01/2013,0.0
26/01/2013,0.0
27/01/2013,0.0
28/01/2013,0.0
29/01/2013,0.0
30/01/2013,0.0
31/01/2013,0.0
01/02/2013,0.0
02/02/2013,0.5
03/02/2013,10.9
04/02/2013,42.3
05/02/2013,2.2
06/02/2013,3.5
07/02/2013,0.0
08/02/2013,0.0
09/02/2013,0.0
10/02/2013,41.3
11/02/2013,18.0
12/02/2013,13.9
13/02/2013,5.2
14/02/2013,29.4
15/02/2013,41.7
16/02/2013,48.0
17/02/2013,0.0
18/02/2013,8.9
19/02/2013,15.1
20/02/2013,0.0
21/02/2013,0.0
22/02/2013,0.0
23/02/2013,0.0
24/02/2013,26.5
25/02/2013,16.4
26/02/2013,80.6
27/02/2013,21.5
28/02/2013,12.7
01/03/2013,18.2
02/03/2013,0.1
03/03/2013,0.0
04/03/2013,0.0
05/03/2013,0.0
06/03/2013,0.4
07/03/2013,8.6
08/03/2013,0.0
09/03/2013,0.0
10/03/2013,0.0
11/03/2013,0.0
12/03/2013,0.0
13/03/2013,0.0
14/03/2013,0.0
15/03/2013,0.0
16/03/2013,23.5
17/03/2013,0.0
18/03/2013,0.0
19/03/2013,0.0
20/03/2013,0.0
21/03/2013,0.0
22/03/2013,0.0
23/03/2013,0.0
24/03/2013,0.0
25/03/2013,15.5
26/03/2013,0.0
27/03/2013,0.0
28/03/2013,0.0
29/03/2013,0.0
30/03/2013,0.0
31/03/2013,0.0
01/04/2013,0.0
02/04/2013,0.0
03/04/2013,0.0
04/04/2013,0.5
05/04/2013,0.0
06/04/2013,8.2
07/04/2013,0.3
08/04/2013,0.0
09/04/2013,31.5
10/04/2013,30.0
11/04/2013,0.5
12/04/2013,0.0
13/04/2013,24.0
14/04/2013,0.5
15/04/2013,0.0
16/04/2013,1.0
17/04/2013,1.0
18/04/2013,0.5
19/04/2013,29.5
20/04/2013,0.0
21/04/2013,0.0
22/04/2013,0.0
23/04/2013,0.0
24/04/2013,0.0
25/04/2013,4.5
26/04/2013,0.0
27/04/2013,58.0
28/04/2013,37.0
29/04/2013,1.0
30/04/2013,0.5
01/05/2013,12.5
02/05/2013,0.0
03/05/2013,5.5
04/05/2013,0.5
05/05/2013,4.8
06/05/2013,1.7
07/05/2013,1.0
08/05/2013,0.0
09/05/2013,31.0
10/05/2013,1.5
11/05/2013,0.0
12/05/2013,0.0
13/05/2013,0.0
14/05/2013,17.8
15/05/2013,9.9
16/05/2013,0.7
17/05/2013,36.6
18/05/2013,0.4
19/05/2013,6.6
20/05/2013,0.0
21/05/2013,6.0
22/05/2013,1.5
23/05/2013,3.5
24/05/2013,59.5
25/05/2013,0.0
26/05/2013,12.5
27/05/2013,31.5
28/05/2013,0.4
29/05/2013,8.6
30/05/2013,0.5
31/05/2013,0.0
01/06/2013,21.0
02/06/2013,1.5
03/06/2013,37.5
04/06/2013,0.0
05/06/2013,6.0
06/06/2013,0.0
07/06/2013,35.5
08/06/2013,13.9
09/06/2013,0.1
10/06/2013,0.0
11/06/2013,0.0
12/06/2013,0.0
13/06/2013,0.0
14/06/2013,0.0
15/06/2013,0.0
16/06/2013,0.0
17/06/2013,0.0
18/06/2013,0.0
19/06/2013,0.0
20/06/2013,0.0
21/06/2013,0.0
22/06/2013,0.0
23/06/2013,0.0
24/06/2013,0.0
25/06/2013,0.0
26/06/2013,4.0
27/06/2013,1.0
28/06/2013,10.5
29/06/2013,39.8
30/06/2013,27.7
01/07/2013,3.5
02/07/2013,41.8
03/07/2013,34.2
04/07/2013,53.3
05/07/2013,0.7
06/07/2013,0.0
07/07/2013,0.0
08/07/2013,0.0
09/07/2013,0.0
10/07/2013,1.9
11/07/2013,34.1
12/07/2013,0.0
13/07/2013,2.5
14/07/2013,5.5
15/07/2013,0.0
16/07/2013,0.0
17/07/2013,35.6
18/07/2013,2.4
19/07/2013,0.0
20/07/2013,0.0
21/07/2013,0.0
22/07/2013,0.0
23/07/2013,0.0
24/07/2013,0.0
25/07/2013,15.5
26/07/2013,28.0
27/07/2013,0.0
28/07/2013,0.0
29/07/2013,20.8
30/07/2013,16.7
31/07/2013,0.0
01/08/2013,4.5
02/08/2013,0.0
03/08/2013,0.5
04/08/2013,0.5
05/08/2013,3.0
06/08/2013,18.5
07/08/2013,0.0
08/08/2013,45.5
09/08/2013,0.4
10/08/2013,1.1
11/08/2013,0.0
12/08/2013,0.0
13/08/2013,0.0
14/08/2013,11.0
15/08/2013,0.0
16/08/2013,0.0
17/08/2013,12.6
18/08/2013,10.4
19/08/2013,16.0
20/08/2013,0.3
21/08/2013,8.9
22/08/2013,1.3
23/08/2013,0.0
24/08/2013,0.0
25/08/2013,3.5
26/08/2013,0.0
27/08/2013,0.0
28/08/2013,12.5
29/08/2013,13.5
30/08/2013,0.0
31/08/2013,0.6
01/09/2013,3.3
02/09/2013,0.1
03/09/2013,0.0
04/09/2013,29.5
05/09/2013,0.0
06/09/2013,7.3
07/09/2013,3.0
08/09/2013,10.4
09/09/2013,38.7
10/09/2013,0.0
11/09/2013,0.0
12/09/2013,0.0
13/09/2013,0.0
14/09/2013,18.0
15/09/2013,0.0
16/09/2013,0.0
17/09/2013,0.5
18/09/2013,3.5
19/09/2013,0.0
20/09/2013,0.0
21/09/2013,0.0
22/09/2013,0.0
23/09/2013,0.0
24/09/2013,0.0
25/09/2013,0.0
26/09/2013,0.0
27/09/2013,0.3
28/09/2013,0.7
29/09/2013,32.5
30/09/2013,0.4
01/10/2013,37.6
02/10/2013,37.5
03/10/2013,0.0
04/10/2013,32.0
05/10/2013,0.0
06/10/2013,0.0
07/10/2013,2.2
08/10/2013,52.3
09/10/2013,0.3
10/10/2013,10.0
11/10/2013,10.3
12/10/2013,5.3
13/10/2013,14.3
14/10/2013,24.7
15/10/2013,0.0
16/10/2013,0.0
17/10/2013,0.7
18/10/2013,20.6
19/10/2013,2.2
20/10/2013,17.0
21/10/2013,38.2
22/10/2013,1.2
23/10/2013,49.8
24/10/2013,0.0
25/10/2013,0.0
26/10/2013,0.5
27/10/2013,0.4
28/10/2013,19.9
29/10/2013,32.8
30/10/2013,0.0
31/10/2013,0.0
01/11/2013,3.5
02/11/2013,8.4
03/11/2013,7.1
04/11/2013,18.2
05/11/2013,13.9
06/11/2013,10.2
07/11/2013,46.1
08/11/2013,0.0
09/11/2013,50.8
10/11/2013,28.7
11/11/2013,0.0
12/11/2013,0.0
13/11/2013,3.5
14/11/2013,0.0
15/11/2013,0.4
16/11/2013,7.1
17/11/2013,1.0
18/11/2013,16.9
19/11/2013,28.9
20/11/2013,3.2
21/11/2013,0.5
22/11/2013,6.0
23/11/2013,0.5
24/11/2013,0.4
25/11/2013,11.5
26/11/2013,0.5
27/11/2013,5.5
28/11/2013,3.6
29/11/2013,18.0
30/11/2013,73.0
01/12/2013,151.0
02/12/2013,266.0
03/12/2013,612.0
04/12/2013,14.0
05/12/2013,3.3
06/12/2013,51.8
07/12/2013,54.9
08/12/2013,3.0
09/12/2013,36.2
10/12/2013,0.3
11/12/2013,2.1
12/12/2013,5.9
13/12/2013,0.0
14/12/2013,0.0
15/12/2013,0.0
16/12/2013,0.5
17/12/2013,7.3
18/12/2013,9.1
19/12/2013,27.1
20/12/2013,0.5
21/12/2013,0.5
22/12/2013,0.0
23/12/2013,0.4
24/12/2013,3.1
25/12/2013,1.1
26/12/2013,1.7
27/12/2013,1.2
28/12/2013,0.0
29/12/2013,0.4
30/12/2013,0.5
31/12/2013,1.6
01/01/2014,0.9
02/01/2014,12.3
03/01/2014,4.7
04/01/2014,0.5
05/01/2014,11.6
06/01/2014,0.0
07/01/2014,0.0
08/01/2014,0.4
09/01/2014,16.3
10/01/2014,91.8
11/01/2014,4.1
12/01/2014,13.9
13/01/2014,0.0
14/01/2014,0.0
15/01/2014,0.0
16/01/2014,0.0
17/01/2014,0.0
18/01/2014,0.0
19/01/2014,0.0
20/01/2014,0.0
21/01/2014,0.0
22/01/2014,0.0
23/01/2014,0.0
24/01/2014,0.0
25/01/2014,0.0
26/01/2014,0.0
27/01/2014,0.0
28/01/2014,0.0
29/01/2014,0.0
30/01/2014,0.0
31/01/2014,0.0
01/02/2014,0.0
02/02/2014,0.0
03/02/2014,0.0
04/02/2014,0.0
05/02/2014,0.0
06/02/2014,0.0
07/02/2014,0.0
08/02/2014,0.0
09/02/2014,21.0
10/02/2014,0.0
11/02/2014,0.0
12/02/2014,0.0
13/02/2014,0.0
14/02/2014,0.0
15/02/2014,1.9
16/02/2014,1.6
17/02/2014,0.0
18/02/2014,0.0
19/02/2014,0.0
20/02/2014,18.1
21/02/2014,0.9
22/02/2014,0.0
23/02/2014,0.0
24/02/2014,0.0
25/02/2014,0.0
26/02/2014,0.0
27/02/2014,1.0
28/02/2014,0.0
01/03/2014,0.0
02/03/2014,0.0
03/03/2014,0.0
04/03/2014,0.0
05/03/2014,0.0
06/03/2014,0.0
07/03/2014,0.0
08/03/2014,0.0
09/03/2014,0.0
10/03/2014,0.0
11/03/2014,0.0
12/03/2014,0.0
13/03/2014,0.0
14/03/2014,0.0
15/03/2014,0.0
16/03/2014,0.0
17/03/2014,0.0
18/03/2014,0.0
19/03/2014,0.0
20/03/2014,0.0
21/03/2014,0.0
22/03/2014,0.0
23/03/2014,0.0
24/03/2014,0.0
25/03/2014,0.0
26/03/2014,0.0
27/03/2014,0.0
28/03/2014,0.0
29/03/2014,0.0
30/03/2014,0.0
31/03/2014,0.0
01/04/2014,0.0
02/04/2014,0.0
03/04/2014,0.0
04/04/2014,0.0
05/04/2014,0.0
06/04/2014,0.0
07/04/2014,0.0
08/04/2014,0.0
09/04/2014,0.0
10/04/2014,0.0
11/04/2014,0.0
12/04/2014,0.0
13/04/2014,0.0
14/04/2014,0.0
15/04/2014,0.0
16/04/2014,0.0
17/04/2014,0.0
18/04/2014,0.0
19/04/2014,0.0
20/04/2014,0.0
21/04/2014,0.0
22/04/2014,0.0
23/04/2014,0.0
24/04/2014,0.0
25/04/2014,0.0
26/04/2014,0.0
27/04/2014,0.0
28/04/2014,0.0
29/04/2014,0.0
30/04/2014,0.0
01/05/2014,0.0
02/05/2014,0.0
03/05/2014,0.0
04/05/2014,0.0
05/05/2014,0.0
06/05/2014,0.0
07/05/2014,0.0
08/05/2014,0.0
09/05/2014,0.0
10/05/2014,0.0
11/05/2014,0.0
12/05/2014,0.0
13/05/2014,0.0
14/05/2014,0.0
15/05/2014,0.0
16/05/2014,0.0
17/05/2014,0.0
18/05/2014,0.0
19/05/2014,0.0
20/05/2014,30.5
21/05/2014,14.5
22/05/2014,10.0
23/05/2014,0.0
24/05/2014,0.0
25/05/2014,0.0
26/05/2014,0.0
27/05/2014,0.0
28/05/2014,2.6
29/05/2014,19.4
30/05/2014,0.0
31/05/2014,0.0
01/06/2014,5.0
02/06/2014,0.0
03/06/2014,0.0
04/06/2014,85.5
05/06/2014,0.0
06/06/2014,3.5
07/06/2014,0.0
08/06/2014,0.0
09/06/2014,0.0
10/06/2014,0.0
11/06/2014,22.5
12/06/2014,1.4
13/06/2014,2.1
14/06/2014,0.0
15/06/2014,0.0
16/06/2014,0.0
17/06/2014,5.0
18/06/2014,0.0
19/06/2014,0.0
20/06/2014,0.0
21/06/2014,0.4
22/06/2014,0.1
23/06/2014,0.0
24/06/2014,0.0
25/06/2014,0.0
26/06/2014,1.0
27/06/2014,81.0
28/06/2014,10.5
29/06/2014,9.0
30/06/2014,23.7
01/07/2014,14.8
02/07/2014,5.0
03/07/2014,16.5
04/07/2014,8.5
05/07/2014,0.0
06/07/2014,0.2
07/07/2014,15.6
08/07/2014,5.2
09/07/2014,0.0
10/07/2014,46.6
11/07/2014,27.1
12/07/2014,1.8
13/07/2014,0.5
14/07/2014,2.5
15/07/2014,0.0
16/07/2014,2.5
17/07/2014,12.3
18/07/2014,1.2
19/07/2014,0.0
20/07/2014,0.0
21/07/2014,0.0
22/07/2014,0.0
23/07/2014,0.0
24/07/2014,0.0
25/07/2014,0.0
26/07/2014,19.4
27/07/2014,0.1
28/07/2014,1.2
29/07/2014,11.8
30/07/2014,0.1
31/07/2014,0.4
01/08/2014,0.1
02/08/2014,10.0
03/08/2014,33.0
04/08/2014,0.0
05/08/2014,0.0
06/08/2014,14.3
07/08/2014,0.2
08/08/2014,0.0
09/08/2014,0.0
10/08/2014,0.0
11/08/2014,0.0
12/08/2014,34.0
13/08/2014,5.6
14/08/2014,45.9
15/08/2014,0.5
16/08/2014,0.0
17/08/2014,0.0
18/08/2014,20.5
19/08/2014,26.0
20/08/2014,0.0
21/08/2014,0.0
22/08/2014,0.0
23/08/2014,0.0
24/08/2014,0.0
25/08/2014,0.0
26/08/2014,0.0
27/08/2014,0.0
28/08/2014,0.0
29/08/2014,0.0
30/08/2014,3.5
31/08/2014,62.3
01/09/2014,0.7
02/09/2014,3.4
03/09/2014,1.1
04/09/2014,3.5
05/09/2014,14.6
06/09/2014,34.4
07/09/2014,0.0
08/09/2014,0.0
09/09/2014,6.9
10/09/2014,15.1
11/09/2014,18.0
12/09/2014,0.0
13/09/2014,0.0
14/09/2014,0.0
15/09/2014,8.5
16/09/2014,0.0
17/09/2014,0.0
18/09/2014,0.0
19/09/2014,1.5
20/09/2014,15.0
21/09/2014,0.0
22/09/2014,0.0
23/09/2014,0.0
24/09/2014,0.0
25/09/2014,6.3
26/09/2014,1.7
27/09/2014,0.0
28/09/2014,0.0
29/09/2014,0.0
30/09/2014,0.0
01/10/2014,50.0
02/10/2014,4.8
03/10/2014,9.5
04/10/2014,36.7
05/10/2014,0.0
06/10/2014,0.0
07/10/2014,17.2
08/10/2014,0.3
09/10/2014,0.0
10/10/2014,29.0
11/10/2014,6.0
12/10/2014,4.5
13/10/2014,9.5
14/10/2014,0.5
15/10/2014,0.0
16/10/2014,0.0
17/10/2014,1.5
18/10/2014,27.7
19/10/2014,4.3
20/10/2014,0.0
21/10/2014,1.5
22/10/2014,19.0
23/10/2014,6.0
24/10/2014,0.0
25/10/2014,0.0
26/10/2014,0.0
27/10/2014,21.0
28/10/2014,0.0
29/10/2014,48.8
30/10/2014,0.2
31/10/2014,9.0
01/11/2014,40.0
02/11/2014,0.0
03/11/2014,0.0
04/11/2014,0.0
05/11/2014,7.5
06/11/2014,8.0
07/11/2014,0.0
08/11/2014,12.6
09/11/2014,10.4
10/11/2014,0.0
11/11/2014,0.0
12/11/2014,27.7
13/11/2014,5.1
14/11/2014,25.2
15/11/2014,0.7
16/11/2014,13.9
17/11/2014,30.7
18/11/2014,81.9
19/11/2014,1.5
20/11/2014,0.7
21/11/2014,0.5
22/11/2014,0.0
23/11/2014,1.8
24/11/2014,23.4
25/11/2014,0.8
26/11/2014,3.0
27/11/2014,0.0
28/11/2014,0.5
29/11/2014,22.0
30/11/2014,22.5
01/12/2014,0.0
02/12/2014,5.8
03/12/2014,30.7
04/12/2014,45.0
05/12/2014,1.0
06/12/2014,0.0
07/12/2014,37.9
08/12/2014,4.1
09/12/2014,0.0
10/12/2014,0.0
11/12/2014,0.0
12/12/2014,0.0
13/12/2014,0.0
14/12/2014,1.5
15/12/2014,48.2
16/12/2014,105.9
17/12/2014,85.2
18/12/2014,142.0
19/12/2014,10.1
20/12/2014,8.9
21/12/2014,116.1
22/12/2014,133.0
23/12/2014,128.0
24/12/2014,92.0
25/12/2014,14.0
26/12/2014,91.0
27/12/2014,4.0
28/12/2014,93.0
29/12/2014,115.5
30/12/2014,9.5
31/12/2014,0.0
01/01/2015,0.0
02/01/2015,0.0
03/01/2015,0.0
04/01/2015,2.0
05/01/2015,0.0
06/01/2015,0.0
07/01/2015,26.0
08/01/2015,104.7
09/01/2015,44.8
10/01/2015,0.0
11/01/2015,6.2
12/01/2015,5.3
13/01/2015,0.0
14/01/2015,7.0
15/01/2015,0.0
16/01/2015,0.0
17/01/2015,0.0
18/01/2015,0.0
19/01/2015,0.0
20/01/2015,0.0
21/01/2015,0.0
22/01/2015,0.0
23/01/2015,0.0
24/01/2015,0.0
25/01/2015,0.0
26/01/2015,0.0
27/01/2015,0.0
28/01/2015,0.0
29/01/2015,20.0
30/01/2015,0.0
31/01/2015,0.5
01/02/2015,0.0
02/02/2015,0.0
03/02/2015,19.1
04/02/2015,25.8
05/02/2015,1.0
06/02/2015,8.7
07/02/2015,0.0
08/02/2015,0.0
09/02/2015,2.5
10/02/2015,0.0
11/02/2015,0.0
12/02/2015,0.0
13/02/2015,0.0
14/02/2015,0.0
15/02/2015,0.0
16/02/2015,0.0
17/02/2015,0.0
18/02/2015,0.0
19/02/2015,0.0
20/02/2015,0.0
21/02/2015,0.0
22/02/2015,0.0
23/02/2015,0.0
24/02/2015,0.0
25/02/2015,0.0
26/02/2015,0.0
27/02/2015,0.0
28/02/2015,0.0
01/03/2015,0.0
02/03/2015,0.0
03/03/2015,0.0
04/03/2015,0.0
05/03/2015,0.0
06/03/2015,0.0
07/03/2015,0.0
08/03/2015,0.0
09/03/2015,0.5
10/03/2015,0.5
11/03/2015,0.0
12/03/2015,0.0
13/03/2015,0.0
14/03/2015,0.0
15/03/2015,0.0
16/03/2015,0.0
17/03/2015,0.0
18/03/2015,0.0
19/03/2015,0.0
20/03/2015,0.0
21/03/2015,0.0
22/03/2015,0.0
23/03/2015,0.0
24/03/2015,0.0
25/03/2015,0.0
26/03/2015,0.0
27/03/2015,0.0
28/03/2015,0.5
29/03/2015,5.4
30/03/2015,3.1
31/03/2015,18.0
01/04/2015,0.0
02/04/2015,34.5
03/04/2015,0.0
04/04/2015,0.0
05/04/2015,0.0
06/04/2015,0.0
07/04/2015,0.0
08/04/2015,0.0
09/04/2015,0.4
10/04/2015,4.6
11/04/2015,0.5
12/04/2015,0.0
13/04/2015,0.0
14/04/2015,8.0
15/04/2015,0.5
16/04/2015,0.0
17/04/2015,0.0
18/04/2015,0.0
19/04/2015,0.5
20/04/2015,2.0
21/04/2015,0.0
22/04/2015,0.0
23/04/2015,0.0
24/04/2015,0.0
25/04/2015,1.0
26/04/2015,0.5
27/04/2015,16.5
28/04/2015,0.0
29/04/2015,0.0
30/04/2015,23.5
01/05/2015,11.5
02/05/2015,4.0
03/05/2015,0.0
04/05/2015,0.5
05/05/2015,22.0
06/05/2015,9.0
07/05/2015,0.0
08/05/2015,0.0
09/05/2015,0.0
10/05/2015,0.5
11/05/2015,44.0
12/05/2015,0.5
13/05/2015,0.4
14/05/2015,24.6
15/05/2015,0.0
16/05/2015,0.0
17/05/2015,13.5
18/05/2015,12.0
19/05/2015,0.5
20/05/2015,1.5
21/05/2015,0.0
22/05/2015,30.0
23/05/2015,0.0
24/05/2015,4.0
25/05/2015,1.5
26/05/2015,9.5
27/05/2015,0.5
28/05/2015,1.5
29/05/2015,0.0
30/05/2015,0.0
31/05/2015,0.0
01/06/2015,0.0
02/06/2015,0.0
03/06/2015,0.0
04/06/2015,0.0
05/06/2015,0.0
06/06/2015,0.0
07/06/2015,0.0
08/06/2015,45.7
09/06/2015,0.3
10/06/2015,0.5
11/06/2015,0.0
12/06/2015,0.0
13/06/2015,37.7
14/06/2015,0.3
15/06/2015,0.0
16/06/2015,0.0
17/06/2015,0.0
18/06/2015,0.0
19/06/2015,0.0
20/06/2015,0.0
21/06/2015,0.0
22/06/2015,0.0
23/06/2015,0.0
24/06/2015,0.0
25/06/2015,29.7
26/06/2015,0.3
27/06/2015,0.0
28/06/2015,0.0
29/06/2015,0.0
30/06/2015,0.4
01/07/2015,9.6
02/07/2015,0.0
03/07/2015,53.3
04/07/2015,10.7
05/07/2015,0.0
06/07/2015,0.0
07/07/2015,0.0
08/07/2015,0.0
09/07/2015,0.5
10/07/2015,0.0
11/07/2015,0.0
12/07/2015,0.0
13/07/2015,0.0
14/07/2015,0.0
15/07/2015,0.0
16/07/2015,0.0
17/07/2015,0.5
18/07/2015,0.0
19/07/2015,0.0
20/07/2015,0.0
21/07/2015,2.0
22/07/2015,0.5
23/07/2015,0.0
24/07/2015,0.0
25/07/2015,0.0
26/07/2015,21.0
27/07/2015,19.1
28/07/2015,0.4
29/07/2015,15.0
30/07/2015,0.5
31/07/2015,1.8
01/08/2015,0.6
02/08/2015,20.0
03/08/2015,8.0
04/08/2015,5.5
05/08/2015,0.4
06/08/2015,1.6
07/08/2015,2.0
08/08/2015,20.3
09/08/2015,5.2
10/08/2015,10.7
11/08/2015,33.5
12/08/2015,19.8
13/08/2015,0.0
14/08/2015,0.0
15/08/2015,0.3
16/08/2015,6.2
17/08/2015,0.0
18/08/2015,0.0
19/08/2015,3.9
20/08/2015,63.1
21/08/2015,0.0
22/08/2015,19.0
23/08/2015,9.6
24/08/2015,6.4
25/08/2015,0.0
26/08/2015,0.0
27/08/2015,0.0
28/08/2015,0.0
29/08/2015,0.0
30/08/2015,1.5
31/08/2015,0.0
01/09/2015,0.0
02/09/2015,0.0
03/09/2015,0.0
04/09/2015,0.0
05/09/2015,0.5
06/09/2015,13.5
07/09/2015,38.4
08/09/2015,57.7
09/09/2015,4.4
10/09/2015,13.0
11/09/2015,0.0
12/09/2015,0.0
13/09/2015,0.0
14/09/2015,0.0
15/09/2015,0.4
16/09/2015,17.6
17/09/2015,3.0
18/09/2015,1.0
19/09/2015,0.0
20/09/2015,0.0
21/09/2015,0.4
22/09/2015,0.1
23/09/2015,0.0
24/09/2015,0.0
25/09/2015,0.0
26/09/2015,0.0
27/09/2015,0.4
28/09/2015,3.6
29/09/2015,21.5
30/09/2015,2.0
01/10/2015,2.0
02/10/2015,3.5
03/10/2015,0.0
04/10/2015,0.0
05/10/2015,0.0
06/10/2015,0.9
07/10/2015,0.6
08/10/2015,0.0
09/10/2015,0.0
10/10/2015,0.0
11/10/2015,26.0
12/10/2015,0.5
13/10/2015,0.0
14/10/2015,4.5
15/10/2015,1.5
16/10/2015,0.0
17/10/2015,0.0
18/10/2015,2.4
19/10/2015,1.1
20/10/2015,0.0
21/10/2015,0.0
22/10/2015,0.0
23/10/2015,0.0
24/10/2015,22.5
25/10/2015,3.3
26/10/2015,20.4
27/10/2015,10.7
28/10/2015,17.4
29/10/2015,10.5
30/10/2015,24.1
31/10/2015,0.4
01/11/2015,0.1
02/11/2015,9.9
03/11/2015,0.1
04/11/2015,0.5
05/11/2015,2.5
06/11/2015,60.0
07/11/2015,2.2
08/11/2015,11.3
09/11/2015,0.0
10/11/2015,0.0
11/11/2015,6.5
12/11/2015,0.0
13/11/2015,12.0
14/11/2015,2.0
15/11/2015,10.3
16/11/2015,0.2
17/11/2015,0.5
18/11/2015,0.0
19/11/2015,0.0
20/11/2015,41.1
21/11/2015,3.9
22/11/2015,36.8
23/11/2015,5.2
24/11/2015,32.0
25/11/2015,0.4
26/11/2015,4.4
27/11/2015,14.3
28/11/2015,34.9
29/11/2015,4.9
30/11/2015,1.6
01/12/2015,0.0
02/12/2015,0.5
03/12/2015,0.0
04/12/2015,0.0
05/12/2015,3.0
06/12/2015,27.8
07/12/2015,16.6
08/12/2015,1.4
09/12/2015,2.2
10/12/2015,0.0
11/12/2015,5.5
12/12/2015,12.5
13/12/2015,18.5
14/12/2015,0.0
15/12/2015,0.0
16/12/2015,0.0
17/12/2015,1.1
18/12/2015,1.4
19/12/2015,0.5
20/12/2015,0.0
21/12/2015,0.0
22/12/2015,0.0
23/12/2015,5.0
24/12/2015,20.0
25/12/2015,2.5
26/12/2015,0.0
27/12/2015,23.6
28/12/2015,85.2
29/12/2015,4.2
30/12/2015,0.4
31/12/2015,13.2
01/01/2016,5.9
02/01/2016,0.0
03/01/2016,0.4
04/01/2016,1.6
05/01/2016,0.0
06/01/2016,0.0
07/01/2016,0.0
08/01/2016,1.0
09/01/2016,0.0
10/01/2016,0.5
11/01/2016,0.0
12/01/2016,0.0
13/01/2016,0.0
14/01/2016,7.0
15/01/2016,6.5
16/01/2016,0.0
17/01/2016,0.0
18/01/2016,0.0
19/01/2016,0.0
20/01/2016,0.0
21/01/2016,1.2
22/01/2016,35.3
23/01/2016,0.5
24/01/2016,2.5
25/01/2016,6.6
26/01/2016,18.4
27/01/2016,2.4
28/01/2016,4.1
29/01/2016,0.0
30/01/2016,0.0
31/01/2016,1.5
01/02/2016,0.0
02/02/2016,0.5
03/02/2016,4.4
04/02/2016,38.0
05/02/2016,38.3
06/02/2016,20.3
07/02/2016,9.7
08/02/2016,2.4
09/02/2016,0.0
10/02/2016,0.5
11/02/2016,0.0
12/02/2016,0.0
13/02/2016,6.6
14/02/2016,0.9
15/02/2016,0.0
16/02/2016,0.0
17/02/2016,2.2
18/02/2016,8.8
19/02/2016,13.0
20/02/2016,0.0
21/02/2016,0.5
22/02/2016,0.0
23/02/2016,0.0
24/02/2016,1.0
25/02/2016,0.0
26/02/2016,0.9
27/02/2016,0.1
28/02/2016,6.0
29/02/2016,3.5
01/03/2016,0.0
02/03/2016,0.0
03/03/2016,0.0
04/03/2016,2.5
05/03/2016,6.0
06/03/2016,0.0
07/03/2016,0.0
08/03/2016,0.0
09/03/2016,0.0
10/03/2016,0.0
11/03/2016,0.0
12/03/2016,1.5
13/03/2016,1.0
14/03/2016,0.0
15/03/2016,0.0
16/03/2016,0.0
17/03/2016,0.0
18/03/2016,0.0
19/03/2016,0.0
20/03/2016,0.0
21/03/2016,0.0
22/03/2016,0.0
23/03/2016,0.0
24/03/2016,0.0
25/03/2016,0.0
26/03/2016,0.0
27/03/2016,0.4
28/03/2016,41.1
29/03/2016,0.0
30/03/2016,0.0
31/03/2016,0.0
01/04/2016,0.0
02/04/2016,0.0
03/04/2016,0.0
04/04/2016,0.0
05/04/2016,0.0
06/04/2016,0.0
07/04/2016,0.0
08/04/2016,0.0
09/04/2016,0.0
10/04/2016,0.0
11/04/2016,0.0
12/04/2016,0.0
13/04/2016,0.0
14/04/2016,0.0
15/04/2016,0.0
16/04/2016,0.0
17/04/2016,0.0
18/04/2016,0.0
19/04/2016,0.0
20/04/2016,0.0
21/04/2016,0.0
22/04/2016,0.0
23/04/2016,0.0
24/04/2016,0.0
25/04/2016,0.0
26/04/2016,0.0
27/04/2016,2.5
28/04/2016,0.0
29/04/2016,0.0
30/04/2016,0.0
01/05/2016,0.0
02/05/2016,0.0
03/05/2016,0.0
04/05/2016,0.0
05/05/2016,2.5
06/05/2016,0.0
07/05/2016,0.5
08/05/2016,0.0
09/05/2016,8.5
10/05/2016,0.0
11/05/2016,0.0
12/05/2016,0.0
13/05/2016,39.5
14/05/2016,1.0
15/05/2016,9.5
16/05/2016,1.0
17/05/2016,0.0
18/05/2016,2.0
19/05/2016,20.5
20/05/2016,0.4
21/05/2016,10.1
22/05/2016,0.0
23/05/2016,0.0
24/05/2016,0.0
25/05/2016,2.4
26/05/2016,2.6
27/05/2016,3.7
28/05/2016,0.3
29/05/2016,2.6
30/05/2016,38.4
31/05/2016,0.0
01/06/2016,0.0
02/06/2016,0.0
03/06/2016,20.4
04/06/2016,0.6
05/06/2016,0.0
06/06/2016,46.0
07/06/2016,0.0
08/06/2016,12.5
09/06/2016,0.0
10/06/2016,0.4
11/06/2016,18.6
12/06/2016,0.0
13/06/2016,0.7
14/06/2016,0.3
15/06/2016,17.9
16/06/2016,2.7
17/06/2016,0.9
18/06/2016,5.0
19/06/2016,0.5
20/06/2016,0.0
21/06/2016,0.4
22/06/2016,2.1
23/06/2016,0.0
24/06/2016,0.0
25/06/2016,0.0
26/06/2016,0.0
27/06/2016,0.0
28/06/2016,0.0
29/06/2016,0.0
30/06/2016,3.0
01/07/2016,0.5
02/07/2016,0.0
03/07/2016,0.0
04/07/2016,0.0
05/07/2016,0.0
06/07/2016,0.0
07/07/2016,12.4
08/07/2016,0.1
09/07/2016,0.0
10/07/2016,0.0
11/07/2016,0.0
12/07/2016,0.0
13/07/2016,15.0
14/07/2016,22.7
15/07/2016,0.3
16/07/2016,0.0
17/07/2016,0.0
18/07/2016,4.9
19/07/2016,3.1
20/07/2016,0.5
21/07/2016,0.0
22/07/2016,0.5
23/07/2016,0.0
24/07/2016,0.0
25/07/2016,2.0
26/07/2016,5.5
27/07/2016,0.0
28/07/2016,1.5
29/07/2016,0.0
30/07/2016,11.0
31/07/2016,0.0
01/08/2016,7.5
02/08/2016,0.0
03/08/2016,0.0
04/08/2016,0.0
05/08/2016,0.4
06/08/2016,0.1
07/08/2016,13.5
08/08/2016,0.0
09/08/2016,0.0
10/08/2016,8.7
11/08/2016,6.1
12/08/2016,25.2
13/08/2016,2.8
14/08/2016,0.2
15/08/2016,0.0
16/08/2016,0.0
17/08/2016,0.4
18/08/2016,22.1
19/08/2016,2.0
20/08/2016,29.0
21/08/2016,0.4
22/08/2016,0.1
23/08/2016,5.6
24/08/2016,0.9
25/08/2016,21.0
26/08/2016,28.7
27/08/2016,0.3
28/08/2016,0.0
29/08/2016,0.5
30/08/2016,31.5
31/08/2016,0.0
01/09/2016,14.0
02/09/2016,0.0
03/09/2016,18.5
04/09/2016,10.5
05/09/2016,10.6
06/09/2016,31.9
07/09/2016,23.6
08/09/2016,12.9
09/09/2016,0.0
10/09/2016,0.0
11/09/2016,0.0
12/09/2016,0.0
13/09/2016,8.7
14/09/2016,4.3
15/09/2016,6.5
16/09/2016,1.0
17/09/2016,11.5
18/09/2016,0.9
19/09/2016,11.7
20/09/2016,0.6
21/09/2016,31.2
22/09/2016,10.5
23/09/2016,15.6
24/09/2016,26.2
25/09/2016,29.7
26/09/2016,8.4
27/09/2016,11.4
28/09/2016,11.2
29/09/2016,12.9
30/09/2016,0.5
01/10/2016,2.0
02/10/2016,0.5
03/10/2016,0.0
04/10/2016,51.5
05/10/2016,0.0
06/10/2016,0.0
07/10/2016,0.0
08/10/2016,0.0
09/10/2016,1.5
10/10/2016,21.9
11/10/2016,10.6
12/10/2016,12.9
13/10/2016,1.5
14/10/2016,0.1
15/10/2016,0.0
16/10/2016,7.0
17/10/2016,0.0
18/10/2016,0.0
19/10/2016,0.0
20/10/2016,0.8
21/10/2016,11.0
22/10/2016,9.7
23/10/2016,3.4
24/10/2016,3.6
25/10/2016,0.0
26/10/2016,0.9
27/10/2016,35.5
28/10/2016,0.1
29/10/2016,18.6
30/10/2016,7.4
31/10/2016,3.1
01/11/2016,8.4
02/11/2016,7.5
03/11/2016,2.5
04/11/2016,37.5
05/11/2016,14.8
06/11/2016,2.9
07/11/2016,12.2
08/11/2016,20.0
09/11/2016,8.8
10/11/2016,8.7
11/11/2016,1.9
12/11/2016,8.6
13/11/2016,2.0
14/11/2016,4.8
15/11/2016,2.0
16/11/2016,3.2
17/11/2016,0.5
18/11/2016,0.0
19/11/2016,0.0
20/11/2016,57.4
21/11/2016,0.1
22/11/2016,87.5
23/11/2016,9.0
24/11/2016,2.0
25/11/2016,1.0
26/11/2016,23.3
27/11/2016,16.7
28/11/2016,0.5
29/11/2016,87.0
30/11/2016,0.3
01/12/2016,67.3
02/12/2016,6.9
03/12/2016,21.4
04/12/2016,0.7
05/12/2016,0.0
06/12/2016,2.0
07/12/2016,1.0
08/12/2016,17.1
09/12/2016,0.4
10/12/2016,37.5
11/12/2016,6.5
12/12/2016,0.0
13/12/2016,0.0
14/12/2016,0.0
15/12/2016,0.0
16/12/2016,0.0
17/12/2016,0.0
18/12/2016,0.0
19/12/2016,2.5
20/12/2016,5.5
21/12/2016,34.5
22/12/2016,0.4
23/12/2016,21.6
24/12/2016,38.5
25/12/2016,6.2
26/12/2016,25.3
27/12/2016,3.5
28/12/2016,1.5
29/12/2016,0.0
30/12/2016,14.3
31/12/2016,93.0
01/01/2017,33.0
02/01/2017,8.2
03/01/2017,68.4
04/01/2017,2.5
05/01/2017,0.0
06/01/2017,63.0
07/01/2017,0.5
08/01/2017,0.5
09/01/2017,0.0
10/01/2017,0.0
11/01/2017,7.5
12/01/2017,0.3
13/01/2017,0.2
14/01/2017,28.5
15/01/2017,0.0
16/01/2017,17.5
17/01/2017,29.7
18/01/2017,0.8
19/01/2017,6.4
20/01/2017,5.9
21/01/2017,164.2
22/01/2017,19.0
23/01/2017,9.6
24/01/2017,165.8
25/01/2017,26.5
26/01/2017,13.8
27/01/2017,35.7
28/01/2017,0.0
29/01/2017,0.0
30/01/2017,2.0
31/01/2017,0.5
01/02/2017,0.0
02/02/2017,0.0
03/02/2017,8.0
04/02/2017,0.0
05/02/2017,0.9
06/02/2017,2.1
07/02/2017,0.5
08/02/2017,0.0
09/02/2017,0.0
10/02/2017,0.0
11/02/2017,1.0
12/02/2017,8.5
13/02/2017,10.2
14/02/2017,4.3
15/02/2017,7.8
16/02/2017,0.2
17/02/2017,0.3
18/02/2017,4.7
19/02/2017,0.0
20/02/2017,0.0
21/02/2017,0.0
22/02/2017,0.0
23/02/2017,0.0
24/02/2017,10.4
25/02/2017,14.6
26/02/2017,50.5
27/02/2017,16.6
28/02/2017,7.8
01/03/2017,29.7
02/03/2017,19.9
03/03/2017,4.9
04/03/2017,0.6
05/03/2017,0.0
06/03/2017,0.0
07/03/2017,0.0
08/03/2017,0.0
09/03/2017,0.0
10/03/2017,0.0
11/03/2017,0.0
12/03/2017,0.0
13/03/2017,0.0
14/03/2017,0.4
15/03/2017,2.6
16/03/2017,0.0
17/03/2017,1.5
18/03/2017,0.0
19/03/2017,0.0
20/03/2017,8.5
21/03/2017,62.0
22/03/2017,1.0
23/03/2017,0.0
24/03/2017,0.0
25/03/2017,0.0
26/03/2017,5.5
27/03/2017,0.5
28/03/2017,2.5
29/03/2017,2.5
30/03/2017,0.0
31/03/2017,11.5
01/04/2017,27.0
02/04/2017,16.5
03/04/2017,15.5
04/04/2017,4.5
05/04/2017,0.0
06/04/2017,6.5
07/04/2017,0.0
08/04/2017,0.0
09/04/2017,0.0
10/04/2017,1.0
11/04/2017,3.5
12/04/2017,1.0
13/04/2017,0.0
14/04/2017,0.0
15/04/2017,0.0
16/04/2017,0.0
17/04/2017,0.0
18/04/2017,27.0
19/04/2017,0.0
20/04/2017,0.0
21/04/2017,0.0
22/04/2017,0.0
23/04/2017,0.5
24/04/2017,0.0
25/04/2017,2.3
26/04/2017,0.7
27/04/2017,0.0
28/04/2017,0.0
29/04/2017,0.0
30/04/2017,10.5
01/05/2017,5.0
02/05/2017,0.5
03/05/2017,0.0
04/05/2017,0.0
05/05/2017,0.0
06/05/2017,7.5
07/05/2017,0.0
08/05/2017,0.4
09/05/2017,11.6
10/05/2017,102.5
11/05/2017,19.2
12/05/2017,0.3
13/05/2017,3.5
14/05/2017,20.5
15/05/2017,0.0
16/05/2017,0.0
17/05/2017,0.0
18/05/2017,0.0
19/05/2017,0.0
20/05/2017,0.0
21/05/2017,1.0
22/05/2017,47.5
23/05/2017,2.1
24/05/2017,1.3
25/05/2017,15.5
26/05/2017,62.1
27/05/2017,79.5
28/05/2017,0.5
29/05/2017,35.2
30/05/2017,1.7
31/05/2017,7.1
01/06/2017,0.3
02/06/2017,0.2
03/06/2017,0.4
04/06/2017,9.6
05/06/2017,1.5
06/06/2017,0.0
07/06/2017,0.0
08/06/2017,0.0
09/06/2017,0.0
10/06/2017,3.0
11/06/2017,0.0
12/06/2017,0.0
13/06/2017,1.0
14/06/2017,0.0
15/06/2017,10.3
16/06/2017,0.2
17/06/2017,45.0
18/06/2017,0.5
19/06/2017,19.0
20/06/2017,1.6
21/06/2017,0.3
22/06/2017,0.0
23/06/2017,3.3
24/06/2017,0.2
25/06/2017,1.5
26/06/2017,34.0
27/06/2017,0.5
28/06/2017,16.3
29/06/2017,2.1
30/06/2017,6.1
01/07/2017,0.0
02/07/2017,0.0
03/07/2017,13.0
04/07/2017,0.0
05/07/2017,5.0
06/07/2017,0.0
07/07/2017,0.4
08/07/2017,0.1
09/07/2017,81.0
10/07/2017,29.8
11/07/2017,34.6
12/07/2017,0.7
13/07/2017,24.5
14/07/2017,0.0
15/07/2017,0.0
16/07/2017,0.0
17/07/2017,0.0
18/07/2017,0.0
19/07/2017,17.2
20/07/2017,11.8
21/07/2017,0.0
22/07/2017,0.0
23/07/2017,0.0
24/07/2017,0.0
25/07/2017,0.0
26/07/2017,0.0
27/07/2017,0.0
28/07/2017,11.5
29/07/2017,0.0
30/07/2017,1.5
31/07/2017,0.0
01/08/2017,0.0
02/08/2017,0.0
03/08/2017,0.5
04/08/2017,1.7
05/08/2017,0.3
06/08/2017,0.0
07/08/2017,0.0
08/08/2017,43.0
09/08/2017,0.0
10/08/2017,61.0
11/08/2017,101.5
12/08/2017,13.0
13/08/2017,3.5
14/08/2017,2.0
15/08/2017,39.5
16/08/2017,13.5
17/08/2017,9.4
18/08/2017,17.1
19/08/2017,0.5
20/08/2017,17.6
21/08/2017,9.4
22/08/2017,10.5
23/08/2017,0.0
24/08/2017,0.4
25/08/2017,6.5
26/08/2017,25.6
27/08/2017,0.0
28/08/2017,0.4
29/08/2017,12.1
30/08/2017,0.0
31/08/2017,0.4
01/09/2017,3.4
02/09/2017,0.6
03/09/2017,0.6
04/09/2017,0.0
05/09/2017,3.5
06/09/2017,2.0
07/09/2017,0.0
08/09/2017,0.0
09/09/2017,1.5
10/09/2017,0.0
11/09/2017,5.5
12/09/2017,0.0
13/09/2017,30.0
14/09/2017,11.6
15/09/2017,0.4
16/09/2017,0.0
17/09/2017,1.8
18/09/2017,61.7
19/09/2017,46.2
20/09/2017,3.7
21/09/2017,2.6
22/09/2017,0.0
23/09/2017,0.0
24/09/2017,0.0
25/09/2017,0.4
26/09/2017,17.1
27/09/2017,13.5
28/09/2017,3.5
29/09/2017,0.0
30/09/2017,25.2
01/10/2017,9.8
02/10/2017,0.0
03/10/2017,0.5
04/10/2017,0.5
05/10/2017,0.0
06/10/2017,0.0
07/10/2017,10.0
08/10/2017,4.5
09/10/2017,60.4
10/10/2017,35.3
11/10/2017,2.8
12/10/2017,41.5
13/10/2017,13.0
14/10/2017,0.0
15/10/2017,1.0
16/10/2017,0.0
17/10/2017,0.0
18/10/2017,0.0
19/10/2017,1.8
20/10/2017,1.2
21/10/2017,0.0
22/10/2017,24.0
23/10/2017,10.3
24/10/2017,4.7
25/10/2017,50.8
26/10/2017,22.2
27/10/2017,13.5
28/10/2017,12.0
29/10/2017,0.5
30/10/2017,2.0
31/10/2017,0.5
01/11/2017,4.5
02/11/2017,11.0
03/11/2017,0.0
04/11/2017,0.0
05/11/2017,0.0
06/11/2017,22.5
07/11/2017,8.0
08/11/2017,0.5
09/11/2017,8.0
10/11/2017,2.5
11/11/2017,18.8
12/11/2017,30.2
13/11/2017,7.1
14/11/2017,1.9
15/11/2017,0.0
16/11/2017,0.0
17/11/2017,0.0
18/11/2017,10.8
19/11/2017,0.2
20/11/2017,4.7
21/11/2017,12.8
22/11/2017,3.5
23/11/2017,7.8
24/11/2017,21.4
25/11/2017,13.7
26/11/2017,57.8
27/11/2017,70.7
28/11/2017,13.0
29/11/2017,47.0
30/11/2017,1.3
01/12/2017,15.0
02/12/2017,1.2
03/12/2017,0.5
04/12/2017,1.0
05/12/2017,10.6
06/12/2017,1.4
07/12/2017,0.5
08/12/2017,53.7
09/12/2017,1.3
10/12/2017,0.0
11/12/2017,0.4
12/12/2017,0.1
13/12/2017,0.0
14/12/2017,0.0
15/12/2017,1.0
16/12/2017,0.9
17/12/2017,24.4
18/12/2017,1.2
19/12/2017,0.0
20/12/2017,0.0
21/12/2017,0.0
22/12/2017,1.1
23/12/2017,30.5
24/12/2017,15.0
25/12/2017,0.0
26/12/2017,0.5
27/12/2017,24.0
28/12/2017,0.5
29/12/2017,210.6
30/12/2017,43.3
31/12/2017,42.3
01/01/2018,108.1
02/01/2018,76.3
03/01/2018,91.4
04/01/2018,48.5
05/01/2018,18.8
06/01/2018,0.2
07/01/2018,1.0
08/01/2018,3.5
09/01/2018,0.0
10/01/2018,7.0
11/01/2018,54.3
12/01/2018,62.8
13/01/2018,12.8
14/01/2018,8.0
15/01/2018,1.5
16/01/2018,1.5
17/01/2018,0.0
18/01/2018,0.0
19/01/2018,0.0
20/01/2018,75.9
21/01/2018,3.1
22/01/2018,3.0
23/01/2018,4.0
24/01/2018,0.0
25/01/2018,0.0
26/01/2018,30.5
27/01/2018,51.0
28/01/2018,13.0
29/01/2018,2.0
30/01/2018,0.0
31/01/2018,0.0
01/02/2018,19.1
02/02/2018,19.8
03/02/2018,4.6
04/02/2018,0.0
05/02/2018,0.0
06/02/2018,0.0
07/02/2018,0.0
08/02/2018,0.0
09/02/2018,0.0
10/02/2018,0.0
11/02/2018,0.0
12/02/2018,0.0
13/02/2018,5.3
14/02/2018,5.7
15/02/2018,0.0
16/02/2018,0.0
17/02/2018,0.0
18/02/2018,0.0
19/02/2018,0.0
20/02/2018,0.0
21/02/2018,0.0
22/02/2018,0.0
23/02/2018,84.1
24/02/2018,3.4
25/02/2018,0.0
26/02/2018,0.0
27/02/2018,0.0
28/02/2018,0.0
01/03/2018,0.0
02/03/2018,0.0
03/03/2018,0.0
04/03/2018,0.0
05/03/2018,0.0
06/03/2018,0.0
07/03/2018,25.8
08/03/2018,0.7
09/03/2018,17.9
10/03/2018,6.9
11/03/2018,3.2
12/03/2018,0.0
13/03/2018,3.5
14/03/2018,0.0
15/03/2018,0.4
16/03/2018,0.1
17/03/2018,0.0
18/03/2018,0.5
19/03/2018,0.0
20/03/2018,0.0
21/03/2018,0.0
22/03/2018,0.0
23/03/2018,0.4
24/03/2018,17.6
25/03/2018,1.8
26/03/2018,19.7
27/03/2018,0.0
28/03/2018,0.0
29/03/2018,0.0
30/03/2018,3.0
31/03/2018,0.0
01/04/2018,0.0
02/04/2018,0.0
03/04/2018,0.0
04/04/2018,0.0
05/04/2018,0.0
06/04/2018,0.0
07/04/2018,0.0
08/04/2018,17.8
09/04/2018,9.2
10/04/2018,0.0
11/04/2018,0.0
12/04/2018,0.0
13/04/2018,0.0
14/04/2018,0.5
15/04/2018,0.0
16/04/2018,7.5
17/04/2018,0.0
18/04/2018,0.5
19/04/2018,15.0
20/04/2018,6.5
21/04/2018,0.0
22/04/2018,0.0
23/04/2018,0.0
24/04/2018,0.0
25/04/2018,1.5
26/04/2018,2.0
27/04/2018,0.0
28/04/2018,0.0
29/04/2018,0.5
30/04/2018,3.5
01/05/2018,6.5
02/05/2018,0.5
03/05/2018,0.0
04/05/2018,0.0
05/05/2018,7.0
06/05/2018,0.5
07/05/2018,13.5
08/05/2018,0.9
09/05/2018,0.1
10/05/2018,0.0
11/05/2018,0.0
12/05/2018,0.5
13/05/2018,14.0
14/05/2018,0.0
15/05/2018,0.0
16/05/2018,3.5
17/05/2018,0.0
18/05/2018,0.0
19/05/2018,0.0
20/05/2018,0.0
21/05/2018,0.0
22/05/2018,9.5
23/05/2018,7.5
24/05/2018,0.0
25/05/2018,7.5
26/05/2018,1.5
27/05/2018,12.5
28/05/2018,0.0
29/05/2018,0.5
30/05/2018,4.5
31/05/2018,111.5
01/06/2018,10.4
02/06/2018,2.1
03/06/2018,23.7
04/06/2018,0.8
05/06/2018,3.5
06/06/2018,1.5
07/06/2018,24.0
08/06/2018,0.0
09/06/2018,0.0
10/06/2018,0.0
11/06/2018,0.7
12/06/2018,1.5
13/06/2018,0.3
14/06/2018,0.4
15/06/2018,0.1
16/06/2018,0.0
17/06/2018,0.0
18/06/2018,0.0
19/06/2018,0.0
20/06/2018,3.0
21/06/2018,0.0
22/06/2018,0.0
23/06/2018,0.0
24/06/2018,32.0
25/06/2018,5.7
26/06/2018,1.3
27/06/2018,0.0
28/06/2018,54.0
29/06/2018,8.5
30/06/2018,0.0
01/07/2018,30.0
02/07/2018,1.0
03/07/2018,16.0
04/07/2018,1.8
05/07/2018,0.2
06/07/2018,0.0
07/07/2018,0.0
08/07/2018,0.0
09/07/2018,0.0
10/07/2018,0.0
11/07/2018,0.0
12/07/2018,0.0
13/07/2018,0.0
14/07/2018,0.0
15/07/2018,0.0
16/07/2018,0.0
17/07/2018,0.0
18/07/2018,0.0
19/07/2018,0.0
20/07/2018,44.9
21/07/2018,10.1
22/07/2018,0.0
23/07/2018,0.0
24/07/2018,0.5
25/07/2018,1.0
26/07/2018,0.0
27/07/2018,0.0
28/07/2018,0.0
29/07/2018,31.5
30/07/2018,50.4
31/07/2018,48.2
01/08/2018,19.5
02/08/2018,0.4
03/08/2018,0.0
04/08/2018,0.5
05/08/2018,10.0
06/08/2018,0.5
07/08/2018,39.6
08/08/2018,27.4
09/08/2018,0.0
10/08/2018,0.0
11/08/2018,0.0
12/08/2018,0.0
13/08/2018,0.0
14/08/2018,0.0
15/08/2018,0.0
16/08/2018,0.0
17/08/2018,0.0
18/08/2018,0.0
19/08/2018,0.0
20/08/2018,0.0
21/08/2018,1.7
22/08/2018,0.3
23/08/2018,0.0
24/08/2018,0.0
25/08/2018,0.0
26/08/2018,0.0
27/08/2018,0.0
28/08/2018,5.6
29/08/2018,39.9
30/08/2018,1.0
31/08/2018,13.0
01/09/2018,0.0
02/09/2018,13.5
03/09/2018,0.5
04/09/2018,1.0
05/09/2018,1.5
06/09/2018,0.5
07/09/2018,3.5
08/09/2018,0.5
09/09/2018,0.0
10/09/2018,15.7
11/09/2018,0.3
12/09/2018,0.4
13/09/2018,0.6
14/09/2018,9.2
15/09/2018,0.3
16/09/2018,13.2
17/09/2018,10.3
18/09/2018,0.5
19/09/2018,53.0
20/09/2018,73.0
21/09/2018,0.0
22/09/2018,5.0
23/09/2018,0.0
24/09/2018,0.0
25/09/2018,0.0
26/09/2018,19.5
27/09/2018,0.0
28/09/2018,3.5
29/09/2018,0.0
30/09/2018,0.2
01/10/2018,0.3
02/10/2018,0.0
03/10/2018,0.4
04/10/2018,9.6
05/10/2018,0.4
06/10/2018,30.1
07/10/2018,17.5
08/10/2018,1.5
09/10/2018,3.9
10/10/2018,8.5
11/10/2018,10.5
12/10/2018,19.1
13/10/2018,54.6
14/10/2018,72.1
15/10/2018,1.1
16/10/2018,0.1
17/10/2018,0.0
18/10/2018,0.5
19/10/2018,6.0
20/10/2018,22.6
21/10/2018,20.9
22/10/2018,0.0
23/10/2018,4.5
24/10/2018,57.5
25/10/2018,0.0
26/10/2018,0.0
27/10/2018,0.5
28/10/2018,0.0
29/10/2018,0.0
30/10/2018,24.0
31/10/2018,0.0
01/11/2018,0.4
02/11/2018,35.5
03/11/2018,19.4
04/11/2018,7.9
05/11/2018,11.2
06/11/2018,9.1
07/11/2018,77.0
08/11/2018,4.3
09/11/2018,6.7
10/11/2018,0.0
11/11/2018,0.5
12/11/2018,11.3
13/11/2018,0.7
14/11/2018,0.5
15/11/2018,4.5
16/11/2018,0.5
17/11/2018,3.0
18/11/2018,13.0
19/11/2018,7.8
20/11/2018,4.6
21/11/2018,1.1
22/11/2018,1.5
23/11/2018,0.0
24/11/2018,0.0
25/11/2018,5.0
26/11/2018,1.0
27/11/2018,0.4
28/11/2018,26.1
29/11/2018,5.2
30/11/2018,35.3
01/12/2018,28.6
02/12/2018,5.3
03/12/2018,15.6
04/12/2018,11.2
05/12/2018,14.6
06/12/2018,33.6
07/12/2018,15.5
08/12/2018,1.3
09/12/2018,10.2
10/12/2018,14.5
11/12/2018,10.8
12/12/2018,72.8
13/12/2018,119.0
14/12/2018,20.8
15/12/2018,3.0
16/12/2018,0.4
17/12/2018,3.6
18/12/2018,0.0
19/12/2018,0.0
20/12/2018,5.0
21/12/2018,0.5
22/12/2018,0.0
23/12/2018,0.0
24/12/2018,0.0
25/12/2018,4.4
26/12/2018,21.6
27/12/2018,2.5
28/12/2018,4.5
29/12/2018,1.0
30/12/2018,0.5
31/12/2018,23.5
01/01/2019,0.0
02/01/2019,0.0
03/01/2019,0.0
04/01/2019,0.0
05/01/2019,0.4
06/01/2019,10.5
07/01/2019,6.8
08/01/2019,0.3
09/01/2019,1.4
10/01/2019,10.3
11/01/2019,2.8
12/01/2019,5.5
13/01/2019,1.5
14/01/2019,0.0
15/01/2019,0.0
16/01/2019,12.4
17/01/2019,21.7
18/01/2019,1.4
19/01/2019,3.0
20/01/2019,0.0
21/01/2019,0.0
22/01/2019,0.0
23/01/2019,1.5
24/01/2019,0.0
25/01/2019,0.0
26/01/2019,0.0
27/01/2019,0.0
28/01/2019,1.0
29/01/2019,0.0
30/01/2019,0.0
31/01/2019,0.5
01/02/2019,3.1
02/02/2019,5.8
03/02/2019,13.6
04/02/2019,0.0
05/02/2019,0.0
06/02/2019,0.0
07/02/2019,0.0
08/02/2019,0.0
09/02/2019,0.0
10/02/2019,0.0
11/02/2019,0.0
12/02/2019,0.0
13/02/2019,6.3
14/02/2019,0.7
15/02/2019,0.0
16/02/2019,0.0
17/02/2019,0.0
18/02/2019,0.4
19/02/2019,0.6
20/02/2019,1.0
21/02/2019,0.0
22/02/2019,0.0
23/02/2019,0.0
24/02/2019,0.0
25/02/2019,0.0
26/02/2019,0.0
27/02/2019,0.0
28/02/2019,0.0
01/03/2019,0.0
02/03/2019,0.0
03/03/2019,0.0
04/03/2019,0.0
05/03/2019,0.0
06/03/2019,0.0
07/03/2019,0.0
08/03/2019,0.0
09/03/2019,0.0
10/03/2019,0.0
11/03/2019,0.0
12/03/2019,0.0
13/03/2019,0.0
14/03/2019,0.0
15/03/2019,0.0
16/03/2019,0.0
17/03/2019,0.0
18/03/2019,0.0
19/03/2019,0.0
20/03/2019,0.0
21/03/2019,0.0
22/03/2019,0.0
23/03/2019,0.0
24/03/2019,0.0
25/03/2019,0.0
26/03/2019,0.0
27/03/2019,0.0
28/03/2019,0.0
29/03/2019,32.5
30/03/2019,4.4
31/03/2019,12.2
01/04/2019,15.5
02/04/2019,30.8
03/04/2019,1.2
04/04/2019,0.0
05/04/2019,0.0
06/04/2019,0.0
07/04/2019,0.0
08/04/2019,0.0
09/04/2019,0.0
10/04/2019,0.0
11/04/2019,12.5
12/04/2019,12.0
13/04/2019,9.5
14/04/2019,5.0
15/04/2019,0.0
16/04/2019,0.0
17/04/2019,0.0
18/04/2019,0.0
19/04/2019,0.0
20/04/2019,0.0
21/04/2019,0.0
22/04/2019,0.0
23/04/2019,0.0
24/04/2019,0.0
25/04/2019,0.0
26/04/2019,0.0
27/04/2019,5.5
28/04/2019,0.4
29/04/2019,29.6
30/04/2019,9.4
01/05/2019,10.1
02/05/2019,3.5
03/05/2019,0.0
04/05/2019,20.3
05/05/2019,11.2
06/05/2019,0.0
07/05/2019,5.7
08/05/2019,0.8
09/05/2019,0.0
10/05/2019,0.5
11/05/2019,5.2
12/05/2019,17.3
13/05/2019,19.5
14/05/2019,7.0
15/05/2019,0.0
16/05/2019,10.0
17/05/2019,0.0
18/05/2019,12.0
19/05/2019,0.5
20/05/2019,0.0
21/05/2019,0.0
22/05/2019,12.5
23/05/2019,0.0
24/05/2019,0.0
25/05/2019,11.0
26/05/2019,0.0
27/05/2019,0.0
28/05/2019,0.0
29/05/2019,0.0
30/05/2019,0.4
31/05/2019,1.6
01/06/2019,0.0
02/06/2019,0.5
03/06/2019,11.5
04/06/2019,0.5
05/06/2019,33.1
06/06/2019,26.9
07/06/2019,0.0
08/06/2019,0.0
09/06/2019,0.0
10/06/2019,0.0
11/06/2019,36.0
12/06/2019,0.0
13/06/2019,0.0
14/06/2019,0.0
15/06/2019,0.0
16/06/2019,0.0
17/06/2019,1.5
18/06/2019,0.5
19/06/2019,1.0
20/06/2019,4.5
21/06/2019,7.0
22/06/2019,7.3
23/06/2019,13.2
24/06/2019,0.0
25/06/2019,0.5
26/06/2019,0.0
27/06/2019,0.0
28/06/2019,0.0
29/06/2019,0.0
30/06/2019,0.0
01/07/2019,0.0
02/07/2019,0.0
03/07/2019,0.0
04/07/2019,0.0
05/07/2019,0.0
06/07/2019,0.5
07/07/2019,4.0
08/07/2019,0.0
09/07/2019,0.0
10/07/2019,0.0
11/07/2019,0.0
12/07/2019,0.0
13/07/2019,11.5
14/07/2019,2.5
15/07/2019,13.5
16/07/2019,0.5
17/07/2019,0.0
18/07/2019,0.0
19/07/2019,0.0
20/07/2019,0.0
21/07/2019,0.0
22/07/2019,0.5
23/07/2019,14.0
24/07/2019,6.7
25/07/2019,2.8
26/07/2019,0.0
27/07/2019,33.0
28/07/2019,10.0
29/07/2019,0.0
30/07/2019,0.0
31/07/2019,29.5
01/08/2019,0.0
02/08/2019,0.0
03/08/2019,0.0
04/08/2019,0.0
05/08/2019,0.0
06/08/2019,0.0
07/08/2019,0.0
08/08/2019,35.8
09/08/2019,2.1
10/08/2019,2.6
11/08/2019,0.0
12/08/2019,0.0
13/08/2019,0.4
14/08/2019,21.6
15/08/2019,61.6
16/08/2019,1.4
17/08/2019,0.0
18/08/2019,0.0
19/08/2019,0.0
20/08/2019,0.4
21/08/2019,0.1
22/08/2019,6.0
23/08/2019,0.0
24/08/2019,0.4
25/08/2019,44.8
26/08/2019,9.8
27/08/2019,2.0
28/08/2019,42.9
29/08/2019,10.1
30/08/2019,0.0
31/08/2019,0.0
01/09/2019,0.0
02/09/2019,7.0
03/09/2019,7.3
04/09/2019,0.2
05/09/2019,19.9
06/09/2019,1.0
07/09/2019,16.0
08/09/2019,32.0
09/09/2019,3.1
10/09/2019,0.0
11/09/2019,0.0
12/09/2019,37.2
13/09/2019,0.3
14/09/2019,0.0
15/09/2019,0.0
16/09/2019,0.0
17/09/2019,6.6
18/09/2019,26.4
19/09/2019,0.5
20/09/2019,0.0
21/09/2019,0.0
22/09/2019,0.0
23/09/2019,0.5
24/09/2019,0.5
25/09/2019,56.5
26/09/2019,0.0
27/09/2019,0.0
28/09/2019,0.0
29/09/2019,0.3
30/09/2019,8.2
01/10/2019,0.5
02/10/2019,14.5
03/10/2019,0.0
04/10/2019,0.5
05/10/2019,0.0
06/10/2019,8.5
07/10/2019,0.5
08/10/2019,0.0
09/10/2019,2.0
10/10/2019,9.3
11/10/2019,11.7
12/10/2019,8.5
13/10/2019,0.5
14/10/2019,8.5
15/10/2019,0.0
16/10/2019,0.0
17/10/2019,6.8
18/10/2019,22.2
19/10/2019,0.5
20/10/2019,0.0
21/10/2019,0.4
22/10/2019,21.0
23/10/2019,1.7
24/10/2019,0.5
25/10/2019,0.0
26/10/2019,1.0
27/10/2019,1.0
28/10/2019,0.0
29/10/2019,0.4
30/10/2019,57.0
31/10/2019,28.1
01/11/2019,0.4
02/11/2019,2.1
03/11/2019,0.0
04/11/2019,11.0
05/11/2019,22.5
06/11/2019,40.0
07/11/2019,1.0
08/11/2019,0.5
09/11/2019,0.0
10/11/2019,0.5
11/11/2019,22.0
12/11/2019,3.5
13/11/2019,0.0
14/11/2019,19.9
15/11/2019,8.5
16/11/2019,7.6
17/11/2019,3.5
18/11/2019,48.5
19/11/2019,4.5
20/11/2019,23.0
21/11/2019,25.5
22/11/2019,83.5
23/11/2019,13.0
24/11/2019,1.0
25/11/2019,0.0
26/11/2019,0.5
27/11/2019,9.8
28/11/2019,47.0
29/11/2019,132.8
30/11/2019,15.7
01/12/2019,76.7
02/12/2019,18.1
03/12/2019,2.4
04/12/2019,0.4
05/12/2019,0.1
06/12/2019,0.0
07/12/2019,1.2
08/12/2019,13.3
09/12/2019,0.0
10/12/2019,1.0
11/12/2019,0.0
12/12/2019,0.0
13/12/2019,1.6
14/12/2019,33.5
15/12/2019,42.3
16/12/2019,153.2
17/12/2019,78.1
18/12/2019,49.4
19/12/2019,2.7
20/12/2019,12.8
21/12/2019,0.0
22/12/2019,0.0
23/12/2019,0.0
24/12/2019,0.5
25/12/2019,0.5
26/12/2019,0.0
27/12/2019,0.0
28/12/2019,0.0
29/12/2019,0.0
30/12/2019,0.0
31/12/2019,3.5
01/01/2020,1.5
02/01/2020,2.5
03/01/2020,4.1
04/01/2020,0.5
05/01/2020,0.5
06/01/2020,4.5
07/01/2020,2.0
08/01/2020,0.5
09/01/2020,1.0
10/01/2020,0.0
11/01/2020,0.0
12/01/2020,0.0
13/01/2020,0.0
14/01/2020,0.0
15/01/2020,0.0
16/01/2020,0.0
17/01/2020,0.0
18/01/2020,0.0
19/01/2020,17.3
20/01/2020,12.7
21/01/2020,4.5
22/01/2020,3.8
23/01/2020,3.2
24/01/2020,0.0
25/01/2020,0.0
26/01/2020,0.0
27/01/2020,2.5
28/01/2020,1.0
29/01/2020,0.5
30/01/2020,0.0
31/01/2020,28.9
01/02/2020,4.6
02/02/2020,0.6
03/02/2020,0.0
04/02/2020,0.0
05/02/2020,0.0
06/02/2020,0.0
07/02/2020,0.0
08/02/2020,0.0
09/02/2020,31.8
10/02/2020,41.9
11/02/2020,6.3
12/02/2020,0.5
13/02/2020,0.0
14/02/2020,0.0
15/02/2020,0.0
16/02/2020,0.0
17/02/2020,19.2
18/02/2020,11.1
19/02/2020,1.2
20/02/2020,0.0
21/02/2020,7.0
22/02/2020,10.8
23/02/2020,2.2
24/02/2020,0.0
25/02/2020,0.0
26/02/2020,0.0
27/02/2020,0.0
28/02/2020,0.0
29/02/2020,0.0
01/03/2020,0.0
02/03/2020,0.0
03/03/2020,0.0
04/03/2020,0.0
05/03/2020,2.0
06/03/2020,1.5
07/03/2020,1.0
08/03/2020,0.0
09/03/2020,0.0
10/03/2020,0.0
11/03/2020,0.0
12/03/2020,0.0
13/03/2020,0.0
14/03/2020,0.0
15/03/2020,14.5
16/03/2020,0.5
17/03/2020,27.4
18/03/2020,0.1
19/03/2020,0.0
20/03/2020,0.0
21/03/2020,0.4
22/03/2020,1.7
23/03/2020,4.3
24/03/2020,13.8
25/03/2020,0.2
26/03/2020,0.0
27/03/2020,0.0
28/03/2020,0.0
29/03/2020,0.0
30/03/2020,0.0
31/03/2020,0.0
01/04/2020,0.0
02/04/2020,7.0
03/04/2020,15.0
04/04/2020,5.5
05/04/2020,5.0
06/04/2020,3.5
07/04/2020,0.0
08/04/2020,0.0
09/04/2020,0.0
10/04/2020,0.0
11/04/2020,0.0
12/04/2020,0.3
13/04/2020,6.2
14/04/2020,0.0
15/04/2020,4.0
16/04/2020,0.0
17/04/2020,0.0
18/04/2020,0.0
19/04/2020,6.5
20/04/2020,0.0
21/04/2020,0.0
22/04/2020,28.3
23/04/2020,0.7
24/04/2020,2.5
25/04/2020,17.5
26/04/2020,18.5
27/04/2020,2.5
28/04/2020,1.0
29/04/2020,0.5
30/04/2020,0.0
01/05/2020,28.0
02/05/2020,0.5
03/05/2020,0.0
04/05/2020,5.5
05/05/2020,26.5
06/05/2020,0.0
07/05/2020,4.0
08/05/2020,0.0
09/05/2020,29.5
10/05/2020,0.0
11/05/2020,0.0
12/05/2020,0.5
13/05/2020,18.0
14/05/2020,0.0
15/05/2020,0.0
16/05/2020,0.0
17/05/2020,0.0
18/05/2020,0.2
19/05/2020,29.8
20/05/2020,0.0
21/05/2020,0.0
22/05/2020,0.3
23/05/2020,0.2
24/05/2020,5.0
25/05/2020,0.4
26/05/2020,12.1
27/05/2020,0.0
28/05/2020,3.7
29/05/2020,56.8
30/05/2020,0.0
31/05/2020,0.0
01/06/2020,17.0
02/06/2020,1.0
03/06/2020,0.0
04/06/2020,0.9
05/06/2020,0.5
06/06/2020,7.1
07/06/2020,0.0
08/06/2020,0.4
09/06/2020,3.1
10/06/2020,20.5
11/06/2020,0.5
12/06/2020,88.5
13/06/2020,4.5
14/06/2020,0.0
15/06/2020,0.0
16/06/2020,49.0
17/06/2020,2.0
18/06/2020,8.5
19/06/2020,28.4
20/06/2020,2.1
21/06/2020,0.0
22/06/2020,0.0
23/06/2020,1.0
24/06/2020,6.5
25/06/2020,0.0
26/06/2020,0.0
27/06/2020,0.0
28/06/2020,0.0
29/06/2020,10.0
30/06/2020,0.0
01/07/2020,0.5
02/07/2020,0.0
03/07/2020,0.0
04/07/2020,48.5
05/07/2020,44.5
06/07/2020,0.9
07/07/2020,0.6
08/07/2020,0.5
09/07/2020,6.8
10/07/2020,9.2
11/07/2020,0.0
12/07/2020,4.5
13/07/2020,4.0
14/07/2020,0.0
15/07/2020,0.0
16/07/2020,0.0
17/07/2020,0.0
18/07/2020,2.0
19/07/2020,0.0
20/07/2020,0.0
21/07/2020,0.0
22/07/2020,0.0
23/07/2020,4.0
24/07/2020,1.0
25/07/2020,0.5
26/07/2020,0.0
27/07/2020,0.0
28/07/2020,0.5
29/07/2020,4.1
30/07/2020,5.1
31/07/2020,9.8
01/08/2020,0.0
02/08/2020,0.0
03/08/2020,0.0
04/08/2020,0.0
05/08/2020,0.0
06/08/2020,0.0
07/08/2020,2.0
08/08/2020,2.0
09/08/2020,0.5
10/08/2020,0.0
11/08/2020,0.0
12/08/2020,0.0
13/08/2020,0.0
14/08/2020,0.0
15/08/2020,0.0
16/08/2020,21.5
17/08/2020,13.2
18/08/2020,74.8
19/08/2020,18.0
20/08/2020,1.0
21/08/2020,1.2
22/08/2020,16.3
23/08/2020,4.5
24/08/2020,0.0
25/08/2020,0.0
26/08/2020,0.0
27/08/2020,0.0
28/08/2020,0.0
29/08/2020,6.5
30/08/2020,0.0
31/08/2020,0.0
01/09/2020,0.0
02/09/2020,0.0
03/09/2020,0.0
04/09/2020,0.5
05/09/2020,0.0
06/09/2020,1.0
07/09/2020,0.0
08/09/2020,0.0
09/09/2020,10.5
10/09/2020,37.7
11/09/2020,1.4
12/09/2020,1.9
13/09/2020,12.3
14/09/2020,27.6
15/09/2020,0.1
16/09/2020,0.0
17/09/2020,0.0
18/09/2020,1.0
19/09/2020,0.0
20/09/2020,2.5
21/09/2020,0.4
22/09/2020,0.1
23/09/2020,16.5
24/09/2020,1.5
25/09/2020,26.0
26/09/2020,1.0
27/09/2020,0.0
28/09/2020,0.0
29/09/2020,3.0
30/09/2020,55.8
01/10/2020,52.2
02/10/2020,8.8
03/10/2020,0.7
04/10/2020,4.5
05/10/2020,0.4
06/10/2020,1.0
07/10/2020,19.1
08/10/2020,4.0
09/10/2020,0.0
10/10/2020,0.0
11/10/2020,0.0
12/10/2020,0.4
13/10/2020,8.8
14/10/2020,0.3
15/10/2020,16.5
16/10/2020,0.0
17/10/2020,0.0
18/10/2020,0.0
19/10/2020,8.8
20/10/2020,5.7
21/10/2020,4.0
22/10/2020,0.0
23/10/2020,0.0
24/10/2020,0.0
25/10/2020,5.9
26/10/2020,2.6
27/10/2020,0.0
28/10/2020,0.0
29/10/2020,31.9
30/10/2020,2.0
31/10/2020,3.6
01/11/2020,1.5
02/11/2020,14.5
03/11/2020,0.3
04/11/2020,25.2
05/11/2020,4.0
06/11/2020,27.0
07/11/2020,1.0
08/11/2020,15.5
09/11/2020,43.5
10/11/2020,0.0
11/11/2020,0.8
12/11/2020,18.7
13/11/2020,28.0
14/11/2020,0.0
15/11/2020,0.5
16/11/2020,0.5
17/11/2020,47.0
18/11/2020,23.5
19/11/2020,0.0
20/11/2020,5.1
21/11/2020,17.6
22/11/2020,37.6
23/11/2020,44.6
24/11/2020,49.8
25/11/2020,10.7
26/11/2020,5.9
27/11/2020,207.6
28/11/2020,66.9
29/11/2020,25.0
30/11/2020,0.9
01/12/2020,5.7
02/12/2020,35.8
03/12/2020,12.5
04/12/2020,48.6
05/12/2020,15.0
06/12/2020,0.0
07/12/2020,0.0
08/12/2020,0.0
09/12/2020,5.0
10/12/2020,13.5
11/12/2020,14.7
12/12/2020,1.3
13/12/2020,1.0
14/12/2020,0.4
15/12/2020,11.9
16/12/2020,47.1
17/12/2020,91.5
18/12/2020,135.5
19/12/2020,38.9
20/12/2020,52.6
21/12/2020,0.5
22/12/2020,0.0
23/12/2020,0.0
24/12/2020,0.0
25/12/2020,8.0
26/12/2020,26.5
27/12/2020,15.0
28/12/2020,1.0
29/12/2020,0.0
30/12/2020,0.0
31/12/2020,65.4
01/01/2021,19.3
02/01/2021,26.9
03/01/2021,242.0
04/01/2021,24.8
05/01/2021,66.2
06/01/2021,237.9
07/01/2021,45.2
08/01/2021,14.2
09/01/2021,24.0
10/01/2021,3.9
11/01/2021,3.8
12/01/2021,12.3
13/01/2021,10.5
14/01/2021,0.0
15/01/2021,0.0
16/01/2021,0.0
17/01/2021,0.0
18/01/2021,0.0
19/01/2021,0.0
20/01/2021,0.0
21/01/2021,0.0
22/01/2021,2.6
23/01/2021,4.4
24/01/2021,0.0
25/01/2021,0.0
26/01/2021,0.0
27/01/2021,19.6
28/01/2021,1.4
29/01/2021,1.0
30/01/2021,0.0
31/01/2021,19.9
01/02/2021,4.1
02/02/2021,0.0
03/02/2021,0.0
04/02/2021,0.0
05/02/2021,0.5
06/02/2021,1.5
07/02/2021,0.0
08/02/2021,2.0
09/02/2021,0.0
10/02/2021,0.0
11/02/2021,0.3
12/02/2021,6.2
13/02/2021,0.0
14/02/2021,0.0
15/02/2021,0.0
16/02/2021,0.0
17/02/2021,0.0
18/02/2021,0.0
19/02/2021,0.0
20/02/2021,0.0
21/02/2021,0.0
22/02/2021,0.0
23/02/2021,0.0
24/02/2021,0.0
25/02/2021,0.0
26/02/2021,0.0
27/02/2021,0.0
28/02/2021,0.0
01/03/2021,0.0
02/03/2021,0.0
03/03/2021,0.0
04/03/2021,5.0
05/03/2021,0.0
06/03/2021,0.0
07/03/2021,0.0
08/03/2021,0.0
09/03/2021,0.0
10/03/2021,0.0
11/03/2021,0.4
12/03/2021,28.1
13/03/2021,0.0
14/03/2021,0.0
15/03/2021,0.0
16/03/2021,0.0
17/03/2021,0.0
18/03/2021,0.0
19/03/2021,0.0
20/03/2021,0.0
21/03/2021,0.0
22/03/2021,0.4
23/03/2021,107.2
24/03/2021,160.1
25/03/2021,132.1
26/03/2021,7.3
27/03/2021,3.0
28/03/2021,16.0
29/03/2021,14.3
30/03/2021,8.7
31/03/2021,5.1
01/04/2021,13.3
02/04/2021,10.2
03/04/2021,0.0
04/04/2021,47.5
05/04/2021,6.0
06/04/2021,0.5
07/04/2021,0.0
08/04/2021,21.5
09/04/2021,0.0
10/04/2021,0.0
11/04/2021,9.5
12/04/2021,0.5
13/04/2021,0.0
14/04/2021,40.5
15/04/2021,0.5
16/04/2021,0.0
17/04/2021,1.5
18/04/2021,0.0
19/04/2021,34.6
20/04/2021,51.4
21/04/2021,56.5
22/04/2021,44.0
23/04/2021,23.3
24/04/2021,7.2
25/04/2021,27.0
26/04/2021,0.0
27/04/2021,29.5
28/04/2021,0.0
29/04/2021,0.0
30/04/2021,5.5
01/05/2021,0.0
02/05/2021,0.0
03/05/2021,0.0
04/05/2021,1.5
05/05/2021,1.0
06/05/2021,17.9
07/05/2021,0.1
08/05/2021,0.0
09/05/2021,0.0
10/05/2021,0.0
11/05/2021,0.0
12/05/2021,0.5
13/05/2021,8.0
14/05/2021,32.0
15/05/2021,63.0
16/05/2021,0.0
17/05/2021,23.5
18/05/2021,38.0
19/05/2021,3.6
20/05/2021,0.3
21/05/2021,2.0
22/05/2021,10.0
23/05/2021,1.5
24/05/2021,6.0
25/05/2021,3.0
26/05/2021,0.5
27/05/2021,0.0
28/05/2021,0.0
29/05/2021,72.0
30/05/2021,0.5
31/05/2021,6.0
01/06/2021,3.5
02/06/2021,2.5
03/06/2021,0.0
04/06/2021,9.5
05/06/2021,0.0
06/06/2021,12.0
07/06/2021,9.0
08/06/2021,0.0
09/06/2021,9.0
10/06/2021,13.5
11/06/2021,0.5
12/06/2021,0.0
13/06/2021,4.0
14/06/2021,1.0
15/06/2021,0.0
16/06/2021,0.0
17/06/2021,0.4
18/06/2021,0.1
19/06/2021,2.0
20/06/2021,0.5
21/06/2021,0.0
22/06/2021,0.0
23/06/2021,16.8
24/06/2021,0.7
25/06/2021,28.5
26/06/2021,0.0
27/06/2021,0.0
28/06/2021,33.3
29/06/2021,4.7
30/06/2021,0.5
01/07/2021,1.0
02/07/2021,0.7
03/07/2021,12.5
04/07/2021,0.3
05/07/2021,0.0
06/07/2021,1.0
07/07/2021,2.0
08/07/2021,0.0
09/07/2021,0.5
10/07/2021,90.0
11/07/2021,10.3
12/07/2021,10.2
13/07/2021,2.0
14/07/2021,0.0
15/07/2021,0.0
16/07/2021,0.0
17/07/2021,0.0
18/07/2021,0.0
19/07/2021,0.0
20/07/2021,0.0
21/07/2021,0.0
22/07/2021,28.6
23/07/2021,6.4
24/07/2021,0.0
25/07/2021,0.0
26/07/2021,0.0
27/07/2021,0.0
28/07/2021,0.0
29/07/2021,0.0
30/07/2021,5.5
31/07/2021,0.0
01/08/2021,0.0
02/08/2021,0.0
03/08/2021,0.4
04/08/2021,6.1
05/08/2021,0.0
06/08/2021,0.0
07/08/2021,0.0
08/08/2021,0.0
09/08/2021,12.5
10/08/2021,0.0
11/08/2021,0.0
12/08/2021,0.0
13/08/2021,0.0
14/08/2021,0.0
15/08/2021,15.7
16/08/2021,1.3
17/08/2021,7.5
18/08/2021,2.0
19/08/2021,34.9
20/08/2021,8.1
21/08/2021,0.0
22/08/2021,0.0
23/08/2021,0.0
24/08/2021,0.0
25/08/2021,0.0
26/08/2021,13.5
27/08/2021,2.1
28/08/2021,48.4
29/08/2021,3.1
30/08/2021,71.8
31/08/2021,3.4
01/09/2021,26.1
02/09/2021,9.1
03/09/2021,0.2
04/09/2021,0.0
05/09/2021,1.0
06/09/2021,0.0
07/09/2021,0.5
08/09/2021,0.0
09/09/2021,0.0
10/09/2021,6.0
11/09/2021,0.5
12/09/2021,33.5
13/09/2021,2.5
14/09/2021,0.0
15/09/2021,60.0
16/09/2021,0.0
17/09/2021,0.0
18/09/2021,0.0
19/09/2021,0.0
20/09/2021,0.0
21/09/2021,8.0
22/09/2021,0.0
23/09/2021,0.0
24/09/2021,24.0
25/09/2021,14.7
26/09/2021,31.3
27/09/2021,17.5
28/09/2021,0.0
29/09/2021,12.5
30/09/2021,0.0
01/10/2021,15.1
02/10/2021,0.9
03/10/2021,21.0
04/10/2021,0.5
05/10/2021,0.0
06/10/2021,0.0
07/10/2021,3.0
08/10/2021,0.5
09/10/2021,0.0
10/10/2021,0.0
11/10/2021,0.0
12/10/2021,0.0
13/10/2021,0.0
14/10/2021,0.0
15/10/2021,0.0
16/10/2021,0.0
17/10/2021,60.5
18/10/2021,0.0
19/10/2021,0.4
20/10/2021,5.2
21/10/2021,0.8
22/10/2021,11.1
23/10/2021,20.0
24/10/2021,57.5
25/10/2021,0.0
26/10/2021,0.0
27/10/2021,32.0
28/10/2021,20.4
29/10/2021,3.1
30/10/2021,0.0
31/10/2021,18.5
01/11/2021,0.4
02/11/2021,1.6
03/11/2021,37.5
04/11/2021,0.0
05/11/2021,0.0
06/11/2021,0.0
07/11/2021,2.0
08/11/2021,12.0
09/11/2021,10.0
10/11/2021,1.4
11/11/2021,0.6
12/11/2021,16.5
13/11/2021,41.2
14/11/2021,0.8
15/11/2021,0.0
16/11/2021,61.8
17/11/2021,2.2
18/11/2021,0.4
19/11/2021,69.0
20/11/2021,2.5
21/11/2021,4.0
22/11/2021,0.9
23/11/2021,28.9
24/11/2021,4.2
25/11/2021,6.2
26/11/2021,1.8
27/11/2021,25.0
28/11/2021,4.5
29/11/2021,25.1
30/11/2021,0.8
01/12/2021,2.6
02/12/2021,29.3
03/12/2021,3.5
04/12/2021,0.2
05/12/2021,0.0
06/12/2021,0.0
07/12/2021,0.0
08/12/2021,0.0
09/12/2021,0.4
10/12/2021,47.5
11/12/2021,0.6
12/12/2021,0.0
13/12/2021,33.0
14/12/2021,0.4
15/12/2021,6.7
16/12/2021,90.7
17/12/2021,103.7
18/12/2021,128.4
19/12/2021,70.6
20/12/2021,0.5
21/12/2021,12.8
22/12/2021,0.2
23/12/2021,2.0
24/12/2021,0.5
25/12/2021,0.0
26/12/2021,0.5
27/12/2021,0.0
28/12/2021,0.0
29/12/2021,5.7
30/12/2021,308.8
31/12/2021,50.6
01/01/2022,34.8
02/01/2022,44.6
03/01/2022,8.9
04/01/2022,1.6
05/01/2022,0.0
06/01/2022,1.5
07/01/2022,0.4
08/01/2022,11.1
09/01/2022,0.0
10/01/2022,0.0
11/01/2022,0.0
12/01/2022,0.0
13/01/2022,0.0
14/01/2022,0.0
15/01/2022,0.0
16/01/2022,0.5
17/01/2022,0.0
18/01/2022,0.0
19/01/2022,0.0
20/01/2022,0.0
21/01/2022,0.0
22/01/2022,0.0
23/01/2022,0.0
24/01/2022,0.0
25/01/2022,0.0
26/01/2022,0.0
27/01/2022,0.0
28/01/2022,0.0
29/01/2022,0.0
30/01/2022,0.0
31/01/2022,0.0
01/02/2022,0.0
02/02/2022,0.0
03/02/2022,0.5
04/02/2022,3.2
05/02/2022,4.9
06/02/2022,4.6
07/02/2022,30.4
08/02/2022,38.0
09/02/2022,8.1
10/02/2022,80.7
11/02/2022,54.8
12/02/2022,0.0
13/02/2022,1.3
14/02/2022,85.8
15/02/2022,63.0
16/02/2022,11.8
17/02/2022,19.2
18/02/2022,0.0
19/02/2022,0.0
20/02/2022,6.5
21/02/2022,0.0
22/02/2022,0.5
23/02/2022,39.9
24/02/2022,151.0
25/02/2022,92.2
26/02/2022,15.9
27/02/2022,338.7
28/02/2022,37.7
01/03/2022,13.2
02/03/2022,0.0
03/03/2022,5.5
04/03/2022,1.5
05/03/2022,5.0
06/03/2022,10.5
07/03/2022,33.0
08/03/2022,0.0
09/03/2022,0.0
10/03/2022,0.0
11/03/2022,0.0
12/03/2022,0.0
13/03/2022,0.0
14/03/2022,0.0
15/03/2022,0.0
16/03/2022,0.0
17/03/2022,4.0
18/03/2022,25.0
19/03/2022,1.0
20/03/2022,20.0
21/03/2022,0.0
22/03/2022,79.5
23/03/2022,47.6
24/03/2022,1.4
25/03/2022,6.0
26/03/2022,0.0
27/03/2022,0.0
28/03/2022,0.0
29/03/2022,0.0
30/03/2022,44.0
31/03/2022,25.8
01/04/2022,11.7
02/04/2022,17.3
03/04/2022,2.5
04/04/2022,14.7
05/04/2022,27.6
06/04/2022,34.0
07/04/2022,0.5
08/04/2022,5.9
09/04/2022,115.3
10/04/2022,0.8
11/04/2022,8.5
12/04/2022,2.5
13/04/2022,5.0
14/04/2022,0.5
15/04/2022,8.0
16/04/2022,16.7
17/04/2022,0.3
18/04/2022,0.0
19/04/2022,0.0
20/04/2022,16.5
21/04/2022,0.0
22/04/2022,0.5
23/04/2022,17.5
24/04/2022,0.0
25/04/2022,0.0
26/04/2022,0.0
27/04/2022,1.5
28/04/2022,0.0
29/04/2022,14.0
30/04/2022,56.8
01/05/2022,11.2
02/05/2022,32.0
03/05/2022,0.0
04/05/2022,0.0
05/05/2022,0.0
06/05/2022,0.0
07/05/2022,10.5
08/05/2022,2.1
09/05/2022,25.4
10/05/2022,0.5
11/05/2022,18.5
12/05/2022,49.5
13/05/2022,0.5
14/05/2022,28.5
15/05/2022,1.0
16/05/2022,83.5
17/05/2022,0.0
18/05/2022,0.8
19/05/2022,0.2
20/05/2022,0.0
21/05/2022,0.0
22/05/2022,0.5
23/05/2022,9.9
24/05/2022,9.7
25/05/2022,8.8
26/05/2022,0.2
27/05/2022,0.0
28/05/2022,0.0
29/05/2022,0.0
30/05/2022,0.0
31/05/2022,0.0
01/06/2022,0.0
02/06/2022,0.5
03/06/2022,1.5
04/06/2022,0.0
05/06/2022,0.0
06/06/2022,1.0
07/06/2022,8.5
08/06/2022,2.0
09/06/2022,0.0
10/06/2022,0.0
11/06/2022,0.0
12/06/2022,0.0
13/06/2022,0.0
14/06/2022,0.5
15/06/2022,0.0
16/06/2022,0.0
17/06/2022,0.0
18/06/2022,0.0
19/06/2022,0.0
20/06/2022,0.0
21/06/2022,0.0
22/06/2022,6.0
23/06/2022,2.2
24/06/2022,7.2
25/06/2022,4.1
26/06/2022,0.0
27/06/2022,0.0
28/06/2022,0.5
29/06/2022,0.0
30/06/2022,0.0
01/07/2022,0.0
02/07/2022,0.0
03/07/2022,0.0
04/07/2022,0.4
05/07/2022,7.1
06/07/2022,0.8
07/07/2022,0.2
08/07/2022,0.0
09/07/2022,0.0
10/07/2022,0.0
11/07/2022,77.2
12/07/2022,5.5
13/07/2022,0.2
14/07/2022,6.0
15/07/2022,0.5
16/07/2022,0.0
17/07/2022,16.0
18/07/2022,0.4
19/07/2022,8.8
20/07/2022,0.3
21/07/2022,0.5
22/07/2022,0.0
23/07/2022,0.0
24/07/2022,0.0
25/07/2022,1.5
26/07/2022,0.0
27/07/2022,1.0
28/07/2022,14.5
29/07/2022,0.0
30/07/2022,0.5
31/07/2022,36.0
01/08/2022,0.5
02/08/2022,13.0
03/08/2022,6.8
04/08/2022,24.2
05/08/2022,19.8
06/08/2022,0.7
07/08/2022,0.0
08/08/2022,0.0
09/08/2022,0.5
10/08/2022,1.5
11/08/2022,0.0
12/08/2022,12.5
13/08/2022,0.0
14/08/2022,0.0
15/08/2022,19.5
16/08/2022,3.0
17/08/2022,27.8
18/08/2022,0.2
19/08/2022,0.0
20/08/2022,3.5
21/08/2022,2.5
22/08/2022,2.5
23/08/2022,1.1
24/08/2022,2.4
25/08/2022,14.5
26/08/2022,3.0
27/08/2022,12.5
28/08/2022,0.9
29/08/2022,2.0
30/08/2022,39.6
31/08/2022,10.5
01/09/2022,0.5
02/09/2022,37.5
03/09/2022,0.0
04/09/2022,0.0
05/09/2022,0.0
06/09/2022,46.5
07/09/2022,0.0
08/09/2022,0.0
09/09/2022,0.0
10/09/2022,10.0
11/09/2022,8.5
12/09/2022,0.0
13/09/2022,33.0
14/09/2022,0.0
15/09/2022,8.9
16/09/2022,0.1
17/09/2022,0.0
18/09/2022,0.0
19/09/2022,34.8
20/09/2022,14.2
21/09/2022,34.7
22/09/2022,0.7
23/09/2022,0.0
24/09/2022,0.0
25/09/2022,0.0
26/09/2022,1.5
27/09/2022,0.5
28/09/2022,3.0
29/09/2022,1.0
30/09/2022,0.4
01/10/2022,11.6
02/10/2022,0.5
03/10/2022,1.5
04/10/2022,23.0
05/10/2022,3.0
06/10/2022,11.5
07/10/2022,55.1
08/10/2022,53.7
09/10/2022,8.2
10/10/2022,13.0
11/10/2022,25.5
12/10/2022,37.7
13/10/2022,17.9
14/10/2022,8.5
15/10/2022,21.5
16/10/2022,23.0
17/10/2022,9.6
18/10/2022,19.8
19/10/2022,39.4
20/10/2022,6.7
21/10/2022,1.0
22/10/2022,1.0
23/10/2022,0.0
24/10/2022,0.0
25/10/2022,27.9
26/10/2022,0.1
27/10/2022,11.0
28/10/2022,27.0
29/10/2022,78.5
30/10/2022,40.0
31/10/2022,4.1
01/11/2022,18.8
02/11/2022,13.0
03/11/2022,4.4
04/11/2022,16.4
05/11/2022,2.2
06/11/2022,2.5
07/11/2022,8.0
08/11/2022,3.2
09/11/2022,0.7
10/11/2022,65.4
11/11/2022,14.1
12/11/2022,12.1
13/11/2022,9.8
14/11/2022,2.2
15/11/2022,17.5
16/11/2022,5.0
17/11/2022,47.7
18/11/2022,14.3
19/11/2022,0.5
20/11/2022,0.0
21/11/2022,0.0
22/11/2022,0.5
23/11/2022,0.0
24/11/2022,0.5
25/11/2022,10.5
26/11/2022,0.0
27/11/2022,6.0
28/11/2022,5.0
29/11/2022,0.4
30/11/2022,38.0
01/12/2022,6.1
02/12/2022,1.0
03/12/2022,1.3
04/12/2022,18.2
05/12/2022,1.5
06/12/2022,0.5
07/12/2022,0.3
08/12/2022,77.0
09/12/2022,22.7
10/12/2022,30.3
11/12/2022,17.6
12/12/2022,12.8
13/12/2022,37.1
14/12/2022,25.4
15/12/2022,4.3
16/12/2022,7.4
17/12/2022,19.0
18/12/2022,154.9
19/12/2022,45.2
20/12/2022,45.6
21/12/2022,111.2
22/12/2022,10.7
23/12/2022,0.0
24/12/2022,0.0
25/12/2022,0.0
26/12/2022,0.0
27/12/2022,0.5
28/12/2022,0.0
29/12/2022,0.0
30/12/2022,0.0
31/12/2022,0.0
01/01/2023,0.0
02/01/2023,0.0
03/01/2023,21.8
04/01/2023,8.7
05/01/2023,0.5
06/01/2023,5.0
07/01/2023,0.4
08/01/2023,8.1
09/01/2023,14.0
10/01/2023,4.0
11/01/2023,4.5
12/01/2023,21.6
13/01/2023,2.3
14/01/2023,11.0
15/01/2023,2.0
16/01/2023,0.0
17/01/2023,0.0
18/01/2023,0.5
19/01/2023,6.8
20/01/2023,6.8
21/01/2023,29.5
22/01/2023,25.1
23/01/2023,6.8
24/01/2023,1.9
25/01/2023,0.6
26/01/2023,1.0
27/01/2023,14.5
28/01/2023,13.7
29/01/2023,24.4
30/01/2023,6.7
31/01/2023,5.2
01/02/2023,0.5
02/02/2023,5.0
03/02/2023,23.5
04/02/2023,0.5
05/02/2023,8.1
06/02/2023,163.2
07/02/2023,5.2
08/02/2023,10.5
09/02/2023,0.0
10/02/2023,1.0
11/02/2023,1.5
12/02/2023,0.0
13/02/2023,0.0
14/02/2023,16.2
15/02/2023,0.3
16/02/2023,1.3
17/02/2023,16.2
18/02/2023,15.5
19/02/2023,0.0
20/02/2023,0.5
21/02/2023,0.0
22/02/2023,12.0
23/02/2023,0.0
24/02/2023,0.0
25/02/2023,0.0
26/02/2023,6.5
27/02/2023,10.2
28/02/2023,41.4
01/03/2023,54.5
02/03/2023,6.5
03/03/2023,9.5
04/03/2023,3.0
05/03/2023,0.0
06/03/2023,0.0
07/03/2023,0.5
08/03/2023,0.4
09/03/2023,2.5
10/03/2023,9.1
11/03/2023,0.0
12/03/2023,0.0
13/03/2023,0.0
14/03/2023,0.0
15/03/2023,0.0
16/03/2023,0.0
17/03/2023,0.0
18/03/2023,0.4
19/03/2023,0.1
20/03/2023,0.0
21/03/2023,0.0
22/03/2023,0.0
23/03/2023,0.0
24/03/2023,0.0
25/03/2023,17.0
26/03/2023,0.0
27/03/2023,0.0
28/03/2023,0.0
29/03/2023,0.0
30/03/2023,0.0
31/03/2023,0.0
01/04/2023,0.0
02/04/2023,0.0
03/04/2023,2.0
04/04/2023,9.5
05/04/2023,17.5
06/04/2023,0.5
07/04/2023,1.5
08/04/2023,0.5
09/04/2023,0.0
10/04/2023,0.0
11/04/2023,0.0
12/04/2023,0.0
13/04/2023,0.0
14/04/2023,0.0
15/04/2023,0.0
16/04/2023,0.0
17/04/2023,0.0
18/04/2023,0.0
19/04/2023,0.0
20/04/2023,0.0
21/04/2023,0.0
22/04/2023,0.0
23/04/2023,0.0
24/04/2023,0.0
25/04/2023,10.0
26/04/2023,1.0
27/04/2023,15.0
28/04/2023,11.3
29/04/2023,4.7
30/04/2023,1.5
01/05/2023,6.4
02/05/2023,2.1
03/05/2023,8.0
04/05/2023,0.5
05/05/2023,15.0
06/05/2023,42.2
07/05/2023,0.3
