Date,Value (mm)
21/12/1985,0.0
22/12/1985,133.4
23/12/1985,73.6
24/12/1985,1.5
25/12/1985,0.0
26/12/1985,0.0
27/12/1985,0.0
28/12/1985,0.0
29/12/1985,0.0
30/12/1985,0.0
31/12/1985,0.0
01/01/1986,6.5
02/01/1986,25.5
03/01/1986,72.0
04/01/1986,34.0
05/01/1986,28.0
06/01/1986,37.0
07/01/1986,1.5
08/01/1986,18.0
09/01/1986,12.0
10/01/1986,2.5
11/01/1986,2.5
12/01/1986,1.5
13/01/1986,0.0
14/01/1986,0.0
15/01/1986,0.0
16/01/1986,0.5
17/01/1986,0.5
18/01/1986,0.0
19/01/1986,0.0
20/01/1986,0.0
21/01/1986,0.0
22/01/1986,0.0
23/01/1986,0.0
24/01/1986,0.0
25/01/1986,0.0
26/01/1986,0.0
27/01/1986,0.0
28/01/1986,0.5
29/01/1986,0.0
30/01/1986,0.0
31/01/1986,0.0
01/02/1986,0.0
02/02/1986,0.0
03/02/1986,0.0
04/02/1986,0.0
05/02/1986,0.0
06/02/1986,0.0
07/02/1986,0.0
08/02/1986,0.5
09/02/1986,1.0
10/02/1986,0.0
11/02/1986,0.0
12/02/1986,0.0
13/02/1986,0.0
14/02/1986,0.0
15/02/1986,0.0
16/02/1986,0.0
17/02/1986,0.0
18/02/1986,0.0
19/02/1986,0.0
20/02/1986,0.0
21/02/1986,0.0
22/02/1986,0.0
23/02/1986,0.0
24/02/1986,0.0
25/02/1986,0.0
26/02/1986,0.0
13/04/1986,27.0
14/04/1986,4.0
15/04/1986,6.0
16/04/1986,0.0
17/04/1986,5.5
18/04/1986,4.5
19/04/1986,0.0
20/04/1986,5.5
21/04/1986,0.0
22/04/1986,0.0
23/04/1986,1.0
24/04/1986,1.0
25/04/1986,58.5
26/04/1986,0.0
27/04/1986,0.0
28/04/1986,60.0
29/04/1986,9.0
30/04/1986,1.0
01/05/1986,0.5
02/05/1986,0.0
03/05/1986,0.0
04/05/1986,0.0
05/05/1986,0.5
06/05/1986,18.0
07/05/1986,147.6
08/05/1986,3.9
09/05/1986,0.0
10/05/1986,0.0
11/05/1986,0.0
12/05/1986,0.0
13/05/1986,0.0
14/05/1986,0.0
15/05/1986,28.5
16/05/1986,0.0
17/05/1986,31.5
18/05/1986,33.0
19/05/1986,0.0
20/05/1986,2.0
21/05/1986,0.0
22/05/1986,0.0
23/05/1986,0.0
24/05/1986,11.5
25/05/1986,14.0
26/05/1986,27.0
27/05/1986,0.5
28/05/1986,0.0
29/05/1986,0.0
30/05/1986,0.0
31/05/1986,10.0
01/06/1986,8.5
02/06/1986,0.0
03/06/1986,1.5
04/06/1986,1.0
05/06/1986,74.5
06/06/1986,0.0
07/06/1986,0.0
08/06/1986,0.0
09/06/1986,0.0
10/06/1986,14.0
11/06/1986,85.5
12/06/1986,1.0
13/06/1986,4.5
14/06/1986,0.0
15/06/1986,3.5
16/06/1986,18.0
17/06/1986,2.0
18/06/1986,15.0
19/06/1986,0.0
20/06/1986,0.0
21/06/1986,0.0
22/06/1986,0.0
23/06/1986,0.0
24/06/1986,0.0
25/06/1986,0.0
26/06/1986,4.5
27/06/1986,0.0
28/06/1986,3.5
29/06/1986,22.5
30/06/1986,107.0
01/07/1986,41.5
02/07/1986,0.5
03/07/1986,20.0
04/07/1986,0.5
05/07/1986,0.0
06/07/1986,0.0
07/07/1986,0.0
08/07/1986,0.0
09/07/1986,0.0
10/07/1986,72.0
11/07/1986,46.0
12/07/1986,1.0
13/07/1986,36.0
14/07/1986,3.5
15/07/1986,1.0
16/07/1986,0.0
17/07/1986,0.0
18/07/1986,0.0
19/07/1986,0.0
20/07/1986,0.0
21/07/1986,3.0
22/07/1986,1.5
23/07/1986,43.5
24/07/1986,0.0
25/07/1986,0.5
26/07/1986,0.0
27/07/1986,38.5
28/07/1986,11.0
29/07/1986,0.5
30/07/1986,0.0
31/07/1986,41.5
01/08/1986,0.5
02/08/1986,3.0
03/08/1986,0.0
04/08/1986,0.0
05/08/1986,0.0
06/08/1986,0.0
07/08/1986,2.5
08/08/1986,0.0
09/08/1986,0.0
10/08/1986,0.0
11/08/1986,0.0
12/08/1986,0.0
13/08/1986,0.0
14/08/1986,0.0
15/08/1986,30.5
16/08/1986,0.0
17/08/1986,0.0
18/08/1986,0.0
19/08/1986,0.0
20/08/1986,0.0
21/08/1986,0.0
22/08/1986,0.0
23/08/1986,0.0
24/08/1986,0.0
25/08/1986,0.0
26/08/1986,0.0
27/08/1986,2.0
28/08/1986,13.0
29/08/1986,1.0
30/08/1986,91.0
31/08/1986,0.5
01/09/1986,0.0
02/09/1986,1.0
03/09/1986,0.5
04/09/1986,0.0
05/09/1986,0.0
06/09/1986,0.0
07/09/1986,1.0
08/09/1986,157.0
09/09/1986,5.0
10/09/1986,3.0
11/09/1986,56.0
12/09/1986,0.5
13/09/1986,3.5
14/09/1986,4.5
15/09/1986,24.0
16/09/1986,45.0
17/09/1986,17.0
18/09/1986,0.5
19/09/1986,12.1
20/09/1986,4.4
21/09/1986,12.5
22/09/1986,41.0
23/09/1986,15.5
24/09/1986,0.0
25/09/1986,1.0
26/09/1986,4.0
27/09/1986,0.0
28/09/1986,26.0
29/09/1986,7.5
30/09/1986,0.0
01/10/1986,0.0
02/10/1986,0.5
03/10/1986,35.0
04/10/1986,3.5
05/10/1986,0.0
06/10/1986,61.0
07/10/1986,5.5
08/10/1986,29.9
09/10/1986,15.6
10/10/1986,2.0
11/10/1986,64.5
12/10/1986,36.0
13/10/1986,0.0
14/10/1986,0.0
15/10/1986,13.5
16/10/1986,0.0
17/10/1986,70.5
18/10/1986,31.0
19/10/1986,29.0
20/10/1986,0.5
21/10/1986,42.0
22/10/1986,0.5
23/10/1986,1.0
24/10/1986,0.0
25/10/1986,11.5
26/10/1986,15.5
27/10/1986,15.5
28/10/1986,1.0
29/10/1986,5.0
30/10/1986,0.5
31/10/1986,18.5
01/11/1986,19.0
02/11/1986,2.0
03/11/1986,3.5
04/11/1986,6.5
05/11/1986,4.5
06/11/1986,0.0
07/11/1986,36.5
08/11/1986,20.5
09/11/1986,0.0
10/11/1986,0.0
11/11/1986,25.0
12/11/1986,2.0
13/11/1986,26.0
14/11/1986,35.5
15/11/1986,0.0
16/11/1986,0.0
17/11/1986,8.0
18/11/1986,39.0
19/11/1986,26.0
20/11/1986,13.0
21/11/1986,33.5
22/11/1986,5.0
23/11/1986,1.0
24/11/1986,3.5
25/11/1986,4.0
26/11/1986,106.0
27/11/1986,196.0
28/11/1986,101.5
29/11/1986,96.9
30/11/1986,225.5
01/12/1986,159.1
02/12/1986,9.0
03/12/1986,56.0
04/12/1986,0.5
05/12/1986,0.5
06/12/1986,21.0
07/12/1986,21.0
08/12/1986,27.0
09/12/1986,33.5
10/12/1986,9.5
11/12/1986,13.0
12/12/1986,3.0
13/12/1986,0.0
14/12/1986,0.0
15/12/1986,0.0
16/12/1986,21.0
17/12/1986,30.5
18/12/1986,9.0
19/12/1986,8.0
20/12/1986,4.5
21/12/1986,0.0
22/12/1986,0.0
23/12/1986,0.0
24/12/1986,0.0
25/12/1986,0.0
26/12/1986,0.0
27/12/1986,11.0
28/12/1986,14.0
29/12/1986,118.5
30/12/1986,2.0
31/12/1986,0.0
01/01/1987,0.5
02/01/1987,0.0
03/01/1987,0.0
04/01/1987,0.0
05/01/1987,0.0
06/01/1987,41.0
07/01/1987,36.0
08/01/1987,17.5
09/01/1987,12.5
10/01/1987,7.0
11/01/1987,36.5
12/01/1987,12.5
13/01/1987,9.5
14/01/1987,1.5
15/01/1987,0.0
16/01/1987,2.5
17/01/1987,2.0
18/01/1987,0.0
19/01/1987,0.0
20/01/1987,0.5
21/01/1987,2.5
22/01/1987,0.0
23/01/1987,0.0
24/01/1987,19.7
25/01/1987,77.8
26/01/1987,14.0
27/01/1987,9.0
28/01/1987,26.5
29/01/1987,6.0
30/01/1987,0.0
31/01/1987,0.0
01/02/1987,0.5
02/02/1987,0.0
03/02/1987,1.5
04/02/1987,0.5
05/02/1987,0.0
06/02/1987,0.0
07/02/1987,0.0
08/02/1987,0.0
09/02/1987,0.0
10/02/1987,0.0
11/02/1987,0.0
12/02/1987,0.0
13/02/1987,0.0
14/02/1987,0.0
15/02/1987,0.0
16/02/1987,0.0
17/02/1987,0.0
18/02/1987,0.0
19/02/1987,0.0
20/02/1987,0.0
21/02/1987,0.0
06/04/1987,21.0
07/04/1987,0.0
08/04/1987,29.5
09/04/1987,1.0
10/04/1987,64.0
11/04/1987,10.0
12/04/1987,0.0
13/04/1987,0.0
14/04/1987,0.0
15/04/1987,0.0
16/04/1987,0.0
17/04/1987,0.0
18/04/1987,6.0
19/04/1987,2.0
20/04/1987,0.0
21/04/1987,23.0
22/04/1987,0.0
23/04/1987,0.0
24/04/1987,0.0
25/04/1987,1.5
26/04/1987,0.5
27/04/1987,0.5
28/04/1987,11.0
29/04/1987,3.0
30/04/1987,2.5
01/05/1987,17.5
02/05/1987,0.5
03/05/1987,0.5
04/05/1987,0.0
05/05/1987,50.0
06/05/1987,0.0
07/05/1987,0.0
08/05/1987,6.5
09/05/1987,0.0
10/05/1987,0.0
11/05/1987,25.5
12/05/1987,8.5
13/05/1987,0.5
14/05/1987,0.0
15/05/1987,2.0
16/05/1987,0.0
17/05/1987,47.0
18/05/1987,0.0
19/05/1987,0.0
20/05/1987,0.0
21/05/1987,0.0
22/05/1987,0.0
23/05/1987,0.0
24/05/1987,0.0
25/05/1987,0.0
26/05/1987,0.0
27/05/1987,0.0
28/05/1987,0.5
29/05/1987,0.5
30/05/1987,2.0
31/05/1987,0.5
01/06/1987,0.0
02/06/1987,4.0
03/06/1987,6.0
04/06/1987,0.0
05/06/1987,50.0
06/06/1987,5.0
07/06/1987,0.0
08/06/1987,10.5
09/06/1987,1.5
10/06/1987,2.5
11/06/1987,0.0
12/06/1987,29.7
13/06/1987,11.8
14/06/1987,0.5
15/06/1987,0.0
16/06/1987,0.0
17/06/1987,0.0
18/06/1987,0.0
19/06/1987,0.0
20/06/1987,0.0
21/06/1987,7.5
22/06/1987,0.0
23/06/1987,2.0
24/06/1987,0.0
25/06/1987,14.0
26/06/1987,5.5
27/06/1987,13.0
28/06/1987,0.5
29/06/1987,0.5
30/06/1987,0.0
01/07/1987,0.0
02/07/1987,0.0
03/07/1987,0.0
04/07/1987,0.0
05/07/1987,2.5
06/07/1987,0.0
07/07/1987,60.0
08/07/1987,0.5
09/07/1987,0.0
10/07/1987,0.5
11/07/1987,34.5
12/07/1987,1.0
13/07/1987,21.5
14/07/1987,20.0
15/07/1987,0.0
16/07/1987,52.0
17/07/1987,5.0
18/07/1987,8.5
19/07/1987,0.5
20/07/1987,0.0
21/07/1987,17.0
22/07/1987,0.0
23/07/1987,2.5
24/07/1987,0.5
25/07/1987,4.5
26/07/1987,0.5
27/07/1987,0.0
28/07/1987,0.0
29/07/1987,0.0
30/07/1987,0.0
31/07/1987,0.0
01/08/1987,0.0
02/08/1987,0.0
03/08/1987,2.5
04/08/1987,0.0
05/08/1987,0.0
06/08/1987,6.5
07/08/1987,31.0
08/08/1987,0.5
09/08/1987,0.0
10/08/1987,0.0
11/08/1987,2.0
12/08/1987,1.5
13/08/1987,43.0
14/08/1987,14.5
15/08/1987,0.0
16/08/1987,0.5
17/08/1987,1.0
18/08/1987,1.4
19/08/1987,14.6
20/08/1987,4.0
21/08/1987,1.5
22/08/1987,10.0
23/08/1987,3.0
24/08/1987,0.0
25/08/1987,0.0
26/08/1987,25.5
27/08/1987,25.0
28/08/1987,2.0
29/08/1987,1.0
30/08/1987,0.0
31/08/1987,0.0
01/09/1987,0.0
02/09/1987,0.0
03/09/1987,0.0
04/09/1987,13.0
05/09/1987,1.0
06/09/1987,13.0
07/09/1987,52.4
08/09/1987,9.1
09/09/1987,10.0
10/09/1987,6.5
11/09/1987,16.2
12/09/1987,30.8
13/09/1987,15.0
14/09/1987,1.0
15/09/1987,0.0
16/09/1987,14.5
17/09/1987,68.5
18/09/1987,0.0
19/09/1987,0.0
20/09/1987,0.5
21/09/1987,0.5
22/09/1987,5.5
23/09/1987,0.0
24/09/1987,0.0
25/09/1987,0.0
26/09/1987,21.0
27/09/1987,45.0
28/09/1987,0.5
29/09/1987,1.5
30/09/1987,1.5
01/10/1987,0.0
02/10/1987,0.0
03/10/1987,24.0
04/10/1987,0.0
05/10/1987,0.0
06/10/1987,27.5
07/10/1987,28.5
08/10/1987,0.0
09/10/1987,12.0
10/10/1987,28.5
11/10/1987,4.5
12/10/1987,0.0
13/10/1987,0.5
14/10/1987,1.0
15/10/1987,2.5
16/10/1987,3.0
17/10/1987,0.0
18/10/1987,0.0
19/10/1987,0.0
20/10/1987,14.0
21/10/1987,3.0
22/10/1987,0.5
23/10/1987,0.0
24/10/1987,10.0
25/10/1987,70.9
26/10/1987,12.6
27/10/1987,0.0
28/10/1987,8.0
29/10/1987,0.0
30/10/1987,0.0
31/10/1987,0.5
01/11/1987,0.0
02/11/1987,0.0
03/11/1987,4.5
04/11/1987,2.0
05/11/1987,17.0
06/11/1987,0.0
07/11/1987,0.0
08/11/1987,37.5
09/11/1987,0.0
10/11/1987,46.0
11/11/1987,12.5
12/11/1987,39.0
13/11/1987,66.0
14/11/1987,0.5
15/11/1987,41.5
16/11/1987,4.5
17/11/1987,1.0
18/11/1987,13.5
19/11/1987,0.5
20/11/1987,2.0
21/11/1987,52.0
22/11/1987,9.5
23/11/1987,2.0
24/11/1987,13.0
25/11/1987,0.0
26/11/1987,8.0
27/11/1987,0.5
28/11/1987,0.0
29/11/1987,0.0
30/11/1987,1.0
01/12/1987,41.0
02/12/1987,29.0
03/12/1987,170.0
04/12/1987,8.5
05/12/1987,7.0
06/12/1987,241.5
07/12/1987,40.5
08/12/1987,140.0
09/12/1987,14.5
10/12/1987,81.0
11/12/1987,137.0
12/12/1987,10.0
13/12/1987,36.0
14/12/1987,1.0
15/12/1987,0.5
16/12/1987,0.0
17/12/1987,27.5
18/12/1987,1.0
19/12/1987,2.0
20/12/1987,0.0
21/12/1987,0.0
22/12/1987,0.0
23/12/1987,0.0
24/12/1987,0.0
25/12/1987,1.0
26/12/1987,48.0
27/12/1987,44.5
28/12/1987,114.5
29/12/1987,10.0
30/12/1987,0.0
31/12/1987,0.0
01/01/1988,0.0
02/01/1988,0.0
03/01/1988,1.0
04/01/1988,1.0
05/01/1988,1.0
06/01/1988,1.0
07/01/1988,0.0
08/01/1988,0.0
09/01/1988,0.0
10/01/1988,2.5
11/01/1988,7.5
12/01/1988,10.0
13/01/1988,2.5
14/01/1988,4.5
15/01/1988,0.0
16/01/1988,1.5
17/01/1988,1.0
18/01/1988,0.0
19/01/1988,0.0
20/01/1988,0.0
21/01/1988,0.0
22/01/1988,0.0
23/01/1988,0.0
24/01/1988,9.0
25/01/1988,2.0
26/01/1988,1.0
27/01/1988,21.0
28/01/1988,1.0
29/01/1988,0.0
30/01/1988,3.5
31/01/1988,1.0
01/02/1988,1.5
02/02/1988,0.0
03/02/1988,0.0
04/02/1988,0.0
05/02/1988,2.5
06/02/1988,21.5
07/02/1988,20.5
08/02/1988,0.0
09/02/1988,0.0
10/02/1988,38.0
11/02/1988,0.0
12/02/1988,0.0
13/02/1988,0.0
14/02/1988,0.0
15/02/1988,0.0
16/02/1988,38.0
17/02/1988,2.0
18/02/1988,3.0
19/02/1988,8.5
20/02/1988,9.0
21/02/1988,25.0
22/02/1988,4.5
23/02/1988,0.5
24/02/1988,0.0
25/02/1988,7.5
26/02/1988,1.5
27/02/1988,0.5
28/02/1988,1.5
29/02/1988,0.0
01/03/1988,0.0
02/03/1988,0.0
03/03/1988,3.5
04/03/1988,0.0
05/03/1988,35.5
06/03/1988,20.0
07/03/1988,99.0
08/03/1988,170.5
09/03/1988,26.0
10/03/1988,9.5
11/03/1988,5.0
12/03/1988,0.0
13/03/1988,0.0
14/03/1988,0.0
15/03/1988,0.0
16/03/1988,0.0
17/03/1988,0.0
18/03/1988,0.0
19/03/1988,0.0
20/03/1988,0.0
21/03/1988,0.0
22/03/1988,10.5
23/03/1988,9.5
24/03/1988,0.0
25/03/1988,0.0
26/03/1988,0.0
27/03/1988,0.0
28/03/1988,0.0
29/03/1988,0.0
30/03/1988,0.0
31/03/1988,0.0
01/04/1988,0.0
02/04/1988,0.0
03/04/1988,18.5
04/04/1988,3.5
05/04/1988,1.0
06/04/1988,0.0
07/04/1988,40.5
08/04/1988,0.5
09/04/1988,10.5
10/04/1988,9.0
11/04/1988,66.0
12/04/1988,9.5
13/04/1988,0.5
14/04/1988,0.0
15/04/1988,0.0
16/04/1988,0.0
17/04/1988,0.0
18/04/1988,11.0
19/04/1988,8.0
20/04/1988,0.0
21/04/1988,0.0
22/04/1988,0.0
23/04/1988,0.0
24/04/1988,0.0
25/04/1988,0.0
26/04/1988,0.5
27/04/1988,0.5
28/04/1988,0.0
29/04/1988,7.0
30/04/1988,0.0
29/06/1988,52.5
30/06/1988,0.0
01/07/1988,0.5
02/07/1988,0.0
03/07/1988,0.0
04/07/1988,0.0
05/07/1988,0.0
06/07/1988,2.0
07/07/1988,6.0
08/07/1988,24.0
09/07/1988,3.5
10/07/1988,21.5
11/07/1988,0.0
12/07/1988,0.0
13/07/1988,0.0
14/07/1988,0.5
15/07/1988,0.0
16/07/1988,0.0
17/07/1988,0.0
18/07/1988,0.0
19/07/1988,1.0
20/07/1988,1.5
21/07/1988,0.0
22/07/1988,1.0
23/07/1988,2.0
24/07/1988,4.5
25/07/1988,0.0
26/07/1988,19.0
27/07/1988,0.0
28/07/1988,13.0
29/07/1988,3.5
30/07/1988,0.0
31/07/1988,0.0
01/08/1988,0.0
02/08/1988,11.5
03/08/1988,0.0
04/08/1988,29.0
05/08/1988,42.0
06/08/1988,15.0
07/08/1988,0.0
08/08/1988,1.5
09/08/1988,0.0
10/08/1988,0.0
11/08/1988,0.0
12/08/1988,13.0
13/08/1988,27.5
14/08/1988,0.5
15/08/1988,0.0
16/08/1988,1.0
17/08/1988,28.0
18/08/1988,0.0
19/08/1988,0.5
20/08/1988,2.1
21/08/1988,28.9
22/08/1988,50.5
23/08/1988,3.5
24/08/1988,4.0
25/08/1988,2.0
26/08/1988,0.0
27/08/1988,5.5
28/08/1988,0.0
29/08/1988,0.0
30/08/1988,8.5
31/08/1988,0.5
01/09/1988,4.0
02/09/1988,0.0
03/09/1988,0.5
04/09/1988,0.0
05/09/1988,2.7
06/09/1988,130.8
07/09/1988,0.0
08/09/1988,0.0
09/09/1988,11.0
10/09/1988,6.0
11/09/1988,0.0
12/09/1988,0.0
13/09/1988,7.0
14/09/1988,0.0
15/09/1988,6.0
16/09/1988,1.5
17/09/1988,6.5
18/09/1988,0.0
19/09/1988,0.0
20/09/1988,0.0
21/09/1988,0.0
22/09/1988,0.0
23/09/1988,0.0
24/09/1988,0.0
25/09/1988,0.0
26/09/1988,17.0
27/09/1988,7.5
28/09/1988,1.5
29/09/1988,11.3
30/09/1988,47.2
01/10/1988,1.0
02/10/1988,1.5
03/10/1988,0.0
04/10/1988,0.0
05/10/1988,27.5
06/10/1988,8.0
07/10/1988,0.0
08/10/1988,38.5
09/10/1988,1.0
10/10/1988,13.0
11/10/1988,3.5
12/10/1988,18.0
13/10/1988,16.0
14/10/1988,10.0
15/10/1988,0.0
16/10/1988,0.0
17/10/1988,10.5
18/10/1988,4.5
19/10/1988,0.5
20/10/1988,24.5
21/10/1988,2.0
22/10/1988,0.5
23/10/1988,0.0
24/10/1988,0.0
25/10/1988,13.0
26/10/1988,15.0
27/10/1988,9.5
28/10/1988,51.0
29/10/1988,31.5
30/10/1988,28.5
31/10/1988,63.5
01/11/1988,2.0
02/11/1988,4.0
03/11/1988,7.0
04/11/1988,97.5
05/11/1988,6.5
06/11/1988,4.5
07/11/1988,44.5
08/11/1988,11.5
09/11/1988,0.5
10/11/1988,77.5
11/11/1988,6.5
12/11/1988,0.0
13/11/1988,22.0
14/11/1988,31.0
15/11/1988,37.0
16/11/1988,9.6
17/11/1988,29.4
18/11/1988,41.8
19/11/1988,225.2
20/11/1988,240.1
21/11/1988,22.3
22/11/1988,13.1
23/11/1988,22.0
24/11/1988,7.5
25/11/1988,0.0
26/11/1988,0.5
27/11/1988,10.0
28/11/1988,4.0
29/11/1988,52.5
30/11/1988,216.9
01/12/1988,5.7
02/12/1988,15.0
03/12/1988,7.0
04/12/1988,0.0
05/12/1988,2.5
06/12/1988,0.0
07/12/1988,0.0
08/12/1988,0.0
09/12/1988,0.0
10/12/1988,0.0
11/12/1988,0.0
12/12/1988,0.0
13/12/1988,9.0
14/12/1988,6.0
15/12/1988,3.0
16/12/1988,4.5
17/12/1988,2.0
18/12/1988,5.0
19/12/1988,39.0
20/12/1988,8.5
21/12/1988,0.5
22/12/1988,49.0
23/12/1988,3.0
24/12/1988,0.0
25/12/1988,0.0
26/12/1988,0.5
27/12/1988,0.0
28/12/1988,0.0
29/12/1988,0.5
30/12/1988,0.0
31/12/1988,25.0
01/01/1989,33.0
02/01/1989,25.5
03/01/1989,9.1
04/01/1989,6.4
05/01/1989,7.5
06/01/1989,2.5
07/01/1989,2.0
08/01/1989,0.0
09/01/1989,0.0
10/01/1989,1.5
11/01/1989,3.0
12/01/1989,5.5
13/01/1989,5.0
14/01/1989,8.0
15/01/1989,7.5
16/01/1989,6.0
17/01/1989,6.5
18/01/1989,3.5
19/01/1989,1.0
20/01/1989,0.0
21/01/1989,0.0
22/01/1989,4.5
23/01/1989,34.0
24/01/1989,0.5
25/01/1989,0.0
26/01/1989,0.0
27/01/1989,0.0
28/01/1989,0.0
29/01/1989,0.0
30/01/1989,0.0
31/01/1989,37.0
01/02/1989,2.5
02/02/1989,0.0
03/02/1989,0.0
04/02/1989,0.0
05/02/1989,0.0
06/02/1989,0.0
07/02/1989,0.0
08/02/1989,0.0
09/02/1989,0.0
10/02/1989,0.0
11/02/1989,0.0
12/02/1989,0.0
13/02/1989,0.0
14/02/1989,0.0
15/02/1989,0.0
16/02/1989,0.0
17/02/1989,0.0
18/02/1989,0.0
19/02/1989,3.0
20/02/1989,0.0
21/02/1989,0.0
22/02/1989,0.0
23/02/1989,45.0
24/02/1989,4.5
25/02/1989,0.0
26/02/1989,0.0
27/02/1989,0.0
28/02/1989,0.0
01/03/1989,0.5
02/03/1989,0.0
03/03/1989,0.5
04/03/1989,0.0
05/03/1989,7.0
06/03/1989,75.0
07/03/1989,13.5
08/03/1989,0.0
09/03/1989,10.5
10/03/1989,0.5
11/03/1989,0.0
12/03/1989,0.0
13/03/1989,0.0
14/03/1989,0.0
15/03/1989,0.0
16/03/1989,42.0
17/03/1989,25.5
18/03/1989,0.0
19/03/1989,0.5
20/03/1989,2.0
21/03/1989,4.0
22/03/1989,0.5
23/03/1989,0.0
24/03/1989,0.0
25/03/1989,0.0
26/03/1989,0.0
27/03/1989,0.0
28/03/1989,2.0
29/03/1989,2.0
30/03/1989,26.0
31/03/1989,0.5
01/04/1989,0.0
02/04/1989,10.0
03/04/1989,0.0
04/04/1989,0.0
05/04/1989,0.0
06/04/1989,1.5
07/04/1989,0.5
08/04/1989,0.0
09/04/1989,0.0
10/04/1989,15.0
11/04/1989,2.0
12/04/1989,7.7
13/04/1989,13.3
14/04/1989,1.0
15/04/1989,6.0
16/04/1989,0.0
17/04/1989,0.0
18/04/1989,0.0
19/04/1989,0.0
20/04/1989,23.0
21/04/1989,11.0
22/04/1989,0.5
23/04/1989,0.0
24/04/1989,0.0
25/04/1989,0.0
26/04/1989,7.5
27/04/1989,0.5
28/04/1989,18.0
29/04/1989,0.5
30/04/1989,0.0
01/05/1989,0.0
02/05/1989,7.0
03/05/1989,50.0
04/05/1989,0.5
05/05/1989,49.5
06/05/1989,0.5
07/05/1989,15.5
08/05/1989,29.0
09/05/1989,47.5
10/05/1989,0.0
11/05/1989,0.0
12/05/1989,3.5
13/05/1989,71.0
14/05/1989,0.5
15/05/1989,2.9
16/05/1989,6.1
17/05/1989,0.0
18/05/1989,9.0
19/05/1989,0.5
20/05/1989,12.0
21/05/1989,36.5
22/05/1989,2.0
23/05/1989,40.0
24/05/1989,21.5
25/05/1989,1.0
26/05/1989,17.5
27/05/1989,4.5
28/05/1989,0.0
29/05/1989,0.0
30/05/1989,1.0
31/05/1989,0.0
01/06/1989,0.0
02/06/1989,12.5
03/06/1989,0.5
04/06/1989,19.5
05/06/1989,0.0
06/06/1989,23.5
07/06/1989,0.0
08/06/1989,0.0
09/06/1989,6.5
10/06/1989,0.5
11/06/1989,0.0
12/06/1989,0.0
13/06/1989,27.5
14/06/1989,5.5
15/06/1989,28.0
16/06/1989,1.5
17/06/1989,0.0
18/06/1989,29.7
19/06/1989,21.8
20/06/1989,0.0
21/06/1989,0.0
22/06/1989,0.0
23/06/1989,0.0
24/06/1989,0.0
25/06/1989,26.5
26/06/1989,8.0
27/06/1989,0.5
28/06/1989,4.0
29/06/1989,0.0
30/06/1989,0.0
01/07/1989,3.5
02/07/1989,15.5
03/07/1989,14.5
04/07/1989,0.0
05/07/1989,0.0
06/07/1989,37.0
07/07/1989,0.0
08/07/1989,0.0
09/07/1989,0.5
10/07/1989,0.0
11/07/1989,0.0
12/07/1989,3.0
13/07/1989,0.0
14/07/1989,0.0
15/07/1989,7.5
16/07/1989,0.5
17/07/1989,0.0
18/07/1989,4.0
19/07/1989,0.0
20/07/1989,0.0
21/07/1989,0.0
22/07/1989,0.0
23/07/1989,0.0
24/07/1989,0.0
25/07/1989,0.0
26/07/1989,0.0
27/07/1989,0.0
28/07/1989,11.5
29/07/1989,0.5
30/07/1989,0.0
31/07/1989,0.0
01/08/1989,9.5
02/08/1989,25.5
03/08/1989,71.5
04/08/1989,13.0
05/08/1989,0.0
06/08/1989,0.0
07/08/1989,0.0
08/08/1989,13.5
09/08/1989,0.0
10/08/1989,63.0
11/08/1989,0.0
12/08/1989,0.0
13/08/1989,0.0
14/08/1989,0.0
15/08/1989,8.5
16/08/1989,30.5
17/08/1989,0.0
18/08/1989,47.0
19/08/1989,4.0
20/08/1989,0.0
21/08/1989,0.0
22/08/1989,0.0
23/08/1989,3.0
24/08/1989,62.0
25/08/1989,2.5
26/08/1989,0.0
27/08/1989,9.5
28/08/1989,16.5
29/08/1989,8.5
30/08/1989,13.5
31/08/1989,0.0
01/09/1989,0.0
02/09/1989,0.0
03/09/1989,1.0
04/09/1989,0.0
05/09/1989,0.0
06/09/1989,0.0
07/09/1989,0.0
13/09/1989,28.5
14/09/1989,39.5
15/09/1989,8.0
16/09/1989,67.0
17/09/1989,43.5
18/09/1989,0.0
19/09/1989,0.0
20/09/1989,0.0
21/09/1989,0.0
22/09/1989,1.5
23/09/1989,3.0
24/09/1989,1.5
25/09/1989,6.0
26/09/1989,13.0
27/09/1989,0.5
28/09/1989,54.0
29/09/1989,17.9
30/09/1989,4.6
01/10/1989,23.0
02/10/1989,0.0
03/10/1989,0.0
04/10/1989,0.0
05/10/1989,9.0
06/10/1989,2.0
07/10/1989,5.5
08/10/1989,0.5
09/10/1989,6.0
10/10/1989,11.0
11/10/1989,0.5
12/10/1989,0.5
13/10/1989,13.0
14/10/1989,0.0
15/10/1989,0.0
16/10/1989,14.0
17/10/1989,0.0
18/10/1989,29.5
19/10/1989,9.5
20/10/1989,0.0
21/10/1989,2.0
22/10/1989,0.5
23/10/1989,0.0
24/10/1989,0.0
25/10/1989,63.0
26/10/1989,7.0
27/10/1989,21.0
28/10/1989,1.0
29/10/1989,0.5
30/10/1989,9.0
31/10/1989,9.5
01/11/1989,3.0
02/11/1989,3.5
03/11/1989,1.0
04/11/1989,6.8
05/11/1989,12.7
06/11/1989,22.3
07/11/1989,9.2
08/11/1989,4.5
09/11/1989,5.0
10/11/1989,0.0
11/11/1989,8.0
12/11/1989,1.5
13/11/1989,0.0
14/11/1989,15.5
15/11/1989,32.0
16/11/1989,51.0
17/11/1989,13.5
18/11/1989,18.0
19/11/1989,11.0
20/11/1989,0.0
21/11/1989,2.0
22/11/1989,5.5
23/11/1989,0.5
24/11/1989,0.0
25/11/1989,0.0
26/11/1989,0.0
27/11/1989,0.5
28/11/1989,12.0
29/11/1989,36.0
30/11/1989,39.0
01/12/1989,60.0
02/12/1989,2.5
03/12/1989,10.0
04/12/1989,0.5
05/12/1989,0.5
06/12/1989,0.5
07/12/1989,0.5
08/12/1989,0.0
09/12/1989,0.0
10/12/1989,1.0
11/12/1989,0.0
12/12/1989,3.0
13/12/1989,1.0
14/12/1989,1.0
15/12/1989,3.0
16/12/1989,0.0
17/12/1989,0.0
18/12/1989,0.0
19/12/1989,2.5
20/12/1989,0.0
21/12/1989,0.0
22/12/1989,2.0
23/12/1989,11.5
24/12/1989,44.5
25/12/1989,0.0
26/12/1989,0.5
27/12/1989,0.0
28/12/1989,16.0
29/12/1989,0.5
30/12/1989,19.5
31/12/1989,11.5
01/01/1990,1.5
02/01/1990,0.0
03/01/1990,0.5
04/01/1990,0.0
05/01/1990,0.0
06/01/1990,0.0
07/01/1990,0.5
08/01/1990,151.5
09/01/1990,4.5
10/01/1990,0.0
11/01/1990,9.5
12/01/1990,72.0
13/01/1990,83.0
14/01/1990,7.5
15/01/1990,2.5
16/01/1990,0.0
17/01/1990,0.0
18/01/1990,0.0
19/01/1990,0.0
20/01/1990,0.5
21/01/1990,0.0
22/01/1990,9.0
23/01/1990,1.5
24/01/1990,0.5
25/01/1990,0.0
26/01/1990,0.0
27/01/1990,0.0
28/01/1990,0.0
29/01/1990,0.0
30/01/1990,0.0
31/01/1990,0.0
01/02/1990,0.0
02/02/1990,11.5
03/02/1990,18.0
04/02/1990,7.0
05/02/1990,1.5
06/02/1990,9.0
07/02/1990,42.5
08/02/1990,1.5
09/02/1990,4.0
10/02/1990,1.0
11/02/1990,11.0
12/02/1990,0.5
13/02/1990,0.0
14/02/1990,0.0
15/02/1990,0.0
16/02/1990,0.0
17/02/1990,0.0
18/02/1990,0.0
19/02/1990,0.0
20/02/1990,0.0
21/02/1990,0.0
22/02/1990,0.0
23/02/1990,0.0
24/02/1990,0.0
25/02/1990,0.0
26/02/1990,0.0
27/02/1990,0.0
28/02/1990,0.0
01/03/1990,0.0
02/03/1990,0.0
03/03/1990,0.0
04/03/1990,0.0
05/03/1990,0.0
06/03/1990,0.0
07/03/1990,3.0
08/03/1990,0.0
09/03/1990,0.5
10/03/1990,0.5
11/03/1990,0.0
12/03/1990,0.0
13/03/1990,0.0
14/03/1990,0.0
15/03/1990,0.0
16/03/1990,13.0
17/03/1990,3.5
18/03/1990,1.0
19/03/1990,0.5
20/03/1990,0.0
21/03/1990,0.0
22/03/1990,0.0
23/03/1990,11.5
24/03/1990,0.0
25/03/1990,0.0
26/03/1990,0.0
27/03/1990,0.0
28/03/1990,0.0
29/03/1990,10.0
30/03/1990,0.5
31/03/1990,0.5
01/04/1990,0.0
02/04/1990,13.0
03/04/1990,0.0
04/04/1990,0.5
05/04/1990,1.0
06/04/1990,73.7
07/04/1990,20.8
08/04/1990,0.0
09/04/1990,30.5
10/04/1990,0.5
11/04/1990,13.0
12/04/1990,23.5
13/04/1990,77.0
14/04/1990,2.5
15/04/1990,0.5
16/04/1990,0.5
17/04/1990,3.6
18/04/1990,15.4
19/04/1990,0.0
20/04/1990,0.0
21/04/1990,0.0
22/04/1990,0.5
23/04/1990,29.0
24/04/1990,0.5
25/04/1990,3.0
26/04/1990,0.0
27/04/1990,20.5
28/04/1990,12.0
29/04/1990,15.5
30/04/1990,3.0
01/05/1990,0.0
02/05/1990,0.0
03/05/1990,1.2
04/05/1990,1.8
05/05/1990,0.0
06/05/1990,0.0
07/05/1990,4.0
08/05/1990,0.5
09/05/1990,0.0
10/05/1990,0.0
11/05/1990,0.0
12/05/1990,0.0
13/05/1990,0.0
14/05/1990,0.0
15/05/1990,0.0
16/05/1990,0.5
17/05/1990,31.6
18/05/1990,24.9
19/05/1990,3.5
20/05/1990,0.5
21/05/1990,0.0
22/05/1990,34.5
23/05/1990,36.5
24/05/1990,46.0
25/05/1990,0.0
26/05/1990,12.5
27/05/1990,0.0
28/05/1990,0.0
29/05/1990,53.0
30/05/1990,31.5
31/05/1990,8.5
01/06/1990,1.0
02/06/1990,0.0
03/06/1990,0.0
04/06/1990,0.0
05/06/1990,1.0
06/06/1990,0.0
07/06/1990,0.5
08/06/1990,0.5
09/06/1990,0.0
10/06/1990,0.0
11/06/1990,0.0
12/06/1990,19.5
13/06/1990,0.0
14/06/1990,0.5
15/06/1990,0.0
16/06/1990,0.0
17/06/1990,0.0
18/06/1990,0.0
19/06/1990,28.0
20/06/1990,58.0
21/06/1990,0.0
22/06/1990,16.0
23/06/1990,4.0
24/06/1990,1.0
25/06/1990,21.0
26/06/1990,40.5
27/06/1990,0.0
28/06/1990,0.0
29/06/1990,0.0
30/06/1990,41.0
01/07/1990,10.5
02/07/1990,23.5
03/07/1990,0.0
04/07/1990,0.0
05/07/1990,0.0
06/07/1990,1.5
07/07/1990,61.0
08/07/1990,0.0
09/07/1990,6.5
10/07/1990,0.0
11/07/1990,97.0
12/07/1990,47.5
13/07/1990,20.5
14/07/1990,2.0
15/07/1990,0.5
16/07/1990,0.0
17/07/1990,0.0
18/07/1990,2.5
19/07/1990,4.8
20/07/1990,8.2
21/07/1990,33.6
22/07/1990,1.4
23/07/1990,7.0
24/07/1990,15.0
25/07/1990,0.0
26/07/1990,24.0
27/07/1990,0.0
28/07/1990,6.5
29/07/1990,14.9
30/07/1990,2.6
31/07/1990,0.0
01/08/1990,0.0
02/08/1990,0.0
03/08/1990,49.5
04/08/1990,0.0
05/08/1990,35.5
06/08/1990,0.0
07/08/1990,1.0
08/08/1990,0.0
09/08/1990,57.5
10/08/1990,1.0
11/08/1990,0.5
12/08/1990,0.0
13/08/1990,20.8
14/08/1990,38.7
15/08/1990,25.0
16/08/1990,35.5
17/08/1990,5.0
18/08/1990,0.0
19/08/1990,0.0
20/08/1990,0.0
21/08/1990,0.0
22/08/1990,0.0
23/08/1990,0.0
24/08/1990,0.0
25/08/1990,0.0
26/08/1990,0.0
27/08/1990,0.0
28/08/1990,24.0
29/08/1990,7.5
30/08/1990,7.5
31/08/1990,0.0
01/09/1990,28.5
02/09/1990,0.0
03/09/1990,15.0
04/09/1990,30.5
05/09/1990,0.0
06/09/1990,0.0
07/09/1990,0.5
08/09/1990,0.0
09/09/1990,20.0
10/09/1990,10.0
11/09/1990,0.5
12/09/1990,7.0
13/09/1990,0.0
14/09/1990,0.0
15/09/1990,0.0
16/09/1990,27.0
17/09/1990,91.5
18/09/1990,69.9
19/09/1990,9.6
20/09/1990,0.0
21/09/1990,0.5
22/09/1990,7.5
23/09/1990,49.0
24/09/1990,1.5
25/09/1990,61.5
26/09/1990,2.5
27/09/1990,0.0
28/09/1990,0.5
29/09/1990,4.0
30/09/1990,18.5
01/10/1990,7.5
02/10/1990,0.5
03/10/1990,0.0
04/10/1990,1.0
05/10/1990,0.0
06/10/1990,0.0
07/10/1990,0.0
08/10/1990,0.0
09/10/1990,0.0
10/10/1990,0.0
11/10/1990,5.5
12/10/1990,28.3
13/10/1990,9.7
14/10/1990,44.0
15/10/1990,1.0
16/10/1990,0.0
17/10/1990,51.5
23/10/1990,1.5
24/10/1990,3.0
25/10/1990,0.5
26/10/1990,40.0
27/10/1990,8.5
28/10/1990,0.5
29/10/1990,2.5
30/10/1990,4.5
31/10/1990,18.0
01/11/1990,0.0
02/11/1990,15.5
03/11/1990,0.0
04/11/1990,19.5
05/11/1990,5.0
06/11/1990,2.5
07/11/1990,5.5
08/11/1990,6.5
09/11/1990,12.0
10/11/1990,0.0
11/11/1990,10.5
12/11/1990,10.5
13/11/1990,20.5
14/11/1990,36.5
15/11/1990,4.0
16/11/1990,0.0
17/11/1990,4.0
18/11/1990,0.0
19/11/1990,0.0
20/11/1990,4.0
21/11/1990,0.5
22/11/1990,4.5
23/11/1990,68.5
24/11/1990,105.0
25/11/1990,286.3
26/11/1990,88.2
27/11/1990,19.5
09/02/1991,0.0
10/02/1991,0.0
11/02/1991,0.0
12/02/1991,0.0
13/02/1991,0.0
14/02/1991,0.0
15/02/1991,0.0
16/02/1991,0.0
17/02/1991,0.0
18/02/1991,0.0
19/02/1991,0.0
20/02/1991,0.0
21/02/1991,2.5
22/02/1991,25.0
23/02/1991,0.5
24/02/1991,0.0
25/02/1991,0.5
26/02/1991,20.5
27/02/1991,1.5
28/02/1991,4.5
01/03/1991,5.0
02/03/1991,0.0
03/03/1991,0.0
04/03/1991,0.0
05/03/1991,0.0
06/03/1991,0.0
07/03/1991,0.0
08/03/1991,0.0
09/03/1991,0.0
10/03/1991,0.0
11/03/1991,0.0
12/03/1991,0.0
13/03/1991,0.0
14/03/1991,0.0
15/03/1991,0.0
16/03/1991,0.0
17/03/1991,0.0
18/03/1991,23.0
19/03/1991,0.0
20/03/1991,0.5
21/03/1991,5.5
22/03/1991,11.5
23/03/1991,0.0
24/03/1991,0.0
25/03/1991,4.5
26/03/1991,0.5
27/03/1991,10.5
28/03/1991,0.0
29/03/1991,2.0
30/03/1991,6.5
31/03/1991,0.0
01/04/1991,0.0
02/04/1991,17.0
03/04/1991,31.5
04/04/1991,75.5
05/04/1991,2.0
06/04/1991,0.5
07/04/1991,0.5
08/04/1991,0.5
09/04/1991,0.0
10/04/1991,0.0
11/04/1991,0.0
12/04/1991,0.0
13/04/1991,0.0
14/04/1991,0.0
15/04/1991,0.0
16/04/1991,0.0
17/04/1991,0.0
18/04/1991,0.0
19/04/1991,0.0
20/04/1991,0.0
21/04/1991,0.0
22/04/1991,3.0
23/04/1991,0.0
24/04/1991,1.0
25/04/1991,0.0
26/04/1991,2.5
27/04/1991,0.0
28/04/1991,0.5
29/04/1991,6.5
30/04/1991,1.0
01/05/1991,57.5
02/05/1991,0.0
03/05/1991,1.0
04/05/1991,7.5
05/05/1991,2.0
06/05/1991,3.0
07/05/1991,0.0
08/05/1991,0.0
09/05/1991,0.0
10/05/1991,0.0
11/05/1991,0.0
12/05/1991,0.5
13/05/1991,0.0
14/05/1991,2.0
15/05/1991,0.0
16/05/1991,0.5
17/05/1991,0.0
18/05/1991,0.0
19/05/1991,0.5
20/05/1991,1.5
21/05/1991,0.5
22/05/1991,0.0
23/05/1991,44.0
24/05/1991,0.5
25/05/1991,27.0
26/05/1991,0.0
27/05/1991,0.0
28/05/1991,0.0
29/05/1991,1.5
30/05/1991,0.0
31/05/1991,5.5
01/06/1991,2.0
02/06/1991,0.5
03/06/1991,95.0
04/06/1991,45.5
05/06/1991,34.0
06/06/1991,1.0
07/06/1991,0.0
08/06/1991,17.0
09/06/1991,0.0
10/06/1991,6.5
11/06/1991,0.5
12/06/1991,1.5
13/06/1991,0.0
14/06/1991,1.5
15/06/1991,0.0
16/06/1991,1.5
17/06/1991,0.0
18/06/1991,0.0
19/06/1991,0.0
20/06/1991,0.0
21/06/1991,0.0
22/06/1991,0.0
23/06/1991,0.0
29/06/1991,0.0
30/06/1991,11.1
01/07/1991,1.9
02/07/1991,0.0
03/07/1991,0.0
04/07/1991,0.0
05/07/1991,0.0
06/07/1991,28.7
07/07/1991,0.3
08/07/1991,0.0
09/07/1991,0.0
10/07/1991,0.0
11/07/1991,0.0
12/07/1991,0.0
13/07/1991,0.0
14/07/1991,0.0
15/07/1991,18.0
16/07/1991,34.0
17/07/1991,49.0
18/07/1991,6.5
19/07/1991,0.0
20/07/1991,0.0
21/07/1991,0.0
22/07/1991,0.0
23/07/1991,0.0
24/07/1991,0.0
25/07/1991,0.0
26/07/1991,0.0
27/07/1991,0.0
28/07/1991,25.0
29/07/1991,12.0
30/07/1991,6.0
31/07/1991,0.0
01/08/1991,0.0
02/08/1991,0.0
03/08/1991,1.5
04/08/1991,13.5
19/08/1991,0.0
20/08/1991,0.0
21/08/1991,1.5
22/08/1991,0.0
23/08/1991,0.5
24/08/1991,0.5
25/08/1991,0.0
26/08/1991,6.0
27/08/1991,18.5
28/08/1991,3.0
29/08/1991,10.5
30/08/1991,9.5
31/08/1991,0.0
01/09/1991,2.0
02/09/1991,1.5
10/09/1991,0.0
11/09/1991,0.0
12/09/1991,0.4
13/09/1991,0.1
14/09/1991,6.2
15/09/1991,65.3
16/09/1991,12.6
17/09/1991,9.4
18/09/1991,59.5
19/09/1991,0.5
20/09/1991,0.0
21/09/1991,0.0
22/09/1991,0.5
23/09/1991,6.0
24/09/1991,2.5
25/09/1991,1.0
26/09/1991,2.5
27/09/1991,40.7
28/09/1991,10.3
29/09/1991,0.0
30/09/1991,0.0
01/10/1991,0.0
02/10/1991,0.5
03/10/1991,0.0
04/10/1991,13.5
05/10/1991,2.5
06/10/1991,0.0
07/10/1991,0.0
08/10/1991,0.0
09/10/1991,0.0
10/10/1991,0.0
11/10/1991,36.5
12/10/1991,1.0
13/10/1991,1.0
14/10/1991,11.5
15/10/1991,1.0
16/10/1991,0.0
17/10/1991,2.0
18/10/1991,13.0
19/10/1991,15.6
20/10/1991,17.9
21/10/1991,0.5
22/10/1991,0.0
23/10/1991,0.0
24/10/1991,0.5
25/10/1991,11.5
26/10/1991,5.5
27/10/1991,0.5
28/10/1991,0.0
29/10/1991,19.5
30/10/1991,0.5
31/10/1991,0.0
01/11/1991,0.0
02/11/1991,12.5
03/11/1991,0.5
04/11/1991,23.5
05/11/1991,4.5
06/11/1991,0.0
07/11/1991,0.0
17/11/1991,5.0
18/11/1991,5.5
19/11/1991,158.5
20/11/1991,1.0
21/11/1991,46.5
22/11/1991,60.0
23/11/1991,151.0
24/11/1991,51.5
25/11/1991,24.5
26/11/1991,42.0
27/11/1991,0.5
28/11/1991,14.6
29/11/1991,36.9
30/11/1991,2.3
01/12/1991,0.2
02/12/1991,0.0
03/12/1991,0.0
04/12/1991,6.5
05/12/1991,4.5
06/12/1991,139.5
07/12/1991,81.0
08/12/1991,10.0
09/12/1991,64.6
10/12/1991,121.9
11/12/1991,65.5
12/12/1991,93.5
13/12/1991,14.5
14/12/1991,14.5
15/12/1991,4.0
16/12/1991,9.0
17/12/1991,56.5
18/12/1991,6.0
19/12/1991,29.5
20/12/1991,12.5
21/12/1991,0.5
22/12/1991,14.5
23/12/1991,27.0
24/12/1991,10.5
25/12/1991,35.5
13/01/1992,0.0
14/01/1992,0.0
15/01/1992,0.0
16/01/1992,9.0
17/01/1992,3.0
18/01/1992,7.0
19/01/1992,1.0
20/01/1992,0.0
21/01/1992,0.0
05/02/1992,0.5
06/02/1992,9.5
07/02/1992,0.0
08/02/1992,0.0
09/02/1992,0.0
10/02/1992,0.5
11/02/1992,0.0
12/02/1992,0.0
13/02/1992,0.0
14/02/1992,0.0
15/02/1992,0.0
16/02/1992,0.0
17/02/1992,21.0
18/02/1992,0.0
19/02/1992,0.0
20/02/1992,0.0
21/02/1992,0.0
22/02/1992,0.0
28/02/1992,0.4
29/02/1992,2.1
01/03/1992,0.0
02/03/1992,1.0
03/03/1992,0.0
04/03/1992,1.1
05/03/1992,1.4
06/03/1992,0.0
07/03/1992,2.0
08/03/1992,0.0
08/06/1992,34.0
09/06/1992,0.0
10/06/1992,0.0
11/06/1992,51.0
12/06/1992,0.0
13/06/1992,58.0
14/06/1992,5.0
15/06/1992,9.5
16/06/1992,0.5
17/06/1992,0.0
18/06/1992,22.0
19/06/1992,0.5
20/06/1992,0.0
21/06/1992,0.0
22/06/1992,0.5
23/06/1992,0.0
24/06/1992,0.0
25/06/1992,0.0
26/06/1992,0.0
27/06/1992,26.8
28/06/1992,12.7
29/06/1992,0.0
30/06/1992,0.0
01/07/1992,29.0
02/07/1992,5.0
03/07/1992,0.5
04/07/1992,0.0
05/07/1992,0.0
06/07/1992,0.0
07/07/1992,0.0
08/07/1992,0.0
09/07/1992,0.0
10/07/1992,0.0
11/07/1992,0.0
12/07/1992,2.7
13/07/1992,24.8
14/07/1992,0.0
15/07/1992,24.2
16/07/1992,14.3
17/07/1992,9.3
18/07/1992,4.2
19/07/1992,15.5
20/07/1992,0.5
21/07/1992,2.8
22/07/1992,2.7
23/07/1992,0.0
24/07/1992,0.0
25/07/1992,0.0
26/07/1992,6.5
27/07/1992,1.4
28/07/1992,16.6
29/07/1992,2.0
30/07/1992,0.0
31/07/1992,0.0
01/08/1992,0.0
02/08/1992,0.0
03/08/1992,0.0
04/08/1992,0.0
05/08/1992,0.5
06/08/1992,0.0
07/08/1992,0.0
08/08/1992,9.5
08/09/1992,6.0
09/09/1992,0.0
10/09/1992,4.1
11/09/1992,6.9
25/11/1992,1.7
26/11/1992,1.3
27/11/1992,9.0
28/11/1992,0.0
29/11/1992,14.0
30/11/1992,1.5
01/12/1992,0.0
02/12/1992,1.4
03/12/1992,1.6
04/12/1992,14.1
05/12/1992,44.9
06/12/1992,41.6
07/12/1992,100.9
08/12/1992,33.9
09/12/1992,133.6
10/12/1992,17.9
11/12/1992,1.6
12/12/1992,4.0
13/12/1992,0.0
14/12/1992,0.0
15/12/1992,0.0
16/12/1992,0.9
17/12/1992,2.1
18/12/1992,6.0
19/12/1992,41.0
20/12/1992,25.5
21/12/1992,7.0
22/12/1992,38.5
23/12/1992,138.4
24/12/1992,174.0
25/12/1992,81.1
26/12/1992,20.5
27/12/1992,5.0
28/12/1992,0.5
29/12/1992,3.0
30/12/1992,0.0
31/12/1992,3.0
01/01/1993,9.0
02/01/1993,0.0
03/01/1993,20.5
04/01/1993,14.0
05/01/1993,34.0
06/01/1993,0.0
07/01/1993,0.0
08/01/1993,7.0
09/01/1993,1.0
10/01/1993,1.0
11/01/1993,2.0
12/01/1993,0.0
13/01/1993,0.0
14/01/1993,19.5
15/01/1993,0.5
16/01/1993,0.0
17/01/1993,9.0
18/01/1993,9.0
19/01/1993,7.0
20/01/1993,34.0
21/01/1993,4.0
22/01/1993,0.0
23/01/1993,0.5
24/01/1993,0.0
25/01/1993,0.0
26/01/1993,1.0
27/01/1993,2.0
28/01/1993,38.5
29/01/1993,16.5
30/01/1993,2.0
31/01/1993,0.0
01/02/1993,5.0
02/02/1993,16.0
03/02/1993,2.5
04/02/1993,0.0
05/02/1993,0.0
06/02/1993,0.0
07/02/1993,0.0
08/02/1993,0.0
09/02/1993,0.0
10/02/1993,24.5
11/02/1993,2.5
12/02/1993,0.5
13/02/1993,0.0
14/02/1993,0.0
15/02/1993,0.0
16/02/1993,0.5
17/02/1993,0.0
18/02/1993,0.0
19/02/1993,0.0
20/02/1993,0.0
21/02/1993,0.0
22/02/1993,0.0
23/02/1993,0.0
24/02/1993,0.0
25/02/1993,5.0
26/02/1993,22.0
27/02/1993,9.5
28/02/1993,0.5
01/03/1993,34.0
02/03/1993,16.5
03/03/1993,0.0
04/03/1993,0.0
05/03/1993,0.0
06/03/1993,0.0
07/03/1993,0.0
08/03/1993,5.5
09/03/1993,7.5
10/03/1993,21.5
11/03/1993,49.0
12/03/1993,14.5
13/03/1993,33.5
14/03/1993,2.5
15/03/1993,85.0
16/03/1993,4.5
17/03/1993,0.5
18/03/1993,5.5
19/03/1993,0.0
20/03/1993,9.0
21/03/1993,2.0
22/03/1993,0.0
23/03/1993,0.0
24/03/1993,1.5
25/03/1993,0.0
26/03/1993,0.0
27/03/1993,0.0
28/03/1993,0.0
29/03/1993,0.0
30/03/1993,0.0
31/03/1993,0.0
01/04/1993,0.0
02/04/1993,5.5
03/04/1993,17.5
04/04/1993,0.0
05/04/1993,0.0
06/04/1993,0.0
07/04/1993,0.0
08/04/1993,0.0
09/04/1993,30.5
10/04/1993,16.5
11/04/1993,2.0
12/04/1993,3.0
13/04/1993,1.0
14/04/1993,22.5
15/04/1993,0.0
16/04/1993,3.5
17/04/1993,54.0
18/04/1993,4.5
19/04/1993,1.0
20/04/1993,0.0
21/04/1993,0.0
22/04/1993,0.0
23/04/1993,0.0
24/04/1993,0.0
25/04/1993,0.0
26/04/1993,0.0
27/04/1993,0.0
28/04/1993,0.0
29/04/1993,0.0
30/04/1993,0.0
01/05/1993,0.0
02/05/1993,0.0
03/05/1993,0.0
04/05/1993,0.0
05/05/1993,0.0
06/05/1993,0.0
07/05/1993,0.0
08/05/1993,0.0
09/05/1993,0.0
10/05/1993,0.0
11/05/1993,0.0
12/05/1993,0.0
13/05/1993,0.0
14/05/1993,0.0
15/05/1993,0.0
16/05/1993,0.0
17/05/1993,10.0
18/05/1993,15.8
19/05/1993,3.7
20/05/1993,0.0
21/05/1993,5.5
22/05/1993,0.0
23/05/1993,0.0
24/05/1993,0.0
25/05/1993,3.0
26/05/1993,0.0
27/05/1993,0.0
28/05/1993,0.0
29/05/1993,0.0
30/05/1993,0.0
31/05/1993,0.0
01/06/1993,0.0
02/06/1993,0.0
03/06/1993,74.5
04/06/1993,13.0
05/06/1993,0.0
06/06/1993,0.0
07/06/1993,5.5
08/06/1993,0.5
09/06/1993,12.0
10/06/1993,0.5
11/06/1993,0.0
12/06/1993,13.5
13/06/1993,2.5
14/06/1993,18.0
15/06/1993,11.0
16/06/1993,17.5
17/06/1993,27.0
18/06/1993,15.5
19/06/1993,40.0
20/06/1993,1.0
21/06/1993,49.0
22/06/1993,5.7
23/06/1993,28.8
24/06/1993,0.0
25/06/1993,0.0
26/06/1993,0.0
27/06/1993,0.0
28/06/1993,0.5
29/06/1993,0.5
30/06/1993,0.0
01/07/1993,4.5
02/07/1993,1.0
03/07/1993,3.5
04/07/1993,0.0
05/07/1993,15.0
06/07/1993,0.0
07/07/1993,0.0
08/07/1993,27.0
09/07/1993,0.0
10/07/1993,0.0
11/07/1993,0.0
12/07/1993,0.0
13/07/1993,14.0
14/07/1993,0.0
15/07/1993,0.0
16/07/1993,0.0
17/07/1993,0.0
18/07/1993,0.0
19/07/1993,1.5
20/07/1993,3.0
21/07/1993,1.5
22/07/1993,3.5
23/07/1993,0.0
24/07/1993,14.5
25/07/1993,41.0
26/07/1993,4.0
27/07/1993,0.0
28/07/1993,0.0
29/07/1993,0.0
30/07/1993,0.0
31/07/1993,0.0
01/08/1993,0.0
02/08/1993,11.5
03/08/1993,2.0
04/08/1993,0.0
05/08/1993,0.0
06/08/1993,0.0
07/08/1993,0.0
08/08/1993,0.0
09/08/1993,0.0
10/08/1993,2.0
11/08/1993,26.5
12/08/1993,0.0
13/08/1993,0.0
14/08/1993,0.0
15/08/1993,68.5
16/08/1993,0.0
17/08/1993,0.0
18/08/1993,0.0
19/08/1993,19.7
20/08/1993,47.8
21/08/1993,13.0
22/08/1993,0.0
23/08/1993,0.0
24/08/1993,42.0
25/08/1993,0.5
26/08/1993,25.0
27/08/1993,3.0
28/08/1993,14.0
29/08/1993,10.0
30/08/1993,0.0
31/08/1993,0.0
01/09/1993,0.0
02/09/1993,7.0
03/09/1993,0.5
04/09/1993,16.5
05/09/1993,0.5
06/09/1993,7.0
07/09/1993,8.0
08/09/1993,55.0
09/09/1993,4.0
10/09/1993,0.0
11/09/1993,0.0
12/09/1993,23.0
13/09/1993,40.5
14/09/1993,0.0
15/09/1993,7.2
16/09/1993,24.8
17/09/1993,1.0
18/09/1993,0.5
19/09/1993,2.0
20/09/1993,0.0
21/09/1993,0.5
22/09/1993,0.0
23/09/1993,20.5
24/09/1993,0.0
25/09/1993,0.0
26/09/1993,8.0
27/09/1993,33.5
28/09/1993,10.6
29/09/1993,12.4
30/09/1993,0.5
01/10/1993,0.0
02/10/1993,25.5
03/10/1993,1.0
04/10/1993,27.4
05/10/1993,25.6
06/10/1993,0.0
07/10/1993,0.0
08/10/1993,0.0
09/10/1993,32.5
10/10/1993,18.5
11/10/1993,1.0
12/10/1993,52.0
13/10/1993,2.5
14/10/1993,2.5
15/10/1993,5.9
16/10/1993,1.6
17/10/1993,7.0
18/10/1993,0.5
19/10/1993,22.0
20/10/1993,26.5
21/10/1993,0.0
22/10/1993,19.0
23/10/1993,38.0
24/10/1993,13.0
25/10/1993,0.5
26/10/1993,24.5
27/10/1993,28.0
28/10/1993,23.5
29/10/1993,14.0
30/10/1993,11.0
31/10/1993,69.5
01/11/1993,24.5
02/11/1993,25.0
03/11/1993,141.0
04/11/1993,115.0
05/11/1993,1.0
06/11/1993,1.5
07/11/1993,13.5
08/11/1993,64.0
09/11/1993,3.0
10/11/1993,13.5
11/11/1993,3.0
12/11/1993,32.5
13/11/1993,0.0
14/11/1993,60.0
15/11/1993,2.0
16/11/1993,0.0
17/11/1993,0.0
18/11/1993,0.0
19/11/1993,0.0
20/11/1993,0.0
21/11/1993,0.0
22/11/1993,15.0
23/11/1993,3.0
24/11/1993,53.0
25/11/1993,25.0
26/11/1993,4.0
27/11/1993,10.5
28/11/1993,10.5
29/11/1993,13.6
30/11/1993,123.9
01/12/1993,4.5
02/12/1993,0.5
03/12/1993,12.0
04/12/1993,1.5
05/12/1993,11.5
06/12/1993,0.0
07/12/1993,67.0
08/12/1993,0.5
09/12/1993,0.5
10/12/1993,18.0
11/12/1993,3.0
12/12/1993,0.0
13/12/1993,0.0
14/12/1993,0.0
15/12/1993,0.5
16/12/1993,9.0
17/12/1993,67.5
18/12/1993,26.5
19/12/1993,2.5
20/12/1993,49.0
21/12/1993,88.5
22/12/1993,117.6
23/12/1993,19.9
24/12/1993,11.5
25/12/1993,16.5
26/12/1993,0.5
27/12/1993,1.5
28/12/1993,0.5
29/12/1993,0.0
30/12/1993,0.0
31/12/1993,0.0
01/01/1994,0.0
02/01/1994,12.0
03/01/1994,8.0
04/01/1994,17.0
05/01/1994,1.5
06/01/1994,1.0
07/01/1994,0.5
08/01/1994,0.0
09/01/1994,0.0
10/01/1994,0.0
11/01/1994,0.5
12/01/1994,1.0
13/01/1994,0.0
14/01/1994,0.0
15/01/1994,0.0
16/01/1994,0.0
17/01/1994,0.0
18/01/1994,0.0
19/01/1994,0.0
20/01/1994,0.0
21/01/1994,0.0
22/01/1994,0.0
23/01/1994,0.5
24/01/1994,0.0
25/01/1994,0.0
26/01/1994,0.0
27/01/1994,7.0
28/01/1994,13.0
29/01/1994,1.0
30/01/1994,21.6
31/01/1994,28.9
01/02/1994,0.0
02/02/1994,0.5
03/02/1994,9.0
04/02/1994,2.5
05/02/1994,24.0
06/02/1994,13.0
07/02/1994,1.5
08/02/1994,0.5
09/02/1994,5.0
10/02/1994,1.0
11/02/1994,0.0
12/02/1994,0.0
13/02/1994,0.0
14/02/1994,1.0
15/02/1994,0.0
16/02/1994,0.0
17/02/1994,0.5
18/02/1994,0.0
19/02/1994,0.0
20/02/1994,0.0
21/02/1994,0.0
22/02/1994,0.0
23/02/1994,0.0
24/02/1994,0.0
25/02/1994,0.0
26/02/1994,0.0
27/02/1994,0.0
28/02/1994,8.7
01/03/1994,4.6
02/03/1994,0.7
03/03/1994,7.5
04/03/1994,0.5
05/03/1994,31.0
06/03/1994,15.0
07/03/1994,4.0
08/03/1994,0.5
09/03/1994,0.5
10/03/1994,45.5
11/03/1994,0.0
12/03/1994,0.0
13/03/1994,18.5
14/03/1994,1.0
15/03/1994,6.0
16/03/1994,22.5
17/03/1994,25.5
18/03/1994,25.0
19/03/1994,17.0
20/03/1994,4.0
21/03/1994,3.0
22/03/1994,1.5
23/03/1994,4.5
24/03/1994,12.5
25/03/1994,14.5
26/03/1994,2.0
27/03/1994,19.0
28/03/1994,24.5
29/03/1994,10.0
30/03/1994,2.5
31/03/1994,1.0
01/04/1994,0.0
02/04/1994,0.0
03/04/1994,17.5
04/04/1994,0.0
05/04/1994,0.0
06/04/1994,0.0
07/04/1994,0.0
08/04/1994,0.0
09/04/1994,3.0
10/04/1994,1.0
11/04/1994,0.0
12/04/1994,0.0
13/04/1994,0.0
14/04/1994,0.0
15/04/1994,14.0
16/04/1994,0.0
17/04/1994,0.0
18/04/1994,8.0
19/04/1994,7.5
20/04/1994,24.0
21/04/1994,0.5
22/04/1994,0.0
23/04/1994,0.5
24/04/1994,0.0
25/04/1994,26.0
26/04/1994,2.5
27/04/1994,0.0
28/04/1994,6.0
29/04/1994,17.0
30/04/1994,0.0
01/05/1994,0.0
02/05/1994,3.0
03/05/1994,22.0
04/05/1994,0.0
05/05/1994,44.0
06/05/1994,3.5
07/05/1994,93.0
08/05/1994,9.0
09/05/1994,12.5
10/05/1994,4.0
11/05/1994,37.5
12/05/1994,18.0
13/05/1994,26.5
14/05/1994,9.5
15/05/1994,35.5
16/05/1994,0.0
17/05/1994,29.5
18/05/1994,13.0
19/05/1994,5.5
20/05/1994,0.0
21/05/1994,0.0
22/05/1994,30.5
23/05/1994,0.5
24/05/1994,1.0
25/05/1994,0.5
26/05/1994,0.5
27/05/1994,0.0
25/06/1994,0.0
26/06/1994,4.5
27/06/1994,9.5
28/06/1994,45.0
29/06/1994,13.5
30/06/1994,1.5
01/07/1994,0.4
02/07/1994,3.1
03/07/1994,1.0
04/07/1994,1.0
05/07/1994,0.0
06/07/1994,0.0
07/07/1994,0.0
08/07/1994,0.0
09/07/1994,0.5
10/07/1994,0.0
11/07/1994,0.0
12/07/1994,0.0
13/07/1994,0.0
14/07/1994,0.0
15/07/1994,0.0
16/07/1994,0.0
17/07/1994,0.0
18/07/1994,0.0
19/07/1994,0.0
20/07/1994,0.0
21/07/1994,15.0
22/07/1994,0.0
23/07/1994,1.0
24/07/1994,0.0
25/07/1994,0.0
26/07/1994,0.0
27/07/1994,0.5
28/07/1994,0.0
29/07/1994,0.0
30/07/1994,0.0
31/07/1994,0.0
01/08/1994,0.0
02/08/1994,50.0
03/08/1994,14.2
04/08/1994,13.8
05/08/1994,0.0
06/08/1994,0.0
07/08/1994,14.5
08/08/1994,1.0
09/08/1994,0.0
10/08/1994,0.0
11/08/1994,0.0
12/08/1994,0.0
13/08/1994,8.5
14/08/1994,19.0
15/08/1994,0.0
16/08/1994,0.5
17/08/1994,0.0
18/08/1994,6.0
19/08/1994,17.0
20/08/1994,1.5
21/08/1994,31.5
22/08/1994,0.0
23/08/1994,4.0
24/08/1994,1.0
25/08/1994,0.0
26/08/1994,0.0
27/08/1994,36.0
28/08/1994,0.0
29/08/1994,15.0
30/08/1994,2.0
31/08/1994,1.0
01/09/1994,0.0
02/09/1994,32.6
03/09/1994,25.9
04/09/1994,0.0
05/09/1994,0.5
06/09/1994,24.0
07/09/1994,0.0
08/09/1994,0.0
09/09/1994,1.0
10/09/1994,7.5
11/09/1994,34.0
12/09/1994,0.5
13/09/1994,0.5
14/09/1994,0.0
15/09/1994,1.0
16/09/1994,0.0
17/09/1994,2.1
18/09/1994,17.4
19/09/1994,0.0
20/09/1994,24.5
21/09/1994,1.0
22/09/1994,0.0
23/09/1994,1.0
24/09/1994,0.0
25/09/1994,11.5
26/09/1994,0.5
27/09/1994,14.5
28/09/1994,0.0
29/09/1994,0.0
30/09/1994,0.0
01/10/1994,4.0
02/10/1994,3.0
03/10/1994,0.5
04/10/1994,0.0
05/10/1994,0.0
06/10/1994,0.0
07/10/1994,0.0
08/10/1994,0.0
09/10/1994,0.0
10/10/1994,0.0
11/10/1994,0.0
12/10/1994,1.0
13/10/1994,27.5
14/10/1994,2.0
15/10/1994,0.0
16/10/1994,0.5
17/10/1994,20.5
18/10/1994,40.0
19/10/1994,0.0
20/10/1994,0.0
21/10/1994,1.5
22/10/1994,7.7
23/10/1994,0.7
24/10/1994,0.6
25/10/1994,2.0
26/10/1994,1.0
27/10/1994,1.5
28/10/1994,0.3
29/10/1994,0.2
30/10/1994,42.5
31/10/1994,14.5
01/11/1994,12.3
02/11/1994,3.7
03/11/1994,35.5
04/11/1994,5.0
05/11/1994,4.0
06/11/1994,12.1
07/11/1994,55.2
08/11/1994,247.3
09/11/1994,83.0
10/11/1994,112.7
11/11/1994,83.3
12/11/1994,6.5
13/11/1994,37.5
14/11/1994,15.0
15/11/1994,37.0
16/11/1994,43.5
17/11/1994,46.5
18/11/1994,224.9
19/11/1994,76.1
20/11/1994,70.0
21/11/1994,17.5
22/11/1994,3.0
23/11/1994,2.0
24/11/1994,16.0
25/11/1994,17.0
26/11/1994,14.1
27/11/1994,103.9
28/11/1994,10.0
29/11/1994,11.5
30/11/1994,3.4
01/12/1994,2.1
02/12/1994,3.5
03/12/1994,6.0
04/12/1994,38.0
05/12/1994,7.5
06/12/1994,5.5
07/12/1994,0.5
08/12/1994,0.0
09/12/1994,0.0
10/12/1994,0.0
11/12/1994,0.0
12/12/1994,0.0
13/12/1994,0.0
14/12/1994,0.0
15/12/1994,3.0
16/12/1994,63.5
17/12/1994,41.5
18/12/1994,22.0
19/12/1994,32.0
20/12/1994,4.0
21/12/1994,0.0
22/12/1994,27.0
23/12/1994,0.0
24/12/1994,0.0
25/12/1994,0.0
26/12/1994,0.0
27/12/1994,2.5
28/12/1994,8.5
29/12/1994,2.0
30/12/1994,1.5
31/12/1994,1.0
01/01/1995,4.0
02/01/1995,0.5
03/01/1995,0.0
04/01/1995,0.0
05/01/1995,9.5
06/01/1995,11.5
07/01/1995,1.5
08/01/1995,0.5
09/01/1995,4.5
10/01/1995,7.0
11/01/1995,5.5
12/01/1995,0.0
13/01/1995,0.0
14/01/1995,0.0
15/01/1995,5.5
16/01/1995,16.0
17/01/1995,5.0
18/01/1995,13.0
19/01/1995,12.0
20/01/1995,8.5
21/01/1995,3.0
22/01/1995,0.0
23/01/1995,0.0
24/01/1995,0.0
25/01/1995,6.8
26/01/1995,114.2
27/01/1995,0.0
28/01/1995,0.0
29/01/1995,6.5
30/01/1995,9.5
31/01/1995,12.5
01/02/1995,12.5
02/02/1995,8.5
03/02/1995,19.5
04/02/1995,11.0
05/02/1995,2.5
06/02/1995,1.5
07/02/1995,0.0
08/02/1995,0.0
09/02/1995,0.0
10/02/1995,0.0
11/02/1995,6.0
12/02/1995,0.0
13/02/1995,1.0
14/02/1995,0.0
15/02/1995,0.0
16/02/1995,0.0
17/02/1995,0.0
18/02/1995,0.0
19/02/1995,0.0
20/02/1995,0.0
21/02/1995,0.0
22/02/1995,0.0
23/02/1995,0.5
24/02/1995,6.0
25/02/1995,35.0
26/02/1995,43.6
27/02/1995,9.9
28/02/1995,2.5
01/03/1995,0.0
02/03/1995,0.0
03/03/1995,0.0
04/03/1995,0.0
05/03/1995,3.0
06/03/1995,2.0
07/03/1995,0.0
08/03/1995,0.0
09/03/1995,0.0
10/03/1995,0.0
11/03/1995,0.0
12/03/1995,0.0
13/03/1995,0.0
14/03/1995,0.0
15/03/1995,0.0
16/03/1995,10.5
17/03/1995,0.0
18/03/1995,0.0
19/03/1995,0.0
20/03/1995,23.5
21/03/1995,2.0
22/03/1995,1.0
23/03/1995,17.0
24/03/1995,34.5
25/03/1995,4.0
26/03/1995,10.5
27/03/1995,0.0
28/03/1995,0.0
29/03/1995,0.0
30/03/1995,0.0
31/03/1995,0.5
01/04/1995,0.0
02/04/1995,0.0
03/04/1995,0.0
04/04/1995,0.0
05/04/1995,3.5
06/04/1995,2.0
07/04/1995,0.0
08/04/1995,0.0
09/04/1995,0.0
10/04/1995,21.0
11/04/1995,12.0
12/04/1995,0.0
13/04/1995,0.0
14/04/1995,0.0
15/04/1995,0.0
16/04/1995,4.0
17/04/1995,0.0
18/04/1995,2.0
19/04/1995,0.0
20/04/1995,0.0
21/04/1995,0.0
22/04/1995,0.0
23/04/1995,0.0
24/04/1995,0.0
25/04/1995,0.0
26/04/1995,0.0
27/04/1995,1.5
28/04/1995,4.0
29/04/1995,3.0
30/04/1995,2.5
01/05/1995,1.0
02/05/1995,11.0
03/05/1995,0.0
04/05/1995,0.0
05/05/1995,0.0
06/05/1995,0.0
07/05/1995,44.5
08/05/1995,3.0
09/05/1995,0.0
10/05/1995,2.5
11/05/1995,18.0
12/05/1995,0.0
13/05/1995,11.0
14/05/1995,0.5
15/05/1995,0.0
11/07/1995,3.5
12/07/1995,17.5
13/07/1995,0.0
14/07/1995,0.0
15/07/1995,0.0
16/07/1995,0.0
17/07/1995,0.0
18/07/1995,13.0
19/07/1995,0.0
20/07/1995,0.0
21/07/1995,0.0
22/07/1995,0.0
23/07/1995,0.0
24/07/1995,0.0
25/07/1995,0.0
26/07/1995,0.0
27/07/1995,0.0
28/07/1995,0.0
29/07/1995,0.0
30/07/1995,0.0
31/07/1995,0.0
01/08/1995,0.0
02/08/1995,0.0
03/08/1995,0.0
04/08/1995,0.0
05/08/1995,0.0
06/08/1995,0.0
07/08/1995,0.0
08/08/1995,0.5
09/08/1995,0.0
10/08/1995,0.0
11/08/1995,5.0
12/08/1995,0.0
13/08/1995,0.0
14/08/1995,0.0
15/08/1995,2.5
16/08/1995,1.0
17/08/1995,4.5
18/08/1995,0.0
19/08/1995,0.0
20/08/1995,0.0
21/08/1995,0.0
22/08/1995,0.0
23/08/1995,0.0
24/08/1995,0.0
25/08/1995,0.0
26/08/1995,0.0
27/08/1995,0.0
28/08/1995,0.0
04/11/1995,0.0
05/11/1995,11.0
06/11/1995,0.0
07/11/1995,0.0
08/11/1995,23.5
09/11/1995,8.5
10/11/1995,0.5
11/11/1995,4.5
12/11/1995,0.0
13/11/1995,2.0
14/11/1995,4.0
15/11/1995,21.5
16/11/1995,117.3
17/11/1995,76.2
18/11/1995,8.7
19/11/1995,8.8
20/11/1995,4.0
21/11/1995,0.0
22/11/1995,0.0
23/11/1995,18.2
24/11/1995,118.3
25/11/1995,0.5
26/11/1995,0.0
27/11/1995,7.0
28/11/1995,0.0
29/11/1995,0.5
30/11/1995,0.0
01/12/1995,9.1
02/12/1995,50.9
03/12/1995,6.5
04/12/1995,31.5
05/12/1995,21.0
09/04/1996,0.0
10/04/1996,0.0
11/04/1996,0.0
12/04/1996,0.0
13/04/1996,0.0
14/04/1996,0.0
15/04/1996,0.0
16/04/1996,0.0
17/04/1996,12.5
18/04/1996,0.0
19/04/1996,10.0
20/04/1996,0.0
21/04/1996,0.0
22/04/1996,7.5
23/04/1996,49.0
24/04/1996,35.5
25/04/1996,9.5
26/04/1996,6.0
27/04/1996,0.0
28/04/1996,0.0
29/04/1996,0.0
30/04/1996,0.0
01/05/1996,18.0
02/05/1996,43.5
03/05/1996,6.0
04/05/1996,13.0
05/05/1996,0.0
06/05/1996,6.5
07/05/1996,30.0
08/05/1996,13.0
09/05/1996,0.0
10/05/1996,11.5
11/05/1996,2.0
12/05/1996,3.6
13/05/1996,16.4
14/05/1996,26.5
15/05/1996,55.5
16/05/1996,15.5
17/05/1996,0.0
18/05/1996,0.0
19/05/1996,0.0
20/05/1996,0.0
21/05/1996,0.0
22/05/1996,0.0
23/05/1996,0.0
24/05/1996,13.5
25/05/1996,0.0
26/05/1996,29.5
27/05/1996,8.5
28/05/1996,38.5
29/05/1996,0.0
30/05/1996,0.0
31/05/1996,0.0
01/06/1996,0.0
02/06/1996,15.5
03/06/1996,42.0
04/06/1996,0.0
05/06/1996,0.0
06/06/1996,0.0
07/06/1996,6.0
08/06/1996,1.0
09/06/1996,5.0
10/06/1996,9.0
11/06/1996,0.0
12/06/1996,3.0
13/06/1996,31.0
14/06/1996,0.0
15/06/1996,0.0
16/06/1996,0.0
17/06/1996,0.0
18/06/1996,0.0
19/06/1996,0.0
20/06/1996,0.0
21/06/1996,0.0
22/06/1996,0.0
23/06/1996,0.0
24/06/1996,0.5
25/06/1996,41.0
26/06/1996,0.5
27/06/1996,0.0
28/06/1996,0.0
29/06/1996,0.0
30/06/1996,0.0
01/07/1996,0.0
02/07/1996,0.0
03/07/1996,0.0
04/07/1996,1.0
05/07/1996,0.5
06/07/1996,3.0
07/07/1996,71.0
08/07/1996,60.5
09/07/1996,0.0
10/07/1996,0.0
11/07/1996,0.0
12/07/1996,19.6
13/07/1996,5.9
14/07/1996,0.0
15/07/1996,61.0
16/07/1996,0.0
17/07/1996,0.0
18/07/1996,0.0
19/07/1996,0.0
20/07/1996,0.5
21/07/1996,0.0
22/07/1996,0.0
23/07/1996,0.0
24/07/1996,0.0
25/07/1996,0.0
26/07/1996,7.4
27/07/1996,7.6
28/07/1996,0.0
29/07/1996,0.0
30/07/1996,0.0
31/07/1996,0.0
01/08/1996,6.0
02/08/1996,46.5
03/08/1996,0.0
04/08/1996,0.0
05/08/1996,1.5
06/08/1996,0.5
07/08/1996,56.0
08/08/1996,0.5
09/08/1996,36.0
10/08/1996,44.0
11/08/1996,2.5
12/08/1996,0.0
13/08/1996,0.0
14/08/1996,0.0
15/08/1996,0.0
16/08/1996,7.5
17/08/1996,0.5
18/08/1996,3.1
19/08/1996,0.4
20/08/1996,2.5
21/08/1996,26.0
22/08/1996,3.0
23/08/1996,0.0
24/08/1996,0.0
25/08/1996,0.0
26/08/1996,0.0
27/08/1996,14.5
28/08/1996,7.0
29/08/1996,0.0
30/08/1996,3.0
31/08/1996,0.0
01/09/1996,14.5
02/09/1996,1.5
03/09/1996,0.0
04/09/1996,38.5
05/09/1996,3.0
06/09/1996,2.0
07/09/1996,58.0
08/09/1996,13.0
09/09/1996,0.5
10/09/1996,38.5
11/09/1996,0.5
12/09/1996,0.0
13/09/1996,0.0
14/09/1996,0.0
15/09/1996,0.0
16/09/1996,8.9
17/09/1996,6.6
18/09/1996,1.0
19/09/1996,15.5
20/09/1996,2.0
21/09/1996,12.0
22/09/1996,0.0
23/09/1996,0.0
24/09/1996,0.0
25/09/1996,0.0
26/09/1996,19.0
27/09/1996,0.5
28/09/1996,0.0
29/09/1996,0.0
30/09/1996,10.0
01/10/1996,14.0
02/10/1996,31.0
03/10/1996,2.5
04/10/1996,2.5
05/10/1996,11.0
06/10/1996,22.7
07/10/1996,4.3
08/10/1996,5.0
09/10/1996,1.4
10/10/1996,22.7
11/10/1996,98.9
12/10/1996,46.6
13/10/1996,49.9
14/10/1996,13.0
15/10/1996,7.5
16/10/1996,18.5
17/10/1996,6.0
18/10/1996,0.5
19/10/1996,46.0
20/10/1996,19.0
25/04/1997,4.0
26/04/1997,4.5
27/04/1997,2.5
28/04/1997,3.5
29/04/1997,3.5
30/04/1997,0.5
01/05/1997,0.0
02/05/1997,0.0
03/05/1997,0.0
04/05/1997,0.0
05/05/1997,0.0
06/05/1997,0.0
07/05/1997,0.0
08/05/1997,0.0
09/05/1997,0.0
10/05/1997,12.5
11/05/1997,0.0
12/05/1997,0.0
13/05/1997,7.0
14/05/1997,0.0
15/05/1997,16.5
16/05/1997,7.5
17/05/1997,1.0
18/05/1997,31.0
19/05/1997,2.0
20/05/1997,0.5
21/05/1997,0.0
22/05/1997,0.0
23/05/1997,0.0
24/05/1997,0.0
25/05/1997,0.0
26/05/1997,0.0
27/05/1997,5.5
28/05/1997,1.0
29/05/1997,0.0
30/05/1997,0.0
31/05/1997,0.0
01/06/1997,0.0
02/06/1997,11.5
03/06/1997,0.0
04/06/1997,0.0
05/06/1997,0.0
06/06/1997,0.0
07/06/1997,0.0
08/06/1997,1.5
09/06/1997,0.0
10/06/1997,1.0
11/06/1997,0.0
12/06/1997,0.0
13/06/1997,0.0
14/06/1997,0.0
15/06/1997,0.0
16/06/1997,0.0
17/06/1997,0.0
18/06/1997,0.0
19/06/1997,0.0
20/06/1997,0.0
21/06/1997,0.0
22/06/1997,0.0
23/06/1997,0.0
24/06/1997,22.0
25/06/1997,0.5
26/06/1997,0.0
27/06/1997,0.0
28/06/1997,19.0
29/06/1997,0.5
30/06/1997,13.0
01/07/1997,0.0
02/07/1997,8.0
03/07/1997,4.0
04/07/1997,0.0
05/07/1997,0.0
06/07/1997,34.0
07/07/1997,3.5
08/07/1997,0.0
09/07/1997,0.0
10/07/1997,0.0
11/07/1997,0.0
12/07/1997,0.0
13/07/1997,0.0
14/07/1997,0.0
15/07/1997,0.0
16/07/1997,0.0
17/07/1997,0.0
18/07/1997,0.0
19/07/1997,3.5
20/07/1997,0.0
21/07/1997,12.5
22/07/1997,10.0
23/07/1997,0.0
24/07/1997,0.0
25/07/1997,0.0
26/07/1997,0.5
27/07/1997,0.0
28/07/1997,2.0
29/07/1997,0.5
30/07/1997,0.0
31/07/1997,0.0
01/08/1997,0.0
02/08/1997,0.0
03/08/1997,0.0
04/08/1997,0.0
05/08/1997,73.0
06/08/1997,1.0
07/08/1997,0.0
08/08/1997,0.0
09/08/1997,0.0
10/08/1997,0.0
11/08/1997,1.5
12/08/1997,0.0
13/08/1997,5.0
14/08/1997,19.0
15/08/1997,9.0
16/08/1997,7.5
17/08/1997,18.5
18/08/1997,6.5
19/08/1997,0.5
20/08/1997,0.0
21/08/1997,0.0
22/08/1997,23.5
23/08/1997,2.5
24/08/1997,0.0
25/08/1997,0.0
26/08/1997,0.0
27/08/1997,10.5
28/08/1997,12.0
29/08/1997,21.5
30/08/1997,3.5
31/08/1997,0.0
01/09/1997,0.0
02/09/1997,0.5
03/09/1997,0.0
04/09/1997,0.5
05/09/1997,0.0
06/09/1997,0.0
07/09/1997,0.0
08/09/1997,0.0
09/09/1997,0.0
10/09/1997,0.5
11/09/1997,0.5
12/09/1997,0.0
13/09/1997,0.0
14/09/1997,48.0
15/09/1997,34.5
16/09/1997,0.0
17/09/1997,0.0
18/09/1997,0.0
19/09/1997,48.5
20/09/1997,23.5
21/09/1997,2.0
22/09/1997,0.0
23/09/1997,0.0
24/09/1997,0.0
25/09/1997,0.0
26/09/1997,0.0
27/09/1997,0.0
28/09/1997,0.5
29/09/1997,35.0
30/09/1997,0.0
01/10/1997,0.0
02/10/1997,0.5
03/10/1997,0.0
04/10/1997,2.0
05/10/1997,0.0
06/10/1997,8.0
07/10/1997,1.0
08/10/1997,0.0
09/10/1997,36.5
10/10/1997,0.5
11/10/1997,0.0
12/10/1997,6.5
13/10/1997,0.0
14/10/1997,0.5
15/10/1997,1.5
16/10/1997,27.5
17/10/1997,0.0
18/10/1997,0.0
19/10/1997,0.0
20/10/1997,0.0
21/10/1997,0.0
22/10/1997,2.5
23/10/1997,5.0
24/10/1997,2.0
25/10/1997,0.0
26/10/1997,0.0
27/10/1997,9.0
28/10/1997,1.0
29/10/1997,3.0
30/10/1997,50.0
31/10/1997,9.0
01/11/1997,12.5
02/11/1997,0.0
03/11/1997,0.0
04/11/1997,17.5
05/11/1997,5.5
06/11/1997,0.5
07/11/1997,32.0
08/11/1997,0.5
09/11/1997,0.5
10/11/1997,11.0
11/11/1997,9.5
12/11/1997,1.5
13/11/1997,3.5
14/11/1997,9.0
15/11/1997,6.5
16/11/1997,0.0
17/11/1997,0.0
18/11/1997,29.0
19/11/1997,45.0
20/11/1997,11.0
21/11/1997,7.0
22/11/1997,0.0
23/11/1997,14.5
24/11/1997,0.0
25/11/1997,0.0
26/11/1997,0.0
27/11/1997,0.5
28/11/1997,0.0
29/11/1997,1.5
30/11/1997,16.0
01/12/1997,18.5
02/12/1997,49.5
03/12/1997,65.0
04/12/1997,136.2
05/12/1997,17.8
06/12/1997,10.5
07/12/1997,15.0
08/12/1997,0.0
09/12/1997,2.0
10/12/1997,2.5
11/12/1997,133.9
12/12/1997,17.6
13/12/1997,10.0
14/12/1997,3.0
15/12/1997,28.0
16/12/1997,21.0
17/12/1997,1.5
18/12/1997,197.5
19/12/1997,4.5
20/12/1997,13.0
21/12/1997,0.0
22/12/1997,0.0
23/12/1997,0.0
24/12/1997,0.0
25/12/1997,0.0
26/12/1997,0.5
27/12/1997,0.0
28/12/1997,4.5
29/12/1997,97.5
30/12/1997,58.0
31/12/1997,13.5
01/01/1998,0.5
02/01/1998,18.0
03/01/1998,2.5
04/01/1998,14.0
05/01/1998,2.0
06/01/1998,40.0
07/01/1998,3.0
08/01/1998,3.5
09/01/1998,0.0
10/01/1998,0.0
11/01/1998,12.0
12/01/1998,0.0
13/01/1998,0.5
14/01/1998,0.0
15/01/1998,0.0
16/01/1998,0.0
17/01/1998,0.0
18/01/1998,0.0
19/01/1998,0.0
20/01/1998,0.0
21/01/1998,0.0
22/01/1998,0.0
23/01/1998,0.0
24/01/1998,0.0
25/01/1998,2.5
26/01/1998,2.5
27/01/1998,3.0
28/01/1998,16.5
29/01/1998,22.0
30/01/1998,23.0
31/01/1998,3.0
01/02/1998,1.5
02/02/1998,2.5
03/02/1998,1.5
04/02/1998,0.5
05/02/1998,0.0
06/02/1998,0.0
07/02/1998,0.0
08/02/1998,0.0
09/02/1998,1.0
10/02/1998,0.0
11/02/1998,0.0
12/02/1998,0.0
13/02/1998,0.0
14/02/1998,0.0
15/02/1998,0.0
16/02/1998,0.0
17/02/1998,0.0
18/02/1998,0.0
19/02/1998,0.0
20/02/1998,0.0
21/02/1998,0.0
22/02/1998,0.0
23/02/1998,0.0
24/02/1998,0.0
25/02/1998,0.0
26/02/1998,0.0
27/02/1998,0.0
28/02/1998,0.0
01/03/1998,0.0
02/03/1998,16.0
03/03/1998,4.5
04/03/1998,0.0
05/03/1998,0.0
06/03/1998,0.0
07/03/1998,9.0
08/03/1998,0.0
09/03/1998,79.5
10/03/1998,0.5
11/03/1998,0.0
12/03/1998,0.0
13/03/1998,0.0
14/03/1998,0.0
15/03/1998,0.0
16/03/1998,0.0
17/03/1998,5.0
18/03/1998,0.0
19/03/1998,0.0
20/03/1998,0.0
21/03/1998,0.0
22/03/1998,0.0
23/03/1998,0.0
24/03/1998,0.5
25/03/1998,0.0
26/03/1998,0.0
27/03/1998,7.0
28/03/1998,14.5
29/03/1998,0.0
30/03/1998,0.5
31/03/1998,1.5
01/04/1998,0.0
02/04/1998,0.0
03/04/1998,0.0
04/04/1998,0.0
05/04/1998,4.5
06/04/1998,2.5
07/04/1998,0.0
08/04/1998,0.0
09/04/1998,0.0
10/04/1998,0.0
11/04/1998,0.0
12/04/1998,0.0
13/04/1998,0.0
14/04/1998,0.0
15/04/1998,0.0
16/04/1998,0.0
17/04/1998,0.0
18/04/1998,0.0
19/04/1998,0.0
20/04/1998,0.0
21/04/1998,0.0
22/04/1998,0.0
23/04/1998,0.0
24/04/1998,0.0
25/04/1998,0.0
26/04/1998,0.0
27/04/1998,0.0
28/04/1998,0.0
29/04/1998,0.0
30/04/1998,0.0
01/05/1998,0.0
02/05/1998,0.0
03/05/1998,0.0
04/05/1998,0.0
05/05/1998,26.5
06/05/1998,6.0
07/05/1998,8.5
08/05/1998,0.0
09/05/1998,0.0
10/05/1998,25.0
11/05/1998,2.5
12/05/1998,0.5
13/05/1998,0.0
14/05/1998,4.5
15/05/1998,0.0
16/05/1998,0.0
17/05/1998,0.0
18/05/1998,0.0
19/05/1998,0.0
20/05/1998,0.0
21/05/1998,0.0
22/05/1998,0.0
23/05/1998,0.0
24/05/1998,21.0
25/05/1998,0.0
26/05/1998,1.0
17/01/1999,20.2
18/01/1999,4.1
19/01/1999,15.4
20/01/1999,8.2
21/01/1999,8.1
22/01/1999,4.3
23/01/1999,57.5
24/01/1999,14.2
25/01/1999,111.6
26/01/1999,38.5
27/01/1999,62.0
28/01/1999,11.1
29/01/1999,15.9
30/01/1999,8.0
31/01/1999,0.0
01/02/1999,0.0
02/02/1999,2.9
03/02/1999,22.8
04/02/1999,3.5
05/02/1999,0.0
06/02/1999,27.2
07/02/1999,0.0
08/02/1999,0.0
09/02/1999,0.0
10/02/1999,25.5
11/02/1999,59.6
12/02/1999,0.6
13/02/1999,77.4
14/02/1999,55.9
15/02/1999,0.4
16/02/1999,0.0
17/02/1999,0.0
18/02/1999,0.0
19/02/1999,0.0
20/02/1999,0.0
21/02/1999,3.4
22/02/1999,0.0
23/02/1999,0.0
24/02/1999,1.2
25/02/1999,7.2
26/02/1999,0.6
27/02/1999,0.0
28/02/1999,0.9
01/03/1999,26.0
02/03/1999,0.0
03/03/1999,0.0
04/03/1999,15.0
05/03/1999,1.2
06/03/1999,1.2
07/03/1999,37.9
08/03/1999,38.4
09/03/1999,0.0
10/03/1999,0.0
11/03/1999,0.0
12/03/1999,0.0
13/03/1999,0.0
14/03/1999,0.0
15/03/1999,0.0
16/03/1999,0.0
17/03/1999,0.0
18/03/1999,0.0
19/03/1999,0.0
20/03/1999,44.4
21/03/1999,0.0
22/03/1999,0.0
23/03/1999,25.9
24/03/1999,5.1
25/03/1999,35.0
26/03/1999,15.4
27/03/1999,8.6
28/03/1999,37.0
29/03/1999,0.9
30/03/1999,1.5
31/03/1999,0.0
01/04/1999,2.6
02/04/1999,0.0
03/04/1999,26.4
04/04/1999,13.0
05/04/1999,0.0
06/04/1999,0.0
07/04/1999,38.0
08/04/1999,5.8
09/04/1999,26.2
10/04/1999,40.3
11/04/1999,29.2
12/04/1999,42.8
13/04/1999,0.0
14/04/1999,0.9
15/04/1999,0.8
16/04/1999,54.2
17/04/1999,15.9
18/04/1999,16.1
19/04/1999,6.4
20/04/1999,34.7
21/04/1999,0.0
22/04/1999,0.0
23/04/1999,0.0
24/04/1999,0.0
25/04/1999,0.0
26/04/1999,0.0
27/04/1999,0.0
28/04/1999,0.0
29/04/1999,0.0
30/04/1999,0.0
01/05/1999,0.0
02/05/1999,0.0
03/05/1999,0.0
04/05/1999,0.0
05/05/1999,0.0
06/05/1999,0.0
07/05/1999,0.0
08/05/1999,3.4
09/05/1999,26.0
10/05/1999,39.6
11/05/1999,0.5
12/05/1999,1.0
13/05/1999,0.0
14/05/1999,0.0
15/05/1999,8.3
16/05/1999,2.2
17/05/1999,0.0
18/05/1999,34.3
19/05/1999,20.6
20/05/1999,20.7
21/05/1999,13.1
22/05/1999,0.0
23/05/1999,0.0
24/05/1999,1.9
25/05/1999,9.3
26/05/1999,39.1
27/05/1999,10.7
28/05/1999,32.6
29/05/1999,3.9
30/05/1999,17.9
31/05/1999,0.4
01/06/1999,0.0
02/06/1999,0.6
03/06/1999,0.0
04/06/1999,0.0
05/06/1999,0.0
06/06/1999,7.4
07/06/1999,0.5
08/06/1999,0.0
09/06/1999,3.2
10/06/1999,0.0
11/06/1999,2.3
12/06/1999,4.1
13/06/1999,12.9
14/06/1999,0.0
15/06/1999,1.5
16/06/1999,59.2
17/06/1999,0.0
18/06/1999,0.0
19/06/1999,40.4
20/06/1999,0.4
21/06/1999,0.0
22/06/1999,3.7
23/06/1999,22.6
24/06/1999,0.6
25/06/1999,4.5
26/06/1999,17.4
27/06/1999,0.0
28/06/1999,3.9
29/06/1999,1.4
30/06/1999,0.0
01/07/1999,6.5
02/07/1999,18.8
03/07/1999,8.6
04/07/1999,1.0
05/07/1999,0.0
06/07/1999,0.9
07/07/1999,70.2
08/07/1999,0.0
09/07/1999,0.0
10/07/1999,0.0
11/07/1999,10.6
12/07/1999,0.6
13/07/1999,0.0
14/07/1999,5.0
15/07/1999,2.0
16/07/1999,0.6
17/07/1999,8.8
18/07/1999,9.7
19/07/1999,0.0
20/07/1999,0.0
21/07/1999,0.0
22/07/1999,0.0
23/07/1999,0.0
24/07/1999,0.0
25/07/1999,0.0
26/07/1999,0.0
27/07/1999,0.0
28/07/1999,0.0
29/07/1999,5.4
30/07/1999,0.0
31/07/1999,6.5
01/08/1999,0.0
02/08/1999,0.0
03/08/1999,11.6
04/08/1999,2.4
05/08/1999,0.0
06/08/1999,0.0
07/08/1999,0.0
08/08/1999,0.0
09/08/1999,0.0
10/08/1999,0.0
11/08/1999,0.0
12/08/1999,0.0
13/08/1999,0.0
14/08/1999,0.0
15/08/1999,0.0
16/08/1999,0.0
17/08/1999,0.0
18/08/1999,0.0
19/08/1999,0.0
20/08/1999,0.0
21/08/1999,2.9
22/08/1999,15.1
23/08/1999,11.7
24/08/1999,0.0
25/08/1999,1.5
26/08/1999,19.7
27/08/1999,1.1
28/08/1999,3.1
29/08/1999,1.6
30/08/1999,7.1
31/08/1999,0.0
01/09/1999,20.1
02/09/1999,1.6
03/09/1999,32.2
04/09/1999,17.9
05/09/1999,0.6
06/09/1999,0.0
07/09/1999,8.6
08/09/1999,0.0
09/09/1999,0.0
10/09/1999,19.3
11/09/1999,0.0
12/09/1999,0.6
13/09/1999,21.2
14/09/1999,3.1
15/09/1999,16.4
16/09/1999,0.0
17/09/1999,44.0
18/09/1999,39.2
19/09/1999,0.0
20/09/1999,1.0
21/09/1999,3.1
22/09/1999,0.0
23/09/1999,6.4
24/09/1999,0.6
25/09/1999,16.7
26/09/1999,29.9
27/09/1999,13.2
28/09/1999,0.9
29/09/1999,3.4
30/09/1999,9.6
01/10/1999,61.8
02/10/1999,0.0
03/10/1999,2.5
04/10/1999,0.5
05/10/1999,1.6
06/10/1999,7.2
07/10/1999,0.0
08/10/1999,2.9
09/10/1999,0.7
10/10/1999,1.6
11/10/1999,2.3
12/10/1999,11.4
13/10/1999,29.2
14/10/1999,0.0
15/10/1999,0.7
16/10/1999,1.0
17/10/1999,8.9
18/10/1999,16.7
19/10/1999,20.9
20/10/1999,9.0
21/10/1999,2.9
22/10/1999,13.7
23/10/1999,0.6
24/10/1999,0.0
25/10/1999,19.9
26/10/1999,1.4
27/10/1999,24.4
28/10/1999,4.9
29/10/1999,5.8
30/10/1999,8.0
31/10/1999,0.0
01/11/1999,3.7
02/11/1999,17.1
03/11/1999,0.0
04/11/1999,42.3
05/11/1999,0.0
06/11/1999,0.0
07/11/1999,0.0
08/11/1999,7.9
09/11/1999,0.0
10/11/1999,0.0
11/11/1999,14.7
12/11/1999,0.7
13/11/1999,5.8
14/11/1999,0.8
15/11/1999,0.0
16/11/1999,0.0
17/11/1999,51.1
18/11/1999,28.8
19/11/1999,16.3
20/11/1999,4.7
21/11/1999,8.5
22/11/1999,10.8
23/11/1999,1.6
24/11/1999,17.2
25/11/1999,0.6
26/11/1999,0.3
27/11/1999,3.2
28/11/1999,0.0
29/11/1999,0.4
30/11/1999,24.1
01/12/1999,8.5
02/12/1999,7.2
03/12/1999,0.0
04/12/1999,0.0
05/12/1999,49.7
06/12/1999,54.2
07/12/1999,12.7
08/12/1999,15.2
09/12/1999,0.0
10/12/1999,0.0
11/12/1999,0.0
12/12/1999,29.2
13/12/1999,7.4
14/12/1999,15.0
15/12/1999,1.3
16/12/1999,0.0
17/12/1999,9.9
18/12/1999,0.0
19/12/1999,0.0
20/12/1999,13.7
21/12/1999,33.8
22/12/1999,20.5
23/12/1999,28.7
24/12/1999,5.1
25/12/1999,0.5
26/12/1999,0.0
27/12/1999,0.0
28/12/1999,1.2
29/12/1999,5.4
30/12/1999,11.3
31/12/1999,12.3
01/01/2000,20.3
02/01/2000,4.5
03/01/2000,21.3
04/01/2000,4.0
05/01/2000,10.5
06/01/2000,2.9
07/01/2000,0.0
08/01/2000,0.5
09/01/2000,0.0
10/01/2000,2.3
11/01/2000,14.2
12/01/2000,0.0
13/01/2000,2.9
14/01/2000,0.6
15/01/2000,0.0
16/01/2000,0.9
17/01/2000,0.0
18/01/2000,44.0
19/01/2000,5.4
20/01/2000,1.0
21/01/2000,3.3
22/01/2000,1.0
26/01/2000,3.3
27/01/2000,5.3
28/01/2000,14.2
29/01/2000,18.2
30/01/2000,30.4
31/01/2000,17.4
01/02/2000,9.4
02/02/2000,0.0
03/02/2000,0.3
04/02/2000,0.0
05/02/2000,0.0
06/02/2000,0.0
07/02/2000,0.0
08/02/2000,12.8
09/02/2000,1.6
10/02/2000,1.3
11/02/2000,0.0
12/02/2000,0.6
13/02/2000,6.3
14/02/2000,14.3
15/02/2000,1.9
16/02/2000,4.6
17/02/2000,3.6
18/02/2000,2.4
19/02/2000,64.7
20/02/2000,0.5
21/02/2000,0.9
22/02/2000,0.3
23/02/2000,0.0
24/02/2000,2.2
25/02/2000,12.2
26/02/2000,10.9
27/02/2000,5.6
28/02/2000,78.4
29/02/2000,101.1
01/03/2000,25.8
02/03/2000,2.9
03/03/2000,1.3
04/03/2000,0.0
05/03/2000,9.6
06/03/2000,0.7
07/03/2000,3.7
08/03/2000,0.0
09/03/2000,0.1
10/03/2000,0.0
11/03/2000,0.0
12/03/2000,68.1
13/03/2000,0.0
14/03/2000,0.0
15/03/2000,0.0
16/03/2000,0.0
17/03/2000,0.0
18/03/2000,0.0
19/03/2000,0.0
20/03/2000,0.0
21/03/2000,0.0
22/03/2000,0.0
23/03/2000,0.0
24/03/2000,3.4
25/03/2000,1.3
26/03/2000,115.0
27/03/2000,0.7
28/03/2000,6.5
29/03/2000,7.4
30/03/2000,0.0
31/03/2000,0.5
01/04/2000,0.0
02/04/2000,7.0
03/04/2000,0.5
04/04/2000,0.0
05/04/2000,0.0
06/04/2000,0.0
07/04/2000,0.0
08/04/2000,0.0
09/04/2000,0.0
10/04/2000,13.4
11/04/2000,42.2
12/04/2000,53.8
13/04/2000,0.9
14/04/2000,15.7
15/04/2000,5.5
16/04/2000,16.1
17/04/2000,16.8
18/04/2000,0.0
19/04/2000,36.6
20/04/2000,0.4
21/04/2000,1.2
22/04/2000,0.0
23/04/2000,21.2
24/04/2000,0.5
25/04/2000,13.7
26/04/2000,12.0
27/04/2000,0.9
28/04/2000,0.0
29/04/2000,8.3
30/04/2000,9.6
01/05/2000,0.0
02/05/2000,6.1
03/05/2000,52.0
04/05/2000,1.7
05/05/2000,19.7
06/05/2000,8.7
07/05/2000,29.3
08/05/2000,0.2
09/05/2000,14.1
10/05/2000,0.0
11/05/2000,0.6
12/05/2000,19.3
13/05/2000,0.0
14/05/2000,0.0
15/05/2000,0.0
16/05/2000,0.0
17/05/2000,9.1
18/05/2000,0.0
19/05/2000,7.5
20/05/2000,3.4
21/05/2000,31.3
22/05/2000,0.9
23/05/2000,0.0
24/05/2000,0.0
29/05/2000,14.8
30/05/2000,35.5
31/05/2000,37.8
01/06/2000,10.0
02/06/2000,15.4
03/06/2000,0.8
04/06/2000,2.1
05/06/2000,0.0
06/06/2000,6.2
07/06/2000,5.3
08/06/2000,1.0
09/06/2000,1.4
10/06/2000,0.0
11/06/2000,1.5
12/06/2000,13.8
13/06/2000,1.3
14/06/2000,0.0
15/06/2000,9.0
16/06/2000,14.5
17/06/2000,0.0
18/06/2000,0.3
19/06/2000,12.7
20/06/2000,0.0
21/06/2000,0.0
22/06/2000,0.6
23/06/2000,0.0
24/06/2000,0.0
25/06/2000,1.1
26/06/2000,0.0
27/06/2000,0.0
28/06/2000,0.0
29/06/2000,0.0
30/06/2000,0.0
01/07/2000,11.5
02/07/2000,0.0
03/07/2000,0.0
04/07/2000,0.0
05/07/2000,0.0
06/07/2000,0.0
07/07/2000,0.0
08/07/2000,0.0
09/07/2000,0.0
10/07/2000,0.0
11/07/2000,0.0
12/07/2000,0.0
13/07/2000,0.0
14/07/2000,4.1
15/07/2000,0.0
16/07/2000,0.0
17/07/2000,0.0
18/07/2000,0.0
19/07/2000,0.0
20/07/2000,23.8
29/07/2000,6.1
30/07/2000,0.0
31/07/2000,0.0
01/08/2000,0.0
02/08/2000,2.3
03/08/2000,1.1
04/08/2000,0.0
05/08/2000,5.3
06/08/2000,0.0
07/08/2000,0.0
08/08/2000,30.8
09/08/2000,0.0
10/08/2000,0.0
11/08/2000,0.0
12/08/2000,0.0
13/08/2000,0.0
14/08/2000,12.3
15/08/2000,0.0
16/08/2000,30.3
17/08/2000,7.0
18/08/2000,2.9
19/08/2000,0.0
20/08/2000,9.6
21/08/2000,28.0
22/08/2000,1.6
23/08/2000,0.0
24/08/2000,0.0
25/08/2000,0.0
26/08/2000,0.0
27/08/2000,2.7
28/08/2000,1.7
29/08/2000,17.9
30/08/2000,0.0
31/08/2000,8.7
01/09/2000,54.1
02/09/2000,0.3
03/09/2000,0.0
04/09/2000,2.9
05/09/2000,1.1
06/09/2000,0.5
07/09/2000,0.0
08/09/2000,0.0
09/09/2000,17.8
10/09/2000,0.0
11/09/2000,22.3
12/09/2000,18.1
13/09/2000,0.8
14/09/2000,0.0
15/09/2000,17.2
16/09/2000,10.7
17/09/2000,0.0
18/09/2000,5.3
19/09/2000,35.9
20/09/2000,0.0
21/09/2000,5.4
22/09/2000,14.3
23/09/2000,0.6
24/09/2000,0.0
25/09/2000,0.0
26/09/2000,0.0
27/09/2000,0.0
28/09/2000,1.1
29/09/2000,0.0
30/09/2000,6.0
01/10/2000,9.0
02/10/2000,0.5
03/10/2000,2.6
04/10/2000,8.3
05/10/2000,2.0
06/10/2000,0.0
07/10/2000,7.4
08/10/2000,0.8
09/10/2000,0.2
10/10/2000,11.6
11/10/2000,0.0
12/10/2000,28.2
13/10/2000,7.3
14/10/2000,32.9
15/10/2000,0.0
16/10/2000,3.8
17/10/2000,81.8
18/10/2000,2.5
19/10/2000,28.0
20/10/2000,33.7
21/10/2000,30.3
22/10/2000,13.7
23/10/2000,125.4
24/10/2000,15.2
25/10/2000,0.0
26/10/2000,1.7
27/10/2000,0.0
28/10/2000,60.8
29/10/2000,20.1
30/10/2000,15.7
31/10/2000,2.0
01/11/2000,25.1
02/11/2000,0.0
03/11/2000,9.1
04/11/2000,0.0
05/11/2000,50.8
06/11/2000,8.4
07/11/2000,0.0
08/11/2000,2.4
09/11/2000,5.7
10/11/2000,0.0
11/11/2000,0.0
12/11/2000,0.0
13/11/2000,31.1
14/11/2000,94.8
15/11/2000,20.3
16/11/2000,9.6
17/11/2000,18.0
18/11/2000,11.7
19/11/2000,9.7
20/11/2000,26.6
21/11/2000,233.8
22/11/2000,1.3
23/11/2000,1.0
24/11/2000,43.5
25/11/2000,40.9
26/11/2000,2.2
27/11/2000,0.0
28/11/2000,5.7
29/11/2000,2.1
30/11/2000,3.2
01/12/2000,0.4
02/12/2000,1.0
03/12/2000,0.0
04/12/2000,0.0
05/12/2000,0.0
06/12/2000,0.0
07/12/2000,0.0
08/12/2000,0.0
09/12/2000,0.6
10/12/2000,9.5
11/12/2000,2.6
12/12/2000,0.0
13/12/2000,0.0
14/12/2000,0.4
15/12/2000,3.7
16/12/2000,2.4
17/12/2000,50.1
18/12/2000,61.0
19/12/2000,6.4
20/12/2000,6.2
21/12/2000,22.3
22/12/2000,10.3
23/12/2000,6.9
24/12/2000,0.0
25/12/2000,0.0
26/12/2000,0.0
27/12/2000,0.0
28/12/2000,0.0
29/12/2000,2.0
30/12/2000,19.6
31/12/2000,26.7
01/01/2001,12.5
02/01/2001,6.7
03/01/2001,2.6
04/01/2001,2.1
05/01/2001,0.0
06/01/2001,0.0
07/01/2001,0.5
08/01/2001,0.0
09/01/2001,0.0
10/01/2001,0.0
11/01/2001,0.0
12/01/2001,0.0
13/01/2001,53.1
14/01/2001,35.4
15/01/2001,25.6
16/01/2001,47.2
17/01/2001,129.9
18/01/2001,141.1
19/01/2001,40.0
20/01/2001,3.4
21/01/2001,20.3
22/01/2001,23.7
23/01/2001,0.6
24/01/2001,0.0
25/01/2001,2.8
26/01/2001,0.0
27/01/2001,0.0
28/01/2001,0.0
29/01/2001,5.4
30/01/2001,3.6
31/01/2001,17.6
01/02/2001,0.0
02/02/2001,0.0
03/02/2001,0.0
04/02/2001,0.0
05/02/2001,0.0
06/02/2001,1.9
07/02/2001,0.0
08/02/2001,0.0
09/02/2001,0.0
10/02/2001,0.0
11/02/2001,0.0
12/02/2001,0.0
13/02/2001,15.8
14/02/2001,65.4
15/02/2001,5.4
16/02/2001,3.7
17/02/2001,0.0
18/02/2001,0.0
19/02/2001,0.0
20/02/2001,5.8
21/02/2001,0.0
22/02/2001,0.0
23/02/2001,0.0
24/02/2001,0.0
25/02/2001,0.0
26/02/2001,0.0
27/02/2001,0.0
28/02/2001,0.0
01/03/2001,0.4
02/03/2001,0.0
03/03/2001,0.0
04/03/2001,0.6
05/03/2001,109.4
06/03/2001,42.0
07/03/2001,2.6
08/03/2001,30.9
09/03/2001,0.9
10/03/2001,33.8
11/03/2001,3.6
12/03/2001,3.0
13/03/2001,0.0
14/03/2001,1.2
15/03/2001,10.9
16/03/2001,23.2
17/03/2001,1.0
18/03/2001,0.0
19/03/2001,7.3
20/03/2001,17.3
21/03/2001,42.3
22/03/2001,1.2
23/03/2001,0.0
24/03/2001,0.0
25/03/2001,0.0
26/03/2001,0.0
27/03/2001,0.0
28/03/2001,0.0
29/03/2001,3.5
30/03/2001,0.0
31/03/2001,0.0
01/04/2001,0.0
02/04/2001,0.6
03/04/2001,0.0
04/04/2001,0.0
05/04/2001,1.3
06/04/2001,1.0
07/04/2001,0.5
08/04/2001,0.0
09/04/2001,7.3
10/04/2001,0.0
11/04/2001,1.6
12/04/2001,0.9
13/04/2001,12.3
14/04/2001,0.0
15/04/2001,0.0
16/04/2001,0.0
17/04/2001,0.0
18/04/2001,0.0
19/04/2001,0.0
20/04/2001,0.0
21/04/2001,0.0
22/04/2001,0.0
23/04/2001,0.0
24/04/2001,0.0
25/04/2001,10.2
26/04/2001,0.0
27/04/2001,64.2
28/04/2001,48.3
29/04/2001,10.0
30/04/2001,0.0
01/05/2001,0.0
02/05/2001,2.6
03/05/2001,0.0
04/05/2001,7.6
05/05/2001,0.0
06/05/2001,0.0
07/05/2001,41.0
08/05/2001,43.7
09/05/2001,0.0
10/05/2001,3.7
11/05/2001,2.2
12/05/2001,0.0
13/05/2001,6.8
14/05/2001,15.0
15/05/2001,7.2
16/05/2001,0.0
17/05/2001,0.0
18/05/2001,16.5
19/05/2001,0.0
20/05/2001,0.0
21/05/2001,0.8
22/05/2001,0.3
23/05/2001,1.4
24/05/2001,0.6
25/05/2001,0.0
26/05/2001,30.9
27/05/2001,0.7
28/05/2001,0.7
29/05/2001,0.0
30/05/2001,0.6
31/05/2001,0.0
01/06/2001,0.0
02/06/2001,0.0
03/06/2001,8.9
04/06/2001,10.5
05/06/2001,0.0
06/06/2001,20.5
07/06/2001,21.0
08/06/2001,0.2
09/06/2001,0.0
10/06/2001,0.0
11/06/2001,0.0
12/06/2001,17.9
13/06/2001,0.0
14/06/2001,28.9
15/06/2001,0.5
16/06/2001,39.8
17/06/2001,0.0
18/06/2001,2.5
19/06/2001,0.0
20/06/2001,0.0
21/06/2001,0.0
22/06/2001,0.0
23/06/2001,0.0
24/06/2001,0.0
25/06/2001,0.0
26/06/2001,0.0
27/06/2001,0.0
28/06/2001,3.7
29/06/2001,0.0
30/06/2001,0.0
01/07/2001,0.0
02/07/2001,0.0
03/07/2001,0.0
04/07/2001,0.0
05/07/2001,0.0
06/07/2001,0.0
07/07/2001,0.0
08/07/2001,0.0
09/07/2001,0.0
10/07/2001,0.0
11/07/2001,0.0
12/07/2001,0.0
13/07/2001,0.0
14/07/2001,0.0
15/07/2001,9.2
16/07/2001,36.8
17/07/2001,0.0
18/07/2001,0.0
19/07/2001,0.0
20/07/2001,0.4
21/07/2001,4.2
22/07/2001,7.8
23/07/2001,0.0
24/07/2001,3.6
25/07/2001,0.0
26/07/2001,0.0
27/07/2001,0.0
28/07/2001,6.4
29/07/2001,0.0
30/07/2001,0.0
31/07/2001,26.8
01/08/2001,20.1
02/08/2001,4.8
03/08/2001,5.3
04/08/2001,2.3
05/08/2001,3.9
06/08/2001,0.0
07/08/2001,9.0
08/08/2001,40.6
09/08/2001,48.8
10/08/2001,8.5
11/08/2001,0.0
12/08/2001,0.0
13/08/2001,1.9
14/08/2001,1.4
15/08/2001,1.8
16/08/2001,0.0
17/08/2001,7.6
18/08/2001,1.6
19/08/2001,30.4
20/08/2001,24.7
21/08/2001,69.1
22/08/2001,0.6
23/08/2001,0.0
24/08/2001,1.0
25/08/2001,4.0
26/08/2001,9.8
27/08/2001,38.1
28/08/2001,0.0
29/08/2001,33.5
30/08/2001,23.6
31/08/2001,0.0
01/09/2001,20.6
02/09/2001,60.7
03/09/2001,29.4
04/09/2001,12.7
05/09/2001,2.9
06/09/2001,0.0
07/09/2001,0.0
08/09/2001,0.0
09/09/2001,0.0
10/09/2001,0.0
11/09/2001,0.0
12/09/2001,0.0
13/09/2001,0.0
14/09/2001,0.0
15/09/2001,0.0
16/09/2001,0.0
17/09/2001,0.0
18/09/2001,13.2
19/09/2001,4.3
20/09/2001,0.0
21/09/2001,7.3
22/09/2001,35.7
23/09/2001,7.7
24/09/2001,68.4
25/09/2001,0.0
26/09/2001,0.0
27/09/2001,0.0
28/09/2001,8.6
29/09/2001,3.4
30/09/2001,1.2
01/10/2001,0.0
02/10/2001,0.0
03/10/2001,0.6
04/10/2001,6.5
05/10/2001,32.3
06/10/2001,53.7
07/10/2001,0.7
08/10/2001,8.0
09/10/2001,0.0
10/10/2001,23.1
11/10/2001,47.7
12/10/2001,22.3
13/10/2001,0.0
14/10/2001,8.4
15/10/2001,10.7
16/10/2001,20.0
17/10/2001,2.9
18/10/2001,43.0
19/10/2001,12.9
20/10/2001,17.8
21/10/2001,90.9
22/10/2001,2.6
23/10/2001,2.3
24/10/2001,5.6
25/10/2001,5.0
26/10/2001,0.0
27/10/2001,25.1
28/10/2001,1.1
29/10/2001,11.0
30/10/2001,4.8
31/10/2001,3.1
01/11/2001,1.4
02/11/2001,0.0
03/11/2001,1.0
04/11/2001,1.8
05/11/2001,0.0
06/11/2001,0.8
07/11/2001,0.8
08/11/2001,1.4
09/11/2001,0.0
10/11/2001,0.8
11/11/2001,0.8
12/11/2001,6.0
13/11/2001,0.5
14/11/2001,5.7
15/11/2001,10.6
16/11/2001,7.3
17/11/2001,86.7
18/11/2001,52.1
19/11/2001,14.3
20/11/2001,0.6
21/11/2001,0.8
22/11/2001,0.0
23/11/2001,0.0
24/11/2001,8.9
25/11/2001,0.5
26/11/2001,3.0
27/11/2001,0.0
28/11/2001,1.2
29/11/2001,1.2
30/11/2001,7.8
01/12/2001,27.7
02/12/2001,1.0
03/12/2001,0.0
04/12/2001,0.0
05/12/2001,0.0
06/12/2001,18.5
07/12/2001,15.8
08/12/2001,0.4
09/12/2001,0.0
10/12/2001,0.0
11/12/2001,0.0
12/12/2001,0.5
13/12/2001,0.0
14/12/2001,256.8
15/12/2001,238.0
16/12/2001,22.2
17/12/2001,35.2
18/12/2001,7.4
19/12/2001,17.7
20/12/2001,25.4
21/12/2001,44.9
22/12/2001,133.6
23/12/2001,77.0
24/12/2001,25.2
25/12/2001,1.5
26/12/2001,8.4
27/12/2001,30.0
28/12/2001,197.6
29/12/2001,53.0
30/12/2001,29.3
31/12/2001,0.0
01/01/2002,0.0
02/01/2002,0.0
03/01/2002,0.0
04/01/2002,0.0
05/01/2002,3.4
06/01/2002,8.9
07/01/2002,4.4
08/01/2002,7.9
09/01/2002,5.3
10/01/2002,0.9
11/01/2002,0.0
12/01/2002,1.7
13/01/2002,0.8
14/01/2002,1.5
15/01/2002,0.2
16/01/2002,0.0
17/01/2002,0.0
18/01/2002,0.0
19/01/2002,0.0
20/01/2002,21.3
21/01/2002,11.2
22/01/2002,6.8
23/01/2002,12.7
24/01/2002,10.0
25/01/2002,8.0
26/01/2002,0.7
27/01/2002,0.0
28/01/2002,0.4
29/01/2002,3.1
30/01/2002,0.3
31/01/2002,0.5
01/02/2002,0.0
02/02/2002,10.9
03/02/2002,0.0
04/02/2002,0.0
05/02/2002,0.0
06/02/2002,0.0
07/02/2002,0.0
08/02/2002,0.0
09/02/2002,0.0
10/02/2002,0.0
11/02/2002,0.0
12/02/2002,4.6
13/02/2002,0.6
14/02/2002,0.0
15/02/2002,0.0
16/02/2002,0.0
17/02/2002,0.0
18/02/2002,0.0
19/02/2002,0.6
20/02/2002,12.7
21/02/2002,2.4
22/02/2002,5.8
23/02/2002,1.0
24/02/2002,0.0
25/02/2002,0.0
26/02/2002,1.6
27/02/2002,1.0
28/02/2002,0.0
01/03/2002,0.0
02/03/2002,0.0
03/03/2002,0.0
04/03/2002,0.0
05/03/2002,0.0
06/03/2002,0.0
07/03/2002,0.0
08/03/2002,0.0
09/03/2002,0.0
10/03/2002,8.1
11/03/2002,0.0
12/03/2002,0.0
13/03/2002,0.0
14/03/2002,0.0
15/03/2002,0.0
16/03/2002,0.0
17/03/2002,0.0
18/03/2002,0.0
19/03/2002,9.2
20/03/2002,192.4
21/03/2002,0.8
22/03/2002,8.5
23/03/2002,0.5
24/03/2002,4.6
25/03/2002,0.0
26/03/2002,0.0
27/03/2002,0.0
28/03/2002,0.0
29/03/2002,0.0
30/03/2002,1.1
31/03/2002,0.6
01/04/2002,0.0
02/04/2002,0.0
03/04/2002,0.0
04/04/2002,0.0
05/04/2002,0.0
06/04/2002,0.0
07/04/2002,0.0
08/04/2002,0.0
09/04/2002,0.0
10/04/2002,0.0
11/04/2002,0.0
12/04/2002,0.5
13/04/2002,0.0
14/04/2002,0.0
15/04/2002,0.0
16/04/2002,0.0
17/04/2002,0.0
18/04/2002,0.0
19/04/2002,0.0
20/04/2002,0.0
21/04/2002,0.0
22/04/2002,0.0
23/04/2002,0.0
24/04/2002,0.0
25/04/2002,0.0
26/04/2002,0.0
27/04/2002,0.0
28/04/2002,0.0
29/04/2002,0.0
30/04/2002,0.0
01/05/2002,0.0
02/05/2002,0.0
03/05/2002,0.0
04/05/2002,0.0
05/05/2002,0.0
06/05/2002,0.0
07/05/2002,0.0
08/05/2002,0.0
09/05/2002,0.0
10/05/2002,0.0
11/05/2002,0.0
12/05/2002,0.0
13/05/2002,0.0
14/05/2002,0.0
15/05/2002,0.0
16/05/2002,0.0
17/05/2002,0.0
18/05/2002,0.0
19/05/2002,0.0
20/05/2002,0.0
21/05/2002,0.0
22/05/2002,0.0
23/05/2002,0.0
24/05/2002,0.0
25/05/2002,14.0
26/05/2002,0.0
27/05/2002,0.0
28/05/2002,0.0
29/05/2002,0.0
30/05/2002,0.0
31/05/2002,0.0
01/06/2002,0.0
02/06/2002,0.0
03/06/2002,0.0
04/06/2002,0.0
05/06/2002,0.0
06/06/2002,0.0
07/06/2002,0.0
08/06/2002,0.0
09/06/2002,0.0
10/06/2002,0.0
11/06/2002,0.0
12/06/2002,0.0
13/06/2002,0.0
14/06/2002,0.0
15/06/2002,0.0
16/06/2002,0.0
17/06/2002,0.0
18/06/2002,0.0
19/06/2002,0.0
20/06/2002,0.0
21/06/2002,0.0
22/06/2002,2.7
23/06/2002,0.3
24/06/2002,0.0
25/06/2002,0.0
26/06/2002,0.0
27/06/2002,0.0
28/06/2002,0.0
29/06/2002,0.0
30/06/2002,0.0
01/07/2002,0.0
02/07/2002,0.0
03/07/2002,0.0
04/07/2002,0.0
05/07/2002,0.0
06/07/2002,0.0
07/07/2002,0.0
08/07/2002,0.0
09/07/2002,0.0
10/07/2002,0.0
11/07/2002,0.0
12/07/2002,0.0
13/07/2002,0.0
14/07/2002,0.0
15/07/2002,0.0
16/07/2002,0.0
17/07/2002,0.0
18/07/2002,0.0
19/07/2002,0.0
20/07/2002,1.7
21/07/2002,0.0
22/07/2002,0.0
23/07/2002,0.0
24/07/2002,0.0
25/07/2002,0.0
26/07/2002,0.0
27/07/2002,0.0
28/07/2002,0.0
29/07/2002,0.0
30/07/2002,0.0
31/07/2002,0.0
01/08/2002,0.0
02/08/2002,0.0
03/08/2002,0.0
04/08/2002,0.0
05/08/2002,0.0
06/08/2002,0.0
07/08/2002,0.0
08/08/2002,0.0
09/08/2002,0.0
10/08/2002,0.0
11/08/2002,0.0
12/08/2002,0.0
13/08/2002,0.0
14/08/2002,0.0
15/08/2002,0.0
16/08/2002,0.0
17/08/2002,0.0
18/08/2002,3.9
19/08/2002,1.9
20/08/2002,0.0
21/08/2002,0.0
22/08/2002,0.0
23/08/2002,0.0
24/08/2002,0.0
25/08/2002,0.0
26/08/2002,0.0
27/08/2002,0.0
28/08/2002,0.0
29/08/2002,0.0
30/08/2002,0.0
31/08/2002,0.0
01/09/2002,0.0
02/09/2002,0.0
03/09/2002,0.0
04/09/2002,0.0
05/09/2002,0.0
06/09/2002,0.0
07/09/2002,0.0
08/09/2002,0.0
09/09/2002,0.0
10/09/2002,0.0
11/09/2002,0.0
12/09/2002,0.0
13/09/2002,0.0
14/09/2002,0.0
15/09/2002,0.0
16/09/2002,0.0
17/09/2002,0.0
18/09/2002,0.0
19/09/2002,0.0
20/09/2002,0.0
21/09/2002,0.0
22/09/2002,0.0
23/09/2002,0.0
24/09/2002,0.0
25/09/2002,0.0
26/09/2002,0.0
27/09/2002,0.0
28/09/2002,0.0
29/09/2002,0.0
30/09/2002,0.0
01/10/2002,0.0
02/10/2002,0.0
03/10/2002,0.0
04/10/2002,0.0
05/10/2002,0.0
06/10/2002,0.0
07/10/2002,0.0
08/10/2002,0.0
09/10/2002,0.0
10/10/2002,0.0
11/10/2002,0.0
12/10/2002,0.0
13/10/2002,0.0
14/10/2002,0.0
15/10/2002,9.7
16/10/2002,14.7
17/10/2002,2.3
18/10/2002,0.0
19/10/2002,0.9
20/10/2002,0.5
21/10/2002,0.0
22/10/2002,0.0
23/10/2002,0.0
24/10/2002,0.0
25/10/2002,0.0
26/10/2002,0.0
27/10/2002,2.3
28/10/2002,3.4
29/10/2002,10.1
30/10/2002,1.6
31/10/2002,0.5
01/11/2002,0.0
02/11/2002,0.7
03/11/2002,8.0
04/11/2002,1.7
05/11/2002,7.1
06/11/2002,1.6
07/11/2002,0.0
08/11/2002,0.0
09/11/2002,0.0
10/11/2002,0.0
11/11/2002,0.0
12/11/2002,8.3
13/11/2002,11.2
14/11/2002,0.4
15/11/2002,0.0
16/11/2002,0.0
17/11/2002,14.7
18/11/2002,38.9
19/11/2002,0.6
20/11/2002,5.9
21/11/2002,0.9
22/11/2002,31.1
23/11/2002,33.3
24/11/2002,2.4
25/11/2002,0.4
26/11/2002,1.5
27/11/2002,0.0
28/11/2002,0.0
29/11/2002,1.9
30/11/2002,0.0
01/12/2002,1.0
02/12/2002,2.8
03/12/2002,6.2
04/12/2002,1.7
05/12/2002,0.2
06/12/2002,28.1
07/12/2002,0.7
08/12/2002,0.7
09/12/2002,15.3
10/12/2002,28.2
11/12/2002,49.8
12/12/2002,0.0
13/12/2002,41.7
14/12/2002,1.0
15/12/2002,0.4
16/12/2002,0.0
17/12/2002,0.2
18/12/2002,0.1
19/12/2002,0.0
20/12/2002,0.0
21/12/2002,0.0
22/12/2002,0.0
23/12/2002,0.0
24/12/2002,0.2
25/12/2002,0.4
26/12/2002,0.2
27/12/2002,0.0
28/12/2002,0.0
29/12/2002,0.4
30/12/2002,0.3
31/12/2002,38.5
01/01/2003,20.6
02/01/2003,19.7
03/01/2003,33.1
04/01/2003,17.9
05/01/2003,7.9
06/01/2003,7.7
07/01/2003,8.6
08/01/2003,11.0
09/01/2003,0.6
10/01/2003,0.0
11/01/2003,0.0
12/01/2003,0.0
13/01/2003,0.3
14/01/2003,21.3
15/01/2003,1.3
16/01/2003,0.0
17/01/2003,0.7
18/01/2003,5.0
19/01/2003,24.1
20/01/2003,12.6
21/01/2003,12.9
22/01/2003,29.9
23/01/2003,24.3
24/01/2003,1.3
25/01/2003,0.0
26/01/2003,0.0
27/01/2003,1.6
28/01/2003,0.0
29/01/2003,8.3
30/01/2003,5.2
31/01/2003,3.1
01/02/2003,24.4
02/02/2003,16.2
03/02/2003,0.0
04/02/2003,1.1
05/02/2003,0.3
06/02/2003,0.0
07/02/2003,0.0
08/02/2003,0.0
09/02/2003,1.8
10/02/2003,0.0
11/02/2003,0.0
12/02/2003,0.0
13/02/2003,0.0
14/02/2003,2.5
15/02/2003,1.2
16/02/2003,1.5
17/02/2003,1.0
18/02/2003,0.0
19/02/2003,0.5
20/02/2003,19.0
21/02/2003,44.0
22/02/2003,16.8
23/02/2003,0.5
24/02/2003,0.0
25/02/2003,0.3
26/02/2003,0.0
27/02/2003,0.0
28/02/2003,0.0
01/03/2003,0.0
02/03/2003,0.0
03/03/2003,0.0
04/03/2003,0.0
05/03/2003,0.6
06/03/2003,0.0
07/03/2003,0.0
08/03/2003,0.0
09/03/2003,10.0
10/03/2003,24.0
11/03/2003,52.3
12/03/2003,0.0
13/03/2003,0.0
14/03/2003,0.0
15/03/2003,12.8
16/03/2003,0.0
17/03/2003,0.0
18/03/2003,0.0
19/03/2003,8.8
20/03/2003,0.0
21/03/2003,0.0
22/03/2003,1.4
23/03/2003,0.0
24/03/2003,5.5
25/03/2003,33.1
26/03/2003,33.7
27/03/2003,19.2
28/03/2003,0.0
29/03/2003,8.9
30/03/2003,0.0
31/03/2003,3.0
01/04/2003,80.4
02/04/2003,0.9
03/04/2003,2.6
04/04/2003,4.9
05/04/2003,0.0
06/04/2003,0.0
07/04/2003,1.3
08/04/2003,0.0
09/04/2003,0.6
10/04/2003,47.6
11/04/2003,0.0
12/04/2003,12.5
13/04/2003,0.0
14/04/2003,0.0
15/04/2003,0.4
16/04/2003,17.5
17/04/2003,0.0
18/04/2003,0.0
19/04/2003,10.2
20/04/2003,0.0
21/04/2003,0.0
22/04/2003,0.6
23/04/2003,0.0
24/04/2003,0.0
25/04/2003,0.0
26/04/2003,0.0
27/04/2003,0.0
28/04/2003,0.0
29/04/2003,0.0
30/04/2003,11.6
01/05/2003,3.6
02/05/2003,0.0
03/05/2003,0.0
04/05/2003,46.8
05/05/2003,0.0
06/05/2003,0.0
07/05/2003,0.0
08/05/2003,0.0
09/05/2003,7.3
10/05/2003,0.0
11/05/2003,4.0
12/05/2003,0.0
13/05/2003,14.7
14/05/2003,2.3
15/05/2003,1.2
16/05/2003,6.7
17/05/2003,0.0
18/05/2003,0.8
19/05/2003,7.7
20/05/2003,0.0
21/05/2003,0.0
22/05/2003,0.0
23/05/2003,0.0
24/05/2003,0.5
25/05/2003,0.0
26/05/2003,12.9
27/05/2003,0.0
28/05/2003,0.0
29/05/2003,0.0
30/05/2003,2.0
31/05/2003,0.0
01/06/2003,0.0
02/06/2003,0.0
03/06/2003,0.0
04/06/2003,0.0
05/06/2003,0.0
06/06/2003,0.0
07/06/2003,0.0
08/06/2003,0.0
09/06/2003,0.0
10/06/2003,0.0
11/06/2003,86.1
12/06/2003,0.0
13/06/2003,0.0
14/06/2003,0.0
15/06/2003,0.0
16/06/2003,11.6
17/06/2003,0.0
18/06/2003,0.0
19/06/2003,0.0
20/06/2003,11.9
21/06/2003,14.2
22/06/2003,0.5
23/06/2003,0.0
24/06/2003,0.0
25/06/2003,0.0
26/06/2003,5.2
27/06/2003,7.3
28/06/2003,0.0
29/06/2003,0.0
30/06/2003,51.0
01/07/2003,12.4
02/07/2003,5.0
03/07/2003,1.2
04/07/2003,35.6
05/07/2003,2.4
06/07/2003,0.0
07/07/2003,3.1
08/07/2003,0.5
09/07/2003,0.0
10/07/2003,2.9
11/07/2003,25.3
12/07/2003,2.5
13/07/2003,20.6
14/07/2003,1.1
15/07/2003,0.0
16/07/2003,25.2
17/07/2003,31.4
18/07/2003,0.0
19/07/2003,12.6
20/07/2003,2.0
21/07/2003,0.0
22/07/2003,0.6
23/07/2003,0.3
24/07/2003,0.0
25/07/2003,0.0
26/07/2003,0.0
27/07/2003,0.0
28/07/2003,0.0
29/07/2003,0.0
30/07/2003,0.0
31/07/2003,0.0
01/08/2003,9.1
02/08/2003,0.9
03/08/2003,2.6
04/08/2003,0.0
05/08/2003,0.0
06/08/2003,0.0
07/08/2003,0.0
08/08/2003,0.0
09/08/2003,0.0
10/08/2003,1.0
11/08/2003,6.4
12/08/2003,0.0
13/08/2003,0.0
14/08/2003,55.5
15/08/2003,24.5
16/08/2003,9.3
17/08/2003,23.0
18/08/2003,0.0
19/08/2003,30.4
20/08/2003,0.0
21/08/2003,0.0
22/08/2003,0.0
23/08/2003,0.0
24/08/2003,0.3
25/08/2003,0.0
26/08/2003,0.0
27/08/2003,0.0
28/08/2003,0.0
29/08/2003,0.0
30/08/2003,16.0
31/08/2003,82.9
01/09/2003,0.7
02/09/2003,46.8
03/09/2003,0.8
04/09/2003,0.0
05/09/2003,0.0
06/09/2003,0.8
07/09/2003,0.0
08/09/2003,4.7
09/09/2003,2.5
10/09/2003,19.2
11/09/2003,19.4
12/09/2003,3.3
13/09/2003,49.5
14/09/2003,31.2
15/09/2003,4.1
16/09/2003,0.0
17/09/2003,25.4
18/09/2003,0.4
19/09/2003,11.4
20/09/2003,0.0
21/09/2003,14.3
22/09/2003,0.4
23/09/2003,2.4
24/09/2003,43.6
25/09/2003,0.0
26/09/2003,0.5
27/09/2003,4.8
28/09/2003,2.5
29/09/2003,4.4
30/09/2003,0.6
01/10/2003,0.4
02/10/2003,6.0
03/10/2003,1.4
04/10/2003,18.0
05/10/2003,39.3
06/10/2003,1.8
07/10/2003,1.9
08/10/2003,0.0
09/10/2003,0.0
10/10/2003,43.8
11/10/2003,71.6
12/10/2003,8.0
13/10/2003,0.0
14/10/2003,5.5
15/10/2003,8.4
16/10/2003,0.0
17/10/2003,0.0
18/10/2003,22.7
19/10/2003,0.5
20/10/2003,33.5
21/10/2003,0.6
22/10/2003,0.9
23/10/2003,5.2
24/10/2003,20.4
25/10/2003,11.4
26/10/2003,14.4
27/10/2003,11.9
28/10/2003,3.5
29/10/2003,3.0
30/10/2003,0.8
31/10/2003,0.3
01/11/2003,10.0
02/11/2003,1.4
03/11/2003,17.6
04/11/2003,0.7
05/11/2003,40.7
06/11/2003,7.9
07/11/2003,0.0
08/11/2003,0.0
09/11/2003,27.2
10/11/2003,5.5
11/11/2003,11.6
12/11/2003,17.6
13/11/2003,11.9
14/11/2003,0.0
15/11/2003,0.8
16/11/2003,34.8
17/11/2003,0.0
18/11/2003,0.0
19/11/2003,0.0
20/11/2003,50.3
21/11/2003,1.1
22/11/2003,0.0
23/11/2003,2.4
24/11/2003,12.0
25/11/2003,17.1
26/11/2003,4.6
27/11/2003,47.6
28/11/2003,84.2
29/11/2003,102.1
30/11/2003,86.9
01/12/2003,130.3
02/12/2003,21.1
03/12/2003,18.1
04/12/2003,15.6
05/12/2003,6.6
06/12/2003,4.3
07/12/2003,36.9
08/12/2003,135.4
09/12/2003,114.4
10/12/2003,100.8
11/12/2003,21.1
12/12/2003,8.2
13/12/2003,169.3
14/12/2003,10.4
15/12/2003,0.0
16/12/2003,0.0
17/12/2003,4.3
18/12/2003,27.7
19/12/2003,0.0
20/12/2003,18.8
21/12/2003,20.9
22/12/2003,1.2
23/12/2003,4.6
24/12/2003,1.0
25/12/2003,0.0
26/12/2003,2.1
27/12/2003,0.9
28/12/2003,0.0
29/12/2003,4.8
30/12/2003,18.7
31/12/2003,1.2
01/01/2004,0.0
02/01/2004,0.0
03/01/2004,2.9
04/01/2004,5.6
05/01/2004,0.0
06/01/2004,0.0
07/01/2004,0.0
08/01/2004,8.3
09/01/2004,7.3
10/01/2004,0.4
11/01/2004,4.6
12/01/2004,5.0
13/01/2004,13.1
14/01/2004,0.0
15/01/2004,0.0
16/01/2004,2.9
17/01/2004,0.0
18/01/2004,0.0
19/01/2004,0.0
20/01/2004,0.0
21/01/2004,0.0
22/01/2004,0.0
23/01/2004,0.0
24/01/2004,0.0
25/01/2004,0.0
26/01/2004,4.6
27/01/2004,26.1
28/01/2004,55.0
29/01/2004,1.9
30/01/2004,3.5
31/01/2004,0.6
01/02/2004,0.0
02/02/2004,2.5
03/02/2004,0.0
04/02/2004,0.0
05/02/2004,0.0
06/02/2004,0.0
07/02/2004,0.0
08/02/2004,0.0
09/02/2004,0.0
10/02/2004,5.9
11/02/2004,0.0
12/02/2004,0.0
13/02/2004,0.8
14/02/2004,1.5
15/02/2004,2.3
16/02/2004,3.2
17/02/2004,0.0
18/02/2004,0.0
19/02/2004,0.0
20/02/2004,0.0
21/02/2004,0.0
22/02/2004,0.0
23/02/2004,0.0
24/02/2004,0.0
25/02/2004,0.0
26/02/2004,0.0
27/02/2004,0.0
28/02/2004,0.0
29/02/2004,0.0
01/03/2004,0.0
02/03/2004,0.0
03/03/2004,0.0
04/03/2004,0.0
05/03/2004,0.0
06/03/2004,0.0
07/03/2004,0.0
08/03/2004,17.0
09/03/2004,5.7
10/03/2004,6.9
11/03/2004,18.8
12/03/2004,19.0
13/03/2004,0.0
14/03/2004,2.0
15/03/2004,6.9
16/03/2004,32.2
17/03/2004,0.3
18/03/2004,0.0
19/03/2004,0.0
20/03/2004,0.0
21/03/2004,0.0
22/03/2004,0.0
23/03/2004,0.0
24/03/2004,0.0
25/03/2004,0.0
26/03/2004,0.0
27/03/2004,0.0
28/03/2004,0.0
29/03/2004,0.0
30/03/2004,0.0
31/03/2004,0.0
01/04/2004,0.0
02/04/2004,0.0
03/04/2004,0.0
04/04/2004,3.3
05/04/2004,0.0
06/04/2004,0.0
07/04/2004,0.0
08/04/2004,0.0
09/04/2004,0.0
10/04/2004,0.0
11/04/2004,0.0
12/04/2004,0.0
13/04/2004,0.0
14/04/2004,0.0
15/04/2004,2.2
16/04/2004,0.0
17/04/2004,0.0
18/04/2004,59.8
19/04/2004,0.0
20/04/2004,0.0
21/04/2004,0.0
22/04/2004,0.0
23/04/2004,62.5
24/04/2004,0.2
25/04/2004,0.4
26/04/2004,0.0
27/04/2004,0.5
28/04/2004,36.0
29/04/2004,3.9
30/04/2004,0.0
01/05/2004,52.4
02/05/2004,0.8
03/05/2004,2.3
04/05/2004,0.8
05/05/2004,0.0
06/05/2004,0.0
07/05/2004,0.0
08/05/2004,0.8
09/05/2004,0.0
10/05/2004,0.0
11/05/2004,40.5
12/05/2004,0.0
13/05/2004,0.0
14/05/2004,0.0
15/05/2004,0.0
16/05/2004,0.0
17/05/2004,0.0
18/05/2004,0.0
19/05/2004,0.0
20/05/2004,0.0
21/05/2004,0.9
22/05/2004,0.0
23/05/2004,28.4
24/05/2004,1.1
25/05/2004,14.8
26/05/2004,0.0
27/05/2004,13.4
28/05/2004,0.0
29/05/2004,3.5
30/05/2004,0.0
31/05/2004,28.4
01/06/2004,7.6
02/06/2004,1.4
03/06/2004,23.8
04/06/2004,0.0
05/06/2004,0.0
06/06/2004,0.0
07/06/2004,11.4
08/06/2004,0.0
09/06/2004,8.0
10/06/2004,0.0
11/06/2004,7.7
12/06/2004,1.0
13/06/2004,30.9
14/06/2004,0.0
15/06/2004,0.0
16/06/2004,0.0
17/06/2004,0.0
18/06/2004,0.0
19/06/2004,0.0
20/06/2004,0.0
21/06/2004,0.0
22/06/2004,0.0
23/06/2004,0.0
24/06/2004,0.0
25/06/2004,36.1
26/06/2004,10.6
27/06/2004,6.2
28/06/2004,13.7
29/06/2004,3.9
30/06/2004,9.3
01/07/2004,0.0
02/07/2004,18.9
03/07/2004,13.3
04/07/2004,0.0
05/07/2004,0.0
06/07/2004,0.0
07/07/2004,0.0
08/07/2004,8.8
09/07/2004,13.5
10/07/2004,1.1
11/07/2004,21.8
12/07/2004,2.6
13/07/2004,0.0
14/07/2004,7.8
15/07/2004,0.5
16/07/2004,50.7
17/07/2004,0.3
18/07/2004,0.0
19/07/2004,4.4
20/07/2004,0.5
21/07/2004,0.0
22/07/2004,0.0
23/07/2004,0.0
24/07/2004,0.0
25/07/2004,0.0
26/07/2004,131.5
27/07/2004,0.0
28/07/2004,15.3
29/07/2004,3.4
30/07/2004,0.0
31/07/2004,0.0
01/08/2004,0.5
02/08/2004,0.0
03/08/2004,0.0
04/08/2004,0.0
05/08/2004,0.0
06/08/2004,0.0
07/08/2004,0.0
08/08/2004,0.0
09/08/2004,0.0
10/08/2004,0.0
11/08/2004,0.3
12/08/2004,11.0
13/08/2004,3.2
14/08/2004,18.4
15/08/2004,42.1
16/08/2004,0.1
17/08/2004,0.8
18/08/2004,0.0
19/08/2004,0.0
20/08/2004,0.5
21/08/2004,0.0
22/08/2004,0.0
23/08/2004,0.8
24/08/2004,0.0
25/08/2004,0.9
26/08/2004,0.0
27/08/2004,0.0
28/08/2004,0.0
29/08/2004,0.1
30/08/2004,0.5
31/08/2004,0.3
01/09/2004,0.0
02/09/2004,0.0
03/09/2004,0.0
04/09/2004,0.0
05/09/2004,0.0
06/09/2004,0.0
07/09/2004,0.0
08/09/2004,0.0
09/09/2004,0.0
10/09/2004,0.0
11/09/2004,0.7
12/09/2004,0.6
13/09/2004,7.2
14/09/2004,1.2
15/09/2004,27.1
16/09/2004,4.0
17/09/2004,18.9
18/09/2004,0.0
19/09/2004,16.6
20/09/2004,0.0
21/09/2004,0.5
22/09/2004,0.0
23/09/2004,0.0
24/09/2004,0.7
25/09/2004,0.0
26/09/2004,0.5
27/09/2004,0.0
28/09/2004,0.0
29/09/2004,0.0
30/09/2004,0.0
01/10/2004,0.5
02/10/2004,0.5
03/10/2004,0.0
04/10/2004,0.0
05/10/2004,48.1
06/10/2004,51.9
07/10/2004,9.1
08/10/2004,83.6
09/10/2004,17.1
10/10/2004,0.0
11/10/2004,21.3
12/10/2004,0.0
13/10/2004,0.0
14/10/2004,1.0
15/10/2004,18.5
16/10/2004,0.0
17/10/2004,12.2
18/10/2004,4.1
19/10/2004,7.5
20/10/2004,24.3
21/10/2004,22.6
22/10/2004,7.6
23/10/2004,24.5
24/10/2004,1.9
25/10/2004,20.5
26/10/2004,11.7
27/10/2004,46.9
28/10/2004,24.4
29/10/2004,24.9
30/10/2004,53.5
31/10/2004,0.0
01/11/2004,0.0
02/11/2004,14.0
03/11/2004,1.2
04/11/2004,1.6
05/11/2004,39.6
06/11/2004,30.6
07/11/2004,1.7
08/11/2004,0.0
09/11/2004,0.0
10/11/2004,16.7
11/11/2004,14.6
12/11/2004,0.0
13/11/2004,1.4
14/11/2004,37.4
15/11/2004,15.9
16/11/2004,14.9
17/11/2004,22.4
18/11/2004,0.0
19/11/2004,0.0
20/11/2004,23.5
21/11/2004,17.8
22/11/2004,2.5
23/11/2004,0.1
24/11/2004,8.6
25/11/2004,0.2
26/11/2004,15.5
27/11/2004,4.8
28/11/2004,66.9
29/11/2004,38.0
30/11/2004,14.3
01/12/2004,16.5
02/12/2004,0.0
03/12/2004,0.0
04/12/2004,0.0
05/12/2004,3.0
06/12/2004,2.8
07/12/2004,10.9
08/12/2004,20.1
09/12/2004,11.3
10/12/2004,67.6
11/12/2004,115.2
12/12/2004,22.9
13/12/2004,46.6
14/12/2004,48.0
15/12/2004,224.2
16/12/2004,24.4
17/12/2004,123.8
18/12/2004,27.7
19/12/2004,31.6
20/12/2004,8.3
21/12/2004,5.2
22/12/2004,0.0
23/12/2004,0.0
24/12/2004,0.0
25/12/2004,0.0
26/12/2004,0.0
27/12/2004,12.9
28/12/2004,0.0
29/12/2004,30.1
30/12/2004,4.3
31/12/2004,0.0
01/01/2005,0.0
02/01/2005,0.0
03/01/2005,0.0
04/01/2005,0.0
05/01/2005,0.0
06/01/2005,0.0
07/01/2005,10.0
08/01/2005,0.0
09/01/2005,0.0
10/01/2005,0.6
11/01/2005,0.0
12/01/2005,0.0
13/01/2005,0.0
14/01/2005,0.0
15/01/2005,0.0
16/01/2005,1.0
17/01/2005,0.0
18/01/2005,0.0
19/01/2005,0.0
20/01/2005,0.0
21/01/2005,0.0
22/01/2005,12.8
23/01/2005,4.4
24/01/2005,7.1
25/01/2005,4.6
26/01/2005,27.0
27/01/2005,14.6
28/01/2005,9.1
29/01/2005,7.1
30/01/2005,4.9
31/01/2005,8.2
01/02/2005,0.6
02/02/2005,0.0
03/02/2005,1.6
20/09/2006,5.5
21/09/2006,11.3
22/09/2006,49.7
23/09/2006,13.0
24/09/2006,10.5
25/09/2006,2.5
26/09/2006,15.0
27/09/2006,0.0
28/09/2006,0.0
29/09/2006,8.3
30/09/2006,0.2
01/10/2006,0.0
02/10/2006,0.0
03/10/2006,0.0
04/10/2006,25.0
05/10/2006,0.0
06/10/2006,0.0
07/10/2006,0.0
08/10/2006,1.0
09/10/2006,0.5
10/10/2006,18.5
11/10/2006,10.5
12/10/2006,0.5
13/10/2006,2.1
14/10/2006,0.0
15/10/2006,0.0
16/10/2006,0.0
17/10/2006,0.0
18/10/2006,0.0
19/10/2006,0.0
20/10/2006,2.1
21/10/2006,1.9
22/10/2006,0.0
23/10/2006,0.0
24/10/2006,0.9
25/10/2006,9.6
26/10/2006,0.0
27/10/2006,0.5
28/10/2006,0.0
29/10/2006,0.0
30/10/2006,0.0
31/10/2006,0.0
01/11/2006,0.0
02/11/2006,0.4
03/11/2006,10.6
04/11/2006,2.0
05/11/2006,0.0
06/11/2006,28.9
07/11/2006,10.6
08/11/2006,5.5
09/11/2006,3.5
10/11/2006,9.6
11/11/2006,7.4
12/11/2006,0.4
13/11/2006,15.1
14/11/2006,2.0
15/11/2006,0.4
16/11/2006,1.1
17/11/2006,7.9
18/11/2006,10.5
19/11/2006,2.6
20/11/2006,4.6
21/11/2006,3.5
22/11/2006,0.0
23/11/2006,0.8
24/11/2006,24.9
25/11/2006,2.3
26/11/2006,27.5
27/11/2006,0.5
28/11/2006,4.5
29/11/2006,22.0
30/11/2006,10.5
01/12/2006,2.9
02/12/2006,1.6
03/12/2006,3.0
04/12/2006,0.0
05/12/2006,0.0
06/12/2006,0.0
07/12/2006,2.4
08/12/2006,70.8
09/12/2006,5.3
10/12/2006,0.4
11/12/2006,2.6
12/12/2006,2.5
13/12/2006,0.0
14/12/2006,0.0
15/12/2006,1.9
16/12/2006,10.4
17/12/2006,71.8
18/12/2006,55.5
19/12/2006,29.1
20/12/2006,159.6
21/12/2006,63.0
22/12/2006,8.1
23/12/2006,0.5
24/12/2006,0.0
25/12/2006,0.0
26/12/2006,5.6
27/12/2006,0.9
28/12/2006,0.5
29/12/2006,0.0
30/12/2006,0.0
31/12/2006,0.0
01/01/2007,0.9
02/01/2007,10.6
03/01/2007,0.0
04/01/2007,0.0
05/01/2007,4.5
06/01/2007,19.4
07/01/2007,128.3
08/01/2007,37.4
09/01/2007,28.8
10/01/2007,39.0
11/01/2007,11.9
12/01/2007,10.6
13/01/2007,34.0
14/01/2007,110.1
15/01/2007,17.1
16/01/2007,4.8
17/01/2007,1.2
18/01/2007,35.0
19/01/2007,21.1
20/01/2007,26.7
21/01/2007,0.4
22/01/2007,0.6
23/01/2007,1.7
24/01/2007,0.3
25/01/2007,26.3
26/01/2007,35.3
27/01/2007,6.4
28/01/2007,0.0
29/01/2007,1.0
30/01/2007,0.0
31/01/2007,0.0
01/02/2007,0.0
02/02/2007,0.0
03/02/2007,1.0
04/02/2007,0.0
05/02/2007,1.5
06/02/2007,3.4
07/02/2007,0.1
08/02/2007,0.5
09/02/2007,0.0
10/02/2007,0.0
11/02/2007,0.4
12/02/2007,3.1
13/02/2007,0.0
14/02/2007,0.0
15/02/2007,0.0
16/02/2007,0.0
17/02/2007,3.5
18/02/2007,0.0
19/02/2007,0.0
20/02/2007,0.0
21/02/2007,0.0
22/02/2007,0.0
23/02/2007,0.0
24/02/2007,0.0
25/02/2007,0.0
26/02/2007,1.0
27/02/2007,0.0
28/02/2007,3.5
01/03/2007,0.0
02/03/2007,0.0
03/03/2007,0.0
04/03/2007,0.0
05/03/2007,0.0
06/03/2007,0.0
07/03/2007,0.0
08/03/2007,0.0
09/03/2007,0.0
10/03/2007,0.0
11/03/2007,0.5
12/03/2007,0.5
13/03/2007,14.2
14/03/2007,0.8
15/03/2007,5.5
16/03/2007,0.0
17/03/2007,0.0
18/03/2007,0.0
19/03/2007,11.0
20/03/2007,0.4
21/03/2007,8.1
22/03/2007,0.0
23/03/2007,0.8
24/03/2007,3.7
25/03/2007,23.1
26/03/2007,0.0
27/03/2007,0.0
28/03/2007,2.9
29/03/2007,5.1
30/03/2007,0.8
31/03/2007,12.2
01/04/2007,5.0
02/04/2007,0.0
03/04/2007,0.0
04/04/2007,0.0
05/04/2007,0.0
06/04/2007,1.9
07/04/2007,17.5
08/04/2007,3.4
09/04/2007,4.1
10/04/2007,72.9
11/04/2007,1.6
12/04/2007,21.5
13/04/2007,0.5
14/04/2007,0.5
15/04/2007,0.0
16/04/2007,7.5
17/04/2007,0.0
18/04/2007,0.0
19/04/2007,1.0
20/04/2007,0.0
21/04/2007,0.0
22/04/2007,0.0
23/04/2007,0.3
24/04/2007,0.2
25/04/2007,7.5
26/04/2007,0.0
27/04/2007,0.0
28/04/2007,1.0
29/04/2007,27.2
30/04/2007,1.3
01/05/2007,1.5
02/05/2007,0.0
03/05/2007,1.5
04/05/2007,0.0
05/05/2007,24.0
06/05/2007,0.0
07/05/2007,0.5
08/05/2007,12.0
09/05/2007,103.6
10/05/2007,3.5
11/05/2007,1.0
12/05/2007,10.5
13/05/2007,0.4
14/05/2007,3.1
15/05/2007,6.0
16/05/2007,8.7
17/05/2007,1.2
18/05/2007,18.6
19/05/2007,2.5
20/05/2007,3.4
21/05/2007,11.6
22/05/2007,0.0
23/05/2007,0.0
24/05/2007,0.0
25/05/2007,0.0
26/05/2007,0.5
27/05/2007,0.0
28/05/2007,2.0
29/05/2007,0.5
30/05/2007,14.0
31/05/2007,77.5
01/06/2007,0.5
02/06/2007,9.0
03/06/2007,0.0
04/06/2007,0.5
05/06/2007,1.0
06/06/2007,0.4
07/06/2007,21.1
08/06/2007,0.0
09/06/2007,0.0
10/06/2007,0.0
11/06/2007,8.5
12/06/2007,0.0
13/06/2007,0.0
14/06/2007,0.0
15/06/2007,0.5
16/06/2007,65.8
17/06/2007,27.1
18/06/2007,5.1
19/06/2007,24.9
20/06/2007,2.6
21/06/2007,20.5
22/06/2007,0.0
23/06/2007,2.4
24/06/2007,20.3
25/06/2007,16.3
26/06/2007,0.5
27/06/2007,0.0
28/06/2007,10.5
29/06/2007,0.5
30/06/2007,0.0
01/07/2007,0.0
02/07/2007,0.0
03/07/2007,0.0
04/07/2007,0.0
05/07/2007,0.0
06/07/2007,0.5
07/07/2007,1.9
08/07/2007,25.1
09/07/2007,0.0
10/07/2007,0.0
11/07/2007,0.0
12/07/2007,0.0
13/07/2007,67.4
14/07/2007,2.6
15/07/2007,0.0
16/07/2007,0.0
17/07/2007,0.0
18/07/2007,7.0
19/07/2007,0.0
20/07/2007,0.0
21/07/2007,1.9
22/07/2007,16.9
23/07/2007,11.2
24/07/2007,49.0
25/07/2007,0.0
26/07/2007,0.0
27/07/2007,15.5
28/07/2007,28.5
29/07/2007,0.0
30/07/2007,1.0
31/07/2007,8.5
01/08/2007,0.0
02/08/2007,0.0
03/08/2007,0.0
04/08/2007,2.0
05/08/2007,0.4
06/08/2007,1.5
07/08/2007,0.1
08/08/2007,0.0
09/08/2007,0.0
10/08/2007,0.0
11/08/2007,0.4
12/08/2007,6.6
13/08/2007,0.0
14/08/2007,12.0
15/08/2007,0.0
16/08/2007,1.0
17/08/2007,0.0
18/08/2007,14.0
19/08/2007,13.4
20/08/2007,21.6
21/08/2007,0.0
22/08/2007,32.0
23/08/2007,28.5
24/08/2007,2.0
25/08/2007,0.0
26/08/2007,9.0
27/08/2007,13.3
28/08/2007,21.2
29/08/2007,0.5
30/08/2007,0.0
31/08/2007,0.0
01/09/2007,0.0
02/09/2007,0.0
03/09/2007,0.5
04/09/2007,0.0
05/09/2007,0.0
06/09/2007,0.0
07/09/2007,1.0
08/09/2007,6.0
09/09/2007,42.5
10/09/2007,15.0
11/09/2007,2.5
12/09/2007,12.9
13/09/2007,30.6
14/09/2007,1.9
15/09/2007,60.6
16/09/2007,0.0
17/09/2007,0.0
18/09/2007,19.5
19/09/2007,0.0
20/09/2007,0.0
21/09/2007,1.1
22/09/2007,7.4
23/09/2007,8.0
24/09/2007,6.3
25/09/2007,5.2
26/09/2007,43.0
27/09/2007,0.0
28/09/2007,0.0
29/09/2007,0.0
30/09/2007,37.9
01/10/2007,1.1
02/10/2007,0.0
03/10/2007,0.0
04/10/2007,0.5
05/10/2007,3.0
06/10/2007,6.8
07/10/2007,4.2
08/10/2007,7.4
09/10/2007,0.6
10/10/2007,0.5
11/10/2007,19.4
12/10/2007,31.7
13/10/2007,0.0
14/10/2007,0.0
15/10/2007,7.0
16/10/2007,0.0
17/10/2007,2.0
18/10/2007,38.5
19/10/2007,3.0
20/10/2007,0.0
21/10/2007,43.0
22/10/2007,5.4
23/10/2007,42.7
24/10/2007,22.3
25/10/2007,4.2
26/10/2007,45.5
27/10/2007,81.1
28/10/2007,1.3
29/10/2007,33.0
30/10/2007,0.5
31/10/2007,0.0
01/11/2007,4.2
02/11/2007,1.8
03/11/2007,11.7
04/11/2007,0.3
05/11/2007,41.9
06/11/2007,15.9
07/11/2007,23.5
08/11/2007,15.2
09/11/2007,0.0
10/11/2007,34.1
11/11/2007,2.4
12/11/2007,22.5
13/11/2007,34.5
14/11/2007,17.5
15/11/2007,1.3
16/11/2007,58.2
17/11/2007,0.0
18/11/2007,2.5
19/11/2007,19.1
20/11/2007,7.0
21/11/2007,21.2
22/11/2007,0.3
23/11/2007,0.0
24/11/2007,0.0
25/11/2007,0.0
26/11/2007,39.5
27/11/2007,64.0
28/11/2007,2.9
29/11/2007,2.1
30/11/2007,0.0
01/12/2007,0.0
02/12/2007,0.4
03/12/2007,1.5
04/12/2007,1.5
05/12/2007,13.4
06/12/2007,38.7
07/12/2007,52.7
08/12/2007,33.8
09/12/2007,23.7
10/12/2007,30.9
11/12/2007,29.0
12/12/2007,22.0
13/12/2007,41.3
14/12/2007,41.6
15/12/2007,3.9
16/12/2007,21.4
17/12/2007,13.5
18/12/2007,6.2
19/12/2007,9.7
20/12/2007,13.1
21/12/2007,4.1
22/12/2007,0.0
23/12/2007,0.0
24/12/2007,0.0
25/12/2007,0.0
26/12/2007,0.0
27/12/2007,0.0
28/12/2007,0.0
29/12/2007,0.0
30/12/2007,1.0
31/12/2007,46.8
01/01/2008,33.2
02/01/2008,34.8
03/01/2008,17.6
04/01/2008,4.5
05/01/2008,6.1
06/01/2008,15.6
07/01/2008,8.4
08/01/2008,6.9
09/01/2008,1.7
10/01/2008,0.0
11/01/2008,0.0
12/01/2008,0.0
13/01/2008,0.0
14/01/2008,0.0
15/01/2008,0.0
16/01/2008,0.0
17/01/2008,35.6
18/01/2008,130.1
19/01/2008,9.7
20/01/2008,0.0
21/01/2008,0.9
22/01/2008,0.1
23/01/2008,0.4
24/01/2008,9.1
25/01/2008,0.0
26/01/2008,0.4
27/01/2008,9.3
28/01/2008,0.3
29/01/2008,0.0
30/01/2008,0.0
31/01/2008,2.0
01/02/2008,9.7
02/02/2008,17.3
03/02/2008,14.9
04/02/2008,4.4
05/02/2008,2.2
06/02/2008,0.0
07/02/2008,0.0
08/02/2008,0.0
09/02/2008,0.0
10/02/2008,0.0
11/02/2008,0.0
12/02/2008,0.0
13/02/2008,0.0
14/02/2008,0.0
15/02/2008,0.0
16/02/2008,0.0
17/02/2008,0.0
18/02/2008,0.0
19/02/2008,0.0
20/02/2008,2.0
21/02/2008,0.0
22/02/2008,0.0
23/02/2008,0.0
24/02/2008,0.3
25/02/2008,1.1
26/02/2008,4.6
27/02/2008,6.5
28/02/2008,25.6
29/02/2008,4.8
01/03/2008,0.0
02/03/2008,0.0
03/03/2008,0.0
04/03/2008,65.4
05/03/2008,8.1
06/03/2008,2.7
07/03/2008,3.3
08/03/2008,0.9
09/03/2008,2.1
10/03/2008,0.0
11/03/2008,0.0
12/03/2008,0.0
13/03/2008,0.0
14/03/2008,0.4
15/03/2008,9.6
16/03/2008,0.0
17/03/2008,0.0
18/03/2008,0.0
19/03/2008,0.0
20/03/2008,0.0
21/03/2008,0.0
22/03/2008,0.0
23/03/2008,0.0
24/03/2008,0.0
25/03/2008,29.8
26/03/2008,1.2
27/03/2008,0.0
28/03/2008,0.0
29/03/2008,0.0
30/03/2008,0.0
31/03/2008,0.0
01/04/2008,0.0
02/04/2008,2.5
03/04/2008,0.0
04/04/2008,0.4
05/04/2008,28.1
06/04/2008,10.5
07/04/2008,0.0
08/04/2008,0.0
09/04/2008,0.0
10/04/2008,0.0
11/04/2008,15.5
12/04/2008,17.0
13/04/2008,0.0
14/04/2008,0.0
15/04/2008,2.5
16/04/2008,2.5
17/04/2008,0.0
18/04/2008,0.0
19/04/2008,0.0
20/04/2008,0.0
21/04/2008,0.0
22/04/2008,9.0
23/04/2008,14.3
24/04/2008,3.5
25/04/2008,0.3
26/04/2008,1.0
27/04/2008,53.0
28/04/2008,0.5
29/04/2008,1.0
30/04/2008,21.5
01/05/2008,7.0
02/05/2008,0.0
03/05/2008,5.5
04/05/2008,6.5
05/05/2008,7.5
06/05/2008,50.6
07/05/2008,0.9
08/05/2008,4.0
09/05/2008,23.5
10/05/2008,0.0
11/05/2008,0.0
12/05/2008,0.0
13/05/2008,0.0
14/05/2008,10.5
15/05/2008,0.0
16/05/2008,0.0
17/05/2008,0.0
18/05/2008,14.5
19/05/2008,12.5
20/05/2008,6.5
21/05/2008,0.0
22/05/2008,0.4
23/05/2008,4.1
24/05/2008,0.0
25/05/2008,0.0
26/05/2008,0.0
27/05/2008,0.0
28/05/2008,0.0
29/05/2008,30.4
30/05/2008,0.6
31/05/2008,5.5
01/06/2008,0.0
02/06/2008,3.5
03/06/2008,0.0
04/06/2008,0.5
05/06/2008,1.0
06/06/2008,0.4
07/06/2008,3.1
08/06/2008,10.5
09/06/2008,1.0
10/06/2008,27.7
11/06/2008,3.8
12/06/2008,6.0
13/06/2008,0.0
14/06/2008,2.0
15/06/2008,35.5
16/06/2008,0.0
17/06/2008,0.0
18/06/2008,6.0
19/06/2008,8.5
20/06/2008,0.0
21/06/2008,0.0
22/06/2008,26.0
23/06/2008,1.0
24/06/2008,2.9
25/06/2008,54.6
26/06/2008,5.5
27/06/2008,0.0
28/06/2008,6.9
29/06/2008,0.1
30/06/2008,0.0
01/07/2008,0.0
02/07/2008,0.5
03/07/2008,26.2
04/07/2008,0.3
05/07/2008,14.5
06/07/2008,0.0
07/07/2008,0.0
08/07/2008,0.0
09/07/2008,2.0
10/07/2008,2.6
11/07/2008,4.3
12/07/2008,0.1
13/07/2008,0.0
14/07/2008,0.0
15/07/2008,13.5
16/07/2008,0.0
17/07/2008,0.0
18/07/2008,0.5
19/07/2008,0.8
20/07/2008,0.2
21/07/2008,3.0
22/07/2008,10.5
23/07/2008,3.0
24/07/2008,2.0
25/07/2008,0.0
26/07/2008,34.7
27/07/2008,2.3
28/07/2008,0.0
29/07/2008,1.0
30/07/2008,0.0
31/07/2008,0.0
01/08/2008,0.0
02/08/2008,0.5
03/08/2008,13.9
04/08/2008,0.1
05/08/2008,29.2
06/08/2008,4.8
07/08/2008,2.3
08/08/2008,0.2
09/08/2008,0.0
10/08/2008,6.0
11/08/2008,0.5
12/08/2008,21.4
13/08/2008,4.7
14/08/2008,6.0
15/08/2008,1.0
16/08/2008,26.8
17/08/2008,23.7
18/08/2008,7.5
19/08/2008,37.2
20/08/2008,0.8
21/08/2008,0.0
22/08/2008,17.6
23/08/2008,102.9
24/08/2008,0.0
25/08/2008,1.0
26/08/2008,0.0
27/08/2008,21.0
28/08/2008,0.5
29/08/2008,12.0
30/08/2008,0.0
31/08/2008,0.3
01/09/2008,2.2
02/09/2008,0.0
03/09/2008,0.0
04/09/2008,0.0
05/09/2008,23.5
06/09/2008,17.8
07/09/2008,0.2
08/09/2008,18.5
09/09/2008,0.0
10/09/2008,0.5
11/09/2008,4.0
12/09/2008,0.0
13/09/2008,37.5
14/09/2008,6.0
15/09/2008,0.0
16/09/2008,10.0
17/09/2008,1.8
18/09/2008,2.0
19/09/2008,0.7
20/09/2008,0.0
21/09/2008,11.7
22/09/2008,2.8
23/09/2008,0.0
24/09/2008,1.0
25/09/2008,0.0
26/09/2008,14.5
27/09/2008,1.0
28/09/2008,0.5
29/09/2008,50.9
30/09/2008,3.1
01/10/2008,0.0
02/10/2008,0.0
03/10/2008,11.2
04/10/2008,41.8
05/10/2008,0.0
06/10/2008,0.0
07/10/2008,0.0
08/10/2008,6.1
09/10/2008,16.9
10/10/2008,1.0
11/10/2008,0.0
12/10/2008,0.0
13/10/2008,5.0
14/10/2008,0.0
15/10/2008,0.0
16/10/2008,0.0
17/10/2008,0.0
18/10/2008,0.0
19/10/2008,0.0
20/10/2008,0.0
21/10/2008,0.0
22/10/2008,0.0
23/10/2008,0.0
24/10/2008,0.0
25/10/2008,0.0
26/10/2008,0.0
27/10/2008,0.0
28/10/2008,0.0
29/10/2008,0.0
30/10/2008,0.0
31/10/2008,0.0
01/11/2008,1.7
02/11/2008,4.3
03/11/2008,2.5
04/11/2008,0.4
05/11/2008,0.1
06/11/2008,12.0
07/11/2008,27.5
08/11/2008,1.5
09/11/2008,51.5
10/11/2008,20.6
11/11/2008,1.2
12/11/2008,3.3
13/11/2008,17.3
14/11/2008,0.7
15/11/2008,63.0
16/11/2008,0.0
17/11/2008,14.0
18/11/2008,14.5
19/11/2008,14.7
20/11/2008,43.1
21/11/2008,24.2
22/11/2008,0.3
23/11/2008,22.8
24/11/2008,5.9
25/11/2008,0.4
26/11/2008,12.6
27/11/2008,6.3
28/11/2008,0.2
29/11/2008,0.7
30/11/2008,0.3
01/12/2008,0.5
02/12/2008,6.9
03/12/2008,1.9
04/12/2008,0.2
05/12/2008,2.1
06/12/2008,101.3
07/12/2008,223.7
08/12/2008,15.7
09/12/2008,0.2
10/12/2008,0.0
11/12/2008,1.0
12/12/2008,0.3
13/12/2008,28.2
14/12/2008,0.0
15/12/2008,0.0
16/12/2008,0.0
17/12/2008,0.5
18/12/2008,0.5
19/12/2008,0.0
20/12/2008,0.5
21/12/2008,0.0
22/12/2008,0.0
23/12/2008,0.6
24/12/2008,8.1
25/12/2008,73.2
26/12/2008,10.1
27/12/2008,2.5
28/12/2008,6.7
29/12/2008,4.3
30/12/2008,28.4
31/12/2008,2.6
01/01/2009,38.8
02/01/2009,120.6
03/01/2009,170.2
04/01/2009,92.0
05/01/2009,0.5
06/01/2009,0.0
07/01/2009,0.0
08/01/2009,0.0
09/01/2009,1.0
10/01/2009,0.0
11/01/2009,0.0
12/01/2009,2.2
13/01/2009,74.8
14/01/2009,3.0
15/01/2009,1.5
16/01/2009,0.5
17/01/2009,0.0
18/01/2009,0.0
19/01/2009,0.0
20/01/2009,0.0
21/01/2009,0.0
22/01/2009,0.0
23/01/2009,0.4
24/01/2009,23.0
25/01/2009,14.6
26/01/2009,0.0
27/01/2009,0.0
28/01/2009,0.0
29/01/2009,0.0
30/01/2009,0.0
31/01/2009,0.0
01/02/2009,0.0
02/02/2009,0.0
03/02/2009,0.0
04/02/2009,0.0
05/02/2009,0.0
06/02/2009,0.0
07/02/2009,0.0
08/02/2009,0.0
09/02/2009,0.0
10/02/2009,0.0
11/02/2009,0.0
12/02/2009,0.0
13/02/2009,0.4
14/02/2009,5.4
15/02/2009,0.3
16/02/2009,0.0
17/02/2009,0.0
18/02/2009,0.0
19/02/2009,0.0
20/02/2009,0.0
21/02/2009,0.5
22/02/2009,1.5
23/02/2009,1.5
24/02/2009,6.0
25/02/2009,19.5
26/02/2009,0.0
27/02/2009,0.0
28/02/2009,0.0
01/03/2009,5.8
02/03/2009,28.2
03/03/2009,98.1
04/03/2009,16.4
05/03/2009,0.6
06/03/2009,8.5
07/03/2009,1.0
08/03/2009,0.4
09/03/2009,18.1
10/03/2009,0.0
11/03/2009,0.0
12/03/2009,0.0
13/03/2009,32.3
14/03/2009,6.5
15/03/2009,133.6
16/03/2009,24.6
17/03/2009,0.0
18/03/2009,13.5
19/03/2009,0.0
20/03/2009,30.0
21/03/2009,23.0
22/03/2009,0.0
23/03/2009,0.0
24/03/2009,4.5
25/03/2009,7.5
26/03/2009,26.9
27/03/2009,19.1
28/03/2009,0.0
29/03/2009,3.0
30/03/2009,0.0
31/03/2009,0.9
01/04/2009,20.9
02/04/2009,5.2
03/04/2009,0.0
04/04/2009,1.5
05/04/2009,3.5
06/04/2009,0.3
07/04/2009,0.2
08/04/2009,4.4
09/04/2009,56.1
10/04/2009,0.0
11/04/2009,4.0
12/04/2009,27.3
13/04/2009,3.2
14/04/2009,0.0
15/04/2009,43.5
16/04/2009,0.5
17/04/2009,0.0
18/04/2009,4.0
19/04/2009,11.0
20/04/2009,2.5
21/04/2009,12.0
22/04/2009,0.0
23/04/2009,0.0
24/04/2009,7.0
25/04/2009,0.0
26/04/2009,0.0
27/04/2009,1.5
28/04/2009,0.0
29/04/2009,2.5
30/04/2009,3.5
01/05/2009,0.9
02/05/2009,14.1
03/05/2009,4.0
04/05/2009,16.0
05/05/2009,11.5
06/05/2009,0.0
07/05/2009,3.0
08/05/2009,9.5
09/05/2009,41.0
10/05/2009,24.0
11/05/2009,6.5
12/05/2009,8.5
13/05/2009,0.4
14/05/2009,23.1
15/05/2009,0.0
16/05/2009,0.0
17/05/2009,0.5
18/05/2009,8.0
19/05/2009,0.0
20/05/2009,0.5
21/05/2009,48.5
22/05/2009,0.8
23/05/2009,15.7
24/05/2009,0.0
25/05/2009,0.0
26/05/2009,106.3
27/05/2009,20.5
28/05/2009,13.4
29/05/2009,1.8
30/05/2009,0.0
31/05/2009,0.0
01/06/2009,0.0
02/06/2009,0.0
03/06/2009,0.0
04/06/2009,0.0
05/06/2009,0.0
06/06/2009,0.7
07/06/2009,16.3
08/06/2009,0.0
09/06/2009,0.0
10/06/2009,0.0
11/06/2009,0.0
12/06/2009,2.0
13/06/2009,1.0
14/06/2009,9.9
15/06/2009,0.1
16/06/2009,0.0
17/06/2009,0.0
18/06/2009,0.0
19/06/2009,3.0
20/06/2009,0.0
21/06/2009,0.5
22/06/2009,25.0
23/06/2009,11.5
24/06/2009,2.0
25/06/2009,0.0
26/06/2009,15.5
27/06/2009,0.5
28/06/2009,5.5
29/06/2009,26.2
30/06/2009,6.3
01/07/2009,0.0
02/07/2009,24.0
03/07/2009,0.0
04/07/2009,15.0
05/07/2009,0.0
06/07/2009,0.0
07/07/2009,0.4
08/07/2009,0.1
09/07/2009,0.0
10/07/2009,2.5
11/07/2009,38.0
12/07/2009,0.0
13/07/2009,0.0
14/07/2009,0.0
15/07/2009,0.0
16/07/2009,0.0
17/07/2009,0.0
18/07/2009,0.0
19/07/2009,0.0
20/07/2009,0.4
21/07/2009,4.8
22/07/2009,3.8
23/07/2009,0.5
24/07/2009,0.0
25/07/2009,0.0
26/07/2009,0.0
27/07/2009,16.0
28/07/2009,0.9
29/07/2009,0.1
30/07/2009,0.0
31/07/2009,0.0
01/08/2009,60.4
02/08/2009,5.6
03/08/2009,4.5
04/08/2009,0.5
05/08/2009,1.0
06/08/2009,0.0
07/08/2009,18.5
08/08/2009,2.0
09/08/2009,51.8
10/08/2009,33.2
11/08/2009,0.0
12/08/2009,0.0
13/08/2009,2.5
14/08/2009,0.0
15/08/2009,0.0
16/08/2009,0.0
17/08/2009,20.5
18/08/2009,0.5
19/08/2009,0.0
20/08/2009,6.8
21/08/2009,35.2
22/08/2009,14.5
23/08/2009,31.0
24/08/2009,5.5
25/08/2009,0.5
26/08/2009,11.2
27/08/2009,28.3
28/08/2009,16.5
29/08/2009,0.8
30/08/2009,0.7
31/08/2009,1.0
01/09/2009,30.5
02/09/2009,7.5
03/09/2009,14.0
04/09/2009,2.0
05/09/2009,1.0
06/09/2009,89.0
07/09/2009,0.0
08/09/2009,0.0
09/09/2009,9.0
10/09/2009,0.0
11/09/2009,0.0
12/09/2009,0.3
13/09/2009,10.3
14/09/2009,0.3
15/09/2009,0.0
16/09/2009,0.5
17/09/2009,6.9
18/09/2009,21.1
19/09/2009,0.5
20/09/2009,0.0
21/09/2009,67.5
22/09/2009,3.0
23/09/2009,17.5
24/09/2009,27.0
25/09/2009,0.5
26/09/2009,0.0
27/09/2009,0.0
28/09/2009,47.5
29/09/2009,1.0
30/09/2009,12.0
01/10/2009,7.5
02/10/2009,9.0
03/10/2009,0.9
04/10/2009,23.1
05/10/2009,25.1
06/10/2009,23.9
07/10/2009,0.5
08/10/2009,63.7
09/10/2009,1.8
10/10/2009,22.0
11/10/2009,10.0
12/10/2009,0.0
13/10/2009,60.4
14/10/2009,0.1
15/10/2009,0.0
16/10/2009,0.5
17/10/2009,61.5
18/10/2009,0.0
19/10/2009,0.4
20/10/2009,1.1
21/10/2009,0.0
22/10/2009,0.0
23/10/2009,0.0
24/10/2009,0.0
25/10/2009,0.0
26/10/2009,0.0
27/10/2009,0.0
28/10/2009,0.0
29/10/2009,0.0
30/10/2009,0.0
31/10/2009,0.0
01/11/2009,0.0
02/11/2009,15.5
03/11/2009,5.8
04/11/2009,17.9
05/11/2009,132.1
06/11/2009,71.0
07/11/2009,0.2
08/11/2009,0.4
09/11/2009,17.6
10/11/2009,1.0
11/11/2009,0.5
12/11/2009,0.3
13/11/2009,2.6
14/11/2009,15.0
15/11/2009,3.1
16/11/2009,0.4
17/11/2009,5.9
18/11/2009,27.1
19/11/2009,29.0
20/11/2009,60.4
21/11/2009,196.4
22/11/2009,115.6
23/11/2009,34.1
24/11/2009,9.7
25/11/2009,0.0
26/11/2009,4.3
27/11/2009,2.7
28/11/2009,1.5
29/11/2009,7.0
30/11/2009,52.5
01/12/2009,69.5
02/12/2009,156.0
03/12/2009,200.7
04/12/2009,64.7
05/12/2009,79.1
06/12/2009,0.0
07/12/2009,5.3
08/12/2009,11.2
09/12/2009,0.0
10/12/2009,0.0
11/12/2009,0.0
12/12/2009,0.0
13/12/2009,0.4
14/12/2009,7.1
15/12/2009,0.0
16/12/2009,4.8
17/12/2009,32.9
18/12/2009,66.8
19/12/2009,37.7
20/12/2009,17.8
21/12/2009,3.5
22/12/2009,11.0
23/12/2009,29.8
24/12/2009,0.7
25/12/2009,4.3
26/12/2009,24.0
27/12/2009,14.3
28/12/2009,10.5
29/12/2009,0.5
30/12/2009,3.5
31/12/2009,0.0
01/01/2010,17.8
02/01/2010,3.7
03/01/2010,2.0
04/01/2010,20.0
05/01/2010,0.5
06/01/2010,18.9
07/01/2010,18.6
08/01/2010,22.5
09/01/2010,0.0
10/01/2010,0.0
11/01/2010,0.0
12/01/2010,0.0
13/01/2010,0.4
14/01/2010,1.6
15/01/2010,0.0
16/01/2010,0.0
17/01/2010,0.0
18/01/2010,0.0
19/01/2010,0.0
20/01/2010,5.3
21/01/2010,37.7
22/01/2010,0.0
23/01/2010,3.5
24/01/2010,0.0
25/01/2010,0.9
26/01/2010,17.7
27/01/2010,3.3
28/01/2010,0.1
29/01/2010,0.5
30/01/2010,0.0
31/01/2010,0.0
01/02/2010,0.0
02/02/2010,2.5
03/02/2010,0.0
04/02/2010,0.0
05/02/2010,0.0
06/02/2010,0.0
07/02/2010,0.0
08/02/2010,0.0
09/02/2010,1.5
10/02/2010,0.0
11/02/2010,0.0
12/02/2010,0.0
13/02/2010,1.8
14/02/2010,0.7
15/02/2010,0.0
16/02/2010,0.4
17/02/2010,8.4
18/02/2010,2.2
19/02/2010,0.0
20/02/2010,0.0
21/02/2010,0.0
22/02/2010,0.0
23/02/2010,0.0
24/02/2010,0.0
25/02/2010,0.0
26/02/2010,0.0
27/02/2010,0.0
28/02/2010,0.0
01/03/2010,0.0
02/03/2010,0.0
03/03/2010,0.0
04/03/2010,0.0
05/03/2010,0.0
06/03/2010,0.0
07/03/2010,0.0
08/03/2010,0.0
09/03/2010,0.0
10/03/2010,2.3
11/03/2010,3.9
12/03/2010,5.6
13/03/2010,1.1
14/03/2010,22.1
15/03/2010,0.0
16/03/2010,0.0
17/03/2010,11.0
18/03/2010,2.4
19/03/2010,39.6
20/03/2010,4.5
21/03/2010,1.5
22/03/2010,0.0
23/03/2010,0.0
24/03/2010,0.0
25/03/2010,0.0
26/03/2010,1.5
27/03/2010,0.4
28/03/2010,10.6
29/03/2010,0.5
30/03/2010,1.0
31/03/2010,0.0
01/04/2010,0.0
02/04/2010,0.0
03/04/2010,8.5
04/04/2010,10.5
05/04/2010,12.5
06/04/2010,0.0
07/04/2010,0.0
08/04/2010,0.0
09/04/2010,1.8
10/04/2010,0.2
11/04/2010,0.0
12/04/2010,1.5
13/04/2010,0.0
14/04/2010,0.0
15/04/2010,0.0
16/04/2010,0.0
17/04/2010,2.8
18/04/2010,1.7
19/04/2010,0.0
20/04/2010,0.0
21/04/2010,0.0
22/04/2010,0.0
23/04/2010,0.0
24/04/2010,0.3
25/04/2010,47.1
26/04/2010,17.1
27/04/2010,53.0
28/04/2010,0.0
29/04/2010,0.0
30/04/2010,0.0
01/05/2010,0.5
02/05/2010,0.0
03/05/2010,0.0
04/05/2010,0.0
05/05/2010,0.0
06/05/2010,0.0
07/05/2010,0.0
08/05/2010,0.0
09/05/2010,0.0
10/05/2010,0.0
11/05/2010,2.0
12/05/2010,0.0
13/05/2010,0.5
14/05/2010,1.5
15/05/2010,0.0
16/05/2010,26.8
17/05/2010,1.2
18/05/2010,2.1
19/05/2010,19.4
20/05/2010,5.0
21/05/2010,0.5
22/05/2010,17.0
23/05/2010,0.0
24/05/2010,0.0
25/05/2010,0.0
26/05/2010,0.0
27/05/2010,0.0
28/05/2010,0.0
29/05/2010,0.5
30/05/2010,1.0
31/05/2010,0.0
01/06/2010,0.0
02/06/2010,0.0
03/06/2010,0.0
04/06/2010,32.0
05/06/2010,0.0
06/06/2010,8.4
07/06/2010,16.1
08/06/2010,0.0
09/06/2010,3.0
10/06/2010,1.5
11/06/2010,0.0
12/06/2010,0.0
13/06/2010,0.0
14/06/2010,0.0
15/06/2010,49.2
16/06/2010,1.3
17/06/2010,0.5
18/06/2010,0.0
19/06/2010,0.0
20/06/2010,0.5
21/06/2010,1.3
22/06/2010,0.3
23/06/2010,0.0
24/06/2010,0.0
25/06/2010,0.0
26/06/2010,0.0
27/06/2010,0.0
28/06/2010,1.8
29/06/2010,17.7
30/06/2010,0.0
01/07/2010,1.5
02/07/2010,14.0
03/07/2010,7.7
04/07/2010,0.8
05/07/2010,0.0
06/07/2010,0.0
07/07/2010,31.2
08/07/2010,9.8
09/07/2010,1.6
10/07/2010,0.9
11/07/2010,0.5
12/07/2010,40.5
13/07/2010,13.5
14/07/2010,63.0
15/07/2010,0.5
16/07/2010,0.0
17/07/2010,0.0
18/07/2010,0.0
19/07/2010,0.0
20/07/2010,0.5
21/07/2010,19.0
22/07/2010,0.5
23/07/2010,0.0
24/07/2010,3.5
25/07/2010,34.0
26/07/2010,0.0
27/07/2010,4.0
28/07/2010,0.0
29/07/2010,15.5
30/07/2010,1.0
31/07/2010,0.5
01/08/2010,0.0
02/08/2010,0.0
03/08/2010,0.0
04/08/2010,26.3
05/08/2010,15.7
06/08/2010,8.8
07/08/2010,60.2
08/08/2010,0.0
09/08/2010,0.0
10/08/2010,0.0
11/08/2010,0.5
12/08/2010,0.0
13/08/2010,6.0
14/08/2010,0.0
15/08/2010,0.0
16/08/2010,0.0
17/08/2010,0.0
18/08/2010,13.2
19/08/2010,4.3
20/08/2010,0.0
21/08/2010,0.0
22/08/2010,9.3
23/08/2010,29.7
24/08/2010,0.0
25/08/2010,0.0
26/08/2010,15.5
27/08/2010,0.5
28/08/2010,0.5
29/08/2010,0.0
30/08/2010,0.0
31/08/2010,3.5
01/09/2010,0.5
02/09/2010,0.0
03/09/2010,1.1
04/09/2010,1.3
05/09/2010,25.0
06/09/2010,23.0
07/09/2010,0.0
08/09/2010,0.0
09/09/2010,0.4
10/09/2010,6.6
11/09/2010,0.0
12/09/2010,6.0
13/09/2010,0.4
14/09/2010,77.1
15/09/2010,32.0
16/09/2010,10.5
17/09/2010,0.0
18/09/2010,44.0
19/09/2010,0.0
20/09/2010,0.0
21/09/2010,0.0
22/09/2010,10.0
23/09/2010,1.5
24/09/2010,0.0
25/09/2010,0.0
26/09/2010,0.3
27/09/2010,1.2
28/09/2010,0.9
29/09/2010,0.1
30/09/2010,6.5
01/10/2010,4.0
02/10/2010,0.5
03/10/2010,0.0
04/10/2010,11.5
05/10/2010,0.0
06/10/2010,0.8
07/10/2010,3.7
08/10/2010,0.0
09/10/2010,37.0
10/10/2010,0.0
11/10/2010,0.0
12/10/2010,8.0
13/10/2010,2.7
14/10/2010,2.8
15/10/2010,0.0
16/10/2010,0.0
17/10/2010,0.4
18/10/2010,32.4
19/10/2010,4.1
20/10/2010,0.0
21/10/2010,10.9
22/10/2010,2.6
23/10/2010,1.0
24/10/2010,0.0
25/10/2010,40.1
26/10/2010,5.9
27/10/2010,5.0
28/10/2010,4.5
29/10/2010,0.0
30/10/2010,5.0
31/10/2010,1.0
01/11/2010,0.0
02/11/2010,5.5
03/11/2010,0.4
04/11/2010,10.6
05/11/2010,23.2
06/11/2010,23.8
07/11/2010,2.5
08/11/2010,10.0
09/11/2010,22.8
10/11/2010,0.7
11/11/2010,19.1
12/11/2010,12.6
13/11/2010,27.6
14/11/2010,1.2
15/11/2010,4.5
16/11/2010,0.0
17/11/2010,3.0
18/11/2010,2.5
19/11/2010,0.5
20/11/2010,66.3
21/11/2010,0.7
22/11/2010,13.5
23/11/2010,1.0
24/11/2010,44.5
25/11/2010,0.4
26/11/2010,2.1
27/11/2010,0.0
28/11/2010,2.8
29/11/2010,12.2
30/11/2010,2.0
01/12/2010,16.0
02/12/2010,0.5
03/12/2010,0.9
04/12/2010,62.0
05/12/2010,37.6
06/12/2010,28.0
07/12/2010,20.4
08/12/2010,0.5
09/12/2010,12.1
10/12/2010,0.5
11/12/2010,7.0
12/12/2010,4.5
13/12/2010,6.3
14/12/2010,25.7
15/12/2010,0.0
16/12/2010,1.8
17/12/2010,8.6
18/12/2010,22.1
19/12/2010,103.7
20/12/2010,1.1
21/12/2010,11.1
22/12/2010,2.0
23/12/2010,25.0
24/12/2010,0.0
25/12/2010,0.0
26/12/2010,0.4
27/12/2010,8.4
28/12/2010,31.9
29/12/2010,59.4
30/12/2010,60.9
31/12/2010,20.5
01/01/2011,8.0
02/01/2011,24.6
03/01/2011,0.5
04/01/2011,0.5
05/01/2011,88.3
06/01/2011,133.2
07/01/2011,37.0
08/01/2011,30.1
09/01/2011,0.5
10/01/2011,10.0
11/01/2011,0.0
12/01/2011,0.0
13/01/2011,0.0
14/01/2011,0.0
15/01/2011,0.0
16/01/2011,0.0
17/01/2011,1.5
18/01/2011,0.5
19/01/2011,0.0
20/01/2011,0.0
21/01/2011,0.0
22/01/2011,0.0
23/01/2011,0.0
24/01/2011,0.8
25/01/2011,15.7
26/01/2011,10.1
27/01/2011,6.0
28/01/2011,25.2
29/01/2011,15.1
30/01/2011,16.6
31/01/2011,27.4
01/02/2011,5.2
02/02/2011,0.4
03/02/2011,3.1
04/02/2011,0.0
05/02/2011,0.0
06/02/2011,0.0
07/02/2011,0.0
08/02/2011,0.0
09/02/2011,0.0
10/02/2011,0.0
11/02/2011,0.0
12/02/2011,0.0
13/02/2011,0.0
14/02/2011,0.3
15/02/2011,5.7
16/02/2011,0.0
17/02/2011,0.0
18/02/2011,0.0
19/02/2011,0.0
20/02/2011,0.0
21/02/2011,0.4
22/02/2011,1.0
23/02/2011,0.1
24/02/2011,0.0
25/02/2011,0.4
26/02/2011,0.1
27/02/2011,0.0
28/02/2011,0.0
01/03/2011,0.0
02/03/2011,0.0
03/03/2011,0.0
04/03/2011,0.0
05/03/2011,0.0
06/03/2011,0.0
07/03/2011,13.4
08/03/2011,7.0
09/03/2011,93.1
10/03/2011,8.1
11/03/2011,75.8
12/03/2011,6.4
13/03/2011,1.2
14/03/2011,1.0
15/03/2011,21.3
16/03/2011,7.0
17/03/2011,5.7
18/03/2011,3.3
19/03/2011,28.4
20/03/2011,3.7
21/03/2011,4.5
22/03/2011,3.0
23/03/2011,0.0
24/03/2011,30.2
25/03/2011,13.3
26/03/2011,1.5
27/03/2011,4.5
28/03/2011,8.2
29/03/2011,32.8
30/03/2011,20.8
31/03/2011,1.2
01/04/2011,26.0
02/04/2011,20.0
03/04/2011,10.0
04/04/2011,0.0
05/04/2011,0.5
06/04/2011,0.0
07/04/2011,0.0
08/04/2011,0.0
09/04/2011,24.1
10/04/2011,45.6
11/04/2011,3.7
12/04/2011,0.0
13/04/2011,0.0
14/04/2011,0.0
15/04/2011,0.0
16/04/2011,0.0
17/04/2011,0.0
18/04/2011,13.7
19/04/2011,2.3
20/04/2011,0.0
21/04/2011,0.0
22/04/2011,0.0
23/04/2011,0.0
24/04/2011,0.0
25/04/2011,0.0
26/04/2011,0.0
27/04/2011,2.0
28/04/2011,0.0
29/04/2011,1.5
30/04/2011,0.4
01/05/2011,0.6
02/05/2011,3.3
03/05/2011,0.2
04/05/2011,5.5
05/05/2011,44.5
06/05/2011,0.0
07/05/2011,0.5
08/05/2011,0.5
09/05/2011,0.5
10/05/2011,0.0
11/05/2011,9.8
12/05/2011,80.2
13/05/2011,13.5
14/05/2011,13.0
15/05/2011,0.0
16/05/2011,19.0
17/05/2011,0.0
18/05/2011,0.0
19/05/2011,42.0
20/05/2011,0.5
21/05/2011,0.5
22/05/2011,24.5
23/05/2011,11.5
24/05/2011,13.5
25/05/2011,3.0
26/05/2011,16.4
27/05/2011,17.1
28/05/2011,1.0
29/05/2011,8.5
30/05/2011,0.0
31/05/2011,2.5
01/06/2011,6.6
02/06/2011,30.9
03/06/2011,0.0
04/06/2011,7.0
05/06/2011,7.9
06/06/2011,0.1
07/06/2011,6.0
08/06/2011,6.5
09/06/2011,3.0
10/06/2011,0.5
11/06/2011,0.0
12/06/2011,0.5
13/06/2011,1.2
14/06/2011,26.3
15/06/2011,23.0
16/06/2011,0.0
17/06/2011,0.0
18/06/2011,0.0
19/06/2011,0.0
20/06/2011,0.0
21/06/2011,0.4
22/06/2011,49.6
23/06/2011,0.0
24/06/2011,3.5
25/06/2011,1.0
26/06/2011,1.5
27/06/2011,0.0
28/06/2011,0.0
29/06/2011,0.5
30/06/2011,0.0
01/07/2011,0.0
02/07/2011,12.7
03/07/2011,1.8
04/07/2011,38.0
05/07/2011,0.0
06/07/2011,12.5
07/07/2011,0.0
08/07/2011,0.0
09/07/2011,0.0
10/07/2011,0.0
11/07/2011,0.0
12/07/2011,0.0
13/07/2011,0.0
14/07/2011,0.5
15/07/2011,13.0
16/07/2011,0.0
17/07/2011,0.0
18/07/2011,0.0
19/07/2011,0.0
20/07/2011,0.0
21/07/2011,14.5
22/07/2011,3.5
23/07/2011,71.0
24/07/2011,16.0
25/07/2011,0.0
26/07/2011,0.0
27/07/2011,0.9
28/07/2011,16.1
29/07/2011,0.0
30/07/2011,0.0
31/07/2011,0.0
01/08/2011,0.0
02/08/2011,0.0
03/08/2011,0.0
04/08/2011,19.0
05/08/2011,0.0
06/08/2011,7.5
07/08/2011,1.5
08/08/2011,0.0
09/08/2011,9.5
10/08/2011,0.0
11/08/2011,0.0
12/08/2011,0.0
13/08/2011,0.0
14/08/2011,0.0
15/08/2011,0.4
16/08/2011,1.1
17/08/2011,0.0
18/08/2011,0.0
19/08/2011,2.3
20/08/2011,4.2
21/08/2011,0.0
22/08/2011,8.5
23/08/2011,48.3
24/08/2011,3.7
25/08/2011,35.0
26/08/2011,0.0
27/08/2011,1.5
28/08/2011,83.7
29/08/2011,26.3
30/08/2011,0.0
31/08/2011,0.0
01/09/2011,0.0
02/09/2011,6.0
03/09/2011,0.5
04/09/2011,4.2
05/09/2011,0.3
06/09/2011,0.0
07/09/2011,0.0
08/09/2011,0.0
09/09/2011,88.5
10/09/2011,0.0
11/09/2011,2.0
12/09/2011,0.0
13/09/2011,0.0
14/09/2011,61.0
15/09/2011,0.5
16/09/2011,0.0
17/09/2011,0.5
18/09/2011,43.2
19/09/2011,15.3
20/09/2011,17.8
21/09/2011,13.7
22/09/2011,0.4
23/09/2011,0.1
24/09/2011,0.4
25/09/2011,3.2
26/09/2011,58.2
27/09/2011,0.7
28/09/2011,1.0
29/09/2011,0.0
30/09/2011,0.5
01/10/2011,6.7
02/10/2011,1.8
03/10/2011,1.3
04/10/2011,1.7
05/10/2011,40.0
06/10/2011,1.0
07/10/2011,19.9
08/10/2011,2.1
09/10/2011,7.5
10/10/2011,5.0
11/10/2011,63.3
12/10/2011,0.3
13/10/2011,0.0
14/10/2011,0.0
15/10/2011,0.0
16/10/2011,10.0
17/10/2011,0.4
18/10/2011,6.1
19/10/2011,13.9
20/10/2011,8.1
21/10/2011,0.8
22/10/2011,14.7
23/10/2011,0.0
24/10/2011,2.3
25/10/2011,5.2
26/10/2011,5.0
27/10/2011,21.5
28/10/2011,0.8
29/10/2011,13.3
30/10/2011,1.8
31/10/2011,20.0
01/11/2011,3.7
02/11/2011,4.8
03/11/2011,2.0
04/11/2011,0.5
05/11/2011,4.5
06/11/2011,0.4
07/11/2011,0.1
08/11/2011,0.0
09/11/2011,0.5
10/11/2011,7.0
11/11/2011,0.0
12/11/2011,26.5
13/11/2011,0.9
14/11/2011,36.1
15/11/2011,14.7
16/11/2011,4.7
17/11/2011,4.0
18/11/2011,0.0
19/11/2011,4.8
20/11/2011,40.1
21/11/2011,141.5
22/11/2011,107.1
23/11/2011,162.7
24/11/2011,43.0
25/11/2011,6.1
26/11/2011,9.5
27/11/2011,9.4
28/11/2011,36.4
29/11/2011,7.0
30/11/2011,0.8
01/12/2011,1.0
02/12/2011,0.0
03/12/2011,0.0
04/12/2011,16.8
05/12/2011,18.7
06/12/2011,0.0
07/12/2011,0.0
08/12/2011,0.0
09/12/2011,0.4
10/12/2011,85.6
11/12/2011,59.6
12/12/2011,125.5
13/12/2011,0.0
14/12/2011,0.0
15/12/2011,0.7
16/12/2011,82.6
17/12/2011,19.6
18/12/2011,27.7
19/12/2011,14.2
20/12/2011,3.2
21/12/2011,55.0
22/12/2011,17.3
23/12/2011,20.1
24/12/2011,12.0
25/12/2011,1.7
26/12/2011,0.5
27/12/2011,2.8
28/12/2011,34.2
29/12/2011,1.9
30/12/2011,21.6
31/12/2011,1.4
01/01/2012,0.4
02/01/2012,14.8
03/01/2012,3.3
04/01/2012,0.0
05/01/2012,0.0
06/01/2012,0.5
07/01/2012,4.1
08/01/2012,13.4
09/01/2012,0.9
10/01/2012,2.6
11/01/2012,15.9
12/01/2012,59.2
13/01/2012,106.5
14/01/2012,7.4
15/01/2012,1.5
16/01/2012,5.5
17/01/2012,70.2
18/01/2012,1.2
19/01/2012,5.1
20/01/2012,17.5
21/01/2012,0.0
22/01/2012,0.0
23/01/2012,0.0
24/01/2012,0.0
25/01/2012,0.0
26/01/2012,0.0
27/01/2012,52.2
28/01/2012,56.8
29/01/2012,4.0
30/01/2012,0.4
31/01/2012,20.9
01/02/2012,6.0
02/02/2012,12.7
03/02/2012,0.4
04/02/2012,0.0
05/02/2012,0.0
06/02/2012,0.0
07/02/2012,0.0
08/02/2012,0.0
09/02/2012,0.0
10/02/2012,0.0
11/02/2012,1.5
12/02/2012,2.8
13/02/2012,10.7
14/02/2012,0.0
15/02/2012,0.0
16/02/2012,0.0
17/02/2012,0.0
18/02/2012,19.5
19/02/2012,18.0
20/02/2012,0.5
21/02/2012,0.0
22/02/2012,2.0
23/02/2012,0.0
24/02/2012,0.0
25/02/2012,0.0
26/02/2012,2.5
27/02/2012,0.0
28/02/2012,2.3
29/02/2012,3.7
01/03/2012,1.2
02/03/2012,29.6
03/03/2012,27.7
04/03/2012,0.0
05/03/2012,12.0
06/03/2012,0.0
07/03/2012,0.5
08/03/2012,32.0
09/03/2012,0.5
10/03/2012,0.4
11/03/2012,8.4
12/03/2012,53.2
13/03/2012,8.4
14/03/2012,4.3
15/03/2012,7.2
16/03/2012,0.0
17/03/2012,0.0
18/03/2012,0.0
19/03/2012,0.0
20/03/2012,1.5
21/03/2012,1.5
22/03/2012,0.0
23/03/2012,23.5
24/03/2012,0.0
25/03/2012,0.0
26/03/2012,0.4
27/03/2012,0.1
28/03/2012,0.0
29/03/2012,0.0
30/03/2012,3.2
31/03/2012,6.3
01/04/2012,11.5
02/04/2012,21.5
03/04/2012,49.5
04/04/2012,0.0
05/04/2012,0.4
06/04/2012,6.1
07/04/2012,0.0
08/04/2012,3.1
09/04/2012,4.9
10/04/2012,2.5
11/04/2012,0.4
12/04/2012,17.1
13/04/2012,0.4
14/04/2012,1.6
15/04/2012,11.0
16/04/2012,0.0
17/04/2012,0.0
18/04/2012,1.5
19/04/2012,0.0
20/04/2012,0.0
21/04/2012,50.5
22/04/2012,2.5
23/04/2012,0.4
24/04/2012,40.6
25/04/2012,0.0
26/04/2012,0.0
27/04/2012,0.0
28/04/2012,0.0
29/04/2012,3.5
30/04/2012,2.9
01/05/2012,2.6
02/05/2012,5.0
03/05/2012,0.0
04/05/2012,12.6
05/05/2012,28.9
06/05/2012,0.5
07/05/2012,0.0
08/05/2012,1.5
09/05/2012,3.0
10/05/2012,21.0
11/05/2012,1.5
12/05/2012,30.5
13/05/2012,0.0
14/05/2012,17.7
15/05/2012,1.7
16/05/2012,1.1
17/05/2012,0.0
18/05/2012,0.0
19/05/2012,0.0
20/05/2012,0.0
21/05/2012,0.0
22/05/2012,3.5
23/05/2012,12.0
24/05/2012,31.8
25/05/2012,11.7
26/05/2012,0.0
27/05/2012,2.0
28/05/2012,0.0
29/05/2012,0.0
30/05/2012,0.3
31/05/2012,5.3
01/06/2012,0.8
02/06/2012,13.2
03/06/2012,17.8
04/06/2012,17.5
05/06/2012,13.5
06/06/2012,14.5
07/06/2012,0.0
08/06/2012,0.0
09/06/2012,0.0
10/06/2012,0.0
11/06/2012,0.0
12/06/2012,0.0
13/06/2012,0.0
14/06/2012,0.0
15/06/2012,0.0
16/06/2012,0.0
17/06/2012,0.0
18/06/2012,0.0
19/06/2012,1.6
20/06/2012,0.4
21/06/2012,20.5
22/06/2012,0.0
23/06/2012,0.0
24/06/2012,7.2
25/06/2012,1.8
26/06/2012,3.0
27/06/2012,0.0
28/06/2012,0.0
29/06/2012,0.0
30/06/2012,0.0
01/07/2012,0.0
02/07/2012,6.0
03/07/2012,16.8
04/07/2012,21.2
05/07/2012,27.5
06/07/2012,0.0
07/07/2012,0.0
08/07/2012,0.8
09/07/2012,36.5
10/07/2012,0.2
11/07/2012,0.0
12/07/2012,0.0
13/07/2012,0.0
14/07/2012,0.5
15/07/2012,19.5
16/07/2012,0.0
17/07/2012,2.5
18/07/2012,0.0
19/07/2012,9.8
20/07/2012,2.2
21/07/2012,14.4
22/07/2012,21.6
23/07/2012,3.5
24/07/2012,0.0
25/07/2012,0.0
26/07/2012,0.0
27/07/2012,0.0
28/07/2012,0.0
29/07/2012,0.0
30/07/2012,0.0
31/07/2012,0.0
01/08/2012,0.0
02/08/2012,0.0
03/08/2012,8.9
04/08/2012,6.6
05/08/2012,0.0
06/08/2012,12.0
07/08/2012,13.5
08/08/2012,0.0
09/08/2012,0.0
10/08/2012,0.0
11/08/2012,0.0
12/08/2012,21.5
13/08/2012,0.0
14/08/2012,0.0
15/08/2012,2.5
16/08/2012,1.0
17/08/2012,7.4
18/08/2012,30.1
19/08/2012,3.0
20/08/2012,2.5
21/08/2012,0.0
22/08/2012,21.9
23/08/2012,18.1
24/08/2012,23.5
25/08/2012,8.3
26/08/2012,4.7
27/08/2012,23.0
28/08/2012,7.5
29/08/2012,3.5
30/08/2012,13.5
31/08/2012,0.0
01/09/2012,0.0
02/09/2012,14.4
03/09/2012,3.5
04/09/2012,54.0
05/09/2012,84.0
06/09/2012,0.5
07/09/2012,5.0
08/09/2012,2.4
09/09/2012,9.1
10/09/2012,2.4
11/09/2012,42.8
12/09/2012,0.8
13/09/2012,4.7
14/09/2012,12.8
15/09/2012,1.5
16/09/2012,0.0
17/09/2012,3.0
18/09/2012,9.5
19/09/2012,0.4
20/09/2012,19.1
21/09/2012,28.6
22/09/2012,1.5
23/09/2012,0.0
24/09/2012,19.3
25/09/2012,9.2
26/09/2012,3.0
27/09/2012,2.5
28/09/2012,0.0
29/09/2012,0.0
30/09/2012,33.0
01/10/2012,16.5
02/10/2012,5.5
03/10/2012,18.0
04/10/2012,17.5
05/10/2012,0.5
06/10/2012,13.6
07/10/2012,22.4
08/10/2012,41.5
09/10/2012,2.2
10/10/2012,4.8
11/10/2012,13.0
12/10/2012,11.2
13/10/2012,0.3
14/10/2012,58.5
15/10/2012,0.4
16/10/2012,18.6
17/10/2012,0.3
18/10/2012,6.0
19/10/2012,17.7
20/10/2012,0.5
21/10/2012,20.1
22/10/2012,9.8
23/10/2012,0.0
24/10/2012,0.5
25/10/2012,23.0
26/10/2012,0.0
27/10/2012,0.0
28/10/2012,0.0
29/10/2012,0.0
30/10/2012,0.8
31/10/2012,4.4
01/11/2012,4.9
02/11/2012,9.2
03/11/2012,10.5
04/11/2012,8.4
05/11/2012,5.9
06/11/2012,1.8
07/11/2012,4.1
08/11/2012,16.0
09/11/2012,9.6
10/11/2012,7.5
11/11/2012,0.5
12/11/2012,1.4
13/11/2012,8.1
14/11/2012,0.5
15/11/2012,0.0
16/11/2012,0.0
17/11/2012,33.0
18/11/2012,1.5
19/11/2012,78.5
20/11/2012,34.0
21/11/2012,1.5
22/11/2012,0.0
23/11/2012,2.4
24/11/2012,1.1
25/11/2012,0.0
26/11/2012,19.8
27/11/2012,1.7
28/11/2012,2.0
29/11/2012,5.8
30/11/2012,2.5
01/12/2012,5.1
02/12/2012,1.5
03/12/2012,9.0
04/12/2012,2.4
05/12/2012,28.1
06/12/2012,0.0
07/12/2012,0.0
08/12/2012,0.0
09/12/2012,2.4
10/12/2012,12.1
11/12/2012,5.0
12/12/2012,0.3
13/12/2012,2.6
14/12/2012,3.0
15/12/2012,17.4
16/12/2012,3.5
17/12/2012,29.0
18/12/2012,40.3
19/12/2012,65.0
20/12/2012,8.8
21/12/2012,38.4
22/12/2012,13.4
23/12/2012,22.8
24/12/2012,352.8
25/12/2012,233.2
26/12/2012,1.8
27/12/2012,10.5
28/12/2012,3.2
29/12/2012,0.5
30/12/2012,3.4
31/12/2012,156.3
01/01/2013,5.2
02/01/2013,16.7
03/01/2013,20.0
04/01/2013,0.8
05/01/2013,0.0
06/01/2013,0.0
07/01/2013,0.0
08/01/2013,0.0
09/01/2013,0.8
10/01/2013,1.5
11/01/2013,5.2
12/01/2013,0.0
13/01/2013,0.5
14/01/2013,0.5
15/01/2013,0.0
16/01/2013,0.0
17/01/2013,0.4
18/01/2013,41.1
19/01/2013,2.5
20/01/2013,20.3
21/01/2013,27.3
22/01/2013,3.4
23/01/2013,18.5
24/01/2013,12.5
25/01/2013,0.0
26/01/2013,0.0
27/01/2013,0.0
28/01/2013,0.0
29/01/2013,0.0
30/01/2013,0.0
31/01/2013,0.5
01/02/2013,0.0
02/02/2013,2.6
03/02/2013,10.8
04/02/2013,13.5
05/02/2013,0.6
06/02/2013,0.0
07/02/2013,1.0
08/02/2013,1.5
09/02/2013,0.3
10/02/2013,10.0
11/02/2013,10.5
12/02/2013,13.5
13/02/2013,28.9
14/02/2013,17.3
15/02/2013,36.4
16/02/2013,9.0
17/02/2013,2.6
18/02/2013,3.4
19/02/2013,2.5
20/02/2013,0.0
21/02/2013,0.0
22/02/2013,0.0
23/02/2013,0.0
24/02/2013,22.5
25/02/2013,59.2
26/02/2013,59.8
27/02/2013,3.3
28/02/2013,12.1
01/03/2013,7.7
02/03/2013,0.0
03/03/2013,0.0
04/03/2013,0.0
05/03/2013,0.4
06/03/2013,0.5
07/03/2013,2.6
08/03/2013,0.0
09/03/2013,0.0
10/03/2013,0.0
11/03/2013,0.0
12/03/2013,0.0
13/03/2013,0.0
14/03/2013,0.0
15/03/2013,0.0
16/03/2013,0.0
17/03/2013,0.0
18/03/2013,0.0
19/03/2013,0.0
20/03/2013,0.5
21/03/2013,0.0
22/03/2013,0.0
23/03/2013,0.0
24/03/2013,0.0
25/03/2013,0.0
26/03/2013,0.0
27/03/2013,0.0
28/03/2013,0.0
29/03/2013,0.0
30/03/2013,0.0
31/03/2013,0.0
01/04/2013,0.0
02/04/2013,0.0
03/04/2013,0.0
04/04/2013,0.0
05/04/2013,16.5
06/04/2013,0.0
07/04/2013,0.0
08/04/2013,1.0
09/04/2013,2.5
10/04/2013,11.3
11/04/2013,1.7
12/04/2013,0.0
13/04/2013,23.5
14/04/2013,1.0
15/04/2013,1.0
16/04/2013,1.5
17/04/2013,4.9
18/04/2013,1.1
19/04/2013,9.5
20/04/2013,0.0
21/04/2013,35.5
22/04/2013,0.0
23/04/2013,0.0
24/04/2013,0.0
25/04/2013,1.0
26/04/2013,0.5
27/04/2013,0.5
28/04/2013,0.0
29/04/2013,0.0
30/04/2013,0.0
01/05/2013,6.0
02/05/2013,14.5
03/05/2013,6.7
04/05/2013,0.3
05/05/2013,0.0
06/05/2013,12.0
07/05/2013,5.0
08/05/2013,0.0
09/05/2013,6.5
10/05/2013,0.0
11/05/2013,0.0
12/05/2013,0.5
13/05/2013,0.0
14/05/2013,16.0
15/05/2013,17.3
16/05/2013,0.6
17/05/2013,20.1
18/05/2013,0.0
19/05/2013,25.0
20/05/2013,0.5
21/05/2013,15.8
22/05/2013,0.2
23/05/2013,1.0
24/05/2013,9.5
25/05/2013,0.0
26/05/2013,22.5
27/05/2013,0.0
28/05/2013,8.3
29/05/2013,7.7
30/05/2013,8.5
31/05/2013,0.0
01/06/2013,0.0
02/06/2013,45.5
03/06/2013,0.0
04/06/2013,0.0
05/06/2013,1.0
06/06/2013,0.0
07/06/2013,0.0
08/06/2013,34.5
09/06/2013,0.0
10/06/2013,0.0
11/06/2013,0.0
12/06/2013,0.0
13/06/2013,0.0
14/06/2013,0.0
15/06/2013,0.5
16/06/2013,0.0
17/06/2013,0.0
18/06/2013,0.0
19/06/2013,0.0
20/06/2013,0.0
21/06/2013,0.0
22/06/2013,0.0
23/06/2013,0.0
24/06/2013,0.0
25/06/2013,5.0
26/06/2013,2.0
27/06/2013,0.0
28/06/2013,4.0
29/06/2013,6.9
30/06/2013,0.1
01/07/2013,0.0
02/07/2013,0.0
03/07/2013,16.5
04/07/2013,5.2
05/07/2013,2.3
06/07/2013,0.0
07/07/2013,0.0
08/07/2013,0.0
09/07/2013,0.0
10/07/2013,24.3
11/07/2013,46.2
12/07/2013,14.0
13/07/2013,0.5
14/07/2013,14.0
15/07/2013,0.0
16/07/2013,2.5
17/07/2013,34.3
18/07/2013,1.7
19/07/2013,0.0
20/07/2013,0.0
21/07/2013,0.0
22/07/2013,0.0
23/07/2013,0.0
24/07/2013,0.0
25/07/2013,16.5
26/07/2013,1.0
27/07/2013,0.0
28/07/2013,0.0
29/07/2013,42.5
30/07/2013,0.0
31/07/2013,0.0
01/08/2013,0.0
02/08/2013,0.0
03/08/2013,2.0
04/08/2013,0.4
05/08/2013,25.1
06/08/2013,0.0
07/08/2013,0.0
08/08/2013,9.5
09/08/2013,0.0
10/08/2013,3.0
11/08/2013,0.0
12/08/2013,0.0
13/08/2013,0.0
14/08/2013,0.0
15/08/2013,0.5
16/08/2013,0.0
17/08/2013,1.0
18/08/2013,0.5
19/08/2013,0.0
20/08/2013,0.0
21/08/2013,0.5
22/08/2013,0.0
23/08/2013,0.0
24/08/2013,0.0
25/08/2013,30.1
26/08/2013,2.9
27/08/2013,0.0
28/08/2013,29.5
29/08/2013,12.0
30/08/2013,0.0
31/08/2013,0.3
01/09/2013,2.2
02/09/2013,0.0
03/09/2013,6.0
04/09/2013,0.0
05/09/2013,0.0
06/09/2013,20.0
07/09/2013,4.5
08/09/2013,29.0
09/09/2013,58.5
10/09/2013,0.0
11/09/2013,5.5
12/09/2013,0.5
13/09/2013,0.0
14/09/2013,44.0
15/09/2013,13.5
16/09/2013,0.0
17/09/2013,0.0
18/09/2013,0.0
19/09/2013,0.0
20/09/2013,0.0
21/09/2013,0.0
22/09/2013,0.0
23/09/2013,0.0
24/09/2013,0.0
25/09/2013,19.0
26/09/2013,2.5
27/09/2013,30.4
28/09/2013,14.6
29/09/2013,3.5
30/09/2013,3.5
01/10/2013,35.9
02/10/2013,8.9
03/10/2013,17.0
04/10/2013,13.7
05/10/2013,1.0
06/10/2013,0.0
07/10/2013,0.4
08/10/2013,45.0
09/10/2013,31.6
10/10/2013,12.6
11/10/2013,3.0
12/10/2013,32.4
13/10/2013,56.5
14/10/2013,32.6
15/10/2013,15.4
16/10/2013,0.1
17/10/2013,0.5
18/10/2013,6.4
19/10/2013,21.6
20/10/2013,0.5
21/10/2013,46.0
22/10/2013,49.5
23/10/2013,5.0
24/10/2013,0.0
25/10/2013,0.0
26/10/2013,0.0
27/10/2013,1.0
28/10/2013,3.0
29/10/2013,11.5
30/10/2013,0.0
31/10/2013,0.0
01/11/2013,5.0
02/11/2013,6.5
03/11/2013,0.0
04/11/2013,8.0
05/11/2013,36.5
06/11/2013,52.0
07/11/2013,15.5
08/11/2013,0.0
09/11/2013,0.0
10/11/2013,4.5
11/11/2013,2.0
12/11/2013,8.0
13/11/2013,0.0
14/11/2013,7.0
15/11/2013,8.0
16/11/2013,20.5
17/11/2013,6.5
18/11/2013,18.0
19/11/2013,13.5
20/11/2013,30.0
21/11/2013,7.0
22/11/2013,0.0
23/11/2013,0.5
24/11/2013,1.5
25/11/2013,0.0
26/11/2013,3.0
27/11/2013,5.5
28/11/2013,0.0
29/11/2013,56.0
30/11/2013,72.0
01/12/2013,116.0
02/12/2013,189.0
03/12/2013,325.0
04/12/2013,112.5
05/12/2013,38.5
06/12/2013,26.5
07/12/2013,130.0
08/12/2013,6.5
09/12/2013,39.0
10/12/2013,46.0
11/12/2013,4.5
12/12/2013,39.5
13/12/2013,0.0
14/12/2013,25.0
15/12/2013,0.5
16/12/2013,24.5
17/12/2013,5.8
18/12/2013,0.6
19/12/2013,20.1
20/12/2013,8.8
21/12/2013,2.2
22/12/2013,0.0
23/12/2013,0.0
24/12/2013,0.0
25/12/2013,0.4
26/12/2013,11.6
27/12/2013,0.0
28/12/2013,1.9
29/12/2013,1.6
30/12/2013,0.0
31/12/2013,4.5
01/01/2014,3.0
02/01/2014,3.3
03/01/2014,10.2
04/01/2014,0.4
05/01/2014,6.9
06/01/2014,0.7
07/01/2014,0.0
08/01/2014,0.0
09/01/2014,6.8
10/01/2014,122.9
11/01/2014,8.5
12/01/2014,32.4
13/01/2014,1.0
14/01/2014,0.0
15/01/2014,0.0
16/01/2014,0.0
17/01/2014,0.0
18/01/2014,0.0
19/01/2014,0.0
20/01/2014,0.0
21/01/2014,0.5
22/01/2014,0.0
23/01/2014,0.0
24/01/2014,0.0
25/01/2014,0.0
26/01/2014,0.0
27/01/2014,0.0
28/01/2014,0.0
29/01/2014,0.0
30/01/2014,0.0
31/01/2014,0.0
01/02/2014,0.0
02/02/2014,0.0
03/02/2014,0.0
04/02/2014,0.0
05/02/2014,0.0
06/02/2014,0.0
07/02/2014,0.0
08/02/2014,0.0
09/02/2014,0.0
10/02/2014,0.0
11/02/2014,0.0
12/02/2014,0.0
13/02/2014,0.0
14/02/2014,0.0
15/02/2014,0.5
16/02/2014,0.4
17/02/2014,2.6
18/02/2014,0.0
19/02/2014,0.0
20/02/2014,5.5
21/02/2014,0.0
22/02/2014,0.0
23/02/2014,0.0
24/02/2014,0.0
25/02/2014,0.0
26/02/2014,0.4
27/02/2014,8.1
28/02/2014,0.0
01/03/2014,0.0
02/03/2014,0.0
03/03/2014,0.0
04/03/2014,0.0
05/03/2014,0.0
06/03/2014,0.0
07/03/2014,0.0
08/03/2014,0.0
09/03/2014,0.0
10/03/2014,0.0
11/03/2014,0.0
12/03/2014,0.0
13/03/2014,0.0
14/03/2014,0.0
15/03/2014,6.5
16/03/2014,15.5
17/03/2014,2.0
18/03/2014,0.5
19/03/2014,0.0
20/03/2014,0.0
21/03/2014,0.0
22/03/2014,0.0
23/03/2014,0.0
24/03/2014,0.0
25/03/2014,1.0
26/03/2014,0.0
27/03/2014,0.0
28/03/2014,0.0
29/03/2014,2.5
30/03/2014,0.0
31/03/2014,0.0
01/04/2014,0.0
02/04/2014,0.0
03/04/2014,14.0
04/04/2014,0.0
05/04/2014,0.0
06/04/2014,0.0
07/04/2014,0.0
08/04/2014,0.0
09/04/2014,0.0
10/04/2014,0.0
11/04/2014,0.0
12/04/2014,0.5
13/04/2014,0.0
14/04/2014,0.0
15/04/2014,0.0
16/04/2014,0.0
17/04/2014,0.4
18/04/2014,44.6
19/04/2014,0.0
20/04/2014,7.3
21/04/2014,0.2
22/04/2014,0.0
23/04/2014,0.0
24/04/2014,0.0
25/04/2014,0.0
26/04/2014,0.0
27/04/2014,0.0
28/04/2014,0.0
29/04/2014,0.0
30/04/2014,0.0
01/05/2014,0.4
02/05/2014,1.6
03/05/2014,0.0
04/05/2014,0.4
05/05/2014,8.1
06/05/2014,0.0
07/05/2014,0.0
08/05/2014,0.0
09/05/2014,0.0
10/05/2014,17.5
11/05/2014,5.0
12/05/2014,0.0
13/05/2014,0.0
14/05/2014,1.5
15/05/2014,0.0
16/05/2014,41.0
17/05/2014,33.5
18/05/2014,48.6
19/05/2014,0.4
20/05/2014,0.9
21/05/2014,0.6
22/05/2014,0.0
23/05/2014,0.0
24/05/2014,0.0
25/05/2014,0.0
26/05/2014,0.0
27/05/2014,1.7
28/05/2014,2.8
29/05/2014,0.0
30/05/2014,14.0
31/05/2014,0.0
01/06/2014,0.5
02/06/2014,0.0
03/06/2014,0.0
04/06/2014,22.0
05/06/2014,1.0
06/06/2014,0.0
07/06/2014,0.0
08/06/2014,0.0
09/06/2014,0.0
10/06/2014,34.0
11/06/2014,4.0
12/06/2014,1.0
13/06/2014,0.0
14/06/2014,0.0
15/06/2014,0.0
16/06/2014,0.0
17/06/2014,11.0
18/06/2014,0.5
19/06/2014,0.0
20/06/2014,0.0
21/06/2014,0.4
22/06/2014,1.6
23/06/2014,14.0
24/06/2014,0.0
25/06/2014,0.0
26/06/2014,9.5
27/06/2014,9.5
28/06/2014,0.5
29/06/2014,9.0
30/06/2014,47.5
01/07/2014,0.5
02/07/2014,6.5
03/07/2014,4.5
04/07/2014,2.0
05/07/2014,0.0
06/07/2014,0.0
07/07/2014,31.0
08/07/2014,18.0
09/07/2014,0.0
10/07/2014,5.0
11/07/2014,36.5
12/07/2014,2.5
13/07/2014,0.0
14/07/2014,0.0
15/07/2014,0.0
16/07/2014,13.5
17/07/2014,19.7
18/07/2014,1.3
19/07/2014,0.0
20/07/2014,0.0
21/07/2014,0.0
22/07/2014,0.0
23/07/2014,0.0
24/07/2014,0.0
25/07/2014,0.0
26/07/2014,0.0
27/07/2014,0.0
28/07/2014,4.4
29/07/2014,13.6
30/07/2014,0.0
31/07/2014,0.0
01/08/2014,0.0
02/08/2014,0.5
03/08/2014,0.6
04/08/2014,0.4
05/08/2014,0.0
06/08/2014,10.5
07/08/2014,0.0
08/08/2014,0.0
09/08/2014,0.0
10/08/2014,0.0
11/08/2014,0.0
12/08/2014,48.5
13/08/2014,6.0
14/08/2014,23.5
15/08/2014,0.0
16/08/2014,0.0
17/08/2014,0.5
18/08/2014,1.5
19/08/2014,32.0
20/08/2014,0.0
21/08/2014,0.0
22/08/2014,0.0
23/08/2014,14.0
24/08/2014,22.3
25/08/2014,5.7
26/08/2014,0.0
27/08/2014,1.8
28/08/2014,4.7
29/08/2014,0.0
30/08/2014,4.5
31/08/2014,26.5
01/09/2014,3.7
02/09/2014,0.3
03/09/2014,1.0
04/09/2014,0.5
05/09/2014,24.0
06/09/2014,2.9
07/09/2014,1.1
08/09/2014,1.2
09/09/2014,3.0
10/09/2014,2.2
11/09/2014,31.0
12/09/2014,0.9
13/09/2014,0.6
14/09/2014,2.0
15/09/2014,0.0
16/09/2014,0.0
17/09/2014,0.0
18/09/2014,0.0
19/09/2014,2.5
20/09/2014,2.0
21/09/2014,0.0
22/09/2014,0.0
23/09/2014,1.0
24/09/2014,0.0
25/09/2014,20.3
26/09/2014,2.2
27/09/2014,0.0
28/09/2014,0.0
29/09/2014,0.5
30/09/2014,22.0
01/10/2014,0.0
02/10/2014,0.0
03/10/2014,13.2
04/10/2014,27.3
05/10/2014,0.0
06/10/2014,0.0
07/10/2014,2.7
08/10/2014,0.3
09/10/2014,0.0
10/10/2014,12.5
11/10/2014,3.0
12/10/2014,3.2
13/10/2014,1.3
14/10/2014,0.0
15/10/2014,0.0
16/10/2014,0.0
17/10/2014,1.5
18/10/2014,3.1
19/10/2014,16.9
20/10/2014,0.0
21/10/2014,1.0
22/10/2014,5.7
23/10/2014,10.3
24/10/2014,2.5
25/10/2014,0.0
26/10/2014,0.0
27/10/2014,12.0
28/10/2014,0.5
29/10/2014,42.0
30/10/2014,0.5
31/10/2014,1.0
01/11/2014,28.0
02/11/2014,0.5
03/11/2014,2.0
04/11/2014,0.0
05/11/2014,4.0
06/11/2014,0.0
07/11/2014,0.0
08/11/2014,25.1
09/11/2014,9.4
10/11/2014,0.5
11/11/2014,0.0
12/11/2014,15.2
13/11/2014,2.8
14/11/2014,27.3
15/11/2014,17.0
16/11/2014,12.2
17/11/2014,46.9
18/11/2014,95.2
19/11/2014,4.8
20/11/2014,1.2
21/11/2014,0.0
22/11/2014,0.0
23/11/2014,0.3
24/11/2014,16.3
25/11/2014,0.8
26/11/2014,33.5
27/11/2014,0.0
28/11/2014,24.5
29/11/2014,24.0
30/11/2014,11.0
01/12/2014,0.0
02/12/2014,25.0
03/12/2014,32.3
04/12/2014,41.7
05/12/2014,0.0
06/12/2014,0.5
07/12/2014,27.0
08/12/2014,10.0
09/12/2014,0.0
10/12/2014,0.0
11/12/2014,0.0
12/12/2014,0.5
13/12/2014,0.0
14/12/2014,22.0
15/12/2014,335.9
16/12/2014,120.9
17/12/2014,131.7
18/12/2014,224.3
19/12/2014,27.1
20/12/2014,24.0
21/12/2014,303.2
22/12/2014,142.5
23/12/2014,194.4
24/12/2014,41.0
25/12/2014,29.5
26/12/2014,282.5
27/12/2014,23.5
28/12/2014,57.5
29/12/2014,186.0
30/12/2014,20.5
31/12/2014,0.5
01/01/2015,0.0
02/01/2015,0.0
03/01/2015,0.3
04/01/2015,5.2
05/01/2015,0.0
06/01/2015,7.5
07/01/2015,33.1
08/01/2015,201.4
09/01/2015,43.1
10/01/2015,3.5
11/01/2015,0.8
12/01/2015,0.0
13/01/2015,1.0
14/01/2015,2.0
15/01/2015,0.0
16/01/2015,0.0
17/01/2015,0.0
18/01/2015,0.0
19/01/2015,0.4
20/01/2015,0.1
21/01/2015,0.0
22/01/2015,0.0
23/01/2015,0.4
24/01/2015,2.6
25/01/2015,0.0
26/01/2015,0.0
27/01/2015,0.0
28/01/2015,0.4
29/01/2015,10.6
30/01/2015,0.5
31/01/2015,0.0
01/02/2015,0.4
02/02/2015,0.1
03/02/2015,28.9
04/02/2015,10.1
05/02/2015,0.5
06/02/2015,5.5
07/02/2015,0.0
08/02/2015,0.4
09/02/2015,3.1
10/02/2015,0.0
11/02/2015,0.0
12/02/2015,0.0
13/02/2015,0.0
14/02/2015,0.0
15/02/2015,0.0
16/02/2015,0.0
17/02/2015,0.0
18/02/2015,0.0
19/02/2015,0.0
20/02/2015,0.0
21/02/2015,0.0
22/02/2015,0.0
23/02/2015,0.0
24/02/2015,0.0
25/02/2015,0.0
26/02/2015,0.0
27/02/2015,0.0
28/02/2015,0.0
01/03/2015,0.0
02/03/2015,0.0
03/03/2015,0.0
04/03/2015,0.0
05/03/2015,0.0
06/03/2015,0.0
07/03/2015,0.0
08/03/2015,0.0
09/03/2015,0.0
10/03/2015,26.0
11/03/2015,0.0
12/03/2015,0.0
13/03/2015,0.0
14/03/2015,0.0
15/03/2015,0.0
16/03/2015,0.0
17/03/2015,0.0
18/03/2015,0.0
19/03/2015,0.0
20/03/2015,0.0
21/03/2015,0.0
22/03/2015,0.0
23/03/2015,0.0
24/03/2015,0.0
25/03/2015,0.0
26/03/2015,0.0
27/03/2015,11.8
28/03/2015,0.2
29/03/2015,0.8
30/03/2015,36.2
31/03/2015,9.3
01/04/2015,0.2
02/04/2015,20.0
03/04/2015,0.0
04/04/2015,0.0
05/04/2015,0.0
06/04/2015,0.0
07/04/2015,0.0
08/04/2015,0.0
09/04/2015,0.4
10/04/2015,13.6
11/04/2015,0.0
12/04/2015,12.5
13/04/2015,0.0
14/04/2015,0.5
15/04/2015,0.0
16/04/2015,0.0
17/04/2015,0.0
18/04/2015,0.0
19/04/2015,3.0
20/04/2015,15.5
21/04/2015,0.0
22/04/2015,0.0
23/04/2015,0.0
24/04/2015,6.5
25/04/2015,1.4
26/04/2015,1.4
27/04/2015,4.2
28/04/2015,0.0
29/04/2015,9.5
30/04/2015,13.5
01/05/2015,0.5
02/05/2015,0.0
03/05/2015,0.0
04/05/2015,6.5
05/05/2015,1.5
06/05/2015,1.0
07/05/2015,0.0
08/05/2015,0.0
09/05/2015,0.0
10/05/2015,0.4
11/05/2015,6.1
12/05/2015,0.0
13/05/2015,0.0
14/05/2015,0.0
15/05/2015,37.5
16/05/2015,5.0
17/05/2015,33.3
18/05/2015,25.7
19/05/2015,0.0
20/05/2015,44.0
21/05/2015,0.0
22/05/2015,31.7
23/05/2015,0.8
24/05/2015,3.0
25/05/2015,0.5
26/05/2015,0.0
27/05/2015,0.9
28/05/2015,4.6
29/05/2015,0.5
30/05/2015,0.0
31/05/2015,0.0
01/06/2015,0.0
02/06/2015,0.0
03/06/2015,0.0
04/06/2015,0.0
05/06/2015,0.0
06/06/2015,0.0
07/06/2015,0.0
08/06/2015,19.0
09/06/2015,3.1
10/06/2015,0.9
11/06/2015,0.0
12/06/2015,0.8
13/06/2015,33.7
14/06/2015,2.4
15/06/2015,0.0
16/06/2015,0.0
17/06/2015,0.0
18/06/2015,0.0
19/06/2015,0.0
20/06/2015,0.0
21/06/2015,0.0
22/06/2015,0.0
23/06/2015,0.0
24/06/2015,0.0
25/06/2015,0.0
26/06/2015,0.0
27/06/2015,0.0
28/06/2015,0.0
29/06/2015,0.0
30/06/2015,0.0
01/07/2015,4.0
02/07/2015,1.0
03/07/2015,114.4
04/07/2015,13.6
05/07/2015,0.0
06/07/2015,0.0
07/07/2015,30.0
08/07/2015,0.5
09/07/2015,0.0
10/07/2015,0.0
11/07/2015,0.0
12/07/2015,0.0
13/07/2015,0.0
14/07/2015,0.0
15/07/2015,0.0
16/07/2015,0.0
17/07/2015,14.5
18/07/2015,0.0
19/07/2015,0.0
20/07/2015,0.3
21/07/2015,0.7
22/07/2015,0.0
23/07/2015,0.0
24/07/2015,0.0
25/07/2015,0.0
26/07/2015,7.5
27/07/2015,10.5
28/07/2015,0.0
29/07/2015,0.0
30/07/2015,0.0
31/07/2015,75.4
01/08/2015,9.1
02/08/2015,29.0
03/08/2015,4.2
04/08/2015,0.8
05/08/2015,1.0
06/08/2015,4.0
07/08/2015,19.1
08/08/2015,11.2
09/08/2015,42.7
10/08/2015,4.9
11/08/2015,50.8
12/08/2015,4.2
13/08/2015,0.0
14/08/2015,0.0
15/08/2015,0.4
16/08/2015,21.1
17/08/2015,0.0
18/08/2015,0.0
19/08/2015,0.9
20/08/2015,16.9
21/08/2015,12.2
22/08/2015,18.5
23/08/2015,10.9
24/08/2015,4.1
25/08/2015,0.0
26/08/2015,0.0
27/08/2015,0.0
28/08/2015,0.0
29/08/2015,0.0
30/08/2015,10.0
31/08/2015,0.4
01/09/2015,4.1
02/09/2015,0.4
03/09/2015,2.6
04/09/2015,0.0
05/09/2015,0.0
06/09/2015,12.5
07/09/2015,35.9
08/09/2015,45.4
09/09/2015,30.3
10/09/2015,13.5
11/09/2015,0.0
12/09/2015,0.0
13/09/2015,0.0
14/09/2015,0.0
15/09/2015,1.9
16/09/2015,93.6
17/09/2015,12.5
18/09/2015,0.0
19/09/2015,0.5
20/09/2015,0.0
21/09/2015,0.0
22/09/2015,0.5
23/09/2015,0.0
24/09/2015,0.0
25/09/2015,0.0
26/09/2015,0.0
27/09/2015,0.4
28/09/2015,2.6
29/09/2015,0.0
30/09/2015,0.0
01/10/2015,0.0
02/10/2015,0.0
03/10/2015,0.0
04/10/2015,0.0
05/10/2015,0.0
06/10/2015,11.4
07/10/2015,0.1
08/10/2015,0.0
09/10/2015,0.0
10/10/2015,0.0
11/10/2015,0.0
12/10/2015,0.0
13/10/2015,0.0
14/10/2015,0.0
15/10/2015,0.0
16/10/2015,0.0
17/10/2015,0.0
18/10/2015,0.0
19/10/2015,0.0
20/10/2015,0.0
21/10/2015,0.0
22/10/2015,0.0
23/10/2015,0.0
24/10/2015,6.0
25/10/2015,0.5
26/10/2015,6.3
27/10/2015,6.2
28/10/2015,28.1
29/10/2015,9.3
30/10/2015,38.6
31/10/2015,0.4
01/11/2015,6.1
02/11/2015,9.5
03/11/2015,0.5
04/11/2015,0.0
05/11/2015,13.0
06/11/2015,16.0
07/11/2015,2.0
08/11/2015,6.5
09/11/2015,0.0
10/11/2015,0.0
11/11/2015,4.0
12/11/2015,3.0
13/11/2015,25.0
14/11/2015,0.0
15/11/2015,1.0
16/11/2015,5.5
17/11/2015,0.0
18/11/2015,0.0
19/11/2015,1.0
20/11/2015,36.8
21/11/2015,9.7
22/11/2015,20.3
23/11/2015,8.2
24/11/2015,7.8
25/11/2015,0.6
26/11/2015,6.9
27/11/2015,39.9
28/11/2015,54.4
29/11/2015,7.1
30/11/2015,6.2
01/12/2015,0.0
02/12/2015,36.0
03/12/2015,0.0
04/12/2015,0.0
05/12/2015,5.5
06/12/2015,18.3
07/12/2015,15.4
08/12/2015,2.8
09/12/2015,2.5
10/12/2015,0.0
11/12/2015,2.0
12/12/2015,1.4
13/12/2015,30.2
14/12/2015,0.0
15/12/2015,0.0
16/12/2015,0.6
17/12/2015,6.4
18/12/2015,4.5
19/12/2015,0.0
20/12/2015,0.0
21/12/2015,0.0
22/12/2015,0.0
23/12/2015,39.3
24/12/2015,13.8
25/12/2015,39.9
26/12/2015,1.0
27/12/2015,66.4
28/12/2015,306.4
29/12/2015,4.2
30/12/2015,0.4
31/12/2015,13.3
01/01/2016,7.3
02/01/2016,3.5
03/01/2016,0.5
04/01/2016,3.0
05/01/2016,0.0
06/01/2016,0.0
07/01/2016,0.0
08/01/2016,0.0
09/01/2016,0.0
10/01/2016,0.0
11/01/2016,0.0
12/01/2016,0.0
13/01/2016,0.0
14/01/2016,6.8
15/01/2016,9.6
16/01/2016,0.0
17/01/2016,0.0
18/01/2016,0.0
19/01/2016,0.0
20/01/2016,0.0
21/01/2016,1.4
22/01/2016,27.6
23/01/2016,0.0
24/01/2016,0.4
25/01/2016,5.5
26/01/2016,18.3
27/01/2016,3.5
28/01/2016,0.2
29/01/2016,0.0
30/01/2016,0.0
31/01/2016,4.0
01/02/2016,0.0
02/02/2016,2.1
03/02/2016,39.9
04/02/2016,32.9
05/02/2016,28.8
06/02/2016,54.4
07/02/2016,7.5
08/02/2016,1.5
09/02/2016,0.0
10/02/2016,5.9
11/02/2016,0.1
12/02/2016,0.4
13/02/2016,15.6
14/02/2016,0.0
15/02/2016,0.0
16/02/2016,0.0
17/02/2016,8.2
18/02/2016,7.3
19/02/2016,6.5
20/02/2016,0.5
21/02/2016,0.0
22/02/2016,0.0
23/02/2016,0.0
24/02/2016,2.5
25/02/2016,0.4
26/02/2016,3.5
27/02/2016,2.4
28/02/2016,8.2
29/02/2016,0.4
01/03/2016,0.0
02/03/2016,0.0
03/03/2016,0.0
04/03/2016,0.0
05/03/2016,0.0
06/03/2016,0.0
07/03/2016,0.0
08/03/2016,0.0
09/03/2016,0.0
10/03/2016,0.0
11/03/2016,0.0
12/03/2016,2.0
13/03/2016,0.0
14/03/2016,0.0
15/03/2016,0.0
16/03/2016,0.0
17/03/2016,0.0
18/03/2016,0.0
19/03/2016,0.0
20/03/2016,0.0
21/03/2016,0.0
22/03/2016,0.0
23/03/2016,0.0
24/03/2016,0.0
25/03/2016,0.0
26/03/2016,0.0
27/03/2016,0.4
28/03/2016,46.6
29/03/2016,0.0
30/03/2016,0.0
31/03/2016,0.0
01/04/2016,0.0
02/04/2016,0.0
03/04/2016,1.5
04/04/2016,0.0
05/04/2016,0.0
06/04/2016,0.0
07/04/2016,0.0
08/04/2016,0.0
09/04/2016,0.0
10/04/2016,0.0
11/04/2016,0.0
12/04/2016,0.0
13/04/2016,0.0
14/04/2016,0.0
15/04/2016,0.5
16/04/2016,0.0
17/04/2016,0.0
18/04/2016,0.0
19/04/2016,0.0
20/04/2016,0.0
21/04/2016,0.0
22/04/2016,0.0
23/04/2016,0.0
24/04/2016,0.0
25/04/2016,0.0
26/04/2016,0.0
27/04/2016,0.0
28/04/2016,0.0
29/04/2016,0.0
30/04/2016,0.0
01/05/2016,0.0
02/05/2016,14.0
03/05/2016,0.0
04/05/2016,0.0
05/05/2016,0.0
06/05/2016,1.0
07/05/2016,1.0
08/05/2016,0.0
09/05/2016,0.0
10/05/2016,0.2
11/05/2016,0.3
12/05/2016,8.0
13/05/2016,2.5
14/05/2016,0.0
15/05/2016,3.5
16/05/2016,0.0
17/05/2016,0.0
18/05/2016,0.0
19/05/2016,0.0
20/05/2016,0.0
21/05/2016,39.0
22/05/2016,0.0
23/05/2016,0.5
24/05/2016,0.0
25/05/2016,0.5
26/05/2016,0.0
27/05/2016,22.5
28/05/2016,0.5
29/05/2016,16.5
30/05/2016,5.0
31/05/2016,0.4
01/06/2016,12.6
02/06/2016,0.0
03/06/2016,0.9
04/06/2016,3.1
05/06/2016,0.0
06/06/2016,77.5
07/06/2016,0.0
08/06/2016,31.5
09/06/2016,8.0
10/06/2016,0.4
11/06/2016,31.3
12/06/2016,0.7
13/06/2016,2.6
14/06/2016,8.5
15/06/2016,23.7
16/06/2016,1.8
17/06/2016,5.5
18/06/2016,6.5
19/06/2016,0.5
20/06/2016,0.0
21/06/2016,0.5
22/06/2016,24.5
23/06/2016,0.0
24/06/2016,0.0
25/06/2016,0.0
26/06/2016,9.7
27/06/2016,1.8
28/06/2016,0.0
29/06/2016,0.0
30/06/2016,20.1
01/07/2016,0.4
02/07/2016,0.0
03/07/2016,0.0
04/07/2016,0.0
05/07/2016,4.0
06/07/2016,0.0
07/07/2016,14.9
08/07/2016,0.6
09/07/2016,0.0
10/07/2016,0.0
11/07/2016,0.4
12/07/2016,7.1
13/07/2016,1.0
14/07/2016,42.8
15/07/2016,0.7
16/07/2016,0.0
17/07/2016,16.0
18/07/2016,0.0
19/07/2016,0.0
20/07/2016,0.0
21/07/2016,0.0
22/07/2016,2.3
23/07/2016,0.5
24/07/2016,0.2
25/07/2016,0.0
26/07/2016,0.0
27/07/2016,0.0
28/07/2016,0.9
29/07/2016,16.1
30/07/2016,3.0
31/07/2016,14.5
01/08/2016,0.0
02/08/2016,0.0
03/08/2016,0.0
04/08/2016,0.0
05/08/2016,2.6
06/08/2016,2.4
07/08/2016,3.1
08/08/2016,1.2
09/08/2016,0.6
10/08/2016,0.8
11/08/2016,3.2
12/08/2016,1.6
13/08/2016,0.0
14/08/2016,0.0
15/08/2016,0.0
16/08/2016,0.0
17/08/2016,0.0
18/08/2016,0.0
19/08/2016,6.0
20/08/2016,6.5
21/08/2016,0.0
22/08/2016,0.0
23/08/2016,0.5
24/08/2016,0.0
25/08/2016,41.3
26/08/2016,6.2
27/08/2016,0.0
28/08/2016,4.5
29/08/2016,1.0
30/08/2016,38.5
31/08/2016,0.0
01/09/2016,0.0
02/09/2016,0.0
03/09/2016,35.0
04/09/2016,31.0
05/09/2016,31.8
06/09/2016,30.2
07/09/2016,11.9
08/09/2016,6.0
09/09/2016,0.0
10/09/2016,0.0
11/09/2016,16.2
12/09/2016,1.3
13/09/2016,31.8
14/09/2016,17.2
15/09/2016,16.0
16/09/2016,9.2
17/09/2016,2.3
18/09/2016,18.7
19/09/2016,1.8
20/09/2016,32.8
21/09/2016,1.3
22/09/2016,11.0
23/09/2016,0.0
24/09/2016,0.8
25/09/2016,19.2
26/09/2016,3.4
27/09/2016,17.5
28/09/2016,8.0
29/09/2016,22.5
30/09/2016,20.0
01/10/2016,0.5
02/10/2016,0.0
03/10/2016,5.5
04/10/2016,0.0
05/10/2016,7.0
06/10/2016,0.5
07/10/2016,10.3
08/10/2016,0.2
09/10/2016,0.5
10/10/2016,8.5
11/10/2016,0.0
12/10/2016,13.0
13/10/2016,0.4
14/10/2016,0.6
15/10/2016,0.5
16/10/2016,3.5
17/10/2016,0.5
18/10/2016,0.0
19/10/2016,15.3
20/10/2016,10.2
21/10/2016,11.0
22/10/2016,21.5
23/10/2016,30.1
24/10/2016,1.4
25/10/2016,0.0
26/10/2016,12.7
27/10/2016,2.8
28/10/2016,0.5
29/10/2016,2.6
30/10/2016,31.4
31/10/2016,15.7
01/11/2016,30.3
02/11/2016,25.3
03/11/2016,1.7
04/11/2016,2.5
05/11/2016,0.2
06/11/2016,0.5
07/11/2016,20.2
08/11/2016,6.0
09/11/2016,60.5
10/11/2016,8.5
11/11/2016,3.3
12/11/2016,7.7
13/11/2016,9.5
14/11/2016,18.0
15/11/2016,1.7
16/11/2016,4.1
17/11/2016,6.2
18/11/2016,5.3
19/11/2016,0.7
20/11/2016,15.6
21/11/2016,39.2
22/11/2016,13.0
23/11/2016,0.2
24/11/2016,9.5
25/11/2016,1.3
26/11/2016,53.3
27/11/2016,33.9
28/11/2016,16.5
29/11/2016,108.5
30/11/2016,0.3
01/12/2016,74.4
02/12/2016,15.2
03/12/2016,48.7
04/12/2016,15.3
05/12/2016,0.5
06/12/2016,30.5
07/12/2016,0.0
08/12/2016,3.5
09/12/2016,2.0
10/12/2016,60.8
11/12/2016,3.7
12/12/2016,0.0
13/12/2016,3.0
14/12/2016,1.5
15/12/2016,0.0
16/12/2016,11.5
17/12/2016,27.0
18/12/2016,0.4
19/12/2016,20.9
20/12/2016,30.6
21/12/2016,0.0
22/12/2016,0.5
23/12/2016,72.9
24/12/2016,8.6
25/12/2016,38.0
26/12/2016,73.3
27/12/2016,14.7
28/12/2016,0.0
29/12/2016,0.0
30/12/2016,14.0
31/12/2016,135.3
01/01/2017,11.1
02/01/2017,106.3
03/01/2017,118.6
04/01/2017,25.8
05/01/2017,0.0
06/01/2017,16.5
07/01/2017,0.0
08/01/2017,4.0
09/01/2017,0.5
10/01/2017,0.0
11/01/2017,0.0
12/01/2017,0.0
13/01/2017,0.0
14/01/2017,0.8
15/01/2017,0.2
16/01/2017,0.0
17/01/2017,12.5
18/01/2017,0.0
19/01/2017,128.5
20/01/2017,10.0
21/01/2017,280.2
22/01/2017,24.2
23/01/2017,7.6
24/01/2017,145.5
25/01/2017,47.5
26/01/2017,9.0
27/01/2017,29.0
28/01/2017,0.0
29/01/2017,0.0
30/01/2017,0.0
31/01/2017,2.5
01/02/2017,0.0
02/02/2017,0.0
03/02/2017,0.0
04/02/2017,0.0
05/02/2017,2.5
06/02/2017,0.5
07/02/2017,0.0
08/02/2017,0.0
09/02/2017,0.0
10/02/2017,0.5
11/02/2017,5.9
12/02/2017,1.9
13/02/2017,15.9
14/02/2017,23.9
15/02/2017,15.2
16/02/2017,1.7
17/02/2017,0.4
18/02/2017,12.7
19/02/2017,3.5
20/02/2017,0.0
21/02/2017,0.5
22/02/2017,0.0
23/02/2017,0.0
24/02/2017,5.1
25/02/2017,1.9
26/02/2017,41.9
27/02/2017,26.8
28/02/2017,15.0
01/03/2017,20.3
02/03/2017,7.3
03/03/2017,4.1
04/03/2017,4.6
05/03/2017,0.0
06/03/2017,0.0
07/03/2017,0.0
08/03/2017,0.0
09/03/2017,0.0
10/03/2017,0.0
11/03/2017,0.0
12/03/2017,0.0
13/03/2017,0.0
14/03/2017,0.0
15/03/2017,0.0
16/03/2017,0.0
17/03/2017,0.0
18/03/2017,0.0
19/03/2017,0.0
20/03/2017,0.0
21/03/2017,8.5
22/03/2017,4.0
23/03/2017,0.0
24/03/2017,0.0
25/03/2017,0.0
26/03/2017,18.5
27/03/2017,0.0
28/03/2017,39.5
29/03/2017,1.0
30/03/2017,1.0
31/03/2017,6.5
01/04/2017,0.0
02/04/2017,0.0
03/04/2017,0.0
04/04/2017,4.5
05/04/2017,3.0
06/04/2017,13.5
07/04/2017,0.0
08/04/2017,0.0
09/04/2017,0.0
10/04/2017,0.0
11/04/2017,0.0
12/04/2017,0.0
13/04/2017,0.0
14/04/2017,0.0
15/04/2017,0.0
16/04/2017,0.0
17/04/2017,0.0
18/04/2017,0.5
19/04/2017,0.0
20/04/2017,0.5
21/04/2017,12.5
22/04/2017,9.1
23/04/2017,0.4
24/04/2017,0.0
25/04/2017,0.0
26/04/2017,1.5
27/04/2017,0.0
28/04/2017,0.0
29/04/2017,0.0
30/04/2017,0.0
01/05/2017,0.0
02/05/2017,6.5
03/05/2017,0.0
04/05/2017,0.0
05/05/2017,1.5
06/05/2017,33.3
07/05/2017,13.4
08/05/2017,0.3
09/05/2017,9.0
10/05/2017,29.0
11/05/2017,2.0
12/05/2017,0.0
13/05/2017,20.5
14/05/2017,7.0
15/05/2017,0.0
16/05/2017,0.0
17/05/2017,0.0
18/05/2017,0.0
19/05/2017,0.0
20/05/2017,0.0
21/05/2017,1.0
22/05/2017,13.0
23/05/2017,3.4
24/05/2017,1.5
25/05/2017,12.5
26/05/2017,77.1
27/05/2017,3.5
28/05/2017,0.0
29/05/2017,85.5
30/05/2017,0.0
31/05/2017,0.0
01/06/2017,0.0
02/06/2017,25.5
03/06/2017,0.5
04/06/2017,25.5
05/06/2017,46.0
06/06/2017,0.0
07/06/2017,0.5
08/06/2017,0.0
09/06/2017,0.0
10/06/2017,0.0
11/06/2017,0.0
12/06/2017,0.0
13/06/2017,0.0
14/06/2017,0.0
15/06/2017,14.5
16/06/2017,0.0
17/06/2017,15.1
18/06/2017,1.9
19/06/2017,0.7
20/06/2017,41.3
21/06/2017,9.0
22/06/2017,2.3
23/06/2017,19.7
24/06/2017,0.0
25/06/2017,1.0
26/06/2017,14.0
27/06/2017,1.0
28/06/2017,2.3
29/06/2017,7.7
30/06/2017,108.0
01/07/2017,2.0
02/07/2017,0.0
03/07/2017,0.0
04/07/2017,0.0
05/07/2017,80.0
06/07/2017,0.0
07/07/2017,26.5
08/07/2017,0.5
09/07/2017,32.4
10/07/2017,41.6
11/07/2017,28.5
12/07/2017,0.5
13/07/2017,7.0
14/07/2017,0.0
15/07/2017,0.0
16/07/2017,0.0
17/07/2017,0.0
18/07/2017,0.0
19/07/2017,15.9
20/07/2017,0.1
21/07/2017,0.0
22/07/2017,0.0
23/07/2017,0.0
24/07/2017,0.0
25/07/2017,0.0
26/07/2017,0.0
27/07/2017,0.0
28/07/2017,37.5
29/07/2017,0.0
30/07/2017,7.0
31/07/2017,0.0
01/08/2017,0.0
02/08/2017,0.0
03/08/2017,2.0
04/08/2017,0.0
05/08/2017,4.4
06/08/2017,1.1
07/08/2017,0.0
08/08/2017,34.0
09/08/2017,1.2
10/08/2017,6.3
11/08/2017,2.5
12/08/2017,1.0
13/08/2017,2.4
14/08/2017,30.1
15/08/2017,14.8
16/08/2017,17.2
17/08/2017,6.9
18/08/2017,1.6
19/08/2017,0.0
20/08/2017,12.5
21/08/2017,4.9
22/08/2017,16.3
23/08/2017,0.8
24/08/2017,19.0
25/08/2017,35.0
26/08/2017,9.1
27/08/2017,0.0
28/08/2017,50.0
29/08/2017,29.5
30/08/2017,0.0
31/08/2017,0.0
01/09/2017,0.8
02/09/2017,0.6
03/09/2017,1.1
04/09/2017,0.3
05/09/2017,1.2
06/09/2017,0.0
07/09/2017,0.0
08/09/2017,1.5
09/09/2017,0.3
10/09/2017,101.0
11/09/2017,16.1
12/09/2017,0.1
13/09/2017,7.5
14/09/2017,8.5
15/09/2017,0.5
16/09/2017,0.0
17/09/2017,1.7
18/09/2017,18.3
19/09/2017,0.5
20/09/2017,39.6
21/09/2017,8.9
22/09/2017,0.0
23/09/2017,0.0
24/09/2017,0.0
25/09/2017,0.9
26/09/2017,21.6
27/09/2017,4.0
28/09/2017,21.0
29/09/2017,0.5
30/09/2017,1.0
01/10/2017,42.0
02/10/2017,0.0
03/10/2017,19.5
04/10/2017,0.0
05/10/2017,0.0
06/10/2017,0.0
07/10/2017,41.5
08/10/2017,39.0
09/10/2017,1.8
10/10/2017,42.4
11/10/2017,51.7
12/10/2017,17.5
13/10/2017,32.5
14/10/2017,1.0
15/10/2017,23.0
16/10/2017,0.0
17/10/2017,0.0
18/10/2017,0.0
19/10/2017,6.5
20/10/2017,0.5
21/10/2017,2.0
22/10/2017,1.5
23/10/2017,17.3
24/10/2017,7.5
25/10/2017,17.4
26/10/2017,50.8
27/10/2017,35.5
28/10/2017,7.5
29/10/2017,1.0
30/10/2017,7.6
31/10/2017,0.4
01/11/2017,8.0
02/11/2017,9.8
03/11/2017,1.2
04/11/2017,0.0
05/11/2017,7.5
06/11/2017,0.5
07/11/2017,27.9
08/11/2017,2.1
09/11/2017,0.0
10/11/2017,0.0
11/11/2017,4.0
12/11/2017,11.0
13/11/2017,0.4
14/11/2017,63.1
15/11/2017,12.5
16/11/2017,11.0
17/11/2017,0.0
18/11/2017,0.5
19/11/2017,0.0
20/11/2017,63.2
21/11/2017,2.8
22/11/2017,0.0
23/11/2017,34.8
24/11/2017,32.4
25/11/2017,7.2
26/11/2017,89.3
27/11/2017,83.4
28/11/2017,46.9
29/11/2017,17.5
30/11/2017,9.0
01/12/2017,56.6
02/12/2017,45.4
03/12/2017,11.0
04/12/2017,8.0
05/12/2017,63.6
06/12/2017,6.9
07/12/2017,13.4
08/12/2017,74.1
09/12/2017,0.5
10/12/2017,0.0
11/12/2017,0.0
12/12/2017,8.5
13/12/2017,0.0
14/12/2017,0.0
15/12/2017,0.0
16/12/2017,3.2
17/12/2017,16.1
18/12/2017,16.2
19/12/2017,0.5
20/12/2017,0.0
21/12/2017,0.0
22/12/2017,2.7
23/12/2017,35.4
24/12/2017,19.4
25/12/2017,0.0
26/12/2017,5.4
27/12/2017,30.6
28/12/2017,7.4
29/12/2017,85.6
30/12/2017,43.9
31/12/2017,48.4
01/01/2018,127.1
02/01/2018,52.3
03/01/2018,112.7
04/01/2018,22.1
05/01/2018,3.0
06/01/2018,0.0
07/01/2018,6.7
08/01/2018,4.2
09/01/2018,0.6
10/01/2018,0.4
11/01/2018,23.8
12/01/2018,60.9
13/01/2018,20.3
14/01/2018,9.0
15/01/2018,3.5
16/01/2018,1.0
17/01/2018,0.0
18/01/2018,0.0
19/01/2018,17.2
20/01/2018,59.3
21/01/2018,48.0
22/01/2018,9.5
23/01/2018,2.0
24/01/2018,12.0
25/01/2018,0.0
26/01/2018,80.2
27/01/2018,19.8
28/01/2018,0.5
29/01/2018,0.0
30/01/2018,0.0
31/01/2018,0.0
01/02/2018,6.5
02/02/2018,59.5
03/02/2018,6.0
04/02/2018,0.0
05/02/2018,0.0
06/02/2018,0.0
07/02/2018,0.0
08/02/2018,0.0
09/02/2018,0.0
10/02/2018,0.0
11/02/2018,0.0
12/02/2018,0.0
13/02/2018,12.8
14/02/2018,2.2
15/02/2018,0.0
16/02/2018,0.0
17/02/2018,0.0
18/02/2018,0.0
19/02/2018,0.0
20/02/2018,0.0
21/02/2018,0.0
22/02/2018,0.0
23/02/2018,20.9
24/02/2018,2.1
25/02/2018,0.0
26/02/2018,0.0
27/02/2018,0.0
28/02/2018,0.0
01/03/2018,0.0
02/03/2018,0.0
03/03/2018,0.0
04/03/2018,0.0
05/03/2018,0.0
06/03/2018,0.4
07/03/2018,8.0
08/03/2018,8.6
09/03/2018,4.7
10/03/2018,5.8
11/03/2018,1.2
12/03/2018,0.8
13/03/2018,0.5
14/03/2018,0.0
15/03/2018,0.0
16/03/2018,0.0
17/03/2018,0.0
18/03/2018,0.0
19/03/2018,0.0
20/03/2018,0.0
21/03/2018,0.0
22/03/2018,0.0
23/03/2018,0.9
24/03/2018,18.1
25/03/2018,0.4
26/03/2018,27.6
27/03/2018,2.0
28/03/2018,0.0
29/03/2018,0.0
30/03/2018,0.0
31/03/2018,0.0
01/04/2018,0.0
02/04/2018,0.0
03/04/2018,0.0
04/04/2018,0.0
05/04/2018,0.0
06/04/2018,0.0
07/04/2018,0.4
08/04/2018,27.0
09/04/2018,10.1
10/04/2018,0.0
11/04/2018,0.0
12/04/2018,0.0
13/04/2018,0.0
14/04/2018,11.0
15/04/2018,0.0
16/04/2018,0.5
17/04/2018,0.4
18/04/2018,61.6
19/04/2018,0.4
20/04/2018,16.1
21/04/2018,0.5
22/04/2018,0.0
23/04/2018,0.0
24/04/2018,0.0
25/04/2018,11.2
26/04/2018,24.3
27/04/2018,0.0
28/04/2018,0.0
29/04/2018,0.0
30/04/2018,0.0
01/05/2018,8.0
02/05/2018,0.0
03/05/2018,0.5
04/05/2018,3.0
05/05/2018,2.0
06/05/2018,0.0
07/05/2018,0.0
08/05/2018,7.0
09/05/2018,1.5
10/05/2018,0.0
11/05/2018,0.0
12/05/2018,0.0
13/05/2018,1.5
14/05/2018,0.0
15/05/2018,0.0
16/05/2018,25.0
17/05/2018,0.0
18/05/2018,0.0
19/05/2018,1.0
20/05/2018,0.0
21/05/2018,0.0
22/05/2018,23.5
23/05/2018,2.0
24/05/2018,60.5
25/05/2018,3.0
26/05/2018,2.0
27/05/2018,16.5
28/05/2018,0.0
29/05/2018,4.9
30/05/2018,0.6
31/05/2018,20.5
01/06/2018,28.8
02/06/2018,3.2
03/06/2018,0.0
04/06/2018,0.0
05/06/2018,4.7
06/06/2018,4.8
07/06/2018,18.5
08/06/2018,0.0
09/06/2018,0.0
10/06/2018,0.0
11/06/2018,10.5
12/06/2018,17.5
13/06/2018,0.5
14/06/2018,0.0
15/06/2018,0.0
16/06/2018,0.5
17/06/2018,0.0
18/06/2018,0.0
19/06/2018,0.5
20/06/2018,0.0
21/06/2018,0.0
22/06/2018,0.0
23/06/2018,14.5
24/06/2018,0.0
25/06/2018,1.8
26/06/2018,2.2
27/06/2018,0.0
28/06/2018,27.5
29/06/2018,45.0
30/06/2018,0.0
01/07/2018,2.2
02/07/2018,2.0
03/07/2018,5.3
04/07/2018,4.0
05/07/2018,0.0
06/07/2018,0.0
07/07/2018,0.0
08/07/2018,0.0
09/07/2018,2.0
10/07/2018,0.0
11/07/2018,0.0
12/07/2018,0.0
13/07/2018,0.0
14/07/2018,0.0
15/07/2018,0.0
16/07/2018,0.0
17/07/2018,0.0
18/07/2018,0.0
19/07/2018,0.0
20/07/2018,65.1
21/07/2018,10.4
22/07/2018,0.0
23/07/2018,21.0
24/07/2018,2.4
25/07/2018,8.6
26/07/2018,5.0
27/07/2018,0.0
28/07/2018,126.8
29/07/2018,42.2
30/07/2018,104.0
31/07/2018,20.6
01/08/2018,21.4
02/08/2018,0.0
03/08/2018,0.0
04/08/2018,26.5
05/08/2018,0.0
06/08/2018,0.0
07/08/2018,7.1
08/08/2018,15.4
09/08/2018,0.0
10/08/2018,0.0
11/08/2018,0.0
12/08/2018,0.0
13/08/2018,0.0
14/08/2018,0.0
15/08/2018,4.0
16/08/2018,8.0
17/08/2018,0.5
18/08/2018,1.5
19/08/2018,0.0
20/08/2018,0.0
21/08/2018,0.0
22/08/2018,0.0
23/08/2018,0.0
24/08/2018,0.0
25/08/2018,0.0
26/08/2018,0.0
27/08/2018,0.0
28/08/2018,0.4
29/08/2018,112.1
30/08/2018,0.5
31/08/2018,38.5
01/09/2018,37.5
02/09/2018,17.5
03/09/2018,32.5
04/09/2018,0.0
05/09/2018,28.7
06/09/2018,31.8
07/09/2018,23.2
08/09/2018,5.3
09/09/2018,0.0
10/09/2018,58.4
11/09/2018,52.6
12/09/2018,0.4
13/09/2018,4.1
14/09/2018,11.7
15/09/2018,19.2
16/09/2018,7.5
17/09/2018,0.5
18/09/2018,0.0
19/09/2018,27.0
20/09/2018,0.0
21/09/2018,1.0
22/09/2018,3.0
23/09/2018,0.0
24/09/2018,0.0
25/09/2018,0.0
26/09/2018,0.5
27/09/2018,0.8
28/09/2018,45.7
29/09/2018,0.0
30/09/2018,0.0
01/10/2018,0.0
02/10/2018,0.0
03/10/2018,0.4
04/10/2018,6.1
05/10/2018,0.0
06/10/2018,9.6
07/10/2018,11.9
08/10/2018,1.0
09/10/2018,9.8
10/10/2018,1.1
11/10/2018,13.6
12/10/2018,28.5
13/10/2018,18.5
14/10/2018,22.5
15/10/2018,0.5
16/10/2018,37.5
17/10/2018,18.0
18/10/2018,11.5
19/10/2018,3.0
20/10/2018,0.5
21/10/2018,22.5
22/10/2018,0.5
23/10/2018,13.5
24/10/2018,1.0
25/10/2018,0.0
26/10/2018,1.7
27/10/2018,3.3
28/10/2018,1.5
29/10/2018,0.5
30/10/2018,33.8
31/10/2018,3.7
01/11/2018,0.0
02/11/2018,26.8
03/11/2018,57.7
04/11/2018,10.3
05/11/2018,72.5
06/11/2018,25.3
07/11/2018,7.5
08/11/2018,0.4
09/11/2018,6.6
10/11/2018,0.0
11/11/2018,4.5
12/11/2018,6.5
13/11/2018,0.0
14/11/2018,1.5
15/11/2018,0.0
16/11/2018,0.5
17/11/2018,18.5
18/11/2018,0.0
19/11/2018,30.7
20/11/2018,24.8
21/11/2018,0.0
22/11/2018,8.9
23/11/2018,0.1
24/11/2018,0.0
25/11/2018,10.5
26/11/2018,17.5
27/11/2018,0.4
28/11/2018,21.3
29/11/2018,10.6
30/11/2018,67.3
01/12/2018,43.0
02/12/2018,11.7
03/12/2018,9.3
04/12/2018,16.8
05/12/2018,24.9
06/12/2018,34.3
07/12/2018,1.5
08/12/2018,0.0
09/12/2018,3.5
10/12/2018,12.0
11/12/2018,1.5
12/12/2018,217.9
13/12/2018,162.6
14/12/2018,7.9
15/12/2018,15.8
16/12/2018,1.9
17/12/2018,15.8
18/12/2018,0.0
19/12/2018,0.0
20/12/2018,0.0
21/12/2018,0.0
22/12/2018,0.0
23/12/2018,0.0
24/12/2018,0.5
25/12/2018,0.0
26/12/2018,25.5
27/12/2018,0.0
28/12/2018,20.0
29/12/2018,0.0
30/12/2018,0.0
31/12/2018,0.5
01/01/2019,0.0
02/01/2019,0.5
03/01/2019,0.0
04/01/2019,0.0
05/01/2019,0.3
06/01/2019,9.0
07/01/2019,33.1
08/01/2019,0.9
09/01/2019,29.8
10/01/2019,3.7
11/01/2019,0.2
12/01/2019,0.5
13/01/2019,1.5
14/01/2019,1.0
15/01/2019,0.0
16/01/2019,24.6
17/01/2019,20.3
18/01/2019,2.2
19/01/2019,0.5
20/01/2019,0.0
21/01/2019,0.0
22/01/2019,0.0
23/01/2019,0.4
24/01/2019,0.1
25/01/2019,0.0
26/01/2019,0.0
27/01/2019,0.0
28/01/2019,0.0
29/01/2019,0.5
30/01/2019,0.0
31/01/2019,0.0
01/02/2019,0.5
02/02/2019,2.5
03/02/2019,0.0
04/02/2019,0.0
05/02/2019,0.0
06/02/2019,0.0
07/02/2019,0.0
08/02/2019,0.0
09/02/2019,0.0
10/02/2019,0.0
11/02/2019,0.5
12/02/2019,0.4
13/02/2019,14.1
14/02/2019,1.0
15/02/2019,0.0
16/02/2019,0.0
17/02/2019,0.0
18/02/2019,10.5
19/02/2019,0.5
20/02/2019,3.0
21/02/2019,0.0
22/02/2019,0.0
23/02/2019,0.0
24/02/2019,0.0
25/02/2019,0.0
26/02/2019,0.0
27/02/2019,0.0
28/02/2019,0.0
01/03/2019,0.0
02/03/2019,0.0
03/03/2019,0.0
04/03/2019,0.0
05/03/2019,0.0
06/03/2019,0.0
07/03/2019,0.0
08/03/2019,0.0
09/03/2019,0.0
10/03/2019,0.0
11/03/2019,0.0
12/03/2019,0.0
13/03/2019,0.0
14/03/2019,0.0
15/03/2019,0.0
16/03/2019,0.0
17/03/2019,0.0
18/03/2019,0.0
19/03/2019,0.0
20/03/2019,0.0
21/03/2019,0.0
22/03/2019,0.0
23/03/2019,0.0
24/03/2019,0.0
25/03/2019,0.0
26/03/2019,0.0
27/03/2019,0.0
28/03/2019,0.0
29/03/2019,0.4
30/03/2019,3.1
31/03/2019,1.0
01/04/2019,5.5
02/04/2019,53.0
03/04/2019,1.0
04/04/2019,0.0
05/04/2019,0.0
06/04/2019,0.0
07/04/2019,0.0
08/04/2019,0.0
09/04/2019,0.0
10/04/2019,0.0
11/04/2019,0.0
12/04/2019,0.5
13/04/2019,0.0
14/04/2019,42.5
15/04/2019,0.5
16/04/2019,0.0
17/04/2019,0.0
18/04/2019,0.0
19/04/2019,0.0
20/04/2019,0.0
21/04/2019,0.0
22/04/2019,0.0
23/04/2019,0.0
24/04/2019,0.0
25/04/2019,0.0
26/04/2019,0.0
27/04/2019,7.5
28/04/2019,0.0
29/04/2019,54.0
30/04/2019,0.5
01/05/2019,18.5
02/05/2019,0.0
03/05/2019,0.0
04/05/2019,0.0
05/05/2019,24.0
06/05/2019,71.5
07/05/2019,9.9
08/05/2019,5.1
09/05/2019,0.0
10/05/2019,33.4
11/05/2019,1.6
12/05/2019,10.4
13/05/2019,2.7
14/05/2019,0.0
15/05/2019,0.4
16/05/2019,15.1
17/05/2019,0.5
18/05/2019,7.0
19/05/2019,5.0
20/05/2019,0.0
21/05/2019,0.0
22/05/2019,0.0
23/05/2019,1.8
24/05/2019,0.2
25/05/2019,0.0
26/05/2019,1.0
27/05/2019,0.0
28/05/2019,0.0
29/05/2019,4.0
30/05/2019,0.5
31/05/2019,0.0
01/06/2019,0.0
02/06/2019,10.0
03/06/2019,0.0
04/06/2019,0.0
05/06/2019,17.5
06/06/2019,3.5
07/06/2019,0.5
08/06/2019,0.0
09/06/2019,0.0
10/06/2019,0.0
11/06/2019,93.0
12/06/2019,0.0
13/06/2019,0.0
14/06/2019,0.0
15/06/2019,0.5
16/06/2019,0.0
17/06/2019,0.0
18/06/2019,1.9
19/06/2019,0.6
20/06/2019,5.5
21/06/2019,43.0
22/06/2019,61.6
23/06/2019,5.4
24/06/2019,0.0
25/06/2019,0.0
26/06/2019,0.0
27/06/2019,0.0
28/06/2019,2.5
29/06/2019,0.0
30/06/2019,0.0
01/07/2019,10.0
02/07/2019,0.0
03/07/2019,0.5
04/07/2019,0.0
05/07/2019,0.0
06/07/2019,34.0
07/07/2019,0.0
08/07/2019,1.0
09/07/2019,0.0
10/07/2019,0.0
11/07/2019,0.0
12/07/2019,0.0
13/07/2019,28.9
14/07/2019,40.7
15/07/2019,7.7
16/07/2019,97.2
17/07/2019,0.5
18/07/2019,55.5
19/07/2019,0.0
20/07/2019,0.0
21/07/2019,0.0
22/07/2019,0.0
23/07/2019,0.0
24/07/2019,30.2
25/07/2019,1.3
26/07/2019,0.0
27/07/2019,55.0
28/07/2019,0.0
29/07/2019,0.0
30/07/2019,0.0
31/07/2019,4.0
01/08/2019,0.0
02/08/2019,0.0
03/08/2019,0.0
04/08/2019,0.0
05/08/2019,0.0
06/08/2019,0.0
07/08/2019,3.0
08/08/2019,38.5
09/08/2019,0.5
10/08/2019,0.0
11/08/2019,0.0
12/08/2019,0.0
13/08/2019,0.4
14/08/2019,27.1
15/08/2019,42.0
16/08/2019,0.0
17/08/2019,0.0
18/08/2019,0.0
19/08/2019,0.0
20/08/2019,1.0
21/08/2019,17.0
22/08/2019,17.5
23/08/2019,0.5
24/08/2019,15.9
25/08/2019,13.6
26/08/2019,11.0
27/08/2019,57.0
28/08/2019,54.8
29/08/2019,2.6
30/08/2019,0.2
31/08/2019,0.0
01/09/2019,0.0
02/09/2019,0.0
03/09/2019,0.0
04/09/2019,0.0
05/09/2019,0.0
06/09/2019,0.4
07/09/2019,14.6
08/09/2019,10.3
09/09/2019,5.7
10/09/2019,0.0
11/09/2019,0.0
12/09/2019,1.0
13/09/2019,3.0
14/09/2019,11.5
15/09/2019,0.0
16/09/2019,0.0
17/09/2019,0.4
18/09/2019,14.6
19/09/2019,0.0
20/09/2019,0.0
21/09/2019,0.0
22/09/2019,0.0
23/09/2019,0.0
24/09/2019,0.4
25/09/2019,83.3
26/09/2019,0.3
27/09/2019,1.5
28/09/2019,0.0
29/09/2019,0.0
30/09/2019,8.5
01/10/2019,0.0
02/10/2019,6.7
03/10/2019,9.8
04/10/2019,0.0
05/10/2019,0.0
06/10/2019,6.0
07/10/2019,2.5
08/10/2019,0.0
09/10/2019,0.0
10/10/2019,13.5
11/10/2019,0.5
12/10/2019,13.3
13/10/2019,17.2
14/10/2019,0.0
15/10/2019,0.0
16/10/2019,0.0
17/10/2019,31.7
18/10/2019,13.3
19/10/2019,0.5
20/10/2019,0.0
21/10/2019,0.4
22/10/2019,20.6
23/10/2019,0.5
24/10/2019,4.0
25/10/2019,5.0
26/10/2019,21.5
27/10/2019,1.0
28/10/2019,16.5
29/10/2019,0.4
30/10/2019,29.6
31/10/2019,2.5
01/11/2019,60.4
02/11/2019,2.6
03/11/2019,0.4
04/11/2019,63.6
05/11/2019,1.1
06/11/2019,2.9
07/11/2019,6.6
08/11/2019,0.0
09/11/2019,0.5
10/11/2019,20.0
11/11/2019,32.9
12/11/2019,1.1
13/11/2019,0.0
14/11/2019,8.0
15/11/2019,19.5
16/11/2019,2.5
17/11/2019,0.0
18/11/2019,12.5
19/11/2019,5.3
20/11/2019,4.7
21/11/2019,35.1
22/11/2019,179.7
23/11/2019,6.8
24/11/2019,2.0
25/11/2019,1.0
26/11/2019,3.0
27/11/2019,31.8
28/11/2019,49.2
29/11/2019,75.6
30/11/2019,4.9
01/12/2019,210.8
02/12/2019,20.7
03/12/2019,0.9
04/12/2019,1.0
05/12/2019,1.9
06/12/2019,5.0
07/12/2019,10.0
08/12/2019,36.3
09/12/2019,6.9
10/12/2019,2.0
11/12/2019,0.5
12/12/2019,0.0
13/12/2019,1.2
14/12/2019,34.9
15/12/2019,35.6
16/12/2019,73.2
17/12/2019,64.3
18/12/2019,60.9
19/12/2019,3.2
20/12/2019,4.5
21/12/2019,0.9
22/12/2019,0.0
23/12/2019,0.0
24/12/2019,0.0
25/12/2019,0.0
26/12/2019,0.0
27/12/2019,0.0
28/12/2019,0.3
29/12/2019,0.2
30/12/2019,0.0
31/12/2019,2.7
01/01/2020,6.5
02/01/2020,12.0
03/01/2020,5.7
04/01/2020,1.0
05/01/2020,0.0
06/01/2020,2.5
07/01/2020,14.4
08/01/2020,4.1
09/01/2020,1.6
10/01/2020,0.5
11/01/2020,0.0
12/01/2020,0.0
13/01/2020,0.0
14/01/2020,0.0
15/01/2020,0.0
16/01/2020,0.0
17/01/2020,0.5
18/01/2020,3.0
19/01/2020,4.4
20/01/2020,7.7
21/01/2020,8.4
22/01/2020,0.7
23/01/2020,2.3
24/01/2020,0.0
25/01/2020,0.0
26/01/2020,0.0
27/01/2020,0.5
28/01/2020,0.0
29/01/2020,3.5
30/01/2020,2.0
31/01/2020,2.5
01/02/2020,9.0
02/02/2020,0.0
03/02/2020,3.5
04/02/2020,0.0
05/02/2020,0.0
06/02/2020,0.0
07/02/2020,0.0
08/02/2020,0.0
09/02/2020,40.0
10/02/2020,35.9
11/02/2020,6.6
12/02/2020,4.9
13/02/2020,0.0
14/02/2020,0.0
15/02/2020,0.0
16/02/2020,0.0
17/02/2020,26.6
18/02/2020,4.3
19/02/2020,1.0
20/02/2020,2.7
21/02/2020,4.0
22/02/2020,6.5
23/02/2020,5.4
24/02/2020,0.5
25/02/2020,0.0
26/02/2020,0.0
27/02/2020,0.0
28/02/2020,0.0
29/02/2020,0.0
01/03/2020,0.0
02/03/2020,0.0
03/03/2020,0.0
04/03/2020,0.0
05/03/2020,0.0
06/03/2020,6.4
07/03/2020,4.6
08/03/2020,0.0
09/03/2020,0.0
10/03/2020,0.0
11/03/2020,0.0
12/03/2020,0.0
13/03/2020,0.0
14/03/2020,0.0
15/03/2020,2.0
16/03/2020,0.0
17/03/2020,9.0
18/03/2020,0.0
19/03/2020,0.0
20/03/2020,0.0
21/03/2020,26.8
22/03/2020,16.4
23/03/2020,43.3
24/03/2020,10.2
25/03/2020,0.6
26/03/2020,5.2
27/03/2020,0.0
28/03/2020,0.0
29/03/2020,0.0
30/03/2020,0.0
31/03/2020,0.0
01/04/2020,0.0
02/04/2020,4.3
03/04/2020,4.6
04/04/2020,1.2
05/04/2020,24.5
06/04/2020,4.5
07/04/2020,0.0
08/04/2020,0.0
09/04/2020,0.0
10/04/2020,0.0
11/04/2020,0.0
12/04/2020,0.0
13/04/2020,0.0
14/04/2020,0.0
15/04/2020,0.0
16/04/2020,0.0
17/04/2020,0.0
18/04/2020,0.0
19/04/2020,0.0
20/04/2020,0.0
21/04/2020,0.5
22/04/2020,19.7
23/04/2020,11.3
24/04/2020,0.3
25/04/2020,15.5
26/04/2020,40.2
27/04/2020,2.0
28/04/2020,2.0
29/04/2020,2.5
30/04/2020,3.3
01/05/2020,16.5
02/05/2020,1.2
03/05/2020,0.0
04/05/2020,0.0
05/05/2020,0.0
06/05/2020,1.0
07/05/2020,0.5
08/05/2020,7.5
09/05/2020,0.5
10/05/2020,0.0
11/05/2020,0.0
12/05/2020,0.4
13/05/2020,6.6
14/05/2020,0.0
15/05/2020,0.5
16/05/2020,3.3
17/05/2020,36.2
18/05/2020,0.7
19/05/2020,0.3
20/05/2020,0.0
21/05/2020,0.0
22/05/2020,25.8
23/05/2020,0.2
24/05/2020,0.0
25/05/2020,0.4
26/05/2020,16.1
27/05/2020,0.0
28/05/2020,0.5
29/05/2020,3.0
30/05/2020,0.0
31/05/2020,0.0
01/06/2020,0.0
02/06/2020,0.0
03/06/2020,0.0
04/06/2020,0.5
05/06/2020,0.4
06/06/2020,18.1
07/06/2020,20.9
08/06/2020,4.1
09/06/2020,0.4
10/06/2020,28.6
11/06/2020,0.5
12/06/2020,43.0
13/06/2020,2.0
14/06/2020,0.3
15/06/2020,1.2
16/06/2020,12.5
17/06/2020,3.5
18/06/2020,4.5
19/06/2020,23.4
20/06/2020,0.6
21/06/2020,2.0
22/06/2020,0.5
23/06/2020,15.9
24/06/2020,26.1
25/06/2020,0.5
26/06/2020,0.0
27/06/2020,0.5
28/06/2020,0.0
29/06/2020,2.0
30/06/2020,0.0
01/07/2020,2.4
02/07/2020,8.6
03/07/2020,0.5
04/07/2020,58.5
05/07/2020,0.0
06/07/2020,13.4
07/07/2020,0.6
08/07/2020,0.0
09/07/2020,1.1
10/07/2020,3.9
11/07/2020,7.0
12/07/2020,8.0
13/07/2020,5.0
14/07/2020,0.0
15/07/2020,0.0
16/07/2020,0.0
17/07/2020,0.0
18/07/2020,0.0
19/07/2020,0.0
20/07/2020,0.0
21/07/2020,0.0
22/07/2020,7.0
23/07/2020,4.5
24/07/2020,0.3
25/07/2020,1.7
26/07/2020,0.0
27/07/2020,0.0
28/07/2020,0.0
29/07/2020,14.7
30/07/2020,33.7
31/07/2020,16.6
01/08/2020,0.0
02/08/2020,0.0
03/08/2020,0.0
04/08/2020,0.0
05/08/2020,0.0
06/08/2020,0.5
07/08/2020,0.0
08/08/2020,0.5
09/08/2020,0.5
10/08/2020,0.0
11/08/2020,2.5
12/08/2020,18.5
13/08/2020,18.3
14/08/2020,11.2
15/08/2020,0.0
16/08/2020,3.5
17/08/2020,0.3
18/08/2020,54.2
19/08/2020,11.5
20/08/2020,0.0
21/08/2020,0.5
22/08/2020,19.5
23/08/2020,1.5
24/08/2020,0.0
25/08/2020,1.5
26/08/2020,0.0
27/08/2020,0.0
28/08/2020,0.0
29/08/2020,0.0
30/08/2020,0.0
31/08/2020,0.0
01/09/2020,0.5
02/09/2020,0.0
03/09/2020,0.0
04/09/2020,3.0
05/09/2020,0.0
06/09/2020,1.5
07/09/2020,0.2
08/09/2020,0.3
09/09/2020,0.1
10/09/2020,9.5
11/09/2020,2.0
12/09/2020,22.0
13/09/2020,0.0
14/09/2020,7.6
15/09/2020,23.9
16/09/2020,2.5
17/09/2020,0.3
18/09/2020,4.1
19/09/2020,0.4
20/09/2020,3.2
21/09/2020,0.0
22/09/2020,0.0
23/09/2020,0.5
24/09/2020,21.6
25/09/2020,37.7
26/09/2020,27.6
27/09/2020,0.6
28/09/2020,1.0
29/09/2020,0.5
30/09/2020,1.5
01/10/2020,0.0
02/10/2020,96.6
03/10/2020,1.9
04/10/2020,22.0
05/10/2020,2.5
06/10/2020,1.9
07/10/2020,80.1
08/10/2020,22.7
09/10/2020,2.2
10/10/2020,8.6
11/10/2020,1.0
12/10/2020,17.1
13/10/2020,4.4
14/10/2020,0.0
15/10/2020,0.0
16/10/2020,0.0
17/10/2020,0.0
18/10/2020,9.0
19/10/2020,16.3
20/10/2020,1.3
21/10/2020,8.4
22/10/2020,3.5
23/10/2020,0.0
24/10/2020,28.9
25/10/2020,39.1
26/10/2020,1.0
27/10/2020,19.0
28/10/2020,2.5
29/10/2020,24.4
30/10/2020,4.5
31/10/2020,6.1
01/11/2020,12.0
02/11/2020,1.5
03/11/2020,4.8
04/11/2020,63.7
05/11/2020,53.1
06/11/2020,96.4
07/11/2020,13.3
08/11/2020,3.5
09/11/2020,10.2
10/11/2020,0.0
11/11/2020,30.1
12/11/2020,15.8
13/11/2020,9.1
14/11/2020,0.0
15/11/2020,0.5
16/11/2020,0.9
17/11/2020,113.1
18/11/2020,61.0
19/11/2020,0.5
20/11/2020,7.8
21/11/2020,32.1
22/11/2020,18.0
23/11/2020,62.3
24/11/2020,66.0
25/11/2020,23.3
26/11/2020,3.0
27/11/2020,110.6
28/11/2020,91.4
29/11/2020,7.0
30/11/2020,0.8
01/12/2020,27.2
02/12/2020,55.4
03/12/2020,15.4
04/12/2020,65.2
05/12/2020,4.5
06/12/2020,0.0
07/12/2020,0.0
08/12/2020,0.0
09/12/2020,0.0
10/12/2020,0.0
11/12/2020,0.0
12/12/2020,1.8
13/12/2020,1.7
14/12/2020,3.9
15/12/2020,13.1
16/12/2020,82.6
17/12/2020,181.2
18/12/2020,230.3
19/12/2020,81.2
20/12/2020,67.3
21/12/2020,0.0
22/12/2020,0.0
23/12/2020,0.0
24/12/2020,0.0
25/12/2020,0.5
26/12/2020,4.7
27/12/2020,4.3
28/12/2020,0.0
29/12/2020,0.0
30/12/2020,0.0
31/12/2020,57.3
01/01/2021,24.5
02/01/2021,13.2
03/01/2021,139.4
04/01/2021,30.8
05/01/2021,15.2
06/01/2021,265.8
07/01/2021,39.4
08/01/2021,14.0
09/01/2021,34.6
10/01/2021,8.3
11/01/2021,7.5
12/01/2021,7.3
13/01/2021,13.8
14/01/2021,0.0
15/01/2021,0.5
16/01/2021,0.0
17/01/2021,0.0
18/01/2021,0.0
19/01/2021,0.0
20/01/2021,2.0
21/01/2021,0.0
22/01/2021,8.1
23/01/2021,17.9
24/01/2021,3.5
25/01/2021,0.5
26/01/2021,0.4
27/01/2021,28.2
28/01/2021,1.4
29/01/2021,0.0
30/01/2021,0.5
31/01/2021,14.9
01/02/2021,7.1
02/02/2021,0.0
03/02/2021,0.0
04/02/2021,0.0
05/02/2021,0.0
06/02/2021,0.5
07/02/2021,0.0
08/02/2021,6.0
09/02/2021,0.0
10/02/2021,0.0
11/02/2021,0.0
12/02/2021,1.0
13/02/2021,0.5
14/02/2021,0.0
15/02/2021,0.0
16/02/2021,0.0
17/02/2021,0.0
18/02/2021,0.0
19/02/2021,0.0
20/02/2021,0.0
21/02/2021,0.0
22/02/2021,0.0
23/02/2021,0.0
24/02/2021,0.0
25/02/2021,0.0
26/02/2021,0.0
27/02/2021,0.0
28/02/2021,0.0
01/03/2021,0.0
02/03/2021,0.0
03/03/2021,0.0
04/03/2021,10.0
05/03/2021,0.0
06/03/2021,0.0
07/03/2021,0.0
08/03/2021,0.0
09/03/2021,0.0
10/03/2021,3.0
11/03/2021,1.0
12/03/2021,13.8
13/03/2021,1.7
14/03/2021,0.5
15/03/2021,0.0
16/03/2021,0.5
17/03/2021,0.0
18/03/2021,0.0
19/03/2021,0.0
20/03/2021,0.0
21/03/2021,0.0
22/03/2021,0.7
23/03/2021,53.0
24/03/2021,128.4
25/03/2021,80.1
26/03/2021,10.2
27/03/2021,0.0
28/03/2021,5.0
29/03/2021,0.0
30/03/2021,29.9
31/03/2021,2.1
01/04/2021,39.0
02/04/2021,13.5
03/04/2021,0.0
04/04/2021,5.5
05/04/2021,0.2
06/04/2021,0.3
07/04/2021,1.0
08/04/2021,0.0
09/04/2021,0.0
10/04/2021,0.0
11/04/2021,3.0
12/04/2021,0.5
13/04/2021,0.5
14/04/2021,18.5
15/04/2021,0.0
16/04/2021,0.0
17/04/2021,0.5
18/04/2021,0.5
19/04/2021,8.6
20/04/2021,12.4
21/04/2021,5.0
22/04/2021,2.0
23/04/2021,32.0
24/04/2021,0.0
25/04/2021,0.0
26/04/2021,19.5
27/04/2021,1.0
28/04/2021,0.0
29/04/2021,0.0
30/04/2021,0.0
01/05/2021,0.0
02/05/2021,0.0
03/05/2021,0.5
04/05/2021,8.5
05/05/2021,14.2
06/05/2021,18.8
07/05/2021,7.0
08/05/2021,0.0
09/05/2021,0.0
10/05/2021,0.0
11/05/2021,0.0
12/05/2021,2.5
13/05/2021,0.0
14/05/2021,0.0
15/05/2021,25.0
16/05/2021,7.2
17/05/2021,0.8
18/05/2021,67.6
19/05/2021,4.4
20/05/2021,7.5
21/05/2021,11.0
22/05/2021,1.0
23/05/2021,1.9
24/05/2021,7.9
25/05/2021,26.8
26/05/2021,0.0
27/05/2021,0.0
28/05/2021,0.0
29/05/2021,4.5
30/05/2021,0.0
31/05/2021,2.0
01/06/2021,0.0
02/06/2021,0.0
03/06/2021,0.0
04/06/2021,0.5
05/06/2021,0.0
06/06/2021,27.5
07/06/2021,0.5
08/06/2021,0.0
09/06/2021,3.3
10/06/2021,22.2
11/06/2021,0.0
12/06/2021,0.5
13/06/2021,6.8
14/06/2021,0.7
15/06/2021,0.5
16/06/2021,0.0
17/06/2021,0.0
18/06/2021,4.5
19/06/2021,0.5
20/06/2021,27.5
21/06/2021,0.0
22/06/2021,0.0
23/06/2021,21.4
24/06/2021,2.6
25/06/2021,1.0
26/06/2021,1.5
27/06/2021,0.0
28/06/2021,6.5
29/06/2021,17.3
30/06/2021,0.2
01/07/2021,0.0
02/07/2021,0.0
03/07/2021,3.5
04/07/2021,0.0
05/07/2021,4.5
06/07/2021,2.0
07/07/2021,1.5
08/07/2021,0.4
09/07/2021,1.5
10/07/2021,0.9
11/07/2021,26.7
12/07/2021,10.8
13/07/2021,78.2
14/07/2021,0.0
15/07/2021,0.0
16/07/2021,0.5
17/07/2021,0.0
18/07/2021,0.0
19/07/2021,0.0
20/07/2021,0.0
21/07/2021,0.0
22/07/2021,5.3
23/07/2021,8.6
24/07/2021,7.0
25/07/2021,0.0
26/07/2021,0.0
27/07/2021,0.2
28/07/2021,0.3
29/07/2021,1.0
30/07/2021,28.5
31/07/2021,0.7
01/08/2021,8.3
02/08/2021,1.0
03/08/2021,0.5
04/08/2021,5.0
05/08/2021,3.0
06/08/2021,14.5
07/08/2021,3.5
08/08/2021,0.5
09/08/2021,0.0
10/08/2021,1.0
11/08/2021,0.0
12/08/2021,0.0
13/08/2021,0.0
14/08/2021,0.0
15/08/2021,3.0
16/08/2021,0.0
17/08/2021,9.0
18/08/2021,4.4
19/08/2021,2.4
20/08/2021,3.2
21/08/2021,0.0
22/08/2021,0.0
23/08/2021,0.0
24/08/2021,1.5
25/08/2021,0.0
26/08/2021,72.0
27/08/2021,4.7
28/08/2021,77.2
29/08/2021,8.6
30/08/2021,3.0
31/08/2021,38.0
01/09/2021,6.3
02/09/2021,4.7
03/09/2021,2.9
04/09/2021,16.1
05/09/2021,5.5
06/09/2021,0.5
07/09/2021,0.0
08/09/2021,0.0
09/09/2021,13.4
10/09/2021,12.5
11/09/2021,0.1
12/09/2021,12.0
13/09/2021,10.1
14/09/2021,1.0
15/09/2021,51.7
16/09/2021,0.3
17/09/2021,0.0
18/09/2021,12.5
19/09/2021,62.0
20/09/2021,0.0
21/09/2021,15.0
22/09/2021,1.0
23/09/2021,0.0
24/09/2021,0.0
25/09/2021,0.0
26/09/2021,0.4
27/09/2021,2.6
28/09/2021,18.0
29/09/2021,7.5
30/09/2021,0.0
01/10/2021,7.3
02/10/2021,1.2
03/10/2021,38.3
04/10/2021,2.7
05/10/2021,0.5
06/10/2021,9.5
07/10/2021,22.4
08/10/2021,22.1
09/10/2021,0.0
10/10/2021,8.0
11/10/2021,0.5
12/10/2021,0.0
13/10/2021,0.0
14/10/2021,0.0
15/10/2021,0.0
16/10/2021,0.0
17/10/2021,3.0
18/10/2021,0.0
19/10/2021,0.5
20/10/2021,16.4
21/10/2021,1.4
22/10/2021,6.2
23/10/2021,2.3
24/10/2021,18.2
25/10/2021,0.0
26/10/2021,0.0
27/10/2021,12.3
28/10/2021,21.6
29/10/2021,7.6
30/10/2021,0.0
31/10/2021,83.0
01/11/2021,0.8
02/11/2021,4.9
03/11/2021,16.6
04/11/2021,1.2
05/11/2021,6.0
06/11/2021,0.0
07/11/2021,11.5
08/11/2021,6.0
09/11/2021,0.8
10/11/2021,1.8
11/11/2021,1.4
12/11/2021,7.0
13/11/2021,6.2
14/11/2021,0.8
15/11/2021,0.0
16/11/2021,34.2
17/11/2021,34.2
18/11/2021,4.1
19/11/2021,6.5
20/11/2021,0.5
21/11/2021,0.0
22/11/2021,0.4
23/11/2021,1.0
24/11/2021,6.6
25/11/2021,17.7
26/11/2021,4.8
27/11/2021,14.0
28/11/2021,22.0
29/11/2021,42.1
30/11/2021,0.8
01/12/2021,16.6
02/12/2021,25.0
03/12/2021,1.5
04/12/2021,0.0
05/12/2021,0.5
06/12/2021,0.0
07/12/2021,0.0
08/12/2021,0.0
09/12/2021,0.4
10/12/2021,26.3
11/12/2021,5.2
12/12/2021,1.6
13/12/2021,9.5
14/12/2021,2.7
15/12/2021,13.8
16/12/2021,123.8
17/12/2021,39.5
18/12/2021,107.2
19/12/2021,44.5
20/12/2021,0.0
21/12/2021,10.4
22/12/2021,1.6
23/12/2021,27.0
24/12/2021,0.8
25/12/2021,11.7
26/12/2021,1.5
27/12/2021,0.0
28/12/2021,0.0
29/12/2021,2.7
30/12/2021,41.6
31/12/2021,25.6
01/01/2022,31.4
02/01/2022,20.0
03/01/2022,9.1
04/01/2022,8.2
05/01/2022,0.0
06/01/2022,0.5
07/01/2022,1.3
08/01/2022,17.5
09/01/2022,0.2
10/01/2022,0.5
11/01/2022,0.0
12/01/2022,0.0
13/01/2022,0.0
14/01/2022,0.0
15/01/2022,0.4
16/01/2022,1.1
17/01/2022,10.4
18/01/2022,1.1
19/01/2022,0.0
20/01/2022,0.0
21/01/2022,0.0
22/01/2022,0.0
23/01/2022,0.0
24/01/2022,0.0
25/01/2022,0.0
26/01/2022,0.0
27/01/2022,0.0
28/01/2022,0.0
29/01/2022,0.0
30/01/2022,0.0
31/01/2022,0.0
01/02/2022,3.0
02/02/2022,0.4
03/02/2022,11.1
04/02/2022,1.3
05/02/2022,9.1
06/02/2022,16.6
07/02/2022,98.8
08/02/2022,46.9
09/02/2022,1.2
10/02/2022,55.3
11/02/2022,57.0
12/02/2022,3.2
13/02/2022,6.0
14/02/2022,49.9
15/02/2022,39.1
16/02/2022,6.3
17/02/2022,4.7
18/02/2022,0.0
19/02/2022,0.0
20/02/2022,2.0
21/02/2022,1.5
22/02/2022,14.2
23/02/2022,37.7
24/02/2022,196.5
25/02/2022,203.7
26/02/2022,28.7
27/02/2022,188.9
28/02/2022,9.8
01/03/2022,10.4
02/03/2022,1.4
03/03/2022,6.5
04/03/2022,15.2
05/03/2022,7.0
06/03/2022,0.0
07/03/2022,0.0
08/03/2022,0.4
09/03/2022,3.1
10/03/2022,0.0
11/03/2022,0.0
12/03/2022,0.0
13/03/2022,3.4
14/03/2022,0.1
15/03/2022,0.0
16/03/2022,0.0
17/03/2022,14.8
18/03/2022,0.2
19/03/2022,0.0
20/03/2022,13.5
21/03/2022,15.0
22/03/2022,7.5
23/03/2022,1.2
24/03/2022,1.3
25/03/2022,3.5
26/03/2022,0.0
27/03/2022,14.5
28/03/2022,0.0
29/03/2022,0.0
30/03/2022,0.0
31/03/2022,0.0
01/04/2022,11.7
02/04/2022,23.5
03/04/2022,3.1
04/04/2022,13.3
05/04/2022,13.3
06/04/2022,20.5
07/04/2022,3.5
08/04/2022,17.0
09/04/2022,15.9
10/04/2022,1.4
11/04/2022,3.2
12/04/2022,20.5
13/04/2022,64.5
14/04/2022,11.0
15/04/2022,58.5
16/04/2022,0.5
17/04/2022,0.5
18/04/2022,0.0
19/04/2022,0.0
20/04/2022,19.0
21/04/2022,0.0
22/04/2022,0.5
23/04/2022,2.5
24/04/2022,0.0
25/04/2022,0.0
26/04/2022,8.5
27/04/2022,0.5
28/04/2022,0.0
29/04/2022,3.0
30/04/2022,25.7
01/05/2022,3.8
02/05/2022,6.5
03/05/2022,0.0
04/05/2022,3.0
05/05/2022,0.5
06/05/2022,0.0
07/05/2022,10.0
08/05/2022,0.5
09/05/2022,14.5
10/05/2022,5.8
11/05/2022,2.2
12/05/2022,15.6
13/05/2022,0.4
14/05/2022,45.0
15/05/2022,13.5
16/05/2022,49.0
17/05/2022,0.0
18/05/2022,0.0
19/05/2022,5.0
20/05/2022,0.5
21/05/2022,0.0
22/05/2022,0.5
23/05/2022,18.9
24/05/2022,3.6
25/05/2022,22.5
26/05/2022,0.0
27/05/2022,0.0
28/05/2022,0.0
29/05/2022,7.0
30/05/2022,3.0
31/05/2022,0.8
01/06/2022,6.2
02/06/2022,14.5
03/06/2022,0.5
04/06/2022,0.0
05/06/2022,1.0
06/06/2022,0.0
07/06/2022,33.0
08/06/2022,0.0
09/06/2022,0.0
10/06/2022,0.5
11/06/2022,3.0
12/06/2022,0.5
13/06/2022,0.0
14/06/2022,0.0
15/06/2022,0.0
16/06/2022,0.0
17/06/2022,7.5
18/06/2022,0.0
19/06/2022,5.0
20/06/2022,0.0
21/06/2022,18.5
22/06/2022,40.0
23/06/2022,1.6
24/06/2022,50.7
25/06/2022,37.7
26/06/2022,0.0
27/06/2022,0.0
28/06/2022,0.0
29/06/2022,41.0
30/06/2022,0.0
01/07/2022,0.0
02/07/2022,0.0
03/07/2022,0.4
04/07/2022,0.6
05/07/2022,72.5
06/07/2022,12.0
07/07/2022,0.0
08/07/2022,0.0
09/07/2022,3.5
10/07/2022,0.0
11/07/2022,20.6
12/07/2022,4.9
13/07/2022,8.3
14/07/2022,10.2
15/07/2022,0.0
16/07/2022,0.0
17/07/2022,0.5
18/07/2022,2.0
19/07/2022,0.5
20/07/2022,2.0
21/07/2022,0.0
22/07/2022,0.0
23/07/2022,0.0
24/07/2022,0.0
25/07/2022,4.5
26/07/2022,0.0
27/07/2022,1.5
28/07/2022,30.0
29/07/2022,5.5
30/07/2022,5.5
31/07/2022,0.0
01/08/2022,22.8
02/08/2022,2.2
03/08/2022,30.5
04/08/2022,0.5
05/08/2022,56.5
06/08/2022,0.0
07/08/2022,0.0
08/08/2022,0.0
09/08/2022,0.5
10/08/2022,10.5
11/08/2022,0.5
12/08/2022,0.0
13/08/2022,0.0
14/08/2022,0.0
15/08/2022,20.2
16/08/2022,8.8
17/08/2022,2.0
18/08/2022,0.0
19/08/2022,12.3
20/08/2022,16.7
21/08/2022,13.0
22/08/2022,0.5
23/08/2022,11.0
24/08/2022,0.0
25/08/2022,3.9
26/08/2022,0.9
27/08/2022,9.2
28/08/2022,0.0
29/08/2022,20.3
30/08/2022,22.2
31/08/2022,0.0
01/09/2022,0.4
02/09/2022,38.0
03/09/2022,1.6
04/09/2022,0.0
05/09/2022,0.5
06/09/2022,42.5
07/09/2022,0.5
08/09/2022,0.0
09/09/2022,0.4
10/09/2022,5.1
11/09/2022,8.5
12/09/2022,0.0
13/09/2022,25.5
14/09/2022,0.0
15/09/2022,0.0
16/09/2022,0.0
17/09/2022,1.5
18/09/2022,6.0
19/09/2022,0.5
20/09/2022,10.5
21/09/2022,35.5
22/09/2022,2.5
23/09/2022,41.0
24/09/2022,0.0
25/09/2022,0.0
26/09/2022,0.0
27/09/2022,0.0
28/09/2022,6.5
29/09/2022,0.0
30/09/2022,0.7
01/10/2022,6.0
02/10/2022,1.6
03/10/2022,9.1
04/10/2022,10.0
05/10/2022,8.0
06/10/2022,0.0
07/10/2022,32.7
08/10/2022,20.0
09/10/2022,75.3
10/10/2022,2.2
11/10/2022,5.7
12/10/2022,6.1
13/10/2022,27.9
14/10/2022,10.1
15/10/2022,2.9
16/10/2022,4.6
17/10/2022,42.9
18/10/2022,2.1
19/10/2022,104.3
20/10/2022,4.2
21/10/2022,0.5
22/10/2022,1.0
23/10/2022,3.5
24/10/2022,0.9
25/10/2022,10.5
26/10/2022,11.7
27/10/2022,0.5
28/10/2022,0.5
29/10/2022,4.5
30/10/2022,2.9
31/10/2022,16.1
01/11/2022,24.0
02/11/2022,53.1
03/11/2022,4.4
04/11/2022,4.0
05/11/2022,2.0
06/11/2022,0.5
07/11/2022,0.0
08/11/2022,1.3
09/11/2022,5.0
10/11/2022,28.5
11/11/2022,42.7
12/11/2022,18.9
13/11/2022,6.8
14/11/2022,3.4
15/11/2022,17.2
16/11/2022,21.0
17/11/2022,7.6
18/11/2022,52.9
19/11/2022,0.0
20/11/2022,32.0
21/11/2022,0.0
22/11/2022,1.0
23/11/2022,0.0
24/11/2022,1.2
25/11/2022,18.8
26/11/2022,0.0
27/11/2022,0.5
28/11/2022,0.5
29/11/2022,13.0
30/11/2022,5.8
01/12/2022,4.2
02/12/2022,10.5
03/12/2022,10.5
04/12/2022,0.0
05/12/2022,1.5
06/12/2022,0.0
07/12/2022,3.0
08/12/2022,96.3
09/12/2022,43.4
10/12/2022,60.5
11/12/2022,48.1
12/12/2022,44.1
13/12/2022,24.2
14/12/2022,127.9
15/12/2022,5.4
16/12/2022,0.4
17/12/2022,35.9
18/12/2022,447.4
19/12/2022,228.5
20/12/2022,60.3
21/12/2022,158.7
22/12/2022,5.1
23/12/2022,0.1
24/12/2022,0.0
25/12/2022,0.0
26/12/2022,0.0
27/12/2022,2.0
28/12/2022,0.0
29/12/2022,0.0
30/12/2022,0.0
31/12/2022,0.0
01/01/2023,0.0
02/01/2023,0.0
03/01/2023,37.9
04/01/2023,9.1
05/01/2023,0.0
06/01/2023,8.5
07/01/2023,0.0
08/01/2023,2.0
09/01/2023,16.5
10/01/2023,18.5
11/01/2023,1.2
12/01/2023,27.9
13/01/2023,3.4
14/01/2023,5.0
15/01/2023,25.2
16/01/2023,0.3
17/01/2023,0.8
18/01/2023,0.6
19/01/2023,4.5
20/01/2023,11.1
21/01/2023,36.7
22/01/2023,17.5
23/01/2023,6.9
24/01/2023,3.9
25/01/2023,6.0
26/01/2023,3.0
27/01/2023,26.3
28/01/2023,10.5
29/01/2023,22.8
30/01/2023,6.9
31/01/2023,3.7
01/02/2023,3.1
02/02/2023,18.3
03/02/2023,14.9
04/02/2023,3.6
05/02/2023,10.3
06/02/2023,184.3
07/02/2023,14.3
08/02/2023,1.5
09/02/2023,0.0
10/02/2023,6.3
11/02/2023,6.2
12/02/2023,0.0
13/02/2023,0.0
14/02/2023,0.5
15/02/2023,0.0
16/02/2023,3.0
17/02/2023,14.0
18/02/2023,17.0
19/02/2023,0.5
20/02/2023,0.0
21/02/2023,0.5
22/02/2023,0.0
23/02/2023,1.0
24/02/2023,0.0
25/02/2023,0.0
26/02/2023,5.5
27/02/2023,15.0
28/02/2023,38.3
01/03/2023,29.4
02/03/2023,9.8
03/03/2023,4.7
04/03/2023,2.6
05/03/2023,2.6
06/03/2023,0.0
07/03/2023,0.4
08/03/2023,0.6
09/03/2023,0.8
10/03/2023,7.3
11/03/2023,0.0
12/03/2023,1.0
13/03/2023,0.0
14/03/2023,0.0
15/03/2023,0.0
16/03/2023,0.0
17/03/2023,0.0
18/03/2023,0.4
19/03/2023,7.1
20/03/2023,5.0
21/03/2023,1.5
22/03/2023,0.0
23/03/2023,0.0
24/03/2023,0.0
25/03/2023,0.4
26/03/2023,0.1
27/03/2023,0.0
28/03/2023,0.0
29/03/2023,0.0
30/03/2023,0.0
31/03/2023,0.0
01/04/2023,0.0
02/04/2023,6.0
03/04/2023,4.5
04/04/2023,44.0
05/04/2023,5.0
06/04/2023,5.0
07/04/2023,0.5
08/04/2023,1.0
09/04/2023,0.0
10/04/2023,0.0
11/04/2023,0.0
12/04/2023,0.0
13/04/2023,0.0
14/04/2023,0.0
