Date,Value (mm)
28/06/1970,11.3
29/06/1970,40.9
30/06/1970,0.4
01/07/1970,0.4
02/07/1970,8.6
03/07/1970,0.5
04/07/1970,0.5
05/07/1970,0.4
06/07/1970,0.3
07/07/1970,0.6
08/07/1970,0.0
09/07/1970,0.0
10/07/1970,0.0
11/07/1970,0.9
12/07/1970,0.3
13/07/1970,0.6
14/07/1970,21.3
15/07/1970,14.7
16/07/1970,0.1
17/07/1970,1.0
18/07/1970,1.9
19/07/1970,0.6
20/07/1970,0.4
21/07/1970,0.1
22/07/1970,2.6
23/07/1970,0.2
24/07/1970,8.8
25/07/1970,0.2
26/07/1970,33.2
27/07/1970,1.1
28/07/1970,0.3
29/07/1970,2.6
30/07/1970,42.4
31/07/1970,0.2
01/08/1970,0.2
02/08/1970,0.0
03/08/1970,0.7
04/08/1970,0.4
05/08/1970,0.2
06/08/1970,0.0
07/08/1970,0.0
08/08/1970,0.0
09/08/1970,0.3
10/08/1970,0.5
11/08/1970,2.7
12/08/1970,0.0
13/08/1970,6.1
14/08/1970,5.2
15/08/1970,0.8
16/08/1970,0.9
17/08/1970,0.4
18/08/1970,0.1
19/08/1970,0.1
20/08/1970,0.1
21/08/1970,20.8
22/08/1970,67.7
23/08/1970,0.9
24/08/1970,2.7
25/08/1970,4.7
26/08/1970,8.0
27/08/1970,6.3
28/08/1970,0.3
29/08/1970,0.0
30/08/1970,0.6
31/08/1970,1.6
01/09/1970,0.3
02/09/1970,11.9
03/09/1970,0.3
04/09/1970,1.7
05/09/1970,0.0
06/09/1970,0.2
07/09/1970,3.5
08/09/1970,0.1
09/09/1970,0.1
10/09/1970,0.1
11/09/1970,0.7
12/09/1970,0.3
13/09/1970,0.4
14/09/1970,0.3
15/09/1970,0.1
16/09/1970,0.1
17/09/1970,47.6
18/09/1970,2.5
19/09/1970,0.7
20/09/1970,23.5
21/09/1970,0.7
22/09/1970,0.4
23/09/1970,56.4
24/09/1970,4.3
25/09/1970,36.6
26/09/1970,1.5
27/09/1970,3.2
28/09/1970,0.4
29/09/1970,0.3
30/09/1970,1.9
01/10/1970,15.6
02/10/1970,41.8
03/10/1970,9.8
04/10/1970,5.6
05/10/1970,3.2
06/10/1970,8.2
07/10/1970,3.8
08/10/1970,7.2
09/10/1970,0.9
10/10/1970,0.1
11/10/1970,22.7
12/10/1970,4.0
13/10/1970,1.3
14/10/1970,31.9
15/10/1970,24.4
16/10/1970,9.0
17/10/1970,2.0
18/10/1970,3.5
19/10/1970,17.7
20/10/1970,22.1
21/10/1970,0.1
22/10/1970,0.1
23/10/1970,14.2
24/10/1970,8.5
25/10/1970,17.1
26/10/1970,18.3
27/10/1970,11.8
28/10/1970,0.5
29/10/1970,0.5
30/10/1970,83.1
31/10/1970,1.9
01/11/1970,0.4
02/11/1970,0.8
03/11/1970,15.4
04/11/1970,6.7
05/11/1970,2.7
06/11/1970,10.4
07/11/1970,24.8
08/11/1970,4.2
09/11/1970,0.5
10/11/1970,1.4
11/11/1970,45.8
12/11/1970,0.6
13/11/1970,3.0
14/11/1970,0.4
15/11/1970,1.5
16/11/1970,1.3
17/11/1970,14.5
18/11/1970,4.0
19/11/1970,6.6
20/11/1970,59.3
21/11/1970,0.2
22/11/1970,0.3
23/11/1970,0.2
24/11/1970,0.1
25/11/1970,0.5
26/11/1970,3.2
27/11/1970,25.1
28/11/1970,4.3
29/11/1970,62.3
30/11/1970,7.6
01/12/1970,46.7
02/12/1970,0.3
03/12/1970,0.1
04/12/1970,0.1
05/12/1970,11.0
06/12/1970,4.6
07/12/1970,1.4
08/12/1970,1.9
09/12/1970,24.0
10/12/1970,37.3
11/12/1970,2.9
12/12/1970,0.6
13/12/1970,0.9
14/12/1970,42.3
15/12/1970,0.9
16/12/1970,8.2
17/12/1970,5.8
18/12/1970,3.5
19/12/1970,47.6
20/12/1970,19.1
21/12/1970,0.4
22/12/1970,0.2
23/12/1970,0.2
24/12/1970,0.2
25/12/1970,2.7
26/12/1970,184.4
27/12/1970,202.8
28/12/1970,27.0
29/12/1970,11.0
30/12/1970,93.6
31/12/1970,83.3
01/01/1971,135.4
02/01/1971,67.1
03/01/1971,146.4
04/01/1971,101.1
05/01/1971,65.6
06/01/1971,5.4
07/01/1971,13.7
08/01/1971,1.7
09/01/1971,1.1
10/01/1971,3.8
11/01/1971,7.5
12/01/1971,1.6
13/01/1971,0.2
14/01/1971,0.2
15/01/1971,0.2
16/01/1971,0.5
17/01/1971,0.2
18/01/1971,0.5
19/01/1971,0.1
20/01/1971,0.1
21/01/1971,0.1
22/01/1971,0.1
23/01/1971,0.1
24/01/1971,0.1
25/01/1971,0.6
26/01/1971,0.3
27/01/1971,0.1
28/01/1971,0.1
29/01/1971,0.1
30/01/1971,0.5
31/01/1971,17.5
01/02/1971,112.3
02/02/1971,0.1
03/02/1971,0.1
04/02/1971,0.1
05/02/1971,0.1
06/02/1971,0.3
07/02/1971,0.4
08/02/1971,6.5
09/02/1971,0.5
10/02/1971,0.1
11/02/1971,0.1
12/02/1971,0.1
13/02/1971,0.0
14/02/1971,0.0
15/02/1971,0.8
16/02/1971,1.2
17/02/1971,2.0
18/02/1971,0.5
19/02/1971,0.2
20/02/1971,0.7
21/02/1971,2.0
22/02/1971,14.4
23/02/1971,44.4
24/02/1971,21.5
25/02/1971,0.8
26/02/1971,0.1
27/02/1971,0.8
28/02/1971,0.9
01/03/1971,0.9
02/03/1971,31.8
03/03/1971,8.3
04/03/1971,3.3
05/03/1971,1.6
06/03/1971,0.6
07/03/1971,0.1
08/03/1971,0.2
09/03/1971,0.7
10/03/1971,0.2
11/03/1971,0.6
12/03/1971,0.2
13/03/1971,0.3
14/03/1971,0.4
15/03/1971,1.2
16/03/1971,103.7
17/03/1971,3.6
18/03/1971,78.9
19/03/1971,21.4
20/03/1971,45.9
21/03/1971,0.2
22/03/1971,0.1
23/03/1971,0.2
24/03/1971,0.2
25/03/1971,1.1
26/03/1971,0.2
27/03/1971,0.0
28/03/1971,0.0
29/03/1971,0.0
30/03/1971,0.0
31/03/1971,0.0
01/04/1971,0.0
02/04/1971,0.0
03/04/1971,0.0
04/04/1971,0.0
05/04/1971,0.0
06/04/1971,0.0
07/04/1971,0.0
08/04/1971,0.0
09/04/1971,0.0
10/04/1971,0.0
11/04/1971,0.0
12/04/1971,0.8
13/04/1971,0.4
14/04/1971,0.1
15/04/1971,0.1
16/04/1971,0.1
17/04/1971,0.0
18/04/1971,0.0
19/04/1971,0.0
20/04/1971,0.0
21/04/1971,0.0
22/04/1971,0.0
23/04/1971,0.0
24/04/1971,0.0
25/04/1971,0.0
26/04/1971,0.0
27/04/1971,0.0
28/04/1971,0.0
29/04/1971,0.0
30/04/1971,9.5
01/05/1971,3.2
02/05/1971,0.5
03/05/1971,32.1
04/05/1971,0.8
05/05/1971,0.2
06/05/1971,7.5
07/05/1971,0.1
08/05/1971,1.4
09/05/1971,0.1
10/05/1971,0.1
11/05/1971,0.2
12/05/1971,0.7
13/05/1971,0.2
14/05/1971,0.2
15/05/1971,0.1
16/05/1971,0.1
17/05/1971,0.2
18/05/1971,20.4
19/05/1971,1.5
20/05/1971,11.4
21/05/1971,6.5
22/05/1971,0.1
23/05/1971,0.0
24/05/1971,0.0
25/05/1971,0.0
26/05/1971,0.0
27/05/1971,0.0
28/05/1971,6.0
29/05/1971,8.4
30/05/1971,0.0
31/05/1971,0.1
01/06/1971,0.2
02/06/1971,0.2
03/06/1971,5.5
04/06/1971,9.5
05/06/1971,19.5
06/06/1971,0.5
07/06/1971,0.3
08/06/1971,0.4
09/06/1971,0.6
10/06/1971,5.0
11/06/1971,0.5
12/06/1971,0.1
13/06/1971,0.2
14/06/1971,4.8
15/06/1971,4.9
16/06/1971,0.0
17/06/1971,0.3
18/06/1971,2.0
19/06/1971,13.7
20/06/1971,0.1
21/06/1971,44.0
22/06/1971,0.8
23/06/1971,0.2
24/06/1971,0.2
25/06/1971,6.0
26/06/1971,0.4
27/06/1971,0.4
28/06/1971,0.1
29/06/1971,0.1
30/06/1971,22.7
01/07/1971,7.1
02/07/1971,0.3
03/07/1971,0.4
04/07/1971,0.0
05/07/1971,0.0
06/07/1971,0.0
07/07/1971,0.0
08/07/1971,0.0
09/07/1971,0.0
10/07/1971,0.0
11/07/1971,1.0
12/07/1971,0.1
13/07/1971,0.0
14/07/1971,21.7
15/07/1971,0.0
16/07/1971,0.5
17/07/1971,0.2
18/07/1971,0.1
19/07/1971,2.2
20/07/1971,17.9
21/07/1971,3.6
22/07/1971,0.1
23/07/1971,0.1
24/07/1971,0.2
25/07/1971,11.0
26/07/1971,0.1
27/07/1971,0.0
28/07/1971,0.0
29/07/1971,40.1
30/07/1971,1.0
31/07/1971,0.2
01/08/1971,75.5
02/08/1971,0.1
03/08/1971,0.2
04/08/1971,0.2
05/08/1971,9.4
06/08/1971,0.3
07/08/1971,0.6
08/08/1971,0.0
09/08/1971,0.7
10/08/1971,47.7
11/08/1971,3.3
12/08/1971,14.4
13/08/1971,0.9
14/08/1971,0.5
15/08/1971,0.0
16/08/1971,0.0
17/08/1971,0.0
18/08/1971,0.0
19/08/1971,0.0
20/08/1971,5.5
21/08/1971,0.8
22/08/1971,1.2
23/08/1971,25.1
24/08/1971,11.5
25/08/1971,0.3
26/08/1971,0.3
27/08/1971,4.1
28/08/1971,1.6
29/08/1971,4.5
30/08/1971,9.0
31/08/1971,0.7
01/09/1971,4.3
02/09/1971,1.2
03/09/1971,4.5
04/09/1971,0.6
05/09/1971,0.0
06/09/1971,0.0
07/09/1971,2.8
08/09/1971,2.2
09/09/1971,2.5
10/09/1971,7.6
11/09/1971,58.5
12/09/1971,13.5
13/09/1971,2.5
14/09/1971,2.5
15/09/1971,1.2
16/09/1971,0.4
17/09/1971,0.4
18/09/1971,2.9
19/09/1971,28.5
20/09/1971,1.0
21/09/1971,0.2
22/09/1971,0.2
23/09/1971,0.2
24/09/1971,2.0
25/09/1971,19.8
26/09/1971,14.4
27/09/1971,0.6
28/09/1971,0.3
29/09/1971,0.0
30/09/1971,0.0
01/10/1971,0.0
02/10/1971,0.0
03/10/1971,5.8
04/10/1971,2.3
05/10/1971,0.5
06/10/1971,0.5
07/10/1971,11.2
08/10/1971,29.4
09/10/1971,1.1
10/10/1971,12.1
11/10/1971,1.5
12/10/1971,32.0
13/10/1971,3.7
14/10/1971,18.8
15/10/1971,38.7
16/10/1971,66.9
17/10/1971,0.0
18/10/1971,5.6
19/10/1971,2.6
20/10/1971,59.9
21/10/1971,12.9
22/10/1971,4.7
23/10/1971,1.4
24/10/1971,10.4
25/10/1971,3.7
26/10/1971,0.7
27/10/1971,2.1
28/10/1971,4.7
29/10/1971,2.1
30/10/1971,2.7
31/10/1971,0.6
01/11/1971,2.2
02/11/1971,1.2
03/11/1971,0.4
04/11/1971,1.9
05/11/1971,2.0
06/11/1971,0.4
07/11/1971,5.7
08/11/1971,0.6
09/11/1971,3.6
10/11/1971,11.1
11/11/1971,0.3
12/11/1971,0.3
13/11/1971,1.9
14/11/1971,11.3
15/11/1971,1.6
16/11/1971,0.0
17/11/1971,0.8
18/11/1971,0.0
19/11/1971,8.2
20/11/1971,42.9
21/11/1971,24.4
22/11/1971,1.1
23/11/1971,0.0
24/11/1971,0.0
25/11/1971,0.0
26/11/1971,9.0
27/11/1971,3.2
28/11/1971,0.8
29/11/1971,0.1
30/11/1971,0.1
01/12/1971,2.6
02/12/1971,9.3
03/12/1971,2.7
04/12/1971,57.1
05/12/1971,124.3
06/12/1971,26.2
07/12/1971,134.0
08/12/1971,57.4
09/12/1971,23.8
10/12/1971,205.1
11/12/1971,6.5
12/12/1971,27.6
13/12/1971,24.3
14/12/1971,27.6
15/12/1971,35.3
16/12/1971,25.6
17/12/1971,38.4
18/12/1971,7.5
19/12/1971,4.9
20/12/1971,4.6
21/12/1971,29.6
22/12/1971,4.0
23/12/1971,2.0
24/12/1971,1.1
25/12/1971,0.4
26/12/1971,2.2
27/12/1971,1.0
28/12/1971,6.4
29/12/1971,0.0
30/12/1971,0.0
31/12/1971,0.0
01/01/1972,0.0
02/01/1972,0.0
03/01/1972,0.0
04/01/1972,0.0
05/01/1972,0.0
06/01/1972,0.0
07/01/1972,1.1
08/01/1972,0.5
09/01/1972,0.0
10/01/1972,0.0
11/01/1972,0.0
12/01/1972,0.0
13/01/1972,0.0
14/01/1972,0.0
15/01/1972,6.5
16/01/1972,0.0
17/01/1972,5.6
18/01/1972,7.0
19/01/1972,11.0
20/01/1972,1.9
21/01/1972,3.7
22/01/1972,3.1
23/01/1972,0.1
24/01/1972,0.1
25/01/1972,0.9
26/01/1972,6.6
27/01/1972,0.2
28/01/1972,1.4
29/01/1972,0.3
30/01/1972,0.1
31/01/1972,0.1
01/02/1972,0.1
02/02/1972,0.1
03/02/1972,0.1
04/02/1972,0.1
05/02/1972,0.0
06/02/1972,0.0
07/02/1972,0.7
08/02/1972,0.1
09/02/1972,1.9
10/02/1972,0.0
11/02/1972,0.0
12/02/1972,0.0
13/02/1972,0.0
14/02/1972,0.0
15/02/1972,0.0
16/02/1972,0.0
17/02/1972,0.0
18/02/1972,0.0
19/02/1972,0.0
20/02/1972,4.7
21/02/1972,2.6
22/02/1972,17.2
23/02/1972,0.0
24/02/1972,0.0
25/02/1972,0.0
26/02/1972,36.2
27/02/1972,0.1
28/02/1972,0.1
29/02/1972,0.1
01/03/1972,0.6
02/03/1972,0.0
03/03/1972,0.0
04/03/1972,0.0
05/03/1972,0.0
06/03/1972,0.0
07/03/1972,0.0
08/03/1972,0.0
09/03/1972,0.0
10/03/1972,0.0
11/03/1972,0.0
12/03/1972,0.0
13/03/1972,0.0
14/03/1972,4.4
15/03/1972,5.3
16/03/1972,0.0
17/03/1972,0.0
18/03/1972,0.0
19/03/1972,0.0
20/03/1972,0.0
21/03/1972,0.0
22/03/1972,0.0
23/03/1972,0.0
24/03/1972,9.5
25/03/1972,0.0
26/03/1972,35.9
27/03/1972,0.3
28/03/1972,0.0
29/03/1972,0.0
30/03/1972,0.0
31/03/1972,0.0
01/04/1972,0.0
02/04/1972,1.2
03/04/1972,0.2
04/04/1972,2.5
08/04/1972,0.8
09/04/1972,0.1
10/04/1972,7.5
11/04/1972,16.0
12/04/1972,59.0
13/04/1972,0.1
14/04/1972,0.0
15/04/1972,0.4
16/04/1972,0.0
17/04/1972,0.0
18/04/1972,0.0
19/04/1972,0.0
20/04/1972,0.2
21/04/1972,11.2
22/04/1972,0.2
23/04/1972,9.7
24/04/1972,0.1
25/04/1972,0.1
26/04/1972,10.8
27/04/1972,1.4
28/04/1972,0.0
29/04/1972,0.0
30/04/1972,0.0
01/05/1972,0.0
02/05/1972,0.0
03/05/1972,0.0
04/05/1972,0.0
05/05/1972,0.0
06/05/1972,0.0
07/05/1972,0.0
08/05/1972,0.0
09/05/1972,1.5
10/05/1972,1.7
11/05/1972,0.0
12/05/1972,2.0
13/05/1972,0.0
14/05/1972,0.0
15/05/1972,0.0
16/05/1972,0.0
17/05/1972,0.0
18/05/1972,0.0
19/05/1972,0.0
20/05/1972,0.0
21/05/1972,0.0
22/05/1972,0.0
23/05/1972,0.0
24/05/1972,0.0
25/05/1972,0.0
26/05/1972,19.3
27/05/1972,0.5
28/05/1972,0.1
29/05/1972,0.5
30/05/1972,2.8
31/05/1972,0.1
01/06/1972,1.5
02/06/1972,0.0
03/06/1972,10.7
04/06/1972,0.0
05/06/1972,1.9
06/06/1972,0.0
07/06/1972,0.0
08/06/1972,0.0
09/06/1972,3.7
10/06/1972,0.2
11/06/1972,0.0
12/06/1972,0.0
13/06/1972,0.0
14/06/1972,0.0
15/06/1972,0.0
16/06/1972,0.0
17/06/1972,0.2
18/06/1972,17.2
19/06/1972,0.4
20/06/1972,0.3
21/06/1972,2.9
22/06/1972,0.1
23/06/1972,0.9
24/06/1972,13.0
25/06/1972,0.0
26/06/1972,0.0
27/06/1972,0.0
28/06/1972,0.0
29/06/1972,0.0
30/06/1972,0.0
01/07/1972,0.0
08/07/1972,50.4
09/07/1972,4.1
10/07/1972,0.7
11/07/1972,0.0
12/07/1972,0.0
13/07/1972,0.2
14/07/1972,0.2
15/07/1972,0.2
16/07/1972,0.0
17/07/1972,1.2
18/07/1972,13.5
19/07/1972,0.0
20/07/1972,0.0
21/07/1972,0.0
22/07/1972,7.6
23/07/1972,21.6
24/07/1972,1.4
25/07/1972,34.1
26/07/1972,6.0
27/07/1972,0.0
28/07/1972,0.0
29/07/1972,0.0
30/07/1972,0.0
31/07/1972,0.0
01/08/1972,0.0
02/08/1972,0.0
03/08/1972,0.0
04/08/1972,1.5
05/08/1972,1.0
06/08/1972,0.0
07/08/1972,0.0
08/08/1972,2.5
09/08/1972,1.0
10/08/1972,0.0
11/08/1972,6.3
12/08/1972,0.0
13/08/1972,26.5
14/08/1972,0.0
15/08/1972,0.1
16/08/1972,1.2
17/08/1972,0.1
18/08/1972,11.8
19/08/1972,1.6
20/08/1972,0.6
21/08/1972,0.1
22/08/1972,0.9
23/08/1972,0.9
24/08/1972,0.0
25/08/1972,4.2
26/08/1972,0.4
27/08/1972,0.3
28/08/1972,0.1
29/08/1972,0.0
30/08/1972,0.9
31/08/1972,1.5
01/09/1972,79.3
02/09/1972,7.1
03/09/1972,0.1
04/09/1972,5.9
05/09/1972,1.5
06/09/1972,11.5
07/09/1972,0.1
08/09/1972,0.5
09/09/1972,18.8
10/09/1972,16.8
11/09/1972,0.8
12/09/1972,1.9
13/09/1972,36.6
16/09/1972,50.6
24/09/1972,10.8
25/09/1972,0.1
26/09/1972,0.1
27/09/1972,0.1
28/09/1972,0.0
29/09/1972,0.0
30/09/1972,0.0
01/10/1972,0.0
02/10/1972,0.0
03/10/1972,0.0
04/10/1972,0.0
05/10/1972,0.0
06/10/1972,0.0
07/10/1972,0.0
08/10/1972,4.5
09/10/1972,0.0
10/10/1972,15.8
11/10/1972,0.5
12/10/1972,0.1
13/10/1972,0.6
14/10/1972,0.0
15/10/1972,0.0
16/10/1972,0.0
17/10/1972,0.0
18/10/1972,0.0
19/10/1972,0.6
20/10/1972,22.7
21/10/1972,1.6
22/10/1972,0.0
23/10/1972,4.5
24/10/1972,0.0
25/10/1972,5.4
26/10/1972,0.4
27/10/1972,3.3
28/10/1972,0.1
29/10/1972,4.0
30/10/1972,1.7
31/10/1972,0.1
01/11/1972,0.1
02/11/1972,0.1
03/11/1972,0.1
04/11/1972,6.0
05/11/1972,5.6
06/11/1972,0.0
07/11/1972,0.5
08/11/1972,0.7
09/11/1972,0.0
10/11/1972,38.7
11/11/1972,7.1
12/11/1972,0.2
13/11/1972,1.9
14/11/1972,0.2
15/11/1972,0.1
16/11/1972,0.0
17/11/1972,0.0
18/11/1972,0.1
19/11/1972,3.2
20/11/1972,3.6
21/11/1972,7.4
22/11/1972,0.0
23/11/1972,0.0
24/11/1972,45.0
25/11/1972,15.5
26/11/1972,8.0
27/11/1972,75.5
28/11/1972,13.4
29/11/1972,11.2
30/11/1972,0.1
01/12/1972,4.9
02/12/1972,5.0
03/12/1972,0.0
04/12/1972,0.1
05/12/1972,39.0
06/12/1972,0.1
07/12/1972,0.1
08/12/1972,0.5
09/12/1972,0.3
10/12/1972,0.6
11/12/1972,0.0
12/12/1972,47.7
13/12/1972,77.0
14/12/1972,13.7
15/12/1972,129.3
16/12/1972,108.2
25/12/1972,180.1
26/12/1972,148.3
27/12/1972,47.1
28/12/1972,0.4
29/12/1972,0.4
30/12/1972,0.2
31/12/1972,16.9
01/01/1973,0.5
02/01/1973,1.0
03/01/1973,33.4
04/01/1973,44.7
05/01/1973,52.6
06/01/1973,4.8
07/01/1973,85.8
08/01/1973,22.0
09/01/1973,2.2
10/01/1973,0.8
11/01/1973,0.2
12/01/1973,0.1
13/01/1973,0.0
14/01/1973,0.4
15/01/1973,35.4
16/01/1973,13.9
29/01/1973,0.1
30/01/1973,33.1
31/01/1973,7.4
01/02/1973,9.7
02/02/1973,11.3
03/02/1973,1.0
04/02/1973,0.3
05/02/1973,0.1
06/02/1973,0.1
07/02/1973,0.0
08/02/1973,0.0
09/02/1973,9.8
10/02/1973,0.0
11/02/1973,6.1
12/02/1973,3.7
13/02/1973,0.0
14/02/1973,6.5
15/02/1973,3.5
16/02/1973,4.9
17/02/1973,2.7
18/02/1973,0.1
19/02/1973,0.1
20/02/1973,0.1
21/02/1973,0.0
22/02/1973,0.0
23/02/1973,0.0
24/02/1973,2.1
25/02/1973,0.0
26/02/1973,0.0
27/02/1973,0.0
28/02/1973,0.0
01/03/1973,0.0
02/03/1973,0.0
03/03/1973,0.0
04/03/1973,0.0
05/03/1973,0.0
06/03/1973,2.1
07/03/1973,0.5
08/03/1973,0.0
09/03/1973,24.9
10/03/1973,13.7
11/03/1973,0.1
12/03/1973,0.0
13/03/1973,0.0
14/03/1973,0.0
15/03/1973,0.0
16/03/1973,4.0
17/03/1973,3.8
18/03/1973,44.0
19/03/1973,48.0
20/03/1973,3.0
21/03/1973,0.2
22/03/1973,9.1
23/03/1973,0.0
24/03/1973,0.0
25/03/1973,11.4
26/03/1973,12.7
27/03/1973,0.0
06/04/1973,16.0
07/04/1973,0.0
08/04/1973,0.0
09/04/1973,0.0
10/04/1973,0.0
11/04/1973,0.0
12/04/1973,0.0
13/04/1973,0.0
14/04/1973,0.0
15/04/1973,0.0
16/04/1973,0.0
17/04/1973,0.0
18/04/1973,0.0
19/04/1973,2.2
20/04/1973,2.8
21/04/1973,0.2
22/04/1973,13.1
23/04/1973,0.2
24/04/1973,0.8
25/04/1973,0.0
26/04/1973,16.2
27/04/1973,6.6
28/04/1973,88.8
29/04/1973,71.6
30/04/1973,4.5
01/05/1973,0.0
02/05/1973,0.0
03/05/1973,35.6
04/05/1973,0.0
05/05/1973,16.9
06/05/1973,25.1
07/05/1973,1.1
08/05/1973,34.6
09/05/1973,0.0
10/05/1973,9.5
11/05/1973,9.0
12/05/1973,0.0
13/05/1973,0.0
14/05/1973,0.0
15/05/1973,0.0
16/05/1973,0.0
17/05/1973,0.0
18/05/1973,0.0
19/05/1973,0.0
20/05/1973,0.0
21/05/1973,0.0
22/05/1973,0.0
23/05/1973,0.0
24/05/1973,0.0
25/05/1973,0.0
26/05/1973,0.0
27/05/1973,0.3
28/05/1973,8.3
29/05/1973,0.1
30/05/1973,0.1
31/05/1973,0.1
01/06/1973,1.1
02/06/1973,0.1
03/06/1973,0.1
04/06/1973,0.1
05/06/1973,15.6
06/06/1973,1.0
07/06/1973,0.7
08/06/1973,0.0
09/06/1973,0.4
10/06/1973,0.3
11/06/1973,4.2
12/06/1973,7.4
13/06/1973,0.0
14/06/1973,0.0
15/06/1973,0.0
16/06/1973,0.0
17/06/1973,0.0
18/06/1973,0.0
19/06/1973,0.0
20/06/1973,0.0
21/06/1973,20.2
22/06/1973,0.9
23/06/1973,0.0
24/06/1973,4.2
25/06/1973,0.4
26/06/1973,0.0
27/06/1973,0.0
28/06/1973,0.9
29/06/1973,4.0
30/06/1973,3.2
01/07/1973,2.1
02/07/1973,20.6
03/07/1973,0.1
04/07/1973,0.1
05/07/1973,0.0
06/07/1973,0.0
07/07/1973,0.0
08/07/1973,3.3
09/07/1973,0.1
10/07/1973,0.1
11/07/1973,12.8
12/07/1973,0.2
13/07/1973,18.8
14/07/1973,5.0
15/07/1973,0.0
16/07/1973,0.5
17/07/1973,0.0
18/07/1973,0.0
19/07/1973,0.0
20/07/1973,11.0
21/07/1973,0.2
22/07/1973,40.2
23/07/1973,0.1
24/07/1973,0.1
25/07/1973,0.1
26/07/1973,0.1
27/07/1973,2.1
28/07/1973,0.1
29/07/1973,0.0
30/07/1973,16.9
31/07/1973,10.6
01/08/1973,0.0
02/08/1973,0.0
03/08/1973,0.0
04/08/1973,0.7
05/08/1973,4.2
06/08/1973,1.8
07/08/1973,0.0
08/08/1973,0.1
09/08/1973,0.1
10/08/1973,0.1
11/08/1973,0.1
12/08/1973,0.1
13/08/1973,0.1
14/08/1973,0.1
15/08/1973,0.1
16/08/1973,0.1
17/08/1973,11.0
18/08/1973,0.9
19/08/1973,29.5
20/08/1973,0.1
21/08/1973,1.5
22/08/1973,41.0
23/08/1973,0.1
24/08/1973,0.1
25/08/1973,0.3
26/08/1973,1.2
27/08/1973,1.2
28/08/1973,0.0
29/08/1973,1.1
30/08/1973,0.1
31/08/1973,10.3
01/09/1973,0.3
02/09/1973,0.6
03/09/1973,10.1
04/09/1973,2.2
05/09/1973,6.1
06/09/1973,1.0
07/09/1973,0.9
08/09/1973,0.0
09/09/1973,2.8
10/09/1973,2.9
11/09/1973,0.3
12/09/1973,0.3
13/09/1973,1.7
14/09/1973,0.1
15/09/1973,14.2
16/09/1973,0.0
17/09/1973,4.8
18/09/1973,0.0
19/09/1973,5.3
20/09/1973,27.1
21/09/1973,0.0
22/09/1973,0.9
23/09/1973,0.1
24/09/1973,1.9
25/09/1973,0.0
26/09/1973,2.8
27/09/1973,40.2
28/09/1973,2.8
29/09/1973,23.0
30/09/1973,0.7
01/10/1973,0.1
02/10/1973,19.0
03/10/1973,8.2
04/10/1973,0.0
05/10/1973,0.0
06/10/1973,0.0
07/10/1973,0.0
08/10/1973,0.0
09/10/1973,0.3
10/10/1973,1.4
11/10/1973,12.7
12/10/1973,5.5
13/10/1973,0.1
14/10/1973,0.0
15/10/1973,0.0
16/10/1973,0.0
17/10/1973,0.0
18/10/1973,0.0
19/10/1973,0.0
20/10/1973,3.8
21/10/1973,21.7
22/10/1973,27.1
23/10/1973,2.2
24/10/1973,2.8
25/10/1973,0.0
26/10/1973,2.8
27/10/1973,0.0
28/10/1973,8.3
29/10/1973,11.8
30/10/1973,0.1
31/10/1973,0.2
01/11/1973,0.3
02/11/1973,27.0
03/11/1973,82.4
04/11/1973,0.9
05/11/1973,0.1
06/11/1973,0.6
07/11/1973,0.0
08/11/1973,0.0
09/11/1973,9.8
10/11/1973,0.4
11/11/1973,0.2
12/11/1973,0.2
13/11/1973,1.0
14/11/1973,20.1
15/11/1973,22.9
21/11/1973,7.1
22/11/1973,0.3
23/11/1973,50.8
24/11/1973,43.0
25/11/1973,2.4
26/11/1973,3.4
27/11/1973,1.2
28/11/1973,0.5
29/11/1973,281.8
30/11/1973,114.9
01/12/1973,56.4
02/12/1973,10.4
03/12/1973,4.0
04/12/1973,0.5
05/12/1973,1.3
06/12/1973,79.1
07/12/1973,62.2
08/12/1973,137.5
09/12/1973,8.2
10/12/1973,52.3
11/12/1973,0.4
12/12/1973,2.1
13/12/1973,5.4
14/12/1973,19.3
15/12/1973,113.1
16/12/1973,44.5
17/12/1973,120.6
18/12/1973,0.7
19/12/1973,0.1
20/12/1973,0.9
21/12/1973,33.2
22/12/1973,50.1
23/12/1973,10.0
24/12/1973,2.0
27/12/1973,0.8
28/12/1973,7.0
29/12/1973,4.2
30/12/1973,0.2
31/12/1973,0.5
01/01/1974,0.6
02/01/1974,12.8
03/01/1974,0.1
04/01/1974,0.0
26/01/1974,10.2
27/01/1974,0.0
28/01/1974,0.0
29/01/1974,0.0
30/01/1974,0.0
27/03/1974,0.5
28/03/1974,14.2
29/03/1974,3.5
30/03/1974,1.6
31/03/1974,0.6
01/04/1974,0.1
02/04/1974,6.4
03/04/1974,8.0
04/04/1974,14.1
05/04/1974,21.3
06/04/1974,4.6
07/04/1974,0.0
08/04/1974,0.0
09/04/1974,0.0
10/04/1974,3.4
11/04/1974,42.5
12/04/1974,11.9
13/04/1974,1.5
14/04/1974,0.0
15/04/1974,0.0
16/04/1974,2.7
17/04/1974,19.6
18/04/1974,2.8
19/04/1974,0.1
20/04/1974,0.1
21/04/1974,0.1
22/04/1974,6.4
23/04/1974,0.4
24/04/1974,0.0
25/04/1974,0.0
26/04/1974,0.0
27/04/1974,0.0
28/04/1974,0.0
29/04/1974,76.2
30/04/1974,0.0
01/05/1974,0.0
02/05/1974,0.0
03/05/1974,0.0
04/05/1974,0.0
05/05/1974,0.0
06/05/1974,0.0
07/05/1974,0.0
08/05/1974,0.0
09/05/1974,0.0
10/05/1974,0.0
11/05/1974,0.0
12/05/1974,4.2
13/05/1974,0.1
14/05/1974,7.8
15/05/1974,0.3
16/05/1974,13.2
17/05/1974,5.1
18/05/1974,0.2
19/05/1974,0.2
20/05/1974,5.3
21/05/1974,6.1
22/05/1974,3.0
23/05/1974,14.3
24/05/1974,4.5
25/05/1974,8.4
26/05/1974,10.5
27/05/1974,0.0
28/05/1974,0.0
29/05/1974,6.3
30/05/1974,0.2
31/05/1974,0.2
01/06/1974,0.2
02/06/1974,0.0
03/06/1974,0.0
04/06/1974,0.0
05/06/1974,38.7
06/06/1974,29.9
07/06/1974,45.1
08/06/1974,2.4
09/06/1974,2.1
10/06/1974,88.9
11/06/1974,26.6
12/06/1974,12.2
13/06/1974,7.5
14/06/1974,0.1
15/06/1974,0.3
16/06/1974,9.0
17/06/1974,10.6
18/06/1974,0.1
19/06/1974,28.8
20/06/1974,0.2
21/06/1974,0.2
22/06/1974,0.7
23/06/1974,1.7
24/06/1974,14.7
25/06/1974,0.3
26/06/1974,87.5
27/06/1974,11.8
28/06/1974,0.3
29/06/1974,17.0
30/06/1974,53.2
01/07/1974,0.0
02/07/1974,0.0
03/07/1974,0.0
04/07/1974,0.0
05/07/1974,0.0
06/07/1974,0.0
07/07/1974,0.0
08/07/1974,5.8
09/07/1974,30.0
10/07/1974,21.4
11/07/1974,0.1
12/07/1974,4.9
13/07/1974,0.0
14/07/1974,9.6
15/07/1974,1.7
16/07/1974,10.0
17/07/1974,57.5
18/07/1974,58.8
19/07/1974,0.9
20/07/1974,0.6
21/07/1974,0.3
22/07/1974,0.4
23/07/1974,1.1
24/07/1974,0.1
25/07/1974,0.1
26/07/1974,0.1
27/07/1974,3.1
28/07/1974,3.6
29/07/1974,0.2
30/07/1974,0.2
31/07/1974,0.2
01/08/1974,46.9
02/08/1974,3.6
03/08/1974,43.5
04/08/1974,9.1
05/08/1974,37.6
06/08/1974,0.1
07/08/1974,0.1
08/08/1974,0.1
09/08/1974,0.1
10/08/1974,87.6
11/08/1974,215.1
12/08/1974,11.2
13/08/1974,0.1
14/08/1974,9.2
15/08/1974,17.5
16/08/1974,0.1
17/08/1974,0.1
18/08/1974,6.5
19/08/1974,0.1
20/08/1974,2.1
21/08/1974,1.7
22/08/1974,0.3
23/08/1974,10.9
24/08/1974,0.2
25/08/1974,0.2
26/08/1974,0.1
27/08/1974,0.1
28/08/1974,0.1
29/08/1974,1.4
30/08/1974,0.1
31/08/1974,2.9
01/09/1974,0.1
02/09/1974,0.1
03/09/1974,0.5
04/09/1974,3.2
05/09/1974,0.2
06/09/1974,0.2
07/09/1974,0.2
08/09/1974,0.6
09/09/1974,0.6
10/09/1974,0.2
11/09/1974,1.1
12/09/1974,0.2
13/09/1974,0.2
14/09/1974,0.2
15/09/1974,0.2
16/09/1974,14.5
17/09/1974,0.4
18/09/1974,0.1
19/09/1974,0.1
20/09/1974,18.0
21/09/1974,1.2
22/09/1974,56.0
23/09/1974,6.0
24/09/1974,0.1
25/09/1974,0.8
26/09/1974,0.7
27/09/1974,12.7
28/09/1974,0.3
29/09/1974,0.1
30/09/1974,0.1
01/10/1974,8.5
02/10/1974,14.8
03/10/1974,17.7
04/10/1974,0.4
05/10/1974,2.3
06/10/1974,24.0
07/10/1974,2.7
08/10/1974,0.2
09/10/1974,0.2
10/10/1974,52.2
11/10/1974,11.4
12/10/1974,52.4
13/10/1974,21.5
14/10/1974,0.6
15/10/1974,0.1
16/10/1974,0.1
17/10/1974,17.0
18/10/1974,19.8
19/10/1974,0.5
20/10/1974,56.2
21/10/1974,34.2
22/10/1974,0.5
23/10/1974,0.3
24/10/1974,8.1
25/10/1974,4.2
26/10/1974,8.6
27/10/1974,0.5
28/10/1974,11.0
29/10/1974,11.2
30/10/1974,5.3
31/10/1974,4.0
01/11/1974,30.3
02/11/1974,20.0
03/11/1974,0.6
04/11/1974,0.1
05/11/1974,0.1
06/11/1974,0.1
07/11/1974,21.5
08/11/1974,0.9
09/11/1974,10.1
10/11/1974,1.0
11/11/1974,0.2
12/11/1974,0.1
13/11/1974,1.2
14/11/1974,0.2
15/11/1974,0.2
16/11/1974,0.2
17/11/1974,2.3
18/11/1974,15.3
19/11/1974,45.8
20/11/1974,37.4
21/11/1974,82.3
22/11/1974,34.8
23/11/1974,28.3
24/11/1974,108.5
25/11/1974,46.3
26/11/1974,1.8
27/11/1974,10.4
28/11/1974,2.2
29/11/1974,0.8
30/11/1974,0.2
01/12/1974,0.2
02/12/1974,27.1
03/12/1974,3.9
04/12/1974,0.2
05/12/1974,0.2
06/12/1974,21.0
07/12/1974,6.4
08/12/1974,0.2
09/12/1974,1.4
10/12/1974,0.2
11/12/1974,0.2
12/12/1974,0.2
13/12/1974,11.1
14/12/1974,0.4
15/12/1974,5.6
16/12/1974,0.4
17/12/1974,0.3
18/12/1974,0.1
19/12/1974,0.1
20/12/1974,0.1
21/12/1974,7.2
22/12/1974,94.9
23/12/1974,3.6
24/12/1974,0.4
25/12/1974,0.4
26/12/1974,7.6
27/12/1974,17.5
28/12/1974,69.5
29/12/1974,69.0
30/12/1974,51.2
31/12/1974,71.5
01/01/1975,86.5
02/01/1975,149.1
03/01/1975,1.7
04/01/1975,169.2
05/01/1975,108.2
06/01/1975,55.9
07/01/1975,28.5
08/01/1975,101.6
09/01/1975,4.2
10/01/1975,33.8
11/01/1975,2.3
12/01/1975,12.3
13/01/1975,7.4
14/01/1975,69.2
15/01/1975,11.7
16/01/1975,18.6
17/01/1975,26.5
18/01/1975,7.7
19/01/1975,2.6
20/01/1975,1.4
21/01/1975,0.7
22/01/1975,1.5
23/01/1975,6.0
24/01/1975,0.5
25/01/1975,0.3
26/01/1975,0.0
27/01/1975,0.0
28/01/1975,0.0
29/01/1975,0.0
30/01/1975,0.9
31/01/1975,20.2
01/02/1975,1.0
02/02/1975,15.0
03/02/1975,0.7
04/02/1975,0.4
05/02/1975,0.2
06/02/1975,0.0
07/02/1975,0.0
08/02/1975,0.0
09/02/1975,0.0
10/02/1975,0.0
11/02/1975,0.0
12/02/1975,0.0
13/02/1975,0.0
14/02/1975,0.0
15/02/1975,0.0
16/02/1975,0.0
17/02/1975,0.0
18/02/1975,3.2
19/02/1975,11.6
20/02/1975,0.3
21/02/1975,1.8
22/02/1975,12.0
23/02/1975,230.7
24/02/1975,0.7
25/02/1975,8.5
26/02/1975,4.7
27/02/1975,0.1
28/02/1975,0.1
01/03/1975,0.8
02/03/1975,0.7
03/03/1975,5.8
04/03/1975,12.7
05/03/1975,0.3
06/03/1975,0.3
07/03/1975,10.3
08/03/1975,18.0
09/03/1975,1.8
10/03/1975,0.1
11/03/1975,0.1
12/03/1975,0.1
13/03/1975,0.1
14/03/1975,0.1
15/03/1975,0.1
16/03/1975,2.4
17/03/1975,4.7
18/03/1975,3.8
19/03/1975,1.7
20/03/1975,0.4
21/03/1975,7.0
22/03/1975,0.2
23/03/1975,0.0
24/03/1975,0.0
25/03/1975,0.0
26/03/1975,0.0
27/03/1975,0.0
28/03/1975,0.0
29/03/1975,0.0
30/03/1975,0.0
31/03/1975,0.0
01/04/1975,0.0
02/04/1975,14.5
03/04/1975,2.3
04/04/1975,0.8
05/04/1975,0.8
06/04/1975,9.9
07/04/1975,0.3
08/04/1975,0.6
09/04/1975,0.2
10/04/1975,0.2
11/04/1975,4.3
12/04/1975,6.1
13/04/1975,5.8
14/04/1975,0.2
15/04/1975,177.8
16/04/1975,4.8
17/04/1975,0.5
18/04/1975,9.0
19/04/1975,0.3
20/04/1975,0.2
21/04/1975,0.0
22/04/1975,0.0
23/04/1975,0.0
24/04/1975,0.0
25/04/1975,5.9
26/04/1975,15.4
27/04/1975,0.9
28/04/1975,0.0
29/04/1975,0.0
30/04/1975,43.0
01/05/1975,2.6
02/05/1975,1.2
03/05/1975,21.0
04/05/1975,0.6
05/05/1975,19.0
06/05/1975,25.7
07/05/1975,0.4
08/05/1975,0.1
09/05/1975,2.9
10/05/1975,19.9
11/05/1975,3.2
12/05/1975,0.7
13/05/1975,4.0
14/05/1975,29.7
15/05/1975,9.7
16/05/1975,12.1
17/05/1975,1.5
18/05/1975,63.6
19/05/1975,0.8
20/05/1975,17.1
21/05/1975,35.4
22/05/1975,2.2
23/05/1975,11.0
24/05/1975,0.8
25/05/1975,0.8
26/05/1975,7.3
27/05/1975,0.6
28/05/1975,1.9
29/05/1975,0.4
30/05/1975,40.6
31/05/1975,0.7
01/06/1975,18.3
02/06/1975,0.9
03/06/1975,0.3
04/06/1975,0.4
05/06/1975,20.6
06/06/1975,1.2
07/06/1975,0.5
08/06/1975,0.3
09/06/1975,6.5
10/06/1975,0.6
11/06/1975,1.3
12/06/1975,3.0
13/06/1975,2.2
14/06/1975,0.3
15/06/1975,3.0
16/06/1975,32.0
17/06/1975,0.9
18/06/1975,0.8
19/06/1975,2.8
20/06/1975,0.4
21/06/1975,0.1
22/06/1975,0.1
23/06/1975,0.1
24/06/1975,33.0
25/06/1975,1.7
26/06/1975,10.2
27/06/1975,18.7
28/06/1975,0.1
29/06/1975,17.5
30/06/1975,0.1
01/07/1975,0.3
02/07/1975,0.3
03/07/1975,1.5
04/07/1975,11.1
05/07/1975,0.6
06/07/1975,0.3
07/07/1975,0.2
08/07/1975,0.2
09/07/1975,0.4
10/07/1975,0.3
11/07/1975,0.6
12/07/1975,0.2
13/07/1975,0.2
14/07/1975,0.2
15/07/1975,0.1
16/07/1975,0.1
17/07/1975,0.1
18/07/1975,0.9
19/07/1975,0.4
20/07/1975,0.5
21/07/1975,12.5
22/07/1975,0.7
23/07/1975,17.7
24/07/1975,0.4
25/07/1975,0.4
26/07/1975,63.3
27/07/1975,33.6
28/07/1975,1.3
29/07/1975,4.4
30/07/1975,0.8
31/07/1975,0.3
01/08/1975,0.3
02/08/1975,0.2
03/08/1975,3.7
04/08/1975,1.0
05/08/1975,0.1
06/08/1975,0.1
07/08/1975,0.1
08/08/1975,4.6
09/08/1975,3.7
10/08/1975,0.6
11/08/1975,0.3
12/08/1975,0.2
13/08/1975,0.2
14/08/1975,1.4
15/08/1975,13.4
16/08/1975,0.3
17/08/1975,0.1
18/08/1975,0.1
19/08/1975,0.1
20/08/1975,0.1
21/08/1975,0.1
22/08/1975,0.1
23/08/1975,0.1
24/08/1975,0.0
25/08/1975,0.1
26/08/1975,0.1
27/08/1975,0.1
28/08/1975,0.1
29/08/1975,0.1
30/08/1975,0.3
31/08/1975,16.7
01/09/1975,1.3
02/09/1975,0.7
03/09/1975,7.7
04/09/1975,47.9
05/09/1975,3.9
06/09/1975,17.2
07/09/1975,4.3
08/09/1975,42.5
09/09/1975,4.0
10/09/1975,7.5
11/09/1975,3.8
12/09/1975,1.5
13/09/1975,0.9
14/09/1975,1.1
15/09/1975,0.0
16/09/1975,0.0
17/09/1975,0.0
18/09/1975,0.0
19/09/1975,0.0
20/09/1975,0.0
21/09/1975,0.0
22/09/1975,0.8
23/09/1975,25.3
24/09/1975,5.9
25/09/1975,0.0
26/09/1975,0.6
27/09/1975,8.0
28/09/1975,0.4
29/09/1975,0.0
30/09/1975,0.0
01/10/1975,0.0
02/10/1975,1.0
03/10/1975,0.2
04/10/1975,0.3
05/10/1975,26.9
06/10/1975,35.2
07/10/1975,1.8
08/10/1975,7.7
09/10/1975,0.3
10/10/1975,30.7
11/10/1975,0.8
12/10/1975,33.5
13/10/1975,25.7
14/10/1975,22.4
15/10/1975,0.8
16/10/1975,5.3
17/10/1975,5.4
18/10/1975,11.7
19/10/1975,0.5
20/10/1975,3.6
21/10/1975,2.6
22/10/1975,0.5
23/10/1975,0.4
24/10/1975,1.9
25/10/1975,3.9
26/10/1975,7.9
27/10/1975,0.6
28/10/1975,0.4
29/10/1975,1.0
30/10/1975,18.6
31/10/1975,2.3
01/11/1975,2.9
02/11/1975,0.9
03/11/1975,14.2
04/11/1975,0.6
05/11/1975,8.7
06/11/1975,0.6
07/11/1975,0.3
08/11/1975,11.2
09/11/1975,28.2
10/11/1975,0.7
11/11/1975,11.6
12/11/1975,0.2
13/11/1975,0.2
14/11/1975,6.0
15/11/1975,0.2
16/11/1975,0.2
17/11/1975,4.4
18/11/1975,1.2
19/11/1975,32.4
20/11/1975,17.6
21/11/1975,17.6
22/11/1975,86.8
23/11/1975,24.0
24/11/1975,70.1
25/11/1975,90.0
26/11/1975,47.9
27/11/1975,351.8
28/11/1975,57.7
29/11/1975,0.8
30/11/1975,0.3
01/12/1975,1.1
02/12/1975,0.0
03/12/1975,0.0
04/12/1975,0.0
05/12/1975,14.5
06/12/1975,1.0
07/12/1975,1.0
08/12/1975,0.0
09/12/1975,0.0
10/12/1975,11.5
11/12/1975,7.0
12/12/1975,2.9
13/12/1975,14.6
14/12/1975,106.0
15/12/1975,107.8
16/12/1975,37.7
17/12/1975,0.0
18/12/1975,0.0
19/12/1975,0.0
20/12/1975,11.5
21/12/1975,0.5
22/12/1975,1.5
23/12/1975,62.6
24/12/1975,104.5
25/12/1975,0.5
26/12/1975,5.5
27/12/1975,0.0
28/12/1975,0.0
29/12/1975,24.8
30/12/1975,19.2
31/12/1975,8.5
01/01/1976,0.0
02/01/1976,0.0
03/01/1976,0.0
04/01/1976,0.0
05/01/1976,0.5
06/01/1976,0.0
07/01/1976,11.5
08/01/1976,5.0
09/01/1976,0.0
10/01/1976,0.0
11/01/1976,0.0
12/01/1976,0.0
13/01/1976,2.0
14/01/1976,0.0
15/01/1976,0.0
16/01/1976,0.0
17/01/1976,0.0
18/01/1976,0.0
19/01/1976,0.0
20/01/1976,0.0
21/01/1976,0.0
22/01/1976,0.0
23/01/1976,0.0
24/01/1976,0.0
25/01/1976,0.0
26/01/1976,0.0
27/01/1976,1.0
28/01/1976,0.0
29/01/1976,0.0
30/01/1976,0.0
31/01/1976,0.0
01/02/1976,0.0
02/02/1976,0.0
03/02/1976,0.0
04/02/1976,0.0
05/02/1976,0.0
06/02/1976,0.0
07/02/1976,0.0
08/02/1976,0.0
09/02/1976,0.0
10/02/1976,0.0
11/02/1976,0.0
12/02/1976,0.0
13/02/1976,0.0
14/02/1976,0.0
15/02/1976,0.0
16/02/1976,0.0
17/02/1976,0.0
18/02/1976,0.0
19/02/1976,0.0
20/02/1976,0.0
21/02/1976,0.0
22/02/1976,0.0
23/02/1976,0.0
24/02/1976,0.0
25/02/1976,0.0
26/02/1976,1.0
27/02/1976,1.4
28/02/1976,1.6
29/02/1976,0.0
01/03/1976,0.5
02/03/1976,0.0
03/03/1976,0.0
04/03/1976,3.0
05/03/1976,1.5
06/03/1976,0.5
07/03/1976,0.5
08/03/1976,0.5
09/03/1976,0.0
10/03/1976,0.0
11/03/1976,0.0
12/03/1976,0.0
13/03/1976,0.0
14/03/1976,29.9
15/03/1976,0.1
16/03/1976,0.0
17/03/1976,0.0
18/03/1976,0.0
19/03/1976,0.0
20/03/1976,0.0
21/03/1976,0.0
22/03/1976,0.0
23/03/1976,1.7
24/03/1976,0.3
25/03/1976,0.0
26/03/1976,0.0
27/03/1976,0.0
28/03/1976,0.0
29/03/1976,0.0
30/03/1976,0.0
31/03/1976,0.0
01/04/1976,2.0
02/04/1976,0.0
03/04/1976,0.0
04/04/1976,0.0
05/04/1976,0.0
06/04/1976,0.0
07/04/1976,0.0
08/04/1976,0.0
09/04/1976,2.5
10/04/1976,0.5
11/04/1976,0.0
12/04/1976,33.9
13/04/1976,0.6
14/04/1976,0.0
15/04/1976,0.0
16/04/1976,0.0
17/04/1976,0.0
18/04/1976,0.0
19/04/1976,7.2
20/04/1976,0.3
21/04/1976,11.0
22/04/1976,5.0
23/04/1976,0.5
24/04/1976,0.0
25/04/1976,0.5
26/04/1976,1.0
27/04/1976,0.0
28/04/1976,0.0
29/04/1976,0.0
30/04/1976,0.0
01/05/1976,19.8
02/05/1976,20.6
03/05/1976,15.8
04/05/1976,1.3
05/05/1976,0.0
06/05/1976,0.0
07/05/1976,0.0
08/05/1976,0.0
09/05/1976,0.0
10/05/1976,1.5
11/05/1976,3.1
12/05/1976,0.4
13/05/1976,1.5
14/05/1976,0.5
15/05/1976,0.0
16/05/1976,1.0
17/05/1976,0.1
18/05/1976,0.2
19/05/1976,0.2
20/05/1976,0.0
21/05/1976,8.6
22/05/1976,4.4
23/05/1976,0.0
24/05/1976,0.5
25/05/1976,0.0
26/05/1976,0.0
27/05/1976,25.0
28/05/1976,89.5
29/05/1976,1.5
30/05/1976,0.5
31/05/1976,0.0
01/06/1976,0.0
02/06/1976,0.0
03/06/1976,0.0
04/06/1976,4.4
05/06/1976,0.4
06/06/1976,3.4
07/06/1976,0.5
08/06/1976,0.5
09/06/1976,6.5
10/06/1976,38.6
11/06/1976,5.3
12/06/1976,0.0
13/06/1976,0.1
14/06/1976,0.9
15/06/1976,0.2
16/06/1976,0.2
17/06/1976,0.7
18/06/1976,0.4
19/06/1976,0.0
20/06/1976,0.0
21/06/1976,13.5
22/06/1976,0.0
23/06/1976,5.0
24/06/1976,0.0
25/06/1976,0.0
26/06/1976,38.0
27/06/1976,4.0
28/06/1976,0.5
29/06/1976,0.0
30/06/1976,0.0
01/07/1976,0.0
02/07/1976,0.0
03/07/1976,0.0
04/07/1976,0.0
05/07/1976,0.0
06/07/1976,0.0
07/07/1976,0.0
08/07/1976,0.0
09/07/1976,18.0
10/07/1976,16.0
11/07/1976,0.0
12/07/1976,1.3
13/07/1976,17.7
14/07/1976,0.0
15/07/1976,17.8
16/07/1976,5.7
17/07/1976,0.0
18/07/1976,0.0
19/07/1976,25.2
20/07/1976,6.3
21/07/1976,7.5
22/07/1976,0.0
23/07/1976,0.0
24/07/1976,0.0
25/07/1976,0.0
26/07/1976,37.9
27/07/1976,16.6
28/07/1976,0.0
29/07/1976,0.0
30/07/1976,0.0
31/07/1976,0.0
01/08/1976,0.0
02/08/1976,1.5
03/08/1976,9.0
04/08/1976,3.5
05/08/1976,0.0
06/08/1976,0.0
07/08/1976,0.0
08/08/1976,0.0
09/08/1976,0.0
10/08/1976,0.0
11/08/1976,4.2
12/08/1976,24.8
13/08/1976,0.0
14/08/1976,0.0
15/08/1976,0.0
16/08/1976,0.0
17/08/1976,14.5
18/08/1976,1.0
19/08/1976,0.0
20/08/1976,0.0
21/08/1976,0.0
22/08/1976,2.5
23/08/1976,4.0
24/08/1976,0.0
25/08/1976,1.5
26/08/1976,2.5
27/08/1976,40.0
28/08/1976,17.5
29/08/1976,0.0
30/08/1976,1.5
31/08/1976,0.0
01/09/1976,6.5
02/09/1976,0.5
03/09/1976,15.5
04/09/1976,0.0
05/09/1976,11.0
06/09/1976,1.0
07/09/1976,0.0
08/09/1976,0.0
09/09/1976,5.5
10/09/1976,55.5
11/09/1976,0.0
12/09/1976,0.0
13/09/1976,0.0
14/09/1976,7.0
15/09/1976,21.0
16/09/1976,20.5
17/09/1976,17.5
18/09/1976,1.5
19/09/1976,0.0
20/09/1976,1.5
21/09/1976,109.0
22/09/1976,3.0
23/09/1976,7.0
24/09/1976,5.2
25/09/1976,5.3
26/09/1976,50.2
27/09/1976,0.3
28/09/1976,0.0
29/09/1976,0.0
30/09/1976,0.0
01/10/1976,0.0
02/10/1976,0.0
03/10/1976,0.0
04/10/1976,20.5
05/10/1976,2.5
06/10/1976,15.0
07/10/1976,6.5
08/10/1976,1.0
26/10/1976,0.5
27/10/1976,1.0
28/10/1976,0.0
29/10/1976,0.0
30/10/1976,0.0
31/10/1976,0.0
01/11/1976,2.0
02/11/1976,0.0
03/11/1976,0.0
04/11/1976,0.0
05/11/1976,0.0
06/11/1976,0.0
07/11/1976,0.0
08/11/1976,0.0
09/11/1976,0.0
10/11/1976,2.5
11/11/1976,0.5
16/11/1976,8.0
17/11/1976,48.1
18/11/1976,6.4
19/11/1976,3.5
20/11/1976,35.0
25/11/1976,1.0
26/11/1976,10.5
27/11/1976,16.5
28/11/1976,103.0
29/11/1976,114.5
30/11/1976,0.0
01/12/1976,0.0
02/12/1976,0.0
03/12/1976,0.0
04/12/1976,0.0
05/12/1976,0.0
04/01/1977,0.9
05/01/1977,9.6
06/01/1977,1.0
07/01/1977,1.5
08/01/1977,4.5
09/01/1977,0.0
10/01/1977,0.0
11/01/1977,0.0
12/01/1977,0.0
13/01/1977,0.0
14/01/1977,0.0
15/01/1977,0.0
16/01/1977,0.5
17/01/1977,0.0
18/01/1977,0.0
19/01/1977,0.0
20/01/1977,1.0
21/01/1977,0.0
22/01/1977,0.0
23/01/1977,0.0
24/01/1977,0.0
25/01/1977,0.0
26/01/1977,0.0
27/01/1977,0.0
28/01/1977,0.0
29/01/1977,0.0
30/01/1977,0.0
31/01/1977,0.0
01/02/1977,0.0
02/02/1977,3.5
03/02/1977,12.5
04/02/1977,0.0
05/02/1977,0.0
06/02/1977,0.0
07/02/1977,0.5
08/02/1977,30.6
09/02/1977,97.9
10/02/1977,26.0
11/02/1977,1.5
12/02/1977,0.0
13/02/1977,0.5
14/02/1977,0.0
15/02/1977,0.0
16/02/1977,0.0
17/02/1977,0.0
18/02/1977,0.0
19/02/1977,9.4
20/02/1977,0.6
21/02/1977,1.0
22/02/1977,2.5
03/03/1977,1.4
04/03/1977,4.6
05/03/1977,0.5
06/03/1977,0.0
07/03/1977,0.0
08/03/1977,0.0
09/03/1977,0.0
10/03/1977,0.0
11/03/1977,0.0
12/03/1977,0.0
13/03/1977,0.0
14/03/1977,0.0
15/03/1977,0.0
16/03/1977,0.0
17/03/1977,0.0
18/03/1977,0.0
19/03/1977,0.0
20/03/1977,38.5
21/03/1977,0.0
22/03/1977,0.0
23/03/1977,0.0
24/03/1977,0.0
25/03/1977,0.0
26/03/1977,0.0
27/03/1977,2.5
28/03/1977,0.0
29/03/1977,0.0
30/03/1977,0.0
31/03/1977,0.0
01/04/1977,0.0
02/04/1977,0.0
03/04/1977,0.0
04/04/1977,0.0
05/04/1977,0.0
06/04/1977,0.0
07/04/1977,0.0
08/04/1977,0.0
09/04/1977,0.0
10/04/1977,0.0
11/04/1977,0.0
12/04/1977,0.0
13/04/1977,0.0
14/04/1977,0.0
15/04/1977,0.0
16/04/1977,0.0
17/04/1977,0.0
18/04/1977,0.0
19/04/1977,0.0
20/04/1977,0.0
21/04/1977,0.0
22/04/1977,0.0
23/04/1977,0.0
24/04/1977,0.0
25/04/1977,0.0
26/04/1977,0.0
03/05/1977,2.5
04/05/1977,2.0
05/05/1977,0.0
06/05/1977,3.5
07/05/1977,0.5
08/05/1977,7.0
09/05/1977,9.5
10/05/1977,0.0
11/05/1977,0.0
12/05/1977,0.0
13/05/1977,23.0
14/05/1977,0.0
15/05/1977,11.5
16/05/1977,0.5
17/05/1977,7.0
18/05/1977,5.5
19/05/1977,0.5
20/05/1977,0.0
21/05/1977,0.0
22/05/1977,0.0
23/05/1977,1.0
24/05/1977,0.5
25/05/1977,0.0
26/05/1977,0.0
27/05/1977,20.5
28/05/1977,0.0
29/05/1977,0.0
30/05/1977,0.0
31/05/1977,0.0
01/06/1977,0.0
02/06/1977,0.0
03/06/1977,0.0
04/06/1977,0.0
05/06/1977,0.0
06/06/1977,0.0
07/06/1977,0.0
08/06/1977,0.0
09/06/1977,0.5
10/06/1977,0.0
11/06/1977,3.5
12/06/1977,0.0
13/06/1977,0.0
14/06/1977,0.0
15/06/1977,0.0
16/06/1977,0.0
17/06/1977,33.2
18/06/1977,15.3
19/06/1977,0.5
20/06/1977,0.5
21/06/1977,75.5
22/06/1977,0.0
23/06/1977,0.0
24/06/1977,0.0
25/06/1977,0.0
26/06/1977,0.0
27/06/1977,0.0
28/06/1977,0.0
15/07/1977,0.5
16/07/1977,0.0
17/07/1977,0.0
18/07/1977,0.0
19/07/1977,30.5
20/07/1977,0.0
21/07/1977,0.5
22/07/1977,0.0
23/07/1977,0.0
24/07/1977,0.0
25/07/1977,2.0
26/07/1977,20.1
27/07/1977,0.9
28/07/1977,0.0
29/07/1977,0.0
30/07/1977,0.0
31/07/1977,0.0
01/08/1977,6.0
02/08/1977,20.1
03/08/1977,5.9
04/08/1977,34.9
05/08/1977,2.3
06/08/1977,0.8
07/08/1977,1.0
08/08/1977,0.0
09/08/1977,0.0
10/08/1977,0.0
11/08/1977,0.0
12/08/1977,0.5
13/08/1977,0.5
14/08/1977,0.0
15/08/1977,5.5
16/08/1977,0.0
17/08/1977,49.7
18/08/1977,64.9
19/08/1977,30.9
20/08/1977,27.5
21/08/1977,0.5
22/08/1977,0.0
23/08/1977,47.5
24/08/1977,0.0
25/08/1977,0.0
26/08/1977,0.0
27/08/1977,0.0
28/08/1977,0.0
29/08/1977,0.0
30/08/1977,7.5
31/08/1977,4.0
01/09/1977,0.0
02/09/1977,0.0
03/09/1977,0.0
04/09/1977,0.0
05/09/1977,5.5
06/09/1977,3.4
07/09/1977,28.6
08/09/1977,21.5
09/09/1977,0.0
10/09/1977,0.0
11/09/1977,7.9
12/09/1977,4.6
13/09/1977,3.6
14/09/1977,20.9
15/09/1977,35.0
16/09/1977,0.0
17/09/1977,10.5
18/09/1977,0.5
19/09/1977,0.0
20/09/1977,0.0
21/09/1977,0.0
22/09/1977,0.0
23/09/1977,7.5
24/09/1977,2.5
25/09/1977,36.5
26/09/1977,71.5
27/09/1977,1.5
28/09/1977,1.5
29/09/1977,6.0
30/09/1977,0.0
01/10/1977,4.0
02/10/1977,2.0
11/10/1977,6.5
12/10/1977,0.5
13/10/1977,0.0
14/10/1977,4.5
15/10/1977,0.0
16/10/1977,0.0
17/10/1977,0.0
18/10/1977,0.0
19/10/1977,0.0
20/10/1977,1.5
21/10/1977,0.5
22/10/1977,0.5
23/10/1977,0.0
24/10/1977,2.5
25/10/1977,0.0
01/11/1977,4.0
02/11/1977,52.5
03/11/1977,0.0
04/11/1977,0.0
05/11/1977,0.0
06/11/1977,0.0
09/11/1977,16.0
10/11/1977,1.0
11/11/1977,0.0
12/11/1977,0.0
13/11/1977,20.6
14/11/1977,51.9
15/11/1977,5.5
16/11/1977,2.5
17/11/1977,5.8
18/11/1977,20.7
19/11/1977,47.3
20/11/1977,2.7
21/11/1977,0.0
22/11/1977,32.8
23/11/1977,52.7
24/11/1977,7.0
25/11/1977,0.5
26/11/1977,0.0
27/11/1977,0.0
28/11/1977,0.0
29/11/1977,13.0
30/11/1977,2.0
01/12/1977,7.5
02/12/1977,2.0
03/12/1977,21.3
04/12/1977,100.7
05/12/1977,12.0
06/12/1977,1.0
07/12/1977,0.0
08/12/1977,0.0
09/12/1977,0.0
10/12/1977,9.5
11/12/1977,7.5
12/12/1977,10.5
13/12/1977,1.6
14/12/1977,0.1
15/12/1977,0.1
16/12/1977,4.9
17/12/1977,75.7
18/12/1977,0.5
19/12/1977,0.5
20/12/1977,23.0
21/12/1977,50.5
22/12/1977,3.5
23/12/1977,5.5
24/12/1977,1.0
25/12/1977,0.0
26/12/1977,1.5
27/12/1977,1.0
28/12/1977,1.0
29/12/1977,0.0
30/12/1977,0.0
31/12/1977,0.0
01/01/1978,0.0
02/01/1978,0.0
03/01/1978,0.0
04/01/1978,0.0
05/01/1978,3.0
06/01/1978,19.0
07/01/1978,6.5
08/01/1978,37.0
09/01/1978,7.5
10/01/1978,5.5
11/01/1978,8.5
12/01/1978,39.3
13/01/1978,9.7
14/01/1978,0.0
15/01/1978,2.0
16/01/1978,0.0
17/01/1978,0.0
18/01/1978,0.0
19/01/1978,0.0
20/01/1978,0.5
21/01/1978,16.5
22/01/1978,0.0
23/01/1978,0.0
24/01/1978,0.0
25/01/1978,0.0
26/01/1978,0.0
27/01/1978,0.0
28/01/1978,0.0
29/01/1978,0.0
30/01/1978,0.0
31/01/1978,0.0
01/02/1978,3.5
02/02/1978,1.0
03/02/1978,0.0
04/02/1978,0.0
05/02/1978,5.5
06/02/1978,0.0
07/02/1978,0.0
08/02/1978,0.0
09/02/1978,0.0
10/02/1978,0.0
11/02/1978,0.0
12/02/1978,0.0
13/02/1978,0.0
14/02/1978,0.0
15/02/1978,19.5
16/02/1978,0.5
17/02/1978,0.0
18/02/1978,0.5
19/02/1978,0.0
20/02/1978,0.0
21/02/1978,0.0
22/02/1978,0.0
23/02/1978,10.0
24/02/1978,0.0
25/02/1978,6.5
26/02/1978,8.0
27/02/1978,18.5
28/02/1978,1.0
01/03/1978,3.0
02/03/1978,1.0
03/03/1978,0.0
04/03/1978,0.0
05/03/1978,0.0
06/03/1978,0.0
07/03/1978,0.0
08/03/1978,0.0
09/03/1978,0.0
10/03/1978,3.5
11/03/1978,0.0
12/03/1978,0.5
13/03/1978,0.0
14/03/1978,0.5
15/03/1978,0.0
16/03/1978,0.0
17/03/1978,0.0
18/03/1978,0.0
19/03/1978,0.0
20/03/1978,0.0
21/03/1978,0.0
22/03/1978,0.0
23/03/1978,0.0
24/03/1978,0.0
25/03/1978,0.5
26/03/1978,7.0
27/03/1978,11.0
28/03/1978,25.5
29/03/1978,0.0
30/03/1978,4.5
31/03/1978,1.0
01/04/1978,0.0
02/04/1978,0.0
03/04/1978,0.0
04/04/1978,0.5
05/04/1978,2.0
06/04/1978,0.0
07/04/1978,0.0
08/04/1978,0.0
09/04/1978,0.0
10/04/1978,0.0
11/04/1978,0.0
12/04/1978,0.0
13/04/1978,0.0
14/04/1978,0.0
15/04/1978,0.0
16/04/1978,0.0
17/04/1978,0.0
18/04/1978,3.0
19/04/1978,0.0
20/04/1978,0.0
21/04/1978,0.0
22/04/1978,0.0
23/04/1978,0.0
24/04/1978,0.0
25/04/1978,0.0
26/04/1978,0.0
27/04/1978,0.0
28/04/1978,0.0
29/04/1978,0.0
30/04/1978,0.0
01/05/1978,1.5
02/05/1978,0.0
03/05/1978,0.0
04/05/1978,0.0
05/05/1978,0.0
06/05/1978,0.0
07/05/1978,11.0
08/05/1978,2.5
09/05/1978,8.5
10/05/1978,14.0
11/05/1978,0.0
12/05/1978,2.5
13/05/1978,0.0
14/05/1978,2.1
15/05/1978,1.4
16/05/1978,0.0
17/05/1978,0.0
18/05/1978,0.0
19/05/1978,10.5
20/05/1978,0.0
21/05/1978,0.5
22/05/1978,1.5
23/05/1978,0.0
24/05/1978,0.0
25/05/1978,0.0
26/05/1978,0.5
27/05/1978,17.5
28/05/1978,1.0
29/05/1978,0.0
30/05/1978,0.0
31/05/1978,0.0
01/06/1978,8.5
02/06/1978,0.5
03/06/1978,75.5
04/06/1978,29.5
05/06/1978,1.7
06/06/1978,29.3
07/06/1978,0.5
08/06/1978,2.5
09/06/1978,2.0
10/06/1978,0.0
11/06/1978,20.5
12/06/1978,0.0
13/06/1978,0.0
14/06/1978,0.0
15/06/1978,0.0
16/06/1978,0.0
17/06/1978,0.0
18/06/1978,0.0
19/06/1978,90.8
20/06/1978,59.7
21/06/1978,0.0
22/06/1978,0.0
23/06/1978,7.5
24/06/1978,30.5
25/06/1978,0.0
26/06/1978,3.0
27/06/1978,44.5
28/06/1978,0.0
29/06/1978,1.0
30/06/1978,0.0
01/07/1978,0.0
02/07/1978,0.0
03/07/1978,18.0
04/07/1978,0.0
05/07/1978,0.0
06/07/1978,0.0
07/07/1978,7.5
08/07/1978,0.5
09/07/1978,10.0
10/07/1978,0.5
11/07/1978,6.5
12/07/1978,17.0
13/07/1978,0.0
14/07/1978,13.1
15/07/1978,2.9
16/07/1978,0.0
17/07/1978,0.0
18/07/1978,7.0
19/07/1978,12.8
20/07/1978,4.7
21/07/1978,19.5
22/07/1978,0.0
23/07/1978,0.0
24/07/1978,3.5
25/07/1978,0.0
26/07/1978,0.0
27/07/1978,0.0
28/07/1978,0.0
29/07/1978,0.0
30/07/1978,0.0
31/07/1978,0.0
01/08/1978,20.0
02/08/1978,17.5
03/08/1978,0.0
04/08/1978,0.0
05/08/1978,0.0
06/08/1978,0.0
07/08/1978,0.0
08/08/1978,2.0
09/08/1978,19.0
10/08/1978,0.0
11/08/1978,0.0
12/08/1978,8.5
13/08/1978,0.0
14/08/1978,7.4
15/08/1978,24.1
16/08/1978,0.0
17/08/1978,0.0
18/08/1978,6.5
19/08/1978,0.0
20/08/1978,0.0
21/08/1978,0.5
22/08/1978,0.0
23/08/1978,8.0
24/08/1978,0.0
25/08/1978,1.5
26/08/1978,0.0
27/08/1978,0.0
28/08/1978,1.5
29/08/1978,5.0
30/08/1978,7.0
31/08/1978,2.5
01/09/1978,6.5
02/09/1978,0.0
03/09/1978,40.0
04/09/1978,0.0
05/09/1978,0.0
06/09/1978,0.0
07/09/1978,3.0
08/09/1978,1.0
09/09/1978,3.0
10/09/1978,0.0
11/09/1978,0.0
12/09/1978,0.0
13/09/1978,0.0
14/09/1978,0.9
15/09/1978,48.1
16/09/1978,0.0
17/09/1978,0.0
18/09/1978,2.0
19/09/1978,103.3
20/09/1978,3.2
21/09/1978,0.0
22/09/1978,0.0
23/09/1978,10.0
24/09/1978,24.5
25/09/1978,0.5
26/09/1978,0.0
27/09/1978,15.0
28/09/1978,4.0
29/09/1978,1.5
30/09/1978,0.0
01/10/1978,0.0
02/10/1978,0.0
03/10/1978,0.0
04/10/1978,0.0
05/10/1978,7.0
06/10/1978,2.0
07/10/1978,13.5
08/10/1978,0.0
09/10/1978,6.0
10/10/1978,22.5
11/10/1978,34.5
12/10/1978,0.0
13/10/1978,0.0
14/10/1978,0.0
15/10/1978,0.0
16/10/1978,39.7
17/10/1978,4.3
18/10/1978,0.5
19/10/1978,16.0
20/10/1978,4.5
21/10/1978,2.5
22/10/1978,0.0
23/10/1978,0.5
24/10/1978,0.5
25/10/1978,3.5
26/10/1978,2.5
27/10/1978,12.0
28/10/1978,16.0
29/10/1978,139.5
30/10/1978,2.0
31/10/1978,22.5
01/11/1978,33.0
02/11/1978,120.0
03/11/1978,5.5
04/11/1978,0.0
05/11/1978,0.0
06/11/1978,0.0
07/11/1978,14.5
08/11/1978,20.5
09/11/1978,1.0
10/11/1978,0.0
11/11/1978,2.0
12/11/1978,3.5
13/11/1978,58.0
14/11/1978,0.0
15/11/1978,4.5
16/11/1978,0.0
17/11/1978,16.5
18/11/1978,12.5
19/11/1978,23.0
20/11/1978,0.0
21/11/1978,0.0
22/11/1978,0.0
23/11/1978,29.0
24/11/1978,0.0
25/11/1978,0.0
26/11/1978,0.0
27/11/1978,0.0
28/11/1978,0.0
29/11/1978,0.0
30/11/1978,12.0
01/12/1978,9.4
02/12/1978,13.1
03/12/1978,1.0
04/12/1978,0.5
05/12/1978,0.0
06/12/1978,115.0
07/12/1978,1.0
08/12/1978,3.0
09/12/1978,22.0
10/12/1978,1.0
11/12/1978,7.5
12/12/1978,4.7
13/12/1978,10.3
14/12/1978,3.5
15/12/1978,1.0
16/12/1978,1.0
17/12/1978,0.0
18/12/1978,0.0
19/12/1978,1.3
20/12/1978,5.7
21/12/1978,0.0
22/12/1978,0.5
23/12/1978,37.5
24/12/1978,1.5
25/12/1978,0.0
26/12/1978,0.0
27/12/1978,0.0
28/12/1978,0.0
29/12/1978,0.0
30/12/1978,0.0
31/12/1978,0.5
01/01/1979,15.1
02/01/1979,28.9
03/01/1979,21.5
04/01/1979,20.0
05/01/1979,8.0
06/01/1979,13.5
07/01/1979,1.0
08/01/1979,0.0
09/01/1979,0.0
10/01/1979,0.0
11/01/1979,0.0
12/01/1979,0.0
13/01/1979,0.0
14/01/1979,0.0
15/01/1979,0.0
16/01/1979,0.0
17/01/1979,0.0
18/01/1979,6.0
19/01/1979,0.0
20/01/1979,2.0
21/01/1979,1.0
22/01/1979,3.5
23/01/1979,10.0
24/01/1979,1.5
25/01/1979,1.5
26/01/1979,1.0
27/01/1979,0.0
28/01/1979,0.0
29/01/1979,0.0
30/01/1979,0.0
31/01/1979,0.0
01/02/1979,0.0
02/02/1979,2.0
03/02/1979,1.0
04/02/1979,0.0
05/02/1979,2.0
06/02/1979,3.5
07/02/1979,8.5
08/02/1979,0.0
09/02/1979,0.0
10/02/1979,0.0
11/02/1979,0.0
12/02/1979,0.0
13/02/1979,0.0
14/02/1979,0.0
15/02/1979,0.0
16/02/1979,20.0
17/02/1979,16.5
18/02/1979,0.0
19/02/1979,0.0
20/02/1979,0.0
21/02/1979,0.0
22/02/1979,0.0
23/02/1979,0.0
24/02/1979,24.5
25/02/1979,0.0
26/02/1979,0.0
27/02/1979,0.0
28/02/1979,0.0
01/03/1979,5.5
02/03/1979,4.5
03/03/1979,12.5
04/03/1979,5.5
05/03/1979,1.0
06/03/1979,0.0
07/03/1979,0.0
08/03/1979,0.0
09/03/1979,0.0
10/03/1979,0.0
11/03/1979,0.0
12/03/1979,0.0
13/03/1979,2.0
14/03/1979,0.0
15/03/1979,0.0
16/03/1979,0.0
17/03/1979,0.0
18/03/1979,0.0
19/03/1979,0.0
20/03/1979,0.0
21/03/1979,0.0
22/03/1979,0.0
23/03/1979,0.0
24/03/1979,0.0
25/03/1979,0.0
26/03/1979,1.0
27/03/1979,0.5
28/03/1979,0.0
29/03/1979,0.5
30/03/1979,0.0
31/03/1979,0.0
01/04/1979,0.0
02/04/1979,0.0
03/04/1979,0.0
04/04/1979,0.0
05/04/1979,7.5
06/04/1979,66.0
07/04/1979,0.0
08/04/1979,0.0
09/04/1979,0.0
10/04/1979,11.0
11/04/1979,12.0
17/04/1979,5.5
18/04/1979,0.0
19/04/1979,36.0
20/04/1979,14.0
21/04/1979,27.0
22/04/1979,0.0
23/04/1979,5.0
24/04/1979,2.0
25/04/1979,5.5
26/04/1979,0.0
27/04/1979,0.0
28/04/1979,0.0
29/04/1979,10.0
30/04/1979,0.5
01/05/1979,0.0
02/05/1979,0.0
03/05/1979,24.5
04/05/1979,0.0
05/05/1979,0.0
06/05/1979,0.0
07/05/1979,0.0
08/05/1979,0.0
09/05/1979,0.0
10/05/1979,0.0
11/05/1979,29.0
12/05/1979,15.5
13/05/1979,0.0
14/05/1979,8.0
15/05/1979,0.0
16/05/1979,0.0
17/05/1979,0.0
18/05/1979,0.0
19/05/1979,0.0
20/05/1979,0.0
21/05/1979,0.0
22/05/1979,0.0
23/05/1979,0.0
24/05/1979,0.0
25/05/1979,0.0
26/05/1979,0.0
27/05/1979,0.0
28/05/1979,0.0
29/05/1979,14.0
30/05/1979,1.5
31/05/1979,0.0
01/06/1979,0.0
02/06/1979,0.0
03/06/1979,0.0
04/06/1979,0.0
05/06/1979,29.5
06/06/1979,0.3
07/06/1979,17.2
08/06/1979,1.0
09/06/1979,0.0
10/06/1979,0.0
11/06/1979,0.0
12/06/1979,0.0
13/06/1979,0.0
14/06/1979,0.0
15/06/1979,48.5
16/06/1979,0.0
17/06/1979,0.0
18/06/1979,0.0
19/06/1979,0.0
20/06/1979,0.0
21/06/1979,0.0
22/06/1979,0.0
23/06/1979,0.0
24/06/1979,11.5
25/06/1979,8.0
26/06/1979,5.0
27/06/1979,0.0
28/06/1979,0.0
29/06/1979,7.5
30/06/1979,10.0
01/07/1979,0.5
02/07/1979,0.5
03/07/1979,0.0
04/07/1979,0.0
05/07/1979,0.0
06/07/1979,0.0
07/07/1979,0.0
08/07/1979,0.0
09/07/1979,0.0
10/07/1979,0.5
11/07/1979,0.0
12/07/1979,0.0
13/07/1979,0.0
14/07/1979,0.0
15/07/1979,7.0
16/07/1979,0.0
17/07/1979,0.0
18/07/1979,0.0
19/07/1979,24.5
20/07/1979,0.0
21/07/1979,15.5
22/07/1979,2.0
23/07/1979,0.0
24/07/1979,16.9
25/07/1979,76.6
26/07/1979,0.0
27/07/1979,0.0
28/07/1979,4.0
29/07/1979,0.0
30/07/1979,0.0
31/07/1979,0.0
01/08/1979,0.0
02/08/1979,0.0
03/08/1979,13.0
04/08/1979,0.0
05/08/1979,11.5
06/08/1979,27.0
07/08/1979,0.0
08/08/1979,0.0
09/08/1979,0.0
10/08/1979,0.0
11/08/1979,0.0
12/08/1979,0.0
13/08/1979,0.0
14/08/1979,0.0
15/08/1979,3.5
16/08/1979,25.5
17/08/1979,3.5
18/08/1979,0.0
19/08/1979,0.0
20/08/1979,0.0
21/08/1979,123.0
22/08/1979,0.5
23/08/1979,0.0
24/08/1979,0.0
25/08/1979,0.5
26/08/1979,0.0
27/08/1979,0.0
28/08/1979,0.0
29/08/1979,9.5
30/08/1979,0.0
31/08/1979,0.0
01/09/1979,0.0
02/09/1979,0.0
03/09/1979,0.5
04/09/1979,0.0
05/09/1979,0.5
06/09/1979,32.5
07/09/1979,25.5
08/09/1979,0.0
09/09/1979,3.5
10/09/1979,0.0
11/09/1979,0.0
12/09/1979,0.0
13/09/1979,0.0
14/09/1979,0.0
15/09/1979,0.0
16/09/1979,40.1
17/09/1979,9.9
18/09/1979,0.0
19/09/1979,0.0
20/09/1979,0.0
21/09/1979,0.0
22/09/1979,0.0
23/09/1979,0.5
24/09/1979,7.0
25/09/1979,28.9
26/09/1979,4.1
27/09/1979,0.0
28/09/1979,0.0
29/09/1979,0.0
30/09/1979,0.0
01/10/1979,0.0
02/10/1979,21.5
03/10/1979,0.0
04/10/1979,0.0
05/10/1979,3.0
06/10/1979,10.0
07/10/1979,7.5
08/10/1979,1.0
09/10/1979,0.0
10/10/1979,16.0
11/10/1979,0.0
12/10/1979,8.0
13/10/1979,4.5
14/10/1979,44.5
15/10/1979,4.5
16/10/1979,1.0
17/10/1979,19.5
18/10/1979,8.5
19/10/1979,2.5
20/10/1979,0.0
21/10/1979,24.0
22/10/1979,13.5
23/10/1979,36.0
24/10/1979,11.0
25/10/1979,0.0
26/10/1979,0.0
27/10/1979,4.5
28/10/1979,0.0
29/10/1979,1.5
30/10/1979,0.0
31/10/1979,5.2
01/11/1979,17.3
02/11/1979,0.0
03/11/1979,17.5
04/11/1979,0.0
05/11/1979,4.0
06/11/1979,1.5
07/11/1979,1.0
08/11/1979,1.0
09/11/1979,0.0
10/11/1979,1.0
11/11/1979,34.5
12/11/1979,8.0
13/11/1979,68.9
14/11/1979,16.9
15/11/1979,54.7
16/11/1979,36.5
17/11/1979,14.0
18/11/1979,2.5
19/11/1979,6.0
20/11/1979,13.0
21/11/1979,0.2
22/11/1979,20.8
23/11/1979,68.5
24/11/1979,42.0
25/11/1979,78.0
26/11/1979,51.8
27/11/1979,57.4
28/11/1979,12.3
29/11/1979,0.0
30/11/1979,1.5
01/12/1979,0.0
02/12/1979,14.5
03/12/1979,17.1
04/12/1979,18.4
05/12/1979,0.7
06/12/1979,25.6
07/12/1979,0.0
08/12/1979,0.0
09/12/1979,0.0
10/12/1979,0.0
11/12/1979,58.5
12/12/1979,1.0
13/12/1979,40.2
14/12/1979,0.2
15/12/1979,1.0
16/12/1979,8.3
17/12/1979,35.4
18/12/1979,4.5
19/12/1979,8.6
20/12/1979,0.0
21/12/1979,0.0
22/12/1979,0.0
23/12/1979,0.0
24/12/1979,0.0
25/12/1979,0.0
26/12/1979,0.0
27/12/1979,0.0
28/12/1979,0.0
29/12/1979,0.0
30/12/1979,6.2
31/12/1979,16.1
01/01/1980,0.5
02/01/1980,0.0
03/01/1980,0.0
04/01/1980,11.4
05/01/1980,75.0
06/01/1980,12.2
07/01/1980,36.0
08/01/1980,3.2
09/01/1980,0.0
10/01/1980,0.0
11/01/1980,16.9
12/01/1980,11.9
13/01/1980,0.0
14/01/1980,3.2
15/01/1980,0.5
16/01/1980,0.0
17/01/1980,0.0
18/01/1980,9.9
19/01/1980,4.9
20/01/1980,1.0
21/01/1980,3.1
22/01/1980,2.2
23/01/1980,0.0
24/01/1980,0.0
25/01/1980,0.0
26/01/1980,0.0
27/01/1980,0.0
28/01/1980,0.0
29/01/1980,0.0
30/01/1980,0.0
31/01/1980,0.0
01/02/1980,0.0
02/02/1980,0.0
03/02/1980,0.0
04/02/1980,0.0
05/02/1980,0.0
06/02/1980,0.0
07/02/1980,0.0
08/02/1980,0.0
09/02/1980,3.9
10/02/1980,0.0
11/02/1980,1.5
12/02/1980,0.7
13/02/1980,0.0
14/02/1980,0.0
15/02/1980,0.0
16/02/1980,0.0
17/02/1980,4.4
18/02/1980,10.0
19/02/1980,0.5
20/02/1980,2.2
21/02/1980,1.7
22/02/1980,1.5
23/02/1980,19.3
24/02/1980,0.0
25/02/1980,0.0
26/02/1980,0.0
27/02/1980,0.0
28/02/1980,0.0
29/02/1980,0.0
01/03/1980,0.0
02/03/1980,0.0
03/03/1980,0.0
04/03/1980,0.0
05/03/1980,0.0
06/03/1980,0.0
07/03/1980,0.0
08/03/1980,0.0
09/03/1980,12.4
10/03/1980,0.5
11/03/1980,0.0
12/03/1980,0.0
13/03/1980,0.0
14/03/1980,0.0
15/03/1980,34.3
16/03/1980,3.5
17/03/1980,0.0
18/03/1980,0.0
19/03/1980,0.0
20/03/1980,6.6
21/03/1980,0.0
22/03/1980,0.0
23/03/1980,0.0
24/03/1980,0.0
25/03/1980,16.8
26/03/1980,5.9
27/03/1980,8.7
28/03/1980,11.0
29/03/1980,0.0
30/03/1980,0.0
31/03/1980,0.0
01/04/1980,0.0
02/04/1980,1.5
03/04/1980,23.8
04/04/1980,1.7
05/04/1980,9.2
06/04/1980,1.0
07/04/1980,0.0
08/04/1980,3.9
09/04/1980,0.0
10/04/1980,0.0
11/04/1980,0.0
12/04/1980,16.2
13/04/1980,19.4
14/04/1980,0.0
15/04/1980,0.0
16/04/1980,0.0
17/04/1980,0.0
18/04/1980,0.0
19/04/1980,0.0
20/04/1980,0.0
21/04/1980,0.0
22/04/1980,0.0
23/04/1980,38.0
24/04/1980,0.0
25/04/1980,0.0
26/04/1980,0.0
27/04/1980,0.0
28/04/1980,17.3
29/04/1980,0.0
30/04/1980,0.0
01/05/1980,0.0
02/05/1980,0.0
03/05/1980,0.0
04/05/1980,80.1
05/05/1980,2.5
06/05/1980,0.0
07/05/1980,0.0
08/05/1980,0.0
09/05/1980,1.2
10/05/1980,0.0
11/05/1980,0.0
12/05/1980,0.0
13/05/1980,42.5
14/05/1980,2.9
15/05/1980,0.0
16/05/1980,2.7
17/05/1980,0.0
18/05/1980,2.2
19/05/1980,13.4
20/05/1980,0.0
21/05/1980,0.0
22/05/1980,0.0
23/05/1980,0.0
24/05/1980,0.0
25/05/1980,0.0
26/05/1980,0.0
27/05/1980,0.0
28/05/1980,29.0
29/05/1980,0.0
30/05/1980,0.0
31/05/1980,0.0
01/06/1980,0.0
02/06/1980,0.0
03/06/1980,0.0
04/06/1980,0.0
05/06/1980,0.0
06/06/1980,0.0
07/06/1980,0.5
08/06/1980,0.0
09/06/1980,0.0
10/06/1980,0.0
11/06/1980,0.0
12/06/1980,28.0
13/06/1980,0.0
14/06/1980,0.0
15/06/1980,24.1
16/06/1980,5.4
17/06/1980,18.0
18/06/1980,0.0
19/06/1980,0.0
20/06/1980,1.0
21/06/1980,0.5
22/06/1980,19.5
23/06/1980,3.5
24/06/1980,0.0
25/06/1980,52.5
26/06/1980,0.0
27/06/1980,0.0
28/06/1980,0.0
29/06/1980,0.0
30/06/1980,1.0
01/07/1980,0.5
02/07/1980,0.5
03/07/1980,0.0
04/07/1980,5.0
05/07/1980,9.0
06/07/1980,0.0
07/07/1980,0.0
08/07/1980,0.0
09/07/1980,2.5
10/07/1980,0.5
11/07/1980,0.0
12/07/1980,0.0
13/07/1980,0.0
14/07/1980,4.5
15/07/1980,0.0
16/07/1980,0.0
17/07/1980,0.0
18/07/1980,0.0
19/07/1980,0.0
20/07/1980,0.0
21/07/1980,47.4
22/07/1980,1.6
23/07/1980,18.5
24/07/1980,58.3
25/07/1980,3.7
26/07/1980,0.0
27/07/1980,0.0
28/07/1980,0.0
29/07/1980,0.0
30/07/1980,0.0
31/07/1980,0.0
01/08/1980,0.0
02/08/1980,0.0
03/08/1980,0.0
04/08/1980,0.0
05/08/1980,0.5
06/08/1980,0.0
07/08/1980,16.5
08/08/1980,0.0
09/08/1980,7.5
10/08/1980,0.0
11/08/1980,20.6
12/08/1980,4.4
13/08/1980,1.5
14/08/1980,0.5
15/08/1980,0.0
16/08/1980,2.5
17/08/1980,35.0
18/08/1980,0.5
19/08/1980,0.0
20/08/1980,0.0
21/08/1980,0.0
22/08/1980,4.5
23/08/1980,3.0
24/08/1980,15.0
25/08/1980,1.0
26/08/1980,1.0
27/08/1980,15.0
28/08/1980,0.0
29/08/1980,2.0
30/08/1980,0.5
31/08/1980,11.0
01/09/1980,3.5
02/09/1980,0.0
03/09/1980,0.0
04/09/1980,0.5
05/09/1980,22.0
06/09/1980,10.0
07/09/1980,7.5
08/09/1980,2.5
09/09/1980,1.0
10/09/1980,1.5
11/09/1980,1.5
12/09/1980,5.5
13/09/1980,0.0
14/09/1980,0.0
15/09/1980,18.0
16/09/1980,0.0
17/09/1980,0.0
18/09/1980,1.0
19/09/1980,0.0
20/09/1980,0.0
21/09/1980,1.1
22/09/1980,0.4
23/09/1980,6.0
24/09/1980,0.0
25/09/1980,1.5
26/09/1980,20.6
27/09/1980,5.9
28/09/1980,4.1
29/09/1980,2.4
30/09/1980,0.0
01/10/1980,12.0
02/10/1980,58.5
03/10/1980,3.0
04/10/1980,14.0
05/10/1980,3.5
06/10/1980,0.5
07/10/1980,0.0
08/10/1980,3.1
09/10/1980,0.0
10/10/1980,0.0
11/10/1980,0.0
12/10/1980,0.0
13/10/1980,0.0
14/10/1980,0.0
15/10/1980,1.0
16/10/1980,0.8
17/10/1980,4.2
18/10/1980,67.0
19/10/1980,0.0
20/10/1980,8.5
21/10/1980,0.0
22/10/1980,0.5
23/10/1980,0.0
24/10/1980,18.0
25/10/1980,11.4
26/10/1980,4.6
27/10/1980,21.5
28/10/1980,0.5
29/10/1980,10.0
30/10/1980,11.5
31/10/1980,0.0
01/11/1980,27.0
02/11/1980,2.5
03/11/1980,0.5
04/11/1980,34.0
05/11/1980,8.0
06/11/1980,0.0
07/11/1980,1.5
08/11/1980,2.5
09/11/1980,7.0
10/11/1980,6.5
11/11/1980,0.0
12/11/1980,4.0
13/11/1980,3.5
14/11/1980,0.0
15/11/1980,0.0
16/11/1980,0.0
17/11/1980,0.0
18/11/1980,5.5
19/11/1980,1.0
20/11/1980,13.0
21/11/1980,13.0
22/11/1980,32.1
23/11/1980,5.0
24/11/1980,12.0
25/11/1980,8.0
26/11/1980,2.5
27/11/1980,1.9
28/11/1980,22.6
29/11/1980,0.9
30/11/1980,12.1
01/12/1980,9.0
02/12/1980,24.5
03/12/1980,1.0
04/12/1980,4.5
05/12/1980,2.5
06/12/1980,10.0
07/12/1980,2.5
08/12/1980,2.5
09/12/1980,12.0
10/12/1980,0.0
11/12/1980,0.0
12/12/1980,0.0
13/12/1980,0.0
14/12/1980,0.0
15/12/1980,0.0
16/12/1980,29.5
17/12/1980,66.0
18/12/1980,155.3
19/12/1980,124.2
20/12/1980,50.5
21/12/1980,2.0
22/12/1980,0.5
23/12/1980,2.7
24/12/1980,17.3
25/12/1980,2.0
26/12/1980,4.5
27/12/1980,0.5
28/12/1980,21.5
29/12/1980,59.4
30/12/1980,17.1
31/12/1980,0.0
01/01/1981,0.0
02/01/1981,0.0
03/01/1981,0.0
04/01/1981,5.5
05/01/1981,0.5
06/01/1981,0.0
07/01/1981,0.0
08/01/1981,0.5
09/01/1981,41.5
10/01/1981,0.0
11/01/1981,0.0
12/01/1981,0.0
13/01/1981,0.5
14/01/1981,0.0
15/01/1981,0.0
16/01/1981,3.4
17/01/1981,5.1
18/01/1981,1.5
19/01/1981,0.0
20/01/1981,0.5
21/01/1981,0.0
22/01/1981,0.0
23/01/1981,0.0
24/01/1981,0.0
25/01/1981,0.0
26/01/1981,0.0
27/01/1981,0.0
28/01/1981,0.0
29/01/1981,0.0
30/01/1981,0.0
31/01/1981,3.0
01/02/1981,26.5
02/02/1981,12.5
03/02/1981,0.0
04/02/1981,0.0
05/02/1981,3.0
06/02/1981,1.5
07/02/1981,0.0
08/02/1981,1.0
09/02/1981,0.0
10/02/1981,8.9
11/02/1981,9.6
12/02/1981,2.5
13/02/1981,0.0
14/02/1981,0.0
15/02/1981,0.0
16/02/1981,0.0
17/02/1981,0.0
18/02/1981,0.0
19/02/1981,0.0
20/02/1981,0.0
21/02/1981,0.0
22/02/1981,0.0
23/02/1981,0.0
24/02/1981,0.0
25/02/1981,1.5
26/02/1981,5.0
27/02/1981,48.5
28/02/1981,26.5
01/03/1981,0.0
02/03/1981,0.0
03/03/1981,0.0
04/03/1981,6.5
05/03/1981,0.5
06/03/1981,0.0
07/03/1981,0.5
08/03/1981,0.5
09/03/1981,48.5
10/03/1981,0.0
11/03/1981,0.5
12/03/1981,0.5
13/03/1981,0.0
14/03/1981,0.0
15/03/1981,0.0
16/03/1981,0.0
17/03/1981,0.0
18/03/1981,0.5
19/03/1981,0.0
20/03/1981,0.0
21/03/1981,0.0
22/03/1981,0.0
23/03/1981,0.0
24/03/1981,0.0
25/03/1981,0.0
26/03/1981,0.0
27/03/1981,4.9
28/03/1981,5.6
29/03/1981,13.5
30/03/1981,4.5
31/03/1981,0.5
01/04/1981,22.0
02/04/1981,16.0
03/04/1981,0.0
04/04/1981,0.0
05/04/1981,91.0
06/04/1981,54.5
07/04/1981,0.0
08/04/1981,0.0
09/04/1981,2.5
10/04/1981,11.5
11/04/1981,0.0
12/04/1981,0.0
13/04/1981,8.0
14/04/1981,4.5
15/04/1981,0.0
16/04/1981,4.5
17/04/1981,0.0
18/04/1981,0.0
19/04/1981,0.0
20/04/1981,0.0
21/04/1981,21.5
22/04/1981,0.0
23/04/1981,0.0
24/04/1981,0.0
25/04/1981,0.0
26/04/1981,0.0
27/04/1981,0.0
28/04/1981,10.5
29/04/1981,0.0
30/04/1981,0.0
01/05/1981,2.5
02/05/1981,0.5
03/05/1981,0.0
04/05/1981,0.0
05/05/1981,0.0
06/05/1981,0.0
07/05/1981,0.0
08/05/1981,2.0
09/05/1981,0.0
10/05/1981,0.0
11/05/1981,0.0
12/05/1981,0.0
13/05/1981,0.0
14/05/1981,0.0
15/05/1981,0.0
16/05/1981,0.0
17/05/1981,0.0
18/05/1981,0.0
19/05/1981,0.0
20/05/1981,39.0
21/05/1981,0.0
22/05/1981,0.5
23/05/1981,23.5
24/05/1981,2.2
25/05/1981,4.8
26/05/1981,0.0
27/05/1981,0.0
28/05/1981,0.0
29/05/1981,100.8
30/05/1981,3.2
31/05/1981,6.5
01/06/1981,0.0
02/06/1981,0.0
03/06/1981,3.5
04/06/1981,0.0
05/06/1981,0.0
06/06/1981,0.0
07/06/1981,0.0
08/06/1981,0.0
09/06/1981,7.5
10/06/1981,2.0
11/06/1981,0.0
12/06/1981,1.5
13/06/1981,0.0
14/06/1981,0.0
15/06/1981,0.0
16/06/1981,0.0
17/06/1981,0.0
18/06/1981,9.0
19/06/1981,0.0
20/06/1981,0.0
21/06/1981,0.0
22/06/1981,0.5
23/06/1981,0.0
24/06/1981,0.0
25/06/1981,0.0
26/06/1981,0.0
27/06/1981,0.0
28/06/1981,0.0
29/06/1981,0.0
30/06/1981,0.0
01/07/1981,0.0
02/07/1981,0.5
03/07/1981,0.0
04/07/1981,0.0
05/07/1981,0.0
06/07/1981,0.0
07/07/1981,0.0
08/07/1981,0.0
09/07/1981,53.5
10/07/1981,0.0
11/07/1981,0.0
12/07/1981,0.0
13/07/1981,0.0
14/07/1981,3.0
15/07/1981,29.0
16/07/1981,0.5
17/07/1981,70.5
18/07/1981,13.5
19/07/1981,1.0
20/07/1981,0.0
21/07/1981,1.5
22/07/1981,0.0
23/07/1981,0.0
24/07/1981,0.0
25/07/1981,0.0
26/07/1981,0.0
27/07/1981,0.5
28/07/1981,0.5
29/07/1981,0.0
30/07/1981,0.0
31/07/1981,0.0
01/08/1981,0.0
02/08/1981,0.5
03/08/1981,0.0
04/08/1981,0.0
05/08/1981,0.0
06/08/1981,0.0
07/08/1981,0.0
08/08/1981,0.0
09/08/1981,0.0
10/08/1981,0.0
11/08/1981,0.0
12/08/1981,0.0
13/08/1981,0.0
14/08/1981,0.0
15/08/1981,0.0
16/08/1981,0.5
17/08/1981,0.5
18/08/1981,0.0
19/08/1981,18.0
20/08/1981,3.0
21/08/1981,0.0
22/08/1981,14.0
23/08/1981,0.0
24/08/1981,3.0
25/08/1981,1.5
26/08/1981,0.0
27/08/1981,0.0
28/08/1981,0.0
29/08/1981,16.5
30/08/1981,0.5
31/08/1981,0.0
01/09/1981,0.0
02/09/1981,56.0
03/09/1981,9.0
04/09/1981,2.0
05/09/1981,0.0
06/09/1981,0.0
07/09/1981,9.5
08/09/1981,25.5
09/09/1981,0.0
10/09/1981,0.0
11/09/1981,0.0
12/09/1981,0.0
13/09/1981,0.0
14/09/1981,1.5
15/09/1981,40.5
16/09/1981,51.9
17/09/1981,7.1
18/09/1981,0.0
19/09/1981,0.0
20/09/1981,16.0
21/09/1981,4.5
22/09/1981,0.0
23/09/1981,2.5
24/09/1981,8.5
25/09/1981,6.0
26/09/1981,0.0
27/09/1981,5.5
28/09/1981,0.0
29/09/1981,0.0
30/09/1981,0.0
01/10/1981,0.0
02/10/1981,0.0
03/10/1981,0.5
04/10/1981,17.0
05/10/1981,0.0
06/10/1981,0.0
07/10/1981,0.0
08/10/1981,0.0
09/10/1981,2.0
10/10/1981,0.5
11/10/1981,0.0
12/10/1981,0.0
13/10/1981,0.0
14/10/1981,17.0
15/10/1981,0.5
16/10/1981,0.0
17/10/1981,12.5
18/10/1981,32.0
19/10/1981,46.0
20/10/1981,0.0
21/10/1981,0.0
22/10/1981,0.0
23/10/1981,0.0
24/10/1981,0.0
25/10/1981,0.0
26/10/1981,4.0
27/10/1981,0.0
28/10/1981,0.0
29/10/1981,0.0
30/10/1981,0.5
31/10/1981,5.0
01/11/1981,11.5
02/11/1981,2.0
03/11/1981,17.0
04/11/1981,0.0
05/11/1981,24.5
06/11/1981,72.9
07/11/1981,46.6
08/11/1981,0.0
09/11/1981,0.0
10/11/1981,25.5
11/11/1981,28.0
12/11/1981,147.4
13/11/1981,8.1
14/11/1981,1.0
15/11/1981,6.5
16/11/1981,12.0
17/11/1981,16.5
18/11/1981,0.0
19/11/1981,0.5
20/11/1981,2.0
21/11/1981,1.2
22/11/1981,3.7
23/11/1981,1.7
24/11/1981,0.0
25/11/1981,0.0
26/11/1981,0.0
27/11/1981,0.0
28/11/1981,3.0
29/11/1981,16.2
30/11/1981,11.0
01/12/1981,2.3
02/12/1981,0.0
03/12/1981,0.5
04/12/1981,1.5
05/12/1981,83.0
06/12/1981,1.5
07/12/1981,2.5
08/12/1981,0.5
09/12/1981,0.0
10/12/1981,6.0
11/12/1981,9.5
12/12/1981,54.5
13/12/1981,45.0
14/12/1981,55.7
15/12/1981,43.0
16/12/1981,39.3
17/12/1981,14.3
18/12/1981,1.8
19/12/1981,12.5
20/12/1981,8.5
21/12/1981,1.8
22/12/1981,0.0
23/12/1981,2.5
24/12/1981,0.5
25/12/1981,0.0
26/12/1981,0.0
27/12/1981,0.0
28/12/1981,0.0
29/12/1981,0.0
30/12/1981,0.0
31/12/1981,1.0
01/01/1982,7.0
02/01/1982,4.0
03/01/1982,0.0
04/01/1982,0.5
05/01/1982,0.0
06/01/1982,0.0
07/01/1982,0.0
08/01/1982,0.0
09/01/1982,0.0
10/01/1982,0.0
11/01/1982,0.0
12/01/1982,0.0
13/01/1982,0.0
14/01/1982,12.0
15/01/1982,5.5
16/01/1982,0.0
17/01/1982,0.5
18/01/1982,0.0
19/01/1982,8.5
20/01/1982,1.0
21/01/1982,0.0
22/01/1982,0.0
23/01/1982,0.0
24/01/1982,0.0
25/01/1982,0.0
26/01/1982,0.0
27/01/1982,0.0
28/01/1982,0.0
29/01/1982,0.0
30/01/1982,1.5
31/01/1982,2.0
01/02/1982,5.0
02/02/1982,2.0
03/02/1982,0.0
04/02/1982,0.0
05/02/1982,0.0
06/02/1982,0.0
07/02/1982,0.0
08/02/1982,0.0
09/02/1982,0.0
10/02/1982,0.0
11/02/1982,0.0
12/02/1982,0.0
13/02/1982,0.0
14/02/1982,0.0
15/02/1982,0.0
16/02/1982,0.0
17/02/1982,0.0
18/02/1982,0.0
19/02/1982,0.0
20/02/1982,0.0
21/02/1982,0.0
22/02/1982,0.0
23/02/1982,0.0
24/02/1982,0.0
25/02/1982,0.0
26/02/1982,0.0
27/02/1982,0.0
28/02/1982,0.0
01/03/1982,0.0
02/03/1982,0.0
03/03/1982,0.0
04/03/1982,0.0
05/03/1982,0.0
06/03/1982,0.0
07/03/1982,0.0
08/03/1982,0.5
09/03/1982,0.5
10/03/1982,9.0
11/03/1982,0.0
12/03/1982,0.0
13/03/1982,0.0
14/03/1982,0.0
15/03/1982,0.0
16/03/1982,0.0
17/03/1982,0.5
18/03/1982,0.5
19/03/1982,0.0
20/03/1982,0.0
21/03/1982,0.0
22/03/1982,0.0
23/03/1982,0.0
24/03/1982,0.0
25/03/1982,0.0
26/03/1982,0.0
27/03/1982,0.0
28/03/1982,12.0
29/03/1982,3.3
30/03/1982,61.2
31/03/1982,30.3
01/04/1982,0.2
02/04/1982,0.5
03/04/1982,15.0
04/04/1982,0.0
05/04/1982,0.0
06/04/1982,8.5
07/04/1982,0.0
08/04/1982,7.5
09/04/1982,3.0
10/04/1982,38.1
11/04/1982,44.4
12/04/1982,5.5
13/04/1982,0.0
14/04/1982,11.3
15/04/1982,6.3
16/04/1982,4.3
17/04/1982,3.0
18/04/1982,0.5
19/04/1982,0.0
20/04/1982,5.5
21/04/1982,0.3
22/04/1982,0.2
23/04/1982,0.0
24/04/1982,35.3
25/04/1982,17.7
26/04/1982,0.0
27/04/1982,0.0
28/04/1982,0.0
29/04/1982,0.0
30/04/1982,0.0
01/05/1982,0.0
02/05/1982,0.0
03/05/1982,0.0
04/05/1982,0.0
05/05/1982,0.0
06/05/1982,0.0
07/05/1982,0.0
08/05/1982,0.0
09/05/1982,0.0
10/05/1982,19.0
11/05/1982,9.5
12/05/1982,0.0
13/05/1982,0.0
14/05/1982,0.0
15/05/1982,0.0
16/05/1982,0.0
17/05/1982,0.0
18/05/1982,0.0
19/05/1982,10.5
20/05/1982,0.0
21/05/1982,0.0
22/05/1982,68.5
23/05/1982,2.5
24/05/1982,1.0
25/05/1982,0.0
26/05/1982,5.0
27/05/1982,0.5
28/05/1982,24.0
29/05/1982,0.8
30/05/1982,10.2
31/05/1982,0.5
01/06/1982,0.0
02/06/1982,0.0
03/06/1982,0.0
04/06/1982,11.0
05/06/1982,0.5
06/06/1982,0.0
07/06/1982,0.0
08/06/1982,0.0
09/06/1982,0.0
10/06/1982,19.0
11/06/1982,0.0
12/06/1982,0.0
13/06/1982,1.5
14/06/1982,63.3
15/06/1982,31.7
16/06/1982,0.0
17/06/1982,0.0
18/06/1982,29.0
19/06/1982,16.0
20/06/1982,0.0
21/06/1982,5.3
22/06/1982,2.2
23/06/1982,0.0
24/06/1982,0.0
25/06/1982,0.0
26/06/1982,4.5
27/06/1982,0.0
28/06/1982,0.0
29/06/1982,0.0
30/06/1982,0.0
01/07/1982,0.0
02/07/1982,0.0
03/07/1982,8.5
04/07/1982,27.5
05/07/1982,0.0
06/07/1982,0.0
07/07/1982,1.5
08/07/1982,12.5
09/07/1982,0.0
10/07/1982,1.0
11/07/1982,0.0
12/07/1982,30.5
13/07/1982,0.0
14/07/1982,4.0
15/07/1982,0.0
16/07/1982,9.7
17/07/1982,1.8
18/07/1982,35.5
19/07/1982,2.0
20/07/1982,0.0
21/07/1982,0.0
22/07/1982,0.0
23/07/1982,0.0
24/07/1982,0.0
25/07/1982,0.0
26/07/1982,0.0
27/07/1982,0.0
28/07/1982,0.0
29/07/1982,0.0
30/07/1982,0.0
31/07/1982,0.0
01/08/1982,0.0
02/08/1982,8.0
03/08/1982,0.0
04/08/1982,0.0
05/08/1982,0.0
06/08/1982,0.0
07/08/1982,0.0
08/08/1982,0.0
09/08/1982,53.0
10/08/1982,0.5
11/08/1982,69.0
12/08/1982,34.5
13/08/1982,0.0
14/08/1982,0.5
15/08/1982,0.5
16/08/1982,19.5
17/08/1982,0.0
18/08/1982,0.0
19/08/1982,1.0
20/08/1982,9.0
21/08/1982,17.0
22/08/1982,7.0
23/08/1982,9.8
24/08/1982,37.2
25/08/1982,0.0
26/08/1982,0.0
27/08/1982,0.0
28/08/1982,24.2
29/08/1982,8.3
30/08/1982,1.0
31/08/1982,0.0
01/09/1982,3.0
02/09/1982,18.5
03/09/1982,0.5
04/09/1982,0.0
05/09/1982,0.0
06/09/1982,0.0
07/09/1982,5.0
08/09/1982,0.5
09/09/1982,0.0
10/09/1982,1.0
11/09/1982,0.0
12/09/1982,0.5
13/09/1982,0.0
14/09/1982,0.0
15/09/1982,7.0
16/09/1982,0.0
17/09/1982,0.0
18/09/1982,0.0
19/09/1982,0.0
20/09/1982,0.0
21/09/1982,0.0
22/09/1982,0.5
23/09/1982,0.0
24/09/1982,0.0
25/09/1982,0.0
26/09/1982,0.5
27/09/1982,0.0
28/09/1982,0.0
29/09/1982,4.0
30/09/1982,0.0
01/10/1982,0.0
02/10/1982,0.0
03/10/1982,0.0
04/10/1982,0.0
05/10/1982,0.0
06/10/1982,0.0
07/10/1982,15.0
08/10/1982,13.5
09/10/1982,1.5
10/10/1982,19.5
11/10/1982,0.5
12/10/1982,2.0
13/10/1982,16.5
14/10/1982,2.5
15/10/1982,0.0
16/10/1982,0.0
17/10/1982,7.5
18/10/1982,44.5
19/10/1982,0.5
20/10/1982,0.0
21/10/1982,0.0
22/10/1982,0.0
23/10/1982,16.5
24/10/1982,0.0
25/10/1982,4.0
26/10/1982,0.0
27/10/1982,5.5
28/10/1982,7.0
29/10/1982,0.5
30/10/1982,0.0
31/10/1982,5.0
01/11/1982,17.0
02/11/1982,12.0
03/11/1982,24.0
04/11/1982,0.0
05/11/1982,14.3
06/11/1982,10.5
07/11/1982,1.7
08/11/1982,0.0
09/11/1982,0.0
10/11/1982,5.5
11/11/1982,5.0
12/11/1982,0.5
13/11/1982,0.0
14/11/1982,0.0
15/11/1982,0.0
16/11/1982,0.0
17/11/1982,0.0
18/11/1982,0.0
19/11/1982,0.0
20/11/1982,0.0
21/11/1982,0.0
22/11/1982,1.5
23/11/1982,0.0
24/11/1982,0.0
25/11/1982,0.0
26/11/1982,18.0
27/11/1982,38.5
28/11/1982,0.0
29/11/1982,0.0
30/11/1982,1.0
01/12/1982,1.0
02/12/1982,7.0
03/12/1982,0.0
04/12/1982,0.0
05/12/1982,0.0
06/12/1982,4.5
07/12/1982,13.0
08/12/1982,37.5
09/12/1982,2.7
10/12/1982,14.3
11/12/1982,16.2
12/12/1982,4.8
13/12/1982,52.0
14/12/1982,248.5
15/12/1982,107.0
16/12/1982,37.7
17/12/1982,16.8
18/12/1982,3.0
19/12/1982,14.3
20/12/1982,16.2
21/12/1982,8.8
22/12/1982,14.8
23/12/1982,7.7
24/12/1982,32.0
25/12/1982,15.7
26/12/1982,5.0
27/12/1982,8.5
28/12/1982,0.0
29/12/1982,0.0
30/12/1982,0.0
31/12/1982,0.0
01/01/1983,0.0
02/01/1983,28.5
03/01/1983,4.0
04/01/1983,0.0
05/01/1983,0.0
06/01/1983,6.0
07/01/1983,7.0
08/01/1983,0.0
09/01/1983,11.5
10/01/1983,2.0
11/01/1983,5.5
12/01/1983,1.5
13/01/1983,2.5
14/01/1983,8.0
15/01/1983,11.5
16/01/1983,1.0
17/01/1983,0.0
18/01/1983,7.5
19/01/1983,0.0
20/01/1983,0.5
21/01/1983,4.5
22/01/1983,10.5
23/01/1983,3.5
24/01/1983,0.0
25/01/1983,0.5
26/01/1983,0.0
27/01/1983,0.0
28/01/1983,0.0
29/01/1983,0.0
30/01/1983,0.0
31/01/1983,0.0
01/02/1983,0.0
02/02/1983,0.0
03/02/1983,0.0
04/02/1983,0.0
05/02/1983,0.0
06/02/1983,0.0
07/02/1983,0.0
08/02/1983,0.0
09/02/1983,0.0
10/02/1983,0.5
11/02/1983,0.0
12/02/1983,0.0
13/02/1983,0.0
14/02/1983,1.0
15/02/1983,0.0
16/02/1983,0.0
17/02/1983,0.0
18/02/1983,0.0
19/02/1983,0.0
20/02/1983,0.0
21/02/1983,0.0
22/02/1983,0.0
23/02/1983,0.0
24/02/1983,0.0
25/02/1983,0.0
26/02/1983,23.0
27/02/1983,0.0
28/02/1983,0.0
01/03/1983,0.0
02/03/1983,0.0
03/03/1983,0.0
04/03/1983,0.0
05/03/1983,0.0
06/03/1983,0.0
07/03/1983,37.5
08/03/1983,0.0
09/03/1983,0.0
10/03/1983,0.0
11/03/1983,0.0
12/03/1983,0.0
13/03/1983,0.0
14/03/1983,0.0
15/03/1983,0.0
16/03/1983,0.0
17/03/1983,0.0
18/03/1983,0.0
19/03/1983,1.5
20/03/1983,0.0
21/03/1983,0.0
22/03/1983,0.0
23/03/1983,0.0
24/03/1983,0.0
25/03/1983,0.0
26/03/1983,0.0
27/03/1983,0.0
28/03/1983,0.0
29/03/1983,0.0
30/03/1983,0.0
31/03/1983,0.0
01/04/1983,0.0
02/04/1983,0.0
03/04/1983,0.0
04/04/1983,0.0
05/04/1983,0.0
06/04/1983,0.0
07/04/1983,0.0
08/04/1983,0.0
09/04/1983,0.0
10/04/1983,0.0
11/04/1983,0.0
12/04/1983,0.0
13/04/1983,0.0
14/04/1983,0.0
15/04/1983,0.0
16/04/1983,0.0
17/04/1983,0.0
18/04/1983,0.0
19/04/1983,0.0
20/04/1983,0.0
21/04/1983,0.0
22/04/1983,0.0
23/04/1983,0.0
24/04/1983,0.0
25/04/1983,0.0
26/04/1983,0.0
27/04/1983,0.0
28/04/1983,0.0
29/04/1983,1.0
30/04/1983,0.0
01/05/1983,30.5
02/05/1983,0.0
03/05/1983,0.0
04/05/1983,2.0
05/05/1983,5.5
06/05/1983,0.0
07/05/1983,0.0
08/05/1983,0.0
09/05/1983,0.0
10/05/1983,0.0
11/05/1983,1.0
12/05/1983,0.0
13/05/1983,20.0
14/05/1983,0.0
15/05/1983,0.0
16/05/1983,0.0
17/05/1983,7.0
18/05/1983,8.0
19/05/1983,0.0
20/05/1983,0.0
21/05/1983,0.0
22/05/1983,0.0
23/05/1983,9.5
24/05/1983,1.6
25/05/1983,2.9
26/05/1983,13.5
27/05/1983,0.0
28/05/1983,0.0
29/05/1983,36.0
30/05/1983,0.0
31/05/1983,0.0
01/06/1983,0.0
02/06/1983,0.0
03/06/1983,0.0
04/06/1983,0.0
05/06/1983,1.5
06/06/1983,7.5
07/06/1983,0.0
08/06/1983,0.0
09/06/1983,0.0
10/06/1983,0.0
11/06/1983,0.0
12/06/1983,0.0
13/06/1983,10.5
14/06/1983,0.5
15/06/1983,4.0
16/06/1983,0.0
17/06/1983,0.0
18/06/1983,2.0
19/06/1983,0.0
20/06/1983,0.0
21/06/1983,50.5
22/06/1983,0.0
23/06/1983,7.5
24/06/1983,0.0
25/06/1983,0.0
26/06/1983,0.0
27/06/1983,0.0
28/06/1983,0.0
29/06/1983,0.0
30/06/1983,0.0
01/07/1983,0.0
02/07/1983,0.0
03/07/1983,0.5
04/07/1983,1.0
05/07/1983,0.0
06/07/1983,0.9
07/07/1983,10.6
08/07/1983,0.0
09/07/1983,0.0
10/07/1983,0.0
11/07/1983,0.0
12/07/1983,0.0
13/07/1983,0.0
14/07/1983,2.3
15/07/1983,10.7
16/07/1983,0.5
17/07/1983,0.0
18/07/1983,0.0
19/07/1983,0.0
20/07/1983,0.5
21/07/1983,0.0
22/07/1983,0.0
23/07/1983,0.5
24/07/1983,0.0
25/07/1983,0.0
26/07/1983,8.5
27/07/1983,0.0
28/07/1983,5.5
29/07/1983,0.0
30/07/1983,13.5
31/07/1983,0.0
01/08/1983,46.5
02/08/1983,4.5
03/08/1983,0.5
04/08/1983,3.5
05/08/1983,19.5
06/08/1983,4.5
07/08/1983,1.5
08/08/1983,20.0
09/08/1983,9.7
10/08/1983,4.8
11/08/1983,3.5
12/08/1983,0.0
13/08/1983,0.0
14/08/1983,0.0
15/08/1983,0.0
16/08/1983,0.0
17/08/1983,0.0
18/08/1983,1.5
19/08/1983,0.0
20/08/1983,0.0
21/08/1983,0.0
22/08/1983,0.0
23/08/1983,0.0
24/08/1983,0.0
25/08/1983,0.0
26/08/1983,0.0
27/08/1983,0.0
28/08/1983,0.0
29/08/1983,1.5
30/08/1983,0.0
31/08/1983,3.0
01/09/1983,0.0
02/09/1983,0.0
03/09/1983,0.0
04/09/1983,0.0
05/09/1983,0.0
06/09/1983,0.0
07/09/1983,0.0
08/09/1983,0.0
09/09/1983,0.0
10/09/1983,15.5
11/09/1983,2.0
12/09/1983,2.0
13/09/1983,1.0
14/09/1983,0.0
15/09/1983,0.5
16/09/1983,19.5
17/09/1983,0.0
18/09/1983,2.5
19/09/1983,0.0
20/09/1983,0.0
21/09/1983,16.5
22/09/1983,5.0
23/09/1983,0.0
24/09/1983,31.0
25/09/1983,14.8
26/09/1983,3.2
27/09/1983,0.0
28/09/1983,30.0
29/09/1983,0.5
30/09/1983,16.0
01/10/1983,50.5
02/10/1983,0.5
03/10/1983,0.0
04/10/1983,0.0
05/10/1983,51.0
06/10/1983,0.0
07/10/1983,4.5
08/10/1983,0.5
09/10/1983,0.0
10/10/1983,0.0
11/10/1983,8.0
12/10/1983,0.5
13/10/1983,11.0
14/10/1983,0.0
15/10/1983,0.0
16/10/1983,3.0
17/10/1983,30.5
18/10/1983,0.5
19/10/1983,0.0
20/10/1983,10.0
21/10/1983,10.0
22/10/1983,8.5
23/10/1983,2.0
24/10/1983,0.0
25/10/1983,2.5
26/10/1983,0.0
27/10/1983,0.0
28/10/1983,17.5
29/10/1983,0.5
30/10/1983,0.0
31/10/1983,0.0
01/11/1983,0.0
02/11/1983,10.5
03/11/1983,0.0
04/11/1983,2.0
05/11/1983,37.0
06/11/1983,46.5
07/11/1983,0.5
08/11/1983,9.0
09/11/1983,3.0
10/11/1983,4.0
11/11/1983,20.0
12/11/1983,0.0
13/11/1983,9.0
14/11/1983,0.0
15/11/1983,0.0
16/11/1983,2.0
17/11/1983,2.5
18/11/1983,0.5
19/11/1983,0.0
20/11/1983,0.0
21/11/1983,0.0
22/11/1983,0.0
23/11/1983,0.0
24/11/1983,0.0
25/11/1983,0.0
26/11/1983,23.1
27/11/1983,49.4
28/11/1983,91.5
29/11/1983,1.0
30/11/1983,0.0
01/12/1983,14.5
02/12/1983,302.7
03/12/1983,438.3
04/12/1983,201.7
05/12/1983,236.3
06/12/1983,98.3
07/12/1983,337.1
08/12/1983,41.1
09/12/1983,95.0
10/12/1983,19.0
11/12/1983,124.5
12/12/1983,174.5
13/12/1983,1.2
14/12/1983,36.3
15/12/1983,86.5
16/12/1983,5.5
17/12/1983,12.0
18/12/1983,4.0
19/12/1983,5.0
20/12/1983,21.5
21/12/1983,39.5
22/12/1983,0.5
23/12/1983,0.0
24/12/1983,0.5
25/12/1983,6.0
26/12/1983,37.0
27/12/1983,0.0
28/12/1983,0.0
29/12/1983,0.5
30/12/1983,0.0
31/12/1983,0.0
01/01/1984,3.0
02/01/1984,0.0
03/01/1984,12.0
04/01/1984,3.5
05/01/1984,8.0
06/01/1984,10.5
07/01/1984,4.5
08/01/1984,11.0
09/01/1984,13.1
10/01/1984,2.9
11/01/1984,13.5
12/01/1984,0.0
13/01/1984,0.0
14/01/1984,0.0
15/01/1984,0.0
16/01/1984,0.0
17/01/1984,3.5
18/01/1984,74.0
19/01/1984,0.0
20/01/1984,0.0
21/01/1984,0.0
22/01/1984,0.0
23/01/1984,54.0
24/01/1984,4.0
25/01/1984,5.5
26/01/1984,12.5
27/01/1984,29.0
28/01/1984,10.0
29/01/1984,16.0
30/01/1984,112.5
31/01/1984,10.5
01/02/1984,1.5
02/02/1984,6.5
03/02/1984,10.0
04/02/1984,6.5
05/02/1984,4.0
06/02/1984,4.5
07/02/1984,7.5
08/02/1984,9.0
09/02/1984,52.9
10/02/1984,16.1
11/02/1984,0.5
12/02/1984,1.5
13/02/1984,0.0
14/02/1984,0.0
15/02/1984,14.0
16/02/1984,0.5
17/02/1984,0.0
18/02/1984,4.0
19/02/1984,172.0
20/02/1984,2.5
21/02/1984,0.0
22/02/1984,0.0
23/02/1984,0.0
24/02/1984,0.0
25/02/1984,0.0
26/02/1984,18.5
27/02/1984,49.0
28/02/1984,2.0
29/02/1984,0.5
01/03/1984,2.5
02/03/1984,4.5
03/03/1984,22.0
04/03/1984,0.5
05/03/1984,0.0
06/03/1984,0.0
07/03/1984,0.0
08/03/1984,0.0
09/03/1984,0.0
10/03/1984,0.0
11/03/1984,0.0
12/03/1984,0.0
13/03/1984,0.0
14/03/1984,0.0
15/03/1984,0.0
16/03/1984,0.0
17/03/1984,0.0
18/03/1984,0.0
19/03/1984,3.0
20/03/1984,0.5
21/03/1984,0.0
22/03/1984,1.0
23/03/1984,47.5
24/03/1984,8.0
25/03/1984,18.1
26/03/1984,9.9
27/03/1984,1.5
28/03/1984,0.0
29/03/1984,0.0
30/03/1984,15.5
31/03/1984,0.0
01/04/1984,2.0
02/04/1984,0.0
03/04/1984,0.0
04/04/1984,0.0
05/04/1984,0.0
06/04/1984,0.0
07/04/1984,0.0
08/04/1984,18.0
09/04/1984,2.5
10/04/1984,24.0
11/04/1984,0.0
12/04/1984,0.0
13/04/1984,35.5
14/04/1984,0.5
15/04/1984,0.0
16/04/1984,5.5
17/04/1984,9.0
18/04/1984,0.0
19/04/1984,40.5
20/04/1984,0.0
21/04/1984,55.5
22/04/1984,26.0
23/04/1984,1.5
24/04/1984,0.0
25/04/1984,0.0
26/04/1984,0.0
27/04/1984,0.0
28/04/1984,4.5
29/04/1984,0.0
30/04/1984,3.5
01/05/1984,0.0
02/05/1984,0.0
03/05/1984,0.0
04/05/1984,15.0
05/05/1984,0.0
06/05/1984,0.0
07/05/1984,0.0
08/05/1984,1.0
09/05/1984,0.8
10/05/1984,5.2
11/05/1984,2.8
12/05/1984,0.2
13/05/1984,13.5
14/05/1984,0.0
15/05/1984,0.0
16/05/1984,0.0
17/05/1984,3.5
18/05/1984,0.0
19/05/1984,10.0
20/05/1984,0.0
21/05/1984,0.0
22/05/1984,0.0
23/05/1984,0.0
24/05/1984,0.0
25/05/1984,0.0
26/05/1984,0.0
27/05/1984,0.0
28/05/1984,0.0
12/06/1984,46.0
13/06/1984,0.0
14/06/1984,0.0
15/06/1984,0.0
16/06/1984,0.0
17/06/1984,0.0
18/06/1984,3.0
19/06/1984,1.5
20/06/1984,0.0
21/06/1984,0.0
22/06/1984,0.0
23/06/1984,0.0
24/06/1984,0.5
25/06/1984,0.0
26/06/1984,0.0
27/06/1984,0.0
28/06/1984,0.5
29/06/1984,0.5
30/06/1984,0.5
01/07/1984,4.5
02/07/1984,0.5
03/07/1984,5.0
04/07/1984,0.5
05/07/1984,0.0
06/07/1984,0.0
07/07/1984,0.0
08/07/1984,0.0
09/07/1984,0.0
10/07/1984,0.0
11/07/1984,0.0
12/07/1984,0.0
13/07/1984,0.0
14/07/1984,0.0
15/07/1984,1.0
16/07/1984,3.5
17/07/1984,19.0
18/07/1984,0.0
19/07/1984,0.0
20/07/1984,0.0
21/07/1984,0.0
22/07/1984,0.0
23/07/1984,21.5
24/07/1984,20.0
25/07/1984,4.0
26/07/1984,0.0
27/07/1984,0.0
28/07/1984,0.0
29/07/1984,1.0
30/07/1984,1.0
31/07/1984,0.0
01/08/1984,0.0
02/08/1984,0.0
03/08/1984,0.0
04/08/1984,18.0
05/08/1984,1.0
06/08/1984,1.0
07/08/1984,0.0
08/08/1984,0.0
09/08/1984,0.0
10/08/1984,0.0
11/08/1984,7.5
12/08/1984,0.5
13/08/1984,0.0
14/08/1984,0.0
15/08/1984,0.0
16/08/1984,0.0
17/08/1984,8.5
18/08/1984,0.5
19/08/1984,13.5
20/08/1984,0.0
21/08/1984,39.5
22/08/1984,0.0
23/08/1984,2.0
24/08/1984,1.0
25/08/1984,15.0
26/08/1984,0.0
27/08/1984,0.0
28/08/1984,8.0
29/08/1984,0.0
30/08/1984,2.0
31/08/1984,14.5
01/09/1984,7.0
02/09/1984,5.5
03/09/1984,19.0
04/09/1984,15.1
05/09/1984,14.4
06/09/1984,0.0
07/09/1984,0.0
08/09/1984,7.5
09/09/1984,1.5
10/09/1984,2.5
11/09/1984,1.0
12/09/1984,0.5
13/09/1984,1.0
14/09/1984,2.0
15/09/1984,1.0
16/09/1984,1.0
17/09/1984,2.5
18/09/1984,0.0
19/09/1984,0.5
20/09/1984,0.0
21/09/1984,0.0
22/09/1984,10.0
23/09/1984,0.5
24/09/1984,2.5
25/09/1984,0.5
26/09/1984,47.5
27/09/1984,56.0
28/09/1984,13.5
29/09/1984,24.5
30/09/1984,5.0
01/10/1984,0.0
02/10/1984,5.0
03/10/1984,2.0
04/10/1984,0.0
05/10/1984,0.0
06/10/1984,0.0
07/10/1984,45.0
08/10/1984,4.0
09/10/1984,5.9
10/10/1984,5.9
11/10/1984,5.9
12/10/1984,5.9
13/10/1984,5.9
14/10/1984,5.9
15/10/1984,2.0
16/10/1984,2.5
17/10/1984,0.0
18/10/1984,0.0
19/10/1984,0.0
20/10/1984,0.5
21/10/1984,3.0
22/10/1984,17.0
23/10/1984,2.5
24/10/1984,33.0
25/10/1984,50.2
26/10/1984,1.8
27/10/1984,13.5
28/10/1984,7.5
29/10/1984,3.5
30/10/1984,1.5
31/10/1984,0.0
01/11/1984,0.0
02/11/1984,0.0
03/11/1984,10.0
04/11/1984,0.0
05/11/1984,0.5
06/11/1984,0.0
07/11/1984,0.0
08/11/1984,0.0
09/11/1984,0.0
10/11/1984,0.0
11/11/1984,8.5
12/11/1984,0.0
13/11/1984,0.0
14/11/1984,0.0
15/11/1984,82.5
16/11/1984,15.0
17/11/1984,4.5
18/11/1984,0.0
19/11/1984,0.5
20/11/1984,49.5
21/11/1984,42.0
22/11/1984,0.5
23/11/1984,1.5
24/11/1984,11.4
25/11/1984,77.1
26/11/1984,0.0
27/11/1984,0.0
28/11/1984,0.0
29/11/1984,2.0
30/11/1984,2.0
01/12/1984,24.1
02/12/1984,39.9
03/12/1984,192.6
04/12/1984,52.4
05/12/1984,0.0
06/12/1984,40.1
07/12/1984,58.4
08/12/1984,8.7
09/12/1984,0.8
10/12/1984,1.0
11/12/1984,0.0
12/12/1984,0.5
13/12/1984,0.0
14/12/1984,0.0
15/12/1984,0.0
16/12/1984,1.0
17/12/1984,20.5
18/12/1984,0.0
19/12/1984,0.0
20/12/1984,1.0
21/12/1984,99.5
22/12/1984,108.2
23/12/1984,384.0
24/12/1984,21.4
25/12/1984,2.5
26/12/1984,4.0
27/12/1984,3.5
28/12/1984,23.0
29/12/1984,0.5
30/12/1984,0.0
31/12/1984,2.0
01/01/1985,8.5
02/01/1985,9.5
03/01/1985,0.5
04/01/1985,0.0
05/01/1985,0.0
06/01/1985,0.0
07/01/1985,0.0
08/01/1985,0.0
09/01/1985,0.0
10/01/1985,0.0
11/01/1985,0.0
12/01/1985,0.0
13/01/1985,0.0
14/01/1985,0.0
15/01/1985,0.0
16/01/1985,0.0
17/01/1985,0.0
18/01/1985,0.5
19/01/1985,2.5
20/01/1985,0.0
21/01/1985,0.0
22/01/1985,0.0
23/01/1985,0.0
24/01/1985,28.0
25/01/1985,0.5
26/01/1985,0.5
27/01/1985,2.5
28/01/1985,0.5
29/01/1985,0.0
30/01/1985,23.5
31/01/1985,5.0
01/02/1985,11.5
02/02/1985,26.0
03/02/1985,4.0
04/02/1985,2.5
05/02/1985,0.0
06/02/1985,0.0
07/02/1985,0.0
08/02/1985,0.0
09/02/1985,0.0
10/02/1985,4.5
11/02/1985,0.5
12/02/1985,7.5
13/02/1985,0.0
14/02/1985,0.0
15/02/1985,0.0
16/02/1985,0.0
17/02/1985,10.5
18/02/1985,0.5
19/02/1985,0.0
20/02/1985,0.0
21/02/1985,0.0
22/02/1985,0.0
23/02/1985,171.5
24/02/1985,25.9
25/02/1985,25.6
26/02/1985,5.0
27/02/1985,0.0
28/02/1985,3.5
01/03/1985,0.5
02/03/1985,5.5
03/03/1985,5.5
04/03/1985,0.5
05/03/1985,3.0
06/03/1985,11.5
07/03/1985,46.0
08/03/1985,60.0
09/03/1985,17.5
10/03/1985,4.0
11/03/1985,6.5
12/03/1985,3.5
13/03/1985,31.0
14/03/1985,49.0
15/03/1985,89.6
16/03/1985,24.9
17/03/1985,0.0
18/03/1985,1.1
19/03/1985,1.6
20/03/1985,1.6
21/03/1985,1.6
22/03/1985,1.6
23/03/1985,1.6
24/03/1985,1.6
25/03/1985,1.6
26/03/1985,1.6
27/03/1985,1.6
28/03/1985,1.6
29/03/1985,1.6
30/03/1985,1.6
31/03/1985,1.6
01/04/1985,1.3
02/04/1985,1.2
03/04/1985,1.2
04/04/1985,1.2
05/04/1985,1.2
06/04/1985,1.2
07/04/1985,1.2
08/04/1985,1.2
09/04/1985,1.2
10/04/1985,1.2
11/04/1985,1.2
12/04/1985,1.2
13/04/1985,1.2
14/04/1985,0.4
15/04/1985,0.0
16/04/1985,0.5
17/04/1985,0.0
18/04/1985,0.0
19/04/1985,2.5
20/04/1985,1.5
21/04/1985,22.0
22/04/1985,49.5
23/04/1985,0.5
24/04/1985,0.0
25/04/1985,50.7
26/04/1985,1.3
27/04/1985,0.5
28/04/1985,9.5
29/04/1985,0.0
30/04/1985,0.0
01/05/1985,24.4
02/05/1985,1.6
03/05/1985,0.0
04/05/1985,0.0
05/05/1985,0.0
06/05/1985,0.0
07/05/1985,0.0
08/05/1985,0.0
09/05/1985,0.0
10/05/1985,0.0
11/05/1985,5.0
12/05/1985,0.0
13/05/1985,7.3
14/05/1985,10.9
15/05/1985,10.9
16/05/1985,10.9
17/05/1985,10.9
18/05/1985,10.9
19/05/1985,10.9
20/05/1985,10.9
21/05/1985,10.9
22/05/1985,10.9
23/05/1985,10.9
24/05/1985,10.9
25/05/1985,10.9
26/05/1985,10.9
27/05/1985,10.9
28/05/1985,10.9
29/05/1985,10.9
30/05/1985,12.6
31/05/1985,11.1
01/06/1985,72.4
02/06/1985,0.0
03/06/1985,0.0
04/06/1985,35.5
05/06/1985,1.0
06/06/1985,0.0
07/06/1985,0.0
08/06/1985,3.0
09/06/1985,0.0
10/06/1985,0.0
11/06/1985,0.0
12/06/1985,0.0
13/06/1985,11.5
14/06/1985,10.5
15/06/1985,1.7
16/06/1985,11.3
17/06/1985,0.0
18/06/1985,0.0
19/06/1985,0.0
20/06/1985,0.0
21/06/1985,0.0
22/06/1985,0.0
23/06/1985,0.0
24/06/1985,0.0
25/06/1985,0.0
26/06/1985,0.0
27/06/1985,0.0
28/06/1985,0.0
29/06/1985,0.0
30/06/1985,0.0
01/07/1985,1.0
02/07/1985,0.0
03/07/1985,0.0
04/07/1985,0.0
05/07/1985,0.0
06/07/1985,0.0
07/07/1985,0.0
08/07/1985,0.0
09/07/1985,1.5
10/07/1985,5.8
11/07/1985,10.2
12/07/1985,44.5
13/07/1985,0.5
14/07/1985,0.0
15/07/1985,0.0
16/07/1985,0.0
17/07/1985,0.0
18/07/1985,0.0
19/07/1985,55.0
20/07/1985,23.0
21/07/1985,0.0
22/07/1985,5.0
23/07/1985,0.0
24/07/1985,0.0
25/07/1985,0.0
26/07/1985,10.0
27/07/1985,3.5
28/07/1985,0.0
29/07/1985,0.3
30/07/1985,4.2
31/07/1985,0.0
01/08/1985,0.0
02/08/1985,0.5
03/08/1985,0.0
04/08/1985,0.0
05/08/1985,0.0
06/08/1985,0.0
07/08/1985,0.0
08/08/1985,0.0
09/08/1985,0.0
10/08/1985,0.0
11/08/1985,0.0
12/08/1985,0.0
13/08/1985,0.0
14/08/1985,0.0
15/08/1985,0.0
16/08/1985,0.0
17/08/1985,4.5
18/08/1985,0.0
19/08/1985,0.0
20/08/1985,17.0
21/08/1985,0.0
22/08/1985,0.0
23/08/1985,0.0
24/08/1985,4.5
25/08/1985,0.0
26/08/1985,0.0
27/08/1985,0.0
28/08/1985,6.0
29/08/1985,0.0
30/08/1985,0.0
31/08/1985,8.5
01/09/1985,0.0
02/09/1985,36.0
03/09/1985,0.0
04/09/1985,7.0
05/09/1985,0.0
06/09/1985,0.0
07/09/1985,0.0
08/09/1985,29.0
09/09/1985,20.0
10/09/1985,13.0
11/09/1985,17.7
12/09/1985,11.8
13/09/1985,0.5
14/09/1985,8.5
15/09/1985,0.0
16/09/1985,0.0
17/09/1985,6.0
18/09/1985,17.5
19/09/1985,2.0
20/09/1985,52.5
21/09/1985,0.0
22/09/1985,0.0
23/09/1985,0.0
24/09/1985,1.5
25/09/1985,1.5
26/09/1985,0.0
27/09/1985,0.0
28/09/1985,15.1
29/09/1985,9.4
30/09/1985,1.0
01/10/1985,0.0
02/10/1985,30.0
03/10/1985,4.0
04/10/1985,2.5
05/10/1985,17.1
06/10/1985,30.4
07/10/1985,0.0
08/10/1985,0.0
09/10/1985,1.0
10/10/1985,19.0
11/10/1985,4.0
12/10/1985,0.0
13/10/1985,0.0
14/10/1985,0.0
15/10/1985,4.5
16/10/1985,0.0
17/10/1985,0.0
18/10/1985,0.0
19/10/1985,0.0
20/10/1985,45.0
21/10/1985,0.0
22/10/1985,0.0
23/10/1985,1.5
24/10/1985,0.0
25/10/1985,0.0
26/10/1985,0.0
27/10/1985,0.0
28/10/1985,0.0
29/10/1985,0.0
30/10/1985,0.0
31/10/1985,0.0
01/11/1985,13.0
02/11/1985,11.8
03/11/1985,18.2
04/11/1985,1.5
05/11/1985,1.0
06/11/1985,0.0
07/11/1985,0.0
08/11/1985,0.0
09/11/1985,4.0
10/11/1985,0.5
11/11/1985,1.0
12/11/1985,1.0
13/11/1985,0.0
14/11/1985,0.0
15/11/1985,4.5
16/11/1985,9.5
17/11/1985,12.0
18/11/1985,0.5
19/11/1985,20.5
20/11/1985,29.5
21/11/1985,7.5
22/11/1985,0.5
23/11/1985,0.0
24/11/1985,0.0
25/11/1985,11.5
26/11/1985,0.5
27/11/1985,5.5
28/11/1985,0.0
29/11/1985,26.0
30/11/1985,7.5
01/12/1985,58.0
02/12/1985,29.5
03/12/1985,89.0
04/12/1985,22.5
05/12/1985,2.0
06/12/1985,0.0
07/12/1985,5.0
08/12/1985,0.5
09/12/1985,4.5
10/12/1985,4.5
11/12/1985,0.0
12/12/1985,1.5
13/12/1985,39.0
14/12/1985,112.0
15/12/1985,1.0
16/12/1985,0.0
17/12/1985,0.0
18/12/1985,0.0
19/12/1985,0.0
20/12/1985,0.0
21/12/1985,0.0
22/12/1985,48.3
23/12/1985,115.2
24/12/1985,0.0
25/12/1985,10.0
26/12/1985,0.0
27/12/1985,1.0
28/12/1985,0.0
29/12/1985,0.0
30/12/1985,0.0
31/12/1985,0.0
01/01/1986,1.0
02/01/1986,7.0
03/01/1986,10.5
04/01/1986,18.5
05/01/1986,8.5
06/01/1986,10.0
07/01/1986,4.4
08/01/1986,24.5
09/01/1986,6.1
10/01/1986,5.0
11/01/1986,2.5
12/01/1986,1.5
13/01/1986,0.0
14/01/1986,0.0
15/01/1986,0.0
16/01/1986,0.0
17/01/1986,0.0
18/01/1986,0.0
19/01/1986,0.5
20/01/1986,0.0
21/01/1986,0.0
22/01/1986,0.0
23/01/1986,0.0
24/01/1986,0.0
25/01/1986,0.0
26/01/1986,0.0
27/01/1986,0.0
28/01/1986,0.0
29/01/1986,0.0
30/01/1986,0.0
31/01/1986,0.0
01/02/1986,0.0
02/02/1986,0.0
03/02/1986,0.0
04/02/1986,0.0
05/02/1986,0.0
06/02/1986,0.0
07/02/1986,0.0
08/02/1986,1.5
09/02/1986,0.0
10/02/1986,0.0
11/02/1986,0.0
12/02/1986,0.0
13/02/1986,0.0
14/02/1986,0.0
15/02/1986,0.0
16/02/1986,0.0
17/02/1986,0.0
18/02/1986,0.0
19/02/1986,0.0
20/02/1986,0.0
21/02/1986,0.0
22/02/1986,0.0
23/02/1986,0.0
24/02/1986,0.0
25/02/1986,0.0
26/02/1986,0.0
27/02/1986,0.0
28/02/1986,0.0
01/03/1986,6.5
02/03/1986,21.0
03/03/1986,6.0
04/03/1986,6.5
05/03/1986,6.0
06/03/1986,24.5
07/03/1986,5.5
08/03/1986,6.5
09/03/1986,1.0
10/03/1986,0.0
11/03/1986,0.0
12/03/1986,0.0
13/03/1986,0.0
14/03/1986,0.0
15/03/1986,0.0
16/03/1986,0.0
17/03/1986,0.0
18/03/1986,0.0
19/03/1986,0.0
20/03/1986,0.0
21/03/1986,0.0
22/03/1986,0.0
23/03/1986,0.0
24/03/1986,0.0
25/03/1986,0.0
26/03/1986,0.0
27/03/1986,0.0
28/03/1986,0.0
29/03/1986,0.0
30/03/1986,0.0
31/03/1986,0.0
01/04/1986,0.0
02/04/1986,7.5
03/04/1986,0.0
04/04/1986,0.0
05/04/1986,0.0
06/04/1986,0.0
07/04/1986,0.0
08/04/1986,0.0
09/04/1986,0.0
10/04/1986,0.0
11/04/1986,0.0
12/04/1986,0.0
13/04/1986,1.0
14/04/1986,0.0
15/04/1986,0.0
16/04/1986,3.0
17/04/1986,8.5
18/04/1986,8.0
19/04/1986,0.0
20/04/1986,1.5
21/04/1986,0.0
22/04/1986,0.0
23/04/1986,0.0
24/04/1986,14.0
25/04/1986,0.0
26/04/1986,0.0
27/04/1986,0.0
28/04/1986,0.0
29/04/1986,6.5
30/04/1986,2.0
01/05/1986,0.0
02/05/1986,0.0
03/05/1986,0.0
04/05/1986,0.0
05/05/1986,0.0
06/05/1986,0.0
07/05/1986,31.5
08/05/1986,5.0
09/05/1986,0.0
10/05/1986,0.0
11/05/1986,0.0
12/05/1986,1.6
13/05/1986,2.4
14/05/1986,2.4
15/05/1986,2.4
16/05/1986,2.4
17/05/1986,2.4
18/05/1986,2.4
19/05/1986,0.8
20/05/1986,0.0
21/05/1986,0.0
22/05/1986,0.0
23/05/1986,0.0
24/05/1986,4.5
25/05/1986,1.0
26/05/1986,1.0
27/05/1986,0.0
28/05/1986,0.0
29/05/1986,0.0
30/05/1986,0.0
31/05/1986,7.0
01/06/1986,0.0
02/06/1986,0.0
03/06/1986,0.0
04/06/1986,0.0
05/06/1986,47.0
06/06/1986,0.0
07/06/1986,0.0
08/06/1986,0.0
09/06/1986,0.0
10/06/1986,0.0
11/06/1986,1.5
12/06/1986,0.0
13/06/1986,0.0
14/06/1986,0.0
15/06/1986,0.0
16/06/1986,0.0
17/06/1986,11.4
18/06/1986,13.6
19/06/1986,0.0
20/06/1986,0.0
21/06/1986,0.0
22/06/1986,0.0
23/06/1986,0.0
24/06/1986,0.0
25/06/1986,0.0
26/06/1986,11.0
27/06/1986,0.0
28/06/1986,43.0
29/06/1986,0.0
30/06/1986,0.0
01/07/1986,0.0
02/07/1986,0.0
03/07/1986,60.0
04/07/1986,0.0
05/07/1986,0.0
06/07/1986,4.0
07/07/1986,0.0
08/07/1986,9.0
09/07/1986,0.0
10/07/1986,24.2
11/07/1986,8.3
12/07/1986,0.0
13/07/1986,1.0
14/07/1986,5.0
15/07/1986,0.5
16/07/1986,0.0
17/07/1986,0.0
18/07/1986,0.0
19/07/1986,0.0
20/07/1986,0.0
21/07/1986,0.0
22/07/1986,0.0
23/07/1986,0.0
24/07/1986,0.0
25/07/1986,0.0
26/07/1986,0.0
27/07/1986,0.0
28/07/1986,0.0
29/07/1986,0.0
30/07/1986,0.0
31/07/1986,2.0
01/08/1986,1.0
02/08/1986,0.5
03/08/1986,0.0
04/08/1986,0.0
05/08/1986,0.0
06/08/1986,0.0
07/08/1986,0.0
08/08/1986,0.0
09/08/1986,0.0
10/08/1986,0.0
11/08/1986,0.0
12/08/1986,0.0
13/08/1986,0.0
14/08/1986,0.1
15/08/1986,5.9
16/08/1986,0.0
17/08/1986,0.0
18/08/1986,0.0
19/08/1986,0.0
20/08/1986,0.0
21/08/1986,0.0
22/08/1986,14.0
23/08/1986,1.5
24/08/1986,4.5
25/08/1986,7.0
26/08/1986,25.3
27/08/1986,31.7
28/08/1986,0.0
29/08/1986,0.0
30/08/1986,1.5
31/08/1986,0.0
01/09/1986,0.0
02/09/1986,0.0
03/09/1986,0.0
04/09/1986,0.0
05/09/1986,0.0
06/09/1986,1.0
07/09/1986,0.0
08/09/1986,24.5
09/09/1986,8.0
10/09/1986,4.0
11/09/1986,9.0
12/09/1986,0.0
13/09/1986,1.0
14/09/1986,0.0
15/09/1986,1.5
16/09/1986,17.5
17/09/1986,0.0
18/09/1986,1.5
19/09/1986,19.0
20/09/1986,1.5
21/09/1986,16.5
22/09/1986,0.5
23/09/1986,14.0
24/09/1986,0.0
25/09/1986,0.0
26/09/1986,6.0
27/09/1986,1.0
28/09/1986,5.0
29/09/1986,0.0
30/09/1986,0.0
01/10/1986,0.0
02/10/1986,0.0
03/10/1986,0.0
04/10/1986,1.0
05/10/1986,5.0
06/10/1986,21.0
07/10/1986,12.0
08/10/1986,33.6
09/10/1986,25.4
10/10/1986,0.0
11/10/1986,0.0
12/10/1986,0.0
13/10/1986,0.5
14/10/1986,0.0
15/10/1986,0.0
16/10/1986,42.5
17/10/1986,0.0
18/10/1986,3.0
19/10/1986,15.0
20/10/1986,0.0
21/10/1986,0.0
22/10/1986,0.0
23/10/1986,0.0
24/10/1986,0.0
25/10/1986,0.0
26/10/1986,0.0
16/11/1986,96.4
17/11/1986,7.1
18/11/1986,0.0
19/11/1986,0.0
20/11/1986,0.0
21/11/1986,0.0
22/11/1986,0.0
23/11/1986,0.0
24/11/1986,0.0
25/11/1986,0.0
26/11/1986,0.0
27/11/1986,0.0
28/11/1986,14.0
29/11/1986,10.5
30/11/1986,41.5
01/12/1986,0.0
02/12/1986,0.0
03/12/1986,0.0
04/12/1986,0.0
05/12/1986,0.0
06/12/1986,0.0
07/12/1986,0.0
08/12/1986,0.0
20/12/1986,1.0
21/12/1986,4.0
22/12/1986,0.5
23/12/1986,0.0
24/12/1986,0.5
25/12/1986,4.5
26/12/1986,1.0
27/12/1986,6.5
06/01/1987,34.7
07/01/1987,7.8
08/01/1987,29.0
09/01/1987,1.8
10/01/1987,3.2
11/01/1987,41.5
12/01/1987,14.0
13/01/1987,10.3
14/01/1987,2.7
15/01/1987,0.0
16/01/1987,2.0
17/01/1987,0.0
18/01/1987,0.0
19/01/1987,0.0
20/01/1987,0.0
21/01/1987,1.5
22/01/1987,0.5
23/01/1987,0.0
24/01/1987,22.0
25/01/1987,50.0
26/01/1987,4.5
27/01/1987,2.2
28/01/1987,10.8
29/01/1987,15.5
30/01/1987,0.0
31/01/1987,0.0
01/02/1987,0.0
02/02/1987,0.0
03/02/1987,2.0
04/02/1987,2.0
05/02/1987,0.0
06/02/1987,0.0
07/02/1987,0.0
08/02/1987,0.0
09/02/1987,0.0
10/02/1987,0.0
11/02/1987,0.0
12/02/1987,0.0
13/02/1987,0.0
14/02/1987,0.0
15/02/1987,0.0
16/02/1987,0.0
17/02/1987,0.0
18/02/1987,0.0
19/02/1987,0.0
20/02/1987,0.0
21/02/1987,0.0
22/02/1987,0.0
23/02/1987,0.0
24/02/1987,0.0
25/02/1987,0.0
26/02/1987,0.0
27/02/1987,0.0
28/02/1987,0.0
01/03/1987,2.0
02/03/1987,8.5
03/03/1987,0.0
04/03/1987,0.0
05/03/1987,12.5
06/03/1987,6.0
07/03/1987,12.5
08/03/1987,0.0
09/03/1987,0.0
10/03/1987,0.0
11/03/1987,0.0
12/03/1987,0.0
13/03/1987,0.0
14/03/1987,0.0
15/03/1987,0.0
16/03/1987,0.0
17/03/1987,0.0
18/03/1987,0.0
19/03/1987,0.5
20/03/1987,3.5
21/03/1987,11.5
22/03/1987,0.0
23/03/1987,0.0
24/03/1987,0.0
25/03/1987,0.0
26/03/1987,0.0
27/03/1987,0.0
28/03/1987,10.3
29/03/1987,3.2
30/03/1987,18.2
31/03/1987,1.3
01/04/1987,5.0
02/04/1987,0.0
03/04/1987,0.5
04/04/1987,0.0
05/04/1987,0.0
06/04/1987,0.0
07/04/1987,0.0
08/04/1987,10.0
09/04/1987,0.0
10/04/1987,0.0
11/04/1987,0.0
12/04/1987,0.0
13/04/1987,0.0
14/04/1987,0.0
15/04/1987,0.0
16/04/1987,0.0
17/04/1987,0.0
18/04/1987,1.5
19/04/1987,0.5
20/04/1987,1.5
21/04/1987,9.0
22/04/1987,12.5
23/04/1987,1.0
24/04/1987,0.0
25/04/1987,0.0
26/04/1987,0.0
27/04/1987,26.5
28/04/1987,22.0
29/04/1987,9.5
30/04/1987,5.0
01/05/1987,0.0
02/05/1987,0.0
03/05/1987,34.5
04/05/1987,0.0
05/05/1987,3.5
06/05/1987,0.0
07/05/1987,1.0
08/05/1987,0.0
09/05/1987,0.5
10/05/1987,0.0
11/05/1987,0.0
12/05/1987,0.0
13/05/1987,3.5
14/05/1987,1.5
15/05/1987,0.0
16/05/1987,0.0
17/05/1987,0.0
18/05/1987,0.0
19/05/1987,16.0
20/05/1987,0.5
21/05/1987,0.0
22/05/1987,4.0
23/05/1987,0.0
24/05/1987,0.0
25/05/1987,0.0
26/05/1987,0.0
27/05/1987,0.0
28/05/1987,0.0
29/05/1987,0.5
30/05/1987,0.0
31/05/1987,0.0
01/06/1987,0.0
02/06/1987,0.0
03/06/1987,0.5
04/06/1987,0.0
05/06/1987,0.0
06/06/1987,2.0
07/06/1987,0.0
08/06/1987,14.5
09/06/1987,2.0
10/06/1987,14.0
11/06/1987,0.0
12/06/1987,58.0
13/06/1987,4.0
14/06/1987,1.5
15/06/1987,0.0
16/06/1987,0.0
17/06/1987,1.0
18/06/1987,0.0
19/06/1987,19.0
20/06/1987,1.0
21/06/1987,0.0
22/06/1987,0.0
23/06/1987,0.0
24/06/1987,0.0
25/06/1987,0.0
26/06/1987,42.0
27/06/1987,13.5
28/06/1987,0.0
29/06/1987,9.5
30/06/1987,3.5
01/07/1987,1.5
02/07/1987,0.0
03/07/1987,0.0
04/07/1987,0.0
05/07/1987,0.0
06/07/1987,0.0
07/07/1987,0.0
08/07/1987,0.0
09/07/1987,0.0
10/07/1987,14.0
11/07/1987,0.0
12/07/1987,1.5
13/07/1987,0.5
14/07/1987,0.0
15/07/1987,0.2
16/07/1987,21.0
17/07/1987,20.8
18/07/1987,11.0
19/07/1987,23.5
20/07/1987,0.0
21/07/1987,1.5
22/07/1987,0.0
23/07/1987,39.0
24/07/1987,0.0
25/07/1987,0.0
26/07/1987,0.0
27/07/1987,0.0
28/07/1987,0.0
29/07/1987,6.5
30/07/1987,0.0
31/07/1987,0.0
01/08/1987,0.0
02/08/1987,0.0
03/08/1987,1.0
04/08/1987,0.0
05/08/1987,0.0
06/08/1987,0.0
07/08/1987,0.5
08/08/1987,0.0
09/08/1987,0.0
10/08/1987,0.0
11/08/1987,0.0
12/08/1987,1.5
13/08/1987,4.0
14/08/1987,2.0
15/08/1987,0.0
16/08/1987,1.5
17/08/1987,0.0
18/08/1987,0.0
19/08/1987,0.0
20/08/1987,2.0
21/08/1987,4.0
22/08/1987,2.5
23/08/1987,0.0
24/08/1987,0.0
25/08/1987,0.0
26/08/1987,0.0
27/08/1987,0.0
28/08/1987,0.0
29/08/1987,0.0
30/08/1987,0.0
31/08/1987,10.5
01/09/1987,0.5
02/09/1987,0.0
03/09/1987,0.5
04/09/1987,12.3
05/09/1987,1.2
06/09/1987,3.7
07/09/1987,65.6
08/09/1987,28.7
09/09/1987,24.5
10/09/1987,0.0
11/09/1987,58.0
12/09/1987,6.6
13/09/1987,14.9
14/09/1987,30.0
15/09/1987,6.5
16/09/1987,1.0
17/09/1987,24.0
18/09/1987,31.0
19/09/1987,0.0
20/09/1987,3.0
21/09/1987,3.5
22/09/1987,1.5
23/09/1987,0.0
24/09/1987,12.5
25/09/1987,0.0
26/09/1987,2.2
27/09/1987,44.8
28/09/1987,0.5
29/09/1987,0.0
30/09/1987,4.0
01/10/1987,0.0
02/10/1987,0.0
03/10/1987,14.5
04/10/1987,0.5
05/10/1987,0.0
06/10/1987,4.5
07/10/1987,0.0
08/10/1987,0.0
09/10/1987,5.0
10/10/1987,8.5
11/10/1987,0.0
12/10/1987,0.0
13/10/1987,5.5
14/10/1987,7.5
15/10/1987,0.0
16/10/1987,4.5
17/10/1987,0.0
18/10/1987,0.0
19/10/1987,0.0
20/10/1987,0.0
21/10/1987,0.0
22/10/1987,1.0
23/10/1987,0.0
24/10/1987,0.0
25/10/1987,0.0
26/10/1987,0.0
27/10/1987,0.0
28/10/1987,0.0
29/10/1987,8.5
30/10/1987,0.0
31/10/1987,0.0
01/11/1987,0.0
02/11/1987,6.5
03/11/1987,26.5
04/11/1987,21.3
05/11/1987,21.7
06/11/1987,0.0
07/11/1987,0.0
08/11/1987,0.0
09/11/1987,0.0
10/11/1987,13.5
11/11/1987,1.5
12/11/1987,3.0
13/11/1987,1.0
14/11/1987,1.0
15/11/1987,0.0
16/11/1987,1.0
17/11/1987,13.5
18/11/1987,30.0
19/11/1987,1.0
20/11/1987,24.0
21/11/1987,0.0
22/11/1987,23.0
23/11/1987,0.5
24/11/1987,0.5
25/11/1987,0.0
26/11/1987,7.0
27/11/1987,0.0
28/11/1987,0.0
29/11/1987,0.5
30/11/1987,4.0
01/12/1987,28.5
02/12/1987,43.5
03/12/1987,115.5
04/12/1987,3.5
05/12/1987,13.0
06/12/1987,105.0
07/12/1987,23.3
08/12/1987,54.7
09/12/1987,6.5
10/12/1987,86.0
11/12/1987,105.3
12/12/1987,48.3
13/12/1987,29.2
14/12/1987,2.6
15/12/1987,0.0
16/12/1987,1.0
17/12/1987,36.0
18/12/1987,0.5
19/12/1987,1.5
20/12/1987,0.0
21/12/1987,0.0
22/12/1987,0.0
23/12/1987,0.0
24/12/1987,0.0
25/12/1987,0.0
26/12/1987,47.6
27/12/1987,21.4
28/12/1987,103.5
29/12/1987,24.0
30/12/1987,0.0
31/12/1987,2.5
01/01/1988,0.0
02/01/1988,0.5
03/01/1988,0.0
04/01/1988,4.5
05/01/1988,1.0
06/01/1988,2.0
07/01/1988,0.0
08/01/1988,0.0
09/01/1988,0.0
10/01/1988,8.0
11/01/1988,2.0
12/01/1988,9.0
13/01/1988,2.0
14/01/1988,11.5
15/01/1988,5.0
16/01/1988,3.0
17/01/1988,0.5
18/01/1988,0.0
19/01/1988,0.0
20/01/1988,0.0
21/01/1988,0.0
22/01/1988,0.0
23/01/1988,0.0
24/01/1988,0.0
25/01/1988,2.0
26/01/1988,2.5
27/01/1988,14.0
28/01/1988,0.0
29/01/1988,0.0
30/01/1988,10.5
31/01/1988,0.0
01/02/1988,0.0
02/02/1988,0.0
03/02/1988,0.0
04/02/1988,0.0
05/02/1988,1.8
06/02/1988,41.7
07/02/1988,0.0
08/02/1988,0.0
09/02/1988,0.0
10/02/1988,39.0
11/02/1988,0.0
12/02/1988,0.0
13/02/1988,0.0
14/02/1988,0.0
15/02/1988,3.0
16/02/1988,0.0
17/02/1988,0.0
18/02/1988,9.5
19/02/1988,3.0
20/02/1988,24.0
21/02/1988,9.5
22/02/1988,12.0
23/02/1988,0.0
24/02/1988,0.0
25/02/1988,0.0
26/02/1988,6.5
27/02/1988,1.0
28/02/1988,0.0
29/02/1988,0.0
01/03/1988,0.0
02/03/1988,0.0
03/03/1988,1.0
04/03/1988,0.0
05/03/1988,6.5
06/03/1988,17.8
07/03/1988,78.9
08/03/1988,143.8
09/03/1988,18.0
10/03/1988,0.0
11/03/1988,0.0
12/03/1988,0.0
13/03/1988,0.0
14/03/1988,0.0
15/03/1988,0.0
16/03/1988,0.0
17/03/1988,0.0
18/03/1988,0.0
19/03/1988,3.0
20/03/1988,0.5
21/03/1988,0.0
22/03/1988,6.0
23/03/1988,39.5
24/03/1988,0.0
25/03/1988,0.0
26/03/1988,0.0
27/03/1988,0.0
28/03/1988,0.0
29/03/1988,0.0
30/03/1988,0.0
31/03/1988,0.0
01/04/1988,0.0
02/04/1988,0.0
03/04/1988,0.0
04/04/1988,0.0
05/04/1988,0.0
06/04/1988,0.0
07/04/1988,0.0
08/04/1988,3.4
09/04/1988,12.1
10/04/1988,4.0
11/04/1988,109.0
12/04/1988,12.5
13/04/1988,0.5
14/04/1988,0.0
15/04/1988,0.0
16/04/1988,6.0
17/04/1988,0.0
18/04/1988,11.0
19/04/1988,0.0
20/04/1988,0.0
21/04/1988,0.0
22/04/1988,0.0
23/04/1988,0.0
24/04/1988,0.0
25/04/1988,0.5
26/04/1988,4.5
27/04/1988,0.0
28/04/1988,0.0
29/04/1988,0.0
30/04/1988,2.5
01/05/1988,29.5
02/05/1988,7.0
03/05/1988,58.0
04/05/1988,8.5
05/05/1988,2.5
06/05/1988,0.0
07/05/1988,0.0
08/05/1988,1.0
09/05/1988,19.5
10/05/1988,0.0
11/05/1988,0.0
12/05/1988,0.0
13/05/1988,0.0
14/05/1988,4.0
15/05/1988,1.5
16/05/1988,1.5
17/05/1988,0.0
18/05/1988,0.0
19/05/1988,1.0
20/05/1988,0.0
21/05/1988,0.0
22/05/1988,0.0
23/05/1988,0.0
24/05/1988,8.5
25/05/1988,1.0
26/05/1988,0.0
27/05/1988,0.0
28/05/1988,0.0
29/05/1988,0.0
30/05/1988,0.0
31/05/1988,0.0
01/06/1988,1.5
02/06/1988,0.5
03/06/1988,0.0
04/06/1988,0.0
05/06/1988,0.0
06/06/1988,0.0
07/06/1988,0.0
08/06/1988,0.0
09/06/1988,0.0
10/06/1988,0.0
11/06/1988,0.0
12/06/1988,0.0
13/06/1988,2.5
14/06/1988,0.5
15/06/1988,23.5
16/06/1988,7.5
17/06/1988,0.0
18/06/1988,65.5
19/06/1988,0.0
20/06/1988,0.0
21/06/1988,0.0
22/06/1988,0.0
23/06/1988,0.0
24/06/1988,29.0
25/06/1988,0.0
26/06/1988,2.5
27/06/1988,50.5
28/06/1988,3.0
29/06/1988,0.0
30/06/1988,0.0
01/07/1988,0.5
02/07/1988,0.0
03/07/1988,0.0
04/07/1988,0.0
05/07/1988,0.0
06/07/1988,16.0
07/07/1988,38.5
08/07/1988,0.0
09/07/1988,38.5
10/07/1988,9.0
11/07/1988,0.0
12/07/1988,0.0
13/07/1988,0.0
14/07/1988,0.0
15/07/1988,0.0
16/07/1988,0.5
17/07/1988,1.5
18/07/1988,8.7
19/07/1988,1.3
20/07/1988,39.1
21/07/1988,2.4
22/07/1988,4.0
23/07/1988,20.5
24/07/1988,1.5
25/07/1988,0.5
26/07/1988,15.0
27/07/1988,0.0
28/07/1988,11.0
29/07/1988,46.5
30/07/1988,0.0
31/07/1988,0.0
01/08/1988,0.0
02/08/1988,2.0
03/08/1988,0.0
04/08/1988,19.0
05/08/1988,3.0
06/08/1988,0.0
07/08/1988,1.0
08/08/1988,1.5
09/08/1988,0.0
10/08/1988,0.0
11/08/1988,0.0
12/08/1988,0.0
13/08/1988,12.0
14/08/1988,0.0
15/08/1988,26.5
16/08/1988,0.0
17/08/1988,0.0
18/08/1988,0.0
19/08/1988,0.0
20/08/1988,16.5
21/08/1988,11.5
22/08/1988,2.4
23/08/1988,0.6
24/08/1988,1.5
25/08/1988,1.5
26/08/1988,0.0
27/08/1988,7.0
28/08/1988,0.0
29/08/1988,0.0
30/08/1988,0.0
31/08/1988,10.0
01/09/1988,0.5
02/09/1988,1.2
03/09/1988,1.3
04/09/1988,0.0
05/09/1988,0.0
06/09/1988,33.5
07/09/1988,0.0
08/09/1988,0.0
09/09/1988,0.0
10/09/1988,0.0
11/09/1988,0.0
12/09/1988,0.0
13/09/1988,0.0
14/09/1988,0.0
15/09/1988,0.0
16/09/1988,2.0
17/09/1988,19.5
18/09/1988,0.0
19/09/1988,0.5
20/09/1988,0.0
21/09/1988,0.5
22/09/1988,0.0
23/09/1988,0.0
24/09/1988,0.0
25/09/1988,0.0
26/09/1988,0.0
29/09/1988,37.9
30/09/1988,33.6
01/10/1988,3.0
02/10/1988,7.0
03/10/1988,0.0
04/10/1988,0.0
05/10/1988,1.5
06/10/1988,0.0
07/10/1988,1.0
08/10/1988,12.5
09/10/1988,0.0
10/10/1988,8.0
11/10/1988,0.0
12/10/1988,1.5
13/10/1988,5.5
14/10/1988,0.0
15/10/1988,0.0
16/10/1988,0.0
17/10/1988,0.0
18/10/1988,36.5
19/10/1988,0.0
20/10/1988,2.5
21/10/1988,0.0
22/10/1988,0.0
23/10/1988,4.5
24/10/1988,11.5
25/10/1988,8.5
26/10/1988,10.0
27/10/1988,6.0
28/10/1988,23.0
29/10/1988,34.5
30/10/1988,3.5
31/10/1988,0.0
01/11/1988,0.4
02/11/1988,6.1
03/11/1988,13.8
04/11/1988,138.7
05/11/1988,12.5
06/11/1988,9.0
07/11/1988,16.0
08/11/1988,22.5
09/11/1988,0.0
10/11/1988,19.1
11/11/1988,15.4
12/11/1988,0.0
13/11/1988,10.5
14/11/1988,2.0
15/11/1988,4.0
16/11/1988,1.5
17/11/1988,32.0
18/11/1988,29.0
19/11/1988,299.0
20/11/1988,232.0
21/11/1988,0.9
22/11/1988,30.7
23/11/1988,15.0
24/11/1988,30.0
25/11/1988,0.0
26/11/1988,0.0
27/11/1988,15.5
28/11/1988,2.5
29/11/1988,88.7
30/11/1988,270.8
01/12/1988,0.0
02/12/1988,14.5
03/12/1988,22.5
04/12/1988,0.0
05/12/1988,1.0
06/12/1988,1.5
07/12/1988,0.0
08/12/1988,0.0
09/12/1988,0.0
10/12/1988,0.0
11/12/1988,7.0
12/12/1988,0.0
13/12/1988,0.0
14/12/1988,9.5
15/12/1988,1.5
16/12/1988,2.5
17/12/1988,4.0
18/12/1988,15.0
19/12/1988,40.5
20/12/1988,21.0
21/12/1988,0.5
22/12/1988,28.0
23/12/1988,0.5
24/12/1988,0.0
25/12/1988,0.0
26/12/1988,0.0
27/12/1988,2.4
28/12/1988,15.6
29/12/1988,0.0
30/12/1988,0.0
31/12/1988,0.0
01/01/1989,13.7
02/01/1989,7.5
03/01/1989,0.7
04/01/1989,0.2
05/01/1989,11.5
06/01/1989,2.5
07/01/1989,1.0
08/01/1989,0.0
09/01/1989,2.0
10/01/1989,0.5
11/01/1989,3.5
12/01/1989,3.5
13/01/1989,16.0
14/01/1989,0.5
15/01/1989,1.0
16/01/1989,4.0
17/01/1989,3.0
18/01/1989,2.0
19/01/1989,0.0
20/01/1989,0.0
21/01/1989,0.0
22/01/1989,3.5
23/01/1989,101.6
24/01/1989,7.9
25/01/1989,0.0
26/01/1989,0.0
27/01/1989,0.0
28/01/1989,0.5
29/01/1989,0.0
30/01/1989,13.5
31/01/1989,20.0
01/02/1989,1.0
02/02/1989,0.0
03/02/1989,0.0
04/02/1989,0.0
05/02/1989,0.0
06/02/1989,0.0
07/02/1989,0.0
08/02/1989,0.0
09/02/1989,0.0
10/02/1989,0.0
11/02/1989,0.0
12/02/1989,0.0
13/02/1989,0.0
14/02/1989,0.0
15/02/1989,0.0
16/02/1989,0.0
17/02/1989,0.0
18/02/1989,0.0
19/02/1989,10.0
20/02/1989,0.0
21/02/1989,0.0
22/02/1989,0.0
23/02/1989,25.5
24/02/1989,0.5
25/02/1989,0.0
26/02/1989,0.0
27/02/1989,0.0
28/02/1989,0.0
01/03/1989,0.0
02/03/1989,0.0
03/03/1989,0.0
04/03/1989,0.0
05/03/1989,6.5
06/03/1989,123.0
07/03/1989,0.0
08/03/1989,0.0
09/03/1989,5.0
10/03/1989,1.0
11/03/1989,0.0
12/03/1989,0.0
13/03/1989,0.0
14/03/1989,0.0
15/03/1989,0.0
16/03/1989,39.0
17/03/1989,0.0
18/03/1989,0.0
19/03/1989,6.0
20/03/1989,9.0
21/03/1989,0.0
22/03/1989,8.5
23/03/1989,0.0
24/03/1989,0.0
25/03/1989,0.0
26/03/1989,0.0
27/03/1989,0.0
28/03/1989,0.0
29/03/1989,0.0
30/03/1989,82.5
31/03/1989,1.0
01/04/1989,0.0
02/04/1989,0.0
03/04/1989,0.0
04/04/1989,0.0
05/04/1989,0.0
06/04/1989,2.0
07/04/1989,0.0
08/04/1989,0.0
09/04/1989,0.0
10/04/1989,9.5
11/04/1989,0.0
12/04/1989,0.5
13/04/1989,15.0
14/04/1989,0.0
15/04/1989,4.5
16/04/1989,0.0
17/04/1989,0.0
18/04/1989,0.0
19/04/1989,0.0
20/04/1989,0.0
21/04/1989,0.0
22/04/1989,0.0
23/04/1989,0.0
24/04/1989,0.0
25/04/1989,0.0
26/04/1989,0.5
27/04/1989,0.0
28/04/1989,82.5
29/04/1989,0.0
30/04/1989,0.0
01/05/1989,0.0
02/05/1989,0.0
03/05/1989,74.5
04/05/1989,0.0
05/05/1989,0.0
06/05/1989,0.0
07/05/1989,0.0
08/05/1989,17.0
09/05/1989,0.0
10/05/1989,0.0
11/05/1989,0.0
12/05/1989,0.0
13/05/1989,19.0
14/05/1989,0.0
15/05/1989,20.1
16/05/1989,0.9
17/05/1989,1.0
18/05/1989,3.0
19/05/1989,7.5
20/05/1989,1.0
21/05/1989,35.5
22/05/1989,2.0
23/05/1989,3.5
24/05/1989,5.5
25/05/1989,7.0
26/05/1989,40.0
27/05/1989,2.0
28/05/1989,0.5
29/05/1989,0.0
30/05/1989,27.5
31/05/1989,0.0
01/06/1989,0.0
02/06/1989,20.0
03/06/1989,0.0
04/06/1989,8.5
05/06/1989,0.0
06/06/1989,0.0
07/06/1989,0.0
08/06/1989,0.0
09/06/1989,105.0
10/06/1989,0.0
11/06/1989,0.0
12/06/1989,0.0
13/06/1989,0.0
14/06/1989,0.0
15/06/1989,15.5
16/06/1989,0.0
17/06/1989,0.0
18/06/1989,0.0
19/06/1989,11.0
20/06/1989,0.5
21/06/1989,0.0
22/06/1989,5.0
23/06/1989,0.0
24/06/1989,0.0
25/06/1989,15.5
26/06/1989,0.5
27/06/1989,0.0
28/06/1989,22.0
29/06/1989,0.0
30/06/1989,0.0
01/07/1989,20.5
02/07/1989,0.0
03/07/1989,0.0
04/07/1989,0.0
05/07/1989,0.0
06/07/1989,0.0
07/07/1989,0.5
08/07/1989,0.0
09/07/1989,0.0
10/07/1989,0.0
11/07/1989,0.0
12/07/1989,0.0
13/07/1989,0.0
14/07/1989,0.0
15/07/1989,0.0
16/07/1989,0.0
17/07/1989,0.0
18/07/1989,4.5
19/07/1989,0.0
20/07/1989,0.0
21/07/1989,0.0
22/07/1989,0.0
23/07/1989,0.0
24/07/1989,0.0
25/07/1989,27.5
26/07/1989,0.0
27/07/1989,0.0
28/07/1989,0.0
29/07/1989,2.0
30/07/1989,1.0
31/07/1989,0.0
01/08/1989,33.0
02/08/1989,28.5
03/08/1989,31.0
04/08/1989,0.5
05/08/1989,0.0
06/08/1989,0.0
07/08/1989,0.0
08/08/1989,0.0
09/08/1989,0.0
10/08/1989,0.0
11/08/1989,0.0
12/08/1989,0.0
13/08/1989,0.0
14/08/1989,0.0
15/08/1989,0.0
16/08/1989,43.0
17/08/1989,0.0
18/08/1989,29.0
19/08/1989,12.5
20/08/1989,0.0
21/08/1989,0.0
22/08/1989,0.0
23/08/1989,0.0
24/08/1989,26.7
25/08/1989,20.8
26/08/1989,0.0
27/08/1989,0.0
28/08/1989,6.5
29/08/1989,0.5
30/08/1989,0.0
31/08/1989,0.0
01/09/1989,0.0
02/09/1989,0.0
03/09/1989,1.5
04/09/1989,9.5
05/09/1989,3.5
06/09/1989,0.0
07/09/1989,0.0
08/09/1989,18.5
09/09/1989,33.5
10/09/1989,0.0
11/09/1989,1.0
12/09/1989,0.0
13/09/1989,11.0
14/09/1989,7.5
15/09/1989,0.0
16/09/1989,2.5
17/09/1989,6.9
18/09/1989,0.6
19/09/1989,0.0
20/09/1989,3.0
21/09/1989,0.0
22/09/1989,1.0
23/09/1989,1.0
24/09/1989,0.0
25/09/1989,0.0
26/09/1989,0.0
27/09/1989,5.5
28/09/1989,35.6
29/09/1989,21.7
30/09/1989,6.7
05/10/1989,4.6
06/10/1989,2.9
07/10/1989,0.0
08/10/1989,0.0
09/10/1989,0.0
10/10/1989,10.8
11/10/1989,7.7
12/10/1989,0.0
13/10/1989,77.0
14/10/1989,0.0
15/10/1989,0.0
16/10/1989,4.5
17/10/1989,0.0
18/10/1989,28.0
19/10/1989,2.5
20/10/1989,0.5
21/10/1989,10.0
22/10/1989,0.0
23/10/1989,0.0
24/10/1989,1.5
25/10/1989,0.0
26/10/1989,1.5
27/10/1989,1.0
28/10/1989,3.4
29/10/1989,7.1
30/10/1989,0.0
31/10/1989,11.5
01/11/1989,3.5
02/11/1989,0.0
03/11/1989,35.5
04/11/1989,0.0
05/11/1989,1.5
06/11/1989,8.1
07/11/1989,45.4
08/11/1989,8.0
09/11/1989,10.0
10/11/1989,0.0
11/11/1989,0.0
12/11/1989,0.0
13/11/1989,0.0
14/11/1989,5.0
15/11/1989,69.5
16/11/1989,56.0
17/11/1989,15.0
18/11/1989,29.2
19/11/1989,83.3
20/11/1989,7.5
21/11/1989,5.0
22/11/1989,5.5
23/11/1989,0.0
24/11/1989,0.0
25/11/1989,0.0
26/11/1989,0.0
27/11/1989,14.5
28/11/1989,14.5
29/11/1989,57.0
30/11/1989,5.5
01/12/1989,43.0
02/12/1989,5.2
03/12/1989,6.8
04/12/1989,0.0
05/12/1989,1.5
06/12/1989,2.0
07/12/1989,0.0
08/12/1989,0.0
09/12/1989,0.0
10/12/1989,0.0
11/12/1989,0.0
12/12/1989,0.0
13/12/1989,0.0
14/12/1989,0.0
15/12/1989,0.0
16/12/1989,1.0
17/12/1989,0.0
18/12/1989,1.0
19/12/1989,5.0
20/12/1989,0.0
21/12/1989,0.0
22/12/1989,0.0
23/12/1989,9.0
24/12/1989,68.0
25/12/1989,1.0
26/12/1989,5.0
27/12/1989,0.0
28/12/1989,39.5
29/12/1989,6.0
30/12/1989,36.5
31/12/1989,19.0
01/01/1990,0.0
02/01/1990,0.0
03/01/1990,0.0
04/01/1990,0.0
05/01/1990,0.5
06/01/1990,0.0
07/01/1990,0.0
08/01/1990,165.5
09/01/1990,3.0
10/01/1990,0.0
11/01/1990,17.5
12/01/1990,66.5
13/01/1990,44.5
14/01/1990,7.0
15/01/1990,2.5
16/01/1990,0.0
17/01/1990,3.5
18/01/1990,6.0
19/01/1990,0.0
20/01/1990,0.0
21/01/1990,0.5
22/01/1990,3.0
23/01/1990,0.0
24/01/1990,0.0
25/01/1990,0.5
26/01/1990,0.0
27/01/1990,0.0
28/01/1990,0.0
29/01/1990,0.0
30/01/1990,0.0
31/01/1990,0.0
01/02/1990,0.0
02/02/1990,9.7
03/02/1990,19.3
04/02/1990,2.5
05/02/1990,1.5
06/02/1990,15.5
07/02/1990,18.0
08/02/1990,0.0
09/02/1990,0.5
10/02/1990,2.0
11/02/1990,8.0
12/02/1990,2.5
13/02/1990,0.0
14/02/1990,0.0
15/02/1990,0.0
16/02/1990,0.0
17/02/1990,0.0
18/02/1990,0.0
19/02/1990,0.0
20/02/1990,0.0
21/02/1990,0.0
22/02/1990,0.0
23/02/1990,0.0
24/02/1990,0.0
25/02/1990,0.0
26/02/1990,0.0
27/02/1990,0.0
28/02/1990,0.0
01/03/1990,0.0
02/03/1990,0.0
03/03/1990,0.0
04/03/1990,0.0
05/03/1990,0.0
06/03/1990,0.0
07/03/1990,0.0
08/03/1990,0.0
09/03/1990,11.5
10/03/1990,1.5
11/03/1990,0.0
12/03/1990,0.0
13/03/1990,0.0
14/03/1990,0.0
15/03/1990,0.0
16/03/1990,0.0
17/03/1990,0.0
18/03/1990,1.0
19/03/1990,0.5
20/03/1990,0.0
21/03/1990,1.1
22/03/1990,57.4
23/03/1990,0.0
24/03/1990,0.0
25/03/1990,0.0
26/03/1990,0.0
27/03/1990,0.0
28/03/1990,0.5
29/03/1990,2.5
30/03/1990,0.0
31/03/1990,0.0
01/04/1990,0.0
02/04/1990,0.0
03/04/1990,0.0
04/04/1990,0.0
05/04/1990,0.5
06/04/1990,53.5
07/04/1990,19.5
08/04/1990,0.0
09/04/1990,62.5
10/04/1990,0.0
11/04/1990,0.0
12/04/1990,5.4
13/04/1990,28.6
14/04/1990,1.5
15/04/1990,0.0
16/04/1990,0.0
17/04/1990,0.0
18/04/1990,14.5
19/04/1990,0.0
20/04/1990,0.0
21/04/1990,12.0
22/04/1990,0.0
23/04/1990,0.0
24/04/1990,0.0
25/04/1990,4.0
26/04/1990,0.0
27/04/1990,0.5
28/04/1990,0.0
29/04/1990,2.0
30/04/1990,4.0
01/05/1990,0.0
02/05/1990,7.0
03/05/1990,38.0
04/05/1990,2.0
05/05/1990,0.0
06/05/1990,0.0
07/05/1990,0.0
08/05/1990,0.0
09/05/1990,0.0
10/05/1990,0.0
11/05/1990,0.0
12/05/1990,0.0
13/05/1990,0.0
14/05/1990,0.0
15/05/1990,0.0
16/05/1990,0.0
17/05/1990,0.0
18/05/1990,52.0
19/05/1990,0.0
20/05/1990,0.0
21/05/1990,0.0
22/05/1990,7.5
23/05/1990,3.5
24/05/1990,0.0
25/05/1990,0.0
26/05/1990,1.5
27/05/1990,0.0
28/05/1990,0.0
29/05/1990,0.0
30/05/1990,27.0
31/05/1990,0.0
01/06/1990,0.5
02/06/1990,0.0
03/06/1990,0.0
04/06/1990,0.0
05/06/1990,0.0
06/06/1990,19.5
07/06/1990,0.0
08/06/1990,0.0
09/06/1990,3.0
10/06/1990,0.0
11/06/1990,0.0
12/06/1990,0.0
13/06/1990,1.5
14/06/1990,0.5
15/06/1990,0.0
16/06/1990,0.0
17/06/1990,0.0
18/06/1990,0.0
19/06/1990,21.5
20/06/1990,30.0
21/06/1990,0.0
22/06/1990,10.5
23/06/1990,0.0
24/06/1990,6.0
25/06/1990,22.0
26/06/1990,0.0
27/06/1990,0.0
28/06/1990,0.0
29/06/1990,4.0
30/06/1990,0.0
01/07/1990,0.0
02/07/1990,0.0
03/07/1990,0.0
04/07/1990,0.0
05/07/1990,0.0
06/07/1990,0.0
07/07/1990,31.5
08/07/1990,0.0
09/07/1990,6.0
10/07/1990,0.0
11/07/1990,0.5
12/07/1990,14.0
13/07/1990,6.3
14/07/1990,3.2
15/07/1990,0.0
16/07/1990,0.0
17/07/1990,0.0
18/07/1990,0.0
19/07/1990,8.6
20/07/1990,3.4
21/07/1990,9.5
22/07/1990,0.0
23/07/1990,1.0
24/07/1990,27.5
25/07/1990,0.0
26/07/1990,3.5
27/07/1990,0.0
28/07/1990,0.0
29/07/1990,0.0
30/07/1990,0.0
31/07/1990,0.0
01/08/1990,0.0
02/08/1990,0.0
03/08/1990,3.0
04/08/1990,0.0
05/08/1990,7.5
06/08/1990,0.5
07/08/1990,13.0
08/08/1990,0.0
09/08/1990,0.0
10/08/1990,1.0
11/08/1990,0.5
12/08/1990,0.0
13/08/1990,0.0
14/08/1990,13.0
15/08/1990,22.5
16/08/1990,33.0
17/08/1990,3.5
18/08/1990,0.0
19/08/1990,0.0
20/08/1990,0.0
21/08/1990,0.0
22/08/1990,0.0
23/08/1990,0.0
24/08/1990,0.0
25/08/1990,0.0
26/08/1990,0.0
27/08/1990,0.0
28/08/1990,50.0
29/08/1990,1.5
30/08/1990,15.5
31/08/1990,0.0
01/09/1990,0.0
02/09/1990,22.5
03/09/1990,55.0
04/09/1990,0.5
05/09/1990,0.0
06/09/1990,0.0
07/09/1990,0.0
08/09/1990,0.0
09/09/1990,40.0
10/09/1990,0.5
11/09/1990,0.0
12/09/1990,0.0
13/09/1990,0.0
14/09/1990,0.0
15/09/1990,0.0
16/09/1990,3.1
17/09/1990,35.9
18/09/1990,22.0
19/09/1990,1.0
20/09/1990,0.0
21/09/1990,4.0
22/09/1990,13.5
23/09/1990,46.2
24/09/1990,0.3
25/09/1990,5.5
26/09/1990,0.0
27/09/1990,3.0
28/09/1990,0.0
29/09/1990,2.6
30/09/1990,10.9
01/10/1990,7.5
02/10/1990,3.5
03/10/1990,0.0
04/10/1990,0.0
05/10/1990,0.0
06/10/1990,0.0
07/10/1990,0.0
08/10/1990,0.0
09/10/1990,0.0
10/10/1990,0.0
11/10/1990,8.0
12/10/1990,2.0
13/10/1990,24.7
14/10/1990,50.3
15/10/1990,0.0
16/10/1990,8.5
17/10/1990,0.0
18/10/1990,0.0
19/10/1990,0.0
20/10/1990,6.4
21/10/1990,5.1
22/10/1990,0.0
23/10/1990,0.0
24/10/1990,2.5
25/10/1990,3.0
26/10/1990,14.5
27/10/1990,4.0
28/10/1990,0.0
29/10/1990,0.5
30/10/1990,4.5
31/10/1990,16.5
01/11/1990,0.5
02/11/1990,4.5
03/11/1990,0.5
04/11/1990,2.9
05/11/1990,4.6
06/11/1990,9.0
07/11/1990,1.5
08/11/1990,1.5
09/11/1990,11.5
10/11/1990,0.0
11/11/1990,8.0
12/11/1990,10.0
13/11/1990,14.0
14/11/1990,23.5
15/11/1990,0.0
16/11/1990,2.5
17/11/1990,0.0
18/11/1990,0.0
19/11/1990,0.0
20/11/1990,0.0
21/11/1990,4.0
22/11/1990,4.4
23/11/1990,111.6
24/11/1990,34.4
25/11/1990,126.3
26/11/1990,120.3
27/11/1990,40.0
28/11/1990,8.5
29/11/1990,0.0
30/11/1990,0.0
01/12/1990,0.0
02/12/1990,0.0
03/12/1990,1.0
04/12/1990,11.5
05/12/1990,5.5
06/12/1990,1.7
07/12/1990,3.1
08/12/1990,2.7
09/12/1990,15.5
10/12/1990,16.6
11/12/1990,42.3
12/12/1990,31.3
13/12/1990,2.9
14/12/1990,7.0
15/12/1990,10.0
16/12/1990,11.0
17/12/1990,19.0
18/12/1990,27.5
19/12/1990,0.0
20/12/1990,0.0
21/12/1990,0.5
22/12/1990,0.5
23/12/1990,0.0
24/12/1990,0.0
25/12/1990,0.0
26/12/1990,0.0
27/12/1990,0.0
28/12/1990,0.0
29/12/1990,0.0
30/12/1990,0.5
31/12/1990,0.0
01/01/1991,3.0
02/01/1991,0.0
03/01/1991,34.0
04/01/1991,0.0
05/01/1991,3.5
06/01/1991,0.0
07/01/1991,0.0
08/01/1991,0.0
09/01/1991,0.0
10/01/1991,0.0
11/01/1991,0.0
12/01/1991,0.0
13/01/1991,153.5
14/01/1991,1.5
15/01/1991,5.5
16/01/1991,2.0
17/01/1991,0.0
18/01/1991,6.5
19/01/1991,21.0
20/01/1991,0.0
21/01/1991,0.0
22/01/1991,12.5
23/01/1991,0.0
24/01/1991,26.1
25/01/1991,39.4
26/01/1991,60.2
27/01/1991,178.7
28/01/1991,30.1
29/01/1991,0.0
30/01/1991,17.9
31/01/1991,10.6
01/02/1991,0.5
02/02/1991,0.0
03/02/1991,0.0
04/02/1991,0.0
05/02/1991,0.5
06/02/1991,1.5
07/02/1991,0.0
08/02/1991,0.0
09/02/1991,0.0
10/02/1991,0.0
11/02/1991,0.0
12/02/1991,0.0
13/02/1991,0.0
14/02/1991,0.0
15/02/1991,0.0
16/02/1991,0.0
17/02/1991,0.0
18/02/1991,0.0
19/02/1991,0.0
20/02/1991,0.0
21/02/1991,0.0
22/02/1991,0.0
23/02/1991,0.0
24/02/1991,0.0
25/02/1991,0.0
26/02/1991,0.0
27/02/1991,0.0
28/02/1991,0.0
01/03/1991,0.0
02/03/1991,0.0
03/03/1991,0.0
04/03/1991,0.0
05/03/1991,0.0
06/03/1991,0.0
07/03/1991,0.0
08/03/1991,0.0
09/03/1991,0.0
10/03/1991,0.0
11/03/1991,0.0
12/03/1991,0.0
13/03/1991,0.0
14/03/1991,0.0
15/03/1991,0.0
16/03/1991,0.0
17/03/1991,0.0
18/03/1991,0.0
19/03/1991,0.0
20/03/1991,0.0
21/03/1991,0.0
22/03/1991,0.0
26/03/1991,1.5
27/03/1991,0.5
28/03/1991,3.5
29/03/1991,28.5
30/03/1991,0.0
31/03/1991,0.0
01/04/1991,0.0
02/04/1991,22.5
03/04/1991,47.5
04/04/1991,69.0
05/04/1991,0.5
06/04/1991,0.0
07/04/1991,0.0
08/04/1991,0.0
09/04/1991,0.0
10/04/1991,0.0
11/04/1991,0.0
12/04/1991,0.0
13/04/1991,0.0
14/04/1991,0.0
15/04/1991,0.0
16/04/1991,0.0
17/04/1991,0.0
18/04/1991,0.0
19/04/1991,0.0
20/04/1991,0.0
21/04/1991,0.0
22/04/1991,0.0
23/04/1991,0.0
24/04/1991,11.0
25/04/1991,0.5
26/04/1991,0.0
27/04/1991,0.0
28/04/1991,2.5
29/04/1991,0.0
30/04/1991,0.0
01/05/1991,5.0
02/05/1991,0.0
03/05/1991,0.0
04/05/1991,0.0
05/05/1991,0.0
06/05/1991,23.0
07/05/1991,1.5
08/05/1991,0.0
09/05/1991,5.5
10/05/1991,0.0
11/05/1991,0.0
12/05/1991,6.5
13/05/1991,0.0
14/05/1991,0.0
15/05/1991,0.0
16/05/1991,0.0
17/05/1991,0.0
18/05/1991,0.0
19/05/1991,0.0
20/05/1991,0.0
21/05/1991,0.5
22/05/1991,0.0
23/05/1991,0.0
24/05/1991,0.0
25/05/1991,0.0
26/05/1991,2.0
27/05/1991,0.0
28/05/1991,0.0
29/05/1991,0.0
30/05/1991,0.0
31/05/1991,8.0
01/06/1991,13.0
02/06/1991,6.5
03/06/1991,30.0
04/06/1991,64.2
05/06/1991,28.8
06/06/1991,0.0
07/06/1991,3.5
08/06/1991,0.5
09/06/1991,0.0
10/06/1991,1.0
11/06/1991,1.0
12/06/1991,0.0
13/06/1991,0.0
14/06/1991,0.0
15/06/1991,0.0
16/06/1991,0.0
17/06/1991,0.0
18/06/1991,0.0
19/06/1991,0.0
20/06/1991,0.0
21/06/1991,0.0
22/06/1991,13.0
23/06/1991,0.0
24/06/1991,5.0
25/06/1991,4.5
26/06/1991,0.0
27/06/1991,0.0
28/06/1991,0.0
29/06/1991,0.0
30/06/1991,5.5
01/07/1991,0.0
02/07/1991,2.5
03/07/1991,0.0
04/07/1991,0.0
05/07/1991,0.0
06/07/1991,0.0
07/07/1991,15.3
08/07/1991,0.2
09/07/1991,0.0
10/07/1991,2.5
11/07/1991,0.0
12/07/1991,0.0
13/07/1991,0.0
14/07/1991,0.0
15/07/1991,32.0
16/07/1991,0.0
17/07/1991,0.0
18/07/1991,0.0
19/07/1991,1.0
20/07/1991,9.5
21/07/1991,7.0
22/07/1991,0.0
23/07/1991,0.0
24/07/1991,0.0
25/07/1991,0.0
26/07/1991,0.0
27/07/1991,0.0
28/07/1991,0.0
29/07/1991,0.0
30/07/1991,0.7
31/07/1991,12.3
01/08/1991,0.9
02/08/1991,92.7
03/08/1991,2.4
04/08/1991,0.0
05/08/1991,0.0
06/08/1991,3.0
07/08/1991,0.0
08/08/1991,0.5
09/08/1991,0.0
10/08/1991,0.0
11/08/1991,15.1
12/08/1991,1.4
13/08/1991,0.0
14/08/1991,0.0
15/08/1991,0.0
16/08/1991,0.0
17/08/1991,0.0
18/08/1991,0.0
19/08/1991,0.0
20/08/1991,0.0
21/08/1991,0.0
22/08/1991,0.0
23/08/1991,0.0
24/08/1991,0.0
25/08/1991,0.0
26/08/1991,0.0
27/08/1991,0.0
28/08/1991,34.0
29/08/1991,5.4
30/08/1991,27.6
31/08/1991,0.0
01/09/1991,1.0
02/09/1991,0.0
03/09/1991,0.0
04/09/1991,0.0
05/09/1991,0.0
06/09/1991,0.0
07/09/1991,0.0
08/09/1991,1.6
09/09/1991,34.4
10/09/1991,0.0
11/09/1991,0.5
12/09/1991,0.0
13/09/1991,0.0
14/09/1991,0.0
15/09/1991,16.5
16/09/1991,26.0
17/09/1991,39.0
18/09/1991,1.5
19/09/1991,0.0
20/09/1991,0.0
21/09/1991,0.0
22/09/1991,13.0
23/09/1991,0.5
24/09/1991,0.0
25/09/1991,0.0
26/09/1991,18.3
27/09/1991,56.4
28/09/1991,5.8
29/09/1991,0.0
30/09/1991,0.0
01/10/1991,0.0
02/10/1991,0.0
03/10/1991,0.0
04/10/1991,0.0
05/10/1991,17.0
06/10/1991,0.0
07/10/1991,0.0
08/10/1991,0.0
09/10/1991,0.0
10/10/1991,10.5
11/10/1991,0.0
12/10/1991,5.0
13/10/1991,34.5
14/10/1991,4.5
15/10/1991,0.0
16/10/1991,0.0
17/10/1991,0.0
18/10/1991,0.0
19/10/1991,0.0
20/10/1991,5.0
21/10/1991,0.0
22/10/1991,0.0
23/10/1991,0.0
24/10/1991,0.0
25/10/1991,0.0
26/10/1991,0.0
27/10/1991,0.0
28/10/1991,0.0
29/10/1991,17.0
30/10/1991,0.0
31/10/1991,0.0
01/11/1991,0.0
02/11/1991,0.0
03/11/1991,2.0
04/11/1991,15.0
05/11/1991,9.0
06/11/1991,1.0
07/11/1991,0.5
08/11/1991,6.5
09/11/1991,2.0
10/11/1991,0.0
11/11/1991,4.9
12/11/1991,29.6
13/11/1991,5.0
14/11/1991,0.0
15/11/1991,33.6
16/11/1991,181.4
17/11/1991,35.5
18/11/1991,6.0
19/11/1991,204.0
20/11/1991,4.0
21/11/1991,29.5
22/11/1991,91.0
23/11/1991,198.5
24/11/1991,103.5
25/11/1991,33.0
26/11/1991,20.0
27/11/1991,3.5
28/11/1991,21.3
29/11/1991,47.2
30/11/1991,1.0
01/12/1991,0.5
02/12/1991,0.0
03/12/1991,0.0
04/12/1991,5.0
05/12/1991,3.5
06/12/1991,125.0
07/12/1991,53.5
08/12/1991,16.5
09/12/1991,110.2
10/12/1991,220.8
11/12/1991,114.0
12/12/1991,103.0
13/12/1991,1.0
14/12/1991,23.5
15/12/1991,2.0
16/12/1991,5.5
17/12/1991,47.0
18/12/1991,19.5
19/12/1991,7.5
20/12/1991,10.0
21/12/1991,2.0
22/12/1991,14.0
23/12/1991,65.0
24/12/1991,44.0
25/12/1991,51.0
26/12/1991,4.0
27/12/1991,0.0
28/12/1991,0.0
29/12/1991,22.5
30/12/1991,168.0
31/12/1991,7.0
01/01/1992,15.5
02/01/1992,2.5
03/01/1992,20.0
04/01/1992,8.5
05/01/1992,70.0
06/01/1992,0.0
07/01/1992,0.0
08/01/1992,0.0
09/01/1992,0.0
10/01/1992,0.0
15/01/1992,3.0
16/01/1992,2.5
17/01/1992,0.0
18/01/1992,15.5
19/01/1992,0.5
20/01/1992,0.0
21/01/1992,4.5
22/01/1992,0.5
23/01/1992,0.0
24/01/1992,0.0
25/01/1992,0.0
26/01/1992,0.0
27/01/1992,0.0
28/01/1992,2.5
29/01/1992,0.0
30/01/1992,0.0
31/01/1992,0.0
01/02/1992,0.0
02/02/1992,0.0
03/02/1992,0.0
04/02/1992,0.0
05/02/1992,1.0
06/02/1992,0.0
07/02/1992,0.0
08/02/1992,0.0
09/02/1992,0.0
10/02/1992,0.5
11/02/1992,0.0
12/02/1992,0.0
13/02/1992,0.0
14/02/1992,0.0
15/02/1992,0.0
16/02/1992,0.0
17/02/1992,0.0
18/02/1992,0.0
19/02/1992,0.0
20/02/1992,0.0
21/02/1992,0.0
22/02/1992,1.5
23/02/1992,3.0
24/02/1992,12.5
25/02/1992,1.0
26/02/1992,0.0
27/02/1992,0.0
28/02/1992,0.0
29/02/1992,0.0
01/03/1992,0.0
02/03/1992,0.0
03/03/1992,0.0
04/03/1992,1.2
05/03/1992,8.3
06/03/1992,0.5
07/03/1992,42.5
08/03/1992,0.5
09/03/1992,0.0
10/03/1992,0.0
11/03/1992,0.0
12/03/1992,0.0
13/03/1992,0.0
14/03/1992,0.0
15/03/1992,0.0
16/03/1992,0.0
17/03/1992,0.0
18/03/1992,0.0
19/03/1992,0.0
20/03/1992,0.0
21/03/1992,0.0
22/03/1992,0.0
23/03/1992,1.0
24/03/1992,0.0
25/03/1992,0.0
26/03/1992,0.0
27/03/1992,0.0
28/03/1992,0.0
29/03/1992,0.0
30/03/1992,0.0
31/03/1992,0.0
01/04/1992,0.0
02/04/1992,0.0
03/04/1992,0.0
04/04/1992,0.0
05/04/1992,0.0
06/04/1992,0.0
07/04/1992,19.5
08/04/1992,1.0
09/04/1992,2.0
10/04/1992,0.0
11/04/1992,0.0
12/04/1992,0.0
13/04/1992,0.0
14/04/1992,0.0
15/04/1992,0.0
16/04/1992,0.0
17/04/1992,0.5
18/04/1992,0.0
19/04/1992,0.0
20/04/1992,0.0
21/04/1992,0.0
22/04/1992,0.0
23/04/1992,0.0
24/04/1992,0.0
25/04/1992,0.0
26/04/1992,3.5
27/04/1992,0.0
28/04/1992,0.0
29/04/1992,0.0
30/04/1992,0.0
01/05/1992,0.0
02/05/1992,0.0
03/05/1992,0.0
04/05/1992,0.0
05/05/1992,35.5
06/05/1992,0.0
07/05/1992,0.0
08/05/1992,3.0
09/05/1992,13.5
10/05/1992,3.5
11/05/1992,0.5
12/05/1992,0.0
13/05/1992,0.0
14/05/1992,0.0
15/05/1992,0.0
16/05/1992,0.0
17/05/1992,0.0
18/05/1992,0.0
19/05/1992,0.0
20/05/1992,0.0
21/05/1992,0.0
22/05/1992,0.0
23/05/1992,0.5
24/05/1992,0.5
25/05/1992,0.0
26/05/1992,0.0
27/05/1992,0.0
28/05/1992,0.0
29/05/1992,0.0
30/05/1992,0.0
31/05/1992,0.0
01/06/1992,31.0
02/06/1992,0.0
03/06/1992,8.5
04/06/1992,0.0
05/06/1992,0.0
06/06/1992,0.0
07/06/1992,0.0
08/06/1992,1.0
09/06/1992,0.0
10/06/1992,0.0
11/06/1992,9.0
12/06/1992,0.5
13/06/1992,0.0
14/06/1992,0.0
15/06/1992,0.0
16/06/1992,0.0
17/06/1992,1.2
18/06/1992,50.3
19/06/1992,0.0
20/06/1992,0.0
21/06/1992,0.0
22/06/1992,3.0
23/06/1992,2.0
24/06/1992,0.5
25/06/1992,0.0
26/06/1992,0.0
27/06/1992,5.0
28/06/1992,0.0
29/06/1992,0.0
30/06/1992,0.0
01/07/1992,52.5
02/07/1992,0.0
03/07/1992,0.0
04/07/1992,0.0
05/07/1992,0.0
06/07/1992,0.0
07/07/1992,0.0
08/07/1992,0.0
09/07/1992,0.0
10/07/1992,0.0
11/07/1992,0.0
12/07/1992,0.0
13/07/1992,20.0
14/07/1992,0.0
15/07/1992,20.0
16/07/1992,0.0
17/07/1992,0.0
18/07/1992,0.0
19/07/1992,19.0
20/07/1992,0.5
21/07/1992,2.0
22/07/1992,0.0
23/07/1992,0.0
24/07/1992,0.0
25/07/1992,0.0
26/07/1992,0.0
27/07/1992,3.6
28/07/1992,10.9
29/07/1992,0.0
30/07/1992,0.0
31/07/1992,0.0
01/08/1992,0.0
02/08/1992,0.0
03/08/1992,24.0
04/08/1992,0.5
05/08/1992,1.5
06/08/1992,0.0
07/08/1992,23.5
08/08/1992,6.5
09/08/1992,8.6
10/08/1992,78.4
11/08/1992,0.5
12/08/1992,31.0
13/08/1992,76.5
14/08/1992,0.0
15/08/1992,6.0
16/08/1992,1.5
17/08/1992,1.0
18/08/1992,1.0
19/08/1992,0.0
20/08/1992,0.0
21/08/1992,0.0
22/08/1992,2.0
23/08/1992,1.0
24/08/1992,83.0
25/08/1992,7.5
26/08/1992,0.5
27/08/1992,0.0
28/08/1992,0.5
29/08/1992,0.5
30/08/1992,0.0
31/08/1992,0.0
01/09/1992,0.0
02/09/1992,0.0
03/09/1992,0.0
04/09/1992,0.0
05/09/1992,0.0
06/09/1992,0.5
07/09/1992,0.0
08/09/1992,0.0
09/09/1992,0.0
10/09/1992,0.0
11/09/1992,0.0
12/09/1992,0.0
13/09/1992,0.0
14/09/1992,0.0
15/09/1992,0.0
16/09/1992,0.0
17/09/1992,0.0
18/09/1992,0.5
19/09/1992,0.0
20/09/1992,0.0
21/09/1992,0.0
22/09/1992,0.0
23/09/1992,0.0
24/09/1992,0.5
25/09/1992,0.0
26/09/1992,0.0
27/09/1992,0.0
28/09/1992,0.0
29/09/1992,0.0
30/09/1992,0.0
01/10/1992,1.0
02/10/1992,0.5
03/10/1992,0.0
04/10/1992,0.0
05/10/1992,0.0
06/10/1992,1.0
07/10/1992,0.0
08/10/1992,21.5
09/10/1992,0.0
10/10/1992,8.1
11/10/1992,2.9
12/10/1992,0.0
13/10/1992,0.0
14/10/1992,0.5
15/10/1992,0.0
16/10/1992,0.0
17/10/1992,0.0
18/10/1992,2.0
19/10/1992,0.0
20/10/1992,2.0
21/10/1992,0.0
22/10/1992,6.5
23/10/1992,4.0
24/10/1992,11.5
25/10/1992,10.5
26/10/1992,1.5
27/10/1992,0.5
28/10/1992,0.0
29/10/1992,0.0
30/10/1992,7.5
31/10/1992,16.5
01/11/1992,5.5
02/11/1992,0.5
03/11/1992,16.5
04/11/1992,1.0
05/11/1992,1.0
06/11/1992,2.5
07/11/1992,1.5
08/11/1992,3.9
09/11/1992,1.6
10/11/1992,5.7
11/11/1992,44.8
12/11/1992,7.5
13/11/1992,1.5
14/11/1992,0.0
15/11/1992,0.0
16/11/1992,23.5
17/11/1992,33.1
18/11/1992,73.4
19/11/1992,9.0
20/11/1992,2.8
21/11/1992,139.0
22/11/1992,119.4
23/11/1992,18.2
24/11/1992,0.0
25/11/1992,13.0
26/11/1992,13.0
27/11/1992,5.5
28/11/1992,0.5
29/11/1992,50.5
30/11/1992,0.0
01/12/1992,0.5
02/12/1992,0.5
03/12/1992,2.5
04/12/1992,11.0
05/12/1992,38.0
06/12/1992,44.4
07/12/1992,126.8
08/12/1992,112.0
09/12/1992,112.8
10/12/1992,4.0
11/12/1992,0.8
12/12/1992,1.2
13/12/1992,1.0
14/12/1992,0.0
15/12/1992,0.0
16/12/1992,0.0
17/12/1992,2.7
18/12/1992,8.3
19/12/1992,39.5
20/12/1992,1.5
21/12/1992,31.5
22/12/1992,34.0
23/12/1992,65.1
24/12/1992,136.4
25/12/1992,53.0
26/12/1992,66.0
27/12/1992,2.0
28/12/1992,1.5
29/12/1992,0.0
30/12/1992,11.5
31/12/1992,2.0
01/01/1993,3.5
02/01/1993,0.0
03/01/1993,71.5
04/01/1993,7.5
05/01/1993,17.0
06/01/1993,13.5
07/01/1993,1.0
08/01/1993,5.0
09/01/1993,1.5
10/01/1993,0.0
11/01/1993,0.0
12/01/1993,0.0
13/01/1993,0.5
14/01/1993,1.0
15/01/1993,3.5
16/01/1993,0.0
17/01/1993,4.0
18/01/1993,2.5
19/01/1993,19.5
20/01/1993,14.0
21/01/1993,2.0
22/01/1993,1.0
23/01/1993,0.0
24/01/1993,0.0
25/01/1993,0.0
26/01/1993,0.0
27/01/1993,6.1
28/01/1993,148.4
29/01/1993,113.0
30/01/1993,0.0
31/01/1993,0.0
01/02/1993,15.8
02/02/1993,14.7
03/02/1993,2.5
04/02/1993,0.0
05/02/1993,0.0
06/02/1993,0.0
07/02/1993,0.0
08/02/1993,0.0
09/02/1993,0.0
10/02/1993,34.5
11/02/1993,0.0
12/02/1993,0.5
13/02/1993,0.0
14/02/1993,0.0
15/02/1993,0.0
16/02/1993,0.0
17/02/1993,0.0
18/02/1993,0.0
19/02/1993,0.0
20/02/1993,0.0
21/02/1993,0.0
22/02/1993,0.0
23/02/1993,0.0
24/02/1993,0.0
25/02/1993,18.0
26/02/1993,0.0
27/02/1993,2.0
28/02/1993,0.5
01/03/1993,29.5
02/03/1993,12.0
03/03/1993,0.0
04/03/1993,0.0
05/03/1993,0.0
06/03/1993,0.0
07/03/1993,16.5
08/03/1993,2.5
09/03/1993,6.0
10/03/1993,30.0
11/03/1993,33.5
12/03/1993,1.5
13/03/1993,43.2
14/03/1993,45.3
15/03/1993,21.0
16/03/1993,7.0
17/03/1993,0.0
18/03/1993,44.5
19/03/1993,0.0
20/03/1993,0.0
21/03/1993,5.5
22/03/1993,0.0
23/03/1993,0.0
24/03/1993,6.5
25/03/1993,0.0
26/03/1993,0.0
27/03/1993,0.0
28/03/1993,0.0
29/03/1993,0.0
30/03/1993,0.0
31/03/1993,0.0
01/04/1993,0.0
02/04/1993,0.0
03/04/1993,3.0
04/04/1993,0.0
05/04/1993,0.0
06/04/1993,0.0
07/04/1993,0.0
08/04/1993,0.0
09/04/1993,30.0
10/04/1993,14.0
11/04/1993,0.5
12/04/1993,3.5
13/04/1993,0.0
14/04/1993,22.5
15/04/1993,0.5
16/04/1993,3.5
17/04/1993,8.0
18/04/1993,23.5
19/04/1993,22.0
20/04/1993,0.5
21/04/1993,0.0
22/04/1993,0.0
23/04/1993,0.5
24/04/1993,0.0
25/04/1993,0.0
26/04/1993,0.0
27/04/1993,0.0
28/04/1993,0.0
29/04/1993,0.0
30/04/1993,0.0
01/05/1993,0.0
02/05/1993,0.0
03/05/1993,1.0
04/05/1993,0.0
05/05/1993,0.0
06/05/1993,0.0
07/05/1993,0.0
08/05/1993,0.0
09/05/1993,0.0
10/05/1993,0.0
11/05/1993,0.0
12/05/1993,0.0
13/05/1993,0.0
14/05/1993,0.0
15/05/1993,0.5
16/05/1993,4.7
17/05/1993,17.3
18/05/1993,87.0
19/05/1993,1.5
20/05/1993,0.0
21/05/1993,0.0
22/05/1993,0.0
23/05/1993,0.0
24/05/1993,2.0
25/05/1993,14.0
26/05/1993,0.0
27/05/1993,0.0
28/05/1993,0.0
29/05/1993,0.0
30/05/1993,0.0
31/05/1993,0.0
01/06/1993,0.0
02/06/1993,0.0
03/06/1993,0.0
04/06/1993,0.0
05/06/1993,0.0
06/06/1993,0.5
07/06/1993,0.0
08/06/1993,1.0
09/06/1993,9.0
10/06/1993,0.5
11/06/1993,0.0
12/06/1993,0.0
13/06/1993,7.0
14/06/1993,0.0
15/06/1993,5.5
16/06/1993,9.0
17/06/1993,0.5
18/06/1993,18.0
19/06/1993,0.0
20/06/1993,0.0
21/06/1993,23.5
22/06/1993,0.0
23/06/1993,51.0
24/06/1993,1.0
25/06/1993,0.0
26/06/1993,0.0
27/06/1993,0.0
28/06/1993,0.0
29/06/1993,0.0
30/06/1993,0.0
01/07/1993,0.0
02/07/1993,2.0
03/07/1993,0.0
04/07/1993,0.0
05/07/1993,56.5
06/07/1993,0.0
07/07/1993,0.5
08/07/1993,10.2
09/07/1993,16.8
10/07/1993,0.0
11/07/1993,0.0
12/07/1993,0.0
13/07/1993,1.5
14/07/1993,0.0
15/07/1993,0.0
16/07/1993,0.0
17/07/1993,0.0
18/07/1993,1.0
19/07/1993,4.5
20/07/1993,0.5
21/07/1993,0.0
22/07/1993,0.0
23/07/1993,0.0
24/07/1993,29.5
25/07/1993,1.5
26/07/1993,3.0
27/07/1993,0.5
28/07/1993,0.0
29/07/1993,0.0
30/07/1993,0.0
31/07/1993,0.0
01/08/1993,0.0
02/08/1993,0.0
03/08/1993,17.5
04/08/1993,0.0
05/08/1993,6.5
06/08/1993,0.0
07/08/1993,2.7
08/08/1993,15.8
09/08/1993,0.0
10/08/1993,0.0
11/08/1993,20.0
12/08/1993,0.5
13/08/1993,0.0
14/08/1993,0.0
15/08/1993,0.0
16/08/1993,0.0
17/08/1993,0.0
18/08/1993,0.0
19/08/1993,6.7
20/08/1993,85.8
21/08/1993,17.5
22/08/1993,2.5
23/08/1993,7.0
24/08/1993,18.5
25/08/1993,0.5
26/08/1993,39.5
27/08/1993,22.2
28/08/1993,19.3
29/08/1993,6.0
30/08/1993,0.0
31/08/1993,0.0
01/09/1993,0.0
02/09/1993,2.5
03/09/1993,0.0
04/09/1993,0.0
05/09/1993,0.0
06/09/1993,0.0
07/09/1993,3.5
08/09/1993,3.0
09/09/1993,0.0
10/09/1993,0.0
11/09/1993,0.5
12/09/1993,3.5
13/09/1993,16.5
14/09/1993,0.0
15/09/1993,10.5
16/09/1993,0.0
17/09/1993,0.5
18/09/1993,0.0
19/09/1993,0.0
20/09/1993,0.0
21/09/1993,0.0
22/09/1993,4.0
23/09/1993,40.5
24/09/1993,16.5
25/09/1993,0.0
26/09/1993,13.0
27/09/1993,15.0
28/09/1993,4.0
29/09/1993,9.0
30/09/1993,23.5
01/10/1993,0.0
02/10/1993,31.0
03/10/1993,5.5
04/10/1993,8.5
05/10/1993,2.0
06/10/1993,0.0
07/10/1993,0.0
08/10/1993,0.0
09/10/1993,23.5
10/10/1993,1.0
11/10/1993,0.5
12/10/1993,0.5
13/10/1993,0.0
14/10/1993,0.0
15/10/1993,2.0
16/10/1993,0.0
17/10/1993,0.0
18/10/1993,0.0
19/10/1993,4.0
20/10/1993,0.0
21/10/1993,0.0
22/10/1993,0.0
23/10/1993,1.0
24/10/1993,0.5
25/10/1993,0.0
26/10/1993,0.5
27/10/1993,1.5
28/10/1993,12.5
29/10/1993,7.6
30/10/1993,14.0
31/10/1993,135.4
01/11/1993,14.5
02/11/1993,176.5
03/11/1993,84.5
04/11/1993,159.5
05/11/1993,0.0
06/11/1993,17.0
07/11/1993,17.5
08/11/1993,35.5
09/11/1993,3.5
10/11/1993,1.5
11/11/1993,0.0
12/11/1993,25.0
13/11/1993,3.0
14/11/1993,3.5
15/11/1993,1.0
16/11/1993,0.0
17/11/1993,0.0
18/11/1993,0.0
19/11/1993,0.0
20/11/1993,0.0
21/11/1993,0.0
22/11/1993,53.0
23/11/1993,12.0
24/11/1993,0.0
25/11/1993,0.0
26/11/1993,11.5
27/11/1993,0.0
28/11/1993,6.5
29/11/1993,29.1
30/11/1993,62.4
01/12/1993,3.0
02/12/1993,3.6
03/12/1993,39.4
04/12/1993,5.5
05/12/1993,0.0
06/12/1993,3.0
07/12/1993,99.0
08/12/1993,0.0
09/12/1993,0.0
10/12/1993,1.5
11/12/1993,8.5
12/12/1993,0.0
13/12/1993,0.0
14/12/1993,0.0
15/12/1993,0.0
16/12/1993,53.5
17/12/1993,48.5
18/12/1993,23.5
19/12/1993,2.5
20/12/1993,29.0
21/12/1993,63.5
22/12/1993,61.9
23/12/1993,5.6
24/12/1993,14.5
25/12/1993,10.5
26/12/1993,5.0
27/12/1993,0.5
28/12/1993,2.0
29/12/1993,0.0
30/12/1993,0.0
31/12/1993,0.0
01/01/1994,0.1
02/01/1994,8.4
03/01/1994,40.5
04/01/1994,18.5
05/01/1994,2.5
06/01/1994,3.0
07/01/1994,0.0
08/01/1994,0.0
09/01/1994,0.0
10/01/1994,0.0
11/01/1994,0.0
12/01/1994,0.0
13/01/1994,0.0
14/01/1994,0.0
15/01/1994,0.0
16/01/1994,0.0
17/01/1994,0.0
18/01/1994,0.0
19/01/1994,0.0
20/01/1994,0.0
21/01/1994,0.0
22/01/1994,0.5
23/01/1994,1.5
24/01/1994,2.5
25/01/1994,0.0
26/01/1994,0.0
27/01/1994,5.5
28/01/1994,2.5
29/01/1994,3.5
30/01/1994,4.0
31/01/1994,40.5
01/02/1994,0.0
02/02/1994,1.0
03/02/1994,4.5
04/02/1994,0.0
05/02/1994,7.5
06/02/1994,15.0
07/02/1994,6.5
08/02/1994,1.0
09/02/1994,0.0
10/02/1994,0.0
11/02/1994,0.0
12/02/1994,0.0
13/02/1994,0.0
14/02/1994,0.0
15/02/1994,0.0
16/02/1994,0.0
17/02/1994,0.0
18/02/1994,0.0
19/02/1994,0.0
20/02/1994,0.0
21/02/1994,0.0
22/02/1994,0.0
23/02/1994,0.0
24/02/1994,0.0
25/02/1994,0.0
26/02/1994,0.0
27/02/1994,0.0
28/02/1994,12.0
01/03/1994,0.5
02/03/1994,0.0
03/03/1994,2.0
04/03/1994,0.0
05/03/1994,34.7
06/03/1994,26.3
07/03/1994,0.0
08/03/1994,4.5
09/03/1994,0.0
10/03/1994,34.8
11/03/1994,5.7
12/03/1994,3.5
13/03/1994,14.0
14/03/1994,2.0
15/03/1994,25.1
16/03/1994,43.4
17/03/1994,59.5
18/03/1994,24.3
19/03/1994,16.7
20/03/1994,0.0
21/03/1994,0.0
22/03/1994,1.0
23/03/1994,1.0
24/03/1994,6.0
25/03/1994,81.5
26/03/1994,5.5
27/03/1994,17.0
28/03/1994,27.5
29/03/1994,7.5
30/03/1994,9.0
31/03/1994,0.5
01/04/1994,0.0
02/04/1994,14.0
03/04/1994,0.0
04/04/1994,0.0
05/04/1994,0.0
06/04/1994,0.0
07/04/1994,0.0
08/04/1994,0.0
09/04/1994,0.0
10/04/1994,0.0
11/04/1994,0.0
12/04/1994,0.0
13/04/1994,0.0
14/04/1994,0.0
15/04/1994,0.0
16/04/1994,0.0
17/04/1994,0.0
18/04/1994,0.0
19/04/1994,0.0
20/04/1994,0.5
21/04/1994,0.0
22/04/1994,0.5
23/04/1994,0.0
24/04/1994,0.0
25/04/1994,0.0
26/04/1994,1.0
27/04/1994,0.5
28/04/1994,2.0
29/04/1994,6.0
30/04/1994,0.0
01/05/1994,0.0
02/05/1994,0.0
03/05/1994,0.0
04/05/1994,0.0
05/05/1994,2.0
06/05/1994,0.5
07/05/1994,0.0
08/05/1994,0.0
09/05/1994,0.0
10/05/1994,0.0
11/05/1994,0.0
12/05/1994,0.0
13/05/1994,0.0
14/05/1994,0.0
15/05/1994,0.0
16/05/1994,0.0
17/05/1994,0.0
18/05/1994,0.0
19/05/1994,0.0
20/05/1994,0.0
21/05/1994,0.0
22/05/1994,0.0
23/05/1994,0.0
24/05/1994,0.0
21/06/1994,0.0
22/06/1994,0.0
23/06/1994,0.0
24/06/1994,0.0
25/06/1994,0.0
26/06/1994,0.0
27/06/1994,0.0
28/06/1994,25.3
29/06/1994,13.7
30/06/1994,0.0
01/07/1994,0.0
02/07/1994,4.0
03/07/1994,0.0
04/07/1994,0.0
05/07/1994,0.0
06/07/1994,0.0
07/07/1994,0.0
08/07/1994,0.0
09/07/1994,0.0
10/07/1994,0.0
11/07/1994,0.0
12/07/1994,0.0
13/07/1994,0.0
14/07/1994,0.0
15/07/1994,9.0
16/07/1994,0.0
17/07/1994,0.0
18/07/1994,2.0
19/07/1994,0.0
20/07/1994,0.0
21/07/1994,9.5
22/07/1994,0.5
23/07/1994,0.0
24/07/1994,0.0
25/07/1994,4.0
26/07/1994,0.0
27/07/1994,0.0
28/07/1994,0.0
29/07/1994,0.0
30/07/1994,0.0
31/07/1994,0.0
01/08/1994,0.0
02/08/1994,0.0
03/08/1994,19.4
04/08/1994,46.6
05/08/1994,0.0
06/08/1994,0.0
07/08/1994,11.0
08/08/1994,0.0
09/08/1994,0.0
10/08/1994,0.0
11/08/1994,0.0
12/08/1994,0.0
13/08/1994,2.0
14/08/1994,0.0
15/08/1994,0.0
16/08/1994,1.0
17/08/1994,0.0
18/08/1994,0.0
19/08/1994,0.0
20/08/1994,1.5
21/08/1994,43.5
22/08/1994,1.5
23/08/1994,12.0
24/08/1994,0.0
25/08/1994,0.0
26/08/1994,0.0
27/08/1994,81.0
28/08/1994,2.5
29/08/1994,0.5
30/08/1994,2.5
31/08/1994,0.0
01/09/1994,15.0
02/09/1994,29.4
03/09/1994,36.6
04/09/1994,0.5
05/09/1994,2.5
06/09/1994,0.5
07/09/1994,8.5
08/09/1994,0.0
09/09/1994,59.0
10/09/1994,2.5
11/09/1994,1.5
12/09/1994,2.5
13/09/1994,0.0
14/09/1994,0.0
15/09/1994,39.5
16/09/1994,0.0
17/09/1994,0.0
18/09/1994,9.0
19/09/1994,0.0
20/09/1994,42.5
21/09/1994,0.0
22/09/1994,0.0
23/09/1994,0.0
24/09/1994,3.0
25/09/1994,0.0
26/09/1994,0.0
27/09/1994,29.5
28/09/1994,0.0
29/09/1994,0.0
30/09/1994,0.0
01/10/1994,0.0
02/10/1994,0.0
03/10/1994,7.4
04/10/1994,0.6
05/10/1994,0.0
06/10/1994,0.0
07/10/1994,0.0
08/10/1994,0.0
09/10/1994,0.0
10/10/1994,0.0
11/10/1994,0.0
12/10/1994,0.0
13/10/1994,15.5
14/10/1994,0.0
15/10/1994,0.0
16/10/1994,6.0
17/10/1994,28.5
18/10/1994,0.0
19/10/1994,0.0
20/10/1994,0.0
21/10/1994,1.5
22/10/1994,10.0
23/10/1994,0.0
24/10/1994,2.0
25/10/1994,0.0
26/10/1994,0.0
27/10/1994,0.0
28/10/1994,0.0
29/10/1994,0.0
30/10/1994,4.0
31/10/1994,1.5
01/11/1994,16.0
02/11/1994,9.5
03/11/1994,44.5
04/11/1994,4.5
05/11/1994,6.5
06/11/1994,23.6
07/11/1994,39.5
08/11/1994,193.5
09/11/1994,84.5
10/11/1994,192.1
11/11/1994,64.4
12/11/1994,1.0
13/11/1994,31.0
14/11/1994,20.0
15/11/1994,64.6
16/11/1994,113.1
17/11/1994,6.9
18/11/1994,90.0
19/11/1994,18.5
20/11/1994,126.6
21/11/1994,14.9
22/11/1994,6.0
23/11/1994,57.0
24/11/1994,0.0
25/11/1994,7.0
26/11/1994,10.0
27/11/1994,70.0
28/11/1994,0.0
29/11/1994,8.0
30/11/1994,3.4
01/12/1994,8.6
02/12/1994,9.0
03/12/1994,0.0
04/12/1994,4.5
05/12/1994,0.0
06/12/1994,18.5
07/12/1994,0.5
08/12/1994,0.0
09/12/1994,0.0
10/12/1994,0.0
11/12/1994,0.0
12/12/1994,0.0
26/12/1994,0.0
27/12/1994,1.5
28/12/1994,3.0
29/12/1994,0.5
30/12/1994,0.0
31/12/1994,2.0
10/01/1995,0.0
11/01/1995,0.0
12/01/1995,0.0
13/01/1995,0.0
14/01/1995,0.0
15/01/1995,0.0
16/01/1995,0.0
14/02/1995,0.0
15/02/1995,1.0
16/02/1995,0.0
17/02/1995,0.0
18/02/1995,0.0
19/02/1995,0.0
20/02/1995,0.0
21/02/1995,0.0
22/02/1995,0.0
23/02/1995,1.0
24/02/1995,30.5
02/03/1995,0.0
03/03/1995,5.5
04/03/1995,0.0
05/03/1995,0.0
06/03/1995,0.0
07/03/1995,0.0
08/03/1995,0.0
09/03/1995,0.0
10/03/1995,0.0
11/03/1995,0.0
12/03/1995,0.0
13/03/1995,0.0
14/03/1995,0.0
15/03/1995,0.0
16/03/1995,0.0
17/03/1995,5.5
18/03/1995,0.0
19/03/1995,4.0
20/03/1995,4.0
21/03/1995,1.0
22/03/1995,33.9
23/03/1995,28.0
24/03/1995,13.0
25/03/1995,11.5
26/03/1995,0.0
27/03/1995,0.0
28/03/1995,0.0
29/03/1995,0.0
30/03/1995,0.0
31/03/1995,0.0
01/04/1995,0.0
02/04/1995,0.0
03/04/1995,0.0
04/04/1995,0.0
05/04/1995,0.0
06/04/1995,9.7
07/04/1995,2.8
08/04/1995,0.0
09/04/1995,0.0
10/04/1995,0.0
11/04/1995,6.5
12/04/1995,0.0
13/04/1995,0.0
14/04/1995,0.0
15/04/1995,0.0
16/04/1995,0.0
17/04/1995,0.0
18/04/1995,0.0
19/04/1995,4.0
20/04/1995,7.0
21/04/1995,17.0
22/04/1995,0.0
23/04/1995,0.0
24/04/1995,15.0
25/04/1995,13.0
26/04/1995,0.0
27/04/1995,18.5
28/04/1995,6.5
29/04/1995,0.5
30/04/1995,6.0
01/05/1995,14.7
02/05/1995,9.8
03/05/1995,0.5
04/05/1995,0.0
05/05/1995,0.0
06/05/1995,1.1
07/05/1995,43.4
08/05/1995,1.0
09/05/1995,0.5
10/05/1995,17.5
11/05/1995,9.0
12/05/1995,0.0
13/05/1995,0.0
14/05/1995,0.0
15/05/1995,0.0
16/05/1995,5.5
17/05/1995,0.0
18/05/1995,13.5
19/05/1995,0.0
20/05/1995,0.0
21/05/1995,0.0
22/05/1995,0.0
23/05/1995,3.5
24/05/1995,0.0
25/05/1995,0.0
26/05/1995,0.0
27/05/1995,19.0
28/05/1995,0.0
29/05/1995,0.0
30/05/1995,0.0
31/05/1995,0.0
01/06/1995,0.0
02/06/1995,0.0
03/06/1995,0.5
04/06/1995,0.0
05/06/1995,0.0
06/06/1995,0.0
07/06/1995,0.0
08/06/1995,35.0
09/06/1995,12.0
10/06/1995,0.0
11/06/1995,0.0
12/06/1995,0.0
13/06/1995,0.0
14/06/1995,0.0
15/06/1995,0.0
16/06/1995,0.0
17/06/1995,46.1
18/06/1995,71.0
19/06/1995,4.5
20/06/1995,7.4
21/06/1995,0.0
22/06/1995,0.0
23/06/1995,0.0
24/06/1995,1.5
25/06/1995,1.5
26/06/1995,0.0
27/06/1995,0.0
28/06/1995,0.0
29/06/1995,0.0
30/06/1995,0.0
01/07/1995,0.0
02/07/1995,0.0
03/07/1995,0.0
04/07/1995,0.0
05/07/1995,0.0
06/07/1995,0.0
07/07/1995,0.0
08/07/1995,47.2
09/07/1995,29.8
10/07/1995,1.0
11/07/1995,19.9
12/07/1995,0.1
13/07/1995,0.0
14/07/1995,0.0
15/07/1995,1.0
16/07/1995,0.0
17/07/1995,38.0
18/07/1995,14.0
19/07/1995,0.5
20/07/1995,0.0
21/07/1995,0.0
22/07/1995,0.0
23/07/1995,0.0
24/07/1995,7.5
25/07/1995,0.0
26/07/1995,0.0
27/07/1995,0.0
28/07/1995,0.0
29/07/1995,3.0
30/07/1995,2.0
31/07/1995,0.0
01/08/1995,0.0
02/08/1995,0.0
03/08/1995,0.0
04/08/1995,0.0
05/08/1995,0.0
06/08/1995,0.0
07/08/1995,1.0
08/08/1995,7.5
09/08/1995,0.0
10/08/1995,7.5
11/08/1995,0.0
12/08/1995,0.0
13/08/1995,0.5
14/08/1995,0.9
15/08/1995,2.6
16/08/1995,2.5
17/08/1995,0.0
18/08/1995,5.2
19/08/1995,54.3
20/08/1995,0.0
21/08/1995,0.0
22/08/1995,0.0
23/08/1995,0.0
24/08/1995,0.0
25/08/1995,0.0
26/08/1995,0.0
27/08/1995,0.0
28/08/1995,0.0
29/08/1995,0.5
30/08/1995,0.0
31/08/1995,0.0
01/09/1995,0.0
02/09/1995,0.6
03/09/1995,4.4
04/09/1995,0.0
05/09/1995,1.9
06/09/1995,2.6
07/09/1995,0.0
08/09/1995,0.0
09/09/1995,3.5
10/09/1995,0.0
11/09/1995,0.0
12/09/1995,0.0
13/09/1995,0.0
14/09/1995,0.0
15/09/1995,13.5
16/09/1995,0.0
17/09/1995,30.8
18/09/1995,80.2
19/09/1995,0.0
20/09/1995,0.0
21/09/1995,0.0
22/09/1995,8.5
23/09/1995,0.0
24/09/1995,92.0
25/09/1995,55.0
26/09/1995,0.0
27/09/1995,0.0
28/09/1995,0.0
29/09/1995,0.0
30/09/1995,0.0
01/10/1995,0.0
02/10/1995,0.0
03/10/1995,0.0
04/10/1995,0.0
05/10/1995,0.0
06/10/1995,0.0
07/10/1995,0.0
08/10/1995,0.0
09/10/1995,15.0
10/10/1995,3.5
11/10/1995,16.5
12/10/1995,1.0
13/10/1995,0.0
14/10/1995,7.0
15/10/1995,19.5
16/10/1995,0.0
17/10/1995,0.0
18/10/1995,1.0
19/10/1995,38.0
20/10/1995,0.0
21/10/1995,0.0
22/10/1995,0.0
23/10/1995,0.0
24/10/1995,0.0
25/10/1995,0.0
26/10/1995,28.5
27/10/1995,0.0
28/10/1995,13.0
29/10/1995,1.0
30/10/1995,0.5
31/10/1995,1.5
01/11/1995,27.0
02/11/1995,22.0
03/11/1995,0.0
04/11/1995,6.5
05/11/1995,0.5
21/11/1995,0.0
22/11/1995,8.5
23/11/1995,38.0
24/11/1995,238.5
25/11/1995,0.0
26/11/1995,0.0
27/11/1995,0.0
28/11/1995,0.0
29/11/1995,0.0
30/11/1995,0.0
01/12/1995,2.7
02/12/1995,31.0
03/12/1995,18.4
04/12/1995,54.7
05/12/1995,16.9
06/12/1995,6.8
07/12/1995,0.0
08/12/1995,0.0
09/12/1995,0.0
10/12/1995,0.0
11/12/1995,0.0
12/12/1995,0.0
13/12/1995,0.0
14/12/1995,0.0
15/12/1995,0.0
16/12/1995,0.0
17/12/1995,0.0
18/12/1995,0.0
19/12/1995,10.0
20/12/1995,4.0
21/12/1995,26.1
22/12/1995,62.9
23/12/1995,93.5
24/12/1995,89.5
25/12/1995,42.5
26/12/1995,17.5
27/12/1995,45.0
28/12/1995,19.3
29/12/1995,12.7
30/12/1995,2.0
31/12/1995,0.0
26/03/1997,0.0
27/03/1997,0.0
28/03/1997,0.8
29/03/1997,1.7
30/03/1997,0.4
31/03/1997,0.1
01/04/1997,68.5
02/04/1997,8.0
03/04/1997,0.0
04/04/1997,0.0
05/04/1997,39.0
06/04/1997,0.0
07/04/1997,3.5
08/04/1997,18.5
09/04/1997,12.0
10/04/1997,1.0
11/04/1997,2.0
12/04/1997,0.0
13/04/1997,0.5
14/04/1997,0.0
15/04/1997,53.0
16/04/1997,0.0
17/04/1997,0.0
18/04/1997,0.0
19/04/1997,0.0
20/04/1997,0.0
21/04/1997,0.0
22/04/1997,0.0
23/04/1997,0.0
24/04/1997,0.0
25/04/1997,0.0
26/04/1997,1.5
27/04/1997,6.5
28/04/1997,4.0
29/04/1997,0.0
30/04/1997,0.0
01/05/1997,0.0
02/05/1997,0.0
03/05/1997,0.0
04/05/1997,0.0
05/05/1997,0.5
06/05/1997,2.5
07/05/1997,0.0
08/05/1997,0.0
09/05/1997,0.0
10/05/1997,0.0
11/05/1997,0.0
12/05/1997,0.0
13/05/1997,0.0
14/05/1997,2.0
15/05/1997,21.0
16/05/1997,2.0
17/05/1997,1.5
18/05/1997,11.0
19/05/1997,0.0
20/05/1997,1.5
21/05/1997,0.0
22/05/1997,0.0
23/05/1997,0.0
24/05/1997,0.0
25/05/1997,3.0
26/05/1997,0.0
27/05/1997,24.0
28/05/1997,0.0
29/05/1997,0.0
30/05/1997,0.0
31/05/1997,0.0
01/06/1997,14.0
02/06/1997,9.5
03/06/1997,1.0
04/06/1997,0.0
05/06/1997,0.0
06/06/1997,14.0
07/06/1997,0.0
08/06/1997,7.0
09/06/1997,0.0
10/06/1997,0.0
11/06/1997,0.0
12/06/1997,0.0
13/06/1997,0.0
14/06/1997,0.0
15/06/1997,0.0
16/06/1997,0.0
17/06/1997,6.7
18/06/1997,8.3
19/06/1997,26.5
20/06/1997,0.0
21/06/1997,0.0
22/06/1997,16.5
23/06/1997,0.5
24/06/1997,16.0
25/06/1997,0.5
26/06/1997,0.0
27/06/1997,0.5
28/06/1997,19.0
29/06/1997,0.0
30/06/1997,0.0
01/07/1997,15.0
02/07/1997,0.0
03/07/1997,3.0
04/07/1997,0.0
05/07/1997,0.5
06/07/1997,0.0
07/07/1997,8.0
08/07/1997,0.0
09/07/1997,0.0
10/07/1997,0.0
11/07/1997,0.0
12/07/1997,0.0
13/07/1997,0.0
14/07/1997,0.0
15/07/1997,0.0
16/07/1997,0.0
17/07/1997,0.0
18/07/1997,13.0
19/07/1997,0.0
20/07/1997,0.0
21/07/1997,0.0
22/07/1997,4.0
23/07/1997,0.0
24/07/1997,0.0
25/07/1997,24.5
26/07/1997,0.5
27/07/1997,0.0
28/07/1997,12.0
29/07/1997,0.0
30/07/1997,0.0
31/07/1997,0.0
01/08/1997,0.0
02/08/1997,0.0
03/08/1997,0.0
04/08/1997,0.0
05/08/1997,59.5
06/08/1997,0.5
07/08/1997,0.0
08/08/1997,0.0
09/08/1997,0.0
10/08/1997,7.5
11/08/1997,0.0
12/08/1997,0.0
13/08/1997,0.0
14/08/1997,0.0
15/08/1997,37.5
16/08/1997,0.5
17/08/1997,16.5
18/08/1997,0.0
19/08/1997,0.0
20/08/1997,0.0
21/08/1997,0.0
22/08/1997,0.0
23/08/1997,6.5
24/08/1997,0.0
25/08/1997,0.0
26/08/1997,0.0
27/08/1997,0.0
28/08/1997,0.0
29/08/1997,77.5
30/08/1997,0.0
31/08/1997,0.0
01/09/1997,61.5
02/09/1997,10.5
03/09/1997,0.0
04/09/1997,28.0
05/09/1997,0.0
06/09/1997,0.0
07/09/1997,0.0
08/09/1997,0.0
09/09/1997,0.0
10/09/1997,0.0
11/09/1997,0.0
12/09/1997,0.0
13/09/1997,0.0
14/09/1997,0.0
15/09/1997,3.0
16/09/1997,0.0
17/09/1997,0.0
18/09/1997,0.0
19/09/1997,0.0
20/09/1997,7.5
21/09/1997,0.0
22/09/1997,2.5
23/09/1997,0.0
24/09/1997,0.0
25/09/1997,0.0
26/09/1997,0.0
27/09/1997,0.0
28/09/1997,0.0
29/09/1997,0.0
30/09/1997,0.0
01/10/1997,0.0
02/10/1997,0.5
03/10/1997,0.0
04/10/1997,0.0
05/10/1997,0.0
06/10/1997,0.0
07/10/1997,1.5
08/10/1997,2.0
09/10/1997,3.5
10/10/1997,0.0
11/10/1997,0.0
12/10/1997,0.0
13/10/1997,0.0
14/10/1997,0.0
15/10/1997,0.0
16/10/1997,0.0
17/10/1997,2.5
18/10/1997,0.0
19/10/1997,0.0
20/10/1997,0.0
21/10/1997,0.0
22/10/1997,0.0
23/10/1997,0.0
24/10/1997,0.0
25/10/1997,1.0
26/10/1997,6.5
27/10/1997,0.0
28/10/1997,0.0
29/10/1997,12.5
30/10/1997,7.5
31/10/1997,13.5
01/11/1997,5.5
02/11/1997,0.0
03/11/1997,32.5
04/11/1997,9.0
05/11/1997,12.5
06/11/1997,2.5
07/11/1997,12.2
08/11/1997,0.7
09/11/1997,1.6
10/11/1997,5.5
11/11/1997,4.0
12/11/1997,6.1
13/11/1997,9.9
14/11/1997,7.0
15/11/1997,25.5
16/11/1997,0.0
17/11/1997,0.0
18/11/1997,46.9
19/11/1997,59.3
20/11/1997,6.8
21/11/1997,7.0
22/11/1997,0.5
23/11/1997,1.0
24/11/1997,1.0
25/11/1997,0.5
26/11/1997,0.0
27/11/1997,2.0
28/11/1997,0.0
29/11/1997,0.0
30/11/1997,18.5
01/12/1997,47.8
02/12/1997,43.2
03/12/1997,60.5
04/12/1997,134.0
05/12/1997,15.5
06/12/1997,18.4
07/12/1997,32.1
08/12/1997,0.0
09/12/1997,13.0
10/12/1997,0.0
11/12/1997,62.0
12/12/1997,53.5
13/12/1997,0.0
14/12/1997,27.6
15/12/1997,13.9
16/12/1997,26.0
17/12/1997,1.0
27/12/1997,0.0
28/12/1997,0.0
29/12/1997,0.0
30/12/1997,1.0
31/12/1997,0.0
01/01/1998,0.0
02/01/1998,0.0
03/01/1998,0.0
04/01/1998,0.0
05/01/1998,0.0
06/01/1998,2.0
07/01/1998,0.5
08/01/1998,1.8
09/01/1998,1.7
10/01/1998,1.0
11/01/1998,0.0
12/01/1998,0.5
13/01/1998,3.5
14/01/1998,0.0
15/01/1998,0.0
16/01/1998,1.0
17/01/1998,0.0
18/01/1998,0.0
19/01/1998,0.0
20/01/1998,0.0
21/01/1998,0.0
22/01/1998,0.0
23/01/1998,0.0
24/01/1998,3.7
25/01/1998,0.3
26/01/1998,0.0
27/01/1998,0.0
28/01/1998,2.0
29/01/1998,2.0
30/01/1998,0.0
31/01/1998,3.5
01/02/1998,0.0
02/02/1998,0.0
03/02/1998,3.5
04/02/1998,0.0
05/02/1998,0.0
06/02/1998,0.0
07/02/1998,0.0
08/02/1998,0.0
09/02/1998,0.0
10/02/1998,0.0
11/02/1998,0.0
12/02/1998,0.0
13/02/1998,0.0
14/02/1998,0.0
15/02/1998,0.0
16/02/1998,0.0
17/02/1998,0.0
18/02/1998,0.0
19/02/1998,0.0
20/02/1998,0.0
21/02/1998,0.0
22/02/1998,0.0
23/02/1998,0.0
24/02/1998,0.0
25/02/1998,0.0
26/02/1998,0.0
27/02/1998,0.0
28/02/1998,0.0
01/03/1998,0.0
02/03/1998,0.0
03/03/1998,34.0
04/03/1998,0.0
05/03/1998,0.0
06/03/1998,0.0
07/03/1998,43.5
08/03/1998,8.5
09/03/1998,3.5
10/03/1998,0.0
11/03/1998,0.5
12/03/1998,0.0
13/03/1998,0.0
14/03/1998,0.0
15/03/1998,0.0
16/03/1998,0.0
17/03/1998,0.0
18/03/1998,0.0
19/03/1998,0.0
20/03/1998,0.0
21/03/1998,0.0
22/03/1998,0.0
23/03/1998,2.0
24/03/1998,0.0
25/03/1998,0.0
26/03/1998,0.0
27/03/1998,0.5
28/03/1998,4.5
29/03/1998,2.5
30/03/1998,2.0
31/03/1998,3.0
01/04/1998,0.0
02/04/1998,0.5
03/04/1998,0.0
04/04/1998,0.0
05/04/1998,5.5
06/04/1998,0.0
07/04/1998,0.0
08/04/1998,0.0
09/04/1998,0.0
10/04/1998,0.0
11/04/1998,0.0
12/04/1998,0.0
13/04/1998,0.0
14/04/1998,0.0
15/04/1998,0.0
16/04/1998,0.0
17/04/1998,0.0
18/04/1998,0.0
19/04/1998,0.0
20/04/1998,0.0
21/04/1998,0.0
22/04/1998,0.0
23/04/1998,0.0
24/04/1998,0.0
25/04/1998,0.0
26/04/1998,0.0
27/04/1998,0.0
28/04/1998,0.0
29/04/1998,0.0
30/04/1998,0.0
01/05/1998,0.0
02/05/1998,0.0
03/05/1998,0.0
04/05/1998,0.0
05/05/1998,29.0
06/05/1998,7.0
07/05/1998,36.3
08/05/1998,0.7
09/05/1998,41.2
10/05/1998,38.6
11/05/1998,10.2
12/05/1998,0.0
13/05/1998,3.0
14/05/1998,4.0
15/05/1998,0.0
16/05/1998,0.0
17/05/1998,0.0
18/05/1998,0.0
19/05/1998,0.0
20/05/1998,0.0
21/05/1998,0.0
22/05/1998,0.0
23/05/1998,12.1
24/05/1998,5.4
25/05/1998,0.0
26/05/1998,0.0
27/05/1998,0.0
28/05/1998,0.0
29/05/1998,0.0
30/05/1998,0.0
31/05/1998,0.0
01/06/1998,0.0
02/06/1998,0.0
03/06/1998,0.0
04/06/1998,0.0
05/06/1998,0.0
06/06/1998,0.0
07/06/1998,11.0
08/06/1998,0.0
09/06/1998,0.5
10/06/1998,0.0
11/06/1998,0.5
12/06/1998,0.0
13/06/1998,0.5
14/06/1998,0.5
15/06/1998,5.0
16/06/1998,0.0
17/06/1998,69.1
18/06/1998,23.9
19/06/1998,22.5
20/06/1998,0.0
21/06/1998,17.5
22/06/1998,0.0
23/06/1998,9.5
24/06/1998,0.0
25/06/1998,17.5
26/06/1998,0.0
27/06/1998,1.0
28/06/1998,34.5
29/06/1998,2.0
30/06/1998,0.0
01/07/1998,2.0
02/07/1998,4.5
03/07/1998,0.0
04/07/1998,0.0
05/07/1998,4.3
06/07/1998,15.7
07/07/1998,43.5
08/07/1998,0.0
09/07/1998,16.5
10/07/1998,0.5
11/07/1998,4.5
12/07/1998,0.0
13/07/1998,0.0
14/07/1998,0.0
15/07/1998,0.0
16/07/1998,0.0
17/07/1998,0.0
18/07/1998,0.0
19/07/1998,9.0
20/07/1998,1.5
21/07/1998,0.0
22/07/1998,19.0
23/07/1998,0.0
24/07/1998,45.5
25/07/1998,11.5
26/07/1998,83.5
27/07/1998,8.5
28/07/1998,54.5
29/07/1998,0.5
30/07/1998,0.5
31/07/1998,3.0
01/08/1998,47.0
02/08/1998,0.0
03/08/1998,0.0
04/08/1998,9.0
05/08/1998,0.0
06/08/1998,0.0
07/08/1998,0.0
08/08/1998,0.0
09/08/1998,0.0
10/08/1998,0.0
11/08/1998,0.5
12/08/1998,0.0
13/08/1998,13.5
14/08/1998,2.0
15/08/1998,0.0
16/08/1998,1.0
17/08/1998,0.0
18/08/1998,11.5
19/08/1998,0.0
20/08/1998,0.0
21/08/1998,6.0
22/08/1998,0.0
23/08/1998,0.0
24/08/1998,5.9
25/08/1998,5.1
26/08/1998,7.0
27/08/1998,18.3
28/08/1998,46.7
29/08/1998,0.0
30/08/1998,0.0
31/08/1998,0.0
01/09/1998,1.0
02/09/1998,0.0
03/09/1998,0.0
04/09/1998,0.0
05/09/1998,0.5
06/09/1998,0.0
07/09/1998,0.0
08/09/1998,4.0
09/09/1998,0.0
10/09/1998,0.0
11/09/1998,0.0
12/09/1998,0.0
13/09/1998,0.0
14/09/1998,0.0
20/09/1998,0.0
21/09/1998,0.0
22/09/1998,0.0
23/09/1998,0.0
24/09/1998,0.5
25/09/1998,0.0
26/09/1998,5.0
27/09/1998,0.0
28/09/1998,20.0
29/09/1998,27.0
30/09/1998,0.0
01/10/1998,8.0
02/10/1998,0.0
03/10/1998,0.5
04/10/1998,0.0
05/10/1998,21.5
06/10/1998,23.0
07/10/1998,11.5
08/10/1998,0.0
09/10/1998,0.0
10/10/1998,0.0
11/10/1998,1.5
12/10/1998,2.0
13/10/1998,1.0
14/10/1998,83.0
15/10/1998,84.0
16/10/1998,0.0
17/10/1998,0.0
18/10/1998,0.0
19/10/1998,5.0
20/10/1998,11.9
21/10/1998,1.6
22/10/1998,0.0
23/10/1998,0.0
24/10/1998,0.0
25/10/1998,15.9
26/10/1998,11.1
27/10/1998,0.0
28/10/1998,1.0
29/10/1998,18.0
30/10/1998,0.0
31/10/1998,0.0
01/11/1998,28.0
02/11/1998,59.5
03/11/1998,0.0
04/11/1998,0.5
05/11/1998,3.0
06/11/1998,3.0
07/11/1998,5.5
08/11/1998,2.0
09/11/1998,11.0
10/11/1998,15.5
11/11/1998,0.0
12/11/1998,16.5
13/11/1998,0.0
14/11/1998,0.0
15/11/1998,21.5
16/11/1998,0.0
17/11/1998,0.0
18/11/1998,3.0
19/11/1998,7.0
20/11/1998,5.0
21/11/1998,3.5
22/11/1998,0.0
23/11/1998,17.5
24/11/1998,1.0
25/11/1998,17.5
26/11/1998,45.0
27/11/1998,6.0
28/11/1998,9.0
29/11/1998,0.5
30/11/1998,36.0
01/12/1998,0.5
02/12/1998,0.0
03/12/1998,1.0
04/12/1998,2.0
05/12/1998,42.4
06/12/1998,38.6
07/12/1998,37.9
08/12/1998,182.6
09/12/1998,0.0
10/12/1998,0.0
11/12/1998,0.0
12/12/1998,40.5
13/12/1998,3.0
14/12/1998,0.5
15/12/1998,0.0
16/12/1998,0.0
17/12/1998,0.5
18/12/1998,79.0
19/12/1998,0.0
20/12/1998,25.5
21/12/1998,7.5
22/12/1998,41.5
23/12/1998,74.5
24/12/1998,0.0
25/12/1998,8.9
26/12/1998,38.6
27/12/1998,102.0
28/12/1998,32.0
29/12/1998,33.5
30/12/1998,15.0
31/12/1998,28.5
01/01/1999,63.0
02/01/1999,28.0
03/01/1999,18.5
04/01/1999,1.0
05/01/1999,0.0
06/01/1999,0.0
07/01/1999,0.0
08/01/1999,0.0
09/01/1999,2.6
10/01/1999,0.0
11/01/1999,0.0
12/01/1999,0.0
13/01/1999,0.5
14/01/1999,5.4
15/01/1999,3.9
16/01/1999,17.8
17/01/1999,16.7
18/01/1999,2.4
19/01/1999,17.1
20/01/1999,3.9
21/01/1999,7.6
22/01/1999,13.4
23/01/1999,9.8
24/01/1999,0.0
25/01/1999,0.0
26/01/1999,0.0
27/01/1999,0.0
28/01/1999,0.0
29/01/1999,0.0
30/01/1999,0.0
31/01/1999,0.0
01/02/1999,0.0
02/02/1999,2.3
03/02/1999,20.9
04/02/1999,2.8
05/02/1999,0.0
06/02/1999,39.0
07/02/1999,0.0
08/02/1999,0.0
09/02/1999,0.0
10/02/1999,50.4
11/02/1999,92.3
12/02/1999,6.7
13/02/1999,76.6
14/02/1999,32.9
15/02/1999,0.0
16/02/1999,0.0
17/02/1999,5.0
18/02/1999,0.0
19/02/1999,0.0
20/02/1999,0.4
21/02/1999,0.0
22/02/1999,0.0
23/02/1999,8.3
24/02/1999,0.0
25/02/1999,0.6
26/02/1999,0.0
27/02/1999,0.0
28/02/1999,0.0
01/03/1999,1.3
02/03/1999,14.6
03/03/1999,0.0
04/03/1999,1.1
05/03/1999,2.0
06/03/1999,0.0
07/03/1999,48.0
08/03/1999,0.0
09/03/1999,0.0
10/03/1999,0.0
11/03/1999,0.0
12/03/1999,0.0
13/03/1999,0.0
14/03/1999,0.0
15/03/1999,0.0
16/03/1999,0.0
17/03/1999,0.0
18/03/1999,0.0
19/03/1999,0.0
20/03/1999,0.0
21/03/1999,0.0
22/03/1999,0.0
23/03/1999,0.0
24/03/1999,0.5
25/03/1999,1.5
26/03/1999,0.0
27/03/1999,25.1
28/03/1999,0.0
29/03/1999,0.0
30/03/1999,0.0
31/03/1999,0.4
01/04/1999,0.0
02/04/1999,8.5
03/04/1999,0.0
04/04/1999,11.4
05/04/1999,0.0
06/04/1999,0.0
07/04/1999,12.6
08/04/1999,0.7
09/04/1999,27.6
10/04/1999,1.1
11/04/1999,1.3
12/04/1999,23.8
13/04/1999,8.9
14/04/1999,0.0
15/04/1999,0.7
16/04/1999,28.8
17/04/1999,1.6
18/04/1999,21.1
19/04/1999,0.4
20/04/1999,0.7
21/04/1999,11.6
22/04/1999,16.6
23/04/1999,0.0
24/04/1999,9.9
25/04/1999,0.0
26/04/1999,0.0
27/04/1999,0.3
28/04/1999,0.0
29/04/1999,0.0
30/04/1999,0.0
01/05/1999,0.0
02/05/1999,0.0
03/05/1999,0.0
04/05/1999,0.0
05/05/1999,0.0
06/05/1999,0.0
07/05/1999,1.6
08/05/1999,13.5
09/05/1999,0.0
10/05/1999,0.0
11/05/1999,0.0
12/05/1999,3.9
13/05/1999,0.0
14/05/1999,0.0
15/05/1999,31.6
16/05/1999,9.7
17/05/1999,0.0
18/05/1999,63.2
19/05/1999,0.0
20/05/1999,19.5
21/05/1999,21.1
22/05/1999,0.8
23/05/1999,0.0
24/05/1999,0.0
25/05/1999,0.4
26/05/1999,0.7
27/05/1999,3.9
28/05/1999,18.3
06/06/1999,2.7
07/06/1999,0.0
08/06/1999,20.3
09/06/1999,56.4
10/06/1999,0.0
11/06/1999,5.2
12/06/1999,8.9
13/06/1999,0.0
14/06/1999,0.0
15/06/1999,0.0
16/06/1999,0.5
17/06/1999,0.0
18/06/1999,0.0
19/06/1999,0.0
20/06/1999,0.0
21/06/1999,0.0
22/06/1999,3.4
23/06/1999,0.0
24/06/1999,2.8
25/06/1999,0.0
26/06/1999,2.5
27/06/1999,0.6
28/06/1999,0.0
29/06/1999,33.5
30/06/1999,0.0
01/07/1999,0.0
02/07/1999,13.0
03/07/1999,38.6
04/07/1999,0.5
05/07/1999,2.0
06/07/1999,4.4
07/07/1999,2.1
08/07/1999,0.0
09/07/1999,0.0
10/07/1999,6.1
11/07/1999,0.9
12/07/1999,0.0
13/07/1999,0.0
14/07/1999,1.3
15/07/1999,7.3
16/07/1999,0.0
17/07/1999,6.1
18/07/1999,15.5
19/07/1999,0.0
20/07/1999,0.0
21/07/1999,0.0
22/07/1999,0.0
23/07/1999,0.0
24/07/1999,0.0
25/07/1999,0.0
26/07/1999,0.0
27/07/1999,0.0
28/07/1999,0.0
29/07/1999,0.0
30/07/1999,0.0
31/07/1999,1.0
01/08/1999,0.0
02/08/1999,0.0
03/08/1999,29.6
04/08/1999,10.6
05/08/1999,0.0
06/08/1999,0.0
07/08/1999,0.0
08/08/1999,0.0
09/08/1999,0.0
10/08/1999,0.7
11/08/1999,0.4
12/08/1999,24.1
13/08/1999,30.0
14/08/1999,2.1
15/08/1999,1.1
16/08/1999,0.0
17/08/1999,16.4
18/08/1999,20.2
19/08/1999,0.0
20/08/1999,27.2
21/08/1999,1.3
22/08/1999,0.0
23/08/1999,0.9
24/08/1999,0.0
25/08/1999,0.8
26/08/1999,5.2
27/08/1999,0.0
28/08/1999,0.0
29/08/1999,0.7
30/08/1999,5.9
31/08/1999,5.3
01/09/1999,24.5
02/09/1999,7.8
03/09/1999,0.0
04/09/1999,11.4
05/09/1999,0.8
06/09/1999,0.0
07/09/1999,2.2
08/09/1999,0.0
09/09/1999,0.0
10/09/1999,4.3
11/09/1999,0.0
12/09/1999,0.0
13/09/1999,0.0
14/09/1999,9.2
15/09/1999,0.0
16/09/1999,0.0
17/09/1999,56.4
18/09/1999,27.0
19/09/1999,0.0
20/09/1999,10.4
21/09/1999,0.0
22/09/1999,0.0
23/09/1999,28.3
24/09/1999,0.0
25/09/1999,8.8
26/09/1999,17.8
27/09/1999,2.7
28/09/1999,0.0
29/09/1999,0.0
30/09/1999,0.0
01/10/1999,0.0
02/10/1999,0.6
03/10/1999,7.0
04/10/1999,1.1
05/10/1999,5.8
06/10/1999,0.0
07/10/1999,0.0
08/10/1999,0.0
09/10/1999,0.0
10/10/1999,2.8
11/10/1999,0.0
12/10/1999,13.8
13/10/1999,48.3
14/10/1999,51.4
15/10/1999,1.9
16/10/1999,0.0
17/10/1999,0.6
18/10/1999,1.0
19/10/1999,34.1
20/10/1999,0.8
21/10/1999,0.0
22/10/1999,44.2
23/10/1999,1.1
24/10/1999,0.0
25/10/1999,1.2
26/10/1999,1.4
27/10/1999,15.4
28/10/1999,4.7
29/10/1999,7.4
30/10/1999,0.5
31/10/1999,0.0
01/11/1999,13.7
02/11/1999,7.4
03/11/1999,47.0
04/11/1999,0.0
05/11/1999,0.0
06/11/1999,0.0
07/11/1999,0.0
08/11/1999,0.0
09/11/1999,0.0
10/11/1999,0.0
11/11/1999,18.6
12/11/1999,0.0
13/11/1999,5.5
14/11/1999,5.3
15/11/1999,0.0
16/11/1999,0.0
17/11/1999,16.2
18/11/1999,0.0
19/11/1999,6.4
20/11/1999,8.9
21/11/1999,21.0
22/11/1999,0.9
23/11/1999,0.0
24/11/1999,1.9
25/11/1999,0.0
26/11/1999,2.0
27/11/1999,15.2
28/11/1999,0.0
29/11/1999,0.0
30/11/1999,25.5
01/12/1999,14.6
02/12/1999,0.8
03/12/1999,4.4
04/12/1999,0.7
05/12/1999,24.4
06/12/1999,8.3
07/12/1999,1.1
08/12/1999,57.2
09/12/1999,0.0
10/12/1999,0.0
11/12/1999,0.0
12/12/1999,11.0
13/12/1999,2.3
14/12/1999,0.0
15/12/1999,0.0
16/12/1999,0.0
17/12/1999,0.0
18/12/1999,0.0
19/12/1999,0.0
20/12/1999,0.0
21/12/1999,0.0
22/12/1999,0.0
23/12/1999,0.0
24/12/1999,0.0
25/12/1999,0.0
26/12/1999,0.0
27/12/1999,0.0
28/12/1999,0.0
29/12/1999,0.0
30/12/1999,0.0
31/12/1999,0.0
01/01/2000,0.0
02/01/2000,0.0
03/01/2000,0.0
04/01/2000,0.0
05/01/2000,0.0
06/01/2000,0.0
07/01/2000,0.0
08/01/2000,0.0
25/01/2000,7.7
26/01/2000,0.6
27/01/2000,0.5
28/01/2000,6.6
29/01/2000,2.4
30/01/2000,15.5
31/01/2000,24.2
01/02/2000,8.5
02/02/2000,0.0
03/02/2000,0.4
04/02/2000,0.0
05/02/2000,0.0
06/02/2000,0.0
07/02/2000,0.0
08/02/2000,29.7
09/02/2000,0.0
10/02/2000,0.0
11/02/2000,0.0
12/02/2000,0.0
13/02/2000,1.6
14/02/2000,18.4
15/02/2000,0.0
16/02/2000,5.4
17/02/2000,2.5
18/02/2000,0.0
19/02/2000,13.7
20/02/2000,0.0
21/02/2000,0.0
22/02/2000,0.6
23/02/2000,0.0
24/02/2000,3.6
25/02/2000,6.9
26/02/2000,2.2
27/02/2000,2.1
28/02/2000,95.0
29/02/2000,48.0
01/03/2000,27.0
02/03/2000,6.5
03/03/2000,10.1
04/03/2000,0.0
05/03/2000,0.0
06/03/2000,0.0
07/03/2000,2.5
08/03/2000,0.0
09/03/2000,0.0
10/03/2000,0.0
11/03/2000,0.0
12/03/2000,40.6
13/03/2000,0.0
14/03/2000,0.0
15/03/2000,0.0
16/03/2000,0.0
17/03/2000,0.0
18/03/2000,0.0
19/03/2000,0.0
20/03/2000,0.0
21/03/2000,0.0
22/03/2000,0.0
23/03/2000,0.0
24/03/2000,0.0
25/03/2000,0.0
26/03/2000,0.0
27/03/2000,0.0
28/03/2000,6.1
29/03/2000,63.2
30/03/2000,8.7
31/03/2000,0.0
01/04/2000,0.0
02/04/2000,0.0
03/04/2000,0.0
04/04/2000,0.0
05/04/2000,0.0
06/04/2000,0.0
07/04/2000,0.0
08/04/2000,0.0
09/04/2000,0.2
10/04/2000,0.6
11/04/2000,60.4
12/04/2000,1.1
13/04/2000,19.3
14/04/2000,103.8
15/04/2000,0.2
16/04/2000,33.4
17/04/2000,0.0
18/04/2000,0.0
19/04/2000,0.0
20/04/2000,0.0
21/04/2000,0.0
22/04/2000,0.0
23/04/2000,12.2
24/04/2000,0.0
25/04/2000,0.0
26/04/2000,0.0
27/04/2000,0.0
28/04/2000,0.0
29/04/2000,0.0
30/04/2000,3.6
01/05/2000,0.0
02/05/2000,31.3
03/05/2000,0.0
04/05/2000,15.4
05/05/2000,20.2
06/05/2000,0.0
07/05/2000,17.8
08/05/2000,0.0
09/05/2000,0.0
10/05/2000,0.0
11/05/2000,0.0
12/05/2000,7.0
13/05/2000,0.0
14/05/2000,0.0
15/05/2000,0.0
16/05/2000,0.0
17/05/2000,0.0
18/05/2000,0.0
19/05/2000,0.0
20/05/2000,36.2
21/05/2000,22.6
22/05/2000,0.0
23/05/2000,0.0
24/05/2000,0.0
25/05/2000,0.0
26/05/2000,0.0
27/05/2000,0.0
28/05/2000,0.0
29/05/2000,0.0
30/05/2000,9.2
31/05/2000,5.2
01/06/2000,17.9
02/06/2000,31.3
03/06/2000,0.7
04/06/2000,0.0
05/06/2000,0.0
06/06/2000,0.0
07/06/2000,11.8
08/06/2000,0.5
09/06/2000,0.0
10/06/2000,0.0
11/06/2000,0.0
12/06/2000,0.0
13/06/2000,1.9
14/06/2000,15.5
15/06/2000,8.0
16/06/2000,7.6
17/06/2000,0.0
18/06/2000,0.0
19/06/2000,37.2
20/06/2000,0.0
21/06/2000,0.0
22/06/2000,0.0
23/06/2000,0.0
24/06/2000,0.0
25/06/2000,0.0
26/06/2000,0.0
27/06/2000,0.0
28/06/2000,0.0
29/06/2000,0.0
30/06/2000,0.0
01/07/2000,0.5
02/07/2000,0.0
03/07/2000,0.0
04/07/2000,0.0
05/07/2000,0.0
06/07/2000,0.0
07/07/2000,0.0
08/07/2000,0.0
09/07/2000,0.0
10/07/2000,0.0
11/07/2000,0.0
12/07/2000,0.0
13/07/2000,0.0
14/07/2000,0.0
15/07/2000,0.0
16/07/2000,0.0
17/07/2000,0.0
18/07/2000,0.0
19/07/2000,2.1
20/07/2000,0.8
21/07/2000,0.0
22/07/2000,4.4
23/07/2000,6.6
24/07/2000,13.9
25/07/2000,0.0
26/07/2000,6.6
27/07/2000,0.0
28/07/2000,0.0
29/07/2000,0.0
30/07/2000,0.0
31/07/2000,0.0
01/08/2000,5.1
02/08/2000,0.0
03/08/2000,0.0
04/08/2000,0.0
05/08/2000,0.0
06/08/2000,0.0
07/08/2000,3.2
08/08/2000,0.0
09/08/2000,0.0
10/08/2000,24.1
11/08/2000,0.0
12/08/2000,0.0
13/08/2000,0.0
14/08/2000,0.0
15/08/2000,52.5
16/08/2000,8.9
17/08/2000,0.0
18/08/2000,0.0
19/08/2000,8.8
20/08/2000,17.3
21/08/2000,0.0
22/08/2000,0.0
23/08/2000,0.0
24/08/2000,0.0
25/08/2000,0.0
26/08/2000,2.1
27/08/2000,29.2
28/08/2000,3.8
29/08/2000,0.0
30/08/2000,0.0
31/08/2000,62.4
01/09/2000,0.0
02/09/2000,0.0
03/09/2000,17.6
04/09/2000,0.0
05/09/2000,0.0
06/09/2000,0.0
07/09/2000,0.0
08/09/2000,0.0
09/09/2000,0.0
10/09/2000,5.2
11/09/2000,34.9
12/09/2000,0.5
13/09/2000,0.0
14/09/2000,0.0
15/09/2000,0.0
16/09/2000,0.0
17/09/2000,0.0
18/09/2000,11.8
19/09/2000,0.0
20/09/2000,46.4
21/09/2000,13.0
22/09/2000,0.0
23/09/2000,0.0
24/09/2000,0.0
25/09/2000,1.5
26/09/2000,0.0
27/09/2000,0.0
28/09/2000,8.6
29/09/2000,0.0
30/09/2000,1.2
01/10/2000,1.8
02/10/2000,3.4
03/10/2000,0.0
04/10/2000,7.4
05/10/2000,2.5
06/10/2000,0.0
07/10/2000,14.0
08/10/2000,0.0
09/10/2000,5.6
10/10/2000,0.0
11/10/2000,4.7
12/10/2000,5.1
13/10/2000,8.9
14/10/2000,3.8
15/10/2000,6.2
16/10/2000,0.0
17/10/2000,11.5
18/10/2000,34.1
19/10/2000,49.4
20/10/2000,41.8
21/10/2000,22.2
22/10/2000,34.1
23/10/2000,22.7
24/10/2000,0.0
25/10/2000,0.0
26/10/2000,0.7
27/10/2000,6.3
28/10/2000,78.5
29/10/2000,41.6
30/10/2000,2.0
31/10/2000,1.6
01/11/2000,86.7
02/11/2000,0.0
03/11/2000,0.0
04/11/2000,0.0
05/11/2000,1.6
06/11/2000,0.0
07/11/2000,5.9
08/11/2000,13.8
09/11/2000,38.3
10/11/2000,0.0
11/11/2000,0.0
12/11/2000,0.0
13/11/2000,0.8
14/11/2000,14.2
15/11/2000,60.0
16/11/2000,27.8
17/11/2000,0.5
18/11/2000,0.6
19/11/2000,0.0
20/11/2000,0.8
21/11/2000,62.1
22/11/2000,284.9
23/11/2000,0.7
24/11/2000,0.6
25/11/2000,28.5
26/11/2000,16.4
27/11/2000,4.7
28/11/2000,0.0
29/11/2000,0.0
30/11/2000,1.1
01/12/2000,0.0
02/12/2000,4.2
03/12/2000,0.0
04/12/2000,0.0
05/12/2000,0.0
06/12/2000,0.0
07/12/2000,0.0
08/12/2000,0.0
09/12/2000,0.0
10/12/2000,0.0
11/12/2000,24.9
12/12/2000,0.0
13/12/2000,0.0
14/12/2000,0.0
15/12/2000,9.8
16/12/2000,4.2
17/12/2000,11.9
18/12/2000,44.6
19/12/2000,1.0
20/12/2000,28.6
21/12/2000,13.5
22/12/2000,5.3
23/12/2000,6.3
24/12/2000,0.0
25/12/2000,2.7
26/12/2000,0.0
27/12/2000,0.0
28/12/2000,0.0
29/12/2000,0.5
30/12/2000,0.0
31/12/2000,109.1
01/01/2001,123.3
02/01/2001,2.0
03/01/2001,0.5
04/01/2001,0.6
05/01/2001,0.0
06/01/2001,0.7
07/01/2001,3.7
08/01/2001,0.0
09/01/2001,0.0
10/01/2001,0.0
11/01/2001,0.0
12/01/2001,0.0
13/01/2001,18.6
14/01/2001,60.8
15/01/2001,42.1
16/01/2001,23.5
17/01/2001,222.9
18/01/2001,265.5
19/01/2001,5.4
20/01/2001,2.2
21/01/2001,0.0
22/01/2001,64.0
23/01/2001,1.9
24/01/2001,0.0
25/01/2001,24.3
26/01/2001,0.0
27/01/2001,0.0
28/01/2001,0.0
29/01/2001,6.9
30/01/2001,4.0
31/01/2001,31.4
01/02/2001,0.0
02/02/2001,0.0
03/02/2001,0.0
04/02/2001,0.0
05/02/2001,4.8
06/02/2001,11.3
07/02/2001,0.0
08/02/2001,3.9
09/02/2001,2.0
10/02/2001,0.0
11/02/2001,0.7
12/02/2001,0.0
13/02/2001,0.0
14/02/2001,21.3
15/02/2001,3.7
16/02/2001,1.5
17/02/2001,0.0
18/02/2001,0.0
19/02/2001,0.0
20/02/2001,3.8
21/02/2001,0.0
22/02/2001,0.0
23/02/2001,0.0
24/02/2001,0.0
25/02/2001,0.0
26/02/2001,0.0
27/02/2001,0.0
28/02/2001,0.0
01/03/2001,0.0
02/03/2001,0.0
03/03/2001,0.0
04/03/2001,32.8
05/03/2001,145.9
06/03/2001,28.0
07/03/2001,15.0
08/03/2001,11.0
09/03/2001,10.3
10/03/2001,7.1
11/03/2001,14.2
12/03/2001,1.8
13/03/2001,0.0
14/03/2001,9.1
15/03/2001,0.0
16/03/2001,27.8
17/03/2001,0.8
18/03/2001,9.8
19/03/2001,0.0
20/03/2001,39.0
21/03/2001,14.0
22/03/2001,0.0
23/03/2001,1.7
24/03/2001,0.0
25/03/2001,5.7
26/03/2001,47.1
27/03/2001,5.6
28/03/2001,5.1
29/03/2001,8.0
30/03/2001,0.0
31/03/2001,0.0
01/04/2001,0.0
02/04/2001,1.7
03/04/2001,5.3
04/04/2001,0.4
05/04/2001,0.0
06/04/2001,5.7
07/04/2001,0.0
08/04/2001,0.0
09/04/2001,28.8
10/04/2001,0.0
11/04/2001,0.0
12/04/2001,0.0
13/04/2001,5.8
14/04/2001,0.0
15/04/2001,1.8
16/04/2001,0.0
17/04/2001,0.0
18/04/2001,0.0
19/04/2001,0.0
20/04/2001,0.0
21/04/2001,0.0
22/04/2001,0.0
23/04/2001,0.0
24/04/2001,0.0
25/04/2001,0.0
26/04/2001,0.0
27/04/2001,0.0
28/04/2001,7.8
29/04/2001,9.9
30/04/2001,0.0
01/05/2001,0.0
02/05/2001,0.0
03/05/2001,6.7
04/05/2001,3.0
05/05/2001,0.0
06/05/2001,6.9
07/05/2001,0.0
08/05/2001,15.1
09/05/2001,0.0
10/05/2001,0.0
11/05/2001,20.5
12/05/2001,3.8
13/05/2001,0.0
14/05/2001,0.0
15/05/2001,1.3
16/05/2001,0.0
17/05/2001,6.4
18/05/2001,2.1
19/05/2001,2.2
20/05/2001,0.0
21/05/2001,1.1
22/05/2001,0.0
23/05/2001,0.0
24/05/2001,0.0
25/05/2001,17.1
26/05/2001,5.8
27/05/2001,0.0
28/05/2001,0.8
29/05/2001,0.0
30/05/2001,0.0
31/05/2001,0.0
01/06/2001,0.0
02/06/2001,0.0
03/06/2001,9.0
04/06/2001,0.7
05/06/2001,0.0
06/06/2001,0.0
07/06/2001,1.8
08/06/2001,0.0
09/06/2001,0.0
10/06/2001,0.0
11/06/2001,14.7
12/06/2001,0.0
13/06/2001,0.0
14/06/2001,0.0
15/06/2001,0.0
16/06/2001,22.8
17/06/2001,0.0
18/06/2001,16.8
19/06/2001,0.0
20/06/2001,0.0
21/06/2001,0.3
22/06/2001,0.4
23/06/2001,0.0
24/06/2001,0.0
25/06/2001,0.0
26/06/2001,0.0
27/06/2001,5.3
28/06/2001,7.0
29/06/2001,0.0
30/06/2001,0.0
01/07/2001,2.2
02/07/2001,0.0
03/07/2001,0.0
04/07/2001,0.0
05/07/2001,0.0
06/07/2001,0.0
07/07/2001,0.0
08/07/2001,0.0
09/07/2001,0.0
10/07/2001,6.1
11/07/2001,0.0
12/07/2001,4.3
13/07/2001,0.3
14/07/2001,0.0
15/07/2001,5.5
16/07/2001,13.3
17/07/2001,0.0
18/07/2001,0.0
19/07/2001,0.0
20/07/2001,0.0
21/07/2001,0.0
22/07/2001,0.0
23/07/2001,0.0
24/07/2001,0.0
25/07/2001,0.0
26/07/2001,0.0
27/07/2001,0.4
28/07/2001,0.0
29/07/2001,0.0
30/07/2001,0.0
31/07/2001,0.0
01/08/2001,0.0
02/08/2001,0.2
03/08/2001,1.1
04/08/2001,0.0
05/08/2001,12.1
06/08/2001,0.0
07/08/2001,0.0
08/08/2001,0.1
09/08/2001,21.5
10/08/2001,3.0
11/08/2001,0.5
12/08/2001,0.0
13/08/2001,8.4
14/08/2001,0.0
15/08/2001,0.0
16/08/2001,4.9
17/08/2001,0.0
18/08/2001,2.8
19/08/2001,1.7
20/08/2001,14.6
21/08/2001,11.2
22/08/2001,0.0
23/08/2001,0.0
24/08/2001,0.0
25/08/2001,0.0
26/08/2001,6.3
27/08/2001,18.7
28/08/2001,0.0
29/08/2001,0.0
30/08/2001,14.5
31/08/2001,0.4
01/09/2001,0.0
02/09/2001,0.0
03/09/2001,0.6
04/09/2001,15.5
05/09/2001,11.6
06/09/2001,0.0
07/09/2001,0.0
08/09/2001,0.0
09/09/2001,0.0
10/09/2001,0.0
11/09/2001,0.0
12/09/2001,0.0
13/09/2001,0.0
14/09/2001,0.0
15/09/2001,0.0
16/09/2001,0.0
17/09/2001,9.1
18/09/2001,0.0
19/09/2001,1.4
20/09/2001,0.0
21/09/2001,2.1
22/09/2001,26.8
23/09/2001,11.9
24/09/2001,26.8
25/09/2001,0.0
26/09/2001,19.3
27/09/2001,9.8
28/09/2001,0.0
29/09/2001,1.5
30/09/2001,0.0
01/10/2001,11.0
02/10/2001,10.4
03/10/2001,18.6
04/10/2001,5.9
05/10/2001,0.7
06/10/2001,0.4
07/10/2001,54.1
08/10/2001,3.4
09/10/2001,0.0
10/10/2001,0.0
11/10/2001,1.6
12/10/2001,0.5
13/10/2001,3.6
14/10/2001,2.9
15/10/2001,0.0
16/10/2001,0.5
17/10/2001,16.4
18/10/2001,25.4
19/10/2001,5.1
20/10/2001,11.1
21/10/2001,1.0
22/10/2001,5.8
23/10/2001,6.3
24/10/2001,0.5
25/10/2001,5.7
26/10/2001,26.0
27/10/2001,0.0
28/10/2001,14.9
29/10/2001,38.9
30/10/2001,6.6
31/10/2001,14.9
01/11/2001,0.0
02/11/2001,2.4
03/11/2001,8.7
04/11/2001,0.0
05/11/2001,9.6
06/11/2001,0.9
07/11/2001,46.0
08/11/2001,1.7
09/11/2001,3.2
10/11/2001,1.1
11/11/2001,0.0
12/11/2001,6.1
13/11/2001,29.3
14/11/2001,40.6
15/11/2001,30.7
16/11/2001,15.5
17/11/2001,232.0
18/11/2001,58.0
19/11/2001,7.4
20/11/2001,0.5
21/11/2001,0.0
22/11/2001,0.0
23/11/2001,0.9
24/11/2001,33.6
25/11/2001,31.6
26/11/2001,7.5
27/11/2001,1.4
28/11/2001,0.0
29/11/2001,0.0
30/11/2001,53.4
01/12/2001,0.8
02/12/2001,0.0
03/12/2001,0.0
04/12/2001,0.0
05/12/2001,0.0
06/12/2001,4.1
07/12/2001,22.7
08/12/2001,0.8
09/12/2001,0.0
10/12/2001,0.0
11/12/2001,0.0
12/12/2001,0.0
13/12/2001,0.0
14/12/2001,225.2
15/12/2001,269.2
16/12/2001,32.2
17/12/2001,56.7
18/12/2001,10.3
19/12/2001,27.0
20/12/2001,10.0
21/12/2001,23.2
22/12/2001,69.0
23/12/2001,77.9
24/12/2001,21.9
25/12/2001,1.8
26/12/2001,8.2
27/12/2001,72.1
28/12/2001,159.5
29/12/2001,79.4
30/12/2001,5.3
31/12/2001,0.0
01/01/2002,0.0
02/01/2002,0.0
03/01/2002,0.0
04/01/2002,0.0
05/01/2002,2.3
06/01/2002,7.4
07/01/2002,8.8
08/01/2002,7.6
09/01/2002,8.7
10/01/2002,6.1
11/01/2002,1.5
12/01/2002,0.0
13/01/2002,0.0
14/01/2002,0.0
15/01/2002,0.0
16/01/2002,0.0
17/01/2002,0.0
18/01/2002,0.0
19/01/2002,0.0
20/01/2002,13.7
21/01/2002,5.2
22/01/2002,2.2
23/01/2002,6.9
24/01/2002,9.0
25/01/2002,2.9
26/01/2002,0.7
27/01/2002,0.0
28/01/2002,1.1
29/01/2002,0.0
30/01/2002,0.2
31/01/2002,4.1
01/02/2002,0.0
02/02/2002,0.0
03/02/2002,0.0
04/02/2002,0.0
05/02/2002,0.0
06/02/2002,0.0
07/02/2002,0.0
08/02/2002,0.0
09/02/2002,0.0
10/02/2002,0.0
11/02/2002,0.0
12/02/2002,6.5
13/02/2002,0.0
14/02/2002,0.0
15/02/2002,0.0
16/02/2002,0.0
17/02/2002,0.0
18/02/2002,0.0
19/02/2002,0.0
20/02/2002,7.8
21/02/2002,0.0
22/02/2002,0.0
23/02/2002,0.0
24/02/2002,0.0
25/02/2002,1.6
26/02/2002,13.8
27/02/2002,0.0
28/02/2002,0.0
01/03/2002,0.0
02/03/2002,1.5
03/03/2002,0.0
04/03/2002,0.0
05/03/2002,0.0
06/03/2002,0.0
07/03/2002,0.0
08/03/2002,0.0
09/03/2002,0.0
10/03/2002,1.6
11/03/2002,0.9
12/03/2002,0.0
13/03/2002,0.0
14/03/2002,0.0
15/03/2002,0.0
16/03/2002,0.0
17/03/2002,0.0
18/03/2002,0.0
19/03/2002,7.4
20/03/2002,124.4
21/03/2002,11.7
22/03/2002,7.4
23/03/2002,0.0
24/03/2002,0.0
25/03/2002,0.0
26/03/2002,0.0
27/03/2002,0.0
28/03/2002,0.0
29/03/2002,0.0
30/03/2002,25.9
31/03/2002,0.0
01/04/2002,0.0
02/04/2002,0.0
03/04/2002,0.0
04/04/2002,0.0
05/04/2002,0.0
06/04/2002,0.0
07/04/2002,0.0
08/04/2002,0.0
09/04/2002,0.0
10/04/2002,0.0
11/04/2002,0.0
12/04/2002,11.3
13/04/2002,14.2
14/04/2002,0.0
15/04/2002,0.0
16/04/2002,0.0
17/04/2002,0.0
18/04/2002,0.0
19/04/2002,0.0
20/04/2002,0.0
21/04/2002,0.0
22/04/2002,0.0
23/04/2002,0.0
24/04/2002,0.5
25/04/2002,0.0
26/04/2002,0.0
27/04/2002,3.9
28/04/2002,58.9
29/04/2002,0.0
30/04/2002,35.8
01/05/2002,4.3
02/05/2002,0.0
03/05/2002,56.3
04/05/2002,4.4
05/05/2002,0.7
06/05/2002,2.1
07/05/2002,1.4
08/05/2002,27.8
09/05/2002,0.0
10/05/2002,0.0
11/05/2002,0.0
12/05/2002,0.0
13/05/2002,0.0
14/05/2002,0.0
15/05/2002,0.0
16/05/2002,0.0
17/05/2002,3.5
18/05/2002,0.0
19/05/2002,2.1
20/05/2002,0.0
21/05/2002,0.0
22/05/2002,11.3
23/05/2002,0.0
24/05/2002,27.6
25/05/2002,0.0
26/05/2002,0.0
27/05/2002,1.2
28/05/2002,0.0
29/05/2002,0.0
30/05/2002,0.0
31/05/2002,0.0
01/06/2002,0.0
02/06/2002,0.0
03/06/2002,17.5
04/06/2002,0.0
05/06/2002,0.0
06/06/2002,0.0
07/06/2002,0.0
08/06/2002,0.0
09/06/2002,0.0
10/06/2002,0.9
11/06/2002,5.8
12/06/2002,12.1
13/06/2002,0.0
17/06/2002,0.0
18/06/2002,0.0
19/06/2002,0.0
20/06/2002,0.0
21/06/2002,0.0
22/06/2002,0.0
23/06/2002,0.0
24/06/2002,0.0
25/06/2002,3.5
26/06/2002,40.5
27/06/2002,0.0
28/06/2002,0.0
29/06/2002,0.0
30/06/2002,0.0
01/07/2002,0.0
02/07/2002,38.5
03/07/2002,0.0
04/07/2002,0.0
05/07/2002,0.0
06/07/2002,0.0
07/07/2002,0.0
08/07/2002,0.0
09/07/2002,0.0
10/07/2002,17.5
11/07/2002,0.0
12/07/2002,0.0
13/07/2002,0.0
14/07/2002,0.0
15/07/2002,0.0
16/07/2002,3.0
17/07/2002,0.0
18/07/2002,0.0
19/07/2002,0.0
20/07/2002,0.0
21/07/2002,5.5
22/07/2002,0.0
23/07/2002,0.0
24/07/2002,11.5
25/07/2002,0.0
26/07/2002,0.0
27/07/2002,0.0
28/07/2002,30.5
29/07/2002,0.0
30/07/2002,0.0
31/07/2002,0.0
01/08/2002,0.0
02/08/2002,18.0
03/08/2002,0.0
04/08/2002,0.0
05/08/2002,0.0
06/08/2002,0.0
07/08/2002,0.0
08/08/2002,11.5
09/08/2002,0.0
10/08/2002,0.0
11/08/2002,9.5
12/08/2002,0.0
13/08/2002,0.0
14/08/2002,0.0
15/08/2002,0.0
16/08/2002,0.0
17/08/2002,0.0
18/08/2002,0.0
19/08/2002,0.0
20/08/2002,0.0
21/08/2002,0.0
22/08/2002,21.0
23/08/2002,13.5
24/08/2002,0.0
25/08/2002,0.0
26/08/2002,0.0
27/08/2002,3.5
28/08/2002,12.0
29/08/2002,0.0
30/08/2002,0.0
31/08/2002,0.0
01/09/2002,26.5
02/09/2002,0.0
03/09/2002,0.0
04/09/2002,0.0
05/09/2002,0.0
06/09/2002,0.0
07/09/2002,32.0
08/09/2002,5.5
09/09/2002,0.0
10/09/2002,60.5
11/09/2002,0.0
12/09/2002,0.0
13/09/2002,0.0
14/09/2002,0.0
15/09/2002,0.0
16/09/2002,0.0
17/09/2002,0.0
18/09/2002,15.0
19/09/2002,0.0
20/09/2002,0.0
21/09/2002,85.0
22/09/2002,17.0
23/09/2002,2.5
24/09/2002,0.0
25/09/2002,0.0
26/09/2002,0.0
27/09/2002,0.0
28/09/2002,8.5
29/09/2002,0.0
30/09/2002,0.0
01/10/2002,0.0
02/10/2002,0.0
03/10/2002,0.0
04/10/2002,0.0
05/10/2002,0.0
06/10/2002,0.0
07/10/2002,0.0
08/10/2002,0.0
09/10/2002,0.0
10/10/2002,0.0
11/10/2002,55.0
12/10/2002,36.5
13/10/2002,0.0
14/10/2002,5.5
15/10/2002,0.0
16/10/2002,0.0
17/10/2002,0.0
18/10/2002,0.0
19/10/2002,0.0
20/10/2002,0.0
21/10/2002,0.0
22/10/2002,8.0
23/10/2002,0.0
24/10/2002,0.0
25/10/2002,0.0
26/10/2002,19.5
27/10/2002,0.0
28/10/2002,18.5
29/10/2002,0.0
30/10/2002,0.0
31/10/2002,12.0
01/11/2002,0.0
02/11/2002,16.0
03/11/2002,30.0
04/11/2002,0.0
05/11/2002,0.0
06/11/2002,0.0
07/11/2002,0.0
08/11/2002,0.0
09/11/2002,0.0
10/11/2002,0.0
11/11/2002,0.0
12/11/2002,0.0
13/11/2002,0.0
14/11/2002,43.5
15/11/2002,0.0
16/11/2002,22.5
17/11/2002,0.0
18/11/2002,17.0
19/11/2002,69.5
20/11/2002,0.0
21/11/2002,25.0
22/11/2002,0.0
23/11/2002,125.0
24/11/2002,24.5
25/11/2002,0.0
26/11/2002,0.0
27/11/2002,0.0
28/11/2002,7.5
29/11/2002,0.0
30/11/2002,0.0
01/12/2002,0.0
02/12/2002,0.0
03/12/2002,16.0
04/12/2002,0.0
05/12/2002,0.0
06/12/2002,22.5
07/12/2002,0.0
08/12/2002,0.0
09/12/2002,0.0
10/12/2002,73.5
11/12/2002,16.5
12/12/2002,0.0
13/12/2002,34.0
14/12/2002,71.5
15/12/2002,0.0
16/12/2002,27.0
17/12/2002,14.5
18/12/2002,0.0
19/12/2002,0.0
20/12/2002,0.0
21/12/2002,0.0
22/12/2002,0.0
23/12/2002,23.0
24/12/2002,58.5
25/12/2002,0.0
26/12/2002,171.5
27/12/2002,0.0
28/12/2002,0.0
29/12/2002,0.0
30/12/2002,57.0
31/12/2002,80.0
01/01/2003,32.5
02/01/2003,75.0
03/01/2003,65.0
04/01/2003,53.5
05/01/2003,0.0
06/01/2003,17.5
07/01/2003,16.5
08/01/2003,6.0
09/01/2003,0.0
10/01/2003,0.0
11/01/2003,0.0
12/01/2003,22.5
13/01/2003,10.0
14/01/2003,0.0
15/01/2003,12.5
16/01/2003,13.5
17/01/2003,0.0
18/01/2003,16.5
19/01/2003,18.5
20/01/2003,0.0
21/01/2003,0.0
22/01/2003,0.0
23/01/2003,0.5
24/01/2003,0.0
25/01/2003,0.0
26/01/2003,0.0
27/01/2003,0.0
28/01/2003,1.5
29/01/2003,0.5
30/01/2003,13.0
31/01/2003,22.5
01/02/2003,44.5
02/02/2003,0.5
03/02/2003,0.5
04/02/2003,1.0
05/02/2003,0.5
06/02/2003,2.0
07/02/2003,0.0
08/02/2003,0.0
09/02/2003,2.5
10/02/2003,20.5
11/02/2003,4.0
12/02/2003,2.5
13/02/2003,1.5
14/02/2003,29.5
15/02/2003,27.0
16/02/2003,5.5
17/02/2003,0.0
18/02/2003,0.0
19/02/2003,0.0
20/02/2003,0.0
21/02/2003,0.0
22/02/2003,0.0
23/02/2003,0.0
24/02/2003,0.0
25/02/2003,0.0
26/02/2003,0.0
27/02/2003,0.0
28/02/2003,0.0
01/03/2003,0.0
02/03/2003,0.0
03/03/2003,0.0
04/03/2003,0.0
05/03/2003,0.0
06/03/2003,0.0
07/03/2003,2.0
08/03/2003,0.0
09/03/2003,0.5
10/03/2003,22.0
11/03/2003,0.0
12/03/2003,4.0
13/03/2003,0.5
14/03/2003,0.0
15/03/2003,0.5
16/03/2003,0.0
17/03/2003,0.0
18/03/2003,0.0
19/03/2003,0.0
20/03/2003,22.0
21/03/2003,0.0
22/03/2003,0.0
23/03/2003,17.0
24/03/2003,73.0
25/03/2003,16.0
26/03/2003,51.5
27/03/2003,27.0
28/03/2003,0.0
29/03/2003,0.0
30/03/2003,0.0
31/03/2003,0.0
01/04/2003,6.5
02/04/2003,7.5
03/04/2003,0.5
04/04/2003,0.0
05/04/2003,0.0
06/04/2003,0.0
07/04/2003,4.0
08/04/2003,0.0
09/04/2003,0.0
10/04/2003,62.5
11/04/2003,6.5
12/04/2003,0.0
13/04/2003,7.0
14/04/2003,0.0
15/04/2003,0.0
16/04/2003,21.5
17/04/2003,0.0
18/04/2003,0.0
19/04/2003,0.0
20/04/2003,0.0
21/04/2003,0.0
22/04/2003,0.0
23/04/2003,0.0
24/04/2003,0.0
25/04/2003,0.0
26/04/2003,7.0
27/04/2003,0.0
28/04/2003,1.0
29/04/2003,0.0
30/04/2003,1.0
01/05/2003,0.0
02/05/2003,0.0
03/05/2003,0.0
04/05/2003,1.5
05/05/2003,0.5
06/05/2003,9.5
07/05/2003,0.0
08/05/2003,0.0
09/05/2003,30.0
10/05/2003,0.5
11/05/2003,46.0
12/05/2003,0.0
13/05/2003,9.5
14/05/2003,1.0
15/05/2003,0.5
16/05/2003,0.0
17/05/2003,0.0
18/05/2003,0.0
19/05/2003,0.0
20/05/2003,0.0
21/05/2003,13.0
22/05/2003,0.0
23/05/2003,0.0
24/05/2003,13.0
25/05/2003,0.0
26/05/2003,0.0
27/05/2003,0.0
28/05/2003,0.0
29/05/2003,0.0
30/05/2003,0.0
31/05/2003,0.0
01/06/2003,0.0
02/06/2003,0.0
03/06/2003,0.0
04/06/2003,0.0
05/06/2003,0.0
06/06/2003,0.0
07/06/2003,4.0
08/06/2003,0.0
09/06/2003,0.0
10/06/2003,0.0
11/06/2003,0.0
12/06/2003,0.0
13/06/2003,20.5
14/06/2003,0.0
15/06/2003,1.0
16/06/2003,0.0
17/06/2003,1.5
18/06/2003,0.0
19/06/2003,0.5
20/06/2003,8.0
21/06/2003,4.0
22/06/2003,0.0
23/06/2003,0.5
24/06/2003,0.0
25/06/2003,0.5
26/06/2003,0.0
27/06/2003,2.0
28/06/2003,0.0
29/06/2003,22.5
30/06/2003,0.0
01/07/2003,27.5
02/07/2003,0.0
03/07/2003,11.0
04/07/2003,34.5
05/07/2003,3.0
06/07/2003,0.0
07/07/2003,6.0
08/07/2003,1.0
09/07/2003,0.0
10/07/2003,0.0
11/07/2003,0.0
12/07/2003,0.0
13/07/2003,8.5
14/07/2003,0.0
15/07/2003,0.0
16/07/2003,0.0
17/07/2003,49.0
18/07/2003,8.5
19/07/2003,10.0
20/07/2003,5.0
21/07/2003,0.0
22/07/2003,5.0
23/07/2003,0.0
24/07/2003,0.0
25/07/2003,0.0
26/07/2003,0.0
27/07/2003,0.0
28/07/2003,0.5
29/07/2003,0.0
30/07/2003,0.0
31/07/2003,0.5
01/08/2003,0.0
02/08/2003,0.0
03/08/2003,0.0
04/08/2003,0.0
05/08/2003,0.0
06/08/2003,9.0
07/08/2003,0.0
08/08/2003,0.0
09/08/2003,0.0
10/08/2003,1.5
11/08/2003,56.0
12/08/2003,0.0
13/08/2003,29.0
14/08/2003,1.0
15/08/2003,3.0
16/08/2003,104.5
17/08/2003,1.0
18/08/2003,0.0
19/08/2003,22.0
20/08/2003,1.0
21/08/2003,0.0
22/08/2003,0.0
23/08/2003,0.5
24/08/2003,0.0
25/08/2003,3.0
26/08/2003,0.0
27/08/2003,0.0
28/08/2003,0.0
29/08/2003,0.0
30/08/2003,0.0
31/08/2003,8.5
01/09/2003,5.5
02/09/2003,22.5
03/09/2003,0.0
04/09/2003,0.5
05/09/2003,0.0
06/09/2003,0.0
07/09/2003,0.0
08/09/2003,0.0
09/09/2003,0.0
10/09/2003,27.5
11/09/2003,15.5
12/09/2003,1.0
13/09/2003,16.5
14/09/2003,24.0
15/09/2003,9.0
16/09/2003,0.0
17/09/2003,10.5
18/09/2003,0.0
19/09/2003,24.0
20/09/2003,0.0
21/09/2003,0.0
22/09/2003,0.0
23/09/2003,1.0
24/09/2003,28.0
25/09/2003,0.0
26/09/2003,0.5
27/09/2003,0.0
28/09/2003,0.0
29/09/2003,0.0
30/09/2003,2.0
01/10/2003,2.0
02/10/2003,41.0
03/10/2003,2.5
04/10/2003,8.0
05/10/2003,0.0
06/10/2003,2.0
07/10/2003,6.5
08/10/2003,0.5
09/10/2003,0.0
10/10/2003,36.0
11/10/2003,9.0
12/10/2003,11.5
13/10/2003,2.0
14/10/2003,1.0
15/10/2003,6.5
16/10/2003,0.0
17/10/2003,5.0
18/10/2003,7.0
19/10/2003,51.0
20/10/2003,0.5
21/10/2003,8.0
22/10/2003,0.0
23/10/2003,0.0
24/10/2003,13.0
25/10/2003,7.5
26/10/2003,0.0
27/10/2003,2.1
28/10/2003,0.0
29/10/2003,31.0
30/10/2003,1.2
31/10/2003,0.0
01/11/2003,11.8
02/11/2003,0.7
03/11/2003,30.9
04/11/2003,3.2
05/11/2003,33.2
06/11/2003,2.6
07/11/2003,3.4
08/11/2003,37.3
09/11/2003,1.7
10/11/2003,5.2
11/11/2003,2.0
12/11/2003,0.0
13/11/2003,0.0
14/11/2003,0.0
15/11/2003,13.8
16/11/2003,0.8
17/11/2003,0.0
18/11/2003,0.0
19/11/2003,13.0
20/11/2003,0.5
21/11/2003,13.0
22/11/2003,0.0
23/11/2003,1.5
24/11/2003,0.5
25/11/2003,27.0
26/11/2003,4.0
27/11/2003,58.0
28/11/2003,164.0
29/11/2003,53.5
30/11/2003,117.5
01/12/2003,200.5
02/12/2003,73.0
03/12/2003,0.5
04/12/2003,9.5
05/12/2003,1.5
06/12/2003,1.0
07/12/2003,34.5
08/12/2003,80.5
09/12/2003,105.5
10/12/2003,28.5
11/12/2003,7.0
12/12/2003,49.5
13/12/2003,35.0
14/12/2003,0.0
15/12/2003,0.0
16/12/2003,0.5
17/12/2003,0.5
18/12/2003,0.0
19/12/2003,7.0
20/12/2003,11.0
21/12/2003,31.5
22/12/2003,1.5
23/12/2003,1.5
24/12/2003,0.0
25/12/2003,0.0
26/12/2003,0.0
27/12/2003,0.0
28/12/2003,0.5
29/12/2003,4.5
30/12/2003,1.5
31/12/2003,1.0
01/01/2004,0.0
02/01/2004,0.0
03/01/2004,5.0
04/01/2004,3.5
05/01/2004,1.5
06/01/2004,1.5
07/01/2004,1.5
08/01/2004,7.0
09/01/2004,3.0
10/01/2004,4.5
11/01/2004,1.0
12/01/2004,2.0
13/01/2004,1.5
14/01/2004,1.0
15/01/2004,0.0
16/01/2004,0.0
17/01/2004,0.0
18/01/2004,0.0
19/01/2004,0.0
20/01/2004,0.0
21/01/2004,0.0
22/01/2004,0.0
23/01/2004,0.5
24/01/2004,0.0
25/01/2004,2.5
26/01/2004,10.5
27/01/2004,12.5
28/01/2004,24.5
29/01/2004,1.5
30/01/2004,0.0
31/01/2004,1.5
01/02/2004,0.5
02/02/2004,0.0
03/02/2004,0.0
04/02/2004,0.0
05/02/2004,0.0
06/02/2004,0.0
07/02/2004,1.5
08/02/2004,0.0
09/02/2004,0.0
10/02/2004,0.0
11/02/2004,1.5
12/02/2004,0.0
13/02/2004,1.5
14/02/2004,0.0
15/02/2004,0.0
16/02/2004,0.0
17/02/2004,0.0
18/02/2004,0.0
19/02/2004,0.0
20/02/2004,0.0
21/02/2004,0.0
22/02/2004,0.0
23/02/2004,0.0
24/02/2004,0.0
25/02/2004,0.0
26/02/2004,0.0
27/02/2004,0.0
28/02/2004,0.0
29/02/2004,18.0
01/03/2004,0.0
02/03/2004,0.0
03/03/2004,0.0
04/03/2004,0.0
05/03/2004,2.5
06/03/2004,0.0
07/03/2004,0.0
08/03/2004,4.5
09/03/2004,1.0
10/03/2004,5.0
11/03/2004,1.0
12/03/2004,0.5
13/03/2004,0.0
14/03/2004,0.0
15/03/2004,1.0
16/03/2004,0.5
17/03/2004,0.0
18/03/2004,0.0
19/03/2004,0.0
20/03/2004,0.0
21/03/2004,0.0
22/03/2004,0.0
23/03/2004,0.0
24/03/2004,0.0
25/03/2004,0.0
26/03/2004,0.0
27/03/2004,0.0
28/03/2004,0.0
29/03/2004,0.0
30/03/2004,0.0
31/03/2004,0.0
01/04/2004,1.0
02/04/2004,0.0
03/04/2004,6.5
04/04/2004,2.0
05/04/2004,0.5
06/04/2004,0.0
07/04/2004,0.0
08/04/2004,0.0
09/04/2004,0.0
10/04/2004,0.0
11/04/2004,0.0
12/04/2004,0.0
13/04/2004,0.0
14/04/2004,0.0
15/04/2004,0.0
16/04/2004,0.0
17/04/2004,0.0
18/04/2004,0.0
19/04/2004,0.0
20/04/2004,0.0
21/04/2004,0.0
22/04/2004,0.0
23/04/2004,0.0
24/04/2004,0.0
25/04/2004,0.0
26/04/2004,0.0
27/04/2004,0.0
28/04/2004,0.0
29/04/2004,8.8
30/04/2004,0.0
01/05/2004,2.3
02/05/2004,0.5
03/05/2004,0.0
04/05/2004,0.0
05/05/2004,0.9
06/05/2004,3.2
07/05/2004,0.5
08/05/2004,0.0
09/05/2004,0.0
10/05/2004,0.0
11/05/2004,0.0
12/05/2004,26.1
13/05/2004,0.4
14/05/2004,0.0
19/05/2004,0.0
20/05/2004,0.0
21/05/2004,0.0
22/05/2004,3.0
23/05/2004,0.5
24/05/2004,39.5
25/05/2004,0.0
26/05/2004,0.0
27/05/2004,0.0
28/05/2004,0.0
29/05/2004,0.0
30/05/2004,0.0
31/05/2004,4.5
01/06/2004,0.0
02/06/2004,0.5
03/06/2004,0.0
04/06/2004,0.0
05/06/2004,0.0
06/06/2004,29.0
07/06/2004,0.5
08/06/2004,24.0
09/06/2004,0.0
10/06/2004,0.0
11/06/2004,8.5
12/06/2004,17.5
13/06/2004,2.5
14/06/2004,3.5
15/06/2004,0.0
16/06/2004,0.0
17/06/2004,0.0
18/06/2004,3.0
19/06/2004,0.0
20/06/2004,0.5
21/06/2004,13.0
22/06/2004,0.0
23/06/2004,0.0
24/06/2004,0.0
25/06/2004,44.5
26/06/2004,29.5
27/06/2004,8.0
28/06/2004,9.0
29/06/2004,1.0
30/06/2004,0.0
01/07/2004,0.0
02/07/2004,0.0
03/07/2004,5.0
04/07/2004,0.0
05/07/2004,0.0
06/07/2004,0.0
07/07/2004,0.0
08/07/2004,0.0
09/07/2004,0.0
10/07/2004,11.5
11/07/2004,0.0
12/07/2004,0.0
13/07/2004,0.0
14/07/2004,0.0
15/07/2004,0.0
16/07/2004,0.0
17/07/2004,0.0
18/07/2004,0.0
19/07/2004,0.0
20/07/2004,0.0
21/07/2004,0.0
22/07/2004,0.0
23/07/2004,0.0
24/07/2004,0.0
25/07/2004,0.0
26/07/2004,0.0
27/07/2004,0.0
28/07/2004,0.0
29/07/2004,0.0
30/07/2004,0.0
31/07/2004,0.0
01/08/2004,0.0
02/08/2004,0.0
03/08/2004,0.0
04/08/2004,0.0
05/08/2004,0.0
06/08/2004,0.0
07/08/2004,0.0
08/08/2004,0.0
09/08/2004,1.5
10/08/2004,0.0
11/08/2004,3.5
12/08/2004,1.5
13/08/2004,0.0
14/08/2004,44.0
15/08/2004,34.5
16/08/2004,7.0
17/08/2004,0.5
18/08/2004,0.0
19/08/2004,0.0
20/08/2004,10.5
21/08/2004,0.0
22/08/2004,0.0
23/08/2004,7.5
24/08/2004,3.0
25/08/2004,6.5
26/08/2004,0.0
27/08/2004,13.5
28/08/2004,2.5
29/08/2004,4.0
30/08/2004,5.0
31/08/2004,27.5
01/09/2004,1.0
02/09/2004,0.0
03/09/2004,0.0
04/09/2004,0.0
05/09/2004,0.0
06/09/2004,0.0
07/09/2004,0.0
08/09/2004,0.0
09/09/2004,0.0
10/09/2004,0.0
11/09/2004,0.0
12/09/2004,0.0
13/09/2004,0.0
14/09/2004,0.0
15/09/2004,1.5
16/09/2004,4.5
17/09/2004,0.0
18/09/2004,0.0
19/09/2004,50.5
20/09/2004,0.0
21/09/2004,0.0
22/09/2004,0.0
23/09/2004,0.0
24/09/2004,0.0
25/09/2004,0.5
26/09/2004,0.5
27/09/2004,0.0
28/09/2004,0.0
29/09/2004,13.5
30/09/2004,1.5
01/10/2004,3.0
02/10/2004,0.5
03/10/2004,0.0
04/10/2004,0.0
05/10/2004,0.0
06/10/2004,0.0
07/10/2004,0.0
08/10/2004,0.0
09/10/2004,0.0
10/10/2004,0.0
11/10/2004,0.0
12/10/2004,0.0
13/10/2004,0.0
14/10/2004,0.0
15/10/2004,0.0
16/10/2004,0.0
17/10/2004,0.0
18/10/2004,0.0
19/10/2004,0.0
20/10/2004,0.0
21/10/2004,0.0
22/10/2004,0.0
23/10/2004,0.0
24/10/2004,0.0
25/10/2004,0.0
26/10/2004,12.5
27/10/2004,48.5
28/10/2004,20.0
29/10/2004,59.5
30/10/2004,174.5
31/10/2004,0.0
01/11/2004,8.5
02/11/2004,2.5
03/11/2004,3.0
04/11/2004,22.0
05/11/2004,44.5
06/11/2004,13.5
07/11/2004,0.0
08/11/2004,0.0
09/11/2004,7.5
10/11/2004,10.5
11/11/2004,0.0
12/11/2004,3.0
13/11/2004,53.0
14/11/2004,25.0
15/11/2004,0.0
16/11/2004,6.0
17/11/2004,0.0
18/11/2004,0.5
19/11/2004,3.5
20/11/2004,9.0
21/11/2004,2.5
22/11/2004,1.0
23/11/2004,0.0
24/11/2004,0.0
25/11/2004,0.0
26/11/2004,2.5
27/11/2004,15.5
28/11/2004,113.0
29/11/2004,10.5
30/11/2004,3.0
01/12/2004,21.5
02/12/2004,0.0
03/12/2004,0.0
04/12/2004,0.0
05/12/2004,0.0
06/12/2004,8.5
07/12/2004,107.5
08/12/2004,104.0
09/12/2004,137.0
10/12/2004,189.0
11/12/2004,69.5
12/12/2004,5.5
13/12/2004,0.5
14/12/2004,0.5
15/12/2004,0.0
16/12/2004,11.0
17/12/2004,14.5
18/12/2004,0.0
19/12/2004,0.0
20/12/2004,0.0
21/12/2004,0.0
22/12/2004,0.0
23/12/2004,0.0
24/12/2004,0.0
25/12/2004,3.0
26/12/2004,1.0
27/12/2004,0.0
28/12/2004,13.0
29/12/2004,23.0
30/12/2004,21.5
31/12/2004,4.5
01/01/2005,5.0
02/01/2005,4.0
03/01/2005,1.5
04/01/2005,0.5
05/01/2005,0.0
06/01/2005,0.0
07/01/2005,52.5
08/01/2005,2.0
09/01/2005,4.0
10/01/2005,0.0
11/01/2005,1.0
12/01/2005,7.0
13/01/2005,0.0
14/01/2005,0.0
15/01/2005,0.0
16/01/2005,0.0
17/01/2005,0.0
18/01/2005,0.0
19/01/2005,0.0
20/01/2005,0.0
21/01/2005,1.5
22/01/2005,8.0
23/01/2005,3.0
24/01/2005,0.0
25/01/2005,0.0
26/01/2005,0.0
27/01/2005,0.0
28/01/2005,0.0
29/01/2005,0.0
30/01/2005,0.0
31/01/2005,0.0
01/02/2005,0.0
02/02/2005,0.0
03/02/2005,0.0
04/02/2005,0.5
05/02/2005,0.0
06/02/2005,0.0
07/02/2005,0.0
08/02/2005,0.0
09/02/2005,0.0
10/02/2005,0.0
11/02/2005,11.0
12/02/2005,0.5
13/02/2005,1.5
14/02/2005,0.0
15/02/2005,0.0
16/02/2005,0.0
17/02/2005,0.0
18/02/2005,0.0
19/02/2005,0.0
20/02/2005,0.0
21/02/2005,2.5
22/02/2005,0.5
23/02/2005,0.0
24/02/2005,0.0
25/02/2005,0.0
26/02/2005,0.0
27/02/2005,0.0
28/02/2005,0.0
01/03/2005,0.0
02/03/2005,0.0
03/03/2005,0.0
04/03/2005,0.0
05/03/2005,21.5
06/03/2005,10.5
07/03/2005,0.0
08/03/2005,0.0
09/03/2005,0.0
10/03/2005,0.0
11/03/2005,0.0
12/03/2005,0.0
13/03/2005,0.0
14/03/2005,3.5
15/03/2005,5.5
16/03/2005,0.0
17/03/2005,2.0
18/03/2005,0.0
19/03/2005,0.0
20/03/2005,0.0
21/03/2005,0.0
22/03/2005,0.0
23/03/2005,0.0
24/03/2005,0.0
25/03/2005,11.5
26/03/2005,7.0
27/03/2005,32.5
28/03/2005,1.0
29/03/2005,0.0
30/03/2005,1.0
31/03/2005,1.0
01/04/2005,0.0
02/04/2005,0.0
03/04/2005,14.0
04/04/2005,9.5
05/04/2005,12.5
06/04/2005,95.5
07/04/2005,0.0
08/04/2005,4.5
09/04/2005,0.5
10/04/2005,0.0
11/04/2005,0.0
12/04/2005,0.0
13/04/2005,0.0
14/04/2005,0.5
15/04/2005,9.5
16/04/2005,2.5
17/04/2005,1.0
18/04/2005,0.0
19/04/2005,0.0
20/04/2005,0.0
21/04/2005,0.5
22/04/2005,0.0
23/04/2005,0.0
24/04/2005,0.0
25/04/2005,0.0
26/04/2005,0.0
27/04/2005,0.0
28/04/2005,0.0
29/04/2005,0.0
30/04/2005,0.0
01/05/2005,0.0
02/05/2005,0.0
03/05/2005,0.0
04/05/2005,0.0
05/05/2005,109.0
06/05/2005,14.5
07/05/2005,0.0
08/05/2005,0.0
09/05/2005,7.0
10/05/2005,0.0
11/05/2005,2.5
12/05/2005,10.5
13/05/2005,59.5
14/05/2005,6.5
15/05/2005,0.5
16/05/2005,1.0
17/05/2005,0.0
18/05/2005,5.5
19/05/2005,22.5
20/05/2005,0.0
21/05/2005,4.0
22/05/2005,0.5
23/05/2005,4.0
24/05/2005,0.0
25/05/2005,3.5
26/05/2005,4.0
27/05/2005,0.0
28/05/2005,0.0
29/05/2005,33.5
30/05/2005,0.5
31/05/2005,4.0
01/06/2005,0.0
02/06/2005,1.5
03/06/2005,0.0
04/06/2005,60.0
05/06/2005,0.0
06/06/2005,0.0
07/06/2005,20.5
08/06/2005,20.0
09/06/2005,5.0
10/06/2005,0.0
11/06/2005,0.0
12/06/2005,0.0
13/06/2005,0.0
14/06/2005,0.0
15/06/2005,1.0
16/06/2005,0.0
17/06/2005,0.0
18/06/2005,0.0
19/06/2005,13.5
20/06/2005,0.0
21/06/2005,8.5
22/06/2005,4.0
23/06/2005,1.0
24/06/2005,0.0
25/06/2005,2.0
26/06/2005,0.0
27/06/2005,13.0
28/06/2005,0.0
29/06/2005,0.0
30/06/2005,0.0
01/07/2005,0.0
02/07/2005,0.0
03/07/2005,0.0
04/07/2005,0.0
05/07/2005,2.5
06/07/2005,25.5
07/07/2005,11.0
08/07/2005,0.5
09/07/2005,0.0
10/07/2005,0.0
11/07/2005,0.0
12/07/2005,0.0
13/07/2005,0.0
14/07/2005,0.0
15/07/2005,7.0
16/07/2005,5.5
17/07/2005,3.5
18/07/2005,0.5
19/07/2005,0.0
20/07/2005,0.0
21/07/2005,0.0
22/07/2005,0.0
23/07/2005,0.0
24/07/2005,0.0
25/07/2005,0.0
26/07/2005,5.5
30/08/2005,0.0
31/08/2005,2.5
01/09/2005,1.0
02/09/2005,0.0
03/09/2005,12.5
04/09/2005,0.0
05/09/2005,0.0
06/09/2005,1.0
07/09/2005,18.5
08/09/2005,1.0
09/09/2005,0.0
10/09/2005,0.0
11/09/2005,4.5
12/09/2005,0.0
13/09/2005,0.0
14/09/2005,56.5
15/09/2005,1.5
16/09/2005,5.0
17/09/2005,11.5
18/09/2005,16.5
19/09/2005,5.0
20/09/2005,0.0
21/09/2005,1.0
22/09/2005,0.5
23/09/2005,6.5
24/09/2005,5.5
25/09/2005,3.5
26/09/2005,0.0
27/09/2005,0.0
28/09/2005,0.0
29/09/2005,0.0
30/09/2005,0.0
01/10/2005,4.5
02/10/2005,0.0
03/10/2005,0.0
04/10/2005,0.0
05/10/2005,14.0
06/10/2005,4.0
07/10/2005,41.0
08/10/2005,8.0
09/10/2005,2.0
10/10/2005,28.0
11/10/2005,0.0
12/10/2005,1.5
13/10/2005,0.0
14/10/2005,18.5
15/10/2005,0.5
16/10/2005,35.0
17/10/2005,0.0
18/10/2005,1.0
19/10/2005,4.0
20/10/2005,3.0
21/10/2005,0.0
22/10/2005,2.5
23/10/2005,0.0
24/10/2005,0.5
25/10/2005,1.5
26/10/2005,12.5
27/10/2005,10.5
28/10/2005,2.5
29/10/2005,0.5
30/10/2005,1.0
31/10/2005,12.5
01/11/2005,0.0
02/11/2005,13.0
03/11/2005,0.0
04/11/2005,0.0
05/11/2005,51.0
06/11/2005,1.5
07/11/2005,8.5
08/11/2005,1.0
09/11/2005,0.5
10/11/2005,0.5
11/11/2005,2.5
12/11/2005,0.5
13/11/2005,18.0
14/11/2005,0.0
15/11/2005,0.0
16/11/2005,0.0
17/11/2005,0.0
18/11/2005,9.5
19/11/2005,38.0
20/11/2005,177.0
21/11/2005,75.5
22/11/2005,150.5
23/11/2005,216.0
24/11/2005,0.5
25/11/2005,0.5
26/11/2005,4.0
27/11/2005,65.0
28/11/2005,19.5
29/11/2005,12.0
30/11/2005,0.0
01/12/2005,2.0
02/12/2005,3.0
03/12/2005,8.0
04/12/2005,1.0
05/12/2005,59.0
06/12/2005,8.0
07/12/2005,2.5
08/12/2005,0.0
09/12/2005,0.5
10/12/2005,0.5
11/12/2005,0.0
12/12/2005,0.0
13/12/2005,11.0
14/12/2005,25.5
15/12/2005,4.0
16/12/2005,52.0
17/12/2005,242.5
18/12/2005,71.5
19/12/2005,21.0
20/12/2005,0.0
21/12/2005,0.5
22/12/2005,2.5
23/12/2005,25.0
24/12/2005,2.0
25/12/2005,85.5
26/12/2005,2.0
27/12/2005,0.5
28/12/2005,0.0
29/12/2005,0.5
30/12/2005,0.0
31/12/2005,5.0
01/01/2006,37.0
02/01/2006,17.0
03/01/2006,25.0
04/01/2006,55.0
05/01/2006,0.5
06/01/2006,20.5
07/01/2006,25.5
08/01/2006,10.0
09/01/2006,7.0
10/01/2006,3.0
11/01/2006,7.5
12/01/2006,1.0
13/01/2006,0.0
14/01/2006,0.0
15/01/2006,0.0
16/01/2006,0.0
17/01/2006,0.0
18/01/2006,0.0
19/01/2006,0.0
20/01/2006,0.0
21/01/2006,0.0
22/01/2006,0.0
23/01/2006,0.0
24/01/2006,1.0
25/01/2006,0.0
26/01/2006,0.0
27/01/2006,0.0
28/01/2006,0.0
29/01/2006,0.0
30/01/2006,0.0
31/01/2006,0.0
01/02/2006,8.5
02/02/2006,0.0
03/02/2006,0.0
04/02/2006,0.5
05/02/2006,1.0
06/02/2006,3.0
07/02/2006,0.0
08/02/2006,1.5
09/02/2006,12.0
10/02/2006,20.5
11/02/2006,116.0
12/02/2006,56.5
13/02/2006,265.5
14/02/2006,40.5
15/02/2006,0.0
16/02/2006,0.0
17/02/2006,0.0
18/02/2006,0.0
19/02/2006,8.5
20/02/2006,1.0
21/02/2006,3.5
22/02/2006,3.0
23/02/2006,9.5
24/02/2006,2.5
25/02/2006,0.5
26/02/2006,1.5
27/02/2006,0.0
28/02/2006,0.0
01/03/2006,0.0
02/03/2006,0.0
03/03/2006,1.5
04/03/2006,0.5
05/03/2006,0.0
06/03/2006,0.0
07/03/2006,0.0
08/03/2006,0.0
09/03/2006,0.0
10/03/2006,0.0
11/03/2006,0.0
12/03/2006,0.0
13/03/2006,0.0
14/03/2006,0.0
15/03/2006,0.0
16/03/2006,0.0
17/03/2006,0.0
18/03/2006,0.0
19/03/2006,0.0
20/03/2006,0.0
21/03/2006,28.5
22/03/2006,0.5
23/03/2006,4.0
24/03/2006,10.5
25/03/2006,38.5
26/03/2006,0.5
27/03/2006,12.0
28/03/2006,0.0
29/03/2006,0.0
30/03/2006,0.0
31/03/2006,0.0
01/04/2006,4.0
02/04/2006,34.5
03/04/2006,0.0
04/04/2006,0.0
05/04/2006,0.0
06/04/2006,0.0
07/04/2006,0.0
08/04/2006,0.0
09/04/2006,0.0
10/04/2006,12.0
11/04/2006,0.0
12/04/2006,22.0
13/04/2006,0.0
14/04/2006,1.5
15/04/2006,0.0
16/04/2006,4.5
17/04/2006,0.0
18/04/2006,0.0
19/04/2006,3.0
20/04/2006,9.0
21/04/2006,0.0
22/04/2006,3.5
23/04/2006,2.0
24/04/2006,0.0
25/04/2006,0.5
26/04/2006,0.0
27/04/2006,0.0
28/04/2006,0.0
29/04/2006,0.0
30/04/2006,0.0
01/05/2006,19.0
02/05/2006,0.0
03/05/2006,0.0
04/05/2006,0.0
05/05/2006,0.0
06/05/2006,0.5
07/05/2006,0.0
08/05/2006,0.0
09/05/2006,0.0
10/05/2006,7.0
11/05/2006,0.0
12/05/2006,0.0
13/05/2006,25.0
14/05/2006,2.5
15/05/2006,0.0
16/05/2006,0.0
17/05/2006,23.5
18/05/2006,0.0
19/05/2006,0.0
20/05/2006,0.5
21/05/2006,0.0
22/05/2006,0.0
23/05/2006,0.0
24/05/2006,12.0
25/05/2006,0.5
26/05/2006,0.0
27/05/2006,1.5
28/05/2006,2.0
29/05/2006,0.0
30/05/2006,0.0
31/05/2006,23.5
01/06/2006,0.0
02/06/2006,0.0
03/06/2006,0.0
04/06/2006,0.0
05/06/2006,0.0
06/06/2006,26.0
07/06/2006,0.0
08/06/2006,0.0
09/06/2006,0.0
10/06/2006,0.0
11/06/2006,0.0
12/06/2006,0.0
13/06/2006,0.0
14/06/2006,0.0
15/06/2006,14.5
16/06/2006,0.0
17/06/2006,11.5
18/06/2006,30.0
19/06/2006,0.5
20/06/2006,0.0
21/06/2006,2.5
22/06/2006,3.5
23/06/2006,1.0
24/06/2006,17.0
25/06/2006,3.5
26/06/2006,0.0
27/06/2006,0.0
28/06/2006,0.0
29/06/2006,0.0
30/06/2006,0.0
01/07/2006,0.0
02/07/2006,0.0
03/07/2006,0.0
04/07/2006,0.0
05/07/2006,9.5
06/07/2006,0.5
07/07/2006,0.0
08/07/2006,0.5
09/07/2006,0.0
10/07/2006,0.0
11/07/2006,11.5
12/07/2006,0.0
13/07/2006,0.0
14/07/2006,39.5
15/07/2006,4.0
16/07/2006,0.0
17/07/2006,1.0
18/07/2006,0.0
19/07/2006,7.0
20/07/2006,12.5
21/07/2006,2.0
22/07/2006,8.5
23/07/2006,0.0
24/07/2006,0.0
25/07/2006,0.0
26/07/2006,1.5
27/07/2006,0.0
28/07/2006,0.0
29/07/2006,0.0
30/07/2006,0.0
31/07/2006,0.0
01/08/2006,0.0
02/08/2006,0.0
03/08/2006,0.0
04/08/2006,0.0
05/08/2006,0.0
06/08/2006,0.0
07/08/2006,0.0
08/08/2006,0.0
09/08/2006,0.0
10/08/2006,0.0
11/08/2006,0.0
12/08/2006,0.0
13/08/2006,0.0
14/08/2006,0.0
15/08/2006,0.0
16/08/2006,0.0
17/08/2006,0.0
18/08/2006,0.0
19/08/2006,0.0
20/08/2006,0.0
21/08/2006,0.0
22/08/2006,0.0
23/08/2006,0.0
24/08/2006,0.0
25/08/2006,0.0
26/08/2006,0.0
27/08/2006,0.0
28/08/2006,0.0
29/08/2006,0.0
30/08/2006,0.0
31/08/2006,0.0
01/09/2006,0.0
02/09/2006,0.0
03/09/2006,0.0
04/09/2006,0.0
05/09/2006,0.0
06/09/2006,0.0
07/09/2006,0.0
08/09/2006,0.0
09/09/2006,0.0
10/09/2006,0.0
11/09/2006,0.0
12/09/2006,0.0
13/09/2006,0.0
14/09/2006,0.0
15/09/2006,0.0
16/09/2006,0.0
17/09/2006,0.0
18/09/2006,0.0
19/09/2006,0.0
20/09/2006,0.0
21/09/2006,0.0
22/09/2006,0.0
23/09/2006,14.0
24/09/2006,1.0
25/09/2006,0.0
26/09/2006,1.5
27/09/2006,32.5
28/09/2006,0.5
29/09/2006,3.0
30/09/2006,0.0
01/10/2006,0.0
02/10/2006,0.0
03/10/2006,0.0
04/10/2006,0.0
05/10/2006,0.0
06/10/2006,0.0
07/10/2006,0.0
08/10/2006,0.0
09/10/2006,0.0
10/10/2006,0.0
11/10/2006,10.5
12/10/2006,0.5
13/10/2006,0.0
14/10/2006,0.0
15/10/2006,0.0
16/10/2006,2.5
17/10/2006,0.0
18/10/2006,0.0
19/10/2006,0.0
20/10/2006,1.0
21/10/2006,3.0
22/10/2006,0.0
23/10/2006,0.0
24/10/2006,9.0
25/10/2006,11.0
26/10/2006,11.5
27/10/2006,1.0
28/10/2006,0.0
29/10/2006,0.0
30/10/2006,0.5
31/10/2006,0.0
01/11/2006,17.5
02/11/2006,0.0
03/11/2006,34.0
04/11/2006,0.0
05/11/2006,3.0
06/11/2006,5.0
07/11/2006,3.5
08/11/2006,0.0
09/11/2006,0.0
10/11/2006,5.0
11/11/2006,13.0
12/11/2006,12.5
13/11/2006,7.0
14/11/2006,0.0
15/11/2006,3.5
16/11/2006,0.0
17/11/2006,1.0
18/11/2006,19.0
19/11/2006,5.0
20/11/2006,9.0
21/11/2006,1.0
22/11/2006,0.0
23/11/2006,0.0
24/11/2006,7.5
25/11/2006,28.0
26/11/2006,14.0
27/11/2006,0.0
28/11/2006,16.5
29/11/2006,14.0
30/11/2006,11.0
01/12/2006,1.6
02/12/2006,1.9
03/12/2006,15.0
04/12/2006,0.0
05/12/2006,0.0
06/12/2006,0.0
07/12/2006,0.5
08/12/2006,41.8
09/12/2006,29.7
10/12/2006,0.5
11/12/2006,46.0
12/12/2006,0.0
13/12/2006,2.0
14/12/2006,0.4
15/12/2006,1.7
16/12/2006,2.8
17/12/2006,37.2
18/12/2006,25.2
19/12/2006,93.5
20/12/2006,169.0
21/12/2006,37.7
22/12/2006,7.5
23/12/2006,2.0
24/12/2006,0.0
25/12/2006,1.8
26/12/2006,5.0
27/12/2006,8.7
28/12/2006,1.0
29/12/2006,0.0
30/12/2006,0.0
31/12/2006,0.0
01/01/2007,0.8
02/01/2007,8.7
03/01/2007,0.5
04/01/2007,0.0
05/01/2007,0.5
06/01/2007,2.0
07/01/2007,126.5
08/01/2007,25.9
09/01/2007,10.6
10/01/2007,0.5
11/01/2007,17.1
12/01/2007,8.4
13/01/2007,13.6
14/01/2007,31.6
15/01/2007,9.7
16/01/2007,1.6
17/01/2007,5.3
18/01/2007,28.3
19/01/2007,20.3
20/01/2007,4.8
21/01/2007,0.2
22/01/2007,0.0
23/01/2007,1.7
24/01/2007,0.3
25/01/2007,23.5
26/01/2007,3.5
27/01/2007,0.5
28/01/2007,0.5
29/01/2007,1.5
30/01/2007,0.0
31/01/2007,0.0
01/02/2007,0.0
02/02/2007,1.6
03/02/2007,1.4
04/02/2007,0.0
05/02/2007,1.6
06/02/2007,4.9
07/02/2007,0.0
08/02/2007,0.0
09/02/2007,0.0
10/02/2007,0.0
11/02/2007,0.8
12/02/2007,14.6
13/02/2007,0.5
14/02/2007,0.4
15/02/2007,0.6
16/02/2007,0.0
17/02/2007,0.0
18/02/2007,0.0
19/02/2007,0.0
20/02/2007,0.0
21/02/2007,0.0
22/02/2007,0.0
23/02/2007,0.4
24/02/2007,29.1
25/02/2007,0.0
26/02/2007,0.0
27/02/2007,0.0
28/02/2007,4.0
01/03/2007,0.0
02/03/2007,0.0
03/03/2007,0.0
04/03/2007,0.0
05/03/2007,0.0
06/03/2007,0.0
07/03/2007,0.0
08/03/2007,0.0
09/03/2007,0.0
10/03/2007,0.5
11/03/2007,0.5
12/03/2007,10.1
13/03/2007,1.8
14/03/2007,3.2
15/03/2007,0.0
16/03/2007,0.0
17/03/2007,0.0
18/03/2007,0.0
19/03/2007,0.0
20/03/2007,0.4
21/03/2007,72.6
22/03/2007,0.9
23/03/2007,1.1
24/03/2007,5.5
25/03/2007,12.5
26/03/2007,0.0
27/03/2007,0.0
28/03/2007,0.0
29/03/2007,56.5
30/03/2007,5.9
31/03/2007,15.6
01/04/2007,0.0
02/04/2007,0.0
03/04/2007,0.0
04/04/2007,0.0
05/04/2007,0.0
06/04/2007,21.0
07/04/2007,3.2
08/04/2007,37.6
09/04/2007,37.6
10/04/2007,26.4
11/04/2007,13.1
12/04/2007,30.0
13/04/2007,0.4
14/04/2007,2.0
15/04/2007,0.1
16/04/2007,0.0
17/04/2007,0.0
18/04/2007,0.0
19/04/2007,0.0
20/04/2007,0.0
21/04/2007,0.0
22/04/2007,0.5
23/04/2007,2.4
24/04/2007,1.2
25/04/2007,0.4
26/04/2007,6.9
27/04/2007,0.6
28/04/2007,2.1
29/04/2007,9.1
30/04/2007,0.9
01/05/2007,0.5
02/05/2007,1.5
03/05/2007,1.9
04/05/2007,1.1
05/05/2007,17.0
06/05/2007,0.9
07/05/2007,0.5
08/05/2007,8.0
09/05/2007,107.0
10/05/2007,0.5
11/05/2007,9.0
12/05/2007,0.0
13/05/2007,0.0
14/05/2007,0.3
15/05/2007,9.2
16/05/2007,14.9
17/05/2007,2.6
18/05/2007,110.6
19/05/2007,0.5
20/05/2007,0.0
21/05/2007,0.0
22/05/2007,0.0
23/05/2007,0.0
24/05/2007,0.0
25/05/2007,0.0
26/05/2007,12.0
27/05/2007,0.0
28/05/2007,2.5
29/05/2007,0.5
30/05/2007,0.0
31/05/2007,0.0
01/06/2007,0.0
02/06/2007,0.0
03/06/2007,0.0
04/06/2007,0.0
05/06/2007,0.0
06/06/2007,0.0
07/06/2007,0.0
08/06/2007,0.0
09/06/2007,0.0
10/06/2007,0.0
11/06/2007,0.5
12/06/2007,3.5
13/06/2007,0.0
14/06/2007,0.0
15/06/2007,0.5
16/06/2007,29.5
17/06/2007,0.4
18/06/2007,2.1
19/06/2007,56.8
20/06/2007,3.2
21/06/2007,9.0
22/06/2007,0.0
23/06/2007,2.6
24/06/2007,1.4
25/06/2007,24.0
26/06/2007,0.0
27/06/2007,0.0
28/06/2007,0.5
29/06/2007,12.5
30/06/2007,0.0
01/07/2007,0.0
02/07/2007,0.0
03/07/2007,0.0
04/07/2007,0.4
05/07/2007,0.1
06/07/2007,0.5
07/07/2007,4.9
08/07/2007,25.6
09/07/2007,0.0
10/07/2007,0.4
11/07/2007,0.6
12/07/2007,4.0
13/07/2007,45.6
14/07/2007,5.4
15/07/2007,2.5
16/07/2007,0.0
17/07/2007,0.0
18/07/2007,0.0
19/07/2007,0.0
20/07/2007,0.3
21/07/2007,3.5
22/07/2007,15.4
23/07/2007,9.2
24/07/2007,35.0
25/07/2007,0.5
26/07/2007,0.0
27/07/2007,0.0
28/07/2007,0.0
29/07/2007,0.0
30/07/2007,16.4
31/07/2007,8.6
01/08/2007,0.0
02/08/2007,0.0
03/08/2007,0.0
04/08/2007,1.0
05/08/2007,0.4
06/08/2007,13.6
07/08/2007,0.0
08/08/2007,0.0
09/08/2007,0.0
10/08/2007,0.0
11/08/2007,0.5
12/08/2007,37.0
13/08/2007,0.0
14/08/2007,4.0
15/08/2007,0.0
16/08/2007,0.0
17/08/2007,0.0
18/08/2007,15.4
19/08/2007,0.4
20/08/2007,7.6
21/08/2007,0.0
22/08/2007,0.0
23/08/2007,52.0
24/08/2007,0.0
25/08/2007,20.0
26/08/2007,0.5
27/08/2007,0.0
28/08/2007,16.5
29/08/2007,0.0
30/08/2007,0.0
31/08/2007,0.0
01/09/2007,0.0
02/09/2007,0.5
03/09/2007,0.0
04/09/2007,0.0
05/09/2007,0.0
06/09/2007,0.0
07/09/2007,0.0
08/09/2007,5.0
09/09/2007,0.0
10/09/2007,0.0
11/09/2007,8.7
12/09/2007,0.8
13/09/2007,0.0
14/09/2007,9.1
15/09/2007,3.3
16/09/2007,0.6
17/09/2007,0.0
18/09/2007,0.0
19/09/2007,0.0
20/09/2007,0.0
21/09/2007,0.5
22/09/2007,1.5
23/09/2007,9.4
24/09/2007,0.5
25/09/2007,16.6
26/09/2007,0.0
27/09/2007,0.0
28/09/2007,0.0
29/09/2007,0.0
30/09/2007,6.5
01/10/2007,0.5
02/10/2007,0.0
03/10/2007,0.5
04/10/2007,8.0
05/10/2007,1.7
06/10/2007,0.8
07/10/2007,40.4
08/10/2007,4.0
09/10/2007,0.1
10/10/2007,3.5
11/10/2007,0.9
12/10/2007,9.0
13/10/2007,0.5
14/10/2007,0.0
15/10/2007,8.5
16/10/2007,0.0
17/10/2007,0.0
18/10/2007,0.4
19/10/2007,1.1
20/10/2007,1.5
21/10/2007,33.5
22/10/2007,16.0
23/10/2007,35.9
24/10/2007,19.2
25/10/2007,3.9
26/10/2007,24.2
27/10/2007,2.0
28/10/2007,13.8
29/10/2007,18.6
30/10/2007,0.4
31/10/2007,0.0
01/11/2007,0.0
02/11/2007,1.0
03/11/2007,0.5
04/11/2007,3.5
05/11/2007,1.8
06/11/2007,6.2
07/11/2007,46.9
08/11/2007,18.1
09/11/2007,0.5
10/11/2007,14.9
11/11/2007,14.1
12/11/2007,3.5
13/11/2007,0.5
14/11/2007,0.4
15/11/2007,5.1
16/11/2007,10.1
17/11/2007,0.0
18/11/2007,0.0
19/11/2007,2.9
20/11/2007,4.2
21/11/2007,24.9
22/11/2007,0.0
23/11/2007,0.0
24/11/2007,0.0
25/11/2007,0.0
26/11/2007,3.4
27/11/2007,16.6
28/11/2007,11.0
29/11/2007,7.3
30/11/2007,0.2
01/12/2007,0.0
02/12/2007,0.4
03/12/2007,0.6
04/12/2007,0.4
05/12/2007,24.5
06/12/2007,27.0
07/12/2007,38.4
08/12/2007,5.2
09/12/2007,12.2
10/12/2007,7.9
11/12/2007,2.2
12/12/2007,13.2
13/12/2007,64.7
14/12/2007,11.2
15/12/2007,2.6
16/12/2007,14.0
17/12/2007,7.0
18/12/2007,1.7
19/12/2007,6.6
20/12/2007,43.7
21/12/2007,3.4
22/12/2007,0.0
23/12/2007,0.0
24/12/2007,0.0
25/12/2007,0.0
26/12/2007,0.0
27/12/2007,0.0
28/12/2007,0.0
29/12/2007,0.0
30/12/2007,0.3
31/12/2007,54.3
01/01/2008,25.0
02/01/2008,11.7
03/01/2008,36.7
04/01/2008,14.3
05/01/2008,7.3
06/01/2008,4.8
07/01/2008,6.5
08/01/2008,5.1
09/01/2008,0.6
10/01/2008,0.0
11/01/2008,0.0
12/01/2008,0.0
13/01/2008,0.0
14/01/2008,0.0
15/01/2008,0.0
16/01/2008,0.0
17/01/2008,16.5
18/01/2008,120.6
19/01/2008,9.4
20/01/2008,1.1
21/01/2008,5.8
22/01/2008,2.4
23/01/2008,1.1
24/01/2008,0.0
25/01/2008,0.5
26/01/2008,0.5
27/01/2008,12.5
28/01/2008,0.5
29/01/2008,7.5
30/01/2008,0.0
31/01/2008,0.0
01/02/2008,4.7
02/02/2008,18.3
03/02/2008,0.5
04/02/2008,0.5
05/02/2008,1.0
06/02/2008,0.0
07/02/2008,0.0
08/02/2008,0.5
09/02/2008,0.0
10/02/2008,0.0
11/02/2008,0.0
12/02/2008,0.0
13/02/2008,0.5
14/02/2008,0.0
15/02/2008,0.0
16/02/2008,0.0
17/02/2008,0.0
18/02/2008,0.0
19/02/2008,0.0
20/02/2008,0.0
21/02/2008,0.0
22/02/2008,0.0
23/02/2008,0.0
24/02/2008,0.0
25/02/2008,0.4
26/02/2008,3.1
27/02/2008,23.6
28/02/2008,20.7
29/02/2008,27.3
01/03/2008,7.8
02/03/2008,2.2
03/03/2008,0.0
04/03/2008,73.0
05/03/2008,24.8
06/03/2008,3.2
07/03/2008,8.5
08/03/2008,0.4
09/03/2008,6.1
10/03/2008,3.8
11/03/2008,6.6
12/03/2008,2.1
13/03/2008,0.0
14/03/2008,0.5
15/03/2008,0.0
16/03/2008,0.4
17/03/2008,0.1
18/03/2008,0.0
19/03/2008,0.0
20/03/2008,0.0
21/03/2008,0.0
22/03/2008,0.5
23/03/2008,0.4
24/03/2008,7.6
25/03/2008,27.6
26/03/2008,0.9
27/03/2008,0.0
28/03/2008,0.0
29/03/2008,0.0
30/03/2008,0.0
31/03/2008,0.0
01/04/2008,0.0
02/04/2008,0.0
03/04/2008,0.0
04/04/2008,0.5
05/04/2008,2.3
06/04/2008,0.2
07/04/2008,0.0
08/04/2008,0.0
09/04/2008,0.0
10/04/2008,0.0
11/04/2008,0.0
12/04/2008,6.5
13/04/2008,0.0
14/04/2008,0.3
15/04/2008,0.2
16/04/2008,0.0
17/04/2008,0.0
18/04/2008,0.0
19/04/2008,0.0
20/04/2008,0.0
21/04/2008,0.0
22/04/2008,9.0
23/04/2008,2.0
24/04/2008,4.8
25/04/2008,0.2
26/04/2008,0.4
27/04/2008,1.5
28/04/2008,19.6
29/04/2008,11.5
30/04/2008,6.5
01/05/2008,13.0
02/05/2008,0.0
03/05/2008,17.0
04/05/2008,0.4
05/05/2008,24.8
06/05/2008,1.3
07/05/2008,0.9
08/05/2008,20.5
09/05/2008,0.5
10/05/2008,0.0
11/05/2008,0.0
12/05/2008,0.0
13/05/2008,0.0
14/05/2008,22.0
15/05/2008,1.0
16/05/2008,0.5
17/05/2008,0.0
18/05/2008,0.0
19/05/2008,0.0
20/05/2008,14.5
21/05/2008,0.0
22/05/2008,0.0
23/05/2008,0.4
24/05/2008,25.1
25/05/2008,0.0
26/05/2008,0.0
27/05/2008,0.0
28/05/2008,6.0
29/05/2008,0.5
30/05/2008,0.5
31/05/2008,0.3
01/06/2008,2.7
02/06/2008,0.0
03/06/2008,0.0
04/06/2008,0.0
05/06/2008,0.0
06/06/2008,0.0
07/06/2008,0.3
08/06/2008,2.2
09/06/2008,2.0
10/06/2008,5.5
11/06/2008,0.0
12/06/2008,0.0
13/06/2008,0.0
14/06/2008,0.0
15/06/2008,1.0
16/06/2008,1.0
17/06/2008,0.0
18/06/2008,0.0
19/06/2008,9.4
20/06/2008,0.1
21/06/2008,0.0
22/06/2008,4.0
23/06/2008,65.6
24/06/2008,35.8
25/06/2008,0.4
26/06/2008,11.5
27/06/2008,22.0
28/06/2008,0.1
29/06/2008,2.0
30/06/2008,0.0
01/07/2008,0.0
02/07/2008,0.5
03/07/2008,124.1
04/07/2008,1.5
05/07/2008,0.0
06/07/2008,0.5
07/07/2008,17.5
08/07/2008,0.0
09/07/2008,0.0
10/07/2008,0.0
11/07/2008,0.0
12/07/2008,0.4
13/07/2008,21.6
14/07/2008,17.6
15/07/2008,15.9
16/07/2008,0.0
17/07/2008,0.0
18/07/2008,0.0
19/07/2008,1.4
20/07/2008,1.1
21/07/2008,0.0
22/07/2008,8.0
23/07/2008,47.3
24/07/2008,17.5
25/07/2008,0.3
26/07/2008,27.5
27/07/2008,2.0
28/07/2008,0.0
29/07/2008,0.0
30/07/2008,0.0
31/07/2008,0.0
01/08/2008,0.0
02/08/2008,0.5
03/08/2008,4.5
04/08/2008,0.0
05/08/2008,57.5
06/08/2008,6.0
07/08/2008,29.5
08/08/2008,0.0
09/08/2008,0.0
10/08/2008,0.0
11/08/2008,2.4
12/08/2008,36.1
13/08/2008,0.0
14/08/2008,0.0
15/08/2008,0.0
16/08/2008,4.3
17/08/2008,1.2
18/08/2008,34.0
19/08/2008,6.5
20/08/2008,0.0
21/08/2008,0.0
22/08/2008,0.0
23/08/2008,0.0
24/08/2008,0.0
25/08/2008,0.0
26/08/2008,0.0
27/08/2008,0.0
28/08/2008,0.6
29/08/2008,0.4
30/08/2008,0.0
31/08/2008,0.0
01/09/2008,15.5
02/09/2008,5.0
03/09/2008,0.0
04/09/2008,0.0
05/09/2008,0.5
06/09/2008,0.5
07/09/2008,0.5
08/09/2008,30.9
09/09/2008,0.6
10/09/2008,0.0
11/09/2008,0.5
12/09/2008,0.0
13/09/2008,8.5
14/09/2008,30.5
15/09/2008,0.0
16/09/2008,20.0
17/09/2008,3.2
18/09/2008,15.1
19/09/2008,1.7
20/09/2008,0.0
21/09/2008,8.0
22/09/2008,0.0
23/09/2008,0.5
24/09/2008,0.0
25/09/2008,0.0
26/09/2008,41.0
27/09/2008,0.0
28/09/2008,3.0
29/09/2008,45.6
30/09/2008,12.9
01/10/2008,0.5
02/10/2008,4.5
03/10/2008,0.7
04/10/2008,8.3
05/10/2008,0.5
06/10/2008,0.0
07/10/2008,0.0
08/10/2008,5.6
09/10/2008,2.9
10/10/2008,0.0
11/10/2008,0.0
12/10/2008,0.0
13/10/2008,2.5
14/10/2008,1.0
15/10/2008,0.0
16/10/2008,0.5
17/10/2008,0.0
18/10/2008,0.0
19/10/2008,0.5
20/10/2008,0.5
21/10/2008,3.5
22/10/2008,12.8
23/10/2008,11.7
24/10/2008,2.4
25/10/2008,5.0
26/10/2008,2.5
27/10/2008,9.0
28/10/2008,0.5
29/10/2008,0.0
30/10/2008,41.5
31/10/2008,56.0
01/11/2008,0.5
02/11/2008,0.5
03/11/2008,0.5
04/11/2008,0.5
05/11/2008,0.0
06/11/2008,21.0
07/11/2008,0.0
08/11/2008,0.5
09/11/2008,5.0
10/11/2008,14.0
11/11/2008,1.0
12/11/2008,1.0
13/11/2008,10.5
14/11/2008,0.0
15/11/2008,0.5
16/11/2008,0.0
17/11/2008,0.0
18/11/2008,3.4
19/11/2008,132.3
20/11/2008,27.7
21/11/2008,35.1
22/11/2008,0.0
23/11/2008,0.4
24/11/2008,18.1
25/11/2008,20.3
26/11/2008,17.7
27/11/2008,3.0
28/11/2008,0.0
29/11/2008,0.5
30/11/2008,0.0
01/12/2008,1.4
02/12/2008,40.1
03/12/2008,1.0
04/12/2008,0.0
05/12/2008,4.5
06/12/2008,70.0
07/12/2008,125.0
08/12/2008,18.5
09/12/2008,0.0
10/12/2008,0.0
11/12/2008,0.0
12/12/2008,0.0
13/12/2008,37.0
14/12/2008,20.2
15/12/2008,1.3
16/12/2008,0.0
17/12/2008,0.0
18/12/2008,0.0
19/12/2008,0.0
20/12/2008,0.0
21/12/2008,0.0
22/12/2008,0.0
23/12/2008,1.7
24/12/2008,7.5
25/12/2008,59.7
26/12/2008,3.1
27/12/2008,8.5
28/12/2008,0.5
29/12/2008,24.5
30/12/2008,24.5
31/12/2008,0.0
01/01/2009,86.4
02/01/2009,77.8
03/01/2009,134.4
04/01/2009,96.0
05/01/2009,1.0
06/01/2009,0.0
07/01/2009,0.0
08/01/2009,0.0
09/01/2009,21.4
10/01/2009,3.6
11/01/2009,1.5
12/01/2009,6.6
13/01/2009,64.4
14/01/2009,5.6
15/01/2009,0.9
16/01/2009,0.0
17/01/2009,0.0
18/01/2009,0.0
19/01/2009,0.0
20/01/2009,0.0
21/01/2009,0.0
22/01/2009,0.0
23/01/2009,0.4
24/01/2009,13.1
25/01/2009,7.8
26/01/2009,0.2
27/01/2009,0.0
28/01/2009,0.0
29/01/2009,0.0
30/01/2009,0.0
31/01/2009,0.0
01/02/2009,0.0
02/02/2009,0.0
03/02/2009,0.0
04/02/2009,0.0
05/02/2009,0.0
06/02/2009,0.0
07/02/2009,0.0
08/02/2009,0.0
09/02/2009,0.0
10/02/2009,0.0
11/02/2009,0.4
12/02/2009,1.1
13/02/2009,0.3
14/02/2009,2.7
15/02/2009,0.5
16/02/2009,0.0
17/02/2009,0.0
18/02/2009,0.0
19/02/2009,0.0
20/02/2009,0.0
21/02/2009,0.5
22/02/2009,7.8
23/02/2009,0.7
24/02/2009,0.5
25/02/2009,19.0
26/02/2009,0.5
27/02/2009,0.0
28/02/2009,0.0
01/03/2009,8.1
02/03/2009,1.9
03/03/2009,202.0
04/03/2009,0.4
05/03/2009,1.1
06/03/2009,62.0
07/03/2009,14.5
08/03/2009,2.0
09/03/2009,57.5
10/03/2009,0.5
11/03/2009,0.3
12/03/2009,1.2
13/03/2009,5.5
14/03/2009,0.9
15/03/2009,202.0
16/03/2009,19.6
17/03/2009,0.0
18/03/2009,0.0
19/03/2009,0.0
20/03/2009,0.0
21/03/2009,14.5
22/03/2009,0.5
23/03/2009,0.0
24/03/2009,9.0
25/03/2009,0.0
26/03/2009,0.3
27/03/2009,1.7
28/03/2009,0.0
29/03/2009,0.0
30/03/2009,1.5
31/03/2009,0.0
01/04/2009,0.3
02/04/2009,1.2
03/04/2009,13.1
04/04/2009,2.4
05/04/2009,3.5
06/04/2009,0.0
07/04/2009,0.5
08/04/2009,5.8
09/04/2009,72.7
10/04/2009,0.0
11/04/2009,0.0
12/04/2009,12.0
13/04/2009,0.0
14/04/2009,0.0
15/04/2009,50.0
16/04/2009,0.0
17/04/2009,0.0
18/04/2009,4.0
19/04/2009,2.5
20/04/2009,0.5
21/04/2009,14.5
22/04/2009,0.0
23/04/2009,0.0
24/04/2009,23.5
25/04/2009,0.0
26/04/2009,0.0
27/04/2009,0.4
28/04/2009,17.6
29/04/2009,0.0
30/04/2009,34.5
01/05/2009,0.4
02/05/2009,51.0
03/05/2009,5.7
04/05/2009,10.0
05/05/2009,2.4
06/05/2009,7.6
07/05/2009,1.5
08/05/2009,45.8
09/05/2009,28.2
10/05/2009,5.5
11/05/2009,16.5
12/05/2009,0.5
13/05/2009,0.5
14/05/2009,24.5
15/05/2009,0.0
16/05/2009,0.0
17/05/2009,0.5
18/05/2009,80.0
19/05/2009,0.0
20/05/2009,0.5
21/05/2009,0.0
22/05/2009,0.4
23/05/2009,16.1
24/05/2009,0.0
25/05/2009,1.5
26/05/2009,43.7
27/05/2009,16.3
28/05/2009,35.5
29/05/2009,4.0
30/05/2009,0.0
31/05/2009,0.0
01/06/2009,0.0
02/06/2009,0.0
03/06/2009,0.0
04/06/2009,0.0
05/06/2009,0.0
06/06/2009,0.0
07/06/2009,5.0
08/06/2009,0.0
09/06/2009,0.0
10/06/2009,0.0
11/06/2009,0.0
12/06/2009,0.0
13/06/2009,0.0
14/06/2009,18.0
15/06/2009,5.0
16/06/2009,0.0
17/06/2009,0.0
18/06/2009,0.0
19/06/2009,0.0
20/06/2009,0.0
21/06/2009,1.0
22/06/2009,36.0
23/06/2009,24.7
24/06/2009,0.8
25/06/2009,0.0
26/06/2009,0.0
27/06/2009,0.0
28/06/2009,0.0
29/06/2009,4.0
30/06/2009,7.0
01/07/2009,0.0
02/07/2009,0.0
03/07/2009,0.0
04/07/2009,3.0
05/07/2009,0.0
06/07/2009,0.0
07/07/2009,0.0
08/07/2009,0.0
09/07/2009,0.5
10/07/2009,0.0
11/07/2009,1.0
12/07/2009,0.0
13/07/2009,0.9
14/07/2009,0.6
15/07/2009,0.0
16/07/2009,0.0
17/07/2009,0.0
18/07/2009,0.0
19/07/2009,0.0
20/07/2009,0.4
21/07/2009,2.1
22/07/2009,0.0
23/07/2009,0.0
24/07/2009,0.0
25/07/2009,0.0
26/07/2009,0.0
27/07/2009,0.5
28/07/2009,0.5
29/07/2009,2.5
30/07/2009,0.0
31/07/2009,0.0
01/08/2009,60.9
02/08/2009,9.8
03/08/2009,0.2
04/08/2009,0.0
05/08/2009,0.0
06/08/2009,1.5
07/08/2009,4.5
08/08/2009,0.5
09/08/2009,46.8
10/08/2009,4.2
11/08/2009,0.5
12/08/2009,2.0
13/08/2009,0.0
14/08/2009,0.0
15/08/2009,0.0
16/08/2009,0.0
17/08/2009,0.0
18/08/2009,0.5
19/08/2009,0.0
20/08/2009,0.0
21/08/2009,0.0
22/08/2009,13.0
23/08/2009,17.5
24/08/2009,25.5
25/08/2009,0.0
26/08/2009,17.9
27/08/2009,0.6
28/08/2009,17.5
29/08/2009,0.4
30/08/2009,4.6
31/08/2009,0.3
01/09/2009,5.7
02/09/2009,0.5
03/09/2009,0.0
04/09/2009,4.2
05/09/2009,0.8
06/09/2009,12.0
07/09/2009,0.0
08/09/2009,0.0
09/09/2009,7.1
10/09/2009,1.4
11/09/2009,15.5
12/09/2009,0.3
13/09/2009,3.2
14/09/2009,0.0
15/09/2009,0.0
16/09/2009,0.4
17/09/2009,1.6
18/09/2009,28.1
19/09/2009,0.0
20/09/2009,0.0
21/09/2009,14.4
22/09/2009,12.6
23/09/2009,41.4
24/09/2009,25.1
25/09/2009,1.5
26/09/2009,0.0
27/09/2009,0.0
28/09/2009,10.0
29/09/2009,8.0
30/09/2009,15.5
01/10/2009,23.0
02/10/2009,1.5
03/10/2009,0.4
04/10/2009,2.1
05/10/2009,20.5
06/10/2009,17.5
07/10/2009,0.0
08/10/2009,96.6
09/10/2009,1.9
10/10/2009,30.5
11/10/2009,13.5
12/10/2009,9.0
13/10/2009,0.5
14/10/2009,5.0
15/10/2009,0.3
16/10/2009,1.2
17/10/2009,1.0
18/10/2009,0.0
19/10/2009,0.4
20/10/2009,6.6
21/10/2009,0.3
22/10/2009,37.7
23/10/2009,0.0
24/10/2009,0.0
25/10/2009,0.0
26/10/2009,0.0
27/10/2009,1.0
28/10/2009,3.0
29/10/2009,6.1
30/10/2009,2.0
31/10/2009,3.0
01/11/2009,0.0
02/11/2009,15.0
03/11/2009,0.9
04/11/2009,18.9
05/11/2009,108.0
06/11/2009,66.7
07/11/2009,0.0
08/11/2009,0.4
09/11/2009,61.1
10/11/2009,1.0
11/11/2009,0.0
12/11/2009,0.4
13/11/2009,14.0
14/11/2009,25.0
15/11/2009,6.7
16/11/2009,0.8
17/11/2009,4.0
18/11/2009,42.0
19/11/2009,46.5
20/11/2009,284.8
21/11/2009,253.5
22/11/2009,154.6
23/11/2009,23.3
24/11/2009,8.6
25/11/2009,0.5
26/11/2009,0.3
27/11/2009,2.2
28/11/2009,0.5
29/11/2009,15.0
30/11/2009,46.9
01/12/2009,82.3
02/12/2009,219.0
03/12/2009,242.0
04/12/2009,11.4
05/12/2009,34.1
06/12/2009,0.2
07/12/2009,0.4
08/12/2009,4.6
09/12/2009,4.7
10/12/2009,2.3
11/12/2009,0.0
12/12/2009,0.0
13/12/2009,0.4
14/12/2009,9.1
15/12/2009,4.0
16/12/2009,1.4
17/12/2009,14.6
18/12/2009,18.5
19/12/2009,14.7
20/12/2009,4.7
21/12/2009,1.4
22/12/2009,4.4
23/12/2009,29.2
24/12/2009,1.9
25/12/2009,3.6
26/12/2009,43.1
27/12/2009,16.9
28/12/2009,0.0
29/12/2009,0.5
30/12/2009,1.0
31/12/2009,0.0
01/01/2010,24.0
02/01/2010,4.0
03/01/2010,0.4
04/01/2010,12.1
05/01/2010,0.9
06/01/2010,73.5
07/01/2010,71.6
08/01/2010,32.5
09/01/2010,0.0
10/01/2010,0.0
11/01/2010,0.0
12/01/2010,0.0
13/01/2010,0.4
14/01/2010,4.6
15/01/2010,0.0
16/01/2010,0.0
17/01/2010,0.0
18/01/2010,0.0
19/01/2010,0.0
20/01/2010,5.0
21/01/2010,0.0
22/01/2010,14.4
23/01/2010,62.4
24/01/2010,0.2
25/01/2010,0.4
26/01/2010,8.6
27/01/2010,8.0
28/01/2010,0.0
29/01/2010,0.4
30/01/2010,1.1
31/01/2010,0.0
01/02/2010,0.0
02/02/2010,0.0
03/02/2010,0.4
04/02/2010,6.6
05/02/2010,0.0
06/02/2010,0.0
07/02/2010,0.0
08/02/2010,0.0
09/02/2010,0.0
10/02/2010,0.0
11/02/2010,0.0
12/02/2010,0.0
13/02/2010,0.0
14/02/2010,0.0
15/02/2010,0.0
16/02/2010,0.0
17/02/2010,0.4
18/02/2010,3.1
19/02/2010,0.0
20/02/2010,0.0
21/02/2010,0.0
22/02/2010,0.0
23/02/2010,0.0
24/02/2010,0.0
25/02/2010,0.0
26/02/2010,0.0
27/02/2010,0.0
28/02/2010,0.0
01/03/2010,0.0
02/03/2010,0.0
03/03/2010,0.0
04/03/2010,0.0
05/03/2010,0.0
06/03/2010,0.0
07/03/2010,0.0
08/03/2010,0.0
09/03/2010,0.0
10/03/2010,0.0
11/03/2010,0.4
12/03/2010,18.6
13/03/2010,2.3
14/03/2010,18.2
15/03/2010,0.0
16/03/2010,0.0
17/03/2010,4.5
18/03/2010,0.0
19/03/2010,3.0
20/03/2010,36.8
21/03/2010,3.7
22/03/2010,0.0
23/03/2010,0.0
24/03/2010,0.0
25/03/2010,0.0
26/03/2010,0.0
27/03/2010,0.4
28/03/2010,4.6
29/03/2010,0.5
30/03/2010,0.5
31/03/2010,1.0
01/04/2010,0.0
02/04/2010,0.4
03/04/2010,12.6
04/04/2010,1.5
05/04/2010,0.0
06/04/2010,0.0
07/04/2010,0.0
08/04/2010,0.0
09/04/2010,2.8
10/04/2010,13.7
11/04/2010,0.0
12/04/2010,0.0
13/04/2010,0.0
14/04/2010,0.0
15/04/2010,0.0
16/04/2010,0.4
17/04/2010,5.9
18/04/2010,6.6
19/04/2010,0.0
20/04/2010,0.0
21/04/2010,0.0
22/04/2010,0.0
23/04/2010,0.0
24/04/2010,0.4
25/04/2010,12.0
26/04/2010,48.1
27/04/2010,0.5
28/04/2010,0.5
29/04/2010,0.0
30/04/2010,0.0
01/05/2010,0.0
02/05/2010,0.0
03/05/2010,0.0
04/05/2010,0.0
05/05/2010,0.0
06/05/2010,0.0
07/05/2010,0.0
08/05/2010,0.0
09/05/2010,0.0
10/05/2010,0.0
11/05/2010,0.0
12/05/2010,0.3
13/05/2010,0.2
14/05/2010,2.5
15/05/2010,0.0
16/05/2010,1.0
17/05/2010,4.5
18/05/2010,2.8
19/05/2010,22.7
20/05/2010,0.0
21/05/2010,0.4
22/05/2010,17.1
23/05/2010,0.0
24/05/2010,0.5
25/05/2010,0.0
26/05/2010,0.0
27/05/2010,0.0
28/05/2010,24.2
29/05/2010,0.8
30/05/2010,0.0
31/05/2010,0.0
01/06/2010,0.0
02/06/2010,0.0
03/06/2010,0.0
04/06/2010,1.0
05/06/2010,1.9
06/06/2010,1.5
07/06/2010,2.1
08/06/2010,1.0
09/06/2010,1.2
10/06/2010,4.3
11/06/2010,0.0
12/06/2010,0.0
13/06/2010,1.5
14/06/2010,0.0
15/06/2010,0.5
16/06/2010,1.5
17/06/2010,0.0
18/06/2010,0.0
19/06/2010,0.0
20/06/2010,0.0
21/06/2010,0.0
22/06/2010,0.0
23/06/2010,0.0
24/06/2010,0.0
25/06/2010,0.0
26/06/2010,0.0
27/06/2010,0.0
28/06/2010,0.4
29/06/2010,4.1
30/06/2010,0.0
01/07/2010,0.0
02/07/2010,28.0
03/07/2010,2.8
04/07/2010,0.2
05/07/2010,0.0
06/07/2010,0.0
07/07/2010,0.0
08/07/2010,2.0
09/07/2010,0.4
10/07/2010,0.1
11/07/2010,0.5
12/07/2010,64.5
13/07/2010,0.0
14/07/2010,0.0
15/07/2010,0.0
16/07/2010,20.5
17/07/2010,0.0
18/07/2010,0.5
19/07/2010,0.0
20/07/2010,0.0
21/07/2010,4.5
22/07/2010,0.5
23/07/2010,0.0
24/07/2010,1.1
25/07/2010,29.9
26/07/2010,3.0
27/07/2010,0.0
28/07/2010,0.0
29/07/2010,10.8
30/07/2010,3.7
31/07/2010,23.2
01/08/2010,0.3
02/08/2010,0.0
03/08/2010,0.0
04/08/2010,46.7
05/08/2010,36.8
06/08/2010,0.4
07/08/2010,26.6
08/08/2010,0.0
09/08/2010,0.0
10/08/2010,0.0
11/08/2010,1.5
12/08/2010,0.0
13/08/2010,0.0
14/08/2010,0.0
15/08/2010,0.0
16/08/2010,0.5
17/08/2010,0.0
18/08/2010,1.6
19/08/2010,3.4
20/08/2010,0.3
21/08/2010,0.2
22/08/2010,10.0
23/08/2010,61.0
24/08/2010,0.0
25/08/2010,0.0
26/08/2010,0.0
27/08/2010,0.0
28/08/2010,0.5
29/08/2010,0.5
30/08/2010,16.0
31/08/2010,0.0
01/09/2010,0.5
02/09/2010,0.0
03/09/2010,0.4
04/09/2010,0.5
05/09/2010,5.1
06/09/2010,24.1
07/09/2010,0.4
08/09/2010,0.0
09/09/2010,0.9
10/09/2010,13.6
11/09/2010,0.5
12/09/2010,0.0
13/09/2010,0.0
14/09/2010,13.6
15/09/2010,6.4
16/09/2010,0.5
17/09/2010,0.0
18/09/2010,0.0
19/09/2010,0.0
20/09/2010,0.0
21/09/2010,0.0
22/09/2010,0.0
23/09/2010,0.0
24/09/2010,1.0
25/09/2010,13.0
26/09/2010,0.0
27/09/2010,4.0
28/09/2010,2.1
29/09/2010,4.9
30/09/2010,0.0
01/10/2010,1.5
02/10/2010,0.0
03/10/2010,0.0
04/10/2010,16.5
05/10/2010,0.4
06/10/2010,0.5
07/10/2010,1.1
08/10/2010,0.0
09/10/2010,25.5
10/10/2010,0.0
11/10/2010,0.5
12/10/2010,1.5
13/10/2010,0.4
14/10/2010,3.1
15/10/2010,0.0
16/10/2010,0.5
17/10/2010,0.5
18/10/2010,5.9
19/10/2010,12.0
20/10/2010,0.2
21/10/2010,0.0
22/10/2010,0.0
23/10/2010,0.0
24/10/2010,19.0
25/10/2010,2.2
26/10/2010,2.8
27/10/2010,6.5
28/10/2010,3.0
29/10/2010,0.4
30/10/2010,14.1
31/10/2010,0.4
01/11/2010,0.0
02/11/2010,38.0
03/11/2010,0.5
04/11/2010,12.5
05/11/2010,20.9
06/11/2010,28.5
07/11/2010,2.7
08/11/2010,32.5
09/11/2010,0.0
10/11/2010,0.5
11/11/2010,34.6
12/11/2010,15.9
13/11/2010,13.0
14/11/2010,3.0
15/11/2010,20.8
16/11/2010,0.2
17/11/2010,0.0
18/11/2010,0.0
19/11/2010,2.5
20/11/2010,10.0
21/11/2010,4.0
22/11/2010,0.0
23/11/2010,0.0
24/11/2010,50.5
25/11/2010,0.5
26/11/2010,6.0
27/11/2010,0.0
28/11/2010,4.4
29/11/2010,43.1
30/11/2010,1.0
01/12/2010,2.0
02/12/2010,0.8
03/12/2010,1.0
04/12/2010,66.6
05/12/2010,32.5
06/12/2010,0.8
07/12/2010,3.7
08/12/2010,0.5
09/12/2010,4.4
10/12/2010,0.2
11/12/2010,40.5
12/12/2010,0.5
13/12/2010,8.4
14/12/2010,13.1
15/12/2010,17.0
16/12/2010,0.4
17/12/2010,11.2
18/12/2010,16.7
19/12/2010,76.5
20/12/2010,5.0
21/12/2010,7.1
22/12/2010,0.9
23/12/2010,31.1
24/12/2010,0.0
25/12/2010,0.0
26/12/2010,0.0
27/12/2010,8.8
28/12/2010,39.2
29/12/2010,62.2
30/12/2010,43.1
31/12/2010,59.5
01/01/2011,66.4
02/01/2011,6.8
03/01/2011,0.5
04/01/2011,0.9
05/01/2011,37.3
06/01/2011,200.6
07/01/2011,38.0
08/01/2011,15.5
09/01/2011,9.7
10/01/2011,23.5
11/01/2011,0.0
12/01/2011,0.0
13/01/2011,3.0
14/01/2011,51.5
15/01/2011,0.0
16/01/2011,1.6
17/01/2011,28.4
18/01/2011,0.0
19/01/2011,0.0
20/01/2011,0.0
21/01/2011,0.0
22/01/2011,0.0
23/01/2011,0.0
24/01/2011,1.0
25/01/2011,3.3
26/01/2011,7.7
27/01/2011,2.6
28/01/2011,2.9
29/01/2011,20.9
30/01/2011,19.5
31/01/2011,6.8
01/02/2011,4.3
02/02/2011,2.3
03/02/2011,3.6
04/02/2011,0.0
05/02/2011,0.0
06/02/2011,0.0
07/02/2011,0.0
08/02/2011,0.0
09/02/2011,0.0
10/02/2011,0.0
11/02/2011,0.0
12/02/2011,0.0
13/02/2011,0.0
14/02/2011,0.5
15/02/2011,6.0
16/02/2011,0.0
17/02/2011,0.0
18/02/2011,0.0
19/02/2011,0.0
20/02/2011,0.0
21/02/2011,2.2
22/02/2011,0.3
23/02/2011,0.0
24/02/2011,0.4
25/02/2011,3.0
26/02/2011,0.6
27/02/2011,0.0
28/02/2011,0.0
01/03/2011,0.0
02/03/2011,0.0
03/03/2011,0.0
04/03/2011,0.0
05/03/2011,0.0
06/03/2011,0.0
07/03/2011,0.4
08/03/2011,75.6
09/03/2011,2.5
10/03/2011,5.6
11/03/2011,50.3
12/03/2011,7.3
13/03/2011,1.2
14/03/2011,0.9
15/03/2011,25.6
16/03/2011,94.7
17/03/2011,15.3
18/03/2011,0.4
19/03/2011,6.4
20/03/2011,3.9
21/03/2011,6.3
22/03/2011,12.5
23/03/2011,7.5
24/03/2011,16.2
25/03/2011,15.3
26/03/2011,11.0
27/03/2011,0.0
28/03/2011,2.8
29/03/2011,81.5
30/03/2011,3.5
31/03/2011,1.1
01/04/2011,0.5
02/04/2011,0.5
03/04/2011,0.0
04/04/2011,0.0
05/04/2011,0.0
06/04/2011,0.0
07/04/2011,0.0
08/04/2011,0.0
09/04/2011,18.7
10/04/2011,31.1
11/04/2011,27.2
12/04/2011,0.0
13/04/2011,0.0
14/04/2011,0.5
15/04/2011,15.5
16/04/2011,0.0
17/04/2011,0.0
18/04/2011,0.0
19/04/2011,0.0
20/04/2011,0.0
21/04/2011,0.0
22/04/2011,0.0
23/04/2011,0.0
24/04/2011,0.0
25/04/2011,0.0
26/04/2011,0.0
27/04/2011,0.0
28/04/2011,0.0
29/04/2011,0.0
30/04/2011,0.4
01/05/2011,2.1
02/05/2011,0.0
03/05/2011,0.0
04/05/2011,0.0
05/05/2011,16.5
06/05/2011,14.5
07/05/2011,0.0
08/05/2011,0.0
09/05/2011,0.0
10/05/2011,0.4
11/05/2011,0.5
12/05/2011,40.1
13/05/2011,0.0
14/05/2011,0.0
15/05/2011,0.0
16/05/2011,0.0
17/05/2011,1.0
18/05/2011,0.0
19/05/2011,0.0
20/05/2011,0.0
21/05/2011,24.5
22/05/2011,50.0
23/05/2011,0.9
24/05/2011,2.6
25/05/2011,0.0
26/05/2011,2.3
27/05/2011,18.7
28/05/2011,0.0
29/05/2011,0.0
30/05/2011,0.5
31/05/2011,33.0
01/06/2011,8.2
02/06/2011,1.8
03/06/2011,0.5
04/06/2011,0.5
05/06/2011,0.0
06/06/2011,0.0
07/06/2011,0.0
08/06/2011,70.4
09/06/2011,2.1
10/06/2011,2.0
11/06/2011,0.0
12/06/2011,0.0
13/06/2011,0.4
14/06/2011,0.1
15/06/2011,33.9
16/06/2011,1.6
17/06/2011,0.0
18/06/2011,0.0
19/06/2011,0.0
20/06/2011,0.0
21/06/2011,0.4
22/06/2011,51.6
23/06/2011,0.0
24/06/2011,0.0
25/06/2011,0.0
26/06/2011,0.0
27/06/2011,0.0
28/06/2011,0.0
29/06/2011,0.0
30/06/2011,0.0
01/07/2011,0.0
02/07/2011,0.0
03/07/2011,0.0
04/07/2011,5.0
05/07/2011,0.0
06/07/2011,0.0
07/07/2011,0.0
08/07/2011,0.0
09/07/2011,0.0
10/07/2011,0.0
11/07/2011,0.0
12/07/2011,0.0
13/07/2011,0.0
14/07/2011,18.0
15/07/2011,0.0
16/07/2011,0.0
17/07/2011,0.0
18/07/2011,0.0
19/07/2011,0.0
20/07/2011,0.5
21/07/2011,7.0
22/07/2011,0.9
23/07/2011,5.1
24/07/2011,1.0
25/07/2011,0.0
26/07/2011,0.0
27/07/2011,0.4
28/07/2011,2.6
29/07/2011,1.0
30/07/2011,0.0
31/07/2011,0.0
01/08/2011,0.0
02/08/2011,0.0
03/08/2011,0.0
04/08/2011,0.0
05/08/2011,0.0
06/08/2011,0.5
07/08/2011,45.5
08/08/2011,0.5
09/08/2011,0.5
10/08/2011,0.0
11/08/2011,0.0
12/08/2011,3.0
13/08/2011,0.0
14/08/2011,0.0
15/08/2011,0.5
16/08/2011,0.0
17/08/2011,0.0
18/08/2011,0.0
19/08/2011,0.4
20/08/2011,25.1
21/08/2011,0.0
22/08/2011,35.0
23/08/2011,57.5
24/08/2011,10.5
25/08/2011,0.0
26/08/2011,0.0
27/08/2011,10.0
28/08/2011,2.0
29/08/2011,40.5
30/08/2011,0.0
31/08/2011,0.0
01/09/2011,0.0
02/09/2011,3.5
03/09/2011,0.0
04/09/2011,0.0
05/09/2011,0.0
06/09/2011,0.0
07/09/2011,0.0
08/09/2011,0.0
09/09/2011,25.8
10/09/2011,1.2
11/09/2011,1.5
12/09/2011,0.5
13/09/2011,0.5
14/09/2011,0.0
15/09/2011,0.0
16/09/2011,0.0
17/09/2011,8.5
18/09/2011,17.5
19/09/2011,13.0
20/09/2011,1.2
21/09/2011,21.3
22/09/2011,0.0
23/09/2011,0.0
24/09/2011,0.0
25/09/2011,4.4
26/09/2011,54.9
27/09/2011,0.2
28/09/2011,3.5
29/09/2011,0.0
30/09/2011,0.5
01/10/2011,16.6
02/10/2011,12.9
03/10/2011,3.0
04/10/2011,5.5
05/10/2011,24.3
06/10/2011,0.2
07/10/2011,68.9
08/10/2011,3.6
09/10/2011,0.0
10/10/2011,14.9
11/10/2011,26.1
12/10/2011,0.0
13/10/2011,0.0
14/10/2011,0.0
15/10/2011,0.0
16/10/2011,0.0
17/10/2011,2.9
18/10/2011,10.5
19/10/2011,21.4
20/10/2011,13.1
21/10/2011,0.4
22/10/2011,43.4
23/10/2011,1.1
24/10/2011,17.5
25/10/2011,4.1
26/10/2011,28.4
27/10/2011,77.1
28/10/2011,0.5
29/10/2011,26.6
30/10/2011,0.7
31/10/2011,27.0
01/11/2011,7.4
02/11/2011,8.7
03/11/2011,8.5
04/11/2011,0.0
05/11/2011,30.5
06/11/2011,1.0
07/11/2011,0.8
08/11/2011,10.2
09/11/2011,0.5
10/11/2011,0.0
11/11/2011,9.0
12/11/2011,28.5
13/11/2011,3.4
14/11/2011,18.6
15/11/2011,4.3
16/11/2011,5.7
17/11/2011,0.0
18/11/2011,0.0
19/11/2011,0.4
20/11/2011,24.0
21/11/2011,117.0
22/11/2011,105.7
23/11/2011,170.3
24/11/2011,31.5
25/11/2011,8.0
26/11/2011,27.0
27/11/2011,15.2
28/11/2011,32.9
29/11/2011,49.2
30/11/2011,14.1
01/12/2011,1.6
02/12/2011,0.0
03/12/2011,0.5
04/12/2011,13.5
05/12/2011,26.8
06/12/2011,0.6
07/12/2011,13.6
08/12/2011,0.0
09/12/2011,0.5
10/12/2011,118.2
11/12/2011,45.1
12/12/2011,131.2
13/12/2011,0.0
14/12/2011,0.0
15/12/2011,12.2
16/12/2011,56.5
17/12/2011,7.1
18/12/2011,7.7
19/12/2011,3.3
20/12/2011,6.6
21/12/2011,38.3
22/12/2011,4.2
23/12/2011,6.1
24/12/2011,9.3
25/12/2011,6.2
26/12/2011,2.8
27/12/2011,6.9
28/12/2011,27.6
29/12/2011,0.9
30/12/2011,57.9
31/12/2011,1.8
01/01/2012,3.9
02/01/2012,28.0
03/01/2012,0.1
04/01/2012,0.0
05/01/2012,0.0
06/01/2012,0.0
07/01/2012,1.2
08/01/2012,3.8
09/01/2012,8.8
10/01/2012,7.5
11/01/2012,22.6
12/01/2012,18.4
13/01/2012,174.4
14/01/2012,14.8
15/01/2012,0.0
16/01/2012,0.0
17/01/2012,17.5
18/01/2012,0.0
19/01/2012,0.5
20/01/2012,1.0
21/01/2012,0.0
22/01/2012,0.0
23/01/2012,0.5
24/01/2012,0.0
25/01/2012,0.0
26/01/2012,0.4
27/01/2012,88.5
28/01/2012,71.6
29/01/2012,8.5
30/01/2012,1.0
31/01/2012,1.0
01/02/2012,0.9
02/02/2012,3.2
03/02/2012,3.4
04/02/2012,0.0
05/02/2012,0.4
06/02/2012,11.1
07/02/2012,0.0
08/02/2012,0.0
09/02/2012,0.0
10/02/2012,0.4
11/02/2012,2.5
12/02/2012,1.6
13/02/2012,1.0
14/02/2012,0.0
15/02/2012,0.0
16/02/2012,0.0
17/02/2012,0.0
18/02/2012,2.6
19/02/2012,14.3
20/02/2012,0.1
21/02/2012,0.0
22/02/2012,0.0
23/02/2012,0.0
24/02/2012,0.0
25/02/2012,0.0
26/02/2012,0.0
27/02/2012,3.3
28/02/2012,0.6
29/02/2012,7.0
01/03/2012,4.5
02/03/2012,21.5
03/03/2012,49.7
04/03/2012,0.0
05/03/2012,19.5
06/03/2012,0.0
07/03/2012,0.6
08/03/2012,53.4
09/03/2012,0.0
10/03/2012,0.4
11/03/2012,16.0
12/03/2012,92.6
13/03/2012,38.3
14/03/2012,5.2
15/03/2012,17.0
16/03/2012,0.0
17/03/2012,0.0
18/03/2012,0.0
19/03/2012,0.0
20/03/2012,0.0
21/03/2012,0.0
22/03/2012,0.0
23/03/2012,0.0
24/03/2012,0.0
25/03/2012,0.0
26/03/2012,5.5
27/03/2012,0.5
28/03/2012,0.0
29/03/2012,0.0
30/03/2012,0.5
31/03/2012,7.0
01/04/2012,1.5
02/04/2012,18.5
03/04/2012,8.5
04/04/2012,0.0
05/04/2012,0.4
06/04/2012,3.1
07/04/2012,0.3
08/04/2012,7.5
09/04/2012,6.2
10/04/2012,0.0
11/04/2012,0.4
12/04/2012,44.1
13/04/2012,0.4
14/04/2012,8.1
15/04/2012,1.5
16/04/2012,2.3
17/04/2012,6.7
18/04/2012,0.4
19/04/2012,0.1
20/04/2012,0.0
21/04/2012,0.0
22/04/2012,0.0
23/04/2012,0.4
24/04/2012,19.6
25/04/2012,0.0
26/04/2012,0.0
27/04/2012,0.0
28/04/2012,0.5
29/04/2012,28.0
30/04/2012,0.0
01/05/2012,0.0
02/05/2012,38.0
03/05/2012,0.0
04/05/2012,3.0
05/05/2012,44.5
06/05/2012,0.5
07/05/2012,0.0
08/05/2012,1.0
09/05/2012,1.0
10/05/2012,0.0
11/05/2012,2.0
12/05/2012,5.6
13/05/2012,1.9
14/05/2012,4.7
15/05/2012,0.8
16/05/2012,18.0
17/05/2012,0.0
18/05/2012,0.0
19/05/2012,0.0
20/05/2012,1.0
21/05/2012,0.0
22/05/2012,0.0
23/05/2012,27.5
24/05/2012,5.0
25/05/2012,3.0
26/05/2012,0.0
27/05/2012,0.0
28/05/2012,0.0
29/05/2012,0.0
30/05/2012,0.5
31/05/2012,0.5
01/06/2012,3.0
02/06/2012,15.9
03/06/2012,4.1
04/06/2012,10.0
05/06/2012,16.1
06/06/2012,0.4
07/06/2012,0.0
08/06/2012,0.0
09/06/2012,0.0
10/06/2012,0.0
11/06/2012,0.0
12/06/2012,0.0
13/06/2012,0.0
14/06/2012,0.0
15/06/2012,0.0
16/06/2012,0.0
17/06/2012,0.0
18/06/2012,0.0
19/06/2012,0.0
20/06/2012,0.4
21/06/2012,40.6
22/06/2012,0.0
23/06/2012,0.0
24/06/2012,17.5
25/06/2012,0.0
26/06/2012,0.0
27/06/2012,0.0
28/06/2012,0.0
29/06/2012,0.0
30/06/2012,0.0
01/07/2012,0.0
02/07/2012,5.5
03/07/2012,0.6
04/07/2012,16.9
05/07/2012,15.0
06/07/2012,0.4
07/07/2012,0.1
08/07/2012,18.3
09/07/2012,18.7
10/07/2012,0.4
11/07/2012,2.6
12/07/2012,0.0
13/07/2012,0.0
14/07/2012,0.0
15/07/2012,0.0
16/07/2012,0.0
17/07/2012,27.0
18/07/2012,0.0
19/07/2012,1.6
20/07/2012,1.4
21/07/2012,0.0
22/07/2012,21.0
23/07/2012,15.5
24/07/2012,0.0
25/07/2012,0.0
26/07/2012,0.5
27/07/2012,18.0
28/07/2012,1.0
29/07/2012,0.0
30/07/2012,0.0
31/07/2012,0.0
01/08/2012,0.0
02/08/2012,0.0
03/08/2012,0.0
04/08/2012,0.4
05/08/2012,57.1
06/08/2012,84.5
07/08/2012,16.4
08/08/2012,1.6
09/08/2012,0.4
10/08/2012,0.1
11/08/2012,0.4
12/08/2012,8.1
13/08/2012,6.4
14/08/2012,30.1
15/08/2012,1.0
16/08/2012,3.5
17/08/2012,16.4
18/08/2012,1.1
19/08/2012,0.0
20/08/2012,0.0
21/08/2012,1.7
22/08/2012,21.3
23/08/2012,5.4
24/08/2012,4.1
25/08/2012,0.0
26/08/2012,14.0
27/08/2012,3.5
28/08/2012,3.5
29/08/2012,0.0
30/08/2012,8.5
31/08/2012,0.0
01/09/2012,0.0
02/09/2012,54.5
03/09/2012,4.0
04/09/2012,40.4
05/09/2012,1.1
06/09/2012,0.0
07/09/2012,0.0
08/09/2012,4.4
09/09/2012,0.6
10/09/2012,0.8
11/09/2012,18.6
12/09/2012,18.6
13/09/2012,10.6
14/09/2012,25.9
15/09/2012,0.0
16/09/2012,12.5
17/09/2012,13.5
18/09/2012,0.0
19/09/2012,0.5
20/09/2012,12.5
21/09/2012,28.5
22/09/2012,0.0
23/09/2012,10.5
24/09/2012,36.0
25/09/2012,24.9
26/09/2012,2.6
27/09/2012,0.0
28/09/2012,0.0
29/09/2012,1.0
30/09/2012,0.5
01/10/2012,0.0
02/10/2012,0.0
03/10/2012,0.5
04/10/2012,23.5
05/10/2012,5.0
06/10/2012,42.6
07/10/2012,10.4
08/10/2012,0.5
09/10/2012,0.0
10/10/2012,29.5
11/10/2012,1.0
12/10/2012,4.3
13/10/2012,3.2
14/10/2012,0.0
15/10/2012,0.5
16/10/2012,22.5
17/10/2012,0.3
18/10/2012,4.0
19/10/2012,34.1
20/10/2012,4.5
21/10/2012,23.5
22/10/2012,14.5
23/10/2012,0.0
24/10/2012,0.0
25/10/2012,5.5
26/10/2012,0.0
27/10/2012,0.0
28/10/2012,0.0
29/10/2012,0.0
30/10/2012,0.4
31/10/2012,5.8
01/11/2012,15.3
02/11/2012,4.5
03/11/2012,14.7
04/11/2012,13.5
05/11/2012,44.7
06/11/2012,0.0
07/11/2012,0.5
08/11/2012,11.9
09/11/2012,2.6
10/11/2012,1.4
11/11/2012,2.9
12/11/2012,2.1
13/11/2012,0.0
14/11/2012,0.0
15/11/2012,0.0
16/11/2012,0.0
17/11/2012,0.0
18/11/2012,0.0
19/11/2012,4.0
20/11/2012,0.0
21/11/2012,1.0
22/11/2012,0.8
23/11/2012,2.1
24/11/2012,2.6
25/11/2012,0.2
26/11/2012,0.7
27/11/2012,21.6
28/11/2012,0.9
29/11/2012,2.4
30/11/2012,2.1
01/12/2012,17.4
02/12/2012,6.7
03/12/2012,1.5
04/12/2012,4.8
05/12/2012,4.2
06/12/2012,2.9
07/12/2012,1.1
08/12/2012,0.4
09/12/2012,42.9
10/12/2012,0.3
11/12/2012,0.0
12/12/2012,0.5
13/12/2012,12.4
14/12/2012,7.6
15/12/2012,5.0
16/12/2012,10.0
17/12/2012,31.2
18/12/2012,53.6
19/12/2012,56.9
20/12/2012,12.9
21/12/2012,13.3
22/12/2012,15.7
23/12/2012,32.5
24/12/2012,164.6
25/12/2012,99.5
26/12/2012,10.8
27/12/2012,9.3
28/12/2012,5.2
29/12/2012,0.0
30/12/2012,0.9
31/12/2012,87.3
01/01/2013,9.2
02/01/2013,17.9
03/01/2013,19.6
04/01/2013,1.8
05/01/2013,0.2
06/01/2013,0.0
07/01/2013,0.0
08/01/2013,0.0
09/01/2013,2.0
10/01/2013,1.0
11/01/2013,2.5
12/01/2013,0.0
13/01/2013,0.5
14/01/2013,0.0
15/01/2013,1.0
16/01/2013,0.0
17/01/2013,0.3
18/01/2013,72.9
19/01/2013,10.3
20/01/2013,10.0
21/01/2013,24.8
22/01/2013,17.7
23/01/2013,4.3
24/01/2013,2.2
25/01/2013,0.0
26/01/2013,0.0
27/01/2013,0.0
28/01/2013,0.3
29/01/2013,0.2
30/01/2013,0.0
31/01/2013,0.0
01/02/2013,0.5
02/02/2013,0.5
03/02/2013,2.9
04/02/2013,25.1
05/02/2013,0.5
06/02/2013,0.0
07/02/2013,0.0
08/02/2013,0.0
09/02/2013,0.0
10/02/2013,13.3
11/02/2013,11.7
12/02/2013,4.2
13/02/2013,1.7
14/02/2013,6.3
15/02/2013,26.3
16/02/2013,27.4
17/02/2013,10.7
18/02/2013,6.8
19/02/2013,0.6
20/02/2013,0.0
21/02/2013,0.0
22/02/2013,0.0
23/02/2013,0.0
24/02/2013,75.0
25/02/2013,34.6
26/02/2013,5.4
27/02/2013,1.5
28/02/2013,2.9
01/03/2013,10.6
02/03/2013,0.0
03/03/2013,0.5
04/03/2013,0.5
05/03/2013,0.0
06/03/2013,0.4
07/03/2013,1.6
08/03/2013,0.0
09/03/2013,0.0
10/03/2013,0.0
11/03/2013,0.0
12/03/2013,0.0
13/03/2013,0.0
14/03/2013,0.0
15/03/2013,0.4
16/03/2013,19.6
17/03/2013,0.0
18/03/2013,0.0
19/03/2013,0.0
20/03/2013,0.0
21/03/2013,0.0
22/03/2013,0.0
23/03/2013,0.0
24/03/2013,0.0
25/03/2013,0.0
26/03/2013,0.0
27/03/2013,0.0
28/03/2013,0.0
29/03/2013,0.0
30/03/2013,0.0
31/03/2013,0.0
01/04/2013,0.0
02/04/2013,1.5
03/04/2013,0.0
04/04/2013,1.6
05/04/2013,0.4
06/04/2013,0.0
07/04/2013,0.0
08/04/2013,0.5
09/04/2013,0.0
10/04/2013,1.0
11/04/2013,3.0
12/04/2013,0.0
13/04/2013,2.5
14/04/2013,2.0
15/04/2013,0.0
16/04/2013,0.0
17/04/2013,18.5
18/04/2013,0.0
19/04/2013,5.5
20/04/2013,0.0
21/04/2013,0.5
22/04/2013,0.0
23/04/2013,0.0
24/04/2013,0.0
25/04/2013,0.5
26/04/2013,0.0
27/04/2013,0.0
28/04/2013,2.5
29/04/2013,13.4
30/04/2013,19.6
01/05/2013,9.4
02/05/2013,2.6
03/05/2013,0.0
04/05/2013,0.0
05/05/2013,2.8
06/05/2013,7.7
07/05/2013,0.0
08/05/2013,0.0
09/05/2013,11.5
10/05/2013,3.5
11/05/2013,0.4
12/05/2013,4.6
13/05/2013,0.0
14/05/2013,10.2
15/05/2013,0.8
16/05/2013,0.5
17/05/2013,41.1
18/05/2013,0.4
19/05/2013,0.1
20/05/2013,0.0
21/05/2013,4.0
22/05/2013,0.0
23/05/2013,0.0
24/05/2013,0.0
25/05/2013,0.0
26/05/2013,0.0
27/05/2013,0.0
28/05/2013,3.3
29/05/2013,12.7
30/05/2013,12.0
31/05/2013,0.0
01/06/2013,0.0
02/06/2013,1.5
03/06/2013,0.0
04/06/2013,8.0
05/06/2013,14.0
06/06/2013,0.0
07/06/2013,0.0
08/06/2013,0.0
09/06/2013,0.0
10/06/2013,0.0
11/06/2013,1.0
12/06/2013,0.0
13/06/2013,11.5
14/06/2013,0.5
15/06/2013,0.0
16/06/2013,0.0
17/06/2013,0.0
18/06/2013,0.0
19/06/2013,0.0
20/06/2013,0.0
21/06/2013,0.0
22/06/2013,0.0
23/06/2013,0.0
24/06/2013,0.0
25/06/2013,0.0
26/06/2013,5.5
27/06/2013,3.0
28/06/2013,0.0
29/06/2013,0.4
30/06/2013,0.6
01/07/2013,0.0
02/07/2013,11.4
03/07/2013,10.1
04/07/2013,3.6
05/07/2013,2.4
06/07/2013,0.0
07/07/2013,0.3
08/07/2013,0.2
09/07/2013,6.5
10/07/2013,6.8
11/07/2013,41.7
12/07/2013,0.0
13/07/2013,7.9
14/07/2013,13.1
15/07/2013,0.0
16/07/2013,0.0
17/07/2013,62.0
18/07/2013,1.5
19/07/2013,0.0
20/07/2013,0.0
21/07/2013,10.5
22/07/2013,0.0
23/07/2013,0.0
24/07/2013,0.0
25/07/2013,14.7
26/07/2013,12.8
27/07/2013,0.0
28/07/2013,0.0
29/07/2013,29.5
30/07/2013,0.0
31/07/2013,0.0
01/08/2013,0.0
02/08/2013,0.0
03/08/2013,0.0
04/08/2013,0.4
05/08/2013,5.1
06/08/2013,0.0
07/08/2013,0.0
08/08/2013,9.0
09/08/2013,0.0
10/08/2013,0.0
11/08/2013,1.0
12/08/2013,0.0
13/08/2013,0.0
14/08/2013,0.5
15/08/2013,2.0
16/08/2013,0.0
17/08/2013,0.0
18/08/2013,0.0
19/08/2013,13.0
20/08/2013,0.0
21/08/2013,11.2
22/08/2013,0.7
23/08/2013,0.1
24/08/2013,0.0
25/08/2013,0.0
26/08/2013,28.5
27/08/2013,0.0
28/08/2013,2.5
29/08/2013,2.5
30/08/2013,0.0
31/08/2013,0.8
01/09/2013,7.7
02/09/2013,0.0
03/09/2013,0.0
04/09/2013,0.0
05/09/2013,0.0
06/09/2013,32.4
07/09/2013,12.1
08/09/2013,9.9
09/09/2013,7.1
10/09/2013,0.0
11/09/2013,7.5
12/09/2013,0.0
13/09/2013,0.0
14/09/2013,0.0
15/09/2013,0.0
16/09/2013,0.0
17/09/2013,6.4
18/09/2013,3.6
19/09/2013,0.0
20/09/2013,0.0
21/09/2013,0.0
22/09/2013,0.0
23/09/2013,0.0
24/09/2013,0.0
25/09/2013,15.0
26/09/2013,0.0
27/09/2013,10.0
28/09/2013,9.2
29/09/2013,12.2
30/09/2013,0.2
01/10/2013,1.0
02/10/2013,2.2
03/10/2013,10.6
04/10/2013,43.7
05/10/2013,0.0
06/10/2013,0.0
07/10/2013,45.7
08/10/2013,5.5
09/10/2013,39.3
10/10/2013,1.5
11/10/2013,13.9
12/10/2013,42.1
13/10/2013,20.0
14/10/2013,2.0
15/10/2013,25.5
16/10/2013,4.0
17/10/2013,11.3
18/10/2013,10.0
19/10/2013,3.2
20/10/2013,25.5
21/10/2013,9.4
22/10/2013,3.4
23/10/2013,0.8
24/10/2013,0.0
25/10/2013,5.0
26/10/2013,0.0
27/10/2013,6.0
28/10/2013,0.0
29/10/2013,9.0
30/10/2013,0.0
31/10/2013,0.4
01/11/2013,2.1
02/11/2013,0.0
03/11/2013,0.0
04/11/2013,4.1
05/11/2013,66.9
06/11/2013,15.5
07/11/2013,0.9
08/11/2013,0.6
09/11/2013,0.5
10/11/2013,12.0
11/11/2013,0.0
12/11/2013,0.0
13/11/2013,4.0
14/11/2013,0.0
15/11/2013,0.0
16/11/2013,2.4
17/11/2013,11.6
18/11/2013,8.0
19/11/2013,66.4
20/11/2013,53.6
21/11/2013,2.1
22/11/2013,5.1
23/11/2013,2.3
24/11/2013,0.1
25/11/2013,0.0
26/11/2013,0.0
27/11/2013,24.5
28/11/2013,6.0
29/11/2013,34.0
30/11/2013,58.5
01/12/2013,113.0
02/12/2013,264.5
03/12/2013,272.6
04/12/2013,107.5
05/12/2013,9.9
06/12/2013,14.5
07/12/2013,96.8
08/12/2013,5.5
09/12/2013,58.3
10/12/2013,52.1
11/12/2013,7.3
12/12/2013,57.1
13/12/2013,0.0
14/12/2013,0.0
15/12/2013,0.0
16/12/2013,1.5
17/12/2013,8.5
18/12/2013,0.5
19/12/2013,36.9
20/12/2013,5.0
21/12/2013,13.2
22/12/2013,0.4
23/12/2013,4.1
24/12/2013,1.0
25/12/2013,0.4
26/12/2013,6.5
27/12/2013,10.6
28/12/2013,3.0
29/12/2013,3.5
30/12/2013,0.5
31/12/2013,6.9
01/01/2014,1.6
02/01/2014,4.9
03/01/2014,10.1
04/01/2014,0.5
05/01/2014,11.8
06/01/2014,3.2
07/01/2014,0.0
08/01/2014,0.0
09/01/2014,2.4
10/01/2014,157.9
11/01/2014,11.4
12/01/2014,32.3
13/01/2014,2.2
14/01/2014,0.6
15/01/2014,0.4
16/01/2014,0.1
17/01/2014,0.0
18/01/2014,2.3
19/01/2014,2.2
20/01/2014,0.0
21/01/2014,0.0
22/01/2014,0.0
23/01/2014,0.0
24/01/2014,0.0
25/01/2014,0.0
26/01/2014,0.0
27/01/2014,0.0
28/01/2014,0.0
29/01/2014,0.0
30/01/2014,0.0
31/01/2014,0.0
01/02/2014,0.0
02/02/2014,0.0
03/02/2014,0.0
04/02/2014,0.0
05/02/2014,0.0
06/02/2014,0.0
07/02/2014,0.0
08/02/2014,0.0
09/02/2014,0.0
10/02/2014,0.0
11/02/2014,0.0
12/02/2014,0.0
13/02/2014,0.0
14/02/2014,0.0
15/02/2014,0.0
16/02/2014,0.4
17/02/2014,6.6
18/02/2014,0.0
19/02/2014,0.0
20/02/2014,0.0
21/02/2014,0.3
22/02/2014,0.2
23/02/2014,0.0
24/02/2014,0.0
25/02/2014,0.0
26/02/2014,0.4
27/02/2014,0.6
28/02/2014,0.0
01/03/2014,0.0
02/03/2014,0.0
03/03/2014,0.0
04/03/2014,0.0
05/03/2014,0.0
06/03/2014,0.0
07/03/2014,0.0
08/03/2014,0.0
09/03/2014,0.0
10/03/2014,0.0
11/03/2014,0.0
12/03/2014,0.0
13/03/2014,0.0
14/03/2014,0.5
15/03/2014,0.4
16/03/2014,2.9
17/03/2014,1.7
18/03/2014,0.0
19/03/2014,0.0
20/03/2014,0.0
21/03/2014,0.0
22/03/2014,0.0
23/03/2014,0.0
24/03/2014,0.4
25/03/2014,2.1
26/03/2014,0.0
27/03/2014,0.0
28/03/2014,0.4
29/03/2014,46.5
30/03/2014,0.6
31/03/2014,0.2
01/04/2014,0.3
02/04/2014,0.0
03/04/2014,1.0
04/04/2014,0.0
05/04/2014,0.0
06/04/2014,0.0
07/04/2014,0.0
08/04/2014,0.0
09/04/2014,0.0
10/04/2014,0.0
11/04/2014,0.0
12/04/2014,0.0
13/04/2014,0.0
14/04/2014,0.0
15/04/2014,0.0
16/04/2014,0.0
17/04/2014,0.0
18/04/2014,0.0
19/04/2014,0.0
20/04/2014,0.5
21/04/2014,0.4
22/04/2014,4.6
23/04/2014,0.0
24/04/2014,0.0
25/04/2014,0.0
26/04/2014,0.0
27/04/2014,0.0
28/04/2014,0.0
29/04/2014,0.0
30/04/2014,0.0
01/05/2014,0.5
02/05/2014,20.5
03/05/2014,0.0
04/05/2014,0.0
05/05/2014,6.0
06/05/2014,0.0
07/05/2014,0.0
08/05/2014,0.0
09/05/2014,0.5
10/05/2014,0.0
11/05/2014,0.0
12/05/2014,0.0
13/05/2014,27.3
14/05/2014,56.7
15/05/2014,0.0
16/05/2014,15.5
17/05/2014,19.0
18/05/2014,53.5
19/05/2014,3.5
20/05/2014,0.8
21/05/2014,0.2
22/05/2014,0.0
23/05/2014,0.0
24/05/2014,0.0
25/05/2014,0.0
26/05/2014,0.0
27/05/2014,0.0
28/05/2014,0.5
29/05/2014,5.0
30/05/2014,0.0
31/05/2014,0.0
01/06/2014,0.0
02/06/2014,0.4
03/06/2014,21.1
04/06/2014,3.0
05/06/2014,0.2
06/06/2014,0.2
07/06/2014,0.2
08/06/2014,7.3
09/06/2014,1.7
10/06/2014,0.1
11/06/2014,0.1
12/06/2014,0.1
13/06/2014,0.1
14/06/2014,0.1
15/06/2014,4.2
16/06/2014,2.8
17/06/2014,1.0
18/06/2014,0.4
19/06/2014,0.1
20/06/2014,0.0
21/06/2014,0.0
22/06/2014,0.0
23/06/2014,0.0
24/06/2014,0.0
25/06/2014,0.9
26/06/2014,3.6
27/06/2014,0.0
28/06/2014,0.9
29/06/2014,1.0
30/06/2014,17.1
01/07/2014,0.0
02/07/2014,0.0
03/07/2014,0.4
04/07/2014,0.5
05/07/2014,6.6
06/07/2014,0.0
07/07/2014,0.0
08/07/2014,0.0
09/07/2014,0.0
10/07/2014,0.0
11/07/2014,0.0
12/07/2014,0.0
13/07/2014,0.0
14/07/2014,0.0
15/07/2014,0.0
16/07/2014,0.0
17/07/2014,0.0
18/07/2014,0.0
19/07/2014,4.5
20/07/2014,0.0
21/07/2014,0.4
22/07/2014,0.1
23/07/2014,0.0
24/07/2014,0.0
25/07/2014,0.0
26/07/2014,0.4
27/07/2014,1.7
28/07/2014,2.7
29/07/2014,1.1
30/07/2014,3.2
31/07/2014,0.0
01/08/2014,0.0
02/08/2014,0.0
03/08/2014,1.7
04/08/2014,1.8
05/08/2014,0.0
06/08/2014,0.4
07/08/2014,0.1
08/08/2014,0.0
09/08/2014,0.0
10/08/2014,0.0
11/08/2014,0.0
12/08/2014,0.0
13/08/2014,0.0
14/08/2014,0.0
15/08/2014,0.0
16/08/2014,0.0
17/08/2014,0.0
18/08/2014,0.8
19/08/2014,1.5
20/08/2014,1.7
21/08/2014,0.9
22/08/2014,0.5
23/08/2014,0.7
24/08/2014,1.3
25/08/2014,0.2
26/08/2014,0.0
27/08/2014,0.5
28/08/2014,0.5
29/08/2014,0.0
30/08/2014,0.0
31/08/2014,0.0
01/09/2014,0.0
02/09/2014,0.0
03/09/2014,0.4
04/09/2014,0.9
05/09/2014,0.7
06/09/2014,1.0
07/09/2014,0.5
08/09/2014,0.5
09/09/2014,0.9
10/09/2014,0.6
11/09/2014,0.5
12/09/2014,0.9
13/09/2014,3.1
14/09/2014,0.0
15/09/2014,0.0
16/09/2014,0.0
17/09/2014,0.0
18/09/2014,0.0
19/09/2014,0.0
20/09/2014,3.0
21/09/2014,0.0
22/09/2014,0.0
23/09/2014,0.0
24/09/2014,0.0
25/09/2014,0.0
26/09/2014,0.0
27/09/2014,0.0
28/09/2014,0.0
29/09/2014,0.0
30/09/2014,0.0
01/10/2014,6.0
02/10/2014,0.0
03/10/2014,0.0
04/10/2014,0.0
05/10/2014,0.0
06/10/2014,0.0
07/10/2014,0.0
08/10/2014,0.0
09/10/2014,0.0
10/10/2014,0.0
11/10/2014,0.0
12/10/2014,0.0
13/10/2014,1.0
14/10/2014,0.0
15/10/2014,0.0
16/10/2014,0.0
17/10/2014,2.5
18/10/2014,0.5
19/10/2014,5.5
20/10/2014,0.0
21/10/2014,2.5
22/10/2014,0.0
23/10/2014,0.0
24/10/2014,0.0
25/10/2014,0.0
26/10/2014,0.0
27/10/2014,0.0
28/10/2014,0.0
29/10/2014,0.0
30/10/2014,0.0
31/10/2014,0.0
01/11/2014,2.0
02/11/2014,8.4
03/11/2014,21.6
04/11/2014,3.5
05/11/2014,13.0
06/11/2014,0.0
07/11/2014,0.0
08/11/2014,14.2
09/11/2014,9.8
10/11/2014,0.0
11/11/2014,0.0
12/11/2014,0.5
13/11/2014,11.2
14/11/2014,37.8
15/11/2014,10.8
16/11/2014,38.9
17/11/2014,91.8
18/11/2014,95.3
19/11/2014,5.8
20/11/2014,3.0
21/11/2014,0.0
22/11/2014,0.0
23/11/2014,0.4
24/11/2014,52.9
25/11/2014,1.2
26/11/2014,0.0
27/11/2014,0.0
28/11/2014,0.5
29/11/2014,0.0
30/11/2014,0.0
01/12/2014,0.0
02/12/2014,1.0
03/12/2014,0.3
04/12/2014,17.7
05/12/2014,0.0
06/12/2014,0.5
07/12/2014,21.1
08/12/2014,0.5
09/12/2014,0.0
10/12/2014,1.0
11/12/2014,0.0
12/12/2014,0.0
13/12/2014,0.0
14/12/2014,60.1
15/12/2014,232.6
16/12/2014,51.7
17/12/2014,44.0
18/12/2014,124.9
19/12/2014,44.2
20/12/2014,10.2
21/12/2014,293.2
22/12/2014,97.1
23/12/2014,83.0
24/12/2014,30.4
25/12/2014,16.4
26/12/2014,155.1
27/12/2014,22.0
28/12/2014,93.0
29/12/2014,188.3
30/12/2014,21.8
31/12/2014,0.0
01/01/2015,0.0
02/01/2015,0.5
03/01/2015,0.4
04/01/2015,3.6
05/01/2015,0.0
06/01/2015,0.0
07/01/2015,0.5
08/01/2015,141.3
09/01/2015,40.3
10/01/2015,2.0
11/01/2015,0.4
12/01/2015,0.1
13/01/2015,0.8
14/01/2015,1.7
15/01/2015,0.0
16/01/2015,0.0
17/01/2015,0.0
18/01/2015,0.0
19/01/2015,0.0
20/01/2015,0.0
21/01/2015,0.0
22/01/2015,0.0
23/01/2015,0.0
24/01/2015,0.0
25/01/2015,0.0
26/01/2015,0.0
27/01/2015,0.0
28/01/2015,0.5
29/01/2015,15.3
30/01/2015,0.3
31/01/2015,0.0
01/02/2015,0.4
02/02/2015,1.6
03/02/2015,33.8
04/02/2015,15.9
05/02/2015,1.7
06/02/2015,1.1
07/02/2015,0.6
08/02/2015,0.5
09/02/2015,5.0
10/02/2015,0.0
11/02/2015,0.0
12/02/2015,0.0
13/02/2015,0.0
14/02/2015,0.0
15/02/2015,0.0
16/02/2015,0.0
17/02/2015,0.0
18/02/2015,0.0
19/02/2015,0.0
20/02/2015,0.0
21/02/2015,0.0
22/02/2015,0.0
23/02/2015,0.0
24/02/2015,0.0
25/02/2015,0.0
26/02/2015,0.0
27/02/2015,0.0
28/02/2015,0.0
01/03/2015,0.0
02/03/2015,0.0
03/03/2015,0.0
04/03/2015,0.0
05/03/2015,0.0
06/03/2015,0.0
07/03/2015,0.0
08/03/2015,0.5
09/03/2015,0.0
10/03/2015,19.0
11/03/2015,0.0
12/03/2015,0.0
13/03/2015,0.0
14/03/2015,0.0
15/03/2015,0.0
16/03/2015,0.0
17/03/2015,0.0
18/03/2015,0.0
19/03/2015,0.0
20/03/2015,0.0
21/03/2015,0.0
22/03/2015,0.0
23/03/2015,0.0
24/03/2015,0.0
25/03/2015,0.0
26/03/2015,1.8
27/03/2015,5.2
28/03/2015,1.0
29/03/2015,8.0
30/03/2015,54.0
31/03/2015,1.0
01/04/2015,15.5
02/04/2015,1.0
03/04/2015,0.0
04/04/2015,0.0
05/04/2015,0.0
06/04/2015,0.0
07/04/2015,0.0
08/04/2015,0.0
09/04/2015,0.4
10/04/2015,27.1
11/04/2015,0.0
12/04/2015,0.0
13/04/2015,0.0
14/04/2015,9.1
15/04/2015,0.9
16/04/2015,0.0
17/04/2015,0.0
18/04/2015,0.0
19/04/2015,0.0
20/04/2015,0.0
21/04/2015,0.0
22/04/2015,0.0
23/04/2015,0.0
24/04/2015,0.0
25/04/2015,0.0
26/04/2015,0.0
27/04/2015,0.0
28/04/2015,0.0
29/04/2015,0.0
30/04/2015,0.0
01/05/2015,0.0
02/05/2015,0.0
03/05/2015,0.0
04/05/2015,0.0
05/05/2015,0.0
06/05/2015,0.0
07/05/2015,0.0
08/05/2015,44.0
09/05/2015,0.0
10/05/2015,11.8
11/05/2015,45.7
12/05/2015,0.0
13/05/2015,0.0
14/05/2015,20.0
15/05/2015,0.0
16/05/2015,0.0
17/05/2015,0.5
18/05/2015,0.0
19/05/2015,0.0
20/05/2015,0.0
21/05/2015,0.5
22/05/2015,1.0
23/05/2015,0.0
24/05/2015,0.5
25/05/2015,7.0
26/05/2015,0.0
27/05/2015,0.0
28/05/2015,0.0
29/05/2015,0.5
30/05/2015,5.0
31/05/2015,0.0
01/06/2015,0.0
02/06/2015,0.0
03/06/2015,0.0
04/06/2015,0.0
05/06/2015,0.0
06/06/2015,0.0
07/06/2015,0.0
08/06/2015,0.0
09/06/2015,0.0
10/06/2015,0.0
11/06/2015,0.0
12/06/2015,0.0
13/06/2015,2.3
14/06/2015,20.2
15/06/2015,0.0
16/06/2015,0.0
17/06/2015,0.5
18/06/2015,0.0
19/06/2015,0.0
20/06/2015,0.0
21/06/2015,0.0
22/06/2015,0.0
23/06/2015,0.0
24/06/2015,0.0
25/06/2015,0.0
26/06/2015,0.0
27/06/2015,0.4
28/06/2015,22.1
29/06/2015,0.0
30/06/2015,0.4
01/07/2015,14.1
02/07/2015,7.5
03/07/2015,31.1
04/07/2015,18.4
05/07/2015,0.0
06/07/2015,3.4
07/07/2015,5.4
08/07/2015,0.7
09/07/2015,0.0
10/07/2015,0.5
11/07/2015,0.0
12/07/2015,0.0
13/07/2015,0.0
14/07/2015,0.0
15/07/2015,0.0
16/07/2015,0.0
17/07/2015,10.8
18/07/2015,1.1
19/07/2015,1.6
20/07/2015,0.0
21/07/2015,13.0
22/07/2015,0.5
23/07/2015,0.0
24/07/2015,0.0
25/07/2015,0.0
26/07/2015,0.0
27/07/2015,12.0
28/07/2015,0.0
29/07/2015,0.0
30/07/2015,0.5
31/07/2015,96.9
01/08/2015,4.4
02/08/2015,0.6
03/08/2015,9.1
04/08/2015,1.0
05/08/2015,0.0
06/08/2015,1.0
07/08/2015,17.5
08/08/2015,4.0
09/08/2015,34.5
10/08/2015,1.4
11/08/2015,39.1
12/08/2015,0.0
13/08/2015,0.0
14/08/2015,0.0
15/08/2015,3.9
16/08/2015,30.1
17/08/2015,2.0
18/08/2015,0.5
19/08/2015,0.5
20/08/2015,16.0
21/08/2015,4.6
22/08/2015,0.5
23/08/2015,26.0
24/08/2015,1.5
25/08/2015,0.5
26/08/2015,0.0
27/08/2015,0.5
28/08/2015,0.0
29/08/2015,0.0
30/08/2015,0.5
31/08/2015,0.5
01/09/2015,12.0
02/09/2015,11.0
03/09/2015,0.0
04/09/2015,0.0
05/09/2015,0.4
06/09/2015,16.6
07/09/2015,0.0
08/09/2015,19.5
09/09/2015,1.5
10/09/2015,4.0
11/09/2015,0.0
12/09/2015,0.5
13/09/2015,2.0
14/09/2015,0.0
15/09/2015,0.5
16/09/2015,7.5
17/09/2015,0.5
18/09/2015,0.0
19/09/2015,0.0
20/09/2015,0.0
21/09/2015,0.0
22/09/2015,0.0
23/09/2015,0.0
24/09/2015,0.0
25/09/2015,0.0
26/09/2015,0.0
27/09/2015,0.4
28/09/2015,26.1
29/09/2015,0.0
30/09/2015,0.0
01/10/2015,0.4
02/10/2015,1.1
03/10/2015,0.0
04/10/2015,0.0
05/10/2015,1.0
06/10/2015,0.5
07/10/2015,9.0
08/10/2015,0.5
09/10/2015,0.0
10/10/2015,0.0
11/10/2015,0.0
12/10/2015,0.0
13/10/2015,0.0
14/10/2015,0.0
15/10/2015,0.0
16/10/2015,0.0
17/10/2015,0.0
18/10/2015,0.5
19/10/2015,9.0
20/10/2015,3.1
21/10/2015,0.0
22/10/2015,0.0
23/10/2015,0.4
24/10/2015,2.6
25/10/2015,0.5
26/10/2015,33.3
27/10/2015,9.6
28/10/2015,20.2
29/10/2015,4.3
30/10/2015,40.1
31/10/2015,4.6
01/11/2015,2.9
02/11/2015,0.5
03/11/2015,1.0
04/11/2015,0.0
05/11/2015,0.5
06/11/2015,28.3
07/11/2015,2.7
08/11/2015,1.5
09/11/2015,0.0
10/11/2015,0.0
11/11/2015,0.0
12/11/2015,0.0
13/11/2015,0.0
14/11/2015,0.0
15/11/2015,0.8
16/11/2015,4.6
17/11/2015,3.0
18/11/2015,0.0
19/11/2015,0.3
20/11/2015,23.8
21/11/2015,38.4
22/11/2015,0.8
23/11/2015,9.7
24/11/2015,28.0
25/11/2015,0.6
26/11/2015,6.7
27/11/2015,44.9
28/11/2015,38.3
29/11/2015,10.4
30/11/2015,40.0
01/12/2015,0.5
02/12/2015,7.0
03/12/2015,0.0
04/12/2015,0.0
05/12/2015,0.0
06/12/2015,11.8
07/12/2015,30.3
08/12/2015,3.9
09/12/2015,2.0
10/12/2015,0.0
11/12/2015,0.0
12/12/2015,16.5
13/12/2015,50.5
14/12/2015,0.0
15/12/2015,0.0
16/12/2015,0.5
17/12/2015,18.9
18/12/2015,0.6
19/12/2015,0.0
20/12/2015,0.0
21/12/2015,0.0
22/12/2015,0.0
23/12/2015,33.5
24/12/2015,0.9
25/12/2015,34.5
26/12/2015,1.6
27/12/2015,47.4
28/12/2015,126.1
29/12/2015,0.4
30/12/2015,0.5
31/12/2015,22.5
01/01/2016,8.1
02/01/2016,0.0
03/01/2016,7.2
04/01/2016,6.3
05/01/2016,0.4
06/01/2016,0.6
07/01/2016,0.0
08/01/2016,0.0
09/01/2016,0.0
10/01/2016,0.0
11/01/2016,0.0
12/01/2016,0.0
13/01/2016,0.0
14/01/2016,3.0
15/01/2016,0.5
16/01/2016,0.0
17/01/2016,10.0
18/01/2016,0.5
19/01/2016,0.0
20/01/2016,0.0
21/01/2016,2.7
22/01/2016,4.8
23/01/2016,0.0
24/01/2016,7.5
25/01/2016,7.6
26/01/2016,6.2
27/01/2016,0.7
28/01/2016,8.5
29/01/2016,0.0
30/01/2016,0.4
31/01/2016,0.6
01/02/2016,0.0
02/02/2016,4.2
03/02/2016,5.7
04/02/2016,21.7
05/02/2016,20.8
06/02/2016,6.4
07/02/2016,6.5
08/02/2016,0.2
09/02/2016,0.0
10/02/2016,0.5
11/02/2016,0.0
12/02/2016,14.5
13/02/2016,30.0
14/02/2016,0.0
15/02/2016,0.0
16/02/2016,0.0
17/02/2016,1.4
18/02/2016,2.1
19/02/2016,1.5
20/02/2016,1.0
21/02/2016,0.0
22/02/2016,0.0
23/02/2016,0.0
24/02/2016,1.5
25/02/2016,0.5
26/02/2016,2.0
27/02/2016,11.0
28/02/2016,4.9
29/02/2016,4.6
01/03/2016,0.0
02/03/2016,0.0
03/03/2016,0.0
04/03/2016,0.0
05/03/2016,0.0
06/03/2016,0.0
07/03/2016,0.0
08/03/2016,0.0
09/03/2016,0.0
10/03/2016,0.0
11/03/2016,0.0
12/03/2016,5.0
13/03/2016,0.0
14/03/2016,0.0
15/03/2016,0.0
16/03/2016,0.0
17/03/2016,0.0
18/03/2016,0.0
19/03/2016,0.0
20/03/2016,0.0
21/03/2016,0.0
22/03/2016,0.0
23/03/2016,0.0
24/03/2016,0.0
25/03/2016,0.0
26/03/2016,0.0
27/03/2016,0.0
28/03/2016,2.0
29/03/2016,0.0
30/03/2016,0.0
31/03/2016,0.0
01/04/2016,0.0
02/04/2016,0.0
03/04/2016,0.0
04/04/2016,0.0
05/04/2016,0.0
06/04/2016,0.0
07/04/2016,0.0
08/04/2016,0.0
09/04/2016,0.0
10/04/2016,0.0
11/04/2016,0.0
12/04/2016,0.0
13/04/2016,1.0
14/04/2016,0.0
15/04/2016,0.5
16/04/2016,0.0
17/04/2016,0.0
18/04/2016,0.0
19/04/2016,0.0
20/04/2016,0.0
21/04/2016,0.0
22/04/2016,0.0
23/04/2016,0.0
24/04/2016,0.0
25/04/2016,0.0
26/04/2016,0.0
27/04/2016,0.0
28/04/2016,0.5
29/04/2016,0.0
30/04/2016,0.0
01/05/2016,0.0
02/05/2016,0.0
03/05/2016,0.4
04/05/2016,0.6
05/05/2016,0.0
06/05/2016,0.3
07/05/2016,0.7
08/05/2016,0.0
09/05/2016,0.0
10/05/2016,0.4
11/05/2016,6.1
12/05/2016,0.0
13/05/2016,0.0
14/05/2016,0.0
15/05/2016,0.0
16/05/2016,0.0
17/05/2016,0.0
18/05/2016,0.0
19/05/2016,0.0
20/05/2016,0.0
21/05/2016,12.5
22/05/2016,0.0
23/05/2016,0.0
24/05/2016,0.0
25/05/2016,7.5
26/05/2016,0.0
27/05/2016,2.0
28/05/2016,0.5
29/05/2016,0.5
30/05/2016,0.0
31/05/2016,0.0
01/06/2016,0.0
02/06/2016,0.0
03/06/2016,0.5
04/06/2016,2.0
05/06/2016,0.0
06/06/2016,6.0
07/06/2016,0.0
08/06/2016,2.0
09/06/2016,0.0
10/06/2016,0.4
11/06/2016,20.1
12/06/2016,0.5
13/06/2016,7.0
14/06/2016,4.6
15/06/2016,71.1
16/06/2016,1.2
17/06/2016,0.0
18/06/2016,7.0
19/06/2016,0.0
20/06/2016,0.0
21/06/2016,0.5
22/06/2016,13.0
23/06/2016,0.0
24/06/2016,0.5
25/06/2016,0.0
26/06/2016,26.4
27/06/2016,0.1
28/06/2016,0.0
29/06/2016,0.4
30/06/2016,0.6
01/07/2016,0.3
02/07/2016,0.2
03/07/2016,0.0
04/07/2016,0.0
05/07/2016,23.0
06/07/2016,0.5
07/07/2016,43.5
08/07/2016,0.0
09/07/2016,0.0
10/07/2016,0.0
11/07/2016,0.0
12/07/2016,0.0
13/07/2016,17.5
14/07/2016,0.0
15/07/2016,0.0
16/07/2016,0.5
17/07/2016,0.0
18/07/2016,1.8
19/07/2016,0.2
20/07/2016,0.0
21/07/2016,0.0
22/07/2016,6.0
23/07/2016,0.4
24/07/2016,1.1
25/07/2016,0.0
26/07/2016,5.0
27/07/2016,0.9
28/07/2016,6.1
29/07/2016,0.0
30/07/2016,6.0
31/07/2016,0.5
01/08/2016,0.0
02/08/2016,0.0
03/08/2016,0.0
04/08/2016,0.0
05/08/2016,0.4
06/08/2016,2.1
07/08/2016,22.4
08/08/2016,0.1
09/08/2016,0.0
10/08/2016,2.2
11/08/2016,39.8
12/08/2016,0.0
13/08/2016,0.0
14/08/2016,0.0
15/08/2016,0.0
16/08/2016,0.0
17/08/2016,1.7
18/08/2016,1.8
19/08/2016,0.5
20/08/2016,0.0
21/08/2016,0.0
22/08/2016,0.0
23/08/2016,2.5
24/08/2016,0.0
25/08/2016,0.5
26/08/2016,9.0
27/08/2016,0.0
28/08/2016,0.0
29/08/2016,0.5
30/08/2016,12.0
31/08/2016,0.4
01/09/2016,23.5
02/09/2016,2.7
03/09/2016,0.0
04/09/2016,0.0
05/09/2016,18.2
06/09/2016,46.3
07/09/2016,1.4
08/09/2016,0.1
09/09/2016,0.0
10/09/2016,0.0
11/09/2016,0.0
12/09/2016,1.0
13/09/2016,107.2
14/09/2016,16.8
15/09/2016,9.5
16/09/2016,0.5
17/09/2016,4.5
18/09/2016,31.4
19/09/2016,8.1
20/09/2016,11.3
21/09/2016,6.2
22/09/2016,10.5
23/09/2016,5.5
24/09/2016,0.4
25/09/2016,25.6
26/09/2016,0.0
27/09/2016,1.6
28/09/2016,10.3
29/09/2016,9.0
30/09/2016,21.5
01/10/2016,1.0
02/10/2016,0.0
03/10/2016,1.0
04/10/2016,24.0
05/10/2016,0.0
06/10/2016,0.0
07/10/2016,0.0
08/10/2016,0.0
09/10/2016,29.0
10/10/2016,29.6
11/10/2016,0.9
12/10/2016,4.8
13/10/2016,0.7
14/10/2016,5.0
15/10/2016,0.0
16/10/2016,9.5
17/10/2016,0.5
18/10/2016,0.0
19/10/2016,2.0
20/10/2016,3.0
21/10/2016,3.3
22/10/2016,8.7
23/10/2016,17.7
24/10/2016,24.3
25/10/2016,0.0
26/10/2016,0.8
27/10/2016,21.7
28/10/2016,0.4
29/10/2016,6.6
30/10/2016,5.0
31/10/2016,35.1
01/11/2016,13.4
02/11/2016,1.0
03/11/2016,0.5
04/11/2016,2.0
05/11/2016,10.0
06/11/2016,12.8
07/11/2016,1.2
08/11/2016,1.0
09/11/2016,0.0
10/11/2016,2.5
11/11/2016,19.4
12/11/2016,6.1
13/11/2016,0.0
14/11/2016,19.5
15/11/2016,0.0
16/11/2016,9.0
17/11/2016,0.0
18/11/2016,0.0
19/11/2016,0.9
20/11/2016,14.6
21/11/2016,0.0
22/11/2016,8.0
23/11/2016,0.4
24/11/2016,13.1
25/11/2016,0.5
26/11/2016,18.3
27/11/2016,39.2
28/11/2016,9.4
29/11/2016,188.1
30/11/2016,0.4
01/12/2016,85.1
02/12/2016,14.0
03/12/2016,79.9
04/12/2016,2.6
05/12/2016,1.4
06/12/2016,2.4
07/12/2016,2.7
08/12/2016,8.0
09/12/2016,0.4
10/12/2016,61.2
11/12/2016,2.5
12/12/2016,0.0
13/12/2016,1.5
14/12/2016,0.0
15/12/2016,0.0
16/12/2016,0.5
17/12/2016,1.5
18/12/2016,0.6
19/12/2016,12.4
20/12/2016,0.6
21/12/2016,0.0
22/12/2016,0.4
23/12/2016,53.1
24/12/2016,80.5
25/12/2016,102.9
26/12/2016,25.1
27/12/2016,4.4
28/12/2016,0.1
29/12/2016,0.0
30/12/2016,20.6
31/12/2016,82.8
01/01/2017,17.6
02/01/2017,46.6
03/01/2017,240.1
04/01/2017,46.8
05/01/2017,0.0
06/01/2017,26.9
07/01/2017,4.6
08/01/2017,0.0
09/01/2017,1.5
10/01/2017,0.5
11/01/2017,0.0
12/01/2017,0.0
13/01/2017,0.0
14/01/2017,0.0
15/01/2017,0.0
16/01/2017,0.0
17/01/2017,84.0
18/01/2017,0.5
19/01/2017,17.5
20/01/2017,9.3
21/01/2017,51.9
22/01/2017,28.3
23/01/2017,8.8
24/01/2017,137.9
25/01/2017,25.4
26/01/2017,2.5
27/01/2017,3.0
28/01/2017,0.5
29/01/2017,0.0
30/01/2017,0.0
31/01/2017,0.0
01/02/2017,0.0
02/02/2017,0.4
03/02/2017,5.1
04/02/2017,3.3
05/02/2017,0.2
06/02/2017,0.0
07/02/2017,0.0
08/02/2017,0.0
09/02/2017,0.0
10/02/2017,0.0
11/02/2017,0.0
12/02/2017,4.6
13/02/2017,2.4
14/02/2017,3.1
15/02/2017,5.2
16/02/2017,2.1
17/02/2017,0.0
18/02/2017,2.5
19/02/2017,3.5
20/02/2017,0.0
21/02/2017,0.0
22/02/2017,0.0
23/02/2017,0.4
24/02/2017,0.9
25/02/2017,14.7
26/02/2017,41.1
27/02/2017,5.0
28/02/2017,7.9
01/03/2017,8.0
02/03/2017,19.3
03/03/2017,2.2
04/03/2017,0.0
05/03/2017,0.0
06/03/2017,0.0
07/03/2017,0.0
08/03/2017,0.0
09/03/2017,0.0
10/03/2017,0.0
11/03/2017,0.0
12/03/2017,0.0
13/03/2017,0.0
14/03/2017,0.0
15/03/2017,0.0
16/03/2017,0.0
17/03/2017,0.0
18/03/2017,0.0
19/03/2017,0.0
20/03/2017,0.0
21/03/2017,18.0
22/03/2017,0.0
23/03/2017,0.0
24/03/2017,0.0
25/03/2017,0.0
26/03/2017,0.3
27/03/2017,1.7
28/03/2017,112.6
29/03/2017,1.0
30/03/2017,0.0
31/03/2017,6.5
01/04/2017,0.0
02/04/2017,0.5
03/04/2017,1.5
04/04/2017,0.5
05/04/2017,0.5
06/04/2017,4.0
07/04/2017,0.5
08/04/2017,0.5
09/04/2017,0.0
10/04/2017,0.0
11/04/2017,0.0
12/04/2017,0.0
13/04/2017,0.0
14/04/2017,2.0
15/04/2017,0.0
16/04/2017,0.0
17/04/2017,0.0
18/04/2017,0.5
19/04/2017,0.0
20/04/2017,0.0
21/04/2017,6.0
22/04/2017,2.5
23/04/2017,0.0
24/04/2017,0.0
25/04/2017,0.0
26/04/2017,0.0
27/04/2017,0.0
28/04/2017,0.0
29/04/2017,0.0
30/04/2017,1.0
01/05/2017,4.5
02/05/2017,0.0
03/05/2017,0.0
04/05/2017,0.0
05/05/2017,0.0
06/05/2017,0.0
07/05/2017,0.4
08/05/2017,0.6
09/05/2017,0.0
10/05/2017,48.5
11/05/2017,1.3
12/05/2017,0.2
13/05/2017,0.0
14/05/2017,10.5
15/05/2017,0.5
16/05/2017,0.0
17/05/2017,0.0
18/05/2017,0.0
19/05/2017,0.0
20/05/2017,0.0
21/05/2017,0.0
22/05/2017,28.5
23/05/2017,1.9
24/05/2017,2.0
25/05/2017,3.1
26/05/2017,25.6
27/05/2017,0.0
28/05/2017,0.0
29/05/2017,41.4
30/05/2017,1.6
31/05/2017,0.0
01/06/2017,0.4
02/06/2017,5.5
03/06/2017,1.1
04/06/2017,28.6
05/06/2017,17.0
06/06/2017,0.0
07/06/2017,0.0
08/06/2017,0.0
09/06/2017,0.3
10/06/2017,10.7
11/06/2017,0.0
12/06/2017,0.0
13/06/2017,0.0
14/06/2017,0.0
15/06/2017,0.0
16/06/2017,0.0
17/06/2017,2.5
18/06/2017,0.0
19/06/2017,4.0
20/06/2017,36.4
21/06/2017,12.6
22/06/2017,0.4
23/06/2017,5.6
24/06/2017,0.0
25/06/2017,0.0
26/06/2017,1.4
27/06/2017,0.6
28/06/2017,0.4
29/06/2017,3.6
30/06/2017,6.0
01/07/2017,3.5
02/07/2017,0.5
03/07/2017,1.0
04/07/2017,0.5
05/07/2017,6.0
06/07/2017,0.5
07/07/2017,0.0
08/07/2017,0.0
09/07/2017,48.0
10/07/2017,5.0
11/07/2017,38.5
12/07/2017,0.5
13/07/2017,6.0
14/07/2017,0.5
15/07/2017,0.0
16/07/2017,0.0
17/07/2017,0.0
18/07/2017,0.0
19/07/2017,0.4
20/07/2017,0.6
21/07/2017,0.4
22/07/2017,34.6
23/07/2017,0.0
24/07/2017,0.0
25/07/2017,0.0
26/07/2017,0.0
27/07/2017,0.5
28/07/2017,10.5
29/07/2017,0.0
30/07/2017,0.0
31/07/2017,0.0
01/08/2017,0.5
02/08/2017,0.0
03/08/2017,0.0
04/08/2017,0.0
05/08/2017,0.4
06/08/2017,6.1
07/08/2017,0.0
08/08/2017,0.0
09/08/2017,0.0
10/08/2017,0.0
11/08/2017,1.5
12/08/2017,1.0
13/08/2017,23.0
14/08/2017,0.0
15/08/2017,0.0
16/08/2017,0.5
17/08/2017,37.8
18/08/2017,29.7
19/08/2017,0.0
20/08/2017,0.0
21/08/2017,0.4
22/08/2017,27.1
23/08/2017,1.0
24/08/2017,0.4
25/08/2017,8.5
26/08/2017,2.1
27/08/2017,0.0
28/08/2017,4.2
29/08/2017,1.3
30/08/2017,0.0
31/08/2017,0.0
01/09/2017,0.0
02/09/2017,0.0
03/09/2017,0.0
04/09/2017,0.4
05/09/2017,2.6
06/09/2017,0.0
07/09/2017,0.4
08/09/2017,0.1
09/09/2017,4.3
10/09/2017,0.2
11/09/2017,8.5
12/09/2017,0.0
13/09/2017,13.0
14/09/2017,7.0
15/09/2017,0.0
16/09/2017,0.0
17/09/2017,16.8
18/09/2017,10.7
19/09/2017,2.5
20/09/2017,59.3
21/09/2017,10.2
22/09/2017,0.0
23/09/2017,0.0
24/09/2017,0.0
25/09/2017,0.5
26/09/2017,11.5
27/09/2017,8.5
28/09/2017,15.9
29/09/2017,0.1
30/09/2017,2.9
01/10/2017,12.1
02/10/2017,0.0
03/10/2017,15.0
04/10/2017,0.5
05/10/2017,0.0
06/10/2017,0.0
07/10/2017,9.5
08/10/2017,0.0
09/10/2017,0.5
10/10/2017,1.1
11/10/2017,8.0
12/10/2017,29.0
13/10/2017,18.5
14/10/2017,0.0
15/10/2017,14.5
16/10/2017,0.0
17/10/2017,0.0
18/10/2017,0.0
19/10/2017,10.8
20/10/2017,0.2
21/10/2017,3.5
22/10/2017,14.5
23/10/2017,34.5
24/10/2017,0.0
25/10/2017,0.0
26/10/2017,9.0
27/10/2017,1.5
28/10/2017,0.0
29/10/2017,3.0
30/10/2017,4.5
31/10/2017,0.0
01/11/2017,1.0
02/11/2017,34.3
03/11/2017,0.2
04/11/2017,0.0
05/11/2017,0.5
06/11/2017,2.5
07/11/2017,11.4
08/11/2017,2.1
09/11/2017,9.9
10/11/2017,0.1
11/11/2017,7.5
12/11/2017,0.5
13/11/2017,5.6
14/11/2017,1.4
15/11/2017,0.0
16/11/2017,0.0
17/11/2017,0.0
18/11/2017,0.0
19/11/2017,0.0
20/11/2017,6.3
21/11/2017,3.2
22/11/2017,0.3
23/11/2017,19.6
24/11/2017,11.7
25/11/2017,7.8
26/11/2017,202.9
27/11/2017,45.3
28/11/2017,32.8
29/11/2017,4.0
30/11/2017,2.8
01/12/2017,38.1
02/12/2017,3.6
03/12/2017,0.0
04/12/2017,5.5
05/12/2017,18.8
06/12/2017,1.7
07/12/2017,1.3
08/12/2017,118.7
09/12/2017,0.3
10/12/2017,1.7
11/12/2017,0.0
12/12/2017,0.0
13/12/2017,0.0
14/12/2017,0.0
15/12/2017,0.0
16/12/2017,0.0
17/12/2017,5.5
18/12/2017,13.7
19/12/2017,3.3
20/12/2017,0.0
21/12/2017,0.0
22/12/2017,0.5
23/12/2017,66.7
24/12/2017,23.1
25/12/2017,0.3
26/12/2017,4.6
27/12/2017,60.4
28/12/2017,0.5
29/12/2017,8.2
30/12/2017,29.8
31/12/2017,16.0
01/01/2018,61.7
02/01/2018,19.5
03/01/2018,122.4
04/01/2018,25.8
05/01/2018,0.0
06/01/2018,0.0
07/01/2018,3.8
08/01/2018,8.2
09/01/2018,0.3
10/01/2018,2.6
11/01/2018,37.3
12/01/2018,83.8
13/01/2018,32.4
14/01/2018,7.4
15/01/2018,1.1
16/01/2018,0.5
17/01/2018,0.4
18/01/2018,0.6
19/01/2018,11.1
20/01/2018,67.8
21/01/2018,40.2
22/01/2018,0.0
23/01/2018,2.5
24/01/2018,1.2
25/01/2018,0.3
26/01/2018,22.3
27/01/2018,12.7
28/01/2018,0.0
29/01/2018,0.0
30/01/2018,0.0
31/01/2018,0.0
01/02/2018,0.4
02/02/2018,4.6
03/02/2018,0.0
04/02/2018,0.5
05/02/2018,0.0
06/02/2018,0.0
07/02/2018,0.0
08/02/2018,0.0
09/02/2018,0.0
10/02/2018,0.0
11/02/2018,0.0
12/02/2018,0.0
13/02/2018,2.1
14/02/2018,5.4
15/02/2018,0.0
16/02/2018,0.0
17/02/2018,0.0
18/02/2018,0.0
19/02/2018,0.0
20/02/2018,0.0
21/02/2018,0.0
22/02/2018,0.0
23/02/2018,0.0
24/02/2018,0.0
25/02/2018,0.0
26/02/2018,0.0
27/02/2018,0.0
28/02/2018,0.0
01/03/2018,0.0
02/03/2018,0.0
03/03/2018,0.0
04/03/2018,0.0
05/03/2018,0.0
06/03/2018,0.4
07/03/2018,34.8
08/03/2018,11.3
09/03/2018,9.0
10/03/2018,0.0
11/03/2018,0.0
12/03/2018,0.0
13/03/2018,0.0
14/03/2018,0.0
15/03/2018,0.0
16/03/2018,0.0
17/03/2018,0.0
18/03/2018,0.0
19/03/2018,0.0
20/03/2018,0.0
21/03/2018,0.0
22/03/2018,0.0
23/03/2018,0.4
24/03/2018,0.1
25/03/2018,0.4
26/03/2018,17.6
27/03/2018,1.0
28/03/2018,0.0
29/03/2018,0.0
30/03/2018,0.0
31/03/2018,0.4
01/04/2018,3.1
02/04/2018,0.0
03/04/2018,0.0
04/04/2018,0.0
05/04/2018,0.0
06/04/2018,0.0
07/04/2018,0.0
08/04/2018,0.4
09/04/2018,7.1
10/04/2018,0.0
11/04/2018,0.0
12/04/2018,0.0
13/04/2018,0.4
14/04/2018,8.6
15/04/2018,0.0
16/04/2018,1.1
17/04/2018,0.3
18/04/2018,1.6
19/04/2018,0.5
20/04/2018,4.0
21/04/2018,0.0
22/04/2018,0.0
23/04/2018,0.0
24/04/2018,0.0
25/04/2018,0.0
26/04/2018,9.0
27/04/2018,0.5
28/04/2018,0.0
29/04/2018,0.5
30/04/2018,32.5
01/05/2018,18.5
02/05/2018,0.5
03/05/2018,0.0
04/05/2018,0.0
05/05/2018,0.0
06/05/2018,0.5
07/05/2018,0.0
08/05/2018,0.0
09/05/2018,0.0
10/05/2018,0.0
11/05/2018,0.0
12/05/2018,0.0
13/05/2018,0.0
14/05/2018,0.0
15/05/2018,0.4
16/05/2018,3.1
17/05/2018,0.5
18/05/2018,0.0
19/05/2018,0.0
20/05/2018,0.0
21/05/2018,0.0
22/05/2018,0.0
23/05/2018,1.5
24/05/2018,40.0
25/05/2018,0.0
26/05/2018,9.5
27/05/2018,15.5
28/05/2018,0.0
29/05/2018,41.1
30/05/2018,1.4
31/05/2018,0.5
01/06/2018,11.0
02/06/2018,2.0
03/06/2018,4.5
04/06/2018,0.0
05/06/2018,16.0
06/06/2018,0.5
07/06/2018,1.5
08/06/2018,0.0
09/06/2018,0.0
10/06/2018,0.5
11/06/2018,0.0
12/06/2018,0.5
13/06/2018,0.0
14/06/2018,0.5
15/06/2018,3.0
16/06/2018,0.0
17/06/2018,0.0
18/06/2018,0.0
19/06/2018,0.0
20/06/2018,0.0
21/06/2018,0.0
22/06/2018,0.4
23/06/2018,12.6
24/06/2018,0.0
25/06/2018,0.4
26/06/2018,3.6
27/06/2018,0.0
28/06/2018,0.0
29/06/2018,0.5
30/06/2018,0.0
01/07/2018,34.3
02/07/2018,2.0
03/07/2018,1.7
04/07/2018,0.0
05/07/2018,0.0
06/07/2018,0.0
07/07/2018,0.0
08/07/2018,0.0
09/07/2018,0.0
10/07/2018,0.5
11/07/2018,0.0
12/07/2018,0.0
13/07/2018,0.0
14/07/2018,0.0
15/07/2018,0.0
16/07/2018,0.0
17/07/2018,0.0
18/07/2018,0.0
19/07/2018,0.0
20/07/2018,40.9
21/07/2018,8.1
22/07/2018,0.0
23/07/2018,5.5
24/07/2018,0.5
25/07/2018,7.5
26/07/2018,0.0
27/07/2018,0.4
28/07/2018,11.6
29/07/2018,0.0
30/07/2018,42.0
31/07/2018,33.6
01/08/2018,3.9
02/08/2018,0.0
03/08/2018,0.0
04/08/2018,26.5
05/08/2018,0.0
06/08/2018,0.0
07/08/2018,12.9
08/08/2018,58.1
09/08/2018,0.0
10/08/2018,0.0
11/08/2018,0.0
12/08/2018,0.0
13/08/2018,0.0
14/08/2018,0.0
15/08/2018,0.0
16/08/2018,0.0
17/08/2018,0.0
18/08/2018,0.0
19/08/2018,1.0
20/08/2018,1.0
21/08/2018,1.5
22/08/2018,0.0
23/08/2018,0.0
24/08/2018,0.0
25/08/2018,0.0
26/08/2018,13.5
27/08/2018,1.0
28/08/2018,0.4
29/08/2018,35.1
30/08/2018,0.4
31/08/2018,29.6
01/09/2018,1.5
02/09/2018,0.0
03/09/2018,0.0
04/09/2018,0.0
05/09/2018,0.0
06/09/2018,1.5
07/09/2018,13.0
08/09/2018,3.0
09/09/2018,0.0
10/09/2018,63.0
11/09/2018,10.3
12/09/2018,0.7
13/09/2018,0.0
14/09/2018,39.1
15/09/2018,7.8
16/09/2018,25.1
17/09/2018,0.0
18/09/2018,0.0
19/09/2018,3.0
20/09/2018,0.0
21/09/2018,5.0
22/09/2018,0.0
23/09/2018,0.0
24/09/2018,0.0
25/09/2018,0.0
26/09/2018,3.0
27/09/2018,0.0
28/09/2018,0.0
29/09/2018,0.0
30/09/2018,0.0
01/10/2018,0.0
02/10/2018,0.0
03/10/2018,0.5
04/10/2018,36.5
05/10/2018,0.4
06/10/2018,12.6
07/10/2018,4.6
08/10/2018,5.0
09/10/2018,7.9
10/10/2018,6.4
11/10/2018,16.5
12/10/2018,71.1
13/10/2018,17.8
14/10/2018,35.7
15/10/2018,0.5
16/10/2018,2.4
17/10/2018,7.0
18/10/2018,4.6
19/10/2018,2.0
20/10/2018,1.0
21/10/2018,63.1
22/10/2018,1.6
23/10/2018,16.3
24/10/2018,1.0
25/10/2018,0.0
26/10/2018,2.0
27/10/2018,24.9
28/10/2018,1.0
29/10/2018,0.8
30/10/2018,26.7
31/10/2018,0.5
01/11/2018,1.5
02/11/2018,173.4
03/11/2018,49.5
04/11/2018,12.0
05/11/2018,41.1
06/11/2018,21.6
07/11/2018,6.5
08/11/2018,0.5
09/11/2018,40.5
10/11/2018,1.0
11/11/2018,2.0
12/11/2018,0.5
13/11/2018,0.5
14/11/2018,4.0
15/11/2018,2.3
16/11/2018,0.7
17/11/2018,0.0
18/11/2018,0.0
19/11/2018,26.8
20/11/2018,4.7
21/11/2018,9.3
22/11/2018,0.2
23/11/2018,0.0
24/11/2018,0.0
25/11/2018,13.0
26/11/2018,2.5
27/11/2018,11.3
28/11/2018,2.0
29/11/2018,12.2
30/11/2018,132.2
01/12/2018,19.0
02/12/2018,20.6
03/12/2018,11.1
04/12/2018,13.0
05/12/2018,31.5
06/12/2018,30.1
07/12/2018,0.5
08/12/2018,1.0
09/12/2018,0.5
10/12/2018,12.5
11/12/2018,0.4
12/12/2018,97.5
13/12/2018,93.3
14/12/2018,5.8
15/12/2018,16.3
16/12/2018,3.5
17/12/2018,8.7
18/12/2018,0.0
19/12/2018,0.0
20/12/2018,0.0
21/12/2018,0.0
22/12/2018,0.0
23/12/2018,0.0
24/12/2018,0.0
25/12/2018,13.5
26/12/2018,2.0
27/12/2018,0.0
28/12/2018,5.0
29/12/2018,0.0
30/12/2018,0.0
31/12/2018,9.0
01/01/2019,0.0
02/01/2019,2.0
03/01/2019,0.0
04/01/2019,0.4
05/01/2019,45.0
06/01/2019,1.5
07/01/2019,5.6
08/01/2019,0.4
09/01/2019,1.0
10/01/2019,3.5
11/01/2019,0.5
12/01/2019,0.0
13/01/2019,1.0
14/01/2019,3.0
15/01/2019,0.0
16/01/2019,16.0
17/01/2019,2.5
18/01/2019,0.0
19/01/2019,1.0
20/01/2019,0.0
21/01/2019,0.0
22/01/2019,0.0
23/01/2019,0.5
24/01/2019,2.0
25/01/2019,0.0
26/01/2019,0.0
27/01/2019,10.2
28/01/2019,2.6
29/01/2019,3.7
30/01/2019,0.4
31/01/2019,0.6
01/02/2019,0.5
02/02/2019,0.0
03/02/2019,0.0
04/02/2019,0.0
05/02/2019,0.0
06/02/2019,0.0
07/02/2019,0.0
08/02/2019,0.0
09/02/2019,0.0
10/02/2019,0.0
11/02/2019,0.0
12/02/2019,3.5
13/02/2019,1.9
14/02/2019,0.6
15/02/2019,0.0
16/02/2019,0.0
17/02/2019,0.0
18/02/2019,9.6
19/02/2019,77.9
20/02/2019,0.5
21/02/2019,0.0
22/02/2019,0.0
23/02/2019,0.0
24/02/2019,0.0
25/02/2019,0.0
26/02/2019,0.0
27/02/2019,0.0
28/02/2019,0.0
01/03/2019,0.0
02/03/2019,0.0
03/03/2019,0.0
04/03/2019,0.0
05/03/2019,0.0
06/03/2019,0.0
07/03/2019,0.0
08/03/2019,0.0
09/03/2019,0.0
10/03/2019,0.0
11/03/2019,0.0
12/03/2019,0.0
13/03/2019,0.0
14/03/2019,0.0
15/03/2019,0.0
16/03/2019,0.0
17/03/2019,0.0
18/03/2019,0.0
19/03/2019,0.0
20/03/2019,0.0
21/03/2019,0.0
22/03/2019,0.0
23/03/2019,0.0
24/03/2019,0.0
25/03/2019,0.0
26/03/2019,12.0
27/03/2019,0.0
28/03/2019,0.8
29/03/2019,6.3
30/03/2019,0.9
31/03/2019,0.0
01/04/2019,0.2
02/04/2019,0.3
03/04/2019,3.6
04/04/2019,0.0
05/04/2019,0.0
06/04/2019,0.0
07/04/2019,0.0
08/04/2019,0.0
09/04/2019,0.0
10/04/2019,0.0
11/04/2019,0.0
12/04/2019,18.9
13/04/2019,0.6
14/04/2019,3.4
15/04/2019,1.1
16/04/2019,0.0
17/04/2019,0.0
18/04/2019,0.0
19/04/2019,0.0
20/04/2019,0.0
21/04/2019,0.0
22/04/2019,0.0
23/04/2019,0.0
24/04/2019,0.0
25/04/2019,0.0
26/04/2019,0.0
27/04/2019,0.0
28/04/2019,0.0
29/04/2019,3.0
30/04/2019,0.5
01/05/2019,8.0
02/05/2019,0.0
03/05/2019,0.0
04/05/2019,0.0
05/05/2019,28.0
06/05/2019,2.0
07/05/2019,54.1
08/05/2019,2.9
09/05/2019,0.0
10/05/2019,0.4
11/05/2019,0.5
12/05/2019,16.6
13/05/2019,43.0
14/05/2019,0.5
15/05/2019,0.5
16/05/2019,19.0
17/05/2019,0.5
18/05/2019,1.5
19/05/2019,3.5
20/05/2019,0.0
21/05/2019,0.0
22/05/2019,0.0
23/05/2019,0.0
24/05/2019,0.0
25/05/2019,0.5
26/05/2019,3.5
27/05/2019,0.0
28/05/2019,0.0
29/05/2019,0.0
30/05/2019,0.0
31/05/2019,0.0
01/06/2019,0.0
02/06/2019,0.0
03/06/2019,0.0
04/06/2019,0.0
05/06/2019,82.6
06/06/2019,4.9
07/06/2019,0.0
08/06/2019,4.5
09/06/2019,0.0
10/06/2019,0.0
11/06/2019,4.0
12/06/2019,0.0
13/06/2019,0.0
14/06/2019,0.0
15/06/2019,0.0
16/06/2019,0.0
17/06/2019,2.5
18/06/2019,0.5
19/06/2019,1.5
20/06/2019,9.5
21/06/2019,10.0
22/06/2019,12.9
23/06/2019,9.6
24/06/2019,11.5
25/06/2019,1.0
26/06/2019,0.0
27/06/2019,0.0
28/06/2019,0.0
29/06/2019,0.0
30/06/2019,0.0
01/07/2019,1.0
02/07/2019,1.0
03/07/2019,3.0
04/07/2019,0.0
05/07/2019,0.0
06/07/2019,0.5
07/07/2019,0.0
08/07/2019,0.0
09/07/2019,0.0
10/07/2019,0.0
11/07/2019,0.0
12/07/2019,0.0
13/07/2019,2.0
14/07/2019,0.5
15/07/2019,0.9
16/07/2019,27.1
17/07/2019,3.0
18/07/2019,0.0
19/07/2019,0.0
20/07/2019,0.0
21/07/2019,0.4
22/07/2019,14.6
23/07/2019,0.0
24/07/2019,0.4
25/07/2019,2.1
26/07/2019,0.0
27/07/2019,0.0
28/07/2019,0.0
29/07/2019,0.0
30/07/2019,0.0
31/07/2019,0.0
01/08/2019,0.0
02/08/2019,0.0
03/08/2019,0.0
04/08/2019,0.0
05/08/2019,0.0
06/08/2019,0.0
07/08/2019,0.0
08/08/2019,43.5
09/08/2019,1.4
10/08/2019,10.1
11/08/2019,2.5
12/08/2019,0.0
13/08/2019,0.5
14/08/2019,42.5
15/08/2019,31.5
16/08/2019,0.0
17/08/2019,0.0
18/08/2019,0.0
19/08/2019,0.0
20/08/2019,0.5
21/08/2019,12.5
22/08/2019,20.5
23/08/2019,0.5
24/08/2019,27.6
25/08/2019,13.7
26/08/2019,16.3
27/08/2019,3.5
28/08/2019,48.6
29/08/2019,6.4
30/08/2019,0.0
31/08/2019,0.0
01/09/2019,0.0
02/09/2019,0.0
03/09/2019,0.0
04/09/2019,0.0
05/09/2019,0.0
06/09/2019,0.4
07/09/2019,29.6
08/09/2019,15.6
09/09/2019,2.9
10/09/2019,0.0
11/09/2019,0.0
12/09/2019,0.0
13/09/2019,5.5
14/09/2019,8.0
15/09/2019,0.0
16/09/2019,0.0
17/09/2019,3.0
18/09/2019,0.0
19/09/2019,0.0
20/09/2019,0.4
21/09/2019,13.6
22/09/2019,0.0
23/09/2019,0.2
24/09/2019,0.3
25/09/2019,49.1
26/09/2019,0.4
27/09/2019,8.6
28/09/2019,0.0
29/09/2019,0.3
30/09/2019,8.7
01/10/2019,0.0
02/10/2019,0.4
03/10/2019,0.5
04/10/2019,4.6
05/10/2019,0.0
06/10/2019,0.0
07/10/2019,10.0
08/10/2019,0.0
09/10/2019,0.0
10/10/2019,2.0
11/10/2019,0.0
12/10/2019,0.0
13/10/2019,0.0
14/10/2019,0.0
15/10/2019,0.0
16/10/2019,0.4
17/10/2019,0.5
18/10/2019,10.1
19/10/2019,0.0
20/10/2019,0.3
21/10/2019,2.0
22/10/2019,39.4
23/10/2019,8.2
24/10/2019,2.0
25/10/2019,0.1
26/10/2019,4.0
27/10/2019,2.0
28/10/2019,0.5
29/10/2019,0.4
30/10/2019,1.1
31/10/2019,31.0
01/11/2019,0.4
02/11/2019,13.1
03/11/2019,17.2
04/11/2019,0.8
05/11/2019,2.1
06/11/2019,13.4
07/11/2019,0.0
08/11/2019,0.0
09/11/2019,0.0
10/11/2019,0.0
11/11/2019,7.0
12/11/2019,0.5
13/11/2019,0.0
14/11/2019,0.5
15/11/2019,27.0
16/11/2019,4.5
17/11/2019,0.0
18/11/2019,0.0
19/11/2019,9.7
20/11/2019,5.5
21/11/2019,12.9
22/11/2019,176.6
23/11/2019,18.8
24/11/2019,0.0
25/11/2019,0.0
26/11/2019,1.0
27/11/2019,16.8
28/11/2019,3.6
29/11/2019,35.5
30/11/2019,4.6
01/12/2019,77.8
02/12/2019,11.6
03/12/2019,3.0
04/12/2019,1.0
05/12/2019,1.5
06/12/2019,15.4
07/12/2019,84.5
08/12/2019,3.6
09/12/2019,0.6
10/12/2019,0.5
11/12/2019,0.9
12/12/2019,0.6
13/12/2019,4.3
14/12/2019,25.9
15/12/2019,22.2
16/12/2019,126.9
17/12/2019,50.1
18/12/2019,40.2
19/12/2019,0.5
20/12/2019,4.5
21/12/2019,2.0
22/12/2019,0.0
23/12/2019,0.0
24/12/2019,0.0
25/12/2019,0.0
26/12/2019,0.0
27/12/2019,0.3
28/12/2019,0.6
29/12/2019,2.0
30/12/2019,0.3
31/12/2019,1.3
01/01/2020,8.3
02/01/2020,0.9
03/01/2020,1.9
04/01/2020,3.4
05/01/2020,2.3
06/01/2020,4.0
07/01/2020,7.3
08/01/2020,1.6
09/01/2020,1.5
10/01/2020,1.5
11/01/2020,0.0
12/01/2020,0.0
13/01/2020,0.4
14/01/2020,1.6
15/01/2020,0.0
16/01/2020,0.0
17/01/2020,0.0
18/01/2020,3.0
19/01/2020,4.0
20/01/2020,3.0
21/01/2020,0.0
22/01/2020,13.7
23/01/2020,2.8
24/01/2020,0.0
25/01/2020,0.0
26/01/2020,0.0
27/01/2020,0.4
28/01/2020,2.6
29/01/2020,0.0
30/01/2020,0.0
31/01/2020,0.4
01/02/2020,0.1
02/02/2020,0.0
03/02/2020,0.0
04/02/2020,0.0
05/02/2020,1.5
06/02/2020,0.9
07/02/2020,1.1
08/02/2020,0.4
09/02/2020,39.8
10/02/2020,13.4
11/02/2020,0.4
12/02/2020,0.4
13/02/2020,0.1
14/02/2020,0.0
15/02/2020,0.0
16/02/2020,0.0
17/02/2020,3.2
18/02/2020,11.2
19/02/2020,1.0
20/02/2020,0.0
21/02/2020,8.1
22/02/2020,2.3
23/02/2020,1.5
24/02/2020,1.6
25/02/2020,0.0
26/02/2020,0.0
27/02/2020,0.5
28/02/2020,0.0
29/02/2020,0.0
01/03/2020,0.0
02/03/2020,0.0
03/03/2020,0.0
04/03/2020,0.0
05/03/2020,10.0
06/03/2020,0.4
07/03/2020,4.6
08/03/2020,0.0
09/03/2020,0.0
10/03/2020,0.0
11/03/2020,0.0
12/03/2020,0.0
13/03/2020,0.0
14/03/2020,0.0
15/03/2020,0.0
16/03/2020,0.0
17/03/2020,1.0
18/03/2020,0.0
19/03/2020,0.0
20/03/2020,0.0
21/03/2020,0.4
22/03/2020,12.5
23/03/2020,19.1
24/03/2020,0.0
25/03/2020,0.0
26/03/2020,0.0
27/03/2020,0.0
28/03/2020,0.0
29/03/2020,0.0
30/03/2020,0.0
31/03/2020,0.0
01/04/2020,0.0
02/04/2020,15.3
03/04/2020,5.5
04/04/2020,3.1
05/04/2020,71.8
06/04/2020,6.7
07/04/2020,0.0
08/04/2020,0.0
09/04/2020,0.0
10/04/2020,0.0
11/04/2020,0.0
12/04/2020,0.0
13/04/2020,0.0
14/04/2020,0.0
15/04/2020,0.0
16/04/2020,0.0
17/04/2020,0.0
18/04/2020,0.0
19/04/2020,0.0
20/04/2020,0.0
21/04/2020,0.4
22/04/2020,2.0
23/04/2020,1.1
24/04/2020,0.4
25/04/2020,15.3
26/04/2020,33.3
27/04/2020,5.5
28/04/2020,6.0
29/04/2020,1.5
30/04/2020,0.4
01/05/2020,6.6
02/05/2020,0.0
03/05/2020,0.0
04/05/2020,0.0
05/05/2020,0.0
06/05/2020,0.0
07/05/2020,0.4
08/05/2020,0.6
09/05/2020,0.0
10/05/2020,0.0
11/05/2020,0.0
12/05/2020,0.0
13/05/2020,0.0
14/05/2020,0.0
15/05/2020,0.0
16/05/2020,0.0
17/05/2020,0.0
18/05/2020,0.0
19/05/2020,0.0
20/05/2020,0.0
21/05/2020,0.0
22/05/2020,0.4
23/05/2020,1.1
24/05/2020,0.0
25/05/2020,0.4
26/05/2020,4.1
27/05/2020,0.0
28/05/2020,0.4
29/05/2020,5.1
30/05/2020,0.0
31/05/2020,0.0
01/06/2020,7.0
02/06/2020,0.0
03/06/2020,0.0
04/06/2020,2.0
05/06/2020,0.4
06/06/2020,36.9
07/06/2020,0.1
08/06/2020,0.4
09/06/2020,12.1
10/06/2020,72.5
11/06/2020,0.0
12/06/2020,25.2
13/06/2020,4.3
14/06/2020,0.0
15/06/2020,0.0
16/06/2020,0.0
17/06/2020,2.5
18/06/2020,4.0
19/06/2020,7.0
20/06/2020,0.5
21/06/2020,5.5
22/06/2020,0.0
23/06/2020,0.5
24/06/2020,6.0
25/06/2020,0.0
26/06/2020,0.0
27/06/2020,0.0
28/06/2020,0.0
29/06/2020,3.0
30/06/2020,0.0
01/07/2020,0.0
02/07/2020,0.4
03/07/2020,0.1
04/07/2020,0.0
05/07/2020,0.0
06/07/2020,14.0
07/07/2020,37.0
08/07/2020,0.5
09/07/2020,33.5
10/07/2020,9.0
11/07/2020,0.0
12/07/2020,1.5
13/07/2020,8.5
14/07/2020,0.0
15/07/2020,0.0
16/07/2020,0.0
17/07/2020,0.0
18/07/2020,0.0
19/07/2020,0.0
20/07/2020,0.0
21/07/2020,0.0
22/07/2020,0.5
23/07/2020,38.5
24/07/2020,0.4
25/07/2020,0.1
26/07/2020,0.4
27/07/2020,1.1
28/07/2020,0.0
29/07/2020,5.0
30/07/2020,32.0
31/07/2020,18.0
01/08/2020,0.0
02/08/2020,0.0
03/08/2020,0.0
04/08/2020,0.0
05/08/2020,0.0
06/08/2020,0.0
07/08/2020,0.5
08/08/2020,3.9
09/08/2020,2.6
10/08/2020,0.0
11/08/2020,2.9
12/08/2020,5.6
13/08/2020,2.3
14/08/2020,12.7
15/08/2020,0.0
16/08/2020,0.0
17/08/2020,0.2
18/08/2020,0.3
19/08/2020,1.0
20/08/2020,0.5
21/08/2020,2.0
22/08/2020,10.1
23/08/2020,0.0
24/08/2020,0.0
25/08/2020,0.0
26/08/2020,0.0
27/08/2020,0.0
28/08/2020,0.0
29/08/2020,0.0
30/08/2020,0.0
31/08/2020,0.0
01/09/2020,0.0
02/09/2020,0.0
03/09/2020,0.5
04/09/2020,4.5
05/09/2020,0.0
06/09/2020,0.0
07/09/2020,0.0
08/09/2020,0.0
09/09/2020,0.0
10/09/2020,0.0
11/09/2020,0.0
12/09/2020,0.0
13/09/2020,2.5
14/09/2020,2.0
15/09/2020,0.4
16/09/2020,0.1
17/09/2020,0.0
18/09/2020,0.0
19/09/2020,0.0
20/09/2020,3.5
21/09/2020,0.0
22/09/2020,0.0
23/09/2020,0.5
24/09/2020,1.7
25/09/2020,7.3
26/09/2020,16.1
27/09/2020,0.9
28/09/2020,0.0
29/09/2020,1.5
30/09/2020,0.0
01/10/2020,4.0
02/10/2020,37.0
03/10/2020,1.0
04/10/2020,1.0
05/10/2020,0.4
06/10/2020,0.9
07/10/2020,74.2
08/10/2020,11.5
09/10/2020,0.0
10/10/2020,0.0
11/10/2020,0.0
12/10/2020,28.6
13/10/2020,5.9
14/10/2020,0.5
15/10/2020,0.0
16/10/2020,0.0
17/10/2020,0.0
18/10/2020,1.0
19/10/2020,3.0
20/10/2020,0.4
21/10/2020,24.6
22/10/2020,0.5
23/10/2020,0.0
24/10/2020,13.5
25/10/2020,21.9
26/10/2020,4.6
27/10/2020,0.0
28/10/2020,6.5
29/10/2020,7.4
30/10/2020,2.0
31/10/2020,12.6
01/11/2020,2.0
02/11/2020,0.0
03/11/2020,13.5
04/11/2020,71.5
05/11/2020,0.5
06/11/2020,6.0
07/11/2020,6.5
08/11/2020,2.8
09/11/2020,9.7
10/11/2020,0.0
11/11/2020,10.8
12/11/2020,13.2
13/11/2020,32.0
14/11/2020,0.5
15/11/2020,10.5
16/11/2020,0.5
17/11/2020,138.5
18/11/2020,6.5
19/11/2020,0.0
20/11/2020,13.8
21/11/2020,45.1
22/11/2020,9.0
23/11/2020,81.7
24/11/2020,72.6
25/11/2020,30.2
26/11/2020,30.5
27/11/2020,6.6
28/11/2020,12.5
29/11/2020,0.0
30/11/2020,0.0
01/12/2020,0.4
02/12/2020,40.2
03/12/2020,47.5
04/12/2020,29.9
05/12/2020,0.5
06/12/2020,0.0
07/12/2020,0.0
08/12/2020,0.0
09/12/2020,0.5
10/12/2020,0.0
11/12/2020,0.5
12/12/2020,6.8
13/12/2020,1.6
14/12/2020,1.1
15/12/2020,53.2
16/12/2020,105.2
17/12/2020,155.5
18/12/2020,267.0
19/12/2020,93.2
20/12/2020,138.5
21/12/2020,0.0
22/12/2020,0.0
23/12/2020,0.0
24/12/2020,39.0
25/12/2020,50.5
26/12/2020,0.4
27/12/2020,8.1
28/12/2020,0.0
29/12/2020,0.0
30/12/2020,0.0
31/12/2020,56.7
01/01/2021,13.4
02/01/2021,30.1
03/01/2021,181.9
04/01/2021,33.4
05/01/2021,11.3
06/01/2021,101.8
07/01/2021,4.7
08/01/2021,9.7
09/01/2021,30.3
10/01/2021,19.8
11/01/2021,13.8
12/01/2021,10.1
13/01/2021,13.9
14/01/2021,0.0
15/01/2021,0.0
16/01/2021,0.0
17/01/2021,0.0
18/01/2021,0.0
19/01/2021,0.0
20/01/2021,0.0
21/01/2021,0.0
22/01/2021,1.5
23/01/2021,3.5
24/01/2021,0.5
25/01/2021,0.0
26/01/2021,0.4
27/01/2021,13.5
28/01/2021,0.2
29/01/2021,2.4
30/01/2021,0.5
31/01/2021,6.7
01/02/2021,2.9
02/02/2021,0.5
03/02/2021,0.0
04/02/2021,0.5
05/02/2021,1.9
06/02/2021,1.1
07/02/2021,0.0
08/02/2021,0.0
09/02/2021,0.0
10/02/2021,0.0
11/02/2021,0.4
12/02/2021,5.6
13/02/2021,0.0
14/02/2021,0.0
15/02/2021,0.0
16/02/2021,0.0
17/02/2021,0.0
18/02/2021,0.4
19/02/2021,4.9
20/02/2021,3.7
21/02/2021,0.0
22/02/2021,0.0
23/02/2021,0.0
24/02/2021,0.0
25/02/2021,0.0
26/02/2021,0.0
27/02/2021,0.0
28/02/2021,0.0
01/03/2021,0.0
02/03/2021,0.0
03/03/2021,0.0
04/03/2021,7.5
05/03/2021,0.0
06/03/2021,0.0
07/03/2021,0.0
08/03/2021,0.0
09/03/2021,0.0
10/03/2021,2.2
11/03/2021,26.7
12/03/2021,41.2
13/03/2021,9.8
14/03/2021,0.5
15/03/2021,0.0
16/03/2021,0.0
17/03/2021,0.0
18/03/2021,0.0
19/03/2021,0.0
20/03/2021,0.4
21/03/2021,0.6
22/03/2021,0.4
23/03/2021,23.4
24/03/2021,88.2
25/03/2021,50.9
26/03/2021,0.7
27/03/2021,8.5
28/03/2021,0.0
29/03/2021,0.0
30/03/2021,0.4
31/03/2021,7.1
01/04/2021,11.5
02/04/2021,0.5
03/04/2021,0.0
04/04/2021,18.1
05/04/2021,0.4
06/04/2021,0.0
07/04/2021,10.5
08/04/2021,0.0
09/04/2021,0.0
10/04/2021,0.0
11/04/2021,0.4
12/04/2021,3.6
13/04/2021,1.0
14/04/2021,1.0
15/04/2021,0.5
16/04/2021,0.0
17/04/2021,0.0
18/04/2021,0.0
19/04/2021,42.8
20/04/2021,4.6
21/04/2021,0.2
22/04/2021,0.0
23/04/2021,13.5
24/04/2021,0.5
25/04/2021,0.0
26/04/2021,0.0
27/04/2021,0.0
28/04/2021,0.0
29/04/2021,0.0
30/04/2021,0.0
01/05/2021,0.0
02/05/2021,0.0
03/05/2021,0.5
04/05/2021,13.5
05/05/2021,25.2
06/05/2021,0.8
07/05/2021,0.0
08/05/2021,0.0
09/05/2021,0.4
10/05/2021,0.1
11/05/2021,0.4
12/05/2021,1.6
13/05/2021,0.0
14/05/2021,0.0
15/05/2021,0.0
16/05/2021,0.0
17/05/2021,0.0
18/05/2021,26.0
19/05/2021,5.0
20/05/2021,0.0
21/05/2021,0.0
22/05/2021,0.0
23/05/2021,8.0
24/05/2021,0.5
25/05/2021,6.0
26/05/2021,0.0
27/05/2021,0.0
28/05/2021,0.0
29/05/2021,0.5
30/05/2021,0.0
31/05/2021,8.5
01/06/2021,0.0
02/06/2021,0.0
03/06/2021,0.0
04/06/2021,0.0
05/06/2021,0.0
06/06/2021,0.0
07/06/2021,20.5
08/06/2021,0.0
09/06/2021,0.0
10/06/2021,1.5
11/06/2021,0.0
12/06/2021,0.0
13/06/2021,0.0
14/06/2021,0.0
15/06/2021,0.0
16/06/2021,0.0
17/06/2021,0.4
18/06/2021,0.1
19/06/2021,0.0
20/06/2021,0.0
21/06/2021,0.0
22/06/2021,0.0
23/06/2021,10.9
24/06/2021,1.6
25/06/2021,0.0
26/06/2021,0.0
27/06/2021,0.0
28/06/2021,0.4
29/06/2021,35.1
30/06/2021,0.0
01/07/2021,1.2
02/07/2021,0.3
03/07/2021,1.0
04/07/2021,0.5
05/07/2021,2.0
06/07/2021,20.5
07/07/2021,0.0
08/07/2021,0.0
09/07/2021,0.4
10/07/2021,6.6
11/07/2021,53.5
12/07/2021,6.0
13/07/2021,31.5
14/07/2021,0.0
15/07/2021,0.0
16/07/2021,0.0
17/07/2021,0.0
18/07/2021,0.0
19/07/2021,0.0
20/07/2021,0.0
21/07/2021,0.0
22/07/2021,1.7
23/07/2021,17.8
24/07/2021,0.0
25/07/2021,0.0
26/07/2021,0.0
27/07/2021,0.0
28/07/2021,0.0
29/07/2021,0.0
30/07/2021,49.0
31/07/2021,2.1
01/08/2021,0.4
02/08/2021,0.0
03/08/2021,0.0
04/08/2021,0.0
05/08/2021,0.0
06/08/2021,0.0
07/08/2021,0.4
08/08/2021,5.1
09/08/2021,0.0
10/08/2021,0.0
11/08/2021,0.0
12/08/2021,0.0
13/08/2021,0.0
14/08/2021,0.0
15/08/2021,45.9
16/08/2021,2.5
17/08/2021,12.1
18/08/2021,5.8
19/08/2021,2.0
20/08/2021,9.2
21/08/2021,0.0
22/08/2021,0.0
23/08/2021,0.0
24/08/2021,0.0
25/08/2021,0.0
26/08/2021,0.0
27/08/2021,2.3
28/08/2021,92.7
29/08/2021,13.0
30/08/2021,0.0
31/08/2021,11.5
01/09/2021,0.4
02/09/2021,6.0
03/09/2021,3.1
04/09/2021,0.5
05/09/2021,5.5
06/09/2021,0.5
07/09/2021,0.0
08/09/2021,0.0
09/09/2021,37.5
10/09/2021,14.5
11/09/2021,0.0
12/09/2021,15.5
13/09/2021,1.0
14/09/2021,1.0
15/09/2021,0.0
16/09/2021,0.4
17/09/2021,0.1
18/09/2021,0.0
19/09/2021,4.0
20/09/2021,0.0
21/09/2021,3.0
22/09/2021,0.0
23/09/2021,0.0
24/09/2021,0.0
25/09/2021,24.8
26/09/2021,2.5
27/09/2021,1.2
28/09/2021,6.5
29/09/2021,0.0
30/09/2021,0.0
01/10/2021,18.8
02/10/2021,1.7
03/10/2021,0.5
04/10/2021,0.0
05/10/2021,11.5
06/10/2021,0.0
07/10/2021,14.5
08/10/2021,1.5
09/10/2021,0.0
10/10/2021,0.0
11/10/2021,0.0
12/10/2021,0.0
13/10/2021,0.0
14/10/2021,0.0
15/10/2021,0.4
16/10/2021,2.1
17/10/2021,0.5
18/10/2021,0.0
19/10/2021,0.5
20/10/2021,9.3
21/10/2021,2.0
22/10/2021,6.2
23/10/2021,6.0
24/10/2021,0.0
25/10/2021,4.5
26/10/2021,0.0
27/10/2021,0.4
28/10/2021,1.0
29/10/2021,20.5
30/10/2021,0.0
31/10/2021,0.0
01/11/2021,0.4
02/11/2021,8.0
03/11/2021,3.0
04/11/2021,1.1
05/11/2021,1.0
06/11/2021,0.0
07/11/2021,10.5
08/11/2021,12.8
09/11/2021,0.6
10/11/2021,2.6
11/11/2021,1.1
12/11/2021,3.4
13/11/2021,22.1
14/11/2021,0.0
15/11/2021,0.0
16/11/2021,1.4
17/11/2021,54.0
18/11/2021,5.7
19/11/2021,0.0
20/11/2021,0.0
21/11/2021,4.9
22/11/2021,0.6
23/11/2021,6.9
24/11/2021,5.0
25/11/2021,13.9
26/11/2021,3.6
27/11/2021,12.6
28/11/2021,8.3
29/11/2021,18.7
30/11/2021,0.4
01/12/2021,2.6
02/12/2021,101.8
03/12/2021,2.7
04/12/2021,0.0
05/12/2021,0.5
06/12/2021,0.0
07/12/2021,0.0
08/12/2021,0.5
09/12/2021,0.4
10/12/2021,12.3
11/12/2021,10.7
12/12/2021,1.0
13/12/2021,6.6
14/12/2021,1.6
15/12/2021,5.9
16/12/2021,133.4
17/12/2021,27.5
18/12/2021,108.9
19/12/2021,63.2
20/12/2021,0.0
21/12/2021,0.8
22/12/2021,0.2
23/12/2021,19.5
24/12/2021,0.4
25/12/2021,28.9
26/12/2021,0.2
27/12/2021,0.0
28/12/2021,0.0
29/12/2021,6.3
30/12/2021,50.7
31/12/2021,19.7
01/01/2022,16.2
02/01/2022,22.7
03/01/2022,17.2
04/01/2022,8.2
05/01/2022,0.0
06/01/2022,0.0
07/01/2022,3.5
08/01/2022,2.9
09/01/2022,12.1
10/01/2022,0.0
11/01/2022,0.0
12/01/2022,0.5
13/01/2022,0.0
14/01/2022,0.0
15/01/2022,0.0
16/01/2022,0.0
17/01/2022,16.5
18/01/2022,0.4
19/01/2022,0.1
20/01/2022,0.0
21/01/2022,0.0
22/01/2022,0.0
23/01/2022,0.0
24/01/2022,0.0
25/01/2022,0.0
26/01/2022,0.0
27/01/2022,0.0
28/01/2022,0.0
29/01/2022,0.0
30/01/2022,0.0
31/01/2022,0.0
01/02/2022,0.0
02/02/2022,0.4
03/02/2022,1.1
04/02/2022,0.0
05/02/2022,2.0
06/02/2022,2.5
07/02/2022,52.0
08/02/2022,44.3
09/02/2022,15.2
10/02/2022,47.2
11/02/2022,71.3
12/02/2022,0.5
13/02/2022,5.0
14/02/2022,29.3
15/02/2022,44.2
16/02/2022,0.4
17/02/2022,37.1
18/02/2022,0.0
19/02/2022,0.0
20/02/2022,0.0
21/02/2022,0.0
22/02/2022,0.5
23/02/2022,86.5
24/02/2022,154.4
25/02/2022,156.7
26/02/2022,25.5
27/02/2022,31.8
28/02/2022,1.5
01/03/2022,0.5
02/03/2022,7.4
03/03/2022,7.9
04/03/2022,8.9
05/03/2022,9.9
06/03/2022,0.0
07/03/2022,0.0
08/03/2022,0.4
09/03/2022,0.6
10/03/2022,0.0
11/03/2022,0.0
12/03/2022,0.0
13/03/2022,0.9
14/03/2022,0.1
15/03/2022,0.0
16/03/2022,0.4
17/03/2022,10.6
18/03/2022,0.0
19/03/2022,0.5
20/03/2022,3.5
21/03/2022,0.4
22/03/2022,8.6
23/03/2022,0.5
24/03/2022,0.4
25/03/2022,1.6
26/03/2022,0.5
27/03/2022,2.4
28/03/2022,0.1
29/03/2022,0.0
30/03/2022,0.0
31/03/2022,0.5
01/04/2022,0.0
02/04/2022,0.4
03/04/2022,24.6
04/04/2022,11.9
05/04/2022,76.1
06/04/2022,0.5
07/04/2022,4.0
08/04/2022,3.0
09/04/2022,7.5
10/04/2022,7.5
11/04/2022,5.0
12/04/2022,0.0
13/04/2022,23.5
14/04/2022,0.0
15/04/2022,0.5
16/04/2022,0.0
17/04/2022,0.0
18/04/2022,0.0
19/04/2022,0.0
20/04/2022,0.5
21/04/2022,1.4
22/04/2022,0.6
23/04/2022,5.5
24/04/2022,0.0
25/04/2022,0.0
26/04/2022,0.0
27/04/2022,0.0
28/04/2022,0.0
29/04/2022,7.0
30/04/2022,1.0
01/05/2022,21.0
02/05/2022,3.0
03/05/2022,0.0
04/05/2022,0.0
05/05/2022,0.0
06/05/2022,3.8
07/05/2022,23.2
08/05/2022,1.0
09/05/2022,32.0
10/05/2022,0.5
11/05/2022,44.5
12/05/2022,2.1
13/05/2022,0.4
14/05/2022,0.4
15/05/2022,2.1
16/05/2022,19.0
17/05/2022,0.5
18/05/2022,0.0
19/05/2022,0.0
20/05/2022,0.0
21/05/2022,0.0
22/05/2022,0.0
23/05/2022,1.4
24/05/2022,53.1
25/05/2022,15.5
26/05/2022,0.0
27/05/2022,0.0
28/05/2022,0.0
29/05/2022,0.0
30/05/2022,6.7
31/05/2022,12.8
01/06/2022,1.0
02/06/2022,5.0
03/06/2022,0.0
04/06/2022,0.0
05/06/2022,0.0
06/06/2022,1.0
07/06/2022,1.0
08/06/2022,0.0
09/06/2022,0.0
10/06/2022,0.0
11/06/2022,0.5
12/06/2022,2.0
15/06/2022,8.5
16/06/2022,0.5
17/06/2022,0.0
18/06/2022,0.5
19/06/2022,0.0
20/06/2022,0.0
21/06/2022,0.0
22/06/2022,0.0
23/06/2022,0.5
24/06/2022,49.8
25/06/2022,28.0
26/06/2022,1.1
27/06/2022,0.6
28/06/2022,0.0
29/06/2022,0.0
30/06/2022,0.0
01/07/2022,0.0
02/07/2022,0.0
03/07/2022,0.4
04/07/2022,1.5
05/07/2022,12.1
06/07/2022,0.5
07/07/2022,0.0
08/07/2022,0.0
09/07/2022,2.0
10/07/2022,0.0
11/07/2022,19.0
12/07/2022,3.5
13/07/2022,3.8
14/07/2022,12.7
15/07/2022,0.0
16/07/2022,0.5
17/07/2022,0.0
18/07/2022,0.0
19/07/2022,6.5
20/07/2022,0.5
21/07/2022,0.0
22/07/2022,0.0
23/07/2022,0.0
24/07/2022,0.0
25/07/2022,0.0
26/07/2022,0.4
27/07/2022,0.1
28/07/2022,0.5
29/07/2022,0.0
30/07/2022,14.4
31/07/2022,3.6
01/08/2022,0.5
02/08/2022,1.5
03/08/2022,6.9
04/08/2022,0.1
05/08/2022,26.4
06/08/2022,0.6
07/08/2022,2.5
08/08/2022,6.0
09/08/2022,0.4
10/08/2022,12.6
11/08/2022,0.5
12/08/2022,1.0
13/08/2022,0.5
14/08/2022,1.0
15/08/2022,0.4
16/08/2022,3.1
17/08/2022,0.0
18/08/2022,0.0
19/08/2022,0.4
20/08/2022,20.1
21/08/2022,16.0
22/08/2022,0.5
23/08/2022,0.0
24/08/2022,0.0
25/08/2022,3.0
26/08/2022,2.5
27/08/2022,0.5
28/08/2022,0.5
29/08/2022,1.0
30/08/2022,9.6
31/08/2022,0.5
01/09/2022,0.4
02/09/2022,60.6
03/09/2022,0.5
04/09/2022,0.0
05/09/2022,0.5
06/09/2022,37.5
07/09/2022,0.0
08/09/2022,0.0
09/09/2022,0.4
10/09/2022,3.9
11/09/2022,14.7
12/09/2022,0.0
13/09/2022,22.5
14/09/2022,0.0
15/09/2022,0.0
16/09/2022,0.0
17/09/2022,0.0
18/09/2022,3.0
19/09/2022,0.5
20/09/2022,0.0
21/09/2022,2.5
22/09/2022,0.0
23/09/2022,0.0
24/09/2022,0.0
25/09/2022,0.0
26/09/2022,0.0
27/09/2022,0.0
28/09/2022,11.0
29/09/2022,0.5
30/09/2022,0.5
01/10/2022,32.3
02/10/2022,1.6
03/10/2022,4.1
04/10/2022,2.0
05/10/2022,0.0
06/10/2022,0.4
07/10/2022,23.1
08/10/2022,19.4
09/10/2022,16.1
10/10/2022,25.0
11/10/2022,0.0
12/10/2022,2.0
13/10/2022,23.0
14/10/2022,2.0
15/10/2022,5.0
16/10/2022,1.0
17/10/2022,18.9
18/10/2022,2.6
19/10/2022,18.9
20/10/2022,6.1
21/10/2022,4.4
22/10/2022,2.1
23/10/2022,0.0
24/10/2022,1.5
25/10/2022,0.5
26/10/2022,1.5
27/10/2022,0.0
28/10/2022,0.0
29/10/2022,7.5
30/10/2022,4.9
31/10/2022,2.6
01/11/2022,22.5
02/11/2022,6.8
03/11/2022,8.6
04/11/2022,18.1
05/11/2022,3.0
06/11/2022,1.5
07/11/2022,0.4
08/11/2022,1.4
09/11/2022,5.1
10/11/2022,27.3
11/11/2022,125.2
12/11/2022,16.6
13/11/2022,2.3
14/11/2022,5.2
15/11/2022,1.5
16/11/2022,2.0
17/11/2022,0.5
18/11/2022,35.5
19/11/2022,0.0
20/11/2022,21.5
21/11/2022,2.0
22/11/2022,9.0
23/11/2022,0.0
24/11/2022,0.4
25/11/2022,3.6
26/11/2022,0.0
27/11/2022,0.0
28/11/2022,0.8
29/11/2022,4.4
30/11/2022,17.7
01/12/2022,51.2
02/12/2022,7.3
03/12/2022,6.6
04/12/2022,0.0
05/12/2022,5.5
06/12/2022,4.1
07/12/2022,8.4
08/12/2022,61.8
09/12/2022,167.2
10/12/2022,256.6
11/12/2022,93.1
12/12/2022,69.5
13/12/2022,11.7
14/12/2022,107.3
15/12/2022,16.2
16/12/2022,0.5
17/12/2022,157.8
18/12/2022,348.9
19/12/2022,440.3
20/12/2022,122.9
21/12/2022,293.3
22/12/2022,25.0
23/12/2022,9.2
24/12/2022,1.0
25/12/2022,1.2
26/12/2022,4.3
27/12/2022,2.5
28/12/2022,0.0
29/12/2022,0.0
30/12/2022,0.0
31/12/2022,0.0
01/01/2023,0.0
02/01/2023,0.4
03/01/2023,3.1
04/01/2023,30.1
05/01/2023,0.0
06/01/2023,13.5
07/01/2023,0.9
08/01/2023,0.1
09/01/2023,0.0
10/01/2023,0.5
11/01/2023,0.0
12/01/2023,5.0
13/01/2023,58.9
14/01/2023,31.6
15/01/2023,0.0
16/01/2023,0.0
17/01/2023,2.5
18/01/2023,2.5
19/01/2023,9.0
20/01/2023,15.9
21/01/2023,10.2
22/01/2023,13.4
23/01/2023,0.9
24/01/2023,1.7
25/01/2023,0.8
26/01/2023,1.6
27/01/2023,99.9
28/01/2023,35.5
29/01/2023,43.4
30/01/2023,10.8
31/01/2023,3.6
01/02/2023,4.7
02/02/2023,7.3
03/02/2023,20.8
04/02/2023,0.0
05/02/2023,13.0
06/02/2023,30.1
07/02/2023,7.9
08/02/2023,1.0
09/02/2023,0.4
10/02/2023,1.0
11/02/2023,0.1
12/02/2023,0.0
13/02/2023,0.0
14/02/2023,0.0
15/02/2023,0.0
16/02/2023,8.3
17/02/2023,2.2
18/02/2023,4.5
19/02/2023,1.5
20/02/2023,0.0
21/02/2023,6.0
22/02/2023,0.8
23/02/2023,0.7
24/02/2023,0.0
25/02/2023,0.4
26/02/2023,11.6
27/02/2023,8.2
28/02/2023,28.5
01/03/2023,12.1
02/03/2023,3.5
03/03/2023,7.1
04/03/2023,10.0
05/03/2023,0.0
06/03/2023,2.5
07/03/2023,0.6
08/03/2023,0.8
09/03/2023,29.0
10/03/2023,1.6
11/03/2023,0.0
12/03/2023,0.0
13/03/2023,0.5
14/03/2023,0.0
15/03/2023,0.0
16/03/2023,0.0
17/03/2023,0.0
18/03/2023,0.4
19/03/2023,1.1
20/03/2023,0.0
21/03/2023,0.0
22/03/2023,0.0
23/03/2023,0.0
24/03/2023,0.0
25/03/2023,0.0
26/03/2023,0.0
27/03/2023,0.0
28/03/2023,0.0
29/03/2023,0.0
30/03/2023,0.0
31/03/2023,0.0
01/04/2023,0.0
02/04/2023,0.0
03/04/2023,0.5
04/04/2023,1.0
05/04/2023,0.5
06/04/2023,0.0
07/04/2023,0.0
08/04/2023,0.0
09/04/2023,0.0
10/04/2023,0.0
11/04/2023,0.0
12/04/2023,0.0
13/04/2023,0.0
