Date,Value (mm)
31/12/1985,0.0
01/01/1986,0.5
02/01/1986,23.5
03/01/1986,38.0
04/01/1986,11.0
05/01/1986,4.5
06/01/1986,13.0
07/01/1986,0.0
08/01/1986,10.0
09/01/1986,6.5
10/01/1986,2.5
11/01/1986,2.0
12/01/1986,0.0
13/01/1986,0.0
14/01/1986,0.0
15/01/1986,0.0
16/01/1986,0.0
17/01/1986,0.0
18/01/1986,0.0
19/01/1986,0.0
20/01/1986,0.0
21/01/1986,0.0
22/01/1986,0.0
23/01/1986,0.0
24/01/1986,0.0
25/01/1986,0.0
26/01/1986,0.0
27/01/1986,0.0
28/01/1986,0.0
29/01/1986,0.0
30/01/1986,0.0
31/01/1986,0.0
01/02/1986,0.0
02/02/1986,0.0
03/02/1986,0.0
04/02/1986,0.0
05/02/1986,0.0
06/02/1986,0.0
07/02/1986,0.0
08/02/1986,2.0
09/02/1986,0.0
10/02/1986,0.0
11/02/1986,0.0
12/02/1986,0.0
13/02/1986,0.0
14/02/1986,0.0
15/02/1986,0.0
16/02/1986,0.0
17/02/1986,0.0
18/02/1986,0.0
19/02/1986,0.0
20/02/1986,0.0
21/02/1986,0.0
22/02/1986,0.0
23/02/1986,0.0
24/02/1986,0.0
25/02/1986,0.0
26/02/1986,0.0
27/02/1986,0.0
28/02/1986,5.0
01/03/1986,7.8
02/03/1986,27.7
03/03/1986,12.5
04/03/1986,2.5
05/03/1986,1.0
06/03/1986,10.5
07/03/1986,13.8
08/03/1986,18.7
09/03/1986,2.0
10/03/1986,2.0
11/03/1986,3.0
12/03/1986,0.0
13/03/1986,0.0
14/03/1986,0.0
15/03/1986,0.0
16/03/1986,0.0
17/03/1986,0.0
18/03/1986,3.0
19/03/1986,0.0
20/03/1986,0.0
21/03/1986,0.0
22/03/1986,0.0
23/03/1986,0.0
24/03/1986,0.0
25/03/1986,0.0
26/03/1986,0.0
27/03/1986,0.0
28/03/1986,0.0
29/03/1986,0.5
30/03/1986,0.0
31/03/1986,0.0
01/04/1986,0.0
02/04/1986,20.0
03/04/1986,0.0
04/04/1986,0.0
05/04/1986,0.0
06/04/1986,0.5
07/04/1986,0.0
08/04/1986,0.5
09/04/1986,0.0
10/04/1986,0.0
11/04/1986,15.5
12/04/1986,0.0
13/04/1986,10.5
14/04/1986,21.0
15/04/1986,0.0
16/04/1986,0.0
17/04/1986,19.5
18/04/1986,1.5
19/04/1986,0.0
20/04/1986,18.0
21/04/1986,0.0
22/04/1986,0.0
23/04/1986,0.0
24/04/1986,0.0
25/04/1986,2.0
26/04/1986,0.0
27/04/1986,0.5
28/04/1986,4.0
29/04/1986,0.0
30/04/1986,1.0
01/05/1986,0.0
02/05/1986,2.0
03/05/1986,0.0
04/05/1986,0.0
05/05/1986,13.0
06/05/1986,7.0
07/05/1986,37.0
08/05/1986,5.0
09/05/1986,0.0
10/05/1986,0.0
11/05/1986,0.0
12/05/1986,0.0
13/05/1986,0.0
14/05/1986,0.0
15/05/1986,39.5
16/05/1986,8.0
17/05/1986,14.0
18/05/1986,1.5
19/05/1986,0.0
20/05/1986,0.0
21/05/1986,0.0
22/05/1986,0.0
23/05/1986,0.0
24/05/1986,33.0
25/05/1986,36.0
26/05/1986,5.0
27/05/1986,4.0
28/05/1986,0.0
29/05/1986,6.0
30/05/1986,0.0
31/05/1986,13.0
01/06/1986,0.5
02/06/1986,3.0
03/06/1986,17.0
04/06/1986,9.0
05/06/1986,10.0
06/06/1986,0.0
07/06/1986,0.0
08/06/1986,0.0
09/06/1986,0.0
10/06/1986,18.2
11/06/1986,89.8
12/06/1986,1.5
13/06/1986,0.0
14/06/1986,0.0
15/06/1986,3.5
16/06/1986,7.0
17/06/1986,1.4
18/06/1986,4.1
19/06/1986,0.0
20/06/1986,0.0
21/06/1986,0.0
22/06/1986,0.0
23/06/1986,0.0
24/06/1986,0.0
25/06/1986,0.0
26/06/1986,16.5
27/06/1986,0.0
28/06/1986,8.0
29/06/1986,14.5
30/06/1986,0.0
01/07/1986,0.0
02/07/1986,0.0
03/07/1986,6.5
04/07/1986,0.5
05/07/1986,0.0
06/07/1986,14.5
07/07/1986,0.5
08/07/1986,2.0
09/07/1986,0.0
10/07/1986,0.0
11/07/1986,41.5
12/07/1986,0.0
13/07/1986,14.5
14/07/1986,6.0
15/07/1986,0.0
16/07/1986,0.0
17/07/1986,0.0
18/07/1986,0.0
19/07/1986,0.0
20/07/1986,0.3
21/07/1986,1.7
22/07/1986,12.5
23/07/1986,9.0
24/07/1986,14.0
25/07/1986,0.0
26/07/1986,8.0
27/07/1986,26.0
28/07/1986,11.0
29/07/1986,0.0
30/07/1986,2.5
31/07/1986,42.5
01/08/1986,1.0
02/08/1986,4.5
03/08/1986,0.0
04/08/1986,0.0
05/08/1986,0.0
06/08/1986,13.2
07/08/1986,4.8
08/08/1986,0.0
09/08/1986,0.0
10/08/1986,0.0
11/08/1986,0.0
12/08/1986,0.0
13/08/1986,0.0
14/08/1986,37.0
15/08/1986,3.5
16/08/1986,0.0
17/08/1986,0.0
18/08/1986,0.0
19/08/1986,0.0
20/08/1986,0.0
21/08/1986,0.0
22/08/1986,1.5
23/08/1986,12.0
24/08/1986,0.0
25/08/1986,9.5
26/08/1986,12.5
27/08/1986,24.5
14/09/1986,1.0
15/09/1986,3.5
16/09/1986,17.5
17/09/1986,25.5
18/09/1986,2.0
19/09/1986,16.0
20/09/1986,5.6
21/09/1986,7.4
22/09/1986,0.0
23/09/1986,0.5
24/09/1986,0.0
25/09/1986,13.0
26/09/1986,4.0
27/09/1986,0.0
28/09/1986,0.0
29/09/1986,0.0
30/09/1986,0.0
01/10/1986,0.5
02/10/1986,9.0
03/10/1986,47.0
04/10/1986,1.0
05/10/1986,0.0
06/10/1986,11.0
07/10/1986,10.5
08/10/1986,12.0
09/10/1986,35.0
10/10/1986,0.5
11/10/1986,0.0
12/10/1986,0.5
13/10/1986,0.0
14/10/1986,0.0
15/10/1986,4.0
16/10/1986,1.0
17/10/1986,9.5
18/10/1986,23.5
19/10/1986,38.0
20/10/1986,9.0
21/10/1986,20.5
22/10/1986,0.5
23/10/1986,0.5
24/10/1986,0.0
25/10/1986,35.5
26/10/1986,7.5
27/10/1986,44.0
28/10/1986,0.0
29/10/1986,35.5
30/10/1986,1.5
31/10/1986,2.5
01/11/1986,9.5
02/11/1986,1.0
03/11/1986,1.0
04/11/1986,12.8
05/11/1986,3.7
06/11/1986,0.5
07/11/1986,0.5
08/11/1986,13.5
09/11/1986,0.5
10/11/1986,0.0
11/11/1986,16.0
12/11/1986,3.5
13/11/1986,35.0
14/11/1986,0.5
15/11/1986,7.0
16/11/1986,2.4
17/11/1986,19.1
18/11/1986,15.5
19/11/1986,10.5
20/11/1986,11.5
21/11/1986,4.0
22/11/1986,0.0
23/11/1986,0.5
24/11/1986,0.0
25/11/1986,2.9
26/11/1986,116.6
27/11/1986,151.0
28/11/1986,62.0
29/11/1986,73.6
30/11/1986,118.1
01/12/1986,77.9
02/12/1986,2.5
03/12/1986,49.5
04/12/1986,0.5
05/12/1986,1.0
06/12/1986,15.0
07/12/1986,19.5
08/12/1986,27.0
09/12/1986,14.0
10/12/1986,5.0
11/12/1986,2.5
12/12/1986,0.0
13/12/1986,0.0
14/12/1986,0.0
15/12/1986,0.0
16/12/1986,26.0
17/12/1986,24.5
18/12/1986,7.5
19/12/1986,33.0
20/12/1986,1.0
21/12/1986,7.5
22/12/1986,0.5
23/12/1986,0.0
24/12/1986,0.0
25/12/1986,0.0
26/12/1986,0.0
27/12/1986,6.0
28/12/1986,8.0
29/12/1986,124.5
30/12/1986,6.0
31/12/1986,0.0
01/01/1987,0.0
02/01/1987,0.0
03/01/1987,0.0
04/01/1987,0.0
05/01/1987,0.0
06/01/1987,45.0
07/01/1987,12.5
08/01/1987,20.0
09/01/1987,6.5
10/01/1987,8.0
11/01/1987,27.5
12/01/1987,12.5
13/01/1987,5.0
14/01/1987,1.0
15/01/1987,0.0
16/01/1987,1.5
17/01/1987,1.0
18/01/1987,0.0
19/01/1987,0.0
20/01/1987,0.0
21/01/1987,3.0
22/01/1987,0.0
23/01/1987,0.0
24/01/1987,20.5
25/01/1987,80.0
26/01/1987,5.5
27/01/1987,0.5
28/01/1987,10.0
29/01/1987,4.5
30/01/1987,0.0
31/01/1987,0.0
01/02/1987,0.5
02/02/1987,0.0
03/02/1987,0.0
04/02/1987,0.0
05/02/1987,0.0
06/02/1987,0.0
07/02/1987,0.0
08/02/1987,0.0
09/02/1987,0.0
10/02/1987,0.0
11/02/1987,0.0
12/02/1987,0.0
13/02/1987,0.0
14/02/1987,0.0
15/02/1987,0.0
16/02/1987,0.0
17/02/1987,0.0
18/02/1987,0.0
19/02/1987,0.0
20/02/1987,0.0
21/02/1987,0.0
06/04/1987,45.0
07/04/1987,0.0
08/04/1987,60.5
09/04/1987,1.5
10/04/1987,10.0
11/04/1987,37.0
12/04/1987,0.5
13/04/1987,0.0
14/04/1987,0.0
15/04/1987,0.0
16/04/1987,1.5
17/04/1987,0.0
18/04/1987,0.0
19/04/1987,3.5
20/04/1987,0.5
21/04/1987,6.5
22/04/1987,17.0
23/04/1987,0.0
24/04/1987,0.0
25/04/1987,0.0
26/04/1987,2.0
27/04/1987,6.0
28/04/1987,7.0
29/04/1987,1.5
30/04/1987,3.0
01/05/1987,1.5
02/05/1987,0.5
03/05/1987,2.9
04/05/1987,8.1
05/05/1987,20.5
06/05/1987,0.5
07/05/1987,0.0
08/05/1987,1.5
09/05/1987,9.0
10/05/1987,3.0
11/05/1987,0.5
12/05/1987,7.8
13/05/1987,6.2
14/05/1987,0.5
15/05/1987,0.0
16/05/1987,0.0
17/05/1987,0.0
18/05/1987,1.5
19/05/1987,0.0
20/05/1987,0.0
21/05/1987,0.0
22/05/1987,0.0
23/05/1987,0.0
24/05/1987,0.0
25/05/1987,0.0
26/05/1987,0.0
27/05/1987,1.0
28/05/1987,1.0
29/05/1987,1.0
30/05/1987,0.0
31/05/1987,0.0
01/06/1987,0.0
02/06/1987,0.0
03/06/1987,11.0
04/06/1987,35.0
05/06/1987,14.0
06/06/1987,1.0
07/06/1987,0.0
08/06/1987,11.5
09/06/1987,5.0
10/06/1987,2.0
11/06/1987,0.0
12/06/1987,20.0
13/06/1987,10.5
14/06/1987,0.5
15/06/1987,0.0
16/06/1987,0.0
17/06/1987,2.5
18/06/1987,0.0
19/06/1987,2.0
20/06/1987,0.0
21/06/1987,67.0
22/06/1987,0.0
23/06/1987,0.0
24/06/1987,0.0
25/06/1987,0.0
26/06/1987,22.5
27/06/1987,8.0
28/06/1987,0.5
29/06/1987,0.0
30/06/1987,1.0
01/07/1987,0.0
02/07/1987,0.0
03/07/1987,0.0
04/07/1987,0.0
05/07/1987,0.0
06/07/1987,0.0
07/07/1987,19.0
08/07/1987,0.0
09/07/1987,0.0
10/07/1987,1.5
11/07/1987,5.5
12/07/1987,0.0
13/07/1987,0.0
14/07/1987,14.5
15/07/1987,31.5
16/07/1987,37.5
17/07/1987,33.5
18/07/1987,34.5
19/07/1987,0.0
20/07/1987,29.5
21/07/1987,51.0
22/07/1987,1.5
23/07/1987,30.5
24/07/1987,0.0
25/07/1987,10.0
26/07/1987,0.0
27/07/1987,0.0
28/07/1987,0.0
29/07/1987,0.0
30/07/1987,0.0
31/07/1987,0.0
01/08/1987,0.0
02/08/1987,0.0
03/08/1987,1.0
04/08/1987,0.0
05/08/1987,6.0
06/08/1987,46.5
07/08/1987,32.5
08/08/1987,0.0
09/08/1987,3.5
10/08/1987,0.0
11/08/1987,21.0
12/08/1987,0.0
13/08/1987,30.0
14/08/1987,0.5
15/08/1987,0.0
16/08/1987,3.5
17/08/1987,0.0
18/08/1987,0.0
19/08/1987,1.0
20/08/1987,3.5
21/08/1987,2.5
22/08/1987,1.0
23/08/1987,0.0
24/08/1987,0.0
25/08/1987,0.0
26/08/1987,26.0
27/08/1987,25.0
28/08/1987,55.0
29/08/1987,0.0
30/08/1987,0.0
31/08/1987,0.0
01/09/1987,0.0
02/09/1987,0.0
03/09/1987,0.0
04/09/1987,18.5
05/09/1987,0.5
06/09/1987,21.3
07/09/1987,63.0
08/09/1987,12.7
09/09/1987,4.5
14/09/1987,38.0
15/09/1987,16.0
16/09/1987,1.0
17/09/1987,70.0
18/09/1987,3.5
19/09/1987,0.5
20/09/1987,2.5
21/09/1987,1.0
22/09/1987,2.0
23/09/1987,1.0
24/09/1987,0.0
25/09/1987,0.0
26/09/1987,22.8
27/09/1987,33.2
28/09/1987,0.0
29/09/1987,0.0
30/09/1987,1.5
01/10/1987,0.0
02/10/1987,0.0
03/10/1987,41.0
04/10/1987,0.5
05/10/1987,0.0
06/10/1987,55.5
07/10/1987,0.0
08/10/1987,0.0
09/10/1987,15.0
10/10/1987,66.5
11/10/1987,17.5
12/10/1987,0.5
13/10/1987,0.0
14/10/1987,0.0
15/10/1987,0.0
16/10/1987,4.5
17/10/1987,8.5
18/10/1987,0.0
19/10/1987,0.0
20/10/1987,6.0
21/10/1987,16.5
22/10/1987,0.0
23/10/1987,0.0
24/10/1987,0.0
25/10/1987,6.0
26/10/1987,12.5
27/10/1987,0.0
28/10/1987,15.5
29/10/1987,1.0
30/10/1987,0.5
31/10/1987,0.5
01/11/1987,2.5
02/11/1987,5.5
03/11/1987,2.0
04/11/1987,0.5
05/11/1987,9.5
06/11/1987,7.5
07/11/1987,0.0
08/11/1987,40.0
09/11/1987,0.0
10/11/1987,65.5
11/11/1987,14.0
12/11/1987,43.0
13/11/1987,25.5
14/11/1987,1.0
15/11/1987,66.5
16/11/1987,1.0
17/11/1987,0.0
18/11/1987,16.0
19/11/1987,0.0
20/11/1987,6.0
21/11/1987,47.0
22/11/1987,0.5
23/11/1987,2.0
24/11/1987,2.5
25/11/1987,25.5
26/11/1987,20.5
27/11/1987,0.5
28/11/1987,0.0
29/11/1987,3.5
30/11/1987,0.5
01/12/1987,18.0
02/12/1987,13.0
03/12/1987,221.0
04/12/1987,4.0
05/12/1987,17.0
06/12/1987,246.1
07/12/1987,36.4
08/12/1987,115.5
09/12/1987,8.5
10/12/1987,74.5
11/12/1987,48.5
12/12/1987,15.5
13/12/1987,9.0
14/12/1987,0.5
15/12/1987,0.0
16/12/1987,0.0
17/12/1987,18.5
18/12/1987,0.0
19/12/1987,0.0
20/12/1987,0.0
21/12/1987,0.0
22/12/1987,0.0
23/12/1987,0.0
24/12/1987,0.0
25/12/1987,0.0
26/12/1987,22.0
27/12/1987,45.5
28/12/1987,86.0
29/12/1987,1.5
30/12/1987,0.0
31/12/1987,0.0
01/01/1988,0.0
02/01/1988,0.0
03/01/1988,0.0
04/01/1988,15.0
05/01/1988,1.5
06/01/1988,0.5
07/01/1988,0.0
08/01/1988,0.0
09/01/1988,0.0
10/01/1988,5.5
11/01/1988,5.0
12/01/1988,5.5
13/01/1988,1.5
14/01/1988,6.5
15/01/1988,0.5
16/01/1988,0.5
17/01/1988,0.0
18/01/1988,0.0
19/01/1988,0.0
20/01/1988,0.0
21/01/1988,0.0
22/01/1988,0.0
23/01/1988,0.0
24/01/1988,1.0
25/01/1988,5.0
26/01/1988,5.0
27/01/1988,13.0
28/01/1988,5.0
29/01/1988,0.0
30/01/1988,1.0
31/01/1988,0.0
01/02/1988,11.0
02/02/1988,0.0
03/02/1988,0.0
04/02/1988,0.0
05/02/1988,1.5
06/02/1988,15.0
07/02/1988,0.0
08/02/1988,0.0
09/02/1988,0.0
10/02/1988,33.0
11/02/1988,0.0
12/02/1988,0.0
13/02/1988,0.0
14/02/1988,0.0
15/02/1988,3.0
16/02/1988,2.5
17/02/1988,3.0
18/02/1988,1.0
19/02/1988,6.0
20/02/1988,10.5
21/02/1988,13.0
22/02/1988,5.0
23/02/1988,0.0
24/02/1988,0.0
25/02/1988,0.0
26/02/1988,0.0
27/02/1988,9.5
28/02/1988,0.5
29/02/1988,0.0
01/03/1988,0.0
02/03/1988,0.0
03/03/1988,1.0
04/03/1988,0.0
05/03/1988,35.5
06/03/1988,49.5
07/03/1988,60.0
08/03/1988,148.0
09/03/1988,25.0
10/03/1988,4.0
11/03/1988,0.0
12/03/1988,0.0
13/03/1988,0.0
14/03/1988,0.0
15/03/1988,0.0
16/03/1988,0.0
17/03/1988,0.0
18/03/1988,0.0
19/03/1988,0.5
20/03/1988,0.0
21/03/1988,2.5
22/03/1988,12.5
23/03/1988,2.5
24/03/1988,0.0
25/03/1988,0.0
26/03/1988,0.0
27/03/1988,0.0
28/03/1988,0.0
29/03/1988,0.0
30/03/1988,0.0
31/03/1988,0.0
01/04/1988,3.0
02/04/1988,0.0
03/04/1988,0.0
04/04/1988,0.0
05/04/1988,23.0
06/04/1988,0.0
07/04/1988,15.5
08/04/1988,19.5
09/04/1988,10.5
10/04/1988,2.5
11/04/1988,38.0
12/04/1988,3.0
13/04/1988,0.0
14/04/1988,0.0
15/04/1988,0.0
16/04/1988,0.0
17/04/1988,0.0
18/04/1988,0.0
19/04/1988,0.0
20/04/1988,0.0
21/04/1988,0.0
22/04/1988,0.0
23/04/1988,0.0
24/04/1988,0.0
25/04/1988,0.0
26/04/1988,0.0
27/04/1988,0.0
28/04/1988,0.0
29/04/1988,34.5
30/04/1988,0.5
01/05/1988,63.0
02/05/1988,4.5
03/05/1988,10.0
04/05/1988,1.0
05/05/1988,0.0
06/05/1988,0.0
07/05/1988,9.0
08/05/1988,0.0
09/05/1988,3.5
10/05/1988,0.0
11/05/1988,17.0
12/05/1988,0.0
13/05/1988,0.0
14/05/1988,0.0
15/05/1988,1.0
16/05/1988,0.5
17/05/1988,0.0
18/05/1988,0.0
19/05/1988,2.0
20/05/1988,0.0
21/05/1988,0.0
22/05/1988,0.0
23/05/1988,0.0
24/05/1988,9.0
25/05/1988,1.0
26/05/1988,0.0
27/05/1988,0.0
28/05/1988,28.5
29/05/1988,15.0
30/05/1988,0.0
31/05/1988,10.5
01/06/1988,0.0
02/06/1988,17.5
03/06/1988,10.5
04/06/1988,0.0
05/06/1988,17.5
06/06/1988,0.0
07/06/1988,6.0
08/06/1988,0.0
09/06/1988,30.0
10/06/1988,1.5
11/06/1988,7.5
12/06/1988,0.0
13/06/1988,28.0
14/06/1988,0.5
15/06/1988,30.7
16/06/1988,6.3
17/06/1988,0.0
18/06/1988,0.0
19/06/1988,21.5
20/06/1988,4.5
21/06/1988,0.0
22/06/1988,27.0
23/06/1988,0.0
24/06/1988,0.5
25/06/1988,45.0
26/06/1988,1.0
27/06/1988,4.0
28/06/1988,0.0
29/06/1988,61.5
30/06/1988,0.0
01/07/1988,0.0
02/07/1988,1.0
03/07/1988,1.5
04/07/1988,0.0
05/07/1988,0.0
06/07/1988,14.5
07/07/1988,3.5
08/07/1988,0.0
09/07/1988,10.0
10/07/1988,25.5
11/07/1988,0.5
12/07/1988,0.0
13/07/1988,0.0
14/07/1988,0.0
15/07/1988,0.0
16/07/1988,0.0
17/07/1988,74.5
18/07/1988,1.5
19/07/1988,10.0
20/07/1988,0.0
21/07/1988,0.0
22/07/1988,27.3
23/07/1988,1.2
24/07/1988,3.5
25/07/1988,0.0
26/07/1988,17.5
27/07/1988,0.0
28/07/1988,0.5
29/07/1988,5.0
30/07/1988,0.0
31/07/1988,0.0
01/08/1988,0.0
02/08/1988,0.5
03/08/1988,0.0
04/08/1988,0.5
05/08/1988,1.5
06/08/1988,0.5
07/08/1988,0.0
08/08/1988,0.0
09/08/1988,0.0
10/08/1988,0.0
11/08/1988,0.0
12/08/1988,34.5
13/08/1988,36.5
14/08/1988,0.5
15/08/1988,0.0
16/08/1988,1.0
17/08/1988,34.0
18/08/1988,0.5
19/08/1988,0.5
20/08/1988,7.3
21/08/1988,37.7
22/08/1988,16.5
23/08/1988,3.5
24/08/1988,0.0
25/08/1988,0.0
26/08/1988,0.0
27/08/1988,4.0
28/08/1988,0.0
29/08/1988,10.0
30/08/1988,5.5
31/08/1988,12.0
01/09/1988,1.5
02/09/1988,1.5
03/09/1988,0.0
04/09/1988,0.0
05/09/1988,76.1
06/09/1988,16.9
07/09/1988,0.0
08/09/1988,0.0
09/09/1988,9.5
10/09/1988,1.5
11/09/1988,3.0
12/09/1988,0.5
13/09/1988,7.5
14/09/1988,3.0
15/09/1988,11.5
16/09/1988,0.5
17/09/1988,10.0
18/09/1988,0.5
19/09/1988,1.0
20/09/1988,0.0
21/09/1988,0.0
22/09/1988,0.0
23/09/1988,0.0
24/09/1988,0.0
25/09/1988,6.0
26/09/1988,29.0
27/09/1988,11.5
28/09/1988,0.5
29/09/1988,0.0
30/09/1988,31.0
01/10/1988,13.5
02/10/1988,2.5
03/10/1988,0.5
04/10/1988,0.0
05/10/1988,2.5
06/10/1988,18.0
07/10/1988,16.5
08/10/1988,11.5
09/10/1988,12.0
10/10/1988,11.0
11/10/1988,0.0
12/10/1988,4.0
13/10/1988,0.5
14/10/1988,4.5
15/10/1988,0.0
16/10/1988,0.0
17/10/1988,1.5
18/10/1988,18.0
19/10/1988,18.0
20/10/1988,24.5
21/10/1988,14.5
22/10/1988,0.0
23/10/1988,0.0
24/10/1988,9.5
25/10/1988,0.5
26/10/1988,28.5
27/10/1988,34.5
28/10/1988,52.4
29/10/1988,23.6
30/10/1988,0.5
31/10/1988,0.0
01/11/1988,0.0
02/11/1988,1.0
03/11/1988,7.0
04/11/1988,89.5
05/11/1988,10.0
06/11/1988,0.0
07/11/1988,13.5
08/11/1988,62.0
09/11/1988,0.0
10/11/1988,58.8
11/11/1988,7.2
12/11/1988,0.5
13/11/1988,41.0
14/11/1988,17.5
15/11/1988,41.5
16/11/1988,8.0
17/11/1988,15.0
18/11/1988,20.5
19/11/1988,268.1
20/11/1988,231.7
21/11/1988,29.8
22/11/1988,8.9
23/11/1988,9.7
24/11/1988,34.3
25/11/1988,0.0
26/11/1988,0.0
27/11/1988,5.0
28/11/1988,7.0
29/11/1988,42.7
30/11/1988,221.1
01/12/1988,2.2
02/12/1988,10.5
03/12/1988,9.5
04/12/1988,0.5
05/12/1988,4.0
06/12/1988,0.0
07/12/1988,0.0
08/12/1988,0.0
09/12/1988,0.0
10/12/1988,0.0
11/12/1988,0.5
12/12/1988,7.0
13/12/1988,0.0
14/12/1988,9.5
15/12/1988,2.0
16/12/1988,0.5
17/12/1988,1.0
18/12/1988,0.0
19/12/1988,9.5
20/12/1988,7.4
21/12/1988,1.6
22/12/1988,2.5
23/12/1988,5.5
24/12/1988,0.0
25/12/1988,0.0
26/12/1988,0.0
27/12/1988,0.0
28/12/1988,0.0
29/12/1988,0.0
30/12/1988,0.0
31/12/1988,28.9
01/01/1989,39.6
02/01/1989,11.5
03/01/1989,5.0
04/01/1989,2.0
05/01/1989,17.0
06/01/1989,4.0
07/01/1989,0.0
08/01/1989,0.0
09/01/1989,0.0
10/01/1989,0.0
11/01/1989,22.5
12/01/1989,4.5
13/01/1989,27.6
14/01/1989,4.9
15/01/1989,3.0
16/01/1989,16.0
17/01/1989,2.5
18/01/1989,0.0
19/01/1989,0.0
20/01/1989,0.0
21/01/1989,0.0
22/01/1989,7.8
23/01/1989,19.7
24/01/1989,0.0
25/01/1989,0.0
26/01/1989,0.0
27/01/1989,0.0
28/01/1989,0.0
29/01/1989,0.0
30/01/1989,9.0
31/01/1989,16.0
01/02/1989,0.0
02/02/1989,0.0
03/02/1989,0.0
04/02/1989,0.0
05/02/1989,0.0
06/02/1989,0.0
07/02/1989,0.0
08/02/1989,0.0
09/02/1989,0.0
10/02/1989,0.0
11/02/1989,0.0
12/02/1989,0.0
13/02/1989,0.0
14/02/1989,0.0
15/02/1989,0.0
16/02/1989,0.0
17/02/1989,0.0
18/02/1989,0.0
19/02/1989,4.5
20/02/1989,0.0
21/02/1989,0.0
22/02/1989,6.0
23/02/1989,22.5
24/02/1989,1.0
25/02/1989,0.0
26/02/1989,0.0
15/03/1989,6.5
16/03/1989,31.0
17/03/1989,69.7
18/03/1989,3.3
19/03/1989,6.0
20/03/1989,0.0
21/03/1989,8.5
22/03/1989,0.0
23/03/1989,0.5
24/03/1989,0.0
25/03/1989,0.0
26/03/1989,0.0
27/03/1989,0.0
28/03/1989,0.0
29/03/1989,2.0
30/03/1989,63.0
31/03/1989,0.0
01/04/1989,0.0
02/04/1989,0.0
03/04/1989,0.0
04/04/1989,0.5
05/04/1989,0.0
06/04/1989,0.0
07/04/1989,0.0
08/04/1989,0.0
16/05/1989,34.0
17/05/1989,0.0
18/05/1989,4.8
19/05/1989,8.2
20/05/1989,0.5
21/05/1989,43.8
22/05/1989,61.2
23/05/1989,7.0
24/05/1989,25.0
25/05/1989,2.0
26/05/1989,16.0
27/05/1989,2.0
28/05/1989,5.0
29/05/1989,24.0
30/05/1989,20.0
31/05/1989,0.5
01/06/1989,0.0
02/06/1989,7.0
03/06/1989,0.0
04/06/1989,26.5
05/06/1989,2.0
06/06/1989,18.0
07/06/1989,0.0
08/06/1989,0.0
09/06/1989,31.0
10/06/1989,0.0
11/06/1989,0.0
12/06/1989,25.0
13/06/1989,9.0
14/06/1989,3.0
15/06/1989,15.5
16/06/1989,0.0
17/06/1989,0.0
18/06/1989,10.8
19/06/1989,4.2
20/06/1989,0.0
21/06/1989,0.0
22/06/1989,0.5
23/06/1989,0.0
24/06/1989,0.0
25/06/1989,36.0
26/06/1989,0.5
27/06/1989,0.5
28/06/1989,39.0
29/06/1989,0.0
30/06/1989,0.0
01/07/1989,43.5
02/07/1989,45.0
03/07/1989,7.0
04/07/1989,0.0
05/07/1989,0.0
06/07/1989,28.0
07/07/1989,5.5
08/07/1989,0.0
09/07/1989,3.5
10/07/1989,0.0
11/07/1989,0.0
12/07/1989,0.0
13/07/1989,0.0
14/07/1989,2.0
15/07/1989,8.5
16/07/1989,0.0
17/07/1989,0.0
18/07/1989,6.5
19/07/1989,0.0
20/07/1989,0.0
21/07/1989,0.0
22/07/1989,0.0
23/07/1989,0.0
24/07/1989,0.0
25/07/1989,1.0
26/07/1989,0.0
27/07/1989,0.0
28/07/1989,8.0
29/07/1989,11.0
30/07/1989,0.5
31/07/1989,0.0
01/08/1989,11.1
02/08/1989,19.9
03/08/1989,75.0
04/08/1989,72.0
05/08/1989,0.0
06/08/1989,0.0
07/08/1989,0.0
08/08/1989,14.0
09/08/1989,0.0
10/08/1989,0.5
11/08/1989,0.0
12/08/1989,0.0
13/08/1989,0.0
14/08/1989,0.0
15/08/1989,1.5
16/08/1989,40.5
17/08/1989,1.0
18/08/1989,15.0
19/08/1989,1.5
20/08/1989,0.0
21/08/1989,0.0
22/08/1989,0.0
23/08/1989,0.0
24/08/1989,56.3
25/08/1989,14.2
26/08/1989,0.0
27/08/1989,9.0
28/08/1989,5.5
29/08/1989,10.0
30/08/1989,11.0
31/08/1989,0.0
01/09/1989,0.0
02/09/1989,0.0
03/09/1989,5.5
04/09/1989,0.0
05/09/1989,0.0
06/09/1989,0.0
07/09/1989,0.0
08/09/1989,20.5
09/09/1989,14.0
10/09/1989,5.0
11/09/1989,1.5
12/09/1989,1.0
13/09/1989,0.5
14/09/1989,0.5
15/09/1989,0.0
16/09/1989,16.0
17/09/1989,14.5
18/09/1989,0.0
19/09/1989,0.0
20/09/1989,0.0
21/09/1989,0.0
22/09/1989,5.0
23/09/1989,12.0
24/09/1989,6.5
25/09/1989,9.5
26/09/1989,11.5
27/09/1989,0.0
28/09/1989,80.5
29/09/1989,8.8
30/09/1989,4.7
01/10/1989,0.0
02/10/1989,3.0
03/10/1989,0.0
04/10/1989,8.0
05/10/1989,11.5
17/10/1989,0.5
18/10/1989,5.5
19/10/1989,44.5
20/10/1989,0.0
21/10/1989,61.0
22/10/1989,0.0
23/10/1989,0.0
24/10/1989,4.0
25/10/1989,4.0
26/10/1989,10.0
27/10/1989,1.5
28/10/1989,18.5
29/10/1989,4.5
30/10/1989,0.0
31/10/1989,0.5
01/11/1989,18.0
02/11/1989,0.5
03/11/1989,0.0
04/11/1989,14.0
05/11/1989,23.0
06/11/1989,7.0
07/11/1989,6.5
08/11/1989,1.0
12/11/1989,12.0
13/11/1989,0.0
14/11/1989,1.0
15/11/1989,13.0
16/11/1989,39.0
17/11/1989,10.5
18/11/1989,5.5
19/11/1989,4.5
20/11/1989,0.0
21/11/1989,2.0
22/11/1989,0.5
23/11/1989,0.0
24/11/1989,0.0
25/11/1989,0.0
26/11/1989,0.0
27/11/1989,0.0
28/11/1989,7.0
29/11/1989,34.0
30/11/1989,38.0
01/12/1989,39.5
02/12/1989,3.0
03/12/1989,5.0
04/12/1989,0.0
05/12/1989,0.0
06/12/1989,0.0
07/12/1989,0.0
08/12/1989,0.0
09/12/1989,0.0
10/12/1989,0.0
11/12/1989,0.0
12/12/1989,2.5
13/12/1989,0.0
14/12/1989,0.5
15/12/1989,0.5
16/12/1989,0.0
17/12/1989,0.0
18/12/1989,0.0
19/12/1989,0.0
20/12/1989,2.5
21/12/1989,0.0
22/12/1989,3.5
23/12/1989,11.0
24/12/1989,65.5
25/12/1989,0.0
26/12/1989,0.0
27/12/1989,0.0
28/12/1989,22.5
29/12/1989,0.0
30/12/1989,68.0
31/12/1989,9.5
01/01/1990,0.0
02/01/1990,0.0
03/01/1990,0.0
04/01/1990,0.0
05/01/1990,0.0
06/01/1990,0.0
07/01/1990,0.0
08/01/1990,125.5
09/01/1990,0.0
10/01/1990,0.0
11/01/1990,1.5
12/01/1990,117.5
13/01/1990,109.5
14/01/1990,3.0
15/01/1990,3.0
16/01/1990,0.0
17/01/1990,0.0
18/01/1990,0.0
19/01/1990,0.0
20/01/1990,0.0
21/01/1990,1.5
22/01/1990,4.0
23/01/1990,2.0
24/01/1990,6.0
25/01/1990,0.0
26/01/1990,0.0
27/01/1990,0.0
28/01/1990,0.0
29/01/1990,0.0
30/01/1990,0.0
31/01/1990,0.0
01/02/1990,0.0
02/02/1990,8.0
03/02/1990,11.0
04/02/1990,4.5
05/02/1990,1.5
06/02/1990,7.5
07/02/1990,24.0
08/02/1990,1.0
09/02/1990,1.0
10/02/1990,0.5
11/02/1990,2.0
12/02/1990,0.0
13/02/1990,0.0
14/02/1990,0.0
15/02/1990,0.0
16/02/1990,0.0
17/02/1990,0.0
18/02/1990,0.0
19/02/1990,0.0
20/02/1990,0.0
21/02/1990,0.0
22/02/1990,0.0
23/02/1990,0.0
24/02/1990,0.0
25/02/1990,0.0
26/02/1990,0.0
27/02/1990,0.0
28/02/1990,0.0
01/03/1990,0.0
02/03/1990,0.0
03/03/1990,0.0
04/03/1990,0.0
05/03/1990,0.0
06/03/1990,0.0
07/03/1990,0.0
08/03/1990,0.0
09/03/1990,0.0
10/03/1990,0.0
11/03/1990,0.0
12/03/1990,0.0
13/03/1990,0.0
14/03/1990,0.0
15/03/1990,0.0
16/03/1990,0.0
17/03/1990,0.5
18/03/1990,0.5
19/03/1990,0.0
20/03/1990,0.0
21/03/1990,0.0
22/03/1990,0.0
23/03/1990,0.5
24/03/1990,0.0
25/03/1990,0.0
26/03/1990,0.0
27/03/1990,0.0
28/03/1990,0.0
29/03/1990,5.0
30/03/1990,0.0
31/03/1990,1.5
01/04/1990,0.5
02/04/1990,0.0
03/04/1990,0.0
04/04/1990,0.0
05/04/1990,0.0
06/04/1990,40.2
07/04/1990,14.3
08/04/1990,0.0
09/04/1990,17.5
10/04/1990,0.0
11/04/1990,34.5
12/04/1990,16.5
13/04/1990,19.0
14/04/1990,1.5
15/04/1990,0.5
16/04/1990,0.0
17/04/1990,1.4
18/04/1990,15.6
19/04/1990,0.0
20/04/1990,0.0
21/04/1990,0.5
22/04/1990,27.5
23/04/1990,0.5
24/04/1990,0.0
25/04/1990,0.0
26/04/1990,0.0
27/04/1990,1.5
28/04/1990,0.0
29/04/1990,1.5
30/04/1990,0.5
01/05/1990,0.5
02/05/1990,7.0
03/05/1990,9.6
04/05/1990,6.9
05/05/1990,0.0
06/05/1990,0.0
07/05/1990,8.5
08/05/1990,4.0
09/05/1990,0.0
10/05/1990,0.0
11/05/1990,0.0
12/05/1990,0.0
13/05/1990,0.0
14/05/1990,0.0
15/05/1990,0.0
16/05/1990,3.5
17/05/1990,65.6
18/05/1990,37.9
19/05/1990,14.5
20/05/1990,0.5
21/05/1990,1.0
22/05/1990,0.5
23/05/1990,2.5
24/05/1990,0.0
25/05/1990,0.0
26/05/1990,31.0
27/05/1990,0.0
28/05/1990,0.0
29/05/1990,0.0
30/05/1990,37.0
31/05/1990,26.5
01/06/1990,0.5
02/06/1990,0.0
03/06/1990,0.0
04/06/1990,0.0
05/06/1990,3.5
06/06/1990,0.0
07/06/1990,5.8
08/06/1990,8.7
09/06/1990,8.7
10/06/1990,8.7
11/06/1990,8.7
12/06/1990,8.7
13/06/1990,8.7
14/06/1990,8.7
15/06/1990,8.7
16/06/1990,8.7
17/06/1990,8.7
18/06/1990,7.4
19/06/1990,0.5
20/06/1990,10.5
21/06/1990,0.0
22/06/1990,0.0
23/06/1990,29.0
24/06/1990,20.0
25/06/1990,7.0
26/06/1990,28.5
27/06/1990,0.0
28/06/1990,0.0
29/06/1990,0.0
30/06/1990,56.5
01/07/1990,6.0
02/07/1990,0.0
03/07/1990,0.0
04/07/1990,0.0
05/07/1990,0.0
06/07/1990,6.5
07/07/1990,60.0
08/07/1990,0.0
09/07/1990,23.5
10/07/1990,0.0
11/07/1990,22.0
12/07/1990,9.3
13/07/1990,14.0
14/07/1990,14.0
15/07/1990,14.0
16/07/1990,14.0
17/07/1990,14.0
18/07/1990,14.0
19/07/1990,14.0
20/07/1990,14.0
21/07/1990,14.0
22/07/1990,4.7
23/07/1990,0.5
24/07/1990,4.5
25/07/1990,0.0
26/07/1990,10.0
27/07/1990,0.0
28/07/1990,0.0
29/07/1990,9.0
30/07/1990,0.0
31/07/1990,0.0
01/08/1990,0.0
02/08/1990,10.5
03/08/1990,18.0
04/08/1990,0.0
09/08/1990,43.0
10/08/1990,55.5
11/08/1990,0.0
12/08/1990,0.0
13/08/1990,0.0
14/08/1990,11.0
15/08/1990,0.0
16/08/1990,15.0
17/08/1990,0.5
18/08/1990,0.0
19/08/1990,0.0
20/08/1990,0.0
21/08/1990,0.0
22/08/1990,0.0
23/08/1990,0.0
24/08/1990,0.0
25/08/1990,0.0
26/08/1990,0.0
27/08/1990,0.0
28/08/1990,52.5
29/08/1990,28.0
30/08/1990,0.5
31/08/1990,0.5
01/09/1990,17.5
02/09/1990,0.5
03/09/1990,31.5
04/09/1990,21.5
05/09/1990,0.5
06/09/1990,8.5
07/09/1990,8.0
08/09/1990,0.5
09/09/1990,9.5
10/09/1990,44.0
11/09/1990,0.0
12/09/1990,8.5
13/09/1990,0.0
14/09/1990,0.0
15/09/1990,0.0
16/09/1990,0.5
17/09/1990,28.0
18/09/1990,22.1
19/09/1990,72.9
20/09/1990,0.0
21/09/1990,0.0
22/09/1990,8.5
23/09/1990,43.0
24/09/1990,0.0
25/09/1990,0.0
26/09/1990,1.0
27/09/1990,0.0
28/09/1990,0.0
29/09/1990,11.0
30/09/1990,48.9
01/10/1990,2.1
02/10/1990,1.5
03/10/1990,0.0
26/11/1990,1.1
27/11/1990,5.9
28/11/1990,0.0
29/11/1990,9.0
30/11/1990,4.0
01/12/1990,0.0
02/12/1990,0.5
03/12/1990,0.0
04/12/1990,22.5
05/12/1990,16.5
06/12/1990,0.0
07/12/1990,5.5
08/12/1990,9.5
09/12/1990,0.5
10/12/1990,15.0
11/12/1990,52.0
12/12/1990,89.5
13/12/1990,1.0
14/12/1990,2.5
15/12/1990,6.0
16/12/1990,20.0
17/12/1990,21.0
18/12/1990,9.5
19/12/1990,30.5
20/12/1990,0.0
21/12/1990,0.0
22/12/1990,0.0
23/12/1990,0.0
24/12/1990,0.0
25/12/1990,0.0
26/12/1990,0.0
27/12/1990,0.0
28/12/1990,4.0
29/12/1990,0.0
30/12/1990,0.0
31/12/1990,0.0
01/01/1991,17.0
02/01/1991,5.5
03/01/1991,17.0
04/01/1991,2.5
05/01/1991,0.5
06/01/1991,0.0
07/01/1991,0.5
08/01/1991,0.0
09/01/1991,3.0
10/01/1991,0.5
11/01/1991,0.0
12/01/1991,0.0
13/01/1991,117.0
14/01/1991,0.0
15/01/1991,7.5
16/01/1991,12.0
17/01/1991,5.5
18/01/1991,21.5
19/01/1991,4.5
20/01/1991,0.0
21/01/1991,0.0
22/01/1991,5.5
23/01/1991,0.0
24/01/1991,12.0
25/01/1991,53.0
26/01/1991,64.1
27/01/1991,104.9
28/01/1991,56.0
29/01/1991,0.5
30/01/1991,9.0
31/01/1991,31.5
01/02/1991,0.0
02/02/1991,0.0
03/02/1991,0.0
04/02/1991,0.0
05/02/1991,0.0
06/02/1991,0.0
07/02/1991,0.0
08/02/1991,0.0
09/02/1991,0.0
10/02/1991,0.0
11/02/1991,0.0
12/02/1991,0.0
13/02/1991,0.0
14/02/1991,0.0
15/02/1991,0.0
16/02/1991,0.0
17/02/1991,0.0
18/02/1991,0.0
19/02/1991,0.0
20/02/1991,0.0
21/02/1991,0.0
22/02/1991,8.5
23/02/1991,0.0
24/02/1991,0.5
25/02/1991,1.0
26/02/1991,13.5
27/02/1991,4.0
28/02/1991,8.5
01/03/1991,10.0
02/03/1991,0.0
03/03/1991,0.0
04/03/1991,0.0
05/03/1991,0.0
06/03/1991,0.0
07/03/1991,0.0
08/03/1991,0.0
09/03/1991,0.0
10/03/1991,0.0
11/03/1991,0.0
12/03/1991,0.0
13/03/1991,0.0
14/03/1991,0.0
15/03/1991,0.0
16/03/1991,0.0
17/03/1991,0.0
18/03/1991,10.0
19/03/1991,29.7
20/03/1991,1.8
25/03/1991,0.0
26/03/1991,0.4
27/03/1991,0.6
28/03/1991,3.5
29/03/1991,6.5
30/03/1991,4.5
31/03/1991,12.0
01/04/1991,4.5
02/04/1991,20.0
03/04/1991,15.5
04/04/1991,42.5
05/04/1991,1.0
06/04/1991,0.0
07/04/1991,0.0
08/04/1991,0.0
09/04/1991,0.0
10/04/1991,0.0
11/04/1991,0.0
12/04/1991,0.0
13/04/1991,0.0
14/04/1991,0.0
15/04/1991,0.0
16/04/1991,0.0
17/04/1991,0.0
18/04/1991,0.0
19/04/1991,0.0
20/04/1991,0.0
21/04/1991,0.0
22/04/1991,0.0
23/04/1991,0.0
28/04/1991,0.0
29/04/1991,0.0
30/04/1991,1.5
01/05/1991,4.5
02/05/1991,0.5
03/05/1991,4.0
04/05/1991,0.5
05/05/1991,17.9
06/05/1991,35.1
07/05/1991,3.5
08/05/1991,24.5
09/05/1991,0.5
10/05/1991,4.0
11/05/1991,0.0
12/05/1991,0.0
13/05/1991,0.0
14/05/1991,0.0
15/05/1991,0.5
16/05/1991,12.5
17/05/1991,0.0
18/05/1991,0.0
19/05/1991,0.0
20/05/1991,3.5
21/05/1991,0.5
22/05/1991,0.0
23/05/1991,29.5
24/05/1991,0.5
25/05/1991,4.0
26/05/1991,0.0
27/05/1991,0.0
28/05/1991,0.5
29/05/1991,0.0
30/05/1991,0.0
31/05/1991,4.5
01/06/1991,0.5
02/06/1991,0.5
03/06/1991,4.9
04/06/1991,23.1
05/06/1991,46.2
06/06/1991,0.3
07/06/1991,0.5
08/06/1991,26.5
09/06/1991,0.5
10/06/1991,0.0
11/06/1991,6.5
12/06/1991,3.5
13/06/1991,0.0
14/06/1991,0.0
15/06/1991,0.0
16/06/1991,0.0
17/06/1991,0.0
18/06/1991,0.0
19/06/1991,0.0
20/06/1991,0.0
21/06/1991,0.0
22/06/1991,0.0
30/06/1991,25.0
01/07/1991,0.0
02/07/1991,1.5
03/07/1991,0.0
04/07/1991,27.0
05/07/1991,0.0
06/07/1991,0.0
07/07/1991,19.0
08/07/1991,0.5
09/07/1991,0.0
10/07/1991,0.0
11/07/1991,0.0
12/07/1991,0.0
13/07/1991,0.0
14/07/1991,0.0
15/07/1991,0.0
16/07/1991,0.0
17/07/1991,0.0
18/07/1991,0.0
19/07/1991,0.5
20/07/1991,23.0
21/07/1991,0.5
22/07/1991,0.0
23/07/1991,0.0
24/07/1991,0.0
25/07/1991,0.0
26/07/1991,0.0
27/07/1991,0.0
28/07/1991,0.0
29/07/1991,0.0
30/07/1991,0.0
31/07/1991,0.0
01/08/1991,7.5
02/08/1991,27.0
03/08/1991,1.0
04/08/1991,0.5
05/08/1991,0.0
06/08/1991,4.5
07/08/1991,0.5
08/08/1991,22.5
09/08/1991,0.0
10/08/1991,2.0
11/08/1991,36.0
12/08/1991,1.5
13/08/1991,0.0
14/08/1991,0.0
15/08/1991,0.0
16/08/1991,0.0
17/08/1991,0.0
18/08/1991,0.5
19/08/1991,0.0
20/08/1991,0.0
21/08/1991,0.0
22/08/1991,0.5
23/08/1991,0.5
24/08/1991,0.0
25/08/1991,0.0
26/08/1991,10.0
27/08/1991,0.5
28/08/1991,9.0
29/08/1991,0.0
30/08/1991,13.5
31/08/1991,0.0
01/09/1991,0.0
02/09/1991,7.5
03/09/1991,7.5
04/09/1991,0.0
05/09/1991,0.0
06/09/1991,7.5
07/09/1991,0.0
08/09/1991,7.3
09/09/1991,3.7
10/09/1991,0.0
11/09/1991,0.5
12/09/1991,0.0
13/09/1991,0.0
14/09/1991,0.6
15/09/1991,20.4
16/09/1991,6.0
17/09/1991,6.0
18/09/1991,18.5
19/09/1991,0.0
20/09/1991,0.0
21/09/1991,1.5
22/09/1991,0.0
23/09/1991,0.0
24/09/1991,6.0
25/09/1991,6.0
26/09/1991,33.5
27/09/1991,80.9
28/09/1991,9.1
29/09/1991,0.0
30/09/1991,0.0
01/10/1991,0.0
02/10/1991,0.0
03/10/1991,0.0
04/10/1991,0.0
05/10/1991,21.0
06/10/1991,0.0
07/10/1991,0.0
08/10/1991,0.0
09/10/1991,5.5
10/10/1991,0.0
11/10/1991,10.5
12/10/1991,1.0
13/10/1991,1.5
14/10/1991,17.5
15/10/1991,0.5
16/10/1991,0.0
17/10/1991,0.0
18/10/1991,7.5
19/10/1991,0.5
20/10/1991,28.5
21/10/1991,0.0
22/10/1991,0.0
23/10/1991,0.0
24/10/1991,0.0
25/10/1991,18.0
26/10/1991,6.0
27/10/1991,0.0
28/10/1991,0.0
29/10/1991,1.5
30/10/1991,0.0
31/10/1991,0.5
01/11/1991,0.0
13/11/1991,1.0
14/11/1991,0.0
15/11/1991,69.1
16/11/1991,122.4
17/11/1991,12.0
18/11/1991,2.5
19/11/1991,49.5
20/11/1991,6.5
27/11/1991,0.0
28/11/1991,7.8
29/11/1991,21.7
30/11/1991,0.5
01/12/1991,0.0
02/12/1991,0.0
03/12/1991,0.0
04/12/1991,6.5
05/12/1991,3.0
06/12/1991,140.6
07/12/1991,82.4
08/12/1991,9.5
09/12/1991,46.0
10/12/1991,193.7
11/12/1991,76.5
12/12/1991,104.8
13/12/1991,10.5
14/12/1991,10.0
15/12/1991,2.0
16/12/1991,4.5
17/12/1991,89.5
18/12/1991,12.5
19/12/1991,23.0
20/12/1991,8.5
21/12/1991,0.0
22/12/1991,6.0
23/12/1991,41.1
24/12/1991,13.9
25/12/1991,29.0
26/12/1991,0.5
27/12/1991,0.0
28/12/1991,0.0
29/12/1991,19.1
30/12/1991,88.4
31/12/1991,14.0
01/01/1992,12.0
02/01/1992,43.4
03/01/1992,53.1
04/01/1992,3.5
05/01/1992,15.5
06/01/1992,0.5
07/01/1992,0.0
08/01/1992,0.0
09/01/1992,0.0
10/01/1992,0.0
13/01/1992,0.0
14/01/1992,6.9
15/01/1992,7.6
16/01/1992,4.5
17/01/1992,4.0
18/01/1992,3.0
19/01/1992,0.0
20/01/1992,0.0
21/01/1992,0.0
22/01/1992,18.5
23/01/1992,0.5
24/01/1992,0.0
25/01/1992,0.0
26/01/1992,0.0
27/01/1992,0.0
28/01/1992,1.0
29/01/1992,0.0
30/01/1992,0.0
31/01/1992,0.0
01/02/1992,0.0
02/02/1992,0.0
03/02/1992,0.0
04/02/1992,0.0
05/02/1992,0.0
06/02/1992,0.0
07/02/1992,0.0
08/02/1992,0.0
09/02/1992,0.0
10/02/1992,0.0
11/02/1992,0.0
12/02/1992,0.0
13/02/1992,0.0
14/02/1992,0.0
15/02/1992,0.0
16/02/1992,8.5
17/02/1992,29.0
18/02/1992,0.5
19/02/1992,6.5
20/02/1992,0.0
21/02/1992,0.0
22/02/1992,0.0
23/02/1992,6.2
24/02/1992,9.3
25/02/1992,3.5
26/02/1992,0.0
27/02/1992,0.0
28/02/1992,1.5
29/02/1992,16.5
01/03/1992,0.0
02/03/1992,23.0
03/03/1992,0.0
04/03/1992,44.0
05/03/1992,27.5
06/03/1992,0.5
07/03/1992,21.5
08/03/1992,0.0
09/03/1992,0.0
10/03/1992,0.0
11/03/1992,0.0
12/03/1992,0.0
13/03/1992,0.0
14/03/1992,0.0
15/03/1992,0.0
16/03/1992,0.0
17/03/1992,0.0
18/03/1992,0.0
19/03/1992,0.0
20/03/1992,0.0
21/03/1992,0.0
22/03/1992,0.0
23/03/1992,0.0
24/03/1992,1.0
25/03/1992,0.0
26/03/1992,0.0
27/03/1992,0.0
28/03/1992,0.0
29/03/1992,0.0
30/03/1992,0.0
31/03/1992,0.0
01/04/1992,0.0
02/04/1992,0.0
03/04/1992,0.0
04/04/1992,0.0
05/04/1992,31.5
06/04/1992,4.5
07/04/1992,0.0
08/04/1992,0.0
09/04/1992,0.0
10/04/1992,0.0
11/04/1992,0.0
12/04/1992,0.0
13/04/1992,0.0
26/04/1992,2.5
27/04/1992,0.0
28/04/1992,0.0
29/04/1992,0.0
30/04/1992,0.0
01/05/1992,0.0
02/05/1992,0.0
03/05/1992,7.5
04/05/1992,0.0
05/05/1992,13.0
06/05/1992,7.5
07/05/1992,0.0
08/05/1992,0.5
09/05/1992,5.5
10/05/1992,13.5
11/05/1992,0.0
12/05/1992,0.0
13/05/1992,19.5
14/05/1992,0.0
15/05/1992,0.5
16/05/1992,19.5
17/05/1992,7.5
18/05/1992,0.0
19/05/1992,26.0
20/05/1992,0.5
21/05/1992,0.0
22/05/1992,0.0
23/05/1992,4.0
24/05/1992,0.0
25/05/1992,0.0
26/05/1992,0.0
27/05/1992,0.0
28/05/1992,0.0
29/05/1992,0.0
30/05/1992,0.0
31/05/1992,0.5
01/06/1992,0.0
02/06/1992,0.0
03/06/1992,0.0
04/06/1992,0.0
05/06/1992,0.0
06/06/1992,0.0
07/06/1992,0.0
08/06/1992,0.0
16/06/1992,0.0
17/06/1992,0.0
18/06/1992,0.0
19/06/1992,0.0
20/06/1992,0.0
21/06/1992,0.0
22/06/1992,0.0
23/06/1992,0.0
24/06/1992,0.0
25/06/1992,0.0
26/06/1992,0.0
27/06/1992,0.0
28/06/1992,0.0
29/06/1992,0.0
30/06/1992,0.0
01/07/1992,0.0
02/07/1992,0.0
03/07/1992,0.0
04/07/1992,0.0
05/07/1992,0.0
06/07/1992,0.0
07/07/1992,0.0
08/07/1992,0.0
09/07/1992,0.0
10/07/1992,0.0
11/07/1992,0.0
12/07/1992,0.0
13/07/1992,0.0
14/07/1992,0.0
15/07/1992,20.0
16/07/1992,0.0
17/07/1992,0.0
22/07/1992,0.0
23/07/1992,0.0
24/07/1992,0.0
25/07/1992,4.5
26/07/1992,70.5
27/07/1992,71.4
28/07/1992,6.6
29/07/1992,0.5
30/07/1992,0.0
31/07/1992,0.0
01/08/1992,0.0
02/08/1992,0.0
03/08/1992,13.0
04/08/1992,0.0
05/08/1992,0.0
06/08/1992,0.0
07/08/1992,25.5
08/08/1992,0.5
09/08/1992,1.5
10/08/1992,32.5
11/08/1992,0.0
12/08/1992,5.0
13/08/1992,18.5
14/08/1992,0.0
15/08/1992,34.0
16/08/1992,20.5
17/08/1992,10.0
18/08/1992,0.0
19/08/1992,0.0
20/08/1992,0.0
21/08/1992,17.5
22/08/1992,0.0
23/08/1992,0.0
24/08/1992,59.5
25/08/1992,14.5
26/08/1992,15.0
27/08/1992,3.5
28/08/1992,8.0
29/08/1992,0.5
30/08/1992,0.0
31/08/1992,0.0
01/09/1992,1.5
02/09/1992,0.0
03/09/1992,26.5
04/09/1992,13.0
05/09/1992,0.0
06/09/1992,1.5
07/09/1992,0.5
08/09/1992,40.5
09/09/1992,2.0
10/09/1992,23.0
11/09/1992,0.5
12/09/1992,0.0
13/09/1992,44.0
14/09/1992,13.0
15/09/1992,7.5
16/09/1992,2.5
17/09/1992,1.0
18/09/1992,40.5
19/09/1992,2.0
20/09/1992,13.0
21/09/1992,0.5
22/09/1992,0.0
23/09/1992,4.0
24/09/1992,0.5
25/09/1992,0.0
26/09/1992,0.5
27/09/1992,18.0
28/09/1992,7.0
29/09/1992,0.0
30/09/1992,0.0
01/10/1992,0.5
02/10/1992,6.5
03/10/1992,1.5
04/10/1992,0.0
05/10/1992,14.5
06/10/1992,4.0
07/10/1992,17.0
08/10/1992,77.5
09/10/1992,0.0
10/10/1992,35.0
11/10/1992,20.0
12/10/1992,0.5
13/10/1992,0.0
14/10/1992,64.0
15/10/1992,6.5
16/10/1992,0.0
17/10/1992,0.0
18/10/1992,22.5
19/10/1992,73.5
20/10/1992,12.0
21/10/1992,0.0
22/10/1992,1.0
23/10/1992,5.0
24/10/1992,8.5
25/10/1992,0.5
26/10/1992,1.0
27/10/1992,0.5
28/10/1992,0.0
29/10/1992,0.0
30/10/1992,8.5
31/10/1992,43.0
01/11/1992,2.0
02/11/1992,0.0
03/11/1992,5.0
04/11/1992,0.4
05/11/1992,0.1
06/11/1992,11.5
07/11/1992,2.5
08/11/1992,40.0
09/11/1992,59.5
10/11/1992,7.5
11/11/1992,56.0
12/11/1992,14.0
13/11/1992,4.0
14/11/1992,5.5
15/11/1992,10.5
16/11/1992,189.5
17/11/1992,12.0
18/11/1992,92.0
19/11/1992,11.5
20/11/1992,3.5
21/11/1992,216.5
22/11/1992,68.0
23/11/1992,5.0
24/11/1992,0.5
25/11/1992,4.0
26/11/1992,0.0
27/11/1992,4.0
28/11/1992,6.0
29/11/1992,15.5
30/11/1992,0.5
01/12/1992,0.0
02/12/1992,0.0
03/12/1992,0.5
04/12/1992,6.7
05/12/1992,42.3
06/12/1992,40.5
07/12/1992,102.1
08/12/1992,33.9
09/12/1992,108.6
10/12/1992,17.4
11/12/1992,1.6
12/12/1992,8.5
13/12/1992,0.0
14/12/1992,0.0
15/12/1992,0.0
16/12/1992,0.0
17/12/1992,1.0
18/12/1992,1.0
19/12/1992,18.0
20/12/1992,31.0
21/12/1992,0.0
22/12/1992,8.0
23/12/1992,85.0
24/12/1992,133.5
25/12/1992,70.5
26/12/1992,9.5
27/12/1992,7.0
28/12/1992,0.5
29/12/1992,11.5
30/12/1992,5.5
31/12/1992,4.0
01/01/1993,18.0
02/01/1993,0.0
03/01/1993,34.5
04/01/1993,9.0
05/01/1993,33.5
06/01/1993,2.0
07/01/1993,0.0
08/01/1993,3.5
09/01/1993,11.0
10/01/1993,2.5
11/01/1993,0.5
12/01/1993,0.5
13/01/1993,0.0
14/01/1993,12.5
15/01/1993,0.5
16/01/1993,4.0
17/01/1993,18.0
18/01/1993,4.5
19/01/1993,8.5
20/01/1993,21.0
21/01/1993,12.0
22/01/1993,39.0
23/01/1993,0.0
24/01/1993,0.0
25/01/1993,0.0
26/01/1993,0.0
27/01/1993,1.5
28/01/1993,7.5
29/01/1993,6.0
30/01/1993,1.0
31/01/1993,0.0
01/02/1993,2.0
02/02/1993,17.5
03/02/1993,1.0
04/02/1993,0.0
05/02/1993,0.0
06/02/1993,0.0
07/02/1993,0.0
08/02/1993,0.0
09/02/1993,0.0
10/02/1993,31.8
11/02/1993,1.7
12/02/1993,0.0
13/02/1993,0.0
14/02/1993,0.0
15/02/1993,0.0
16/02/1993,1.0
17/02/1993,0.0
18/02/1993,0.0
19/02/1993,0.0
20/02/1993,0.0
21/02/1993,0.0
22/02/1993,0.0
23/02/1993,0.0
24/02/1993,0.0
25/02/1993,4.5
26/02/1993,15.0
27/02/1993,18.5
28/02/1993,0.5
01/03/1993,17.0
02/03/1993,35.0
03/03/1993,0.0
04/03/1993,0.0
05/03/1993,0.0
06/03/1993,0.0
07/03/1993,8.5
08/03/1993,12.0
09/03/1993,6.0
10/03/1993,30.5
11/03/1993,79.5
12/03/1993,29.5
13/03/1993,55.0
14/03/1993,11.0
15/03/1993,48.0
16/03/1993,5.5
17/03/1993,0.0
18/03/1993,0.0
19/03/1993,0.0
20/03/1993,4.0
21/03/1993,1.0
22/03/1993,0.0
23/03/1993,0.0
24/03/1993,0.5
25/03/1993,0.0
26/03/1993,0.0
27/03/1993,0.0
28/03/1993,0.0
11/04/1993,1.5
12/04/1993,3.5
13/04/1993,2.5
14/04/1993,8.0
15/04/1993,0.0
16/04/1993,12.0
17/04/1993,30.5
18/04/1993,31.5
19/04/1993,57.0
20/04/1993,0.0
21/04/1993,1.0
22/04/1993,0.5
23/04/1993,9.0
24/04/1993,0.0
25/04/1993,0.0
26/04/1993,0.0
27/04/1993,0.0
28/04/1993,0.0
29/04/1993,0.0
30/04/1993,0.0
01/05/1993,0.0
02/05/1993,0.0
03/05/1993,0.0
04/05/1993,0.0
05/05/1993,0.0
06/05/1993,0.0
07/05/1993,0.0
08/05/1993,0.0
09/05/1993,18.0
10/05/1993,0.0
11/05/1993,0.0
12/05/1993,0.0
13/05/1993,0.0
14/05/1993,0.0
15/05/1993,0.0
16/05/1993,0.0
17/05/1993,23.0
18/05/1993,89.5
19/05/1993,2.2
20/05/1993,1.3
21/05/1993,0.0
22/05/1993,0.0
23/05/1993,0.0
24/05/1993,0.0
25/05/1993,2.5
26/05/1993,0.5
27/05/1993,0.0
28/05/1993,0.0
29/05/1993,0.0
30/05/1993,0.0
31/05/1993,0.0
01/06/1993,34.5
02/06/1993,4.5
03/06/1993,1.9
04/06/1993,48.1
05/06/1993,0.0
06/06/1993,0.0
07/06/1993,20.0
08/06/1993,0.0
09/06/1993,10.0
10/06/1993,0.5
11/06/1993,0.0
12/06/1993,0.0
13/06/1993,50.5
14/06/1993,14.5
06/07/1993,0.0
07/07/1993,0.0
08/07/1993,18.5
09/07/1993,0.5
10/07/1993,0.0
11/07/1993,0.0
12/07/1993,0.9
13/07/1993,0.6
14/07/1993,0.0
15/07/1993,0.0
16/07/1993,0.0
17/07/1993,0.0
18/07/1993,0.0
19/07/1993,26.5
20/07/1993,1.0
21/07/1993,3.0
22/07/1993,0.5
23/07/1993,0.0
24/07/1993,23.0
25/07/1993,0.5
26/07/1993,1.0
27/07/1993,0.0
28/07/1993,0.0
29/07/1993,0.0
30/07/1993,0.5
31/07/1993,0.0
01/08/1993,0.0
02/08/1993,17.0
03/08/1993,3.0
04/08/1993,0.0
05/08/1993,0.0
06/08/1993,0.0
07/08/1993,4.0
08/08/1993,1.5
09/08/1993,0.0
10/08/1993,0.0
11/08/1993,13.0
12/08/1993,0.0
13/08/1993,0.0
14/08/1993,0.0
15/08/1993,6.5
16/08/1993,0.0
10/09/1993,0.0
11/09/1993,0.0
12/09/1993,42.5
13/09/1993,10.0
14/09/1993,0.0
15/09/1993,1.1
16/09/1993,17.9
17/09/1993,1.0
18/09/1993,0.0
19/09/1993,0.0
20/09/1993,0.0
21/09/1993,0.0
22/09/1993,0.0
23/09/1993,20.5
24/09/1993,1.5
25/09/1993,0.0
26/09/1993,7.5
27/09/1993,76.5
28/09/1993,4.6
29/09/1993,2.9
30/09/1993,0.0
01/10/1993,0.0
02/10/1993,27.5
03/10/1993,4.0
04/10/1993,11.5
05/10/1993,4.5
06/10/1993,0.0
07/10/1993,0.0
08/10/1993,0.0
09/10/1993,58.8
10/10/1993,53.7
11/10/1993,2.0
12/10/1993,44.5
13/10/1993,0.5
14/10/1993,19.5
15/10/1993,13.5
16/10/1993,0.0
17/10/1993,9.5
18/10/1993,1.5
19/10/1993,7.5
20/10/1993,4.5
21/10/1993,0.0
22/10/1993,2.5
23/10/1993,6.0
24/10/1993,6.5
25/10/1993,0.0
26/10/1993,46.5
27/10/1993,10.0
28/10/1993,38.0
29/10/1993,12.0
30/10/1993,16.0
31/10/1993,103.0
01/11/1993,6.5
02/11/1993,78.5
03/11/1993,58.0
04/11/1993,136.0
05/11/1993,1.0
06/11/1993,1.0
07/11/1993,6.0
08/11/1993,42.5
09/11/1993,10.5
10/11/1993,0.5
11/11/1993,0.5
12/11/1993,6.0
13/11/1993,0.0
14/11/1993,45.5
15/11/1993,1.5
16/11/1993,0.0
17/11/1993,0.0
18/11/1993,0.0
19/11/1993,0.5
20/11/1993,0.0
21/11/1993,4.0
22/11/1993,4.5
23/11/1993,47.5
24/11/1993,37.0
25/11/1993,53.5
26/11/1993,6.5
27/11/1993,0.0
28/11/1993,26.2
29/11/1993,6.0
30/11/1993,71.3
01/12/1993,10.5
02/12/1993,15.5
03/12/1993,1.5
04/12/1993,0.5
05/12/1993,1.0
06/12/1993,0.0
07/12/1993,66.5
08/12/1993,0.0
09/12/1993,0.0
10/12/1993,0.0
11/12/1993,0.0
12/12/1993,0.0
13/12/1993,0.0
14/12/1993,0.0
15/12/1993,7.5
16/12/1993,8.0
17/12/1993,107.5
18/12/1993,28.5
19/12/1993,2.5
20/12/1993,31.5
21/12/1993,137.0
22/12/1993,80.7
23/12/1993,33.3
24/12/1993,13.0
25/12/1993,14.0
26/12/1993,0.5
05/01/1994,0.0
06/01/1994,54.0
07/01/1994,0.0
08/01/1994,0.0
09/01/1994,0.0
10/01/1994,0.0
11/01/1994,7.0
12/01/1994,0.0
13/01/1994,0.0
14/01/1994,0.0
15/01/1994,0.0
16/01/1994,0.0
17/01/1994,0.0
18/01/1994,0.0
19/01/1994,0.0
20/01/1994,0.0
21/01/1994,0.0
22/01/1994,0.0
23/01/1994,1.5
24/01/1994,0.0
25/01/1994,0.0
26/01/1994,0.0
27/01/1994,2.0
28/01/1994,11.0
29/01/1994,0.0
30/01/1994,11.5
31/01/1994,80.0
01/02/1994,0.0
02/02/1994,0.0
03/02/1994,5.5
04/02/1994,0.5
05/02/1994,12.5
06/02/1994,13.0
07/02/1994,12.0
08/02/1994,2.0
09/02/1994,0.0
10/02/1994,0.0
11/02/1994,0.0
12/02/1994,0.0
13/02/1994,0.0
14/02/1994,0.9
15/02/1994,2.6
16/02/1994,0.0
17/02/1994,3.0
18/02/1994,0.0
19/02/1994,0.0
20/02/1994,0.0
21/02/1994,0.0
22/02/1994,0.0
23/02/1994,0.0
24/02/1994,0.0
25/02/1994,0.0
26/02/1994,0.0
27/02/1994,0.0
28/02/1994,28.0
01/03/1994,9.0
02/03/1994,0.0
03/03/1994,5.5
04/03/1994,1.0
05/03/1994,41.8
06/03/1994,26.7
07/03/1994,6.0
08/03/1994,7.0
09/03/1994,0.4
10/03/1994,9.1
11/03/1994,1.0
12/03/1994,0.4
13/03/1994,22.6
14/03/1994,0.0
15/03/1994,13.5
16/03/1994,55.0
17/03/1994,17.0
18/03/1994,29.0
19/03/1994,7.0
20/03/1994,5.0
21/03/1994,15.5
22/03/1994,2.0
23/03/1994,0.0
24/03/1994,24.5
25/03/1994,23.5
26/03/1994,21.6
27/03/1994,52.4
28/03/1994,20.3
29/03/1994,10.2
30/03/1994,0.0
31/03/1994,0.0
01/04/1994,0.0
02/04/1994,0.0
03/04/1994,6.0
04/04/1994,0.0
05/04/1994,0.0
06/04/1994,0.0
07/04/1994,0.0
08/04/1994,0.0
09/04/1994,0.0
10/04/1994,0.8
11/04/1994,0.2
12/04/1994,0.0
13/04/1994,0.0
14/04/1994,0.0
15/04/1994,0.0
16/04/1994,5.0
17/04/1994,0.0
18/04/1994,7.0
19/04/1994,2.0
20/04/1994,0.5
21/04/1994,0.0
22/04/1994,12.0
23/04/1994,8.0
24/04/1994,0.0
25/04/1994,5.0
26/04/1994,3.5
27/04/1994,7.4
28/04/1994,2.6
29/04/1994,0.0
30/04/1994,0.0
01/05/1994,0.0
02/05/1994,3.5
03/05/1994,7.0
04/05/1994,1.0
05/05/1994,15.5
06/05/1994,6.0
07/05/1994,124.0
08/05/1994,28.0
09/05/1994,13.5
10/05/1994,1.5
11/05/1994,25.5
12/05/1994,42.0
13/05/1994,29.0
14/05/1994,2.0
15/05/1994,65.0
16/05/1994,1.0
17/05/1994,2.5
18/05/1994,4.5
19/05/1994,6.5
20/05/1994,0.0
21/05/1994,1.0
22/05/1994,27.0
23/05/1994,36.5
24/05/1994,44.5
25/05/1994,40.5
26/05/1994,0.0
27/05/1994,2.5
28/05/1994,0.0
29/05/1994,0.0
30/05/1994,0.0
31/05/1994,0.0
01/06/1994,0.0
02/06/1994,33.0
03/06/1994,6.0
04/06/1994,0.0
05/06/1994,0.0
06/06/1994,5.5
07/06/1994,4.0
08/06/1994,0.0
09/06/1994,15.5
10/06/1994,1.5
11/06/1994,18.0
12/06/1994,2.0
13/06/1994,7.5
14/06/1994,17.0
15/06/1994,1.0
16/06/1994,0.0
17/06/1994,4.5
18/06/1994,0.0
19/06/1994,10.5
20/06/1994,0.3
21/06/1994,6.5
22/06/1994,22.1
23/06/1994,6.0
24/06/1994,0.0
25/06/1994,3.0
26/06/1994,0.0
27/06/1994,47.5
28/06/1994,30.0
29/06/1994,0.5
30/06/1994,0.0
01/07/1994,0.0
02/07/1994,0.0
03/07/1994,0.0
04/07/1994,0.0
05/07/1994,20.5
06/07/1994,0.5
07/07/1994,0.0
08/07/1994,0.9
09/07/1994,7.4
10/07/1994,0.7
11/07/1994,0.0
12/07/1994,1.0
13/07/1994,0.0
14/07/1994,0.0
15/07/1994,0.0
16/07/1994,0.0
17/07/1994,0.0
18/07/1994,0.0
19/07/1994,0.0
20/07/1994,0.0
21/07/1994,24.0
22/07/1994,1.0
23/07/1994,0.5
24/07/1994,2.0
25/07/1994,0.5
26/07/1994,0.0
27/07/1994,0.0
28/07/1994,0.0
29/07/1994,0.0
30/07/1994,0.0
31/07/1994,0.0
01/08/1994,0.0
02/08/1994,11.0
03/08/1994,14.5
04/08/1994,21.5
05/08/1994,0.0
06/08/1994,0.0
07/08/1994,64.2
08/08/1994,1.3
09/08/1994,0.0
10/08/1994,0.0
11/08/1994,0.0
12/08/1994,0.0
13/08/1994,0.0
14/08/1994,1.0
15/08/1994,2.0
16/08/1994,6.0
17/08/1994,0.0
18/08/1994,62.0
19/08/1994,5.0
20/08/1994,17.0
21/08/1994,10.5
22/08/1994,0.0
23/08/1994,26.0
24/08/1994,1.0
25/08/1994,0.0
26/08/1994,0.0
27/08/1994,27.0
28/08/1994,0.5
29/08/1994,11.5
30/08/1994,2.5
31/08/1994,1.5
01/09/1994,1.0
02/09/1994,15.5
03/09/1994,33.5
04/09/1994,4.9
05/09/1994,8.1
06/09/1994,2.0
07/09/1994,1.0
08/09/1994,0.0
09/09/1994,8.5
10/09/1994,31.0
11/09/1994,1.5
12/09/1994,0.0
13/09/1994,1.0
14/09/1994,0.0
15/09/1994,0.5
16/09/1994,0.0
17/09/1994,0.0
18/09/1994,6.5
19/09/1994,0.0
20/09/1994,3.0
21/09/1994,0.5
22/09/1994,0.5
23/09/1994,8.5
24/09/1994,0.0
25/09/1994,0.0
26/09/1994,0.0
27/09/1994,10.0
28/09/1994,0.0
29/09/1994,4.5
30/09/1994,0.0
01/10/1994,3.0
02/10/1994,0.0
03/10/1994,0.0
04/10/1994,0.0
05/10/1994,0.0
06/10/1994,1.0
07/10/1994,0.5
08/10/1994,0.0
09/10/1994,0.0
10/10/1994,0.0
11/10/1994,0.0
12/10/1994,0.5
13/10/1994,31.5
14/10/1994,0.0
15/10/1994,0.0
16/10/1994,1.5
17/10/1994,14.0
18/10/1994,2.0
19/10/1994,0.0
20/10/1994,0.0
21/10/1994,1.0
22/10/1994,10.0
23/10/1994,2.0
24/10/1994,1.0
25/10/1994,14.0
26/10/1994,2.0
27/10/1994,0.0
28/10/1994,0.0
29/10/1994,25.0
30/10/1994,4.5
31/10/1994,26.5
01/11/1994,9.0
02/11/1994,3.0
03/11/1994,23.5
04/11/1994,3.0
05/11/1994,4.5
06/11/1994,5.0
07/11/1994,39.3
08/11/1994,226.2
09/11/1994,69.5
10/11/1994,136.7
11/11/1994,29.8
12/11/1994,13.0
13/11/1994,49.0
14/11/1994,40.0
15/11/1994,39.5
16/11/1994,43.5
17/11/1994,32.0
18/11/1994,207.5
19/11/1994,44.5
20/11/1994,12.0
21/11/1994,38.0
22/11/1994,18.5
23/11/1994,64.5
24/11/1994,4.0
25/11/1994,15.0
26/11/1994,5.5
27/11/1994,125.0
28/11/1994,2.5
29/11/1994,6.0
30/11/1994,3.0
01/12/1994,6.0
02/12/1994,0.0
03/12/1994,0.0
04/12/1994,22.5
05/12/1994,6.0
06/12/1994,11.6
07/12/1994,0.9
08/12/1994,0.0
09/12/1994,0.0
10/12/1994,0.0
11/12/1994,0.0
12/12/1994,0.0
13/12/1994,0.0
14/12/1994,0.0
15/12/1994,0.0
16/12/1994,35.0
17/12/1994,17.5
18/12/1994,27.5
19/12/1994,10.5
20/12/1994,3.0
21/12/1994,0.5
22/12/1994,11.0
23/12/1994,0.0
24/12/1994,0.0
25/12/1994,0.0
26/12/1994,0.0
27/12/1994,1.0
28/12/1994,11.5
29/12/1994,0.5
30/12/1994,0.0
31/12/1994,0.0
01/01/1995,7.0
02/01/1995,1.0
03/01/1995,0.0
04/01/1995,7.5
05/01/1995,6.9
06/01/1995,15.1
07/01/1995,1.0
08/01/1995,1.0
09/01/1995,7.5
10/01/1995,12.0
11/01/1995,10.5
12/01/1995,0.0
13/01/1995,0.0
14/01/1995,0.0
15/01/1995,1.0
16/01/1995,11.7
17/01/1995,3.3
18/01/1995,23.8
19/01/1995,49.2
20/01/1995,18.0
21/01/1995,0.5
22/01/1995,0.0
23/01/1995,0.0
24/01/1995,0.0
25/01/1995,10.0
26/01/1995,93.5
27/01/1995,1.0
28/01/1995,0.0
29/01/1995,6.0
30/01/1995,5.5
31/01/1995,3.1
01/02/1995,3.4
02/02/1995,1.0
03/02/1995,8.5
04/02/1995,20.5
05/02/1995,0.7
06/02/1995,4.8
07/02/1995,1.0
08/02/1995,0.0
09/02/1995,0.0
10/02/1995,0.0
11/02/1995,24.0
12/02/1995,0.0
13/02/1995,0.0
14/02/1995,1.0
15/02/1995,4.5
16/02/1995,0.0
17/02/1995,0.0
18/02/1995,0.0
19/02/1995,0.0
20/02/1995,0.0
21/02/1995,0.0
22/02/1995,0.0
23/02/1995,1.7
24/02/1995,2.8
25/02/1995,22.0
26/02/1995,35.1
27/02/1995,31.9
28/02/1995,0.5
01/03/1995,0.0
02/03/1995,0.0
03/03/1995,0.0
04/03/1995,0.0
05/03/1995,5.5
06/03/1995,0.5
07/03/1995,0.0
08/03/1995,0.0
09/03/1995,0.0
10/03/1995,0.0
11/03/1995,0.0
12/03/1995,0.0
13/03/1995,0.0
14/03/1995,0.0
15/03/1995,0.0
16/03/1995,0.0
17/03/1995,0.0
18/03/1995,3.0
19/03/1995,0.0
20/03/1995,27.5
21/03/1995,1.0
22/03/1995,0.0
23/03/1995,2.0
24/03/1995,7.0
25/03/1995,0.5
26/03/1995,17.5
27/03/1995,0.0
28/03/1995,0.0
29/03/1995,27.5
30/03/1995,13.5
31/03/1995,0.0
01/04/1995,0.0
02/04/1995,0.0
03/04/1995,0.0
04/04/1995,0.0
05/04/1995,4.9
06/04/1995,1.1
07/04/1995,0.0
08/04/1995,0.0
09/04/1995,0.0
10/04/1995,1.5
11/04/1995,10.0
12/04/1995,0.0
13/04/1995,0.0
14/04/1995,0.0
15/04/1995,0.0
16/04/1995,18.0
17/04/1995,0.0
18/04/1995,0.0
19/04/1995,0.0
20/04/1995,0.0
21/04/1995,0.0
22/04/1995,0.0
23/04/1995,0.0
24/04/1995,0.0
25/04/1995,1.0
26/04/1995,0.0
27/04/1995,0.0
28/04/1995,5.0
29/04/1995,0.5
30/04/1995,0.0
01/05/1995,0.0
02/05/1995,28.5
03/05/1995,0.0
04/05/1995,0.0
05/05/1995,0.0
06/05/1995,0.0
07/05/1995,29.5
08/05/1995,2.5
09/05/1995,0.0
10/05/1995,2.5
11/05/1995,9.5
12/05/1995,0.5
13/05/1995,11.0
14/05/1995,0.0
15/05/1995,0.0
16/05/1995,23.0
17/05/1995,0.0
18/05/1995,12.0
19/05/1995,0.5
20/05/1995,26.5
21/05/1995,0.0
22/05/1995,0.0
20/06/1995,5.0
21/06/1995,0.0
22/06/1995,27.0
23/06/1995,0.0
24/06/1995,0.5
25/06/1995,16.0
26/06/1995,0.5
27/06/1995,50.1
28/06/1995,6.9
29/06/1995,61.5
30/06/1995,0.0
01/07/1995,12.0
02/07/1995,4.0
03/07/1995,0.0
04/07/1995,0.0
05/07/1995,0.0
06/07/1995,6.0
07/07/1995,11.5
08/07/1995,14.0
09/07/1995,0.0
10/07/1995,0.5
11/07/1995,10.5
12/07/1995,15.5
13/07/1995,0.0
14/07/1995,0.0
15/07/1995,0.0
16/07/1995,0.0
17/07/1995,0.0
18/07/1995,53.5
19/07/1995,0.0
20/07/1995,0.0
21/07/1995,19.5
22/07/1995,13.0
23/07/1995,4.0
24/07/1995,3.5
25/07/1995,0.0
26/07/1995,0.0
27/07/1995,0.0
28/07/1995,32.5
29/07/1995,18.5
30/07/1995,3.5
31/07/1995,0.5
01/08/1995,0.0
02/08/1995,11.0
03/08/1995,0.0
04/08/1995,4.5
05/08/1995,0.0
06/08/1995,0.0
07/08/1995,31.9
08/08/1995,11.1
09/08/1995,0.0
10/08/1995,4.5
11/08/1995,1.5
12/08/1995,0.0
13/08/1995,0.0
14/08/1995,0.5
15/08/1995,1.5
16/08/1995,0.5
17/08/1995,7.5
18/08/1995,11.0
19/08/1995,67.5
20/08/1995,0.0
21/08/1995,0.0
22/08/1995,1.0
23/08/1995,0.0
24/08/1995,0.0
25/08/1995,0.0
26/08/1995,0.5
27/08/1995,0.5
28/08/1995,0.0
29/08/1995,0.0
30/08/1995,0.0
31/08/1995,0.0
01/09/1995,0.5
02/09/1995,5.0
03/09/1995,3.5
04/09/1995,37.0
05/09/1995,26.5
06/09/1995,35.5
07/09/1995,0.0
08/09/1995,0.5
09/09/1995,0.0
10/09/1995,0.5
11/09/1995,0.0
12/09/1995,0.0
13/09/1995,0.0
14/09/1995,0.5
15/09/1995,2.5
16/09/1995,11.1
17/09/1995,41.0
18/09/1995,26.4
19/09/1995,52.0
20/09/1995,11.0
21/09/1995,2.0
22/09/1995,13.0
23/09/1995,0.5
24/09/1995,2.0
25/09/1995,0.0
26/09/1995,0.0
27/09/1995,62.0
28/09/1995,0.0
29/09/1995,0.0
30/09/1995,0.0
01/10/1995,0.0
02/10/1995,20.4
03/10/1995,13.6
04/10/1995,3.0
05/10/1995,58.0
06/10/1995,1.5
07/10/1995,7.0
08/10/1995,16.5
09/10/1995,48.5
10/10/1995,0.0
11/10/1995,0.0
12/10/1995,48.5
13/10/1995,31.5
14/10/1995,7.0
15/10/1995,7.0
16/10/1995,0.0
17/10/1995,0.0
18/10/1995,0.0
19/10/1995,0.0
20/10/1995,10.5
21/10/1995,8.0
22/10/1995,3.0
23/10/1995,16.5
24/10/1995,3.5
25/10/1995,39.1
26/10/1995,75.4
27/10/1995,3.0
28/10/1995,13.0
29/10/1995,1.5
30/10/1995,0.0
31/10/1995,15.5
01/11/1995,35.0
02/11/1995,20.0
03/11/1995,23.0
04/11/1995,0.5
05/11/1995,73.5
06/11/1995,0.0
07/11/1995,3.5
08/11/1995,0.0
28/11/1995,0.0
29/11/1995,16.0
30/11/1995,1.0
01/12/1995,24.0
02/12/1995,37.0
03/12/1995,2.5
04/12/1995,31.7
05/12/1995,15.8
06/12/1995,1.0
07/12/1995,0.5
08/12/1995,1.0
09/12/1995,0.0
10/12/1995,0.0
11/12/1995,0.0
12/12/1995,0.0
13/12/1995,0.0
14/12/1995,0.0
15/12/1995,0.0
16/12/1995,0.0
17/12/1995,0.0
18/12/1995,3.0
19/12/1995,5.5
20/12/1995,11.5
21/12/1995,125.5
22/12/1995,65.0
23/12/1995,69.5
24/12/1995,20.0
25/12/1995,6.0
26/12/1995,13.9
27/12/1995,32.6
28/12/1995,36.0
29/12/1995,10.0
30/12/1995,4.0
31/12/1995,0.5
01/01/1997,0.0
02/01/1997,0.0
03/01/1997,0.0
04/01/1997,0.0
05/01/1997,0.5
06/01/1997,0.0
07/01/1997,0.0
08/01/1997,0.0
09/01/1997,0.0
10/01/1997,0.0
11/01/1997,0.0
12/01/1997,0.0
13/01/1997,0.0
14/01/1997,0.0
15/01/1997,0.0
16/01/1997,0.0
17/01/1997,0.0
18/01/1997,0.0
19/01/1997,0.0
20/01/1997,0.0
21/01/1997,0.0
22/01/1997,0.0
23/01/1997,0.0
24/01/1997,0.0
25/01/1997,0.0
26/01/1997,0.0
27/01/1997,0.0
28/01/1997,0.0
29/01/1997,0.0
30/01/1997,0.0
31/01/1997,0.0
01/02/1997,0.0
02/02/1997,0.0
03/02/1997,14.5
04/02/1997,0.0
05/02/1997,7.5
06/02/1997,0.0
07/02/1997,5.5
08/02/1997,38.0
09/02/1997,9.5
10/02/1997,0.0
11/02/1997,1.5
12/02/1997,0.0
13/02/1997,15.5
14/02/1997,0.0
15/02/1997,3.0
16/02/1997,0.0
17/02/1997,0.5
18/02/1997,0.0
19/02/1997,0.0
20/02/1997,3.0
21/02/1997,8.5
22/02/1997,8.0
23/02/1997,99.5
24/02/1997,5.5
25/02/1997,0.0
26/02/1997,0.0
27/02/1997,0.0
28/02/1997,0.0
01/03/1997,0.0
02/03/1997,0.0
03/03/1997,0.0
04/03/1997,0.0
05/03/1997,0.0
06/03/1997,0.0
07/03/1997,0.0
08/03/1997,0.0
09/03/1997,0.0
10/03/1997,0.0
11/03/1997,0.0
12/03/1997,0.0
13/03/1997,14.0
14/03/1997,0.0
15/03/1997,0.0
16/03/1997,0.0
17/03/1997,0.0
18/03/1997,0.0
19/03/1997,0.0
20/03/1997,1.5
21/03/1997,0.0
22/03/1997,0.0
23/03/1997,0.0
24/03/1997,0.0
25/03/1997,0.0
26/03/1997,0.0
27/03/1997,0.0
28/03/1997,2.0
29/03/1997,0.0
30/03/1997,0.0
31/03/1997,0.5
01/04/1997,55.0
02/04/1997,6.0
03/04/1997,0.0
04/04/1997,8.5
05/04/1997,0.0
06/04/1997,4.0
07/04/1997,0.0
08/04/1997,0.5
09/04/1997,14.5
10/04/1997,8.5
11/04/1997,1.0
12/04/1997,34.5
13/04/1997,1.0
14/04/1997,0.0
15/04/1997,0.0
16/04/1997,0.0
17/04/1997,0.0
18/04/1997,0.5
19/04/1997,0.0
20/04/1997,0.0
21/04/1997,0.0
22/04/1997,0.0
23/04/1997,0.0
24/04/1997,0.0
25/04/1997,0.5
26/04/1997,0.0
27/04/1997,1.0
28/04/1997,6.0
29/04/1997,8.5
30/04/1997,0.0
01/05/1997,0.0
07/05/1997,0.0
08/05/1997,0.0
09/05/1997,0.0
10/05/1997,4.5
11/05/1997,2.0
12/05/1997,0.0
13/05/1997,0.0
14/05/1997,16.0
15/05/1997,6.0
16/05/1997,4.0
17/05/1997,2.0
18/05/1997,1.0
19/05/1997,0.5
20/05/1997,0.5
21/05/1997,0.0
22/05/1997,0.0
23/05/1997,0.0
24/05/1997,0.0
25/05/1997,0.0
26/05/1997,0.0
27/05/1997,5.5
28/05/1997,1.0
29/05/1997,0.0
30/05/1997,0.0
31/05/1997,0.0
01/06/1997,1.5
02/06/1997,0.5
03/06/1997,0.5
04/06/1997,0.5
05/06/1997,0.0
06/06/1997,0.0
07/06/1997,0.0
08/06/1997,0.0
09/06/1997,0.0
10/06/1997,0.0
11/06/1997,0.5
12/06/1997,0.5
13/06/1997,0.0
14/06/1997,0.0
15/06/1997,0.0
16/06/1997,0.0
17/06/1997,0.0
18/06/1997,0.0
19/06/1997,0.5
20/06/1997,0.5
21/06/1997,0.5
16/07/1997,0.0
17/07/1997,4.5
18/07/1997,0.0
19/07/1997,0.0
20/07/1997,0.0
21/07/1997,9.0
04/08/1997,0.5
05/08/1997,95.0
06/08/1997,0.5
07/08/1997,0.0
08/08/1997,0.0
09/08/1997,0.0
10/08/1997,0.0
11/08/1997,1.0
12/08/1997,0.0
13/08/1997,15.5
14/08/1997,19.5
15/08/1997,11.5
16/08/1997,2.0
17/08/1997,7.0
18/08/1997,0.5
19/08/1997,0.0
20/08/1997,0.0
21/08/1997,0.0
22/08/1997,0.5
23/08/1997,3.0
24/08/1997,0.0
25/08/1997,0.0
26/08/1997,0.0
27/08/1997,0.0
28/08/1997,0.5
29/08/1997,30.5
30/08/1997,1.5
31/08/1997,0.5
01/09/1997,4.0
02/09/1997,44.0
03/09/1997,0.0
04/09/1997,3.5
05/09/1997,0.0
06/09/1997,0.0
07/09/1997,0.0
08/09/1997,0.0
09/09/1997,0.0
10/09/1997,0.0
11/09/1997,0.0
12/09/1997,0.0
13/09/1997,0.0
14/09/1997,0.5
15/09/1997,58.0
16/09/1997,0.0
17/09/1997,0.0
18/09/1997,0.0
19/09/1997,0.0
20/09/1997,2.5
21/09/1997,3.5
22/09/1997,0.0
23/09/1997,0.0
24/09/1997,0.0
25/09/1997,0.0
26/09/1997,0.0
27/09/1997,0.0
28/09/1997,53.0
29/09/1997,4.0
30/09/1997,18.0
01/10/1997,0.0
02/10/1997,0.0
03/10/1997,0.0
04/10/1997,3.5
05/10/1997,0.0
06/10/1997,3.0
07/10/1997,6.0
08/10/1997,1.5
09/10/1997,1.5
10/10/1997,0.0
11/10/1997,0.0
12/10/1997,0.0
13/10/1997,9.0
14/10/1997,2.0
15/10/1997,0.5
16/10/1997,9.0
17/10/1997,0.5
18/10/1997,0.0
19/10/1997,1.5
20/10/1997,0.0
21/10/1997,0.0
22/10/1997,3.5
23/10/1997,0.0
24/10/1997,0.0
25/10/1997,0.0
26/10/1997,0.0
27/10/1997,0.0
28/10/1997,0.0
29/10/1997,0.0
30/10/1997,7.5
31/10/1997,0.0
01/11/1997,4.7
02/11/1997,0.3
03/11/1997,0.5
04/11/1997,4.5
05/11/1997,4.0
06/11/1997,0.5
07/11/1997,41.5
08/11/1997,0.0
09/11/1997,0.0
10/11/1997,12.5
05/12/1997,14.5
06/12/1997,19.0
07/12/1997,7.5
08/12/1997,0.0
09/12/1997,0.0
10/12/1997,1.5
11/12/1997,3.5
12/12/1997,0.0
13/12/1997,0.0
14/12/1997,0.0
15/12/1997,0.0
16/12/1997,0.0
17/12/1997,0.0
18/12/1997,0.0
19/12/1997,0.0
20/12/1997,12.0
21/12/1997,0.5
22/12/1997,0.0
23/12/1997,0.0
24/12/1997,0.0
25/12/1997,4.5
26/12/1997,0.0
27/12/1997,0.0
28/12/1997,2.5
29/12/1997,70.5
30/12/1997,59.0
31/12/1997,6.5
01/01/1998,1.0
02/01/1998,38.5
03/01/1998,3.0
04/01/1998,2.5
05/01/1998,2.0
06/01/1998,26.0
07/01/1998,3.0
08/01/1998,19.5
09/01/1998,0.0
10/01/1998,0.0
11/01/1998,6.5
12/01/1998,0.0
13/01/1998,1.5
14/01/1998,0.0
15/01/1998,0.0
16/01/1998,0.0
17/01/1998,0.0
18/01/1998,0.0
19/01/1998,0.0
20/01/1998,0.0
21/01/1998,0.0
22/01/1998,0.0
23/01/1998,0.0
24/01/1998,1.0
25/01/1998,3.5
26/01/1998,0.5
27/01/1998,0.5
28/01/1998,14.5
29/01/1998,48.0
30/01/1998,14.5
31/01/1998,7.0
01/02/1998,0.5
02/02/1998,1.5
03/02/1998,7.5
04/02/1998,0.0
05/02/1998,0.0
06/02/1998,0.0
07/02/1998,0.0
08/02/1998,0.0
09/02/1998,0.0
10/02/1998,0.0
11/02/1998,0.0
12/02/1998,0.0
13/02/1998,0.0
14/02/1998,0.0
15/02/1998,0.0
16/02/1998,0.0
17/02/1998,0.0
18/02/1998,0.0
19/02/1998,0.0
20/02/1998,0.0
21/02/1998,0.0
22/02/1998,0.0
23/02/1998,0.0
24/02/1998,0.0
25/02/1998,0.0
26/02/1998,0.0
27/02/1998,0.0
28/02/1998,0.0
01/03/1998,0.0
02/03/1998,0.0
03/03/1998,38.0
04/03/1998,0.0
05/03/1998,0.0
06/03/1998,0.0
07/03/1998,3.0
08/03/1998,0.0
09/03/1998,26.5
10/03/1998,0.0
11/03/1998,0.0
12/03/1998,0.0
13/03/1998,0.0
14/03/1998,0.0
15/03/1998,0.0
16/03/1998,0.0
17/03/1998,8.0
18/03/1998,0.0
19/03/1998,0.0
20/03/1998,0.0
21/03/1998,0.0
22/03/1998,0.0
23/03/1998,0.0
24/03/1998,0.0
25/03/1998,0.0
26/03/1998,0.0
27/03/1998,1.0
28/03/1998,37.5
29/03/1998,0.0
30/03/1998,0.5
31/03/1998,6.5
01/04/1998,0.0
02/04/1998,0.0
03/04/1998,0.0
04/04/1998,0.0
05/04/1998,3.5
06/04/1998,0.5
07/04/1998,0.0
08/04/1998,0.0
09/04/1998,0.0
10/04/1998,0.0
11/04/1998,0.0
12/04/1998,0.0
13/04/1998,0.0
14/04/1998,0.0
15/04/1998,0.0
16/04/1998,0.0
17/04/1998,0.0
18/04/1998,0.0
19/04/1998,0.0
20/04/1998,0.0
21/04/1998,0.0
22/04/1998,0.0
23/04/1998,0.0
24/04/1998,0.0
25/04/1998,0.0
26/04/1998,0.0
27/04/1998,0.0
28/04/1998,0.0
29/04/1998,0.0
30/04/1998,0.0
01/05/1998,0.0
02/05/1998,0.0
03/05/1998,0.0
04/05/1998,0.0
05/05/1998,21.0
06/05/1998,9.0
07/05/1998,5.5
08/05/1998,0.0
09/05/1998,0.0
10/05/1998,48.0
11/05/1998,0.5
12/05/1998,0.5
13/05/1998,0.0
14/05/1998,7.0
15/05/1998,0.0
16/05/1998,0.0
17/05/1998,0.0
18/05/1998,0.0
19/05/1998,0.0
20/05/1998,0.0
21/05/1998,0.0
22/05/1998,0.0
23/05/1998,1.5
24/05/1998,19.0
25/05/1998,0.0
26/05/1998,24.0
27/05/1998,0.0
28/05/1998,0.0
29/05/1998,0.0
30/05/1998,0.0
31/05/1998,0.0
01/06/1998,0.0
02/06/1998,0.0
03/06/1998,0.0
04/06/1998,0.0
05/06/1998,0.0
06/06/1998,0.0
07/06/1998,84.0
08/06/1998,0.0
09/06/1998,16.8
10/06/1998,0.0
11/06/1998,0.0
12/06/1998,0.0
13/06/1998,5.7
14/06/1998,0.0
15/06/1998,2.3
16/06/1998,43.2
17/06/1998,35.8
18/06/1998,29.0
19/06/1998,25.8
20/06/1998,0.6
21/06/1998,12.0
22/06/1998,0.0
23/06/1998,10.8
24/06/1998,6.6
25/06/1998,16.1
26/06/1998,13.4
27/06/1998,12.1
28/06/1998,7.7
29/06/1998,3.9
30/06/1998,0.0
01/07/1998,0.0
02/07/1998,0.0
03/07/1998,0.0
04/07/1998,0.0
05/07/1998,17.9
06/07/1998,38.9
07/07/1998,3.0
08/07/1998,4.2
09/07/1998,25.7
10/07/1998,0.0
11/07/1998,0.6
12/07/1998,0.0
13/07/1998,0.0
14/07/1998,0.0
15/07/1998,0.0
16/07/1998,0.0
17/07/1998,0.0
18/07/1998,0.0
19/07/1998,0.0
20/07/1998,69.0
21/07/1998,0.0
22/07/1998,26.9
23/07/1998,9.2
24/07/1998,16.0
25/07/1998,0.5
26/07/1998,64.8
27/07/1998,1.1
28/07/1998,6.4
29/07/1998,1.2
30/07/1998,0.7
31/07/1998,0.0
01/08/1998,2.4
02/08/1998,6.4
03/08/1998,0.0
04/08/1998,10.8
05/08/1998,0.0
06/08/1998,0.0
07/08/1998,13.6
08/08/1998,0.0
09/08/1998,20.4
10/08/1998,0.0
11/08/1998,1.6
12/08/1998,4.0
13/08/1998,30.0
14/08/1998,10.8
15/08/1998,0.5
16/08/1998,18.5
17/08/1998,0.6
18/08/1998,6.7
19/08/1998,0.0
20/08/1998,0.0
21/08/1998,0.0
22/08/1998,0.0
23/08/1998,0.3
24/08/1998,8.5
25/08/1998,9.3
26/08/1998,4.5
27/08/1998,31.6
28/08/1998,13.5
29/08/1998,0.0
30/08/1998,0.0
31/08/1998,0.0
01/09/1998,0.0
02/09/1998,0.0
03/09/1998,0.0
04/09/1998,0.0
05/09/1998,0.0
06/09/1998,1.9
07/09/1998,0.0
08/09/1998,3.2
09/09/1998,33.9
10/09/1998,0.0
11/09/1998,0.0
12/09/1998,0.0
13/09/1998,0.0
14/09/1998,15.8
15/09/1998,3.3
16/09/1998,1.2
17/09/1998,0.0
18/09/1998,53.4
19/09/1998,0.6
20/09/1998,0.0
21/09/1998,0.0
22/09/1998,0.0
23/09/1998,0.0
24/09/1998,8.9
25/09/1998,1.6
26/09/1998,4.9
27/09/1998,1.0
28/09/1998,14.4
29/09/1998,8.2
30/09/1998,0.0
01/10/1998,10.8
02/10/1998,0.0
03/10/1998,10.2
04/10/1998,0.3
05/10/1998,8.2
06/10/1998,84.0
07/10/1998,5.0
08/10/1998,0.0
09/10/1998,0.0
10/10/1998,0.0
11/10/1998,11.7
12/10/1998,39.4
13/10/1998,0.0
14/10/1998,14.9
15/10/1998,52.2
16/10/1998,0.8
17/10/1998,0.5
18/10/1998,0.0
19/10/1998,0.0
20/10/1998,26.7
21/10/1998,6.0
22/10/1998,0.0
23/10/1998,0.6
24/10/1998,0.0
25/10/1998,58.1
26/10/1998,2.3
27/10/1998,0.0
28/10/1998,0.5
29/10/1998,12.7
30/10/1998,0.0
31/10/1998,5.3
01/11/1998,72.7
02/11/1998,118.0
03/11/1998,14.5
04/11/1998,0.0
05/11/1998,1.3
06/11/1998,1.5
07/11/1998,0.0
08/11/1998,0.0
09/11/1998,0.0
10/11/1998,4.4
11/11/1998,0.0
12/11/1998,20.7
13/11/1998,0.0
14/11/1998,4.1
15/11/1998,84.7
16/11/1998,0.5
17/11/1998,3.0
18/11/1998,6.5
19/11/1998,3.8
20/11/1998,0.0
21/11/1998,12.4
22/11/1998,0.0
23/11/1998,16.4
24/11/1998,0.0
25/11/1998,10.9
26/11/1998,34.7
27/11/1998,2.5
28/11/1998,0.8
29/11/1998,0.0
30/11/1998,0.6
01/12/1998,10.2
02/12/1998,6.0
03/12/1998,4.3
04/12/1998,19.3
05/12/1998,17.7
06/12/1998,27.0
07/12/1998,10.2
08/12/1998,41.6
09/12/1998,0.0
10/12/1998,0.0
11/12/1998,0.0
12/12/1998,9.4
13/12/1998,7.3
14/12/1998,0.7
15/12/1998,0.0
16/12/1998,5.2
17/12/1998,6.3
18/12/1998,25.9
19/12/1998,1.2
20/12/1998,7.7
21/12/1998,1.2
22/12/1998,22.4
23/12/1998,23.3
24/12/1998,3.7
25/12/1998,25.6
26/12/1998,71.5
27/12/1998,187.2
28/12/1998,62.8
29/12/1998,55.7
30/12/1998,19.8
31/12/1998,42.4
01/01/1999,28.8
02/01/1999,29.7
03/01/1999,20.9
04/01/1999,17.2
05/01/1999,0.0
06/01/1999,0.0
07/01/1999,0.0
08/01/1999,2.0
09/01/1999,4.1
10/01/1999,2.0
11/01/1999,0.0
12/01/1999,0.0
13/01/1999,0.0
14/01/1999,0.0
15/01/1999,0.7
16/01/1999,24.3
17/01/1999,11.9
18/01/1999,1.2
26/01/1999,87.4
27/01/1999,24.1
28/01/1999,44.3
29/01/1999,5.8
30/01/1999,7.4
31/01/1999,0.0
01/02/1999,0.0
02/02/1999,14.9
03/02/1999,19.6
04/02/1999,4.4
05/02/1999,0.0
06/02/1999,2.0
07/02/1999,0.0
08/02/1999,0.0
09/02/1999,0.0
10/02/1999,30.0
11/02/1999,35.6
12/02/1999,0.0
13/02/1999,105.4
14/02/1999,46.9
15/02/1999,0.7
16/02/1999,0.0
17/02/1999,0.0
18/02/1999,0.0
19/02/1999,0.0
20/02/1999,0.5
21/02/1999,0.7
22/02/1999,0.8
23/02/1999,0.0
24/02/1999,0.0
25/02/1999,3.9
26/02/1999,0.0
27/02/1999,0.0
28/02/1999,0.1
01/03/1999,12.7
02/03/1999,0.0
03/03/1999,0.0
04/03/1999,12.0
05/03/1999,32.6
06/03/1999,37.1
07/03/1999,11.4
08/03/1999,49.2
09/03/1999,15.5
10/03/1999,0.9
11/03/1999,0.0
12/03/1999,0.0
13/03/1999,0.0
14/03/1999,0.0
15/03/1999,0.0
16/03/1999,0.0
17/03/1999,0.0
18/03/1999,0.0
19/03/1999,0.0
20/03/1999,4.2
21/03/1999,5.4
22/03/1999,0.0
23/03/1999,7.7
24/03/1999,0.6
25/03/1999,3.2
26/03/1999,0.0
27/03/1999,18.8
28/03/1999,5.3
29/03/1999,0.0
30/03/1999,0.0
31/03/1999,0.0
01/04/1999,2.4
02/04/1999,0.4
03/04/1999,38.6
04/04/1999,3.4
05/04/1999,1.1
06/04/1999,0.0
07/04/1999,7.4
08/04/1999,0.0
09/04/1999,41.5
10/04/1999,19.1
11/04/1999,26.0
12/04/1999,14.5
13/04/1999,1.4
14/04/1999,0.0
15/04/1999,0.0
16/04/1999,62.3
17/04/1999,19.7
18/04/1999,62.2
19/04/1999,2.0
20/04/1999,43.7
21/04/1999,31.8
22/04/1999,3.3
23/04/1999,0.0
24/04/1999,21.4
25/04/1999,0.6
26/04/1999,0.0
27/04/1999,0.0
28/04/1999,0.0
29/04/1999,0.0
30/04/1999,0.0
01/05/1999,0.0
02/05/1999,0.0
03/05/1999,0.0
04/05/1999,0.0
05/05/1999,0.0
06/05/1999,1.0
07/05/1999,0.0
08/05/1999,1.6
09/05/1999,0.4
10/05/1999,18.8
11/05/1999,5.7
12/05/1999,0.7
13/05/1999,0.0
14/05/1999,0.0
15/05/1999,53.6
16/05/1999,2.0
17/05/1999,0.6
18/05/1999,2.7
19/05/1999,35.0
20/05/1999,22.6
21/05/1999,10.2
22/05/1999,0.0
23/05/1999,0.0
24/05/1999,0.0
25/05/1999,36.0
26/05/1999,13.4
27/05/1999,69.6
28/05/1999,23.7
29/05/1999,9.5
30/05/1999,0.0
31/05/1999,0.0
01/06/1999,0.0
02/06/1999,0.0
03/06/1999,0.0
04/06/1999,0.0
05/06/1999,0.0
06/06/1999,0.0
07/06/1999,0.0
08/06/1999,0.5
09/06/1999,0.0
10/06/1999,0.0
11/06/1999,0.0
12/06/1999,2.0
13/06/1999,0.0
14/06/1999,0.0
15/06/1999,0.3
16/06/1999,11.6
17/06/1999,0.2
18/06/1999,0.0
19/06/1999,23.5
20/06/1999,16.7
21/06/1999,0.0
22/06/1999,2.5
23/06/1999,49.0
24/06/1999,0.0
25/06/1999,0.0
26/06/1999,13.7
27/06/1999,0.5
28/06/1999,15.8
29/06/1999,1.5
30/06/1999,0.0
01/07/1999,0.0
02/07/1999,27.7
03/07/1999,7.1
04/07/1999,0.0
05/07/1999,0.0
06/07/1999,0.0
07/07/1999,0.3
08/07/1999,0.0
09/07/1999,0.0
10/07/1999,0.0
11/07/1999,45.9
12/07/1999,0.0
13/07/1999,0.0
14/07/1999,0.0
15/07/1999,0.0
16/07/1999,0.0
17/07/1999,9.2
18/07/1999,10.4
19/07/1999,0.0
20/07/1999,0.0
21/07/1999,0.0
22/07/1999,0.0
23/07/1999,0.0
24/07/1999,0.0
25/07/1999,0.0
26/07/1999,0.0
27/07/1999,0.0
28/07/1999,0.0
29/07/1999,0.5
30/07/1999,0.0
31/07/1999,8.9
01/08/1999,0.3
02/08/1999,0.0
03/08/1999,38.8
04/08/1999,0.7
05/08/1999,7.8
06/08/1999,9.2
07/08/1999,0.5
08/08/1999,0.0
09/08/1999,2.2
10/08/1999,2.0
11/08/1999,0.0
12/08/1999,16.9
13/08/1999,3.1
14/08/1999,69.8
15/08/1999,14.7
16/08/1999,1.8
17/08/1999,29.2
18/08/1999,3.6
19/08/1999,0.0
20/08/1999,8.3
21/08/1999,3.2
22/08/1999,37.2
23/08/1999,0.6
24/08/1999,0.0
25/08/1999,7.7
26/08/1999,5.6
27/08/1999,0.0
28/08/1999,35.3
29/08/1999,0.5
30/08/1999,5.4
31/08/1999,15.7
01/09/1999,10.6
02/09/1999,0.0
03/09/1999,11.0
04/09/1999,45.1
05/09/1999,0.0
06/09/1999,0.0
07/09/1999,1.8
08/09/1999,0.0
09/09/1999,14.9
10/09/1999,14.8
11/09/1999,1.4
12/09/1999,0.0
13/09/1999,1.0
14/09/1999,4.6
15/09/1999,0.0
16/09/1999,6.6
17/09/1999,23.9
18/09/1999,45.1
19/09/1999,0.0
20/09/1999,0.0
21/09/1999,0.0
22/09/1999,0.0
23/09/1999,47.2
24/09/1999,0.0
25/09/1999,1.3
26/09/1999,33.6
27/09/1999,3.1
28/09/1999,0.5
29/09/1999,3.2
30/09/1999,0.0
01/10/1999,36.5
02/10/1999,0.0
03/10/1999,2.5
04/10/1999,17.6
05/10/1999,0.6
06/10/1999,6.5
07/10/1999,0.0
08/10/1999,1.4
09/10/1999,14.0
10/10/1999,0.0
11/10/1999,10.1
12/10/1999,11.8
13/10/1999,23.8
14/10/1999,0.6
15/10/1999,0.3
16/10/1999,0.0
17/10/1999,9.7
18/10/1999,8.9
19/10/1999,61.1
20/10/1999,3.4
21/10/1999,0.0
22/10/1999,23.0
23/10/1999,0.4
24/10/1999,0.0
25/10/1999,0.0
26/10/1999,0.4
27/10/1999,11.3
28/10/1999,1.1
29/10/1999,40.6
30/10/1999,13.9
31/10/1999,0.0
01/11/1999,0.8
02/11/1999,24.5
03/11/1999,0.4
04/11/1999,23.1
05/11/1999,0.4
06/11/1999,3.3
07/11/1999,1.5
08/11/1999,3.3
09/11/1999,0.6
10/11/1999,0.0
11/11/1999,22.9
12/11/1999,17.5
13/11/1999,4.1
14/11/1999,0.0
15/11/1999,1.3
16/11/1999,0.0
17/11/1999,29.5
18/11/1999,11.6
19/11/1999,8.4
20/11/1999,4.5
21/11/1999,10.2
22/11/1999,4.3
23/11/1999,0.0
24/11/1999,0.4
25/11/1999,3.4
26/11/1999,0.0
27/11/1999,0.5
28/11/1999,0.0
29/11/1999,0.0
30/11/1999,16.1
01/12/1999,12.5
02/12/1999,0.9
03/12/1999,0.6
04/12/1999,0.0
05/12/1999,10.4
06/12/1999,59.9
07/12/1999,3.8
08/12/1999,3.9
09/12/1999,0.0
10/12/1999,0.0
11/12/1999,0.0
12/12/1999,11.5
13/12/1999,3.7
14/12/1999,13.0
15/12/1999,0.4
16/12/1999,2.3
17/12/1999,5.6
18/12/1999,0.0
19/12/1999,0.0
20/12/1999,23.9
21/12/1999,25.6
22/12/1999,19.5
23/12/1999,30.5
24/12/1999,3.1
25/12/1999,0.0
26/12/1999,0.0
27/12/1999,0.0
28/12/1999,1.4
29/12/1999,2.1
30/12/1999,4.3
31/12/1999,11.4
01/01/2000,16.4
02/01/2000,8.1
03/01/2000,16.1
04/01/2000,12.1
05/01/2000,10.5
06/01/2000,1.2
07/01/2000,0.0
08/01/2000,0.5
09/01/2000,0.0
10/01/2000,1.6
11/01/2000,0.8
12/01/2000,0.0
13/01/2000,19.0
14/01/2000,0.0
15/01/2000,0.0
16/01/2000,0.0
17/01/2000,0.3
18/01/2000,31.0
19/01/2000,1.8
20/01/2000,0.0
21/01/2000,0.0
22/01/2000,0.0
23/01/2000,5.3
24/01/2000,0.0
25/01/2000,0.7
26/01/2000,1.6
27/01/2000,0.0
28/01/2000,9.6
29/01/2000,3.1
30/01/2000,21.4
31/01/2000,5.2
01/02/2000,11.8
02/02/2000,0.0
03/02/2000,0.0
04/02/2000,0.0
05/02/2000,0.0
06/02/2000,0.0
07/02/2000,0.0
08/02/2000,1.2
09/02/2000,1.1
10/02/2000,14.9
11/02/2000,0.0
12/02/2000,0.0
13/02/2000,4.2
14/02/2000,1.1
15/02/2000,4.0
16/02/2000,1.4
17/02/2000,3.7
18/02/2000,1.5
19/02/2000,36.3
20/02/2000,0.0
21/02/2000,12.5
22/02/2000,0.0
23/02/2000,0.0
24/02/2000,0.0
25/02/2000,4.5
26/02/2000,5.0
27/02/2000,28.9
28/02/2000,59.4
29/02/2000,82.6
01/03/2000,8.2
02/03/2000,3.1
03/03/2000,0.4
04/03/2000,0.0
05/03/2000,1.0
06/03/2000,0.6
07/03/2000,19.8
08/03/2000,0.0
09/03/2000,0.0
10/03/2000,0.0
11/03/2000,0.0
12/03/2000,63.3
13/03/2000,0.0
14/03/2000,0.0
15/03/2000,0.0
16/03/2000,0.0
17/03/2000,0.0
18/03/2000,0.0
19/03/2000,0.0
20/03/2000,0.0
21/03/2000,0.0
22/03/2000,0.0
23/03/2000,0.0
24/03/2000,15.0
25/03/2000,4.0
26/03/2000,124.6
27/03/2000,4.4
28/03/2000,10.2
29/03/2000,11.8
30/03/2000,0.0
31/03/2000,1.5
01/04/2000,2.7
02/04/2000,0.6
03/04/2000,1.0
04/04/2000,0.0
05/04/2000,0.0
06/04/2000,0.0
07/04/2000,0.0
08/04/2000,1.6
09/04/2000,5.8
10/04/2000,5.6
11/04/2000,39.4
12/04/2000,2.4
13/04/2000,1.6
14/04/2000,0.0
15/04/2000,0.0
16/04/2000,39.9
17/04/2000,44.8
18/04/2000,0.0
19/04/2000,0.0
20/04/2000,28.9
21/04/2000,0.9
22/04/2000,20.3
23/04/2000,0.6
24/04/2000,0.7
25/04/2000,0.0
26/04/2000,7.3
27/04/2000,0.0
28/04/2000,10.2
29/04/2000,0.8
30/04/2000,0.0
01/05/2000,48.2
02/05/2000,0.6
03/05/2000,13.9
04/05/2000,23.6
05/05/2000,83.1
06/05/2000,8.4
07/05/2000,6.8
08/05/2000,54.7
09/05/2000,0.0
10/05/2000,10.3
11/05/2000,0.0
12/05/2000,0.0
13/05/2000,13.5
14/05/2000,1.3
15/05/2000,1.1
16/05/2000,0.0
17/05/2000,0.0
18/05/2000,0.0
19/05/2000,1.6
20/05/2000,30.1
21/05/2000,24.9
22/05/2000,1.4
23/05/2000,0.7
24/05/2000,0.0
25/05/2000,1.4
26/05/2000,2.5
27/05/2000,0.0
28/05/2000,0.0
29/05/2000,0.0
30/05/2000,2.5
31/05/2000,11.5
01/06/2000,4.2
02/06/2000,23.4
03/06/2000,12.7
04/06/2000,0.0
05/06/2000,32.3
06/06/2000,2.8
07/06/2000,0.0
08/06/2000,0.0
09/06/2000,15.8
10/06/2000,0.6
11/06/2000,0.0
12/06/2000,0.0
13/06/2000,8.4
14/06/2000,0.0
15/06/2000,16.8
16/06/2000,13.8
17/06/2000,1.6
18/06/2000,0.0
19/06/2000,10.6
20/06/2000,37.2
21/06/2000,0.0
22/06/2000,0.0
23/06/2000,0.0
24/06/2000,0.0
25/06/2000,0.0
26/06/2000,0.0
27/06/2000,0.0
28/06/2000,0.0
29/06/2000,53.9
30/06/2000,0.5
01/07/2000,0.0
02/07/2000,0.0
03/07/2000,0.0
04/07/2000,0.0
05/07/2000,0.0
06/07/2000,0.0
07/07/2000,0.0
08/07/2000,0.0
09/07/2000,0.0
10/07/2000,0.0
11/07/2000,0.0
12/07/2000,0.0
13/07/2000,0.0
14/07/2000,0.0
15/07/2000,0.0
16/07/2000,0.0
17/07/2000,0.0
18/07/2000,0.0
19/07/2000,0.0
20/07/2000,12.6
26/07/2000,8.5
27/07/2000,0.8
28/07/2000,65.6
29/07/2000,0.0
30/07/2000,0.0
31/07/2000,0.0
01/08/2000,3.0
02/08/2000,0.0
03/08/2000,0.0
04/08/2000,13.5
05/08/2000,0.0
06/08/2000,2.2
07/08/2000,15.2
08/08/2000,0.0
09/08/2000,0.0
10/08/2000,1.2
11/08/2000,0.1
12/08/2000,0.0
13/08/2000,20.3
14/08/2000,0.0
15/08/2000,55.8
16/08/2000,2.2
17/08/2000,0.0
18/08/2000,0.0
19/08/2000,9.3
20/08/2000,22.5
21/08/2000,8.1
22/08/2000,0.0
23/08/2000,0.0
24/08/2000,0.0
25/08/2000,10.0
26/08/2000,1.7
27/08/2000,17.5
28/08/2000,39.0
29/08/2000,0.0
30/08/2000,11.6
31/08/2000,13.0
01/09/2000,1.3
02/09/2000,2.5
03/09/2000,3.1
04/09/2000,11.0
05/09/2000,0.0
06/09/2000,2.5
07/09/2000,0.0
08/09/2000,3.0
09/09/2000,0.0
10/09/2000,2.0
11/09/2000,26.7
12/09/2000,1.0
13/09/2000,0.0
14/09/2000,4.7
15/09/2000,8.9
16/09/2000,0.6
17/09/2000,3.0
18/09/2000,34.0
19/09/2000,0.9
20/09/2000,8.0
21/09/2000,7.4
22/09/2000,0.0
23/09/2000,0.0
24/09/2000,0.0
25/09/2000,0.0
26/09/2000,0.0
27/09/2000,4.0
28/09/2000,0.4
29/09/2000,0.4
30/09/2000,3.8
01/10/2000,0.5
02/10/2000,6.0
03/10/2000,0.0
04/10/2000,0.0
05/10/2000,12.5
06/10/2000,0.0
07/10/2000,57.2
08/10/2000,3.1
09/10/2000,0.0
10/10/2000,1.7
11/10/2000,2.1
12/10/2000,5.6
13/10/2000,17.9
14/10/2000,0.5
15/10/2000,1.1
16/10/2000,12.7
17/10/2000,7.3
18/10/2000,9.5
19/10/2000,15.3
20/10/2000,59.7
21/10/2000,40.9
22/10/2000,4.1
23/10/2000,38.0
24/10/2000,0.8
25/10/2000,0.4
26/10/2000,0.0
27/10/2000,0.0
28/10/2000,45.6
29/10/2000,17.2
30/10/2000,9.4
31/10/2000,0.5
01/11/2000,19.4
02/11/2000,0.0
03/11/2000,0.0
04/11/2000,0.0
05/11/2000,37.5
06/11/2000,30.9
07/11/2000,0.0
08/11/2000,2.2
09/11/2000,1.4
10/11/2000,0.0
11/11/2000,0.0
12/11/2000,0.0
13/11/2000,0.0
14/11/2000,7.8
15/11/2000,65.6
16/11/2000,17.9
17/11/2000,24.3
18/11/2000,3.6
19/11/2000,2.0
20/11/2000,0.9
21/11/2000,52.8
22/11/2000,175.0
23/11/2000,0.0
24/11/2000,0.5
25/11/2000,1.8
26/11/2000,15.4
27/11/2000,2.1
28/11/2000,1.4
29/11/2000,3.6
30/11/2000,0.5
01/12/2000,0.4
02/12/2000,0.0
03/12/2000,0.0
04/12/2000,1.5
05/12/2000,0.0
06/12/2000,0.0
07/12/2000,0.0
08/12/2000,0.0
09/12/2000,0.5
10/12/2000,1.2
11/12/2000,16.8
12/12/2000,0.0
13/12/2000,10.9
14/12/2000,4.7
15/12/2000,1.0
16/12/2000,11.6
17/12/2000,10.0
18/12/2000,30.8
19/12/2000,4.7
20/12/2000,6.1
21/12/2000,23.2
22/12/2000,26.6
23/12/2000,2.4
24/12/2000,0.0
25/12/2000,0.0
26/12/2000,0.0
27/12/2000,0.0
28/12/2000,0.0
29/12/2000,0.0
30/12/2000,1.3
31/12/2000,10.3
01/01/2001,11.0
02/01/2001,1.4
03/01/2001,0.0
04/01/2001,0.7
05/01/2001,0.0
06/01/2001,0.0
07/01/2001,1.5
08/01/2001,0.0
09/01/2001,0.0
10/01/2001,0.0
11/01/2001,0.5
12/01/2001,1.0
13/01/2001,64.1
14/01/2001,24.0
15/01/2001,25.8
16/01/2001,36.7
17/01/2001,100.6
18/01/2001,74.7
19/01/2001,25.6
20/01/2001,1.9
21/01/2001,5.5
22/01/2001,20.7
23/01/2001,1.9
24/01/2001,0.0
25/01/2001,1.1
26/01/2001,0.0
27/01/2001,0.0
28/01/2001,0.0
29/01/2001,2.0
30/01/2001,1.0
31/01/2001,13.6
01/02/2001,0.0
02/02/2001,0.0
03/02/2001,0.0
04/02/2001,0.0
05/02/2001,0.0
06/02/2001,5.1
07/02/2001,0.0
08/02/2001,0.0
09/02/2001,0.0
10/02/2001,0.0
11/02/2001,0.0
12/02/2001,0.0
13/02/2001,5.6
14/02/2001,28.7
15/02/2001,2.2
16/02/2001,2.6
17/02/2001,1.0
18/02/2001,0.0
19/02/2001,6.0
20/02/2001,2.2
21/02/2001,0.0
22/02/2001,0.0
23/02/2001,0.5
24/02/2001,0.5
25/02/2001,0.0
26/02/2001,0.0
27/02/2001,0.0
28/02/2001,0.0
01/03/2001,0.0
02/03/2001,0.6
03/03/2001,0.0
04/03/2001,4.7
05/03/2001,83.8
06/03/2001,28.4
07/03/2001,11.7
08/03/2001,9.4
09/03/2001,22.3
10/03/2001,6.5
11/03/2001,20.2
12/03/2001,0.0
13/03/2001,0.0
14/03/2001,0.0
15/03/2001,0.3
16/03/2001,6.0
17/03/2001,0.5
18/03/2001,16.8
19/03/2001,21.8
20/03/2001,55.8
21/03/2001,78.3
22/03/2001,108.8
23/03/2001,0.4
24/03/2001,24.3
25/03/2001,2.2
26/03/2001,17.3
27/03/2001,19.2
28/03/2001,4.3
29/03/2001,50.1
30/03/2001,0.0
31/03/2001,4.8
01/04/2001,1.6
02/04/2001,0.0
03/04/2001,1.6
10/04/2001,0.0
11/04/2001,0.0
12/04/2001,0.0
13/04/2001,3.6
14/04/2001,0.0
15/04/2001,0.0
16/04/2001,0.0
17/04/2001,0.0
18/04/2001,0.0
19/04/2001,0.0
20/04/2001,37.1
21/04/2001,0.5
22/04/2001,0.0
23/04/2001,0.0
24/04/2001,9.5
25/04/2001,0.5
26/04/2001,29.6
27/04/2001,22.0
28/04/2001,29.1
29/04/2001,9.2
30/04/2001,0.0
01/05/2001,24.9
02/05/2001,4.1
03/05/2001,0.0
04/05/2001,0.7
05/05/2001,0.0
06/05/2001,0.0
07/05/2001,67.8
08/05/2001,56.3
09/05/2001,0.0
10/05/2001,19.4
11/05/2001,8.3
12/05/2001,1.6
13/05/2001,0.0
14/05/2001,4.9
15/05/2001,1.6
16/05/2001,0.0
17/05/2001,0.0
18/05/2001,3.6
19/05/2001,0.0
20/05/2001,0.0
21/05/2001,0.0
22/05/2001,10.9
23/05/2001,2.5
24/05/2001,3.7
25/05/2001,1.0
26/05/2001,32.8
27/05/2001,0.0
28/05/2001,4.1
29/05/2001,0.0
30/05/2001,2.9
31/05/2001,0.0
01/06/2001,1.4
02/06/2001,1.4
03/06/2001,0.9
04/06/2001,0.4
05/06/2001,0.5
06/06/2001,12.1
07/06/2001,0.0
08/06/2001,0.0
09/06/2001,0.0
10/06/2001,0.0
11/06/2001,0.5
12/06/2001,0.0
13/06/2001,0.0
14/06/2001,1.0
15/06/2001,0.0
16/06/2001,52.2
17/06/2001,0.0
18/06/2001,5.6
19/06/2001,0.0
20/06/2001,0.0
21/06/2001,0.0
22/06/2001,0.0
23/06/2001,0.0
24/06/2001,0.0
25/06/2001,0.0
26/06/2001,0.0
27/06/2001,0.0
28/06/2001,13.9
29/06/2001,0.0
30/06/2001,0.0
01/07/2001,20.9
02/07/2001,0.0
03/07/2001,0.0
04/07/2001,0.0
05/07/2001,0.0
06/07/2001,0.0
07/07/2001,0.0
08/07/2001,0.0
09/07/2001,0.0
10/07/2001,22.8
11/07/2001,0.0
12/07/2001,0.0
13/07/2001,10.2
14/07/2001,2.4
15/07/2001,0.0
16/07/2001,10.3
17/07/2001,0.0
18/07/2001,0.0
19/07/2001,0.0
20/07/2001,0.0
21/07/2001,7.2
22/07/2001,9.3
23/07/2001,0.0
24/07/2001,0.0
25/07/2001,0.0
26/07/2001,0.0
27/07/2001,6.0
28/07/2001,36.0
29/07/2001,0.0
30/07/2001,0.0
31/07/2001,16.6
01/08/2001,31.5
02/08/2001,13.3
03/08/2001,2.6
04/08/2001,0.0
05/08/2001,30.8
06/08/2001,0.0
07/08/2001,11.4
08/08/2001,14.0
09/08/2001,7.5
10/08/2001,16.2
11/08/2001,0.0
12/08/2001,0.8
13/08/2001,1.7
14/08/2001,8.4
15/08/2001,0.0
16/08/2001,0.0
17/08/2001,4.2
18/08/2001,1.6
19/08/2001,13.9
20/08/2001,2.5
21/08/2001,9.2
22/08/2001,0.0
23/08/2001,0.0
24/08/2001,4.2
25/08/2001,0.0
26/08/2001,0.0
27/08/2001,27.0
28/08/2001,0.0
29/08/2001,16.3
30/08/2001,45.3
31/08/2001,0.0
01/09/2001,22.4
02/09/2001,12.6
03/09/2001,29.1
04/09/2001,15.8
05/09/2001,0.9
06/09/2001,0.0
07/09/2001,0.0
08/09/2001,0.0
09/09/2001,0.0
10/09/2001,0.5
11/09/2001,0.0
12/09/2001,0.0
13/09/2001,0.0
14/09/2001,0.0
15/09/2001,0.0
16/09/2001,0.0
17/09/2001,4.2
18/09/2001,0.0
19/09/2001,0.6
20/09/2001,0.0
21/09/2001,3.5
22/09/2001,86.6
23/09/2001,0.6
24/09/2001,24.9
25/09/2001,0.0
26/09/2001,0.0
27/09/2001,10.6
28/09/2001,16.0
29/09/2001,0.6
30/09/2001,0.0
01/10/2001,0.0
02/10/2001,0.0
03/10/2001,3.8
04/10/2001,40.8
05/10/2001,32.0
06/10/2001,1.2
07/10/2001,20.3
08/10/2001,0.4
09/10/2001,9.4
10/10/2001,26.5
11/10/2001,4.6
12/10/2001,0.0
13/10/2001,6.3
14/10/2001,20.9
15/10/2001,4.0
16/10/2001,2.6
17/10/2001,30.8
18/10/2001,6.1
19/10/2001,0.5
20/10/2001,28.4
21/10/2001,63.2
22/10/2001,5.1
23/10/2001,83.0
24/10/2001,0.9
25/10/2001,0.0
26/10/2001,0.0
27/10/2001,52.4
28/10/2001,2.0
29/10/2001,42.2
30/10/2001,0.9
31/10/2001,10.2
01/11/2001,0.7
02/11/2001,0.9
03/11/2001,1.1
04/11/2001,0.0
05/11/2001,9.3
06/11/2001,0.0
07/11/2001,6.3
08/11/2001,4.4
09/11/2001,0.7
10/11/2001,2.4
11/11/2001,0.0
12/11/2001,4.5
13/11/2001,6.8
14/11/2001,21.5
15/11/2001,12.2
16/11/2001,3.7
17/11/2001,79.7
18/11/2001,32.8
19/11/2001,7.7
20/11/2001,0.6
21/11/2001,0.7
22/11/2001,0.0
23/11/2001,0.0
24/11/2001,19.7
25/11/2001,0.0
26/11/2001,6.0
27/11/2001,1.0
28/11/2001,0.4
29/11/2001,0.0
30/11/2001,1.1
01/12/2001,46.3
02/12/2001,7.7
03/12/2001,0.2
04/12/2001,0.0
05/12/2001,0.0
06/12/2001,1.3
07/12/2001,27.6
08/12/2001,0.8
09/12/2001,0.0
10/12/2001,2.9
11/12/2001,0.0
12/12/2001,3.5
13/12/2001,0.0
14/12/2001,84.9
15/12/2001,169.5
16/12/2001,10.6
17/12/2001,21.8
18/12/2001,17.7
19/12/2001,11.4
20/12/2001,12.1
21/12/2001,53.9
22/12/2001,162.5
23/12/2001,64.3
24/12/2001,17.4
25/12/2001,0.3
26/12/2001,3.3
27/12/2001,31.8
28/12/2001,143.6
29/12/2001,69.6
30/12/2001,0.7
31/12/2001,0.0
01/01/2002,0.0
02/01/2002,0.0
03/01/2002,0.0
04/01/2002,0.0
05/01/2002,1.0
06/01/2002,7.3
07/01/2002,2.2
08/01/2002,3.0
09/01/2002,2.9
10/01/2002,2.3
11/01/2002,0.6
12/01/2002,8.0
13/01/2002,0.0
14/01/2002,0.8
15/01/2002,0.0
16/01/2002,0.0
17/01/2002,0.0
18/01/2002,0.0
19/01/2002,0.0
20/01/2002,8.9
21/01/2002,11.1
22/01/2002,5.0
23/01/2002,3.2
24/01/2002,7.7
25/01/2002,9.9
26/01/2002,0.0
27/01/2002,0.0
28/01/2002,0.0
29/01/2002,0.2
30/01/2002,0.8
31/01/2002,0.6
01/02/2002,0.0
02/02/2002,0.7
03/02/2002,0.0
04/02/2002,0.0
05/02/2002,0.0
06/02/2002,0.0
07/02/2002,0.0
08/02/2002,0.0
09/02/2002,0.0
10/02/2002,0.0
11/02/2002,0.0
12/02/2002,7.7
13/02/2002,0.0
14/02/2002,0.0
15/02/2002,0.0
16/02/2002,0.0
17/02/2002,0.0
18/02/2002,0.0
19/02/2002,2.3
20/02/2002,1.7
21/02/2002,2.2
22/02/2002,11.5
23/02/2002,0.0
24/02/2002,0.0
25/02/2002,0.0
26/02/2002,0.0
27/02/2002,8.4
28/02/2002,0.0
01/03/2002,0.0
02/03/2002,0.0
03/03/2002,0.0
04/03/2002,0.0
05/03/2002,0.0
06/03/2002,0.0
07/03/2002,0.0
08/03/2002,0.0
09/03/2002,0.0
10/03/2002,3.7
11/03/2002,0.0
12/03/2002,0.0
13/03/2002,0.0
14/03/2002,0.0
15/03/2002,0.0
16/03/2002,0.0
17/03/2002,0.0
18/03/2002,0.0
19/03/2002,42.6
20/03/2002,182.7
21/03/2002,1.1
22/03/2002,21.5
23/03/2002,0.9
24/03/2002,1.8
25/03/2002,0.0
26/03/2002,0.0
27/03/2002,0.0
28/03/2002,0.0
29/03/2002,0.0
30/03/2002,0.0
31/03/2002,0.0
01/04/2002,0.0
02/04/2002,0.0
03/04/2002,0.0
04/04/2002,0.0
05/04/2002,0.0
06/04/2002,0.0
07/04/2002,0.0
08/04/2002,0.0
09/04/2002,0.0
10/04/2002,0.0
11/04/2002,0.0
12/04/2002,0.0
13/04/2002,0.0
14/04/2002,0.0
15/04/2002,0.0
16/04/2002,0.0
17/04/2002,0.0
18/04/2002,0.0
19/04/2002,0.0
20/04/2002,0.0
21/04/2002,3.6
22/04/2002,0.0
23/04/2002,0.0
24/04/2002,0.0
25/04/2002,11.5
26/04/2002,5.1
27/04/2002,0.2
28/04/2002,0.6
29/04/2002,0.5
30/04/2002,0.5
01/05/2002,0.2
02/05/2002,0.0
03/05/2002,0.0
04/05/2002,0.0
05/05/2002,0.0
06/05/2002,0.0
07/05/2002,0.0
08/05/2002,0.0
09/05/2002,0.6
10/05/2002,0.0
11/05/2002,0.0
12/05/2002,0.0
13/05/2002,0.0
14/05/2002,0.0
15/05/2002,0.0
16/05/2002,0.0
17/05/2002,0.0
18/05/2002,1.3
19/05/2002,3.9
20/05/2002,0.0
21/05/2002,0.0
22/05/2002,35.7
23/05/2002,0.0
24/05/2002,10.7
25/05/2002,6.0
26/05/2002,13.9
27/05/2002,4.3
28/05/2002,0.0
29/05/2002,0.0
30/05/2002,1.5
31/05/2002,0.0
01/06/2002,0.0
02/06/2002,1.4
03/06/2002,46.0
04/06/2002,0.5
05/06/2002,0.0
06/06/2002,3.0
07/06/2002,0.0
08/06/2002,14.4
09/06/2002,0.1
10/06/2002,0.0
11/06/2002,0.9
12/06/2002,0.0
13/06/2002,16.5
14/06/2002,2.2
15/06/2002,17.9
16/06/2002,0.0
17/06/2002,0.0
18/06/2002,19.5
19/06/2002,0.0
20/06/2002,0.0
21/06/2002,0.0
22/06/2002,0.0
23/06/2002,0.0
24/06/2002,0.0
25/06/2002,18.9
26/06/2002,36.8
27/06/2002,0.0
28/06/2002,0.1
29/06/2002,33.4
30/06/2002,33.1
01/07/2002,0.6
02/07/2002,2.9
03/07/2002,0.0
04/07/2002,0.0
05/07/2002,0.0
06/07/2002,0.0
07/07/2002,0.0
08/07/2002,0.0
09/07/2002,25.2
10/07/2002,7.9
11/07/2002,0.0
12/07/2002,2.2
13/07/2002,0.5
14/07/2002,0.0
15/07/2002,0.0
16/07/2002,0.0
17/07/2002,0.0
18/07/2002,0.0
19/07/2002,0.0
20/07/2002,0.0
21/07/2002,0.0
22/07/2002,6.4
23/07/2002,8.1
24/07/2002,7.4
25/07/2002,5.8
26/07/2002,0.0
27/07/2002,0.0
28/07/2002,0.0
29/07/2002,0.0
30/07/2002,0.0
31/07/2002,0.0
01/08/2002,0.0
02/08/2002,0.0
03/08/2002,36.1
04/08/2002,48.7
05/08/2002,3.0
06/08/2002,0.0
07/08/2002,9.0
08/08/2002,30.8
09/08/2002,0.2
10/08/2002,0.0
11/08/2002,0.7
12/08/2002,0.0
13/08/2002,0.0
14/08/2002,0.0
15/08/2002,0.0
16/08/2002,0.0
17/08/2002,0.0
18/08/2002,0.0
19/08/2002,0.0
20/08/2002,0.0
21/08/2002,0.0
22/08/2002,9.0
23/08/2002,66.1
24/08/2002,0.0
25/08/2002,0.0
26/08/2002,17.9
27/08/2002,41.0
28/08/2002,10.3
29/08/2002,3.6
30/08/2002,0.0
31/08/2002,0.0
01/09/2002,3.3
02/09/2002,0.0
03/09/2002,5.3
04/09/2002,25.6
05/09/2002,0.4
06/09/2002,2.8
07/09/2002,17.0
08/09/2002,0.0
09/09/2002,0.5
10/09/2002,12.6
11/09/2002,0.4
12/09/2002,0.0
13/09/2002,0.7
14/09/2002,0.0
15/09/2002,7.7
16/09/2002,3.7
17/09/2002,0.0
18/09/2002,13.8
19/09/2002,0.0
20/09/2002,0.0
21/09/2002,0.3
22/09/2002,0.7
23/09/2002,0.0
24/09/2002,0.0
25/09/2002,0.0
26/09/2002,0.1
27/09/2002,0.0
28/09/2002,1.5
29/09/2002,0.8
30/09/2002,26.0
01/10/2002,0.0
02/10/2002,0.2
03/10/2002,2.0
04/10/2002,0.0
05/10/2002,0.6
06/10/2002,93.2
07/10/2002,42.5
08/10/2002,0.5
09/10/2002,0.0
10/10/2002,0.6
11/10/2002,0.2
12/10/2002,0.4
13/10/2002,0.0
14/10/2002,0.2
15/10/2002,0.0
16/10/2002,0.0
17/10/2002,0.0
18/10/2002,0.0
19/10/2002,0.0
20/10/2002,0.0
21/10/2002,0.0
22/10/2002,0.4
23/10/2002,0.0
24/10/2002,0.0
25/10/2002,0.0
26/10/2002,0.5
27/10/2002,0.0
28/10/2002,0.2
29/10/2002,32.5
30/10/2002,11.8
31/10/2002,3.0
01/11/2002,6.4
02/11/2002,1.9
03/11/2002,3.7
04/11/2002,3.6
05/11/2002,2.4
06/11/2002,0.0
07/11/2002,9.5
08/11/2002,0.0
09/11/2002,8.4
10/11/2002,20.5
11/11/2002,2.7
12/11/2002,0.0
13/11/2002,6.0
14/11/2002,0.0
15/11/2002,0.0
16/11/2002,0.0
17/11/2002,0.7
18/11/2002,20.9
19/11/2002,37.9
20/11/2002,0.0
21/11/2002,2.5
22/11/2002,4.2
23/11/2002,46.8
24/11/2002,1.7
25/11/2002,1.8
26/11/2002,0.0
27/11/2002,0.0
28/11/2002,0.0
29/11/2002,7.3
30/11/2002,0.0
01/12/2002,3.8
02/12/2002,68.0
03/12/2002,0.2
04/12/2002,1.6
05/12/2002,1.5
06/12/2002,9.4
07/12/2002,3.6
08/12/2002,2.3
09/12/2002,0.0
10/12/2002,1.8
11/12/2002,52.3
12/12/2002,30.0
13/12/2002,0.0
14/12/2002,28.1
15/12/2002,94.1
16/12/2002,72.4
17/12/2002,5.7
18/12/2002,7.9
19/12/2002,19.7
20/12/2002,12.2
21/12/2002,11.7
22/12/2002,3.0
23/12/2002,0.0
24/12/2002,0.8
25/12/2002,0.6
26/12/2002,0.6
27/12/2002,34.1
28/12/2002,5.9
29/12/2002,3.4
30/12/2002,4.9
31/12/2002,10.1
01/01/2003,11.9
02/01/2003,27.1
03/01/2003,34.9
04/01/2003,26.5
05/01/2003,7.5
06/01/2003,7.1
07/01/2003,11.1
08/01/2003,0.6
09/01/2003,0.0
10/01/2003,0.0
11/01/2003,0.0
12/01/2003,0.0
13/01/2003,3.9
14/01/2003,0.0
15/01/2003,0.0
16/01/2003,11.0
17/01/2003,4.6
18/01/2003,7.6
19/01/2003,15.4
20/01/2003,19.6
21/01/2003,16.2
22/01/2003,0.0
23/01/2003,1.1
24/01/2003,23.3
25/01/2003,0.0
26/01/2003,0.0
27/01/2003,0.0
28/01/2003,0.0
29/01/2003,0.0
30/01/2003,1.4
31/01/2003,7.8
01/02/2003,9.4
02/02/2003,32.7
03/02/2003,13.4
04/02/2003,0.0
05/02/2003,0.0
06/02/2003,0.0
07/02/2003,0.0
08/02/2003,0.6
09/02/2003,0.0
10/02/2003,0.0
11/02/2003,0.0
12/02/2003,0.6
13/02/2003,25.1
14/02/2003,2.1
15/02/2003,4.3
16/02/2003,1.0
17/02/2003,19.7
18/02/2003,76.0
19/02/2003,9.9
20/02/2003,0.0
21/02/2003,4.7
22/02/2003,0.0
23/02/2003,0.0
24/02/2003,0.0
25/02/2003,0.0
26/02/2003,0.0
27/02/2003,0.0
28/02/2003,0.0
01/03/2003,0.0
02/03/2003,0.0
03/03/2003,0.0
04/03/2003,0.0
05/03/2003,3.6
06/03/2003,0.0
07/03/2003,0.0
08/03/2003,0.0
09/03/2003,0.0
10/03/2003,47.0
11/03/2003,8.6
12/03/2003,0.8
13/03/2003,0.0
14/03/2003,0.0
15/03/2003,2.4
16/03/2003,0.0
17/03/2003,0.0
18/03/2003,0.0
19/03/2003,0.0
20/03/2003,0.0
21/03/2003,0.0
22/03/2003,0.0
23/03/2003,0.0
24/03/2003,2.9
25/03/2003,2.8
26/03/2003,27.7
27/03/2003,12.8
28/03/2003,1.4
29/03/2003,4.2
30/03/2003,0.3
31/03/2003,36.7
01/04/2003,30.4
02/04/2003,5.6
03/04/2003,33.1
04/04/2003,11.5
05/04/2003,0.0
06/04/2003,0.0
07/04/2003,2.4
08/04/2003,0.0
09/04/2003,0.3
10/04/2003,14.2
11/04/2003,0.0
12/04/2003,0.0
13/04/2003,0.0
14/04/2003,0.0
15/04/2003,0.0
16/04/2003,14.0
17/04/2003,16.0
18/04/2003,0.0
19/04/2003,0.0
20/04/2003,0.0
21/04/2003,12.0
22/04/2003,0.0
23/04/2003,0.0
24/04/2003,0.0
25/04/2003,0.0
26/04/2003,1.3
27/04/2003,0.0
28/04/2003,0.0
29/04/2003,0.0
30/04/2003,0.0
01/05/2003,2.4
02/05/2003,0.0
03/05/2003,0.0
04/05/2003,47.9
05/05/2003,0.3
06/05/2003,0.0
07/05/2003,0.7
08/05/2003,0.0
09/05/2003,2.4
10/05/2003,0.0
11/05/2003,44.9
12/05/2003,0.0
13/05/2003,11.2
14/05/2003,0.7
15/05/2003,1.1
16/05/2003,15.9
17/05/2003,0.0
18/05/2003,0.0
19/05/2003,0.0
20/05/2003,0.0
21/05/2003,12.9
22/05/2003,0.0
23/05/2003,0.0
24/05/2003,34.9
25/05/2003,0.0
26/05/2003,0.0
27/05/2003,0.0
28/05/2003,0.0
29/05/2003,1.0
30/05/2003,0.0
31/05/2003,1.2
01/06/2003,0.0
02/06/2003,0.0
03/06/2003,0.0
04/06/2003,0.0
05/06/2003,0.0
06/06/2003,0.0
07/06/2003,0.0
08/06/2003,0.0
09/06/2003,0.0
10/06/2003,0.9
11/06/2003,33.3
12/06/2003,0.0
13/06/2003,5.1
14/06/2003,0.9
15/06/2003,22.1
16/06/2003,30.8
17/06/2003,0.0
18/06/2003,0.0
19/06/2003,0.0
20/06/2003,24.1
21/06/2003,8.4
22/06/2003,4.1
23/06/2003,0.0
24/06/2003,0.0
25/06/2003,0.0
26/06/2003,5.6
27/06/2003,3.5
28/06/2003,5.6
29/06/2003,5.9
30/06/2003,11.4
01/07/2003,17.0
02/07/2003,0.0
03/07/2003,25.0
04/07/2003,15.5
05/07/2003,1.0
06/07/2003,0.0
07/07/2003,0.0
08/07/2003,0.0
09/07/2003,0.0
10/07/2003,6.6
11/07/2003,29.4
12/07/2003,2.4
13/07/2003,0.0
14/07/2003,0.0
15/07/2003,55.6
16/07/2003,0.9
17/07/2003,11.2
18/07/2003,0.9
19/07/2003,17.1
20/07/2003,0.9
21/07/2003,0.2
22/07/2003,3.9
23/07/2003,0.0
24/07/2003,0.0
25/07/2003,0.0
26/07/2003,0.0
27/07/2003,0.0
28/07/2003,6.6
29/07/2003,0.0
30/07/2003,0.0
31/07/2003,0.0
01/08/2003,4.7
02/08/2003,19.1
03/08/2003,0.0
04/08/2003,0.0
05/08/2003,0.0
06/08/2003,0.0
07/08/2003,0.0
08/08/2003,0.0
09/08/2003,0.0
10/08/2003,0.0
11/08/2003,0.0
12/08/2003,0.0
13/08/2003,0.0
14/08/2003,0.1
15/08/2003,0.5
16/08/2003,0.2
17/08/2003,0.0
18/08/2003,0.0
19/08/2003,0.5
20/08/2003,0.0
21/08/2003,0.0
22/08/2003,0.0
23/08/2003,0.1
24/08/2003,0.5
25/08/2003,0.5
26/08/2003,0.0
27/08/2003,0.0
28/08/2003,0.5
29/08/2003,0.0
30/08/2003,0.1
31/08/2003,0.6
01/09/2003,0.0
02/09/2003,0.3
03/09/2003,0.0
04/09/2003,8.3
05/09/2003,0.0
06/09/2003,0.0
07/09/2003,0.0
08/09/2003,1.9
09/09/2003,6.9
10/09/2003,9.8
11/09/2003,17.4
12/09/2003,2.5
13/09/2003,41.9
14/09/2003,3.3
15/09/2003,6.9
16/09/2003,0.0
17/09/2003,3.9
18/09/2003,14.7
19/09/2003,22.1
20/09/2003,0.0
21/09/2003,27.5
22/09/2003,0.0
23/09/2003,20.4
24/09/2003,7.3
25/09/2003,0.5
26/09/2003,1.2
27/09/2003,7.6
28/09/2003,0.0
29/09/2003,0.0
30/09/2003,0.5
01/10/2003,0.3
02/10/2003,0.6
03/10/2003,8.7
04/10/2003,10.7
05/10/2003,2.3
06/10/2003,2.8
07/10/2003,0.4
08/10/2003,1.3
09/10/2003,2.6
10/10/2003,34.7
11/10/2003,35.4
12/10/2003,1.7
13/10/2003,16.3
14/10/2003,12.3
15/10/2003,0.0
16/10/2003,0.0
17/10/2003,20.2
18/10/2003,1.6
19/10/2003,54.7
20/10/2003,0.0
21/10/2003,1.2
22/10/2003,0.0
23/10/2003,3.2
24/10/2003,7.2
25/10/2003,6.6
26/10/2003,6.1
27/10/2003,1.3
28/10/2003,0.0
29/10/2003,2.1
30/10/2003,0.0
31/10/2003,0.0
01/11/2003,8.7
02/11/2003,1.6
03/11/2003,48.2
04/11/2003,0.0
05/11/2003,7.3
06/11/2003,9.5
07/11/2003,0.0
08/11/2003,0.0
09/11/2003,36.8
10/11/2003,9.7
11/11/2003,0.7
12/11/2003,11.1
13/11/2003,0.0
14/11/2003,0.8
15/11/2003,9.4
16/11/2003,10.9
17/11/2003,0.0
18/11/2003,19.2
19/11/2003,2.7
20/11/2003,28.3
21/11/2003,8.6
22/11/2003,2.4
23/11/2003,1.5
24/11/2003,4.6
25/11/2003,27.5
26/11/2003,7.4
27/11/2003,25.7
28/11/2003,69.2
29/11/2003,109.2
30/11/2003,77.3
01/12/2003,198.0
02/12/2003,67.0
03/12/2003,38.3
04/12/2003,6.5
05/12/2003,0.0
06/12/2003,3.4
07/12/2003,145.5
08/12/2003,73.5
09/12/2003,200.4
10/12/2003,22.4
11/12/2003,1.1
12/12/2003,60.0
13/12/2003,138.9
14/12/2003,0.0
15/12/2003,0.0
16/12/2003,5.8
17/12/2003,8.8
18/12/2003,0.0
19/12/2003,0.0
20/12/2003,3.6
21/12/2003,12.9
22/12/2003,2.0
23/12/2003,10.2
24/12/2003,0.0
25/12/2003,0.0
26/12/2003,0.8
27/12/2003,3.4
28/12/2003,11.2
29/12/2003,2.1
30/12/2003,16.8
31/12/2003,3.1
01/01/2004,0.0
02/01/2004,0.0
03/01/2004,2.8
04/01/2004,1.6
05/01/2004,1.8
06/01/2004,0.0
07/01/2004,0.0
08/01/2004,17.4
09/01/2004,7.1
10/01/2004,1.2
11/01/2004,0.0
12/01/2004,0.8
13/01/2004,4.3
14/01/2004,0.0
15/01/2004,0.0
16/01/2004,0.0
17/01/2004,0.0
18/01/2004,0.0
19/01/2004,0.0
20/01/2004,0.0
21/01/2004,0.0
22/01/2004,0.0
23/01/2004,0.0
24/01/2004,0.0
25/01/2004,2.2
26/01/2004,7.1
27/01/2004,27.0
28/01/2004,27.3
29/01/2004,4.6
30/01/2004,0.0
31/01/2004,0.0
01/02/2004,0.5
02/02/2004,8.8
03/02/2004,0.0
04/02/2004,0.0
05/02/2004,0.0
06/02/2004,0.0
07/02/2004,0.0
08/02/2004,0.0
09/02/2004,0.9
10/02/2004,0.6
11/02/2004,0.0
12/02/2004,0.0
13/02/2004,0.0
14/02/2004,0.0
15/02/2004,0.0
16/02/2004,0.0
17/02/2004,0.0
18/02/2004,0.0
19/02/2004,0.0
20/02/2004,0.0
21/02/2004,0.0
22/02/2004,0.0
23/02/2004,0.0
24/02/2004,0.0
25/02/2004,0.0
26/02/2004,0.0
27/02/2004,0.0
28/02/2004,0.0
29/02/2004,0.0
01/03/2004,0.0
02/03/2004,0.0
03/03/2004,0.0
04/03/2004,0.0
05/03/2004,0.0
06/03/2004,0.0
07/03/2004,0.0
08/03/2004,6.7
09/03/2004,16.5
10/03/2004,0.7
11/03/2004,19.2
12/03/2004,48.4
13/03/2004,0.0
14/03/2004,0.0
15/03/2004,0.0
16/03/2004,43.3
17/03/2004,1.1
18/03/2004,0.0
19/03/2004,0.0
20/03/2004,0.0
21/03/2004,0.0
22/03/2004,0.0
23/03/2004,0.0
24/03/2004,0.0
25/03/2004,0.0
26/03/2004,0.0
27/03/2004,0.0
28/03/2004,0.0
29/03/2004,0.0
30/03/2004,0.0
31/03/2004,0.0
01/04/2004,0.0
02/04/2004,14.1
03/04/2004,0.0
04/04/2004,0.0
05/04/2004,0.0
06/04/2004,0.0
07/04/2004,0.0
08/04/2004,0.0
09/04/2004,0.0
10/04/2004,0.0
11/04/2004,0.0
12/04/2004,0.0
13/04/2004,0.0
14/04/2004,0.0
15/04/2004,0.0
16/04/2004,0.0
17/04/2004,0.0
18/04/2004,1.0
19/04/2004,0.0
20/04/2004,0.0
21/04/2004,0.0
22/04/2004,0.0
23/04/2004,39.3
24/04/2004,0.0
25/04/2004,0.0
26/04/2004,0.0
27/04/2004,0.0
28/04/2004,4.9
29/04/2004,1.1
30/04/2004,0.8
01/05/2004,36.5
02/05/2004,0.0
03/05/2004,0.0
04/05/2004,4.6
05/05/2004,1.7
06/05/2004,0.0
07/05/2004,0.0
08/05/2004,0.0
09/05/2004,0.0
10/05/2004,0.0
11/05/2004,0.0
12/05/2004,3.3
13/05/2004,0.0
14/05/2004,0.0
15/05/2004,4.6
16/05/2004,0.0
17/05/2004,0.0
18/05/2004,0.0
19/05/2004,0.0
20/05/2004,0.0
21/05/2004,9.0
22/05/2004,9.1
23/05/2004,4.6
24/05/2004,1.5
25/05/2004,6.1
26/05/2004,0.0
27/05/2004,0.0
28/05/2004,0.0
29/05/2004,0.0
30/05/2004,0.0
31/05/2004,0.0
01/06/2004,11.9
02/06/2004,0.9
03/06/2004,24.0
04/06/2004,0.0
05/06/2004,0.8
06/06/2004,3.2
07/06/2004,7.9
08/06/2004,0.9
09/06/2004,0.0
10/06/2004,0.0
11/06/2004,0.0
12/06/2004,0.0
13/06/2004,3.1
14/06/2004,8.1
15/06/2004,1.6
16/06/2004,0.4
17/06/2004,22.4
18/06/2004,0.0
19/06/2004,0.0
20/06/2004,0.0
21/06/2004,0.0
22/06/2004,0.0
23/06/2004,5.9
24/06/2004,47.6
25/06/2004,3.0
26/06/2004,8.5
27/06/2004,6.3
28/06/2004,0.0
29/06/2004,0.0
30/06/2004,69.2
01/07/2004,28.8
02/07/2004,0.0
03/07/2004,0.0
04/07/2004,0.0
05/07/2004,0.0
06/07/2004,46.1
07/07/2004,0.9
08/07/2004,28.1
09/07/2004,2.9
10/07/2004,0.0
11/07/2004,0.0
12/07/2004,36.1
13/07/2004,38.7
14/07/2004,0.5
15/07/2004,0.0
16/07/2004,0.0
17/07/2004,13.5
18/07/2004,29.3
19/07/2004,0.0
20/07/2004,0.0
21/07/2004,0.0
22/07/2004,4.8
23/07/2004,0.4
24/07/2004,0.0
25/07/2004,0.0
26/07/2004,18.9
27/07/2004,0.0
28/07/2004,15.4
29/07/2004,0.6
30/07/2004,0.6
31/07/2004,0.0
01/08/2004,4.4
02/08/2004,0.9
03/08/2004,0.0
04/08/2004,0.0
05/08/2004,0.0
06/08/2004,0.0
07/08/2004,0.0
08/08/2004,0.0
09/08/2004,0.0
10/08/2004,0.0
11/08/2004,0.0
12/08/2004,0.0
13/08/2004,0.0
14/08/2004,0.0
15/08/2004,16.9
16/08/2004,8.8
17/08/2004,0.0
18/08/2004,0.0
19/08/2004,0.0
20/08/2004,0.0
21/08/2004,0.0
22/08/2004,0.0
23/08/2004,0.1
24/08/2004,0.0
25/08/2004,0.1
26/08/2004,0.0
27/08/2004,0.0
28/08/2004,0.0
29/08/2004,0.0
30/08/2004,0.0
31/08/2004,0.0
01/09/2004,0.0
02/09/2004,0.0
03/09/2004,8.9
04/09/2004,0.0
05/09/2004,0.0
06/09/2004,0.0
07/09/2004,0.0
08/09/2004,0.0
09/09/2004,0.0
10/09/2004,0.0
11/09/2004,0.0
12/09/2004,0.0
13/09/2004,0.0
14/09/2004,0.7
15/09/2004,0.0
16/09/2004,0.0
17/09/2004,22.1
18/09/2004,0.0
19/09/2004,13.0
20/09/2004,0.4
21/09/2004,0.0
22/09/2004,0.0
23/09/2004,4.9
24/09/2004,0.0
25/09/2004,0.0
26/09/2004,1.9
27/09/2004,0.0
28/09/2004,0.0
29/09/2004,0.0
30/09/2004,0.0
01/10/2004,0.0
02/10/2004,3.1
03/10/2004,2.4
04/10/2004,28.9
05/10/2004,6.8
06/10/2004,3.1
07/10/2004,14.5
08/10/2004,14.7
09/10/2004,6.0
10/10/2004,13.7
11/10/2004,0.0
12/10/2004,0.0
13/10/2004,0.0
14/10/2004,44.9
15/10/2004,17.7
16/10/2004,14.0
17/10/2004,0.0
18/10/2004,24.7
19/10/2004,0.6
20/10/2004,4.1
21/10/2004,2.1
22/10/2004,9.6
23/10/2004,23.1
24/10/2004,6.1
25/10/2004,15.5
26/10/2004,29.5
27/10/2004,17.9
28/10/2004,0.9
29/10/2004,1.3
30/10/2004,0.1
31/10/2004,0.0
01/11/2004,25.1
02/11/2004,0.0
03/11/2004,0.0
04/11/2004,27.5
05/11/2004,15.2
06/11/2004,4.0
07/11/2004,0.0
08/11/2004,0.0
09/11/2004,0.0
10/11/2004,3.0
11/11/2004,0.0
12/11/2004,0.0
13/11/2004,0.8
14/11/2004,0.0
15/11/2004,0.0
16/11/2004,0.0
17/11/2004,0.0
18/11/2004,0.0
19/11/2004,0.0
20/11/2004,0.8
21/11/2004,0.0
22/11/2004,0.0
23/11/2004,0.0
24/11/2004,0.0
25/11/2004,0.3
26/11/2004,0.7
27/11/2004,0.5
28/11/2004,5.4
29/11/2004,3.9
30/11/2004,13.4
01/12/2004,0.5
02/12/2004,0.7
03/12/2004,0.0
04/12/2004,0.0
05/12/2004,0.0
06/12/2004,0.0
07/12/2004,0.0
08/12/2004,0.6
09/12/2004,0.0
10/12/2004,0.0
11/12/2004,0.0
12/12/2004,0.0
13/12/2004,2.1
14/12/2004,0.0
15/12/2004,1.6
16/12/2004,1.3
17/12/2004,3.0
18/12/2004,3.8
19/12/2004,4.0
20/12/2004,26.0
21/12/2004,41.2
22/12/2004,89.7
23/12/2004,9.2
24/12/2004,9.2
25/12/2004,37.6
26/12/2004,61.9
27/12/2004,33.2
28/12/2004,47.9
29/12/2004,99.3
30/12/2004,11.8
31/12/2004,107.4
01/01/2005,9.7
02/01/2005,0.0
03/01/2005,1.6
04/01/2005,13.9
05/01/2005,0.0
06/01/2005,0.0
07/01/2005,32.1
08/01/2005,5.4
09/01/2005,1.7
10/01/2005,0.0
11/01/2005,0.0
12/01/2005,0.5
13/01/2005,0.0
14/01/2005,1.4
15/01/2005,0.0
16/01/2005,0.0
17/01/2005,0.0
18/01/2005,0.0
19/01/2005,0.0
20/01/2005,0.0
21/01/2005,1.4
22/01/2005,8.4
23/01/2005,0.0
24/01/2005,0.0
25/01/2005,0.0
26/01/2005,0.0
27/01/2005,0.0
28/01/2005,0.0
29/01/2005,0.0
30/01/2005,0.0
31/01/2005,0.0
01/02/2005,0.0
02/02/2005,0.0
29/08/2005,2.5
30/08/2005,35.9
03/09/2005,24.1
20/09/2006,0.5
21/09/2006,9.7
22/09/2006,7.3
23/09/2006,16.5
24/09/2006,0.0
25/09/2006,0.0
26/09/2006,0.0
27/09/2006,13.0
28/09/2006,0.0
29/09/2006,20.5
30/09/2006,0.0
01/10/2006,0.0
02/10/2006,0.0
03/10/2006,0.0
04/10/2006,6.0
05/10/2006,0.0
06/10/2006,0.0
07/10/2006,0.0
08/10/2006,0.0
09/10/2006,17.5
10/10/2006,3.0
11/10/2006,23.4
12/10/2006,0.1
13/10/2006,0.0
14/10/2006,0.0
15/10/2006,0.0
16/10/2006,0.4
17/10/2006,2.6
18/10/2006,0.0
19/10/2006,0.0
20/10/2006,11.0
21/10/2006,14.0
22/10/2006,0.0
23/10/2006,0.0
24/10/2006,3.7
25/10/2006,9.8
26/10/2006,0.0
27/10/2006,0.0
28/10/2006,0.0
29/10/2006,0.0
30/10/2006,0.0
31/10/2006,0.0
01/11/2006,0.0
02/11/2006,0.4
03/11/2006,7.0
04/11/2006,2.1
05/11/2006,0.0
06/11/2006,33.3
07/11/2006,4.2
08/11/2006,8.9
09/11/2006,1.1
10/11/2006,2.3
11/11/2006,12.7
12/11/2006,2.8
13/11/2006,5.2
14/11/2006,17.5
15/11/2006,2.0
16/11/2006,1.4
17/11/2006,10.1
18/11/2006,13.3
19/11/2006,0.6
20/11/2006,5.1
21/11/2006,6.5
22/11/2006,0.0
23/11/2006,8.0
24/11/2006,10.2
25/11/2006,3.8
26/11/2006,35.5
27/11/2006,3.0
28/11/2006,24.0
29/11/2006,5.2
30/11/2006,8.3
01/12/2006,2.6
02/12/2006,7.9
03/12/2006,6.0
04/12/2006,0.0
05/12/2006,0.0
06/12/2006,0.0
07/12/2006,33.7
08/12/2006,13.9
09/12/2006,11.4
10/12/2006,5.0
11/12/2006,0.5
12/12/2006,4.0
13/12/2006,0.0
14/12/2006,0.0
15/12/2006,0.9
16/12/2006,14.4
17/12/2006,43.5
18/12/2006,19.2
19/12/2006,47.1
20/12/2006,140.5
21/12/2006,79.2
22/12/2006,12.1
23/12/2006,0.1
24/12/2006,0.0
25/12/2006,0.5
26/12/2006,4.5
27/12/2006,1.5
28/12/2006,0.0
29/12/2006,0.0
30/12/2006,0.0
31/12/2006,0.0
01/01/2007,0.4
02/01/2007,0.1
03/01/2007,0.0
04/01/2007,0.0
05/01/2007,0.5
06/01/2007,4.4
07/01/2007,91.1
08/01/2007,46.8
09/01/2007,12.9
10/01/2007,10.1
11/01/2007,16.3
12/01/2007,15.9
13/01/2007,49.4
14/01/2007,83.6
15/01/2007,18.8
16/01/2007,4.7
17/01/2007,2.5
18/01/2007,13.3
19/01/2007,11.5
20/01/2007,16.2
21/01/2007,0.0
22/01/2007,0.0
23/01/2007,0.0
24/01/2007,0.0
25/01/2007,7.3
26/01/2007,27.2
27/01/2007,1.0
28/01/2007,0.0
29/01/2007,0.0
30/01/2007,0.0
31/01/2007,0.0
01/02/2007,0.0
02/02/2007,0.0
03/02/2007,0.0
04/02/2007,0.0
05/02/2007,0.0
06/02/2007,0.0
07/02/2007,0.0
08/02/2007,0.0
09/02/2007,0.0
10/02/2007,0.0
11/02/2007,0.4
12/02/2007,10.1
13/02/2007,0.0
14/02/2007,0.0
15/02/2007,0.0
16/02/2007,0.0
17/02/2007,0.0
18/02/2007,0.0
19/02/2007,0.0
20/02/2007,0.0
21/02/2007,0.5
22/02/2007,0.0
23/02/2007,1.0
24/02/2007,0.0
25/02/2007,0.0
26/02/2007,0.5
27/02/2007,0.0
28/02/2007,8.0
01/03/2007,0.0
02/03/2007,0.0
03/03/2007,0.0
04/03/2007,0.0
05/03/2007,0.0
06/03/2007,0.0
07/03/2007,0.0
08/03/2007,0.0
09/03/2007,0.0
10/03/2007,0.0
11/03/2007,0.4
12/03/2007,2.6
13/03/2007,23.5
14/03/2007,0.0
15/03/2007,0.5
16/03/2007,0.0
17/03/2007,0.0
18/03/2007,0.0
19/03/2007,44.5
20/03/2007,0.3
21/03/2007,2.2
22/03/2007,0.0
23/03/2007,0.8
24/03/2007,3.7
25/03/2007,23.1
26/03/2007,0.0
27/03/2007,0.0
28/03/2007,2.9
29/03/2007,5.1
30/03/2007,0.8
31/03/2007,12.2
01/04/2007,5.0
02/04/2007,0.0
03/04/2007,0.0
04/04/2007,0.0
05/04/2007,0.0
06/04/2007,1.9
07/04/2007,17.5
08/04/2007,3.4
09/04/2007,4.1
10/04/2007,72.9
11/04/2007,1.6
12/04/2007,21.5
13/04/2007,0.5
14/04/2007,0.5
15/04/2007,0.0
16/04/2007,7.5
17/04/2007,0.0
18/04/2007,0.0
19/04/2007,1.0
20/04/2007,0.0
21/04/2007,0.0
22/04/2007,0.0
23/04/2007,0.3
24/04/2007,0.2
25/04/2007,7.5
26/04/2007,0.0
27/04/2007,0.0
28/04/2007,1.0
29/04/2007,27.2
30/04/2007,1.3
01/05/2007,1.5
02/05/2007,0.0
03/05/2007,1.5
04/05/2007,0.0
05/05/2007,24.0
06/05/2007,0.0
07/05/2007,0.5
08/05/2007,12.0
09/05/2007,103.6
10/05/2007,3.5
11/05/2007,1.0
12/05/2007,10.5
13/05/2007,0.4
14/05/2007,3.1
15/05/2007,6.0
16/05/2007,8.7
17/05/2007,1.2
18/05/2007,18.6
19/05/2007,2.5
20/05/2007,3.4
21/05/2007,11.6
22/05/2007,0.0
23/05/2007,0.0
24/05/2007,0.0
25/05/2007,0.0
26/05/2007,0.5
27/05/2007,0.0
28/05/2007,2.0
29/05/2007,0.5
30/05/2007,14.0
31/05/2007,77.5
01/06/2007,0.5
02/06/2007,9.0
03/06/2007,0.0
04/06/2007,0.5
05/06/2007,1.0
06/06/2007,0.4
07/06/2007,21.1
08/06/2007,0.0
09/06/2007,0.0
10/06/2007,0.0
11/06/2007,8.5
12/06/2007,0.0
13/06/2007,0.0
14/06/2007,0.0
15/06/2007,0.5
16/06/2007,65.8
17/06/2007,27.1
18/06/2007,5.1
19/06/2007,24.9
20/06/2007,2.6
21/06/2007,20.5
22/06/2007,0.0
23/06/2007,2.4
24/06/2007,20.3
25/06/2007,16.3
26/06/2007,0.5
27/06/2007,0.0
28/06/2007,10.5
29/06/2007,0.5
30/06/2007,0.0
01/07/2007,0.0
02/07/2007,0.0
03/07/2007,0.0
04/07/2007,0.5
05/07/2007,2.5
06/07/2007,11.3
07/07/2007,4.2
08/07/2007,46.6
09/07/2007,0.0
10/07/2007,0.0
11/07/2007,0.0
12/07/2007,0.0
13/07/2007,39.8
14/07/2007,1.7
15/07/2007,0.0
16/07/2007,0.0
17/07/2007,0.0
18/07/2007,10.0
19/07/2007,0.0
20/07/2007,0.0
21/07/2007,1.4
22/07/2007,12.9
23/07/2007,5.2
24/07/2007,72.5
25/07/2007,2.0
26/07/2007,0.0
27/07/2007,4.7
28/07/2007,34.7
29/07/2007,0.2
30/07/2007,0.5
31/07/2007,8.5
01/08/2007,0.0
02/08/2007,0.0
03/08/2007,0.0
04/08/2007,15.6
05/08/2007,0.4
06/08/2007,0.6
07/08/2007,0.9
08/08/2007,0.0
09/08/2007,0.0
10/08/2007,0.0
11/08/2007,0.0
12/08/2007,2.0
13/08/2007,0.0
14/08/2007,2.0
15/08/2007,0.0
16/08/2007,3.0
17/08/2007,0.0
18/08/2007,4.0
19/08/2007,3.9
20/08/2007,21.6
21/08/2007,0.0
22/08/2007,79.5
23/08/2007,40.5
24/08/2007,9.0
25/08/2007,12.0
26/08/2007,9.0
27/08/2007,0.0
28/08/2007,24.0
29/08/2007,0.5
30/08/2007,0.0
31/08/2007,0.0
01/09/2007,0.0
02/09/2007,0.0
03/09/2007,0.0
04/09/2007,9.0
05/09/2007,0.0
06/09/2007,0.0
07/09/2007,0.0
08/09/2007,2.0
09/09/2007,0.0
10/09/2007,3.0
11/09/2007,10.5
12/09/2007,0.4
13/09/2007,1.1
14/09/2007,8.2
15/09/2007,25.5
16/09/2007,0.4
17/09/2007,0.0
18/09/2007,0.5
19/09/2007,0.0
20/09/2007,0.0
21/09/2007,11.4
22/09/2007,20.1
23/09/2007,20.5
24/09/2007,17.2
25/09/2007,18.8
26/09/2007,5.0
27/09/2007,0.0
28/09/2007,0.0
29/09/2007,0.0
30/09/2007,40.2
01/10/2007,1.3
02/10/2007,0.0
03/10/2007,0.0
04/10/2007,0.4
05/10/2007,0.6
06/10/2007,0.5
07/10/2007,2.0
08/10/2007,22.4
09/10/2007,1.1
10/10/2007,2.4
11/10/2007,3.4
12/10/2007,1.2
13/10/2007,0.0
14/10/2007,0.0
15/10/2007,3.5
16/10/2007,0.0
17/10/2007,0.0
18/10/2007,21.8
19/10/2007,24.2
20/10/2007,0.0
21/10/2007,24.5
22/10/2007,28.3
23/10/2007,89.3
24/10/2007,19.3
25/10/2007,1.9
26/10/2007,59.8
27/10/2007,27.9
28/10/2007,0.5
29/10/2007,17.0
30/10/2007,15.5
31/10/2007,0.0
01/11/2007,0.5
02/11/2007,2.5
03/11/2007,29.0
04/11/2007,6.5
05/11/2007,0.4
06/11/2007,6.8
07/11/2007,7.3
08/11/2007,33.2
09/11/2007,0.3
10/11/2007,34.2
11/11/2007,57.8
12/11/2007,24.5
13/11/2007,4.5
14/11/2007,0.8
15/11/2007,13.7
16/11/2007,0.5
17/11/2007,0.5
18/11/2007,2.5
19/11/2007,33.0
20/11/2007,4.6
21/11/2007,21.9
22/11/2007,0.5
23/11/2007,0.0
24/11/2007,0.0
25/11/2007,0.0
26/11/2007,26.0
27/11/2007,23.5
28/11/2007,3.5
29/11/2007,16.5
30/11/2007,1.0
01/12/2007,0.0
02/12/2007,0.4
03/12/2007,1.0
04/12/2007,1.5
05/12/2007,10.7
06/12/2007,52.3
07/12/2007,110.9
08/12/2007,54.3
09/12/2007,35.9
10/12/2007,33.0
11/12/2007,37.6
12/12/2007,32.8
13/12/2007,33.3
14/12/2007,34.7
15/12/2007,3.2
16/12/2007,10.7
17/12/2007,13.8
18/12/2007,3.3
19/12/2007,4.8
20/12/2007,5.3
21/12/2007,2.9
22/12/2007,0.0
23/12/2007,0.0
24/12/2007,0.0
25/12/2007,0.0
26/12/2007,0.0
27/12/2007,0.0
28/12/2007,0.0
29/12/2007,0.0
30/12/2007,0.0
31/12/2007,27.1
01/01/2008,22.9
02/01/2008,33.2
03/01/2008,5.6
04/01/2008,0.5
05/01/2008,2.3
06/01/2008,9.9
07/01/2008,6.2
08/01/2008,3.8
09/01/2008,1.0
10/01/2008,0.5
11/01/2008,0.0
12/01/2008,0.0
13/01/2008,0.0
14/01/2008,0.0
15/01/2008,0.0
16/01/2008,0.0
17/01/2008,39.4
18/01/2008,120.2
19/01/2008,9.3
20/01/2008,0.0
21/01/2008,0.4
22/01/2008,0.5
23/01/2008,0.5
24/01/2008,0.6
25/01/2008,0.0
26/01/2008,0.4
27/01/2008,3.6
28/01/2008,2.0
29/01/2008,0.0
30/01/2008,0.0
31/01/2008,0.0
01/02/2008,9.0
02/02/2008,70.9
03/02/2008,1.1
04/02/2008,1.2
05/02/2008,1.3
06/02/2008,0.0
07/02/2008,0.0
08/02/2008,0.0
09/02/2008,0.0
10/02/2008,0.0
11/02/2008,0.0
12/02/2008,0.0
13/02/2008,0.0
14/02/2008,0.0
15/02/2008,0.0
16/02/2008,0.0
17/02/2008,0.0
18/02/2008,0.0
19/02/2008,0.0
20/02/2008,1.0
21/02/2008,0.0
22/02/2008,0.0
23/02/2008,0.0
24/02/2008,0.0
25/02/2008,7.5
26/02/2008,0.0
27/02/2008,25.7
28/02/2008,26.5
29/02/2008,50.4
01/03/2008,1.5
02/03/2008,0.0
03/03/2008,0.2
04/03/2008,12.9
05/03/2008,12.0
06/03/2008,11.6
07/03/2008,17.2
08/03/2008,0.4
09/03/2008,9.6
10/03/2008,19.6
11/03/2008,7.2
12/03/2008,2.2
13/03/2008,0.0
14/03/2008,0.0
15/03/2008,0.0
16/03/2008,0.5
17/03/2008,0.0
18/03/2008,0.0
19/03/2008,3.0
20/03/2008,0.0
21/03/2008,0.0
22/03/2008,12.0
23/03/2008,0.0
24/03/2008,0.0
25/03/2008,10.4
26/03/2008,4.6
27/03/2008,0.0
28/03/2008,0.0
29/03/2008,0.0
30/03/2008,0.0
31/03/2008,5.5
01/04/2008,0.0
02/04/2008,12.0
03/04/2008,0.5
04/04/2008,1.0
05/04/2008,0.0
06/04/2008,42.5
07/04/2008,0.0
08/04/2008,0.0
09/04/2008,0.0
10/04/2008,0.0
11/04/2008,0.0
12/04/2008,8.0
13/04/2008,0.0
14/04/2008,0.0
15/04/2008,23.5
16/04/2008,0.0
17/04/2008,0.0
18/04/2008,0.0
19/04/2008,0.0
20/04/2008,0.0
21/04/2008,0.0
22/04/2008,49.5
23/04/2008,3.5
24/04/2008,4.9
25/04/2008,0.0
26/04/2008,5.0
27/04/2008,26.5
28/04/2008,0.0
29/04/2008,0.0
30/04/2008,25.0
01/05/2008,14.0
02/05/2008,0.0
03/05/2008,6.0
04/05/2008,0.0
05/05/2008,29.5
06/05/2008,104.4
07/05/2008,0.6
08/05/2008,14.5
09/05/2008,17.0
10/05/2008,0.0
11/05/2008,0.0
12/05/2008,0.0
13/05/2008,0.0
14/05/2008,2.0
15/05/2008,0.0
16/05/2008,0.0
17/05/2008,0.0
18/05/2008,0.5
19/05/2008,9.0
20/05/2008,23.5
21/05/2008,19.0
22/05/2008,0.3
23/05/2008,28.7
24/05/2008,1.0
25/05/2008,0.0
26/05/2008,0.0
27/05/2008,1.5
28/05/2008,5.8
29/05/2008,19.7
30/05/2008,0.5
31/05/2008,2.5
01/06/2008,0.5
02/06/2008,0.0
03/06/2008,0.5
04/06/2008,0.0
05/06/2008,12.0
06/06/2008,0.4
07/06/2008,0.6
08/06/2008,32.0
09/06/2008,15.4
10/06/2008,7.1
11/06/2008,1.0
12/06/2008,0.0
13/06/2008,0.0
14/06/2008,14.0
15/06/2008,39.0
16/06/2008,0.4
17/06/2008,0.1
18/06/2008,42.4
19/06/2008,50.1
20/06/2008,1.0
21/06/2008,5.0
22/06/2008,83.5
23/06/2008,9.0
24/06/2008,16.3
25/06/2008,76.7
26/06/2008,12.5
27/06/2008,28.0
28/06/2008,15.9
29/06/2008,0.1
30/06/2008,0.0
01/07/2008,0.5
02/07/2008,0.5
03/07/2008,58.5
04/07/2008,0.0
05/07/2008,14.5
06/07/2008,0.5
07/07/2008,0.5
08/07/2008,0.0
09/07/2008,0.5
10/07/2008,23.5
11/07/2008,10.5
12/07/2008,0.4
13/07/2008,0.1
14/07/2008,3.0
15/07/2008,13.5
16/07/2008,0.0
17/07/2008,0.0
18/07/2008,10.4
19/07/2008,6.5
20/07/2008,1.6
21/07/2008,0.0
22/07/2008,24.0
23/07/2008,5.5
24/07/2008,21.0
25/07/2008,0.5
26/07/2008,16.0
27/07/2008,2.0
28/07/2008,0.0
29/07/2008,0.0
30/07/2008,0.0
31/07/2008,0.0
01/08/2008,0.0
02/08/2008,0.5
03/08/2008,70.5
04/08/2008,2.0
05/08/2008,53.6
06/08/2008,16.9
07/08/2008,1.5
08/08/2008,0.0
09/08/2008,0.0
10/08/2008,28.0
11/08/2008,0.4
12/08/2008,38.0
13/08/2008,1.5
14/08/2008,13.0
15/08/2008,2.5
16/08/2008,4.5
17/08/2008,2.8
18/08/2008,35.7
19/08/2008,61.0
20/08/2008,16.5
21/08/2008,0.0
22/08/2008,10.5
23/08/2008,105.5
24/08/2008,0.5
25/08/2008,23.5
26/08/2008,73.5
27/08/2008,21.1
28/08/2008,8.9
29/08/2008,15.2
30/08/2008,3.3
31/08/2008,0.4
01/09/2008,3.1
02/09/2008,6.5
03/09/2008,1.0
04/09/2008,8.8
05/09/2008,22.2
06/09/2008,15.0
07/09/2008,1.5
08/09/2008,15.1
09/09/2008,1.2
10/09/2008,9.2
11/09/2008,3.0
12/09/2008,0.0
13/09/2008,8.4
14/09/2008,8.1
15/09/2008,0.0
16/09/2008,1.5
17/09/2008,1.2
18/09/2008,2.5
19/09/2008,0.4
20/09/2008,0.0
21/09/2008,10.0
22/09/2008,13.0
23/09/2008,0.0
24/09/2008,0.0
25/09/2008,0.0
26/09/2008,25.3
27/09/2008,0.2
28/09/2008,0.0
29/09/2008,21.9
30/09/2008,3.6
01/10/2008,0.0
02/10/2008,0.0
03/10/2008,9.6
04/10/2008,34.4
05/10/2008,2.0
06/10/2008,13.5
07/10/2008,1.0
08/10/2008,0.4
09/10/2008,8.1
10/10/2008,0.0
11/10/2008,0.0
12/10/2008,24.5
13/10/2008,5.8
14/10/2008,0.2
15/10/2008,2.0
16/10/2008,0.0
17/10/2008,0.0
18/10/2008,0.0
19/10/2008,2.0
20/10/2008,1.4
21/10/2008,16.1
22/10/2008,24.8
23/10/2008,6.3
24/10/2008,2.9
25/10/2008,0.0
26/10/2008,0.0
27/10/2008,59.0
28/10/2008,0.0
29/10/2008,0.0
30/10/2008,7.9
31/10/2008,22.8
01/11/2008,4.1
02/11/2008,4.8
03/11/2008,0.0
04/11/2008,0.9
05/11/2008,8.1
06/11/2008,27.5
07/11/2008,50.0
08/11/2008,0.5
09/11/2008,10.0
10/11/2008,17.0
11/11/2008,1.0
12/11/2008,1.7
13/11/2008,11.3
14/11/2008,0.0
15/11/2008,0.5
16/11/2008,0.5
17/11/2008,13.5
18/11/2008,4.3
19/11/2008,65.3
20/11/2008,44.2
21/11/2008,33.3
22/11/2008,0.0
23/11/2008,75.0
24/11/2008,2.0
25/11/2008,5.3
26/11/2008,3.2
27/11/2008,4.0
28/11/2008,0.4
29/11/2008,4.1
30/11/2008,0.0
01/12/2008,0.5
02/12/2008,8.0
03/12/2008,3.5
04/12/2008,1.0
05/12/2008,0.5
06/12/2008,77.9
07/12/2008,205.0
08/12/2008,16.6
09/12/2008,0.0
10/12/2008,0.0
11/12/2008,0.5
12/12/2008,0.0
13/12/2008,37.0
14/12/2008,14.5
15/12/2008,1.2
16/12/2008,2.8
17/12/2008,0.0
18/12/2008,0.0
19/12/2008,0.0
20/12/2008,0.0
21/12/2008,0.0
22/12/2008,0.0
23/12/2008,0.7
24/12/2008,1.6
25/12/2008,50.7
26/12/2008,6.5
27/12/2008,8.0
28/12/2008,2.2
29/12/2008,6.3
30/12/2008,49.0
31/12/2008,3.0
01/01/2009,29.1
02/01/2009,130.0
03/01/2009,198.4
04/01/2009,60.6
05/01/2009,4.0
06/01/2009,0.0
07/01/2009,0.0
08/01/2009,0.0
09/01/2009,1.5
10/01/2009,0.0
11/01/2009,0.0
12/01/2009,6.9
13/01/2009,63.5
14/01/2009,3.6
15/01/2009,0.5
16/01/2009,3.0
17/01/2009,0.0
18/01/2009,0.0
19/01/2009,0.0
20/01/2009,0.0
21/01/2009,0.0
22/01/2009,0.0
23/01/2009,0.4
24/01/2009,4.6
25/01/2009,35.5
26/01/2009,0.0
27/01/2009,0.0
28/01/2009,0.0
29/01/2009,0.0
30/01/2009,0.0
31/01/2009,0.0
01/02/2009,0.0
02/02/2009,0.0
03/02/2009,0.0
04/02/2009,0.0
05/02/2009,0.0
06/02/2009,0.0
07/02/2009,0.0
08/02/2009,0.0
09/02/2009,0.0
10/02/2009,0.0
11/02/2009,0.9
12/02/2009,5.6
13/02/2009,26.5
14/02/2009,5.0
15/02/2009,0.0
16/02/2009,0.0
17/02/2009,0.0
18/02/2009,0.0
19/02/2009,0.0
20/02/2009,0.0
21/02/2009,7.3
22/02/2009,0.2
23/02/2009,0.0
24/02/2009,6.5
25/02/2009,0.5
26/02/2009,0.0
27/02/2009,0.0
28/02/2009,0.0
01/03/2009,3.4
02/03/2009,15.1
03/03/2009,43.5
04/03/2009,0.5
05/03/2009,2.5
06/03/2009,10.5
07/03/2009,0.0
08/03/2009,24.9
09/03/2009,23.6
10/03/2009,0.0
11/03/2009,0.0
12/03/2009,0.0
13/03/2009,3.5
14/03/2009,2.3
15/03/2009,58.5
16/03/2009,13.7
17/03/2009,0.0
18/03/2009,0.0
19/03/2009,2.0
20/03/2009,0.0
21/03/2009,1.5
22/03/2009,0.0
23/03/2009,0.0
24/03/2009,19.5
25/03/2009,0.0
26/03/2009,2.7
27/03/2009,1.3
28/03/2009,0.0
29/03/2009,0.0
30/03/2009,17.0
31/03/2009,0.0
01/04/2009,1.0
02/04/2009,0.0
03/04/2009,1.0
04/04/2009,1.0
05/04/2009,2.0
06/04/2009,0.0
07/04/2009,0.0
08/04/2009,16.8
09/04/2009,20.7
10/04/2009,0.0
11/04/2009,5.5
12/04/2009,10.9
13/04/2009,0.1
14/04/2009,0.0
15/04/2009,64.0
16/04/2009,0.0
17/04/2009,0.0
18/04/2009,0.5
19/04/2009,0.0
20/04/2009,13.3
21/04/2009,5.2
22/04/2009,0.0
23/04/2009,10.5
24/04/2009,6.0
25/04/2009,0.0
26/04/2009,0.0
27/04/2009,34.5
28/04/2009,0.5
29/04/2009,0.0
30/04/2009,0.5
01/05/2009,0.8
02/05/2009,13.0
03/05/2009,6.8
04/05/2009,1.0
05/05/2009,3.0
06/05/2009,19.5
07/05/2009,4.5
08/05/2009,8.7
09/05/2009,50.3
10/05/2009,0.5
11/05/2009,23.0
12/05/2009,30.5
13/05/2009,4.4
14/05/2009,21.1
15/05/2009,0.5
16/05/2009,0.5
17/05/2009,0.4
18/05/2009,9.1
19/05/2009,0.0
20/05/2009,0.5
21/05/2009,52.0
22/05/2009,23.3
23/05/2009,20.7
24/05/2009,0.0
25/05/2009,0.0
26/05/2009,55.2
27/05/2009,26.2
28/05/2009,31.4
29/05/2009,24.7
30/05/2009,0.0
31/05/2009,0.0
01/06/2009,0.0
02/06/2009,0.0
03/06/2009,0.0
04/06/2009,0.0
05/06/2009,0.0
06/06/2009,0.0
07/06/2009,1.0
08/06/2009,0.0
09/06/2009,0.0
10/06/2009,0.0
11/06/2009,0.0
12/06/2009,13.5
13/06/2009,2.5
14/06/2009,18.0
15/06/2009,2.5
16/06/2009,0.0
17/06/2009,0.0
18/06/2009,0.0
19/06/2009,1.0
20/06/2009,0.5
21/06/2009,28.5
22/06/2009,34.0
23/06/2009,78.5
24/06/2009,1.0
25/06/2009,0.0
26/06/2009,0.0
27/06/2009,0.0
28/06/2009,0.0
29/06/2009,24.0
30/06/2009,5.5
01/07/2009,6.5
02/07/2009,35.5
03/07/2009,2.2
04/07/2009,9.8
05/07/2009,0.0
06/07/2009,0.0
07/07/2009,0.0
08/07/2009,36.0
09/07/2009,49.0
10/07/2009,20.0
11/07/2009,12.0
12/07/2009,0.0
13/07/2009,17.5
14/07/2009,0.0
15/07/2009,0.0
16/07/2009,0.0
17/07/2009,0.0
18/07/2009,0.0
19/07/2009,0.0
20/07/2009,0.0
21/07/2009,11.8
22/07/2009,0.2
23/07/2009,0.0
24/07/2009,0.0
25/07/2009,0.0
26/07/2009,0.0
27/07/2009,43.5
28/07/2009,0.5
29/07/2009,2.5
30/07/2009,0.0
31/07/2009,0.0
01/08/2009,18.1
02/08/2009,15.4
03/08/2009,0.5
04/08/2009,0.0
05/08/2009,0.0
06/08/2009,2.0
07/08/2009,18.5
08/08/2009,4.0
09/08/2009,40.8
10/08/2009,21.7
11/08/2009,0.0
12/08/2009,0.0
13/08/2009,5.5
14/08/2009,0.0
15/08/2009,0.0
16/08/2009,0.0
17/08/2009,0.5
18/08/2009,0.0
19/08/2009,0.5
20/08/2009,2.9
21/08/2009,0.6
22/08/2009,67.0
23/08/2009,49.5
24/08/2009,61.0
25/08/2009,22.5
26/08/2009,34.0
27/08/2009,16.0
28/08/2009,29.0
29/08/2009,0.0
30/08/2009,2.0
31/08/2009,0.0
01/09/2009,64.4
02/09/2009,4.6
03/09/2009,1.5
04/09/2009,6.5
05/09/2009,0.5
06/09/2009,57.5
07/09/2009,0.0
08/09/2009,0.0
09/09/2009,14.9
10/09/2009,0.1
11/09/2009,0.0
12/09/2009,0.3
13/09/2009,13.7
14/09/2009,0.0
15/09/2009,0.0
16/09/2009,0.4
17/09/2009,0.6
18/09/2009,7.1
19/09/2009,0.0
20/09/2009,0.0
21/09/2009,107.4
22/09/2009,3.8
23/09/2009,27.8
24/09/2009,22.0
25/09/2009,0.5
26/09/2009,0.0
27/09/2009,0.0
28/09/2009,0.0
29/09/2009,5.5
30/09/2009,1.5
01/10/2009,0.5
02/10/2009,19.5
03/10/2009,7.4
04/10/2009,8.1
05/10/2009,11.8
06/10/2009,14.2
07/10/2009,0.0
08/10/2009,82.0
09/10/2009,2.0
10/10/2009,84.5
11/10/2009,26.8
12/10/2009,0.2
13/10/2009,0.0
14/10/2009,0.0
15/10/2009,0.0
16/10/2009,0.0
17/10/2009,0.0
18/10/2009,0.0
19/10/2009,0.0
20/10/2009,0.0
21/10/2009,0.0
22/10/2009,0.0
23/10/2009,0.0
24/10/2009,0.0
25/10/2009,0.0
26/10/2009,0.0
27/10/2009,0.0
28/10/2009,0.0
29/10/2009,0.0
30/10/2009,0.0
31/10/2009,0.0
01/11/2009,0.0
02/11/2009,0.0
03/11/2009,0.5
04/11/2009,6.4
05/11/2009,114.0
06/11/2009,117.0
07/11/2009,0.1
08/11/2009,1.8
09/11/2009,41.7
10/11/2009,4.0
11/11/2009,0.0
12/11/2009,1.6
13/11/2009,7.8
14/11/2009,9.8
15/11/2009,5.8
16/11/2009,5.8
17/11/2009,1.5
18/11/2009,25.4
19/11/2009,29.6
20/11/2009,44.0
21/11/2009,157.3
22/11/2009,122.3
23/11/2009,24.4
24/11/2009,9.3
25/11/2009,2.0
26/11/2009,17.3
27/11/2009,0.7
28/11/2009,1.0
29/11/2009,2.5
30/11/2009,31.7
01/12/2009,16.9
02/12/2009,168.4
03/12/2009,116.1
04/12/2009,21.8
05/12/2009,43.2
06/12/2009,0.0
07/12/2009,1.0
08/12/2009,0.0
09/12/2009,0.5
10/12/2009,0.0
11/12/2009,0.0
12/12/2009,0.0
13/12/2009,0.4
14/12/2009,5.6
15/12/2009,1.5
16/12/2009,2.3
17/12/2009,37.7
18/12/2009,112.1
19/12/2009,34.1
20/12/2009,42.4
21/12/2009,0.7
22/12/2009,3.3
23/12/2009,24.3
24/12/2009,0.9
25/12/2009,1.4
26/12/2009,16.3
27/12/2009,38.8
28/12/2009,0.0
29/12/2009,0.0
30/12/2009,4.0
31/12/2009,0.0
01/01/2010,19.4
02/01/2010,8.1
03/01/2010,7.5
04/01/2010,39.5
05/01/2010,0.4
06/01/2010,20.0
07/01/2010,14.1
08/01/2010,3.0
09/01/2010,0.0
10/01/2010,0.0
11/01/2010,0.0
12/01/2010,0.0
13/01/2010,4.8
14/01/2010,7.2
15/01/2010,0.0
16/01/2010,0.0
17/01/2010,0.0
18/01/2010,0.0
19/01/2010,0.0
20/01/2010,44.8
21/01/2010,5.2
22/01/2010,0.5
23/01/2010,0.0
24/01/2010,0.5
25/01/2010,0.4
26/01/2010,8.1
27/01/2010,32.0
28/01/2010,0.0
29/01/2010,0.0
30/01/2010,0.0
31/01/2010,0.0
01/02/2010,0.0
02/02/2010,0.0
03/02/2010,0.0
04/02/2010,0.0
05/02/2010,0.0
06/02/2010,0.4
07/02/2010,0.1
08/02/2010,0.0
09/02/2010,0.0
10/02/2010,0.0
11/02/2010,0.0
12/02/2010,0.0
13/02/2010,0.5
14/02/2010,0.0
15/02/2010,0.5
16/02/2010,0.4
17/02/2010,6.1
18/02/2010,7.0
19/02/2010,0.0
20/02/2010,0.0
21/02/2010,0.0
22/02/2010,0.0
23/02/2010,0.0
24/02/2010,0.0
25/02/2010,0.0
26/02/2010,0.0
27/02/2010,0.0
28/02/2010,0.0
01/03/2010,0.0
02/03/2010,0.0
03/03/2010,0.0
04/03/2010,0.0
05/03/2010,0.0
06/03/2010,0.0
07/03/2010,0.0
08/03/2010,0.0
09/03/2010,0.0
10/03/2010,0.4
11/03/2010,4.5
12/03/2010,19.6
13/03/2010,1.4
14/03/2010,10.1
15/03/2010,0.0
16/03/2010,0.0
17/03/2010,2.3
18/03/2010,3.1
19/03/2010,56.5
20/03/2010,17.4
21/03/2010,9.2
22/03/2010,1.0
23/03/2010,0.0
24/03/2010,0.0
25/03/2010,0.5
26/03/2010,4.5
27/03/2010,0.4
28/03/2010,7.6
29/03/2010,1.0
30/03/2010,2.5
31/03/2010,0.0
01/04/2010,0.0
02/04/2010,0.0
03/04/2010,4.0
04/04/2010,9.5
05/04/2010,0.0
06/04/2010,0.0
07/04/2010,0.0
08/04/2010,0.0
09/04/2010,0.0
10/04/2010,0.0
11/04/2010,0.0
12/04/2010,0.5
13/04/2010,0.0
14/04/2010,0.0
15/04/2010,0.0
16/04/2010,0.0
17/04/2010,0.3
18/04/2010,2.7
19/04/2010,0.0
20/04/2010,2.0
21/04/2010,0.0
22/04/2010,0.0
23/04/2010,0.0
24/04/2010,0.4
25/04/2010,18.0
26/04/2010,34.6
27/04/2010,5.5
28/04/2010,0.0
29/04/2010,6.3
30/04/2010,0.2
01/05/2010,0.0
02/05/2010,0.0
03/05/2010,0.0
04/05/2010,0.0
05/05/2010,0.0
06/05/2010,0.0
07/05/2010,0.0
08/05/2010,0.0
09/05/2010,8.0
10/05/2010,0.0
11/05/2010,0.0
12/05/2010,12.5
13/05/2010,7.5
14/05/2010,13.5
15/05/2010,0.0
16/05/2010,42.0
17/05/2010,3.5
18/05/2010,4.6
19/05/2010,26.9
20/05/2010,0.0
21/05/2010,0.0
22/05/2010,16.5
23/05/2010,0.0
24/05/2010,0.0
25/05/2010,0.0
26/05/2010,0.0
27/05/2010,0.0
28/05/2010,0.0
29/05/2010,0.0
30/05/2010,0.0
31/05/2010,0.0
01/06/2010,0.0
02/06/2010,0.0
03/06/2010,1.5
04/06/2010,19.7
05/06/2010,33.8
06/06/2010,0.0
07/06/2010,1.0
08/06/2010,0.0
09/06/2010,17.3
10/06/2010,2.7
11/06/2010,0.0
12/06/2010,0.0
13/06/2010,0.0
14/06/2010,0.0
15/06/2010,13.8
16/06/2010,0.7
17/06/2010,0.0
18/06/2010,0.0
19/06/2010,0.0
20/06/2010,20.5
21/06/2010,0.5
22/06/2010,0.0
23/06/2010,0.5
24/06/2010,0.0
25/06/2010,0.0
26/06/2010,0.0
27/06/2010,0.0
28/06/2010,0.4
29/06/2010,22.1
30/06/2010,0.0
01/07/2010,5.5
02/07/2010,20.3
03/07/2010,17.7
04/07/2010,0.0
05/07/2010,0.0
06/07/2010,0.0
07/07/2010,0.0
08/07/2010,13.5
09/07/2010,3.3
10/07/2010,0.2
11/07/2010,0.5
12/07/2010,8.5
13/07/2010,22.5
14/07/2010,6.5
15/07/2010,0.0
16/07/2010,0.0
17/07/2010,0.0
18/07/2010,0.0
19/07/2010,0.0
20/07/2010,14.5
21/07/2010,0.0
22/07/2010,0.0
23/07/2010,0.0
24/07/2010,5.4
25/07/2010,31.6
26/07/2010,1.0
27/07/2010,0.0
28/07/2010,0.0
29/07/2010,0.0
30/07/2010,0.0
31/07/2010,20.5
01/08/2010,0.0
02/08/2010,0.0
03/08/2010,0.0
04/08/2010,53.1
05/08/2010,57.9
06/08/2010,8.8
07/08/2010,13.2
08/08/2010,0.0
09/08/2010,0.0
10/08/2010,0.0
11/08/2010,0.5
12/08/2010,0.0
13/08/2010,5.0
14/08/2010,0.5
15/08/2010,0.5
16/08/2010,5.5
17/08/2010,0.0
18/08/2010,11.6
19/08/2010,3.4
20/08/2010,0.0
21/08/2010,0.5
22/08/2010,6.0
23/08/2010,70.0
24/08/2010,0.0
25/08/2010,0.0
26/08/2010,9.0
27/08/2010,9.5
28/08/2010,0.0
29/08/2010,0.5
30/08/2010,15.0
31/08/2010,23.2
01/09/2010,0.3
02/09/2010,1.5
03/09/2010,0.4
04/09/2010,1.0
05/09/2010,4.1
06/09/2010,30.5
07/09/2010,0.0
08/09/2010,0.0
09/09/2010,0.4
10/09/2010,8.6
11/09/2010,0.0
12/09/2010,8.5
13/09/2010,0.5
14/09/2010,0.0
15/09/2010,18.0
16/09/2010,0.0
17/09/2010,0.0
18/09/2010,60.5
19/09/2010,0.0
20/09/2010,0.0
21/09/2010,3.0
22/09/2010,1.0
23/09/2010,0.5
24/09/2010,0.0
25/09/2010,0.0
26/09/2010,0.0
27/09/2010,0.0
28/09/2010,0.5
29/09/2010,1.5
30/09/2010,9.5
01/10/2010,0.0
02/10/2010,0.4
03/10/2010,0.1
04/10/2010,11.0
05/10/2010,0.0
06/10/2010,1.8
07/10/2010,2.2
08/10/2010,0.0
09/10/2010,20.5
10/10/2010,0.0
11/10/2010,6.5
12/10/2010,0.0
13/10/2010,15.3
14/10/2010,2.2
15/10/2010,0.0
16/10/2010,0.0
17/10/2010,0.4
18/10/2010,3.0
19/10/2010,25.4
20/10/2010,46.3
21/10/2010,1.0
22/10/2010,18.5
23/10/2010,1.5
24/10/2010,0.0
25/10/2010,16.8
26/10/2010,4.2
27/10/2010,7.0
28/10/2010,1.9
29/10/2010,0.6
30/10/2010,8.5
31/10/2010,0.5
01/11/2010,0.0
02/11/2010,0.0
03/11/2010,0.4
04/11/2010,6.6
05/11/2010,4.3
06/11/2010,17.0
07/11/2010,2.3
08/11/2010,3.3
09/11/2010,6.7
10/11/2010,25.5
11/11/2010,17.3
12/11/2010,6.8
13/11/2010,22.9
14/11/2010,1.5
15/11/2010,15.0
16/11/2010,0.0
17/11/2010,1.5
18/11/2010,0.0
19/11/2010,0.0
20/11/2010,22.3
21/11/2010,4.7
22/11/2010,6.0
23/11/2010,11.0
24/11/2010,13.0
25/11/2010,0.5
26/11/2010,0.5
27/11/2010,0.0
28/11/2010,2.3
29/11/2010,2.7
30/11/2010,0.0
01/12/2010,70.4
02/12/2010,0.1
03/12/2010,0.4
04/12/2010,57.4
05/12/2010,32.7
06/12/2010,31.7
07/12/2010,7.3
08/12/2010,9.0
09/12/2010,9.0
10/12/2010,0.5
11/12/2010,8.5
12/12/2010,0.0
13/12/2010,0.7
14/12/2010,4.8
15/12/2010,25.4
16/12/2010,0.1
17/12/2010,4.8
18/12/2010,13.1
19/12/2010,56.8
20/12/2010,7.1
21/12/2010,16.5
22/12/2010,2.5
23/12/2010,23.7
24/12/2010,0.5
25/12/2010,0.0
26/12/2010,0.4
27/12/2010,3.0
28/12/2010,28.6
29/12/2010,52.1
30/12/2010,98.4
31/12/2010,18.4
01/01/2011,56.3
02/01/2011,32.3
03/01/2011,3.0
04/01/2011,0.4
05/01/2011,76.2
06/01/2011,103.5
07/01/2011,33.8
08/01/2011,26.1
09/01/2011,1.4
10/01/2011,16.1
11/01/2011,0.0
12/01/2011,0.0
13/01/2011,0.0
14/01/2011,0.0
15/01/2011,0.0
16/01/2011,0.0
17/01/2011,0.0
18/01/2011,0.0
19/01/2011,0.0
20/01/2011,0.0
21/01/2011,0.0
22/01/2011,0.0
23/01/2011,0.0
24/01/2011,5.4
25/01/2011,30.6
26/01/2011,13.7
27/01/2011,15.9
28/01/2011,24.4
29/01/2011,23.7
30/01/2011,23.1
31/01/2011,7.0
01/02/2011,2.7
02/02/2011,1.9
03/02/2011,1.1
04/02/2011,0.0
05/02/2011,0.0
06/02/2011,0.0
07/02/2011,0.0
08/02/2011,0.0
09/02/2011,0.0
10/02/2011,0.0
11/02/2011,0.0
12/02/2011,0.0
13/02/2011,0.0
14/02/2011,0.0
15/02/2011,0.0
16/02/2011,0.0
17/02/2011,0.0
18/02/2011,0.0
19/02/2011,0.0
20/02/2011,0.0
21/02/2011,0.0
22/02/2011,0.4
23/02/2011,0.1
24/02/2011,0.0
25/02/2011,0.0
26/02/2011,0.0
27/02/2011,0.0
28/02/2011,0.0
01/03/2011,0.0
02/03/2011,0.0
03/03/2011,0.0
04/03/2011,0.0
05/03/2011,0.0
06/03/2011,0.0
07/03/2011,0.6
08/03/2011,27.7
09/03/2011,168.6
10/03/2011,2.4
11/03/2011,103.7
12/03/2011,9.5
13/03/2011,4.0
14/03/2011,0.0
15/03/2011,18.0
16/03/2011,28.5
17/03/2011,4.0
18/03/2011,11.3
19/03/2011,6.2
20/03/2011,30.2
21/03/2011,1.3
22/03/2011,1.3
23/03/2011,0.2
24/03/2011,4.3
25/03/2011,30.7
26/03/2011,21.5
27/03/2011,0.0
28/03/2011,0.5
29/03/2011,7.0
30/03/2011,8.8
31/03/2011,3.7
01/04/2011,52.5
02/04/2011,8.5
03/04/2011,0.0
04/04/2011,1.4
05/04/2011,0.1
06/04/2011,0.0
07/04/2011,0.0
08/04/2011,0.0
09/04/2011,0.0
10/04/2011,76.8
11/04/2011,2.7
12/04/2011,0.0
13/04/2011,0.0
14/04/2011,0.0
15/04/2011,0.0
16/04/2011,0.0
17/04/2011,0.0
18/04/2011,0.0
19/04/2011,0.0
20/04/2011,0.0
21/04/2011,0.0
22/04/2011,0.0
23/04/2011,0.0
24/04/2011,0.0
25/04/2011,0.0
26/04/2011,0.0
27/04/2011,0.0
28/04/2011,0.0
29/04/2011,0.0
30/04/2011,2.3
01/05/2011,0.7
02/05/2011,8.0
03/05/2011,0.0
04/05/2011,0.0
05/05/2011,23.0
06/05/2011,0.5
07/05/2011,0.0
08/05/2011,0.0
09/05/2011,0.0
10/05/2011,0.3
11/05/2011,9.1
12/05/2011,75.6
13/05/2011,0.0
14/05/2011,13.0
15/05/2011,0.0
16/05/2011,0.0
17/05/2011,0.0
18/05/2011,0.0
19/05/2011,0.0
20/05/2011,0.0
21/05/2011,35.5
22/05/2011,0.0
23/05/2011,9.5
24/05/2011,16.5
25/05/2011,36.5
26/05/2011,0.0
27/05/2011,0.0
28/05/2011,0.0
29/05/2011,0.0
30/05/2011,0.0
31/05/2011,9.5
01/06/2011,42.9
02/06/2011,17.1
03/06/2011,0.0
04/06/2011,14.5
05/06/2011,0.0
06/06/2011,0.0
07/06/2011,0.0
08/06/2011,47.4
09/06/2011,4.1
10/06/2011,0.0
11/06/2011,0.0
12/06/2011,20.0
13/06/2011,0.0
14/06/2011,0.0
15/06/2011,27.2
16/06/2011,1.3
17/06/2011,0.0
18/06/2011,0.0
19/06/2011,0.0
20/06/2011,0.0
21/06/2011,0.4
22/06/2011,4.6
23/06/2011,0.0
24/06/2011,13.0
25/06/2011,0.0
26/06/2011,0.0
27/06/2011,0.0
28/06/2011,0.0
29/06/2011,0.0
30/06/2011,0.0
01/07/2011,0.0
02/07/2011,0.0
03/07/2011,0.0
04/07/2011,48.0
05/07/2011,0.0
06/07/2011,0.0
07/07/2011,0.0
08/07/2011,0.0
09/07/2011,0.0
10/07/2011,0.0
11/07/2011,0.0
12/07/2011,0.0
13/07/2011,0.0
14/07/2011,2.5
15/07/2011,0.0
16/07/2011,0.0
17/07/2011,0.0
18/07/2011,0.0
19/07/2011,0.0
20/07/2011,0.0
21/07/2011,0.0
22/07/2011,8.4
23/07/2011,19.1
24/07/2011,7.5
25/07/2011,0.0
26/07/2011,0.0
27/07/2011,0.0
28/07/2011,0.0
29/07/2011,0.0
30/07/2011,0.0
31/07/2011,0.0
01/08/2011,0.0
02/08/2011,0.0
03/08/2011,0.0
04/08/2011,9.0
05/08/2011,0.0
06/08/2011,27.1
07/08/2011,0.4
08/08/2011,0.0
09/08/2011,16.0
10/08/2011,0.0
11/08/2011,0.0
12/08/2011,0.0
13/08/2011,0.0
14/08/2011,0.0
15/08/2011,10.4
16/08/2011,1.1
17/08/2011,0.0
18/08/2011,0.0
19/08/2011,0.0
20/08/2011,0.0
21/08/2011,0.0
22/08/2011,32.5
23/08/2011,15.1
24/08/2011,0.9
25/08/2011,17.0
26/08/2011,0.0
27/08/2011,0.0
28/08/2011,41.6
29/08/2011,36.4
30/08/2011,0.0
31/08/2011,0.0
01/09/2011,0.0
02/09/2011,0.0
03/09/2011,0.0
04/09/2011,0.0
05/09/2011,0.0
06/09/2011,0.0
07/09/2011,0.0
08/09/2011,0.0
09/09/2011,30.0
10/09/2011,0.5
11/09/2011,0.0
12/09/2011,0.0
13/09/2011,0.0
14/09/2011,0.0
15/09/2011,0.0
16/09/2011,0.0
17/09/2011,8.0
18/09/2011,62.0
19/09/2011,6.0
20/09/2011,0.0
21/09/2011,0.0
22/09/2011,0.0
23/09/2011,0.0
24/09/2011,0.0
25/09/2011,52.5
26/09/2011,39.7
27/09/2011,0.7
28/09/2011,0.0
29/09/2011,0.0
30/09/2011,0.0
01/10/2011,16.0
02/10/2011,10.0
03/10/2011,33.5
04/10/2011,0.5
05/10/2011,14.7
06/10/2011,0.8
07/10/2011,5.7
08/10/2011,8.8
09/10/2011,25.9
10/10/2011,22.0
11/10/2011,43.9
12/10/2011,7.2
13/10/2011,0.0
14/10/2011,0.0
15/10/2011,0.0
16/10/2011,0.0
17/10/2011,0.0
18/10/2011,5.9
19/10/2011,28.6
20/10/2011,0.0
21/10/2011,0.0
22/10/2011,15.5
23/10/2011,0.0
24/10/2011,2.8
25/10/2011,4.7
26/10/2011,0.5
27/10/2011,38.0
28/10/2011,2.8
29/10/2011,37.7
30/10/2011,0.5
31/10/2011,9.2
01/11/2011,0.8
02/11/2011,0.0
03/11/2011,0.0
04/11/2011,0.4
05/11/2011,0.1
06/11/2011,0.0
07/11/2011,0.0
08/11/2011,9.0
09/11/2011,0.5
10/11/2011,5.0
11/11/2011,0.0
12/11/2011,30.0
13/11/2011,7.2
14/11/2011,9.9
15/11/2011,11.2
16/11/2011,2.7
17/11/2011,1.5
18/11/2011,0.0
19/11/2011,0.4
20/11/2011,1.6
21/11/2011,82.9
22/11/2011,107.2
23/11/2011,195.6
24/11/2011,35.9
25/11/2011,3.1
26/11/2011,1.2
27/11/2011,9.4
28/11/2011,22.6
29/11/2011,4.0
30/11/2011,0.5
01/12/2011,0.4
02/12/2011,0.1
03/12/2011,0.0
04/12/2011,4.5
05/12/2011,14.0
06/12/2011,0.5
07/12/2011,0.0
08/12/2011,8.5
09/12/2011,0.0
10/12/2011,54.7
11/12/2011,56.8
12/12/2011,55.5
13/12/2011,0.0
14/12/2011,0.0
15/12/2011,0.0
16/12/2011,63.4
17/12/2011,27.9
18/12/2011,24.4
19/12/2011,5.9
20/12/2011,0.8
21/12/2011,35.6
22/12/2011,6.3
23/12/2011,15.6
24/12/2011,12.1
25/12/2011,0.5
26/12/2011,0.0
27/12/2011,0.4
28/12/2011,26.1
29/12/2011,0.5
30/12/2011,12.0
31/12/2011,1.0
01/01/2012,0.0
02/01/2012,26.4
03/01/2012,2.6
04/01/2012,0.0
05/01/2012,0.0
06/01/2012,0.0
07/01/2012,0.0
08/01/2012,13.0
09/01/2012,0.4
10/01/2012,17.6
11/01/2012,15.9
12/01/2012,89.2
13/01/2012,111.1
14/01/2012,30.3
15/01/2012,4.8
16/01/2012,0.2
17/01/2012,11.4
18/01/2012,0.1
19/01/2012,0.0
20/01/2012,10.9
21/01/2012,0.1
22/01/2012,0.0
23/01/2012,0.0
24/01/2012,0.0
25/01/2012,0.0
26/01/2012,0.0
27/01/2012,25.8
28/01/2012,21.7
29/01/2012,0.5
30/01/2012,0.0
31/01/2012,0.0
01/02/2012,0.5
02/02/2012,24.5
03/02/2012,0.5
04/02/2012,0.0
05/02/2012,0.0
06/02/2012,0.0
07/02/2012,0.0
08/02/2012,0.0
09/02/2012,0.0
10/02/2012,0.0
11/02/2012,0.0
12/02/2012,0.0
13/02/2012,0.0
14/02/2012,0.0
15/02/2012,0.0
16/02/2012,0.0
17/02/2012,0.0
18/02/2012,0.0
19/02/2012,0.0
20/02/2012,0.5
21/02/2012,0.0
22/02/2012,0.0
23/02/2012,0.0
24/02/2012,0.0
25/02/2012,0.0
26/02/2012,0.0
27/02/2012,0.0
28/02/2012,0.0
29/02/2012,6.5
01/03/2012,2.9
02/03/2012,53.9
03/03/2012,14.2
04/03/2012,0.0
05/03/2012,32.0
06/03/2012,0.0
07/03/2012,1.9
08/03/2012,31.1
09/03/2012,4.0
10/03/2012,1.3
11/03/2012,0.5
12/03/2012,47.4
13/03/2012,10.5
14/03/2012,13.6
15/03/2012,7.7
16/03/2012,0.0
17/03/2012,1.5
18/03/2012,0.0
19/03/2012,0.0
20/03/2012,0.0
21/03/2012,13.0
22/03/2012,7.5
23/03/2012,0.0
24/03/2012,0.5
25/03/2012,0.0
26/03/2012,15.0
27/03/2012,0.0
28/03/2012,0.0
29/03/2012,0.4
30/03/2012,2.6
31/03/2012,8.5
01/04/2012,1.0
02/04/2012,10.0
03/04/2012,0.0
04/04/2012,0.0
05/04/2012,0.5
06/04/2012,43.0
07/04/2012,0.0
08/04/2012,7.6
09/04/2012,2.1
10/04/2012,4.3
11/04/2012,0.3
12/04/2012,10.7
13/04/2012,0.4
14/04/2012,67.6
15/04/2012,3.5
16/04/2012,1.5
17/04/2012,0.0
18/04/2012,0.0
19/04/2012,3.5
20/04/2012,1.5
21/04/2012,16.0
22/04/2012,0.0
23/04/2012,0.4
24/04/2012,52.6
25/04/2012,0.0
26/04/2012,0.0
27/04/2012,0.0
28/04/2012,0.4
29/04/2012,24.6
30/04/2012,0.8
01/05/2012,9.7
02/05/2012,7.1
03/05/2012,0.4
04/05/2012,1.0
05/05/2012,44.0
06/05/2012,5.5
07/05/2012,0.0
08/05/2012,59.5
09/05/2012,1.0
10/05/2012,19.5
11/05/2012,3.5
12/05/2012,43.6
13/05/2012,13.4
14/05/2012,55.6
15/05/2012,2.6
16/05/2012,0.3
17/05/2012,0.0
18/05/2012,0.0
19/05/2012,0.0
20/05/2012,20.5
21/05/2012,0.0
22/05/2012,18.5
23/05/2012,18.7
24/05/2012,6.1
25/05/2012,7.7
26/05/2012,0.0
27/05/2012,9.0
28/05/2012,0.0
29/05/2012,0.0
30/05/2012,0.0
31/05/2012,2.5
01/06/2012,2.0
02/06/2012,29.8
03/06/2012,3.7
04/06/2012,27.0
05/06/2012,8.5
06/06/2012,0.0
07/06/2012,0.0
08/06/2012,0.4
09/06/2012,4.6
10/06/2012,0.0
11/06/2012,0.0
12/06/2012,0.0
13/06/2012,0.0
14/06/2012,0.4
15/06/2012,0.1
16/06/2012,0.0
17/06/2012,0.0
18/06/2012,0.0
19/06/2012,0.0
20/06/2012,0.4
21/06/2012,14.6
22/06/2012,0.0
23/06/2012,0.0
24/06/2012,6.0
25/06/2012,0.0
26/06/2012,12.0
27/06/2012,0.0
28/06/2012,0.0
29/06/2012,0.5
30/06/2012,0.0
01/07/2012,0.0
02/07/2012,34.0
03/07/2012,0.4
04/07/2012,47.1
05/07/2012,2.5
06/07/2012,1.0
07/07/2012,1.5
08/07/2012,1.2
09/07/2012,5.8
10/07/2012,0.0
11/07/2012,0.0
12/07/2012,0.0
13/07/2012,0.0
14/07/2012,0.0
15/07/2012,41.0
16/07/2012,0.0
17/07/2012,3.0
18/07/2012,0.0
19/07/2012,31.1
20/07/2012,0.9
21/07/2012,3.0
22/07/2012,1.5
23/07/2012,27.5
24/07/2012,0.0
25/07/2012,0.0
26/07/2012,0.0
27/07/2012,0.0
28/07/2012,0.0
29/07/2012,0.0
30/07/2012,0.0
31/07/2012,0.0
01/08/2012,0.0
02/08/2012,0.0
03/08/2012,8.0
04/08/2012,0.5
05/08/2012,0.0
06/08/2012,20.0
07/08/2012,1.9
08/08/2012,0.1
09/08/2012,0.0
10/08/2012,0.0
11/08/2012,0.0
12/08/2012,13.5
13/08/2012,20.8
14/08/2012,0.7
15/08/2012,0.0
16/08/2012,0.0
17/08/2012,19.9
18/08/2012,2.1
19/08/2012,0.0
20/08/2012,10.0
21/08/2012,3.5
22/08/2012,56.4
23/08/2012,12.6
24/08/2012,57.0
25/08/2012,0.5
26/08/2012,19.1
27/08/2012,57.4
28/08/2012,0.5
29/08/2012,1.0
30/08/2012,7.5
31/08/2012,0.0
01/09/2012,0.0
02/09/2012,8.1
03/09/2012,53.3
04/09/2012,3.6
05/09/2012,19.0
06/09/2012,0.0
07/09/2012,16.0
08/09/2012,2.4
09/09/2012,66.6
10/09/2012,0.5
11/09/2012,43.2
12/09/2012,0.8
13/09/2012,4.7
14/09/2012,14.3
15/09/2012,0.5
16/09/2012,0.0
17/09/2012,45.5
18/09/2012,0.0
19/09/2012,19.0
20/09/2012,27.4
21/09/2012,81.0
22/09/2012,0.0
23/09/2012,0.0
24/09/2012,24.8
25/09/2012,14.1
26/09/2012,2.6
27/09/2012,6.5
28/09/2012,0.0
29/09/2012,0.0
30/09/2012,1.9
01/10/2012,6.1
02/10/2012,28.0
03/10/2012,22.3
04/10/2012,32.2
05/10/2012,4.5
06/10/2012,7.6
07/10/2012,20.9
08/10/2012,0.0
09/10/2012,0.0
10/10/2012,31.5
11/10/2012,7.0
12/10/2012,1.2
13/10/2012,9.8
14/10/2012,6.0
15/10/2012,0.4
16/10/2012,24.6
17/10/2012,0.8
18/10/2012,9.5
19/10/2012,15.6
20/10/2012,0.9
21/10/2012,12.4
22/10/2012,9.7
23/10/2012,0.0
24/10/2012,0.0
25/10/2012,0.0
26/10/2012,0.0
27/10/2012,0.0
28/10/2012,0.0
29/10/2012,0.0
30/10/2012,0.4
31/10/2012,18.0
01/11/2012,6.1
02/11/2012,9.5
03/11/2012,31.7
04/11/2012,9.0
05/11/2012,8.8
06/11/2012,0.0
07/11/2012,0.0
08/11/2012,13.7
09/11/2012,13.3
10/11/2012,20.5
11/11/2012,6.9
12/11/2012,2.1
13/11/2012,5.5
14/11/2012,0.0
15/11/2012,2.0
16/11/2012,0.0
17/11/2012,1.5
18/11/2012,11.5
19/11/2012,38.0
20/11/2012,0.0
21/11/2012,0.0
22/11/2012,0.0
23/11/2012,61.3
24/11/2012,0.2
25/11/2012,2.0
26/11/2012,10.3
27/11/2012,25.2
28/11/2012,0.5
29/11/2012,23.3
30/11/2012,0.6
01/12/2012,4.6
02/12/2012,0.5
03/12/2012,4.5
04/12/2012,16.8
05/12/2012,13.7
06/12/2012,0.0
07/12/2012,0.0
08/12/2012,1.0
09/12/2012,5.5
10/12/2012,0.0
11/12/2012,0.5
12/12/2012,2.5
13/12/2012,4.4
14/12/2012,7.5
15/12/2012,38.8
16/12/2012,19.2
17/12/2012,32.1
18/12/2012,25.5
19/12/2012,84.4
20/12/2012,22.9
21/12/2012,51.7
22/12/2012,0.4
23/12/2012,6.2
24/12/2012,325.1
25/12/2012,179.2
26/12/2012,5.3
27/12/2012,20.7
28/12/2012,7.0
29/12/2012,0.5
30/12/2012,24.9
31/12/2012,158.1
01/01/2013,2.9
02/01/2013,39.9
03/01/2013,16.6
04/01/2013,0.0
05/01/2013,0.0
06/01/2013,0.0
07/01/2013,0.0
08/01/2013,0.0
09/01/2013,0.4
10/01/2013,0.1
11/01/2013,0.5
12/01/2013,0.0
13/01/2013,0.0
14/01/2013,8.5
15/01/2013,0.8
16/01/2013,0.2
17/01/2013,0.0
18/01/2013,36.5
19/01/2013,5.5
20/01/2013,22.3
21/01/2013,9.9
22/01/2013,3.2
23/01/2013,0.5
24/01/2013,14.6
25/01/2013,0.0
26/01/2013,0.0
27/01/2013,0.0
28/01/2013,0.0
29/01/2013,0.0
30/01/2013,0.0
31/01/2013,0.0
01/02/2013,0.0
02/02/2013,0.5
03/02/2013,10.6
04/02/2013,22.4
05/02/2013,0.5
06/02/2013,0.0
07/02/2013,0.0
08/02/2013,0.0
09/02/2013,0.0
10/02/2013,23.8
11/02/2013,8.0
12/02/2013,5.0
13/02/2013,25.6
14/02/2013,19.9
15/02/2013,47.7
16/02/2013,10.0
17/02/2013,1.0
18/02/2013,2.9
19/02/2013,6.1
20/02/2013,0.0
21/02/2013,0.0
22/02/2013,0.0
23/02/2013,0.5
24/02/2013,47.0
25/02/2013,30.2
26/02/2013,62.3
27/02/2013,1.5
28/02/2013,1.6
01/03/2013,1.4
02/03/2013,0.0
03/03/2013,0.0
04/03/2013,0.0
05/03/2013,0.0
06/03/2013,0.4
07/03/2013,4.6
08/03/2013,0.0
09/03/2013,0.0
10/03/2013,0.0
11/03/2013,0.0
12/03/2013,0.0
13/03/2013,0.0
14/03/2013,0.0
15/03/2013,0.0
16/03/2013,4.5
17/03/2013,0.5
18/03/2013,0.0
19/03/2013,0.0
20/03/2013,0.0
21/03/2013,0.0
22/03/2013,0.0
23/03/2013,0.0
24/03/2013,0.0
25/03/2013,0.5
26/03/2013,0.0
27/03/2013,0.0
28/03/2013,0.0
29/03/2013,0.0
30/03/2013,0.0
31/03/2013,0.0
01/04/2013,0.0
02/04/2013,0.0
03/04/2013,1.5
04/04/2013,20.9
05/04/2013,0.6
06/04/2013,21.5
07/04/2013,0.5
08/04/2013,0.0
09/04/2013,0.5
10/04/2013,30.5
11/04/2013,1.0
12/04/2013,0.0
13/04/2013,19.0
14/04/2013,1.5
15/04/2013,8.2
16/04/2013,1.3
17/04/2013,6.0
18/04/2013,1.4
19/04/2013,60.3
20/04/2013,0.2
21/04/2013,17.5
22/04/2013,0.0
23/04/2013,0.0
24/04/2013,0.0
25/04/2013,4.5
26/04/2013,0.0
27/04/2013,47.0
28/04/2013,3.5
29/04/2013,0.5
30/04/2013,0.0
01/05/2013,9.3
02/05/2013,4.2
03/05/2013,2.5
04/05/2013,0.0
05/05/2013,0.0
06/05/2013,4.5
07/05/2013,1.0
08/05/2013,0.0
09/05/2013,6.2
10/05/2013,0.3
11/05/2013,0.0
12/05/2013,0.0
13/05/2013,0.0
14/05/2013,0.0
15/05/2013,20.3
16/05/2013,0.6
17/05/2013,10.6
18/05/2013,0.0
19/05/2013,24.0
20/05/2013,0.5
21/05/2013,0.0
22/05/2013,0.0
23/05/2013,0.0
24/05/2013,1.0
25/05/2013,0.0
26/05/2013,29.0
27/05/2013,0.0
28/05/2013,0.4
29/05/2013,6.6
30/05/2013,0.0
31/05/2013,0.0
01/06/2013,0.0
02/06/2013,0.5
03/06/2013,4.5
04/06/2013,0.0
05/06/2013,0.5
06/06/2013,0.0
07/06/2013,76.0
08/06/2013,66.2
09/06/2013,0.3
10/06/2013,0.0
11/06/2013,0.5
12/06/2013,0.5
13/06/2013,10.5
14/06/2013,2.2
15/06/2013,0.3
16/06/2013,0.0
17/06/2013,0.0
18/06/2013,0.0
19/06/2013,0.0
20/06/2013,0.0
21/06/2013,0.0
22/06/2013,0.0
23/06/2013,0.0
24/06/2013,0.0
25/06/2013,28.0
26/06/2013,4.5
27/06/2013,29.5
28/06/2013,36.0
29/06/2013,36.3
30/06/2013,3.7
01/07/2013,0.0
02/07/2013,4.3
03/07/2013,40.7
04/07/2013,27.2
05/07/2013,2.8
06/07/2013,0.0
07/07/2013,0.0
08/07/2013,0.0
09/07/2013,0.0
10/07/2013,1.5
11/07/2013,40.0
12/07/2013,0.0
13/07/2013,0.4
14/07/2013,4.6
15/07/2013,0.0
16/07/2013,0.0
17/07/2013,83.1
18/07/2013,3.4
19/07/2013,0.0
20/07/2013,0.0
21/07/2013,0.0
22/07/2013,0.0
23/07/2013,0.0
24/07/2013,0.0
25/07/2013,8.5
26/07/2013,5.0
27/07/2013,0.0
28/07/2013,0.0
29/07/2013,27.5
30/07/2013,0.0
31/07/2013,0.5
01/08/2013,0.0
02/08/2013,0.0
03/08/2013,0.0
04/08/2013,0.5
05/08/2013,23.5
06/08/2013,45.1
07/08/2013,0.0
08/08/2013,10.2
09/08/2013,0.3
10/08/2013,0.0
11/08/2013,0.0
12/08/2013,0.0
13/08/2013,0.0
14/08/2013,0.0
15/08/2013,0.0
16/08/2013,0.5
17/08/2013,28.1
18/08/2013,4.4
19/08/2013,8.0
20/08/2013,3.5
21/08/2013,2.7
22/08/2013,0.3
23/08/2013,0.0
24/08/2013,0.0
25/08/2013,28.0
26/08/2013,0.5
27/08/2013,3.0
28/08/2013,28.5
29/08/2013,9.0
30/08/2013,0.5
31/08/2013,0.3
01/09/2013,1.7
02/09/2013,0.0
03/09/2013,0.0
04/09/2013,0.0
05/09/2013,0.0
06/09/2013,9.5
07/09/2013,22.9
08/09/2013,4.5
09/09/2013,7.2
10/09/2013,0.0
11/09/2013,0.5
12/09/2013,0.0
13/09/2013,0.0
14/09/2013,41.0
15/09/2013,0.0
16/09/2013,0.0
17/09/2013,0.9
18/09/2013,6.6
19/09/2013,0.5
20/09/2013,0.0
21/09/2013,0.0
22/09/2013,0.0
23/09/2013,0.0
24/09/2013,0.0
25/09/2013,0.0
26/09/2013,2.5
27/09/2013,1.1
28/09/2013,10.2
29/09/2013,16.3
30/09/2013,16.5
01/10/2013,5.3
02/10/2013,57.7
03/10/2013,9.7
04/10/2013,10.7
05/10/2013,1.1
06/10/2013,0.0
07/10/2013,0.0
08/10/2013,47.4
09/10/2013,32.6
10/10/2013,28.5
11/10/2013,1.5
12/10/2013,12.5
13/10/2013,29.0
14/10/2013,13.0
15/10/2013,11.5
16/10/2013,0.0
17/10/2013,0.4
18/10/2013,14.6
19/10/2013,4.0
20/10/2013,7.5
21/10/2013,11.8
22/10/2013,1.7
23/10/2013,9.5
24/10/2013,0.5
25/10/2013,0.0
26/10/2013,0.0
27/10/2013,0.5
28/10/2013,19.5
29/10/2013,2.0
30/10/2013,0.0
31/10/2013,0.0
01/11/2013,0.0
02/11/2013,1.0
03/11/2013,0.0
04/11/2013,0.5
05/11/2013,40.7
06/11/2013,38.8
07/11/2013,8.5
08/11/2013,0.0
09/11/2013,21.5
10/11/2013,4.5
11/11/2013,0.0
12/11/2013,0.0
13/11/2013,0.0
14/11/2013,1.9
15/11/2013,0.1
16/11/2013,60.9
17/11/2013,3.6
18/11/2013,3.5
19/11/2013,9.1
20/11/2013,23.4
21/11/2013,6.5
22/11/2013,0.0
23/11/2013,0.4
24/11/2013,1.1
25/11/2013,3.5
26/11/2013,0.5
27/11/2013,0.0
28/11/2013,3.0
29/11/2013,28.9
30/11/2013,57.1
01/12/2013,113.0
02/12/2013,209.1
03/12/2013,390.1
04/12/2013,61.2
05/12/2013,5.1
06/12/2013,32.3
07/12/2013,122.8
08/12/2013,2.6
09/12/2013,23.8
10/12/2013,40.5
11/12/2013,0.9
12/12/2013,17.1
13/12/2013,0.0
14/12/2013,1.0
15/12/2013,0.5
16/12/2013,12.5
17/12/2013,10.0
18/12/2013,0.3
19/12/2013,22.7
20/12/2013,3.5
21/12/2013,0.5
22/12/2013,0.0
23/12/2013,0.0
24/12/2013,0.5
25/12/2013,0.4
26/12/2013,5.6
27/12/2013,0.0
28/12/2013,0.8
29/12/2013,2.7
30/12/2013,1.0
31/12/2013,2.0
01/01/2014,3.5
02/01/2014,4.3
03/01/2014,2.8
04/01/2014,0.0
05/01/2014,9.6
06/01/2014,1.9
07/01/2014,0.0
08/01/2014,0.0
09/01/2014,6.8
10/01/2014,113.0
11/01/2014,2.8
12/01/2014,30.7
13/01/2014,0.2
14/01/2014,1.5
15/01/2014,1.5
16/01/2014,0.0
17/01/2014,0.5
18/01/2014,0.5
19/01/2014,0.0
20/01/2014,0.0
21/01/2014,1.0
22/01/2014,0.0
23/01/2014,0.0
24/01/2014,0.0
25/01/2014,0.0
26/01/2014,0.0
27/01/2014,0.0
28/01/2014,0.0
29/01/2014,0.0
30/01/2014,0.0
31/01/2014,0.0
01/02/2014,0.0
02/02/2014,0.0
03/02/2014,0.0
04/02/2014,0.0
05/02/2014,0.0
06/02/2014,0.0
07/02/2014,0.0
08/02/2014,0.0
09/02/2014,13.5
10/02/2014,0.0
11/02/2014,0.0
12/02/2014,0.0
13/02/2014,0.0
14/02/2014,0.0
15/02/2014,0.0
16/02/2014,0.0
17/02/2014,0.5
18/02/2014,0.0
19/02/2014,0.0
20/02/2014,1.5
21/02/2014,1.0
22/02/2014,0.0
23/02/2014,0.0
24/02/2014,0.0
25/02/2014,0.0
26/02/2014,0.0
27/02/2014,0.5
28/02/2014,0.0
01/03/2014,0.0
02/03/2014,0.0
03/03/2014,0.0
04/03/2014,0.0
05/03/2014,0.0
06/03/2014,0.0
07/03/2014,0.0
08/03/2014,0.0
09/03/2014,0.0
10/03/2014,0.0
11/03/2014,0.0
12/03/2014,0.0
13/03/2014,0.0
14/03/2014,0.4
15/03/2014,11.7
16/03/2014,20.8
17/03/2014,3.6
18/03/2014,0.0
19/03/2014,0.0
20/03/2014,0.0
21/03/2014,0.0
22/03/2014,0.0
23/03/2014,0.0
24/03/2014,0.0
25/03/2014,4.5
26/03/2014,0.0
27/03/2014,0.0
28/03/2014,0.5
29/03/2014,3.5
30/03/2014,0.0
31/03/2014,0.0
01/04/2014,0.0
02/04/2014,0.0
03/04/2014,0.0
04/04/2014,0.0
05/04/2014,0.5
06/04/2014,0.0
07/04/2014,0.0
08/04/2014,0.0
09/04/2014,0.0
10/04/2014,0.0
11/04/2014,25.0
12/04/2014,0.0
13/04/2014,0.0
14/04/2014,0.0
15/04/2014,0.0
16/04/2014,0.0
17/04/2014,0.0
18/04/2014,17.5
19/04/2014,0.0
20/04/2014,0.0
21/04/2014,0.0
22/04/2014,0.0
23/04/2014,0.0
24/04/2014,2.0
25/04/2014,0.0
26/04/2014,2.0
27/04/2014,0.0
28/04/2014,0.0
29/04/2014,28.5
30/04/2014,0.0
01/05/2014,0.0
02/05/2014,4.0
03/05/2014,2.5
04/05/2014,6.5
05/05/2014,1.0
06/05/2014,0.0
07/05/2014,3.8
08/05/2014,14.7
09/05/2014,0.0
10/05/2014,0.5
11/05/2014,8.0
12/05/2014,0.0
13/05/2014,0.5
14/05/2014,16.6
15/05/2014,0.4
16/05/2014,11.5
17/05/2014,17.2
18/05/2014,44.3
19/05/2014,1.8
20/05/2014,11.1
21/05/2014,0.6
22/05/2014,68.5
23/05/2014,0.0
24/05/2014,0.0
25/05/2014,0.0
26/05/2014,0.0
27/05/2014,1.5
28/05/2014,0.5
29/05/2014,20.0
30/05/2014,0.0
31/05/2014,0.0
01/06/2014,0.0
02/06/2014,0.0
03/06/2014,0.0
04/06/2014,41.5
05/06/2014,0.0
06/06/2014,0.5
07/06/2014,0.5
08/06/2014,0.0
09/06/2014,0.0
10/06/2014,3.5
11/06/2014,10.0
12/06/2014,1.0
13/06/2014,0.5
14/06/2014,0.0
15/06/2014,0.0
16/06/2014,0.0
17/06/2014,1.5
18/06/2014,0.5
19/06/2014,0.0
20/06/2014,0.0
21/06/2014,0.4
22/06/2014,1.1
23/06/2014,12.0
24/06/2014,0.5
25/06/2014,0.0
26/06/2014,6.5
27/06/2014,1.9
28/06/2014,0.6
29/06/2014,12.9
30/06/2014,22.6
01/07/2014,0.5
02/07/2014,11.5
03/07/2014,0.0
04/07/2014,3.5
05/07/2014,0.0
06/07/2014,0.0
07/07/2014,18.4
08/07/2014,10.6
09/07/2014,0.5
10/07/2014,32.5
11/07/2014,21.5
12/07/2014,0.5
13/07/2014,0.0
14/07/2014,0.0
15/07/2014,0.0
16/07/2014,4.4
17/07/2014,17.7
18/07/2014,1.4
19/07/2014,0.0
20/07/2014,0.0
21/07/2014,0.0
22/07/2014,0.0
23/07/2014,0.0
24/07/2014,0.0
25/07/2014,0.0
26/07/2014,2.5
27/07/2014,0.0
28/07/2014,10.5
29/07/2014,13.0
30/07/2014,0.0
31/07/2014,0.4
01/08/2014,11.1
02/08/2014,0.0
03/08/2014,27.0
04/08/2014,0.0
05/08/2014,0.0
06/08/2014,3.5
07/08/2014,0.0
08/08/2014,0.0
09/08/2014,0.0
10/08/2014,0.0
11/08/2014,0.0
12/08/2014,0.5
13/08/2014,31.5
14/08/2014,16.5
15/08/2014,0.0
16/08/2014,0.0
17/08/2014,0.4
18/08/2014,15.6
19/08/2014,43.5
20/08/2014,0.5
21/08/2014,0.0
22/08/2014,0.4
23/08/2014,0.6
24/08/2014,0.0
25/08/2014,14.5
26/08/2014,0.0
27/08/2014,0.0
28/08/2014,0.0
29/08/2014,0.5
30/08/2014,3.5
31/08/2014,14.0
01/09/2014,9.5
02/09/2014,0.4
03/09/2014,3.6
04/09/2014,23.5
05/09/2014,9.7
06/09/2014,5.9
07/09/2014,1.4
08/09/2014,0.0
09/09/2014,7.3
10/09/2014,7.1
11/09/2014,7.1
12/09/2014,0.4
13/09/2014,1.1
14/09/2014,0.0
15/09/2014,6.5
16/09/2014,0.0
17/09/2014,0.0
18/09/2014,0.0
19/09/2014,2.5
20/09/2014,28.5
21/09/2014,0.0
22/09/2014,0.0
23/09/2014,0.0
24/09/2014,0.0
25/09/2014,7.3
26/09/2014,0.2
27/09/2014,0.0
28/09/2014,0.0
29/09/2014,1.0
30/09/2014,0.5
01/10/2014,17.5
02/10/2014,0.0
03/10/2014,71.0
04/10/2014,56.0
05/10/2014,0.0
06/10/2014,0.5
07/10/2014,3.7
08/10/2014,0.8
09/10/2014,0.0
10/10/2014,4.5
11/10/2014,5.5
12/10/2014,12.0
13/10/2014,10.0
14/10/2014,0.0
15/10/2014,1.5
16/10/2014,0.0
17/10/2014,33.5
18/10/2014,21.1
19/10/2014,7.9
20/10/2014,3.0
21/10/2014,2.0
22/10/2014,0.5
23/10/2014,2.0
24/10/2014,0.0
25/10/2014,0.5
26/10/2014,1.0
27/10/2014,3.0
28/10/2014,0.0
29/10/2014,4.0
30/10/2014,0.0
31/10/2014,0.0
01/11/2014,19.0
02/11/2014,0.5
03/11/2014,4.5
04/11/2014,0.5
05/11/2014,19.0
06/11/2014,0.0
07/11/2014,0.0
08/11/2014,76.9
09/11/2014,9.1
10/11/2014,12.0
11/11/2014,0.0
12/11/2014,3.0
13/11/2014,3.3
14/11/2014,17.7
15/11/2014,6.8
16/11/2014,12.6
17/11/2014,35.4
18/11/2014,89.3
19/11/2014,3.4
20/11/2014,0.5
21/11/2014,0.0
22/11/2014,0.0
23/11/2014,0.4
24/11/2014,21.9
25/11/2014,0.8
26/11/2014,0.5
27/11/2014,0.0
28/11/2014,5.0
29/11/2014,7.5
30/11/2014,64.5
01/12/2014,0.5
02/12/2014,15.5
03/12/2014,54.7
04/12/2014,84.3
05/12/2014,0.0
06/12/2014,0.4
07/12/2014,58.6
08/12/2014,1.5
09/12/2014,0.0
10/12/2014,0.0
11/12/2014,0.0
12/12/2014,0.0
13/12/2014,0.0
14/12/2014,5.9
15/12/2014,192.9
16/12/2014,153.1
17/12/2014,58.7
18/12/2014,319.7
19/12/2014,19.4
20/12/2014,13.3
21/12/2014,226.7
22/12/2014,172.3
23/12/2014,177.0
24/12/2014,170.5
25/12/2014,54.0
26/12/2014,154.0
27/12/2014,15.0
28/12/2014,81.0
29/12/2014,157.5
30/12/2014,19.5
31/12/2014,0.0
01/01/2015,0.0
02/01/2015,0.0
03/01/2015,0.0
04/01/2015,6.5
05/01/2015,0.0
06/01/2015,5.5
07/01/2015,18.5
08/01/2015,217.0
09/01/2015,24.0
10/01/2015,0.0
11/01/2015,0.0
12/01/2015,0.0
13/01/2015,0.0
14/01/2015,0.0
15/01/2015,0.0
16/01/2015,0.0
17/01/2015,0.0
18/01/2015,0.0
19/01/2015,0.5
20/01/2015,0.0
21/01/2015,0.0
22/01/2015,0.0
23/01/2015,0.0
24/01/2015,0.5
25/01/2015,0.0
26/01/2015,0.0
27/01/2015,0.0
28/01/2015,0.0
29/01/2015,6.0
30/01/2015,0.0
31/01/2015,0.0
01/02/2015,0.0
02/02/2015,0.0
03/02/2015,23.0
04/02/2015,17.5
05/02/2015,1.5
06/02/2015,5.5
07/02/2015,1.5
08/02/2015,0.0
09/02/2015,0.0
10/02/2015,0.0
11/02/2015,0.0
12/02/2015,0.0
13/02/2015,0.0
14/02/2015,0.0
15/02/2015,0.0
16/02/2015,0.0
17/02/2015,0.0
18/02/2015,0.0
19/02/2015,0.0
20/02/2015,0.0
21/02/2015,0.0
22/02/2015,0.0
23/02/2015,0.0
24/02/2015,0.0
25/02/2015,0.0
26/02/2015,0.0
27/02/2015,0.0
28/02/2015,0.0
01/03/2015,0.0
02/03/2015,0.0
03/03/2015,0.0
04/03/2015,0.0
05/03/2015,0.0
06/03/2015,0.0
07/03/2015,0.0
08/03/2015,0.0
09/03/2015,0.0
10/03/2015,0.0
11/03/2015,0.0
12/03/2015,0.0
13/03/2015,0.0
14/03/2015,0.0
15/03/2015,0.0
16/03/2015,0.0
17/03/2015,0.0
18/03/2015,0.0
19/03/2015,0.0
20/03/2015,0.0
21/03/2015,0.0
22/03/2015,0.0
23/03/2015,0.0
24/03/2015,0.0
25/03/2015,0.0
26/03/2015,2.5
27/03/2015,0.0
28/03/2015,3.0
29/03/2015,1.5
30/03/2015,20.0
31/03/2015,30.7
01/04/2015,0.8
02/04/2015,10.0
03/04/2015,0.0
04/04/2015,0.0
05/04/2015,0.0
06/04/2015,1.5
07/04/2015,0.0
08/04/2015,0.0
09/04/2015,0.4
10/04/2015,23.1
11/04/2015,0.0
12/04/2015,0.0
13/04/2015,0.0
14/04/2015,15.0
15/04/2015,0.5
16/04/2015,0.0
17/04/2015,0.0
18/04/2015,0.0
19/04/2015,11.0
20/04/2015,0.5
21/04/2015,0.0
22/04/2015,0.0
23/04/2015,0.0
24/04/2015,2.0
25/04/2015,4.5
26/04/2015,0.8
27/04/2015,1.7
28/04/2015,0.0
29/04/2015,0.0
30/04/2015,17.2
01/05/2015,0.3
02/05/2015,0.0
03/05/2015,0.0
04/05/2015,1.5
05/05/2015,13.5
06/05/2015,0.5
07/05/2015,0.0
08/05/2015,0.0
09/05/2015,0.0
10/05/2015,0.5
11/05/2015,24.0
12/05/2015,20.5
13/05/2015,0.4
14/05/2015,0.6
15/05/2015,0.5
16/05/2015,1.0
17/05/2015,24.5
18/05/2015,2.0
19/05/2015,0.0
20/05/2015,11.5
21/05/2015,1.5
22/05/2015,14.0
23/05/2015,0.0
24/05/2015,38.0
25/05/2015,0.0
26/05/2015,0.0
27/05/2015,0.5
28/05/2015,0.0
29/05/2015,0.0
30/05/2015,0.0
31/05/2015,0.0
01/06/2015,0.0
02/06/2015,0.0
03/06/2015,0.0
04/06/2015,0.0
05/06/2015,3.0
06/06/2015,0.0
07/06/2015,0.0
08/06/2015,3.5
09/06/2015,0.0
10/06/2015,0.0
11/06/2015,0.0
12/06/2015,0.0
13/06/2015,29.5
14/06/2015,3.5
15/06/2015,0.0
16/06/2015,0.0
17/06/2015,0.0
18/06/2015,0.0
19/06/2015,0.0
20/06/2015,0.0
21/06/2015,0.0
22/06/2015,0.0
23/06/2015,0.0
24/06/2015,0.0
25/06/2015,1.0
26/06/2015,0.0
27/06/2015,0.0
28/06/2015,0.0
29/06/2015,0.0
30/06/2015,0.4
01/07/2015,4.6
02/07/2015,0.0
03/07/2015,54.5
04/07/2015,0.0
05/07/2015,0.0
06/07/2015,0.2
07/07/2015,4.9
08/07/2015,1.9
09/07/2015,4.0
10/07/2015,0.0
11/07/2015,0.0
12/07/2015,0.0
13/07/2015,0.0
14/07/2015,0.0
15/07/2015,0.0
16/07/2015,0.0
17/07/2015,13.5
18/07/2015,0.0
19/07/2015,0.0
20/07/2015,0.0
21/07/2015,0.0
22/07/2015,0.0
23/07/2015,0.0
24/07/2015,0.0
25/07/2015,0.0
26/07/2015,1.5
27/07/2015,16.5
28/07/2015,0.0
29/07/2015,0.0
30/07/2015,0.0
31/07/2015,63.3
01/08/2015,2.2
02/08/2015,0.5
03/08/2015,23.5
04/08/2015,0.0
05/08/2015,0.5
06/08/2015,1.0
07/08/2015,38.5
08/08/2015,8.3
09/08/2015,12.2
10/08/2015,1.2
11/08/2015,48.3
12/08/2015,0.5
13/08/2015,0.0
14/08/2015,0.0
15/08/2015,0.3
16/08/2015,3.7
17/08/2015,1.0
18/08/2015,0.0
19/08/2015,0.5
20/08/2015,61.5
21/08/2015,0.0
22/08/2015,0.0
23/08/2015,4.7
24/08/2015,19.8
25/08/2015,0.0
26/08/2015,0.0
27/08/2015,0.0
28/08/2015,0.0
29/08/2015,0.0
30/08/2015,6.0
31/08/2015,0.0
01/09/2015,0.0
02/09/2015,0.4
03/09/2015,0.6
04/09/2015,0.0
05/09/2015,0.0
06/09/2015,15.0
07/09/2015,19.9
08/09/2015,28.9
09/09/2015,35.2
10/09/2015,1.5
11/09/2015,0.0
12/09/2015,0.0
13/09/2015,0.0
14/09/2015,0.0
15/09/2015,8.9
16/09/2015,57.1
17/09/2015,12.5
18/09/2015,0.5
19/09/2015,0.0
20/09/2015,0.0
21/09/2015,0.0
22/09/2015,5.0
23/09/2015,0.0
24/09/2015,0.0
25/09/2015,0.5
26/09/2015,0.0
27/09/2015,0.4
28/09/2015,2.6
29/09/2015,0.0
30/09/2015,0.0
01/10/2015,0.0
02/10/2015,0.0
03/10/2015,0.0
04/10/2015,0.0
05/10/2015,0.0
06/10/2015,2.9
07/10/2015,2.6
08/10/2015,0.0
09/10/2015,0.0
10/10/2015,0.0
11/10/2015,0.0
12/10/2015,0.0
13/10/2015,0.0
14/10/2015,0.5
15/10/2015,0.0
16/10/2015,14.0
17/10/2015,0.0
18/10/2015,0.4
19/10/2015,0.1
20/10/2015,0.0
21/10/2015,0.0
22/10/2015,0.0
23/10/2015,0.0
24/10/2015,13.0
25/10/2015,0.4
26/10/2015,12.3
27/10/2015,10.0
28/10/2015,11.4
29/10/2015,15.3
30/10/2015,32.6
31/10/2015,0.4
01/11/2015,0.6
02/11/2015,16.0
03/11/2015,0.0
04/11/2015,0.0
05/11/2015,0.0
06/11/2015,13.5
07/11/2015,7.0
08/11/2015,0.0
09/11/2015,0.0
10/11/2015,0.0
11/11/2015,14.5
12/11/2015,0.0
13/11/2015,12.0
14/11/2015,1.5
15/11/2015,5.3
16/11/2015,1.7
17/11/2015,0.5
18/11/2015,0.0
19/11/2015,0.0
20/11/2015,27.6
21/11/2015,5.9
22/11/2015,87.0
23/11/2015,10.5
24/11/2015,28.0
25/11/2015,0.4
26/11/2015,4.6
27/11/2015,17.3
28/11/2015,40.1
29/11/2015,21.1
30/11/2015,33.6
01/12/2015,0.0
02/12/2015,0.5
03/12/2015,0.0
04/12/2015,0.0
05/12/2015,3.5
06/12/2015,33.9
07/12/2015,28.1
08/12/2015,1.0
09/12/2015,2.5
10/12/2015,0.0
11/12/2015,3.0
12/12/2015,16.0
13/12/2015,44.5
14/12/2015,0.5
15/12/2015,0.0
16/12/2015,0.5
17/12/2015,3.5
18/12/2015,4.0
19/12/2015,0.0
20/12/2015,0.0
21/12/2015,0.0
22/12/2015,0.0
23/12/2015,20.8
24/12/2015,3.2
25/12/2015,15.4
26/12/2015,0.5
27/12/2015,64.1
28/12/2015,291.8
29/12/2015,6.0
30/12/2015,0.4
31/12/2015,9.1
01/01/2016,9.0
02/01/2016,0.5
03/01/2016,0.5
04/01/2016,2.0
05/01/2016,0.0
06/01/2016,0.0
07/01/2016,0.0
08/01/2016,0.0
09/01/2016,0.0
10/01/2016,0.0
11/01/2016,0.0
12/01/2016,0.0
13/01/2016,1.0
14/01/2016,0.0
15/01/2016,2.5
16/01/2016,0.0
17/01/2016,0.0
18/01/2016,0.0
19/01/2016,0.0
20/01/2016,0.0
21/01/2016,0.4
22/01/2016,39.1
23/01/2016,1.0
24/01/2016,2.3
25/01/2016,13.7
26/01/2016,22.3
27/01/2016,1.1
28/01/2016,3.0
29/01/2016,0.0
30/01/2016,0.0
31/01/2016,0.5
01/02/2016,0.0
02/02/2016,8.1
03/02/2016,30.4
04/02/2016,51.4
05/02/2016,33.5
06/02/2016,13.3
07/02/2016,16.4
08/02/2016,1.9
09/02/2016,0.0
10/02/2016,2.0
11/02/2016,0.0
12/02/2016,0.5
13/02/2016,61.0
14/02/2016,0.0
15/02/2016,0.0
16/02/2016,0.0
17/02/2016,3.6
18/02/2016,8.4
19/02/2016,12.5
20/02/2016,0.0
21/02/2016,0.5
22/02/2016,0.0
23/02/2016,0.0
24/02/2016,0.5
25/02/2016,0.5
26/02/2016,2.5
27/02/2016,6.4
28/02/2016,3.4
29/02/2016,0.8
01/03/2016,0.0
02/03/2016,0.0
03/03/2016,0.0
04/03/2016,5.5
05/03/2016,0.0
06/03/2016,0.0
07/03/2016,0.0
08/03/2016,0.0
09/03/2016,0.0
10/03/2016,0.0
11/03/2016,0.0
12/03/2016,3.5
13/03/2016,0.0
14/03/2016,0.0
15/03/2016,0.0
16/03/2016,0.0
17/03/2016,0.0
18/03/2016,0.0
19/03/2016,0.0
20/03/2016,0.0
21/03/2016,0.0
22/03/2016,0.0
23/03/2016,0.0
24/03/2016,0.0
25/03/2016,0.0
26/03/2016,3.5
27/03/2016,0.4
28/03/2016,68.6
29/03/2016,0.0
30/03/2016,0.0
31/03/2016,0.0
01/04/2016,0.0
02/04/2016,0.0
03/04/2016,0.0
04/04/2016,0.0
05/04/2016,0.0
06/04/2016,0.0
07/04/2016,0.0
08/04/2016,0.0
09/04/2016,0.0
10/04/2016,0.0
11/04/2016,0.0
12/04/2016,8.0
13/04/2016,1.5
14/04/2016,0.0
15/04/2016,0.0
16/04/2016,0.0
17/04/2016,0.0
18/04/2016,0.0
19/04/2016,0.0
20/04/2016,0.0
21/04/2016,0.0
22/04/2016,0.0
23/04/2016,0.0
24/04/2016,0.0
25/04/2016,0.0
26/04/2016,0.0
27/04/2016,0.0
28/04/2016,0.0
29/04/2016,0.0
30/04/2016,0.0
01/05/2016,0.0
02/05/2016,0.5
03/05/2016,0.0
04/05/2016,0.0
05/05/2016,0.0
06/05/2016,9.5
07/05/2016,0.0
08/05/2016,1.0
09/05/2016,0.0
10/05/2016,0.0
11/05/2016,0.0
12/05/2016,0.0
13/05/2016,16.0
14/05/2016,4.0
15/05/2016,21.0
16/05/2016,8.5
17/05/2016,0.0
18/05/2016,0.0
19/05/2016,20.0
20/05/2016,0.4
21/05/2016,32.1
22/05/2016,0.0
23/05/2016,0.0
24/05/2016,0.0
25/05/2016,4.4
26/05/2016,0.1
27/05/2016,10.5
28/05/2016,0.0
29/05/2016,2.3
30/05/2016,12.7
31/05/2016,0.0
01/06/2016,0.0
02/06/2016,0.0
03/06/2016,6.8
04/06/2016,1.2
05/06/2016,0.0
06/06/2016,27.0
07/06/2016,0.0
08/06/2016,1.5
09/06/2016,0.0
10/06/2016,0.4
11/06/2016,32.1
12/06/2016,0.4
13/06/2016,11.6
14/06/2016,31.5
15/06/2016,8.5
16/06/2016,1.5
17/06/2016,12.0
18/06/2016,7.5
19/06/2016,0.0
20/06/2016,1.5
21/06/2016,14.0
22/06/2016,27.0
23/06/2016,0.0
24/06/2016,0.0
25/06/2016,0.0
26/06/2016,34.4
27/06/2016,1.1
28/06/2016,0.0
29/06/2016,0.0
30/06/2016,2.0
01/07/2016,0.0
02/07/2016,0.0
03/07/2016,0.0
04/07/2016,0.0
05/07/2016,4.0
06/07/2016,0.0
07/07/2016,25.8
08/07/2016,0.2
09/07/2016,0.0
10/07/2016,0.0
11/07/2016,10.3
12/07/2016,0.7
13/07/2016,2.1
14/07/2016,40.4
15/07/2016,0.0
16/07/2016,0.0
17/07/2016,0.0
18/07/2016,0.0
19/07/2016,16.5
20/07/2016,0.0
21/07/2016,0.0
22/07/2016,2.0
23/07/2016,0.4
24/07/2016,2.1
25/07/2016,0.0
26/07/2016,2.0
27/07/2016,0.0
28/07/2016,0.5
29/07/2016,0.0
30/07/2016,42.0
31/07/2016,0.0
01/08/2016,0.0
02/08/2016,0.0
03/08/2016,0.0
04/08/2016,0.0
05/08/2016,0.4
06/08/2016,1.6
07/08/2016,22.2
08/08/2016,3.3
09/08/2016,0.0
10/08/2016,3.6
11/08/2016,12.7
12/08/2016,12.7
13/08/2016,0.0
14/08/2016,0.0
15/08/2016,0.0
16/08/2016,0.0
17/08/2016,1.2
18/08/2016,0.3
19/08/2016,0.0
20/08/2016,16.5
21/08/2016,0.0
22/08/2016,2.0
23/08/2016,0.0
24/08/2016,0.0
25/08/2016,36.7
26/08/2016,55.3
27/08/2016,0.5
28/08/2016,1.9
29/08/2016,0.6
30/08/2016,9.5
31/08/2016,0.0
01/09/2016,0.5
02/09/2016,0.0
03/09/2016,3.5
04/09/2016,11.5
05/09/2016,50.6
06/09/2016,58.7
07/09/2016,23.6
08/09/2016,14.6
09/09/2016,0.0
10/09/2016,0.0
11/09/2016,0.0
12/09/2016,1.0
13/09/2016,58.0
14/09/2016,8.0
15/09/2016,4.0
16/09/2016,6.0
17/09/2016,2.5
18/09/2016,0.5
19/09/2016,24.5
20/09/2016,40.2
21/09/2016,1.3
22/09/2016,8.9
23/09/2016,0.0
24/09/2016,0.4
25/09/2016,7.1
26/09/2016,0.0
27/09/2016,9.2
28/09/2016,18.6
29/09/2016,3.8
30/09/2016,11.0
01/10/2016,5.0
02/10/2016,0.0
03/10/2016,10.0
04/10/2016,18.0
05/10/2016,14.5
06/10/2016,0.0
07/10/2016,0.5
08/10/2016,0.0
09/10/2016,12.5
10/10/2016,37.7
11/10/2016,3.4
12/10/2016,4.4
13/10/2016,1.5
14/10/2016,11.0
15/10/2016,0.5
16/10/2016,7.5
17/10/2016,0.0
18/10/2016,0.0
19/10/2016,0.5
20/10/2016,7.4
21/10/2016,29.5
22/10/2016,45.6
23/10/2016,13.0
24/10/2016,14.0
25/10/2016,0.0
26/10/2016,4.0
27/10/2016,18.0
28/10/2016,0.3
29/10/2016,17.4
30/10/2016,32.8
31/10/2016,25.3
01/11/2016,23.2
02/11/2016,47.0
03/11/2016,1.0
04/11/2016,3.5
05/11/2016,12.9
06/11/2016,1.9
07/11/2016,1.2
08/11/2016,3.0
09/11/2016,15.0
10/11/2016,5.5
11/11/2016,4.3
12/11/2016,5.2
13/11/2016,15.0
14/11/2016,12.0
15/11/2016,7.3
16/11/2016,2.2
17/11/2016,0.5
18/11/2016,0.0
19/11/2016,0.4
20/11/2016,27.0
21/11/2016,1.1
22/11/2016,0.5
23/11/2016,51.5
24/11/2016,2.5
25/11/2016,0.0
26/11/2016,54.6
27/11/2016,35.9
28/11/2016,1.5
29/11/2016,104.0
30/11/2016,0.4
01/12/2016,83.7
02/12/2016,20.3
03/12/2016,30.3
04/12/2016,2.8
05/12/2016,4.0
06/12/2016,7.8
07/12/2016,0.2
08/12/2016,14.5
09/12/2016,0.4
10/12/2016,33.1
11/12/2016,3.0
12/12/2016,0.0
13/12/2016,2.5
14/12/2016,0.0
15/12/2016,0.0
16/12/2016,11.0
17/12/2016,1.5
18/12/2016,0.0
19/12/2016,6.9
20/12/2016,3.6
21/12/2016,0.0
22/12/2016,0.4
23/12/2016,12.5
24/12/2016,33.0
25/12/2016,12.3
26/12/2016,68.2
27/12/2016,9.0
28/12/2016,0.0
29/12/2016,0.0
30/12/2016,5.4
31/12/2016,77.3
01/01/2017,11.2
02/01/2017,13.8
03/01/2017,80.2
04/01/2017,5.6
05/01/2017,0.0
06/01/2017,25.5
07/01/2017,2.0
08/01/2017,0.0
09/01/2017,0.0
10/01/2017,0.0
11/01/2017,0.5
12/01/2017,0.5
13/01/2017,0.0
14/01/2017,0.0
15/01/2017,0.0
16/01/2017,0.0
17/01/2017,13.4
18/01/2017,0.1
19/01/2017,35.0
20/01/2017,46.8
21/01/2017,273.7
22/01/2017,16.9
23/01/2017,10.2
24/01/2017,160.3
25/01/2017,24.9
26/01/2017,13.0
27/01/2017,23.7
28/01/2017,0.0
29/01/2017,0.0
30/01/2017,2.0
31/01/2017,12.0
01/02/2017,0.5
02/02/2017,0.0
03/02/2017,0.0
04/02/2017,0.0
05/02/2017,42.5
06/02/2017,0.0
07/02/2017,0.0
08/02/2017,0.0
09/02/2017,0.0
10/02/2017,0.4
11/02/2017,2.2
12/02/2017,4.9
13/02/2017,5.8
14/02/2017,5.8
15/02/2017,23.4
16/02/2017,1.5
17/02/2017,0.0
18/02/2017,24.8
19/02/2017,0.2
20/02/2017,0.0
21/02/2017,0.0
22/02/2017,0.0
23/02/2017,0.0
24/02/2017,0.0
25/02/2017,11.0
26/02/2017,56.1
27/02/2017,12.4
28/02/2017,12.0
01/03/2017,35.9
02/03/2017,6.0
03/03/2017,1.4
04/03/2017,1.6
05/03/2017,0.0
06/03/2017,0.0
07/03/2017,0.0
08/03/2017,0.0
09/03/2017,0.0
10/03/2017,0.0
11/03/2017,0.0
12/03/2017,0.0
13/03/2017,0.0
14/03/2017,0.0
15/03/2017,0.0
16/03/2017,0.0
17/03/2017,0.0
18/03/2017,0.0
19/03/2017,0.0
20/03/2017,11.0
21/03/2017,4.5
22/03/2017,0.0
23/03/2017,0.0
24/03/2017,0.0
25/03/2017,0.0
26/03/2017,10.0
27/03/2017,12.3
28/03/2017,20.6
29/03/2017,1.5
30/03/2017,0.0
31/03/2017,29.4
01/04/2017,3.2
02/04/2017,1.5
03/04/2017,8.9
04/04/2017,3.6
05/04/2017,9.4
06/04/2017,16.5
07/04/2017,2.0
08/04/2017,0.0
09/04/2017,0.0
10/04/2017,14.5
11/04/2017,0.0
12/04/2017,0.5
13/04/2017,0.5
14/04/2017,1.5
15/04/2017,0.0
16/04/2017,0.0
17/04/2017,0.0
18/04/2017,24.5
19/04/2017,0.0
20/04/2017,0.0
21/04/2017,7.0
22/04/2017,5.5
23/04/2017,0.0
24/04/2017,0.0
25/04/2017,0.0
26/04/2017,0.0
27/04/2017,0.0
28/04/2017,0.0
29/04/2017,0.5
30/04/2017,3.5
01/05/2017,0.0
02/05/2017,0.0
03/05/2017,0.3
04/05/2017,0.2
05/05/2017,10.0
06/05/2017,1.8
07/05/2017,1.2
08/05/2017,1.5
09/05/2017,7.4
10/05/2017,71.1
11/05/2017,22.5
12/05/2017,5.0
13/05/2017,21.5
14/05/2017,4.7
15/05/2017,0.3
16/05/2017,0.0
17/05/2017,0.0
18/05/2017,0.0
19/05/2017,0.0
20/05/2017,0.0
21/05/2017,28.0
22/05/2017,44.5
23/05/2017,92.0
24/05/2017,2.9
25/05/2017,10.0
26/05/2017,23.9
27/05/2017,5.7
28/05/2017,0.0
29/05/2017,24.8
30/05/2017,1.2
31/05/2017,2.9
01/06/2017,0.5
02/06/2017,14.2
03/06/2017,34.6
04/06/2017,19.9
05/06/2017,0.5
06/06/2017,0.0
07/06/2017,0.0
08/06/2017,9.0
09/06/2017,0.0
10/06/2017,1.0
11/06/2017,0.0
12/06/2017,0.0
13/06/2017,0.0
14/06/2017,0.0
15/06/2017,15.0
16/06/2017,0.0
17/06/2017,63.0
18/06/2017,1.0
19/06/2017,5.9
20/06/2017,16.1
21/06/2017,20.5
22/06/2017,0.5
23/06/2017,9.5
24/06/2017,0.4
25/06/2017,7.6
26/06/2017,7.0
27/06/2017,0.5
28/06/2017,54.8
29/06/2017,8.1
30/06/2017,1.6
01/07/2017,0.0
02/07/2017,0.4
03/07/2017,27.6
04/07/2017,0.0
05/07/2017,9.6
06/07/2017,0.4
07/07/2017,47.0
08/07/2017,0.0
09/07/2017,35.6
10/07/2017,31.9
11/07/2017,21.0
12/07/2017,2.5
13/07/2017,29.2
14/07/2017,0.3
15/07/2017,0.0
16/07/2017,0.0
17/07/2017,0.0
18/07/2017,0.0
19/07/2017,0.4
20/07/2017,0.1
21/07/2017,0.0
22/07/2017,0.0
23/07/2017,0.0
24/07/2017,0.0
25/07/2017,0.0
26/07/2017,0.0
27/07/2017,0.0
28/07/2017,23.0
29/07/2017,0.0
30/07/2017,0.0
31/07/2017,0.0
01/08/2017,0.0
02/08/2017,0.0
03/08/2017,0.0
04/08/2017,4.5
05/08/2017,0.4
06/08/2017,0.6
07/08/2017,0.0
08/08/2017,10.5
09/08/2017,0.0
10/08/2017,5.5
11/08/2017,16.5
12/08/2017,13.0
13/08/2017,22.5
14/08/2017,17.0
15/08/2017,31.0
16/08/2017,13.0
17/08/2017,1.5
18/08/2017,13.0
19/08/2017,0.0
20/08/2017,0.5
21/08/2017,0.4
22/08/2017,47.1
23/08/2017,0.0
24/08/2017,0.4
25/08/2017,7.0
26/08/2017,1.6
27/08/2017,0.0
28/08/2017,12.0
29/08/2017,24.5
30/08/2017,0.0
31/08/2017,0.4
01/09/2017,18.1
02/09/2017,0.4
03/09/2017,4.1
04/09/2017,0.0
05/09/2017,0.5
06/09/2017,23.5
07/09/2017,0.0
08/09/2017,0.0
09/09/2017,0.0
10/09/2017,4.9
11/09/2017,16.9
12/09/2017,0.2
13/09/2017,13.0
14/09/2017,10.0
15/09/2017,0.5
16/09/2017,0.0
17/09/2017,42.2
18/09/2017,68.3
19/09/2017,3.5
20/09/2017,34.4
21/09/2017,9.6
22/09/2017,0.0
23/09/2017,0.0
24/09/2017,0.0
25/09/2017,0.4
26/09/2017,73.6
27/09/2017,31.3
28/09/2017,5.7
29/09/2017,0.0
30/09/2017,26.8
01/10/2017,15.2
02/10/2017,0.0
03/10/2017,21.9
04/10/2017,8.6
05/10/2017,0.0
06/10/2017,0.0
07/10/2017,1.0
08/10/2017,32.0
09/10/2017,29.9
10/10/2017,15.4
11/10/2017,71.8
12/10/2017,5.6
13/10/2017,41.4
14/10/2017,0.0
15/10/2017,2.5
16/10/2017,0.0
17/10/2017,0.0
18/10/2017,0.0
19/10/2017,31.5
20/10/2017,1.0
21/10/2017,5.5
22/10/2017,8.0
23/10/2017,18.3
24/10/2017,4.2
25/10/2017,44.7
26/10/2017,5.4
27/10/2017,11.4
28/10/2017,13.9
29/10/2017,0.1
30/10/2017,1.0
31/10/2017,1.0
01/11/2017,37.4
02/11/2017,38.3
03/11/2017,0.3
04/11/2017,0.0
05/11/2017,3.0
06/11/2017,3.0
07/11/2017,53.5
08/11/2017,0.5
09/11/2017,0.0
10/11/2017,0.0
11/11/2017,9.1
12/11/2017,37.4
13/11/2017,0.4
14/11/2017,3.6
15/11/2017,21.5
16/11/2017,0.0
17/11/2017,5.0
18/11/2017,0.0
19/11/2017,0.0
20/11/2017,36.0
21/11/2017,8.0
22/11/2017,0.0
23/11/2017,19.9
24/11/2017,26.9
25/11/2017,25.6
26/11/2017,59.4
27/11/2017,107.6
28/11/2017,29.1
29/11/2017,45.5
30/11/2017,1.1
01/12/2017,27.3
02/12/2017,47.1
03/12/2017,0.5
04/12/2017,46.0
05/12/2017,23.5
06/12/2017,4.2
07/12/2017,3.9
08/12/2017,69.9
09/12/2017,0.5
10/12/2017,2.0
11/12/2017,0.0
12/12/2017,1.0
13/12/2017,0.0
14/12/2017,0.0
15/12/2017,0.0
16/12/2017,1.9
17/12/2017,61.1
18/12/2017,5.1
19/12/2017,0.4
20/12/2017,0.0
21/12/2017,0.0
22/12/2017,1.9
23/12/2017,37.7
24/12/2017,22.8
25/12/2017,0.0
26/12/2017,2.7
27/12/2017,29.2
28/12/2017,0.6
29/12/2017,105.4
30/12/2017,35.5
31/12/2017,21.8
01/01/2018,118.6
02/01/2018,39.4
03/01/2018,178.0
04/01/2018,44.4
05/01/2018,2.0
06/01/2018,0.0
07/01/2018,0.0
08/01/2018,7.0
09/01/2018,0.0
10/01/2018,0.0
11/01/2018,33.5
12/01/2018,74.6
13/01/2018,16.5
14/01/2018,9.9
15/01/2018,1.1
16/01/2018,0.5
17/01/2018,0.0
18/01/2018,0.0
19/01/2018,0.5
20/01/2018,8.4
21/01/2018,25.1
22/01/2018,10.0
23/01/2018,0.0
24/01/2018,0.7
25/01/2018,11.3
26/01/2018,43.8
27/01/2018,26.2
28/01/2018,5.0
29/01/2018,0.0
30/01/2018,0.0
31/01/2018,0.0
01/02/2018,19.2
02/02/2018,7.3
03/02/2018,0.0
04/02/2018,0.0
05/02/2018,0.0
06/02/2018,0.0
07/02/2018,0.0
08/02/2018,0.0
09/02/2018,0.0
10/02/2018,0.0
11/02/2018,0.0
12/02/2018,0.0
13/02/2018,9.3
14/02/2018,2.7
15/02/2018,0.0
16/02/2018,0.0
17/02/2018,0.0
18/02/2018,0.0
19/02/2018,3.5
20/02/2018,0.0
21/02/2018,0.0
22/02/2018,0.0
23/02/2018,58.0
24/02/2018,10.5
25/02/2018,0.0
26/02/2018,0.0
27/02/2018,0.0
28/02/2018,0.0
01/03/2018,0.0
02/03/2018,0.0
03/03/2018,0.0
04/03/2018,0.0
05/03/2018,0.0
06/03/2018,0.4
07/03/2018,17.2
08/03/2018,2.4
09/03/2018,2.1
10/03/2018,2.3
11/03/2018,1.1
12/03/2018,0.0
13/03/2018,0.0
14/03/2018,0.0
15/03/2018,0.0
16/03/2018,0.0
17/03/2018,0.0
18/03/2018,0.0
19/03/2018,0.0
20/03/2018,0.0
21/03/2018,0.0
22/03/2018,0.0
23/03/2018,0.4
24/03/2018,8.6
25/03/2018,1.5
26/03/2018,25.5
27/03/2018,0.0
28/03/2018,0.0
29/03/2018,0.0
30/03/2018,0.0
31/03/2018,0.0
01/04/2018,0.0
02/04/2018,0.0
03/04/2018,0.0
04/04/2018,0.0
05/04/2018,0.0
06/04/2018,0.0
07/04/2018,0.4
08/04/2018,7.0
09/04/2018,8.7
10/04/2018,0.0
11/04/2018,0.0
12/04/2018,0.0
13/04/2018,0.0
14/04/2018,0.0
15/04/2018,0.0
16/04/2018,0.0
17/04/2018,0.0
18/04/2018,29.0
19/04/2018,0.0
20/04/2018,2.0
21/04/2018,0.0
22/04/2018,0.0
23/04/2018,3.5
24/04/2018,6.0
25/04/2018,65.5
26/04/2018,18.5
27/04/2018,0.0
28/04/2018,0.0
29/04/2018,0.0
30/04/2018,0.0
01/05/2018,57.0
02/05/2018,0.0
03/05/2018,0.0
04/05/2018,1.5
05/05/2018,0.0
06/05/2018,0.0
07/05/2018,0.0
08/05/2018,0.0
09/05/2018,1.5
10/05/2018,0.0
11/05/2018,0.0
12/05/2018,0.0
13/05/2018,2.0
14/05/2018,0.0
15/05/2018,0.0
16/05/2018,4.0
17/05/2018,0.0
18/05/2018,0.0
19/05/2018,0.0
20/05/2018,0.0
21/05/2018,0.0
22/05/2018,0.0
23/05/2018,9.4
24/05/2018,6.1
25/05/2018,0.0
26/05/2018,3.5
27/05/2018,9.5
28/05/2018,0.0
29/05/2018,15.1
30/05/2018,2.9
31/05/2018,99.0
01/06/2018,38.5
02/06/2018,2.5
03/06/2018,2.5
04/06/2018,0.0
05/06/2018,34.0
06/06/2018,3.7
07/06/2018,7.8
08/06/2018,0.0
09/06/2018,0.0
10/06/2018,0.0
11/06/2018,44.5
12/06/2018,36.0
13/06/2018,0.0
14/06/2018,0.0
15/06/2018,0.0
16/06/2018,0.0
17/06/2018,0.0
18/06/2018,0.0
19/06/2018,0.0
20/06/2018,0.0
21/06/2018,0.0
22/06/2018,0.0
23/06/2018,21.0
24/06/2018,1.0
25/06/2018,55.7
26/06/2018,1.3
27/06/2018,0.0
28/06/2018,29.0
29/06/2018,8.0
30/06/2018,0.0
01/07/2018,8.1
02/07/2018,1.4
03/07/2018,3.5
04/07/2018,0.0
05/07/2018,0.0
06/07/2018,0.0
07/07/2018,0.0
08/07/2018,0.0
09/07/2018,0.0
10/07/2018,0.0
11/07/2018,0.0
12/07/2018,0.0
13/07/2018,0.0
14/07/2018,0.0
15/07/2018,0.0
16/07/2018,0.0
17/07/2018,0.5
18/07/2018,3.5
19/07/2018,0.0
20/07/2018,15.7
21/07/2018,9.3
22/07/2018,0.0
23/07/2018,21.0
24/07/2018,21.4
25/07/2018,31.6
26/07/2018,0.0
27/07/2018,0.0
28/07/2018,43.0
29/07/2018,6.0
30/07/2018,32.3
31/07/2018,18.0
01/08/2018,18.7
02/08/2018,0.0
03/08/2018,0.0
04/08/2018,0.0
05/08/2018,0.0
06/08/2018,0.0
07/08/2018,37.3
08/08/2018,57.2
09/08/2018,0.0
10/08/2018,0.0
11/08/2018,0.0
12/08/2018,0.0
13/08/2018,0.0
14/08/2018,0.0
15/08/2018,11.0
16/08/2018,0.0
17/08/2018,0.5
18/08/2018,0.0
19/08/2018,60.0
20/08/2018,0.0
21/08/2018,0.0
22/08/2018,2.5
23/08/2018,0.0
24/08/2018,0.0
25/08/2018,0.0
26/08/2018,0.0
27/08/2018,0.0
28/08/2018,0.4
29/08/2018,17.6
30/08/2018,0.5
31/08/2018,12.8
01/09/2018,13.7
02/09/2018,68.6
03/09/2018,1.9
04/09/2018,0.0
05/09/2018,0.0
06/09/2018,1.5
07/09/2018,0.5
08/09/2018,8.5
09/09/2018,0.0
10/09/2018,17.0
11/09/2018,0.7
12/09/2018,1.2
13/09/2018,2.1
14/09/2018,8.8
15/09/2018,28.1
16/09/2018,11.1
17/09/2018,0.0
18/09/2018,0.0
19/09/2018,46.5
20/09/2018,21.0
21/09/2018,0.0
22/09/2018,8.5
23/09/2018,11.0
24/09/2018,0.0
25/09/2018,0.0
26/09/2018,8.0
27/09/2018,2.0
28/09/2018,1.0
29/09/2018,0.0
30/09/2018,0.0
01/10/2018,0.0
02/10/2018,0.0
03/10/2018,0.5
04/10/2018,3.5
05/10/2018,2.0
06/10/2018,2.5
07/10/2018,17.5
08/10/2018,4.0
09/10/2018,4.3
10/10/2018,0.5
11/10/2018,2.0
12/10/2018,10.7
13/10/2018,6.7
14/10/2018,1.8
15/10/2018,0.0
16/10/2018,1.5
17/10/2018,0.0
18/10/2018,0.0
19/10/2018,0.0
20/10/2018,0.5
21/10/2018,0.0
22/10/2018,0.0
23/10/2018,0.0
24/10/2018,2.5
25/10/2018,0.5
26/10/2018,1.5
27/10/2018,0.0
28/10/2018,0.5
29/10/2018,0.0
30/10/2018,32.5
31/10/2018,1.0
01/11/2018,0.4
02/11/2018,41.2
03/11/2018,28.7
04/11/2018,21.3
05/11/2018,24.3
06/11/2018,22.5
07/11/2018,16.5
08/11/2018,0.4
09/11/2018,9.1
10/11/2018,8.5
11/11/2018,2.0
12/11/2018,7.5
13/11/2018,0.0
14/11/2018,10.5
15/11/2018,0.5
16/11/2018,0.0
17/11/2018,18.5
18/11/2018,0.3
19/11/2018,16.8
20/11/2018,2.0
21/11/2018,0.5
22/11/2018,0.5
23/11/2018,0.0
24/11/2018,0.0
25/11/2018,0.0
26/11/2018,35.9
27/11/2018,0.4
28/11/2018,5.1
29/11/2018,4.2
30/11/2018,46.2
01/12/2018,20.4
02/12/2018,9.5
03/12/2018,14.0
04/12/2018,5.5
05/12/2018,11.0
06/12/2018,18.2
07/12/2018,8.5
08/12/2018,0.0
09/12/2018,50.0
10/12/2018,1.5
11/12/2018,7.2
12/12/2018,171.9
13/12/2018,192.1
14/12/2018,15.8
15/12/2018,17.0
16/12/2018,0.4
17/12/2018,4.6
18/12/2018,0.0
19/12/2018,0.5
20/12/2018,0.0
21/12/2018,0.0
22/12/2018,0.0
23/12/2018,0.0
24/12/2018,4.0
25/12/2018,0.9
26/12/2018,5.6
27/12/2018,0.0
28/12/2018,23.0
29/12/2018,0.0
30/12/2018,0.0
31/12/2018,12.0
01/01/2019,0.0
02/01/2019,1.6
03/01/2019,0.4
04/01/2019,0.0
05/01/2019,0.3
06/01/2019,15.5
07/01/2019,14.6
08/01/2019,3.3
09/01/2019,3.8
10/01/2019,1.7
11/01/2019,1.3
12/01/2019,5.5
13/01/2019,4.0
14/01/2019,0.0
15/01/2019,0.0
16/01/2019,20.0
17/01/2019,20.8
18/01/2019,1.3
19/01/2019,0.0
20/01/2019,0.0
21/01/2019,0.0
22/01/2019,0.0
23/01/2019,2.5
24/01/2019,0.0
25/01/2019,0.0
26/01/2019,0.0
27/01/2019,0.0
28/01/2019,0.0
29/01/2019,1.0
30/01/2019,0.0
31/01/2019,0.5
01/02/2019,0.8
02/02/2019,0.7
03/02/2019,3.0
04/02/2019,0.0
05/02/2019,0.0
06/02/2019,0.0
07/02/2019,0.0
08/02/2019,0.0
09/02/2019,0.0
10/02/2019,0.0
11/02/2019,0.0
12/02/2019,0.0
13/02/2019,1.5
14/02/2019,0.5
15/02/2019,0.0
16/02/2019,0.0
17/02/2019,0.0
18/02/2019,17.5
19/02/2019,1.0
20/02/2019,0.0
21/02/2019,0.0
22/02/2019,0.0
23/02/2019,0.0
24/02/2019,0.0
25/02/2019,0.0
26/02/2019,0.0
27/02/2019,0.0
28/02/2019,0.0
01/03/2019,0.0
02/03/2019,0.0
03/03/2019,0.0
04/03/2019,0.0
05/03/2019,0.0
06/03/2019,0.0
07/03/2019,0.0
08/03/2019,0.0
09/03/2019,0.0
10/03/2019,0.0
11/03/2019,0.0
12/03/2019,0.0
13/03/2019,0.0
14/03/2019,0.0
15/03/2019,0.0
16/03/2019,0.0
17/03/2019,0.0
18/03/2019,0.0
19/03/2019,0.0
20/03/2019,0.0
21/03/2019,0.0
22/03/2019,0.0
23/03/2019,0.0
24/03/2019,0.0
25/03/2019,0.0
26/03/2019,2.0
27/03/2019,0.0
28/03/2019,0.0
29/03/2019,12.8
30/03/2019,14.7
31/03/2019,0.0
01/04/2019,6.6
02/04/2019,0.3
03/04/2019,0.6
04/04/2019,0.0
05/04/2019,0.0
06/04/2019,0.0
07/04/2019,0.0
08/04/2019,0.0
09/04/2019,0.0
10/04/2019,0.0
11/04/2019,0.0
12/04/2019,1.3
13/04/2019,13.7
14/04/2019,0.0
15/04/2019,0.0
16/04/2019,0.0
17/04/2019,0.0
18/04/2019,0.0
19/04/2019,0.0
20/04/2019,0.0
21/04/2019,0.0
22/04/2019,0.0
23/04/2019,3.0
24/04/2019,0.0
25/04/2019,0.0
26/04/2019,0.0
27/04/2019,3.5
28/04/2019,0.5
29/04/2019,13.5
30/04/2019,0.5
01/05/2019,21.5
02/05/2019,2.0
03/05/2019,0.0
04/05/2019,0.0
05/05/2019,10.3
06/05/2019,0.6
07/05/2019,29.9
08/05/2019,4.1
09/05/2019,0.0
10/05/2019,11.7
11/05/2019,0.8
12/05/2019,29.1
13/05/2019,15.5
14/05/2019,0.0
15/05/2019,0.5
16/05/2019,9.0
17/05/2019,0.0
18/05/2019,6.0
19/05/2019,28.0
20/05/2019,0.0
21/05/2019,1.0
22/05/2019,0.0
23/05/2019,0.5
24/05/2019,3.5
25/05/2019,0.0
26/05/2019,9.5
27/05/2019,0.0
28/05/2019,0.0
29/05/2019,0.0
30/05/2019,0.5
31/05/2019,0.0
01/06/2019,0.0
02/06/2019,0.0
03/06/2019,10.0
04/06/2019,0.0
05/06/2019,24.8
06/06/2019,8.7
07/06/2019,0.0
08/06/2019,0.0
09/06/2019,0.0
10/06/2019,0.0
11/06/2019,106.0
12/06/2019,0.0
13/06/2019,0.0
14/06/2019,0.0
15/06/2019,0.0
16/06/2019,0.0
17/06/2019,12.0
18/06/2019,5.2
19/06/2019,1.8
20/06/2019,3.5
21/06/2019,2.0
22/06/2019,42.5
23/06/2019,31.0
24/06/2019,0.0
25/06/2019,6.0
26/06/2019,0.0
27/06/2019,0.0
28/06/2019,0.0
29/06/2019,0.0
30/06/2019,23.0
01/07/2019,0.0
02/07/2019,0.0
03/07/2019,0.0
04/07/2019,0.0
05/07/2019,0.0
06/07/2019,10.5
07/07/2019,14.0
08/07/2019,0.0
09/07/2019,4.3
10/07/2019,0.2
11/07/2019,0.0
12/07/2019,0.0
13/07/2019,25.9
14/07/2019,2.0
15/07/2019,3.9
16/07/2019,30.2
17/07/2019,0.5
18/07/2019,1.5
19/07/2019,0.0
20/07/2019,0.0
21/07/2019,0.0
22/07/2019,11.0
23/07/2019,0.5
24/07/2019,45.2
25/07/2019,1.8
26/07/2019,0.0
27/07/2019,14.5
28/07/2019,0.0
29/07/2019,0.0
30/07/2019,0.0
31/07/2019,7.5
01/08/2019,0.0
02/08/2019,0.0
03/08/2019,0.0
04/08/2019,0.0
05/08/2019,0.0
06/08/2019,0.0
07/08/2019,0.0
08/08/2019,27.5
09/08/2019,14.9
10/08/2019,0.6
11/08/2019,0.0
12/08/2019,0.0
13/08/2019,0.5
14/08/2019,65.0
15/08/2019,54.0
16/08/2019,2.0
17/08/2019,0.0
18/08/2019,0.0
19/08/2019,0.0
20/08/2019,19.6
21/08/2019,0.4
22/08/2019,29.5
23/08/2019,5.3
24/08/2019,36.7
25/08/2019,74.0
26/08/2019,9.5
27/08/2019,3.5
28/08/2019,54.2
29/08/2019,1.8
30/08/2019,0.0
31/08/2019,0.0
01/09/2019,0.0
02/09/2019,0.5
03/09/2019,0.0
04/09/2019,0.0
05/09/2019,2.0
06/09/2019,0.4
07/09/2019,3.6
08/09/2019,12.9
09/09/2019,4.1
10/09/2019,0.0
11/09/2019,0.0
12/09/2019,0.0
13/09/2019,0.0
14/09/2019,1.5
15/09/2019,0.0
16/09/2019,0.0
17/09/2019,0.0
18/09/2019,3.0
19/09/2019,0.0
20/09/2019,0.4
21/09/2019,1.1
22/09/2019,0.0
23/09/2019,0.0
24/09/2019,0.4
25/09/2019,59.0
26/09/2019,0.2
27/09/2019,0.0
28/09/2019,0.0
29/09/2019,0.3
30/09/2019,7.2
01/10/2019,0.0
02/10/2019,66.5
03/10/2019,0.9
04/10/2019,1.1
05/10/2019,0.0
06/10/2019,0.0
07/10/2019,0.0
08/10/2019,0.0
09/10/2019,0.5
10/10/2019,11.0
11/10/2019,27.5
12/10/2019,0.0
13/10/2019,1.0
14/10/2019,1.0
15/10/2019,0.0
16/10/2019,0.0
17/10/2019,2.3
18/10/2019,41.7
19/10/2019,0.0
20/10/2019,0.0
21/10/2019,0.4
22/10/2019,24.1
23/10/2019,0.0
24/10/2019,4.5
25/10/2019,0.0
26/10/2019,2.0
27/10/2019,0.5
28/10/2019,2.0
29/10/2019,17.4
30/10/2019,100.1
31/10/2019,0.5
01/11/2019,0.9
02/11/2019,1.6
03/11/2019,0.5
04/11/2019,11.0
05/11/2019,32.1
06/11/2019,5.9
07/11/2019,7.0
08/11/2019,0.0
09/11/2019,0.0
10/11/2019,1.1
11/11/2019,49.9
12/11/2019,10.0
13/11/2019,0.0
14/11/2019,0.9
15/11/2019,10.0
16/11/2019,2.6
17/11/2019,0.0
18/11/2019,6.0
19/11/2019,0.5
20/11/2019,63.0
21/11/2019,43.0
22/11/2019,140.1
23/11/2019,8.9
24/11/2019,0.0
25/11/2019,0.5
26/11/2019,0.4
27/11/2019,48.2
28/11/2019,20.7
29/11/2019,131.8
30/11/2019,10.4
01/12/2019,226.7
02/12/2019,19.3
03/12/2019,0.0
04/12/2019,0.8
05/12/2019,0.2
06/12/2019,0.0
07/12/2019,9.4
08/12/2019,10.3
09/12/2019,2.7
10/12/2019,0.0
11/12/2019,0.5
12/12/2019,0.0
13/12/2019,1.6
14/12/2019,23.5
15/12/2019,11.7
16/12/2019,160.7
17/12/2019,79.4
18/12/2019,105.1
19/12/2019,10.6
20/12/2019,2.4
21/12/2019,0.5
22/12/2019,0.0
23/12/2019,0.0
24/12/2019,0.5
25/12/2019,0.0
26/12/2019,0.0
27/12/2019,0.0
28/12/2019,0.5
29/12/2019,0.0
30/12/2019,0.0
31/12/2019,2.2
01/01/2020,5.4
02/01/2020,5.3
03/01/2020,0.5
04/01/2020,2.0
05/01/2020,0.5
06/01/2020,0.5
07/01/2020,17.5
08/01/2020,0.5
09/01/2020,2.0
10/01/2020,0.0
11/01/2020,0.0
12/01/2020,0.0
13/01/2020,0.0
14/01/2020,0.0
15/01/2020,0.0
16/01/2020,0.0
17/01/2020,0.0
18/01/2020,0.5
19/01/2020,1.9
20/01/2020,2.9
21/01/2020,2.2
22/01/2020,0.5
23/01/2020,0.0
24/01/2020,0.0
25/01/2020,0.0
26/01/2020,0.0
27/01/2020,0.0
28/01/2020,0.0
29/01/2020,0.0
30/01/2020,0.0
31/01/2020,10.7
01/02/2020,3.8
02/02/2020,0.0
03/02/2020,0.0
04/02/2020,0.0
05/02/2020,0.0
06/02/2020,0.5
07/02/2020,0.0
08/02/2020,0.0
09/02/2020,31.7
10/02/2020,16.4
11/02/2020,3.9
12/02/2020,7.0
13/02/2020,0.0
14/02/2020,0.0
15/02/2020,0.0
16/02/2020,0.0
17/02/2020,8.4
18/02/2020,19.1
19/02/2020,0.0
20/02/2020,0.4
21/02/2020,4.1
22/02/2020,3.5
23/02/2020,1.5
24/02/2020,0.0
25/02/2020,0.0
26/02/2020,0.0
27/02/2020,0.0
28/02/2020,0.0
29/02/2020,0.0
01/03/2020,0.0
02/03/2020,0.0
03/03/2020,0.0
04/03/2020,0.0
05/03/2020,0.0
06/03/2020,0.3
07/03/2020,0.2
08/03/2020,0.0
09/03/2020,0.0
10/03/2020,0.0
11/03/2020,0.0
12/03/2020,0.0
13/03/2020,0.0
14/03/2020,0.0
15/03/2020,0.5
16/03/2020,0.0
17/03/2020,7.5
18/03/2020,0.0
19/03/2020,0.0
20/03/2020,0.0
21/03/2020,0.5
22/03/2020,13.7
23/03/2020,43.3
24/03/2020,0.0
25/03/2020,0.0
26/03/2020,0.0
27/03/2020,0.0
28/03/2020,0.0
29/03/2020,0.0
30/03/2020,0.0
31/03/2020,0.0
01/04/2020,0.0
02/04/2020,11.0
03/04/2020,7.5
04/04/2020,0.0
05/04/2020,16.0
06/04/2020,2.0
07/04/2020,0.0
08/04/2020,0.0
09/04/2020,0.0
10/04/2020,0.0
11/04/2020,0.0
12/04/2020,0.0
13/04/2020,0.0
14/04/2020,0.0
15/04/2020,0.0
16/04/2020,0.0
17/04/2020,0.0
18/04/2020,0.0
19/04/2020,6.0
20/04/2020,0.0
21/04/2020,0.0
22/04/2020,9.2
23/04/2020,14.8
24/04/2020,1.0
25/04/2020,8.4
26/04/2020,29.6
27/04/2020,0.0
28/04/2020,1.0
29/04/2020,0.0
30/04/2020,2.5
01/05/2020,7.5
02/05/2020,11.5
03/05/2020,0.0
04/05/2020,27.5
05/05/2020,0.5
06/05/2020,0.0
07/05/2020,9.3
08/05/2020,0.2
09/05/2020,0.0
10/05/2020,0.0
11/05/2020,0.0
12/05/2020,0.5
13/05/2020,7.0
14/05/2020,0.0
15/05/2020,0.0
16/05/2020,5.5
17/05/2020,0.0
18/05/2020,0.0
19/05/2020,0.0
20/05/2020,0.0
21/05/2020,0.0
22/05/2020,0.4
23/05/2020,1.6
24/05/2020,1.0
25/05/2020,0.4
26/05/2020,16.6
27/05/2020,0.0
28/05/2020,0.5
29/05/2020,17.5
30/05/2020,0.0
31/05/2020,7.5
01/06/2020,0.5
02/06/2020,0.0
03/06/2020,0.0
04/06/2020,0.0
05/06/2020,0.4
06/06/2020,9.6
07/06/2020,0.0
08/06/2020,0.5
09/06/2020,0.4
10/06/2020,5.6
11/06/2020,0.0
12/06/2020,37.4
13/06/2020,4.1
14/06/2020,0.0
15/06/2020,0.0
16/06/2020,1.0
17/06/2020,8.5
18/06/2020,11.5
19/06/2020,1.5
20/06/2020,4.0
21/06/2020,29.0
22/06/2020,6.0
23/06/2020,0.5
24/06/2020,9.5
25/06/2020,0.0
26/06/2020,0.0
27/06/2020,0.0
28/06/2020,0.0
29/06/2020,2.0
30/06/2020,0.0
01/07/2020,32.9
02/07/2020,1.6
03/07/2020,0.0
04/07/2020,21.5
05/07/2020,38.7
06/07/2020,2.7
07/07/2020,2.1
08/07/2020,0.5
09/07/2020,2.7
10/07/2020,6.8
11/07/2020,17.0
12/07/2020,25.0
13/07/2020,5.0
14/07/2020,0.0
15/07/2020,0.0
16/07/2020,0.0
17/07/2020,0.0
18/07/2020,3.0
19/07/2020,0.0
20/07/2020,26.5
21/07/2020,0.0
22/07/2020,0.5
23/07/2020,17.5
24/07/2020,0.3
25/07/2020,0.2
26/07/2020,0.0
27/07/2020,0.0
28/07/2020,9.0
29/07/2020,10.0
30/07/2020,33.7
31/07/2020,17.3
01/08/2020,0.0
02/08/2020,0.0
03/08/2020,0.5
04/08/2020,0.0
05/08/2020,0.0
06/08/2020,2.5
07/08/2020,1.5
08/08/2020,0.5
09/08/2020,3.5
10/08/2020,0.0
11/08/2020,3.5
12/08/2020,10.5
13/08/2020,4.3
14/08/2020,23.2
15/08/2020,0.0
16/08/2020,0.0
17/08/2020,16.5
18/08/2020,86.0
19/08/2020,1.5
20/08/2020,0.0
21/08/2020,15.9
22/08/2020,18.1
23/08/2020,1.5
24/08/2020,0.0
25/08/2020,0.0
26/08/2020,0.0
27/08/2020,0.0
28/08/2020,0.0
29/08/2020,0.0
30/08/2020,0.0
31/08/2020,0.0
01/09/2020,0.0
02/09/2020,0.5
03/09/2020,0.0
04/09/2020,3.5
05/09/2020,0.0
06/09/2020,2.0
07/09/2020,0.5
08/09/2020,0.0
09/09/2020,0.0
10/09/2020,0.5
11/09/2020,0.0
12/09/2020,19.0
13/09/2020,2.8
14/09/2020,29.2
15/09/2020,0.0
16/09/2020,0.0
17/09/2020,0.0
18/09/2020,0.4
19/09/2020,3.1
20/09/2020,1.0
21/09/2020,0.0
22/09/2020,0.0
23/09/2020,3.0
24/09/2020,0.0
25/09/2020,2.0
26/09/2020,2.0
27/09/2020,0.0
28/09/2020,0.0
29/09/2020,0.0
30/09/2020,0.0
01/10/2020,9.0
02/10/2020,15.5
03/10/2020,2.0
04/10/2020,16.0
05/10/2020,2.9
06/10/2020,28.1
07/10/2020,60.5
08/10/2020,10.5
09/10/2020,0.4
10/10/2020,1.1
11/10/2020,0.0
12/10/2020,17.6
13/10/2020,5.2
14/10/2020,0.7
15/10/2020,0.0
16/10/2020,0.5
17/10/2020,0.0
18/10/2020,0.0
19/10/2020,38.0
20/10/2020,0.0
21/10/2020,5.6
22/10/2020,0.4
23/10/2020,0.5
24/10/2020,23.5
25/10/2020,55.8
26/10/2020,1.7
27/10/2020,0.0
28/10/2020,5.0
29/10/2020,5.2
30/10/2020,1.3
31/10/2020,0.0
01/11/2020,8.0
02/11/2020,3.0
03/11/2020,0.4
04/11/2020,50.1
05/11/2020,11.5
06/11/2020,84.0
07/11/2020,2.5
08/11/2020,32.0
09/11/2020,14.0
10/11/2020,0.0
11/11/2020,14.2
12/11/2020,24.5
13/11/2020,1.7
14/11/2020,0.5
15/11/2020,0.5
16/11/2020,0.5
17/11/2020,68.4
18/11/2020,34.6
19/11/2020,0.0
20/11/2020,8.2
21/11/2020,24.3
22/11/2020,16.4
23/11/2020,61.7
24/11/2020,50.6
25/11/2020,23.8
26/11/2020,3.3
27/11/2020,210.2
28/11/2020,53.5
29/11/2020,3.0
30/11/2020,12.0
01/12/2020,4.5
02/12/2020,13.9
03/12/2020,9.1
04/12/2020,86.0
05/12/2020,40.5
06/12/2020,0.0
07/12/2020,0.0
08/12/2020,0.0
09/12/2020,0.0
10/12/2020,0.0
11/12/2020,36.7
12/12/2020,1.8
13/12/2020,1.5
14/12/2020,2.8
15/12/2020,6.7
16/12/2020,65.4
17/12/2020,218.6
18/12/2020,162.3
19/12/2020,83.3
20/12/2020,76.9
21/12/2020,0.0
22/12/2020,0.0
23/12/2020,0.0
24/12/2020,29.0
25/12/2020,4.5
26/12/2020,2.6
27/12/2020,2.9
28/12/2020,0.0
29/12/2020,0.0
30/12/2020,0.0
31/12/2020,69.4
01/01/2021,18.6
02/01/2021,18.7
03/01/2021,205.1
04/01/2021,31.0
05/01/2021,37.6
06/01/2021,322.7
07/01/2021,33.3
08/01/2021,4.7
09/01/2021,14.3
10/01/2021,12.1
11/01/2021,7.4
12/01/2021,11.8
13/01/2021,11.4
14/01/2021,0.0
15/01/2021,0.5
16/01/2021,0.0
17/01/2021,0.5
18/01/2021,0.5
19/01/2021,0.0
20/01/2021,0.0
21/01/2021,0.0
22/01/2021,0.8
23/01/2021,13.2
24/01/2021,2.5
25/01/2021,0.0
26/01/2021,0.3
27/01/2021,7.6
28/01/2021,3.0
29/01/2021,1.0
30/01/2021,0.0
31/01/2021,13.6
01/02/2021,4.4
02/02/2021,0.0
03/02/2021,0.0
04/02/2021,0.0
05/02/2021,1.2
06/02/2021,0.3
07/02/2021,0.0
08/02/2021,4.0
09/02/2021,0.0
10/02/2021,0.0
11/02/2021,0.0
12/02/2021,1.0
13/02/2021,0.0
14/02/2021,0.0
15/02/2021,0.0
16/02/2021,0.0
17/02/2021,0.0
18/02/2021,0.0
19/02/2021,0.5
20/02/2021,0.0
21/02/2021,0.0
22/02/2021,0.0
23/02/2021,0.0
24/02/2021,0.0
25/02/2021,0.0
26/02/2021,0.0
27/02/2021,0.0
28/02/2021,0.0
01/03/2021,0.0
02/03/2021,0.0
03/03/2021,0.0
04/03/2021,2.0
05/03/2021,0.0
06/03/2021,0.0
07/03/2021,0.0
08/03/2021,0.0
09/03/2021,0.0
10/03/2021,5.9
11/03/2021,3.5
12/03/2021,17.6
13/03/2021,5.0
14/03/2021,0.0
15/03/2021,0.0
16/03/2021,1.5
17/03/2021,0.0
18/03/2021,0.0
19/03/2021,0.0
20/03/2021,0.0
21/03/2021,0.0
22/03/2021,0.4
23/03/2021,43.9
24/03/2021,218.6
25/03/2021,201.5
26/03/2021,4.2
27/03/2021,4.0
28/03/2021,0.5
29/03/2021,17.0
30/03/2021,21.9
31/03/2021,26.6
01/04/2021,22.5
02/04/2021,8.0
03/04/2021,0.0
04/04/2021,17.5
05/04/2021,1.5
06/04/2021,0.0
07/04/2021,0.0
08/04/2021,11.0
09/04/2021,0.0
10/04/2021,0.0
11/04/2021,16.5
12/04/2021,0.0
13/04/2021,0.0
14/04/2021,30.8
15/04/2021,0.2
16/04/2021,0.0
17/04/2021,8.5
18/04/2021,0.0
19/04/2021,8.5
20/04/2021,24.0
21/04/2021,65.5
22/04/2021,19.0
23/04/2021,55.2
24/04/2021,2.3
25/04/2021,1.5
26/04/2021,5.0
27/04/2021,0.0
28/04/2021,0.0
29/04/2021,1.5
30/04/2021,14.0
01/05/2021,0.0
02/05/2021,0.0
03/05/2021,0.5
04/05/2021,9.0
05/05/2021,7.5
06/05/2021,7.5
07/05/2021,5.5
08/05/2021,0.0
09/05/2021,0.0
10/05/2021,0.0
11/05/2021,0.0
12/05/2021,0.0
13/05/2021,0.0
14/05/2021,0.5
15/05/2021,6.5
16/05/2021,16.5
17/05/2021,85.5
18/05/2021,44.3
19/05/2021,2.7
20/05/2021,0.0
21/05/2021,11.5
22/05/2021,0.9
23/05/2021,0.1
24/05/2021,0.0
25/05/2021,29.5
26/05/2021,0.0
27/05/2021,0.0
28/05/2021,0.5
29/05/2021,14.5
30/05/2021,0.0
31/05/2021,14.0
01/06/2021,0.0
02/06/2021,0.0
03/06/2021,0.0
04/06/2021,3.0
05/06/2021,0.0
06/06/2021,1.0
07/06/2021,0.0
08/06/2021,0.0
09/06/2021,0.5
10/06/2021,4.0
11/06/2021,0.0
12/06/2021,0.0
13/06/2021,32.5
14/06/2021,0.0
15/06/2021,41.0
16/06/2021,0.0
17/06/2021,0.5
18/06/2021,0.0
19/06/2021,2.5
20/06/2021,11.0
21/06/2021,0.0
22/06/2021,0.0
23/06/2021,55.0
24/06/2021,3.0
25/06/2021,21.0
26/06/2021,0.0
27/06/2021,0.0
28/06/2021,54.5
29/06/2021,1.2
30/06/2021,0.3
01/07/2021,0.0
02/07/2021,0.5
03/07/2021,34.5
04/07/2021,0.0
05/07/2021,2.0
06/07/2021,17.5
07/07/2021,0.5
08/07/2021,0.0
09/07/2021,0.5
10/07/2021,2.0
11/07/2021,13.2
12/07/2021,5.3
13/07/2021,8.8
14/07/2021,0.2
15/07/2021,0.0
16/07/2021,0.0
17/07/2021,0.0
18/07/2021,0.0
19/07/2021,0.0
20/07/2021,0.0
21/07/2021,0.0
22/07/2021,16.8
23/07/2021,5.7
24/07/2021,0.0
25/07/2021,0.0
26/07/2021,0.0
27/07/2021,0.0
28/07/2021,0.0
29/07/2021,0.0
30/07/2021,25.0
31/07/2021,26.3
01/08/2021,5.7
02/08/2021,0.0
03/08/2021,7.0
04/08/2021,10.5
05/08/2021,0.5
06/08/2021,1.0
07/08/2021,2.5
08/08/2021,0.0
09/08/2021,3.0
10/08/2021,30.5
11/08/2021,5.5
12/08/2021,0.0
13/08/2021,0.0
14/08/2021,0.4
15/08/2021,16.6
16/08/2021,13.5
17/08/2021,9.0
18/08/2021,4.0
19/08/2021,8.9
20/08/2021,3.6
21/08/2021,0.5
22/08/2021,0.0
23/08/2021,0.0
24/08/2021,0.5
25/08/2021,0.0
26/08/2021,0.0
27/08/2021,0.8
28/08/2021,78.0
29/08/2021,9.2
30/08/2021,24.0
31/08/2021,17.0
01/09/2021,39.7
02/09/2021,16.7
03/09/2021,1.6
04/09/2021,0.0
05/09/2021,4.0
06/09/2021,0.4
07/09/2021,0.1
08/09/2021,0.0
09/09/2021,21.4
10/09/2021,7.6
11/09/2021,0.0
12/09/2021,9.0
13/09/2021,2.5
14/09/2021,1.3
15/09/2021,0.2
16/09/2021,0.5
17/09/2021,0.0
18/09/2021,0.5
19/09/2021,0.0
20/09/2021,0.0
21/09/2021,1.5
22/09/2021,0.0
23/09/2021,0.0
24/09/2021,0.5
25/09/2021,5.9
26/09/2021,2.1
27/09/2021,5.5
28/09/2021,1.5
29/09/2021,1.5
30/09/2021,0.0
01/10/2021,14.9
02/10/2021,0.6
03/10/2021,11.0
04/10/2021,5.5
05/10/2021,0.5
06/10/2021,0.0
07/10/2021,7.0
08/10/2021,0.0
09/10/2021,0.0
10/10/2021,0.0
11/10/2021,0.0
12/10/2021,0.0
13/10/2021,0.0
14/10/2021,0.0
15/10/2021,0.0
16/10/2021,0.0
17/10/2021,65.0
18/10/2021,0.0
19/10/2021,5.9
20/10/2021,21.1
21/10/2021,0.4
22/10/2021,6.6
23/10/2021,3.0
24/10/2021,10.0
25/10/2021,0.0
26/10/2021,0.0
27/10/2021,21.0
28/10/2021,0.4
29/10/2021,2.6
30/10/2021,0.5
31/10/2021,7.0
01/11/2021,0.5
02/11/2021,2.8
03/11/2021,7.1
04/11/2021,0.1
05/11/2021,0.0
06/11/2021,0.0
07/11/2021,16.5
08/11/2021,7.0
09/11/2021,0.8
10/11/2021,1.6
11/11/2021,1.1
12/11/2021,8.0
13/11/2021,16.8
14/11/2021,0.7
15/11/2021,15.5
16/11/2021,30.8
17/11/2021,2.8
18/11/2021,1.9
19/11/2021,9.0
20/11/2021,12.0
21/11/2021,0.5
22/11/2021,0.4
23/11/2021,4.9
24/11/2021,2.7
25/11/2021,15.2
26/11/2021,4.8
27/11/2021,7.5
28/11/2021,8.1
29/11/2021,34.9
30/11/2021,1.3
01/12/2021,1.7
02/12/2021,29.7
03/12/2021,3.2
04/12/2021,0.6
05/12/2021,0.0
06/12/2021,0.0
07/12/2021,0.0
08/12/2021,0.0
09/12/2021,0.4
10/12/2021,29.8
11/12/2021,3.3
12/12/2021,0.0
13/12/2021,66.1
14/12/2021,1.6
15/12/2021,12.8
16/12/2021,128.0
17/12/2021,68.7
18/12/2021,188.2
19/12/2021,59.1
20/12/2021,0.0
21/12/2021,0.9
22/12/2021,4.1
23/12/2021,1.5
24/12/2021,0.7
25/12/2021,0.3
26/12/2021,0.0
27/12/2021,0.0
28/12/2021,0.0
29/12/2021,1.3
30/12/2021,107.9
31/12/2021,33.5
01/01/2022,30.1
02/01/2022,30.0
03/01/2022,11.0
04/01/2022,7.7
05/01/2022,0.0
06/01/2022,0.0
07/01/2022,0.4
08/01/2022,15.3
09/01/2022,0.3
10/01/2022,0.0
11/01/2022,0.0
12/01/2022,0.0
13/01/2022,0.0
14/01/2022,0.0
15/01/2022,0.0
16/01/2022,2.0
17/01/2022,4.0
18/01/2022,0.0
19/01/2022,0.0
20/01/2022,0.0
21/01/2022,0.0
22/01/2022,0.0
23/01/2022,0.0
24/01/2022,0.0
25/01/2022,0.0
26/01/2022,0.0
27/01/2022,0.0
28/01/2022,0.0
29/01/2022,0.0
30/01/2022,0.0
31/01/2022,0.0
01/02/2022,0.0
02/02/2022,0.5
03/02/2022,16.5
04/02/2022,8.4
05/02/2022,2.0
06/02/2022,5.5
07/02/2022,63.2
08/02/2022,19.2
09/02/2022,2.7
10/02/2022,74.2
11/02/2022,56.5
12/02/2022,1.3
13/02/2022,5.6
14/02/2022,52.6
15/02/2022,77.2
16/02/2022,1.2
17/02/2022,21.3
18/02/2022,0.0
19/02/2022,0.0
20/02/2022,30.5
21/02/2022,0.0
22/02/2022,1.0
23/02/2022,34.3
24/02/2022,195.1
25/02/2022,154.2
26/02/2022,18.2
27/02/2022,207.1
28/02/2022,25.6
01/03/2022,0.0
02/03/2022,3.0
03/03/2022,2.1
04/03/2022,4.4
05/03/2022,6.5
06/03/2022,0.0
07/03/2022,3.5
08/03/2022,0.5
09/03/2022,0.5
10/03/2022,0.0
11/03/2022,0.0
12/03/2022,0.0
13/03/2022,1.0
14/03/2022,0.0
15/03/2022,0.5
16/03/2022,0.0
17/03/2022,3.0
18/03/2022,7.0
19/03/2022,0.0
20/03/2022,37.3
21/03/2022,3.2
22/03/2022,22.0
23/03/2022,49.8
24/03/2022,0.2
25/03/2022,3.8
26/03/2022,0.2
27/03/2022,12.5
28/03/2022,0.5
29/03/2022,0.5
30/03/2022,0.0
31/03/2022,8.5
01/04/2022,18.2
02/04/2022,8.5
03/04/2022,2.6
04/04/2022,41.2
05/04/2022,8.9
06/04/2022,4.5
07/04/2022,2.0
08/04/2022,22.4
09/04/2022,19.1
10/04/2022,9.3
11/04/2022,9.7
12/04/2022,0.0
13/04/2022,23.3
14/04/2022,18.2
15/04/2022,10.5
16/04/2022,0.0
17/04/2022,0.0
18/04/2022,0.0
19/04/2022,1.5
20/04/2022,5.0
21/04/2022,0.0
22/04/2022,0.5
23/04/2022,0.0
24/04/2022,26.5
25/04/2022,0.0
26/04/2022,0.0
27/04/2022,0.0
28/04/2022,0.0
29/04/2022,2.5
30/04/2022,21.5
01/05/2022,30.5
02/05/2022,10.5
03/05/2022,0.0
04/05/2022,3.5
05/05/2022,6.0
06/05/2022,16.5
07/05/2022,14.0
08/05/2022,0.9
09/05/2022,9.6
10/05/2022,15.7
11/05/2022,2.8
12/05/2022,0.5
13/05/2022,1.4
14/05/2022,37.1
15/05/2022,7.0
16/05/2022,40.0
17/05/2022,0.0
18/05/2022,74.7
19/05/2022,25.8
20/05/2022,14.0
21/05/2022,0.0
22/05/2022,0.4
23/05/2022,0.5
24/05/2022,1.1
25/05/2022,19.0
26/05/2022,0.0
27/05/2022,0.0
28/05/2022,0.0
29/05/2022,0.0
30/05/2022,0.0
31/05/2022,0.0
01/06/2022,0.0
02/06/2022,1.0
03/06/2022,13.3
04/06/2022,0.2
05/06/2022,0.0
06/06/2022,0.0
07/06/2022,18.5
08/06/2022,0.0
09/06/2022,0.0
10/06/2022,0.0
11/06/2022,2.0
12/06/2022,0.0
13/06/2022,0.0
14/06/2022,0.0
15/06/2022,0.0
16/06/2022,0.0
17/06/2022,0.0
18/06/2022,0.0
19/06/2022,0.0
20/06/2022,0.0
21/06/2022,4.0
22/06/2022,27.5
23/06/2022,0.5
24/06/2022,47.6
25/06/2022,33.0
26/06/2022,0.5
27/06/2022,0.5
28/06/2022,0.0
29/06/2022,36.0
30/06/2022,12.0
01/07/2022,0.0
02/07/2022,0.0
03/07/2022,0.0
04/07/2022,0.5
05/07/2022,3.3
06/07/2022,8.4
07/07/2022,5.3
08/07/2022,0.0
09/07/2022,0.0
10/07/2022,0.0
11/07/2022,1.3
12/07/2022,9.7
13/07/2022,3.0
14/07/2022,1.0
15/07/2022,0.5
16/07/2022,0.8
17/07/2022,1.2
18/07/2022,0.0
19/07/2022,0.5
20/07/2022,0.4
21/07/2022,0.1
22/07/2022,0.0
23/07/2022,0.5
24/07/2022,0.0
25/07/2022,0.0
26/07/2022,0.5
27/07/2022,0.0
28/07/2022,0.5
29/07/2022,0.0
30/07/2022,1.0
31/07/2022,1.0
01/08/2022,0.5
02/08/2022,0.5
03/08/2022,0.5
04/08/2022,0.5
05/08/2022,0.5
06/08/2022,1.0
07/08/2022,1.8
08/08/2022,1.1
09/08/2022,2.3
10/08/2022,5.0
11/08/2022,26.8
12/08/2022,0.5
13/08/2022,1.5
14/08/2022,0.0
15/08/2022,0.0
16/08/2022,0.0
17/08/2022,0.0
18/08/2022,0.0
19/08/2022,0.0
20/08/2022,0.0
21/08/2022,0.5
22/08/2022,0.0
23/08/2022,20.0
24/08/2022,0.5
25/08/2022,23.0
26/08/2022,1.5
27/08/2022,7.5
28/08/2022,0.0
29/08/2022,0.4
30/08/2022,22.1
31/08/2022,0.5
01/09/2022,0.9
02/09/2022,19.9
03/09/2022,1.2
04/09/2022,0.0
05/09/2022,0.0
06/09/2022,64.0
07/09/2022,1.1
08/09/2022,1.4
09/09/2022,0.4
10/09/2022,3.1
11/09/2022,4.5
12/09/2022,0.0
13/09/2022,14.5
14/09/2022,0.0
15/09/2022,0.0
16/09/2022,0.0
17/09/2022,9.2
18/09/2022,0.8
19/09/2022,1.0
20/09/2022,0.0
21/09/2022,17.0
22/09/2022,1.0
23/09/2022,45.5
24/09/2022,0.5
25/09/2022,0.0
26/09/2022,0.0
27/09/2022,0.0
28/09/2022,5.0
29/09/2022,0.0
30/09/2022,0.5
01/10/2022,18.5
02/10/2022,0.4
03/10/2022,9.4
04/10/2022,3.7
05/10/2022,1.0
06/10/2022,0.5
07/10/2022,63.4
08/10/2022,30.2
09/10/2022,16.9
10/10/2022,4.0
11/10/2022,1.9
12/10/2022,25.2
13/10/2022,15.2
14/10/2022,9.2
15/10/2022,3.5
16/10/2022,8.5
17/10/2022,2.2
18/10/2022,14.8
19/10/2022,30.2
20/10/2022,3.3
21/10/2022,0.0
22/10/2022,1.5
23/10/2022,0.5
24/10/2022,0.4
25/10/2022,3.5
26/10/2022,9.1
27/10/2022,0.0
28/10/2022,5.5
29/10/2022,28.0
30/10/2022,4.7
31/10/2022,1.8
01/11/2022,26.7
02/11/2022,16.3
03/11/2022,4.0
04/11/2022,47.8
05/11/2022,1.7
06/11/2022,14.0
07/11/2022,1.5
08/11/2022,0.4
09/11/2022,1.9
10/11/2022,55.4
11/11/2022,70.1
12/11/2022,17.6
13/11/2022,6.8
14/11/2022,7.7
15/11/2022,19.5
16/11/2022,26.4
17/11/2022,8.7
18/11/2022,49.9
19/11/2022,0.0
20/11/2022,32.5
21/11/2022,0.0
22/11/2022,2.6
23/11/2022,0.7
24/11/2022,11.1
25/11/2022,8.6
26/11/2022,1.0
27/11/2022,9.0
28/11/2022,4.0
29/11/2022,2.4
30/11/2022,23.5
01/12/2022,12.2
02/12/2022,0.5
03/12/2022,22.0
04/12/2022,5.5
05/12/2022,0.5
06/12/2022,0.0
07/12/2022,0.5
08/12/2022,79.4
09/12/2022,48.3
10/12/2022,50.5
11/12/2022,23.7
12/12/2022,28.4
13/12/2022,42.2
14/12/2022,47.6
15/12/2022,4.9
16/12/2022,2.4
17/12/2022,68.7
18/12/2022,256.3
19/12/2022,137.4
20/12/2022,56.2
21/12/2022,101.3
22/12/2022,2.6
23/12/2022,0.0
24/12/2022,0.0
25/12/2022,0.0
26/12/2022,0.0
27/12/2022,0.5
28/12/2022,0.0
29/12/2022,0.0
30/12/2022,0.0
31/12/2022,0.0
01/01/2023,0.0
02/01/2023,0.0
03/01/2023,29.4
04/01/2023,9.1
05/01/2023,0.0
06/01/2023,3.5
07/01/2023,0.0
08/01/2023,0.0
09/01/2023,1.0
10/01/2023,0.0
11/01/2023,0.3
12/01/2023,5.8
13/01/2023,2.4
14/01/2023,2.0
15/01/2023,10.0
16/01/2023,0.0
17/01/2023,0.5
18/01/2023,3.5
19/01/2023,2.1
20/01/2023,8.1
21/01/2023,37.1
22/01/2023,16.7
23/01/2023,3.5
24/01/2023,5.0
25/01/2023,2.0
26/01/2023,1.5
27/01/2023,23.4
28/01/2023,10.7
29/01/2023,22.5
30/01/2023,8.3
31/01/2023,3.5
01/02/2023,6.7
02/02/2023,16.7
03/02/2023,21.6
04/02/2023,2.0
05/02/2023,5.0
06/02/2023,145.7
07/02/2023,5.5
08/02/2023,1.0
09/02/2023,0.0
10/02/2023,0.0
11/02/2023,7.0
12/02/2023,0.0
13/02/2023,0.0
14/02/2023,2.0
15/02/2023,0.0
16/02/2023,1.3
17/02/2023,11.7
18/02/2023,3.0
19/02/2023,0.5
20/02/2023,0.5
21/02/2023,1.0
22/02/2023,6.5
23/02/2023,0.5
24/02/2023,0.0
25/02/2023,0.0
26/02/2023,6.8
27/02/2023,9.6
28/02/2023,37.5
01/03/2023,28.9
02/03/2023,6.4
03/03/2023,9.7
04/03/2023,2.7
05/03/2023,0.0
06/03/2023,0.0
07/03/2023,0.0
08/03/2023,2.0
09/03/2023,0.9
10/03/2023,5.1
11/03/2023,0.0
12/03/2023,0.0
13/03/2023,0.0
14/03/2023,0.0
15/03/2023,0.0
16/03/2023,0.0
17/03/2023,0.0
18/03/2023,0.4
19/03/2023,3.6
20/03/2023,0.0
21/03/2023,0.0
22/03/2023,0.0
23/03/2023,0.0
24/03/2023,0.0
25/03/2023,0.0
26/03/2023,0.0
27/03/2023,0.0
28/03/2023,0.0
29/03/2023,0.0
30/03/2023,0.0
31/03/2023,0.0
01/04/2023,0.0
02/04/2023,11.0
03/04/2023,1.0
04/04/2023,28.5
05/04/2023,35.5
06/04/2023,0.0
07/04/2023,0.0
08/04/2023,0.0
09/04/2023,0.0
10/04/2023,0.0
11/04/2023,0.0
12/04/2023,0.0
13/04/2023,0.0
14/04/2023,0.0
15/04/2023,0.0
16/04/2023,0.0
17/04/2023,0.0
18/04/2023,0.0
19/04/2023,0.0
20/04/2023,0.0
21/04/2023,0.0
22/04/2023,0.0
23/04/2023,0.0
24/04/2023,0.0
25/04/2023,0.0
26/04/2023,8.0
27/04/2023,10.0
28/04/2023,0.5
29/04/2023,2.5
30/04/2023,0.5
01/05/2023,0.5
02/05/2023,10.0
03/05/2023,0.5
04/05/2023,0.0
05/05/2023,22.5
06/05/2023,11.5
07/05/2023,0.0
08/05/2023,0.0
09/05/2023,0.0
10/05/2023,0.0
11/05/2023,0.0
12/05/2023,0.0
13/05/2023,0.0
14/05/2023,11.5
15/05/2023,11.5
16/05/2023,0.0
17/05/2023,0.5
18/05/2023,13.0
19/05/2023,1.0
20/05/2023,5.3
21/05/2023,8.7
22/05/2023,19.0
23/05/2023,0.0
24/05/2023,2.5
25/05/2023,0.0
26/05/2023,0.0
27/05/2023,0.0
28/05/2023,8.0
29/05/2023,0.5
30/05/2023,1.0
31/05/2023,0.0
01/06/2023,0.0
02/06/2023,0.0
03/06/2023,59.2
04/06/2023,0.3
05/06/2023,3.5
06/06/2023,7.5
07/06/2023,27.7
08/06/2023,0.7
09/06/2023,35.0
10/06/2023,3.5
11/06/2023,0.0
12/06/2023,0.5
13/06/2023,0.5
14/06/2023,6.0
15/06/2023,35.0
16/06/2023,0.0
17/06/2023,1.2
18/06/2023,0.8
19/06/2023,0.0
20/06/2023,0.0
21/06/2023,29.5
22/06/2023,1.0
23/06/2023,7.5
24/06/2023,1.5
25/06/2023,29.5
26/06/2023,1.5
27/06/2023,4.5
28/06/2023,0.5
29/06/2023,0.0
30/06/2023,0.0
01/07/2023,100.0
02/07/2023,9.0
