Date,Value (mm)
17/10/1977,0.5
18/10/1977,0.0
19/10/1977,0.5
20/10/1977,14.0
21/10/1977,25.0
22/10/1977,35.0
23/10/1977,10.0
24/10/1977,0.0
25/10/1977,9.0
26/10/1977,12.0
27/10/1977,12.5
28/10/1977,0.0
29/10/1977,0.0
30/10/1977,9.0
31/10/1977,30.0
01/11/1977,9.0
02/11/1977,0.0
03/11/1977,2.0
04/11/1977,7.5
05/11/1977,1.7
06/11/1977,69.8
07/11/1977,5.0
08/11/1977,1.0
09/11/1977,6.5
10/11/1977,11.0
11/11/1977,13.0
12/11/1977,25.5
13/11/1977,11.0
14/11/1977,45.0
15/11/1977,1.0
16/11/1977,6.0
17/11/1977,5.0
18/11/1977,28.6
19/11/1977,19.9
20/11/1977,1.0
21/11/1977,2.0
22/11/1977,14.5
23/11/1977,23.0
24/11/1977,3.5
25/11/1977,2.5
26/11/1977,0.0
27/11/1977,0.0
28/11/1977,0.0
29/11/1977,86.5
30/11/1977,0.0
01/12/1977,0.0
02/12/1977,5.5
03/12/1977,45.5
04/12/1977,23.0
05/12/1977,54.3
06/12/1977,17.2
07/12/1977,0.0
08/12/1977,0.0
09/12/1977,1.5
10/12/1977,11.5
11/12/1977,7.5
12/12/1977,6.0
13/12/1977,5.5
14/12/1977,0.0
15/12/1977,0.0
16/12/1977,16.5
17/12/1977,40.5
18/12/1977,3.0
19/12/1977,0.0
20/12/1977,32.5
21/12/1977,15.0
22/12/1977,9.0
23/12/1977,2.5
24/12/1977,0.5
25/12/1977,0.0
26/12/1977,7.0
27/12/1977,12.6
28/12/1977,3.9
29/12/1977,1.1
30/12/1977,0.1
31/12/1977,0.1
01/01/1978,0.1
02/01/1978,0.0
03/01/1978,0.0
04/01/1978,1.7
05/01/1978,3.5
06/01/1978,13.0
07/01/1978,7.8
08/01/1978,19.1
09/01/1978,30.0
10/01/1978,7.5
11/01/1978,29.4
12/01/1978,3.1
13/01/1978,2.5
14/01/1978,0.0
15/01/1978,1.0
16/01/1978,0.5
17/01/1978,19.5
18/01/1978,0.5
19/01/1978,0.0
20/01/1978,20.0
21/01/1978,7.0
22/01/1978,5.5
23/01/1978,0.0
24/01/1978,0.0
25/01/1978,0.0
26/01/1978,0.0
27/01/1978,0.0
28/01/1978,0.0
29/01/1978,0.0
30/01/1978,0.0
31/01/1978,0.0
01/02/1978,0.0
02/02/1978,0.0
03/02/1978,2.0
04/02/1978,0.5
05/02/1978,0.0
06/02/1978,1.0
07/02/1978,0.0
08/02/1978,0.6
09/02/1978,0.2
10/02/1978,0.2
11/02/1978,0.1
12/02/1978,0.0
13/02/1978,0.0
14/02/1978,0.0
15/02/1978,12.5
16/02/1978,0.0
17/02/1978,0.0
18/02/1978,8.0
19/02/1978,16.0
20/02/1978,0.5
21/02/1978,0.0
22/02/1978,0.0
23/02/1978,0.0
24/02/1978,0.0
25/02/1978,5.2
26/02/1978,28.6
27/02/1978,17.2
28/02/1978,8.0
01/03/1978,2.5
02/03/1978,41.5
03/03/1978,0.0
04/03/1978,0.0
05/03/1978,0.0
06/03/1978,0.0
07/03/1978,0.0
08/03/1978,0.0
09/03/1978,0.0
10/03/1978,9.5
25/03/1978,0.5
26/03/1978,10.5
27/03/1978,21.0
28/03/1978,7.0
29/03/1978,0.0
30/03/1978,0.0
31/03/1978,0.0
01/04/1978,0.0
02/04/1978,0.0
03/04/1978,6.5
04/04/1978,10.0
05/04/1978,0.5
06/04/1978,0.0
07/04/1978,0.0
08/04/1978,0.0
09/04/1978,0.0
10/04/1978,0.0
11/04/1978,0.0
12/04/1978,0.0
13/04/1978,0.0
14/04/1978,2.0
15/04/1978,0.0
16/04/1978,0.0
17/04/1978,1.0
18/04/1978,0.0
19/04/1978,0.0
20/04/1978,0.0
21/04/1978,0.0
22/04/1978,0.0
23/04/1978,0.0
24/04/1978,8.0
25/04/1978,0.0
26/04/1978,17.0
27/04/1978,0.0
28/04/1978,7.0
29/04/1978,12.5
30/04/1978,0.0
01/05/1978,0.0
02/05/1978,6.0
03/05/1978,0.5
04/05/1978,0.0
05/05/1978,0.0
06/05/1978,13.4
07/05/1978,0.1
08/05/1978,0.0
09/05/1978,12.5
10/05/1978,7.0
11/05/1978,10.0
12/05/1978,2.0
13/05/1978,0.0
14/05/1978,86.5
15/05/1978,0.5
16/05/1978,0.0
17/05/1978,0.0
18/05/1978,0.0
19/05/1978,5.5
20/05/1978,0.0
21/05/1978,0.0
22/05/1978,55.0
23/05/1978,0.0
24/05/1978,3.5
25/05/1978,1.0
26/05/1978,0.5
27/05/1978,4.5
28/05/1978,25.5
29/05/1978,3.5
30/05/1978,0.5
31/05/1978,1.0
01/06/1978,16.0
02/06/1978,0.0
03/06/1978,8.5
04/06/1978,0.0
05/06/1978,0.0
06/06/1978,0.5
07/06/1978,4.5
08/06/1978,1.5
09/06/1978,38.0
10/06/1978,2.0
11/06/1978,16.5
12/06/1978,4.8
13/06/1978,0.2
14/06/1978,0.0
15/06/1978,30.5
16/06/1978,0.0
17/06/1978,0.0
18/06/1978,21.5
19/06/1978,12.2
20/06/1978,25.8
21/06/1978,0.0
22/06/1978,0.5
23/06/1978,0.0
24/06/1978,47.5
25/06/1978,0.0
26/06/1978,1.0
27/06/1978,2.5
28/06/1978,0.0
29/06/1978,5.0
30/06/1978,0.0
01/07/1978,5.0
02/07/1978,1.7
03/07/1978,15.3
04/07/1978,0.0
05/07/1978,0.0
06/07/1978,9.5
07/07/1978,51.5
08/07/1978,2.0
23/07/1978,5.1
24/07/1978,7.4
25/07/1978,0.0
26/07/1978,34.0
27/07/1978,0.0
28/07/1978,0.0
29/07/1978,0.0
30/07/1978,0.0
31/07/1978,9.5
01/08/1978,17.0
02/08/1978,22.0
03/08/1978,1.5
04/08/1978,0.0
05/08/1978,2.5
06/08/1978,1.5
07/08/1978,0.0
08/08/1978,16.0
09/08/1978,0.0
10/08/1978,0.0
11/08/1978,0.0
12/08/1978,39.0
13/08/1978,0.0
14/08/1978,81.6
15/08/1978,5.4
16/08/1978,0.0
17/08/1978,0.0
18/08/1978,17.3
19/08/1978,24.2
20/08/1978,2.0
21/08/1978,16.0
22/08/1978,0.0
23/08/1978,0.0
24/08/1978,0.0
25/08/1978,0.0
26/08/1978,2.5
27/08/1978,0.0
28/08/1978,14.0
29/08/1978,16.0
30/08/1978,4.5
31/08/1978,1.0
01/09/1978,16.5
02/09/1978,0.0
03/09/1978,0.0
04/09/1978,0.0
05/09/1978,34.5
06/09/1978,0.5
07/09/1978,26.0
08/09/1978,0.0
09/09/1978,1.0
10/09/1978,0.0
11/09/1978,16.5
12/09/1978,0.5
13/09/1978,8.0
14/09/1978,0.5
15/09/1978,17.0
16/09/1978,0.0
17/09/1978,0.0
18/09/1978,0.0
19/09/1978,19.0
20/09/1978,52.5
21/09/1978,28.5
22/09/1978,0.0
23/09/1978,1.0
24/09/1978,22.8
25/09/1978,2.7
26/09/1978,0.0
27/09/1978,22.5
28/09/1978,22.5
29/09/1978,0.0
30/09/1978,0.0
01/10/1978,0.0
02/10/1978,0.0
03/10/1978,0.0
04/10/1978,3.5
05/10/1978,3.5
06/10/1978,0.0
07/10/1978,37.0
08/10/1978,20.0
09/10/1978,25.5
10/10/1978,45.0
11/10/1978,15.0
12/10/1978,2.1
13/10/1978,0.4
14/10/1978,8.5
15/10/1978,0.5
16/10/1978,36.5
17/10/1978,37.0
18/10/1978,0.0
19/10/1978,1.0
20/10/1978,2.5
21/10/1978,0.0
22/10/1978,34.0
23/10/1978,0.5
24/10/1978,0.0
25/10/1978,18.0
26/10/1978,2.5
27/10/1978,3.5
28/10/1978,4.5
29/10/1978,58.5
30/10/1978,9.5
31/10/1978,18.0
01/11/1978,29.5
02/11/1978,46.0
03/11/1978,54.5
04/11/1978,5.0
05/11/1978,114.0
06/11/1978,7.5
07/11/1978,71.0
08/11/1978,2.0
09/11/1978,0.0
10/11/1978,0.0
11/11/1978,0.0
12/11/1978,32.5
13/11/1978,1.5
14/11/1978,0.5
15/11/1978,0.5
16/11/1978,17.0
17/11/1978,31.6
18/11/1978,0.4
19/11/1978,9.7
20/11/1978,3.3
21/11/1978,1.0
22/11/1978,1.0
23/11/1978,38.5
24/11/1978,0.0
25/11/1978,0.0
26/11/1978,0.0
27/11/1978,0.0
28/11/1978,0.5
29/11/1978,10.2
30/11/1978,14.3
01/12/1978,5.2
02/12/1978,56.8
03/12/1978,1.0
04/12/1978,0.0
05/12/1978,22.6
06/12/1978,143.2
10/12/1978,4.6
11/12/1978,10.2
12/12/1978,10.1
13/12/1978,11.9
14/12/1978,5.7
15/12/1978,0.5
16/12/1978,0.5
17/12/1978,0.0
18/12/1978,0.0
19/12/1978,0.0
20/12/1978,3.4
21/12/1978,0.1
22/12/1978,7.8
23/12/1978,13.2
24/12/1978,0.0
25/12/1978,0.0
26/12/1978,0.0
27/12/1978,0.0
28/12/1978,0.0
29/12/1978,0.0
30/12/1978,0.0
31/12/1978,1.0
01/01/1979,16.0
02/01/1979,18.4
03/01/1979,58.4
04/01/1979,20.7
05/01/1979,1.0
18/01/1979,3.5
19/01/1979,0.0
20/01/1979,1.5
21/01/1979,3.5
22/01/1979,30.5
25/01/1979,0.5
26/01/1979,1.0
27/01/1979,0.0
28/01/1979,0.0
29/01/1979,0.0
30/01/1979,0.0
31/01/1979,0.0
01/02/1979,0.0
02/02/1979,3.5
03/02/1979,1.0
04/02/1979,0.0
05/02/1979,16.8
06/02/1979,42.2
07/02/1979,13.0
08/02/1979,0.5
09/02/1979,0.0
10/02/1979,0.0
11/02/1979,0.0
12/02/1979,0.0
13/02/1979,0.0
14/02/1979,0.0
15/02/1979,0.0
16/02/1979,46.5
17/02/1979,56.0
18/02/1979,0.0
19/02/1979,0.0
20/02/1979,0.0
21/02/1979,0.0
22/02/1979,0.0
23/02/1979,0.0
24/02/1979,7.0
25/02/1979,0.5
26/02/1979,0.0
27/02/1979,0.5
28/02/1979,0.0
04/04/1979,0.5
05/04/1979,10.0
06/04/1979,0.0
07/04/1979,1.5
08/04/1979,0.0
09/04/1979,0.0
10/04/1979,0.0
11/04/1979,8.5
12/04/1979,1.0
13/04/1979,0.0
14/04/1979,1.0
15/04/1979,58.0
16/04/1979,0.0
17/04/1979,36.5
18/04/1979,23.0
19/04/1979,72.0
20/04/1979,5.5
21/04/1979,13.0
22/04/1979,0.0
23/04/1979,0.0
24/04/1979,0.0
25/04/1979,26.5
26/04/1979,0.0
27/04/1979,0.5
28/04/1979,0.0
29/04/1979,7.0
30/04/1979,4.0
01/05/1979,0.0
02/05/1979,0.0
03/05/1979,19.0
04/05/1979,0.0
05/05/1979,0.0
06/05/1979,0.0
07/05/1979,2.5
08/05/1979,3.0
09/05/1979,0.0
10/05/1979,0.5
11/05/1979,7.5
12/05/1979,31.0
13/05/1979,0.0
14/05/1979,5.5
15/05/1979,5.0
16/05/1979,0.0
17/05/1979,3.5
18/05/1979,0.0
19/05/1979,0.5
20/05/1979,0.0
21/05/1979,0.0
22/05/1979,0.0
23/05/1979,10.5
24/05/1979,5.5
25/05/1979,22.0
26/05/1979,14.0
27/05/1979,24.5
28/05/1979,0.0
29/05/1979,0.0
30/05/1979,0.1
31/05/1979,14.9
01/06/1979,5.5
02/06/1979,51.0
03/06/1979,0.0
04/06/1979,0.0
05/06/1979,12.5
06/06/1979,0.0
07/06/1979,0.0
08/06/1979,0.0
09/06/1979,6.0
10/06/1979,0.5
11/06/1979,0.0
12/06/1979,0.0
13/06/1979,1.0
14/06/1979,0.0
15/06/1979,12.0
16/06/1979,7.0
17/06/1979,4.0
18/06/1979,0.0
19/06/1979,0.0
20/06/1979,0.0
21/06/1979,0.0
22/06/1979,0.0
23/06/1979,0.0
24/06/1979,1.5
25/06/1979,13.0
26/06/1979,25.5
27/06/1979,0.0
28/06/1979,0.0
29/06/1979,16.5
30/06/1979,0.5
01/07/1979,0.0
02/07/1979,0.0
03/07/1979,0.0
04/07/1979,0.0
05/07/1979,0.0
06/07/1979,0.0
07/07/1979,0.0
08/07/1979,0.0
09/07/1979,2.5
10/07/1979,0.0
11/07/1979,6.6
12/07/1979,20.4
13/07/1979,6.0
14/07/1979,0.0
15/07/1979,0.5
16/07/1979,0.0
17/07/1979,0.0
18/07/1979,11.5
19/07/1979,11.0
20/07/1979,0.0
21/07/1979,0.0
22/07/1979,0.0
23/07/1979,0.0
24/07/1979,0.0
25/07/1979,0.0
26/07/1979,3.0
27/07/1979,0.0
28/07/1979,14.0
29/07/1979,0.0
30/07/1979,0.0
31/07/1979,0.0
01/08/1979,0.0
02/08/1979,0.0
03/08/1979,1.0
04/08/1979,19.5
05/08/1979,5.5
06/08/1979,1.5
07/08/1979,7.0
08/08/1979,0.0
09/08/1979,0.0
10/08/1979,0.0
11/08/1979,0.0
12/08/1979,0.0
13/08/1979,0.0
14/08/1979,0.0
15/08/1979,0.0
16/08/1979,0.0
17/08/1979,46.3
18/08/1979,13.0
19/08/1979,3.7
20/08/1979,36.5
21/08/1979,18.0
22/08/1979,0.5
23/08/1979,68.5
24/08/1979,0.0
25/08/1979,0.0
26/08/1979,0.0
27/08/1979,0.0
28/08/1979,0.0
29/08/1979,0.0
30/08/1979,0.0
31/08/1979,0.0
01/09/1979,0.0
02/09/1979,0.0
03/09/1979,0.0
04/09/1979,0.0
05/09/1979,0.0
06/09/1979,10.0
07/09/1979,14.5
08/09/1979,5.5
09/09/1979,14.0
10/09/1979,0.0
11/09/1979,0.0
12/09/1979,0.0
13/09/1979,5.0
14/09/1979,0.0
15/09/1979,0.0
16/09/1979,7.1
17/09/1979,4.9
18/09/1979,9.5
19/09/1979,0.0
20/09/1979,1.0
21/09/1979,0.0
22/09/1979,5.0
23/09/1979,6.5
24/09/1979,6.5
25/09/1979,39.5
26/09/1979,6.0
27/09/1979,42.0
28/09/1979,0.0
29/09/1979,47.0
30/09/1979,0.0
01/10/1979,0.0
02/10/1979,0.0
03/10/1979,0.0
04/10/1979,0.0
05/10/1979,29.5
06/10/1979,19.5
07/10/1979,34.5
08/10/1979,11.5
09/10/1979,7.5
10/10/1979,8.5
11/10/1979,29.0
15/10/1979,6.5
16/10/1979,17.0
17/10/1979,7.0
18/10/1979,12.5
19/10/1979,23.0
20/10/1979,13.0
21/10/1979,11.0
22/10/1979,10.5
23/10/1979,1.0
24/10/1979,46.5
25/10/1979,0.5
26/10/1979,11.5
27/10/1979,1.8
28/10/1979,1.7
29/10/1979,3.5
30/10/1979,0.0
31/10/1979,42.7
01/11/1979,31.3
02/11/1979,4.5
03/11/1979,18.5
04/11/1979,25.0
05/11/1979,6.5
06/11/1979,0.0
07/11/1979,7.0
08/11/1979,0.5
09/11/1979,0.0
10/11/1979,19.0
11/11/1979,0.0
12/11/1979,0.0
13/11/1979,0.0
14/11/1979,0.0
15/11/1979,0.0
16/11/1979,0.0
17/11/1979,6.0
18/11/1979,2.0
19/11/1979,5.0
20/11/1979,8.0
21/11/1979,18.3
06/12/1979,11.2
07/12/1979,0.7
08/12/1979,0.0
09/12/1979,0.0
10/12/1979,0.0
11/12/1979,33.8
12/12/1979,1.2
13/12/1979,46.0
14/12/1979,1.0
15/12/1979,0.7
16/12/1979,0.5
17/12/1979,6.7
18/12/1979,22.0
19/12/1979,16.6
20/12/1979,0.0
21/12/1979,0.0
22/12/1979,0.0
23/12/1979,0.0
24/12/1979,0.0
25/12/1979,0.0
26/12/1979,0.0
27/12/1979,0.0
28/12/1979,0.0
29/12/1979,0.0
30/12/1979,0.0
31/12/1979,12.1
01/01/1980,0.0
02/01/1980,0.5
03/01/1980,0.0
04/01/1980,42.0
05/01/1980,24.2
06/01/1980,15.8
07/01/1980,18.0
08/01/1980,0.0
09/01/1980,0.0
10/01/1980,0.0
11/01/1980,8.1
12/01/1980,2.5
13/01/1980,0.0
14/01/1980,0.0
15/01/1980,0.0
16/01/1980,0.0
17/01/1980,0.0
18/01/1980,28.6
19/01/1980,11.8
20/01/1980,3.7
21/01/1980,3.4
22/01/1980,2.5
23/01/1980,0.0
24/01/1980,0.0
25/01/1980,0.0
26/01/1980,0.0
27/01/1980,0.0
28/01/1980,0.0
29/01/1980,0.0
30/01/1980,0.0
31/01/1980,2.6
01/02/1980,0.5
02/02/1980,0.0
03/02/1980,0.0
04/02/1980,0.0
05/02/1980,8.2
06/02/1980,0.0
07/02/1980,0.0
08/02/1980,0.0
09/02/1980,0.0
10/02/1980,2.0
11/02/1980,0.0
12/02/1980,0.5
13/02/1980,0.0
14/02/1980,0.0
15/02/1980,0.2
16/02/1980,1.7
17/02/1980,6.5
18/02/1980,3.9
19/02/1980,10.5
20/02/1980,9.6
21/02/1980,17.3
22/02/1980,10.7
23/02/1980,6.5
24/02/1980,0.0
25/02/1980,0.0
26/02/1980,0.0
27/02/1980,0.0
28/02/1980,0.0
29/02/1980,0.0
01/03/1980,0.0
02/03/1980,0.0
03/03/1980,0.0
04/03/1980,0.0
05/03/1980,0.0
06/03/1980,6.7
07/03/1980,0.5
08/03/1980,0.0
09/03/1980,0.7
10/03/1980,5.4
11/03/1980,0.0
12/03/1980,0.0
13/03/1980,0.0
14/03/1980,0.0
15/03/1980,79.3
16/03/1980,0.0
17/03/1980,0.0
18/03/1980,0.0
19/03/1980,0.0
20/03/1980,0.0
21/03/1980,0.0
22/03/1980,0.0
23/03/1980,0.0
24/03/1980,0.0
25/03/1980,0.0
26/03/1980,13.0
27/03/1980,4.5
28/03/1980,0.0
29/03/1980,0.0
30/03/1980,0.0
31/03/1980,0.0
01/04/1980,0.0
02/04/1980,0.0
03/04/1980,43.4
04/04/1980,5.7
05/04/1980,2.7
06/04/1980,12.7
07/04/1980,0.0
08/04/1980,3.0
09/04/1980,0.7
10/04/1980,10.0
11/04/1980,5.6
12/04/1980,0.0
13/04/1980,1.0
14/04/1980,0.0
15/04/1980,0.0
16/04/1980,0.0
17/04/1980,0.0
18/04/1980,0.0
19/04/1980,0.0
20/04/1980,2.5
21/04/1980,3.5
22/04/1980,15.0
23/04/1980,35.5
24/04/1980,30.3
25/04/1980,0.0
26/04/1980,0.0
27/04/1980,0.0
28/04/1980,21.2
29/04/1980,0.0
30/04/1980,0.0
01/05/1980,0.0
02/05/1980,0.0
03/05/1980,0.0
04/05/1980,10.9
05/05/1980,52.0
06/05/1980,0.0
07/05/1980,0.5
08/05/1980,0.0
09/05/1980,0.0
10/05/1980,1.2
11/05/1980,0.0
12/05/1980,38.8
13/05/1980,0.0
14/05/1980,0.0
15/05/1980,0.0
16/05/1980,24.9
17/05/1980,0.0
18/05/1980,0.0
19/05/1980,29.3
20/05/1980,1.0
21/05/1980,0.0
22/05/1980,0.0
23/05/1980,0.0
24/05/1980,0.0
25/05/1980,0.0
26/05/1980,0.0
27/05/1980,0.0
28/05/1980,10.5
29/05/1980,0.0
30/05/1980,8.0
31/05/1980,0.0
01/06/1980,0.0
02/06/1980,6.0
03/06/1980,0.0
04/06/1980,0.0
05/06/1980,0.0
06/06/1980,31.0
07/06/1980,15.5
08/06/1980,0.5
09/06/1980,0.0
10/06/1980,0.0
11/06/1980,0.0
12/06/1980,8.0
13/06/1980,0.0
14/06/1980,5.0
15/06/1980,0.0
16/06/1980,11.5
17/06/1980,1.0
18/06/1980,24.0
19/06/1980,1.5
20/06/1980,0.0
21/06/1980,0.0
22/06/1980,13.0
23/06/1980,0.0
24/06/1980,0.0
25/06/1980,19.0
26/06/1980,0.0
27/06/1980,0.0
28/06/1980,0.0
29/06/1980,0.0
30/06/1980,0.0
01/07/1980,62.0
02/07/1980,0.0
03/07/1980,0.0
04/07/1980,0.0
05/07/1980,1.5
06/07/1980,3.0
07/07/1980,0.0
08/07/1980,2.0
09/07/1980,17.9
10/07/1980,0.1
11/07/1980,4.0
12/07/1980,0.0
13/07/1980,1.0
14/07/1980,6.0
15/07/1980,0.0
16/07/1980,0.0
17/07/1980,2.0
18/07/1980,7.0
19/07/1980,0.0
20/07/1980,0.0
21/07/1980,2.5
22/07/1980,12.5
23/07/1980,4.5
24/07/1980,1.0
25/07/1980,29.5
26/07/1980,0.0
27/07/1980,0.0
28/07/1980,0.0
29/07/1980,7.0
30/07/1980,1.0
31/07/1980,0.0
01/08/1980,11.0
02/08/1980,0.0
03/08/1980,0.0
04/08/1980,26.0
05/08/1980,0.0
06/08/1980,79.0
07/08/1980,24.0
08/08/1980,9.0
09/08/1980,1.0
10/08/1980,0.0
11/08/1980,51.0
12/08/1980,17.5
13/08/1980,6.5
14/08/1980,15.0
15/08/1980,3.0
16/08/1980,61.2
17/08/1980,28.3
18/08/1980,0.0
19/08/1980,0.0
20/08/1980,0.0
21/08/1980,0.0
22/08/1980,8.0
23/08/1980,23.0
24/08/1980,10.0
25/08/1980,13.0
26/08/1980,0.5
27/08/1980,0.0
28/08/1980,0.0
29/08/1980,0.5
30/08/1980,1.5
31/08/1980,0.5
01/09/1980,0.0
02/09/1980,4.0
03/09/1980,0.0
04/09/1980,15.5
05/09/1980,35.0
06/09/1980,48.5
07/09/1980,18.0
08/09/1980,1.5
09/09/1980,6.0
10/09/1980,64.0
11/09/1980,26.5
12/09/1980,0.0
13/09/1980,0.0
14/09/1980,2.0
15/09/1980,0.0
16/09/1980,3.0
17/09/1980,10.2
18/09/1980,17.8
19/09/1980,9.5
20/09/1980,1.0
21/09/1980,0.0
22/09/1980,5.0
23/09/1980,0.0
24/09/1980,49.5
25/09/1980,3.5
26/09/1980,1.0
27/09/1980,27.5
28/09/1980,12.0
29/09/1980,3.5
30/09/1980,0.5
01/10/1980,0.0
02/10/1980,16.0
03/10/1980,6.0
04/10/1980,3.9
05/10/1980,61.1
06/10/1980,2.5
07/10/1980,0.0
08/10/1980,2.0
09/10/1980,1.0
10/10/1980,0.0
11/10/1980,0.0
12/10/1980,56.5
13/10/1980,0.0
14/10/1980,16.0
15/10/1980,10.0
16/10/1980,2.4
17/10/1980,5.6
18/10/1980,19.0
19/10/1980,75.0
20/10/1980,20.5
21/10/1980,9.0
22/10/1980,1.5
23/10/1980,0.5
24/10/1980,51.4
25/10/1980,8.6
26/10/1980,4.5
27/10/1980,0.0
28/10/1980,0.5
29/10/1980,13.0
30/10/1980,12.0
31/10/1980,0.0
01/11/1980,52.5
02/11/1980,0.0
03/11/1980,50.7
04/11/1980,6.3
05/11/1980,21.5
06/11/1980,29.7
07/11/1980,14.8
08/11/1980,0.8
09/11/1980,0.8
10/11/1980,1.9
11/11/1980,3.0
12/11/1980,0.0
13/11/1980,16.5
14/11/1980,0.0
15/11/1980,0.0
16/11/1980,0.0
17/11/1980,0.0
18/11/1980,0.0
19/11/1980,0.0
20/11/1980,15.5
21/11/1980,4.5
22/11/1980,61.5
23/11/1980,7.0
24/11/1980,2.0
25/11/1980,15.6
26/11/1980,2.9
27/11/1980,6.8
28/11/1980,22.2
29/11/1980,3.5
30/11/1980,6.0
01/12/1980,31.5
02/12/1980,13.0
03/12/1980,21.0
04/12/1980,0.0
05/12/1980,0.0
06/12/1980,14.5
07/12/1980,3.0
08/12/1980,11.0
09/12/1980,6.0
10/12/1980,0.5
11/12/1980,6.5
12/12/1980,0.0
13/12/1980,0.0
14/12/1980,0.0
15/12/1980,0.5
16/12/1980,35.0
17/12/1980,63.0
18/12/1980,147.5
19/12/1980,88.5
20/12/1980,50.5
21/12/1980,1.2
22/12/1980,4.8
23/12/1980,0.5
24/12/1980,2.0
25/12/1980,2.6
26/12/1980,5.4
27/12/1980,1.0
28/12/1980,58.5
29/12/1980,23.5
30/12/1980,3.0
31/12/1980,0.0
01/01/1981,0.0
02/01/1981,0.0
03/01/1981,0.0
04/01/1981,12.2
05/01/1981,4.7
06/01/1981,3.7
07/01/1981,0.0
08/01/1981,6.7
09/01/1981,14.7
10/01/1981,6.0
11/01/1981,0.2
12/01/1981,0.0
13/01/1981,0.5
14/01/1981,0.0
15/01/1981,0.0
16/01/1981,4.7
17/01/1981,2.3
18/01/1981,3.0
19/01/1981,2.5
20/01/1981,1.0
21/01/1981,0.5
22/01/1981,0.0
23/01/1981,0.0
24/01/1981,0.0
25/01/1981,0.0
26/01/1981,0.0
27/01/1981,0.0
28/01/1981,0.0
29/01/1981,0.3
30/01/1981,0.7
31/01/1981,6.3
01/02/1981,17.7
02/02/1981,27.3
03/02/1981,16.8
04/02/1981,8.3
05/02/1981,2.0
06/02/1981,1.0
07/02/1981,0.0
08/02/1981,0.5
09/02/1981,0.0
10/02/1981,17.0
11/02/1981,11.0
12/02/1981,0.0
13/02/1981,1.5
14/02/1981,0.0
15/02/1981,0.0
16/02/1981,0.0
17/02/1981,0.0
18/02/1981,0.0
19/02/1981,0.0
20/02/1981,0.0
21/02/1981,0.0
22/02/1981,0.0
23/02/1981,0.0
24/02/1981,0.0
25/02/1981,0.0
26/02/1981,0.0
27/02/1981,51.7
28/02/1981,25.3
01/03/1981,0.0
02/03/1981,0.0
03/03/1981,0.0
04/03/1981,5.5
05/03/1981,0.5
06/03/1981,0.0
07/03/1981,2.0
08/03/1981,0.0
09/03/1981,0.5
10/03/1981,0.0
11/03/1981,0.0
12/03/1981,0.0
13/03/1981,0.0
14/03/1981,0.3
15/03/1981,0.2
16/03/1981,0.0
17/03/1981,0.0
18/03/1981,0.0
19/03/1981,0.0
20/03/1981,0.5
21/03/1981,0.0
22/03/1981,0.0
23/03/1981,0.0
24/03/1981,0.0
25/03/1981,0.0
26/03/1981,0.0
27/03/1981,4.0
28/03/1981,4.0
29/03/1981,1.0
30/03/1981,1.0
31/03/1981,6.7
01/04/1981,14.0
02/04/1981,38.7
03/04/1981,19.3
04/04/1981,2.3
05/04/1981,14.2
06/04/1981,8.5
07/04/1981,0.8
08/04/1981,0.0
09/04/1981,8.0
10/04/1981,10.0
11/04/1981,0.5
12/04/1981,0.5
13/04/1981,14.0
14/04/1981,32.0
15/04/1981,34.5
16/04/1981,2.5
17/04/1981,0.5
18/04/1981,9.0
19/04/1981,0.0
20/04/1981,0.0
21/04/1981,2.0
22/04/1981,0.5
23/04/1981,0.0
24/04/1981,0.0
25/04/1981,0.0
26/04/1981,0.0
27/04/1981,0.0
28/04/1981,0.0
29/04/1981,0.0
30/04/1981,4.4
01/05/1981,4.6
02/05/1981,0.0
03/05/1981,0.0
04/05/1981,1.7
05/05/1981,1.7
06/05/1981,20.7
07/05/1981,3.5
08/05/1981,3.0
09/05/1981,0.0
10/05/1981,0.0
11/05/1981,15.0
12/05/1981,7.5
13/05/1981,0.0
14/05/1981,0.0
15/05/1981,0.0
16/05/1981,0.0
17/05/1981,0.0
18/05/1981,2.0
19/05/1981,2.5
20/05/1981,0.0
21/05/1981,25.0
22/05/1981,15.0
23/05/1981,0.5
24/05/1981,0.5
25/05/1981,11.0
26/05/1981,0.3
27/05/1981,0.2
28/05/1981,0.0
29/05/1981,11.4
30/05/1981,1.6
31/05/1981,0.0
01/06/1981,0.0
02/06/1981,15.5
03/06/1981,0.5
04/06/1981,7.3
05/06/1981,3.7
06/06/1981,0.0
07/06/1981,0.0
08/06/1981,20.7
09/06/1981,16.3
10/06/1981,0.0
11/06/1981,0.5
12/06/1981,0.0
13/06/1981,0.5
14/06/1981,0.0
15/06/1981,0.0
16/06/1981,0.0
17/06/1981,0.0
18/06/1981,16.5
19/06/1981,0.0
20/06/1981,0.0
21/06/1981,0.0
22/06/1981,0.0
23/06/1981,0.0
24/06/1981,0.0
25/06/1981,0.0
26/06/1981,23.0
27/06/1981,0.0
28/06/1981,0.5
29/06/1981,0.0
30/06/1981,0.0
01/07/1981,0.0
02/07/1981,0.0
03/07/1981,1.7
04/07/1981,15.8
05/07/1981,0.0
06/07/1981,17.0
07/07/1981,0.5
08/07/1981,13.0
09/07/1981,0.0
10/07/1981,1.0
11/07/1981,0.0
12/07/1981,6.5
13/07/1981,0.0
14/07/1981,1.0
15/07/1981,68.5
16/07/1981,44.0
17/07/1981,14.5
18/07/1981,12.7
19/07/1981,30.3
20/07/1981,12.0
21/07/1981,29.3
22/07/1981,25.7
23/07/1981,0.5
24/07/1981,0.0
25/07/1981,0.0
26/07/1981,0.0
27/07/1981,0.0
28/07/1981,0.0
29/07/1981,0.5
30/07/1981,10.5
31/07/1981,5.5
01/08/1981,0.0
02/08/1981,4.0
03/08/1981,0.5
04/08/1981,0.5
05/08/1981,0.0
06/08/1981,0.0
07/08/1981,0.0
08/08/1981,0.0
09/08/1981,0.0
10/08/1981,0.0
11/08/1981,0.0
12/08/1981,0.0
13/08/1981,0.0
14/08/1981,0.0
15/08/1981,0.0
16/08/1981,0.0
17/08/1981,3.0
18/08/1981,0.0
19/08/1981,43.0
20/08/1981,0.5
21/08/1981,1.0
22/08/1981,15.5
23/08/1981,0.0
24/08/1981,17.5
25/08/1981,0.0
26/08/1981,0.5
27/08/1981,0.0
28/08/1981,40.0
29/08/1981,20.0
30/08/1981,0.0
31/08/1981,0.0
01/09/1981,1.5
02/09/1981,0.0
03/09/1981,16.0
04/09/1981,17.0
05/09/1981,2.0
06/09/1981,0.0
07/09/1981,9.7
08/09/1981,12.0
09/09/1981,10.8
10/09/1981,3.3
11/09/1981,19.3
12/09/1981,30.2
13/09/1981,17.0
14/09/1981,3.2
15/09/1981,23.7
16/09/1981,17.1
17/09/1981,1.7
18/09/1981,0.0
19/09/1981,0.0
20/09/1981,0.0
21/09/1981,23.5
22/09/1981,2.5
23/09/1981,1.5
24/09/1981,23.0
25/09/1981,3.3
26/09/1981,1.7
27/09/1981,5.0
28/09/1981,1.0
29/09/1981,0.0
30/09/1981,0.0
01/10/1981,62.0
02/10/1981,0.0
03/10/1981,0.0
04/10/1981,19.0
05/10/1981,0.0
06/10/1981,7.5
07/10/1981,8.5
08/10/1981,3.5
09/10/1981,24.8
10/10/1981,12.2
11/10/1981,0.0
12/10/1981,0.0
13/10/1981,0.0
14/10/1981,5.7
15/10/1981,14.3
16/10/1981,0.0
17/10/1981,12.5
18/10/1981,34.0
19/10/1981,0.0
20/10/1981,13.5
21/10/1981,5.3
22/10/1981,2.7
23/10/1981,0.0
24/10/1981,0.0
25/10/1981,0.0
26/10/1981,2.0
27/10/1981,38.0
28/10/1981,11.7
29/10/1981,16.8
30/10/1981,10.5
31/10/1981,2.8
01/11/1981,9.2
02/11/1981,0.5
03/11/1981,3.0
04/11/1981,0.0
05/11/1981,27.5
06/11/1981,1.3
07/11/1981,13.7
08/11/1981,0.0
09/11/1981,8.0
10/11/1981,6.0
11/11/1981,9.0
12/11/1981,97.0
13/11/1981,44.0
14/11/1981,0.0
15/11/1981,3.0
16/11/1981,2.5
17/11/1981,1.5
18/11/1981,7.0
19/11/1981,0.5
20/11/1981,9.3
21/11/1981,12.0
22/11/1981,3.7
23/11/1981,9.0
24/11/1981,4.5
25/11/1981,8.0
26/11/1981,0.5
27/11/1981,3.0
28/11/1981,11.0
29/11/1981,2.0
30/11/1981,35.5
01/12/1981,7.0
02/12/1981,0.5
03/12/1981,32.7
04/12/1981,22.8
05/12/1981,56.3
06/12/1981,19.2
07/12/1981,3.3
08/12/1981,1.7
09/12/1981,0.5
10/12/1981,31.8
11/12/1981,66.0
12/12/1981,38.2
13/12/1981,9.8
14/12/1981,57.7
15/12/1981,47.0
16/12/1981,28.2
17/12/1981,9.3
18/12/1981,1.5
19/12/1981,1.0
20/12/1981,1.5
21/12/1981,0.0
22/12/1981,0.0
23/12/1981,4.0
24/12/1981,0.5
25/12/1981,0.0
26/12/1981,0.0
27/12/1981,0.0
28/12/1981,0.0
29/12/1981,0.0
30/12/1981,0.0
31/12/1981,3.5
01/01/1982,1.7
02/01/1982,11.3
03/01/1982,1.0
04/01/1982,0.0
05/01/1982,0.0
06/01/1982,1.0
07/01/1982,0.0
08/01/1982,0.0
09/01/1982,0.0
10/01/1982,0.0
11/01/1982,0.0
12/01/1982,0.0
13/01/1982,0.0
14/01/1982,2.0
15/01/1982,2.0
16/01/1982,0.0
17/01/1982,0.0
18/01/1982,0.0
19/01/1982,0.0
20/01/1982,0.0
21/01/1982,0.0
22/01/1982,0.0
23/01/1982,0.0
24/01/1982,0.0
25/01/1982,0.0
26/01/1982,0.0
27/01/1982,0.0
28/01/1982,0.0
29/01/1982,0.0
30/01/1982,0.7
31/01/1982,1.3
01/02/1982,7.3
02/02/1982,4.2
03/02/1982,0.0
04/02/1982,0.5
05/02/1982,0.0
06/02/1982,0.0
07/02/1982,4.3
08/02/1982,5.2
09/02/1982,1.5
10/02/1982,0.0
11/02/1982,0.0
12/02/1982,1.5
13/02/1982,0.0
14/02/1982,0.0
15/02/1982,0.0
16/02/1982,0.0
17/02/1982,0.5
18/02/1982,0.0
19/02/1982,0.0
20/02/1982,0.0
21/02/1982,0.0
22/02/1982,0.0
23/02/1982,0.0
24/02/1982,0.0
25/02/1982,0.0
26/02/1982,3.0
27/02/1982,11.7
28/02/1982,6.3
01/03/1982,0.0
02/03/1982,0.0
03/03/1982,0.0
04/03/1982,0.0
05/03/1982,0.0
06/03/1982,0.0
07/03/1982,0.0
08/03/1982,0.0
09/03/1982,0.0
10/03/1982,0.0
11/03/1982,0.0
12/03/1982,0.0
13/03/1982,0.0
14/03/1982,0.0
15/03/1982,0.0
16/03/1982,0.0
17/03/1982,0.3
18/03/1982,0.2
19/03/1982,0.0
20/03/1982,0.0
21/03/1982,0.0
22/03/1982,0.0
23/03/1982,0.0
24/03/1982,0.0
25/03/1982,0.0
26/03/1982,18.0
27/03/1982,16.0
28/03/1982,9.0
29/03/1982,0.8
30/03/1982,3.7
31/03/1982,0.0
01/04/1982,1.0
02/04/1982,0.0
03/04/1982,1.5
04/04/1982,0.0
05/04/1982,8.3
06/04/1982,16.2
07/04/1982,6.3
08/04/1982,2.2
09/04/1982,1.5
10/04/1982,9.7
11/04/1982,27.8
12/04/1982,13.0
13/04/1982,3.5
14/04/1982,1.0
15/04/1982,8.0
16/04/1982,4.0
17/04/1982,21.7
18/04/1982,11.3
19/04/1982,20.0
20/04/1982,12.0
21/04/1982,12.3
22/04/1982,6.2
23/04/1982,1.0
24/04/1982,14.5
25/04/1982,23.5
26/04/1982,0.0
27/04/1982,0.0
28/04/1982,0.0
29/04/1982,0.0
30/04/1982,0.0
01/05/1982,12.5
02/05/1982,3.0
03/05/1982,14.0
04/05/1982,18.0
05/05/1982,0.0
06/05/1982,22.0
07/05/1982,22.7
08/05/1982,5.8
09/05/1982,0.0
10/05/1982,0.0
11/05/1982,16.0
12/05/1982,0.0
13/05/1982,0.0
14/05/1982,0.0
15/05/1982,0.0
16/05/1982,0.0
17/05/1982,0.0
18/05/1982,4.5
19/05/1982,0.0
20/05/1982,0.0
21/05/1982,3.0
22/05/1982,7.5
23/05/1982,2.5
24/05/1982,1.5
25/05/1982,0.0
26/05/1982,0.0
27/05/1982,1.0
28/05/1982,1.0
29/05/1982,0.0
30/05/1982,5.0
31/05/1982,37.7
01/06/1982,18.8
02/06/1982,3.5
03/06/1982,2.0
04/06/1982,28.0
05/06/1982,4.5
06/06/1982,0.0
07/06/1982,1.5
08/06/1982,0.0
09/06/1982,0.0
10/06/1982,7.0
11/06/1982,0.5
12/06/1982,0.0
13/06/1982,22.0
14/06/1982,61.5
15/06/1982,1.5
16/06/1982,0.0
17/06/1982,0.0
18/06/1982,0.0
19/06/1982,0.0
20/06/1982,0.0
21/06/1982,0.0
22/06/1982,22.3
23/06/1982,11.4
24/06/1982,0.3
25/06/1982,0.0
26/06/1982,0.0
27/06/1982,0.0
28/06/1982,8.5
29/06/1982,0.5
30/06/1982,0.0
01/07/1982,0.0
02/07/1982,0.0
03/07/1982,31.0
04/07/1982,15.5
05/07/1982,0.0
06/07/1982,0.0
07/07/1982,0.0
08/07/1982,0.0
09/07/1982,0.0
10/07/1982,0.0
11/07/1982,0.0
12/07/1982,0.5
13/07/1982,0.5
14/07/1982,0.0
15/07/1982,0.0
16/07/1982,0.0
17/07/1982,10.7
18/07/1982,6.5
19/07/1982,11.0
20/07/1982,5.7
21/07/1982,0.2
22/07/1982,0.0
23/07/1982,0.0
24/07/1982,8.0
25/07/1982,0.0
26/07/1982,0.0
27/07/1982,0.0
28/07/1982,0.0
29/07/1982,0.0
30/07/1982,0.0
31/07/1982,0.0
01/08/1982,0.0
02/08/1982,0.0
03/08/1982,0.0
04/08/1982,0.0
05/08/1982,0.0
06/08/1982,0.0
07/08/1982,0.0
08/08/1982,1.0
09/08/1982,0.5
10/08/1982,0.5
11/08/1982,10.0
12/08/1982,5.0
13/08/1982,0.3
14/08/1982,23.5
15/08/1982,35.7
16/08/1982,12.0
17/08/1982,0.0
18/08/1982,16.8
19/08/1982,22.2
20/08/1982,7.0
21/08/1982,0.0
22/08/1982,1.0
23/08/1982,0.0
24/08/1982,0.0
25/08/1982,0.0
26/08/1982,0.0
27/08/1982,0.0
28/08/1982,4.3
29/08/1982,2.7
30/08/1982,14.3
31/08/1982,7.2
01/09/1982,9.0
02/09/1982,4.5
03/09/1982,0.0
04/09/1982,0.5
05/09/1982,0.0
06/09/1982,0.0
07/09/1982,0.0
08/09/1982,0.0
09/09/1982,0.0
10/09/1982,5.3
11/09/1982,20.3
12/09/1982,8.8
13/09/1982,0.0
14/09/1982,0.0
15/09/1982,0.3
16/09/1982,0.2
17/09/1982,0.0
18/09/1982,0.0
19/09/1982,0.0
20/09/1982,4.0
21/09/1982,0.0
22/09/1982,8.5
23/09/1982,0.0
24/09/1982,0.5
25/09/1982,0.0
26/09/1982,0.5
27/09/1982,0.0
28/09/1982,0.0
29/09/1982,0.0
30/09/1982,0.0
01/10/1982,0.0
02/10/1982,0.0
03/10/1982,0.0
04/10/1982,0.0
05/10/1982,0.0
06/10/1982,0.0
07/10/1982,0.5
08/10/1982,0.5
09/10/1982,0.0
10/10/1982,3.0
11/10/1982,0.0
12/10/1982,0.5
13/10/1982,0.0
14/10/1982,0.5
15/10/1982,0.5
16/10/1982,0.0
17/10/1982,0.0
18/10/1982,0.5
19/10/1982,0.0
20/10/1982,0.0
21/10/1982,0.0
22/10/1982,0.0
23/10/1982,0.0
24/10/1982,0.0
25/10/1982,0.0
26/10/1982,0.0
27/10/1982,0.0
28/10/1982,0.0
29/10/1982,0.0
30/10/1982,0.0
31/10/1982,0.0
01/11/1982,0.0
02/11/1982,0.0
03/11/1982,0.0
04/11/1982,2.5
05/11/1982,0.0
06/11/1982,3.5
07/11/1982,0.0
08/11/1982,0.0
09/11/1982,0.0
10/11/1982,0.0
11/11/1982,0.0
12/11/1982,0.0
13/11/1982,0.0
14/11/1982,0.0
15/11/1982,0.0
16/11/1982,0.0
30/11/1982,4.5
01/12/1982,10.5
02/12/1982,7.0
03/12/1982,2.0
04/12/1982,0.0
05/12/1982,7.7
06/12/1982,4.8
07/12/1982,7.5
08/12/1982,35.0
09/12/1982,27.3
10/12/1982,15.7
11/12/1982,6.5
12/12/1982,0.0
13/12/1982,177.0
14/12/1982,230.8
15/12/1982,71.8
16/12/1982,8.8
17/12/1982,0.0
18/12/1982,0.0
19/12/1982,9.0
20/12/1982,4.5
21/12/1982,0.0
22/12/1982,39.0
23/12/1982,19.5
24/12/1982,0.0
25/12/1982,0.0
26/12/1982,0.0
27/12/1982,0.0
28/12/1982,0.0
29/12/1982,21.3
06/01/1983,88.5
07/01/1983,2.0
08/01/1983,0.0
09/01/1983,2.5
10/01/1983,1.5
11/01/1983,16.5
12/01/1983,2.9
13/01/1983,3.1
14/01/1983,7.5
15/01/1983,6.0
16/01/1983,2.0
17/01/1983,1.0
18/01/1983,0.0
19/01/1983,0.0
20/01/1983,7.5
21/01/1983,3.0
22/01/1983,9.5
23/01/1983,8.0
24/01/1983,0.5
25/01/1983,0.0
26/01/1983,0.0
27/01/1983,0.0
28/01/1983,0.0
29/01/1983,0.0
30/01/1983,0.0
31/01/1983,0.0
01/02/1983,0.0
02/02/1983,0.0
03/02/1983,0.0
04/02/1983,0.0
05/02/1983,0.0
06/02/1983,0.0
07/02/1983,0.0
08/02/1983,0.0
09/02/1983,0.0
10/02/1983,0.0
11/02/1983,0.0
12/02/1983,0.0
13/02/1983,4.5
14/02/1983,18.0
15/02/1983,0.0
16/02/1983,0.0
17/02/1983,0.0
18/02/1983,3.5
19/02/1983,0.0
20/02/1983,0.0
21/02/1983,0.0
22/02/1983,0.0
23/02/1983,0.0
24/02/1983,0.0
25/02/1983,2.5
26/02/1983,0.0
27/02/1983,0.0
28/02/1983,0.0
01/03/1983,0.0
02/03/1983,0.0
03/03/1983,0.0
04/03/1983,0.0
05/03/1983,0.0
06/03/1983,0.0
07/03/1983,0.0
08/03/1983,0.0
09/03/1983,0.0
10/03/1983,0.0
11/03/1983,0.0
12/03/1983,0.0
13/03/1983,0.0
14/03/1983,0.0
15/03/1983,0.0
16/03/1983,0.0
17/03/1983,0.0
18/03/1983,0.0
19/03/1983,24.0
20/03/1983,0.0
21/03/1983,0.0
22/03/1983,0.0
23/03/1983,0.0
24/03/1983,0.0
25/03/1983,0.0
26/03/1983,0.0
27/03/1983,0.0
28/03/1983,0.0
29/03/1983,0.0
30/03/1983,0.0
31/03/1983,0.0
01/04/1983,0.0
02/04/1983,0.0
03/04/1983,0.0
04/04/1983,0.0
05/04/1983,0.0
06/04/1983,0.0
07/04/1983,0.0
08/04/1983,0.0
09/04/1983,0.0
10/04/1983,0.0
11/04/1983,0.0
12/04/1983,0.0
13/04/1983,0.0
14/04/1983,0.0
15/04/1983,0.0
16/04/1983,0.0
17/04/1983,0.0
18/04/1983,0.0
19/04/1983,0.0
20/04/1983,0.0
21/04/1983,0.0
22/04/1983,0.0
23/04/1983,0.0
24/04/1983,0.0
25/04/1983,0.0
26/04/1983,0.0
27/04/1983,0.0
28/04/1983,0.0
29/04/1983,0.0
30/04/1983,1.0
01/05/1983,0.5
02/05/1983,0.0
03/05/1983,5.0
04/05/1983,1.0
05/05/1983,0.0
06/05/1983,0.0
07/05/1983,0.0
08/05/1983,5.0
09/05/1983,0.0
10/05/1983,0.0
11/05/1983,0.0
12/05/1983,0.0
13/05/1983,0.0
14/05/1983,0.0
15/05/1983,0.0
16/05/1983,0.0
17/05/1983,0.0
18/05/1983,29.5
19/05/1983,2.0
20/05/1983,0.5
21/05/1983,0.0
22/05/1983,1.0
23/05/1983,2.0
24/05/1983,6.5
25/05/1983,24.0
26/05/1983,1.0
27/05/1983,27.5
28/05/1983,16.0
29/05/1983,25.0
30/05/1983,0.0
31/05/1983,18.0
01/06/1983,0.0
02/06/1983,0.0
03/06/1983,0.0
04/06/1983,0.0
05/06/1983,42.5
06/06/1983,6.5
07/06/1983,4.0
08/06/1983,0.5
09/06/1983,0.5
10/06/1983,1.5
11/06/1983,0.0
12/06/1983,2.0
13/06/1983,12.5
14/06/1983,3.0
15/06/1983,9.5
16/06/1983,0.5
17/06/1983,4.5
18/06/1983,0.6
19/06/1983,4.9
20/06/1983,21.5
21/06/1983,16.5
22/06/1983,6.5
23/06/1983,0.0
24/06/1983,0.0
25/06/1983,0.0
26/06/1983,0.0
27/06/1983,0.0
28/06/1983,0.0
29/06/1983,0.0
30/06/1983,1.0
01/07/1983,0.0
02/07/1983,1.0
03/07/1983,2.0
04/07/1983,0.0
05/07/1983,2.5
06/07/1983,9.5
07/07/1983,0.0
08/07/1983,1.0
09/07/1983,0.0
10/07/1983,13.5
11/07/1983,0.0
12/07/1983,38.5
13/07/1983,0.0
14/07/1983,0.0
15/07/1983,0.0
16/07/1983,0.0
17/07/1983,0.0
18/07/1983,2.0
19/07/1983,0.0
20/07/1983,1.5
21/07/1983,0.0
22/07/1983,3.5
23/07/1983,0.0
24/07/1983,0.0
25/07/1983,0.5
26/07/1983,0.0
27/07/1983,0.0
28/07/1983,13.5
29/07/1983,14.5
30/07/1983,68.0
31/07/1983,0.5
01/08/1983,0.0
02/08/1983,9.5
03/08/1983,2.5
04/08/1983,25.5
05/08/1983,39.5
06/08/1983,0.0
07/08/1983,9.5
08/08/1983,1.5
09/08/1983,0.0
10/08/1983,8.5
11/08/1983,5.0
12/08/1983,0.0
13/08/1983,0.0
14/08/1983,0.0
15/08/1983,0.0
16/08/1983,0.0
17/08/1983,0.0
18/08/1983,0.0
19/08/1983,16.0
20/08/1983,0.0
21/08/1983,1.0
22/08/1983,0.0
23/08/1983,0.0
24/08/1983,35.5
25/08/1983,0.0
26/08/1983,29.5
27/08/1983,0.0
28/08/1983,0.5
29/08/1983,6.0
30/08/1983,1.5
31/08/1983,1.0
01/09/1983,0.0
02/09/1983,0.5
03/09/1983,0.0
04/09/1983,0.0
05/09/1983,5.0
06/09/1983,0.0
07/09/1983,0.0
08/09/1983,1.5
09/09/1983,1.0
10/09/1983,1.0
11/09/1983,0.0
12/09/1983,0.5
13/09/1983,21.5
14/09/1983,0.0
15/09/1983,8.5
16/09/1983,52.0
17/09/1983,1.0
18/09/1983,1.5
19/09/1983,2.0
20/09/1983,0.0
21/09/1983,22.5
22/09/1983,20.6
23/09/1983,2.4
24/09/1983,0.0
25/09/1983,0.5
26/09/1983,10.0
27/09/1983,0.0
28/09/1983,3.5
29/09/1983,0.0
30/09/1983,55.0
01/10/1983,8.0
02/10/1983,0.0
03/10/1983,0.0
04/10/1983,2.0
05/10/1983,20.0
06/10/1983,0.0
07/10/1983,21.5
08/10/1983,6.0
09/10/1983,0.0
10/10/1983,0.0
11/10/1983,15.0
12/10/1983,2.0
13/10/1983,0.0
14/10/1983,0.0
15/10/1983,0.0
16/10/1983,13.0
17/10/1983,25.5
18/10/1983,1.5
19/10/1983,0.0
20/10/1983,23.5
21/10/1983,5.0
22/10/1983,1.0
23/10/1983,1.0
24/10/1983,0.0
25/10/1983,0.0
26/10/1983,0.0
27/10/1983,50.5
28/10/1983,0.0
29/10/1983,50.5
30/10/1983,0.0
31/10/1983,0.4
01/11/1983,2.6
02/11/1983,22.5
03/11/1983,0.0
04/11/1983,0.0
05/11/1983,0.5
06/11/1983,5.0
07/11/1983,0.0
08/11/1983,108.0
09/11/1983,1.0
10/11/1983,1.0
11/11/1983,0.0
12/11/1983,7.0
13/11/1983,9.6
14/11/1983,0.9
15/11/1983,18.5
16/11/1983,14.5
17/11/1983,1.5
18/11/1983,0.0
19/11/1983,0.0
20/11/1983,0.0
21/11/1983,0.0
22/11/1983,0.0
23/11/1983,0.0
24/11/1983,0.0
25/11/1983,0.0
26/11/1983,0.0
27/11/1983,15.1
28/11/1983,16.4
29/11/1983,0.5
30/11/1983,0.0
01/12/1983,14.0
02/12/1983,184.8
03/12/1983,396.7
04/12/1983,250.8
05/12/1983,513.7
06/12/1983,30.4
07/12/1983,237.1
08/12/1983,58.5
09/12/1983,63.5
10/12/1983,11.5
11/12/1983,68.4
12/12/1983,260.6
13/12/1983,21.8
14/12/1983,30.2
15/12/1983,52.0
16/12/1983,33.0
17/12/1983,11.5
18/12/1983,10.5
19/12/1983,2.5
20/12/1983,16.0
21/12/1983,1.5
22/12/1983,2.5
23/12/1983,0.0
24/12/1983,14.5
25/12/1983,7.0
26/12/1983,9.5
27/12/1983,14.0
28/12/1983,0.5
29/12/1983,0.0
30/12/1983,0.0
31/12/1983,0.0
01/01/1984,0.5
02/01/1984,0.0
03/01/1984,20.0
04/01/1984,4.5
05/01/1984,6.5
06/01/1984,3.5
07/01/1984,12.0
08/01/1984,7.5
09/01/1984,8.5
10/01/1984,3.8
11/01/1984,5.2
12/01/1984,0.0
13/01/1984,0.0
14/01/1984,0.0
15/01/1984,0.0
16/01/1984,0.0
17/01/1984,0.0
18/01/1984,60.0
19/01/1984,0.0
20/01/1984,0.0
21/01/1984,0.0
22/01/1984,4.5
23/01/1984,67.5
24/01/1984,7.0
25/01/1984,20.0
26/01/1984,10.5
27/01/1984,24.0
28/01/1984,13.5
29/01/1984,46.5
30/01/1984,118.0
31/01/1984,13.5
01/02/1984,23.5
02/02/1984,11.0
03/02/1984,14.0
04/02/1984,3.0
05/02/1984,1.5
06/02/1984,8.5
07/02/1984,18.0
08/02/1984,33.5
09/02/1984,76.4
10/02/1984,66.3
11/02/1984,22.8
12/02/1984,4.5
13/02/1984,0.0
14/02/1984,0.0
15/02/1984,32.5
16/02/1984,3.0
17/02/1984,0.0
18/02/1984,68.5
19/02/1984,4.5
20/02/1984,6.7
21/02/1984,6.7
22/02/1984,6.7
23/02/1984,6.7
24/02/1984,6.7
25/02/1984,6.7
26/02/1984,2.2
27/02/1984,0.0
28/02/1984,0.0
29/02/1984,17.5
01/03/1984,26.0
02/03/1984,12.5
03/03/1984,17.5
04/03/1984,7.0
05/03/1984,1.5
06/03/1984,0.0
07/03/1984,0.0
08/03/1984,0.0
09/03/1984,0.0
10/03/1984,0.0
11/03/1984,0.0
12/03/1984,0.0
13/03/1984,8.0
14/03/1984,0.0
15/03/1984,20.0
16/03/1984,0.0
17/03/1984,0.0
18/03/1984,0.0
19/03/1984,15.0
20/03/1984,0.5
21/03/1984,5.0
22/03/1984,3.5
23/03/1984,56.0
24/03/1984,39.0
25/03/1984,90.0
26/03/1984,24.8
27/03/1984,2.7
28/03/1984,1.0
29/03/1984,5.0
30/03/1984,9.0
31/03/1984,1.0
01/04/1984,0.0
02/04/1984,0.0
03/04/1984,0.0
04/04/1984,0.0
05/04/1984,0.0
06/04/1984,0.0
07/04/1984,0.0
08/04/1984,2.5
09/04/1984,5.5
10/04/1984,16.0
11/04/1984,3.0
12/04/1984,0.0
13/04/1984,0.0
14/04/1984,0.0
15/04/1984,1.8
16/04/1984,5.7
17/04/1984,11.2
18/04/1984,6.3
19/04/1984,3.0
20/04/1984,1.5
21/04/1984,33.5
22/04/1984,7.5
23/04/1984,28.0
24/04/1984,0.0
25/04/1984,0.0
26/04/1984,0.0
27/04/1984,1.0
28/04/1984,0.0
29/04/1984,1.0
30/04/1984,3.0
01/05/1984,0.0
02/05/1984,21.0
03/05/1984,0.0
04/05/1984,1.5
05/05/1984,55.0
06/05/1984,42.0
07/05/1984,1.5
08/05/1984,0.0
09/05/1984,4.5
10/05/1984,69.0
11/05/1984,34.5
12/05/1984,17.0
13/05/1984,4.5
14/05/1984,63.5
15/05/1984,0.0
16/05/1984,0.0
17/05/1984,4.0
18/05/1984,0.0
19/05/1984,40.5
20/05/1984,2.0
21/05/1984,0.5
22/05/1984,8.0
23/05/1984,0.0
24/05/1984,5.5
25/05/1984,0.0
26/05/1984,9.5
27/05/1984,1.0
28/05/1984,0.0
29/05/1984,0.0
30/05/1984,17.5
31/05/1984,2.0
01/06/1984,22.5
02/06/1984,2.5
03/06/1984,41.0
04/06/1984,0.0
05/06/1984,0.0
06/06/1984,0.0
07/06/1984,0.0
08/06/1984,0.0
09/06/1984,21.0
10/06/1984,59.4
11/06/1984,4.1
12/06/1984,0.0
13/06/1984,0.0
14/06/1984,0.5
15/06/1984,1.0
16/06/1984,0.0
17/06/1984,6.0
18/06/1984,29.0
19/06/1984,1.0
20/06/1984,0.0
21/06/1984,0.0
22/06/1984,0.0
23/06/1984,0.0
24/06/1984,0.0
25/06/1984,0.0
26/06/1984,0.0
27/06/1984,0.0
28/06/1984,12.0
29/06/1984,5.0
30/06/1984,1.5
01/07/1984,9.5
02/07/1984,2.0
03/07/1984,21.5
04/07/1984,22.0
05/07/1984,0.0
06/07/1984,0.0
07/07/1984,0.0
08/07/1984,0.0
09/07/1984,0.0
10/07/1984,0.0
11/07/1984,6.0
12/07/1984,0.0
13/07/1984,1.5
14/07/1984,0.0
15/07/1984,5.0
16/07/1984,0.0
17/07/1984,12.5
18/07/1984,10.0
19/07/1984,0.0
20/07/1984,1.4
21/07/1984,0.6
22/07/1984,0.0
23/07/1984,0.5
24/07/1984,14.0
25/07/1984,11.0
26/07/1984,20.0
27/07/1984,1.0
28/07/1984,0.5
29/07/1984,1.0
30/07/1984,0.5
31/07/1984,0.0
01/08/1984,10.5
02/08/1984,9.0
03/08/1984,0.0
04/08/1984,8.0
05/08/1984,17.5
06/08/1984,28.5
07/08/1984,0.0
08/08/1984,0.0
09/08/1984,0.0
10/08/1984,0.0
11/08/1984,27.0
12/08/1984,0.0
13/08/1984,0.0
14/08/1984,0.0
15/08/1984,0.0
16/08/1984,0.0
17/08/1984,0.0
18/08/1984,0.0
19/08/1984,3.0
20/08/1984,9.0
21/08/1984,29.0
22/08/1984,5.0
23/08/1984,3.0
24/08/1984,8.0
25/08/1984,50.0
26/08/1984,6.5
27/08/1984,0.0
28/08/1984,0.0
29/08/1984,0.0
30/08/1984,0.0
31/08/1984,11.5
01/09/1984,68.0
02/09/1984,14.5
03/09/1984,21.5
04/09/1984,0.5
05/09/1984,9.0
06/09/1984,0.5
07/09/1984,1.5
08/09/1984,2.0
09/09/1984,0.0
10/09/1984,6.5
11/09/1984,5.5
12/09/1984,0.5
13/09/1984,18.5
14/09/1984,4.0
15/09/1984,7.5
16/09/1984,9.0
17/09/1984,45.5
18/09/1984,1.0
19/09/1984,45.0
20/09/1984,0.0
21/09/1984,16.5
22/09/1984,21.5
23/09/1984,35.0
24/09/1984,0.0
25/09/1984,0.0
26/09/1984,0.5
27/09/1984,39.5
28/09/1984,28.5
29/09/1984,38.0
30/09/1984,3.5
01/10/1984,21.5
02/10/1984,0.0
03/10/1984,6.0
04/10/1984,1.0
05/10/1984,0.0
06/10/1984,0.0
07/10/1984,11.0
08/10/1984,8.5
09/10/1984,0.5
10/10/1984,6.0
11/10/1984,35.0
12/10/1984,0.5
13/10/1984,0.0
14/10/1984,0.0
15/10/1984,77.5
16/10/1984,1.0
17/10/1984,0.5
18/10/1984,14.5
19/10/1984,38.5
20/10/1984,3.5
21/10/1984,2.5
22/10/1984,31.5
23/10/1984,21.5
24/10/1984,8.5
25/10/1984,23.0
26/10/1984,0.0
27/10/1984,7.0
28/10/1984,2.0
29/10/1984,3.0
30/10/1984,0.5
31/10/1984,5.5
01/11/1984,0.0
02/11/1984,0.0
03/11/1984,4.0
04/11/1984,1.5
05/11/1984,0.0
06/11/1984,0.0
07/11/1984,72.5
08/11/1984,50.5
09/11/1984,8.5
10/11/1984,0.0
11/11/1984,13.5
12/11/1984,9.0
13/11/1984,1.5
14/11/1984,2.5
15/11/1984,0.5
16/11/1984,0.0
17/11/1984,6.0
18/11/1984,2.0
19/11/1984,7.5
20/11/1984,3.0
21/11/1984,2.5
22/11/1984,6.0
23/11/1984,6.0
24/11/1984,19.0
25/11/1984,18.5
26/11/1984,13.5
27/11/1984,0.0
28/11/1984,3.0
29/11/1984,0.0
30/11/1984,6.0
01/12/1984,10.0
02/12/1984,34.0
03/12/1984,0.0
04/12/1984,0.0
05/12/1984,0.0
06/12/1984,7.2
07/12/1984,29.8
08/12/1984,4.5
09/12/1984,0.0
10/12/1984,0.0
11/12/1984,0.0
12/12/1984,0.0
13/12/1984,0.0
14/12/1984,0.0
15/12/1984,0.0
16/12/1984,2.0
17/12/1984,35.5
18/12/1984,0.5
19/12/1984,0.0
20/12/1984,10.0
21/12/1984,83.0
22/12/1984,91.8
23/12/1984,320.6
24/12/1984,55.5
25/12/1984,14.5
26/12/1984,12.0
27/12/1984,25.5
28/12/1984,39.0
29/12/1984,0.0
30/12/1984,6.0
31/12/1984,0.5
01/01/1985,0.5
02/01/1985,4.0
03/01/1985,1.0
04/01/1985,0.0
05/01/1985,0.0
06/01/1985,0.0
07/01/1985,0.0
08/01/1985,0.0
09/01/1985,0.0
10/01/1985,0.0
11/01/1985,0.0
12/01/1985,0.0
13/01/1985,0.0
14/01/1985,0.0
15/01/1985,0.0
16/01/1985,0.0
17/01/1985,0.0
18/01/1985,0.0
19/01/1985,2.0
20/01/1985,0.0
21/01/1985,0.0
22/01/1985,0.0
23/01/1985,0.0
24/01/1985,4.5
25/01/1985,0.0
26/01/1985,0.5
27/01/1985,11.5
28/01/1985,0.5
29/01/1985,14.0
30/01/1985,16.0
31/01/1985,7.5
01/02/1985,8.0
02/02/1985,21.0
03/02/1985,21.2
04/02/1985,14.3
05/02/1985,1.5
06/02/1985,0.0
07/02/1985,0.0
08/02/1985,0.0
09/02/1985,0.0
10/02/1985,0.0
11/02/1985,9.8
12/02/1985,1.7
13/02/1985,0.0
14/02/1985,7.0
15/02/1985,0.0
16/02/1985,24.7
17/02/1985,17.8
18/02/1985,0.0
19/02/1985,0.0
20/02/1985,0.0
21/02/1985,0.0
22/02/1985,0.0
23/02/1985,55.0
24/02/1985,1.8
25/02/1985,8.2
26/02/1985,0.0
27/02/1985,0.0
28/02/1985,0.0
01/03/1985,0.0
02/03/1985,5.5
03/03/1985,10.0
04/03/1985,0.0
05/03/1985,12.5
06/03/1985,4.0
07/03/1985,19.0
08/03/1985,36.0
09/03/1985,18.5
10/03/1985,17.0
11/03/1985,29.5
12/03/1985,7.5
13/03/1985,44.5
14/03/1985,79.5
15/03/1985,98.5
16/03/1985,25.0
17/03/1985,7.0
18/03/1985,0.0
19/03/1985,0.0
20/03/1985,0.0
21/03/1985,4.0
22/03/1985,0.0
23/03/1985,0.0
24/03/1985,14.0
25/03/1985,17.0
26/03/1985,1.5
27/03/1985,0.0
28/03/1985,0.0
29/03/1985,0.0
30/03/1985,0.0
31/03/1985,0.0
01/04/1985,0.0
02/04/1985,0.0
03/04/1985,0.0
04/04/1985,0.0
05/04/1985,0.0
06/04/1985,0.0
07/04/1985,0.0
08/04/1985,0.0
09/04/1985,56.0
10/04/1985,0.0
11/04/1985,0.0
12/04/1985,0.0
13/04/1985,17.0
14/04/1985,0.0
15/04/1985,0.0
16/04/1985,1.0
17/04/1985,0.0
18/04/1985,0.5
19/04/1985,13.0
20/04/1985,0.5
21/04/1985,18.0
22/04/1985,19.5
23/04/1985,2.5
24/04/1985,0.0
25/04/1985,0.0
26/04/1985,1.5
27/04/1985,0.0
28/04/1985,32.0
29/04/1985,0.0
30/04/1985,6.0
01/05/1985,12.5
02/05/1985,0.5
03/05/1985,2.5
04/05/1985,18.5
05/05/1985,17.5
06/05/1985,0.0
07/05/1985,0.0
08/05/1985,0.0
09/05/1985,1.5
10/05/1985,0.0
11/05/1985,41.5
12/05/1985,2.0
13/05/1985,43.4
14/05/1985,27.6
15/05/1985,0.0
16/05/1985,0.0
17/05/1985,0.0
18/05/1985,3.0
19/05/1985,0.0
20/05/1985,32.0
21/05/1985,24.5
22/05/1985,6.0
23/05/1985,0.0
24/05/1985,25.0
25/05/1985,0.0
26/05/1985,55.0
27/05/1985,0.5
28/05/1985,0.0
29/05/1985,0.0
30/05/1985,2.0
31/05/1985,0.0
01/06/1985,35.0
02/06/1985,39.0
03/06/1985,0.5
04/06/1985,8.0
05/06/1985,0.5
06/06/1985,0.0
07/06/1985,10.5
08/06/1985,0.5
09/06/1985,0.0
10/06/1985,0.0
11/06/1985,0.0
12/06/1985,0.0
13/06/1985,0.0
14/06/1985,0.0
15/06/1985,56.5
16/06/1985,15.0
17/06/1985,0.0
18/06/1985,0.0
19/06/1985,0.0
20/06/1985,0.0
21/06/1985,0.0
22/06/1985,0.0
23/06/1985,0.0
24/06/1985,0.0
25/06/1985,0.0
26/06/1985,0.0
27/06/1985,0.0
28/06/1985,0.0
29/06/1985,0.0
30/06/1985,0.0
01/07/1985,20.0
02/07/1985,3.0
03/07/1985,0.5
04/07/1985,7.5
05/07/1985,4.0
06/07/1985,0.0
07/07/1985,0.5
08/07/1985,0.5
09/07/1985,0.0
10/07/1985,3.5
11/07/1985,2.0
12/07/1985,77.5
13/07/1985,1.5
14/07/1985,5.5
15/07/1985,0.5
16/07/1985,0.0
17/07/1985,5.0
18/07/1985,3.5
19/07/1985,8.0
20/07/1985,5.5
21/07/1985,0.0
22/07/1985,44.5
23/07/1985,0.5
24/07/1985,25.0
25/07/1985,0.0
26/07/1985,0.0
27/07/1985,14.5
28/07/1985,0.0
29/07/1985,12.0
30/07/1985,0.5
31/07/1985,8.0
01/08/1985,17.0
02/08/1985,6.0
03/08/1985,0.0
04/08/1985,0.0
05/08/1985,5.5
06/08/1985,0.5
07/08/1985,0.5
08/08/1985,0.0
09/08/1985,0.0
10/08/1985,1.5
11/08/1985,3.0
12/08/1985,0.0
13/08/1985,33.0
14/08/1985,2.0
15/08/1985,0.0
16/08/1985,25.0
17/08/1985,2.5
18/08/1985,0.0
19/08/1985,2.5
20/08/1985,0.0
21/08/1985,0.0
22/08/1985,0.0
23/08/1985,0.0
24/08/1985,0.0
25/08/1985,21.0
26/08/1985,0.0
27/08/1985,0.0
28/08/1985,0.0
29/08/1985,25.5
30/08/1985,4.0
31/08/1985,0.0
01/09/1985,0.0
02/09/1985,37.6
03/09/1985,12.4
04/09/1985,0.0
05/09/1985,0.0
06/09/1985,0.0
07/09/1985,0.0
08/09/1985,36.0
09/09/1985,1.5
10/09/1985,54.5
11/09/1985,8.5
12/09/1985,26.5
13/09/1985,19.5
14/09/1985,0.0
15/09/1985,15.7
16/09/1985,1.3
17/09/1985,40.5
18/09/1985,6.3
19/09/1985,30.7
20/09/1985,52.5
21/09/1985,108.0
22/09/1985,0.0
23/09/1985,16.5
24/09/1985,26.0
25/09/1985,28.0
26/09/1985,0.0
27/09/1985,46.0
28/09/1985,7.5
29/09/1985,0.0
30/09/1985,22.5
01/10/1985,6.0
02/10/1985,0.5
03/10/1985,21.0
04/10/1985,0.0
05/10/1985,8.0
06/10/1985,48.0
07/10/1985,45.5
08/10/1985,36.5
09/10/1985,0.0
10/10/1985,26.0
11/10/1985,1.5
12/10/1985,0.0
13/10/1985,0.0
14/10/1985,0.0
15/10/1985,13.0
16/10/1985,5.5
17/10/1985,0.0
18/10/1985,57.0
19/10/1985,5.0
20/10/1985,30.0
21/10/1985,4.0
22/10/1985,6.0
23/10/1985,0.0
24/10/1985,60.5
25/10/1985,39.5
26/10/1985,0.0
27/10/1985,0.0
28/10/1985,0.0
29/10/1985,0.0
30/10/1985,0.0
31/10/1985,4.5
01/11/1985,39.5
02/11/1985,37.0
14/11/1985,85.0
15/11/1985,1.5
16/11/1985,0.0
17/11/1985,2.5
18/11/1985,0.0
19/11/1985,2.5
20/11/1985,0.0
21/11/1985,0.0
22/11/1985,62.0
23/11/1985,0.0
24/11/1985,83.0
25/11/1985,6.5
26/11/1985,0.0
27/11/1985,7.5
28/11/1985,2.0
29/11/1985,38.0
30/11/1985,7.5
01/12/1985,128.5
02/12/1985,65.0
03/12/1985,84.0
04/12/1985,9.5
05/12/1985,0.0
06/12/1985,4.0
07/12/1985,0.0
08/12/1985,4.0
09/12/1985,0.0
10/12/1985,0.5
11/12/1985,0.0
12/12/1985,4.5
13/12/1985,6.5
14/12/1985,93.0
15/12/1985,0.5
16/12/1985,0.5
17/12/1985,0.0
18/12/1985,0.0
19/12/1985,0.0
20/12/1985,0.0
21/12/1985,0.0
22/12/1985,63.2
23/12/1985,37.3
24/12/1985,1.0
25/12/1985,0.0
26/12/1985,0.0
27/12/1985,0.0
28/12/1985,1.0
29/12/1985,0.0
30/12/1985,0.0
31/12/1985,0.0
01/01/1986,7.1
02/01/1986,24.4
03/01/1986,2.0
04/01/1986,21.0
05/01/1986,16.3
06/01/1986,10.2
07/01/1986,1.5
08/01/1986,17.1
09/01/1986,20.4
10/01/1986,3.5
11/01/1986,2.5
12/01/1986,2.0
13/01/1986,0.0
14/01/1986,0.0
15/01/1986,0.0
16/01/1986,0.0
17/01/1986,18.0
18/01/1986,0.0
19/01/1986,3.0
20/01/1986,0.0
21/01/1986,0.0
22/01/1986,0.0
23/01/1986,0.0
24/01/1986,0.0
25/01/1986,0.0
26/01/1986,0.0
27/01/1986,1.0
28/01/1986,0.0
29/01/1986,0.0
30/01/1986,0.0
31/01/1986,0.0
01/02/1986,0.0
02/02/1986,0.0
03/02/1986,0.0
04/02/1986,0.0
05/02/1986,0.0
06/02/1986,0.0
07/02/1986,0.0
08/02/1986,0.0
09/02/1986,1.5
10/02/1986,0.0
11/02/1986,0.5
12/02/1986,0.0
13/02/1986,0.0
14/02/1986,0.0
15/02/1986,0.0
16/02/1986,0.0
17/02/1986,0.0
18/02/1986,0.0
19/02/1986,0.0
20/02/1986,0.0
21/02/1986,0.0
22/02/1986,0.0
23/02/1986,0.0
24/02/1986,0.0
25/02/1986,0.0
26/02/1986,0.0
27/02/1986,0.0
28/02/1986,9.9
01/03/1986,1.1
02/03/1986,35.0
03/03/1986,13.5
04/03/1986,1.5
05/03/1986,3.0
06/03/1986,17.1
07/03/1986,14.9
08/03/1986,52.0
09/03/1986,17.0
10/03/1986,8.5
11/03/1986,5.5
12/03/1986,1.0
13/03/1986,0.0
14/03/1986,0.0
15/03/1986,0.0
16/03/1986,0.0
17/03/1986,10.0
18/03/1986,0.0
19/03/1986,0.0
20/03/1986,0.0
21/03/1986,0.0
22/03/1986,0.0
23/03/1986,0.0
24/03/1986,0.0
25/03/1986,0.0
26/03/1986,0.0
27/03/1986,0.0
28/03/1986,0.0
29/03/1986,6.5
30/03/1986,0.0
31/03/1986,0.0
01/04/1986,0.0
02/04/1986,0.0
03/04/1986,0.0
04/04/1986,0.0
05/04/1986,0.0
06/04/1986,4.0
07/04/1986,0.0
08/04/1986,2.0
09/04/1986,0.0
10/04/1986,0.0
11/04/1986,0.0
12/04/1986,0.0
13/04/1986,3.0
14/04/1986,12.0
15/04/1986,0.5
16/04/1986,3.5
17/04/1986,11.0
18/04/1986,1.5
19/04/1986,0.0
20/04/1986,0.5
21/04/1986,2.0
22/04/1986,0.0
23/04/1986,0.0
24/04/1986,0.0
25/04/1986,0.0
26/04/1986,9.0
27/04/1986,0.0
28/04/1986,3.0
29/04/1986,1.5
30/04/1986,0.0
01/05/1986,0.0
02/05/1986,0.0
03/05/1986,0.0
04/05/1986,0.0
05/05/1986,0.0
06/05/1986,1.5
07/05/1986,16.3
08/05/1986,1.7
09/05/1986,0.0
10/05/1986,0.0
11/05/1986,0.0
12/05/1986,0.0
13/05/1986,0.0
14/05/1986,0.0
15/05/1986,0.0
16/05/1986,18.0
17/05/1986,24.8
18/05/1986,37.2
19/05/1986,0.0
20/05/1986,0.5
21/05/1986,0.0
22/05/1986,0.0
23/05/1986,2.0
24/05/1986,1.5
25/05/1986,19.0
26/05/1986,0.5
27/05/1986,7.0
28/05/1986,0.0
29/05/1986,0.5
30/05/1986,0.0
31/05/1986,21.5
01/06/1986,1.5
02/06/1986,0.0
03/06/1986,8.5
04/06/1986,0.0
05/06/1986,40.5
06/06/1986,0.0
07/06/1986,0.0
08/06/1986,3.5
09/06/1986,0.0
10/06/1986,0.0
11/06/1986,0.0
12/06/1986,13.5
13/06/1986,0.5
14/06/1986,0.0
15/06/1986,5.5
16/06/1986,47.0
17/06/1986,21.5
18/06/1986,0.5
19/06/1986,0.0
20/06/1986,0.0
21/06/1986,0.0
22/06/1986,0.0
23/06/1986,0.0
24/06/1986,0.0
25/06/1986,0.0
26/06/1986,25.5
27/06/1986,0.0
28/06/1986,6.5
29/06/1986,0.0
30/06/1986,0.5
01/07/1986,0.0
02/07/1986,0.0
03/07/1986,13.3
04/07/1986,6.2
05/07/1986,0.0
06/07/1986,18.5
07/07/1986,0.0
08/07/1986,10.0
09/07/1986,0.0
10/07/1986,32.0
11/07/1986,3.5
12/07/1986,0.0
13/07/1986,9.5
14/07/1986,5.0
15/07/1986,0.0
16/07/1986,0.0
17/07/1986,0.0
18/07/1986,0.0
19/07/1986,0.0
20/07/1986,0.0
21/07/1986,0.0
22/07/1986,0.5
23/07/1986,4.5
24/07/1986,0.0
25/07/1986,0.0
26/07/1986,0.5
27/07/1986,12.0
28/07/1986,5.5
29/07/1986,8.0
30/07/1986,0.5
31/07/1986,11.8
01/08/1986,0.7
02/08/1986,12.5
03/08/1986,1.5
04/08/1986,0.0
05/08/1986,0.0
06/08/1986,14.1
07/08/1986,6.9
08/08/1986,0.0
09/08/1986,0.0
10/08/1986,0.0
11/08/1986,0.0
12/08/1986,0.0
13/08/1986,0.0
14/08/1986,0.0
15/08/1986,1.0
16/08/1986,0.0
17/08/1986,0.0
18/08/1986,0.0
19/08/1986,0.0
20/08/1986,0.0
21/08/1986,0.0
22/08/1986,0.0
23/08/1986,0.5
24/08/1986,31.5
25/08/1986,6.0
26/08/1986,0.5
27/08/1986,0.0
28/08/1986,10.0
29/08/1986,0.0
30/08/1986,0.0
31/08/1986,20.5
01/09/1986,0.0
02/09/1986,3.0
03/09/1986,0.5
04/09/1986,0.0
05/09/1986,0.0
06/09/1986,0.0
07/09/1986,28.5
08/09/1986,29.5
09/09/1986,29.5
10/09/1986,1.5
11/09/1986,11.0
12/09/1986,0.5
13/09/1986,0.0
14/09/1986,41.5
15/09/1986,10.0
16/09/1986,42.5
17/09/1986,6.5
18/09/1986,0.0
19/09/1986,4.0
20/09/1986,1.0
21/09/1986,4.0
22/09/1986,4.5
23/09/1986,3.5
24/09/1986,40.5
25/09/1986,0.5
26/09/1986,0.0
27/09/1986,0.5
28/09/1986,2.0
29/09/1986,6.5
30/09/1986,2.5
01/10/1986,4.5
02/10/1986,4.5
03/10/1986,14.0
04/10/1986,3.5
05/10/1986,4.0
06/10/1986,20.0
07/10/1986,4.0
08/10/1986,7.1
09/10/1986,30.4
10/10/1986,0.0
11/10/1986,7.5
12/10/1986,50.5
13/10/1986,0.0
14/10/1986,0.0
15/10/1986,1.0
16/10/1986,11.2
17/10/1986,16.9
18/10/1986,16.9
19/10/1986,16.9
20/10/1986,16.9
21/10/1986,16.9
22/10/1986,16.9
23/10/1986,16.9
24/10/1986,16.9
25/10/1986,16.9
26/10/1986,16.9
27/10/1986,16.9
28/10/1986,16.9
29/10/1986,16.9
30/10/1986,16.9
31/10/1986,13.1
01/11/1986,57.0
02/11/1986,0.5
03/11/1986,16.0
04/11/1986,3.0
05/11/1986,5.5
06/11/1986,1.5
07/11/1986,17.0
08/11/1986,21.0
09/11/1986,1.0
10/11/1986,0.5
11/11/1986,35.5
12/11/1986,9.5
13/11/1986,39.5
14/11/1986,0.0
15/11/1986,0.5
16/11/1986,6.5
17/11/1986,2.5
18/11/1986,10.5
19/11/1986,6.5
20/11/1986,23.5
21/11/1986,35.5
22/11/1986,10.5
23/11/1986,4.0
24/11/1986,3.5
25/11/1986,18.0
26/11/1986,37.2
27/11/1986,152.7
28/11/1986,122.2
29/11/1986,158.8
30/11/1986,445.5
01/12/1986,237.0
02/12/1986,23.7
03/12/1986,4.5
04/12/1986,19.5
05/12/1986,3.5
06/12/1986,101.1
07/12/1986,53.9
08/12/1986,54.5
09/12/1986,58.5
10/12/1986,21.0
11/12/1986,5.0
12/12/1986,3.5
13/12/1986,0.0
14/12/1986,0.0
15/12/1986,0.0
16/12/1986,7.5
17/12/1986,66.3
18/12/1986,13.7
19/12/1986,23.0
20/12/1986,1.0
21/12/1986,6.0
22/12/1986,0.0
23/12/1986,0.0
24/12/1986,0.0
25/12/1986,0.5
26/12/1986,0.0
27/12/1986,7.0
28/12/1986,3.5
29/12/1986,57.0
30/12/1986,1.5
31/12/1986,0.5
01/01/1987,0.0
02/01/1987,0.0
03/01/1987,0.0
04/01/1987,0.0
05/01/1987,0.0
06/01/1987,22.0
07/01/1987,24.0
08/01/1987,40.0
09/01/1987,33.5
10/01/1987,14.8
11/01/1987,52.2
12/01/1987,44.9
13/01/1987,24.0
14/01/1987,1.0
15/01/1987,0.0
16/01/1987,2.0
17/01/1987,2.5
18/01/1987,0.0
19/01/1987,0.0
20/01/1987,0.5
21/01/1987,5.0
22/01/1987,0.0
23/01/1987,0.0
24/01/1987,8.0
25/01/1987,43.9
26/01/1987,8.1
27/01/1987,14.4
28/01/1987,21.1
29/01/1987,7.5
30/01/1987,0.0
31/01/1987,0.0
01/02/1987,4.5
02/02/1987,1.5
03/02/1987,2.7
04/02/1987,2.3
05/02/1987,0.0
06/02/1987,0.0
07/02/1987,0.0
08/02/1987,0.0
09/02/1987,0.0
10/02/1987,0.0
11/02/1987,0.0
12/02/1987,0.0
13/02/1987,0.0
14/02/1987,0.0
15/02/1987,0.0
16/02/1987,0.0
17/02/1987,0.0
18/02/1987,0.0
19/02/1987,0.0
20/02/1987,0.0
21/02/1987,0.0
22/02/1987,0.0
23/02/1987,0.0
24/02/1987,0.0
25/02/1987,0.0
26/02/1987,0.0
27/02/1987,0.0
28/02/1987,0.0
01/03/1987,0.5
02/03/1987,4.0
03/03/1987,6.0
04/03/1987,2.5
05/03/1987,86.7
06/03/1987,9.8
07/03/1987,0.0
08/03/1987,0.0
09/03/1987,0.0
10/03/1987,0.0
11/03/1987,0.0
12/03/1987,0.0
13/03/1987,0.0
14/03/1987,0.0
15/03/1987,0.0
16/03/1987,2.0
17/03/1987,0.5
18/03/1987,0.5
19/03/1987,39.5
20/03/1987,1.5
21/03/1987,0.0
22/03/1987,0.0
23/03/1987,0.0
24/03/1987,0.0
25/03/1987,0.0
26/03/1987,0.0
27/03/1987,0.0
28/03/1987,0.0
29/03/1987,0.4
30/03/1987,20.6
31/03/1987,9.0
01/04/1987,3.5
02/04/1987,0.0
03/04/1987,0.0
04/04/1987,0.0
05/04/1987,0.0
06/04/1987,25.5
07/04/1987,0.0
08/04/1987,6.4
09/04/1987,0.6
10/04/1987,10.0
11/04/1987,19.5
12/04/1987,0.0
13/04/1987,0.0
14/04/1987,0.0
15/04/1987,0.0
16/04/1987,0.0
17/04/1987,0.0
18/04/1987,7.0
19/04/1987,1.5
20/04/1987,0.0
21/04/1987,16.0
22/04/1987,0.0
23/04/1987,0.0
24/04/1987,0.0
25/04/1987,0.0
26/04/1987,0.0
27/04/1987,6.0
28/04/1987,9.1
29/04/1987,6.4
30/04/1987,5.0
01/05/1987,1.5
02/05/1987,6.0
03/05/1987,0.5
04/05/1987,3.0
05/05/1987,15.0
06/05/1987,1.0
07/05/1987,9.5
08/05/1987,0.5
09/05/1987,0.0
10/05/1987,0.0
11/05/1987,10.0
12/05/1987,5.5
13/05/1987,8.5
14/05/1987,0.0
15/05/1987,0.0
16/05/1987,0.0
17/05/1987,13.0
18/05/1987,0.0
19/05/1987,5.0
20/05/1987,0.0
21/05/1987,0.0
22/05/1987,0.0
23/05/1987,0.0
24/05/1987,0.0
25/05/1987,0.0
26/05/1987,0.0
27/05/1987,0.0
28/05/1987,8.0
29/05/1987,0.5
30/05/1987,0.0
31/05/1987,0.0
01/06/1987,0.0
02/06/1987,0.5
03/06/1987,6.0
04/06/1987,2.5
05/06/1987,30.0
06/06/1987,2.0
07/06/1987,1.5
08/06/1987,16.0
09/06/1987,0.0
10/06/1987,0.0
11/06/1987,0.0
12/06/1987,30.0
13/06/1987,14.0
14/06/1987,0.0
15/06/1987,0.0
16/06/1987,0.0
17/06/1987,0.0
18/06/1987,0.0
19/06/1987,18.0
20/06/1987,1.5
21/06/1987,0.0
22/06/1987,0.5
23/06/1987,0.0
24/06/1987,2.0
25/06/1987,55.5
26/06/1987,13.5
27/06/1987,7.0
28/06/1987,0.0
29/06/1987,12.0
30/06/1987,10.0
01/07/1987,0.0
02/07/1987,0.0
03/07/1987,0.0
04/07/1987,0.0
05/07/1987,0.0
06/07/1987,0.0
07/07/1987,0.0
08/07/1987,0.0
09/07/1987,0.0
10/07/1987,0.0
11/07/1987,10.0
12/07/1987,39.5
13/07/1987,7.5
14/07/1987,50.5
15/07/1987,20.0
16/07/1987,6.3
17/07/1987,2.2
18/07/1987,15.0
19/07/1987,0.0
20/07/1987,0.0
21/07/1987,3.0
22/07/1987,0.5
23/07/1987,0.0
24/07/1987,22.0
25/07/1987,4.0
26/07/1987,0.5
27/07/1987,0.0
28/07/1987,0.0
29/07/1987,0.0
30/07/1987,0.0
31/07/1987,4.0
01/08/1987,0.0
02/08/1987,0.0
03/08/1987,4.5
04/08/1987,0.0
05/08/1987,35.0
06/08/1987,2.5
07/08/1987,0.0
08/08/1987,0.0
09/08/1987,0.0
10/08/1987,14.0
11/08/1987,41.0
12/08/1987,11.5
13/08/1987,14.0
14/08/1987,10.0
15/08/1987,0.5
16/08/1987,7.0
17/08/1987,0.0
18/08/1987,0.0
19/08/1987,4.5
20/08/1987,0.5
21/08/1987,0.0
22/08/1987,28.5
23/08/1987,0.0
24/08/1987,0.0
25/08/1987,0.0
26/08/1987,15.5
27/08/1987,14.0
28/08/1987,6.5
29/08/1987,0.0
30/08/1987,0.0
31/08/1987,15.5
01/09/1987,1.0
02/09/1987,6.5
03/09/1987,20.0
04/09/1987,28.0
05/09/1987,0.5
06/09/1987,0.0
07/09/1987,90.1
08/09/1987,1.4
09/09/1987,2.0
10/09/1987,35.0
11/09/1987,15.0
22/09/1987,29.5
23/09/1987,0.0
24/09/1987,0.0
25/09/1987,0.0
26/09/1987,2.3
27/09/1987,26.7
28/09/1987,0.0
29/09/1987,0.0
30/09/1987,0.0
01/10/1987,0.0
02/10/1987,0.0
03/10/1987,7.5
04/10/1987,0.0
05/10/1987,0.0
06/10/1987,0.0
07/10/1987,9.5
08/10/1987,16.0
09/10/1987,5.5
10/10/1987,64.5
11/10/1987,3.5
12/10/1987,2.0
13/10/1987,0.0
14/10/1987,6.0
15/10/1987,0.0
16/10/1987,0.0
17/10/1987,0.0
18/10/1987,0.0
19/10/1987,0.0
20/10/1987,1.0
21/10/1987,0.0
22/10/1987,0.0
23/10/1987,0.0
24/10/1987,0.0
25/10/1987,18.0
26/10/1987,5.0
27/10/1987,0.0
28/10/1987,1.5
29/10/1987,0.0
30/10/1987,1.5
31/10/1987,10.0
01/11/1987,0.0
02/11/1987,2.5
03/11/1987,6.0
04/11/1987,3.5
05/11/1987,13.5
06/11/1987,3.0
07/11/1987,0.5
08/11/1987,50.5
09/11/1987,0.0
10/11/1987,9.5
11/11/1987,6.0
12/11/1987,51.0
13/11/1987,25.0
14/11/1987,0.0
15/11/1987,23.0
16/11/1987,2.5
17/11/1987,0.0
18/11/1987,17.5
19/11/1987,1.5
20/11/1987,0.0
21/11/1987,61.0
22/11/1987,26.0
23/11/1987,12.0
24/11/1987,10.0
25/11/1987,0.0
26/11/1987,4.5
27/11/1987,0.0
28/11/1987,0.0
29/11/1987,4.5
30/11/1987,1.5
01/12/1987,73.5
02/12/1987,43.5
03/12/1987,108.7
04/12/1987,124.3
05/12/1987,8.0
06/12/1987,286.7
07/12/1987,45.3
08/12/1987,51.0
09/12/1987,26.7
10/12/1987,145.1
11/12/1987,42.3
12/12/1987,4.4
13/12/1987,11.0
14/12/1987,1.5
15/12/1987,0.0
16/12/1987,1.0
17/12/1987,54.4
18/12/1987,0.1
19/12/1987,0.0
20/12/1987,0.0
21/12/1987,0.0
22/12/1987,0.0
23/12/1987,2.0
24/12/1987,0.0
25/12/1987,0.0
26/12/1987,52.4
27/12/1987,32.1
28/12/1987,73.0
29/12/1987,1.5
30/12/1987,0.0
31/12/1987,0.0
01/01/1988,0.0
02/01/1988,0.0
03/01/1988,0.5
04/01/1988,7.0
05/01/1988,2.5
06/01/1988,0.0
07/01/1988,0.0
08/01/1988,0.0
09/01/1988,3.0
10/01/1988,20.0
11/01/1988,14.0
12/01/1988,15.0
13/01/1988,2.5
14/01/1988,3.5
15/01/1988,2.5
16/01/1988,0.5
17/01/1988,0.0
18/01/1988,0.0
19/01/1988,0.0
20/01/1988,0.0
21/01/1988,0.0
22/01/1988,0.0
23/01/1988,0.0
24/01/1988,0.5
25/01/1988,7.5
26/01/1988,6.0
27/01/1988,48.5
28/01/1988,24.5
29/01/1988,0.0
30/01/1988,11.5
31/01/1988,0.5
01/02/1988,0.5
02/02/1988,0.0
03/02/1988,3.5
04/02/1988,0.0
05/02/1988,9.5
06/02/1988,50.5
07/02/1988,13.5
08/02/1988,0.5
09/02/1988,2.0
10/02/1988,39.0
11/02/1988,0.0
12/02/1988,0.0
13/02/1988,0.0
14/02/1988,0.0
15/02/1988,16.5
16/02/1988,0.0
17/02/1988,0.0
18/02/1988,6.0
19/02/1988,6.5
20/02/1988,8.0
21/02/1988,57.5
22/02/1988,11.0
23/02/1988,0.0
24/02/1988,0.0
25/02/1988,20.0
26/02/1988,3.5
27/02/1988,0.5
28/02/1988,1.0
29/02/1988,0.0
01/03/1988,0.0
02/03/1988,0.0
03/03/1988,13.5
04/03/1988,0.0
05/03/1988,50.5
06/03/1988,47.0
07/03/1988,181.4
08/03/1988,220.1
09/03/1988,15.5
10/03/1988,8.0
11/03/1988,14.5
12/03/1988,4.5
13/03/1988,0.0
14/03/1988,0.0
15/03/1988,1.5
16/03/1988,0.0
17/03/1988,0.0
18/03/1988,0.0
19/03/1988,0.0
20/03/1988,0.0
21/03/1988,0.0
22/03/1988,34.5
23/03/1988,3.0
24/03/1988,0.0
25/03/1988,0.0
26/03/1988,0.0
27/03/1988,0.0
28/03/1988,0.0
29/03/1988,0.0
30/03/1988,0.0
31/03/1988,0.0
01/04/1988,0.0
02/04/1988,0.0
03/04/1988,39.0
04/04/1988,7.0
05/04/1988,0.0
06/04/1988,0.0
07/04/1988,20.0
08/04/1988,0.0
09/04/1988,6.5
10/04/1988,10.0
11/04/1988,33.0
12/04/1988,0.0
13/04/1988,0.0
14/04/1988,4.5
15/04/1988,0.0
16/04/1988,0.0
17/04/1988,0.0
18/04/1988,14.5
19/04/1988,0.0
20/04/1988,0.0
21/04/1988,0.0
22/04/1988,0.0
23/04/1988,14.0
24/04/1988,0.0
25/04/1988,0.0
26/04/1988,1.5
27/04/1988,0.0
28/04/1988,0.0
29/04/1988,65.0
30/04/1988,7.0
01/05/1988,2.5
02/05/1988,17.5
03/05/1988,4.0
04/05/1988,41.0
05/05/1988,8.0
06/05/1988,1.5
07/05/1988,0.5
08/05/1988,0.5
09/05/1988,0.0
10/05/1988,0.0
11/05/1988,0.0
12/05/1988,0.0
13/05/1988,13.0
14/05/1988,0.0
15/05/1988,47.5
16/05/1988,0.0
17/05/1988,1.5
18/05/1988,0.0
19/05/1988,22.5
20/05/1988,0.0
21/05/1988,1.0
22/05/1988,0.0
23/05/1988,16.0
24/05/1988,8.0
25/05/1988,9.0
26/05/1988,5.5
27/05/1988,0.0
28/05/1988,13.0
29/05/1988,0.0
30/05/1988,5.0
31/05/1988,0.0
01/06/1988,23.5
02/06/1988,18.0
15/06/1988,1.6
16/06/1988,4.9
17/06/1988,0.0
18/06/1988,0.0
19/06/1988,0.0
20/06/1988,6.0
21/06/1988,18.5
22/06/1988,51.0
23/06/1988,10.0
24/06/1988,9.5
25/06/1988,14.2
26/06/1988,0.3
27/06/1988,3.0
28/06/1988,6.0
29/06/1988,40.5
30/06/1988,0.0
01/07/1988,0.0
02/07/1988,0.5
03/07/1988,0.0
04/07/1988,0.0
05/07/1988,0.5
06/07/1988,44.0
07/07/1988,0.0
08/07/1988,0.5
09/07/1988,44.5
10/07/1988,10.7
11/07/1988,8.3
12/07/1988,0.0
13/07/1988,0.0
14/07/1988,3.5
15/07/1988,0.0
16/07/1988,1.5
17/07/1988,0.5
18/07/1988,14.0
19/07/1988,0.0
20/07/1988,0.0
21/07/1988,0.0
22/07/1988,19.6
23/07/1988,6.4
24/07/1988,0.0
25/07/1988,8.8
26/07/1988,70.2
27/07/1988,0.0
28/07/1988,58.5
29/07/1988,2.5
30/07/1988,0.0
31/07/1988,0.0
01/08/1988,0.0
02/08/1988,3.0
03/08/1988,34.5
04/08/1988,14.5
05/08/1988,6.5
06/08/1988,0.0
07/08/1988,0.0
08/08/1988,19.0
09/08/1988,0.0
10/08/1988,0.0
11/08/1988,0.0
12/08/1988,11.5
13/08/1988,25.0
14/08/1988,0.0
15/08/1988,0.0
16/08/1988,0.0
17/08/1988,0.0
18/08/1988,10.0
19/08/1988,0.5
20/08/1988,0.0
21/08/1988,12.5
22/08/1988,22.5
23/08/1988,8.0
24/08/1988,0.0
25/08/1988,0.0
26/08/1988,0.0
27/08/1988,0.0
28/08/1988,0.0
29/08/1988,0.0
30/08/1988,0.0
31/08/1988,0.0
01/09/1988,6.5
02/09/1988,7.0
03/09/1988,4.6
04/09/1988,5.4
05/09/1988,0.0
06/09/1988,29.0
07/09/1988,0.0
08/09/1988,38.0
09/09/1988,2.0
10/09/1988,15.0
11/09/1988,0.0
12/09/1988,0.0
13/09/1988,0.0
14/09/1988,1.0
15/09/1988,4.0
16/09/1988,0.0
17/09/1988,16.0
18/09/1988,28.5
19/09/1988,0.5
20/09/1988,0.0
21/09/1988,1.5
22/09/1988,0.0
23/09/1988,0.0
24/09/1988,0.0
25/09/1988,2.0
26/09/1988,0.5
27/09/1988,32.0
28/09/1988,1.0
29/09/1988,15.5
30/09/1988,9.5
01/10/1988,0.0
02/10/1988,30.5
03/10/1988,0.0
04/10/1988,0.0
05/10/1988,1.5
06/10/1988,0.5
07/10/1988,0.0
08/10/1988,0.0
09/10/1988,8.0
10/10/1988,27.5
11/10/1988,10.0
12/10/1988,0.0
13/10/1988,32.0
14/10/1988,7.0
15/10/1988,24.5
16/10/1988,0.5
17/10/1988,4.5
18/10/1988,0.0
19/10/1988,2.0
20/10/1988,13.0
21/10/1988,0.0
22/10/1988,0.0
23/10/1988,0.0
24/10/1988,0.0
25/10/1988,0.0
26/10/1988,0.0
27/10/1988,2.5
28/10/1988,2.0
29/10/1988,3.5
30/10/1988,4.0
31/10/1988,0.0
01/11/1988,0.0
02/11/1988,3.0
03/11/1988,43.7
04/11/1988,66.9
05/11/1988,27.9
06/11/1988,1.0
07/11/1988,18.0
08/11/1988,32.5
09/11/1988,0.0
10/11/1988,30.2
11/11/1988,4.8
12/11/1988,54.5
13/11/1988,21.5
14/11/1988,47.0
15/11/1988,19.0
16/11/1988,8.0
17/11/1988,25.0
18/11/1988,33.0
19/11/1988,166.0
20/11/1988,198.6
21/11/1988,110.8
22/11/1988,16.1
23/11/1988,33.0
24/11/1988,59.0
25/11/1988,0.0
26/11/1988,0.0
27/11/1988,28.0
28/11/1988,5.5
29/11/1988,69.9
30/11/1988,300.1
01/12/1988,37.0
02/12/1988,3.0
03/12/1988,29.5
04/12/1988,2.0
05/12/1988,12.5
06/12/1988,1.0
07/12/1988,0.0
08/12/1988,0.0
09/12/1988,0.0
10/12/1988,0.0
11/12/1988,0.0
12/12/1988,0.0
13/12/1988,2.0
14/12/1988,0.7
15/12/1988,3.8
16/12/1988,1.0
17/12/1988,3.0
18/12/1988,4.0
19/12/1988,30.0
20/12/1988,50.5
21/12/1988,1.5
22/12/1988,73.2
23/12/1988,4.8
24/12/1988,0.0
25/12/1988,0.0
26/12/1988,3.0
27/12/1988,0.0
28/12/1988,2.0
29/12/1988,0.0
30/12/1988,0.0
31/12/1988,50.1
01/01/1989,17.9
02/01/1989,29.5
03/01/1989,12.0
04/01/1989,11.5
05/01/1989,20.5
06/01/1989,1.5
07/01/1989,0.0
08/01/1989,0.0
09/01/1989,0.0
10/01/1989,0.0
11/01/1989,9.5
12/01/1989,14.0
13/01/1989,22.5
14/01/1989,23.8
15/01/1989,6.2
16/01/1989,15.0
17/01/1989,9.0
18/01/1989,4.0
19/01/1989,1.0
20/01/1989,0.0
21/01/1989,0.0
22/01/1989,9.0
23/01/1989,52.0
24/01/1989,0.0
25/01/1989,0.0
26/01/1989,0.0
27/01/1989,0.0
28/01/1989,0.0
29/01/1989,0.0
30/01/1989,10.0
31/01/1989,20.0
01/02/1989,0.5
02/02/1989,0.0
03/02/1989,0.0
04/02/1989,0.0
05/02/1989,0.0
06/02/1989,0.0
07/02/1989,0.0
08/02/1989,0.0
09/02/1989,0.0
10/02/1989,0.0
11/02/1989,0.0
12/02/1989,0.0
13/02/1989,0.0
14/02/1989,0.0
15/02/1989,0.0
16/02/1989,0.0
17/02/1989,0.0
18/02/1989,0.0
19/02/1989,0.5
20/02/1989,0.0
21/02/1989,0.0
22/02/1989,0.0
23/02/1989,43.0
24/02/1989,0.0
25/02/1989,0.0
26/02/1989,0.0
27/02/1989,0.0
28/02/1989,1.5
01/03/1989,0.0
02/03/1989,0.0
03/03/1989,0.0
04/03/1989,0.0
05/03/1989,16.5
06/03/1989,40.5
07/03/1989,1.0
08/03/1989,0.0
09/03/1989,3.5
10/03/1989,0.5
11/03/1989,0.0
12/03/1989,0.0
13/03/1989,0.0
14/03/1989,0.0
15/03/1989,0.0
16/03/1989,2.5
17/03/1989,47.5
18/03/1989,0.0
19/03/1989,0.0
20/03/1989,0.0
21/03/1989,0.5
22/03/1989,0.0
23/03/1989,0.0
24/03/1989,0.0
25/03/1989,0.0
26/03/1989,0.0
27/03/1989,0.0
28/03/1989,7.0
29/03/1989,1.5
30/03/1989,14.5
31/03/1989,8.5
01/04/1989,0.0
02/04/1989,4.5
03/04/1989,0.5
04/04/1989,0.0
05/04/1989,0.0
06/04/1989,0.0
07/04/1989,0.0
08/04/1989,0.0
09/04/1989,0.0
10/04/1989,30.0
11/04/1989,0.5
12/04/1989,10.5
13/04/1989,2.5
14/04/1989,0.0
15/04/1989,17.0
16/04/1989,0.0
17/04/1989,0.0
18/04/1989,0.0
19/04/1989,0.0
20/04/1989,10.0
21/04/1989,9.5
22/04/1989,20.5
23/04/1989,0.0
24/04/1989,2.5
25/04/1989,1.0
26/04/1989,7.0
27/04/1989,0.0
28/04/1989,54.5
29/04/1989,1.5
30/04/1989,0.5
01/05/1989,0.0
02/05/1989,0.0
03/05/1989,18.9
04/05/1989,2.6
05/05/1989,31.5
06/05/1989,0.5
07/05/1989,35.5
08/05/1989,0.5
09/05/1989,39.5
10/05/1989,0.0
11/05/1989,3.0
12/05/1989,0.0
13/05/1989,6.5
14/05/1989,18.5
15/05/1989,0.0
16/05/1989,19.0
17/05/1989,0.5
18/05/1989,25.0
19/05/1989,1.5
20/05/1989,7.5
21/05/1989,0.5
22/05/1989,8.0
23/05/1989,8.5
24/05/1989,55.5
25/05/1989,0.0
26/05/1989,4.5
27/05/1989,0.0
28/05/1989,9.5
29/05/1989,5.0
30/05/1989,82.5
31/05/1989,0.0
01/06/1989,0.0
02/06/1989,2.0
03/06/1989,0.0
04/06/1989,9.0
05/06/1989,0.0
06/06/1989,27.0
07/06/1989,0.0
08/06/1989,23.0
09/06/1989,6.0
10/06/1989,0.0
11/06/1989,0.0
12/06/1989,12.5
13/06/1989,0.0
14/06/1989,0.0
15/06/1989,15.0
16/06/1989,3.0
17/06/1989,0.0
18/06/1989,0.0
19/06/1989,13.0
20/06/1989,0.0
21/06/1989,0.0
22/06/1989,0.0
23/06/1989,0.0
24/06/1989,0.0
25/06/1989,0.0
26/06/1989,10.0
27/06/1989,0.0
28/06/1989,28.5
29/06/1989,0.0
30/06/1989,0.0
01/07/1989,27.5
02/07/1989,41.5
03/07/1989,38.0
04/07/1989,0.0
05/07/1989,0.0
06/07/1989,2.5
07/07/1989,13.0
08/07/1989,29.5
09/07/1989,5.0
10/07/1989,0.0
11/07/1989,0.0
12/07/1989,0.5
13/07/1989,0.0
14/07/1989,0.0
15/07/1989,55.0
16/07/1989,0.0
17/07/1989,0.0
18/07/1989,31.0
19/07/1989,0.0
20/07/1989,0.0
21/07/1989,0.0
22/07/1989,0.0
23/07/1989,0.0
24/07/1989,0.0
25/07/1989,0.0
26/07/1989,0.0
27/07/1989,0.0
28/07/1989,9.3
29/07/1989,7.7
30/07/1989,6.5
31/07/1989,16.2
01/08/1989,6.8
02/08/1989,0.0
03/08/1989,3.0
04/08/1989,0.0
05/08/1989,0.0
06/08/1989,0.0
07/08/1989,48.0
08/08/1989,9.0
09/08/1989,12.0
10/08/1989,0.0
11/08/1989,0.0
12/08/1989,0.0
13/08/1989,0.0
14/08/1989,0.0
15/08/1989,15.0
16/08/1989,34.5
17/08/1989,2.0
18/08/1989,16.0
19/08/1989,0.5
20/08/1989,0.0
21/08/1989,0.0
22/08/1989,0.0
23/08/1989,0.0
24/08/1989,28.0
25/08/1989,0.0
26/08/1989,0.5
27/08/1989,0.0
28/08/1989,0.5
29/08/1989,0.0
30/08/1989,0.0
31/08/1989,0.0
01/09/1989,0.0
02/09/1989,17.0
03/09/1989,0.5
04/09/1989,0.5
05/09/1989,0.0
06/09/1989,0.0
07/09/1989,0.0
08/09/1989,19.5
09/09/1989,11.0
10/09/1989,2.5
11/09/1989,0.0
12/09/1989,11.0
13/09/1989,4.5
14/09/1989,34.5
15/09/1989,1.5
16/09/1989,3.5
17/09/1989,1.0
18/09/1989,0.0
19/09/1989,4.5
20/09/1989,5.5
21/09/1989,0.0
22/09/1989,3.5
23/09/1989,10.0
24/09/1989,0.0
25/09/1989,6.0
26/09/1989,0.0
27/09/1989,14.0
28/09/1989,9.5
29/09/1989,25.0
30/09/1989,3.5
01/10/1989,0.0
02/10/1989,8.4
03/10/1989,2.1
04/10/1989,0.0
05/10/1989,0.0
06/10/1989,0.5
07/10/1989,8.0
08/10/1989,0.0
09/10/1989,0.0
10/10/1989,0.0
11/10/1989,1.0
12/10/1989,2.0
13/10/1989,13.0
14/10/1989,0.0
15/10/1989,9.0
16/10/1989,15.5
17/10/1989,39.0
18/10/1989,30.5
19/10/1989,0.5
20/10/1989,0.0
21/10/1989,3.0
22/10/1989,0.0
23/10/1989,11.5
24/10/1989,0.0
25/10/1989,0.0
26/10/1989,65.5
27/10/1989,4.0
28/10/1989,4.5
29/10/1989,8.0
30/10/1989,0.0
31/10/1989,0.0
01/11/1989,6.5
02/11/1989,0.0
03/11/1989,33.0
04/11/1989,25.5
05/11/1989,89.5
06/11/1989,11.5
07/11/1989,3.5
08/11/1989,0.5
09/11/1989,1.5
10/11/1989,7.0
11/11/1989,10.5
12/11/1989,0.5
13/11/1989,0.0
14/11/1989,18.5
15/11/1989,69.0
16/11/1989,45.0
17/11/1989,42.7
18/11/1989,42.3
19/11/1989,7.5
20/11/1989,0.0
21/11/1989,9.0
22/11/1989,5.0
23/11/1989,0.0
24/11/1989,0.0
25/11/1989,1.5
26/11/1989,3.0
27/11/1989,0.0
28/11/1989,19.5
29/11/1989,13.5
30/11/1989,36.0
01/12/1989,33.5
02/12/1989,3.0
03/12/1989,3.5
04/12/1989,0.5
05/12/1989,0.0
06/12/1989,0.0
07/12/1989,0.0
08/12/1989,0.0
09/12/1989,2.5
10/12/1989,0.0
11/12/1989,2.0
12/12/1989,42.5
13/12/1989,1.3
14/12/1989,4.7
15/12/1989,0.0
16/12/1989,0.0
17/12/1989,0.0
18/12/1989,1.7
19/12/1989,4.8
20/12/1989,2.0
21/12/1989,0.0
22/12/1989,1.0
23/12/1989,12.0
24/12/1989,19.0
25/12/1989,0.0
26/12/1989,0.0
27/12/1989,0.0
28/12/1989,12.0
29/12/1989,0.0
30/12/1989,50.5
31/12/1989,3.5
01/01/1990,1.0
02/01/1990,0.0
03/01/1990,0.0
04/01/1990,0.0
05/01/1990,1.5
06/01/1990,0.0
07/01/1990,0.5
08/01/1990,120.0
09/01/1990,23.0
10/01/1990,0.0
11/01/1990,5.5
12/01/1990,84.0
13/01/1990,63.0
14/01/1990,3.5
15/01/1990,4.5
16/01/1990,0.0
17/01/1990,0.0
18/01/1990,0.0
19/01/1990,0.0
20/01/1990,0.0
21/01/1990,23.5
22/01/1990,8.0
23/01/1990,1.5
24/01/1990,1.0
25/01/1990,0.0
26/01/1990,0.0
27/01/1990,0.0
28/01/1990,0.0
29/01/1990,0.0
30/01/1990,0.0
31/01/1990,0.5
01/02/1990,0.0
02/02/1990,3.0
03/02/1990,35.5
04/02/1990,9.5
05/02/1990,7.5
06/02/1990,23.7
07/02/1990,44.3
08/02/1990,8.0
09/02/1990,4.0
10/02/1990,15.0
11/02/1990,4.0
12/02/1990,0.5
13/02/1990,0.0
14/02/1990,0.0
15/02/1990,0.0
16/02/1990,0.0
17/02/1990,0.0
18/02/1990,0.0
19/02/1990,0.0
20/02/1990,0.0
21/02/1990,0.0
22/02/1990,0.0
23/02/1990,0.0
24/02/1990,0.0
25/02/1990,0.0
26/02/1990,0.0
27/02/1990,0.0
28/02/1990,0.0
01/03/1990,0.0
02/03/1990,0.0
03/03/1990,0.0
04/03/1990,0.0
05/03/1990,0.0
06/03/1990,0.0
07/03/1990,2.0
08/03/1990,0.5
09/03/1990,0.0
10/03/1990,5.5
11/03/1990,0.0
12/03/1990,0.0
13/03/1990,0.0
14/03/1990,0.0
15/03/1990,0.0
16/03/1990,0.5
17/03/1990,0.0
18/03/1990,0.0
19/03/1990,2.0
20/03/1990,0.0
21/03/1990,0.0
22/03/1990,3.0
23/03/1990,17.0
24/03/1990,0.0
25/03/1990,0.0
26/03/1990,0.0
27/03/1990,0.0
28/03/1990,0.0
29/03/1990,12.5
30/03/1990,0.0
31/03/1990,0.0
01/04/1990,0.0
02/04/1990,0.0
03/04/1990,0.0
04/04/1990,0.0
05/04/1990,0.0
06/04/1990,85.5
07/04/1990,25.0
08/04/1990,0.0
09/04/1990,29.0
10/04/1990,1.5
11/04/1990,2.0
12/04/1990,22.0
13/04/1990,18.0
14/04/1990,5.0
15/04/1990,3.0
16/04/1990,1.0
17/04/1990,6.0
18/04/1990,4.0
19/04/1990,0.0
20/04/1990,0.0
21/04/1990,12.0
22/04/1990,4.0
23/04/1990,24.0
24/04/1990,0.0
25/04/1990,14.0
26/04/1990,0.0
27/04/1990,2.0
28/04/1990,1.0
29/04/1990,31.0
30/04/1990,2.5
01/05/1990,0.5
02/05/1990,0.0
03/05/1990,2.0
04/05/1990,0.0
05/05/1990,0.5
06/05/1990,0.0
07/05/1990,0.0
08/05/1990,22.5
09/05/1990,3.0
10/05/1990,0.0
11/05/1990,0.0
12/05/1990,0.0
13/05/1990,9.0
14/05/1990,0.0
15/05/1990,0.0
16/05/1990,10.0
17/05/1990,4.9
18/05/1990,12.1
19/05/1990,37.0
20/05/1990,2.0
21/05/1990,0.5
22/05/1990,20.5
23/05/1990,2.5
24/05/1990,0.5
25/05/1990,1.0
26/05/1990,0.5
27/05/1990,0.0
28/05/1990,0.0
29/05/1990,18.5
30/05/1990,27.0
31/05/1990,20.0
01/06/1990,0.5
02/06/1990,0.0
03/06/1990,0.0
04/06/1990,0.5
05/06/1990,0.0
06/06/1990,0.0
07/06/1990,17.5
08/06/1990,4.0
09/06/1990,5.0
10/06/1990,5.5
11/06/1990,0.0
12/06/1990,0.0
13/06/1990,0.0
14/06/1990,34.0
15/06/1990,0.0
16/06/1990,0.0
17/06/1990,0.0
18/06/1990,0.0
19/06/1990,23.5
20/06/1990,6.5
21/06/1990,0.0
22/06/1990,13.0
23/06/1990,1.5
24/06/1990,0.0
25/06/1990,10.5
26/06/1990,40.0
27/06/1990,0.0
28/06/1990,0.0
29/06/1990,0.5
30/06/1990,3.5
01/07/1990,0.5
02/07/1990,10.0
03/07/1990,0.0
04/07/1990,0.0
05/07/1990,0.0
06/07/1990,29.5
07/07/1990,78.5
08/07/1990,0.5
09/07/1990,3.0
10/07/1990,0.5
11/07/1990,43.5
12/07/1990,15.5
13/07/1990,0.0
14/07/1990,0.5
15/07/1990,5.0
16/07/1990,0.0
17/07/1990,0.0
18/07/1990,0.0
19/07/1990,6.0
20/07/1990,26.7
21/07/1990,49.5
22/07/1990,2.3
23/07/1990,5.0
24/07/1990,7.5
25/07/1990,17.5
26/07/1990,28.5
27/07/1990,6.0
28/07/1990,0.0
29/07/1990,0.0
30/07/1990,0.0
31/07/1990,0.0
01/08/1990,0.0
02/08/1990,0.0
03/08/1990,10.5
04/08/1990,0.5
05/08/1990,58.5
06/08/1990,0.0
07/08/1990,19.5
08/08/1990,17.5
09/08/1990,5.0
10/08/1990,0.5
11/08/1990,0.0
12/08/1990,0.0
13/08/1990,32.5
14/08/1990,1.0
15/08/1990,7.5
16/08/1990,2.5
17/08/1990,1.0
18/08/1990,0.0
19/08/1990,0.0
20/08/1990,0.0
21/08/1990,0.0
22/08/1990,0.0
23/08/1990,0.5
24/08/1990,0.0
25/08/1990,0.0
26/08/1990,0.0
27/08/1990,0.0
28/08/1990,9.5
29/08/1990,0.0
30/08/1990,19.0
31/08/1990,5.5
01/09/1990,35.0
02/09/1990,12.5
03/09/1990,33.0
04/09/1990,0.5
05/09/1990,9.0
06/09/1990,0.0
07/09/1990,29.5
08/09/1990,0.0
09/09/1990,3.0
10/09/1990,0.0
11/09/1990,1.5
12/09/1990,4.5
13/09/1990,0.0
14/09/1990,0.0
15/09/1990,0.0
16/09/1990,8.9
17/09/1990,10.6
18/09/1990,16.0
19/09/1990,6.5
20/09/1990,0.0
21/09/1990,1.0
22/09/1990,3.0
23/09/1990,56.0
24/09/1990,10.5
25/09/1990,0.0
26/09/1990,0.0
27/09/1990,0.0
28/09/1990,0.0
29/09/1990,26.5
30/09/1990,4.6
01/10/1990,19.9
02/10/1990,0.5
03/10/1990,0.0
04/10/1990,8.5
05/10/1990,35.0
06/10/1990,0.0
07/10/1990,0.0
08/10/1990,0.0
09/10/1990,0.0
10/10/1990,0.0
11/10/1990,4.0
12/10/1990,7.0
13/10/1990,64.5
14/10/1990,43.7
15/10/1990,1.8
16/10/1990,0.5
17/10/1990,6.0
18/10/1990,5.0
19/10/1990,0.5
20/10/1990,0.0
21/10/1990,2.5
22/10/1990,0.0
23/10/1990,0.0
24/10/1990,7.0
25/10/1990,0.0
26/10/1990,10.5
27/10/1990,0.0
28/10/1990,1.5
29/10/1990,0.0
30/10/1990,24.5
31/10/1990,22.5
01/11/1990,0.5
02/11/1990,33.0
03/11/1990,0.0
04/11/1990,9.1
05/11/1990,8.4
06/11/1990,53.0
07/11/1990,4.5
08/11/1990,0.5
09/11/1990,54.0
10/11/1990,0.0
11/11/1990,0.0
12/11/1990,23.5
13/11/1990,23.5
14/11/1990,0.0
15/11/1990,0.0
16/11/1990,0.0
17/11/1990,37.0
18/11/1990,16.0
19/11/1990,0.0
20/11/1990,0.0
21/11/1990,1.0
22/11/1990,6.0
23/11/1990,144.5
24/11/1990,117.0
25/11/1990,244.4
26/11/1990,162.1
27/11/1990,42.5
28/11/1990,3.0
29/11/1990,0.0
30/11/1990,1.0
01/12/1990,0.0
02/12/1990,0.5
03/12/1990,0.0
04/12/1990,7.5
05/12/1990,7.0
06/12/1990,2.0
07/12/1990,12.0
08/12/1990,12.0
09/12/1990,12.5
10/12/1990,25.0
11/12/1990,93.5
12/12/1990,122.0
13/12/1990,0.0
14/12/1990,14.5
15/12/1990,20.0
16/12/1990,30.5
17/12/1990,26.5
18/12/1990,13.0
19/12/1990,62.0
20/12/1990,0.0
21/12/1990,3.0
22/12/1990,0.0
23/12/1990,1.0
24/12/1990,0.0
25/12/1990,0.0
26/12/1990,0.0
27/12/1990,0.0
28/12/1990,12.0
29/12/1990,1.0
30/12/1990,0.0
31/12/1990,0.0
01/01/1991,5.5
02/01/1991,8.5
03/01/1991,6.5
04/01/1991,0.5
05/01/1991,0.0
06/01/1991,0.0
07/01/1991,0.5
08/01/1991,0.5
09/01/1991,2.0
10/01/1991,0.0
11/01/1991,0.0
12/01/1991,0.0
13/01/1991,107.0
14/01/1991,5.0
15/01/1991,36.0
16/01/1991,9.0
17/01/1991,14.5
18/01/1991,2.0
19/01/1991,3.0
20/01/1991,2.5
21/01/1991,0.0
22/01/1991,37.5
23/01/1991,0.0
24/01/1991,22.5
25/01/1991,13.5
26/01/1991,174.5
27/01/1991,175.8
28/01/1991,96.2
29/01/1991,1.0
30/01/1991,12.0
31/01/1991,30.5
01/02/1991,0.0
02/02/1991,0.0
03/02/1991,0.0
04/02/1991,0.0
05/02/1991,0.0
06/02/1991,0.0
07/02/1991,0.0
08/02/1991,0.0
09/02/1991,0.0
10/02/1991,0.0
11/02/1991,0.0
12/02/1991,0.0
13/02/1991,0.0
14/02/1991,0.0
15/02/1991,0.0
16/02/1991,0.0
17/02/1991,0.0
18/02/1991,0.0
19/02/1991,0.0
20/02/1991,0.0
21/02/1991,0.0
22/02/1991,23.0
23/02/1991,7.0
24/02/1991,0.5
25/02/1991,2.0
26/02/1991,16.0
27/02/1991,6.0
28/02/1991,26.0
01/03/1991,3.0
02/03/1991,0.0
03/03/1991,0.0
04/03/1991,0.0
05/03/1991,0.0
06/03/1991,0.0
07/03/1991,0.0
08/03/1991,0.0
09/03/1991,0.0
10/03/1991,0.0
11/03/1991,0.0
14/04/1991,0.0
15/04/1991,0.0
16/04/1991,0.0
17/04/1991,0.0
18/04/1991,0.0
19/04/1991,0.0
20/04/1991,0.0
21/04/1991,0.0
22/04/1991,0.0
23/04/1991,0.0
24/04/1991,1.5
25/04/1991,1.0
26/04/1991,0.0
27/04/1991,2.0
28/04/1991,0.0
29/04/1991,1.5
30/04/1991,7.5
01/05/1991,7.5
02/05/1991,0.0
03/05/1991,18.5
04/05/1991,0.0
05/05/1991,0.0
06/05/1991,20.5
07/05/1991,0.0
08/05/1991,0.0
09/05/1991,0.0
10/05/1991,0.0
11/05/1991,0.0
12/05/1991,0.0
13/05/1991,0.0
14/05/1991,1.0
15/05/1991,32.5
16/05/1991,0.0
17/05/1991,0.0
18/05/1991,0.0
19/05/1991,0.0
20/05/1991,7.0
21/05/1991,0.0
22/05/1991,0.0
23/05/1991,17.0
24/05/1991,1.0
25/05/1991,0.0
26/05/1991,0.0
27/05/1991,0.0
28/05/1991,29.5
29/05/1991,0.5
30/05/1991,0.5
31/05/1991,0.5
01/06/1991,12.0
02/06/1991,0.0
03/06/1991,28.0
04/06/1991,19.5
05/06/1991,38.0
06/06/1991,0.5
07/06/1991,2.0
08/06/1991,1.0
09/06/1991,0.0
10/06/1991,37.0
11/06/1991,0.0
12/06/1991,0.0
13/06/1991,0.0
14/06/1991,7.0
15/06/1991,0.0
16/06/1991,1.5
17/06/1991,0.0
18/06/1991,0.0
19/06/1991,0.0
20/06/1991,0.0
21/06/1991,0.0
22/06/1991,0.0
23/06/1991,0.0
24/06/1991,48.0
25/06/1991,0.0
26/06/1991,0.0
27/06/1991,0.0
28/06/1991,0.0
29/06/1991,0.0
30/06/1991,0.0
01/07/1991,2.0
02/07/1991,0.0
03/07/1991,58.5
04/07/1991,0.0
05/07/1991,0.0
06/07/1991,0.0
07/07/1991,0.0
08/07/1991,0.0
09/07/1991,0.0
10/07/1991,0.0
11/07/1991,0.0
12/07/1991,0.0
13/07/1991,0.0
14/07/1991,0.0
15/07/1991,0.0
16/07/1991,0.0
17/07/1991,0.0
18/07/1991,0.0
19/07/1991,0.0
20/07/1991,0.0
21/07/1991,0.0
22/07/1991,0.0
23/07/1991,0.0
24/07/1991,0.0
25/07/1991,0.0
26/07/1991,0.0
27/07/1991,0.0
28/07/1991,0.0
29/07/1991,0.0
30/07/1991,0.0
31/07/1991,0.0
01/08/1991,0.0
02/08/1991,0.0
03/08/1991,0.0
04/08/1991,0.0
05/08/1991,0.0
06/08/1991,0.0
07/08/1991,0.0
08/08/1991,0.0
09/08/1991,0.0
10/08/1991,0.0
11/08/1991,0.0
12/08/1991,0.0
13/08/1991,0.0
14/08/1991,0.0
15/08/1991,0.0
16/08/1991,0.0
17/08/1991,0.0
18/08/1991,0.0
19/08/1991,0.0
20/08/1991,0.0
21/08/1991,0.0
22/08/1991,0.0
23/08/1991,0.0
24/08/1991,0.0
25/08/1991,0.0
26/08/1991,0.5
27/08/1991,22.0
28/08/1991,45.5
29/08/1991,24.5
30/08/1991,4.5
31/08/1991,0.0
01/09/1991,3.0
02/09/1991,21.5
03/09/1991,9.0
04/09/1991,0.0
05/09/1991,0.0
06/09/1991,0.0
07/09/1991,0.0
08/09/1991,0.0
09/09/1991,0.0
10/09/1991,0.0
11/09/1991,0.0
12/09/1991,30.0
13/09/1991,0.5
14/09/1991,1.5
15/09/1991,29.5
16/09/1991,16.5
17/09/1991,4.0
18/09/1991,28.5
19/09/1991,16.0
20/09/1991,0.5
21/09/1991,4.5
22/09/1991,1.5
23/09/1991,12.5
24/09/1991,20.3
25/09/1991,12.2
26/09/1991,3.0
27/09/1991,16.5
28/09/1991,20.5
29/09/1991,0.0
30/09/1991,0.0
01/10/1991,0.0
02/10/1991,27.0
03/10/1991,7.5
04/10/1991,1.5
05/10/1991,24.5
06/10/1991,16.5
07/10/1991,0.0
08/10/1991,0.0
09/10/1991,1.5
10/10/1991,0.0
11/10/1991,2.7
12/10/1991,2.8
13/10/1991,48.0
14/10/1991,5.0
15/10/1991,0.0
16/10/1991,0.0
17/10/1991,0.0
18/10/1991,5.5
19/10/1991,2.5
20/10/1991,1.0
21/10/1991,0.5
22/10/1991,0.0
23/10/1991,5.0
24/10/1991,0.0
25/10/1991,12.0
26/10/1991,3.5
27/10/1991,5.5
28/10/1991,0.0
29/10/1991,2.5
30/10/1991,0.0
31/10/1991,24.0
01/11/1991,1.5
02/11/1991,0.0
03/11/1991,0.0
04/11/1991,22.0
05/11/1991,27.0
06/11/1991,3.0
07/11/1991,11.5
08/11/1991,94.0
09/11/1991,5.5
10/11/1991,47.0
11/11/1991,4.5
12/11/1991,15.5
13/11/1991,8.0
14/11/1991,0.0
15/11/1991,33.9
16/11/1991,232.6
17/11/1991,47.5
18/11/1991,12.0
19/11/1991,166.5
20/11/1991,3.5
21/11/1991,27.0
22/11/1991,56.5
23/11/1991,77.0
15/02/1992,0.0
16/02/1992,0.0
17/02/1992,0.0
18/02/1992,0.0
19/02/1992,27.0
20/02/1992,0.5
21/02/1992,0.0
22/02/1992,1.5
23/02/1992,12.0
24/02/1992,5.0
25/02/1992,32.5
26/02/1992,0.0
27/02/1992,0.0
28/02/1992,6.5
29/02/1992,0.5
01/03/1992,0.0
02/03/1992,11.0
03/03/1992,6.5
04/03/1992,0.0
05/03/1992,26.0
06/03/1992,0.0
07/03/1992,37.5
08/03/1992,0.0
09/03/1992,0.0
10/03/1992,0.0
11/03/1992,0.0
12/03/1992,0.0
13/03/1992,0.0
14/03/1992,0.0
15/03/1992,0.0
16/03/1992,0.0
17/03/1992,0.0
18/03/1992,0.0
19/03/1992,0.0
20/03/1992,0.0
21/03/1992,0.0
22/03/1992,0.0
23/03/1992,0.0
24/03/1992,0.0
25/03/1992,0.0
26/03/1992,0.0
27/03/1992,0.0
28/03/1992,0.0
29/03/1992,0.0
30/03/1992,0.0
31/03/1992,0.0
01/04/1992,0.0
02/04/1992,0.0
03/04/1992,0.0
04/04/1992,2.0
05/04/1992,4.0
06/04/1992,2.5
07/04/1992,0.0
08/04/1992,1.0
09/04/1992,2.5
10/04/1992,0.0
11/04/1992,0.0
12/04/1992,0.0
13/04/1992,0.0
14/04/1992,0.0
15/04/1992,0.0
16/04/1992,0.0
17/04/1992,0.0
18/04/1992,0.0
19/04/1992,0.0
20/04/1992,0.0
21/04/1992,0.0
22/04/1992,0.0
23/04/1992,0.0
24/04/1992,0.0
25/04/1992,0.0
26/04/1992,8.5
27/04/1992,0.0
28/04/1992,0.0
29/04/1992,0.0
30/04/1992,0.0
01/05/1992,0.0
02/05/1992,0.0
03/05/1992,0.0
04/05/1992,0.0
05/05/1992,0.0
06/05/1992,0.0
07/05/1992,0.0
08/05/1992,0.0
09/05/1992,0.0
10/05/1992,0.0
11/05/1992,0.0
12/05/1992,0.0
13/05/1992,0.0
14/05/1992,0.0
15/05/1992,0.0
16/05/1992,0.0
17/05/1992,0.0
18/05/1992,0.0
19/05/1992,0.0
20/05/1992,0.0
21/05/1992,0.0
22/05/1992,0.0
23/05/1992,0.0
24/05/1992,0.0
25/05/1992,0.0
26/05/1992,0.0
27/05/1992,0.0
28/05/1992,0.0
29/05/1992,0.0
30/05/1992,2.0
31/05/1992,0.5
01/06/1992,0.0
02/06/1992,0.0
03/06/1992,0.0
04/06/1992,0.0
05/06/1992,0.0
06/06/1992,0.0
07/06/1992,0.0
08/06/1992,0.0
09/06/1992,0.0
10/06/1992,0.0
11/06/1992,0.0
12/06/1992,0.0
13/06/1992,0.0
14/06/1992,0.5
15/06/1992,0.0
16/06/1992,0.0
17/06/1992,0.0
18/06/1992,0.0
19/06/1992,0.0
20/06/1992,0.5
21/06/1992,0.0
22/06/1992,0.0
23/06/1992,0.0
24/06/1992,0.0
25/06/1992,0.0
26/06/1992,0.0
27/06/1992,0.0
28/06/1992,0.5
29/06/1992,0.5
30/06/1992,0.5
01/07/1992,0.0
02/07/1992,0.0
03/07/1992,0.0
04/07/1992,0.0
05/07/1992,0.0
06/07/1992,0.0
07/07/1992,0.0
08/07/1992,0.0
09/07/1992,0.0
10/07/1992,0.0
15/09/1992,1.0
16/09/1992,8.0
17/09/1992,0.0
18/09/1992,17.5
19/09/1992,3.0
20/09/1992,2.2
21/09/1992,7.3
22/09/1992,0.0
23/09/1992,11.0
24/09/1992,1.5
25/09/1992,0.0
26/09/1992,8.5
27/09/1992,0.0
28/09/1992,5.5
29/09/1992,1.0
30/09/1992,0.0
01/10/1992,17.0
02/10/1992,36.5
03/10/1992,32.5
04/10/1992,70.5
05/10/1992,4.5
06/10/1992,0.0
07/10/1992,36.0
08/10/1992,44.0
09/10/1992,8.5
10/10/1992,10.7
11/10/1992,22.8
12/10/1992,0.0
13/10/1992,0.0
14/10/1992,0.0
15/10/1992,0.5
16/10/1992,0.0
19/10/1992,0.0
20/10/1992,2.0
21/10/1992,7.5
22/10/1992,0.5
23/10/1992,0.0
29/10/1992,0.5
30/10/1992,5.5
31/10/1992,0.0
01/11/1992,0.0
02/11/1992,3.4
03/11/1992,5.6
04/11/1992,0.0
14/11/1992,0.0
15/11/1992,2.0
16/11/1992,160.5
17/11/1992,22.6
18/11/1992,92.4
19/11/1992,70.0
20/11/1992,4.0
21/11/1992,170.7
22/11/1992,11.3
23/11/1992,39.5
24/11/1992,2.0
25/11/1992,25.0
26/11/1992,1.0
27/11/1992,12.5
28/11/1992,1.5
29/11/1992,4.0
30/11/1992,2.0
01/12/1992,2.0
02/12/1992,1.0
03/12/1992,8.0
04/12/1992,14.1
05/12/1992,28.5
06/12/1992,69.0
07/12/1992,158.3
08/12/1992,72.6
09/12/1992,167.7
10/12/1992,17.8
11/12/1992,1.5
12/12/1992,28.0
13/12/1992,0.0
14/12/1992,0.0
15/12/1992,0.0
16/12/1992,0.0
17/12/1992,9.5
18/12/1992,10.0
19/12/1992,34.7
20/12/1992,15.3
21/12/1992,45.5
22/12/1992,24.0
23/12/1992,138.9
24/12/1992,182.6
25/12/1992,132.0
26/12/1992,43.5
27/12/1992,1.0
28/12/1992,0.5
29/12/1992,6.5
30/12/1992,2.0
31/12/1992,10.9
01/01/1993,12.6
02/01/1993,0.5
03/01/1993,17.0
04/01/1993,22.4
05/01/1993,26.6
06/01/1993,0.0
07/01/1993,1.0
08/01/1993,5.5
09/01/1993,3.0
10/01/1993,15.0
11/01/1993,1.5
12/01/1993,0.8
13/01/1993,4.2
14/01/1993,6.5
15/01/1993,2.5
16/01/1993,1.0
17/01/1993,30.0
18/01/1993,30.0
19/01/1993,5.5
20/01/1993,13.5
21/01/1993,8.5
22/01/1993,11.0
23/01/1993,0.0
24/01/1993,0.5
25/01/1993,0.0
26/01/1993,0.0
27/01/1993,13.5
28/01/1993,34.5
29/01/1993,11.5
30/01/1993,0.5
31/01/1993,0.5
01/02/1993,4.5
02/02/1993,23.5
03/02/1993,1.5
04/02/1993,0.0
05/02/1993,0.0
06/02/1993,0.0
07/02/1993,0.0
08/02/1993,0.0
09/02/1993,0.0
10/02/1993,31.0
11/02/1993,4.0
12/02/1993,1.5
13/02/1993,0.0
14/02/1993,0.0
15/02/1993,0.0
16/02/1993,9.0
17/02/1993,0.0
18/02/1993,0.0
19/02/1993,0.0
20/02/1993,0.0
21/02/1993,0.0
22/02/1993,0.0
23/02/1993,0.0
24/02/1993,0.0
25/02/1993,1.5
26/02/1993,63.0
27/02/1993,4.0
28/02/1993,0.0
01/03/1993,27.5
02/03/1993,21.5
03/03/1993,0.0
04/03/1993,0.0
05/03/1993,0.0
06/03/1993,0.0
07/03/1993,8.0
08/03/1993,10.0
09/03/1993,7.0
10/03/1993,58.5
11/03/1993,44.0
12/03/1993,8.0
13/03/1993,13.0
14/03/1993,28.0
15/03/1993,24.5
16/03/1993,5.0
17/03/1993,0.0
18/03/1993,0.0
19/03/1993,0.0
20/03/1993,0.5
21/03/1993,4.5
22/03/1993,0.0
23/03/1993,0.0
24/03/1993,2.5
25/03/1993,0.0
26/03/1993,0.0
27/03/1993,0.0
28/03/1993,0.0
29/03/1993,0.0
30/03/1993,0.0
31/03/1993,0.0
01/04/1993,0.0
02/04/1993,1.0
03/04/1993,11.0
04/04/1993,0.0
05/04/1993,0.0
06/04/1993,0.0
07/04/1993,0.0
08/04/1993,0.0
09/04/1993,31.0
10/04/1993,21.5
11/04/1993,3.0
12/04/1993,11.5
13/04/1993,6.0
14/04/1993,31.0
15/04/1993,0.0
16/04/1993,2.5
17/04/1993,10.0
18/04/1993,65.5
19/04/1993,1.0
20/04/1993,0.0
21/04/1993,0.0
22/04/1993,0.0
23/04/1993,0.0
24/04/1993,0.0
25/04/1993,0.0
26/04/1993,0.0
27/04/1993,0.0
28/04/1993,0.0
29/04/1993,0.0
30/04/1993,0.0
01/05/1993,0.0
02/05/1993,0.0
03/05/1993,0.0
04/05/1993,0.0
05/05/1993,0.0
06/05/1993,0.0
07/05/1993,0.0
08/05/1993,0.0
09/05/1993,10.0
10/05/1993,0.5
11/05/1993,0.0
12/05/1993,0.0
13/05/1993,0.0
14/05/1993,0.0
15/05/1993,12.0
16/05/1993,0.5
17/05/1993,5.5
18/05/1993,7.5
19/05/1993,11.5
20/05/1993,0.5
21/05/1993,0.0
22/05/1993,0.0
23/05/1993,0.0
24/05/1993,0.0
25/05/1993,0.0
26/05/1993,0.0
27/05/1993,0.0
28/05/1993,0.0
29/05/1993,0.0
30/05/1993,0.0
31/05/1993,0.0
01/06/1993,0.0
02/06/1993,12.5
03/06/1993,5.5
04/06/1993,40.5
05/06/1993,7.5
06/06/1993,0.0
07/06/1993,0.0
08/06/1993,29.5
09/06/1993,0.0
10/06/1993,0.0
11/06/1993,0.5
12/06/1993,0.0
13/06/1993,38.0
14/06/1993,7.0
15/06/1993,0.0
16/06/1993,0.0
17/06/1993,18.0
18/06/1993,0.0
19/06/1993,8.0
20/06/1993,0.0
21/06/1993,4.5
22/06/1993,3.0
23/06/1993,0.5
24/06/1993,0.0
25/06/1993,0.0
26/06/1993,18.5
27/06/1993,0.0
28/06/1993,0.0
29/06/1993,0.0
30/06/1993,0.0
01/07/1993,0.5
02/07/1993,2.5
03/07/1993,5.5
04/07/1993,0.0
05/07/1993,1.5
06/07/1993,0.5
07/07/1993,1.0
08/07/1993,0.5
09/07/1993,0.5
10/07/1993,0.0
11/07/1993,0.0
12/07/1993,0.0
13/07/1993,0.0
14/07/1993,1.5
15/07/1993,0.0
16/07/1993,11.5
17/07/1993,0.5
18/07/1993,0.0
19/07/1993,5.5
20/07/1993,41.0
21/07/1993,40.0
22/07/1993,1.5
23/07/1993,0.0
24/07/1993,8.0
25/07/1993,26.3
26/07/1993,1.7
27/07/1993,0.0
28/07/1993,0.0
29/07/1993,0.0
30/07/1993,0.5
31/07/1993,0.0
01/08/1993,0.0
02/08/1993,0.0
03/08/1993,0.0
04/08/1993,0.0
05/08/1993,3.5
06/08/1993,0.0
07/08/1993,2.5
08/08/1993,0.0
09/08/1993,0.0
10/08/1993,0.0
11/08/1993,0.0
12/08/1993,0.0
13/08/1993,1.0
14/08/1993,1.0
15/08/1993,0.0
16/08/1993,3.5
17/08/1993,1.5
18/08/1993,0.0
19/08/1993,0.0
20/08/1993,19.0
21/08/1993,1.5
22/08/1993,0.0
23/08/1993,0.0
24/08/1993,0.0
25/08/1993,0.0
26/08/1993,5.5
27/08/1993,0.0
28/08/1993,0.0
29/08/1993,0.0
30/08/1993,0.0
31/08/1993,0.0
01/09/1993,0.5
02/09/1993,0.0
03/09/1993,0.0
04/09/1993,0.0
05/09/1993,0.5
06/09/1993,0.0
07/09/1993,1.0
08/09/1993,0.0
09/09/1993,0.0
10/09/1993,5.1
11/09/1993,26.4
12/09/1993,27.0
13/09/1993,0.0
14/09/1993,0.0
15/09/1993,0.5
16/09/1993,18.0
17/09/1993,11.0
18/09/1993,0.0
19/09/1993,10.0
20/09/1993,0.0
21/09/1993,1.0
22/09/1993,0.0
23/09/1993,41.0
24/09/1993,0.0
25/09/1993,2.0
26/09/1993,38.5
27/09/1993,37.0
28/09/1993,26.0
29/09/1993,2.5
30/09/1993,10.5
01/10/1993,0.0
02/10/1993,43.1
03/10/1993,6.9
04/10/1993,21.5
05/10/1993,2.0
06/10/1993,0.0
07/10/1993,0.0
08/10/1993,0.0
09/10/1993,40.5
10/10/1993,34.5
11/10/1993,55.0
12/10/1993,1.0
13/10/1993,135.7
14/10/1993,4.8
15/10/1993,0.5
16/10/1993,4.0
17/10/1993,2.5
18/10/1993,4.1
19/10/1993,25.4
20/10/1993,0.0
21/10/1993,19.0
22/10/1993,0.0
23/10/1993,8.0
24/10/1993,13.0
25/10/1993,20.0
26/10/1993,3.0
27/10/1993,11.0
28/10/1993,0.0
29/10/1993,7.0
30/10/1993,27.0
31/10/1993,71.0
01/11/1993,0.0
02/11/1993,88.4
03/11/1993,84.6
04/11/1993,67.0
05/11/1993,2.0
06/11/1993,12.5
07/11/1993,24.5
08/11/1993,48.0
09/11/1993,6.0
10/11/1993,3.0
11/11/1993,10.5
12/11/1993,9.5
13/11/1993,0.0
14/11/1993,14.5
15/11/1993,7.5
16/11/1993,0.0
17/11/1993,0.0
18/11/1993,0.0
19/11/1993,7.5
20/11/1993,1.0
21/11/1993,2.5
22/11/1993,22.5
23/11/1993,7.0
24/11/1993,42.9
25/11/1993,47.6
26/11/1993,7.0
27/11/1993,0.0
28/11/1993,7.8
29/11/1993,10.7
30/11/1993,46.5
01/12/1993,54.0
02/12/1993,25.0
03/12/1993,4.0
04/12/1993,9.5
05/12/1993,0.5
06/12/1993,33.5
07/12/1993,295.5
08/12/1993,7.0
09/12/1993,3.0
10/12/1993,21.0
11/12/1993,53.5
12/12/1993,1.7
13/12/1993,0.3
14/12/1993,0.0
15/12/1993,4.8
16/12/1993,11.2
17/12/1993,82.0
18/12/1993,72.0
19/12/1993,2.0
20/12/1993,6.5
21/12/1993,320.5
22/12/1993,175.5
23/12/1993,8.5
24/12/1993,16.9
25/12/1993,11.1
26/12/1993,2.0
27/12/1993,1.0
28/12/1993,0.0
29/12/1993,0.0
30/12/1993,0.0
31/12/1993,0.0
01/01/1994,11.0
02/01/1994,19.0
03/01/1994,20.0
04/01/1994,12.0
05/01/1994,0.3
06/01/1994,11.7
07/01/1994,0.0
08/01/1994,0.0
09/01/1994,0.0
10/01/1994,0.0
11/01/1994,0.0
12/01/1994,0.0
13/01/1994,0.0
14/01/1994,0.0
15/01/1994,0.0
16/01/1994,0.0
17/01/1994,0.0
18/01/1994,0.0
19/01/1994,0.0
20/01/1994,0.0
21/01/1994,1.0
22/01/1994,1.0
23/01/1994,2.5
24/01/1994,0.0
25/01/1994,0.5
26/01/1994,0.0
27/01/1994,2.5
28/01/1994,5.0
29/01/1994,13.5
30/01/1994,32.7
31/01/1994,18.8
01/02/1994,0.5
02/02/1994,3.7
03/02/1994,12.3
04/02/1994,0.5
05/02/1994,3.0
06/02/1994,10.0
07/02/1994,5.5
08/02/1994,0.5
09/02/1994,0.0
10/02/1994,0.0
11/02/1994,0.0
12/02/1994,0.0
13/02/1994,0.0
14/02/1994,34.5
15/02/1994,0.0
16/02/1994,0.0
17/02/1994,0.0
18/02/1994,0.0
19/02/1994,0.0
20/02/1994,0.0
21/02/1994,0.0
22/02/1994,0.0
23/02/1994,0.0
24/02/1994,0.0
25/02/1994,0.0
26/02/1994,0.0
27/02/1994,0.0
28/02/1994,29.5
01/03/1994,1.5
02/03/1994,0.0
03/03/1994,10.0
04/03/1994,2.5
05/03/1994,86.0
06/03/1994,5.0
07/03/1994,6.0
08/03/1994,0.0
09/03/1994,0.0
10/03/1994,3.5
11/03/1994,0.5
12/03/1994,0.0
13/03/1994,6.5
14/03/1994,5.5
15/03/1994,24.9
16/03/1994,32.6
17/03/1994,51.0
18/03/1994,96.5
19/03/1994,7.5
20/03/1994,49.5
21/03/1994,83.0
22/03/1994,26.0
23/03/1994,1.5
24/03/1994,12.5
25/03/1994,27.5
26/03/1994,28.0
27/03/1994,3.0
28/03/1994,37.0
29/03/1994,11.0
30/03/1994,23.5
31/03/1994,0.0
01/04/1994,0.0
02/04/1994,0.0
03/04/1994,1.5
04/04/1994,0.0
05/04/1994,0.0
06/04/1994,0.0
07/04/1994,0.0
08/04/1994,0.0
09/04/1994,38.5
10/04/1994,0.0
11/04/1994,0.0
12/04/1994,0.0
13/04/1994,0.0
14/04/1994,0.0
15/04/1994,4.0
16/04/1994,0.0
17/04/1994,0.0
18/04/1994,0.0
19/04/1994,22.5
20/04/1994,13.5
21/04/1994,0.0
22/04/1994,24.0
23/04/1994,1.0
24/04/1994,0.0
25/04/1994,25.5
26/04/1994,0.0
27/04/1994,0.0
28/04/1994,6.0
29/04/1994,6.5
30/04/1994,0.0
01/05/1994,0.0
02/05/1994,2.0
03/05/1994,51.5
04/05/1994,39.0
05/05/1994,41.7
06/05/1994,55.3
07/05/1994,0.0
08/05/1994,0.0
09/05/1994,8.5
10/05/1994,0.5
11/05/1994,29.6
12/05/1994,25.9
13/05/1994,50.0
14/05/1994,20.0
15/05/1994,9.0
16/05/1994,23.0
17/05/1994,0.0
18/05/1994,40.0
19/05/1994,1.0
20/05/1994,0.0
21/05/1994,0.0
22/05/1994,26.0
23/05/1994,29.5
24/05/1994,14.5
25/05/1994,6.0
26/05/1994,6.0
27/05/1994,0.0
28/05/1994,0.0
29/05/1994,0.0
30/05/1994,0.0
31/05/1994,24.0
01/06/1994,44.0
02/06/1994,0.0
03/06/1994,0.0
04/06/1994,0.0
05/06/1994,0.0
06/06/1994,6.0
07/06/1994,45.0
08/06/1994,0.0
09/06/1994,4.0
10/06/1994,0.0
11/06/1994,28.0
12/06/1994,13.0
13/06/1994,1.0
14/06/1994,0.0
15/06/1994,0.0
16/06/1994,0.0
17/06/1994,0.0
18/06/1994,0.0
19/06/1994,0.0
20/06/1994,0.0
21/06/1994,42.5
22/06/1994,17.5
23/06/1994,0.5
24/06/1994,3.5
25/06/1994,0.0
26/06/1994,22.5
27/06/1994,6.0
28/06/1994,8.0
29/06/1994,0.0
30/06/1994,0.0
01/07/1994,0.0
02/07/1994,51.0
03/07/1994,0.0
04/07/1994,0.0
05/07/1994,10.0
06/07/1994,0.0
07/07/1994,0.0
08/07/1994,0.0
09/07/1994,85.0
10/07/1994,10.5
11/07/1994,0.0
12/07/1994,0.0
13/07/1994,0.0
14/07/1994,0.0
15/07/1994,0.0
16/07/1994,0.0
17/07/1994,0.0
18/07/1994,0.0
19/07/1994,0.0
20/07/1994,0.0
21/07/1994,5.5
22/07/1994,0.0
23/07/1994,0.0
24/07/1994,0.0
25/07/1994,0.0
26/07/1994,0.0
27/07/1994,0.0
28/07/1994,0.0
29/07/1994,0.0
30/07/1994,0.0
31/07/1994,0.0
01/08/1994,0.0
02/08/1994,29.5
03/08/1994,13.4
04/08/1994,11.6
05/08/1994,0.5
06/08/1994,0.0
07/08/1994,2.0
08/08/1994,1.5
09/08/1994,0.0
10/08/1994,0.0
11/08/1994,0.0
12/08/1994,0.0
13/08/1994,17.5
14/08/1994,1.0
15/08/1994,0.0
16/08/1994,0.0
17/08/1994,0.0
18/08/1994,0.0
19/08/1994,0.5
20/08/1994,0.0
21/08/1994,38.5
22/08/1994,0.0
23/08/1994,0.0
24/08/1994,9.5
25/08/1994,0.0
26/08/1994,0.0
27/08/1994,8.0
28/08/1994,4.0
29/08/1994,16.5
30/08/1994,0.0
31/08/1994,0.0
01/09/1994,0.0
02/09/1994,40.9
03/09/1994,27.1
04/09/1994,0.0
05/09/1994,8.5
06/09/1994,64.5
07/09/1994,0.0
08/09/1994,0.0
09/09/1994,0.0
10/09/1994,2.0
11/09/1994,0.5
12/09/1994,3.0
13/09/1994,0.0
14/09/1994,0.0
15/09/1994,0.5
16/09/1994,0.0
17/09/1994,29.0
18/09/1994,31.5
19/09/1994,0.0
20/09/1994,0.0
21/09/1994,2.5
22/09/1994,3.0
23/09/1994,0.5
24/09/1994,0.0
25/09/1994,48.5
26/09/1994,0.5
27/09/1994,8.0
28/09/1994,0.0
29/09/1994,1.5
30/09/1994,0.0
01/10/1994,0.0
02/10/1994,0.0
03/10/1994,0.0
04/10/1994,3.5
05/10/1994,0.0
06/10/1994,0.0
07/10/1994,3.0
08/10/1994,0.0
09/10/1994,0.0
10/10/1994,0.0
11/10/1994,0.0
12/10/1994,20.5
13/10/1994,20.0
14/10/1994,0.5
15/10/1994,0.5
16/10/1994,0.5
17/10/1994,2.0
18/10/1994,3.5
19/10/1994,0.5
20/10/1994,0.5
21/10/1994,0.5
22/10/1994,25.5
23/10/1994,0.0
24/10/1994,18.5
25/10/1994,0.0
26/10/1994,10.5
27/10/1994,1.5
28/10/1994,0.0
29/10/1994,18.0
30/10/1994,5.5
31/10/1994,0.0
01/11/1994,20.5
02/11/1994,18.0
03/11/1994,42.0
04/11/1994,0.0
05/11/1994,44.0
06/11/1994,2.5
07/11/1994,27.8
08/11/1994,165.7
09/11/1994,43.7
10/11/1994,128.8
11/11/1994,118.0
12/11/1994,4.0
13/11/1994,102.5
14/11/1994,20.5
15/11/1994,20.5
16/11/1994,47.3
17/11/1994,60.2
18/11/1994,236.7
19/11/1994,143.8
20/11/1994,93.0
21/11/1994,90.0
22/11/1994,39.5
23/11/1994,98.5
24/11/1994,27.5
25/11/1994,23.5
26/11/1994,57.5
27/11/1994,60.5
28/11/1994,0.0
29/11/1994,18.0
30/11/1994,16.5
01/12/1994,0.0
02/12/1994,0.0
03/12/1994,18.0
04/12/1994,24.6
05/12/1994,21.4
06/12/1994,10.0
07/12/1994,0.0
08/12/1994,0.0
09/12/1994,0.0
10/12/1994,0.0
11/12/1994,0.0
12/12/1994,0.0
13/12/1994,0.0
14/12/1994,0.0
15/12/1994,4.0
16/12/1994,98.0
17/12/1994,16.0
18/12/1994,18.5
19/12/1994,51.0
20/12/1994,4.0
21/12/1994,9.2
22/12/1994,40.7
23/12/1994,1.6
24/12/1994,0.0
25/12/1994,0.0
26/12/1994,0.0
27/12/1994,3.0
28/12/1994,2.5
29/12/1994,0.0
30/12/1994,0.0
31/12/1994,2.5
01/01/1995,3.5
02/01/1995,0.5
03/01/1995,0.0
04/01/1995,6.5
05/01/1995,22.0
06/01/1995,20.0
07/01/1995,2.0
08/01/1995,4.5
09/01/1995,11.0
10/01/1995,13.8
11/01/1995,46.2
12/01/1995,0.0
13/01/1995,0.0
14/01/1995,0.0
15/01/1995,5.5
16/01/1995,6.5
17/01/1995,9.0
18/01/1995,28.6
19/01/1995,25.4
20/01/1995,7.5
21/01/1995,0.0
22/01/1995,0.0
23/01/1995,0.0
24/01/1995,0.0
25/01/1995,46.8
26/01/1995,113.7
27/01/1995,2.5
28/01/1995,0.5
29/01/1995,6.0
30/01/1995,8.5
31/01/1995,8.9
01/02/1995,8.1
02/02/1995,7.0
03/02/1995,32.5
04/02/1995,15.5
05/02/1995,8.5
06/02/1995,7.0
07/02/1995,4.0
08/02/1995,0.0
09/02/1995,0.0
10/02/1995,0.0
11/02/1995,0.5
12/02/1995,0.0
13/02/1995,0.0
14/02/1995,0.0
15/02/1995,0.0
16/02/1995,0.0
17/02/1995,0.0
18/02/1995,0.0
19/02/1995,0.0
20/02/1995,0.0
21/02/1995,0.0
22/02/1995,0.3
23/02/1995,1.1
24/02/1995,3.1
25/02/1995,39.5
26/02/1995,22.0
27/02/1995,14.0
28/02/1995,0.0
01/03/1995,0.0
02/03/1995,0.0
03/03/1995,0.0
04/03/1995,0.0
05/03/1995,0.0
06/03/1995,1.5
07/03/1995,0.0
08/03/1995,0.0
09/03/1995,0.0
10/03/1995,0.0
11/03/1995,0.0
12/03/1995,0.0
13/03/1995,0.0
14/03/1995,0.0
15/03/1995,3.0
16/03/1995,0.0
17/03/1995,4.5
18/03/1995,0.5
19/03/1995,0.0
20/03/1995,11.5
21/03/1995,2.0
22/03/1995,0.0
23/03/1995,33.0
24/03/1995,24.0
25/03/1995,0.0
26/03/1995,55.5
27/03/1995,0.0
28/03/1995,7.5
29/03/1995,0.0
30/03/1995,0.0
31/03/1995,0.0
01/04/1995,0.0
02/04/1995,0.0
03/04/1995,0.0
04/04/1995,0.0
05/04/1995,16.5
06/04/1995,3.5
07/04/1995,0.0
08/04/1995,0.0
09/04/1995,0.0
10/04/1995,0.0
11/04/1995,8.0
12/04/1995,0.5
13/04/1995,0.0
14/04/1995,0.0
15/04/1995,0.0
16/04/1995,4.5
17/04/1995,0.0
18/04/1995,0.0
19/04/1995,0.0
20/04/1995,0.0
21/04/1995,0.5
22/04/1995,0.0
23/04/1995,0.0
24/04/1995,0.0
25/04/1995,0.0
26/04/1995,0.0
27/04/1995,4.0
28/04/1995,2.0
29/04/1995,1.5
30/04/1995,4.0
01/05/1995,0.0
02/05/1995,13.5
03/05/1995,9.0
04/05/1995,0.0
05/05/1995,0.0
06/05/1995,0.0
07/05/1995,21.5
08/05/1995,8.5
09/05/1995,0.0
10/05/1995,22.0
11/05/1995,22.5
12/05/1995,0.0
13/05/1995,14.0
14/05/1995,0.0
15/05/1995,0.0
16/05/1995,42.0
17/05/1995,0.5
18/05/1995,23.0
19/05/1995,0.5
20/05/1995,12.5
21/05/1995,0.5
22/05/1995,0.0
23/05/1995,0.0
24/05/1995,0.0
25/05/1995,3.5
26/05/1995,0.0
27/05/1995,0.0
28/05/1995,0.0
29/05/1995,0.0
30/05/1995,0.0
31/05/1995,0.0
01/06/1995,0.0
02/06/1995,0.0
03/06/1995,0.0
04/06/1995,0.0
05/06/1995,0.0
06/06/1995,0.0
07/06/1995,0.0
08/06/1995,70.0
09/06/1995,86.5
10/06/1995,32.5
11/06/1995,0.0
12/06/1995,0.5
13/06/1995,12.5
14/06/1995,4.5
15/06/1995,3.0
16/06/1995,13.0
17/06/1995,1.5
18/06/1995,8.0
19/06/1995,0.0
20/06/1995,0.0
21/06/1995,0.0
22/06/1995,0.0
23/06/1995,0.0
24/06/1995,2.5
25/06/1995,4.0
26/06/1995,0.0
27/06/1995,26.5
28/06/1995,0.0
29/06/1995,29.5
30/06/1995,0.0
01/07/1995,0.0
02/07/1995,90.0
03/07/1995,0.0
04/07/1995,9.5
05/07/1995,0.0
06/07/1995,0.0
07/07/1995,5.0
08/07/1995,7.5
09/07/1995,6.5
10/07/1995,0.0
11/07/1995,2.0
12/07/1995,0.0
13/07/1995,0.5
14/07/1995,0.0
15/07/1995,0.0
16/07/1995,0.0
17/07/1995,0.0
18/07/1995,4.0
19/07/1995,0.0
20/07/1995,6.5
21/07/1995,26.5
22/07/1995,4.0
23/07/1995,24.0
24/07/1995,0.5
25/07/1995,0.0
26/07/1995,0.0
27/07/1995,0.0
28/07/1995,2.0
29/07/1995,2.0
30/07/1995,0.0
31/07/1995,0.0
01/08/1995,0.0
02/08/1995,0.0
03/08/1995,0.0
04/08/1995,0.0
05/08/1995,2.0
06/08/1995,0.0
07/08/1995,42.5
08/08/1995,2.0
09/08/1995,0.0
10/08/1995,0.0
11/08/1995,33.0
12/08/1995,0.0
13/08/1995,0.0
14/08/1995,11.0
24/08/1995,0.0
25/08/1995,21.0
26/08/1995,52.0
27/08/1995,0.0
28/08/1995,0.0
29/08/1995,11.0
30/08/1995,0.0
31/08/1995,0.5
01/09/1995,1.5
02/09/1995,2.0
03/09/1995,32.5
04/09/1995,24.5
05/09/1995,15.5
06/09/1995,14.0
07/09/1995,0.0
08/09/1995,17.5
09/09/1995,0.5
10/09/1995,0.0
11/09/1995,0.0
12/09/1995,0.0
13/09/1995,0.0
14/09/1995,0.0
15/09/1995,0.0
16/09/1995,0.0
17/09/1995,68.5
18/09/1995,1.0
19/09/1995,0.0
20/09/1995,0.0
21/09/1995,0.0
22/09/1995,3.5
23/09/1995,0.0
24/09/1995,12.0
25/09/1995,28.7
26/09/1995,34.3
27/09/1995,0.5
28/09/1995,0.5
29/09/1995,0.0
06/11/1995,5.0
07/11/1995,0.0
08/11/1995,13.0
09/11/1995,21.5
10/11/1995,1.5
11/11/1995,0.0
12/11/1995,0.0
13/11/1995,0.0
14/11/1995,0.0
15/11/1995,17.2
16/11/1995,101.8
17/11/1995,93.5
18/11/1995,8.8
19/11/1995,22.2
20/11/1995,93.0
21/11/1995,3.5
22/11/1995,12.1
23/11/1995,15.8
24/11/1995,143.6
25/11/1995,0.0
26/11/1995,0.0
27/11/1995,0.0
28/11/1995,0.0
29/11/1995,0.0
30/11/1995,0.0
01/12/1995,32.0
02/12/1995,0.0
03/12/1995,24.0
04/12/1995,27.7
05/12/1995,40.2
06/12/1995,14.0
07/12/1995,7.0
08/12/1995,0.0
09/12/1995,0.0
10/12/1995,0.0
11/12/1995,0.0
12/12/1995,0.0
13/12/1995,0.0
14/12/1995,0.0
15/12/1995,0.0
16/12/1995,0.0
17/12/1995,0.0
18/12/1995,0.0
19/12/1995,6.5
20/12/1995,3.5
21/12/1995,67.0
22/12/1995,38.5
23/12/1995,83.6
24/12/1995,20.4
25/12/1995,10.0
26/12/1995,24.6
27/12/1995,108.9
28/12/1995,50.5
29/12/1995,22.0
30/12/1995,3.0
31/12/1995,0.0
01/01/1996,0.0
02/01/1996,0.0
03/01/1996,0.0
04/01/1996,0.0
05/01/1996,0.0
06/01/1996,0.0
07/01/1996,0.0
08/01/1996,23.0
09/01/1996,5.0
10/01/1996,36.0
11/01/1996,61.5
12/01/1996,6.0
13/01/1996,0.0
14/01/1996,0.0
15/01/1996,0.0
16/01/1996,0.0
17/01/1996,0.0
18/01/1996,0.0
19/01/1996,0.0
20/01/1996,0.0
21/01/1996,0.0
22/01/1996,0.0
23/01/1996,0.4
24/01/1996,16.7
25/01/1996,34.5
26/01/1996,2.0
27/01/1996,8.5
28/01/1996,29.5
29/01/1996,20.0
30/01/1996,11.0
31/01/1996,11.0
01/02/1996,23.5
02/02/1996,16.0
03/02/1996,19.0
04/02/1996,11.0
05/02/1996,7.5
06/02/1996,0.5
07/02/1996,5.5
08/02/1996,0.5
09/02/1996,1.0
10/02/1996,0.5
11/02/1996,10.5
12/02/1996,6.0
13/02/1996,0.5
14/02/1996,0.0
15/02/1996,0.0
16/02/1996,0.0
17/02/1996,0.0
18/02/1996,5.5
19/02/1996,6.5
20/02/1996,1.5
21/02/1996,8.2
22/02/1996,4.3
23/02/1996,10.0
24/02/1996,0.0
25/02/1996,0.0
26/02/1996,0.0
27/02/1996,0.0
28/02/1996,0.0
29/02/1996,0.0
01/03/1996,0.0
02/03/1996,0.0
03/03/1996,0.0
04/03/1996,0.0
05/03/1996,0.0
06/03/1996,0.0
07/03/1996,0.0
08/03/1996,0.0
09/03/1996,0.0
10/03/1996,0.0
11/03/1996,0.0
12/03/1996,0.0
13/03/1996,0.0
14/03/1996,0.0
15/03/1996,0.0
16/03/1996,0.0
17/03/1996,0.0
18/03/1996,0.0
19/03/1996,0.0
20/03/1996,0.0
21/03/1996,0.0
22/03/1996,0.0
23/03/1996,0.0
24/03/1996,0.0
25/03/1996,13.5
26/03/1996,5.5
27/03/1996,10.0
28/03/1996,47.5
29/03/1996,2.5
30/03/1996,0.5
31/03/1996,0.5
01/04/1996,0.0
02/04/1996,0.0
03/04/1996,0.0
04/04/1996,0.0
05/04/1996,0.0
06/04/1996,0.0
07/04/1996,0.0
08/04/1996,4.5
09/04/1996,0.0
10/04/1996,0.0
11/04/1996,0.0
12/04/1996,0.0
13/04/1996,0.0
14/04/1996,0.0
15/04/1996,0.0
16/04/1996,0.0
17/04/1996,9.0
18/04/1996,0.0
19/04/1996,22.5
20/04/1996,0.0
21/04/1996,1.0
22/04/1996,14.5
23/04/1996,0.0
24/04/1996,2.0
25/04/1996,0.0
26/04/1996,5.0
27/04/1996,0.0
28/04/1996,0.0
29/04/1996,0.0
30/04/1996,6.5
01/05/1996,2.5
02/05/1996,32.0
03/05/1996,0.0
04/05/1996,3.5
05/05/1996,0.0
06/05/1996,15.0
07/05/1996,26.5
08/05/1996,22.0
09/05/1996,4.5
10/05/1996,0.5
11/05/1996,16.5
12/05/1996,0.0
13/05/1996,1.0
14/05/1996,12.0
15/05/1996,19.5
16/05/1996,0.5
17/05/1996,0.0
18/05/1996,0.0
19/05/1996,0.0
20/05/1996,0.0
21/05/1996,0.0
22/05/1996,0.0
23/05/1996,0.0
24/05/1996,15.0
25/05/1996,0.0
26/05/1996,0.0
27/05/1996,8.0
28/05/1996,0.0
29/05/1996,0.0
30/05/1996,6.0
31/05/1996,0.0
01/06/1996,0.5
02/06/1996,15.0
03/06/1996,0.0
04/06/1996,15.0
05/06/1996,30.5
06/06/1996,12.0
07/06/1996,34.0
08/06/1996,15.4
09/06/1996,0.1
10/06/1996,3.5
11/06/1996,2.0
12/06/1996,0.0
13/06/1996,37.5
14/06/1996,1.5
15/06/1996,0.0
16/06/1996,3.0
17/06/1996,0.0
18/06/1996,0.0
19/06/1996,2.0
20/06/1996,0.0
21/06/1996,0.0
22/06/1996,0.0
23/06/1996,19.0
24/06/1996,4.0
25/06/1996,1.0
26/06/1996,7.0
27/06/1996,0.0
28/06/1996,0.0
29/06/1996,0.0
30/06/1996,0.0
01/07/1996,0.0
02/07/1996,0.0
03/07/1996,0.0
04/07/1996,0.0
05/07/1996,0.0
06/07/1996,6.5
07/07/1996,26.5
08/07/1996,38.5
09/07/1996,0.0
10/07/1996,0.5
11/07/1996,0.0
12/07/1996,24.0
13/07/1996,0.0
14/07/1996,0.0
15/07/1996,11.5
16/07/1996,6.0
17/07/1996,0.0
18/07/1996,0.0
19/07/1996,0.0
20/07/1996,17.5
21/07/1996,0.0
22/07/1996,0.0
23/07/1996,0.0
24/07/1996,0.0
25/07/1996,0.0
26/07/1996,4.0
27/07/1996,1.0
28/07/1996,0.0
29/07/1996,0.0
30/07/1996,0.0
31/07/1996,0.0
01/08/1996,10.5
02/08/1996,15.5
03/08/1996,0.5
04/08/1996,0.0
05/08/1996,0.0
06/08/1996,0.0
07/08/1996,33.0
08/08/1996,41.0
09/08/1996,6.0
10/08/1996,3.0
11/08/1996,0.5
12/08/1996,5.0
13/08/1996,8.0
14/08/1996,0.0
15/08/1996,0.0
16/08/1996,2.3
17/08/1996,0.7
18/08/1996,7.5
19/08/1996,0.5
20/08/1996,7.0
21/08/1996,0.0
22/08/1996,0.4
23/08/1996,0.1
24/08/1996,50.0
25/08/1996,1.0
26/08/1996,0.0
27/08/1996,5.0
28/08/1996,0.5
29/08/1996,0.0
30/08/1996,0.0
31/08/1996,0.0
01/09/1996,0.0
02/09/1996,0.0
03/09/1996,0.0
04/09/1996,0.0
05/09/1996,0.0
06/09/1996,0.0
07/09/1996,0.0
08/09/1996,0.0
09/09/1996,0.0
10/09/1996,0.0
11/09/1996,0.0
12/09/1996,0.0
13/09/1996,0.0
14/09/1996,0.0
15/09/1996,0.0
16/09/1996,0.0
17/09/1996,0.0
17/10/1996,0.0
18/10/1996,0.0
19/10/1996,46.4
20/10/1996,2.6
21/10/1996,0.0
22/10/1996,0.0
23/10/1996,0.0
24/10/1996,13.0
25/10/1996,13.0
26/10/1996,71.0
27/10/1996,1.0
28/10/1996,0.0
29/10/1996,0.0
30/10/1996,0.0
31/10/1996,18.0
01/11/1996,0.0
02/11/1996,13.0
03/11/1996,19.0
04/11/1996,0.0
05/11/1996,1.0
06/11/1996,10.0
07/11/1996,4.5
08/11/1996,5.0
09/11/1996,17.5
10/11/1996,7.0
11/11/1996,1.5
12/11/1996,3.0
13/11/1996,2.5
14/11/1996,21.5
15/11/1996,0.0
16/11/1996,0.0
17/11/1996,38.0
18/11/1996,4.7
19/11/1996,43.8
20/11/1996,2.5
21/11/1996,6.0
22/11/1996,9.5
23/11/1996,0.5
24/11/1996,0.0
25/11/1996,2.5
26/11/1996,14.5
27/11/1996,2.0
28/11/1996,0.5
29/11/1996,6.0
30/11/1996,5.0
01/12/1996,0.5
02/12/1996,0.5
03/12/1996,3.0
04/12/1996,0.5
05/12/1996,8.0
06/12/1996,25.0
07/12/1996,0.5
08/12/1996,7.0
09/12/1996,10.0
10/12/1996,43.0
11/12/1996,57.5
12/12/1996,133.0
13/12/1996,30.3
14/12/1996,37.6
15/12/1996,2.6
16/12/1996,0.0
17/12/1996,0.0
18/12/1996,2.5
19/12/1996,27.5
20/12/1996,5.0
21/12/1996,16.5
22/12/1996,7.5
23/12/1996,1.0
24/12/1996,0.0
25/12/1996,0.0
26/12/1996,0.0
27/12/1996,0.0
28/12/1996,1.5
29/12/1996,0.5
30/12/1996,3.0
31/12/1996,2.5
01/01/1997,0.0
02/01/1997,0.0
03/01/1997,0.0
04/01/1997,0.0
05/01/1997,0.0
06/01/1997,0.0
07/01/1997,0.0
08/01/1997,0.0
09/01/1997,0.0
10/01/1997,0.0
11/01/1997,0.0
12/01/1997,0.0
13/01/1997,0.0
14/01/1997,0.0
15/01/1997,0.0
16/01/1997,0.0
17/01/1997,0.0
18/01/1997,0.0
19/01/1997,0.0
20/01/1997,0.0
21/01/1997,0.0
22/01/1997,0.0
23/01/1997,0.0
24/01/1997,0.0
25/01/1997,0.0
26/01/1997,0.0
27/01/1997,0.0
28/01/1997,0.0
29/01/1997,0.0
30/01/1997,0.0
31/01/1997,0.0
01/02/1997,0.0
02/02/1997,0.0
03/02/1997,5.0
04/02/1997,0.0
05/02/1997,0.0
06/02/1997,0.0
07/02/1997,0.5
08/02/1997,1.0
09/02/1997,8.5
10/02/1997,0.0
11/02/1997,0.0
12/02/1997,0.0
13/02/1997,0.0
14/02/1997,8.5
15/02/1997,10.5
16/02/1997,0.0
17/02/1997,0.0
18/02/1997,0.0
19/02/1997,0.0
20/02/1997,3.5
21/02/1997,6.5
22/02/1997,15.5
23/02/1997,11.5
24/02/1997,12.5
25/02/1997,0.0
26/02/1997,0.0
27/02/1997,0.0
28/02/1997,0.0
01/03/1997,0.0
02/03/1997,0.0
03/03/1997,0.0
04/03/1997,0.0
05/03/1997,0.0
06/03/1997,0.0
07/03/1997,0.0
08/03/1997,0.0
09/03/1997,0.0
10/03/1997,0.0
11/03/1997,0.0
12/03/1997,0.0
13/03/1997,0.0
14/03/1997,0.0
15/03/1997,0.0
16/03/1997,0.0
17/03/1997,0.0
18/03/1997,0.0
19/03/1997,0.0
20/03/1997,17.5
21/03/1997,0.0
22/03/1997,0.5
23/03/1997,0.0
24/03/1997,0.0
25/03/1997,0.0
26/03/1997,0.0
27/03/1997,0.0
28/03/1997,5.5
29/03/1997,2.5
30/03/1997,0.0
31/03/1997,1.0
01/04/1997,4.5
02/04/1997,0.5
03/04/1997,0.0
04/04/1997,0.5
05/04/1997,0.0
06/04/1997,0.0
07/04/1997,0.0
08/04/1997,0.0
09/04/1997,0.5
10/04/1997,0.0
11/04/1997,0.0
12/04/1997,0.5
13/04/1997,0.0
14/04/1997,0.0
15/04/1997,0.0
16/04/1997,0.0
17/04/1997,0.0
18/04/1997,0.0
19/04/1997,0.0
20/04/1997,0.0
21/04/1997,0.0
22/04/1997,0.0
23/04/1997,0.0
24/04/1997,0.0
25/04/1997,0.5
26/04/1997,2.5
27/04/1997,0.5
28/04/1997,0.0
29/04/1997,0.5
30/04/1997,0.0
01/05/1997,0.0
02/05/1997,0.0
03/05/1997,0.0
04/05/1997,0.0
05/05/1997,0.0
06/05/1997,0.5
07/05/1997,0.5
08/05/1997,0.0
09/05/1997,0.0
10/05/1997,0.5
11/05/1997,0.0
12/05/1997,0.5
13/05/1997,0.0
14/05/1997,0.0
15/05/1997,0.0
16/05/1997,0.0
17/05/1997,0.0
18/05/1997,0.0
19/05/1997,0.5
20/05/1997,0.0
21/05/1997,0.0
22/05/1997,0.0
23/05/1997,0.0
24/05/1997,0.0
25/05/1997,0.0
26/05/1997,0.0
27/05/1997,0.0
28/05/1997,0.0
29/05/1997,0.0
30/05/1997,0.0
31/05/1997,0.0
01/06/1997,0.0
02/06/1997,0.5
03/06/1997,0.0
04/06/1997,0.0
05/06/1997,0.0
06/06/1997,0.0
07/06/1997,0.5
08/06/1997,0.0
09/06/1997,0.0
10/06/1997,0.0
11/06/1997,0.0
12/06/1997,0.0
13/06/1997,0.0
14/06/1997,0.0
15/06/1997,0.0
16/06/1997,0.0
17/06/1997,0.0
18/06/1997,0.0
19/06/1997,0.0
20/06/1997,0.5
21/06/1997,0.0
22/06/1997,0.0
23/06/1997,0.0
24/06/1997,1.0
25/06/1997,0.0
26/06/1997,0.0
27/06/1997,0.0
28/06/1997,0.5
29/06/1997,0.0
30/06/1997,0.0
01/07/1997,0.0
02/07/1997,0.0
03/07/1997,0.0
04/07/1997,0.0
05/07/1997,0.5
06/07/1997,0.0
07/07/1997,0.0
08/07/1997,0.0
09/07/1997,0.0
10/07/1997,0.0
11/07/1997,0.0
12/07/1997,0.0
13/07/1997,0.0
14/07/1997,0.0
15/07/1997,0.0
16/07/1997,0.0
17/07/1997,18.5
18/07/1997,0.0
19/07/1997,0.0
20/07/1997,28.0
21/07/1997,63.0
22/07/1997,8.5
23/07/1997,0.0
24/07/1997,0.0
25/07/1997,18.0
26/07/1997,0.5
27/07/1997,0.0
28/07/1997,0.0
29/07/1997,0.0
30/07/1997,0.0
31/07/1997,0.0
01/08/1997,0.0
02/08/1997,0.0
03/08/1997,0.0
04/08/1997,0.0
05/08/1997,67.0
06/08/1997,0.0
07/08/1997,0.0
08/08/1997,0.0
09/08/1997,0.0
10/08/1997,0.0
11/08/1997,0.0
12/08/1997,0.0
13/08/1997,0.0
14/08/1997,9.0
15/08/1997,2.0
16/08/1997,0.5
17/08/1997,36.0
18/08/1997,0.0
19/08/1997,20.5
20/08/1997,3.5
21/08/1997,0.0
22/08/1997,18.0
23/08/1997,0.5
24/08/1997,0.0
25/08/1997,0.0
26/08/1997,0.0
27/08/1997,0.0
28/08/1997,0.0
29/08/1997,4.0
30/08/1997,1.0
31/08/1997,0.0
01/09/1997,0.5
02/09/1997,0.0
03/09/1997,0.0
04/09/1997,0.0
05/09/1997,0.0
06/09/1997,0.0
07/09/1997,0.0
08/09/1997,0.0
09/09/1997,0.0
10/09/1997,0.0
11/09/1997,0.0
12/09/1997,0.0
13/09/1997,31.0
14/09/1997,12.0
15/09/1997,10.5
16/09/1997,0.0
17/09/1997,0.0
18/09/1997,0.0
19/09/1997,0.0
20/09/1997,13.0
21/09/1997,0.0
22/09/1997,0.0
23/09/1997,0.0
24/09/1997,0.0
25/09/1997,0.0
26/09/1997,0.0
27/09/1997,0.0
28/09/1997,0.0
29/09/1997,0.0
30/09/1997,0.0
01/10/1997,0.0
02/10/1997,0.0
03/10/1997,0.0
04/10/1997,0.0
05/10/1997,0.0
06/10/1997,1.5
07/10/1997,13.0
08/10/1997,2.0
09/10/1997,0.0
10/10/1997,0.0
11/10/1997,0.0
12/10/1997,0.0
13/10/1997,0.0
14/10/1997,1.0
15/10/1997,27.0
16/10/1997,2.0
17/10/1997,0.0
18/10/1997,0.0
19/10/1997,0.0
20/10/1997,0.0
21/10/1997,0.0
22/10/1997,0.0
23/10/1997,0.0
24/10/1997,0.0
25/10/1997,0.0
26/10/1997,0.0
27/10/1997,0.0
28/10/1997,0.0
29/10/1997,0.0
30/10/1997,0.0
31/10/1997,0.0
01/11/1997,0.0
02/11/1997,0.0
03/11/1997,0.0
04/11/1997,0.0
05/11/1997,3.0
06/11/1997,0.0
07/11/1997,0.0
08/11/1997,0.0
09/11/1997,0.0
10/11/1997,0.0
11/11/1997,46.5
12/11/1997,0.0
13/11/1997,4.0
14/11/1997,21.0
15/11/1997,0.0
16/11/1997,0.0
17/11/1997,0.0
18/11/1997,129.0
19/11/1997,61.5
20/11/1997,25.5
21/11/1997,2.0
22/11/1997,3.0
23/11/1997,2.0
24/11/1997,0.0
25/11/1997,0.0
26/11/1997,0.0
27/11/1997,0.0
28/11/1997,0.0
29/11/1997,0.0
30/11/1997,5.0
01/12/1997,48.5
02/12/1997,89.5
03/12/1997,55.5
04/12/1997,114.0
05/12/1997,45.0
06/12/1997,27.5
07/12/1997,1.5
08/12/1997,0.0
09/12/1997,0.5
10/12/1997,2.1
11/12/1997,138.4
12/12/1997,15.0
13/12/1997,8.5
14/12/1997,7.5
15/12/1997,35.0
16/12/1997,26.5
17/12/1997,8.0
18/12/1997,219.0
19/12/1997,1.0
20/12/1997,25.0
21/12/1997,0.0
22/12/1997,0.0
23/12/1997,0.0
24/12/1997,0.0
25/12/1997,0.0
26/12/1997,0.0
27/12/1997,0.0
28/12/1997,14.0
29/12/1997,129.0
30/12/1997,94.0
31/12/1997,4.0
01/01/1998,0.0
02/01/1998,0.0
03/01/1998,0.0
04/01/1998,9.0
05/01/1998,0.5
06/01/1998,18.0
07/01/1998,11.0
08/01/1998,13.0
09/01/1998,0.0
10/01/1998,0.0
11/01/1998,2.0
12/01/1998,4.0
13/01/1998,0.0
14/01/1998,0.0
15/01/1998,0.0
16/01/1998,2.0
17/01/1998,0.0
18/01/1998,0.0
19/01/1998,0.0
20/01/1998,0.0
21/01/1998,0.0
22/01/1998,0.0
23/01/1998,0.0
24/01/1998,6.0
25/01/1998,57.0
26/01/1998,1.5
27/01/1998,5.5
28/01/1998,16.2
29/01/1998,45.3
30/01/1998,8.5
31/01/1998,73.0
01/02/1998,0.5
02/02/1998,1.0
03/02/1998,0.0
04/02/1998,0.0
05/02/1998,0.0
06/02/1998,0.0
07/02/1998,0.0
08/02/1998,0.0
09/02/1998,0.0
10/02/1998,0.0
11/02/1998,0.0
12/02/1998,0.0
13/02/1998,0.0
14/02/1998,0.0
15/02/1998,0.0
16/02/1998,0.0
17/02/1998,0.0
18/02/1998,0.0
19/02/1998,0.0
20/02/1998,0.0
21/02/1998,0.0
22/02/1998,0.0
23/02/1998,0.0
24/02/1998,0.0
25/02/1998,0.0
26/02/1998,0.0
27/02/1998,0.0
28/02/1998,0.0
01/03/1998,0.0
02/03/1998,0.0
03/03/1998,0.0
04/03/1998,0.0
05/03/1998,0.0
06/03/1998,0.0
07/03/1998,0.0
08/03/1998,0.0
09/03/1998,1.5
10/03/1998,0.0
11/03/1998,0.0
12/03/1998,0.0
13/03/1998,0.0
14/03/1998,0.0
15/03/1998,0.0
16/03/1998,0.0
17/03/1998,0.0
18/03/1998,0.0
19/03/1998,0.0
20/03/1998,0.0
21/03/1998,0.0
22/03/1998,0.0
23/03/1998,0.0
24/03/1998,0.0
25/03/1998,0.0
26/03/1998,0.0
27/03/1998,0.0
28/03/1998,5.0
29/03/1998,0.0
30/03/1998,0.0
31/03/1998,0.0
01/04/1998,0.0
02/04/1998,0.0
03/04/1998,0.0
04/04/1998,0.0
05/04/1998,0.5
06/04/1998,0.5
07/04/1998,0.0
08/04/1998,0.0
09/04/1998,0.0
10/04/1998,0.0
11/04/1998,0.0
12/04/1998,0.0
13/04/1998,0.0
14/04/1998,0.0
15/04/1998,0.0
16/04/1998,0.0
17/04/1998,0.0
18/04/1998,0.0
19/04/1998,0.0
20/04/1998,0.0
21/04/1998,0.0
22/04/1998,0.0
23/04/1998,0.0
24/04/1998,0.0
25/04/1998,0.0
26/04/1998,0.0
27/04/1998,0.0
28/04/1998,0.0
29/04/1998,0.0
30/04/1998,0.0
01/05/1998,0.0
02/05/1998,0.0
03/05/1998,0.0
04/05/1998,0.0
05/05/1998,5.0
06/05/1998,3.0
07/05/1998,0.0
08/05/1998,0.5
09/05/1998,0.0
10/05/1998,22.5
11/05/1998,5.0
12/05/1998,8.0
13/05/1998,0.0
14/05/1998,14.0
15/05/1998,0.0
16/05/1998,0.0
17/05/1998,0.0
18/05/1998,0.0
19/05/1998,0.0
20/05/1998,0.0
21/05/1998,0.0
22/05/1998,0.0
23/05/1998,9.0
24/05/1998,8.0
25/05/1998,0.0
26/05/1998,66.0
27/05/1998,0.0
28/05/1998,7.0
29/05/1998,0.0
30/05/1998,0.0
31/05/1998,0.0
01/06/1998,0.0
02/06/1998,0.0
03/06/1998,0.0
04/06/1998,0.0
05/06/1998,0.0
06/06/1998,0.0
07/06/1998,0.0
08/06/1998,0.0
09/06/1998,0.0
10/06/1998,0.0
11/06/1998,0.0
12/06/1998,0.0
13/06/1998,0.0
14/06/1998,0.0
15/06/1998,0.0
06/02/1999,34.7
07/02/1999,0.0
08/02/1999,0.0
09/02/1999,0.0
10/02/1999,30.8
11/02/1999,100.0
12/02/1999,1.5
13/02/1999,0.0
14/02/1999,0.0
15/02/1999,0.0
16/02/1999,0.0
17/02/1999,0.0
18/02/1999,0.0
19/02/1999,0.0
20/02/1999,0.0
21/02/1999,0.0
22/02/1999,0.0
23/02/1999,0.0
24/02/1999,0.0
25/02/1999,0.0
26/02/1999,0.0
27/02/1999,0.0
28/02/1999,2.4
01/03/1999,42.3
02/03/1999,0.0
03/03/1999,0.0
04/03/1999,31.5
05/03/1999,15.2
06/03/1999,58.3
07/03/1999,13.0
08/03/1999,0.0
09/03/1999,0.0
10/03/1999,0.0
11/03/1999,0.0
12/03/1999,0.0
13/03/1999,0.0
14/03/1999,0.0
15/03/1999,0.0
16/03/1999,0.0
17/03/1999,0.0
18/03/1999,0.0
19/03/1999,0.0
20/03/1999,26.0
21/03/1999,0.6
22/03/1999,0.0
23/03/1999,3.8
24/03/1999,18.1
25/03/1999,34.1
26/03/1999,5.7
27/03/1999,35.2
28/03/1999,0.0
29/03/1999,4.6
30/03/1999,5.4
31/03/1999,0.0
01/04/1999,0.0
02/04/1999,13.7
03/04/1999,0.0
04/04/1999,13.6
05/04/1999,14.7
06/04/1999,0.0
07/04/1999,9.6
08/04/1999,2.5
09/04/1999,16.4
10/04/1999,32.0
11/04/1999,5.5
12/04/1999,20.9
13/04/1999,3.1
14/04/1999,1.4
15/04/1999,0.0
16/04/1999,6.5
17/04/1999,4.7
18/04/1999,31.4
19/04/1999,37.6
20/04/1999,9.9
24/08/1999,107.5
25/08/1999,13.7
26/08/1999,132.0
27/08/1999,0.0
28/08/1999,0.6
29/08/1999,0.0
30/08/1999,0.0
31/08/1999,16.2
01/09/1999,0.0
02/09/1999,38.8
03/09/1999,1.6
04/09/1999,0.0
05/09/1999,0.0
06/09/1999,9.8
07/09/1999,21.7
08/09/1999,0.0
09/09/1999,27.4
10/09/1999,5.5
11/09/1999,4.5
12/09/1999,1.8
13/09/1999,20.4
14/09/1999,0.0
15/09/1999,0.0
16/09/1999,0.0
17/09/1999,0.0
18/09/1999,0.0
19/09/1999,7.5
20/09/1999,82.3
21/09/1999,0.0
22/09/1999,4.4
23/09/1999,0.0
24/09/1999,0.0
25/09/1999,1.1
24/10/1999,21.7
25/10/1999,10.1
26/10/1999,5.4
27/10/1999,36.7
28/10/1999,3.0
29/10/1999,1.7
30/10/1999,4.7
31/10/1999,0.0
01/11/1999,28.7
02/11/1999,9.8
03/11/1999,0.0
04/11/1999,29.8
05/11/1999,2.9
06/11/1999,0.0
07/11/1999,0.0
08/11/1999,10.0
09/11/1999,5.5
10/11/1999,0.0
11/11/1999,2.1
12/11/1999,0.0
13/11/1999,0.6
14/11/1999,0.0
15/11/1999,0.0
16/11/1999,0.0
17/11/1999,25.1
18/11/1999,36.7
19/11/1999,27.5
20/11/1999,6.4
21/11/1999,66.9
22/11/1999,1.1
23/11/1999,0.0
24/11/1999,23.4
25/11/1999,12.5
26/11/1999,0.0
27/11/1999,2.5
28/11/1999,3.2
29/11/1999,0.9
30/11/1999,58.7
01/12/1999,30.9
02/12/1999,0.9
03/12/1999,11.4
04/12/1999,0.0
05/12/1999,17.9
06/12/1999,3.8
07/12/1999,6.1
16/02/2000,4.5
17/02/2000,9.5
18/02/2000,2.3
19/02/2000,2.6
20/02/2000,0.0
21/02/2000,17.6
25/02/2000,3.0
26/02/2000,14.3
27/02/2000,2.7
28/02/2000,87.8
29/02/2000,58.4
01/03/2000,73.7
02/03/2000,0.0
03/03/2000,0.0
04/03/2000,0.0
05/03/2000,0.0
06/03/2000,0.0
07/03/2000,0.0
08/03/2000,0.0
09/03/2000,0.0
10/03/2000,0.0
11/03/2000,0.0
12/03/2000,41.5
30/03/2000,3.1
31/03/2000,1.2
01/04/2000,0.0
02/04/2000,21.6
03/04/2000,0.9
04/04/2000,0.6
05/04/2000,0.0
06/04/2000,0.0
07/04/2000,0.0
08/04/2000,0.0
09/04/2000,0.0
10/04/2000,32.8
11/04/2000,49.1
12/04/2000,27.7
13/04/2000,5.9
14/04/2000,0.0
15/04/2000,0.0
16/04/2000,64.1
17/04/2000,5.7
18/04/2000,0.8
19/04/2000,84.9
20/04/2000,5.9
21/04/2000,0.0
22/04/2000,0.0
23/04/2000,0.0
24/04/2000,0.0
25/04/2000,1.1
26/04/2000,0.0
27/04/2000,38.9
28/04/2000,0.0
29/04/2000,0.7
30/04/2000,6.9
01/05/2000,10.2
02/05/2000,11.2
03/05/2000,1.3
04/05/2000,0.0
05/05/2000,21.0
06/05/2000,24.9
07/05/2000,1.2
08/05/2000,70.2
09/05/2000,42.5
10/05/2000,0.8
11/05/2000,0.0
12/05/2000,3.2
13/05/2000,4.4
14/05/2000,0.0
15/05/2000,0.0
16/05/2000,0.0
17/05/2000,0.0
18/05/2000,2.1
19/05/2000,0.9
20/05/2000,3.4
21/05/2000,35.1
22/05/2000,5.4
23/05/2000,0.0
24/05/2000,0.0
25/05/2000,0.0
26/05/2000,0.0
27/05/2000,0.0
28/05/2000,0.4
29/05/2000,5.7
30/05/2000,4.5
31/05/2000,40.6
01/06/2000,6.8
02/06/2000,2.6
03/06/2000,0.0
04/06/2000,43.1
05/06/2000,0.0
06/06/2000,0.0
07/06/2000,3.0
08/06/2000,54.6
09/06/2000,0.0
10/06/2000,0.0
11/06/2000,0.0
12/06/2000,0.0
13/06/2000,0.0
14/06/2000,0.0
15/06/2000,0.0
16/06/2000,0.0
17/06/2000,0.0
18/06/2000,0.0
19/06/2000,0.0
20/06/2000,0.0
21/06/2000,0.0
22/06/2000,0.0
23/06/2000,0.0
24/06/2000,0.0
25/06/2000,0.0
26/06/2000,24.0
27/06/2000,0.0
28/06/2000,0.0
29/06/2000,0.0
30/06/2000,0.0
01/07/2000,0.0
02/07/2000,0.0
03/07/2000,0.0
04/07/2000,0.0
05/07/2000,0.0
06/07/2000,0.0
07/07/2000,0.0
08/07/2000,0.0
09/07/2000,0.0
10/07/2000,0.0
11/07/2000,0.0
12/07/2000,0.0
13/07/2000,0.0
14/07/2000,0.0
15/07/2000,0.0
16/07/2000,0.0
17/07/2000,0.0
18/07/2000,0.0
19/07/2000,2.7
20/07/2000,0.5
21/07/2000,31.8
22/07/2000,0.0
23/07/2000,0.0
24/07/2000,13.7
25/07/2000,0.0
26/07/2000,4.0
27/07/2000,19.9
28/07/2000,0.0
29/07/2000,0.0
30/07/2000,0.0
31/07/2000,0.0
01/08/2000,0.0
02/08/2000,0.0
03/08/2000,0.0
04/08/2000,0.0
05/08/2000,0.0
06/08/2000,0.0
07/08/2000,0.0
08/08/2000,0.0
09/08/2000,0.0
10/08/2000,0.0
11/08/2000,0.0
12/08/2000,0.0
13/08/2000,0.0
14/08/2000,0.0
15/08/2000,0.0
16/08/2000,0.0
17/08/2000,0.0
18/08/2000,0.0
19/08/2000,0.0
20/08/2000,0.0
21/08/2000,0.0
22/08/2000,0.0
23/08/2000,0.0
24/08/2000,0.0
25/08/2000,0.0
26/08/2000,0.0
27/08/2000,5.1
28/08/2000,13.6
29/08/2000,0.5
30/08/2000,0.0
31/08/2000,4.4
01/09/2000,0.0
02/09/2000,0.0
03/09/2000,0.0
04/09/2000,0.0
05/09/2000,0.0
06/09/2000,0.0
07/09/2000,0.0
08/09/2000,0.0
09/09/2000,0.0
10/09/2000,0.0
11/09/2000,0.0
12/09/2000,0.0
13/09/2000,0.0
14/09/2000,0.0
15/09/2000,0.0
16/09/2000,0.0
17/09/2000,0.0
18/09/2000,0.0
19/09/2000,0.0
20/09/2000,0.0
22/11/2000,107.2
23/11/2000,1.1
24/11/2000,1.3
25/11/2000,1.4
26/11/2000,1.1
27/11/2000,3.8
28/11/2000,1.0
29/11/2000,1.5
30/11/2000,5.7
01/12/2000,0.0
02/12/2000,9.3
03/12/2000,0.0
04/12/2000,0.0
05/12/2000,0.0
06/12/2000,0.0
07/12/2000,0.0
08/12/2000,0.0
09/12/2000,0.0
10/12/2000,45.0
11/12/2000,0.0
12/12/2000,0.0
13/12/2000,0.0
14/12/2000,0.8
15/12/2000,9.3
16/12/2000,23.7
17/12/2000,48.7
18/12/2000,60.1
19/12/2000,13.0
20/12/2000,1.9
21/12/2000,77.5
22/12/2000,28.0
23/12/2000,27.4
24/12/2000,0.9
25/12/2000,0.0
26/12/2000,0.0
27/12/2000,0.0
28/12/2000,0.0
29/12/2000,37.9
30/12/2000,13.3
09/01/2001,0.0
10/01/2001,0.0
11/01/2001,0.0
12/01/2001,0.0
13/01/2001,71.5
14/01/2001,19.1
15/01/2001,29.5
16/01/2001,23.7
17/01/2001,166.1
18/01/2001,171.6
19/01/2001,10.1
20/01/2001,1.4
21/01/2001,11.4
22/01/2001,53.9
23/01/2001,0.0
24/01/2001,0.0
25/01/2001,0.0
26/01/2001,0.0
27/01/2001,0.0
28/01/2001,0.0
29/01/2001,9.6
30/01/2001,7.1
31/01/2001,8.0
01/02/2001,0.0
02/02/2001,0.0
03/02/2001,0.0
04/02/2001,0.0
05/02/2001,0.7
06/02/2001,19.3
07/02/2001,0.0
08/02/2001,4.6
09/02/2001,3.7
10/02/2001,0.0
11/02/2001,2.1
12/02/2001,0.0
13/02/2001,12.8
14/02/2001,40.0
15/02/2001,5.2
16/02/2001,0.0
17/02/2001,0.0
18/02/2001,0.0
19/02/2001,0.0
20/02/2001,4.6
21/02/2001,0.0
22/02/2001,0.0
23/02/2001,0.0
24/02/2001,0.0
25/02/2001,0.0
26/02/2001,0.0
27/02/2001,0.0
28/02/2001,0.0
01/03/2001,0.0
02/03/2001,0.0
03/03/2001,11.2
04/03/2001,120.4
05/03/2001,33.6
06/03/2001,10.9
07/03/2001,24.9
08/03/2001,2.3
09/03/2001,10.2
10/03/2001,12.5
11/03/2001,0.0
12/03/2001,3.6
13/03/2001,3.1
14/03/2001,3.1
15/03/2001,61.4
16/03/2001,0.0
17/03/2001,11.4
18/03/2001,0.4
19/03/2001,27.2
20/03/2001,54.3
21/03/2001,1.7
22/03/2001,48.9
23/03/2001,29.5
24/03/2001,0.0
25/03/2001,27.1
26/03/2001,42.0
27/03/2001,32.6
28/03/2001,0.5
29/03/2001,65.3
30/03/2001,0.0
31/03/2001,25.9
01/04/2001,0.0
02/04/2001,0.0
03/04/2001,2.2
04/04/2001,0.4
05/04/2001,0.0
06/04/2001,1.0
07/04/2001,0.0
08/04/2001,0.0
09/04/2001,0.0
10/04/2001,0.0
11/04/2001,0.0
12/04/2001,0.0
13/04/2001,53.6
14/04/2001,0.4
15/04/2001,0.0
16/04/2001,0.0
17/04/2001,0.0
18/04/2001,0.0
19/04/2001,0.0
20/04/2001,0.0
21/04/2001,0.0
22/04/2001,0.0
23/04/2001,0.0
24/04/2001,0.0
25/04/2001,2.6
26/04/2001,2.0
27/04/2001,0.0
28/04/2001,18.1
29/04/2001,5.5
30/04/2001,0.0
01/05/2001,8.1
02/05/2001,0.4
03/05/2001,0.0
04/05/2001,6.7
05/05/2001,0.3
06/05/2001,0.0
07/05/2001,3.6
08/05/2001,1.2
09/05/2001,0.0
10/05/2001,38.1
11/05/2001,48.4
12/05/2001,0.0
13/05/2001,0.0
14/05/2001,14.8
15/05/2001,0.0
16/05/2001,0.0
17/05/2001,0.0
18/05/2001,0.3
19/05/2001,0.0
20/05/2001,0.0
25/05/2001,5.6
26/05/2001,0.7
27/05/2001,0.7
28/05/2001,0.0
29/05/2001,0.0
30/05/2001,0.0
31/05/2001,0.0
01/06/2001,0.0
02/06/2001,0.0
03/06/2001,0.0
04/06/2001,3.1
05/06/2001,8.5
06/06/2001,5.6
11/06/2001,0.0
12/06/2001,0.0
13/06/2001,0.0
14/06/2001,0.0
15/06/2001,0.0
16/06/2001,5.5
17/06/2001,5.9
18/06/2001,0.6
19/06/2001,0.0
20/06/2001,13.7
21/06/2001,0.0
22/06/2001,0.0
23/06/2001,0.0
24/06/2001,0.0
25/06/2001,0.0
26/06/2001,0.0
27/06/2001,0.0
28/06/2001,1.6
29/06/2001,0.0
30/06/2001,0.9
01/07/2001,0.0
02/07/2001,1.0
03/07/2001,0.0
04/07/2001,0.0
05/07/2001,0.0
06/07/2001,0.0
07/07/2001,0.0
08/07/2001,0.0
09/07/2001,0.0
10/07/2001,0.0
11/07/2001,0.0
12/07/2001,30.5
13/07/2001,0.0
14/07/2001,24.3
15/07/2001,0.0
16/07/2001,0.0
17/07/2001,0.0
18/07/2001,5.6
19/07/2001,1.1
20/07/2001,36.2
21/07/2001,0.3
22/07/2001,16.9
23/07/2001,0.0
24/07/2001,0.0
25/07/2001,59.2
26/07/2001,26.4
27/07/2001,77.8
28/07/2001,41.2
29/07/2001,0.5
30/07/2001,0.0
31/07/2001,17.0
01/08/2001,0.0
02/08/2001,22.7
03/08/2001,0.0
04/08/2001,0.4
05/08/2001,1.7
06/08/2001,0.0
07/08/2001,0.0
08/08/2001,22.1
09/08/2001,2.2
10/08/2001,0.0
11/08/2001,0.0
12/08/2001,0.0
13/08/2001,36.7
14/08/2001,15.6
15/08/2001,10.7
16/08/2001,0.0
17/08/2001,0.0
18/08/2001,5.8
19/08/2001,24.0
20/08/2001,110.0
21/08/2001,0.0
22/08/2001,0.0
23/08/2001,21.8
24/08/2001,8.7
25/08/2001,0.6
26/08/2001,13.8
27/08/2001,1.0
28/08/2001,0.0
29/08/2001,46.6
30/08/2001,1.1
31/08/2001,43.0
01/09/2001,12.9
02/09/2001,32.5
03/09/2001,44.8
04/09/2001,0.0
05/09/2001,0.0
06/09/2001,0.0
07/09/2001,76.1
08/09/2001,0.0
09/09/2001,0.0
10/09/2001,0.0
11/09/2001,0.0
12/09/2001,0.0
13/09/2001,0.0
14/09/2001,0.0
15/09/2001,0.0
16/09/2001,38.7
17/09/2001,1.2
18/09/2001,46.3
19/09/2001,0.0
20/09/2001,32.6
21/09/2001,3.9
22/09/2001,15.2
23/09/2001,29.5
24/09/2001,0.0
25/09/2001,0.6
26/09/2001,5.9
27/09/2001,14.5
28/09/2001,2.3
29/09/2001,0.0
30/09/2001,0.0
01/10/2001,0.0
02/10/2001,20.2
03/10/2001,0.0
04/10/2001,74.9
05/10/2001,0.7
06/10/2001,3.7
07/10/2001,3.7
08/10/2001,11.3
09/10/2001,0.0
10/10/2001,0.7
11/10/2001,0.5
12/10/2001,16.3
13/10/2001,6.3
14/10/2001,2.0
15/10/2001,48.0
16/10/2001,16.0
17/10/2001,14.0
18/10/2001,99.7
19/10/2001,9.6
20/10/2001,9.2
21/10/2001,2.4
22/10/2001,2.7
23/10/2001,0.5
24/10/2001,0.0
25/10/2001,3.7
26/10/2001,14.0
27/10/2001,6.9
28/10/2001,11.0
29/10/2001,18.7
30/10/2001,1.7
31/10/2001,1.0
01/11/2001,0.7
02/11/2001,2.3
03/11/2001,28.2
04/11/2001,5.9
05/11/2001,0.0
06/11/2001,7.8
07/11/2001,3.6
08/11/2001,9.8
09/11/2001,10.1
10/11/2001,1.5
11/11/2001,17.0
12/11/2001,6.6
13/11/2001,18.2
14/11/2001,1.6
15/11/2001,10.2
16/11/2001,85.5
17/11/2001,80.9
18/11/2001,16.9
19/11/2001,0.5
20/11/2001,0.8
21/11/2001,0.0
22/11/2001,38.5
23/11/2001,0.5
24/11/2001,2.6
25/11/2001,13.5
26/11/2001,0.0
27/11/2001,0.0
28/11/2001,0.0
29/11/2001,19.6
30/11/2001,3.1
01/12/2001,0.0
02/12/2001,0.0
03/12/2001,0.0
04/12/2001,0.0
05/12/2001,29.3
06/12/2001,0.0
07/12/2001,0.9
08/12/2001,0.0
09/12/2001,0.0
10/12/2001,0.0
11/12/2001,0.0
12/12/2001,0.0
13/12/2001,293.6
14/12/2001,21.5
15/12/2001,22.3
16/12/2001,36.1
17/12/2001,16.0
18/12/2001,6.7
19/12/2001,26.6
20/12/2001,31.1
21/12/2001,95.6
22/12/2001,124.5
23/12/2001,12.1
24/12/2001,2.1
25/12/2001,5.1
26/12/2001,47.4
27/12/2001,113.5
28/12/2001,62.9
29/12/2001,5.9
30/12/2001,0.0
31/12/2001,0.0
01/01/2002,0.0
02/01/2002,0.0
03/01/2002,0.0
04/01/2002,2.8
05/01/2002,10.2
06/01/2002,4.2
07/01/2002,8.1
08/01/2002,6.5
09/01/2002,7.3
10/01/2002,5.5
11/01/2002,6.6
12/01/2002,1.3
13/01/2002,0.0
14/01/2002,0.0
15/01/2002,0.0
16/01/2002,0.0
17/01/2002,0.0
18/01/2002,0.0
19/01/2002,48.4
20/01/2002,9.8
21/01/2002,2.7
22/01/2002,5.7
23/01/2002,19.6
24/01/2002,8.0
25/01/2002,2.8
26/01/2002,0.4
27/01/2002,0.0
28/01/2002,0.0
29/01/2002,0.8
30/01/2002,4.6
31/01/2002,0.4
01/02/2002,0.0
02/02/2002,11.9
03/02/2002,0.0
04/02/2002,0.0
05/02/2002,0.0
06/02/2002,0.0
07/02/2002,0.0
08/02/2002,0.0
09/02/2002,0.0
10/02/2002,0.0
11/02/2002,0.0
12/02/2002,3.5
13/02/2002,3.8
14/02/2002,0.0
15/02/2002,0.0
16/02/2002,0.0
17/02/2002,0.0
18/02/2002,0.0
19/02/2002,0.0
20/02/2002,6.3
21/02/2002,2.3
22/02/2002,0.0
23/02/2002,0.0
24/02/2002,0.0
25/02/2002,0.0
26/02/2002,5.3
27/02/2002,1.9
28/02/2002,0.0
01/03/2002,0.0
02/03/2002,0.0
03/03/2002,0.0
04/03/2002,0.0
05/03/2002,0.0
06/03/2002,0.0
07/03/2002,0.0
08/03/2002,0.0
09/03/2002,0.6
10/03/2002,19.4
11/03/2002,0.0
12/03/2002,0.0
13/03/2002,0.0
14/03/2002,0.0
15/03/2002,0.0
16/03/2002,0.0
17/03/2002,0.0
18/03/2002,0.0
19/03/2002,12.8
20/03/2002,218.1
21/03/2002,7.3
22/03/2002,17.2
23/03/2002,0.8
24/03/2002,5.3
25/03/2002,0.0
26/03/2002,0.0
27/03/2002,0.0
28/03/2002,0.0
29/03/2002,0.0
30/03/2002,0.0
31/03/2002,0.0
01/04/2002,0.0
02/04/2002,0.0
03/04/2002,10.3
04/04/2002,0.2
05/04/2002,0.0
06/04/2002,0.0
07/04/2002,0.0
08/04/2002,19.7
09/04/2002,37.9
10/04/2002,0.0
11/04/2002,0.0
12/04/2002,0.0
13/04/2002,5.6
14/04/2002,4.1
15/04/2002,0.0
16/04/2002,5.4
17/04/2002,0.0
18/04/2002,0.0
19/04/2002,0.0
20/04/2002,0.0
21/04/2002,0.0
22/04/2002,0.0
23/04/2002,0.0
24/04/2002,0.0
25/04/2002,6.0
26/04/2002,4.1
27/04/2002,0.0
28/04/2002,0.0
29/04/2002,5.7
30/04/2002,2.9
01/05/2002,30.5
02/05/2002,0.0
03/05/2002,3.1
04/05/2002,4.7
05/05/2002,0.6
06/05/2002,1.3
07/05/2002,55.5
08/05/2002,8.0
09/05/2002,0.0
10/05/2002,0.0
11/05/2002,0.0
12/05/2002,0.0
13/05/2002,0.0
14/05/2002,0.0
15/05/2002,0.0
16/05/2002,0.0
17/05/2002,0.0
18/05/2002,3.0
19/05/2002,0.8
20/05/2002,17.0
21/05/2002,6.2
22/05/2002,10.9
23/05/2002,0.0
24/05/2002,0.0
25/05/2002,0.0
26/05/2002,21.1
27/05/2002,18.6
28/05/2002,1.4
29/05/2002,0.0
30/05/2002,0.0
31/05/2002,0.0
01/06/2002,0.0
02/06/2002,0.0
03/06/2002,4.7
04/06/2002,0.0
05/06/2002,0.0
06/06/2002,58.2
07/06/2002,7.4
08/06/2002,10.1
09/06/2002,0.6
10/06/2002,0.0
11/06/2002,58.1
12/06/2002,8.0
13/06/2002,10.0
14/06/2002,0.9
15/06/2002,0.0
16/06/2002,1.3
17/06/2002,0.0
26/06/2002,0.0
27/06/2002,4.2
28/06/2002,0.0
29/06/2002,21.7
30/06/2002,8.9
01/07/2002,2.3
02/07/2002,36.4
03/07/2002,0.0
04/07/2002,7.7
05/07/2002,0.0
06/07/2002,2.9
07/07/2002,0.3
08/07/2002,35.9
09/07/2002,0.4
10/07/2002,0.0
11/07/2002,0.0
12/07/2002,0.4
13/07/2002,3.6
14/07/2002,0.9
15/07/2002,0.0
16/07/2002,0.0
17/07/2002,11.5
18/07/2002,0.0
19/07/2002,0.0
20/07/2002,0.0
21/07/2002,0.0
22/07/2002,0.0
23/07/2002,56.5
24/07/2002,4.5
25/07/2002,26.0
26/07/2002,0.0
27/07/2002,0.0
28/07/2002,0.0
29/07/2002,2.5
30/07/2002,0.0
31/07/2002,0.0
01/08/2002,0.0
02/08/2002,21.5
03/08/2002,21.5
04/08/2002,0.0
05/08/2002,0.0
06/08/2002,0.0
07/08/2002,0.0
08/08/2002,10.5
09/08/2002,14.0
10/08/2002,35.5
11/08/2002,0.0
12/08/2002,0.0
13/08/2002,0.0
14/08/2002,0.0
15/08/2002,0.0
16/08/2002,9.5
17/08/2002,0.0
18/08/2002,0.0
19/08/2002,0.0
20/08/2002,0.0
21/08/2002,0.0
22/08/2002,8.5
23/08/2002,16.0
24/08/2002,0.0
25/08/2002,0.0
26/08/2002,75.0
27/08/2002,0.0
28/08/2002,32.5
29/08/2002,6.0
30/08/2002,15.0
31/08/2002,0.0
01/09/2002,0.0
02/09/2002,0.0
03/09/2002,27.0
04/09/2002,19.0
05/09/2002,0.0
06/09/2002,15.5
07/09/2002,23.5
08/09/2002,6.0
09/09/2002,17.0
10/09/2002,48.5
11/09/2002,0.0
12/09/2002,0.0
13/09/2002,22.5
14/09/2002,0.0
15/09/2002,50.0
16/09/2002,0.0
17/09/2002,8.5
18/09/2002,99.5
19/09/2002,0.0
20/09/2002,29.5
21/09/2002,51.0
22/09/2002,29.0
23/09/2002,0.0
24/09/2002,0.0
25/09/2002,0.0
26/09/2002,0.0
27/09/2002,0.0
28/09/2002,0.0
29/09/2002,22.0
30/09/2002,0.0
01/10/2002,19.0
02/10/2002,0.0
03/10/2002,0.0
04/10/2002,18.5
05/10/2002,0.0
06/10/2002,14.0
07/10/2002,0.0
08/10/2002,22.0
09/10/2002,35.0
10/10/2002,0.0
11/10/2002,47.5
12/10/2002,12.0
13/10/2002,16.0
14/10/2002,0.0
15/10/2002,0.0
16/10/2002,0.0
17/10/2002,18.0
18/10/2002,9.5
19/10/2002,0.0
20/10/2002,0.0
21/10/2002,0.0
22/10/2002,0.0
23/10/2002,20.0
24/10/2002,0.0
25/10/2002,34.5
26/10/2002,0.0
27/10/2002,0.0
28/10/2002,0.0
29/10/2002,0.0
30/10/2002,0.0
31/10/2002,0.0
01/11/2002,16.0
02/11/2002,0.0
03/11/2002,15.5
04/11/2002,10.5
05/11/2002,0.0
06/11/2002,0.0
07/11/2002,0.0
08/11/2002,19.0
09/11/2002,0.0
10/11/2002,0.0
11/11/2002,0.0
12/11/2002,0.0
13/11/2002,14.0
14/11/2002,32.5
15/11/2002,0.0
16/11/2002,0.0
17/11/2002,0.0
18/11/2002,16.5
19/11/2002,43.0
20/11/2002,0.0
21/11/2002,0.0
22/11/2002,9.0
23/11/2002,63.0
24/11/2002,0.0
25/11/2002,0.0
26/11/2002,0.0
27/11/2002,0.0
28/11/2002,3.5
29/11/2002,0.0
30/11/2002,14.0
01/12/2002,70.5
02/12/2002,0.0
03/12/2002,0.0
04/12/2002,0.0
05/12/2002,0.0
06/12/2002,0.0
07/12/2002,0.0
08/12/2002,0.0
09/12/2002,8.0
10/12/2002,37.0
11/12/2002,70.5
12/12/2002,0.0
13/12/2002,81.5
14/12/2002,96.5
15/12/2002,14.0
16/12/2002,9.0
17/12/2002,15.5
18/12/2002,0.0
19/12/2002,0.0
20/12/2002,0.0
21/12/2002,21.0
22/12/2002,0.0
23/12/2002,0.0
24/12/2002,41.0
25/12/2002,17.0
26/12/2002,115.0
27/12/2002,0.0
28/12/2002,6.5
29/12/2002,0.0
30/12/2002,41.5
31/12/2002,48.0
01/01/2003,4.5
02/01/2003,58.0
03/01/2003,6.5
04/01/2003,15.0
05/01/2003,0.0
06/01/2003,13.0
07/01/2003,8.5
08/01/2003,14.0
09/01/2003,0.0
10/01/2003,0.0
11/01/2003,0.0
12/01/2003,0.0
13/01/2003,0.0
14/01/2003,0.0
15/01/2003,0.0
16/01/2003,5.0
17/01/2003,6.0
18/01/2003,18.0
19/01/2003,30.0
20/01/2003,7.5
21/01/2003,0.0
22/01/2003,1.0
23/01/2003,0.0
24/01/2003,0.0
25/01/2003,0.0
26/01/2003,0.0
27/01/2003,0.0
28/01/2003,7.0
29/01/2003,8.0
30/01/2003,9.0
31/01/2003,42.0
01/02/2003,63.0
02/02/2003,4.5
03/02/2003,1.0
04/02/2003,0.0
05/02/2003,0.0
06/02/2003,6.5
07/02/2003,0.0
08/02/2003,1.5
09/02/2003,1.5
10/02/2003,19.5
11/02/2003,1.5
12/02/2003,6.0
13/02/2003,1.5
14/02/2003,32.5
15/02/2003,143.0
16/02/2003,6.5
17/02/2003,3.5
18/02/2003,0.0
19/02/2003,0.0
20/02/2003,0.0
21/02/2003,0.0
22/02/2003,0.0
23/02/2003,0.0
24/02/2003,0.0
25/02/2003,0.0
26/02/2003,0.0
27/02/2003,0.0
28/02/2003,0.0
01/03/2003,0.0
02/03/2003,0.0
03/03/2003,0.0
04/03/2003,0.0
05/03/2003,0.0
06/03/2003,0.0
07/03/2003,0.0
08/03/2003,0.0
09/03/2003,9.0
10/03/2003,46.8
11/03/2003,23.1
12/03/2003,6.4
13/03/2003,0.4
14/03/2003,0.0
15/03/2003,16.4
16/03/2003,0.0
17/03/2003,0.0
18/03/2003,0.0
19/03/2003,0.0
20/03/2003,0.0
21/03/2003,0.0
22/03/2003,2.2
23/03/2003,1.5
24/03/2003,12.7
25/03/2003,1.9
26/03/2003,12.7
27/03/2003,33.9
28/03/2003,0.0
29/03/2003,0.0
30/03/2003,0.0
31/03/2003,15.4
01/04/2003,7.3
02/04/2003,4.6
03/04/2003,17.0
04/04/2003,8.7
05/04/2003,0.0
06/04/2003,0.0
07/04/2003,1.5
08/04/2003,0.0
09/04/2003,0.0
10/04/2003,8.0
11/04/2003,0.0
12/04/2003,0.0
13/04/2003,5.0
14/04/2003,0.0
15/04/2003,0.0
16/04/2003,3.0
17/04/2003,0.5
18/04/2003,0.0
19/04/2003,2.0
20/04/2003,0.0
21/04/2003,0.0
22/04/2003,0.0
23/04/2003,0.0
24/04/2003,0.0
25/04/2003,0.0
26/04/2003,0.0
27/04/2003,0.0
28/04/2003,0.0
29/04/2003,0.0
30/04/2003,20.0
01/05/2003,3.0
02/05/2003,0.0
03/05/2003,9.0
04/05/2003,25.5
05/05/2003,4.0
06/05/2003,0.0
07/05/2003,0.0
08/05/2003,0.0
09/05/2003,8.5
10/05/2003,0.5
11/05/2003,22.0
12/05/2003,0.5
13/05/2003,0.0
14/05/2003,1.5
15/05/2003,0.5
16/05/2003,0.0
17/05/2003,0.0
18/05/2003,0.0
19/05/2003,3.5
20/05/2003,0.0
21/05/2003,7.0
22/05/2003,0.0
23/05/2003,0.0
24/05/2003,0.0
25/05/2003,0.0
26/05/2003,0.0
27/05/2003,7.0
28/05/2003,0.0
29/05/2003,2.0
30/05/2003,13.0
31/05/2003,0.0
01/06/2003,0.0
02/06/2003,0.0
03/06/2003,0.0
04/06/2003,0.0
05/06/2003,0.0
06/06/2003,1.5
07/06/2003,0.0
08/06/2003,0.0
09/06/2003,0.0
10/06/2003,11.5
11/06/2003,6.0
12/06/2003,0.0
13/06/2003,21.5
14/06/2003,28.0
15/06/2003,52.0
16/06/2003,24.0
17/06/2003,21.5
18/06/2003,0.0
19/06/2003,0.0
20/06/2003,41.0
21/06/2003,3.5
22/06/2003,11.5
23/06/2003,21.0
24/06/2003,0.0
25/06/2003,0.0
26/06/2003,4.5
27/06/2003,3.0
28/06/2003,1.5
29/06/2003,8.5
30/06/2003,0.5
01/07/2003,38.5
02/07/2003,1.5
03/07/2003,1.0
04/07/2003,87.5
05/07/2003,0.5
06/07/2003,0.0
07/07/2003,1.5
08/07/2003,0.0
09/07/2003,0.0
10/07/2003,23.5
11/07/2003,0.5
12/07/2003,2.0
13/07/2003,17.0
14/07/2003,0.0
15/07/2003,0.0
16/07/2003,18.0
17/07/2003,18.0
18/07/2003,22.5
19/07/2003,63.0
20/07/2003,8.0
21/07/2003,1.0
22/07/2003,0.0
23/07/2003,0.0
24/07/2003,0.0
25/07/2003,0.0
26/07/2003,0.0
27/07/2003,0.0
28/07/2003,0.0
29/07/2003,0.0
30/07/2003,0.0
31/07/2003,0.0
01/08/2003,5.5
02/08/2003,0.0
03/08/2003,0.5
04/08/2003,0.0
05/08/2003,4.5
06/08/2003,0.0
07/08/2003,0.0
08/08/2003,19.5
09/08/2003,8.0
10/08/2003,6.5
11/08/2003,35.5
12/08/2003,50.0
13/08/2003,7.0
14/08/2003,52.0
15/08/2003,28.0
16/08/2003,0.0
17/08/2003,0.0
18/08/2003,0.5
19/08/2003,0.0
20/08/2003,0.0
21/08/2003,18.5
22/08/2003,0.5
23/08/2003,0.0
24/08/2003,2.0
25/08/2003,0.0
26/08/2003,0.0
27/08/2003,0.0
28/08/2003,0.0
29/08/2003,0.0
30/08/2003,0.0
31/08/2003,0.0
01/09/2003,0.5
02/09/2003,9.5
03/09/2003,0.0
04/09/2003,0.0
05/09/2003,0.5
06/09/2003,0.0
07/09/2003,0.0
08/09/2003,8.5
09/09/2003,14.5
10/09/2003,0.0
11/09/2003,0.0
12/09/2003,0.0
13/09/2003,0.0
14/09/2003,0.0
15/09/2003,0.0
16/09/2003,0.0
17/09/2003,7.0
18/09/2003,0.0
19/09/2003,6.3
20/09/2003,0.0
21/09/2003,0.0
22/09/2003,1.0
23/09/2003,11.5
24/09/2003,0.0
25/09/2003,0.0
26/09/2003,23.0
27/09/2003,0.0
28/09/2003,5.0
29/09/2003,0.0
30/09/2003,45.0
01/10/2003,0.0
02/10/2003,41.0
03/10/2003,64.0
04/10/2003,140.5
05/10/2003,0.0
06/10/2003,14.0
07/10/2003,0.0
08/10/2003,11.5
09/10/2003,0.0
10/10/2003,66.0
11/10/2003,0.0
12/10/2003,0.0
13/10/2003,15.5
14/10/2003,0.0
15/10/2003,10.5
16/10/2003,0.0
17/10/2003,36.5
18/10/2003,0.0
19/10/2003,0.0
20/10/2003,0.0
21/10/2003,0.0
22/10/2003,0.0
23/10/2003,9.0
24/10/2003,0.0
25/10/2003,0.0
26/10/2003,38.5
27/10/2003,13.0
28/10/2003,0.0
29/10/2003,13.0
30/10/2003,7.5
31/10/2003,0.0
01/11/2003,9.0
02/11/2003,0.0
03/11/2003,0.0
04/11/2003,0.0
05/11/2003,0.0
06/11/2003,0.0
07/11/2003,0.0
08/11/2003,0.0
09/11/2003,0.0
10/11/2003,0.0
11/11/2003,0.0
12/11/2003,0.0
13/11/2003,0.0
14/11/2003,0.0
15/11/2003,0.0
16/11/2003,0.0
17/11/2003,0.0
18/11/2003,0.0
19/11/2003,0.0
20/11/2003,0.0
21/11/2003,0.0
22/11/2003,0.0
23/11/2003,0.0
24/11/2003,0.0
25/11/2003,0.0
26/11/2003,0.0
27/11/2003,0.0
28/11/2003,0.0
29/11/2003,0.0
30/11/2003,0.0
01/12/2003,0.0
02/12/2003,0.0
03/12/2003,0.0
04/12/2003,0.0
05/12/2003,0.0
06/12/2003,0.0
07/12/2003,0.0
08/12/2003,0.0
09/12/2003,0.0
10/12/2003,0.0
11/12/2003,0.0
12/12/2003,0.0
13/12/2003,0.0
14/12/2003,0.0
15/12/2003,0.0
16/12/2003,0.0
17/12/2003,0.0
18/12/2003,0.0
19/12/2003,0.0
20/12/2003,0.0
21/12/2003,0.0
22/12/2003,0.0
23/12/2003,0.0
24/12/2003,0.0
25/12/2003,0.0
26/12/2003,0.0
27/12/2003,0.0
28/12/2003,0.0
29/12/2003,0.0
30/12/2003,0.0
31/12/2003,0.0
01/01/2004,0.0
02/01/2004,0.0
03/01/2004,0.0
04/01/2004,0.0
05/01/2004,0.0
06/01/2004,0.0
07/01/2004,0.0
08/01/2004,0.0
09/01/2004,0.0
10/01/2004,0.0
11/01/2004,0.0
12/01/2004,0.0
13/01/2004,0.0
14/01/2004,0.0
15/01/2004,0.0
16/01/2004,0.0
17/01/2004,0.0
18/01/2004,0.0
19/01/2004,0.0
20/01/2004,0.0
21/01/2004,0.0
22/01/2004,0.0
23/01/2004,0.0
24/01/2004,0.0
25/01/2004,0.0
26/01/2004,0.0
27/01/2004,0.0
28/01/2004,0.0
29/01/2004,4.4
30/01/2004,5.4
31/01/2004,1.1
01/02/2004,1.2
02/02/2004,17.6
03/02/2004,0.5
04/02/2004,0.0
05/02/2004,0.0
06/02/2004,0.0
07/02/2004,0.0
08/02/2004,0.0
09/02/2004,0.0
10/02/2004,0.0
11/02/2004,0.0
12/02/2004,0.0
13/02/2004,3.9
14/02/2004,2.6
15/02/2004,0.0
16/02/2004,0.0
17/02/2004,0.0
18/02/2004,0.0
19/02/2004,0.0
20/02/2004,0.0
21/02/2004,0.0
22/02/2004,0.0
23/02/2004,0.0
24/02/2004,0.0
25/02/2004,0.0
26/02/2004,0.0
27/02/2004,0.0
28/02/2004,0.0
29/02/2004,0.0
01/03/2004,0.0
02/03/2004,0.0
03/03/2004,0.0
04/03/2004,0.0
05/03/2004,0.0
06/03/2004,0.0
07/03/2004,0.0
08/03/2004,1.1
09/03/2004,5.5
10/03/2004,38.0
11/03/2004,24.7
12/03/2004,8.9
13/03/2004,0.0
14/03/2004,30.5
15/03/2004,0.0
16/03/2004,0.0
17/03/2004,0.0
18/03/2004,0.0
19/03/2004,0.0
20/03/2004,0.0
21/03/2004,0.0
22/03/2004,0.0
23/03/2004,0.0
24/03/2004,0.0
25/03/2004,0.0
26/03/2004,0.0
27/03/2004,0.0
28/03/2004,0.0
29/03/2004,0.0
30/03/2004,0.0
31/03/2004,7.0
01/04/2004,3.5
02/04/2004,0.0
03/04/2004,0.0
04/04/2004,1.0
05/04/2004,0.0
06/04/2004,0.0
07/04/2004,0.0
08/04/2004,0.0
09/04/2004,0.0
10/04/2004,0.0
11/04/2004,0.0
12/04/2004,0.0
13/04/2004,0.0
14/04/2004,0.0
15/04/2004,0.0
16/04/2004,0.0
17/04/2004,0.0
18/04/2004,0.0
19/04/2004,0.0
20/04/2004,0.0
21/04/2004,0.0
22/04/2004,0.0
23/04/2004,6.8
24/04/2004,2.5
25/04/2004,0.0
26/04/2004,0.0
27/04/2004,0.0
28/04/2004,67.5
29/04/2004,8.0
30/04/2004,3.0
01/05/2004,61.5
02/05/2004,0.0
03/05/2004,2.5
04/05/2004,5.0
05/05/2004,0.0
06/05/2004,0.5
07/05/2004,3.5
08/05/2004,0.0
09/05/2004,0.0
10/05/2004,14.5
11/05/2004,0.0
12/05/2004,18.5
13/05/2004,11.5
14/05/2004,0.0
15/05/2004,0.0
16/05/2004,8.0
17/05/2004,3.0
18/05/2004,0.0
19/05/2004,0.0
20/05/2004,0.0
21/05/2004,14.0
22/05/2004,26.5
23/05/2004,4.5
24/05/2004,0.5
25/05/2004,2.5
26/05/2004,0.5
27/05/2004,24.5
28/05/2004,0.0
29/05/2004,0.0
30/05/2004,0.0
31/05/2004,10.0
01/06/2004,0.0
02/06/2004,3.5
03/06/2004,9.5
04/06/2004,0.0
05/06/2004,1.5
06/06/2004,3.0
07/06/2004,0.5
08/06/2004,10.5
09/06/2004,32.5
10/06/2004,0.0
11/06/2004,3.5
12/06/2004,23.0
13/06/2004,0.0
14/06/2004,1.0
15/06/2004,0.0
16/06/2004,0.0
17/06/2004,0.0
18/06/2004,0.0
19/06/2004,0.0
20/06/2004,0.0
21/06/2004,0.5
22/06/2004,1.0
23/06/2004,0.0
24/06/2004,3.0
25/06/2004,22.0
26/06/2004,25.5
27/06/2004,0.0
28/06/2004,1.0
29/06/2004,22.5
30/06/2004,14.0
01/07/2004,1.5
02/07/2004,0.5
03/07/2004,12.5
04/07/2004,0.0
05/07/2004,0.0
06/07/2004,0.0
07/07/2004,0.0
08/07/2004,0.0
09/07/2004,0.5
10/07/2004,45.5
11/07/2004,16.5
12/07/2004,25.5
13/07/2004,0.0
14/07/2004,71.5
15/07/2004,3.0
16/07/2004,2.0
17/07/2004,2.5
18/07/2004,0.5
19/07/2004,0.0
20/07/2004,3.0
21/07/2004,0.5
22/07/2004,0.0
23/07/2004,0.0
24/07/2004,3.0
25/07/2004,0.0
26/07/2004,3.0
27/07/2004,0.0
28/07/2004,33.0
29/07/2004,7.0
30/07/2004,0.0
31/07/2004,0.5
01/08/2004,25.5
02/08/2004,0.0
03/08/2004,0.0
04/08/2004,0.0
05/08/2004,0.0
06/08/2004,0.0
07/08/2004,0.0
08/08/2004,2.5
09/08/2004,0.0
10/08/2004,0.0
11/08/2004,27.5
12/08/2004,4.5
13/08/2004,14.0
14/08/2004,44.5
15/08/2004,13.0
16/08/2004,34.0
17/08/2004,4.0
18/08/2004,0.0
19/08/2004,0.5
20/08/2004,2.0
21/08/2004,0.5
22/08/2004,6.5
23/08/2004,34.0
24/08/2004,3.0
25/08/2004,23.5
26/08/2004,0.0
27/08/2004,0.0
28/08/2004,0.5
29/08/2004,0.0
30/08/2004,0.0
31/08/2004,0.0
01/09/2004,0.0
02/09/2004,0.0
03/09/2004,0.0
04/09/2004,0.0
05/09/2004,0.0
06/09/2004,0.0
07/09/2004,0.0
08/09/2004,0.0
09/09/2004,0.0
10/09/2004,1.3
11/09/2004,7.0
12/09/2004,0.0
13/09/2004,0.0
14/09/2004,3.8
15/09/2004,18.3
16/09/2004,21.2
17/09/2004,0.0
18/09/2004,62.6
19/09/2004,0.0
20/09/2004,0.8
21/09/2004,0.0
22/09/2004,1.0
23/09/2004,0.0
24/09/2004,0.0
25/09/2004,0.4
26/09/2004,4.7
27/09/2004,0.0
28/09/2004,3.5
29/09/2004,21.5
30/09/2004,0.5
01/10/2004,14.5
02/10/2004,33.5
03/10/2004,1.0
04/10/2004,24.0
05/10/2004,27.0
06/10/2004,30.0
07/10/2004,72.0
08/10/2004,6.0
09/10/2004,0.5
10/10/2004,26.0
11/10/2004,1.0
12/10/2004,0.0
13/10/2004,1.0
14/10/2004,47.5
15/10/2004,29.0
16/10/2004,0.0
17/10/2004,0.0
18/10/2004,0.5
19/10/2004,31.5
20/10/2004,11.0
21/10/2004,76.5
22/10/2004,9.0
23/10/2004,13.5
24/10/2004,1.0
25/10/2004,22.5
26/10/2004,34.5
27/10/2004,35.0
28/10/2004,11.0
29/10/2004,55.0
30/10/2004,27.0
31/10/2004,0.0
01/11/2004,31.0
02/11/2004,1.0
03/11/2004,1.0
04/11/2004,75.5
05/11/2004,36.0
06/11/2004,5.0
07/11/2004,0.0
08/11/2004,1.0
09/11/2004,91.5
10/11/2004,31.5
11/11/2004,7.0
12/11/2004,24.0
13/11/2004,15.5
14/11/2004,19.0
15/11/2004,2.0
16/11/2004,19.0
17/11/2004,0.0
18/11/2004,3.0
19/11/2004,1.0
20/11/2004,13.5
21/11/2004,15.0
22/11/2004,2.0
23/11/2004,0.0
24/11/2004,0.0
25/11/2004,0.0
26/11/2004,3.0
27/11/2004,44.5
28/11/2004,115.0
29/11/2004,35.5
30/11/2004,16.5
01/12/2004,9.5
02/12/2004,0.0
03/12/2004,0.0
04/12/2004,1.0
05/12/2004,8.0
06/12/2004,17.5
07/12/2004,59.5
08/12/2004,214.5
09/12/2004,131.5
10/12/2004,286.5
11/12/2004,220.0
12/12/2004,21.5
13/12/2004,3.0
14/12/2004,1.0
15/12/2004,0.0
16/12/2004,0.0
17/12/2004,33.5
18/12/2004,0.5
19/12/2004,0.0
20/12/2004,0.0
21/12/2004,0.5
22/12/2004,2.0
23/12/2004,0.0
24/12/2004,0.0
25/12/2004,1.5
26/12/2004,1.5
27/12/2004,0.0
28/12/2004,11.0
29/12/2004,23.5
30/12/2004,32.5
31/12/2004,5.5
01/01/2005,19.5
02/01/2005,3.5
03/01/2005,1.0
04/01/2005,4.0
05/01/2005,0.0
06/01/2005,0.0
07/01/2005,26.0
08/01/2005,29.0
09/01/2005,6.5
10/01/2005,0.0
11/01/2005,2.0
12/01/2005,6.5
13/01/2005,0.0
14/01/2005,0.5
15/01/2005,0.0
16/01/2005,1.5
17/01/2005,0.0
18/01/2005,0.0
19/01/2005,0.0
20/01/2005,0.0
21/01/2005,2.0
22/01/2005,16.0
23/01/2005,0.0
24/01/2005,0.0
25/01/2005,0.0
26/01/2005,0.0
27/01/2005,0.0
28/01/2005,0.0
29/01/2005,0.0
30/01/2005,0.0
31/01/2005,0.0
01/02/2005,0.0
02/02/2005,0.0
03/02/2005,0.0
04/02/2005,0.0
05/02/2005,0.0
06/02/2005,0.0
07/02/2005,0.0
08/02/2005,0.0
09/02/2005,6.5
10/02/2005,0.0
11/02/2005,5.0
12/02/2005,0.0
13/02/2005,0.0
14/02/2005,0.0
15/02/2005,0.0
16/02/2005,0.0
17/02/2005,0.0
18/02/2005,0.0
19/02/2005,0.0
20/02/2005,0.0
21/02/2005,0.0
22/02/2005,0.0
23/02/2005,0.0
24/02/2005,0.0
25/02/2005,0.0
26/02/2005,0.0
27/02/2005,2.5
28/02/2005,0.0
01/03/2005,7.5
02/03/2005,0.0
03/03/2005,0.0
04/03/2005,0.5
05/03/2005,5.0
06/03/2005,4.5
07/03/2005,0.0
08/03/2005,0.0
09/03/2005,0.0
10/03/2005,0.0
11/03/2005,0.0
12/03/2005,0.0
13/03/2005,0.0
14/03/2005,23.5
15/03/2005,1.0
16/03/2005,0.0
17/03/2005,1.0
18/03/2005,0.0
19/03/2005,0.0
20/03/2005,0.0
21/03/2005,0.0
22/03/2005,0.0
23/03/2005,0.0
24/03/2005,0.0
25/03/2005,21.0
26/03/2005,50.5
27/03/2005,33.0
28/03/2005,8.0
29/03/2005,1.0
30/03/2005,1.0
31/03/2005,0.0
01/04/2005,0.0
02/04/2005,2.0
03/04/2005,54.5
04/04/2005,12.5
05/04/2005,2.0
06/04/2005,9.0
07/04/2005,4.0
08/04/2005,0.0
09/04/2005,15.5
10/04/2005,0.0
11/04/2005,0.0
12/04/2005,0.0
13/04/2005,0.0
14/04/2005,0.0
15/04/2005,1.5
16/04/2005,3.0
17/04/2005,0.0
18/04/2005,0.0
19/04/2005,0.0
20/04/2005,0.0
21/04/2005,0.0
22/04/2005,0.0
23/04/2005,0.0
24/04/2005,0.0
25/04/2005,0.0
26/04/2005,0.0
27/04/2005,0.0
28/04/2005,0.0
29/04/2005,0.0
30/04/2005,0.0
01/05/2005,0.0
02/05/2005,0.0
03/05/2005,0.0
04/05/2005,0.0
05/05/2005,6.5
06/05/2005,0.5
07/05/2005,15.0
08/05/2005,0.0
09/05/2005,0.0
10/05/2005,33.0
11/05/2005,13.5
12/05/2005,1.5
13/05/2005,9.5
14/05/2005,1.0
15/05/2005,3.0
16/05/2005,4.0
17/05/2005,0.5
18/05/2005,0.0
19/05/2005,9.5
20/05/2005,0.0
21/05/2005,0.0
22/05/2005,0.0
23/05/2005,2.5
24/05/2005,4.5
25/05/2005,0.0
26/05/2005,0.0
27/05/2005,31.0
28/05/2005,9.5
29/05/2005,19.0
30/05/2005,0.0
31/05/2005,3.5
01/06/2005,0.0
02/06/2005,15.5
03/06/2005,0.0
04/06/2005,0.5
05/06/2005,40.0
06/06/2005,0.0
07/06/2005,35.5
08/06/2005,3.0
09/06/2005,0.0
10/06/2005,0.0
11/06/2005,0.0
12/06/2005,1.5
13/06/2005,0.0
14/06/2005,22.0
15/06/2005,22.0
16/06/2005,0.5
17/06/2005,24.5
18/06/2005,0.0
19/06/2005,9.5
20/06/2005,41.5
21/06/2005,16.0
22/06/2005,3.0
23/06/2005,1.0
24/06/2005,0.0
25/06/2005,0.0
26/06/2005,3.5
27/06/2005,0.0
28/06/2005,0.0
29/06/2005,1.0
30/06/2005,0.0
01/07/2005,0.0
02/07/2005,0.0
03/07/2005,0.5
04/07/2005,0.5
05/07/2005,64.5
06/07/2005,6.0
07/07/2005,0.5
08/07/2005,0.0
09/07/2005,1.0
10/07/2005,0.0
11/07/2005,0.0
12/07/2005,0.0
13/07/2005,0.0
14/07/2005,0.0
15/07/2005,0.0
16/07/2005,5.5
17/07/2005,0.0
18/07/2005,0.0
19/07/2005,0.0
20/07/2005,0.0
21/07/2005,0.0
22/07/2005,0.0
23/07/2005,0.0
24/07/2005,1.5
25/07/2005,0.5
26/07/2005,5.0
27/07/2005,0.0
28/07/2005,1.0
29/07/2005,0.0
30/07/2005,0.0
31/07/2005,0.0
01/08/2005,3.0
02/08/2005,11.0
03/08/2005,9.5
04/08/2005,0.0
05/08/2005,7.0
06/08/2005,34.0
07/08/2005,0.0
08/08/2005,0.0
09/08/2005,0.0
10/08/2005,0.0
11/08/2005,0.0
12/08/2005,0.0
13/08/2005,0.0
14/08/2005,10.0
15/08/2005,0.0
16/08/2005,0.0
17/08/2005,0.0
18/08/2005,5.0
19/08/2005,0.0
20/08/2005,0.0
21/08/2005,54.5
22/08/2005,46.0
23/08/2005,5.0
24/08/2005,24.0
25/08/2005,16.5
26/08/2005,13.0
27/08/2005,11.0
28/08/2005,1.0
29/08/2005,0.0
30/08/2005,0.0
31/08/2005,0.5
01/09/2005,0.0
02/09/2005,0.0
03/09/2005,36.5
04/09/2005,0.5
05/09/2005,0.0
06/09/2005,0.0
07/09/2005,34.5
08/09/2005,0.0
09/09/2005,0.0
10/09/2005,18.0
11/09/2005,2.5
12/09/2005,0.0
13/09/2005,0.0
14/09/2005,8.5
15/09/2005,14.5
16/09/2005,1.5
17/09/2005,2.5
18/09/2005,7.5
19/09/2005,46.5
20/09/2005,0.5
21/09/2005,53.5
22/09/2005,7.5
23/09/2005,53.0
24/09/2005,1.0
25/09/2005,0.0
26/09/2005,7.0
27/09/2005,1.0
28/09/2005,0.0
29/09/2005,1.0
30/09/2005,0.5
01/10/2005,7.5
02/10/2005,43.5
03/10/2005,2.0
04/10/2005,0.5
05/10/2005,113.5
06/10/2005,0.5
07/10/2005,10.5
08/10/2005,69.5
09/10/2005,10.0
10/10/2005,3.0
11/10/2005,0.0
12/10/2005,0.0
13/10/2005,1.0
14/10/2005,13.5
15/10/2005,3.5
16/10/2005,8.5
17/10/2005,3.0
18/10/2005,0.0
19/10/2005,4.0
20/10/2005,4.0
21/10/2005,0.5
22/10/2005,19.0
23/10/2005,16.5
24/10/2005,2.0
25/10/2005,0.0
26/10/2005,10.0
08/12/2005,0.0
09/12/2005,1.5
10/12/2005,1.0
11/12/2005,0.0
12/12/2005,8.0
13/12/2005,11.5
14/12/2005,3.5
15/12/2005,0.5
16/12/2005,76.5
17/12/2005,346.0
18/12/2005,21.5
19/12/2005,2.5
20/12/2005,0.0
21/12/2005,0.0
22/12/2005,14.5
23/12/2005,44.0
24/12/2005,26.0
25/12/2005,34.5
26/12/2005,10.5
27/12/2005,2.0
28/12/2005,1.0
29/12/2005,0.0
30/12/2005,0.0
31/12/2005,4.5
01/01/2006,66.0
02/01/2006,28.0
03/01/2006,22.0
04/01/2006,24.5
05/01/2006,1.0
06/01/2006,32.5
07/01/2006,49.0
08/01/2006,8.5
09/01/2006,26.0
10/01/2006,10.0
11/01/2006,7.5
12/01/2006,1.5
13/01/2006,0.0
14/01/2006,0.0
15/01/2006,0.0
16/01/2006,0.0
17/01/2006,0.5
18/01/2006,0.0
19/01/2006,0.0
20/01/2006,0.0
21/01/2006,0.0
22/01/2006,0.0
23/01/2006,0.0
24/01/2006,5.0
25/01/2006,0.0
26/01/2006,0.0
27/01/2006,0.0
28/01/2006,0.0
29/01/2006,0.0
30/01/2006,0.0
31/01/2006,0.0
01/02/2006,8.0
02/02/2006,1.5
03/02/2006,2.5
04/02/2006,11.0
05/02/2006,3.5
06/02/2006,1.0
07/02/2006,0.0
08/02/2006,0.5
09/02/2006,8.5
10/02/2006,91.5
11/02/2006,176.0
12/02/2006,118.5
13/02/2006,251.5
14/02/2006,3.5
15/02/2006,0.0
16/02/2006,0.0
17/02/2006,0.0
18/02/2006,0.0
19/02/2006,2.0
20/02/2006,1.5
21/02/2006,1.0
22/02/2006,12.5
23/02/2006,7.0
24/02/2006,2.0
25/02/2006,0.0
26/02/2006,1.0
27/02/2006,0.0
28/02/2006,0.0
01/03/2006,0.0
02/03/2006,8.5
03/03/2006,4.5
04/03/2006,3.0
05/03/2006,0.0
06/03/2006,0.0
07/03/2006,0.0
08/03/2006,0.0
09/03/2006,0.0
10/03/2006,0.0
11/03/2006,0.0
12/03/2006,0.0
13/03/2006,0.0
14/03/2006,0.0
15/03/2006,0.0
16/03/2006,0.0
17/03/2006,0.0
18/03/2006,0.0
19/03/2006,7.5
20/03/2006,0.0
21/03/2006,37.5
22/03/2006,1.0
23/03/2006,16.5
24/03/2006,2.5
25/03/2006,5.5
26/03/2006,70.5
27/03/2006,10.0
28/03/2006,0.5
29/03/2006,0.0
30/03/2006,0.0
31/03/2006,1.0
01/04/2006,0.5
02/04/2006,13.5
03/04/2006,0.5
04/04/2006,0.0
05/04/2006,0.0
06/04/2006,0.0
07/04/2006,0.0
08/04/2006,3.5
09/04/2006,18.0
10/04/2006,1.0
11/04/2006,25.0
12/04/2006,29.0
13/04/2006,0.0
14/04/2006,0.5
15/04/2006,77.0
16/04/2006,0.5
17/04/2006,0.5
18/04/2006,19.5
19/04/2006,0.5
20/04/2006,0.5
21/04/2006,0.0
22/04/2006,0.5
23/04/2006,15.0
24/04/2006,0.0
25/04/2006,0.0
26/04/2006,0.0
27/04/2006,0.0
28/04/2006,0.0
29/04/2006,0.0
30/04/2006,1.0
01/05/2006,22.0
02/05/2006,3.5
03/05/2006,41.5
04/05/2006,0.0
05/05/2006,6.0
06/05/2006,0.0
07/05/2006,36.5
08/05/2006,37.5
09/05/2006,0.0
10/05/2006,0.0
11/05/2006,0.0
12/05/2006,0.0
13/05/2006,14.0
14/05/2006,42.0
15/05/2006,1.0
16/05/2006,29.5
17/05/2006,33.5
18/05/2006,4.0
19/05/2006,8.5
20/05/2006,17.0
21/05/2006,2.0
22/05/2006,3.0
23/05/2006,0.0
24/05/2006,5.0
25/05/2006,0.0
26/05/2006,2.5
27/05/2006,0.0
28/05/2006,38.0
29/05/2006,0.5
30/05/2006,27.5
31/05/2006,5.5
01/06/2006,0.0
02/06/2006,0.0
03/06/2006,0.0
04/06/2006,0.0
05/06/2006,0.0
06/06/2006,0.0
07/06/2006,0.0
08/06/2006,0.0
09/06/2006,0.0
10/06/2006,0.0
11/06/2006,0.0
12/06/2006,0.0
13/06/2006,0.0
14/06/2006,0.0
15/06/2006,0.0
16/06/2006,0.0
17/06/2006,0.0
18/06/2006,0.0
19/06/2006,0.0
20/06/2006,0.0
21/06/2006,0.0
22/06/2006,0.0
23/06/2006,0.0
24/06/2006,0.0
25/06/2006,0.0
26/06/2006,0.0
27/06/2006,0.0
28/06/2006,0.0
29/06/2006,0.0
30/06/2006,0.0
01/07/2006,0.0
02/07/2006,0.0
03/07/2006,0.0
04/07/2006,0.0
05/07/2006,0.0
06/07/2006,0.0
07/07/2006,0.0
08/07/2006,0.0
09/07/2006,0.0
10/07/2006,0.0
11/07/2006,0.0
12/07/2006,0.0
13/07/2006,0.0
14/07/2006,0.0
15/07/2006,0.0
16/07/2006,0.0
17/07/2006,0.0
18/07/2006,0.0
19/07/2006,0.0
20/07/2006,0.0
21/07/2006,0.0
22/07/2006,0.0
23/07/2006,0.0
24/07/2006,0.0
25/07/2006,0.0
26/07/2006,0.0
27/07/2006,0.0
28/07/2006,0.0
29/07/2006,0.0
30/07/2006,0.0
31/07/2006,0.0
01/08/2006,0.0
02/08/2006,0.0
03/08/2006,0.0
04/08/2006,0.0
05/08/2006,0.0
06/08/2006,0.0
07/08/2006,0.0
08/08/2006,0.0
09/08/2006,0.0
10/08/2006,0.0
11/08/2006,0.0
12/08/2006,0.0
13/08/2006,0.0
14/08/2006,0.0
15/08/2006,0.0
16/08/2006,0.0
17/08/2006,0.0
18/08/2006,0.0
19/08/2006,0.0
20/08/2006,0.0
21/08/2006,0.0
22/08/2006,0.0
23/08/2006,0.0
24/08/2006,0.0
25/08/2006,0.0
26/08/2006,0.0
27/08/2006,0.0
28/08/2006,0.0
29/08/2006,0.0
30/08/2006,0.0
31/08/2006,0.0
01/09/2006,0.0
02/09/2006,0.0
03/09/2006,0.0
04/09/2006,0.0
05/09/2006,0.0
06/09/2006,0.0
07/09/2006,0.0
08/09/2006,0.0
09/09/2006,0.0
10/09/2006,0.0
11/09/2006,0.0
12/09/2006,0.0
13/09/2006,0.0
14/09/2006,0.0
15/09/2006,0.0
16/09/2006,0.0
17/09/2006,0.0
18/09/2006,0.0
19/09/2006,0.0
20/09/2006,0.0
21/09/2006,7.5
22/09/2006,15.0
23/09/2006,10.5
24/09/2006,0.0
25/09/2006,14.5
26/09/2006,29.5
27/09/2006,0.0
28/09/2006,0.0
29/09/2006,21.5
30/09/2006,0.0
01/10/2006,0.0
02/10/2006,0.0
03/10/2006,0.0
04/10/2006,7.5
05/10/2006,0.5
06/10/2006,0.0
07/10/2006,0.0
08/10/2006,0.0
09/10/2006,24.0
10/10/2006,0.0
11/10/2006,28.5
12/10/2006,0.0
13/10/2006,0.0
14/10/2006,1.5
15/10/2006,0.0
16/10/2006,0.0
17/10/2006,0.0
18/10/2006,0.0
19/10/2006,0.0
20/10/2006,0.0
21/10/2006,3.5
22/10/2006,0.0
23/10/2006,6.5
24/10/2006,14.5
25/10/2006,21.0
26/10/2006,0.0
27/10/2006,0.0
28/10/2006,0.0
29/10/2006,0.0
30/10/2006,18.5
31/10/2006,0.0
01/11/2006,0.0
02/11/2006,0.0
03/11/2006,4.5
04/11/2006,5.5
05/11/2006,0.0
06/11/2006,9.5
07/11/2006,0.5
08/11/2006,0.5
09/11/2006,6.0
10/11/2006,31.0
11/11/2006,12.5
12/11/2006,6.5
13/11/2006,24.0
14/11/2006,21.0
15/11/2006,0.5
16/11/2006,2.5
17/11/2006,25.5
18/11/2006,19.5
19/11/2006,14.5
20/11/2006,5.5
21/11/2006,6.5
22/11/2006,0.5
23/11/2006,0.0
24/11/2006,24.5
25/11/2006,6.5
26/11/2006,16.5
27/11/2006,11.5
28/11/2006,11.0
29/11/2006,38.5
30/11/2006,22.5
01/12/2006,42.5
02/12/2006,0.5
03/12/2006,0.5
06/12/2006,0.0
07/12/2006,18.9
08/12/2006,39.1
09/12/2006,4.5
10/12/2006,0.5
11/12/2006,40.5
12/12/2006,0.5
13/12/2006,0.0
14/12/2006,0.4
15/12/2006,10.1
16/12/2006,35.1
17/12/2006,33.9
18/12/2006,43.6
19/12/2006,48.6
20/12/2006,148.6
21/12/2006,105.7
22/12/2006,4.0
23/12/2006,0.5
24/12/2006,0.0
25/12/2006,2.6
26/12/2006,14.1
27/12/2006,3.0
28/12/2006,14.3
29/12/2006,0.0
30/12/2006,0.0
31/12/2006,0.0
01/01/2007,1.7
02/01/2007,9.3
03/01/2007,0.0
04/01/2007,0.0
05/01/2007,2.0
06/01/2007,3.4
07/01/2007,264.4
08/01/2007,50.5
09/01/2007,26.0
10/01/2007,26.2
11/01/2007,8.1
12/01/2007,11.3
13/01/2007,26.6
14/01/2007,76.1
15/01/2007,15.4
16/01/2007,4.0
17/01/2007,9.5
18/01/2007,34.1
19/01/2007,40.9
20/01/2007,3.9
21/01/2007,1.6
22/01/2007,0.0
23/01/2007,0.8
24/01/2007,0.7
25/01/2007,14.7
26/01/2007,32.3
27/01/2007,2.8
28/01/2007,0.7
29/01/2007,0.0
30/01/2007,0.0
31/01/2007,0.0
01/02/2007,0.0
02/02/2007,0.0
03/02/2007,0.5
04/02/2007,0.0
05/02/2007,15.8
06/02/2007,28.7
07/02/2007,0.5
08/02/2007,0.0
09/02/2007,0.0
10/02/2007,0.0
11/02/2007,1.4
12/02/2007,24.9
13/02/2007,0.3
14/02/2007,0.0
15/02/2007,0.0
16/02/2007,0.0
17/02/2007,0.0
18/02/2007,0.0
19/02/2007,0.0
20/02/2007,0.0
21/02/2007,0.0
22/02/2007,0.0
23/02/2007,2.5
24/02/2007,0.0
25/02/2007,0.0
26/02/2007,0.0
27/02/2007,0.0
28/02/2007,7.0
01/03/2007,0.0
02/03/2007,0.0
03/03/2007,0.0
04/03/2007,0.0
05/03/2007,0.0
06/03/2007,0.0
07/03/2007,0.0
08/03/2007,0.0
09/03/2007,0.0
10/03/2007,0.0
11/03/2007,0.5
12/03/2007,18.0
13/03/2007,5.4
14/03/2007,13.1
15/03/2007,0.0
16/03/2007,0.0
17/03/2007,0.0
18/03/2007,0.0
19/03/2007,4.0
20/03/2007,0.5
21/03/2007,39.5
22/03/2007,2.5
23/03/2007,0.5
24/03/2007,74.0
25/03/2007,51.0
26/03/2007,0.0
27/03/2007,0.5
28/03/2007,0.0
29/03/2007,18.5
30/03/2007,30.9
31/03/2007,25.1
01/04/2007,7.0
02/04/2007,0.0
03/04/2007,0.0
04/04/2007,0.0
05/04/2007,0.0
06/04/2007,3.5
07/04/2007,5.0
08/04/2007,0.5
09/04/2007,41.5
10/04/2007,55.5
11/04/2007,0.4
12/04/2007,0.6
13/04/2007,5.5
14/04/2007,0.0
15/04/2007,0.0
16/04/2007,36.0
17/04/2007,0.0
18/04/2007,0.0
19/04/2007,0.0
20/04/2007,0.0
21/04/2007,0.0
22/04/2007,0.0
23/04/2007,8.0
24/04/2007,0.0
25/04/2007,0.5
26/04/2007,2.8
27/04/2007,23.0
28/04/2007,1.2
29/04/2007,38.5
30/04/2007,20.5
01/05/2007,7.5
02/05/2007,0.5
03/05/2007,0.0
04/05/2007,0.0
05/05/2007,17.9
06/05/2007,0.4
07/05/2007,1.1
08/05/2007,2.9
09/05/2007,72.7
10/05/2007,6.0
11/05/2007,4.0
12/05/2007,55.5
13/05/2007,6.0
14/05/2007,9.2
15/05/2007,20.3
16/05/2007,1.7
17/05/2007,1.3
18/05/2007,17.4
19/05/2007,23.1
20/05/2007,0.0
21/05/2007,0.0
22/05/2007,0.0
23/05/2007,0.0
24/05/2007,0.0
25/05/2007,6.5
26/05/2007,8.0
27/05/2007,0.0
28/05/2007,116.0
29/05/2007,16.5
30/05/2007,7.3
31/05/2007,13.6
01/06/2007,1.1
02/06/2007,0.0
03/06/2007,1.0
04/06/2007,1.5
05/06/2007,0.0
06/06/2007,3.0
07/06/2007,1.3
08/06/2007,15.2
09/06/2007,0.0
10/06/2007,0.0
11/06/2007,4.5
12/06/2007,1.0
13/06/2007,0.0
14/06/2007,0.0
15/06/2007,0.5
16/06/2007,3.4
17/06/2007,19.2
18/06/2007,14.8
19/06/2007,3.1
20/06/2007,19.6
21/06/2007,0.4
22/06/2007,15.5
23/06/2007,0.0
24/06/2007,23.0
25/06/2007,1.5
26/06/2007,7.0
27/06/2007,0.0
28/06/2007,0.0
29/06/2007,3.0
30/06/2007,0.0
01/07/2007,0.0
02/07/2007,0.0
03/07/2007,0.0
04/07/2007,0.5
05/07/2007,0.5
06/07/2007,0.5
07/07/2007,8.5
08/07/2007,32.1
09/07/2007,0.4
10/07/2007,65.5
11/07/2007,0.5
12/07/2007,0.0
13/07/2007,97.4
14/07/2007,2.6
15/07/2007,0.0
16/07/2007,0.0
17/07/2007,0.0
18/07/2007,0.5
19/07/2007,0.0
20/07/2007,0.0
21/07/2007,5.9
22/07/2007,27.0
23/07/2007,7.6
24/07/2007,2.5
25/07/2007,16.0
26/07/2007,0.0
27/07/2007,30.5
28/07/2007,45.0
29/07/2007,0.0
30/07/2007,4.6
31/07/2007,20.4
01/08/2007,0.0
02/08/2007,0.0
03/08/2007,0.0
04/08/2007,16.5
05/08/2007,0.0
06/08/2007,0.0
07/08/2007,0.0
08/08/2007,0.0
09/08/2007,0.0
10/08/2007,0.0
11/08/2007,0.0
12/08/2007,2.5
13/08/2007,0.0
14/08/2007,33.5
15/08/2007,0.0
16/08/2007,33.3
17/08/2007,0.2
18/08/2007,35.5
19/08/2007,4.4
20/08/2007,2.1
21/08/2007,42.0
22/08/2007,4.0
23/08/2007,49.5
24/08/2007,51.5
25/08/2007,24.5
26/08/2007,18.0
27/08/2007,9.0
28/08/2007,0.0
29/08/2007,0.0
30/08/2007,0.0
31/08/2007,0.5
01/09/2007,63.0
02/09/2007,0.5
03/09/2007,0.0
04/09/2007,0.0
05/09/2007,0.0
06/09/2007,0.5
07/09/2007,0.5
08/09/2007,62.5
09/09/2007,0.5
10/09/2007,0.0
11/09/2007,0.0
12/09/2007,0.0
13/09/2007,0.0
14/09/2007,0.0
15/09/2007,0.0
16/09/2007,0.0
17/09/2007,0.0
18/09/2007,0.0
19/09/2007,0.0
20/09/2007,0.0
21/09/2007,0.0
22/09/2007,0.0
23/09/2007,0.0
24/09/2007,0.0
25/09/2007,0.0
26/09/2007,0.0
27/09/2007,0.0
28/09/2007,0.0
29/09/2007,0.0
30/09/2007,0.0
01/10/2007,0.0
02/10/2007,0.0
03/10/2007,0.0
04/10/2007,0.0
05/10/2007,5.5
06/10/2007,12.8
07/10/2007,1.2
08/10/2007,28.8
09/10/2007,0.2
10/10/2007,2.0
11/10/2007,0.0
12/10/2007,23.5
13/10/2007,0.0
14/10/2007,1.3
15/10/2007,7.7
16/10/2007,0.0
17/10/2007,24.5
18/10/2007,0.4
19/10/2007,0.1
20/10/2007,1.0
21/10/2007,52.5
22/10/2007,19.3
23/10/2007,35.8
24/10/2007,13.8
25/10/2007,57.3
26/10/2007,7.6
27/10/2007,37.3
28/10/2007,6.8
29/10/2007,48.5
30/10/2007,1.0
31/10/2007,0.0
01/11/2007,13.1
02/11/2007,3.9
03/11/2007,0.0
04/11/2007,0.0
05/11/2007,5.5
06/11/2007,121.0
07/11/2007,14.3
08/11/2007,33.5
09/11/2007,0.2
10/11/2007,14.0
11/11/2007,26.0
12/11/2007,3.0
13/11/2007,23.5
14/11/2007,7.0
15/11/2007,12.2
16/11/2007,5.8
17/11/2007,0.5
18/11/2007,0.0
19/11/2007,18.7
20/11/2007,28.9
21/11/2007,6.3
22/11/2007,0.1
23/11/2007,0.0
24/11/2007,0.0
25/11/2007,0.0
26/11/2007,0.9
27/11/2007,15.6
28/11/2007,6.5
29/11/2007,5.0
30/11/2007,1.5
01/12/2007,0.0
02/12/2007,0.4
03/12/2007,1.6
04/12/2007,1.4
05/12/2007,26.7
06/12/2007,49.0
07/12/2007,54.5
08/12/2007,41.5
09/12/2007,28.6
10/12/2007,28.0
11/12/2007,76.2
12/12/2007,32.8
13/12/2007,41.4
14/12/2007,47.8
15/12/2007,2.7
16/12/2007,51.3
17/12/2007,19.7
18/12/2007,16.2
19/12/2007,17.6
20/12/2007,11.1
21/12/2007,5.4
22/12/2007,0.0
23/12/2007,0.0
24/12/2007,0.0
25/12/2007,0.0
26/12/2007,0.0
27/12/2007,0.0
28/12/2007,0.5
29/12/2007,0.0
30/12/2007,0.0
31/12/2007,54.4
01/01/2008,52.0
02/01/2008,19.3
03/01/2008,16.7
04/01/2008,13.8
05/01/2008,21.1
06/01/2008,5.1
07/01/2008,7.1
08/01/2008,17.2
09/01/2008,1.9
10/01/2008,0.0
11/01/2008,0.0
12/01/2008,0.0
13/01/2008,0.0
14/01/2008,0.0
15/01/2008,0.0
16/01/2008,0.0
17/01/2008,48.9
18/01/2008,92.1
19/01/2008,0.7
20/01/2008,0.3
21/01/2008,0.0
22/01/2008,1.4
23/01/2008,2.1
24/01/2008,0.5
25/01/2008,0.0
26/01/2008,0.4
27/01/2008,6.8
28/01/2008,8.3
29/01/2008,0.0
30/01/2008,0.0
31/01/2008,1.5
01/02/2008,34.5
02/02/2008,13.0
03/02/2008,0.5
04/02/2008,0.0
05/02/2008,0.5
06/02/2008,0.0
07/02/2008,0.0
08/02/2008,0.0
09/02/2008,0.0
10/02/2008,0.0
11/02/2008,0.0
12/02/2008,0.0
13/02/2008,0.0
14/02/2008,0.0
15/02/2008,0.0
16/02/2008,0.0
17/02/2008,0.0
18/02/2008,0.0
19/02/2008,0.0
20/02/2008,0.0
21/02/2008,0.0
22/02/2008,0.0
23/02/2008,0.0
24/02/2008,53.0
25/02/2008,36.0
26/02/2008,0.5
27/02/2008,19.4
28/02/2008,190.8
29/02/2008,27.5
01/03/2008,5.0
02/03/2008,2.3
03/03/2008,0.0
04/03/2008,22.4
05/03/2008,2.1
06/03/2008,18.1
07/03/2008,13.8
08/03/2008,11.7
09/03/2008,12.7
10/03/2008,8.3
11/03/2008,9.5
12/03/2008,19.4
13/03/2008,0.0
14/03/2008,2.2
15/03/2008,1.8
16/03/2008,0.0
17/03/2008,0.0
18/03/2008,0.0
19/03/2008,0.0
20/03/2008,0.0
21/03/2008,0.0
22/03/2008,3.0
23/03/2008,0.0
24/03/2008,0.0
25/03/2008,151.0
26/03/2008,12.5
27/03/2008,18.0
28/03/2008,0.0
29/03/2008,0.0
30/03/2008,0.0
31/03/2008,0.0
01/04/2008,23.5
02/04/2008,11.5
03/04/2008,4.5
04/04/2008,0.4
05/04/2008,66.6
06/04/2008,0.0
07/04/2008,0.0
08/04/2008,0.0
09/04/2008,0.0
10/04/2008,0.0
11/04/2008,27.5
12/04/2008,0.0
13/04/2008,0.0
14/04/2008,3.5
15/04/2008,0.0
16/04/2008,0.0
17/04/2008,0.0
18/04/2008,0.0
19/04/2008,0.0
20/04/2008,1.5
21/04/2008,20.0
22/04/2008,37.5
23/04/2008,16.8
24/04/2008,13.0
25/04/2008,21.3
26/04/2008,16.5
27/04/2008,48.9
28/04/2008,4.1
29/04/2008,17.2
30/04/2008,36.0
01/05/2008,8.8
02/05/2008,14.5
03/05/2008,0.5
04/05/2008,27.4
05/05/2008,7.7
06/05/2008,1.4
07/05/2008,2.0
08/05/2008,1.0
09/05/2008,0.0
10/05/2008,0.0
11/05/2008,0.0
12/05/2008,8.0
13/05/2008,5.0
14/05/2008,0.0
15/05/2008,0.0
16/05/2008,0.0
17/05/2008,34.5
18/05/2008,0.3
19/05/2008,24.2
20/05/2008,0.0
21/05/2008,53.0
22/05/2008,0.0
23/05/2008,0.0
24/05/2008,14.0
25/05/2008,18.5
26/05/2008,0.5
27/05/2008,0.0
28/05/2008,10.5
29/05/2008,9.0
30/05/2008,0.5
31/05/2008,0.8
01/06/2008,7.2
02/06/2008,0.0
03/06/2008,0.0
04/06/2008,0.0
05/06/2008,0.0
06/06/2008,1.0
07/06/2008,3.2
08/06/2008,3.3
09/06/2008,2.5
10/06/2008,9.2
11/06/2008,7.7
12/06/2008,0.6
13/06/2008,1.5
14/06/2008,0.4
15/06/2008,14.1
16/06/2008,31.0
17/06/2008,0.0
18/06/2008,0.0
19/06/2008,0.5
20/06/2008,38.0
21/06/2008,0.5
22/06/2008,3.0
23/06/2008,40.0
24/06/2008,22.7
25/06/2008,0.7
26/06/2008,32.6
27/06/2008,21.1
28/06/2008,65.5
29/06/2008,0.0
30/06/2008,1.5
01/07/2008,2.0
02/07/2008,18.5
03/07/2008,19.5
04/07/2008,0.0
05/07/2008,37.0
06/07/2008,0.0
07/07/2008,0.0
08/07/2008,0.0
09/07/2008,0.3
10/07/2008,0.6
11/07/2008,12.6
12/07/2008,0.0
13/07/2008,0.0
14/07/2008,16.5
15/07/2008,1.0
16/07/2008,0.0
17/07/2008,0.0
18/07/2008,0.0
19/07/2008,0.0
20/07/2008,0.0
21/07/2008,1.0
22/07/2008,6.0
23/07/2008,23.0
24/07/2008,3.5
25/07/2008,0.0
26/07/2008,23.9
27/07/2008,0.5
28/07/2008,1.6
29/07/2008,0.0
30/07/2008,0.0
31/07/2008,0.0
01/08/2008,0.0
02/08/2008,0.0
03/08/2008,0.0
04/08/2008,0.0
05/08/2008,32.0
06/08/2008,3.0
07/08/2008,18.4
08/08/2008,0.1
09/08/2008,0.0
10/08/2008,11.0
11/08/2008,0.5
12/08/2008,17.0
13/08/2008,4.0
14/08/2008,0.0
15/08/2008,3.0
16/08/2008,18.9
17/08/2008,5.6
18/08/2008,1.5
19/08/2008,35.5
20/08/2008,1.0
21/08/2008,2.0
22/08/2008,20.0
23/08/2008,47.0
24/08/2008,2.0
25/08/2008,0.0
26/08/2008,2.5
27/08/2008,20.6
28/08/2008,37.4
29/08/2008,0.5
30/08/2008,0.0
31/08/2008,0.0
01/09/2008,1.5
02/09/2008,0.5
03/09/2008,0.0
04/09/2008,0.5
05/09/2008,41.5
06/09/2008,1.3
07/09/2008,6.7
08/09/2008,18.5
09/09/2008,0.0
10/09/2008,6.4
11/09/2008,6.6
12/09/2008,0.0
13/09/2008,32.0
14/09/2008,3.0
15/09/2008,0.5
16/09/2008,2.0
17/09/2008,1.3
18/09/2008,5.7
19/09/2008,0.0
20/09/2008,0.0
21/09/2008,54.0
22/09/2008,0.5
23/09/2008,0.0
24/09/2008,0.0
25/09/2008,0.0
26/09/2008,22.7
27/09/2008,0.3
28/09/2008,0.0
29/09/2008,41.0
30/09/2008,13.5
01/10/2008,0.5
02/10/2008,14.0
03/10/2008,0.5
04/10/2008,60.5
05/10/2008,0.0
06/10/2008,0.0
07/10/2008,0.0
08/10/2008,1.5
09/10/2008,18.5
10/10/2008,3.5
11/10/2008,0.0
12/10/2008,37.5
13/10/2008,10.0
14/10/2008,0.0
15/10/2008,1.4
16/10/2008,8.1
17/10/2008,0.0
18/10/2008,0.5
19/10/2008,1.9
20/10/2008,2.1
21/10/2008,0.0
22/10/2008,84.8
23/10/2008,2.7
24/10/2008,9.0
25/10/2008,7.5
26/10/2008,4.5
27/10/2008,11.0
28/10/2008,0.0
29/10/2008,0.4
30/10/2008,27.6
31/10/2008,8.7
01/11/2008,14.0
02/11/2008,47.2
03/11/2008,20.7
04/11/2008,0.7
05/11/2008,3.6
06/11/2008,0.0
07/11/2008,46.5
08/11/2008,14.3
09/11/2008,2.7
10/11/2008,12.0
11/11/2008,6.8
12/11/2008,1.5
13/11/2008,16.7
14/11/2008,0.0
15/11/2008,2.5
16/11/2008,0.0
17/11/2008,8.0
18/11/2008,15.1
19/11/2008,60.7
20/11/2008,99.2
21/11/2008,22.0
22/11/2008,0.4
23/11/2008,1.6
24/11/2008,0.5
25/11/2008,10.5
26/11/2008,1.0
27/11/2008,11.7
28/11/2008,1.3
29/11/2008,3.0
30/11/2008,0.0
01/12/2008,6.1
02/12/2008,17.1
03/12/2008,1.9
04/12/2008,0.5
05/12/2008,4.6
06/12/2008,181.7
07/12/2008,98.5
08/12/2008,14.2
09/12/2008,0.5
10/12/2008,10.0
11/12/2008,1.0
12/12/2008,0.0
13/12/2008,14.8
14/12/2008,18.7
15/12/2008,3.9
16/12/2008,1.5
17/12/2008,4.6
18/12/2008,0.5
19/12/2008,0.0
20/12/2008,2.0
21/12/2008,6.0
22/12/2008,0.5
23/12/2008,3.0
24/12/2008,2.2
25/12/2008,96.5
26/12/2008,6.8
27/12/2008,10.0
28/12/2008,18.9
29/12/2008,8.1
30/12/2008,14.0
31/12/2008,7.5
01/01/2009,37.0
02/01/2009,111.5
03/01/2009,115.8
04/01/2009,111.3
05/01/2009,3.0
06/01/2009,0.0
07/01/2009,0.0
08/01/2009,0.0
09/01/2009,3.3
10/01/2009,1.7
11/01/2009,0.5
12/01/2009,2.6
13/01/2009,56.9
14/01/2009,1.7
15/01/2009,3.3
16/01/2009,0.0
17/01/2009,0.0
18/01/2009,0.0
19/01/2009,0.0
20/01/2009,0.0
21/01/2009,0.0
22/01/2009,0.0
23/01/2009,0.4
24/01/2009,32.3
25/01/2009,20.2
26/01/2009,0.1
27/01/2009,0.0
28/01/2009,0.0
29/01/2009,0.0
30/01/2009,0.0
31/01/2009,0.0
01/02/2009,0.0
02/02/2009,0.0
03/02/2009,0.0
04/02/2009,0.0
05/02/2009,0.0
06/02/2009,0.0
07/02/2009,0.0
08/02/2009,0.0
09/02/2009,0.0
10/02/2009,0.0
11/02/2009,0.0
12/02/2009,0.0
13/02/2009,0.0
14/02/2009,10.0
15/02/2009,16.0
16/02/2009,0.0
17/02/2009,0.0
18/02/2009,0.0
19/02/2009,0.0
20/02/2009,0.0
21/02/2009,3.3
22/02/2009,19.2
23/02/2009,5.5
24/02/2009,0.0
25/02/2009,42.3
26/02/2009,1.2
27/02/2009,0.0
28/02/2009,10.0
01/03/2009,15.0
02/03/2009,57.8
03/03/2009,212.7
04/03/2009,15.5
05/03/2009,12.6
06/03/2009,39.4
07/03/2009,2.0
08/03/2009,0.0
09/03/2009,43.0
10/03/2009,0.5
11/03/2009,0.0
12/03/2009,0.0
13/03/2009,0.0
14/03/2009,11.8
15/03/2009,195.0
16/03/2009,43.3
17/03/2009,9.0
18/03/2009,1.5
19/03/2009,33.5
20/03/2009,8.5
21/03/2009,1.0
22/03/2009,9.0
23/03/2009,22.0
24/03/2009,4.0
25/03/2009,0.0
26/03/2009,0.4
27/03/2009,14.1
28/03/2009,0.0
29/03/2009,0.0
30/03/2009,0.0
31/03/2009,0.0
01/04/2009,0.3
02/04/2009,4.2
03/04/2009,7.5
04/04/2009,0.0
05/04/2009,6.0
06/04/2009,11.2
07/04/2009,4.3
08/04/2009,26.1
09/04/2009,45.7
10/04/2009,0.2
11/04/2009,0.0
12/04/2009,3.9
13/04/2009,2.6
14/04/2009,0.0
15/04/2009,52.0
16/04/2009,3.5
17/04/2009,0.0
18/04/2009,50.9
19/04/2009,1.1
20/04/2009,24.0
21/04/2009,0.0
22/04/2009,4.0
23/04/2009,15.5
24/04/2009,5.0
25/04/2009,0.0
26/04/2009,14.5
27/04/2009,4.5
28/04/2009,5.0
29/04/2009,28.0
30/04/2009,4.5
01/05/2009,0.4
02/05/2009,20.2
03/05/2009,12.9
04/05/2009,3.0
05/05/2009,0.0
06/05/2009,0.0
07/05/2009,3.0
08/05/2009,32.4
09/05/2009,43.6
10/05/2009,12.5
11/05/2009,7.0
12/05/2009,55.5
13/05/2009,0.5
14/05/2009,23.5
15/05/2009,0.0
16/05/2009,8.0
17/05/2009,2.8
18/05/2009,14.2
19/05/2009,0.0
20/05/2009,0.9
21/05/2009,24.8
22/05/2009,14.6
23/05/2009,22.2
24/05/2009,0.0
25/05/2009,12.5
26/05/2009,1.1
27/05/2009,7.9
28/05/2009,7.4
29/05/2009,6.1
30/05/2009,0.0
31/05/2009,0.0
01/06/2009,0.0
02/06/2009,0.0
03/06/2009,0.5
04/06/2009,0.0
05/06/2009,0.0
06/06/2009,27.5
07/06/2009,0.5
08/06/2009,0.0
09/06/2009,0.0
10/06/2009,1.5
11/06/2009,34.0
12/06/2009,11.5
13/06/2009,0.5
14/06/2009,13.3
15/06/2009,0.2
16/06/2009,0.0
17/06/2009,0.0
18/06/2009,0.0
19/06/2009,46.5
20/06/2009,1.5
21/06/2009,1.5
22/06/2009,4.5
23/06/2009,5.0
24/06/2009,0.0
25/06/2009,0.0
26/06/2009,3.0
27/06/2009,0.5
28/06/2009,0.0
29/06/2009,11.1
30/06/2009,3.4
01/07/2009,17.0
02/07/2009,0.0
03/07/2009,0.0
04/07/2009,25.5
05/07/2009,0.0
06/07/2009,0.3
07/07/2009,0.6
08/07/2009,16.5
09/07/2009,0.0
10/07/2009,15.5
11/07/2009,1.9
12/07/2009,0.1
13/07/2009,0.0
14/07/2009,0.0
15/07/2009,0.5
16/07/2009,14.5
17/07/2009,0.0
18/07/2009,0.0
19/07/2009,0.0
20/07/2009,0.0
21/07/2009,31.0
22/07/2009,3.0
23/07/2009,0.0
24/07/2009,0.0
25/07/2009,0.0
26/07/2009,2.9
27/07/2009,81.6
28/07/2009,0.5
29/07/2009,0.5
30/07/2009,0.0
31/07/2009,0.0
01/08/2009,58.4
02/08/2009,0.1
03/08/2009,0.0
04/08/2009,0.4
05/08/2009,25.6
06/08/2009,7.5
07/08/2009,20.8
08/08/2009,3.2
09/08/2009,13.3
10/08/2009,39.7
11/08/2009,0.0
12/08/2009,19.5
13/08/2009,0.0
14/08/2009,0.0
15/08/2009,0.0
16/08/2009,0.0
17/08/2009,9.5
18/08/2009,0.0
19/08/2009,0.0
20/08/2009,0.0
21/08/2009,12.8
22/08/2009,36.2
23/08/2009,11.8
24/08/2009,41.2
25/08/2009,19.5
26/08/2009,4.5
27/08/2009,25.0
28/08/2009,15.0
29/08/2009,14.7
30/08/2009,0.3
31/08/2009,0.0
01/09/2009,0.0
02/09/2009,32.5
03/09/2009,3.0
04/09/2009,3.0
05/09/2009,29.3
06/09/2009,18.2
07/09/2009,0.0
08/09/2009,0.0
09/09/2009,71.3
10/09/2009,0.2
11/09/2009,0.0
12/09/2009,0.4
13/09/2009,26.6
14/09/2009,0.0
15/09/2009,0.0
16/09/2009,0.5
17/09/2009,58.9
18/09/2009,5.1
19/09/2009,0.0
20/09/2009,0.0
21/09/2009,8.4
22/09/2009,14.6
23/09/2009,3.2
24/09/2009,2.8
25/09/2009,0.0
26/09/2009,33.5
27/09/2009,0.5
28/09/2009,0.5
29/09/2009,8.0
30/09/2009,0.0
01/10/2009,27.5
02/10/2009,29.0
03/10/2009,0.4
04/10/2009,5.1
05/10/2009,43.3
06/10/2009,7.0
07/10/2009,0.3
08/10/2009,57.7
09/10/2009,31.3
10/10/2009,99.5
11/10/2009,0.9
12/10/2009,9.6
13/10/2009,26.2
14/10/2009,1.3
15/10/2009,1.0
16/10/2009,0.5
17/10/2009,10.5
18/10/2009,31.0
19/10/2009,79.6
20/10/2009,0.9
21/10/2009,31.0
22/10/2009,24.5
23/10/2009,2.5
24/10/2009,9.5
25/10/2009,0.0
26/10/2009,0.5
27/10/2009,0.0
28/10/2009,1.2
29/10/2009,7.3
30/10/2009,7.0
31/10/2009,0.0
01/11/2009,0.0
02/11/2009,2.0
03/11/2009,1.4
04/11/2009,24.6
05/11/2009,136.6
06/11/2009,108.1
07/11/2009,0.2
08/11/2009,0.4
09/11/2009,61.6
10/11/2009,0.5
11/11/2009,0.0
12/11/2009,0.3
13/11/2009,5.6
14/11/2009,7.9
15/11/2009,9.7
16/11/2009,6.0
17/11/2009,1.6
18/11/2009,39.4
19/11/2009,45.2
20/11/2009,86.9
21/11/2009,228.6
22/11/2009,204.3
23/11/2009,79.6
24/11/2009,13.4
25/11/2009,0.0
26/11/2009,0.3
27/11/2009,0.2
28/11/2009,0.3
29/11/2009,3.4
30/11/2009,90.6
01/12/2009,157.4
02/12/2009,208.1
03/12/2009,122.9
04/12/2009,27.8
05/12/2009,40.8
06/12/2009,0.2
07/12/2009,1.0
08/12/2009,2.5
09/12/2009,0.5
10/12/2009,0.0
11/12/2009,0.0
12/12/2009,0.0
13/12/2009,0.4
14/12/2009,3.5
15/12/2009,0.1
16/12/2009,7.3
17/12/2009,115.5
18/12/2009,181.5
19/12/2009,48.2
20/12/2009,28.5
21/12/2009,6.1
22/12/2009,9.1
23/12/2009,15.9
24/12/2009,1.0
25/12/2009,2.4
26/12/2009,14.9
27/12/2009,11.2
28/12/2009,1.0
29/12/2009,0.0
30/12/2009,0.0
31/12/2009,0.0
01/01/2010,70.3
02/01/2010,11.3
03/01/2010,4.2
04/01/2010,49.2
05/01/2010,0.4
06/01/2010,59.1
07/01/2010,18.9
08/01/2010,3.0
09/01/2010,0.0
10/01/2010,0.0
11/01/2010,0.0
12/01/2010,0.0
13/01/2010,1.0
14/01/2010,13.8
15/01/2010,0.7
16/01/2010,0.0
17/01/2010,0.0
18/01/2010,0.0
19/01/2010,0.0
20/01/2010,0.5
21/01/2010,34.5
22/01/2010,0.4
23/01/2010,31.5
24/01/2010,1.1
25/01/2010,0.4
26/01/2010,51.2
27/01/2010,6.9
28/01/2010,1.0
29/01/2010,0.4
30/01/2010,0.1
31/01/2010,0.0
01/02/2010,0.0
02/02/2010,0.0
03/02/2010,5.9
04/02/2010,0.6
05/02/2010,0.0
06/02/2010,0.5
07/02/2010,0.0
08/02/2010,0.0
09/02/2010,1.5
10/02/2010,0.0
11/02/2010,1.5
12/02/2010,0.0
13/02/2010,0.0
14/02/2010,0.0
15/02/2010,0.0
16/02/2010,0.0
17/02/2010,0.0
18/02/2010,0.0
19/02/2010,0.0
20/02/2010,0.0
21/02/2010,0.0
22/02/2010,0.0
23/02/2010,0.0
24/02/2010,0.0
25/02/2010,0.0
26/02/2010,0.0
27/02/2010,0.0
28/02/2010,0.0
01/03/2010,0.0
02/03/2010,0.0
03/03/2010,0.0
04/03/2010,0.0
05/03/2010,0.0
06/03/2010,0.0
07/03/2010,0.0
08/03/2010,0.0
09/03/2010,0.0
10/03/2010,0.0
11/03/2010,0.4
12/03/2010,19.6
13/03/2010,15.6
14/03/2010,1.9
15/03/2010,0.0
16/03/2010,0.0
17/03/2010,1.5
18/03/2010,0.5
19/03/2010,174.2
20/03/2010,1.3
21/03/2010,29.5
22/03/2010,0.0
23/03/2010,0.0
24/03/2010,0.0
25/03/2010,0.5
26/03/2010,0.0
27/03/2010,0.0
28/03/2010,0.5
29/03/2010,0.0
30/03/2010,0.0
31/03/2010,0.0
01/04/2010,0.0
02/04/2010,0.0
03/04/2010,0.0
04/04/2010,0.0
05/04/2010,0.0
06/04/2010,0.0
07/04/2010,0.0
08/04/2010,0.0
09/04/2010,0.0
10/04/2010,0.0
11/04/2010,0.0
12/04/2010,0.0
13/04/2010,0.0
14/04/2010,0.0
15/04/2010,0.0
16/04/2010,0.0
17/04/2010,0.0
18/04/2010,0.0
19/04/2010,0.0
20/04/2010,0.0
21/04/2010,0.0
22/04/2010,3.5
23/04/2010,0.0
24/04/2010,0.4
25/04/2010,16.1
26/04/2010,15.1
27/04/2010,4.0
28/04/2010,0.0
29/04/2010,68.5
30/04/2010,0.0
01/05/2010,0.0
02/05/2010,0.0
03/05/2010,0.0
04/05/2010,0.0
05/05/2010,0.5
06/05/2010,0.0
07/05/2010,0.0
08/05/2010,0.0
09/05/2010,0.0
10/05/2010,0.0
11/05/2010,0.0
12/05/2010,0.0
13/05/2010,13.0
14/05/2010,2.0
15/05/2010,0.0
16/05/2010,2.4
17/05/2010,3.6
18/05/2010,33.7
19/05/2010,13.3
20/05/2010,1.5
21/05/2010,0.5
22/05/2010,26.5
23/05/2010,0.5
24/05/2010,7.0
25/05/2010,0.0
26/05/2010,0.0
27/05/2010,0.5
28/05/2010,2.5
29/05/2010,0.5
30/05/2010,0.0
31/05/2010,0.5
01/06/2010,0.0
02/06/2010,1.0
03/06/2010,45.8
04/06/2010,0.2
05/06/2010,0.0
06/06/2010,5.0
07/06/2010,6.4
08/06/2010,0.1
09/06/2010,2.0
10/06/2010,0.5
11/06/2010,3.0
12/06/2010,0.5
13/06/2010,0.0
14/06/2010,0.0
15/06/2010,9.7
16/06/2010,0.8
17/06/2010,0.0
18/06/2010,0.0
19/06/2010,0.0
20/06/2010,1.0
21/06/2010,0.0
22/06/2010,0.0
23/06/2010,0.0
24/06/2010,0.8
25/06/2010,0.7
26/06/2010,0.0
27/06/2010,0.0
28/06/2010,0.0
29/06/2010,0.5
30/06/2010,0.0
01/07/2010,0.0
02/07/2010,2.3
03/07/2010,0.2
04/07/2010,0.0
05/07/2010,0.0
06/07/2010,0.0
07/07/2010,0.0
08/07/2010,0.4
09/07/2010,1.1
10/07/2010,0.5
11/07/2010,0.5
12/07/2010,10.0
13/07/2010,0.0
14/07/2010,0.9
15/07/2010,1.1
16/07/2010,0.5
17/07/2010,0.4
18/07/2010,14.1
19/07/2010,1.0
20/07/2010,0.0
21/07/2010,4.5
22/07/2010,0.0
23/07/2010,0.0
24/07/2010,0.0
25/07/2010,7.7
26/07/2010,2.3
27/07/2010,0.7
28/07/2010,0.3
29/07/2010,0.6
30/07/2010,0.4
31/07/2010,0.5
01/08/2010,0.7
02/08/2010,0.3
03/08/2010,14.5
04/08/2010,23.8
05/08/2010,6.7
06/08/2010,0.3
07/08/2010,1.2
08/08/2010,0.0
09/08/2010,0.0
10/08/2010,0.0
11/08/2010,0.5
12/08/2010,0.0
13/08/2010,0.5
14/08/2010,0.5
15/08/2010,0.0
16/08/2010,0.0
17/08/2010,0.0
18/08/2010,0.0
19/08/2010,3.0
20/08/2010,0.5
21/08/2010,0.0
22/08/2010,0.5
23/08/2010,15.3
24/08/2010,0.7
25/08/2010,0.0
26/08/2010,66.5
27/08/2010,0.0
28/08/2010,1.5
29/08/2010,0.0
30/08/2010,10.5
31/08/2010,10.0
01/09/2010,0.0
02/09/2010,26.8
03/09/2010,0.6
04/09/2010,2.0
05/09/2010,18.6
06/09/2010,49.4
07/09/2010,3.6
08/09/2010,0.0
09/09/2010,32.2
10/09/2010,1.8
11/09/2010,0.5
12/09/2010,0.5
13/09/2010,23.6
14/09/2010,2.3
15/09/2010,21.6
16/09/2010,0.0
17/09/2010,0.0
18/09/2010,0.0
19/09/2010,0.0
20/09/2010,0.0
21/09/2010,0.5
22/09/2010,0.5
23/09/2010,0.5
24/09/2010,1.0
25/09/2010,0.0
26/09/2010,0.0
27/09/2010,10.8
28/09/2010,5.7
29/09/2010,1.0
30/09/2010,0.5
01/10/2010,11.0
02/10/2010,14.5
03/10/2010,0.0
04/10/2010,0.5
05/10/2010,0.0
06/10/2010,0.4
07/10/2010,1.6
08/10/2010,0.0
09/10/2010,24.0
10/10/2010,0.5
11/10/2010,0.4
12/10/2010,0.1
13/10/2010,3.2
14/10/2010,10.3
15/10/2010,0.5
16/10/2010,4.3
17/10/2010,8.0
18/10/2010,16.5
19/10/2010,3.2
20/10/2010,0.0
21/10/2010,1.0
22/10/2010,0.0
23/10/2010,37.5
24/10/2010,7.5
25/10/2010,18.0
26/10/2010,1.0
27/10/2010,18.5
28/10/2010,1.5
29/10/2010,0.5
30/10/2010,5.8
31/10/2010,10.6
01/11/2010,0.6
02/11/2010,1.0
03/11/2010,0.8
04/11/2010,14.7
05/11/2010,0.5
06/11/2010,0.5
07/11/2010,4.0
08/11/2010,48.6
09/11/2010,17.1
10/11/2010,6.8
11/11/2010,3.0
12/11/2010,3.2
13/11/2010,24.2
14/11/2010,14.5
15/11/2010,24.7
16/11/2010,1.3
17/11/2010,1.1
18/11/2010,0.0
19/11/2010,0.9
20/11/2010,35.6
21/11/2010,13.0
22/11/2010,0.5
23/11/2010,1.5
24/11/2010,44.0
25/11/2010,1.7
26/11/2010,1.3
27/11/2010,0.0
28/11/2010,0.4
29/11/2010,7.1
30/11/2010,0.5
01/12/2010,36.9
02/12/2010,1.6
03/12/2010,1.7
04/12/2010,72.4
05/12/2010,41.4
06/12/2010,34.2
07/12/2010,41.8
08/12/2010,0.5
09/12/2010,0.0
10/12/2010,0.0
11/12/2010,76.5
12/12/2010,0.0
13/12/2010,3.4
14/12/2010,1.6
15/12/2010,0.0
16/12/2010,0.9
17/12/2010,27.4
18/12/2010,33.6
19/12/2010,96.0
20/12/2010,11.6
21/12/2010,55.4
22/12/2010,20.0
23/12/2010,30.3
24/12/2010,0.0
25/12/2010,0.0
26/12/2010,0.0
27/12/2010,6.5
28/12/2010,53.1
29/12/2010,69.9
30/12/2010,74.8
31/12/2010,26.5
01/01/2011,22.2
02/01/2011,18.8
03/01/2011,7.2
04/01/2011,11.2
05/01/2011,139.7
06/01/2011,194.5
07/01/2011,40.5
08/01/2011,22.2
09/01/2011,1.3
10/01/2011,40.2
11/01/2011,0.0
12/01/2011,0.0
13/01/2011,0.0
14/01/2011,0.0
15/01/2011,0.0
16/01/2011,0.0
17/01/2011,0.0
18/01/2011,0.0
19/01/2011,0.0
20/01/2011,0.0
21/01/2011,0.0
22/01/2011,0.0
23/01/2011,0.0
24/01/2011,1.8
25/01/2011,14.4
26/01/2011,26.5
27/01/2011,20.0
28/01/2011,23.3
29/01/2011,33.0
30/01/2011,28.8
31/01/2011,8.5
01/02/2011,8.7
02/02/2011,2.3
03/02/2011,3.1
04/02/2011,0.0
05/02/2011,0.0
06/02/2011,0.0
07/02/2011,0.0
08/02/2011,0.0
09/02/2011,0.0
10/02/2011,0.0
11/02/2011,0.0
12/02/2011,0.0
13/02/2011,0.0
14/02/2011,0.4
15/02/2011,2.1
16/02/2011,0.5
17/02/2011,0.0
18/02/2011,0.0
19/02/2011,0.0
20/02/2011,0.2
21/02/2011,0.3
22/02/2011,3.4
23/02/2011,18.2
24/02/2011,0.0
25/02/2011,0.5
26/02/2011,0.0
27/02/2011,0.0
28/02/2011,0.0
01/03/2011,0.0
02/03/2011,0.0
03/03/2011,0.0
04/03/2011,0.0
05/03/2011,0.0
06/03/2011,0.5
07/03/2011,1.4
08/03/2011,47.1
09/03/2011,0.0
10/03/2011,0.0
11/03/2011,0.0
12/03/2011,0.0
13/03/2011,0.0
14/03/2011,0.0
15/03/2011,0.0
16/03/2011,0.0
17/03/2011,0.0
18/03/2011,0.0
19/03/2011,0.0
20/03/2011,0.0
21/03/2011,0.0
22/03/2011,0.0
23/03/2011,0.0
24/03/2011,0.0
25/03/2011,0.0
26/03/2011,0.0
27/03/2011,0.0
28/03/2011,0.0
29/03/2011,0.0
30/03/2011,2.2
31/03/2011,1.0
01/04/2011,13.6
02/04/2011,10.7
03/04/2011,1.4
04/04/2011,0.0
05/04/2011,2.5
06/04/2011,0.0
07/04/2011,0.0
08/04/2011,0.0
09/04/2011,75.9
10/04/2011,45.4
11/04/2011,1.7
12/04/2011,0.0
13/04/2011,0.0
14/04/2011,0.5
15/04/2011,0.0
16/04/2011,0.0
17/04/2011,0.0
18/04/2011,1.0
19/04/2011,37.0
20/04/2011,0.5
21/04/2011,0.0
22/04/2011,0.0
23/04/2011,0.0
24/04/2011,0.0
25/04/2011,0.0
26/04/2011,4.5
27/04/2011,0.0
28/04/2011,0.0
29/04/2011,0.0
30/04/2011,0.3
01/05/2011,0.2
02/05/2011,0.0
03/05/2011,0.0
04/05/2011,7.5
05/05/2011,0.5
06/05/2011,1.0
07/05/2011,34.0
08/05/2011,0.5
09/05/2011,0.0
10/05/2011,0.5
11/05/2011,5.3
12/05/2011,30.2
13/05/2011,0.4
14/05/2011,8.6
15/05/2011,0.5
16/05/2011,0.0
17/05/2011,0.0
18/05/2011,0.0
19/05/2011,0.5
20/05/2011,0.0
21/05/2011,0.5
22/05/2011,13.0
23/05/2011,18.0
24/05/2011,0.0
25/05/2011,70.5
26/05/2011,0.4
27/05/2011,33.1
28/05/2011,0.5
29/05/2011,0.0
30/05/2011,0.4
31/05/2011,0.6
01/06/2011,7.4
02/06/2011,41.6
03/06/2011,0.0
04/06/2011,0.5
05/06/2011,0.0
06/06/2011,0.0
07/06/2011,13.0
08/06/2011,22.2
09/06/2011,1.8
10/06/2011,9.0
11/06/2011,4.0
12/06/2011,0.0
13/06/2011,4.2
14/06/2011,1.1
15/06/2011,45.6
16/06/2011,0.5
17/06/2011,0.0
18/06/2011,0.0
19/06/2011,0.0
20/06/2011,0.0
21/06/2011,0.4
22/06/2011,0.6
23/06/2011,0.0
24/06/2011,1.3
25/06/2011,0.2
26/06/2011,0.0
27/06/2011,0.0
28/06/2011,0.0
29/06/2011,0.0
30/06/2011,0.0
01/07/2011,0.0
02/07/2011,0.5
03/07/2011,55.5
04/07/2011,59.5
05/07/2011,0.0
06/07/2011,0.0
07/07/2011,7.5
08/07/2011,0.0
09/07/2011,0.0
10/07/2011,9.0
11/07/2011,0.0
12/07/2011,0.5
13/07/2011,8.5
14/07/2011,0.0
15/07/2011,33.0
16/07/2011,0.0
17/07/2011,0.0
18/07/2011,0.0
19/07/2011,0.0
20/07/2011,0.0
21/07/2011,15.0
22/07/2011,1.0
23/07/2011,26.5
24/07/2011,1.0
25/07/2011,0.0
26/07/2011,0.0
27/07/2011,0.4
28/07/2011,0.1
29/07/2011,0.0
30/07/2011,0.0
31/07/2011,0.0
01/08/2011,0.0
02/08/2011,0.0
03/08/2011,0.0
04/08/2011,9.0
05/08/2011,2.5
06/08/2011,1.2
07/08/2011,2.3
08/08/2011,2.0
09/08/2011,52.5
10/08/2011,0.5
11/08/2011,0.0
12/08/2011,0.0
13/08/2011,0.0
14/08/2011,0.0
15/08/2011,26.2
16/08/2011,0.7
17/08/2011,0.0
18/08/2011,0.0
19/08/2011,0.0
20/08/2011,1.0
21/08/2011,0.0
22/08/2011,32.0
23/08/2011,22.6
24/08/2011,32.9
25/08/2011,0.6
26/08/2011,0.4
27/08/2011,3.4
28/08/2011,38.4
29/08/2011,28.2
30/08/2011,0.0
31/08/2011,0.0
01/09/2011,0.0
02/09/2011,0.5
03/09/2011,2.0
04/09/2011,0.0
05/09/2011,0.0
06/09/2011,0.0
07/09/2011,7.5
08/09/2011,0.5
09/09/2011,34.3
10/09/2011,11.2
11/09/2011,0.0
12/09/2011,0.0
13/09/2011,0.0
14/09/2011,0.5
15/09/2011,0.0
16/09/2011,29.5
17/09/2011,0.5
18/09/2011,4.9
19/09/2011,2.1
20/09/2011,0.4
21/09/2011,2.1
22/09/2011,22.4
23/09/2011,8.6
24/09/2011,5.4
25/09/2011,16.5
26/09/2011,54.9
27/09/2011,1.2
28/09/2011,0.0
29/09/2011,0.0
30/09/2011,0.5
01/10/2011,0.5
02/10/2011,0.0
03/10/2011,7.5
04/10/2011,130.5
05/10/2011,43.3
06/10/2011,3.2
07/10/2011,1.8
08/10/2011,65.7
09/10/2011,0.9
10/10/2011,0.8
11/10/2011,0.2
12/10/2011,0.0
13/10/2011,13.8
14/10/2011,0.2
15/10/2011,0.0
16/10/2011,15.5
17/10/2011,0.8
18/10/2011,10.6
19/10/2011,33.6
20/10/2011,0.5
21/10/2011,15.2
22/10/2011,22.1
23/10/2011,0.7
24/10/2011,8.3
25/10/2011,14.7
26/10/2011,7.8
27/10/2011,20.2
28/10/2011,0.8
29/10/2011,53.5
30/10/2011,1.0
31/10/2011,1.6
01/11/2011,19.8
02/11/2011,6.5
03/11/2011,2.8
04/11/2011,0.5
05/11/2011,18.3
06/11/2011,0.7
07/11/2011,0.4
08/11/2011,0.6
09/11/2011,0.5
10/11/2011,0.5
11/11/2011,0.0
12/11/2011,9.3
13/11/2011,2.0
14/11/2011,9.6
15/11/2011,15.9
16/11/2011,11.8
17/11/2011,0.5
18/11/2011,3.0
19/11/2011,6.6
20/11/2011,68.1
21/11/2011,58.3
22/11/2011,81.4
23/11/2011,132.9
24/11/2011,34.6
25/11/2011,7.2
26/11/2011,21.6
27/11/2011,13.8
28/11/2011,5.8
29/11/2011,31.4
30/11/2011,7.8
01/12/2011,0.0
02/12/2011,0.0
03/12/2011,0.0
04/12/2011,18.0
05/12/2011,20.5
06/12/2011,0.0
07/12/2011,0.0
08/12/2011,0.0
09/12/2011,0.4
10/12/2011,172.7
11/12/2011,33.0
12/12/2011,20.1
13/12/2011,0.5
14/12/2011,0.7
15/12/2011,1.4
16/12/2011,62.1
17/12/2011,17.4
18/12/2011,21.1
19/12/2011,22.3
20/12/2011,14.6
21/12/2011,42.0
22/12/2011,6.8
23/12/2011,5.1
24/12/2011,9.1
25/12/2011,4.5
26/12/2011,2.1
27/12/2011,6.8
28/12/2011,26.3
29/12/2011,6.3
30/12/2011,37.3
31/12/2011,12.7
01/01/2012,9.6
02/01/2012,21.1
03/01/2012,2.3
04/01/2012,0.0
05/01/2012,0.0
06/01/2012,0.0
07/01/2012,2.8
08/01/2012,6.2
09/01/2012,0.4
10/01/2012,6.4
11/01/2012,27.2
12/01/2012,43.8
13/01/2012,118.9
14/01/2012,71.1
15/01/2012,2.1
16/01/2012,1.0
17/01/2012,12.2
18/01/2012,35.3
19/01/2012,0.4
20/01/2012,28.1
21/01/2012,0.0
22/01/2012,0.0
23/01/2012,0.0
24/01/2012,0.0
25/01/2012,0.0
26/01/2012,0.0
27/01/2012,21.4
28/01/2012,37.1
29/01/2012,4.0
30/01/2012,0.3
31/01/2012,8.0
01/02/2012,19.7
02/02/2012,6.5
03/02/2012,9.0
04/02/2012,0.5
05/02/2012,0.3
06/02/2012,5.7
07/02/2012,0.0
08/02/2012,0.0
09/02/2012,0.0
10/02/2012,0.0
11/02/2012,1.1
12/02/2012,4.7
13/02/2012,0.7
14/02/2012,0.0
15/02/2012,0.0
16/02/2012,0.0
17/02/2012,0.0
18/02/2012,31.3
19/02/2012,42.2
20/02/2012,0.0
21/02/2012,0.0
22/02/2012,0.0
23/02/2012,0.0
24/02/2012,0.0
25/02/2012,0.0
26/02/2012,2.0
27/02/2012,0.0
28/02/2012,0.8
29/02/2012,15.2
01/03/2012,11.3
02/03/2012,72.5
03/03/2012,28.7
04/03/2012,76.5
05/03/2012,36.5
06/03/2012,0.5
07/03/2012,0.8
08/03/2012,15.2
09/03/2012,0.0
10/03/2012,0.4
11/03/2012,24.1
12/03/2012,117.1
13/03/2012,41.2
14/03/2012,10.8
15/03/2012,13.1
16/03/2012,0.0
17/03/2012,0.0
18/03/2012,0.0
19/03/2012,0.0
20/03/2012,10.5
21/03/2012,0.0
22/03/2012,0.5
23/03/2012,0.0
24/03/2012,0.0
25/03/2012,0.4
26/03/2012,16.1
27/03/2012,4.5
28/03/2012,0.0
29/03/2012,0.0
30/03/2012,6.4
31/03/2012,0.6
01/04/2012,1.3
02/04/2012,7.7
03/04/2012,23.4
04/04/2012,0.1
05/04/2012,0.0
06/04/2012,2.0
07/04/2012,0.0
08/04/2012,1.3
09/04/2012,30.7
10/04/2012,44.5
11/04/2012,0.8
12/04/2012,17.7
13/04/2012,6.2
14/04/2012,28.3
15/04/2012,0.5
16/04/2012,0.0
17/04/2012,0.0
18/04/2012,5.0
19/04/2012,1.0
20/04/2012,19.8
21/04/2012,22.7
22/04/2012,3.0
23/04/2012,0.0
24/04/2012,0.0
25/04/2012,0.0
26/04/2012,3.5
27/04/2012,4.0
28/04/2012,55.0
29/04/2012,13.5
30/04/2012,29.1
01/05/2012,37.4
02/05/2012,2.5
03/05/2012,0.0
04/05/2012,48.1
05/05/2012,4.4
06/05/2012,14.5
07/05/2012,0.0
08/05/2012,14.0
09/05/2012,27.0
10/05/2012,7.5
11/05/2012,11.0
12/05/2012,0.5
13/05/2012,0.0
14/05/2012,10.8
15/05/2012,6.2
16/05/2012,10.0
17/05/2012,0.5
18/05/2012,0.0
19/05/2012,0.0
20/05/2012,11.5
21/05/2012,1.5
22/05/2012,7.0
23/05/2012,67.9
24/05/2012,25.6
25/05/2012,14.5
26/05/2012,0.0
27/05/2012,37.5
28/05/2012,0.5
29/05/2012,0.0
30/05/2012,0.0
31/05/2012,0.5
01/06/2012,23.0
02/06/2012,12.8
03/06/2012,9.2
04/06/2012,1.0
05/06/2012,2.5
06/06/2012,1.5
07/06/2012,0.0
08/06/2012,0.0
09/06/2012,0.0
10/06/2012,0.0
11/06/2012,0.0
12/06/2012,0.0
13/06/2012,0.0
14/06/2012,0.0
15/06/2012,0.0
16/06/2012,0.0
17/06/2012,0.0
18/06/2012,0.0
19/06/2012,9.0
20/06/2012,0.5
21/06/2012,1.5
22/06/2012,0.0
23/06/2012,0.0
24/06/2012,32.5
25/06/2012,0.5
26/06/2012,8.5
27/06/2012,0.5
28/06/2012,0.0
29/06/2012,0.0
30/06/2012,0.0
01/07/2012,0.0
02/07/2012,1.0
03/07/2012,59.8
04/07/2012,8.1
05/07/2012,12.6
06/07/2012,0.0
07/07/2012,0.0
08/07/2012,8.4
09/07/2012,12.1
10/07/2012,0.5
11/07/2012,0.0
12/07/2012,0.0
13/07/2012,0.0
14/07/2012,0.0
15/07/2012,35.0
16/07/2012,0.5
17/07/2012,39.0
18/07/2012,0.4
19/07/2012,56.3
20/07/2012,0.8
21/07/2012,0.0
22/07/2012,14.5
23/07/2012,4.5
24/07/2012,0.0
25/07/2012,0.0
26/07/2012,0.0
27/07/2012,0.0
28/07/2012,0.0
29/07/2012,0.0
30/07/2012,0.0
31/07/2012,0.0
01/08/2012,0.0
02/08/2012,0.0
03/08/2012,0.7
04/08/2012,10.8
05/08/2012,0.5
06/08/2012,1.5
07/08/2012,16.5
08/08/2012,0.5
09/08/2012,0.0
10/08/2012,0.0
11/08/2012,0.0
12/08/2012,0.5
13/08/2012,3.8
14/08/2012,1.2
15/08/2012,11.0
16/08/2012,12.8
17/08/2012,16.2
18/08/2012,29.0
19/08/2012,0.0
20/08/2012,12.0
21/08/2012,0.0
22/08/2012,1.5
23/08/2012,0.0
24/08/2012,6.0
25/08/2012,0.0
26/08/2012,0.4
27/08/2012,35.1
28/08/2012,35.0
29/08/2012,8.7
30/08/2012,5.3
31/08/2012,0.0
01/09/2012,0.0
02/09/2012,19.0
03/09/2012,0.9
04/09/2012,9.5
05/09/2012,15.1
06/09/2012,0.0
07/09/2012,1.0
08/09/2012,4.3
09/09/2012,21.7
10/09/2012,5.9
11/09/2012,19.4
12/09/2012,0.7
13/09/2012,4.3
14/09/2012,1.2
15/09/2012,6.0
16/09/2012,23.0
17/09/2012,2.0
18/09/2012,28.0
19/09/2012,11.6
20/09/2012,10.2
21/09/2012,6.7
22/09/2012,1.5
23/09/2012,0.0
24/09/2012,24.4
25/09/2012,15.5
26/09/2012,12.6
27/09/2012,3.0
28/09/2012,0.0
29/09/2012,0.0
30/09/2012,24.0
01/10/2012,0.0
02/10/2012,41.0
03/10/2012,0.0
04/10/2012,11.0
05/10/2012,2.5
06/10/2012,72.5
07/10/2012,24.5
08/10/2012,6.2
09/10/2012,0.3
10/10/2012,28.0
11/10/2012,15.5
12/10/2012,0.0
13/10/2012,0.0
14/10/2012,17.5
15/10/2012,10.0
16/10/2012,10.0
17/10/2012,0.3
18/10/2012,9.5
19/10/2012,19.1
20/10/2012,0.4
21/10/2012,11.2
22/10/2012,38.8
23/10/2012,0.0
24/10/2012,0.0
25/10/2012,2.0
26/10/2012,0.0
27/10/2012,0.0
28/10/2012,0.0
29/10/2012,0.0
30/10/2012,0.3
31/10/2012,2.6
01/11/2012,7.5
02/11/2012,34.2
03/11/2012,11.8
04/11/2012,3.0
05/11/2012,8.5
06/11/2012,0.0
07/11/2012,0.0
08/11/2012,37.7
09/11/2012,2.3
10/11/2012,32.5
11/11/2012,1.0
12/11/2012,0.5
13/11/2012,1.0
14/11/2012,0.0
15/11/2012,0.0
16/11/2012,0.0
17/11/2012,0.0
18/11/2012,0.0
19/11/2012,13.5
20/11/2012,42.0
21/11/2012,1.0
22/11/2012,0.0
23/11/2012,0.0
24/11/2012,53.5
25/11/2012,2.0
26/11/2012,5.3
27/11/2012,9.7
28/11/2012,3.5
29/11/2012,5.7
30/11/2012,2.3
01/12/2012,0.8
02/12/2012,1.7
03/12/2012,7.9
04/12/2012,1.4
05/12/2012,9.7
06/12/2012,6.5
07/12/2012,0.0
08/12/2012,0.8
09/12/2012,0.7
10/12/2012,16.3
11/12/2012,13.2
12/12/2012,19.5
13/12/2012,11.9
14/12/2012,7.6
15/12/2012,21.9
16/12/2012,31.7
17/12/2012,55.4
18/12/2012,36.9
19/12/2012,80.1
20/12/2012,39.0
21/12/2012,69.7
22/12/2012,30.5
23/12/2012,41.5
24/12/2012,305.4
25/12/2012,204.3
26/12/2012,24.0
27/12/2012,8.2
28/12/2012,4.5
29/12/2012,0.0
30/12/2012,1.8
31/12/2012,241.4
01/01/2013,13.8
02/01/2013,26.8
03/01/2013,53.5
04/01/2013,2.9
05/01/2013,0.5
06/01/2013,0.0
07/01/2013,0.0
08/01/2013,0.0
09/01/2013,7.8
10/01/2013,2.1
11/01/2013,13.6
12/01/2013,12.5
13/01/2013,0.0
14/01/2013,0.0
15/01/2013,0.0
16/01/2013,0.0
17/01/2013,0.4
18/01/2013,36.9
19/01/2013,4.3
20/01/2013,2.8
21/01/2013,60.2
22/01/2013,9.1
23/01/2013,61.6
24/01/2013,17.6
25/01/2013,0.0
26/01/2013,0.0
27/01/2013,0.0
28/01/2013,0.0
29/01/2013,0.0
30/01/2013,0.0
31/01/2013,1.0
01/02/2013,0.5
02/02/2013,0.7
03/02/2013,20.9
04/02/2013,9.3
05/02/2013,0.5
06/02/2013,0.0
07/02/2013,0.0
08/02/2013,0.0
09/02/2013,0.0
10/02/2013,3.8
11/02/2013,38.0
12/02/2013,65.8
13/02/2013,14.1
14/02/2013,34.2
15/02/2013,46.5
16/02/2013,8.8
17/02/2013,1.1
18/02/2013,8.0
19/02/2013,0.0
20/02/2013,0.0
21/02/2013,0.0
22/02/2013,0.4
23/02/2013,0.6
24/02/2013,26.8
25/02/2013,175.9
26/02/2013,77.8
27/02/2013,6.1
28/02/2013,21.9
01/03/2013,7.5
02/03/2013,0.4
03/03/2013,7.6
04/03/2013,0.0
05/03/2013,0.3
06/03/2013,2.5
07/03/2013,9.7
08/03/2013,0.0
09/03/2013,0.0
10/03/2013,0.0
11/03/2013,0.0
12/03/2013,0.0
13/03/2013,0.0
14/03/2013,0.0
15/03/2013,0.4
16/03/2013,7.9
17/03/2013,0.2
18/03/2013,0.0
19/03/2013,0.0
20/03/2013,0.0
21/03/2013,0.0
22/03/2013,0.0
23/03/2013,0.0
24/03/2013,0.0
25/03/2013,0.0
26/03/2013,0.0
27/03/2013,0.0
28/03/2013,0.0
29/03/2013,0.0
30/03/2013,0.0
31/03/2013,0.0
01/04/2013,0.0
02/04/2013,0.0
03/04/2013,0.0
04/04/2013,0.0
05/04/2013,0.0
06/04/2013,0.0
07/04/2013,0.0
08/04/2013,9.0
09/04/2013,0.0
10/04/2013,34.0
11/04/2013,0.5
12/04/2013,0.0
13/04/2013,0.5
14/04/2013,0.0
15/04/2013,0.5
16/04/2013,0.5
17/04/2013,17.5
18/04/2013,0.0
19/04/2013,26.5
20/04/2013,0.0
21/04/2013,14.0
22/04/2013,0.0
23/04/2013,0.0
24/04/2013,0.0
25/04/2013,26.0
26/04/2013,0.0
27/04/2013,0.0
28/04/2013,0.0
29/04/2013,0.0
30/04/2013,0.0
01/05/2013,2.0
02/05/2013,27.5
03/05/2013,50.0
04/05/2013,0.0
05/05/2013,1.5
06/05/2013,1.0
07/05/2013,0.0
08/05/2013,0.0
09/05/2013,0.5
10/05/2013,0.5
11/05/2013,0.4
12/05/2013,0.1
13/05/2013,0.0
14/05/2013,16.0
15/05/2013,29.8
16/05/2013,0.6
17/05/2013,22.6
18/05/2013,0.0
19/05/2013,17.0
20/05/2013,0.0
21/05/2013,1.0
22/05/2013,0.0
23/05/2013,3.5
24/05/2013,3.0
25/05/2013,0.5
26/05/2013,10.0
27/05/2013,0.0
28/05/2013,48.2
29/05/2013,2.3
30/05/2013,0.5
31/05/2013,0.0
01/06/2013,0.0
02/06/2013,8.0
03/06/2013,1.5
04/06/2013,71.5
05/06/2013,57.0
06/06/2013,0.0
07/06/2013,0.0
08/06/2013,14.0
09/06/2013,0.0
10/06/2013,0.0
11/06/2013,5.5
12/06/2013,0.0
13/06/2013,0.0
14/06/2013,0.0
15/06/2013,0.0
16/06/2013,0.0
17/06/2013,0.0
18/06/2013,0.0
19/06/2013,0.0
20/06/2013,0.0
21/06/2013,0.5
22/06/2013,7.5
23/06/2013,0.0
24/06/2013,0.0
25/06/2013,0.0
26/06/2013,0.0
27/06/2013,14.5
28/06/2013,4.5
29/06/2013,41.0
30/06/2013,0.0
01/07/2013,0.0
02/07/2013,19.5
03/07/2013,0.0
04/07/2013,40.3
05/07/2013,3.2
06/07/2013,0.0
07/07/2013,0.0
08/07/2013,0.0
09/07/2013,0.0
10/07/2013,0.4
11/07/2013,23.6
12/07/2013,0.0
13/07/2013,14.4
14/07/2013,21.1
15/07/2013,0.0
16/07/2013,1.0
17/07/2013,7.7
18/07/2013,0.8
19/07/2013,0.0
20/07/2013,0.0
21/07/2013,7.5
22/07/2013,0.0
23/07/2013,0.0
24/07/2013,1.0
25/07/2013,0.5
26/07/2013,16.2
27/07/2013,1.8
28/07/2013,0.5
29/07/2013,1.9
30/07/2013,0.1
31/07/2013,0.0
01/08/2013,2.6
02/08/2013,0.9
03/08/2013,0.0
04/08/2013,0.4
05/08/2013,23.4
06/08/2013,5.1
07/08/2013,0.0
08/08/2013,15.0
09/08/2013,0.0
10/08/2013,1.0
11/08/2013,0.0
12/08/2013,29.5
13/08/2013,0.0
14/08/2013,0.0
15/08/2013,0.0
16/08/2013,0.0
17/08/2013,2.5
18/08/2013,0.0
19/08/2013,0.0
20/08/2013,40.0
21/08/2013,19.0
22/08/2013,0.0
23/08/2013,0.0
24/08/2013,0.0
25/08/2013,15.7
26/08/2013,0.8
27/08/2013,0.0
28/08/2013,1.5
29/08/2013,4.5
30/08/2013,0.5
31/08/2013,1.0
01/09/2013,1.5
02/09/2013,0.0
03/09/2013,0.0
04/09/2013,3.0
05/09/2013,0.0
06/09/2013,29.2
07/09/2013,64.8
08/09/2013,1.0
09/09/2013,32.0
10/09/2013,0.0
11/09/2013,2.5
12/09/2013,1.0
13/09/2013,0.0
14/09/2013,9.0
15/09/2013,0.0
16/09/2013,41.5
17/09/2013,0.0
18/09/2013,2.5
19/09/2013,0.0
20/09/2013,0.0
21/09/2013,0.0
22/09/2013,0.0
23/09/2013,0.0
24/09/2013,0.0
25/09/2013,0.0
26/09/2013,0.0
27/09/2013,24.5
28/09/2013,12.7
29/09/2013,5.8
30/09/2013,0.0
01/10/2013,10.5
02/10/2013,0.7
03/10/2013,81.9
04/10/2013,17.9
05/10/2013,1.9
06/10/2013,0.4
07/10/2013,1.1
08/10/2013,5.8
09/10/2013,24.2
10/10/2013,3.8
11/10/2013,8.6
12/10/2013,13.0
13/10/2013,10.5
14/10/2013,9.5
15/10/2013,23.4
16/10/2013,37.6
17/10/2013,9.4
18/10/2013,14.6
19/10/2013,28.0
20/10/2013,0.0
21/10/2013,30.0
22/10/2013,73.5
23/10/2013,21.0
24/10/2013,0.0
25/10/2013,2.0
26/10/2013,0.0
27/10/2013,0.5
28/10/2013,15.0
29/10/2013,6.5
30/10/2013,0.0
31/10/2013,0.0
01/11/2013,15.0
02/11/2013,0.0
03/11/2013,1.0
04/11/2013,0.5
05/11/2013,33.5
06/11/2013,17.5
07/11/2013,1.5
08/11/2013,0.0
09/11/2013,28.5
10/11/2013,18.0
11/11/2013,36.0
12/11/2013,8.0
13/11/2013,0.0
14/11/2013,0.0
15/11/2013,0.5
16/11/2013,1.5
17/11/2013,3.5
18/11/2013,19.5
19/11/2013,29.0
20/11/2013,60.0
21/11/2013,19.0
22/11/2013,1.5
23/11/2013,0.0
24/11/2013,1.0
25/11/2013,1.0
26/11/2013,0.0
27/11/2013,0.5
28/11/2013,11.5
29/11/2013,29.5
30/11/2013,47.5
01/12/2013,111.5
02/12/2013,160.0
03/12/2013,212.5
04/12/2013,146.0
05/12/2013,45.5
06/12/2013,58.0
07/12/2013,49.0
08/12/2013,4.5
09/12/2013,71.5
10/12/2013,82.0
11/12/2013,6.0
12/12/2013,24.5
13/12/2013,0.0
14/12/2013,2.5
15/12/2013,0.5
16/12/2013,3.0
17/12/2013,1.5
18/12/2013,0.4
19/12/2013,26.6
20/12/2013,1.5
21/12/2013,2.5
22/12/2013,0.0
23/12/2013,0.0
24/12/2013,2.5
25/12/2013,0.4
26/12/2013,4.0
27/12/2013,4.5
28/12/2013,9.0
29/12/2013,2.6
30/12/2013,4.0
31/12/2013,3.7
01/01/2014,1.3
02/01/2014,8.3
03/01/2014,11.7
04/01/2014,0.0
05/01/2014,16.2
06/01/2014,2.3
07/01/2014,0.5
08/01/2014,0.3
09/01/2014,9.9
10/01/2014,151.4
11/01/2014,35.8
12/01/2014,70.3
13/01/2014,1.8
14/01/2014,1.7
15/01/2014,2.3
16/01/2014,0.0
17/01/2014,0.5
18/01/2014,1.8
19/01/2014,0.2
20/01/2014,20.0
21/01/2014,0.0
22/01/2014,0.0
23/01/2014,0.0
24/01/2014,0.0
25/01/2014,0.0
26/01/2014,0.0
27/01/2014,0.0
28/01/2014,1.0
29/01/2014,0.0
30/01/2014,0.5
31/01/2014,0.0
01/02/2014,0.0
02/02/2014,0.0
03/02/2014,0.0
04/02/2014,0.0
05/02/2014,0.0
06/02/2014,0.0
07/02/2014,0.0
08/02/2014,0.0
09/02/2014,0.0
10/02/2014,0.0
11/02/2014,0.0
12/02/2014,0.0
13/02/2014,0.0
14/02/2014,0.0
15/02/2014,0.0
16/02/2014,0.0
17/02/2014,0.0
18/02/2014,0.0
19/02/2014,0.0
20/02/2014,5.6
21/02/2014,3.4
22/02/2014,0.0
23/02/2014,0.0
24/02/2014,0.0
25/02/2014,0.0
26/02/2014,0.4
27/02/2014,0.6
28/02/2014,0.0
01/03/2014,0.0
02/03/2014,0.0
03/03/2014,0.0
04/03/2014,0.0
05/03/2014,0.0
06/03/2014,0.0
07/03/2014,0.0
08/03/2014,0.0
09/03/2014,0.0
10/03/2014,0.0
11/03/2014,0.0
12/03/2014,0.0
13/03/2014,0.0
14/03/2014,0.4
15/03/2014,10.7
16/03/2014,14.3
17/03/2014,3.6
18/03/2014,0.1
19/03/2014,0.0
20/03/2014,0.0
21/03/2014,0.0
22/03/2014,0.0
23/03/2014,0.0
24/03/2014,0.0
25/03/2014,0.0
26/03/2014,0.0
27/03/2014,0.0
28/03/2014,0.0
29/03/2014,13.5
30/03/2014,0.0
31/03/2014,0.0
01/04/2014,0.0
02/04/2014,0.0
03/04/2014,0.0
04/04/2014,0.0
05/04/2014,0.0
06/04/2014,0.0
07/04/2014,0.0
08/04/2014,0.0
09/04/2014,0.0
10/04/2014,0.0
11/04/2014,0.0
12/04/2014,0.0
13/04/2014,0.0
14/04/2014,0.0
15/04/2014,0.0
16/04/2014,0.0
17/04/2014,0.0
18/04/2014,0.0
19/04/2014,0.0
20/04/2014,0.5
21/04/2014,0.5
22/04/2014,0.0
23/04/2014,0.0
24/04/2014,1.0
25/04/2014,0.0
26/04/2014,0.0
27/04/2014,0.0
28/04/2014,0.0
29/04/2014,13.0
30/04/2014,0.0
01/05/2014,0.0
02/05/2014,15.5
03/05/2014,5.5
04/05/2014,0.0
05/05/2014,0.5
06/05/2014,0.0
07/05/2014,8.5
08/05/2014,0.0
09/05/2014,0.0
10/05/2014,0.0
11/05/2014,0.0
12/05/2014,1.5
13/05/2014,0.0
14/05/2014,20.0
15/05/2014,1.0
16/05/2014,27.5
17/05/2014,68.5
18/05/2014,0.0
19/05/2014,1.5
20/05/2014,1.5
21/05/2014,3.5
22/05/2014,45.5
23/05/2014,0.0
24/05/2014,0.5
25/05/2014,0.0
26/05/2014,0.0
27/05/2014,1.5
28/05/2014,14.0
29/05/2014,3.0
30/05/2014,24.0
31/05/2014,0.0
01/06/2014,2.5
02/06/2014,0.0
03/06/2014,0.0
04/06/2014,10.5
05/06/2014,0.5
06/06/2014,1.0
07/06/2014,0.0
08/06/2014,18.5
09/06/2014,5.3
10/06/2014,0.2
11/06/2014,0.0
12/06/2014,1.0
13/06/2014,0.0
14/06/2014,0.0
15/06/2014,0.0
16/06/2014,0.0
17/06/2014,0.0
18/06/2014,0.0
19/06/2014,0.0
20/06/2014,0.0
21/06/2014,0.5
22/06/2014,45.5
23/06/2014,4.5
24/06/2014,0.0
25/06/2014,0.0
26/06/2014,6.0
27/06/2014,27.5
28/06/2014,0.0
29/06/2014,27.5
30/06/2014,18.8
01/07/2014,6.2
02/07/2014,14.5
03/07/2014,1.5
04/07/2014,45.0
05/07/2014,2.0
06/07/2014,0.0
07/07/2014,70.5
08/07/2014,13.5
09/07/2014,0.4
10/07/2014,8.6
11/07/2014,49.4
12/07/2014,2.6
13/07/2014,1.0
14/07/2014,0.4
15/07/2014,0.5
16/07/2014,0.6
17/07/2014,43.1
18/07/2014,1.4
19/07/2014,0.0
20/07/2014,0.0
21/07/2014,0.0
22/07/2014,0.0
23/07/2014,0.0
24/07/2014,0.0
25/07/2014,0.0
26/07/2014,0.0
27/07/2014,0.0
28/07/2014,0.5
29/07/2014,13.5
30/07/2014,0.5
31/07/2014,3.5
01/08/2014,0.0
02/08/2014,8.5
03/08/2014,3.5
04/08/2014,0.0
05/08/2014,4.0
06/08/2014,0.0
07/08/2014,0.0
08/08/2014,0.0
09/08/2014,0.0
10/08/2014,0.0
11/08/2014,0.0
12/08/2014,6.0
13/08/2014,33.0
14/08/2014,12.0
15/08/2014,0.0
16/08/2014,17.2
17/08/2014,0.8
18/08/2014,21.8
19/08/2014,45.7
20/08/2014,24.0
21/08/2014,0.0
22/08/2014,0.0
23/08/2014,17.0
24/08/2014,0.5
25/08/2014,16.0
26/08/2014,39.5
27/08/2014,2.0
28/08/2014,0.0
29/08/2014,0.0
30/08/2014,11.5
31/08/2014,0.5
01/09/2014,24.5
02/09/2014,12.0
03/09/2014,0.0
04/09/2014,1.5
05/09/2014,14.5
06/09/2014,5.0
07/09/2014,0.0
08/09/2014,0.0
09/09/2014,3.0
10/09/2014,2.5
11/09/2014,26.0
12/09/2014,0.4
13/09/2014,108.1
14/09/2014,2.5
15/09/2014,3.9
16/09/2014,0.1
17/09/2014,0.0
18/09/2014,0.0
19/09/2014,7.5
20/09/2014,6.5
21/09/2014,0.0
22/09/2014,0.0
23/09/2014,0.0
24/09/2014,0.0
25/09/2014,11.0
26/09/2014,0.0
27/09/2014,0.5
28/09/2014,15.8
29/09/2014,13.7
30/09/2014,67.5
01/10/2014,0.5
02/10/2014,3.0
03/10/2014,4.0
04/10/2014,16.5
05/10/2014,0.5
06/10/2014,4.5
07/10/2014,0.5
08/10/2014,0.0
09/10/2014,0.0
10/10/2014,5.5
11/10/2014,8.0
12/10/2014,22.0
13/10/2014,7.5
14/10/2014,3.0
15/10/2014,4.5
16/10/2014,0.0
17/10/2014,10.0
18/10/2014,0.5
19/10/2014,36.5
20/10/2014,0.5
21/10/2014,0.5
22/10/2014,4.0
23/10/2014,22.5
24/10/2014,9.0
25/10/2014,0.0
26/10/2014,0.0
27/10/2014,0.0
28/10/2014,0.0
29/10/2014,3.0
30/10/2014,0.0
31/10/2014,7.5
01/11/2014,18.5
02/11/2014,16.9
03/11/2014,0.1
04/11/2014,1.0
05/11/2014,0.4
06/11/2014,0.1
07/11/2014,0.0
08/11/2014,44.1
09/11/2014,5.9
10/11/2014,24.5
11/11/2014,0.0
12/11/2014,11.0
13/11/2014,8.0
14/11/2014,48.5
15/11/2014,13.8
16/11/2014,21.3
17/11/2014,46.2
18/11/2014,152.9
19/11/2014,15.1
20/11/2014,22.2
21/11/2014,0.0
22/11/2014,0.0
23/11/2014,0.4
24/11/2014,31.9
25/11/2014,0.8
26/11/2014,2.5
27/11/2014,0.0
28/11/2014,8.5
29/11/2014,13.0
30/11/2014,0.0
01/12/2014,0.0
02/12/2014,58.4
03/12/2014,4.1
04/12/2014,18.5
05/12/2014,0.5
06/12/2014,2.0
07/12/2014,21.5
08/12/2014,17.5
09/12/2014,0.0
10/12/2014,0.0
11/12/2014,0.0
12/12/2014,0.0
13/12/2014,0.0
14/12/2014,22.3
15/12/2014,257.2
16/12/2014,190.7
17/12/2014,240.3
18/12/2014,173.3
19/12/2014,16.9
20/12/2014,14.2
21/12/2014,157.7
22/12/2014,164.5
23/12/2014,145.0
24/12/2014,15.8
25/12/2014,82.1
26/12/2014,211.2
27/12/2014,36.2
28/12/2014,48.1
29/12/2014,146.2
30/12/2014,19.3
31/12/2014,0.3
01/01/2015,0.4
02/01/2015,0.5
03/01/2015,12.5
04/01/2015,9.6
05/01/2015,2.4
06/01/2015,2.1
07/01/2015,19.7
08/01/2015,77.6
09/01/2015,35.5
10/01/2015,20.8
11/01/2015,4.9
12/01/2015,0.0
13/01/2015,7.4
14/01/2015,3.1
15/01/2015,0.0
16/01/2015,0.0
17/01/2015,0.0
18/01/2015,0.5
19/01/2015,0.0
20/01/2015,2.0
21/01/2015,0.0
22/01/2015,0.0
23/01/2015,0.0
24/01/2015,0.0
25/01/2015,0.0
26/01/2015,0.0
27/01/2015,0.0
28/01/2015,0.4
29/01/2015,68.6
30/01/2015,0.0
31/01/2015,0.0
01/02/2015,0.0
02/02/2015,0.0
03/02/2015,60.1
04/02/2015,18.1
05/02/2015,2.7
06/02/2015,0.6
07/02/2015,0.5
08/02/2015,0.8
09/02/2015,1.5
10/02/2015,0.2
11/02/2015,0.0
12/02/2015,0.0
13/02/2015,0.0
14/02/2015,0.0
15/02/2015,0.0
16/02/2015,0.0
17/02/2015,0.0
18/02/2015,0.0
19/02/2015,0.0
20/02/2015,0.0
21/02/2015,0.0
22/02/2015,0.0
23/02/2015,0.0
24/02/2015,0.0
25/02/2015,0.0
26/02/2015,0.0
27/02/2015,0.0
28/02/2015,0.0
01/03/2015,0.0
02/03/2015,0.0
03/03/2015,0.0
04/03/2015,0.0
05/03/2015,0.0
06/03/2015,0.0
07/03/2015,0.0
08/03/2015,0.0
09/03/2015,0.0
10/03/2015,0.0
11/03/2015,0.0
12/03/2015,0.0
13/03/2015,0.0
14/03/2015,0.0
15/03/2015,0.0
16/03/2015,0.0
17/03/2015,0.0
18/03/2015,0.0
19/03/2015,0.0
20/03/2015,0.0
21/03/2015,0.0
22/03/2015,0.0
23/03/2015,0.0
24/03/2015,0.0
25/03/2015,1.4
26/03/2015,10.1
27/03/2015,9.3
28/03/2015,0.6
29/03/2015,0.6
30/03/2015,25.9
31/03/2015,27.2
01/04/2015,1.5
02/04/2015,20.0
03/04/2015,0.0
04/04/2015,0.0
05/04/2015,0.0
06/04/2015,0.0
07/04/2015,0.0
08/04/2015,0.0
09/04/2015,0.4
10/04/2015,30.6
11/04/2015,0.0
12/04/2015,0.0
13/04/2015,0.4
14/04/2015,7.6
15/04/2015,0.0
16/04/2015,0.0
17/04/2015,0.0
18/04/2015,0.0
19/04/2015,0.3
20/04/2015,5.2
21/04/2015,0.0
22/04/2015,0.0
23/04/2015,2.5
24/04/2015,11.0
25/04/2015,16.0
26/04/2015,0.0
27/04/2015,6.5
28/04/2015,0.0
29/04/2015,0.0
30/04/2015,0.0
01/05/2015,27.0
02/05/2015,5.5
03/05/2015,0.5
04/05/2015,0.0
05/05/2015,0.0
06/05/2015,1.0
07/05/2015,0.0
08/05/2015,0.0
09/05/2015,0.0
10/05/2015,0.5
11/05/2015,9.5
12/05/2015,1.5
13/05/2015,0.0
14/05/2015,0.0
15/05/2015,12.0
16/05/2015,8.0
17/05/2015,39.5
18/05/2015,24.0
19/05/2015,2.5
20/05/2015,48.0
21/05/2015,16.0
22/05/2015,2.0
23/05/2015,0.0
24/05/2015,25.0
25/05/2015,4.5
26/05/2015,0.0
27/05/2015,0.0
28/05/2015,0.0
29/05/2015,0.0
30/05/2015,0.0
31/05/2015,0.0
01/06/2015,0.0
02/06/2015,0.0
03/06/2015,0.0
04/06/2015,1.0
05/06/2015,0.0
06/06/2015,0.0
07/06/2015,0.0
08/06/2015,0.0
09/06/2015,0.0
10/06/2015,0.0
11/06/2015,5.0
12/06/2015,6.6
13/06/2015,61.7
14/06/2015,5.2
15/06/2015,2.0
16/06/2015,0.0
17/06/2015,0.0
18/06/2015,0.0
19/06/2015,0.0
20/06/2015,22.0
21/06/2015,0.0
22/06/2015,0.0
23/06/2015,0.0
24/06/2015,0.0
25/06/2015,0.5
26/06/2015,0.0
27/06/2015,0.0
28/06/2015,0.0
29/06/2015,0.0
30/06/2015,5.7
01/07/2015,14.8
02/07/2015,0.7
03/07/2015,20.4
04/07/2015,4.4
05/07/2015,0.0
06/07/2015,0.0
07/07/2015,14.5
08/07/2015,0.5
09/07/2015,0.0
10/07/2015,0.0
11/07/2015,0.0
12/07/2015,0.0
13/07/2015,0.0
14/07/2015,0.0
15/07/2015,0.0
16/07/2015,5.5
17/07/2015,33.0
18/07/2015,0.0
19/07/2015,0.5
20/07/2015,0.3
21/07/2015,45.2
22/07/2015,0.5
23/07/2015,0.0
24/07/2015,0.0
25/07/2015,0.0
26/07/2015,0.5
27/07/2015,0.0
28/07/2015,0.0
29/07/2015,2.5
30/07/2015,0.0
31/07/2015,18.5
01/08/2015,6.5
02/08/2015,1.0
03/08/2015,40.5
04/08/2015,0.5
05/08/2015,0.0
06/08/2015,23.0
07/08/2015,42.0
08/08/2015,8.1
09/08/2015,1.9
10/08/2015,16.5
11/08/2015,7.0
12/08/2015,8.0
13/08/2015,4.0
14/08/2015,0.0
15/08/2015,0.4
16/08/2015,1.6
17/08/2015,0.0
18/08/2015,0.0
19/08/2015,24.4
20/08/2015,27.4
21/08/2015,15.2
22/08/2015,0.0
23/08/2015,5.5
24/08/2015,0.0
25/08/2015,0.0
26/08/2015,0.0
27/08/2015,0.0
28/08/2015,0.0
29/08/2015,0.0
30/08/2015,16.0
31/08/2015,0.0
01/09/2015,0.0
02/09/2015,0.0
03/09/2015,0.0
04/09/2015,0.0
05/09/2015,2.3
06/09/2015,22.2
07/09/2015,9.5
08/09/2015,52.5
09/09/2015,3.6
10/09/2015,0.4
11/09/2015,0.0
12/09/2015,10.5
13/09/2015,0.5
14/09/2015,0.0
15/09/2015,30.8
16/09/2015,10.7
17/09/2015,0.0
18/09/2015,16.5
19/09/2015,0.0
20/09/2015,0.0
21/09/2015,0.0
22/09/2015,11.5
23/09/2015,0.0
24/09/2015,0.0
25/09/2015,0.0
26/09/2015,0.0
27/09/2015,0.0
28/09/2015,0.0
29/09/2015,1.5
30/09/2015,0.0
01/10/2015,0.0
02/10/2015,0.0
03/10/2015,0.0
04/10/2015,0.0
05/10/2015,0.0
06/10/2015,5.9
07/10/2015,0.6
08/10/2015,0.0
09/10/2015,0.0
10/10/2015,1.5
11/10/2015,0.0
12/10/2015,6.5
13/10/2015,0.0
14/10/2015,0.0
15/10/2015,0.0
16/10/2015,18.5
17/10/2015,1.0
18/10/2015,0.0
19/10/2015,0.0
20/10/2015,0.0
21/10/2015,0.0
22/10/2015,0.5
23/10/2015,0.0
24/10/2015,1.5
25/10/2015,0.5
26/10/2015,16.3
27/10/2015,17.9
28/10/2015,14.7
29/10/2015,44.7
30/10/2015,32.9
31/10/2015,0.4
01/11/2015,1.1
02/11/2015,18.7
03/11/2015,1.3
04/11/2015,1.5
05/11/2015,2.0
06/11/2015,16.0
07/11/2015,0.5
08/11/2015,13.5
09/11/2015,0.0
10/11/2015,3.0
11/11/2015,19.5
12/11/2015,1.0
13/11/2015,0.5
14/11/2015,0.0
15/11/2015,2.0
16/11/2015,9.0
17/11/2015,0.0
18/11/2015,0.0
19/11/2015,1.0
20/11/2015,24.2
21/11/2015,14.4
22/11/2015,25.2
23/11/2015,3.8
24/11/2015,68.8
25/11/2015,1.7
26/11/2015,8.9
27/11/2015,57.3
28/11/2015,120.6
29/11/2015,23.6
30/11/2015,28.7
01/12/2015,0.5
02/12/2015,0.4
03/12/2015,8.6
04/12/2015,2.0
05/12/2015,15.5
06/12/2015,10.4
07/12/2015,39.5
08/12/2015,5.6
09/12/2015,2.5
10/12/2015,0.0
11/12/2015,18.5
12/12/2015,1.0
13/12/2015,30.5
14/12/2015,0.0
15/12/2015,0.0
16/12/2015,7.8
17/12/2015,4.5
18/12/2015,1.7
19/12/2015,0.0
20/12/2015,0.0
21/12/2015,0.0
22/12/2015,0.0
23/12/2015,12.9
24/12/2015,7.3
25/12/2015,35.8
26/12/2015,1.0
27/12/2015,126.9
28/12/2015,332.4
29/12/2015,6.2
30/12/2015,0.9
31/12/2015,18.5
01/01/2016,15.2
02/01/2016,0.5
03/01/2016,0.0
04/01/2016,0.0
05/01/2016,0.0
06/01/2016,0.0
07/01/2016,0.0
08/01/2016,0.0
09/01/2016,0.0
10/01/2016,0.0
11/01/2016,0.0
12/01/2016,0.0
13/01/2016,17.0
14/01/2016,26.9
15/01/2016,18.1
16/01/2016,0.0
17/01/2016,0.0
18/01/2016,0.2
19/01/2016,0.3
20/01/2016,0.0
21/01/2016,11.0
22/01/2016,33.5
23/01/2016,0.0
24/01/2016,1.5
25/01/2016,11.6
26/01/2016,21.9
27/01/2016,0.8
28/01/2016,7.7
29/01/2016,0.0
30/01/2016,0.0
31/01/2016,0.0
01/02/2016,0.0
02/02/2016,3.2
03/02/2016,46.7
04/02/2016,49.0
05/02/2016,18.5
06/02/2016,21.7
07/02/2016,3.8
08/02/2016,1.2
09/02/2016,0.0
10/02/2016,0.0
11/02/2016,0.0
12/02/2016,0.4
13/02/2016,9.4
14/02/2016,1.7
15/02/2016,0.0
16/02/2016,0.0
17/02/2016,0.9
18/02/2016,6.3
19/02/2016,6.2
20/02/2016,0.0
21/02/2016,0.0
22/02/2016,0.0
23/02/2016,0.0
24/02/2016,1.6
25/02/2016,2.3
26/02/2016,12.8
27/02/2016,14.3
28/02/2016,1.5
29/02/2016,0.5
01/03/2016,0.0
02/03/2016,0.0
03/03/2016,0.0
04/03/2016,0.0
05/03/2016,0.0
06/03/2016,0.0
07/03/2016,0.0
08/03/2016,0.0
09/03/2016,0.0
10/03/2016,0.0
11/03/2016,0.0
12/03/2016,0.0
13/03/2016,0.0
14/03/2016,0.0
15/03/2016,0.0
16/03/2016,0.0
17/03/2016,0.0
18/03/2016,0.0
19/03/2016,0.0
20/03/2016,0.0
21/03/2016,0.0
22/03/2016,0.0
23/03/2016,0.0
24/03/2016,0.0
25/03/2016,0.0
26/03/2016,0.5
27/03/2016,1.6
28/03/2016,10.4
29/03/2016,0.0
30/03/2016,0.0
31/03/2016,0.0
01/04/2016,0.0
02/04/2016,0.0
03/04/2016,0.0
04/04/2016,0.0
05/04/2016,0.0
06/04/2016,0.0
07/04/2016,0.0
08/04/2016,0.0
09/04/2016,0.0
10/04/2016,0.0
11/04/2016,0.0
12/04/2016,0.0
13/04/2016,9.0
14/04/2016,1.0
15/04/2016,0.0
16/04/2016,0.0
17/04/2016,0.0
18/04/2016,0.0
19/04/2016,0.0
20/04/2016,0.0
21/04/2016,0.0
22/04/2016,0.0
23/04/2016,0.0
24/04/2016,0.0
25/04/2016,0.0
26/04/2016,0.0
27/04/2016,0.0
28/04/2016,0.0
29/04/2016,0.0
30/04/2016,0.0
01/05/2016,0.0
02/05/2016,36.9
03/05/2016,0.1
04/05/2016,0.0
05/05/2016,0.4
06/05/2016,0.1
07/05/2016,22.0
08/05/2016,0.0
09/05/2016,0.0
10/05/2016,0.0
11/05/2016,0.0
12/05/2016,0.5
13/05/2016,2.0
14/05/2016,0.0
15/05/2016,0.0
16/05/2016,0.0
17/05/2016,0.0
18/05/2016,0.3
19/05/2016,15.2
20/05/2016,0.5
21/05/2016,19.5
22/05/2016,0.0
23/05/2016,5.5
24/05/2016,0.0
25/05/2016,12.5
26/05/2016,1.0
27/05/2016,0.5
28/05/2016,12.9
29/05/2016,39.9
30/05/2016,0.7
31/05/2016,0.5
01/06/2016,3.5
02/06/2016,0.4
03/06/2016,1.4
04/06/2016,0.1
05/06/2016,0.0
06/06/2016,1.0
07/06/2016,3.5
08/06/2016,6.0
09/06/2016,1.5
10/06/2016,1.6
11/06/2016,39.4
12/06/2016,0.5
13/06/2016,11.2
14/06/2016,2.8
15/06/2016,7.0
16/06/2016,0.0
17/06/2016,7.0
18/06/2016,2.8
19/06/2016,0.2
20/06/2016,0.0
21/06/2016,23.5
22/06/2016,5.5
23/06/2016,0.4
24/06/2016,1.1
25/06/2016,10.5
26/06/2016,61.3
27/06/2016,8.7
28/06/2016,0.0
29/06/2016,0.0
30/06/2016,1.0
01/07/2016,0.0
02/07/2016,0.0
03/07/2016,0.0
04/07/2016,0.0
05/07/2016,12.5
06/07/2016,8.0
07/07/2016,26.9
08/07/2016,3.1
09/07/2016,0.0
10/07/2016,0.0
11/07/2016,14.4
12/07/2016,35.1
13/07/2016,0.2
14/07/2016,15.8
15/07/2016,0.5
16/07/2016,2.5
17/07/2016,0.0
18/07/2016,0.0
19/07/2016,52.0
20/07/2016,25.0
21/07/2016,0.0
22/07/2016,6.0
23/07/2016,0.0
24/07/2016,3.5
25/07/2016,0.0
26/07/2016,0.0
27/07/2016,13.9
28/07/2016,3.1
29/07/2016,6.7
30/07/2016,12.3
31/07/2016,24.0
01/08/2016,0.0
02/08/2016,0.0
03/08/2016,30.5
04/08/2016,0.0
05/08/2016,2.7
06/08/2016,0.3
07/08/2016,7.5
08/08/2016,8.0
09/08/2016,0.5
10/08/2016,27.6
11/08/2016,30.3
12/08/2016,1.1
13/08/2016,0.0
14/08/2016,0.0
15/08/2016,0.0
16/08/2016,0.0
17/08/2016,0.0
18/08/2016,0.4
19/08/2016,14.6
20/08/2016,79.5
21/08/2016,1.0
22/08/2016,0.0
23/08/2016,2.3
24/08/2016,16.7
25/08/2016,22.3
26/08/2016,4.7
27/08/2016,0.0
28/08/2016,0.0
29/08/2016,0.0
30/08/2016,2.5
31/08/2016,0.5
01/09/2016,21.0
02/09/2016,0.0
03/09/2016,17.5
04/09/2016,1.0
05/09/2016,3.3
06/09/2016,14.7
07/09/2016,25.1
08/09/2016,35.9
09/09/2016,0.0
10/09/2016,0.5
11/09/2016,14.0
12/09/2016,1.0
13/09/2016,12.9
14/09/2016,33.6
15/09/2016,0.0
16/09/2016,0.0
17/09/2016,0.0
18/09/2016,1.8
19/09/2016,22.2
20/09/2016,0.5
21/09/2016,0.9
22/09/2016,10.1
23/09/2016,0.0
24/09/2016,9.7
25/09/2016,4.3
26/09/2016,0.0
27/09/2016,2.0
28/09/2016,4.8
29/09/2016,27.7
30/09/2016,17.0
01/10/2016,12.0
02/10/2016,1.5
03/10/2016,0.0
04/10/2016,19.5
05/10/2016,0.5
06/10/2016,0.0
07/10/2016,0.0
08/10/2016,20.5
09/10/2016,26.0
10/10/2016,2.0
11/10/2016,1.0
12/10/2016,0.0
13/10/2016,0.0
14/10/2016,5.0
15/10/2016,62.4
16/10/2016,54.1
17/10/2016,0.0
18/10/2016,0.0
19/10/2016,0.0
20/10/2016,47.3
21/10/2016,15.6
22/10/2016,20.1
23/10/2016,2.5
24/10/2016,0.0
25/10/2016,0.0
26/10/2016,0.4
27/10/2016,2.6
28/10/2016,0.4
29/10/2016,1.0
30/10/2016,1.9
31/10/2016,30.6
01/11/2016,12.7
02/11/2016,13.8
03/11/2016,6.2
04/11/2016,53.5
05/11/2016,60.2
06/11/2016,7.1
07/11/2016,89.7
08/11/2016,34.0
09/11/2016,1.0
10/11/2016,5.0
11/11/2016,4.3
12/11/2016,16.7
13/11/2016,17.9
14/11/2016,6.6
15/11/2016,1.8
16/11/2016,19.2
17/11/2016,1.0
18/11/2016,7.0
19/11/2016,0.8
20/11/2016,7.7
21/11/2016,15.5
22/11/2016,0.0
23/11/2016,0.5
24/11/2016,6.5
25/11/2016,0.4
26/11/2016,55.2
27/11/2016,29.9
28/11/2016,3.9
29/11/2016,129.1
30/11/2016,0.5
01/12/2016,84.9
02/12/2016,9.6
03/12/2016,33.0
04/12/2016,11.1
05/12/2016,0.5
06/12/2016,14.4
07/12/2016,4.6
08/12/2016,9.1
09/12/2016,0.9
10/12/2016,49.5
11/12/2016,4.5
12/12/2016,0.0
13/12/2016,0.0
14/12/2016,0.2
15/12/2016,0.3
16/12/2016,0.5
17/12/2016,1.9
18/12/2016,7.1
19/12/2016,49.4
20/12/2016,30.1
21/12/2016,3.5
22/12/2016,0.9
23/12/2016,85.0
24/12/2016,81.6
25/12/2016,119.7
26/12/2016,38.1
27/12/2016,27.2
28/12/2016,0.0
29/12/2016,0.3
30/12/2016,25.7
31/12/2016,248.1
01/01/2017,29.6
02/01/2017,64.6
03/01/2017,248.9
04/01/2017,15.3
05/01/2017,0.5
06/01/2017,15.0
07/01/2017,0.0
08/01/2017,28.5
09/01/2017,0.9
10/01/2017,0.1
11/01/2017,0.0
12/01/2017,0.0
13/01/2017,0.0
14/01/2017,0.0
15/01/2017,0.0
16/01/2017,0.0
17/01/2017,72.1
18/01/2017,0.4
19/01/2017,128.8
20/01/2017,61.0
21/01/2017,361.6
22/01/2017,33.4
23/01/2017,29.2
24/01/2017,70.8
25/01/2017,44.9
26/01/2017,32.8
27/01/2017,9.0
28/01/2017,0.6
29/01/2017,0.0
30/01/2017,1.1
31/01/2017,0.9
01/02/2017,0.0
02/02/2017,0.5
03/02/2017,0.0
04/02/2017,1.0
05/02/2017,1.0
06/02/2017,15.5
07/02/2017,0.5
08/02/2017,0.0
09/02/2017,0.0
10/02/2017,0.0
11/02/2017,2.0
12/02/2017,11.5
13/02/2017,14.3
14/02/2017,13.9
15/02/2017,7.2
16/02/2017,0.0
17/02/2017,0.9
18/02/2017,43.5
19/02/2017,0.6
20/02/2017,0.9
21/02/2017,3.1
22/02/2017,0.0
23/02/2017,0.0
24/02/2017,0.4
25/02/2017,3.1
26/02/2017,49.7
27/02/2017,7.6
28/02/2017,14.5
01/03/2017,13.8
02/03/2017,15.1
03/03/2017,0.6
04/03/2017,0.1
05/03/2017,0.0
06/03/2017,0.0
07/03/2017,0.0
08/03/2017,0.0
09/03/2017,0.0
10/03/2017,0.0
11/03/2017,0.0
12/03/2017,0.0
13/03/2017,0.0
14/03/2017,0.0
15/03/2017,28.5
16/03/2017,0.5
17/03/2017,0.0
18/03/2017,0.0
19/03/2017,0.0
20/03/2017,1.0
21/03/2017,37.5
22/03/2017,0.5
23/03/2017,0.0
24/03/2017,0.0
25/03/2017,0.0
26/03/2017,11.5
27/03/2017,0.0
28/03/2017,26.5
29/03/2017,3.0
30/03/2017,0.0
31/03/2017,41.5
01/04/2017,10.5
02/04/2017,24.0
03/04/2017,120.5
04/04/2017,0.5
05/04/2017,0.0
06/04/2017,12.5
07/04/2017,3.5
08/04/2017,0.0
09/04/2017,0.0
10/04/2017,1.0
11/04/2017,0.0
12/04/2017,0.0
13/04/2017,0.0
14/04/2017,0.0
15/04/2017,0.0
16/04/2017,0.0
17/04/2017,0.0
18/04/2017,2.5
19/04/2017,0.0
20/04/2017,0.0
21/04/2017,39.4
22/04/2017,0.1
23/04/2017,0.5
24/04/2017,0.0
25/04/2017,0.0
26/04/2017,0.0
27/04/2017,0.0
28/04/2017,0.0
29/04/2017,0.0
30/04/2017,0.0
01/05/2017,1.0
02/05/2017,0.5
03/05/2017,4.0
04/05/2017,0.0
05/05/2017,1.5
06/05/2017,6.5
07/05/2017,1.0
08/05/2017,0.5
09/05/2017,0.0
10/05/2017,51.0
11/05/2017,44.3
12/05/2017,0.2
13/05/2017,45.5
14/05/2017,0.0
15/05/2017,22.8
16/05/2017,1.7
17/05/2017,0.0
18/05/2017,0.0
19/05/2017,0.0
20/05/2017,0.0
21/05/2017,61.5
22/05/2017,2.5
23/05/2017,6.5
24/05/2017,0.4
25/05/2017,25.1
26/05/2017,9.5
27/05/2017,4.5
28/05/2017,0.0
29/05/2017,6.7
30/05/2017,0.3
31/05/2017,0.0
01/06/2017,23.5
02/06/2017,10.0
03/06/2017,4.4
04/06/2017,8.6
05/06/2017,0.0
06/06/2017,0.0
07/06/2017,0.0
08/06/2017,0.0
09/06/2017,0.0
10/06/2017,0.0
11/06/2017,4.5
12/06/2017,0.0
13/06/2017,18.5
14/06/2017,0.0
15/06/2017,36.0
16/06/2017,0.0
17/06/2017,5.5
18/06/2017,0.0
19/06/2017,50.9
20/06/2017,15.6
21/06/2017,22.2
22/06/2017,49.8
23/06/2017,6.0
24/06/2017,0.5
25/06/2017,0.5
26/06/2017,2.9
27/06/2017,1.1
28/06/2017,6.3
29/06/2017,19.1
30/06/2017,1.1
01/07/2017,0.0
02/07/2017,15.0
03/07/2017,0.0
04/07/2017,1.0
05/07/2017,37.5
06/07/2017,0.0
07/07/2017,10.0
08/07/2017,5.5
09/07/2017,52.9
10/07/2017,35.6
11/07/2017,48.0
12/07/2017,14.5
13/07/2017,13.5
14/07/2017,0.4
15/07/2017,0.6
16/07/2017,0.0
17/07/2017,0.5
18/07/2017,0.0
19/07/2017,12.0
20/07/2017,0.0
21/07/2017,0.0
22/07/2017,0.0
23/07/2017,0.0
24/07/2017,0.5
25/07/2017,0.0
26/07/2017,0.0
27/07/2017,0.0
28/07/2017,4.5
29/07/2017,0.5
30/07/2017,0.0
31/07/2017,7.5
01/08/2017,15.0
02/08/2017,9.0
03/08/2017,1.0
04/08/2017,0.5
05/08/2017,0.0
06/08/2017,0.2
07/08/2017,28.8
08/08/2017,2.5
09/08/2017,38.0
10/08/2017,1.5
11/08/2017,5.5
12/08/2017,6.0
13/08/2017,1.0
14/08/2017,23.5
15/08/2017,6.5
16/08/2017,3.5
17/08/2017,4.0
18/08/2017,0.0
19/08/2017,0.0
20/08/2017,26.0
21/08/2017,13.4
22/08/2017,42.6
23/08/2017,3.0
24/08/2017,0.4
25/08/2017,17.0
26/08/2017,59.1
27/08/2017,0.0
28/08/2017,4.0
29/08/2017,0.5
30/08/2017,2.5
31/08/2017,45.0
01/09/2017,0.5
02/09/2017,5.0
03/09/2017,0.5
04/09/2017,8.3
05/09/2017,2.2
06/09/2017,21.7
07/09/2017,0.3
08/09/2017,0.0
09/09/2017,0.0
10/09/2017,8.3
11/09/2017,24.2
12/09/2017,0.5
13/09/2017,3.5
14/09/2017,41.0
15/09/2017,4.0
16/09/2017,0.0
17/09/2017,19.0
18/09/2017,1.5
19/09/2017,0.7
20/09/2017,16.1
21/09/2017,12.2
22/09/2017,0.0
23/09/2017,0.5
24/09/2017,20.0
25/09/2017,0.4
26/09/2017,11.1
27/09/2017,4.5
28/09/2017,13.0
29/09/2017,20.0
30/09/2017,0.5
01/10/2017,31.0
02/10/2017,0.0
03/10/2017,43.5
04/10/2017,0.0
05/10/2017,0.0
06/10/2017,0.0
07/10/2017,34.0
08/10/2017,16.0
09/10/2017,27.8
10/10/2017,3.2
11/10/2017,12.0
12/10/2017,27.2
13/10/2017,20.3
14/10/2017,1.0
15/10/2017,6.5
16/10/2017,0.0
17/10/2017,0.0
18/10/2017,0.0
19/10/2017,1.5
20/10/2017,0.0
21/10/2017,5.5
22/10/2017,22.0
23/10/2017,63.2
24/10/2017,1.8
25/10/2017,0.0
26/10/2017,9.1
27/10/2017,2.9
28/10/2017,10.4
29/10/2017,4.5
30/10/2017,57.6
31/10/2017,8.0
01/11/2017,0.5
02/11/2017,4.3
03/11/2017,1.2
04/11/2017,44.0
05/11/2017,0.5
06/11/2017,16.0
07/11/2017,38.6
08/11/2017,1.4
09/11/2017,0.5
10/11/2017,0.0
11/11/2017,3.0
12/11/2017,45.5
13/11/2017,1.5
14/11/2017,33.5
15/11/2017,15.0
16/11/2017,14.0
17/11/2017,0.0
18/11/2017,0.0
19/11/2017,0.0
20/11/2017,13.0
21/11/2017,0.5
22/11/2017,0.3
23/11/2017,41.3
24/11/2017,40.1
25/11/2017,17.6
26/11/2017,72.7
27/11/2017,124.5
28/11/2017,57.9
29/11/2017,1.2
30/11/2017,15.4
01/12/2017,76.7
02/12/2017,14.4
03/12/2017,19.7
04/12/2017,0.8
05/12/2017,59.3
06/12/2017,6.2
07/12/2017,14.2
08/12/2017,145.8
09/12/2017,0.5
10/12/2017,6.0
11/12/2017,0.8
12/12/2017,6.7
13/12/2017,0.0
14/12/2017,0.0
15/12/2017,0.0
16/12/2017,6.8
17/12/2017,73.7
18/12/2017,16.4
19/12/2017,0.6
20/12/2017,0.0
21/12/2017,0.5
22/12/2017,7.3
23/12/2017,15.2
24/12/2017,8.6
25/12/2017,1.0
26/12/2017,5.5
27/12/2017,38.0
28/12/2017,0.5
29/12/2017,109.8
30/12/2017,33.5
31/12/2017,44.7
01/01/2018,87.5
02/01/2018,86.1
03/01/2018,63.9
04/01/2018,18.5
05/01/2018,23.5
06/01/2018,16.0
07/01/2018,1.2
08/01/2018,3.3
09/01/2018,0.5
10/01/2018,6.2
11/01/2018,36.5
12/01/2018,36.6
13/01/2018,42.0
14/01/2018,5.1
15/01/2018,1.2
16/01/2018,12.0
17/01/2018,0.0
18/01/2018,0.0
19/01/2018,37.2
20/01/2018,79.6
21/01/2018,55.7
22/01/2018,2.3
23/01/2018,5.2
24/01/2018,18.0
25/01/2018,0.0
26/01/2018,78.1
27/01/2018,13.9
28/01/2018,0.0
29/01/2018,0.0
30/01/2018,0.0
31/01/2018,4.5
01/02/2018,11.2
02/02/2018,10.9
03/02/2018,4.9
04/02/2018,0.4
05/02/2018,0.1
06/02/2018,0.0
07/02/2018,0.0
08/02/2018,0.0
09/02/2018,0.0
10/02/2018,0.0
11/02/2018,0.0
12/02/2018,3.0
13/02/2018,21.0
14/02/2018,3.0
15/02/2018,0.0
16/02/2018,0.0
17/02/2018,0.0
18/02/2018,0.0
19/02/2018,1.5
20/02/2018,0.0
21/02/2018,0.0
22/02/2018,0.0
23/02/2018,10.0
24/02/2018,3.0
25/02/2018,0.0
26/02/2018,0.0
27/02/2018,0.0
28/02/2018,0.0
01/03/2018,0.0
02/03/2018,0.0
03/03/2018,0.0
04/03/2018,0.0
05/03/2018,0.0
06/03/2018,0.4
07/03/2018,22.0
08/03/2018,2.6
09/03/2018,4.9
10/03/2018,12.9
11/03/2018,0.7
12/03/2018,0.0
13/03/2018,1.0
14/03/2018,0.0
15/03/2018,0.0
16/03/2018,6.0
17/03/2018,0.0
18/03/2018,0.0
19/03/2018,0.0
20/03/2018,0.0
21/03/2018,0.0
22/03/2018,0.0
23/03/2018,1.9
24/03/2018,1.6
25/03/2018,0.0
26/03/2018,0.0
27/03/2018,0.0
28/03/2018,0.0
29/03/2018,0.0
30/03/2018,0.0
31/03/2018,0.0
01/04/2018,0.0
02/04/2018,0.0
03/04/2018,0.0
04/04/2018,0.0
05/04/2018,0.0
06/04/2018,0.0
07/04/2018,0.4
08/04/2018,17.6
09/04/2018,1.3
10/04/2018,0.7
11/04/2018,0.0
12/04/2018,0.0
13/04/2018,0.0
14/04/2018,0.0
15/04/2018,0.0
16/04/2018,0.0
17/04/2018,0.4
18/04/2018,11.1
19/04/2018,4.8
20/04/2018,0.7
21/04/2018,0.5
22/04/2018,0.0
23/04/2018,0.0
24/04/2018,12.5
25/04/2018,24.0
26/04/2018,6.0
27/04/2018,0.5
28/04/2018,2.5
29/04/2018,4.4
30/04/2018,6.6
01/05/2018,0.5
02/05/2018,0.0
03/05/2018,0.0
04/05/2018,12.5
05/05/2018,2.0
06/05/2018,0.0
07/05/2018,3.0
08/05/2018,0.0
09/05/2018,0.0
10/05/2018,0.0
11/05/2018,0.0
12/05/2018,8.0
13/05/2018,0.0
14/05/2018,0.0
15/05/2018,1.5
16/05/2018,0.5
17/05/2018,0.0
18/05/2018,0.0
19/05/2018,0.0
20/05/2018,4.0
21/05/2018,0.0
22/05/2018,0.0
23/05/2018,0.5
24/05/2018,6.5
25/05/2018,0.0
26/05/2018,0.5
27/05/2018,7.5
28/05/2018,0.0
29/05/2018,36.0
30/05/2018,0.0
31/05/2018,106.0
01/06/2018,44.0
02/06/2018,1.0
03/06/2018,0.4
04/06/2018,0.1
05/06/2018,5.5
06/06/2018,5.0
07/06/2018,0.0
08/06/2018,0.0
09/06/2018,16.2
10/06/2018,0.3
11/06/2018,1.0
12/06/2018,0.0
13/06/2018,0.0
14/06/2018,0.0
15/06/2018,0.0
16/06/2018,0.0
17/06/2018,0.0
18/06/2018,0.0
19/06/2018,7.5
20/06/2018,0.0
21/06/2018,0.0
22/06/2018,6.0
23/06/2018,58.5
24/06/2018,6.5
25/06/2018,3.3
26/06/2018,3.2
27/06/2018,0.5
28/06/2018,13.5
29/06/2018,25.0
30/06/2018,0.0
01/07/2018,31.8
02/07/2018,0.2
03/07/2018,0.0
04/07/2018,0.0
05/07/2018,0.0
06/07/2018,0.0
07/07/2018,0.0
08/07/2018,0.7
09/07/2018,18.1
10/07/2018,0.2
11/07/2018,0.0
12/07/2018,0.0
13/07/2018,0.0
14/07/2018,0.0
15/07/2018,0.0
16/07/2018,0.3
17/07/2018,0.7
18/07/2018,1.5
19/07/2018,0.0
20/07/2018,71.2
21/07/2018,4.8
22/07/2018,0.0
23/07/2018,4.0
24/07/2018,94.8
25/07/2018,3.2
26/07/2018,22.0
27/07/2018,10.8
28/07/2018,0.2
29/07/2018,12.4
30/07/2018,1.0
31/07/2018,12.8
01/08/2018,8.4
02/08/2018,0.5
03/08/2018,0.5
04/08/2018,7.0
05/08/2018,0.0
06/08/2018,19.0
07/08/2018,1.0
08/08/2018,9.0
09/08/2018,0.0
10/08/2018,54.5
11/08/2018,0.0
12/08/2018,0.0
13/08/2018,0.0
14/08/2018,0.0
15/08/2018,0.0
16/08/2018,2.0
17/08/2018,0.5
18/08/2018,23.5
19/08/2018,0.0
20/08/2018,0.0
21/08/2018,6.0
22/08/2018,0.0
23/08/2018,0.5
24/08/2018,0.0
25/08/2018,0.0
26/08/2018,35.0
27/08/2018,30.5
28/08/2018,0.9
29/08/2018,10.6
30/08/2018,0.9
31/08/2018,16.1
01/09/2018,9.5
02/09/2018,44.5
03/09/2018,16.0
04/09/2018,8.5
05/09/2018,0.0
06/09/2018,8.9
07/09/2018,20.6
08/09/2018,16.0
09/09/2018,18.5
10/09/2018,1.6
11/09/2018,2.4
12/09/2018,59.7
13/09/2018,1.3
14/09/2018,67.3
15/09/2018,11.6
16/09/2018,36.7
17/09/2018,0.4
18/09/2018,0.5
19/09/2018,21.0
20/09/2018,0.0
21/09/2018,2.0
22/09/2018,36.0
23/09/2018,0.5
24/09/2018,0.0
25/09/2018,0.0
26/09/2018,0.5
27/09/2018,20.0
28/09/2018,28.0
29/09/2018,20.0
30/09/2018,0.0
01/10/2018,0.0
02/10/2018,0.0
03/10/2018,2.3
04/10/2018,0.2
05/10/2018,0.5
06/10/2018,11.4
07/10/2018,5.1
08/10/2018,1.0
09/10/2018,10.2
10/10/2018,4.6
11/10/2018,17.5
12/10/2018,13.6
13/10/2018,32.2
14/10/2018,27.3
15/10/2018,0.5
16/10/2018,1.8
17/10/2018,18.2
18/10/2018,22.5
19/10/2018,1.5
20/10/2018,5.4
21/10/2018,26.6
22/10/2018,1.0
23/10/2018,1.0
24/10/2018,3.5
25/10/2018,0.0
26/10/2018,0.5
27/10/2018,1.5
28/10/2018,1.0
29/10/2018,31.1
30/10/2018,13.9
31/10/2018,0.0
01/11/2018,0.4
02/11/2018,79.2
03/11/2018,43.7
04/11/2018,4.2
05/11/2018,90.4
06/11/2018,34.6
07/11/2018,0.0
08/11/2018,0.4
09/11/2018,0.6
10/11/2018,0.0
11/11/2018,11.4
12/11/2018,9.1
13/11/2018,0.0
14/11/2018,17.0
15/11/2018,0.4
16/11/2018,0.1
17/11/2018,16.5
18/11/2018,0.4
19/11/2018,26.6
20/11/2018,0.5
21/11/2018,10.5
22/11/2018,1.0
23/11/2018,0.0
24/11/2018,0.0
25/11/2018,0.5
26/11/2018,29.5
27/11/2018,0.4
28/11/2018,24.1
29/11/2018,40.1
30/11/2018,45.2
01/12/2018,84.7
02/12/2018,14.8
03/12/2018,44.9
04/12/2018,63.1
05/12/2018,55.0
06/12/2018,25.6
07/12/2018,0.0
08/12/2018,7.0
09/12/2018,18.5
10/12/2018,12.2
11/12/2018,2.8
12/12/2018,131.4
13/12/2018,109.4
14/12/2018,20.6
15/12/2018,139.8
16/12/2018,1.6
17/12/2018,43.7
18/12/2018,0.5
19/12/2018,0.5
20/12/2018,0.0
21/12/2018,0.0
22/12/2018,0.0
23/12/2018,0.0
24/12/2018,0.0
25/12/2018,1.0
26/12/2018,4.5
27/12/2018,0.0
28/12/2018,23.0
29/12/2018,0.0
30/12/2018,0.4
31/12/2018,6.1
01/01/2019,0.0
02/01/2019,1.0
03/01/2019,0.5
04/01/2019,0.0
05/01/2019,0.0
06/01/2019,14.7
07/01/2019,2.2
08/01/2019,0.5
09/01/2019,10.9
10/01/2019,8.9
11/01/2019,3.1
12/01/2019,12.7
13/01/2019,4.5
14/01/2019,4.0
15/01/2019,0.3
16/01/2019,34.8
17/01/2019,24.4
18/01/2019,1.9
19/01/2019,3.0
20/01/2019,0.2
21/01/2019,0.0
22/01/2019,0.0
23/01/2019,6.0
24/01/2019,0.0
25/01/2019,0.0
26/01/2019,0.0
27/01/2019,0.4
28/01/2019,3.6
29/01/2019,1.5
30/01/2019,0.0
31/01/2019,0.0
01/02/2019,0.4
02/02/2019,5.6
03/02/2019,0.5
04/02/2019,0.0
05/02/2019,0.0
06/02/2019,0.0
07/02/2019,0.0
08/02/2019,0.0
09/02/2019,0.0
10/02/2019,0.0
11/02/2019,0.0
12/02/2019,0.8
13/02/2019,59.6
14/02/2019,7.7
15/02/2019,0.0
16/02/2019,0.0
17/02/2019,0.0
18/02/2019,18.0
19/02/2019,0.0
20/02/2019,21.0
21/02/2019,0.0
22/02/2019,0.0
23/02/2019,0.0
24/02/2019,0.0
25/02/2019,0.0
26/02/2019,0.0
27/02/2019,0.0
28/02/2019,0.0
01/03/2019,0.0
02/03/2019,0.0
03/03/2019,0.0
04/03/2019,0.0
05/03/2019,0.0
06/03/2019,0.0
07/03/2019,0.0
08/03/2019,0.0
09/03/2019,0.0
10/03/2019,0.0
11/03/2019,0.0
12/03/2019,0.0
13/03/2019,0.0
14/03/2019,0.0
15/03/2019,0.0
16/03/2019,0.0
17/03/2019,0.0
18/03/2019,0.0
19/03/2019,0.0
20/03/2019,0.0
21/03/2019,0.0
22/03/2019,0.0
23/03/2019,0.0
24/03/2019,0.0
25/03/2019,1.0
26/03/2019,8.0
27/03/2019,0.0
28/03/2019,0.5
29/03/2019,0.4
30/03/2019,5.1
31/03/2019,0.0
01/04/2019,6.5
02/04/2019,1.0
03/04/2019,3.0
04/04/2019,0.0
05/04/2019,0.0
06/04/2019,0.0
07/04/2019,10.5
08/04/2019,0.0
09/04/2019,0.0
10/04/2019,0.0
11/04/2019,12.0
12/04/2019,0.0
13/04/2019,0.0
14/04/2019,49.0
15/04/2019,0.0
16/04/2019,0.0
17/04/2019,0.0
18/04/2019,0.0
19/04/2019,0.0
20/04/2019,0.0
21/04/2019,0.0
22/04/2019,0.0
23/04/2019,1.0
24/04/2019,0.0
25/04/2019,0.0
26/04/2019,0.0
27/04/2019,33.0
28/04/2019,0.0
29/04/2019,91.4
30/04/2019,0.1
01/05/2019,0.0
02/05/2019,0.0
03/05/2019,0.0
04/05/2019,35.0
05/05/2019,30.0
06/05/2019,26.5
07/05/2019,61.6
08/05/2019,4.4
09/05/2019,0.0
10/05/2019,0.5
11/05/2019,56.5
12/05/2019,11.5
13/05/2019,43.0
14/05/2019,0.0
15/05/2019,0.4
16/05/2019,11.6
17/05/2019,0.0
18/05/2019,33.7
19/05/2019,0.3
20/05/2019,0.0
21/05/2019,0.0
22/05/2019,0.0
23/05/2019,0.0
24/05/2019,0.0
25/05/2019,4.5
26/05/2019,1.0
27/05/2019,0.0
28/05/2019,0.0
29/05/2019,0.0
30/05/2019,1.5
31/05/2019,0.0
01/06/2019,0.0
02/06/2019,12.5
03/06/2019,0.0
04/06/2019,0.0
05/06/2019,12.1
06/06/2019,5.4
07/06/2019,0.4
08/06/2019,0.1
09/06/2019,2.0
10/06/2019,0.5
11/06/2019,0.0
12/06/2019,0.0
13/06/2019,0.0
14/06/2019,19.5
15/06/2019,0.0
16/06/2019,0.0
17/06/2019,1.5
18/06/2019,4.9
19/06/2019,5.1
20/06/2019,0.5
21/06/2019,21.0
22/06/2019,17.2
23/06/2019,12.3
24/06/2019,0.0
25/06/2019,1.0
26/06/2019,0.0
27/06/2019,24.0
28/06/2019,0.0
29/06/2019,0.0
30/06/2019,0.0
01/07/2019,24.0
02/07/2019,0.3
03/07/2019,4.2
04/07/2019,0.0
05/07/2019,0.0
06/07/2019,35.0
07/07/2019,0.0
08/07/2019,0.0
09/07/2019,0.0
10/07/2019,0.0
11/07/2019,4.0
12/07/2019,2.0
13/07/2019,4.0
14/07/2019,64.7
15/07/2019,34.3
16/07/2019,1.0
17/07/2019,0.5
18/07/2019,0.0
19/07/2019,0.0
20/07/2019,0.0
21/07/2019,0.0
22/07/2019,0.0
23/07/2019,0.0
24/07/2019,0.7
25/07/2019,0.3
26/07/2019,0.0
27/07/2019,11.5
28/07/2019,1.5
29/07/2019,0.0
30/07/2019,0.0
31/07/2019,9.0
01/08/2019,0.5
02/08/2019,0.0
03/08/2019,0.0
04/08/2019,0.0
05/08/2019,0.0
06/08/2019,0.0
07/08/2019,0.0
08/08/2019,32.5
09/08/2019,0.0
10/08/2019,0.0
11/08/2019,0.0
12/08/2019,0.0
13/08/2019,0.5
14/08/2019,15.5
15/08/2019,47.0
16/08/2019,0.0
17/08/2019,0.0
18/08/2019,0.0
19/08/2019,0.0
20/08/2019,17.0
21/08/2019,21.5
22/08/2019,0.5
23/08/2019,12.4
24/08/2019,1.6
25/08/2019,6.9
26/08/2019,3.0
27/08/2019,27.6
28/08/2019,12.6
29/08/2019,1.9
30/08/2019,0.0
31/08/2019,0.0
01/09/2019,0.0
02/09/2019,0.5
03/09/2019,4.5
04/09/2019,0.0
05/09/2019,0.5
06/09/2019,0.4
07/09/2019,20.6
08/09/2019,21.3
09/09/2019,1.2
10/09/2019,0.0
11/09/2019,0.0
12/09/2019,55.8
13/09/2019,8.6
14/09/2019,28.1
15/09/2019,40.0
16/09/2019,32.5
17/09/2019,10.5
18/09/2019,0.0
19/09/2019,0.0
20/09/2019,0.0
21/09/2019,0.0
22/09/2019,0.0
23/09/2019,1.0
24/09/2019,0.0
25/09/2019,53.0
26/09/2019,0.0
27/09/2019,5.5
28/09/2019,0.0
29/09/2019,0.0
30/09/2019,4.0
01/10/2019,0.5
02/10/2019,1.6
03/10/2019,4.9
04/10/2019,0.0
05/10/2019,0.0
06/10/2019,7.3
07/10/2019,44.2
08/10/2019,3.0
09/10/2019,0.5
10/10/2019,11.5
11/10/2019,4.5
12/10/2019,0.0
13/10/2019,9.5
14/10/2019,44.0
15/10/2019,0.5
16/10/2019,0.8
17/10/2019,29.3
18/10/2019,13.4
19/10/2019,8.0
20/10/2019,0.5
21/10/2019,0.4
22/10/2019,13.6
23/10/2019,0.0
24/10/2019,2.0
25/10/2019,1.0
26/10/2019,14.5
27/10/2019,1.5
28/10/2019,1.5
29/10/2019,71.0
30/10/2019,75.0
31/10/2019,20.5
01/11/2019,13.4
02/11/2019,7.1
03/11/2019,51.0
04/11/2019,23.0
05/11/2019,0.0
06/11/2019,5.0
07/11/2019,52.5
08/11/2019,1.0
09/11/2019,1.5
10/11/2019,12.0
11/11/2019,23.3
12/11/2019,1.2
13/11/2019,2.6
14/11/2019,1.4
15/11/2019,22.5
16/11/2019,51.0
17/11/2019,0.5
18/11/2019,6.0
19/11/2019,18.7
20/11/2019,10.3
21/11/2019,43.2
22/11/2019,174.0
23/11/2019,5.8
24/11/2019,0.0
25/11/2019,4.0
26/11/2019,0.9
27/11/2019,12.1
28/11/2019,24.0
29/11/2019,117.3
30/11/2019,10.9
01/12/2019,190.2
02/12/2019,31.1
03/12/2019,3.9
04/12/2019,0.6
05/12/2019,1.3
06/12/2019,3.4
07/12/2019,12.1
08/12/2019,18.4
09/12/2019,9.6
10/12/2019,1.6
11/12/2019,0.5
12/12/2019,0.5
13/12/2019,3.6
14/12/2019,36.1
15/12/2019,14.7
16/12/2019,46.9
17/12/2019,71.9
18/12/2019,127.8
19/12/2019,5.3
20/12/2019,2.5
21/12/2019,0.2
22/12/2019,0.0
23/12/2019,0.0
24/12/2019,1.5
25/12/2019,0.0
26/12/2019,0.0
27/12/2019,0.0
28/12/2019,0.0
29/12/2019,0.0
30/12/2019,0.0
31/12/2019,0.8
01/01/2020,7.2
02/01/2020,15.1
03/01/2020,5.5
04/01/2020,5.4
05/01/2020,0.5
06/01/2020,3.0
07/01/2020,6.3
08/01/2020,1.4
09/01/2020,1.7
10/01/2020,1.5
11/01/2020,0.0
12/01/2020,0.0
13/01/2020,0.4
14/01/2020,1.6
15/01/2020,0.0
16/01/2020,0.0
17/01/2020,0.0
18/01/2020,1.5
19/01/2020,0.5
20/01/2020,13.9
21/01/2020,2.1
22/01/2020,1.4
23/01/2020,0.6
24/01/2020,0.0
25/01/2020,0.0
26/01/2020,0.0
27/01/2020,0.0
28/01/2020,0.0
29/01/2020,1.0
30/01/2020,0.5
31/01/2020,5.0
01/02/2020,12.0
02/02/2020,0.5
03/02/2020,0.0
04/02/2020,0.0
05/02/2020,0.5
06/02/2020,2.5
07/02/2020,0.0
08/02/2020,0.9
09/02/2020,46.4
10/02/2020,46.2
11/02/2020,15.0
12/02/2020,2.5
13/02/2020,0.0
14/02/2020,0.0
15/02/2020,0.0
16/02/2020,0.0
17/02/2020,7.0
18/02/2020,22.0
19/02/2020,2.0
20/02/2020,0.5
21/02/2020,7.6
22/02/2020,21.7
23/02/2020,3.6
24/02/2020,1.1
25/02/2020,0.0
26/02/2020,0.0
27/02/2020,0.0
28/02/2020,0.0
29/02/2020,0.0
01/03/2020,0.0
02/03/2020,0.0
03/03/2020,0.0
04/03/2020,0.0
05/03/2020,1.0
06/03/2020,3.3
07/03/2020,21.7
08/03/2020,0.0
09/03/2020,0.0
10/03/2020,0.0
11/03/2020,0.0
12/03/2020,0.0
13/03/2020,0.0
14/03/2020,0.0
15/03/2020,0.0
16/03/2020,0.0
17/03/2020,18.0
18/03/2020,0.5
19/03/2020,0.0
20/03/2020,0.0
21/03/2020,0.0
22/03/2020,1.4
23/03/2020,14.6
24/03/2020,4.5
25/03/2020,0.0
26/03/2020,0.0
27/03/2020,0.0
28/03/2020,0.0
29/03/2020,0.0
30/03/2020,0.0
31/03/2020,0.0
01/04/2020,0.0
02/04/2020,21.3
03/04/2020,1.7
04/04/2020,0.4
05/04/2020,22.6
06/04/2020,9.0
07/04/2020,0.0
08/04/2020,0.0
09/04/2020,0.0
10/04/2020,0.0
11/04/2020,0.0
12/04/2020,0.0
13/04/2020,0.0
14/04/2020,0.0
15/04/2020,0.0
16/04/2020,0.0
17/04/2020,0.0
18/04/2020,0.0
19/04/2020,0.0
20/04/2020,0.0
21/04/2020,0.0
22/04/2020,47.0
23/04/2020,13.0
24/04/2020,0.5
25/04/2020,14.3
26/04/2020,18.5
27/04/2020,1.2
28/04/2020,5.0
29/04/2020,0.5
30/04/2020,23.8
01/05/2020,16.0
02/05/2020,7.2
03/05/2020,0.0
04/05/2020,0.0
05/05/2020,0.5
06/05/2020,0.0
07/05/2020,4.5
08/05/2020,23.0
09/05/2020,0.0
10/05/2020,3.0
11/05/2020,1.3
12/05/2020,0.2
13/05/2020,0.0
14/05/2020,0.0
15/05/2020,0.0
16/05/2020,8.0
17/05/2020,0.5
18/05/2020,6.5
19/05/2020,0.5
20/05/2020,7.0
21/05/2020,0.0
22/05/2020,0.0
23/05/2020,0.0
24/05/2020,11.5
25/05/2020,0.0
26/05/2020,0.0
27/05/2020,1.0
28/05/2020,0.0
29/05/2020,0.0
30/05/2020,0.0
31/05/2020,3.5
01/06/2020,10.0
02/06/2020,2.0
03/06/2020,0.3
04/06/2020,0.2
05/06/2020,3.9
06/06/2020,7.6
07/06/2020,2.1
08/06/2020,1.7
09/06/2020,1.7
10/06/2020,9.0
11/06/2020,0.0
12/06/2020,5.8
13/06/2020,2.7
14/06/2020,0.0
15/06/2020,0.0
16/06/2020,30.0
17/06/2020,10.5
18/06/2020,0.5
19/06/2020,2.7
20/06/2020,5.9
21/06/2020,2.0
22/06/2020,8.5
23/06/2020,15.0
24/06/2020,6.5
25/06/2020,0.0
26/06/2020,0.0
27/06/2020,0.0
28/06/2020,0.0
29/06/2020,0.5
30/06/2020,0.5
01/07/2020,47.0
02/07/2020,0.0
03/07/2020,0.5
04/07/2020,2.5
05/07/2020,4.5
06/07/2020,1.0
07/07/2020,1.0
08/07/2020,4.0
09/07/2020,56.1
10/07/2020,0.9
11/07/2020,36.0
12/07/2020,10.0
13/07/2020,5.0
14/07/2020,0.0
15/07/2020,0.0
16/07/2020,0.0
17/07/2020,0.0
18/07/2020,12.0
19/07/2020,0.0
20/07/2020,0.0
21/07/2020,0.0
22/07/2020,2.5
23/07/2020,2.2
24/07/2020,0.8
25/07/2020,0.0
26/07/2020,0.0
27/07/2020,0.0
28/07/2020,0.0
29/07/2020,31.3
30/07/2020,6.0
31/07/2020,9.7
01/08/2020,0.5
02/08/2020,0.0
03/08/2020,0.2
04/08/2020,0.3
05/08/2020,0.5
06/08/2020,26.0
07/08/2020,9.5
08/08/2020,4.0
09/08/2020,0.0
10/08/2020,11.5
11/08/2020,12.6
12/08/2020,22.0
13/08/2020,11.3
14/08/2020,29.2
15/08/2020,0.0
16/08/2020,5.0
17/08/2020,66.5
18/08/2020,16.0
19/08/2020,2.0
20/08/2020,1.5
21/08/2020,2.6
22/08/2020,4.9
23/08/2020,0.0
24/08/2020,0.0
25/08/2020,0.0
26/08/2020,0.0
27/08/2020,26.5
28/08/2020,0.0
29/08/2020,48.0
30/08/2020,0.0
31/08/2020,0.0
01/09/2020,0.0
02/09/2020,0.5
03/09/2020,2.0
04/09/2020,1.0
05/09/2020,0.0
06/09/2020,0.0
07/09/2020,0.0
08/09/2020,0.0
09/09/2020,5.5
10/09/2020,0.0
11/09/2020,0.0
12/09/2020,4.5
13/09/2020,0.0
14/09/2020,12.2
15/09/2020,0.3
16/09/2020,3.0
17/09/2020,0.0
18/09/2020,0.0
19/09/2020,6.5
20/09/2020,3.0
21/09/2020,0.5
22/09/2020,0.0
23/09/2020,0.0
24/09/2020,17.5
25/09/2020,10.5
26/09/2020,15.1
27/09/2020,0.9
28/09/2020,8.5
29/09/2020,0.0
30/09/2020,1.0
01/10/2020,1.0
02/10/2020,1.0
03/10/2020,0.5
04/10/2020,5.0
05/10/2020,27.4
06/10/2020,8.1
07/10/2020,122.7
08/10/2020,0.4
09/10/2020,36.8
10/10/2020,36.2
11/10/2020,0.0
12/10/2020,46.7
13/10/2020,5.3
14/10/2020,0.0
15/10/2020,0.0
16/10/2020,0.0
17/10/2020,0.0
18/10/2020,0.0
19/10/2020,48.5
20/10/2020,0.5
21/10/2020,24.5
22/10/2020,0.0
23/10/2020,0.0
24/10/2020,19.0
25/10/2020,44.0
26/10/2020,0.0
27/10/2020,14.2
28/10/2020,0.3
29/10/2020,37.0
30/10/2020,0.5
31/10/2020,0.0
01/11/2020,0.4
02/11/2020,11.1
03/11/2020,0.3
04/11/2020,39.2
05/11/2020,48.0
06/11/2020,55.7
07/11/2020,46.3
08/11/2020,0.7
09/11/2020,37.3
10/11/2020,11.0
11/11/2020,15.8
12/11/2020,7.1
13/11/2020,54.9
14/11/2020,9.7
15/11/2020,3.0
16/11/2020,3.2
17/11/2020,71.0
18/11/2020,45.3
19/11/2020,0.0
20/11/2020,1.4
21/11/2020,14.0
22/11/2020,8.1
23/11/2020,63.1
24/11/2020,99.9
25/11/2020,33.9
26/11/2020,2.1
27/11/2020,66.2
28/11/2020,31.9
29/11/2020,4.0
30/11/2020,0.0
01/12/2020,23.0
02/12/2020,11.8
03/12/2020,49.9
04/12/2020,152.7
05/12/2020,14.5
06/12/2020,0.0
07/12/2020,0.0
08/12/2020,0.0
09/12/2020,0.0
10/12/2020,0.0
11/12/2020,3.2
12/12/2020,6.2
13/12/2020,7.4
14/12/2020,3.2
15/12/2020,22.3
16/12/2020,37.3
17/12/2020,145.6
18/12/2020,259.9
19/12/2020,121.7
20/12/2020,66.6
21/12/2020,0.0
22/12/2020,0.0
23/12/2020,0.0
24/12/2020,0.0
25/12/2020,2.5
26/12/2020,12.2
27/12/2020,43.3
28/12/2020,0.0
29/12/2020,0.0
30/12/2020,0.0
31/12/2020,23.0
01/01/2021,19.3
02/01/2021,35.3
03/01/2021,111.5
04/01/2021,26.4
05/01/2021,57.2
06/01/2021,173.6
07/01/2021,18.4
08/01/2021,18.5
09/01/2021,16.0
10/01/2021,10.3
11/01/2021,16.4
12/01/2021,13.3
13/01/2021,8.4
14/01/2021,0.0
15/01/2021,0.0
16/01/2021,0.0
17/01/2021,0.5
18/01/2021,0.0
19/01/2021,0.0
20/01/2021,0.0
21/01/2021,0.0
22/01/2021,0.5
23/01/2021,21.5
24/01/2021,1.5
25/01/2021,0.0
26/01/2021,0.4
27/01/2021,12.5
28/01/2021,1.6
29/01/2021,0.4
30/01/2021,0.4
31/01/2021,10.6
01/02/2021,4.0
02/02/2021,5.0
03/02/2021,0.0
04/02/2021,0.0
05/02/2021,0.8
06/02/2021,0.2
07/02/2021,0.0
08/02/2021,0.0
09/02/2021,0.0
10/02/2021,0.0
11/02/2021,0.0
12/02/2021,8.5
13/02/2021,0.5
14/02/2021,0.5
15/02/2021,0.0
16/02/2021,0.0
17/02/2021,0.0
18/02/2021,0.0
19/02/2021,0.4
20/02/2021,0.1
21/02/2021,0.0
22/02/2021,0.0
23/02/2021,0.0
24/02/2021,0.0
25/02/2021,0.0
26/02/2021,0.0
27/02/2021,0.0
28/02/2021,0.0
01/03/2021,0.0
02/03/2021,0.0
03/03/2021,0.0
04/03/2021,2.2
05/03/2021,0.8
06/03/2021,0.0
07/03/2021,0.0
08/03/2021,0.0
09/03/2021,0.0
10/03/2021,2.6
11/03/2021,5.7
12/03/2021,11.5
13/03/2021,0.7
14/03/2021,0.0
15/03/2021,0.0
16/03/2021,0.0
17/03/2021,0.0
18/03/2021,0.0
19/03/2021,0.0
20/03/2021,0.0
21/03/2021,0.0
22/03/2021,0.5
23/03/2021,37.3
24/03/2021,77.1
25/03/2021,93.3
26/03/2021,5.3
27/03/2021,0.5
28/03/2021,7.0
29/03/2021,30.0
30/03/2021,9.3
31/03/2021,1.5
01/04/2021,18.6
02/04/2021,0.0
03/04/2021,0.5
04/04/2021,17.3
05/04/2021,6.5
06/04/2021,32.2
07/04/2021,15.5
08/04/2021,0.0
09/04/2021,0.0
10/04/2021,0.0
11/04/2021,27.0
12/04/2021,0.5
13/04/2021,0.0
14/04/2021,3.5
15/04/2021,0.5
16/04/2021,0.0
17/04/2021,4.0
18/04/2021,0.0
19/04/2021,10.8
20/04/2021,27.7
21/04/2021,1.0
22/04/2021,13.0
23/04/2021,16.0
24/04/2021,2.5
25/04/2021,2.0
26/04/2021,2.0
27/04/2021,0.0
28/04/2021,0.0
29/04/2021,0.0
30/04/2021,0.0
01/05/2021,0.0
02/05/2021,0.0
03/05/2021,2.0
04/05/2021,6.5
05/05/2021,4.0
06/05/2021,4.0
07/05/2021,11.0
08/05/2021,5.0
09/05/2021,0.0
10/05/2021,0.0
11/05/2021,6.5
12/05/2021,0.5
13/05/2021,0.5
14/05/2021,0.0
15/05/2021,25.5
16/05/2021,3.0
17/05/2021,0.0
18/05/2021,7.9
19/05/2021,2.1
20/05/2021,0.0
21/05/2021,8.5
22/05/2021,0.0
23/05/2021,7.3
24/05/2021,26.7
25/05/2021,4.5
26/05/2021,14.5
27/05/2021,0.0
28/05/2021,31.5
29/05/2021,22.9
30/05/2021,0.1
31/05/2021,0.0
01/06/2021,0.0
02/06/2021,0.0
03/06/2021,0.0
04/06/2021,30.5
05/06/2021,0.0
06/06/2021,9.0
07/06/2021,1.5
08/06/2021,0.0
09/06/2021,3.0
10/06/2021,30.5
11/06/2021,0.0
12/06/2021,0.5
13/06/2021,0.0
14/06/2021,6.0
15/06/2021,1.0
16/06/2021,0.0
17/06/2021,3.7
18/06/2021,1.8
19/06/2021,14.5
20/06/2021,0.5
21/06/2021,0.0
22/06/2021,0.0
23/06/2021,11.3
24/06/2021,5.6
25/06/2021,0.2
26/06/2021,0.0
27/06/2021,34.5
28/06/2021,0.5
29/06/2021,27.5
30/06/2021,2.5
01/07/2021,35.0
02/07/2021,0.0
03/07/2021,27.5
04/07/2021,0.0
05/07/2021,0.0
06/07/2021,26.7
07/07/2021,4.3
08/07/2021,0.5
09/07/2021,0.5
10/07/2021,4.5
11/07/2021,13.9
12/07/2021,9.9
13/07/2021,13.7
14/07/2021,0.0
15/07/2021,2.5
16/07/2021,0.5
17/07/2021,0.0
18/07/2021,0.0
19/07/2021,0.0
20/07/2021,0.0
21/07/2021,0.0
22/07/2021,2.7
23/07/2021,1.6
24/07/2021,0.8
25/07/2021,0.2
26/07/2021,0.9
27/07/2021,4.9
28/07/2021,0.5
29/07/2021,36.5
30/07/2021,6.5
31/07/2021,0.5
01/08/2021,45.0
02/08/2021,1.0
03/08/2021,5.0
04/08/2021,15.4
05/08/2021,4.6
06/08/2021,6.5
07/08/2021,8.0
08/08/2021,12.5
09/08/2021,34.0
10/08/2021,2.5
11/08/2021,0.0
12/08/2021,0.0
13/08/2021,0.0
14/08/2021,0.0
15/08/2021,14.5
16/08/2021,0.5
17/08/2021,6.5
18/08/2021,3.8
19/08/2021,2.4
20/08/2021,1.3
21/08/2021,0.4
22/08/2021,9.1
23/08/2021,0.0
24/08/2021,0.0
25/08/2021,1.0
26/08/2021,0.0
27/08/2021,0.4
28/08/2021,42.4
29/08/2021,1.6
30/08/2021,40.5
31/08/2021,3.1
01/09/2021,3.6
02/09/2021,8.8
03/09/2021,38.9
04/09/2021,4.5
05/09/2021,1.7
06/09/2021,0.3
07/09/2021,0.0
08/09/2021,0.0
09/09/2021,69.8
10/09/2021,8.7
11/09/2021,3.5
12/09/2021,14.7
13/09/2021,31.8
14/09/2021,0.8
15/09/2021,1.4
16/09/2021,1.2
17/09/2021,1.6
18/09/2021,2.5
19/09/2021,10.0
20/09/2021,0.0
21/09/2021,0.4
22/09/2021,1.0
23/09/2021,25.1
24/09/2021,7.5
25/09/2021,0.0
26/09/2021,0.5
27/09/2021,9.5
28/09/2021,1.5
29/09/2021,1.5
30/09/2021,0.0
01/10/2021,15.2
02/10/2021,0.3
03/10/2021,11.0
04/10/2021,36.8
05/10/2021,18.7
06/10/2021,24.5
07/10/2021,2.0
08/10/2021,6.5
09/10/2021,5.7
10/10/2021,1.3
11/10/2021,0.0
12/10/2021,0.0
13/10/2021,0.0
14/10/2021,2.5
15/10/2021,0.0
16/10/2021,0.0
17/10/2021,11.0
18/10/2021,0.0
19/10/2021,1.4
20/10/2021,11.7
21/10/2021,17.9
22/10/2021,4.0
23/10/2021,26.0
24/10/2021,0.5
25/10/2021,3.7
26/10/2021,3.3
27/10/2021,23.5
28/10/2021,60.9
29/10/2021,5.6
30/10/2021,0.0
31/10/2021,0.5
01/11/2021,0.4
02/11/2021,10.6
03/11/2021,4.4
04/11/2021,0.6
05/11/2021,4.5
06/11/2021,0.0
07/11/2021,2.0
08/11/2021,0.0
09/11/2021,0.4
10/11/2021,11.0
11/11/2021,5.6
12/11/2021,37.5
13/11/2021,29.4
14/11/2021,1.6
15/11/2021,0.0
16/11/2021,0.8
17/11/2021,1.7
18/11/2021,17.0
19/11/2021,1.0
20/11/2021,4.0
21/11/2021,0.0
22/11/2021,0.0
23/11/2021,13.8
24/11/2021,9.6
25/11/2021,32.9
26/11/2021,17.7
27/11/2021,6.5
28/11/2021,18.5
29/11/2021,74.5
30/11/2021,1.5
01/12/2021,6.9
02/12/2021,28.4
03/12/2021,7.1
04/12/2021,1.1
05/12/2021,0.0
06/12/2021,0.0
07/12/2021,0.0
08/12/2021,0.0
09/12/2021,0.4
10/12/2021,13.5
11/12/2021,6.1
12/12/2021,5.0
13/12/2021,8.1
14/12/2021,2.6
15/12/2021,24.0
16/12/2021,123.0
17/12/2021,46.1
18/12/2021,87.8
19/12/2021,31.6
20/12/2021,0.0
21/12/2021,0.5
22/12/2021,14.5
23/12/2021,22.5
24/12/2021,0.4
25/12/2021,45.1
26/12/2021,4.5
27/12/2021,0.0
28/12/2021,0.4
29/12/2021,6.4
30/12/2021,97.8
31/12/2021,73.7
01/01/2022,55.7
02/01/2022,39.7
03/01/2022,18.0
04/01/2022,12.7
05/01/2022,0.0
06/01/2022,0.8
07/01/2022,2.2
08/01/2022,18.5
09/01/2022,0.0
10/01/2022,0.0
11/01/2022,0.0
12/01/2022,0.0
13/01/2022,0.0
14/01/2022,0.0
15/01/2022,0.0
16/01/2022,0.0
17/01/2022,1.0
18/01/2022,0.0
19/01/2022,0.0
20/01/2022,0.0
21/01/2022,0.0
22/01/2022,0.0
23/01/2022,0.0
24/01/2022,0.0
25/01/2022,0.0
26/01/2022,0.0
27/01/2022,0.0
28/01/2022,0.0
29/01/2022,0.0
30/01/2022,0.0
31/01/2022,0.0
01/02/2022,0.0
02/02/2022,0.5
03/02/2022,14.8
04/02/2022,7.2
05/02/2022,15.1
06/02/2022,6.5
07/02/2022,86.1
08/02/2022,55.3
09/02/2022,0.0
10/02/2022,25.4
11/02/2022,99.0
12/02/2022,1.6
13/02/2022,18.5
14/02/2022,119.3
15/02/2022,31.2
16/02/2022,6.4
17/02/2022,6.1
18/02/2022,0.0
19/02/2022,0.0
20/02/2022,0.0
21/02/2022,0.0
22/02/2022,0.5
23/02/2022,66.0
24/02/2022,117.1
25/02/2022,167.5
26/02/2022,24.5
27/02/2022,281.7
28/02/2022,18.6
01/03/2022,23.2
02/03/2022,1.4
03/03/2022,8.7
04/03/2022,51.3
05/03/2022,15.6
06/03/2022,0.0
07/03/2022,0.0
08/03/2022,0.4
09/03/2022,4.6
10/03/2022,0.0
11/03/2022,0.0
12/03/2022,0.0
13/03/2022,8.3
14/03/2022,1.7
15/03/2022,0.0
16/03/2022,0.0
17/03/2022,1.5
18/03/2022,25.5
19/03/2022,3.0
20/03/2022,8.0
21/03/2022,7.5
22/03/2022,41.5
23/03/2022,0.4
24/03/2022,0.6
25/03/2022,24.0
26/03/2022,0.0
27/03/2022,0.0
28/03/2022,0.0
29/03/2022,0.0
30/03/2022,0.0
31/03/2022,36.0
01/04/2022,17.0
02/04/2022,14.8
03/04/2022,5.1
04/04/2022,0.6
05/04/2022,60.0
06/04/2022,0.5
07/04/2022,3.0
08/04/2022,2.0
09/04/2022,61.5
10/04/2022,2.0
11/04/2022,7.5
12/04/2022,24.0
13/04/2022,0.0
14/04/2022,15.0
15/04/2022,0.5
16/04/2022,0.0
17/04/2022,0.0
18/04/2022,0.0
19/04/2022,0.0
20/04/2022,2.5
21/04/2022,0.5
22/04/2022,0.0
23/04/2022,0.0
24/04/2022,33.0
25/04/2022,1.0
26/04/2022,3.0
27/04/2022,0.0
28/04/2022,0.0
29/04/2022,16.0
30/04/2022,2.5
01/05/2022,3.5
02/05/2022,14.5
03/05/2022,3.0
04/05/2022,0.0
05/05/2022,39.5
06/05/2022,0.0
07/05/2022,1.0
08/05/2022,0.8
09/05/2022,9.7
10/05/2022,5.7
11/05/2022,23.3
12/05/2022,9.5
13/05/2022,0.0
14/05/2022,10.0
15/05/2022,0.5
16/05/2022,33.0
17/05/2022,0.0
18/05/2022,0.7
19/05/2022,15.8
20/05/2022,0.0
21/05/2022,1.0
22/05/2022,0.5
23/05/2022,1.5
24/05/2022,0.0
25/05/2022,0.0
26/05/2022,0.0
27/05/2022,0.0
28/05/2022,0.0
29/05/2022,17.1
30/05/2022,39.9
31/05/2022,1.5
01/06/2022,27.5
02/06/2022,0.0
03/06/2022,15.5
04/06/2022,4.0
05/06/2022,1.0
06/06/2022,1.5
07/06/2022,1.0
08/06/2022,0.0
09/06/2022,0.0
10/06/2022,0.0
11/06/2022,21.0
12/06/2022,0.5
13/06/2022,0.0
14/06/2022,0.0
15/06/2022,0.0
16/06/2022,0.0
17/06/2022,0.0
18/06/2022,0.0
19/06/2022,0.0
20/06/2022,0.0
21/06/2022,0.5
22/06/2022,13.5
23/06/2022,5.3
24/06/2022,100.0
25/06/2022,16.2
26/06/2022,0.0
27/06/2022,0.0
28/06/2022,4.0
29/06/2022,70.0
30/06/2022,0.0
01/07/2022,0.0
02/07/2022,0.0
03/07/2022,6.6
04/07/2022,31.4
05/07/2022,57.0
06/07/2022,21.0
07/07/2022,0.0
08/07/2022,0.0
09/07/2022,0.0
10/07/2022,0.0
11/07/2022,45.3
12/07/2022,7.7
13/07/2022,0.0
14/07/2022,0.5
15/07/2022,0.0
16/07/2022,0.0
17/07/2022,5.5
18/07/2022,29.0
19/07/2022,0.0
20/07/2022,0.0
21/07/2022,0.0
22/07/2022,0.0
23/07/2022,0.0
24/07/2022,3.0
25/07/2022,2.0
26/07/2022,0.5
27/07/2022,6.5
28/07/2022,9.5
29/07/2022,0.5
30/07/2022,50.9
31/07/2022,0.6
01/08/2022,23.0
02/08/2022,1.5
03/08/2022,26.0
04/08/2022,0.0
05/08/2022,22.0
06/08/2022,0.0
07/08/2022,0.0
08/08/2022,0.0
09/08/2022,2.2
10/08/2022,1.8
11/08/2022,0.0
12/08/2022,0.0
13/08/2022,0.0
14/08/2022,8.5
15/08/2022,35.7
16/08/2022,0.8
17/08/2022,2.0
18/08/2022,0.0
19/08/2022,1.0
20/08/2022,13.0
21/08/2022,0.0
22/08/2022,0.0
23/08/2022,0.0
24/08/2022,34.0
25/08/2022,16.5
26/08/2022,0.5
27/08/2022,7.5
28/08/2022,0.0
29/08/2022,0.8
30/08/2022,4.2
31/08/2022,0.0
01/09/2022,27.3
02/09/2022,19.1
03/09/2022,1.1
04/09/2022,4.8
05/09/2022,2.2
06/09/2022,12.0
07/09/2022,1.0
08/09/2022,2.0
09/09/2022,0.4
10/09/2022,18.6
11/09/2022,2.6
12/09/2022,0.4
13/09/2022,3.5
14/09/2022,0.0
15/09/2022,0.0
16/09/2022,0.0
17/09/2022,22.5
18/09/2022,21.0
19/09/2022,2.5
20/09/2022,10.0
21/09/2022,2.0
22/09/2022,0.0
23/09/2022,27.5
24/09/2022,0.0
25/09/2022,4.5
26/09/2022,0.0
27/09/2022,0.5
28/09/2022,1.0
29/09/2022,14.5
30/09/2022,20.6
01/10/2022,69.4
02/10/2022,0.9
03/10/2022,29.1
04/10/2022,4.5
05/10/2022,10.5
06/10/2022,0.5
07/10/2022,51.1
08/10/2022,2.8
09/10/2022,15.6
10/10/2022,12.0
11/10/2022,30.7
12/10/2022,3.8
13/10/2022,11.6
14/10/2022,8.4
15/10/2022,2.5
16/10/2022,17.5
17/10/2022,23.5
18/10/2022,6.5
19/10/2022,51.9
20/10/2022,1.1
21/10/2022,37.5
22/10/2022,1.5
23/10/2022,0.4
24/10/2022,5.7
25/10/2022,19.3
26/10/2022,18.1
27/10/2022,0.0
28/10/2022,4.0
29/10/2022,0.0
30/10/2022,7.2
31/10/2022,7.8
01/11/2022,33.5
02/11/2022,10.3
03/11/2022,5.4
04/11/2022,23.0
05/11/2022,1.7
06/11/2022,2.3
07/11/2022,1.2
08/11/2022,0.4
09/11/2022,11.0
10/11/2022,29.7
11/11/2022,59.0
12/11/2022,32.4
13/11/2022,10.5
14/11/2022,1.5
15/11/2022,5.5
16/11/2022,0.0
17/11/2022,0.0
18/11/2022,0.0
19/11/2022,0.0
20/11/2022,0.0
21/11/2022,0.0
22/11/2022,0.0
23/11/2022,0.0
24/11/2022,17.5
25/11/2022,0.0
26/11/2022,0.0
27/11/2022,6.5
28/11/2022,0.0
29/11/2022,3.4
30/11/2022,6.4
01/12/2022,6.2
02/12/2022,22.0
03/12/2022,3.8
04/12/2022,65.5
05/12/2022,0.2
06/12/2022,0.4
07/12/2022,0.6
08/12/2022,111.9
09/12/2022,57.1
10/12/2022,105.2
11/12/2022,48.2
12/12/2022,39.7
13/12/2022,44.5
14/12/2022,45.7
15/12/2022,14.8
16/12/2022,0.9
17/12/2022,124.7
18/12/2022,517.4
19/12/2022,175.7
20/12/2022,82.2
21/12/2022,177.5
22/12/2022,24.1
23/12/2022,2.5
24/12/2022,0.5
25/12/2022,1.5
26/12/2022,0.4
27/12/2022,3.1
28/12/2022,0.0
29/12/2022,0.0
30/12/2022,0.0
31/12/2022,0.0
01/01/2023,0.0
02/01/2023,0.0
03/01/2023,56.5
04/01/2023,12.5
05/01/2023,0.4
06/01/2023,12.3
07/01/2023,3.8
08/01/2023,7.0
09/01/2023,0.0
10/01/2023,17.0
11/01/2023,0.5
12/01/2023,23.6
13/01/2023,6.9
14/01/2023,30.0
15/01/2023,0.0
16/01/2023,0.0
17/01/2023,0.4
18/01/2023,10.8
19/01/2023,6.1
20/01/2023,7.9
21/01/2023,26.8
22/01/2023,35.1
23/01/2023,16.4
24/01/2023,4.3
25/01/2023,5.4
26/01/2023,4.2
27/01/2023,49.8
28/01/2023,35.6
29/01/2023,13.7
30/01/2023,9.4
31/01/2023,11.0
01/02/2023,9.9
02/02/2023,28.3
03/02/2023,17.1
04/02/2023,1.9
05/02/2023,20.5
06/02/2023,100.4
07/02/2023,18.0
08/02/2023,37.5
09/02/2023,0.0
10/02/2023,0.5
11/02/2023,3.5
12/02/2023,0.0
13/02/2023,0.0
14/02/2023,0.0
15/02/2023,0.0
16/02/2023,9.2
17/02/2023,29.4
18/02/2023,8.6
19/02/2023,2.2
20/02/2023,0.0
21/02/2023,0.5
22/02/2023,1.0
23/02/2023,2.5
24/02/2023,0.0
25/02/2023,0.8
26/02/2023,4.4
27/02/2023,10.9
28/02/2023,75.2
01/03/2023,23.5
02/03/2023,7.0
03/03/2023,23.1
04/03/2023,2.0
05/03/2023,2.1
06/03/2023,5.5
07/03/2023,0.0
08/03/2023,0.5
09/03/2023,0.5
10/03/2023,12.5
11/03/2023,0.0
12/03/2023,0.0
13/03/2023,1.5
14/03/2023,0.0
15/03/2023,0.0
16/03/2023,0.0
17/03/2023,0.5
18/03/2023,0.0
19/03/2023,0.0
20/03/2023,0.0
21/03/2023,0.0
22/03/2023,0.0
23/03/2023,0.0
24/03/2023,0.0
25/03/2023,0.0
26/03/2023,0.0
27/03/2023,0.0
28/03/2023,0.0
29/03/2023,0.0
30/03/2023,0.0
31/03/2023,0.0
01/04/2023,0.0
02/04/2023,4.0
03/04/2023,8.0
04/04/2023,9.0
05/04/2023,24.5
06/04/2023,0.0
07/04/2023,0.0
08/04/2023,0.4
09/04/2023,0.1
