Date,Value (mm)
29/06/1970,47.9
30/06/1970,2.8
01/07/1970,0.8
02/07/1970,35.7
03/07/1970,8.8
04/07/1970,0.7
05/07/1970,13.2
06/07/1970,3.4
07/07/1970,4.2
08/07/1970,0.6
09/07/1970,0.4
10/07/1970,0.0
11/07/1970,0.0
12/07/1970,0.0
13/07/1970,0.0
14/07/1970,0.2
15/07/1970,0.2
16/07/1970,0.0
17/07/1970,9.5
18/07/1970,1.4
19/07/1970,0.0
20/07/1970,0.0
21/07/1970,9.7
22/07/1970,0.4
23/07/1970,0.0
24/07/1970,27.9
25/07/1970,0.2
26/07/1970,0.0
27/07/1970,2.6
28/07/1970,2.8
29/07/1970,1.0
30/07/1970,1.2
31/07/1970,0.6
01/08/1970,0.2
02/08/1970,0.0
03/08/1970,0.1
04/08/1970,0.1
05/08/1970,0.1
06/08/1970,0.1
07/08/1970,0.1
08/08/1970,0.1
09/08/1970,0.1
10/08/1970,0.1
11/08/1970,0.1
12/08/1970,11.9
13/08/1970,0.4
14/08/1970,0.4
15/08/1970,0.4
16/08/1970,21.4
17/08/1970,1.6
18/08/1970,0.0
19/08/1970,0.0
20/08/1970,0.0
21/08/1970,0.0
22/08/1970,3.8
23/08/1970,0.0
24/08/1970,0.6
25/08/1970,0.0
26/08/1970,6.1
27/08/1970,0.4
28/08/1970,0.0
29/08/1970,0.0
30/08/1970,0.6
31/08/1970,70.9
01/09/1970,5.9
02/09/1970,0.3
03/09/1970,1.2
04/09/1970,1.1
05/09/1970,21.6
06/09/1970,5.7
07/09/1970,20.6
08/09/1970,0.0
09/09/1970,2.6
10/09/1970,0.0
11/09/1970,0.0
12/09/1970,0.0
13/09/1970,1.0
14/09/1970,1.8
15/09/1970,0.0
16/09/1970,0.0
17/09/1970,0.0
18/09/1970,0.0
19/09/1970,0.1
20/09/1970,0.8
21/09/1970,0.0
22/09/1970,0.0
23/09/1970,0.1
24/09/1970,0.1
25/09/1970,0.1
26/09/1970,0.1
27/09/1970,0.1
28/09/1970,0.1
29/09/1970,0.1
30/09/1970,0.1
01/10/1970,0.1
02/10/1970,0.1
03/10/1970,0.1
04/10/1970,0.1
05/10/1970,1.8
06/10/1970,24.3
07/10/1970,6.9
08/10/1970,0.1
09/10/1970,12.4
10/10/1970,18.4
11/10/1970,7.8
12/10/1970,18.1
13/10/1970,45.7
14/10/1970,2.1
15/10/1970,15.1
16/10/1970,18.5
17/10/1970,3.9
18/10/1970,14.5
19/10/1970,1.7
20/10/1970,11.2
21/10/1970,0.9
22/10/1970,0.0
23/10/1970,0.0
24/10/1970,0.0
25/10/1970,0.0
26/10/1970,7.3
27/10/1970,3.0
28/10/1970,1.4
29/10/1970,7.9
30/10/1970,5.6
02/11/1970,0.7
03/11/1970,0.4
04/11/1970,10.1
05/11/1970,1.7
06/11/1970,49.7
07/11/1970,16.9
08/11/1970,22.6
09/11/1970,0.1
10/11/1970,15.9
11/11/1970,4.7
12/11/1970,0.9
13/11/1970,2.3
14/11/1970,1.4
15/11/1970,4.3
16/11/1970,0.6
17/11/1970,44.9
18/11/1970,8.5
19/11/1970,38.4
20/11/1970,16.1
21/11/1970,0.5
22/11/1970,2.3
23/11/1970,0.4
24/11/1970,3.6
25/11/1970,0.7
26/11/1970,8.5
27/11/1970,4.7
28/11/1970,1.2
29/11/1970,38.8
30/11/1970,12.4
01/12/1970,32.6
02/12/1970,0.2
03/12/1970,0.8
04/12/1970,0.1
05/12/1970,0.9
06/12/1970,0.2
07/12/1970,22.7
08/12/1970,11.3
09/12/1970,17.5
10/12/1970,55.0
11/12/1970,0.3
12/12/1970,0.6
13/12/1970,6.7
14/12/1970,0.7
15/12/1970,0.3
16/12/1970,3.8
17/12/1970,51.0
18/12/1970,8.6
19/12/1970,3.7
20/12/1970,0.3
21/12/1970,0.0
22/12/1970,0.0
23/12/1970,2.4
24/12/1970,0.5
25/12/1970,0.9
26/12/1970,88.4
27/12/1970,183.4
28/12/1970,21.9
29/12/1970,7.7
30/12/1970,13.4
31/12/1970,18.4
01/01/1971,141.0
02/01/1971,79.6
03/01/1971,71.9
04/01/1971,27.8
05/01/1971,6.3
06/01/1971,3.9
07/01/1971,0.3
08/01/1971,2.1
09/01/1971,0.5
10/01/1971,3.0
11/01/1971,15.2
12/01/1971,0.8
13/01/1971,4.4
14/01/1971,0.1
15/01/1971,0.0
16/01/1971,0.0
17/01/1971,0.1
18/01/1971,0.1
19/01/1971,0.6
20/01/1971,0.1
21/01/1971,0.6
22/01/1971,0.1
23/01/1971,0.2
24/01/1971,0.2
25/01/1971,0.2
26/01/1971,0.2
27/01/1971,0.2
28/01/1971,0.2
29/01/1971,0.2
30/01/1971,0.2
31/01/1971,8.1
01/02/1971,44.3
02/02/1971,0.5
03/02/1971,0.3
04/02/1971,0.2
05/02/1971,0.0
06/02/1971,4.1
07/02/1971,0.2
08/02/1971,0.0
09/02/1971,0.0
10/02/1971,0.0
11/02/1971,0.0
12/02/1971,0.0
13/02/1971,0.0
14/02/1971,0.0
15/02/1971,0.4
16/02/1971,0.9
17/02/1971,0.1
18/02/1971,0.0
19/02/1971,0.0
20/02/1971,0.0
21/02/1971,3.4
22/02/1971,20.4
23/02/1971,21.5
24/02/1971,18.9
25/02/1971,4.5
26/02/1971,0.0
27/02/1971,0.0
28/02/1971,3.2
01/03/1971,0.6
02/03/1971,37.3
03/03/1971,65.1
04/03/1971,25.7
05/03/1971,0.1
06/03/1971,0.0
07/03/1971,0.1
08/03/1971,2.8
09/03/1971,0.4
10/03/1971,0.5
11/03/1971,0.3
12/03/1971,0.0
13/03/1971,0.0
14/03/1971,0.0
15/03/1971,2.5
16/03/1971,252.0
17/03/1971,12.5
18/03/1971,0.2
19/03/1971,22.5
20/03/1971,51.9
21/03/1971,0.4
22/03/1971,0.5
23/03/1971,0.1
24/03/1971,0.2
25/03/1971,0.4
26/03/1971,0.0
27/03/1971,0.1
28/03/1971,0.0
29/03/1971,0.2
30/03/1971,0.0
31/03/1971,0.0
01/04/1971,0.0
02/04/1971,0.0
03/04/1971,0.0
04/04/1971,0.0
05/04/1971,0.0
06/04/1971,0.0
07/04/1971,0.0
08/04/1971,0.0
09/04/1971,0.0
10/04/1971,1.6
11/04/1971,0.2
12/04/1971,0.0
13/04/1971,0.0
14/04/1971,0.0
15/04/1971,0.0
16/04/1971,0.0
17/04/1971,0.0
18/04/1971,0.0
19/04/1971,0.0
20/04/1971,0.0
21/04/1971,0.0
22/04/1971,0.0
23/04/1971,0.0
24/04/1971,0.0
25/04/1971,0.0
26/04/1971,0.0
27/04/1971,0.0
28/04/1971,0.0
29/04/1971,0.0
30/04/1971,0.0
01/05/1971,3.2
02/05/1971,4.7
03/05/1971,36.2
04/05/1971,24.2
05/05/1971,0.1
06/05/1971,3.2
07/05/1971,0.1
08/05/1971,0.1
09/05/1971,0.0
10/05/1971,0.0
11/05/1971,0.3
12/05/1971,0.8
13/05/1971,0.5
14/05/1971,0.0
15/05/1971,0.3
16/05/1971,0.1
17/05/1971,1.0
18/05/1971,0.2
19/05/1971,12.4
20/05/1971,0.4
21/05/1971,48.6
22/05/1971,0.0
23/05/1971,0.0
24/05/1971,0.0
25/05/1971,18.3
26/05/1971,1.5
27/05/1971,0.0
28/05/1971,0.2
29/05/1971,72.0
30/05/1971,0.1
31/05/1971,0.0
01/06/1971,0.0
02/06/1971,0.0
03/06/1971,0.5
04/06/1971,0.6
05/06/1971,0.8
06/06/1971,27.4
07/06/1971,0.3
08/06/1971,0.1
09/06/1971,0.7
10/06/1971,0.0
11/06/1971,0.0
12/06/1971,0.0
13/06/1971,0.0
14/06/1971,1.4
15/06/1971,5.0
16/06/1971,0.3
17/06/1971,27.0
18/06/1971,1.7
19/06/1971,18.0
20/06/1971,0.4
21/06/1971,13.6
22/06/1971,0.5
23/06/1971,0.2
24/06/1971,0.0
25/06/1971,2.1
26/06/1971,0.3
27/06/1971,4.5
28/06/1971,1.4
29/06/1971,0.0
30/06/1971,1.2
01/07/1971,0.1
02/07/1971,0.1
03/07/1971,0.1
04/07/1971,0.1
05/07/1971,0.3
06/07/1971,0.0
07/07/1971,0.0
08/07/1971,0.0
09/07/1971,1.2
10/07/1971,0.1
11/07/1971,0.0
12/07/1971,2.2
13/07/1971,0.1
14/07/1971,5.4
15/07/1971,0.2
16/07/1971,0.0
17/07/1971,8.9
18/07/1971,1.1
19/07/1971,0.0
20/07/1971,2.0
21/07/1971,36.7
22/07/1971,0.0
23/07/1971,4.0
24/07/1971,0.1
25/07/1971,0.3
26/07/1971,0.7
27/07/1971,0.0
28/07/1971,0.0
29/07/1971,19.0
30/07/1971,1.9
31/07/1971,0.0
01/08/1971,0.3
02/08/1971,0.0
03/08/1971,3.0
04/08/1971,17.0
05/08/1971,2.8
06/08/1971,0.6
07/08/1971,0.0
08/08/1971,6.4
09/08/1971,3.0
10/08/1971,0.4
11/08/1971,0.0
12/08/1971,0.1
13/08/1971,0.2
14/08/1971,0.2
15/08/1971,0.6
16/08/1971,0.2
17/08/1971,0.0
18/08/1971,0.0
19/08/1971,0.0
20/08/1971,0.1
21/08/1971,2.4
22/08/1971,0.4
23/08/1971,6.6
24/08/1971,7.6
25/08/1971,0.4
26/08/1971,0.0
27/08/1971,10.7
28/08/1971,0.5
29/08/1971,2.3
30/08/1971,18.8
31/08/1971,1.2
01/09/1971,0.2
02/09/1971,0.0
03/09/1971,0.0
04/09/1971,0.0
05/09/1971,0.0
06/09/1971,0.0
07/09/1971,0.0
08/09/1971,0.6
09/09/1971,0.8
10/09/1971,0.4
11/09/1971,52.7
12/09/1971,1.1
13/09/1971,45.3
14/09/1971,49.6
15/09/1971,5.1
16/09/1971,0.6
17/09/1971,0.0
18/09/1971,0.4
19/09/1971,0.1
20/09/1971,1.6
21/09/1971,0.6
22/09/1971,0.0
23/09/1971,0.0
24/09/1971,1.5
25/09/1971,17.8
26/09/1971,1.6
27/09/1971,0.6
28/09/1971,0.6
29/09/1971,0.1
30/09/1971,1.5
01/10/1971,0.3
02/10/1971,2.8
03/10/1971,0.1
04/10/1971,13.7
05/10/1971,41.4
06/10/1971,0.3
07/10/1971,27.6
08/10/1971,24.3
09/10/1971,0.7
10/10/1971,22.8
11/10/1971,8.5
12/10/1971,31.5
13/10/1971,3.2
14/10/1971,47.7
15/10/1971,37.3
16/10/1971,1.3
17/10/1971,0.5
18/10/1971,1.3
19/10/1971,3.6
20/10/1971,2.3
21/10/1971,34.5
22/10/1971,14.9
23/10/1971,4.2
24/10/1971,17.9
25/10/1971,5.5
26/10/1971,0.0
27/10/1971,1.8
28/10/1971,0.2
29/10/1971,1.6
30/10/1971,12.2
31/10/1971,0.9
01/11/1971,2.0
02/11/1971,5.0
03/11/1971,6.8
04/11/1971,5.4
05/11/1971,0.5
06/11/1971,0.8
07/11/1971,2.9
08/11/1971,0.0
09/11/1971,0.0
10/11/1971,0.0
11/11/1971,0.0
12/11/1971,0.0
13/11/1971,0.0
14/11/1971,8.2
15/11/1971,13.5
16/11/1971,7.6
17/11/1971,1.3
18/11/1971,0.0
19/11/1971,34.7
20/11/1971,204.0
21/11/1971,70.2
22/11/1971,3.5
23/11/1971,1.2
24/11/1971,1.7
25/11/1971,0.3
26/11/1971,12.9
27/11/1971,4.2
28/11/1971,0.8
29/11/1971,0.7
30/11/1971,0.5
01/12/1971,0.4
02/12/1971,1.7
03/12/1971,4.3
04/12/1971,45.7
05/12/1971,89.9
06/12/1971,12.7
07/12/1971,89.8
08/12/1971,28.8
09/12/1971,27.6
10/12/1971,19.7
11/12/1971,4.1
12/12/1971,9.2
13/12/1971,9.9
14/12/1971,25.9
15/12/1971,77.3
16/12/1971,4.3
17/12/1971,2.6
18/12/1971,1.4
19/12/1971,0.3
20/12/1971,7.9
21/12/1971,36.5
22/12/1971,5.4
23/12/1971,13.2
24/12/1971,0.7
25/12/1971,0.5
26/12/1971,12.4
27/12/1971,0.0
28/12/1971,0.0
29/12/1971,0.5
30/12/1971,0.0
31/12/1971,0.0
01/01/1972,0.0
02/01/1972,2.0
03/01/1972,0.5
04/01/1972,0.0
05/01/1972,0.0
06/01/1972,0.0
07/01/1972,8.2
08/01/1972,6.9
09/01/1972,0.4
10/01/1972,0.0
11/01/1972,1.2
12/01/1972,0.5
13/01/1972,0.1
14/01/1972,0.5
15/01/1972,3.8
16/01/1972,0.3
17/01/1972,12.0
18/01/1972,7.7
19/01/1972,5.0
20/01/1972,11.6
21/01/1972,0.3
22/01/1972,0.2
23/01/1972,0.0
24/01/1972,0.1
25/01/1972,19.5
26/01/1972,1.3
27/01/1972,0.0
28/01/1972,0.0
29/01/1972,0.4
30/01/1972,2.1
31/01/1972,0.0
01/02/1972,1.1
02/02/1972,0.0
03/02/1972,0.0
04/02/1972,1.1
05/02/1972,0.2
06/02/1972,0.0
07/02/1972,0.0
08/02/1972,0.0
09/02/1972,0.0
10/02/1972,0.0
11/02/1972,0.0
12/02/1972,1.2
13/02/1972,0.0
14/02/1972,0.0
15/02/1972,0.0
16/02/1972,0.0
17/02/1972,0.0
18/02/1972,0.0
19/02/1972,0.0
20/02/1972,0.3
21/02/1972,24.3
22/02/1972,0.4
23/02/1972,0.0
24/02/1972,0.0
25/02/1972,0.0
26/02/1972,0.6
27/02/1972,0.2
28/02/1972,0.4
29/02/1972,4.8
01/03/1972,2.4
02/03/1972,0.4
03/03/1972,0.2
04/03/1972,0.1
05/03/1972,0.0
06/03/1972,0.0
07/03/1972,0.0
08/03/1972,0.0
09/03/1972,0.0
10/03/1972,0.0
11/03/1972,0.0
12/03/1972,0.0
13/03/1972,0.0
14/03/1972,0.0
15/03/1972,0.0
16/03/1972,0.0
17/03/1972,0.0
18/03/1972,0.6
19/03/1972,0.0
20/03/1972,0.0
31/03/1972,0.6
01/04/1972,0.6
02/04/1972,2.5
03/04/1972,0.0
04/04/1972,0.0
05/04/1972,0.6
06/04/1972,6.8
07/04/1972,6.1
08/04/1972,0.2
09/04/1972,3.5
10/04/1972,12.5
11/04/1972,0.8
12/04/1972,10.8
13/04/1972,0.1
14/04/1972,0.3
15/04/1972,0.3
16/04/1972,0.0
17/04/1972,0.0
18/04/1972,0.0
19/04/1972,0.0
20/04/1972,0.8
21/04/1972,2.8
22/04/1972,0.1
23/04/1972,16.3
24/04/1972,0.0
25/04/1972,0.0
26/04/1972,8.1
27/04/1972,0.3
28/04/1972,1.7
29/04/1972,0.6
30/04/1972,0.2
01/05/1972,0.0
02/05/1972,0.0
03/05/1972,0.0
04/05/1972,0.0
05/05/1972,0.0
06/05/1972,0.0
07/05/1972,0.0
08/05/1972,0.0
09/05/1972,0.0
10/05/1972,1.0
11/05/1972,0.2
12/05/1972,0.2
13/05/1972,2.2
14/05/1972,18.8
15/05/1972,0.7
16/05/1972,0.1
17/05/1972,0.1
18/05/1972,0.2
19/05/1972,0.4
20/05/1972,0.6
21/05/1972,0.2
22/05/1972,0.0
23/05/1972,0.0
24/05/1972,0.0
25/05/1972,0.0
26/05/1972,0.0
27/05/1972,0.0
28/05/1972,0.0
29/05/1972,0.0
30/05/1972,0.0
31/05/1972,0.0
01/06/1972,0.0
02/06/1972,3.0
03/06/1972,73.0
04/06/1972,0.0
05/06/1972,0.0
06/06/1972,0.0
07/06/1972,0.0
08/06/1972,0.0
09/06/1972,0.0
10/06/1972,0.0
11/06/1972,0.0
12/06/1972,0.0
13/06/1972,0.0
14/06/1972,0.0
15/06/1972,0.0
16/06/1972,0.0
17/06/1972,0.0
18/06/1972,0.0
19/06/1972,0.0
20/06/1972,0.0
21/06/1972,1.2
22/06/1972,0.1
23/06/1972,6.5
24/06/1972,23.8
25/06/1972,0.0
26/06/1972,0.1
27/06/1972,0.1
28/06/1972,0.1
29/06/1972,0.1
30/06/1972,0.1
01/07/1972,0.1
02/07/1972,0.1
03/07/1972,0.1
04/07/1972,0.0
05/07/1972,0.0
06/07/1972,0.0
07/07/1972,1.2
08/07/1972,10.8
09/07/1972,12.5
10/07/1972,0.0
11/07/1972,0.0
12/07/1972,0.0
13/07/1972,0.0
14/07/1972,0.0
15/07/1972,0.0
16/07/1972,0.0
17/07/1972,0.0
18/07/1972,14.9
19/07/1972,0.3
20/07/1972,0.2
21/07/1972,0.1
22/07/1972,0.0
23/07/1972,0.2
24/07/1972,0.7
25/07/1972,16.3
26/07/1972,6.0
27/07/1972,12.0
28/07/1972,0.6
29/07/1972,0.1
30/07/1972,0.0
31/07/1972,33.2
01/08/1972,1.1
02/08/1972,0.3
03/08/1972,0.3
04/08/1972,8.8
05/08/1972,0.6
06/08/1972,0.2
07/08/1972,1.1
08/08/1972,0.6
09/08/1972,0.3
10/08/1972,3.5
11/08/1972,0.8
12/08/1972,0.2
13/08/1972,0.0
14/08/1972,0.0
15/08/1972,0.0
16/08/1972,0.0
17/08/1972,0.0
18/08/1972,46.4
19/08/1972,1.0
20/08/1972,17.7
21/08/1972,0.1
22/08/1972,0.0
23/08/1972,0.0
24/08/1972,0.0
25/08/1972,0.0
26/08/1972,0.0
27/08/1972,0.0
28/08/1972,2.4
29/08/1972,93.4
30/08/1972,1.0
31/08/1972,19.8
01/09/1972,14.6
02/09/1972,8.9
03/09/1972,0.1
04/09/1972,0.0
05/09/1972,68.2
06/09/1972,1.4
07/09/1972,0.2
08/09/1972,0.5
09/09/1972,0.3
10/09/1972,0.7
11/09/1972,2.7
12/09/1972,0.4
13/09/1972,0.3
14/09/1972,0.3
15/09/1972,31.2
16/09/1972,137.5
17/09/1972,20.3
18/09/1972,1.7
19/09/1972,16.3
20/09/1972,28.1
21/09/1972,0.3
22/09/1972,0.3
23/09/1972,0.3
24/09/1972,0.3
25/09/1972,0.0
26/09/1972,0.0
27/09/1972,0.0
28/09/1972,0.0
29/09/1972,0.0
30/09/1972,0.0
01/10/1972,0.6
02/10/1972,0.1
03/10/1972,0.0
04/10/1972,0.0
05/10/1972,0.0
06/10/1972,0.0
07/10/1972,0.0
08/10/1972,0.0
09/10/1972,0.0
10/10/1972,4.5
11/10/1972,5.4
12/10/1972,0.1
13/10/1972,0.1
14/10/1972,0.1
15/10/1972,0.1
16/10/1972,0.1
17/10/1972,0.1
18/10/1972,0.1
19/10/1972,0.1
20/10/1972,55.5
21/10/1972,0.0
22/10/1972,0.0
23/10/1972,1.5
24/10/1972,4.4
25/10/1972,4.7
26/10/1972,13.7
27/10/1972,2.7
28/10/1972,0.4
29/10/1972,0.4
30/10/1972,0.3
31/10/1972,2.0
01/11/1972,0.2
02/11/1972,0.2
03/11/1972,0.2
04/11/1972,9.1
05/11/1972,0.0
06/11/1972,0.1
07/11/1972,0.1
08/11/1972,2.4
09/11/1972,0.5
10/11/1972,7.1
11/11/1972,9.5
12/11/1972,0.0
13/11/1972,0.5
14/11/1972,1.0
15/11/1972,0.4
16/11/1972,1.1
17/11/1972,2.6
18/11/1972,0.3
19/11/1972,10.8
20/11/1972,16.1
21/11/1972,24.2
22/11/1972,0.4
23/11/1972,0.1
24/11/1972,20.9
25/11/1972,0.5
26/11/1972,9.5
27/11/1972,17.7
28/11/1972,7.2
29/11/1972,1.1
30/11/1972,4.0
01/12/1972,20.2
02/12/1972,7.4
03/12/1972,0.3
04/12/1972,0.1
05/12/1972,0.9
06/12/1972,6.9
07/12/1972,0.4
08/12/1972,14.4
09/12/1972,0.8
10/12/1972,0.0
11/12/1972,0.0
12/12/1972,72.3
13/12/1972,78.1
14/12/1972,15.6
15/12/1972,68.8
16/12/1972,3.1
17/12/1972,18.6
18/12/1972,2.2
19/12/1972,3.6
20/12/1972,12.6
21/12/1972,2.6
22/12/1972,5.4
23/12/1972,0.2
24/12/1972,0.2
25/12/1972,192.7
26/12/1972,84.0
27/12/1972,5.9
28/12/1972,1.0
29/12/1972,0.0
30/12/1972,1.9
31/12/1972,8.8
01/01/1973,4.1
02/01/1973,4.2
03/01/1973,10.2
04/01/1973,16.2
05/01/1973,33.5
06/01/1973,9.2
07/01/1973,37.1
08/01/1973,9.5
09/01/1973,0.7
10/01/1973,0.0
11/01/1973,0.9
12/01/1973,9.4
13/01/1973,0.0
14/01/1973,4.0
15/01/1973,28.0
16/01/1973,10.2
17/01/1973,5.0
18/01/1973,0.0
19/01/1973,0.0
20/01/1973,0.0
21/01/1973,0.0
22/01/1973,0.0
23/01/1973,0.0
24/01/1973,0.0
25/01/1973,0.0
26/01/1973,0.0
27/01/1973,0.0
28/01/1973,0.0
29/01/1973,0.2
30/01/1973,14.6
31/01/1973,18.4
01/02/1973,2.4
02/02/1973,2.0
03/02/1973,2.8
04/02/1973,8.9
05/02/1973,3.7
06/02/1973,19.9
07/02/1973,0.2
08/02/1973,0.2
09/02/1973,34.5
10/02/1973,0.6
11/02/1973,0.1
12/02/1973,0.1
13/02/1973,0.1
14/02/1973,4.0
15/02/1973,5.0
16/02/1973,0.0
17/02/1973,0.0
18/02/1973,0.0
19/02/1973,0.3
20/02/1973,0.3
21/02/1973,0.8
22/02/1973,0.1
23/02/1973,0.1
24/02/1973,0.5
25/02/1973,0.0
26/02/1973,0.0
27/02/1973,0.0
28/02/1973,0.0
01/03/1973,0.0
02/03/1973,0.0
03/03/1973,0.0
04/03/1973,0.0
05/03/1973,0.4
06/03/1973,3.9
07/03/1973,0.5
08/03/1973,0.1
09/03/1973,0.1
10/03/1973,6.5
11/03/1973,0.1
12/03/1973,0.0
13/03/1973,0.1
14/03/1973,0.2
15/03/1973,0.2
16/03/1973,13.8
17/03/1973,1.8
18/03/1973,9.3
19/03/1973,35.1
20/03/1973,0.8
21/03/1973,0.8
22/03/1973,36.2
23/03/1973,0.0
27/03/1973,4.6
28/03/1973,22.6
29/03/1973,48.7
30/03/1973,0.0
31/03/1973,0.0
01/04/1973,0.0
02/04/1973,0.0
03/04/1973,0.0
04/04/1973,0.2
05/04/1973,0.4
06/04/1973,6.4
07/04/1973,0.2
08/04/1973,0.1
09/04/1973,0.1
10/04/1973,0.1
11/04/1973,0.1
12/04/1973,0.1
13/04/1973,0.1
14/04/1973,0.1
15/04/1973,0.1
16/04/1973,0.1
17/04/1973,0.1
18/04/1973,0.1
19/04/1973,0.1
20/04/1973,14.2
21/04/1973,1.9
22/04/1973,0.1
23/04/1973,0.1
24/04/1973,0.1
25/04/1973,0.2
26/04/1973,0.4
27/04/1973,4.8
28/04/1973,0.7
29/04/1973,26.4
30/04/1973,0.8
01/05/1973,0.1
02/05/1973,0.1
03/05/1973,0.1
04/05/1973,0.1
05/05/1973,24.5
06/05/1973,3.2
07/05/1973,0.3
08/05/1973,2.1
09/05/1973,0.5
10/05/1973,0.9
11/05/1973,42.8
12/05/1973,0.5
13/05/1973,0.4
14/05/1973,0.1
15/05/1973,0.4
16/05/1973,0.2
17/05/1973,0.2
18/05/1973,0.2
19/05/1973,0.0
20/05/1973,0.0
21/05/1973,0.7
22/05/1973,0.2
23/05/1973,0.2
24/05/1973,0.2
25/05/1973,0.2
26/05/1973,0.2
27/05/1973,0.1
28/05/1973,0.1
29/05/1973,0.1
30/05/1973,0.6
31/05/1973,12.1
01/06/1973,0.4
02/06/1973,0.4
03/06/1973,0.4
04/06/1973,0.4
05/06/1973,0.4
06/06/1973,13.9
07/06/1973,0.4
08/06/1973,0.4
09/06/1973,2.5
10/06/1973,0.6
11/06/1973,0.1
12/06/1973,0.7
13/06/1973,8.8
14/06/1973,5.5
15/06/1973,0.3
16/06/1973,0.1
17/06/1973,0.1
18/06/1973,0.4
19/06/1973,0.1
20/06/1973,0.1
21/06/1973,0.0
22/06/1973,5.6
23/06/1973,0.4
24/06/1973,1.7
25/06/1973,1.1
26/06/1973,0.3
27/06/1973,0.3
28/06/1973,4.3
29/06/1973,0.0
30/06/1973,13.6
01/07/1973,7.5
02/07/1973,2.3
03/07/1973,0.4
04/07/1973,0.3
05/07/1973,0.2
06/07/1973,0.5
07/07/1973,20.4
08/07/1973,0.0
09/07/1973,1.0
10/07/1973,1.8
11/07/1973,1.7
12/07/1973,0.6
13/07/1973,0.6
14/07/1973,2.5
15/07/1973,0.9
16/07/1973,5.7
17/07/1973,0.2
18/07/1973,0.1
19/07/1973,0.1
20/07/1973,1.2
21/07/1973,0.0
22/07/1973,0.0
23/07/1973,0.3
24/07/1973,0.2
25/07/1973,5.6
26/07/1973,0.3
27/07/1973,0.1
28/07/1973,0.0
29/07/1973,0.0
30/07/1973,30.4
31/07/1973,3.1
01/08/1973,0.4
02/08/1973,0.4
03/08/1973,0.4
04/08/1973,1.1
05/08/1973,1.5
06/08/1973,3.5
07/08/1973,0.4
08/08/1973,0.4
09/08/1973,0.0
10/08/1973,43.4
11/08/1973,0.4
12/08/1973,2.5
13/08/1973,1.2
14/08/1973,0.5
15/08/1973,0.0
16/08/1973,0.0
17/08/1973,0.0
18/08/1973,0.0
19/08/1973,21.8
20/08/1973,0.8
21/08/1973,6.0
22/08/1973,25.6
23/08/1973,12.7
24/08/1973,0.3
25/08/1973,0.3
26/08/1973,0.3
27/08/1973,11.3
28/08/1973,0.5
29/08/1973,0.2
30/08/1973,0.2
31/08/1973,9.7
01/09/1973,0.9
02/09/1973,5.4
03/09/1973,0.2
04/09/1973,0.2
05/09/1973,6.3
06/09/1973,0.2
07/09/1973,3.2
08/09/1973,1.3
09/09/1973,0.5
10/09/1973,3.2
11/09/1973,0.3
12/09/1973,0.3
13/09/1973,22.5
14/09/1973,2.5
15/09/1973,1.3
16/09/1973,1.1
17/09/1973,0.7
18/09/1973,0.1
19/09/1973,28.6
20/09/1973,10.1
21/09/1973,0.1
22/09/1973,0.1
23/09/1973,0.1
24/09/1973,0.2
25/09/1973,1.4
26/09/1973,0.7
27/09/1973,7.4
28/09/1973,7.5
29/09/1973,0.4
30/09/1973,0.4
01/10/1973,0.3
02/10/1973,24.8
03/10/1973,9.1
04/10/1973,1.0
05/10/1973,1.0
06/10/1973,7.7
07/10/1973,0.3
08/10/1973,27.0
09/10/1973,23.0
10/10/1973,13.6
11/10/1973,20.9
12/10/1973,4.3
13/10/1973,0.4
14/10/1973,0.4
15/10/1973,0.2
16/10/1973,0.2
17/10/1973,0.2
18/10/1973,0.2
19/10/1973,0.2
20/10/1973,20.4
21/10/1973,7.2
22/10/1973,17.1
23/10/1973,1.0
24/10/1973,16.0
25/10/1973,0.4
26/10/1973,25.0
27/10/1973,0.0
28/10/1973,15.2
29/10/1973,74.3
30/10/1973,3.5
31/10/1973,39.4
01/11/1973,43.1
02/11/1973,64.2
03/11/1973,101.7
04/11/1973,0.0
05/11/1973,0.6
06/11/1973,1.1
07/11/1973,0.4
08/11/1973,5.6
09/11/1973,7.6
10/11/1973,24.1
11/11/1973,8.9
12/11/1973,4.9
13/11/1973,1.0
14/11/1973,62.1
15/11/1973,0.4
16/11/1973,0.4
17/11/1973,30.1
18/11/1973,0.7
19/11/1973,0.1
20/11/1973,0.4
21/11/1973,8.4
22/11/1973,21.7
23/11/1973,18.9
24/11/1973,0.0
25/11/1973,0.0
26/11/1973,2.6
27/11/1973,12.5
28/11/1973,4.9
29/11/1973,4.2
30/11/1973,81.1
01/12/1973,115.0
02/12/1973,70.8
03/12/1973,27.2
04/12/1973,1.0
05/12/1973,1.4
06/12/1973,5.9
07/12/1973,30.8
08/12/1973,56.6
09/12/1973,89.2
10/12/1973,264.5
11/12/1973,16.5
12/12/1973,1.5
13/12/1973,6.6
14/12/1973,48.1
15/12/1973,76.7
16/12/1973,1.2
17/12/1973,6.1
18/12/1973,0.7
19/12/1973,0.3
20/12/1973,10.3
21/12/1973,170.3
22/12/1973,114.2
23/12/1973,10.4
24/12/1973,17.5
25/12/1973,5.6
26/12/1973,10.4
27/12/1973,7.8
28/12/1973,3.4
29/12/1973,2.0
30/12/1973,3.2
31/12/1973,1.6
01/01/1974,1.6
02/01/1974,24.4
03/01/1974,17.4
04/01/1974,1.6
05/01/1974,0.6
06/01/1974,0.8
07/01/1974,0.5
08/01/1974,0.4
09/01/1974,0.0
10/01/1974,0.0
11/01/1974,0.0
12/01/1974,0.0
13/01/1974,0.0
14/01/1974,0.3
15/01/1974,1.0
16/01/1974,9.2
17/01/1974,0.1
18/01/1974,0.1
19/01/1974,0.1
20/01/1974,0.2
21/01/1974,0.2
22/01/1974,0.2
23/01/1974,0.1
24/01/1974,0.0
25/01/1974,0.0
26/01/1974,0.0
27/01/1974,0.0
28/01/1974,0.1
29/01/1974,0.0
30/01/1974,0.0
31/01/1974,0.0
01/02/1974,0.0
02/02/1974,0.3
03/02/1974,0.7
04/02/1974,0.6
05/02/1974,0.4
06/02/1974,0.3
07/02/1974,0.2
08/02/1974,1.5
09/02/1974,4.9
10/02/1974,0.8
11/02/1974,0.3
12/02/1974,1.8
13/02/1974,5.0
14/02/1974,0.7
15/02/1974,6.1
16/02/1974,9.1
17/02/1974,3.3
18/02/1974,1.3
19/02/1974,0.4
20/02/1974,0.2
21/02/1974,0.2
22/02/1974,0.2
23/02/1974,1.8
24/02/1974,0.4
25/02/1974,0.4
26/02/1974,4.8
27/02/1974,2.1
28/02/1974,0.6
01/03/1974,0.2
02/03/1974,0.2
03/03/1974,0.2
04/03/1974,9.5
05/03/1974,2.8
06/03/1974,3.5
07/03/1974,7.7
08/03/1974,0.7
09/03/1974,0.3
10/03/1974,0.2
11/03/1974,0.1
12/03/1974,0.1
13/03/1974,0.2
14/03/1974,0.2
15/03/1974,1.9
16/03/1974,0.4
17/03/1974,0.4
18/03/1974,0.2
19/03/1974,0.1
20/03/1974,0.1
21/03/1974,0.1
22/03/1974,0.1
23/03/1974,0.1
24/03/1974,0.1
25/03/1974,0.4
26/03/1974,0.1
27/03/1974,0.1
28/03/1974,39.8
29/03/1974,23.5
30/03/1974,1.1
31/03/1974,2.7
01/04/1974,0.9
02/04/1974,1.5
03/04/1974,35.2
04/04/1974,4.2
05/04/1974,1.5
06/04/1974,2.6
07/04/1974,0.7
08/04/1974,0.6
09/04/1974,0.3
10/04/1974,5.7
11/04/1974,37.9
12/04/1974,2.8
13/04/1974,35.3
14/04/1974,0.7
15/04/1974,0.2
16/04/1974,2.1
17/04/1974,0.2
18/04/1974,0.2
19/04/1974,0.8
20/04/1974,0.3
21/04/1974,0.6
22/04/1974,1.0
23/04/1974,0.2
24/04/1974,0.5
25/04/1974,0.0
26/04/1974,0.0
27/04/1974,11.1
28/04/1974,5.7
29/04/1974,18.6
30/04/1974,0.3
01/05/1974,0.3
02/05/1974,0.3
03/05/1974,0.3
04/05/1974,0.3
05/05/1974,0.2
06/05/1974,0.1
07/05/1974,0.0
08/05/1974,0.0
09/05/1974,0.0
10/05/1974,0.0
11/05/1974,1.5
12/05/1974,10.0
13/05/1974,0.6
14/05/1974,1.5
15/05/1974,0.5
16/05/1974,0.3
17/05/1974,0.3
18/05/1974,0.8
19/05/1974,19.7
20/05/1974,3.5
21/05/1974,6.0
22/05/1974,0.6
23/05/1974,0.5
24/05/1974,0.0
25/05/1974,0.0
26/05/1974,0.0
27/05/1974,0.0
28/05/1974,2.1
29/05/1974,10.7
30/05/1974,0.2
31/05/1974,0.2
01/06/1974,0.2
02/06/1974,0.1
03/06/1974,19.1
04/06/1974,0.1
05/06/1974,0.7
06/06/1974,38.2
07/06/1974,3.4
08/06/1974,0.4
09/06/1974,15.7
10/06/1974,27.3
11/06/1974,2.9
12/06/1974,18.2
13/06/1974,0.3
14/06/1974,4.5
15/06/1974,8.4
16/06/1974,0.6
17/06/1974,1.3
18/06/1974,0.1
19/06/1974,6.6
20/06/1974,0.1
21/06/1974,0.1
22/06/1974,0.1
23/06/1974,0.0
24/06/1974,0.0
25/06/1974,0.0
26/06/1974,1.1
27/06/1974,9.2
28/06/1974,0.4
29/06/1974,1.8
30/06/1974,0.0
01/07/1974,0.0
02/07/1974,0.0
03/07/1974,0.0
04/07/1974,0.0
05/07/1974,0.0
06/07/1974,0.0
07/07/1974,0.0
08/07/1974,0.0
09/07/1974,0.0
10/07/1974,36.5
11/07/1974,0.7
12/07/1974,8.9
13/07/1974,0.7
14/07/1974,20.2
15/07/1974,0.2
16/07/1974,0.2
17/07/1974,0.2
18/07/1974,12.3
19/07/1974,3.0
20/07/1974,1.9
21/07/1974,0.3
22/07/1974,0.1
23/07/1974,0.1
24/07/1974,0.1
25/07/1974,0.1
26/07/1974,0.1
27/07/1974,0.1
28/07/1974,16.6
29/07/1974,3.7
30/07/1974,0.5
31/07/1974,0.1
01/08/1974,73.6
02/08/1974,0.8
03/08/1974,0.2
04/08/1974,0.4
05/08/1974,180.9
06/08/1974,0.2
07/08/1974,0.2
08/08/1974,0.2
09/08/1974,8.8
10/08/1974,0.5
11/08/1974,44.7
12/08/1974,7.7
13/08/1974,3.3
14/08/1974,45.0
15/08/1974,0.2
16/08/1974,0.2
17/08/1974,0.0
18/08/1974,0.0
19/08/1974,0.0
20/08/1974,37.2
21/08/1974,25.3
22/08/1974,0.0
23/08/1974,0.7
24/08/1974,0.0
25/08/1974,0.0
26/08/1974,4.5
27/08/1974,0.1
28/08/1974,1.7
29/08/1974,26.8
30/08/1974,0.2
31/08/1974,0.0
01/09/1974,0.0
02/09/1974,0.0
03/09/1974,0.0
04/09/1974,0.0
05/09/1974,8.0
06/09/1974,0.0
07/09/1974,1.0
08/09/1974,4.0
09/09/1974,0.5
10/09/1974,0.0
11/09/1974,0.0
12/09/1974,0.0
13/09/1974,1.0
14/09/1974,0.0
15/09/1974,0.0
16/09/1974,0.0
17/09/1974,10.5
18/09/1974,0.0
19/09/1974,6.0
20/09/1974,17.0
21/09/1974,0.0
22/09/1974,29.4
23/09/1974,35.1
24/09/1974,0.0
25/09/1974,2.5
26/09/1974,0.0
27/09/1974,0.0
28/09/1974,0.0
29/09/1974,4.5
30/09/1974,0.0
01/10/1974,36.5
02/10/1974,4.5
03/10/1974,6.5
04/10/1974,0.0
05/10/1974,0.0
06/10/1974,0.5
07/10/1974,0.0
08/10/1974,0.0
09/10/1974,0.0
10/10/1974,0.0
11/10/1974,5.0
12/10/1974,0.0
13/10/1974,56.5
14/10/1974,0.5
15/10/1974,28.2
16/10/1974,40.3
17/10/1974,17.5
18/10/1974,32.5
19/10/1974,0.5
20/10/1974,0.0
21/10/1974,1.5
22/10/1974,34.5
23/10/1974,32.0
24/10/1974,1.5
25/10/1974,15.5
26/10/1974,8.5
27/10/1974,19.5
28/10/1974,10.5
29/10/1974,9.5
30/10/1974,65.5
31/10/1974,0.5
01/11/1974,20.5
02/11/1974,1.0
03/11/1974,8.5
04/11/1974,0.0
05/11/1974,0.5
06/11/1974,0.0
07/11/1974,14.0
08/11/1974,0.0
09/11/1974,31.0
10/11/1974,3.0
11/11/1974,0.0
12/11/1974,3.0
13/11/1974,4.0
14/11/1974,0.0
15/11/1974,0.0
16/11/1974,11.5
17/11/1974,3.5
18/11/1974,4.8
19/11/1974,32.2
20/11/1974,26.5
21/11/1974,89.5
22/11/1974,46.5
23/11/1974,110.5
24/11/1974,176.5
25/11/1974,152.5
26/11/1974,27.0
27/11/1974,12.4
28/11/1974,6.6
29/11/1974,0.5
30/11/1974,6.5
01/12/1974,0.0
02/12/1974,1.0
03/12/1974,0.0
04/12/1974,0.0
05/12/1974,3.5
06/12/1974,43.8
07/12/1974,5.2
08/12/1974,0.0
09/12/1974,0.5
10/12/1974,0.0
11/12/1974,3.0
12/12/1974,2.0
13/12/1974,0.0
14/12/1974,20.5
15/12/1974,12.0
16/12/1974,25.8
17/12/1974,0.2
18/12/1974,0.0
19/12/1974,1.0
20/12/1974,101.5
21/12/1974,19.1
22/12/1974,23.9
23/12/1974,0.0
24/12/1974,0.0
25/12/1974,0.0
26/12/1974,9.0
27/12/1974,42.5
28/12/1974,141.8
29/12/1974,68.7
30/12/1974,59.0
31/12/1974,32.5
01/01/1975,25.5
02/01/1975,19.5
03/01/1975,24.0
04/01/1975,48.5
05/01/1975,93.8
06/01/1975,82.7
07/01/1975,132.5
08/01/1975,75.0
09/01/1975,115.0
10/01/1975,0.5
11/01/1975,107.0
12/01/1975,28.0
13/01/1975,4.5
14/01/1975,89.5
15/01/1975,8.5
16/01/1975,19.0
17/01/1975,0.0
18/01/1975,0.0
19/01/1975,0.0
20/01/1975,0.0
21/01/1975,0.0
22/01/1975,0.0
23/01/1975,2.0
24/01/1975,0.5
25/01/1975,0.0
26/01/1975,0.0
27/01/1975,0.0
28/01/1975,0.0
29/01/1975,0.0
30/01/1975,0.0
31/01/1975,0.5
01/02/1975,3.0
02/02/1975,5.0
03/02/1975,0.0
04/02/1975,0.0
05/02/1975,6.5
06/02/1975,0.0
07/02/1975,0.0
08/02/1975,1.5
09/02/1975,0.0
10/02/1975,0.0
11/02/1975,33.5
12/02/1975,0.0
13/02/1975,0.0
14/02/1975,0.0
15/02/1975,0.0
16/02/1975,0.0
17/02/1975,0.0
18/02/1975,2.0
19/02/1975,3.0
20/02/1975,2.0
21/02/1975,0.0
22/02/1975,8.0
23/02/1975,139.0
24/02/1975,51.5
25/02/1975,10.5
26/02/1975,1.0
27/02/1975,0.0
28/02/1975,0.0
01/03/1975,1.0
02/03/1975,0.0
03/03/1975,0.0
04/03/1975,0.0
05/03/1975,0.0
06/03/1975,0.0
07/03/1975,8.0
08/03/1975,20.5
09/03/1975,2.0
10/03/1975,0.0
11/03/1975,0.0
12/03/1975,0.0
13/03/1975,0.0
14/03/1975,0.0
15/03/1975,0.0
16/03/1975,0.0
17/03/1975,34.5
18/03/1975,47.0
19/03/1975,8.0
20/03/1975,0.5
21/03/1975,1.0
22/03/1975,0.0
23/03/1975,0.0
24/03/1975,0.0
25/03/1975,1.5
26/03/1975,0.0
27/03/1975,0.0
28/03/1975,0.0
29/03/1975,0.0
30/03/1975,0.0
31/03/1975,0.0
01/04/1975,0.0
02/04/1975,69.5
03/04/1975,0.0
04/04/1975,15.0
05/04/1975,0.0
06/04/1975,42.5
07/04/1975,12.5
08/04/1975,0.0
09/04/1975,0.0
10/04/1975,0.0
11/04/1975,2.0
12/04/1975,1.6
13/04/1975,13.9
14/04/1975,0.5
15/04/1975,102.9
16/04/1975,13.6
17/04/1975,7.0
18/04/1975,0.0
19/04/1975,0.0
20/04/1975,0.0
21/04/1975,0.0
22/04/1975,0.0
23/04/1975,0.0
24/04/1975,0.0
25/04/1975,0.0
26/04/1975,36.0
27/04/1975,0.0
28/04/1975,0.0
29/04/1975,0.0
30/04/1975,0.5
01/05/1975,0.5
02/05/1975,0.0
03/05/1975,3.0
04/05/1975,0.0
05/05/1975,0.0
06/05/1975,0.0
07/05/1975,0.0
08/05/1975,0.0
09/05/1975,0.0
10/05/1975,73.1
11/05/1975,42.4
12/05/1975,2.0
13/05/1975,0.0
14/05/1975,0.5
15/05/1975,0.5
16/05/1975,0.0
17/05/1975,1.0
18/05/1975,10.5
19/05/1975,0.0
20/05/1975,0.0
21/05/1975,8.0
22/05/1975,0.0
23/05/1975,1.9
24/05/1975,13.1
25/05/1975,0.5
26/05/1975,16.5
27/05/1975,0.5
28/05/1975,1.5
29/05/1975,0.0
30/05/1975,0.0
31/05/1975,0.0
01/06/1975,14.0
02/06/1975,2.0
03/06/1975,0.0
04/06/1975,0.0
05/06/1975,11.5
06/06/1975,0.0
07/06/1975,0.0
08/06/1975,2.0
09/06/1975,6.0
10/06/1975,0.5
11/06/1975,2.0
12/06/1975,18.0
13/06/1975,9.5
14/06/1975,2.5
15/06/1975,3.5
16/06/1975,15.0
17/06/1975,0.0
18/06/1975,0.0
19/06/1975,4.0
20/06/1975,24.4
21/06/1975,0.1
22/06/1975,0.0
23/06/1975,0.0
24/06/1975,24.5
25/06/1975,0.0
26/06/1975,0.0
27/06/1975,76.5
28/06/1975,0.0
29/06/1975,13.5
30/06/1975,0.0
01/07/1975,0.0
02/07/1975,0.0
03/07/1975,17.0
04/07/1975,12.0
05/07/1975,14.5
06/07/1975,0.0
07/07/1975,0.5
08/07/1975,0.0
09/07/1975,12.0
10/07/1975,0.0
11/07/1975,0.0
12/07/1975,0.0
13/07/1975,0.0
14/07/1975,0.0
15/07/1975,0.0
16/07/1975,0.0
17/07/1975,1.0
18/07/1975,22.0
19/07/1975,10.0
20/07/1975,18.0
21/07/1975,1.5
22/07/1975,0.0
23/07/1975,4.0
24/07/1975,0.0
25/07/1975,0.0
26/07/1975,1.8
27/07/1975,33.2
28/07/1975,0.0
29/07/1975,18.5
30/07/1975,0.5
31/07/1975,1.5
01/08/1975,0.0
02/08/1975,0.0
03/08/1975,29.2
04/08/1975,1.3
05/08/1975,0.0
06/08/1975,0.0
07/08/1975,0.0
08/08/1975,0.0
09/08/1975,12.4
10/08/1975,0.1
11/08/1975,0.0
12/08/1975,0.0
13/08/1975,0.0
14/08/1975,0.0
15/08/1975,0.0
16/08/1975,0.0
17/08/1975,0.0
18/08/1975,0.0
19/08/1975,0.0
20/08/1975,0.0
21/08/1975,0.0
22/08/1975,0.0
23/08/1975,0.0
24/08/1975,0.0
25/08/1975,0.0
26/08/1975,0.0
27/08/1975,0.0
28/08/1975,0.0
29/08/1975,1.5
30/08/1975,3.5
31/08/1975,4.0
01/09/1975,7.0
02/09/1975,11.0
03/09/1975,0.0
04/09/1975,68.8
05/09/1975,4.7
06/09/1975,1.0
07/09/1975,49.5
08/09/1975,0.0
09/09/1975,2.3
10/09/1975,5.7
11/09/1975,0.5
12/09/1975,3.0
13/09/1975,0.0
14/09/1975,0.0
15/09/1975,0.0
16/09/1975,0.0
17/09/1975,0.0
18/09/1975,0.0
19/09/1975,0.0
20/09/1975,3.5
21/09/1975,1.0
22/09/1975,4.0
23/09/1975,0.0
24/09/1975,0.0
25/09/1975,44.5
26/09/1975,5.5
27/09/1975,0.0
28/09/1975,0.5
29/09/1975,12.0
30/09/1975,0.0
01/10/1975,1.5
02/10/1975,0.4
03/10/1975,4.1
04/10/1975,10.0
05/10/1975,1.5
06/10/1975,0.0
07/10/1975,6.5
08/10/1975,5.5
09/10/1975,0.0
10/10/1975,5.5
11/10/1975,12.5
12/10/1975,2.0
13/10/1975,46.0
14/10/1975,7.0
15/10/1975,1.5
16/10/1975,0.0
17/10/1975,3.0
18/10/1975,10.3
19/10/1975,9.2
20/10/1975,7.8
21/10/1975,8.7
22/10/1975,0.0
23/10/1975,0.0
24/10/1975,15.5
25/10/1975,0.0
26/10/1975,0.1
27/10/1975,1.9
28/10/1975,0.0
29/10/1975,0.0
30/10/1975,0.0
31/10/1975,40.5
01/11/1975,22.5
02/11/1975,0.0
03/11/1975,21.5
04/11/1975,1.9
05/11/1975,3.6
06/11/1975,0.0
07/11/1975,0.0
08/11/1975,0.0
09/11/1975,0.0
10/11/1975,0.0
11/11/1975,2.0
12/11/1975,0.0
13/11/1975,0.5
14/11/1975,4.5
15/11/1975,0.5
16/11/1975,0.0
17/11/1975,21.0
18/11/1975,15.5
19/11/1975,145.4
20/11/1975,30.1
21/11/1975,21.0
22/11/1975,139.5
23/11/1975,52.5
24/11/1975,28.5
25/11/1975,10.0
26/11/1975,74.4
27/11/1975,300.5
28/11/1975,53.1
29/11/1975,0.0
30/11/1975,0.0
01/12/1975,0.0
02/12/1975,0.0
03/12/1975,0.0
04/12/1975,8.0
05/12/1975,22.5
06/12/1975,0.5
07/12/1975,0.0
08/12/1975,2.5
09/12/1975,3.0
10/12/1975,32.0
11/12/1975,26.1
12/12/1975,29.9
13/12/1975,66.2
14/12/1975,162.3
15/12/1975,103.5
16/12/1975,32.0
17/12/1975,0.0
18/12/1975,0.0
19/12/1975,1.0
20/12/1975,23.3
21/12/1975,57.2
22/12/1975,13.5
23/12/1975,0.1
24/12/1975,1.9
25/12/1975,0.0
26/12/1975,0.0
27/12/1975,0.0
28/12/1975,0.0
29/12/1975,36.9
30/12/1975,59.7
31/12/1975,13.4
01/01/1976,0.0
02/01/1976,0.0
03/01/1976,0.0
04/01/1976,0.0
05/01/1976,0.0
06/01/1976,0.0
07/01/1976,2.5
08/01/1976,2.0
09/01/1976,0.0
10/01/1976,0.0
11/01/1976,1.0
12/01/1976,0.0
13/01/1976,0.0
14/01/1976,0.0
15/01/1976,0.0
16/01/1976,0.0
17/01/1976,0.0
18/01/1976,0.0
19/01/1976,0.0
20/01/1976,0.0
21/01/1976,0.0
22/01/1976,0.0
23/01/1976,0.0
24/01/1976,0.0
25/01/1976,2.5
26/01/1976,6.0
27/01/1976,0.0
28/01/1976,0.0
29/01/1976,0.0
30/01/1976,0.0
31/01/1976,0.0
01/02/1976,0.0
02/02/1976,0.0
03/02/1976,0.0
04/02/1976,0.0
05/02/1976,0.0
06/02/1976,0.0
07/02/1976,0.0
08/02/1976,0.0
09/02/1976,0.0
10/02/1976,0.0
11/02/1976,0.0
12/02/1976,0.0
13/02/1976,0.0
14/02/1976,0.0
15/02/1976,0.0
16/02/1976,1.0
17/02/1976,0.0
18/02/1976,0.0
19/02/1976,0.0
20/02/1976,0.0
21/02/1976,0.0
22/02/1976,1.5
23/02/1976,0.0
24/02/1976,0.0
25/02/1976,0.0
26/02/1976,0.0
27/02/1976,0.0
28/02/1976,0.0
29/02/1976,0.0
01/03/1976,0.0
02/03/1976,0.0
03/03/1976,0.0
04/03/1976,0.0
05/03/1976,0.0
06/03/1976,0.0
07/03/1976,0.0
08/03/1976,0.0
09/03/1976,0.0
10/03/1976,0.0
11/03/1976,0.0
12/03/1976,0.0
13/03/1976,0.0
14/03/1976,0.0
15/03/1976,0.0
16/03/1976,0.0
17/03/1976,0.0
18/03/1976,0.0
19/03/1976,0.0
20/03/1976,0.0
21/03/1976,13.5
22/03/1976,0.0
23/03/1976,0.0
24/03/1976,0.0
25/03/1976,0.0
26/03/1976,0.0
27/03/1976,0.0
28/03/1976,0.0
29/03/1976,0.0
30/03/1976,0.0
31/03/1976,0.0
01/04/1976,0.0
02/04/1976,0.0
03/04/1976,0.0
04/04/1976,0.0
05/04/1976,0.0
06/04/1976,0.0
07/04/1976,0.0
08/04/1976,0.0
09/04/1976,0.0
10/04/1976,11.5
11/04/1976,0.0
12/04/1976,22.0
13/04/1976,0.0
14/04/1976,0.0
15/04/1976,0.0
16/04/1976,0.0
17/04/1976,0.0
18/04/1976,0.0
19/04/1976,4.5
20/04/1976,0.0
21/04/1976,1.5
22/04/1976,0.0
23/04/1976,0.0
24/04/1976,0.0
25/04/1976,0.0
26/04/1976,6.5
27/04/1976,4.5
28/04/1976,16.5
29/04/1976,12.0
30/04/1976,0.0
01/05/1976,0.0
02/05/1976,3.0
03/05/1976,11.9
04/05/1976,1.1
05/05/1976,0.5
06/05/1976,0.0
07/05/1976,4.0
08/05/1976,0.0
09/05/1976,0.0
10/05/1976,0.0
11/05/1976,0.0
12/05/1976,0.0
13/05/1976,0.0
18/05/1976,0.3
19/05/1976,0.2
20/05/1976,1.3
21/05/1976,121.7
22/05/1976,25.9
23/05/1976,0.0
24/05/1976,0.0
25/05/1976,0.0
26/05/1976,0.0
27/05/1976,3.0
28/05/1976,6.5
29/05/1976,0.0
30/05/1976,0.0
31/05/1976,1.0
01/06/1976,0.0
02/06/1976,0.0
03/06/1976,0.0
04/06/1976,1.5
05/06/1976,0.0
06/06/1976,0.0
07/06/1976,1.5
08/06/1976,0.0
09/06/1976,12.0
10/06/1976,10.0
11/06/1976,0.5
12/06/1976,3.0
13/06/1976,0.0
14/06/1976,0.0
15/06/1976,0.0
16/06/1976,0.0
17/06/1976,10.0
18/06/1976,10.5
19/06/1976,0.0
20/06/1976,0.5
21/06/1976,0.0
22/06/1976,6.5
23/06/1976,0.0
24/06/1976,0.0
25/06/1976,0.0
26/06/1976,5.0
27/06/1976,41.5
28/06/1976,0.0
29/06/1976,0.0
30/06/1976,0.0
01/07/1976,0.0
02/07/1976,0.0
03/07/1976,0.0
04/07/1976,0.0
05/07/1976,0.0
06/07/1976,0.0
07/07/1976,0.0
08/07/1976,0.0
09/07/1976,18.5
10/07/1976,0.0
11/07/1976,0.0
12/07/1976,2.0
13/07/1976,5.0
14/07/1976,0.0
15/07/1976,27.5
16/07/1976,0.0
17/07/1976,0.0
18/07/1976,0.0
19/07/1976,1.5
20/07/1976,1.5
21/07/1976,83.5
22/07/1976,0.0
23/07/1976,12.0
24/07/1976,0.0
25/07/1976,8.5
26/07/1976,16.0
27/07/1976,45.5
28/07/1976,0.0
29/07/1976,0.0
30/07/1976,0.0
31/07/1976,0.0
01/08/1976,24.1
02/08/1976,4.9
03/08/1976,0.0
04/08/1976,0.0
05/08/1976,0.0
06/08/1976,0.0
07/08/1976,0.0
08/08/1976,0.0
09/08/1976,0.0
10/08/1976,3.5
11/08/1976,0.0
12/08/1976,2.0
13/08/1976,0.0
14/08/1976,0.0
15/08/1976,0.0
16/08/1976,20.0
17/08/1976,1.0
18/08/1976,17.0
19/08/1976,24.0
20/08/1976,0.0
21/08/1976,0.0
22/08/1976,30.0
23/08/1976,1.5
24/08/1976,0.0
25/08/1976,58.0
26/08/1976,2.0
27/08/1976,26.0
28/08/1976,6.0
29/08/1976,0.0
30/08/1976,0.0
31/08/1976,0.0
01/09/1976,12.0
02/09/1976,0.0
03/09/1976,22.5
04/09/1976,0.0
05/09/1976,0.0
06/09/1976,0.0
07/09/1976,0.0
08/09/1976,4.0
09/09/1976,0.0
10/09/1976,25.0
11/09/1976,0.0
12/09/1976,0.5
13/09/1976,0.0
14/09/1976,38.0
15/09/1976,1.0
16/09/1976,32.5
17/09/1976,18.0
18/09/1976,2.0
19/09/1976,0.5
20/09/1976,0.0
21/09/1976,0.4
22/09/1976,14.6
23/09/1976,1.0
24/09/1976,1.0
25/09/1976,9.5
26/09/1976,0.0
27/09/1976,0.0
28/09/1976,0.0
29/09/1976,0.0
30/09/1976,0.0
01/10/1976,0.0
02/10/1976,0.0
03/10/1976,0.0
04/10/1976,11.5
05/10/1976,1.5
06/10/1976,1.0
07/10/1976,0.5
08/10/1976,0.0
09/10/1976,0.0
10/10/1976,4.0
11/10/1976,2.5
12/10/1976,0.0
13/10/1976,24.0
14/10/1976,55.6
15/10/1976,4.4
16/10/1976,0.0
17/10/1976,0.0
18/10/1976,0.0
19/10/1976,0.0
20/10/1976,0.0
21/10/1976,0.0
22/10/1976,0.0
23/10/1976,3.0
24/10/1976,0.5
25/10/1976,1.0
26/10/1976,21.3
27/10/1976,6.7
28/10/1976,0.0
29/10/1976,0.0
30/10/1976,0.0
31/10/1976,0.0
01/11/1976,0.0
02/11/1976,3.0
03/11/1976,3.0
04/11/1976,0.0
05/11/1976,0.0
06/11/1976,0.0
07/11/1976,3.0
08/11/1976,0.5
09/11/1976,13.5
10/11/1976,10.0
11/11/1976,6.5
12/11/1976,68.0
13/11/1976,0.0
14/11/1976,0.0
15/11/1976,2.0
16/11/1976,33.0
17/11/1976,66.3
18/11/1976,46.7
19/11/1976,33.0
20/11/1976,104.5
21/11/1976,4.0
22/11/1976,44.5
23/11/1976,95.0
24/11/1976,7.0
25/11/1976,11.0
26/11/1976,74.3
27/11/1976,83.9
28/11/1976,195.6
29/11/1976,14.3
30/11/1976,0.0
01/12/1976,0.5
02/12/1976,0.0
03/12/1976,0.0
04/12/1976,0.0
05/12/1976,0.0
06/12/1976,0.5
07/12/1976,11.0
08/12/1976,10.5
09/12/1976,31.7
10/12/1976,66.3
11/12/1976,0.0
12/12/1976,0.0
13/12/1976,8.5
14/12/1976,65.5
15/12/1976,6.0
16/12/1976,2.5
17/12/1976,7.5
18/12/1976,0.0
19/12/1976,2.5
20/12/1976,8.5
21/12/1976,34.5
22/12/1976,4.0
23/12/1976,3.5
24/12/1976,19.5
25/12/1976,21.0
26/12/1976,2.5
27/12/1976,0.5
28/12/1976,5.0
29/12/1976,5.0
30/12/1976,0.0
31/12/1976,0.0
01/01/1977,6.5
02/01/1977,32.0
03/01/1977,0.0
04/01/1977,1.5
05/01/1977,2.0
06/01/1977,0.0
07/01/1977,7.5
08/01/1977,8.5
09/01/1977,0.0
10/01/1977,0.0
11/01/1977,0.0
12/01/1977,0.0
13/01/1977,0.0
14/01/1977,0.0
15/01/1977,0.0
16/01/1977,5.0
17/01/1977,0.0
18/01/1977,0.0
19/01/1977,0.0
20/01/1977,0.0
21/01/1977,0.0
22/01/1977,0.0
23/01/1977,0.0
24/01/1977,0.0
25/01/1977,0.0
26/01/1977,0.0
27/01/1977,0.0
28/01/1977,0.0
29/01/1977,0.0
30/01/1977,0.0
31/01/1977,0.0
01/02/1977,1.5
02/02/1977,0.5
03/02/1977,20.0
04/02/1977,0.0
05/02/1977,0.0
06/02/1977,0.0
07/02/1977,2.7
08/02/1977,29.6
09/02/1977,22.3
10/02/1977,2.5
11/02/1977,2.0
12/02/1977,0.0
13/02/1977,0.0
14/02/1977,1.5
15/02/1977,0.0
16/02/1977,0.0
17/02/1977,0.0
18/02/1977,2.6
19/02/1977,3.9
20/02/1977,14.0
21/02/1977,0.0
22/02/1977,2.5
23/02/1977,8.5
24/02/1977,7.5
25/02/1977,4.0
26/02/1977,1.0
27/02/1977,0.0
28/02/1977,0.5
01/03/1977,0.0
02/03/1977,0.0
03/03/1977,0.0
04/03/1977,21.0
05/03/1977,0.0
06/03/1977,0.0
07/03/1977,0.0
08/03/1977,0.0
09/03/1977,0.0
10/03/1977,0.0
11/03/1977,0.0
12/03/1977,0.0
13/03/1977,0.0
14/03/1977,0.0
15/03/1977,0.0
16/03/1977,0.0
17/03/1977,0.0
18/03/1977,0.0
19/03/1977,0.0
20/03/1977,4.5
21/03/1977,0.0
22/03/1977,0.0
23/03/1977,0.0
24/03/1977,16.5
25/03/1977,0.0
26/03/1977,2.0
27/03/1977,0.0
28/03/1977,0.0
29/03/1977,0.0
30/03/1977,0.0
31/03/1977,0.0
01/04/1977,0.0
02/04/1977,0.0
03/04/1977,0.0
04/04/1977,0.0
05/04/1977,0.0
06/04/1977,0.0
07/04/1977,0.0
08/04/1977,0.0
09/04/1977,0.0
10/04/1977,0.0
11/04/1977,0.0
12/04/1977,0.0
13/04/1977,0.0
14/04/1977,0.0
15/04/1977,0.0
16/04/1977,0.0
17/04/1977,0.0
18/04/1977,0.0
19/04/1977,0.0
20/04/1977,0.0
21/04/1977,0.0
22/04/1977,0.0
23/04/1977,0.0
24/04/1977,1.0
25/04/1977,0.0
26/04/1977,0.0
27/04/1977,0.0
28/04/1977,0.0
29/04/1977,0.0
30/04/1977,0.0
01/05/1977,0.0
02/05/1977,0.0
03/05/1977,0.0
04/05/1977,1.0
05/05/1977,0.0
06/05/1977,2.0
07/05/1977,45.0
08/05/1977,0.0
09/05/1977,2.5
10/05/1977,0.0
11/05/1977,0.0
12/05/1977,6.9
13/05/1977,45.1
14/05/1977,1.0
15/05/1977,0.0
16/05/1977,0.0
17/05/1977,1.5
18/05/1977,21.0
19/05/1977,0.0
20/05/1977,0.0
21/05/1977,0.0
22/05/1977,0.0
23/05/1977,0.0
24/05/1977,0.0
25/05/1977,0.0
26/05/1977,0.0
27/05/1977,0.0
28/05/1977,0.0
29/05/1977,0.0
30/05/1977,0.0
31/05/1977,0.0
01/06/1977,0.0
02/06/1977,0.0
03/06/1977,0.0
04/06/1977,0.0
05/06/1977,0.0
06/06/1977,0.0
07/06/1977,0.0
08/06/1977,0.0
09/06/1977,0.0
10/06/1977,0.0
11/06/1977,22.6
12/06/1977,57.4
13/06/1977,8.0
14/06/1977,0.0
15/06/1977,0.0
16/06/1977,0.0
17/06/1977,7.8
18/06/1977,28.7
19/06/1977,2.5
20/06/1977,0.0
21/06/1977,0.0
22/06/1977,0.0
23/06/1977,0.5
24/06/1977,0.0
25/06/1977,0.0
26/06/1977,0.0
27/06/1977,6.0
28/06/1977,0.0
29/06/1977,0.0
30/06/1977,0.0
01/07/1977,0.0
02/07/1977,0.0
03/07/1977,3.5
04/07/1977,0.0
05/07/1977,0.5
06/07/1977,0.0
07/07/1977,6.5
08/07/1977,30.0
09/07/1977,0.0
10/07/1977,0.0
11/07/1977,0.0
12/07/1977,5.5
13/07/1977,0.0
14/07/1977,0.0
15/07/1977,0.0
16/07/1977,5.0
17/07/1977,0.0
18/07/1977,0.0
19/07/1977,0.0
20/07/1977,0.0
21/07/1977,0.0
22/07/1977,0.0
23/07/1977,0.0
24/07/1977,1.0
25/07/1977,0.0
26/07/1977,47.6
27/07/1977,4.4
28/07/1977,0.5
29/07/1977,0.0
30/07/1977,2.0
31/07/1977,0.0
01/08/1977,0.0
02/08/1977,22.0
03/08/1977,34.5
04/08/1977,42.4
05/08/1977,0.1
06/08/1977,5.5
07/08/1977,1.0
08/08/1977,0.0
09/08/1977,0.0
10/08/1977,22.0
11/08/1977,0.0
12/08/1977,11.0
13/08/1977,0.0
14/08/1977,0.0
15/08/1977,0.0
16/08/1977,0.0
17/08/1977,65.2
18/08/1977,12.8
19/08/1977,62.7
20/08/1977,17.3
21/08/1977,0.0
22/08/1977,0.0
23/08/1977,16.0
24/08/1977,6.5
25/08/1977,0.0
26/08/1977,0.0
27/08/1977,0.0
28/08/1977,17.5
29/08/1977,22.0
30/08/1977,0.0
31/08/1977,2.0
01/09/1977,3.0
02/09/1977,0.0
03/09/1977,11.0
04/09/1977,0.0
05/09/1977,12.0
06/09/1977,1.0
07/09/1977,2.5
08/09/1977,0.0
09/09/1977,0.5
10/09/1977,0.0
11/09/1977,3.0
12/09/1977,0.5
13/09/1977,3.5
14/09/1977,96.5
15/09/1977,6.5
16/09/1977,0.0
17/09/1977,0.0
18/09/1977,0.5
19/09/1977,0.5
20/09/1977,0.0
21/09/1977,19.0
22/09/1977,0.0
23/09/1977,2.0
24/09/1977,12.5
25/09/1977,30.0
26/09/1977,0.0
07/10/1977,4.5
08/10/1977,0.0
09/10/1977,0.0
10/10/1977,0.0
11/10/1977,2.0
12/10/1977,7.0
13/10/1977,0.0
14/10/1977,0.0
15/10/1977,0.0
16/10/1977,5.0
17/10/1977,0.5
18/10/1977,0.0
19/10/1977,0.0
20/10/1977,54.0
21/10/1977,1.5
22/10/1977,0.0
23/10/1977,7.5
24/10/1977,0.0
25/10/1977,0.0
26/10/1977,2.5
27/10/1977,21.5
28/10/1977,0.0
29/10/1977,0.0
30/10/1977,13.0
31/10/1977,4.5
01/11/1977,7.0
02/11/1977,0.0
03/11/1977,22.3
04/11/1977,9.7
05/11/1977,13.5
06/11/1977,0.0
07/11/1977,2.0
08/11/1977,0.0
09/11/1977,3.5
10/11/1977,18.5
11/11/1977,0.0
12/11/1977,7.5
13/11/1977,46.5
14/11/1977,24.5
15/11/1977,2.5
16/11/1977,10.0
17/11/1977,2.5
18/11/1977,29.0
19/11/1977,21.5
20/11/1977,3.0
21/11/1977,16.0
22/11/1977,23.2
23/11/1977,75.8
24/11/1977,1.0
25/11/1977,2.5
26/11/1977,0.0
27/11/1977,0.0
28/11/1977,6.6
29/11/1977,24.4
30/11/1977,1.0
01/12/1977,1.0
02/12/1977,4.1
03/12/1977,11.9
04/12/1977,11.8
05/12/1977,34.7
06/12/1977,0.0
07/12/1977,0.0
08/12/1977,0.0
09/12/1977,0.0
10/12/1977,18.6
11/12/1977,56.9
12/12/1977,0.0
13/12/1977,3.0
14/12/1977,0.5
15/12/1977,4.5
16/12/1977,55.5
17/12/1977,1.0
18/12/1977,0.0
19/12/1977,0.0
20/12/1977,15.0
21/12/1977,7.5
22/12/1977,0.0
23/12/1977,0.5
24/12/1977,1.0
25/12/1977,0.0
26/12/1977,1.0
27/12/1977,0.0
28/12/1977,0.0
29/12/1977,0.5
30/12/1977,0.0
31/12/1977,0.0
01/01/1978,0.0
02/01/1978,0.0
03/01/1978,0.0
04/01/1978,0.0
05/01/1978,4.0
06/01/1978,0.0
07/01/1978,3.5
08/01/1978,32.0
09/01/1978,1.0
10/01/1978,8.0
11/01/1978,7.5
12/01/1978,0.5
13/01/1978,1.0
14/01/1978,0.5
15/01/1978,5.0
16/01/1978,0.0
17/01/1978,3.0
18/01/1978,18.0
19/01/1978,0.0
20/01/1978,2.5
21/01/1978,0.5
22/01/1978,1.0
23/01/1978,0.0
24/01/1978,0.0
25/01/1978,0.0
26/01/1978,0.0
27/01/1978,0.0
28/01/1978,0.0
29/01/1978,0.0
30/01/1978,0.0
31/01/1978,0.0
01/02/1978,0.0
02/02/1978,0.0
03/02/1978,2.0
04/02/1978,0.5
05/02/1978,0.0
06/02/1978,1.5
07/02/1978,0.0
08/02/1978,0.0
09/02/1978,0.0
10/02/1978,0.0
11/02/1978,0.0
12/02/1978,0.0
13/02/1978,0.0
14/02/1978,0.0
15/02/1978,23.5
16/02/1978,0.0
17/02/1978,0.0
18/02/1978,0.0
19/02/1978,0.0
20/02/1978,0.0
21/02/1978,0.0
22/02/1978,0.0
23/02/1978,0.0
24/02/1978,0.0
25/02/1978,6.0
26/02/1978,1.0
27/02/1978,0.0
28/02/1978,1.5
01/03/1978,1.5
02/03/1978,0.0
03/03/1978,0.0
04/03/1978,0.0
05/03/1978,0.0
06/03/1978,0.0
07/03/1978,0.0
08/03/1978,0.0
09/03/1978,0.0
10/03/1978,0.0
11/03/1978,0.0
12/03/1978,0.0
13/03/1978,0.0
14/03/1978,0.0
15/03/1978,0.0
16/03/1978,0.0
17/03/1978,0.0
18/03/1978,0.0
19/03/1978,0.0
20/03/1978,0.0
21/03/1978,1.5
22/03/1978,0.0
23/03/1978,0.0
24/03/1978,0.0
25/03/1978,11.0
26/03/1978,32.0
27/03/1978,27.5
28/03/1978,44.5
29/03/1978,0.0
30/03/1978,0.0
31/03/1978,5.5
01/04/1978,0.0
02/04/1978,0.0
03/04/1978,22.5
04/04/1978,2.0
05/04/1978,0.0
06/04/1978,0.0
07/04/1978,0.0
08/04/1978,0.0
09/04/1978,0.0
10/04/1978,0.0
11/04/1978,0.0
12/04/1978,0.0
13/04/1978,0.0
14/04/1978,0.0
15/04/1978,0.0
16/04/1978,0.0
17/04/1978,0.0
18/04/1978,0.0
19/04/1978,0.0
20/04/1978,0.0
21/04/1978,0.0
22/04/1978,0.0
23/04/1978,0.0
24/04/1978,0.0
25/04/1978,0.0
26/04/1978,0.0
27/04/1978,0.0
28/04/1978,1.5
29/04/1978,0.0
30/04/1978,0.0
01/05/1978,6.0
02/05/1978,0.0
03/05/1978,0.0
04/05/1978,0.0
05/05/1978,0.0
06/05/1978,0.0
07/05/1978,6.0
08/05/1978,0.5
09/05/1978,0.0
10/05/1978,2.5
11/05/1978,40.0
12/05/1978,3.0
13/05/1978,0.0
14/05/1978,6.5
15/05/1978,0.5
16/05/1978,0.0
17/05/1978,10.5
18/05/1978,54.5
19/05/1978,1.5
20/05/1978,0.0
21/05/1978,0.0
22/05/1978,5.5
23/05/1978,15.0
24/05/1978,15.0
25/05/1978,0.0
26/05/1978,0.0
27/05/1978,0.0
28/05/1978,24.0
29/05/1978,19.0
30/05/1978,7.5
31/05/1978,4.8
01/06/1978,16.7
02/06/1978,0.0
03/06/1978,6.0
04/06/1978,0.0
05/06/1978,0.0
06/06/1978,0.5
07/06/1978,0.0
08/06/1978,3.0
09/06/1978,3.5
10/06/1978,0.0
11/06/1978,0.5
12/06/1978,0.0
13/06/1978,0.0
14/06/1978,0.0
15/06/1978,3.5
16/06/1978,0.0
17/06/1978,0.5
18/06/1978,0.0
19/06/1978,13.5
20/06/1978,15.0
21/06/1978,0.0
22/06/1978,0.5
23/06/1978,0.0
24/06/1978,0.0
25/06/1978,0.0
26/06/1978,0.0
27/06/1978,7.0
28/06/1978,0.0
29/06/1978,4.0
30/06/1978,0.5
01/07/1978,1.0
02/07/1978,51.5
03/07/1978,5.0
04/07/1978,0.5
05/07/1978,0.0
06/07/1978,0.0
07/07/1978,0.0
08/07/1978,0.0
09/07/1978,31.0
10/07/1978,0.5
11/07/1978,18.0
12/07/1978,0.5
13/07/1978,4.0
14/07/1978,0.0
15/07/1978,3.0
16/07/1978,2.5
17/07/1978,0.0
18/07/1978,42.5
19/07/1978,0.0
20/07/1978,0.0
21/07/1978,0.0
22/07/1978,0.0
23/07/1978,0.0
24/07/1978,0.0
25/07/1978,0.0
26/07/1978,5.5
27/07/1978,0.0
28/07/1978,0.0
29/07/1978,0.0
30/07/1978,0.0
31/07/1978,0.0
01/08/1978,30.5
02/08/1978,67.5
03/08/1978,0.0
04/08/1978,0.0
05/08/1978,19.5
06/08/1978,4.5
07/08/1978,0.0
08/08/1978,0.0
09/08/1978,0.0
10/08/1978,0.0
11/08/1978,6.0
12/08/1978,24.5
13/08/1978,0.0
14/08/1978,55.6
15/08/1978,1.4
16/08/1978,0.0
17/08/1978,2.0
18/08/1978,14.5
19/08/1978,0.0
20/08/1978,6.0
21/08/1978,38.5
22/08/1978,1.5
23/08/1978,0.0
24/08/1978,0.0
25/08/1978,0.0
26/08/1978,3.0
27/08/1978,0.0
28/08/1978,6.0
29/08/1978,4.0
30/08/1978,13.0
31/08/1978,1.0
01/09/1978,0.0
02/09/1978,0.0
03/09/1978,0.0
04/09/1978,0.0
05/09/1978,0.0
06/09/1978,0.0
07/09/1978,14.5
08/09/1978,0.0
09/09/1978,0.5
10/09/1978,0.0
11/09/1978,12.5
12/09/1978,0.0
13/09/1978,0.0
14/09/1978,0.0
15/09/1978,19.0
16/09/1978,0.0
17/09/1978,0.0
18/09/1978,0.0
19/09/1978,0.0
20/09/1978,3.5
21/09/1978,0.0
22/09/1978,0.0
23/09/1978,0.0
24/09/1978,17.6
25/09/1978,3.9
26/09/1978,2.0
27/09/1978,0.0
28/09/1978,0.0
29/09/1978,0.0
30/09/1978,0.0
01/10/1978,0.0
02/10/1978,11.5
03/10/1978,0.0
04/10/1978,0.0
05/10/1978,18.7
06/10/1978,0.3
07/10/1978,4.0
08/10/1978,0.5
09/10/1978,2.5
10/10/1978,63.0
11/10/1978,26.0
12/10/1978,2.5
13/10/1978,12.0
14/10/1978,7.5
15/10/1978,0.0
16/10/1978,10.1
17/10/1978,6.9
18/10/1978,0.5
19/10/1978,23.5
20/10/1978,5.0
21/10/1978,5.0
22/10/1978,0.0
23/10/1978,0.0
24/10/1978,13.5
25/10/1978,0.0
26/10/1978,6.0
27/10/1978,12.0
28/10/1978,3.0
29/10/1978,65.0
30/10/1978,47.0
31/10/1978,40.5
01/11/1978,10.5
02/11/1978,27.0
03/11/1978,9.5
04/11/1978,3.0
05/11/1978,31.5
06/11/1978,0.0
07/11/1978,9.5
08/11/1978,0.6
09/11/1978,0.1
10/11/1978,0.1
11/11/1978,0.1
12/11/1978,3.0
13/11/1978,74.1
14/11/1978,0.5
15/11/1978,34.5
16/11/1978,0.0
17/11/1978,0.0
18/11/1978,4.5
19/11/1978,50.0
20/11/1978,17.0
21/11/1978,9.5
22/11/1978,0.0
23/11/1978,18.5
24/11/1978,0.5
25/11/1978,4.0
26/11/1978,0.0
27/11/1978,2.0
28/11/1978,0.0
29/11/1978,0.5
30/11/1978,7.0
01/12/1978,3.5
02/12/1978,32.5
03/12/1978,0.0
04/12/1978,0.0
05/12/1978,23.5
06/12/1978,103.5
07/12/1978,1.5
08/12/1978,0.0
09/12/1978,2.5
10/12/1978,0.0
11/12/1978,4.0
12/12/1978,0.0
13/12/1978,0.0
14/12/1978,3.0
15/12/1978,0.0
16/12/1978,0.0
17/12/1978,0.0
18/12/1978,0.0
19/12/1978,0.0
20/12/1978,3.5
21/12/1978,0.0
22/12/1978,0.5
23/12/1978,4.5
24/12/1978,0.5
25/12/1978,0.0
26/12/1978,0.0
27/12/1978,0.0
28/12/1978,0.0
29/12/1978,0.0
30/12/1978,0.0
31/12/1978,0.0
01/01/1979,2.0
02/01/1979,5.0
03/01/1979,23.5
04/01/1979,2.0
05/01/1979,4.0
06/01/1979,8.5
07/01/1979,0.0
08/01/1979,0.0
09/01/1979,0.0
10/01/1979,0.0
11/01/1979,0.0
12/01/1979,0.0
13/01/1979,0.0
14/01/1979,0.0
15/01/1979,0.0
16/01/1979,0.0
17/01/1979,0.0
18/01/1979,0.0
19/01/1979,0.0
20/01/1979,6.0
21/01/1979,0.0
22/01/1979,2.0
23/01/1979,10.5
24/01/1979,0.0
25/01/1979,0.0
26/01/1979,2.5
27/01/1979,0.0
28/01/1979,0.0
29/01/1979,0.0
30/01/1979,0.0
31/01/1979,0.0
01/02/1979,0.0
02/02/1979,2.0
03/02/1979,0.0
04/02/1979,0.0
05/02/1979,3.5
06/02/1979,21.5
07/02/1979,1.0
08/02/1979,0.0
09/02/1979,0.0
10/02/1979,0.0
11/02/1979,0.5
12/02/1979,0.0
13/02/1979,0.0
14/02/1979,0.0
15/02/1979,9.3
16/02/1979,34.2
17/02/1979,56.0
18/02/1979,0.0
19/02/1979,0.0
20/02/1979,0.0
21/02/1979,0.0
22/02/1979,0.0
23/02/1979,0.0
24/02/1979,0.0
25/02/1979,0.0
26/02/1979,0.0
27/02/1979,27.0
28/02/1979,0.0
01/03/1979,0.0
02/03/1979,0.0
03/03/1979,1.0
04/03/1979,0.0
05/03/1979,0.0
06/03/1979,0.0
07/03/1979,0.0
08/03/1979,0.0
09/03/1979,0.0
10/03/1979,0.0
11/03/1979,0.0
12/03/1979,0.0
13/03/1979,0.0
14/03/1979,0.0
15/03/1979,0.0
16/03/1979,0.0
17/03/1979,0.0
18/03/1979,0.0
19/03/1979,0.0
20/03/1979,0.0
21/03/1979,0.0
22/03/1979,0.0
23/03/1979,0.0
24/03/1979,0.0
25/03/1979,0.0
26/03/1979,3.5
27/03/1979,0.0
28/03/1979,0.0
29/03/1979,0.0
30/03/1979,0.0
31/03/1979,0.0
01/04/1979,0.0
02/04/1979,0.0
03/04/1979,0.0
04/04/1979,0.0
05/04/1979,46.5
06/04/1979,0.0
07/04/1979,8.5
08/04/1979,0.5
09/04/1979,0.0
10/04/1979,0.0
11/04/1979,15.0
12/04/1979,6.5
13/04/1979,1.0
14/04/1979,0.0
15/04/1979,4.8
16/04/1979,11.7
17/04/1979,43.0
18/04/1979,0.5
19/04/1979,1.5
20/04/1979,1.5
21/04/1979,0.0
22/04/1979,0.0
23/04/1979,0.0
24/04/1979,3.0
25/04/1979,41.5
26/04/1979,0.0
27/04/1979,0.0
28/04/1979,0.0
29/04/1979,3.0
30/04/1979,0.0
01/05/1979,0.0
02/05/1979,0.0
03/05/1979,12.5
04/05/1979,0.0
05/05/1979,0.0
06/05/1979,0.0
07/05/1979,0.0
08/05/1979,2.0
09/05/1979,4.0
10/05/1979,0.0
11/05/1979,5.0
12/05/1979,0.0
13/05/1979,0.0
14/05/1979,6.0
15/05/1979,0.0
16/05/1979,0.0
17/05/1979,0.0
18/05/1979,0.0
19/05/1979,0.0
20/05/1979,0.0
21/05/1979,0.0
22/05/1979,13.5
23/05/1979,0.5
24/05/1979,0.0
25/05/1979,0.0
26/05/1979,0.0
27/05/1979,0.0
28/05/1979,0.0
29/05/1979,0.0
30/05/1979,12.5
31/05/1979,0.0
01/06/1979,0.0
02/06/1979,0.0
03/06/1979,0.0
04/06/1979,0.0
05/06/1979,0.0
06/06/1979,0.0
07/06/1979,1.0
08/06/1979,0.0
09/06/1979,0.0
10/06/1979,0.0
11/06/1979,0.0
12/06/1979,0.0
13/06/1979,0.0
14/06/1979,0.0
15/06/1979,0.0
16/06/1979,0.0
17/06/1979,0.0
18/06/1979,0.0
19/06/1979,0.0
20/06/1979,18.0
21/06/1979,2.0
22/06/1979,0.0
23/06/1979,0.0
24/06/1979,32.0
25/06/1979,10.0
26/06/1979,2.0
09/07/1979,16.0
10/07/1979,3.5
11/07/1979,51.5
12/07/1979,0.0
13/07/1979,0.0
14/07/1979,0.0
15/07/1979,37.0
16/07/1979,0.0
17/07/1979,0.0
18/07/1979,0.0
19/07/1979,0.0
20/07/1979,0.0
21/07/1979,0.0
22/07/1979,1.0
23/07/1979,0.0
24/07/1979,0.0
25/07/1979,4.0
26/07/1979,43.0
27/07/1979,3.5
28/07/1979,0.0
29/07/1979,0.0
30/07/1979,0.0
31/07/1979,0.0
01/08/1979,0.0
02/08/1979,0.0
03/08/1979,1.5
04/08/1979,6.0
05/08/1979,1.5
06/08/1979,13.5
07/08/1979,0.0
08/08/1979,0.0
09/08/1979,0.0
10/08/1979,0.0
11/08/1979,0.0
12/08/1979,0.0
13/08/1979,0.0
14/08/1979,4.5
15/08/1979,0.0
16/08/1979,0.0
17/08/1979,31.2
18/08/1979,0.8
19/08/1979,0.5
20/08/1979,10.5
21/08/1979,6.0
22/08/1979,0.0
23/08/1979,0.0
24/08/1979,0.0
25/08/1979,0.0
26/08/1979,0.0
27/08/1979,0.0
28/08/1979,0.0
29/08/1979,0.0
30/08/1979,0.0
31/08/1979,0.0
01/09/1979,0.0
02/09/1979,0.0
03/09/1979,0.0
04/09/1979,0.0
05/09/1979,0.0
06/09/1979,44.5
07/09/1979,42.0
08/09/1979,4.0
09/09/1979,10.5
10/09/1979,0.0
11/09/1979,0.0
12/09/1979,0.0
13/09/1979,0.0
14/09/1979,0.0
15/09/1979,0.0
16/09/1979,0.0
17/09/1979,31.5
18/09/1979,23.0
19/09/1979,0.0
20/09/1979,0.0
21/09/1979,0.0
22/09/1979,0.0
23/09/1979,0.0
24/09/1979,0.0
25/09/1979,0.0
26/09/1979,38.5
27/09/1979,0.5
28/09/1979,0.5
29/09/1979,5.0
30/09/1979,0.0
01/10/1979,0.0
02/10/1979,0.0
03/10/1979,0.0
04/10/1979,0.0
05/10/1979,22.5
06/10/1979,14.5
07/10/1979,3.0
08/10/1979,0.0
09/10/1979,24.0
10/10/1979,8.0
11/10/1979,0.5
12/10/1979,3.0
13/10/1979,8.5
14/10/1979,0.5
15/10/1979,24.0
16/10/1979,20.0
17/10/1979,22.7
18/10/1979,6.8
19/10/1979,8.0
20/10/1979,82.8
21/10/1979,2.7
22/10/1979,18.0
23/10/1979,28.0
24/10/1979,70.0
25/10/1979,0.0
26/10/1979,1.3
27/10/1979,5.2
28/10/1979,0.5
29/10/1979,11.0
30/10/1979,0.5
31/10/1979,55.4
01/11/1979,45.6
02/11/1979,0.0
03/11/1979,37.5
04/11/1979,0.0
05/11/1979,7.0
06/11/1979,0.0
07/11/1979,1.5
08/11/1979,7.1
09/11/1979,1.4
10/11/1979,0.5
11/11/1979,2.0
12/11/1979,0.0
13/11/1979,29.0
14/11/1979,20.0
15/11/1979,48.5
16/11/1979,109.7
17/11/1979,29.8
18/11/1979,5.0
19/11/1979,20.3
20/11/1979,24.7
21/11/1979,0.0
27/11/1979,104.2
28/11/1979,44.3
29/11/1979,0.0
30/11/1979,9.0
01/12/1979,1.5
02/12/1979,3.0
03/12/1979,0.0
04/12/1979,33.0
05/12/1979,11.5
06/12/1979,17.0
07/12/1979,0.0
08/12/1979,0.0
09/12/1979,0.0
10/12/1979,0.0
11/12/1979,6.5
12/12/1979,0.0
13/12/1979,0.5
14/12/1979,0.5
15/12/1979,0.0
16/12/1979,2.0
17/12/1979,15.0
18/12/1979,0.0
19/12/1979,0.5
20/12/1979,0.0
21/12/1979,0.0
22/12/1979,0.0
23/12/1979,0.0
24/12/1979,0.0
25/12/1979,0.0
26/12/1979,0.0
27/12/1979,2.0
28/12/1979,0.0
29/12/1979,0.0
30/12/1979,0.0
31/12/1979,1.5
01/01/1980,1.0
02/01/1980,0.0
03/01/1980,0.0
04/01/1980,33.0
05/01/1980,1.0
06/01/1980,1.5
07/01/1980,5.5
08/01/1980,3.5
09/01/1980,0.0
10/01/1980,1.0
11/01/1980,26.0
12/01/1980,3.0
13/01/1980,0.0
14/01/1980,0.0
15/01/1980,0.0
16/01/1980,0.0
17/01/1980,0.0
18/01/1980,8.5
19/01/1980,5.0
20/01/1980,0.0
21/01/1980,0.0
22/01/1980,0.0
23/01/1980,0.0
24/01/1980,0.0
25/01/1980,0.0
26/01/1980,0.0
27/01/1980,0.0
28/01/1980,0.0
29/01/1980,0.0
30/01/1980,0.0
31/01/1980,0.0
01/02/1980,0.0
02/02/1980,0.0
03/02/1980,0.0
04/02/1980,12.9
05/02/1980,0.0
06/02/1980,0.2
07/02/1980,0.5
08/02/1980,0.0
09/02/1980,0.0
10/02/1980,0.0
11/02/1980,0.7
12/02/1980,0.5
13/02/1980,0.0
14/02/1980,2.0
15/02/1980,0.0
16/02/1980,1.2
17/02/1980,11.6
18/02/1980,0.0
19/02/1980,3.4
20/02/1980,4.4
21/02/1980,0.0
22/02/1980,1.7
23/02/1980,0.0
24/02/1980,0.0
25/02/1980,3.4
26/02/1980,12.1
27/02/1980,0.0
28/02/1980,0.0
29/02/1980,0.0
01/03/1980,0.0
02/03/1980,0.0
03/03/1980,0.0
04/03/1980,0.0
05/03/1980,0.0
06/03/1980,0.0
07/03/1980,0.0
08/03/1980,0.0
09/03/1980,24.9
10/03/1980,0.5
11/03/1980,0.0
12/03/1980,0.0
13/03/1980,0.0
14/03/1980,21.2
15/03/1980,21.4
16/03/1980,0.0
17/03/1980,0.0
18/03/1980,0.0
19/03/1980,0.0
20/03/1980,0.0
21/03/1980,0.0
22/03/1980,0.0
23/03/1980,0.0
24/03/1980,0.0
25/03/1980,6.4
26/03/1980,52.7
27/03/1980,23.4
28/03/1980,0.2
29/03/1980,0.0
30/03/1980,0.0
31/03/1980,0.0
01/04/1980,1.0
02/04/1980,3.9
03/04/1980,56.5
04/04/1980,21.2
05/04/1980,9.2
06/04/1980,3.8
07/04/1980,2.7
08/04/1980,1.7
09/04/1980,0.0
10/04/1980,0.0
11/04/1980,0.0
12/04/1980,0.0
13/04/1980,0.0
14/04/1980,0.0
15/04/1980,1.7
16/04/1980,0.0
17/04/1980,0.0
18/04/1980,0.0
19/04/1980,0.0
20/04/1980,1.2
21/04/1980,0.7
22/04/1980,0.0
23/04/1980,29.2
24/04/1980,0.0
25/04/1980,0.0
26/04/1980,0.0
27/04/1980,0.0
28/04/1980,4.1
29/04/1980,0.0
30/04/1980,0.0
01/05/1980,0.0
02/05/1980,0.0
03/05/1980,0.0
04/05/1980,0.0
05/05/1980,0.0
06/05/1980,0.0
07/05/1980,0.0
08/05/1980,0.0
09/05/1980,0.0
10/05/1980,0.0
11/05/1980,0.0
12/05/1980,0.0
13/05/1980,0.0
14/05/1980,0.0
15/05/1980,0.0
16/05/1980,0.0
17/05/1980,0.0
18/05/1980,0.0
19/05/1980,22.1
20/05/1980,0.0
21/05/1980,0.0
22/05/1980,0.0
23/05/1980,0.0
24/05/1980,0.5
25/05/1980,0.0
26/05/1980,0.0
27/05/1980,0.0
28/05/1980,0.0
29/05/1980,0.0
30/05/1980,0.0
31/05/1980,0.0
01/06/1980,0.0
02/06/1980,0.0
03/06/1980,0.0
04/06/1980,0.0
05/06/1980,0.0
06/06/1980,6.0
07/06/1980,10.0
08/06/1980,0.0
09/06/1980,0.0
10/06/1980,0.0
11/06/1980,0.0
12/06/1980,1.0
13/06/1980,0.0
14/06/1980,7.5
15/06/1980,5.8
16/06/1980,14.7
17/06/1980,6.0
18/06/1980,1.5
19/06/1980,11.0
20/06/1980,0.0
21/06/1980,0.0
22/06/1980,26.0
23/06/1980,0.0
24/06/1980,0.0
25/06/1980,0.0
26/06/1980,0.0
27/06/1980,0.0
28/06/1980,0.0
29/06/1980,0.0
30/06/1980,0.0
01/07/1980,1.5
02/07/1980,0.0
03/07/1980,0.0
04/07/1980,0.0
05/07/1980,2.0
06/07/1980,0.0
07/07/1980,17.0
08/07/1980,4.0
09/07/1980,81.2
10/07/1980,2.3
11/07/1980,0.0
12/07/1980,0.0
13/07/1980,0.0
14/07/1980,4.0
15/07/1980,0.0
16/07/1980,0.0
17/07/1980,0.0
18/07/1980,0.0
19/07/1980,0.0
20/07/1980,0.0
21/07/1980,0.0
22/07/1980,1.0
23/07/1980,0.0
24/07/1980,35.8
25/07/1980,7.2
26/07/1980,0.0
27/07/1980,0.0
28/07/1980,0.0
29/07/1980,1.0
30/07/1980,0.0
31/07/1980,0.0
01/08/1980,0.0
02/08/1980,0.0
03/08/1980,0.0
04/08/1980,29.0
05/08/1980,0.0
06/08/1980,0.0
07/08/1980,0.0
08/08/1980,0.0
09/08/1980,0.0
10/08/1980,0.0
11/08/1980,0.0
12/08/1980,15.5
13/08/1980,3.0
14/08/1980,0.0
15/08/1980,4.0
16/08/1980,24.6
17/08/1980,13.4
18/08/1980,0.0
19/08/1980,0.0
20/08/1980,0.0
21/08/1980,0.0
22/08/1980,0.0
23/08/1980,10.5
24/08/1980,0.0
25/08/1980,12.0
26/08/1980,0.5
27/08/1980,9.0
28/08/1980,0.0
29/08/1980,67.5
30/08/1980,0.5
31/08/1980,4.5
01/09/1980,2.0
02/09/1980,0.0
03/09/1980,0.0
04/09/1980,0.0
05/09/1980,15.5
06/09/1980,0.5
07/09/1980,5.0
08/09/1980,2.5
09/09/1980,37.0
10/09/1980,14.0
11/09/1980,5.0
12/09/1980,1.0
13/09/1980,0.0
14/09/1980,0.0
15/09/1980,0.0
16/09/1980,0.0
17/09/1980,1.0
18/09/1980,33.5
19/09/1980,18.3
20/09/1980,3.2
21/09/1980,0.0
22/09/1980,0.0
23/09/1980,6.0
24/09/1980,0.0
25/09/1980,0.5
26/09/1980,18.0
27/09/1980,6.5
28/09/1980,0.5
29/09/1980,0.0
30/09/1980,0.0
01/10/1980,0.0
02/10/1980,51.0
03/10/1980,0.0
04/10/1980,9.0
05/10/1980,9.0
06/10/1980,4.0
07/10/1980,0.0
08/10/1980,0.0
09/10/1980,0.0
10/10/1980,0.0
11/10/1980,0.0
12/10/1980,0.0
13/10/1980,0.0
14/10/1980,25.5
15/10/1980,9.5
16/10/1980,5.0
17/10/1980,0.5
18/10/1980,19.0
19/10/1980,23.0
20/10/1980,2.0
21/10/1980,0.0
22/10/1980,0.0
23/10/1980,0.0
24/10/1980,0.3
25/10/1980,1.7
26/10/1980,0.0
27/10/1980,0.0
28/10/1980,2.0
29/10/1980,64.0
30/10/1980,2.5
31/10/1980,0.0
01/11/1980,0.0
02/11/1980,1.0
03/11/1980,8.0
04/11/1980,20.5
05/11/1980,0.0
06/11/1980,3.0
07/11/1980,5.0
08/11/1980,1.0
09/11/1980,23.5
10/11/1980,5.0
11/11/1980,2.5
12/11/1980,14.5
13/11/1980,34.0
14/11/1980,0.5
15/11/1980,0.0
16/11/1980,1.5
17/11/1980,5.0
18/11/1980,22.5
19/11/1980,0.5
20/11/1980,12.1
21/11/1980,12.9
22/11/1980,21.9
23/11/1980,25.6
24/11/1980,41.0
25/11/1980,45.0
26/11/1980,7.5
27/11/1980,23.0
28/11/1980,42.0
29/11/1980,1.5
30/11/1980,6.0
01/12/1980,97.8
02/12/1980,15.7
03/12/1980,18.8
04/12/1980,2.7
05/12/1980,5.5
06/12/1980,46.0
07/12/1980,8.0
08/12/1980,47.0
09/12/1980,19.0
10/12/1980,2.5
11/12/1980,0.0
12/12/1980,0.0
13/12/1980,0.0
14/12/1980,0.0
15/12/1980,0.0
16/12/1980,89.3
17/12/1980,120.2
18/12/1980,70.0
19/12/1980,19.7
20/12/1980,106.8
21/12/1980,0.0
22/12/1980,1.5
23/12/1980,7.5
24/12/1980,4.5
25/12/1980,6.0
26/12/1980,7.5
27/12/1980,0.5
28/12/1980,11.5
29/12/1980,14.0
30/12/1980,0.0
31/12/1980,0.0
01/01/1981,0.0
02/01/1981,0.0
03/01/1981,0.0
04/01/1981,4.0
05/01/1981,5.5
06/01/1981,0.0
07/01/1981,0.0
08/01/1981,10.0
09/01/1981,5.0
10/01/1981,0.0
11/01/1981,0.0
12/01/1981,0.0
13/01/1981,1.0
14/01/1981,6.3
15/01/1981,14.8
16/01/1981,16.8
17/01/1981,7.5
18/01/1981,1.5
19/01/1981,0.0
20/01/1981,0.0
21/01/1981,0.0
22/01/1981,0.0
23/01/1981,0.0
24/01/1981,0.0
25/01/1981,0.0
26/01/1981,0.0
27/01/1981,0.0
28/01/1981,0.0
29/01/1981,0.0
30/01/1981,0.0
31/01/1981,11.5
01/02/1981,8.0
02/02/1981,0.0
03/02/1981,0.0
04/02/1981,0.0
05/02/1981,2.5
06/02/1981,0.0
07/02/1981,0.0
08/02/1981,0.0
09/02/1981,0.0
10/02/1981,0.5
11/02/1981,0.5
12/02/1981,0.0
13/02/1981,0.0
14/02/1981,0.0
15/02/1981,0.0
16/02/1981,0.0
17/02/1981,0.0
18/02/1981,0.0
19/02/1981,0.0
20/02/1981,0.0
21/02/1981,0.0
22/02/1981,0.0
23/02/1981,0.0
24/02/1981,0.0
25/02/1981,0.0
26/02/1981,0.0
27/02/1981,9.5
28/02/1981,0.0
01/03/1981,0.0
02/03/1981,0.0
03/03/1981,11.0
04/03/1981,25.5
05/03/1981,0.0
06/03/1981,0.0
07/03/1981,0.0
08/03/1981,0.0
09/03/1981,0.0
10/03/1981,0.0
11/03/1981,0.0
12/03/1981,0.0
13/03/1981,0.0
14/03/1981,0.0
15/03/1981,0.0
16/03/1981,0.0
17/03/1981,0.0
18/03/1981,0.0
19/03/1981,0.0
20/03/1981,0.0
21/03/1981,0.0
22/03/1981,0.0
23/03/1981,0.0
24/03/1981,0.0
25/03/1981,0.0
26/03/1981,0.0
27/03/1981,10.5
28/03/1981,2.5
29/03/1981,42.5
30/03/1981,19.3
31/03/1981,16.7
01/04/1981,32.5
02/04/1981,17.2
03/04/1981,10.3
04/04/1981,0.0
05/04/1981,33.8
06/04/1981,15.7
07/04/1981,0.0
08/04/1981,0.0
09/04/1981,1.0
10/04/1981,5.0
11/04/1981,0.5
12/04/1981,0.0
13/04/1981,2.8
14/04/1981,10.2
15/04/1981,0.0
16/04/1981,2.5
17/04/1981,0.5
18/04/1981,0.0
19/04/1981,0.0
20/04/1981,0.0
21/04/1981,0.0
22/04/1981,0.0
23/04/1981,0.0
24/04/1981,0.0
25/04/1981,0.0
26/04/1981,0.0
27/04/1981,0.0
28/04/1981,0.5
29/04/1981,4.5
30/04/1981,0.0
01/05/1981,3.5
02/05/1981,0.0
03/05/1981,0.0
04/05/1981,0.5
05/05/1981,0.5
06/05/1981,6.0
07/05/1981,1.3
08/05/1981,1.2
09/05/1981,0.4
10/05/1981,0.1
11/05/1981,0.0
12/05/1981,0.0
13/05/1981,0.0
14/05/1981,0.5
15/05/1981,0.0
16/05/1981,0.0
17/05/1981,0.0
18/05/1981,0.0
19/05/1981,0.0
20/05/1981,19.0
21/05/1981,0.0
22/05/1981,5.5
23/05/1981,0.5
24/05/1981,23.0
25/05/1981,2.0
26/05/1981,0.0
27/05/1981,0.0
28/05/1981,0.0
29/05/1981,18.0
30/05/1981,1.5
31/05/1981,0.0
01/06/1981,0.0
02/06/1981,1.0
03/06/1981,0.0
04/06/1981,2.0
05/06/1981,0.0
06/06/1981,0.0
07/06/1981,0.0
08/06/1981,8.0
09/06/1981,11.0
10/06/1981,75.5
11/06/1981,0.0
12/06/1981,0.0
13/06/1981,1.0
14/06/1981,26.0
15/06/1981,0.0
16/06/1981,0.0
17/06/1981,0.0
18/06/1981,0.0
19/06/1981,0.0
20/06/1981,0.0
21/06/1981,0.0
22/06/1981,0.0
23/06/1981,0.0
24/06/1981,0.0
25/06/1981,2.5
26/06/1981,0.0
27/06/1981,0.0
28/06/1981,0.0
29/06/1981,0.0
30/06/1981,0.0
01/07/1981,0.0
02/07/1981,0.0
03/07/1981,1.0
04/07/1981,13.8
05/07/1981,6.7
06/07/1981,0.0
07/07/1981,0.0
08/07/1981,26.5
09/07/1981,0.5
10/07/1981,0.0
11/07/1981,0.0
12/07/1981,9.5
13/07/1981,0.0
14/07/1981,0.0
15/07/1981,8.5
16/07/1981,0.0
17/07/1981,4.0
18/07/1981,26.5
19/07/1981,23.5
20/07/1981,0.0
21/07/1981,2.0
22/07/1981,1.0
23/07/1981,0.5
24/07/1981,0.0
25/07/1981,0.0
26/07/1981,0.0
27/07/1981,0.0
28/07/1981,0.0
29/07/1981,0.5
30/07/1981,0.0
31/07/1981,5.0
01/08/1981,0.0
02/08/1981,0.0
03/08/1981,0.0
04/08/1981,0.0
05/08/1981,0.0
06/08/1981,0.0
07/08/1981,0.0
08/08/1981,0.0
09/08/1981,0.0
10/08/1981,0.0
11/08/1981,0.0
12/08/1981,0.0
13/08/1981,0.0
14/08/1981,0.0
15/08/1981,17.0
16/08/1981,0.5
17/08/1981,13.0
18/08/1981,0.0
19/08/1981,34.0
20/08/1981,17.0
21/08/1981,0.0
22/08/1981,1.0
23/08/1981,0.0
24/08/1981,5.0
25/08/1981,2.5
26/08/1981,0.0
27/08/1981,0.0
28/08/1981,0.0
29/08/1981,0.0
30/08/1981,0.0
31/08/1981,0.0
01/09/1981,0.0
02/09/1981,0.0
03/09/1981,3.0
04/09/1981,0.0
05/09/1981,0.0
06/09/1981,0.0
07/09/1981,7.0
08/09/1981,16.5
09/09/1981,0.0
10/09/1981,0.0
11/09/1981,0.0
12/09/1981,2.0
13/09/1981,11.5
14/09/1981,8.5
15/09/1981,3.1
16/09/1981,48.0
17/09/1981,4.4
18/09/1981,0.0
19/09/1981,0.0
20/09/1981,9.0
21/09/1981,8.5
22/09/1981,0.0
23/09/1981,0.0
24/09/1981,0.0
25/09/1981,0.0
26/09/1981,0.0
27/09/1981,9.5
28/09/1981,0.0
29/09/1981,0.0
30/09/1981,0.0
01/10/1981,0.0
02/10/1981,0.0
03/10/1981,0.0
04/10/1981,0.0
05/10/1981,8.0
06/10/1981,0.0
07/10/1981,0.0
08/10/1981,0.0
09/10/1981,7.0
10/10/1981,0.0
11/10/1981,0.0
12/10/1981,0.0
13/10/1981,0.5
14/10/1981,27.0
15/10/1981,6.5
16/10/1981,0.5
17/10/1981,17.5
18/10/1981,0.5
19/10/1981,17.5
20/10/1981,1.0
21/10/1981,0.0
22/10/1981,5.0
23/10/1981,0.0
24/10/1981,0.0
25/10/1981,0.0
26/10/1981,0.5
27/10/1981,0.0
28/10/1981,1.5
29/10/1981,14.0
30/10/1981,0.5
31/10/1981,10.5
01/11/1981,0.0
02/11/1981,20.5
03/11/1981,3.3
04/11/1981,2.7
05/11/1981,27.5
06/11/1981,0.3
07/11/1981,9.2
08/11/1981,0.0
09/11/1981,0.0
10/11/1981,5.0
11/11/1981,0.0
12/11/1981,0.0
13/11/1981,21.2
14/11/1981,3.3
15/11/1981,2.0
16/11/1981,0.5
17/11/1981,1.3
18/11/1981,8.7
19/11/1981,7.5
20/11/1981,1.0
21/11/1981,0.5
22/11/1981,6.0
23/11/1981,0.0
24/11/1981,9.5
25/11/1981,0.0
26/11/1981,0.0
27/11/1981,7.0
28/11/1981,3.5
29/11/1981,37.3
30/11/1981,35.0
01/12/1981,45.7
02/12/1981,0.3
03/12/1981,125.2
04/12/1981,6.0
10/12/1981,14.5
11/12/1981,89.7
12/12/1981,14.3
13/12/1981,4.5
14/12/1981,12.0
15/12/1981,0.0
16/12/1981,13.5
17/12/1981,0.0
18/12/1981,2.0
19/12/1981,0.0
20/12/1981,0.0
21/12/1981,0.0
22/12/1981,0.0
23/12/1981,0.0
24/12/1981,2.0
25/12/1981,0.0
26/12/1981,0.0
27/12/1981,1.5
28/12/1981,1.0
29/12/1981,0.0
30/12/1981,0.0
31/12/1981,5.0
01/01/1982,0.3
02/01/1982,0.2
03/01/1982,0.0
04/01/1982,0.0
05/01/1982,0.0
06/01/1982,0.0
07/01/1982,0.0
08/01/1982,0.0
09/01/1982,0.0
10/01/1982,4.5
11/01/1982,0.0
12/01/1982,0.0
13/01/1982,0.0
14/01/1982,5.0
15/01/1982,0.0
16/01/1982,0.0
17/01/1982,0.0
18/01/1982,0.0
19/01/1982,0.0
20/01/1982,0.0
21/01/1982,0.0
22/01/1982,0.0
23/01/1982,0.0
24/01/1982,0.0
25/01/1982,0.0
26/01/1982,0.0
27/01/1982,0.0
28/01/1982,0.0
29/01/1982,0.0
30/01/1982,2.0
31/01/1982,5.0
01/02/1982,1.5
02/02/1982,2.0
03/02/1982,2.5
04/02/1982,0.0
05/02/1982,0.0
06/02/1982,0.0
07/02/1982,0.0
08/02/1982,0.5
09/02/1982,0.0
10/02/1982,0.0
11/02/1982,0.0
12/02/1982,0.0
13/02/1982,0.0
14/02/1982,0.0
15/02/1982,0.0
16/02/1982,0.0
17/02/1982,0.0
18/02/1982,0.0
19/02/1982,0.0
20/02/1982,0.0
21/02/1982,2.5
22/02/1982,0.0
23/02/1982,0.0
24/02/1982,0.0
25/02/1982,0.0
26/02/1982,5.5
27/02/1982,0.0
28/02/1982,5.0
01/03/1982,0.0
02/03/1982,0.0
03/03/1982,0.0
04/03/1982,0.0
05/03/1982,0.0
06/03/1982,0.0
07/03/1982,0.0
08/03/1982,0.0
09/03/1982,4.7
10/03/1982,2.8
11/03/1982,0.0
12/03/1982,0.0
13/03/1982,0.0
14/03/1982,0.0
15/03/1982,0.0
16/03/1982,14.7
17/03/1982,7.3
18/03/1982,4.0
19/03/1982,3.0
20/03/1982,0.5
21/03/1982,0.0
22/03/1982,0.0
23/03/1982,0.0
24/03/1982,0.0
25/03/1982,0.0
26/03/1982,0.0
27/03/1982,11.7
28/03/1982,20.8
29/03/1982,7.5
30/03/1982,14.3
31/03/1982,7.2
01/04/1982,0.0
02/04/1982,0.0
03/04/1982,37.0
04/04/1982,24.2
05/04/1982,10.8
06/04/1982,39.3
07/04/1982,27.0
08/04/1982,9.3
09/04/1982,3.8
10/04/1982,0.0
11/04/1982,1.0
12/04/1982,1.8
13/04/1982,8.0
14/04/1982,3.7
15/04/1982,5.7
16/04/1982,4.8
17/04/1982,2.7
18/04/1982,2.2
19/04/1982,0.7
20/04/1982,0.0
21/04/1982,0.0
22/04/1982,0.0
23/04/1982,0.0
24/04/1982,8.0
25/04/1982,0.0
26/04/1982,0.0
27/04/1982,0.0
28/04/1982,0.0
29/04/1982,0.0
30/04/1982,0.0
01/05/1982,0.0
02/05/1982,0.0
03/05/1982,0.0
04/05/1982,0.0
05/05/1982,0.0
06/05/1982,0.0
07/05/1982,0.0
08/05/1982,0.0
09/05/1982,0.0
10/05/1982,0.0
11/05/1982,0.0
12/05/1982,0.0
13/05/1982,0.0
14/05/1982,0.0
15/05/1982,0.0
16/05/1982,0.0
17/05/1982,0.0
18/05/1982,0.0
19/05/1982,0.0
20/05/1982,0.0
21/05/1982,0.0
22/05/1982,10.3
23/05/1982,19.8
24/05/1982,7.3
25/05/1982,0.0
26/05/1982,0.0
27/05/1982,10.0
28/05/1982,0.0
29/05/1982,0.0
30/05/1982,0.0
31/05/1982,1.0
01/06/1982,0.0
02/06/1982,0.0
03/06/1982,0.0
04/06/1982,0.0
05/06/1982,0.5
06/06/1982,0.0
07/06/1982,0.0
08/06/1982,0.0
09/06/1982,0.0
10/06/1982,15.5
11/06/1982,0.5
12/06/1982,0.0
13/06/1982,0.0
14/06/1982,15.9
15/06/1982,3.1
16/06/1982,0.0
17/06/1982,0.0
18/06/1982,0.0
19/06/1982,0.0
20/06/1982,16.0
21/06/1982,0.0
22/06/1982,16.1
23/06/1982,19.9
24/06/1982,0.0
25/06/1982,0.0
26/06/1982,0.0
27/06/1982,0.0
28/06/1982,0.0
29/06/1982,0.0
30/06/1982,0.0
01/07/1982,0.0
02/07/1982,0.0
03/07/1982,31.5
04/07/1982,5.0
05/07/1982,0.0
06/07/1982,1.0
07/07/1982,0.5
08/07/1982,0.0
09/07/1982,0.0
10/07/1982,42.0
11/07/1982,48.3
12/07/1982,31.2
13/07/1982,0.0
14/07/1982,9.7
15/07/1982,25.3
16/07/1982,50.0
17/07/1982,55.7
18/07/1982,27.8
19/07/1982,16.5
20/07/1982,9.0
21/07/1982,0.5
22/07/1982,0.0
23/07/1982,0.0
24/07/1982,0.0
25/07/1982,0.5
26/07/1982,0.0
27/07/1982,0.0
28/07/1982,0.0
29/07/1982,0.0
30/07/1982,16.7
31/07/1982,8.3
01/08/1982,0.0
02/08/1982,0.0
03/08/1982,0.0
04/08/1982,8.5
05/08/1982,0.0
06/08/1982,0.0
07/08/1982,23.0
08/08/1982,11.5
09/08/1982,0.5
10/08/1982,0.0
11/08/1982,1.0
12/08/1982,5.5
13/08/1982,0.0
14/08/1982,0.0
15/08/1982,32.7
16/08/1982,16.3
17/08/1982,0.0
18/08/1982,0.0
19/08/1982,3.5
20/08/1982,0.0
21/08/1982,0.7
22/08/1982,0.3
23/08/1982,28.3
24/08/1982,22.2
25/08/1982,4.0
26/08/1982,0.0
27/08/1982,0.0
28/08/1982,30.0
29/08/1982,0.5
30/08/1982,11.5
31/08/1982,1.3
01/09/1982,2.7
02/09/1982,13.5
03/09/1982,4.5
04/09/1982,0.0
05/09/1982,0.0
06/09/1982,1.3
07/09/1982,26.0
08/09/1982,22.7
09/09/1982,5.0
10/09/1982,6.0
11/09/1982,4.0
12/09/1982,4.0
13/09/1982,0.0
14/09/1982,0.0
15/09/1982,0.0
16/09/1982,1.0
17/09/1982,0.0
18/09/1982,0.0
19/09/1982,0.0
20/09/1982,0.0
21/09/1982,0.0
22/09/1982,2.0
23/09/1982,1.0
24/09/1982,13.7
25/09/1982,6.8
26/09/1982,0.0
27/09/1982,0.0
28/09/1982,0.0
29/09/1982,1.0
30/09/1982,0.0
01/10/1982,0.0
02/10/1982,0.0
03/10/1982,0.0
04/10/1982,0.0
05/10/1982,0.0
06/10/1982,0.0
07/10/1982,0.0
08/10/1982,1.5
09/10/1982,0.0
10/10/1982,12.0
11/10/1982,2.0
12/10/1982,13.5
13/10/1982,3.0
14/10/1982,5.5
15/10/1982,3.5
16/10/1982,0.0
17/10/1982,4.5
18/10/1982,14.1
19/10/1982,2.9
20/10/1982,0.0
21/10/1982,0.0
22/10/1982,0.0
23/10/1982,0.3
24/10/1982,0.8
25/10/1982,0.3
26/10/1982,3.2
27/10/1982,9.3
28/10/1982,6.0
29/10/1982,1.0
30/10/1982,0.0
31/10/1982,7.8
01/11/1982,35.8
02/11/1982,21.8
03/11/1982,30.0
04/11/1982,0.0
05/11/1982,3.5
06/11/1982,5.0
07/11/1982,4.5
08/11/1982,0.5
09/11/1982,0.0
10/11/1982,0.0
11/11/1982,0.5
12/11/1982,2.0
13/11/1982,9.0
14/11/1982,0.0
15/11/1982,5.3
16/11/1982,2.7
17/11/1982,3.0
18/11/1982,1.5
19/11/1982,0.0
20/11/1982,1.5
21/11/1982,2.0
22/11/1982,17.3
23/11/1982,8.2
24/11/1982,4.0
25/11/1982,9.8
26/11/1982,13.2
27/11/1982,2.0
28/11/1982,0.0
29/11/1982,8.7
30/11/1982,7.3
01/12/1982,20.0
02/12/1982,11.5
03/12/1982,1.0
04/12/1982,0.0
05/12/1982,0.0
06/12/1982,19.0
07/12/1982,29.8
08/12/1982,76.5
09/12/1982,57.8
10/12/1982,12.3
11/12/1982,0.0
12/12/1982,0.0
13/12/1982,81.2
14/12/1982,130.8
15/12/1982,151.0
16/12/1982,76.5
17/12/1982,8.4
18/12/1982,0.6
19/12/1982,4.5
20/12/1982,0.0
21/12/1982,9.5
22/12/1982,9.3
23/12/1982,2.7
24/12/1982,12.3
25/12/1982,6.2
26/12/1982,0.5
27/12/1982,1.0
28/12/1982,0.5
29/12/1982,0.0
30/12/1982,0.0
31/12/1982,0.0
01/01/1983,0.0
02/01/1983,2.0
03/01/1983,1.5
04/01/1983,1.0
05/01/1983,4.5
06/01/1983,6.5
07/01/1983,0.0
08/01/1983,0.0
09/01/1983,7.5
10/01/1983,3.0
11/01/1983,0.5
12/01/1983,0.5
13/01/1983,0.0
14/01/1983,2.5
15/01/1983,1.0
16/01/1983,0.0
17/01/1983,0.0
18/01/1983,0.0
19/01/1983,0.0
20/01/1983,6.0
21/01/1983,0.0
22/01/1983,2.0
23/01/1983,1.0
24/01/1983,0.0
25/01/1983,0.0
26/01/1983,0.0
27/01/1983,0.0
28/01/1983,0.0
29/01/1983,0.0
30/01/1983,0.0
31/01/1983,0.0
01/02/1983,0.0
02/02/1983,0.0
03/02/1983,0.0
04/02/1983,0.0
05/02/1983,0.0
06/02/1983,0.0
07/02/1983,0.0
08/02/1983,0.0
09/02/1983,0.0
10/02/1983,0.0
11/02/1983,0.0
12/02/1983,0.0
13/02/1983,5.0
14/02/1983,7.0
15/02/1983,0.0
16/02/1983,0.0
17/02/1983,0.0
18/02/1983,0.0
19/02/1983,0.0
20/02/1983,0.0
21/02/1983,0.0
22/02/1983,0.0
23/02/1983,8.0
24/02/1983,0.0
25/02/1983,0.5
26/02/1983,0.0
27/02/1983,0.0
28/02/1983,0.0
01/03/1983,0.0
02/03/1983,0.0
03/03/1983,0.0
04/03/1983,0.0
05/03/1983,0.0
06/03/1983,0.0
07/03/1983,0.0
08/03/1983,0.0
09/03/1983,0.0
10/03/1983,0.0
11/03/1983,0.0
12/03/1983,0.0
13/03/1983,0.0
14/03/1983,0.0
15/03/1983,0.0
16/03/1983,0.0
17/03/1983,0.0
18/03/1983,0.0
19/03/1983,1.5
20/03/1983,0.5
21/03/1983,0.0
22/03/1983,0.0
23/03/1983,0.0
24/03/1983,0.0
25/03/1983,0.0
26/03/1983,0.0
27/03/1983,0.0
28/03/1983,0.0
29/03/1983,0.0
30/03/1983,0.0
31/03/1983,0.0
01/04/1983,0.0
02/04/1983,0.0
03/04/1983,0.0
04/04/1983,0.0
05/04/1983,0.0
06/04/1983,0.0
07/04/1983,0.0
08/04/1983,0.0
09/04/1983,0.0
10/04/1983,0.0
11/04/1983,0.0
12/04/1983,0.0
13/04/1983,0.0
14/04/1983,0.0
15/04/1983,0.0
16/04/1983,0.0
17/04/1983,0.0
18/04/1983,0.0
19/04/1983,0.0
20/04/1983,0.0
21/04/1983,0.0
22/04/1983,0.0
23/04/1983,0.0
24/04/1983,0.0
25/04/1983,0.0
26/04/1983,0.0
27/04/1983,3.0
28/04/1983,0.0
29/04/1983,0.0
30/04/1983,10.0
01/05/1983,0.0
02/05/1983,11.5
03/05/1983,12.0
04/05/1983,12.0
05/05/1983,0.0
06/05/1983,0.0
07/05/1983,0.0
08/05/1983,1.0
09/05/1983,2.0
10/05/1983,3.0
11/05/1983,0.0
12/05/1983,5.0
13/05/1983,0.0
14/05/1983,0.0
15/05/1983,0.0
16/05/1983,16.0
17/05/1983,12.0
18/05/1983,0.0
19/05/1983,0.0
20/05/1983,0.0
21/05/1983,0.0
22/05/1983,0.0
23/05/1983,10.5
24/05/1983,0.0
25/05/1983,11.0
26/05/1983,0.5
27/05/1983,3.5
28/05/1983,0.0
29/05/1983,40.0
30/05/1983,0.0
31/05/1983,0.0
01/06/1983,0.0
02/06/1983,0.0
03/06/1983,0.0
04/06/1983,0.0
05/06/1983,2.0
06/06/1983,26.0
07/06/1983,16.5
08/06/1983,0.0
09/06/1983,0.0
10/06/1983,0.0
11/06/1983,0.0
12/06/1983,9.4
13/06/1983,23.6
14/06/1983,0.0
15/06/1983,0.0
16/06/1983,0.0
17/06/1983,0.0
18/06/1983,4.0
19/06/1983,9.0
20/06/1983,0.0
21/06/1983,8.0
22/06/1983,0.0
23/06/1983,19.5
24/06/1983,0.0
25/06/1983,0.0
26/06/1983,0.0
27/06/1983,0.0
28/06/1983,0.0
29/06/1983,0.0
30/06/1983,2.0
01/07/1983,0.0
02/07/1983,0.0
03/07/1983,0.0
04/07/1983,0.0
05/07/1983,0.0
06/07/1983,0.0
07/07/1983,0.0
08/07/1983,3.0
09/07/1983,1.0
10/07/1983,10.5
11/07/1983,0.0
12/07/1983,19.0
13/07/1983,0.0
14/07/1983,0.0
15/07/1983,0.0
16/07/1983,0.0
17/07/1983,0.0
18/07/1983,0.0
19/07/1983,0.0
20/07/1983,3.5
21/07/1983,0.0
22/07/1983,0.0
23/07/1983,0.0
24/07/1983,0.0
25/07/1983,0.0
26/07/1983,0.0
27/07/1983,0.0
28/07/1983,0.0
29/07/1983,5.0
30/07/1983,0.0
31/07/1983,0.0
01/08/1983,0.0
02/08/1983,33.0
03/08/1983,1.0
04/08/1983,1.0
05/08/1983,44.0
06/08/1983,19.5
07/08/1983,5.0
08/08/1983,1.0
09/08/1983,0.0
10/08/1983,26.5
11/08/1983,6.5
12/08/1983,0.0
13/08/1983,13.0
14/08/1983,1.5
15/08/1983,0.0
16/08/1983,0.0
17/08/1983,0.0
18/08/1983,0.0
19/08/1983,0.0
20/08/1983,0.0
21/08/1983,0.0
22/08/1983,12.0
23/08/1983,0.0
24/08/1983,0.0
25/08/1983,0.0
26/08/1983,15.5
27/08/1983,0.0
28/08/1983,0.0
29/08/1983,0.0
30/08/1983,0.0
31/08/1983,0.5
01/09/1983,0.0
02/09/1983,0.0
03/09/1983,0.0
04/09/1983,0.0
05/09/1983,8.0
06/09/1983,0.5
07/09/1983,5.0
08/09/1983,6.0
09/09/1983,0.0
10/09/1983,1.5
11/09/1983,0.5
12/09/1983,0.0
13/09/1983,24.5
14/09/1983,0.5
15/09/1983,0.0
16/09/1983,27.5
17/09/1983,0.5
18/09/1983,0.0
19/09/1983,0.0
20/09/1983,11.5
21/09/1983,46.5
22/09/1983,0.5
23/09/1983,4.0
24/09/1983,0.5
25/09/1983,3.0
26/09/1983,16.5
27/09/1983,2.0
28/09/1983,5.0
29/09/1983,0.0
30/09/1983,48.5
01/10/1983,13.0
02/10/1983,0.0
03/10/1983,0.0
04/10/1983,0.0
05/10/1983,53.0
06/10/1983,0.0
07/10/1983,39.0
08/10/1983,1.6
09/10/1983,0.3
10/10/1983,0.1
11/10/1983,9.0
12/10/1983,40.0
13/10/1983,0.5
14/10/1983,0.0
15/10/1983,0.0
16/10/1983,8.0
17/10/1983,4.0
18/10/1983,0.5
19/10/1983,5.0
20/10/1983,1.5
21/10/1983,2.8
22/10/1983,0.7
23/10/1983,1.5
24/10/1983,1.0
25/10/1983,8.0
26/10/1983,0.5
27/10/1983,1.0
28/10/1983,0.0
29/10/1983,0.0
30/10/1983,0.0
31/10/1983,1.0
01/11/1983,12.5
02/11/1983,0.5
03/11/1983,0.0
04/11/1983,0.0
05/11/1983,1.5
06/11/1983,0.0
07/11/1983,6.5
08/11/1983,7.0
09/11/1983,7.0
10/11/1983,1.0
11/11/1983,0.0
12/11/1983,0.5
13/11/1983,12.5
14/11/1983,2.0
15/11/1983,58.5
16/11/1983,0.0
17/11/1983,18.0
18/11/1983,4.0
19/11/1983,0.5
20/11/1983,0.0
21/11/1983,0.0
22/11/1983,0.0
23/11/1983,0.0
24/11/1983,0.0
25/11/1983,0.0
26/11/1983,12.5
27/11/1983,63.5
28/11/1983,3.0
29/11/1983,1.5
30/11/1983,0.0
01/12/1983,56.5
02/12/1983,173.5
03/12/1983,37.5
04/12/1983,219.3
05/12/1983,139.5
06/12/1983,91.0
07/12/1983,124.2
08/12/1983,12.8
09/12/1983,37.7
10/12/1983,13.0
11/12/1983,34.7
12/12/1983,257.4
13/12/1983,67.6
14/12/1983,179.4
15/12/1983,181.0
16/12/1983,0.5
17/12/1983,1.0
18/12/1983,3.5
19/12/1983,0.0
20/12/1983,7.5
21/12/1983,0.5
22/12/1983,0.0
23/12/1983,0.0
24/12/1983,2.5
25/12/1983,0.5
26/12/1983,5.5
27/12/1983,6.5
28/12/1983,0.5
29/12/1983,0.0
30/12/1983,0.0
31/12/1983,0.0
01/01/1984,1.5
02/01/1984,0.0
03/01/1984,24.0
04/01/1984,2.5
05/01/1984,0.5
06/01/1984,4.0
07/01/1984,3.0
08/01/1984,1.5
09/01/1984,0.5
10/01/1984,1.0
11/01/1984,0.0
12/01/1984,0.0
13/01/1984,0.0
14/01/1984,0.0
15/01/1984,0.0
16/01/1984,0.0
17/01/1984,0.0
18/01/1984,0.0
19/01/1984,0.0
20/01/1984,0.0
21/01/1984,0.0
22/01/1984,0.0
23/01/1984,11.0
24/01/1984,0.0
25/01/1984,0.0
26/01/1984,0.0
27/01/1984,5.0
28/01/1984,8.5
29/01/1984,6.0
30/01/1984,19.0
31/01/1984,4.5
01/02/1984,0.5
02/02/1984,4.0
03/02/1984,1.0
04/02/1984,1.0
05/02/1984,0.5
06/02/1984,5.5
07/02/1984,1.0
08/02/1984,3.0
09/02/1984,23.0
10/02/1984,36.3
11/02/1984,6.2
12/02/1984,1.0
13/02/1984,0.0
14/02/1984,0.0
15/02/1984,9.5
16/02/1984,0.0
17/02/1984,0.0
18/02/1984,41.6
19/02/1984,66.9
20/02/1984,0.0
21/02/1984,0.0
22/02/1984,0.0
23/02/1984,0.0
24/02/1984,0.0
25/02/1984,0.0
26/02/1984,4.5
27/02/1984,45.5
28/02/1984,0.5
29/02/1984,0.0
01/03/1984,2.0
02/03/1984,0.5
03/03/1984,13.5
04/03/1984,0.5
05/03/1984,0.0
06/03/1984,0.0
07/03/1984,0.0
08/03/1984,0.0
09/03/1984,0.0
10/03/1984,0.0
11/03/1984,0.0
12/03/1984,0.0
13/03/1984,0.0
14/03/1984,0.0
15/03/1984,7.5
16/03/1984,1.0
17/03/1984,0.0
18/03/1984,0.0
19/03/1984,0.0
20/03/1984,0.0
21/03/1984,0.0
22/03/1984,31.0
23/03/1984,16.5
24/03/1984,12.5
25/03/1984,7.5
26/03/1984,1.5
27/03/1984,0.0
28/03/1984,0.0
29/03/1984,18.0
30/03/1984,0.5
31/03/1984,5.0
01/04/1984,0.0
02/04/1984,0.0
03/04/1984,0.0
04/04/1984,0.0
05/04/1984,0.0
06/04/1984,0.0
07/04/1984,0.0
08/04/1984,4.0
09/04/1984,29.0
10/04/1984,8.0
11/04/1984,0.0
12/04/1984,0.0
13/04/1984,0.0
14/04/1984,0.0
15/04/1984,0.0
16/04/1984,0.0
17/04/1984,0.0
18/04/1984,7.5
19/04/1984,4.0
20/04/1984,0.0
21/04/1984,72.5
22/04/1984,35.0
23/04/1984,6.0
24/04/1984,0.0
25/04/1984,0.0
26/04/1984,0.0
27/04/1984,0.0
28/04/1984,0.0
29/04/1984,0.0
30/04/1984,29.5
01/05/1984,0.0
02/05/1984,0.0
03/05/1984,0.0
04/05/1984,0.0
05/05/1984,0.5
06/05/1984,0.0
07/05/1984,0.0
08/05/1984,0.0
09/05/1984,0.0
10/05/1984,12.5
11/05/1984,40.0
12/05/1984,0.0
13/05/1984,9.0
14/05/1984,0.0
15/05/1984,0.0
16/05/1984,0.0
17/05/1984,0.0
18/05/1984,0.0
19/05/1984,34.5
20/05/1984,0.0
21/05/1984,4.0
22/05/1984,0.0
23/05/1984,0.0
24/05/1984,0.0
25/05/1984,0.0
26/05/1984,21.2
27/05/1984,1.3
28/05/1984,0.0
29/05/1984,0.0
30/05/1984,0.0
31/05/1984,0.0
01/06/1984,0.9
02/06/1984,0.1
03/06/1984,35.5
04/06/1984,0.0
05/06/1984,3.0
06/06/1984,0.0
07/06/1984,0.0
08/06/1984,0.0
09/06/1984,0.0
10/06/1984,3.6
11/06/1984,5.4
12/06/1984,5.4
13/06/1984,5.4
14/06/1984,5.4
15/06/1984,5.4
16/06/1984,5.4
17/06/1984,5.4
18/06/1984,29.8
19/06/1984,0.0
20/06/1984,0.0
21/06/1984,0.0
22/06/1984,0.0
23/06/1984,0.0
24/06/1984,0.0
25/06/1984,0.0
26/06/1984,0.0
27/06/1984,0.0
28/06/1984,0.0
29/06/1984,0.0
30/06/1984,0.0
01/07/1984,3.0
02/07/1984,6.5
03/07/1984,0.0
04/07/1984,0.0
05/07/1984,0.0
06/07/1984,0.0
07/07/1984,0.0
08/07/1984,0.0
09/07/1984,0.0
10/07/1984,0.0
11/07/1984,0.0
12/07/1984,0.0
13/07/1984,0.0
14/07/1984,0.0
15/07/1984,0.5
16/07/1984,0.0
17/07/1984,11.5
18/07/1984,0.0
19/07/1984,0.0
20/07/1984,0.0
21/07/1984,1.5
22/07/1984,0.0
23/07/1984,0.0
24/07/1984,0.0
25/07/1984,12.5
26/07/1984,0.5
27/07/1984,0.0
28/07/1984,26.5
29/07/1984,8.0
30/07/1984,0.0
31/07/1984,0.0
01/08/1984,13.5
02/08/1984,12.5
03/08/1984,0.0
04/08/1984,15.0
05/08/1984,11.0
06/08/1984,4.5
07/08/1984,0.0
08/08/1984,20.5
09/08/1984,0.5
10/08/1984,0.0
11/08/1984,9.5
12/08/1984,0.0
13/08/1984,0.0
14/08/1984,0.0
15/08/1984,0.0
16/08/1984,0.0
17/08/1984,0.0
18/08/1984,0.0
19/08/1984,0.0
20/08/1984,0.5
21/08/1984,0.0
22/08/1984,0.0
23/08/1984,0.0
24/08/1984,0.0
25/08/1984,31.5
26/08/1984,0.5
27/08/1984,0.0
28/08/1984,0.0
29/08/1984,0.0
30/08/1984,1.5
31/08/1984,17.0
01/09/1984,15.5
02/09/1984,0.0
03/09/1984,34.0
04/09/1984,5.5
05/09/1984,0.5
06/09/1984,5.5
07/09/1984,6.5
08/09/1984,3.5
09/09/1984,0.0
10/09/1984,13.0
11/09/1984,0.5
12/09/1984,0.5
13/09/1984,0.0
14/09/1984,0.0
15/09/1984,17.3
16/09/1984,6.2
17/09/1984,9.5
18/09/1984,0.0
19/09/1984,0.5
20/09/1984,0.0
21/09/1984,23.0
22/09/1984,0.0
23/09/1984,0.5
24/09/1984,0.0
25/09/1984,0.0
26/09/1984,58.0
27/09/1984,1.0
28/09/1984,0.0
29/09/1984,4.5
30/09/1984,0.0
01/10/1984,0.0
02/10/1984,0.0
03/10/1984,0.0
04/10/1984,0.0
05/10/1984,0.0
06/10/1984,0.0
07/10/1984,0.0
08/10/1984,0.0
09/10/1984,2.0
10/10/1984,14.5
11/10/1984,14.5
12/10/1984,0.0
13/10/1984,0.0
14/10/1984,0.0
15/10/1984,0.0
16/10/1984,0.0
17/10/1984,5.5
18/10/1984,0.0
19/10/1984,0.0
20/10/1984,1.5
21/10/1984,0.0
22/10/1984,0.0
23/10/1984,6.0
24/10/1984,5.0
25/10/1984,7.5
26/10/1984,12.5
27/10/1984,11.5
28/10/1984,3.5
29/10/1984,2.0
30/10/1984,0.0
31/10/1984,23.0
01/11/1984,0.0
02/11/1984,0.0
03/11/1984,8.0
04/11/1984,0.0
05/11/1984,2.5
06/11/1984,3.5
07/11/1984,0.5
08/11/1984,0.0
09/11/1984,0.0
10/11/1984,0.0
11/11/1984,10.5
12/11/1984,4.5
13/11/1984,8.5
14/11/1984,4.5
15/11/1984,3.5
16/11/1984,32.5
17/11/1984,7.5
18/11/1984,0.5
19/11/1984,7.0
20/11/1984,49.0
21/11/1984,1.0
22/11/1984,0.5
23/11/1984,0.5
24/11/1984,96.7
25/11/1984,119.8
26/11/1984,0.0
27/11/1984,0.0
28/11/1984,2.0
29/11/1984,21.5
30/11/1984,2.0
01/12/1984,88.7
02/12/1984,153.8
03/12/1984,1.5
04/12/1984,42.0
05/12/1984,0.0
06/12/1984,0.0
07/12/1984,13.5
08/12/1984,2.8
09/12/1984,5.2
10/12/1984,2.5
11/12/1984,0.0
12/12/1984,0.0
13/12/1984,0.0
14/12/1984,0.0
15/12/1984,0.0
16/12/1984,0.0
17/12/1984,0.0
18/12/1984,0.0
19/12/1984,0.0
20/12/1984,0.0
21/12/1984,0.0
22/12/1984,1.5
23/12/1984,106.5
24/12/1984,38.5
25/12/1984,8.5
26/12/1984,8.0
27/12/1984,9.5
28/12/1984,7.5
29/12/1984,0.0
30/12/1984,2.0
31/12/1984,0.0
01/01/1985,5.0
02/01/1985,2.0
03/01/1985,0.0
04/01/1985,0.0
05/01/1985,0.0
06/01/1985,0.0
07/01/1985,0.0
08/01/1985,0.0
09/01/1985,4.0
10/01/1985,0.0
11/01/1985,0.0
12/01/1985,0.0
13/01/1985,5.5
14/01/1985,0.0
15/01/1985,0.0
16/01/1985,0.0
17/01/1985,0.0
18/01/1985,6.0
19/01/1985,0.0
20/01/1985,0.0
21/01/1985,0.0
22/01/1985,0.0
23/01/1985,0.0
24/01/1985,0.0
25/01/1985,1.5
26/01/1985,0.0
27/01/1985,0.0
28/01/1985,0.0
29/01/1985,0.0
30/01/1985,1.0
31/01/1985,0.5
01/02/1985,4.9
02/02/1985,19.1
03/02/1985,17.0
04/02/1985,0.0
05/02/1985,0.0
06/02/1985,21.5
07/02/1985,0.0
08/02/1985,0.0
09/02/1985,0.0
10/02/1985,0.0
11/02/1985,15.5
12/02/1985,14.0
13/02/1985,0.0
14/02/1985,22.5
15/02/1985,0.0
16/02/1985,9.2
17/02/1985,44.3
18/02/1985,0.0
19/02/1985,0.0
20/02/1985,0.0
21/02/1985,0.0
22/02/1985,0.0
23/02/1985,151.0
24/02/1985,2.0
25/02/1985,10.0
26/02/1985,0.0
06/03/1985,1.0
07/03/1985,47.0
08/03/1985,51.0
09/03/1985,47.0
10/03/1985,7.5
11/03/1985,4.0
12/03/1985,4.0
13/03/1985,39.0
14/03/1985,25.5
15/03/1985,19.5
16/03/1985,1.0
17/03/1985,0.0
18/03/1985,0.0
19/03/1985,0.0
20/03/1985,0.0
21/03/1985,1.0
22/03/1985,0.0
23/03/1985,0.0
24/03/1985,9.5
25/03/1985,32.5
26/03/1985,0.0
27/03/1985,0.0
28/03/1985,0.0
29/03/1985,17.5
30/03/1985,0.0
31/03/1985,3.0
01/04/1985,2.0
02/04/1985,0.0
03/04/1985,0.0
04/04/1985,0.0
05/04/1985,3.0
06/04/1985,0.0
07/04/1985,0.0
08/04/1985,0.0
09/04/1985,25.0
10/04/1985,0.0
11/04/1985,0.0
12/04/1985,0.0
13/04/1985,0.0
14/04/1985,0.0
15/04/1985,0.0
16/04/1985,0.0
17/04/1985,7.5
18/04/1985,20.5
19/04/1985,0.0
20/04/1985,0.0
21/04/1985,3.5
22/04/1985,7.0
23/04/1985,0.5
24/04/1985,0.0
25/04/1985,1.5
26/04/1985,1.0
27/04/1985,1.0
28/04/1985,23.5
29/04/1985,0.0
30/04/1985,16.5
01/05/1985,57.0
02/05/1985,12.6
03/05/1985,4.4
04/05/1985,0.0
05/05/1985,0.0
06/05/1985,0.0
07/05/1985,0.0
08/05/1985,0.0
09/05/1985,0.0
10/05/1985,4.0
11/05/1985,0.0
12/05/1985,1.0
13/05/1985,8.5
14/05/1985,39.5
15/05/1985,0.0
16/05/1985,0.0
17/05/1985,0.0
18/05/1985,0.0
19/05/1985,0.0
20/05/1985,0.0
21/05/1985,0.0
22/05/1985,0.5
23/05/1985,0.0
24/05/1985,0.0
25/05/1985,0.0
26/05/1985,42.0
27/05/1985,0.5
28/05/1985,0.0
29/05/1985,35.0
30/05/1985,0.0
31/05/1985,0.0
01/06/1985,82.0
02/06/1985,0.0
03/06/1985,0.0
04/06/1985,0.0
05/06/1985,0.0
06/06/1985,0.0
07/06/1985,0.0
08/06/1985,1.5
09/06/1985,0.0
10/06/1985,0.0
11/06/1985,0.0
12/06/1985,0.0
13/06/1985,13.0
14/06/1985,0.0
15/06/1985,0.5
16/06/1985,0.0
17/06/1985,1.0
18/06/1985,0.0
19/06/1985,0.0
20/06/1985,0.0
21/06/1985,0.0
22/06/1985,0.0
23/06/1985,0.0
24/06/1985,0.0
25/06/1985,0.0
26/06/1985,0.0
27/06/1985,0.0
28/06/1985,0.0
29/06/1985,0.0
30/06/1985,3.5
01/07/1985,9.5
02/07/1985,0.0
03/07/1985,0.0
04/07/1985,0.0
05/07/1985,0.0
06/07/1985,0.0
07/07/1985,0.0
08/07/1985,0.5
09/07/1985,0.5
10/07/1985,0.0
11/07/1985,0.0
12/07/1985,0.0
13/07/1985,0.0
14/07/1985,38.5
15/07/1985,0.0
16/07/1985,0.0
17/07/1985,0.0
18/07/1985,0.0
19/07/1985,0.0
20/07/1985,15.5
21/07/1985,0.5
22/07/1985,21.5
23/07/1985,0.5
24/07/1985,0.0
25/07/1985,0.0
26/07/1985,0.0
27/07/1985,13.0
28/07/1985,0.0
29/07/1985,0.0
30/07/1985,0.0
31/07/1985,0.0
01/08/1985,7.5
02/08/1985,6.5
03/08/1985,0.0
04/08/1985,12.5
05/08/1985,0.0
06/08/1985,0.0
07/08/1985,1.0
08/08/1985,13.5
09/08/1985,0.0
10/08/1985,0.0
11/08/1985,0.0
12/08/1985,0.0
13/08/1985,19.8
14/08/1985,2.7
15/08/1985,0.5
16/08/1985,0.5
17/08/1985,0.0
18/08/1985,0.0
19/08/1985,0.0
20/08/1985,0.0
21/08/1985,0.0
22/08/1985,0.0
23/08/1985,0.0
24/08/1985,21.5
25/08/1985,1.5
26/08/1985,0.0
27/08/1985,0.0
28/08/1985,0.0
29/08/1985,5.0
30/08/1985,0.0
31/08/1985,4.5
01/09/1985,0.0
02/09/1985,29.6
03/09/1985,5.9
04/09/1985,2.5
05/09/1985,0.0
06/09/1985,0.0
07/09/1985,0.0
08/09/1985,43.5
09/09/1985,0.0
10/09/1985,0.0
11/09/1985,0.0
12/09/1985,15.3
13/09/1985,24.2
14/09/1985,0.0
15/09/1985,27.5
16/09/1985,6.0
17/09/1985,10.0
18/09/1985,3.5
19/09/1985,10.5
20/09/1985,16.0
21/09/1985,0.5
22/09/1985,0.0
23/09/1985,0.0
24/09/1985,0.0
25/09/1985,9.5
26/09/1985,0.0
27/09/1985,2.5
28/09/1985,15.2
29/09/1985,0.8
30/09/1985,11.0
01/10/1985,62.0
02/10/1985,86.3
03/10/1985,21.2
04/10/1985,0.0
05/10/1985,0.4
06/10/1985,14.6
07/10/1985,0.0
08/10/1985,16.5
09/10/1985,0.0
10/10/1985,30.8
11/10/1985,2.7
12/10/1985,12.0
13/10/1985,0.0
14/10/1985,0.0
15/10/1985,1.5
16/10/1985,1.5
17/10/1985,0.0
18/10/1985,6.5
19/10/1985,0.5
20/10/1985,6.5
21/10/1985,0.0
22/10/1985,1.5
23/10/1985,2.5
24/10/1985,0.0
25/10/1985,0.0
26/10/1985,0.0
27/10/1985,9.5
28/10/1985,0.0
29/10/1985,0.0
30/10/1985,0.5
31/10/1985,0.0
01/11/1985,16.2
02/11/1985,89.3
03/11/1985,26.0
04/11/1985,0.0
05/11/1985,0.0
06/11/1985,3.0
07/11/1985,3.0
08/11/1985,3.0
09/11/1985,25.0
10/11/1985,2.0
11/11/1985,2.0
12/11/1985,0.0
13/11/1985,4.8
14/11/1985,4.2
15/11/1985,11.0
16/11/1985,0.0
17/11/1985,0.0
18/11/1985,0.0
19/11/1985,0.0
20/11/1985,1.5
21/11/1985,0.5
22/11/1985,0.0
23/11/1985,0.0
24/11/1985,0.0
25/11/1985,0.0
26/11/1985,0.0
27/11/1985,1.0
28/11/1985,0.0
29/11/1985,81.0
30/11/1985,17.5
01/12/1985,198.5
02/12/1985,110.7
03/12/1985,89.3
04/12/1985,2.0
05/12/1985,0.0
06/12/1985,15.3
07/12/1985,22.7
08/12/1985,41.5
09/12/1985,0.0
10/12/1985,12.0
11/12/1985,1.5
12/12/1985,7.9
13/12/1985,41.6
14/12/1985,69.0
15/12/1985,3.5
16/12/1985,0.0
17/12/1985,0.0
18/12/1985,0.0
19/12/1985,0.0
20/12/1985,0.0
21/12/1985,71.5
22/12/1985,28.0
23/12/1985,10.5
24/12/1985,0.0
25/12/1985,0.0
26/12/1985,0.0
27/12/1985,1.5
28/12/1985,0.0
29/12/1985,0.5
30/12/1985,0.0
31/12/1985,6.3
01/01/1986,8.2
02/01/1986,5.5
03/01/1986,0.0
04/01/1986,6.5
05/01/1986,2.0
06/01/1986,0.0
07/01/1986,0.5
08/01/1986,5.5
09/01/1986,2.5
10/01/1986,2.0
11/01/1986,3.0
12/01/1986,2.5
13/01/1986,0.0
14/01/1986,0.0
15/01/1986,0.0
16/01/1986,0.0
17/01/1986,0.0
18/01/1986,0.0
19/01/1986,0.0
20/01/1986,0.0
21/01/1986,0.0
22/01/1986,0.0
23/01/1986,0.0
24/01/1986,0.0
25/01/1986,0.0
26/01/1986,0.0
27/01/1986,0.0
28/01/1986,0.0
29/01/1986,0.0
30/01/1986,0.0
31/01/1986,0.0
01/02/1986,0.0
02/02/1986,0.0
03/02/1986,0.0
04/02/1986,0.0
05/02/1986,0.0
06/02/1986,0.0
07/02/1986,0.0
08/02/1986,0.0
09/02/1986,0.5
10/02/1986,0.0
11/02/1986,0.0
12/02/1986,0.0
13/02/1986,0.0
14/02/1986,0.0
15/02/1986,0.0
16/02/1986,0.0
17/02/1986,0.0
18/02/1986,0.0
19/02/1986,0.0
20/02/1986,0.0
21/02/1986,0.0
22/02/1986,0.0
23/02/1986,0.0
24/02/1986,0.0
25/02/1986,0.0
26/02/1986,0.0
27/02/1986,0.0
28/02/1986,0.0
01/03/1986,0.0
02/03/1986,13.0
03/03/1986,2.0
04/03/1986,0.0
05/03/1986,1.0
06/03/1986,8.7
07/03/1986,1.3
08/03/1986,11.0
09/03/1986,0.0
10/03/1986,0.0
11/03/1986,1.0
12/03/1986,0.0
13/03/1986,0.0
14/03/1986,0.0
15/03/1986,0.0
16/03/1986,0.0
17/03/1986,9.0
18/03/1986,0.0
19/03/1986,0.0
20/03/1986,0.0
21/03/1986,0.0
22/03/1986,0.0
23/03/1986,0.0
24/03/1986,0.0
25/03/1986,0.0
26/03/1986,0.0
27/03/1986,0.0
28/03/1986,0.0
29/03/1986,0.0
30/03/1986,0.0
31/03/1986,0.0
01/04/1986,0.0
02/04/1986,0.0
03/04/1986,2.0
04/04/1986,0.0
05/04/1986,0.0
06/04/1986,0.0
07/04/1986,0.0
08/04/1986,0.0
09/04/1986,0.0
10/04/1986,0.0
11/04/1986,0.0
12/04/1986,0.0
13/04/1986,0.0
14/04/1986,0.0
15/04/1986,0.0
16/04/1986,11.0
17/04/1986,4.5
18/04/1986,5.0
19/04/1986,0.0
20/04/1986,0.0
21/04/1986,0.0
22/04/1986,0.0
23/04/1986,3.5
24/04/1986,0.0
25/04/1986,0.0
26/04/1986,0.0
27/04/1986,17.5
28/04/1986,0.5
29/04/1986,7.0
30/04/1986,0.0
01/05/1986,0.0
02/05/1986,0.0
03/05/1986,0.0
04/05/1986,0.0
05/05/1986,0.0
06/05/1986,35.0
07/05/1986,75.0
08/05/1986,22.5
09/05/1986,0.0
10/05/1986,0.0
11/05/1986,0.0
12/05/1986,0.0
13/05/1986,0.0
14/05/1986,0.0
15/05/1986,20.5
16/05/1986,1.5
17/05/1986,25.5
18/05/1986,59.0
19/05/1986,0.0
20/05/1986,0.0
21/05/1986,0.0
22/05/1986,8.0
23/05/1986,7.0
24/05/1986,5.5
25/05/1986,8.0
26/05/1986,0.5
27/05/1986,0.0
28/05/1986,6.0
29/05/1986,0.0
30/05/1986,0.0
31/05/1986,0.0
01/06/1986,0.0
02/06/1986,0.0
03/06/1986,1.5
04/06/1986,0.0
05/06/1986,0.0
06/06/1986,0.0
07/06/1986,0.0
08/06/1986,0.0
09/06/1986,0.0
10/06/1986,10.0
11/06/1986,0.0
12/06/1986,0.0
13/06/1986,0.0
14/06/1986,0.0
15/06/1986,9.0
16/06/1986,5.0
17/06/1986,0.0
18/06/1986,1.0
19/06/1986,0.0
20/06/1986,0.0
21/06/1986,0.0
22/06/1986,0.0
23/06/1986,0.0
24/06/1986,0.0
25/06/1986,0.0
26/06/1986,15.0
27/06/1986,0.0
28/06/1986,0.0
29/06/1986,0.0
30/06/1986,34.0
01/07/1986,0.5
02/07/1986,0.0
03/07/1986,14.0
04/07/1986,0.5
05/07/1986,0.0
06/07/1986,17.0
07/07/1986,0.0
08/07/1986,0.0
09/07/1986,44.0
10/07/1986,20.0
11/07/1986,12.0
12/07/1986,0.0
13/07/1986,0.0
14/07/1986,2.5
15/07/1986,0.0
16/07/1986,0.0
17/07/1986,0.0
18/07/1986,0.0
19/07/1986,0.0
20/07/1986,0.0
21/07/1986,0.0
22/07/1986,0.0
23/07/1986,0.0
24/07/1986,0.0
25/07/1986,0.0
26/07/1986,0.0
27/07/1986,0.0
28/07/1986,0.0
29/07/1986,0.0
30/07/1986,0.0
31/07/1986,15.0
01/08/1986,2.0
02/08/1986,1.0
03/08/1986,1.0
04/08/1986,0.0
05/08/1986,0.0
06/08/1986,23.5
07/08/1986,0.0
08/08/1986,0.0
09/08/1986,41.0
10/08/1986,6.5
11/08/1986,0.0
12/08/1986,0.0
13/08/1986,0.0
14/08/1986,26.5
15/08/1986,0.5
16/08/1986,0.0
17/08/1986,0.0
18/08/1986,0.0
19/08/1986,0.0
20/08/1986,0.0
21/08/1986,0.0
22/08/1986,0.0
23/08/1986,3.5
24/08/1986,0.0
25/08/1986,0.0
26/08/1986,0.0
27/08/1986,0.0
28/08/1986,0.0
29/08/1986,0.0
30/08/1986,0.0
31/08/1986,0.0
01/09/1986,0.0
02/09/1986,0.0
03/09/1986,0.0
04/09/1986,0.0
05/09/1986,0.0
06/09/1986,0.0
07/09/1986,1.0
08/09/1986,28.5
09/09/1986,42.0
10/09/1986,2.0
11/09/1986,8.0
12/09/1986,2.0
13/09/1986,1.2
14/09/1986,1.8
15/09/1986,1.5
16/09/1986,0.0
17/09/1986,0.0
18/09/1986,0.0
19/09/1986,19.5
20/09/1986,0.0
21/09/1986,0.0
22/09/1986,0.0
23/09/1986,3.0
24/09/1986,6.5
25/09/1986,0.0
26/09/1986,8.4
27/09/1986,0.1
28/09/1986,0.0
29/09/1986,0.5
30/09/1986,0.5
01/10/1986,0.0
02/10/1986,0.0
03/10/1986,0.0
04/10/1986,7.0
05/10/1986,1.5
06/10/1986,13.5
07/10/1986,4.0
08/10/1986,11.7
09/10/1986,14.3
10/10/1986,0.0
11/10/1986,2.5
12/10/1986,0.0
13/10/1986,0.0
14/10/1986,0.0
15/10/1986,0.0
16/10/1986,31.5
17/10/1986,0.5
18/10/1986,5.5
19/10/1986,0.0
20/10/1986,8.0
21/10/1986,12.0
22/10/1986,0.5
23/10/1986,0.0
24/10/1986,2.5
25/10/1986,4.0
26/10/1986,19.0
27/10/1986,44.5
28/10/1986,0.5
29/10/1986,2.0
30/10/1986,0.5
31/10/1986,38.0
01/11/1986,2.5
02/11/1986,1.0
03/11/1986,0.5
04/11/1986,1.0
05/11/1986,8.0
06/11/1986,3.5
07/11/1986,0.5
08/11/1986,61.0
09/11/1986,6.5
10/11/1986,0.0
11/11/1986,6.0
12/11/1986,0.0
13/11/1986,9.0
14/11/1986,0.5
15/11/1986,0.0
16/11/1986,22.5
17/11/1986,0.0
18/11/1986,3.5
19/11/1986,0.0
20/11/1986,15.0
21/11/1986,53.8
22/11/1986,95.2
23/11/1986,32.5
24/11/1986,0.0
25/11/1986,7.0
26/11/1986,7.0
27/11/1986,83.5
28/11/1986,333.0
29/11/1986,286.2
30/11/1986,106.0
01/12/1986,228.6
02/12/1986,113.4
03/12/1986,167.0
04/12/1986,15.4
05/12/1986,91.5
06/12/1986,0.0
07/12/1986,0.0
08/12/1986,2.0
09/12/1986,33.5
10/12/1986,1.5
11/12/1986,0.0
12/12/1986,4.5
13/12/1986,0.0
14/12/1986,0.0
15/12/1986,0.0
16/12/1986,0.0
17/12/1986,10.0
18/12/1986,0.0
19/12/1986,0.0
20/12/1986,0.0
21/12/1986,3.5
22/12/1986,0.0
23/12/1986,1.0
24/12/1986,0.0
25/12/1986,7.0
26/12/1986,0.0
27/12/1986,2.0
28/12/1986,0.0
29/12/1986,2.0
30/12/1986,0.0
31/12/1986,0.0
01/01/1987,0.0
02/01/1987,0.0
03/01/1987,0.0
04/01/1987,0.0
05/01/1987,3.5
06/01/1987,3.0
07/01/1987,5.0
08/01/1987,10.0
09/01/1987,2.5
10/01/1987,0.5
11/01/1987,20.2
12/01/1987,1.3
13/01/1987,1.5
14/01/1987,0.0
15/01/1987,0.0
16/01/1987,4.0
17/01/1987,0.0
18/01/1987,0.0
19/01/1987,0.0
20/01/1987,0.0
21/01/1987,8.5
22/01/1987,0.0
23/01/1987,0.0
24/01/1987,3.0
25/01/1987,10.0
26/01/1987,0.0
27/01/1987,24.5
28/01/1987,10.0
29/01/1987,3.5
30/01/1987,0.0
31/01/1987,0.0
01/02/1987,2.0
02/02/1987,0.5
03/02/1987,0.0
04/02/1987,0.5
05/02/1987,0.0
06/02/1987,0.0
07/02/1987,0.0
08/02/1987,0.0
09/02/1987,2.0
10/02/1987,0.0
11/02/1987,0.0
12/02/1987,0.0
13/02/1987,0.0
14/02/1987,2.0
15/02/1987,0.0
16/02/1987,0.0
17/02/1987,0.0
18/02/1987,0.0
19/02/1987,0.0
20/02/1987,1.0
21/02/1987,4.5
22/02/1987,0.0
23/02/1987,0.0
24/02/1987,0.5
25/02/1987,0.0
26/02/1987,0.0
27/02/1987,5.0
28/02/1987,0.0
01/03/1987,0.0
02/03/1987,0.0
03/03/1987,0.0
04/03/1987,0.0
05/03/1987,44.2
06/03/1987,5.3
07/03/1987,0.0
08/03/1987,0.0
09/03/1987,0.0
10/03/1987,0.0
11/03/1987,0.0
12/03/1987,0.0
13/03/1987,0.0
14/03/1987,0.0
15/03/1987,0.0
16/03/1987,0.0
17/03/1987,0.0
18/03/1987,0.0
19/03/1987,0.0
20/03/1987,0.0
21/03/1987,0.0
22/03/1987,0.0
23/03/1987,0.0
24/03/1987,0.0
25/03/1987,0.0
26/03/1987,0.0
27/03/1987,0.0
28/03/1987,0.0
29/03/1987,2.0
30/03/1987,31.0
31/03/1987,6.5
01/04/1987,0.0
02/04/1987,0.0
03/04/1987,0.0
04/04/1987,0.0
05/04/1987,0.0
06/04/1987,0.0
07/04/1987,2.0
08/04/1987,1.0
09/04/1987,0.0
10/04/1987,0.0
11/04/1987,0.0
12/04/1987,0.0
13/04/1987,0.0
14/04/1987,0.0
15/04/1987,0.0
16/04/1987,14.5
17/04/1987,0.0
18/04/1987,0.0
19/04/1987,0.0
20/04/1987,11.5
21/04/1987,0.0
22/04/1987,0.0
23/04/1987,0.0
24/04/1987,76.0
25/04/1987,0.0
29/04/1987,3.5
30/04/1987,3.0
01/05/1987,1.0
02/05/1987,0.0
03/05/1987,0.0
04/05/1987,0.0
05/05/1987,0.0
06/05/1987,0.0
07/05/1987,0.0
08/05/1987,0.0
09/05/1987,0.5
10/05/1987,9.5
28/05/1987,4.0
29/05/1987,0.0
30/05/1987,0.0
31/05/1987,0.0
01/06/1987,0.0
02/06/1987,0.0
03/06/1987,0.0
04/06/1987,0.5
05/06/1987,1.5
06/06/1987,0.0
07/06/1987,15.5
08/06/1987,0.0
09/06/1987,0.0
10/06/1987,0.0
11/06/1987,0.0
12/06/1987,7.5
13/06/1987,5.0
14/06/1987,0.0
15/06/1987,0.0
16/06/1987,0.0
17/06/1987,0.0
18/06/1987,0.0
19/06/1987,0.5
20/06/1987,0.0
21/06/1987,0.0
22/06/1987,0.0
23/06/1987,0.0
24/06/1987,0.0
25/06/1987,3.5
26/06/1987,0.0
27/06/1987,0.0
28/06/1987,0.0
29/06/1987,0.0
30/06/1987,0.0
01/07/1987,0.0
02/07/1987,0.0
03/07/1987,0.0
04/07/1987,0.0
05/07/1987,0.0
06/07/1987,0.0
07/07/1987,7.0
08/07/1987,0.5
09/07/1987,0.0
10/07/1987,1.5
11/07/1987,0.0
12/07/1987,0.0
13/07/1987,6.5
14/07/1987,7.2
15/07/1987,0.8
16/07/1987,32.9
17/07/1987,41.6
18/07/1987,0.5
19/07/1987,0.5
20/07/1987,0.0
21/07/1987,1.5
22/07/1987,0.0
23/07/1987,0.0
24/07/1987,0.0
25/07/1987,0.0
26/07/1987,0.0
27/07/1987,0.0
28/07/1987,0.0
29/07/1987,0.0
30/07/1987,0.0
31/07/1987,0.0
01/08/1987,4.5
02/08/1987,0.0
03/08/1987,0.0
04/08/1987,0.0
05/08/1987,0.0
06/08/1987,0.0
07/08/1987,0.0
08/08/1987,0.0
09/08/1987,0.0
10/08/1987,12.5
11/08/1987,0.0
12/08/1987,5.0
13/08/1987,3.0
14/08/1987,2.0
15/08/1987,0.5
16/08/1987,10.0
17/08/1987,0.0
18/08/1987,0.0
19/08/1987,0.0
20/08/1987,0.5
21/08/1987,0.0
22/08/1987,27.0
23/08/1987,0.5
24/08/1987,0.0
25/08/1987,0.0
26/08/1987,0.0
27/08/1987,39.5
28/08/1987,0.0
29/08/1987,0.0
30/08/1987,0.5
31/08/1987,1.0
01/09/1987,0.0
02/09/1987,0.0
03/09/1987,0.0
04/09/1987,6.5
05/09/1987,0.5
06/09/1987,23.5
07/09/1987,30.7
08/09/1987,3.8
09/09/1987,42.5
10/09/1987,41.5
11/09/1987,37.5
12/09/1987,8.0
13/09/1987,16.0
14/09/1987,27.0
15/09/1987,10.0
16/09/1987,7.0
17/09/1987,21.5
18/09/1987,0.0
19/09/1987,0.0
20/09/1987,0.0
21/09/1987,16.0
22/09/1987,5.5
23/09/1987,0.0
24/09/1987,0.0
25/09/1987,0.0
26/09/1987,10.6
27/09/1987,28.9
28/09/1987,0.0
29/09/1987,0.0
30/09/1987,2.0
01/10/1987,0.0
02/10/1987,0.0
03/10/1987,0.0
04/10/1987,0.0
05/10/1987,0.0
06/10/1987,0.0
07/10/1987,0.0
08/10/1987,0.0
09/10/1987,17.0
10/10/1987,10.5
11/10/1987,0.0
12/10/1987,0.0
13/10/1987,0.0
14/10/1987,0.5
15/10/1987,0.0
16/10/1987,18.0
17/10/1987,0.0
18/10/1987,0.0
19/10/1987,0.0
20/10/1987,3.0
21/10/1987,0.0
22/10/1987,2.0
23/10/1987,48.5
24/10/1987,0.5
25/10/1987,0.0
26/10/1987,0.0
27/10/1987,0.0
28/10/1987,5.4
29/10/1987,3.6
30/10/1987,0.0
31/10/1987,0.0
01/11/1987,27.0
02/11/1987,13.0
03/11/1987,10.5
04/11/1987,4.0
05/11/1987,17.0
06/11/1987,0.5
07/11/1987,36.0
08/11/1987,3.0
09/11/1987,14.0
10/11/1987,0.0
11/11/1987,2.0
12/11/1987,22.5
13/11/1987,66.5
14/11/1987,0.5
15/11/1987,15.0
16/11/1987,22.5
17/11/1987,7.0
25/11/1987,1.6
26/11/1987,3.4
27/11/1987,0.0
28/11/1987,0.0
29/11/1987,1.0
30/11/1987,26.0
01/12/1987,106.5
02/12/1987,23.0
03/12/1987,48.0
04/12/1987,24.0
05/12/1987,20.5
06/12/1987,205.5
07/12/1987,4.0
08/12/1987,2.5
09/12/1987,2.5
10/12/1987,54.0
11/12/1987,40.1
12/12/1987,11.9
13/12/1987,8.0
14/12/1987,1.0
15/12/1987,0.0
16/12/1987,2.0
17/12/1987,7.0
18/12/1987,0.0
19/12/1987,0.0
20/12/1987,0.0
21/12/1987,0.0
22/12/1987,7.5
23/12/1987,0.0
24/12/1987,0.0
25/12/1987,27.0
26/12/1987,44.5
27/12/1987,7.5
28/12/1987,0.0
29/12/1987,0.0
30/12/1987,0.0
31/12/1987,0.0
01/01/1988,3.0
09/01/1988,1.0
10/01/1988,0.0
11/01/1988,4.0
12/01/1988,1.0
13/01/1988,0.0
14/01/1988,0.0
15/01/1988,0.0
16/01/1988,0.0
17/01/1988,0.0
18/01/1988,0.0
19/01/1988,0.0
20/01/1988,0.0
21/01/1988,0.0
22/01/1988,0.0
23/01/1988,0.0
24/01/1988,7.0
25/01/1988,0.0
26/01/1988,41.5
27/01/1988,1.5
28/01/1988,3.6
29/01/1988,3.2
30/01/1988,0.8
31/01/1988,0.0
04/02/1988,0.3
05/02/1988,0.2
06/02/1988,3.0
07/02/1988,0.0
08/02/1988,0.0
09/02/1988,0.0
10/02/1988,3.0
11/02/1988,0.0
12/02/1988,0.0
13/02/1988,0.0
14/02/1988,0.0
15/02/1988,0.0
16/02/1988,0.0
17/02/1988,0.0
18/02/1988,3.0
19/02/1988,6.5
20/02/1988,1.5
21/02/1988,11.5
22/02/1988,34.0
23/02/1988,0.0
24/02/1988,3.5
25/02/1988,0.5
26/02/1988,0.0
27/02/1988,0.0
03/03/1988,3.5
04/03/1988,0.0
05/03/1988,2.3
06/03/1988,28.7
07/03/1988,134.9
08/03/1988,38.6
09/03/1988,0.0
10/03/1988,0.0
11/03/1988,0.0
12/03/1988,0.0
13/03/1988,8.5
19/03/1988,2.0
20/03/1988,0.0
21/03/1988,0.0
22/03/1988,6.5
23/03/1988,16.5
24/03/1988,0.0
25/03/1988,0.0
26/03/1988,0.0
27/03/1988,0.0
28/03/1988,0.0
29/03/1988,0.0
30/03/1988,0.0
31/03/1988,0.0
01/04/1988,0.0
02/04/1988,0.0
03/04/1988,0.0
04/04/1988,0.0
05/04/1988,0.0
06/04/1988,2.5
07/04/1988,0.0
08/04/1988,0.0
09/04/1988,30.0
10/04/1988,12.5
11/04/1988,0.5
12/04/1988,0.0
13/04/1988,0.0
14/04/1988,0.0
15/04/1988,0.5
16/04/1988,0.0
17/04/1988,20.5
18/04/1988,0.0
19/04/1988,0.0
20/04/1988,0.0
21/04/1988,0.0
22/04/1988,0.0
23/04/1988,0.0
24/04/1988,0.0
25/04/1988,4.5
26/04/1988,0.0
27/04/1988,0.0
28/04/1988,0.0
29/04/1988,0.0
30/04/1988,0.0
01/05/1988,8.0
02/05/1988,18.5
03/05/1988,21.0
04/05/1988,3.0
05/05/1988,0.0
06/05/1988,2.0
20/05/1988,1.5
21/05/1988,1.0
22/05/1988,4.5
23/05/1988,1.6
24/05/1988,26.9
25/05/1988,0.5
26/05/1988,0.0
27/05/1988,0.0
28/05/1988,0.0
29/05/1988,5.5
02/06/1988,6.0
03/06/1988,0.0
04/06/1988,0.0
05/06/1988,0.0
06/06/1988,0.0
07/06/1988,0.0
08/06/1988,0.0
09/06/1988,0.0
10/06/1988,0.0
11/06/1988,0.0
12/06/1988,0.0
13/06/1988,0.0
14/06/1988,16.5
15/06/1988,0.0
16/06/1988,0.0
17/06/1988,0.0
18/06/1988,0.0
19/06/1988,0.0
20/06/1988,0.0
21/06/1988,0.0
22/06/1988,3.0
23/06/1988,0.0
24/06/1988,17.5
25/06/1988,25.5
26/06/1988,0.0
27/06/1988,0.0
28/06/1988,7.5
29/06/1988,13.0
30/06/1988,0.0
01/07/1988,0.0
02/07/1988,0.0
03/07/1988,0.0
04/07/1988,0.0
05/07/1988,0.0
06/07/1988,25.5
07/07/1988,0.0
08/07/1988,0.0
09/07/1988,49.0
10/07/1988,16.5
11/07/1988,0.5
12/07/1988,0.0
13/07/1988,0.0
14/07/1988,0.0
15/07/1988,0.0
16/07/1988,0.0
17/07/1988,0.0
18/07/1988,0.0
19/07/1988,0.0
20/07/1988,0.0
21/07/1988,1.5
22/07/1988,51.5
23/07/1988,37.0
24/07/1988,73.5
25/07/1988,15.0
26/07/1988,0.5
27/07/1988,0.0
28/07/1988,0.0
29/07/1988,0.0
30/07/1988,0.0
31/07/1988,0.0
01/08/1988,0.0
02/08/1988,17.5
03/08/1988,0.0
04/08/1988,0.0
05/08/1988,0.0
06/08/1988,0.0
07/08/1988,0.0
08/08/1988,0.0
09/08/1988,30.0
10/08/1988,0.0
11/08/1988,0.0
12/08/1988,0.0
13/08/1988,0.0
14/08/1988,0.0
15/08/1988,0.0
16/08/1988,30.0
17/08/1988,3.5
18/08/1988,0.0
19/08/1988,0.0
20/08/1988,0.0
21/08/1988,26.0
22/08/1988,5.0
23/08/1988,8.5
24/08/1988,0.0
25/08/1988,1.0
26/08/1988,0.5
27/08/1988,0.5
28/08/1988,0.0
29/08/1988,0.0
30/08/1988,0.0
31/08/1988,0.0
01/09/1988,0.0
02/09/1988,0.0
03/09/1988,12.2
04/09/1988,2.3
05/09/1988,1.0
06/09/1988,10.0
07/09/1988,0.0
08/09/1988,0.0
09/09/1988,0.0
10/09/1988,7.0
11/09/1988,0.5
12/09/1988,0.0
13/09/1988,0.0
14/09/1988,0.0
15/09/1988,0.0
16/09/1988,0.0
17/09/1988,36.0
18/09/1988,9.1
19/09/1988,0.4
20/09/1988,0.0
21/09/1988,5.5
22/09/1988,0.0
23/09/1988,0.0
24/09/1988,0.0
25/09/1988,0.4
26/09/1988,0.1
27/09/1988,26.5
28/09/1988,1.0
29/09/1988,6.0
30/09/1988,11.0
01/10/1988,5.5
02/10/1988,0.0
03/10/1988,0.0
04/10/1988,0.0
05/10/1988,0.0
06/10/1988,0.0
07/10/1988,0.0
08/10/1988,23.0
09/10/1988,66.5
10/10/1988,9.0
11/10/1988,9.0
12/10/1988,0.0
13/10/1988,4.5
14/10/1988,0.0
15/10/1988,4.5
16/10/1988,0.0
17/10/1988,1.5
18/10/1988,4.0
19/10/1988,0.5
20/10/1988,2.0
21/10/1988,0.0
22/10/1988,0.0
23/10/1988,0.0
24/10/1988,0.0
25/10/1988,16.5
26/10/1988,3.5
27/10/1988,0.5
28/10/1988,5.5
29/10/1988,0.5
30/10/1988,0.0
31/10/1988,0.0
01/11/1988,13.5
02/11/1988,21.5
03/11/1988,43.8
04/11/1988,268.7
05/11/1988,100.0
06/11/1988,1.5
07/11/1988,0.0
08/11/1988,18.0
09/11/1988,0.0
10/11/1988,4.7
11/11/1988,14.8
12/11/1988,0.0
13/11/1988,48.0
14/11/1988,6.0
15/11/1988,39.5
16/11/1988,5.0
17/11/1988,15.5
18/11/1988,10.0
19/11/1988,154.5
20/11/1988,162.0
21/11/1988,22.0
22/11/1988,34.5
23/11/1988,136.5
24/11/1988,50.5
25/11/1988,0.0
26/11/1988,0.0
27/11/1988,45.0
28/11/1988,0.0
29/11/1988,62.8
30/11/1988,118.2
01/12/1988,625.5
02/12/1988,85.5
03/12/1988,2.5
04/12/1988,0.0
11/12/1988,1.5
12/12/1988,0.5
13/12/1988,0.0
14/12/1988,7.0
15/12/1988,28.5
16/12/1988,13.5
17/12/1988,28.0
18/12/1988,0.0
19/12/1988,2.5
20/12/1988,8.5
21/12/1988,0.0
22/12/1988,19.0
23/12/1988,0.0
24/12/1988,0.0
25/12/1988,0.0
26/12/1988,0.0
27/12/1988,16.5
28/12/1988,0.0
29/12/1988,0.0
30/12/1988,0.0
31/12/1988,22.7
01/01/1989,1.3
02/01/1989,5.0
03/01/1989,1.5
04/01/1989,1.0
05/01/1989,1.0
06/01/1989,2.0
07/01/1989,0.0
08/01/1989,1.5
09/01/1989,0.0
10/01/1989,18.5
11/01/1989,18.0
12/01/1989,0.5
13/01/1989,6.0
14/01/1989,5.5
15/01/1989,0.0
16/01/1989,3.0
17/01/1989,4.0
18/01/1989,0.0
19/01/1989,0.0
20/01/1989,0.0
21/01/1989,0.5
22/01/1989,9.5
23/01/1989,0.0
24/01/1989,9.0
25/01/1989,0.0
26/01/1989,0.0
27/01/1989,0.0
28/01/1989,0.0
29/01/1989,0.0
30/01/1989,0.0
31/01/1989,14.0
01/02/1989,14.5
02/02/1989,0.0
03/02/1989,0.0
04/02/1989,0.0
05/02/1989,0.0
06/02/1989,0.0
07/02/1989,0.0
08/02/1989,0.0
09/02/1989,0.0
10/02/1989,0.0
11/02/1989,0.0
12/02/1989,0.0
13/02/1989,0.0
14/02/1989,0.0
15/02/1989,0.0
16/02/1989,0.0
17/02/1989,0.0
18/02/1989,0.0
19/02/1989,0.0
20/02/1989,0.0
21/02/1989,0.0
22/02/1989,0.0
23/02/1989,5.0
24/02/1989,21.0
25/02/1989,0.0
26/02/1989,0.0
27/02/1989,0.0
28/02/1989,0.0
01/03/1989,0.0
02/03/1989,0.0
03/03/1989,0.0
04/03/1989,0.0
05/03/1989,2.0
06/03/1989,3.0
07/03/1989,0.0
08/03/1989,0.0
09/03/1989,0.0
10/03/1989,1.0
11/03/1989,3.0
12/03/1989,0.0
13/03/1989,0.0
14/03/1989,0.0
15/03/1989,0.0
16/03/1989,6.0
17/03/1989,0.0
18/03/1989,0.0
19/03/1989,0.0
20/03/1989,0.0
21/03/1989,1.0
22/03/1989,0.5
23/03/1989,0.0
24/03/1989,0.0
25/03/1989,0.0
26/03/1989,0.0
27/03/1989,0.0
28/03/1989,27.8
29/03/1989,2.2
30/03/1989,11.0
31/03/1989,0.5
01/04/1989,0.0
02/04/1989,0.0
03/04/1989,0.0
04/04/1989,0.0
05/04/1989,0.0
06/04/1989,0.0
07/04/1989,0.0
08/04/1989,0.0
09/04/1989,0.0
10/04/1989,4.5
11/04/1989,0.0
12/04/1989,0.5
13/04/1989,20.0
14/04/1989,0.0
15/04/1989,4.5
16/04/1989,0.0
17/04/1989,0.0
18/04/1989,0.0
19/04/1989,0.0
20/04/1989,0.0
21/04/1989,0.0
22/04/1989,0.0
23/04/1989,0.0
24/04/1989,0.0
25/04/1989,0.0
26/04/1989,0.0
27/04/1989,0.0
28/04/1989,0.0
29/04/1989,0.0
30/04/1989,0.0
01/05/1989,0.0
02/05/1989,0.0
03/05/1989,3.5
04/05/1989,0.0
05/05/1989,25.5
06/05/1989,0.0
07/05/1989,5.5
08/05/1989,0.0
09/05/1989,0.0
10/05/1989,0.0
11/05/1989,0.0
12/05/1989,0.0
13/05/1989,0.0
14/05/1989,1.0
15/05/1989,0.0
16/05/1989,21.5
17/05/1989,2.0
18/05/1989,1.0
19/05/1989,2.0
20/05/1989,7.5
21/05/1989,1.5
22/05/1989,9.0
23/05/1989,17.0
24/05/1989,54.8
25/05/1989,2.2
26/05/1989,9.0
27/05/1989,0.0
28/05/1989,0.0
29/05/1989,0.0
30/05/1989,8.0
31/05/1989,0.0
01/06/1989,0.0
02/06/1989,0.0
03/06/1989,0.0
04/06/1989,0.0
05/06/1989,0.0
06/06/1989,0.0
07/06/1989,0.0
08/06/1989,0.0
09/06/1989,4.5
10/06/1989,0.5
11/06/1989,0.0
12/06/1989,0.0
13/06/1989,0.0
14/06/1989,0.0
15/06/1989,0.0
16/06/1989,0.0
17/06/1989,0.0
18/06/1989,5.0
19/06/1989,0.0
20/06/1989,0.0
21/06/1989,0.0
22/06/1989,0.0
23/06/1989,34.5
24/06/1989,0.0
25/06/1989,17.0
26/06/1989,19.5
27/06/1989,0.0
28/06/1989,0.0
29/06/1989,0.0
30/06/1989,0.0
01/07/1989,0.0
02/07/1989,0.0
03/07/1989,0.0
04/07/1989,0.0
05/07/1989,0.0
06/07/1989,0.0
07/07/1989,0.0
08/07/1989,0.0
09/07/1989,0.0
10/07/1989,0.0
11/07/1989,0.0
12/07/1989,0.0
13/07/1989,7.5
14/07/1989,0.0
15/07/1989,10.2
16/07/1989,7.8
17/07/1989,0.0
18/07/1989,98.5
19/07/1989,31.5
20/07/1989,0.0
21/07/1989,0.0
22/07/1989,0.0
23/07/1989,0.0
24/07/1989,0.0
25/07/1989,0.0
26/07/1989,0.0
27/07/1989,0.0
28/07/1989,0.0
29/07/1989,0.0
30/07/1989,0.0
31/07/1989,0.0
01/08/1989,0.0
02/08/1989,21.2
03/08/1989,11.8
04/08/1989,0.0
05/08/1989,0.0
06/08/1989,0.0
07/08/1989,0.0
08/08/1989,0.0
09/08/1989,0.0
10/08/1989,0.0
11/08/1989,0.0
12/08/1989,0.0
13/08/1989,0.0
14/08/1989,0.0
15/08/1989,9.5
16/08/1989,21.5
17/08/1989,12.3
18/08/1989,44.2
19/08/1989,30.0
20/08/1989,22.0
21/08/1989,8.5
22/08/1989,0.0
23/08/1989,0.0
24/08/1989,0.2
25/08/1989,1.3
26/08/1989,0.0
27/08/1989,8.5
28/08/1989,1.0
29/08/1989,21.0
30/08/1989,0.0
31/08/1989,0.0
01/09/1989,0.0
02/09/1989,5.5
03/09/1989,3.5
04/09/1989,0.0
05/09/1989,0.0
06/09/1989,0.0
07/09/1989,0.0
08/09/1989,0.0
09/09/1989,9.0
10/09/1989,0.0
11/09/1989,0.0
12/09/1989,2.5
13/09/1989,22.5
14/09/1989,1.0
15/09/1989,0.0
16/09/1989,44.0
17/09/1989,0.0
18/09/1989,0.0
19/09/1989,0.0
20/09/1989,0.0
21/09/1989,0.0
22/09/1989,0.0
23/09/1989,51.0
24/09/1989,0.5
25/09/1989,0.0
26/09/1989,0.0
27/09/1989,0.0
28/09/1989,0.0
29/09/1989,5.0
30/09/1989,0.0
01/10/1989,6.6
02/10/1989,19.9
03/10/1989,1.0
04/10/1989,0.0
05/10/1989,1.0
06/10/1989,5.5
07/10/1989,3.2
08/10/1989,1.0
09/10/1989,0.3
10/10/1989,1.0
11/10/1989,19.5
12/10/1989,27.5
13/10/1989,55.0
14/10/1989,1.0
15/10/1989,0.0
16/10/1989,14.0
17/10/1989,0.0
18/10/1989,19.0
19/10/1989,0.5
20/10/1989,0.0
21/10/1989,14.0
22/10/1989,0.0
23/10/1989,1.5
24/10/1989,0.0
25/10/1989,0.0
26/10/1989,0.0
27/10/1989,5.5
28/10/1989,4.0
29/10/1989,14.0
30/10/1989,0.0
31/10/1989,0.0
01/11/1989,29.0
02/11/1989,42.0
03/11/1989,0.0
04/11/1989,0.0
05/11/1989,0.0
06/11/1989,0.0
07/11/1989,5.5
08/11/1989,3.2
09/11/1989,0.8
10/11/1989,0.0
11/11/1989,0.0
12/11/1989,0.0
13/11/1989,0.0
14/11/1989,3.5
15/11/1989,34.0
16/11/1989,10.5
17/11/1989,77.3
18/11/1989,86.7
19/11/1989,27.7
20/11/1989,2.5
21/11/1989,4.0
22/11/1989,7.5
23/11/1989,2.8
24/11/1989,0.0
25/11/1989,1.0
26/11/1989,0.5
27/11/1989,5.0
28/11/1989,8.5
29/11/1989,7.7
30/11/1989,13.7
01/12/1989,40.7
02/12/1989,17.5
03/12/1989,0.0
04/12/1989,0.0
05/12/1989,12.7
06/12/1989,6.3
07/12/1989,2.7
08/12/1989,3.0
09/12/1989,1.8
10/12/1989,0.5
11/12/1989,1.7
12/12/1989,0.8
13/12/1989,0.0
14/12/1989,1.0
15/12/1989,0.5
16/12/1989,0.0
17/12/1989,0.0
18/12/1989,1.0
19/12/1989,0.5
20/12/1989,1.0
21/12/1989,2.7
22/12/1989,3.3
23/12/1989,10.7
24/12/1989,12.8
25/12/1989,4.0
26/12/1989,0.0
27/12/1989,3.7
28/12/1989,1.8
29/12/1989,0.0
30/12/1989,10.3
31/12/1989,5.2
01/01/1990,0.0
02/01/1990,0.0
03/01/1990,0.0
04/01/1990,0.0
05/01/1990,50.5
06/01/1990,0.0
07/01/1990,1.0
08/01/1990,92.0
09/01/1990,2.0
10/01/1990,0.5
11/01/1990,4.0
12/01/1990,7.5
13/01/1990,6.5
14/01/1990,1.0
15/01/1990,0.0
16/01/1990,0.0
17/01/1990,0.0
18/01/1990,0.0
19/01/1990,0.0
20/01/1990,0.0
21/01/1990,4.5
22/01/1990,42.0
23/01/1990,0.3
24/01/1990,0.2
25/01/1990,0.0
26/01/1990,0.0
27/01/1990,0.0
28/01/1990,0.0
29/01/1990,0.0
30/01/1990,0.0
31/01/1990,0.0
01/02/1990,0.0
02/02/1990,0.0
03/02/1990,2.0
04/02/1990,2.0
05/02/1990,0.0
06/02/1990,2.5
07/02/1990,3.5
08/02/1990,0.0
09/02/1990,0.0
10/02/1990,0.0
11/02/1990,0.0
12/02/1990,1.3
13/02/1990,0.2
14/02/1990,0.0
15/02/1990,0.0
16/02/1990,0.0
17/02/1990,0.0
18/02/1990,0.0
19/02/1990,0.0
20/02/1990,0.0
21/02/1990,0.0
22/02/1990,0.0
23/02/1990,0.0
24/02/1990,0.0
25/02/1990,0.0
26/02/1990,0.0
27/02/1990,0.0
28/02/1990,0.0
01/03/1990,0.0
02/03/1990,0.0
03/03/1990,0.0
04/03/1990,0.0
05/03/1990,0.0
06/03/1990,0.0
07/03/1990,5.5
08/03/1990,0.0
09/03/1990,0.0
10/03/1990,0.0
11/03/1990,0.0
12/03/1990,0.0
13/03/1990,0.0
14/03/1990,0.0
15/03/1990,0.0
16/03/1990,4.5
17/03/1990,0.0
18/03/1990,0.0
19/03/1990,0.0
20/03/1990,0.0
21/03/1990,0.0
22/03/1990,0.0
23/03/1990,4.0
24/03/1990,0.0
25/03/1990,0.0
26/03/1990,0.0
27/03/1990,0.0
28/03/1990,6.5
29/03/1990,23.0
30/03/1990,2.0
31/03/1990,0.0
01/04/1990,0.0
02/04/1990,0.0
03/04/1990,0.0
04/04/1990,0.0
05/04/1990,0.0
06/04/1990,68.9
07/04/1990,23.6
08/04/1990,0.0
09/04/1990,52.5
10/04/1990,3.5
11/04/1990,12.5
12/04/1990,0.0
13/04/1990,0.0
14/04/1990,72.2
15/04/1990,13.3
16/04/1990,0.0
17/04/1990,47.5
18/04/1990,0.5
19/04/1990,0.0
20/04/1990,0.0
21/04/1990,0.0
22/04/1990,0.0
23/04/1990,0.0
24/04/1990,0.0
25/04/1990,0.0
26/04/1990,0.0
27/04/1990,0.0
28/04/1990,0.0
29/04/1990,2.5
30/04/1990,3.5
01/05/1990,0.0
02/05/1990,0.0
03/05/1990,0.0
04/05/1990,0.0
05/05/1990,0.0
06/05/1990,0.0
07/05/1990,0.0
08/05/1990,0.0
09/05/1990,0.0
10/05/1990,0.0
11/05/1990,0.0
12/05/1990,0.0
13/05/1990,0.0
14/05/1990,0.0
15/05/1990,0.0
16/05/1990,0.0
17/05/1990,12.2
18/05/1990,72.3
19/05/1990,0.0
20/05/1990,2.5
21/05/1990,0.0
22/05/1990,0.0
23/05/1990,0.0
24/05/1990,5.5
25/05/1990,0.0
26/05/1990,0.5
27/05/1990,0.0
28/05/1990,0.0
29/05/1990,0.5
30/05/1990,0.5
31/05/1990,12.0
01/06/1990,2.0
02/06/1990,0.0
03/06/1990,0.0
04/06/1990,0.0
05/06/1990,0.0
06/06/1990,0.0
07/06/1990,0.0
08/06/1990,36.5
09/06/1990,0.0
10/06/1990,3.5
11/06/1990,0.5
12/06/1990,15.0
13/06/1990,0.0
14/06/1990,3.0
15/06/1990,0.0
16/06/1990,0.0
17/06/1990,0.0
18/06/1990,0.0
19/06/1990,63.4
20/06/1990,28.1
21/06/1990,0.0
22/06/1990,0.5
23/06/1990,0.0
24/06/1990,9.7
25/06/1990,11.8
26/06/1990,38.3
27/06/1990,7.2
28/06/1990,0.0
29/06/1990,0.0
30/06/1990,0.0
01/07/1990,0.0
02/07/1990,0.0
03/07/1990,0.0
04/07/1990,0.0
05/07/1990,0.0
06/07/1990,0.0
07/07/1990,0.0
08/07/1990,0.0
09/07/1990,0.0
10/07/1990,0.0
11/07/1990,3.5
12/07/1990,13.5
13/07/1990,0.0
14/07/1990,0.0
15/07/1990,5.5
16/07/1990,0.5
17/07/1990,0.0
18/07/1990,0.0
19/07/1990,3.0
20/07/1990,1.0
21/07/1990,20.9
22/07/1990,22.1
23/07/1990,1.0
24/07/1990,14.5
25/07/1990,0.0
26/07/1990,0.0
27/07/1990,2.0
28/07/1990,0.0
29/07/1990,0.0
30/07/1990,0.0
31/07/1990,0.0
01/08/1990,0.0
02/08/1990,0.0
03/08/1990,13.5
04/08/1990,0.5
05/08/1990,47.5
06/08/1990,0.5
07/08/1990,0.0
08/08/1990,0.0
09/08/1990,0.0
10/08/1990,1.5
11/08/1990,0.5
12/08/1990,0.0
13/08/1990,15.5
14/08/1990,0.0
15/08/1990,0.0
16/08/1990,42.0
17/08/1990,8.0
18/08/1990,1.0
19/08/1990,0.0
20/08/1990,0.0
21/08/1990,0.0
22/08/1990,3.5
23/08/1990,0.5
24/08/1990,0.0
25/08/1990,0.0
26/08/1990,0.0
27/08/1990,0.0
28/08/1990,2.5
29/08/1990,0.0
30/08/1990,12.0
31/08/1990,0.0
01/09/1990,2.0
02/09/1990,0.5
03/09/1990,24.0
04/09/1990,2.0
05/09/1990,0.0
06/09/1990,0.0
07/09/1990,0.0
08/09/1990,0.0
09/09/1990,0.0
10/09/1990,2.0
11/09/1990,0.0
12/09/1990,38.0
13/09/1990,0.0
14/09/1990,0.0
15/09/1990,0.0
16/09/1990,0.0
17/09/1990,15.0
18/09/1990,16.5
19/09/1990,10.0
20/09/1990,0.0
21/09/1990,0.0
22/09/1990,3.5
23/09/1990,35.5
24/09/1990,9.5
25/09/1990,0.0
26/09/1990,1.0
27/09/1990,0.0
28/09/1990,0.0
29/09/1990,5.0
30/09/1990,17.5
01/10/1990,3.0
02/10/1990,37.0
03/10/1990,3.5
04/10/1990,34.5
05/10/1990,0.5
06/10/1990,0.0
07/10/1990,0.0
08/10/1990,0.0
09/10/1990,0.0
10/10/1990,1.0
11/10/1990,10.0
12/10/1990,3.0
13/10/1990,57.5
14/10/1990,31.0
15/10/1990,1.0
16/10/1990,0.0
17/10/1990,14.0
18/10/1990,0.0
19/10/1990,0.0
20/10/1990,0.0
21/10/1990,55.0
22/10/1990,1.5
23/10/1990,0.0
24/10/1990,3.0
25/10/1990,15.9
26/10/1990,15.1
27/10/1990,1.0
28/10/1990,1.0
29/10/1990,3.7
30/10/1990,5.8
31/10/1990,32.0
01/11/1990,0.0
02/11/1990,8.5
03/11/1990,0.0
04/11/1990,0.0
05/11/1990,10.0
06/11/1990,0.0
07/11/1990,0.0
08/11/1990,19.8
09/11/1990,69.7
10/11/1990,6.0
11/11/1990,0.0
12/11/1990,20.0
13/11/1990,5.5
14/11/1990,15.5
15/11/1990,40.5
16/11/1990,0.0
17/11/1990,32.5
18/11/1990,38.0
19/11/1990,0.0
20/11/1990,0.0
21/11/1990,3.0
22/11/1990,0.0
23/11/1990,35.0
24/11/1990,47.0
25/11/1990,88.6
26/11/1990,55.4
27/11/1990,3.7
28/11/1990,0.8
29/11/1990,0.0
30/11/1990,0.0
01/12/1990,0.0
02/12/1990,0.0
03/12/1990,0.0
04/12/1990,7.5
05/12/1990,4.3
06/12/1990,8.7
07/12/1990,15.8
08/12/1990,3.1
09/12/1990,1.7
10/12/1990,3.4
11/12/1990,45.6
12/12/1990,28.4
13/12/1990,0.0
14/12/1990,7.0
15/12/1990,1.0
16/12/1990,10.5
17/12/1990,26.0
18/12/1990,0.5
19/12/1990,0.5
20/12/1990,0.0
21/12/1990,16.0
22/12/1990,0.0
23/12/1990,2.5
24/12/1990,0.0
25/12/1990,0.0
26/12/1990,0.0
27/12/1990,2.0
28/12/1990,1.0
29/12/1990,0.0
30/12/1990,1.0
31/12/1990,0.0
01/01/1991,25.5
02/01/1991,4.0
03/01/1991,0.0
04/01/1991,1.0
05/01/1991,0.0
06/01/1991,8.0
07/01/1991,0.0
08/01/1991,0.0
09/01/1991,5.5
10/01/1991,0.5
11/01/1991,0.0
12/01/1991,0.0
13/01/1991,56.5
14/01/1991,13.0
15/01/1991,3.5
16/01/1991,0.5
17/01/1991,1.0
18/01/1991,2.0
19/01/1991,2.5
20/01/1991,4.0
21/01/1991,0.0
22/01/1991,81.5
23/01/1991,0.0
24/01/1991,43.0
25/01/1991,19.5
26/01/1991,143.1
27/01/1991,136.0
28/01/1991,23.9
29/01/1991,2.0
30/01/1991,1.0
31/01/1991,12.0
01/02/1991,0.0
02/02/1991,0.0
03/02/1991,0.0
04/02/1991,0.0
05/02/1991,0.0
06/02/1991,2.5
07/02/1991,0.0
08/02/1991,0.0
09/02/1991,0.0
10/02/1991,0.0
11/02/1991,0.0
12/02/1991,0.0
13/02/1991,0.0
14/02/1991,0.0
15/02/1991,0.0
16/02/1991,0.0
17/02/1991,0.0
18/02/1991,0.0
19/02/1991,0.0
20/02/1991,0.0
21/02/1991,0.5
22/02/1991,43.5
23/02/1991,0.0
24/02/1991,0.0
25/02/1991,0.5
26/02/1991,5.5
27/02/1991,3.5
28/02/1991,2.0
01/03/1991,0.0
02/03/1991,0.0
03/03/1991,0.0
04/03/1991,0.0
05/03/1991,0.0
06/03/1991,0.0
07/03/1991,0.0
08/03/1991,0.0
09/03/1991,0.0
10/03/1991,0.0
11/03/1991,0.0
12/03/1991,0.0
13/03/1991,0.0
14/03/1991,0.0
15/03/1991,0.0
16/03/1991,0.0
17/03/1991,0.0
18/03/1991,65.0
19/03/1991,0.0
20/03/1991,0.0
21/03/1991,0.0
22/03/1991,0.0
23/03/1991,0.0
24/03/1991,0.0
25/03/1991,0.0
26/03/1991,0.0
27/03/1991,3.0
28/03/1991,1.5
29/03/1991,0.5
30/03/1991,0.0
31/03/1991,0.0
01/04/1991,0.0
02/04/1991,14.5
03/04/1991,24.5
04/04/1991,70.0
05/04/1991,0.5
06/04/1991,0.0
07/04/1991,0.0
08/04/1991,0.0
09/04/1991,0.0
10/04/1991,0.0
11/04/1991,0.0
12/04/1991,0.0
13/04/1991,0.0
14/04/1991,0.0
15/04/1991,0.0
16/04/1991,0.0
17/04/1991,0.0
18/04/1991,0.0
19/04/1991,0.0
20/04/1991,0.0
21/04/1991,0.0
22/04/1991,1.0
23/04/1991,0.0
24/04/1991,3.0
25/04/1991,11.5
26/04/1991,0.0
27/04/1991,0.0
28/04/1991,0.0
29/04/1991,0.0
30/04/1991,0.0
01/05/1991,0.0
02/05/1991,0.0
03/05/1991,0.0
04/05/1991,0.0
05/05/1991,0.0
06/05/1991,0.0
07/05/1991,0.0
08/05/1991,0.0
09/05/1991,0.0
10/05/1991,0.0
11/05/1991,0.0
12/05/1991,0.0
13/05/1991,0.0
14/05/1991,0.0
15/05/1991,0.0
16/05/1991,0.0
17/05/1991,0.0
18/05/1991,0.0
19/05/1991,1.5
20/05/1991,7.5
21/05/1991,1.0
22/05/1991,0.0
23/05/1991,1.9
24/05/1991,9.6
25/05/1991,0.0
26/05/1991,0.0
27/05/1991,0.0
28/05/1991,12.5
29/05/1991,50.0
30/05/1991,19.5
31/05/1991,26.5
01/06/1991,0.0
02/06/1991,1.5
03/06/1991,61.1
04/06/1991,23.4
05/06/1991,14.5
06/06/1991,1.0
07/06/1991,1.0
08/06/1991,6.5
09/06/1991,0.0
10/06/1991,0.0
11/06/1991,0.0
12/06/1991,0.0
13/06/1991,0.0
14/06/1991,0.0
15/06/1991,2.5
16/06/1991,6.5
17/06/1991,0.0
18/06/1991,0.0
19/06/1991,0.0
20/06/1991,0.0
21/06/1991,0.0
22/06/1991,0.0
23/06/1991,2.5
24/06/1991,33.0
25/06/1991,0.0
26/06/1991,0.0
27/06/1991,0.0
28/06/1991,0.0
29/06/1991,0.0
30/06/1991,0.0
01/07/1991,0.0
02/07/1991,0.0
03/07/1991,3.0
04/07/1991,0.0
05/07/1991,0.0
06/07/1991,0.0
07/07/1991,4.0
08/07/1991,1.5
09/07/1991,0.0
10/07/1991,0.0
11/07/1991,0.0
12/07/1991,0.0
13/07/1991,0.0
14/07/1991,0.0
15/07/1991,0.0
16/07/1991,0.0
17/07/1991,0.0
18/07/1991,0.0
19/07/1991,40.0
22/07/1991,0.0
23/07/1991,0.0
24/07/1991,0.0
25/07/1991,0.0
26/07/1991,0.0
27/07/1991,0.0
28/07/1991,0.0
29/07/1991,0.0
30/07/1991,0.0
31/07/1991,9.5
01/08/1991,0.0
02/08/1991,1.5
03/08/1991,0.0
04/08/1991,0.0
05/08/1991,0.0
06/08/1991,11.5
07/08/1991,0.0
08/08/1991,0.0
09/08/1991,0.0
10/08/1991,0.0
11/08/1991,6.0
12/08/1991,0.0
13/08/1991,0.0
14/08/1991,0.0
15/08/1991,0.0
16/08/1991,0.0
17/08/1991,0.0
18/08/1991,0.0
19/08/1991,0.0
20/08/1991,0.0
21/08/1991,0.0
22/08/1991,0.0
23/08/1991,0.0
24/08/1991,0.0
25/08/1991,0.0
26/08/1991,0.0
27/08/1991,45.0
28/08/1991,13.5
29/08/1991,19.0
30/08/1991,3.0
31/08/1991,0.0
01/09/1991,0.0
02/09/1991,0.0
03/09/1991,0.0
04/09/1991,0.0
05/09/1991,0.0
06/09/1991,0.0
07/09/1991,0.0
08/09/1991,0.0
09/09/1991,6.0
10/09/1991,0.0
11/09/1991,3.0
12/09/1991,31.5
13/09/1991,18.0
14/09/1991,0.0
15/09/1991,26.0
16/09/1991,21.5
17/09/1991,6.5
18/09/1991,21.0
19/09/1991,28.5
20/09/1991,5.0
21/09/1991,0.0
22/09/1991,0.0
23/09/1991,0.5
24/09/1991,3.5
25/09/1991,31.5
26/09/1991,0.0
27/09/1991,29.7
28/09/1991,28.8
29/09/1991,0.0
30/09/1991,0.0
01/10/1991,0.0
02/10/1991,0.0
03/10/1991,0.0
04/10/1991,0.0
05/10/1991,23.0
06/10/1991,4.5
07/10/1991,0.0
08/10/1991,0.0
09/10/1991,0.0
10/10/1991,0.0
11/10/1991,21.8
12/10/1991,13.7
13/10/1991,9.5
14/10/1991,11.0
15/10/1991,0.0
16/10/1991,0.0
17/10/1991,0.0
18/10/1991,0.0
19/10/1991,0.0
20/10/1991,0.5
21/10/1991,0.0
22/10/1991,0.0
23/10/1991,0.0
24/10/1991,1.0
25/10/1991,29.0
26/10/1991,2.0
27/10/1991,0.0
28/10/1991,37.1
29/10/1991,6.4
30/10/1991,0.0
31/10/1991,0.0
01/11/1991,3.0
02/11/1991,11.0
03/11/1991,0.0
04/11/1991,53.5
05/11/1991,93.1
06/11/1991,65.0
07/11/1991,9.3
08/11/1991,1.5
09/11/1991,1.0
10/11/1991,25.5
11/11/1991,43.0
12/11/1991,28.5
13/11/1991,23.5
14/11/1991,0.0
15/11/1991,6.5
16/11/1991,35.0
17/11/1991,121.0
18/11/1991,37.0
19/11/1991,85.5
20/11/1991,0.0
21/11/1991,22.5
22/11/1991,18.5
23/11/1991,82.2
24/11/1991,49.8
25/11/1991,6.0
26/11/1991,1.5
27/11/1991,1.0
28/11/1991,97.5
29/11/1991,23.5
30/11/1991,0.5
01/12/1991,0.0
02/12/1991,0.0
03/12/1991,0.5
04/12/1991,0.5
05/12/1991,0.5
06/12/1991,89.3
07/12/1991,30.7
08/12/1991,6.0
09/12/1991,53.8
10/12/1991,20.7
11/12/1991,153.5
12/12/1991,160.0
13/12/1991,0.0
14/12/1991,1.0
15/12/1991,0.0
16/12/1991,19.5
17/12/1991,21.0
18/12/1991,5.5
19/12/1991,17.0
20/12/1991,4.0
21/12/1991,0.5
22/12/1991,19.5
23/12/1991,3.0
24/12/1991,7.0
25/12/1991,34.0
26/12/1991,0.0
27/12/1991,0.0
28/12/1991,0.0
29/12/1991,52.1
30/12/1991,21.9
31/12/1991,103.1
01/01/1992,6.4
02/01/1992,0.0
03/01/1992,0.0
04/01/1992,6.0
05/01/1992,88.5
06/01/1992,3.5
07/01/1992,0.5
08/01/1992,0.0
09/01/1992,0.0
10/01/1992,3.0
11/01/1992,0.0
12/01/1992,0.5
13/01/1992,3.0
14/01/1992,2.0
15/01/1992,1.0
16/01/1992,1.0
17/01/1992,1.0
18/01/1992,2.0
19/01/1992,0.5
20/01/1992,0.0
21/01/1992,0.0
22/01/1992,11.0
23/01/1992,0.0
24/01/1992,0.0
25/01/1992,0.0
26/01/1992,0.0
27/01/1992,1.1
28/01/1992,6.9
29/01/1992,0.0
30/01/1992,0.0
31/01/1992,0.0
01/02/1992,0.0
02/02/1992,0.0
03/02/1992,0.0
04/02/1992,0.0
05/02/1992,0.0
06/02/1992,0.0
07/02/1992,0.0
08/02/1992,0.0
09/02/1992,0.0
10/02/1992,0.5
11/02/1992,15.0
12/02/1992,0.0
13/02/1992,0.0
14/02/1992,0.0
15/02/1992,0.0
16/02/1992,0.5
17/02/1992,0.5
18/02/1992,0.0
19/02/1992,2.5
20/02/1992,0.5
21/02/1992,0.0
22/02/1992,15.0
23/02/1992,16.5
24/02/1992,0.0
25/02/1992,0.0
26/02/1992,0.0
27/02/1992,0.0
28/02/1992,0.0
29/02/1992,0.5
01/03/1992,0.0
02/03/1992,0.0
03/03/1992,0.0
04/03/1992,6.5
05/03/1992,77.5
06/03/1992,1.5
07/03/1992,8.5
08/03/1992,0.0
09/03/1992,0.0
10/03/1992,0.0
11/03/1992,0.0
12/03/1992,1.5
13/03/1992,0.0
14/03/1992,0.0
15/03/1992,0.0
16/03/1992,0.0
17/03/1992,0.0
18/03/1992,0.0
19/03/1992,0.0
20/03/1992,0.0
21/03/1992,0.0
22/03/1992,0.0
23/03/1992,0.0
24/03/1992,0.0
25/03/1992,0.0
26/03/1992,0.0
27/03/1992,0.0
28/03/1992,0.0
29/03/1992,0.0
30/03/1992,0.0
31/03/1992,0.0
01/04/1992,0.0
02/04/1992,0.0
03/04/1992,0.0
04/04/1992,0.0
05/04/1992,19.5
06/04/1992,0.0
07/04/1992,16.5
08/04/1992,0.0
09/04/1992,0.5
10/04/1992,0.0
11/04/1992,0.0
12/04/1992,0.0
13/04/1992,0.0
14/04/1992,0.0
15/04/1992,0.0
16/04/1992,0.0
17/04/1992,0.0
18/04/1992,0.0
19/04/1992,0.0
20/04/1992,0.0
21/04/1992,0.0
22/04/1992,0.0
23/04/1992,0.0
24/04/1992,0.0
25/04/1992,0.0
26/04/1992,3.0
27/04/1992,0.0
28/04/1992,0.0
29/04/1992,0.0
30/04/1992,0.0
01/05/1992,0.0
02/05/1992,0.0
03/05/1992,0.0
04/05/1992,0.0
05/05/1992,0.0
06/05/1992,0.0
07/05/1992,0.0
08/05/1992,0.5
09/05/1992,0.0
10/05/1992,46.5
11/05/1992,0.5
12/05/1992,0.0
13/05/1992,0.0
14/05/1992,0.0
15/05/1992,0.0
16/05/1992,19.0
17/05/1992,0.0
18/05/1992,0.5
19/05/1992,0.0
20/05/1992,0.0
21/05/1992,0.0
22/05/1992,0.0
23/05/1992,0.0
24/05/1992,0.0
25/05/1992,0.0
26/05/1992,0.0
27/05/1992,0.0
28/05/1992,0.0
29/05/1992,0.0
30/05/1992,0.0
31/05/1992,3.0
01/06/1992,0.0
02/06/1992,0.0
03/06/1992,0.0
04/06/1992,0.0
05/06/1992,0.0
06/06/1992,0.0
07/06/1992,0.0
08/06/1992,0.0
09/06/1992,0.0
10/06/1992,0.0
11/06/1992,0.0
12/06/1992,0.0
13/06/1992,13.3
14/06/1992,3.2
15/06/1992,5.5
16/06/1992,0.5
17/06/1992,2.2
18/06/1992,8.8
19/06/1992,0.0
20/06/1992,0.0
21/06/1992,0.0
22/06/1992,0.0
23/06/1992,0.0
24/06/1992,0.9
25/06/1992,1.1
26/06/1992,0.5
27/06/1992,0.5
28/06/1992,0.0
29/06/1992,0.0
30/06/1992,0.0
01/07/1992,33.0
02/07/1992,0.0
03/07/1992,0.0
04/07/1992,0.0
05/07/1992,0.0
06/07/1992,0.0
07/07/1992,0.0
08/07/1992,0.0
09/07/1992,0.0
10/07/1992,0.0
11/07/1992,0.0
12/07/1992,43.6
13/07/1992,7.9
14/07/1992,0.0
15/07/1992,0.0
16/07/1992,1.0
17/07/1992,0.0
18/07/1992,0.0
19/07/1992,0.5
20/07/1992,4.5
21/07/1992,0.5
22/07/1992,0.5
23/07/1992,0.0
24/07/1992,0.0
25/07/1992,0.0
26/07/1992,6.0
27/07/1992,15.0
28/07/1992,4.0
29/07/1992,0.0
30/07/1992,0.0
31/07/1992,0.0
01/08/1992,0.0
02/08/1992,0.0
03/08/1992,7.5
04/08/1992,0.0
05/08/1992,0.0
06/08/1992,0.0
07/08/1992,0.0
08/08/1992,12.0
09/08/1992,16.1
10/08/1992,2.9
11/08/1992,0.0
12/08/1992,0.0
13/08/1992,2.5
14/08/1992,0.0
15/08/1992,2.5
16/08/1992,5.9
17/08/1992,6.6
18/08/1992,0.0
19/08/1992,8.5
20/08/1992,0.0
21/08/1992,0.0
22/08/1992,8.5
23/08/1992,2.0
24/08/1992,5.0
25/08/1992,14.0
26/08/1992,3.0
27/08/1992,0.0
28/08/1992,9.5
29/08/1992,1.5
30/08/1992,0.0
31/08/1992,0.5
01/09/1992,20.0
02/09/1992,3.0
03/09/1992,1.0
04/09/1992,18.5
05/09/1992,0.0
06/09/1992,3.2
07/09/1992,4.8
08/09/1992,0.0
09/09/1992,0.0
10/09/1992,0.0
11/09/1992,0.0
12/09/1992,0.0
13/09/1992,0.0
14/09/1992,0.0
15/09/1992,0.0
16/09/1992,0.0
17/09/1992,0.0
18/09/1992,23.0
19/09/1992,34.0
20/09/1992,0.5
21/09/1992,13.5
22/09/1992,0.0
23/09/1992,0.0
24/09/1992,0.0
25/09/1992,0.0
26/09/1992,0.0
27/09/1992,0.0
28/09/1992,13.5
29/09/1992,0.0
30/09/1992,0.0
01/10/1992,0.0
02/10/1992,1.0
03/10/1992,0.0
04/10/1992,0.0
05/10/1992,0.0
06/10/1992,0.0
07/10/1992,0.0
08/10/1992,0.0
09/10/1992,19.0
10/10/1992,61.0
13/10/1992,0.0
14/10/1992,15.9
15/10/1992,12.6
16/10/1992,6.5
17/10/1992,0.5
18/10/1992,0.0
19/10/1992,0.0
20/10/1992,18.0
21/10/1992,1.0
22/10/1992,0.5
23/10/1992,0.5
24/10/1992,30.0
25/10/1992,3.0
26/10/1992,0.0
27/10/1992,0.5
28/10/1992,2.0
29/10/1992,9.5
30/10/1992,13.5
31/10/1992,4.5
01/11/1992,20.5
02/11/1992,0.0
03/11/1992,4.0
04/11/1992,47.4
05/11/1992,28.1
06/11/1992,9.5
07/11/1992,12.0
08/11/1992,12.8
09/11/1992,38.7
10/11/1992,2.0
11/11/1992,20.5
12/11/1992,29.6
13/11/1992,2.9
14/11/1992,0.0
15/11/1992,0.0
16/11/1992,0.5
17/11/1992,4.5
18/11/1992,44.0
19/11/1992,15.5
20/11/1992,7.1
21/11/1992,71.4
22/11/1992,73.5
23/11/1992,10.5
24/11/1992,0.0
25/11/1992,7.5
26/11/1992,3.0
27/11/1992,4.4
28/11/1992,0.1
29/11/1992,11.5
30/11/1992,3.5
01/12/1992,0.0
02/12/1992,0.0
03/12/1992,0.0
04/12/1992,9.1
05/12/1992,12.3
06/12/1992,31.1
07/12/1992,92.5
08/12/1992,31.0
09/12/1992,114.0
10/12/1992,22.5
11/12/1992,0.5
12/12/1992,0.0
13/12/1992,0.0
14/12/1992,0.0
15/12/1992,0.0
16/12/1992,0.8
17/12/1992,0.2
18/12/1992,0.0
19/12/1992,16.0
20/12/1992,11.5
21/12/1992,36.0
22/12/1992,9.5
23/12/1992,76.5
24/12/1992,77.5
25/12/1992,39.7
26/12/1992,6.3
27/12/1992,0.5
28/12/1992,0.5
29/12/1992,55.5
30/12/1992,1.0
31/12/1992,10.0
01/01/1993,1.0
02/01/1993,0.0
03/01/1993,0.0
04/01/1993,34.2
05/01/1993,3.3
06/01/1993,0.0
07/01/1993,0.0
08/01/1993,9.0
09/01/1993,0.0
10/01/1993,4.5
11/01/1993,0.5
12/01/1993,0.5
13/01/1993,5.5
14/01/1993,2.0
15/01/1993,0.0
16/01/1993,5.5
17/01/1993,0.5
18/01/1993,5.2
19/01/1993,5.8
20/01/1993,0.0
21/01/1993,5.0
22/01/1993,0.0
23/01/1993,0.0
24/01/1993,0.0
25/01/1993,0.0
26/01/1993,0.5
27/01/1993,8.0
28/01/1993,72.5
29/01/1993,47.0
30/01/1993,0.5
31/01/1993,0.0
01/02/1993,4.0
02/02/1993,1.0
03/02/1993,1.0
04/02/1993,0.0
05/02/1993,0.0
06/02/1993,0.0
07/02/1993,0.0
08/02/1993,0.0
09/02/1993,0.0
10/02/1993,1.0
11/02/1993,0.5
12/02/1993,0.0
13/02/1993,0.0
14/02/1993,0.0
15/02/1993,0.0
16/02/1993,0.0
17/02/1993,0.0
18/02/1993,0.0
19/02/1993,0.0
20/02/1993,0.0
21/02/1993,0.0
22/02/1993,0.0
23/02/1993,0.0
24/02/1993,0.0
25/02/1993,6.0
26/02/1993,15.5
27/02/1993,16.0
28/02/1993,0.0
01/03/1993,0.0
02/03/1993,7.0
03/03/1993,0.0
04/03/1993,0.0
05/03/1993,0.0
06/03/1993,0.0
07/03/1993,5.2
08/03/1993,12.8
09/03/1993,0.0
10/03/1993,61.8
11/03/1993,18.2
12/03/1993,0.0
13/03/1993,14.0
14/03/1993,34.7
15/03/1993,112.3
16/03/1993,0.0
17/03/1993,0.0
18/03/1993,0.0
19/03/1993,0.0
20/03/1993,9.0
21/03/1993,2.0
22/03/1993,0.0
23/03/1993,0.0
24/03/1993,0.0
25/03/1993,0.0
26/03/1993,0.0
27/03/1993,0.0
28/03/1993,0.0
29/03/1993,0.0
30/03/1993,0.0
31/03/1993,0.0
01/04/1993,0.0
02/04/1993,0.0
03/04/1993,0.0
04/04/1993,0.0
05/04/1993,0.0
06/04/1993,0.0
07/04/1993,0.0
08/04/1993,1.0
09/04/1993,31.5
10/04/1993,45.0
11/04/1993,0.0
12/04/1993,36.0
13/04/1993,0.5
14/04/1993,11.5
15/04/1993,0.5
16/04/1993,31.0
17/04/1993,0.0
18/04/1993,0.0
19/04/1993,0.0
20/04/1993,0.0
21/04/1993,0.0
22/04/1993,9.8
23/04/1993,40.2
24/04/1993,0.0
25/04/1993,0.0
26/04/1993,0.0
27/04/1993,0.0
28/04/1993,0.0
29/04/1993,0.0
30/04/1993,0.0
01/05/1993,0.0
02/05/1993,0.0
03/05/1993,0.0
04/05/1993,0.0
05/05/1993,0.0
06/05/1993,0.0
07/05/1993,0.0
08/05/1993,0.0
09/05/1993,0.0
10/05/1993,0.0
11/05/1993,0.0
12/05/1993,0.0
13/05/1993,0.0
14/05/1993,0.0
15/05/1993,0.0
16/05/1993,0.0
17/05/1993,52.9
18/05/1993,7.6
19/05/1993,0.5
20/05/1993,0.5
21/05/1993,0.0
22/05/1993,0.0
23/05/1993,0.0
24/05/1993,0.0
25/05/1993,0.0
26/05/1993,0.0
27/05/1993,0.0
28/05/1993,0.0
29/05/1993,0.0
30/05/1993,0.0
31/05/1993,0.0
01/06/1993,0.0
02/06/1993,13.5
03/06/1993,0.5
04/06/1993,6.0
05/06/1993,0.5
06/06/1993,0.0
07/06/1993,0.0
08/06/1993,0.0
09/06/1993,3.0
10/06/1993,0.0
11/06/1993,4.0
12/06/1993,0.0
13/06/1993,0.0
14/06/1993,0.0
15/06/1993,0.0
16/06/1993,11.0
17/06/1993,0.0
18/06/1993,13.1
19/06/1993,25.9
20/06/1993,0.0
21/06/1993,1.0
22/06/1993,0.0
23/06/1993,0.5
24/06/1993,0.0
25/06/1993,0.0
26/06/1993,0.0
27/06/1993,0.0
28/06/1993,0.0
29/06/1993,0.0
30/06/1993,12.5
01/07/1993,0.0
02/07/1993,6.5
03/07/1993,2.0
04/07/1993,0.0
05/07/1993,14.5
06/07/1993,0.0
07/07/1993,0.0
08/07/1993,1.5
09/07/1993,0.0
10/07/1993,5.5
11/07/1993,0.0
12/07/1993,0.0
13/07/1993,0.0
14/07/1993,0.0
15/07/1993,0.0
16/07/1993,0.0
17/07/1993,0.0
18/07/1993,0.0
19/07/1993,0.0
20/07/1993,0.0
21/07/1993,13.2
22/07/1993,3.3
23/07/1993,4.5
24/07/1993,6.5
25/07/1993,10.5
26/07/1993,1.5
27/07/1993,0.0
28/07/1993,0.0
29/07/1993,0.0
30/07/1993,19.5
31/07/1993,0.0
01/08/1993,0.0
02/08/1993,0.0
03/08/1993,0.0
04/08/1993,0.0
05/08/1993,12.0
06/08/1993,0.0
07/08/1993,0.6
08/08/1993,0.4
09/08/1993,8.0
10/08/1993,3.5
11/08/1993,22.0
12/08/1993,0.5
13/08/1993,0.0
14/08/1993,0.0
15/08/1993,10.0
16/08/1993,0.0
17/08/1993,0.0
18/08/1993,0.0
19/08/1993,0.0
20/08/1993,12.3
21/08/1993,19.7
22/08/1993,0.0
23/08/1993,0.0
24/08/1993,0.0
25/08/1993,0.0
26/08/1993,0.0
27/08/1993,0.0
28/08/1993,0.0
29/08/1993,1.0
30/08/1993,35.0
31/08/1993,0.0
01/09/1993,0.0
02/09/1993,0.5
03/09/1993,0.0
04/09/1993,0.5
05/09/1993,3.5
06/09/1993,0.0
07/09/1993,17.5
08/09/1993,11.0
09/09/1993,3.5
10/09/1993,0.5
11/09/1993,0.0
12/09/1993,0.0
13/09/1993,0.0
14/09/1993,0.0
15/09/1993,1.0
16/09/1993,37.0
17/09/1993,6.0
18/09/1993,0.0
19/09/1993,2.5
20/09/1993,0.0
21/09/1993,0.0
22/09/1993,0.0
23/09/1993,0.0
24/09/1993,0.0
25/09/1993,0.0
26/09/1993,0.0
27/09/1993,0.0
28/09/1993,2.9
29/09/1993,4.6
30/09/1993,0.0
01/10/1993,0.0
02/10/1993,18.5
03/10/1993,0.5
04/10/1993,27.0
05/10/1993,51.5
06/10/1993,10.5
07/10/1993,0.0
08/10/1993,0.0
09/10/1993,0.0
10/10/1993,23.0
11/10/1993,11.5
12/10/1993,2.5
13/10/1993,17.7
14/10/1993,12.8
15/10/1993,3.0
16/10/1993,1.0
17/10/1993,18.5
18/10/1993,11.0
19/10/1993,0.0
20/10/1993,0.0
21/10/1993,2.0
22/10/1993,0.0
23/10/1993,7.0
24/10/1993,3.5
25/10/1993,1.0
26/10/1993,0.0
27/10/1993,0.0
28/10/1993,0.0
29/10/1993,11.2
30/10/1993,1.8
31/10/1993,40.2
01/11/1993,16.9
02/11/1993,38.9
03/11/1993,20.4
04/11/1993,84.1
05/11/1993,0.0
06/11/1993,10.0
07/11/1993,26.1
08/11/1993,29.1
09/11/1993,12.8
10/11/1993,0.0
11/11/1993,0.0
12/11/1993,0.0
13/11/1993,1.0
14/11/1993,0.0
15/11/1993,29.0
16/11/1993,0.0
17/11/1993,0.0
18/11/1993,0.0
19/11/1993,0.0
20/11/1993,1.0
21/11/1993,2.5
22/11/1993,43.0
23/11/1993,23.1
24/11/1993,2.4
25/11/1993,4.1
26/11/1993,2.4
27/11/1993,0.0
28/11/1993,14.4
29/11/1993,15.6
30/11/1993,6.5
01/12/1993,19.0
02/12/1993,2.0
03/12/1993,6.0
04/12/1993,1.5
05/12/1993,0.0
06/12/1993,1.4
07/12/1993,58.1
08/12/1993,0.0
09/12/1993,0.0
10/12/1993,11.5
11/12/1993,184.6
12/12/1993,0.5
13/12/1993,0.0
14/12/1993,0.0
15/12/1993,0.0
16/12/1993,58.3
17/12/1993,27.2
18/12/1993,0.0
19/12/1993,5.5
20/12/1993,71.0
21/12/1993,49.0
22/12/1993,112.0
23/12/1993,1.5
24/12/1993,3.0
25/12/1993,1.0
26/12/1993,15.0
27/12/1993,2.5
28/12/1993,17.5
29/12/1993,3.5
30/12/1993,1.0
31/12/1993,0.0
01/01/1994,3.0
02/01/1994,7.7
03/01/1994,4.3
04/01/1994,24.5
05/01/1994,5.5
06/01/1994,0.0
07/01/1994,0.5
08/01/1994,0.0
09/01/1994,0.0
10/01/1994,0.0
11/01/1994,0.0
12/01/1994,0.0
13/01/1994,0.0
14/01/1994,0.0
15/01/1994,0.0
16/01/1994,0.0
17/01/1994,0.0
18/01/1994,0.0
19/01/1994,0.0
20/01/1994,0.0
21/01/1994,0.0
22/01/1994,0.0
23/01/1994,0.0
24/01/1994,0.0
25/01/1994,0.0
26/01/1994,0.0
27/01/1994,1.0
28/01/1994,1.0
29/01/1994,0.0
30/01/1994,6.5
31/01/1994,0.0
01/02/1994,0.0
02/02/1994,1.5
03/02/1994,13.5
04/02/1994,0.0
05/02/1994,0.0
06/02/1994,4.5
07/02/1994,5.5
08/02/1994,0.0
09/02/1994,0.0
10/02/1994,0.0
11/02/1994,0.0
12/02/1994,0.0
13/02/1994,0.0
14/02/1994,1.5
15/02/1994,1.0
16/02/1994,0.0
17/02/1994,0.0
18/02/1994,0.0
19/02/1994,0.0
20/02/1994,0.0
21/02/1994,0.0
22/02/1994,0.0
23/02/1994,0.0
24/02/1994,0.0
25/02/1994,0.0
26/02/1994,0.0
27/02/1994,0.0
28/02/1994,21.5
01/03/1994,0.5
02/03/1994,0.0
03/03/1994,0.0
04/03/1994,7.5
05/03/1994,14.8
06/03/1994,3.7
07/03/1994,0.0
08/03/1994,0.0
09/03/1994,0.0
10/03/1994,9.0
11/03/1994,0.0
12/03/1994,0.0
13/03/1994,0.5
14/03/1994,7.0
15/03/1994,81.5
16/03/1994,45.9
17/03/1994,204.1
18/03/1994,46.5
19/03/1994,22.0
20/03/1994,8.9
21/03/1994,34.1
22/03/1994,16.5
23/03/1994,0.0
24/03/1994,27.0
25/03/1994,17.0
26/03/1994,1.5
27/03/1994,0.0
28/03/1994,26.5
29/03/1994,3.0
30/03/1994,25.5
31/03/1994,0.0
01/04/1994,0.0
02/04/1994,0.0
03/04/1994,0.0
04/04/1994,0.0
05/04/1994,0.0
06/04/1994,0.0
07/04/1994,0.0
08/04/1994,0.0
09/04/1994,0.0
10/04/1994,0.0
11/04/1994,0.0
12/04/1994,0.0
13/04/1994,0.0
14/04/1994,0.0
15/04/1994,13.0
16/04/1994,0.0
17/04/1994,0.0
18/04/1994,0.0
19/04/1994,1.5
20/04/1994,2.5
21/04/1994,0.5
22/04/1994,0.0
23/04/1994,0.0
24/04/1994,0.0
25/04/1994,7.5
26/04/1994,0.5
27/04/1994,0.0
28/04/1994,0.0
29/04/1994,0.0
30/04/1994,0.0
01/05/1994,0.0
02/05/1994,5.5
03/05/1994,0.0
04/05/1994,0.0
05/05/1994,14.5
06/05/1994,11.5
07/05/1994,80.0
08/05/1994,23.0
09/05/1994,5.0
10/05/1994,0.0
11/05/1994,7.0
12/05/1994,0.0
13/05/1994,0.0
14/05/1994,0.0
15/05/1994,7.5
16/05/1994,0.0
17/05/1994,16.0
18/05/1994,3.0
19/05/1994,15.5
20/05/1994,0.0
21/05/1994,0.0
22/05/1994,0.0
23/05/1994,1.0
24/05/1994,0.0
25/05/1994,4.5
26/05/1994,60.5
27/05/1994,0.0
28/05/1994,0.0
29/05/1994,0.0
30/05/1994,0.0
31/05/1994,0.0
01/06/1994,0.0
02/06/1994,2.0
03/06/1994,0.0
04/06/1994,0.0
05/06/1994,0.0
06/06/1994,0.0
07/06/1994,0.0
08/06/1994,0.0
09/06/1994,14.0
10/06/1994,0.0
11/06/1994,3.0
12/06/1994,1.0
13/06/1994,36.0
14/06/1994,2.5
15/06/1994,1.0
16/06/1994,0.0
17/06/1994,0.0
18/06/1994,0.0
19/06/1994,0.0
20/06/1994,0.0
21/06/1994,25.5
22/06/1994,2.5
23/06/1994,0.5
24/06/1994,0.0
25/06/1994,0.0
26/06/1994,1.5
27/06/1994,14.5
28/06/1994,0.0
29/06/1994,10.0
30/06/1994,61.0
01/07/1994,0.5
02/07/1994,0.0
03/07/1994,0.0
04/07/1994,0.0
05/07/1994,0.0
06/07/1994,0.0
07/07/1994,8.0
08/07/1994,0.5
09/07/1994,27.0
10/07/1994,1.5
11/07/1994,0.0
12/07/1994,0.0
13/07/1994,0.0
14/07/1994,18.0
15/07/1994,0.0
16/07/1994,0.0
17/07/1994,0.0
18/07/1994,0.0
19/07/1994,0.0
20/07/1994,0.8
21/07/1994,6.7
22/07/1994,0.0
23/07/1994,11.0
24/07/1994,0.0
25/07/1994,0.0
26/07/1994,0.0
27/07/1994,0.0
28/07/1994,0.0
29/07/1994,0.0
30/07/1994,0.0
31/07/1994,0.0
01/08/1994,0.0
02/08/1994,0.0
03/08/1994,32.9
04/08/1994,15.6
05/08/1994,0.0
06/08/1994,0.0
07/08/1994,40.0
08/08/1994,0.0
09/08/1994,0.0
10/08/1994,0.0
11/08/1994,0.0
12/08/1994,0.0
13/08/1994,4.0
14/08/1994,0.0
15/08/1994,0.5
16/08/1994,8.0
17/08/1994,0.0
18/08/1994,0.0
19/08/1994,0.0
20/08/1994,0.0
21/08/1994,19.0
22/08/1994,0.0
23/08/1994,9.5
24/08/1994,26.0
25/08/1994,0.0
26/08/1994,0.0
27/08/1994,34.5
28/08/1994,0.0
29/08/1994,18.0
30/08/1994,0.0
31/08/1994,0.0
01/09/1994,0.0
02/09/1994,23.2
03/09/1994,15.3
04/09/1994,0.0
05/09/1994,8.0
06/09/1994,14.0
07/09/1994,0.0
08/09/1994,0.0
09/09/1994,0.0
10/09/1994,0.0
11/09/1994,58.1
12/09/1994,1.4
13/09/1994,0.0
14/09/1994,0.0
15/09/1994,1.5
16/09/1994,0.0
17/09/1994,42.5
18/09/1994,30.5
19/09/1994,0.0
20/09/1994,2.0
21/09/1994,0.0
22/09/1994,5.0
23/09/1994,0.0
24/09/1994,4.0
25/09/1994,3.0
26/09/1994,0.0
27/09/1994,25.5
28/09/1994,0.0
29/09/1994,0.0
30/09/1994,4.0
01/10/1994,0.0
02/10/1994,0.0
03/10/1994,0.0
04/10/1994,5.5
05/10/1994,5.0
06/10/1994,0.0
07/10/1994,0.0
08/10/1994,2.0
09/10/1994,0.0
10/10/1994,0.0
11/10/1994,0.0
12/10/1994,0.5
13/10/1994,1.5
14/10/1994,0.0
15/10/1994,0.0
16/10/1994,0.0
17/10/1994,0.0
18/10/1994,0.0
19/10/1994,0.0
20/10/1994,0.0
21/10/1994,4.5
22/10/1994,14.0
23/10/1994,0.0
24/10/1994,17.5
25/10/1994,0.0
26/10/1994,0.0
27/10/1994,1.0
28/10/1994,0.0
29/10/1994,3.0
30/10/1994,0.0
31/10/1994,0.0
01/11/1994,45.5
02/11/1994,56.6
03/11/1994,65.9
04/11/1994,0.5
05/11/1994,13.0
06/11/1994,22.5
07/11/1994,19.0
08/11/1994,8.0
09/11/1994,8.5
10/11/1994,54.0
11/11/1994,92.0
12/11/1994,0.0
13/11/1994,13.0
14/11/1994,7.5
15/11/1994,6.5
16/11/1994,28.0
17/11/1994,35.0
18/11/1994,103.6
19/11/1994,142.9
20/11/1994,32.5
21/11/1994,49.5
22/11/1994,2.0
23/11/1994,100.5
24/11/1994,12.5
25/11/1994,0.0
26/11/1994,4.0
27/11/1994,33.0
28/11/1994,4.0
29/11/1994,77.5
30/11/1994,12.5
01/12/1994,0.0
02/12/1994,3.0
03/12/1994,28.0
04/12/1994,7.0
05/12/1994,30.9
06/12/1994,124.0
07/12/1994,7.6
08/12/1994,0.0
09/12/1994,0.0
10/12/1994,0.0
11/12/1994,0.0
12/12/1994,0.0
13/12/1994,0.0
14/12/1994,0.0
15/12/1994,0.0
16/12/1994,12.0
17/12/1994,0.0
18/12/1994,0.0
19/12/1994,0.0
20/12/1994,0.0
21/12/1994,3.0
22/12/1994,10.0
23/12/1994,0.0
24/12/1994,0.0
25/12/1994,0.0
26/12/1994,0.0
27/12/1994,0.0
28/12/1994,0.0
29/12/1994,0.0
30/12/1994,0.0
31/12/1994,0.0
01/01/1995,0.0
02/01/1995,0.0
03/01/1995,0.0
04/01/1995,0.0
05/01/1995,0.0
06/01/1995,0.0
07/01/1995,0.0
08/01/1995,0.0
09/01/1995,0.0
10/01/1995,0.0
11/01/1995,8.5
12/01/1995,0.0
13/01/1995,0.0
14/01/1995,0.0
15/01/1995,0.0
16/01/1995,3.0
17/01/1995,5.5
18/01/1995,21.0
19/01/1995,4.5
20/01/1995,0.0
21/01/1995,0.0
22/01/1995,0.0
23/01/1995,0.0
24/01/1995,0.0
25/01/1995,16.0
26/01/1995,56.0
27/01/1995,0.0
28/01/1995,0.0
29/01/1995,0.0
30/01/1995,0.0
31/01/1995,0.0
01/02/1995,0.0
02/02/1995,0.0
03/02/1995,0.0
04/02/1995,0.0
05/02/1995,0.0
06/02/1995,0.0
07/02/1995,0.0
08/02/1995,0.0
09/02/1995,0.0
10/02/1995,0.0
11/02/1995,0.0
12/02/1995,0.0
13/02/1995,0.0
14/02/1995,0.0
15/02/1995,0.0
16/02/1995,0.0
17/02/1995,0.0
18/02/1995,0.0
19/02/1995,0.0
20/02/1995,0.0
21/02/1995,0.0
22/02/1995,0.0
23/02/1995,1.5
24/02/1995,1.0
25/02/1995,19.7
26/02/1995,30.3
27/02/1995,10.0
28/02/1995,0.0
01/03/1995,0.0
02/03/1995,0.0
03/03/1995,0.0
04/03/1995,0.0
05/03/1995,0.0
06/03/1995,0.0
07/03/1995,0.0
08/03/1995,0.0
09/03/1995,0.0
10/03/1995,0.0
11/03/1995,0.0
12/03/1995,0.0
13/03/1995,0.0
14/03/1995,0.0
15/03/1995,0.5
16/03/1995,0.0
17/03/1995,0.0
18/03/1995,0.0
19/03/1995,0.0
20/03/1995,7.0
21/03/1995,1.0
22/03/1995,0.0
23/03/1995,19.0
24/03/1995,4.0
25/03/1995,0.0
26/03/1995,0.0
27/03/1995,0.5
28/03/1995,0.0
29/03/1995,6.5
30/03/1995,0.5
31/03/1995,0.0
01/04/1995,0.0
02/04/1995,0.0
03/04/1995,0.0
04/04/1995,0.0
05/04/1995,3.0
06/04/1995,10.0
07/04/1995,0.0
08/04/1995,0.0
09/04/1995,0.0
10/04/1995,0.0
11/04/1995,6.5
12/04/1995,0.0
13/04/1995,0.0
14/04/1995,0.0
15/04/1995,0.0
16/04/1995,0.0
17/04/1995,0.0
18/04/1995,0.0
19/04/1995,0.0
20/04/1995,9.0
21/04/1995,0.0
22/04/1995,0.0
23/04/1995,0.0
24/04/1995,8.0
25/04/1995,1.0
26/04/1995,0.5
27/04/1995,24.5
28/04/1995,9.5
29/04/1995,8.5
30/04/1995,47.6
01/05/1995,0.4
02/05/1995,28.0
03/05/1995,0.0
04/05/1995,0.0
05/05/1995,0.0
06/05/1995,0.0
07/05/1995,21.6
08/05/1995,1.9
09/05/1995,0.0
10/05/1995,30.2
11/05/1995,13.8
12/05/1995,0.0
13/05/1995,0.0
14/05/1995,0.0
15/05/1995,0.0
16/05/1995,0.0
17/05/1995,0.0
18/05/1995,5.5
19/05/1995,0.0
20/05/1995,0.0
21/05/1995,2.5
22/05/1995,0.0
23/05/1995,21.5
24/05/1995,0.0
25/05/1995,3.0
26/05/1995,0.0
27/05/1995,51.0
28/05/1995,0.0
29/05/1995,0.0
30/05/1995,0.0
31/05/1995,0.0
01/06/1995,0.0
02/06/1995,0.0
03/06/1995,0.0
04/06/1995,0.0
05/06/1995,0.0
06/06/1995,0.0
07/06/1995,0.0
08/06/1995,0.0
09/06/1995,0.0
10/06/1995,0.0
11/06/1995,0.0
12/06/1995,0.0
13/06/1995,0.0
14/06/1995,0.5
15/06/1995,0.0
16/06/1995,1.0
17/06/1995,0.0
18/06/1995,3.0
19/06/1995,0.0
20/06/1995,0.0
21/06/1995,0.0
22/06/1995,0.0
23/06/1995,0.0
24/06/1995,14.0
25/06/1995,2.0
26/06/1995,0.0
27/06/1995,12.0
28/06/1995,0.0
29/06/1995,0.0
30/06/1995,0.0
01/07/1995,3.5
02/07/1995,3.0
03/07/1995,0.0
04/07/1995,0.0
05/07/1995,0.0
06/07/1995,8.0
07/07/1995,0.0
08/07/1995,0.0
09/07/1995,2.0
10/07/1995,0.0
11/07/1995,5.0
12/07/1995,0.0
13/07/1995,1.0
14/07/1995,0.0
15/07/1995,0.0
16/07/1995,0.0
17/07/1995,0.0
18/07/1995,4.0
19/07/1995,0.0
20/07/1995,0.0
21/07/1995,0.0
22/07/1995,4.0
23/07/1995,0.0
24/07/1995,0.0
25/07/1995,0.0
26/07/1995,0.0
27/07/1995,0.0
28/07/1995,0.0
29/07/1995,8.5
30/07/1995,0.0
31/07/1995,0.0
01/08/1995,3.5
02/08/1995,0.0
03/08/1995,0.0
04/08/1995,0.0
05/08/1995,0.0
06/08/1995,0.0
07/08/1995,0.0
08/08/1995,3.5
09/08/1995,0.0
10/08/1995,0.0
11/08/1995,0.0
12/08/1995,0.0
13/08/1995,0.0
14/08/1995,0.0
15/08/1995,0.0
16/08/1995,1.0
17/08/1995,0.0
18/08/1995,0.0
19/08/1995,8.5
20/08/1995,0.5
21/08/1995,1.0
22/08/1995,0.0
23/08/1995,0.0
24/08/1995,5.1
25/08/1995,0.9
26/08/1995,56.5
27/08/1995,0.5
28/08/1995,10.5
29/08/1995,4.0
30/08/1995,0.0
31/08/1995,0.0
01/09/1995,11.5
02/09/1995,0.5
03/09/1995,6.3
04/09/1995,44.6
05/09/1995,6.7
06/09/1995,26.3
07/09/1995,0.0
08/09/1995,1.0
09/09/1995,2.7
10/09/1995,1.8
11/09/1995,8.5
12/09/1995,3.5
13/09/1995,0.0
14/09/1995,0.0
15/09/1995,32.0
16/09/1995,0.0
17/09/1995,35.1
18/09/1995,8.9
19/09/1995,0.0
20/09/1995,0.0
21/09/1995,0.0
22/09/1995,0.0
23/09/1995,0.0
24/09/1995,0.0
25/09/1995,62.0
26/09/1995,0.0
27/09/1995,1.0
28/09/1995,10.5
29/09/1995,0.0
30/09/1995,0.0
01/10/1995,0.0
02/10/1995,32.4
03/10/1995,2.1
04/10/1995,0.0
05/10/1995,0.0
06/10/1995,0.0
07/10/1995,4.0
08/10/1995,21.7
09/10/1995,76.3
10/10/1995,6.5
11/10/1995,51.0
12/10/1995,6.5
13/10/1995,0.0
14/10/1995,0.0
15/10/1995,10.0
16/10/1995,0.5
17/10/1995,3.0
18/10/1995,0.0
19/10/1995,0.0
20/10/1995,5.9
21/10/1995,8.1
22/10/1995,0.0
23/10/1995,0.5
24/10/1995,0.0
25/10/1995,0.0
26/10/1995,0.0
27/10/1995,0.0
28/10/1995,0.0
29/10/1995,0.0
30/10/1995,2.0
31/10/1995,25.5
01/11/1995,1.1
02/11/1995,36.4
03/11/1995,1.0
04/11/1995,0.0
05/11/1995,0.0
06/11/1995,0.0
07/11/1995,3.3
08/11/1995,5.6
09/11/1995,24.1
10/11/1995,6.5
11/11/1995,5.5
12/11/1995,2.9
13/11/1995,4.1
14/11/1995,1.0
15/11/1995,16.7
16/11/1995,85.3
17/11/1995,95.0
18/11/1995,42.7
19/11/1995,41.3
20/11/1995,57.4
21/11/1995,16.6
22/11/1995,15.0
23/11/1995,16.1
24/11/1995,12.9
25/11/1995,0.0
26/11/1995,1.0
27/11/1995,0.0
28/11/1995,0.0
29/11/1995,0.0
30/11/1995,0.0
01/12/1995,0.0
02/12/1995,6.0
03/12/1995,62.0
04/12/1995,8.5
05/12/1995,24.8
06/12/1995,82.2
07/12/1995,0.5
08/12/1995,0.0
09/12/1995,0.0
10/12/1995,0.0
11/12/1995,0.0
12/12/1995,0.0
13/12/1995,0.0
14/12/1995,0.0
15/12/1995,0.0
16/12/1995,0.0
17/12/1995,0.0
18/12/1995,3.8
19/12/1995,50.9
20/12/1995,13.8
21/12/1995,26.0
22/12/1995,12.5
23/12/1995,14.0
24/12/1995,34.5
25/12/1995,47.5
26/12/1995,33.0
27/12/1995,24.5
28/12/1995,2.5
29/12/1995,18.5
30/12/1995,0.5
31/12/1995,0.0
01/01/1996,0.0
02/01/1996,0.0
03/01/1996,0.0
04/01/1996,0.0
05/01/1996,0.0
06/01/1996,0.0
07/01/1996,0.0
08/01/1996,0.0
09/01/1996,2.5
10/01/1996,4.0
11/01/1996,17.0
12/01/1996,0.0
13/01/1996,0.0
14/01/1996,0.0
15/01/1996,0.0
16/01/1996,0.0
17/01/1996,0.0
18/01/1996,0.0
19/01/1996,0.0
20/01/1996,0.0
21/01/1996,0.0
22/01/1996,0.0
23/01/1996,0.0
24/01/1996,1.0
25/01/1996,0.0
26/01/1996,0.5
27/01/1996,1.9
28/01/1996,3.1
29/01/1996,4.0
30/01/1996,11.5
31/01/1996,5.3
01/02/1996,18.7
02/02/1996,5.0
03/02/1996,0.0
04/02/1996,1.0
05/02/1996,7.0
06/02/1996,0.0
07/02/1996,2.0
08/02/1996,0.0
09/02/1996,0.0
10/02/1996,0.0
11/02/1996,20.6
12/02/1996,23.4
13/02/1996,0.0
14/02/1996,7.7
15/02/1996,0.9
16/02/1996,0.2
17/02/1996,0.2
18/02/1996,0.2
19/02/1996,0.2
20/02/1996,0.2
21/02/1996,0.5
22/02/1996,5.0
23/02/1996,0.0
24/02/1996,0.0
25/02/1996,0.0
26/02/1996,0.0
27/02/1996,0.0
28/02/1996,0.0
29/02/1996,0.0
01/03/1996,0.0
02/03/1996,0.0
03/03/1996,0.0
04/03/1996,0.0
05/03/1996,0.0
06/03/1996,0.0
07/03/1996,0.0
08/03/1996,0.0
09/03/1996,0.0
10/03/1996,0.0
11/03/1996,0.0
12/03/1996,0.0
13/03/1996,0.0
14/03/1996,0.0
15/03/1996,0.0
16/03/1996,0.0
17/03/1996,0.0
18/03/1996,0.0
19/03/1996,0.0
20/03/1996,0.0
21/03/1996,0.0
22/03/1996,0.5
23/03/1996,0.0
24/03/1996,0.5
25/03/1996,8.0
26/03/1996,1.5
27/03/1996,2.5
28/03/1996,55.5
29/03/1996,1.0
30/03/1996,0.0
31/03/1996,0.0
01/04/1996,0.0
02/04/1996,0.0
03/04/1996,0.0
04/04/1996,0.0
05/04/1996,0.5
06/04/1996,4.0
07/04/1996,0.0
08/04/1996,0.0
09/04/1996,0.0
10/04/1996,0.0
11/04/1996,0.0
12/04/1996,0.0
13/04/1996,0.0
14/04/1996,0.0
15/04/1996,0.0
16/04/1996,0.0
17/04/1996,0.0
18/04/1996,0.0
19/04/1996,0.0
20/04/1996,0.0
21/04/1996,3.0
22/04/1996,0.0
23/04/1996,48.2
24/04/1996,5.8
25/04/1996,0.0
26/04/1996,15.0
27/04/1996,0.0
28/04/1996,0.0
29/04/1996,0.0
30/04/1996,0.0
01/05/1996,0.0
02/05/1996,0.0
03/05/1996,0.0
04/05/1996,0.0
05/05/1996,0.0
06/05/1996,11.0
07/05/1996,13.0
08/05/1996,0.0
09/05/1996,0.0
10/05/1996,5.0
11/05/1996,5.2
12/05/1996,2.8
13/05/1996,1.5
14/05/1996,0.0
15/05/1996,5.5
16/05/1996,0.0
17/05/1996,0.0
18/05/1996,31.5
19/05/1996,0.0
20/05/1996,0.5
21/05/1996,0.0
22/05/1996,0.0
23/05/1996,0.0
24/05/1996,0.0
25/05/1996,0.0
26/05/1996,0.0
27/05/1996,0.0
28/05/1996,0.0
29/05/1996,0.0
30/05/1996,0.0
31/05/1996,0.0
01/06/1996,0.0
02/06/1996,0.0
03/06/1996,0.0
04/06/1996,0.0
05/06/1996,0.0
06/06/1996,0.0
07/06/1996,0.0
08/06/1996,18.5
09/06/1996,15.5
10/06/1996,2.0
11/06/1996,14.0
12/06/1996,0.0
13/06/1996,11.3
14/06/1996,2.7
15/06/1996,0.0
16/06/1996,0.0
17/06/1996,0.0
18/06/1996,0.0
19/06/1996,0.0
20/06/1996,0.0
21/06/1996,0.0
22/06/1996,0.0
23/06/1996,2.5
24/06/1996,0.5
25/06/1996,2.0
26/06/1996,1.5
27/06/1996,0.0
28/06/1996,0.0
29/06/1996,0.0
30/06/1996,0.0
01/07/1996,0.0
02/07/1996,0.0
03/07/1996,0.0
04/07/1996,0.0
05/07/1996,0.0
06/07/1996,0.0
07/07/1996,70.5
08/07/1996,4.0
09/07/1996,0.5
10/07/1996,0.0
11/07/1996,0.0
12/07/1996,22.5
13/07/1996,0.0
14/07/1996,0.0
15/07/1996,0.0
16/07/1996,0.0
17/07/1996,0.0
18/07/1996,0.0
19/07/1996,0.0
20/07/1996,0.0
21/07/1996,0.0
22/07/1996,0.0
23/07/1996,0.0
24/07/1996,0.0
25/07/1996,0.0
26/07/1996,0.0
27/07/1996,0.0
28/07/1996,0.0
29/07/1996,0.0
30/07/1996,0.0
31/07/1996,0.0
01/08/1996,0.0
02/08/1996,25.5
03/08/1996,0.0
04/08/1996,19.5
05/08/1996,0.0
06/08/1996,0.0
07/08/1996,1.5
08/08/1996,0.0
09/08/1996,0.0
10/08/1996,0.4
11/08/1996,0.1
12/08/1996,0.0
13/08/1996,1.0
14/08/1996,11.0
15/08/1996,0.0
16/08/1996,0.7
17/08/1996,0.3
18/08/1996,2.9
19/08/1996,2.1
20/08/1996,17.5
21/08/1996,0.0
22/08/1996,0.0
23/08/1996,0.0
24/08/1996,10.5
25/08/1996,0.3
26/08/1996,0.2
27/08/1996,0.0
28/08/1996,9.0
29/08/1996,0.5
30/08/1996,7.0
31/08/1996,1.0
01/09/1996,1.0
02/09/1996,6.0
03/09/1996,7.1
04/09/1996,1.9
05/09/1996,19.0
06/09/1996,0.0
07/09/1996,14.5
08/09/1996,1.5
09/09/1996,0.0
10/09/1996,16.5
11/09/1996,0.0
12/09/1996,3.0
13/09/1996,13.5
14/09/1996,0.0
15/09/1996,0.0
16/09/1996,49.2
17/09/1996,3.8
18/09/1996,0.0
19/09/1996,17.8
20/09/1996,2.7
21/09/1996,5.0
22/09/1996,15.5
23/09/1996,7.5
24/09/1996,78.0
25/09/1996,0.0
26/09/1996,36.2
27/09/1996,6.3
28/09/1996,0.0
29/09/1996,0.0
30/09/1996,14.5
01/10/1996,22.5
02/10/1996,7.3
03/10/1996,8.7
04/10/1996,1.5
05/10/1996,0.0
06/10/1996,3.9
07/10/1996,6.1
08/10/1996,0.0
09/10/1996,3.8
10/10/1996,0.7
11/10/1996,12.5
12/10/1996,0.0
13/10/1996,0.0
14/10/1996,5.0
15/10/1996,0.0
16/10/1996,0.0
17/10/1996,0.5
18/10/1996,0.5
19/10/1996,46.5
20/10/1996,13.5
21/10/1996,1.5
22/10/1996,1.5
23/10/1996,1.0
24/10/1996,12.5
25/10/1996,2.0
26/10/1996,4.5
27/10/1996,8.0
28/10/1996,0.5
29/10/1996,25.0
30/10/1996,0.0
31/10/1996,0.7
01/11/1996,1.3
02/11/1996,8.7
03/11/1996,2.3
04/11/1996,0.0
05/11/1996,0.0
06/11/1996,4.5
07/11/1996,31.5
08/11/1996,0.0
09/11/1996,2.0
10/11/1996,7.0
11/11/1996,0.5
12/11/1996,0.0
13/11/1996,0.0
14/11/1996,0.0
15/11/1996,0.0
16/11/1996,0.5
17/11/1996,0.5
18/11/1996,9.5
19/11/1996,10.3
20/11/1996,10.2
21/11/1996,1.5
22/11/1996,3.0
23/11/1996,1.5
24/11/1996,3.5
25/11/1996,3.5
26/11/1996,38.6
27/11/1996,8.9
28/11/1996,0.0
29/11/1996,0.5
30/11/1996,5.5
01/12/1996,0.0
02/12/1996,0.0
03/12/1996,15.0
04/12/1996,3.0
05/12/1996,0.5
06/12/1996,5.5
07/12/1996,9.0
08/12/1996,16.7
09/12/1996,110.8
10/12/1996,18.1
11/12/1996,33.9
12/12/1996,116.5
13/12/1996,43.7
14/12/1996,114.3
15/12/1996,26.0
16/12/1996,3.5
17/12/1996,1.0
18/12/1996,3.0
19/12/1996,4.0
20/12/1996,22.0
21/12/1996,27.4
22/12/1996,34.1
23/12/1996,0.0
24/12/1996,0.0
25/12/1996,0.0
26/12/1996,0.0
27/12/1996,1.0
28/12/1996,8.3
29/12/1996,7.7
30/12/1996,0.0
31/12/1996,0.0
01/01/1997,0.0
02/01/1997,0.0
03/01/1997,0.0
04/01/1997,0.0
05/01/1997,0.0
06/01/1997,0.0
07/01/1997,0.0
08/01/1997,0.0
09/01/1997,1.0
10/01/1997,0.0
11/01/1997,0.0
12/01/1997,0.0
13/01/1997,0.0
14/01/1997,1.0
15/01/1997,0.0
16/01/1997,0.0
17/01/1997,0.0
18/01/1997,0.0
19/01/1997,0.0
20/01/1997,0.0
21/01/1997,0.0
22/01/1997,0.0
23/01/1997,0.0
24/01/1997,0.0
25/01/1997,0.0
26/01/1997,0.0
27/01/1997,0.0
28/01/1997,0.0
29/01/1997,0.0
30/01/1997,0.0
31/01/1997,0.0
01/02/1997,0.0
02/02/1997,0.0
03/02/1997,8.0
04/02/1997,0.0
05/02/1997,0.0
06/02/1997,0.0
07/02/1997,16.3
08/02/1997,18.7
09/02/1997,13.0
10/02/1997,0.0
11/02/1997,0.0
12/02/1997,0.0
13/02/1997,2.0
14/02/1997,0.0
15/02/1997,4.0
16/02/1997,0.0
17/02/1997,0.0
18/02/1997,0.0
19/02/1997,0.0
20/02/1997,0.0
21/02/1997,2.5
22/02/1997,18.5
23/02/1997,2.0
24/02/1997,0.5
25/02/1997,4.0
26/02/1997,0.0
27/02/1997,0.0
28/02/1997,0.0
01/03/1997,0.0
02/03/1997,0.0
03/03/1997,0.0
04/03/1997,0.0
05/03/1997,0.0
06/03/1997,0.0
07/03/1997,3.0
08/03/1997,0.0
09/03/1997,0.0
10/03/1997,0.0
11/03/1997,0.0
12/03/1997,0.0
13/03/1997,0.0
14/03/1997,0.0
15/03/1997,0.0
16/03/1997,0.0
17/03/1997,0.0
18/03/1997,0.0
19/03/1997,0.0
20/03/1997,0.0
21/03/1997,0.0
22/03/1997,0.0
23/03/1997,0.0
24/03/1997,0.0
25/03/1997,0.0
26/03/1997,0.0
27/03/1997,0.0
28/03/1997,0.0
29/03/1997,0.0
30/03/1997,0.0
31/03/1997,0.5
01/04/1997,15.5
02/04/1997,38.0
03/04/1997,0.0
04/04/1997,0.5
05/04/1997,0.0
06/04/1997,0.0
07/04/1997,7.0
08/04/1997,3.0
09/04/1997,0.5
10/04/1997,0.0
11/04/1997,2.5
12/04/1997,0.5
13/04/1997,0.0
14/04/1997,5.0
15/04/1997,22.0
16/04/1997,0.0
17/04/1997,0.0
18/04/1997,0.0
19/04/1997,0.0
20/04/1997,0.0
21/04/1997,0.0
22/04/1997,0.0
23/04/1997,0.0
24/04/1997,0.0
25/04/1997,2.5
26/04/1997,1.5
27/04/1997,1.5
28/04/1997,4.1
29/04/1997,3.9
30/04/1997,0.0
01/05/1997,0.0
02/05/1997,0.0
03/05/1997,1.0
04/05/1997,0.0
05/05/1997,0.0
06/05/1997,0.0
07/05/1997,0.0
08/05/1997,0.0
09/05/1997,0.0
10/05/1997,0.0
11/05/1997,0.0
12/05/1997,0.0
13/05/1997,0.0
14/05/1997,0.0
15/05/1997,4.5
16/05/1997,3.0
17/05/1997,0.5
18/05/1997,2.0
19/05/1997,11.0
20/05/1997,7.5
21/05/1997,0.0
22/05/1997,0.0
23/05/1997,0.0
24/05/1997,0.5
25/05/1997,0.0
26/05/1997,0.0
27/05/1997,0.0
28/05/1997,0.0
29/05/1997,0.0
30/05/1997,0.0
31/05/1997,0.0
01/06/1997,0.0
02/06/1997,7.5
03/06/1997,0.0
04/06/1997,0.0
05/06/1997,0.0
06/06/1997,0.0
07/06/1997,0.0
08/06/1997,0.0
09/06/1997,0.0
10/06/1997,0.0
11/06/1997,0.0
12/06/1997,0.0
13/06/1997,0.0
14/06/1997,0.0
15/06/1997,0.0
16/06/1997,0.0
17/06/1997,0.0
18/06/1997,0.0
19/06/1997,0.0
20/06/1997,0.0
21/06/1997,0.0
22/06/1997,0.0
23/06/1997,0.0
24/06/1997,32.5
25/06/1997,0.5
26/06/1997,0.0
27/06/1997,0.0
28/06/1997,0.5
29/06/1997,0.0
30/06/1997,0.5
01/07/1997,0.0
02/07/1997,0.0
03/07/1997,10.0
04/07/1997,0.5
05/07/1997,0.0
06/07/1997,44.0
07/07/1997,0.5
08/07/1997,0.0
09/07/1997,0.0
10/07/1997,0.5
11/07/1997,0.0
12/07/1997,0.0
13/07/1997,0.0
14/07/1997,0.0
15/07/1997,0.0
16/07/1997,1.0
17/07/1997,0.0
18/07/1997,0.5
19/07/1997,0.0
20/07/1997,0.0
21/07/1997,0.0
22/07/1997,0.0
23/07/1997,0.0
24/07/1997,0.0
25/07/1997,0.0
26/07/1997,0.5
27/07/1997,0.0
28/07/1997,0.0
29/07/1997,0.0
30/07/1997,0.0
31/07/1997,0.0
01/08/1997,0.0
02/08/1997,0.0
10/08/1997,0.0
11/08/1997,1.5
12/08/1997,0.0
13/08/1997,4.0
14/08/1997,4.5
15/08/1997,0.0
16/08/1997,10.1
17/08/1997,46.9
18/08/1997,0.5
19/08/1997,3.5
20/08/1997,10.0
21/08/1997,35.0
22/08/1997,2.5
23/08/1997,9.0
24/08/1997,0.5
25/08/1997,0.0
26/08/1997,0.0
27/08/1997,0.0
28/08/1997,19.0
29/08/1997,0.0
30/08/1997,0.0
31/08/1997,0.0
01/09/1997,0.0
02/09/1997,0.0
03/09/1997,0.0
04/09/1997,0.0
05/09/1997,0.0
06/09/1997,0.0
07/09/1997,0.0
08/09/1997,0.0
09/09/1997,0.0
10/09/1997,0.0
11/09/1997,0.0
12/09/1997,0.0
13/09/1997,0.0
14/09/1997,1.0
15/09/1997,5.0
16/09/1997,0.0
17/09/1997,0.0
18/09/1997,0.0
19/09/1997,0.0
20/09/1997,20.0
21/09/1997,1.5
22/09/1997,0.0
23/09/1997,0.0
24/09/1997,0.0
25/09/1997,0.0
26/09/1997,0.0
27/09/1997,0.0
28/09/1997,0.0
29/09/1997,3.0
30/09/1997,0.0
01/10/1997,0.0
02/10/1997,0.0
03/10/1997,0.0
04/10/1997,41.0
05/10/1997,0.0
06/10/1997,1.0
07/10/1997,0.5
08/10/1997,5.5
09/10/1997,1.5
10/10/1997,0.0
11/10/1997,0.0
12/10/1997,0.0
13/10/1997,0.0
14/10/1997,2.0
15/10/1997,0.0
16/10/1997,0.0
17/10/1997,0.0
18/10/1997,0.0
19/10/1997,0.0
20/10/1997,0.0
21/10/1997,0.0
22/10/1997,0.0
23/10/1997,0.0
24/10/1997,0.0
25/10/1997,0.0
26/10/1997,22.5
27/10/1997,13.5
28/10/1997,0.0
29/10/1997,5.5
30/10/1997,19.0
31/10/1997,1.5
01/11/1997,5.0
02/11/1997,0.0
03/11/1997,26.0
04/11/1997,19.5
05/11/1997,75.0
06/11/1997,12.0
07/11/1997,0.0
08/11/1997,0.0
09/11/1997,9.5
10/11/1997,19.5
11/11/1997,9.0
12/11/1997,3.5
13/11/1997,2.5
14/11/1997,29.0
15/11/1997,20.0
16/11/1997,0.0
17/11/1997,0.0
18/11/1997,88.5
19/11/1997,38.0
20/11/1997,35.5
21/11/1997,11.0
22/11/1997,0.0
23/11/1997,4.5
24/11/1997,1.0
25/11/1997,0.0
26/11/1997,6.0
27/11/1997,0.0
28/11/1997,0.0
29/11/1997,3.5
30/11/1997,8.0
01/12/1997,8.0
02/12/1997,30.0
03/12/1997,26.0
04/12/1997,14.8
05/12/1997,37.7
06/12/1997,2.1
07/12/1997,7.4
08/12/1997,0.0
09/12/1997,1.5
10/12/1997,4.0
11/12/1997,4.0
24/12/1997,50.5
25/12/1997,0.0
26/12/1997,10.0
27/12/1997,0.0
28/12/1997,0.0
04/01/1998,0.0
05/01/1998,18.5
06/01/1998,17.0
07/01/1998,0.0
08/01/1998,0.5
09/01/1998,0.0
10/01/1998,2.5
11/01/1998,2.0
12/01/1998,0.5
13/01/1998,0.0
14/01/1998,0.5
15/01/1998,0.0
16/01/1998,0.0
17/01/1998,0.0
18/01/1998,0.0
19/01/1998,0.0
20/01/1998,1.5
21/01/1998,0.0
22/01/1998,0.0
23/01/1998,0.0
24/01/1998,12.0
25/01/1998,11.5
26/01/1998,2.0
27/01/1998,6.5
28/01/1998,2.5
29/01/1998,9.0
30/01/1998,11.5
31/01/1998,3.0
01/02/1998,1.0
02/02/1998,0.0
03/02/1998,1.0
04/02/1998,0.5
05/02/1998,0.0
06/02/1998,0.0
07/02/1998,0.0
08/02/1998,1.0
09/02/1998,0.0
10/02/1998,0.0
11/02/1998,0.0
12/02/1998,0.0
13/02/1998,0.0
14/02/1998,0.0
15/02/1998,0.0
16/02/1998,0.0
17/02/1998,0.0
18/02/1998,0.0
19/02/1998,0.0
20/02/1998,0.0
21/02/1998,0.0
22/02/1998,0.0
23/02/1998,0.0
24/02/1998,0.0
25/02/1998,0.0
26/02/1998,0.0
27/02/1998,0.0
28/02/1998,0.0
01/03/1998,7.0
02/03/1998,0.0
03/03/1998,0.5
04/03/1998,3.5
05/03/1998,0.0
06/03/1998,0.0
07/03/1998,109.0
08/03/1998,0.0
09/03/1998,0.0
10/03/1998,0.0
11/03/1998,0.0
12/03/1998,0.0
13/03/1998,0.0
14/03/1998,0.0
15/03/1998,0.0
16/03/1998,0.0
17/03/1998,0.0
18/03/1998,0.0
19/03/1998,0.0
20/03/1998,0.0
21/03/1998,0.0
22/03/1998,0.0
23/03/1998,0.0
24/03/1998,0.0
25/03/1998,0.0
26/03/1998,25.0
27/03/1998,3.0
28/03/1998,2.5
29/03/1998,1.0
30/03/1998,0.5
31/03/1998,1.0
01/04/1998,0.5
02/04/1998,0.0
03/04/1998,0.0
04/04/1998,0.5
05/04/1998,17.0
06/04/1998,0.5
07/04/1998,0.0
08/04/1998,0.0
09/04/1998,0.0
10/04/1998,0.0
11/04/1998,0.0
12/04/1998,0.0
13/04/1998,0.0
14/04/1998,0.0
15/04/1998,0.0
16/04/1998,0.0
17/04/1998,0.0
18/04/1998,0.0
19/04/1998,0.0
20/04/1998,0.0
21/04/1998,0.0
22/04/1998,0.0
23/04/1998,0.0
24/04/1998,0.0
25/04/1998,0.0
26/04/1998,0.0
27/04/1998,0.0
28/04/1998,0.0
29/04/1998,0.0
30/04/1998,0.0
01/05/1998,0.0
02/05/1998,0.0
03/05/1998,0.0
04/05/1998,0.0
05/05/1998,0.5
06/05/1998,7.5
07/05/1998,3.5
08/05/1998,0.0
09/05/1998,0.0
10/05/1998,10.5
11/05/1998,0.0
12/05/1998,9.5
13/05/1998,14.5
14/05/1998,14.5
15/05/1998,0.0
16/05/1998,0.0
17/05/1998,3.0
18/05/1998,0.0
19/05/1998,0.0
20/05/1998,0.0
21/05/1998,0.0
22/05/1998,0.0
23/05/1998,0.0
24/05/1998,29.5
25/05/1998,0.5
26/05/1998,0.5
27/05/1998,0.0
28/05/1998,4.5
29/05/1998,0.0
07/06/1998,15.1
08/06/1998,0.0
09/06/1998,14.7
10/06/1998,0.0
11/06/1998,0.0
12/06/1998,0.0
13/06/1998,0.0
14/06/1998,1.8
15/06/1998,0.0
16/06/1998,2.9
17/06/1998,3.3
18/06/1998,2.8
19/06/1998,11.7
20/06/1998,0.0
21/06/1998,9.0
22/06/1998,0.0
23/06/1998,17.0
24/06/1998,0.0
25/06/1998,34.4
26/06/1998,11.4
27/06/1998,33.0
28/06/1998,4.9
29/06/1998,12.6
30/06/1998,0.0
01/07/1998,0.4
02/07/1998,0.0
03/07/1998,0.0
04/07/1998,0.0
05/07/1998,0.0
06/07/1998,2.4
07/07/1998,0.0
08/07/1998,0.0
09/07/1998,1.5
10/07/1998,0.0
11/07/1998,0.0
12/07/1998,0.0
13/07/1998,0.0
14/07/1998,0.0
15/07/1998,0.0
16/07/1998,0.0
17/07/1998,0.0
18/07/1998,0.0
19/07/1998,0.0
20/07/1998,0.0
21/07/1998,0.0
22/07/1998,0.0
23/07/1998,1.9
24/07/1998,4.1
25/07/1998,0.0
26/07/1998,3.4
27/07/1998,0.5
28/07/1998,0.0
29/07/1998,2.9
30/07/1998,0.0
31/07/1998,6.4
01/08/1998,33.5
02/08/1998,5.5
03/08/1998,2.1
04/08/1998,28.8
05/08/1998,0.5
06/08/1998,0.0
07/08/1998,48.2
08/08/1998,0.0
09/08/1998,0.0
10/08/1998,0.0
11/08/1998,0.0
12/08/1998,0.0
13/08/1998,0.0
14/08/1998,1.4
15/08/1998,16.4
16/08/1998,0.0
17/08/1998,0.0
18/08/1998,0.0
19/08/1998,0.0
20/08/1998,0.0
21/08/1998,1.7
22/08/1998,2.5
23/08/1998,0.0
24/08/1998,5.1
25/08/1998,3.7
26/08/1998,0.0
27/08/1998,0.0
28/08/1998,0.0
29/08/1998,0.0
30/08/1998,2.2
31/08/1998,7.0
01/09/1998,0.0
02/09/1998,0.0
03/09/1998,0.0
04/09/1998,0.0
05/09/1998,0.0
06/09/1998,0.0
07/09/1998,0.0
08/09/1998,0.0
09/09/1998,0.0
10/09/1998,0.0
11/09/1998,0.0
12/09/1998,0.0
13/09/1998,69.3
14/09/1998,1.6
15/09/1998,11.4
16/09/1998,31.0
17/09/1998,0.0
18/09/1998,0.0
19/09/1998,0.0
20/09/1998,0.0
21/09/1998,0.0
22/09/1998,0.0
23/09/1998,1.4
24/09/1998,11.4
25/09/1998,0.7
26/09/1998,4.4
27/09/1998,67.5
28/09/1998,12.9
29/09/1998,1.8
30/09/1998,0.0
01/10/1998,0.0
02/10/1998,0.0
03/10/1998,0.0
04/10/1998,0.0
05/10/1998,45.5
06/10/1998,30.9
07/10/1998,6.7
08/10/1998,1.1
09/10/1998,0.0
10/10/1998,0.0
11/10/1998,0.0
12/10/1998,0.0
13/10/1998,0.7
14/10/1998,42.4
15/10/1998,25.6
16/10/1998,3.2
17/10/1998,0.0
18/10/1998,0.0
19/10/1998,0.0
20/10/1998,0.0
21/10/1998,22.2
22/10/1998,7.5
23/10/1998,1.5
24/10/1998,0.7
25/10/1998,42.3
26/10/1998,0.0
27/10/1998,3.4
28/10/1998,0.8
29/10/1998,30.4
30/10/1998,0.0
31/10/1998,2.9
01/11/1998,0.0
02/11/1998,26.9
03/11/1998,21.2
04/11/1998,16.9
05/11/1998,14.9
06/11/1998,4.2
07/11/1998,3.1
08/11/1998,0.9
09/11/1998,0.0
10/11/1998,0.0
11/11/1998,31.9
12/11/1998,19.5
13/11/1998,0.0
14/11/1998,0.0
15/11/1998,6.1
16/11/1998,3.2
17/11/1998,66.7
18/11/1998,12.4
19/11/1998,43.7
20/11/1998,2.3
21/11/1998,21.9
22/11/1998,9.4
23/11/1998,0.6
24/11/1998,11.3
25/11/1998,0.5
26/11/1998,1.9
27/11/1998,0.7
28/11/1998,0.0
29/11/1998,0.5
30/11/1998,1.1
01/12/1998,0.0
02/12/1998,0.6
03/12/1998,0.0
04/12/1998,2.5
05/12/1998,16.4
06/12/1998,23.0
07/12/1998,44.7
08/12/1998,6.1
09/12/1998,0.0
10/12/1998,1.8
11/12/1998,0.0
12/12/1998,0.7
13/12/1998,1.0
14/12/1998,0.9
15/12/1998,11.6
16/12/1998,4.6
17/12/1998,17.3
18/12/1998,11.8
19/12/1998,0.5
20/12/1998,7.8
21/12/1998,0.0
22/12/1998,6.1
23/12/1998,3.6
24/12/1998,0.0
25/12/1998,5.8
26/12/1998,23.5
27/12/1998,26.9
28/12/1998,50.9
29/12/1998,15.1
30/12/1998,13.2
31/12/1998,21.3
01/01/1999,12.2
02/01/1999,7.9
03/01/1999,24.4
04/01/1999,0.5
05/01/1999,0.0
06/01/1999,0.0
07/01/1999,1.1
08/01/1999,31.8
09/01/1999,41.7
10/01/1999,4.9
11/01/1999,0.0
12/01/1999,0.6
13/01/1999,0.0
14/01/1999,0.0
15/01/1999,0.0
16/01/1999,1.8
17/01/1999,3.2
18/01/1999,7.5
19/01/1999,8.0
20/01/1999,2.1
21/01/1999,1.5
22/01/1999,9.9
23/01/1999,58.7
24/01/1999,1.8
25/01/1999,0.0
26/01/1999,2.3
27/01/1999,2.4
28/01/1999,50.8
29/01/1999,0.0
30/01/1999,22.9
31/01/1999,0.7
01/02/1999,0.0
02/02/1999,0.9
03/02/1999,12.4
04/02/1999,4.2
05/02/1999,4.9
06/02/1999,16.2
07/02/1999,0.0
08/02/1999,1.7
09/02/1999,0.0
10/02/1999,0.9
11/02/1999,5.5
12/02/1999,96.4
13/02/1999,80.5
14/02/1999,1.0
15/02/1999,0.0
16/02/1999,0.0
17/02/1999,0.0
18/02/1999,0.0
19/02/1999,0.0
20/02/1999,0.3
21/02/1999,49.6
22/02/1999,0.0
23/02/1999,0.0
24/02/1999,0.0
25/02/1999,0.0
26/02/1999,0.0
27/02/1999,0.0
28/02/1999,13.9
01/03/1999,4.8
02/03/1999,0.0
03/03/1999,0.6
04/03/1999,0.0
05/03/1999,0.0
06/03/1999,17.9
07/03/1999,34.2
08/03/1999,1.0
09/03/1999,0.0
10/03/1999,0.0
11/03/1999,0.0
12/03/1999,0.0
13/03/1999,0.0
14/03/1999,0.0
15/03/1999,0.0
16/03/1999,0.0
17/03/1999,0.0
18/03/1999,0.0
19/03/1999,0.0
20/03/1999,0.0
21/03/1999,0.0
22/03/1999,0.0
23/03/1999,1.9
24/03/1999,0.6
25/03/1999,1.5
26/03/1999,0.5
27/03/1999,33.0
28/03/1999,0.0
29/03/1999,0.0
30/03/1999,0.0
31/03/1999,1.6
01/04/1999,45.1
02/04/1999,0.0
03/04/1999,40.0
04/04/1999,10.1
05/04/1999,0.0
06/04/1999,0.0
07/04/1999,0.0
08/04/1999,0.8
09/04/1999,1.4
10/04/1999,0.0
11/04/1999,0.0
12/04/1999,1.5
13/04/1999,0.7
14/04/1999,3.6
15/04/1999,0.0
16/04/1999,45.3
17/04/1999,0.0
18/04/1999,0.0
19/04/1999,14.3
20/04/1999,0.0
21/04/1999,82.2
22/04/1999,31.7
23/04/1999,0.0
24/04/1999,0.5
25/04/1999,13.7
26/04/1999,1.5
27/04/1999,0.6
28/04/1999,0.0
29/04/1999,11.1
30/04/1999,8.6
01/05/1999,0.0
02/05/1999,0.0
03/05/1999,0.0
04/05/1999,0.0
05/05/1999,0.0
06/05/1999,0.0
07/05/1999,0.0
08/05/1999,0.0
09/05/1999,9.9
10/05/1999,0.0
11/05/1999,0.0
12/05/1999,9.4
13/05/1999,0.0
14/05/1999,0.0
15/05/1999,19.4
16/05/1999,0.8
17/05/1999,0.6
18/05/1999,46.5
19/05/1999,0.0
20/05/1999,12.7
21/05/1999,56.2
22/05/1999,0.0
23/05/1999,0.0
24/05/1999,0.0
25/05/1999,5.9
26/05/1999,0.0
27/05/1999,19.4
28/05/1999,19.2
29/05/1999,20.7
30/05/1999,0.0
31/05/1999,0.0
01/06/1999,0.0
02/06/1999,0.0
03/06/1999,0.0
04/06/1999,0.0
05/06/1999,0.0
06/06/1999,0.0
07/06/1999,0.0
08/06/1999,0.4
09/06/1999,0.0
10/06/1999,0.0
19/06/1999,0.0
20/06/1999,0.0
21/06/1999,0.0
22/06/1999,3.3
23/06/1999,1.8
24/06/1999,0.0
25/06/1999,0.0
26/06/1999,0.0
27/06/1999,0.0
28/06/1999,0.0
29/06/1999,15.9
30/06/1999,0.0
01/07/1999,12.9
02/07/1999,18.8
03/07/1999,11.3
04/07/1999,0.0
05/07/1999,0.0
06/07/1999,1.6
07/07/1999,0.0
08/07/1999,0.0
09/07/1999,0.8
10/07/1999,0.0
11/07/1999,0.0
12/07/1999,0.0
13/07/1999,0.0
14/07/1999,0.0
15/07/1999,1.7
16/07/1999,0.0
17/07/1999,0.0
18/07/1999,0.6
19/07/1999,0.0
20/07/1999,0.0
21/07/1999,0.0
22/07/1999,0.0
23/07/1999,1.8
24/07/1999,0.6
25/07/1999,0.0
26/07/1999,0.0
27/07/1999,0.0
28/07/1999,0.0
29/07/1999,8.4
30/07/1999,0.8
31/07/1999,2.6
01/08/1999,0.6
02/08/1999,0.0
03/08/1999,26.3
04/08/1999,15.9
05/08/1999,0.6
06/08/1999,52.3
07/08/1999,8.2
08/08/1999,5.4
09/08/1999,0.0
10/08/1999,12.4
11/08/1999,45.8
12/08/1999,17.0
13/08/1999,7.2
26/10/1999,0.0
27/10/1999,1.0
28/10/1999,10.3
29/10/1999,18.4
30/10/1999,26.9
31/10/1999,0.7
01/11/1999,5.4
02/11/1999,7.2
03/11/1999,1.5
04/11/1999,0.4
05/11/1999,1.1
06/11/1999,0.0
07/11/1999,0.0
16/11/1999,0.0
17/11/1999,24.2
18/11/1999,22.9
19/11/1999,54.9
20/11/1999,14.1
21/11/1999,106.3
22/11/1999,4.5
23/11/1999,0.0
24/11/1999,14.7
25/11/1999,2.8
26/11/1999,7.6
27/11/1999,27.5
28/11/1999,27.4
29/11/1999,24.7
30/11/1999,107.3
17/01/2000,55.1
18/01/2000,4.2
19/01/2000,0.0
20/01/2000,0.0
21/01/2000,0.0
22/01/2000,0.0
23/01/2000,7.5
24/01/2000,0.5
25/01/2000,34.8
26/01/2000,0.9
27/01/2000,0.0
28/01/2000,7.5
29/01/2000,0.7
30/01/2000,2.1
31/01/2000,7.2
01/02/2000,4.2
02/02/2000,0.0
03/02/2000,0.0
04/02/2000,0.0
05/02/2000,0.0
06/02/2000,0.0
07/02/2000,0.0
08/02/2000,0.0
09/02/2000,18.0
10/02/2000,46.2
11/02/2000,0.0
12/02/2000,0.7
24/02/2000,0.0
25/02/2000,0.0
26/02/2000,20.4
27/02/2000,55.8
28/02/2000,4.3
29/02/2000,9.6
01/03/2000,90.4
02/03/2000,21.2
03/03/2000,0.0
04/03/2000,0.0
05/03/2000,0.0
06/03/2000,0.0
07/03/2000,0.0
08/03/2000,0.0
09/03/2000,0.0
10/03/2000,0.0
11/03/2000,0.4
12/03/2000,0.0
13/03/2000,0.0
14/03/2000,0.0
15/03/2000,0.0
16/03/2000,0.0
17/03/2000,0.0
18/03/2000,0.0
19/03/2000,0.0
20/03/2000,0.0
21/03/2000,0.0
22/03/2000,0.0
23/03/2000,0.0
24/03/2000,1.4
25/03/2000,40.8
26/03/2000,49.7
27/03/2000,11.6
28/03/2000,0.0
29/03/2000,0.6
30/03/2000,1.8
31/03/2000,0.0
01/04/2000,0.0
02/04/2000,0.0
03/04/2000,0.0
04/04/2000,0.0
05/04/2000,0.0
06/04/2000,0.0
07/04/2000,0.0
08/04/2000,0.0
09/04/2000,0.0
10/04/2000,4.0
11/04/2000,17.7
12/04/2000,4.7
13/04/2000,8.7
14/04/2000,12.6
15/04/2000,0.0
16/04/2000,30.8
17/04/2000,0.0
18/04/2000,0.0
19/04/2000,0.0
20/04/2000,0.0
21/04/2000,0.0
22/04/2000,0.0
23/04/2000,0.0
24/04/2000,0.0
25/04/2000,0.0
26/04/2000,0.0
27/04/2000,0.0
28/04/2000,0.0
29/04/2000,0.0
30/04/2000,18.9
01/05/2000,0.0
02/05/2000,15.7
03/05/2000,0.0
04/05/2000,0.9
05/05/2000,0.0
06/05/2000,0.0
07/05/2000,0.0
08/05/2000,0.0
09/05/2000,6.9
10/05/2000,0.9
11/05/2000,1.1
12/05/2000,40.0
13/05/2000,6.1
14/05/2000,9.5
15/05/2000,0.0
16/05/2000,0.0
17/05/2000,0.0
18/05/2000,1.2
19/05/2000,0.0
20/05/2000,1.1
21/05/2000,3.5
22/05/2000,0.0
23/05/2000,0.0
24/05/2000,0.0
25/05/2000,0.0
26/05/2000,0.0
27/05/2000,0.0
28/05/2000,0.0
29/05/2000,0.0
30/05/2000,34.9
31/05/2000,64.9
01/06/2000,0.0
02/06/2000,0.0
03/06/2000,0.0
04/06/2000,0.0
05/06/2000,12.7
06/06/2000,0.0
07/06/2000,0.0
08/06/2000,0.0
09/06/2000,0.0
10/06/2000,0.0
11/06/2000,0.0
12/06/2000,0.0
13/06/2000,22.0
14/06/2000,0.4
15/06/2000,0.0
16/06/2000,10.9
17/06/2000,0.0
18/06/2000,0.0
19/06/2000,8.3
20/06/2000,0.0
21/06/2000,0.0
22/06/2000,0.0
23/06/2000,0.0
24/06/2000,2.9
25/06/2000,3.0
26/06/2000,0.0
27/06/2000,4.3
28/06/2000,10.7
29/06/2000,0.0
30/06/2000,0.0
01/07/2000,10.0
02/07/2000,0.0
03/07/2000,0.0
04/07/2000,0.0
05/07/2000,0.0
06/07/2000,0.0
07/07/2000,0.0
08/07/2000,0.0
09/07/2000,0.0
10/07/2000,0.0
11/07/2000,0.0
12/07/2000,0.0
13/07/2000,0.0
14/07/2000,0.0
15/07/2000,0.0
16/07/2000,0.0
17/07/2000,0.0
18/07/2000,0.0
19/07/2000,0.0
20/07/2000,0.0
21/07/2000,20.9
22/07/2000,0.0
23/07/2000,0.0
24/07/2000,20.2
25/07/2000,0.7
26/07/2000,1.9
27/07/2000,0.7
28/07/2000,8.2
29/07/2000,0.0
30/07/2000,0.0
31/07/2000,0.0
01/08/2000,27.1
02/08/2000,3.7
03/08/2000,0.0
04/08/2000,9.5
05/08/2000,0.4
06/08/2000,0.0
07/08/2000,0.0
08/08/2000,0.0
09/08/2000,0.0
10/08/2000,0.0
11/08/2000,0.0
12/08/2000,0.0
13/08/2000,0.0
14/08/2000,14.4
15/08/2000,2.4
16/08/2000,0.0
17/08/2000,0.0
18/08/2000,4.5
19/08/2000,3.3
20/08/2000,18.8
21/08/2000,11.0
22/08/2000,0.5
23/08/2000,0.0
24/08/2000,0.0
25/08/2000,13.0
26/08/2000,5.8
27/08/2000,20.5
28/08/2000,2.4
29/08/2000,6.7
30/08/2000,0.0
31/08/2000,0.0
01/09/2000,0.0
02/09/2000,0.0
03/09/2000,8.0
04/09/2000,20.9
05/09/2000,0.8
06/09/2000,0.0
07/09/2000,0.0
08/09/2000,0.0
09/09/2000,8.6
10/09/2000,0.7
11/09/2000,0.0
12/09/2000,0.0
13/09/2000,0.0
14/09/2000,0.0
15/09/2000,0.6
16/09/2000,0.0
17/09/2000,0.0
18/09/2000,36.4
19/09/2000,0.4
20/09/2000,14.0
21/09/2000,0.0
22/09/2000,0.0
23/09/2000,0.7
24/09/2000,0.0
25/09/2000,55.2
26/09/2000,0.0
27/09/2000,0.0
28/09/2000,20.8
29/09/2000,0.0
30/09/2000,1.3
01/10/2000,10.1
02/10/2000,6.6
03/10/2000,0.0
04/10/2000,1.9
05/10/2000,0.6
06/10/2000,0.5
07/10/2000,0.7
08/10/2000,0.0
09/10/2000,1.4
10/10/2000,13.4
11/10/2000,0.5
12/10/2000,7.3
13/10/2000,28.5
14/10/2000,0.0
15/10/2000,9.6
16/10/2000,0.7
17/10/2000,20.0
18/10/2000,0.3
19/10/2000,17.5
20/10/2000,4.1
21/10/2000,20.9
22/10/2000,38.3
23/10/2000,0.7
24/10/2000,4.8
25/10/2000,0.0
26/10/2000,0.6
27/10/2000,8.3
28/10/2000,27.8
29/10/2000,12.5
30/10/2000,1.4
31/10/2000,1.2
01/11/2000,52.0
02/11/2000,1.6
03/11/2000,2.8
04/11/2000,2.5
05/11/2000,23.6
06/11/2000,0.0
07/11/2000,36.1
08/11/2000,1.4
09/11/2000,0.0
10/11/2000,0.0
11/11/2000,24.4
12/11/2000,0.0
13/11/2000,6.4
14/11/2000,12.1
15/11/2000,94.5
16/11/2000,87.9
17/11/2000,19.7
18/11/2000,0.0
19/11/2000,1.6
20/11/2000,16.4
21/11/2000,201.3
22/11/2000,51.4
23/11/2000,7.7
24/11/2000,0.6
25/11/2000,12.0
26/11/2000,2.4
27/11/2000,5.7
28/11/2000,14.5
29/11/2000,1.8
30/11/2000,9.1
01/12/2000,1.0
02/12/2000,8.8
03/12/2000,0.0
04/12/2000,0.0
05/12/2000,0.0
06/12/2000,0.0
07/12/2000,0.0
08/12/2000,0.0
09/12/2000,0.0
10/12/2000,16.4
11/12/2000,0.3
12/12/2000,0.0
13/12/2000,0.0
14/12/2000,0.0
15/12/2000,2.8
16/12/2000,12.7
17/12/2000,96.4
18/12/2000,20.8
19/12/2000,5.2
20/12/2000,14.5
21/12/2000,2.5
22/12/2000,2.7
23/12/2000,3.7
24/12/2000,0.0
25/12/2000,26.1
26/12/2000,0.0
27/12/2000,2.2
28/12/2000,4.6
29/12/2000,19.5
30/12/2000,16.9
31/12/2000,308.6
01/01/2001,6.4
02/01/2001,0.0
03/01/2001,4.9
04/01/2001,3.9
05/01/2001,0.0
06/01/2001,0.0
07/01/2001,0.4
08/01/2001,0.9
09/01/2001,0.0
10/01/2001,0.0
11/01/2001,0.0
12/01/2001,0.0
13/01/2001,27.4
14/01/2001,105.3
15/01/2001,12.3
16/01/2001,7.3
17/01/2001,46.3
18/01/2001,1.0
19/01/2001,0.0
20/01/2001,0.0
21/01/2001,0.0
22/01/2001,0.0
23/01/2001,0.0
24/01/2001,0.0
25/01/2001,0.0
26/01/2001,0.0
27/01/2001,0.0
28/01/2001,0.0
29/01/2001,0.0
30/01/2001,2.0
31/01/2001,5.4
01/02/2001,0.0
02/02/2001,0.0
03/02/2001,0.0
04/02/2001,0.0
05/02/2001,0.0
06/02/2001,0.0
07/02/2001,3.0
08/02/2001,7.2
09/02/2001,0.5
10/02/2001,0.0
11/02/2001,0.0
12/02/2001,0.0
13/02/2001,3.7
14/02/2001,0.0
15/02/2001,7.0
16/02/2001,1.7
17/02/2001,0.0
18/02/2001,0.0
19/02/2001,0.0
20/02/2001,0.0
21/02/2001,0.0
22/02/2001,0.0
23/02/2001,0.0
24/02/2001,0.0
25/02/2001,0.0
26/02/2001,0.0
27/02/2001,0.0
28/02/2001,0.0
01/03/2001,0.0
02/03/2001,0.0
03/03/2001,0.0
04/03/2001,8.9
05/03/2001,88.5
06/03/2001,32.7
07/03/2001,3.3
08/03/2001,13.2
09/03/2001,2.0
10/03/2001,9.8
11/03/2001,17.5
12/03/2001,2.5
13/03/2001,0.0
14/03/2001,0.0
15/03/2001,43.9
16/03/2001,0.0
17/03/2001,0.0
18/03/2001,0.0
19/03/2001,1.2
20/03/2001,0.9
21/03/2001,62.6
22/03/2001,0.3
23/03/2001,0.0
24/03/2001,0.6
25/03/2001,0.0
26/03/2001,26.1
27/03/2001,13.5
28/03/2001,4.2
29/03/2001,45.3
30/03/2001,0.0
31/03/2001,0.0
01/04/2001,0.0
02/04/2001,0.0
03/04/2001,21.9
04/04/2001,0.8
05/04/2001,0.0
06/04/2001,3.1
07/04/2001,4.2
08/04/2001,0.0
09/04/2001,1.1
10/04/2001,0.0
11/04/2001,0.0
12/04/2001,0.0
13/04/2001,30.2
14/04/2001,0.0
15/04/2001,2.4
16/04/2001,0.0
17/04/2001,0.0
18/04/2001,0.0
19/04/2001,0.0
20/04/2001,0.0
21/04/2001,0.0
22/04/2001,0.0
23/04/2001,0.0
24/04/2001,0.0
25/04/2001,0.0
26/04/2001,0.0
27/04/2001,0.0
02/05/2001,12.4
03/05/2001,3.6
04/05/2001,4.6
05/05/2001,0.0
06/05/2001,0.0
07/05/2001,0.0
08/05/2001,0.0
09/05/2001,0.0
10/05/2001,0.0
11/05/2001,0.0
12/05/2001,0.0
13/05/2001,0.0
14/05/2001,11.3
15/05/2001,0.0
16/05/2001,0.0
17/05/2001,0.0
18/05/2001,5.9
19/05/2001,0.0
20/05/2001,0.0
21/05/2001,2.3
22/05/2001,27.0
23/05/2001,0.0
24/05/2001,11.1
25/05/2001,2.7
26/05/2001,0.0
27/05/2001,0.0
28/05/2001,0.0
29/05/2001,0.0
30/05/2001,0.0
31/05/2001,0.0
01/06/2001,0.0
02/06/2001,0.0
03/06/2001,3.5
04/06/2001,26.6
05/06/2001,0.0
06/06/2001,0.0
07/06/2001,0.0
08/06/2001,0.0
09/06/2001,0.0
10/06/2001,0.0
11/06/2001,0.0
12/06/2001,0.0
13/06/2001,0.0
14/06/2001,0.0
15/06/2001,2.1
16/06/2001,3.5
17/06/2001,0.0
18/06/2001,4.5
19/06/2001,27.0
20/06/2001,17.2
21/06/2001,13.0
22/06/2001,20.1
23/06/2001,0.0
24/06/2001,0.0
25/06/2001,0.0
26/06/2001,0.0
27/06/2001,0.0
28/06/2001,0.2
29/06/2001,0.0
30/06/2001,0.0
01/07/2001,0.0
02/07/2001,2.3
03/07/2001,0.0
04/07/2001,0.0
05/07/2001,0.0
06/07/2001,0.0
07/07/2001,0.0
08/07/2001,0.0
09/07/2001,0.0
10/07/2001,0.0
11/07/2001,0.0
12/07/2001,0.0
13/07/2001,0.4
14/07/2001,35.6
15/07/2001,37.1
16/07/2001,0.0
17/07/2001,0.0
18/07/2001,0.0
19/07/2001,0.0
20/07/2001,0.0
21/07/2001,3.5
22/07/2001,0.0
23/07/2001,0.0
24/07/2001,0.0
25/07/2001,0.0
26/07/2001,8.8
27/07/2001,0.0
28/07/2001,0.0
29/07/2001,0.0
30/07/2001,0.0
31/07/2001,2.3
01/08/2001,0.0
02/08/2001,1.7
03/08/2001,30.4
04/08/2001,0.0
05/08/2001,1.0
06/08/2001,0.0
07/08/2001,0.0
08/08/2001,11.1
09/08/2001,4.7
10/08/2001,1.9
11/08/2001,0.0
12/08/2001,2.8
13/08/2001,7.9
14/08/2001,20.1
15/08/2001,0.0
16/08/2001,14.8
17/08/2001,0.0
18/08/2001,2.8
19/08/2001,0.9
20/08/2001,29.5
21/08/2001,12.2
22/08/2001,0.3
23/08/2001,0.0
24/08/2001,7.7
25/08/2001,1.8
26/08/2001,0.0
27/08/2001,13.1
28/08/2001,16.5
29/08/2001,3.7
30/08/2001,8.6
31/08/2001,0.0
01/09/2001,0.0
02/09/2001,1.9
03/09/2001,0.0
04/09/2001,0.0
05/09/2001,18.6
06/09/2001,0.0
07/09/2001,0.0
08/09/2001,0.0
09/09/2001,0.0
10/09/2001,0.0
11/09/2001,0.0
12/09/2001,0.0
13/09/2001,0.0
14/09/2001,0.0
15/09/2001,0.0
16/09/2001,0.0
17/09/2001,0.0
18/09/2001,0.0
19/09/2001,0.0
20/09/2001,0.0
21/09/2001,0.3
22/09/2001,17.7
23/09/2001,16.3
24/09/2001,1.4
25/09/2001,0.0
26/09/2001,0.0
27/09/2001,11.1
28/09/2001,3.4
29/09/2001,0.7
30/09/2001,0.0
01/10/2001,0.0
02/10/2001,0.6
03/10/2001,2.2
04/10/2001,32.1
05/10/2001,44.3
06/10/2001,0.0
07/10/2001,12.5
08/10/2001,14.6
09/10/2001,2.2
10/10/2001,0.0
11/10/2001,0.9
12/10/2001,0.0
13/10/2001,0.6
14/10/2001,2.5
15/10/2001,15.4
16/10/2001,2.1
17/10/2001,2.0
18/10/2001,49.5
19/10/2001,0.0
20/10/2001,0.0
21/10/2001,5.1
22/10/2001,0.0
23/10/2001,0.0
24/10/2001,3.0
25/10/2001,0.0
26/10/2001,0.0
27/10/2001,13.3
28/10/2001,2.9
29/10/2001,8.7
30/10/2001,1.4
31/10/2001,1.4
01/11/2001,0.5
02/11/2001,0.0
03/11/2001,2.3
04/11/2001,65.1
05/11/2001,0.0
06/11/2001,0.9
07/11/2001,4.9
08/11/2001,0.0
09/11/2001,33.8
10/11/2001,0.0
11/11/2001,0.0
12/11/2001,25.8
13/11/2001,2.5
14/11/2001,0.0
15/11/2001,10.0
16/11/2001,51.1
17/11/2001,167.7
18/11/2001,204.1
19/11/2001,37.4
20/11/2001,40.4
21/11/2001,0.0
22/11/2001,0.7
23/11/2001,0.0
24/11/2001,114.5
25/11/2001,12.1
26/11/2001,1.8
27/11/2001,0.0
28/11/2001,2.6
29/11/2001,0.0
30/11/2001,72.8
01/12/2001,0.0
02/12/2001,0.0
03/12/2001,0.0
04/12/2001,0.0
05/12/2001,0.0
06/12/2001,0.0
07/12/2001,0.0
08/12/2001,0.0
09/12/2001,0.0
10/12/2001,0.0
11/12/2001,0.0
12/12/2001,0.0
13/12/2001,0.0
14/12/2001,15.2
15/12/2001,177.3
16/12/2001,8.4
17/12/2001,43.2
18/12/2001,62.3
19/12/2001,0.0
20/12/2001,16.3
21/12/2001,13.6
22/12/2001,20.3
23/12/2001,66.2
24/12/2001,2.1
25/12/2001,2.1
26/12/2001,11.3
27/12/2001,26.6
28/12/2001,39.5
29/12/2001,12.7
30/12/2001,0.0
31/12/2001,0.0
01/01/2002,0.0
02/01/2002,0.0
03/01/2002,0.0
04/01/2002,0.0
05/01/2002,1.6
06/01/2002,0.7
07/01/2002,3.8
08/01/2002,1.1
09/01/2002,2.1
10/01/2002,0.6
11/01/2002,1.9
12/01/2002,0.0
13/01/2002,0.0
14/01/2002,0.8
15/01/2002,0.0
16/01/2002,0.0
17/01/2002,0.0
18/01/2002,0.0
19/01/2002,1.3
20/01/2002,34.0
21/01/2002,32.5
22/01/2002,1.3
23/01/2002,3.5
24/01/2002,5.2
25/01/2002,1.4
26/01/2002,0.0
27/01/2002,0.0
28/01/2002,0.0
29/01/2002,2.4
30/01/2002,2.0
31/01/2002,0.0
01/02/2002,0.0
02/02/2002,0.0
03/02/2002,0.0
04/02/2002,0.0
05/02/2002,0.0
06/02/2002,0.0
07/02/2002,0.0
08/02/2002,0.0
09/02/2002,0.0
10/02/2002,0.0
11/02/2002,2.0
12/02/2002,7.5
13/02/2002,0.0
14/02/2002,0.0
15/02/2002,0.0
16/02/2002,0.0
17/02/2002,0.0
18/02/2002,0.0
19/02/2002,0.0
20/02/2002,0.0
21/02/2002,0.8
22/02/2002,0.0
23/02/2002,0.0
24/02/2002,0.0
25/02/2002,0.4
26/02/2002,0.0
27/02/2002,0.0
28/02/2002,0.0
01/03/2002,0.0
02/03/2002,0.0
03/03/2002,0.0
04/03/2002,0.0
05/03/2002,0.0
06/03/2002,0.0
07/03/2002,0.0
08/03/2002,0.0
09/03/2002,0.0
10/03/2002,8.8
11/03/2002,0.0
12/03/2002,0.0
13/03/2002,0.0
14/03/2002,0.0
15/03/2002,0.0
16/03/2002,0.0
17/03/2002,0.0
18/03/2002,0.0
19/03/2002,2.6
20/03/2002,114.8
21/03/2002,10.7
22/03/2002,0.0
23/03/2002,0.0
24/03/2002,0.0
25/03/2002,0.0
26/03/2002,0.0
27/03/2002,0.0
28/03/2002,0.0
29/03/2002,0.0
30/03/2002,0.0
31/03/2002,0.0
01/04/2002,0.0
02/04/2002,0.0
03/04/2002,0.0
04/04/2002,0.0
05/04/2002,0.0
06/04/2002,0.0
07/04/2002,0.0
08/04/2002,0.0
09/04/2002,2.9
10/04/2002,0.0
11/04/2002,0.0
12/04/2002,2.9
13/04/2002,7.7
14/04/2002,41.1
15/04/2002,0.6
16/04/2002,0.0
17/04/2002,0.0
18/04/2002,0.0
19/04/2002,0.0
20/04/2002,3.7
21/04/2002,22.4
22/04/2002,0.0
23/04/2002,0.0
24/04/2002,0.0
25/04/2002,1.1
26/04/2002,0.0
27/04/2002,12.6
28/04/2002,17.6
29/04/2002,44.7
30/04/2002,0.6
01/05/2002,0.0
02/05/2002,1.1
03/05/2002,14.3
04/05/2002,10.9
05/05/2002,0.0
06/05/2002,2.4
07/05/2002,19.5
08/05/2002,1.8
09/05/2002,0.9
10/05/2002,0.0
11/05/2002,1.4
12/05/2002,0.0
13/05/2002,0.0
14/05/2002,0.0
15/05/2002,0.0
16/05/2002,0.0
17/05/2002,0.0
18/05/2002,0.0
19/05/2002,0.0
20/05/2002,0.0
21/05/2002,1.0
22/05/2002,4.5
23/05/2002,0.0
24/05/2002,0.0
25/05/2002,0.0
26/05/2002,11.9
27/05/2002,0.0
28/05/2002,0.0
29/05/2002,0.0
30/05/2002,0.0
31/05/2002,0.0
01/06/2002,0.0
02/06/2002,0.0
03/06/2002,0.0
04/06/2002,0.0
05/06/2002,0.0
06/06/2002,0.0
07/06/2002,9.4
08/06/2002,0.0
09/06/2002,0.0
10/06/2002,1.6
11/06/2002,0.9
12/06/2002,27.5
13/06/2002,7.7
14/06/2002,0.0
15/06/2002,0.0
16/06/2002,0.0
17/06/2002,0.0
18/06/2002,0.0
19/06/2002,0.0
20/06/2002,0.0
21/06/2002,0.0
22/06/2002,0.0
23/06/2002,0.0
24/06/2002,0.0
25/06/2002,0.0
26/06/2002,8.4
27/06/2002,0.0
28/06/2002,0.0
29/06/2002,1.3
30/06/2002,0.0
01/07/2002,0.0
02/07/2002,24.6
03/07/2002,3.0
04/07/2002,0.0
05/07/2002,0.0
06/07/2002,0.0
07/07/2002,0.0
08/07/2002,0.0
09/07/2002,3.1
10/07/2002,35.7
11/07/2002,0.0
12/07/2002,0.0
13/07/2002,0.0
14/07/2002,4.1
15/07/2002,0.0
16/07/2002,0.0
17/07/2002,0.0
18/07/2002,0.0
19/07/2002,0.0
20/07/2002,0.0
21/07/2002,0.0
22/07/2002,3.0
23/07/2002,0.0
24/07/2002,0.0
25/07/2002,0.0
26/07/2002,0.0
27/07/2002,0.0
28/07/2002,50.2
29/07/2002,0.0
30/07/2002,0.0
31/07/2002,0.0
01/08/2002,0.0
02/08/2002,12.1
03/08/2002,0.0
04/08/2002,0.0
05/08/2002,0.0
06/08/2002,16.1
07/08/2002,0.0
08/08/2002,0.0
09/08/2002,8.1
10/08/2002,0.0
11/08/2002,10.4
12/08/2002,0.0
13/08/2002,0.0
14/08/2002,0.0
15/08/2002,0.0
16/08/2002,0.0
17/08/2002,0.0
18/08/2002,0.0
19/08/2002,0.0
20/08/2002,0.0
21/08/2002,0.0
22/08/2002,0.0
23/08/2002,0.0
24/08/2002,0.0
25/08/2002,0.0
26/08/2002,28.6
27/08/2002,0.0
28/08/2002,1.0
29/08/2002,0.0
30/08/2002,4.6
31/08/2002,1.3
01/09/2002,1.9
02/09/2002,0.0
03/09/2002,6.0
04/09/2002,0.0
05/09/2002,0.0
06/09/2002,0.0
07/09/2002,18.1
08/09/2002,17.4
09/09/2002,0.4
10/09/2002,2.4
11/09/2002,1.0
12/09/2002,0.0
13/09/2002,0.9
14/09/2002,0.0
15/09/2002,1.1
16/09/2002,9.5
17/09/2002,0.0
18/09/2002,7.7
19/09/2002,0.0
20/09/2002,8.5
21/09/2002,110.1
22/09/2002,6.0
23/09/2002,1.4
24/09/2002,40.8
25/09/2002,0.4
26/09/2002,0.0
27/09/2002,1.1
28/09/2002,0.0
29/09/2002,38.9
30/09/2002,0.0
01/10/2002,0.0
02/10/2002,0.9
03/10/2002,2.5
04/10/2002,0.0
05/10/2002,0.0
06/10/2002,1.9
07/10/2002,1.2
08/10/2002,0.6
09/10/2002,0.0
10/10/2002,0.0
11/10/2002,59.2
12/10/2002,3.7
13/10/2002,0.7
14/10/2002,855.8
15/10/2002,0.0
16/10/2002,0.0
17/10/2002,0.0
18/10/2002,0.0
19/10/2002,0.0
20/10/2002,0.0
21/10/2002,0.0
22/10/2002,0.0
23/10/2002,0.0
24/10/2002,0.0
25/10/2002,0.0
26/10/2002,0.0
27/10/2002,0.0
28/10/2002,0.0
29/10/2002,0.0
30/10/2002,0.0
31/10/2002,0.0
01/11/2002,0.0
02/11/2002,0.0
03/11/2002,0.0
04/11/2002,0.0
05/11/2002,0.0
06/11/2002,0.0
07/11/2002,0.0
08/11/2002,0.0
09/11/2002,0.0
10/11/2002,0.0
11/11/2002,0.0
12/11/2002,0.0
13/11/2002,0.0
14/11/2002,0.0
15/11/2002,0.0
16/11/2002,0.0
17/11/2002,0.0
18/11/2002,0.0
19/11/2002,0.0
20/11/2002,0.0
21/11/2002,0.0
22/11/2002,0.0
23/11/2002,0.0
24/11/2002,0.0
25/11/2002,0.0
26/11/2002,0.0
27/11/2002,0.0
28/11/2002,0.0
29/11/2002,0.0
30/11/2002,0.0
01/12/2002,0.0
02/12/2002,0.0
03/12/2002,0.0
04/12/2002,0.0
05/12/2002,0.0
06/12/2002,0.0
07/12/2002,0.0
08/12/2002,0.0
09/12/2002,0.0
10/12/2002,0.0
11/12/2002,0.0
12/12/2002,0.0
13/12/2002,0.0
14/12/2002,0.0
15/12/2002,0.0
16/12/2002,0.0
17/12/2002,0.0
18/12/2002,0.0
19/12/2002,0.0
20/12/2002,0.0
21/12/2002,0.0
22/12/2002,0.0
23/12/2002,0.0
24/12/2002,0.0
25/12/2002,0.0
26/12/2002,0.0
27/12/2002,0.0
28/12/2002,0.0
29/12/2002,0.0
30/12/2002,0.0
31/12/2002,0.0
01/01/2003,0.0
02/01/2003,27.5
03/01/2003,0.0
04/01/2003,0.0
05/01/2003,7.5
06/01/2003,9.5
07/01/2003,0.0
08/01/2003,0.0
09/01/2003,0.0
10/01/2003,0.0
11/01/2003,0.0
12/01/2003,10.5
13/01/2003,0.0
14/01/2003,0.0
15/01/2003,0.0
16/01/2003,0.0
17/01/2003,0.0
18/01/2003,7.0
19/01/2003,0.0
20/01/2003,0.0
21/01/2003,0.0
22/01/2003,0.0
23/01/2003,0.0
24/01/2003,0.0
25/01/2003,0.0
26/01/2003,0.0
27/01/2003,0.0
28/01/2003,6.0
29/01/2003,0.0
30/01/2003,3.5
31/01/2003,24.0
01/02/2003,0.5
02/02/2003,0.0
03/02/2003,0.0
04/02/2003,0.0
05/02/2003,0.0
06/02/2003,0.5
07/02/2003,0.0
08/02/2003,0.0
09/02/2003,0.0
10/02/2003,10.5
11/02/2003,1.0
12/02/2003,0.0
13/02/2003,0.0
14/02/2003,1.0
15/02/2003,3.0
16/02/2003,1.5
17/02/2003,0.0
18/02/2003,0.0
19/02/2003,0.0
20/02/2003,0.0
21/02/2003,0.0
22/02/2003,0.0
23/02/2003,0.0
24/02/2003,0.0
25/02/2003,0.0
26/02/2003,1.5
27/02/2003,0.5
28/02/2003,0.0
01/03/2003,0.0
02/03/2003,0.0
03/03/2003,0.0
04/03/2003,0.0
05/03/2003,0.0
06/03/2003,0.0
07/03/2003,0.0
08/03/2003,0.0
09/03/2003,0.0
10/03/2003,15.5
11/03/2003,1.5
12/03/2003,16.0
13/03/2003,0.5
14/03/2003,2.0
15/03/2003,0.5
16/03/2003,0.0
17/03/2003,0.0
18/03/2003,0.0
19/03/2003,0.0
20/03/2003,0.0
21/03/2003,0.0
22/03/2003,1.5
23/03/2003,1.5
24/03/2003,135.5
25/03/2003,34.0
26/03/2003,25.0
27/03/2003,46.0
28/03/2003,1.5
29/03/2003,7.5
30/03/2003,1.5
31/03/2003,15.5
01/04/2003,58.5
02/04/2003,14.0
03/04/2003,108.0
04/04/2003,0.0
05/04/2003,0.0
06/04/2003,3.0
07/04/2003,3.0
08/04/2003,1.0
09/04/2003,0.0
10/04/2003,35.0
11/04/2003,22.0
12/04/2003,14.5
13/04/2003,0.0
14/04/2003,0.0
15/04/2003,0.0
16/04/2003,37.0
17/04/2003,0.5
18/04/2003,0.0
19/04/2003,0.0
20/04/2003,0.0
21/04/2003,0.0
22/04/2003,0.0
23/04/2003,0.0
24/04/2003,0.0
25/04/2003,0.0
26/04/2003,2.5
27/04/2003,0.0
28/04/2003,0.0
29/04/2003,0.0
30/04/2003,48.0
01/05/2003,0.0
02/05/2003,0.0
03/05/2003,17.0
04/05/2003,17.5
05/05/2003,0.0
06/05/2003,10.0
07/05/2003,0.0
08/05/2003,0.0
09/05/2003,2.0
10/05/2003,0.0
11/05/2003,0.0
12/05/2003,0.5
13/05/2003,0.0
14/05/2003,2.0
15/05/2003,0.5
16/05/2003,12.5
17/05/2003,0.5
18/05/2003,0.0
19/05/2003,0.0
20/05/2003,0.0
21/05/2003,17.5
22/05/2003,0.5
23/05/2003,0.0
24/05/2003,5.5
25/05/2003,0.5
26/05/2003,0.0
27/05/2003,0.0
28/05/2003,0.0
29/05/2003,13.0
30/05/2003,46.0
31/05/2003,4.0
01/06/2003,0.0
02/06/2003,0.0
03/06/2003,0.0
04/06/2003,0.0
05/06/2003,0.0
06/06/2003,0.0
07/06/2003,0.0
08/06/2003,0.0
09/06/2003,0.0
10/06/2003,0.0
11/06/2003,4.0
12/06/2003,0.0
13/06/2003,0.0
14/06/2003,0.0
15/06/2003,10.5
16/06/2003,41.5
17/06/2003,2.5
18/06/2003,0.0
19/06/2003,0.0
20/06/2003,0.0
21/06/2003,0.0
22/06/2003,2.5
23/06/2003,0.0
24/06/2003,0.0
25/06/2003,0.0
26/06/2003,17.0
27/06/2003,2.5
28/06/2003,0.0
29/06/2003,29.5
30/06/2003,0.0
01/07/2003,26.5
02/07/2003,1.5
03/07/2003,0.0
04/07/2003,18.0
05/07/2003,0.0
06/07/2003,0.0
07/07/2003,0.0
08/07/2003,0.5
09/07/2003,0.0
10/07/2003,0.0
11/07/2003,0.0
12/07/2003,4.0
13/07/2003,0.0
14/07/2003,0.0
15/07/2003,0.0
16/07/2003,0.0
17/07/2003,0.5
18/07/2003,0.0
19/07/2003,31.0
20/07/2003,22.5
21/07/2003,0.5
22/07/2003,0.0
23/07/2003,0.0
24/07/2003,0.0
25/07/2003,0.0
26/07/2003,0.0
27/07/2003,0.0
28/07/2003,0.0
29/07/2003,0.0
30/07/2003,0.0
31/07/2003,0.0
01/08/2003,18.5
02/08/2003,6.5
03/08/2003,1.5
04/08/2003,0.0
05/08/2003,0.0
06/08/2003,0.0
07/08/2003,0.0
08/08/2003,0.0
09/08/2003,0.0
10/08/2003,0.0
11/08/2003,7.0
12/08/2003,0.0
13/08/2003,0.0
14/08/2003,0.0
15/08/2003,0.0
16/08/2003,0.5
17/08/2003,0.5
18/08/2003,0.0
19/08/2003,14.0
20/08/2003,0.0
21/08/2003,0.0
22/08/2003,0.0
23/08/2003,19.5
24/08/2003,0.0
25/08/2003,1.5
26/08/2003,0.5
27/08/2003,0.5
28/08/2003,0.0
29/08/2003,21.0
30/08/2003,10.0
31/08/2003,2.0
01/09/2003,6.5
02/09/2003,24.0
03/09/2003,0.5
04/09/2003,0.0
05/09/2003,0.0
06/09/2003,0.0
07/09/2003,0.0
08/09/2003,0.0
09/09/2003,25.0
10/09/2003,14.2
11/09/2003,0.2
12/09/2003,0.0
13/09/2003,4.8
16/09/2003,0.0
17/09/2003,9.0
18/09/2003,0.5
19/09/2003,0.0
20/09/2003,0.0
21/09/2003,0.0
22/09/2003,0.0
23/09/2003,2.5
24/09/2003,0.0
25/09/2003,17.0
26/09/2003,0.0
27/09/2003,15.0
28/09/2003,0.5
29/09/2003,0.0
30/09/2003,0.0
01/10/2003,0.0
02/10/2003,1.5
03/10/2003,4.5
04/10/2003,0.0
05/10/2003,14.5
06/10/2003,13.5
07/10/2003,1.5
08/10/2003,9.5
09/10/2003,0.0
10/10/2003,0.5
11/10/2003,0.0
12/10/2003,0.5
13/10/2003,0.5
14/10/2003,15.5
15/10/2003,0.0
16/10/2003,0.0
17/10/2003,22.0
18/10/2003,0.0
19/10/2003,13.0
20/10/2003,0.0
21/10/2003,0.0
22/10/2003,0.0
23/10/2003,0.5
24/10/2003,0.0
25/10/2003,0.0
26/10/2003,0.0
27/10/2003,2.0
28/10/2003,0.5
29/10/2003,11.5
30/10/2003,10.5
31/10/2003,0.0
01/11/2003,23.5
02/11/2003,1.0
03/11/2003,8.0
04/11/2003,0.0
05/11/2003,0.5
06/11/2003,0.0
07/11/2003,0.5
08/11/2003,5.0
09/11/2003,0.0
10/11/2003,0.5
11/11/2003,16.5
12/11/2003,7.5
13/11/2003,0.0
14/11/2003,0.0
15/11/2003,1.5
16/11/2003,0.0
17/11/2003,0.0
18/11/2003,0.0
19/11/2003,0.0
20/11/2003,0.0
21/11/2003,0.0
22/11/2003,0.0
23/11/2003,6.5
24/11/2003,0.0
25/11/2003,11.5
26/11/2003,3.0
27/11/2003,12.0
28/11/2003,0.0
29/11/2003,244.5
30/11/2003,0.5
01/12/2003,31.5
02/12/2003,24.0
03/12/2003,0.0
04/12/2003,0.5
05/12/2003,0.0
06/12/2003,7.0
07/12/2003,11.0
08/12/2003,68.5
09/12/2003,4.0
10/12/2003,35.5
11/12/2003,35.0
12/12/2003,46.0
13/12/2003,0.0
14/12/2003,0.5
15/12/2003,0.0
16/12/2003,0.0
17/12/2003,0.0
18/12/2003,0.0
19/12/2003,0.0
20/12/2003,0.0
21/12/2003,5.0
22/12/2003,0.0
23/12/2003,0.0
24/12/2003,0.0
25/12/2003,0.0
26/12/2003,0.0
27/12/2003,0.0
28/12/2003,0.0
29/12/2003,0.0
30/12/2003,0.0
31/12/2003,0.0
01/01/2004,0.0
02/01/2004,0.0
03/01/2004,0.0
04/01/2004,0.0
05/01/2004,0.0
06/01/2004,0.0
07/01/2004,0.0
08/01/2004,0.0
09/01/2004,0.0
10/01/2004,0.0
11/01/2004,0.0
12/01/2004,0.0
13/01/2004,0.0
14/01/2004,0.0
15/01/2004,0.0
16/01/2004,0.0
17/01/2004,0.0
18/01/2004,0.0
19/01/2004,0.0
20/01/2004,0.0
21/01/2004,0.0
22/01/2004,0.0
23/01/2004,0.0
24/01/2004,0.0
25/01/2004,0.0
26/01/2004,0.0
27/01/2004,0.0
28/01/2004,0.0
29/01/2004,0.0
30/01/2004,0.0
31/01/2004,0.0
01/02/2004,0.0
02/02/2004,0.0
03/02/2004,0.0
04/02/2004,0.0
05/02/2004,0.0
06/02/2004,0.0
07/02/2004,0.0
08/02/2004,0.0
09/02/2004,0.0
10/02/2004,0.0
11/02/2004,0.0
12/02/2004,0.0
13/02/2004,0.0
14/02/2004,0.0
15/02/2004,0.0
16/02/2004,0.0
17/02/2004,0.0
18/02/2004,0.0
19/02/2004,0.0
20/02/2004,0.0
21/02/2004,0.0
22/02/2004,0.0
23/02/2004,0.0
24/02/2004,0.0
25/02/2004,0.0
26/02/2004,0.0
27/02/2004,0.0
28/02/2004,0.0
29/02/2004,0.0
01/03/2004,0.0
02/03/2004,0.0
03/03/2004,0.0
04/03/2004,1.0
05/03/2004,0.0
06/03/2004,0.0
07/03/2004,0.0
08/03/2004,1.0
09/03/2004,1.0
10/03/2004,1.0
11/03/2004,0.0
12/03/2004,1.5
13/03/2004,24.5
14/03/2004,0.0
15/03/2004,0.5
16/03/2004,1.0
17/03/2004,0.0
18/03/2004,0.0
19/03/2004,0.0
20/03/2004,0.0
21/03/2004,0.0
22/03/2004,0.0
23/03/2004,0.0
24/03/2004,0.0
25/03/2004,0.0
26/03/2004,0.0
27/03/2004,0.0
28/03/2004,0.0
29/03/2004,0.0
30/03/2004,0.0
31/03/2004,0.0
01/04/2004,0.0
02/04/2004,2.0
03/04/2004,3.0
04/04/2004,14.0
05/04/2004,0.0
06/04/2004,0.0
07/04/2004,0.0
08/04/2004,0.0
09/04/2004,0.0
10/04/2004,0.0
11/04/2004,0.0
12/04/2004,0.0
13/04/2004,0.0
14/04/2004,0.0
15/04/2004,0.0
16/04/2004,0.0
17/04/2004,0.0
18/04/2004,0.0
19/04/2004,0.0
20/04/2004,0.0
21/04/2004,0.0
22/04/2004,0.0
23/04/2004,0.0
24/04/2004,0.5
25/04/2004,0.0
26/04/2004,0.5
27/04/2004,0.0
28/04/2004,0.0
29/04/2004,52.0
30/04/2004,15.0
01/05/2004,8.0
02/05/2004,0.0
03/05/2004,0.0
04/05/2004,0.0
05/05/2004,0.0
06/05/2004,3.0
07/05/2004,0.0
08/05/2004,0.0
09/05/2004,0.0
10/05/2004,0.0
11/05/2004,0.0
12/05/2004,45.0
13/05/2004,0.5
14/05/2004,0.0
15/05/2004,0.0
16/05/2004,1.0
17/05/2004,1.0
18/05/2004,0.0
19/05/2004,6.5
20/05/2004,0.0
21/05/2004,11.0
22/05/2004,0.0
23/05/2004,0.5
24/05/2004,0.0
25/05/2004,0.0
26/05/2004,0.0
27/05/2004,5.0
28/05/2004,0.0
29/05/2004,0.0
30/05/2004,0.0
31/05/2004,0.0
01/06/2004,0.0
02/06/2004,10.5
03/06/2004,0.5
04/06/2004,3.0
05/06/2004,0.0
06/06/2004,9.5
07/06/2004,1.0
08/06/2004,0.0
09/06/2004,0.5
10/06/2004,0.0
11/06/2004,0.0
12/06/2004,21.0
13/06/2004,0.5
14/06/2004,1.5
15/06/2004,0.0
16/06/2004,0.0
17/06/2004,0.0
18/06/2004,2.5
19/06/2004,0.0
20/06/2004,0.0
21/06/2004,0.0
22/06/2004,2.5
23/06/2004,0.0
24/06/2004,0.0
25/06/2004,13.0
26/06/2004,14.5
27/06/2004,0.0
28/06/2004,9.0
29/06/2004,3.5
30/06/2004,20.0
01/07/2004,0.0
02/07/2004,0.0
03/07/2004,1.5
04/07/2004,0.0
05/07/2004,0.0
06/07/2004,0.0
07/07/2004,0.0
08/07/2004,0.0
09/07/2004,0.0
10/07/2004,0.0
11/07/2004,0.5
12/07/2004,0.0
13/07/2004,0.0
14/07/2004,0.0
15/07/2004,0.0
16/07/2004,0.0
17/07/2004,0.0
18/07/2004,0.0
19/07/2004,0.0
20/07/2004,1.0
21/07/2004,0.0
22/07/2004,0.0
23/07/2004,0.0
24/07/2004,5.5
25/07/2004,0.0
26/07/2004,21.0
27/07/2004,0.5
28/07/2004,46.0
29/07/2004,1.5
30/07/2004,0.0
31/07/2004,18.5
01/08/2004,12.5
02/08/2004,0.0
03/08/2004,0.0
04/08/2004,0.0
05/08/2004,0.0
06/08/2004,0.0
07/08/2004,0.0
08/08/2004,0.0
09/08/2004,0.0
10/08/2004,0.0
11/08/2004,23.5
12/08/2004,0.0
13/08/2004,0.0
14/08/2004,40.0
15/08/2004,11.0
16/08/2004,22.0
17/08/2004,0.5
18/08/2004,0.5
19/08/2004,0.0
20/08/2004,29.0
21/08/2004,0.5
22/08/2004,0.0
23/08/2004,13.0
24/08/2004,3.0
25/08/2004,0.5
26/08/2004,0.0
27/08/2004,0.0
28/08/2004,0.0
29/08/2004,0.0
30/08/2004,0.0
31/08/2004,0.0
01/09/2004,0.5
02/09/2004,0.0
03/09/2004,0.0
04/09/2004,0.0
05/09/2004,0.0
06/09/2004,0.0
07/09/2004,0.0
08/09/2004,0.0
09/09/2004,0.0
10/09/2004,0.0
11/09/2004,0.0
12/09/2004,0.0
13/09/2004,0.0
14/09/2004,0.0
15/09/2004,4.5
16/09/2004,32.0
17/09/2004,0.5
18/09/2004,0.0
19/09/2004,0.0
20/09/2004,0.0
21/09/2004,5.0
22/09/2004,0.0
23/09/2004,0.0
24/09/2004,0.5
25/09/2004,1.0
26/09/2004,0.0
27/09/2004,0.0
28/09/2004,6.5
29/09/2004,3.5
30/09/2004,2.5
01/10/2004,2.0
02/10/2004,14.5
03/10/2004,0.5
04/10/2004,13.0
05/10/2004,0.5
06/10/2004,11.5
07/10/2004,81.0
08/10/2004,8.5
09/10/2004,5.0
10/10/2004,3.5
11/10/2004,0.0
12/10/2004,0.0
13/10/2004,0.0
14/10/2004,5.0
15/10/2004,0.5
16/10/2004,0.0
17/10/2004,0.0
18/10/2004,0.0
19/10/2004,79.5
20/10/2004,48.5
21/10/2004,76.0
22/10/2004,20.0
23/10/2004,18.0
24/10/2004,0.5
25/10/2004,13.5
26/10/2004,28.5
27/10/2004,53.5
28/10/2004,0.0
29/10/2004,23.5
30/10/2004,44.0
31/10/2004,0.0
01/11/2004,147.0
02/11/2004,0.0
03/11/2004,4.0
04/11/2004,102.5
05/11/2004,90.5
06/11/2004,14.0
07/11/2004,0.0
08/11/2004,2.0
09/11/2004,16.5
10/11/2004,0.5
11/11/2004,0.0
12/11/2004,2.0
13/11/2004,29.5
14/11/2004,2.5
15/11/2004,5.0
16/11/2004,7.5
17/11/2004,0.0
18/11/2004,0.0
19/11/2004,3.0
20/11/2004,0.5
21/11/2004,4.0
22/11/2004,9.0
23/11/2004,0.5
24/11/2004,0.0
25/11/2004,0.0
26/11/2004,6.0
27/11/2004,10.0
28/11/2004,50.0
29/11/2004,8.5
30/11/2004,0.0
01/12/2004,0.0
02/12/2004,0.0
03/12/2004,0.0
04/12/2004,0.0
05/12/2004,12.0
06/12/2004,3.0
07/12/2004,60.5
08/12/2004,191.5
09/12/2004,40.5
10/12/2004,157.0
11/12/2004,29.0
12/12/2004,3.5
13/12/2004,1.5
14/12/2004,1.0
15/12/2004,0.0
16/12/2004,0.0
17/12/2004,2.5
18/12/2004,0.5
19/12/2004,0.0
20/12/2004,0.0
21/12/2004,0.0
22/12/2004,0.0
23/12/2004,0.0
24/12/2004,0.0
25/12/2004,1.5
26/12/2004,1.0
27/12/2004,0.0
28/12/2004,9.0
29/12/2004,8.0
30/12/2004,23.0
31/12/2004,0.0
01/01/2005,0.5
02/01/2005,1.5
03/01/2005,0.0
04/01/2005,2.0
05/01/2005,0.0
06/01/2005,0.0
07/01/2005,23.0
08/01/2005,6.5
09/01/2005,4.5
10/01/2005,0.0
11/01/2005,0.0
12/01/2005,1.0
13/01/2005,0.0
14/01/2005,1.5
15/01/2005,0.0
16/01/2005,4.5
17/01/2005,0.0
18/01/2005,0.0
19/01/2005,0.0
20/01/2005,0.0
21/01/2005,1.5
22/01/2005,7.0
23/01/2005,2.0
24/01/2005,0.0
25/01/2005,0.0
26/01/2005,0.0
27/01/2005,0.0
28/01/2005,0.0
29/01/2005,0.0
30/01/2005,0.0
31/01/2005,0.0
01/02/2005,0.0
02/02/2005,0.0
03/02/2005,0.0
04/02/2005,0.0
05/02/2005,0.0
06/02/2005,0.0
07/02/2005,0.0
08/02/2005,0.0
09/02/2005,1.5
10/02/2005,0.0
11/02/2005,2.5
12/02/2005,0.5
13/02/2005,0.0
14/02/2005,0.0
15/02/2005,0.0
16/02/2005,0.0
17/02/2005,0.0
18/02/2005,0.0
19/02/2005,0.0
20/02/2005,0.0
21/02/2005,0.0
22/02/2005,0.0
23/02/2005,0.0
24/02/2005,0.0
25/02/2005,0.0
26/02/2005,0.0
27/02/2005,0.0
28/02/2005,0.0
01/03/2005,0.5
02/03/2005,0.0
03/03/2005,0.0
04/03/2005,3.0
05/03/2005,0.0
06/03/2005,2.0
07/03/2005,0.5
08/03/2005,0.0
09/03/2005,0.0
10/03/2005,0.0
11/03/2005,0.0
12/03/2005,0.0
13/03/2005,0.0
14/03/2005,36.5
15/03/2005,0.5
16/03/2005,0.0
17/03/2005,0.0
18/03/2005,0.0
19/03/2005,2.0
20/03/2005,0.0
21/03/2005,0.0
22/03/2005,0.0
23/03/2005,0.0
24/03/2005,0.0
25/03/2005,42.5
26/03/2005,4.0
27/03/2005,27.0
28/03/2005,0.5
29/03/2005,0.0
30/03/2005,0.0
31/03/2005,0.0
01/04/2005,0.0
02/04/2005,0.0
03/04/2005,125.5
04/04/2005,6.5
05/04/2005,1.5
06/04/2005,22.0
07/04/2005,0.0
08/04/2005,0.0
09/04/2005,0.5
10/04/2005,0.0
11/04/2005,0.0
12/04/2005,0.0
13/04/2005,0.0
14/04/2005,0.0
15/04/2005,1.0
16/04/2005,0.0
17/04/2005,0.0
18/04/2005,0.0
19/04/2005,0.0
20/04/2005,0.0
21/04/2005,0.0
22/04/2005,0.0
23/04/2005,0.0
24/04/2005,0.0
25/04/2005,0.0
26/04/2005,0.0
27/04/2005,0.0
28/04/2005,0.0
29/04/2005,0.0
30/04/2005,0.0
01/05/2005,0.0
02/05/2005,0.0
03/05/2005,0.0
04/05/2005,0.0
05/05/2005,9.0
06/05/2005,0.0
07/05/2005,0.0
08/05/2005,0.0
09/05/2005,0.0
10/05/2005,31.5
11/05/2005,4.5
12/05/2005,1.0
13/05/2005,7.5
14/05/2005,0.0
15/05/2005,14.0
16/05/2005,0.5
17/05/2005,0.0
18/05/2005,1.0
19/05/2005,2.0
20/05/2005,0.0
21/05/2005,0.0
22/05/2005,0.0
23/05/2005,0.0
24/05/2005,0.0
25/05/2005,0.0
26/05/2005,0.0
27/05/2005,0.0
28/05/2005,0.0
29/05/2005,0.0
30/05/2005,0.0
31/05/2005,0.0
01/06/2005,0.0
02/06/2005,1.0
03/06/2005,2.2
04/06/2005,0.8
05/06/2005,0.0
06/06/2005,18.3
07/06/2005,9.2
08/06/2005,0.0
09/06/2005,0.0
10/06/2005,0.0
11/06/2005,0.0
12/06/2005,0.0
13/06/2005,0.0
14/06/2005,0.0
15/06/2005,0.0
16/06/2005,8.7
17/06/2005,4.3
18/06/2005,11.3
19/06/2005,20.0
20/06/2005,9.5
21/06/2005,2.2
22/06/2005,0.5
23/06/2005,0.0
24/06/2005,0.0
25/06/2005,8.0
26/06/2005,4.0
27/06/2005,0.0
28/06/2005,0.0
29/06/2005,0.0
30/06/2005,0.0
01/07/2005,0.7
02/07/2005,0.3
03/07/2005,4.7
04/07/2005,2.3
05/07/2005,25.3
06/07/2005,16.7
07/07/2005,2.0
08/07/2005,0.0
09/07/2005,0.0
10/07/2005,0.0
11/07/2005,0.0
12/07/2005,0.0
13/07/2005,0.3
14/07/2005,34.5
15/07/2005,22.5
16/07/2005,2.7
17/07/2005,0.3
18/07/2005,0.2
19/07/2005,0.0
20/07/2005,0.0
21/07/2005,4.3
22/07/2005,2.2
23/07/2005,0.0
24/07/2005,0.0
25/07/2005,0.0
26/07/2005,0.0
27/07/2005,0.0
28/07/2005,0.0
29/07/2005,0.0
30/07/2005,0.0
31/07/2005,0.0
01/08/2005,5.5
02/08/2005,0.0
03/08/2005,0.5
04/08/2005,23.0
05/08/2005,2.5
06/08/2005,7.0
07/08/2005,0.0
08/08/2005,7.0
09/08/2005,0.0
10/08/2005,0.0
11/08/2005,0.0
12/08/2005,3.0
13/08/2005,0.5
14/08/2005,0.0
15/08/2005,0.0
16/08/2005,0.0
17/08/2005,0.0
18/08/2005,0.0
19/08/2005,0.0
20/08/2005,0.0
21/08/2005,0.0
22/08/2005,21.0
23/08/2005,0.0
24/08/2005,0.5
25/08/2005,2.5
26/08/2005,0.0
27/08/2005,5.0
28/08/2005,0.5
29/08/2005,0.0
30/08/2005,0.0
31/08/2005,0.0
01/09/2005,0.0
02/09/2005,0.0
03/09/2005,30.0
04/09/2005,0.0
05/09/2005,0.0
06/09/2005,0.0
07/09/2005,16.0
08/09/2005,0.0
09/09/2005,0.0
10/09/2005,0.0
11/09/2005,0.0
12/09/2005,0.0
13/09/2005,0.0
14/09/2005,11.5
15/09/2005,7.5
16/09/2005,0.0
17/09/2005,2.5
18/09/2005,10.0
19/09/2005,9.5
20/09/2005,0.0
21/09/2005,2.5
22/09/2005,13.0
23/09/2005,25.0
24/09/2005,1.5
25/09/2005,0.0
26/09/2005,0.0
27/09/2005,25.5
28/09/2005,0.0
29/09/2005,0.0
30/09/2005,0.0
01/10/2005,1.0
02/10/2005,6.0
03/10/2005,0.0
04/10/2005,1.5
05/10/2005,29.5
06/10/2005,0.0
07/10/2005,43.5
08/10/2005,30.0
09/10/2005,0.0
10/10/2005,0.5
11/10/2005,0.0
12/10/2005,3.5
13/10/2005,0.0
14/10/2005,3.5
15/10/2005,2.5
16/10/2005,3.5
17/10/2005,1.5
18/10/2005,0.0
19/10/2005,13.5
20/10/2005,13.0
21/10/2005,0.5
22/10/2005,3.5
23/10/2005,2.0
24/10/2005,4.5
25/10/2005,1.0
26/10/2005,38.0
27/10/2005,13.5
28/10/2005,0.5
29/10/2005,0.0
30/10/2005,12.0
31/10/2005,3.0
01/11/2005,0.5
02/11/2005,2.0
03/11/2005,0.5
04/11/2005,0.0
05/11/2005,0.0
06/11/2005,0.0
07/11/2005,12.0
08/11/2005,24.0
09/11/2005,0.0
10/11/2005,0.0
11/11/2005,19.5
12/11/2005,0.0
13/11/2005,0.0
14/11/2005,0.0
15/11/2005,0.5
16/11/2005,0.5
17/11/2005,0.0
18/11/2005,13.0
19/11/2005,23.5
20/11/2005,21.5
21/11/2005,5.5
22/11/2005,113.0
23/11/2005,54.0
24/11/2005,45.5
25/11/2005,20.0
26/11/2005,3.0
27/11/2005,11.0
28/11/2005,48.0
29/11/2005,7.0
30/11/2005,0.5
01/12/2005,5.0
02/12/2005,2.0
03/12/2005,6.5
04/12/2005,0.0
05/12/2005,1.5
06/12/2005,0.5
07/12/2005,30.0
08/12/2005,5.5
09/12/2005,4.0
10/12/2005,5.5
11/12/2005,0.0
12/12/2005,76.5
13/12/2005,49.0
14/12/2005,5.0
15/12/2005,2.0
16/12/2005,118.0
17/12/2005,107.0
18/12/2005,4.0
19/12/2005,3.5
20/12/2005,0.0
21/12/2005,0.0
22/12/2005,221.0
23/12/2005,10.0
24/12/2005,0.0
25/12/2005,58.5
03/01/2006,4.0
04/01/2006,0.0
05/01/2006,1.0
06/01/2006,8.5
07/01/2006,24.0
08/01/2006,0.0
09/01/2006,1.5
10/01/2006,0.0
11/01/2006,2.0
12/01/2006,0.0
13/01/2006,0.0
14/01/2006,0.0
15/01/2006,0.0
16/01/2006,0.0
17/01/2006,0.0
18/01/2006,0.0
19/01/2006,0.0
20/01/2006,0.0
21/01/2006,0.0
22/01/2006,0.0
23/01/2006,0.0
24/01/2006,0.0
25/01/2006,0.0
26/01/2006,0.0
27/01/2006,0.0
28/01/2006,0.0
29/01/2006,0.0
30/01/2006,0.0
31/01/2006,0.0
01/02/2006,1.5
02/02/2006,0.0
03/02/2006,2.5
04/02/2006,6.5
05/02/2006,0.5
06/02/2006,1.0
07/02/2006,0.0
08/02/2006,0.0
09/02/2006,2.0
10/02/2006,3.0
11/02/2006,47.5
12/02/2006,48.0
13/02/2006,152.0
14/02/2006,21.5
15/02/2006,0.0
16/02/2006,0.0
17/02/2006,0.0
18/02/2006,0.0
19/02/2006,3.5
20/02/2006,0.5
21/02/2006,0.0
22/02/2006,0.0
23/02/2006,0.0
24/02/2006,0.0
25/02/2006,0.0
26/02/2006,0.0
27/02/2006,0.0
28/02/2006,0.0
01/03/2006,0.0
02/03/2006,9.0
03/03/2006,7.5
04/03/2006,0.0
05/03/2006,0.0
06/03/2006,0.0
07/03/2006,0.0
08/03/2006,0.0
09/03/2006,0.0
10/03/2006,0.0
11/03/2006,0.0
12/03/2006,0.0
13/03/2006,0.0
14/03/2006,0.0
15/03/2006,0.0
16/03/2006,0.0
17/03/2006,0.0
18/03/2006,0.0
19/03/2006,0.0
20/03/2006,0.0
21/03/2006,11.5
22/03/2006,0.0
23/03/2006,2.5
24/03/2006,35.0
25/03/2006,12.0
26/03/2006,22.5
27/03/2006,33.5
28/03/2006,0.5
29/03/2006,0.0
30/03/2006,0.0
31/03/2006,0.0
01/04/2006,0.0
02/04/2006,0.0
03/04/2006,0.0
04/04/2006,0.0
05/04/2006,0.0
06/04/2006,0.0
07/04/2006,0.0
08/04/2006,0.0
09/04/2006,0.0
10/04/2006,4.0
11/04/2006,0.5
12/04/2006,16.5
13/04/2006,0.0
14/04/2006,0.5
15/04/2006,9.5
16/04/2006,0.5
17/04/2006,5.0
18/04/2006,0.0
19/04/2006,1.0
20/04/2006,1.0
21/04/2006,0.0
22/04/2006,0.0
23/04/2006,0.0
24/04/2006,0.0
25/04/2006,0.0
26/04/2006,0.0
27/04/2006,0.0
28/04/2006,0.0
29/04/2006,0.0
30/04/2006,0.0
01/05/2006,0.0
02/05/2006,0.0
03/05/2006,0.0
04/05/2006,0.0
05/05/2006,0.0
06/05/2006,0.0
07/05/2006,2.5
08/05/2006,0.0
09/05/2006,0.0
10/05/2006,0.0
11/05/2006,0.0
12/05/2006,0.0
13/05/2006,0.0
14/05/2006,2.0
15/05/2006,0.0
16/05/2006,25.5
17/05/2006,18.5
18/05/2006,1.0
19/05/2006,0.5
20/05/2006,9.0
21/05/2006,0.5
22/05/2006,4.0
23/05/2006,0.0
24/05/2006,19.0
25/05/2006,0.5
26/05/2006,0.0
27/05/2006,1.0
28/05/2006,1.0
29/05/2006,0.0
30/05/2006,1.0
31/05/2006,2.0
01/06/2006,0.0
02/06/2006,0.0
03/06/2006,0.0
04/06/2006,0.0
05/06/2006,25.0
06/06/2006,0.0
07/06/2006,0.0
08/06/2006,4.0
09/06/2006,31.0
10/06/2006,0.0
11/06/2006,0.0
12/06/2006,1.0
13/06/2006,1.5
14/06/2006,41.5
15/06/2006,0.5
16/06/2006,11.5
17/06/2006,55.0
18/06/2006,6.5
19/06/2006,0.5
20/06/2006,0.0
21/06/2006,2.5
22/06/2006,12.0
23/06/2006,0.0
24/06/2006,27.0
25/06/2006,0.5
26/06/2006,0.0
27/06/2006,0.0
28/06/2006,0.0
29/06/2006,0.0
30/06/2006,0.0
01/07/2006,0.0
02/07/2006,0.0
03/07/2006,1.5
04/07/2006,0.0
05/07/2006,55.0
06/07/2006,8.5
07/07/2006,0.0
08/07/2006,0.0
09/07/2006,0.0
10/07/2006,1.0
11/07/2006,14.5
12/07/2006,0.0
13/07/2006,0.0
14/07/2006,6.5
15/07/2006,2.0
16/07/2006,4.0
17/07/2006,1.0
18/07/2006,0.5
19/07/2006,0.0
20/07/2006,0.0
21/07/2006,21.5
22/07/2006,0.0
23/07/2006,0.0
24/07/2006,0.5
25/07/2006,0.0
26/07/2006,0.0
27/07/2006,3.0
28/07/2006,0.0
29/07/2006,0.0
30/07/2006,0.0
31/07/2006,0.0
01/08/2006,0.0
02/08/2006,0.0
03/08/2006,0.0
04/08/2006,0.0
05/08/2006,0.0
06/08/2006,0.0
07/08/2006,0.0
08/08/2006,0.0
09/08/2006,0.0
10/08/2006,0.0
11/08/2006,0.0
12/08/2006,0.0
13/08/2006,0.0
14/08/2006,0.0
15/08/2006,0.0
16/08/2006,0.0
17/08/2006,0.0
18/08/2006,0.0
19/08/2006,0.0
20/08/2006,0.0
21/08/2006,0.0
22/08/2006,0.0
23/08/2006,0.0
24/08/2006,0.0
25/08/2006,0.0
26/08/2006,0.0
27/08/2006,0.0
28/08/2006,0.0
29/08/2006,0.0
30/08/2006,0.0
31/08/2006,0.0
01/09/2006,0.0
02/09/2006,0.0
03/09/2006,0.0
04/09/2006,0.0
05/09/2006,0.0
06/09/2006,0.0
07/09/2006,0.0
08/09/2006,0.0
09/09/2006,0.0
10/09/2006,0.0
11/09/2006,0.0
12/09/2006,0.0
13/09/2006,0.0
14/09/2006,0.0
15/09/2006,0.0
16/09/2006,0.0
17/09/2006,0.0
18/09/2006,0.0
19/09/2006,0.0
20/09/2006,0.0
21/09/2006,0.0
22/09/2006,0.0
23/09/2006,0.0
24/09/2006,30.0
25/09/2006,8.0
26/09/2006,40.0
27/09/2006,3.5
28/09/2006,0.0
29/09/2006,2.5
30/09/2006,0.0
01/10/2006,0.0
02/10/2006,3.0
03/10/2006,0.0
04/10/2006,1.5
05/10/2006,3.0
06/10/2006,0.0
07/10/2006,0.0
08/10/2006,17.0
09/10/2006,0.0
10/10/2006,9.5
11/10/2006,17.0
12/10/2006,0.0
13/10/2006,0.0
14/10/2006,1.5
15/10/2006,0.0
16/10/2006,0.0
17/10/2006,0.0
18/10/2006,0.0
19/10/2006,0.0
20/10/2006,0.0
21/10/2006,3.5
22/10/2006,0.5
23/10/2006,1.5
24/10/2006,21.0
25/10/2006,21.0
26/10/2006,0.0
27/10/2006,0.0
28/10/2006,0.0
29/10/2006,0.0
30/10/2006,14.5
31/10/2006,0.0
01/11/2006,6.5
02/11/2006,23.5
03/11/2006,10.5
04/11/2006,1.0
05/11/2006,2.5
06/11/2006,0.4
07/11/2006,3.1
08/11/2006,1.5
09/11/2006,0.0
10/11/2006,9.5
11/11/2006,11.5
12/11/2006,45.5
13/11/2006,39.5
14/11/2006,0.0
15/11/2006,3.5
16/11/2006,0.5
17/11/2006,10.5
18/11/2006,29.5
19/11/2006,7.0
20/11/2006,20.0
21/11/2006,38.0
22/11/2006,0.0
23/11/2006,13.0
24/11/2006,41.5
25/11/2006,13.5
26/11/2006,16.5
27/11/2006,0.5
28/11/2006,17.0
29/11/2006,0.5
30/11/2006,0.0
01/12/2006,0.0
02/12/2006,0.0
03/12/2006,0.0
04/12/2006,0.0
05/12/2006,0.0
06/12/2006,0.0
07/12/2006,5.3
08/12/2006,96.1
09/12/2006,6.1
10/12/2006,2.5
11/12/2006,31.9
12/12/2006,71.6
13/12/2006,0.0
14/12/2006,0.4
15/12/2006,6.2
16/12/2006,0.8
17/12/2006,11.5
18/12/2006,4.2
19/12/2006,42.6
20/12/2006,53.9
21/12/2006,29.8
22/12/2006,1.0
23/12/2006,0.5
24/12/2006,1.5
25/12/2006,2.8
26/12/2006,7.2
27/12/2006,1.0
28/12/2006,4.0
29/12/2006,0.0
30/12/2006,0.0
31/12/2006,0.0
01/01/2007,13.4
02/01/2007,5.7
03/01/2007,0.4
04/01/2007,0.0
05/01/2007,3.8
06/01/2007,26.4
07/01/2007,238.6
08/01/2007,21.8
09/01/2007,6.7
10/01/2007,1.3
11/01/2007,1.7
12/01/2007,3.1
13/01/2007,5.0
14/01/2007,39.4
15/01/2007,9.0
16/01/2007,5.8
17/01/2007,3.3
18/01/2007,19.4
19/01/2007,2.2
20/01/2007,0.0
21/01/2007,0.0
22/01/2007,0.0
23/01/2007,1.2
24/01/2007,2.3
25/01/2007,2.3
26/01/2007,8.0
27/01/2007,3.2
28/01/2007,0.0
29/01/2007,1.5
30/01/2007,0.0
31/01/2007,0.0
01/02/2007,0.0
02/02/2007,0.0
03/02/2007,0.0
04/02/2007,0.0
05/02/2007,0.0
06/02/2007,0.0
07/02/2007,0.0
08/02/2007,0.0
09/02/2007,0.0
10/02/2007,0.0
11/02/2007,1.3
12/02/2007,2.2
13/02/2007,0.6
14/02/2007,0.0
15/02/2007,0.0
16/02/2007,0.0
17/02/2007,0.0
18/02/2007,0.0
19/02/2007,0.0
20/02/2007,0.0
21/02/2007,0.0
22/02/2007,0.0
23/02/2007,0.0
24/02/2007,0.0
25/02/2007,0.0
26/02/2007,0.0
27/02/2007,0.0
28/02/2007,2.5
01/03/2007,0.0
02/03/2007,0.0
03/03/2007,0.0
04/03/2007,0.0
05/03/2007,0.0
06/03/2007,0.0
07/03/2007,0.0
08/03/2007,0.0
09/03/2007,0.0
10/03/2007,0.0
11/03/2007,0.0
12/03/2007,0.0
13/03/2007,1.5
14/03/2007,0.0
15/03/2007,0.0
16/03/2007,0.0
17/03/2007,0.0
18/03/2007,0.0
19/03/2007,0.0
20/03/2007,0.4
21/03/2007,99.4
22/03/2007,2.6
23/03/2007,1.1
24/03/2007,0.0
25/03/2007,0.5
26/03/2007,0.0
27/03/2007,0.0
28/03/2007,0.0
29/03/2007,23.5
30/03/2007,6.4
31/03/2007,3.7
01/04/2007,12.9
02/04/2007,0.0
03/04/2007,0.0
04/04/2007,0.0
05/04/2007,0.0
06/04/2007,0.7
07/04/2007,9.7
08/04/2007,1.5
09/04/2007,0.4
10/04/2007,2.8
11/04/2007,2.3
12/04/2007,7.3
13/04/2007,2.2
14/04/2007,0.0
15/04/2007,0.0
16/04/2007,0.0
17/04/2007,0.0
18/04/2007,0.0
19/04/2007,0.0
20/04/2007,0.0
21/04/2007,0.0
22/04/2007,0.0
23/04/2007,2.0
24/04/2007,0.0
25/04/2007,0.4
26/04/2007,3.5
27/04/2007,46.9
28/04/2007,1.2
29/04/2007,40.1
30/04/2007,1.4
01/05/2007,5.5
02/05/2007,0.0
03/05/2007,0.0
04/05/2007,0.0
05/05/2007,0.0
06/05/2007,0.9
07/05/2007,60.1
08/05/2007,0.5
09/05/2007,46.0
10/05/2007,5.5
11/05/2007,0.0
12/05/2007,0.0
13/05/2007,0.0
14/05/2007,0.4
15/05/2007,0.6
16/05/2007,0.5
17/05/2007,0.0
18/05/2007,0.0
19/05/2007,0.0
20/05/2007,0.0
21/05/2007,0.0
22/05/2007,0.0
23/05/2007,0.0
24/05/2007,0.0
25/05/2007,0.0
26/05/2007,0.0
27/05/2007,0.0
28/05/2007,10.0
29/05/2007,0.5
30/05/2007,0.0
31/05/2007,0.0
01/06/2007,0.0
02/06/2007,0.0
03/06/2007,0.0
04/06/2007,0.0
05/06/2007,0.0
06/06/2007,0.4
07/06/2007,11.5
08/06/2007,0.1
09/06/2007,0.0
10/06/2007,0.0
11/06/2007,0.0
12/06/2007,0.0
13/06/2007,0.0
14/06/2007,0.0
15/06/2007,12.0
16/06/2007,13.0
17/06/2007,0.5
18/06/2007,4.5
19/06/2007,10.5
20/06/2007,0.0
21/06/2007,8.0
22/06/2007,0.0
23/06/2007,27.9
24/06/2007,1.1
25/06/2007,7.5
26/06/2007,0.5
27/06/2007,0.0
28/06/2007,0.0
29/06/2007,0.0
30/06/2007,1.0
01/07/2007,9.5
02/07/2007,0.0
03/07/2007,0.0
04/07/2007,0.0
05/07/2007,0.0
06/07/2007,0.0
07/07/2007,0.5
08/07/2007,36.0
09/07/2007,0.0
10/07/2007,2.5
11/07/2007,2.0
12/07/2007,0.0
13/07/2007,16.1
14/07/2007,1.9
15/07/2007,0.0
16/07/2007,0.0
17/07/2007,0.0
18/07/2007,0.0
19/07/2007,0.0
20/07/2007,0.3
21/07/2007,3.5
22/07/2007,11.9
23/07/2007,8.7
24/07/2007,1.4
25/07/2007,0.1
26/07/2007,0.5
27/07/2007,56.0
28/07/2007,13.0
29/07/2007,0.5
30/07/2007,10.0
31/07/2007,15.0
01/08/2007,0.0
02/08/2007,6.0
03/08/2007,0.0
04/08/2007,0.0
05/08/2007,0.4
06/08/2007,1.6
07/08/2007,0.0
08/08/2007,0.0
09/08/2007,0.0
10/08/2007,0.0
11/08/2007,0.0
12/08/2007,28.5
13/08/2007,0.5
14/08/2007,13.5
15/08/2007,0.0
16/08/2007,73.5
17/08/2007,0.0
18/08/2007,0.5
19/08/2007,5.4
20/08/2007,27.6
21/08/2007,4.0
22/08/2007,0.0
23/08/2007,0.5
24/08/2007,0.0
25/08/2007,1.5
26/08/2007,0.0
27/08/2007,7.5
28/08/2007,11.0
29/08/2007,0.0
30/08/2007,0.0
31/08/2007,0.0
01/09/2007,0.0
02/09/2007,0.0
03/09/2007,0.0
04/09/2007,0.0
05/09/2007,0.0
06/09/2007,0.0
07/09/2007,0.0
08/09/2007,11.0
09/09/2007,0.0
10/09/2007,0.0
11/09/2007,0.4
12/09/2007,1.1
13/09/2007,9.7
14/09/2007,14.2
15/09/2007,3.6
16/09/2007,0.0
17/09/2007,0.0
18/09/2007,0.0
19/09/2007,0.0
20/09/2007,0.0
21/09/2007,0.7
22/09/2007,2.8
23/09/2007,6.0
24/09/2007,19.6
25/09/2007,0.9
26/09/2007,14.0
27/09/2007,0.0
28/09/2007,0.0
29/09/2007,0.0
30/09/2007,42.5
01/10/2007,2.5
02/10/2007,1.5
03/10/2007,2.0
04/10/2007,0.3
05/10/2007,4.7
06/10/2007,0.4
07/10/2007,31.1
08/10/2007,0.4
09/10/2007,1.1
10/10/2007,0.4
11/10/2007,4.9
12/10/2007,0.2
13/10/2007,0.0
14/10/2007,0.0
15/10/2007,29.5
16/10/2007,0.0
17/10/2007,0.0
18/10/2007,1.9
19/10/2007,4.1
20/10/2007,2.5
21/10/2007,5.5
22/10/2007,5.0
23/10/2007,9.0
24/10/2007,67.4
25/10/2007,5.7
26/10/2007,1.0
27/10/2007,12.2
28/10/2007,3.1
29/10/2007,60.1
30/10/2007,0.5
31/10/2007,0.0
01/11/2007,17.1
02/11/2007,2.4
03/11/2007,0.0
04/11/2007,0.0
05/11/2007,80.1
06/11/2007,32.9
07/11/2007,15.2
08/11/2007,3.7
09/11/2007,2.1
10/11/2007,12.2
11/11/2007,1.3
12/11/2007,28.2
13/11/2007,1.3
14/11/2007,0.4
15/11/2007,0.6
16/11/2007,28.5
17/11/2007,0.0
18/11/2007,0.0
19/11/2007,0.5
20/11/2007,33.5
21/11/2007,5.5
22/11/2007,0.0
23/11/2007,0.0
24/11/2007,0.0
25/11/2007,0.0
26/11/2007,0.0
27/11/2007,11.5
28/11/2007,0.4
29/11/2007,77.6
30/11/2007,0.0
01/12/2007,0.0
02/12/2007,0.4
03/12/2007,1.4
04/12/2007,0.6
05/12/2007,9.1
06/12/2007,25.7
07/12/2007,48.7
08/12/2007,12.4
09/12/2007,2.1
10/12/2007,5.0
11/12/2007,10.6
12/12/2007,1.0
13/12/2007,57.4
14/12/2007,6.7
15/12/2007,0.4
16/12/2007,34.7
17/12/2007,2.5
18/12/2007,0.4
19/12/2007,8.5
20/12/2007,9.7
21/12/2007,9.3
22/12/2007,0.0
23/12/2007,0.0
24/12/2007,0.0
25/12/2007,0.0
26/12/2007,0.0
27/12/2007,0.5
28/12/2007,0.0
29/12/2007,0.0
30/12/2007,0.4
31/12/2007,55.8
01/01/2008,91.3
02/01/2008,4.7
03/01/2008,35.8
04/01/2008,4.9
05/01/2008,7.5
06/01/2008,1.0
07/01/2008,0.5
08/01/2008,10.0
09/01/2008,0.0
10/01/2008,0.0
11/01/2008,0.0
12/01/2008,0.0
13/01/2008,0.0
14/01/2008,0.0
15/01/2008,0.0
16/01/2008,0.0
17/01/2008,10.2
18/01/2008,39.0
19/01/2008,2.3
20/01/2008,1.5
21/01/2008,4.5
22/01/2008,0.0
23/01/2008,2.5
24/01/2008,0.0
25/01/2008,0.0
26/01/2008,3.0
27/01/2008,1.7
28/01/2008,1.8
29/01/2008,0.0
30/01/2008,0.0
31/01/2008,0.0
01/02/2008,0.0
02/02/2008,0.0
03/02/2008,0.0
04/02/2008,0.0
05/02/2008,0.0
06/02/2008,0.0
07/02/2008,0.0
08/02/2008,0.0
09/02/2008,0.0
10/02/2008,0.0
11/02/2008,0.0
12/02/2008,0.0
13/02/2008,0.0
14/02/2008,0.4
15/02/2008,0.1
16/02/2008,0.0
17/02/2008,0.0
18/02/2008,0.0
19/02/2008,0.0
20/02/2008,0.0
21/02/2008,0.0
22/02/2008,0.0
23/02/2008,0.0
24/02/2008,0.0
25/02/2008,3.5
26/02/2008,10.0
27/02/2008,3.0
28/02/2008,27.2
29/02/2008,3.8
01/03/2008,0.0
02/03/2008,0.5
03/03/2008,0.0
04/03/2008,0.4
05/03/2008,14.1
06/03/2008,0.8
07/03/2008,19.2
08/03/2008,0.0
09/03/2008,0.0
10/03/2008,0.5
11/03/2008,1.5
12/03/2008,9.0
13/03/2008,0.0
14/03/2008,0.0
15/03/2008,0.0
16/03/2008,0.0
17/03/2008,0.0
18/03/2008,0.0
19/03/2008,0.0
20/03/2008,0.0
21/03/2008,0.0
22/03/2008,0.0
23/03/2008,0.0
24/03/2008,12.4
25/03/2008,7.0
26/03/2008,0.1
27/03/2008,0.0
28/03/2008,0.0
29/03/2008,0.0
30/03/2008,0.0
31/03/2008,0.0
01/04/2008,0.5
02/04/2008,2.0
03/04/2008,0.4
04/04/2008,88.0
05/04/2008,5.1
06/04/2008,0.0
07/04/2008,0.4
08/04/2008,0.6
09/04/2008,0.0
10/04/2008,0.0
11/04/2008,0.0
12/04/2008,0.0
13/04/2008,0.0
14/04/2008,0.0
15/04/2008,0.0
16/04/2008,0.0
17/04/2008,0.0
18/04/2008,0.0
19/04/2008,0.0
20/04/2008,0.0
21/04/2008,0.0
22/04/2008,2.0
23/04/2008,66.3
24/04/2008,39.7
25/04/2008,4.0
26/04/2008,0.4
27/04/2008,1.1
28/04/2008,0.0
29/04/2008,0.0
30/04/2008,15.5
01/05/2008,0.0
02/05/2008,0.0
03/05/2008,2.5
04/05/2008,0.9
05/05/2008,1.1
06/05/2008,0.5
07/05/2008,0.0
08/05/2008,0.0
09/05/2008,2.5
10/05/2008,0.0
11/05/2008,0.0
12/05/2008,0.0
13/05/2008,0.0
14/05/2008,0.0
15/05/2008,0.0
16/05/2008,0.0
17/05/2008,0.0
18/05/2008,0.0
19/05/2008,22.0
20/05/2008,0.0
21/05/2008,0.0
22/05/2008,0.0
23/05/2008,0.0
24/05/2008,1.0
25/05/2008,0.0
26/05/2008,0.0
27/05/2008,0.0
28/05/2008,0.0
29/05/2008,0.0
30/05/2008,0.0
31/05/2008,0.0
01/06/2008,0.0
02/06/2008,0.0
03/06/2008,0.0
04/06/2008,0.0
05/06/2008,0.0
06/06/2008,0.0
07/06/2008,0.4
08/06/2008,5.1
09/06/2008,0.5
10/06/2008,9.9
11/06/2008,8.6
12/06/2008,0.5
13/06/2008,0.0
14/06/2008,16.3
15/06/2008,2.2
16/06/2008,2.5
17/06/2008,0.0
18/06/2008,0.0
19/06/2008,6.0
20/06/2008,2.5
21/06/2008,27.9
22/06/2008,8.1
23/06/2008,27.7
24/06/2008,7.3
25/06/2008,0.9
26/06/2008,18.1
27/06/2008,1.5
28/06/2008,0.0
29/06/2008,1.0
30/06/2008,0.0
01/07/2008,11.0
02/07/2008,0.5
03/07/2008,23.0
04/07/2008,0.0
05/07/2008,40.5
06/07/2008,0.0
07/07/2008,0.0
08/07/2008,0.0
09/07/2008,0.0
10/07/2008,0.4
11/07/2008,4.6
12/07/2008,0.0
13/07/2008,0.0
14/07/2008,0.0
15/07/2008,20.5
16/07/2008,0.0
17/07/2008,0.0
18/07/2008,0.0
19/07/2008,0.0
20/07/2008,0.0
21/07/2008,0.0
22/07/2008,3.5
23/07/2008,12.5
24/07/2008,0.5
25/07/2008,0.0
26/07/2008,4.1
27/07/2008,0.9
28/07/2008,0.0
29/07/2008,0.0
30/07/2008,0.0
31/07/2008,0.0
01/08/2008,0.0
02/08/2008,0.0
03/08/2008,0.0
04/08/2008,0.0
05/08/2008,45.0
06/08/2008,4.0
07/08/2008,25.9
08/08/2008,0.1
09/08/2008,0.0
10/08/2008,0.5
11/08/2008,0.5
12/08/2008,25.2
13/08/2008,0.4
14/08/2008,0.0
15/08/2008,0.0
16/08/2008,1.4
17/08/2008,1.6
18/08/2008,9.7
19/08/2008,0.3
20/08/2008,0.0
21/08/2008,0.0
22/08/2008,5.5
23/08/2008,4.0
24/08/2008,0.0
25/08/2008,0.0
26/08/2008,0.0
27/08/2008,0.4
28/08/2008,3.1
29/08/2008,0.0
30/08/2008,0.0
31/08/2008,0.4
01/09/2008,10.6
02/09/2008,0.0
03/09/2008,0.0
04/09/2008,0.0
05/09/2008,0.0
06/09/2008,0.9
07/09/2008,2.5
08/09/2008,20.0
09/09/2008,0.2
10/09/2008,0.5
11/09/2008,0.0
12/09/2008,0.0
13/09/2008,4.7
14/09/2008,0.8
15/09/2008,0.0
16/09/2008,0.5
17/09/2008,36.3
18/09/2008,1.7
19/09/2008,0.0
20/09/2008,0.0
21/09/2008,33.0
22/09/2008,0.5
23/09/2008,0.5
24/09/2008,0.0
25/09/2008,0.0
26/09/2008,10.7
27/09/2008,1.3
28/09/2008,0.0
29/09/2008,13.9
30/09/2008,5.6
01/10/2008,0.5
02/10/2008,0.0
03/10/2008,0.0
04/10/2008,0.0
05/10/2008,0.0
06/10/2008,0.0
07/10/2008,0.0
08/10/2008,0.0
09/10/2008,1.5
10/10/2008,0.0
11/10/2008,0.0
12/10/2008,0.5
13/10/2008,0.4
14/10/2008,0.6
15/10/2008,0.5
16/10/2008,5.5
17/10/2008,0.0
18/10/2008,1.0
19/10/2008,0.4
20/10/2008,15.1
21/10/2008,0.5
22/10/2008,0.6
23/10/2008,5.2
24/10/2008,23.7
25/10/2008,12.5
26/10/2008,0.0
27/10/2008,10.0
28/10/2008,1.0
29/10/2008,60.6
30/10/2008,26.4
31/10/2008,14.5
01/11/2008,0.4
02/11/2008,9.0
03/11/2008,0.6
04/11/2008,0.0
05/11/2008,0.0
06/11/2008,0.0
07/11/2008,2.0
08/11/2008,0.5
09/11/2008,2.5
10/11/2008,10.5
11/11/2008,22.0
12/11/2008,60.1
13/11/2008,23.4
14/11/2008,3.1
15/11/2008,5.5
16/11/2008,0.5
17/11/2008,10.5
18/11/2008,12.6
19/11/2008,65.8
20/11/2008,141.3
21/11/2008,11.0
22/11/2008,0.7
23/11/2008,17.5
24/11/2008,4.4
25/11/2008,10.7
26/11/2008,15.1
27/11/2008,22.0
28/11/2008,5.9
29/11/2008,32.4
30/11/2008,0.4
01/12/2008,50.8
02/12/2008,11.5
03/12/2008,18.8
04/12/2008,0.5
05/12/2008,33.3
06/12/2008,311.6
07/12/2008,30.6
08/12/2008,4.3
09/12/2008,5.7
10/12/2008,0.4
11/12/2008,3.6
12/12/2008,0.4
13/12/2008,3.9
14/12/2008,14.7
15/12/2008,1.0
16/12/2008,1.5
17/12/2008,0.0
18/12/2008,0.5
19/12/2008,0.0
20/12/2008,0.0
21/12/2008,0.0
22/12/2008,0.5
23/12/2008,1.0
24/12/2008,4.8
25/12/2008,172.5
26/12/2008,6.2
27/12/2008,0.9
28/12/2008,2.9
29/12/2008,17.1
30/12/2008,14.0
31/12/2008,54.5
01/01/2009,53.3
02/01/2009,41.7
03/01/2009,10.1
04/01/2009,25.4
05/01/2009,0.5
06/01/2009,0.0
07/01/2009,0.0
08/01/2009,0.0
09/01/2009,0.0
10/01/2009,6.8
11/01/2009,3.2
12/01/2009,58.3
13/01/2009,3.1
14/01/2009,1.7
15/01/2009,0.0
16/01/2009,2.5
17/01/2009,0.0
18/01/2009,0.0
19/01/2009,0.0
20/01/2009,0.0
21/01/2009,0.0
22/01/2009,0.0
23/01/2009,0.0
24/01/2009,32.0
25/01/2009,0.5
26/01/2009,0.0
27/01/2009,0.0
28/01/2009,0.5
29/01/2009,0.0
30/01/2009,0.0
31/01/2009,0.0
01/02/2009,0.0
02/02/2009,0.0
03/02/2009,0.0
04/02/2009,0.0
05/02/2009,0.0
06/02/2009,0.0
07/02/2009,0.0
08/02/2009,0.0
09/02/2009,0.0
10/02/2009,0.0
11/02/2009,0.0
12/02/2009,0.0
13/02/2009,0.0
14/02/2009,0.0
15/02/2009,0.5
16/02/2009,0.0
17/02/2009,0.0
18/02/2009,0.0
19/02/2009,0.0
20/02/2009,0.4
21/02/2009,4.1
22/02/2009,0.0
23/02/2009,0.0
24/02/2009,0.4
25/02/2009,4.5
26/02/2009,0.1
27/02/2009,0.0
28/02/2009,6.1
01/03/2009,1.9
02/03/2009,13.9
03/03/2009,35.1
04/03/2009,0.4
05/03/2009,1.6
06/03/2009,18.1
07/03/2009,45.5
08/03/2009,0.5
09/03/2009,11.0
10/03/2009,0.0
11/03/2009,0.0
12/03/2009,0.5
13/03/2009,0.0
14/03/2009,12.3
15/03/2009,121.7
16/03/2009,111.5
17/03/2009,0.0
18/03/2009,1.1
19/03/2009,0.4
20/03/2009,20.2
21/03/2009,14.8
22/03/2009,0.0
23/03/2009,1.0
24/03/2009,4.5
25/03/2009,0.0
26/03/2009,15.5
27/03/2009,0.0
28/03/2009,1.0
29/03/2009,0.0
30/03/2009,1.5
31/03/2009,0.5
01/04/2009,11.3
02/04/2009,3.7
03/04/2009,0.4
04/04/2009,27.1
05/04/2009,8.0
06/04/2009,0.4
07/04/2009,4.6
08/04/2009,0.6
09/04/2009,21.4
10/04/2009,0.5
11/04/2009,0.0
12/04/2009,0.0
13/04/2009,0.0
14/04/2009,1.4
15/04/2009,52.1
16/04/2009,8.0
17/04/2009,0.0
18/04/2009,7.0
19/04/2009,17.5
20/04/2009,2.5
21/04/2009,0.0
22/04/2009,0.0
23/04/2009,7.0
24/04/2009,5.5
25/04/2009,0.0
26/04/2009,0.0
27/04/2009,0.5
28/04/2009,0.5
29/04/2009,20.5
30/04/2009,0.0
01/05/2009,0.4
02/05/2009,25.5
03/05/2009,2.1
04/05/2009,0.5
05/05/2009,4.5
06/05/2009,0.0
07/05/2009,0.0
08/05/2009,36.5
09/05/2009,7.0
10/05/2009,0.5
11/05/2009,0.0
12/05/2009,0.0
13/05/2009,1.5
14/05/2009,0.5
15/05/2009,0.0
16/05/2009,0.0
17/05/2009,0.4
18/05/2009,1.6
19/05/2009,0.0
20/05/2009,2.9
21/05/2009,4.1
22/05/2009,0.4
23/05/2009,39.1
24/05/2009,0.0
25/05/2009,0.0
26/05/2009,7.4
27/05/2009,1.1
28/05/2009,5.2
29/05/2009,2.3
30/05/2009,3.0
31/05/2009,0.0
01/06/2009,0.0
02/06/2009,4.5
03/06/2009,0.0
04/06/2009,0.0
05/06/2009,0.0
06/06/2009,0.0
07/06/2009,0.0
08/06/2009,0.0
09/06/2009,4.0
10/06/2009,0.5
11/06/2009,1.5
12/06/2009,0.0
13/06/2009,0.0
14/06/2009,0.0
15/06/2009,0.0
16/06/2009,0.0
17/06/2009,0.0
18/06/2009,0.0
19/06/2009,6.0
20/06/2009,0.0
21/06/2009,0.0
22/06/2009,0.0
23/06/2009,41.0
24/06/2009,0.5
25/06/2009,0.0
26/06/2009,2.0
27/06/2009,0.0
28/06/2009,0.0
29/06/2009,13.0
30/06/2009,2.5
01/07/2009,0.0
02/07/2009,0.0
03/07/2009,0.0
04/07/2009,2.2
05/07/2009,0.3
06/07/2009,0.4
07/07/2009,1.1
08/07/2009,0.0
09/07/2009,0.0
10/07/2009,6.0
11/07/2009,1.5
12/07/2009,0.0
13/07/2009,0.0
14/07/2009,0.0
15/07/2009,0.0
16/07/2009,0.0
17/07/2009,0.0
18/07/2009,0.0
19/07/2009,0.0
20/07/2009,0.4
21/07/2009,4.6
22/07/2009,0.5
23/07/2009,0.0
24/07/2009,0.0
25/07/2009,0.0
26/07/2009,0.0
27/07/2009,0.0
28/07/2009,54.5
29/07/2009,0.0
30/07/2009,0.0
31/07/2009,0.0
01/08/2009,37.0
02/08/2009,9.5
03/08/2009,0.0
04/08/2009,0.4
05/08/2009,36.1
06/08/2009,5.0
07/08/2009,50.5
08/08/2009,0.0
09/08/2009,9.1
10/08/2009,5.9
11/08/2009,0.0
12/08/2009,0.0
13/08/2009,0.0
14/08/2009,0.0
15/08/2009,0.0
16/08/2009,0.0
17/08/2009,0.0
18/08/2009,0.0
19/08/2009,0.0
20/08/2009,0.0
21/08/2009,0.0
22/08/2009,38.5
23/08/2009,0.0
24/08/2009,0.0
25/08/2009,0.0
26/08/2009,8.5
27/08/2009,5.5
28/08/2009,0.7
29/08/2009,0.7
30/08/2009,6.6
31/08/2009,0.0
01/09/2009,0.0
02/09/2009,3.0
03/09/2009,0.0
04/09/2009,17.5
05/09/2009,6.8
06/09/2009,16.2
07/09/2009,0.0
08/09/2009,0.0
09/09/2009,3.7
10/09/2009,0.3
11/09/2009,0.0
12/09/2009,0.5
13/09/2009,16.0
14/09/2009,0.0
15/09/2009,0.0
16/09/2009,22.5
17/09/2009,47.4
18/09/2009,6.1
19/09/2009,0.0
20/09/2009,0.0
21/09/2009,5.3
22/09/2009,25.2
23/09/2009,0.9
24/09/2009,26.8
25/09/2009,11.8
26/09/2009,1.3
27/09/2009,0.2
28/09/2009,1.0
29/09/2009,12.5
30/09/2009,12.0
01/10/2009,0.0
02/10/2009,0.0
03/10/2009,0.5
04/10/2009,30.0
05/10/2009,11.5
06/10/2009,2.0
07/10/2009,14.0
08/10/2009,26.7
09/10/2009,13.8
10/10/2009,16.5
11/10/2009,0.5
12/10/2009,2.5
13/10/2009,4.0
14/10/2009,0.0
15/10/2009,0.0
16/10/2009,0.0
17/10/2009,0.0
18/10/2009,8.0
19/10/2009,1.7
20/10/2009,2.8
21/10/2009,0.0
22/10/2009,7.5
23/10/2009,0.0
24/10/2009,0.0
25/10/2009,0.0
26/10/2009,0.0
27/10/2009,0.4
28/10/2009,20.9
29/10/2009,27.2
30/10/2009,32.2
31/10/2009,14.3
01/11/2009,0.5
02/11/2009,89.4
03/11/2009,7.6
04/11/2009,27.7
05/11/2009,196.6
06/11/2009,186.3
07/11/2009,2.0
08/11/2009,1.3
09/11/2009,104.7
10/11/2009,0.0
11/11/2009,0.4
12/11/2009,1.9
13/11/2009,14.3
14/11/2009,5.7
15/11/2009,17.2
16/11/2009,0.5
17/11/2009,10.5
18/11/2009,86.5
19/11/2009,94.1
20/11/2009,210.8
21/11/2009,226.8
22/11/2009,200.0
23/11/2009,154.3
24/11/2009,34.4
25/11/2009,0.0
26/11/2009,0.0
27/11/2009,0.0
28/11/2009,0.3
29/11/2009,3.4
30/11/2009,188.2
01/12/2009,257.9
02/12/2009,156.4
03/12/2009,25.6
04/12/2009,1.6
05/12/2009,0.9
06/12/2009,3.6
07/12/2009,1.0
08/12/2009,0.3
09/12/2009,0.2
10/12/2009,0.0
11/12/2009,0.0
12/12/2009,0.0
13/12/2009,0.4
14/12/2009,28.1
15/12/2009,0.9
16/12/2009,26.8
17/12/2009,14.9
18/12/2009,54.9
19/12/2009,23.8
20/12/2009,19.2
21/12/2009,0.0
22/12/2009,0.0
23/12/2009,1.0
24/12/2009,0.0
25/12/2009,0.4
26/12/2009,10.1
27/12/2009,1.5
28/12/2009,0.0
29/12/2009,0.0
30/12/2009,0.5
31/12/2009,0.4
01/01/2010,154.2
02/01/2010,6.8
03/01/2010,0.1
04/01/2010,28.6
05/01/2010,0.9
06/01/2010,0.4
07/01/2010,95.1
08/01/2010,27.5
09/01/2010,0.0
10/01/2010,0.0
11/01/2010,0.0
12/01/2010,0.0
13/01/2010,5.5
14/01/2010,0.4
15/01/2010,0.6
16/01/2010,0.0
17/01/2010,0.0
18/01/2010,0.5
19/01/2010,0.0
20/01/2010,0.9
21/01/2010,19.1
22/01/2010,0.5
23/01/2010,0.5
24/01/2010,0.0
25/01/2010,0.4
26/01/2010,23.1
27/01/2010,5.0
28/01/2010,0.0
29/01/2010,0.0
30/01/2010,0.0
31/01/2010,0.0
01/02/2010,0.0
02/02/2010,0.0
03/02/2010,0.5
04/02/2010,0.0
05/02/2010,0.0
06/02/2010,0.0
07/02/2010,0.0
08/02/2010,0.3
09/02/2010,9.7
10/02/2010,0.0
11/02/2010,0.0
12/02/2010,0.0
13/02/2010,0.0
14/02/2010,0.0
15/02/2010,0.0
16/02/2010,0.0
17/02/2010,0.8
18/02/2010,0.7
19/02/2010,0.0
20/02/2010,1.5
21/02/2010,10.0
22/02/2010,4.0
23/02/2010,0.0
24/02/2010,0.0
25/02/2010,0.0
26/02/2010,0.0
27/02/2010,0.0
28/02/2010,0.0
01/03/2010,0.0
02/03/2010,0.0
03/03/2010,0.0
04/03/2010,0.0
05/03/2010,0.0
06/03/2010,0.0
07/03/2010,0.0
08/03/2010,0.0
09/03/2010,0.0
10/03/2010,5.5
11/03/2010,4.7
12/03/2010,6.3
13/03/2010,0.4
14/03/2010,12.1
15/03/2010,0.0
16/03/2010,0.0
17/03/2010,1.5
18/03/2010,0.0
19/03/2010,0.0
20/03/2010,3.1
21/03/2010,1.9
22/03/2010,0.0
23/03/2010,0.0
24/03/2010,0.0
25/03/2010,0.0
26/03/2010,0.0
27/03/2010,3.5
28/03/2010,0.4
29/03/2010,5.1
30/03/2010,0.5
31/03/2010,0.0
01/04/2010,0.0
02/04/2010,0.0
03/04/2010,0.0
04/04/2010,0.0
05/04/2010,0.0
06/04/2010,0.0
07/04/2010,0.0
08/04/2010,0.0
09/04/2010,0.0
10/04/2010,0.0
11/04/2010,0.0
12/04/2010,0.0
13/04/2010,0.0
14/04/2010,0.0
15/04/2010,0.0
16/04/2010,0.0
17/04/2010,0.0
18/04/2010,0.5
19/04/2010,0.0
20/04/2010,0.0
21/04/2010,0.0
22/04/2010,0.0
23/04/2010,0.0
24/04/2010,0.0
25/04/2010,0.5
26/04/2010,46.0
27/04/2010,0.0
28/04/2010,0.0
29/04/2010,0.0
30/04/2010,0.0
01/05/2010,0.0
02/05/2010,0.0
03/05/2010,0.0
04/05/2010,0.0
05/05/2010,0.0
06/05/2010,0.0
07/05/2010,0.0
08/05/2010,0.0
09/05/2010,0.0
10/05/2010,0.0
11/05/2010,0.4
12/05/2010,3.9
13/05/2010,0.7
14/05/2010,0.4
15/05/2010,0.1
16/05/2010,3.9
17/05/2010,8.6
18/05/2010,0.0
19/05/2010,0.0
20/05/2010,0.0
21/05/2010,0.0
22/05/2010,0.0
23/05/2010,0.0
24/05/2010,0.0
25/05/2010,0.5
26/05/2010,0.4
27/05/2010,18.6
28/05/2010,5.5
29/05/2010,0.5
30/05/2010,0.0
31/05/2010,0.0
01/06/2010,0.0
02/06/2010,0.0
03/06/2010,0.5
04/06/2010,0.0
05/06/2010,0.0
06/06/2010,0.0
07/06/2010,0.0
08/06/2010,0.0
09/06/2010,1.8
10/06/2010,0.7
11/06/2010,0.0
12/06/2010,0.0
13/06/2010,0.0
14/06/2010,1.0
15/06/2010,6.0
16/06/2010,0.5
17/06/2010,0.0
18/06/2010,0.0
19/06/2010,0.0
20/06/2010,0.5
21/06/2010,14.0
22/06/2010,0.5
23/06/2010,14.5
24/06/2010,0.0
25/06/2010,0.0
26/06/2010,0.0
27/06/2010,0.0
28/06/2010,0.0
29/06/2010,0.0
30/06/2010,0.0
01/07/2010,0.0
02/07/2010,0.0
03/07/2010,0.0
04/07/2010,0.0
05/07/2010,0.0
06/07/2010,0.0
07/07/2010,0.0
08/07/2010,0.0
09/07/2010,0.0
10/07/2010,0.0
11/07/2010,0.5
12/07/2010,66.0
13/07/2010,0.0
14/07/2010,0.0
15/07/2010,3.5
16/07/2010,0.5
17/07/2010,0.4
18/07/2010,37.1
19/07/2010,0.0
20/07/2010,0.0
21/07/2010,0.0
22/07/2010,0.0
23/07/2010,24.0
24/07/2010,0.5
25/07/2010,17.9
26/07/2010,2.1
27/07/2010,3.7
28/07/2010,2.3
29/07/2010,0.3
30/07/2010,1.2
31/07/2010,6.0
01/08/2010,0.5
02/08/2010,0.0
03/08/2010,25.7
04/08/2010,4.8
05/08/2010,0.0
06/08/2010,0.0
07/08/2010,3.5
08/08/2010,0.0
09/08/2010,0.0
10/08/2010,0.0
11/08/2010,0.0
12/08/2010,0.0
13/08/2010,0.0
14/08/2010,0.0
15/08/2010,0.0
16/08/2010,0.0
17/08/2010,0.0
18/08/2010,0.0
19/08/2010,0.0
20/08/2010,0.0
21/08/2010,0.0
22/08/2010,0.5
23/08/2010,42.5
24/08/2010,0.0
25/08/2010,1.0
26/08/2010,0.0
27/08/2010,0.5
28/08/2010,0.0
29/08/2010,0.0
30/08/2010,0.0
31/08/2010,0.0
01/09/2010,0.0
02/09/2010,2.0
03/09/2010,31.6
04/09/2010,11.8
05/09/2010,0.5
06/09/2010,8.8
07/09/2010,2.8
08/09/2010,2.0
09/09/2010,0.4
10/09/2010,1.6
11/09/2010,0.0
12/09/2010,0.0
13/09/2010,0.4
14/09/2010,3.1
15/09/2010,1.0
16/09/2010,0.0
17/09/2010,43.0
18/09/2010,0.0
19/09/2010,0.0
20/09/2010,0.0
21/09/2010,0.0
22/09/2010,0.0
23/09/2010,0.0
24/09/2010,3.0
25/09/2010,0.0
26/09/2010,0.4
27/09/2010,0.6
28/09/2010,5.8
29/09/2010,1.2
30/09/2010,1.0
01/10/2010,0.0
02/10/2010,5.0
03/10/2010,0.0
04/10/2010,7.0
05/10/2010,0.0
06/10/2010,1.6
07/10/2010,6.9
08/10/2010,0.0
09/10/2010,3.5
10/10/2010,0.0
11/10/2010,0.0
12/10/2010,0.5
13/10/2010,17.3
14/10/2010,5.7
15/10/2010,0.5
16/10/2010,0.0
17/10/2010,25.4
18/10/2010,14.1
19/10/2010,0.0
20/10/2010,0.0
21/10/2010,0.0
22/10/2010,0.0
23/10/2010,0.0
24/10/2010,15.5
25/10/2010,50.0
26/10/2010,8.5
27/10/2010,26.5
28/10/2010,13.0
29/10/2010,1.5
30/10/2010,12.9
31/10/2010,37.3
01/11/2010,31.9
02/11/2010,1.0
03/11/2010,5.9
04/11/2010,25.1
05/11/2010,12.5
06/11/2010,0.3
07/11/2010,5.7
08/11/2010,4.4
09/11/2010,0.1
10/11/2010,0.5
11/11/2010,1.6
12/11/2010,10.4
13/11/2010,0.0
14/11/2010,14.0
15/11/2010,0.8
16/11/2010,2.7
17/11/2010,0.0
18/11/2010,4.5
19/11/2010,2.0
20/11/2010,4.5
21/11/2010,5.0
22/11/2010,5.0
23/11/2010,2.5
24/11/2010,18.0
25/11/2010,0.4
26/11/2010,8.1
27/11/2010,0.0
28/11/2010,2.8
29/11/2010,5.4
30/11/2010,4.3
01/12/2010,31.9
02/12/2010,6.0
03/12/2010,13.2
04/12/2010,101.2
05/12/2010,53.7
06/12/2010,0.5
07/12/2010,25.3
08/12/2010,0.6
09/12/2010,11.7
10/12/2010,0.0
11/12/2010,23.5
12/12/2010,0.0
13/12/2010,25.8
14/12/2010,0.7
15/12/2010,1.1
16/12/2010,5.1
17/12/2010,65.3
18/12/2010,30.9
19/12/2010,21.1
20/12/2010,37.5
21/12/2010,31.6
22/12/2010,80.4
23/12/2010,60.0
24/12/2010,0.0
25/12/2010,0.0
26/12/2010,0.0
27/12/2010,5.8
28/12/2010,6.4
29/12/2010,60.6
30/12/2010,57.5
31/12/2010,160.5
01/01/2011,49.7
02/01/2011,5.0
03/01/2011,1.5
04/01/2011,1.2
05/01/2011,10.4
06/01/2011,160.0
07/01/2011,60.5
08/01/2011,5.2
09/01/2011,1.7
10/01/2011,17.1
11/01/2011,0.4
12/01/2011,0.0
13/01/2011,0.0
14/01/2011,0.0
15/01/2011,0.0
16/01/2011,0.0
17/01/2011,0.5
18/01/2011,0.0
19/01/2011,0.0
20/01/2011,0.0
21/01/2011,0.0
22/01/2011,0.0
23/01/2011,0.3
24/01/2011,6.4
25/01/2011,1.5
26/01/2011,0.6
27/01/2011,2.1
28/01/2011,1.6
29/01/2011,26.0
30/01/2011,3.0
31/01/2011,0.0
01/02/2011,3.8
02/02/2011,0.7
03/02/2011,0.5
04/02/2011,0.0
05/02/2011,0.0
06/02/2011,0.0
07/02/2011,0.0
08/02/2011,0.0
09/02/2011,0.0
10/02/2011,0.0
11/02/2011,0.0
12/02/2011,0.0
13/02/2011,0.0
14/02/2011,0.5
15/02/2011,20.5
16/02/2011,0.0
17/02/2011,0.0
18/02/2011,0.0
19/02/2011,0.0
20/02/2011,0.0
21/02/2011,0.7
22/02/2011,9.8
23/02/2011,0.0
24/02/2011,0.0
25/02/2011,0.0
26/02/2011,0.0
27/02/2011,0.0
28/02/2011,0.0
01/03/2011,0.0
02/03/2011,0.0
03/03/2011,0.0
04/03/2011,0.5
05/03/2011,0.0
06/03/2011,0.0
07/03/2011,0.0
08/03/2011,10.3
09/03/2011,0.2
10/03/2011,0.5
11/03/2011,16.1
12/03/2011,15.3
13/03/2011,1.2
14/03/2011,5.5
15/03/2011,8.7
16/03/2011,106.2
17/03/2011,71.6
18/03/2011,7.3
19/03/2011,2.8
20/03/2011,1.4
21/03/2011,1.8
22/03/2011,5.7
23/03/2011,0.5
24/03/2011,17.4
25/03/2011,35.1
26/03/2011,2.5
27/03/2011,0.0
28/03/2011,187.3
29/03/2011,202.0
30/03/2011,21.6
31/03/2011,2.5
01/04/2011,3.1
02/04/2011,4.3
03/04/2011,0.7
04/04/2011,0.0
05/04/2011,0.0
06/04/2011,0.0
07/04/2011,0.0
08/04/2011,0.4
09/04/2011,5.6
10/04/2011,18.4
11/04/2011,0.6
12/04/2011,0.0
13/04/2011,0.0
14/04/2011,0.0
15/04/2011,0.0
16/04/2011,0.0
17/04/2011,0.0
18/04/2011,5.0
19/04/2011,0.0
20/04/2011,0.0
21/04/2011,0.0
22/04/2011,0.0
23/04/2011,0.0
24/04/2011,0.0
25/04/2011,0.0
26/04/2011,0.3
27/04/2011,2.7
28/04/2011,0.0
29/04/2011,0.0
30/04/2011,0.0
01/05/2011,1.0
02/05/2011,0.0
03/05/2011,0.0
04/05/2011,0.0
05/05/2011,0.0
06/05/2011,4.0
07/05/2011,0.5
08/05/2011,0.4
09/05/2011,3.1
10/05/2011,4.0
11/05/2011,13.8
12/05/2011,68.7
13/05/2011,0.0
14/05/2011,7.5
15/05/2011,2.5
16/05/2011,0.0
17/05/2011,0.5
18/05/2011,0.0
19/05/2011,0.0
20/05/2011,0.0
21/05/2011,0.0
22/05/2011,0.0
23/05/2011,1.0
24/05/2011,0.0
25/05/2011,0.5
26/05/2011,0.4
27/05/2011,56.1
28/05/2011,0.5
29/05/2011,2.5
30/05/2011,0.0
31/05/2011,0.0
01/06/2011,0.4
02/06/2011,0.1
03/06/2011,0.0
04/06/2011,0.0
05/06/2011,0.0
06/06/2011,0.0
07/06/2011,1.5
08/06/2011,0.5
09/06/2011,0.5
10/06/2011,0.0
11/06/2011,1.5
12/06/2011,0.0
13/06/2011,1.3
14/06/2011,0.6
15/06/2011,19.6
16/06/2011,0.0
17/06/2011,0.0
18/06/2011,1.5
19/06/2011,0.5
20/06/2011,0.0
21/06/2011,0.5
22/06/2011,91.0
23/06/2011,1.0
24/06/2011,0.5
25/06/2011,0.0
26/06/2011,0.0
27/06/2011,0.0
28/06/2011,0.0
29/06/2011,0.0
30/06/2011,0.0
01/07/2011,0.0
02/07/2011,0.5
03/07/2011,31.4
04/07/2011,2.1
05/07/2011,2.5
06/07/2011,0.0
07/07/2011,0.0
08/07/2011,0.0
09/07/2011,0.0
10/07/2011,0.0
11/07/2011,0.0
12/07/2011,18.9
13/07/2011,3.1
14/07/2011,0.0
15/07/2011,61.0
16/07/2011,0.0
17/07/2011,0.0
18/07/2011,0.0
19/07/2011,0.0
20/07/2011,0.0
21/07/2011,29.5
22/07/2011,0.5
23/07/2011,30.0
24/07/2011,4.0
25/07/2011,20.0
26/07/2011,0.5
27/07/2011,0.0
28/07/2011,0.0
29/07/2011,0.0
30/07/2011,5.0
31/07/2011,0.0
01/08/2011,0.0
02/08/2011,0.0
03/08/2011,0.0
04/08/2011,0.0
05/08/2011,0.0
06/08/2011,2.1
07/08/2011,2.4
08/08/2011,0.5
09/08/2011,0.0
10/08/2011,9.0
11/08/2011,0.0
12/08/2011,5.5
13/08/2011,0.0
14/08/2011,0.0
15/08/2011,25.0
16/08/2011,0.0
17/08/2011,0.0
18/08/2011,0.0
19/08/2011,0.0
20/08/2011,1.0
21/08/2011,0.0
22/08/2011,0.0
23/08/2011,0.5
24/08/2011,10.5
25/08/2011,47.4
26/08/2011,1.1
27/08/2011,47.5
28/08/2011,89.5
29/08/2011,38.5
30/08/2011,0.0
31/08/2011,0.0
01/09/2011,0.0
02/09/2011,13.8
03/09/2011,0.7
04/09/2011,34.0
05/09/2011,0.0
06/09/2011,0.0
07/09/2011,25.5
08/09/2011,0.5
09/09/2011,6.8
10/09/2011,3.6
11/09/2011,0.1
12/09/2011,0.0
13/09/2011,0.0
14/09/2011,0.0
15/09/2011,0.0
16/09/2011,0.0
17/09/2011,0.0
18/09/2011,9.0
19/09/2011,11.0
20/09/2011,54.0
21/09/2011,0.5
22/09/2011,14.6
23/09/2011,3.4
24/09/2011,26.0
25/09/2011,26.5
26/09/2011,22.6
27/09/2011,0.9
28/09/2011,0.0
29/09/2011,0.0
30/09/2011,2.0
01/10/2011,0.0
02/10/2011,0.5
03/10/2011,0.0
04/10/2011,46.0
05/10/2011,24.8
06/10/2011,1.7
07/10/2011,16.5
08/10/2011,2.9
09/10/2011,37.1
10/10/2011,0.5
11/10/2011,37.0
12/10/2011,0.0
13/10/2011,0.5
14/10/2011,0.0
15/10/2011,0.0
16/10/2011,0.0
17/10/2011,0.4
18/10/2011,25.9
19/10/2011,34.1
20/10/2011,3.9
21/10/2011,0.4
22/10/2011,18.1
23/10/2011,4.0
24/10/2011,28.0
25/10/2011,11.4
26/10/2011,12.0
27/10/2011,66.1
28/10/2011,0.4
29/10/2011,52.0
30/10/2011,9.0
31/10/2011,21.6
01/11/2011,21.3
02/11/2011,6.7
03/11/2011,6.0
04/11/2011,2.5
05/11/2011,36.8
06/11/2011,0.2
07/11/2011,0.5
08/11/2011,16.0
09/11/2011,0.0
10/11/2011,0.0
11/11/2011,0.0
12/11/2011,55.5
13/11/2011,6.6
14/11/2011,9.1
15/11/2011,26.5
16/11/2011,21.3
17/11/2011,0.0
18/11/2011,0.0
19/11/2011,0.4
20/11/2011,82.7
21/11/2011,44.3
22/11/2011,31.6
23/11/2011,86.3
24/11/2011,4.6
25/11/2011,4.5
26/11/2011,18.2
27/11/2011,0.8
28/11/2011,19.4
29/11/2011,40.6
30/11/2011,26.0
01/12/2011,1.5
02/12/2011,0.0
03/12/2011,1.5
04/12/2011,47.2
05/12/2011,31.3
06/12/2011,0.0
07/12/2011,0.0
08/12/2011,0.0
09/12/2011,0.0
10/12/2011,2.0
11/12/2011,0.9
12/12/2011,5.6
13/12/2011,0.0
14/12/2011,0.0
15/12/2011,25.7
16/12/2011,19.3
17/12/2011,5.4
18/12/2011,7.6
19/12/2011,0.5
20/12/2011,4.5
21/12/2011,46.5
22/12/2011,0.5
23/12/2011,5.5
24/12/2011,1.0
25/12/2011,0.0
26/12/2011,1.0
27/12/2011,4.7
28/12/2011,6.8
29/12/2011,5.9
30/12/2011,65.8
31/12/2011,11.3
01/01/2012,0.0
02/01/2012,0.0
03/01/2012,0.0
04/01/2012,0.0
05/01/2012,0.0
06/01/2012,0.5
07/01/2012,0.4
08/01/2012,4.6
09/01/2012,7.4
10/01/2012,1.9
11/01/2012,11.0
12/01/2012,2.3
13/01/2012,25.8
14/01/2012,26.1
15/01/2012,1.0
16/01/2012,0.5
17/01/2012,0.5
18/01/2012,0.0
19/01/2012,0.0
20/01/2012,17.0
21/01/2012,1.0
22/01/2012,0.0
23/01/2012,0.0
24/01/2012,0.0
25/01/2012,0.0
26/01/2012,0.3
27/01/2012,5.0
28/01/2012,83.5
29/01/2012,2.7
30/01/2012,0.0
31/01/2012,0.0
01/02/2012,0.5
02/02/2012,15.0
03/02/2012,1.5
04/02/2012,0.0
05/02/2012,0.4
06/02/2012,0.1
07/02/2012,0.0
08/02/2012,0.0
09/02/2012,0.0
10/02/2012,0.5
11/02/2012,0.0
12/02/2012,0.5
13/02/2012,0.0
14/02/2012,0.0
15/02/2012,0.0
16/02/2012,0.0
17/02/2012,0.0
18/02/2012,0.0
19/02/2012,0.0
20/02/2012,0.0
21/02/2012,0.5
22/02/2012,0.0
23/02/2012,0.0
24/02/2012,0.0
25/02/2012,0.0
26/02/2012,0.0
27/02/2012,0.0
28/02/2012,1.9
29/02/2012,16.4
01/03/2012,32.7
02/03/2012,39.2
03/03/2012,45.3
04/03/2012,0.0
05/03/2012,0.0
06/03/2012,0.0
07/03/2012,0.4
08/03/2012,44.1
09/03/2012,0.0
10/03/2012,0.4
11/03/2012,113.6
12/03/2012,180.2
13/03/2012,87.2
14/03/2012,19.7
15/03/2012,0.0
16/03/2012,0.0
17/03/2012,0.0
18/03/2012,0.0
19/03/2012,0.0
20/03/2012,0.0
21/03/2012,0.0
22/03/2012,0.0
23/03/2012,11.0
24/03/2012,0.0
25/03/2012,0.5
26/03/2012,0.6
27/03/2012,7.4
28/03/2012,0.0
29/03/2012,0.0
30/03/2012,0.0
31/03/2012,0.0
01/04/2012,0.0
02/04/2012,1.5
03/04/2012,0.0
04/04/2012,0.0
05/04/2012,0.4
06/04/2012,8.1
07/04/2012,0.3
08/04/2012,27.0
09/04/2012,12.7
10/04/2012,0.0
11/04/2012,0.0
12/04/2012,0.0
13/04/2012,0.5
14/04/2012,1.0
15/04/2012,0.0
16/04/2012,0.0
17/04/2012,0.0
18/04/2012,0.0
19/04/2012,0.0
20/04/2012,0.0
21/04/2012,25.5
22/04/2012,13.0
23/04/2012,0.5
24/04/2012,0.0
25/04/2012,0.0
26/04/2012,0.5
27/04/2012,0.4
28/04/2012,3.6
29/04/2012,18.0
30/04/2012,7.0
01/05/2012,0.0
02/05/2012,0.0
03/05/2012,0.0
04/05/2012,0.4
05/05/2012,0.1
06/05/2012,4.0
07/05/2012,0.0
08/05/2012,0.0
09/05/2012,16.5
10/05/2012,0.0
11/05/2012,0.0
12/05/2012,0.0
13/05/2012,0.0
14/05/2012,2.6
15/05/2012,0.4
16/05/2012,4.5
17/05/2012,0.0
18/05/2012,0.0
19/05/2012,0.0
20/05/2012,0.0
21/05/2012,0.0
22/05/2012,19.5
23/05/2012,0.8
24/05/2012,45.6
25/05/2012,19.1
26/05/2012,0.0
27/05/2012,0.0
28/05/2012,0.0
29/05/2012,0.0
30/05/2012,0.0
31/05/2012,0.5
01/06/2012,48.0
02/06/2012,5.2
03/06/2012,0.3
04/06/2012,26.5
05/06/2012,9.5
06/06/2012,0.0
07/06/2012,0.0
08/06/2012,0.0
09/06/2012,0.0
10/06/2012,0.0
11/06/2012,0.0
12/06/2012,0.0
13/06/2012,0.0
14/06/2012,0.0
15/06/2012,0.0
16/06/2012,0.0
17/06/2012,0.0
18/06/2012,0.8
19/06/2012,0.7
20/06/2012,11.5
21/06/2012,0.0
22/06/2012,0.0
23/06/2012,0.5
24/06/2012,4.0
25/06/2012,1.5
26/06/2012,0.0
27/06/2012,16.0
28/06/2012,0.0
29/06/2012,2.5
30/06/2012,0.0
01/07/2012,0.0
02/07/2012,0.0
03/07/2012,0.0
04/07/2012,0.5
05/07/2012,0.5
06/07/2012,0.0
07/07/2012,0.0
08/07/2012,0.0
09/07/2012,0.0
10/07/2012,0.0
11/07/2012,0.0
12/07/2012,0.0
13/07/2012,0.0
14/07/2012,0.0
15/07/2012,0.0
16/07/2012,0.0
17/07/2012,0.0
18/07/2012,0.0
19/07/2012,0.8
20/07/2012,0.7
21/07/2012,0.0
22/07/2012,21.5
23/07/2012,0.5
24/07/2012,0.0
25/07/2012,0.0
26/07/2012,0.0
27/07/2012,0.0
28/07/2012,0.0
29/07/2012,0.0
30/07/2012,4.0
31/07/2012,0.0
01/08/2012,0.0
02/08/2012,0.0
03/08/2012,0.4
04/08/2012,0.6
05/08/2012,13.0
06/08/2012,0.0
07/08/2012,21.4
08/08/2012,0.1
09/08/2012,0.0
10/08/2012,0.0
11/08/2012,0.0
12/08/2012,0.0
13/08/2012,0.5
14/08/2012,0.0
15/08/2012,0.5
16/08/2012,6.0
17/08/2012,3.0
18/08/2012,0.5
19/08/2012,0.0
20/08/2012,0.0
21/08/2012,0.0
22/08/2012,0.0
23/08/2012,0.0
24/08/2012,0.0
25/08/2012,0.0
26/08/2012,0.0
27/08/2012,17.0
28/08/2012,21.5
29/08/2012,0.0
30/08/2012,12.0
31/08/2012,20.0
01/09/2012,0.0
02/09/2012,0.0
03/09/2012,0.3
04/09/2012,5.2
05/09/2012,0.0
06/09/2012,0.0
07/09/2012,0.0
08/09/2012,6.5
09/09/2012,0.0
10/09/2012,0.0
11/09/2012,19.1
12/09/2012,8.4
13/09/2012,32.8
14/09/2012,26.1
15/09/2012,30.5
16/09/2012,0.5
17/09/2012,0.0
18/09/2012,30.0
19/09/2012,0.4
20/09/2012,2.6
21/09/2012,16.0
22/09/2012,13.7
23/09/2012,1.3
24/09/2012,41.0
25/09/2012,6.5
26/09/2012,28.0
27/09/2012,0.0
28/09/2012,0.0
29/09/2012,11.0
30/09/2012,0.4
01/10/2012,0.1
02/10/2012,1.0
03/10/2012,0.0
04/10/2012,1.0
05/10/2012,10.0
06/10/2012,13.0
07/10/2012,3.1
08/10/2012,3.7
09/10/2012,1.2
10/10/2012,0.0
11/10/2012,0.0
12/10/2012,0.0
13/10/2012,0.0
14/10/2012,1.2
15/10/2012,5.8
16/10/2012,13.0
17/10/2012,0.4
18/10/2012,27.5
19/10/2012,169.6
20/10/2012,0.4
21/10/2012,9.9
22/10/2012,67.2
23/10/2012,0.0
24/10/2012,0.4
25/10/2012,13.1
26/10/2012,0.0
27/10/2012,0.0
28/10/2012,0.0
29/10/2012,0.0
30/10/2012,0.4
31/10/2012,2.6
01/11/2012,60.1
02/11/2012,13.7
03/11/2012,12.2
04/11/2012,19.9
05/11/2012,1.7
06/11/2012,0.5
07/11/2012,0.5
08/11/2012,50.9
09/11/2012,8.6
10/11/2012,12.4
11/11/2012,0.1
12/11/2012,0.5
13/11/2012,11.0
14/11/2012,0.0
15/11/2012,0.0
16/11/2012,0.0
17/11/2012,0.0
18/11/2012,0.0
19/11/2012,0.4
20/11/2012,0.1
21/11/2012,0.0
22/11/2012,0.0
23/11/2012,0.8
24/11/2012,11.5
25/11/2012,0.2
26/11/2012,0.4
27/11/2012,17.1
28/11/2012,0.4
29/11/2012,15.9
30/11/2012,1.0
01/12/2012,11.1
02/12/2012,0.0
03/12/2012,0.4
04/12/2012,5.5
05/12/2012,44.1
06/12/2012,1.5
07/12/2012,0.0
08/12/2012,0.5
09/12/2012,12.0
10/12/2012,0.4
11/12/2012,0.6
12/12/2012,5.5
13/12/2012,33.8
14/12/2012,5.5
15/12/2012,7.5
16/12/2012,29.5
17/12/2012,24.7
18/12/2012,47.1
19/12/2012,64.5
20/12/2012,18.1
21/12/2012,18.2
22/12/2012,99.1
23/12/2012,113.7
24/12/2012,112.0
25/12/2012,100.3
26/12/2012,24.2
27/12/2012,2.3
28/12/2012,0.5
29/12/2012,0.0
30/12/2012,0.5
31/12/2012,56.0
01/01/2013,18.4
02/01/2013,12.8
03/01/2013,61.0
04/01/2013,0.8
05/01/2013,0.0
06/01/2013,0.0
07/01/2013,0.0
08/01/2013,0.0
09/01/2013,1.5
10/01/2013,1.5
11/01/2013,7.9
12/01/2013,4.1
13/01/2013,0.0
14/01/2013,0.0
15/01/2013,0.0
16/01/2013,0.5
17/01/2013,0.5
18/01/2013,30.4
19/01/2013,3.9
20/01/2013,8.4
21/01/2013,4.4
22/01/2013,1.6
23/01/2013,3.7
24/01/2013,22.7
25/01/2013,0.0
26/01/2013,0.0
27/01/2013,0.0
28/01/2013,0.0
29/01/2013,0.0
30/01/2013,0.0
31/01/2013,0.0
01/02/2013,0.0
02/02/2013,9.6
03/02/2013,1.9
04/02/2013,1.0
05/02/2013,0.0
06/02/2013,0.0
07/02/2013,0.0
08/02/2013,0.0
09/02/2013,0.0
10/02/2013,1.4
11/02/2013,33.9
12/02/2013,47.2
13/02/2013,5.5
14/02/2013,3.6
15/02/2013,64.8
16/02/2013,14.2
17/02/2013,0.5
18/02/2013,9.4
19/02/2013,0.1
20/02/2013,0.0
21/02/2013,0.0
22/02/2013,0.0
23/02/2013,0.5
24/02/2013,7.8
25/02/2013,112.1
26/02/2013,5.5
27/02/2013,7.8
28/02/2013,17.5
01/03/2013,38.7
02/03/2013,0.0
03/03/2013,0.0
04/03/2013,0.0
05/03/2013,0.0
06/03/2013,0.4
07/03/2013,7.1
08/03/2013,0.0
09/03/2013,0.0
10/03/2013,0.0
11/03/2013,0.0
12/03/2013,0.0
13/03/2013,0.0
14/03/2013,0.0
15/03/2013,21.1
16/03/2013,12.8
17/03/2013,0.6
18/03/2013,0.0
19/03/2013,0.0
20/03/2013,0.0
21/03/2013,0.0
22/03/2013,0.0
23/03/2013,0.0
24/03/2013,0.5
25/03/2013,0.0
26/03/2013,0.0
27/03/2013,0.0
28/03/2013,0.0
29/03/2013,0.0
30/03/2013,0.0
31/03/2013,0.0
01/04/2013,0.0
02/04/2013,0.0
03/04/2013,0.0
04/04/2013,0.0
05/04/2013,0.5
06/04/2013,0.0
07/04/2013,0.0
08/04/2013,0.0
09/04/2013,0.0
10/04/2013,11.5
11/04/2013,5.5
12/04/2013,16.5
13/04/2013,0.0
14/04/2013,0.0
15/04/2013,0.0
16/04/2013,0.5
17/04/2013,39.3
18/04/2013,0.2
19/04/2013,28.0
20/04/2013,0.0
21/04/2013,0.0
22/04/2013,0.0
23/04/2013,0.0
24/04/2013,2.4
25/04/2013,10.1
26/04/2013,0.0
27/04/2013,0.0
28/04/2013,0.5
29/04/2013,0.0
30/04/2013,0.5
01/05/2013,14.3
02/05/2013,1.2
03/05/2013,0.0
04/05/2013,0.0
05/05/2013,0.3
06/05/2013,2.2
07/05/2013,0.0
08/05/2013,0.0
09/05/2013,0.0
10/05/2013,0.5
11/05/2013,0.8
12/05/2013,0.2
13/05/2013,0.0
14/05/2013,0.0
15/05/2013,5.0
16/05/2013,0.3
17/05/2013,0.7
18/05/2013,0.0
19/05/2013,12.0
20/05/2013,0.5
21/05/2013,0.0
22/05/2013,0.0
23/05/2013,4.0
24/05/2013,20.0
25/05/2013,0.0
26/05/2013,0.0
27/05/2013,0.0
28/05/2013,0.3
29/05/2013,1.7
30/05/2013,22.0
31/05/2013,0.0
01/06/2013,0.0
02/06/2013,0.0
03/06/2013,0.0
04/06/2013,0.0
05/06/2013,4.5
06/06/2013,0.0
07/06/2013,0.0
08/06/2013,0.0
09/06/2013,0.0
10/06/2013,0.0
11/06/2013,73.0
12/06/2013,0.0
13/06/2013,0.0
14/06/2013,0.0
15/06/2013,0.0
16/06/2013,0.0
17/06/2013,0.0
18/06/2013,0.0
19/06/2013,0.0
20/06/2013,0.0
21/06/2013,0.0
22/06/2013,0.0
23/06/2013,0.0
24/06/2013,0.0
25/06/2013,0.0
26/06/2013,0.0
27/06/2013,0.0
28/06/2013,0.0
29/06/2013,0.5
30/06/2013,0.0
01/07/2013,0.5
02/07/2013,8.8
03/07/2013,0.7
04/07/2013,46.9
05/07/2013,2.6
06/07/2013,0.0
07/07/2013,0.0
08/07/2013,0.0
09/07/2013,8.0
10/07/2013,0.4
11/07/2013,16.6
12/07/2013,0.0
13/07/2013,0.5
14/07/2013,14.5
15/07/2013,0.0
16/07/2013,0.0
17/07/2013,0.0
18/07/2013,0.5
19/07/2013,0.0
20/07/2013,0.0
21/07/2013,0.0
22/07/2013,0.0
23/07/2013,0.0
24/07/2013,0.0
25/07/2013,0.5
26/07/2013,21.0
27/07/2013,0.0
28/07/2013,0.0
29/07/2013,13.0
30/07/2013,24.0
31/07/2013,0.0
01/08/2013,3.6
02/08/2013,22.9
03/08/2013,0.0
04/08/2013,0.4
05/08/2013,44.4
06/08/2013,3.1
07/08/2013,0.0
08/08/2013,32.5
09/08/2013,0.0
10/08/2013,0.0
11/08/2013,0.0
12/08/2013,0.6
13/08/2013,0.4
14/08/2013,0.0
15/08/2013,0.0
16/08/2013,0.0
17/08/2013,0.0
18/08/2013,0.0
19/08/2013,0.0
20/08/2013,0.0
21/08/2013,0.0
22/08/2013,0.0
23/08/2013,0.0
24/08/2013,0.0
25/08/2013,0.5
26/08/2013,0.5
27/08/2013,16.0
28/08/2013,0.5
29/08/2013,0.0
30/08/2013,0.0
31/08/2013,0.0
01/09/2013,0.0
02/09/2013,0.0
03/09/2013,0.0
04/09/2013,0.0
05/09/2013,0.0
06/09/2013,33.5
07/09/2013,28.5
08/09/2013,35.0
09/09/2013,3.0
10/09/2013,0.0
11/09/2013,0.0
12/09/2013,0.0
13/09/2013,0.0
14/09/2013,17.5
15/09/2013,0.0
16/09/2013,9.0
17/09/2013,0.0
18/09/2013,0.5
19/09/2013,16.5
20/09/2013,0.5
21/09/2013,0.0
22/09/2013,0.0
23/09/2013,0.0
24/09/2013,0.0
25/09/2013,14.5
26/09/2013,7.5
27/09/2013,0.5
28/09/2013,8.1
29/09/2013,1.4
30/09/2013,0.0
01/10/2013,1.7
02/10/2013,31.8
03/10/2013,38.7
04/10/2013,8.5
05/10/2013,24.3
06/10/2013,0.0
07/10/2013,0.0
08/10/2013,15.6
09/10/2013,6.9
10/10/2013,0.0
11/10/2013,26.7
12/10/2013,4.3
13/10/2013,13.4
14/10/2013,18.6
15/10/2013,8.6
16/10/2013,0.9
17/10/2013,0.5
18/10/2013,8.6
19/10/2013,4.9
20/10/2013,5.0
21/10/2013,1.5
22/10/2013,77.2
23/10/2013,11.9
24/10/2013,0.9
25/10/2013,1.0
26/10/2013,2.6
27/10/2013,4.9
28/10/2013,8.5
29/10/2013,0.5
30/10/2013,0.0
31/10/2013,0.5
01/11/2013,140.5
02/11/2013,0.5
03/11/2013,1.0
04/11/2013,2.7
05/11/2013,113.6
06/11/2013,28.7
07/11/2013,0.0
08/11/2013,0.0
09/11/2013,5.2
10/11/2013,1.8
11/11/2013,0.0
12/11/2013,0.0
13/11/2013,0.5
14/11/2013,20.3
15/11/2013,15.3
16/11/2013,0.5
17/11/2013,17.5
18/11/2013,19.8
19/11/2013,91.6
20/11/2013,94.5
21/11/2013,2.1
22/11/2013,21.6
23/11/2013,1.4
24/11/2013,0.5
25/11/2013,1.9
26/11/2013,3.6
27/11/2013,6.5
28/11/2013,9.1
29/11/2013,35.3
30/11/2013,38.6
01/12/2013,81.9
02/12/2013,132.0
03/12/2013,74.9
04/12/2013,186.3
05/12/2013,13.0
06/12/2013,26.1
07/12/2013,25.7
08/12/2013,4.1
09/12/2013,59.4
10/12/2013,319.9
11/12/2013,0.4
12/12/2013,36.1
13/12/2013,0.3
14/12/2013,3.0
15/12/2013,0.6
16/12/2013,3.3
17/12/2013,8.2
18/12/2013,0.5
19/12/2013,1.0
20/12/2013,0.0
21/12/2013,5.0
22/12/2013,0.5
23/12/2013,0.0
24/12/2013,0.0
25/12/2013,2.6
26/12/2013,0.9
27/12/2013,0.0
28/12/2013,0.0
29/12/2013,0.0
30/12/2013,0.9
31/12/2013,7.0
01/01/2014,2.1
02/01/2014,0.4
03/01/2014,0.1
04/01/2014,0.4
05/01/2014,6.6
06/01/2014,0.0
07/01/2014,0.0
08/01/2014,0.5
09/01/2014,7.0
10/01/2014,5.0
11/01/2014,95.8
12/01/2014,6.6
13/01/2014,1.7
14/01/2014,1.0
15/01/2014,0.0
16/01/2014,0.0
17/01/2014,0.0
18/01/2014,0.0
19/01/2014,0.0
20/01/2014,0.0
21/01/2014,0.0
22/01/2014,0.0
23/01/2014,0.0
24/01/2014,0.0
25/01/2014,0.0
26/01/2014,0.0
27/01/2014,0.0
28/01/2014,0.5
29/01/2014,0.0
30/01/2014,0.0
31/01/2014,0.0
01/02/2014,0.0
02/02/2014,0.0
03/02/2014,0.0
04/02/2014,0.0
05/02/2014,0.0
06/02/2014,0.0
07/02/2014,0.0
08/02/2014,0.0
09/02/2014,0.0
10/02/2014,0.0
11/02/2014,0.0
12/02/2014,0.0
13/02/2014,0.0
14/02/2014,0.0
15/02/2014,0.5
16/02/2014,0.0
17/02/2014,0.0
18/02/2014,0.0
19/02/2014,0.0
20/02/2014,0.0
21/02/2014,0.0
22/02/2014,0.0
23/02/2014,0.0
24/02/2014,0.0
25/02/2014,0.0
26/02/2014,0.0
27/02/2014,0.0
28/02/2014,0.0
01/03/2014,0.0
02/03/2014,0.0
03/03/2014,0.0
04/03/2014,0.0
05/03/2014,0.0
06/03/2014,0.0
07/03/2014,0.0
08/03/2014,0.0
09/03/2014,0.0
10/03/2014,0.0
11/03/2014,0.0
12/03/2014,0.0
13/03/2014,0.0
14/03/2014,0.0
15/03/2014,1.6
16/03/2014,3.9
17/03/2014,0.0
18/03/2014,0.0
19/03/2014,0.0
20/03/2014,0.0
21/03/2014,0.0
22/03/2014,0.0
23/03/2014,0.0
24/03/2014,0.0
25/03/2014,0.0
26/03/2014,0.0
27/03/2014,0.0
28/03/2014,0.4
29/03/2014,5.1
30/03/2014,0.5
31/03/2014,0.0
01/04/2014,0.0
02/04/2014,0.0
03/04/2014,0.0
04/04/2014,0.0
05/04/2014,0.0
06/04/2014,0.0
07/04/2014,0.0
08/04/2014,0.0
09/04/2014,0.0
10/04/2014,0.0
11/04/2014,0.0
12/04/2014,0.0
13/04/2014,0.0
14/04/2014,0.0
15/04/2014,0.0
16/04/2014,0.0
17/04/2014,0.0
18/04/2014,0.0
19/04/2014,0.0
20/04/2014,0.0
21/04/2014,0.0
22/04/2014,0.0
23/04/2014,0.0
24/04/2014,0.0
25/04/2014,0.0
26/04/2014,0.0
27/04/2014,0.0
28/04/2014,0.0
29/04/2014,0.0
30/04/2014,0.0
01/05/2014,0.0
02/05/2014,0.0
03/05/2014,0.0
04/05/2014,0.4
05/05/2014,36.6
06/05/2014,0.0
07/05/2014,22.0
08/05/2014,0.0
09/05/2014,0.0
10/05/2014,0.0
11/05/2014,0.0
12/05/2014,0.0
13/05/2014,0.0
14/05/2014,0.0
15/05/2014,0.0
16/05/2014,11.5
17/05/2014,14.5
18/05/2014,0.0
19/05/2014,0.0
20/05/2014,1.0
21/05/2014,0.0
22/05/2014,28.5
23/05/2014,0.0
24/05/2014,0.0
25/05/2014,0.0
26/05/2014,0.0
27/05/2014,2.5
28/05/2014,0.0
29/05/2014,0.0
30/05/2014,0.0
31/05/2014,1.5
01/06/2014,16.5
02/06/2014,0.0
03/06/2014,0.0
04/06/2014,19.5
05/06/2014,0.0
06/06/2014,0.0
07/06/2014,0.0
08/06/2014,0.0
09/06/2014,0.0
10/06/2014,1.5
11/06/2014,0.0
12/06/2014,14.5
13/06/2014,0.0
14/06/2014,0.0
15/06/2014,0.0
16/06/2014,0.0
17/06/2014,0.5
18/06/2014,0.0
19/06/2014,0.0
20/06/2014,0.0
21/06/2014,14.5
22/06/2014,34.5
23/06/2014,5.6
24/06/2014,0.9
25/06/2014,0.0
26/06/2014,0.0
27/06/2014,41.1
28/06/2014,0.4
29/06/2014,0.5
30/06/2014,52.5
01/07/2014,4.0
02/07/2014,2.0
03/07/2014,0.0
04/07/2014,5.9
05/07/2014,1.1
06/07/2014,0.0
07/07/2014,13.5
08/07/2014,2.5
09/07/2014,0.5
10/07/2014,0.0
11/07/2014,26.0
12/07/2014,0.5
13/07/2014,0.0
14/07/2014,0.4
15/07/2014,1.6
16/07/2014,5.5
17/07/2014,43.2
18/07/2014,0.4
19/07/2014,0.0
20/07/2014,0.0
21/07/2014,0.5
22/07/2014,40.5
23/07/2014,0.0
24/07/2014,0.0
25/07/2014,0.0
26/07/2014,0.0
27/07/2014,0.0
28/07/2014,7.0
29/07/2014,0.5
30/07/2014,0.4
31/07/2014,4.1
01/08/2014,0.0
02/08/2014,0.0
03/08/2014,13.0
04/08/2014,0.0
05/08/2014,0.0
06/08/2014,0.0
07/08/2014,0.0
08/08/2014,18.5
09/08/2014,0.5
10/08/2014,0.0
11/08/2014,0.0
12/08/2014,0.0
13/08/2014,0.0
14/08/2014,0.0
15/08/2014,0.0
16/08/2014,0.0
17/08/2014,0.0
18/08/2014,12.0
19/08/2014,13.0
20/08/2014,7.5
21/08/2014,0.5
22/08/2014,0.0
23/08/2014,0.0
24/08/2014,0.2
25/08/2014,9.8
26/08/2014,6.5
27/08/2014,2.7
28/08/2014,0.3
29/08/2014,0.0
30/08/2014,2.5
31/08/2014,0.0
01/09/2014,3.0
02/09/2014,2.0
03/09/2014,0.0
04/09/2014,18.0
05/09/2014,0.9
06/09/2014,0.1
07/09/2014,0.0
08/09/2014,0.0
09/09/2014,51.0
10/09/2014,6.0
11/09/2014,0.5
12/09/2014,0.5
13/09/2014,51.0
14/09/2014,0.0
15/09/2014,23.0
16/09/2014,0.5
17/09/2014,0.0
18/09/2014,0.0
19/09/2014,0.0
20/09/2014,0.0
21/09/2014,0.0
22/09/2014,0.0
23/09/2014,0.0
24/09/2014,0.0
25/09/2014,0.0
26/09/2014,0.0
27/09/2014,0.0
28/09/2014,3.5
29/09/2014,0.0
30/09/2014,0.0
01/10/2014,0.0
02/10/2014,0.0
03/10/2014,0.5
04/10/2014,7.0
05/10/2014,12.0
06/10/2014,11.0
07/10/2014,0.0
08/10/2014,0.0
09/10/2014,0.0
10/10/2014,10.0
11/10/2014,5.5
12/10/2014,10.5
13/10/2014,0.0
14/10/2014,0.0
15/10/2014,1.0
16/10/2014,0.5
17/10/2014,32.0
18/10/2014,0.4
19/10/2014,3.6
20/10/2014,0.0
21/10/2014,0.0
22/10/2014,0.0
23/10/2014,0.0
24/10/2014,11.5
25/10/2014,0.5
26/10/2014,0.0
27/10/2014,0.0
28/10/2014,0.0
29/10/2014,0.0
30/10/2014,0.0
31/10/2014,0.0
01/11/2014,17.4
02/11/2014,6.1
03/11/2014,0.5
04/11/2014,17.0
05/11/2014,0.0
06/11/2014,0.0
07/11/2014,0.0
08/11/2014,0.0
09/11/2014,0.0
10/11/2014,0.0
11/11/2014,0.0
12/11/2014,7.0
13/11/2014,25.9
14/11/2014,158.3
15/11/2014,23.6
16/11/2014,23.8
17/11/2014,46.4
18/11/2014,88.4
19/11/2014,37.2
20/11/2014,87.0
21/11/2014,0.0
22/11/2014,2.5
23/11/2014,0.4
24/11/2014,77.3
25/11/2014,1.8
26/11/2014,0.0
27/11/2014,0.0
28/11/2014,0.5
29/11/2014,2.5
30/11/2014,0.4
01/12/2014,12.1
02/12/2014,0.5
03/12/2014,0.4
04/12/2014,23.1
05/12/2014,0.0
06/12/2014,0.0
07/12/2014,39.5
08/12/2014,18.9
09/12/2014,0.7
10/12/2014,0.5
11/12/2014,22.5
12/12/2014,0.0
13/12/2014,0.0
14/12/2014,82.5
15/12/2014,144.9
16/12/2014,64.3
17/12/2014,171.6
18/12/2014,43.6
19/12/2014,55.1
20/12/2014,22.0
21/12/2014,14.6
22/12/2014,85.9
23/12/2014,94.7
24/12/2014,5.8
25/12/2014,4.6
26/12/2014,100.0
27/12/2014,43.5
28/12/2014,51.5
29/12/2014,121.0
30/12/2014,18.0
31/12/2014,0.0
01/01/2015,0.0
02/01/2015,0.0
03/01/2015,4.0
04/01/2015,13.5
05/01/2015,2.5
06/01/2015,0.5
07/01/2015,1.5
08/01/2015,23.5
09/01/2015,18.0
10/01/2015,193.5
11/01/2015,3.5
12/01/2015,0.0
13/01/2015,0.0
14/01/2015,0.0
15/01/2015,0.0
16/01/2015,0.0
17/01/2015,0.0
18/01/2015,0.0
19/01/2015,0.0
20/01/2015,0.0
21/01/2015,0.0
22/01/2015,0.3
23/01/2015,9.5
24/01/2015,7.6
25/01/2015,0.0
26/01/2015,0.0
27/01/2015,0.0
28/01/2015,0.0
29/01/2015,35.5
30/01/2015,0.0
31/01/2015,0.0
01/02/2015,0.0
02/02/2015,0.0
03/02/2015,73.1
04/02/2015,5.4
05/02/2015,0.9
06/02/2015,2.5
07/02/2015,5.5
08/02/2015,0.4
09/02/2015,2.6
10/02/2015,0.0
11/02/2015,0.0
12/02/2015,0.0
13/02/2015,0.0
14/02/2015,0.0
15/02/2015,0.0
16/02/2015,0.0
17/02/2015,0.0
18/02/2015,0.0
19/02/2015,0.0
20/02/2015,0.0
21/02/2015,0.0
22/02/2015,0.0
23/02/2015,0.0
24/02/2015,0.0
25/02/2015,0.0
26/02/2015,0.0
27/02/2015,0.0
28/02/2015,0.0
01/03/2015,0.0
02/03/2015,0.0
03/03/2015,0.0
04/03/2015,0.0
05/03/2015,0.0
06/03/2015,0.0
07/03/2015,0.0
08/03/2015,0.0
09/03/2015,0.3
10/03/2015,5.7
11/03/2015,0.0
12/03/2015,0.0
13/03/2015,0.0
14/03/2015,0.0
15/03/2015,0.0
16/03/2015,0.0
17/03/2015,0.0
18/03/2015,0.0
19/03/2015,0.0
20/03/2015,0.0
21/03/2015,0.0
22/03/2015,0.0
23/03/2015,0.0
24/03/2015,0.4
25/03/2015,0.6
26/03/2015,5.5
27/03/2015,0.0
28/03/2015,0.5
29/03/2015,3.0
30/03/2015,6.4
31/03/2015,3.0
01/04/2015,3.7
02/04/2015,0.0
03/04/2015,0.0
04/04/2015,0.0
05/04/2015,0.0
06/04/2015,0.0
07/04/2015,0.0
08/04/2015,0.0
09/04/2015,0.4
10/04/2015,45.6
11/04/2015,0.5
12/04/2015,0.0
13/04/2015,0.0
14/04/2015,13.5
15/04/2015,0.0
16/04/2015,0.0
17/04/2015,0.0
18/04/2015,0.0
19/04/2015,0.0
20/04/2015,0.0
21/04/2015,0.0
22/04/2015,0.4
23/04/2015,13.1
24/04/2015,0.5
25/04/2015,5.4
26/04/2015,8.4
27/04/2015,61.6
28/04/2015,0.0
29/04/2015,0.0
30/04/2015,0.0
01/05/2015,0.0
02/05/2015,7.5
03/05/2015,0.5
04/05/2015,0.0
05/05/2015,0.0
06/05/2015,0.0
07/05/2015,0.0
08/05/2015,0.0
09/05/2015,0.0
10/05/2015,2.9
11/05/2015,12.1
12/05/2015,0.0
13/05/2015,0.4
14/05/2015,2.6
15/05/2015,0.0
16/05/2015,1.0
17/05/2015,0.0
18/05/2015,0.0
19/05/2015,0.0
20/05/2015,7.5
21/05/2015,2.0
22/05/2015,0.5
23/05/2015,0.0
24/05/2015,0.0
25/05/2015,3.5
26/05/2015,0.0
27/05/2015,0.0
28/05/2015,0.0
29/05/2015,0.0
30/05/2015,0.0
31/05/2015,0.0
01/06/2015,0.0
02/06/2015,0.0
03/06/2015,0.0
04/06/2015,0.0
05/06/2015,0.0
06/06/2015,0.0
07/06/2015,0.0
08/06/2015,0.0
09/06/2015,0.0
10/06/2015,0.0
11/06/2015,0.0
12/06/2015,41.6
13/06/2015,4.7
14/06/2015,3.7
15/06/2015,0.0
16/06/2015,0.0
17/06/2015,0.5
18/06/2015,1.0
19/06/2015,0.0
20/06/2015,9.0
21/06/2015,0.0
22/06/2015,0.0
23/06/2015,0.0
24/06/2015,0.0
25/06/2015,0.0
26/06/2015,0.0
27/06/2015,0.0
28/06/2015,0.0
29/06/2015,0.0
30/06/2015,0.4
01/07/2015,7.6
02/07/2015,0.0
03/07/2015,47.0
04/07/2015,22.5
05/07/2015,0.5
06/07/2015,0.0
07/07/2015,17.0
08/07/2015,2.0
09/07/2015,0.0
10/07/2015,13.5
11/07/2015,1.5
12/07/2015,0.0
13/07/2015,2.0
14/07/2015,0.0
15/07/2015,0.0
16/07/2015,6.5
17/07/2015,0.0
18/07/2015,0.0
19/07/2015,0.0
20/07/2015,0.0
21/07/2015,2.0
22/07/2015,0.0
23/07/2015,0.0
24/07/2015,0.0
25/07/2015,0.0
26/07/2015,1.5
27/07/2015,3.7
28/07/2015,7.8
29/07/2015,0.0
30/07/2015,0.0
31/07/2015,0.0
01/08/2015,34.5
02/08/2015,4.0
03/08/2015,19.0
04/08/2015,0.5
05/08/2015,0.0
06/08/2015,73.5
07/08/2015,27.4
08/08/2015,32.7
09/08/2015,1.9
10/08/2015,0.5
11/08/2015,2.0
12/08/2015,1.5
13/08/2015,0.0
14/08/2015,0.0
15/08/2015,0.4
16/08/2015,3.6
17/08/2015,0.4
18/08/2015,2.1
19/08/2015,9.9
20/08/2015,24.7
21/08/2015,5.4
22/08/2015,0.0
23/08/2015,1.0
24/08/2015,0.0
25/08/2015,0.0
26/08/2015,0.0
27/08/2015,0.5
28/08/2015,0.0
29/08/2015,0.0
30/08/2015,0.0
31/08/2015,0.0
01/09/2015,0.0
02/09/2015,0.0
03/09/2015,0.0
04/09/2015,0.0
05/09/2015,0.0
06/09/2015,8.5
07/09/2015,0.5
08/09/2015,4.0
09/09/2015,28.5
10/09/2015,21.0
11/09/2015,0.0
12/09/2015,0.0
13/09/2015,1.5
14/09/2015,0.0
15/09/2015,42.2
16/09/2015,71.3
17/09/2015,0.5
18/09/2015,0.0
19/09/2015,0.0
20/09/2015,0.0
21/09/2015,2.0
22/09/2015,0.0
23/09/2015,0.0
24/09/2015,0.0
25/09/2015,0.4
26/09/2015,8.6
27/09/2015,0.0
28/09/2015,5.0
29/09/2015,0.0
30/09/2015,0.0
01/10/2015,0.0
02/10/2015,0.0
03/10/2015,0.0
04/10/2015,0.0
05/10/2015,0.0
06/10/2015,0.0
07/10/2015,0.0
08/10/2015,0.5
09/10/2015,0.0
10/10/2015,0.0
11/10/2015,0.0
12/10/2015,0.0
13/10/2015,0.0
14/10/2015,0.0
15/10/2015,0.0
16/10/2015,0.0
17/10/2015,0.0
18/10/2015,0.0
19/10/2015,0.0
20/10/2015,0.0
21/10/2015,0.0
22/10/2015,0.0
23/10/2015,0.0
24/10/2015,6.9
25/10/2015,3.3
26/10/2015,1.1
27/10/2015,8.2
28/10/2015,46.4
29/10/2015,11.4
30/10/2015,42.1
31/10/2015,0.8
01/11/2015,1.7
02/11/2015,1.8
03/11/2015,1.2
04/11/2015,0.0
05/11/2015,3.3
06/11/2015,0.2
07/11/2015,0.0
08/11/2015,0.5
09/11/2015,2.0
10/11/2015,0.5
11/11/2015,0.0
12/11/2015,0.0
13/11/2015,0.0
14/11/2015,0.3
15/11/2015,18.3
16/11/2015,14.8
17/11/2015,1.1
18/11/2015,0.0
19/11/2015,11.2
20/11/2015,46.6
21/11/2015,37.0
22/11/2015,2.7
23/11/2015,13.0
24/11/2015,0.4
25/11/2015,4.9
26/11/2015,7.0
27/11/2015,66.9
28/11/2015,13.1
29/11/2015,2.6
30/11/2015,66.0
01/12/2015,7.5
02/12/2015,0.8
03/12/2015,11.7
04/12/2015,0.4
05/12/2015,18.0
06/12/2015,11.0
07/12/2015,49.0
08/12/2015,12.0
09/12/2015,15.7
10/12/2015,0.3
11/12/2015,1.1
12/12/2015,3.9
13/12/2015,40.2
14/12/2015,0.0
15/12/2015,0.0
16/12/2015,11.6
17/12/2015,3.9
18/12/2015,0.0
19/12/2015,0.0
20/12/2015,0.0
21/12/2015,0.0
22/12/2015,0.0
23/12/2015,9.7
24/12/2015,47.7
25/12/2015,24.1
26/12/2015,20.6
27/12/2015,94.7
28/12/2015,39.2
29/12/2015,0.0
30/12/2015,0.5
31/12/2015,4.5
01/01/2016,0.8
02/01/2016,0.7
03/01/2016,0.5
04/01/2016,1.0
05/01/2016,0.0
06/01/2016,0.5
07/01/2016,0.0
08/01/2016,0.0
09/01/2016,0.0
10/01/2016,0.0
11/01/2016,0.0
12/01/2016,0.0
13/01/2016,0.0
14/01/2016,13.4
15/01/2016,10.2
16/01/2016,22.4
17/01/2016,0.0
18/01/2016,0.0
19/01/2016,0.0
20/01/2016,0.0
21/01/2016,1.5
22/01/2016,0.4
23/01/2016,21.5
24/01/2016,0.1
25/01/2016,3.0
26/01/2016,13.0
27/01/2016,0.0
28/01/2016,0.0
29/01/2016,0.0
30/01/2016,0.0
31/01/2016,0.7
01/02/2016,7.8
02/02/2016,11.3
03/02/2016,30.3
04/02/2016,32.2
05/02/2016,18.2
06/02/2016,5.5
07/02/2016,0.0
08/02/2016,0.0
09/02/2016,0.0
10/02/2016,1.0
11/02/2016,0.0
12/02/2016,0.4
13/02/2016,52.0
14/02/2016,6.1
15/02/2016,0.0
16/02/2016,0.0
17/02/2016,2.1
18/02/2016,1.9
19/02/2016,0.0
20/02/2016,0.0
21/02/2016,0.0
22/02/2016,0.0
23/02/2016,0.3
24/02/2016,8.7
25/02/2016,0.0
26/02/2016,4.6
27/02/2016,6.9
28/02/2016,1.0
29/02/2016,0.0
01/03/2016,0.0
02/03/2016,0.0
03/03/2016,0.0
04/03/2016,0.0
05/03/2016,0.0
06/03/2016,0.0
07/03/2016,0.0
08/03/2016,0.0
09/03/2016,0.0
10/03/2016,0.0
11/03/2016,0.0
12/03/2016,0.0
13/03/2016,0.0
14/03/2016,0.0
15/03/2016,0.0
16/03/2016,0.0
17/03/2016,0.0
18/03/2016,0.0
19/03/2016,0.0
20/03/2016,0.0
21/03/2016,0.0
22/03/2016,0.0
23/03/2016,0.0
24/03/2016,0.0
25/03/2016,0.0
26/03/2016,1.5
27/03/2016,2.3
28/03/2016,3.7
29/03/2016,0.0
30/03/2016,0.0
31/03/2016,0.0
01/04/2016,0.0
02/04/2016,0.0
03/04/2016,0.0
04/04/2016,0.0
05/04/2016,0.0
06/04/2016,0.0
07/04/2016,0.0
08/04/2016,0.0
09/04/2016,0.0
10/04/2016,0.0
11/04/2016,0.0
12/04/2016,0.0
13/04/2016,0.5
14/04/2016,0.0
15/04/2016,0.0
16/04/2016,0.0
17/04/2016,0.0
18/04/2016,0.0
19/04/2016,0.0
20/04/2016,0.0
21/04/2016,0.0
22/04/2016,0.5
23/04/2016,0.0
24/04/2016,0.0
25/04/2016,0.0
26/04/2016,0.0
27/04/2016,0.0
28/04/2016,0.0
29/04/2016,0.0
30/04/2016,0.0
01/05/2016,0.0
02/05/2016,0.0
03/05/2016,0.4
04/05/2016,1.6
05/05/2016,0.4
06/05/2016,0.1
07/05/2016,1.5
08/05/2016,0.0
09/05/2016,0.0
10/05/2016,0.4
11/05/2016,2.1
12/05/2016,0.0
13/05/2016,0.0
14/05/2016,0.0
15/05/2016,0.0
16/05/2016,0.0
17/05/2016,0.0
18/05/2016,12.0
19/05/2016,0.0
20/05/2016,0.0
21/05/2016,0.5
22/05/2016,0.0
23/05/2016,1.2
24/05/2016,1.3
25/05/2016,5.0
26/05/2016,10.0
27/05/2016,2.0
28/05/2016,0.5
29/05/2016,23.4
30/05/2016,1.1
31/05/2016,0.0
01/06/2016,0.0
02/06/2016,0.4
03/06/2016,18.2
04/06/2016,0.4
05/06/2016,0.0
06/06/2016,0.0
07/06/2016,0.0
08/06/2016,0.0
09/06/2016,0.0
10/06/2016,0.0
11/06/2016,0.0
12/06/2016,0.5
13/06/2016,6.8
14/06/2016,11.7
15/06/2016,0.5
16/06/2016,0.0
17/06/2016,0.0
18/06/2016,3.3
19/06/2016,0.2
20/06/2016,0.0
21/06/2016,14.8
22/06/2016,6.7
23/06/2016,0.5
24/06/2016,13.0
25/06/2016,4.0
26/06/2016,76.3
27/06/2016,4.7
28/06/2016,5.0
29/06/2016,0.4
30/06/2016,15.6
01/07/2016,0.0
02/07/2016,0.0
03/07/2016,0.0
04/07/2016,0.0
05/07/2016,0.5
06/07/2016,46.0
07/07/2016,40.8
08/07/2016,5.2
09/07/2016,0.0
10/07/2016,0.0
11/07/2016,5.0
12/07/2016,91.9
13/07/2016,0.6
14/07/2016,0.5
15/07/2016,0.0
16/07/2016,0.0
17/07/2016,0.0
18/07/2016,0.5
19/07/2016,0.0
20/07/2016,0.0
21/07/2016,0.0
22/07/2016,9.0
23/07/2016,0.0
24/07/2016,0.0
25/07/2016,0.0
26/07/2016,0.0
27/07/2016,0.5
28/07/2016,7.5
29/07/2016,26.0
30/07/2016,3.5
31/07/2016,0.0
01/08/2016,0.0
02/08/2016,0.0
03/08/2016,1.0
04/08/2016,0.0
05/08/2016,0.3
06/08/2016,0.2
07/08/2016,1.0
08/08/2016,2.5
09/08/2016,0.4
10/08/2016,38.3
11/08/2016,36.2
12/08/2016,0.0
13/08/2016,0.4
14/08/2016,5.6
15/08/2016,0.0
16/08/2016,0.0
17/08/2016,0.0
18/08/2016,23.8
19/08/2016,5.7
20/08/2016,1.0
21/08/2016,0.0
22/08/2016,6.0
23/08/2016,0.5
24/08/2016,30.5
25/08/2016,12.4
26/08/2016,22.1
27/08/2016,0.0
28/08/2016,0.0
29/08/2016,0.5
30/08/2016,11.0
31/08/2016,0.0
01/09/2016,0.0
02/09/2016,0.0
03/09/2016,0.0
04/09/2016,0.2
05/09/2016,0.3
06/09/2016,34.5
07/09/2016,14.7
08/09/2016,9.3
09/09/2016,0.0
10/09/2016,0.4
11/09/2016,2.1
12/09/2016,1.0
13/09/2016,15.4
14/09/2016,20.1
15/09/2016,0.5
16/09/2016,0.0
17/09/2016,8.6
18/09/2016,1.9
19/09/2016,5.5
20/09/2016,3.3
21/09/2016,7.7
22/09/2016,14.5
23/09/2016,0.0
24/09/2016,0.4
25/09/2016,16.1
26/09/2016,0.0
27/09/2016,0.0
28/09/2016,0.5
29/09/2016,2.0
30/09/2016,28.5
01/10/2016,0.0
02/10/2016,0.0
03/10/2016,0.0
04/10/2016,6.0
05/10/2016,0.0
06/10/2016,0.0
07/10/2016,0.4
08/10/2016,1.6
09/10/2016,9.0
10/10/2016,4.0
11/10/2016,0.5
12/10/2016,0.0
13/10/2016,0.0
14/10/2016,22.4
15/10/2016,0.5
16/10/2016,24.6
17/10/2016,0.5
18/10/2016,0.0
19/10/2016,0.0
20/10/2016,54.7
21/10/2016,4.3
22/10/2016,37.5
23/10/2016,5.0
24/10/2016,4.0
25/10/2016,0.0
26/10/2016,0.8
27/10/2016,0.7
28/10/2016,0.5
29/10/2016,12.5
30/10/2016,0.5
31/10/2016,22.9
01/11/2016,36.4
02/11/2016,2.1
03/11/2016,7.2
04/11/2016,0.0
05/11/2016,7.5
06/11/2016,0.8
07/11/2016,0.2
08/11/2016,10.0
09/11/2016,4.5
10/11/2016,0.4
11/11/2016,19.5
12/11/2016,14.6
13/11/2016,0.5
14/11/2016,6.0
15/11/2016,3.5
16/11/2016,85.5
17/11/2016,6.5
18/11/2016,0.0
19/11/2016,0.4
20/11/2016,2.1
21/11/2016,0.0
22/11/2016,0.0
23/11/2016,0.0
24/11/2016,30.5
25/11/2016,6.5
26/11/2016,39.3
27/11/2016,23.3
28/11/2016,4.2
29/11/2016,144.9
30/11/2016,0.9
01/12/2016,68.4
02/12/2016,40.6
03/12/2016,29.7
04/12/2016,5.8
05/12/2016,0.3
06/12/2016,34.8
07/12/2016,10.9
08/12/2016,7.1
09/12/2016,3.4
10/12/2016,10.7
11/12/2016,4.3
12/12/2016,0.0
13/12/2016,0.0
14/12/2016,0.0
15/12/2016,1.0
16/12/2016,7.4
17/12/2016,27.6
18/12/2016,12.4
19/12/2016,63.0
20/12/2016,21.3
21/12/2016,0.3
22/12/2016,16.1
23/12/2016,96.9
24/12/2016,3.0
25/12/2016,7.5
26/12/2016,21.8
27/12/2016,52.7
28/12/2016,4.5
29/12/2016,0.3
30/12/2016,54.7
31/12/2016,193.9
01/01/2017,15.5
02/01/2017,34.8
03/01/2017,130.6
04/01/2017,63.7
05/01/2017,1.7
06/01/2017,24.2
07/01/2017,5.1
08/01/2017,10.5
09/01/2017,1.0
10/01/2017,0.0
11/01/2017,0.0
12/01/2017,0.0
13/01/2017,0.0
14/01/2017,0.0
15/01/2017,0.0
16/01/2017,0.0
17/01/2017,67.1
18/01/2017,0.4
19/01/2017,15.3
20/01/2017,41.7
21/01/2017,20.8
22/01/2017,6.1
23/01/2017,3.5
24/01/2017,25.5
25/01/2017,33.6
26/01/2017,4.4
27/01/2017,3.5
28/01/2017,3.5
29/01/2017,0.4
30/01/2017,2.1
31/01/2017,0.0
01/02/2017,0.0
02/02/2017,0.0
03/02/2017,2.2
04/02/2017,18.8
05/02/2017,0.0
06/02/2017,0.0
07/02/2017,0.0
08/02/2017,0.0
09/02/2017,0.0
10/02/2017,0.0
11/02/2017,0.8
12/02/2017,6.5
13/02/2017,1.7
14/02/2017,2.5
15/02/2017,3.5
16/02/2017,0.0
17/02/2017,0.4
18/02/2017,61.8
19/02/2017,10.3
20/02/2017,1.5
21/02/2017,0.0
22/02/2017,0.3
23/02/2017,2.2
24/02/2017,0.0
25/02/2017,0.0
26/02/2017,20.7
27/02/2017,7.7
28/02/2017,10.6
01/03/2017,0.4
02/03/2017,8.6
03/03/2017,0.0
04/03/2017,0.0
05/03/2017,0.0
06/03/2017,0.0
07/03/2017,0.0
08/03/2017,0.0
09/03/2017,0.0
10/03/2017,0.0
11/03/2017,0.0
12/03/2017,0.0
13/03/2017,0.0
14/03/2017,0.0
15/03/2017,0.0
16/03/2017,0.0
17/03/2017,0.0
18/03/2017,0.0
19/03/2017,0.0
20/03/2017,0.0
21/03/2017,0.0
22/03/2017,0.0
23/03/2017,0.0
24/03/2017,0.0
25/03/2017,2.0
26/03/2017,0.0
27/03/2017,0.9
28/03/2017,126.4
29/03/2017,16.3
30/03/2017,0.4
31/03/2017,0.8
01/04/2017,21.2
02/04/2017,19.0
03/04/2017,9.0
04/04/2017,2.5
05/04/2017,0.5
06/04/2017,0.4
07/04/2017,1.6
08/04/2017,33.6
09/04/2017,1.4
10/04/2017,0.0
11/04/2017,0.5
12/04/2017,0.4
13/04/2017,0.6
14/04/2017,2.0
15/04/2017,0.0
16/04/2017,0.0
17/04/2017,0.4
18/04/2017,0.1
19/04/2017,0.0
20/04/2017,0.0
21/04/2017,2.5
22/04/2017,0.0
23/04/2017,0.0
24/04/2017,0.0
25/04/2017,0.0
26/04/2017,0.0
27/04/2017,0.0
28/04/2017,0.0
29/04/2017,0.0
30/04/2017,0.0
01/05/2017,0.0
02/05/2017,0.0
03/05/2017,7.5
04/05/2017,0.9
05/05/2017,1.6
06/05/2017,0.0
07/05/2017,0.5
08/05/2017,0.5
09/05/2017,1.0
10/05/2017,42.0
11/05/2017,0.5
12/05/2017,0.0
13/05/2017,23.0
14/05/2017,0.2
15/05/2017,12.1
16/05/2017,18.7
17/05/2017,0.0
18/05/2017,0.0
19/05/2017,0.0
20/05/2017,0.0
21/05/2017,22.5
22/05/2017,19.5
23/05/2017,21.5
24/05/2017,0.4
25/05/2017,0.1
26/05/2017,11.5
27/05/2017,0.5
28/05/2017,0.0
29/05/2017,43.7
30/05/2017,0.3
31/05/2017,0.0
01/06/2017,0.0
02/06/2017,0.0
03/06/2017,0.5
04/06/2017,35.5
05/06/2017,38.0
06/06/2017,11.5
07/06/2017,1.0
08/06/2017,0.0
09/06/2017,0.0
10/06/2017,0.0
11/06/2017,0.0
12/06/2017,0.0
13/06/2017,0.5
14/06/2017,0.5
15/06/2017,0.0
16/06/2017,0.0
17/06/2017,0.0
18/06/2017,0.0
19/06/2017,0.5
20/06/2017,30.0
21/06/2017,55.9
22/06/2017,26.6
23/06/2017,0.5
24/06/2017,5.5
25/06/2017,0.0
26/06/2017,1.0
27/06/2017,1.5
28/06/2017,0.0
29/06/2017,0.4
30/06/2017,7.6
01/07/2017,9.0
02/07/2017,0.0
03/07/2017,0.0
04/07/2017,29.8
05/07/2017,20.2
06/07/2017,0.0
07/07/2017,0.0
08/07/2017,0.0
09/07/2017,16.4
10/07/2017,0.1
11/07/2017,0.0
12/07/2017,24.2
13/07/2017,11.3
14/07/2017,12.9
15/07/2017,2.1
16/07/2017,0.0
17/07/2017,0.0
18/07/2017,0.0
19/07/2017,8.5
20/07/2017,0.0
21/07/2017,0.0
22/07/2017,0.0
23/07/2017,0.0
24/07/2017,6.0
25/07/2017,0.0
26/07/2017,0.0
27/07/2017,0.0
28/07/2017,22.0
29/07/2017,0.0
30/07/2017,0.0
31/07/2017,0.0
01/08/2017,0.5
02/08/2017,22.5
03/08/2017,0.0
04/08/2017,0.0
05/08/2017,0.0
06/08/2017,0.0
07/08/2017,0.0
08/08/2017,13.0
09/08/2017,3.0
10/08/2017,0.0
11/08/2017,13.5
12/08/2017,0.5
13/08/2017,0.0
14/08/2017,20.5
15/08/2017,15.3
16/08/2017,0.2
17/08/2017,2.0
18/08/2017,0.0
19/08/2017,0.0
20/08/2017,4.0
21/08/2017,5.9
22/08/2017,63.1
23/08/2017,0.0
24/08/2017,0.4
25/08/2017,51.5
26/08/2017,75.1
27/08/2017,0.0
28/08/2017,0.0
29/08/2017,0.0
30/08/2017,0.0
31/08/2017,0.0
01/09/2017,0.0
02/09/2017,0.0
03/09/2017,0.0
04/09/2017,0.4
05/09/2017,2.1
06/09/2017,0.0
07/09/2017,0.0
08/09/2017,0.0
09/09/2017,0.0
10/09/2017,34.3
11/09/2017,2.2
12/09/2017,0.0
13/09/2017,12.0
14/09/2017,29.5
15/09/2017,0.0
16/09/2017,0.0
17/09/2017,0.0
18/09/2017,0.3
19/09/2017,1.2
20/09/2017,5.3
21/09/2017,25.7
22/09/2017,17.6
23/09/2017,1.9
24/09/2017,0.5
25/09/2017,0.4
26/09/2017,23.1
27/09/2017,0.0
28/09/2017,9.5
29/09/2017,0.0
30/09/2017,3.9
01/10/2017,1.6
02/10/2017,0.0
03/10/2017,18.0
04/10/2017,2.9
05/10/2017,0.1
06/10/2017,0.4
07/10/2017,2.1
08/10/2017,8.0
09/10/2017,0.5
10/10/2017,55.0
11/10/2017,11.5
12/10/2017,63.0
13/10/2017,25.5
14/10/2017,0.0
15/10/2017,16.5
16/10/2017,0.0
17/10/2017,0.0
18/10/2017,0.5
19/10/2017,2.5
20/10/2017,0.0
21/10/2017,2.5
22/10/2017,4.0
23/10/2017,16.0
24/10/2017,0.0
25/10/2017,0.0
26/10/2017,34.5
27/10/2017,0.0
28/10/2017,4.8
29/10/2017,56.6
30/10/2017,49.1
31/10/2017,2.5
01/11/2017,0.0
02/11/2017,2.8
03/11/2017,32.2
04/11/2017,30.0
05/11/2017,0.5
06/11/2017,60.5
07/11/2017,70.8
08/11/2017,2.2
09/11/2017,7.0
10/11/2017,7.0
11/11/2017,23.2
12/11/2017,1.3
13/11/2017,91.1
14/11/2017,3.9
15/11/2017,0.5
16/11/2017,1.0
17/11/2017,0.0
18/11/2017,0.0
19/11/2017,0.2
20/11/2017,0.3
21/11/2017,3.1
22/11/2017,0.4
23/11/2017,64.8
24/11/2017,24.6
25/11/2017,36.5
26/11/2017,66.4
27/11/2017,161.2
28/11/2017,70.9
29/11/2017,5.1
30/11/2017,12.7
01/12/2017,121.6
02/12/2017,69.7
03/12/2017,0.6
04/12/2017,42.3
05/12/2017,113.5
06/12/2017,4.4
07/12/2017,62.2
08/12/2017,55.0
09/12/2017,0.5
10/12/2017,105.0
11/12/2017,0.9
12/12/2017,2.1
13/12/2017,0.0
14/12/2017,0.0
15/12/2017,0.0
16/12/2017,0.5
17/12/2017,0.0
18/12/2017,34.9
19/12/2017,17.7
20/12/2017,0.3
21/12/2017,0.4
22/12/2017,25.8
23/12/2017,30.6
24/12/2017,1.3
25/12/2017,0.0
26/12/2017,0.9
27/12/2017,100.6
28/12/2017,11.7
29/12/2017,3.3
30/12/2017,4.2
31/12/2017,18.2
01/01/2018,32.8
02/01/2018,13.6
03/01/2018,27.4
04/01/2018,1.2
05/01/2018,1.1
06/01/2018,10.2
07/01/2018,16.0
08/01/2018,15.8
09/01/2018,1.4
10/01/2018,5.8
11/01/2018,3.2
12/01/2018,11.8
13/01/2018,25.9
14/01/2018,6.7
15/01/2018,6.8
16/01/2018,4.5
17/01/2018,0.0
18/01/2018,0.4
19/01/2018,30.0
20/01/2018,21.7
21/01/2018,25.4
22/01/2018,0.5
23/01/2018,20.3
24/01/2018,18.1
25/01/2018,0.1
26/01/2018,15.7
27/01/2018,38.8
28/01/2018,0.0
29/01/2018,0.0
30/01/2018,0.0
31/01/2018,0.0
01/02/2018,3.2
02/02/2018,1.8
03/02/2018,10.2
04/02/2018,2.8
05/02/2018,0.0
06/02/2018,0.0
07/02/2018,0.0
08/02/2018,0.0
09/02/2018,0.0
10/02/2018,0.0
11/02/2018,0.0
12/02/2018,5.5
13/02/2018,3.0
14/02/2018,0.0
15/02/2018,0.0
16/02/2018,0.0
17/02/2018,0.0
18/02/2018,0.0
19/02/2018,0.0
20/02/2018,0.0
21/02/2018,0.0
22/02/2018,0.3
23/02/2018,1.7
24/02/2018,0.0
25/02/2018,0.0
26/02/2018,0.4
27/02/2018,0.1
28/02/2018,0.0
01/03/2018,0.0
02/03/2018,0.0
03/03/2018,0.0
04/03/2018,0.0
05/03/2018,0.0
06/03/2018,0.4
07/03/2018,33.0
08/03/2018,3.1
09/03/2018,0.4
10/03/2018,1.1
11/03/2018,0.4
12/03/2018,0.4
13/03/2018,0.6
14/03/2018,0.0
15/03/2018,0.0
16/03/2018,0.0
17/03/2018,0.0
18/03/2018,0.0
19/03/2018,0.0
20/03/2018,0.0
21/03/2018,0.0
22/03/2018,0.0
23/03/2018,11.0
24/03/2018,2.0
25/03/2018,0.0
26/03/2018,0.0
27/03/2018,0.5
28/03/2018,0.0
29/03/2018,0.0
30/03/2018,0.0
31/03/2018,0.0
01/04/2018,0.0
02/04/2018,0.0
03/04/2018,0.0
04/04/2018,0.0
05/04/2018,0.0
06/04/2018,0.0
07/04/2018,0.5
08/04/2018,6.0
09/04/2018,1.2
10/04/2018,2.3
11/04/2018,0.0
12/04/2018,0.0
13/04/2018,0.4
14/04/2018,12.1
15/04/2018,0.0
16/04/2018,0.0
17/04/2018,0.4
18/04/2018,15.6
19/04/2018,0.5
20/04/2018,28.5
21/04/2018,0.0
22/04/2018,0.0
23/04/2018,0.0
24/04/2018,0.0
25/04/2018,10.0
26/04/2018,0.0
27/04/2018,4.0
28/04/2018,0.5
29/04/2018,0.4
30/04/2018,4.6
01/05/2018,18.0
02/05/2018,0.0
03/05/2018,0.0
04/05/2018,0.0
05/05/2018,0.0
06/05/2018,0.4
07/05/2018,1.6
08/05/2018,2.0
09/05/2018,0.0
10/05/2018,0.0
11/05/2018,0.0
12/05/2018,0.0
13/05/2018,0.0
14/05/2018,0.0
15/05/2018,0.0
16/05/2018,0.0
17/05/2018,5.0
18/05/2018,0.0
19/05/2018,0.0
20/05/2018,2.0
21/05/2018,0.5
22/05/2018,2.1
23/05/2018,0.9
24/05/2018,0.0
25/05/2018,0.0
26/05/2018,1.0
27/05/2018,18.5
28/05/2018,0.0
29/05/2018,0.0
30/05/2018,0.0
31/05/2018,5.0
01/06/2018,24.6
02/06/2018,3.4
03/06/2018,0.0
04/06/2018,0.0
05/06/2018,2.0
06/06/2018,11.5
07/06/2018,0.0
08/06/2018,0.0
09/06/2018,0.0
10/06/2018,0.0
11/06/2018,0.0
12/06/2018,0.0
13/06/2018,0.0
14/06/2018,0.0
15/06/2018,0.0
16/06/2018,0.0
17/06/2018,0.0
18/06/2018,0.0
19/06/2018,8.5
20/06/2018,0.5
21/06/2018,2.0
22/06/2018,0.0
23/06/2018,0.0
24/06/2018,0.0
25/06/2018,0.4
26/06/2018,3.6
27/06/2018,42.0
28/06/2018,0.5
29/06/2018,48.0
30/06/2018,0.5
01/07/2018,31.5
02/07/2018,0.0
03/07/2018,0.0
04/07/2018,0.0
05/07/2018,0.0
06/07/2018,0.0
07/07/2018,0.0
08/07/2018,0.5
09/07/2018,19.0
10/07/2018,0.5
11/07/2018,0.0
12/07/2018,0.0
13/07/2018,0.0
14/07/2018,0.0
15/07/2018,0.3
16/07/2018,3.7
17/07/2018,8.0
18/07/2018,0.0
19/07/2018,0.0
20/07/2018,23.9
21/07/2018,1.1
22/07/2018,0.0
23/07/2018,0.0
24/07/2018,31.3
25/07/2018,6.2
26/07/2018,0.0
27/07/2018,0.0
28/07/2018,0.0
29/07/2018,11.5
30/07/2018,5.5
31/07/2018,5.6
01/08/2018,6.9
02/08/2018,0.0
03/08/2018,0.0
04/08/2018,4.5
05/08/2018,0.7
06/08/2018,3.3
07/08/2018,3.0
08/08/2018,8.0
09/08/2018,9.5
10/08/2018,23.0
11/08/2018,0.5
12/08/2018,0.0
13/08/2018,0.0
14/08/2018,0.5
15/08/2018,0.0
16/08/2018,10.0
17/08/2018,9.1
18/08/2018,4.9
19/08/2018,0.0
20/08/2018,0.0
21/08/2018,36.5
22/08/2018,7.0
23/08/2018,0.0
24/08/2018,0.0
25/08/2018,0.0
26/08/2018,0.5
27/08/2018,0.0
28/08/2018,1.9
29/08/2018,44.6
30/08/2018,0.0
31/08/2018,0.5
01/09/2018,0.0
02/09/2018,0.0
03/09/2018,12.5
04/09/2018,6.0
05/09/2018,0.4
06/09/2018,11.1
07/09/2018,16.1
08/09/2018,7.9
09/09/2018,0.5
10/09/2018,11.3
11/09/2018,1.2
12/09/2018,16.2
13/09/2018,0.8
14/09/2018,3.5
15/09/2018,46.5
16/09/2018,47.0
17/09/2018,0.0
18/09/2018,4.0
19/09/2018,0.0
20/09/2018,0.0
21/09/2018,8.5
22/09/2018,3.5
23/09/2018,0.0
24/09/2018,0.0
25/09/2018,0.0
26/09/2018,0.0
27/09/2018,0.0
28/09/2018,19.5
29/09/2018,0.0
30/09/2018,0.0
01/10/2018,0.0
02/10/2018,0.0
03/10/2018,0.0
04/10/2018,0.5
05/10/2018,0.3
06/10/2018,8.8
07/10/2018,8.4
08/10/2018,0.5
09/10/2018,9.3
10/10/2018,18.1
11/10/2018,27.0
12/10/2018,7.6
13/10/2018,4.3
14/10/2018,27.7
15/10/2018,0.0
16/10/2018,2.5
17/10/2018,16.5
18/10/2018,10.0
19/10/2018,0.5
20/10/2018,0.5
21/10/2018,35.5
22/10/2018,0.0
23/10/2018,0.0
24/10/2018,0.0
25/10/2018,0.0
26/10/2018,0.4
27/10/2018,5.0
28/10/2018,0.5
29/10/2018,27.4
30/10/2018,35.1
31/10/2018,0.0
01/11/2018,3.0
02/11/2018,73.9
03/11/2018,78.1
04/11/2018,18.9
05/11/2018,142.8
06/11/2018,55.8
07/11/2018,0.0
08/11/2018,0.5
09/11/2018,16.5
10/11/2018,0.5
11/11/2018,24.8
12/11/2018,3.2
13/11/2018,0.0
14/11/2018,0.0
15/11/2018,2.4
16/11/2018,0.1
17/11/2018,0.6
18/11/2018,0.3
19/11/2018,15.0
20/11/2018,0.4
21/11/2018,95.6
22/11/2018,4.9
23/11/2018,0.0
24/11/2018,0.0
25/11/2018,0.5
26/11/2018,4.5
27/11/2018,0.4
28/11/2018,47.7
29/11/2018,12.6
30/11/2018,38.8
01/12/2018,100.9
02/12/2018,21.0
03/12/2018,59.9
04/12/2018,11.4
05/12/2018,78.2
06/12/2018,32.5
07/12/2018,3.5
08/12/2018,0.4
09/12/2018,1.7
10/12/2018,4.0
11/12/2018,3.7
12/12/2018,55.3
13/12/2018,61.2
14/12/2018,15.1
15/12/2018,111.9
16/12/2018,10.1
17/12/2018,102.6
18/12/2018,0.8
19/12/2018,28.2
20/12/2018,0.5
21/12/2018,0.0
22/12/2018,0.0
23/12/2018,0.0
24/12/2018,0.0
25/12/2018,0.0
26/12/2018,0.0
27/12/2018,0.0
28/12/2018,0.0
29/12/2018,0.0
30/12/2018,0.5
31/12/2018,8.5
01/01/2019,0.0
02/01/2019,4.8
03/01/2019,0.2
04/01/2019,0.4
05/01/2019,10.0
06/01/2019,14.5
07/01/2019,3.1
08/01/2019,0.0
09/01/2019,0.0
10/01/2019,5.9
11/01/2019,1.0
12/01/2019,22.4
13/01/2019,11.7
14/01/2019,0.5
15/01/2019,0.4
16/01/2019,54.9
17/01/2019,8.7
18/01/2019,1.0
19/01/2019,0.5
20/01/2019,0.0
21/01/2019,0.0
22/01/2019,0.0
23/01/2019,2.5
24/01/2019,0.0
25/01/2019,0.0
26/01/2019,0.0
27/01/2019,0.4
28/01/2019,2.1
29/01/2019,10.5
30/01/2019,0.4
31/01/2019,0.6
01/02/2019,1.0
02/02/2019,0.4
03/02/2019,0.6
04/02/2019,0.0
05/02/2019,0.0
06/02/2019,0.0
07/02/2019,0.0
08/02/2019,0.0
09/02/2019,0.0
10/02/2019,0.0
11/02/2019,0.0
12/02/2019,0.4
13/02/2019,30.9
14/02/2019,4.1
15/02/2019,0.0
16/02/2019,0.0
17/02/2019,0.0
18/02/2019,0.4
19/02/2019,0.1
20/02/2019,1.0
21/02/2019,0.0
22/02/2019,0.0
23/02/2019,0.0
24/02/2019,0.0
25/02/2019,0.0
26/02/2019,0.0
27/02/2019,0.0
28/02/2019,0.0
01/03/2019,0.0
02/03/2019,0.0
03/03/2019,0.0
04/03/2019,0.0
05/03/2019,0.0
06/03/2019,0.0
07/03/2019,0.0
08/03/2019,0.0
09/03/2019,0.0
10/03/2019,0.0
11/03/2019,0.0
12/03/2019,0.0
13/03/2019,0.0
14/03/2019,0.0
15/03/2019,0.0
16/03/2019,0.0
17/03/2019,0.0
18/03/2019,0.0
19/03/2019,0.0
20/03/2019,0.0
21/03/2019,0.0
22/03/2019,0.0
23/03/2019,0.0
24/03/2019,0.0
25/03/2019,1.7
26/03/2019,3.8
27/03/2019,0.0
28/03/2019,0.0
29/03/2019,7.0
30/03/2019,1.5
31/03/2019,0.0
01/04/2019,0.0
02/04/2019,6.3
03/04/2019,21.2
04/04/2019,0.0
05/04/2019,0.0
06/04/2019,0.0
07/04/2019,0.0
08/04/2019,0.0
09/04/2019,0.0
10/04/2019,0.0
11/04/2019,0.0
12/04/2019,0.5
13/04/2019,6.5
14/04/2019,0.0
15/04/2019,0.0
16/04/2019,0.0
17/04/2019,0.0
18/04/2019,0.0
19/04/2019,0.0
20/04/2019,0.0
21/04/2019,0.0
22/04/2019,0.0
23/04/2019,0.0
24/04/2019,0.0
25/04/2019,1.5
26/04/2019,0.0
27/04/2019,7.8
28/04/2019,0.7
29/04/2019,0.0
30/04/2019,0.0
01/05/2019,0.0
02/05/2019,0.0
03/05/2019,0.0
04/05/2019,0.0
05/05/2019,8.0
06/05/2019,0.5
07/05/2019,58.2
08/05/2019,10.8
09/05/2019,3.5
10/05/2019,0.0
11/05/2019,0.4
12/05/2019,9.1
13/05/2019,1.0
14/05/2019,0.0
15/05/2019,0.0
16/05/2019,0.4
17/05/2019,0.1
18/05/2019,6.0
19/05/2019,0.0
20/05/2019,0.0
21/05/2019,0.0
22/05/2019,3.0
23/05/2019,0.0
24/05/2019,0.0
25/05/2019,0.0
26/05/2019,0.0
27/05/2019,0.0
28/05/2019,0.0
29/05/2019,0.4
30/05/2019,1.5
31/05/2019,3.6
01/06/2019,0.4
02/06/2019,1.6
03/06/2019,0.0
04/06/2019,4.1
05/06/2019,29.0
06/06/2019,9.9
07/06/2019,0.5
08/06/2019,0.0
09/06/2019,0.0
10/06/2019,0.0
11/06/2019,0.0
12/06/2019,0.0
13/06/2019,0.0
14/06/2019,11.0
15/06/2019,5.5
16/06/2019,0.0
17/06/2019,2.6
18/06/2019,31.8
19/06/2019,4.5
20/06/2019,4.0
21/06/2019,1.6
22/06/2019,2.6
23/06/2019,5.9
24/06/2019,0.0
25/06/2019,0.0
26/06/2019,0.0
27/06/2019,0.0
28/06/2019,0.0
29/06/2019,0.0
30/06/2019,0.0
01/07/2019,0.0
02/07/2019,0.3
03/07/2019,4.2
04/07/2019,0.0
05/07/2019,0.0
06/07/2019,12.5
07/07/2019,0.0
08/07/2019,0.0
09/07/2019,0.0
10/07/2019,1.0
11/07/2019,0.5
12/07/2019,0.0
13/07/2019,0.5
14/07/2019,8.2
15/07/2019,14.8
16/07/2019,67.4
17/07/2019,0.6
18/07/2019,2.6
19/07/2019,0.0
20/07/2019,0.0
21/07/2019,0.0
22/07/2019,0.0
23/07/2019,0.0
24/07/2019,12.6
25/07/2019,0.4
26/07/2019,0.0
27/07/2019,0.0
28/07/2019,1.0
29/07/2019,0.5
30/07/2019,0.0
31/07/2019,11.7
01/08/2019,0.3
02/08/2019,0.0
03/08/2019,21.5
04/08/2019,0.5
05/08/2019,0.0
06/08/2019,0.0
07/08/2019,0.0
08/08/2019,8.0
09/08/2019,0.0
10/08/2019,0.0
11/08/2019,0.0
12/08/2019,0.0
13/08/2019,0.0
14/08/2019,0.5
15/08/2019,0.0
16/08/2019,0.0
17/08/2019,0.0
18/08/2019,0.0
19/08/2019,0.0
20/08/2019,3.2
21/08/2019,6.8
22/08/2019,12.5
23/08/2019,4.0
24/08/2019,8.9
25/08/2019,0.6
26/08/2019,2.0
27/08/2019,0.0
28/08/2019,9.5
29/08/2019,0.0
30/08/2019,0.0
31/08/2019,0.0
01/09/2019,0.0
02/09/2019,13.0
03/09/2019,11.0
04/09/2019,0.0
05/09/2019,4.5
06/09/2019,0.0
07/09/2019,0.0
08/09/2019,0.0
09/09/2019,0.0
10/09/2019,0.0
11/09/2019,0.0
12/09/2019,25.0
13/09/2019,37.1
14/09/2019,70.9
15/09/2019,6.7
16/09/2019,16.7
17/09/2019,10.5
18/09/2019,1.0
19/09/2019,0.0
20/09/2019,0.0
21/09/2019,0.0
22/09/2019,0.3
23/09/2019,0.7
24/09/2019,2.4
25/09/2019,28.6
26/09/2019,0.0
27/09/2019,1.4
28/09/2019,0.1
29/09/2019,0.3
30/09/2019,25.7
01/10/2019,0.0
02/10/2019,13.5
03/10/2019,12.9
04/10/2019,1.1
05/10/2019,0.0
06/10/2019,0.0
07/10/2019,79.5
08/10/2019,0.0
09/10/2019,0.0
10/10/2019,0.0
11/10/2019,0.0
12/10/2019,0.0
13/10/2019,0.0
14/10/2019,0.0
15/10/2019,0.0
16/10/2019,0.0
17/10/2019,11.7
18/10/2019,6.3
19/10/2019,0.6
20/10/2019,0.4
21/10/2019,0.4
22/10/2019,40.1
23/10/2019,1.0
24/10/2019,0.0
25/10/2019,0.5
26/10/2019,34.0
27/10/2019,2.5
28/10/2019,1.5
29/10/2019,0.0
30/10/2019,0.0
31/10/2019,5.0
01/11/2019,0.4
02/11/2019,15.1
03/11/2019,0.5
04/11/2019,3.0
05/11/2019,22.0
06/11/2019,2.1
07/11/2019,0.4
08/11/2019,0.0
09/11/2019,0.0
10/11/2019,6.5
11/11/2019,2.1
12/11/2019,0.4
13/11/2019,11.5
14/11/2019,7.5
15/11/2019,14.6
16/11/2019,8.9
17/11/2019,0.0
18/11/2019,0.5
19/11/2019,11.8
20/11/2019,7.5
21/11/2019,61.8
22/11/2019,138.6
23/11/2019,10.7
24/11/2019,0.5
25/11/2019,9.6
26/11/2019,4.3
27/11/2019,1.6
28/11/2019,8.5
29/11/2019,14.3
30/11/2019,5.7
01/12/2019,93.9
02/12/2019,52.7
03/12/2019,0.0
04/12/2019,0.5
05/12/2019,0.5
06/12/2019,1.4
07/12/2019,25.6
08/12/2019,0.0
09/12/2019,15.0
10/12/2019,0.5
11/12/2019,0.0
12/12/2019,0.4
13/12/2019,0.5
14/12/2019,21.1
15/12/2019,0.9
16/12/2019,8.5
17/12/2019,54.2
18/12/2019,70.8
19/12/2019,0.5
20/12/2019,0.4
21/12/2019,5.1
22/12/2019,0.5
23/12/2019,0.0
24/12/2019,0.0
25/12/2019,0.9
26/12/2019,0.1
27/12/2019,0.0
28/12/2019,0.0
29/12/2019,0.3
30/12/2019,2.2
31/12/2019,4.5
01/01/2020,3.3
02/01/2020,1.7
03/01/2020,3.5
04/01/2020,0.5
05/01/2020,0.4
06/01/2020,3.6
07/01/2020,11.5
08/01/2020,1.5
09/01/2020,1.0
10/01/2020,0.0
11/01/2020,0.5
12/01/2020,0.0
13/01/2020,0.7
14/01/2020,0.3
15/01/2020,0.0
16/01/2020,0.0
17/01/2020,0.5
18/01/2020,0.3
19/01/2020,0.6
20/01/2020,0.5
21/01/2020,0.1
22/01/2020,0.0
23/01/2020,0.0
24/01/2020,0.0
25/01/2020,0.0
26/01/2020,0.0
27/01/2020,6.3
28/01/2020,1.2
29/01/2020,0.5
30/01/2020,1.5
31/01/2020,0.0
01/02/2020,0.0
02/02/2020,0.0
03/02/2020,0.0
04/02/2020,0.0
05/02/2020,3.5
06/02/2020,1.5
07/02/2020,0.0
08/02/2020,0.3
09/02/2020,25.9
10/02/2020,18.6
11/02/2020,5.0
12/02/2020,0.7
13/02/2020,0.0
14/02/2020,0.0
15/02/2020,0.0
16/02/2020,0.0
17/02/2020,13.8
18/02/2020,8.7
19/02/2020,0.5
20/02/2020,0.4
21/02/2020,1.5
22/02/2020,4.6
23/02/2020,0.5
24/02/2020,0.0
25/02/2020,0.0
26/02/2020,0.0
27/02/2020,0.0
28/02/2020,0.0
29/02/2020,0.0
01/03/2020,0.0
02/03/2020,0.0
03/03/2020,0.0
04/03/2020,0.0
05/03/2020,0.0
06/03/2020,1.9
07/03/2020,30.6
08/03/2020,0.0
09/03/2020,0.0
10/03/2020,0.0
11/03/2020,0.0
12/03/2020,0.0
13/03/2020,0.0
14/03/2020,0.0
15/03/2020,0.0
16/03/2020,0.0
17/03/2020,14.0
18/03/2020,0.0
19/03/2020,0.0
20/03/2020,0.0
21/03/2020,0.0
22/03/2020,0.4
23/03/2020,46.1
24/03/2020,11.5
25/03/2020,0.0
26/03/2020,0.0
27/03/2020,0.0
28/03/2020,0.0
29/03/2020,0.0
30/03/2020,0.0
31/03/2020,0.0
01/04/2020,0.0
02/04/2020,0.5
03/04/2020,32.9
04/04/2020,1.6
05/04/2020,69.6
06/04/2020,4.5
07/04/2020,0.0
08/04/2020,0.0
09/04/2020,0.0
10/04/2020,0.0
11/04/2020,0.0
12/04/2020,0.0
13/04/2020,0.0
14/04/2020,0.0
15/04/2020,0.0
16/04/2020,0.0
17/04/2020,0.0
18/04/2020,0.0
19/04/2020,0.3
20/04/2020,0.5
21/04/2020,2.6
22/04/2020,10.3
23/04/2020,0.2
24/04/2020,0.0
25/04/2020,12.7
26/04/2020,31.3
27/04/2020,16.5
28/04/2020,31.4
29/04/2020,56.7
30/04/2020,0.8
01/05/2020,9.1
02/05/2020,0.0
03/05/2020,0.0
04/05/2020,0.0
05/05/2020,0.0
06/05/2020,0.0
07/05/2020,0.0
08/05/2020,1.0
09/05/2020,0.0
10/05/2020,0.5
11/05/2020,0.0
12/05/2020,0.4
13/05/2020,4.1
14/05/2020,0.5
15/05/2020,3.5
16/05/2020,0.0
17/05/2020,0.0
18/05/2020,0.0
19/05/2020,0.0
20/05/2020,0.0
21/05/2020,0.0
22/05/2020,0.0
23/05/2020,0.0
24/05/2020,0.0
25/05/2020,0.0
26/05/2020,0.0
27/05/2020,0.0
28/05/2020,0.0
29/05/2020,0.5
30/05/2020,0.0
31/05/2020,0.0
01/06/2020,0.0
02/06/2020,0.0
03/06/2020,0.0
04/06/2020,0.0
05/06/2020,0.8
06/06/2020,8.1
07/06/2020,1.0
08/06/2020,0.4
09/06/2020,10.5
10/06/2020,33.1
11/06/2020,0.5
12/06/2020,14.9
13/06/2020,0.6
14/06/2020,0.0
15/06/2020,0.0
16/06/2020,0.5
17/06/2020,48.0
18/06/2020,0.5
19/06/2020,0.0
20/06/2020,0.0
21/06/2020,26.0
22/06/2020,0.0
23/06/2020,0.5
24/06/2020,0.0
25/06/2020,0.0
26/06/2020,27.5
27/06/2020,0.5
28/06/2020,0.0
29/06/2020,0.0
30/06/2020,0.5
01/07/2020,0.0
02/07/2020,0.0
03/07/2020,0.5
04/07/2020,0.0
05/07/2020,0.0
06/07/2020,2.0
07/07/2020,0.0
08/07/2020,0.0
09/07/2020,33.8
10/07/2020,4.2
11/07/2020,24.0
12/07/2020,58.5
13/07/2020,7.5
14/07/2020,0.0
15/07/2020,0.0
16/07/2020,0.0
17/07/2020,0.0
18/07/2020,3.0
19/07/2020,0.0
20/07/2020,0.0
21/07/2020,0.0
22/07/2020,0.7
23/07/2020,0.7
24/07/2020,0.6
25/07/2020,0.0
26/07/2020,0.0
27/07/2020,0.0
28/07/2020,6.0
29/07/2020,12.4
30/07/2020,57.7
31/07/2020,18.4
01/08/2020,8.0
02/08/2020,0.0
03/08/2020,0.0
04/08/2020,1.0
05/08/2020,0.3
06/08/2020,0.2
07/08/2020,2.5
08/08/2020,0.5
09/08/2020,0.0
10/08/2020,13.5
11/08/2020,5.5
12/08/2020,14.5
13/08/2020,17.3
14/08/2020,25.7
15/08/2020,0.0
16/08/2020,0.0
17/08/2020,11.5
18/08/2020,9.0
19/08/2020,12.0
20/08/2020,0.0
21/08/2020,0.0
22/08/2020,0.0
23/08/2020,0.0
24/08/2020,0.0
25/08/2020,0.0
26/08/2020,0.0
27/08/2020,0.0
28/08/2020,0.0
29/08/2020,0.0
30/08/2020,0.0
31/08/2020,0.0
01/09/2020,0.0
02/09/2020,0.0
03/09/2020,0.0
04/09/2020,0.0
05/09/2020,0.0
06/09/2020,0.0
07/09/2020,0.0
08/09/2020,0.0
09/09/2020,0.0
10/09/2020,0.0
11/09/2020,0.0
12/09/2020,36.0
13/09/2020,0.0
14/09/2020,1.4
15/09/2020,0.1
16/09/2020,2.8
17/09/2020,30.2
18/09/2020,0.0
19/09/2020,0.3
20/09/2020,4.7
21/09/2020,0.0
22/09/2020,0.0
23/09/2020,0.0
24/09/2020,18.7
25/09/2020,1.3
26/09/2020,30.0
27/09/2020,0.5
28/09/2020,0.0
29/09/2020,0.0
30/09/2020,3.0
01/10/2020,0.0
02/10/2020,5.4
03/10/2020,1.6
04/10/2020,1.5
05/10/2020,12.2
06/10/2020,0.7
07/10/2020,51.5
08/10/2020,62.2
09/10/2020,1.7
10/10/2020,9.1
11/10/2020,0.5
12/10/2020,29.7
13/10/2020,13.8
14/10/2020,0.5
15/10/2020,6.5
16/10/2020,0.0
17/10/2020,0.0
18/10/2020,0.0
19/10/2020,0.0
20/10/2020,0.0
21/10/2020,0.0
22/10/2020,10.5
23/10/2020,0.0
24/10/2020,12.0
25/10/2020,32.6
26/10/2020,0.4
27/10/2020,0.0
28/10/2020,1.0
29/10/2020,0.5
30/10/2020,0.4
31/10/2020,0.6
01/11/2020,0.0
02/11/2020,0.0
03/11/2020,29.8
04/11/2020,71.2
05/11/2020,14.5
06/11/2020,19.0
07/11/2020,11.2
08/11/2020,8.2
09/11/2020,55.6
10/11/2020,0.0
11/11/2020,22.6
12/11/2020,8.4
13/11/2020,115.0
14/11/2020,0.0
15/11/2020,0.0
16/11/2020,5.5
17/11/2020,73.3
18/11/2020,49.2
19/11/2020,3.7
20/11/2020,1.3
21/11/2020,34.9
22/11/2020,20.0
23/11/2020,194.3
24/11/2020,178.0
25/11/2020,60.6
26/11/2020,7.2
27/11/2020,26.1
28/11/2020,2.3
29/11/2020,11.2
30/11/2020,1.0
01/12/2020,0.5
02/12/2020,39.3
03/12/2020,244.2
04/12/2020,2.4
05/12/2020,0.0
06/12/2020,0.0
07/12/2020,0.0
08/12/2020,0.5
09/12/2020,0.4
10/12/2020,0.6
11/12/2020,52.7
12/12/2020,10.6
13/12/2020,13.5
14/12/2020,14.5
15/12/2020,70.3
16/12/2020,25.1
17/12/2020,54.1
18/12/2020,96.5
19/12/2020,60.5
20/12/2020,43.2
21/12/2020,1.0
22/12/2020,0.0
23/12/2020,0.0
24/12/2020,3.6
25/12/2020,9.7
26/12/2020,16.5
27/12/2020,17.7
28/12/2020,0.0
29/12/2020,0.0
30/12/2020,0.0
31/12/2020,9.2
01/01/2021,6.3
02/01/2021,17.4
03/01/2021,58.9
04/01/2021,49.8
05/01/2021,15.5
06/01/2021,13.4
07/01/2021,1.5
08/01/2021,2.8
09/01/2021,3.8
10/01/2021,10.1
11/01/2021,16.2
12/01/2021,5.0
13/01/2021,0.1
14/01/2021,0.0
15/01/2021,0.5
16/01/2021,0.0
17/01/2021,0.5
18/01/2021,0.0
19/01/2021,0.4
20/01/2021,0.1
21/01/2021,0.4
22/01/2021,0.6
23/01/2021,14.8
24/01/2021,0.7
25/01/2021,0.0
26/01/2021,0.4
27/01/2021,33.6
28/01/2021,0.0
29/01/2021,0.0
30/01/2021,0.4
31/01/2021,14.8
01/02/2021,1.4
02/02/2021,0.4
03/02/2021,1.6
04/02/2021,0.0
05/02/2021,2.0
06/02/2021,0.0
07/02/2021,0.0
08/02/2021,0.0
09/02/2021,0.0
10/02/2021,0.0
11/02/2021,0.0
12/02/2021,0.0
13/02/2021,2.5
14/02/2021,0.5
15/02/2021,0.0
16/02/2021,0.0
17/02/2021,0.0
18/02/2021,0.0
19/02/2021,0.0
20/02/2021,0.4
21/02/2021,1.4
22/02/2021,0.7
23/02/2021,0.0
24/02/2021,0.0
25/02/2021,0.0
26/02/2021,0.0
27/02/2021,0.0
28/02/2021,0.0
01/03/2021,0.0
02/03/2021,0.0
03/03/2021,0.0
04/03/2021,0.5
05/03/2021,0.0
06/03/2021,0.0
07/03/2021,0.0
08/03/2021,0.4
09/03/2021,0.1
10/03/2021,15.2
11/03/2021,6.2
12/03/2021,4.4
13/03/2021,14.4
14/03/2021,0.1
15/03/2021,0.0
16/03/2021,0.0
17/03/2021,0.0
18/03/2021,0.0
19/03/2021,0.0
20/03/2021,0.0
21/03/2021,0.0
22/03/2021,0.4
23/03/2021,5.3
24/03/2021,8.7
25/03/2021,25.5
26/03/2021,10.0
27/03/2021,0.2
28/03/2021,0.0
29/03/2021,0.0
30/03/2021,1.3
31/03/2021,11.7
01/04/2021,7.5
02/04/2021,0.5
03/04/2021,3.5
04/04/2021,0.4
05/04/2021,4.0
06/04/2021,24.0
07/04/2021,5.2
08/04/2021,0.0
09/04/2021,0.0
10/04/2021,0.4
11/04/2021,1.5
12/04/2021,15.1
13/04/2021,4.5
14/04/2021,2.5
15/04/2021,0.4
16/04/2021,1.6
17/04/2021,0.0
18/04/2021,0.0
19/04/2021,10.8
20/04/2021,0.2
21/04/2021,0.0
22/04/2021,0.0
23/04/2021,0.0
24/04/2021,0.0
25/04/2021,15.0
26/04/2021,0.0
27/04/2021,0.0
28/04/2021,0.0
29/04/2021,0.0
30/04/2021,0.0
01/05/2021,0.0
02/05/2021,0.4
03/05/2021,1.6
04/05/2021,3.5
05/05/2021,14.5
06/05/2021,0.5
07/05/2021,0.0
08/05/2021,0.0
09/05/2021,0.0
10/05/2021,0.0
11/05/2021,0.0
12/05/2021,23.0
13/05/2021,0.0
14/05/2021,0.0
15/05/2021,0.0
16/05/2021,0.0
17/05/2021,0.0
18/05/2021,0.5
19/05/2021,25.9
20/05/2021,1.1
21/05/2021,1.0
22/05/2021,0.0
23/05/2021,0.0
24/05/2021,16.0
25/05/2021,0.0
26/05/2021,0.0
27/05/2021,0.0
28/05/2021,0.0
29/05/2021,0.0
30/05/2021,0.0
31/05/2021,0.0
01/06/2021,0.0
02/06/2021,0.0
03/06/2021,0.0
04/06/2021,0.5
05/06/2021,0.0
06/06/2021,0.5
07/06/2021,0.0
08/06/2021,0.0
09/06/2021,0.0
10/06/2021,5.0
11/06/2021,0.0
12/06/2021,0.0
13/06/2021,0.0
14/06/2021,0.0
15/06/2021,0.0
16/06/2021,0.0
17/06/2021,0.0
18/06/2021,0.5
19/06/2021,19.5
20/06/2021,0.0
21/06/2021,7.0
22/06/2021,0.0
23/06/2021,30.1
24/06/2021,9.3
25/06/2021,0.6
26/06/2021,0.0
27/06/2021,23.0
28/06/2021,0.0
29/06/2021,13.5
30/06/2021,0.0
01/07/2021,28.5
02/07/2021,0.0
03/07/2021,0.5
04/07/2021,0.0
05/07/2021,0.0
06/07/2021,16.5
07/07/2021,3.5
08/07/2021,3.0
09/07/2021,3.5
10/07/2021,1.5
11/07/2021,12.6
12/07/2021,4.3
13/07/2021,63.1
14/07/2021,0.5
15/07/2021,0.0
16/07/2021,0.0
17/07/2021,0.0
18/07/2021,0.0
19/07/2021,0.0
20/07/2021,0.0
21/07/2021,16.5
22/07/2021,7.0
23/07/2021,2.7
24/07/2021,2.3
25/07/2021,0.0
26/07/2021,0.5
27/07/2021,6.5
28/07/2021,0.5
29/07/2021,25.0
30/07/2021,27.0
31/07/2021,0.4
01/08/2021,40.6
02/08/2021,35.0
03/08/2021,1.9
04/08/2021,35.6
05/08/2021,0.5
06/08/2021,7.0
07/08/2021,0.0
08/08/2021,0.0
09/08/2021,0.0
10/08/2021,0.0
11/08/2021,0.0
12/08/2021,0.0
13/08/2021,0.0
14/08/2021,0.0
15/08/2021,0.0
16/08/2021,0.8
17/08/2021,19.7
18/08/2021,16.9
19/08/2021,1.6
20/08/2021,0.0
21/08/2021,0.4
22/08/2021,8.1
23/08/2021,0.0
24/08/2021,0.0
25/08/2021,0.0
26/08/2021,0.0
27/08/2021,0.5
28/08/2021,2.3
29/08/2021,0.7
30/08/2021,0.0
31/08/2021,42.5
01/09/2021,2.2
02/09/2021,9.7
03/09/2021,5.5
04/09/2021,1.0
05/09/2021,0.0
06/09/2021,0.0
07/09/2021,10.5
08/09/2021,0.0
09/09/2021,44.8
10/09/2021,11.5
11/09/2021,0.2
12/09/2021,18.1
13/09/2021,5.4
14/09/2021,0.0
15/09/2021,0.5
16/09/2021,1.5
17/09/2021,16.5
18/09/2021,0.0
19/09/2021,46.4
20/09/2021,0.1
21/09/2021,3.8
22/09/2021,3.7
23/09/2021,0.5
24/09/2021,0.0
25/09/2021,0.5
26/09/2021,8.1
27/09/2021,0.4
28/09/2021,4.0
29/09/2021,0.0
30/09/2021,0.0
01/10/2021,11.0
02/10/2021,0.0
03/10/2021,2.8
04/10/2021,4.1
05/10/2021,20.8
06/10/2021,1.4
07/10/2021,32.5
08/10/2021,2.5
09/10/2021,0.0
10/10/2021,0.0
11/10/2021,0.0
12/10/2021,0.0
13/10/2021,0.0
14/10/2021,0.0
15/10/2021,0.4
16/10/2021,1.1
17/10/2021,27.5
18/10/2021,0.0
19/10/2021,0.5
20/10/2021,8.4
21/10/2021,2.1
22/10/2021,3.0
23/10/2021,1.0
24/10/2021,0.0
25/10/2021,0.0
26/10/2021,0.0
27/10/2021,0.5
28/10/2021,6.5
29/10/2021,4.0
30/10/2021,0.5
31/10/2021,0.0
01/11/2021,2.5
02/11/2021,41.2
03/11/2021,4.7
04/11/2021,0.1
05/11/2021,9.0
06/11/2021,0.5
07/11/2021,0.5
08/11/2021,2.0
09/11/2021,4.2
10/11/2021,36.1
11/11/2021,9.7
12/11/2021,4.0
13/11/2021,21.3
14/11/2021,3.2
15/11/2021,0.0
16/11/2021,1.7
17/11/2021,2.3
18/11/2021,25.0
19/11/2021,0.0
20/11/2021,0.0
21/11/2021,0.0
22/11/2021,0.0
23/11/2021,5.4
24/11/2021,17.6
25/11/2021,9.7
26/11/2021,49.9
27/11/2021,27.9
28/11/2021,0.4
29/11/2021,37.5
30/11/2021,1.0
01/12/2021,32.5
02/12/2021,56.6
03/12/2021,15.8
04/12/2021,2.0
05/12/2021,2.6
06/12/2021,0.0
07/12/2021,0.0
08/12/2021,0.4
09/12/2021,2.0
10/12/2021,8.1
11/12/2021,1.0
12/12/2021,3.9
13/12/2021,15.9
14/12/2021,2.2
15/12/2021,17.6
16/12/2021,100.6
17/12/2021,45.9
18/12/2021,103.3
19/12/2021,59.7
20/12/2021,0.0
21/12/2021,0.5
22/12/2021,6.5
23/12/2021,28.7
24/12/2021,34.1
25/12/2021,2.6
26/12/2021,0.0
27/12/2021,0.0
28/12/2021,0.0
29/12/2021,9.6
30/12/2021,43.6
31/12/2021,32.6
01/01/2022,37.8
02/01/2022,14.2
03/01/2022,3.2
04/01/2022,19.0
05/01/2022,5.0
06/01/2022,0.4
07/01/2022,9.2
08/01/2022,1.3
09/01/2022,0.1
10/01/2022,0.0
11/01/2022,0.0
12/01/2022,0.0
13/01/2022,0.0
14/01/2022,0.5
15/01/2022,7.0
16/01/2022,0.0
17/01/2022,1.0
18/01/2022,0.0
19/01/2022,0.0
20/01/2022,0.0
21/01/2022,0.0
22/01/2022,0.0
23/01/2022,0.0
24/01/2022,0.0
25/01/2022,0.0
26/01/2022,0.0
27/01/2022,0.0
28/01/2022,0.0
29/01/2022,0.0
30/01/2022,0.0
31/01/2022,0.0
01/02/2022,0.5
02/02/2022,3.4
03/02/2022,8.9
04/02/2022,0.7
05/02/2022,0.0
06/02/2022,4.9
07/02/2022,14.1
08/02/2022,41.3
09/02/2022,2.7
10/02/2022,9.5
11/02/2022,152.9
12/02/2022,6.7
13/02/2022,13.9
14/02/2022,23.9
15/02/2022,31.2
16/02/2022,0.5
17/02/2022,5.0
18/02/2022,0.0
19/02/2022,0.0
20/02/2022,0.0
21/02/2022,0.0
22/02/2022,0.7
23/02/2022,16.2
24/02/2022,28.8
25/02/2022,118.0
26/02/2022,130.7
27/02/2022,20.5
28/02/2022,1.0
01/03/2022,4.8
02/03/2022,0.6
03/03/2022,28.8
04/03/2022,56.4
05/03/2022,23.9
06/03/2022,0.0
07/03/2022,0.0
08/03/2022,0.5
09/03/2022,0.9
10/03/2022,25.6
11/03/2022,0.0
12/03/2022,0.0
13/03/2022,6.6
14/03/2022,6.4
15/03/2022,0.0
16/03/2022,0.0
17/03/2022,3.5
18/03/2022,0.0
19/03/2022,0.0
20/03/2022,1.5
21/03/2022,3.0
22/03/2022,3.0
23/03/2022,30.8
24/03/2022,0.7
25/03/2022,0.0
26/03/2022,0.0
27/03/2022,0.0
28/03/2022,0.0
29/03/2022,0.0
30/03/2022,0.0
31/03/2022,0.0
01/04/2022,0.0
02/04/2022,0.8
03/04/2022,7.1
04/04/2022,25.0
05/04/2022,26.0
06/04/2022,5.0
07/04/2022,2.0
08/04/2022,1.0
09/04/2022,8.0
10/04/2022,0.6
11/04/2022,1.9
12/04/2022,0.5
13/04/2022,2.5
14/04/2022,1.0
15/04/2022,0.0
16/04/2022,0.0
17/04/2022,0.0
18/04/2022,0.0
19/04/2022,0.4
20/04/2022,48.1
21/04/2022,0.0
22/04/2022,0.5
23/04/2022,7.0
24/04/2022,2.0
25/04/2022,0.0
26/04/2022,0.0
27/04/2022,0.0
28/04/2022,0.0
29/04/2022,0.0
30/04/2022,0.0
01/05/2022,37.0
02/05/2022,0.0
03/05/2022,1.4
04/05/2022,8.6
05/05/2022,0.0
06/05/2022,9.5
07/05/2022,2.0
08/05/2022,1.8
09/05/2022,41.2
10/05/2022,0.4
11/05/2022,0.6
12/05/2022,0.0
13/05/2022,0.0
14/05/2022,0.0
15/05/2022,0.5
16/05/2022,44.5
17/05/2022,0.0
18/05/2022,0.4
19/05/2022,73.1
20/05/2022,0.0
21/05/2022,0.0
22/05/2022,0.4
23/05/2022,0.5
24/05/2022,4.1
25/05/2022,4.5
26/05/2022,0.0
27/05/2022,0.0
28/05/2022,0.0
29/05/2022,0.5
30/05/2022,18.0
31/05/2022,2.1
01/06/2022,42.9
02/06/2022,18.5
03/06/2022,0.0
04/06/2022,45.5
05/06/2022,0.0
06/06/2022,0.0
07/06/2022,0.0
08/06/2022,0.0
09/06/2022,0.0
10/06/2022,0.0
11/06/2022,7.5
12/06/2022,1.5
13/06/2022,0.0
14/06/2022,0.0
15/06/2022,0.0
16/06/2022,0.0
17/06/2022,0.0
18/06/2022,0.0
19/06/2022,0.0
20/06/2022,0.0
21/06/2022,0.0
22/06/2022,12.5
23/06/2022,0.5
24/06/2022,73.6
25/06/2022,7.4
26/06/2022,0.0
27/06/2022,0.0
28/06/2022,4.5
29/06/2022,1.5
30/06/2022,0.0
01/07/2022,0.0
02/07/2022,8.5
03/07/2022,0.5
04/07/2022,47.9
05/07/2022,18.4
06/07/2022,29.7
07/07/2022,0.0
08/07/2022,10.5
09/07/2022,0.0
10/07/2022,0.0
11/07/2022,51.6
12/07/2022,3.4
13/07/2022,0.0
14/07/2022,0.0
15/07/2022,0.0
16/07/2022,0.5
17/07/2022,1.0
18/07/2022,0.0
19/07/2022,0.0
20/07/2022,0.0
21/07/2022,0.0
22/07/2022,0.0
23/07/2022,0.0
24/07/2022,0.0
25/07/2022,0.0
26/07/2022,21.0
27/07/2022,0.0
28/07/2022,0.0
29/07/2022,0.0
30/07/2022,5.8
31/07/2022,1.2
01/08/2022,0.4
02/08/2022,15.6
03/08/2022,8.5
04/08/2022,0.0
05/08/2022,2.0
06/08/2022,3.0
07/08/2022,0.0
08/08/2022,0.0
09/08/2022,6.6
10/08/2022,12.4
11/08/2022,0.0
12/08/2022,0.0
13/08/2022,0.0
14/08/2022,0.0
15/08/2022,0.0
16/08/2022,0.0
17/08/2022,0.0
18/08/2022,0.0
19/08/2022,0.0
20/08/2022,6.5
21/08/2022,0.0
22/08/2022,0.0
23/08/2022,0.0
24/08/2022,1.0
25/08/2022,0.0
26/08/2022,0.5
27/08/2022,0.0
28/08/2022,10.2
29/08/2022,12.3
30/08/2022,5.0
31/08/2022,0.0
01/09/2022,0.4
02/09/2022,17.0
03/09/2022,4.0
04/09/2022,1.2
05/09/2022,4.3
06/09/2022,28.0
07/09/2022,0.9
08/09/2022,0.1
09/09/2022,1.9
10/09/2022,49.1
11/09/2022,0.4
12/09/2022,0.1
13/09/2022,0.0
14/09/2022,0.0
15/09/2022,0.0
16/09/2022,0.0
17/09/2022,7.5
18/09/2022,0.5
19/09/2022,0.0
20/09/2022,0.0
21/09/2022,16.9
22/09/2022,2.1
23/09/2022,0.0
24/09/2022,0.0
25/09/2022,0.0
26/09/2022,0.0
27/09/2022,0.0
28/09/2022,0.0
29/09/2022,44.1
30/09/2022,20.6
01/10/2022,18.3
02/10/2022,1.4
03/10/2022,27.3
04/10/2022,30.8
05/10/2022,20.5
06/10/2022,0.0
07/10/2022,46.0
08/10/2022,138.6
09/10/2022,10.9
10/10/2022,0.0
11/10/2022,0.5
12/10/2022,0.0
13/10/2022,17.8
14/10/2022,32.7
15/10/2022,20.0
16/10/2022,9.8
17/10/2022,51.4
18/10/2022,10.2
19/10/2022,32.1
20/10/2022,1.9
21/10/2022,0.0
22/10/2022,6.0
23/10/2022,0.4
24/10/2022,8.7
25/10/2022,3.8
26/10/2022,4.1
27/10/2022,0.0
28/10/2022,0.5
29/10/2022,1.0
30/10/2022,11.3
31/10/2022,10.7
01/11/2022,3.0
02/11/2022,1.4
03/11/2022,10.4
04/11/2022,27.2
05/11/2022,3.0
06/11/2022,2.8
07/11/2022,0.7
08/11/2022,2.3
09/11/2022,16.1
10/11/2022,43.5
11/11/2022,76.1
12/11/2022,40.0
13/11/2022,0.8
14/11/2022,6.7
15/11/2022,0.0
16/11/2022,0.0
17/11/2022,0.4
18/11/2022,7.6
19/11/2022,0.0
20/11/2022,0.0
21/11/2022,0.0
22/11/2022,80.2
23/11/2022,1.3
24/11/2022,0.4
25/11/2022,22.1
26/11/2022,0.0
27/11/2022,0.4
28/11/2022,2.1
29/11/2022,0.5
30/11/2022,2.0
01/12/2022,27.9
02/12/2022,71.5
03/12/2022,0.1
04/12/2022,5.2
05/12/2022,0.3
06/12/2022,0.9
07/12/2022,36.6
08/12/2022,58.3
09/12/2022,84.1
10/12/2022,125.4
11/12/2022,80.6
12/12/2022,18.3
13/12/2022,9.7
14/12/2022,45.7
15/12/2022,33.3
16/12/2022,1.6
17/12/2022,49.9
18/12/2022,33.2
19/12/2022,116.0
20/12/2022,62.1
21/12/2022,81.3
22/12/2022,26.5
23/12/2022,3.9
24/12/2022,0.0
25/12/2022,0.5
26/12/2022,5.4
27/12/2022,4.1
28/12/2022,0.0
29/12/2022,0.0
30/12/2022,0.5
31/12/2022,4.0
01/01/2023,0.0
02/01/2023,0.4
03/01/2023,31.4
04/01/2023,1.8
05/01/2023,0.5
06/01/2023,26.1
07/01/2023,30.2
08/01/2023,33.2
09/01/2023,0.5
10/01/2023,0.5
11/01/2023,3.5
12/01/2023,5.4
13/01/2023,54.9
14/01/2023,25.1
15/01/2023,0.5
16/01/2023,0.0
17/01/2023,4.8
18/01/2023,11.2
19/01/2023,5.7
20/01/2023,9.3
21/01/2023,3.9
22/01/2023,5.6
23/01/2023,8.0
24/01/2023,1.3
25/01/2023,1.0
26/01/2023,3.0
27/01/2023,160.4
28/01/2023,25.1
29/01/2023,18.9
30/01/2023,5.9
31/01/2023,3.2
01/02/2023,12.2
02/02/2023,21.8
03/02/2023,4.9
04/02/2023,0.8
05/02/2023,8.1
06/02/2023,11.8
07/02/2023,1.6
08/02/2023,0.6
09/02/2023,0.0
10/02/2023,0.0
11/02/2023,0.0
12/02/2023,0.0
13/02/2023,0.0
14/02/2023,0.0
15/02/2023,0.0
16/02/2023,17.0
17/02/2023,0.8
18/02/2023,0.2
19/02/2023,0.0
20/02/2023,0.4
21/02/2023,17.6
22/02/2023,0.8
23/02/2023,0.2
24/02/2023,0.0
25/02/2023,0.4
26/02/2023,2.6
27/02/2023,8.5
28/02/2023,16.7
01/03/2023,3.1
02/03/2023,2.0
03/03/2023,7.0
04/03/2023,2.1
05/03/2023,0.0
06/03/2023,10.5
07/03/2023,0.0
08/03/2023,0.0
09/03/2023,4.6
10/03/2023,2.4
11/03/2023,0.0
12/03/2023,0.0
13/03/2023,0.0
14/03/2023,0.0
15/03/2023,0.0
16/03/2023,0.0
17/03/2023,0.0
18/03/2023,0.4
19/03/2023,3.1
20/03/2023,0.0
21/03/2023,0.0
22/03/2023,0.0
23/03/2023,0.0
24/03/2023,0.0
25/03/2023,0.0
26/03/2023,0.0
27/03/2023,6.0
28/03/2023,0.0
29/03/2023,0.0
30/03/2023,0.0
31/03/2023,0.0
01/04/2023,0.5
02/04/2023,4.0
03/04/2023,22.0
04/04/2023,0.0
05/04/2023,0.0
06/04/2023,0.0
07/04/2023,0.0
08/04/2023,0.0
09/04/2023,0.0
10/04/2023,0.0
11/04/2023,0.0
12/04/2023,0.0
13/04/2023,0.0
14/04/2023,0.0
15/04/2023,0.0
16/04/2023,0.0
17/04/2023,0.0
18/04/2023,0.0
19/04/2023,0.0
20/04/2023,0.4
21/04/2023,2.1
22/04/2023,0.4
23/04/2023,0.6
24/04/2023,9.2
25/04/2023,2.8
26/04/2023,5.9
27/04/2023,13.6
28/04/2023,0.0
29/04/2023,0.0
30/04/2023,1.0
01/05/2023,14.1
02/05/2023,48.1
03/05/2023,13.8
04/05/2023,0.0
05/05/2023,0.0
06/05/2023,0.0
07/05/2023,0.0
08/05/2023,24.0
