Date,Value (mm)
21/12/1985,17.5
22/12/1985,59.0
23/12/1985,26.0
24/12/1985,0.5
25/12/1985,2.0
26/12/1985,0.5
27/12/1985,10.5
28/12/1985,0.5
29/12/1985,0.0
30/12/1985,0.0
31/12/1985,0.0
01/01/1986,17.0
02/01/1986,10.5
03/01/1986,11.5
04/01/1986,15.0
05/01/1986,10.0
06/01/1986,18.0
07/01/1986,4.0
08/01/1986,25.5
09/01/1986,19.0
10/01/1986,9.0
11/01/1986,5.5
12/01/1986,2.5
13/01/1986,0.0
14/01/1986,0.0
15/01/1986,1.5
16/01/1986,0.0
17/01/1986,1.0
18/01/1986,0.0
19/01/1986,0.0
20/01/1986,0.0
21/01/1986,0.0
22/01/1986,0.0
23/01/1986,0.0
24/01/1986,1.5
25/01/1986,0.0
26/01/1986,0.0
27/01/1986,0.0
28/01/1986,0.0
29/01/1986,0.0
30/01/1986,0.0
31/01/1986,0.0
01/02/1986,0.0
02/02/1986,0.0
03/02/1986,0.0
04/02/1986,0.0
05/02/1986,0.0
06/02/1986,0.0
07/02/1986,1.5
08/02/1986,1.5
09/02/1986,0.0
10/02/1986,0.0
11/02/1986,6.0
12/02/1986,0.0
13/02/1986,0.0
14/02/1986,0.0
15/02/1986,0.0
16/02/1986,0.0
17/02/1986,0.0
18/02/1986,0.0
19/02/1986,0.0
20/02/1986,0.0
21/02/1986,0.0
22/02/1986,0.0
23/02/1986,0.0
24/02/1986,0.0
25/02/1986,0.0
26/02/1986,0.0
27/02/1986,0.0
28/02/1986,1.0
01/03/1986,1.5
02/03/1986,27.0
03/03/1986,6.5
04/03/1986,4.0
05/03/1986,2.5
06/03/1986,25.5
07/03/1986,20.5
08/03/1986,21.0
09/03/1986,7.0
10/03/1986,4.0
11/03/1986,2.0
12/03/1986,1.0
13/03/1986,0.0
14/03/1986,0.0
15/03/1986,0.0
16/03/1986,0.0
17/03/1986,0.5
18/03/1986,0.0
19/03/1986,0.0
20/03/1986,0.0
21/03/1986,0.0
22/03/1986,0.0
23/03/1986,0.0
24/03/1986,0.0
25/03/1986,0.0
26/03/1986,0.0
27/03/1986,0.0
28/03/1986,0.0
29/03/1986,0.0
30/03/1986,0.0
31/03/1986,0.0
01/04/1986,0.0
02/04/1986,0.0
03/04/1986,0.0
04/04/1986,0.0
05/04/1986,0.0
06/04/1986,0.0
07/04/1986,0.0
08/04/1986,0.0
09/04/1986,0.0
10/04/1986,0.0
11/04/1986,0.0
12/04/1986,0.0
13/04/1986,7.0
14/04/1986,70.5
15/04/1986,0.0
16/04/1986,38.0
17/04/1986,31.0
18/04/1986,2.0
19/04/1986,0.0
20/04/1986,0.0
21/04/1986,0.0
22/04/1986,3.0
23/04/1986,0.0
24/04/1986,0.0
25/04/1986,0.0
26/04/1986,0.0
27/04/1986,0.0
28/04/1986,0.0
29/04/1986,0.0
30/04/1986,0.0
01/05/1986,0.0
02/05/1986,0.0
03/05/1986,0.0
04/05/1986,0.0
05/05/1986,0.0
06/05/1986,2.0
07/05/1986,3.0
08/05/1986,2.0
09/05/1986,0.0
10/05/1986,0.0
11/05/1986,0.0
12/05/1986,0.0
13/05/1986,28.5
14/05/1986,0.5
15/05/1986,40.5
16/05/1986,26.5
17/05/1986,21.5
18/05/1986,11.0
19/05/1986,0.0
20/05/1986,0.0
21/05/1986,0.0
22/05/1986,1.0
23/05/1986,5.5
24/05/1986,13.0
25/05/1986,24.5
26/05/1986,0.5
27/05/1986,20.5
28/05/1986,10.5
29/05/1986,1.0
30/05/1986,0.0
31/05/1986,0.0
01/06/1986,0.0
02/06/1986,1.0
03/06/1986,7.0
04/06/1986,0.5
05/06/1986,8.0
06/06/1986,0.0
07/06/1986,0.0
08/06/1986,0.0
09/06/1986,0.0
10/06/1986,11.5
11/06/1986,39.0
12/06/1986,10.0
13/06/1986,40.5
14/06/1986,0.0
15/06/1986,20.5
16/06/1986,3.0
17/06/1986,21.0
18/06/1986,1.5
19/06/1986,0.0
20/06/1986,0.0
21/06/1986,0.0
22/06/1986,0.0
23/06/1986,0.0
24/06/1986,0.0
25/06/1986,0.0
26/06/1986,10.5
27/06/1986,0.0
28/06/1986,0.0
29/06/1986,0.0
30/06/1986,45.0
01/07/1986,31.5
02/07/1986,5.5
03/07/1986,32.5
04/07/1986,0.5
05/07/1986,0.0
06/07/1986,48.0
07/07/1986,0.5
08/07/1986,42.5
09/07/1986,0.0
10/07/1986,46.5
11/07/1986,3.5
12/07/1986,0.5
13/07/1986,3.5
14/07/1986,5.0
15/07/1986,0.5
16/07/1986,0.0
17/07/1986,0.0
18/07/1986,0.0
19/07/1986,0.0
20/07/1986,0.0
21/07/1986,0.0
22/07/1986,27.5
23/07/1986,0.0
24/07/1986,0.0
25/07/1986,0.0
26/07/1986,0.5
27/07/1986,0.0
28/07/1986,0.0
29/07/1986,21.0
30/07/1986,0.0
31/07/1986,40.5
01/08/1986,3.0
02/08/1986,9.0
03/08/1986,1.5
04/08/1986,0.5
05/08/1986,0.5
06/08/1986,20.5
07/08/1986,0.0
08/08/1986,0.0
09/08/1986,51.5
10/08/1986,37.0
11/08/1986,1.5
12/08/1986,0.0
13/08/1986,1.0
14/08/1986,26.0
15/08/1986,5.5
16/08/1986,2.5
17/08/1986,0.0
18/08/1986,0.0
19/08/1986,0.0
20/08/1986,0.0
21/08/1986,0.0
22/08/1986,0.0
23/08/1986,1.0
24/08/1986,0.0
25/08/1986,19.0
26/08/1986,0.0
27/08/1986,1.0
28/08/1986,7.5
29/08/1986,0.0
30/08/1986,11.0
31/08/1986,13.0
01/09/1986,0.0
02/09/1986,18.0
03/09/1986,0.0
04/09/1986,0.0
05/09/1986,0.0
06/09/1986,0.0
07/09/1986,39.5
08/09/1986,42.5
09/09/1986,56.5
10/09/1986,2.0
11/09/1986,20.5
12/09/1986,11.0
13/09/1986,43.5
14/09/1986,38.5
15/09/1986,17.0
16/09/1986,5.5
17/09/1986,18.0
18/09/1986,6.5
19/09/1986,15.5
20/09/1986,6.5
21/09/1986,10.5
22/09/1986,28.5
23/09/1986,3.0
24/09/1986,14.0
25/09/1986,16.0
26/09/1986,0.5
27/09/1986,0.0
28/09/1986,0.0
29/09/1986,18.0
30/09/1986,9.0
01/10/1986,3.5
02/10/1986,22.5
03/10/1986,0.5
04/10/1986,5.5
05/10/1986,4.5
06/10/1986,78.0
07/10/1986,2.0
08/10/1986,6.5
09/10/1986,7.5
10/10/1986,22.0
11/10/1986,4.5
12/10/1986,0.5
13/10/1986,0.0
14/10/1986,0.0
15/10/1986,3.5
16/10/1986,7.0
17/10/1986,0.0
18/10/1986,52.0
19/10/1986,28.0
20/10/1986,4.5
21/10/1986,55.0
22/10/1986,4.0
23/10/1986,15.0
24/10/1986,9.0
25/10/1986,10.0
26/10/1986,2.5
27/10/1986,48.0
28/10/1986,0.0
29/10/1986,0.5
30/10/1986,1.0
31/10/1986,17.5
01/11/1986,3.0
02/11/1986,0.0
03/11/1986,0.0
04/11/1986,0.5
05/11/1986,4.0
06/11/1986,0.5
07/11/1986,2.5
08/11/1986,10.5
09/11/1986,8.0
10/11/1986,0.0
11/11/1986,13.0
12/11/1986,48.5
13/11/1986,13.5
14/11/1986,0.0
15/11/1986,0.0
16/11/1986,11.5
17/11/1986,5.5
18/11/1986,29.5
19/11/1986,0.0
20/11/1986,9.0
21/11/1986,1.0
22/11/1986,17.5
23/11/1986,12.0
24/11/1986,2.0
25/11/1986,60.5
26/11/1986,39.0
27/11/1986,184.0
28/11/1986,190.0
29/11/1986,159.9
30/11/1986,388.4
01/12/1986,255.4
02/12/1986,50.8
03/12/1986,55.0
04/12/1986,0.0
05/12/1986,8.0
06/12/1986,77.0
07/12/1986,27.5
08/12/1986,14.3
09/12/1986,37.2
10/12/1986,11.0
11/12/1986,13.5
12/12/1986,18.0
13/12/1986,0.0
14/12/1986,0.0
15/12/1986,0.0
16/12/1986,7.0
17/12/1986,34.5
18/12/1986,5.5
19/12/1986,20.0
20/12/1986,2.5
21/12/1986,15.0
22/12/1986,0.5
23/12/1986,0.0
24/12/1986,0.0
25/12/1986,4.0
26/12/1986,0.0
27/12/1986,1.0
28/12/1986,2.0
29/12/1986,79.0
30/12/1986,2.5
31/12/1986,0.0
01/01/1987,0.0
02/01/1987,0.5
03/01/1987,0.0
04/01/1987,0.0
05/01/1987,0.0
06/01/1987,11.0
07/01/1987,13.0
08/01/1987,19.0
09/01/1987,15.0
10/01/1987,12.5
11/01/1987,19.5
12/01/1987,18.5
13/01/1987,5.5
14/01/1987,0.5
15/01/1987,0.0
16/01/1987,4.5
20/01/1987,0.4
21/01/1987,6.6
22/01/1987,0.5
23/01/1987,0.0
24/01/1987,4.0
25/01/1987,22.0
26/01/1987,2.0
27/01/1987,18.0
28/01/1987,17.5
29/01/1987,9.0
30/01/1987,0.0
31/01/1987,0.5
01/02/1987,0.0
02/02/1987,1.0
03/02/1987,3.5
04/02/1987,2.0
05/02/1987,0.0
06/02/1987,0.0
07/02/1987,0.0
08/02/1987,0.0
09/02/1987,0.0
10/02/1987,0.0
11/02/1987,0.0
12/02/1987,0.0
13/02/1987,0.0
14/02/1987,0.0
15/02/1987,0.0
16/02/1987,0.0
17/02/1987,0.0
18/02/1987,0.0
19/02/1987,0.0
20/02/1987,0.0
21/02/1987,0.0
26/04/1987,0.5
27/04/1987,11.5
28/04/1987,6.5
29/04/1987,17.0
30/04/1987,1.5
01/05/1987,4.0
02/05/1987,9.5
03/05/1987,0.0
04/05/1987,6.5
05/05/1987,4.5
06/05/1987,0.0
07/05/1987,0.0
08/05/1987,0.0
09/05/1987,0.0
10/05/1987,0.0
11/05/1987,0.0
12/05/1987,6.5
13/05/1987,4.0
14/05/1987,4.0
15/05/1987,2.0
16/05/1987,0.0
17/05/1987,0.0
18/05/1987,13.5
19/05/1987,9.0
20/05/1987,0.0
21/05/1987,0.0
22/05/1987,0.0
23/05/1987,0.0
24/05/1987,0.0
25/05/1987,0.0
26/05/1987,0.0
27/05/1987,0.0
28/05/1987,22.5
29/05/1987,0.5
30/05/1987,0.0
31/05/1987,0.0
01/06/1987,0.0
02/06/1987,0.0
03/06/1987,4.0
04/06/1987,0.5
05/06/1987,10.0
06/06/1987,1.0
07/06/1987,16.0
08/06/1987,5.5
09/06/1987,0.0
10/06/1987,0.0
11/06/1987,0.0
12/06/1987,24.5
13/06/1987,81.0
14/06/1987,0.0
15/06/1987,0.0
16/06/1987,0.0
17/06/1987,0.0
18/06/1987,0.0
19/06/1987,0.5
20/06/1987,19.5
21/06/1987,11.0
22/06/1987,0.0
23/06/1987,0.5
24/06/1987,1.0
25/06/1987,0.0
26/06/1987,43.0
27/06/1987,0.0
28/06/1987,1.0
29/06/1987,0.0
30/06/1987,14.0
01/07/1987,0.0
02/07/1987,0.0
03/07/1987,0.0
04/07/1987,0.0
05/07/1987,0.0
06/07/1987,0.0
07/07/1987,18.0
08/07/1987,0.0
09/07/1987,0.0
10/07/1987,0.0
11/07/1987,0.0
12/07/1987,0.0
13/07/1987,0.0
14/07/1987,3.0
15/07/1987,0.0
16/07/1987,36.0
17/07/1987,20.2
18/07/1987,50.3
19/07/1987,27.5
20/07/1987,3.5
21/07/1987,2.0
22/07/1987,0.0
23/07/1987,0.0
24/07/1987,0.0
25/07/1987,41.0
26/07/1987,0.0
27/07/1987,0.0
28/07/1987,0.0
29/07/1987,24.0
30/07/1987,0.0
31/07/1987,0.0
01/08/1987,0.0
02/08/1987,0.0
03/08/1987,5.0
04/08/1987,0.0
05/08/1987,20.5
06/08/1987,5.0
07/08/1987,0.0
08/08/1987,0.5
09/08/1987,28.0
10/08/1987,7.0
11/08/1987,22.0
12/08/1987,15.5
13/08/1987,0.5
14/08/1987,5.0
15/08/1987,0.0
16/08/1987,2.5
17/08/1987,0.0
18/08/1987,6.5
19/08/1987,0.0
20/08/1987,0.5
21/08/1987,0.0
22/08/1987,26.5
23/08/1987,0.0
24/08/1987,0.0
25/08/1987,0.0
26/08/1987,0.0
27/08/1987,0.0
28/08/1987,2.5
29/08/1987,0.5
30/08/1987,0.0
31/08/1987,0.5
01/09/1987,4.0
02/09/1987,14.5
03/09/1987,2.5
04/09/1987,29.0
05/09/1987,0.0
06/09/1987,30.0
07/09/1987,35.0
08/09/1987,8.5
09/09/1987,13.5
10/09/1987,0.0
11/09/1987,20.0
12/09/1987,9.4
13/09/1987,17.6
14/09/1987,8.5
15/09/1987,47.0
16/09/1987,20.0
17/09/1987,15.0
18/09/1987,0.0
19/09/1987,0.0
20/09/1987,0.5
21/09/1987,13.0
22/09/1987,10.0
23/09/1987,0.0
24/09/1987,0.0
25/09/1987,0.0
26/09/1987,0.0
27/09/1987,34.5
28/09/1987,0.0
29/09/1987,1.0
30/09/1987,1.5
01/10/1987,0.0
02/10/1987,0.0
03/10/1987,7.0
04/10/1987,0.0
05/10/1987,0.0
06/10/1987,0.0
07/10/1987,0.0
08/10/1987,10.5
09/10/1987,0.5
10/10/1987,9.5
11/10/1987,52.5
12/10/1987,6.0
13/10/1987,0.0
14/10/1987,0.0
15/10/1987,0.0
16/10/1987,0.5
17/10/1987,0.0
18/10/1987,0.0
19/10/1987,6.0
20/10/1987,8.0
21/10/1987,0.0
22/10/1987,1.0
23/10/1987,0.0
24/10/1987,15.0
25/10/1987,81.5
26/10/1987,37.5
27/10/1987,0.0
28/10/1987,4.0
29/10/1987,0.0
30/10/1987,1.0
31/10/1987,32.5
01/11/1987,0.0
02/11/1987,39.0
03/11/1987,12.0
04/11/1987,0.0
05/11/1987,5.5
06/11/1987,2.0
07/11/1987,1.0
08/11/1987,37.5
09/11/1987,0.5
10/11/1987,10.1
11/11/1987,4.4
12/11/1987,69.0
13/11/1987,14.0
14/11/1987,0.5
15/11/1987,29.0
16/11/1987,50.0
17/11/1987,51.5
18/11/1987,1.0
19/11/1987,13.5
20/11/1987,10.0
21/11/1987,27.0
22/11/1987,11.0
23/11/1987,24.0
24/11/1987,0.0
25/11/1987,0.0
26/11/1987,16.5
27/11/1987,0.0
28/11/1987,8.5
29/11/1987,0.5
30/11/1987,7.5
01/12/1987,150.0
02/12/1987,85.5
03/12/1987,137.0
04/12/1987,18.0
05/12/1987,0.0
06/12/1987,354.0
07/12/1987,45.5
08/12/1987,33.0
09/12/1987,40.5
10/12/1987,84.5
11/12/1987,83.5
12/12/1987,42.1
13/12/1987,53.4
14/12/1987,1.5
15/12/1987,0.0
16/12/1987,16.5
17/12/1987,32.5
18/12/1987,0.0
19/12/1987,0.0
20/12/1987,0.0
21/12/1987,2.0
22/12/1987,0.0
23/12/1987,0.0
31/12/1987,1.5
01/01/1988,0.0
02/01/1988,0.5
03/01/1988,13.5
04/01/1988,3.5
05/01/1988,1.0
06/01/1988,0.0
07/01/1988,0.0
08/01/1988,0.0
09/01/1988,5.5
10/01/1988,9.0
11/01/1988,13.0
12/01/1988,16.5
13/01/1988,9.0
14/01/1988,7.8
15/01/1988,1.2
16/01/1988,0.5
17/01/1988,0.5
18/01/1988,0.0
19/01/1988,0.0
20/01/1988,0.0
21/01/1988,0.0
22/01/1988,0.0
23/01/1988,0.0
24/01/1988,1.0
25/01/1988,2.0
26/01/1988,12.0
27/01/1988,24.0
28/01/1988,4.5
29/01/1988,0.0
30/01/1988,0.5
31/01/1988,3.5
01/02/1988,0.5
02/02/1988,0.0
03/02/1988,0.0
04/02/1988,0.0
05/02/1988,23.0
06/02/1988,1.5
07/02/1988,6.0
08/02/1988,0.0
09/02/1988,0.0
10/02/1988,1.0
11/02/1988,0.0
12/02/1988,0.0
13/02/1988,0.0
14/02/1988,0.0
15/02/1988,0.0
16/02/1988,3.5
17/02/1988,0.0
18/02/1988,9.5
19/02/1988,10.5
20/02/1988,7.5
21/02/1988,16.5
22/02/1988,28.5
23/02/1988,0.0
24/02/1988,0.0
25/02/1988,0.0
26/02/1988,0.0
27/02/1988,0.0
28/02/1988,0.0
29/02/1988,0.0
01/03/1988,0.0
02/03/1988,0.0
03/03/1988,0.0
04/03/1988,0.5
05/03/1988,11.5
06/03/1988,60.0
07/03/1988,221.4
08/03/1988,158.1
09/03/1988,14.5
10/03/1988,3.0
11/03/1988,10.0
12/03/1988,0.5
13/03/1988,0.0
14/03/1988,0.0
15/03/1988,0.0
16/03/1988,0.0
17/03/1988,0.0
18/03/1988,0.0
19/03/1988,0.0
20/03/1988,0.0
21/03/1988,0.0
22/03/1988,3.5
23/03/1988,0.5
24/03/1988,0.0
25/03/1988,0.0
26/03/1988,0.0
27/03/1988,0.0
28/03/1988,0.0
29/03/1988,0.0
30/03/1988,0.0
31/03/1988,0.0
01/04/1988,0.0
02/04/1988,0.0
03/04/1988,0.0
04/04/1988,0.0
05/04/1988,0.0
06/04/1988,6.0
07/04/1988,0.0
08/04/1988,1.0
09/04/1988,21.2
10/04/1988,27.3
11/04/1988,17.0
12/04/1988,0.5
13/04/1988,0.0
14/04/1988,2.0
15/04/1988,0.0
16/04/1988,0.0
17/04/1988,0.0
18/04/1988,2.0
19/04/1988,0.0
20/04/1988,0.0
21/04/1988,0.0
22/04/1988,0.0
23/04/1988,0.5
24/04/1988,0.0
25/04/1988,0.0
26/04/1988,0.0
27/04/1988,0.0
28/04/1988,0.0
29/04/1988,27.5
30/04/1988,20.0
01/05/1988,25.5
02/05/1988,34.0
03/05/1988,4.5
04/05/1988,2.5
05/05/1988,21.0
06/05/1988,2.0
07/05/1988,10.5
08/05/1988,0.0
09/05/1988,5.5
10/05/1988,0.0
11/05/1988,0.5
12/05/1988,0.0
13/05/1988,22.0
14/05/1988,0.0
15/05/1988,7.0
16/05/1988,0.0
17/05/1988,33.5
18/05/1988,0.0
19/05/1988,40.5
20/05/1988,0.0
21/05/1988,3.0
22/05/1988,0.0
23/05/1988,7.5
24/05/1988,82.0
25/05/1988,0.0
26/05/1988,4.0
27/05/1988,0.0
28/05/1988,0.0
29/05/1988,2.0
30/05/1988,1.5
31/05/1988,0.5
01/06/1988,19.0
02/06/1988,16.5
03/06/1988,0.5
04/06/1988,0.0
05/06/1988,0.0
06/06/1988,0.0
07/06/1988,4.5
08/06/1988,0.0
09/06/1988,0.0
10/06/1988,0.0
11/06/1988,34.5
12/06/1988,0.0
13/06/1988,30.5
14/06/1988,15.5
15/06/1988,9.0
16/06/1988,6.5
17/06/1988,5.0
18/06/1988,0.5
19/06/1988,41.0
20/06/1988,2.0
21/06/1988,0.0
22/06/1988,17.0
23/06/1988,10.0
24/06/1988,1.5
25/06/1988,90.0
26/06/1988,1.5
27/06/1988,25.5
28/06/1988,0.0
29/06/1988,29.5
30/06/1988,0.0
01/07/1988,0.0
02/07/1988,0.0
03/07/1988,0.0
04/07/1988,0.0
05/07/1988,12.5
06/07/1988,1.5
07/07/1988,0.0
08/07/1988,3.5
09/07/1988,13.5
10/07/1988,56.5
11/07/1988,0.5
12/07/1988,34.0
13/07/1988,0.5
14/07/1988,7.5
15/07/1988,0.5
16/07/1988,0.0
17/07/1988,0.0
18/07/1988,0.0
19/07/1988,0.0
20/07/1988,0.0
21/07/1988,0.0
22/07/1988,13.0
23/07/1988,13.5
24/07/1988,0.0
25/07/1988,3.5
26/07/1988,17.0
27/07/1988,14.7
28/07/1988,49.3
29/07/1988,2.0
30/07/1988,0.0
31/07/1988,0.0
01/08/1988,0.0
02/08/1988,2.5
03/08/1988,0.0
04/08/1988,0.5
05/08/1988,0.5
06/08/1988,0.0
07/08/1988,0.0
08/08/1988,3.0
09/08/1988,0.0
28/09/1988,5.5
29/09/1988,36.5
30/09/1988,13.0
01/10/1988,2.5
02/10/1988,0.0
05/10/1988,6.0
06/10/1988,0.5
07/10/1988,0.0
08/10/1988,2.0
09/10/1988,19.0
10/10/1988,26.0
11/10/1988,19.5
12/10/1988,0.0
13/10/1988,0.0
14/10/1988,0.0
15/10/1988,0.0
16/10/1988,0.0
17/10/1988,14.5
18/10/1988,3.5
19/10/1988,1.5
20/10/1988,16.0
21/10/1988,0.5
22/10/1988,0.0
23/10/1988,0.0
24/10/1988,5.0
25/10/1988,1.5
26/10/1988,1.0
27/10/1988,4.5
28/10/1988,24.5
29/10/1988,0.0
30/10/1988,3.0
31/10/1988,0.5
01/11/1988,1.0
02/11/1988,16.5
03/11/1988,26.2
04/11/1988,101.5
05/11/1988,65.3
06/11/1988,0.5
07/11/1988,0.0
08/11/1988,29.0
09/11/1988,0.0
10/11/1988,32.4
11/11/1988,9.6
12/11/1988,0.0
21/11/1988,2.5
22/11/1988,31.0
23/11/1988,25.0
24/11/1988,36.0
25/11/1988,0.0
26/11/1988,0.0
27/11/1988,46.6
28/11/1988,8.4
29/11/1988,91.6
30/11/1988,223.4
01/12/1988,318.3
02/12/1988,46.2
03/12/1988,8.0
04/12/1988,0.0
05/12/1988,14.5
06/12/1988,0.0
07/12/1988,0.0
08/12/1988,0.0
09/12/1988,0.0
10/12/1988,0.0
11/12/1988,0.0
12/12/1988,0.0
13/12/1988,0.0
12/02/1989,1.5
12/04/1989,0.7
13/04/1989,0.8
14/04/1989,0.0
15/04/1989,0.5
16/04/1989,0.0
17/04/1989,0.0
18/04/1989,0.5
19/04/1989,0.0
20/04/1989,0.0
21/04/1989,0.0
22/04/1989,0.0
23/04/1989,0.0
24/04/1989,0.0
25/04/1989,0.0
26/04/1989,0.0
27/04/1989,0.0
28/04/1989,0.0
29/04/1989,0.0
30/04/1989,0.0
01/05/1989,0.0
02/05/1989,9.0
03/05/1989,22.5
04/05/1989,1.0
05/05/1989,45.0
06/05/1989,0.5
07/05/1989,23.5
08/05/1989,2.0
09/05/1989,3.0
10/05/1989,0.0
11/05/1989,0.0
12/05/1989,0.0
16/05/1989,21.5
17/05/1989,0.5
18/05/1989,34.0
19/05/1989,2.0
20/05/1989,2.5
21/05/1989,4.5
22/05/1989,15.5
23/05/1989,49.5
24/05/1989,51.0
25/05/1989,0.5
26/05/1989,2.5
27/05/1989,0.0
28/05/1989,0.0
29/05/1989,2.5
30/05/1989,0.5
31/05/1989,0.0
01/06/1989,0.0
02/06/1989,0.0
03/06/1989,0.0
04/06/1989,20.0
05/06/1989,0.0
06/06/1989,22.5
07/06/1989,0.0
08/06/1989,7.5
09/06/1989,6.5
10/06/1989,0.0
11/06/1989,0.0
12/06/1989,0.5
13/06/1989,0.0
14/06/1989,0.0
15/06/1989,0.0
16/06/1989,5.0
17/06/1989,0.0
18/06/1989,19.0
19/06/1989,0.0
20/06/1989,0.0
21/06/1989,0.0
22/06/1989,0.0
23/06/1989,20.5
24/06/1989,0.0
25/06/1989,15.0
26/06/1989,15.0
27/06/1989,20.0
28/06/1989,0.0
29/06/1989,0.0
30/06/1989,0.0
01/07/1989,27.0
02/07/1989,0.0
03/07/1989,45.0
04/07/1989,2.5
05/07/1989,0.5
06/07/1989,0.0
07/07/1989,0.0
08/07/1989,0.0
09/07/1989,0.0
10/07/1989,0.0
11/07/1989,0.0
12/07/1989,0.0
13/07/1989,4.0
14/07/1989,0.0
15/07/1989,23.5
16/07/1989,9.0
17/07/1989,0.0
18/07/1989,9.5
19/07/1989,5.0
20/07/1989,0.0
21/07/1989,0.0
22/07/1989,0.0
23/07/1989,0.0
24/07/1989,8.0
25/07/1989,0.0
26/07/1989,0.0
27/07/1989,0.0
28/07/1989,0.0
29/07/1989,0.0
30/07/1989,0.0
31/07/1989,0.0
01/08/1989,8.0
02/08/1989,15.1
03/08/1989,4.4
04/08/1989,5.0
05/08/1989,0.0
06/08/1989,0.0
07/08/1989,15.5
08/08/1989,2.0
09/08/1989,13.5
10/08/1989,14.0
15/08/1989,9.5
16/08/1989,19.0
17/08/1989,37.9
18/08/1989,34.1
19/08/1989,6.5
20/08/1989,8.5
21/08/1989,0.5
22/08/1989,5.5
23/08/1989,0.0
24/08/1989,10.0
25/08/1989,1.0
26/08/1989,0.0
27/08/1989,1.5
28/08/1989,21.8
29/08/1989,6.2
30/08/1989,0.0
31/08/1989,0.0
01/09/1989,0.0
02/09/1989,64.5
03/09/1989,22.0
04/09/1989,7.5
05/09/1989,2.5
06/09/1989,0.0
07/09/1989,9.5
08/09/1989,6.0
09/09/1989,11.0
10/09/1989,0.0
11/09/1989,1.0
12/09/1989,0.5
13/09/1989,5.5
14/09/1989,2.0
15/09/1989,0.5
16/09/1989,10.0
17/09/1989,0.5
18/09/1989,0.0
19/09/1989,0.0
20/09/1989,5.5
21/09/1989,0.0
22/09/1989,0.0
23/09/1989,12.0
24/09/1989,0.0
25/09/1989,0.0
26/09/1989,0.5
27/09/1989,8.5
28/09/1989,0.0
29/09/1989,34.5
30/09/1989,4.5
01/10/1989,4.0
02/10/1989,16.0
03/10/1989,1.0
04/10/1989,0.5
05/10/1989,0.5
06/10/1989,0.5
07/10/1989,0.5
08/10/1989,1.5
09/10/1989,43.0
10/10/1989,30.5
11/10/1989,21.0
12/10/1989,19.5
13/10/1989,30.0
14/10/1989,3.0
15/10/1989,0.0
16/10/1989,10.0
17/10/1989,0.0
18/10/1989,0.5
19/10/1989,0.0
20/10/1989,4.0
21/10/1989,0.0
22/10/1989,4.5
23/10/1989,16.0
24/10/1989,0.0
25/10/1989,0.0
26/10/1989,0.0
27/10/1989,0.5
28/10/1989,1.0
29/10/1989,1.5
30/10/1989,0.0
31/10/1989,0.0
01/11/1989,109.5
02/11/1989,37.0
03/11/1989,9.5
04/11/1989,6.0
05/11/1989,2.5
06/11/1989,3.5
07/11/1989,0.5
08/11/1989,0.5
09/11/1989,30.5
10/11/1989,6.0
11/11/1989,0.0
12/11/1989,0.5
13/11/1989,0.0
14/11/1989,3.5
15/11/1989,84.0
16/11/1989,60.0
17/11/1989,59.9
18/11/1989,76.6
19/11/1989,10.5
20/11/1989,8.0
21/11/1989,20.0
22/11/1989,3.0
23/11/1989,0.0
24/11/1989,0.0
25/11/1989,7.5
26/11/1989,1.0
27/11/1989,0.5
28/11/1989,12.5
29/11/1989,7.0
30/11/1989,35.0
01/12/1989,52.0
02/12/1989,9.5
03/12/1989,4.0
04/12/1989,0.5
05/12/1989,0.0
06/12/1989,0.0
07/12/1989,0.0
08/12/1989,0.5
09/12/1989,1.5
10/12/1989,0.0
11/12/1989,0.0
12/12/1989,43.8
13/12/1989,0.7
14/12/1989,2.0
15/12/1989,0.5
16/12/1989,8.1
17/12/1989,2.4
18/12/1989,0.5
19/12/1989,4.5
20/12/1989,1.5
21/12/1989,0.0
22/12/1989,4.0
23/12/1989,2.1
24/12/1989,40.9
25/12/1989,0.0
26/12/1989,1.0
27/12/1989,0.0
28/12/1989,22.0
29/12/1989,0.0
30/12/1989,19.0
31/12/1989,2.5
01/01/1990,1.0
02/01/1990,0.0
03/01/1990,0.0
04/01/1990,0.0
05/01/1990,2.5
06/01/1990,0.0
07/01/1990,2.0
08/01/1990,89.5
09/01/1990,0.5
10/01/1990,0.5
11/01/1990,5.5
12/01/1990,31.5
13/01/1990,13.5
14/01/1990,3.5
15/01/1990,2.0
16/01/1990,0.0
17/01/1990,3.5
18/01/1990,2.5
19/01/1990,0.0
20/01/1990,0.0
21/01/1990,16.0
22/01/1990,5.0
23/01/1990,1.0
24/01/1990,0.5
25/01/1990,0.0
26/01/1990,0.0
27/01/1990,0.0
28/01/1990,0.0
29/01/1990,0.0
30/01/1990,0.0
31/01/1990,3.0
01/02/1990,0.0
02/02/1990,8.0
03/02/1990,10.5
04/02/1990,4.0
05/02/1990,2.5
06/02/1990,10.3
07/02/1990,13.2
08/02/1990,4.5
09/02/1990,2.0
10/02/1990,3.5
11/02/1990,0.5
12/02/1990,8.5
13/02/1990,0.0
14/02/1990,0.0
15/02/1990,0.0
16/02/1990,0.0
17/02/1990,0.0
18/02/1990,0.0
19/02/1990,0.0
20/02/1990,0.0
21/02/1990,0.0
22/02/1990,0.0
23/02/1990,0.0
24/02/1990,0.0
25/02/1990,0.0
26/02/1990,0.0
27/02/1990,0.0
28/02/1990,0.0
01/03/1990,0.0
02/03/1990,0.0
03/03/1990,0.0
04/03/1990,0.0
05/03/1990,0.0
06/03/1990,0.0
07/03/1990,7.2
08/03/1990,2.3
09/03/1990,0.5
10/03/1990,0.0
11/03/1990,0.0
12/03/1990,0.0
13/03/1990,0.0
14/03/1990,0.0
15/03/1990,0.0
16/03/1990,0.5
17/03/1990,3.0
18/03/1990,31.5
19/03/1990,5.5
20/03/1990,0.0
21/03/1990,0.0
22/03/1990,0.0
23/03/1990,22.5
24/03/1990,0.0
25/03/1990,0.0
26/03/1990,0.0
27/03/1990,0.0
28/03/1990,0.0
29/03/1990,14.5
30/03/1990,0.0
31/03/1990,0.0
01/04/1990,0.0
02/04/1990,0.0
03/04/1990,0.0
04/04/1990,0.0
21/04/1990,15.5
22/04/1990,0.5
23/04/1990,4.0
24/04/1990,0.0
25/04/1990,1.0
26/04/1990,0.0
27/04/1990,7.5
28/04/1990,0.0
29/04/1990,0.0
30/04/1990,9.5
01/05/1990,3.5
02/05/1990,5.5
03/05/1990,0.0
04/05/1990,0.0
05/05/1990,0.0
06/05/1990,0.5
07/05/1990,28.0
08/05/1990,17.5
09/05/1990,1.5
10/05/1990,0.0
11/05/1990,0.5
12/05/1990,0.0
13/05/1990,0.0
14/05/1990,0.0
15/05/1990,0.0
16/05/1990,0.0
17/05/1990,8.0
18/05/1990,10.0
19/05/1990,41.0
20/05/1990,27.0
21/05/1990,0.0
22/05/1990,12.4
23/05/1990,17.6
24/05/1990,21.5
25/05/1990,11.0
26/05/1990,1.0
27/05/1990,0.0
28/05/1990,0.0
11/07/1990,16.0
12/07/1990,3.5
13/07/1990,0.0
14/07/1990,0.0
15/07/1990,33.0
16/07/1990,0.0
17/07/1990,0.0
18/07/1990,0.0
19/07/1990,2.0
20/07/1990,5.5
21/07/1990,9.3
22/07/1990,0.7
23/07/1990,14.9
24/07/1990,20.1
25/07/1990,50.4
26/07/1990,12.6
27/07/1990,0.0
28/07/1990,3.5
29/07/1990,4.0
30/07/1990,1.0
31/07/1990,0.0
01/08/1990,0.0
02/08/1990,0.0
03/08/1990,4.5
04/08/1990,0.0
05/08/1990,3.0
06/08/1990,0.0
07/08/1990,11.5
08/08/1990,0.0
09/08/1990,2.0
10/08/1990,6.0
11/08/1990,16.0
12/08/1990,0.0
13/08/1990,42.5
14/08/1990,0.5
15/08/1990,23.0
16/08/1990,51.0
17/08/1990,24.5
18/08/1990,0.5
19/08/1990,0.0
20/08/1990,0.0
21/08/1990,0.0
22/08/1990,1.5
23/08/1990,0.5
24/08/1990,0.0
25/08/1990,0.0
26/08/1990,0.0
27/08/1990,1.0
28/08/1990,9.0
29/08/1990,0.0
30/08/1990,50.5
31/08/1990,1.5
01/09/1990,8.0
02/09/1990,1.5
03/09/1990,43.0
04/09/1990,5.5
05/09/1990,3.5
06/09/1990,0.0
07/09/1990,6.5
08/09/1990,26.0
09/09/1990,27.5
10/09/1990,0.5
11/09/1990,0.0
12/09/1990,0.5
13/09/1990,0.0
14/09/1990,0.0
15/09/1990,0.0
16/09/1990,1.5
17/09/1990,3.0
18/09/1990,16.3
19/09/1990,2.7
20/09/1990,0.0
21/09/1990,0.5
22/09/1990,1.0
23/09/1990,31.9
24/09/1990,0.1
25/09/1990,4.0
26/09/1990,13.0
27/09/1990,1.0
28/09/1990,0.0
29/09/1990,5.0
30/09/1990,37.0
01/10/1990,4.0
02/10/1990,9.0
03/10/1990,6.0
04/10/1990,3.0
05/10/1990,1.0
06/10/1990,0.5
07/10/1990,0.0
08/10/1990,0.0
09/10/1990,0.0
10/10/1990,1.0
11/10/1990,27.0
12/10/1990,11.5
13/10/1990,43.0
14/10/1990,34.5
15/10/1990,1.0
16/10/1990,7.5
17/10/1990,39.0
18/10/1990,0.5
19/10/1990,0.0
20/10/1990,0.0
21/10/1990,4.0
22/10/1990,0.0
23/10/1990,0.0
24/10/1990,0.0
25/10/1990,0.0
26/10/1990,8.5
27/10/1990,0.5
28/10/1990,9.0
29/10/1990,0.0
30/10/1990,21.0
31/10/1990,26.5
01/11/1990,22.0
02/11/1990,10.5
03/11/1990,0.0
04/11/1990,0.5
05/11/1990,4.5
06/11/1990,21.5
07/11/1990,6.5
08/11/1990,12.1
09/11/1990,12.4
10/11/1990,14.0
11/11/1990,1.0
12/11/1990,30.0
13/11/1990,2.5
14/11/1990,0.5
15/11/1990,0.5
16/11/1990,0.0
17/11/1990,21.0
18/11/1990,29.5
19/11/1990,0.0
20/11/1990,7.4
21/11/1990,6.1
22/11/1990,15.0
23/11/1990,101.0
24/11/1990,35.0
25/11/1990,86.3
26/11/1990,290.7
27/11/1990,89.0
28/11/1990,5.5
29/11/1990,0.0
30/11/1990,0.0
01/12/1990,2.0
02/12/1990,4.5
03/12/1990,1.5
04/12/1990,21.0
05/12/1990,20.0
06/12/1990,9.5
07/12/1990,17.0
08/12/1990,10.0
09/12/1990,6.0
10/12/1990,18.5
11/12/1990,86.5
12/12/1990,85.5
13/12/1990,2.0
14/12/1990,7.5
15/12/1990,10.0
16/12/1990,13.5
17/12/1990,81.0
18/12/1990,8.5
19/12/1990,3.5
20/12/1990,0.0
21/12/1990,3.5
22/12/1990,1.0
23/12/1990,1.5
24/12/1990,0.0
25/12/1990,0.0
26/12/1990,0.0
27/12/1990,0.0
28/12/1990,16.0
29/12/1990,0.0
30/12/1990,0.5
31/12/1990,0.0
01/01/1991,3.0
02/01/1991,6.5
03/01/1991,1.0
04/01/1991,0.0
05/01/1991,0.5
06/01/1991,0.0
07/01/1991,0.0
08/01/1991,0.0
09/01/1991,23.0
10/01/1991,0.0
11/01/1991,0.0
12/01/1991,0.0
13/01/1991,66.5
14/01/1991,5.5
15/01/1991,15.0
16/01/1991,17.0
17/01/1991,8.0
18/01/1991,3.0
19/01/1991,1.0
20/01/1991,0.0
21/01/1991,0.0
22/01/1991,49.5
23/01/1991,0.0
24/01/1991,31.0
25/01/1991,47.0
26/01/1991,134.1
27/01/1991,122.9
28/01/1991,24.5
29/01/1991,0.5
30/01/1991,29.0
31/01/1991,22.0
01/02/1991,0.0
02/02/1991,1.0
03/02/1991,0.5
04/02/1991,0.0
05/02/1991,0.0
06/02/1991,0.0
07/02/1991,0.0
08/02/1991,0.0
09/02/1991,0.0
10/02/1991,0.0
11/02/1991,0.0
12/02/1991,0.0
13/02/1991,0.0
14/02/1991,0.0
15/02/1991,0.0
16/02/1991,0.0
17/02/1991,0.0
18/02/1991,0.0
19/02/1991,0.0
20/02/1991,0.0
21/02/1991,0.0
22/02/1991,2.0
23/02/1991,7.5
24/02/1991,0.0
25/02/1991,0.0
26/02/1991,0.0
27/02/1991,4.0
28/02/1991,3.0
01/03/1991,1.5
02/03/1991,0.0
03/03/1991,0.0
04/03/1991,0.0
05/03/1991,0.0
06/03/1991,0.0
07/03/1991,0.0
08/03/1991,0.0
09/03/1991,0.0
10/03/1991,0.0
11/03/1991,0.0
12/03/1991,0.0
13/03/1991,0.0
14/03/1991,0.0
15/03/1991,0.0
16/03/1991,0.0
17/03/1991,2.0
18/03/1991,5.0
19/03/1991,0.0
20/03/1991,0.0
21/03/1991,0.0
22/03/1991,0.0
23/03/1991,0.0
24/03/1991,0.0
25/03/1991,0.0
26/03/1991,7.5
27/03/1991,0.5
28/03/1991,0.0
29/03/1991,0.0
30/03/1991,0.0
31/03/1991,2.0
01/04/1991,0.0
02/04/1991,11.5
03/04/1991,32.5
04/04/1991,88.0
05/04/1991,0.0
06/04/1991,0.0
07/04/1991,0.0
08/04/1991,0.0
09/04/1991,0.0
10/04/1991,0.0
11/04/1991,0.0
12/04/1991,0.0
13/04/1991,0.0
14/04/1991,0.0
15/04/1991,0.0
16/04/1991,0.0
17/04/1991,0.0
18/04/1991,0.0
19/04/1991,0.0
24/04/1991,5.0
25/04/1991,1.0
26/04/1991,0.5
27/04/1991,0.0
28/04/1991,0.0
29/04/1991,0.0
30/04/1991,0.0
01/05/1991,5.0
02/05/1991,0.0
03/05/1991,0.0
04/05/1991,3.0
05/05/1991,0.0
06/05/1991,6.0
07/05/1991,0.5
08/05/1991,0.0
09/05/1991,0.0
10/05/1991,0.0
11/05/1991,0.0
12/05/1991,0.0
13/05/1991,0.0
14/05/1991,17.0
15/05/1991,0.5
16/05/1991,8.0
17/05/1991,0.5
18/05/1991,0.0
19/05/1991,0.0
20/05/1991,5.0
21/05/1991,0.5
22/05/1991,0.0
23/05/1991,2.5
24/05/1991,4.0
25/05/1991,0.0
26/05/1991,0.0
27/05/1991,17.0
28/05/1991,16.0
29/05/1991,3.5
30/05/1991,9.0
31/05/1991,5.0
01/06/1991,4.0
02/06/1991,0.0
03/06/1991,32.9
04/06/1991,9.6
05/06/1991,45.5
06/06/1991,0.0
07/06/1991,0.0
08/06/1991,9.0
09/06/1991,10.5
10/06/1991,0.0
11/06/1991,0.0
12/06/1991,4.0
13/06/1991,0.0
14/06/1991,0.0
15/06/1991,14.0
19/06/1991,0.0
20/06/1991,0.0
21/06/1991,0.0
22/06/1991,0.0
23/06/1991,0.0
24/06/1991,8.5
25/06/1991,0.0
26/06/1991,0.0
27/06/1991,0.0
28/06/1991,0.0
29/06/1991,0.0
30/06/1991,0.0
01/07/1991,0.0
02/07/1991,3.0
03/07/1991,25.0
04/07/1991,0.0
05/07/1991,21.5
06/07/1991,1.0
07/07/1991,22.0
08/07/1991,0.0
09/07/1991,0.0
10/07/1991,0.0
11/07/1991,0.5
12/07/1991,0.0
13/07/1991,0.0
14/07/1991,0.0
15/07/1991,0.0
16/07/1991,0.0
17/07/1991,0.5
18/07/1991,12.5
19/07/1991,8.5
20/07/1991,15.5
21/07/1991,1.5
22/07/1991,0.0
23/07/1991,13.5
24/07/1991,0.0
25/07/1991,0.0
26/07/1991,0.0
27/07/1991,0.0
28/07/1991,0.0
29/07/1991,0.0
30/07/1991,0.0
31/07/1991,0.5
01/08/1991,15.0
02/08/1991,9.5
03/08/1991,0.5
04/08/1991,0.0
05/08/1991,0.0
06/08/1991,40.0
07/08/1991,2.0
08/08/1991,1.0
09/08/1991,0.5
10/08/1991,5.7
11/08/1991,3.3
12/08/1991,0.0
13/08/1991,0.0
14/08/1991,0.5
15/08/1991,0.0
16/08/1991,0.0
17/08/1991,0.0
18/08/1991,0.0
19/08/1991,0.0
20/08/1991,0.0
21/08/1991,0.0
22/08/1991,0.0
23/08/1991,0.0
24/08/1991,0.0
25/08/1991,1.5
26/08/1991,7.0
27/08/1991,15.0
28/08/1991,4.5
29/08/1991,77.0
30/08/1991,1.0
31/08/1991,0.0
01/09/1991,0.0
02/09/1991,5.0
03/09/1991,18.0
04/09/1991,0.0
05/09/1991,0.0
06/09/1991,0.0
07/09/1991,0.0
08/09/1991,0.0
09/09/1991,33.0
10/09/1991,30.5
11/09/1991,0.0
12/09/1991,2.0
13/09/1991,12.5
14/09/1991,0.5
15/09/1991,6.5
16/09/1991,47.0
17/09/1991,0.5
18/09/1991,21.5
19/09/1991,34.0
20/09/1991,30.5
21/09/1991,0.0
22/09/1991,0.0
23/09/1991,47.5
24/09/1991,68.6
25/09/1991,7.9
26/09/1991,12.1
27/09/1991,38.5
28/09/1991,58.9
29/09/1991,0.0
30/09/1991,0.0
01/10/1991,0.0
02/10/1991,2.0
03/10/1991,0.0
04/10/1991,12.5
05/10/1991,0.0
06/10/1991,20.0
07/10/1991,0.0
08/10/1991,0.0
09/10/1991,0.5
10/10/1991,0.0
11/10/1991,27.5
12/10/1991,30.5
13/10/1991,3.0
14/10/1991,4.0
15/10/1991,0.0
16/10/1991,0.0
17/10/1991,0.0
18/10/1991,0.0
19/10/1991,0.0
20/10/1991,0.0
21/10/1991,1.0
22/10/1991,0.0
23/10/1991,61.3
24/10/1991,1.2
25/10/1991,0.0
26/10/1991,1.5
27/10/1991,1.0
28/10/1991,0.0
29/10/1991,13.5
30/10/1991,0.0
31/10/1991,0.0
01/11/1991,0.5
02/11/1991,2.5
03/11/1991,0.0
04/11/1991,1.0
05/11/1991,37.0
06/11/1991,22.5
07/11/1991,0.0
08/11/1991,4.0
09/11/1991,1.0
10/11/1991,4.5
11/11/1991,16.0
12/11/1991,23.0
13/11/1991,8.5
14/11/1991,0.0
15/11/1991,4.5
16/11/1991,0.0
17/11/1991,68.5
18/11/1991,64.3
19/11/1991,202.2
20/11/1991,4.0
21/11/1991,28.0
22/11/1991,51.5
23/11/1991,53.3
24/11/1991,57.7
25/11/1991,26.0
26/11/1991,14.5
27/11/1991,2.5
28/11/1991,112.4
29/11/1991,19.1
30/11/1991,1.0
01/12/1991,0.0
02/12/1991,0.0
03/12/1991,0.5
04/12/1991,5.0
05/12/1991,3.0
06/12/1991,59.0
07/12/1991,22.5
08/12/1991,10.5
09/12/1991,78.3
10/12/1991,38.1
11/12/1991,114.6
12/12/1991,102.5
13/12/1991,12.0
14/12/1991,8.1
15/12/1991,9.9
16/12/1991,19.9
17/12/1991,12.6
18/12/1991,11.0
19/12/1991,33.8
20/12/1991,5.7
21/12/1991,10.0
22/12/1991,18.6
23/12/1991,6.4
24/12/1991,1.5
25/12/1991,43.0
26/12/1991,2.0
27/12/1991,0.0
28/12/1991,3.5
29/12/1991,23.0
30/12/1991,104.5
31/12/1991,32.0
01/01/1992,21.0
02/01/1992,0.5
03/01/1992,6.5
04/01/1992,13.5
05/01/1992,10.0
06/01/1992,6.0
07/01/1992,0.0
08/01/1992,0.0
09/01/1992,2.5
10/01/1992,8.5
11/01/1992,1.0
12/01/1992,0.0
13/01/1992,0.0
14/01/1992,18.0
15/01/1992,4.0
16/01/1992,17.0
17/01/1992,1.0
18/01/1992,3.5
19/01/1992,0.0
20/01/1992,0.0
21/01/1992,1.5
22/01/1992,24.5
23/01/1992,0.0
24/01/1992,0.0
25/01/1992,0.0
26/01/1992,0.0
27/01/1992,3.0
28/01/1992,1.5
29/01/1992,0.0
30/01/1992,0.0
31/01/1992,0.5
01/02/1992,0.0
02/02/1992,0.0
03/02/1992,0.0
04/02/1992,0.0
05/02/1992,0.5
06/02/1992,0.5
07/02/1992,0.0
08/02/1992,3.0
09/02/1992,0.5
10/02/1992,0.0
11/02/1992,0.0
12/02/1992,0.0
13/02/1992,0.0
14/02/1992,0.0
15/02/1992,0.0
16/02/1992,0.0
17/02/1992,0.0
18/02/1992,0.0
19/02/1992,0.0
20/02/1992,0.0
21/02/1992,0.0
22/02/1992,0.0
23/02/1992,8.5
24/02/1992,7.5
25/02/1992,15.0
26/02/1992,0.0
27/02/1992,0.0
28/02/1992,0.0
29/02/1992,8.0
01/03/1992,0.0
02/03/1992,0.0
03/03/1992,0.0
04/03/1992,8.5
05/03/1992,16.5
06/03/1992,0.0
07/03/1992,34.1
08/03/1992,14.4
09/03/1992,0.0
10/03/1992,0.0
11/03/1992,0.0
12/03/1992,3.5
13/03/1992,0.0
14/03/1992,0.0
15/03/1992,0.0
16/03/1992,0.0
17/03/1992,0.0
18/03/1992,0.0
19/03/1992,0.0
20/03/1992,0.0
21/03/1992,0.0
22/03/1992,0.0
23/03/1992,0.0
24/03/1992,0.0
25/03/1992,0.0
26/03/1992,0.0
27/03/1992,0.0
28/03/1992,0.0
29/03/1992,0.0
30/03/1992,0.0
31/03/1992,0.0
01/04/1992,0.0
02/04/1992,0.0
03/04/1992,0.0
04/04/1992,9.0
05/04/1992,0.0
06/04/1992,2.0
07/04/1992,16.0
08/04/1992,0.0
09/04/1992,0.0
10/04/1992,0.0
11/04/1992,0.0
12/04/1992,0.0
13/04/1992,0.0
14/04/1992,0.0
15/04/1992,0.0
16/04/1992,0.0
17/04/1992,0.0
18/04/1992,0.0
19/04/1992,1.5
20/04/1992,0.0
21/04/1992,0.0
22/04/1992,0.0
23/04/1992,0.0
24/04/1992,0.0
25/04/1992,0.0
26/04/1992,3.0
27/04/1992,0.0
28/04/1992,0.0
29/04/1992,0.0
30/04/1992,10.5
01/05/1992,0.0
02/05/1992,0.0
03/05/1992,0.0
04/05/1992,0.0
05/05/1992,12.5
06/05/1992,0.5
07/05/1992,14.0
08/05/1992,1.0
09/05/1992,24.0
10/05/1992,29.5
11/05/1992,6.0
12/05/1992,0.0
13/05/1992,0.0
14/05/1992,0.0
15/05/1992,0.0
16/05/1992,13.5
17/05/1992,0.0
18/05/1992,1.0
19/05/1992,2.0
20/05/1992,0.0
21/05/1992,0.0
22/05/1992,3.0
23/05/1992,0.0
24/05/1992,0.0
25/05/1992,0.0
26/05/1992,2.0
27/05/1992,0.0
28/05/1992,0.0
29/05/1992,0.0
30/05/1992,14.0
31/05/1992,45.5
01/06/1992,5.5
02/06/1992,0.0
03/06/1992,4.5
04/06/1992,0.0
05/06/1992,0.0
06/06/1992,0.0
07/06/1992,0.0
08/06/1992,3.5
09/06/1992,0.0
10/06/1992,0.0
11/06/1992,0.0
12/06/1992,0.0
13/06/1992,11.5
14/06/1992,2.5
15/06/1992,8.0
16/06/1992,0.5
17/06/1992,2.5
18/06/1992,8.0
19/06/1992,0.0
20/06/1992,0.0
21/06/1992,0.0
22/06/1992,0.0
23/06/1992,4.0
24/06/1992,0.0
25/06/1992,0.5
26/06/1992,1.5
27/06/1992,0.0
28/06/1992,0.0
29/06/1992,0.0
30/06/1992,3.0
01/07/1992,75.5
02/07/1992,1.0
03/07/1992,23.0
04/07/1992,0.0
05/07/1992,0.0
06/07/1992,0.0
07/07/1992,0.0
08/07/1992,0.0
09/07/1992,0.0
10/07/1992,0.0
11/07/1992,0.0
12/07/1992,3.5
13/07/1992,1.5
14/07/1992,0.0
15/07/1992,0.0
16/07/1992,0.0
17/07/1992,0.0
18/07/1992,0.0
19/07/1992,0.0
20/07/1992,0.0
21/07/1992,0.0
25/07/1992,0.0
26/07/1992,8.5
27/07/1992,30.0
28/07/1992,10.5
29/07/1992,28.0
30/07/1992,0.0
31/07/1992,0.0
01/08/1992,0.0
02/08/1992,0.0
03/08/1992,14.5
04/08/1992,0.0
05/08/1992,0.0
06/08/1992,16.0
07/08/1992,16.5
08/08/1992,2.5
09/08/1992,4.9
10/08/1992,17.1
11/08/1992,0.5
12/08/1992,0.0
13/08/1992,1.5
14/08/1992,0.0
15/08/1992,11.5
16/08/1992,10.8
17/08/1992,4.7
18/08/1992,0.0
19/08/1992,17.5
20/08/1992,0.5
21/08/1992,0.0
22/08/1992,2.5
23/08/1992,6.0
24/08/1992,31.0
25/08/1992,7.5
26/08/1992,6.0
27/08/1992,7.0
28/08/1992,9.5
29/08/1992,2.5
30/08/1992,9.0
31/08/1992,0.5
01/09/1992,9.0
02/09/1992,8.5
03/09/1992,13.0
04/09/1992,11.5
05/09/1992,0.0
06/09/1992,11.7
07/09/1992,9.8
08/09/1992,0.0
09/09/1992,0.0
10/09/1992,0.0
11/09/1992,0.0
12/09/1992,0.0
13/09/1992,0.0
14/09/1992,0.0
15/09/1992,0.0
16/09/1992,2.0
17/09/1992,0.5
18/09/1992,0.0
19/09/1992,6.5
20/09/1992,0.0
21/09/1992,12.0
22/09/1992,2.0
23/09/1992,10.5
24/09/1992,0.0
25/09/1992,0.0
26/09/1992,0.0
27/09/1992,0.0
07/10/1992,0.0
08/10/1992,3.5
09/10/1992,9.5
10/10/1992,23.2
11/10/1992,33.3
12/10/1992,0.0
13/10/1992,0.0
14/10/1992,18.2
15/10/1992,19.3
16/10/1992,15.0
17/10/1992,0.0
18/10/1992,0.0
19/10/1992,0.0
20/10/1992,8.0
21/10/1992,1.0
22/10/1992,4.5
23/10/1992,0.0
24/10/1992,1.5
25/10/1992,13.0
26/10/1992,10.0
27/10/1992,3.0
28/10/1992,35.0
29/10/1992,14.5
30/10/1992,4.0
31/10/1992,0.0
01/11/1992,6.0
02/11/1992,1.5
03/11/1992,2.0
04/11/1992,21.5
05/11/1992,7.5
06/11/1992,0.5
07/11/1992,6.5
08/11/1992,43.8
09/11/1992,24.2
10/11/1992,8.0
11/11/1992,68.0
12/11/1992,31.0
13/11/1992,3.5
14/11/1992,4.5
15/11/1992,4.5
16/11/1992,84.5
17/11/1992,13.8
18/11/1992,64.7
19/11/1992,18.5
20/11/1992,6.5
21/11/1992,68.0
22/11/1992,52.0
23/11/1992,11.0
24/11/1992,0.5
25/11/1992,16.5
26/11/1992,1.5
27/11/1992,0.0
28/11/1992,1.5
29/11/1992,12.0
30/11/1992,0.0
01/12/1992,3.9
02/12/1992,1.6
03/12/1992,1.5
04/12/1992,15.5
05/12/1992,15.4
06/12/1992,39.1
07/12/1992,139.8
08/12/1992,88.4
09/12/1992,127.3
10/12/1992,4.0
11/12/1992,1.5
12/12/1992,1.0
13/12/1992,0.0
14/12/1992,7.5
15/12/1992,0.0
16/12/1992,1.9
17/12/1992,7.6
18/12/1992,2.0
19/12/1992,17.0
20/12/1992,15.0
21/12/1992,19.9
22/12/1992,31.3
23/12/1992,111.5
24/12/1992,148.3
25/12/1992,63.0
26/12/1992,85.0
27/12/1992,5.0
28/12/1992,1.5
29/12/1992,1.0
30/12/1992,17.5
31/12/1992,13.0
01/01/1993,7.0
02/01/1993,0.0
03/01/1993,5.0
04/01/1993,38.3
05/01/1993,8.2
06/01/1993,2.8
07/01/1993,1.2
08/01/1993,7.5
09/01/1993,2.0
10/01/1993,6.5
11/01/1993,0.5
12/01/1993,1.0
13/01/1993,3.5
14/01/1993,25.0
15/01/1993,1.5
16/01/1993,0.5
17/01/1993,23.5
18/01/1993,3.5
19/01/1993,2.0
20/01/1993,5.0
21/01/1993,10.0
22/01/1993,2.5
23/01/1993,0.0
24/01/1993,0.0
25/01/1993,0.0
26/01/1993,0.0
27/01/1993,0.5
28/01/1993,114.5
29/01/1993,23.0
30/01/1993,2.5
31/01/1993,0.5
01/02/1993,1.0
02/02/1993,7.5
03/02/1993,2.0
04/02/1993,0.0
05/02/1993,0.0
06/02/1993,0.0
07/02/1993,0.0
08/02/1993,0.0
09/02/1993,0.0
10/02/1993,3.0
11/02/1993,3.0
12/02/1993,2.5
13/02/1993,0.0
14/02/1993,0.0
15/02/1993,0.0
16/02/1993,0.5
17/02/1993,0.0
18/02/1993,0.0
19/02/1993,0.0
20/02/1993,0.0
21/02/1993,0.0
22/02/1993,0.0
23/02/1993,0.0
24/02/1993,0.0
25/02/1993,6.0
26/02/1993,4.5
27/02/1993,10.5
28/02/1993,0.0
01/03/1993,11.0
02/03/1993,2.0
03/03/1993,0.0
04/03/1993,0.0
05/03/1993,0.0
06/03/1993,0.0
07/03/1993,44.0
08/03/1993,16.5
09/03/1993,14.0
10/03/1993,36.5
11/03/1993,29.5
12/03/1993,19.0
13/03/1993,8.0
14/03/1993,1.5
15/03/1993,16.5
16/03/1993,2.5
17/03/1993,0.5
18/03/1993,0.5
19/03/1993,0.0
20/03/1993,0.0
21/03/1993,0.0
22/03/1993,0.0
23/03/1993,0.0
24/03/1993,14.5
25/03/1993,0.0
26/03/1993,0.0
27/03/1993,0.0
28/03/1993,0.0
29/03/1993,0.0
30/03/1993,0.0
31/03/1993,0.0
01/04/1993,0.0
02/04/1993,8.0
03/04/1993,2.0
04/04/1993,0.0
05/04/1993,0.0
06/04/1993,0.0
07/04/1993,0.0
08/04/1993,0.0
09/04/1993,48.5
10/04/1993,9.5
11/04/1993,4.5
12/04/1993,9.0
13/04/1993,1.0
14/04/1993,15.5
15/04/1993,0.5
16/04/1993,19.5
17/04/1993,2.5
18/04/1993,2.5
19/04/1993,3.0
20/04/1993,0.0
21/04/1993,0.0
22/04/1993,20.0
23/04/1993,0.5
24/04/1993,0.0
25/04/1993,0.0
26/04/1993,0.0
27/04/1993,0.0
28/04/1993,0.0
29/04/1993,0.0
30/04/1993,0.0
01/05/1993,0.0
02/05/1993,0.0
03/05/1993,0.0
04/05/1993,0.0
05/05/1993,0.0
06/05/1993,0.0
07/05/1993,0.0
08/05/1993,0.0
09/05/1993,0.0
10/05/1993,0.0
11/05/1993,0.0
12/05/1993,0.0
13/05/1993,0.0
14/05/1993,2.0
15/05/1993,0.0
16/05/1993,3.8
17/05/1993,19.2
18/05/1993,13.5
19/05/1993,9.0
20/05/1993,0.0
21/05/1993,10.0
22/05/1993,0.0
23/05/1993,0.0
24/05/1993,0.0
25/05/1993,1.0
26/05/1993,0.0
27/05/1993,0.0
28/05/1993,3.0
29/05/1993,0.0
30/05/1993,0.0
31/05/1993,0.0
01/06/1993,0.0
02/06/1993,39.5
03/06/1993,0.0
04/06/1993,7.0
05/06/1993,0.0
06/06/1993,0.0
07/06/1993,0.0
08/06/1993,0.0
09/06/1993,2.0
10/06/1993,0.0
11/06/1993,7.5
12/06/1993,7.5
13/06/1993,3.0
14/06/1993,0.0
15/06/1993,2.5
16/06/1993,1.5
17/06/1993,16.0
18/06/1993,0.0
19/06/1993,21.0
20/06/1993,0.0
21/06/1993,38.0
22/06/1993,6.0
23/06/1993,20.0
24/06/1993,7.0
25/06/1993,0.0
26/06/1993,0.0
27/06/1993,6.5
28/06/1993,0.0
29/06/1993,0.0
30/06/1993,0.0
01/07/1993,0.0
02/07/1993,2.5
03/07/1993,4.5
04/07/1993,0.0
05/07/1993,20.5
06/07/1993,0.0
07/07/1993,1.5
08/07/1993,29.5
09/07/1993,0.5
10/07/1993,0.0
11/07/1993,32.5
12/07/1993,8.0
13/07/1993,1.0
14/07/1993,1.0
15/07/1993,0.0
16/07/1993,0.0
17/07/1993,0.0
18/07/1993,0.0
19/07/1993,3.5
20/07/1993,0.0
21/07/1993,5.0
22/07/1993,0.5
23/07/1993,0.0
24/07/1993,14.5
25/07/1993,14.0
26/07/1993,1.0
27/07/1993,0.0
28/07/1993,0.0
29/07/1993,0.0
30/07/1993,9.0
31/07/1993,0.0
01/08/1993,0.0
02/08/1993,8.0
03/08/1993,0.0
04/08/1993,0.0
05/08/1993,0.0
06/08/1993,0.0
07/08/1993,60.0
08/08/1993,0.5
09/08/1993,0.0
10/08/1993,4.5
11/08/1993,19.0
12/08/1993,0.0
13/08/1993,0.0
14/08/1993,1.0
15/08/1993,0.0
16/08/1993,5.0
17/08/1993,0.0
18/08/1993,0.0
19/08/1993,33.5
20/08/1993,8.0
21/08/1993,0.5
22/08/1993,0.0
23/08/1993,0.0
24/08/1993,10.5
25/08/1993,4.0
26/08/1993,0.0
27/08/1993,0.0
28/08/1993,0.0
29/08/1993,14.5
30/08/1993,7.0
31/08/1993,54.0
01/09/1993,0.0
02/09/1993,1.5
03/09/1993,0.5
04/09/1993,4.0
05/09/1993,0.0
06/09/1993,0.0
07/09/1993,46.5
08/09/1993,5.0
09/09/1993,0.5
10/09/1993,0.0
11/09/1993,0.0
12/09/1993,6.0
13/09/1993,0.0
14/09/1993,0.0
15/09/1993,11.0
16/09/1993,5.5
17/09/1993,38.5
18/09/1993,0.5
19/09/1993,25.5
20/09/1993,1.5
21/09/1993,0.0
22/09/1993,5.5
23/09/1993,1.5
24/09/1993,1.5
25/09/1993,19.0
26/09/1993,8.5
27/09/1993,3.0
28/09/1993,0.5
29/09/1993,0.0
30/09/1993,0.0
01/10/1993,29.0
02/10/1993,17.0
03/10/1993,5.0
04/10/1993,30.5
05/10/1993,1.5
06/10/1993,0.0
07/10/1993,0.5
08/10/1993,5.5
09/10/1993,0.0
10/10/1993,19.5
11/10/1993,45.5
12/10/1993,1.5
13/10/1993,43.6
14/10/1993,61.9
15/10/1993,9.0
16/10/1993,2.5
17/10/1993,32.5
18/10/1993,1.5
19/10/1993,0.0
20/10/1993,0.0
21/10/1993,3.0
22/10/1993,0.0
23/10/1993,20.5
24/10/1993,63.0
25/10/1993,0.0
26/10/1993,39.5
27/10/1993,0.5
28/10/1993,1.5
29/10/1993,6.4
30/10/1993,30.1
31/10/1993,109.5
01/11/1993,8.1
02/11/1993,17.9
03/11/1993,38.3
04/11/1993,76.2
05/11/1993,10.9
06/11/1993,20.6
07/11/1993,10.5
08/11/1993,30.3
09/11/1993,29.2
10/11/1993,5.0
11/11/1993,12.5
12/11/1993,15.5
13/11/1993,0.0
14/11/1993,20.5
15/11/1993,7.5
16/11/1993,0.0
17/11/1993,0.0
18/11/1993,0.0
19/11/1993,0.0
20/11/1993,0.0
21/11/1993,4.0
22/11/1993,50.5
23/11/1993,53.0
24/11/1993,2.6
25/11/1993,16.5
26/11/1993,15.0
27/11/1993,0.5
28/11/1993,2.5
29/11/1993,8.5
30/11/1993,31.0
01/12/1993,2.0
02/12/1993,14.0
03/12/1993,31.0
04/12/1993,0.5
05/12/1993,0.0
06/12/1993,5.5
07/12/1993,80.0
08/12/1993,20.5
09/12/1993,32.0
10/12/1993,54.1
11/12/1993,44.9
12/12/1993,0.0
13/12/1993,0.0
14/12/1993,0.0
15/12/1993,1.0
16/12/1993,4.7
17/12/1993,126.8
18/12/1993,37.0
19/12/1993,2.0
20/12/1993,76.0
21/12/1993,100.0
22/12/1993,62.0
23/12/1993,15.0
24/12/1993,32.0
25/12/1993,16.0
26/12/1993,7.5
27/12/1993,6.0
28/12/1993,0.0
29/12/1993,0.5
30/12/1993,0.0
31/12/1993,0.0
01/01/1994,0.5
02/01/1994,4.0
03/01/1994,10.0
04/01/1994,9.0
05/01/1994,3.0
06/01/1994,0.0
07/01/1994,0.0
08/01/1994,0.0
09/01/1994,0.5
10/01/1994,3.0
11/01/1994,0.5
12/01/1994,0.0
13/01/1994,0.0
14/01/1994,0.0
15/01/1994,0.0
16/01/1994,0.0
17/01/1994,0.0
18/01/1994,0.0
19/01/1994,0.0
20/01/1994,0.0
21/01/1994,0.0
22/01/1994,1.0
23/01/1994,3.0
24/01/1994,0.0
25/01/1994,0.0
26/01/1994,0.0
27/01/1994,4.5
28/01/1994,3.5
29/01/1994,7.5
30/01/1994,41.5
31/01/1994,1.5
01/02/1994,0.0
02/02/1994,2.5
03/02/1994,12.5
04/02/1994,2.5
05/02/1994,1.5
06/02/1994,10.0
07/02/1994,4.5
08/02/1994,0.0
09/02/1994,0.0
10/02/1994,1.0
11/02/1994,0.0
12/02/1994,0.0
13/02/1994,0.0
14/02/1994,27.5
15/02/1994,0.5
16/02/1994,1.5
17/02/1994,2.0
18/02/1994,0.0
19/02/1994,0.0
20/02/1994,0.0
21/02/1994,0.0
22/02/1994,0.0
23/02/1994,0.0
24/02/1994,0.0
25/02/1994,0.0
26/02/1994,0.0
27/02/1994,0.0
28/02/1994,35.5
01/03/1994,5.5
02/03/1994,5.5
03/03/1994,9.5
04/03/1994,4.0
05/03/1994,12.5
06/03/1994,0.0
07/03/1994,0.0
08/03/1994,0.0
09/03/1994,0.0
10/03/1994,5.5
11/03/1994,0.0
12/03/1994,0.0
13/03/1994,13.0
14/03/1994,0.5
15/03/1994,65.0
16/03/1994,25.5
17/03/1994,70.0
18/03/1994,46.5
19/03/1994,9.0
20/03/1994,45.2
21/03/1994,52.8
22/03/1994,22.5
23/03/1994,35.5
24/03/1994,37.0
25/03/1994,37.5
26/03/1994,20.4
27/03/1994,1.1
28/03/1994,14.5
29/03/1994,33.4
30/03/1994,20.1
31/03/1994,0.0
01/04/1994,0.0
02/04/1994,0.0
03/04/1994,0.0
04/04/1994,0.0
05/04/1994,0.0
06/04/1994,0.0
07/04/1994,0.0
08/04/1994,0.0
09/04/1994,1.0
10/04/1994,0.0
11/04/1994,0.0
12/04/1994,0.0
13/04/1994,0.0
14/04/1994,0.0
15/04/1994,3.5
16/04/1994,1.0
17/04/1994,0.0
18/04/1994,0.0
19/04/1994,12.0
20/04/1994,1.0
21/04/1994,0.0
22/04/1994,0.0
23/04/1994,0.0
24/04/1994,0.0
25/04/1994,27.0
26/04/1994,8.0
27/04/1994,0.0
28/04/1994,15.0
29/04/1994,0.0
30/04/1994,0.0
01/05/1994,0.0
02/05/1994,6.0
03/05/1994,23.0
04/05/1994,0.0
05/05/1994,41.5
06/05/1994,24.5
07/05/1994,27.5
08/05/1994,9.0
09/05/1994,4.0
10/05/1994,0.0
11/05/1994,10.5
12/05/1994,58.5
13/05/1994,44.0
14/05/1994,32.5
15/05/1994,1.0
16/05/1994,0.5
17/05/1994,6.5
18/05/1994,96.0
19/05/1994,34.5
20/05/1994,0.0
21/05/1994,6.0
22/05/1994,0.5
23/05/1994,15.5
24/05/1994,5.5
25/05/1994,11.5
26/05/1994,93.5
27/05/1994,0.0
28/05/1994,18.0
29/05/1994,0.5
30/05/1994,4.5
31/05/1994,0.5
01/06/1994,0.0
02/06/1994,9.5
03/06/1994,0.0
04/06/1994,0.0
05/06/1994,6.5
06/06/1994,33.0
07/06/1994,16.5
08/06/1994,0.0
09/06/1994,6.0
10/06/1994,0.5
11/06/1994,12.5
19/06/1994,0.0
20/06/1994,0.0
21/06/1994,34.3
22/06/1994,33.7
23/06/1994,3.0
24/06/1994,2.0
25/06/1994,2.0
26/06/1994,13.0
27/06/1994,1.0
28/06/1994,20.5
29/06/1994,3.0
30/06/1994,7.5
01/07/1994,13.5
02/07/1994,35.5
03/07/1994,1.5
04/07/1994,1.0
05/07/1994,0.0
06/07/1994,0.0
07/07/1994,0.0
08/07/1994,0.5
09/07/1994,72.5
10/07/1994,1.5
11/07/1994,0.0
12/07/1994,0.0
13/07/1994,0.0
14/07/1994,4.5
15/07/1994,27.0
16/07/1994,2.0
17/07/1994,0.0
18/07/1994,0.0
19/07/1994,0.0
20/07/1994,0.0
21/07/1994,13.0
22/07/1994,0.5
23/07/1994,0.0
24/07/1994,0.0
25/07/1994,0.0
26/07/1994,0.0
27/07/1994,0.0
28/07/1994,0.5
29/07/1994,0.0
30/07/1994,12.5
31/07/1994,0.0
01/08/1994,0.0
02/08/1994,27.5
03/08/1994,39.1
04/08/1994,4.4
05/08/1994,0.0
06/08/1994,0.5
07/08/1994,5.0
08/08/1994,0.0
09/08/1994,11.7
10/08/1994,0.3
11/08/1994,0.0
12/08/1994,0.0
13/08/1994,6.0
14/08/1994,0.5
15/08/1994,0.5
16/08/1994,2.0
17/08/1994,19.0
18/08/1994,0.0
19/08/1994,19.5
20/08/1994,3.0
21/08/1994,63.0
22/08/1994,4.5
23/08/1994,17.0
24/08/1994,24.5
25/08/1994,0.0
26/08/1994,0.0
27/08/1994,5.5
28/08/1994,0.5
29/08/1994,3.0
30/08/1994,0.0
31/08/1994,18.5
01/09/1994,0.5
02/09/1994,54.2
03/09/1994,20.3
04/09/1994,1.0
05/09/1994,32.5
06/09/1994,34.0
07/09/1994,9.0
08/09/1994,14.0
09/09/1994,69.0
10/09/1994,0.5
11/09/1994,6.5
12/09/1994,17.0
13/09/1994,0.0
14/09/1994,0.0
15/09/1994,4.0
16/09/1994,0.5
17/09/1994,0.0
18/09/1994,0.5
19/09/1994,0.0
20/09/1994,0.0
21/09/1994,8.2
22/09/1994,3.3
23/09/1994,0.0
24/09/1994,19.0
25/09/1994,6.5
26/09/1994,15.5
27/09/1994,4.0
28/09/1994,0.5
29/09/1994,0.0
30/09/1994,0.0
01/10/1994,1.0
02/10/1994,0.0
03/10/1994,0.0
04/10/1994,0.0
05/10/1994,35.0
06/10/1994,0.5
07/10/1994,1.0
08/10/1994,0.0
09/10/1994,0.0
10/10/1994,0.0
11/10/1994,0.0
12/10/1994,27.5
13/10/1994,0.5
14/10/1994,32.0
15/10/1994,11.5
16/10/1994,0.0
17/10/1994,0.0
18/10/1994,13.5
19/10/1994,0.5
20/10/1994,3.5
21/10/1994,0.5
22/10/1994,0.0
23/10/1994,0.0
24/10/1994,0.0
25/10/1994,0.0
26/10/1994,0.0
27/10/1994,0.0
28/10/1994,0.0
29/10/1994,0.0
30/10/1994,0.0
31/10/1994,0.0
01/11/1994,0.0
02/11/1994,6.5
03/11/1994,69.5
04/11/1994,0.0
05/11/1994,3.5
06/11/1994,21.0
07/11/1994,10.5
08/11/1994,77.0
09/11/1994,51.0
10/11/1994,100.0
11/11/1994,168.5
12/11/1994,4.0
13/11/1994,34.1
14/11/1994,14.9
15/11/1994,11.5
16/11/1994,29.0
17/11/1994,41.0
18/11/1994,212.0
19/11/1994,84.5
20/11/1994,75.0
21/11/1994,71.0
22/11/1994,18.0
23/11/1994,229.5
24/11/1994,4.5
25/11/1994,17.0
26/11/1994,15.0
27/11/1994,49.0
28/11/1994,6.5
29/11/1994,40.0
30/11/1994,58.0
01/12/1994,5.0
02/12/1994,0.5
03/12/1994,31.0
04/12/1994,4.5
05/12/1994,17.0
06/12/1994,40.6
07/12/1994,2.9
08/12/1994,0.0
09/12/1994,0.0
10/12/1994,0.0
11/12/1994,0.0
12/12/1994,0.0
13/12/1994,0.0
14/12/1994,0.0
15/12/1994,8.0
16/12/1994,0.0
17/12/1994,40.5
18/12/1994,0.0
19/12/1994,7.5
20/12/1994,0.5
21/12/1994,7.5
22/12/1994,15.9
23/12/1994,0.6
24/12/1994,0.0
25/12/1994,0.0
26/12/1994,0.0
27/12/1994,7.5
28/12/1994,1.5
29/12/1994,1.5
30/12/1994,1.0
31/12/1994,2.5
01/01/1995,6.5
02/01/1995,2.4
03/01/1995,0.1
04/01/1995,9.5
05/01/1995,17.9
06/01/1995,4.1
07/01/1995,1.0
08/01/1995,4.0
09/01/1995,0.5
10/01/1995,9.0
11/01/1995,8.5
12/01/1995,0.0
13/01/1995,0.0
14/01/1995,0.0
15/01/1995,1.8
16/01/1995,12.2
17/01/1995,10.4
18/01/1995,5.6
19/01/1995,3.0
20/01/1995,1.5
21/01/1995,0.0
22/01/1995,0.0
23/01/1995,0.0
24/01/1995,0.0
25/01/1995,57.5
26/01/1995,111.5
27/01/1995,3.5
28/01/1995,1.0
29/01/1995,2.5
30/01/1995,14.0
31/01/1995,6.0
01/02/1995,12.0
02/02/1995,18.0
03/02/1995,27.5
04/02/1995,1.0
05/02/1995,8.0
06/02/1995,5.5
07/02/1995,0.0
08/02/1995,0.0
09/02/1995,0.0
10/02/1995,0.0
11/02/1995,5.5
12/02/1995,0.0
13/02/1995,0.0
14/02/1995,0.0
15/02/1995,0.0
16/02/1995,0.0
17/02/1995,0.0
18/02/1995,0.0
19/02/1995,0.0
20/02/1995,0.0
21/02/1995,0.0
22/02/1995,0.0
23/02/1995,3.5
24/02/1995,2.0
25/02/1995,46.5
26/02/1995,12.0
27/02/1995,1.0
28/02/1995,0.0
01/03/1995,0.0
02/03/1995,0.0
03/03/1995,0.0
04/03/1995,0.0
05/03/1995,0.0
06/03/1995,1.5
07/03/1995,0.0
08/03/1995,0.0
09/03/1995,0.0
10/03/1995,0.0
11/03/1995,0.0
12/03/1995,0.0
13/03/1995,0.0
14/03/1995,0.0
15/03/1995,0.0
16/03/1995,0.0
17/03/1995,0.5
18/03/1995,0.0
19/03/1995,8.3
20/03/1995,18.2
21/03/1995,4.0
22/03/1995,12.5
23/03/1995,10.5
24/03/1995,19.0
25/03/1995,0.0
26/03/1995,0.0
27/03/1995,0.0
28/03/1995,7.5
29/03/1995,0.0
30/03/1995,0.0
31/03/1995,0.0
01/04/1995,0.0
02/04/1995,0.0
03/04/1995,0.0
04/04/1995,0.0
05/04/1995,2.0
06/04/1995,3.5
07/04/1995,0.0
08/04/1995,0.0
09/04/1995,0.0
10/04/1995,0.4
11/04/1995,12.6
12/04/1995,2.0
13/04/1995,0.0
14/04/1995,0.0
15/04/1995,2.7
16/04/1995,1.3
17/04/1995,0.0
18/04/1995,0.0
19/04/1995,0.0
20/04/1995,0.0
21/04/1995,0.0
22/04/1995,0.0
23/04/1995,0.0
24/04/1995,0.0
25/04/1995,0.0
26/04/1995,1.5
27/04/1995,8.5
28/04/1995,0.5
29/04/1995,0.0
30/04/1995,31.0
01/05/1995,0.5
02/05/1995,7.5
03/05/1995,0.0
04/05/1995,0.0
05/05/1995,0.0
06/05/1995,0.0
07/05/1995,29.0
08/05/1995,1.0
09/05/1995,0.0
10/05/1995,35.5
11/05/1995,2.0
12/05/1995,0.5
13/05/1995,9.0
14/05/1995,0.0
15/05/1995,0.0
16/05/1995,0.0
17/05/1995,0.0
18/05/1995,6.0
19/05/1995,0.0
20/05/1995,2.0
21/05/1995,1.0
22/05/1995,34.0
23/05/1995,0.0
24/05/1995,0.0
25/05/1995,15.5
26/05/1995,0.0
27/05/1995,0.0
28/05/1995,0.0
29/05/1995,0.0
30/05/1995,10.5
31/05/1995,0.0
01/06/1995,0.0
02/06/1995,0.0
03/06/1995,20.5
04/06/1995,33.0
05/06/1995,5.5
06/06/1995,0.0
07/06/1995,0.0
08/06/1995,10.0
09/06/1995,20.0
10/06/1995,4.5
11/06/1995,1.0
12/06/1995,0.0
13/06/1995,0.0
14/06/1995,2.5
15/06/1995,9.0
16/06/1995,5.5
17/06/1995,0.5
18/06/1995,0.0
19/06/1995,0.0
20/06/1995,0.0
21/06/1995,0.0
22/06/1995,0.0
23/06/1995,0.0
24/06/1995,3.0
25/06/1995,5.0
26/06/1995,0.0
27/06/1995,3.5
28/06/1995,0.0
29/06/1995,1.0
30/06/1995,0.0
01/07/1995,56.5
02/07/1995,0.0
03/07/1995,0.0
04/07/1995,16.0
05/07/1995,0.0
06/07/1995,0.5
07/07/1995,0.0
08/07/1995,1.5
09/07/1995,11.5
10/07/1995,0.0
11/07/1995,16.5
12/07/1995,21.5
13/07/1995,0.5
14/07/1995,0.0
15/07/1995,0.0
16/07/1995,0.0
17/07/1995,0.0
18/07/1995,1.5
19/07/1995,0.0
20/07/1995,10.0
21/07/1995,10.0
22/07/1995,6.0
23/07/1995,0.5
24/07/1995,0.0
25/07/1995,0.0
26/07/1995,0.0
27/07/1995,0.0
28/07/1995,45.0
29/07/1995,2.0
30/07/1995,0.0
31/07/1995,0.0
01/08/1995,0.0
02/08/1995,28.5
03/08/1995,0.0
04/08/1995,0.0
05/08/1995,3.5
06/08/1995,0.0
07/08/1995,0.0
08/08/1995,9.5
09/08/1995,0.0
10/08/1995,0.0
11/08/1995,0.0
12/08/1995,0.0
13/08/1995,0.0
14/08/1995,31.0
15/08/1995,37.0
16/08/1995,0.0
17/08/1995,40.0
18/08/1995,28.0
19/08/1995,17.0
20/08/1995,10.5
21/08/1995,5.0
22/08/1995,0.0
23/08/1995,0.0
24/08/1995,0.0
25/08/1995,35.5
26/08/1995,40.0
27/08/1995,0.0
28/08/1995,19.3
29/08/1995,68.2
30/08/1995,0.0
31/08/1995,1.5
01/09/1995,15.1
02/09/1995,0.4
03/09/1995,3.5
04/09/1995,16.0
05/09/1995,38.3
06/09/1995,29.7
07/09/1995,19.0
08/09/1995,0.5
09/09/1995,10.5
10/09/1995,11.0
11/09/1995,0.5
12/09/1995,0.0
13/09/1995,0.0
14/09/1995,9.0
15/09/1995,1.5
16/09/1995,0.5
17/09/1995,70.0
18/09/1995,1.5
19/09/1995,0.0
20/09/1995,0.0
21/09/1995,0.0
22/09/1995,18.5
23/09/1995,0.0
24/09/1995,9.5
25/09/1995,12.5
26/09/1995,0.0
27/09/1995,21.5
28/09/1995,13.0
29/09/1995,10.0
30/09/1995,0.0
01/10/1995,16.2
02/10/1995,4.8
03/10/1995,39.0
04/10/1995,0.0
05/10/1995,0.5
06/10/1995,0.0
07/10/1995,2.5
08/10/1995,46.3
09/10/1995,100.2
10/10/1995,3.2
11/10/1995,4.8
12/10/1995,11.0
13/10/1995,0.0
14/10/1995,16.0
15/10/1995,36.0
16/10/1995,1.5
17/10/1995,0.0
18/10/1995,0.0
19/10/1995,0.5
20/10/1995,0.0
21/10/1995,0.0
22/10/1995,0.0
23/10/1995,0.0
24/10/1995,0.0
25/10/1995,0.0
26/10/1995,0.0
27/10/1995,28.5
28/10/1995,1.0
29/10/1995,0.0
30/10/1995,21.5
31/10/1995,12.0
01/11/1995,5.0
02/11/1995,1.5
03/11/1995,2.0
04/11/1995,0.0
05/11/1995,4.5
06/11/1995,0.5
07/11/1995,0.5
08/11/1995,0.5
09/11/1995,12.5
10/11/1995,1.0
11/11/1995,5.0
12/11/1995,0.5
13/11/1995,0.0
14/11/1995,3.0
15/11/1995,12.5
16/11/1995,11.0
17/11/1995,0.0
18/11/1995,0.5
19/11/1995,0.0
20/11/1995,14.5
21/11/1995,0.0
22/11/1995,0.5
23/11/1995,7.0
24/11/1995,0.0
25/11/1995,0.0
26/11/1995,0.0
27/11/1995,0.0
28/11/1995,0.0
29/11/1995,0.0
30/11/1995,0.0
01/12/1995,0.0
02/12/1995,0.0
03/12/1995,0.0
04/12/1995,0.0
05/12/1995,2.0
06/12/1995,14.5
07/12/1995,8.0
08/12/1995,1.0
09/12/1995,0.0
10/12/1995,0.0
11/12/1995,0.0
12/12/1995,0.0
13/12/1995,0.0
14/12/1995,0.0
15/12/1995,0.0
16/12/1995,0.0
17/12/1995,0.0
18/12/1995,0.5
19/12/1995,9.0
20/12/1995,7.5
21/12/1995,31.5
22/12/1995,18.5
23/12/1995,21.0
24/12/1995,46.5
25/12/1995,7.0
26/12/1995,12.0
27/12/1995,47.0
28/12/1995,29.5
29/12/1995,11.5
30/12/1995,2.5
31/12/1995,2.0
01/01/1996,3.5
02/01/1996,0.0
03/01/1996,0.0
04/01/1996,0.0
05/01/1996,0.0
06/01/1996,0.0
07/01/1996,0.0
08/01/1996,5.0
09/01/1996,7.5
10/01/1996,16.5
11/01/1996,70.0
12/01/1996,12.0
13/01/1996,0.0
14/01/1996,0.0
15/01/1996,0.0
16/01/1996,0.0
17/01/1996,0.0
18/01/1996,0.0
19/01/1996,0.0
20/01/1996,0.0
21/01/1996,4.0
22/01/1996,4.5
23/01/1996,19.0
24/01/1996,1.0
25/01/1996,0.0
26/01/1996,18.3
27/01/1996,15.7
28/01/1996,29.0
29/01/1996,10.0
30/01/1996,36.9
31/01/1996,15.6
01/02/1996,27.5
02/02/1996,13.5
03/02/1996,5.5
04/02/1996,21.5
05/02/1996,1.7
06/02/1996,1.8
07/02/1996,0.0
08/02/1996,0.5
09/02/1996,0.0
10/02/1996,0.0
11/02/1996,15.0
12/02/1996,4.0
13/02/1996,0.0
14/02/1996,0.0
15/02/1996,0.0
16/02/1996,0.0
17/02/1996,0.0
18/02/1996,0.0
19/02/1996,4.5
20/02/1996,23.0
21/02/1996,8.5
22/02/1996,5.0
23/02/1996,3.0
05/03/1996,0.0
06/03/1996,2.2
07/03/1996,2.2
08/03/1996,36.3
09/03/1996,4.3
10/03/1996,0.0
11/03/1996,0.0
12/03/1996,0.0
13/03/1996,0.0
14/03/1996,0.0
15/03/1996,0.0
16/03/1996,0.0
17/03/1996,0.0
18/03/1996,0.0
19/03/1996,0.0
20/03/1996,0.0
21/03/1996,0.0
22/03/1996,0.0
23/03/1996,0.0
24/03/1996,0.5
25/03/1996,17.5
26/03/1996,18.0
27/03/1996,2.5
28/03/1996,66.5
29/03/1996,5.5
30/03/1996,0.0
31/03/1996,0.0
01/04/1996,0.0
02/04/1996,0.0
03/04/1996,12.5
04/04/1996,1.0
05/04/1996,0.0
06/04/1996,0.0
07/04/1996,0.0
08/04/1996,0.0
09/04/1996,0.0
10/04/1996,0.0
11/04/1996,0.0
12/04/1996,0.0
13/04/1996,0.0
14/04/1996,0.0
15/04/1996,0.0
16/04/1996,0.0
17/04/1996,0.0
18/04/1996,0.0
19/04/1996,0.0
20/04/1996,0.0
21/04/1996,0.0
22/04/1996,14.0
23/04/1996,14.3
24/04/1996,2.7
25/04/1996,40.5
26/04/1996,0.5
27/04/1996,0.0
28/04/1996,0.0
29/04/1996,0.0
30/04/1996,8.5
01/05/1996,1.0
02/05/1996,20.5
03/05/1996,1.0
04/05/1996,4.5
05/05/1996,0.0
06/05/1996,0.0
07/05/1996,0.3
08/05/1996,3.7
09/05/1996,0.0
10/05/1996,0.0
11/05/1996,0.0
12/05/1996,0.0
13/05/1996,0.0
14/05/1996,13.5
15/05/1996,0.0
16/05/1996,0.0
17/05/1996,0.0
18/05/1996,0.0
19/05/1996,0.0
20/05/1996,0.0
21/05/1996,0.0
22/05/1996,0.0
23/05/1996,0.0
24/05/1996,0.0
25/05/1996,0.0
26/05/1996,0.0
27/05/1996,2.0
28/05/1996,0.0
29/05/1996,0.0
30/05/1996,0.0
31/05/1996,0.0
01/06/1996,0.0
02/06/1996,0.0
03/06/1996,0.0
04/06/1996,19.0
05/06/1996,0.0
06/06/1996,0.5
07/06/1996,56.5
08/06/1996,7.5
09/06/1996,2.0
10/06/1996,0.0
11/06/1996,2.5
12/06/1996,0.0
13/06/1996,39.0
14/06/1996,1.5
15/06/1996,0.0
16/06/1996,10.0
17/06/1996,0.0
18/06/1996,0.0
19/06/1996,0.0
20/06/1996,0.0
21/06/1996,0.0
22/06/1996,1.0
23/06/1996,74.0
24/06/1996,20.0
25/06/1996,0.0
26/06/1996,0.0
27/06/1996,0.0
28/06/1996,0.0
29/06/1996,0.0
30/06/1996,0.0
01/07/1996,0.0
02/07/1996,0.0
03/07/1996,0.0
04/07/1996,0.0
05/07/1996,0.0
06/07/1996,6.0
07/07/1996,69.3
08/07/1996,25.2
09/07/1996,0.0
10/07/1996,0.0
11/07/1996,0.0
12/07/1996,1.0
13/07/1996,1.0
14/07/1996,0.0
15/07/1996,2.5
16/07/1996,0.5
17/07/1996,0.0
18/07/1996,0.0
19/07/1996,0.0
20/07/1996,5.0
21/07/1996,0.0
22/07/1996,0.0
23/07/1996,0.0
24/07/1996,0.0
25/07/1996,0.0
26/07/1996,3.0
27/07/1996,0.5
28/07/1996,0.0
29/07/1996,0.0
30/07/1996,0.0
31/07/1996,0.0
01/08/1996,0.0
02/08/1996,12.5
03/08/1996,0.5
04/08/1996,2.0
05/08/1996,0.0
06/08/1996,1.0
07/08/1996,0.0
08/08/1996,0.0
09/08/1996,58.5
10/08/1996,0.0
11/08/1996,0.0
12/08/1996,0.5
13/08/1996,0.0
14/08/1996,0.5
15/08/1996,0.0
16/08/1996,1.5
17/08/1996,0.0
18/08/1996,0.0
19/08/1996,0.0
20/08/1996,101.5
21/08/1996,1.5
22/08/1996,0.0
23/08/1996,29.5
24/08/1996,0.5
25/08/1996,12.5
26/08/1996,1.0
27/08/1996,7.5
28/08/1996,14.5
29/08/1996,5.0
30/08/1996,0.0
31/08/1996,30.5
01/09/1996,0.5
02/09/1996,0.0
03/09/1996,0.5
04/09/1996,0.0
05/09/1996,7.5
06/09/1996,0.0
07/09/1996,0.0
08/09/1996,93.0
09/09/1996,0.0
10/09/1996,0.0
11/09/1996,0.0
12/09/1996,0.0
13/09/1996,8.5
14/09/1996,0.0
15/09/1996,1.5
16/09/1996,76.0
17/09/1996,2.0
18/09/1996,0.0
19/09/1996,0.0
20/09/1996,0.0
21/09/1996,41.0
22/09/1996,3.0
23/09/1996,0.0
24/09/1996,62.5
25/09/1996,0.0
26/09/1996,28.0
27/09/1996,0.5
28/09/1996,0.0
29/09/1996,7.5
30/09/1996,19.0
01/10/1996,22.0
02/10/1996,20.1
03/10/1996,6.9
04/10/1996,0.0
05/10/1996,0.0
06/10/1996,25.5
07/10/1996,24.0
08/10/1996,0.0
09/10/1996,0.0
10/10/1996,0.0
11/10/1996,0.0
12/10/1996,0.0
13/10/1996,0.0
14/10/1996,0.0
15/10/1996,0.0
16/10/1996,0.0
17/10/1996,0.0
18/10/1996,0.0
19/10/1996,32.3
20/10/1996,46.4
21/10/1996,6.8
22/10/1996,0.0
23/10/1996,0.0
24/10/1996,4.0
25/10/1996,10.5
26/10/1996,33.6
27/10/1996,8.9
28/10/1996,0.0
29/10/1996,2.0
30/10/1996,0.0
31/10/1996,28.5
01/11/1996,24.0
02/11/1996,6.5
03/11/1996,2.0
04/11/1996,0.0
05/11/1996,0.0
06/11/1996,0.0
07/11/1996,0.0
08/11/1996,1.0
09/11/1996,1.0
10/11/1996,5.5
11/11/1996,4.5
12/11/1996,10.5
13/11/1996,30.5
14/11/1996,0.5
15/11/1996,0.0
16/11/1996,0.5
17/11/1996,0.0
18/11/1996,6.5
19/11/1996,51.0
20/11/1996,24.5
21/11/1996,0.5
22/11/1996,92.5
23/11/1996,2.5
24/11/1996,0.0
25/11/1996,4.0
26/11/1996,13.0
27/11/1996,1.5
28/11/1996,0.0
29/11/1996,0.0
30/11/1996,7.5
01/12/1996,0.0
02/12/1996,1.0
03/12/1996,0.5
04/12/1996,2.5
05/12/1996,5.0
06/12/1996,6.0
07/12/1996,15.0
08/12/1996,18.5
09/12/1996,19.1
10/12/1996,18.3
11/12/1996,55.1
12/12/1996,150.0
13/12/1996,19.0
14/12/1996,64.1
15/12/1996,19.4
16/12/1996,0.0
17/12/1996,0.0
18/12/1996,4.9
19/12/1996,22.8
20/12/1996,30.3
21/12/1996,47.0
22/12/1996,41.0
23/12/1996,0.5
31/12/1996,0.0
01/01/1997,0.0
02/01/1997,0.0
03/01/1997,0.0
04/01/1997,0.0
05/01/1997,0.0
06/01/1997,0.0
07/01/1997,0.0
08/01/1997,0.0
09/01/1997,0.0
10/01/1997,0.0
11/01/1997,0.0
12/01/1997,0.0
13/01/1997,0.0
14/01/1997,0.0
15/01/1997,0.0
16/01/1997,0.0
17/01/1997,0.0
18/01/1997,0.0
19/01/1997,0.0
20/01/1997,0.0
21/01/1997,0.0
22/01/1997,0.0
23/01/1997,0.0
24/01/1997,0.0
25/01/1997,0.0
26/01/1997,0.0
27/01/1997,0.0
28/01/1997,0.0
29/01/1997,0.0
30/01/1997,0.0
31/01/1997,0.0
01/02/1997,0.0
02/02/1997,0.0
03/02/1997,8.5
04/02/1997,0.0
05/02/1997,0.0
06/02/1997,0.0
07/02/1997,24.0
08/02/1997,1.0
09/02/1997,0.0
10/02/1997,0.0
11/02/1997,0.0
12/02/1997,0.0
13/02/1997,1.0
14/02/1997,2.0
15/02/1997,9.5
16/02/1997,0.0
17/02/1997,0.0
18/02/1997,0.0
19/02/1997,0.0
20/02/1997,0.0
21/02/1997,9.5
22/02/1997,43.5
23/02/1997,9.5
24/02/1997,53.5
25/02/1997,0.5
26/02/1997,0.0
27/02/1997,1.0
28/02/1997,0.0
01/03/1997,0.0
02/03/1997,0.0
03/03/1997,0.0
04/03/1997,0.0
05/03/1997,0.0
06/03/1997,0.0
07/03/1997,1.0
08/03/1997,0.0
09/03/1997,0.0
10/03/1997,0.0
11/03/1997,0.0
12/03/1997,0.0
13/03/1997,0.0
14/03/1997,0.0
15/03/1997,0.0
16/03/1997,0.0
17/03/1997,0.0
18/03/1997,0.0
19/03/1997,0.0
20/03/1997,0.0
21/03/1997,0.0
22/03/1997,0.0
23/03/1997,0.0
24/03/1997,0.0
25/03/1997,0.0
26/03/1997,0.0
27/03/1997,3.0
28/03/1997,1.0
29/03/1997,0.0
30/03/1997,0.0
31/03/1997,9.0
01/04/1997,116.1
02/04/1997,19.9
03/04/1997,0.0
04/04/1997,0.0
05/04/1997,0.0
06/04/1997,0.0
07/04/1997,3.0
08/04/1997,0.0
09/04/1997,3.0
10/04/1997,5.0
11/04/1997,1.0
12/04/1997,9.0
13/04/1997,26.0
14/04/1997,0.0
15/04/1997,0.5
16/04/1997,0.0
17/04/1997,7.0
18/04/1997,0.0
19/04/1997,0.0
20/04/1997,0.0
21/04/1997,0.0
22/04/1997,0.0
23/04/1997,0.0
24/04/1997,0.0
25/04/1997,0.0
26/04/1997,1.0
27/04/1997,0.0
28/04/1997,0.5
29/04/1997,3.0
30/04/1997,0.0
01/05/1997,4.0
02/05/1997,0.0
03/05/1997,0.0
04/05/1997,0.0
05/05/1997,0.0
06/05/1997,0.0
07/05/1997,0.0
08/05/1997,0.0
09/05/1997,0.0
10/05/1997,16.0
11/05/1997,0.0
12/05/1997,0.0
13/05/1997,0.0
14/05/1997,0.0
15/05/1997,0.5
16/05/1997,37.5
17/05/1997,0.0
18/05/1997,0.0
19/05/1997,0.5
20/05/1997,47.0
21/05/1997,0.0
22/05/1997,25.5
23/05/1997,0.0
24/05/1997,0.0
25/05/1997,0.0
26/05/1997,0.0
27/05/1997,11.5
28/05/1997,0.0
29/05/1997,0.0
30/05/1997,0.0
31/05/1997,0.0
01/06/1997,25.5
02/06/1997,0.0
03/06/1997,18.5
04/06/1997,0.0
05/06/1997,0.0
06/06/1997,46.0
07/06/1997,0.0
08/06/1997,0.0
09/06/1997,0.0
10/06/1997,58.5
11/06/1997,0.0
12/06/1997,0.0
13/06/1997,0.0
14/06/1997,0.0
15/06/1997,0.0
16/06/1997,0.0
17/06/1997,0.0
18/06/1997,11.5
19/06/1997,0.0
20/06/1997,0.5
21/06/1997,8.0
22/06/1997,0.0
23/06/1997,0.0
24/06/1997,4.0
25/06/1997,20.5
26/06/1997,0.0
27/06/1997,3.0
28/06/1997,1.0
29/06/1997,0.0
30/06/1997,0.0
01/07/1997,0.0
02/07/1997,16.0
03/07/1997,5.5
04/07/1997,0.0
05/07/1997,0.0
06/07/1997,10.0
07/07/1997,0.5
08/07/1997,0.0
09/07/1997,0.0
10/07/1997,0.0
11/07/1997,0.0
12/07/1997,0.0
13/07/1997,0.0
14/07/1997,0.0
15/07/1997,0.0
16/07/1997,0.0
17/07/1997,14.5
18/07/1997,0.0
19/07/1997,0.0
20/07/1997,30.0
21/07/1997,0.0
22/07/1997,0.0
23/07/1997,0.0
24/07/1997,0.0
25/07/1997,10.5
26/07/1997,0.0
27/07/1997,0.0
28/07/1997,0.0
29/07/1997,21.5
30/07/1997,0.0
31/07/1997,0.0
01/08/1997,0.0
02/08/1997,0.0
03/08/1997,0.0
04/08/1997,0.0
05/08/1997,23.5
06/08/1997,1.5
07/08/1997,0.0
08/08/1997,0.0
09/08/1997,0.0
10/08/1997,0.0
11/08/1997,6.0
12/08/1997,0.0
13/08/1997,0.0
14/08/1997,11.5
15/08/1997,18.5
16/08/1997,45.5
17/08/1997,2.0
18/08/1997,0.0
19/08/1997,6.5
20/08/1997,1.0
21/08/1997,7.0
22/08/1997,0.0
23/08/1997,2.5
24/08/1997,0.0
25/08/1997,0.0
26/08/1997,0.0
27/08/1997,0.0
28/08/1997,19.5
29/08/1997,0.0
30/08/1997,0.0
31/08/1997,0.0
01/09/1997,0.0
02/09/1997,0.0
03/09/1997,0.0
04/09/1997,0.0
05/09/1997,0.0
06/09/1997,0.0
07/09/1997,0.0
08/09/1997,0.0
09/09/1997,0.0
10/09/1997,0.0
11/09/1997,0.0
12/09/1997,0.0
13/09/1997,0.0
14/09/1997,1.0
15/09/1997,0.0
16/09/1997,0.0
17/09/1997,0.0
18/09/1997,0.0
19/09/1997,0.0
20/09/1997,8.5
21/09/1997,0.0
22/09/1997,0.0
23/09/1997,0.0
24/09/1997,0.0
25/09/1997,0.0
26/09/1997,0.0
27/09/1997,0.0
28/09/1997,1.0
29/09/1997,0.0
30/09/1997,0.0
01/10/1997,0.0
02/10/1997,0.0
03/10/1997,0.0
04/10/1997,0.0
05/10/1997,0.0
06/10/1997,0.0
07/10/1997,0.0
08/10/1997,6.5
09/10/1997,2.5
10/10/1997,2.5
11/10/1997,0.0
12/10/1997,1.5
13/10/1997,0.0
14/10/1997,19.5
15/10/1997,0.0
16/10/1997,1.5
17/10/1997,19.5
18/10/1997,0.0
19/10/1997,0.0
20/10/1997,0.0
21/10/1997,0.0
22/10/1997,1.0
23/10/1997,4.0
24/10/1997,0.0
25/10/1997,0.0
26/10/1997,1.5
27/10/1997,2.0
28/10/1997,0.0
29/10/1997,29.7
30/10/1997,6.3
31/10/1997,15.0
01/11/1997,3.0
02/11/1997,0.5
03/11/1997,12.0
04/11/1997,2.0
05/11/1997,13.6
06/11/1997,16.4
07/11/1997,0.0
08/11/1997,15.0
09/11/1997,0.5
10/11/1997,19.1
11/11/1997,4.4
12/11/1997,0.5
13/11/1997,3.5
14/11/1997,25.0
15/11/1997,6.5
16/11/1997,0.0
17/11/1997,0.0
18/11/1997,77.5
19/11/1997,112.2
20/11/1997,35.3
21/11/1997,6.5
22/11/1997,0.0
23/11/1997,0.0
24/11/1997,0.0
25/11/1997,0.0
26/11/1997,0.0
27/11/1997,1.5
28/11/1997,20.5
29/11/1997,1.5
30/11/1997,2.0
01/12/1997,40.0
02/12/1997,71.0
03/12/1997,51.0
04/12/1997,11.0
05/12/1997,20.0
06/12/1997,14.0
07/12/1997,4.5
08/12/1997,12.5
09/12/1997,1.5
10/12/1997,1.0
11/12/1997,52.5
12/12/1997,6.5
13/12/1997,3.3
14/12/1997,6.7
15/12/1997,5.5
16/12/1997,15.1
17/12/1997,10.4
18/12/1997,181.0
19/12/1997,12.5
20/12/1997,48.0
21/12/1997,0.0
22/12/1997,0.0
23/12/1997,0.0
24/12/1997,9.0
25/12/1997,0.0
26/12/1997,0.0
27/12/1997,0.0
28/12/1997,9.0
29/12/1997,61.5
30/12/1997,67.0
31/12/1997,0.0
01/01/1998,0.0
02/01/1998,0.0
03/01/1998,0.0
04/01/1998,28.0
05/01/1998,9.0
06/01/1998,14.5
07/01/1998,4.0
08/01/1998,5.5
09/01/1998,1.5
10/01/1998,0.0
11/01/1998,0.5
12/01/1998,7.0
13/01/1998,1.0
14/01/1998,0.0
15/01/1998,0.0
16/01/1998,0.0
17/01/1998,0.0
18/01/1998,0.0
19/01/1998,0.0
20/01/1998,0.0
21/01/1998,0.5
22/01/1998,0.0
23/01/1998,0.0
24/01/1998,4.5
25/01/1998,35.0
26/01/1998,1.0
27/01/1998,10.0
28/01/1998,6.5
29/01/1998,7.0
30/01/1998,12.0
31/01/1998,3.0
01/02/1998,1.0
02/02/1998,4.5
03/02/1998,1.0
04/02/1998,0.0
05/02/1998,1.5
06/02/1998,0.0
07/02/1998,0.0
08/02/1998,0.0
09/02/1998,0.0
10/02/1998,0.0
11/02/1998,0.0
12/02/1998,0.0
13/02/1998,7.0
14/02/1998,0.0
15/02/1998,0.0
16/02/1998,0.0
17/02/1998,0.0
18/02/1998,0.0
19/02/1998,0.0
20/02/1998,0.0
21/02/1998,0.0
22/02/1998,0.0
23/02/1998,0.0
24/02/1998,0.0
25/02/1998,0.0
26/02/1998,0.0
27/02/1998,0.0
28/02/1998,0.0
01/03/1998,0.0
02/03/1998,0.0
03/03/1998,1.0
04/03/1998,0.0
05/03/1998,0.0
06/03/1998,0.0
07/03/1998,7.0
08/03/1998,2.0
09/03/1998,3.5
10/03/1998,0.0
11/03/1998,0.0
12/03/1998,0.0
13/03/1998,0.0
14/03/1998,0.0
15/03/1998,0.0
16/03/1998,0.0
17/03/1998,1.5
18/03/1998,0.0
19/03/1998,0.0
20/03/1998,0.0
21/03/1998,0.0
22/03/1998,0.0
23/03/1998,0.0
24/03/1998,1.0
25/03/1998,0.0
26/03/1998,1.5
27/03/1998,15.5
28/03/1998,5.5
29/03/1998,0.0
30/03/1998,0.0
31/03/1998,3.5
01/04/1998,16.0
02/04/1998,0.0
03/04/1998,0.0
04/04/1998,0.0
05/04/1998,4.0
06/04/1998,0.0
07/04/1998,0.0
08/04/1998,0.0
09/04/1998,0.0
10/04/1998,0.0
11/04/1998,0.0
12/04/1998,0.0
13/04/1998,0.0
14/04/1998,0.0
15/04/1998,0.0
16/04/1998,0.0
17/04/1998,0.0
18/04/1998,0.0
19/04/1998,0.0
20/04/1998,0.0
21/04/1998,0.0
22/04/1998,0.0
23/04/1998,0.0
24/04/1998,0.0
25/04/1998,0.0
26/04/1998,0.0
27/04/1998,0.0
28/04/1998,0.0
29/04/1998,0.0
30/04/1998,0.0
01/05/1998,0.0
02/05/1998,0.0
03/05/1998,0.0
04/05/1998,0.0
05/05/1998,1.0
06/05/1998,13.0
07/05/1998,9.0
08/05/1998,0.0
09/05/1998,0.0
10/05/1998,0.5
11/05/1998,0.0
12/05/1998,1.0
13/05/1998,0.0
14/05/1998,0.0
15/05/1998,0.0
16/05/1998,5.5
17/05/1998,0.0
18/05/1998,0.0
19/05/1998,0.0
20/05/1998,0.0
21/05/1998,0.0
22/05/1998,0.0
23/05/1998,2.0
24/05/1998,6.5
25/05/1998,1.0
26/05/1998,3.0
27/05/1998,0.0
28/05/1998,5.0
29/05/1998,0.0
30/05/1998,0.0
31/05/1998,0.0
01/06/1998,0.0
02/06/1998,0.0
03/06/1998,0.5
04/06/1998,0.0
05/06/1998,0.0
06/06/1998,0.0
07/06/1998,13.0
08/06/1998,0.0
09/06/1998,1.5
10/06/1998,0.0
11/06/1998,18.0
12/06/1998,3.5
28/01/1999,23.0
29/01/1999,8.2
30/01/1999,69.8
31/01/1999,0.4
01/02/1999,0.0
02/02/1999,0.6
03/02/1999,8.6
04/02/1999,3.5
05/02/1999,0.0
06/02/1999,24.9
07/02/1999,0.0
08/02/1999,1.0
09/02/1999,0.0
10/02/1999,31.0
11/02/1999,131.6
12/02/1999,17.1
13/02/1999,76.6
14/02/1999,50.4
15/02/1999,3.3
16/02/1999,0.0
17/02/1999,4.3
18/02/1999,0.0
19/02/1999,0.0
20/02/1999,0.0
21/02/1999,0.0
22/02/1999,1.4
23/02/1999,0.8
24/02/1999,4.4
25/02/1999,3.0
26/02/1999,0.0
27/02/1999,0.0
28/02/1999,7.9
01/03/1999,33.5
02/03/1999,0.8
03/03/1999,0.7
04/03/1999,0.0
05/03/1999,13.3
06/03/1999,6.4
07/03/1999,37.7
08/03/1999,42.0
09/03/1999,0.0
10/03/1999,0.0
11/03/1999,1.0
12/03/1999,0.3
13/03/1999,0.0
14/03/1999,0.0
15/03/1999,0.0
16/03/1999,0.0
17/03/1999,0.0
18/03/1999,0.0
19/03/1999,0.0
20/03/1999,0.0
21/03/1999,0.0
22/03/1999,3.0
23/03/1999,11.9
24/03/1999,0.0
25/03/1999,1.4
26/03/1999,21.0
27/03/1999,15.8
28/03/1999,0.5
29/03/1999,0.0
30/03/1999,0.0
31/03/1999,0.0
01/04/1999,0.0
02/04/1999,0.3
03/04/1999,0.6
04/04/1999,5.3
05/04/1999,45.5
06/04/1999,25.8
07/04/1999,0.0
08/04/1999,0.0
09/04/1999,0.0
10/04/1999,0.0
11/04/1999,4.4
12/04/1999,0.0
13/04/1999,34.3
14/04/1999,20.9
15/04/1999,0.0
16/04/1999,7.5
17/04/1999,0.0
18/04/1999,0.0
19/04/1999,0.0
20/04/1999,0.0
21/04/1999,0.0
22/04/1999,0.0
23/04/1999,0.0
24/04/1999,0.0
25/04/1999,0.0
26/04/1999,0.0
27/04/1999,0.0
28/04/1999,0.0
29/04/1999,0.0
30/04/1999,0.0
01/05/1999,0.0
02/05/1999,0.0
03/05/1999,0.0
04/05/1999,0.0
05/05/1999,0.0
06/05/1999,0.0
07/05/1999,0.0
08/05/1999,1.2
09/05/1999,15.8
10/05/1999,0.0
11/05/1999,0.0
12/05/1999,0.0
13/05/1999,0.0
14/05/1999,11.3
15/05/1999,6.8
16/05/1999,1.5
17/05/1999,0.2
18/05/1999,0.5
19/05/1999,0.8
20/05/1999,0.0
21/05/1999,0.5
22/05/1999,0.6
23/05/1999,0.0
24/05/1999,1.2
25/05/1999,6.0
26/05/1999,0.7
27/05/1999,0.0
28/05/1999,0.5
29/05/1999,0.0
30/05/1999,0.5
31/05/1999,0.7
01/06/1999,0.0
02/06/1999,0.0
03/06/1999,0.0
04/06/1999,0.0
05/06/1999,0.0
06/06/1999,1.8
07/06/1999,1.5
08/06/1999,0.6
09/06/1999,21.0
10/06/1999,0.0
11/06/1999,0.5
12/06/1999,0.0
13/06/1999,0.0
14/06/1999,0.5
15/06/1999,0.0
16/06/1999,0.4
17/06/1999,0.0
18/06/1999,0.0
19/06/1999,0.0
20/06/1999,0.3
21/06/1999,0.0
22/06/1999,0.0
23/06/1999,0.0
24/06/1999,0.0
25/06/1999,0.5
26/06/1999,0.0
27/06/1999,0.0
28/06/1999,1.8
29/06/1999,0.6
30/06/1999,0.6
01/07/1999,0.0
02/07/1999,0.0
03/07/1999,0.0
04/07/1999,0.5
05/07/1999,0.0
06/07/1999,0.0
07/07/1999,0.4
08/07/1999,0.0
09/07/1999,0.0
10/07/1999,0.0
11/07/1999,0.0
12/07/1999,0.0
13/07/1999,0.4
14/07/1999,0.5
15/07/1999,0.6
16/07/1999,0.0
17/07/1999,0.0
18/07/1999,0.0
19/07/1999,0.0
20/07/1999,0.0
21/07/1999,0.0
22/07/1999,0.0
23/07/1999,2.1
24/07/1999,0.2
25/07/1999,0.0
26/07/1999,0.0
27/07/1999,0.5
28/07/1999,0.0
29/07/1999,2.7
30/07/1999,0.0
31/07/1999,0.5
01/08/1999,0.6
02/08/1999,1.9
03/08/1999,1.6
04/08/1999,0.5
05/08/1999,0.4
06/08/1999,0.4
07/08/1999,0.0
08/08/1999,0.3
09/08/1999,0.0
10/08/1999,2.1
11/08/1999,0.4
12/08/1999,0.6
13/08/1999,0.0
14/08/1999,0.0
15/08/1999,0.0
16/08/1999,0.0
17/08/1999,3.8
18/08/1999,0.6
19/08/1999,0.4
20/08/1999,0.5
21/08/1999,74.6
22/08/1999,29.0
23/08/1999,14.1
24/08/1999,0.0
25/08/1999,39.4
26/08/1999,9.4
27/08/1999,6.3
28/08/1999,21.4
29/08/1999,0.0
30/08/1999,0.0
31/08/1999,8.8
01/09/1999,7.4
02/09/1999,7.0
03/09/1999,38.7
04/09/1999,3.5
05/09/1999,0.0
06/09/1999,0.8
07/09/1999,3.9
08/09/1999,42.1
09/09/1999,0.0
10/09/1999,31.2
11/09/1999,0.0
12/09/1999,3.1
13/09/1999,23.3
14/09/1999,0.0
15/09/1999,40.8
16/09/1999,11.7
17/09/1999,7.9
18/09/1999,64.8
19/09/1999,0.6
20/09/1999,5.7
21/09/1999,31.6
22/09/1999,20.7
23/09/1999,34.3
24/09/1999,0.0
25/09/1999,0.4
26/09/1999,0.4
27/09/1999,1.1
28/09/1999,0.4
29/09/1999,0.0
30/09/1999,0.0
01/10/1999,1.4
02/10/1999,0.0
03/10/1999,0.5
04/10/1999,0.4
05/10/1999,5.0
06/10/1999,1.8
07/10/1999,0.0
08/10/1999,0.0
09/10/1999,0.0
10/10/1999,19.7
11/10/1999,0.6
12/10/1999,19.3
13/10/1999,2.5
14/10/1999,9.1
15/10/1999,0.5
16/10/1999,0.0
17/10/1999,5.1
18/10/1999,90.9
19/10/1999,4.5
20/10/1999,64.9
21/10/1999,15.2
22/10/1999,1.9
23/10/1999,57.7
24/10/1999,29.5
25/10/1999,8.3
26/10/1999,8.0
27/10/1999,0.5
28/10/1999,6.5
29/10/1999,2.7
30/10/1999,2.8
31/10/1999,1.1
01/11/1999,23.0
02/11/1999,12.8
03/11/1999,0.6
04/11/1999,0.0
05/11/1999,15.8
06/11/1999,0.0
07/11/1999,0.0
08/11/1999,80.8
09/11/1999,6.7
10/11/1999,0.0
11/11/1999,2.6
12/11/1999,0.0
13/11/1999,0.7
14/11/1999,0.0
15/11/1999,0.0
16/11/1999,0.0
17/11/1999,16.9
18/11/1999,24.3
19/11/1999,66.1
20/11/1999,79.4
21/11/1999,53.4
22/11/1999,8.6
23/11/1999,4.7
24/11/1999,3.6
25/11/1999,0.0
26/11/1999,0.0
27/11/1999,41.5
28/11/1999,15.7
29/11/1999,29.3
30/11/1999,89.8
01/12/1999,24.5
02/12/1999,8.4
03/12/1999,0.0
04/12/1999,0.0
05/12/1999,40.5
06/12/1999,9.2
07/12/1999,94.7
08/12/1999,62.5
09/12/1999,8.0
10/12/1999,0.0
11/12/1999,2.7
12/12/1999,21.9
13/12/1999,29.6
14/12/1999,27.7
15/12/1999,41.1
16/12/1999,0.0
17/12/1999,0.0
18/12/1999,0.0
19/12/1999,0.7
20/12/1999,16.7
21/12/1999,54.4
22/12/1999,35.6
23/12/1999,31.7
24/12/1999,6.2
25/12/1999,0.0
26/12/1999,0.0
27/12/1999,0.6
28/12/1999,3.0
29/12/1999,30.6
30/12/1999,6.6
31/12/1999,12.3
01/01/2000,18.6
02/01/2000,46.4
03/01/2000,18.8
04/01/2000,19.3
05/01/2000,2.5
06/01/2000,36.0
07/01/2000,0.0
08/01/2000,0.0
09/01/2000,0.0
10/01/2000,6.4
11/01/2000,15.0
12/01/2000,5.8
13/01/2000,0.5
14/01/2000,0.0
15/01/2000,0.0
16/01/2000,9.5
17/01/2000,7.4
18/01/2000,18.3
19/01/2000,8.0
20/01/2000,0.0
21/01/2000,0.9
22/01/2000,0.0
23/01/2000,1.8
26/01/2000,3.8
27/01/2000,1.9
28/01/2000,11.8
29/01/2000,9.4
30/01/2000,14.2
31/01/2000,15.7
01/02/2000,7.6
02/02/2000,0.4
03/02/2000,0.0
04/02/2000,0.0
05/02/2000,0.0
06/02/2000,0.0
07/02/2000,0.0
08/02/2000,41.4
09/02/2000,0.7
10/02/2000,0.0
11/02/2000,0.0
12/02/2000,0.0
13/02/2000,2.9
14/02/2000,11.2
15/02/2000,14.2
16/02/2000,3.0
17/02/2000,1.7
18/02/2000,0.5
19/02/2000,25.8
20/02/2000,0.0
21/02/2000,0.0
22/02/2000,0.0
23/02/2000,49.6
24/02/2000,5.3
25/02/2000,0.2
26/02/2000,4.9
27/02/2000,4.3
28/02/2000,8.6
29/02/2000,14.8
01/03/2000,122.6
02/03/2000,6.6
03/03/2000,2.1
04/03/2000,0.0
05/03/2000,0.0
06/03/2000,0.0
07/03/2000,0.6
08/03/2000,0.0
09/03/2000,0.0
10/03/2000,0.0
11/03/2000,5.4
12/03/2000,3.5
13/03/2000,0.0
14/03/2000,0.0
15/03/2000,0.0
16/03/2000,0.0
17/03/2000,0.0
18/03/2000,0.0
19/03/2000,0.0
20/03/2000,0.4
21/03/2000,0.0
22/03/2000,0.0
23/03/2000,0.0
24/03/2000,3.2
25/03/2000,3.1
26/03/2000,0.7
27/03/2000,0.0
28/03/2000,0.0
29/03/2000,0.0
30/03/2000,0.0
31/03/2000,0.0
01/04/2000,0.4
02/04/2000,0.0
03/04/2000,0.0
04/04/2000,0.0
05/04/2000,0.0
06/04/2000,0.0
07/04/2000,0.0
08/04/2000,0.0
09/04/2000,0.0
10/04/2000,0.0
11/04/2000,0.0
12/04/2000,0.0
13/04/2000,0.0
14/04/2000,0.0
15/04/2000,0.0
16/04/2000,0.5
17/04/2000,0.0
18/04/2000,0.0
19/04/2000,0.0
20/04/2000,0.0
21/04/2000,0.0
22/04/2000,0.0
23/04/2000,0.0
24/04/2000,0.0
25/04/2000,0.0
26/04/2000,0.0
27/04/2000,0.0
28/04/2000,0.0
29/04/2000,0.0
30/04/2000,0.0
01/05/2000,0.0
02/05/2000,0.0
03/05/2000,0.0
04/05/2000,0.0
05/05/2000,0.0
06/05/2000,0.0
07/05/2000,0.0
08/05/2000,0.0
09/05/2000,0.0
10/05/2000,0.0
11/05/2000,0.0
12/05/2000,0.0
13/05/2000,0.0
14/05/2000,0.0
15/05/2000,0.0
16/05/2000,0.0
17/05/2000,0.0
18/05/2000,0.0
19/05/2000,0.0
20/05/2000,0.0
21/05/2000,0.0
22/05/2000,0.0
23/05/2000,0.0
24/05/2000,0.0
25/05/2000,0.0
26/05/2000,0.0
27/05/2000,0.0
28/05/2000,0.0
29/05/2000,0.0
30/05/2000,0.0
31/05/2000,0.0
01/06/2000,0.0
02/06/2000,0.0
03/06/2000,0.0
04/06/2000,0.0
05/06/2000,50.5
06/06/2000,0.0
07/06/2000,0.0
08/06/2000,0.0
09/06/2000,0.0
10/06/2000,0.0
11/06/2000,0.6
12/06/2000,0.0
13/06/2000,0.0
14/06/2000,0.0
15/06/2000,0.0
16/06/2000,0.0
17/06/2000,0.0
18/06/2000,0.0
19/06/2000,0.4
20/06/2000,0.0
21/06/2000,0.0
22/06/2000,0.0
23/06/2000,0.0
24/06/2000,0.0
25/06/2000,0.0
26/06/2000,0.0
27/06/2000,0.0
28/06/2000,0.0
29/06/2000,0.0
30/06/2000,0.0
01/07/2000,0.7
02/07/2000,0.6
03/07/2000,0.0
04/07/2000,0.0
05/07/2000,0.0
06/07/2000,0.0
07/07/2000,0.0
08/07/2000,0.0
09/07/2000,0.0
10/07/2000,0.0
11/07/2000,0.0
12/07/2000,0.0
13/07/2000,0.0
14/07/2000,0.0
15/07/2000,0.0
16/07/2000,0.0
17/07/2000,0.0
18/07/2000,0.0
19/07/2000,1.0
20/07/2000,0.0
26/07/2000,0.5
27/07/2000,0.0
28/07/2000,0.0
29/07/2000,0.0
30/07/2000,0.0
31/07/2000,0.0
01/08/2000,0.0
02/08/2000,0.0
03/08/2000,0.0
04/08/2000,0.4
05/08/2000,0.0
06/08/2000,49.7
07/08/2000,0.0
08/08/2000,0.0
09/08/2000,0.0
10/08/2000,0.0
11/08/2000,0.0
12/08/2000,0.0
13/08/2000,0.3
14/08/2000,0.0
15/08/2000,0.0
16/08/2000,0.0
17/08/2000,0.0
18/08/2000,0.0
19/08/2000,0.0
20/08/2000,0.4
21/08/2000,0.0
22/08/2000,0.0
23/08/2000,0.0
24/08/2000,0.0
25/08/2000,0.0
26/08/2000,0.7
27/08/2000,0.0
28/08/2000,0.0
29/08/2000,0.5
30/08/2000,0.0
31/08/2000,0.0
01/09/2000,0.0
02/09/2000,0.0
03/09/2000,0.0
04/09/2000,0.0
05/09/2000,0.0
06/09/2000,0.0
07/09/2000,0.6
08/09/2000,0.0
09/09/2000,0.0
10/09/2000,0.0
11/09/2000,0.0
12/09/2000,0.0
13/09/2000,0.0
14/09/2000,0.0
15/09/2000,0.3
16/09/2000,0.0
17/09/2000,0.7
18/09/2000,0.0
19/09/2000,0.0
20/09/2000,0.0
21/09/2000,0.0
22/09/2000,0.0
23/09/2000,0.0
24/09/2000,0.0
25/09/2000,0.6
23/11/2000,0.4
24/11/2000,0.0
25/11/2000,0.0
26/11/2000,0.0
27/11/2000,0.4
28/11/2000,0.0
29/11/2000,0.0
30/11/2000,0.0
01/12/2000,0.4
02/12/2000,0.0
03/12/2000,0.0
04/12/2000,0.0
05/12/2000,0.0
06/12/2000,0.0
07/12/2000,0.0
08/12/2000,0.0
09/12/2000,0.0
10/12/2000,0.0
11/12/2000,0.3
12/12/2000,0.5
13/12/2000,0.0
14/12/2000,8.7
15/12/2000,3.6
16/12/2000,17.8
17/12/2000,118.6
18/12/2000,69.3
19/12/2000,9.0
20/12/2000,7.9
21/12/2000,24.3
22/12/2000,14.3
23/12/2000,6.4
24/12/2000,0.5
25/12/2000,0.0
26/12/2000,0.0
27/12/2000,0.0
28/12/2000,2.8
29/12/2000,50.1
30/12/2000,20.0
31/12/2000,45.9
01/01/2001,89.0
02/01/2001,69.3
03/01/2001,32.3
04/01/2001,0.0
05/01/2001,0.0
06/01/2001,0.0
07/01/2001,0.0
08/01/2001,0.0
09/01/2001,0.0
10/01/2001,0.6
11/01/2001,0.0
12/01/2001,0.0
13/01/2001,79.1
14/01/2001,25.0
15/01/2001,41.3
16/01/2001,16.8
17/01/2001,143.3
18/01/2001,180.6
19/01/2001,11.4
20/01/2001,2.4
21/01/2001,5.3
29/01/2001,4.5
30/01/2001,2.5
31/01/2001,1.2
01/02/2001,0.0
02/02/2001,0.0
03/02/2001,0.0
04/02/2001,0.0
05/02/2001,5.1
06/02/2001,4.9
07/02/2001,0.0
08/02/2001,0.9
09/02/2001,1.8
10/02/2001,0.0
11/02/2001,0.0
12/02/2001,0.0
13/02/2001,0.5
14/02/2001,21.0
15/02/2001,5.4
16/02/2001,1.0
17/02/2001,0.0
18/02/2001,0.0
19/02/2001,0.0
20/02/2001,4.3
21/02/2001,0.0
22/02/2001,0.0
23/02/2001,0.0
24/02/2001,0.0
25/02/2001,0.0
26/02/2001,0.0
27/02/2001,0.0
28/02/2001,0.0
01/03/2001,0.0
02/03/2001,0.6
03/03/2001,0.0
04/03/2001,43.1
05/03/2001,78.4
06/03/2001,40.5
07/03/2001,26.0
08/03/2001,15.2
09/03/2001,2.4
10/03/2001,11.2
11/03/2001,35.9
12/03/2001,0.0
13/03/2001,0.9
14/03/2001,1.6
15/03/2001,5.8
16/03/2001,0.0
17/03/2001,1.5
18/03/2001,6.1
19/03/2001,0.0
20/03/2001,1.4
25/03/2001,59.1
26/03/2001,6.5
27/03/2001,15.7
28/03/2001,33.0
29/03/2001,37.2
30/03/2001,0.0
31/03/2001,4.2
01/04/2001,2.6
02/04/2001,1.9
03/04/2001,1.6
04/04/2001,0.0
05/04/2001,13.3
06/04/2001,0.0
07/04/2001,0.0
08/04/2001,0.0
09/04/2001,0.0
10/04/2001,0.0
11/04/2001,0.0
12/04/2001,44.5
13/04/2001,0.0
14/04/2001,0.0
15/04/2001,0.0
16/04/2001,0.5
17/04/2001,0.0
18/04/2001,0.0
19/04/2001,0.0
20/04/2001,0.0
21/04/2001,0.0
22/04/2001,0.0
23/04/2001,0.0
24/04/2001,0.4
25/04/2001,1.6
26/04/2001,0.0
27/04/2001,15.5
28/04/2001,0.0
29/04/2001,0.0
30/04/2001,0.0
01/05/2001,16.3
02/05/2001,21.7
03/05/2001,10.0
04/05/2001,0.0
05/05/2001,2.6
06/05/2001,5.1
07/05/2001,0.0
08/05/2001,0.0
09/05/2001,0.0
10/05/2001,34.7
11/05/2001,0.4
12/05/2001,0.2
13/05/2001,0.0
14/05/2001,0.8
15/05/2001,0.0
16/05/2001,0.0
17/05/2001,12.5
18/05/2001,9.6
19/05/2001,0.0
20/05/2001,3.1
21/05/2001,0.5
22/05/2001,4.8
23/05/2001,0.0
24/05/2001,9.2
25/05/2001,0.0
26/05/2001,9.7
27/05/2001,0.0
28/05/2001,55.4
29/05/2001,0.0
30/05/2001,0.0
31/05/2001,0.0
01/06/2001,18.1
02/06/2001,0.0
03/06/2001,11.9
04/06/2001,9.0
05/06/2001,0.3
06/06/2001,35.7
07/06/2001,0.0
08/06/2001,0.0
09/06/2001,0.0
10/06/2001,9.7
11/06/2001,0.6
12/06/2001,0.0
13/06/2001,0.0
14/06/2001,8.9
15/06/2001,1.2
16/06/2001,9.2
17/06/2001,0.0
18/06/2001,3.0
19/06/2001,30.6
20/06/2001,0.6
21/06/2001,7.5
22/06/2001,23.5
23/06/2001,0.0
24/06/2001,0.0
25/06/2001,0.0
26/06/2001,0.0
27/06/2001,0.0
28/06/2001,0.0
29/06/2001,0.0
30/06/2001,0.0
01/07/2001,1.1
02/07/2001,0.0
03/07/2001,0.0
04/07/2001,0.0
05/07/2001,0.0
06/07/2001,0.0
07/07/2001,0.0
08/07/2001,0.0
09/07/2001,0.0
10/07/2001,0.0
11/07/2001,0.0
12/07/2001,0.0
13/07/2001,0.0
14/07/2001,0.0
15/07/2001,0.6
16/07/2001,0.0
17/07/2001,0.0
18/07/2001,0.0
19/07/2001,0.0
20/07/2001,0.0
21/07/2001,0.0
22/07/2001,0.4
23/07/2001,0.0
24/07/2001,0.0
25/07/2001,0.0
26/07/2001,0.0
27/07/2001,10.1
28/07/2001,35.1
29/07/2001,0.0
30/07/2001,39.6
31/07/2001,16.6
01/08/2001,9.1
02/08/2001,7.4
03/08/2001,32.4
04/08/2001,0.0
05/08/2001,0.0
06/08/2001,0.0
07/08/2001,0.0
08/08/2001,110.7
09/08/2001,25.5
10/08/2001,20.1
11/08/2001,0.0
12/08/2001,5.2
13/08/2001,0.0
14/08/2001,0.0
15/08/2001,0.0
16/08/2001,0.0
17/08/2001,0.0
18/08/2001,0.0
19/08/2001,0.0
20/08/2001,0.0
21/08/2001,0.0
22/08/2001,0.0
23/08/2001,0.0
24/08/2001,3.6
25/08/2001,2.0
26/08/2001,0.0
27/08/2001,0.0
28/08/2001,0.0
29/08/2001,0.0
30/08/2001,0.0
31/08/2001,0.0
01/09/2001,0.0
02/09/2001,0.0
03/09/2001,0.0
04/09/2001,0.0
05/09/2001,0.0
06/09/2001,0.0
07/09/2001,0.0
08/09/2001,0.0
09/09/2001,0.0
10/09/2001,0.8
11/09/2001,0.0
12/09/2001,0.0
13/09/2001,0.0
14/09/2001,0.0
15/09/2001,0.0
16/09/2001,0.0
17/09/2001,78.8
18/09/2001,16.9
19/09/2001,0.0
20/09/2001,0.0
21/09/2001,0.0
22/09/2001,54.1
23/09/2001,24.1
24/09/2001,0.0
25/09/2001,0.0
26/09/2001,1.0
27/09/2001,19.0
28/09/2001,50.7
29/09/2001,1.0
30/09/2001,0.0
01/10/2001,0.6
02/10/2001,0.7
03/10/2001,2.6
04/10/2001,0.0
05/10/2001,10.4
06/10/2001,0.6
07/10/2001,1.3
08/10/2001,4.5
09/10/2001,0.0
10/10/2001,0.0
11/10/2001,0.0
12/10/2001,0.0
13/10/2001,0.0
14/10/2001,0.0
15/10/2001,0.0
16/10/2001,0.0
17/10/2001,23.2
18/10/2001,9.4
19/10/2001,5.0
20/10/2001,2.8
21/10/2001,53.3
22/10/2001,2.7
23/10/2001,29.8
24/10/2001,13.7
25/10/2001,14.4
26/10/2001,2.0
27/10/2001,0.0
28/10/2001,3.7
29/10/2001,28.6
30/10/2001,7.2
31/10/2001,12.5
01/11/2001,3.4
02/11/2001,22.4
03/11/2001,1.0
04/11/2001,0.0
05/11/2001,14.7
06/11/2001,14.7
07/11/2001,0.0
08/11/2001,0.0
09/11/2001,0.0
10/11/2001,0.0
11/11/2001,17.6
12/11/2001,5.5
13/11/2001,0.0
14/11/2001,0.0
15/11/2001,0.0
16/11/2001,0.0
17/11/2001,9.7
18/11/2001,32.4
19/11/2001,0.0
20/11/2001,0.0
21/11/2001,0.0
22/11/2001,12.9
23/11/2001,0.0
24/11/2001,0.0
25/11/2001,0.0
26/11/2001,0.0
27/11/2001,0.0
28/11/2001,0.0
29/11/2001,0.0
30/11/2001,0.0
01/12/2001,40.7
02/12/2001,2.6
03/12/2001,1.9
04/12/2001,0.0
05/12/2001,3.1
06/12/2001,7.1
07/12/2001,4.0
08/12/2001,2.7
09/12/2001,98.4
10/12/2001,125.3
11/12/2001,13.0
12/12/2001,22.4
13/12/2001,0.0
14/12/2001,28.2
15/12/2001,0.7
16/12/2001,75.0
17/12/2001,5.1
18/12/2001,15.3
19/12/2001,47.5
20/12/2001,2.9
21/12/2001,41.8
22/12/2001,74.8
23/12/2001,206.6
24/12/2001,49.9
25/12/2001,25.6
26/12/2001,63.9
27/12/2001,25.9
28/12/2001,16.5
29/12/2001,10.1
30/12/2001,16.5
31/12/2001,6.7
01/01/2002,2.4
02/01/2002,0.0
03/01/2002,0.0
04/01/2002,1.8
05/01/2002,3.0
06/01/2002,12.1
07/01/2002,6.4
08/01/2002,4.4
09/01/2002,5.2
10/01/2002,8.7
11/01/2002,10.0
12/01/2002,3.5
13/01/2002,0.6
14/01/2002,0.0
15/01/2002,3.4
16/01/2002,9.2
17/01/2002,1.5
18/01/2002,0.0
19/01/2002,0.0
20/01/2002,0.0
21/01/2002,0.0
22/01/2002,2.4
23/01/2002,0.0
24/01/2002,4.5
25/01/2002,0.0
26/01/2002,0.0
27/01/2002,0.0
28/01/2002,0.0
29/01/2002,0.0
30/01/2002,7.8
31/01/2002,0.0
01/02/2002,0.0
02/02/2002,0.5
03/02/2002,0.0
04/02/2002,0.0
05/02/2002,0.0
06/02/2002,0.0
07/02/2002,0.0
08/02/2002,0.0
09/02/2002,0.0
10/02/2002,0.0
11/02/2002,0.6
12/02/2002,0.0
13/02/2002,2.1
14/02/2002,0.0
15/02/2002,0.0
16/02/2002,0.0
17/02/2002,0.0
18/02/2002,0.0
19/02/2002,0.0
20/02/2002,0.0
21/02/2002,3.1
22/02/2002,0.9
23/02/2002,0.0
24/02/2002,0.0
25/02/2002,0.0
26/02/2002,0.0
27/02/2002,0.0
28/02/2002,0.7
01/03/2002,0.0
02/03/2002,0.0
03/03/2002,0.0
04/03/2002,0.0
05/03/2002,0.0
06/03/2002,0.0
07/03/2002,0.0
08/03/2002,0.0
09/03/2002,1.2
10/03/2002,12.3
11/03/2002,0.2
12/03/2002,0.0
13/03/2002,0.0
14/03/2002,0.0
15/03/2002,0.0
16/03/2002,0.0
17/03/2002,0.0
18/03/2002,0.0
19/03/2002,5.0
20/03/2002,146.5
21/03/2002,4.3
22/03/2002,0.9
23/03/2002,0.0
24/03/2002,0.0
25/03/2002,2.3
26/03/2002,0.0
27/03/2002,0.0
28/03/2002,0.0
29/03/2002,0.0
30/03/2002,0.0
31/03/2002,0.0
01/04/2002,0.0
02/04/2002,0.0
03/04/2002,0.0
04/04/2002,0.0
05/04/2002,0.0
06/04/2002,0.0
07/04/2002,0.0
08/04/2002,0.0
09/04/2002,1.6
10/04/2002,0.0
11/04/2002,0.0
12/04/2002,2.5
13/04/2002,17.8
14/04/2002,6.3
15/04/2002,0.0
16/04/2002,0.0
17/04/2002,0.0
18/04/2002,0.0
19/04/2002,0.0
20/04/2002,0.0
21/04/2002,10.1
22/04/2002,0.0
23/04/2002,0.3
24/04/2002,4.1
25/04/2002,0.7
26/04/2002,0.0
27/04/2002,2.0
28/04/2002,9.0
29/04/2002,12.6
30/04/2002,2.4
01/05/2002,6.6
02/05/2002,0.0
03/05/2002,2.2
04/05/2002,0.0
05/05/2002,3.9
06/05/2002,6.4
07/05/2002,0.4
08/05/2002,1.1
09/05/2002,0.0
10/05/2002,0.0
11/05/2002,0.0
12/05/2002,9.7
13/05/2002,5.4
14/05/2002,0.0
15/05/2002,0.0
16/05/2002,0.0
17/05/2002,0.0
18/05/2002,20.7
19/05/2002,0.0
20/05/2002,8.4
21/05/2002,24.4
22/05/2002,1.8
23/05/2002,0.0
24/05/2002,1.6
25/05/2002,1.3
26/05/2002,17.2
27/05/2002,7.9
28/05/2002,1.3
29/05/2002,0.0
30/05/2002,0.0
31/05/2002,0.0
01/06/2002,0.0
02/06/2002,0.0
03/06/2002,0.0
04/06/2002,0.0
05/06/2002,0.0
06/06/2002,0.0
07/06/2002,4.4
08/06/2002,10.6
09/06/2002,5.6
10/06/2002,0.0
11/06/2002,7.3
12/06/2002,0.7
13/06/2002,0.0
14/06/2002,0.0
15/06/2002,0.0
16/06/2002,10.2
17/06/2002,0.0
18/06/2002,0.0
19/06/2002,3.7
20/06/2002,0.0
21/06/2002,0.0
22/06/2002,0.0
23/06/2002,0.0
24/06/2002,16.5
25/06/2002,16.5
26/06/2002,0.0
27/06/2002,0.0
28/06/2002,0.0
29/06/2002,45.1
30/06/2002,39.4
01/07/2002,4.4
02/07/2002,1.8
03/07/2002,0.0
04/07/2002,0.0
05/07/2002,0.0
06/07/2002,0.0
07/07/2002,0.0
08/07/2002,0.0
09/07/2002,43.1
10/07/2002,2.8
11/07/2002,0.0
12/07/2002,0.0
13/07/2002,3.9
14/07/2002,0.8
15/07/2002,0.0
16/07/2002,0.0
17/07/2002,9.6
18/07/2002,15.4
19/07/2002,0.5
20/07/2002,0.0
21/07/2002,42.9
22/07/2002,0.9
23/07/2002,0.0
24/07/2002,0.2
25/07/2002,0.0
26/07/2002,0.0
27/07/2002,15.1
28/07/2002,5.1
29/07/2002,0.5
30/07/2002,0.0
31/07/2002,0.0
01/08/2002,0.0
02/08/2002,13.6
03/08/2002,1.0
04/08/2002,2.5
05/08/2002,0.0
06/08/2002,0.2
07/08/2002,0.0
08/08/2002,3.1
09/08/2002,6.4
10/08/2002,8.8
11/08/2002,5.4
12/08/2002,3.1
13/08/2002,0.5
14/08/2002,0.0
15/08/2002,0.0
16/08/2002,0.0
17/08/2002,0.0
18/08/2002,0.0
19/08/2002,0.0
20/08/2002,0.0
21/08/2002,28.3
22/08/2002,22.2
23/08/2002,32.6
24/08/2002,0.0
25/08/2002,0.0
26/08/2002,12.7
27/08/2002,26.9
28/08/2002,0.6
29/08/2002,4.0
30/08/2002,43.2
31/08/2002,4.0
01/09/2002,20.6
02/09/2002,0.0
03/09/2002,3.8
04/09/2002,20.9
05/09/2002,0.0
06/09/2002,0.0
07/09/2002,2.6
08/09/2002,40.5
09/09/2002,2.5
10/09/2002,24.6
11/09/2002,4.4
12/09/2002,0.0
13/09/2002,6.2
14/09/2002,0.4
15/09/2002,3.2
16/09/2002,17.8
17/09/2002,14.7
18/09/2002,1.5
19/09/2002,0.0
20/09/2002,1.6
21/09/2002,47.1
22/09/2002,22.2
23/09/2002,1.5
24/09/2002,8.2
25/09/2002,0.0
26/09/2002,1.7
27/09/2002,1.6
28/09/2002,48.6
29/09/2002,0.0
30/09/2002,32.3
01/10/2002,0.0
02/10/2002,27.7
03/10/2002,1.3
04/10/2002,29.6
05/10/2002,23.5
06/10/2002,6.6
07/10/2002,1.0
08/10/2002,145.8
09/10/2002,56.2
10/10/2002,12.8
11/10/2002,0.0
12/10/2002,0.0
13/10/2002,0.0
14/10/2002,44.3
15/10/2002,0.0
16/10/2002,16.5
17/10/2002,0.0
18/10/2002,34.5
19/10/2002,0.0
20/10/2002,2.9
21/10/2002,1.8
22/10/2002,0.0
23/10/2002,0.0
24/10/2002,3.7
25/10/2002,31.8
26/10/2002,2.2
27/10/2002,11.4
28/10/2002,0.0
29/10/2002,0.6
30/10/2002,0.0
31/10/2002,0.0
01/11/2002,0.0
02/11/2002,0.0
03/11/2002,32.4
04/11/2002,8.9
05/11/2002,6.2
06/11/2002,4.8
07/11/2002,0.0
08/11/2002,45.9
09/11/2002,6.7
10/11/2002,3.0
11/11/2002,0.0
12/11/2002,0.0
13/11/2002,0.0
14/11/2002,5.0
15/11/2002,0.0
16/11/2002,0.0
17/11/2002,0.0
18/11/2002,23.9
19/11/2002,53.6
20/11/2002,15.8
21/11/2002,0.0
22/11/2002,5.2
23/11/2002,0.6
24/11/2002,13.8
25/11/2002,17.9
26/11/2002,0.0
27/11/2002,0.4
28/11/2002,9.5
29/11/2002,0.0
30/11/2002,0.0
01/12/2002,28.0
02/12/2002,0.6
03/12/2002,1.5
04/12/2002,0.0
05/12/2002,1.3
06/12/2002,18.5
07/12/2002,0.0
08/12/2002,3.0
09/12/2002,27.4
10/12/2002,17.4
11/12/2002,57.6
12/12/2002,2.0
13/12/2002,79.8
14/12/2002,100.1
15/12/2002,1.5
16/12/2002,1.0
17/12/2002,8.0
18/12/2002,1.3
19/12/2002,16.7
20/12/2002,0.7
21/12/2002,60.2
22/12/2002,0.0
23/12/2002,0.9
24/12/2002,51.0
25/12/2002,13.9
26/12/2002,143.3
27/12/2002,3.3
28/12/2002,7.8
29/12/2002,2.4
30/12/2002,9.1
31/12/2002,26.5
01/01/2003,41.0
02/01/2003,19.5
03/01/2003,41.1
04/01/2003,7.0
05/01/2003,29.9
06/01/2003,1.8
07/01/2003,19.2
08/01/2003,3.6
09/01/2003,1.2
10/01/2003,0.0
11/01/2003,0.0
12/01/2003,0.0
13/01/2003,2.7
14/01/2003,17.5
15/01/2003,1.1
16/01/2003,0.0
17/01/2003,1.7
18/01/2003,17.9
19/01/2003,2.6
20/01/2003,8.2
21/01/2003,5.1
22/01/2003,14.6
23/01/2003,7.8
24/01/2003,0.0
25/01/2003,0.5
26/01/2003,0.0
27/01/2003,0.0
28/01/2003,1.9
29/01/2003,0.5
30/01/2003,40.2
31/01/2003,44.3
01/02/2003,6.8
02/02/2003,4.5
03/02/2003,1.3
04/02/2003,0.8
05/02/2003,1.1
06/02/2003,2.3
07/02/2003,0.9
08/02/2003,0.0
09/02/2003,1.1
10/02/2003,15.6
11/02/2003,0.0
12/02/2003,6.1
13/02/2003,6.5
14/02/2003,13.1
15/02/2003,86.4
16/02/2003,4.3
17/02/2003,6.6
18/02/2003,0.0
19/02/2003,0.0
20/02/2003,0.0
21/02/2003,0.0
22/02/2003,0.0
23/02/2003,0.0
24/02/2003,0.0
25/02/2003,0.0
26/02/2003,0.0
27/02/2003,0.0
28/02/2003,0.0
01/03/2003,0.0
02/03/2003,0.0
03/03/2003,0.0
04/03/2003,2.0
05/03/2003,0.0
06/03/2003,0.0
07/03/2003,0.0
08/03/2003,0.0
09/03/2003,2.9
10/03/2003,58.3
11/03/2003,9.9
12/03/2003,8.3
13/03/2003,6.6
14/03/2003,0.7
15/03/2003,2.6
16/03/2003,0.0
17/03/2003,0.0
18/03/2003,0.0
19/03/2003,0.0
20/03/2003,2.4
21/03/2003,0.9
22/03/2003,14.7
23/03/2003,0.4
24/03/2003,11.2
25/03/2003,29.3
26/03/2003,11.2
27/03/2003,15.8
28/03/2003,0.5
29/03/2003,3.6
30/03/2003,0.0
31/03/2003,17.0
01/04/2003,9.2
02/04/2003,0.0
03/04/2003,0.0
04/04/2003,3.8
05/04/2003,0.0
06/04/2003,0.0
07/04/2003,0.0
08/04/2003,0.0
09/04/2003,0.0
10/04/2003,2.8
11/04/2003,2.7
12/04/2003,0.5
13/04/2003,0.0
14/04/2003,0.0
15/04/2003,0.0
16/04/2003,2.2
17/04/2003,0.7
18/04/2003,0.0
19/04/2003,0.0
20/04/2003,0.0
21/04/2003,3.6
22/04/2003,0.0
23/04/2003,0.0
24/04/2003,0.0
25/04/2003,0.0
26/04/2003,0.0
27/04/2003,0.0
28/04/2003,0.0
29/04/2003,0.0
30/04/2003,0.0
01/05/2003,0.6
02/05/2003,0.0
03/05/2003,0.0
04/05/2003,0.0
05/05/2003,26.9
06/05/2003,0.0
07/05/2003,0.0
08/05/2003,0.0
09/05/2003,0.0
10/05/2003,0.0
11/05/2003,0.0
12/05/2003,0.0
13/05/2003,0.0
14/05/2003,0.0
15/05/2003,0.0
16/05/2003,0.0
17/05/2003,0.0
18/05/2003,0.0
19/05/2003,0.0
20/05/2003,0.0
21/05/2003,0.0
22/05/2003,0.0
23/05/2003,0.0
24/05/2003,0.0
25/05/2003,0.0
26/05/2003,0.0
27/05/2003,0.0
28/05/2003,0.0
29/05/2003,3.9
30/05/2003,14.2
31/05/2003,0.0
01/06/2003,1.4
02/06/2003,0.0
03/06/2003,0.0
04/06/2003,0.0
05/06/2003,0.0
06/06/2003,5.5
07/06/2003,0.0
08/06/2003,0.0
09/06/2003,0.0
10/06/2003,99.6
11/06/2003,0.0
12/06/2003,0.0
13/06/2003,5.7
14/06/2003,0.0
15/06/2003,46.9
16/06/2003,2.7
17/06/2003,7.0
18/06/2003,0.0
19/06/2003,0.0
20/06/2003,0.0
21/06/2003,0.0
22/06/2003,0.0
23/06/2003,0.0
24/06/2003,0.0
25/06/2003,0.0
26/06/2003,0.0
27/06/2003,0.0
28/06/2003,0.0
29/06/2003,1.0
30/06/2003,0.0
01/07/2003,0.0
02/07/2003,0.0
03/07/2003,6.1
04/07/2003,43.5
05/07/2003,0.0
06/07/2003,1.2
07/07/2003,0.0
08/07/2003,0.0
09/07/2003,0.0
10/07/2003,20.7
11/07/2003,0.3
12/07/2003,0.6
13/07/2003,30.6
14/07/2003,0.7
15/07/2003,0.0
16/07/2003,0.0
17/07/2003,19.5
18/07/2003,0.0
19/07/2003,25.3
20/07/2003,9.2
21/07/2003,0.5
22/07/2003,0.0
23/07/2003,0.0
24/07/2003,0.0
25/07/2003,0.0
26/07/2003,0.0
27/07/2003,13.4
28/07/2003,8.3
29/07/2003,0.0
30/07/2003,0.0
31/07/2003,0.0
01/08/2003,8.3
02/08/2003,3.2
03/08/2003,1.1
04/08/2003,0.0
05/08/2003,0.0
06/08/2003,0.0
07/08/2003,0.0
08/08/2003,0.0
09/08/2003,0.0
10/08/2003,0.9
11/08/2003,9.9
12/08/2003,0.7
13/08/2003,9.0
14/08/2003,0.0
15/08/2003,0.0
16/08/2003,16.7
17/08/2003,0.0
18/08/2003,0.5
19/08/2003,7.8
20/08/2003,0.0
21/08/2003,0.0
22/08/2003,0.0
23/08/2003,9.0
24/08/2003,10.9
25/08/2003,22.7
26/08/2003,23.0
27/08/2003,0.0
28/08/2003,0.0
29/08/2003,0.0
30/08/2003,0.0
31/08/2003,0.0
01/09/2003,65.1
02/09/2003,45.4
03/09/2003,0.0
04/09/2003,0.0
05/09/2003,0.0
06/09/2003,0.0
07/09/2003,0.0
08/09/2003,0.0
09/09/2003,11.5
10/09/2003,16.6
11/09/2003,0.8
12/09/2003,7.4
13/09/2003,0.0
14/09/2003,0.0
15/09/2003,27.9
16/09/2003,0.8
17/09/2003,26.0
18/09/2003,0.0
19/09/2003,0.0
20/09/2003,0.0
21/09/2003,0.0
22/09/2003,0.0
23/09/2003,37.3
24/09/2003,0.0
25/09/2003,35.7
26/09/2003,12.4
27/09/2003,45.3
28/09/2003,0.3
29/09/2003,9.9
30/09/2003,1.7
01/10/2003,0.0
02/10/2003,39.6
03/10/2003,75.1
04/10/2003,9.2
05/10/2003,22.7
06/10/2003,1.6
07/10/2003,18.1
08/10/2003,4.3
09/10/2003,1.3
10/10/2003,2.5
11/10/2003,12.1
12/10/2003,58.4
13/10/2003,25.5
14/10/2003,75.5
15/10/2003,5.5
16/10/2003,16.9
17/10/2003,63.5
18/10/2003,0.9
19/10/2003,0.4
20/10/2003,0.0
21/10/2003,0.0
22/10/2003,1.2
23/10/2003,1.0
24/10/2003,0.0
25/10/2003,11.6
26/10/2003,12.1
27/10/2003,1.3
28/10/2003,0.0
29/10/2003,0.0
30/10/2003,0.0
31/10/2003,0.0
01/11/2003,0.0
02/11/2003,0.0
03/11/2003,0.6
04/11/2003,14.0
05/11/2003,80.4
06/11/2003,62.1
07/11/2003,55.3
08/11/2003,7.5
09/11/2003,13.7
10/11/2003,0.0
11/11/2003,9.9
12/11/2003,0.0
13/11/2003,0.5
14/11/2003,0.7
15/11/2003,7.0
16/11/2003,66.6
17/11/2003,62.7
18/11/2003,8.1
19/11/2003,42.7
20/11/2003,16.5
21/11/2003,36.2
22/11/2003,5.4
23/11/2003,68.3
24/11/2003,1.4
25/11/2003,7.0
26/11/2003,16.1
27/11/2003,89.1
28/11/2003,39.9
29/11/2003,23.1
30/11/2003,0.0
01/12/2003,0.0
02/12/2003,0.4
03/12/2003,2.9
04/12/2003,0.0
05/12/2003,0.0
06/12/2003,0.0
07/12/2003,5.2
08/12/2003,0.8
09/12/2003,0.0
10/12/2003,0.0
11/12/2003,3.0
12/12/2003,14.1
13/12/2003,7.5
14/12/2003,26.9
15/12/2003,5.7
16/12/2003,0.9
17/12/2003,1.0
18/12/2003,0.3
19/12/2003,15.2
20/12/2003,0.7
21/12/2003,0.0
22/12/2003,0.0
23/12/2003,0.0
24/12/2003,0.9
25/12/2003,0.0
26/12/2003,0.0
27/12/2003,0.2
28/12/2003,6.0
29/12/2003,2.7
30/12/2003,2.5
31/12/2003,0.5
01/01/2004,0.0
02/01/2004,9.0
03/01/2004,6.3
04/01/2004,1.8
05/01/2004,1.1
06/01/2004,0.8
07/01/2004,1.6
08/01/2004,41.5
09/01/2004,6.1
10/01/2004,3.7
11/01/2004,2.1
12/01/2004,0.9
13/01/2004,0.3
14/01/2004,0.0
15/01/2004,0.0
16/01/2004,1.0
17/01/2004,1.5
18/01/2004,0.0
19/01/2004,0.0
20/01/2004,0.0
21/01/2004,0.0
22/01/2004,0.0
23/01/2004,3.3
24/01/2004,2.3
25/01/2004,0.6
26/01/2004,3.6
27/01/2004,9.5
28/01/2004,27.5
29/01/2004,11.2
30/01/2004,5.9
31/01/2004,1.1
01/02/2004,0.0
02/02/2004,18.4
03/02/2004,1.8
04/02/2004,0.0
05/02/2004,0.0
06/02/2004,0.3
07/02/2004,1.3
08/02/2004,0.0
09/02/2004,0.0
10/02/2004,0.6
11/02/2004,3.3
12/02/2004,0.6
13/02/2004,3.3
14/02/2004,2.2
15/02/2004,0.7
16/02/2004,0.0
17/02/2004,0.0
18/02/2004,0.0
19/02/2004,0.0
20/02/2004,0.0
21/02/2004,0.0
22/02/2004,0.0
23/02/2004,0.0
24/02/2004,0.0
25/03/2004,0.0
26/03/2004,0.0
27/03/2004,0.0
28/03/2004,0.0
29/03/2004,0.0
30/03/2004,0.0
31/03/2004,0.0
01/04/2004,0.0
02/04/2004,0.0
03/04/2004,0.0
04/04/2004,0.0
05/04/2004,0.0
06/04/2004,0.0
07/04/2004,0.0
08/04/2004,0.0
09/04/2004,0.0
10/04/2004,0.0
11/04/2004,0.0
12/04/2004,0.0
13/04/2004,0.0
14/04/2004,0.0
15/04/2004,0.0
16/04/2004,0.8
17/04/2004,0.0
18/04/2004,0.0
19/04/2004,11.8
20/04/2004,0.0
21/04/2004,0.0
22/04/2004,0.0
23/04/2004,0.0
24/04/2004,0.0
25/04/2004,0.0
26/04/2004,0.0
27/04/2004,0.0
28/04/2004,0.0
29/04/2004,49.0
30/04/2004,0.0
01/05/2004,0.0
02/05/2004,0.0
03/05/2004,0.0
04/05/2004,0.0
05/05/2004,74.5
06/05/2004,1.2
07/05/2004,23.5
08/05/2004,0.0
09/05/2004,0.0
10/05/2004,9.0
11/05/2004,0.0
12/05/2004,0.0
13/05/2004,0.0
14/05/2004,0.0
15/05/2004,0.0
16/05/2004,0.0
17/05/2004,0.0
18/05/2004,22.5
19/05/2004,0.0
20/05/2004,0.0
21/05/2004,24.5
22/05/2004,3.3
23/05/2004,0.9
24/05/2004,0.7
25/05/2004,45.5
26/05/2004,0.0
27/05/2004,7.3
28/05/2004,0.0
29/05/2004,0.0
30/05/2004,0.0
31/05/2004,0.0
01/06/2004,3.1
02/06/2004,9.5
03/06/2004,0.0
04/06/2004,0.0
05/06/2004,0.4
06/06/2004,7.3
07/06/2004,3.0
08/06/2004,0.0
09/06/2004,2.1
10/06/2004,0.0
11/06/2004,0.0
12/06/2004,26.6
13/06/2004,0.0
14/06/2004,0.0
15/06/2004,0.0
16/06/2004,0.0
17/06/2004,0.0
18/06/2004,0.0
19/06/2004,0.0
20/06/2004,0.0
21/06/2004,15.9
22/06/2004,0.0
23/06/2004,0.0
24/06/2004,0.0
25/06/2004,10.4
26/06/2004,0.0
27/06/2004,0.0
28/06/2004,8.3
29/06/2004,10.6
30/06/2004,0.0
01/07/2004,0.0
02/07/2004,0.0
03/07/2004,0.0
04/07/2004,0.8
05/07/2004,0.0
06/07/2004,0.0
07/07/2004,0.0
08/07/2004,0.0
09/07/2004,0.0
10/07/2004,10.0
11/07/2004,0.0
12/07/2004,44.8
13/07/2004,0.0
14/07/2004,8.7
15/07/2004,42.5
16/07/2004,25.5
17/07/2004,0.0
18/07/2004,0.0
19/07/2004,3.0
20/07/2004,0.9
21/07/2004,0.0
22/07/2004,0.0
23/07/2004,0.0
24/07/2004,0.7
25/07/2004,0.3
26/07/2004,2.0
27/07/2004,1.2
28/07/2004,30.2
29/07/2004,24.6
30/07/2004,0.0
31/07/2004,0.0
01/08/2004,23.6
02/08/2004,0.0
03/08/2004,0.0
04/08/2004,0.0
05/08/2004,0.0
06/08/2004,0.0
07/08/2004,0.0
08/08/2004,0.0
09/08/2004,0.0
10/08/2004,0.0
11/08/2004,0.0
12/08/2004,0.0
13/08/2004,0.0
14/08/2004,0.0
15/08/2004,36.6
16/08/2004,1.6
17/08/2004,13.1
18/08/2004,1.2
19/08/2004,6.1
20/08/2004,4.7
21/08/2004,1.1
22/08/2004,0.0
23/08/2004,11.2
24/08/2004,34.5
25/08/2004,20.0
26/08/2004,0.0
27/08/2004,17.3
28/08/2004,5.1
29/08/2004,0.0
30/08/2004,0.0
31/08/2004,0.0
01/09/2004,0.0
02/09/2004,0.0
03/09/2004,0.0
04/09/2004,0.0
05/09/2004,8.6
06/09/2004,4.7
07/09/2004,0.0
08/09/2004,0.0
09/09/2004,0.0
10/09/2004,0.4
11/09/2004,0.0
12/09/2004,0.0
13/09/2004,75.5
14/09/2004,1.8
15/09/2004,0.0
16/09/2004,49.9
17/09/2004,15.9
18/09/2004,20.1
19/09/2004,22.1
20/09/2004,0.0
21/09/2004,10.2
22/09/2004,1.0
23/09/2004,28.2
24/09/2004,1.1
25/09/2004,12.5
26/09/2004,28.7
27/09/2004,6.7
28/09/2004,0.0
29/09/2004,23.0
30/09/2004,4.6
01/10/2004,0.0
02/10/2004,13.6
03/10/2004,28.6
04/10/2004,102.2
05/10/2004,32.2
06/10/2004,7.9
07/10/2004,6.0
08/10/2004,8.7
09/10/2004,0.0
10/10/2004,3.5
11/10/2004,0.0
12/10/2004,3.4
13/10/2004,62.3
14/10/2004,4.6
15/10/2004,0.0
16/10/2004,0.0
17/10/2004,0.0
18/10/2004,14.6
19/10/2004,63.4
20/10/2004,3.4
21/10/2004,23.5
22/10/2004,9.0
23/10/2004,10.7
24/10/2004,5.8
25/10/2004,73.6
26/10/2004,48.9
27/10/2004,77.4
28/10/2004,17.4
29/10/2004,35.7
30/10/2004,45.7
31/10/2004,7.0
01/11/2004,88.7
02/11/2004,0.0
03/11/2004,2.6
04/11/2004,45.6
05/11/2004,40.9
06/11/2004,8.6
07/11/2004,0.0
08/11/2004,10.9
09/11/2004,5.3
10/11/2004,1.2
11/11/2004,5.3
12/11/2004,28.4
13/11/2004,47.4
14/11/2004,4.4
15/11/2004,7.5
16/11/2004,14.0
17/11/2004,0.0
18/11/2004,19.8
19/11/2004,9.9
20/11/2004,0.0
21/11/2004,17.5
22/11/2004,5.8
23/11/2004,0.7
24/11/2004,0.0
25/11/2004,0.0
26/11/2004,2.4
27/11/2004,12.1
28/11/2004,74.6
29/11/2004,53.4
30/11/2004,13.3
01/12/2004,3.0
02/12/2004,0.0
03/12/2004,0.0
04/12/2004,0.0
05/12/2004,0.8
06/12/2004,4.9
07/12/2004,87.6
08/12/2004,141.1
09/12/2004,43.1
10/12/2004,105.6
11/12/2004,0.0
12/12/2004,22.8
13/12/2004,1.3
14/12/2004,0.0
15/12/2004,0.0
16/12/2004,25.0
17/12/2004,2.2
18/12/2004,0.0
19/12/2004,0.0
20/12/2004,0.0
21/12/2004,0.0
22/12/2004,0.0
23/12/2004,0.0
24/12/2004,0.0
25/12/2004,4.4
26/12/2004,1.3
27/12/2004,0.0
28/12/2004,24.1
29/12/2004,64.4
30/12/2004,53.1
31/12/2004,21.9
01/01/2005,15.3
20/09/2006,25.5
21/09/2006,7.0
22/09/2006,1.5
23/09/2006,6.5
24/09/2006,23.0
25/09/2006,46.0
26/09/2006,24.5
27/09/2006,18.0
28/09/2006,20.5
29/09/2006,3.5
30/09/2006,0.0
01/10/2006,0.0
02/10/2006,2.2
03/10/2006,0.3
04/10/2006,15.3
05/10/2006,2.7
06/10/2006,0.0
07/10/2006,0.0
08/10/2006,39.5
09/10/2006,0.0
10/10/2006,6.0
11/10/2006,77.5
12/10/2006,21.8
13/10/2006,0.7
14/10/2006,17.5
15/10/2006,0.0
16/10/2006,4.5
17/10/2006,0.0
18/10/2006,0.0
19/10/2006,1.0
20/10/2006,10.1
21/10/2006,18.9
22/10/2006,0.5
23/10/2006,4.1
24/10/2006,12.8
25/10/2006,13.6
26/10/2006,0.0
27/10/2006,0.0
28/10/2006,0.0
29/10/2006,0.5
30/10/2006,38.5
31/10/2006,1.0
01/11/2006,1.7
02/11/2006,2.8
03/11/2006,4.3
04/11/2006,2.7
05/11/2006,0.0
06/11/2006,5.5
07/11/2006,1.5
08/11/2006,7.0
09/11/2006,1.5
10/11/2006,23.4
11/11/2006,14.5
12/11/2006,10.8
13/11/2006,36.3
14/11/2006,0.5
15/11/2006,0.3
16/11/2006,4.4
17/11/2006,22.5
18/11/2006,25.6
19/11/2006,10.8
20/11/2006,8.0
21/11/2006,1.0
22/11/2006,6.5
23/11/2006,8.3
24/11/2006,4.1
25/11/2006,3.6
26/11/2006,3.0
27/11/2006,0.5
28/11/2006,11.5
29/11/2006,2.9
30/11/2006,26.1
01/12/2006,20.3
02/12/2006,23.7
03/12/2006,1.0
04/12/2006,0.0
05/12/2006,0.0
06/12/2006,0.0
07/12/2006,20.4
08/12/2006,65.5
09/12/2006,3.1
10/12/2006,2.9
11/12/2006,34.5
12/12/2006,23.6
13/12/2006,0.0
14/12/2006,0.4
15/12/2006,29.5
16/12/2006,8.5
17/12/2006,64.8
18/12/2006,37.7
19/12/2006,80.8
20/12/2006,53.0
21/12/2006,49.7
22/12/2006,3.1
23/12/2006,0.0
24/12/2006,0.5
25/12/2006,1.5
26/12/2006,28.4
27/12/2006,4.6
28/12/2006,3.2
29/12/2006,0.3
30/12/2006,0.5
31/12/2006,0.0
01/01/2007,6.9
02/01/2007,25.1
03/01/2007,0.0
04/01/2007,0.0
05/01/2007,4.5
06/01/2007,12.3
07/01/2007,424.5
08/01/2007,24.6
09/01/2007,7.5
10/01/2007,20.2
11/01/2007,22.5
12/01/2007,11.6
13/01/2007,17.0
14/01/2007,19.6
15/01/2007,11.5
16/01/2007,7.4
17/01/2007,5.6
18/01/2007,7.7
19/01/2007,23.4
20/01/2007,23.6
21/01/2007,0.7
22/01/2007,3.6
23/01/2007,0.5
24/01/2007,0.0
25/01/2007,1.2
26/01/2007,19.9
27/01/2007,5.8
28/01/2007,0.2
29/01/2007,0.0
30/01/2007,1.0
31/01/2007,0.0
01/02/2007,0.0
02/02/2007,0.5
03/02/2007,1.0
04/02/2007,0.5
05/02/2007,1.8
06/02/2007,1.2
07/02/2007,1.0
08/02/2007,0.0
09/02/2007,0.0
10/02/2007,0.0
11/02/2007,0.6
12/02/2007,3.4
13/02/2007,0.0
14/02/2007,0.0
15/02/2007,0.0
16/02/2007,0.0
17/02/2007,0.0
18/02/2007,0.0
19/02/2007,0.0
20/02/2007,0.0
21/02/2007,0.0
22/02/2007,0.0
23/02/2007,0.4
24/02/2007,0.1
25/02/2007,0.0
26/02/2007,0.0
27/02/2007,1.0
28/02/2007,15.0
01/03/2007,0.0
02/03/2007,0.0
03/03/2007,0.0
04/03/2007,0.0
05/03/2007,0.0
06/03/2007,0.0
07/03/2007,0.0
08/03/2007,0.0
09/03/2007,0.0
10/03/2007,0.0
11/03/2007,0.9
12/03/2007,12.1
13/03/2007,6.5
14/03/2007,0.5
15/03/2007,0.0
16/03/2007,0.0
17/03/2007,0.0
18/03/2007,0.0
19/03/2007,0.0
20/03/2007,1.9
21/03/2007,73.8
22/03/2007,1.2
23/03/2007,2.1
24/03/2007,40.5
25/03/2007,34.5
26/03/2007,1.0
27/03/2007,0.5
28/03/2007,0.0
29/03/2007,5.5
30/03/2007,2.8
31/03/2007,16.7
01/04/2007,11.0
02/04/2007,0.0
03/04/2007,1.0
04/04/2007,0.0
05/04/2007,0.0
06/04/2007,0.0
07/04/2007,0.0
08/04/2007,0.0
09/04/2007,104.0
10/04/2007,16.9
11/04/2007,12.6
12/04/2007,1.9
13/04/2007,0.0
14/04/2007,0.0
15/04/2007,0.0
16/04/2007,2.0
17/04/2007,0.0
18/04/2007,0.0
19/04/2007,0.0
20/04/2007,0.0
21/04/2007,0.0
22/04/2007,0.0
23/04/2007,0.0
24/04/2007,0.0
25/04/2007,0.0
26/04/2007,8.8
27/04/2007,9.0
28/04/2007,0.7
29/04/2007,63.3
30/04/2007,2.7
01/05/2007,16.0
02/05/2007,0.0
03/05/2007,5.5
04/05/2007,0.5
05/05/2007,0.5
06/05/2007,5.0
07/05/2007,10.5
08/05/2007,0.4
09/05/2007,5.1
10/05/2007,11.0
11/05/2007,0.0
12/05/2007,0.5
13/05/2007,7.0
14/05/2007,0.0
15/05/2007,6.0
16/05/2007,3.5
17/05/2007,8.5
18/05/2007,43.0
19/05/2007,0.0
20/05/2007,20.5
21/05/2007,10.7
22/05/2007,0.3
23/05/2007,0.0
24/05/2007,0.0
25/05/2007,16.0
26/05/2007,38.5
27/05/2007,0.4
28/05/2007,36.1
29/05/2007,0.5
30/05/2007,0.0
31/05/2007,0.0
01/06/2007,0.0
02/06/2007,0.0
03/06/2007,0.0
04/06/2007,0.0
05/06/2007,0.0
06/06/2007,0.0
07/06/2007,0.0
08/06/2007,0.0
09/06/2007,0.0
10/06/2007,0.5
11/06/2007,2.0
12/06/2007,0.0
13/06/2007,9.0
14/06/2007,0.0
15/06/2007,0.0
16/06/2007,0.5
17/06/2007,43.9
18/06/2007,3.4
19/06/2007,2.4
20/06/2007,25.3
21/06/2007,0.0
22/06/2007,23.0
23/06/2007,0.5
24/06/2007,19.9
25/06/2007,0.6
26/06/2007,11.5
27/06/2007,0.0
28/06/2007,0.0
29/06/2007,0.0
30/06/2007,0.0
01/07/2007,0.0
02/07/2007,0.0
03/07/2007,0.0
04/07/2007,0.0
05/07/2007,0.0
06/07/2007,30.0
07/07/2007,0.4
08/07/2007,59.8
09/07/2007,2.8
10/07/2007,0.0
11/07/2007,2.0
12/07/2007,0.0
13/07/2007,34.4
14/07/2007,14.1
15/07/2007,2.0
16/07/2007,13.0
17/07/2007,0.0
18/07/2007,6.0
19/07/2007,0.0
20/07/2007,8.5
21/07/2007,0.8
22/07/2007,14.9
23/07/2007,7.8
24/07/2007,0.9
25/07/2007,0.1
26/07/2007,0.0
27/07/2007,43.0
28/07/2007,16.5
29/07/2007,0.5
30/07/2007,2.5
31/07/2007,21.5
01/08/2007,0.0
02/08/2007,5.0
03/08/2007,0.0
04/08/2007,0.0
05/08/2007,0.5
06/08/2007,19.5
07/08/2007,0.0
08/08/2007,0.0
09/08/2007,0.0
10/08/2007,0.0
11/08/2007,0.0
12/08/2007,0.0
13/08/2007,0.0
14/08/2007,5.0
15/08/2007,0.0
16/08/2007,36.1
17/08/2007,2.9
18/08/2007,5.0
19/08/2007,1.5
20/08/2007,40.5
21/08/2007,4.0
22/08/2007,0.0
23/08/2007,2.5
24/08/2007,25.0
25/08/2007,48.0
26/08/2007,6.3
27/08/2007,1.2
28/08/2007,21.0
29/08/2007,0.0
30/08/2007,0.0
31/08/2007,0.0
01/09/2007,0.0
02/09/2007,45.5
03/09/2007,0.0
04/09/2007,0.0
05/09/2007,0.0
06/09/2007,0.0
07/09/2007,0.0
08/09/2007,17.5
09/09/2007,0.0
10/09/2007,0.0
11/09/2007,1.2
12/09/2007,35.3
13/09/2007,15.9
14/09/2007,22.8
15/09/2007,2.3
16/09/2007,0.0
17/09/2007,2.0
18/09/2007,2.0
19/09/2007,1.5
20/09/2007,0.0
21/09/2007,14.0
22/09/2007,15.0
23/09/2007,54.0
24/09/2007,4.0
25/09/2007,0.0
26/09/2007,0.0
27/09/2007,0.5
28/09/2007,0.0
29/09/2007,0.0
30/09/2007,56.0
01/10/2007,1.5
02/10/2007,0.0
03/10/2007,0.0
04/10/2007,0.0
05/10/2007,34.5
06/10/2007,22.3
07/10/2007,3.2
08/10/2007,28.3
09/10/2007,0.2
10/10/2007,0.4
11/10/2007,1.1
12/10/2007,1.0
13/10/2007,7.5
14/10/2007,0.0
15/10/2007,5.0
16/10/2007,0.0
17/10/2007,0.0
18/10/2007,0.4
19/10/2007,1.1
20/10/2007,17.5
21/10/2007,31.5
22/10/2007,27.2
23/10/2007,48.8
24/10/2007,48.0
25/10/2007,16.6
26/10/2007,12.3
27/10/2007,5.9
28/10/2007,1.7
29/10/2007,38.0
30/10/2007,0.5
31/10/2007,1.1
01/11/2007,0.8
02/11/2007,87.1
03/11/2007,9.3
04/11/2007,9.2
05/11/2007,3.5
06/11/2007,0.0
07/11/2007,13.0
08/11/2007,0.0
09/11/2007,2.5
10/11/2007,39.1
11/11/2007,1.7
12/11/2007,19.0
13/11/2007,36.6
14/11/2007,15.1
15/11/2007,25.5
16/11/2007,0.0
17/11/2007,0.0
18/11/2007,0.0
19/11/2007,0.0
20/11/2007,0.0
21/11/2007,25.9
22/11/2007,74.4
23/11/2007,30.6
24/11/2007,22.3
25/11/2007,18.6
26/11/2007,23.4
27/11/2007,25.5
28/11/2007,8.9
29/11/2007,64.7
30/11/2007,122.7
01/12/2007,1.6
02/12/2007,52.9
03/12/2007,17.7
04/12/2007,8.9
05/12/2007,40.2
06/12/2007,2.2
07/12/2007,13.1
08/12/2007,0.0
09/12/2007,0.0
10/12/2007,0.0
11/12/2007,0.0
12/12/2007,16.0
13/12/2007,69.8
14/12/2007,138.2
15/12/2007,7.0
16/12/2007,59.0
17/12/2007,22.0
18/12/2007,12.0
19/12/2007,44.0
20/12/2007,2.0
21/12/2007,17.0
22/12/2007,0.0
23/12/2007,0.0
24/12/2007,0.0
25/12/2007,0.0
26/12/2007,1.0
27/12/2007,0.0
28/12/2007,0.0
29/12/2007,0.0
30/12/2007,0.3
31/12/2007,77.3
01/01/2008,57.3
02/01/2008,20.7
03/01/2008,12.2
04/01/2008,23.0
05/01/2008,10.0
06/01/2008,14.6
07/01/2008,2.3
08/01/2008,8.0
09/01/2008,0.2
10/01/2008,0.0
11/01/2008,0.0
12/01/2008,0.0
13/01/2008,0.0
14/01/2008,0.0
15/01/2008,0.0
16/01/2008,35.1
17/01/2008,8.3
18/01/2008,1.5
19/01/2008,3.3
20/01/2008,0.9
21/01/2008,0.0
22/01/2008,0.0
23/01/2008,0.0
24/01/2008,0.0
25/01/2008,0.0
26/01/2008,7.0
27/01/2008,0.5
28/01/2008,2.0
29/01/2008,0.0
30/01/2008,0.0
31/01/2008,0.0
01/02/2008,9.0
02/02/2008,70.9
03/02/2008,1.1
04/02/2008,1.2
05/02/2008,1.3
06/02/2008,0.0
07/02/2008,0.0
08/02/2008,0.0
09/02/2008,0.0
10/02/2008,0.0
11/02/2008,0.0
12/02/2008,0.0
13/02/2008,0.0
14/02/2008,0.0
15/02/2008,0.0
16/02/2008,0.0
17/02/2008,0.0
18/02/2008,0.0
19/02/2008,0.0
20/02/2008,0.0
21/02/2008,0.0
22/02/2008,0.0
23/02/2008,0.0
24/02/2008,0.0
25/02/2008,18.5
26/02/2008,0.3
27/02/2008,77.1
28/02/2008,22.9
29/02/2008,17.1
01/03/2008,3.7
02/03/2008,0.3
03/03/2008,0.3
04/03/2008,38.7
05/03/2008,8.3
06/03/2008,22.2
07/03/2008,1.0
08/03/2008,6.2
09/03/2008,7.3
10/03/2008,4.5
11/03/2008,4.6
12/03/2008,1.9
13/03/2008,0.5
14/03/2008,0.0
15/03/2008,0.0
16/03/2008,0.0
17/03/2008,0.0
18/03/2008,0.0
19/03/2008,0.0
20/03/2008,0.0
21/03/2008,1.0
22/03/2008,8.5
23/03/2008,2.0
24/03/2008,1.8
25/03/2008,10.7
26/03/2008,0.0
27/03/2008,0.0
28/03/2008,0.0
29/03/2008,0.0
30/03/2008,0.0
31/03/2008,0.0
01/04/2008,7.5
02/04/2008,0.5
03/04/2008,0.0
04/04/2008,0.0
05/04/2008,2.5
06/04/2008,0.0
07/04/2008,0.0
08/04/2008,0.0
09/04/2008,0.0
10/04/2008,0.0
11/04/2008,0.0
12/04/2008,0.0
13/04/2008,19.7
14/04/2008,13.8
15/04/2008,41.6
16/04/2008,12.5
17/04/2008,6.5
18/04/2008,0.5
19/04/2008,4.0
20/04/2008,5.0
21/04/2008,11.0
22/04/2008,0.0
23/04/2008,30.0
24/04/2008,1.0
25/04/2008,9.1
26/04/2008,2.4
27/04/2008,14.0
28/04/2008,4.2
29/04/2008,0.3
30/04/2008,1.5
01/05/2008,0.0
02/05/2008,0.5
03/05/2008,0.0
04/05/2008,0.0
05/05/2008,0.0
06/05/2008,0.0
07/05/2008,0.0
08/05/2008,2.0
09/05/2008,1.0
10/05/2008,0.0
11/05/2008,26.5
12/05/2008,0.0
13/05/2008,0.0
14/05/2008,0.0
15/05/2008,0.0
16/05/2008,0.0
17/05/2008,0.0
18/05/2008,0.0
19/05/2008,0.0
20/05/2008,0.0
21/05/2008,0.0
22/05/2008,0.0
23/05/2008,0.0
24/05/2008,0.5
25/05/2008,0.0
26/05/2008,0.0
27/05/2008,0.0
28/05/2008,0.0
29/05/2008,8.5
30/05/2008,5.5
31/05/2008,0.0
01/06/2008,6.5
02/06/2008,0.0
03/06/2008,0.0
04/06/2008,0.0
05/06/2008,0.0
06/06/2008,0.4
07/06/2008,3.1
08/06/2008,0.5
09/06/2008,70.0
10/06/2008,48.2
11/06/2008,0.3
12/06/2008,17.0
13/06/2008,3.0
14/06/2008,0.0
15/06/2008,31.5
16/06/2008,0.0
17/06/2008,0.0
18/06/2008,2.0
19/06/2008,4.0
20/06/2008,46.5
21/06/2008,0.0
22/06/2008,88.0
23/06/2008,13.0
24/06/2008,5.6
25/06/2008,22.4
26/06/2008,0.0
27/06/2008,34.5
28/06/2008,6.5
29/06/2008,0.0
30/06/2008,0.0
01/07/2008,16.5
02/07/2008,0.0
03/07/2008,37.3
04/07/2008,0.2
05/07/2008,1.0
06/07/2008,0.0
07/07/2008,0.0
08/07/2008,0.0
09/07/2008,0.5
10/07/2008,0.0
11/07/2008,0.0
12/07/2008,0.0
13/07/2008,11.5
14/07/2008,50.0
15/07/2008,3.0
16/07/2008,17.0
17/07/2008,0.0
18/07/2008,0.0
19/07/2008,0.0
20/07/2008,0.0
21/07/2008,18.5
22/07/2008,21.0
23/07/2008,24.5
24/07/2008,14.5
25/07/2008,12.5
26/07/2008,23.3
27/07/2008,0.2
28/07/2008,0.5
29/07/2008,0.5
30/07/2008,0.0
31/07/2008,0.0
01/08/2008,0.0
02/08/2008,0.0
03/08/2008,2.5
04/08/2008,0.0
05/08/2008,23.6
06/08/2008,3.9
07/08/2008,131.5
08/08/2008,0.0
09/08/2008,0.0
10/08/2008,0.0
11/08/2008,3.4
12/08/2008,17.8
13/08/2008,0.8
14/08/2008,0.5
15/08/2008,10.5
16/08/2008,0.4
17/08/2008,2.8
18/08/2008,54.8
19/08/2008,0.0
20/08/2008,0.0
21/08/2008,5.0
22/08/2008,39.5
23/08/2008,27.7
24/08/2008,0.3
25/08/2008,0.5
26/08/2008,3.0
27/08/2008,0.0
28/08/2008,2.5
29/08/2008,26.0
30/08/2008,0.0
31/08/2008,0.0
01/09/2008,1.0
02/09/2008,0.0
03/09/2008,0.0
04/09/2008,0.0
05/09/2008,38.0
06/09/2008,22.9
07/09/2008,2.1
08/09/2008,21.5
09/09/2008,0.0
10/09/2008,0.0
11/09/2008,0.0
12/09/2008,24.5
13/09/2008,2.4
14/09/2008,0.1
15/09/2008,3.0
16/09/2008,25.5
17/09/2008,0.0
18/09/2008,0.0
19/09/2008,0.0
20/09/2008,0.0
21/09/2008,35.7
22/09/2008,0.3
23/09/2008,1.5
24/09/2008,0.0
25/09/2008,0.4
26/09/2008,13.9
27/09/2008,0.2
28/09/2008,0.0
29/09/2008,23.6
30/09/2008,3.9
01/10/2008,0.0
02/10/2008,1.0
03/10/2008,0.4
04/10/2008,55.1
05/10/2008,0.0
06/10/2008,0.0
07/10/2008,0.5
08/10/2008,0.0
09/10/2008,1.3
10/10/2008,0.2
11/10/2008,0.0
12/10/2008,0.0
13/10/2008,0.4
14/10/2008,0.6
15/10/2008,8.4
16/10/2008,0.7
17/10/2008,0.0
18/10/2008,1.5
19/10/2008,0.5
20/10/2008,6.2
21/10/2008,1.8
22/10/2008,3.3
23/10/2008,4.8
24/10/2008,60.9
25/10/2008,6.3
26/10/2008,1.2
27/10/2008,2.0
28/10/2008,0.5
29/10/2008,0.5
30/10/2008,12.0
31/10/2008,14.0
01/11/2008,1.3
02/11/2008,11.7
03/11/2008,0.0
04/11/2008,0.5
05/11/2008,0.0
06/11/2008,0.0
07/11/2008,9.0
08/11/2008,27.0
09/11/2008,33.0
10/11/2008,22.6
11/11/2008,37.8
12/11/2008,8.4
13/11/2008,11.7
14/11/2008,1.0
15/11/2008,1.5
16/11/2008,0.0
17/11/2008,16.0
18/11/2008,3.7
19/11/2008,52.2
20/11/2008,94.7
21/11/2008,46.3
22/11/2008,4.5
23/11/2008,3.0
24/11/2008,2.2
25/11/2008,40.0
26/11/2008,3.3
27/11/2008,20.5
28/11/2008,12.0
29/11/2008,31.7
30/11/2008,0.5
01/12/2008,25.5
02/12/2008,88.9
03/12/2008,1.2
04/12/2008,1.5
05/12/2008,20.1
06/12/2008,258.0
07/12/2008,37.9
08/12/2008,15.6
09/12/2008,1.0
10/12/2008,1.5
11/12/2008,0.0
12/12/2008,0.4
13/12/2008,9.6
14/12/2008,11.7
15/12/2008,4.0
16/12/2008,0.3
17/12/2008,0.5
18/12/2008,2.5
19/12/2008,0.0
20/12/2008,2.0
21/12/2008,2.5
22/12/2008,0.0
23/12/2008,1.1
24/12/2008,19.9
25/12/2008,125.5
26/12/2008,6.9
27/12/2008,2.5
28/12/2008,23.0
29/12/2008,10.5
30/12/2008,49.0
31/12/2008,5.1
01/01/2009,45.5
02/01/2009,56.8
03/01/2009,65.2
04/01/2009,89.6
05/01/2009,1.8
06/01/2009,0.0
07/01/2009,0.0
08/01/2009,0.0
09/01/2009,0.5
10/01/2009,5.5
11/01/2009,2.0
12/01/2009,12.1
13/01/2009,43.5
14/01/2009,4.0
15/01/2009,2.4
16/01/2009,0.9
17/01/2009,0.1
18/01/2009,0.0
19/01/2009,0.0
20/01/2009,0.0
21/01/2009,0.0
22/01/2009,0.0
23/01/2009,0.0
24/01/2009,33.1
25/01/2009,12.8
26/01/2009,1.6
27/01/2009,0.0
28/01/2009,0.0
29/01/2009,0.0
30/01/2009,0.0
31/01/2009,0.0
01/02/2009,0.0
02/02/2009,0.0
03/02/2009,0.0
04/02/2009,0.0
05/02/2009,0.0
06/02/2009,0.0
07/02/2009,0.0
08/02/2009,0.0
09/02/2009,0.0
10/02/2009,0.0
11/02/2009,0.0
12/02/2009,0.0
13/02/2009,0.0
14/02/2009,21.0
15/02/2009,12.0
16/02/2009,0.0
17/02/2009,0.0
18/02/2009,0.0
19/02/2009,0.0
20/02/2009,0.0
21/02/2009,3.8
22/02/2009,1.7
23/02/2009,0.0
24/02/2009,0.0
25/02/2009,3.9
26/02/2009,1.6
27/02/2009,0.0
28/02/2009,1.0
01/03/2009,5.9
02/03/2009,103.1
03/03/2009,325.5
04/03/2009,0.5
05/03/2009,0.5
06/03/2009,22.5
07/03/2009,12.5
08/03/2009,0.4
09/03/2009,10.1
10/03/2009,0.0
11/03/2009,0.0
12/03/2009,0.0
13/03/2009,0.0
14/03/2009,18.8
15/03/2009,193.6
16/03/2009,71.1
17/03/2009,0.0
18/03/2009,3.3
19/03/2009,0.7
20/03/2009,0.0
21/03/2009,7.5
22/03/2009,12.0
23/03/2009,9.0
24/03/2009,0.0
25/03/2009,0.0
26/03/2009,0.4
27/03/2009,9.1
28/03/2009,0.0
29/03/2009,0.0
30/03/2009,0.0
31/03/2009,0.5
01/04/2009,1.5
02/04/2009,8.6
03/04/2009,8.7
04/04/2009,5.8
05/04/2009,5.5
06/04/2009,0.7
07/04/2009,38.3
08/04/2009,0.4
09/04/2009,6.1
10/04/2009,0.5
11/04/2009,0.0
12/04/2009,6.5
13/04/2009,0.0
14/04/2009,0.0
15/04/2009,49.0
16/04/2009,38.0
17/04/2009,0.5
18/04/2009,21.0
19/04/2009,4.0
20/04/2009,6.0
21/04/2009,0.0
22/04/2009,0.0
23/04/2009,18.5
24/04/2009,12.5
25/04/2009,24.5
26/04/2009,0.0
27/04/2009,16.5
28/04/2009,2.5
29/04/2009,11.0
30/04/2009,8.0
01/05/2009,0.9
02/05/2009,29.3
03/05/2009,1.3
04/05/2009,8.5
05/05/2009,41.0
06/05/2009,4.5
07/05/2009,4.5
08/05/2009,18.7
09/05/2009,9.2
10/05/2009,4.0
11/05/2009,55.0
12/05/2009,0.0
13/05/2009,0.5
14/05/2009,0.0
15/05/2009,0.0
16/05/2009,60.0
17/05/2009,3.3
18/05/2009,0.2
19/05/2009,0.0
20/05/2009,10.3
21/05/2009,8.7
22/05/2009,0.0
23/05/2009,5.0
24/05/2009,0.0
25/05/2009,26.5
26/05/2009,19.3
27/05/2009,2.7
28/05/2009,0.5
29/05/2009,2.0
30/05/2009,0.0
31/05/2009,0.0
01/06/2009,0.0
02/06/2009,4.0
03/06/2009,0.0
04/06/2009,0.0
05/06/2009,0.0
06/06/2009,0.4
07/06/2009,0.1
08/06/2009,0.0
09/06/2009,7.5
10/06/2009,3.0
11/06/2009,60.0
12/06/2009,0.0
13/06/2009,0.0
14/06/2009,0.0
15/06/2009,0.0
16/06/2009,0.0
17/06/2009,0.0
18/06/2009,0.0
19/06/2009,30.5
20/06/2009,0.0
21/06/2009,1.0
22/06/2009,0.0
23/06/2009,1.5
24/06/2009,0.5
25/06/2009,0.0
26/06/2009,0.5
27/06/2009,52.5
28/06/2009,3.5
29/06/2009,5.1
30/06/2009,0.9
01/07/2009,3.0
02/07/2009,0.0
03/07/2009,5.5
04/07/2009,24.5
05/07/2009,0.0
06/07/2009,0.3
07/07/2009,1.6
08/07/2009,2.0
09/07/2009,0.0
10/07/2009,19.0
11/07/2009,8.9
12/07/2009,0.1
13/07/2009,0.0
14/07/2009,0.0
15/07/2009,0.0
16/07/2009,0.0
17/07/2009,0.0
18/07/2009,0.0
19/07/2009,0.0
20/07/2009,0.0
21/07/2009,7.5
22/07/2009,1.0
23/07/2009,0.0
24/07/2009,0.0
25/07/2009,0.0
26/07/2009,0.5
27/07/2009,6.0
28/07/2009,16.7
29/07/2009,0.3
30/07/2009,0.0
31/07/2009,1.0
01/08/2009,54.5
02/08/2009,3.5
03/08/2009,0.0
04/08/2009,0.0
05/08/2009,2.0
06/08/2009,2.0
07/08/2009,28.0
08/08/2009,1.0
09/08/2009,10.5
10/08/2009,22.5
11/08/2009,0.0
12/08/2009,0.0
13/08/2009,1.0
14/08/2009,0.5
15/08/2009,0.0
16/08/2009,0.0
17/08/2009,0.0
18/08/2009,0.0
19/08/2009,0.0
20/08/2009,38.0
21/08/2009,0.0
22/08/2009,23.5
23/08/2009,42.5
24/08/2009,20.0
25/08/2009,0.0
26/08/2009,0.5
27/08/2009,17.5
28/08/2009,16.0
29/08/2009,1.5
30/08/2009,5.5
31/08/2009,0.0
01/09/2009,2.5
02/09/2009,2.5
03/09/2009,14.5
04/09/2009,15.0
05/09/2009,32.0
06/09/2009,17.5
07/09/2009,0.0
08/09/2009,5.0
09/09/2009,23.5
10/09/2009,0.5
11/09/2009,0.4
12/09/2009,16.6
13/09/2009,7.0
14/09/2009,0.0
15/09/2009,4.0
16/09/2009,5.8
17/09/2009,11.2
18/09/2009,0.5
19/09/2009,0.0
20/09/2009,0.0
21/09/2009,67.5
22/09/2009,13.5
23/09/2009,29.8
24/09/2009,65.4
25/09/2009,0.3
26/09/2009,12.5
27/09/2009,0.0
28/09/2009,8.5
29/09/2009,15.5
30/09/2009,15.5
01/10/2009,0.0
02/10/2009,0.3
03/10/2009,1.9
04/10/2009,11.3
05/10/2009,23.5
06/10/2009,1.5
07/10/2009,25.5
08/10/2009,12.9
09/10/2009,2.6
10/10/2009,50.9
11/10/2009,13.1
12/10/2009,30.5
13/10/2009,0.5
14/10/2009,0.0
15/10/2009,0.0
16/10/2009,0.0
17/10/2009,0.0
18/10/2009,0.0
19/10/2009,0.0
20/10/2009,0.0
21/10/2009,0.0
22/10/2009,0.0
23/10/2009,0.0
24/10/2009,0.0
25/10/2009,0.0
26/10/2009,0.0
27/10/2009,0.0
28/10/2009,0.0
29/10/2009,0.0
30/10/2009,0.0
31/10/2009,0.0
01/11/2009,0.4
02/11/2009,0.6
03/11/2009,0.9
04/11/2009,42.3
05/11/2009,160.5
06/11/2009,175.2
07/11/2009,0.5
08/11/2009,12.1
09/11/2009,45.4
10/11/2009,0.5
11/11/2009,0.3
12/11/2009,0.5
13/11/2009,14.7
14/11/2009,5.2
15/11/2009,3.7
16/11/2009,0.5
17/11/2009,19.8
18/11/2009,54.2
19/11/2009,52.4
20/11/2009,273.2
21/11/2009,181.4
22/11/2009,234.6
23/11/2009,121.8
24/11/2009,30.5
25/11/2009,0.0
26/11/2009,0.0
27/11/2009,0.0
28/11/2009,0.3
29/11/2009,4.3
30/11/2009,97.1
01/12/2009,128.2
02/12/2009,183.1
03/12/2009,62.6
04/12/2009,25.4
05/12/2009,0.0
06/12/2009,0.0
07/12/2009,10.9
08/12/2009,3.0
09/12/2009,0.1
10/12/2009,0.0
11/12/2009,0.0
12/12/2009,0.0
13/12/2009,0.4
14/12/2009,7.1
15/12/2009,4.9
16/12/2009,10.8
17/12/2009,51.9
18/12/2009,187.2
19/12/2009,14.5
20/12/2009,14.8
21/12/2009,4.3
22/12/2009,6.9
23/12/2009,6.6
24/12/2009,2.5
25/12/2009,5.5
26/12/2009,3.9
27/12/2009,17.7
28/12/2009,0.0
29/12/2009,4.4
30/12/2009,0.1
31/12/2009,0.0
01/01/2010,84.1
02/01/2010,10.1
03/01/2010,6.2
04/01/2010,45.0
05/01/2010,0.5
06/01/2010,7.1
07/01/2010,70.9
08/01/2010,1.0
09/01/2010,0.6
10/01/2010,0.0
11/01/2010,0.0
12/01/2010,0.0
13/01/2010,3.4
14/01/2010,2.9
15/01/2010,0.7
16/01/2010,0.0
17/01/2010,0.0
18/01/2010,0.0
19/01/2010,0.0
20/01/2010,0.5
21/01/2010,81.5
22/01/2010,0.5
23/01/2010,19.5
24/01/2010,0.0
25/01/2010,0.9
26/01/2010,35.5
27/01/2010,16.1
28/01/2010,0.9
29/01/2010,4.9
30/01/2010,0.2
31/01/2010,0.0
01/02/2010,0.0
02/02/2010,0.0
03/02/2010,9.9
04/02/2010,1.1
05/02/2010,0.5
06/02/2010,0.0
07/02/2010,0.0
08/02/2010,0.0
09/02/2010,0.0
10/02/2010,0.0
11/02/2010,0.0
12/02/2010,0.0
13/02/2010,0.0
14/02/2010,0.0
15/02/2010,0.0
16/02/2010,0.4
17/02/2010,2.0
18/02/2010,1.2
19/02/2010,0.0
20/02/2010,0.0
21/02/2010,11.4
22/02/2010,0.1
23/02/2010,0.0
24/02/2010,0.0
25/02/2010,0.0
26/02/2010,0.0
27/02/2010,0.0
28/02/2010,0.0
01/03/2010,0.0
02/03/2010,0.0
03/03/2010,0.0
04/03/2010,0.0
05/03/2010,0.0
06/03/2010,0.0
07/03/2010,0.0
08/03/2010,0.0
09/03/2010,0.0
10/03/2010,0.4
11/03/2010,8.7
12/03/2010,19.8
13/03/2010,10.3
14/03/2010,23.8
15/03/2010,0.0
16/03/2010,0.0
17/03/2010,0.4
18/03/2010,5.1
19/03/2010,49.5
20/03/2010,13.5
21/03/2010,4.0
22/03/2010,0.0
23/03/2010,0.0
24/03/2010,0.0
25/03/2010,0.0
26/03/2010,0.0
27/03/2010,0.4
28/03/2010,6.8
29/03/2010,16.3
30/03/2010,23.5
31/03/2010,0.5
01/04/2010,0.0
02/04/2010,0.5
03/04/2010,8.6
04/04/2010,12.9
05/04/2010,0.0
06/04/2010,0.0
07/04/2010,0.0
08/04/2010,0.0
09/04/2010,3.0
10/04/2010,0.5
11/04/2010,0.0
12/04/2010,0.0
13/04/2010,0.0
14/04/2010,0.0
15/04/2010,0.0
16/04/2010,0.0
17/04/2010,0.4
18/04/2010,4.1
19/04/2010,0.0
20/04/2010,0.0
21/04/2010,0.0
22/04/2010,0.0
23/04/2010,0.0
24/04/2010,0.4
25/04/2010,45.6
26/04/2010,17.9
27/04/2010,7.1
28/04/2010,0.0
29/04/2010,2.0
30/04/2010,0.0
01/05/2010,0.0
02/05/2010,0.0
03/05/2010,0.0
04/05/2010,0.0
05/05/2010,0.0
06/05/2010,0.0
07/05/2010,0.0
08/05/2010,0.0
09/05/2010,0.0
10/05/2010,0.0
11/05/2010,0.0
12/05/2010,0.0
13/05/2010,35.0
14/05/2010,1.0
15/05/2010,0.0
16/05/2010,23.4
17/05/2010,7.6
18/05/2010,0.5
19/05/2010,20.5
20/05/2010,0.0
21/05/2010,0.0
22/05/2010,38.0
23/05/2010,0.0
24/05/2010,27.7
25/05/2010,0.8
26/05/2010,0.5
27/05/2010,46.5
28/05/2010,2.0
29/05/2010,2.0
30/05/2010,0.0
31/05/2010,1.0
01/06/2010,0.0
02/06/2010,29.5
03/06/2010,6.5
04/06/2010,2.0
05/06/2010,0.0
06/06/2010,0.0
07/06/2010,0.0
08/06/2010,0.0
09/06/2010,51.1
10/06/2010,0.4
11/06/2010,0.0
12/06/2010,0.0
13/06/2010,0.5
14/06/2010,1.5
15/06/2010,64.7
16/06/2010,4.3
17/06/2010,0.0
18/06/2010,0.0
19/06/2010,0.0
20/06/2010,5.6
21/06/2010,17.4
22/06/2010,0.0
23/06/2010,29.5
24/06/2010,0.0
25/06/2010,0.0
26/06/2010,0.0
27/06/2010,0.0
28/06/2010,0.0
29/06/2010,5.5
30/06/2010,0.0
01/07/2010,11.0
02/07/2010,8.7
03/07/2010,1.8
04/07/2010,0.5
05/07/2010,0.0
06/07/2010,0.0
07/07/2010,0.0
08/07/2010,5.0
09/07/2010,0.0
10/07/2010,0.0
11/07/2010,0.4
12/07/2010,8.6
13/07/2010,0.0
14/07/2010,2.5
15/07/2010,0.0
16/07/2010,0.9
17/07/2010,0.5
18/07/2010,13.5
19/07/2010,4.1
20/07/2010,10.5
21/07/2010,0.5
22/07/2010,0.0
23/07/2010,3.0
24/07/2010,0.4
25/07/2010,13.0
26/07/2010,0.6
27/07/2010,0.5
28/07/2010,0.0
29/07/2010,6.7
30/07/2010,1.3
31/07/2010,62.5
01/08/2010,12.0
02/08/2010,0.0
03/08/2010,60.7
04/08/2010,8.2
05/08/2010,2.6
06/08/2010,0.0
07/08/2010,14.5
08/08/2010,0.5
09/08/2010,0.0
10/08/2010,0.5
11/08/2010,15.5
12/08/2010,0.5
13/08/2010,17.0
14/08/2010,0.5
15/08/2010,0.0
16/08/2010,0.5
17/08/2010,0.0
18/08/2010,0.0
19/08/2010,2.0
20/08/2010,0.5
21/08/2010,0.5
22/08/2010,1.0
23/08/2010,40.5
24/08/2010,0.0
25/08/2010,0.0
26/08/2010,3.5
27/08/2010,0.0
28/08/2010,16.5
29/08/2010,0.5
30/08/2010,0.0
31/08/2010,0.0
01/09/2010,0.0
02/09/2010,0.0
03/09/2010,0.7
04/09/2010,7.2
05/09/2010,0.9
06/09/2010,18.5
07/09/2010,0.7
08/09/2010,1.5
09/09/2010,1.2
10/09/2010,3.3
11/09/2010,6.0
12/09/2010,2.5
13/09/2010,0.0
14/09/2010,2.5
15/09/2010,51.5
16/09/2010,0.5
17/09/2010,2.5
18/09/2010,0.0
19/09/2010,0.0
20/09/2010,1.0
21/09/2010,4.0
22/09/2010,0.0
23/09/2010,0.5
24/09/2010,3.0
25/09/2010,2.5
26/09/2010,0.0
27/09/2010,0.4
28/09/2010,6.4
29/09/2010,1.2
30/09/2010,0.0
01/10/2010,2.5
02/10/2010,1.5
03/10/2010,3.0
04/10/2010,3.0
05/10/2010,0.0
06/10/2010,2.3
07/10/2010,27.7
08/10/2010,0.5
09/10/2010,0.0
10/10/2010,0.2
11/10/2010,2.3
12/10/2010,2.0
13/10/2010,3.9
14/10/2010,50.1
15/10/2010,0.0
16/10/2010,0.0
17/10/2010,17.9
18/10/2010,21.1
19/10/2010,0.0
20/10/2010,0.0
21/10/2010,0.0
22/10/2010,0.0
23/10/2010,1.5
24/10/2010,7.0
25/10/2010,16.7
26/10/2010,2.8
27/10/2010,9.5
28/10/2010,2.0
29/10/2010,1.4
30/10/2010,29.5
31/10/2010,32.3
01/11/2010,7.3
02/11/2010,20.3
03/11/2010,49.1
04/11/2010,23.7
05/11/2010,14.5
06/11/2010,17.5
07/11/2010,8.0
08/11/2010,1.6
09/11/2010,0.4
10/11/2010,30.0
11/11/2010,1.5
12/11/2010,17.5
13/11/2010,9.0
14/11/2010,4.5
15/11/2010,22.8
16/11/2010,2.7
17/11/2010,2.0
18/11/2010,0.0
19/11/2010,5.0
20/11/2010,89.0
21/11/2010,0.0
22/11/2010,12.0
23/11/2010,0.0
24/11/2010,45.0
25/11/2010,0.8
26/11/2010,14.7
27/11/2010,0.0
28/11/2010,0.5
29/11/2010,20.9
30/11/2010,0.1
01/12/2010,41.5
02/12/2010,4.8
03/12/2010,11.4
04/12/2010,91.0
05/12/2010,39.9
06/12/2010,13.7
07/12/2010,64.8
08/12/2010,0.3
09/12/2010,19.2
10/12/2010,0.5
11/12/2010,26.6
12/12/2010,15.4
13/12/2010,10.0
14/12/2010,0.5
15/12/2010,0.0
16/12/2010,0.5
17/12/2010,43.4
18/12/2010,43.7
19/12/2010,44.7
20/12/2010,35.2
21/12/2010,8.4
22/12/2010,46.0
23/12/2010,30.0
24/12/2010,0.2
25/12/2010,0.0
26/12/2010,0.4
27/12/2010,15.9
28/12/2010,27.1
29/12/2010,115.8
30/12/2010,51.8
31/12/2010,95.4
01/01/2011,44.5
02/01/2011,40.0
03/01/2011,36.2
04/01/2011,23.3
05/01/2011,68.0
06/01/2011,354.4
07/01/2011,63.4
08/01/2011,6.9
09/01/2011,8.8
10/01/2011,9.3
11/01/2011,0.0
12/01/2011,0.0
13/01/2011,0.0
14/01/2011,0.0
15/01/2011,0.0
16/01/2011,0.0
17/01/2011,5.0
18/01/2011,0.5
19/01/2011,0.0
20/01/2011,0.0
21/01/2011,0.0
22/01/2011,0.0
23/01/2011,0.0
24/01/2011,1.9
25/01/2011,10.0
26/01/2011,14.2
27/01/2011,19.4
28/01/2011,38.1
29/01/2011,19.2
30/01/2011,16.2
31/01/2011,9.7
01/02/2011,9.9
02/02/2011,4.1
03/02/2011,5.8
04/02/2011,0.0
05/02/2011,0.0
06/02/2011,0.0
07/02/2011,0.0
08/02/2011,0.0
09/02/2011,0.0
10/02/2011,0.0
11/02/2011,0.0
12/02/2011,0.0
13/02/2011,0.0
14/02/2011,0.0
15/02/2011,12.2
16/02/2011,1.3
17/02/2011,0.0
18/02/2011,0.0
19/02/2011,0.0
20/02/2011,0.0
21/02/2011,1.4
22/02/2011,4.5
23/02/2011,11.6
24/02/2011,1.3
25/02/2011,0.2
26/02/2011,0.0
27/02/2011,0.5
28/02/2011,0.0
01/03/2011,0.0
02/03/2011,0.0
03/03/2011,0.0
04/03/2011,1.5
05/03/2011,0.5
06/03/2011,0.0
07/03/2011,1.7
08/03/2011,92.9
09/03/2011,29.9
10/03/2011,5.3
11/03/2011,24.3
12/03/2011,30.6
13/03/2011,0.3
14/03/2011,9.9
15/03/2011,20.1
16/03/2011,30.9
17/03/2011,24.1
18/03/2011,1.2
19/03/2011,9.3
20/03/2011,12.9
21/03/2011,2.0
22/03/2011,11.0
23/03/2011,4.0
24/03/2011,26.3
25/03/2011,31.2
26/03/2011,12.4
27/03/2011,1.6
28/03/2011,3.3
29/03/2011,183.1
30/03/2011,7.1
31/03/2011,28.9
01/04/2011,1.5
02/04/2011,7.7
03/04/2011,9.1
04/04/2011,0.2
05/04/2011,0.0
06/04/2011,0.0
07/04/2011,0.0
08/04/2011,0.0
09/04/2011,65.1
10/04/2011,149.2
11/04/2011,1.7
12/04/2011,0.0
13/04/2011,0.0
14/04/2011,0.5
15/04/2011,0.0
16/04/2011,0.0
17/04/2011,2.2
18/04/2011,0.8
19/04/2011,0.0
20/04/2011,0.0
21/04/2011,0.0
22/04/2011,0.0
23/04/2011,0.0
24/04/2011,0.0
25/04/2011,0.0
26/04/2011,0.4
27/04/2011,2.1
28/04/2011,0.0
29/04/2011,0.0
30/04/2011,0.0
01/05/2011,0.5
02/05/2011,0.0
03/05/2011,0.0
04/05/2011,2.5
05/05/2011,36.5
06/05/2011,2.0
07/05/2011,0.9
08/05/2011,13.3
09/05/2011,3.1
10/05/2011,0.6
11/05/2011,16.8
12/05/2011,15.2
13/05/2011,0.0
14/05/2011,5.0
15/05/2011,10.0
16/05/2011,2.5
17/05/2011,0.0
18/05/2011,2.0
19/05/2011,4.5
20/05/2011,1.0
21/05/2011,36.5
22/05/2011,0.5
23/05/2011,0.0
24/05/2011,0.0
25/05/2011,0.0
26/05/2011,9.3
27/05/2011,24.2
28/05/2011,1.5
29/05/2011,1.0
30/05/2011,2.5
31/05/2011,0.0
01/06/2011,0.4
02/06/2011,14.1
03/06/2011,2.5
04/06/2011,0.5
05/06/2011,0.0
06/06/2011,0.0
07/06/2011,7.0
08/06/2011,1.4
09/06/2011,2.6
10/06/2011,5.1
11/06/2011,24.4
12/06/2011,0.0
13/06/2011,13.0
14/06/2011,0.9
15/06/2011,36.6
16/06/2011,0.0
17/06/2011,19.0
18/06/2011,0.0
19/06/2011,3.0
20/06/2011,0.5
21/06/2011,14.4
22/06/2011,20.6
23/06/2011,0.0
24/06/2011,8.5
25/06/2011,0.0
26/06/2011,0.0
27/06/2011,0.0
28/06/2011,0.0
29/06/2011,2.5
30/06/2011,0.0
01/07/2011,0.0
02/07/2011,28.8
03/07/2011,8.7
04/07/2011,16.5
05/07/2011,0.0
06/07/2011,0.0
07/07/2011,0.0
08/07/2011,0.0
09/07/2011,0.0
10/07/2011,0.0
11/07/2011,0.0
12/07/2011,4.7
13/07/2011,32.8
14/07/2011,0.0
15/07/2011,18.5
16/07/2011,0.0
17/07/2011,0.0
18/07/2011,25.5
19/07/2011,0.5
20/07/2011,0.0
21/07/2011,14.0
22/07/2011,11.9
23/07/2011,59.1
24/07/2011,39.5
25/07/2011,0.0
26/07/2011,12.5
27/07/2011,6.9
28/07/2011,1.1
29/07/2011,0.0
30/07/2011,2.0
31/07/2011,0.0
01/08/2011,0.0
02/08/2011,0.0
03/08/2011,0.0
04/08/2011,0.0
05/08/2011,0.0
06/08/2011,19.2
07/08/2011,11.8
08/08/2011,23.0
09/08/2011,1.0
10/08/2011,1.0
11/08/2011,0.0
12/08/2011,1.0
13/08/2011,0.0
14/08/2011,0.0
15/08/2011,21.0
16/08/2011,31.5
17/08/2011,0.0
18/08/2011,0.0
19/08/2011,3.0
20/08/2011,0.5
21/08/2011,0.0
22/08/2011,0.0
23/08/2011,4.1
24/08/2011,3.9
25/08/2011,29.4
26/08/2011,2.1
27/08/2011,7.0
28/08/2011,36.2
29/08/2011,20.3
30/08/2011,1.3
31/08/2011,0.2
01/09/2011,0.0
02/09/2011,3.5
03/09/2011,17.0
04/09/2011,0.5
05/09/2011,0.0
06/09/2011,0.0
07/09/2011,1.0
08/09/2011,0.0
09/09/2011,15.4
10/09/2011,4.1
11/09/2011,0.5
12/09/2011,0.0
13/09/2011,4.0
14/09/2011,0.0
15/09/2011,0.0
16/09/2011,0.0
17/09/2011,0.0
18/09/2011,66.4
19/09/2011,0.8
20/09/2011,41.4
21/09/2011,0.9
22/09/2011,23.3
23/09/2011,6.2
24/09/2011,0.4
25/09/2011,15.0
26/09/2011,28.4
27/09/2011,1.6
28/09/2011,7.5
29/09/2011,0.5
30/09/2011,0.5
01/10/2011,16.0
02/10/2011,14.5
03/10/2011,1.5
04/10/2011,24.5
05/10/2011,61.6
06/10/2011,2.4
07/10/2011,2.9
08/10/2011,38.8
09/10/2011,36.3
10/10/2011,32.5
11/10/2011,15.0
12/10/2011,0.0
13/10/2011,0.0
14/10/2011,0.0
15/10/2011,0.0
16/10/2011,2.5
17/10/2011,0.9
18/10/2011,3.0
19/10/2011,9.5
20/10/2011,2.3
21/10/2011,0.5
22/10/2011,8.5
23/10/2011,11.6
24/10/2011,16.4
25/10/2011,5.6
26/10/2011,3.9
27/10/2011,42.1
28/10/2011,0.8
29/10/2011,60.7
30/10/2011,4.8
31/10/2011,15.7
01/11/2011,22.5
02/11/2011,3.0
03/11/2011,2.5
04/11/2011,1.0
05/11/2011,52.0
06/11/2011,2.3
07/11/2011,3.6
08/11/2011,15.7
09/11/2011,1.3
10/11/2011,0.0
11/11/2011,0.0
12/11/2011,48.5
13/11/2011,17.0
14/11/2011,16.4
15/11/2011,24.3
16/11/2011,32.3
17/11/2011,0.0
18/11/2011,0.0
19/11/2011,9.7
20/11/2011,98.5
21/11/2011,154.5
22/11/2011,182.1
23/11/2011,126.9
24/11/2011,39.6
25/11/2011,11.2
26/11/2011,34.7
27/11/2011,24.9
28/11/2011,88.5
29/11/2011,66.4
30/11/2011,10.0
01/12/2011,1.5
02/12/2011,0.0
03/12/2011,1.5
04/12/2011,59.5
05/12/2011,27.5
06/12/2011,0.4
07/12/2011,1.1
08/12/2011,0.0
09/12/2011,1.2
10/12/2011,91.8
11/12/2011,20.0
12/12/2011,37.6
13/12/2011,1.5
14/12/2011,0.0
15/12/2011,13.9
16/12/2011,36.4
17/12/2011,20.6
18/12/2011,21.7
19/12/2011,13.7
20/12/2011,10.6
21/12/2011,39.5
22/12/2011,2.7
23/12/2011,2.5
24/12/2011,13.9
25/12/2011,11.9
26/12/2011,2.0
27/12/2011,15.4
28/12/2011,32.3
29/12/2011,7.9
30/12/2011,40.8
31/12/2011,25.3
01/01/2012,1.7
02/01/2012,29.5
03/01/2012,1.6
04/01/2012,0.0
05/01/2012,0.0
06/01/2012,0.0
07/01/2012,2.2
08/01/2012,12.3
09/01/2012,11.3
10/01/2012,13.4
11/01/2012,24.6
12/01/2012,32.4
13/01/2012,31.8
14/01/2012,131.1
15/01/2012,0.5
16/01/2012,1.0
17/01/2012,6.0
18/01/2012,53.0
19/01/2012,0.4
20/01/2012,60.6
21/01/2012,0.0
22/01/2012,0.0
23/01/2012,0.0
24/01/2012,0.0
25/01/2012,0.0
26/01/2012,0.0
27/01/2012,8.2
28/01/2012,116.2
29/01/2012,4.6
30/01/2012,0.4
31/01/2012,8.8
01/02/2012,3.7
02/02/2012,7.5
03/02/2012,2.9
04/02/2012,0.1
05/02/2012,0.4
06/02/2012,15.6
07/02/2012,0.0
08/02/2012,0.0
09/02/2012,0.0
10/02/2012,0.0
11/02/2012,5.1
12/02/2012,7.9
13/02/2012,0.0
14/02/2012,0.5
15/02/2012,0.0
16/02/2012,0.0
17/02/2012,0.0
18/02/2012,14.6
19/02/2012,18.8
20/02/2012,2.6
21/02/2012,0.0
22/02/2012,0.0
23/02/2012,0.5
24/02/2012,5.5
25/02/2012,0.0
26/02/2012,0.0
27/02/2012,16.8
28/02/2012,4.6
29/02/2012,40.4
01/03/2012,11.5
02/03/2012,50.1
03/03/2012,48.1
04/03/2012,0.5
05/03/2012,39.0
06/03/2012,0.5
07/03/2012,0.4
08/03/2012,8.1
09/03/2012,0.0
10/03/2012,0.3
11/03/2012,24.8
12/03/2012,17.9
13/03/2012,28.2
14/03/2012,6.2
15/03/2012,3.5
16/03/2012,0.0
17/03/2012,0.0
18/03/2012,0.0
19/03/2012,0.0
20/03/2012,0.5
21/03/2012,0.0
22/03/2012,0.0
23/03/2012,7.0
24/03/2012,0.0
25/03/2012,0.0
26/03/2012,1.5
27/03/2012,0.0
28/03/2012,0.0
29/03/2012,0.0
30/03/2012,0.0
31/03/2012,5.0
01/04/2012,1.0
02/04/2012,15.7
03/04/2012,0.3
04/04/2012,0.0
05/04/2012,0.3
06/04/2012,7.2
07/04/2012,0.0
08/04/2012,1.8
09/04/2012,8.7
10/04/2012,0.5
11/04/2012,0.0
12/04/2012,0.0
13/04/2012,0.0
14/04/2012,0.5
15/04/2012,0.0
16/04/2012,0.0
17/04/2012,0.0
18/04/2012,0.0
19/04/2012,1.0
20/04/2012,0.0
21/04/2012,20.5
22/04/2012,0.0
23/04/2012,0.0
24/04/2012,0.0
25/04/2012,0.0
26/04/2012,24.0
27/04/2012,12.5
28/04/2012,22.5
29/04/2012,14.2
30/04/2012,35.3
01/05/2012,3.5
02/05/2012,45.0
03/05/2012,0.0
04/05/2012,24.4
05/05/2012,8.6
06/05/2012,13.0
07/05/2012,0.2
08/05/2012,10.3
09/05/2012,12.0
10/05/2012,7.5
11/05/2012,6.5
12/05/2012,3.0
13/05/2012,0.0
14/05/2012,4.1
15/05/2012,0.4
16/05/2012,0.0
17/05/2012,0.0
18/05/2012,0.0
19/05/2012,0.0
20/05/2012,11.0
21/05/2012,22.0
22/05/2012,0.0
23/05/2012,0.0
24/05/2012,20.4
25/05/2012,5.1
26/05/2012,0.0
27/05/2012,0.0
28/05/2012,0.0
29/05/2012,0.0
30/05/2012,0.0
31/05/2012,12.9
01/06/2012,29.1
02/06/2012,10.9
03/06/2012,0.7
04/06/2012,0.0
05/06/2012,0.0
06/06/2012,0.0
07/06/2012,0.0
08/06/2012,0.0
09/06/2012,0.0
10/06/2012,0.0
11/06/2012,0.0
12/06/2012,0.0
13/06/2012,0.5
14/06/2012,2.0
15/06/2012,0.0
16/06/2012,0.0
17/06/2012,0.0
18/06/2012,0.0
19/06/2012,0.0
20/06/2012,8.5
21/06/2012,0.5
22/06/2012,1.0
23/06/2012,20.0
24/06/2012,2.0
25/06/2012,19.0
26/06/2012,1.5
27/06/2012,22.0
28/06/2012,0.5
29/06/2012,25.0
30/06/2012,0.5
01/07/2012,0.0
02/07/2012,0.0
03/07/2012,0.5
04/07/2012,2.5
05/07/2012,0.5
06/07/2012,0.0
07/07/2012,0.0
08/07/2012,2.4
09/07/2012,1.1
10/07/2012,0.0
11/07/2012,0.0
12/07/2012,31.5
13/07/2012,0.0
14/07/2012,0.0
15/07/2012,0.0
16/07/2012,0.0
17/07/2012,1.0
18/07/2012,0.0
19/07/2012,7.0
20/07/2012,1.0
21/07/2012,0.0
22/07/2012,0.0
23/07/2012,0.0
24/07/2012,0.0
25/07/2012,0.0
26/07/2012,0.0
27/07/2012,0.0
28/07/2012,0.0
29/07/2012,0.0
30/07/2012,0.0
31/07/2012,0.0
01/08/2012,0.0
02/08/2012,0.0
03/08/2012,41.2
04/08/2012,14.6
05/08/2012,7.6
06/08/2012,19.5
07/08/2012,9.6
08/08/2012,0.4
09/08/2012,0.0
10/08/2012,0.0
11/08/2012,0.5
12/08/2012,15.5
13/08/2012,0.0
14/08/2012,0.0
15/08/2012,6.0
16/08/2012,27.0
17/08/2012,0.5
18/08/2012,22.5
19/08/2012,0.0
20/08/2012,0.0
21/08/2012,11.0
22/08/2012,97.5
23/08/2012,0.0
24/08/2012,33.4
25/08/2012,3.1
26/08/2012,4.5
27/08/2012,16.0
28/08/2012,31.0
29/08/2012,0.0
30/08/2012,7.7
31/08/2012,21.3
01/09/2012,1.0
02/09/2012,19.0
03/09/2012,0.5
04/09/2012,36.0
05/09/2012,21.5
06/09/2012,0.5
07/09/2012,0.0
08/09/2012,0.0
09/09/2012,0.0
10/09/2012,4.8
11/09/2012,20.8
12/09/2012,9.6
13/09/2012,6.8
14/09/2012,14.0
15/09/2012,21.0
16/09/2012,1.5
17/09/2012,0.0
18/09/2012,7.5
19/09/2012,46.2
20/09/2012,4.3
21/09/2012,32.5
22/09/2012,29.5
23/09/2012,0.0
24/09/2012,21.1
25/09/2012,7.7
26/09/2012,15.1
27/09/2012,6.1
28/09/2012,0.0
29/09/2012,0.0
30/09/2012,86.9
01/10/2012,0.1
02/10/2012,0.0
03/10/2012,0.0
04/10/2012,5.0
05/10/2012,9.0
06/10/2012,30.3
07/10/2012,8.7
08/10/2012,0.8
09/10/2012,0.2
10/10/2012,40.0
11/10/2012,24.0
12/10/2012,25.5
13/10/2012,7.5
14/10/2012,0.0
15/10/2012,0.5
16/10/2012,15.5
17/10/2012,0.4
18/10/2012,15.5
19/10/2012,46.2
20/10/2012,0.5
21/10/2012,27.3
22/10/2012,55.2
23/10/2012,0.0
24/10/2012,0.0
25/10/2012,1.0
26/10/2012,0.0
27/10/2012,0.0
28/10/2012,0.0
29/10/2012,0.0
30/10/2012,0.0
31/10/2012,0.9
01/11/2012,12.1
02/11/2012,38.3
03/11/2012,30.1
04/11/2012,7.9
05/11/2012,0.2
06/11/2012,0.4
07/11/2012,9.0
08/11/2012,5.1
09/11/2012,11.5
10/11/2012,10.5
11/11/2012,3.9
12/11/2012,1.5
13/11/2012,10.6
14/11/2012,0.0
15/11/2012,0.0
16/11/2012,0.0
17/11/2012,0.0
18/11/2012,0.5
19/11/2012,42.0
20/11/2012,1.0
21/11/2012,13.0
22/11/2012,0.5
23/11/2012,0.3
24/11/2012,7.5
25/11/2012,0.1
26/11/2012,0.4
27/11/2012,6.6
28/11/2012,11.4
29/11/2012,1.9
30/11/2012,0.7
01/12/2012,2.8
02/12/2012,0.2
03/12/2012,1.2
04/12/2012,13.1
05/12/2012,5.2
06/12/2012,0.5
07/12/2012,0.0
08/12/2012,0.0
09/12/2012,19.5
10/12/2012,0.9
11/12/2012,25.1
12/12/2012,14.0
13/12/2012,60.5
14/12/2012,1.0
15/12/2012,20.4
16/12/2012,52.2
17/12/2012,12.2
18/12/2012,84.5
19/12/2012,53.7
20/12/2012,20.5
21/12/2012,122.4
22/12/2012,114.0
23/12/2012,72.8
24/12/2012,151.0
25/12/2012,137.3
26/12/2012,26.8
27/12/2012,24.5
28/12/2012,15.6
29/12/2012,0.0
30/12/2012,14.5
31/12/2012,160.1
01/01/2013,18.4
02/01/2013,16.1
03/01/2013,52.6
04/01/2013,10.8
05/01/2013,0.1
06/01/2013,0.0
07/01/2013,0.0
08/01/2013,0.0
09/01/2013,20.7
10/01/2013,3.7
11/01/2013,88.7
12/01/2013,5.0
13/01/2013,0.0
14/01/2013,0.0
15/01/2013,0.4
16/01/2013,0.1
17/01/2013,0.5
18/01/2013,23.7
19/01/2013,1.9
20/01/2013,25.9
21/01/2013,47.8
22/01/2013,8.9
23/01/2013,14.9
24/01/2013,31.9
25/01/2013,0.0
26/01/2013,0.0
27/01/2013,0.0
28/01/2013,0.4
29/01/2013,0.6
30/01/2013,0.0
31/01/2013,0.0
01/02/2013,2.5
02/02/2013,0.5
03/02/2013,23.1
04/02/2013,4.1
05/02/2013,0.7
06/02/2013,0.0
07/02/2013,0.0
08/02/2013,0.0
09/02/2013,0.0
10/02/2013,1.7
11/02/2013,90.6
12/02/2013,132.6
13/02/2013,18.9
14/02/2013,24.7
15/02/2013,34.3
16/02/2013,24.7
17/02/2013,2.0
18/02/2013,8.0
19/02/2013,0.0
20/02/2013,0.0
21/02/2013,0.0
22/02/2013,0.0
23/02/2013,0.5
24/02/2013,21.1
25/02/2013,182.1
26/02/2013,29.9
27/02/2013,2.5
28/02/2013,40.0
01/03/2013,0.5
02/03/2013,0.0
03/03/2013,0.0
04/03/2013,0.0
05/03/2013,0.0
06/03/2013,1.6
07/03/2013,13.9
08/03/2013,0.6
09/03/2013,0.0
10/03/2013,0.0
11/03/2013,0.0
12/03/2013,0.0
13/03/2013,0.0
14/03/2013,0.0
15/03/2013,0.5
16/03/2013,3.5
17/03/2013,0.0
18/03/2013,0.5
19/03/2013,0.0
20/03/2013,0.0
21/03/2013,0.0
22/03/2013,0.0
23/03/2013,0.0
24/03/2013,0.0
25/03/2013,0.0
26/03/2013,0.0
27/03/2013,0.0
28/03/2013,0.0
29/03/2013,0.0
30/03/2013,0.0
31/03/2013,0.0
01/04/2013,0.0
02/04/2013,1.0
03/04/2013,0.0
04/04/2013,0.0
05/04/2013,0.0
06/04/2013,0.0
07/04/2013,0.0
08/04/2013,0.0
09/04/2013,0.5
10/04/2013,43.0
11/04/2013,12.5
12/04/2013,0.0
13/04/2013,26.3
14/04/2013,4.7
15/04/2013,0.0
16/04/2013,8.7
17/04/2013,14.3
18/04/2013,0.0
19/04/2013,5.0
20/04/2013,0.5
21/04/2013,0.0
22/04/2013,0.0
23/04/2013,0.0
24/04/2013,0.0
25/04/2013,0.5
26/04/2013,0.0
27/04/2013,8.0
28/04/2013,0.0
29/04/2013,0.0
30/04/2013,0.5
01/05/2013,1.9
02/05/2013,0.6
03/05/2013,0.5
04/05/2013,0.0
05/05/2013,11.0
06/05/2013,36.5
07/05/2013,0.5
08/05/2013,0.0
09/05/2013,0.0
10/05/2013,0.0
11/05/2013,0.0
12/05/2013,0.0
13/05/2013,5.2
14/05/2013,15.8
15/05/2013,16.5
16/05/2013,0.0
17/05/2013,15.0
18/05/2013,0.0
19/05/2013,1.0
20/05/2013,0.0
21/05/2013,0.0
22/05/2013,0.0
23/05/2013,6.5
24/05/2013,8.0
25/05/2013,0.0
26/05/2013,0.5
27/05/2013,0.0
28/05/2013,0.0
29/05/2013,0.0
30/05/2013,20.0
31/05/2013,0.0
01/06/2013,0.0
02/06/2013,2.5
03/06/2013,0.0
04/06/2013,0.0
05/06/2013,47.0
06/06/2013,0.0
07/06/2013,0.0
08/06/2013,0.0
09/06/2013,0.0
10/06/2013,0.0
11/06/2013,7.0
12/06/2013,0.0
13/06/2013,0.5
14/06/2013,1.5
15/06/2013,0.0
16/06/2013,0.0
17/06/2013,0.0
18/06/2013,0.0
19/06/2013,0.0
20/06/2013,0.0
21/06/2013,0.0
22/06/2013,0.0
23/06/2013,0.0
24/06/2013,0.0
25/06/2013,0.0
26/06/2013,6.0
27/06/2013,1.0
28/06/2013,35.5
29/06/2013,5.0
30/06/2013,0.0
01/07/2013,11.0
02/07/2013,6.5
03/07/2013,21.5
04/07/2013,29.1
05/07/2013,0.4
06/07/2013,0.0
07/07/2013,0.0
08/07/2013,0.0
09/07/2013,11.0
10/07/2013,0.3
11/07/2013,5.7
12/07/2013,0.0
13/07/2013,3.0
14/07/2013,24.5
15/07/2013,0.0
16/07/2013,6.0
17/07/2013,18.9
18/07/2013,0.6
19/07/2013,0.0
20/07/2013,0.0
21/07/2013,0.0
22/07/2013,0.0
23/07/2013,0.0
24/07/2013,0.0
25/07/2013,0.4
26/07/2013,23.9
27/07/2013,15.7
28/07/2013,0.0
29/07/2013,23.0
30/07/2013,61.7
31/07/2013,0.3
01/08/2013,22.1
02/08/2013,2.7
03/08/2013,0.2
04/08/2013,0.4
05/08/2013,58.0
06/08/2013,6.1
07/08/2013,0.0
08/08/2013,26.5
09/08/2013,0.0
10/08/2013,3.0
11/08/2013,0.0
12/08/2013,0.7
13/08/2013,8.3
14/08/2013,0.0
15/08/2013,0.0
16/08/2013,0.0
17/08/2013,0.0
18/08/2013,24.0
19/08/2013,0.0
20/08/2013,0.0
21/08/2013,3.0
22/08/2013,0.5
23/08/2013,0.0
24/08/2013,0.0
25/08/2013,13.0
26/08/2013,0.5
27/08/2013,0.5
28/08/2013,0.0
29/08/2013,3.0
30/08/2013,2.0
31/08/2013,0.5
01/09/2013,0.0
02/09/2013,0.0
03/09/2013,9.5
04/09/2013,0.5
05/09/2013,0.0
06/09/2013,3.5
07/09/2013,63.4
08/09/2013,1.0
09/09/2013,5.6
10/09/2013,0.0
11/09/2013,21.5
12/09/2013,16.0
13/09/2013,0.0
14/09/2013,33.5
15/09/2013,0.0
16/09/2013,18.2
17/09/2013,0.3
18/09/2013,0.0
19/09/2013,0.0
20/09/2013,0.0
21/09/2013,0.0
22/09/2013,0.0
23/09/2013,0.0
24/09/2013,7.5
25/09/2013,3.5
26/09/2013,25.5
27/09/2013,0.5
28/09/2013,6.2
29/09/2013,1.3
30/09/2013,0.0
01/10/2013,67.0
02/10/2013,8.5
03/10/2013,26.3
04/10/2013,10.7
05/10/2013,8.8
06/10/2013,22.7
07/10/2013,8.1
08/10/2013,91.4
09/10/2013,17.0
10/10/2013,17.2
11/10/2013,23.7
12/10/2013,23.6
13/10/2013,1.5
14/10/2013,8.0
15/10/2013,24.3
16/10/2013,26.7
17/10/2013,41.9
18/10/2013,4.0
19/10/2013,7.1
20/10/2013,1.5
21/10/2013,11.3
22/10/2013,7.4
23/10/2013,3.2
24/10/2013,10.6
25/10/2013,16.3
26/10/2013,0.5
27/10/2013,5.6
28/10/2013,7.0
29/10/2013,1.5
30/10/2013,0.0
31/10/2013,0.4
01/11/2013,115.6
02/11/2013,0.4
03/11/2013,4.1
04/11/2013,7.2
05/11/2013,46.9
06/11/2013,3.3
07/11/2013,7.5
08/11/2013,0.0
09/11/2013,6.5
10/11/2013,0.5
11/11/2013,22.0
12/11/2013,0.0
13/11/2013,0.0
14/11/2013,0.6
15/11/2013,3.9
16/11/2013,4.6
17/11/2013,6.4
18/11/2013,5.9
19/11/2013,22.4
20/11/2013,108.0
21/11/2013,10.7
22/11/2013,1.2
23/11/2013,9.2
24/11/2013,2.2
25/11/2013,0.0
26/11/2013,0.0
27/11/2013,2.0
28/11/2013,18.0
29/11/2013,25.3
30/11/2013,119.7
01/12/2013,34.8
02/12/2013,128.1
03/12/2013,158.3
04/12/2013,144.6
05/12/2013,11.1
06/12/2013,23.8
07/12/2013,23.2
08/12/2013,1.6
09/12/2013,32.1
10/12/2013,327.6
11/12/2013,5.8
12/12/2013,69.9
13/12/2013,0.3
14/12/2013,7.2
15/12/2013,0.0
16/12/2013,10.1
17/12/2013,5.9
18/12/2013,0.3
19/12/2013,28.2
20/12/2013,1.0
21/12/2013,4.0
22/12/2013,0.3
23/12/2013,0.2
24/12/2013,2.0
25/12/2013,0.6
26/12/2013,4.7
27/12/2013,4.8
28/12/2013,18.8
29/12/2013,5.4
30/12/2013,0.7
31/12/2013,13.3
01/01/2014,8.6
02/01/2014,5.9
03/01/2014,8.7
04/01/2014,0.0
05/01/2014,4.7
06/01/2014,4.3
07/01/2014,0.0
08/01/2014,0.5
09/01/2014,7.6
10/01/2014,53.1
11/01/2014,101.4
12/01/2014,52.4
13/01/2014,8.1
14/01/2014,0.0
15/01/2014,0.5
16/01/2014,0.0
17/01/2014,1.5
18/01/2014,1.5
19/01/2014,0.0
20/01/2014,0.0
21/01/2014,0.0
22/01/2014,0.4
23/01/2014,0.6
24/01/2014,0.0
25/01/2014,0.0
26/01/2014,0.0
27/01/2014,0.0
28/01/2014,1.5
29/01/2014,0.0
30/01/2014,0.0
31/01/2014,0.0
01/02/2014,0.0
02/02/2014,0.0
03/02/2014,0.0
04/02/2014,0.0
05/02/2014,0.0
06/02/2014,0.0
07/02/2014,0.0
08/02/2014,0.0
09/02/2014,0.0
10/02/2014,0.0
11/02/2014,0.0
12/02/2014,0.0
13/02/2014,0.0
14/02/2014,0.0
15/02/2014,1.2
16/02/2014,0.7
17/02/2014,0.1
18/02/2014,0.0
19/02/2014,0.0
20/02/2014,0.5
21/02/2014,0.0
22/02/2014,0.0
23/02/2014,0.0
24/02/2014,0.0
25/02/2014,0.0
26/02/2014,0.0
27/02/2014,0.0
28/02/2014,0.0
01/03/2014,0.0
02/03/2014,0.0
03/03/2014,0.0
04/03/2014,0.0
05/03/2014,0.0
06/03/2014,0.0
07/03/2014,0.0
08/03/2014,0.0
09/03/2014,0.0
10/03/2014,0.0
11/03/2014,0.0
12/03/2014,0.0
13/03/2014,0.0
14/03/2014,0.0
15/03/2014,29.4
16/03/2014,12.2
17/03/2014,2.9
18/03/2014,0.0
19/03/2014,0.0
20/03/2014,0.0
21/03/2014,0.0
22/03/2014,0.0
23/03/2014,0.5
24/03/2014,15.5
25/03/2014,1.0
26/03/2014,0.0
27/03/2014,0.0
28/03/2014,0.5
29/03/2014,1.5
30/03/2014,0.5
31/03/2014,0.0
01/04/2014,0.0
02/04/2014,0.0
03/04/2014,0.0
04/04/2014,0.0
05/04/2014,0.0
06/04/2014,0.0
07/04/2014,0.0
08/04/2014,0.0
09/04/2014,0.0
10/04/2014,0.0
11/04/2014,0.0
12/04/2014,0.0
13/04/2014,0.0
14/04/2014,0.0
15/04/2014,0.0
16/04/2014,0.0
17/04/2014,0.0
18/04/2014,27.5
19/04/2014,0.5
20/04/2014,2.5
21/04/2014,0.0
22/04/2014,0.0
23/04/2014,0.0
24/04/2014,0.0
25/04/2014,0.0
26/04/2014,0.0
27/04/2014,0.0
28/04/2014,0.0
29/04/2014,0.0
30/04/2014,0.0
01/05/2014,0.0
02/05/2014,0.0
03/05/2014,0.0
04/05/2014,0.4
05/05/2014,18.6
06/05/2014,0.5
07/05/2014,3.5
08/05/2014,0.0
09/05/2014,0.0
10/05/2014,5.0
11/05/2014,0.0
12/05/2014,1.0
13/05/2014,0.0
14/05/2014,0.0
15/05/2014,0.5
16/05/2014,21.0
17/05/2014,7.0
18/05/2014,0.0
19/05/2014,0.0
20/05/2014,0.5
21/05/2014,0.0
22/05/2014,20.5
23/05/2014,0.0
24/05/2014,0.0
25/05/2014,0.0
26/05/2014,0.0
27/05/2014,0.0
28/05/2014,0.0
29/05/2014,23.0
30/05/2014,2.0
31/05/2014,2.5
01/06/2014,9.3
02/06/2014,0.2
03/06/2014,0.0
04/06/2014,16.0
05/06/2014,28.4
06/06/2014,2.1
07/06/2014,0.0
08/06/2014,24.0
09/06/2014,0.0
10/06/2014,14.0
11/06/2014,0.0
12/06/2014,29.0
13/06/2014,0.0
14/06/2014,0.0
15/06/2014,25.5
16/06/2014,0.0
17/06/2014,0.0
18/06/2014,0.0
19/06/2014,2.0
20/06/2014,0.0
21/06/2014,0.5
22/06/2014,37.0
23/06/2014,0.0
24/06/2014,0.0
25/06/2014,0.0
26/06/2014,31.5
27/06/2014,0.0
28/06/2014,0.0
29/06/2014,5.0
30/06/2014,36.0
01/07/2014,26.0
02/07/2014,9.0
03/07/2014,8.0
04/07/2014,9.4
05/07/2014,0.6
06/07/2014,0.0
07/07/2014,7.2
08/07/2014,0.3
09/07/2014,0.0
10/07/2014,7.0
11/07/2014,10.5
12/07/2014,0.0
13/07/2014,0.0
14/07/2014,2.5
15/07/2014,1.0
16/07/2014,41.9
17/07/2014,57.6
18/07/2014,0.5
19/07/2014,0.0
20/07/2014,0.0
21/07/2014,7.0
22/07/2014,5.5
23/07/2014,0.0
24/07/2014,0.0
25/07/2014,0.0
26/07/2014,0.0
27/07/2014,0.0
28/07/2014,15.5
29/07/2014,0.5
30/07/2014,2.9
31/07/2014,0.1
01/08/2014,0.0
02/08/2014,52.0
03/08/2014,15.3
04/08/2014,14.7
05/08/2014,0.5
06/08/2014,0.0
07/08/2014,19.0
08/08/2014,0.0
09/08/2014,0.0
10/08/2014,0.0
11/08/2014,0.0
12/08/2014,0.0
13/08/2014,4.0
14/08/2014,12.0
15/08/2014,0.0
16/08/2014,0.5
17/08/2014,0.0
18/08/2014,75.0
19/08/2014,66.0
20/08/2014,11.9
21/08/2014,0.1
22/08/2014,0.0
23/08/2014,0.0
24/08/2014,17.0
25/08/2014,12.0
26/08/2014,1.0
27/08/2014,3.0
28/08/2014,0.0
29/08/2014,0.0
30/08/2014,4.5
31/08/2014,7.0
01/09/2014,1.0
02/09/2014,0.0
03/09/2014,13.5
04/09/2014,2.0
05/09/2014,0.5
06/09/2014,0.5
07/09/2014,0.0
08/09/2014,0.0
09/09/2014,0.0
10/09/2014,9.0
11/09/2014,0.0
12/09/2014,0.4
13/09/2014,34.1
14/09/2014,11.0
15/09/2014,5.2
16/09/2014,0.3
17/09/2014,0.0
18/09/2014,0.0
19/09/2014,0.0
20/09/2014,0.0
21/09/2014,0.0
22/09/2014,0.0
23/09/2014,0.0
24/09/2014,2.0
25/09/2014,8.0
26/09/2014,0.0
27/09/2014,0.0
28/09/2014,0.0
29/09/2014,5.5
30/09/2014,14.5
01/10/2014,24.5
02/10/2014,40.0
03/10/2014,33.4
04/10/2014,8.6
05/10/2014,17.5
06/10/2014,1.0
07/10/2014,0.0
08/10/2014,0.0
09/10/2014,6.4
10/10/2014,0.1
11/10/2014,0.5
12/10/2014,1.0
13/10/2014,12.5
14/10/2014,0.0
15/10/2014,0.0
16/10/2014,2.2
17/10/2014,23.6
18/10/2014,0.6
19/10/2014,12.1
20/10/2014,0.0
21/10/2014,0.0
22/10/2014,13.5
23/10/2014,5.5
24/10/2014,30.5
25/10/2014,0.5
26/10/2014,0.0
27/10/2014,0.5
28/10/2014,0.0
29/10/2014,0.0
30/10/2014,0.0
31/10/2014,12.3
01/11/2014,36.7
02/11/2014,44.0
03/11/2014,0.5
04/11/2014,8.5
05/11/2014,1.0
06/11/2014,2.1
07/11/2014,3.4
08/11/2014,8.5
09/11/2014,6.5
10/11/2014,4.5
11/11/2014,0.0
12/11/2014,5.6
13/11/2014,15.1
14/11/2014,68.3
15/11/2014,24.0
16/11/2014,31.6
17/11/2014,52.8
18/11/2014,143.5
19/11/2014,19.2
20/11/2014,105.7
21/11/2014,0.2
22/11/2014,0.0
23/11/2014,0.7
24/11/2014,70.5
25/11/2014,1.9
26/11/2014,0.0
27/11/2014,0.0
28/11/2014,0.5
29/11/2014,2.0
30/11/2014,0.0
01/12/2014,0.0
02/12/2014,2.5
03/12/2014,17.5
04/12/2014,15.5
05/12/2014,0.0
06/12/2014,6.5
07/12/2014,7.1
08/12/2014,27.8
09/12/2014,3.6
10/12/2014,0.4
11/12/2014,1.6
12/12/2014,0.0
13/12/2014,0.0
14/12/2014,56.8
15/12/2014,208.1
16/12/2014,55.1
17/12/2014,233.8
18/12/2014,139.7
19/12/2014,43.5
20/12/2014,53.1
21/12/2014,79.9
22/12/2014,125.5
23/12/2014,130.1
24/12/2014,57.7
25/12/2014,37.8
26/12/2014,90.1
27/12/2014,16.3
28/12/2014,43.0
29/12/2014,103.0
30/12/2014,17.0
31/12/2014,0.5
01/01/2015,0.4
02/01/2015,3.4
03/01/2015,5.6
04/01/2015,7.1
05/01/2015,0.9
06/01/2015,3.1
07/01/2015,25.9
08/01/2015,65.6
09/01/2015,33.1
10/01/2015,104.0
11/01/2015,0.9
12/01/2015,0.0
13/01/2015,2.5
14/01/2015,3.5
15/01/2015,0.0
16/01/2015,0.0
17/01/2015,0.0
18/01/2015,0.0
19/01/2015,5.5
20/01/2015,0.0
21/01/2015,0.5
22/01/2015,0.0
23/01/2015,0.0
24/01/2015,0.0
25/01/2015,0.0
26/01/2015,0.0
27/01/2015,0.0
28/01/2015,0.0
29/01/2015,0.5
30/01/2015,0.0
31/01/2015,0.0
01/02/2015,0.0
02/02/2015,0.0
03/02/2015,59.0
04/02/2015,27.0
05/02/2015,3.0
06/02/2015,2.0
07/02/2015,0.0
08/02/2015,0.0
09/02/2015,0.0
10/02/2015,0.0
11/02/2015,0.0
12/02/2015,0.0
13/02/2015,0.0
14/02/2015,0.0
15/02/2015,0.0
16/02/2015,0.0
17/02/2015,0.0
18/02/2015,0.0
19/02/2015,0.0
20/02/2015,0.0
21/02/2015,0.0
22/02/2015,0.0
23/02/2015,0.0
24/02/2015,0.0
25/02/2015,0.0
26/02/2015,0.0
27/02/2015,0.0
28/02/2015,0.0
01/03/2015,0.0
02/03/2015,0.0
03/03/2015,0.0
04/03/2015,0.0
05/03/2015,0.0
06/03/2015,0.0
07/03/2015,0.0
08/03/2015,0.0
09/03/2015,0.0
10/03/2015,0.0
11/03/2015,0.0
12/03/2015,0.0
13/03/2015,0.0
14/03/2015,0.0
15/03/2015,0.0
16/03/2015,0.0
17/03/2015,0.0
18/03/2015,0.0
19/03/2015,0.0
20/03/2015,0.0
21/03/2015,0.0
22/03/2015,0.0
23/03/2015,0.0
24/03/2015,0.0
25/03/2015,1.5
26/03/2015,1.0
27/03/2015,5.0
28/03/2015,0.5
29/03/2015,9.5
30/03/2015,18.5
31/03/2015,11.5
01/04/2015,3.0
02/04/2015,0.0
03/04/2015,0.0
04/04/2015,0.0
05/04/2015,0.0
06/04/2015,0.0
07/04/2015,0.0
08/04/2015,0.0
09/04/2015,0.0
10/04/2015,27.0
11/04/2015,0.0
12/04/2015,0.0
13/04/2015,0.0
14/04/2015,4.5
15/04/2015,0.0
16/04/2015,0.0
17/04/2015,0.0
18/04/2015,0.0
19/04/2015,0.0
20/04/2015,0.0
21/04/2015,0.0
22/04/2015,3.4
23/04/2015,1.6
24/04/2015,0.5
25/04/2015,19.5
26/04/2015,0.4
27/04/2015,25.1
28/04/2015,0.0
29/04/2015,0.0
30/04/2015,0.0
01/05/2015,0.5
02/05/2015,3.0
03/05/2015,0.0
04/05/2015,0.0
05/05/2015,0.0
06/05/2015,0.0
07/05/2015,0.0
08/05/2015,0.0
09/05/2015,2.0
10/05/2015,0.0
11/05/2015,30.5
12/05/2015,0.0
13/05/2015,0.0
14/05/2015,0.0
15/05/2015,15.5
16/05/2015,80.0
17/05/2015,0.0
18/05/2015,14.0
19/05/2015,0.0
20/05/2015,54.0
21/05/2015,17.0
22/05/2015,19.5
23/05/2015,0.0
24/05/2015,0.5
25/05/2015,16.0
26/05/2015,0.0
27/05/2015,0.0
28/05/2015,0.0
29/05/2015,4.5
30/05/2015,0.0
31/05/2015,0.0
01/06/2015,0.0
02/06/2015,0.0
03/06/2015,0.0
04/06/2015,0.0
05/06/2015,0.0
06/06/2015,0.0
07/06/2015,0.0
08/06/2015,0.0
09/06/2015,0.0
10/06/2015,0.0
11/06/2015,10.0
12/06/2015,20.0
13/06/2015,10.5
14/06/2015,1.0
15/06/2015,0.0
16/06/2015,0.0
17/06/2015,0.0
18/06/2015,0.0
19/06/2015,0.0
20/06/2015,28.5
21/06/2015,0.0
22/06/2015,0.0
23/06/2015,0.0
24/06/2015,0.0
25/06/2015,0.0
26/06/2015,0.0
27/06/2015,0.0
28/06/2015,0.0
29/06/2015,0.5
30/06/2015,0.0
01/07/2015,1.0
02/07/2015,0.5
03/07/2015,9.0
04/07/2015,35.0
05/07/2015,0.0
06/07/2015,0.5
07/07/2015,11.5
08/07/2015,16.5
09/07/2015,0.0
10/07/2015,0.0
11/07/2015,15.0
12/07/2015,0.0
13/07/2015,2.0
14/07/2015,0.0
15/07/2015,9.5
16/07/2015,5.0
17/07/2015,2.0
18/07/2015,12.5
19/07/2015,25.0
20/07/2015,0.5
21/07/2015,53.5
22/07/2015,0.0
23/07/2015,0.0
24/07/2015,0.0
25/07/2015,0.0
26/07/2015,7.4
27/07/2015,0.6
28/07/2015,0.0
29/07/2015,0.0
30/07/2015,0.0
31/07/2015,0.0
01/08/2015,13.5
02/08/2015,29.8
03/08/2015,8.7
04/08/2015,0.5
05/08/2015,1.0
06/08/2015,3.5
07/08/2015,8.0
08/08/2015,32.6
09/08/2015,15.4
10/08/2015,8.0
11/08/2015,5.0
12/08/2015,1.0
13/08/2015,0.0
14/08/2015,0.0
15/08/2015,0.0
16/08/2015,0.0
17/08/2015,0.0
18/08/2015,7.5
19/08/2015,3.9
20/08/2015,13.8
21/08/2015,13.4
22/08/2015,0.0
23/08/2015,6.5
24/08/2015,0.5
25/08/2015,32.0
26/08/2015,0.0
27/08/2015,0.0
28/08/2015,0.0
29/08/2015,0.0
30/08/2015,19.5
31/08/2015,0.5
01/09/2015,0.0
02/09/2015,0.0
03/09/2015,0.0
04/09/2015,0.0
05/09/2015,1.5
06/09/2015,0.0
07/09/2015,0.5
08/09/2015,30.7
09/09/2015,7.8
10/09/2015,0.0
11/09/2015,0.4
12/09/2015,15.6
13/09/2015,2.0
14/09/2015,0.5
15/09/2015,4.5
16/09/2015,20.0
17/09/2015,0.0
18/09/2015,0.0
19/09/2015,0.0
20/09/2015,0.0
21/09/2015,0.0
22/09/2015,0.0
23/09/2015,0.0
24/09/2015,0.0
25/09/2015,0.5
26/09/2015,7.3
27/09/2015,0.2
28/09/2015,0.0
29/09/2015,4.0
30/09/2015,0.0
01/10/2015,41.0
02/10/2015,0.5
03/10/2015,0.0
04/10/2015,12.0
05/10/2015,0.5
06/10/2015,2.5
07/10/2015,0.0
08/10/2015,0.0
09/10/2015,0.0
10/10/2015,0.0
11/10/2015,0.0
12/10/2015,0.0
13/10/2015,0.0
14/10/2015,1.0
15/10/2015,0.0
16/10/2015,2.9
17/10/2015,12.9
18/10/2015,0.7
19/10/2015,0.0
20/10/2015,0.0
21/10/2015,0.0
22/10/2015,0.0
23/10/2015,0.0
24/10/2015,26.0
25/10/2015,0.9
26/10/2015,26.9
27/10/2015,2.0
28/10/2015,28.0
29/10/2015,25.8
30/10/2015,39.3
31/10/2015,17.8
01/11/2015,3.7
02/11/2015,9.0
03/11/2015,2.5
04/11/2015,0.5
05/11/2015,12.5
06/11/2015,37.5
07/11/2015,0.5
08/11/2015,35.5
09/11/2015,1.0
10/11/2015,0.5
11/11/2015,3.5
12/11/2015,0.0
13/11/2015,0.0
14/11/2015,1.0
15/11/2015,15.9
16/11/2015,20.1
17/11/2015,3.3
18/11/2015,0.3
19/11/2015,7.9
20/11/2015,42.8
21/11/2015,26.8
22/11/2015,58.4
23/11/2015,7.1
24/11/2015,25.0
25/11/2015,4.0
26/11/2015,14.8
27/11/2015,76.3
28/11/2015,56.1
29/11/2015,69.2
30/11/2015,29.6
01/12/2015,5.0
02/12/2015,0.8
03/12/2015,6.2
04/12/2015,0.8
05/12/2015,8.6
06/12/2015,9.6
07/12/2015,23.3
08/12/2015,9.3
09/12/2015,9.4
10/12/2015,0.4
11/12/2015,2.1
12/12/2015,6.1
13/12/2015,25.4
14/12/2015,0.0
15/12/2015,0.0
16/12/2015,0.7
17/12/2015,1.3
18/12/2015,0.6
19/12/2015,0.0
20/12/2015,0.0
21/12/2015,0.0
22/12/2015,0.0
23/12/2015,12.3
24/12/2015,97.6
25/12/2015,38.1
26/12/2015,1.1
27/12/2015,99.1
28/12/2015,81.3
29/12/2015,5.6
30/12/2015,0.3
31/12/2015,4.3
01/01/2016,15.2
02/01/2016,6.2
03/01/2016,0.5
04/01/2016,17.0
05/01/2016,0.9
06/01/2016,0.1
07/01/2016,0.0
08/01/2016,0.8
09/01/2016,0.2
10/01/2016,0.0
11/01/2016,0.0
12/01/2016,0.0
13/01/2016,0.5
14/01/2016,21.4
15/01/2016,65.1
16/01/2016,0.5
17/01/2016,0.0
18/01/2016,0.0
19/01/2016,0.0
20/01/2016,0.0
21/01/2016,3.5
22/01/2016,13.5
23/01/2016,0.5
24/01/2016,7.1
25/01/2016,8.8
26/01/2016,34.4
27/01/2016,1.2
28/01/2016,0.0
29/01/2016,0.0
30/01/2016,0.0
31/01/2016,4.5
01/02/2016,0.0
02/02/2016,14.0
03/02/2016,23.8
04/02/2016,62.7
05/02/2016,14.8
06/02/2016,36.6
07/02/2016,10.7
08/02/2016,0.0
09/02/2016,0.5
10/02/2016,10.5
11/02/2016,0.5
12/02/2016,3.3
13/02/2016,104.7
14/02/2016,0.5
15/02/2016,0.4
16/02/2016,0.6
17/02/2016,2.1
18/02/2016,4.9
19/02/2016,10.6
20/02/2016,0.0
21/02/2016,0.0
22/02/2016,0.0
23/02/2016,0.0
24/02/2016,0.6
25/02/2016,8.1
26/02/2016,4.5
27/02/2016,20.6
28/02/2016,4.0
29/02/2016,2.6
01/03/2016,0.0
02/03/2016,0.0
03/03/2016,0.0
04/03/2016,0.0
05/03/2016,1.5
06/03/2016,0.0
07/03/2016,0.0
08/03/2016,0.0
09/03/2016,0.0
10/03/2016,0.0
11/03/2016,0.0
12/03/2016,0.0
13/03/2016,0.0
14/03/2016,0.0
15/03/2016,0.0
16/03/2016,0.0
17/03/2016,0.0
18/03/2016,0.0
19/03/2016,0.0
20/03/2016,0.0
21/03/2016,0.0
22/03/2016,0.0
23/03/2016,0.0
24/03/2016,0.0
25/03/2016,0.0
26/03/2016,2.0
27/03/2016,10.9
28/03/2016,9.6
29/03/2016,0.0
30/03/2016,0.0
31/03/2016,0.0
01/04/2016,0.0
02/04/2016,0.0
03/04/2016,0.5
04/04/2016,0.0
05/04/2016,0.0
06/04/2016,0.0
07/04/2016,0.0
08/04/2016,0.0
09/04/2016,0.0
10/04/2016,0.0
11/04/2016,0.0
12/04/2016,0.0
13/04/2016,0.0
14/04/2016,0.0
15/04/2016,0.0
16/04/2016,0.0
17/04/2016,0.0
18/04/2016,0.0
19/04/2016,2.0
20/04/2016,0.0
21/04/2016,0.0
22/04/2016,0.0
23/04/2016,0.4
24/04/2016,0.1
25/04/2016,0.0
26/04/2016,0.0
27/04/2016,0.0
28/04/2016,0.0
29/04/2016,0.0
30/04/2016,0.0
01/05/2016,0.5
02/05/2016,15.5
03/05/2016,0.0
04/05/2016,0.0
05/05/2016,0.0
06/05/2016,0.0
07/05/2016,0.0
08/05/2016,0.0
09/05/2016,0.0
10/05/2016,0.0
11/05/2016,1.5
12/05/2016,0.5
13/05/2016,5.5
14/05/2016,0.0
15/05/2016,0.0
16/05/2016,0.0
17/05/2016,0.0
18/05/2016,0.4
19/05/2016,24.6
20/05/2016,0.0
21/05/2016,0.0
22/05/2016,0.4
23/05/2016,7.1
24/05/2016,0.5
25/05/2016,24.5
26/05/2016,0.4
27/05/2016,5.4
28/05/2016,85.4
29/05/2016,17.2
30/05/2016,3.5
31/05/2016,0.0
01/06/2016,0.0
02/06/2016,0.0
03/06/2016,13.0
04/06/2016,0.5
05/06/2016,0.0
06/06/2016,0.0
07/06/2016,2.5
08/06/2016,23.0
09/06/2016,0.0
10/06/2016,0.0
11/06/2016,9.0
12/06/2016,0.5
13/06/2016,10.0
14/06/2016,6.0
15/06/2016,20.5
16/06/2016,2.0
17/06/2016,32.0
18/06/2016,0.0
19/06/2016,0.0
20/06/2016,0.0
21/06/2016,0.0
22/06/2016,0.0
23/06/2016,0.0
24/06/2016,4.0
25/06/2016,0.5
26/06/2016,7.5
27/06/2016,4.5
28/06/2016,4.5
29/06/2016,0.0
30/06/2016,42.0
01/07/2016,0.0
02/07/2016,0.0
03/07/2016,0.0
04/07/2016,0.0
05/07/2016,1.0
06/07/2016,11.5
07/07/2016,17.0
08/07/2016,29.5
09/07/2016,0.0
10/07/2016,0.0
11/07/2016,0.0
12/07/2016,4.0
13/07/2016,0.0
14/07/2016,0.0
15/07/2016,0.0
16/07/2016,0.0
17/07/2016,0.0
18/07/2016,0.0
19/07/2016,0.0
20/07/2016,3.5
21/07/2016,5.0
22/07/2016,13.5
23/07/2016,0.0
24/07/2016,0.0
25/07/2016,22.0
26/07/2016,0.5
27/07/2016,1.5
28/07/2016,71.0
29/07/2016,60.0
30/07/2016,19.0
31/07/2016,0.0
01/08/2016,0.0
02/08/2016,0.0
03/08/2016,0.0
04/08/2016,0.0
05/08/2016,39.0
06/08/2016,0.0
07/08/2016,0.0
08/08/2016,0.0
09/08/2016,0.5
10/08/2016,10.5
11/08/2016,1.0
12/08/2016,16.5
13/08/2016,6.5
14/08/2016,2.0
15/08/2016,0.0
16/08/2016,1.0
17/08/2016,0.0
18/08/2016,0.4
19/08/2016,8.6
20/08/2016,0.5
21/08/2016,0.0
22/08/2016,58.5
23/08/2016,7.9
24/08/2016,52.0
25/08/2016,10.7
26/08/2016,13.9
27/08/2016,0.5
28/08/2016,0.0
29/08/2016,7.0
30/08/2016,0.5
31/08/2016,0.4
01/09/2016,63.1
02/09/2016,0.0
03/09/2016,2.5
04/09/2016,28.7
05/09/2016,13.2
06/09/2016,22.8
07/09/2016,3.0
08/09/2016,7.9
09/09/2016,2.5
10/09/2016,0.0
11/09/2016,17.0
12/09/2016,2.0
13/09/2016,1.4
14/09/2016,22.6
15/09/2016,4.0
16/09/2016,0.0
17/09/2016,19.0
18/09/2016,0.7
19/09/2016,16.3
20/09/2016,63.5
21/09/2016,23.9
22/09/2016,14.1
23/09/2016,0.0
24/09/2016,0.4
25/09/2016,3.1
26/09/2016,0.0
27/09/2016,0.0
28/09/2016,4.0
29/09/2016,38.5
30/09/2016,24.5
01/10/2016,0.0
02/10/2016,0.0
03/10/2016,0.0
04/10/2016,0.5
05/10/2016,2.6
06/10/2016,0.4
07/10/2016,22.5
08/10/2016,20.5
09/10/2016,7.0
10/10/2016,6.5
11/10/2016,0.0
12/10/2016,6.8
13/10/2016,1.7
14/10/2016,25.9
15/10/2016,1.0
16/10/2016,11.3
17/10/2016,0.7
18/10/2016,0.0
19/10/2016,0.5
20/10/2016,25.8
21/10/2016,15.7
22/10/2016,36.5
23/10/2016,6.0
24/10/2016,24.5
25/10/2016,0.0
26/10/2016,32.0
27/10/2016,4.5
28/10/2016,4.5
29/10/2016,6.5
30/10/2016,5.5
31/10/2016,1.3
01/11/2016,8.0
02/11/2016,14.4
03/11/2016,1.7
04/11/2016,0.0
05/11/2016,15.4
06/11/2016,0.6
07/11/2016,12.5
08/11/2016,57.2
09/11/2016,0.3
10/11/2016,0.0
11/11/2016,4.3
12/11/2016,30.7
13/11/2016,9.5
14/11/2016,4.5
15/11/2016,9.5
16/11/2016,96.0
17/11/2016,1.0
18/11/2016,6.5
19/11/2016,0.0
20/11/2016,1.0
21/11/2016,13.5
22/11/2016,0.5
23/11/2016,0.0
24/11/2016,0.5
25/11/2016,0.0
26/11/2016,1.0
27/11/2016,8.9
28/11/2016,5.7
29/11/2016,163.0
30/11/2016,0.9
01/12/2016,161.8
02/12/2016,23.7
03/12/2016,16.0
04/12/2016,2.6
05/12/2016,45.3
06/12/2016,86.9
07/12/2016,17.7
08/12/2016,13.7
09/12/2016,2.4
10/12/2016,18.9
11/12/2016,15.1
12/12/2016,0.0
13/12/2016,0.0
14/12/2016,0.0
15/12/2016,2.5
16/12/2016,25.6
17/12/2016,29.1
18/12/2016,12.7
19/12/2016,57.4
20/12/2016,0.7
21/12/2016,0.0
22/12/2016,28.0
23/12/2016,103.2
24/12/2016,9.4
25/12/2016,32.2
26/12/2016,35.6
27/12/2016,34.2
28/12/2016,0.5
29/12/2016,0.4
30/12/2016,21.1
31/12/2016,215.0
01/01/2017,23.0
02/01/2017,55.0
03/01/2017,265.7
04/01/2017,52.3
05/01/2017,0.0
06/01/2017,26.4
07/01/2017,13.1
08/01/2017,0.0
09/01/2017,0.0
10/01/2017,0.0
11/01/2017,0.0
12/01/2017,0.0
13/01/2017,0.0
14/01/2017,0.0
15/01/2017,0.0
16/01/2017,0.0
17/01/2017,35.5
18/01/2017,0.5
19/01/2017,39.5
20/01/2017,113.9
21/01/2017,194.6
22/01/2017,24.1
23/01/2017,17.9
24/01/2017,46.6
25/01/2017,38.5
26/01/2017,26.1
27/01/2017,17.8
28/01/2017,0.0
29/01/2017,0.0
30/01/2017,0.0
31/01/2017,2.0
01/02/2017,1.0
02/02/2017,0.4
03/02/2017,14.4
04/02/2017,5.9
05/02/2017,0.2
06/02/2017,0.0
07/02/2017,0.0
08/02/2017,0.0
09/02/2017,0.0
10/02/2017,0.0
11/02/2017,6.7
12/02/2017,8.0
13/02/2017,17.1
14/02/2017,13.8
15/02/2017,15.2
16/02/2017,0.6
17/02/2017,0.3
18/02/2017,43.0
19/02/2017,6.1
20/02/2017,0.0
21/02/2017,0.0
22/02/2017,0.0
23/02/2017,11.0
24/02/2017,0.4
25/02/2017,10.1
26/02/2017,63.7
27/02/2017,7.7
28/02/2017,11.9
01/03/2017,35.4
02/03/2017,6.4
03/03/2017,0.9
04/03/2017,0.0
05/03/2017,0.0
06/03/2017,0.0
07/03/2017,0.0
08/03/2017,0.0
09/03/2017,0.0
10/03/2017,0.0
11/03/2017,0.0
12/03/2017,0.0
13/03/2017,0.0
14/03/2017,0.0
15/03/2017,0.0
16/03/2017,0.0
17/03/2017,0.0
18/03/2017,0.0
19/03/2017,0.0
20/03/2017,0.0
21/03/2017,0.0
22/03/2017,0.0
23/03/2017,0.0
24/03/2017,0.0
25/03/2017,0.5
26/03/2017,0.0
27/03/2017,11.2
28/03/2017,139.8
29/03/2017,7.5
30/03/2017,0.5
31/03/2017,45.5
01/04/2017,8.5
02/04/2017,27.5
03/04/2017,34.5
04/04/2017,6.5
05/04/2017,0.0
06/04/2017,5.8
07/04/2017,20.5
08/04/2017,0.2
09/04/2017,0.0
10/04/2017,40.0
11/04/2017,0.0
12/04/2017,0.0
13/04/2017,0.0
14/04/2017,0.5
15/04/2017,0.0
16/04/2017,0.0
17/04/2017,0.0
18/04/2017,16.0
19/04/2017,0.0
20/04/2017,0.0
21/04/2017,4.5
22/04/2017,0.0
23/04/2017,0.0
24/04/2017,0.0
25/04/2017,0.0
26/04/2017,0.0
27/04/2017,0.0
28/04/2017,0.0
29/04/2017,0.0
30/04/2017,0.0
01/05/2017,5.5
02/05/2017,0.0
03/05/2017,0.0
04/05/2017,0.0
05/05/2017,0.0
06/05/2017,0.5
07/05/2017,117.0
08/05/2017,1.5
09/05/2017,0.0
10/05/2017,53.3
11/05/2017,1.2
12/05/2017,3.0
13/05/2017,21.4
14/05/2017,11.1
15/05/2017,22.9
16/05/2017,18.6
17/05/2017,0.0
18/05/2017,0.0
19/05/2017,0.0
20/05/2017,0.0
21/05/2017,30.6
22/05/2017,10.4
23/05/2017,15.5
24/05/2017,0.4
25/05/2017,2.6
26/05/2017,12.5
27/05/2017,23.0
28/05/2017,0.0
29/05/2017,10.9
30/05/2017,0.1
31/05/2017,2.0
01/06/2017,19.0
02/06/2017,4.0
03/06/2017,2.5
04/06/2017,41.5
05/06/2017,17.0
06/06/2017,9.0
07/06/2017,0.0
08/06/2017,0.0
09/06/2017,0.0
10/06/2017,1.0
11/06/2017,27.5
12/06/2017,0.0
13/06/2017,0.0
14/06/2017,0.0
15/06/2017,14.0
16/06/2017,0.0
17/06/2017,0.0
18/06/2017,0.0
19/06/2017,84.8
20/06/2017,19.7
21/06/2017,58.5
22/06/2017,2.0
23/06/2017,5.5
24/06/2017,14.6
25/06/2017,0.4
26/06/2017,13.8
27/06/2017,1.2
28/06/2017,13.0
29/06/2017,0.4
30/06/2017,2.6
01/07/2017,0.0
02/07/2017,32.5
03/07/2017,12.5
04/07/2017,51.8
05/07/2017,36.7
06/07/2017,0.0
07/07/2017,36.5
08/07/2017,20.0
09/07/2017,1.0
10/07/2017,2.0
11/07/2017,14.0
12/07/2017,17.5
13/07/2017,9.5
14/07/2017,0.0
15/07/2017,0.0
16/07/2017,0.0
17/07/2017,0.0
18/07/2017,0.0
19/07/2017,0.0
20/07/2017,0.0
21/07/2017,0.0
22/07/2017,0.0
23/07/2017,0.0
24/07/2017,0.0
25/07/2017,0.0
26/07/2017,0.0
27/07/2017,0.0
28/07/2017,33.5
29/07/2017,0.0
30/07/2017,0.0
31/07/2017,0.0
01/08/2017,0.0
02/08/2017,48.5
03/08/2017,0.5
04/08/2017,0.5
05/08/2017,0.0
06/08/2017,0.0
07/08/2017,6.5
08/08/2017,21.5
09/08/2017,0.0
10/08/2017,50.0
11/08/2017,0.0
12/08/2017,1.0
13/08/2017,33.0
14/08/2017,10.5
15/08/2017,7.4
16/08/2017,3.6
17/08/2017,4.5
18/08/2017,0.0
19/08/2017,0.0
20/08/2017,34.6
21/08/2017,0.8
22/08/2017,40.6
23/08/2017,1.5
24/08/2017,0.4
25/08/2017,43.5
26/08/2017,33.6
27/08/2017,0.4
28/08/2017,9.6
29/08/2017,0.0
30/08/2017,0.5
31/08/2017,0.0
01/09/2017,26.0
02/09/2017,0.0
03/09/2017,0.0
04/09/2017,13.7
05/09/2017,0.3
06/09/2017,0.5
07/09/2017,0.0
08/09/2017,0.0
09/09/2017,0.0
10/09/2017,21.6
11/09/2017,64.6
12/09/2017,0.3
13/09/2017,30.4
14/09/2017,11.1
15/09/2017,2.0
16/09/2017,0.0
17/09/2017,16.5
18/09/2017,1.2
19/09/2017,1.8
20/09/2017,5.9
21/09/2017,9.1
22/09/2017,4.6
23/09/2017,0.4
24/09/2017,0.0
25/09/2017,0.4
26/09/2017,13.1
27/09/2017,1.5
28/09/2017,41.0
29/09/2017,0.8
30/09/2017,2.3
01/10/2017,41.9
02/10/2017,4.0
03/10/2017,20.5
04/10/2017,0.0
05/10/2017,0.0
06/10/2017,0.0
07/10/2017,26.8
08/10/2017,0.4
09/10/2017,10.6
10/10/2017,45.2
11/10/2017,11.3
12/10/2017,27.9
13/10/2017,20.2
14/10/2017,0.0
15/10/2017,2.5
16/10/2017,0.0
17/10/2017,0.0
18/10/2017,0.0
19/10/2017,0.5
20/10/2017,0.0
21/10/2017,34.5
22/10/2017,0.0
23/10/2017,6.5
24/10/2017,0.5
25/10/2017,0.0
26/10/2017,5.5
27/10/2017,53.4
28/10/2017,2.1
29/10/2017,22.8
30/10/2017,18.7
31/10/2017,8.5
01/11/2017,0.0
02/11/2017,13.8
03/11/2017,2.7
04/11/2017,14.5
05/11/2017,3.0
06/11/2017,12.0
07/11/2017,30.7
08/11/2017,3.3
09/11/2017,3.5
10/11/2017,0.5
11/11/2017,38.0
12/11/2017,0.2
13/11/2017,4.1
14/11/2017,41.1
15/11/2017,0.5
16/11/2017,0.5
17/11/2017,0.5
18/11/2017,0.0
19/11/2017,0.0
20/11/2017,0.0
21/11/2017,27.5
22/11/2017,0.8
23/11/2017,30.3
24/11/2017,5.7
25/11/2017,24.0
26/11/2017,80.7
27/11/2017,239.6
28/11/2017,51.7
29/11/2017,11.2
30/11/2017,46.2
01/12/2017,84.2
02/12/2017,24.1
03/12/2017,0.4
04/12/2017,21.6
05/12/2017,106.5
06/12/2017,2.9
07/12/2017,46.5
08/12/2017,115.1
09/12/2017,3.0
10/12/2017,18.0
11/12/2017,0.0
12/12/2017,1.0
13/12/2017,0.0
14/12/2017,0.0
15/12/2017,0.0
16/12/2017,8.0
17/12/2017,5.0
18/12/2017,29.5
19/12/2017,0.5
20/12/2017,0.5
21/12/2017,0.3
22/12/2017,23.9
23/12/2017,20.4
24/12/2017,4.7
25/12/2017,0.1
26/12/2017,6.9
27/12/2017,35.6
28/12/2017,65.9
29/12/2017,142.3
30/12/2017,11.6
31/12/2017,29.5
01/01/2018,47.0
02/01/2018,17.4
03/01/2018,22.8
04/01/2018,28.1
05/01/2018,3.0
06/01/2018,1.0
07/01/2018,13.3
08/01/2018,12.6
09/01/2018,5.6
10/01/2018,3.7
11/01/2018,11.8
12/01/2018,17.6
13/01/2018,45.5
14/01/2018,4.1
15/01/2018,2.7
16/01/2018,1.0
17/01/2018,0.4
18/01/2018,0.1
19/01/2018,44.8
20/01/2018,92.8
21/01/2018,139.9
22/01/2018,1.0
23/01/2018,9.5
24/01/2018,16.5
25/01/2018,0.5
26/01/2018,6.1
27/01/2018,18.4
28/01/2018,0.0
29/01/2018,0.0
30/01/2018,0.0
31/01/2018,0.5
01/02/2018,12.9
02/02/2018,7.5
03/02/2018,6.1
04/02/2018,0.0
05/02/2018,0.0
06/02/2018,0.0
07/02/2018,0.0
08/02/2018,0.0
09/02/2018,0.0
10/02/2018,0.0
11/02/2018,0.0
12/02/2018,1.0
13/02/2018,9.0
14/02/2018,0.5
15/02/2018,0.0
16/02/2018,0.0
17/02/2018,0.0
18/02/2018,0.0
19/02/2018,0.5
20/02/2018,0.0
21/02/2018,0.0
22/02/2018,0.0
23/02/2018,9.2
24/02/2018,4.8
25/02/2018,0.0
26/02/2018,0.4
27/02/2018,0.6
28/02/2018,0.0
01/03/2018,0.0
02/03/2018,0.0
03/03/2018,0.0
04/03/2018,0.0
05/03/2018,0.0
06/03/2018,0.4
07/03/2018,55.1
08/03/2018,4.5
09/03/2018,3.5
10/03/2018,4.9
11/03/2018,1.1
12/03/2018,4.6
13/03/2018,0.0
14/03/2018,0.0
15/03/2018,0.0
16/03/2018,0.0
17/03/2018,0.0
18/03/2018,0.0
19/03/2018,0.5
20/03/2018,0.0
21/03/2018,0.0
22/03/2018,0.0
23/03/2018,18.9
24/03/2018,8.6
25/03/2018,0.0
26/03/2018,0.0
27/03/2018,0.0
28/03/2018,0.0
29/03/2018,0.0
30/03/2018,0.0
31/03/2018,0.0
01/04/2018,0.0
02/04/2018,0.0
03/04/2018,0.0
04/04/2018,0.0
05/04/2018,0.0
06/04/2018,0.0
07/04/2018,0.5
08/04/2018,20.0
09/04/2018,1.0
10/04/2018,8.5
11/04/2018,0.0
12/04/2018,0.0
13/04/2018,0.4
14/04/2018,7.1
15/04/2018,0.0
16/04/2018,0.0
17/04/2018,0.4
18/04/2018,10.1
19/04/2018,0.0
20/04/2018,13.0
21/04/2018,0.5
22/04/2018,0.0
23/04/2018,0.0
24/04/2018,6.5
25/04/2018,20.5
26/04/2018,27.5
27/04/2018,6.5
28/04/2018,0.0
29/04/2018,0.0
30/04/2018,2.0
01/05/2018,42.0
02/05/2018,0.0
03/05/2018,0.0
04/05/2018,0.0
05/05/2018,27.0
06/05/2018,0.0
07/05/2018,0.0
08/05/2018,0.0
09/05/2018,0.0
10/05/2018,0.0
11/05/2018,0.0
12/05/2018,0.0
13/05/2018,0.0
14/05/2018,0.5
15/05/2018,4.0
16/05/2018,1.0
17/05/2018,2.5
18/05/2018,0.0
19/05/2018,0.0
20/05/2018,0.0
21/05/2018,2.5
22/05/2018,1.0
23/05/2018,11.0
24/05/2018,2.5
25/05/2018,0.0
26/05/2018,4.0
27/05/2018,5.5
28/05/2018,0.4
29/05/2018,5.6
30/05/2018,0.0
31/05/2018,10.5
01/06/2018,82.4
02/06/2018,3.1
03/06/2018,7.0
04/06/2018,0.0
05/06/2018,0.0
06/06/2018,19.3
07/06/2018,0.7
08/06/2018,0.0
09/06/2018,9.0
10/06/2018,0.0
11/06/2018,0.0
12/06/2018,0.0
13/06/2018,0.0
14/06/2018,0.0
15/06/2018,0.0
16/06/2018,13.0
17/06/2018,0.0
18/06/2018,0.0
19/06/2018,33.0
20/06/2018,0.0
21/06/2018,1.0
22/06/2018,0.0
23/06/2018,0.0
24/06/2018,0.0
25/06/2018,0.4
26/06/2018,1.6
27/06/2018,7.0
28/06/2018,10.0
29/06/2018,4.5
30/06/2018,0.5
01/07/2018,3.2
02/07/2018,0.3
03/07/2018,0.2
04/07/2018,0.3
05/07/2018,0.0
06/07/2018,0.0
07/07/2018,0.0
08/07/2018,0.0
09/07/2018,0.0
10/07/2018,0.0
11/07/2018,0.0
12/07/2018,0.0
13/07/2018,0.0
14/07/2018,0.0
15/07/2018,0.0
16/07/2018,15.5
17/07/2018,0.0
18/07/2018,4.0
19/07/2018,0.0
20/07/2018,13.5
21/07/2018,0.0
22/07/2018,0.0
23/07/2018,3.2
24/07/2018,25.9
25/07/2018,54.4
26/07/2018,44.0
27/07/2018,2.1
28/07/2018,16.5
29/07/2018,39.3
30/07/2018,6.5
31/07/2018,53.5
01/08/2018,27.0
02/08/2018,0.0
03/08/2018,0.0
04/08/2018,0.0
05/08/2018,1.9
06/08/2018,12.6
07/08/2018,24.1
08/08/2018,17.9
09/08/2018,11.0
10/08/2018,9.0
11/08/2018,0.0
12/08/2018,0.0
13/08/2018,0.0
14/08/2018,0.0
15/08/2018,0.0
16/08/2018,14.5
17/08/2018,33.3
18/08/2018,1.7
19/08/2018,0.5
20/08/2018,3.5
21/08/2018,42.8
22/08/2018,20.2
23/08/2018,0.0
24/08/2018,2.0
25/08/2018,9.5
26/08/2018,34.5
27/08/2018,0.0
28/08/2018,2.0
29/08/2018,10.5
30/08/2018,0.5
31/08/2018,0.0
01/09/2018,2.5
02/09/2018,0.0
03/09/2018,33.5
04/09/2018,10.0
05/09/2018,0.3
06/09/2018,6.6
07/09/2018,10.9
08/09/2018,0.2
09/09/2018,1.0
10/09/2018,21.6
11/09/2018,10.4
12/09/2018,27.4
13/09/2018,0.6
14/09/2018,1.5
15/09/2018,5.5
16/09/2018,58.0
17/09/2018,0.0
18/09/2018,5.0
19/09/2018,13.5
20/09/2018,0.0
21/09/2018,2.5
22/09/2018,0.5
23/09/2018,0.0
24/09/2018,0.0
25/09/2018,3.3
26/09/2018,23.7
27/09/2018,8.5
28/09/2018,0.0
29/09/2018,0.0
30/09/2018,0.0
01/10/2018,0.0
02/10/2018,0.0
03/10/2018,0.5
04/10/2018,0.0
05/10/2018,0.0
06/10/2018,6.8
07/10/2018,48.2
08/10/2018,1.5
09/10/2018,3.0
10/10/2018,6.8
11/10/2018,14.0
12/10/2018,5.6
13/10/2018,31.6
14/10/2018,39.9
15/10/2018,0.0
16/10/2018,15.8
17/10/2018,7.7
18/10/2018,15.0
19/10/2018,45.5
20/10/2018,0.4
21/10/2018,8.9
22/10/2018,5.6
23/10/2018,0.9
24/10/2018,0.1
25/10/2018,0.0
26/10/2018,0.0
27/10/2018,5.0
28/10/2018,0.4
29/10/2018,11.0
30/10/2018,25.9
31/10/2018,0.7
01/11/2018,12.4
02/11/2018,69.4
03/11/2018,61.2
04/11/2018,15.0
05/11/2018,74.9
06/11/2018,27.1
07/11/2018,2.5
08/11/2018,0.8
09/11/2018,2.2
10/11/2018,0.0
11/11/2018,16.5
12/11/2018,1.5
13/11/2018,0.0
14/11/2018,0.5
15/11/2018,0.8
16/11/2018,0.2
17/11/2018,38.0
18/11/2018,0.5
19/11/2018,23.8
20/11/2018,2.6
21/11/2018,1.1
22/11/2018,8.5
23/11/2018,0.0
24/11/2018,0.0
25/11/2018,0.0
26/11/2018,15.0
27/11/2018,0.3
28/11/2018,28.6
29/11/2018,11.6
30/11/2018,65.0
01/12/2018,93.4
02/12/2018,39.4
03/12/2018,21.5
04/12/2018,34.9
05/12/2018,115.7
06/12/2018,99.6
07/12/2018,2.5
08/12/2018,0.4
09/12/2018,2.6
10/12/2018,9.6
11/12/2018,2.3
12/12/2018,125.8
13/12/2018,121.5
14/12/2018,16.3
15/12/2018,180.3
16/12/2018,14.1
17/12/2018,55.1
18/12/2018,0.4
19/12/2018,5.1
20/12/2018,0.0
21/12/2018,0.0
22/12/2018,0.0
23/12/2018,0.3
24/12/2018,0.2
25/12/2018,5.5
26/12/2018,1.5
27/12/2018,0.4
28/12/2018,1.6
29/12/2018,0.0
30/12/2018,3.2
31/12/2018,23.8
01/01/2019,0.0
02/01/2019,10.5
03/01/2019,1.0
04/01/2019,1.5
05/01/2019,0.4
06/01/2019,37.1
07/01/2019,8.2
08/01/2019,4.8
09/01/2019,8.6
10/01/2019,11.0
11/01/2019,9.4
12/01/2019,21.5
13/01/2019,52.2
14/01/2019,0.5
15/01/2019,0.0
16/01/2019,25.3
17/01/2019,31.8
18/01/2019,2.7
19/01/2019,3.2
20/01/2019,0.0
21/01/2019,0.0
22/01/2019,0.0
23/01/2019,2.6
24/01/2019,1.4
25/01/2019,0.0
26/01/2019,0.0
27/01/2019,0.4
28/01/2019,11.0
29/01/2019,22.6
30/01/2019,0.0
31/01/2019,0.0
01/02/2019,20.8
02/02/2019,3.6
03/02/2019,4.6
04/02/2019,0.0
05/02/2019,0.0
06/02/2019,0.0
07/02/2019,0.0
08/02/2019,0.0
09/02/2019,0.0
10/02/2019,0.0
11/02/2019,0.0
12/02/2019,0.4
13/02/2019,71.5
14/02/2019,1.1
15/02/2019,0.0
16/02/2019,0.0
17/02/2019,0.0
18/02/2019,0.0
19/02/2019,0.0
20/02/2019,0.0
21/02/2019,0.0
22/02/2019,0.0
23/02/2019,0.0
24/02/2019,0.0
25/02/2019,0.0
26/02/2019,1.5
27/02/2019,2.0
28/02/2019,0.0
01/03/2019,0.0
02/03/2019,0.0
03/03/2019,0.0
04/03/2019,0.0
05/03/2019,0.0
06/03/2019,0.0
07/03/2019,0.0
08/03/2019,0.0
09/03/2019,0.0
10/03/2019,0.0
11/03/2019,0.0
12/03/2019,0.0
13/03/2019,0.0
14/03/2019,0.0
15/03/2019,0.0
16/03/2019,0.0
17/03/2019,0.0
18/03/2019,0.0
19/03/2019,0.0
20/03/2019,0.0
21/03/2019,0.0
22/03/2019,0.0
23/03/2019,0.0
24/03/2019,0.0
25/03/2019,0.0
26/03/2019,0.0
27/03/2019,0.0
28/03/2019,0.0
29/03/2019,13.5
30/03/2019,82.5
31/03/2019,0.5
01/04/2019,0.0
02/04/2019,13.2
03/04/2019,2.8
04/04/2019,0.0
05/04/2019,0.0
06/04/2019,0.0
07/04/2019,0.5
08/04/2019,2.0
09/04/2019,0.0
10/04/2019,0.0
11/04/2019,3.0
12/04/2019,0.5
13/04/2019,0.0
14/04/2019,2.0
15/04/2019,0.0
16/04/2019,0.0
17/04/2019,0.0
18/04/2019,0.0
19/04/2019,0.0
20/04/2019,0.0
21/04/2019,0.0
22/04/2019,0.0
23/04/2019,3.0
24/04/2019,0.0
25/04/2019,0.0
26/04/2019,0.0
27/04/2019,31.5
28/04/2019,0.5
29/04/2019,8.5
30/04/2019,0.0
01/05/2019,0.0
02/05/2019,0.0
03/05/2019,0.0
04/05/2019,0.0
05/05/2019,0.0
06/05/2019,17.5
07/05/2019,8.2
08/05/2019,40.6
09/05/2019,16.2
10/05/2019,0.0
11/05/2019,1.8
12/05/2019,4.2
13/05/2019,0.0
14/05/2019,0.0
15/05/2019,0.4
16/05/2019,20.1
17/05/2019,0.0
18/05/2019,8.0
19/05/2019,3.5
20/05/2019,0.0
21/05/2019,0.0
22/05/2019,1.0
23/05/2019,0.0
24/05/2019,0.0
25/05/2019,4.0
26/05/2019,0.0
27/05/2019,8.5
28/05/2019,0.0
29/05/2019,1.0
30/05/2019,6.5
31/05/2019,5.5
01/06/2019,0.0
02/06/2019,0.0
03/06/2019,0.0
04/06/2019,0.0
05/06/2019,7.6
06/06/2019,13.3
07/06/2019,0.1
08/06/2019,0.0
09/06/2019,9.5
10/06/2019,0.0
11/06/2019,47.5
12/06/2019,0.5
13/06/2019,0.0
14/06/2019,0.5
15/06/2019,0.0
16/06/2019,0.0
17/06/2019,40.0
18/06/2019,28.1
19/06/2019,2.4
20/06/2019,0.0
21/06/2019,2.9
22/06/2019,6.5
23/06/2019,72.6
24/06/2019,0.0
25/06/2019,0.0
26/06/2019,0.0
27/06/2019,0.5
28/06/2019,0.0
29/06/2019,0.0
30/06/2019,0.0
01/07/2019,11.5
02/07/2019,0.8
03/07/2019,5.2
04/07/2019,0.0
05/07/2019,5.5
06/07/2019,38.0
07/07/2019,2.5
08/07/2019,0.0
09/07/2019,18.5
10/07/2019,0.0
11/07/2019,21.5
12/07/2019,9.0
13/07/2019,30.5
14/07/2019,19.7
15/07/2019,0.8
16/07/2019,3.5
17/07/2019,11.4
18/07/2019,0.2
19/07/2019,0.0
20/07/2019,0.0
21/07/2019,0.0
22/07/2019,0.0
23/07/2019,29.0
24/07/2019,2.5
25/07/2019,0.5
26/07/2019,0.0
27/07/2019,1.0
28/07/2019,9.0
29/07/2019,0.5
30/07/2019,0.0
31/07/2019,0.4
01/08/2019,0.1
02/08/2019,0.0
03/08/2019,0.0
04/08/2019,0.0
05/08/2019,0.0
06/08/2019,0.0
07/08/2019,0.0
08/08/2019,11.5
09/08/2019,0.0
10/08/2019,0.0
11/08/2019,0.0
12/08/2019,0.0
13/08/2019,32.0
14/08/2019,2.5
15/08/2019,0.5
16/08/2019,0.0
17/08/2019,0.0
18/08/2019,0.0
19/08/2019,0.0
20/08/2019,0.0
21/08/2019,8.0
22/08/2019,51.0
23/08/2019,0.4
24/08/2019,1.1
25/08/2019,0.5
26/08/2019,0.0
27/08/2019,20.0
28/08/2019,8.4
29/08/2019,0.6
30/08/2019,0.0
31/08/2019,0.0
01/09/2019,0.0
02/09/2019,2.5
03/09/2019,3.5
04/09/2019,2.0
05/09/2019,33.5
06/09/2019,0.0
07/09/2019,0.5
08/09/2019,3.0
09/09/2019,4.5
10/09/2019,0.0
11/09/2019,0.0
12/09/2019,20.0
13/09/2019,13.5
14/09/2019,13.9
15/09/2019,32.2
16/09/2019,13.9
17/09/2019,15.5
18/09/2019,0.0
19/09/2019,0.0
20/09/2019,0.0
21/09/2019,0.0
22/09/2019,0.0
23/09/2019,0.5
24/09/2019,9.3
25/09/2019,27.2
26/09/2019,0.0
27/09/2019,1.5
28/09/2019,0.0
29/09/2019,0.0
30/09/2019,0.5
01/10/2019,13.5
02/10/2019,14.4
03/10/2019,61.1
04/10/2019,0.5
05/10/2019,0.0
06/10/2019,0.5
07/10/2019,6.0
08/10/2019,1.5
09/10/2019,0.0
10/10/2019,26.5
11/10/2019,0.5
12/10/2019,17.0
13/10/2019,0.0
14/10/2019,3.5
15/10/2019,1.5
16/10/2019,0.5
17/10/2019,1.6
18/10/2019,7.9
19/10/2019,1.0
20/10/2019,1.5
21/10/2019,0.4
22/10/2019,20.0
23/10/2019,3.7
24/10/2019,0.0
25/10/2019,0.0
26/10/2019,29.5
27/10/2019,1.5
28/10/2019,0.0
29/10/2019,13.0
30/10/2019,33.5
31/10/2019,7.0
01/11/2019,0.9
02/11/2019,18.1
03/11/2019,2.6
04/11/2019,57.9
05/11/2019,2.5
06/11/2019,10.0
07/11/2019,18.5
08/11/2019,4.0
09/11/2019,8.3
10/11/2019,3.2
11/11/2019,2.6
12/11/2019,2.4
13/11/2019,0.0
14/11/2019,0.5
15/11/2019,7.0
16/11/2019,22.0
17/11/2019,0.0
18/11/2019,10.3
19/11/2019,15.2
20/11/2019,9.0
21/11/2019,71.6
22/11/2019,168.9
23/11/2019,1.5
24/11/2019,8.0
25/11/2019,9.6
26/11/2019,18.2
27/11/2019,28.7
28/11/2019,14.9
29/11/2019,105.4
30/11/2019,50.4
01/12/2019,143.6
02/12/2019,45.5
03/12/2019,10.5
04/12/2019,2.6
05/12/2019,0.8
06/12/2019,10.0
07/12/2019,35.4
08/12/2019,8.0
09/12/2019,9.6
10/12/2019,8.6
11/12/2019,0.5
12/12/2019,1.5
13/12/2019,3.6
14/12/2019,21.7
15/12/2019,12.5
16/12/2019,29.0
17/12/2019,108.4
18/12/2019,167.8
19/12/2019,7.0
20/12/2019,1.0
21/12/2019,0.0
22/12/2019,0.0
23/12/2019,0.0
24/12/2019,0.0
25/12/2019,0.0
26/12/2019,0.0
27/12/2019,0.0
28/12/2019,1.5
29/12/2019,1.0
30/12/2019,0.0
31/12/2019,0.0
01/01/2020,7.3
02/01/2020,9.4
03/01/2020,8.5
04/01/2020,2.2
05/01/2020,1.5
06/01/2020,5.0
07/01/2020,3.4
08/01/2020,4.8
09/01/2020,4.8
10/01/2020,1.1
11/01/2020,0.0
12/01/2020,0.0
13/01/2020,0.0
14/01/2020,0.5
15/01/2020,0.0
16/01/2020,0.0
17/01/2020,0.5
18/01/2020,1.1
19/01/2020,6.9
20/01/2020,1.4
21/01/2020,1.9
22/01/2020,1.2
23/01/2020,2.5
24/01/2020,0.0
25/01/2020,0.0
26/01/2020,0.0
27/01/2020,1.5
28/01/2020,0.0
29/01/2020,0.7
30/01/2020,1.3
31/01/2020,42.1
01/02/2020,0.5
02/02/2020,0.0
03/02/2020,0.0
04/02/2020,0.0
05/02/2020,2.5
06/02/2020,3.9
07/02/2020,0.1
08/02/2020,0.4
09/02/2020,34.2
10/02/2020,44.3
11/02/2020,10.3
12/02/2020,5.4
13/02/2020,0.0
14/02/2020,0.0
15/02/2020,0.0
16/02/2020,0.2
17/02/2020,11.6
18/02/2020,22.7
19/02/2020,0.3
20/02/2020,2.6
21/02/2020,9.4
22/02/2020,15.7
23/02/2020,9.0
24/02/2020,0.0
25/02/2020,0.0
26/02/2020,0.0
27/02/2020,0.0
28/02/2020,0.0
29/02/2020,0.0
01/03/2020,0.0
02/03/2020,0.0
03/03/2020,0.0
04/03/2020,0.0
05/03/2020,1.0
06/03/2020,0.4
07/03/2020,27.6
08/03/2020,0.0
09/03/2020,0.0
10/03/2020,0.0
11/03/2020,0.0
12/03/2020,0.0
13/03/2020,0.0
14/03/2020,0.0
15/03/2020,0.0
16/03/2020,0.0
17/03/2020,21.0
18/03/2020,0.0
19/03/2020,0.0
20/03/2020,0.0
21/03/2020,7.5
22/03/2020,0.0
23/03/2020,0.0
24/03/2020,3.0
25/03/2020,0.0
26/03/2020,0.0
27/03/2020,0.0
28/03/2020,0.0
29/03/2020,0.0
30/03/2020,0.0
31/03/2020,0.0
01/04/2020,0.0
02/04/2020,0.5
03/04/2020,12.5
04/04/2020,1.0
05/04/2020,24.6
06/04/2020,0.5
07/04/2020,0.0
08/04/2020,0.0
09/04/2020,0.0
10/04/2020,0.0
11/04/2020,0.0
12/04/2020,0.0
13/04/2020,0.0
14/04/2020,0.0
15/04/2020,0.0
16/04/2020,0.0
17/04/2020,0.0
18/04/2020,0.0
19/04/2020,0.3
20/04/2020,4.0
21/04/2020,0.2
22/04/2020,0.0
23/04/2020,14.5
24/04/2020,0.0
25/04/2020,97.7
26/04/2020,19.7
27/04/2020,3.7
28/04/2020,8.3
29/04/2020,0.9
30/04/2020,2.4
01/05/2020,7.1
02/05/2020,0.0
03/05/2020,0.0
04/05/2020,0.0
05/05/2020,0.0
06/05/2020,0.0
07/05/2020,2.5
08/05/2020,4.0
09/05/2020,1.0
10/05/2020,1.0
11/05/2020,0.0
12/05/2020,2.5
13/05/2020,0.0
14/05/2020,9.5
15/05/2020,0.0
16/05/2020,1.5
17/05/2020,7.0
18/05/2020,0.0
19/05/2020,0.2
20/05/2020,2.8
21/05/2020,0.0
22/05/2020,0.0
23/05/2020,0.5
24/05/2020,0.0
25/05/2020,0.0
26/05/2020,3.0
27/05/2020,0.0
28/05/2020,0.0
29/05/2020,2.0
30/05/2020,0.0
31/05/2020,0.0
01/06/2020,2.0
02/06/2020,0.0
03/06/2020,0.0
04/06/2020,0.0
05/06/2020,3.9
06/06/2020,8.6
07/06/2020,10.0
08/06/2020,3.0
09/06/2020,2.5
10/06/2020,6.0
11/06/2020,0.0
12/06/2020,11.8
13/06/2020,0.2
14/06/2020,0.0
15/06/2020,4.0
16/06/2020,6.5
17/06/2020,7.5
18/06/2020,0.0
19/06/2020,3.0
20/06/2020,2.5
21/06/2020,2.5
22/06/2020,2.9
23/06/2020,3.1
24/06/2020,0.5
25/06/2020,0.0
26/06/2020,4.5
27/06/2020,2.0
28/06/2020,0.0
29/06/2020,4.5
30/06/2020,0.0
01/07/2020,18.8
02/07/2020,0.2
03/07/2020,2.0
04/07/2020,6.5
05/07/2020,0.3
06/07/2020,0.7
07/07/2020,1.0
08/07/2020,0.0
09/07/2020,73.5
10/07/2020,4.5
11/07/2020,22.5
12/07/2020,38.7
13/07/2020,15.3
14/07/2020,0.0
15/07/2020,0.0
16/07/2020,0.5
17/07/2020,3.0
18/07/2020,18.0
19/07/2020,0.0
20/07/2020,0.0
21/07/2020,0.0
22/07/2020,4.0
23/07/2020,6.8
24/07/2020,6.2
25/07/2020,0.0
26/07/2020,0.0
27/07/2020,0.0
28/07/2020,0.5
29/07/2020,29.5
30/07/2020,2.9
31/07/2020,15.6
01/08/2020,4.5
02/08/2020,0.0
03/08/2020,0.2
04/08/2020,4.8
05/08/2020,19.0
06/08/2020,0.5
07/08/2020,1.0
08/08/2020,1.0
09/08/2020,0.0
10/08/2020,8.2
11/08/2020,58.4
12/08/2020,11.8
13/08/2020,36.3
14/08/2020,6.2
15/08/2020,0.0
16/08/2020,0.0
17/08/2020,2.5
18/08/2020,11.8
19/08/2020,19.2
20/08/2020,4.0
21/08/2020,0.3
22/08/2020,0.2
23/08/2020,0.0
24/08/2020,0.0
25/08/2020,0.0
26/08/2020,0.0
27/08/2020,0.0
28/08/2020,0.0
29/08/2020,0.0
30/08/2020,0.0
31/08/2020,0.0
01/09/2020,0.0
02/09/2020,36.0
03/09/2020,0.5
04/09/2020,0.0
05/09/2020,5.2
06/09/2020,0.3
07/09/2020,0.0
08/09/2020,0.5
09/09/2020,1.5
10/09/2020,0.0
11/09/2020,0.0
12/09/2020,19.0
13/09/2020,0.0
14/09/2020,19.5
15/09/2020,1.0
16/09/2020,20.0
17/09/2020,28.5
18/09/2020,22.0
19/09/2020,0.0
20/09/2020,6.0
21/09/2020,0.0
22/09/2020,0.0
23/09/2020,0.0
24/09/2020,22.5
25/09/2020,21.0
26/09/2020,20.2
27/09/2020,0.3
28/09/2020,12.5
29/09/2020,2.5
30/09/2020,12.5
01/10/2020,0.5
02/10/2020,0.5
03/10/2020,0.5
04/10/2020,2.5
05/10/2020,29.0
06/10/2020,5.5
07/10/2020,151.5
08/10/2020,10.4
09/10/2020,4.0
10/10/2020,2.1
11/10/2020,0.0
12/10/2020,30.6
13/10/2020,5.9
14/10/2020,4.5
15/10/2020,0.0
16/10/2020,2.0
17/10/2020,0.0
18/10/2020,0.0
19/10/2020,17.0
20/10/2020,0.5
21/10/2020,0.0
22/10/2020,0.0
23/10/2020,0.0
24/10/2020,34.0
25/10/2020,42.7
26/10/2020,0.3
27/10/2020,7.0
28/10/2020,0.0
29/10/2020,28.0
30/10/2020,0.0
31/10/2020,0.0
01/11/2020,0.4
02/11/2020,0.6
03/11/2020,2.2
04/11/2020,65.3
05/11/2020,3.0
06/11/2020,157.2
07/11/2020,2.2
08/11/2020,3.3
09/11/2020,14.7
10/11/2020,6.0
11/11/2020,48.3
12/11/2020,20.0
13/11/2020,14.6
14/11/2020,1.0
15/11/2020,1.4
16/11/2020,5.3
17/11/2020,107.4
18/11/2020,49.4
19/11/2020,0.3
20/11/2020,2.7
21/11/2020,30.8
22/11/2020,1.9
23/11/2020,162.9
24/11/2020,92.3
25/11/2020,57.1
26/11/2020,1.6
27/11/2020,72.2
28/11/2020,12.4
29/11/2020,0.2
30/11/2020,0.5
01/12/2020,11.0
02/12/2020,27.5
03/12/2020,178.4
04/12/2020,43.6
05/12/2020,2.5
06/12/2020,0.0
07/12/2020,0.0
08/12/2020,0.0
09/12/2020,0.0
10/12/2020,0.0
11/12/2020,5.1
12/12/2020,19.7
13/12/2020,7.6
14/12/2020,6.2
15/12/2020,18.4
16/12/2020,111.1
17/12/2020,83.9
18/12/2020,193.4
19/12/2020,120.8
20/12/2020,43.4
21/12/2020,0.0
22/12/2020,0.0
23/12/2020,0.0
24/12/2020,11.5
25/12/2020,0.4
26/12/2020,11.6
27/12/2020,63.5
28/12/2020,0.0
29/12/2020,0.0
30/12/2020,0.0
31/12/2020,35.0
01/01/2021,22.5
02/01/2021,44.1
03/01/2021,77.2
04/01/2021,58.6
05/01/2021,54.6
06/01/2021,51.3
07/01/2021,15.8
08/01/2021,13.2
09/01/2021,24.4
10/01/2021,15.4
11/01/2021,15.9
12/01/2021,14.9
13/01/2021,6.1
14/01/2021,0.0
15/01/2021,0.0
16/01/2021,0.5
17/01/2021,0.0
18/01/2021,0.0
19/01/2021,0.4
20/01/2021,0.1
21/01/2021,0.0
22/01/2021,0.8
23/01/2021,17.2
24/01/2021,1.5
25/01/2021,0.0
26/01/2021,0.5
27/01/2021,18.6
28/01/2021,2.9
29/01/2021,0.8
30/01/2021,1.1
31/01/2021,12.3
01/02/2021,7.3
02/02/2021,0.0
03/02/2021,0.0
04/02/2021,0.0
05/02/2021,1.0
06/02/2021,1.5
07/02/2021,0.0
08/02/2021,0.0
09/02/2021,0.0
10/02/2021,0.0
11/02/2021,0.0
12/02/2021,4.5
13/02/2021,0.0
14/02/2021,0.0
15/02/2021,0.0
16/02/2021,0.0
17/02/2021,0.0
18/02/2021,0.4
19/02/2021,8.4
20/02/2021,0.6
21/02/2021,0.1
22/02/2021,0.0
23/02/2021,0.0
24/02/2021,0.0
25/02/2021,0.0
26/02/2021,0.0
27/02/2021,0.0
28/02/2021,0.0
01/03/2021,0.0
02/03/2021,0.0
03/03/2021,0.4
04/03/2021,0.6
05/03/2021,0.5
06/03/2021,1.5
07/03/2021,0.0
08/03/2021,0.0
09/03/2021,0.0
10/03/2021,19.0
11/03/2021,5.1
12/03/2021,1.8
13/03/2021,1.0
14/03/2021,0.0
15/03/2021,0.0
16/03/2021,0.0
17/03/2021,0.0
18/03/2021,0.0
19/03/2021,0.0
20/03/2021,0.0
21/03/2021,0.0
22/03/2021,0.4
23/03/2021,40.1
24/03/2021,15.7
25/03/2021,27.5
26/03/2021,5.8
27/03/2021,2.0
28/03/2021,19.5
29/03/2021,38.0
30/03/2021,31.8
31/03/2021,0.2
01/04/2021,0.0
02/04/2021,0.0
03/04/2021,0.0
04/04/2021,7.4
05/04/2021,5.1
06/04/2021,37.0
07/04/2021,16.0
08/04/2021,0.0
09/04/2021,0.0
10/04/2021,0.0
11/04/2021,11.4
12/04/2021,4.1
13/04/2021,8.5
14/04/2021,10.0
15/04/2021,0.0
16/04/2021,0.0
17/04/2021,0.0
18/04/2021,0.0
19/04/2021,0.0
20/04/2021,0.5
21/04/2021,44.0
22/04/2021,19.7
23/04/2021,12.3
24/04/2021,11.9
25/04/2021,88.5
26/04/2021,22.0
27/04/2021,0.0
28/04/2021,0.0
29/04/2021,0.0
30/04/2021,0.0
01/05/2021,0.4
02/05/2021,0.1
03/05/2021,0.0
04/05/2021,2.3
05/05/2021,5.7
06/05/2021,1.0
07/05/2021,0.0
08/05/2021,0.0
09/05/2021,0.0
10/05/2021,0.4
11/05/2021,7.1
12/05/2021,23.5
13/05/2021,0.0
14/05/2021,0.0
15/05/2021,0.0
16/05/2021,0.5
17/05/2021,0.0
18/05/2021,27.3
19/05/2021,11.1
20/05/2021,0.1
21/05/2021,14.0
22/05/2021,0.0
23/05/2021,0.4
24/05/2021,27.1
25/05/2021,32.5
26/05/2021,1.4
27/05/2021,23.1
28/05/2021,10.0
29/05/2021,25.0
30/05/2021,0.0
31/05/2021,17.5
01/06/2021,7.0
02/06/2021,3.0
03/06/2021,0.0
04/06/2021,1.5
05/06/2021,0.0
06/06/2021,21.5
07/06/2021,4.5
08/06/2021,10.0
09/06/2021,3.0
10/06/2021,49.0
11/06/2021,0.5
12/06/2021,0.0
13/06/2021,8.5
14/06/2021,15.5
15/06/2021,0.0
16/06/2021,0.0
17/06/2021,0.0
18/06/2021,0.5
19/06/2021,27.0
20/06/2021,0.0
21/06/2021,33.5
22/06/2021,0.9
23/06/2021,42.8
24/06/2021,13.8
25/06/2021,0.0
26/06/2021,0.0
27/06/2021,0.9
28/06/2021,0.1
29/06/2021,26.0
30/06/2021,0.5
01/07/2021,7.5
02/07/2021,0.0
03/07/2021,25.3
04/07/2021,0.2
05/07/2021,14.0
06/07/2021,5.0
07/07/2021,0.0
08/07/2021,75.6
09/07/2021,18.5
10/07/2021,4.4
11/07/2021,8.7
12/07/2021,2.7
13/07/2021,20.6
14/07/2021,0.0
15/07/2021,1.5
16/07/2021,0.0
17/07/2021,0.5
18/07/2021,0.0
19/07/2021,0.0
20/07/2021,0.0
21/07/2021,10.1
22/07/2021,36.9
23/07/2021,13.4
24/07/2021,2.2
25/07/2021,0.2
26/07/2021,18.6
27/07/2021,12.2
28/07/2021,2.2
29/07/2021,30.3
30/07/2021,0.5
31/07/2021,0.5
01/08/2021,44.5
02/08/2021,12.0
03/08/2021,3.4
04/08/2021,24.6
05/08/2021,0.5
06/08/2021,4.0
07/08/2021,0.0
08/08/2021,18.2
09/08/2021,0.3
10/08/2021,10.5
11/08/2021,0.0
12/08/2021,0.0
13/08/2021,0.0
14/08/2021,0.0
15/08/2021,9.0
16/08/2021,6.5
17/08/2021,6.5
18/08/2021,3.3
19/08/2021,5.7
20/08/2021,2.0
21/08/2021,5.3
22/08/2021,6.2
23/08/2021,0.0
24/08/2021,0.0
25/08/2021,1.5
26/08/2021,0.0
27/08/2021,0.5
28/08/2021,23.9
29/08/2021,0.1
30/08/2021,0.0
31/08/2021,6.5
01/09/2021,3.1
02/09/2021,2.8
03/09/2021,5.6
04/09/2021,4.5
05/09/2021,1.0
06/09/2021,0.0
07/09/2021,0.0
08/09/2021,0.0
09/09/2021,36.6
10/09/2021,60.9
11/09/2021,52.0
12/09/2021,35.4
13/09/2021,18.6
14/09/2021,0.7
15/09/2021,29.3
16/09/2021,0.5
17/09/2021,40.0
18/09/2021,1.0
19/09/2021,10.2
20/09/2021,0.3
21/09/2021,5.4
22/09/2021,9.1
23/09/2021,20.5
24/09/2021,79.5
25/09/2021,0.0
26/09/2021,0.5
27/09/2021,2.5
28/09/2021,6.0
29/09/2021,0.0
30/09/2021,0.4
01/10/2021,9.2
02/10/2021,0.4
03/10/2021,16.0
04/10/2021,3.8
05/10/2021,19.7
06/10/2021,13.0
07/10/2021,90.5
08/10/2021,0.0
09/10/2021,0.0
10/10/2021,0.0
11/10/2021,0.0
12/10/2021,3.5
13/10/2021,0.0
14/10/2021,0.0
15/10/2021,13.1
16/10/2021,3.9
17/10/2021,27.5
18/10/2021,0.0
19/10/2021,0.5
20/10/2021,22.6
21/10/2021,25.9
22/10/2021,1.5
23/10/2021,2.0
24/10/2021,0.0
25/10/2021,0.0
26/10/2021,0.0
27/10/2021,10.3
28/10/2021,2.7
29/10/2021,3.5
30/10/2021,14.5
31/10/2021,0.0
01/11/2021,0.4
02/11/2021,16.6
03/11/2021,13.8
04/11/2021,0.2
05/11/2021,1.0
06/11/2021,0.0
07/11/2021,2.7
08/11/2021,0.3
09/11/2021,0.4
10/11/2021,17.9
11/11/2021,10.2
12/11/2021,32.8
13/11/2021,79.8
14/11/2021,2.4
15/11/2021,2.0
16/11/2021,5.2
17/11/2021,0.8
18/11/2021,20.5
19/11/2021,2.2
20/11/2021,0.3
21/11/2021,0.0
22/11/2021,1.0
23/11/2021,12.4
24/11/2021,22.1
25/11/2021,59.8
26/11/2021,40.8
27/11/2021,8.4
28/11/2021,0.0
29/11/2021,63.5
30/11/2021,0.0
01/12/2021,20.9
02/12/2021,56.5
03/12/2021,39.5
04/12/2021,6.1
05/12/2021,1.0
06/12/2021,0.0
07/12/2021,0.0
08/12/2021,0.0
09/12/2021,0.4
10/12/2021,6.4
11/12/2021,2.1
12/12/2021,0.0
13/12/2021,11.0
14/12/2021,12.7
15/12/2021,60.4
16/12/2021,132.9
17/12/2021,62.6
18/12/2021,92.2
19/12/2021,34.2
20/12/2021,0.0
21/12/2021,3.1
22/12/2021,9.9
23/12/2021,50.2
24/12/2021,1.7
25/12/2021,43.4
26/12/2021,0.2
27/12/2021,0.0
28/12/2021,0.4
29/12/2021,7.4
30/12/2021,56.7
31/12/2021,23.3
01/01/2022,21.6
02/01/2022,31.3
03/01/2022,15.3
04/01/2022,11.3
05/01/2022,0.6
06/01/2022,0.4
07/01/2022,2.0
08/01/2022,4.9
09/01/2022,3.7
10/01/2022,0.0
11/01/2022,0.0
12/01/2022,0.0
13/01/2022,0.0
14/01/2022,0.4
15/01/2022,1.1
16/01/2022,0.0
17/01/2022,20.0
18/01/2022,0.0
19/01/2022,0.0
20/01/2022,0.5
21/01/2022,0.0
22/01/2022,0.0
23/01/2022,0.0
24/01/2022,0.0
25/01/2022,0.0
26/01/2022,0.0
27/01/2022,0.0
28/01/2022,0.0
29/01/2022,0.0
30/01/2022,0.5
31/01/2022,0.0
01/02/2022,0.0
02/02/2022,0.5
03/02/2022,12.8
04/02/2022,3.0
05/02/2022,6.5
06/02/2022,15.0
07/02/2022,40.0
08/02/2022,95.0
09/02/2022,2.6
10/02/2022,41.6
11/02/2022,121.6
12/02/2022,24.0
13/02/2022,31.9
14/02/2022,114.9
15/02/2022,71.5
16/02/2022,4.7
17/02/2022,0.5
18/02/2022,0.0
19/02/2022,0.0
20/02/2022,0.0
21/02/2022,0.0
22/02/2022,0.6
23/02/2022,66.8
24/02/2022,49.4
25/02/2022,217.0
26/02/2022,49.1
27/02/2022,187.5
28/02/2022,18.2
01/03/2022,2.9
02/03/2022,0.9
03/03/2022,64.3
04/03/2022,41.6
05/03/2022,12.2
06/03/2022,7.0
07/03/2022,0.0
08/03/2022,0.5
09/03/2022,14.5
10/03/2022,3.1
11/03/2022,0.0
12/03/2022,0.0
13/03/2022,0.5
14/03/2022,0.0
15/03/2022,0.0
16/03/2022,0.0
17/03/2022,9.2
18/03/2022,0.3
19/03/2022,6.5
20/03/2022,24.0
21/03/2022,43.5
22/03/2022,3.0
23/03/2022,1.5
24/03/2022,1.4
25/03/2022,11.6
26/03/2022,0.0
27/03/2022,0.0
28/03/2022,0.0
29/03/2022,0.0
30/03/2022,0.0
31/03/2022,2.0
01/04/2022,0.5
02/04/2022,25.8
03/04/2022,8.2
04/04/2022,54.3
05/04/2022,68.5
06/04/2022,10.6
07/04/2022,32.0
08/04/2022,0.9
09/04/2022,19.2
10/04/2022,0.3
11/04/2022,64.7
12/04/2022,11.8
13/04/2022,1.5
14/04/2022,0.0
15/04/2022,2.5
16/04/2022,0.0
17/04/2022,0.0
18/04/2022,0.0
19/04/2022,3.6
20/04/2022,5.9
21/04/2022,0.0
22/04/2022,2.5
23/04/2022,0.0
24/04/2022,22.5
25/04/2022,2.5
26/04/2022,0.0
27/04/2022,0.0
28/04/2022,0.0
29/04/2022,0.0
30/04/2022,0.0
01/05/2022,1.1
02/05/2022,1.4
03/05/2022,0.4
04/05/2022,15.6
05/05/2022,26.0
06/05/2022,0.5
07/05/2022,0.5
08/05/2022,1.1
09/05/2022,5.9
10/05/2022,29.7
11/05/2022,9.5
12/05/2022,35.3
13/05/2022,0.5
14/05/2022,16.0
15/05/2022,0.0
16/05/2022,27.5
17/05/2022,0.0
18/05/2022,0.4
19/05/2022,31.1
20/05/2022,0.0
21/05/2022,0.0
22/05/2022,0.0
23/05/2022,0.0
24/05/2022,0.0
25/05/2022,4.0
26/05/2022,0.5
27/05/2022,0.0
28/05/2022,0.0
29/05/2022,2.8
30/05/2022,9.7
31/05/2022,3.0
01/06/2022,47.0
02/06/2022,14.0
03/06/2022,0.5
04/06/2022,0.0
05/06/2022,0.0
06/06/2022,9.5
10/06/2022,0.0
11/06/2022,16.0
12/06/2022,0.5
13/06/2022,0.0
14/06/2022,0.0
15/06/2022,0.0
16/06/2022,0.4
17/06/2022,3.6
18/06/2022,0.0
19/06/2022,0.0
20/06/2022,0.0
21/06/2022,0.0
22/06/2022,6.0
23/06/2022,0.4
24/06/2022,49.4
25/06/2022,8.2
26/06/2022,0.0
27/06/2022,0.0
28/06/2022,11.0
29/06/2022,11.5
30/06/2022,3.0
01/07/2022,0.0
02/07/2022,0.0
03/07/2022,19.5
04/07/2022,1.9
05/07/2022,7.4
06/07/2022,6.1
07/07/2022,0.0
08/07/2022,8.5
09/07/2022,10.0
10/07/2022,0.0
11/07/2022,50.6
12/07/2022,2.4
13/07/2022,2.5
14/07/2022,0.0
15/07/2022,0.8
16/07/2022,0.2
17/07/2022,15.5
18/07/2022,9.7
19/07/2022,0.3
20/07/2022,0.0
21/07/2022,0.0
22/07/2022,2.5
23/07/2022,0.0
24/07/2022,0.5
25/07/2022,3.5
26/07/2022,21.3
27/07/2022,1.7
28/07/2022,2.5
29/07/2022,0.0
30/07/2022,19.5
31/07/2022,0.5
01/08/2022,8.0
02/08/2022,21.5
03/08/2022,10.0
04/08/2022,1.0
05/08/2022,12.1
06/08/2022,0.9
07/08/2022,0.0
08/08/2022,0.0
09/08/2022,0.0
10/08/2022,0.0
11/08/2022,0.0
12/08/2022,0.0
13/08/2022,1.0
14/08/2022,4.0
15/08/2022,0.0
16/08/2022,0.0
17/08/2022,0.0
18/08/2022,3.0
19/08/2022,19.0
20/08/2022,4.5
21/08/2022,2.5
22/08/2022,0.0
23/08/2022,0.0
24/08/2022,13.5
25/08/2022,9.7
26/08/2022,0.3
27/08/2022,15.0
28/08/2022,1.0
29/08/2022,11.0
30/08/2022,15.0
31/08/2022,0.0
01/09/2022,16.8
02/09/2022,15.7
03/09/2022,2.9
04/09/2022,0.9
05/09/2022,3.3
06/09/2022,14.0
07/09/2022,8.5
08/09/2022,1.0
09/09/2022,1.9
10/09/2022,28.6
11/09/2022,1.2
12/09/2022,0.8
13/09/2022,9.5
14/09/2022,0.0
15/09/2022,0.0
16/09/2022,20.0
17/09/2022,2.5
18/09/2022,41.7
19/09/2022,9.8
20/09/2022,2.0
21/09/2022,35.3
22/09/2022,5.7
23/09/2022,0.0
24/09/2022,32.2
25/09/2022,2.3
26/09/2022,5.5
27/09/2022,18.5
28/09/2022,0.0
29/09/2022,108.4
30/09/2022,12.2
01/10/2022,61.8
02/10/2022,2.8
03/10/2022,55.6
04/10/2022,58.0
05/10/2022,28.6
06/10/2022,3.0
07/10/2022,34.7
08/10/2022,33.5
09/10/2022,7.4
10/10/2022,23.4
11/10/2022,2.1
12/10/2022,0.0
13/10/2022,0.0
14/10/2022,59.5
15/10/2022,10.7
16/10/2022,20.2
17/10/2022,9.0
18/10/2022,23.1
19/10/2022,56.5
20/10/2022,0.5
21/10/2022,22.3
22/10/2022,7.3
23/10/2022,0.8
24/10/2022,7.1
25/10/2022,7.9
26/10/2022,7.6
27/10/2022,0.4
28/10/2022,21.9
29/10/2022,0.7
30/10/2022,0.5
31/10/2022,6.0
01/11/2022,14.0
02/11/2022,2.8
03/11/2022,6.2
04/11/2022,10.6
05/11/2022,1.4
06/11/2022,0.5
07/11/2022,0.4
08/11/2022,2.0
09/11/2022,5.6
10/11/2022,44.1
11/11/2022,75.8
12/11/2022,37.6
13/11/2022,4.8
14/11/2022,1.2
15/11/2022,12.5
16/11/2022,3.5
17/11/2022,0.4
18/11/2022,2.6
19/11/2022,2.0
20/11/2022,0.0
21/11/2022,6.5
22/11/2022,41.1
23/11/2022,1.9
24/11/2022,0.0
25/11/2022,0.0
26/11/2022,0.0
27/11/2022,3.0
28/11/2022,1.0
29/11/2022,2.6
30/11/2022,4.8
01/12/2022,8.2
02/12/2022,32.2
03/12/2022,0.1
04/12/2022,52.0
05/12/2022,20.0
06/12/2022,1.0
07/12/2022,23.0
08/12/2022,81.6
09/12/2022,86.8
10/12/2022,94.7
11/12/2022,40.0
12/12/2022,36.2
13/12/2022,17.9
14/12/2022,189.2
15/12/2022,19.6
16/12/2022,0.5
17/12/2022,105.1
18/12/2022,365.0
19/12/2022,160.2
20/12/2022,47.0
21/12/2022,154.7
22/12/2022,29.0
23/12/2022,8.0
24/12/2022,0.5
25/12/2022,0.0
26/12/2022,0.4
27/12/2022,1.1
28/12/2022,0.0
29/12/2022,0.0
30/12/2022,0.0
31/12/2022,0.0
01/01/2023,0.0
02/01/2023,0.4
03/01/2023,16.9
04/01/2023,4.2
05/01/2023,0.4
06/01/2023,26.2
07/01/2023,29.9
08/01/2023,3.9
09/01/2023,0.6
10/01/2023,0.0
11/01/2023,4.0
12/01/2023,10.5
13/01/2023,19.0
14/01/2023,5.5
15/01/2023,0.0
16/01/2023,0.0
17/01/2023,0.7
18/01/2023,9.9
19/01/2023,17.1
20/01/2023,25.0
21/01/2023,22.4
22/01/2023,13.4
23/01/2023,8.0
24/01/2023,3.0
25/01/2023,7.8
26/01/2023,1.3
27/01/2023,92.5
28/01/2023,25.3
29/01/2023,15.2
