Date,Value (mm)
11/04/1975,15.5
12/04/1975,5.5
13/04/1975,2.0
14/04/1975,0.0
15/04/1975,25.5
16/04/1975,9.5
17/04/1975,0.0
18/04/1975,0.0
19/04/1975,0.0
20/04/1975,0.0
21/04/1975,0.0
22/04/1975,0.0
23/04/1975,0.0
24/04/1975,0.0
25/04/1975,22.0
26/04/1975,22.5
27/04/1975,2.5
28/04/1975,13.0
29/04/1975,0.0
30/04/1975,3.0
01/05/1975,0.0
02/05/1975,3.0
03/05/1975,1.0
04/05/1975,0.0
05/05/1975,12.5
06/05/1975,1.0
07/05/1975,0.0
08/05/1975,1.0
09/05/1975,29.0
10/05/1975,1.5
11/05/1975,32.0
12/05/1975,0.5
13/05/1975,2.0
14/05/1975,14.5
15/05/1975,58.0
16/05/1975,5.5
17/05/1975,42.0
18/05/1975,3.0
19/05/1975,0.0
20/05/1975,6.5
21/05/1975,3.0
22/05/1975,2.5
23/05/1975,4.5
24/05/1975,1.5
25/05/1975,0.0
26/05/1975,1.5
27/05/1975,5.5
28/05/1975,0.0
29/05/1975,3.0
30/05/1975,18.0
31/05/1975,0.0
01/06/1975,21.9
02/06/1975,1.1
03/06/1975,5.0
04/06/1975,0.5
05/06/1975,2.0
06/06/1975,16.0
07/06/1975,0.0
08/06/1975,26.5
09/06/1975,4.0
10/06/1975,0.5
11/06/1975,2.5
12/06/1975,20.4
22/06/1975,2.0
23/06/1975,0.0
24/06/1975,2.5
25/06/1975,0.0
26/06/1975,0.0
27/06/1975,5.0
28/06/1975,0.0
29/06/1975,0.0
30/06/1975,0.0
01/07/1975,3.0
02/07/1975,17.0
03/07/1975,20.0
04/07/1975,4.0
05/07/1975,0.0
06/07/1975,0.0
07/07/1975,2.2
08/07/1975,1.3
09/07/1975,0.0
10/07/1975,0.0
11/07/1975,0.0
12/07/1975,23.0
13/07/1975,57.0
14/07/1975,16.0
15/07/1975,8.5
16/07/1975,13.0
17/07/1975,38.0
18/07/1975,0.0
19/07/1975,29.0
20/07/1975,88.5
21/07/1975,0.0
22/07/1975,0.0
23/07/1975,0.0
24/07/1975,0.0
25/07/1975,0.0
26/07/1975,31.5
27/07/1975,10.0
28/07/1975,16.0
29/07/1975,2.0
30/07/1975,0.0
31/07/1975,0.0
01/08/1975,0.0
02/08/1975,1.5
03/08/1975,22.5
04/08/1975,0.5
05/08/1975,0.0
06/08/1975,1.5
07/08/1975,12.5
08/08/1975,8.0
09/08/1975,4.1
10/08/1975,0.9
11/08/1975,0.0
12/08/1975,0.0
13/08/1975,0.0
14/08/1975,2.0
15/08/1975,0.0
16/08/1975,0.5
17/08/1975,19.5
18/08/1975,20.5
19/08/1975,2.0
20/08/1975,0.5
21/08/1975,0.0
22/08/1975,0.0
23/08/1975,0.0
24/08/1975,0.0
25/08/1975,0.0
26/08/1975,0.0
27/08/1975,11.0
28/08/1975,0.5
29/08/1975,0.5
30/08/1975,6.0
31/08/1975,0.0
01/09/1975,14.0
02/09/1975,3.5
03/09/1975,17.0
04/09/1975,8.0
05/09/1975,0.0
06/09/1975,8.0
07/09/1975,10.5
08/09/1975,18.0
09/09/1975,1.5
10/09/1975,7.5
11/09/1975,0.0
12/09/1975,3.0
13/09/1975,28.0
14/09/1975,0.5
15/09/1975,33.5
16/09/1975,0.0
17/09/1975,0.0
18/09/1975,22.0
19/09/1975,0.5
20/09/1975,21.5
21/09/1975,9.0
22/09/1975,27.5
23/09/1975,3.5
24/09/1975,0.5
25/09/1975,2.1
26/09/1975,2.4
27/09/1975,1.0
28/09/1975,0.0
29/09/1975,4.0
30/09/1975,0.0
01/10/1975,2.5
02/10/1975,0.0
03/10/1975,0.0
04/10/1975,8.5
05/10/1975,0.5
06/10/1975,13.5
07/10/1975,3.5
08/10/1975,8.0
09/10/1975,0.5
10/10/1975,5.5
11/10/1975,16.0
12/10/1975,0.5
13/10/1975,22.0
14/10/1975,24.5
15/10/1975,11.5
16/10/1975,4.0
17/10/1975,13.5
18/10/1975,4.0
19/10/1975,2.5
20/10/1975,7.0
21/10/1975,2.0
22/10/1975,0.0
23/10/1975,2.0
24/10/1975,4.5
25/10/1975,0.0
26/10/1975,42.5
27/10/1975,0.5
28/10/1975,12.5
29/10/1975,39.0
30/10/1975,2.5
31/10/1975,5.0
01/11/1975,4.0
02/11/1975,20.5
03/11/1975,0.5
04/11/1975,6.0
05/11/1975,5.5
06/11/1975,0.5
07/11/1975,0.0
08/11/1975,0.0
09/11/1975,7.5
10/11/1975,21.0
11/11/1975,42.5
12/11/1975,0.5
13/11/1975,11.5
14/11/1975,1.0
15/11/1975,2.0
16/11/1975,8.5
17/11/1975,17.5
18/11/1975,2.5
19/11/1975,62.9
20/11/1975,14.1
21/11/1975,0.0
03/12/1975,2.0
04/12/1975,1.0
05/12/1975,16.5
06/12/1975,11.0
07/12/1975,0.0
08/12/1975,0.0
09/12/1975,12.0
10/12/1975,16.5
11/12/1975,8.0
12/12/1975,12.0
13/12/1975,25.5
14/12/1975,105.5
15/12/1975,124.5
16/12/1975,5.5
17/12/1975,0.0
18/12/1975,0.0
19/12/1975,1.0
20/12/1975,21.6
21/12/1975,76.9
22/12/1975,12.5
23/12/1975,31.0
24/12/1975,39.5
25/12/1975,1.0
26/12/1975,0.5
27/12/1975,0.5
28/12/1975,1.4
29/12/1975,1.0
30/12/1975,6.1
31/12/1975,20.0
01/01/1976,2.0
02/01/1976,0.0
03/01/1976,0.0
04/01/1976,0.0
05/01/1976,0.0
06/01/1976,0.0
07/01/1976,24.0
08/01/1976,0.5
09/01/1976,0.0
10/01/1976,0.0
11/01/1976,0.0
12/01/1976,8.0
13/01/1976,0.0
14/01/1976,0.0
15/01/1976,0.0
16/01/1976,0.0
17/01/1976,0.0
18/01/1976,0.0
19/01/1976,0.0
20/01/1976,0.0
21/01/1976,0.0
22/01/1976,0.0
23/01/1976,5.5
24/01/1976,2.0
25/01/1976,0.0
26/01/1976,0.5
27/01/1976,0.5
28/01/1976,0.0
29/01/1976,0.0
30/01/1976,0.5
31/01/1976,0.0
01/02/1976,0.0
02/02/1976,0.0
03/02/1976,0.0
04/02/1976,0.0
05/02/1976,0.0
06/02/1976,0.0
07/02/1976,0.0
08/02/1976,0.0
09/02/1976,0.0
10/02/1976,0.0
11/02/1976,0.0
12/02/1976,0.0
13/02/1976,0.0
14/02/1976,0.0
15/02/1976,0.0
16/02/1976,0.0
17/02/1976,0.0
18/02/1976,0.0
19/02/1976,0.0
20/02/1976,0.0
21/02/1976,0.0
22/02/1976,0.0
23/02/1976,0.0
24/02/1976,0.0
25/02/1976,0.0
26/02/1976,0.5
27/02/1976,0.5
28/02/1976,4.0
29/02/1976,0.0
01/03/1976,0.0
02/03/1976,7.5
03/03/1976,0.0
04/03/1976,23.0
05/03/1976,0.0
06/03/1976,0.0
07/03/1976,0.0
08/03/1976,0.0
09/03/1976,0.0
10/03/1976,0.0
11/03/1976,0.0
12/03/1976,0.0
13/03/1976,0.0
14/03/1976,0.0
15/03/1976,0.0
16/03/1976,0.0
17/03/1976,0.0
18/03/1976,0.0
19/03/1976,0.0
20/03/1976,0.0
21/03/1976,0.0
22/03/1976,0.0
23/03/1976,0.0
24/03/1976,0.0
25/03/1976,4.0
26/03/1976,1.0
27/03/1976,0.0
28/03/1976,0.0
29/03/1976,0.0
30/03/1976,0.0
31/03/1976,0.0
01/04/1976,0.0
02/04/1976,0.0
03/04/1976,0.0
04/04/1976,0.0
05/04/1976,0.0
06/04/1976,0.0
07/04/1976,0.0
08/04/1976,0.0
09/04/1976,0.5
10/04/1976,10.0
11/04/1976,19.0
12/04/1976,2.5
13/04/1976,39.0
14/04/1976,0.5
15/04/1976,0.0
16/04/1976,0.0
17/04/1976,28.5
18/04/1976,0.0
19/04/1976,0.0
20/04/1976,0.0
21/04/1976,0.0
22/04/1976,3.0
23/04/1976,0.5
24/04/1976,27.5
25/04/1976,35.0
26/04/1976,6.5
27/04/1976,6.5
28/04/1976,8.5
29/04/1976,8.0
30/04/1976,15.0
01/05/1976,0.0
02/05/1976,15.0
03/05/1976,0.9
04/05/1976,0.7
05/05/1976,56.4
06/05/1976,7.0
07/05/1976,50.0
08/05/1976,0.5
09/05/1976,12.0
10/05/1976,85.0
11/05/1976,3.0
12/05/1976,11.0
13/05/1976,8.5
14/05/1976,14.0
15/05/1976,0.0
16/05/1976,0.0
17/05/1976,0.0
18/05/1976,0.5
19/05/1976,7.0
20/05/1976,11.6
21/05/1976,17.4
22/05/1976,0.5
23/05/1976,0.0
24/05/1976,0.0
25/05/1976,0.0
26/05/1976,0.0
27/05/1976,0.0
28/05/1976,25.0
29/05/1976,2.5
30/05/1976,4.5
31/05/1976,0.0
01/06/1976,23.5
02/06/1976,12.0
03/06/1976,0.0
04/06/1976,0.5
05/06/1976,2.0
06/06/1976,0.0
07/06/1976,11.2
08/06/1976,3.8
09/06/1976,54.5
10/06/1976,1.0
11/06/1976,0.5
12/06/1976,13.0
13/06/1976,0.0
14/06/1976,2.0
15/06/1976,0.0
16/06/1976,0.0
17/06/1976,24.0
18/06/1976,7.5
19/06/1976,0.5
20/06/1976,0.0
21/06/1976,30.0
22/06/1976,0.0
23/06/1976,25.0
24/06/1976,0.0
25/06/1976,33.0
26/06/1976,53.7
27/06/1976,6.3
28/06/1976,0.0
29/06/1976,0.0
30/06/1976,0.0
01/07/1976,0.0
02/07/1976,0.0
03/07/1976,0.0
04/07/1976,0.5
05/07/1976,6.5
06/07/1976,0.0
07/07/1976,0.0
08/07/1976,6.0
09/07/1976,45.2
10/07/1976,4.8
11/07/1976,17.0
12/07/1976,8.5
13/07/1976,10.0
14/07/1976,22.5
15/07/1976,0.0
16/07/1976,12.0
17/07/1976,0.0
18/07/1976,0.0
19/07/1976,0.0
20/07/1976,0.0
21/07/1976,75.1
22/07/1976,0.4
23/07/1976,3.5
24/07/1976,0.0
25/07/1976,5.5
26/07/1976,0.0
27/07/1976,6.0
28/07/1976,0.0
29/07/1976,0.0
30/07/1976,18.0
31/07/1976,41.0
01/08/1976,11.5
02/08/1976,28.0
03/08/1976,0.5
04/08/1976,0.0
05/08/1976,0.0
06/08/1976,0.0
07/08/1976,0.0
08/08/1976,0.0
09/08/1976,0.0
10/08/1976,0.0
11/08/1976,0.0
12/08/1976,3.5
13/08/1976,0.5
14/08/1976,0.0
15/08/1976,0.0
16/08/1976,42.5
17/08/1976,2.0
18/08/1976,0.2
19/08/1976,0.3
20/08/1976,1.0
21/08/1976,0.0
26/08/1976,0.7
27/08/1976,8.6
28/08/1976,3.6
29/08/1976,18.5
30/08/1976,0.5
31/08/1976,2.5
03/09/1976,1.5
04/09/1976,0.0
05/09/1976,0.0
06/09/1976,0.0
07/09/1976,0.0
08/09/1976,0.0
09/09/1976,0.0
10/09/1976,0.0
11/09/1976,13.5
12/09/1976,25.5
13/09/1976,0.0
14/09/1976,17.5
15/09/1976,0.0
16/09/1976,1.5
17/09/1976,23.5
18/09/1976,6.5
19/09/1976,0.0
20/09/1976,0.0
21/09/1976,11.5
22/09/1976,5.0
23/09/1976,30.5
24/09/1976,4.5
25/09/1976,34.5
26/09/1976,30.0
27/09/1976,8.5
28/09/1976,0.0
29/09/1976,0.5
30/09/1976,0.0
01/10/1976,0.0
02/10/1976,8.0
03/10/1976,1.5
04/10/1976,16.0
05/10/1976,5.5
06/10/1976,0.5
07/10/1976,3.5
08/10/1976,0.0
09/10/1976,0.0
10/10/1976,1.0
11/10/1976,3.0
12/10/1976,2.5
13/10/1976,6.5
14/10/1976,37.0
15/10/1976,2.5
16/10/1976,2.5
17/10/1976,0.5
18/10/1976,8.0
19/10/1976,1.0
20/10/1976,11.5
21/10/1976,16.5
22/10/1976,0.0
23/10/1976,1.0
24/10/1976,0.5
25/10/1976,1.0
26/10/1976,61.6
27/10/1976,3.9
28/10/1976,1.5
29/10/1976,0.0
30/10/1976,1.0
31/10/1976,37.0
01/11/1976,5.0
02/11/1976,5.5
03/11/1976,6.0
04/11/1976,0.5
05/11/1976,22.0
06/11/1976,14.0
07/11/1976,0.5
08/11/1976,0.5
09/11/1976,10.5
10/11/1976,9.5
11/11/1976,11.0
12/11/1976,28.0
13/11/1976,3.0
14/11/1976,0.0
15/11/1976,1.5
16/11/1976,5.0
17/11/1976,37.0
18/11/1976,49.0
19/11/1976,21.5
20/11/1976,86.0
21/11/1976,1.0
22/11/1976,88.8
23/11/1976,22.7
24/11/1976,3.0
25/11/1976,21.0
26/11/1976,12.5
27/11/1976,52.5
28/11/1976,244.6
29/11/1976,89.5
30/11/1976,0.5
01/12/1976,0.0
02/12/1976,0.0
03/12/1976,0.0
04/12/1976,0.0
05/12/1976,1.5
06/12/1976,0.0
07/12/1976,8.5
08/12/1976,10.0
09/12/1976,3.0
10/12/1976,19.5
11/12/1976,8.0
12/12/1976,3.5
13/12/1976,14.5
14/12/1976,114.0
15/12/1976,49.0
16/12/1976,13.5
17/12/1976,45.2
18/12/1976,58.1
19/12/1976,24.2
20/12/1976,1.0
21/12/1976,164.0
22/12/1976,31.1
23/12/1976,44.9
24/12/1976,5.0
25/12/1976,1.0
26/12/1976,9.0
27/12/1976,43.5
28/12/1976,25.7
29/12/1976,27.3
30/12/1976,21.5
31/12/1976,60.3
01/01/1977,64.7
02/01/1977,14.4
03/01/1977,4.5
04/01/1977,2.5
05/01/1977,44.0
06/01/1977,0.5
07/01/1977,5.8
08/01/1977,0.2
09/01/1977,0.0
10/01/1977,0.0
11/01/1977,0.0
12/01/1977,0.0
13/01/1977,0.0
14/01/1977,0.0
15/01/1977,0.0
16/01/1977,0.5
17/01/1977,0.0
18/01/1977,0.0
19/01/1977,0.0
20/01/1977,0.0
21/01/1977,0.0
22/01/1977,0.0
23/01/1977,0.0
24/01/1977,0.0
25/01/1977,0.0
26/01/1977,0.0
27/01/1977,0.0
28/01/1977,0.0
29/01/1977,0.0
30/01/1977,0.0
31/01/1977,0.0
01/02/1977,18.5
02/02/1977,10.0
03/02/1977,9.5
04/02/1977,0.5
05/02/1977,0.0
06/02/1977,0.0
07/02/1977,0.0
08/02/1977,36.0
09/02/1977,90.0
10/02/1977,36.5
11/02/1977,31.5
12/02/1977,2.0
13/02/1977,3.0
14/02/1977,0.0
15/02/1977,0.0
16/02/1977,0.0
17/02/1977,0.0
18/02/1977,0.0
19/02/1977,24.5
20/02/1977,7.5
21/02/1977,0.0
22/02/1977,2.0
23/02/1977,18.0
24/02/1977,39.4
25/02/1977,22.1
26/02/1977,1.0
27/02/1977,0.0
28/02/1977,0.0
01/03/1977,0.0
02/03/1977,0.0
03/03/1977,0.0
04/03/1977,21.0
05/03/1977,4.0
06/03/1977,0.5
07/03/1977,0.0
08/03/1977,0.0
09/03/1977,0.0
10/03/1977,0.0
11/03/1977,0.5
12/03/1977,0.5
13/03/1977,0.0
14/03/1977,0.0
15/03/1977,0.0
16/03/1977,0.0
17/03/1977,0.0
18/03/1977,0.0
19/03/1977,0.0
20/03/1977,0.0
21/03/1977,10.5
22/03/1977,0.0
23/03/1977,0.0
24/03/1977,58.2
25/03/1977,11.8
26/03/1977,4.5
27/03/1977,0.5
28/03/1977,0.0
29/03/1977,0.0
30/03/1977,0.0
31/03/1977,0.0
01/04/1977,25.0
02/04/1977,0.0
03/04/1977,0.0
04/04/1977,39.5
05/04/1977,1.5
06/04/1977,0.0
07/04/1977,0.0
08/04/1977,0.0
09/04/1977,0.0
10/04/1977,0.0
11/04/1977,0.0
12/04/1977,0.0
13/04/1977,0.0
14/04/1977,0.0
15/04/1977,6.5
16/04/1977,0.0
17/04/1977,0.0
18/04/1977,0.0
19/04/1977,0.0
20/04/1977,0.0
21/04/1977,0.0
22/04/1977,0.0
23/04/1977,0.0
24/04/1977,0.0
25/04/1977,0.0
26/04/1977,0.0
27/04/1977,8.0
28/04/1977,0.0
29/04/1977,0.0
30/04/1977,0.0
01/05/1977,0.0
02/05/1977,12.0
03/05/1977,0.0
04/05/1977,7.5
05/05/1977,0.0
06/05/1977,0.0
07/05/1977,0.0
08/05/1977,0.0
09/05/1977,0.0
10/05/1977,0.0
11/05/1977,0.0
12/05/1977,0.5
13/05/1977,8.5
14/05/1977,13.0
15/05/1977,4.0
16/05/1977,0.5
17/05/1977,24.5
18/05/1977,15.0
19/05/1977,0.0
20/05/1977,0.0
21/05/1977,0.0
22/05/1977,0.0
23/05/1977,0.0
24/05/1977,0.0
25/05/1977,6.5
26/05/1977,0.0
27/05/1977,0.0
28/05/1977,9.0
29/05/1977,4.0
30/05/1977,1.0
31/05/1977,84.0
01/06/1977,0.0
02/06/1977,1.0
03/06/1977,4.0
04/06/1977,0.0
05/06/1977,2.5
06/06/1977,0.0
07/06/1977,0.5
08/06/1977,6.0
09/06/1977,23.5
10/06/1977,0.5
11/06/1977,2.0
12/06/1977,25.2
13/06/1977,6.3
14/06/1977,24.0
15/06/1977,31.0
16/06/1977,30.6
17/06/1977,0.9
18/06/1977,12.5
19/06/1977,13.8
20/06/1977,1.2
21/06/1977,90.5
22/06/1977,0.5
23/06/1977,0.5
24/06/1977,0.0
25/06/1977,5.5
26/06/1977,0.0
27/06/1977,6.5
28/06/1977,0.0
29/06/1977,0.0
30/06/1977,0.0
01/07/1977,0.0
02/07/1977,0.0
03/07/1977,16.0
04/07/1977,0.0
05/07/1977,16.5
06/07/1977,0.5
07/07/1977,12.0
08/07/1977,37.5
09/07/1977,2.5
10/07/1977,0.0
11/07/1977,0.5
12/07/1977,33.5
13/07/1977,1.0
14/07/1977,1.5
15/07/1977,0.0
16/07/1977,1.5
17/07/1977,0.0
18/07/1977,0.0
19/07/1977,0.0
20/07/1977,9.0
21/07/1977,0.0
22/07/1977,0.5
23/07/1977,0.0
24/07/1977,22.5
25/07/1977,13.0
26/07/1977,37.5
27/07/1977,5.5
28/07/1977,18.5
29/07/1977,13.0
30/07/1977,1.5
31/07/1977,11.5
01/08/1977,0.0
02/08/1977,3.0
03/08/1977,16.0
04/08/1977,13.0
05/08/1977,0.0
06/08/1977,25.0
07/08/1977,0.0
08/08/1977,0.0
09/08/1977,0.0
10/08/1977,20.0
11/08/1977,2.5
12/08/1977,0.0
13/08/1977,0.0
14/08/1977,0.5
15/08/1977,5.5
16/08/1977,0.5
17/08/1977,13.0
18/08/1977,23.0
19/08/1977,11.0
20/08/1977,7.5
21/08/1977,14.0
22/08/1977,0.5
23/08/1977,32.0
24/08/1977,47.5
25/08/1977,0.0
26/08/1977,30.0
27/08/1977,7.5
28/08/1977,0.5
29/08/1977,22.0
30/08/1977,1.0
31/08/1977,0.0
01/09/1977,0.0
02/09/1977,5.0
03/09/1977,8.5
04/09/1977,0.0
05/09/1977,28.5
06/09/1977,1.0
07/09/1977,3.5
08/09/1977,0.0
09/09/1977,3.5
10/09/1977,0.0
11/09/1977,11.0
12/09/1977,5.0
13/09/1977,14.5
14/09/1977,22.0
15/09/1977,11.0
16/09/1977,18.0
17/09/1977,4.0
18/09/1977,0.5
19/09/1977,0.0
20/09/1977,0.0
21/09/1977,14.5
22/09/1977,0.0
23/09/1977,9.5
24/09/1977,0.0
25/09/1977,0.0
26/09/1977,74.0
27/09/1977,0.0
28/09/1977,4.5
29/09/1977,14.5
30/09/1977,0.0
01/10/1977,32.0
02/10/1977,3.5
03/10/1977,3.5
04/10/1977,2.5
05/10/1977,15.5
06/10/1977,20.5
07/10/1977,12.5
08/10/1977,38.5
09/10/1977,3.0
10/10/1977,0.0
11/10/1977,6.0
12/10/1977,13.0
13/10/1977,7.5
14/10/1977,81.0
15/10/1977,0.0
16/10/1977,0.0
17/10/1977,0.0
18/10/1977,0.0
24/10/1977,3.5
25/10/1977,4.5
26/10/1977,34.0
27/10/1977,9.0
28/10/1977,0.5
29/10/1977,8.5
30/10/1977,3.5
31/10/1977,26.0
01/11/1977,8.5
02/11/1977,13.0
03/11/1977,7.0
04/11/1977,3.0
05/11/1977,0.5
06/11/1977,11.0
07/11/1977,1.5
08/11/1977,6.0
09/11/1977,7.0
10/11/1977,22.5
11/11/1977,10.0
12/11/1977,55.5
13/11/1977,24.0
14/11/1977,31.0
15/11/1977,6.5
16/11/1977,3.0
17/11/1977,14.0
18/11/1977,48.0
19/11/1977,76.0
20/11/1977,0.5
21/11/1977,3.5
22/11/1977,34.0
23/11/1977,47.5
24/11/1977,7.0
25/11/1977,5.5
26/11/1977,0.0
27/11/1977,0.0
28/11/1977,0.0
29/11/1977,26.0
30/11/1977,0.0
01/12/1977,10.5
02/12/1977,34.5
03/12/1977,61.5
04/12/1977,56.5
05/12/1977,64.5
06/12/1977,23.0
07/12/1977,1.0
08/12/1977,0.5
09/12/1977,5.0
10/12/1977,0.5
11/12/1977,11.5
12/12/1977,28.0
13/12/1977,3.0
14/12/1977,0.0
15/12/1977,1.5
16/12/1977,55.0
17/12/1977,58.0
18/12/1977,24.5
19/12/1977,0.0
20/12/1977,13.0
21/12/1977,23.0
22/12/1977,9.5
23/12/1977,28.5
24/12/1977,0.5
25/12/1977,0.5
26/12/1977,15.5
27/12/1977,21.5
28/12/1977,7.0
29/12/1977,15.0
30/12/1977,0.5
31/12/1977,0.0
01/01/1978,0.0
02/01/1978,0.0
03/01/1978,0.0
04/01/1978,0.0
05/01/1978,4.0
06/01/1978,48.5
07/01/1978,21.0
08/01/1978,124.5
09/01/1978,65.5
10/01/1978,15.5
11/01/1978,18.5
12/01/1978,45.2
13/01/1978,0.3
14/01/1978,0.0
15/01/1978,26.0
16/01/1978,16.5
17/01/1978,35.5
18/01/1978,4.0
19/01/1978,0.0
20/01/1978,4.5
21/01/1978,21.0
22/01/1978,10.5
23/01/1978,0.0
24/01/1978,0.0
25/01/1978,0.0
26/01/1978,2.0
27/01/1978,4.5
28/01/1978,0.0
29/01/1978,0.0
30/01/1978,0.0
31/01/1978,0.0
01/02/1978,0.0
02/02/1978,0.0
03/02/1978,17.0
04/02/1978,4.5
05/02/1978,9.0
06/02/1978,8.5
07/02/1978,15.0
08/02/1978,0.0
09/02/1978,0.0
10/02/1978,0.0
11/02/1978,0.0
12/02/1978,0.0
13/02/1978,0.0
14/02/1978,1.0
15/02/1978,8.0
16/02/1978,0.0
17/02/1978,0.0
18/02/1978,7.5
19/02/1978,7.5
20/02/1978,0.0
21/02/1978,0.0
22/02/1978,0.0
23/02/1978,0.0
24/02/1978,3.0
25/02/1978,13.5
26/02/1978,26.0
27/02/1978,20.5
28/02/1978,10.0
01/03/1978,1.0
02/03/1978,6.5
03/03/1978,0.0
04/03/1978,0.0
05/03/1978,0.0
06/03/1978,0.0
07/03/1978,0.0
08/03/1978,0.0
09/03/1978,0.0
10/03/1978,11.5
11/03/1978,0.5
12/03/1978,0.0
13/03/1978,0.0
14/03/1978,0.0
15/03/1978,0.0
16/03/1978,0.0
17/03/1978,0.0
18/03/1978,0.0
19/03/1978,9.0
20/03/1978,0.0
21/03/1978,0.0
22/03/1978,0.0
23/03/1978,0.0
24/03/1978,0.0
25/03/1978,1.0
26/03/1978,45.5
27/03/1978,16.5
28/03/1978,4.0
29/03/1978,2.5
30/03/1978,3.0
31/03/1978,0.0
01/04/1978,0.0
02/04/1978,0.0
03/04/1978,8.5
04/04/1978,15.5
05/04/1978,0.0
06/04/1978,0.0
07/04/1978,0.0
08/04/1978,0.0
09/04/1978,0.0
10/04/1978,0.0
11/04/1978,0.0
12/04/1978,1.0
13/04/1978,29.5
14/04/1978,3.5
15/04/1978,0.5
16/04/1978,0.5
17/04/1978,0.0
18/04/1978,1.0
19/04/1978,0.0
20/04/1978,0.0
21/04/1978,0.0
22/04/1978,0.0
23/04/1978,0.0
24/04/1978,6.0
25/04/1978,27.5
26/04/1978,32.0
27/04/1978,36.0
28/04/1978,21.0
29/04/1978,0.0
30/04/1978,0.0
01/05/1978,0.0
02/05/1978,7.5
03/05/1978,0.0
04/05/1978,0.0
05/05/1978,2.0
06/05/1978,0.0
07/05/1978,0.5
08/05/1978,3.0
09/05/1978,16.0
10/05/1978,6.5
11/05/1978,3.0
12/05/1978,2.0
13/05/1978,1.0
14/05/1978,60.5
15/05/1978,0.5
16/05/1978,0.0
17/05/1978,94.0
18/05/1978,0.0
19/05/1978,10.0
20/05/1978,0.0
21/05/1978,0.0
22/05/1978,44.5
23/05/1978,9.0
24/05/1978,24.5
25/05/1978,0.0
26/05/1978,10.0
27/05/1978,5.5
28/05/1978,0.5
29/05/1978,0.5
30/05/1978,3.0
31/05/1978,1.0
01/06/1978,1.0
02/06/1978,0.0
03/06/1978,1.0
04/06/1978,29.0
05/06/1978,3.5
06/06/1978,0.0
07/06/1978,0.0
08/06/1978,17.5
09/06/1978,37.0
10/06/1978,13.5
11/06/1978,5.0
12/06/1978,0.0
13/06/1978,0.0
14/06/1978,0.0
15/06/1978,0.0
16/06/1978,0.0
17/06/1978,0.0
18/06/1978,0.0
19/06/1978,3.5
20/06/1978,8.0
21/06/1978,0.5
22/06/1978,0.0
23/06/1978,31.0
24/06/1978,0.0
25/06/1978,0.0
26/06/1978,9.2
27/06/1978,30.3
28/06/1978,0.0
29/06/1978,2.0
30/06/1978,0.0
01/07/1978,0.0
02/07/1978,28.7
03/07/1978,2.8
04/07/1978,2.5
05/07/1978,4.5
06/07/1978,17.5
07/07/1978,2.0
08/07/1978,36.0
09/07/1978,30.8
10/07/1978,6.7
14/08/1978,83.5
15/08/1978,3.5
16/08/1978,0.5
17/08/1978,0.0
18/08/1978,10.5
19/08/1978,8.5
20/08/1978,0.5
21/08/1978,13.0
22/08/1978,0.5
23/08/1978,0.0
24/08/1978,0.0
25/08/1978,2.0
26/08/1978,0.0
27/08/1978,0.0
28/08/1978,31.0
29/08/1978,20.5
30/08/1978,6.0
31/08/1978,0.0
01/09/1978,13.0
02/09/1978,3.0
03/09/1978,0.0
04/09/1978,9.5
05/09/1978,42.5
06/09/1978,0.5
07/09/1978,23.0
08/09/1978,17.5
09/09/1978,1.0
10/09/1978,0.0
11/09/1978,34.5
12/09/1978,9.5
13/09/1978,0.0
14/09/1978,12.0
15/09/1978,1.5
16/09/1978,0.5
17/09/1978,0.0
18/09/1978,0.0
19/09/1978,8.0
20/09/1978,0.0
21/09/1978,86.0
22/09/1978,2.5
23/09/1978,4.5
24/09/1978,37.7
25/09/1978,0.8
26/09/1978,0.0
27/09/1978,10.5
28/09/1978,0.0
29/09/1978,0.0
30/09/1978,0.0
01/10/1978,0.0
02/10/1978,4.0
03/10/1978,0.0
04/10/1978,0.0
05/10/1978,24.0
06/10/1978,0.0
07/10/1978,23.5
08/10/1978,0.0
09/10/1978,15.5
10/10/1978,15.0
11/10/1978,1.5
12/10/1978,0.5
13/10/1978,13.0
14/10/1978,23.0
15/10/1978,1.0
16/10/1978,80.0
17/10/1978,13.0
18/10/1978,3.5
19/10/1978,6.5
20/10/1978,1.0
21/10/1978,0.0
22/10/1978,0.0
23/10/1978,1.5
24/10/1978,3.5
25/10/1978,52.0
26/10/1978,6.5
27/10/1978,1.0
28/10/1978,9.5
29/10/1978,12.9
30/10/1978,28.1
31/10/1978,49.0
01/11/1978,23.5
02/11/1978,31.5
03/11/1978,35.5
04/11/1978,51.5
05/11/1978,24.0
06/11/1978,2.0
07/11/1978,22.5
08/11/1978,2.5
09/11/1978,0.0
10/11/1978,3.0
11/11/1978,11.5
12/11/1978,4.5
13/11/1978,10.0
14/11/1978,25.0
15/11/1978,1.5
16/11/1978,6.0
17/11/1978,5.0
18/11/1978,0.5
19/11/1978,23.0
20/11/1978,15.0
21/11/1978,9.0
22/11/1978,0.0
23/11/1978,9.0
24/11/1978,0.0
25/11/1978,0.0
26/11/1978,2.5
27/11/1978,0.0
28/11/1978,1.0
29/11/1978,15.0
30/11/1978,23.5
01/12/1978,4.0
02/12/1978,75.0
03/12/1978,0.0
04/12/1978,1.0
05/12/1978,21.5
06/12/1978,263.5
07/12/1978,41.5
08/12/1978,25.2
09/12/1978,49.3
10/12/1978,21.0
11/12/1978,19.5
12/12/1978,14.0
13/12/1978,24.0
14/12/1978,4.0
15/12/1978,8.5
16/12/1978,0.0
17/12/1978,0.0
18/12/1978,0.0
19/12/1978,0.0
20/12/1978,4.5
21/12/1978,0.0
22/12/1978,17.9
23/12/1978,10.1
24/12/1978,2.5
25/12/1978,0.0
26/12/1978,0.0
27/12/1978,0.0
28/12/1978,0.0
29/12/1978,0.0
30/12/1978,0.6
31/12/1978,0.3
01/01/1979,4.1
02/01/1979,38.0
03/01/1979,52.0
04/01/1979,64.0
05/01/1979,16.0
06/01/1979,8.0
07/01/1979,16.0
08/01/1979,0.0
09/01/1979,0.0
10/01/1979,0.0
11/01/1979,0.0
12/01/1979,0.0
13/01/1979,0.0
14/01/1979,0.0
15/01/1979,0.0
16/01/1979,0.0
17/01/1979,0.0
02/02/1979,0.4
03/02/1979,3.1
04/02/1979,0.0
05/02/1979,22.5
06/02/1979,31.0
07/02/1979,18.0
08/02/1979,0.5
09/02/1979,0.0
10/02/1979,0.0
11/02/1979,0.0
12/02/1979,0.0
13/02/1979,2.0
14/02/1979,0.0
15/02/1979,18.5
16/02/1979,101.5
17/02/1979,7.5
18/02/1979,0.0
19/02/1979,0.0
20/02/1979,0.0
21/02/1979,0.0
22/02/1979,0.0
23/02/1979,0.0
24/02/1979,6.5
25/02/1979,0.0
26/02/1979,0.0
27/02/1979,0.0
28/02/1979,0.0
01/03/1979,0.0
02/03/1979,38.0
03/03/1979,76.0
04/03/1979,0.0
05/03/1979,0.0
06/03/1979,0.0
07/03/1979,0.0
08/03/1979,0.0
09/03/1979,0.0
10/03/1979,0.0
11/03/1979,0.0
12/03/1979,0.5
13/03/1979,0.0
14/03/1979,0.0
15/03/1979,0.0
16/03/1979,0.0
17/03/1979,0.0
18/03/1979,0.0
19/03/1979,0.0
20/03/1979,1.0
21/03/1979,0.0
22/03/1979,0.0
23/03/1979,0.0
24/03/1979,0.0
25/03/1979,0.0
26/03/1979,0.0
27/03/1979,0.0
28/03/1979,0.0
29/03/1979,0.0
30/03/1979,0.0
31/03/1979,0.0
01/04/1979,0.0
02/04/1979,0.0
03/04/1979,0.0
04/04/1979,24.0
05/04/1979,8.5
06/04/1979,0.0
07/04/1979,0.0
08/04/1979,0.0
09/04/1979,0.0
10/04/1979,0.0
11/04/1979,0.0
12/04/1979,0.0
13/04/1979,0.0
14/04/1979,4.0
15/04/1979,37.9
16/04/1979,4.1
17/04/1979,13.5
18/04/1979,0.0
19/04/1979,3.5
20/04/1979,36.0
21/04/1979,13.5
22/04/1979,1.0
23/04/1979,15.0
24/04/1979,2.0
25/04/1979,5.0
26/04/1979,0.0
27/04/1979,0.0
28/04/1979,0.0
29/04/1979,111.5
30/04/1979,0.5
01/05/1979,6.5
02/05/1979,31.0
03/05/1979,27.0
04/05/1979,0.0
05/05/1979,0.0
06/05/1979,67.0
07/05/1979,0.5
08/05/1979,14.0
09/05/1979,0.5
10/05/1979,74.0
11/05/1979,0.5
12/05/1979,18.0
13/05/1979,0.0
14/05/1979,59.5
15/05/1979,2.5
16/05/1979,0.5
17/05/1979,0.0
18/05/1979,0.0
19/05/1979,0.0
20/05/1979,0.0
21/05/1979,1.0
22/05/1979,0.0
23/05/1979,2.0
24/05/1979,4.5
25/05/1979,0.0
26/05/1979,26.0
27/05/1979,30.0
28/05/1979,1.0
29/05/1979,0.0
30/05/1979,16.5
31/05/1979,1.5
01/06/1979,2.0
02/06/1979,14.5
03/06/1979,0.5
04/06/1979,0.0
05/06/1979,0.0
06/06/1979,8.5
07/06/1979,31.5
08/06/1979,0.0
09/06/1979,11.0
10/06/1979,0.0
11/06/1979,0.0
12/06/1979,0.0
13/06/1979,1.0
14/06/1979,0.5
15/06/1979,15.5
16/06/1979,7.5
17/06/1979,2.5
18/06/1979,12.5
19/06/1979,0.0
20/06/1979,0.5
21/06/1979,6.5
22/06/1979,0.5
23/06/1979,0.0
24/06/1979,12.5
25/06/1979,5.5
26/06/1979,0.0
27/06/1979,4.5
28/06/1979,0.0
29/06/1979,0.0
30/06/1979,0.0
01/07/1979,0.0
02/07/1979,0.0
03/07/1979,0.0
04/07/1979,0.0
05/07/1979,0.0
06/07/1979,0.0
07/07/1979,0.0
08/07/1979,0.0
09/07/1979,3.5
10/07/1979,0.5
11/07/1979,5.0
12/07/1979,1.5
13/07/1979,60.0
14/07/1979,6.0
15/07/1979,30.5
16/07/1979,5.0
17/07/1979,13.5
18/07/1979,1.0
19/07/1979,0.0
20/07/1979,0.5
21/07/1979,25.5
22/07/1979,2.5
23/07/1979,32.5
24/07/1979,34.5
25/07/1979,5.5
26/07/1979,3.5
27/07/1979,0.0
28/07/1979,0.0
29/07/1979,0.0
30/07/1979,0.0
31/07/1979,0.0
01/08/1979,0.0
02/08/1979,0.0
03/08/1979,0.0
04/08/1979,0.0
05/08/1979,0.0
06/08/1979,11.5
07/08/1979,0.0
08/08/1979,0.0
09/08/1979,0.0
10/08/1979,0.0
11/08/1979,0.0
12/08/1979,0.0
13/08/1979,0.0
14/08/1979,0.0
15/08/1979,0.0
16/08/1979,0.0
17/08/1979,1.0
18/08/1979,5.5
19/08/1979,0.5
20/08/1979,29.0
21/08/1979,0.0
22/08/1979,1.0
23/08/1979,10.5
24/08/1979,0.5
25/08/1979,8.5
26/08/1979,0.0
27/08/1979,0.0
28/08/1979,0.0
29/08/1979,0.0
30/08/1979,17.0
31/08/1979,5.0
01/09/1979,6.5
02/09/1979,30.0
03/09/1979,0.0
04/09/1979,0.0
05/09/1979,0.0
06/09/1979,6.5
07/09/1979,8.5
08/09/1979,15.0
09/09/1979,27.0
10/09/1979,2.5
11/09/1979,62.5
12/09/1979,0.0
13/09/1979,0.0
14/09/1979,4.0
15/09/1979,129.0
16/09/1979,42.5
17/09/1979,7.5
18/09/1979,6.0
19/09/1979,0.0
20/09/1979,0.0
21/09/1979,5.0
22/09/1979,12.0
23/09/1979,0.5
24/09/1979,0.3
25/09/1979,6.2
26/09/1979,14.0
27/09/1979,0.0
28/09/1979,0.0
29/09/1979,3.5
30/09/1979,0.5
01/10/1979,0.0
02/10/1979,0.0
03/10/1979,0.0
04/10/1979,0.0
05/10/1979,9.0
06/10/1979,28.0
07/10/1979,28.5
08/10/1979,6.5
09/10/1979,0.5
10/10/1979,27.5
11/10/1979,0.0
12/10/1979,27.5
13/10/1979,3.0
14/10/1979,1.5
15/10/1979,0.0
16/10/1979,12.0
17/10/1979,75.5
18/10/1979,6.5
19/10/1979,9.0
20/10/1979,18.0
21/10/1979,0.5
22/10/1979,6.0
23/10/1979,10.0
24/10/1979,23.0
25/10/1979,0.0
26/10/1979,7.0
27/10/1979,3.0
28/10/1979,7.5
29/10/1979,5.5
30/10/1979,5.5
31/10/1979,43.5
01/11/1979,81.5
02/11/1979,35.0
03/11/1979,11.0
04/11/1979,0.0
05/11/1979,0.0
06/11/1979,0.0
07/11/1979,2.5
08/11/1979,10.0
09/11/1979,70.5
10/11/1979,24.5
11/11/1979,13.0
12/11/1979,2.0
13/11/1979,35.0
14/11/1979,15.0
15/11/1979,95.0
16/11/1979,9.5
17/11/1979,1.0
18/11/1979,0.0
19/11/1979,8.5
20/11/1979,0.5
21/11/1979,10.0
22/11/1979,42.5
23/11/1979,91.0
24/11/1979,35.0
25/11/1979,90.0
26/11/1979,320.6
27/11/1979,69.9
28/11/1979,0.0
29/11/1979,0.5
30/11/1979,2.5
01/12/1979,0.5
02/12/1979,13.8
03/12/1979,21.7
04/12/1979,0.5
05/12/1979,0.0
06/12/1979,11.0
07/12/1979,0.0
08/12/1979,5.0
09/12/1979,0.0
10/12/1979,0.0
11/12/1979,11.0
12/12/1979,16.0
13/12/1979,27.5
14/12/1979,10.5
15/12/1979,1.0
16/12/1979,3.0
17/12/1979,0.0
18/12/1979,1.5
19/12/1979,0.0
20/12/1979,0.0
21/12/1979,0.0
22/12/1979,0.0
23/12/1979,0.0
24/12/1979,0.0
25/12/1979,0.0
26/12/1979,0.0
27/12/1979,0.0
28/12/1979,0.0
29/12/1979,0.0
30/12/1979,5.5
31/12/1979,5.5
01/01/1980,0.0
02/01/1980,0.0
03/01/1980,0.0
04/01/1980,0.0
05/01/1980,69.0
06/01/1980,24.8
07/01/1980,11.2
08/01/1980,0.0
09/01/1980,0.0
10/01/1980,0.0
11/01/1980,10.2
12/01/1980,1.3
13/01/1980,0.0
14/01/1980,0.0
15/01/1980,0.0
16/01/1980,0.0
17/01/1980,0.0
18/01/1980,14.5
19/01/1980,9.5
20/01/1980,3.0
21/01/1980,0.0
22/01/1980,1.0
23/01/1980,0.0
24/01/1980,0.0
25/01/1980,0.0
26/01/1980,0.0
27/01/1980,0.0
28/01/1980,0.0
29/01/1980,0.0
30/01/1980,69.5
31/01/1980,0.5
01/02/1980,0.0
02/02/1980,0.0
03/02/1980,1.5
04/02/1980,0.0
05/02/1980,6.0
06/02/1980,0.0
07/02/1980,5.5
08/02/1980,0.0
09/02/1980,0.0
10/02/1980,1.0
11/02/1980,6.5
12/02/1980,2.5
13/02/1980,0.0
14/02/1980,0.0
15/02/1980,0.0
16/02/1980,2.5
17/02/1980,1.0
18/02/1980,2.0
19/02/1980,22.3
20/02/1980,12.7
21/02/1980,10.0
22/02/1980,14.0
23/02/1980,2.5
24/02/1980,0.0
25/02/1980,0.5
26/02/1980,1.0
27/02/1980,0.0
28/02/1980,0.0
29/02/1980,0.0
01/03/1980,0.0
02/03/1980,4.0
03/03/1980,0.0
04/03/1980,0.0
05/03/1980,0.0
06/03/1980,2.5
07/03/1980,0.0
08/03/1980,0.0
09/03/1980,37.0
10/03/1980,6.0
11/03/1980,0.0
12/03/1980,0.0
13/03/1980,0.0
14/03/1980,39.0
15/03/1980,18.6
16/03/1980,1.0
17/03/1980,0.0
18/03/1980,0.0
19/03/1980,0.0
20/03/1980,4.0
21/03/1980,0.0
22/03/1980,0.0
23/03/1980,0.0
24/03/1980,0.0
25/03/1980,35.0
26/03/1980,5.5
27/03/1980,33.5
28/03/1980,0.0
29/03/1980,0.0
30/03/1980,78.5
31/03/1980,0.0
01/04/1980,0.0
02/04/1980,0.0
03/04/1980,57.5
04/04/1980,6.5
05/04/1980,0.5
06/04/1980,12.5
07/04/1980,3.5
08/04/1980,5.5
09/04/1980,0.0
10/04/1980,0.5
11/04/1980,11.0
12/04/1980,2.5
13/04/1980,18.5
14/04/1980,10.5
15/04/1980,0.0
16/04/1980,0.0
17/04/1980,0.0
18/04/1980,0.0
19/04/1980,0.0
20/04/1980,0.0
21/04/1980,4.5
22/04/1980,11.5
23/04/1980,93.0
24/04/1980,13.0
25/04/1980,0.0
26/04/1980,0.0
27/04/1980,11.5
28/04/1980,61.0
29/04/1980,0.0
30/04/1980,0.0
01/05/1980,0.0
02/05/1980,11.0
03/05/1980,0.0
04/05/1980,0.0
05/05/1980,0.0
06/05/1980,0.0
07/05/1980,0.0
08/05/1980,0.0
09/05/1980,2.5
10/05/1980,1.0
11/05/1980,0.0
12/05/1980,0.0
13/05/1980,24.5
14/05/1980,4.0
15/05/1980,0.5
16/05/1980,19.0
17/05/1980,0.0
18/05/1980,0.0
19/05/1980,14.5
20/05/1980,0.0
21/05/1980,0.0
22/05/1980,0.0
23/05/1980,0.0
24/05/1980,0.0
25/05/1980,0.0
26/05/1980,0.0
27/05/1980,18.0
28/05/1980,0.0
29/05/1980,0.0
30/05/1980,0.0
31/05/1980,0.0
01/06/1980,11.0
02/06/1980,18.5
03/06/1980,0.0
04/06/1980,0.0
05/06/1980,1.5
06/06/1980,1.5
07/06/1980,31.0
08/06/1980,0.5
09/06/1980,0.0
10/06/1980,0.0
11/06/1980,0.0
12/06/1980,0.0
13/06/1980,11.0
14/06/1980,27.5
15/06/1980,1.0
16/06/1980,24.0
17/06/1980,0.0
18/06/1980,7.5
19/06/1980,0.5
20/06/1980,0.0
21/06/1980,0.0
22/06/1980,4.5
23/06/1980,20.5
24/06/1980,0.0
25/06/1980,0.0
26/06/1980,0.0
27/06/1980,0.0
28/06/1980,0.0
29/06/1980,0.0
30/06/1980,0.0
01/07/1980,37.0
02/07/1980,0.5
03/07/1980,0.0
04/07/1980,0.0
05/07/1980,0.0
06/07/1980,36.5
07/07/1980,7.5
14/07/1980,1.5
15/07/1980,0.0
16/07/1980,8.0
17/07/1980,2.0
18/07/1980,0.0
19/07/1980,1.5
20/07/1980,0.0
21/07/1980,0.0
22/07/1980,0.0
23/07/1980,0.0
24/07/1980,45.9
25/07/1980,5.1
26/07/1980,0.0
27/07/1980,19.0
28/07/1980,0.0
29/07/1980,0.0
30/07/1980,0.0
31/07/1980,51.5
01/08/1980,0.5
02/08/1980,0.0
03/08/1980,5.5
04/08/1980,7.5
05/08/1980,0.0
06/08/1980,14.1
07/08/1980,23.4
08/08/1980,2.0
09/08/1980,4.0
10/08/1980,0.0
11/08/1980,12.0
12/08/1980,15.5
13/08/1980,1.0
14/08/1980,1.0
15/08/1980,7.0
16/08/1980,0.0
17/08/1980,0.0
18/08/1980,0.0
19/08/1980,0.0
20/08/1980,72.5
21/08/1980,0.0
22/08/1980,6.0
23/08/1980,50.5
24/08/1980,0.5
25/08/1980,19.5
26/08/1980,1.0
27/08/1980,0.0
28/08/1980,0.0
29/08/1980,12.0
30/08/1980,5.0
31/08/1980,0.0
01/09/1980,0.0
02/09/1980,0.0
03/09/1980,0.0
04/09/1980,8.0
05/09/1980,25.5
06/09/1980,0.0
07/09/1980,1.0
08/09/1980,0.0
09/09/1980,3.5
10/09/1980,7.5
11/09/1980,36.5
12/09/1980,0.0
13/09/1980,0.0
14/09/1980,0.0
15/09/1980,0.0
16/09/1980,0.0
17/09/1980,0.0
18/09/1980,4.9
19/09/1980,45.6
20/09/1980,0.0
21/09/1980,5.5
22/09/1980,3.5
23/09/1980,0.5
24/09/1980,0.5
25/09/1980,0.0
26/09/1980,42.5
27/09/1980,29.0
28/09/1980,7.0
29/09/1980,5.0
30/09/1980,0.0
01/10/1980,13.0
02/10/1980,61.5
03/10/1980,0.0
04/10/1980,16.2
05/10/1980,21.8
06/10/1980,0.0
07/10/1980,2.5
08/10/1980,0.0
09/10/1980,0.0
10/10/1980,0.5
11/10/1980,46.0
12/10/1980,49.0
13/10/1980,11.0
14/10/1980,1.0
15/10/1980,2.0
16/10/1980,5.0
17/10/1980,23.5
18/10/1980,7.5
19/10/1980,11.5
20/10/1980,41.0
21/10/1980,1.0
22/10/1980,18.0
23/10/1980,3.0
24/10/1980,5.0
25/10/1980,28.5
26/10/1980,6.0
27/10/1980,0.0
28/10/1980,0.5
29/10/1980,2.0
30/10/1980,0.0
31/10/1980,0.0
01/11/1980,2.5
02/11/1980,0.0
03/11/1980,2.0
04/11/1980,31.0
05/11/1980,37.0
06/11/1980,8.0
07/11/1980,34.0
08/11/1980,6.5
09/11/1980,1.0
10/11/1980,35.0
11/11/1980,1.0
12/11/1980,2.5
13/11/1980,25.5
14/11/1980,0.0
15/11/1980,0.0
16/11/1980,0.0
17/11/1980,0.0
18/11/1980,9.0
19/11/1980,5.0
20/11/1980,1.5
21/11/1980,1.5
26/11/1980,1.5
27/11/1980,5.5
28/11/1980,66.5
29/11/1980,13.0
30/11/1980,13.0
01/12/1980,17.5
02/12/1980,21.5
03/12/1980,16.0
04/12/1980,1.5
05/12/1980,5.5
06/12/1980,6.5
07/12/1980,7.4
08/12/1980,19.6
09/12/1980,30.1
10/12/1980,1.5
11/12/1980,6.5
12/12/1980,0.0
13/12/1980,0.0
14/12/1980,0.0
15/12/1980,0.0
16/12/1980,45.7
17/12/1980,107.3
18/12/1980,114.5
19/12/1980,132.5
20/12/1980,20.5
21/12/1980,18.0
22/12/1980,0.0
23/12/1980,7.0
24/12/1980,3.0
25/12/1980,9.3
26/12/1980,22.2
27/12/1980,0.0
28/12/1980,179.5
29/12/1980,3.0
30/12/1980,1.0
31/12/1980,1.0
01/01/1981,0.0
02/01/1981,0.0
03/01/1981,0.0
04/01/1981,12.0
05/01/1981,0.0
06/01/1981,4.0
07/01/1981,1.0
08/01/1981,10.5
09/01/1981,20.5
10/01/1981,1.5
11/01/1981,0.0
12/01/1981,0.5
13/01/1981,1.0
14/01/1981,3.0
15/01/1981,2.5
16/01/1981,2.5
17/01/1981,3.5
18/01/1981,3.5
19/01/1981,0.5
20/01/1981,0.0
21/01/1981,0.0
22/01/1981,0.0
23/01/1981,0.0
24/01/1981,0.0
25/01/1981,0.0
26/01/1981,0.0
27/01/1981,0.0
28/01/1981,0.0
29/01/1981,0.0
30/01/1981,0.0
31/01/1981,4.3
01/02/1981,19.2
02/02/1981,46.5
03/02/1981,28.0
04/02/1981,0.0
05/02/1981,12.5
06/02/1981,6.5
07/02/1981,0.0
08/02/1981,0.0
09/02/1981,0.0
10/02/1981,22.0
11/02/1981,0.5
12/02/1981,0.0
13/02/1981,0.0
14/02/1981,0.0
15/02/1981,0.0
16/02/1981,0.0
17/02/1981,0.0
18/02/1981,11.5
19/02/1981,0.0
20/02/1981,0.0
21/02/1981,0.0
22/02/1981,0.0
23/02/1981,0.0
24/02/1981,0.0
25/02/1981,0.0
26/02/1981,0.0
27/02/1981,53.5
28/02/1981,0.0
01/03/1981,0.0
02/03/1981,0.0
03/03/1981,0.0
04/03/1981,14.0
05/03/1981,0.0
06/03/1981,0.0
07/03/1981,0.0
08/03/1981,0.0
09/03/1981,0.0
10/03/1981,0.5
11/03/1981,0.0
12/03/1981,0.0
13/03/1981,0.0
14/03/1981,0.0
15/03/1981,0.0
02/05/1981,0.5
03/05/1981,2.5
04/05/1981,5.0
05/05/1981,0.0
06/05/1981,35.5
07/05/1981,0.5
08/05/1981,1.0
09/05/1981,1.0
10/05/1981,0.0
11/05/1981,0.0
12/05/1981,48.0
13/05/1981,24.0
14/05/1981,0.0
15/05/1981,10.0
16/05/1981,0.0
17/05/1981,2.0
18/05/1981,1.0
19/05/1981,0.5
20/05/1981,9.5
21/05/1981,0.5
22/05/1981,15.5
23/05/1981,0.5
24/05/1981,16.0
25/05/1981,43.0
26/05/1981,35.0
27/05/1981,0.0
28/05/1981,1.5
29/05/1981,54.5
30/05/1981,3.0
31/05/1981,0.0
01/06/1981,0.0
02/06/1981,0.0
03/06/1981,4.3
04/06/1981,18.5
05/06/1981,8.2
06/06/1981,0.0
07/06/1981,0.0
08/06/1981,4.3
09/06/1981,18.5
10/06/1981,8.2
11/06/1981,0.0
12/06/1981,0.0
13/06/1981,4.0
14/06/1981,0.5
15/06/1981,0.0
16/06/1981,0.0
17/06/1981,0.0
18/06/1981,9.0
19/06/1981,0.0
20/06/1981,0.0
21/06/1981,0.0
22/06/1981,4.0
23/06/1981,0.0
24/06/1981,10.0
25/06/1981,18.0
26/06/1981,6.5
27/06/1981,0.5
28/06/1981,0.0
29/06/1981,0.0
30/06/1981,0.0
01/07/1981,0.0
02/07/1981,0.0
03/07/1981,6.5
04/07/1981,0.0
05/07/1981,0.0
06/07/1981,0.0
07/07/1981,0.0
08/07/1981,1.0
09/07/1981,0.0
10/07/1981,0.0
13/07/1981,3.5
14/07/1981,1.0
15/07/1981,4.0
16/07/1981,2.0
17/07/1981,1.3
18/07/1981,0.2
21/07/1981,28.0
18/08/1981,17.5
19/08/1981,25.5
20/08/1981,2.0
21/08/1981,0.0
22/08/1981,7.5
23/08/1981,2.5
24/08/1981,8.0
25/08/1981,0.5
26/08/1981,4.0
27/08/1981,0.0
28/08/1981,0.0
29/08/1981,8.5
30/08/1981,0.0
31/08/1981,25.0
01/09/1981,0.0
02/09/1981,19.5
03/09/1981,26.0
04/09/1981,16.0
05/09/1981,26.5
06/09/1981,0.0
07/09/1981,4.5
08/09/1981,10.0
09/09/1981,1.5
10/09/1981,3.0
11/09/1981,49.0
12/09/1981,5.0
13/09/1981,3.5
14/09/1981,2.2
15/09/1981,15.5
16/09/1981,27.8
17/09/1981,3.1
18/09/1981,0.0
19/09/1981,0.0
20/09/1981,0.0
21/09/1981,0.0
22/09/1981,0.0
23/09/1981,0.0
24/09/1981,0.0
25/09/1981,0.0
26/09/1981,0.0
27/09/1981,0.0
28/09/1981,0.0
29/09/1981,0.0
30/09/1981,0.0
01/10/1981,0.0
02/10/1981,0.0
03/10/1981,0.0
04/10/1981,0.0
05/10/1981,0.0
06/10/1981,4.7
07/10/1981,2.3
08/10/1981,8.5
09/10/1981,41.0
10/10/1981,4.5
11/10/1981,0.5
12/10/1981,0.5
13/10/1981,1.5
14/10/1981,0.0
15/10/1981,23.5
16/10/1981,0.0
17/10/1981,3.0
18/10/1981,1.0
19/10/1981,16.5
20/10/1981,7.0
21/10/1981,4.0
22/10/1981,0.0
23/10/1981,0.0
24/10/1981,0.0
25/10/1981,0.0
26/10/1981,32.0
27/10/1981,0.5
28/10/1981,3.5
29/10/1981,19.3
30/10/1981,33.2
31/10/1981,16.5
01/11/1981,22.5
02/11/1981,6.0
03/11/1981,2.0
04/11/1981,0.0
05/11/1981,33.5
06/11/1981,4.0
07/11/1981,4.0
08/11/1981,19.5
09/11/1981,4.5
10/11/1981,4.0
11/11/1981,0.0
12/11/1981,5.0
13/11/1981,0.0
14/11/1981,1.0
15/11/1981,0.5
16/11/1981,3.0
17/11/1981,12.0
18/11/1981,18.0
19/11/1981,10.0
20/11/1981,19.0
21/11/1981,13.0
22/11/1981,1.5
23/11/1981,10.0
24/11/1981,0.0
25/11/1981,30.0
26/11/1981,0.0
27/11/1981,1.0
28/11/1981,18.0
29/11/1981,4.5
30/11/1981,0.5
01/12/1981,2.0
02/12/1981,0.0
03/12/1981,0.0
04/12/1981,22.5
05/12/1981,40.5
06/12/1981,1.5
07/12/1981,0.0
08/12/1981,0.0
09/12/1981,0.5
10/12/1981,37.7
11/12/1981,68.2
12/12/1981,36.5
13/12/1981,19.0
14/12/1981,50.7
15/12/1981,39.0
16/12/1981,32.0
17/12/1981,1.0
18/12/1981,2.5
19/12/1981,0.5
20/12/1981,0.5
21/12/1981,0.0
22/12/1981,0.5
23/12/1981,0.5
24/12/1981,0.0
25/12/1981,0.0
26/12/1981,0.0
27/12/1981,0.0
28/12/1981,0.0
29/12/1981,4.0
30/12/1981,16.0
31/12/1981,2.0
01/01/1982,1.0
02/01/1982,0.5
03/01/1982,0.0
04/01/1982,0.0
05/01/1982,0.5
06/01/1982,0.0
07/01/1982,0.0
29/01/1982,1.9
30/01/1982,24.1
31/01/1982,9.5
01/02/1982,14.5
02/02/1982,0.0
03/02/1982,0.0
04/02/1982,0.0
05/02/1982,0.0
06/02/1982,11.0
07/02/1982,10.5
08/02/1982,0.0
09/02/1982,0.0
10/02/1982,0.0
11/02/1982,0.0
12/02/1982,0.0
13/02/1982,0.0
14/02/1982,0.0
15/02/1982,0.0
16/02/1982,0.0
17/02/1982,0.0
18/02/1982,0.0
19/02/1982,0.0
20/02/1982,0.0
21/02/1982,0.0
22/02/1982,10.5
23/02/1982,23.0
24/02/1982,0.0
25/02/1982,0.0
26/02/1982,0.0
27/02/1982,1.5
28/02/1982,0.0
01/03/1982,1.0
02/03/1982,0.0
03/03/1982,0.0
04/03/1982,0.0
05/03/1982,0.0
06/03/1982,0.0
07/03/1982,4.5
08/03/1982,30.0
09/03/1982,0.0
10/03/1982,9.0
11/03/1982,0.0
12/03/1982,0.0
13/03/1982,0.0
14/03/1982,0.0
15/03/1982,0.0
16/03/1982,0.0
17/03/1982,23.0
18/03/1982,14.0
19/03/1982,1.5
20/03/1982,0.0
21/03/1982,0.0
22/03/1982,0.0
23/03/1982,0.0
24/03/1982,0.0
25/03/1982,8.5
26/03/1982,0.0
27/03/1982,27.5
28/03/1982,9.0
29/03/1982,0.0
30/03/1982,0.0
31/03/1982,0.0
01/04/1982,20.0
02/04/1982,2.0
03/04/1982,8.3
04/04/1982,6.2
05/04/1982,9.0
06/04/1982,3.0
07/04/1982,1.5
08/04/1982,3.0
09/04/1982,0.0
10/04/1982,0.0
11/04/1982,0.0
12/04/1982,0.0
13/04/1982,2.0
14/04/1982,2.5
15/04/1982,42.0
16/04/1982,22.0
17/04/1982,8.5
18/04/1982,0.0
19/04/1982,1.5
20/04/1982,19.0
21/04/1982,15.0
22/04/1982,0.0
23/04/1982,0.0
24/04/1982,57.5
25/04/1982,0.0
26/04/1982,0.0
27/04/1982,0.0
28/04/1982,0.0
29/04/1982,3.5
30/04/1982,20.5
01/05/1982,0.5
02/05/1982,12.0
03/05/1982,14.3
04/05/1982,7.8
05/05/1982,10.0
06/05/1982,4.8
07/05/1982,15.5
08/05/1982,0.0
09/05/1982,14.5
10/05/1982,0.0
11/05/1982,0.0
12/05/1982,0.0
13/05/1982,0.0
14/05/1982,0.0
15/05/1982,0.0
16/05/1982,0.0
17/05/1982,0.0
18/05/1982,0.0
19/05/1982,18.5
20/05/1982,40.5
21/05/1982,18.0
22/05/1982,4.0
23/05/1982,12.0
24/05/1982,6.5
25/05/1982,0.0
26/05/1982,0.0
27/05/1982,0.6
28/05/1982,17.3
29/05/1982,7.2
30/05/1982,7.7
31/05/1982,4.2
01/06/1982,0.7
02/06/1982,0.0
03/06/1982,28.0
04/06/1982,5.5
05/06/1982,21.5
06/06/1982,0.0
07/06/1982,0.0
08/06/1982,0.0
09/06/1982,42.0
10/06/1982,0.0
11/06/1982,0.0
12/06/1982,0.0
13/06/1982,8.0
14/06/1982,8.0
15/06/1982,0.0
16/06/1982,0.0
17/06/1982,0.0
18/06/1982,0.0
19/06/1982,0.0
20/06/1982,0.0
21/06/1982,0.0
22/06/1982,18.5
23/06/1982,9.0
24/06/1982,0.0
25/06/1982,0.0
26/06/1982,0.0
27/06/1982,0.0
28/06/1982,5.5
29/06/1982,0.0
30/06/1982,0.0
01/07/1982,19.3
02/07/1982,9.7
03/07/1982,0.0
04/07/1982,0.0
05/07/1982,2.5
06/07/1982,0.0
07/07/1982,0.0
08/07/1982,0.0
09/07/1982,0.0
10/07/1982,6.0
11/07/1982,13.1
12/07/1982,2.4
13/07/1982,0.5
14/07/1982,9.0
15/07/1982,0.0
16/07/1982,5.0
17/07/1982,8.5
18/07/1982,9.0
25/07/1982,3.0
26/07/1982,0.0
27/07/1982,0.0
28/07/1982,0.0
29/07/1982,0.0
30/07/1982,0.0
31/07/1982,0.0
01/08/1982,5.0
02/08/1982,0.0
03/08/1982,3.5
04/08/1982,0.0
05/08/1982,0.5
06/08/1982,0.0
07/08/1982,0.0
08/08/1982,1.0
09/08/1982,0.0
10/08/1982,0.0
11/08/1982,4.6
12/08/1982,0.3
13/08/1982,0.3
14/08/1982,0.3
15/08/1982,0.3
16/08/1982,7.5
17/08/1982,0.0
18/08/1982,1.5
19/08/1982,2.5
20/08/1982,0.0
21/08/1982,4.0
22/08/1982,2.0
23/08/1982,6.0
24/08/1982,6.8
25/08/1982,3.2
26/08/1982,0.0
27/08/1982,0.5
28/08/1982,9.0
29/08/1982,0.5
30/08/1982,7.5
31/08/1982,0.0
01/09/1982,15.5
02/09/1982,6.5
03/09/1982,0.5
04/09/1982,6.5
05/09/1982,0.0
06/09/1982,5.5
07/09/1982,2.5
08/09/1982,0.0
09/09/1982,0.0
10/09/1982,11.5
11/09/1982,8.0
12/09/1982,0.5
13/09/1982,27.7
14/09/1982,38.8
15/09/1982,64.0
16/09/1982,0.0
17/09/1982,0.0
18/09/1982,3.5
19/09/1982,0.0
20/09/1982,15.5
21/09/1982,43.0
22/09/1982,4.0
23/09/1982,8.5
24/09/1982,9.5
25/09/1982,0.0
26/09/1982,0.0
27/09/1982,0.0
28/09/1982,0.0
29/09/1982,0.0
30/09/1982,4.0
01/10/1982,0.0
02/10/1982,1.0
03/10/1982,21.0
04/10/1982,11.0
05/10/1982,6.5
06/10/1982,9.0
07/10/1982,3.5
08/10/1982,4.0
09/10/1982,109.5
10/10/1982,25.5
11/10/1982,94.5
12/10/1982,11.0
13/10/1982,0.5
14/10/1982,3.5
15/10/1982,12.0
16/10/1982,1.0
17/10/1982,4.0
18/10/1982,10.5
19/10/1982,1.0
20/10/1982,4.0
21/10/1982,0.0
22/10/1982,0.0
23/10/1982,0.0
24/10/1982,0.0
25/10/1982,4.0
26/10/1982,0.5
27/10/1982,0.0
28/10/1982,12.0
29/10/1982,0.0
30/10/1982,0.0
31/10/1982,0.0
01/11/1982,23.0
02/11/1982,8.0
03/11/1982,15.0
04/11/1982,0.5
05/11/1982,4.0
06/11/1982,5.0
07/11/1982,16.0
08/11/1982,9.5
09/11/1982,7.5
10/11/1982,3.0
11/11/1982,5.0
12/11/1982,1.0
13/11/1982,20.5
14/11/1982,0.0
15/11/1982,0.0
16/11/1982,1.5
17/11/1982,1.5
18/11/1982,0.0
19/11/1982,0.5
20/11/1982,1.0
21/11/1982,5.0
22/11/1982,3.5
23/11/1982,0.5
24/11/1982,1.0
25/11/1982,2.5
26/11/1982,13.0
27/11/1982,0.0
28/11/1982,9.0
29/11/1982,0.0
30/11/1982,8.5
01/12/1982,2.0
02/12/1982,20.5
03/12/1982,0.0
04/12/1982,0.0
05/12/1982,0.0
06/12/1982,5.5
07/12/1982,30.9
08/12/1982,2.1
09/12/1982,2.5
10/12/1982,0.5
11/12/1982,4.0
12/12/1982,0.0
13/12/1982,3.5
14/12/1982,114.5
15/12/1982,102.0
16/12/1982,10.0
17/12/1982,1.5
18/12/1982,32.5
19/12/1982,6.5
20/12/1982,0.5
21/12/1982,1.0
22/12/1982,0.5
23/12/1982,1.5
24/12/1982,8.5
25/12/1982,0.0
26/12/1982,5.0
27/12/1982,4.5
28/12/1982,1.5
29/12/1982,0.0
30/12/1982,0.0
31/12/1982,0.0
01/01/1983,0.0
07/02/1983,0.4
08/02/1983,0.6
09/02/1983,0.0
10/02/1983,0.0
11/02/1983,0.0
12/02/1983,0.0
13/02/1983,3.0
14/02/1983,18.5
15/02/1983,0.0
16/02/1983,0.5
17/02/1983,0.0
18/02/1983,0.5
19/02/1983,0.0
20/02/1983,0.0
21/02/1983,0.0
22/02/1983,0.0
23/02/1983,0.0
24/02/1983,1.5
25/02/1983,0.0
26/02/1983,2.0
27/02/1983,0.0
28/02/1983,0.0
01/03/1983,0.0
02/03/1983,0.0
03/03/1983,0.0
04/03/1983,0.0
05/03/1983,0.0
06/03/1983,0.0
07/03/1983,0.0
08/03/1983,0.0
09/03/1983,0.0
10/03/1983,0.0
11/03/1983,0.0
12/03/1983,0.0
13/03/1983,0.0
14/03/1983,0.0
15/03/1983,0.0
16/03/1983,0.0
17/03/1983,0.0
18/03/1983,28.5
19/03/1983,24.5
20/03/1983,1.0
21/03/1983,0.0
22/03/1983,0.0
23/03/1983,0.0
24/03/1983,0.0
25/03/1983,0.0
26/03/1983,0.0
27/03/1983,0.0
28/03/1983,0.0
29/03/1983,0.0
30/03/1983,0.0
31/03/1983,0.0
01/04/1983,0.0
02/04/1983,0.0
03/04/1983,0.0
04/04/1983,0.0
05/04/1983,0.0
06/04/1983,0.0
07/04/1983,0.0
08/04/1983,0.0
09/04/1983,0.0
10/04/1983,0.0
11/04/1983,0.0
12/04/1983,0.0
13/04/1983,0.0
14/04/1983,0.0
15/04/1983,0.0
16/04/1983,0.0
17/04/1983,0.0
18/04/1983,0.0
19/04/1983,0.0
20/04/1983,0.0
21/04/1983,0.0
22/04/1983,0.0
23/04/1983,0.0
24/04/1983,18.0
25/04/1983,0.0
26/04/1983,0.0
27/04/1983,17.0
28/04/1983,0.0
29/04/1983,18.0
30/04/1983,0.0
01/05/1983,0.0
02/05/1983,0.0
03/05/1983,8.5
04/05/1983,0.0
05/05/1983,0.0
06/05/1983,9.0
07/05/1983,11.0
08/05/1983,7.0
09/05/1983,0.0
10/05/1983,13.0
11/05/1983,1.0
12/05/1983,0.0
13/05/1983,4.5
14/05/1983,0.0
15/05/1983,4.0
16/05/1983,0.0
17/05/1983,0.0
18/05/1983,0.0
19/05/1983,13.5
20/05/1983,12.5
21/05/1983,1.0
22/05/1983,0.0
23/05/1983,69.5
24/05/1983,52.5
25/05/1983,18.5
26/05/1983,31.5
27/05/1983,14.5
28/05/1983,10.0
29/05/1983,9.5
30/05/1983,30.0
31/05/1983,2.5
01/06/1983,0.0
02/06/1983,0.0
03/06/1983,14.0
04/06/1983,26.5
05/06/1983,0.0
06/06/1983,23.0
07/06/1983,20.5
08/06/1983,0.0
09/06/1983,9.5
10/06/1983,0.5
11/06/1983,0.0
12/06/1983,0.0
13/06/1983,0.0
14/06/1983,0.0
15/06/1983,3.5
16/06/1983,6.0
17/06/1983,0.0
18/06/1983,0.0
19/06/1983,1.5
20/06/1983,19.0
21/06/1983,9.5
22/06/1983,0.0
23/06/1983,0.0
24/06/1983,0.0
25/06/1983,0.0
26/06/1983,0.0
27/06/1983,0.0
28/06/1983,0.0
29/06/1983,0.0
30/06/1983,7.5
01/07/1983,0.0
02/07/1983,0.0
03/07/1983,6.5
04/07/1983,5.0
05/07/1983,2.5
06/07/1983,9.0
07/07/1983,2.0
08/07/1983,6.0
09/07/1983,1.0
10/07/1983,23.5
11/07/1983,5.5
12/07/1983,3.0
13/07/1983,0.0
14/07/1983,0.0
15/07/1983,0.0
16/07/1983,0.0
17/07/1983,6.0
18/07/1983,0.0
19/07/1983,3.0
20/07/1983,5.0
21/07/1983,21.5
22/07/1983,0.0
23/07/1983,0.0
24/07/1983,4.0
25/07/1983,0.0
26/07/1983,5.0
27/07/1983,12.0
28/07/1983,4.0
29/07/1983,3.5
30/07/1983,0.0
31/07/1983,16.0
01/08/1983,3.5
02/08/1983,2.0
03/08/1983,8.5
04/08/1983,2.5
05/08/1983,23.0
06/08/1983,0.5
07/08/1983,10.0
08/08/1983,1.0
09/08/1983,0.0
10/08/1983,0.0
11/08/1983,0.0
12/08/1983,0.0
13/08/1983,3.0
14/08/1983,0.0
15/08/1983,0.0
16/08/1983,0.0
17/08/1983,0.0
18/08/1983,0.0
19/08/1983,9.5
20/08/1983,0.5
21/08/1983,13.5
22/08/1983,18.0
23/08/1983,9.0
24/08/1983,5.5
25/08/1983,0.0
26/08/1983,3.0
27/08/1983,0.5
28/08/1983,6.0
29/08/1983,1.0
30/08/1983,15.5
31/08/1983,36.0
01/09/1983,14.0
02/09/1983,2.5
03/09/1983,5.0
04/09/1983,5.5
05/09/1983,0.0
06/09/1983,4.5
07/09/1983,7.5
08/09/1983,0.0
09/09/1983,55.5
10/09/1983,1.0
11/09/1983,0.0
12/09/1983,0.0
13/09/1983,0.0
14/09/1983,15.5
15/09/1983,58.5
16/09/1983,9.5
17/09/1983,0.5
18/09/1983,0.5
19/09/1983,1.5
20/09/1983,0.0
21/09/1983,10.0
22/09/1983,6.5
23/09/1983,5.2
24/09/1983,1.8
25/09/1983,0.0
26/09/1983,1.0
27/09/1983,12.5
28/09/1983,10.5
29/09/1983,0.0
30/09/1983,4.0
01/10/1983,22.5
02/10/1983,0.0
03/10/1983,0.0
04/10/1983,0.0
05/10/1983,0.0
06/10/1983,1.5
07/10/1983,49.0
08/10/1983,9.0
09/10/1983,3.5
10/10/1983,2.0
11/10/1983,0.0
12/10/1983,0.5
13/10/1983,0.0
14/10/1983,0.0
15/10/1983,0.0
16/10/1983,3.0
17/10/1983,3.0
18/10/1983,22.5
19/10/1983,4.5
20/10/1983,0.0
21/10/1983,65.5
22/10/1983,13.5
23/10/1983,1.0
24/10/1983,14.0
25/10/1983,1.5
26/10/1983,0.0
27/10/1983,14.5
28/10/1983,22.5
29/10/1983,0.0
30/10/1983,31.5
31/10/1983,1.0
01/11/1983,0.0
02/11/1983,40.0
03/11/1983,0.0
04/11/1983,7.0
05/11/1983,13.5
06/11/1983,1.0
07/11/1983,0.0
08/11/1983,125.0
09/11/1983,21.0
10/11/1983,0.0
11/11/1983,0.0
12/11/1983,0.0
13/11/1983,0.0
14/11/1983,0.0
15/11/1983,0.0
16/11/1983,0.0
17/11/1983,0.0
18/11/1983,0.0
19/11/1983,0.0
20/11/1983,0.0
25/11/1983,0.4
26/11/1983,5.1
27/11/1983,40.5
28/11/1983,24.5
29/11/1983,2.5
30/11/1983,0.0
01/12/1983,11.0
02/12/1983,170.0
03/12/1983,266.5
04/12/1983,225.0
05/12/1983,352.0
06/12/1983,72.5
07/12/1983,128.5
08/12/1983,68.0
09/12/1983,53.0
10/12/1983,45.7
11/12/1983,130.3
12/12/1983,148.5
13/12/1983,35.0
14/12/1983,61.0
15/12/1983,71.0
16/12/1983,73.0
17/12/1983,18.0
18/12/1983,19.5
19/12/1983,14.5
20/12/1983,51.5
21/12/1983,22.5
22/12/1983,6.0
23/12/1983,0.0
24/12/1983,21.0
25/12/1983,20.5
26/12/1983,16.0
27/12/1983,26.5
28/12/1983,0.0
29/12/1983,0.0
30/12/1983,0.5
31/12/1983,3.5
01/01/1984,0.0
02/01/1984,1.0
03/01/1984,34.5
04/01/1984,14.5
05/01/1984,13.5
06/01/1984,7.5
07/01/1984,48.6
08/01/1984,41.4
09/01/1984,15.0
10/01/1984,6.0
11/01/1984,17.0
12/01/1984,7.5
13/01/1984,0.5
14/01/1984,7.0
15/01/1984,0.0
16/01/1984,0.0
17/01/1984,14.5
18/01/1984,0.0
19/01/1984,0.0
20/01/1984,0.0
21/01/1984,0.0
22/01/1984,0.5
23/01/1984,61.0
24/01/1984,28.5
25/01/1984,17.0
26/01/1984,25.5
27/01/1984,64.0
28/01/1984,68.0
29/01/1984,53.5
30/01/1984,139.6
31/01/1984,64.4
01/02/1984,40.5
02/02/1984,30.0
03/02/1984,23.0
04/02/1984,10.0
05/02/1984,4.0
06/02/1984,12.5
07/02/1984,43.5
08/02/1984,72.2
09/02/1984,122.4
10/02/1984,47.4
11/02/1984,38.8
12/02/1984,42.2
13/02/1984,0.0
14/02/1984,0.0
15/02/1984,12.0
16/02/1984,13.5
17/02/1984,0.0
18/02/1984,45.1
19/02/1984,46.4
20/02/1984,6.5
21/02/1984,0.0
22/02/1984,0.0
23/02/1984,0.0
24/02/1984,3.0
25/02/1984,0.0
26/02/1984,10.0
27/02/1984,40.0
28/02/1984,4.5
29/02/1984,14.5
01/03/1984,42.5
02/03/1984,27.0
03/03/1984,52.5
04/03/1984,21.0
05/03/1984,0.0
06/03/1984,0.0
07/03/1984,0.0
08/03/1984,0.0
09/03/1984,0.0
10/03/1984,1.0
11/03/1984,0.0
12/03/1984,0.0
13/03/1984,19.0
14/03/1984,0.5
15/03/1984,52.0
16/03/1984,0.5
17/03/1984,0.0
18/03/1984,3.5
19/03/1984,37.0
20/03/1984,39.0
21/03/1984,5.0
22/03/1984,3.0
23/03/1984,25.0
24/03/1984,42.3
25/03/1984,111.7
26/03/1984,22.5
27/03/1984,1.0
28/03/1984,2.5
29/03/1984,0.5
30/03/1984,14.5
31/03/1984,0.5
01/04/1984,0.0
02/04/1984,0.0
03/04/1984,0.0
04/04/1984,0.0
05/04/1984,0.0
06/04/1984,0.0
07/04/1984,0.0
08/04/1984,0.0
09/04/1984,14.0
10/04/1984,7.0
11/04/1984,41.5
12/04/1984,0.0
13/04/1984,0.0
14/04/1984,1.0
15/04/1984,35.0
16/04/1984,0.5
17/04/1984,31.0
18/04/1984,4.0
19/04/1984,1.5
20/04/1984,1.5
21/04/1984,9.0
22/04/1984,52.5
23/04/1984,20.0
24/04/1984,1.5
25/04/1984,0.0
26/04/1984,1.5
27/04/1984,1.5
28/04/1984,0.0
29/04/1984,0.0
30/04/1984,8.0
01/05/1984,2.5
02/05/1984,8.5
03/05/1984,60.0
04/05/1984,3.0
05/05/1984,2.5
06/05/1984,11.0
07/05/1984,0.0
08/05/1984,0.0
09/05/1984,12.0
10/05/1984,16.0
11/05/1984,13.5
12/05/1984,27.5
13/05/1984,5.0
14/05/1984,15.6
15/05/1984,5.9
16/05/1984,0.0
17/05/1984,3.7
18/05/1984,2.8
19/05/1984,32.5
20/05/1984,6.5
21/05/1984,0.0
22/05/1984,54.0
23/05/1984,17.0
24/05/1984,44.0
25/05/1984,13.5
26/05/1984,1.5
27/05/1984,0.5
28/05/1984,0.0
29/05/1984,0.0
30/05/1984,3.0
31/05/1984,0.0
01/06/1984,48.0
02/06/1984,6.5
03/06/1984,16.0
04/06/1984,0.0
05/06/1984,1.5
06/06/1984,4.0
07/06/1984,4.0
08/06/1984,0.0
09/06/1984,1.0
10/06/1984,38.0
11/06/1984,0.0
12/06/1984,1.5
13/06/1984,0.0
14/06/1984,8.5
15/06/1984,0.0
16/06/1984,53.5
17/06/1984,2.5
18/06/1984,38.5
19/06/1984,0.5
20/06/1984,0.0
21/06/1984,0.0
22/06/1984,0.0
23/06/1984,0.5
24/06/1984,0.5
25/06/1984,0.5
26/06/1984,0.0
27/06/1984,0.0
28/06/1984,6.5
29/06/1984,0.5
30/06/1984,26.5
01/07/1984,2.5
02/07/1984,0.5
03/07/1984,2.5
04/07/1984,0.0
05/07/1984,40.5
06/07/1984,5.0
07/07/1984,7.5
08/07/1984,5.0
09/07/1984,2.0
10/07/1984,46.0
11/07/1984,4.0
12/07/1984,0.0
13/07/1984,6.5
14/07/1984,8.0
15/07/1984,0.5
16/07/1984,0.0
17/07/1984,17.5
18/07/1984,0.5
19/07/1984,6.0
20/07/1984,29.5
21/07/1984,8.5
22/07/1984,8.0
23/07/1984,1.5
24/07/1984,11.0
25/07/1984,7.5
26/07/1984,4.0
27/07/1984,1.0
28/07/1984,0.0
29/07/1984,0.5
30/07/1984,0.0
31/07/1984,7.5
01/08/1984,0.5
02/08/1984,13.8
03/08/1984,1.7
04/08/1984,0.0
05/08/1984,0.5
06/08/1984,5.5
07/08/1984,9.0
08/08/1984,7.5
09/08/1984,0.0
10/08/1984,0.5
11/08/1984,0.5
12/08/1984,0.0
13/08/1984,0.0
14/08/1984,0.0
15/08/1984,0.0
16/08/1984,16.5
17/08/1984,0.0
18/08/1984,0.0
19/08/1984,0.5
20/08/1984,0.0
21/08/1984,8.5
22/08/1984,6.5
23/08/1984,8.0
24/08/1984,18.0
25/08/1984,2.5
26/08/1984,9.0
27/08/1984,1.5
28/08/1984,1.0
29/08/1984,0.0
30/08/1984,2.0
31/08/1984,0.5
01/09/1984,0.0
02/09/1984,0.0
03/09/1984,0.5
04/09/1984,3.0
05/09/1984,0.0
06/09/1984,4.5
07/09/1984,29.5
08/09/1984,60.5
09/09/1984,16.0
10/09/1984,6.0
11/09/1984,1.5
12/09/1984,9.0
13/09/1984,8.0
14/09/1984,0.0
15/09/1984,39.0
16/09/1984,1.0
17/09/1984,32.5
18/09/1984,3.5
19/09/1984,17.5
20/09/1984,13.0
21/09/1984,0.5
22/09/1984,26.5
23/09/1984,8.5
24/09/1984,32.5
25/09/1984,3.5
26/09/1984,2.5
27/09/1984,8.0
28/09/1984,54.0
29/09/1984,75.5
30/09/1984,1.0
01/10/1984,5.5
02/10/1984,0.5
03/10/1984,5.5
04/10/1984,24.0
05/10/1984,13.5
06/10/1984,14.5
07/10/1984,2.5
08/10/1984,1.5
09/10/1984,34.0
10/10/1984,0.0
11/10/1984,32.0
12/10/1984,0.0
13/10/1984,0.0
14/10/1984,0.0
15/10/1984,4.0
16/10/1984,5.0
17/10/1984,8.5
18/10/1984,4.0
19/10/1984,2.5
20/10/1984,0.5
21/10/1984,9.5
22/10/1984,1.5
23/10/1984,2.5
24/10/1984,13.5
25/10/1984,35.5
26/10/1984,0.5
27/10/1984,1.0
28/10/1984,1.5
29/10/1984,14.0
30/10/1984,1.0
31/10/1984,0.5
01/11/1984,0.0
05/11/1984,6.5
06/11/1984,0.0
07/11/1984,4.0
08/11/1984,2.0
09/11/1984,0.0
10/11/1984,0.0
11/11/1984,2.0
12/11/1984,8.0
13/11/1984,3.5
14/11/1984,2.0
15/11/1984,11.5
16/11/1984,1.0
17/11/1984,14.0
18/11/1984,2.0
19/11/1984,7.5
20/11/1984,9.0
21/11/1984,22.5
22/11/1984,21.0
23/11/1984,102.5
24/11/1984,82.5
25/11/1984,55.0
26/11/1984,5.5
27/11/1984,0.5
28/11/1984,0.5
29/11/1984,13.0
30/11/1984,2.5
01/12/1984,33.8
02/12/1984,37.9
03/12/1984,126.3
04/12/1984,13.0
05/12/1984,11.0
06/12/1984,21.0
07/12/1984,72.5
08/12/1984,16.5
09/12/1984,0.5
10/12/1984,0.0
11/12/1984,0.5
12/12/1984,3.5
13/12/1984,2.5
14/12/1984,2.5
15/12/1984,0.0
16/12/1984,25.0
17/12/1984,20.5
18/12/1984,0.0
19/12/1984,0.0
20/12/1984,58.5
21/12/1984,91.5
22/12/1984,122.8
23/12/1984,217.2
24/12/1984,91.5
25/12/1984,37.5
26/12/1984,53.5
27/12/1984,21.5
28/12/1984,38.0
29/12/1984,0.0
30/12/1984,4.0
31/12/1984,0.5
01/01/1985,3.0
02/01/1985,6.5
03/01/1985,26.5
04/01/1985,0.0
05/01/1985,0.0
06/01/1985,0.0
07/01/1985,0.0
08/01/1985,0.0
09/01/1985,2.5
10/01/1985,2.0
11/01/1985,0.0
12/01/1985,0.0
13/01/1985,0.0
14/01/1985,0.0
15/01/1985,0.0
16/01/1985,0.0
17/01/1985,0.0
18/01/1985,3.0
19/01/1985,4.0
20/01/1985,0.0
21/01/1985,0.0
22/01/1985,0.0
23/01/1985,6.5
24/01/1985,21.0
25/01/1985,0.0
26/01/1985,16.0
27/01/1985,14.0
28/01/1985,14.5
29/01/1985,22.0
30/01/1985,26.0
31/01/1985,13.0
01/02/1985,16.3
02/02/1985,44.7
03/02/1985,52.5
04/02/1985,7.5
05/02/1985,0.0
06/02/1985,0.0
07/02/1985,0.0
08/02/1985,0.0
09/02/1985,0.0
10/02/1985,8.5
11/02/1985,0.5
12/02/1985,13.0
13/02/1985,0.0
14/02/1985,3.0
15/02/1985,5.5
16/02/1985,27.0
17/02/1985,17.5
18/02/1985,0.0
19/02/1985,0.0
20/02/1985,27.5
21/02/1985,0.0
22/02/1985,0.0
23/02/1985,21.0
24/02/1985,43.9
25/02/1985,10.1
26/02/1985,32.5
27/02/1985,10.0
28/02/1985,3.0
01/03/1985,0.0
02/03/1985,13.5
10/04/1985,17.5
11/04/1985,12.0
12/04/1985,23.0
13/04/1985,4.5
14/04/1985,2.0
15/04/1985,0.0
16/04/1985,0.5
17/04/1985,0.0
18/04/1985,5.5
19/04/1985,2.5
20/04/1985,0.5
21/04/1985,15.0
22/04/1985,10.5
23/04/1985,14.0
24/04/1985,7.0
25/04/1985,0.0
26/04/1985,37.0
27/04/1985,5.5
28/04/1985,25.0
29/04/1985,0.0
30/04/1985,0.0
01/05/1985,3.5
02/05/1985,59.5
03/05/1985,0.5
04/05/1985,67.0
05/05/1985,9.0
06/05/1985,0.0
07/05/1985,0.0
08/05/1985,5.0
09/05/1985,89.0
10/05/1985,28.0
11/05/1985,36.5
12/05/1985,3.0
13/05/1985,23.5
14/05/1985,5.0
15/05/1985,0.0
16/05/1985,3.5
17/05/1985,1.5
18/05/1985,20.0
19/05/1985,0.0
20/05/1985,40.5
21/05/1985,36.0
22/05/1985,13.5
23/05/1985,11.5
24/05/1985,0.5
25/05/1985,0.0
26/05/1985,29.0
27/05/1985,0.0
28/05/1985,18.5
29/05/1985,0.0
30/05/1985,0.5
31/05/1985,31.0
01/06/1985,51.5
02/06/1985,3.0
03/06/1985,0.0
04/06/1985,11.5
05/06/1985,0.0
06/06/1985,3.0
07/06/1985,33.8
08/06/1985,0.7
09/06/1985,0.0
10/06/1985,0.0
11/06/1985,0.0
12/06/1985,0.0
13/06/1985,0.0
14/06/1985,0.5
15/06/1985,0.5
16/06/1985,0.0
17/06/1985,3.0
18/06/1985,0.0
19/06/1985,0.0
20/06/1985,0.0
21/06/1985,0.0
22/06/1985,0.0
23/06/1985,0.0
24/06/1985,0.0
25/06/1985,0.0
26/06/1985,0.0
27/06/1985,0.0
28/06/1985,0.0
29/06/1985,0.0
30/06/1985,0.0
01/07/1985,0.0
02/07/1985,0.0
03/07/1985,0.0
04/07/1985,2.0
05/07/1985,0.0
06/07/1985,0.5
07/07/1985,9.5
08/07/1985,8.0
09/07/1985,0.0
10/07/1985,13.0
11/07/1985,56.0
12/07/1985,0.0
13/07/1985,0.0
16/07/1985,0.5
17/07/1985,29.5
18/07/1985,1.5
19/07/1985,3.0
20/07/1985,0.5
21/07/1985,12.0
22/07/1985,0.5
23/07/1985,16.5
24/07/1985,23.5
25/07/1985,1.5
26/07/1985,20.0
27/07/1985,22.0
28/07/1985,3.5
29/07/1985,7.0
30/07/1985,0.0
31/07/1985,36.0
01/08/1985,1.0
02/08/1985,3.5
03/08/1985,42.0
04/08/1985,0.0
05/08/1985,0.0
06/08/1985,15.0
07/08/1985,11.0
08/08/1985,8.0
09/08/1985,45.5
10/08/1985,24.0
11/08/1985,0.5
12/08/1985,0.0
13/08/1985,8.6
14/08/1985,13.9
15/08/1985,117.0
14/09/1985,11.5
15/09/1985,34.0
16/09/1985,1.0
17/09/1985,1.5
18/09/1985,0.5
19/09/1985,12.5
20/09/1985,2.5
21/09/1985,11.5
22/09/1985,36.0
23/09/1985,26.0
24/09/1985,1.0
25/09/1985,0.5
26/09/1985,6.0
27/09/1985,9.0
28/09/1985,20.5
29/09/1985,9.5
30/09/1985,37.5
01/10/1985,0.0
02/10/1985,32.9
03/10/1985,58.7
04/10/1985,1.4
05/10/1985,0.0
06/10/1985,19.0
07/10/1985,11.0
08/10/1985,29.5
09/10/1985,10.5
10/10/1985,21.0
11/10/1985,4.0
12/10/1985,0.0
13/10/1985,0.0
14/10/1985,0.0
15/10/1985,10.0
16/10/1985,15.5
17/10/1985,9.5
18/10/1985,9.0
19/10/1985,0.0
20/10/1985,28.0
21/10/1985,8.0
22/10/1985,6.5
23/10/1985,0.0
24/10/1985,13.5
25/10/1985,1.5
26/10/1985,0.5
27/10/1985,5.5
28/10/1985,20.5
29/10/1985,0.5
30/10/1985,1.0
31/10/1985,0.5
01/11/1985,1.0
02/11/1985,26.0
03/11/1985,28.0
04/11/1985,26.0
05/11/1985,4.5
06/11/1985,25.0
07/11/1985,0.5
08/11/1985,0.0
09/11/1985,19.0
10/11/1985,8.5
11/11/1985,46.0
12/11/1985,1.5
13/11/1985,1.0
14/11/1985,26.5
15/11/1985,27.5
16/11/1985,0.0
17/11/1985,0.0
18/11/1985,0.0
19/11/1985,1.0
20/11/1985,10.0
21/11/1985,0.5
22/11/1985,0.0
23/11/1985,0.0
24/11/1985,0.0
25/11/1985,0.0
26/11/1985,2.5
27/11/1985,6.5
28/11/1985,3.0
29/11/1985,42.0
30/11/1985,13.5
01/12/1985,133.5
02/12/1985,100.0
03/12/1985,77.5
04/12/1985,2.0
05/12/1985,0.0
06/12/1985,6.0
07/12/1985,28.5
08/12/1985,9.0
09/12/1985,0.0
10/12/1985,1.0
11/12/1985,1.0
12/12/1985,17.5
13/12/1985,31.0
14/12/1985,124.5
15/12/1985,33.5
16/12/1985,0.0
17/12/1985,0.0
18/12/1985,0.5
19/12/1985,0.0
20/12/1985,0.0
21/12/1985,0.0
22/12/1985,79.8
23/12/1985,86.7
24/12/1985,13.5
25/12/1985,1.5
26/12/1985,1.5
27/12/1985,10.5
28/12/1985,2.5
29/12/1985,0.0
30/12/1985,0.0
31/12/1985,0.5
01/01/1986,18.4
02/01/1986,43.3
03/01/1986,52.8
04/01/1986,20.5
05/01/1986,11.0
06/01/1986,7.5
07/01/1986,5.0
08/01/1986,33.0
09/01/1986,26.5
10/01/1986,26.5
11/01/1986,17.0
12/01/1986,2.5
13/01/1986,0.0
14/01/1986,0.0
15/01/1986,7.0
16/01/1986,0.0
17/01/1986,36.5
18/01/1986,0.0
19/01/1986,0.0
20/01/1986,0.5
21/01/1986,0.0
22/01/1986,0.0
23/01/1986,0.0
24/01/1986,0.0
25/01/1986,5.0
26/01/1986,0.5
27/01/1986,0.0
28/01/1986,0.0
29/01/1986,0.0
30/01/1986,0.0
31/01/1986,0.0
01/02/1986,0.0
02/02/1986,0.0
03/02/1986,0.0
04/02/1986,0.0
05/02/1986,0.0
06/02/1986,3.0
07/02/1986,0.0
08/02/1986,0.0
09/02/1986,0.0
10/02/1986,0.0
11/02/1986,0.0
12/02/1986,0.0
13/02/1986,0.0
14/02/1986,0.0
15/02/1986,0.0
16/02/1986,0.5
17/02/1986,0.0
18/02/1986,0.0
19/02/1986,0.0
20/02/1986,0.0
21/02/1986,4.0
22/02/1986,14.5
23/02/1986,95.5
24/02/1986,101.0
09/03/1986,6.5
10/03/1986,9.0
11/03/1986,1.5
12/03/1986,1.0
13/03/1986,0.0
14/03/1986,0.0
15/03/1986,0.0
16/03/1986,0.0
17/03/1986,13.0
18/03/1986,0.0
19/03/1986,0.0
20/03/1986,0.0
21/03/1986,0.0
22/03/1986,0.0
23/03/1986,0.0
24/03/1986,0.0
25/03/1986,0.0
26/03/1986,0.0
27/03/1986,0.0
28/03/1986,0.0
29/03/1986,3.5
30/03/1986,0.5
31/03/1986,0.0
01/04/1986,8.5
02/04/1986,0.0
03/04/1986,0.0
04/04/1986,0.0
05/04/1986,0.0
06/04/1986,0.0
07/04/1986,0.5
08/04/1986,5.5
09/04/1986,0.5
10/04/1986,14.5
11/04/1986,0.0
12/04/1986,0.0
13/04/1986,27.5
14/04/1986,5.0
15/04/1986,12.0
16/04/1986,22.5
17/04/1986,5.0
18/04/1986,0.5
19/04/1986,41.5
20/04/1986,0.5
21/04/1986,11.0
22/04/1986,2.0
23/04/1986,0.0
24/04/1986,0.0
25/04/1986,0.0
26/04/1986,0.0
27/04/1986,0.0
28/04/1986,0.0
29/04/1986,1.5
30/04/1986,0.0
01/05/1986,5.5
02/05/1986,0.0
03/05/1986,0.0
04/05/1986,0.0
05/05/1986,0.0
06/05/1986,0.0
07/05/1986,1.0
08/05/1986,4.5
09/05/1986,0.0
10/05/1986,0.0
11/05/1986,0.0
12/05/1986,0.0
13/05/1986,0.0
14/05/1986,0.0
15/05/1986,27.0
16/05/1986,16.0
17/05/1986,26.0
18/05/1986,0.0
19/05/1986,0.0
20/05/1986,0.0
21/05/1986,0.0
22/05/1986,0.0
23/05/1986,0.0
24/05/1986,3.1
25/05/1986,14.4
26/05/1986,0.5
27/05/1986,0.0
28/05/1986,22.5
29/05/1986,4.0
30/05/1986,0.0
31/05/1986,2.0
01/06/1986,4.0
02/06/1986,0.0
03/06/1986,0.0
04/06/1986,1.0
05/06/1986,25.0
06/06/1986,13.0
07/06/1986,4.0
08/06/1986,76.0
09/06/1986,7.0
10/06/1986,35.0
11/06/1986,0.0
12/06/1986,3.0
13/06/1986,36.0
14/06/1986,3.5
15/06/1986,5.5
16/06/1986,1.0
17/06/1986,97.0
18/06/1986,2.0
19/06/1986,0.0
20/06/1986,0.0
21/06/1986,0.0
22/06/1986,0.0
23/06/1986,0.0
24/06/1986,0.0
25/06/1986,0.0
26/06/1986,0.0
27/06/1986,67.5
28/06/1986,1.0
29/06/1986,0.0
30/06/1986,1.0
01/07/1986,0.0
02/07/1986,14.0
03/07/1986,4.0
04/07/1986,0.0
05/07/1986,0.0
06/07/1986,5.0
07/07/1986,40.0
08/07/1986,31.5
09/07/1986,4.5
10/07/1986,26.5
11/07/1986,4.0
12/07/1986,0.0
13/07/1986,3.2
14/07/1986,3.8
15/07/1986,2.0
16/07/1986,0.0
17/07/1986,0.0
18/07/1986,0.0
19/07/1986,0.0
20/07/1986,0.0
21/07/1986,11.0
22/07/1986,8.5
23/07/1986,18.5
24/07/1986,6.0
25/07/1986,37.5
26/07/1986,0.0
27/07/1986,0.5
28/07/1986,0.0
29/07/1986,69.5
30/07/1986,0.0
31/07/1986,72.0
01/08/1986,0.0
02/08/1986,0.0
03/08/1986,0.0
04/08/1986,0.0
05/08/1986,0.0
06/08/1986,9.0
07/08/1986,0.0
08/08/1986,0.0
09/08/1986,18.5
10/08/1986,3.0
11/08/1986,1.5
12/08/1986,0.0
13/08/1986,0.0
14/08/1986,15.5
15/08/1986,1.0
16/08/1986,0.0
17/08/1986,0.0
18/08/1986,0.0
19/08/1986,0.0
20/08/1986,0.0
21/08/1986,0.0
22/08/1986,0.0
23/08/1986,0.0
24/08/1986,0.0
25/08/1986,0.0
26/08/1986,0.0
27/08/1986,18.5
28/08/1986,2.5
29/08/1986,0.0
30/08/1986,0.0
31/08/1986,1.5
01/09/1986,2.0
02/09/1986,14.5
03/09/1986,0.0
04/09/1986,0.0
05/09/1986,1.5
06/09/1986,0.0
07/09/1986,0.5
08/09/1986,31.2
09/09/1986,27.8
10/09/1986,1.5
11/09/1986,20.5
12/09/1986,6.5
13/09/1986,3.5
14/09/1986,60.0
15/09/1986,82.5
16/09/1986,2.5
28/09/1986,5.0
29/09/1986,14.0
03/10/1986,0.5
04/10/1986,3.5
05/10/1986,5.0
06/10/1986,10.0
12/10/1986,1.0
13/10/1986,0.0
14/10/1986,13.0
15/10/1986,2.5
16/10/1986,0.5
23/10/1986,1.5
24/10/1986,0.0
25/10/1986,4.5
26/10/1986,1.5
27/10/1986,8.5
30/10/1986,0.3
31/10/1986,4.2
01/11/1986,8.0
02/11/1986,0.0
03/11/1986,0.0
04/11/1986,6.5
05/11/1986,4.5
06/11/1986,31.0
07/11/1986,13.0
08/11/1986,6.9
09/11/1986,2.1
10/11/1986,1.0
14/11/1986,3.0
15/11/1986,0.0
16/11/1986,0.0
07/12/1986,37.5
08/12/1986,51.0
09/12/1986,107.0
10/12/1986,58.0
11/12/1986,43.5
12/12/1986,4.5
13/12/1986,1.5
14/12/1986,0.0
15/12/1986,0.0
16/12/1986,26.5
17/12/1986,89.0
18/12/1986,0.0
19/12/1986,85.0
20/12/1986,2.0
28/12/1986,1.8
29/12/1986,96.2
30/12/1986,4.0
31/12/1986,0.0
01/01/1987,0.0
10/01/1987,10.5
11/01/1987,21.5
12/01/1987,3.0
13/01/1987,16.0
14/01/1987,2.5
15/01/1987,0.0
16/01/1987,22.5
17/01/1987,4.5
18/01/1987,0.0
19/01/1987,0.0
20/01/1987,15.5
21/01/1987,40.0
22/01/1987,0.0
23/01/1987,0.0
24/01/1987,7.0
25/01/1987,18.5
26/01/1987,8.0
27/01/1987,28.0
28/01/1987,38.5
29/01/1987,15.0
30/01/1987,0.0
31/01/1987,8.0
01/02/1987,2.0
02/02/1987,4.0
03/02/1987,0.5
04/02/1987,0.0
05/02/1987,0.5
06/02/1987,4.5
07/02/1987,0.0
08/02/1987,0.0
09/02/1987,0.0
10/02/1987,0.5
11/02/1987,0.0
12/02/1987,0.0
13/02/1987,0.0
14/02/1987,0.0
15/02/1987,0.0
16/02/1987,0.0
17/02/1987,0.0
18/02/1987,0.0
19/02/1987,3.0
20/02/1987,0.0
21/02/1987,0.0
22/02/1987,0.0
23/02/1987,0.0
24/02/1987,0.0
25/02/1987,0.0
26/02/1987,0.0
27/02/1987,0.0
28/02/1987,0.0
01/03/1987,0.0
02/03/1987,21.5
03/03/1987,7.5
04/03/1987,1.0
05/03/1987,20.5
06/03/1987,8.0
07/03/1987,0.0
08/03/1987,0.0
09/03/1987,0.0
10/03/1987,0.0
11/03/1987,0.0
12/03/1987,0.0
13/03/1987,0.0
14/03/1987,0.0
15/03/1987,0.0
16/03/1987,0.0
17/03/1987,4.0
18/03/1987,19.5
19/03/1987,3.5
20/03/1987,0.0
21/03/1987,0.0
22/03/1987,0.0
23/03/1987,0.0
24/03/1987,1.0
25/03/1987,0.0
26/03/1987,0.0
27/03/1987,0.0
28/03/1987,0.0
29/03/1987,0.0
30/03/1987,9.0
31/03/1987,10.0
01/04/1987,0.0
02/04/1987,0.0
03/04/1987,0.0
04/04/1987,0.0
05/04/1987,0.0
06/04/1987,4.5
07/04/1987,4.0
08/04/1987,21.5
09/04/1987,5.0
10/04/1987,1.5
11/04/1987,8.0
12/04/1987,0.0
13/04/1987,0.0
14/04/1987,0.0
15/04/1987,0.0
16/04/1987,1.5
17/04/1987,0.0
18/04/1987,4.0
19/04/1987,0.0
20/04/1987,0.0
21/04/1987,8.0
22/04/1987,32.5
23/04/1987,0.0
24/04/1987,16.5
25/04/1987,0.5
26/04/1987,5.5
27/04/1987,9.0
28/04/1987,13.5
29/04/1987,1.5
30/04/1987,1.0
01/05/1987,36.5
02/05/1987,0.0
03/05/1987,0.0
04/05/1987,4.0
05/05/1987,2.5
06/05/1987,0.5
07/05/1987,15.5
08/05/1987,0.0
09/05/1987,9.5
10/05/1987,0.0
11/05/1987,5.0
12/05/1987,2.5
13/05/1987,0.0
14/05/1987,0.0
15/05/1987,2.0
16/05/1987,1.0
17/05/1987,8.0
18/05/1987,5.0
19/05/1987,3.0
20/05/1987,0.0
21/05/1987,0.0
22/05/1987,0.0
23/05/1987,0.0
24/05/1987,0.0
25/05/1987,0.0
26/05/1987,0.0
27/05/1987,0.0
28/05/1987,5.0
29/05/1987,1.5
30/05/1987,0.0
31/05/1987,0.0
01/06/1987,0.0
02/06/1987,0.0
03/06/1987,2.0
12/06/1987,6.5
13/06/1987,19.0
14/06/1987,0.0
15/06/1987,0.0
16/06/1987,0.0
17/06/1987,0.0
18/06/1987,0.0
19/06/1987,0.0
20/06/1987,59.0
21/06/1987,4.0
22/06/1987,0.0
23/06/1987,2.0
24/06/1987,1.5
25/06/1987,0.0
26/06/1987,1.0
27/06/1987,0.5
28/06/1987,0.0
29/06/1987,0.0
30/06/1987,0.0
01/07/1987,0.0
02/07/1987,0.0
03/07/1987,0.0
04/07/1987,0.0
05/07/1987,0.0
06/07/1987,0.0
07/07/1987,0.0
08/07/1987,0.0
09/07/1987,0.0
10/07/1987,0.0
11/07/1987,0.0
12/07/1987,0.0
13/07/1987,0.0
14/07/1987,15.0
15/07/1987,0.5
16/07/1987,11.5
17/07/1987,31.3
18/07/1987,4.2
19/07/1987,0.0
20/07/1987,0.0
21/07/1987,6.0
22/07/1987,0.0
23/07/1987,0.0
24/07/1987,9.5
25/07/1987,2.0
26/07/1987,4.0
27/07/1987,7.0
28/07/1987,2.5
29/07/1987,10.5
30/07/1987,0.0
31/07/1987,0.0
01/08/1987,29.0
02/08/1987,0.0
03/08/1987,5.5
04/08/1987,0.0
05/08/1987,6.5
06/08/1987,0.0
07/08/1987,1.0
08/08/1987,17.0
09/08/1987,5.0
10/08/1987,21.5
11/08/1987,33.0
12/08/1987,20.5
13/08/1987,0.0
14/08/1987,3.5
15/08/1987,1.5
16/08/1987,3.5
17/08/1987,1.5
18/08/1987,0.0
19/08/1987,3.0
20/08/1987,0.0
21/08/1987,0.0
22/08/1987,0.0
23/08/1987,0.0
24/08/1987,1.0
25/08/1987,0.0
26/08/1987,0.0
27/08/1987,43.0
28/08/1987,25.5
29/08/1987,0.0
30/08/1987,2.5
31/08/1987,0.0
01/09/1987,1.0
02/09/1987,0.0
03/09/1987,1.0
04/09/1987,24.5
05/09/1987,0.0
06/09/1987,4.0
07/09/1987,47.2
08/09/1987,14.3
09/09/1987,23.5
10/09/1987,9.0
11/09/1987,18.5
12/09/1987,17.8
13/09/1987,19.7
14/09/1987,7.0
15/09/1987,27.5
16/09/1987,16.5
17/09/1987,17.5
18/09/1987,0.0
19/09/1987,0.0
20/09/1987,0.0
21/09/1987,3.0
22/09/1987,3.5
23/09/1987,0.0
24/09/1987,64.5
25/09/1987,0.0
26/09/1987,9.5
27/09/1987,17.5
28/09/1987,0.0
29/09/1987,0.0
30/09/1987,0.5
01/10/1987,0.0
02/10/1987,0.5
03/10/1987,0.0
04/10/1987,0.0
05/10/1987,0.0
06/10/1987,0.0
07/10/1987,0.0
08/10/1987,0.0
09/10/1987,0.0
10/10/1987,0.0
11/10/1987,0.0
12/10/1987,0.5
13/10/1987,0.0
14/10/1987,10.5
15/10/1987,0.0
16/10/1987,0.5
17/10/1987,54.0
18/10/1987,0.0
19/10/1987,5.5
20/10/1987,0.0
21/10/1987,0.0
22/10/1987,0.0
23/10/1987,0.0
24/10/1987,0.0
25/10/1987,0.0
26/10/1987,30.0
27/10/1987,1.5
28/10/1987,5.0
29/10/1987,0.0
30/10/1987,29.0
31/10/1987,0.5
01/11/1987,0.0
02/11/1987,0.0
03/11/1987,8.0
04/11/1987,3.5
05/11/1987,7.0
06/11/1987,1.5
07/11/1987,12.0
08/11/1987,42.5
09/11/1987,0.0
10/11/1987,0.0
11/11/1987,0.0
12/11/1987,0.0
13/11/1987,0.0
14/11/1987,0.0
15/11/1987,0.0
16/11/1987,0.0
17/11/1987,0.5
18/11/1987,10.5
19/11/1987,0.0
20/11/1987,0.0
21/11/1987,0.5
22/11/1987,4.5
23/11/1987,0.0
24/11/1987,0.0
25/11/1987,0.0
26/11/1987,0.0
27/11/1987,0.0
28/11/1987,0.0
29/11/1987,0.0
30/11/1987,0.0
01/12/1987,0.0
02/12/1987,0.0
03/12/1987,0.0
04/12/1987,0.0
05/12/1987,0.0
06/12/1987,0.0
07/12/1987,30.5
08/12/1987,58.0
09/12/1987,16.5
10/12/1987,0.0
11/12/1987,40.2
12/12/1987,49.8
13/12/1987,33.5
14/12/1987,44.5
15/12/1987,0.5
16/12/1987,0.5
17/12/1987,6.0
18/12/1987,9.5
19/12/1987,0.0
20/12/1987,0.0
21/12/1987,11.2
22/12/1987,0.3
23/12/1987,1.0
24/12/1987,0.0
25/12/1987,1.5
26/12/1987,51.5
27/12/1987,55.5
28/12/1987,61.0
29/12/1987,0.5
30/12/1987,0.0
31/12/1987,0.0
01/01/1988,2.0
02/01/1988,1.0
03/01/1988,9.7
04/01/1988,27.3
05/01/1988,3.0
06/01/1988,3.0
07/01/1988,0.0
08/01/1988,0.0
09/01/1988,16.0
10/01/1988,13.3
11/01/1988,18.2
12/01/1988,28.5
13/01/1988,14.5
14/01/1988,26.5
15/01/1988,12.0
16/01/1988,7.5
17/01/1988,0.0
18/01/1988,0.0
19/01/1988,0.0
20/01/1988,0.5
21/01/1988,0.0
22/01/1988,0.0
23/01/1988,0.0
24/01/1988,0.5
25/01/1988,1.0
26/01/1988,14.7
27/01/1988,43.3
28/01/1988,46.0
29/01/1988,0.0
30/01/1988,3.5
31/01/1988,6.0
01/02/1988,1.0
02/02/1988,2.0
03/02/1988,2.0
04/02/1988,0.0
05/02/1988,3.0
06/02/1988,3.5
07/02/1988,0.5
08/02/1988,0.0
09/02/1988,0.0
10/02/1988,10.5
11/02/1988,0.0
12/02/1988,0.0
13/02/1988,0.0
14/02/1988,0.0
15/02/1988,0.0
16/02/1988,0.0
17/02/1988,17.5
18/02/1988,3.0
19/02/1988,12.0
20/02/1988,5.0
21/02/1988,24.0
22/02/1988,1.0
23/02/1988,8.0
24/02/1988,5.0
25/02/1988,0.5
26/02/1988,0.5
27/02/1988,1.0
28/02/1988,1.0
29/02/1988,0.0
01/03/1988,0.0
02/03/1988,0.0
03/03/1988,0.5
04/03/1988,9.0
05/03/1988,20.0
06/03/1988,81.5
07/03/1988,248.1
08/03/1988,168.9
09/03/1988,64.5
10/03/1988,15.0
11/03/1988,5.5
12/03/1988,0.0
13/03/1988,1.5
14/03/1988,0.0
15/03/1988,0.0
16/03/1988,0.0
17/03/1988,0.0
18/03/1988,0.0
19/03/1988,0.0
20/03/1988,0.0
21/03/1988,0.0
22/03/1988,4.5
23/03/1988,0.5
24/03/1988,0.0
25/03/1988,0.0
26/03/1988,0.0
27/03/1988,0.0
28/03/1988,0.0
29/03/1988,0.0
30/03/1988,13.0
31/03/1988,23.5
01/04/1988,0.0
02/04/1988,0.0
03/04/1988,2.0
04/04/1988,9.0
05/04/1988,0.0
06/04/1988,5.0
07/04/1988,8.0
08/04/1988,0.5
09/04/1988,6.0
10/04/1988,49.5
11/04/1988,28.0
12/04/1988,1.0
13/04/1988,0.0
14/04/1988,0.5
15/04/1988,12.0
16/04/1988,2.0
17/04/1988,0.0
18/04/1988,41.5
19/04/1988,0.0
20/04/1988,0.0
21/04/1988,0.0
22/04/1988,0.0
23/04/1988,0.0
24/04/1988,0.0
25/04/1988,0.0
26/04/1988,2.0
27/04/1988,0.0
28/04/1988,0.0
29/04/1988,12.0
30/04/1988,12.0
01/05/1988,8.0
02/05/1988,14.5
03/05/1988,2.0
04/05/1988,0.0
05/05/1988,2.5
06/05/1988,5.5
07/05/1988,21.5
08/05/1988,0.5
09/05/1988,24.0
10/05/1988,0.0
11/05/1988,0.0
12/05/1988,0.0
13/05/1988,34.5
14/05/1988,0.0
15/05/1988,0.0
16/05/1988,0.5
17/05/1988,1.0
18/05/1988,0.0
19/05/1988,1.5
20/05/1988,0.0
21/05/1988,0.0
22/05/1988,0.0
23/05/1988,0.0
24/05/1988,19.5
25/05/1988,0.0
26/05/1988,0.0
27/05/1988,0.0
28/05/1988,0.0
29/05/1988,0.0
30/05/1988,0.0
31/05/1988,0.0
01/06/1988,0.0
02/06/1988,0.0
03/06/1988,0.0
04/06/1988,0.0
05/06/1988,5.5
06/06/1988,0.0
07/06/1988,0.0
08/06/1988,3.0
09/06/1988,2.0
10/06/1988,0.0
11/06/1988,11.5
12/06/1988,6.0
12/07/1988,0.4
13/07/1988,0.1
14/07/1988,4.5
15/07/1988,0.0
16/07/1988,0.0
17/07/1988,17.5
18/07/1988,11.0
19/07/1988,0.0
20/07/1988,0.0
21/07/1988,0.0
22/07/1988,43.0
23/07/1988,0.0
24/07/1988,0.0
25/07/1988,0.0
26/07/1988,26.0
27/07/1988,0.0
28/07/1988,1.0
29/07/1988,0.0
30/07/1988,0.0
31/07/1988,0.0
01/08/1988,0.0
02/08/1988,17.5
03/08/1988,0.0
10/08/1988,36.0
11/08/1988,61.0
12/08/1988,0.0
13/08/1988,14.5
14/08/1988,0.5
15/08/1988,0.0
16/08/1988,0.0
17/08/1988,36.5
18/08/1988,0.0
19/08/1988,0.0
20/08/1988,0.0
21/08/1988,0.0
22/08/1988,40.0
23/08/1988,11.5
24/08/1988,3.5
25/08/1988,0.0
26/08/1988,0.0
27/08/1988,0.0
28/08/1988,24.0
29/08/1988,9.5
30/08/1988,0.0
31/08/1988,0.0
01/09/1988,0.0
02/09/1988,39.0
03/09/1988,3.9
04/09/1988,5.1
05/09/1988,1.5
06/09/1988,6.0
07/09/1988,5.0
08/09/1988,26.0
09/09/1988,0.0
10/09/1988,0.5
11/09/1988,5.5
12/09/1988,11.0
13/09/1988,8.0
14/09/1988,0.5
15/09/1988,9.5
16/09/1988,5.0
17/09/1988,8.0
18/09/1988,3.0
19/09/1988,4.5
20/09/1988,0.0
21/09/1988,12.5
22/09/1988,0.5
23/09/1988,0.0
24/09/1988,7.0
25/09/1988,6.5
26/09/1988,0.0
27/09/1988,19.0
28/09/1988,0.5
29/09/1988,16.5
30/09/1988,1.5
01/10/1988,1.5
02/10/1988,24.0
03/10/1988,4.5
04/10/1988,0.0
05/10/1988,0.0
06/10/1988,5.0
07/10/1988,0.0
08/10/1988,0.0
09/10/1988,26.0
10/10/1988,0.0
11/10/1988,0.5
12/10/1988,0.0
13/10/1988,5.5
14/10/1988,10.0
15/10/1988,0.0
16/10/1988,0.0
17/10/1988,23.0
18/10/1988,0.0
19/10/1988,6.5
20/10/1988,0.0
21/10/1988,0.0
22/10/1988,0.0
23/10/1988,0.0
24/10/1988,0.0
25/10/1988,1.5
26/10/1988,14.0
27/10/1988,0.0
28/10/1988,2.0
29/10/1988,0.0
30/10/1988,10.0
31/10/1988,4.0
01/11/1988,4.5
02/11/1988,3.0
03/11/1988,37.3
04/11/1988,122.5
05/11/1988,73.7
06/11/1988,0.5
07/11/1988,1.0
08/11/1988,4.5
09/11/1988,0.0
10/11/1988,6.1
11/11/1988,7.4
12/11/1988,42.9
13/11/1988,40.1
14/11/1988,29.5
15/11/1988,8.0
16/11/1988,11.0
17/11/1988,29.5
18/11/1988,73.7
19/11/1988,318.8
20/11/1988,224.6
21/11/1988,28.4
22/11/1988,8.5
23/11/1988,1.9
24/11/1988,42.1
25/11/1988,0.0
26/11/1988,1.0
27/11/1988,11.5
28/11/1988,10.1
29/11/1988,79.8
30/11/1988,349.0
01/12/1988,281.0
02/12/1988,121.5
03/12/1988,25.2
04/12/1988,0.5
05/12/1988,53.0
06/12/1988,6.0
07/12/1988,3.5
08/12/1988,0.0
09/12/1988,0.0
10/12/1988,0.5
11/12/1988,15.0
12/12/1988,53.5
13/12/1988,7.0
10/04/1989,4.5
11/04/1989,0.0
12/04/1989,35.0
13/04/1989,0.5
14/04/1989,23.0
15/04/1989,7.0
16/04/1989,30.5
17/04/1989,44.5
18/04/1989,0.0
19/04/1989,0.0
20/04/1989,0.0
21/04/1989,1.0
22/04/1989,0.0
23/04/1989,0.0
24/04/1989,4.0
25/04/1989,10.5
26/04/1989,19.0
27/04/1989,0.5
28/04/1989,2.0
29/04/1989,4.5
30/04/1989,5.5
01/05/1989,6.5
02/05/1989,1.5
03/05/1989,21.0
04/05/1989,11.0
05/05/1989,14.5
06/05/1989,0.0
07/05/1989,11.5
08/05/1989,0.0
09/05/1989,0.0
10/05/1989,0.0
11/05/1989,0.0
12/05/1989,0.0
13/05/1989,5.5
25/06/1989,1.5
26/06/1989,0.1
27/06/1989,0.9
28/06/1989,0.0
29/06/1989,0.0
30/06/1989,0.0
23/07/1989,7.5
24/07/1989,4.0
25/07/1989,0.5
26/07/1989,0.5
27/07/1989,0.0
28/07/1989,4.0
29/07/1989,57.0
30/07/1989,0.5
31/07/1989,0.0
01/08/1989,0.0
02/08/1989,15.0
03/08/1989,0.0
04/08/1989,14.0
05/08/1989,0.0
06/08/1989,0.0
07/08/1989,0.0
08/08/1989,46.5
09/08/1989,0.0
10/08/1989,0.0
11/08/1989,6.0
12/08/1989,0.0
13/08/1989,0.0
14/08/1989,0.5
15/08/1989,0.0
16/08/1989,42.5
17/08/1989,61.5
18/08/1989,27.0
19/08/1989,8.0
20/08/1989,0.0
21/08/1989,5.3
22/08/1989,17.2
23/08/1989,0.0
24/08/1989,0.0
25/08/1989,0.0
26/08/1989,0.0
27/08/1989,1.0
28/08/1989,25.0
29/08/1989,39.0
30/08/1989,0.5
31/08/1989,0.0
01/09/1989,0.5
02/09/1989,25.5
03/09/1989,8.5
04/09/1989,18.0
05/09/1989,0.5
06/09/1989,0.0
07/09/1989,0.0
08/09/1989,0.0
09/09/1989,16.0
10/09/1989,0.0
11/09/1989,0.0
12/09/1989,0.0
13/09/1989,7.0
14/09/1989,17.5
15/09/1989,0.0
16/09/1989,8.5
17/09/1989,3.5
18/09/1989,0.0
19/09/1989,0.0
20/09/1989,7.5
21/09/1989,0.0
22/09/1989,3.0
23/09/1989,16.5
24/09/1989,0.0
25/09/1989,10.2
26/09/1989,0.3
27/09/1989,3.5
28/09/1989,1.5
29/09/1989,14.0
30/09/1989,22.5
01/10/1989,6.0
02/10/1989,9.0
03/10/1989,1.0
04/10/1989,0.5
05/10/1989,45.5
06/10/1989,0.0
07/10/1989,0.5
08/10/1989,58.5
09/10/1989,8.0
10/10/1989,2.0
11/10/1989,1.5
12/10/1989,4.5
13/10/1989,17.5
14/10/1989,2.0
15/10/1989,6.5
16/10/1989,4.5
17/10/1989,11.0
18/10/1989,1.0
19/10/1989,62.0
20/10/1989,14.0
21/10/1989,7.0
22/10/1989,12.5
23/10/1989,0.5
24/10/1989,7.0
25/10/1989,0.0
26/10/1989,5.0
27/10/1989,24.0
28/10/1989,1.5
29/10/1989,2.0
30/10/1989,0.0
31/10/1989,0.0
01/11/1989,23.5
02/11/1989,4.5
03/11/1989,0.0
04/11/1989,7.5
05/11/1989,3.5
06/11/1989,10.5
07/11/1989,0.5
08/11/1989,11.0
09/11/1989,1.5
10/11/1989,76.5
11/11/1989,9.5
12/11/1989,2.5
13/11/1989,0.5
14/11/1989,9.0
15/11/1989,71.5
16/11/1989,24.5
17/11/1989,65.6
18/11/1989,54.9
19/11/1989,5.0
20/11/1989,7.0
21/11/1989,28.0
22/11/1989,6.0
23/11/1989,0.0
24/11/1989,0.0
25/11/1989,0.0
26/11/1989,0.0
27/11/1989,0.0
28/11/1989,31.0
29/11/1989,25.0
30/11/1989,45.9
01/12/1989,140.1
02/12/1989,13.0
03/12/1989,10.0
04/12/1989,0.5
05/12/1989,0.0
06/12/1989,1.0
07/12/1989,0.0
08/12/1989,0.0
09/12/1989,5.5
10/12/1989,0.0
11/12/1989,12.5
12/12/1989,38.5
13/12/1989,2.0
14/12/1989,14.5
15/12/1989,2.5
16/12/1989,4.0
17/12/1989,7.5
18/12/1989,0.5
19/12/1989,3.0
20/12/1989,0.5
21/12/1989,0.0
22/12/1989,9.0
23/12/1989,9.0
24/12/1989,29.5
25/12/1989,5.5
26/12/1989,0.5
27/12/1989,0.0
28/12/1989,19.5
29/12/1989,0.5
30/12/1989,88.0
31/12/1989,7.5
01/01/1990,4.5
02/01/1990,0.0
03/01/1990,0.0
04/01/1990,0.0
05/01/1990,12.0
06/01/1990,0.0
07/01/1990,0.0
08/01/1990,106.5
09/01/1990,23.9
10/01/1990,0.6
11/01/1990,13.5
12/01/1990,64.0
13/01/1990,51.0
14/01/1990,13.5
15/01/1990,2.0
16/01/1990,0.0
17/01/1990,13.5
18/01/1990,0.0
19/01/1990,0.0
20/01/1990,0.0
21/01/1990,36.5
22/01/1990,11.5
23/01/1990,5.5
24/01/1990,0.0
25/01/1990,0.0
26/01/1990,0.0
27/01/1990,0.5
28/01/1990,0.5
29/01/1990,0.0
30/01/1990,0.0
31/01/1990,21.0
01/02/1990,0.0
02/02/1990,13.5
03/02/1990,29.5
04/02/1990,18.0
05/02/1990,6.5
06/02/1990,27.5
07/02/1990,37.5
08/02/1990,10.0
09/02/1990,22.0
10/02/1990,3.5
11/02/1990,5.5
12/02/1990,1.0
13/02/1990,0.0
14/02/1990,0.0
15/02/1990,0.0
16/02/1990,0.0
17/02/1990,13.0
18/02/1990,0.0
19/02/1990,0.0
20/02/1990,0.0
21/02/1990,0.0
22/02/1990,0.0
23/02/1990,0.0
24/02/1990,0.0
25/02/1990,0.0
26/02/1990,0.0
27/02/1990,0.0
28/02/1990,0.0
01/03/1990,0.0
02/03/1990,0.0
03/03/1990,0.0
04/03/1990,0.0
05/03/1990,0.0
06/03/1990,0.0
07/03/1990,7.5
08/03/1990,0.5
09/03/1990,0.0
10/03/1990,0.0
11/03/1990,0.0
12/03/1990,0.0
13/03/1990,0.0
14/03/1990,0.0
15/03/1990,4.0
16/03/1990,0.0
17/03/1990,16.0
18/03/1990,0.5
19/03/1990,0.5
20/03/1990,0.0
21/03/1990,0.0
22/03/1990,42.5
23/03/1990,8.5
24/03/1990,0.0
25/03/1990,0.0
26/03/1990,0.0
27/03/1990,0.0
28/03/1990,11.0
29/03/1990,15.0
30/03/1990,0.0
31/03/1990,0.0
01/04/1990,21.0
02/04/1990,1.0
03/04/1990,0.0
04/04/1990,0.0
05/04/1990,0.0
06/04/1990,58.5
07/04/1990,20.0
08/04/1990,1.0
09/04/1990,41.9
10/04/1990,0.6
11/04/1990,4.0
12/04/1990,64.0
13/04/1990,15.5
14/04/1990,10.5
15/04/1990,2.0
16/04/1990,3.0
17/04/1990,30.0
18/04/1990,1.0
19/04/1990,4.5
20/04/1990,0.5
21/04/1990,0.0
22/04/1990,0.0
23/04/1990,1.0
24/04/1990,0.0
25/04/1990,0.0
26/04/1990,0.0
27/04/1990,6.0
28/04/1990,8.0
29/04/1990,5.0
30/04/1990,3.0
01/05/1990,9.0
02/05/1990,0.0
03/05/1990,1.0
04/05/1990,0.0
05/05/1990,4.5
06/05/1990,1.5
07/05/1990,11.0
08/05/1990,3.0
09/05/1990,3.5
10/05/1990,0.0
11/05/1990,0.0
12/05/1990,0.0
13/05/1990,0.0
14/05/1990,0.0
15/05/1990,0.0
16/05/1990,0.0
17/05/1990,44.1
18/05/1990,8.4
19/05/1990,38.5
20/05/1990,1.5
21/05/1990,0.5
22/05/1990,1.5
23/05/1990,0.5
24/05/1990,32.0
25/05/1990,0.5
26/05/1990,0.5
27/05/1990,0.0
28/05/1990,0.0
29/05/1990,11.0
30/05/1990,9.0
31/05/1990,68.0
01/06/1990,0.0
02/06/1990,0.0
03/06/1990,1.5
04/06/1990,1.0
05/06/1990,16.5
06/06/1990,0.0
07/06/1990,5.0
08/06/1990,26.5
09/06/1990,1.0
10/06/1990,16.0
11/06/1990,0.0
12/06/1990,0.0
13/06/1990,0.0
14/06/1990,0.0
15/06/1990,0.0
16/06/1990,0.0
17/06/1990,0.0
18/06/1990,0.0
19/06/1990,3.0
20/06/1990,0.0
21/06/1990,0.0
22/06/1990,0.0
23/06/1990,0.0
24/07/1990,0.5
25/07/1990,23.0
26/07/1990,0.0
27/07/1990,0.0
28/07/1990,18.5
29/07/1990,0.0
30/07/1990,2.0
31/07/1990,0.0
01/08/1990,1.0
02/08/1990,0.5
03/08/1990,29.8
04/08/1990,11.2
05/08/1990,41.0
06/08/1990,0.5
07/08/1990,2.0
08/08/1990,0.0
09/08/1990,3.9
10/08/1990,0.6
11/08/1990,14.0
12/08/1990,0.0
13/08/1990,9.0
14/08/1990,1.0
15/08/1990,0.0
16/08/1990,11.0
17/08/1990,8.5
18/08/1990,0.0
19/08/1990,0.0
20/08/1990,0.0
21/08/1990,0.0
22/08/1990,0.0
23/08/1990,0.0
24/08/1990,0.0
25/08/1990,0.0
26/08/1990,0.0
27/08/1990,0.0
28/08/1990,0.0
29/08/1990,0.0
30/08/1990,0.0
31/08/1990,0.0
01/09/1990,8.0
02/09/1990,26.5
03/09/1990,0.0
04/09/1990,12.0
05/09/1990,1.5
06/09/1990,0.0
07/09/1990,1.5
08/09/1990,0.5
09/09/1990,4.5
10/09/1990,0.0
11/09/1990,0.5
12/09/1990,1.5
13/09/1990,2.5
14/09/1990,0.0
15/09/1990,2.0
16/09/1990,10.0
17/09/1990,1.5
18/09/1990,13.5
19/09/1990,9.0
20/09/1990,9.0
21/09/1990,2.0
22/09/1990,0.0
23/09/1990,12.0
24/09/1990,2.0
25/09/1990,2.5
26/09/1990,4.0
27/09/1990,0.0
28/09/1990,0.0
29/09/1990,15.0
30/09/1990,27.0
01/10/1990,15.0
02/10/1990,0.0
03/10/1990,4.5
04/10/1990,3.0
05/10/1990,0.0
06/10/1990,0.0
07/10/1990,42.0
08/10/1990,8.5
09/10/1990,2.0
10/10/1990,2.2
11/10/1990,6.8
12/10/1990,50.0
13/10/1990,107.5
14/10/1990,23.0
15/10/1990,2.0
16/10/1990,0.5
17/10/1990,3.5
18/10/1990,27.5
19/10/1990,0.5
20/10/1990,11.5
21/10/1990,0.5
22/10/1990,0.0
23/10/1990,0.0
24/10/1990,1.0
25/10/1990,13.0
26/10/1990,13.5
27/10/1990,0.5
28/10/1990,10.0
29/10/1990,1.0
30/10/1990,4.5
31/10/1990,14.0
01/11/1990,15.0
02/11/1990,26.5
03/11/1990,0.0
04/11/1990,17.0
05/11/1990,0.5
06/11/1990,0.5
07/11/1990,0.0
08/11/1990,15.5
09/11/1990,4.5
10/11/1990,0.5
11/11/1990,0.0
12/11/1990,16.0
13/11/1990,1.5
14/11/1990,2.0
15/11/1990,2.5
16/11/1990,0.0
17/11/1990,10.5
18/11/1990,21.5
19/11/1990,0.0
20/11/1990,8.0
21/11/1990,2.5
22/11/1990,0.5
23/11/1990,51.4
24/11/1990,124.6
25/11/1990,181.0
26/11/1990,396.0
27/11/1990,43.2
28/11/1990,1.8
29/11/1990,2.0
30/11/1990,1.5
01/12/1990,0.5
02/12/1990,7.5
03/12/1990,2.5
04/12/1990,36.5
05/12/1990,20.0
06/12/1990,7.5
07/12/1990,20.0
08/12/1990,21.5
09/12/1990,15.5
10/12/1990,26.0
11/12/1990,107.5
12/12/1990,132.0
13/12/1990,7.5
14/12/1990,26.5
15/12/1990,37.5
16/12/1990,64.1
17/12/1990,85.4
18/12/1990,15.5
19/12/1990,50.5
20/12/1990,26.0
21/12/1990,25.0
22/12/1990,3.5
23/12/1990,6.5
24/12/1990,0.0
25/12/1990,0.0
26/12/1990,0.0
27/12/1990,0.0
28/12/1990,19.5
29/12/1990,1.0
30/12/1990,0.0
31/12/1990,1.0
01/01/1991,2.0
02/01/1991,0.5
03/01/1991,5.0
04/01/1991,1.5
05/01/1991,3.0
06/01/1991,0.0
07/01/1991,2.5
08/01/1991,0.0
09/01/1991,3.5
10/01/1991,0.0
11/01/1991,0.0
12/01/1991,0.0
13/01/1991,54.0
14/01/1991,25.8
15/01/1991,36.2
16/01/1991,25.2
17/01/1991,26.8
18/01/1991,16.5
19/01/1991,11.5
20/01/1991,4.0
21/01/1991,0.0
22/01/1991,43.0
23/01/1991,0.5
24/01/1991,29.8
25/01/1991,30.9
26/01/1991,175.9
27/01/1991,141.3
28/01/1991,37.0
29/01/1991,7.0
30/01/1991,45.5
31/01/1991,16.5
01/02/1991,0.5
02/02/1991,0.5
03/02/1991,0.5
04/02/1991,0.0
05/02/1991,0.0
06/02/1991,1.0
07/02/1991,0.0
08/02/1991,0.0
09/02/1991,0.0
10/02/1991,0.0
11/02/1991,0.0
12/02/1991,0.0
13/02/1991,0.0
14/02/1991,0.0
15/02/1991,0.0
16/02/1991,0.0
17/02/1991,0.0
18/02/1991,0.0
19/02/1991,0.0
20/02/1991,0.0
21/02/1991,0.0
22/02/1991,3.0
23/02/1991,3.0
24/02/1991,4.0
25/02/1991,6.0
26/02/1991,17.0
27/02/1991,18.0
28/02/1991,33.0
01/03/1991,13.0
02/03/1991,0.0
03/03/1991,0.0
04/03/1991,0.0
05/03/1991,0.0
06/03/1991,0.0
07/03/1991,0.0
08/03/1991,0.0
09/03/1991,0.0
10/03/1991,0.0
11/03/1991,0.0
12/03/1991,0.0
13/03/1991,0.0
14/03/1991,0.5
15/03/1991,0.0
16/03/1991,0.0
17/03/1991,0.0
18/03/1991,0.0
19/03/1991,47.5
20/03/1991,45.5
21/03/1991,2.0
22/03/1991,6.0
23/03/1991,0.0
24/03/1991,0.0
25/03/1991,0.0
26/03/1991,15.5
27/03/1991,15.0
28/03/1991,1.5
29/03/1991,0.0
30/03/1991,6.5
31/03/1991,1.5
01/04/1991,0.0
02/04/1991,13.0
03/04/1991,39.0
04/04/1991,46.5
05/04/1991,1.0
06/04/1991,0.0
07/04/1991,2.5
08/04/1991,0.0
09/04/1991,0.0
10/04/1991,0.0
11/04/1991,0.0
12/04/1991,0.0
13/04/1991,0.0
14/04/1991,0.0
15/04/1991,0.0
13/05/1991,0.0
14/05/1991,0.0
15/05/1991,77.0
16/05/1991,12.0
17/05/1991,0.0
18/05/1991,1.5
19/05/1991,2.5
20/05/1991,1.5
21/05/1991,0.5
22/05/1991,0.0
23/05/1991,0.5
24/05/1991,10.5
25/05/1991,0.0
26/05/1991,0.0
27/05/1991,1.5
28/05/1991,8.0
29/05/1991,1.0
30/05/1991,7.5
31/05/1991,4.0
01/06/1991,4.5
02/06/1991,5.5
03/06/1991,12.7
04/06/1991,19.3
05/06/1991,2.0
06/06/1991,1.0
07/06/1991,0.0
08/06/1991,0.0
09/06/1991,0.0
10/06/1991,0.0
11/06/1991,0.0
12/06/1991,0.0
13/06/1991,0.0
14/06/1991,0.0
15/06/1991,0.0
16/06/1991,0.5
17/06/1991,0.0
18/06/1991,0.0
19/06/1991,0.0
20/06/1991,0.0
21/06/1991,0.0
22/06/1991,0.0
23/06/1991,0.0
24/06/1991,0.0
25/06/1991,0.0
26/06/1991,0.0
27/06/1991,0.0
28/06/1991,0.0
29/06/1991,1.5
30/06/1991,0.5
01/07/1991,6.0
02/07/1991,2.9
03/07/1991,1.1
04/07/1991,7.0
05/07/1991,0.0
06/07/1991,39.0
07/07/1991,1.0
08/07/1991,0.0
09/07/1991,0.0
10/07/1991,0.0
11/07/1991,0.0
12/07/1991,0.0
13/07/1991,0.0
14/07/1991,0.0
15/07/1991,0.0
16/07/1991,0.0
17/07/1991,0.0
18/07/1991,28.0
19/07/1991,5.5
20/07/1991,0.0
21/07/1991,1.5
22/07/1991,0.5
23/07/1991,0.0
24/07/1991,0.0
25/07/1991,0.0
26/07/1991,0.0
27/07/1991,0.0
28/07/1991,0.0
29/07/1991,0.0
30/07/1991,0.0
31/07/1991,0.0
01/08/1991,0.0
02/08/1991,21.5
03/08/1991,0.0
04/08/1991,8.5
05/08/1991,0.0
06/08/1991,17.2
07/08/1991,0.3
08/08/1991,45.0
09/08/1991,10.5
10/08/1991,26.0
11/08/1991,0.5
12/08/1991,0.0
13/08/1991,0.0
14/08/1991,0.0
15/08/1991,0.0
16/08/1991,0.0
17/08/1991,0.0
18/08/1991,0.0
19/08/1991,0.0
20/08/1991,0.0
21/08/1991,5.5
22/08/1991,0.0
23/08/1991,0.5
24/08/1991,0.0
25/08/1991,0.0
26/08/1991,4.5
27/08/1991,67.0
28/08/1991,0.0
29/08/1991,43.0
30/08/1991,0.0
31/08/1991,0.0
01/09/1991,2.5
02/09/1991,21.0
03/09/1991,0.5
04/09/1991,1.5
05/09/1991,2.0
06/09/1991,0.0
07/09/1991,0.0
08/09/1991,0.0
09/09/1991,38.5
10/09/1991,0.5
11/09/1991,0.0
12/09/1991,0.5
13/09/1991,17.0
14/09/1991,0.5
15/09/1991,2.5
16/09/1991,35.0
17/09/1991,1.5
18/09/1991,0.5
19/09/1991,15.5
20/09/1991,1.5
21/09/1991,11.0
22/09/1991,4.5
23/09/1991,35.0
24/09/1991,19.4
25/09/1991,10.1
26/09/1991,0.0
27/09/1991,7.0
28/09/1991,0.0
29/09/1991,0.0
30/09/1991,37.5
01/10/1991,0.5
02/10/1991,0.0
03/10/1991,0.0
04/10/1991,0.0
05/10/1991,0.0
06/10/1991,0.5
07/10/1991,0.0
08/10/1991,0.0
09/10/1991,20.0
10/10/1991,0.0
11/10/1991,14.1
12/10/1991,83.9
13/10/1991,54.0
14/10/1991,3.5
15/10/1991,0.0
16/10/1991,0.0
17/10/1991,0.0
18/10/1991,0.5
19/10/1991,11.5
20/10/1991,26.0
21/10/1991,4.5
22/10/1991,0.5
23/10/1991,22.0
24/10/1991,16.5
25/10/1991,0.0
26/10/1991,5.0
27/10/1991,3.5
28/10/1991,0.5
29/10/1991,11.0
30/10/1991,0.0
31/10/1991,0.5
01/11/1991,0.5
02/11/1991,11.0
03/11/1991,0.0
04/11/1991,118.5
05/11/1991,21.0
06/11/1991,23.5
07/11/1991,1.0
08/11/1991,8.5
09/11/1991,23.0
10/11/1991,10.0
11/11/1991,9.0
12/11/1991,23.0
13/11/1991,16.0
14/11/1991,0.0
15/11/1991,29.5
16/11/1991,30.5
17/11/1991,65.0
18/11/1991,91.5
19/11/1991,246.5
20/11/1991,28.0
21/11/1991,13.0
22/11/1991,119.2
23/11/1991,148.2
24/11/1991,37.6
25/11/1991,35.6
26/11/1991,19.9
27/11/1991,2.5
28/11/1991,48.0
29/11/1991,2.5
30/11/1991,5.0
01/12/1991,1.5
02/12/1991,0.0
03/12/1991,0.0
04/12/1991,8.5
05/12/1991,12.5
06/12/1991,54.5
07/12/1991,60.5
08/12/1991,6.0
09/12/1991,94.6
10/12/1991,122.5
11/12/1991,161.9
12/12/1991,123.4
13/12/1991,56.0
14/12/1991,78.0
15/12/1991,27.0
16/12/1991,71.3
17/12/1991,17.7
18/12/1991,28.0
19/12/1991,37.9
20/12/1991,29.6
21/12/1991,8.0
22/12/1991,14.5
23/12/1991,13.5
24/12/1991,6.0
25/12/1991,10.0
26/12/1991,5.0
27/12/1991,0.0
28/12/1991,17.9
29/12/1991,40.2
30/12/1991,162.0
31/12/1991,45.9
01/01/1992,60.5
02/01/1992,26.0
03/01/1992,32.5
04/01/1992,36.0
05/01/1992,2.5
06/01/1992,1.0
07/01/1992,0.5
08/01/1992,0.0
09/01/1992,0.0
10/01/1992,0.0
11/01/1992,3.5
12/01/1992,0.0
13/01/1992,0.0
14/01/1992,6.1
15/01/1992,87.4
16/01/1992,36.0
17/01/1992,1.2
18/01/1992,0.3
19/01/1992,2.5
20/01/1992,0.0
21/01/1992,2.5
22/01/1992,46.0
23/01/1992,0.0
24/01/1992,0.0
25/01/1992,0.0
26/01/1992,0.0
27/01/1992,3.0
28/01/1992,7.5
29/01/1992,1.5
30/01/1992,1.0
31/01/1992,0.5
01/02/1992,0.0
02/02/1992,0.0
03/02/1992,0.0
04/02/1992,14.0
05/02/1992,1.0
06/02/1992,2.0
07/02/1992,0.5
08/02/1992,0.0
09/02/1992,0.0
10/02/1992,0.0
11/02/1992,0.0
12/02/1992,0.0
13/02/1992,14.0
14/02/1992,30.5
15/02/1992,28.0
16/02/1992,4.5
17/02/1992,56.0
18/02/1992,0.0
19/02/1992,13.0
20/02/1992,34.0
21/02/1992,0.0
22/02/1992,0.0
23/02/1992,0.0
24/02/1992,10.0
25/02/1992,20.0
26/02/1992,0.0
27/02/1992,0.0
28/02/1992,1.0
29/02/1992,35.0
07/03/1992,21.5
08/03/1992,4.0
09/03/1992,0.0
10/03/1992,0.0
11/03/1992,0.0
12/03/1992,0.0
13/03/1992,0.0
14/03/1992,0.0
15/03/1992,0.0
16/03/1992,0.0
17/03/1992,0.0
18/03/1992,0.0
19/03/1992,0.0
20/03/1992,0.0
21/03/1992,0.0
22/03/1992,0.0
23/03/1992,0.0
24/03/1992,0.0
25/03/1992,0.0
26/03/1992,0.0
27/03/1992,0.0
28/03/1992,0.0
29/03/1992,0.0
30/03/1992,0.0
31/03/1992,0.0
01/04/1992,0.0
02/04/1992,0.0
03/04/1992,0.0
04/04/1992,0.0
05/04/1992,8.5
06/04/1992,24.0
07/04/1992,0.5
08/04/1992,0.0
09/04/1992,0.0
10/04/1992,2.5
11/04/1992,0.0
12/04/1992,0.0
13/04/1992,0.0
14/04/1992,0.0
15/04/1992,0.0
16/04/1992,0.0
17/04/1992,0.0
18/04/1992,0.0
19/04/1992,3.0
20/04/1992,6.0
21/04/1992,12.0
22/04/1992,5.0
23/04/1992,15.0
16/05/1992,0.0
17/05/1992,0.0
18/05/1992,1.0
19/05/1992,12.0
20/05/1992,0.0
21/05/1992,0.0
22/05/1992,2.0
23/05/1992,0.5
24/05/1992,31.0
25/05/1992,1.0
26/05/1992,2.0
27/05/1992,0.0
28/05/1992,0.0
29/05/1992,0.0
30/05/1992,41.5
31/05/1992,12.5
01/06/1992,0.0
02/06/1992,0.5
03/06/1992,0.0
04/06/1992,70.0
05/06/1992,0.0
06/06/1992,0.0
07/06/1992,0.0
08/06/1992,0.0
09/06/1992,0.0
10/06/1992,0.0
11/06/1992,23.5
12/06/1992,0.0
13/06/1992,24.5
14/06/1992,1.0
15/06/1992,12.1
16/06/1992,0.9
17/06/1992,10.1
18/06/1992,6.4
19/06/1992,0.0
20/06/1992,0.0
21/06/1992,0.0
22/06/1992,0.0
23/06/1992,0.0
24/06/1992,5.2
25/06/1992,3.3
26/06/1992,13.0
27/06/1992,8.0
28/06/1992,0.0
29/06/1992,0.0
30/06/1992,16.0
01/07/1992,16.5
02/07/1992,3.5
03/07/1992,1.0
04/07/1992,0.0
05/07/1992,0.0
06/07/1992,0.0
07/07/1992,0.0
08/07/1992,0.0
09/07/1992,0.0
10/07/1992,0.0
11/07/1992,8.5
12/07/1992,23.8
13/07/1992,13.7
14/07/1992,0.0
15/07/1992,7.0
16/07/1992,18.5
17/07/1992,15.5
18/07/1992,0.5
19/07/1992,35.0
20/07/1992,0.0
21/07/1992,26.5
22/07/1992,0.5
23/07/1992,0.0
24/07/1992,0.0
25/07/1992,0.0
26/07/1992,22.5
27/07/1992,13.1
28/07/1992,4.9
29/07/1992,0.0
30/07/1992,0.0
31/07/1992,0.0
01/08/1992,0.0
02/08/1992,12.0
03/08/1992,16.0
04/08/1992,7.5
05/08/1992,0.0
06/08/1992,8.0
07/08/1992,35.0
08/08/1992,8.0
09/08/1992,21.7
10/08/1992,5.8
11/08/1992,15.0
12/08/1992,5.5
13/08/1992,1.0
14/08/1992,0.0
15/08/1992,3.8
16/08/1992,9.7
17/08/1992,1.0
18/08/1992,0.0
19/08/1992,2.5
20/08/1992,0.0
21/08/1992,0.0
22/08/1992,1.5
23/08/1992,24.5
24/08/1992,0.0
25/08/1992,0.5
26/08/1992,15.0
27/08/1992,1.5
28/08/1992,0.5
29/08/1992,0.5
30/08/1992,0.0
31/08/1992,0.0
01/09/1992,9.5
02/09/1992,22.5
03/09/1992,0.0
04/09/1992,8.0
05/09/1992,0.0
06/09/1992,10.5
07/09/1992,6.5
08/09/1992,0.0
09/09/1992,0.0
10/09/1992,0.0
11/09/1992,27.0
12/09/1992,0.0
13/09/1992,0.0
14/09/1992,5.0
15/09/1992,40.0
16/09/1992,0.5
17/09/1992,0.0
18/09/1992,0.0
19/09/1992,1.5
20/09/1992,6.0
21/09/1992,35.0
22/09/1992,0.0
23/09/1992,31.0
24/09/1992,22.5
25/09/1992,0.0
26/09/1992,0.0
27/09/1992,0.0
28/09/1992,0.0
29/09/1992,21.5
30/09/1992,0.0
01/10/1992,37.5
02/10/1992,1.0
03/10/1992,8.5
04/10/1992,12.0
05/10/1992,16.5
06/10/1992,2.4
07/10/1992,8.6
08/10/1992,3.5
09/10/1992,12.5
10/10/1992,2.3
11/10/1992,13.2
12/10/1992,0.0
13/10/1992,4.5
14/10/1992,19.4
15/10/1992,4.6
16/10/1992,3.5
17/10/1992,0.0
18/10/1992,74.0
19/10/1992,0.0
20/10/1992,1.0
21/10/1992,0.0
22/10/1992,0.0
23/10/1992,0.0
24/10/1992,0.0
25/10/1992,2.5
26/10/1992,0.0
27/10/1992,20.0
28/10/1992,20.0
29/10/1992,0.0
09/11/1992,39.8
10/11/1992,11.7
11/11/1992,115.1
12/11/1992,73.8
13/11/1992,21.1
14/11/1992,3.0
15/11/1992,30.0
16/11/1992,0.0
17/11/1992,0.0
18/11/1992,0.0
19/11/1992,0.5
16/01/1993,4.0
17/01/1993,15.0
18/01/1993,2.5
19/01/1993,3.0
20/01/1993,9.5
21/01/1993,24.5
22/01/1993,0.5
23/01/1993,0.0
24/01/1993,0.5
25/01/1993,0.0
26/01/1993,0.0
27/01/1993,15.0
28/01/1993,12.0
29/01/1993,32.0
30/01/1993,2.0
31/01/1993,4.5
01/02/1993,12.0
02/02/1993,30.5
03/02/1993,2.0
04/02/1993,2.0
05/02/1993,0.5
06/02/1993,0.0
07/02/1993,0.0
08/02/1993,0.0
09/02/1993,0.0
10/02/1993,19.0
11/02/1993,16.2
12/02/1993,34.8
13/02/1993,0.0
14/02/1993,0.0
15/02/1993,0.0
16/02/1993,0.0
17/02/1993,0.0
18/02/1993,0.0
19/02/1993,0.0
20/02/1993,0.0
21/02/1993,0.0
22/02/1993,0.0
23/02/1993,0.0
24/02/1993,0.0
25/02/1993,0.0
26/02/1993,6.0
27/02/1993,27.0
28/02/1993,0.5
01/03/1993,7.3
02/03/1993,0.2
03/03/1993,0.0
04/03/1993,0.0
05/03/1993,0.0
06/03/1993,0.0
07/03/1993,0.0
08/03/1993,14.0
09/03/1993,0.0
10/03/1993,28.2
11/03/1993,50.8
12/03/1993,39.5
13/03/1993,64.0
14/03/1993,58.0
15/03/1993,50.0
16/03/1993,0.0
17/03/1993,5.0
18/03/1993,9.0
19/03/1993,0.0
20/03/1993,0.0
21/03/1993,0.0
22/03/1993,3.0
23/03/1993,24.0
24/03/1993,0.0
25/03/1993,0.0
26/03/1993,0.0
27/03/1993,0.0
05/04/1993,0.0
06/04/1993,0.0
07/04/1993,0.0
08/04/1993,0.0
09/04/1993,10.5
10/04/1993,16.0
11/04/1993,30.0
12/04/1993,15.0
13/04/1993,4.0
14/04/1993,24.5
15/04/1993,2.5
16/04/1993,2.0
17/04/1993,43.0
18/04/1993,0.5
19/04/1993,21.0
20/04/1993,0.0
21/04/1993,0.5
22/04/1993,0.0
23/04/1993,0.0
24/04/1993,21.5
25/04/1993,0.0
26/04/1993,0.0
27/04/1993,0.0
28/04/1993,0.0
29/04/1993,0.0
30/04/1993,0.0
01/05/1993,0.0
02/05/1993,0.0
03/05/1993,2.0
04/05/1993,0.0
05/05/1993,0.0
06/05/1993,0.0
07/05/1993,0.0
08/05/1993,0.0
09/05/1993,45.0
10/05/1993,16.0
11/05/1993,0.0
12/05/1993,4.0
13/05/1993,0.0
14/05/1993,4.0
15/05/1993,0.0
16/05/1993,85.0
17/05/1993,22.5
18/05/1993,7.5
19/05/1993,12.1
20/05/1993,14.9
21/05/1993,0.0
22/05/1993,2.5
23/05/1993,10.0
24/05/1993,42.5
25/05/1993,2.5
26/05/1993,1.5
27/05/1993,0.0
28/05/1993,29.0
29/05/1993,4.5
30/05/1993,0.0
31/05/1993,0.0
01/06/1993,0.0
02/06/1993,12.0
03/06/1993,15.5
04/06/1993,0.0
05/06/1993,10.0
06/06/1993,2.5
07/06/1993,31.0
08/06/1993,26.5
09/06/1993,29.0
10/06/1993,22.0
11/06/1993,5.0
12/06/1993,0.0
13/06/1993,12.5
14/06/1993,19.0
15/06/1993,2.5
16/06/1993,0.0
17/06/1993,62.0
18/06/1993,6.0
19/06/1993,24.0
20/06/1993,1.0
21/06/1993,0.0
22/06/1993,0.0
23/06/1993,0.0
24/06/1993,0.0
25/06/1993,0.0
26/06/1993,0.0
27/06/1993,0.5
28/06/1993,6.5
29/06/1993,6.0
30/06/1993,0.5
01/07/1993,0.0
02/07/1993,0.0
03/07/1993,114.0
04/07/1993,8.0
05/07/1993,0.5
06/07/1993,0.0
07/07/1993,0.0
08/07/1993,6.5
09/07/1993,0.5
10/07/1993,0.0
11/07/1993,0.0
12/07/1993,0.0
13/07/1993,0.0
14/07/1993,24.0
15/07/1993,0.0
16/07/1993,0.0
17/07/1993,0.5
18/07/1993,2.0
19/07/1993,3.9
20/07/1993,2.1
21/07/1993,65.5
22/07/1993,0.0
23/07/1993,0.0
24/07/1993,0.0
25/07/1993,92.0
26/07/1993,0.5
27/07/1993,0.0
28/07/1993,0.0
29/07/1993,0.0
30/07/1993,0.0
31/07/1993,0.0
01/08/1993,0.0
02/08/1993,2.0
03/08/1993,0.0
04/08/1993,0.0
05/08/1993,0.0
06/08/1993,0.0
07/08/1993,0.0
08/08/1993,0.0
09/08/1993,0.0
10/08/1993,0.0
11/08/1993,5.5
12/08/1993,0.0
13/08/1993,0.0
14/08/1993,0.0
15/08/1993,0.0
16/08/1993,4.5
17/08/1993,0.5
18/08/1993,23.0
19/08/1993,1.5
20/08/1993,0.0
21/08/1993,1.5
22/08/1993,0.0
23/08/1993,1.0
24/08/1993,15.5
25/08/1993,6.0
26/08/1993,0.0
27/08/1993,28.0
28/08/1993,0.0
29/08/1993,0.0
30/08/1993,35.5
31/08/1993,12.0
01/09/1993,1.5
02/09/1993,0.0
03/09/1993,7.0
04/09/1993,0.0
05/09/1993,3.0
06/09/1993,0.5
07/09/1993,2.0
08/09/1993,0.0
09/09/1993,0.5
10/09/1993,0.0
11/09/1993,4.0
12/09/1993,1.5
13/09/1993,0.0
14/09/1993,0.0
15/09/1993,18.5
16/09/1993,0.0
17/09/1993,9.5
18/09/1993,0.0
19/09/1993,0.0
20/09/1993,11.5
21/09/1993,0.0
22/09/1993,31.5
23/09/1993,8.5
24/09/1993,14.5
25/09/1993,0.0
26/09/1993,24.0
27/09/1993,0.0
28/09/1993,1.0
29/09/1993,0.0
30/09/1993,0.0
01/10/1993,53.5
02/10/1993,10.0
03/10/1993,8.5
04/10/1993,27.0
05/10/1993,0.0
06/10/1993,0.0
07/10/1993,0.5
08/10/1993,0.0
09/10/1993,1.0
10/10/1993,5.0
11/10/1993,3.5
12/10/1993,0.0
13/10/1993,148.5
14/10/1993,7.0
15/10/1993,6.0
16/10/1993,3.0
17/10/1993,47.5
18/10/1993,5.5
19/10/1993,0.0
20/10/1993,0.0
21/10/1993,0.0
22/10/1993,0.0
23/10/1993,3.0
24/10/1993,3.0
25/10/1993,2.0
26/10/1993,1.5
27/10/1993,9.5
28/10/1993,2.5
29/10/1993,4.1
30/10/1993,37.5
31/10/1993,33.4
01/11/1993,3.9
02/11/1993,7.1
03/11/1993,8.5
04/11/1993,27.5
05/11/1993,19.2
06/11/1993,36.3
07/11/1993,26.5
08/11/1993,9.5
09/11/1993,3.5
10/11/1993,14.0
11/11/1993,38.5
12/11/1993,1.0
13/11/1993,5.5
14/11/1993,17.7
15/11/1993,26.3
16/11/1993,0.0
17/11/1993,0.0
18/11/1993,0.0
19/11/1993,0.0
20/11/1993,0.0
21/11/1993,3.0
22/11/1993,50.0
23/11/1993,22.5
24/11/1993,6.0
25/11/1993,9.0
26/11/1993,10.5
27/11/1993,0.0
28/11/1993,0.5
29/11/1993,11.3
30/11/1993,68.2
01/12/1993,20.5
02/12/1993,58.0
03/12/1993,0.5
04/12/1993,5.0
05/12/1993,5.5
06/12/1993,0.0
07/12/1993,118.5
08/12/1993,4.0
09/12/1993,3.0
18/01/1994,0.0
19/01/1994,0.0
20/01/1994,0.0
21/01/1994,0.0
22/01/1994,4.5
23/01/1994,14.0
24/01/1994,0.5
25/01/1994,0.0
26/01/1994,0.0
27/01/1994,2.7
28/01/1994,10.8
29/01/1994,5.5
30/01/1994,21.5
31/01/1994,13.5
01/02/1994,1.0
02/02/1994,2.5
03/02/1994,48.0
04/02/1994,7.0
05/02/1994,3.0
06/02/1994,3.0
07/02/1994,3.0
08/02/1994,0.0
09/02/1994,0.0
10/02/1994,0.0
11/02/1994,0.0
12/02/1994,0.0
13/02/1994,0.0
14/02/1994,0.0
15/02/1994,0.0
16/02/1994,0.0
17/02/1994,0.0
18/02/1994,0.0
19/02/1994,0.0
20/02/1994,0.0
21/02/1994,0.0
22/02/1994,0.0
23/02/1994,0.0
24/02/1994,0.0
25/02/1994,0.0
26/02/1994,0.0
27/02/1994,0.0
28/02/1994,52.6
01/03/1994,3.3
02/03/1994,1.1
03/03/1994,4.5
04/03/1994,2.0
05/03/1994,22.0
06/03/1994,1.5
07/03/1994,1.0
08/03/1994,0.5
09/03/1994,0.0
10/03/1994,0.0
11/03/1994,0.0
12/03/1994,1.0
13/03/1994,1.0
14/03/1994,1.0
15/03/1994,89.5
16/03/1994,53.5
17/03/1994,70.0
18/03/1994,16.0
19/03/1994,2.5
20/03/1994,64.5
21/03/1994,14.0
22/03/1994,20.0
23/03/1994,11.5
24/03/1994,13.5
25/03/1994,28.0
26/03/1994,3.5
27/03/1994,12.0
28/03/1994,20.5
29/03/1994,21.5
30/03/1994,30.5
31/03/1994,0.0
01/04/1994,0.0
02/04/1994,0.0
03/04/1994,0.0
04/04/1994,0.0
05/04/1994,0.0
06/04/1994,2.0
07/04/1994,0.0
08/04/1994,19.5
09/04/1994,1.0
10/04/1994,30.5
11/04/1994,0.0
12/04/1994,0.0
13/04/1994,0.0
14/04/1994,0.0
15/04/1994,0.0
16/04/1994,1.5
17/04/1994,0.0
18/04/1994,0.0
19/04/1994,11.5
20/04/1994,1.5
21/04/1994,4.5
22/04/1994,0.0
23/04/1994,0.0
24/04/1994,20.5
25/04/1994,4.5
26/04/1994,14.0
27/04/1994,0.0
28/04/1994,0.0
29/04/1994,1.0
30/04/1994,7.5
01/05/1994,7.5
02/05/1994,1.0
03/05/1994,1.5
04/05/1994,0.0
05/05/1994,63.5
06/05/1994,9.0
07/05/1994,7.5
08/05/1994,36.5
09/05/1994,8.5
10/05/1994,3.5
11/05/1994,39.0
12/05/1994,0.0
13/05/1994,0.0
14/05/1994,0.0
15/05/1994,0.5
16/05/1994,7.5
17/05/1994,0.0
18/05/1994,8.5
19/05/1994,26.5
20/05/1994,0.0
21/05/1994,2.0
22/05/1994,5.0
23/05/1994,18.0
24/05/1994,0.0
25/05/1994,7.0
26/05/1994,14.5
27/05/1994,2.5
28/05/1994,36.5
29/05/1994,9.0
30/05/1994,22.0
31/05/1994,26.0
01/06/1994,0.0
02/06/1994,1.5
03/06/1994,0.0
04/06/1994,26.5
05/06/1994,0.0
06/06/1994,2.0
07/06/1994,15.0
08/06/1994,19.0
09/06/1994,0.5
10/06/1994,0.0
11/06/1994,8.5
12/06/1994,6.0
13/06/1994,38.0
14/06/1994,17.5
15/06/1994,15.0
16/06/1994,0.0
17/06/1994,1.5
18/06/1994,0.0
19/06/1994,0.5
20/06/1994,1.0
21/06/1994,22.3
22/06/1994,4.2
23/06/1994,2.0
24/06/1994,2.0
25/06/1994,24.0
26/06/1994,0.0
27/06/1994,0.0
28/06/1994,7.0
29/06/1994,0.0
30/06/1994,2.5
01/07/1994,8.0
02/07/1994,26.0
03/07/1994,0.0
04/07/1994,2.5
05/07/1994,0.0
06/07/1994,2.0
07/07/1994,0.0
08/07/1994,11.1
09/07/1994,3.4
10/07/1994,0.0
11/07/1994,0.0
12/07/1994,0.0
13/07/1994,0.0
14/07/1994,0.5
15/07/1994,28.0
16/07/1994,0.0
17/07/1994,0.0
18/07/1994,0.0
19/07/1994,0.0
20/07/1994,15.0
21/07/1994,14.0
22/07/1994,0.0
23/07/1994,0.0
24/07/1994,0.0
25/07/1994,0.0
26/07/1994,0.0
27/07/1994,0.0
28/07/1994,0.5
29/07/1994,0.0
30/07/1994,0.0
31/07/1994,0.0
01/08/1994,0.0
02/08/1994,19.0
03/08/1994,52.6
04/08/1994,6.9
05/08/1994,0.0
06/08/1994,0.0
07/08/1994,3.0
08/08/1994,0.0
09/08/1994,3.0
10/08/1994,0.0
11/08/1994,0.0
12/08/1994,1.5
13/08/1994,23.5
14/08/1994,0.0
15/08/1994,0.5
16/08/1994,2.0
17/08/1994,5.5
18/08/1994,12.5
19/08/1994,11.5
20/08/1994,21.5
21/08/1994,2.0
22/08/1994,17.0
23/08/1994,1.0
24/08/1994,20.5
25/08/1994,0.0
26/08/1994,2.0
27/08/1994,35.0
28/08/1994,9.0
29/08/1994,0.0
30/08/1994,0.0
31/08/1994,0.0
01/09/1994,6.5
02/09/1994,39.0
03/09/1994,14.5
04/09/1994,0.0
05/09/1994,29.0
06/09/1994,9.0
07/09/1994,0.0
08/09/1994,0.0
09/09/1994,1.0
10/09/1994,39.5
11/09/1994,0.0
12/09/1994,6.5
13/09/1994,3.0
14/09/1994,0.0
15/09/1994,5.5
27/09/1994,84.5
28/09/1994,38.0
29/09/1994,12.5
30/09/1994,1.0
01/10/1994,0.0
02/10/1994,0.0
03/10/1994,7.0
04/10/1994,0.0
05/10/1994,0.0
06/10/1994,0.0
07/10/1994,0.0
08/10/1994,0.0
09/10/1994,4.5
10/10/1994,44.5
11/10/1994,1.0
12/10/1994,4.5
13/10/1994,9.5
14/10/1994,3.0
15/10/1994,2.0
16/10/1994,0.5
17/10/1994,2.5
18/10/1994,1.5
19/10/1994,0.5
20/10/1994,1.0
21/10/1994,1.5
22/10/1994,0.0
23/10/1994,0.0
24/10/1994,0.0
21/11/1994,99.5
22/11/1994,61.0
23/11/1994,194.0
24/11/1994,12.5
25/11/1994,34.0
26/11/1994,62.5
27/11/1994,128.5
28/11/1994,13.7
29/11/1994,33.8
30/11/1994,17.0
01/12/1994,1.5
02/12/1994,56.0
03/12/1994,4.0
04/12/1994,18.0
05/12/1994,1.5
06/12/1994,43.0
07/12/1994,0.0
08/12/1994,0.0
09/12/1994,0.0
10/12/1994,0.0
11/12/1994,0.0
12/12/1994,0.0
13/12/1994,0.0
14/12/1994,0.0
15/12/1994,15.4
16/12/1994,69.1
17/12/1994,34.5
18/12/1994,23.0
19/12/1994,127.2
20/12/1994,30.8
21/12/1994,11.5
22/12/1994,29.0
23/12/1994,0.5
24/12/1994,0.0
25/12/1994,0.0
26/12/1994,3.0
27/12/1994,5.5
28/12/1994,16.1
29/12/1994,8.4
30/12/1994,12.5
31/12/1994,1.0
01/01/1995,27.5
02/01/1995,17.5
03/01/1995,0.5
04/01/1995,25.5
05/01/1995,49.5
06/01/1995,6.0
07/01/1995,0.5
08/01/1995,9.5
09/01/1995,44.0
10/01/1995,41.2
11/01/1995,3.3
12/01/1995,2.0
13/01/1995,1.0
14/01/1995,1.0
15/01/1995,1.0
16/01/1995,1.0
17/01/1995,1.5
18/01/1995,129.7
19/01/1995,45.8
20/01/1995,4.5
21/01/1995,3.0
22/01/1995,3.5
23/01/1995,3.0
24/01/1995,2.5
25/01/1995,2.5
26/01/1995,151.5
27/01/1995,4.5
28/01/1995,3.0
29/01/1995,1.5
30/01/1995,1.5
31/01/1995,9.5
01/02/1995,33.9
02/02/1995,19.5
03/02/1995,28.1
04/02/1995,19.2
05/02/1995,16.8
06/02/1995,9.5
07/02/1995,10.8
08/02/1995,9.2
09/02/1995,0.0
10/02/1995,0.0
11/02/1995,0.5
12/02/1995,0.5
13/02/1995,1.0
14/02/1995,0.5
15/02/1995,0.5
16/02/1995,0.5
17/02/1995,0.0
18/02/1995,0.0
19/02/1995,0.0
20/02/1995,0.0
21/02/1995,0.0
22/02/1995,0.0
23/02/1995,0.0
24/02/1995,3.0
25/02/1995,5.0
26/02/1995,1.0
27/02/1995,0.0
28/02/1995,77.0
01/03/1995,0.0
02/03/1995,0.0
03/03/1995,0.0
04/03/1995,0.0
05/03/1995,17.5
06/03/1995,0.0
07/03/1995,0.0
08/03/1995,0.0
09/03/1995,0.0
10/03/1995,0.0
11/03/1995,0.0
12/03/1995,0.0
13/03/1995,0.0
14/03/1995,0.0
15/03/1995,7.5
16/03/1995,5.0
17/03/1995,1.0
18/03/1995,0.5
19/03/1995,6.0
20/03/1995,7.1
21/03/1995,10.4
22/03/1995,0.5
23/03/1995,0.0
24/03/1995,0.5
25/03/1995,0.0
26/03/1995,0.5
27/03/1995,0.0
28/03/1995,0.5
29/03/1995,0.0
30/03/1995,0.5
31/03/1995,0.5
01/04/1995,0.0
02/04/1995,0.0
03/04/1995,0.0
04/04/1995,0.5
05/04/1995,0.0
06/04/1995,0.5
07/04/1995,0.0
08/04/1995,0.0
09/04/1995,0.0
10/04/1995,0.5
11/04/1995,0.0
12/04/1995,0.0
13/04/1995,0.0
14/04/1995,0.0
15/04/1995,0.0
16/04/1995,0.0
18/05/1995,62.5
19/05/1995,0.0
20/05/1995,7.5
21/05/1995,0.0
22/05/1995,0.0
23/05/1995,0.5
24/05/1995,8.0
25/05/1995,3.5
26/05/1995,66.5
27/05/1995,0.0
28/05/1995,9.5
29/05/1995,0.0
30/05/1995,4.5
31/05/1995,0.5
01/06/1995,0.0
02/06/1995,0.0
03/06/1995,0.0
04/06/1995,25.5
05/06/1995,6.5
06/06/1995,0.0
07/06/1995,0.0
08/06/1995,6.5
09/06/1995,23.0
10/06/1995,10.5
11/06/1995,7.0
12/06/1995,0.0
13/06/1995,0.0
14/06/1995,0.0
15/06/1995,28.9
16/06/1995,2.0
17/06/1995,82.1
18/06/1995,5.5
19/06/1995,4.0
20/06/1995,43.0
21/06/1995,8.6
22/06/1995,2.4
23/06/1995,6.0
24/06/1995,0.0
25/06/1995,9.1
26/06/1995,2.4
27/06/1995,0.0
28/06/1995,0.0
29/06/1995,0.0
30/06/1995,36.0
01/07/1995,0.0
02/07/1995,14.0
03/07/1995,5.0
04/07/1995,10.3
05/07/1995,20.2
06/07/1995,0.0
07/07/1995,0.7
08/07/1995,0.3
09/07/1995,2.0
10/07/1995,0.0
11/07/1995,28.5
12/07/1995,4.2
13/07/1995,3.3
14/07/1995,0.0
15/07/1995,0.0
16/07/1995,0.0
17/07/1995,1.5
18/07/1995,1.0
19/07/1995,0.0
20/07/1995,2.0
21/07/1995,10.0
22/07/1995,18.0
23/07/1995,4.5
24/07/1995,12.5
25/07/1995,0.0
26/07/1995,6.5
27/07/1995,0.0
28/07/1995,0.0
29/07/1995,1.0
30/07/1995,0.5
31/07/1995,43.0
01/08/1995,0.5
02/08/1995,50.5
03/08/1995,0.5
04/08/1995,0.0
05/08/1995,0.0
06/08/1995,14.5
07/08/1995,13.0
08/08/1995,13.5
09/08/1995,2.5
10/08/1995,7.0
11/08/1995,6.5
12/08/1995,0.7
21/09/1995,0.5
22/09/1995,0.0
23/09/1995,0.0
24/09/1995,0.0
25/09/1995,28.5
26/09/1995,4.0
27/09/1995,0.0
28/09/1995,6.5
29/09/1995,2.0
30/09/1995,5.0
01/10/1995,0.0
02/10/1995,6.0
03/10/1995,1.0
04/10/1995,0.0
05/10/1995,10.0
06/10/1995,0.5
07/10/1995,0.0
08/10/1995,6.0
09/10/1995,10.5
10/10/1995,0.0
11/10/1995,5.0
12/10/1995,24.5
13/10/1995,8.0
14/10/1995,20.0
19/10/1995,7.5
20/10/1995,0.5
21/10/1995,0.5
22/10/1995,0.0
23/10/1995,0.0
24/10/1995,0.0
25/10/1995,0.5
26/10/1995,0.0
27/10/1995,10.0
28/10/1995,0.0
29/10/1995,0.0
30/10/1995,4.5
31/10/1995,5.0
01/11/1995,1.0
02/11/1995,7.5
03/11/1995,12.0
04/11/1995,0.0
05/11/1995,9.0
06/11/1995,6.0
07/11/1995,0.0
08/11/1995,3.5
09/11/1995,5.5
10/11/1995,4.5
11/11/1995,2.5
12/11/1995,0.0
13/11/1995,0.5
14/11/1995,1.7
15/11/1995,7.3
16/11/1995,53.0
17/11/1995,39.2
18/11/1995,14.0
19/11/1995,13.8
20/11/1995,11.0
21/11/1995,11.5
22/11/1995,2.5
23/11/1995,19.0
24/11/1995,63.5
25/11/1995,0.0
26/11/1995,0.5
27/11/1995,1.5
28/11/1995,0.5
29/11/1995,0.0
30/11/1995,0.0
01/12/1995,0.0
02/12/1995,2.0
03/12/1995,20.5
04/12/1995,18.0
05/12/1995,17.6
06/12/1995,16.9
07/12/1995,13.5
08/12/1995,2.0
09/12/1995,0.0
10/12/1995,0.0
11/12/1995,0.0
12/12/1995,0.0
13/12/1995,0.0
14/12/1995,0.0
15/12/1995,0.0
16/12/1995,0.0
17/12/1995,0.0
18/12/1995,2.0
19/12/1995,10.5
20/12/1995,6.5
21/12/1995,45.0
22/12/1995,26.0
23/12/1995,26.0
24/12/1995,16.0
25/12/1995,3.5
26/12/1995,5.5
27/12/1995,48.5
28/12/1995,60.2
29/12/1995,20.3
30/12/1995,11.1
31/12/1995,4.4
01/01/1996,0.5
02/01/1996,0.0
03/01/1996,0.0
04/01/1996,0.0
05/01/1996,4.0
06/01/1996,2.0
07/01/1996,0.0
08/01/1996,12.5
09/01/1996,11.0
10/01/1996,41.0
11/01/1996,11.5
12/01/1996,0.5
13/01/1996,0.0
14/01/1996,0.0
15/01/1996,0.0
16/01/1996,0.0
17/01/1996,0.0
18/01/1996,0.0
19/01/1996,0.0
20/01/1996,0.0
21/01/1996,0.0
22/01/1996,0.0
23/01/1996,7.0
24/01/1996,6.0
25/01/1996,14.0
26/01/1996,0.5
27/01/1996,4.0
28/01/1996,21.0
29/01/1996,23.0
30/01/1996,8.0
31/01/1996,6.9
01/02/1996,26.1
02/02/1996,37.0
03/02/1996,11.5
04/02/1996,22.0
05/02/1996,8.6
06/02/1996,5.4
07/02/1996,11.5
08/02/1996,0.0
09/02/1996,0.5
10/02/1996,0.0
11/02/1996,8.5
12/02/1996,10.5
13/02/1996,0.0
14/02/1996,0.0
15/02/1996,0.0
16/02/1996,0.0
17/02/1996,0.0
18/02/1996,0.0
19/02/1996,20.5
20/02/1996,3.5
21/02/1996,6.0
22/02/1996,2.0
23/02/1996,4.0
24/02/1996,0.0
25/02/1996,0.0
26/02/1996,0.0
27/02/1996,0.0
28/02/1996,0.0
29/02/1996,0.0
01/03/1996,0.0
02/03/1996,0.0
03/03/1996,0.0
04/03/1996,0.0
05/03/1996,0.0
06/03/1996,0.0
07/03/1996,0.0
08/03/1996,0.0
09/03/1996,0.0
10/03/1996,0.0
11/03/1996,3.0
12/03/1996,0.0
13/03/1996,0.0
14/03/1996,0.0
15/03/1996,0.0
16/03/1996,0.0
17/03/1996,0.0
18/03/1996,0.0
19/03/1996,0.0
20/03/1996,0.5
21/03/1996,0.0
22/03/1996,0.0
23/03/1996,0.0
24/03/1996,0.0
25/03/1996,0.0
26/03/1996,0.0
27/03/1996,1.5
28/03/1996,4.5
29/03/1996,9.5
30/03/1996,17.5
31/03/1996,5.5
01/04/1996,16.0
02/04/1996,5.0
03/04/1996,0.0
04/04/1996,0.0
05/04/1996,4.0
06/04/1996,1.5
07/04/1996,0.0
08/04/1996,0.0
09/04/1996,0.0
10/04/1996,0.0
11/04/1996,0.0
12/04/1996,1.0
13/04/1996,0.0
14/04/1996,0.0
15/04/1996,0.0
16/04/1996,0.0
17/04/1996,0.0
18/04/1996,0.0
19/04/1996,0.0
20/04/1996,7.0
21/04/1996,0.5
22/04/1996,0.0
23/04/1996,1.0
24/04/1996,13.5
25/04/1996,2.5
26/04/1996,26.0
27/04/1996,8.5
28/04/1996,0.5
29/04/1996,0.5
30/04/1996,1.5
01/05/1996,1.0
02/05/1996,0.0
03/05/1996,0.0
04/05/1996,4.5
05/05/1996,0.0
06/05/1996,19.5
07/05/1996,0.0
08/05/1996,3.0
09/05/1996,0.0
10/05/1996,4.5
11/05/1996,0.0
12/05/1996,0.0
13/05/1996,0.0
14/05/1996,0.5
15/05/1996,0.0
16/05/1996,0.0
17/05/1996,0.5
18/05/1996,0.0
19/05/1996,0.0
20/05/1996,0.0
21/05/1996,0.0
22/05/1996,0.0
23/05/1996,0.0
24/05/1996,7.0
25/05/1996,0.0
26/05/1996,0.5
27/05/1996,0.0
28/05/1996,23.0
29/05/1996,0.0
30/05/1996,1.0
31/05/1996,0.0
01/06/1996,0.0
02/06/1996,0.0
03/06/1996,0.0
04/06/1996,0.5
05/06/1996,0.0
06/06/1996,18.0
07/06/1996,4.5
08/06/1996,4.5
09/06/1996,0.5
10/06/1996,0.0
11/06/1996,0.4
12/06/1996,0.1
13/06/1996,27.0
14/06/1996,0.0
15/06/1996,24.5
16/06/1996,0.8
17/06/1996,44.2
18/06/1996,0.0
19/06/1996,0.0
20/06/1996,0.5
21/06/1996,0.0
22/06/1996,0.0
23/06/1996,0.5
24/06/1996,0.0
25/06/1996,0.0
26/06/1996,0.5
27/06/1996,0.0
28/06/1996,0.0
29/06/1996,0.0
30/06/1996,0.0
01/07/1996,0.0
02/07/1996,0.0
03/07/1996,0.0
04/07/1996,0.0
05/07/1996,3.0
06/07/1996,58.0
07/07/1996,0.0
08/07/1996,0.0
09/07/1996,5.5
10/07/1996,8.5
11/07/1996,0.0
12/07/1996,0.0
13/07/1996,0.0
14/07/1996,0.0
15/07/1996,0.0
16/07/1996,0.3
17/07/1996,0.2
18/07/1996,0.0
19/07/1996,0.0
20/07/1996,0.0
21/07/1996,0.0
22/07/1996,0.0
23/07/1996,0.5
24/07/1996,0.0
25/07/1996,0.0
26/07/1996,4.0
02/08/1996,1.0
03/08/1996,0.5
04/08/1996,0.0
05/08/1996,0.0
06/08/1996,0.5
07/08/1996,27.5
08/08/1996,0.5
09/08/1996,31.0
10/08/1996,11.0
11/08/1996,1.5
12/08/1996,0.5
13/08/1996,0.0
14/08/1996,0.0
15/08/1996,1.0
16/08/1996,6.0
17/08/1996,0.0
18/08/1996,56.0
19/08/1996,2.0
20/08/1996,0.0
21/08/1996,14.5
22/08/1996,0.0
23/08/1996,0.0
24/08/1996,6.5
25/08/1996,0.0
26/08/1996,0.5
27/08/1996,6.0
28/08/1996,14.5
29/08/1996,0.0
30/08/1996,57.0
31/08/1996,0.5
01/09/1996,6.0
02/09/1996,0.0
03/09/1996,0.0
04/09/1996,1.0
05/09/1996,31.0
06/09/1996,1.0
07/09/1996,0.0
08/09/1996,0.5
09/09/1996,31.5
10/09/1996,0.0
11/09/1996,1.0
12/09/1996,0.0
13/09/1996,0.0
14/09/1996,0.0
15/09/1996,13.5
16/09/1996,38.6
17/09/1996,3.4
18/09/1996,0.0
19/09/1996,0.0
20/09/1996,0.5
21/09/1996,0.0
22/09/1996,16.5
23/09/1996,0.0
24/09/1996,72.5
25/09/1996,0.0
26/09/1996,16.5
27/09/1996,21.0
28/09/1996,0.0
29/09/1996,12.0
30/09/1996,1.0
01/10/1996,0.0
02/10/1996,18.4
03/10/1996,5.1
04/10/1996,0.5
05/10/1996,0.0
06/10/1996,19.5
07/10/1996,1.5
08/10/1996,0.0
09/10/1996,0.0
10/10/1996,5.5
11/10/1996,16.0
12/10/1996,0.5
13/10/1996,8.0
14/10/1996,2.5
15/10/1996,0.0
16/10/1996,0.0
17/10/1996,31.5
18/10/1996,48.0
19/10/1996,69.5
20/10/1996,13.0
21/10/1996,4.5
22/10/1996,0.0
23/10/1996,0.0
24/10/1996,20.0
25/10/1996,9.0
26/10/1996,65.5
27/10/1996,1.0
28/10/1996,0.0
29/10/1996,0.5
30/10/1996,0.0
31/10/1996,0.0
01/11/1996,0.0
02/11/1996,0.0
03/11/1996,0.5
04/11/1996,0.0
05/11/1996,0.0
06/11/1996,99.0
07/11/1996,2.0
08/11/1996,3.0
09/11/1996,7.0
10/11/1996,10.5
11/11/1996,0.5
12/11/1996,9.0
13/11/1996,0.5
14/11/1996,0.0
15/11/1996,0.0
16/11/1996,0.0
17/11/1996,0.5
18/11/1996,19.0
19/11/1996,30.5
20/11/1996,4.5
21/11/1996,0.5
22/11/1996,67.5
23/11/1996,1.0
24/11/1996,1.0
25/11/1996,2.5
26/11/1996,28.0
27/11/1996,0.5
28/11/1996,0.0
02/12/1996,31.0
03/12/1996,24.0
04/12/1996,0.5
05/12/1996,16.0
06/12/1996,16.0
07/12/1996,8.5
08/12/1996,13.5
09/12/1996,12.5
10/12/1996,26.4
11/12/1996,102.6
12/12/1996,116.5
13/12/1996,15.0
14/12/1996,41.9
15/12/1996,14.8
16/12/1996,0.3
17/12/1996,0.5
18/12/1996,0.0
19/12/1996,0.5
20/12/1996,1.0
21/12/1996,0.0
22/12/1996,4.5
23/12/1996,1.5
24/12/1996,0.0
25/12/1996,0.0
26/12/1996,0.0
27/12/1996,0.5
28/12/1996,0.3
29/12/1996,0.2
30/12/1996,0.0
31/12/1996,0.0
01/01/1997,0.0
02/01/1997,0.0
03/01/1997,0.5
04/01/1997,0.0
05/01/1997,0.5
06/01/1997,0.0
07/01/1997,1.0
08/01/1997,0.0
09/01/1997,1.3
10/01/1997,6.7
11/01/1997,15.0
12/01/1997,0.0
13/01/1997,0.0
14/01/1997,0.0
15/01/1997,0.0
16/01/1997,0.0
17/01/1997,0.0
18/01/1997,0.5
19/01/1997,0.0
20/01/1997,0.0
21/01/1997,0.0
22/01/1997,0.0
23/01/1997,0.0
24/01/1997,0.0
25/01/1997,0.0
26/01/1997,0.0
27/01/1997,0.0
28/01/1997,0.0
29/01/1997,0.0
30/01/1997,0.5
31/01/1997,0.0
01/02/1997,0.0
02/02/1997,0.0
03/02/1997,3.0
04/02/1997,0.0
05/02/1997,0.0
06/02/1997,0.0
07/02/1997,2.5
08/02/1997,0.5
09/02/1997,13.5
10/02/1997,2.5
11/02/1997,0.0
12/02/1997,0.0
13/02/1997,0.5
14/02/1997,0.0
15/02/1997,5.0
16/02/1997,0.0
17/02/1997,0.0
18/02/1997,0.0
19/02/1997,0.0
20/02/1997,24.5
21/02/1997,2.0
22/02/1997,33.0
23/02/1997,140.0
24/02/1997,26.5
25/02/1997,1.0
26/02/1997,1.0
27/02/1997,0.0
28/02/1997,0.0
01/03/1997,0.0
02/03/1997,0.0
03/03/1997,0.0
04/03/1997,0.0
05/03/1997,0.0
06/03/1997,0.0
07/03/1997,5.5
08/03/1997,0.5
09/03/1997,0.0
10/03/1997,0.0
11/03/1997,0.0
12/03/1997,0.0
13/03/1997,0.0
14/03/1997,0.0
15/03/1997,0.0
16/03/1997,0.0
17/03/1997,0.0
18/03/1997,0.0
19/03/1997,0.0
20/03/1997,1.5
21/03/1997,0.0
22/03/1997,9.0
23/03/1997,1.5
24/03/1997,0.0
25/03/1997,0.0
26/03/1997,1.0
27/03/1997,0.0
28/03/1997,6.5
29/03/1997,2.0
30/03/1997,0.0
31/03/1997,3.0
01/04/1997,79.0
02/04/1997,21.0
03/04/1997,0.0
04/04/1997,4.0
05/04/1997,4.0
06/04/1997,0.0
07/04/1997,22.5
08/04/1997,0.0
09/04/1997,1.5
10/04/1997,0.0
11/04/1997,25.5
12/04/1997,5.0
13/04/1997,3.0
14/04/1997,4.0
15/04/1997,9.0
16/04/1997,0.5
17/04/1997,0.5
18/04/1997,0.0
19/04/1997,0.0
20/04/1997,0.0
21/04/1997,0.0
22/04/1997,0.0
23/04/1997,0.0
24/04/1997,0.0
25/04/1997,2.0
26/04/1997,2.0
27/04/1997,54.0
28/04/1997,1.5
29/04/1997,22.0
30/04/1997,14.5
01/05/1997,18.0
02/05/1997,0.0
03/05/1997,0.0
04/05/1997,0.0
05/05/1997,0.0
06/05/1997,0.0
07/05/1997,0.0
08/05/1997,0.0
09/05/1997,0.0
10/05/1997,3.5
11/05/1997,0.0
12/05/1997,0.0
13/05/1997,32.5
14/05/1997,0.5
15/05/1997,11.5
16/05/1997,7.0
17/05/1997,0.5
18/05/1997,0.0
19/05/1997,4.5
20/05/1997,8.0
21/05/1997,0.0
22/05/1997,0.0
23/05/1997,0.0
24/05/1997,0.0
25/05/1997,1.5
26/05/1997,0.0
27/05/1997,7.0
28/05/1997,0.0
29/05/1997,0.0
30/05/1997,0.0
31/05/1997,0.0
01/06/1997,0.0
02/06/1997,7.0
03/06/1997,0.0
04/06/1997,0.0
05/06/1997,0.0
06/06/1997,2.0
07/06/1997,4.0
08/06/1997,0.5
09/06/1997,0.0
10/06/1997,2.0
11/06/1997,1.0
12/06/1997,0.0
13/06/1997,27.5
14/06/1997,0.0
15/06/1997,0.0
16/06/1997,2.5
17/06/1997,0.0
18/06/1997,1.5
19/06/1997,4.5
20/06/1997,33.5
21/06/1997,1.5
22/06/1997,0.5
23/06/1997,0.0
24/06/1997,0.0
25/06/1997,0.0
26/06/1997,0.0
27/06/1997,2.0
28/06/1997,4.5
29/06/1997,0.5
30/06/1997,2.0
01/07/1997,8.5
02/07/1997,1.5
03/07/1997,4.5
04/07/1997,0.0
05/07/1997,0.0
06/07/1997,6.0
07/07/1997,1.0
08/07/1997,0.0
09/07/1997,0.0
10/07/1997,0.0
11/07/1997,0.0
12/07/1997,0.0
13/07/1997,0.0
14/07/1997,0.0
15/07/1997,0.0
16/07/1997,0.0
17/07/1997,0.0
18/07/1997,0.0
19/07/1997,6.5
20/07/1997,18.5
21/07/1997,23.0
22/07/1997,4.5
23/07/1997,0.0
24/07/1997,25.0
25/07/1997,17.5
26/07/1997,0.0
27/07/1997,0.0
28/07/1997,0.0
29/07/1997,4.0
30/07/1997,0.0
31/07/1997,0.0
01/08/1997,0.0
02/08/1997,0.0
03/08/1997,0.0
04/08/1997,0.0
05/08/1997,16.5
06/08/1997,12.0
07/08/1997,0.0
08/08/1997,0.5
09/08/1997,0.0
10/08/1997,3.5
11/08/1997,10.0
12/08/1997,2.5
13/08/1997,0.0
14/08/1997,67.0
15/08/1997,0.5
16/08/1997,7.5
17/08/1997,0.5
18/08/1997,0.0
19/08/1997,1.0
20/08/1997,9.5
21/08/1997,9.5
22/08/1997,0.0
23/08/1997,16.5
24/08/1997,7.5
25/08/1997,0.5
26/08/1997,0.0
27/08/1997,25.0
28/08/1997,15.0
29/08/1997,0.5
30/08/1997,8.5
31/08/1997,0.0
01/09/1997,2.0
02/09/1997,0.0
03/09/1997,0.0
04/09/1997,0.0
05/09/1997,1.0
06/09/1997,0.0
07/09/1997,0.0
08/09/1997,5.5
09/09/1997,3.0
10/09/1997,0.0
11/09/1997,3.0
12/09/1997,0.5
13/09/1997,0.0
14/09/1997,2.5
15/09/1997,0.0
16/09/1997,0.0
17/09/1997,26.5
18/09/1997,24.5
19/09/1997,0.5
20/09/1997,24.0
21/09/1997,2.0
22/09/1997,0.0
23/09/1997,0.0
24/09/1997,0.0
25/09/1997,0.0
26/09/1997,0.0
27/09/1997,0.0
28/09/1997,50.0
29/09/1997,7.5
30/09/1997,0.0
01/10/1997,34.5
02/10/1997,0.0
03/10/1997,0.0
04/10/1997,9.0
05/10/1997,0.5
06/10/1997,0.0
07/10/1997,0.5
08/10/1997,5.0
09/10/1997,3.5
10/10/1997,6.4
11/10/1997,0.1
12/10/1997,2.5
13/10/1997,0.0
14/10/1997,0.0
15/10/1997,0.5
16/10/1997,0.5
17/10/1997,16.5
18/10/1997,0.0
19/10/1997,10.0
20/10/1997,0.0
21/10/1997,0.5
22/10/1997,34.0
23/10/1997,0.0
24/10/1997,6.5
25/10/1997,0.0
26/10/1997,6.0
27/10/1997,11.0
28/10/1997,0.5
29/10/1997,8.2
30/10/1997,19.8
31/10/1997,8.0
01/11/1997,27.5
02/11/1997,0.5
03/11/1997,2.0
04/11/1997,8.0
05/11/1997,6.0
09/11/1997,0.0
10/11/1997,11.5
11/11/1997,15.5
12/11/1997,11.5
13/11/1997,12.5
14/11/1997,11.5
15/11/1997,8.0
16/11/1997,0.0
17/11/1997,5.0
18/11/1997,94.7
19/11/1997,86.8
20/11/1997,46.0
21/11/1997,8.0
22/11/1997,1.0
23/11/1997,0.0
24/11/1997,0.0
25/11/1997,1.5
26/11/1997,1.5
27/11/1997,0.0
28/11/1997,0.0
29/11/1997,0.0
30/11/1997,5.0
01/12/1997,31.5
02/12/1997,110.0
03/12/1997,107.5
04/12/1997,49.5
05/12/1997,40.0
06/12/1997,61.5
07/12/1997,4.5
08/12/1997,0.0
09/12/1997,10.5
10/12/1997,31.6
11/12/1997,103.4
12/12/1997,11.9
13/12/1997,61.6
14/12/1997,4.5
15/12/1997,41.5
16/12/1997,31.5
17/12/1997,39.5
18/12/1997,281.0
19/12/1997,10.0
20/12/1997,89.5
21/12/1997,0.0
22/12/1997,0.0
23/12/1997,1.0
24/12/1997,26.0
25/12/1997,0.0
26/12/1997,0.0
27/12/1997,0.0
28/12/1997,8.5
29/12/1997,156.5
30/12/1997,135.0
31/12/1997,4.5
01/01/1998,3.0
02/01/1998,18.5
03/01/1998,15.0
04/01/1998,11.0
01/02/1998,0.0
02/02/1998,0.0
03/02/1998,0.0
04/02/1998,0.0
05/02/1998,0.0
06/02/1998,0.0
07/02/1998,0.0
08/02/1998,0.0
09/02/1998,0.0
10/02/1998,0.0
11/02/1998,0.0
12/02/1998,0.0
13/02/1998,0.0
14/02/1998,0.0
15/02/1998,0.0
16/02/1998,0.0
17/02/1998,0.0
18/02/1998,0.0
19/02/1998,0.0
20/02/1998,0.0
21/02/1998,0.0
22/02/1998,0.0
23/02/1998,0.0
24/02/1998,0.0
25/02/1998,0.0
26/02/1998,0.0
27/02/1998,0.0
28/02/1998,0.0
01/03/1998,0.0
02/03/1998,0.0
03/03/1998,0.0
04/03/1998,0.0
05/03/1998,0.0
06/03/1998,0.0
07/03/1998,0.0
08/03/1998,24.0
09/03/1998,47.5
10/03/1998,33.5
21/04/1998,0.0
22/04/1998,0.0
23/04/1998,0.0
24/04/1998,0.0
25/04/1998,0.0
26/04/1998,0.0
27/04/1998,0.0
28/04/1998,0.0
29/04/1998,0.0
30/04/1998,0.0
01/05/1998,0.0
02/05/1998,0.0
03/05/1998,0.0
04/05/1998,5.0
05/05/1998,17.0
06/05/1998,0.0
07/05/1998,0.0
08/05/1998,9.0
09/05/1998,4.0
10/05/1998,1.5
11/05/1998,0.0
12/05/1998,1.5
13/05/1998,0.0
14/05/1998,0.0
15/05/1998,0.0
16/05/1998,0.0
17/05/1998,36.8
18/05/1998,0.0
19/05/1998,0.0
20/05/1998,0.0
21/05/1998,0.0
22/05/1998,0.0
23/05/1998,0.0
24/05/1998,1.5
25/05/1998,6.5
26/05/1998,3.5
27/05/1998,0.0
28/05/1998,0.0
29/05/1998,0.0
30/05/1998,0.0
31/05/1998,0.0
01/06/1998,39.0
02/06/1998,0.5
03/06/1998,12.5
04/06/1998,0.0
05/06/1998,0.0
06/06/1998,55.0
07/06/1998,73.0
08/06/1998,0.0
09/06/1998,9.5
10/06/1998,0.0
11/06/1998,4.0
12/06/1998,11.0
13/06/1998,3.5
14/06/1998,7.5
15/06/1998,10.0
16/06/1998,15.5
17/06/1998,8.0
18/06/1998,2.5
19/06/1998,2.0
20/06/1998,2.5
21/06/1998,8.0
22/06/1998,0.0
23/06/1998,0.0
24/06/1998,13.2
25/06/1998,3.6
26/06/1998,4.6
27/06/1998,9.0
28/06/1998,0.7
29/06/1998,0.0
30/06/1998,30.9
01/07/1998,0.0
02/07/1998,22.1
03/07/1998,0.9
04/07/1998,0.0
05/07/1998,4.8
12/07/1998,0.9
13/07/1998,0.0
14/07/1998,29.0
20/07/1998,9.1
21/07/1998,0.0
22/07/1998,25.4
23/07/1998,0.7
24/07/1998,9.9
25/07/1998,0.0
26/07/1998,0.7
27/07/1998,1.3
28/07/1998,2.1
29/07/1998,0.0
30/07/1998,4.1
31/07/1998,2.1
01/08/1998,3.9
02/08/1998,10.7
03/08/1998,0.0
04/08/1998,1.4
05/08/1998,0.0
06/08/1998,0.0
07/08/1998,26.9
08/08/1998,1.4
09/08/1998,2.2
10/08/1998,1.1
11/08/1998,1.9
12/08/1998,19.8
13/08/1998,23.3
14/08/1998,0.0
15/08/1998,0.0
16/08/1998,5.0
17/08/1998,0.7
18/08/1998,6.9
19/08/1998,0.0
20/08/1998,0.6
21/08/1998,14.8
22/08/1998,0.0
23/08/1998,0.0
24/08/1998,1.9
25/08/1998,12.4
26/08/1998,0.6
27/08/1998,50.6
28/08/1998,5.8
29/08/1998,1.9
30/08/1998,12.2
31/08/1998,0.0
01/09/1998,26.5
02/09/1998,26.3
03/09/1998,0.0
04/09/1998,0.0
05/09/1998,3.0
06/09/1998,14.4
07/09/1998,0.6
08/09/1998,0.0
09/09/1998,25.5
10/09/1998,0.0
11/09/1998,8.5
12/09/1998,0.3
13/09/1998,16.1
14/09/1998,1.7
15/09/1998,1.4
16/09/1998,2.8
17/09/1998,1.6
18/09/1998,0.0
19/09/1998,0.0
20/09/1998,0.0
21/09/1998,0.0
22/09/1998,0.0
23/09/1998,0.0
24/09/1998,9.8
25/09/1998,13.9
26/09/1998,12.8
27/09/1998,0.9
28/09/1998,0.0
29/09/1998,33.2
30/09/1998,0.5
01/10/1998,0.0
02/10/1998,0.0
03/10/1998,0.0
04/10/1998,0.0
05/10/1998,21.5
06/10/1998,4.4
07/10/1998,1.4
08/10/1998,3.9
09/10/1998,1.9
10/10/1998,0.7
11/10/1998,2.1
12/10/1998,10.9
13/10/1998,0.6
14/10/1998,23.3
15/10/1998,24.5
16/10/1998,1.2
17/10/1998,0.0
18/10/1998,0.0
19/10/1998,0.0
20/10/1998,4.9
21/10/1998,17.6
22/10/1998,0.6
23/10/1998,2.0
24/10/1998,0.0
25/10/1998,28.5
26/10/1998,28.2
27/10/1998,2.9
28/10/1998,0.4
29/10/1998,17.1
30/10/1998,0.4
31/10/1998,2.9
01/11/1998,30.5
02/11/1998,65.6
03/11/1998,3.1
04/11/1998,4.0
05/11/1998,13.6
06/11/1998,0.0
07/11/1998,1.6
08/11/1998,0.0
09/11/1998,0.0
10/11/1998,1.1
11/11/1998,20.0
12/11/1998,1.5
13/11/1998,0.0
14/11/1998,0.0
15/11/1998,7.6
16/11/1998,8.9
17/11/1998,8.3
18/11/1998,0.6
19/11/1998,28.8
20/11/1998,6.4
21/11/1998,10.5
22/11/1998,56.3
23/11/1998,4.1
24/11/1998,34.3
25/11/1998,19.4
26/11/1998,63.3
27/11/1998,0.0
28/11/1998,7.3
29/11/1998,6.6
30/11/1998,69.0
01/12/1998,12.0
02/12/1998,0.0
03/12/1998,9.7
04/12/1998,27.2
05/12/1998,66.2
06/12/1998,43.1
07/12/1998,102.3
08/12/1998,62.7
09/12/1998,0.0
10/12/1998,2.3
11/12/1998,0.0
12/12/1998,16.6
13/12/1998,2.4
14/12/1998,0.0
15/12/1998,2.3
16/12/1998,6.2
17/12/1998,16.8
18/12/1998,50.3
19/12/1998,0.0
20/12/1998,0.0
21/12/1998,0.0
22/12/1998,60.0
23/12/1998,23.5
24/12/1998,0.6
25/12/1998,42.0
26/12/1998,63.9
27/12/1998,122.1
28/12/1998,160.4
29/12/1998,83.4
30/12/1998,48.7
31/12/1998,131.1
01/01/1999,21.2
02/01/1999,24.9
03/01/1999,21.0
04/01/1999,0.8
05/01/1999,0.0
06/01/1999,0.0
07/01/1999,0.0
08/01/1999,4.5
09/01/1999,6.0
10/01/1999,1.4
11/01/1999,0.6
12/01/1999,3.7
13/01/1999,16.0
14/01/1999,1.9
15/01/1999,0.0
16/01/1999,35.2
17/01/1999,23.5
18/01/1999,15.8
19/01/1999,23.7
20/01/1999,8.0
21/01/1999,10.0
22/01/1999,23.2
23/01/1999,110.2
24/01/1999,24.5
25/01/1999,160.7
26/01/1999,32.1
27/01/1999,1.5
28/01/1999,8.3
29/01/1999,1.0
30/01/1999,5.8
31/01/1999,2.0
01/02/1999,8.4
02/02/1999,2.8
03/02/1999,10.6
04/02/1999,5.1
05/02/1999,7.5
06/02/1999,40.0
07/02/1999,1.1
08/02/1999,6.9
09/02/1999,2.1
10/02/1999,38.7
11/02/1999,123.1
12/02/1999,18.4
13/02/1999,63.2
14/02/1999,95.6
15/02/1999,1.9
16/02/1999,0.0
17/02/1999,2.4
18/02/1999,0.0
19/02/1999,0.0
20/02/1999,0.0
21/02/1999,4.0
22/02/1999,12.9
23/02/1999,0.6
24/02/1999,0.0
25/02/1999,16.0
26/02/1999,1.6
27/02/1999,0.0
28/02/1999,7.0
01/03/1999,89.7
02/03/1999,0.5
03/03/1999,0.0
04/03/1999,70.8
05/03/1999,0.0
06/03/1999,10.2
07/03/1999,20.8
08/03/1999,0.0
09/03/1999,0.0
10/03/1999,0.0
11/03/1999,0.0
12/03/1999,0.0
13/03/1999,0.0
14/03/1999,0.0
15/03/1999,0.0
16/03/1999,0.0
17/03/1999,0.0
18/03/1999,0.0
19/03/1999,0.0
20/03/1999,1.0
21/03/1999,0.0
22/03/1999,0.0
23/03/1999,14.2
24/03/1999,18.4
25/03/1999,10.2
26/03/1999,49.9
27/03/1999,14.1
28/03/1999,12.4
29/03/1999,1.5
30/03/1999,0.0
31/03/1999,0.0
01/04/1999,0.0
02/04/1999,0.0
03/04/1999,13.1
04/04/1999,0.0
05/04/1999,29.1
06/04/1999,42.6
07/04/1999,37.4
08/04/1999,0.0
09/04/1999,0.0
10/04/1999,49.8
11/04/1999,27.2
12/04/1999,0.0
13/04/1999,22.6
14/04/1999,0.0
15/04/1999,11.8
16/04/1999,19.4
17/04/1999,0.6
18/04/1999,0.0
19/04/1999,18.1
20/04/1999,0.0
21/04/1999,15.1
22/04/1999,0.9
23/04/1999,0.0
24/04/1999,0.0
25/04/1999,8.8
26/04/1999,4.9
27/04/1999,0.0
28/04/1999,0.0
29/04/1999,0.0
30/04/1999,0.9
01/05/1999,0.0
02/05/1999,0.0
03/05/1999,17.8
04/05/1999,0.0
05/05/1999,24.1
06/05/1999,0.0
07/05/1999,0.6
08/05/1999,0.0
09/05/1999,0.0
10/05/1999,0.9
11/05/1999,59.0
12/05/1999,0.6
13/05/1999,0.0
14/05/1999,0.0
15/05/1999,12.3
16/05/1999,46.3
17/05/1999,0.9
18/05/1999,122.6
19/05/1999,8.6
20/05/1999,1.2
21/05/1999,152.1
22/05/1999,1.6
23/05/1999,0.0
24/05/1999,0.0
25/05/1999,9.9
26/05/1999,0.0
27/05/1999,18.3
28/05/1999,14.1
07/06/1999,3.6
08/06/1999,0.8
09/06/1999,7.3
10/06/1999,0.0
11/06/1999,55.3
12/06/1999,4.2
13/06/1999,0.5
14/06/1999,0.6
15/06/1999,50.4
16/06/1999,17.2
17/06/1999,0.0
18/06/1999,0.0
19/06/1999,0.0
20/06/1999,20.3
21/06/1999,1.7
22/06/1999,2.4
23/06/1999,0.0
24/06/1999,0.0
25/06/1999,0.0
26/06/1999,0.0
27/06/1999,28.4
28/06/1999,7.7
29/06/1999,9.0
30/06/1999,20.6
01/07/1999,8.9
02/07/1999,13.0
03/07/1999,4.2
04/07/1999,0.0
05/07/1999,38.9
06/07/1999,0.0
07/07/1999,0.0
08/07/1999,0.0
09/07/1999,8.1
10/07/1999,0.0
11/07/1999,0.0
12/07/1999,0.0
13/07/1999,0.0
14/07/1999,0.6
15/07/1999,0.0
16/07/1999,0.0
17/07/1999,0.0
18/07/1999,1.3
19/07/1999,0.0
20/07/1999,0.0
21/07/1999,0.0
22/07/1999,0.0
23/07/1999,0.3
24/07/1999,0.2
25/07/1999,0.0
26/07/1999,0.0
27/07/1999,0.0
28/07/1999,0.0
29/07/1999,5.2
30/07/1999,0.6
31/07/1999,0.0
01/08/1999,0.0
02/08/1999,5.2
03/08/1999,25.1
04/08/1999,10.0
05/08/1999,4.2
06/08/1999,45.4
07/08/1999,1.6
08/08/1999,0.0
09/08/1999,25.5
10/08/1999,4.9
11/08/1999,30.6
12/08/1999,72.5
13/08/1999,1.1
14/08/1999,0.0
15/08/1999,2.8
16/08/1999,18.8
17/08/1999,1.0
18/08/1999,13.2
19/08/1999,5.0
20/08/1999,1.9
21/08/1999,19.0
22/08/1999,42.1
23/08/1999,3.8
24/08/1999,6.5
25/08/1999,35.9
26/08/1999,14.0
27/08/1999,9.2
28/08/1999,1.9
29/08/1999,0.0
30/08/1999,3.4
31/08/1999,1.1
01/09/1999,2.4
02/09/1999,45.0
03/09/1999,2.3
04/09/1999,0.5
05/09/1999,0.0
06/09/1999,6.9
07/09/1999,10.6
08/09/1999,10.5
09/09/1999,6.0
10/09/1999,18.6
11/09/1999,1.8
12/09/1999,0.0
13/09/1999,0.0
14/09/1999,1.0
15/09/1999,9.1
16/09/1999,1.0
17/09/1999,42.1
18/09/1999,15.4
19/09/1999,21.8
20/09/1999,0.0
21/09/1999,26.7
22/09/1999,17.0
23/09/1999,49.5
24/09/1999,0.0
25/09/1999,0.0
26/09/1999,0.6
27/09/1999,17.0
28/09/1999,23.9
29/09/1999,2.8
30/09/1999,0.0
01/10/1999,16.1
02/10/1999,2.8
03/10/1999,0.8
04/10/1999,2.1
05/10/1999,0.8
06/10/1999,0.0
07/10/1999,6.0
08/10/1999,4.9
09/10/1999,11.8
10/10/1999,0.0
11/10/1999,8.2
12/10/1999,6.9
13/10/1999,1.1
14/10/1999,0.0
15/10/1999,0.0
16/10/1999,7.1
17/10/1999,10.7
18/10/1999,36.2
19/10/1999,9.8
20/10/1999,6.2
21/10/1999,0.9
22/10/1999,5.4
23/10/1999,0.7
24/10/1999,66.6
25/10/1999,2.0
26/10/1999,3.9
27/10/1999,13.5
28/10/1999,3.7
29/10/1999,24.0
30/10/1999,1.7
31/10/1999,1.3
01/11/1999,0.7
02/11/1999,0.0
03/11/1999,0.0
04/11/1999,0.0
05/11/1999,0.0
06/11/1999,0.0
07/11/1999,25.5
08/11/1999,1.7
09/11/1999,3.2
10/11/1999,15.0
11/11/1999,6.0
12/11/1999,15.0
13/11/1999,0.0
14/11/1999,19.9
15/11/1999,0.0
16/11/1999,0.0
17/11/1999,26.7
18/11/1999,35.9
19/11/1999,54.3
20/11/1999,94.5
21/11/1999,76.9
22/11/1999,1.1
23/11/1999,0.0
24/11/1999,50.0
25/11/1999,7.1
26/11/1999,19.8
27/11/1999,8.5
28/11/1999,14.9
29/11/1999,16.5
30/11/1999,79.4
01/12/1999,16.6
02/12/1999,3.4
03/12/1999,0.0
04/12/1999,0.0
05/12/1999,64.3
06/12/1999,17.6
07/12/1999,74.4
08/12/1999,48.9
09/12/1999,2.5
10/12/1999,0.6
11/12/1999,3.0
12/12/1999,0.9
13/12/1999,31.1
14/12/1999,52.1
15/12/1999,51.5
16/12/1999,0.0
17/12/1999,0.0
18/12/1999,0.0
19/12/1999,3.6
20/12/1999,37.0
21/12/1999,93.5
22/12/1999,80.9
23/12/1999,40.3
24/12/1999,3.4
25/12/1999,0.0
26/12/1999,0.0
27/12/1999,1.3
28/12/1999,4.1
29/12/1999,88.8
30/12/1999,10.9
31/12/1999,25.3
01/01/2000,47.9
02/01/2000,40.3
03/01/2000,87.6
04/01/2000,31.9
05/01/2000,13.9
06/01/2000,33.8
07/01/2000,3.1
08/01/2000,0.0
09/01/2000,0.0
10/01/2000,11.2
11/01/2000,23.4
12/01/2000,0.0
13/01/2000,3.1
14/01/2000,0.0
15/01/2000,0.0
16/01/2000,15.2
17/01/2000,10.8
18/01/2000,17.1
19/01/2000,4.8
20/01/2000,0.0
21/01/2000,0.0
22/01/2000,0.0
23/01/2000,13.4
24/01/2000,26.5
25/01/2000,101.0
26/01/2000,12.6
27/01/2000,0.0
28/01/2000,45.5
29/01/2000,25.3
30/01/2000,58.9
31/01/2000,40.5
01/02/2000,8.3
02/02/2000,0.0
03/02/2000,0.7
04/02/2000,0.0
05/02/2000,0.0
06/02/2000,0.0
07/02/2000,0.0
08/02/2000,0.0
09/02/2000,1.5
10/02/2000,0.0
11/02/2000,0.0
12/02/2000,0.0
13/02/2000,2.6
14/02/2000,1.7
15/02/2000,6.6
16/02/2000,8.4
17/02/2000,36.5
18/02/2000,29.6
19/02/2000,0.9
20/02/2000,0.0
21/02/2000,2.4
22/02/2000,0.0
23/02/2000,0.0
24/02/2000,6.1
25/02/2000,0.0
26/02/2000,10.2
27/02/2000,16.1
28/02/2000,42.5
29/02/2000,101.0
01/03/2000,44.4
02/03/2000,24.4
03/03/2000,20.4
04/03/2000,0.0
05/03/2000,0.0
06/03/2000,0.0
07/03/2000,22.5
08/03/2000,0.0
09/03/2000,0.0
10/03/2000,0.0
11/03/2000,7.0
12/03/2000,60.8
13/03/2000,0.0
14/03/2000,0.0
15/03/2000,0.0
16/03/2000,0.0
17/03/2000,0.0
18/03/2000,0.0
19/03/2000,0.0
20/03/2000,0.0
21/03/2000,0.0
22/03/2000,0.0
23/03/2000,21.9
24/03/2000,23.8
25/03/2000,24.2
26/03/2000,134.3
27/03/2000,6.3
28/03/2000,19.3
29/03/2000,3.8
30/03/2000,44.8
31/03/2000,4.4
01/04/2000,16.4
02/04/2000,14.8
03/04/2000,51.6
04/04/2000,0.0
05/04/2000,0.0
06/04/2000,0.0
07/04/2000,0.0
08/04/2000,0.0
09/04/2000,0.0
10/04/2000,47.0
11/04/2000,60.9
12/04/2000,6.2
13/04/2000,0.0
14/04/2000,0.0
15/04/2000,0.0
16/04/2000,45.3
17/04/2000,56.1
18/04/2000,0.0
19/04/2000,25.2
20/04/2000,0.3
21/04/2000,0.0
22/04/2000,3.1
23/04/2000,20.2
24/04/2000,10.2
25/04/2000,0.0
26/04/2000,4.1
27/04/2000,0.0
28/04/2000,0.0
29/04/2000,0.0
30/04/2000,3.0
01/05/2000,36.4
02/05/2000,23.1
03/05/2000,0.0
04/05/2000,23.2
05/05/2000,0.0
06/05/2000,0.0
07/05/2000,41.6
08/05/2000,23.3
09/05/2000,0.2
10/05/2000,0.0
11/05/2000,0.0
12/05/2000,0.0
13/05/2000,22.8
14/05/2000,0.0
15/05/2000,1.3
16/05/2000,3.5
17/05/2000,0.0
18/05/2000,0.0
19/05/2000,22.9
20/05/2000,6.7
21/05/2000,1.7
22/05/2000,0.0
23/05/2000,39.0
24/05/2000,0.6
25/05/2000,1.7
26/05/2000,2.1
27/05/2000,0.0
28/05/2000,1.5
29/05/2000,12.5
30/05/2000,59.5
31/05/2000,9.5
01/06/2000,6.5
02/06/2000,14.6
03/06/2000,0.4
04/06/2000,86.9
05/06/2000,0.0
06/06/2000,0.0
07/06/2000,1.9
08/06/2000,3.4
09/06/2000,0.0
10/06/2000,4.3
11/06/2000,32.7
12/06/2000,0.0
13/06/2000,58.9
14/06/2000,0.0
15/06/2000,0.0
16/06/2000,3.8
17/06/2000,0.0
18/06/2000,0.0
19/06/2000,0.0
20/06/2000,0.0
21/06/2000,0.0
22/06/2000,22.8
23/06/2000,6.7
24/06/2000,0.0
25/06/2000,0.0
26/06/2000,0.0
27/06/2000,9.8
28/06/2000,21.9
29/06/2000,0.7
30/06/2000,0.0
01/07/2000,0.0
02/07/2000,0.0
03/07/2000,0.0
04/07/2000,0.0
05/07/2000,4.0
06/07/2000,0.0
07/07/2000,0.0
08/07/2000,0.0
09/07/2000,0.0
10/07/2000,0.0
11/07/2000,0.0
12/07/2000,0.0
13/07/2000,0.0
14/07/2000,0.0
15/07/2000,0.0
16/07/2000,0.0
17/07/2000,0.0
18/07/2000,0.0
19/07/2000,0.0
20/07/2000,0.0
21/07/2000,17.4
22/07/2000,0.0
23/07/2000,0.0
24/07/2000,14.7
25/07/2000,9.4
26/07/2000,1.6
27/07/2000,0.7
28/07/2000,5.2
29/07/2000,2.7
30/07/2000,0.0
31/07/2000,4.5
01/08/2000,4.2
02/08/2000,2.0
03/08/2000,1.7
04/08/2000,0.0
05/08/2000,12.4
06/08/2000,11.7
07/08/2000,0.0
08/08/2000,0.0
09/08/2000,0.0
10/08/2000,2.3
11/08/2000,1.8
12/08/2000,2.0
13/08/2000,33.7
14/08/2000,0.9
15/08/2000,30.0
16/08/2000,0.0
17/08/2000,0.0
18/08/2000,0.0
19/08/2000,8.4
20/08/2000,3.7
21/08/2000,3.2
22/08/2000,0.0
23/08/2000,0.0
24/08/2000,0.0
25/08/2000,6.6
26/08/2000,1.2
27/08/2000,26.0
28/08/2000,1.6
29/08/2000,0.0
30/08/2000,0.0
31/08/2000,3.8
01/09/2000,0.8
02/09/2000,0.0
03/09/2000,9.3
04/09/2000,2.2
05/09/2000,0.0
06/09/2000,0.0
07/09/2000,35.6
08/09/2000,15.5
09/09/2000,2.2
10/09/2000,1.4
11/09/2000,0.0
12/09/2000,0.0
13/09/2000,0.0
14/09/2000,8.6
15/09/2000,7.9
16/09/2000,29.4
17/09/2000,0.0
18/09/2000,0.5
19/09/2000,0.0
20/09/2000,1.4
21/09/2000,0.0
22/09/2000,0.9
23/09/2000,6.5
24/09/2000,0.0
25/09/2000,0.0
26/09/2000,3.0
27/09/2000,0.0
28/09/2000,8.7
29/09/2000,0.0
30/09/2000,0.0
01/10/2000,4.3
02/10/2000,3.8
03/10/2000,21.1
04/10/2000,57.4
05/10/2000,6.2
06/10/2000,0.6
07/10/2000,1.2
08/10/2000,0.0
09/10/2000,0.0
10/10/2000,0.0
11/10/2000,0.0
12/10/2000,3.4
13/10/2000,1.7
14/10/2000,0.0
15/10/2000,2.1
16/10/2000,15.0
17/10/2000,15.1
18/10/2000,0.7
19/10/2000,2.6
20/10/2000,25.4
21/10/2000,8.0
22/10/2000,3.7
23/10/2000,0.0
24/10/2000,0.0
25/10/2000,3.0
26/10/2000,0.0
27/10/2000,12.0
28/10/2000,24.5
29/10/2000,1.8
30/10/2000,30.4
31/10/2000,0.0
01/11/2000,0.0
02/11/2000,1.5
03/11/2000,31.3
04/11/2000,44.6
05/11/2000,32.6
06/11/2000,0.0
07/11/2000,51.5
08/11/2000,4.3
09/11/2000,18.0
10/11/2000,0.0
11/11/2000,12.5
12/11/2000,0.0
13/11/2000,0.4
14/11/2000,32.8
15/11/2000,149.1
16/11/2000,14.3
17/11/2000,6.4
18/11/2000,15.9
19/11/2000,22.4
20/11/2000,8.9
21/11/2000,110.8
22/11/2000,344.5
23/11/2000,4.1
24/11/2000,0.0
25/11/2000,0.0
26/11/2000,42.1
27/11/2000,7.3
28/11/2000,11.4
29/11/2000,1.9
30/11/2000,5.4
01/12/2000,21.6
02/12/2000,1.3
03/12/2000,0.0
04/12/2000,0.0
05/12/2000,0.0
06/12/2000,0.0
07/12/2000,0.0
08/12/2000,0.0
09/12/2000,0.0
10/12/2000,0.0
11/12/2000,7.3
12/12/2000,0.0
13/12/2000,5.0
14/12/2000,26.7
15/12/2000,3.2
16/12/2000,129.7
17/12/2000,109.6
18/12/2000,69.0
19/12/2000,16.3
20/12/2000,32.5
21/12/2000,98.4
22/12/2000,28.7
23/12/2000,1.1
24/12/2000,0.2
25/12/2000,1.6
26/12/2000,0.0
27/12/2000,0.6
28/12/2000,0.5
29/12/2000,15.1
30/12/2000,29.5
31/12/2000,101.1
01/01/2001,22.1
02/01/2001,0.0
03/01/2001,0.0
04/01/2001,0.5
05/01/2001,0.0
06/01/2001,1.3
07/01/2001,42.0
08/01/2001,0.0
09/01/2001,0.0
10/01/2001,0.0
11/01/2001,0.0
12/01/2001,0.0
13/01/2001,47.4
14/01/2001,17.9
15/01/2001,34.5
16/01/2001,30.0
17/01/2001,142.9
18/01/2001,293.5
19/01/2001,65.0
20/01/2001,18.6
21/01/2001,48.9
22/01/2001,58.7
23/01/2001,0.0
24/01/2001,1.1
25/01/2001,2.6
26/01/2001,0.6
27/01/2001,0.0
28/01/2001,0.0
29/01/2001,3.6
30/01/2001,14.9
31/01/2001,1.5
01/02/2001,0.0
02/02/2001,0.0
03/02/2001,0.0
04/02/2001,0.0
05/02/2001,4.9
06/02/2001,8.1
07/02/2001,0.0
08/02/2001,4.2
09/02/2001,22.4
10/02/2001,0.0
11/02/2001,24.0
12/02/2001,0.0
13/02/2001,14.4
14/02/2001,47.5
15/02/2001,21.8
16/02/2001,2.1
17/02/2001,0.0
18/02/2001,0.0
19/02/2001,0.0
20/02/2001,0.6
21/02/2001,0.0
22/02/2001,0.0
23/02/2001,0.0
24/02/2001,0.0
25/02/2001,0.0
26/02/2001,0.0
27/02/2001,0.0
28/02/2001,0.0
01/03/2001,0.0
02/03/2001,0.3
03/03/2001,0.0
04/03/2001,12.2
05/03/2001,61.9
06/03/2001,59.1
07/03/2001,0.0
08/03/2001,11.2
09/03/2001,68.5
10/03/2001,21.4
11/03/2001,13.9
12/03/2001,6.6
13/03/2001,14.0
14/03/2001,37.1
15/03/2001,0.9
16/03/2001,21.4
17/03/2001,10.4
18/03/2001,0.0
19/03/2001,0.0
20/03/2001,0.0
21/03/2001,31.2
26/03/2001,4.3
27/03/2001,22.6
28/03/2001,1.3
29/03/2001,26.8
30/03/2001,1.5
31/03/2001,0.0
01/04/2001,0.0
02/04/2001,0.0
03/04/2001,9.0
04/04/2001,10.6
05/04/2001,0.3
06/04/2001,2.5
07/04/2001,0.0
08/04/2001,0.0
09/04/2001,0.0
10/04/2001,0.0
11/04/2001,0.0
12/04/2001,0.0
13/04/2001,5.7
14/04/2001,0.0
15/04/2001,0.0
16/04/2001,0.0
17/04/2001,0.0
18/04/2001,0.0
19/04/2001,0.0
20/04/2001,0.0
21/04/2001,0.0
22/04/2001,0.0
23/04/2001,1.0
24/04/2001,0.0
25/04/2001,0.0
26/04/2001,1.0
27/04/2001,0.0
28/04/2001,2.6
29/04/2001,12.9
30/04/2001,0.2
01/05/2001,24.6
02/05/2001,1.2
03/05/2001,6.2
04/05/2001,8.4
05/05/2001,0.0
06/05/2001,13.7
07/05/2001,45.4
08/05/2001,0.0
09/05/2001,0.0
10/05/2001,0.0
11/05/2001,0.0
12/05/2001,0.0
13/05/2001,0.0
14/05/2001,0.0
15/05/2001,0.0
16/05/2001,2.0
17/05/2001,0.0
18/05/2001,0.0
19/05/2001,0.0
20/05/2001,6.2
21/05/2001,0.0
22/05/2001,4.8
23/05/2001,3.3
24/05/2001,21.7
25/05/2001,2.3
26/05/2001,0.0
27/05/2001,2.7
28/05/2001,17.4
29/05/2001,0.0
30/05/2001,4.8
31/05/2001,0.0
01/06/2001,0.0
02/06/2001,0.0
03/06/2001,5.6
04/06/2001,39.9
05/06/2001,5.9
06/06/2001,13.9
07/06/2001,10.1
08/06/2001,0.0
09/06/2001,0.0
10/06/2001,12.9
11/06/2001,0.0
12/06/2001,0.0
13/06/2001,0.0
14/06/2001,6.6
15/06/2001,0.0
16/06/2001,0.0
17/06/2001,0.0
18/06/2001,0.0
19/06/2001,6.5
20/06/2001,1.2
21/06/2001,0.0
22/06/2001,0.0
23/06/2001,0.0
24/06/2001,0.0
25/06/2001,0.0
26/06/2001,0.0
27/06/2001,5.7
28/06/2001,8.3
29/06/2001,0.4
30/06/2001,0.0
01/07/2001,0.0
02/07/2001,0.0
03/07/2001,0.0
04/07/2001,0.0
05/07/2001,0.0
06/07/2001,0.0
07/07/2001,0.0
08/07/2001,0.0
09/07/2001,0.0
10/07/2001,0.0
11/07/2001,7.6
12/07/2001,13.6
13/07/2001,0.7
14/07/2001,14.4
15/07/2001,5.5
16/07/2001,10.1
17/07/2001,0.0
18/07/2001,0.0
19/07/2001,0.0
20/07/2001,56.7
21/07/2001,1.3
22/07/2001,0.0
23/07/2001,18.6
24/07/2001,4.6
25/07/2001,4.0
26/07/2001,29.9
27/07/2001,0.9
28/07/2001,1.2
29/07/2001,19.5
30/07/2001,10.5
31/07/2001,26.5
01/08/2001,5.2
02/08/2001,28.2
03/08/2001,0.5
04/08/2001,9.5
05/08/2001,17.6
06/08/2001,0.0
07/08/2001,16.5
08/08/2001,4.1
09/08/2001,5.4
10/08/2001,45.7
11/08/2001,0.0
12/08/2001,0.0
13/08/2001,14.3
14/08/2001,0.2
15/08/2001,0.0
16/08/2001,0.0
17/08/2001,0.0
18/08/2001,0.0
19/08/2001,0.0
20/08/2001,33.9
21/08/2001,12.5
22/08/2001,0.0
23/08/2001,0.0
24/08/2001,2.1
25/08/2001,0.0
26/08/2001,0.0
27/08/2001,18.2
28/08/2001,0.0
29/08/2001,0.0
30/08/2001,0.0
31/08/2001,0.0
01/09/2001,32.8
02/09/2001,6.0
03/09/2001,3.9
04/09/2001,1.1
05/09/2001,0.2
06/09/2001,0.0
07/09/2001,0.0
08/09/2001,0.5
09/09/2001,0.0
10/09/2001,2.9
11/09/2001,0.0
12/09/2001,75.3
13/09/2001,0.0
14/09/2001,0.0
15/09/2001,0.0
16/09/2001,0.0
17/09/2001,4.4
18/09/2001,9.8
19/09/2001,22.6
20/09/2001,9.4
21/09/2001,0.0
22/09/2001,8.2
23/09/2001,11.6
24/09/2001,32.0
25/09/2001,0.7
26/09/2001,7.4
27/09/2001,7.1
28/09/2001,19.5
29/09/2001,9.3
30/09/2001,0.0
01/10/2001,27.7
02/10/2001,73.3
03/10/2001,9.1
04/10/2001,3.0
05/10/2001,2.0
06/10/2001,12.5
07/10/2001,8.6
08/10/2001,6.3
09/10/2001,0.0
10/10/2001,0.0
11/10/2001,5.9
12/10/2001,0.0
13/10/2001,0.0
14/10/2001,0.0
15/10/2001,1.2
16/10/2001,10.6
17/10/2001,0.6
18/10/2001,12.8
19/10/2001,10.8
20/10/2001,86.1
21/10/2001,57.8
22/10/2001,5.6
23/10/2001,25.3
24/10/2001,17.6
25/10/2001,0.9
26/10/2001,1.8
27/10/2001,0.6
28/10/2001,1.9
29/10/2001,6.3
30/10/2001,21.6
31/10/2001,2.2
01/11/2001,59.6
02/11/2001,2.1
03/11/2001,11.0
04/11/2001,15.8
05/11/2001,3.4
06/11/2001,8.3
07/11/2001,0.0
08/11/2001,60.6
09/11/2001,9.2
10/11/2001,18.0
11/11/2001,0.5
12/11/2001,17.0
13/11/2001,2.8
14/11/2001,11.6
15/11/2001,37.1
16/11/2001,11.8
17/11/2001,78.2
18/11/2001,69.5
19/11/2001,22.5
20/11/2001,8.2
21/11/2001,0.4
22/11/2001,0.0
23/11/2001,0.4
24/11/2001,58.2
25/11/2001,7.0
26/11/2001,10.8
27/11/2001,1.4
28/11/2001,0.5
29/11/2001,0.0
30/11/2001,14.2
01/12/2001,11.5
02/12/2001,6.5
03/12/2001,0.0
04/12/2001,0.0
05/12/2001,0.0
06/12/2001,2.3
07/12/2001,0.3
08/12/2001,0.0
09/12/2001,0.0
10/12/2001,0.0
11/12/2001,0.0
12/12/2001,0.0
13/12/2001,0.0
14/12/2001,295.5
15/12/2001,203.0
16/12/2001,85.4
17/12/2001,46.2
18/12/2001,108.9
19/12/2001,17.8
20/12/2001,35.1
21/12/2001,142.3
22/12/2001,142.5
23/12/2001,138.6
24/12/2001,15.3
25/12/2001,14.0
26/12/2001,20.9
27/12/2001,48.3
28/12/2001,179.2
29/12/2001,116.9
30/12/2001,7.5
31/12/2001,0.0
01/01/2002,0.0
02/01/2002,0.0
03/01/2002,5.2
04/01/2002,1.8
05/01/2002,42.0
06/01/2002,31.6
07/01/2002,10.3
08/01/2002,10.6
09/01/2002,17.2
10/01/2002,9.0
11/01/2002,12.5
12/01/2002,37.2
13/01/2002,0.7
14/01/2002,0.3
15/01/2002,0.0
16/01/2002,0.0
17/01/2002,0.0
18/01/2002,0.0
19/01/2002,7.1
20/01/2002,27.5
21/01/2002,25.5
22/01/2002,12.9
23/01/2002,7.5
24/01/2002,22.3
25/01/2002,25.4
26/01/2002,3.2
27/01/2002,0.8
28/01/2002,0.0
29/01/2002,2.6
30/01/2002,7.9
31/01/2002,3.7
01/02/2002,0.4
02/02/2002,57.3
03/02/2002,8.3
04/02/2002,0.0
05/02/2002,0.0
06/02/2002,0.0
07/02/2002,0.0
08/02/2002,0.0
09/02/2002,0.0
10/02/2002,0.0
11/02/2002,1.8
12/02/2002,0.7
13/02/2002,1.5
14/02/2002,0.0
15/02/2002,0.0
16/02/2002,0.0
17/02/2002,0.0
18/02/2002,0.0
19/02/2002,6.4
20/02/2002,35.5
21/02/2002,20.2
22/02/2002,15.8
23/02/2002,0.0
24/02/2002,0.0
25/02/2002,0.0
26/02/2002,1.4
27/02/2002,2.1
28/02/2002,0.5
01/03/2002,0.0
02/03/2002,0.0
03/03/2002,0.0
04/03/2002,0.0
05/03/2002,0.0
06/03/2002,0.0
07/03/2002,0.0
08/03/2002,0.0
09/03/2002,0.5
10/03/2002,15.1
11/03/2002,0.0
12/03/2002,0.0
13/03/2002,0.0
14/03/2002,0.0
15/03/2002,0.0
16/03/2002,0.0
17/03/2002,0.0
18/03/2002,0.0
19/03/2002,26.4
20/03/2002,219.6
21/03/2002,0.6
22/03/2002,0.0
23/03/2002,0.0
24/03/2002,0.0
25/03/2002,0.0
26/03/2002,0.0
27/03/2002,0.0
28/03/2002,0.0
29/03/2002,0.0
30/03/2002,0.0
31/03/2002,0.0
01/04/2002,0.0
02/04/2002,0.0
03/04/2002,0.0
04/04/2002,0.0
05/04/2002,0.0
06/04/2002,0.0
07/04/2002,0.0
08/04/2002,0.0
09/04/2002,0.0
10/04/2002,0.0
11/04/2002,0.0
12/04/2002,11.9
13/04/2002,39.4
14/04/2002,3.6
15/04/2002,0.0
16/04/2002,0.0
17/04/2002,0.0
18/04/2002,0.0
19/04/2002,0.0
20/04/2002,0.0
21/04/2002,3.2
22/04/2002,0.0
23/04/2002,0.0
24/04/2002,0.0
25/04/2002,44.5
26/04/2002,0.0
27/04/2002,21.5
28/04/2002,2.1
29/04/2002,21.5
30/04/2002,0.0
01/05/2002,2.0
02/05/2002,0.0
03/05/2002,0.5
04/05/2002,3.6
05/05/2002,0.0
06/05/2002,14.1
07/05/2002,57.9
08/05/2002,5.1
09/05/2002,0.3
10/05/2002,0.0
11/05/2002,2.3
12/05/2002,0.0
13/05/2002,0.0
14/05/2002,0.0
15/05/2002,0.0
16/05/2002,0.0
17/05/2002,0.0
18/05/2002,0.0
19/05/2002,0.0
20/05/2002,2.0
21/05/2002,1.5
22/05/2002,7.5
23/05/2002,0.0
24/05/2002,0.0
25/05/2002,0.0
26/05/2002,0.6
27/05/2002,5.1
28/05/2002,0.5
29/05/2002,1.9
30/05/2002,0.0
31/05/2002,2.7
01/06/2002,0.4
02/06/2002,0.0
03/06/2002,0.0
04/06/2002,0.0
05/06/2002,0.0
06/06/2002,0.0
07/06/2002,0.0
08/06/2002,12.7
09/06/2002,0.0
10/06/2002,0.0
11/06/2002,9.4
12/06/2002,28.0
13/06/2002,10.7
14/06/2002,7.9
15/06/2002,0.0
16/06/2002,16.1
17/06/2002,0.0
18/06/2002,0.0
19/06/2002,0.0
20/06/2002,0.0
21/06/2002,0.0
22/06/2002,0.0
23/06/2002,0.0
24/06/2002,0.0
25/06/2002,0.0
26/06/2002,0.0
27/06/2002,0.0
28/06/2002,4.4
29/06/2002,0.0
30/06/2002,35.6
01/07/2002,0.5
02/07/2002,26.0
03/07/2002,11.8
04/07/2002,0.0
05/07/2002,0.0
06/07/2002,0.0
07/07/2002,0.0
08/07/2002,0.0
09/07/2002,0.6
10/07/2002,2.2
11/07/2002,0.0
12/07/2002,0.0
13/07/2002,3.6
14/07/2002,0.0
15/07/2002,0.0
16/07/2002,0.0
17/07/2002,1.5
18/07/2002,2.3
19/07/2002,3.1
20/07/2002,3.8
21/07/2002,60.7
22/07/2002,3.6
23/07/2002,28.2
24/07/2002,0.6
25/07/2002,0.4
26/07/2002,10.6
27/07/2002,0.7
28/07/2002,4.2
29/07/2002,0.0
30/07/2002,0.0
31/07/2002,49.4
01/08/2002,0.0
02/08/2002,4.5
03/08/2002,2.1
04/08/2002,0.9
05/08/2002,0.0
06/08/2002,6.6
07/08/2002,4.0
08/08/2002,1.1
09/08/2002,14.3
10/08/2002,77.9
11/08/2002,5.9
12/08/2002,0.1
13/08/2002,0.2
14/08/2002,2.0
15/08/2002,0.0
16/08/2002,0.0
17/08/2002,0.0
18/08/2002,0.0
19/08/2002,0.3
20/08/2002,0.6
21/08/2002,0.0
22/08/2002,0.5
23/08/2002,0.0
24/08/2002,0.0
25/08/2002,0.0
26/08/2002,23.9
27/08/2002,1.7
28/08/2002,0.0
29/08/2002,4.5
30/08/2002,62.8
31/08/2002,1.2
01/09/2002,0.0
02/09/2002,3.8
03/10/2002,18.2
04/10/2002,25.9
05/10/2002,0.0
06/10/2002,13.3
07/10/2002,1.3
08/10/2002,17.6
09/10/2002,29.9
10/10/2002,6.8
11/10/2002,42.7
12/10/2002,36.7
13/10/2002,4.3
14/10/2002,0.0
15/10/2002,0.0
16/10/2002,27.1
17/10/2002,0.5
18/10/2002,2.5
19/10/2002,0.0
20/10/2002,5.7
21/10/2002,0.0
22/10/2002,0.0
23/10/2002,9.5
24/10/2002,0.0
25/10/2002,21.5
26/10/2002,30.5
27/10/2002,0.0
28/10/2002,0.0
29/10/2002,0.0
30/10/2002,1.0
31/10/2002,0.0
01/11/2002,0.0
02/11/2002,16.0
03/11/2002,25.0
04/11/2002,0.0
05/11/2002,26.5
06/11/2002,0.0
07/11/2002,0.0
08/11/2002,42.5
09/11/2002,57.0
10/11/2002,18.0
11/11/2002,37.5
12/11/2002,0.0
13/11/2002,1.5
14/11/2002,13.0
15/11/2002,0.0
16/11/2002,0.0
17/11/2002,0.0
18/11/2002,79.5
19/11/2002,67.0
20/11/2002,23.0
21/11/2002,0.0
22/11/2002,4.0
23/11/2002,67.5
24/11/2002,0.0
25/11/2002,0.0
26/11/2002,0.0
27/11/2002,0.0
28/11/2002,0.0
29/11/2002,0.0
30/11/2002,0.0
01/12/2002,0.0
02/12/2002,0.0
03/12/2002,0.0
04/12/2002,2.5
05/12/2002,34.5
06/12/2002,0.0
07/12/2002,0.0
08/12/2002,10.5
09/12/2002,32.5
10/12/2002,81.0
11/12/2002,51.0
12/12/2002,26.0
13/12/2002,87.5
14/12/2002,46.0
15/12/2002,21.5
16/12/2002,33.0
17/12/2002,37.5
18/12/2002,0.0
19/12/2002,53.0
20/12/2002,0.0
21/12/2002,46.5
22/12/2002,0.0
23/12/2002,0.0
24/12/2002,59.0
25/12/2002,37.0
26/12/2002,21.5
27/12/2002,9.0
28/12/2002,19.0
29/12/2002,29.0
30/12/2002,0.0
31/12/2002,18.0
01/01/2003,17.5
02/01/2003,79.0
03/01/2003,0.0
04/01/2003,20.5
05/01/2003,0.0
06/01/2003,0.0
07/01/2003,0.0
08/01/2003,0.0
09/01/2003,0.0
10/01/2003,0.0
11/01/2003,0.0
12/01/2003,0.0
13/01/2003,0.0
14/01/2003,0.0
15/01/2003,0.0
16/01/2003,0.0
17/01/2003,0.0
18/01/2003,0.0
19/01/2003,0.0
20/01/2003,0.0
21/01/2003,0.0
22/01/2003,0.0
23/01/2003,0.0
24/01/2003,0.0
25/01/2003,0.0
26/01/2003,0.0
27/01/2003,0.0
28/01/2003,7.0
29/01/2003,7.0
30/01/2003,33.0
31/01/2003,69.5
01/02/2003,3.5
02/02/2003,6.5
03/02/2003,0.5
04/02/2003,2.0
05/02/2003,0.0
06/02/2003,3.0
07/02/2003,4.0
08/02/2003,7.0
09/02/2003,5.0
10/02/2003,17.0
11/02/2003,22.5
12/02/2003,32.0
13/02/2003,3.0
14/02/2003,6.5
15/02/2003,127.5
16/02/2003,0.0
17/02/2003,1.5
18/02/2003,0.0
19/02/2003,0.0
20/02/2003,0.0
21/02/2003,0.0
22/02/2003,0.0
23/02/2003,0.0
24/02/2003,0.0
25/02/2003,0.0
26/02/2003,0.5
27/02/2003,0.0
28/02/2003,0.0
01/03/2003,0.0
02/03/2003,0.0
03/03/2003,0.0
04/03/2003,85.5
05/03/2003,0.0
06/03/2003,0.0
07/03/2003,0.0
08/03/2003,0.0
09/03/2003,9.0
10/03/2003,56.5
11/03/2003,2.0
12/03/2003,53.0
13/03/2003,12.5
14/03/2003,0.5
15/03/2003,1.0
16/03/2003,0.0
17/03/2003,0.0
18/03/2003,0.0
19/03/2003,0.0
20/03/2003,0.0
21/03/2003,0.0
22/03/2003,1.0
23/03/2003,10.5
24/03/2003,1.5
25/03/2003,45.5
26/03/2003,23.5
27/03/2003,23.5
28/03/2003,0.0
29/03/2003,19.0
30/03/2003,33.0
31/03/2003,13.5
01/04/2003,19.0
02/04/2003,2.0
03/04/2003,59.5
04/04/2003,6.5
05/04/2003,0.0
06/04/2003,0.0
07/04/2003,0.0
08/04/2003,0.0
09/04/2003,0.0
10/04/2003,2.5
11/04/2003,4.0
12/04/2003,3.5
13/04/2003,0.0
14/04/2003,0.0
15/04/2003,0.0
16/04/2003,30.5
17/04/2003,2.0
18/04/2003,45.0
19/04/2003,0.0
20/04/2003,0.0
21/04/2003,5.5
22/04/2003,2.5
23/04/2003,0.0
24/04/2003,0.0
25/04/2003,0.0
26/04/2003,0.0
27/04/2003,22.0
28/04/2003,0.0
29/04/2003,13.0
30/04/2003,2.5
01/05/2003,0.0
02/05/2003,56.0
03/05/2003,7.5
04/05/2003,2.5
05/05/2003,9.0
06/05/2003,1.0
07/05/2003,3.5
08/05/2003,0.0
09/05/2003,0.0
10/05/2003,0.5
11/05/2003,0.0
12/05/2003,0.5
13/05/2003,0.0
14/05/2003,4.5
15/05/2003,0.0
16/05/2003,0.0
17/05/2003,0.0
18/05/2003,30.0
19/05/2003,5.0
20/05/2003,0.0
21/05/2003,0.0
22/05/2003,0.0
23/05/2003,0.0
24/05/2003,0.0
25/05/2003,0.0
26/05/2003,0.0
27/05/2003,0.0
28/05/2003,0.0
29/05/2003,0.0
30/05/2003,0.0
31/05/2003,0.0
01/06/2003,12.0
02/06/2003,0.0
03/06/2003,7.0
04/06/2003,5.0
05/06/2003,10.5
06/06/2003,0.0
07/06/2003,9.0
08/06/2003,0.5
09/06/2003,27.0
10/06/2003,5.0
11/06/2003,12.5
12/06/2003,21.0
13/06/2003,0.0
14/06/2003,0.0
15/06/2003,3.5
16/06/2003,1.5
17/06/2003,7.0
18/06/2003,3.0
19/06/2003,2.0
20/06/2003,0.0
21/06/2003,3.5
22/06/2003,0.0
23/06/2003,4.0
24/06/2003,4.0
25/06/2003,0.0
26/06/2003,5.0
27/06/2003,0.5
28/06/2003,0.0
29/06/2003,5.0
30/06/2003,0.0
01/07/2003,0.0
02/07/2003,1.5
03/07/2003,0.0
04/07/2003,8.5
05/07/2003,0.0
06/07/2003,1.5
07/07/2003,17.5
08/07/2003,0.0
09/07/2003,0.0
10/07/2003,0.5
11/07/2003,1.0
12/07/2003,0.0
13/07/2003,0.0
14/07/2003,0.0
15/07/2003,0.0
16/07/2003,0.0
17/07/2003,0.0
18/07/2003,0.0
29/07/2003,22.5
30/07/2003,0.0
31/07/2003,0.0
01/08/2003,0.0
02/08/2003,0.0
03/08/2003,0.0
04/08/2003,0.0
05/08/2003,0.0
06/08/2003,0.0
07/08/2003,0.0
08/08/2003,6.0
09/08/2003,0.0
10/08/2003,22.0
11/08/2003,14.0
12/08/2003,0.5
13/08/2003,19.0
14/08/2003,0.0
15/08/2003,0.5
16/08/2003,37.0
17/08/2003,0.5
18/08/2003,0.0
19/08/2003,0.0
20/08/2003,0.0
21/08/2003,0.0
22/08/2003,0.0
23/08/2003,42.5
24/08/2003,20.0
25/08/2003,8.5
26/08/2003,33.0
27/08/2003,0.0
28/08/2003,0.0
29/08/2003,0.0
30/08/2003,1.0
31/08/2003,0.0
01/09/2003,0.0
02/09/2003,0.0
03/09/2003,0.0
04/09/2003,0.0
05/09/2003,0.0
06/09/2003,0.0
07/09/2003,0.0
08/09/2003,0.0
09/09/2003,0.0
10/09/2003,0.0
11/09/2003,0.0
12/09/2003,0.0
13/09/2003,0.0
14/09/2003,0.0
15/09/2003,0.5
16/09/2003,0.0
17/09/2003,0.5
18/09/2003,0.0
19/09/2003,2.0
20/09/2003,0.0
21/09/2003,38.0
22/09/2003,8.0
23/09/2003,0.0
24/09/2003,0.0
25/09/2003,0.0
26/09/2003,4.5
27/09/2003,0.0
28/09/2003,0.0
29/09/2003,1.5
30/09/2003,0.0
01/10/2003,0.0
02/10/2003,0.0
03/10/2003,0.5
04/10/2003,11.5
05/10/2003,0.0
06/10/2003,1.0
07/10/2003,0.0
08/10/2003,26.5
09/10/2003,4.0
10/10/2003,28.0
11/10/2003,0.5
12/10/2003,0.0
13/10/2003,0.0
14/10/2003,0.0
15/10/2003,0.0
16/10/2003,0.0
17/10/2003,0.0
18/10/2003,0.5
19/10/2003,0.0
20/10/2003,0.0
21/10/2003,0.0
22/10/2003,0.0
23/10/2003,0.0
24/10/2003,0.0
25/10/2003,0.5
26/10/2003,1.0
27/10/2003,0.5
28/10/2003,0.5
29/10/2003,20.0
30/10/2003,10.0
31/10/2003,0.0
01/11/2003,5.0
02/11/2003,15.5
03/11/2003,8.5
04/11/2003,0.0
05/11/2003,8.0
06/11/2003,0.0
07/11/2003,0.0
08/11/2003,7.0
09/11/2003,14.5
10/11/2003,6.5
11/11/2003,41.0
12/11/2003,25.0
13/11/2003,10.5
14/11/2003,2.5
15/11/2003,8.0
16/11/2003,5.0
17/11/2003,0.0
18/11/2003,0.0
19/11/2003,0.0
20/11/2003,0.0
21/11/2003,0.0
22/11/2003,0.0
23/11/2003,1.0
24/11/2003,0.0
25/11/2003,0.0
26/11/2003,0.0
27/11/2003,0.0
28/11/2003,0.0
29/11/2003,0.0
30/11/2003,0.0
01/12/2003,0.0
02/12/2003,0.0
03/12/2003,0.0
04/12/2003,0.0
05/12/2003,0.0
06/12/2003,0.0
07/12/2003,0.0
08/12/2003,0.0
09/12/2003,0.0
10/12/2003,0.0
11/12/2003,0.0
12/12/2003,0.0
13/12/2003,0.0
14/12/2003,0.0
15/12/2003,0.0
16/12/2003,0.0
17/12/2003,0.0
18/12/2003,0.0
19/12/2003,0.0
20/12/2003,0.0
21/12/2003,0.0
22/12/2003,0.0
23/12/2003,0.0
24/12/2003,2.5
25/12/2003,1.0
26/12/2003,15.0
27/12/2003,25.5
28/12/2003,2.5
29/12/2003,33.5
30/12/2003,28.0
31/12/2003,9.0
01/01/2004,0.5
02/01/2004,0.0
03/01/2004,1.5
04/01/2004,14.5
05/01/2004,3.0
06/01/2004,4.5
07/01/2004,0.0
08/01/2004,64.0
09/01/2004,36.0
10/01/2004,15.5
11/01/2004,8.0
12/01/2004,14.0
13/01/2004,10.0
14/01/2004,1.5
15/01/2004,0.5
16/01/2004,6.0
17/01/2004,3.0
18/01/2004,0.5
19/01/2004,0.0
20/01/2004,0.0
21/01/2004,0.0
22/01/2004,0.0
23/01/2004,0.0
24/01/2004,0.0
25/01/2004,2.5
26/01/2004,3.5
27/01/2004,19.0
28/01/2004,44.0
29/01/2004,24.0
30/01/2004,5.0
31/01/2004,1.5
01/02/2004,11.0
02/02/2004,22.5
03/02/2004,0.5
04/02/2004,0.0
05/02/2004,0.0
06/02/2004,6.0
07/02/2004,0.0
08/02/2004,0.0
09/02/2004,6.0
10/02/2004,0.0
11/02/2004,0.5
12/02/2004,0.0
13/02/2004,0.0
14/02/2004,1.5
15/02/2004,5.5
16/02/2004,0.0
17/02/2004,0.0
18/02/2004,0.0
19/02/2004,0.0
20/02/2004,0.0
21/02/2004,0.0
22/02/2004,0.0
23/02/2004,0.0
24/02/2004,0.0
25/02/2004,0.0
26/02/2004,0.0
27/02/2004,0.0
28/02/2004,0.0
29/02/2004,0.0
01/03/2004,0.0
02/03/2004,0.0
03/03/2004,0.0
04/03/2004,0.0
05/03/2004,0.0
06/03/2004,0.0
07/03/2004,0.0
08/03/2004,8.2
09/03/2004,42.3
10/03/2004,15.0
11/03/2004,23.3
12/03/2004,11.7
13/03/2004,0.9
14/03/2004,1.9
15/03/2004,1.6
16/03/2004,22.6
17/03/2004,0.0
18/03/2004,0.0
19/03/2004,0.0
20/03/2004,0.0
21/03/2004,0.0
22/03/2004,0.0
23/03/2004,0.0
24/03/2004,3.5
25/03/2004,0.0
26/03/2004,0.0
27/03/2004,0.0
28/03/2004,0.0
29/03/2004,0.0
30/03/2004,0.0
31/03/2004,0.0
01/04/2004,0.0
02/04/2004,5.0
03/04/2004,0.0
04/04/2004,0.0
05/04/2004,0.0
06/04/2004,0.0
07/04/2004,0.0
08/04/2004,0.0
09/04/2004,0.0
10/04/2004,0.0
11/04/2004,0.0
12/04/2004,0.0
13/04/2004,0.0
14/04/2004,6.0
15/04/2004,0.0
16/04/2004,0.0
17/04/2004,0.0
18/04/2004,0.0
19/04/2004,0.0
20/04/2004,0.0
21/04/2004,0.0
22/04/2004,0.0
23/04/2004,1.5
24/04/2004,5.5
25/04/2004,0.0
26/04/2004,0.0
27/04/2004,0.0
28/04/2004,1.0
29/04/2004,23.0
30/04/2004,13.5
01/05/2004,1.5
02/05/2004,0.0
03/05/2004,0.0
04/05/2004,1.0
05/05/2004,0.5
06/05/2004,0.0
07/05/2004,3.0
08/05/2004,0.0
09/05/2004,0.0
10/05/2004,0.0
11/05/2004,0.0
12/05/2004,0.0
13/05/2004,0.0
14/05/2004,0.0
15/05/2004,0.0
16/05/2004,9.0
17/05/2004,0.5
18/05/2004,0.0
19/05/2004,0.0
20/05/2004,0.0
21/05/2004,6.5
22/05/2004,0.0
23/05/2004,0.0
24/05/2004,4.0
25/05/2004,36.5
26/05/2004,19.0
27/05/2004,18.0
28/05/2004,0.0
29/05/2004,6.5
30/05/2004,0.0
31/05/2004,0.0
01/06/2004,0.0
02/06/2004,0.5
03/06/2004,0.0
04/06/2004,0.0
05/06/2004,13.5
06/06/2004,3.0
07/06/2004,0.0
08/06/2004,0.0
09/06/2004,0.0
10/06/2004,0.0
11/06/2004,1.5
12/06/2004,0.0
13/06/2004,0.0
14/06/2004,0.0
15/06/2004,0.0
16/06/2004,0.0
17/06/2004,0.0
18/06/2004,0.5
19/06/2004,0.0
20/06/2004,1.0
21/06/2004,0.0
22/06/2004,0.0
23/06/2004,0.0
24/06/2004,0.0
25/06/2004,5.0
26/06/2004,0.0
27/06/2004,0.0
28/06/2004,0.0
29/06/2004,1.5
30/06/2004,0.0
01/07/2004,0.0
02/07/2004,0.0
03/07/2004,0.0
04/07/2004,1.0
05/07/2004,1.5
06/07/2004,0.0
07/07/2004,0.0
08/07/2004,0.5
09/07/2004,0.0
10/07/2004,0.5
11/07/2004,3.0
12/07/2004,2.5
13/07/2004,0.0
14/07/2004,5.5
15/07/2004,5.5
16/07/2004,4.5
17/07/2004,0.0
18/07/2004,0.5
19/07/2004,0.0
20/07/2004,0.0
21/07/2004,0.0
22/07/2004,0.0
23/07/2004,2.0
24/07/2004,0.0
25/07/2004,0.0
26/07/2004,0.0
27/07/2004,0.0
28/07/2004,49.2
29/07/2004,0.0
30/07/2004,0.0
31/07/2004,0.0
01/08/2004,12.2
02/08/2004,0.0
03/08/2004,0.0
04/08/2004,0.0
05/08/2004,0.0
06/08/2004,0.0
07/08/2004,0.0
08/08/2004,0.0
09/08/2004,0.0
10/08/2004,0.0
11/08/2004,0.0
12/08/2004,0.0
13/08/2004,0.0
14/08/2004,27.8
15/08/2004,6.3
16/08/2004,0.8
17/08/2004,0.0
18/08/2004,0.0
19/08/2004,0.0
20/08/2004,8.0
21/08/2004,0.0
22/08/2004,27.1
23/08/2004,25.3
24/08/2004,13.3
25/08/2004,0.0
26/08/2004,0.2
27/08/2004,0.0
28/08/2004,0.2
29/08/2004,0.0
30/08/2004,0.0
31/08/2004,4.5
01/09/2004,17.0
02/09/2004,0.0
03/09/2004,2.5
04/09/2004,0.0
05/09/2004,5.5
06/09/2004,6.5
07/09/2004,0.0
08/09/2004,0.0
09/09/2004,0.0
10/09/2004,0.0
11/09/2004,4.5
12/09/2004,0.0
13/09/2004,4.0
14/09/2004,0.0
15/09/2004,0.0
16/09/2004,0.0
17/09/2004,2.5
18/09/2004,0.0
19/09/2004,19.5
20/09/2004,0.5
21/09/2004,6.0
22/09/2004,5.0
23/09/2004,0.5
24/09/2004,9.5
25/09/2004,206.0
26/09/2004,42.0
27/09/2004,5.5
28/09/2004,1.0
29/09/2004,6.0
30/09/2004,0.0
01/10/2004,0.0
02/10/2004,6.0
03/10/2004,0.0
04/10/2004,0.0
05/10/2004,7.0
06/10/2004,0.0
07/10/2004,5.5
08/10/2004,0.0
09/10/2004,20.0
10/10/2004,2.5
11/10/2004,0.0
12/10/2004,0.0
13/10/2004,3.5
14/10/2004,1.5
15/10/2004,3.0
16/10/2004,15.0
17/10/2004,27.5
18/10/2004,0.5
19/10/2004,0.0
20/10/2004,3.5
21/10/2004,4.0
22/10/2004,2.0
23/10/2004,22.5
24/10/2004,14.0
25/10/2004,11.0
26/10/2004,3.5
27/10/2004,42.0
28/10/2004,12.0
29/10/2004,0.0
30/10/2004,0.0
31/10/2004,0.0
01/11/2004,2.5
02/11/2004,0.0
03/11/2004,0.0
04/11/2004,0.0
05/11/2004,0.0
06/11/2004,1.0
07/11/2004,0.0
08/11/2004,1.5
09/11/2004,24.4
10/11/2004,19.5
11/11/2004,4.9
12/11/2004,26.1
13/11/2004,31.3
14/11/2004,0.9
15/11/2004,5.2
16/11/2004,23.7
17/11/2004,0.0
18/11/2004,0.0
19/11/2004,0.0
20/11/2004,7.0
21/11/2004,52.0
22/11/2004,0.5
23/11/2004,0.0
24/11/2004,0.0
25/11/2004,0.0
26/11/2004,1.0
27/11/2004,17.5
28/11/2004,27.0
29/11/2004,3.0
30/11/2004,5.5
01/12/2004,1.5
02/12/2004,0.0
03/12/2004,5.3
04/12/2004,20.8
05/12/2004,40.8
06/12/2004,160.6
07/12/2004,60.1
08/12/2004,355.4
09/12/2004,305.8
10/12/2004,160.2
11/12/2004,38.0
12/12/2004,6.6
13/12/2004,1.0
14/12/2004,0.0
15/12/2004,6.9
16/12/2004,39.3
17/12/2004,1.4
18/12/2004,0.0
19/12/2004,0.0
20/12/2004,0.8
21/12/2004,0.0
22/12/2004,0.0
23/12/2004,0.0
24/12/2004,0.0
25/12/2004,5.3
26/12/2004,0.0
27/12/2004,0.0
28/12/2004,0.7
29/12/2004,30.3
26/05/2005,2.0
27/05/2005,0.0
28/05/2005,0.5
29/05/2005,21.5
30/05/2005,0.5
31/05/2005,0.5
01/06/2005,0.0
02/06/2005,0.0
03/06/2005,2.5
04/06/2005,14.5
05/06/2005,1.5
06/06/2005,0.0
07/06/2005,1.0
08/06/2005,0.0
09/06/2005,0.0
10/06/2005,0.0
11/06/2005,0.0
12/06/2005,7.5
13/06/2005,0.0
14/06/2005,16.0
15/06/2005,0.0
16/06/2005,0.0
17/06/2005,0.5
18/06/2005,6.0
19/06/2005,22.5
20/06/2005,6.5
21/06/2005,1.5
22/06/2005,0.0
23/06/2005,0.0
24/06/2005,4.0
25/06/2005,0.0
26/06/2005,1.5
27/06/2005,0.0
28/06/2005,0.0
29/06/2005,0.0
30/06/2005,0.0
01/07/2005,0.0
02/07/2005,0.0
03/07/2005,0.0
04/07/2005,0.0
05/07/2005,0.0
06/07/2005,0.0
07/07/2005,0.0
08/07/2005,0.0
09/07/2005,0.0
10/07/2005,0.0
11/07/2005,0.0
12/07/2005,0.0
13/07/2005,0.0
14/07/2005,0.0
15/07/2005,0.0
16/07/2005,0.0
17/07/2005,0.0
18/07/2005,0.0
19/07/2005,0.0
20/07/2005,0.0
21/07/2005,0.0
22/07/2005,0.0
23/07/2005,0.0
24/07/2005,0.0
25/07/2005,0.0
26/07/2005,0.0
30/08/2005,0.0
31/08/2005,0.0
01/09/2005,0.4
02/09/2005,0.0
03/09/2005,11.3
04/09/2005,2.0
05/09/2005,14.3
06/09/2005,21.8
07/09/2005,18.0
08/09/2005,1.5
09/09/2005,0.0
10/09/2005,9.0
11/09/2005,0.0
12/09/2005,0.0
13/09/2005,0.0
14/09/2005,17.0
15/09/2005,3.5
16/09/2005,0.0
17/09/2005,7.5
18/09/2005,2.5
19/09/2005,87.0
20/09/2005,0.0
21/09/2005,8.0
22/09/2005,10.5
23/09/2005,16.5
24/09/2005,3.0
25/09/2005,0.0
26/09/2005,22.0
27/09/2005,1.5
28/09/2005,23.5
29/09/2005,6.5
30/09/2005,0.5
01/10/2005,1.5
02/10/2005,33.0
03/10/2005,1.0
04/10/2005,1.0
05/10/2005,4.5
06/10/2005,0.0
07/10/2005,45.0
08/10/2005,40.0
09/10/2005,28.5
10/10/2005,14.5
11/10/2005,1.5
12/10/2005,4.5
13/10/2005,0.5
14/10/2005,6.0
15/10/2005,0.0
16/10/2005,12.5
17/10/2005,1.5
18/10/2005,0.0
19/10/2005,8.5
20/10/2005,12.0
21/10/2005,0.5
22/10/2005,14.5
23/10/2005,2.5
24/10/2005,1.5
25/10/2005,4.0
26/10/2005,10.5
27/10/2005,12.0
28/10/2005,0.0
29/10/2005,4.5
30/10/2005,27.5
31/10/2005,9.0
01/11/2005,0.0
02/11/2005,20.5
03/11/2005,0.5
04/11/2005,20.5
05/11/2005,6.0
06/11/2005,32.5
07/11/2005,11.5
08/11/2005,3.5
09/11/2005,11.5
10/11/2005,1.0
11/11/2005,11.0
12/11/2005,0.5
13/11/2005,0.0
17/11/2005,0.4
18/11/2005,4.1
19/11/2005,20.5
20/11/2005,89.0
21/11/2005,30.1
22/11/2005,144.5
23/11/2005,153.6
24/11/2005,111.6
25/11/2005,103.8
26/11/2005,22.0
27/11/2005,2.2
28/11/2005,43.8
29/11/2005,0.5
30/11/2005,0.0
01/12/2005,2.0
02/12/2005,7.6
03/12/2005,3.9
04/12/2005,0.5
05/12/2005,23.7
06/12/2005,1.0
07/12/2005,48.7
08/12/2005,1.6
09/12/2005,6.5
10/12/2005,1.5
11/12/2005,0.0
12/12/2005,12.3
13/12/2005,41.8
14/12/2005,8.8
15/12/2005,1.0
16/12/2005,31.8
17/12/2005,532.0
18/12/2005,26.9
19/12/2005,13.0
20/12/2005,0.0
21/12/2005,0.0
22/12/2005,113.1
23/12/2005,139.3
24/12/2005,84.2
25/12/2005,39.8
26/12/2005,0.9
27/12/2005,11.4
28/12/2005,4.7
29/12/2005,0.0
30/12/2005,0.0
31/12/2005,10.1
01/01/2006,56.9
02/01/2006,46.4
03/01/2006,42.7
04/01/2006,31.5
05/01/2006,3.8
06/01/2006,30.4
07/01/2006,99.3
08/01/2006,36.9
09/01/2006,20.8
10/01/2006,16.0
11/01/2006,13.1
12/01/2006,4.3
13/01/2006,4.4
14/01/2006,0.1
15/01/2006,0.0
16/01/2006,0.0
17/01/2006,0.0
18/01/2006,0.0
19/01/2006,0.0
20/01/2006,0.0
21/01/2006,0.0
22/01/2006,0.4
23/01/2006,0.6
24/01/2006,0.5
25/01/2006,0.0
26/01/2006,0.0
27/01/2006,0.0
28/01/2006,0.0
29/01/2006,0.0
30/01/2006,0.0
31/01/2006,0.4
01/02/2006,17.5
02/02/2006,2.6
03/02/2006,4.7
04/02/2006,5.9
05/02/2006,4.9
06/02/2006,3.5
07/02/2006,3.0
08/02/2006,0.4
09/02/2006,38.2
10/02/2006,221.0
11/02/2006,239.9
12/02/2006,66.5
13/02/2006,356.9
14/02/2006,3.4
15/02/2006,17.6
16/02/2006,0.0
17/02/2006,0.0
18/02/2006,0.0
19/02/2006,5.5
20/02/2006,9.5
21/02/2006,3.0
22/02/2006,33.5
23/02/2006,5.6
24/02/2006,5.0
25/02/2006,0.9
26/02/2006,12.0
27/02/2006,0.0
28/02/2006,0.5
01/03/2006,0.0
02/03/2006,0.6
03/03/2006,17.4
04/03/2006,0.0
05/03/2006,0.0
06/03/2006,0.0
07/03/2006,0.0
08/03/2006,0.0
09/03/2006,0.0
10/03/2006,0.0
11/03/2006,0.0
12/03/2006,0.0
13/03/2006,0.0
14/03/2006,0.0
15/03/2006,0.0
16/03/2006,0.0
17/03/2006,0.0
18/03/2006,0.0
19/03/2006,0.0
20/03/2006,0.0
21/03/2006,0.0
22/03/2006,0.0
23/03/2006,0.0
24/03/2006,0.0
25/03/2006,0.0
26/03/2006,0.0
27/03/2006,0.0
28/03/2006,0.0
29/03/2006,0.0
30/03/2006,0.0
31/03/2006,0.0
01/04/2006,0.0
02/04/2006,0.0
03/04/2006,0.0
04/04/2006,0.0
05/04/2006,0.0
06/04/2006,0.0
07/04/2006,0.0
08/04/2006,0.0
09/04/2006,0.0
10/04/2006,0.0
11/04/2006,0.0
12/04/2006,0.0
13/04/2006,0.0
14/04/2006,0.0
15/04/2006,0.0
16/04/2006,0.0
17/04/2006,0.0
18/04/2006,0.0
19/04/2006,0.0
20/04/2006,0.0
21/04/2006,0.0
22/04/2006,0.0
23/04/2006,0.0
24/04/2006,3.0
25/04/2006,0.0
26/04/2006,0.0
27/04/2006,0.0
28/04/2006,0.0
29/04/2006,0.0
30/04/2006,9.0
01/05/2006,0.0
02/05/2006,2.0
03/05/2006,11.0
04/05/2006,0.0
05/05/2006,44.5
06/05/2006,0.0
07/05/2006,20.5
08/05/2006,0.0
09/05/2006,3.3
10/05/2006,0.2
11/05/2006,26.9
12/05/2006,0.1
13/05/2006,0.0
14/05/2006,24.5
15/05/2006,10.0
16/05/2006,7.5
17/05/2006,41.8
18/05/2006,7.7
19/05/2006,0.3
20/05/2006,45.0
21/05/2006,1.0
22/05/2006,13.2
23/05/2006,0.4
24/05/2006,39.6
25/05/2006,0.0
26/05/2006,1.0
27/05/2006,0.0
28/05/2006,9.5
29/05/2006,0.3
30/05/2006,35.6
31/05/2006,0.6
01/06/2006,7.5
02/06/2006,18.5
03/06/2006,0.0
04/06/2006,0.3
05/06/2006,1.7
06/06/2006,61.0
07/06/2006,89.8
08/06/2006,1.5
09/06/2006,3.6
10/06/2006,2.0
11/06/2006,0.5
12/06/2006,0.5
08/09/2006,0.0
09/09/2006,1.5
10/09/2006,0.5
11/09/2006,1.0
12/09/2006,0.5
13/09/2006,0.5
14/09/2006,2.5
15/09/2006,23.5
16/09/2006,0.5
17/09/2006,3.1
18/09/2006,40.4
19/09/2006,0.0
20/09/2006,0.0
21/09/2006,14.0
22/09/2006,20.5
23/09/2006,5.5
24/09/2006,7.5
25/09/2006,23.8
26/09/2006,0.2
27/09/2006,0.0
28/09/2006,0.0
29/09/2006,0.0
30/09/2006,0.0
01/10/2006,22.6
02/10/2006,27.4
03/10/2006,0.0
04/10/2006,11.7
05/10/2006,2.8
06/10/2006,0.0
07/10/2006,0.0
08/10/2006,0.4
09/10/2006,0.1
10/10/2006,0.0
11/10/2006,39.5
12/10/2006,0.0
13/10/2006,0.0
14/10/2006,17.5
15/10/2006,20.5
16/10/2006,0.5
17/10/2006,3.5
18/10/2006,0.0
19/10/2006,0.0
20/10/2006,0.5
21/10/2006,8.0
22/10/2006,0.0
23/10/2006,1.0
24/10/2006,45.2
25/10/2006,22.7
26/10/2006,1.1
27/10/2006,0.0
28/10/2006,0.5
29/10/2006,0.5
30/10/2006,14.4
31/10/2006,4.2
01/11/2006,0.0
02/11/2006,0.0
03/11/2006,16.0
04/11/2006,0.0
05/11/2006,2.5
06/11/2006,51.9
07/11/2006,16.1
08/11/2006,15.9
09/11/2006,6.6
10/11/2006,28.8
11/11/2006,25.7
12/11/2006,21.2
13/11/2006,39.4
14/11/2006,6.0
15/11/2006,0.0
16/11/2006,8.1
17/11/2006,36.8
18/11/2006,42.6
19/11/2006,9.1
20/11/2006,21.0
21/11/2006,1.9
22/11/2006,2.6
23/11/2006,2.8
24/11/2006,75.5
25/11/2006,2.2
26/11/2006,21.5
27/11/2006,1.0
28/11/2006,2.5
29/11/2006,39.4
30/11/2006,27.4
01/12/2006,29.7
02/12/2006,2.4
03/12/2006,0.0
04/12/2006,0.0
05/12/2006,0.0
06/12/2006,0.0
07/12/2006,0.5
08/12/2006,35.8
09/12/2006,1.2
10/12/2006,1.0
11/12/2006,25.4
12/12/2006,2.7
13/12/2006,0.0
14/12/2006,0.4
15/12/2006,27.0
16/12/2006,76.3
17/12/2006,54.7
18/12/2006,53.4
19/12/2006,64.1
20/12/2006,161.8
21/12/2006,138.9
22/12/2006,10.4
23/12/2006,0.0
24/12/2006,1.0
25/12/2006,2.0
26/12/2006,37.7
27/12/2006,14.2
28/12/2006,3.7
29/12/2006,0.0
30/12/2006,2.5
31/12/2006,0.0
01/01/2007,14.4
02/01/2007,2.1
03/01/2007,0.5
04/01/2007,0.4
05/01/2007,1.7
06/01/2007,22.7
07/01/2007,251.2
08/01/2007,44.1
09/01/2007,34.9
10/01/2007,34.4
11/01/2007,6.7
12/01/2007,3.5
13/01/2007,0.3
14/01/2007,11.7
15/01/2007,0.0
16/01/2007,6.7
17/01/2007,2.3
18/01/2007,0.0
19/01/2007,49.2
20/01/2007,15.3
21/01/2007,0.0
22/01/2007,0.0
23/01/2007,0.0
24/01/2007,0.0
25/01/2007,0.0
26/01/2007,0.5
27/01/2007,0.0
28/01/2007,0.0
29/01/2007,0.0
30/01/2007,0.0
31/01/2007,0.0
01/02/2007,0.5
02/02/2007,0.4
03/02/2007,1.6
04/02/2007,0.0
05/02/2007,9.1
06/02/2007,2.4
07/02/2007,0.0
08/02/2007,0.0
09/02/2007,0.0
10/02/2007,0.0
11/02/2007,0.0
12/02/2007,0.0
13/02/2007,0.0
14/02/2007,0.0
15/02/2007,0.0
16/02/2007,0.0
17/02/2007,0.0
18/02/2007,0.0
19/02/2007,0.0
20/02/2007,0.0
21/02/2007,0.0
22/02/2007,0.0
23/02/2007,0.0
24/02/2007,0.0
25/02/2007,0.0
26/02/2007,0.0
27/02/2007,0.0
28/02/2007,0.0
01/03/2007,0.0
02/03/2007,0.0
03/03/2007,0.0
04/03/2007,0.0
05/03/2007,0.0
06/03/2007,0.0
07/03/2007,0.0
08/03/2007,0.0
09/03/2007,0.0
10/03/2007,0.0
11/03/2007,0.0
12/03/2007,0.0
13/03/2007,0.0
14/03/2007,0.0
15/03/2007,0.0
16/03/2007,0.0
17/03/2007,0.0
18/03/2007,0.0
19/03/2007,0.0
20/03/2007,0.0
21/03/2007,0.0
22/03/2007,0.0
23/03/2007,0.0
24/03/2007,0.0
25/03/2007,0.0
26/03/2007,0.0
27/03/2007,0.0
28/03/2007,0.0
29/03/2007,0.0
30/03/2007,0.0
31/03/2007,10.0
01/04/2007,0.0
02/04/2007,0.0
03/04/2007,0.5
04/04/2007,7.0
05/04/2007,0.0
06/04/2007,0.0
07/04/2007,0.0
08/04/2007,0.0
09/04/2007,0.0
10/04/2007,0.0
11/04/2007,0.0
12/04/2007,0.0
13/04/2007,0.0
14/04/2007,0.0
15/04/2007,0.0
16/04/2007,0.0
17/04/2007,0.0
18/04/2007,0.0
19/04/2007,0.0
20/04/2007,0.0
21/04/2007,0.0
22/04/2007,0.0
23/04/2007,0.0
24/04/2007,3.5
25/04/2007,0.4
26/04/2007,0.1
27/04/2007,3.0
28/04/2007,0.5
29/04/2007,26.4
30/04/2007,7.6
01/05/2007,48.8
02/05/2007,0.7
03/05/2007,2.2
04/05/2007,0.3
05/05/2007,1.6
06/05/2007,2.4
07/05/2007,6.5
08/05/2007,0.5
09/05/2007,7.5
10/05/2007,0.0
11/05/2007,0.0
12/05/2007,5.0
13/05/2007,17.5
14/05/2007,7.9
15/05/2007,7.1
16/05/2007,0.4
17/05/2007,2.6
18/05/2007,22.5
19/05/2007,2.0
20/05/2007,0.8
21/05/2007,1.2
22/05/2007,7.0
23/05/2007,5.0
24/05/2007,19.5
25/05/2007,0.0
26/05/2007,11.0
27/05/2007,28.5
28/05/2007,1.0
29/05/2007,13.7
30/05/2007,0.3
31/05/2007,13.0
01/06/2007,0.0
02/06/2007,0.0
03/06/2007,2.0
04/06/2007,14.0
05/06/2007,14.0
06/06/2007,0.8
07/06/2007,30.7
08/06/2007,16.2
09/06/2007,3.8
10/06/2007,6.0
11/06/2007,53.0
12/06/2007,0.0
13/06/2007,0.0
14/06/2007,48.3
15/06/2007,0.6
16/06/2007,19.7
17/06/2007,2.4
18/06/2007,0.6
19/06/2007,16.4
20/06/2007,0.4
21/06/2007,47.6
22/06/2007,0.0
23/06/2007,0.0
24/06/2007,0.0
25/06/2007,3.3
26/06/2007,0.2
27/06/2007,0.0
28/06/2007,0.0
29/06/2007,0.5
30/06/2007,0.0
01/07/2007,0.0
02/07/2007,0.0
03/07/2007,0.0
04/07/2007,0.0
05/07/2007,0.0
06/07/2007,0.0
07/07/2007,0.4
08/07/2007,12.6
09/07/2007,0.0
10/07/2007,0.0
11/07/2007,0.5
12/07/2007,0.3
13/07/2007,10.8
14/07/2007,4.1
15/07/2007,41.3
16/07/2007,1.9
17/07/2007,14.1
18/07/2007,0.0
19/07/2007,0.0
20/07/2007,0.0
21/07/2007,2.5
22/07/2007,55.5
23/07/2007,4.0
24/07/2007,0.0
25/07/2007,4.0
26/07/2007,0.0
27/07/2007,70.4
28/07/2007,5.9
29/07/2007,6.6
30/07/2007,35.5
31/07/2007,11.9
01/08/2007,2.6
02/08/2007,11.5
03/08/2007,0.0
04/08/2007,0.0
05/08/2007,0.5
06/08/2007,11.5
07/08/2007,0.0
08/08/2007,0.0
09/08/2007,0.0
10/08/2007,0.0
11/08/2007,0.0
12/08/2007,4.5
13/08/2007,0.0
14/08/2007,1.3
15/08/2007,8.2
16/08/2007,72.4
17/08/2007,2.6
18/08/2007,0.0
19/08/2007,7.7
20/08/2007,45.3
21/08/2007,0.5
22/08/2007,2.0
23/08/2007,8.0
24/08/2007,43.0
25/08/2007,7.5
26/08/2007,0.5
27/08/2007,0.0
28/08/2007,26.0
29/08/2007,3.5
30/08/2007,0.0
31/08/2007,0.0
01/09/2007,0.5
02/09/2007,7.5
03/09/2007,12.5
04/09/2007,31.5
05/09/2007,0.0
06/09/2007,8.5
07/09/2007,4.5
08/09/2007,3.0
09/09/2007,14.5
10/09/2007,6.3
11/09/2007,1.5
12/09/2007,21.3
13/09/2007,14.3
14/09/2007,57.9
15/09/2007,1.9
16/09/2007,0.0
17/09/2007,0.0
18/09/2007,3.3
19/09/2007,6.2
20/09/2007,0.0
21/09/2007,16.7
22/09/2007,116.8
23/09/2007,7.5
24/09/2007,2.5
25/09/2007,6.0
26/09/2007,26.5
27/09/2007,0.0
28/09/2007,0.0
29/09/2007,0.0
30/09/2007,39.8
01/10/2007,0.7
02/10/2007,0.0
03/10/2007,0.5
04/10/2007,0.0
05/10/2007,13.0
06/10/2007,0.4
07/10/2007,2.6
08/10/2007,10.0
09/10/2007,0.0
10/10/2007,30.0
11/10/2007,10.3
12/10/2007,43.7
13/10/2007,2.5
14/10/2007,0.0
15/10/2007,0.5
16/10/2007,2.0
17/10/2007,19.5
18/10/2007,0.9
19/10/2007,4.6
20/10/2007,10.0
21/10/2007,57.0
22/10/2007,13.0
23/10/2007,74.0
24/10/2007,11.0
25/10/2007,10.0
26/10/2007,46.8
27/10/2007,1.8
28/10/2007,7.3
29/10/2007,69.1
30/10/2007,29.0
31/10/2007,37.0
01/11/2007,18.0
02/11/2007,1.0
03/11/2007,0.0
04/11/2007,0.5
05/11/2007,15.7
06/11/2007,39.8
07/11/2007,26.0
08/11/2007,12.6
09/11/2007,3.4
10/11/2007,59.5
11/11/2007,28.5
12/11/2007,87.0
13/11/2007,14.5
14/11/2007,0.5
15/11/2007,2.7
16/11/2007,0.8
17/11/2007,42.5
18/11/2007,9.0
19/11/2007,48.5
20/11/2007,31.6
21/11/2007,4.9
22/11/2007,0.0
23/11/2007,0.0
24/11/2007,0.0
25/11/2007,0.0
26/11/2007,6.6
27/11/2007,25.4
28/11/2007,12.0
29/11/2007,5.2
30/11/2007,1.8
01/12/2007,0.0
02/12/2007,0.0
03/12/2007,8.0
04/12/2007,2.2
05/12/2007,47.2
06/12/2007,178.6
07/12/2007,66.0
08/12/2007,113.1
09/12/2007,121.6
10/12/2007,79.8
11/12/2007,89.7
12/12/2007,15.1
13/12/2007,44.8
14/12/2007,178.6
15/12/2007,5.5
16/12/2007,35.9
17/12/2007,36.5
18/12/2007,16.5
19/12/2007,27.6
20/12/2007,30.3
21/12/2007,13.2
22/12/2007,0.0
23/12/2007,0.0
24/12/2007,0.0
25/12/2007,0.0
26/12/2007,0.0
27/12/2007,0.0
28/12/2007,0.0
29/12/2007,0.0
30/12/2007,0.3
31/12/2007,18.0
01/01/2008,46.6
02/01/2008,24.4
03/01/2008,30.0
04/01/2008,2.0
05/01/2008,26.9
06/01/2008,28.7
07/01/2008,7.6
08/01/2008,22.0
09/01/2008,0.8
10/01/2008,0.0
11/01/2008,0.0
12/01/2008,0.0
13/01/2008,0.0
14/01/2008,0.0
15/01/2008,0.0
16/01/2008,0.0
17/01/2008,26.2
18/01/2008,89.3
19/01/2008,0.0
20/01/2008,8.5
21/01/2008,0.0
22/01/2008,12.6
23/01/2008,5.3
24/01/2008,1.6
25/01/2008,0.0
26/01/2008,0.0
27/01/2008,0.0
28/01/2008,0.0
29/01/2008,3.0
30/01/2008,21.0
31/01/2008,0.0
01/02/2008,33.8
02/02/2008,7.0
03/02/2008,13.2
04/02/2008,12.9
05/02/2008,14.1
06/02/2008,0.0
07/02/2008,0.0
08/02/2008,0.0
09/02/2008,0.0
10/02/2008,0.0
11/02/2008,0.0
12/02/2008,0.0
13/02/2008,0.0
14/02/2008,0.0
15/02/2008,0.0
16/02/2008,0.0
17/02/2008,0.0
18/02/2008,0.0
19/02/2008,0.0
20/02/2008,0.0
21/02/2008,0.0
22/02/2008,0.0
23/02/2008,0.0
24/02/2008,0.0
25/02/2008,0.0
26/02/2008,0.0
27/02/2008,25.4
28/02/2008,208.7
29/02/2008,134.9
01/03/2008,26.9
02/03/2008,7.6
03/03/2008,0.0
04/03/2008,18.5
05/03/2008,5.6
06/03/2008,69.0
07/03/2008,63.1
08/03/2008,61.1
09/03/2008,21.6
10/03/2008,17.0
11/03/2008,12.0
12/03/2008,24.5
13/03/2008,0.5
14/03/2008,12.0
15/03/2008,1.5
16/03/2008,0.0
17/03/2008,1.0
18/03/2008,0.0
19/03/2008,0.0
20/03/2008,0.0
21/03/2008,15.5
22/03/2008,15.5
23/03/2008,0.8
24/03/2008,25.7
25/03/2008,74.0
26/03/2008,25.5
27/03/2008,3.0
28/03/2008,0.4
29/03/2008,0.1
30/03/2008,0.0
31/03/2008,0.5
01/04/2008,28.0
02/04/2008,34.5
03/04/2008,0.4
04/04/2008,7.1
05/04/2008,1.5
06/04/2008,22.0
07/04/2008,21.0
08/04/2008,0.0
09/04/2008,0.0
10/04/2008,0.0
11/04/2008,0.0
12/04/2008,0.0
13/04/2008,0.0
14/04/2008,0.0
15/04/2008,0.0
16/04/2008,0.0
17/04/2008,0.0
18/04/2008,0.0
19/04/2008,0.0
20/04/2008,6.0
21/04/2008,0.0
22/04/2008,0.0
23/04/2008,14.0
24/04/2008,7.0
25/04/2008,13.0
26/04/2008,0.0
27/04/2008,75.0
28/04/2008,0.0
29/04/2008,0.0
30/04/2008,2.0
01/05/2008,26.0
02/05/2008,0.5
03/05/2008,13.0
04/05/2008,0.4
05/05/2008,14.8
06/05/2008,10.3
07/05/2008,0.0
08/05/2008,9.0
09/05/2008,8.8
10/05/2008,9.7
11/05/2008,1.5
12/05/2008,0.5
13/05/2008,0.0
14/05/2008,0.0
15/05/2008,0.0
16/05/2008,0.0
17/05/2008,0.0
18/05/2008,0.0
19/05/2008,0.0
20/05/2008,0.4
21/05/2008,3.6
22/05/2008,0.5
23/05/2008,22.0
24/05/2008,7.0
25/05/2008,1.5
26/05/2008,0.0
27/05/2008,0.0
28/05/2008,19.0
29/05/2008,55.0
30/05/2008,1.0
31/05/2008,0.0
01/06/2008,49.0
02/06/2008,0.0
03/06/2008,0.5
04/06/2008,0.0
05/06/2008,0.0
06/06/2008,4.5
07/06/2008,0.4
08/06/2008,1.6
09/06/2008,0.0
10/06/2008,26.1
11/06/2008,2.9
12/06/2008,1.0
13/06/2008,0.0
14/06/2008,3.5
15/06/2008,0.5
16/06/2008,11.5
17/06/2008,0.0
18/06/2008,0.0
19/06/2008,13.5
20/06/2008,0.0
21/06/2008,3.5
22/06/2008,0.0
23/06/2008,14.6
24/06/2008,0.4
25/06/2008,0.4
26/06/2008,18.5
27/06/2008,8.6
28/06/2008,4.0
29/06/2008,31.0
30/06/2008,0.0
01/07/2008,32.5
02/07/2008,1.0
03/07/2008,72.0
04/07/2008,0.0
05/07/2008,2.5
06/07/2008,0.0
07/07/2008,0.5
08/07/2008,5.0
09/07/2008,8.0
10/07/2008,50.5
11/07/2008,0.5
12/07/2008,17.0
13/07/2008,3.0
14/07/2008,1.0
15/07/2008,4.5
16/07/2008,5.0
17/07/2008,2.0
18/07/2008,0.0
19/07/2008,14.5
20/07/2008,0.0
21/07/2008,14.5
22/07/2008,23.0
23/07/2008,7.5
24/07/2008,5.0
25/07/2008,4.5
26/07/2008,4.6
27/07/2008,0.0
28/07/2008,0.0
29/07/2008,0.0
30/07/2008,0.0
31/07/2008,0.0
01/08/2008,0.0
02/08/2008,0.0
03/08/2008,0.0
04/08/2008,0.0
05/08/2008,21.6
06/08/2008,0.4
07/08/2008,21.0
08/08/2008,0.0
09/08/2008,0.0
10/08/2008,0.0
11/08/2008,0.5
12/08/2008,72.6
13/08/2008,2.4
14/08/2008,3.0
15/08/2008,26.5
16/08/2008,0.0
17/08/2008,0.9
18/08/2008,33.6
19/08/2008,0.8
20/08/2008,0.2
21/08/2008,2.0
22/08/2008,12.5
23/08/2008,17.0
24/08/2008,15.5
25/08/2008,9.0
26/08/2008,14.0
27/08/2008,0.4
28/08/2008,11.1
29/08/2008,2.5
30/08/2008,0.0
31/08/2008,0.4
01/09/2008,1.1
02/09/2008,1.8
03/09/2008,0.2
04/09/2008,1.5
05/09/2008,33.5
06/09/2008,8.0
07/09/2008,5.9
08/09/2008,6.1
09/09/2008,0.0
10/09/2008,1.6
11/09/2008,0.4
12/09/2008,2.5
13/09/2008,11.5
14/09/2008,1.0
15/09/2008,0.0
16/09/2008,10.5
17/09/2008,0.4
18/09/2008,0.1
19/09/2008,0.0
20/09/2008,0.0
21/09/2008,7.8
22/09/2008,1.2
23/09/2008,0.0
24/09/2008,13.5
25/09/2008,9.0
26/09/2008,20.5
27/09/2008,0.0
28/09/2008,0.0
29/09/2008,6.0
30/09/2008,21.5
01/10/2008,2.0
02/10/2008,26.0
03/10/2008,9.0
04/10/2008,14.0
05/10/2008,0.0
06/10/2008,0.0
07/10/2008,0.0
08/10/2008,0.0
09/10/2008,1.5
10/10/2008,1.0
11/10/2008,3.0
12/10/2008,16.5
13/10/2008,7.0
14/10/2008,6.5
15/10/2008,0.4
16/10/2008,0.1
17/10/2008,2.5
18/10/2008,0.0
19/10/2008,12.1
20/10/2008,2.0
21/10/2008,22.7
22/10/2008,32.0
23/10/2008,1.8
24/10/2008,6.4
25/10/2008,30.5
26/10/2008,0.0
27/10/2008,52.5
28/10/2008,0.0
29/10/2008,0.0
30/10/2008,11.5
31/10/2008,0.5
01/11/2008,0.3
02/11/2008,16.7
03/11/2008,0.0
04/11/2008,4.5
05/11/2008,5.0
06/11/2008,0.0
07/11/2008,2.5
08/11/2008,1.7
09/11/2008,5.3
10/11/2008,24.8
11/11/2008,15.3
12/11/2008,8.2
13/11/2008,11.2
14/11/2008,9.0
15/11/2008,1.0
16/11/2008,0.0
17/11/2008,39.0
18/11/2008,12.0
19/11/2008,45.1
20/11/2008,85.8
21/11/2008,37.1
22/11/2008,2.7
23/11/2008,3.1
24/11/2008,1.1
25/11/2008,26.4
26/11/2008,12.5
27/11/2008,48.8
28/11/2008,7.8
29/11/2008,150.6
30/11/2008,8.0
01/12/2008,57.6
02/12/2008,103.8
03/12/2008,18.7
04/12/2008,0.0
05/12/2008,25.9
06/12/2008,235.1
07/12/2008,48.7
08/12/2008,33.0
09/12/2008,3.3
10/12/2008,0.0
11/12/2008,8.0
12/12/2008,0.0
13/12/2008,9.7
14/12/2008,28.0
15/12/2008,6.8
16/12/2008,7.0
17/12/2008,2.5
18/12/2008,1.5
19/12/2008,2.8
20/12/2008,1.7
21/12/2008,1.5
22/12/2008,1.3
23/12/2008,5.4
24/12/2008,15.9
25/12/2008,47.0
26/12/2008,6.8
27/12/2008,0.6
28/12/2008,16.7
29/12/2008,16.3
30/12/2008,9.0
31/12/2008,14.4
01/01/2009,125.7
02/01/2009,170.0
03/01/2009,65.4
04/01/2009,49.6
05/01/2009,17.5
06/01/2009,0.0
07/01/2009,0.5
08/01/2009,11.0
09/01/2009,1.1
10/01/2009,4.6
11/01/2009,2.9
12/01/2009,25.6
13/01/2009,94.3
14/01/2009,14.1
15/01/2009,13.4
16/01/2009,3.8
17/01/2009,0.7
18/01/2009,0.0
19/01/2009,0.0
20/01/2009,0.0
21/01/2009,0.0
22/01/2009,0.3
23/01/2009,0.6
24/01/2009,27.7
25/01/2009,57.7
26/01/2009,0.1
27/01/2009,0.0
28/01/2009,0.0
29/01/2009,0.0
30/01/2009,0.5
31/01/2009,2.0
01/02/2009,0.0
02/02/2009,0.0
03/02/2009,0.0
04/02/2009,0.0
05/02/2009,0.0
06/02/2009,0.0
07/02/2009,0.0
08/02/2009,0.0
09/02/2009,0.0
10/02/2009,0.0
11/02/2009,0.0
12/02/2009,0.0
13/02/2009,0.0
14/02/2009,0.0
15/02/2009,3.0
16/02/2009,1.0
17/02/2009,0.0
18/02/2009,0.0
19/02/2009,0.0
20/02/2009,1.5
21/02/2009,20.1
22/02/2009,3.9
23/02/2009,0.0
24/02/2009,0.0
25/02/2009,2.0
26/02/2009,0.5
27/02/2009,0.0
28/02/2009,0.5
01/03/2009,18.1
02/03/2009,97.1
03/03/2009,104.9
04/03/2009,0.0
05/03/2009,0.5
06/03/2009,101.0
07/03/2009,14.5
08/03/2009,10.5
09/03/2009,9.5
10/03/2009,0.0
11/03/2009,0.0
12/03/2009,1.2
13/03/2009,0.3
14/03/2009,6.3
15/03/2009,102.5
16/03/2009,47.2
17/03/2009,7.0
18/03/2009,70.1
19/03/2009,13.6
20/03/2009,10.3
21/03/2009,5.5
22/03/2009,3.0
23/03/2009,6.5
24/03/2009,6.0
25/03/2009,0.0
26/03/2009,0.4
27/03/2009,20.6
28/03/2009,10.5
29/03/2009,17.5
30/03/2009,0.0
31/03/2009,0.4
01/04/2009,10.4
02/04/2009,4.2
03/04/2009,18.5
04/04/2009,5.5
05/04/2009,2.5
06/04/2009,0.0
07/04/2009,6.0
08/04/2009,1.5
09/04/2009,31.4
10/04/2009,0.4
11/04/2009,0.1
12/04/2009,1.0
13/04/2009,0.5
14/04/2009,3.0
15/04/2009,82.0
16/04/2009,8.5
17/04/2009,1.0
18/04/2009,17.0
19/04/2009,0.5
20/04/2009,0.0
21/04/2009,0.0
22/04/2009,0.0
23/04/2009,1.5
24/04/2009,11.5
25/04/2009,0.0
26/04/2009,0.0
27/04/2009,14.0
28/04/2009,23.0
29/04/2009,1.5
30/04/2009,0.0
01/05/2009,5.0
02/05/2009,17.5
03/05/2009,1.5
04/05/2009,0.5
05/05/2009,5.4
06/05/2009,7.1
07/05/2009,0.0
08/05/2009,3.7
09/05/2009,26.8
10/05/2009,0.0
11/05/2009,0.0
12/05/2009,19.0
13/05/2009,3.0
14/05/2009,0.0
15/05/2009,0.0
16/05/2009,12.0
17/05/2009,2.5
18/05/2009,10.0
19/05/2009,32.0
20/05/2009,3.3
21/05/2009,1.7
22/05/2009,0.5
23/05/2009,28.0
24/05/2009,15.0
25/05/2009,19.0
26/05/2009,20.2
27/05/2009,0.3
28/05/2009,1.5
29/05/2009,2.5
30/05/2009,9.5
31/05/2009,0.0
01/06/2009,0.0
02/06/2009,0.5
03/06/2009,0.5
04/06/2009,0.0
05/06/2009,0.0
06/06/2009,0.4
07/06/2009,14.6
08/06/2009,0.0
09/06/2009,1.5
10/06/2009,0.5
11/06/2009,4.0
12/06/2009,3.5
13/06/2009,0.0
14/06/2009,0.0
15/06/2009,0.0
16/06/2009,0.0
17/06/2009,0.0
18/06/2009,0.0
19/06/2009,0.0
20/06/2009,10.5
21/06/2009,22.0
22/06/2009,1.5
23/06/2009,0.0
24/06/2009,23.5
25/06/2009,0.0
26/06/2009,0.3
27/06/2009,0.6
28/06/2009,3.5
29/06/2009,0.4
30/06/2009,54.6
01/07/2009,0.0
02/07/2009,0.4
03/07/2009,14.0
04/07/2009,3.0
05/07/2009,21.1
06/07/2009,0.0
07/07/2009,0.0
08/07/2009,13.3
09/07/2009,17.5
10/07/2009,6.9
11/07/2009,11.1
12/07/2009,30.7
13/07/2009,0.0
14/07/2009,0.0
15/07/2009,0.5
16/07/2009,0.0
17/07/2009,0.0
18/07/2009,0.0
19/07/2009,0.0
20/07/2009,0.4
21/07/2009,1.0
22/07/2009,2.0
23/07/2009,12.1
24/07/2009,0.0
25/07/2009,0.0
26/07/2009,0.0
27/07/2009,0.4
28/07/2009,28.5
29/07/2009,7.1
30/07/2009,5.5
31/07/2009,0.0
01/08/2009,0.3
02/08/2009,31.7
03/08/2009,0.0
04/08/2009,0.0
05/08/2009,0.0
06/08/2009,0.5
07/08/2009,0.4
08/08/2009,4.1
09/08/2009,0.0
10/08/2009,6.8
11/08/2009,0.7
12/08/2009,0.4
13/08/2009,14.5
14/08/2009,17.1
15/08/2009,0.0
16/08/2009,0.0
17/08/2009,0.0
18/08/2009,0.4
19/08/2009,11.9
20/08/2009,24.1
21/08/2009,12.0
22/08/2009,6.6
23/08/2009,0.0
24/08/2009,1.3
25/08/2009,17.0
26/08/2009,1.1
27/08/2009,4.6
28/08/2009,28.4
29/08/2009,19.5
30/08/2009,33.6
31/08/2009,0.3
01/09/2009,8.7
02/09/2009,0.0
03/09/2009,0.0
04/09/2009,6.3
05/09/2009,7.7
06/09/2009,33.5
07/09/2009,0.0
08/09/2009,0.5
09/09/2009,0.0
10/09/2009,15.5
11/09/2009,0.0
12/09/2009,0.0
13/09/2009,4.5
14/09/2009,0.0
15/09/2009,1.0
16/09/2009,4.7
17/09/2009,25.2
18/09/2009,0.6
19/09/2009,18.8
20/09/2009,0.2
21/09/2009,9.5
22/09/2009,1.0
23/09/2009,24.0
24/09/2009,8.5
25/09/2009,0.0
26/09/2009,0.0
27/09/2009,0.0
28/09/2009,0.0
29/09/2009,9.3
30/09/2009,0.7
01/10/2009,0.0
02/10/2009,1.0
03/10/2009,21.6
04/10/2009,8.9
05/10/2009,22.4
06/10/2009,2.1
07/10/2009,0.0
08/10/2009,13.5
09/10/2009,2.0
10/10/2009,29.0
11/10/2009,0.0
12/10/2009,0.5
13/10/2009,29.0
14/10/2009,0.0
15/10/2009,2.5
16/10/2009,2.5
17/10/2009,0.5
18/10/2009,13.0
19/10/2009,0.5
20/10/2009,14.0
21/10/2009,4.4
22/10/2009,49.6
23/10/2009,0.5
24/10/2009,4.5
25/10/2009,0.5
26/10/2009,6.0
27/10/2009,31.0
28/10/2009,16.9
29/10/2009,7.5
30/10/2009,6.1
31/10/2009,5.5
01/11/2009,0.4
02/11/2009,21.1
03/11/2009,3.1
04/11/2009,68.0
05/11/2009,120.5
06/11/2009,245.4
07/11/2009,4.5
08/11/2009,1.0
09/11/2009,28.5
10/11/2009,8.0
11/11/2009,0.0
12/11/2009,0.3
13/11/2009,16.0
14/11/2009,6.6
15/11/2009,4.6
16/11/2009,0.0
17/11/2009,8.1
18/11/2009,47.1
19/11/2009,36.2
20/11/2009,211.2
21/11/2009,329.1
22/11/2009,138.3
23/11/2009,86.7
24/11/2009,27.2
25/11/2009,0.0
26/11/2009,0.0
27/11/2009,0.0
28/11/2009,1.0
29/11/2009,5.0
30/11/2009,100.9
01/12/2009,129.9
02/12/2009,235.1
03/12/2009,52.4
04/12/2009,16.4
05/12/2009,14.3
06/12/2009,0.5
07/12/2009,2.5
08/12/2009,0.5
09/12/2009,0.0
10/12/2009,0.0
11/12/2009,0.0
12/12/2009,0.0
13/12/2009,0.4
14/12/2009,2.1
15/12/2009,12.9
16/12/2009,16.5
17/12/2009,92.3
18/12/2009,131.1
19/12/2009,37.3
20/12/2009,25.4
21/12/2009,7.4
22/12/2009,15.4
23/12/2009,22.1
24/12/2009,1.2
25/12/2009,12.2
26/12/2009,22.7
27/12/2009,18.6
28/12/2009,6.0
29/12/2009,0.5
30/12/2009,11.0
31/12/2009,0.0
01/01/2010,52.5
02/01/2010,19.8
03/01/2010,29.0
04/01/2010,41.9
05/01/2010,1.2
06/01/2010,98.5
07/01/2010,24.6
08/01/2010,3.5
09/01/2010,0.0
10/01/2010,0.0
11/01/2010,0.0
12/01/2010,0.0
13/01/2010,6.9
14/01/2010,25.4
15/01/2010,0.2
16/01/2010,0.0
17/01/2010,0.0
18/01/2010,0.0
19/01/2010,0.0
20/01/2010,7.8
21/01/2010,40.7
22/01/2010,0.4
23/01/2010,31.6
24/01/2010,0.5
25/01/2010,2.4
26/01/2010,102.4
27/01/2010,11.8
28/01/2010,1.4
29/01/2010,17.6
30/01/2010,0.0
31/01/2010,0.0
01/02/2010,0.0
02/02/2010,0.0
03/02/2010,8.0
04/02/2010,0.0
05/02/2010,0.0
06/02/2010,0.0
07/02/2010,0.0
08/02/2010,0.0
09/02/2010,0.0
10/02/2010,0.0
11/02/2010,0.0
12/02/2010,0.0
13/02/2010,0.0
14/02/2010,0.0
15/02/2010,0.0
16/02/2010,0.8
17/02/2010,2.5
18/02/2010,24.2
19/02/2010,0.0
20/02/2010,0.5
21/02/2010,0.5
22/02/2010,0.0
23/02/2010,0.0
24/02/2010,0.5
25/02/2010,1.0
26/02/2010,0.0
27/02/2010,0.0
28/02/2010,0.0
01/03/2010,0.0
02/03/2010,0.0
03/03/2010,0.0
04/03/2010,0.0
05/03/2010,0.0
06/03/2010,0.0
07/03/2010,0.0
08/03/2010,0.0
09/03/2010,0.0
10/03/2010,0.4
11/03/2010,5.5
12/03/2010,23.1
13/03/2010,44.0
14/03/2010,6.5
15/03/2010,0.0
16/03/2010,0.0
17/03/2010,3.1
18/03/2010,5.7
19/03/2010,47.3
20/03/2010,15.4
21/03/2010,8.5
22/03/2010,2.5
23/03/2010,0.0
24/03/2010,0.5
25/03/2010,0.0
26/03/2010,18.5
27/03/2010,0.0
28/03/2010,11.9
29/03/2010,14.5
30/03/2010,16.7
31/03/2010,0.0
01/04/2010,2.0
02/04/2010,0.4
03/04/2010,39.8
04/04/2010,4.2
05/04/2010,0.5
06/04/2010,0.0
07/04/2010,0.0
08/04/2010,15.5
09/04/2010,0.0
10/04/2010,0.5
11/04/2010,0.0
12/04/2010,0.0
13/04/2010,0.0
14/04/2010,0.0
15/04/2010,0.0
16/04/2010,0.5
17/04/2010,0.0
18/04/2010,0.5
19/04/2010,0.0
20/04/2010,0.0
21/04/2010,0.0
22/04/2010,0.0
23/04/2010,0.0
24/04/2010,0.8
25/04/2010,70.4
26/04/2010,75.8
27/04/2010,16.0
28/04/2010,0.5
29/04/2010,1.0
30/04/2010,0.0
01/05/2010,0.0
02/05/2010,0.0
03/05/2010,0.0
04/05/2010,0.0
05/05/2010,0.0
06/05/2010,0.5
07/05/2010,0.0
08/05/2010,0.0
09/05/2010,0.0
10/05/2010,0.0
11/05/2010,0.0
12/05/2010,0.5
13/05/2010,24.7
14/05/2010,1.3
15/05/2010,1.0
16/05/2010,0.0
17/05/2010,0.0
18/05/2010,0.4
19/05/2010,9.1
20/05/2010,0.0
21/05/2010,0.0
22/05/2010,20.0
23/05/2010,0.5
24/05/2010,0.0
25/05/2010,0.0
26/05/2010,0.0
27/05/2010,0.0
28/05/2010,0.0
29/05/2010,0.0
30/05/2010,0.0
31/05/2010,0.0
01/06/2010,0.0
02/06/2010,0.0
03/06/2010,0.0
04/06/2010,0.0
05/06/2010,0.0
06/06/2010,0.0
07/06/2010,0.0
08/06/2010,0.0
09/06/2010,0.0
10/06/2010,0.0
11/06/2010,0.0
12/06/2010,0.0
13/06/2010,0.0
14/06/2010,0.0
15/06/2010,0.0
16/06/2010,41.0
17/06/2010,0.5
18/06/2010,0.0
19/06/2010,0.0
20/06/2010,0.5
21/06/2010,0.0
22/06/2010,0.0
23/06/2010,4.1
24/06/2010,0.4
25/06/2010,24.0
26/06/2010,0.0
27/06/2010,0.0
28/06/2010,0.0
29/06/2010,65.0
30/06/2010,0.5
01/07/2010,0.0
02/07/2010,1.0
03/07/2010,14.4
04/07/2010,0.6
05/07/2010,0.0
06/07/2010,0.0
07/07/2010,0.0
08/07/2010,0.0
09/07/2010,0.0
10/07/2010,0.0
11/07/2010,0.7
12/07/2010,7.8
13/07/2010,1.0
14/07/2010,1.0
15/07/2010,0.5
16/07/2010,2.0
17/07/2010,31.5
18/07/2010,12.4
19/07/2010,12.0
20/07/2010,1.0
21/07/2010,0.0
22/07/2010,4.5
23/07/2010,10.0
24/07/2010,0.7
25/07/2010,8.3
26/07/2010,0.0
27/07/2010,0.0
28/07/2010,0.0
29/07/2010,2.8
30/07/2010,2.7
31/07/2010,28.0
01/08/2010,26.3
02/08/2010,0.2
03/08/2010,8.2
04/08/2010,7.5
05/08/2010,78.8
06/08/2010,0.0
07/08/2010,1.5
08/08/2010,0.0
09/08/2010,0.0
10/08/2010,0.5
11/08/2010,7.0
12/08/2010,11.5
13/08/2010,5.5
14/08/2010,9.5
15/08/2010,0.0
16/08/2010,0.0
17/08/2010,6.5
18/08/2010,16.0
19/08/2010,2.0
20/08/2010,0.5
21/08/2010,0.0
22/08/2010,2.5
23/08/2010,23.5
24/08/2010,0.5
25/08/2010,1.5
26/08/2010,16.0
27/08/2010,0.4
28/08/2010,51.1
29/08/2010,7.0
30/08/2010,0.0
31/08/2010,0.5
01/09/2010,0.0
02/09/2010,5.0
03/09/2010,18.0
04/09/2010,10.5
05/09/2010,0.4
06/09/2010,13.6
07/09/2010,0.4
08/09/2010,7.1
09/09/2010,1.0
10/09/2010,1.0
11/09/2010,5.5
12/09/2010,0.5
13/09/2010,0.4
14/09/2010,1.1
15/09/2010,8.5
16/09/2010,0.5
17/09/2010,8.6
18/09/2010,0.9
19/09/2010,0.0
20/09/2010,67.5
21/09/2010,0.0
22/09/2010,0.5
23/09/2010,4.5
24/09/2010,0.5
25/09/2010,0.0
26/09/2010,1.0
27/09/2010,0.0
28/09/2010,8.8
29/09/2010,0.2
30/09/2010,7.0
01/10/2010,1.0
02/10/2010,0.5
03/10/2010,6.5
04/10/2010,3.5
05/10/2010,0.0
06/10/2010,4.8
07/10/2010,0.7
08/10/2010,0.0
09/10/2010,0.0
10/10/2010,0.0
11/10/2010,0.0
12/10/2010,0.5
13/10/2010,0.4
14/10/2010,18.6
15/10/2010,0.0
16/10/2010,0.0
17/10/2010,0.9
18/10/2010,32.6
19/10/2010,0.0
20/10/2010,0.0
21/10/2010,0.9
22/10/2010,1.1
23/10/2010,2.5
24/10/2010,4.5
25/10/2010,75.4
26/10/2010,0.1
27/10/2010,1.0
28/10/2010,15.9
29/10/2010,2.4
30/10/2010,20.5
31/10/2010,48.6
01/11/2010,18.6
02/11/2010,10.5
03/11/2010,19.6
04/11/2010,17.9
05/11/2010,9.5
06/11/2010,9.0
07/11/2010,7.5
08/11/2010,3.5
09/11/2010,39.0
10/11/2010,39.0
11/11/2010,9.5
12/11/2010,1.5
13/11/2010,58.0
14/11/2010,29.5
15/11/2010,1.1
16/11/2010,3.9
17/11/2010,38.0
18/11/2010,5.7
19/11/2010,20.2
20/11/2010,20.0
21/11/2010,1.5
22/11/2010,0.0
23/11/2010,4.5
24/11/2010,61.0
25/11/2010,0.5
26/11/2010,0.0
27/11/2010,0.0
28/11/2010,8.3
29/11/2010,7.2
30/11/2010,5.3
01/12/2010,20.2
02/12/2010,6.0
03/12/2010,8.1
04/12/2010,83.2
05/12/2010,29.7
06/12/2010,41.1
07/12/2010,33.1
08/12/2010,9.9
09/12/2010,10.4
10/12/2010,0.0
11/12/2010,6.5
12/12/2010,0.0
13/12/2010,8.7
14/12/2010,0.3
15/12/2010,0.0
16/12/2010,1.1
17/12/2010,43.5
18/12/2010,34.4
19/12/2010,67.2
20/12/2010,34.6
21/12/2010,11.6
22/12/2010,3.4
23/12/2010,24.2
24/12/2010,9.0
25/12/2010,0.0
26/12/2010,0.0
27/12/2010,14.1
28/12/2010,27.5
29/12/2010,103.4
30/12/2010,59.3
31/12/2010,76.3
01/01/2011,10.6
02/01/2011,51.2
03/01/2011,7.6
04/01/2011,10.2
05/01/2011,158.2
06/01/2011,142.9
07/01/2011,30.2
08/01/2011,48.4
09/01/2011,8.1
10/01/2011,31.5
11/01/2011,0.0
12/01/2011,0.0
13/01/2011,0.0
14/01/2011,8.0
15/01/2011,3.5
16/01/2011,0.8
17/01/2011,18.9
18/01/2011,0.3
19/01/2011,0.0
20/01/2011,0.0
21/01/2011,0.0
22/01/2011,0.0
23/01/2011,0.0
24/01/2011,31.3
25/01/2011,26.0
26/01/2011,42.8
27/01/2011,53.3
28/01/2011,86.6
29/01/2011,50.0
30/01/2011,58.5
31/01/2011,26.3
01/02/2011,36.0
02/02/2011,4.8
03/02/2011,4.3
04/02/2011,0.0
05/02/2011,0.0
06/02/2011,0.0
07/02/2011,0.0
08/02/2011,0.0
09/02/2011,0.0
10/02/2011,0.0
11/02/2011,0.0
12/02/2011,0.0
13/02/2011,0.0
14/02/2011,0.4
15/02/2011,41.4
16/02/2011,3.7
17/02/2011,0.0
18/02/2011,0.0
19/02/2011,0.0
20/02/2011,0.0
21/02/2011,0.0
22/02/2011,0.3
23/02/2011,19.5
24/02/2011,0.6
25/02/2011,0.6
26/02/2011,0.0
27/02/2011,0.0
28/02/2011,0.0
01/03/2011,0.0
02/03/2011,0.0
03/03/2011,0.0
04/03/2011,0.0
05/03/2011,0.0
06/03/2011,4.5
07/03/2011,39.2
08/03/2011,79.9
09/03/2011,153.6
10/03/2011,28.4
11/03/2011,56.1
12/03/2011,68.9
13/03/2011,3.2
14/03/2011,6.0
15/03/2011,9.8
16/03/2011,25.8
17/03/2011,41.9
18/03/2011,10.6
19/03/2011,22.0
20/03/2011,30.4
21/03/2011,14.5
22/03/2011,10.0
23/03/2011,0.5
24/03/2011,5.9
25/03/2011,8.6
26/03/2011,1.0
27/03/2011,3.8
28/03/2011,15.1
29/03/2011,96.6
30/03/2011,10.3
31/03/2011,15.2
01/04/2011,2.0
02/04/2011,8.4
03/04/2011,1.2
04/04/2011,0.5
05/04/2011,1.5
06/04/2011,0.0
07/04/2011,0.0
08/04/2011,0.0
09/04/2011,0.4
10/04/2011,201.7
11/04/2011,114.9
12/04/2011,0.0
13/04/2011,0.0
14/04/2011,0.0
15/04/2011,1.0
16/04/2011,0.0
17/04/2011,0.0
18/04/2011,9.9
19/04/2011,0.5
20/04/2011,10.1
21/04/2011,0.0
22/04/2011,0.0
23/04/2011,0.0
24/04/2011,0.0
25/04/2011,0.0
26/04/2011,0.4
27/04/2011,52.1
28/04/2011,0.0
29/04/2011,0.0
30/04/2011,0.0
01/05/2011,0.4
02/05/2011,0.1
03/05/2011,0.0
04/05/2011,0.0
05/05/2011,15.0
06/05/2011,0.0
07/05/2011,0.6
08/05/2011,35.9
09/05/2011,5.0
10/05/2011,0.5
11/05/2011,15.3
12/05/2011,6.7
13/05/2011,0.0
14/05/2011,1.5
15/05/2011,9.5
16/05/2011,18.0
17/05/2011,5.3
18/05/2011,0.2
19/05/2011,0.0
20/05/2011,1.5
21/05/2011,2.0
22/05/2011,1.5
23/05/2011,7.5
24/05/2011,0.0
25/05/2011,3.5
26/05/2011,0.4
27/05/2011,17.6
28/05/2011,0.0
29/05/2011,19.0
30/05/2011,0.0
31/05/2011,2.5
01/06/2011,0.0
02/06/2011,0.0
03/06/2011,0.0
04/06/2011,12.5
05/06/2011,9.0
06/06/2011,13.5
07/06/2011,11.7
08/06/2011,7.8
09/06/2011,0.5
10/06/2011,0.0
11/06/2011,2.7
12/06/2011,0.3
13/06/2011,3.9
14/06/2011,0.5
15/06/2011,28.1
16/06/2011,0.0
17/06/2011,1.2
18/06/2011,2.8
19/06/2011,0.0
20/06/2011,0.0
21/06/2011,0.5
22/06/2011,46.5
23/06/2011,0.0
24/06/2011,0.0
25/06/2011,0.0
26/06/2011,9.0
27/06/2011,25.5
28/06/2011,0.0
29/06/2011,38.5
30/06/2011,1.5
01/07/2011,0.0
02/07/2011,1.0
03/07/2011,15.0
04/07/2011,33.5
05/07/2011,0.0
06/07/2011,0.0
07/07/2011,0.0
08/07/2011,0.0
09/07/2011,0.0
10/07/2011,4.0
11/07/2011,0.0
12/07/2011,21.5
13/07/2011,20.0
14/07/2011,1.0
15/07/2011,13.5
16/07/2011,0.0
17/07/2011,1.5
18/07/2011,0.0
19/07/2011,0.0
20/07/2011,0.0
21/07/2011,0.5
22/07/2011,5.5
23/07/2011,21.6
24/07/2011,18.4
25/07/2011,0.3
26/07/2011,7.7
27/07/2011,2.5
28/07/2011,1.0
29/07/2011,0.0
30/07/2011,0.0
31/07/2011,0.0
01/08/2011,0.0
02/08/2011,0.5
03/08/2011,38.0
04/08/2011,5.0
05/08/2011,0.0
06/08/2011,0.4
07/08/2011,35.1
08/08/2011,8.5
09/08/2011,3.5
10/08/2011,0.0
11/08/2011,2.5
12/08/2011,5.5
13/08/2011,12.5
14/08/2011,8.5
15/08/2011,9.0
16/08/2011,16.7
17/08/2011,0.3
18/08/2011,0.0
19/08/2011,55.0
20/08/2011,0.0
21/08/2011,1.2
22/08/2011,68.8
23/08/2011,19.4
24/08/2011,4.6
25/08/2011,19.1
26/08/2011,4.9
27/08/2011,21.1
28/08/2011,31.6
29/08/2011,16.9
30/08/2011,0.0
31/08/2011,0.5
01/09/2011,0.5
02/09/2011,7.5
03/09/2011,0.0
04/09/2011,1.5
05/09/2011,19.0
06/09/2011,0.0
07/09/2011,1.0
08/09/2011,0.5
09/09/2011,15.9
10/09/2011,2.6
11/09/2011,0.4
12/09/2011,0.1
13/09/2011,6.0
14/09/2011,19.0
15/09/2011,88.8
16/09/2011,0.2
17/09/2011,6.5
18/09/2011,26.0
19/09/2011,2.0
20/09/2011,18.0
21/09/2011,0.7
22/09/2011,40.4
23/09/2011,2.9
24/09/2011,0.0
25/09/2011,69.7
26/09/2011,15.4
27/09/2011,0.4
28/09/2011,0.0
29/09/2011,0.0
30/09/2011,0.0
01/10/2011,2.5
02/10/2011,27.5
03/10/2011,0.5
04/10/2011,43.5
05/10/2011,67.0
06/10/2011,1.0
07/10/2011,0.5
08/10/2011,28.0
09/10/2011,2.5
10/10/2011,1.7
11/10/2011,1.3
12/10/2011,1.5
13/10/2011,0.0
14/10/2011,0.0
15/10/2011,26.0
16/10/2011,41.5
17/10/2011,0.0
18/10/2011,22.4
19/10/2011,4.1
20/10/2011,3.2
21/10/2011,6.8
22/10/2011,1.7
23/10/2011,18.2
24/10/2011,10.7
25/10/2011,9.9
26/10/2011,22.8
27/10/2011,30.2
28/10/2011,1.8
29/10/2011,40.7
30/10/2011,18.8
31/10/2011,3.1
01/11/2011,26.5
02/11/2011,0.1
03/11/2011,0.0
04/11/2011,0.0
05/11/2011,19.0
06/11/2011,0.5
07/11/2011,3.5
08/11/2011,0.0
09/11/2011,1.0
10/11/2011,9.3
11/11/2011,0.2
12/11/2011,8.2
13/11/2011,1.2
14/11/2011,11.5
15/11/2011,2.9
16/11/2011,22.6
17/11/2011,0.0
18/11/2011,0.0
19/11/2011,10.2
20/11/2011,36.2
21/11/2011,55.5
22/11/2011,264.5
23/11/2011,205.3
24/11/2011,62.7
25/11/2011,51.4
26/11/2011,50.1
27/11/2011,67.1
28/11/2011,73.3
29/11/2011,129.1
30/11/2011,7.9
01/12/2011,8.3
02/12/2011,0.0
03/12/2011,0.5
04/12/2011,104.1
05/12/2011,18.9
06/12/2011,4.0
07/12/2011,0.0
08/12/2011,0.0
09/12/2011,0.5
10/12/2011,109.7
11/12/2011,59.4
12/12/2011,14.5
13/12/2011,0.0
14/12/2011,0.0
15/12/2011,3.3
16/12/2011,96.0
17/12/2011,89.4
18/12/2011,66.4
19/12/2011,8.9
20/12/2011,7.8
21/12/2011,59.2
22/12/2011,25.8
23/12/2011,34.2
24/12/2011,26.9
25/12/2011,6.6
26/12/2011,1.3
27/12/2011,18.3
28/12/2011,22.4
29/12/2011,5.3
30/12/2011,38.9
31/12/2011,17.4
01/01/2012,60.5
02/01/2012,90.7
03/01/2012,16.1
04/01/2012,0.2
05/01/2012,1.8
06/01/2012,0.0
07/01/2012,31.1
08/01/2012,17.9
09/01/2012,7.2
10/01/2012,39.2
11/01/2012,62.6
12/01/2012,82.1
13/01/2012,148.3
14/01/2012,63.6
15/01/2012,1.0
16/01/2012,0.0
17/01/2012,0.0
18/01/2012,48.0
19/01/2012,16.8
20/01/2012,19.7
21/01/2012,0.0
22/01/2012,0.0
23/01/2012,0.0
24/01/2012,0.0
25/01/2012,0.0
26/01/2012,0.0
27/01/2012,46.2
28/01/2012,19.8
29/01/2012,10.9
30/01/2012,2.1
31/01/2012,19.1
01/02/2012,24.7
02/02/2012,14.9
03/02/2012,5.2
04/02/2012,1.5
05/02/2012,10.5
06/02/2012,0.0
07/02/2012,0.0
08/02/2012,0.0
09/02/2012,0.0
10/02/2012,0.5
11/02/2012,54.8
12/02/2012,17.3
13/02/2012,2.9
14/02/2012,0.0
15/02/2012,0.0
16/02/2012,0.0
17/02/2012,7.5
18/02/2012,4.1
19/02/2012,15.4
20/02/2012,1.0
21/02/2012,0.0
22/02/2012,0.0
23/02/2012,2.0
24/02/2012,0.0
25/02/2012,0.0
26/02/2012,0.0
27/02/2012,6.6
28/02/2012,3.3
29/02/2012,4.1
01/03/2012,19.5
02/03/2012,101.8
03/03/2012,39.7
04/03/2012,1.5
05/03/2012,92.5
06/03/2012,0.5
07/03/2012,0.3
08/03/2012,2.2
09/03/2012,6.0
10/03/2012,0.4
11/03/2012,32.6
12/03/2012,25.6
13/03/2012,19.0
14/03/2012,17.0
15/03/2012,3.5
16/03/2012,0.0
17/03/2012,0.0
18/03/2012,0.0
19/03/2012,0.0
20/03/2012,2.5
21/03/2012,0.0
22/03/2012,0.0
23/03/2012,0.0
24/03/2012,22.0
25/03/2012,0.5
26/03/2012,40.8
27/03/2012,0.2
28/03/2012,0.0
29/03/2012,0.4
30/03/2012,3.6
31/03/2012,31.5
01/04/2012,6.5
02/04/2012,22.0
03/04/2012,31.0
04/04/2012,0.0
05/04/2012,1.0
06/04/2012,48.0
07/04/2012,0.0
08/04/2012,2.4
09/04/2012,4.6
10/04/2012,36.5
11/04/2012,21.5
12/04/2012,0.5
13/04/2012,0.0
14/04/2012,15.0
15/04/2012,10.0
16/04/2012,60.0
17/04/2012,0.0
18/04/2012,10.0
19/04/2012,0.0
20/04/2012,83.0
21/04/2012,0.5
22/04/2012,11.5
23/04/2012,0.0
24/04/2012,7.0
25/04/2012,39.5
26/04/2012,11.1
27/04/2012,27.7
28/04/2012,0.3
29/04/2012,53.0
30/04/2012,12.0
01/05/2012,26.0
02/05/2012,9.5
03/05/2012,0.0
04/05/2012,20.3
05/05/2012,0.7
06/05/2012,70.6
07/05/2012,0.9
08/05/2012,8.8
09/05/2012,7.5
10/05/2012,45.7
11/05/2012,0.0
12/05/2012,0.0
13/05/2012,0.0
14/05/2012,0.5
15/05/2012,0.5
16/05/2012,0.0
17/05/2012,0.0
18/05/2012,0.0
19/05/2012,14.5
20/05/2012,26.0
21/05/2012,0.0
22/05/2012,1.0
23/05/2012,2.0
24/05/2012,1.8
25/05/2012,8.2
26/05/2012,0.0
27/05/2012,0.5
28/05/2012,21.5
29/05/2012,0.0
30/05/2012,1.5
31/05/2012,4.5
01/06/2012,41.0
02/06/2012,7.4
03/06/2012,0.1
04/06/2012,0.0
05/06/2012,0.0
06/06/2012,0.0
07/06/2012,0.0
08/06/2012,0.0
09/06/2012,0.0
10/06/2012,19.5
11/06/2012,0.0
12/06/2012,0.0
13/06/2012,0.0
14/06/2012,0.0
15/06/2012,0.0
16/06/2012,0.0
17/06/2012,0.0
18/06/2012,0.0
19/06/2012,0.0
20/06/2012,1.0
21/06/2012,3.5
22/06/2012,0.5
23/06/2012,0.0
24/06/2012,1.5
25/06/2012,0.0
26/06/2012,0.0
27/06/2012,10.0
28/06/2012,0.0
29/06/2012,0.0
30/06/2012,0.0
01/07/2012,0.0
02/07/2012,3.0
03/07/2012,0.0
04/07/2012,36.0
05/07/2012,6.4
06/07/2012,26.6
07/07/2012,7.5
08/07/2012,17.6
09/07/2012,40.9
10/07/2012,0.8
11/07/2012,0.7
12/07/2012,1.5
13/07/2012,0.0
14/07/2012,0.0
15/07/2012,38.5
16/07/2012,0.0
17/07/2012,0.0
18/07/2012,25.9
19/07/2012,4.4
20/07/2012,1.6
21/07/2012,20.5
22/07/2012,6.5
23/07/2012,0.0
24/07/2012,0.0
25/07/2012,0.0
26/07/2012,0.0
27/07/2012,0.0
28/07/2012,0.0
29/07/2012,0.0
30/07/2012,0.0
31/07/2012,0.0
01/08/2012,1.5
02/08/2012,0.0
03/08/2012,0.5
04/08/2012,12.0
05/08/2012,1.0
06/08/2012,3.0
07/08/2012,19.0
08/08/2012,0.0
09/08/2012,0.0
10/08/2012,0.0
11/08/2012,1.5
12/08/2012,0.5
13/08/2012,1.5
14/08/2012,0.5
15/08/2012,3.0
16/08/2012,2.0
17/08/2012,0.0
18/08/2012,0.0
19/08/2012,14.5
20/08/2012,0.0
21/08/2012,1.0
22/08/2012,0.0
23/08/2012,0.0
24/08/2012,3.5
25/08/2012,0.0
26/08/2012,0.4
27/08/2012,4.1
28/08/2012,7.5
29/08/2012,0.0
30/08/2012,0.5
31/08/2012,0.0
01/09/2012,5.0
02/09/2012,0.0
03/09/2012,2.8
04/09/2012,13.2
05/09/2012,6.1
06/09/2012,0.0
07/09/2012,7.5
08/09/2012,5.9
09/09/2012,3.6
10/09/2012,0.0
11/09/2012,30.4
12/09/2012,14.7
13/09/2012,43.8
14/09/2012,0.1
15/09/2012,4.0
16/09/2012,0.0
17/09/2012,20.0
18/09/2012,10.0
19/09/2012,6.6
20/09/2012,38.9
21/09/2012,1.0
22/09/2012,0.5
23/09/2012,0.0
24/09/2012,20.0
25/09/2012,0.4
26/09/2012,12.1
27/09/2012,9.3
28/09/2012,0.2
29/09/2012,0.0
30/09/2012,0.0
01/10/2012,0.0
02/10/2012,21.5
03/10/2012,0.0
04/10/2012,47.0
05/10/2012,0.0
06/10/2012,19.0
07/10/2012,23.0
08/10/2012,10.8
09/10/2012,6.2
10/10/2012,10.5
11/10/2012,42.2
12/10/2012,12.3
13/10/2012,0.0
14/10/2012,59.2
15/10/2012,19.3
16/10/2012,61.5
17/10/2012,3.3
18/10/2012,18.7
19/10/2012,45.5
20/10/2012,0.4
21/10/2012,10.5
22/10/2012,22.1
23/10/2012,2.0
24/10/2012,51.7
25/10/2012,8.6
26/10/2012,0.2
27/10/2012,0.0
28/10/2012,0.0
29/10/2012,0.0
30/10/2012,0.0
31/10/2012,0.4
01/11/2012,21.6
02/11/2012,8.1
03/11/2012,18.0
04/11/2012,11.4
05/11/2012,11.6
06/11/2012,20.8
07/11/2012,0.6
08/11/2012,8.1
09/11/2012,0.4
10/11/2012,15.5
11/11/2012,3.3
12/11/2012,3.2
13/11/2012,0.6
14/11/2012,0.5
15/11/2012,0.0
16/11/2012,0.0
17/11/2012,0.0
18/11/2012,0.0
19/11/2012,15.5
20/11/2012,74.5
21/11/2012,2.5
22/11/2012,0.0
23/11/2012,0.0
24/11/2012,0.0
25/11/2012,11.0
26/11/2012,5.2
27/11/2012,24.5
28/11/2012,2.7
29/11/2012,10.7
30/11/2012,38.0
01/12/2012,5.7
02/12/2012,12.0
03/12/2012,2.2
04/12/2012,3.8
05/12/2012,1.5
06/12/2012,0.5
07/12/2012,4.5
08/12/2012,4.0
09/12/2012,0.0
10/12/2012,3.0
11/12/2012,6.2
12/12/2012,13.3
13/12/2012,13.0
14/12/2012,9.5
15/12/2012,60.8
16/12/2012,68.3
17/12/2012,9.4
18/12/2012,30.8
19/12/2012,61.9
20/12/2012,77.1
21/12/2012,124.9
22/12/2012,40.6
23/12/2012,73.7
24/12/2012,149.4
25/12/2012,138.8
26/12/2012,27.8
27/12/2012,40.0
28/12/2012,34.0
29/12/2012,0.0
30/12/2012,23.1
31/12/2012,270.7
01/01/2013,20.0
02/01/2013,44.5
03/01/2013,67.4
04/01/2013,8.3
05/01/2013,0.9
06/01/2013,0.0
07/01/2013,0.0
08/01/2013,18.0
09/01/2013,10.0
10/01/2013,1.0
11/01/2013,10.7
12/01/2013,7.8
13/01/2013,6.5
14/01/2013,0.0
15/01/2013,0.5
16/01/2013,9.5
17/01/2013,0.5
18/01/2013,27.8
19/01/2013,6.9
20/01/2013,11.0
21/01/2013,54.9
22/01/2013,10.3
23/01/2013,32.0
24/01/2013,47.3
25/01/2013,0.0
26/01/2013,0.0
27/01/2013,0.0
28/01/2013,0.0
29/01/2013,0.0
30/01/2013,0.0
31/01/2013,3.7
01/02/2013,0.8
02/02/2013,0.9
03/02/2013,20.4
04/02/2013,31.4
05/02/2013,1.3
06/02/2013,0.0
07/02/2013,0.0
08/02/2013,0.0
09/02/2013,0.4
10/02/2013,8.9
11/02/2013,92.6
12/02/2013,193.8
13/02/2013,32.1
14/02/2013,53.7
15/02/2013,93.4
16/02/2013,27.8
17/02/2013,0.9
18/02/2013,45.9
19/02/2013,0.6
20/02/2013,0.0
21/02/2013,0.0
22/02/2013,4.0
23/02/2013,1.5
24/02/2013,77.7
25/02/2013,162.6
26/02/2013,179.2
27/02/2013,9.0
28/02/2013,59.6
01/03/2013,13.9
02/03/2013,0.4
03/03/2013,0.1
04/03/2013,0.0
05/03/2013,1.0
06/03/2013,23.6
07/03/2013,19.0
08/03/2013,0.0
09/03/2013,0.0
10/03/2013,0.0
11/03/2013,0.0
12/03/2013,0.0
13/03/2013,0.0
14/03/2013,0.0
15/03/2013,0.0
16/03/2013,4.5
17/03/2013,0.0
18/03/2013,0.0
19/03/2013,0.0
20/03/2013,0.0
21/03/2013,1.5
22/03/2013,0.0
23/03/2013,0.0
24/03/2013,0.0
25/03/2013,0.0
26/03/2013,0.0
27/03/2013,0.0
28/03/2013,0.0
29/03/2013,0.0
30/03/2013,0.0
31/03/2013,0.0
01/04/2013,0.0
02/04/2013,0.0
03/04/2013,0.0
04/04/2013,0.0
05/04/2013,5.0
06/04/2013,3.0
07/04/2013,0.0
08/04/2013,0.0
09/04/2013,0.0
10/04/2013,4.0
11/04/2013,5.0
12/04/2013,5.5
13/04/2013,23.0
14/04/2013,3.5
15/04/2013,33.0
16/04/2013,6.5
17/04/2013,6.0
18/04/2013,5.5
19/04/2013,21.5
20/04/2013,0.0
21/04/2013,0.0
22/04/2013,61.0
23/04/2013,0.5
24/04/2013,1.3
25/04/2013,12.7
26/04/2013,0.0
27/04/2013,127.5
28/04/2013,8.5
29/04/2013,0.5
30/04/2013,35.5
01/05/2013,17.7
02/05/2013,30.3
03/05/2013,78.0
04/05/2013,0.0
05/05/2013,4.5
06/05/2013,6.5
07/05/2013,0.0
08/05/2013,0.0
09/05/2013,2.0
10/05/2013,4.0
11/05/2013,0.0
12/05/2013,0.0
13/05/2013,2.9
14/05/2013,2.9
15/05/2013,49.7
16/05/2013,0.0
17/05/2013,21.5
18/05/2013,11.5
19/05/2013,5.0
20/05/2013,3.0
21/05/2013,0.0
22/05/2013,26.5
23/05/2013,0.0
24/05/2013,6.0
25/05/2013,1.0
26/05/2013,65.0
27/05/2013,0.0
28/05/2013,64.0
29/05/2013,21.2
30/05/2013,41.3
31/05/2013,0.0
01/06/2013,0.0
02/06/2013,0.0
03/06/2013,0.0
04/06/2013,0.5
05/06/2013,21.2
06/06/2013,0.3
07/06/2013,0.0
08/06/2013,0.5
09/06/2013,0.5
10/06/2013,0.0
11/06/2013,26.5
12/06/2013,0.0
13/06/2013,5.5
14/06/2013,1.5
15/06/2013,0.0
16/06/2013,0.0
17/06/2013,0.0
18/06/2013,0.0
19/06/2013,0.0
20/06/2013,0.0
21/06/2013,0.0
22/06/2013,0.0
23/06/2013,0.0
24/06/2013,13.0
25/06/2013,3.0
26/06/2013,26.5
27/06/2013,0.0
28/06/2013,0.0
29/06/2013,3.5
30/06/2013,0.0
01/07/2013,0.0
02/07/2013,0.0
03/07/2013,12.9
04/07/2013,24.2
05/07/2013,0.3
06/07/2013,0.0
07/07/2013,30.5
08/07/2013,0.0
09/07/2013,0.9
10/07/2013,37.1
11/07/2013,2.5
12/07/2013,1.0
13/07/2013,25.0
14/07/2013,11.0
15/07/2013,0.0
16/07/2013,5.0
17/07/2013,8.5
18/07/2013,0.0
19/07/2013,0.0
20/07/2013,0.0
21/07/2013,0.0
22/07/2013,0.0
23/07/2013,0.0
24/07/2013,0.0
25/07/2013,0.4
26/07/2013,7.1
27/07/2013,1.5
28/07/2013,0.0
29/07/2013,0.0
30/07/2013,15.6
31/07/2013,1.9
01/08/2013,32.3
02/08/2013,21.6
03/08/2013,4.7
04/08/2013,0.5
05/08/2013,55.0
06/08/2013,1.5
07/08/2013,0.0
08/08/2013,38.5
09/08/2013,0.3
10/08/2013,0.7
11/08/2013,0.0
12/08/2013,0.5
13/08/2013,11.0
14/08/2013,0.0
15/08/2013,9.9
16/08/2013,21.6
17/08/2013,12.5
18/08/2013,8.0
19/08/2013,13.5
20/08/2013,8.5
21/08/2013,6.9
22/08/2013,37.6
23/08/2013,0.0
24/08/2013,0.0
25/08/2013,21.3
26/08/2013,2.5
27/08/2013,2.7
28/08/2013,15.0
29/08/2013,50.5
30/08/2013,77.0
31/08/2013,0.0
01/09/2013,1.0
02/09/2013,0.0
03/09/2013,0.0
04/09/2013,58.5
05/09/2013,1.5
06/09/2013,5.0
07/09/2013,12.0
08/09/2013,87.3
09/09/2013,11.2
10/09/2013,0.0
11/09/2013,16.4
12/09/2013,2.1
13/09/2013,4.0
14/09/2013,21.6
15/09/2013,15.9
16/09/2013,1.5
17/09/2013,0.0
18/09/2013,0.0
19/09/2013,0.0
20/09/2013,0.0
21/09/2013,0.0
22/09/2013,0.0
23/09/2013,0.0
24/09/2013,0.0
25/09/2013,3.0
26/09/2013,1.0
27/09/2013,1.0
28/09/2013,35.0
29/09/2013,0.0
30/09/2013,0.0
01/10/2013,40.5
02/10/2013,27.6
03/10/2013,30.0
04/10/2013,33.9
05/10/2013,0.5
06/10/2013,9.5
07/10/2013,8.5
08/10/2013,13.8
09/10/2013,2.7
10/10/2013,12.5
11/10/2013,3.5
12/10/2013,1.0
13/10/2013,3.7
14/10/2013,13.8
15/10/2013,3.0
16/10/2013,2.5
17/10/2013,0.4
18/10/2013,1.7
19/10/2013,17.2
20/10/2013,2.6
21/10/2013,24.6
22/10/2013,15.3
23/10/2013,0.1
24/10/2013,10.0
25/10/2013,24.5
26/10/2013,0.5
27/10/2013,67.5
28/10/2013,26.0
29/10/2013,8.5
30/10/2013,12.0
31/10/2013,0.0
01/11/2013,38.0
02/11/2013,0.5
03/11/2013,3.5
04/11/2013,7.5
05/11/2013,31.0
06/11/2013,0.0
07/11/2013,63.0
08/11/2013,1.0
09/11/2013,24.0
10/11/2013,5.0
11/11/2013,44.0
12/11/2013,0.0
13/11/2013,29.0
14/11/2013,1.0
15/11/2013,0.0
16/11/2013,0.0
17/11/2013,11.0
18/11/2013,26.0
19/11/2013,30.0
20/11/2013,111.5
21/11/2013,7.0
22/11/2013,0.5
23/11/2013,0.0
24/11/2013,25.5
25/11/2013,0.0
26/11/2013,1.0
27/11/2013,6.5
28/11/2013,24.0
29/11/2013,28.0
30/11/2013,167.0
01/12/2013,103.0
02/12/2013,184.5
03/12/2013,328.0
04/12/2013,223.5
05/12/2013,70.5
06/12/2013,82.5
07/12/2013,39.0
08/12/2013,1.0
09/12/2013,34.5
10/12/2013,287.0
11/12/2013,2.5
12/12/2013,4.5
13/12/2013,0.0
14/12/2013,3.5
15/12/2013,2.0
16/12/2013,6.5
17/12/2013,5.5
18/12/2013,7.0
19/12/2013,62.0
20/12/2013,8.0
21/12/2013,2.5
22/12/2013,0.0
23/12/2013,18.5
24/12/2013,1.0
25/12/2013,5.5
26/12/2013,2.5
27/12/2013,19.0
28/12/2013,28.0
29/12/2013,9.0
30/12/2013,5.5
31/12/2013,7.0
01/01/2014,8.0
02/01/2014,15.0
03/01/2014,21.5
04/01/2014,4.0
05/01/2014,8.5
06/01/2014,0.5
07/01/2014,0.5
08/01/2014,0.0
09/01/2014,0.0
10/01/2014,0.0
11/01/2014,0.0
12/01/2014,0.0
13/01/2014,0.0
14/01/2014,0.0
15/01/2014,0.0
16/01/2014,0.0
17/01/2014,0.0
18/01/2014,0.0
19/01/2014,0.0
20/01/2014,0.0
21/01/2014,0.0
22/01/2014,1.5
23/01/2014,0.0
24/01/2014,0.0
25/01/2014,0.0
26/01/2014,0.0
27/01/2014,0.0
28/01/2014,0.0
29/01/2014,0.0
30/01/2014,0.0
31/01/2014,0.0
01/02/2014,0.0
02/02/2014,0.0
03/02/2014,0.0
04/02/2014,0.0
05/02/2014,0.0
06/02/2014,0.0
07/02/2014,0.0
08/02/2014,0.0
09/02/2014,0.0
10/02/2014,0.0
11/02/2014,0.0
12/02/2014,0.0
13/02/2014,0.0
14/02/2014,0.0
15/02/2014,0.0
16/02/2014,0.0
17/02/2014,0.0
18/02/2014,0.0
19/02/2014,0.0
20/02/2014,0.0
21/02/2014,0.0
22/02/2014,0.0
23/02/2014,0.0
24/02/2014,0.0
25/02/2014,0.0
26/02/2014,0.0
27/02/2014,0.0
28/02/2014,0.0
01/03/2014,0.0
02/03/2014,0.0
03/03/2014,0.0
04/03/2014,0.0
05/03/2014,0.0
06/03/2014,0.0
07/03/2014,0.0
08/03/2014,0.0
09/03/2014,0.0
10/03/2014,0.0
11/03/2014,0.0
12/03/2014,0.0
13/03/2014,0.0
14/03/2014,0.4
15/03/2014,10.9
16/03/2014,5.7
17/03/2014,0.5
18/03/2014,3.0
19/03/2014,0.0
20/03/2014,0.0
21/03/2014,0.0
22/03/2014,0.4
23/03/2014,4.6
24/03/2014,0.0
25/03/2014,0.0
26/03/2014,0.0
27/03/2014,0.0
28/03/2014,0.0
29/03/2014,0.0
30/03/2014,0.0
31/03/2014,0.0
01/04/2014,0.0
02/04/2014,0.0
03/04/2014,1.0
04/04/2014,0.0
05/04/2014,0.0
06/04/2014,0.0
07/04/2014,0.0
08/04/2014,0.0
09/04/2014,0.0
10/04/2014,0.0
11/04/2014,0.0
12/04/2014,0.0
13/04/2014,0.0
14/04/2014,0.0
15/04/2014,0.0
16/04/2014,0.0
17/04/2014,0.0
18/04/2014,12.5
19/04/2014,0.4
20/04/2014,6.6
21/04/2014,0.0
22/04/2014,40.5
23/04/2014,0.0
24/04/2014,1.0
25/04/2014,1.5
26/04/2014,63.0
27/04/2014,0.0
28/04/2014,0.0
29/04/2014,0.0
30/04/2014,0.0
01/05/2014,0.0
02/05/2014,4.0
03/05/2014,0.0
04/05/2014,0.0
05/05/2014,5.0
06/05/2014,0.0
07/05/2014,9.5
08/05/2014,0.0
09/05/2014,0.0
10/05/2014,4.0
11/05/2014,1.0
12/05/2014,32.0
13/05/2014,0.5
14/05/2014,42.5
15/05/2014,0.5
16/05/2014,4.0
17/05/2014,6.0
18/05/2014,52.4
19/05/2014,0.1
20/05/2014,0.0
21/05/2014,0.0
22/05/2014,1.5
23/05/2014,0.0
24/05/2014,2.5
25/05/2014,0.0
26/05/2014,0.0
27/05/2014,40.0
28/05/2014,26.0
29/05/2014,0.0
30/05/2014,13.0
31/05/2014,0.0
01/06/2014,5.0
02/06/2014,5.0
03/06/2014,1.5
04/06/2014,0.5
05/06/2014,35.0
06/06/2014,16.5
07/06/2014,0.0
08/06/2014,13.0
09/06/2014,4.5
10/06/2014,0.0
11/06/2014,0.0
12/06/2014,25.5
13/06/2014,0.0
14/06/2014,0.0
15/06/2014,0.0
16/06/2014,0.0
17/06/2014,0.0
18/06/2014,0.0
19/06/2014,0.0
20/06/2014,0.0
21/06/2014,0.5
22/06/2014,18.5
23/06/2014,0.0
24/06/2014,0.0
25/06/2014,5.5
26/06/2014,12.0
27/06/2014,3.5
28/06/2014,0.4
29/06/2014,46.1
30/06/2014,65.1
01/07/2014,18.4
02/07/2014,0.5
03/07/2014,0.0
04/07/2014,15.0
05/07/2014,0.0
06/07/2014,0.0
07/07/2014,1.1
08/07/2014,25.9
09/07/2014,0.4
10/07/2014,0.1
11/07/2014,32.9
12/07/2014,0.1
13/07/2014,0.0
14/07/2014,0.0
15/07/2014,0.0
16/07/2014,2.8
17/07/2014,4.2
18/07/2014,0.9
19/07/2014,0.0
20/07/2014,0.0
21/07/2014,0.0
22/07/2014,0.5
23/07/2014,0.0
24/07/2014,0.0
25/07/2014,0.5
26/07/2014,0.0
27/07/2014,0.0
28/07/2014,2.1
29/07/2014,10.4
30/07/2014,0.4
31/07/2014,2.1
01/08/2014,0.0
02/08/2014,0.5
03/08/2014,18.5
04/08/2014,0.0
05/08/2014,2.5
06/08/2014,2.0
07/08/2014,0.5
08/08/2014,5.0
09/08/2014,0.0
10/08/2014,0.0
11/08/2014,39.5
12/08/2014,5.5
13/08/2014,90.5
14/08/2014,0.5
15/08/2014,14.5
16/08/2014,1.4
17/08/2014,4.6
18/08/2014,13.8
19/08/2014,14.7
20/08/2014,7.0
21/08/2014,2.0
22/08/2014,0.0
23/08/2014,9.0
24/08/2014,12.5
25/08/2014,43.9
26/08/2014,1.1
27/08/2014,0.5
28/08/2014,0.0
29/08/2014,0.0
30/08/2014,17.0
31/08/2014,0.5
01/09/2014,8.5
02/09/2014,16.5
03/09/2014,0.0
04/09/2014,12.0
05/09/2014,0.0
06/09/2014,0.0
07/09/2014,0.0
08/09/2014,0.0
09/09/2014,5.0
10/09/2014,0.0
11/09/2014,0.0
12/09/2014,7.8
13/09/2014,28.2
14/09/2014,20.0
15/09/2014,6.5
16/09/2014,0.0
17/09/2014,0.0
18/09/2014,0.0
19/09/2014,3.0
20/09/2014,0.0
21/09/2014,29.5
22/09/2014,0.3
23/09/2014,1.7
24/09/2014,0.0
25/09/2014,1.3
26/09/2014,7.7
27/09/2014,0.0
28/09/2014,0.0
29/09/2014,0.0
30/09/2014,18.0
01/10/2014,20.5
02/10/2014,1.5
03/10/2014,8.0
04/10/2014,26.0
05/10/2014,0.5
06/10/2014,0.0
07/10/2014,0.0
08/10/2014,0.0
09/10/2014,0.0
10/10/2014,1.0
11/10/2014,3.5
12/10/2014,4.0
13/10/2014,1.5
14/10/2014,8.0
15/10/2014,15.1
16/10/2014,0.4
17/10/2014,22.3
18/10/2014,40.2
19/10/2014,4.5
20/10/2014,0.5
21/10/2014,0.0
22/10/2014,1.0
23/10/2014,45.0
24/10/2014,23.5
25/10/2014,28.5
26/10/2014,0.5
27/10/2014,0.0
28/10/2014,0.5
29/10/2014,33.5
30/10/2014,0.5
31/10/2014,2.3
01/11/2014,31.7
02/11/2014,30.5
03/11/2014,1.5
04/11/2014,19.5
05/11/2014,12.2
06/11/2014,1.7
07/11/2014,1.1
08/11/2014,62.8
09/11/2014,5.2
10/11/2014,0.0
11/11/2014,0.0
12/11/2014,5.3
13/11/2014,14.4
14/11/2014,47.8
15/11/2014,14.8
16/11/2014,19.3
17/11/2014,40.2
18/11/2014,170.5
19/11/2014,12.6
20/11/2014,65.5
21/11/2014,0.0
22/11/2014,0.0
23/11/2014,0.3
24/11/2014,19.7
25/11/2014,0.9
26/11/2014,2.5
27/11/2014,0.0
28/11/2014,27.6
29/11/2014,0.4
30/11/2014,51.0
01/12/2014,18.5
02/12/2014,0.5
03/12/2014,0.4
04/12/2014,21.6
05/12/2014,19.2
06/12/2014,9.3
07/12/2014,37.8
08/12/2014,12.0
09/12/2014,7.1
10/12/2014,1.1
11/12/2014,0.0
12/12/2014,0.0
13/12/2014,0.0
14/12/2014,25.4
15/12/2014,200.9
16/12/2014,70.0
17/12/2014,319.6
18/12/2014,256.7
19/12/2014,65.1
20/12/2014,61.2
21/12/2014,116.5
22/12/2014,287.8
23/12/2014,187.5
24/12/2014,96.6
25/12/2014,76.0
26/12/2014,115.2
27/12/2014,43.0
28/12/2014,102.5
29/12/2014,121.1
30/12/2014,8.4
31/12/2014,1.0
01/01/2015,0.3
02/01/2015,2.7
03/01/2015,2.8
04/01/2015,14.7
05/01/2015,2.4
06/01/2015,37.6
07/01/2015,68.9
08/01/2015,153.5
09/01/2015,46.8
10/01/2015,41.1
11/01/2015,4.5
12/01/2015,1.2
13/01/2015,3.6
14/01/2015,2.9
15/01/2015,0.5
16/01/2015,0.0
17/01/2015,0.0
18/01/2015,0.4
19/01/2015,7.6
20/01/2015,2.2
21/01/2015,1.3
22/01/2015,0.0
23/01/2015,1.5
24/01/2015,0.5
25/01/2015,0.0
26/01/2015,0.0
27/01/2015,0.0
28/01/2015,0.3
29/01/2015,23.7
30/01/2015,2.0
31/01/2015,0.0
01/02/2015,0.3
02/02/2015,3.7
03/02/2015,45.1
04/02/2015,17.3
05/02/2015,1.6
06/02/2015,1.9
07/02/2015,3.1
08/02/2015,0.9
09/02/2015,14.1
10/02/2015,0.0
11/02/2015,0.0
12/02/2015,0.0
13/02/2015,0.0
14/02/2015,0.0
15/02/2015,0.0
16/02/2015,0.0
17/02/2015,0.0
18/02/2015,0.0
19/02/2015,0.0
20/02/2015,0.0
21/02/2015,0.0
22/02/2015,0.0
23/02/2015,0.0
24/02/2015,0.0
25/02/2015,0.0
26/02/2015,0.0
27/02/2015,0.0
28/02/2015,0.0
01/03/2015,0.0
02/03/2015,0.0
03/03/2015,0.0
04/03/2015,0.0
05/03/2015,0.0
06/03/2015,0.0
07/03/2015,0.0
08/03/2015,0.3
09/03/2015,3.7
10/03/2015,1.5
11/03/2015,0.0
12/03/2015,0.0
13/03/2015,0.0
14/03/2015,0.0
15/03/2015,0.0
16/03/2015,0.0
17/03/2015,0.0
18/03/2015,0.0
19/03/2015,0.0
20/03/2015,0.0
21/03/2015,0.0
22/03/2015,0.0
23/03/2015,0.0
24/03/2015,0.0
25/03/2015,1.3
26/03/2015,15.7
27/03/2015,7.4
28/03/2015,2.6
29/03/2015,14.6
30/03/2015,16.4
31/03/2015,13.5
01/04/2015,6.5
02/04/2015,1.5
03/04/2015,0.0
04/04/2015,0.0
05/04/2015,0.0
06/04/2015,0.0
07/04/2015,0.0
08/04/2015,0.0
09/04/2015,4.0
10/04/2015,15.5
11/04/2015,1.0
12/04/2015,0.0
13/04/2015,0.0
14/04/2015,46.0
15/04/2015,2.5
16/04/2015,0.0
17/04/2015,0.0
18/04/2015,0.2
19/04/2015,1.3
20/04/2015,5.0
21/04/2015,0.0
22/04/2015,0.0
23/04/2015,0.0
24/04/2015,0.4
25/04/2015,2.1
26/04/2015,5.5
27/04/2015,12.5
28/04/2015,0.0
29/04/2015,0.0
30/04/2015,1.5
01/05/2015,6.5
02/05/2015,0.5
03/05/2015,0.0
04/05/2015,0.0
05/05/2015,0.0
06/05/2015,0.0
07/05/2015,0.0
08/05/2015,0.0
09/05/2015,54.0
10/05/2015,0.4
11/05/2015,5.6
12/05/2015,0.0
13/05/2015,2.0
14/05/2015,0.0
15/05/2015,5.0
16/05/2015,1.5
17/05/2015,0.5
18/05/2015,8.0
19/05/2015,0.0
20/05/2015,2.0
21/05/2015,0.0
22/05/2015,40.0
23/05/2015,0.0
24/05/2015,8.0
25/05/2015,7.5
26/05/2015,17.0
27/05/2015,49.0
28/05/2015,0.0
29/05/2015,37.5
30/05/2015,0.0
31/05/2015,0.0
01/06/2015,0.0
02/06/2015,0.0
03/06/2015,0.0
04/06/2015,0.0
05/06/2015,0.0
06/06/2015,0.0
07/06/2015,0.0
08/06/2015,0.0
09/06/2015,0.5
10/06/2015,0.3
11/06/2015,5.7
12/06/2015,4.5
13/06/2015,81.6
14/06/2015,0.8
15/06/2015,0.7
16/06/2015,0.0
17/06/2015,0.0
18/06/2015,0.0
19/06/2015,0.0
20/06/2015,0.0
21/06/2015,0.5
22/06/2015,0.0
23/06/2015,0.0
24/06/2015,0.0
25/06/2015,0.0
26/06/2015,0.5
27/06/2015,0.5
28/06/2015,7.0
29/06/2015,0.0
30/06/2015,0.4
01/07/2015,6.6
02/07/2015,1.0
03/07/2015,2.3
04/07/2015,11.7
05/07/2015,0.0
06/07/2015,24.5
07/07/2015,6.0
08/07/2015,1.0
09/07/2015,0.0
10/07/2015,0.0
11/07/2015,0.0
12/07/2015,0.0
13/07/2015,0.0
14/07/2015,0.0
15/07/2015,28.0
16/07/2015,7.5
17/07/2015,0.5
18/07/2015,10.0
19/07/2015,13.5
20/07/2015,0.0
21/07/2015,24.0
22/07/2015,0.0
23/07/2015,0.0
24/07/2015,0.0
25/07/2015,0.0
26/07/2015,10.5
27/07/2015,0.5
28/07/2015,0.0
29/07/2015,0.0
30/07/2015,12.5
31/07/2015,2.5
01/08/2015,10.0
02/08/2015,0.4
03/08/2015,16.6
04/08/2015,6.0
05/08/2015,0.0
06/08/2015,0.0
07/08/2015,0.0
08/08/2015,2.0
09/08/2015,8.0
10/08/2015,8.5
11/08/2015,0.5
12/08/2015,25.0
13/08/2015,24.5
14/08/2015,0.5
15/08/2015,23.5
16/08/2015,0.0
17/08/2015,0.0
18/08/2015,0.0
19/08/2015,2.9
20/08/2015,20.9
21/08/2015,0.2
22/08/2015,0.0
23/08/2015,4.5
24/08/2015,2.5
25/08/2015,0.5
26/08/2015,0.0
27/08/2015,0.0
28/08/2015,0.0
29/08/2015,0.0
30/08/2015,17.0
31/08/2015,0.5
01/09/2015,6.0
02/09/2015,0.5
03/09/2015,0.0
04/09/2015,0.0
05/09/2015,2.5
06/09/2015,40.5
07/09/2015,1.2
08/09/2015,4.3
09/09/2015,33.2
10/09/2015,0.3
11/09/2015,0.0
12/09/2015,34.5
13/09/2015,1.0
14/09/2015,0.0
15/09/2015,0.0
16/09/2015,10.8
17/09/2015,1.7
18/09/2015,1.0
19/09/2015,0.5
20/09/2015,0.0
21/09/2015,0.0
22/09/2015,4.5
23/09/2015,0.0
24/09/2015,0.0
25/09/2015,0.5
26/09/2015,1.0
27/09/2015,46.2
28/09/2015,1.8
29/09/2015,11.5
30/09/2015,0.5
01/10/2015,10.0
02/10/2015,6.5
03/10/2015,0.0
04/10/2015,24.5
05/10/2015,0.0
06/10/2015,0.0
07/10/2015,0.0
08/10/2015,0.0
09/10/2015,38.0
10/10/2015,56.5
11/10/2015,14.5
12/10/2015,0.0
13/10/2015,0.0
14/10/2015,0.0
15/10/2015,0.0
16/10/2015,39.0
17/10/2015,7.0
18/10/2015,0.5
19/10/2015,0.0
20/10/2015,0.0
21/10/2015,0.0
22/10/2015,0.0
23/10/2015,0.0
24/10/2015,30.0
25/10/2015,3.3
26/10/2015,0.2
27/10/2015,0.5
28/10/2015,33.2
29/10/2015,48.4
30/10/2015,24.9
31/10/2015,22.8
01/11/2015,2.7
02/11/2015,24.3
03/11/2015,1.1
04/11/2015,2.6
05/11/2015,0.5
06/11/2015,3.1
07/11/2015,1.4
08/11/2015,15.0
09/11/2015,0.0
10/11/2015,0.0
11/11/2015,22.2
12/11/2015,0.8
13/11/2015,7.5
14/11/2015,0.8
15/11/2015,11.6
16/11/2015,8.9
17/11/2015,11.8
18/11/2015,0.0
19/11/2015,14.2
20/11/2015,29.2
21/11/2015,34.7
22/11/2015,8.3
23/11/2015,2.2
24/11/2015,22.0
25/11/2015,1.1
26/11/2015,10.2
27/11/2015,69.8
28/11/2015,108.6
29/11/2015,14.2
30/11/2015,14.0
01/12/2015,2.7
02/12/2015,0.3
03/12/2015,18.5
04/12/2015,6.0
05/12/2015,4.0
06/12/2015,26.8
07/12/2015,11.2
08/12/2015,30.7
09/12/2015,19.9
10/12/2015,7.6
11/12/2015,1.9
12/12/2015,46.1
13/12/2015,13.9
14/12/2015,0.0
15/12/2015,0.0
16/12/2015,0.0
17/12/2015,7.8
18/12/2015,3.2
19/12/2015,0.0
20/12/2015,0.0
21/12/2015,2.5
22/12/2015,0.0
23/12/2015,0.5
24/12/2015,41.2
25/12/2015,25.2
26/12/2015,5.9
27/12/2015,183.5
28/12/2015,165.1
29/12/2015,7.9
30/12/2015,0.2
31/12/2015,18.8
01/01/2016,65.9
02/01/2016,0.7
03/01/2016,4.9
04/01/2016,1.1
05/01/2016,0.0
06/01/2016,0.0
07/01/2016,0.0
08/01/2016,0.0
09/01/2016,0.0
10/01/2016,0.5
11/01/2016,0.0
12/01/2016,0.0
13/01/2016,0.0
14/01/2016,5.3
15/01/2016,23.2
16/01/2016,3.0
17/01/2016,2.0
18/01/2016,0.5
19/01/2016,0.0
20/01/2016,0.0
21/01/2016,14.2
22/01/2016,34.8
23/01/2016,0.5
24/01/2016,13.7
25/01/2016,24.6
26/01/2016,57.5
27/01/2016,27.3
28/01/2016,10.8
29/01/2016,5.6
30/01/2016,0.0
31/01/2016,18.0
01/02/2016,1.5
02/02/2016,27.1
03/02/2016,25.9
04/02/2016,124.6
05/02/2016,29.6
06/02/2016,36.7
07/02/2016,37.6
08/02/2016,1.0
09/02/2016,1.0
10/02/2016,0.9
11/02/2016,1.1
12/02/2016,11.9
13/02/2016,49.9
14/02/2016,0.8
15/02/2016,0.4
16/02/2016,2.1
17/02/2016,0.4
18/02/2016,10.9
19/02/2016,20.7
20/02/2016,0.0
21/02/2016,0.0
22/02/2016,0.0
23/02/2016,0.0
24/02/2016,2.5
25/02/2016,2.3
26/02/2016,4.1
27/02/2016,23.7
28/02/2016,5.5
29/02/2016,1.4
01/03/2016,0.4
02/03/2016,0.6
03/03/2016,0.5
04/03/2016,0.0
05/03/2016,2.5
06/03/2016,0.0
07/03/2016,0.0
08/03/2016,0.0
09/03/2016,0.0
10/03/2016,0.0
11/03/2016,0.0
12/03/2016,0.0
13/03/2016,0.0
14/03/2016,0.0
15/03/2016,0.0
16/03/2016,0.0
17/03/2016,0.0
18/03/2016,0.0
19/03/2016,0.0
20/03/2016,0.0
21/03/2016,0.0
22/03/2016,0.0
23/03/2016,0.0
24/03/2016,0.0
25/03/2016,0.0
26/03/2016,1.0
27/03/2016,3.8
28/03/2016,3.2
29/03/2016,0.0
30/03/2016,0.0
31/03/2016,0.0
01/04/2016,0.0
02/04/2016,0.0
03/04/2016,0.0
04/04/2016,0.0
05/04/2016,0.0
06/04/2016,0.0
07/04/2016,0.0
08/04/2016,0.0
09/04/2016,0.0
10/04/2016,0.0
11/04/2016,0.0
12/04/2016,8.5
13/04/2016,0.0
14/04/2016,5.0
15/04/2016,0.0
16/04/2016,0.0
17/04/2016,0.0
18/04/2016,0.2
19/04/2016,0.3
20/04/2016,1.0
21/04/2016,0.0
22/04/2016,0.0
23/04/2016,0.0
24/04/2016,0.0
25/04/2016,15.5
26/04/2016,0.0
27/04/2016,0.0
28/04/2016,0.0
29/04/2016,0.0
30/04/2016,0.0
01/05/2016,8.5
02/05/2016,1.0
03/05/2016,0.5
04/05/2016,0.0
05/05/2016,0.5
06/05/2016,0.0
07/05/2016,15.0
08/05/2016,0.0
09/05/2016,0.0
10/05/2016,0.0
11/05/2016,0.0
12/05/2016,0.0
13/05/2016,1.0
14/05/2016,0.0
15/05/2016,0.0
16/05/2016,5.5
17/05/2016,0.0
18/05/2016,0.0
19/05/2016,1.5
20/05/2016,0.5
21/05/2016,1.0
22/05/2016,0.0
23/05/2016,0.4
24/05/2016,9.1
25/05/2016,13.0
26/05/2016,1.5
27/05/2016,3.5
28/05/2016,46.4
29/05/2016,9.1
30/05/2016,5.5
31/05/2016,0.5
01/06/2016,0.0
02/06/2016,9.7
03/06/2016,9.3
04/06/2016,0.0
05/06/2016,0.5
06/06/2016,0.0
07/06/2016,4.0
08/06/2016,16.0
09/06/2016,0.0
10/06/2016,0.0
11/06/2016,0.0
12/06/2016,0.4
13/06/2016,14.1
14/06/2016,1.0
15/06/2016,10.5
16/06/2016,25.8
17/06/2016,69.6
18/06/2016,1.5
19/06/2016,0.0
20/06/2016,0.0
21/06/2016,2.2
22/06/2016,0.3
23/06/2016,0.8
24/06/2016,4.7
25/06/2016,9.5
26/06/2016,12.6
27/06/2016,0.9
28/06/2016,0.0
29/06/2016,8.5
30/06/2016,0.5
01/07/2016,0.0
02/07/2016,1.0
03/07/2016,0.0
04/07/2016,0.5
05/07/2016,7.0
06/07/2016,31.0
07/07/2016,1.0
08/07/2016,18.5
09/07/2016,0.0
10/07/2016,0.0
11/07/2016,0.5
12/07/2016,5.0
13/07/2016,39.0
14/07/2016,6.0
15/07/2016,1.5
16/07/2016,0.0
17/07/2016,0.0
18/07/2016,16.0
19/07/2016,0.0
20/07/2016,3.0
21/07/2016,18.0
22/07/2016,1.5
23/07/2016,0.0
24/07/2016,10.0
25/07/2016,37.0
26/07/2016,51.5
27/07/2016,1.9
28/07/2016,33.7
29/07/2016,10.8
30/07/2016,0.5
31/07/2016,0.0
01/08/2016,0.0
02/08/2016,0.0
03/08/2016,0.0
04/08/2016,0.0
05/08/2016,2.0
06/08/2016,0.0
07/08/2016,0.0
08/08/2016,0.0
09/08/2016,0.5
10/08/2016,4.5
11/08/2016,19.5
12/08/2016,0.0
13/08/2016,9.0
14/08/2016,0.0
15/08/2016,0.0
16/08/2016,4.0
17/08/2016,1.5
18/08/2016,0.0
19/08/2016,0.0
20/08/2016,0.8
21/08/2016,0.7
22/08/2016,0.0
23/08/2016,0.0
24/08/2016,3.0
25/08/2016,2.0
26/08/2016,53.5
27/08/2016,0.0
28/08/2016,5.5
29/08/2016,13.5
30/08/2016,24.0
31/08/2016,5.8
01/09/2016,1.2
02/09/2016,0.0
03/09/2016,25.5
04/09/2016,52.5
05/09/2016,8.2
06/09/2016,32.8
07/09/2016,2.1
08/09/2016,6.3
09/09/2016,0.5
10/09/2016,0.0
11/09/2016,2.5
12/09/2016,0.0
13/09/2016,0.4
14/09/2016,22.1
15/09/2016,17.5
16/09/2016,0.5
17/09/2016,22.0
18/09/2016,0.0
19/09/2016,11.5
20/09/2016,0.0
21/09/2016,7.4
22/09/2016,14.6
23/09/2016,0.0
24/09/2016,3.2
25/09/2016,0.8
26/09/2016,0.0
27/09/2016,4.0
28/09/2016,1.5
29/09/2016,0.5
30/09/2016,0.0
01/10/2016,0.0
02/10/2016,0.4
03/10/2016,8.1
04/10/2016,31.5
05/10/2016,14.1
06/10/2016,1.4
07/10/2016,45.0
08/10/2016,2.9
09/10/2016,0.1
10/10/2016,10.5
11/10/2016,0.0
12/10/2016,0.3
13/10/2016,7.1
14/10/2016,15.0
15/10/2016,3.6
16/10/2016,5.9
17/10/2016,0.0
18/10/2016,0.5
19/10/2016,0.0
20/10/2016,12.8
21/10/2016,7.2
22/10/2016,14.0
23/10/2016,6.0
24/10/2016,5.2
25/10/2016,0.3
26/10/2016,8.0
27/10/2016,8.5
28/10/2016,1.3
29/10/2016,44.2
30/10/2016,30.0
31/10/2016,3.8
01/11/2016,11.6
02/11/2016,0.6
03/11/2016,0.0
04/11/2016,0.5
05/11/2016,16.7
06/11/2016,1.0
07/11/2016,6.7
08/11/2016,15.7
09/11/2016,56.3
10/11/2016,13.5
11/11/2016,2.8
12/11/2016,5.5
13/11/2016,19.7
14/11/2016,1.0
15/11/2016,14.3
16/11/2016,111.7
17/11/2016,1.0
18/11/2016,1.0
19/11/2016,0.0
20/11/2016,1.0
21/11/2016,0.5
22/11/2016,0.0
23/11/2016,2.0
24/11/2016,0.0
25/11/2016,2.0
26/11/2016,30.2
27/11/2016,2.8
28/11/2016,6.3
29/11/2016,118.1
30/11/2016,2.1
01/12/2016,59.6
02/12/2016,26.9
03/12/2016,49.1
04/12/2016,25.0
05/12/2016,5.5
06/12/2016,39.1
07/12/2016,32.8
08/12/2016,8.2
09/12/2016,1.4
10/12/2016,111.8
11/12/2016,5.2
12/12/2016,0.0
13/12/2016,0.0
14/12/2016,0.0
15/12/2016,0.0
16/12/2016,47.7
17/12/2016,6.8
18/12/2016,11.5
19/12/2016,20.6
20/12/2016,2.9
21/12/2016,0.0
22/12/2016,27.4
23/12/2016,100.4
24/12/2016,75.7
25/12/2016,74.9
26/12/2016,30.7
27/12/2016,30.8
28/12/2016,0.0
29/12/2016,0.4
30/12/2016,20.2
31/12/2016,191.3
01/01/2017,97.5
02/01/2017,77.0
03/01/2017,305.2
04/01/2017,26.4
05/01/2017,0.0
06/01/2017,3.7
07/01/2017,1.3
08/01/2017,0.5
09/01/2017,1.4
10/01/2017,0.1
11/01/2017,0.0
12/01/2017,0.0
13/01/2017,0.0
14/01/2017,0.0
15/01/2017,0.0
16/01/2017,0.0
17/01/2017,18.0
18/01/2017,6.6
19/01/2017,124.2
20/01/2017,85.1
21/01/2017,329.4
22/01/2017,37.4
23/01/2017,42.7
24/01/2017,90.6
25/01/2017,39.9
26/01/2017,82.0
27/01/2017,37.1
28/01/2017,0.0
29/01/2017,0.0
30/01/2017,15.5
31/01/2017,7.5
01/02/2017,0.0
02/02/2017,4.6
03/02/2017,3.9
04/02/2017,2.5
05/02/2017,1.5
06/02/2017,0.0
07/02/2017,0.0
08/02/2017,0.0
09/02/2017,0.0
10/02/2017,0.5
11/02/2017,20.6
12/02/2017,13.8
13/02/2017,15.6
14/02/2017,16.2
15/02/2017,14.0
16/02/2017,3.2
17/02/2017,1.5
18/02/2017,33.6
19/02/2017,6.0
20/02/2017,0.0
21/02/2017,0.0
22/02/2017,0.0
23/02/2017,1.0
24/02/2017,0.4
25/02/2017,10.3
26/02/2017,70.0
27/02/2017,32.6
28/02/2017,17.5
01/03/2017,54.5
02/03/2017,35.8
03/03/2017,3.8
04/03/2017,2.6
05/03/2017,0.0
06/03/2017,0.0
07/03/2017,0.0
08/03/2017,0.0
09/03/2017,0.0
10/03/2017,0.0
11/03/2017,0.0
12/03/2017,0.0
13/03/2017,0.0
14/03/2017,0.0
15/03/2017,0.5
16/03/2017,9.5
17/03/2017,0.0
18/03/2017,0.0
19/03/2017,3.5
20/03/2017,0.0
21/03/2017,18.5
22/03/2017,12.0
23/03/2017,0.0
24/03/2017,0.0
25/03/2017,0.0
26/03/2017,65.0
27/03/2017,9.7
28/03/2017,21.7
29/03/2017,6.5
30/03/2017,0.0
31/03/2017,5.0
01/04/2017,20.5
02/04/2017,8.0
03/04/2017,16.0
04/04/2017,0.5
05/04/2017,0.0
06/04/2017,2.0
07/04/2017,5.0
08/04/2017,4.0
09/04/2017,0.5
10/04/2017,36.0
11/04/2017,2.0
12/04/2017,1.0
13/04/2017,0.0
14/04/2017,0.0
15/04/2017,0.0
16/04/2017,0.0
17/04/2017,0.0
18/04/2017,0.5
19/04/2017,12.0
20/04/2017,0.0
21/04/2017,69.7
22/04/2017,0.3
23/04/2017,0.0
24/04/2017,13.0
25/04/2017,0.0
26/04/2017,0.0
27/04/2017,0.0
28/04/2017,0.0
29/04/2017,1.0
30/04/2017,0.5
01/05/2017,0.0
02/05/2017,0.0
03/05/2017,3.5
04/05/2017,0.0
05/05/2017,17.0
06/05/2017,12.0
07/05/2017,39.0
08/05/2017,0.0
09/05/2017,4.0
10/05/2017,44.0
11/05/2017,4.0
12/05/2017,1.0
13/05/2017,3.0
14/05/2017,0.5
15/05/2017,8.3
16/05/2017,1.0
17/05/2017,0.2
18/05/2017,0.0
19/05/2017,4.0
20/05/2017,0.0
21/05/2017,29.0
22/05/2017,1.5
23/05/2017,1.0
24/05/2017,0.5
25/05/2017,10.0
26/05/2017,3.1
27/05/2017,3.5
28/05/2017,0.0
29/05/2017,20.0
30/05/2017,0.5
31/05/2017,22.0
01/06/2017,25.0
02/06/2017,0.0
03/06/2017,37.9
04/06/2017,11.1
05/06/2017,8.5
06/06/2017,1.0
07/06/2017,0.0
08/06/2017,0.0
09/06/2017,0.4
10/06/2017,0.6
11/06/2017,2.5
12/06/2017,0.0
13/06/2017,5.9
14/06/2017,0.6
15/06/2017,17.3
16/06/2017,18.2
17/06/2017,29.0
18/06/2017,4.0
19/06/2017,14.5
20/06/2017,16.5
21/06/2017,7.0
22/06/2017,0.5
23/06/2017,0.0
24/06/2017,0.0
25/06/2017,0.0
26/06/2017,18.4
27/06/2017,0.1
28/06/2017,63.3
29/06/2017,3.0
30/06/2017,2.8
01/07/2017,0.0
02/07/2017,5.5
03/07/2017,37.0
04/07/2017,1.5
05/07/2017,5.4
06/07/2017,17.1
07/07/2017,12.0
08/07/2017,17.0
09/07/2017,0.5
10/07/2017,8.0
11/07/2017,0.5
12/07/2017,0.5
13/07/2017,11.0
14/07/2017,0.5
15/07/2017,0.0
16/07/2017,0.0
17/07/2017,0.0
18/07/2017,0.0
19/07/2017,3.5
20/07/2017,0.0
21/07/2017,0.0
22/07/2017,0.0
23/07/2017,0.0
24/07/2017,0.0
25/07/2017,0.0
26/07/2017,0.0
27/07/2017,0.0
28/07/2017,21.5
29/07/2017,0.0
30/07/2017,0.0
31/07/2017,0.0
01/08/2017,22.1
02/08/2017,0.4
03/08/2017,0.0
04/08/2017,0.0
05/08/2017,0.0
06/08/2017,4.7
07/08/2017,3.3
08/08/2017,49.0
09/08/2017,2.0
10/08/2017,41.5
11/08/2017,4.0
12/08/2017,0.0
13/08/2017,9.0
14/08/2017,2.5
15/08/2017,0.0
16/08/2017,2.0
17/08/2017,0.5
18/08/2017,0.0
19/08/2017,0.0
20/08/2017,5.5
21/08/2017,0.5
22/08/2017,5.0
23/08/2017,0.0
24/08/2017,0.5
25/08/2017,16.0
26/08/2017,40.0
27/08/2017,0.4
28/08/2017,34.1
29/08/2017,19.5
30/08/2017,0.0
31/08/2017,16.0
01/09/2017,22.5
02/09/2017,39.3
03/09/2017,4.7
04/09/2017,10.0
05/09/2017,10.4
06/09/2017,0.1
07/09/2017,0.0
08/09/2017,0.0
09/09/2017,0.0
10/09/2017,53.1
11/09/2017,35.4
12/09/2017,0.0
13/09/2017,4.5
14/09/2017,14.7
15/09/2017,1.8
16/09/2017,0.0
17/09/2017,32.5
18/09/2017,32.3
19/09/2017,8.7
20/09/2017,8.4
21/09/2017,1.1
22/09/2017,4.0
23/09/2017,0.0
24/09/2017,8.0
25/09/2017,0.8
26/09/2017,21.7
27/09/2017,15.5
28/09/2017,31.8
29/09/2017,9.0
30/09/2017,0.2
01/10/2017,12.0
02/10/2017,30.2
03/10/2017,33.8
04/10/2017,0.0
05/10/2017,0.0
06/10/2017,0.0
07/10/2017,5.5
08/10/2017,11.0
09/10/2017,27.8
10/10/2017,13.7
11/10/2017,4.0
12/10/2017,13.4
13/10/2017,19.1
14/10/2017,0.0
15/10/2017,0.0
16/10/2017,0.0
17/10/2017,0.0
18/10/2017,0.0
19/10/2017,14.0
20/10/2017,0.0
21/10/2017,1.7
22/10/2017,0.8
23/10/2017,3.0
24/10/2017,0.8
25/10/2017,1.7
26/10/2017,24.5
27/10/2017,55.0
28/10/2017,12.9
29/10/2017,10.6
30/10/2017,39.7
31/10/2017,5.6
01/11/2017,0.8
02/11/2017,9.5
03/11/2017,30.0
04/11/2017,20.4
05/11/2017,9.2
06/11/2017,0.4
07/11/2017,2.0
08/11/2017,2.5
09/11/2017,1.1
10/11/2017,0.4
11/11/2017,8.5
12/11/2017,0.0
13/11/2017,49.2
14/11/2017,9.8
15/11/2017,27.5
16/11/2017,0.4
17/11/2017,3.1
18/11/2017,0.0
19/11/2017,0.0
20/11/2017,17.1
21/11/2017,8.4
22/11/2017,14.0
23/11/2017,20.6
24/11/2017,7.1
25/11/2017,26.3
26/11/2017,115.9
27/11/2017,214.7
28/11/2017,35.2
29/11/2017,21.8
30/11/2017,97.1
01/12/2017,62.4
02/12/2017,83.0
03/12/2017,0.8
04/12/2017,5.2
05/12/2017,6.7
06/12/2017,5.7
07/12/2017,23.0
08/12/2017,99.7
09/12/2017,6.5
10/12/2017,2.5
11/12/2017,0.5
12/12/2017,0.5
13/12/2017,0.0
14/12/2017,0.0
15/12/2017,0.0
16/12/2017,2.0
17/12/2017,20.0
18/12/2017,21.0
19/12/2017,0.0
20/12/2017,1.2
21/12/2017,0.6
22/12/2017,13.9
23/12/2017,50.5
24/12/2017,7.2
25/12/2017,0.0
26/12/2017,0.5
27/12/2017,37.5
28/12/2017,29.0
29/12/2017,205.5
30/12/2017,70.2
31/12/2017,134.0
01/01/2018,173.3
02/01/2018,96.6
03/01/2018,105.8
04/01/2018,79.6
05/01/2018,5.5
06/01/2018,21.0
07/01/2018,12.0
08/01/2018,30.8
09/01/2018,3.2
10/01/2018,12.6
11/01/2018,12.8
12/01/2018,11.2
13/01/2018,20.5
14/01/2018,5.2
15/01/2018,2.6
16/01/2018,7.5
17/01/2018,0.0
18/01/2018,0.0
19/01/2018,13.9
20/01/2018,89.4
21/01/2018,123.2
22/01/2018,21.9
23/01/2018,14.6
24/01/2018,14.0
25/01/2018,0.0
26/01/2018,26.1
27/01/2018,2.9
28/01/2018,1.5
29/01/2018,3.5
30/01/2018,0.0
31/01/2018,3.0
01/02/2018,2.7
02/02/2018,3.9
03/02/2018,1.9
04/02/2018,7.0
05/02/2018,1.0
06/02/2018,0.0
07/02/2018,0.5
08/02/2018,0.0
09/02/2018,0.0
10/02/2018,0.0
11/02/2018,0.0
12/02/2018,2.4
13/02/2018,23.6
14/02/2018,5.6
15/02/2018,0.0
16/02/2018,0.0
17/02/2018,0.0
18/02/2018,0.0
19/02/2018,2.5
20/02/2018,0.0
21/02/2018,0.0
22/02/2018,0.0
23/02/2018,75.0
24/02/2018,19.0
25/02/2018,0.0
26/02/2018,0.0
27/02/2018,0.0
28/02/2018,0.0
01/03/2018,0.0
02/03/2018,0.0
03/03/2018,0.0
04/03/2018,0.0
05/03/2018,0.0
06/03/2018,0.4
07/03/2018,23.6
08/03/2018,40.9
09/03/2018,21.0
10/03/2018,3.4
11/03/2018,3.7
12/03/2018,2.6
13/03/2018,10.5
14/03/2018,0.2
15/03/2018,0.5
16/03/2018,10.5
17/03/2018,0.5
18/03/2018,0.0
19/03/2018,0.0
20/03/2018,0.0
21/03/2018,0.0
22/03/2018,0.0
23/03/2018,0.9
24/03/2018,4.6
25/03/2018,0.6
26/03/2018,6.9
27/03/2018,0.0
28/03/2018,0.0
29/03/2018,0.0
30/03/2018,1.5
31/03/2018,0.0
01/04/2018,0.0
02/04/2018,0.0
03/04/2018,0.5
04/04/2018,0.0
05/04/2018,0.0
06/04/2018,0.0
07/04/2018,0.4
08/04/2018,4.2
09/04/2018,4.7
10/04/2018,2.3
11/04/2018,3.5
12/04/2018,0.0
13/04/2018,0.0
14/04/2018,0.0
15/04/2018,0.0
16/04/2018,0.0
17/04/2018,0.5
18/04/2018,30.0
19/04/2018,0.0
20/04/2018,2.5
21/04/2018,0.0
22/04/2018,0.0
23/04/2018,0.0
24/04/2018,10.8
25/04/2018,21.7
26/04/2018,39.0
27/04/2018,3.0
28/04/2018,41.0
29/04/2018,6.2
30/04/2018,39.3
01/05/2018,0.0
02/05/2018,4.0
03/05/2018,0.0
04/05/2018,0.5
05/05/2018,7.5
06/05/2018,11.0
07/05/2018,5.0
08/05/2018,3.0
09/05/2018,9.0
10/05/2018,0.0
11/05/2018,0.0
12/05/2018,0.0
13/05/2018,2.5
14/05/2018,0.0
15/05/2018,0.0
16/05/2018,4.0
17/05/2018,0.0
18/05/2018,0.0
19/05/2018,0.0
20/05/2018,0.0
21/05/2018,0.0
22/05/2018,0.0
23/05/2018,1.4
24/05/2018,0.6
25/05/2018,0.0
26/05/2018,0.0
27/05/2018,4.5
28/05/2018,0.0
29/05/2018,0.4
30/05/2018,0.1
31/05/2018,2.5
01/06/2018,41.8
02/06/2018,2.2
03/06/2018,0.0
04/06/2018,0.0
05/06/2018,0.0
06/06/2018,0.0
07/06/2018,0.4
08/06/2018,13.1
09/06/2018,2.5
10/06/2018,0.0
11/06/2018,7.5
12/06/2018,0.0
13/06/2018,0.0
14/06/2018,0.0
15/06/2018,0.0
16/06/2018,0.0
17/06/2018,0.5
18/06/2018,5.5
19/06/2018,3.5
20/06/2018,0.4
21/06/2018,12.1
22/06/2018,13.0
23/06/2018,95.0
24/06/2018,5.0
25/06/2018,154.2
26/06/2018,2.3
27/06/2018,0.5
28/06/2018,2.5
29/06/2018,7.0
30/06/2018,0.0
01/07/2018,5.7
02/07/2018,0.3
03/07/2018,0.0
04/07/2018,1.0
05/07/2018,0.0
06/07/2018,0.0
07/07/2018,0.0
08/07/2018,0.4
09/07/2018,0.6
10/07/2018,0.0
11/07/2018,0.0
12/07/2018,0.0
13/07/2018,0.0
14/07/2018,0.0
15/07/2018,0.0
16/07/2018,0.5
17/07/2018,1.5
18/07/2018,38.8
19/07/2018,1.2
20/07/2018,15.5
21/07/2018,0.0
22/07/2018,0.0
23/07/2018,40.5
24/07/2018,25.3
25/07/2018,5.7
26/07/2018,18.5
27/07/2018,12.3
28/07/2018,26.3
29/07/2018,0.9
30/07/2018,18.2
31/07/2018,4.6
01/08/2018,14.2
02/08/2018,0.0
03/08/2018,0.0
04/08/2018,0.0
05/08/2018,0.4
06/08/2018,3.4
07/08/2018,0.2
08/08/2018,0.4
09/08/2018,0.9
10/08/2018,4.5
11/08/2018,0.2
12/08/2018,0.0
13/08/2018,0.0
14/08/2018,0.0
15/08/2018,0.0
16/08/2018,0.0
17/08/2018,30.4
18/08/2018,2.1
19/08/2018,2.2
20/08/2018,3.3
21/08/2018,8.0
22/08/2018,10.0
23/08/2018,0.0
24/08/2018,0.0
25/08/2018,17.1
26/08/2018,1.3
27/08/2018,0.6
28/08/2018,2.6
29/08/2018,0.0
30/08/2018,0.5
31/08/2018,6.5
01/09/2018,7.0
02/09/2018,1.5
03/09/2018,19.3
04/09/2018,0.7
05/09/2018,0.3
06/09/2018,12.0
07/09/2018,22.2
08/09/2018,0.3
09/09/2018,0.2
10/09/2018,12.5
11/09/2018,5.1
12/09/2018,0.4
13/09/2018,0.0
14/09/2018,2.5
15/09/2018,0.5
16/09/2018,6.0
17/09/2018,1.0
18/09/2018,4.5
19/09/2018,54.0
20/09/2018,0.0
21/09/2018,1.5
22/09/2018,16.5
23/09/2018,0.0
24/09/2018,0.0
25/09/2018,0.8
26/09/2018,10.7
27/09/2018,15.5
28/09/2018,3.0
29/09/2018,5.0
30/09/2018,0.5
01/10/2018,0.0
02/10/2018,5.0
03/10/2018,0.0
04/10/2018,11.8
05/10/2018,0.2
06/10/2018,6.8
07/10/2018,15.7
08/10/2018,2.8
09/10/2018,1.7
10/10/2018,1.9
11/10/2018,13.0
12/10/2018,7.9
13/10/2018,4.6
14/10/2018,28.3
15/10/2018,1.3
16/10/2018,2.3
17/10/2018,0.2
18/10/2018,5.6
19/10/2018,28.9
20/10/2018,3.7
21/10/2018,5.8
22/10/2018,3.5
23/10/2018,0.0
24/10/2018,25.8
25/10/2018,0.2
26/10/2018,4.5
27/10/2018,9.0
28/10/2018,0.0
29/10/2018,27.0
30/10/2018,16.3
31/10/2018,2.2
01/11/2018,26.5
02/11/2018,65.5
03/11/2018,83.0
04/11/2018,18.7
05/11/2018,56.2
06/11/2018,58.5
07/11/2018,0.5
08/11/2018,13.0
09/11/2018,0.0
10/11/2018,51.7
11/11/2018,17.4
12/11/2018,0.9
13/11/2018,17.5
14/11/2018,0.8
15/11/2018,12.2
16/11/2018,15.5
17/11/2018,15.0
18/11/2018,0.0
19/11/2018,27.5
20/11/2018,1.5
21/11/2018,3.5
22/11/2018,3.0
23/11/2018,0.0
24/11/2018,0.0
25/11/2018,0.0
26/11/2018,0.0
27/11/2018,2.5
28/11/2018,9.0
29/11/2018,18.6
30/11/2018,18.7
01/12/2018,69.3
02/12/2018,40.7
03/12/2018,34.3
04/12/2018,63.3
05/12/2018,54.5
06/12/2018,50.2
07/12/2018,0.0
08/12/2018,18.0
09/12/2018,16.5
10/12/2018,34.5
11/12/2018,6.0
12/12/2018,103.6
13/12/2018,168.6
14/12/2018,42.2
15/12/2018,194.4
16/12/2018,8.0
17/12/2018,66.7
18/12/2018,3.7
19/12/2018,6.1
20/12/2018,0.2
21/12/2018,0.0
22/12/2018,0.0
23/12/2018,0.5
24/12/2018,10.5
25/12/2018,0.5
26/12/2018,0.0
27/12/2018,0.4
28/12/2018,6.1
29/12/2018,0.4
30/12/2018,13.8
31/12/2018,7.8
01/01/2019,0.8
02/01/2019,21.2
03/01/2019,0.0
04/01/2019,0.0
05/01/2019,14.7
06/01/2019,63.5
07/01/2019,6.4
08/01/2019,11.7
09/01/2019,44.4
10/01/2019,16.4
11/01/2019,8.6
12/01/2019,16.7
13/01/2019,50.5
14/01/2019,0.0
15/01/2019,0.0
16/01/2019,49.4
17/01/2019,45.3
18/01/2019,6.0
19/01/2019,11.3
20/01/2019,0.0
21/01/2019,0.5
22/01/2019,0.3
23/01/2019,5.7
24/01/2019,1.5
25/01/2019,1.0
26/01/2019,0.0
27/01/2019,0.4
28/01/2019,9.0
29/01/2019,6.6
30/01/2019,8.0
31/01/2019,1.8
01/02/2019,15.0
02/02/2019,22.9
03/02/2019,9.3
04/02/2019,0.0
05/02/2019,0.0
06/02/2019,0.0
07/02/2019,0.0
08/02/2019,0.0
09/02/2019,0.0
10/02/2019,0.0
11/02/2019,1.5
12/02/2019,39.8
13/02/2019,89.1
14/02/2019,6.0
15/02/2019,0.0
16/02/2019,0.0
17/02/2019,0.0
18/02/2019,1.0
19/02/2019,5.3
20/02/2019,0.2
21/02/2019,0.0
22/02/2019,0.0
23/02/2019,0.0
24/02/2019,0.0
25/02/2019,0.0
26/02/2019,52.0
27/02/2019,4.5
28/02/2019,0.0
01/03/2019,0.0
02/03/2019,0.0
03/03/2019,0.0
04/03/2019,0.0
05/03/2019,0.0
06/03/2019,0.0
07/03/2019,1.0
08/03/2019,0.0
09/03/2019,0.0
10/03/2019,0.0
11/03/2019,0.0
12/03/2019,0.0
13/03/2019,0.0
14/03/2019,0.0
15/03/2019,0.0
16/03/2019,0.0
17/03/2019,0.0
18/03/2019,0.0
19/03/2019,0.0
20/03/2019,0.0
21/03/2019,0.0
22/03/2019,0.0
23/03/2019,0.0
24/03/2019,0.0
25/03/2019,0.0
26/03/2019,0.0
27/03/2019,0.0
28/03/2019,0.9
29/03/2019,3.6
30/03/2019,6.0
31/03/2019,63.5
01/04/2019,23.3
02/04/2019,6.5
03/04/2019,1.2
04/04/2019,0.0
05/04/2019,0.0
06/04/2019,0.0
07/04/2019,3.0
08/04/2019,0.0
09/04/2019,0.0
10/04/2019,0.0
11/04/2019,40.5
12/04/2019,0.5
13/04/2019,6.3
14/04/2019,1.1
15/04/2019,0.2
16/04/2019,0.0
17/04/2019,0.0
18/04/2019,0.0
19/04/2019,0.0
20/04/2019,0.0
21/04/2019,0.0
22/04/2019,0.0
23/04/2019,0.0
24/04/2019,0.0
25/04/2019,0.0
26/04/2019,0.0
27/04/2019,56.1
28/04/2019,8.4
29/04/2019,0.0
30/04/2019,4.0
01/05/2019,0.0
02/05/2019,0.0
03/05/2019,0.0
04/05/2019,65.0
05/05/2019,0.5
06/05/2019,7.0
07/05/2019,33.3
08/05/2019,39.5
09/05/2019,14.3
10/05/2019,0.0
11/05/2019,0.4
12/05/2019,1.1
13/05/2019,3.4
14/05/2019,60.7
15/05/2019,11.0
16/05/2019,0.0
17/05/2019,6.0
18/05/2019,38.5
19/05/2019,10.0
20/05/2019,0.0
21/05/2019,12.5
22/05/2019,15.5
23/05/2019,0.0
24/05/2019,0.4
25/05/2019,16.1
26/05/2019,2.9
27/05/2019,3.9
28/05/2019,0.2
29/05/2019,0.0
30/05/2019,4.0
31/05/2019,0.0
01/06/2019,77.2
02/06/2019,1.8
03/06/2019,1.0
04/06/2019,0.0
05/06/2019,9.3
06/06/2019,12.9
07/06/2019,13.3
08/06/2019,2.5
09/06/2019,6.0
10/06/2019,0.0
11/06/2019,3.5
12/06/2019,0.0
13/06/2019,0.0
14/06/2019,3.3
15/06/2019,9.2
16/06/2019,37.5
17/06/2019,23.3
18/06/2019,8.5
19/06/2019,0.8
20/06/2019,5.5
21/06/2019,2.4
22/06/2019,29.3
23/06/2019,10.8
24/06/2019,0.4
25/06/2019,0.0
26/06/2019,0.0
27/06/2019,0.0
28/06/2019,0.0
29/06/2019,0.0
30/06/2019,0.0
01/07/2019,0.5
02/07/2019,0.4
03/07/2019,8.1
04/07/2019,0.0
05/07/2019,0.0
06/07/2019,4.0
07/07/2019,3.0
08/07/2019,1.8
09/07/2019,1.7
10/07/2019,0.0
11/07/2019,21.5
12/07/2019,6.0
13/07/2019,9.5
14/07/2019,5.0
15/07/2019,0.5
16/07/2019,24.5
17/07/2019,0.5
18/07/2019,4.0
19/07/2019,0.0
20/07/2019,0.0
21/07/2019,2.5
22/07/2019,4.0
23/07/2019,51.5
24/07/2019,0.6
25/07/2019,0.9
26/07/2019,0.0
27/07/2019,1.5
28/07/2019,1.5
29/07/2019,0.0
30/07/2019,4.4
31/07/2019,12.1
01/08/2019,0.0
02/08/2019,0.0
03/08/2019,0.0
04/08/2019,0.0
05/08/2019,0.0
06/08/2019,0.0
07/08/2019,0.0
08/08/2019,0.0
09/08/2019,0.0
10/08/2019,0.0
11/08/2019,0.0
12/08/2019,0.0
13/08/2019,13.5
14/08/2019,59.0
15/08/2019,7.3
16/08/2019,14.7
17/08/2019,32.8
18/08/2019,8.2
19/08/2019,0.0
20/08/2019,0.0
21/08/2019,2.0
22/08/2019,0.5
23/08/2019,0.4
24/08/2019,33.6
25/08/2019,0.5
26/08/2019,1.5
27/08/2019,0.0
28/08/2019,0.5
29/08/2019,0.0
30/08/2019,0.0
31/08/2019,0.0
01/09/2019,0.0
02/09/2019,0.0
03/09/2019,57.3
04/09/2019,0.2
05/09/2019,1.5
06/09/2019,3.5
07/09/2019,0.5
08/09/2019,12.8
09/09/2019,0.2
10/09/2019,0.5
11/09/2019,1.0
12/09/2019,82.5
13/09/2019,29.5
14/09/2019,19.0
15/09/2019,8.7
16/09/2019,21.9
17/09/2019,2.4
18/09/2019,2.0
19/09/2019,3.0
20/09/2019,1.5
21/09/2019,0.7
22/09/2019,0.3
23/09/2019,2.8
24/09/2019,6.7
25/09/2019,36.6
26/09/2019,0.4
27/09/2019,19.0
28/09/2019,23.5
29/09/2019,0.0
30/09/2019,0.0
01/10/2019,6.5
02/10/2019,0.0
03/10/2019,8.5
04/10/2019,9.5
05/10/2019,9.0
06/10/2019,7.5
07/10/2019,4.5
08/10/2019,1.0
09/10/2019,1.0
10/10/2019,4.0
11/10/2019,42.5
12/10/2019,92.5
13/10/2019,26.0
14/10/2019,6.0
15/10/2019,5.5
16/10/2019,0.0
17/10/2019,3.9
18/10/2019,25.1
19/10/2019,30.0
20/10/2019,3.4
21/10/2019,1.0
22/10/2019,8.2
23/10/2019,1.0
24/10/2019,14.5
25/10/2019,0.5
26/10/2019,7.0
27/10/2019,0.0
28/10/2019,0.5
29/10/2019,4.0
30/10/2019,8.0
31/10/2019,0.0
01/11/2019,0.4
02/11/2019,5.4
03/11/2019,1.4
04/11/2019,1.3
05/11/2019,14.5
06/11/2019,4.4
07/11/2019,1.6
08/11/2019,17.8
09/11/2019,1.2
10/11/2019,7.0
11/11/2019,13.2
12/11/2019,4.8
13/11/2019,65.0
14/11/2019,1.9
15/11/2019,4.5
16/11/2019,37.5
17/11/2019,4.0
18/11/2019,0.9
19/11/2019,10.6
20/11/2019,42.5
21/11/2019,45.4
22/11/2019,105.1
23/11/2019,12.5
24/11/2019,4.4
25/11/2019,8.1
26/11/2019,3.4
27/11/2019,63.3
28/11/2019,66.8
29/11/2019,276.0
30/11/2019,35.5
01/12/2019,199.7
02/12/2019,55.0
03/12/2019,8.8
04/12/2019,2.8
05/12/2019,3.0
06/12/2019,5.1
07/12/2019,7.9
08/12/2019,88.0
09/12/2019,27.4
10/12/2019,12.9
11/12/2019,0.3
12/12/2019,0.5
13/12/2019,4.6
14/12/2019,51.4
15/12/2019,55.5
16/12/2019,49.0
17/12/2019,85.4
18/12/2019,143.2
19/12/2019,16.8
20/12/2019,7.7
21/12/2019,0.5
22/12/2019,0.0
23/12/2019,0.0
24/12/2019,2.0
25/12/2019,0.0
26/12/2019,0.0
27/12/2019,0.0
28/12/2019,4.0
29/12/2019,0.0
30/12/2019,2.9
31/12/2019,0.6
01/01/2020,6.7
02/01/2020,15.7
03/01/2020,17.4
04/01/2020,9.4
05/01/2020,3.3
06/01/2020,10.8
07/01/2020,12.2
08/01/2020,3.0
09/01/2020,4.0
10/01/2020,1.0
11/01/2020,0.5
12/01/2020,1.0
13/01/2020,0.0
14/01/2020,0.0
15/01/2020,0.0
16/01/2020,0.0
17/01/2020,27.4
18/01/2020,18.8
19/01/2020,21.4
20/01/2020,19.5
21/01/2020,11.0
22/01/2020,1.0
23/01/2020,4.5
24/01/2020,0.0
25/01/2020,0.0
26/01/2020,0.0
27/01/2020,1.5
28/01/2020,30.2
29/01/2020,9.3
30/01/2020,1.0
31/01/2020,38.2
01/02/2020,18.0
02/02/2020,0.8
03/02/2020,0.0
04/02/2020,0.0
05/02/2020,4.3
06/02/2020,0.7
07/02/2020,0.0
08/02/2020,0.5
09/02/2020,52.9
10/02/2020,106.0
11/02/2020,19.4
12/02/2020,33.6
13/02/2020,0.5
14/02/2020,0.0
15/02/2020,0.0
16/02/2020,0.0
17/02/2020,19.0
18/02/2020,63.8
19/02/2020,0.2
20/02/2020,5.1
21/02/2020,21.9
22/02/2020,27.3
23/02/2020,28.5
24/02/2020,8.2
25/02/2020,0.5
26/02/2020,0.0
27/02/2020,0.0
28/02/2020,0.0
29/02/2020,0.0
01/03/2020,0.0
02/03/2020,0.0
03/03/2020,0.0
04/03/2020,0.0
05/03/2020,19.0
06/03/2020,7.5
07/03/2020,10.0
08/03/2020,0.0
09/03/2020,0.0
10/03/2020,0.0
11/03/2020,0.0
12/03/2020,0.0
13/03/2020,0.0
14/03/2020,0.0
15/03/2020,0.0
16/03/2020,0.0
17/03/2020,22.8
18/03/2020,0.2
19/03/2020,0.0
20/03/2020,0.0
21/03/2020,0.4
22/03/2020,10.6
23/03/2020,1.0
24/03/2020,0.0
25/03/2020,0.5
26/03/2020,0.5
27/03/2020,0.0
28/03/2020,0.0
29/03/2020,0.0
30/03/2020,0.0
31/03/2020,0.0
01/04/2020,0.0
02/04/2020,27.7
03/04/2020,14.2
04/04/2020,9.6
05/04/2020,23.5
06/04/2020,21.0
07/04/2020,0.0
08/04/2020,0.0
09/04/2020,0.0
10/04/2020,0.0
11/04/2020,0.0
12/04/2020,0.5
13/04/2020,0.0
14/04/2020,0.0
15/04/2020,0.0
16/04/2020,0.0
17/04/2020,0.0
18/04/2020,0.0
19/04/2020,0.5
20/04/2020,0.0
21/04/2020,0.0
22/04/2020,22.0
23/04/2020,6.5
24/04/2020,0.4
25/04/2020,50.2
26/04/2020,10.8
27/04/2020,46.6
28/04/2020,5.5
29/04/2020,3.2
30/04/2020,41.0
01/05/2020,17.3
02/05/2020,0.0
03/05/2020,0.0
04/05/2020,72.5
05/05/2020,11.0
06/05/2020,17.5
07/05/2020,11.0
08/05/2020,13.0
09/05/2020,0.5
10/05/2020,5.5
11/05/2020,0.5
12/05/2020,17.5
13/05/2020,0.0
14/05/2020,48.5
15/05/2020,2.5
16/05/2020,1.0
17/05/2020,30.5
18/05/2020,0.0
19/05/2020,0.0
20/05/2020,0.0
21/05/2020,3.5
22/05/2020,0.0
23/05/2020,0.4
24/05/2020,6.1
25/05/2020,4.0
26/05/2020,6.0
27/05/2020,0.0
28/05/2020,0.0
29/05/2020,17.5
30/05/2020,0.5
31/05/2020,0.3
01/06/2020,9.8
02/06/2020,5.4
03/06/2020,0.0
04/06/2020,0.0
05/06/2020,21.0
06/06/2020,26.0
07/06/2020,22.2
08/06/2020,3.3
09/06/2020,20.1
10/06/2020,3.3
11/06/2020,8.7
12/06/2020,43.0
13/06/2020,0.5
14/06/2020,0.0
15/06/2020,7.0
16/06/2020,6.2
17/06/2020,75.3
18/06/2020,0.0
19/06/2020,0.5
20/06/2020,16.0
21/06/2020,59.0
22/06/2020,18.0
23/06/2020,3.5
24/06/2020,0.5
25/06/2020,1.5
26/06/2020,25.0
27/06/2020,0.0
28/06/2020,0.0
29/06/2020,3.0
30/06/2020,0.5
01/07/2020,1.3
02/07/2020,0.7
03/07/2020,0.4
04/07/2020,2.6
05/07/2020,1.0
06/07/2020,0.0
07/07/2020,2.0
08/07/2020,13.5
09/07/2020,28.4
10/07/2020,1.6
11/07/2020,15.2
12/07/2020,0.8
13/07/2020,4.0
14/07/2020,0.3
15/07/2020,0.2
16/07/2020,12.5
17/07/2020,0.5
18/07/2020,0.0
19/07/2020,0.0
20/07/2020,0.0
21/07/2020,0.5
22/07/2020,0.0
23/07/2020,6.9
24/07/2020,16.6
25/07/2020,26.5
26/07/2020,1.0
27/07/2020,10.5
28/07/2020,15.5
29/07/2020,19.5
30/07/2020,40.6
31/07/2020,3.9
01/08/2020,0.0
02/08/2020,0.0
03/08/2020,0.0
04/08/2020,0.0
05/08/2020,0.0
06/08/2020,0.0
07/08/2020,17.0
08/08/2020,0.0
09/08/2020,0.0
10/08/2020,0.5
11/08/2020,14.9
12/08/2020,2.1
13/08/2020,8.3
14/08/2020,1.7
15/08/2020,0.5
16/08/2020,3.5
17/08/2020,1.0
18/08/2020,65.5
19/08/2020,0.0
20/08/2020,0.5
21/08/2020,39.0
22/08/2020,0.0
23/08/2020,0.0
24/08/2020,0.0
25/08/2020,0.0
26/08/2020,0.0
27/08/2020,27.4
28/08/2020,3.1
29/08/2020,10.0
30/08/2020,1.0
31/08/2020,0.0
01/09/2020,5.5
02/09/2020,0.0
03/09/2020,0.0
04/09/2020,0.0
05/09/2020,22.2
06/09/2020,17.3
07/09/2020,0.0
08/09/2020,1.0
09/09/2020,1.0
10/09/2020,0.0
11/09/2020,0.0
12/09/2020,1.0
13/09/2020,0.5
14/09/2020,66.9
15/09/2020,0.1
16/09/2020,0.0
17/09/2020,11.5
18/09/2020,6.5
19/09/2020,0.0
20/09/2020,2.5
21/09/2020,0.0
22/09/2020,0.0
23/09/2020,15.0
24/09/2020,29.0
25/09/2020,0.0
26/09/2020,19.5
27/09/2020,0.0
28/09/2020,1.3
29/09/2020,0.6
30/09/2020,34.8
01/10/2020,3.3
02/10/2020,8.4
03/10/2020,0.6
04/10/2020,18.0
05/10/2020,6.4
06/10/2020,6.5
07/10/2020,48.1
08/10/2020,16.2
09/10/2020,1.3
10/10/2020,0.0
11/10/2020,0.0
12/10/2020,14.2
13/10/2020,3.3
14/10/2020,0.0
15/10/2020,0.4
16/10/2020,5.1
17/10/2020,0.0
18/10/2020,0.0
19/10/2020,0.0
20/10/2020,0.5
21/10/2020,1.8
22/10/2020,1.7
23/10/2020,0.0
24/10/2020,5.5
25/10/2020,51.1
26/10/2020,0.9
27/10/2020,0.5
28/10/2020,0.0
29/10/2020,0.0
30/10/2020,15.0
31/10/2020,16.5
01/11/2020,0.4
02/11/2020,3.1
03/11/2020,26.8
04/11/2020,63.7
05/11/2020,15.0
06/11/2020,12.7
07/11/2020,6.5
08/11/2020,4.2
09/11/2020,16.6
10/11/2020,11.5
11/11/2020,4.9
12/11/2020,18.1
13/11/2020,31.0
14/11/2020,23.0
15/11/2020,18.0
16/11/2020,0.6
17/11/2020,104.1
18/11/2020,19.2
19/11/2020,8.0
20/11/2020,1.2
21/11/2020,25.3
22/11/2020,4.1
23/11/2020,86.7
24/11/2020,79.5
25/11/2020,39.1
26/11/2020,4.3
27/11/2020,141.5
28/11/2020,62.8
29/11/2020,0.0
30/11/2020,0.0
01/12/2020,0.0
02/12/2020,7.0
03/12/2020,101.5
04/12/2020,84.0
05/12/2020,1.0
06/12/2020,0.0
07/12/2020,0.0
08/12/2020,0.0
09/12/2020,0.0
10/12/2020,0.0
11/12/2020,0.8
12/12/2020,7.9
13/12/2020,2.0
14/12/2020,2.6
15/12/2020,11.0
16/12/2020,59.7
17/12/2020,114.0
18/12/2020,141.3
19/12/2020,125.2
20/12/2020,68.2
21/12/2020,0.2
22/12/2020,0.0
23/12/2020,0.0
24/12/2020,0.5
25/12/2020,6.3
26/12/2020,75.2
27/12/2020,100.0
28/12/2020,0.0
29/12/2020,0.5
30/12/2020,0.0
31/12/2020,29.5
01/01/2021,22.4
02/01/2021,56.8
03/01/2021,103.2
04/01/2021,48.9
05/01/2021,90.8
06/01/2021,210.3
07/01/2021,64.4
08/01/2021,38.2
09/01/2021,27.0
10/01/2021,16.8
11/01/2021,8.9
12/01/2021,22.4
13/01/2021,4.4
14/01/2021,0.5
15/01/2021,0.5
16/01/2021,0.0
17/01/2021,2.0
18/01/2021,0.5
19/01/2021,0.4
20/01/2021,0.1
21/01/2021,0.0
22/01/2021,0.7
23/01/2021,21.8
24/01/2021,11.5
25/01/2021,0.5
26/01/2021,0.4
27/01/2021,37.8
28/01/2021,10.3
29/01/2021,0.0
30/01/2021,0.0
31/01/2021,8.8
01/02/2021,22.7
02/02/2021,0.0
03/02/2021,0.0
04/02/2021,0.0
05/02/2021,8.2
06/02/2021,2.3
07/02/2021,0.0
08/02/2021,7.5
09/02/2021,0.0
10/02/2021,0.0
11/02/2021,4.4
12/02/2021,3.1
13/02/2021,0.5
14/02/2021,0.0
15/02/2021,0.0
16/02/2021,0.0
17/02/2021,0.0
18/02/2021,0.0
19/02/2021,1.0
20/02/2021,0.0
21/02/2021,0.5
22/02/2021,0.0
23/02/2021,0.0
24/02/2021,0.0
25/02/2021,0.5
26/02/2021,0.0
27/02/2021,0.0
28/02/2021,0.0
01/03/2021,0.0
02/03/2021,0.0
03/03/2021,3.7
04/03/2021,6.3
05/03/2021,17.3
06/03/2021,43.2
07/03/2021,0.0
08/03/2021,0.0
09/03/2021,0.0
10/03/2021,25.6
11/03/2021,6.8
12/03/2021,7.9
13/03/2021,21.7
14/03/2021,0.0
15/03/2021,0.0
16/03/2021,0.0
17/03/2021,0.0
18/03/2021,0.0
19/03/2021,0.0
20/03/2021,0.0
21/03/2021,0.0
22/03/2021,0.5
23/03/2021,72.6
24/03/2021,40.4
25/03/2021,37.2
26/03/2021,41.9
27/03/2021,0.0
28/03/2021,11.5
29/03/2021,0.0
30/03/2021,3.0
31/03/2021,0.0
01/04/2021,4.5
02/04/2021,0.0
03/04/2021,0.0
04/04/2021,57.5
05/04/2021,0.0
06/04/2021,45.5
07/04/2021,9.0
08/04/2021,0.0
09/04/2021,0.0
10/04/2021,0.0
11/04/2021,0.0
12/04/2021,0.0
13/04/2021,29.5
14/04/2021,5.0
15/04/2021,0.0
16/04/2021,0.0
17/04/2021,20.0
18/04/2021,23.5
19/04/2021,19.9
20/04/2021,1.0
21/04/2021,0.1
22/04/2021,5.5
23/04/2021,4.0
24/04/2021,29.0
25/04/2021,11.2
26/04/2021,26.8
27/04/2021,0.0
28/04/2021,0.0
29/04/2021,63.8
30/04/2021,22.7
01/05/2021,0.0
02/05/2021,0.0
03/05/2021,0.0
04/05/2021,0.5
05/05/2021,25.0
06/05/2021,17.0
07/05/2021,0.0
08/05/2021,0.0
09/05/2021,0.0
10/05/2021,5.0
11/05/2021,83.0
12/05/2021,0.5
13/05/2021,0.0
14/05/2021,20.5
15/05/2021,8.0
16/05/2021,6.0
17/05/2021,0.0
18/05/2021,26.0
19/05/2021,17.5
20/05/2021,5.0
21/05/2021,1.0
22/05/2021,0.5
23/05/2021,0.0
24/05/2021,0.0
25/05/2021,0.0
26/05/2021,31.5
27/05/2021,47.0
28/05/2021,1.0
29/05/2021,0.0
30/05/2021,17.0
31/05/2021,0.5
01/06/2021,61.2
02/06/2021,17.8
03/06/2021,27.5
04/06/2021,37.5
05/06/2021,2.5
06/06/2021,6.5
07/06/2021,0.0
08/06/2021,4.5
09/06/2021,37.0
10/06/2021,34.7
11/06/2021,0.3
12/06/2021,0.0
13/06/2021,4.0
14/06/2021,0.0
15/06/2021,51.5
16/06/2021,0.0
17/06/2021,70.3
18/06/2021,7.7
19/06/2021,28.0
20/06/2021,0.5
21/06/2021,2.0
22/06/2021,0.9
23/06/2021,5.3
24/06/2021,4.7
25/06/2021,24.6
26/06/2021,19.0
27/06/2021,31.0
28/06/2021,13.5
29/06/2021,19.5
30/06/2021,26.2
01/07/2021,45.8
02/07/2021,4.0
03/07/2021,31.0
04/07/2021,0.0
05/07/2021,0.0
06/07/2021,2.5
07/07/2021,0.0
08/07/2021,2.5
09/07/2021,22.9
10/07/2021,2.1
11/07/2021,23.6
12/07/2021,0.4
13/07/2021,16.0
14/07/2021,0.0
15/07/2021,0.0
16/07/2021,0.0
17/07/2021,0.0
18/07/2021,0.0
19/07/2021,0.0
20/07/2021,0.0
21/07/2021,3.9
22/07/2021,3.6
23/07/2021,7.5
24/07/2021,2.6
25/07/2021,0.0
26/07/2021,2.4
27/07/2021,3.6
28/07/2021,11.4
29/07/2021,8.1
30/07/2021,0.0
31/07/2021,0.5
01/08/2021,32.0
02/08/2021,0.0
03/08/2021,0.5
04/08/2021,2.0
05/08/2021,0.5
06/08/2021,1.0
07/08/2021,2.0
08/08/2021,0.0
09/08/2021,3.0
10/08/2021,20.5
11/08/2021,6.0
12/08/2021,0.0
13/08/2021,22.7
14/08/2021,0.3
15/08/2021,11.0
16/08/2021,6.5
17/08/2021,4.5
18/08/2021,0.8
19/08/2021,4.2
20/08/2021,18.0
21/08/2021,0.4
22/08/2021,3.1
23/08/2021,0.0
24/08/2021,0.0
25/08/2021,2.5
26/08/2021,0.4
27/08/2021,0.1
28/08/2021,12.0
29/08/2021,0.5
30/08/2021,0.0
31/08/2021,2.0
01/09/2021,6.3
02/09/2021,56.8
03/09/2021,0.4
04/09/2021,0.0
05/09/2021,0.0
06/09/2021,5.0
07/09/2021,0.0
08/09/2021,0.0
09/09/2021,51.6
10/09/2021,3.4
11/09/2021,67.5
12/09/2021,12.5
13/09/2021,4.0
14/09/2021,0.0
15/09/2021,40.0
16/09/2021,0.0
17/09/2021,0.0
18/09/2021,0.5
19/09/2021,14.0
20/09/2021,0.0
21/09/2021,5.4
22/09/2021,2.1
23/09/2021,14.0
24/09/2021,2.0
25/09/2021,2.5
26/09/2021,15.8
27/09/2021,25.7
28/09/2021,21.5
29/09/2021,38.0
30/09/2021,26.0
01/10/2021,0.5
02/10/2021,0.0
03/10/2021,0.9
04/10/2021,0.5
05/10/2021,8.5
06/10/2021,5.5
07/10/2021,3.5
08/10/2021,6.0
09/10/2021,0.0
10/10/2021,0.0
11/10/2021,0.0
12/10/2021,0.0
13/10/2021,0.0
14/10/2021,0.0
15/10/2021,20.7
16/10/2021,5.3
17/10/2021,73.0
18/10/2021,0.0
19/10/2021,26.8
20/10/2021,4.2
21/10/2021,9.0
22/10/2021,0.0
23/10/2021,0.0
24/10/2021,12.0
25/10/2021,2.0
26/10/2021,8.5
27/10/2021,1.5
28/10/2021,42.8
29/10/2021,2.7
30/10/2021,0.0
31/10/2021,0.5
01/11/2021,0.4
02/11/2021,8.6
03/11/2021,5.5
04/11/2021,2.5
05/11/2021,1.5
06/11/2021,9.0
07/11/2021,2.2
08/11/2021,0.8
09/11/2021,12.8
10/11/2021,13.9
11/11/2021,9.3
12/11/2021,14.5
13/11/2021,35.8
14/11/2021,0.7
15/11/2021,0.0
16/11/2021,45.3
17/11/2021,84.8
18/11/2021,11.3
19/11/2021,9.5
20/11/2021,3.5
21/11/2021,0.0
22/11/2021,126.0
23/11/2021,19.9
24/11/2021,20.1
25/11/2021,29.7
26/11/2021,26.7
27/11/2021,3.9
28/11/2021,0.1
29/11/2021,15.4
30/11/2021,0.6
01/12/2021,10.2
02/12/2021,42.7
03/12/2021,45.5
04/12/2021,13.0
05/12/2021,0.7
06/12/2021,0.0
07/12/2021,0.6
08/12/2021,0.4
09/12/2021,0.5
10/12/2021,34.8
11/12/2021,7.2
12/12/2021,3.9
13/12/2021,7.1
14/12/2021,8.6
15/12/2021,44.0
16/12/2021,108.0
17/12/2021,98.6
18/12/2021,123.9
19/12/2021,25.5
20/12/2021,0.0
21/12/2021,16.2
22/12/2021,20.3
23/12/2021,9.5
24/12/2021,1.5
25/12/2021,15.3
26/12/2021,4.7
27/12/2021,0.0
28/12/2021,0.4
29/12/2021,23.8
30/12/2021,114.9
31/12/2021,91.8
01/01/2022,56.9
02/01/2022,46.0
03/01/2022,45.0
04/01/2022,43.7
05/01/2022,0.5
06/01/2022,0.4
07/01/2022,12.1
08/01/2022,18.5
09/01/2022,0.4
10/01/2022,0.0
11/01/2022,0.0
12/01/2022,0.0
13/01/2022,0.0
14/01/2022,0.0
15/01/2022,0.4
16/01/2022,20.8
17/01/2022,28.2
18/01/2022,0.5
19/01/2022,1.5
20/01/2022,0.0
21/01/2022,0.0
22/01/2022,0.0
23/01/2022,0.0
24/01/2022,0.0
25/01/2022,0.0
26/01/2022,0.0
27/01/2022,0.0
28/01/2022,0.0
29/01/2022,0.0
30/01/2022,0.0
31/01/2022,0.0
01/02/2022,0.0
02/02/2022,44.4
03/02/2022,5.5
04/02/2022,10.7
05/02/2022,10.3
06/02/2022,57.2
07/02/2022,77.7
08/02/2022,91.8
09/02/2022,2.3
10/02/2022,21.4
11/02/2022,34.8
12/02/2022,15.8
13/02/2022,47.7
14/02/2022,76.2
15/02/2022,88.9
16/02/2022,18.7
17/02/2022,0.0
18/02/2022,2.5
19/02/2022,0.5
20/02/2022,0.0
21/02/2022,0.0
22/02/2022,8.4
23/02/2022,68.0
24/02/2022,174.8
25/02/2022,180.9
26/02/2022,153.8
27/02/2022,589.6
28/02/2022,24.1
01/03/2022,27.9
02/03/2022,3.5
03/03/2022,26.1
04/03/2022,31.4
05/03/2022,6.5
06/03/2022,5.3
07/03/2022,0.2
08/03/2022,3.8
09/03/2022,9.5
10/03/2022,0.7
11/03/2022,0.0
12/03/2022,0.0
13/03/2022,21.0
14/03/2022,0.5
15/03/2022,1.3
16/03/2022,33.7
17/03/2022,9.5
18/03/2022,0.5
19/03/2022,2.5
20/03/2022,23.0
21/03/2022,4.0
22/03/2022,47.5
23/03/2022,40.7
24/03/2022,2.2
25/03/2022,18.2
26/03/2022,0.5
27/03/2022,0.0
28/03/2022,0.0
29/03/2022,0.0
30/03/2022,21.0
31/03/2022,1.5
01/04/2022,8.5
02/04/2022,0.0
03/04/2022,2.5
04/04/2022,7.3
05/04/2022,14.0
06/04/2022,2.6
07/04/2022,13.0
08/04/2022,0.5
09/04/2022,138.5
10/04/2022,31.2
11/04/2022,0.3
12/04/2022,0.0
13/04/2022,6.0
14/04/2022,1.0
15/04/2022,37.0
16/04/2022,0.5
17/04/2022,1.5
18/04/2022,0.0
19/04/2022,0.7
20/04/2022,0.3
21/04/2022,0.0
22/04/2022,3.5
23/04/2022,21.7
24/04/2022,24.3
25/04/2022,20.3
26/04/2022,0.2
27/04/2022,0.0
28/04/2022,0.0
29/04/2022,5.0
30/04/2022,62.5
01/05/2022,2.5
02/05/2022,10.0
03/05/2022,2.4
04/05/2022,21.1
05/05/2022,21.5
06/05/2022,8.0
07/05/2022,0.0
08/05/2022,30.7
09/05/2022,16.3
10/05/2022,31.0
11/05/2022,4.2
12/05/2022,16.3
13/05/2022,0.0
14/05/2022,10.5
15/05/2022,0.0
16/05/2022,70.2
17/05/2022,26.8
18/05/2022,1.7
19/05/2022,9.8
20/05/2022,0.0
21/05/2022,0.5
22/05/2022,1.0
23/05/2022,0.0
24/05/2022,25.5
25/05/2022,10.5
26/05/2022,0.0
27/05/2022,0.0
28/05/2022,0.0
29/05/2022,5.2
30/05/2022,7.3
31/05/2022,0.8
01/06/2022,18.2
02/06/2022,0.0
03/06/2022,62.0
04/06/2022,0.0
05/06/2022,0.0
06/06/2022,1.0
07/06/2022,35.5
08/06/2022,42.0
09/06/2022,8.5
10/06/2022,0.0
11/06/2022,13.0
12/06/2022,0.0
13/06/2022,1.0
14/06/2022,0.5
15/06/2022,4.7
16/06/2022,17.8
17/06/2022,3.5
18/06/2022,0.0
19/06/2022,0.0
20/06/2022,12.5
21/06/2022,33.0
22/06/2022,12.5
23/06/2022,0.5
24/06/2022,84.5
25/06/2022,1.5
26/06/2022,14.0
27/06/2022,0.0
28/06/2022,4.5
29/06/2022,10.0
30/06/2022,0.5
01/07/2022,0.0
02/07/2022,0.0
03/07/2022,5.7
04/07/2022,10.4
05/07/2022,2.5
06/07/2022,1.5
07/07/2022,0.5
08/07/2022,28.8
09/07/2022,3.2
10/07/2022,0.0
11/07/2022,13.0
12/07/2022,1.5
13/07/2022,3.5
14/07/2022,0.0
15/07/2022,0.0
16/07/2022,0.0
17/07/2022,0.0
18/07/2022,0.7
19/07/2022,7.8
20/07/2022,0.0
21/07/2022,0.0
22/07/2022,0.0
23/07/2022,0.0
24/07/2022,3.0
25/07/2022,1.0
26/07/2022,0.0
27/07/2022,19.5
28/07/2022,48.0
29/07/2022,3.0
30/07/2022,70.5
31/07/2022,15.5
01/08/2022,0.4
02/08/2022,0.1
03/08/2022,31.0
04/08/2022,22.5
05/08/2022,7.5
06/08/2022,0.0
07/08/2022,0.4
08/08/2022,0.1
09/08/2022,0.0
10/08/2022,0.0
11/08/2022,0.0
12/08/2022,0.0
13/08/2022,15.0
14/08/2022,0.0
15/08/2022,1.5
16/08/2022,0.0
17/08/2022,1.5
18/08/2022,0.5
19/08/2022,0.0
20/08/2022,14.0
21/08/2022,0.0
22/08/2022,4.0
23/08/2022,0.0
24/08/2022,0.0
25/08/2022,34.8
26/08/2022,4.7
27/08/2022,18.5
28/08/2022,9.1
29/08/2022,6.9
30/08/2022,22.5
31/08/2022,19.0
01/09/2022,0.0
02/09/2022,1.4
03/09/2022,3.1
04/09/2022,0.4
05/09/2022,3.1
06/09/2022,0.8
07/09/2022,21.7
08/09/2022,0.4
09/09/2022,2.0
10/09/2022,52.1
11/09/2022,0.6
12/09/2022,0.9
13/09/2022,4.0
14/09/2022,0.5
15/09/2022,4.5
16/09/2022,7.0
17/09/2022,2.5
18/09/2022,14.1
19/09/2022,41.3
20/09/2022,5.1
21/09/2022,4.5
22/09/2022,2.0
23/09/2022,1.9
24/09/2022,4.1
25/09/2022,2.5
26/09/2022,1.1
27/09/2022,7.9
28/09/2022,0.0
29/09/2022,11.0
30/09/2022,10.7
01/10/2022,15.7
02/10/2022,2.5
03/10/2022,45.7
04/10/2022,43.8
05/10/2022,13.0
06/10/2022,7.7
07/10/2022,53.5
08/10/2022,40.1
09/10/2022,5.9
10/10/2022,36.9
11/10/2022,30.8
12/10/2022,2.7
13/10/2022,0.0
14/10/2022,28.5
15/10/2022,3.0
16/10/2022,0.7
17/10/2022,4.3
18/10/2022,17.5
19/10/2022,55.8
20/10/2022,0.2
21/10/2022,11.3
22/10/2022,9.7
23/10/2022,0.4
24/10/2022,1.4
25/10/2022,2.1
26/10/2022,2.6
27/10/2022,0.0
28/10/2022,36.5
29/10/2022,1.0
30/10/2022,2.0
31/10/2022,12.0
01/11/2022,7.5
02/11/2022,19.2
03/11/2022,10.8
04/11/2022,13.0
05/11/2022,0.5
06/11/2022,2.0
07/11/2022,1.5
08/11/2022,1.9
09/11/2022,3.6
10/11/2022,45.7
11/11/2022,66.0
12/11/2022,22.8
13/11/2022,10.0
14/11/2022,0.0
15/11/2022,6.0
16/11/2022,38.5
17/11/2022,0.5
18/11/2022,13.0
19/11/2022,0.5
20/11/2022,0.0
21/11/2022,10.5
22/11/2022,4.5
23/11/2022,2.8
24/11/2022,0.7
25/11/2022,39.5
26/11/2022,39.5
27/11/2022,8.0
28/11/2022,14.5
29/11/2022,0.5
30/11/2022,10.0
01/12/2022,15.4
02/12/2022,24.6
03/12/2022,2.5
04/12/2022,13.0
05/12/2022,0.5
06/12/2022,10.5
07/12/2022,6.5
08/12/2022,165.4
09/12/2022,60.5
10/12/2022,39.4
11/12/2022,47.8
12/12/2022,43.6
13/12/2022,76.7
14/12/2022,130.9
15/12/2022,8.2
16/12/2022,4.4
17/12/2022,96.2
18/12/2022,543.8
19/12/2022,258.6
20/12/2022,68.8
21/12/2022,153.9
22/12/2022,21.3
23/12/2022,0.9
24/12/2022,0.6
25/12/2022,4.7
26/12/2022,1.2
27/12/2022,4.6
28/12/2022,0.5
29/12/2022,0.0
30/12/2022,0.0
31/12/2022,0.0
01/01/2023,0.0
02/01/2023,0.4
03/01/2023,55.6
04/01/2023,7.5
05/01/2023,1.0
06/01/2023,21.3
07/01/2023,16.0
08/01/2023,8.2
09/01/2023,0.5
10/01/2023,38.0
11/01/2023,58.8
12/01/2023,85.7
13/01/2023,0.4
14/01/2023,22.1
15/01/2023,0.0
16/01/2023,0.0
17/01/2023,3.2
18/01/2023,6.3
19/01/2023,11.8
20/01/2023,22.2
21/01/2023,38.9
22/01/2023,25.3
23/01/2023,17.2
24/01/2023,12.8
25/01/2023,30.2
26/01/2023,0.5
27/01/2023,63.9
28/01/2023,44.4
29/01/2023,36.4
30/01/2023,30.9
31/01/2023,14.0
01/02/2023,12.4
02/02/2023,70.5
03/02/2023,50.6
04/02/2023,5.6
05/02/2023,30.7
06/02/2023,145.2
07/02/2023,18.7
08/02/2023,13.5
09/02/2023,0.0
10/02/2023,1.0
11/02/2023,0.0
12/02/2023,0.0
13/02/2023,0.0
14/02/2023,0.0
15/02/2023,0.0
16/02/2023,13.7
17/02/2023,20.8
18/02/2023,20.1
19/02/2023,0.0
20/02/2023,7.8
21/02/2023,24.7
22/02/2023,10.5
23/02/2023,4.0
24/02/2023,0.0
25/02/2023,1.0
26/02/2023,11.8
27/02/2023,27.4
28/02/2023,70.3
01/03/2023,49.3
02/03/2023,22.6
03/03/2023,11.6
04/03/2023,3.9
05/03/2023,0.5
06/03/2023,0.0
07/03/2023,0.0
08/03/2023,0.5
09/03/2023,1.5
10/03/2023,37.6
11/03/2023,0.4
12/03/2023,0.0
13/03/2023,1.0
14/03/2023,0.0
15/03/2023,0.0
16/03/2023,10.0
17/03/2023,0.0
18/03/2023,0.7
19/03/2023,0.3
20/03/2023,0.0
21/03/2023,0.0
22/03/2023,0.0
23/03/2023,0.0
24/03/2023,0.0
25/03/2023,0.0
26/03/2023,0.0
27/03/2023,0.5
28/03/2023,0.0
29/03/2023,0.0
30/03/2023,0.0
31/03/2023,0.0
01/04/2023,0.0
02/04/2023,9.5
03/04/2023,7.0
04/04/2023,0.5
05/04/2023,43.3
06/04/2023,0.7
07/04/2023,0.0
08/04/2023,0.0
09/04/2023,0.0
10/04/2023,0.0
