Date,Value (mm)
29/06/1970,1.8
30/06/1970,0.4
01/07/1970,0.1
02/07/1970,23.9
03/07/1970,2.8
04/07/1970,0.4
05/07/1970,5.6
06/07/1970,0.1
07/07/1970,7.6
08/07/1970,16.7
09/07/1970,0.2
10/07/1970,0.2
11/07/1970,0.2
12/07/1970,4.8
13/07/1970,0.0
14/07/1970,0.0
15/07/1970,0.0
16/07/1970,0.0
17/07/1970,2.2
18/07/1970,0.0
19/07/1970,0.0
20/07/1970,0.0
21/07/1970,0.0
22/07/1970,8.4
23/07/1970,0.0
24/07/1970,15.7
25/07/1970,0.0
26/07/1970,0.0
27/07/1970,1.2
28/07/1970,0.0
29/07/1970,2.2
30/07/1970,0.0
31/07/1970,7.0
01/08/1970,95.2
02/08/1970,0.0
03/08/1970,0.0
04/08/1970,0.0
05/08/1970,0.0
06/08/1970,0.0
07/08/1970,6.3
08/08/1970,0.0
09/08/1970,0.0
10/08/1970,0.0
11/08/1970,0.0
12/08/1970,13.7
13/08/1970,4.3
14/08/1970,0.0
15/08/1970,0.0
16/08/1970,11.0
17/08/1970,10.0
18/08/1970,0.1
19/08/1970,0.1
20/08/1970,0.1
21/08/1970,0.1
22/08/1970,11.0
23/08/1970,0.2
24/08/1970,4.3
25/08/1970,0.0
26/08/1970,0.0
27/08/1970,54.6
28/08/1970,0.5
29/08/1970,10.6
30/08/1970,3.0
31/08/1970,12.7
01/09/1970,8.8
02/09/1970,0.0
03/09/1970,12.8
04/09/1970,15.8
05/09/1970,10.4
06/09/1970,1.3
07/09/1970,7.5
24/09/1970,6.1
25/09/1970,10.2
26/09/1970,0.6
27/09/1970,30.5
28/09/1970,1.3
29/09/1970,9.0
30/09/1970,19.2
01/10/1970,12.7
02/10/1970,0.0
03/10/1970,0.0
04/10/1970,0.0
05/10/1970,0.0
06/10/1970,0.0
07/10/1970,0.0
08/10/1970,0.0
09/10/1970,0.0
10/10/1970,0.7
11/10/1970,0.3
12/10/1970,0.2
13/10/1970,0.4
14/10/1970,8.2
15/10/1970,10.6
16/10/1970,31.0
17/10/1970,4.9
18/10/1970,7.7
19/10/1970,0.2
20/10/1970,16.8
21/10/1970,0.1
22/10/1970,0.1
23/10/1970,0.1
24/10/1970,0.1
25/10/1970,8.7
26/10/1970,23.7
27/10/1970,4.9
28/10/1970,0.5
29/10/1970,0.1
30/10/1970,0.1
31/10/1970,0.5
01/11/1970,0.0
02/11/1970,58.1
03/11/1970,26.7
04/11/1970,0.9
05/11/1970,6.1
06/11/1970,22.7
07/11/1970,2.9
08/11/1970,10.2
09/11/1970,0.2
10/11/1970,4.0
11/11/1970,30.9
12/11/1970,23.5
13/11/1970,0.1
14/11/1970,0.0
15/11/1970,0.0
16/11/1970,0.0
17/11/1970,4.0
18/11/1970,0.0
19/11/1970,18.8
20/11/1970,0.1
21/11/1970,0.1
22/11/1970,0.1
23/11/1970,0.0
24/11/1970,5.3
25/11/1970,0.6
26/11/1970,4.9
27/11/1970,0.0
28/11/1970,0.0
29/11/1970,3.3
30/11/1970,6.3
01/12/1970,0.3
02/12/1970,2.0
03/12/1970,2.8
04/12/1970,0.0
05/12/1970,3.8
06/12/1970,4.5
07/12/1970,11.7
08/12/1970,50.1
09/12/1970,19.1
10/12/1970,1.8
11/12/1970,0.0
12/12/1970,0.0
13/12/1970,25.7
14/12/1970,1.9
15/12/1970,0.0
16/12/1970,24.3
17/12/1970,108.2
18/12/1970,12.3
19/12/1970,9.4
20/12/1970,1.6
21/12/1970,0.2
22/12/1970,0.0
23/12/1970,0.0
24/12/1970,0.0
25/12/1970,0.0
26/12/1970,49.3
27/12/1970,113.9
28/12/1970,49.4
29/12/1970,0.2
30/12/1970,0.2
31/12/1970,4.5
01/01/1971,19.0
02/01/1971,11.3
03/01/1971,30.8
04/01/1971,10.9
05/01/1971,3.9
06/01/1971,3.9
07/01/1971,0.0
08/01/1971,11.3
09/01/1971,0.3
10/01/1971,0.4
31/01/1971,0.4
01/02/1971,0.4
02/02/1971,0.0
03/02/1971,0.0
04/02/1971,0.0
05/02/1971,0.0
06/02/1971,0.0
07/02/1971,0.0
08/02/1971,0.0
09/02/1971,0.0
10/02/1971,0.0
11/02/1971,0.0
12/02/1971,0.0
13/02/1971,0.0
14/02/1971,0.0
15/02/1971,0.0
16/02/1971,0.0
17/02/1971,0.0
18/02/1971,0.0
19/02/1971,0.0
20/02/1971,0.0
21/02/1971,11.4
22/02/1971,8.2
23/02/1971,31.5
24/02/1971,3.4
25/02/1971,11.0
02/03/1971,0.6
03/03/1971,7.1
04/03/1971,0.0
05/03/1971,2.5
06/03/1971,0.0
07/03/1971,0.0
08/03/1971,0.0
09/03/1971,0.0
10/03/1971,0.0
11/03/1971,0.0
12/03/1971,0.0
13/03/1971,0.0
14/03/1971,0.0
15/03/1971,1.1
16/03/1971,45.5
17/03/1971,16.2
25/05/1971,37.9
26/05/1971,2.3
27/05/1971,9.6
28/05/1971,0.3
29/05/1971,17.5
30/05/1971,0.0
31/05/1971,0.0
01/06/1971,0.0
02/06/1971,0.0
03/06/1971,0.0
04/06/1971,0.0
05/06/1971,0.0
06/06/1971,23.3
07/06/1971,0.9
08/06/1971,14.3
09/06/1971,0.6
10/06/1971,0.0
11/06/1971,0.0
12/06/1971,0.0
13/06/1971,0.0
14/06/1971,0.0
15/06/1971,0.0
16/06/1971,0.0
17/06/1971,0.0
18/06/1971,0.0
19/06/1971,0.0
20/06/1971,0.0
21/06/1971,0.0
22/06/1971,0.0
23/06/1971,0.0
24/06/1971,0.0
25/06/1971,0.0
26/06/1971,0.0
27/06/1971,0.0
09/06/1972,12.0
10/06/1972,88.0
11/06/1972,0.0
20/06/1972,80.5
21/06/1972,0.0
22/06/1972,0.5
23/06/1972,3.9
24/06/1972,0.0
25/06/1972,0.0
26/06/1972,0.0
27/06/1972,0.0
28/06/1972,0.0
08/07/1972,0.8
09/07/1972,13.7
10/07/1972,0.0
11/07/1972,0.1
12/07/1972,0.1
13/07/1972,0.1
14/07/1972,0.1
15/07/1972,0.1
16/07/1972,53.9
17/07/1972,1.5
18/07/1972,28.6
19/07/1972,0.0
20/07/1972,0.0
21/07/1972,0.0
22/07/1972,0.0
23/07/1972,0.0
24/07/1972,0.0
25/07/1972,6.0
26/07/1972,6.2
27/07/1972,42.1
28/07/1972,0.2
29/07/1972,0.2
30/07/1972,3.1
31/07/1972,3.0
01/08/1972,0.1
02/08/1972,0.8
03/08/1972,0.1
04/08/1972,0.1
05/08/1972,0.1
06/08/1972,5.5
07/08/1972,0.3
08/08/1972,0.0
09/08/1972,0.0
10/08/1972,0.0
11/08/1972,0.0
12/08/1972,0.0
13/08/1972,21.9
14/08/1972,0.0
15/08/1972,0.0
16/08/1972,11.0
17/08/1972,0.4
18/08/1972,17.0
19/08/1972,20.6
20/08/1972,3.8
21/08/1972,0.7
22/08/1972,0.2
23/08/1972,0.2
24/08/1972,0.1
30/08/1972,18.4
31/08/1972,0.3
01/09/1972,1.4
02/09/1972,0.2
03/09/1972,0.2
04/09/1972,3.9
05/09/1972,14.7
06/09/1972,1.0
07/09/1972,0.3
08/09/1972,1.6
09/09/1972,0.1
10/09/1972,0.1
11/09/1972,0.0
12/09/1972,3.2
13/09/1972,0.2
14/09/1972,22.7
15/09/1972,116.9
16/09/1972,36.6
17/09/1972,55.7
18/09/1972,0.3
10/10/1972,4.5
11/10/1972,0.1
12/10/1972,0.1
13/10/1972,0.1
14/10/1972,4.0
15/10/1972,0.4
16/10/1972,14.4
17/10/1972,0.2
18/10/1972,0.2
19/10/1972,0.2
20/10/1972,21.9
21/10/1972,0.2
09/01/1973,0.8
10/01/1973,0.1
11/01/1973,0.1
12/01/1973,0.1
13/01/1973,0.5
14/01/1973,0.3
15/01/1973,3.3
16/01/1973,8.3
17/01/1973,10.4
18/01/1973,0.0
19/01/1973,0.0
20/01/1973,0.0
21/01/1973,0.0
22/01/1973,0.0
23/01/1973,0.0
24/01/1973,0.0
25/01/1973,0.0
26/01/1973,0.0
27/01/1973,0.0
28/01/1973,0.0
29/01/1973,0.0
30/01/1973,24.8
31/01/1973,7.7
01/02/1973,2.1
02/02/1973,5.7
03/02/1973,1.7
04/02/1973,5.7
05/02/1973,0.7
06/02/1973,7.5
07/02/1973,0.0
08/02/1973,4.5
09/02/1973,2.6
10/02/1973,1.5
11/02/1973,2.3
12/02/1973,0.3
13/02/1973,0.3
14/02/1973,4.0
15/02/1973,2.7
16/02/1973,0.3
17/02/1973,0.1
18/02/1973,0.0
22/05/1973,1.4
23/05/1973,1.5
24/05/1973,0.2
25/05/1973,0.2
26/05/1973,0.1
27/05/1973,8.4
28/05/1973,0.5
29/05/1973,0.1
30/05/1973,0.2
31/05/1973,1.1
01/06/1973,0.8
02/06/1973,0.9
03/06/1973,9.5
04/06/1973,0.1
05/06/1973,1.4
06/06/1973,0.2
07/06/1973,0.2
08/06/1973,0.2
09/06/1973,2.6
10/06/1973,0.1
11/06/1973,8.0
12/06/1973,0.2
13/06/1973,3.7
14/06/1973,2.1
15/06/1973,0.0
16/06/1973,0.0
17/06/1973,0.0
18/06/1973,0.0
19/06/1973,0.0
20/06/1973,0.0
21/06/1973,30.5
22/06/1973,9.4
23/06/1973,0.2
24/06/1973,0.0
25/06/1973,0.0
26/06/1973,0.5
27/06/1973,0.0
28/06/1973,2.1
29/06/1973,6.6
30/06/1973,2.2
01/07/1973,11.9
02/07/1973,5.2
03/07/1973,0.2
04/07/1973,5.1
05/07/1973,0.2
06/07/1973,1.3
07/07/1973,44.1
08/07/1973,0.8
09/07/1973,0.0
10/07/1973,0.0
11/07/1973,0.0
12/07/1973,0.0
13/07/1973,2.6
14/07/1973,10.2
15/07/1973,0.0
16/07/1973,4.3
17/07/1973,0.0
18/07/1973,0.0
19/07/1973,0.0
20/07/1973,58.8
21/07/1973,0.3
22/07/1973,17.5
23/07/1973,14.8
24/07/1973,0.2
25/07/1973,0.2
26/07/1973,0.2
27/07/1973,0.2
28/07/1973,0.2
29/07/1973,0.2
30/07/1973,0.2
31/07/1973,0.2
01/08/1973,0.2
02/08/1973,2.0
03/08/1973,0.0
04/08/1973,1.9
05/08/1973,0.4
06/08/1973,3.6
07/08/1973,3.1
08/08/1973,0.2
09/08/1973,0.2
10/08/1973,3.0
11/08/1973,4.0
12/08/1973,2.8
13/08/1973,0.1
14/08/1973,0.0
15/08/1973,0.0
16/08/1973,0.0
17/08/1973,0.0
18/08/1973,0.0
19/08/1973,0.0
20/08/1973,7.5
21/08/1973,1.3
22/08/1973,23.6
23/08/1973,2.0
24/08/1973,0.3
25/08/1973,0.3
26/08/1973,6.9
27/08/1973,0.1
28/08/1973,0.0
29/08/1973,10.4
30/08/1973,0.6
31/08/1973,0.8
01/09/1973,12.3
02/09/1973,21.2
03/09/1973,3.8
04/09/1973,0.3
05/09/1973,0.3
06/09/1973,19.4
07/09/1973,4.2
08/09/1973,10.3
09/09/1973,0.1
10/09/1973,0.1
11/09/1973,0.3
12/09/1973,0.0
13/09/1973,17.6
14/09/1973,1.5
15/09/1973,0.1
16/09/1973,44.1
17/09/1973,0.7
18/09/1973,0.4
19/09/1973,15.0
20/09/1973,0.8
21/09/1973,0.1
22/09/1973,3.9
23/09/1973,0.1
24/09/1973,3.0
25/09/1973,2.9
26/09/1973,0.9
27/09/1973,31.8
28/09/1973,18.5
29/09/1973,0.0
30/09/1973,0.0
01/10/1973,0.0
02/10/1973,15.6
03/10/1973,1.6
04/10/1973,1.5
05/10/1973,6.3
06/10/1973,2.2
07/10/1973,6.9
08/10/1973,28.0
09/10/1973,13.1
10/10/1973,1.6
11/10/1973,23.7
12/10/1973,11.6
13/10/1973,0.3
14/10/1973,0.0
15/10/1973,0.0
16/10/1973,0.0
17/10/1973,0.0
18/10/1973,3.3
19/10/1973,11.1
20/10/1973,10.8
21/10/1973,22.5
22/10/1973,16.7
23/10/1973,3.1
24/10/1973,6.3
25/10/1973,20.1
26/10/1973,5.7
27/10/1973,0.2
28/10/1973,28.0
29/10/1973,0.6
30/10/1973,110.6
31/10/1973,87.5
01/11/1973,11.4
02/11/1973,49.3
03/11/1973,169.7
04/11/1973,4.7
05/11/1973,1.4
06/11/1973,16.8
07/11/1973,2.3
08/11/1973,0.6
09/11/1973,0.0
10/11/1973,0.4
11/11/1973,0.4
12/11/1973,4.4
13/11/1973,0.7
14/11/1973,1.7
15/11/1973,0.1
16/11/1973,0.1
17/11/1973,13.5
18/11/1973,0.1
19/11/1973,9.2
20/11/1973,12.3
21/11/1973,33.0
22/11/1973,9.5
23/11/1973,0.6
24/11/1973,28.2
25/11/1973,0.6
26/11/1973,49.6
27/11/1973,30.8
28/11/1973,11.2
29/11/1973,15.0
30/11/1973,35.3
01/12/1973,59.2
02/12/1973,221.3
03/12/1973,165.7
04/12/1973,6.0
05/12/1973,1.3
06/12/1973,18.0
07/12/1973,70.9
08/12/1973,22.4
09/12/1973,89.3
10/12/1973,18.8
11/12/1973,3.1
12/12/1973,3.9
13/12/1973,1.6
14/12/1973,9.6
15/12/1973,16.7
16/12/1973,0.9
17/12/1973,0.7
18/12/1973,0.6
19/12/1973,0.5
20/12/1973,51.9
21/12/1973,282.9
22/12/1973,88.4
23/12/1973,7.3
24/12/1973,6.5
25/12/1973,27.5
26/12/1973,4.0
27/12/1973,4.5
28/12/1973,19.5
29/12/1973,6.5
30/12/1973,0.0
31/12/1973,2.0
01/01/1974,4.5
02/01/1974,2.5
03/01/1974,9.0
04/01/1974,0.0
05/01/1974,0.0
06/01/1974,0.0
07/01/1974,0.0
08/01/1974,0.0
09/01/1974,0.0
10/01/1974,0.0
11/01/1974,0.0
12/01/1974,0.0
13/01/1974,0.0
14/01/1974,0.0
15/01/1974,0.0
16/01/1974,13.0
17/01/1974,0.0
18/01/1974,0.0
19/01/1974,0.0
20/01/1974,0.0
21/01/1974,0.0
22/01/1974,0.0
23/01/1974,0.0
24/01/1974,0.0
25/01/1974,1.0
26/01/1974,0.0
27/01/1974,0.0
28/01/1974,0.0
29/01/1974,0.0
30/01/1974,0.0
31/01/1974,0.0
01/02/1974,0.0
02/02/1974,0.0
03/02/1974,1.5
04/02/1974,1.5
05/02/1974,2.5
06/02/1974,0.0
07/02/1974,0.0
08/02/1974,1.5
09/02/1974,0.0
10/02/1974,0.5
11/02/1974,0.0
12/02/1974,0.0
13/02/1974,0.0
14/02/1974,0.0
15/02/1974,8.0
16/02/1974,4.0
17/02/1974,3.0
18/02/1974,0.0
19/02/1974,0.0
20/02/1974,7.5
21/02/1974,0.0
22/02/1974,0.0
23/02/1974,0.0
24/02/1974,0.0
25/02/1974,0.0
26/02/1974,0.0
27/02/1974,0.5
28/02/1974,0.5
01/03/1974,0.0
02/03/1974,0.0
03/03/1974,3.5
04/03/1974,11.0
05/03/1974,17.0
06/03/1974,69.5
07/03/1974,1.5
08/03/1974,0.0
09/03/1974,0.0
10/03/1974,0.0
11/03/1974,0.0
12/03/1974,0.0
13/03/1974,0.0
14/03/1974,0.0
27/03/1974,2.3
28/03/1974,28.2
29/03/1974,53.0
30/03/1974,1.4
31/03/1974,4.1
01/04/1974,0.0
02/04/1974,35.5
03/04/1974,4.5
04/04/1974,9.5
05/04/1974,3.5
06/04/1974,44.0
07/04/1974,0.0
08/04/1974,0.0
09/04/1974,0.0
10/04/1974,1.5
11/04/1974,53.0
12/04/1974,0.0
13/04/1974,0.0
14/04/1974,0.0
15/04/1974,0.0
16/04/1974,0.0
17/04/1974,0.0
18/04/1974,0.0
19/04/1974,11.5
20/04/1974,30.5
21/04/1974,0.0
22/04/1974,0.0
23/04/1974,0.0
24/04/1974,0.0
25/04/1974,0.0
26/04/1974,0.0
27/04/1974,0.0
28/04/1974,4.0
29/04/1974,0.0
30/04/1974,0.0
01/05/1974,0.0
02/05/1974,0.0
03/05/1974,0.0
04/05/1974,0.0
05/05/1974,0.0
06/05/1974,0.0
07/05/1974,0.0
08/05/1974,0.0
09/05/1974,0.0
10/05/1974,0.0
11/05/1974,0.0
12/05/1974,28.5
13/05/1974,0.0
14/05/1974,0.0
15/05/1974,0.0
16/05/1974,1.5
17/05/1974,0.0
18/05/1974,0.0
19/05/1974,2.5
20/05/1974,5.0
21/05/1974,0.5
22/05/1974,0.0
23/05/1974,0.0
24/05/1974,4.0
25/05/1974,1.0
26/05/1974,20.0
27/05/1974,0.0
28/05/1974,0.0
29/05/1974,6.0
30/05/1974,0.5
31/05/1974,0.0
01/06/1974,0.0
02/06/1974,0.0
03/06/1974,25.0
04/06/1974,0.0
05/06/1974,0.0
06/06/1974,0.0
07/06/1974,0.0
08/06/1974,5.0
09/06/1974,0.5
10/06/1974,30.9
11/06/1974,1.1
12/06/1974,3.5
13/06/1974,0.0
14/06/1974,0.0
15/06/1974,0.0
16/06/1974,0.0
17/06/1974,0.0
18/06/1974,0.0
19/06/1974,0.5
20/06/1974,0.0
21/06/1974,0.0
22/06/1974,0.0
23/06/1974,0.0
24/06/1974,0.0
25/06/1974,0.0
26/06/1974,0.0
27/06/1974,0.0
28/06/1974,0.0
29/06/1974,0.0
30/06/1974,2.0
01/07/1974,17.8
02/07/1974,8.7
03/07/1974,0.0
04/07/1974,0.0
05/07/1974,0.0
06/07/1974,0.5
07/07/1974,0.5
08/07/1974,0.0
09/07/1974,39.5
10/07/1974,5.0
11/07/1974,1.5
12/07/1974,11.5
13/07/1974,0.0
14/07/1974,9.5
15/07/1974,0.0
16/07/1974,0.0
17/07/1974,0.0
18/07/1974,0.0
19/07/1974,0.0
20/07/1974,0.0
21/07/1974,0.0
22/07/1974,0.0
23/07/1974,0.0
24/07/1974,0.0
25/07/1974,0.0
26/07/1974,0.0
27/07/1974,0.0
28/07/1974,4.5
29/07/1974,0.0
30/07/1974,0.0
31/07/1974,0.0
01/08/1974,5.5
02/08/1974,0.0
03/08/1974,0.0
04/08/1974,2.5
05/08/1974,3.0
06/08/1974,0.0
07/08/1974,1.5
08/08/1974,0.0
09/08/1974,0.0
10/08/1974,0.0
11/08/1974,3.5
12/08/1974,0.0
13/08/1974,0.0
14/08/1974,9.5
15/08/1974,0.0
16/08/1974,0.0
17/08/1974,0.0
18/08/1974,0.0
19/08/1974,0.0
20/08/1974,4.0
21/08/1974,0.0
22/08/1974,1.0
23/08/1974,0.0
24/08/1974,0.0
25/08/1974,10.5
26/08/1974,14.0
27/08/1974,0.0
28/08/1974,44.4
29/08/1974,6.1
30/08/1974,0.0
31/08/1974,4.0
01/09/1974,0.0
02/09/1974,0.0
03/09/1974,0.0
04/09/1974,0.0
05/09/1974,0.0
06/09/1974,0.0
07/09/1974,0.0
08/09/1974,2.0
09/09/1974,0.0
10/09/1974,0.0
11/09/1974,0.0
12/09/1974,0.0
13/09/1974,0.0
14/09/1974,0.0
15/09/1974,0.0
16/09/1974,0.0
17/09/1974,0.0
18/09/1974,0.5
19/09/1974,1.0
20/09/1974,3.9
21/09/1974,51.2
22/09/1974,0.4
23/09/1974,8.0
24/09/1974,2.5
25/09/1974,2.0
26/09/1974,0.0
27/09/1974,0.0
28/09/1974,0.0
29/09/1974,0.0
30/09/1974,24.5
01/10/1974,0.5
02/10/1974,0.0
03/10/1974,3.0
04/10/1974,0.0
05/10/1974,0.0
06/10/1974,0.0
07/10/1974,0.0
08/10/1974,0.0
09/10/1974,0.0
10/10/1974,0.0
11/10/1974,0.0
12/10/1974,16.5
13/10/1974,5.5
14/10/1974,3.5
15/10/1974,2.0
16/10/1974,27.5
17/10/1974,1.5
18/10/1974,1.5
19/10/1974,9.0
20/10/1974,0.0
21/10/1974,0.0
22/10/1974,46.0
23/10/1974,17.6
24/10/1974,0.4
25/10/1974,0.5
26/10/1974,43.5
27/10/1974,17.0
28/10/1974,23.0
29/10/1974,0.0
30/10/1974,0.0
31/10/1974,23.0
01/11/1974,3.0
02/11/1974,87.8
03/11/1974,7.0
04/11/1974,2.2
05/11/1974,3.5
06/11/1974,4.0
07/11/1974,1.0
08/11/1974,0.0
09/11/1974,13.5
10/11/1974,1.3
11/11/1974,1.2
12/11/1974,6.0
13/11/1974,1.5
14/11/1974,22.0
15/11/1974,0.0
16/11/1974,1.5
17/11/1974,11.5
18/11/1974,15.1
19/11/1974,85.9
20/11/1974,45.5
21/11/1974,118.6
22/11/1974,14.4
23/11/1974,169.9
24/11/1974,229.9
25/11/1974,140.2
26/11/1974,0.5
27/11/1974,6.5
28/11/1974,0.0
29/11/1974,0.0
30/11/1974,0.0
01/12/1974,0.0
02/12/1974,0.0
03/12/1974,0.0
04/12/1974,0.0
05/12/1974,0.0
06/12/1974,78.5
07/12/1974,122.5
08/12/1974,0.0
09/12/1974,0.0
10/12/1974,0.0
11/12/1974,0.0
12/12/1974,20.5
13/12/1974,17.0
14/12/1974,0.5
15/12/1974,15.5
16/12/1974,2.9
17/12/1974,5.1
18/12/1974,6.5
19/12/1974,0.0
20/12/1974,4.0
21/12/1974,14.3
22/12/1974,8.7
23/12/1974,0.0
24/12/1974,0.0
25/12/1974,0.0
26/12/1974,0.0
27/12/1974,1.5
28/12/1974,115.5
29/12/1974,80.5
30/12/1974,26.3
31/12/1974,16.3
01/01/1975,37.7
02/01/1975,84.2
03/01/1975,2.5
04/01/1975,69.5
05/01/1975,267.6
06/01/1975,106.4
07/01/1975,76.5
08/01/1975,33.3
09/01/1975,9.7
10/01/1975,3.5
11/01/1975,27.0
12/01/1975,56.0
13/01/1975,18.0
14/01/1975,60.0
15/01/1975,10.5
16/01/1975,0.0
17/01/1975,4.5
18/01/1975,0.0
19/01/1975,0.0
20/01/1975,0.0
21/01/1975,6.0
22/01/1975,2.5
23/01/1975,0.0
24/01/1975,0.0
25/01/1975,0.0
26/01/1975,0.0
27/01/1975,0.0
28/01/1975,0.0
29/01/1975,0.5
30/01/1975,0.0
31/01/1975,2.0
01/02/1975,0.0
02/02/1975,1.0
03/02/1975,0.0
04/02/1975,0.0
05/02/1975,0.0
06/02/1975,0.0
07/02/1975,0.5
08/02/1975,0.0
09/02/1975,0.0
10/02/1975,0.0
11/02/1975,0.0
12/02/1975,0.0
13/02/1975,0.0
14/02/1975,0.0
15/02/1975,0.0
16/02/1975,0.0
17/02/1975,0.0
18/02/1975,3.8
19/02/1975,1.7
20/02/1975,3.5
21/02/1975,0.5
22/02/1975,0.0
23/02/1975,75.2
24/02/1975,56.3
25/02/1975,14.5
26/02/1975,17.5
27/02/1975,0.0
28/02/1975,0.0
01/03/1975,23.5
02/03/1975,0.0
03/03/1975,0.0
04/03/1975,0.0
05/03/1975,0.0
06/03/1975,0.0
07/03/1975,3.5
08/03/1975,2.5
09/03/1975,1.0
10/03/1975,0.0
11/03/1975,0.0
12/03/1975,0.0
13/03/1975,0.0
14/03/1975,0.0
15/03/1975,0.0
16/03/1975,0.0
17/03/1975,10.5
18/03/1975,24.7
19/03/1975,8.8
20/03/1975,0.5
21/03/1975,0.0
22/03/1975,0.0
23/03/1975,0.0
24/03/1975,0.0
25/03/1975,15.0
26/03/1975,0.0
27/03/1975,0.0
28/03/1975,0.0
29/03/1975,0.0
30/03/1975,0.0
31/03/1975,0.0
01/04/1975,0.0
02/04/1975,16.5
03/04/1975,3.0
04/04/1975,0.0
05/04/1975,0.0
06/04/1975,4.5
07/04/1975,0.0
08/04/1975,0.0
09/04/1975,0.0
10/04/1975,0.0
11/04/1975,0.0
12/04/1975,0.0
13/04/1975,1.5
14/04/1975,0.0
15/04/1975,117.5
16/04/1975,8.5
17/04/1975,0.0
18/04/1975,0.0
19/04/1975,0.0
20/04/1975,0.0
21/04/1975,0.0
22/04/1975,0.0
23/04/1975,0.0
24/04/1975,0.0
25/04/1975,0.0
26/04/1975,0.0
27/04/1975,0.0
28/04/1975,0.0
29/04/1975,0.0
30/04/1975,3.5
01/05/1975,0.5
02/05/1975,1.0
03/05/1975,5.0
04/05/1975,0.0
05/05/1975,0.0
06/05/1975,0.0
07/05/1975,4.5
08/05/1975,0.0
09/05/1975,0.0
10/05/1975,0.0
11/05/1975,14.5
12/05/1975,0.0
13/05/1975,0.0
14/05/1975,0.0
15/05/1975,3.5
16/05/1975,4.5
17/05/1975,75.0
18/05/1975,1.5
19/05/1975,8.5
20/05/1975,0.0
21/05/1975,20.2
22/05/1975,0.3
23/05/1975,0.0
24/05/1975,0.0
25/05/1975,0.0
26/05/1975,15.5
27/05/1975,0.5
28/05/1975,0.0
29/05/1975,0.0
30/05/1975,30.9
31/05/1975,5.1
01/06/1975,46.4
02/06/1975,0.6
03/06/1975,0.0
04/06/1975,1.5
05/06/1975,1.0
06/06/1975,0.0
07/06/1975,0.0
08/06/1975,0.0
09/06/1975,4.5
10/06/1975,1.0
11/06/1975,8.5
12/06/1975,2.5
13/06/1975,2.5
14/06/1975,3.0
15/06/1975,22.5
16/06/1975,0.5
17/06/1975,0.0
18/06/1975,0.0
19/06/1975,4.0
20/06/1975,0.0
21/06/1975,0.0
22/06/1975,0.0
23/06/1975,0.0
24/06/1975,12.0
25/06/1975,1.5
26/06/1975,0.0
27/06/1975,42.5
28/06/1975,0.0
29/06/1975,0.0
30/06/1975,0.0
01/07/1975,0.0
02/07/1975,0.0
03/07/1975,1.5
04/07/1975,0.0
05/07/1975,0.0
06/07/1975,0.0
07/07/1975,11.5
08/07/1975,0.0
09/07/1975,0.0
10/07/1975,0.0
11/07/1975,0.0
12/07/1975,10.5
13/07/1975,0.5
14/07/1975,0.0
15/07/1975,0.0
16/07/1975,0.0
17/07/1975,0.0
18/07/1975,0.0
19/07/1975,4.0
20/07/1975,0.0
21/07/1975,4.0
22/07/1975,0.0
23/07/1975,0.0
24/07/1975,0.0
25/07/1975,0.0
26/07/1975,21.0
27/07/1975,6.5
28/07/1975,0.0
29/07/1975,4.0
30/07/1975,0.5
31/07/1975,1.5
01/08/1975,1.0
02/08/1975,0.0
03/08/1975,77.0
04/08/1975,0.0
05/08/1975,8.5
06/08/1975,0.0
07/08/1975,0.0
08/08/1975,16.5
09/08/1975,60.0
10/08/1975,0.0
11/08/1975,0.0
12/08/1975,0.0
13/08/1975,0.0
14/08/1975,8.0
15/08/1975,1.0
16/08/1975,0.0
17/08/1975,0.0
18/08/1975,14.0
19/08/1975,24.0
20/08/1975,0.0
21/08/1975,0.0
22/08/1975,2.5
23/08/1975,2.5
24/08/1975,0.0
25/08/1975,0.0
26/08/1975,30.5
27/08/1975,0.0
28/08/1975,1.0
29/08/1975,0.0
30/08/1975,0.0
31/08/1975,5.0
01/09/1975,49.9
02/09/1975,10.6
03/09/1975,18.5
04/09/1975,3.5
05/09/1975,2.0
06/09/1975,0.5
07/09/1975,0.0
08/09/1975,10.5
09/09/1975,12.0
10/09/1975,16.0
11/09/1975,0.0
12/09/1975,4.0
13/09/1975,0.0
14/09/1975,13.5
15/09/1975,0.0
16/09/1975,0.0
17/09/1975,0.0
18/09/1975,0.0
19/09/1975,17.5
20/09/1975,2.0
21/09/1975,2.0
22/09/1975,8.5
23/09/1975,9.0
24/09/1975,0.0
25/09/1975,9.5
26/09/1975,0.5
27/09/1975,0.0
28/09/1975,0.0
29/09/1975,0.0
30/09/1975,1.0
01/10/1975,1.0
02/10/1975,0.5
03/10/1975,0.0
04/10/1975,0.5
05/10/1975,0.5
06/10/1975,0.0
07/10/1975,4.0
08/10/1975,34.0
09/10/1975,1.5
10/10/1975,8.0
11/10/1975,0.0
12/10/1975,0.0
13/10/1975,3.0
14/10/1975,13.6
15/10/1975,1.9
16/10/1975,0.0
17/10/1975,0.0
18/10/1975,13.0
19/10/1975,10.0
20/10/1975,27.3
21/10/1975,2.2
22/10/1975,8.0
23/10/1975,13.1
24/10/1975,10.9
25/10/1975,0.0
26/10/1975,41.8
27/10/1975,1.2
28/10/1975,0.5
29/10/1975,0.0
30/10/1975,20.0
31/10/1975,13.5
01/11/1975,28.0
02/11/1975,0.5
03/11/1975,3.0
04/11/1975,24.0
05/11/1975,2.3
06/11/1975,10.7
07/11/1975,0.0
08/11/1975,9.5
09/11/1975,2.0
10/11/1975,0.0
11/11/1975,0.0
12/11/1975,0.0
13/11/1975,0.0
14/11/1975,0.0
15/11/1975,1.0
16/11/1975,1.0
17/11/1975,12.5
18/11/1975,26.0
19/11/1975,169.5
20/11/1975,32.0
21/11/1975,30.2
22/11/1975,248.3
23/11/1975,17.0
24/11/1975,3.0
25/11/1975,0.5
26/11/1975,37.5
27/11/1975,97.0
28/11/1975,48.0
29/11/1975,0.0
30/11/1975,0.0
01/12/1975,0.0
02/12/1975,0.0
03/12/1975,8.0
04/12/1975,6.0
05/12/1975,29.5
06/12/1975,7.0
07/12/1975,7.0
08/12/1975,0.5
09/12/1975,0.5
10/12/1975,46.0
11/12/1975,14.0
12/12/1975,76.0
13/12/1975,83.5
14/12/1975,231.0
15/12/1975,121.0
16/12/1975,0.5
17/12/1975,1.0
18/12/1975,3.5
19/12/1975,7.2
20/12/1975,59.8
21/12/1975,116.5
22/12/1975,5.0
23/12/1975,8.5
24/12/1975,31.0
25/12/1975,0.5
26/12/1975,0.0
27/12/1975,0.0
28/12/1975,0.0
29/12/1975,39.5
30/12/1975,50.0
31/12/1975,15.5
01/01/1976,1.5
02/01/1976,0.5
03/01/1976,0.0
04/01/1976,0.0
05/01/1976,0.0
06/01/1976,0.0
07/01/1976,9.6
08/01/1976,0.2
09/01/1976,0.2
10/01/1976,0.0
11/01/1976,1.0
12/01/1976,9.0
13/01/1976,0.5
14/01/1976,0.0
15/01/1976,0.0
16/01/1976,0.0
17/01/1976,0.0
18/01/1976,0.0
19/01/1976,0.0
20/01/1976,0.0
21/01/1976,0.0
22/01/1976,0.0
23/01/1976,0.0
24/01/1976,0.0
25/01/1976,0.0
26/01/1976,0.0
27/01/1976,0.0
28/01/1976,0.0
29/01/1976,0.0
30/01/1976,0.0
31/01/1976,0.0
01/02/1976,0.0
02/02/1976,0.0
03/02/1976,0.0
04/02/1976,0.0
05/02/1976,0.0
06/02/1976,0.0
07/02/1976,0.0
08/02/1976,0.0
09/02/1976,0.0
10/02/1976,0.0
11/02/1976,0.0
12/02/1976,0.0
13/02/1976,0.0
14/02/1976,0.0
15/02/1976,0.0
16/02/1976,0.0
17/02/1976,0.0
18/02/1976,0.0
19/02/1976,0.0
20/02/1976,0.0
21/02/1976,0.0
22/02/1976,0.0
23/02/1976,0.0
24/02/1976,0.0
25/02/1976,0.0
26/02/1976,11.5
27/02/1976,0.5
28/02/1976,0.0
29/02/1976,0.0
01/03/1976,0.0
02/03/1976,0.0
03/03/1976,0.0
04/03/1976,12.0
05/03/1976,0.5
06/03/1976,0.0
07/03/1976,0.0
08/03/1976,0.0
09/03/1976,0.0
10/03/1976,0.0
11/03/1976,0.0
12/03/1976,0.0
13/03/1976,0.0
14/03/1976,1.5
15/03/1976,0.0
16/03/1976,0.0
17/03/1976,0.0
18/03/1976,0.0
19/03/1976,0.0
20/03/1976,0.0
21/03/1976,0.0
22/03/1976,0.0
23/03/1976,0.0
24/03/1976,0.0
25/03/1976,0.0
26/03/1976,0.0
27/03/1976,0.0
28/03/1976,0.0
29/03/1976,0.0
30/03/1976,0.0
31/03/1976,0.0
01/04/1976,0.0
02/04/1976,0.0
03/04/1976,0.0
04/04/1976,0.0
05/04/1976,0.0
06/04/1976,0.0
07/04/1976,0.0
08/04/1976,0.0
09/04/1976,0.0
10/04/1976,0.0
11/04/1976,0.0
12/04/1976,0.0
13/04/1976,0.0
14/04/1976,0.0
15/04/1976,0.0
16/04/1976,0.0
17/04/1976,0.0
18/04/1976,0.0
19/04/1976,0.0
20/04/1976,0.5
21/04/1976,0.0
22/04/1976,0.5
23/04/1976,0.0
24/04/1976,0.5
25/04/1976,6.2
26/04/1976,1.7
27/04/1976,0.0
28/04/1976,0.0
29/04/1976,0.5
30/04/1976,0.0
01/05/1976,0.0
02/05/1976,0.0
03/05/1976,4.0
04/05/1976,0.0
05/05/1976,0.0
06/05/1976,0.5
07/05/1976,37.5
08/05/1976,0.0
09/05/1976,37.5
10/05/1976,42.5
11/05/1976,0.0
12/05/1976,0.0
13/05/1976,0.0
14/05/1976,0.0
15/05/1976,0.0
16/05/1976,3.5
17/05/1976,0.5
18/05/1976,86.0
19/05/1976,0.5
20/05/1976,51.1
21/05/1976,49.1
22/05/1976,5.7
23/05/1976,4.0
24/05/1976,0.5
25/05/1976,0.0
26/05/1976,0.0
27/05/1976,0.0
01/06/1976,11.0
02/06/1976,0.0
03/06/1976,0.0
04/06/1976,3.0
05/06/1976,0.0
06/06/1976,0.0
07/06/1976,0.0
08/06/1976,0.0
09/06/1976,3.0
10/06/1976,25.5
11/06/1976,2.5
12/06/1976,0.0
13/06/1976,0.0
14/06/1976,0.0
15/06/1976,0.0
16/06/1976,0.0
25/06/1976,2.6
26/06/1976,5.4
27/06/1976,17.5
28/06/1976,10.5
29/06/1976,0.0
30/06/1976,0.0
01/07/1976,0.0
02/07/1976,0.0
03/07/1976,0.0
04/07/1976,0.0
05/07/1976,0.0
06/07/1976,0.0
07/07/1976,0.0
08/07/1976,0.0
09/07/1976,0.0
10/07/1976,1.5
11/07/1976,1.5
12/07/1976,0.5
13/07/1976,8.7
14/07/1976,2.8
15/07/1976,7.0
16/07/1976,0.0
17/07/1976,0.0
18/07/1976,0.0
19/07/1976,0.0
20/07/1976,31.0
21/07/1976,6.5
22/07/1976,0.0
23/07/1976,6.0
24/07/1976,0.0
25/07/1976,24.5
26/07/1976,14.0
27/07/1976,14.5
28/07/1976,0.9
29/07/1976,3.6
30/07/1976,5.0
31/07/1976,0.0
01/08/1976,0.0
02/08/1976,0.0
03/08/1976,0.0
04/08/1976,0.5
05/08/1976,0.0
06/08/1976,0.0
07/08/1976,0.0
08/08/1976,0.0
09/08/1976,0.0
10/08/1976,8.5
11/08/1976,13.0
12/08/1976,0.0
13/08/1976,0.0
14/08/1976,0.0
15/08/1976,0.0
16/08/1976,0.0
17/08/1976,0.0
18/08/1976,1.9
19/08/1976,5.6
20/08/1976,0.0
21/08/1976,0.0
22/08/1976,19.9
23/08/1976,37.6
24/08/1976,0.5
25/08/1976,0.0
26/08/1976,0.0
27/08/1976,19.5
28/08/1976,9.5
29/08/1976,0.0
30/08/1976,0.5
31/08/1976,42.0
01/09/1976,3.5
02/09/1976,0.0
03/09/1976,25.0
04/09/1976,0.5
05/09/1976,0.0
06/09/1976,0.0
07/09/1976,0.0
08/09/1976,8.5
09/09/1976,0.0
10/09/1976,0.0
11/09/1976,0.0
12/09/1976,49.0
13/09/1976,16.5
14/09/1976,0.0
15/09/1976,21.5
16/09/1976,7.5
17/09/1976,3.5
18/09/1976,0.0
19/09/1976,0.0
20/09/1976,0.0
21/09/1976,27.5
22/09/1976,17.5
23/09/1976,0.5
24/09/1976,0.0
25/09/1976,0.0
26/09/1976,22.0
27/09/1976,0.0
28/09/1976,0.0
29/09/1976,0.0
30/09/1976,0.0
01/10/1976,0.0
02/10/1976,0.0
03/10/1976,0.0
04/10/1976,12.0
05/10/1976,12.0
06/10/1976,4.4
07/10/1976,14.1
08/10/1976,0.5
09/10/1976,0.0
10/10/1976,9.5
11/10/1976,5.0
12/10/1976,10.5
13/10/1976,8.0
14/10/1976,40.4
15/10/1976,2.1
16/10/1976,54.0
17/10/1976,0.0
18/10/1976,0.0
19/10/1976,0.0
20/10/1976,0.0
21/10/1976,0.0
22/10/1976,0.0
23/10/1976,0.0
24/10/1976,0.0
25/10/1976,0.0
26/10/1976,15.0
27/10/1976,1.5
28/10/1976,0.0
29/10/1976,0.0
30/10/1976,0.0
31/10/1976,0.0
01/11/1976,25.5
02/11/1976,0.0
03/11/1976,0.5
04/11/1976,0.0
05/11/1976,6.0
06/11/1976,2.0
07/11/1976,2.0
08/11/1976,2.5
09/11/1976,15.0
10/11/1976,13.0
11/11/1976,10.5
12/11/1976,145.0
13/11/1976,2.0
14/11/1976,2.5
15/11/1976,17.3
16/11/1976,151.4
17/11/1976,53.7
18/11/1976,159.6
19/11/1976,73.0
20/11/1976,93.5
21/11/1976,0.0
22/11/1976,75.1
23/11/1976,16.9
24/11/1976,4.0
25/11/1976,182.7
26/11/1976,189.8
27/11/1976,76.4
28/11/1976,49.6
29/11/1976,27.2
30/11/1976,1.3
01/12/1976,0.5
02/12/1976,0.0
03/12/1976,0.0
04/12/1976,0.0
05/12/1976,0.0
06/12/1976,0.0
07/12/1976,13.0
08/12/1976,1.5
09/12/1976,24.8
10/12/1976,5.7
11/12/1976,1.5
12/12/1976,0.0
13/12/1976,42.4
14/12/1976,27.6
15/12/1976,2.5
16/12/1976,0.5
17/12/1976,0.0
18/12/1976,0.0
19/12/1976,0.0
20/12/1976,1.5
21/12/1976,16.5
22/12/1976,4.3
23/12/1976,13.7
24/12/1976,47.5
25/12/1976,30.5
26/12/1976,0.0
27/12/1976,13.0
28/12/1976,1.5
29/12/1976,6.5
30/12/1976,14.5
31/12/1976,0.0
01/01/1977,2.0
02/01/1977,32.5
03/01/1977,14.0
04/01/1977,2.0
05/01/1977,4.0
06/01/1977,0.0
07/01/1977,5.5
08/01/1977,0.0
09/01/1977,0.0
10/01/1977,0.5
11/01/1977,0.0
12/01/1977,0.0
13/01/1977,0.0
14/01/1977,0.0
15/01/1977,0.0
16/01/1977,0.0
17/01/1977,1.0
18/01/1977,0.0
19/01/1977,0.0
20/01/1977,0.0
21/01/1977,0.0
22/01/1977,0.0
23/01/1977,0.0
24/01/1977,0.0
25/01/1977,0.0
26/01/1977,0.0
27/01/1977,0.0
28/01/1977,0.0
29/01/1977,0.0
30/01/1977,0.0
31/01/1977,0.0
01/02/1977,7.0
02/02/1977,0.5
03/02/1977,30.5
04/02/1977,1.0
05/02/1977,0.0
06/02/1977,0.0
07/02/1977,2.0
08/02/1977,35.5
09/02/1977,7.0
10/02/1977,5.5
11/02/1977,1.0
12/02/1977,0.0
13/02/1977,0.0
14/02/1977,0.0
15/02/1977,0.0
16/02/1977,0.0
17/02/1977,0.0
18/02/1977,0.0
19/02/1977,1.5
20/02/1977,8.5
21/02/1977,0.0
22/02/1977,0.0
23/02/1977,0.5
24/02/1977,4.0
25/02/1977,0.5
26/02/1977,0.5
27/02/1977,0.0
28/02/1977,0.0
01/03/1977,0.0
02/03/1977,0.0
03/03/1977,0.0
04/03/1977,3.0
05/03/1977,2.5
06/03/1977,0.0
07/03/1977,0.0
08/03/1977,0.0
09/03/1977,0.0
10/03/1977,0.0
11/03/1977,0.0
12/03/1977,0.0
13/03/1977,0.0
14/03/1977,0.0
15/03/1977,0.0
16/03/1977,0.0
17/03/1977,0.0
18/03/1977,0.0
19/03/1977,0.0
20/03/1977,4.0
21/03/1977,0.5
22/03/1977,0.0
23/03/1977,0.0
24/03/1977,5.5
25/03/1977,0.0
26/03/1977,1.5
27/03/1977,0.0
28/03/1977,0.0
29/03/1977,0.0
30/03/1977,0.0
31/03/1977,0.0
01/04/1977,0.0
02/04/1977,0.0
03/04/1977,0.0
04/04/1977,0.0
05/04/1977,0.0
06/04/1977,0.0
07/04/1977,0.0
08/04/1977,0.0
09/04/1977,0.0
10/04/1977,0.0
11/04/1977,0.0
12/04/1977,0.0
13/04/1977,0.0
14/04/1977,0.0
15/04/1977,6.5
16/04/1977,0.0
17/04/1977,0.0
18/04/1977,0.0
19/04/1977,0.0
20/04/1977,0.0
21/04/1977,0.0
22/04/1977,0.0
23/04/1977,0.0
24/04/1977,0.0
25/04/1977,0.0
26/04/1977,0.0
27/04/1977,0.0
28/04/1977,0.0
29/04/1977,0.0
30/04/1977,0.5
01/05/1977,0.0
02/05/1977,20.5
03/05/1977,0.0
04/05/1977,0.0
05/05/1977,0.0
06/05/1977,0.0
07/05/1977,0.0
08/05/1977,0.0
09/05/1977,0.0
10/05/1977,0.0
11/05/1977,0.0
12/05/1977,0.0
13/05/1977,74.0
14/05/1977,2.5
15/05/1977,0.0
16/05/1977,1.0
17/05/1977,0.0
18/05/1977,0.5
19/05/1977,3.5
20/05/1977,0.0
21/05/1977,0.0
22/05/1977,0.0
23/05/1977,11.0
24/05/1977,0.0
25/05/1977,0.0
26/05/1977,0.0
27/05/1977,0.0
28/05/1977,0.0
29/05/1977,0.0
30/05/1977,0.0
31/05/1977,27.5
01/06/1977,0.0
02/06/1977,0.0
03/06/1977,5.0
04/06/1977,0.0
05/06/1977,0.0
06/06/1977,0.0
07/06/1977,0.0
08/06/1977,0.0
09/06/1977,0.0
10/06/1977,0.0
11/06/1977,3.5
12/06/1977,10.0
13/06/1977,0.5
14/06/1977,0.0
15/06/1977,0.5
16/06/1977,9.0
17/06/1977,8.4
18/06/1977,27.1
19/06/1977,13.5
20/06/1977,3.5
21/06/1977,10.5
22/06/1977,10.0
23/06/1977,6.0
24/06/1977,0.0
25/06/1977,0.0
26/06/1977,16.5
27/06/1977,1.5
28/06/1977,1.0
29/06/1977,0.0
30/06/1977,0.0
01/07/1977,0.0
02/07/1977,0.0
03/07/1977,0.0
04/07/1977,0.0
05/07/1977,0.0
06/07/1977,0.0
07/07/1977,3.0
08/07/1977,4.0
09/07/1977,0.0
10/07/1977,1.5
11/07/1977,0.0
12/07/1977,1.5
13/07/1977,0.0
14/07/1977,22.5
15/07/1977,0.5
16/07/1977,0.0
17/07/1977,0.0
18/07/1977,0.0
19/07/1977,0.0
20/07/1977,10.5
21/07/1977,37.5
22/07/1977,0.0
23/07/1977,0.0
24/07/1977,0.0
25/07/1977,0.0
26/07/1977,0.0
27/07/1977,1.0
28/07/1977,0.0
29/07/1977,16.0
30/07/1977,0.0
31/07/1977,0.0
01/08/1977,12.0
02/08/1977,10.0
03/08/1977,24.5
04/08/1977,9.5
05/08/1977,0.0
06/08/1977,16.0
07/08/1977,0.0
08/08/1977,0.0
09/08/1977,0.9
10/08/1977,8.1
11/08/1977,0.0
12/08/1977,0.0
13/08/1977,19.0
14/08/1977,0.0
15/08/1977,6.0
16/08/1977,2.0
17/08/1977,23.5
18/08/1977,4.0
19/08/1977,30.6
20/08/1977,19.4
21/08/1977,0.0
22/08/1977,9.5
23/08/1977,16.0
24/08/1977,28.0
25/08/1977,0.5
26/08/1977,0.0
27/08/1977,0.5
28/08/1977,0.0
29/08/1977,68.5
30/08/1977,0.5
31/08/1977,1.0
01/09/1977,0.0
02/09/1977,9.2
03/09/1977,11.8
04/09/1977,0.0
05/09/1977,0.0
06/09/1977,1.0
07/09/1977,0.0
08/09/1977,27.5
09/09/1977,26.0
10/09/1977,0.5
11/09/1977,0.0
12/09/1977,0.0
13/09/1977,4.0
14/09/1977,62.5
15/09/1977,0.5
16/09/1977,0.0
17/09/1977,0.0
18/09/1977,0.0
19/09/1977,0.0
20/09/1977,0.0
21/09/1977,0.5
22/09/1977,0.0
23/09/1977,9.5
24/09/1977,0.0
25/09/1977,3.0
09/10/1977,1.0
10/10/1977,6.0
11/10/1977,33.3
12/10/1977,5.7
13/10/1977,0.0
14/10/1977,0.5
15/10/1977,0.0
16/10/1977,0.0
17/10/1977,0.0
18/10/1977,0.0
19/10/1977,0.0
20/10/1977,13.0
21/10/1977,21.5
22/10/1977,10.0
23/10/1977,4.3
24/10/1977,21.7
25/10/1977,0.0
26/10/1977,0.0
27/10/1977,5.5
28/10/1977,0.0
29/10/1977,0.0
30/10/1977,1.5
31/10/1977,0.0
01/11/1977,53.5
02/11/1977,0.0
03/11/1977,13.0
04/11/1977,5.5
05/11/1977,1.0
06/11/1977,3.5
07/11/1977,0.0
08/11/1977,12.0
09/11/1977,2.5
10/11/1977,0.0
11/11/1977,5.5
12/11/1977,22.5
13/11/1977,65.9
14/11/1977,6.6
15/11/1977,1.5
16/11/1977,2.5
17/11/1977,0.5
18/11/1977,43.5
19/11/1977,94.5
20/11/1977,14.5
21/11/1977,22.5
22/11/1977,8.5
23/11/1977,68.0
24/11/1977,5.0
25/11/1977,7.5
26/11/1977,0.0
27/11/1977,0.0
28/11/1977,1.6
29/11/1977,13.4
30/11/1977,0.0
01/12/1977,0.0
02/12/1977,23.5
03/12/1977,12.0
04/12/1977,5.5
05/12/1977,20.0
06/12/1977,2.5
07/12/1977,0.0
08/12/1977,0.0
09/12/1977,0.0
10/12/1977,3.9
11/12/1977,72.6
12/12/1977,0.0
13/12/1977,2.0
14/12/1977,0.0
15/12/1977,6.3
16/12/1977,149.2
17/12/1977,0.5
18/12/1977,1.0
19/12/1977,0.0
20/12/1977,12.5
21/12/1977,1.0
22/12/1977,0.0
23/12/1977,0.0
24/12/1977,0.0
25/12/1977,0.0
26/12/1977,3.0
27/12/1977,0.0
28/12/1977,0.5
29/12/1977,0.0
30/12/1977,0.0
31/12/1977,0.0
01/01/1978,0.0
02/01/1978,0.0
03/01/1978,0.0
04/01/1978,2.0
05/01/1978,0.5
06/01/1978,1.0
07/01/1978,1.5
08/01/1978,26.5
09/01/1978,2.0
10/01/1978,4.5
11/01/1978,32.8
12/01/1978,4.2
13/01/1978,0.0
14/01/1978,0.0
15/01/1978,12.0
16/01/1978,0.0
17/01/1978,0.0
18/01/1978,0.0
19/01/1978,0.0
20/01/1978,0.0
03/02/1978,5.0
04/02/1978,0.0
05/02/1978,0.0
06/02/1978,0.0
07/02/1978,0.0
08/02/1978,0.0
09/02/1978,0.0
10/02/1978,0.0
11/02/1978,0.0
12/02/1978,0.0
13/02/1978,0.0
14/02/1978,0.0
15/02/1978,1.0
16/02/1978,0.0
17/02/1978,0.0
18/02/1978,0.0
19/02/1978,0.0
20/02/1978,0.0
21/02/1978,0.0
22/02/1978,0.0
23/02/1978,18.0
24/02/1978,2.0
25/02/1978,0.5
26/02/1978,0.0
27/02/1978,0.0
28/02/1978,0.0
01/03/1978,0.0
02/03/1978,0.0
03/03/1978,0.0
04/03/1978,0.0
05/03/1978,0.0
06/03/1978,0.0
07/03/1978,0.0
08/03/1978,0.0
09/03/1978,0.0
10/03/1978,0.0
11/03/1978,0.0
12/03/1978,0.0
13/03/1978,0.0
14/03/1978,0.0
15/03/1978,0.0
16/03/1978,0.0
17/03/1978,0.0
18/03/1978,0.0
19/03/1978,0.0
20/03/1978,0.0
21/03/1978,0.0
22/03/1978,0.0
23/03/1978,0.0
24/03/1978,0.0
25/03/1978,1.0
26/03/1978,26.8
27/03/1978,25.2
28/03/1978,1.0
29/03/1978,0.0
30/03/1978,0.0
31/03/1978,0.0
01/04/1978,0.0
02/04/1978,0.0
03/04/1978,10.5
04/04/1978,9.5
05/04/1978,0.0
06/04/1978,0.0
07/04/1978,0.0
08/04/1978,0.0
09/04/1978,0.0
10/04/1978,0.0
11/04/1978,0.0
12/04/1978,0.0
13/04/1978,0.0
14/04/1978,0.0
15/04/1978,0.0
16/04/1978,0.0
17/04/1978,1.5
18/04/1978,0.5
19/04/1978,1.0
20/04/1978,0.0
21/04/1978,0.0
22/04/1978,0.0
23/04/1978,0.0
24/04/1978,0.0
25/04/1978,0.0
26/04/1978,0.0
27/04/1978,0.0
28/04/1978,0.0
29/04/1978,0.0
30/04/1978,0.0
01/05/1978,0.0
02/05/1978,2.5
03/05/1978,0.5
04/05/1978,4.0
05/05/1978,10.0
06/05/1978,1.5
07/05/1978,2.5
08/05/1978,0.0
09/05/1978,1.5
10/05/1978,0.0
11/05/1978,0.0
12/05/1978,0.5
13/05/1978,0.0
14/05/1978,19.0
15/05/1978,1.0
16/05/1978,0.0
17/05/1978,0.0
18/05/1978,0.0
19/05/1978,0.0
20/05/1978,0.0
21/05/1978,0.0
22/05/1978,22.5
23/05/1978,0.0
24/05/1978,15.0
25/05/1978,0.0
26/05/1978,0.5
27/05/1978,20.7
28/05/1978,4.3
29/05/1978,11.6
30/05/1978,0.4
31/05/1978,33.9
01/06/1978,0.6
02/06/1978,0.0
03/06/1978,6.0
04/06/1978,0.0
05/06/1978,0.0
06/06/1978,0.0
07/06/1978,0.0
08/06/1978,6.5
09/06/1978,24.0
10/06/1978,0.0
11/06/1978,0.5
12/06/1978,0.0
13/06/1978,0.0
14/06/1978,0.0
15/06/1978,3.5
16/06/1978,0.0
17/06/1978,0.0
18/06/1978,0.0
19/06/1978,7.3
20/06/1978,14.2
21/06/1978,1.0
22/06/1978,1.5
23/06/1978,0.0
24/06/1978,0.0
25/06/1978,0.0
26/06/1978,0.0
27/06/1978,24.0
28/06/1978,0.0
29/06/1978,0.0
30/06/1978,1.5
01/07/1978,0.0
02/07/1978,2.5
03/07/1978,4.0
04/07/1978,14.0
05/07/1978,0.5
06/07/1978,0.0
07/07/1978,0.0
08/07/1978,3.0
09/07/1978,11.3
10/07/1978,7.7
11/07/1978,6.5
12/07/1978,0.5
13/07/1978,0.0
14/07/1978,0.0
15/07/1978,11.5
16/07/1978,0.0
17/07/1978,0.0
18/07/1978,4.0
19/07/1978,2.5
20/07/1978,0.0
21/07/1978,6.0
22/07/1978,0.0
23/07/1978,0.0
24/07/1978,0.0
25/07/1978,0.0
26/07/1978,8.5
27/07/1978,0.5
28/07/1978,25.5
29/07/1978,0.0
30/07/1978,0.0
31/07/1978,0.0
01/08/1978,0.0
02/08/1978,0.5
03/08/1978,0.0
04/08/1978,0.0
05/08/1978,0.0
06/08/1978,0.0
07/08/1978,0.0
08/08/1978,0.0
09/08/1978,0.0
10/08/1978,0.0
11/08/1978,2.5
12/08/1978,3.0
13/08/1978,0.0
14/08/1978,15.5
15/08/1978,23.0
16/08/1978,8.0
17/08/1978,0.5
18/08/1978,0.0
19/08/1978,61.0
20/08/1978,14.5
21/08/1978,15.0
22/08/1978,0.0
23/08/1978,0.0
24/08/1978,0.0
25/08/1978,0.0
26/08/1978,0.0
27/08/1978,0.0
28/08/1978,13.5
29/08/1978,0.0
30/08/1978,31.0
31/08/1978,0.0
01/09/1978,0.5
02/09/1978,0.0
03/09/1978,0.0
04/09/1978,4.0
05/09/1978,4.5
06/09/1978,0.0
07/09/1978,13.5
08/09/1978,0.0
09/09/1978,0.0
10/09/1978,0.0
11/09/1978,2.0
12/09/1978,0.0
13/09/1978,0.0
14/09/1978,11.0
15/09/1978,12.5
16/09/1978,0.0
17/09/1978,0.0
18/09/1978,0.0
19/09/1978,0.0
20/09/1978,0.0
21/09/1978,0.0
22/09/1978,0.0
23/09/1978,3.0
24/09/1978,9.5
25/09/1978,0.5
26/09/1978,15.5
27/09/1978,2.0
28/09/1978,0.5
29/09/1978,0.0
30/09/1978,0.0
01/10/1978,11.0
02/10/1978,76.5
03/10/1978,0.0
04/10/1978,0.0
05/10/1978,9.5
06/10/1978,3.5
07/10/1978,14.5
08/10/1978,0.0
09/10/1978,21.0
10/10/1978,11.5
11/10/1978,6.0
12/10/1978,1.0
13/10/1978,8.0
14/10/1978,5.5
15/10/1978,9.5
16/10/1978,10.5
17/10/1978,5.5
18/10/1978,0.0
19/10/1978,0.0
20/10/1978,0.0
21/10/1978,0.0
22/10/1978,14.5
23/10/1978,0.0
24/10/1978,0.0
25/10/1978,1.5
26/10/1978,28.0
27/10/1978,12.5
28/10/1978,6.5
29/10/1978,29.5
30/10/1978,116.5
31/10/1978,2.0
01/11/1978,17.0
02/11/1978,0.0
03/11/1978,0.0
04/11/1978,0.0
05/11/1978,46.0
06/11/1978,3.5
07/11/1978,1.0
08/11/1978,0.5
09/11/1978,0.0
10/11/1978,0.0
11/11/1978,2.5
12/11/1978,10.2
13/11/1978,95.3
14/11/1978,0.0
27/11/1978,0.4
28/11/1978,1.6
29/11/1978,13.0
30/11/1978,2.0
01/12/1978,2.5
02/12/1978,17.0
03/12/1978,0.0
04/12/1978,0.0
05/12/1978,9.5
06/12/1978,65.5
07/12/1978,0.5
08/12/1978,1.5
09/12/1978,0.5
10/12/1978,0.0
11/12/1978,1.0
12/12/1978,1.0
13/12/1978,16.0
14/12/1978,0.5
15/12/1978,0.0
16/12/1978,0.0
17/12/1978,0.0
18/12/1978,0.0
19/12/1978,0.0
20/12/1978,2.5
21/12/1978,0.0
22/12/1978,0.0
23/12/1978,0.0
24/12/1978,0.0
25/12/1978,0.0
26/12/1978,0.0
27/12/1978,0.0
28/12/1978,0.0
29/12/1978,0.0
30/12/1978,0.0
31/12/1978,1.5
01/01/1979,10.0
02/01/1979,0.0
03/01/1979,2.5
04/01/1979,0.5
05/01/1979,5.0
06/01/1979,0.0
07/01/1979,0.0
08/01/1979,0.0
09/01/1979,0.0
10/01/1979,0.0
11/01/1979,0.0
12/01/1979,0.0
13/01/1979,0.0
14/01/1979,0.0
15/01/1979,0.0
16/01/1979,0.0
17/01/1979,0.0
18/01/1979,0.5
19/01/1979,0.0
20/01/1979,4.0
23/01/1979,8.5
24/01/1979,0.0
25/01/1979,0.0
26/01/1979,0.0
27/01/1979,0.0
28/01/1979,0.0
29/01/1979,0.0
30/01/1979,0.0
31/01/1979,0.0
01/02/1979,0.0
02/02/1979,0.0
03/02/1979,0.0
04/02/1979,0.0
05/02/1979,6.0
06/02/1979,1.5
07/02/1979,2.0
08/02/1979,0.0
09/02/1979,0.5
10/02/1979,0.0
11/02/1979,0.0
12/02/1979,0.0
13/02/1979,0.0
14/02/1979,0.0
15/02/1979,20.9
16/02/1979,89.1
17/02/1979,0.0
18/02/1979,0.0
19/02/1979,0.0
20/02/1979,0.0
21/02/1979,0.0
22/02/1979,0.0
23/02/1979,0.0
24/02/1979,0.0
25/02/1979,0.0
26/02/1979,0.0
27/02/1979,0.0
28/02/1979,0.0
01/03/1979,0.0
02/03/1979,0.0
03/03/1979,0.0
04/03/1979,0.0
05/03/1979,0.0
06/03/1979,0.0
07/03/1979,0.0
08/03/1979,0.0
09/03/1979,0.0
10/03/1979,0.0
11/03/1979,0.0
12/03/1979,0.0
13/03/1979,0.0
14/03/1979,0.0
15/03/1979,0.0
16/03/1979,0.0
17/03/1979,0.0
18/03/1979,0.0
19/03/1979,0.0
20/03/1979,0.0
21/03/1979,0.0
22/03/1979,0.0
23/03/1979,0.0
24/03/1979,0.0
25/03/1979,0.0
26/03/1979,0.0
27/03/1979,0.0
28/03/1979,0.0
29/03/1979,0.0
30/03/1979,0.0
31/03/1979,0.0
01/04/1979,0.0
02/04/1979,0.0
03/04/1979,0.0
04/04/1979,0.0
05/04/1979,5.5
06/04/1979,0.0
07/04/1979,0.0
08/04/1979,0.0
09/04/1979,0.0
10/04/1979,6.0
11/04/1979,0.0
12/04/1979,0.0
13/04/1979,0.0
14/04/1979,16.0
15/04/1979,12.0
16/04/1979,0.5
17/04/1979,23.5
18/04/1979,0.0
19/04/1979,1.5
20/04/1979,13.7
21/04/1979,13.3
22/04/1979,0.0
23/04/1979,8.0
24/04/1979,4.0
25/04/1979,12.0
26/04/1979,0.0
27/04/1979,0.0
28/04/1979,13.7
29/04/1979,32.8
30/04/1979,0.0
01/05/1979,0.0
02/05/1979,0.0
03/05/1979,0.0
04/05/1979,0.0
05/05/1979,0.0
06/05/1979,0.0
07/05/1979,0.0
08/05/1979,0.0
09/05/1979,0.0
10/05/1979,0.0
11/05/1979,0.0
12/05/1979,0.0
13/05/1979,0.0
14/05/1979,0.0
15/05/1979,0.0
16/05/1979,0.0
17/05/1979,0.0
18/05/1979,0.0
19/05/1979,0.0
20/05/1979,8.0
21/05/1979,0.5
22/05/1979,0.0
23/05/1979,5.5
24/05/1979,0.0
25/05/1979,24.0
26/05/1979,0.0
27/05/1979,0.0
28/05/1979,0.0
29/05/1979,0.0
30/05/1979,13.5
31/05/1979,0.0
01/06/1979,0.0
02/06/1979,0.0
03/06/1979,16.0
04/06/1979,0.0
05/06/1979,0.0
06/06/1979,0.0
07/06/1979,0.0
08/06/1979,0.0
09/06/1979,0.0
10/06/1979,0.0
11/06/1979,0.0
12/06/1979,16.0
13/06/1979,0.0
14/06/1979,0.0
15/06/1979,0.0
16/06/1979,0.0
17/06/1979,0.0
18/06/1979,9.0
19/06/1979,0.0
20/06/1979,0.0
21/06/1979,0.0
22/06/1979,0.0
23/06/1979,0.0
24/06/1979,62.5
25/06/1979,0.0
26/06/1979,9.5
27/06/1979,0.5
28/06/1979,0.0
29/06/1979,1.0
30/06/1979,0.5
01/07/1979,0.0
02/07/1979,0.0
03/07/1979,0.0
04/07/1979,0.0
05/07/1979,0.0
06/07/1979,0.0
07/07/1979,0.0
08/07/1979,0.0
09/07/1979,12.0
10/07/1979,2.0
11/07/1979,20.0
12/07/1979,0.0
13/07/1979,0.0
14/07/1979,0.0
15/07/1979,26.0
16/07/1979,8.0
17/07/1979,0.0
18/07/1979,0.0
19/07/1979,6.0
20/07/1979,0.0
21/07/1979,0.0
22/07/1979,0.0
23/07/1979,0.0
24/07/1979,0.0
25/07/1979,0.0
26/07/1979,8.5
27/07/1979,1.0
28/07/1979,0.0
29/07/1979,0.0
30/07/1979,0.0
31/07/1979,0.0
01/08/1979,0.0
02/08/1979,0.0
03/08/1979,3.0
04/08/1979,2.0
05/08/1979,21.0
06/08/1979,0.0
07/08/1979,0.0
08/08/1979,0.0
09/08/1979,0.0
10/08/1979,0.0
11/08/1979,0.0
12/08/1979,0.0
13/08/1979,0.0
14/08/1979,0.0
15/08/1979,0.0
16/08/1979,0.0
17/08/1979,0.0
18/08/1979,0.0
19/08/1979,4.4
20/08/1979,3.6
21/08/1979,2.0
22/08/1979,0.0
23/08/1979,5.0
24/08/1979,0.0
25/08/1979,0.0
26/08/1979,0.0
27/08/1979,0.0
28/08/1979,0.0
29/08/1979,0.0
30/08/1979,0.0
31/08/1979,0.0
01/09/1979,0.0
02/09/1979,0.0
03/09/1979,0.0
04/09/1979,0.0
05/09/1979,0.0
06/09/1979,15.0
07/09/1979,8.0
08/09/1979,12.0
09/09/1979,1.0
10/09/1979,0.0
11/09/1979,14.0
12/09/1979,0.0
13/09/1979,0.0
14/09/1979,0.0
15/09/1979,0.0
16/09/1979,9.1
17/09/1979,26.9
18/09/1979,14.0
19/09/1979,0.0
20/09/1979,0.0
21/09/1979,0.0
22/09/1979,10.7
23/09/1979,0.3
24/09/1979,0.0
25/09/1979,0.0
26/09/1979,0.0
27/09/1979,0.0
28/09/1979,4.0
29/09/1979,0.0
30/09/1979,0.0
01/10/1979,0.0
02/10/1979,0.0
03/10/1979,0.0
04/10/1979,6.0
05/10/1979,0.0
06/10/1979,2.0
07/10/1979,24.0
08/10/1979,0.0
09/10/1979,5.3
10/10/1979,14.7
11/10/1979,0.0
12/10/1979,1.0
13/10/1979,3.0
14/10/1979,0.0
15/10/1979,28.0
16/10/1979,0.0
17/10/1979,31.3
18/10/1979,13.2
19/10/1979,21.0
20/10/1979,21.0
21/10/1979,0.0
22/10/1979,19.0
23/10/1979,23.5
24/10/1979,60.0
25/10/1979,1.0
26/10/1979,17.0
27/10/1979,1.0
28/10/1979,0.0
29/10/1979,0.0
30/10/1979,7.0
31/10/1979,105.0
01/11/1979,217.0
02/11/1979,0.0
03/11/1979,17.0
04/11/1979,0.0
05/11/1979,0.0
06/11/1979,0.0
07/11/1979,12.0
08/11/1979,38.0
09/11/1979,0.0
10/11/1979,0.0
11/11/1979,2.0
12/11/1979,5.0
13/11/1979,2.0
14/11/1979,6.0
15/11/1979,27.0
16/11/1979,129.0
17/11/1979,40.0
18/11/1979,0.0
19/11/1979,39.0
20/11/1979,32.0
21/11/1979,28.0
22/11/1979,106.5
23/11/1979,60.5
24/11/1979,6.0
25/11/1979,9.4
26/11/1979,27.6
27/11/1979,24.8
28/11/1979,167.2
29/11/1979,0.0
30/11/1979,0.0
01/12/1979,0.0
02/12/1979,5.0
03/12/1979,0.0
04/12/1979,52.0
05/12/1979,57.0
06/12/1979,19.0
07/12/1979,0.0
08/12/1979,2.0
09/12/1979,0.0
10/12/1979,0.0
11/12/1979,6.0
12/12/1979,0.0
13/12/1979,8.0
14/12/1979,0.0
15/12/1979,0.0
16/12/1979,0.0
17/12/1979,7.0
18/12/1979,9.2
19/12/1979,1.3
20/12/1979,0.0
21/12/1979,0.5
22/12/1979,0.0
23/12/1979,0.0
24/12/1979,6.0
25/12/1979,2.0
26/12/1979,0.0
27/12/1979,0.0
28/12/1979,0.0
29/12/1979,0.0
30/12/1979,0.0
31/12/1979,4.0
01/01/1980,3.0
02/01/1980,0.0
03/01/1980,0.0
04/01/1980,11.0
05/01/1980,7.0
06/01/1980,1.0
07/01/1980,3.0
08/01/1980,3.0
09/01/1980,0.0
10/01/1980,0.0
11/01/1980,1.0
12/01/1980,0.0
13/01/1980,0.0
14/01/1980,0.0
15/01/1980,0.0
16/01/1980,0.0
17/01/1980,0.0
18/01/1980,1.5
19/01/1980,0.0
20/01/1980,0.5
21/01/1980,0.0
22/01/1980,0.0
23/01/1980,0.0
24/01/1980,0.0
25/01/1980,0.0
26/01/1980,0.0
27/01/1980,0.0
28/01/1980,0.0
29/01/1980,0.0
30/01/1980,0.0
31/01/1980,0.0
01/02/1980,57.5
02/02/1980,0.0
03/02/1980,0.0
04/02/1980,1.7
05/02/1980,0.3
06/02/1980,1.0
07/02/1980,15.0
08/02/1980,0.0
09/02/1980,0.0
10/02/1980,0.0
11/02/1980,19.0
12/02/1980,0.0
13/02/1980,0.0
14/02/1980,0.0
15/02/1980,0.0
16/02/1980,0.0
17/02/1980,7.0
18/02/1980,0.0
19/02/1980,2.5
20/02/1980,1.5
21/02/1980,0.0
22/02/1980,0.5
23/02/1980,0.5
24/02/1980,0.0
25/02/1980,2.2
26/02/1980,2.5
27/02/1980,0.0
28/02/1980,0.0
29/02/1980,0.0
01/03/1980,0.0
02/03/1980,0.0
03/03/1980,0.0
04/03/1980,0.0
05/03/1980,0.0
06/03/1980,0.0
07/03/1980,0.0
08/03/1980,0.0
09/03/1980,0.0
10/03/1980,0.0
11/03/1980,0.0
12/03/1980,0.0
13/03/1980,0.0
14/03/1980,44.5
15/03/1980,0.7
16/03/1980,0.0
17/03/1980,0.0
18/03/1980,0.0
19/03/1980,0.0
20/03/1980,0.0
21/03/1980,0.0
22/03/1980,0.0
23/03/1980,0.0
24/03/1980,0.0
25/03/1980,0.0
26/03/1980,18.2
27/03/1980,19.7
28/03/1980,0.0
29/03/1980,0.0
30/03/1980,0.0
31/03/1980,0.0
01/04/1980,0.0
02/04/1980,5.0
03/04/1980,29.9
04/04/1980,0.2
05/04/1980,1.4
06/04/1980,10.9
07/04/1980,1.7
08/04/1980,15.1
09/04/1980,0.0
10/04/1980,0.0
11/04/1980,0.0
12/04/1980,0.0
13/04/1980,0.0
14/04/1980,0.0
15/04/1980,0.0
16/04/1980,17.9
17/04/1980,0.0
18/04/1980,0.0
19/04/1980,0.0
20/04/1980,0.5
21/04/1980,1.2
22/04/1980,0.0
23/04/1980,0.0
24/04/1980,0.0
25/04/1980,0.0
26/04/1980,0.0
27/04/1980,0.0
28/04/1980,40.8
29/04/1980,0.0
30/04/1980,0.0
01/05/1980,0.0
02/05/1980,0.0
03/05/1980,0.0
04/05/1980,0.0
05/05/1980,0.0
06/05/1980,0.0
07/05/1980,17.4
08/05/1980,0.0
09/05/1980,0.0
10/05/1980,0.0
11/05/1980,0.0
12/05/1980,0.0
13/05/1980,0.0
14/05/1980,0.0
15/05/1980,4.2
16/05/1980,13.7
17/05/1980,0.0
18/05/1980,0.0
19/05/1980,35.5
20/05/1980,0.0
21/05/1980,0.0
22/05/1980,0.0
23/05/1980,0.0
24/05/1980,0.0
25/05/1980,0.0
26/05/1980,0.0
27/05/1980,0.0
28/05/1980,0.0
29/05/1980,0.0
30/05/1980,0.0
31/05/1980,0.0
01/06/1980,0.0
02/06/1980,0.0
03/06/1980,0.0
04/06/1980,0.0
05/06/1980,0.0
06/06/1980,0.5
07/06/1980,30.4
08/06/1980,0.2
09/06/1980,0.5
10/06/1980,0.0
11/06/1980,0.0
12/06/1980,0.0
13/06/1980,0.0
14/06/1980,0.0
15/06/1980,4.4
16/06/1980,2.7
17/06/1980,13.9
18/06/1980,1.3
19/06/1980,2.0
20/06/1980,0.0
21/06/1980,0.0
22/06/1980,25.9
23/06/1980,0.0
24/06/1980,1.5
25/06/1980,20.5
26/06/1980,0.0
27/06/1980,0.0
28/06/1980,4.6
29/06/1980,1.9
30/06/1980,0.0
01/07/1980,0.0
02/07/1980,0.0
03/07/1980,11.0
04/07/1980,0.5
05/07/1980,7.5
06/07/1980,0.6
07/07/1980,6.4
08/07/1980,2.5
09/07/1980,6.5
10/07/1980,0.5
11/07/1980,0.0
12/07/1980,18.0
13/07/1980,0.0
14/07/1980,0.6
15/07/1980,0.1
16/07/1980,0.1
17/07/1980,0.1
18/07/1980,2.1
19/07/1980,3.5
20/07/1980,0.0
21/07/1980,1.5
22/07/1980,0.0
23/07/1980,0.0
24/07/1980,2.5
25/07/1980,0.0
26/07/1980,21.5
27/07/1980,2.5
28/07/1980,1.0
29/07/1980,1.5
30/07/1980,0.0
31/07/1980,0.0
01/08/1980,0.0
02/08/1980,1.0
03/08/1980,0.0
04/08/1980,0.0
05/08/1980,0.0
06/08/1980,0.0
07/08/1980,34.5
08/08/1980,0.0
09/08/1980,0.0
10/08/1980,0.5
11/08/1980,0.0
12/08/1980,23.0
13/08/1980,11.5
14/08/1980,0.0
15/08/1980,1.1
16/08/1980,0.2
17/08/1980,0.2
18/08/1980,1.1
19/08/1980,0.0
20/08/1980,0.0
21/08/1980,0.0
22/08/1980,0.0
23/08/1980,23.5
24/08/1980,0.0
25/08/1980,8.0
26/08/1980,0.0
27/08/1980,0.5
28/08/1980,0.0
29/08/1980,15.5
30/08/1980,2.0
31/08/1980,3.5
01/09/1980,0.0
02/09/1980,0.0
03/09/1980,0.0
04/09/1980,7.0
05/09/1980,15.3
06/09/1980,0.2
07/09/1980,13.1
08/09/1980,13.2
09/09/1980,4.7
10/09/1980,4.0
11/09/1980,2.5
12/09/1980,0.0
13/09/1980,0.0
14/09/1980,0.0
15/09/1980,0.0
16/09/1980,29.5
17/09/1980,0.5
18/09/1980,13.0
19/09/1980,5.6
20/09/1980,0.4
21/09/1980,0.0
22/09/1980,20.3
23/09/1980,2.2
24/09/1980,5.5
25/09/1980,0.0
26/09/1980,0.0
27/09/1980,0.0
28/09/1980,5.0
29/09/1980,0.5
30/09/1980,0.0
01/10/1980,5.0
02/10/1980,0.5
03/10/1980,0.0
04/10/1980,71.3
05/10/1980,52.9
06/10/1980,11.8
07/10/1980,0.0
08/10/1980,0.0
09/10/1980,0.0
10/10/1980,0.0
11/10/1980,1.0
12/10/1980,32.5
13/10/1980,0.5
14/10/1980,10.9
15/10/1980,2.6
16/10/1980,8.1
17/10/1980,6.7
18/10/1980,26.2
19/10/1980,1.0
20/10/1980,59.5
21/10/1980,3.0
22/10/1980,0.0
23/10/1980,0.0
24/10/1980,1.0
25/10/1980,0.0
26/10/1980,2.5
27/10/1980,1.5
28/10/1980,0.9
29/10/1980,5.1
30/10/1980,1.0
31/10/1980,0.0
01/11/1980,0.0
02/11/1980,0.0
03/11/1980,28.5
04/11/1980,17.5
05/11/1980,2.5
06/11/1980,0.5
07/11/1980,0.5
08/11/1980,16.0
09/11/1980,15.5
10/11/1980,24.5
11/11/1980,7.5
12/11/1980,14.3
13/11/1980,9.7
14/11/1980,0.0
15/11/1980,0.0
16/11/1980,0.0
17/11/1980,0.0
18/11/1980,5.0
19/11/1980,6.5
20/11/1980,38.5
21/11/1980,21.5
22/11/1980,12.5
23/11/1980,50.5
24/11/1980,35.4
25/11/1980,14.6
26/11/1980,0.0
27/11/1980,14.0
28/11/1980,102.9
29/11/1980,3.0
30/11/1980,7.1
01/12/1980,95.2
02/12/1980,20.3
03/12/1980,3.5
04/12/1980,18.1
05/12/1980,53.4
06/12/1980,56.5
07/12/1980,50.9
08/12/1980,80.1
09/12/1980,83.5
10/12/1980,13.5
11/12/1980,0.0
12/12/1980,0.0
13/12/1980,0.0
14/12/1980,0.0
15/12/1980,0.0
16/12/1980,185.4
17/12/1980,143.6
18/12/1980,43.5
19/12/1980,3.5
20/12/1980,33.5
21/12/1980,0.5
22/12/1980,0.0
23/12/1980,3.5
24/12/1980,2.5
25/12/1980,1.5
26/12/1980,11.0
27/12/1980,0.0
28/12/1980,3.0
29/12/1980,0.5
30/12/1980,1.0
31/12/1980,1.0
01/01/1981,0.0
02/01/1981,0.0
03/01/1981,0.0
04/01/1981,0.0
05/01/1981,0.0
06/01/1981,0.0
07/01/1981,0.0
08/01/1981,0.0
09/01/1981,0.0
10/01/1981,0.0
11/01/1981,0.0
12/01/1981,0.0
13/01/1981,0.0
14/01/1981,5.0
15/01/1981,38.0
16/01/1981,1.3
17/01/1981,12.2
18/01/1981,0.0
19/01/1981,0.0
20/01/1981,0.0
21/01/1981,0.0
22/01/1981,0.0
23/01/1981,0.0
24/01/1981,0.0
25/01/1981,0.0
26/01/1981,0.0
27/01/1981,0.0
28/01/1981,0.0
29/01/1981,0.0
30/01/1981,0.0
31/01/1981,0.0
01/02/1981,13.3
02/02/1981,7.2
03/02/1981,0.0
04/02/1981,0.0
05/02/1981,0.0
06/02/1981,0.0
07/02/1981,0.0
08/02/1981,0.0
09/02/1981,0.0
10/02/1981,5.7
11/02/1981,3.8
12/02/1981,0.5
13/02/1981,0.0
14/02/1981,0.0
15/02/1981,0.0
16/02/1981,0.0
17/02/1981,0.0
18/02/1981,0.0
19/02/1981,0.0
20/02/1981,0.0
21/02/1981,0.0
22/02/1981,0.0
23/02/1981,0.0
24/02/1981,0.0
25/02/1981,0.0
26/02/1981,18.7
27/02/1981,22.7
28/02/1981,6.7
01/03/1981,0.0
02/03/1981,0.0
03/03/1981,0.0
04/03/1981,12.0
05/03/1981,0.0
06/03/1981,0.0
07/03/1981,0.0
08/03/1981,1.5
09/03/1981,0.0
10/03/1981,0.0
11/03/1981,0.0
12/03/1981,0.0
13/03/1981,0.0
14/03/1981,0.0
15/03/1981,0.0
16/03/1981,0.0
17/03/1981,0.0
18/03/1981,0.0
19/03/1981,0.0
20/03/1981,0.5
21/03/1981,0.0
22/03/1981,0.0
23/03/1981,0.0
24/03/1981,0.0
25/03/1981,0.0
26/03/1981,0.0
27/03/1981,0.0
28/03/1981,0.0
29/03/1981,0.0
30/03/1981,0.5
31/03/1981,3.5
01/04/1981,33.5
02/04/1981,10.0
03/04/1981,2.5
04/04/1981,0.0
05/04/1981,0.0
06/04/1981,0.0
07/04/1981,0.0
08/04/1981,1.0
09/04/1981,1.0
10/04/1981,4.0
11/04/1981,5.5
12/04/1981,0.0
13/04/1981,0.0
14/04/1981,0.0
15/04/1981,0.0
16/04/1981,0.3
17/04/1981,4.2
18/04/1981,0.0
19/04/1981,0.0
20/04/1981,0.0
21/04/1981,0.0
22/04/1981,0.0
23/04/1981,0.0
24/04/1981,0.0
25/04/1981,0.0
26/04/1981,0.0
27/04/1981,5.0
28/04/1981,5.5
29/04/1981,0.0
30/04/1981,0.0
01/05/1981,0.0
02/05/1981,0.0
03/05/1981,0.0
04/05/1981,27.5
05/05/1981,0.0
06/05/1981,4.5
07/05/1981,0.0
08/05/1981,0.0
09/05/1981,0.0
10/05/1981,0.0
11/05/1981,0.0
12/05/1981,0.0
13/05/1981,0.0
14/05/1981,0.0
15/05/1981,0.0
16/05/1981,0.0
17/05/1981,0.0
18/05/1981,0.0
19/05/1981,0.0
20/05/1981,22.0
21/05/1981,1.5
22/05/1981,1.5
23/05/1981,0.5
24/05/1981,0.0
25/05/1981,13.0
26/05/1981,13.5
27/05/1981,0.5
28/05/1981,0.0
29/05/1981,20.0
30/05/1981,6.5
31/05/1981,13.5
01/06/1981,0.5
02/06/1981,0.0
03/06/1981,0.0
04/06/1981,0.0
05/06/1981,0.0
06/06/1981,0.0
07/06/1981,0.0
08/06/1981,0.0
09/06/1981,4.5
10/06/1981,5.5
11/06/1981,0.0
12/06/1981,0.0
13/06/1981,13.5
14/06/1981,0.0
15/06/1981,0.0
16/06/1981,0.0
17/06/1981,0.0
18/06/1981,0.0
19/06/1981,0.0
20/06/1981,0.0
21/06/1981,0.0
22/06/1981,0.0
23/06/1981,0.0
24/06/1981,0.0
25/06/1981,0.0
26/06/1981,0.0
27/06/1981,0.0
28/06/1981,5.5
29/06/1981,0.0
30/06/1981,0.0
01/07/1981,0.0
02/07/1981,0.0
03/07/1981,0.0
04/07/1981,0.0
05/07/1981,0.0
06/07/1981,0.0
07/07/1981,0.0
08/07/1981,0.0
09/07/1981,19.5
10/07/1981,0.0
11/07/1981,0.0
12/07/1981,0.0
13/07/1981,1.5
14/07/1981,0.0
15/07/1981,7.5
16/07/1981,0.5
17/07/1981,0.0
18/07/1981,0.0
19/07/1981,0.0
20/07/1981,0.0
21/07/1981,7.0
22/07/1981,7.5
23/07/1981,0.0
24/07/1981,0.0
25/07/1981,0.0
26/07/1981,0.0
27/07/1981,1.5
28/07/1981,0.5
29/07/1981,0.0
30/07/1981,0.0
31/07/1981,0.5
01/08/1981,0.0
02/08/1981,0.0
03/08/1981,0.0
04/08/1981,0.0
05/08/1981,0.0
06/08/1981,0.0
07/08/1981,0.0
08/08/1981,0.0
09/08/1981,0.0
10/08/1981,0.0
11/08/1981,0.0
12/08/1981,0.0
13/08/1981,0.0
14/08/1981,0.0
15/08/1981,0.0
16/08/1981,0.0
17/08/1981,0.0
18/08/1981,5.0
19/08/1981,18.4
20/08/1981,2.0
21/08/1981,0.0
22/08/1981,0.0
23/08/1981,0.0
24/08/1981,0.0
25/08/1981,0.0
26/08/1981,0.0
27/08/1981,0.5
28/08/1981,0.0
29/08/1981,0.0
30/08/1981,0.0
31/08/1981,0.0
01/09/1981,3.0
02/09/1981,0.0
03/09/1981,26.8
04/09/1981,7.7
05/09/1981,0.0
06/09/1981,0.0
07/09/1981,7.0
08/09/1981,39.2
09/09/1981,0.3
10/09/1981,6.0
11/09/1981,0.0
12/09/1981,0.0
13/09/1981,6.5
14/09/1981,0.5
15/09/1981,12.0
16/09/1981,71.5
17/09/1981,7.5
18/09/1981,4.5
19/09/1981,0.0
20/09/1981,2.5
21/09/1981,7.7
22/09/1981,5.8
23/09/1981,0.0
24/09/1981,0.0
25/09/1981,0.0
26/09/1981,0.0
27/09/1981,14.0
28/09/1981,0.0
29/09/1981,0.0
30/09/1981,33.0
01/10/1981,0.0
02/10/1981,0.0
03/10/1981,0.0
04/10/1981,0.0
05/10/1981,16.5
06/10/1981,0.5
07/10/1981,0.0
08/10/1981,0.0
09/10/1981,0.0
10/10/1981,0.0
11/10/1981,0.0
12/10/1981,0.0
13/10/1981,0.0
14/10/1981,100.0
15/10/1981,5.8
16/10/1981,0.7
17/10/1981,13.0
18/10/1981,0.5
19/10/1981,0.5
20/10/1981,0.0
21/10/1981,0.0
22/10/1981,0.0
23/10/1981,4.6
24/10/1981,6.9
25/10/1981,17.9
26/10/1981,2.1
27/10/1981,4.9
28/10/1981,1.1
29/10/1981,22.7
30/10/1981,64.0
31/10/1981,9.3
01/11/1981,0.0
02/11/1981,45.3
03/11/1981,7.2
04/11/1981,2.0
05/11/1981,12.5
06/11/1981,1.5
07/11/1981,7.5
08/11/1981,0.0
09/11/1981,9.5
10/11/1981,5.5
11/11/1981,0.0
12/11/1981,0.5
13/11/1981,21.0
14/11/1981,4.0
15/11/1981,4.0
16/11/1981,3.0
17/11/1981,23.0
18/11/1981,19.0
19/11/1981,25.2
20/11/1981,7.8
21/11/1981,3.0
22/11/1981,5.0
23/11/1981,1.0
24/11/1981,0.5
25/11/1981,0.0
26/11/1981,0.0
27/11/1981,0.0
28/11/1981,3.0
29/11/1981,4.0
30/11/1981,128.8
01/12/1981,198.3
02/12/1981,73.3
03/12/1981,19.2
04/12/1981,57.6
05/12/1981,9.3
06/12/1981,0.0
07/12/1981,3.5
08/12/1981,0.5
09/12/1981,16.7
10/12/1981,96.3
11/12/1981,203.1
12/12/1981,4.9
13/12/1981,0.0
14/12/1981,36.5
15/12/1981,0.5
16/12/1981,4.0
17/12/1981,3.0
18/12/1981,0.0
19/12/1981,0.0
20/12/1981,0.0
21/12/1981,0.0
22/12/1981,2.5
23/12/1981,0.0
24/12/1981,0.0
25/12/1981,0.0
26/12/1981,0.0
27/12/1981,0.0
28/12/1981,0.0
29/12/1981,0.0
30/12/1981,0.0
31/12/1981,2.3
01/01/1982,0.2
02/01/1982,0.0
03/01/1982,0.0
04/01/1982,0.0
05/01/1982,0.0
06/01/1982,1.0
07/01/1982,0.0
08/01/1982,0.0
09/01/1982,0.0
10/01/1982,0.0
11/01/1982,0.0
12/01/1982,0.0
13/01/1982,27.0
14/01/1982,13.5
15/01/1982,0.0
16/01/1982,0.0
17/01/1982,0.0
18/01/1982,0.0
19/01/1982,0.0
20/01/1982,0.0
21/01/1982,0.0
22/01/1982,0.0
23/01/1982,0.0
24/01/1982,0.0
25/01/1982,0.0
26/01/1982,0.0
27/01/1982,0.0
28/01/1982,0.0
29/01/1982,0.0
30/01/1982,0.0
31/01/1982,0.5
01/02/1982,10.5
02/02/1982,7.0
03/02/1982,0.0
04/02/1982,0.0
05/02/1982,0.0
06/02/1982,0.0
07/02/1982,0.0
08/02/1982,0.0
09/02/1982,0.0
10/02/1982,0.0
11/02/1982,0.0
12/02/1982,0.0
13/02/1982,0.0
14/02/1982,0.0
15/02/1982,0.0
16/02/1982,4.5
17/02/1982,0.0
18/02/1982,0.0
19/02/1982,0.0
20/02/1982,0.0
21/02/1982,0.0
22/02/1982,0.0
23/02/1982,0.0
24/02/1982,0.0
25/02/1982,0.0
26/02/1982,8.5
27/02/1982,28.5
28/02/1982,2.0
01/03/1982,0.0
02/03/1982,0.0
03/03/1982,0.0
04/03/1982,0.0
05/03/1982,0.0
06/03/1982,0.0
07/03/1982,0.0
08/03/1982,0.0
09/03/1982,0.0
10/03/1982,2.0
11/03/1982,0.0
12/03/1982,0.0
13/03/1982,0.0
14/03/1982,0.0
15/03/1982,0.0
16/03/1982,0.0
17/03/1982,1.3
18/03/1982,0.7
19/03/1982,0.0
20/03/1982,0.0
26/03/1982,22.0
27/03/1982,5.2
28/03/1982,2.8
29/03/1982,1.0
30/03/1982,76.0
31/03/1982,28.0
01/04/1982,17.3
02/04/1982,1.7
03/04/1982,6.5
04/04/1982,0.0
05/04/1982,3.3
06/04/1982,4.7
07/04/1982,11.8
08/04/1982,14.2
09/04/1982,10.0
10/04/1982,9.5
11/04/1982,30.3
12/04/1982,51.8
13/04/1982,18.8
14/04/1982,11.0
15/04/1982,16.5
16/04/1982,0.0
17/04/1982,2.0
18/04/1982,3.5
19/04/1982,0.5
20/04/1982,0.0
21/04/1982,0.0
22/04/1982,0.0
23/04/1982,0.0
24/04/1982,0.0
25/04/1982,0.0
26/04/1982,0.0
27/04/1982,0.0
28/04/1982,0.0
29/04/1982,0.0
30/04/1982,0.0
01/05/1982,0.5
02/05/1982,0.0
03/05/1982,0.0
04/05/1982,0.0
05/05/1982,0.0
06/05/1982,0.0
07/05/1982,0.0
08/05/1982,0.0
09/05/1982,0.0
10/05/1982,0.0
11/05/1982,0.0
12/05/1982,0.0
13/05/1982,0.0
14/05/1982,0.0
15/05/1982,0.0
16/05/1982,0.0
17/05/1982,0.0
18/05/1982,0.0
19/05/1982,0.0
20/05/1982,0.0
21/05/1982,0.5
22/05/1982,0.0
23/05/1982,15.0
24/05/1982,1.0
25/05/1982,0.0
26/05/1982,3.3
27/05/1982,1.7
28/05/1982,0.0
29/05/1982,0.0
30/05/1982,0.0
31/05/1982,40.7
01/06/1982,20.3
02/06/1982,0.0
03/06/1982,0.0
04/06/1982,13.7
05/06/1982,6.8
06/06/1982,0.0
07/06/1982,0.0
08/06/1982,0.0
09/06/1982,0.0
10/06/1982,32.8
11/06/1982,15.2
12/06/1982,0.0
13/06/1982,2.0
14/06/1982,0.0
15/06/1982,0.0
16/06/1982,0.0
17/06/1982,0.0
18/06/1982,0.0
19/06/1982,0.0
20/06/1982,5.3
21/06/1982,2.7
22/06/1982,12.7
23/06/1982,6.3
24/06/1982,0.0
25/06/1982,0.0
26/06/1982,0.0
27/06/1982,0.0
28/06/1982,2.0
29/06/1982,0.0
30/06/1982,0.0
01/07/1982,0.0
02/07/1982,0.0
03/07/1982,24.0
04/07/1982,12.0
05/07/1982,38.0
06/07/1982,19.0
07/07/1982,0.0
08/07/1982,0.0
09/07/1982,0.0
10/07/1982,0.0
11/07/1982,28.5
12/07/1982,0.5
13/07/1982,0.0
14/07/1982,0.0
15/07/1982,1.0
16/07/1982,23.5
17/07/1982,2.5
18/07/1982,13.0
19/07/1982,33.3
20/07/1982,20.0
21/07/1982,1.7
22/07/1982,0.0
23/07/1982,0.0
24/07/1982,6.0
25/07/1982,3.0
26/07/1982,0.0
27/07/1982,0.0
28/07/1982,0.0
29/07/1982,0.0
30/07/1982,4.1
31/07/1982,14.3
01/08/1982,6.7
02/08/1982,0.0
03/08/1982,0.0
04/08/1982,3.5
12/08/1982,12.0
13/08/1982,0.0
14/08/1982,0.0
15/08/1982,14.3
16/08/1982,9.5
17/08/1982,1.2
18/08/1982,0.0
19/08/1982,0.0
20/08/1982,7.3
21/08/1982,3.7
22/08/1982,0.0
23/08/1982,7.0
24/08/1982,9.5
25/08/1982,2.0
26/08/1982,0.0
27/08/1982,21.0
28/08/1982,10.5
29/08/1982,0.0
30/08/1982,8.3
31/08/1982,4.2
01/09/1982,0.0
02/09/1982,0.0
03/09/1982,0.5
04/09/1982,9.5
05/09/1982,4.5
06/09/1982,9.0
07/09/1982,4.5
08/09/1982,20.5
09/09/1982,0.0
10/09/1982,0.0
11/09/1982,0.0
12/09/1982,0.0
13/09/1982,2.6
14/09/1982,4.4
15/09/1982,0.0
16/09/1982,0.0
17/09/1982,0.0
18/09/1982,0.0
19/09/1982,1.0
20/09/1982,0.0
24/10/1982,3.8
25/10/1982,1.2
26/10/1982,0.0
27/10/1982,11.2
28/10/1982,12.3
29/10/1982,8.0
30/10/1982,1.0
31/10/1982,3.2
01/11/1982,13.3
02/11/1982,39.3
03/11/1982,27.0
04/11/1982,5.2
05/11/1982,0.0
06/11/1982,7.5
07/11/1982,0.0
08/11/1982,0.0
09/11/1982,0.0
10/11/1982,0.0
11/11/1982,0.0
12/11/1982,3.5
13/11/1982,1.5
14/11/1982,0.0
15/11/1982,0.0
16/11/1982,0.3
17/11/1982,0.2
18/11/1982,0.0
19/11/1982,5.0
20/11/1982,3.2
21/11/1982,0.8
22/11/1982,21.8
23/11/1982,15.2
24/11/1982,2.3
25/11/1982,1.2
26/11/1982,33.0
27/11/1982,5.0
28/11/1982,0.0
29/11/1982,0.0
30/11/1982,4.5
01/12/1982,10.2
02/12/1982,6.8
03/12/1982,0.0
04/12/1982,0.0
05/12/1982,0.0
06/12/1982,37.3
07/12/1982,40.0
08/12/1982,52.0
09/12/1982,163.0
10/12/1982,71.7
11/12/1982,0.0
12/12/1982,0.0
13/12/1982,57.5
14/12/1982,36.3
15/12/1982,111.2
16/12/1982,58.2
17/12/1982,5.3
18/12/1982,21.5
19/12/1982,10.0
20/12/1982,1.0
21/12/1982,5.0
22/12/1982,7.9
23/12/1982,2.0
24/12/1982,0.0
25/12/1982,0.0
26/12/1982,0.0
27/12/1982,0.0
28/12/1982,0.0
29/12/1982,0.0
30/12/1982,0.0
31/12/1982,1.0
01/01/1983,0.5
02/01/1983,0.0
03/01/1983,2.0
04/01/1983,0.0
05/01/1983,5.5
06/01/1983,11.5
07/01/1983,1.5
08/01/1983,0.0
09/01/1983,24.0
10/01/1983,2.5
11/01/1983,0.0
12/01/1983,1.5
13/01/1983,3.0
14/01/1983,0.5
15/01/1983,0.0
16/01/1983,0.0
17/01/1983,0.0
18/01/1983,0.0
19/01/1983,0.0
20/01/1983,0.5
21/01/1983,0.0
22/01/1983,6.0
23/01/1983,1.5
24/01/1983,0.5
25/01/1983,0.0
26/01/1983,0.0
27/01/1983,0.0
28/01/1983,0.0
29/01/1983,0.0
30/01/1983,0.0
31/01/1983,0.0
01/02/1983,0.0
02/02/1983,0.0
03/02/1983,0.0
04/02/1983,0.0
05/02/1983,0.0
06/02/1983,0.0
07/02/1983,0.0
08/02/1983,0.0
09/02/1983,0.0
10/02/1983,0.0
11/02/1983,0.0
12/02/1983,0.0
13/02/1983,0.0
14/02/1983,0.0
15/02/1983,0.0
16/02/1983,0.0
17/02/1983,0.0
18/02/1983,0.0
19/02/1983,0.0
20/02/1983,0.0
21/02/1983,0.0
22/02/1983,0.0
23/02/1983,0.0
24/02/1983,0.0
25/02/1983,0.0
26/02/1983,4.5
27/02/1983,0.0
28/02/1983,0.0
01/03/1983,0.0
02/03/1983,0.0
03/03/1983,0.0
04/03/1983,0.0
05/03/1983,0.0
06/03/1983,0.0
07/03/1983,0.5
08/03/1983,0.0
09/03/1983,0.0
10/03/1983,0.0
11/03/1983,0.0
12/03/1983,0.0
13/03/1983,0.0
14/03/1983,0.0
15/03/1983,0.0
16/03/1983,0.0
17/03/1983,0.0
18/03/1983,0.0
19/03/1983,3.5
20/03/1983,0.0
21/03/1983,0.0
22/03/1983,0.0
23/03/1983,0.0
24/03/1983,0.0
25/03/1983,0.0
26/03/1983,0.5
27/03/1983,0.0
28/03/1983,0.0
29/03/1983,0.0
30/03/1983,0.0
31/03/1983,0.0
01/04/1983,0.0
02/04/1983,0.0
03/04/1983,0.0
04/04/1983,0.0
05/04/1983,0.0
06/04/1983,0.0
07/04/1983,0.0
08/04/1983,0.0
09/04/1983,0.0
10/04/1983,0.0
11/04/1983,0.0
12/04/1983,0.0
13/04/1983,0.0
14/04/1983,0.0
15/04/1983,0.0
16/04/1983,0.0
17/04/1983,0.0
18/04/1983,0.0
19/04/1983,0.0
20/04/1983,0.0
21/04/1983,0.0
22/04/1983,0.0
23/04/1983,0.0
24/04/1983,0.0
25/04/1983,0.0
26/04/1983,0.0
27/04/1983,17.5
28/04/1983,0.0
29/04/1983,0.0
30/04/1983,0.0
01/05/1983,0.0
02/05/1983,0.0
03/05/1983,1.0
04/05/1983,0.5
05/05/1983,13.5
06/05/1983,0.0
07/05/1983,0.0
08/05/1983,0.0
09/05/1983,0.0
10/05/1983,0.0
11/05/1983,0.0
12/05/1983,0.0
13/05/1983,0.0
14/05/1983,0.0
15/05/1983,0.0
16/05/1983,0.0
17/05/1983,0.0
18/05/1983,0.0
19/05/1983,0.0
20/05/1983,0.0
21/05/1983,0.0
22/05/1983,0.0
23/05/1983,0.0
24/05/1983,9.0
25/05/1983,8.5
26/05/1983,1.0
27/05/1983,1.0
28/05/1983,16.7
29/05/1983,11.3
30/05/1983,0.0
31/05/1983,0.0
01/06/1983,0.0
02/06/1983,0.0
03/06/1983,0.0
04/06/1983,8.0
05/06/1983,0.0
06/06/1983,0.0
07/06/1983,0.0
08/06/1983,0.0
09/06/1983,0.0
10/06/1983,0.0
11/06/1983,0.0
12/06/1983,0.0
13/06/1983,5.5
14/06/1983,0.0
15/06/1983,0.0
16/06/1983,0.0
17/06/1983,0.0
18/06/1983,0.0
19/06/1983,3.5
20/06/1983,66.5
21/06/1983,3.5
22/06/1983,0.0
23/06/1983,15.0
24/06/1983,0.5
25/06/1983,0.0
26/06/1983,0.0
27/06/1983,0.3
28/06/1983,0.7
29/06/1983,0.0
30/06/1983,8.5
01/07/1983,0.0
02/07/1983,0.0
03/07/1983,0.0
04/07/1983,0.0
05/07/1983,0.0
06/07/1983,0.0
07/07/1983,0.0
08/07/1983,0.0
09/07/1983,0.0
10/07/1983,0.0
21/08/1983,13.9
22/08/1983,1.1
23/08/1983,0.0
24/08/1983,0.0
25/08/1983,0.0
26/08/1983,17.0
27/08/1983,0.0
28/08/1983,0.0
29/08/1983,0.0
30/08/1983,0.0
31/08/1983,1.5
01/09/1983,0.0
02/09/1983,0.0
03/09/1983,0.0
04/09/1983,0.0
05/09/1983,0.0
06/09/1983,0.0
07/09/1983,0.0
08/09/1983,0.0
09/09/1983,0.0
10/09/1983,1.5
11/09/1983,5.1
12/09/1983,8.9
13/09/1983,0.0
14/09/1983,0.0
15/09/1983,0.0
16/09/1983,0.0
17/09/1983,0.0
18/09/1983,21.5
19/09/1983,10.0
20/09/1983,0.0
21/09/1983,104.5
22/09/1983,0.0
12/12/1983,86.0
13/12/1983,135.4
14/12/1983,288.6
15/12/1983,143.5
16/12/1983,0.0
17/12/1983,0.0
18/12/1983,5.0
19/12/1983,0.0
20/12/1983,0.0
21/12/1983,3.0
22/12/1983,2.5
23/12/1983,0.0
24/12/1983,6.5
25/12/1983,5.0
26/12/1983,7.0
27/12/1983,30.5
28/12/1983,0.0
29/12/1983,0.0
30/12/1983,0.0
31/12/1983,0.0
01/01/1984,0.0
02/01/1984,0.0
03/01/1984,25.0
04/01/1984,10.0
05/01/1984,1.5
06/01/1984,4.5
07/01/1984,0.0
08/01/1984,2.5
09/01/1984,0.0
10/01/1984,3.0
11/01/1984,0.0
12/01/1984,0.0
13/01/1984,0.0
14/01/1984,0.0
15/01/1984,0.0
16/01/1984,0.0
17/01/1984,0.0
18/01/1984,24.0
19/01/1984,0.0
20/01/1984,0.0
21/01/1984,0.0
22/01/1984,7.0
23/01/1984,0.0
24/01/1984,16.0
25/01/1984,1.5
26/01/1984,1.0
27/01/1984,0.0
28/01/1984,12.0
29/01/1984,0.0
30/01/1984,4.0
31/01/1984,0.0
01/02/1984,3.5
02/02/1984,3.5
03/02/1984,3.5
04/02/1984,5.5
05/02/1984,0.0
06/02/1984,0.0
07/02/1984,2.5
08/02/1984,0.5
09/02/1984,3.5
10/02/1984,35.0
11/02/1984,2.5
12/02/1984,0.0
13/02/1984,0.0
14/02/1984,0.0
15/02/1984,10.0
16/02/1984,0.0
17/02/1984,0.0
18/02/1984,11.2
19/02/1984,21.3
20/02/1984,0.5
21/02/1984,0.0
22/02/1984,0.0
23/02/1984,0.0
24/02/1984,0.0
25/02/1984,0.0
26/02/1984,0.0
27/02/1984,42.5
28/02/1984,0.0
29/02/1984,6.0
01/03/1984,4.5
02/03/1984,0.0
03/03/1984,6.0
04/03/1984,0.0
05/03/1984,0.0
06/03/1984,0.0
07/03/1984,0.0
08/03/1984,0.0
09/03/1984,0.0
10/03/1984,0.0
11/03/1984,0.0
12/03/1984,0.0
13/03/1984,0.0
14/03/1984,0.0
15/03/1984,1.5
16/03/1984,0.0
17/03/1984,0.0
18/03/1984,0.0
19/03/1984,0.0
20/03/1984,0.0
21/03/1984,0.0
22/03/1984,1.0
23/03/1984,9.5
24/03/1984,56.7
25/03/1984,2.3
26/03/1984,5.5
27/03/1984,0.0
28/03/1984,0.0
29/03/1984,3.0
30/03/1984,2.0
31/03/1984,0.5
01/04/1984,0.0
02/04/1984,0.0
03/04/1984,0.0
04/04/1984,0.0
05/04/1984,0.0
06/04/1984,0.0
07/04/1984,0.0
08/04/1984,1.0
09/04/1984,29.0
10/04/1984,3.5
11/04/1984,10.5
12/04/1984,0.0
13/04/1984,0.0
14/04/1984,0.0
15/04/1984,0.0
16/04/1984,0.0
17/04/1984,0.0
18/04/1984,0.0
19/04/1984,4.5
20/04/1984,0.5
21/04/1984,11.5
22/04/1984,0.5
23/04/1984,1.5
24/04/1984,0.0
25/04/1984,0.0
26/04/1984,0.0
27/04/1984,0.0
28/04/1984,0.5
29/04/1984,0.0
30/04/1984,6.0
01/05/1984,0.0
02/05/1984,0.0
03/05/1984,0.0
04/05/1984,0.0
05/05/1984,0.0
06/05/1984,0.0
07/05/1984,0.0
08/05/1984,4.0
09/05/1984,0.0
10/05/1984,0.0
11/05/1984,0.0
12/05/1984,0.0
13/05/1984,10.0
14/05/1984,0.0
15/05/1984,0.0
16/05/1984,0.0
17/05/1984,0.0
18/05/1984,0.0
19/05/1984,0.0
20/05/1984,0.0
21/05/1984,0.0
22/05/1984,0.0
23/05/1984,0.0
24/05/1984,1.4
25/05/1984,2.1
26/05/1984,2.1
27/05/1984,2.1
28/05/1984,2.1
29/05/1984,2.1
30/05/1984,2.1
31/05/1984,0.7
01/06/1984,0.3
02/06/1984,2.7
03/06/1984,0.0
04/06/1984,0.0
05/06/1984,0.0
06/06/1984,0.0
07/06/1984,9.5
08/06/1984,0.0
09/06/1984,2.0
10/06/1984,0.5
11/06/1984,0.0
12/06/1984,0.0
13/06/1984,0.0
14/06/1984,0.0
15/06/1984,0.0
16/06/1984,43.6
17/06/1984,1.4
18/06/1984,18.9
19/06/1984,8.6
20/06/1984,0.0
21/06/1984,0.0
22/06/1984,0.0
23/06/1984,7.5
24/06/1984,0.0
25/06/1984,0.0
26/06/1984,0.0
27/06/1984,6.5
28/06/1984,50.4
29/06/1984,33.6
30/06/1984,0.0
01/07/1984,28.5
02/07/1984,0.0
03/07/1984,0.0
04/07/1984,0.0
05/07/1984,0.0
06/07/1984,0.0
07/07/1984,0.0
08/07/1984,0.0
09/07/1984,0.0
10/07/1984,0.0
11/07/1984,0.0
12/07/1984,0.0
13/07/1984,0.0
14/07/1984,0.0
15/07/1984,0.0
16/07/1984,0.0
17/07/1984,56.5
18/07/1984,0.0
19/07/1984,0.0
20/07/1984,3.5
21/07/1984,3.5
22/07/1984,0.0
23/07/1984,0.5
24/07/1984,0.0
25/07/1984,33.0
26/07/1984,12.6
27/07/1984,10.9
28/07/1984,0.0
29/07/1984,6.0
30/07/1984,0.5
31/07/1984,0.0
01/08/1984,0.0
02/08/1984,19.5
03/08/1984,0.0
04/08/1984,0.0
05/08/1984,0.0
06/08/1984,32.5
07/08/1984,59.3
08/08/1984,4.7
09/08/1984,19.5
10/08/1984,4.0
11/08/1984,15.0
12/08/1984,0.0
13/08/1984,0.0
14/08/1984,0.0
15/08/1984,0.0
16/08/1984,0.0
17/08/1984,0.0
18/08/1984,0.5
19/08/1984,3.5
20/08/1984,0.5
21/08/1984,0.0
22/08/1984,0.0
23/08/1984,0.0
24/08/1984,0.0
25/08/1984,0.0
26/08/1984,0.0
27/08/1984,0.0
28/08/1984,0.0
29/08/1984,2.5
30/08/1984,1.5
31/08/1984,12.0
01/09/1984,0.5
02/09/1984,0.0
03/09/1984,0.0
04/09/1984,0.0
05/09/1984,0.0
06/09/1984,0.0
07/09/1984,0.0
08/09/1984,0.0
09/09/1984,0.0
10/09/1984,0.0
11/09/1984,0.0
12/09/1984,0.0
13/09/1984,0.0
14/09/1984,0.0
15/09/1984,0.0
16/09/1984,0.0
17/09/1984,0.0
18/09/1984,0.0
19/09/1984,0.0
20/09/1984,0.0
21/09/1984,28.0
22/09/1984,29.3
23/09/1984,3.7
24/09/1984,0.5
25/09/1984,0.0
26/09/1984,2.5
27/09/1984,0.0
28/09/1984,0.0
29/09/1984,7.5
30/09/1984,0.0
01/10/1984,0.0
02/10/1984,0.0
03/10/1984,0.0
04/10/1984,0.0
05/10/1984,0.0
06/10/1984,10.5
07/10/1984,0.0
08/10/1984,0.0
09/10/1984,1.0
10/10/1984,0.0
11/10/1984,66.0
12/10/1984,7.0
13/10/1984,0.0
14/10/1984,3.5
15/10/1984,5.5
16/10/1984,7.0
17/10/1984,0.0
18/10/1984,0.0
19/10/1984,0.0
20/10/1984,6.5
21/10/1984,0.0
22/10/1984,0.0
23/10/1984,16.0
24/10/1984,1.0
25/10/1984,0.0
26/10/1984,0.0
27/10/1984,0.0
28/10/1984,0.0
29/10/1984,0.0
30/10/1984,0.0
31/10/1984,0.0
01/11/1984,0.0
02/11/1984,0.0
03/11/1984,0.0
04/11/1984,1.0
05/11/1984,0.0
06/11/1984,5.5
07/11/1984,0.0
08/11/1984,0.0
09/11/1984,1.0
10/11/1984,14.5
11/11/1984,43.5
12/11/1984,15.0
13/11/1984,0.0
14/11/1984,2.0
15/11/1984,8.0
16/11/1984,10.1
17/11/1984,92.4
18/11/1984,28.0
19/11/1984,28.5
20/11/1984,128.4
21/11/1984,58.6
22/11/1984,6.0
23/11/1984,3.0
24/11/1984,61.0
25/11/1984,0.0
26/11/1984,0.0
27/11/1984,41.5
28/11/1984,0.0
04/12/1984,1.5
05/12/1984,3.5
06/12/1984,19.5
07/12/1984,9.5
08/12/1984,0.0
09/12/1984,0.0
10/12/1984,0.0
11/12/1984,0.0
12/12/1984,0.0
13/12/1984,0.0
14/12/1984,0.0
15/12/1984,0.5
16/12/1984,59.3
17/12/1984,47.7
18/12/1984,9.0
19/12/1984,2.0
20/12/1984,247.5
21/12/1984,25.0
22/12/1984,61.0
23/12/1984,159.0
24/12/1984,0.5
25/12/1984,1.0
26/12/1984,2.0
27/12/1984,0.0
28/12/1984,2.5
29/12/1984,0.0
30/12/1984,2.0
31/12/1984,0.0
01/01/1985,0.5
02/01/1985,4.0
03/01/1985,0.0
04/01/1985,0.0
05/01/1985,0.0
06/01/1985,0.0
07/01/1985,0.0
08/01/1985,0.0
09/01/1985,0.0
10/01/1985,0.0
11/01/1985,0.0
12/01/1985,0.0
13/01/1985,0.0
14/01/1985,0.0
15/01/1985,0.0
16/01/1985,0.0
17/01/1985,0.0
18/01/1985,1.0
19/01/1985,0.0
20/01/1985,0.0
21/01/1985,0.0
22/01/1985,0.0
23/01/1985,8.5
24/01/1985,0.0
25/01/1985,2.0
26/01/1985,0.5
27/01/1985,3.5
28/01/1985,0.0
29/01/1985,18.0
30/01/1985,2.0
31/01/1985,0.0
01/02/1985,2.0
02/02/1985,41.0
03/02/1985,0.5
04/02/1985,0.0
05/02/1985,0.0
06/02/1985,0.0
07/02/1985,0.0
08/02/1985,0.0
09/02/1985,0.0
10/02/1985,0.0
11/02/1985,47.5
12/02/1985,39.0
13/02/1985,0.0
14/02/1985,49.5
15/02/1985,1.5
16/02/1985,4.5
17/02/1985,8.5
18/02/1985,0.0
19/02/1985,0.0
20/02/1985,0.0
21/02/1985,0.0
22/02/1985,0.0
23/02/1985,31.5
24/02/1985,6.5
25/02/1985,0.0
26/02/1985,0.0
27/02/1985,0.0
28/02/1985,5.0
01/03/1985,0.5
02/03/1985,1.5
03/03/1985,13.3
04/03/1985,23.7
05/03/1985,77.6
06/03/1985,28.9
07/03/1985,52.0
08/03/1985,117.0
09/03/1985,64.0
10/03/1985,7.5
11/03/1985,0.5
12/03/1985,0.5
13/03/1985,23.0
14/03/1985,22.5
15/03/1985,29.0
16/03/1985,2.0
17/03/1985,2.0
18/03/1985,0.0
19/03/1985,0.0
20/03/1985,0.0
21/03/1985,0.0
22/03/1985,0.0
23/03/1985,0.0
24/03/1985,0.5
25/03/1985,71.0
26/03/1985,0.0
27/03/1985,0.0
28/03/1985,0.0
29/03/1985,48.0
30/03/1985,0.0
31/03/1985,0.0
01/04/1985,0.0
02/04/1985,0.0
03/04/1985,0.0
04/04/1985,0.0
05/04/1985,0.0
06/04/1985,0.0
07/04/1985,0.0
08/04/1985,0.0
09/04/1985,0.0
10/04/1985,0.0
11/04/1985,0.0
12/04/1985,0.0
13/04/1985,0.0
14/04/1985,0.0
15/04/1985,0.0
16/04/1985,0.0
17/04/1985,5.0
18/04/1985,2.5
19/04/1985,0.0
20/04/1985,0.0
21/04/1985,27.5
22/04/1985,21.5
23/04/1985,0.5
24/04/1985,7.0
25/04/1985,0.0
26/04/1985,0.0
27/04/1985,0.0
28/04/1985,34.5
29/04/1985,0.0
30/04/1985,13.0
01/05/1985,15.0
02/05/1985,41.5
03/05/1985,3.5
04/05/1985,0.0
05/05/1985,0.0
06/05/1985,0.0
07/05/1985,0.0
08/05/1985,0.0
09/05/1985,0.0
10/05/1985,0.0
11/05/1985,9.5
12/05/1985,0.0
13/05/1985,4.8
14/05/1985,5.7
15/05/1985,0.0
16/05/1985,0.0
17/05/1985,0.0
18/05/1985,1.5
19/05/1985,2.0
20/05/1985,0.0
21/05/1985,0.5
22/05/1985,9.9
23/05/1985,1.6
24/05/1985,0.0
25/05/1985,0.0
26/05/1985,6.0
27/05/1985,0.0
28/05/1985,0.0
29/05/1985,0.0
30/05/1985,0.0
31/05/1985,0.0
01/06/1985,0.0
02/06/1985,10.5
03/06/1985,0.0
04/06/1985,0.0
05/06/1985,0.0
06/06/1985,1.0
07/06/1985,3.0
08/06/1985,0.0
09/06/1985,0.0
10/06/1985,0.0
11/06/1985,0.0
12/06/1985,0.0
13/06/1985,1.5
14/06/1985,0.0
15/06/1985,0.0
16/06/1985,0.0
17/06/1985,0.0
18/06/1985,0.0
19/06/1985,23.5
20/06/1985,0.0
21/06/1985,0.0
22/06/1985,0.0
23/06/1985,0.0
24/06/1985,0.0
25/06/1985,0.0
26/06/1985,0.0
27/06/1985,0.0
28/06/1985,0.0
29/06/1985,0.0
30/06/1985,0.0
01/07/1985,0.0
02/07/1985,0.0
03/07/1985,0.0
04/07/1985,0.0
05/07/1985,0.0
06/07/1985,0.0
07/07/1985,0.0
08/07/1985,0.0
09/07/1985,1.5
10/07/1985,1.0
11/07/1985,0.0
12/07/1985,0.0
13/07/1985,0.0
14/07/1985,0.0
15/07/1985,0.0
16/07/1985,0.0
17/07/1985,0.0
18/07/1985,0.0
19/07/1985,0.0
20/07/1985,0.0
21/07/1985,0.0
22/07/1985,0.0
23/07/1985,0.0
24/07/1985,0.0
25/07/1985,0.0
26/07/1985,3.5
27/07/1985,0.0
28/07/1985,1.5
29/07/1985,0.6
30/07/1985,0.4
31/07/1985,0.0
01/08/1985,0.0
02/08/1985,0.0
03/08/1985,0.0
04/08/1985,1.0
05/08/1985,0.0
06/08/1985,0.0
07/08/1985,7.0
08/08/1985,4.0
09/08/1985,27.5
10/08/1985,0.0
11/08/1985,7.0
12/08/1985,3.5
13/08/1985,3.0
14/08/1985,42.5
15/08/1985,9.0
16/08/1985,0.0
17/08/1985,0.0
18/08/1985,0.0
19/08/1985,21.8
20/08/1985,22.2
21/08/1985,3.5
22/08/1985,5.3
23/08/1985,5.3
24/08/1985,5.3
25/08/1985,5.3
26/08/1985,5.3
27/08/1985,5.3
28/08/1985,5.3
29/08/1985,16.6
30/08/1985,0.2
31/08/1985,23.0
01/09/1985,8.5
02/09/1985,0.0
03/09/1985,2.0
04/09/1985,10.8
05/09/1985,12.7
06/09/1985,0.0
07/09/1985,0.0
08/09/1985,50.8
09/09/1985,23.2
10/09/1985,18.0
11/09/1985,1.0
12/09/1985,2.1
13/09/1985,1.4
14/09/1985,1.0
15/09/1985,4.6
16/09/1985,1.9
17/09/1985,0.0
18/09/1985,1.0
19/09/1985,58.5
20/09/1985,0.0
21/09/1985,0.0
22/09/1985,0.0
23/09/1985,0.0
24/09/1985,0.0
25/09/1985,0.0
26/09/1985,0.0
27/09/1985,0.0
28/09/1985,0.0
29/09/1985,33.6
30/09/1985,35.4
01/10/1985,41.5
02/10/1985,7.2
03/10/1985,47.4
04/10/1985,2.4
05/10/1985,0.5
06/10/1985,1.0
07/10/1985,14.0
08/10/1985,1.4
09/10/1985,18.1
10/10/1985,30.0
11/10/1985,14.5
16/10/1985,5.5
17/10/1985,2.5
18/10/1985,0.0
19/10/1985,0.0
20/10/1985,0.0
21/10/1985,0.0
22/10/1985,56.0
23/10/1985,14.0
24/10/1985,0.0
25/10/1985,0.0
26/10/1985,0.0
27/10/1985,11.0
28/10/1985,0.0
29/10/1985,0.0
30/10/1985,0.0
31/10/1985,0.0
01/11/1985,26.5
02/11/1985,29.5
03/11/1985,95.0
04/11/1985,1.0
05/11/1985,0.0
06/11/1985,0.0
07/11/1985,3.0
08/11/1985,0.0
09/11/1985,1.5
10/11/1985,3.0
11/11/1985,90.0
12/11/1985,11.0
13/11/1985,14.5
14/11/1985,56.5
15/11/1985,29.9
16/11/1985,16.6
17/11/1985,3.5
18/11/1985,0.0
19/11/1985,0.0
20/11/1985,6.5
21/11/1985,0.0
22/11/1985,0.0
23/11/1985,0.0
24/11/1985,0.0
25/11/1985,1.0
26/11/1985,4.5
27/11/1985,4.5
28/11/1985,0.0
29/11/1985,19.0
30/11/1985,19.0
01/12/1985,162.0
02/12/1985,114.9
03/12/1985,53.6
04/12/1985,16.0
05/12/1985,5.1
06/12/1985,47.5
07/12/1985,18.3
08/12/1985,5.5
09/12/1985,0.0
10/12/1985,1.0
11/12/1985,0.0
12/12/1985,46.8
13/12/1985,50.3
14/12/1985,4.4
15/12/1985,1.5
16/12/1985,7.0
17/12/1985,0.0
18/12/1985,4.0
19/12/1985,15.8
20/12/1985,14.9
21/12/1985,1.1
22/12/1985,1.1
23/12/1985,1.1
24/12/1985,1.1
25/12/1985,1.1
26/12/1985,1.1
27/12/1985,1.1
28/12/1985,1.1
29/12/1985,1.1
30/12/1985,1.1
31/12/1985,1.1
01/01/1986,0.4
02/01/1986,0.0
03/01/1986,0.0
04/01/1986,0.0
05/01/1986,0.0
06/01/1986,0.0
07/01/1986,0.0
08/01/1986,3.0
09/01/1986,1.0
10/01/1986,5.7
11/01/1986,9.3
12/01/1986,1.0
13/01/1986,0.0
14/01/1986,0.0
15/01/1986,0.0
16/01/1986,0.0
17/01/1986,0.0
18/01/1986,0.0
19/01/1986,0.0
20/01/1986,0.0
21/01/1986,0.0
22/01/1986,0.0
23/01/1986,0.0
24/01/1986,0.0
25/01/1986,0.0
26/01/1986,0.0
27/01/1986,0.0
28/01/1986,0.0
29/01/1986,0.0
30/01/1986,0.0
31/01/1986,0.0
01/02/1986,0.0
02/02/1986,0.0
03/02/1986,0.0
04/02/1986,0.0
05/02/1986,0.0
06/02/1986,0.0
07/02/1986,0.0
08/02/1986,0.0
09/02/1986,0.0
10/02/1986,0.0
11/02/1986,0.0
12/02/1986,0.0
13/02/1986,0.0
14/02/1986,0.0
15/02/1986,0.0
16/02/1986,0.0
17/02/1986,0.0
18/02/1986,0.0
19/02/1986,0.0
20/02/1986,0.0
21/02/1986,0.0
22/02/1986,0.0
23/02/1986,0.0
24/02/1986,0.0
25/02/1986,0.0
26/02/1986,0.0
27/02/1986,0.0
28/02/1986,0.0
01/03/1986,0.0
02/03/1986,6.0
03/03/1986,0.0
04/03/1986,0.0
05/03/1986,0.0
06/03/1986,17.5
07/03/1986,2.0
08/03/1986,1.5
09/03/1986,0.0
10/03/1986,0.0
11/03/1986,0.0
12/03/1986,0.0
13/03/1986,0.0
14/03/1986,0.0
15/03/1986,0.0
16/03/1986,0.0
17/03/1986,0.0
18/03/1986,0.0
19/03/1986,0.0
20/03/1986,0.0
21/03/1986,0.0
22/03/1986,0.0
23/03/1986,0.0
24/03/1986,0.0
25/03/1986,0.0
26/03/1986,0.0
27/03/1986,0.0
28/03/1986,0.0
29/03/1986,0.0
30/03/1986,0.0
31/03/1986,0.0
01/04/1986,0.0
02/04/1986,0.0
03/04/1986,0.0
04/04/1986,0.0
05/04/1986,0.0
06/04/1986,0.0
07/04/1986,0.0
08/04/1986,5.0
09/04/1986,0.0
10/04/1986,0.0
11/04/1986,0.0
12/04/1986,0.0
13/04/1986,0.5
14/04/1986,0.0
15/04/1986,0.0
16/04/1986,11.0
17/04/1986,0.0
18/04/1986,7.5
19/04/1986,0.0
20/04/1986,8.0
21/04/1986,0.0
22/04/1986,0.0
23/04/1986,0.5
24/04/1986,0.0
25/04/1986,0.0
26/04/1986,0.0
27/04/1986,0.0
28/04/1986,0.0
29/04/1986,0.0
30/04/1986,0.0
01/05/1986,0.0
02/05/1986,0.0
03/05/1986,0.0
04/05/1986,0.0
05/05/1986,0.0
06/05/1986,2.5
07/05/1986,1.0
08/05/1986,0.0
09/05/1986,0.0
10/05/1986,0.0
11/05/1986,0.0
12/05/1986,0.0
13/05/1986,0.0
14/05/1986,0.0
15/05/1986,2.5
16/05/1986,17.2
17/05/1986,37.3
18/05/1986,0.5
19/05/1986,22.0
20/05/1986,1.0
21/05/1986,0.0
22/05/1986,0.0
23/05/1986,6.5
24/05/1986,6.0
25/05/1986,35.5
26/05/1986,3.0
27/05/1986,0.0
28/05/1986,0.0
29/05/1986,0.0
30/05/1986,0.0
31/05/1986,0.0
01/06/1986,0.0
02/06/1986,12.0
03/06/1986,0.0
04/06/1986,1.5
05/06/1986,1.5
06/06/1986,0.0
07/06/1986,0.0
08/06/1986,0.0
09/06/1986,0.0
10/06/1986,0.0
11/06/1986,2.0
12/06/1986,0.0
13/06/1986,0.0
14/06/1986,0.0
15/06/1986,12.0
16/06/1986,0.0
17/06/1986,0.0
18/06/1986,16.5
19/06/1986,0.0
20/06/1986,0.0
21/06/1986,0.0
22/06/1986,0.0
23/06/1986,0.0
24/06/1986,0.0
25/06/1986,0.0
26/06/1986,2.0
27/06/1986,0.0
28/06/1986,0.0
29/06/1986,0.0
30/06/1986,0.0
01/07/1986,0.0
02/07/1986,0.0
03/07/1986,48.5
04/07/1986,0.0
05/07/1986,0.0
06/07/1986,1.0
07/07/1986,0.0
08/07/1986,3.0
09/07/1986,0.0
10/07/1986,20.0
11/07/1986,21.8
12/07/1986,2.7
13/07/1986,0.0
14/07/1986,14.7
15/07/1986,2.3
16/07/1986,0.0
17/07/1986,0.0
18/07/1986,0.0
19/07/1986,0.0
20/07/1986,0.0
21/07/1986,0.0
22/07/1986,0.0
23/07/1986,0.0
24/07/1986,0.0
25/07/1986,0.0
26/07/1986,0.0
27/07/1986,0.0
28/07/1986,0.0
29/07/1986,0.0
30/07/1986,0.0
31/07/1986,0.0
01/08/1986,0.0
02/08/1986,0.0
03/08/1986,18.5
04/08/1986,2.5
05/08/1986,1.0
06/08/1986,0.0
07/08/1986,1.0
08/08/1986,0.0
09/08/1986,22.0
10/08/1986,0.0
11/08/1986,1.5
12/08/1986,0.0
13/08/1986,0.0
14/08/1986,0.0
15/08/1986,2.0
16/08/1986,4.5
17/08/1986,0.0
18/08/1986,0.0
19/08/1986,0.0
20/08/1986,0.0
21/08/1986,27.5
22/08/1986,0.5
23/08/1986,0.0
24/08/1986,0.0
25/08/1986,13.0
26/08/1986,0.5
27/08/1986,0.5
28/08/1986,8.0
29/08/1986,0.0
30/08/1986,0.0
31/08/1986,0.0
01/09/1986,0.0
02/09/1986,0.0
03/09/1986,0.0
04/09/1986,7.5
05/09/1986,4.5
06/09/1986,0.0
07/09/1986,1.5
08/09/1986,28.5
09/09/1986,6.0
10/09/1986,3.5
11/09/1986,0.0
12/09/1986,3.0
13/09/1986,0.0
14/09/1986,9.7
15/09/1986,45.8
16/09/1986,2.5
17/09/1986,0.0
18/09/1986,0.0
19/09/1986,21.5
20/09/1986,0.5
21/09/1986,0.0
22/09/1986,6.5
23/09/1986,0.0
24/09/1986,0.0
25/09/1986,0.0
26/09/1986,0.0
27/09/1986,14.5
28/09/1986,0.0
29/09/1986,6.7
30/09/1986,4.8
01/10/1986,28.5
02/10/1986,7.0
03/10/1986,0.5
04/10/1986,5.5
05/10/1986,7.0
06/10/1986,24.9
07/10/1986,14.6
08/10/1986,32.0
09/10/1986,0.5
10/10/1986,0.0
11/10/1986,1.0
12/10/1986,0.0
13/10/1986,0.0
14/10/1986,0.0
15/10/1986,0.0
16/10/1986,0.0
17/10/1986,0.0
18/10/1986,0.0
19/10/1986,4.0
20/10/1986,0.5
21/10/1986,0.0
22/10/1986,5.0
23/10/1986,1.5
24/10/1986,0.0
25/10/1986,1.5
26/10/1986,2.0
27/10/1986,1.5
28/10/1986,0.0
29/10/1986,0.0
30/10/1986,0.0
31/10/1986,8.6
01/11/1986,18.9
02/11/1986,4.0
03/11/1986,12.5
04/11/1986,4.5
05/11/1986,5.5
06/11/1986,1.5
07/11/1986,1.5
08/11/1986,12.8
09/11/1986,3.7
10/11/1986,0.0
11/11/1986,0.5
12/11/1986,0.0
13/11/1986,74.3
14/11/1986,0.7
15/11/1986,0.0
16/11/1986,0.0
17/11/1986,12.5
18/11/1986,0.0
19/11/1986,0.0
20/11/1986,1.1
21/11/1986,2.4
22/11/1986,79.5
23/11/1986,33.0
24/11/1986,0.0
25/11/1986,28.5
26/11/1986,122.5
27/11/1986,177.9
28/11/1986,253.9
29/11/1986,167.7
30/11/1986,375.8
01/12/1986,486.5
02/12/1986,42.7
03/12/1986,16.2
04/12/1986,8.3
05/12/1986,12.9
06/12/1986,19.9
07/12/1986,17.8
08/12/1986,17.8
09/12/1986,17.8
10/12/1986,17.8
11/12/1986,5.9
12/12/1986,0.0
13/12/1986,0.0
14/12/1986,0.0
15/12/1986,0.0
16/12/1986,5.5
17/12/1986,5.5
18/12/1986,1.5
19/12/1986,7.0
20/12/1986,0.0
21/12/1986,9.5
22/12/1986,2.0
23/12/1986,2.0
24/12/1986,0.0
25/12/1986,0.0
26/12/1986,0.0
27/12/1986,0.5
28/12/1986,0.0
29/12/1986,40.5
30/12/1986,0.0
31/12/1986,0.0
01/01/1987,0.0
02/01/1987,0.0
03/01/1987,0.0
04/01/1987,0.0
05/01/1987,0.5
06/01/1987,0.5
07/01/1987,3.5
08/01/1987,10.5
09/01/1987,6.0
10/01/1987,11.5
11/01/1987,3.0
12/01/1987,0.0
13/01/1987,1.0
14/01/1987,0.0
15/01/1987,0.0
16/01/1987,4.0
17/01/1987,0.0
18/01/1987,0.0
19/01/1987,0.0
20/01/1987,0.0
21/01/1987,2.5
22/01/1987,0.0
23/01/1987,0.0
24/01/1987,0.0
25/01/1987,2.0
26/01/1987,0.0
27/01/1987,1.5
28/01/1987,5.5
29/01/1987,0.0
30/01/1987,0.0
31/01/1987,0.0
01/02/1987,1.0
02/02/1987,1.5
03/02/1987,0.0
04/02/1987,0.0
05/02/1987,0.0
06/02/1987,0.0
07/02/1987,0.0
08/02/1987,0.0
09/02/1987,0.0
10/02/1987,0.0
11/02/1987,0.0
12/02/1987,0.0
13/02/1987,0.0
14/02/1987,0.0
15/02/1987,0.0
16/02/1987,0.0
17/02/1987,0.0
18/02/1987,0.0
19/02/1987,0.0
20/02/1987,0.0
21/02/1987,0.0
22/02/1987,0.0
23/02/1987,0.0
24/02/1987,0.0
25/02/1987,0.0
26/02/1987,0.0
27/02/1987,0.0
28/02/1987,0.0
01/03/1987,0.0
02/03/1987,3.5
03/03/1987,1.5
04/03/1987,0.0
05/03/1987,0.0
06/03/1987,0.5
07/03/1987,0.0
08/03/1987,0.0
09/03/1987,0.0
10/03/1987,0.0
11/03/1987,0.0
12/03/1987,0.0
13/03/1987,0.0
14/03/1987,0.0
15/03/1987,0.0
16/03/1987,0.0
17/03/1987,0.0
18/03/1987,0.0
19/03/1987,0.0
20/03/1987,0.0
21/03/1987,0.0
22/03/1987,0.0
23/03/1987,0.0
24/03/1987,0.0
25/03/1987,0.0
26/03/1987,2.0
27/03/1987,0.0
28/03/1987,8.5
29/03/1987,0.0
30/03/1987,20.0
31/03/1987,0.5
01/04/1987,2.0
02/04/1987,0.0
03/04/1987,0.0
04/04/1987,0.0
05/04/1987,0.0
06/04/1987,0.0
07/04/1987,0.0
08/04/1987,2.0
09/04/1987,2.5
10/04/1987,4.0
11/04/1987,0.0
12/04/1987,0.0
13/04/1987,0.0
14/04/1987,0.0
15/04/1987,0.0
16/04/1987,1.2
17/04/1987,1.9
18/04/1987,1.9
19/04/1987,1.9
20/04/1987,1.9
21/04/1987,1.9
22/04/1987,1.9
23/04/1987,0.6
24/04/1987,0.0
25/04/1987,0.0
26/04/1987,0.0
27/04/1987,3.0
28/04/1987,7.0
29/04/1987,0.0
30/04/1987,2.0
01/05/1987,3.0
02/05/1987,0.0
03/05/1987,4.0
04/05/1987,0.0
05/05/1987,0.0
06/05/1987,0.0
07/05/1987,0.0
08/05/1987,0.0
09/05/1987,0.0
10/05/1987,0.0
11/05/1987,0.0
12/05/1987,1.5
13/05/1987,0.0
14/05/1987,0.0
15/05/1987,0.0
16/05/1987,0.0
17/05/1987,0.0
18/05/1987,0.0
19/05/1987,0.0
20/05/1987,0.0
21/05/1987,0.0
22/05/1987,0.0
23/05/1987,0.0
24/05/1987,0.0
25/05/1987,0.0
26/05/1987,0.0
27/05/1987,0.0
28/05/1987,1.5
29/05/1987,0.0
30/05/1987,0.0
31/05/1987,0.0
01/06/1987,0.0
02/06/1987,0.0
03/06/1987,0.0
04/06/1987,2.0
05/06/1987,98.0
06/06/1987,0.0
07/06/1987,7.7
08/06/1987,18.3
09/06/1987,0.0
10/06/1987,0.0
11/06/1987,0.0
12/06/1987,35.5
13/06/1987,1.0
14/06/1987,0.5
15/06/1987,0.0
16/06/1987,0.0
17/06/1987,0.0
18/06/1987,0.0
19/06/1987,0.0
20/06/1987,47.0
21/06/1987,0.0
22/06/1987,0.0
23/06/1987,0.5
24/06/1987,0.0
25/06/1987,0.0
26/06/1987,0.0
27/06/1987,0.0
28/06/1987,0.5
29/06/1987,4.0
30/06/1987,0.5
01/07/1987,0.0
02/07/1987,3.5
03/07/1987,0.0
04/07/1987,0.0
05/07/1987,0.0
06/07/1987,0.0
07/07/1987,0.0
08/07/1987,0.0
09/07/1987,0.0
10/07/1987,0.0
11/07/1987,0.0
12/07/1987,0.0
13/07/1987,0.0
14/07/1987,0.0
15/07/1987,0.0
16/07/1987,5.0
17/07/1987,0.0
18/07/1987,1.0
19/07/1987,0.0
20/07/1987,0.0
21/07/1987,3.0
22/07/1987,0.0
23/07/1987,0.0
24/07/1987,18.5
25/07/1987,0.0
26/07/1987,0.0
27/07/1987,42.5
28/07/1987,0.0
29/07/1987,0.0
30/07/1987,0.0
31/07/1987,0.0
01/08/1987,0.0
02/08/1987,0.0
03/08/1987,13.0
04/08/1987,0.0
05/08/1987,0.0
06/08/1987,0.0
07/08/1987,0.0
08/08/1987,0.0
09/08/1987,9.0
10/08/1987,0.0
11/08/1987,1.0
12/08/1987,0.0
02/09/1987,6.3
03/09/1987,1.2
04/09/1987,0.0
05/09/1987,0.0
06/09/1987,0.0
07/09/1987,11.5
08/09/1987,1.0
09/09/1987,57.5
10/09/1987,6.5
11/09/1987,19.0
12/09/1987,14.5
13/09/1987,24.5
14/09/1987,0.0
15/09/1987,40.0
16/09/1987,13.0
17/09/1987,7.0
18/09/1987,0.0
19/09/1987,0.0
20/09/1987,0.0
21/09/1987,8.5
22/09/1987,1.0
23/09/1987,0.5
24/09/1987,1.5
25/09/1987,0.0
26/09/1987,1.5
27/09/1987,11.0
28/09/1987,6.0
29/09/1987,16.0
30/09/1987,11.0
01/10/1987,2.5
02/10/1987,12.5
03/10/1987,5.0
04/10/1987,0.0
05/10/1987,0.0
06/10/1987,0.0
07/10/1987,0.0
08/10/1987,2.0
09/10/1987,1.0
10/10/1987,114.5
11/10/1987,1.0
12/10/1987,0.0
13/10/1987,8.0
14/10/1987,0.0
15/10/1987,0.0
16/10/1987,10.0
17/10/1987,0.0
18/10/1987,0.0
19/10/1987,0.0
20/10/1987,0.0
21/10/1987,0.0
22/10/1987,0.0
23/10/1987,0.0
24/10/1987,0.0
25/10/1987,0.0
26/10/1987,1.0
27/10/1987,0.0
28/10/1987,2.0
29/10/1987,0.0
30/10/1987,0.0
31/10/1987,3.0
01/11/1987,6.0
02/11/1987,0.0
03/11/1987,10.5
04/11/1987,0.5
05/11/1987,3.0
06/11/1987,0.0
07/11/1987,0.0
08/11/1987,13.0
09/11/1987,58.5
10/11/1987,30.5
11/11/1987,45.0
12/11/1987,1.0
13/11/1987,0.0
14/11/1987,0.5
15/11/1987,0.0
16/11/1987,6.1
17/11/1987,14.4
18/11/1987,0.0
19/11/1987,0.0
20/11/1987,37.5
21/11/1987,0.0
22/11/1987,1.5
23/11/1987,0.0
24/11/1987,0.1
25/11/1987,3.9
26/11/1987,24.5
27/11/1987,0.0
28/11/1987,1.9
29/11/1987,3.1
30/11/1987,58.5
01/12/1987,296.0
02/12/1987,79.9
03/12/1987,40.4
04/12/1987,40.4
05/12/1987,40.4
06/12/1987,40.4
07/12/1987,40.4
08/12/1987,40.4
09/12/1987,40.4
10/12/1987,40.4
11/12/1987,40.4
12/12/1987,40.4
13/12/1987,40.4
14/12/1987,40.4
15/12/1987,13.5
16/12/1987,0.0
17/12/1987,1.0
18/12/1987,0.0
19/12/1987,0.0
20/12/1987,0.0
21/12/1987,2.5
22/12/1987,0.0
23/12/1987,1.0
24/12/1987,0.0
25/12/1987,0.8
26/12/1987,13.7
27/12/1987,1.0
28/12/1987,0.0
29/12/1987,0.0
30/12/1987,0.0
31/12/1987,3.5
01/01/1988,0.0
02/01/1988,0.0
03/01/1988,2.5
04/01/1988,3.0
05/01/1988,3.0
06/01/1988,0.0
07/01/1988,0.0
08/01/1988,0.0
09/01/1988,0.0
10/01/1988,0.0
11/01/1988,0.0
12/01/1988,2.0
13/01/1988,0.0
14/01/1988,2.0
15/01/1988,0.5
16/01/1988,0.0
17/01/1988,0.0
18/01/1988,0.0
19/01/1988,0.0
20/01/1988,0.0
21/01/1988,0.0
22/01/1988,0.0
23/01/1988,0.0
24/01/1988,0.0
25/01/1988,1.5
26/01/1988,19.0
27/01/1988,4.5
28/01/1988,2.0
29/01/1988,3.5
30/01/1988,0.5
31/01/1988,0.0
01/02/1988,2.0
02/02/1988,0.0
03/02/1988,1.0
04/02/1988,0.0
05/02/1988,11.5
06/02/1988,4.0
07/02/1988,0.0
08/02/1988,0.0
09/02/1988,0.0
10/02/1988,0.0
11/02/1988,0.0
12/02/1988,0.0
13/02/1988,0.0
14/02/1988,0.0
15/02/1988,0.0
16/02/1988,0.0
17/02/1988,0.0
18/02/1988,2.0
19/02/1988,8.0
20/02/1988,7.5
21/02/1988,15.0
22/02/1988,0.0
23/02/1988,5.0
24/02/1988,0.5
25/02/1988,2.0
26/02/1988,0.0
27/02/1988,0.0
28/02/1988,0.0
29/02/1988,0.0
01/03/1988,0.0
02/03/1988,0.0
03/03/1988,0.0
04/03/1988,0.0
05/03/1988,0.0
06/03/1988,118.0
07/03/1988,3.0
08/03/1988,0.5
09/03/1988,5.0
10/03/1988,0.0
11/03/1988,1.5
12/03/1988,0.0
13/03/1988,0.0
14/03/1988,0.0
15/03/1988,0.0
16/03/1988,0.0
17/03/1988,0.0
18/03/1988,0.0
19/03/1988,0.0
20/03/1988,1.5
21/03/1988,0.0
22/03/1988,9.0
23/03/1988,0.0
24/03/1988,0.0
25/03/1988,0.0
26/03/1988,0.0
27/03/1988,0.0
28/03/1988,0.0
29/03/1988,0.0
30/03/1988,0.0
31/03/1988,0.0
01/04/1988,0.0
02/04/1988,0.0
03/04/1988,0.0
04/04/1988,0.0
05/04/1988,0.0
06/04/1988,0.0
07/04/1988,0.0
08/04/1988,0.5
09/04/1988,7.5
10/04/1988,23.5
11/04/1988,15.5
12/04/1988,0.0
13/04/1988,0.0
14/04/1988,0.0
15/04/1988,28.0
16/04/1988,7.0
17/04/1988,0.0
18/04/1988,10.0
19/04/1988,0.5
20/04/1988,0.0
21/04/1988,0.0
22/04/1988,0.0
23/04/1988,0.0
24/04/1988,0.0
25/04/1988,0.0
26/04/1988,1.5
27/04/1988,0.0
28/04/1988,0.0
29/04/1988,0.0
30/04/1988,4.5
01/05/1988,7.0
02/05/1988,0.0
03/05/1988,94.0
04/05/1988,14.5
05/05/1988,0.0
06/05/1988,11.5
07/05/1988,8.5
08/05/1988,0.0
09/05/1988,0.0
10/05/1988,0.0
11/05/1988,0.0
12/05/1988,0.0
13/05/1988,0.5
14/05/1988,0.0
15/05/1988,1.0
16/05/1988,1.5
17/05/1988,4.5
18/05/1988,0.0
19/05/1988,25.0
20/05/1988,22.5
21/05/1988,7.0
22/05/1988,51.5
23/05/1988,21.5
24/05/1988,5.0
25/05/1988,0.0
26/05/1988,1.0
27/05/1988,0.5
28/05/1988,0.0
29/05/1988,0.0
30/05/1988,2.0
31/05/1988,0.0
01/06/1988,0.0
02/06/1988,0.0
03/06/1988,0.0
04/06/1988,0.0
05/06/1988,0.0
06/06/1988,0.0
07/06/1988,6.0
08/06/1988,0.0
09/06/1988,0.0
10/06/1988,0.0
11/06/1988,0.0
12/06/1988,0.0
13/06/1988,15.0
14/06/1988,0.5
15/06/1988,0.0
16/06/1988,0.0
17/06/1988,1.0
18/06/1988,0.0
19/06/1988,0.0
20/06/1988,0.0
21/06/1988,0.0
22/06/1988,2.5
23/06/1988,0.5
24/06/1988,0.0
25/06/1988,0.0
26/06/1988,0.0
27/06/1988,0.0
28/06/1988,0.0
29/06/1988,0.5
30/06/1988,0.0
01/07/1988,0.0
02/07/1988,0.0
03/07/1988,0.0
04/07/1988,0.0
05/07/1988,0.0
06/07/1988,0.0
07/07/1988,0.0
08/07/1988,0.0
09/07/1988,0.0
10/07/1988,0.0
11/07/1988,0.0
12/07/1988,10.0
13/07/1988,11.5
14/07/1988,0.0
15/07/1988,0.0
16/07/1988,0.0
17/07/1988,0.0
18/07/1988,0.0
19/07/1988,0.0
20/07/1988,0.0
21/07/1988,0.0
22/07/1988,10.5
23/07/1988,0.5
24/07/1988,0.0
25/07/1988,0.0
26/07/1988,5.0
27/07/1988,1.5
28/07/1988,14.0
29/07/1988,0.0
30/07/1988,0.0
31/07/1988,0.0
01/08/1988,6.0
02/08/1988,0.0
03/08/1988,0.0
04/08/1988,0.0
05/08/1988,21.5
06/08/1988,0.0
07/08/1988,0.0
08/08/1988,0.0
09/08/1988,0.0
10/08/1988,0.0
11/08/1988,0.0
12/08/1988,1.5
13/08/1988,0.0
14/08/1988,0.0
15/08/1988,0.0
16/08/1988,0.0
17/08/1988,8.0
18/08/1988,1.0
19/08/1988,0.0
20/08/1988,0.0
21/08/1988,0.0
22/08/1988,0.0
23/08/1988,0.5
24/08/1988,0.7
25/08/1988,1.8
26/08/1988,0.0
27/08/1988,0.0
28/08/1988,0.0
29/08/1988,0.0
30/08/1988,0.0
31/08/1988,0.0
01/09/1988,0.0
02/09/1988,1.5
03/09/1988,0.5
04/09/1988,0.5
05/09/1988,0.0
06/09/1988,18.5
07/09/1988,1.5
08/09/1988,0.0
09/09/1988,0.0
10/09/1988,0.0
11/09/1988,0.0
12/09/1988,0.0
13/09/1988,2.0
14/09/1988,0.0
15/09/1988,14.0
16/09/1988,0.2
17/09/1988,9.8
18/09/1988,0.0
19/09/1988,0.0
20/09/1988,0.9
21/09/1988,7.1
22/09/1988,36.5
23/09/1988,0.0
24/09/1988,2.5
25/09/1988,0.5
26/09/1988,0.5
27/09/1988,10.0
28/09/1988,0.0
29/09/1988,33.4
30/09/1988,16.6
01/10/1988,0.5
02/10/1988,2.5
03/10/1988,3.5
04/10/1988,0.5
05/10/1988,0.0
06/10/1988,4.0
07/10/1988,0.0
08/10/1988,0.0
09/10/1988,0.0
10/10/1988,0.0
11/10/1988,0.0
12/10/1988,0.0
13/10/1988,6.5
14/10/1988,0.0
15/10/1988,0.0
16/10/1988,2.0
17/10/1988,26.5
18/10/1988,9.0
19/10/1988,2.0
20/10/1988,2.5
21/10/1988,0.5
22/10/1988,0.0
23/10/1988,0.0
24/10/1988,0.0
25/10/1988,30.0
26/10/1988,6.5
27/10/1988,0.5
28/10/1988,0.5
29/10/1988,0.0
30/10/1988,0.0
31/10/1988,63.0
01/11/1988,38.5
02/11/1988,48.5
03/11/1988,176.6
04/11/1988,392.4
05/11/1988,111.0
06/11/1988,0.0
07/11/1988,0.0
08/11/1988,0.0
09/11/1988,0.0
10/11/1988,0.0
11/11/1988,34.5
12/11/1988,8.0
13/11/1988,29.0
14/11/1988,25.0
15/11/1988,5.5
16/11/1988,4.5
17/11/1988,28.0
18/11/1988,4.0
19/11/1988,158.5
20/11/1988,54.8
21/11/1988,16.7
22/11/1988,0.5
23/11/1988,41.5
24/11/1988,8.0
25/11/1988,0.0
26/11/1988,0.0
27/11/1988,30.5
28/11/1988,3.5
29/11/1988,54.3
30/11/1988,161.6
01/12/1988,220.1
02/12/1988,138.0
03/12/1988,0.0
04/12/1988,0.0
05/12/1988,46.0
06/12/1988,2.5
07/12/1988,4.5
08/12/1988,0.0
09/12/1988,0.0
10/12/1988,0.0
11/12/1988,1.0
12/12/1988,0.0
13/12/1988,2.5
14/12/1988,0.5
15/12/1988,25.5
16/12/1988,36.0
17/12/1988,29.5
18/12/1988,1.0
19/12/1988,22.5
20/12/1988,2.5
21/12/1988,0.0
22/12/1988,2.0
23/12/1988,0.0
24/12/1988,0.0
25/12/1988,0.0
26/12/1988,0.0
27/12/1988,0.5
28/12/1988,0.0
29/12/1988,0.0
30/12/1988,0.0
31/12/1988,17.0
01/01/1989,0.5
02/01/1989,1.5
03/01/1989,2.0
04/01/1989,3.9
05/01/1989,0.6
06/01/1989,4.0
07/01/1989,4.0
08/01/1989,1.0
09/01/1989,0.0
10/01/1989,27.0
11/01/1989,7.0
12/01/1989,1.0
13/01/1989,0.0
14/01/1989,13.0
15/01/1989,1.5
16/01/1989,4.0
17/01/1989,1.0
18/01/1989,1.0
19/01/1989,0.0
20/01/1989,0.0
21/01/1989,1.5
22/01/1989,7.1
23/01/1989,15.4
24/01/1989,0.0
25/01/1989,0.0
26/01/1989,0.0
27/01/1989,0.0
28/01/1989,0.0
29/01/1989,0.0
30/01/1989,4.0
31/01/1989,30.5
01/02/1989,6.0
02/02/1989,0.0
03/02/1989,0.0
04/02/1989,0.0
05/02/1989,0.0
06/02/1989,0.0
07/02/1989,0.0
08/02/1989,0.0
09/02/1989,0.0
10/02/1989,0.0
11/02/1989,0.0
12/02/1989,0.0
13/02/1989,0.0
14/02/1989,0.0
15/02/1989,0.0
16/02/1989,0.0
17/02/1989,0.0
18/02/1989,0.0
19/02/1989,0.0
20/02/1989,0.0
21/02/1989,0.0
22/02/1989,0.0
23/02/1989,0.0
24/02/1989,0.0
25/02/1989,0.0
26/02/1989,0.0
27/02/1989,0.0
28/02/1989,0.0
01/03/1989,6.4
02/03/1989,9.6
03/03/1989,9.6
04/03/1989,9.6
05/03/1989,9.6
06/03/1989,9.6
07/03/1989,9.6
08/03/1989,9.6
09/03/1989,3.2
10/03/1989,0.0
11/03/1989,0.0
12/03/1989,0.0
13/03/1989,0.0
14/03/1989,0.0
15/03/1989,0.0
16/03/1989,0.0
17/03/1989,0.0
18/03/1989,0.0
19/03/1989,0.0
20/03/1989,0.0
21/03/1989,0.0
22/03/1989,1.6
23/03/1989,2.4
24/03/1989,2.4
25/03/1989,2.4
26/03/1989,2.4
27/03/1989,2.4
28/03/1989,2.4
29/03/1989,2.4
30/03/1989,0.8
31/03/1989,0.0
01/04/1989,0.0
02/04/1989,16.5
03/04/1989,0.0
04/04/1989,0.0
05/04/1989,0.0
06/04/1989,0.0
07/04/1989,0.0
08/04/1989,0.0
09/04/1989,0.0
10/04/1989,16.5
11/04/1989,0.0
12/04/1989,16.5
13/04/1989,3.5
14/04/1989,27.5
15/04/1989,0.0
16/04/1989,43.0
17/04/1989,0.0
18/04/1989,0.0
19/04/1989,0.0
20/04/1989,0.0
21/04/1989,0.0
22/04/1989,1.0
23/04/1989,0.5
24/04/1989,0.0
25/04/1989,0.0
26/04/1989,0.0
27/04/1989,0.0
28/04/1989,0.0
29/04/1989,0.0
30/04/1989,0.0
01/05/1989,0.0
02/05/1989,0.0
03/05/1989,7.0
04/05/1989,0.0
05/05/1989,28.0
06/05/1989,0.0
07/05/1989,0.5
08/05/1989,0.0
09/05/1989,0.0
10/05/1989,0.0
11/05/1989,0.0
12/05/1989,0.0
13/05/1989,0.0
14/05/1989,0.0
15/05/1989,0.0
16/05/1989,0.0
17/05/1989,2.5
18/05/1989,16.0
19/05/1989,0.0
20/05/1989,20.5
21/05/1989,1.0
22/05/1989,0.0
23/05/1989,6.5
24/05/1989,13.5
25/05/1989,0.5
26/05/1989,0.5
27/05/1989,0.0
28/05/1989,0.0
29/05/1989,0.0
30/05/1989,0.0
31/05/1989,0.0
01/06/1989,3.3
02/06/1989,1.7
03/06/1989,0.0
04/06/1989,0.0
05/06/1989,0.0
06/06/1989,0.0
07/06/1989,0.0
08/06/1989,0.0
09/06/1989,0.0
10/06/1989,0.5
11/06/1989,0.0
12/06/1989,0.0
13/06/1989,3.6
14/06/1989,5.3
15/06/1989,5.3
16/06/1989,5.3
17/06/1989,5.3
18/06/1989,5.3
19/06/1989,5.3
20/06/1989,5.3
21/06/1989,5.3
22/06/1989,1.8
23/06/1989,84.0
24/06/1989,0.0
25/06/1989,17.5
26/06/1989,0.0
27/06/1989,0.0
28/06/1989,0.0
29/06/1989,0.0
30/06/1989,0.0
01/07/1989,0.0
02/07/1989,5.0
03/07/1989,0.0
04/07/1989,0.0
05/07/1989,0.0
06/07/1989,10.6
07/07/1989,15.9
08/07/1989,15.9
09/07/1989,15.9
10/07/1989,15.9
11/07/1989,15.9
12/07/1989,15.9
13/07/1989,5.3
14/07/1989,0.0
15/07/1989,60.0
16/07/1989,1.5
17/07/1989,0.0
18/07/1989,10.5
19/07/1989,106.0
20/07/1989,0.0
21/07/1989,0.0
22/07/1989,0.0
23/07/1989,0.0
24/07/1989,0.0
25/07/1989,0.0
26/07/1989,0.0
27/07/1989,0.0
28/07/1989,0.0
29/07/1989,4.5
30/07/1989,0.0
31/07/1989,0.0
01/08/1989,0.0
02/08/1989,0.0
03/08/1989,9.5
04/08/1989,11.5
05/08/1989,0.5
06/08/1989,0.0
07/08/1989,7.5
08/08/1989,7.0
09/08/1989,11.5
10/08/1989,4.0
11/08/1989,0.0
12/08/1989,0.0
13/08/1989,0.0
14/08/1989,0.0
15/08/1989,2.0
16/08/1989,0.0
17/08/1989,2.3
18/08/1989,22.7
19/08/1989,0.0
20/08/1989,41.0
21/08/1989,11.0
22/08/1989,0.0
23/08/1989,0.0
24/08/1989,0.0
25/08/1989,7.0
26/08/1989,0.0
27/08/1989,21.0
28/08/1989,38.0
29/08/1989,20.0
30/08/1989,0.0
31/08/1989,0.0
01/09/1989,0.0
02/09/1989,7.0
03/09/1989,0.0
04/09/1989,0.0
05/09/1989,0.0
06/09/1989,0.0
07/09/1989,0.0
08/09/1989,3.0
09/09/1989,3.5
10/09/1989,0.5
11/09/1989,0.0
12/09/1989,11.0
13/09/1989,19.0
14/09/1989,2.5
15/09/1989,12.5
16/09/1989,0.0
17/09/1989,0.0
18/09/1989,0.0
22/09/1989,6.7
23/09/1989,2.3
24/09/1989,0.0
25/09/1989,7.3
26/09/1989,0.5
27/09/1989,0.2
28/09/1989,1.0
29/09/1989,0.0
30/09/1989,15.5
01/10/1989,3.5
02/10/1989,7.5
03/10/1989,4.0
04/10/1989,0.0
05/10/1989,25.0
06/10/1989,2.5
07/10/1989,12.5
08/10/1989,40.5
09/10/1989,0.0
10/10/1989,4.5
11/10/1989,4.0
12/10/1989,10.0
13/10/1989,19.5
14/10/1989,1.5
15/10/1989,30.0
16/10/1989,9.5
17/10/1989,0.0
18/10/1989,0.0
19/10/1989,39.5
20/10/1989,1.5
21/10/1989,2.5
22/10/1989,9.0
23/10/1989,1.0
24/10/1989,0.0
25/10/1989,0.0
26/10/1989,0.0
27/10/1989,10.5
28/10/1989,8.0
29/10/1989,26.5
30/10/1989,18.0
31/10/1989,32.0
01/11/1989,16.5
02/11/1989,27.5
03/11/1989,7.0
04/11/1989,3.5
05/11/1989,8.5
06/11/1989,0.0
07/11/1989,1.0
08/11/1989,21.5
09/11/1989,16.0
10/11/1989,0.0
11/11/1989,0.8
12/11/1989,47.7
15/11/1989,32.5
16/11/1989,8.5
17/11/1989,137.5
18/11/1989,90.5
19/11/1989,0.5
20/11/1989,0.0
21/11/1989,1.0
22/11/1989,0.0
23/11/1989,25.5
24/11/1989,0.5
25/11/1989,0.0
26/11/1989,0.0
27/11/1989,0.0
28/11/1989,0.0
29/11/1989,0.0
30/11/1989,0.0
01/12/1989,1.7
02/12/1989,2.5
03/12/1989,2.5
04/12/1989,2.5
05/12/1989,2.5
06/12/1989,2.5
07/12/1989,2.5
08/12/1989,2.5
09/12/1989,2.5
10/12/1989,2.5
11/12/1989,2.5
12/12/1989,2.5
13/12/1989,1.3
14/12/1989,2.0
15/12/1989,0.0
16/12/1989,0.0
17/12/1989,0.0
18/12/1989,0.0
19/12/1989,0.0
20/12/1989,0.0
21/12/1989,0.0
22/12/1989,12.5
23/12/1989,1.5
24/12/1989,45.5
25/12/1989,1.5
26/12/1989,0.0
27/12/1989,0.0
28/12/1989,1.0
29/12/1989,0.0
30/12/1989,5.5
31/12/1989,0.5
01/01/1990,0.0
02/01/1990,0.0
03/01/1990,5.6
04/01/1990,8.4
05/01/1990,8.4
06/01/1990,8.4
07/01/1990,8.4
08/01/1990,8.4
09/01/1990,8.4
10/01/1990,8.4
11/01/1990,2.8
12/01/1990,11.0
13/01/1990,0.0
14/01/1990,3.0
15/01/1990,0.0
16/01/1990,0.0
17/01/1990,5.5
18/01/1990,0.0
19/01/1990,0.0
20/01/1990,0.0
21/01/1990,4.5
22/01/1990,5.0
23/01/1990,0.0
24/01/1990,0.0
25/01/1990,0.0
26/01/1990,0.0
27/01/1990,0.0
28/01/1990,0.0
29/01/1990,0.0
30/01/1990,0.0
31/01/1990,5.0
01/02/1990,0.0
02/02/1990,4.5
03/02/1990,0.0
04/02/1990,0.0
05/02/1990,0.5
06/02/1990,1.0
07/02/1990,2.0
08/02/1990,0.0
09/02/1990,0.0
10/02/1990,0.0
11/02/1990,0.0
12/02/1990,0.0
13/02/1990,0.0
14/02/1990,0.0
15/02/1990,0.0
16/02/1990,0.0
17/02/1990,0.0
18/02/1990,0.0
19/02/1990,0.0
20/02/1990,0.0
21/02/1990,0.0
22/02/1990,0.0
23/02/1990,0.0
24/02/1990,0.0
25/02/1990,0.0
26/02/1990,0.0
27/02/1990,0.0
28/02/1990,0.0
01/03/1990,0.0
02/03/1990,0.0
03/03/1990,0.0
04/03/1990,0.0
05/03/1990,0.0
06/03/1990,0.0
07/03/1990,29.0
08/03/1990,4.0
09/03/1990,0.0
10/03/1990,0.0
11/03/1990,0.0
12/03/1990,0.0
13/03/1990,0.0
14/03/1990,0.0
15/03/1990,4.5
16/03/1990,19.5
17/03/1990,9.5
18/03/1990,0.0
19/03/1990,0.0
20/03/1990,0.0
21/03/1990,0.0
22/03/1990,0.0
23/03/1990,11.0
24/03/1990,0.0
25/03/1990,0.0
26/03/1990,0.0
27/03/1990,0.0
28/03/1990,0.0
29/03/1990,57.0
30/03/1990,0.0
31/03/1990,0.0
01/04/1990,0.0
02/04/1990,0.0
03/04/1990,0.0
04/04/1990,2.5
05/04/1990,0.0
06/04/1990,56.5
07/04/1990,90.0
08/04/1990,0.0
09/04/1990,1.0
10/04/1990,0.0
11/04/1990,0.0
12/04/1990,0.0
13/04/1990,0.0
14/04/1990,0.0
15/04/1990,0.0
16/04/1990,0.0
17/04/1990,1.0
18/04/1990,0.0
19/04/1990,0.0
20/04/1990,0.0
21/04/1990,0.0
22/04/1990,0.0
23/04/1990,0.0
24/04/1990,0.0
25/04/1990,0.0
26/04/1990,0.0
27/04/1990,0.0
28/04/1990,0.0
29/04/1990,0.0
30/04/1990,7.5
01/05/1990,10.1
02/05/1990,9.4
03/05/1990,0.0
04/05/1990,0.0
05/05/1990,0.0
06/05/1990,0.0
07/05/1990,0.0
08/05/1990,0.0
09/05/1990,0.0
10/05/1990,0.0
11/05/1990,0.0
12/05/1990,0.0
13/05/1990,0.0
14/05/1990,0.0
15/05/1990,0.0
16/05/1990,0.0
17/05/1990,0.0
18/05/1990,0.0
19/05/1990,0.0
20/05/1990,0.0
21/05/1990,0.0
22/05/1990,0.0
23/05/1990,0.0
24/05/1990,20.5
25/05/1990,0.0
26/05/1990,41.5
27/05/1990,0.0
28/05/1990,0.0
29/05/1990,19.0
30/05/1990,0.0
31/05/1990,35.5
01/06/1990,4.5
02/06/1990,0.0
03/06/1990,0.0
04/06/1990,0.0
05/06/1990,2.0
06/06/1990,0.0
07/06/1990,0.0
08/06/1990,16.0
09/06/1990,0.0
10/06/1990,0.0
11/06/1990,0.0
12/06/1990,0.0
13/06/1990,4.5
14/06/1990,16.5
15/06/1990,0.0
16/06/1990,0.0
17/06/1990,0.0
18/06/1990,0.0
19/06/1990,16.5
20/06/1990,2.0
21/06/1990,0.0
22/06/1990,0.0
23/06/1990,0.0
24/06/1990,0.0
25/06/1990,3.0
26/06/1990,4.5
27/06/1990,0.5
28/06/1990,0.0
29/06/1990,0.0
30/06/1990,0.0
01/07/1990,0.0
02/07/1990,0.0
03/07/1990,0.0
04/07/1990,0.0
05/07/1990,0.0
06/07/1990,0.0
07/07/1990,4.0
08/07/1990,0.0
09/07/1990,0.0
10/07/1990,0.5
11/07/1990,0.0
12/07/1990,0.0
13/07/1990,0.0
14/07/1990,3.0
15/07/1990,0.0
16/07/1990,0.5
17/07/1990,0.0
18/07/1990,10.0
19/07/1990,0.0
20/07/1990,10.0
21/07/1990,16.5
22/07/1990,0.0
23/07/1990,0.0
24/07/1990,0.0
25/07/1990,0.0
26/07/1990,0.0
27/07/1990,0.0
28/07/1990,4.0
29/07/1990,0.5
30/07/1990,0.0
31/07/1990,0.0
01/08/1990,3.0
02/08/1990,28.0
03/08/1990,0.0
04/08/1990,0.0
05/08/1990,0.0
06/08/1990,0.0
07/08/1990,0.0
08/08/1990,0.0
09/08/1990,1.5
10/08/1990,0.0
11/08/1990,0.0
12/08/1990,0.0
13/08/1990,4.5
14/08/1990,0.0
15/08/1990,0.0
16/08/1990,4.5
17/08/1990,0.0
18/08/1990,0.0
19/08/1990,0.0
20/08/1990,0.0
21/08/1990,0.0
22/08/1990,0.0
23/08/1990,0.0
24/08/1990,0.0
25/08/1990,0.0
26/08/1990,0.0
27/08/1990,0.0
28/08/1990,12.5
29/08/1990,16.0
30/08/1990,12.5
31/08/1990,0.5
01/09/1990,0.0
02/09/1990,0.0
03/09/1990,1.5
04/09/1990,23.7
05/09/1990,0.8
06/09/1990,0.0
07/09/1990,4.5
08/09/1990,0.0
09/09/1990,0.0
10/09/1990,0.0
11/09/1990,0.0
12/09/1990,0.0
13/09/1990,0.0
14/09/1990,0.0
15/09/1990,0.0
16/09/1990,0.5
17/09/1990,29.0
18/09/1990,0.5
19/09/1990,2.0
20/09/1990,0.0
21/09/1990,0.0
22/09/1990,16.3
23/09/1990,30.7
24/09/1990,0.0
25/09/1990,0.0
26/09/1990,0.0
27/09/1990,0.0
28/09/1990,0.0
29/09/1990,23.0
30/09/1990,4.5
01/10/1990,4.0
02/10/1990,4.0
03/10/1990,0.0
04/10/1990,12.0
05/10/1990,0.0
06/10/1990,0.0
07/10/1990,0.0
08/10/1990,0.0
09/10/1990,0.0
10/10/1990,0.0
11/10/1990,24.0
12/10/1990,0.0
13/10/1990,2.0
14/10/1990,42.0
15/10/1990,0.0
16/10/1990,8.0
17/10/1990,0.0
18/10/1990,5.9
19/10/1990,8.8
20/10/1990,8.8
21/10/1990,8.8
22/10/1990,8.8
23/10/1990,8.8
24/10/1990,8.8
25/10/1990,8.8
26/10/1990,8.8
27/10/1990,8.8
28/10/1990,8.8
29/10/1990,8.8
30/10/1990,8.8
31/10/1990,8.8
01/11/1990,2.9
02/11/1990,1.5
03/11/1990,0.0
04/11/1990,0.0
05/11/1990,0.0
06/11/1990,0.0
07/11/1990,0.0
08/11/1990,16.2
09/11/1990,52.8
10/11/1990,0.0
11/11/1990,2.5
12/11/1990,9.5
13/11/1990,0.0
14/11/1990,1.0
15/11/1990,3.0
16/11/1990,0.0
17/11/1990,7.5
18/11/1990,23.5
19/11/1990,0.0
20/11/1990,4.0
21/11/1990,11.5
22/11/1990,1.5
23/11/1990,57.5
24/11/1990,9.0
25/11/1990,8.0
26/11/1990,91.5
27/11/1990,2.0
28/11/1990,0.0
29/11/1990,5.0
30/11/1990,0.0
01/12/1990,0.0
02/12/1990,1.0
03/12/1990,2.5
04/12/1990,13.5
05/12/1990,0.0
06/12/1990,0.0
07/12/1990,12.5
08/12/1990,11.5
09/12/1990,0.0
10/12/1990,0.0
11/12/1990,24.0
12/12/1990,34.5
13/12/1990,0.0
14/12/1990,5.5
15/12/1990,1.0
16/12/1990,1.5
17/12/1990,19.0
18/12/1990,0.5
19/12/1990,0.0
20/12/1990,1.5
21/12/1990,0.6
22/12/1990,0.4
23/12/1990,0.0
24/12/1990,0.0
25/12/1990,0.0
26/12/1990,0.0
27/12/1990,0.0
28/12/1990,0.5
29/12/1990,0.0
30/12/1990,1.0
31/12/1990,0.0
01/01/1991,0.5
02/01/1991,11.5
03/01/1991,0.0
04/01/1991,1.5
05/01/1991,0.5
06/01/1991,0.0
07/01/1991,0.0
08/01/1991,0.5
09/01/1991,9.5
10/01/1991,0.0
11/01/1991,0.0
12/01/1991,0.0
13/01/1991,39.5
14/01/1991,6.0
15/01/1991,0.5
16/01/1991,2.0
17/01/1991,3.0
18/01/1991,0.0
19/01/1991,0.0
20/01/1991,0.0
21/01/1991,0.0
22/01/1991,68.0
23/01/1991,0.0
24/01/1991,38.4
25/01/1991,14.1
26/01/1991,82.5
27/01/1991,51.5
28/01/1991,1.5
29/01/1991,0.0
30/01/1991,9.0
31/01/1991,0.0
01/02/1991,1.0
02/02/1991,1.5
03/02/1991,0.5
04/02/1991,0.0
05/02/1991,0.0
06/02/1991,3.0
07/02/1991,0.0
08/02/1991,0.0
09/02/1991,0.0
10/02/1991,0.0
11/02/1991,0.0
12/02/1991,0.0
13/02/1991,0.0
14/02/1991,0.0
15/02/1991,0.0
16/02/1991,0.0
17/02/1991,0.0
18/02/1991,0.0
19/02/1991,0.0
20/02/1991,0.0
21/02/1991,0.4
22/02/1991,1.1
23/02/1991,1.0
24/02/1991,0.0
25/02/1991,1.0
26/02/1991,7.0
27/02/1991,1.5
28/02/1991,0.0
01/03/1991,13.5
02/03/1991,0.0
03/03/1991,0.0
04/03/1991,0.0
05/03/1991,0.0
06/03/1991,0.0
07/03/1991,0.0
08/03/1991,0.0
09/03/1991,0.0
10/03/1991,0.0
11/03/1991,0.0
12/03/1991,0.0
13/03/1991,0.0
14/03/1991,0.0
15/03/1991,0.0
16/03/1991,0.0
17/03/1991,0.0
18/03/1991,10.0
19/03/1991,0.5
20/03/1991,1.0
21/03/1991,7.5
22/03/1991,0.0
23/03/1991,0.0
24/03/1991,0.0
25/03/1991,0.0
26/03/1991,20.5
27/03/1991,0.0
28/03/1991,4.0
29/03/1991,0.0
30/03/1991,0.0
31/03/1991,0.0
01/04/1991,0.0
02/04/1991,14.0
03/04/1991,4.5
04/04/1991,63.0
05/04/1991,0.0
06/04/1991,0.0
07/04/1991,0.0
08/04/1991,0.0
09/04/1991,0.0
10/04/1991,0.0
11/04/1991,0.0
12/04/1991,0.0
13/04/1991,0.0
14/04/1991,0.0
15/04/1991,0.0
16/04/1991,0.0
17/04/1991,0.0
18/04/1991,0.0
19/04/1991,0.0
20/04/1991,0.0
21/04/1991,0.0
22/04/1991,1.0
23/04/1991,4.0
24/04/1991,0.5
25/04/1991,1.0
26/04/1991,0.0
27/04/1991,0.1
28/04/1991,0.4
29/04/1991,0.0
30/04/1991,0.0
01/05/1991,0.0
02/05/1991,0.0
03/05/1991,0.0
04/05/1991,0.0
05/05/1991,0.0
06/05/1991,6.5
07/05/1991,12.0
08/05/1991,0.0
09/05/1991,2.5
10/05/1991,16.5
11/05/1991,0.0
12/05/1991,0.0
13/05/1991,0.0
14/05/1991,0.0
15/05/1991,0.0
16/05/1991,0.0
17/05/1991,0.0
18/05/1991,0.0
19/05/1991,4.9
20/05/1991,0.1
21/05/1991,11.0
22/05/1991,0.0
23/05/1991,14.5
24/05/1991,15.5
25/05/1991,0.0
26/05/1991,0.0
27/05/1991,0.0
28/05/1991,3.9
29/05/1991,6.6
30/05/1991,1.0
31/05/1991,62.5
01/06/1991,0.0
02/06/1991,10.0
03/06/1991,21.1
04/06/1991,31.9
05/06/1991,10.5
06/06/1991,0.0
07/06/1991,0.5
08/06/1991,18.5
09/06/1991,0.0
10/06/1991,0.0
11/06/1991,0.0
12/06/1991,0.0
13/06/1991,0.0
14/06/1991,0.0
15/06/1991,0.0
16/06/1991,0.0
17/06/1991,3.5
18/06/1991,0.0
19/06/1991,0.5
20/06/1991,0.0
21/06/1991,0.0
22/06/1991,0.0
23/06/1991,8.5
24/06/1991,0.0
25/06/1991,0.0
26/06/1991,0.0
27/06/1991,0.0
28/06/1991,0.0
29/06/1991,0.0
30/06/1991,0.0
01/07/1991,0.0
02/07/1991,0.0
03/07/1991,0.0
04/07/1991,0.0
05/07/1991,0.0
06/07/1991,0.0
07/07/1991,21.0
08/07/1991,0.0
09/07/1991,0.0
10/07/1991,4.5
11/07/1991,0.0
12/07/1991,0.0
13/07/1991,0.0
14/07/1991,0.0
15/07/1991,0.0
16/07/1991,0.0
17/07/1991,0.0
18/07/1991,0.0
19/07/1991,15.5
20/07/1991,3.0
21/07/1991,0.0
22/07/1991,0.0
23/07/1991,0.0
24/07/1991,0.0
25/07/1991,4.0
26/07/1991,7.5
27/07/1991,0.0
28/07/1991,0.0
29/07/1991,0.0
30/07/1991,10.5
31/07/1991,0.0
01/08/1991,1.0
02/08/1991,5.0
03/08/1991,0.0
04/08/1991,8.0
05/08/1991,2.0
06/08/1991,35.5
07/08/1991,1.5
08/08/1991,0.0
09/08/1991,0.0
10/08/1991,21.5
11/08/1991,0.0
12/08/1991,0.0
13/08/1991,0.0
14/08/1991,0.0
15/08/1991,0.0
16/08/1991,0.0
17/08/1991,0.0
18/08/1991,0.5
19/08/1991,32.0
20/08/1991,0.0
21/08/1991,0.0
22/08/1991,1.5
23/08/1991,1.5
24/08/1991,0.0
25/08/1991,0.0
26/08/1991,0.0
27/08/1991,20.5
28/08/1991,0.5
29/08/1991,16.0
30/08/1991,9.5
31/08/1991,0.0
01/09/1991,0.5
02/09/1991,0.0
03/09/1991,0.0
04/09/1991,0.0
05/09/1991,0.0
06/09/1991,0.0
07/09/1991,1.0
08/09/1991,0.0
09/09/1991,35.7
10/09/1991,15.8
11/09/1991,0.0
12/09/1991,23.0
13/09/1991,21.0
14/09/1991,0.0
15/09/1991,3.5
16/09/1991,10.0
17/09/1991,19.0
18/09/1991,0.5
19/09/1991,5.5
20/09/1991,0.0
21/09/1991,0.0
22/09/1991,0.0
23/09/1991,0.0
24/09/1991,52.2
25/09/1991,16.3
18/10/1991,0.0
19/10/1991,0.5
20/10/1991,2.5
21/10/1991,0.0
22/10/1991,0.0
23/10/1991,6.5
24/10/1991,0.0
25/10/1991,0.0
26/10/1991,0.5
27/10/1991,5.0
28/10/1991,8.0
29/10/1991,11.0
30/10/1991,0.0
31/10/1991,23.0
01/11/1991,17.5
02/11/1991,30.0
03/11/1991,1.0
04/11/1991,29.5
05/11/1991,19.0
06/11/1991,39.5
07/11/1991,1.0
08/11/1991,8.5
09/11/1991,0.0
10/11/1991,18.5
11/11/1991,16.0
12/11/1991,145.1
13/11/1991,52.9
14/11/1991,0.0
15/11/1991,1.0
16/11/1991,0.0
17/11/1991,85.5
18/11/1991,118.0
19/11/1991,36.5
20/11/1991,3.0
21/11/1991,11.0
22/11/1991,0.5
23/11/1991,85.3
24/11/1991,96.7
25/11/1991,4.5
26/11/1991,0.0
27/11/1991,0.5
28/11/1991,7.0
29/11/1991,0.5
30/11/1991,3.0
01/12/1991,0.0
02/12/1991,0.5
03/12/1991,1.5
04/12/1991,4.0
05/12/1991,0.0
06/12/1991,8.0
07/12/1991,2.6
08/12/1991,0.4
09/12/1991,71.4
10/12/1991,11.1
11/12/1991,108.4
12/12/1991,178.6
13/12/1991,4.0
14/12/1991,2.0
15/12/1991,0.5
16/12/1991,0.5
17/12/1991,3.0
18/12/1991,2.0
19/12/1991,10.5
20/12/1991,0.5
21/12/1991,0.0
24/12/1991,11.0
25/12/1991,40.5
26/12/1991,0.0
27/12/1991,0.0
28/12/1991,12.0
29/12/1991,47.7
30/12/1991,14.8
31/12/1991,174.5
01/01/1992,0.5
02/01/1992,0.0
03/01/1992,0.0
04/01/1992,0.5
05/01/1992,21.0
06/01/1992,0.0
07/01/1992,0.0
08/01/1992,0.0
09/01/1992,0.0
10/01/1992,0.0
11/01/1992,0.0
12/01/1992,1.5
13/01/1992,0.0
14/01/1992,6.5
15/01/1992,5.5
16/01/1992,7.5
17/01/1992,0.0
18/01/1992,0.0
19/01/1992,1.0
20/01/1992,0.0
21/01/1992,0.0
22/01/1992,12.5
23/01/1992,0.0
24/01/1992,0.0
25/01/1992,0.0
26/01/1992,0.0
27/01/1992,0.0
28/01/1992,0.0
29/01/1992,0.0
30/01/1992,0.0
31/01/1992,0.0
01/02/1992,0.0
02/02/1992,0.0
03/02/1992,0.0
04/02/1992,0.0
05/02/1992,0.0
06/02/1992,0.0
07/02/1992,0.0
08/02/1992,0.0
09/02/1992,0.0
10/02/1992,0.0
11/02/1992,2.0
12/02/1992,0.0
13/02/1992,0.0
14/02/1992,0.0
15/02/1992,0.0
16/02/1992,0.0
17/02/1992,0.0
18/02/1992,0.0
19/02/1992,0.0
20/02/1992,0.0
21/02/1992,2.1
22/02/1992,1.4
23/02/1992,0.0
24/02/1992,11.5
25/02/1992,0.0
26/02/1992,0.0
27/02/1992,0.4
28/02/1992,10.1
29/02/1992,1.5
01/03/1992,0.0
02/03/1992,0.0
03/03/1992,0.0
04/03/1992,1.5
05/03/1992,25.0
06/03/1992,0.0
07/03/1992,6.5
08/03/1992,0.0
09/03/1992,0.0
10/03/1992,0.0
11/03/1992,0.0
12/03/1992,0.0
13/03/1992,0.0
14/03/1992,0.0
15/03/1992,0.0
16/03/1992,0.0
17/03/1992,0.0
18/03/1992,0.0
19/03/1992,0.0
20/03/1992,0.0
21/03/1992,0.0
22/03/1992,4.5
23/03/1992,7.0
24/03/1992,0.0
10/05/1992,7.7
11/05/1992,0.8
12/05/1992,20.0
13/05/1992,7.0
14/05/1992,1.5
15/05/1992,0.0
16/05/1992,0.0
17/05/1992,5.5
18/05/1992,0.5
19/05/1992,0.0
20/05/1992,0.0
21/05/1992,0.0
22/05/1992,0.0
23/05/1992,0.0
24/05/1992,0.0
25/05/1992,0.0
26/05/1992,0.0
27/05/1992,0.0
28/05/1992,1.5
29/05/1992,0.0
30/05/1992,0.0
31/05/1992,0.0
01/06/1992,0.0
02/06/1992,0.0
03/06/1992,0.0
04/06/1992,1.5
05/06/1992,0.0
06/06/1992,0.0
07/06/1992,0.0
08/06/1992,0.0
09/06/1992,0.5
10/06/1992,0.0
11/06/1992,4.0
12/06/1992,26.0
13/06/1992,0.0
14/06/1992,1.5
15/06/1992,21.5
16/06/1992,8.0
17/06/1992,6.0
18/06/1992,1.0
19/06/1992,0.0
20/06/1992,0.0
21/06/1992,0.0
22/06/1992,0.0
23/06/1992,0.0
24/06/1992,18.5
25/06/1992,0.5
26/06/1992,0.0
27/06/1992,1.5
28/06/1992,5.5
29/06/1992,0.5
30/06/1992,0.0
01/07/1992,22.0
02/07/1992,0.0
03/07/1992,0.0
04/07/1992,0.0
05/07/1992,0.0
06/07/1992,0.0
07/07/1992,0.0
08/07/1992,0.0
09/07/1992,0.0
10/07/1992,0.0
11/07/1992,0.0
12/07/1992,0.0
13/07/1992,9.0
14/07/1992,0.0
15/07/1992,0.0
16/07/1992,0.0
17/07/1992,0.0
18/07/1992,0.0
19/07/1992,10.2
20/07/1992,3.8
21/07/1992,0.0
22/07/1992,8.5
23/07/1992,0.0
24/07/1992,0.0
25/07/1992,0.0
26/07/1992,0.0
27/07/1992,0.0
28/07/1992,6.4
29/07/1992,0.1
30/07/1992,0.5
31/07/1992,0.0
01/08/1992,0.0
02/08/1992,0.0
03/08/1992,0.0
04/08/1992,0.5
05/08/1992,0.0
06/08/1992,3.0
07/08/1992,0.0
08/08/1992,0.0
09/08/1992,0.5
10/08/1992,14.5
11/08/1992,0.0
12/08/1992,0.0
13/08/1992,0.5
14/08/1992,0.0
15/08/1992,0.0
16/08/1992,0.0
17/08/1992,0.0
18/08/1992,0.0
19/08/1992,0.5
24/09/1992,28.5
25/09/1992,0.0
26/09/1992,0.0
27/09/1992,34.6
28/09/1992,14.9
29/09/1992,0.0
30/09/1992,0.0
01/10/1992,0.0
02/10/1992,0.0
03/10/1992,14.0
04/10/1992,43.5
05/10/1992,0.0
06/10/1992,0.0
07/10/1992,0.0
08/10/1992,0.0
09/10/1992,0.0
10/10/1992,0.0
11/10/1992,68.5
12/10/1992,0.0
13/10/1992,45.5
14/10/1992,0.0
15/10/1992,6.5
16/10/1992,0.0
17/10/1992,7.0
18/10/1992,0.0
19/10/1992,0.0
20/10/1992,5.5
21/10/1992,0.0
22/10/1992,0.0
23/10/1992,0.0
24/10/1992,0.0
25/10/1992,5.0
26/10/1992,15.5
27/10/1992,16.0
28/10/1992,1.0
29/10/1992,7.5
30/10/1992,2.0
18/11/1992,4.0
19/11/1992,8.0
20/11/1992,5.0
21/11/1992,11.5
22/11/1992,12.0
23/11/1992,10.5
24/11/1992,3.1
25/11/1992,36.4
26/11/1992,1.0
27/11/1992,0.0
28/11/1992,0.5
29/11/1992,0.5
30/11/1992,0.0
01/12/1992,0.0
02/12/1992,0.0
03/12/1992,0.0
04/12/1992,11.5
05/12/1992,4.0
06/12/1992,21.5
07/12/1992,32.8
08/12/1992,28.2
09/12/1992,43.0
10/12/1992,3.5
11/12/1992,0.0
12/12/1992,0.0
13/12/1992,0.0
14/12/1992,0.0
15/12/1992,0.0
16/12/1992,3.0
17/12/1992,4.0
18/12/1992,0.5
19/12/1992,3.0
20/12/1992,1.5
21/12/1992,14.5
22/12/1992,2.0
23/12/1992,67.5
24/12/1992,110.0
25/12/1992,96.5
26/12/1992,0.5
27/12/1992,5.0
28/12/1992,0.5
29/12/1992,16.5
30/12/1992,0.0
31/12/1992,3.5
01/01/1993,1.0
02/01/1993,0.0
03/01/1993,0.0
04/01/1993,0.0
05/01/1993,0.0
13/01/1993,3.2
14/01/1993,3.8
15/01/1993,0.0
16/01/1993,0.0
17/01/1993,5.0
18/01/1993,4.0
19/01/1993,6.0
20/01/1993,0.0
21/01/1993,0.0
22/01/1993,0.0
23/01/1993,0.0
24/01/1993,0.0
25/01/1993,0.0
26/01/1993,0.0
27/01/1993,0.5
28/01/1993,235.6
29/01/1993,66.4
30/01/1993,1.0
31/01/1993,0.0
01/02/1993,0.0
02/02/1993,0.5
03/02/1993,0.5
04/02/1993,0.0
05/02/1993,0.0
06/02/1993,0.0
07/02/1993,0.0
08/02/1993,0.0
09/02/1993,0.0
10/02/1993,0.0
11/02/1993,0.0
12/02/1993,0.0
13/02/1993,0.0
14/02/1993,0.0
15/02/1993,0.0
16/02/1993,0.0
17/02/1993,0.0
18/02/1993,0.0
19/02/1993,0.0
20/02/1993,0.0
21/02/1993,0.0
27/02/1993,7.0
28/02/1993,0.0
01/03/1993,0.0
02/03/1993,0.0
03/03/1993,0.0
04/03/1993,0.0
05/03/1993,0.0
06/03/1993,0.5
07/03/1993,0.0
08/03/1993,34.5
09/03/1993,0.0
10/03/1993,0.0
11/03/1993,2.0
12/03/1993,3.0
13/03/1993,6.0
14/03/1993,18.0
15/03/1993,37.0
16/03/1993,0.0
17/03/1993,0.0
18/03/1993,0.0
19/03/1993,0.0
20/03/1993,0.0
21/03/1993,0.0
22/03/1993,0.0
23/03/1993,0.0
24/03/1993,36.5
25/03/1993,0.0
26/03/1993,0.0
27/03/1993,0.0
28/03/1993,0.0
29/03/1993,0.0
30/03/1993,0.0
31/03/1993,0.0
01/04/1993,0.0
02/04/1993,13.0
03/04/1993,0.0
04/04/1993,0.0
05/04/1993,0.0
06/04/1993,0.0
07/04/1993,0.0
08/04/1993,0.0
09/04/1993,0.0
10/04/1993,72.0
11/04/1993,9.5
12/04/1993,0.5
13/04/1993,1.5
14/04/1993,28.5
15/04/1993,0.3
16/04/1993,17.7
17/04/1993,1.0
18/04/1993,0.0
19/04/1993,0.0
20/04/1993,0.0
21/04/1993,0.0
22/04/1993,0.0
23/04/1993,0.0
24/04/1993,0.0
25/04/1993,0.0
26/04/1993,0.0
27/04/1993,0.0
28/04/1993,0.0
29/04/1993,0.0
30/04/1993,0.0
01/05/1993,0.0
02/05/1993,0.0
03/05/1993,0.0
04/05/1993,0.0
05/05/1993,0.0
06/05/1993,0.0
07/05/1993,0.0
08/05/1993,0.0
09/05/1993,0.0
10/05/1993,0.0
11/05/1993,0.0
12/05/1993,0.0
13/05/1993,0.0
14/05/1993,0.0
15/05/1993,0.0
16/05/1993,13.5
17/05/1993,47.5
18/05/1993,1.0
19/05/1993,0.5
20/05/1993,0.0
21/05/1993,0.0
22/05/1993,0.0
23/05/1993,0.0
24/05/1993,0.0
25/05/1993,0.0
26/05/1993,0.0
27/05/1993,0.0
28/05/1993,0.0
29/05/1993,0.0
30/05/1993,0.0
31/05/1993,0.0
01/06/1993,0.0
02/06/1993,0.0
03/06/1993,0.0
04/06/1993,0.0
05/06/1993,0.0
06/06/1993,2.5
07/06/1993,0.0
08/06/1993,0.0
09/06/1993,0.0
10/06/1993,0.0
11/06/1993,0.0
12/06/1993,0.0
13/06/1993,0.0
14/06/1993,0.0
15/06/1993,3.0
16/06/1993,1.5
17/06/1993,1.0
18/06/1993,0.0
19/06/1993,22.0
20/06/1993,0.0
21/06/1993,0.0
22/06/1993,0.0
23/06/1993,8.4
24/06/1993,0.1
25/06/1993,0.0
26/06/1993,0.0
27/06/1993,15.0
28/06/1993,0.0
29/06/1993,0.0
30/06/1993,21.0
01/07/1993,1.0
02/07/1993,0.0
03/07/1993,0.0
04/07/1993,0.0
05/07/1993,28.5
06/07/1993,0.5
07/07/1993,0.0
08/07/1993,0.0
09/07/1993,0.0
10/07/1993,0.0
11/07/1993,11.5
12/07/1993,0.0
13/07/1993,0.0
14/07/1993,0.0
15/07/1993,0.0
16/07/1993,3.6
17/07/1993,1.9
18/07/1993,0.0
19/07/1993,2.0
20/07/1993,0.0
21/07/1993,0.5
22/07/1993,0.0
23/07/1993,0.0
24/07/1993,25.5
25/07/1993,2.5
26/07/1993,0.5
27/07/1993,0.0
28/07/1993,1.0
29/07/1993,0.0
30/07/1993,0.0
31/07/1993,0.0
01/08/1993,36.5
02/08/1993,0.0
03/08/1993,0.0
04/08/1993,0.0
05/08/1993,21.5
06/08/1993,0.0
07/08/1993,0.0
08/08/1993,0.0
09/08/1993,9.5
10/08/1993,0.0
11/08/1993,23.0
12/08/1993,0.5
13/08/1993,0.0
14/08/1993,0.0
15/08/1993,0.0
16/08/1993,3.0
17/08/1993,0.0
18/08/1993,20.0
19/08/1993,2.0
20/08/1993,64.0
21/08/1993,4.0
22/08/1993,0.0
23/08/1993,0.0
24/08/1993,5.0
25/08/1993,0.0
26/08/1993,0.0
27/08/1993,0.0
28/08/1993,0.0
29/08/1993,2.5
30/08/1993,1.0
31/08/1993,19.0
01/09/1993,0.5
02/09/1993,0.0
03/09/1993,18.5
04/09/1993,0.5
05/09/1993,1.5
06/09/1993,3.0
07/09/1993,30.5
08/09/1993,9.5
09/09/1993,5.5
10/09/1993,0.0
11/09/1993,0.0
12/09/1993,2.5
13/09/1993,0.5
14/09/1993,4.0
15/09/1993,0.0
16/09/1993,0.0
17/09/1993,0.5
18/09/1993,1.0
19/09/1993,0.0
20/09/1993,0.0
21/09/1993,0.0
22/09/1993,0.0
23/09/1993,0.0
24/09/1993,4.0
25/09/1993,14.0
26/09/1993,0.0
27/09/1993,0.0
28/09/1993,0.0
29/09/1993,10.0
30/09/1993,0.0
01/10/1993,0.6
02/10/1993,4.4
03/10/1993,3.4
04/10/1993,27.1
05/10/1993,17.5
06/10/1993,0.5
07/10/1993,0.0
08/10/1993,0.5
09/10/1993,0.1
10/10/1993,4.9
11/10/1993,6.0
12/10/1993,1.0
13/10/1993,1.5
14/10/1993,0.5
15/10/1993,2.0
16/10/1993,3.8
17/10/1993,2.2
18/10/1993,0.0
19/10/1993,0.0
20/10/1993,0.0
21/10/1993,16.5
22/10/1993,0.0
23/10/1993,0.0
24/10/1993,8.5
25/10/1993,2.0
26/10/1993,9.0
27/10/1993,0.0
28/10/1993,0.0
29/10/1993,13.3
30/10/1993,21.2
31/10/1993,93.2
01/11/1993,145.9
02/11/1993,54.4
03/11/1993,6.5
04/11/1993,95.0
05/11/1993,0.0
06/11/1993,13.5
07/11/1993,10.0
08/11/1993,69.1
09/11/1993,35.6
10/11/1993,41.8
11/11/1993,0.0
12/11/1993,36.0
13/11/1993,2.0
14/11/1993,0.0
15/11/1993,12.0
16/11/1993,1.5
17/11/1993,0.0
18/11/1993,0.0
19/11/1993,0.0
20/11/1993,0.0
21/11/1993,42.5
22/11/1993,69.2
23/11/1993,95.0
24/11/1993,17.3
25/11/1993,9.7
26/11/1993,17.3
27/11/1993,0.0
28/11/1993,10.0
29/11/1993,13.5
30/11/1993,39.0
01/12/1993,36.5
02/12/1993,15.4
03/12/1993,40.1
04/12/1993,19.0
05/12/1993,23.5
06/12/1993,0.0
07/12/1993,1.0
08/12/1993,14.5
09/12/1993,0.5
10/12/1993,2.5
11/12/1993,301.5
12/12/1993,0.0
13/12/1993,0.0
14/12/1993,0.0
15/12/1993,0.0
16/12/1993,73.0
17/12/1993,32.5
18/12/1993,7.5
19/12/1993,2.0
20/12/1993,13.0
21/12/1993,15.0
22/12/1993,0.0
23/12/1993,14.0
24/12/1993,12.0
25/12/1993,35.0
26/12/1993,5.0
27/12/1993,4.0
28/12/1993,1.0
29/12/1993,5.5
30/12/1993,5.5
31/12/1993,0.0
01/01/1994,0.0
02/01/1994,0.7
03/01/1994,8.8
04/01/1994,0.5
05/01/1994,14.0
06/01/1994,0.0
07/01/1994,0.0
08/01/1994,0.0
09/01/1994,0.0
10/01/1994,0.0
11/01/1994,0.0
12/01/1994,0.0
13/01/1994,0.0
14/01/1994,0.0
15/01/1994,0.0
16/01/1994,0.0
17/01/1994,0.0
18/01/1994,0.0
19/01/1994,0.0
20/01/1994,0.0
21/01/1994,0.0
22/01/1994,0.0
23/01/1994,6.0
24/01/1994,0.0
25/01/1994,0.0
26/01/1994,0.0
27/01/1994,3.0
28/01/1994,1.0
29/01/1994,9.0
30/01/1994,23.5
31/01/1994,0.0
01/02/1994,0.0
02/02/1994,2.0
03/02/1994,3.0
04/02/1994,0.0
05/02/1994,0.0
06/02/1994,0.0
07/02/1994,0.5
08/02/1994,0.0
09/02/1994,0.0
10/02/1994,0.0
11/02/1994,0.0
12/02/1994,0.0
13/02/1994,0.0
14/02/1994,0.0
15/02/1994,0.0
16/02/1994,0.0
17/02/1994,0.0
18/02/1994,0.0
19/02/1994,0.0
20/02/1994,0.0
21/02/1994,0.0
22/02/1994,0.0
23/02/1994,0.0
24/02/1994,0.0
25/02/1994,0.0
26/02/1994,0.0
27/02/1994,0.0
28/02/1994,12.0
01/03/1994,0.0
02/03/1994,2.0
03/03/1994,6.0
04/03/1994,0.0
05/03/1994,2.5
06/03/1994,0.0
07/03/1994,7.5
08/03/1994,0.0
09/03/1994,0.0
10/03/1994,10.5
11/03/1994,0.5
12/03/1994,0.0
13/03/1994,3.5
14/03/1994,7.5
15/03/1994,88.9
16/03/1994,62.1
17/03/1994,164.0
18/03/1994,26.0
19/03/1994,14.0
20/03/1994,17.0
21/03/1994,3.0
22/03/1994,4.5
23/03/1994,0.0
24/03/1994,8.0
25/03/1994,18.0
26/03/1994,3.7
27/03/1994,1.8
28/03/1994,47.0
29/03/1994,0.0
30/03/1994,16.0
31/03/1994,0.0
01/04/1994,0.0
02/04/1994,0.0
03/04/1994,0.0
04/04/1994,0.0
05/04/1994,0.0
06/04/1994,0.0
07/04/1994,13.0
08/04/1994,0.0
09/04/1994,0.0
10/04/1994,0.0
11/04/1994,0.0
12/04/1994,0.0
13/04/1994,0.0
14/04/1994,0.0
15/04/1994,46.0
16/04/1994,1.0
17/04/1994,0.0
18/04/1994,0.0
19/04/1994,11.5
20/04/1994,1.5
21/04/1994,0.0
22/04/1994,0.0
23/04/1994,0.0
24/04/1994,12.0
25/04/1994,0.0
26/04/1994,0.0
27/04/1994,0.0
28/04/1994,0.0
29/04/1994,0.0
30/04/1994,0.0
01/05/1994,0.0
02/05/1994,0.0
03/05/1994,18.0
04/05/1994,26.3
05/05/1994,41.8
06/05/1994,13.8
07/05/1994,38.0
08/05/1994,23.0
09/05/1994,1.0
10/05/1994,8.1
11/05/1994,7.9
12/05/1994,0.5
13/05/1994,10.0
14/05/1994,0.0
15/05/1994,0.5
16/05/1994,0.0
17/05/1994,0.0
18/05/1994,0.0
19/05/1994,2.0
20/05/1994,4.0
21/05/1994,0.5
22/05/1994,0.0
23/05/1994,1.5
24/05/1994,0.0
25/05/1994,0.0
26/05/1994,0.0
27/05/1994,0.0
28/05/1994,0.0
29/05/1994,0.0
30/05/1994,0.0
31/05/1994,0.0
01/06/1994,0.0
02/06/1994,0.0
03/06/1994,0.0
04/06/1994,0.0
05/06/1994,0.0
06/06/1994,0.0
07/06/1994,0.0
08/06/1994,0.0
09/06/1994,0.0
10/06/1994,0.0
11/06/1994,0.0
12/06/1994,0.0
13/06/1994,0.0
14/06/1994,0.0
15/06/1994,0.0
16/06/1994,0.0
17/06/1994,0.0
18/06/1994,0.0
19/06/1994,4.9
20/06/1994,32.1
21/06/1994,39.8
22/06/1994,0.2
23/06/1994,5.5
24/06/1994,6.0
25/06/1994,0.0
26/06/1994,0.0
27/06/1994,0.0
28/06/1994,0.0
29/06/1994,6.3
30/06/1994,3.2
01/07/1994,0.0
02/07/1994,0.0
03/07/1994,0.0
04/07/1994,28.0
05/07/1994,0.0
06/07/1994,0.0
07/07/1994,0.0
08/07/1994,37.1
09/07/1994,1.4
10/07/1994,0.0
11/07/1994,0.0
12/07/1994,0.0
13/07/1994,2.0
14/07/1994,0.0
15/07/1994,0.0
16/07/1994,21.0
17/07/1994,0.0
18/07/1994,0.0
19/07/1994,0.0
20/07/1994,0.0
21/07/1994,4.0
22/07/1994,0.0
23/07/1994,17.0
24/07/1994,0.0
25/07/1994,0.0
26/07/1994,4.5
27/07/1994,3.5
28/07/1994,0.5
29/07/1994,0.0
30/07/1994,4.0
31/07/1994,3.9
01/08/1994,1.1
02/08/1994,0.0
03/08/1994,50.0
04/08/1994,25.0
05/08/1994,0.0
06/08/1994,0.0
07/08/1994,51.5
08/08/1994,0.0
09/08/1994,0.0
10/08/1994,0.0
11/08/1994,0.0
12/08/1994,0.0
13/08/1994,0.0
14/08/1994,0.0
15/08/1994,0.0
16/08/1994,0.0
17/08/1994,0.0
18/08/1994,0.0
19/08/1994,0.0
20/08/1994,0.0
21/08/1994,0.5
22/08/1994,0.0
23/08/1994,0.0
24/08/1994,18.5
25/08/1994,0.5
26/08/1994,30.5
27/08/1994,15.5
28/08/1994,0.0
29/08/1994,0.5
30/08/1994,0.0
31/08/1994,0.0
01/09/1994,34.7
02/09/1994,40.3
03/09/1994,3.5
04/09/1994,0.0
05/09/1994,36.0
06/09/1994,3.5
07/09/1994,0.0
08/09/1994,0.0
09/09/1994,2.5
10/09/1994,0.0
11/09/1994,0.0
12/09/1994,26.0
13/09/1994,38.0
14/09/1994,0.0
15/09/1994,0.0
16/09/1994,0.0
17/09/1994,0.0
18/09/1994,3.5
19/09/1994,0.0
20/09/1994,0.0
21/09/1994,0.0
22/09/1994,0.0
23/09/1994,0.0
24/09/1994,0.0
25/09/1994,1.0
26/09/1994,0.0
27/09/1994,0.0
28/09/1994,3.0
29/09/1994,4.0
30/09/1994,15.0
01/10/1994,36.5
02/10/1994,0.0
03/10/1994,0.5
04/10/1994,0.0
05/10/1994,1.0
06/10/1994,0.0
07/10/1994,0.0
08/10/1994,0.0
09/10/1994,11.0
10/10/1994,0.0
11/10/1994,11.0
12/10/1994,0.0
13/10/1994,0.0
14/10/1994,0.0
15/10/1994,0.0
16/10/1994,0.0
17/10/1994,0.0
18/10/1994,0.0
19/10/1994,0.0
20/10/1994,4.0
21/10/1994,13.0
22/10/1994,114.4
23/10/1994,10.1
24/10/1994,13.0
25/10/1994,0.0
26/10/1994,3.5
27/10/1994,28.0
28/10/1994,58.5
29/10/1994,0.0
30/10/1994,1.0
31/10/1994,13.0
01/11/1994,66.5
02/11/1994,68.0
03/11/1994,224.9
04/11/1994,1.4
05/11/1994,16.3
06/11/1994,48.9
07/11/1994,3.6
08/11/1994,25.5
09/11/1994,38.0
10/11/1994,2.0
11/11/1994,15.0
12/11/1994,1.5
13/11/1994,42.5
14/11/1994,4.0
15/11/1994,17.0
16/11/1994,4.0
17/11/1994,19.5
18/11/1994,22.5
19/11/1994,170.6
20/11/1994,229.9
21/11/1994,10.5
29/11/1994,0.9
30/11/1994,12.6
01/12/1994,0.5
02/12/1994,0.5
03/12/1994,69.5
04/12/1994,1.5
05/12/1994,5.8
06/12/1994,78.3
07/12/1994,10.9
08/12/1994,0.5
09/12/1994,0.0
10/12/1994,0.0
11/12/1994,0.0
12/12/1994,0.0
13/12/1994,0.0
14/12/1994,0.0
15/12/1994,24.5
16/12/1994,65.5
17/12/1994,2.0
18/12/1994,0.5
19/12/1994,6.5
20/12/1994,0.0
21/12/1994,3.0
22/12/1994,8.5
23/12/1994,0.0
24/12/1994,0.0
25/12/1994,0.0
26/12/1994,6.5
27/12/1994,6.0
28/12/1994,0.0
29/12/1994,0.0
30/12/1994,2.0
31/12/1994,0.0
01/01/1995,5.0
02/01/1995,0.0
03/01/1995,2.8
04/01/1995,18.2
05/01/1995,3.5
06/01/1995,0.0
07/01/1995,0.5
08/01/1995,1.5
09/01/1995,8.5
10/01/1995,0.5
11/01/1995,5.0
12/01/1995,2.1
13/01/1995,0.4
14/01/1995,1.0
15/01/1995,0.5
16/01/1995,5.1
17/01/1995,7.4
18/01/1995,5.5
19/01/1995,0.5
20/01/1995,0.0
21/01/1995,0.0
22/01/1995,0.0
23/01/1995,0.0
24/01/1995,0.0
25/01/1995,34.5
26/01/1995,35.5
27/01/1995,0.0
28/01/1995,0.0
29/01/1995,6.5
30/01/1995,3.5
31/01/1995,0.0
01/02/1995,0.0
02/02/1995,0.5
03/02/1995,6.0
04/02/1995,0.5
05/02/1995,1.0
06/02/1995,0.0
07/02/1995,0.0
08/02/1995,0.5
09/02/1995,0.0
10/02/1995,0.0
11/02/1995,0.0
12/02/1995,0.5
13/02/1995,0.0
14/02/1995,0.0
15/02/1995,0.5
16/02/1995,0.0
17/02/1995,0.5
18/02/1995,0.0
19/02/1995,0.0
20/02/1995,0.0
21/02/1995,0.0
22/02/1995,0.0
23/02/1995,1.0
24/02/1995,59.0
25/02/1995,1.6
26/02/1995,1.4
27/02/1995,1.5
28/02/1995,0.0
01/03/1995,0.0
02/03/1995,0.0
03/03/1995,0.0
04/03/1995,0.0
05/03/1995,0.0
06/03/1995,0.0
07/03/1995,0.0
08/03/1995,0.0
09/03/1995,0.0
10/03/1995,0.0
11/03/1995,0.0
12/03/1995,0.0
13/03/1995,0.0
14/03/1995,0.0
15/03/1995,1.5
16/03/1995,0.0
17/03/1995,0.0
18/03/1995,0.0
19/03/1995,1.5
20/03/1995,0.0
21/03/1995,21.0
22/03/1995,2.8
23/03/1995,4.2
24/03/1995,45.0
25/03/1995,0.0
26/03/1995,0.0
27/03/1995,0.0
28/03/1995,0.0
29/03/1995,2.5
30/03/1995,0.0
31/03/1995,0.0
01/04/1995,0.0
02/04/1995,0.0
03/04/1995,0.0
04/04/1995,0.0
05/04/1995,0.0
06/04/1995,0.0
07/04/1995,0.0
08/04/1995,0.0
09/04/1995,1.5
10/04/1995,0.0
11/04/1995,11.5
12/04/1995,0.0
13/04/1995,0.0
14/04/1995,0.0
15/04/1995,0.0
16/04/1995,0.0
17/04/1995,0.0
18/04/1995,0.0
19/04/1995,0.0
20/04/1995,0.0
21/04/1995,0.0
22/04/1995,0.0
23/04/1995,0.0
24/04/1995,0.0
25/04/1995,0.0
26/04/1995,3.0
27/04/1995,5.5
28/04/1995,1.5
29/04/1995,0.0
30/04/1995,34.5
01/05/1995,0.0
02/05/1995,0.0
03/05/1995,1.0
04/05/1995,0.0
05/05/1995,0.0
06/05/1995,0.0
07/05/1995,19.0
08/05/1995,0.0
09/05/1995,0.0
10/05/1995,30.3
11/05/1995,9.7
12/05/1995,0.0
13/05/1995,0.0
14/05/1995,1.0
15/05/1995,0.0
16/05/1995,0.0
17/05/1995,0.0
18/05/1995,0.0
19/05/1995,0.0
20/05/1995,0.0
21/05/1995,0.0
22/05/1995,0.0
23/05/1995,0.0
24/05/1995,0.0
25/05/1995,0.0
26/05/1995,0.0
27/05/1995,0.0
28/05/1995,0.0
29/05/1995,0.0
30/05/1995,0.0
31/05/1995,0.0
01/06/1995,0.5
02/06/1995,0.0
03/06/1995,0.0
04/06/1995,3.7
05/06/1995,10.8
06/06/1995,0.0
07/06/1995,1.0
08/06/1995,14.5
09/06/1995,0.5
10/06/1995,0.0
11/06/1995,0.0
12/06/1995,0.0
13/06/1995,0.0
14/06/1995,0.0
15/06/1995,0.0
16/06/1995,0.0
17/06/1995,0.0
18/06/1995,3.5
19/06/1995,0.5
20/06/1995,0.0
21/06/1995,0.0
22/06/1995,0.0
23/06/1995,0.0
24/06/1995,1.0
25/06/1995,20.8
26/06/1995,0.2
27/06/1995,0.0
28/06/1995,0.5
29/06/1995,3.0
30/06/1995,4.0
01/07/1995,33.0
02/07/1995,1.0
03/07/1995,0.0
04/07/1995,0.0
05/07/1995,0.0
06/07/1995,71.5
07/07/1995,0.0
08/07/1995,16.5
09/07/1995,0.0
10/07/1995,0.0
11/07/1995,14.0
12/07/1995,1.5
13/07/1995,0.5
14/07/1995,0.0
15/07/1995,0.0
16/07/1995,0.0
17/07/1995,22.0
18/07/1995,4.5
19/07/1995,0.0
20/07/1995,0.0
21/07/1995,10.5
22/07/1995,0.0
23/07/1995,10.5
24/07/1995,18.0
25/07/1995,0.0
26/07/1995,0.0
27/07/1995,0.0
28/07/1995,0.0
29/07/1995,0.0
30/07/1995,6.3
31/07/1995,15.7
01/08/1995,0.0
02/08/1995,0.0
03/08/1995,0.0
04/08/1995,0.0
05/08/1995,0.0
06/08/1995,0.0
07/08/1995,1.0
08/08/1995,12.5
09/08/1995,0.0
10/08/1995,0.0
11/08/1995,0.0
12/08/1995,0.0
13/08/1995,0.0
14/08/1995,0.0
15/08/1995,0.0
16/08/1995,0.0
17/08/1995,0.0
18/08/1995,0.0
19/08/1995,51.0
20/08/1995,18.1
21/08/1995,15.4
22/08/1995,6.0
23/08/1995,0.0
24/08/1995,3.3
25/08/1995,9.7
26/08/1995,7.4
27/08/1995,4.6
28/08/1995,36.3
29/08/1995,18.7
30/08/1995,0.0
31/08/1995,4.2
01/09/1995,2.8
02/09/1995,2.0
03/09/1995,0.0
04/09/1995,10.1
05/09/1995,2.4
06/09/1995,10.5
07/09/1995,8.0
08/09/1995,0.0
09/09/1995,6.5
10/09/1995,8.5
11/09/1995,0.5
12/09/1995,3.5
13/09/1995,0.5
14/09/1995,0.0
15/09/1995,6.5
16/09/1995,6.5
17/09/1995,5.0
18/09/1995,0.5
19/09/1995,1.5
20/09/1995,3.1
21/09/1995,4.4
22/09/1995,0.0
23/09/1995,0.0
24/09/1995,0.0
25/09/1995,5.0
26/09/1995,3.0
27/09/1995,1.0
28/09/1995,69.0
29/09/1995,0.0
30/09/1995,0.5
01/10/1995,7.1
02/10/1995,46.9
03/10/1995,0.0
04/10/1995,0.0
05/10/1995,0.5
06/10/1995,4.0
07/10/1995,1.5
08/10/1995,3.5
09/10/1995,2.5
10/10/1995,2.0
11/10/1995,56.0
12/10/1995,1.5
13/10/1995,0.0
14/10/1995,2.0
15/10/1995,0.9
16/10/1995,0.1
17/10/1995,2.0
18/10/1995,3.5
19/10/1995,0.0
20/10/1995,0.0
21/10/1995,10.5
22/10/1995,0.0
23/10/1995,10.0
24/10/1995,1.5
25/10/1995,8.0
26/10/1995,1.7
27/10/1995,0.8
28/10/1995,3.0
29/10/1995,0.7
30/10/1995,1.3
31/10/1995,12.0
01/11/1995,6.5
02/11/1995,5.5
03/11/1995,0.0
04/11/1995,3.5
05/11/1995,0.0
06/11/1995,13.5
07/11/1995,0.0
08/11/1995,6.0
09/11/1995,9.0
10/11/1995,15.5
11/11/1995,13.5
12/11/1995,0.0
13/11/1995,0.5
14/11/1995,19.5
15/11/1995,72.8
16/11/1995,118.3
17/11/1995,195.6
18/11/1995,159.2
19/11/1995,173.1
20/11/1995,64.9
21/11/1995,48.4
22/11/1995,16.3
23/11/1995,2.9
24/11/1995,77.6
25/11/1995,36.0
26/11/1995,0.5
27/11/1995,0.0
28/11/1995,0.0
29/11/1995,0.0
30/11/1995,0.0
01/12/1995,2.0
02/12/1995,31.3
03/12/1995,127.6
04/12/1995,55.1
05/12/1995,62.7
06/12/1995,32.3
07/12/1995,21.0
08/12/1995,1.0
09/12/1995,0.0
10/12/1995,0.0
11/12/1995,0.0
12/12/1995,0.0
13/12/1995,0.0
14/12/1995,0.0
15/12/1995,0.0
16/12/1995,7.0
17/12/1995,3.0
18/12/1995,0.0
19/12/1995,2.0
20/12/1995,7.4
21/12/1995,19.6
22/12/1995,8.5
23/12/1995,7.0
24/12/1995,67.0
25/12/1995,61.5
26/12/1995,8.0
27/12/1995,35.0
28/12/1995,3.0
29/12/1995,1.5
30/12/1995,1.0
31/12/1995,0.0
01/01/1996,0.0
02/01/1996,0.0
03/01/1996,0.0
04/01/1996,0.0
05/01/1996,0.0
06/01/1996,0.0
07/01/1996,0.0
08/01/1996,2.5
09/01/1996,0.5
10/01/1996,0.5
11/01/1996,10.0
12/01/1996,0.0
13/01/1996,0.0
14/01/1996,0.0
15/01/1996,0.0
16/01/1996,0.0
17/01/1996,0.0
18/01/1996,0.0
19/01/1996,0.0
20/01/1996,0.0
21/01/1996,0.0
22/01/1996,0.0
23/01/1996,0.0
24/01/1996,0.5
25/01/1996,0.0
26/01/1996,0.0
27/01/1996,0.0
28/01/1996,2.5
29/01/1996,0.0
30/01/1996,3.5
31/01/1996,6.1
01/02/1996,3.4
02/02/1996,2.0
03/02/1996,1.5
04/02/1996,2.0
05/02/1996,0.0
06/02/1996,0.0
07/02/1996,0.0
08/02/1996,0.0
09/02/1996,0.0
10/02/1996,0.0
11/02/1996,19.0
12/02/1996,17.0
13/02/1996,0.0
14/02/1996,0.0
15/02/1996,0.0
16/02/1996,0.0
17/02/1996,0.0
18/02/1996,0.0
19/02/1996,0.5
20/02/1996,0.0
21/02/1996,1.0
22/02/1996,0.0
23/02/1996,0.0
24/02/1996,0.0
25/02/1996,0.0
26/02/1996,0.0
27/02/1996,0.0
28/02/1996,0.0
29/02/1996,0.0
01/03/1996,0.0
02/03/1996,0.0
03/03/1996,0.0
04/03/1996,0.0
05/03/1996,0.0
06/03/1996,0.0
07/03/1996,0.0
08/03/1996,0.0
09/03/1996,0.0
10/03/1996,0.0
11/03/1996,0.0
12/03/1996,0.0
13/03/1996,0.0
14/03/1996,0.0
15/03/1996,0.0
16/03/1996,0.0
17/03/1996,0.0
18/03/1996,0.0
19/03/1996,0.0
20/03/1996,0.0
21/03/1996,0.0
22/03/1996,0.0
23/03/1996,0.0
24/03/1996,0.5
25/03/1996,7.5
26/03/1996,0.8
27/03/1996,22.2
28/03/1996,103.5
29/03/1996,99.5
30/03/1996,0.0
31/03/1996,0.0
01/04/1996,0.0
02/04/1996,0.0
03/04/1996,0.0
04/04/1996,0.0
05/04/1996,1.0
06/04/1996,0.0
07/04/1996,0.0
08/04/1996,0.0
09/04/1996,0.0
10/04/1996,0.0
11/04/1996,0.0
12/04/1996,0.0
13/04/1996,0.0
14/04/1996,0.0
15/04/1996,0.0
16/04/1996,0.0
17/04/1996,0.0
18/04/1996,0.0
19/04/1996,9.0
20/04/1996,0.0
21/04/1996,3.5
22/04/1996,1.5
23/04/1996,38.2
24/04/1996,1.3
25/04/1996,0.0
26/04/1996,0.0
27/04/1996,0.0
28/04/1996,0.0
29/04/1996,0.0
30/04/1996,0.0
01/05/1996,0.0
02/05/1996,0.0
03/05/1996,0.0
04/05/1996,2.5
05/05/1996,0.3
06/05/1996,0.2
07/05/1996,15.8
08/05/1996,0.2
09/05/1996,0.0
10/05/1996,6.0
11/05/1996,0.5
12/05/1996,0.5
13/05/1996,0.0
14/05/1996,13.5
15/05/1996,45.4
16/05/1996,17.6
17/05/1996,0.0
18/05/1996,2.0
19/05/1996,0.5
20/05/1996,0.0
21/05/1996,0.0
22/05/1996,0.0
23/05/1996,0.0
24/05/1996,0.0
25/05/1996,0.0
26/05/1996,0.0
27/05/1996,0.0
28/05/1996,0.0
29/05/1996,0.0
30/05/1996,0.0
31/05/1996,0.0
01/06/1996,0.0
02/06/1996,0.0
03/06/1996,0.0
04/06/1996,0.0
05/06/1996,0.0
06/06/1996,0.0
07/06/1996,4.5
08/06/1996,8.0
09/06/1996,8.5
10/06/1996,8.0
11/06/1996,27.0
12/06/1996,36.0
13/06/1996,1.8
14/06/1996,2.2
15/06/1996,0.0
16/06/1996,15.0
17/06/1996,0.0
18/06/1996,0.0
19/06/1996,1.5
20/06/1996,0.0
21/06/1996,0.0
22/06/1996,0.0
23/06/1996,0.0
24/06/1996,0.0
25/06/1996,0.0
26/06/1996,0.0
27/06/1996,0.0
28/06/1996,0.0
29/06/1996,0.0
30/06/1996,0.0
01/07/1996,0.0
02/07/1996,0.0
03/07/1996,0.0
04/07/1996,0.0
05/07/1996,0.0
06/07/1996,1.0
07/07/1996,71.0
08/07/1996,41.5
09/07/1996,0.5
10/07/1996,2.8
11/07/1996,31.2
12/07/1996,11.5
13/07/1996,0.5
14/07/1996,1.5
15/07/1996,0.0
16/07/1996,0.0
17/07/1996,3.5
18/07/1996,0.0
19/07/1996,0.0
20/07/1996,0.0
21/07/1996,0.0
22/07/1996,0.0
23/07/1996,0.0
24/07/1996,0.0
25/07/1996,0.0
26/07/1996,0.0
27/07/1996,0.0
28/07/1996,0.0
29/07/1996,0.0
30/07/1996,0.0
31/07/1996,0.0
01/08/1996,3.0
02/08/1996,3.0
03/08/1996,0.0
04/08/1996,0.0
05/08/1996,0.0
06/08/1996,0.0
07/08/1996,0.0
08/08/1996,0.0
09/08/1996,0.0
10/08/1996,4.3
11/08/1996,2.2
12/08/1996,0.0
10/09/1996,2.5
11/09/1996,0.0
12/09/1996,0.0
13/09/1996,0.0
14/09/1996,21.1
15/09/1996,6.7
16/09/1996,0.8
17/09/1996,2.0
18/09/1996,8.0
19/09/1996,0.6
20/09/1996,1.3
21/09/1996,0.0
22/09/1996,0.0
23/09/1996,0.0
24/09/1996,9.0
25/09/1996,0.0
26/09/1996,14.0
27/09/1996,2.3
28/09/1996,0.0
29/09/1996,15.0
30/09/1996,0.7
01/10/1996,0.6
02/10/1996,31.7
03/10/1996,6.4
04/10/1996,0.6
05/10/1996,0.0
06/10/1996,0.0
07/10/1996,29.5
26/11/1996,68.2
27/11/1996,61.3
28/11/1996,0.0
29/11/1996,11.4
30/11/1996,67.5
01/12/1996,0.0
02/12/1996,0.5
03/12/1996,0.0
04/12/1996,1.5
05/12/1996,8.0
06/12/1996,16.5
07/12/1996,15.0
08/12/1996,103.5
09/12/1996,17.0
10/12/1996,5.2
11/12/1996,14.8
12/12/1996,50.5
13/12/1996,22.0
14/12/1996,181.3
15/12/1996,40.2
16/12/1996,0.0
17/12/1996,1.6
18/12/1996,14.6
19/12/1996,41.8
20/12/1996,51.7
21/12/1996,254.8
22/12/1996,120.7
23/12/1996,3.7
24/12/1996,0.0
25/12/1996,0.0
26/12/1996,0.0
27/12/1996,0.5
28/12/1996,2.9
29/12/1996,12.6
30/12/1996,0.0
31/12/1996,2.0
01/01/1997,0.0
02/01/1997,0.0
03/01/1997,0.0
04/01/1997,0.0
05/01/1997,0.0
06/01/1997,0.5
07/01/1997,0.0
08/01/1997,2.0
09/01/1997,0.0
10/01/1997,0.0
11/01/1997,0.0
12/01/1997,0.0
13/01/1997,0.0
14/01/1997,0.0
15/01/1997,0.0
16/01/1997,0.0
17/01/1997,0.0
18/01/1997,0.0
19/01/1997,0.0
20/01/1997,0.0
21/01/1997,0.0
22/01/1997,0.0
23/01/1997,0.0
24/01/1997,0.0
25/01/1997,0.0
26/01/1997,0.0
27/01/1997,0.0
28/01/1997,0.0
29/01/1997,0.0
30/01/1997,0.0
31/01/1997,0.0
01/02/1997,0.0
02/02/1997,0.0
03/02/1997,37.0
04/02/1997,0.0
05/02/1997,0.0
06/02/1997,0.0
07/02/1997,4.4
08/02/1997,12.6
09/02/1997,0.0
10/02/1997,0.0
11/02/1997,0.0
12/02/1997,0.0
13/02/1997,37.5
14/02/1997,0.0
15/02/1997,1.5
16/02/1997,0.0
17/02/1997,0.0
18/02/1997,0.0
19/02/1997,0.0
20/02/1997,1.0
21/02/1997,0.0
22/02/1997,3.0
23/02/1997,63.4
24/02/1997,28.1
25/02/1997,23.4
26/02/1997,0.0
27/02/1997,0.0
28/02/1997,0.0
01/03/1997,0.0
02/03/1997,0.0
03/03/1997,0.0
04/03/1997,0.0
05/03/1997,0.0
06/03/1997,0.0
07/03/1997,0.0
08/03/1997,0.0
09/03/1997,0.0
10/03/1997,0.0
11/03/1997,0.0
12/03/1997,0.0
13/03/1997,0.0
14/03/1997,0.0
15/03/1997,0.0
16/03/1997,0.0
17/03/1997,0.0
18/03/1997,0.0
19/03/1997,0.0
20/03/1997,0.0
21/03/1997,0.0
22/03/1997,0.0
23/03/1997,0.0
24/03/1997,0.0
25/03/1997,0.0
26/03/1997,0.0
27/03/1997,0.5
28/03/1997,0.0
29/03/1997,0.0
30/03/1997,0.0
31/03/1997,2.5
01/04/1997,0.0
02/04/1997,0.0
03/04/1997,0.0
04/04/1997,0.0
05/04/1997,0.0
06/04/1997,0.0
07/04/1997,0.0
08/04/1997,0.0
09/04/1997,0.0
10/04/1997,0.0
11/04/1997,0.0
12/04/1997,0.0
13/04/1997,0.0
14/04/1997,0.0
15/04/1997,0.0
16/04/1997,0.0
17/04/1997,0.0
18/04/1997,0.0
19/04/1997,0.0
20/04/1997,0.0
21/04/1997,0.0
22/04/1997,0.0
23/04/1997,0.0
24/04/1997,0.5
25/04/1997,0.0
26/04/1997,0.0
27/04/1997,0.0
28/04/1997,8.5
29/04/1997,4.0
30/04/1997,0.0
01/05/1997,0.0
02/05/1997,0.5
03/05/1997,0.0
04/05/1997,0.0
05/05/1997,0.0
06/05/1997,0.0
07/05/1997,0.0
08/05/1997,0.0
09/05/1997,0.0
10/05/1997,5.6
11/05/1997,0.9
12/05/1997,0.0
13/05/1997,0.0
14/05/1997,0.0
15/05/1997,0.0
16/05/1997,90.0
17/05/1997,0.5
18/05/1997,0.0
19/05/1997,11.0
20/05/1997,5.6
21/05/1997,5.4
22/05/1997,0.0
23/05/1997,0.7
24/05/1997,0.8
25/05/1997,0.0
26/05/1997,0.0
27/05/1997,0.0
28/05/1997,0.0
29/05/1997,0.0
30/05/1997,0.0
31/05/1997,0.0
01/06/1997,0.0
02/06/1997,17.0
03/06/1997,0.0
04/06/1997,1.0
05/06/1997,4.0
06/06/1997,0.0
07/06/1997,0.0
08/06/1997,0.0
09/06/1997,0.0
10/06/1997,0.0
11/06/1997,0.0
12/06/1997,0.0
13/06/1997,0.0
14/06/1997,0.0
15/06/1997,0.0
16/06/1997,0.0
17/06/1997,0.0
18/06/1997,0.0
19/06/1997,0.0
20/06/1997,0.0
21/06/1997,1.5
22/06/1997,0.0
23/06/1997,3.5
24/06/1997,2.0
25/06/1997,0.0
26/06/1997,17.5
27/06/1997,1.0
28/06/1997,20.5
29/06/1997,0.0
30/06/1997,5.5
01/07/1997,0.0
02/07/1997,6.0
03/07/1997,25.0
04/07/1997,0.0
05/07/1997,0.0
06/07/1997,0.0
07/07/1997,0.0
08/07/1997,0.0
09/07/1997,12.3
10/07/1997,5.7
11/07/1997,0.0
12/07/1997,0.0
13/07/1997,0.0
14/07/1997,0.0
15/07/1997,0.0
16/07/1997,0.0
17/07/1997,23.5
18/07/1997,0.0
19/07/1997,0.0
20/07/1997,0.0
21/07/1997,0.0
22/07/1997,0.0
23/07/1997,0.0
24/07/1997,0.0
25/07/1997,5.5
26/07/1997,0.0
27/07/1997,0.0
28/07/1997,0.0
29/07/1997,2.7
30/07/1997,0.8
31/07/1997,0.0
01/08/1997,0.0
02/08/1997,0.0
03/08/1997,0.0
04/08/1997,0.0
05/08/1997,12.0
06/08/1997,4.5
07/08/1997,0.0
08/08/1997,1.2
09/08/1997,1.3
10/08/1997,0.0
11/08/1997,24.0
12/08/1997,0.0
13/08/1997,0.0
14/08/1997,0.0
15/08/1997,0.0
16/08/1997,0.0
17/08/1997,0.0
18/08/1997,0.0
19/08/1997,12.0
20/08/1997,8.8
21/08/1997,15.7
22/08/1997,45.0
23/08/1997,5.0
24/08/1997,31.5
25/08/1997,0.0
26/08/1997,0.0
27/08/1997,0.0
28/08/1997,0.0
29/08/1997,0.0
30/08/1997,0.0
31/08/1997,0.0
01/09/1997,0.0
02/09/1997,0.0
03/09/1997,0.0
04/09/1997,0.0
05/09/1997,0.0
06/09/1997,0.0
07/09/1997,0.0
08/09/1997,0.0
09/09/1997,0.0
10/09/1997,0.0
11/09/1997,0.0
12/09/1997,0.0
13/09/1997,20.1
14/09/1997,34.9
15/09/1997,0.0
16/09/1997,0.0
17/09/1997,0.0
18/09/1997,0.5
19/09/1997,23.2
20/09/1997,15.4
21/09/1997,5.4
22/09/1997,0.0
23/09/1997,0.0
24/09/1997,0.0
25/09/1997,0.0
26/09/1997,0.0
27/09/1997,0.0
28/09/1997,1.4
29/09/1997,15.6
30/09/1997,0.0
01/10/1997,0.0
02/10/1997,0.5
03/10/1997,2.0
04/10/1997,5.0
05/10/1997,0.0
06/10/1997,0.0
07/10/1997,2.5
08/10/1997,6.5
09/10/1997,0.0
10/10/1997,0.0
11/10/1997,0.0
12/10/1997,0.0
13/10/1997,0.0
14/10/1997,0.0
15/10/1997,0.0
16/10/1997,0.0
17/10/1997,0.0
18/10/1997,0.0
19/10/1997,0.0
20/10/1997,0.0
21/10/1997,0.0
22/10/1997,0.0
23/10/1997,0.0
24/10/1997,0.0
25/10/1997,0.0
26/10/1997,0.0
27/10/1997,0.0
28/10/1997,0.0
29/10/1997,0.0
30/10/1997,32.5
31/10/1997,0.0
01/11/1997,32.1
02/11/1997,6.4
03/11/1997,1.0
04/11/1997,9.0
05/11/1997,37.5
06/11/1997,53.5
07/11/1997,1.5
08/11/1997,0.0
09/11/1997,16.5
10/11/1997,19.5
11/11/1997,3.0
12/11/1997,0.5
13/11/1997,0.5
14/11/1997,56.0
15/11/1997,11.5
16/11/1997,0.0
17/11/1997,4.0
18/11/1997,28.0
19/11/1997,74.5
20/11/1997,47.5
21/11/1997,18.5
22/11/1997,0.0
23/11/1997,9.5
24/11/1997,0.0
25/11/1997,0.0
26/11/1997,0.0
27/11/1997,0.0
28/11/1997,0.0
29/11/1997,0.0
07/12/1997,0.0
08/12/1997,0.0
09/12/1997,4.0
10/12/1997,0.5
11/12/1997,31.0
12/12/1997,1.5
13/12/1997,5.5
14/12/1997,2.5
15/12/1997,30.5
16/12/1997,0.5
17/12/1997,25.0
18/12/1997,11.0
19/12/1997,0.5
20/12/1997,7.5
21/12/1997,0.0
22/12/1997,0.0
23/12/1997,0.0
24/12/1997,36.5
25/12/1997,0.0
26/12/1997,0.5
27/12/1997,1.0
28/12/1997,0.5
29/12/1997,45.0
30/12/1997,60.5
31/12/1997,14.5
01/07/1998,41.0
02/07/1998,0.0
03/07/1998,0.0
04/07/1998,0.0
05/07/1998,7.6
06/07/1998,0.7
07/07/1998,1.0
08/07/1998,20.0
09/07/1998,7.1
10/07/1998,4.5
11/07/1998,1.7
12/07/1998,0.0
13/07/1998,0.0
14/07/1998,0.0
15/07/1998,0.0
16/07/1998,0.0
17/07/1998,0.0
18/07/1998,0.0
19/07/1998,0.0
20/07/1998,0.0
21/07/1998,0.4
22/07/1998,0.0
23/07/1998,7.0
24/07/1998,1.8
25/07/1998,0.0
26/07/1998,1.5
27/07/1998,0.0
28/07/1998,0.0
29/07/1998,5.9
30/07/1998,0.0
31/07/1998,0.4
01/08/1998,1.7
02/08/1998,0.0
03/08/1998,0.0
04/08/1998,0.0
05/08/1998,0.0
06/08/1998,0.0
07/08/1998,0.5
08/08/1998,0.0
09/08/1998,0.0
10/08/1998,0.0
11/08/1998,0.0
12/08/1998,0.0
13/08/1998,2.9
14/08/1998,7.1
15/08/1998,7.1
16/08/1998,0.0
17/08/1998,0.0
18/08/1998,0.0
19/08/1998,0.0
20/08/1998,0.0
21/08/1998,8.0
22/08/1998,0.6
23/08/1998,0.0
24/08/1998,0.6
25/08/1998,7.5
26/08/1998,0.0
27/08/1998,0.0
28/08/1998,0.0
29/08/1998,3.2
30/08/1998,1.3
31/08/1998,0.0
01/09/1998,32.1
02/09/1998,22.9
03/09/1998,0.0
04/09/1998,0.0
05/09/1998,0.0
06/09/1998,0.0
07/09/1998,0.0
08/09/1998,0.0
09/09/1998,0.0
10/09/1998,0.0
11/09/1998,0.0
12/09/1998,7.3
13/09/1998,65.9
14/09/1998,8.4
15/09/1998,37.9
16/09/1998,4.3
17/09/1998,1.2
18/09/1998,0.0
19/09/1998,0.1
20/09/1998,16.3
21/09/1998,2.7
22/09/1998,0.0
23/09/1998,0.0
24/09/1998,16.7
25/09/1998,32.8
26/09/1998,18.4
27/09/1998,13.8
28/09/1998,1.8
29/09/1998,16.6
30/09/1998,12.2
01/10/1998,0.0
02/10/1998,0.0
03/10/1998,3.4
04/10/1998,5.1
05/10/1998,47.3
06/10/1998,46.7
07/10/1998,0.8
08/10/1998,6.1
09/10/1998,0.0
10/10/1998,0.0
11/10/1998,0.0
12/10/1998,0.0
13/10/1998,1.1
14/10/1998,1.0
15/10/1998,2.5
16/10/1998,1.7
17/10/1998,0.0
18/10/1998,0.0
19/10/1998,14.4
20/10/1998,0.0
21/10/1998,10.8
22/10/1998,16.0
23/10/1998,22.1
24/10/1998,0.0
25/10/1998,11.9
26/10/1998,34.6
27/10/1998,11.7
28/10/1998,7.5
29/10/1998,35.9
30/10/1998,0.5
31/10/1998,0.0
01/11/1998,24.6
02/11/1998,1.5
03/11/1998,0.0
04/11/1998,38.8
05/11/1998,42.6
06/11/1998,0.7
07/11/1998,10.9
08/11/1998,0.0
09/11/1998,0.0
10/11/1998,32.6
11/11/1998,93.3
12/11/1998,13.8
13/11/1998,0.0
14/11/1998,0.0
15/11/1998,71.3
16/11/1998,1.2
17/11/1998,21.7
18/11/1998,0.0
19/11/1998,2.8
20/11/1998,4.4
21/11/1998,0.0
22/11/1998,3.5
23/11/1998,5.7
24/11/1998,0.0
25/11/1998,1.2
26/11/1998,3.4
27/11/1998,4.7
28/11/1998,34.0
29/11/1998,0.0
30/11/1998,0.0
01/12/1998,0.0
02/12/1998,0.0
03/12/1998,1.0
04/12/1998,6.2
05/12/1998,86.1
06/12/1998,135.3
07/12/1998,17.2
08/12/1998,7.1
09/12/1998,0.0
10/12/1998,2.7
11/12/1998,0.0
12/12/1998,173.0
13/12/1998,90.5
14/12/1998,19.0
15/12/1998,34.7
16/12/1998,5.3
17/12/1998,32.7
18/12/1998,48.9
19/12/1998,0.0
20/12/1998,13.0
21/12/1998,0.0
22/12/1998,29.7
23/12/1998,4.6
24/12/1998,0.0
25/12/1998,16.3
26/12/1998,11.5
27/12/1998,3.6
28/12/1998,60.2
29/12/1998,3.6
30/12/1998,8.5
31/12/1998,7.5
01/01/1999,0.0
02/01/1999,2.6
03/01/1999,8.1
04/01/1999,0.7
05/01/1999,0.0
06/01/1999,0.0
07/01/1999,2.2
08/01/1999,6.4
09/01/1999,18.3
10/01/1999,15.2
11/01/1999,0.0
12/01/1999,0.0
13/01/1999,0.0
14/01/1999,0.0
15/01/1999,3.0
16/01/1999,13.8
17/01/1999,2.8
18/01/1999,3.7
19/01/1999,1.8
20/01/1999,2.2
21/01/1999,3.9
22/01/1999,15.6
23/01/1999,3.3
24/01/1999,0.0
25/01/1999,0.0
26/01/1999,0.0
27/01/1999,0.0
28/01/1999,59.5
29/01/1999,0.0
30/01/1999,1.8
31/01/1999,7.4
01/02/1999,18.9
02/02/1999,0.0
03/02/1999,8.0
04/02/1999,0.0
05/02/1999,1.0
06/02/1999,15.3
07/02/1999,0.0
08/02/1999,0.0
09/02/1999,0.0
10/02/1999,0.0
11/02/1999,0.9
12/02/1999,229.4
13/02/1999,386.4
14/02/1999,0.0
15/02/1999,0.0
16/02/1999,0.0
17/02/1999,0.0
18/02/1999,0.0
19/02/1999,0.0
20/02/1999,0.0
21/02/1999,2.0
22/02/1999,0.0
23/02/1999,0.0
24/02/1999,0.0
25/02/1999,0.0
26/02/1999,0.0
27/02/1999,0.0
28/02/1999,11.4
01/03/1999,14.3
02/03/1999,0.0
03/03/1999,0.0
04/03/1999,0.0
05/03/1999,0.0
06/03/1999,4.1
07/03/1999,0.0
08/03/1999,0.0
09/03/1999,0.0
10/03/1999,0.0
11/03/1999,0.0
12/03/1999,0.0
13/03/1999,0.0
14/03/1999,0.0
15/03/1999,0.0
16/03/1999,0.0
17/03/1999,0.0
18/03/1999,0.0
19/03/1999,0.0
20/03/1999,1.4
21/03/1999,0.0
22/03/1999,0.0
23/03/1999,19.3
24/03/1999,0.4
25/03/1999,3.6
26/03/1999,0.0
27/03/1999,0.6
28/03/1999,0.0
29/03/1999,0.0
30/03/1999,2.1
31/03/1999,0.0
01/04/1999,0.8
02/04/1999,0.0
03/04/1999,42.0
04/04/1999,0.9
05/04/1999,50.2
06/04/1999,0.8
07/04/1999,6.8
08/04/1999,12.7
09/04/1999,0.0
10/04/1999,0.0
11/04/1999,0.0
12/04/1999,0.0
13/04/1999,0.0
14/04/1999,13.6
15/04/1999,0.0
16/04/1999,4.6
17/04/1999,1.0
18/04/1999,0.0
19/04/1999,0.0
20/04/1999,0.0
21/04/1999,45.6
22/04/1999,4.6
23/04/1999,0.0
24/04/1999,0.0
25/04/1999,0.0
26/04/1999,0.0
27/04/1999,0.0
28/04/1999,0.0
29/04/1999,0.0
30/04/1999,0.0
01/05/1999,0.0
02/05/1999,0.0
03/05/1999,0.0
04/05/1999,0.0
05/05/1999,0.0
06/05/1999,0.0
07/05/1999,0.0
08/05/1999,0.0
09/05/1999,0.3
10/05/1999,0.0
11/05/1999,10.8
12/05/1999,2.8
13/05/1999,0.0
14/05/1999,0.0
15/05/1999,0.5
16/05/1999,25.0
17/05/1999,0.7
18/05/1999,1.3
19/05/1999,0.0
20/05/1999,3.9
21/05/1999,7.1
22/05/1999,0.0
23/05/1999,0.0
24/05/1999,0.0
25/05/1999,26.5
26/05/1999,1.3
27/05/1999,0.4
28/05/1999,0.0
29/05/1999,0.0
30/05/1999,0.0
31/05/1999,15.5
01/06/1999,0.0
02/06/1999,3.2
03/06/1999,7.3
04/06/1999,0.0
05/06/1999,0.0
06/06/1999,0.0
07/06/1999,0.0
08/06/1999,0.0
09/06/1999,0.0
10/06/1999,0.0
11/06/1999,0.0
12/06/1999,1.3
13/06/1999,0.0
14/06/1999,0.0
15/06/1999,16.7
16/06/1999,8.6
17/06/1999,0.0
18/06/1999,0.0
19/06/1999,0.0
20/06/1999,0.0
21/06/1999,0.0
22/06/1999,12.1
23/06/1999,0.0
24/06/1999,0.0
25/06/1999,0.0
26/06/1999,0.0
27/06/1999,0.0
28/06/1999,0.0
29/06/1999,0.0
30/06/1999,3.5
01/07/1999,17.9
02/07/1999,1.7
03/07/1999,0.0
04/07/1999,0.0
05/07/1999,0.0
06/07/1999,0.0
07/07/1999,0.0
08/07/1999,0.0
09/07/1999,0.0
10/07/1999,14.1
11/07/1999,0.0
12/07/1999,0.0
13/07/1999,0.0
14/07/1999,12.9
15/07/1999,12.6
16/07/1999,2.2
17/07/1999,8.1
18/07/1999,4.1
19/07/1999,0.0
20/07/1999,0.0
21/07/1999,7.6
22/07/1999,13.5
23/07/1999,21.5
24/07/1999,0.5
25/07/1999,0.0
26/07/1999,0.0
27/07/1999,0.0
28/07/1999,0.0
29/07/1999,0.0
30/07/1999,2.8
31/07/1999,22.6
01/08/1999,0.0
02/08/1999,0.7
03/08/1999,5.8
04/08/1999,1.5
05/08/1999,0.0
06/08/1999,6.7
07/08/1999,0.0
08/08/1999,0.0
09/08/1999,0.0
10/08/1999,1.4
11/08/1999,0.0
12/08/1999,9.4
13/08/1999,15.8
14/08/1999,0.0
15/08/1999,0.0
16/08/1999,0.0
17/08/1999,0.0
18/08/1999,0.0
19/08/1999,23.0
20/08/1999,15.3
21/08/1999,4.0
22/08/1999,10.0
23/08/1999,3.2
24/08/1999,0.6
25/08/1999,0.0
26/08/1999,2.6
27/08/1999,26.9
28/08/1999,1.0
29/08/1999,0.6
30/08/1999,0.0
31/08/1999,0.0
01/09/1999,0.0
02/09/1999,0.0
03/09/1999,9.9
04/09/1999,1.9
05/09/1999,0.0
06/09/1999,30.4
07/09/1999,33.5
08/09/1999,0.0
09/09/1999,0.0
10/09/1999,45.5
11/09/1999,8.2
12/09/1999,7.4
13/09/1999,3.3
14/09/1999,0.0
15/09/1999,0.9
16/09/1999,0.4
17/09/1999,0.0
18/09/1999,74.7
19/09/1999,0.0
20/09/1999,0.0
21/09/1999,0.0
22/09/1999,2.7
23/09/1999,0.0
24/09/1999,0.0
25/09/1999,0.0
26/09/1999,0.0
27/09/1999,1.1
28/09/1999,5.4
29/09/1999,9.5
30/09/1999,2.6
01/10/1999,0.0
02/10/1999,9.0
03/10/1999,2.4
04/10/1999,0.0
05/10/1999,0.0
06/10/1999,0.0
07/10/1999,0.0
08/10/1999,0.0
09/10/1999,0.0
10/10/1999,0.0
11/10/1999,0.0
12/10/1999,1.0
13/10/1999,6.3
14/10/1999,0.0
15/10/1999,0.8
16/10/1999,1.6
17/10/1999,0.0
18/10/1999,3.9
19/10/1999,0.0
20/10/1999,11.1
21/10/1999,11.3
22/10/1999,4.2
23/10/1999,1.2
24/10/1999,9.7
25/10/1999,16.8
26/10/1999,3.7
27/10/1999,3.2
28/10/1999,33.2
29/10/1999,0.5
30/10/1999,0.0
31/10/1999,2.6
01/11/1999,0.7
02/11/1999,17.1
03/11/1999,8.7
04/11/1999,1.3
05/11/1999,2.7
06/11/1999,0.0
07/11/1999,0.0
08/11/1999,6.7
09/11/1999,3.0
10/11/1999,0.0
11/11/1999,0.0
12/11/1999,0.0
13/11/1999,2.1
14/11/1999,0.0
15/11/1999,4.1
16/11/1999,2.3
17/11/1999,70.8
18/11/1999,39.9
19/11/1999,91.9
20/11/1999,79.2
21/11/1999,71.0
22/11/1999,22.1
23/11/1999,0.0
24/11/1999,3.1
25/11/1999,1.1
26/11/1999,7.6
27/11/1999,35.0
28/11/1999,17.1
29/11/1999,39.3
30/11/1999,93.2
01/12/1999,7.7
02/12/1999,21.7
03/12/1999,4.9
04/12/1999,0.5
05/12/1999,53.9
06/12/1999,68.7
07/12/1999,259.8
08/12/1999,0.0
09/12/1999,0.4
10/12/1999,8.2
11/12/1999,19.7
12/12/1999,50.6
13/12/1999,148.4
14/12/1999,21.5
15/12/1999,74.1
16/12/1999,0.0
17/12/1999,0.0
18/12/1999,0.0
19/12/1999,11.2
20/12/1999,12.1
21/12/1999,47.5
22/12/1999,53.6
23/12/1999,5.2
24/12/1999,3.6
25/12/1999,0.7
26/12/1999,0.0
27/12/1999,5.8
28/12/1999,4.1
29/12/1999,38.1
30/12/1999,0.5
31/12/1999,2.1
01/01/2000,7.8
02/01/2000,5.4
03/01/2000,75.6
04/01/2000,10.0
05/01/2000,0.0
06/01/2000,1.1
07/01/2000,0.0
08/01/2000,0.0
09/01/2000,0.0
10/01/2000,5.4
11/01/2000,8.7
12/01/2000,6.5
13/01/2000,0.0
14/01/2000,0.0
15/01/2000,0.0
16/01/2000,5.4
17/01/2000,0.0
18/01/2000,0.2
19/01/2000,4.1
20/01/2000,0.0
21/01/2000,0.0
22/01/2000,0.0
23/01/2000,1.3
24/01/2000,9.4
25/01/2000,2.1
26/01/2000,0.0
27/01/2000,0.2
28/01/2000,2.1
29/01/2000,0.0
30/01/2000,1.2
31/01/2000,4.5
01/02/2000,2.1
02/02/2000,0.0
03/02/2000,0.0
04/02/2000,0.0
05/02/2000,0.0
06/02/2000,0.0
07/02/2000,0.0
08/02/2000,0.7
09/02/2000,0.0
10/02/2000,0.0
11/02/2000,0.0
12/02/2000,0.0
13/02/2000,6.6
14/02/2000,8.8
15/02/2000,2.4
16/02/2000,0.0
17/02/2000,0.0
18/02/2000,1.1
19/02/2000,26.6
20/02/2000,0.0
21/02/2000,0.0
22/02/2000,0.4
23/02/2000,0.0
24/02/2000,0.0
25/02/2000,2.2
26/02/2000,0.0
27/02/2000,1.5
28/02/2000,111.9
29/02/2000,1.0
01/03/2000,75.9
02/03/2000,100.5
03/03/2000,3.7
04/03/2000,0.0
05/03/2000,0.0
06/03/2000,0.0
07/03/2000,0.0
08/03/2000,0.0
09/03/2000,8.2
10/03/2000,0.0
11/03/2000,0.0
12/03/2000,0.4
13/03/2000,0.0
14/03/2000,0.0
15/03/2000,0.0
16/03/2000,0.0
17/03/2000,0.0
18/03/2000,0.0
19/03/2000,0.0
20/03/2000,0.0
21/03/2000,0.0
22/03/2000,0.0
23/03/2000,0.0
24/03/2000,16.7
25/03/2000,172.8
26/03/2000,22.2
27/03/2000,7.1
28/03/2000,0.9
29/03/2000,1.3
30/03/2000,0.6
31/03/2000,0.0
01/04/2000,3.4
02/04/2000,0.0
03/04/2000,0.0
04/04/2000,0.0
05/04/2000,0.0
06/04/2000,0.0
07/04/2000,0.0
08/04/2000,0.0
09/04/2000,0.0
10/04/2000,8.9
11/04/2000,42.4
12/04/2000,0.5
13/04/2000,1.6
14/04/2000,0.0
15/04/2000,0.0
16/04/2000,0.0
17/04/2000,0.0
18/04/2000,0.0
19/04/2000,0.0
20/04/2000,0.0
21/04/2000,0.0
22/04/2000,0.0
23/04/2000,4.7
24/04/2000,0.0
25/04/2000,0.0
26/04/2000,0.0
27/04/2000,0.0
28/04/2000,0.0
29/04/2000,0.0
30/04/2000,2.6
01/05/2000,0.0
02/05/2000,35.3
03/05/2000,0.0
04/05/2000,16.2
05/05/2000,0.0
06/05/2000,0.0
07/05/2000,0.0
08/05/2000,0.0
09/05/2000,0.6
10/05/2000,3.2
11/05/2000,12.9
12/05/2000,1.3
13/05/2000,0.0
14/05/2000,1.8
15/05/2000,0.0
16/05/2000,8.7
17/05/2000,8.1
18/05/2000,5.2
19/05/2000,0.0
20/05/2000,19.2
21/05/2000,4.8
22/05/2000,0.0
23/05/2000,0.0
24/05/2000,0.0
25/05/2000,0.0
26/05/2000,0.0
27/05/2000,0.0
28/05/2000,0.0
29/05/2000,0.0
30/05/2000,18.6
31/05/2000,13.8
01/06/2000,1.4
02/06/2000,8.9
03/06/2000,4.4
04/06/2000,0.0
05/06/2000,3.3
06/06/2000,0.0
07/06/2000,0.0
08/06/2000,7.2
09/06/2000,0.3
10/06/2000,0.0
11/06/2000,0.0
12/06/2000,0.0
13/06/2000,2.7
14/06/2000,0.0
15/06/2000,0.0
16/06/2000,0.0
17/06/2000,2.5
18/06/2000,11.2
19/06/2000,24.7
20/06/2000,0.0
21/06/2000,6.6
22/06/2000,0.0
23/06/2000,0.0
24/06/2000,0.0
25/06/2000,0.0
26/06/2000,0.0
27/06/2000,2.7
28/06/2000,0.0
29/06/2000,3.2
30/06/2000,0.0
01/07/2000,7.6
02/07/2000,0.0
03/07/2000,0.0
04/07/2000,0.0
05/07/2000,0.7
06/07/2000,0.0
07/07/2000,0.0
08/07/2000,0.0
09/07/2000,0.0
10/07/2000,0.0
11/07/2000,0.0
12/07/2000,0.0
13/07/2000,0.0
14/07/2000,0.0
15/07/2000,0.0
16/07/2000,0.0
17/07/2000,0.0
18/07/2000,0.0
19/07/2000,0.0
20/07/2000,0.0
21/07/2000,15.1
22/07/2000,0.6
23/07/2000,0.0
24/07/2000,4.4
25/07/2000,0.9
26/07/2000,1.6
27/07/2000,0.0
28/07/2000,2.4
29/07/2000,0.5
30/07/2000,0.0
31/07/2000,0.0
01/08/2000,6.8
02/08/2000,10.0
03/08/2000,18.7
04/08/2000,0.0
05/08/2000,0.6
06/08/2000,0.0
07/08/2000,0.0
08/08/2000,8.3
09/08/2000,0.0
10/08/2000,0.0
11/08/2000,0.0
12/08/2000,0.0
13/08/2000,0.0
14/08/2000,0.0
15/08/2000,0.9
16/08/2000,0.0
17/08/2000,0.0
18/08/2000,0.0
19/08/2000,0.0
20/08/2000,26.2
21/08/2000,15.7
22/08/2000,0.0
23/08/2000,0.0
24/08/2000,0.0
25/08/2000,1.7
26/08/2000,0.0
27/08/2000,0.0
28/08/2000,0.0
29/08/2000,0.0
30/08/2000,0.0
31/08/2000,18.8
01/09/2000,0.0
02/09/2000,0.7
03/09/2000,0.0
04/09/2000,0.0
05/09/2000,0.0
06/09/2000,1.4
07/09/2000,0.6
08/09/2000,3.5
09/09/2000,0.0
10/09/2000,6.1
11/09/2000,0.0
12/09/2000,9.3
13/09/2000,0.0
14/09/2000,0.0
15/09/2000,22.3
16/09/2000,7.7
17/09/2000,0.7
18/09/2000,0.4
19/09/2000,0.0
20/09/2000,18.0
21/09/2000,6.6
22/09/2000,0.0
23/09/2000,0.0
24/09/2000,0.0
25/09/2000,10.3
26/09/2000,0.0
27/09/2000,0.0
28/09/2000,0.0
29/09/2000,0.0
30/09/2000,0.0
01/10/2000,4.2
02/10/2000,6.7
03/10/2000,2.9
04/10/2000,1.9
05/10/2000,0.6
06/10/2000,5.0
07/10/2000,5.5
08/10/2000,2.6
09/10/2000,7.8
10/10/2000,14.4
11/10/2000,0.7
12/10/2000,0.0
13/10/2000,13.5
14/10/2000,0.0
15/10/2000,12.6
16/10/2000,11.8
17/10/2000,11.1
18/10/2000,3.4
19/10/2000,2.4
20/10/2000,0.7
21/10/2000,0.0
22/10/2000,4.4
23/10/2000,0.0
24/10/2000,0.0
25/10/2000,0.0
26/10/2000,0.0
27/10/2000,3.4
28/10/2000,0.0
29/10/2000,38.2
30/10/2000,0.0
31/10/2000,0.0
01/11/2000,47.0
02/11/2000,0.6
03/11/2000,0.3
04/11/2000,4.0
05/11/2000,19.0
06/11/2000,0.5
07/11/2000,0.0
08/11/2000,55.5
09/11/2000,18.3
10/11/2000,0.0
11/11/2000,44.6
12/11/2000,0.7
13/11/2000,12.3
14/11/2000,18.0
15/11/2000,58.6
16/11/2000,81.6
17/11/2000,0.9
18/11/2000,4.9
19/11/2000,24.5
20/11/2000,43.0
21/11/2000,232.1
22/11/2000,95.7
23/11/2000,14.4
24/11/2000,1.0
25/11/2000,9.0
26/11/2000,13.8
27/11/2000,3.4
28/11/2000,3.1
29/11/2000,0.0
30/11/2000,16.7
01/12/2000,34.0
02/12/2000,0.0
03/12/2000,0.0
04/12/2000,0.0
05/12/2000,0.0
06/12/2000,0.0
07/12/2000,0.0
08/12/2000,0.0
09/12/2000,0.0
10/12/2000,0.0
11/12/2000,27.3
12/12/2000,6.7
13/12/2000,2.1
14/12/2000,0.9
15/12/2000,37.1
16/12/2000,12.9
17/12/2000,46.5
18/12/2000,22.5
19/12/2000,27.2
20/12/2000,21.1
21/12/2000,28.1
22/12/2000,1.5
23/12/2000,8.4
24/12/2000,0.2
25/12/2000,50.1
26/12/2000,0.0
27/12/2000,50.2
28/12/2000,11.9
29/12/2000,55.2
30/12/2000,118.4
31/12/2000,195.9
01/01/2001,95.4
02/01/2001,1.0
03/01/2001,0.0
04/01/2001,0.0
05/01/2001,0.0
06/01/2001,3.1
07/01/2001,38.3
08/01/2001,0.0
09/01/2001,0.0
10/01/2001,0.0
11/01/2001,0.0
12/01/2001,0.0
13/01/2001,3.9
14/01/2001,0.0
15/01/2001,0.0
16/01/2001,1.5
17/01/2001,32.7
18/01/2001,48.7
19/01/2001,1.3
20/01/2001,0.8
21/01/2001,0.0
22/01/2001,0.0
23/01/2001,0.0
24/01/2001,0.5
25/01/2001,52.9
26/01/2001,2.8
27/01/2001,0.0
28/01/2001,0.0
29/01/2001,4.0
30/01/2001,0.0
31/01/2001,1.7
01/02/2001,0.0
02/02/2001,0.0
03/02/2001,0.0
04/02/2001,0.0
05/02/2001,3.1
06/02/2001,0.0
07/02/2001,0.0
08/02/2001,1.1
09/02/2001,2.3
10/02/2001,0.0
11/02/2001,2.5
12/02/2001,0.0
13/02/2001,3.1
14/02/2001,0.0
15/02/2001,1.7
16/02/2001,0.0
17/02/2001,0.0
18/02/2001,0.0
19/02/2001,0.0
20/02/2001,0.0
21/02/2001,0.0
22/02/2001,0.0
23/02/2001,0.0
24/02/2001,0.0
25/02/2001,0.0
26/02/2001,0.0
27/02/2001,0.0
28/02/2001,0.0
01/03/2001,0.0
02/03/2001,0.0
03/03/2001,0.0
04/03/2001,6.0
05/03/2001,19.7
06/03/2001,23.1
07/03/2001,26.1
08/03/2001,1.1
09/03/2001,0.0
10/03/2001,9.8
11/03/2001,49.9
12/03/2001,0.0
13/03/2001,0.0
14/03/2001,0.0
15/03/2001,0.5
16/03/2001,0.0
17/03/2001,0.0
18/03/2001,0.0
19/03/2001,3.5
20/03/2001,0.0
21/03/2001,67.6
22/03/2001,0.0
23/03/2001,0.0
24/03/2001,0.0
25/03/2001,0.0
26/03/2001,0.0
27/03/2001,51.2
28/03/2001,32.1
29/03/2001,1.9
30/03/2001,0.0
31/03/2001,0.0
01/04/2001,0.0
02/04/2001,0.0
03/04/2001,28.1
04/04/2001,0.7
05/04/2001,2.1
06/04/2001,4.7
07/04/2001,0.0
08/04/2001,0.0
09/04/2001,2.7
10/04/2001,0.0
11/04/2001,0.0
12/04/2001,0.7
13/04/2001,0.0
14/04/2001,0.0
15/04/2001,0.0
16/04/2001,0.0
17/04/2001,0.0
18/04/2001,0.0
19/04/2001,0.0
20/04/2001,0.0
21/04/2001,0.0
22/04/2001,0.0
23/04/2001,0.0
24/04/2001,0.0
25/04/2001,9.1
26/04/2001,18.7
27/04/2001,30.2
28/04/2001,17.1
29/04/2001,0.0
30/04/2001,23.9
01/05/2001,0.8
02/05/2001,0.0
03/05/2001,0.0
04/05/2001,0.0
05/05/2001,0.0
06/05/2001,10.3
07/05/2001,13.7
08/05/2001,0.2
09/05/2001,0.0
10/05/2001,0.0
11/05/2001,0.0
12/05/2001,11.6
13/05/2001,0.0
14/05/2001,2.2
15/05/2001,3.4
16/05/2001,0.0
17/05/2001,0.0
18/05/2001,6.8
19/05/2001,0.6
20/05/2001,0.0
21/05/2001,0.0
22/05/2001,52.2
23/05/2001,16.7
24/05/2001,40.4
25/05/2001,0.9
26/05/2001,0.0
27/05/2001,4.8
28/05/2001,0.0
29/05/2001,0.0
30/05/2001,0.0
31/05/2001,0.0
01/06/2001,0.0
02/06/2001,0.0
03/06/2001,16.0
04/06/2001,6.3
05/06/2001,0.0
06/06/2001,3.3
07/06/2001,17.3
08/06/2001,0.0
09/06/2001,0.0
10/06/2001,0.0
11/06/2001,0.0
12/06/2001,0.0
13/06/2001,0.0
14/06/2001,0.0
15/06/2001,0.9
16/06/2001,22.1
17/06/2001,0.0
18/06/2001,1.0
19/06/2001,2.2
20/06/2001,0.0
21/06/2001,0.0
22/06/2001,0.0
23/06/2001,0.0
24/06/2001,0.0
25/06/2001,0.0
26/06/2001,0.0
27/06/2001,0.0
28/06/2001,0.0
29/06/2001,0.0
30/06/2001,0.4
01/07/2001,12.6
02/07/2001,0.0
03/07/2001,0.0
04/07/2001,0.0
05/07/2001,0.0
06/07/2001,0.0
07/07/2001,0.0
08/07/2001,0.0
09/07/2001,0.0
10/07/2001,0.0
11/07/2001,9.5
12/07/2001,0.0
13/07/2001,0.0
14/07/2001,73.1
15/07/2001,17.3
16/07/2001,0.0
17/07/2001,0.0
18/07/2001,0.0
19/07/2001,0.0
20/07/2001,0.0
21/07/2001,35.9
22/07/2001,0.0
23/07/2001,0.0
24/07/2001,0.0
25/07/2001,0.0
26/07/2001,0.0
27/07/2001,0.0
28/07/2001,0.0
29/07/2001,0.0
30/07/2001,0.0
31/07/2001,0.0
01/08/2001,0.0
02/08/2001,29.3
03/08/2001,18.1
04/08/2001,36.8
05/08/2001,36.2
06/08/2001,0.0
07/08/2001,14.0
08/08/2001,11.7
09/08/2001,0.0
10/08/2001,1.5
11/08/2001,0.0
12/08/2001,0.0
13/08/2001,2.5
14/08/2001,0.0
15/08/2001,0.0
16/08/2001,0.0
17/08/2001,0.0
18/08/2001,0.3
19/08/2001,30.1
20/08/2001,0.0
21/08/2001,1.1
22/08/2001,0.0
23/08/2001,0.0
24/08/2001,0.4
25/08/2001,0.0
26/08/2001,4.3
27/08/2001,0.0
28/08/2001,7.3
29/08/2001,27.7
30/08/2001,1.9
31/08/2001,0.0
01/09/2001,0.0
02/09/2001,16.4
03/09/2001,0.0
04/09/2001,0.0
05/09/2001,0.0
06/09/2001,0.0
07/09/2001,0.0
08/09/2001,0.0
09/09/2001,0.0
10/09/2001,33.3
11/09/2001,0.0
12/09/2001,0.0
13/09/2001,0.0
14/09/2001,0.0
15/09/2001,0.0
16/09/2001,0.0
17/09/2001,0.0
18/09/2001,21.7
19/09/2001,0.4
20/09/2001,1.4
21/09/2001,0.0
22/09/2001,0.0
23/09/2001,0.0
24/09/2001,25.9
25/09/2001,25.1
26/09/2001,23.8
27/09/2001,0.8
28/09/2001,0.0
29/09/2001,5.3
30/09/2001,0.7
01/10/2001,42.6
02/10/2001,36.5
03/10/2001,8.3
04/10/2001,0.6
05/10/2001,23.1
06/10/2001,24.5
07/10/2001,7.3
08/10/2001,20.0
09/10/2001,0.0
10/10/2001,0.0
11/10/2001,0.0
12/10/2001,0.3
13/10/2001,0.0
14/10/2001,0.0
15/10/2001,24.1
16/10/2001,1.4
17/10/2001,0.0
18/10/2001,0.0
19/10/2001,51.9
20/10/2001,0.0
21/10/2001,0.0
22/10/2001,0.2
23/10/2001,0.0
24/10/2001,0.5
25/10/2001,0.5
26/10/2001,0.0
27/10/2001,0.0
28/10/2001,1.6
29/10/2001,6.5
30/10/2001,11.8
31/10/2001,1.7
01/11/2001,2.8
02/11/2001,3.3
03/11/2001,0.0
04/11/2001,0.0
05/11/2001,0.0
06/11/2001,0.7
07/11/2001,12.7
08/11/2001,0.0
09/11/2001,61.9
10/11/2001,0.0
11/11/2001,0.0
12/11/2001,0.0
13/11/2001,2.3
14/11/2001,12.8
15/11/2001,62.3
16/11/2001,24.7
17/11/2001,251.1
18/11/2001,167.6
19/11/2001,19.8
20/11/2001,47.7
21/11/2001,31.4
22/11/2001,0.0
23/11/2001,0.0
24/11/2001,95.5
25/11/2001,19.7
26/11/2001,0.3
27/11/2001,0.0
28/11/2001,0.0
29/11/2001,0.0
30/11/2001,42.3
01/12/2001,0.0
02/12/2001,1.2
03/12/2001,0.0
04/12/2001,0.0
05/12/2001,0.0
06/12/2001,0.0
07/12/2001,0.0
08/12/2001,0.0
09/12/2001,0.0
10/12/2001,0.0
11/12/2001,0.0
12/12/2001,0.0
13/12/2001,0.0
14/12/2001,21.1
15/12/2001,31.8
16/12/2001,64.2
17/12/2001,6.0
18/12/2001,4.9
19/12/2001,0.9
20/12/2001,4.2
21/12/2001,19.0
22/12/2001,12.7
23/12/2001,20.8
24/12/2001,2.7
25/12/2001,0.0
26/12/2001,3.4
27/12/2001,4.9
28/12/2001,46.3
29/12/2001,38.2
30/12/2001,3.2
31/12/2001,0.0
01/01/2002,0.0
02/01/2002,0.0
03/01/2002,0.0
04/01/2002,0.0
05/01/2002,1.8
06/01/2002,0.7
07/01/2002,0.5
08/01/2002,1.7
09/01/2002,2.6
10/01/2002,0.0
11/01/2002,5.1
12/01/2002,0.9
13/01/2002,0.0
14/01/2002,0.0
15/01/2002,0.0
16/01/2002,0.0
17/01/2002,0.0
18/01/2002,0.0
19/01/2002,0.0
20/01/2002,41.6
21/01/2002,2.9
22/01/2002,1.3
23/01/2002,1.0
24/01/2002,3.3
25/01/2002,0.0
26/01/2002,0.0
27/01/2002,6.0
28/01/2002,0.0
29/01/2002,0.0
30/01/2002,0.0
31/01/2002,0.0
01/02/2002,4.2
02/02/2002,7.9
03/02/2002,0.0
04/02/2002,0.0
05/02/2002,0.0
06/02/2002,0.0
07/02/2002,0.0
08/02/2002,0.0
09/02/2002,0.0
10/02/2002,0.0
11/02/2002,0.0
12/02/2002,1.6
13/02/2002,1.8
14/02/2002,0.0
15/02/2002,0.0
16/02/2002,0.0
17/02/2002,0.0
18/02/2002,0.0
19/02/2002,0.0
20/02/2002,9.8
21/02/2002,1.4
22/02/2002,0.0
23/02/2002,0.0
24/02/2002,3.9
25/02/2002,2.4
26/02/2002,2.9
27/02/2002,0.0
28/02/2002,0.0
01/03/2002,0.0
02/03/2002,0.0
03/03/2002,0.0
04/03/2002,0.0
05/03/2002,0.0
06/03/2002,0.0
07/03/2002,0.0
08/03/2002,2.5
09/03/2002,0.0
10/03/2002,0.6
11/03/2002,0.3
12/03/2002,0.0
13/03/2002,0.0
14/03/2002,0.0
15/03/2002,0.0
16/03/2002,0.0
17/03/2002,0.0
18/03/2002,0.0
19/03/2002,7.2
20/03/2002,112.3
21/03/2002,36.1
22/03/2002,0.0
23/03/2002,0.0
24/03/2002,0.0
25/03/2002,0.0
26/03/2002,0.0
03/04/2002,0.0
04/04/2002,0.0
05/04/2002,0.0
06/04/2002,0.0
07/04/2002,0.0
08/04/2002,0.0
09/04/2002,0.5
10/04/2002,0.0
11/04/2002,0.0
12/04/2002,0.0
13/04/2002,11.4
14/04/2002,23.7
15/04/2002,0.0
16/04/2002,0.0
17/04/2002,0.0
18/04/2002,0.0
19/04/2002,0.0
20/04/2002,10.8
21/04/2002,6.0
22/04/2002,0.0
23/04/2002,0.0
24/04/2002,0.0
25/04/2002,0.0
26/04/2002,0.0
27/04/2002,25.0
28/04/2002,6.6
29/04/2002,85.3
30/04/2002,12.2
01/05/2002,8.7
02/05/2002,0.0
03/05/2002,1.3
04/05/2002,0.0
05/05/2002,1.4
06/05/2002,29.3
07/05/2002,0.0
08/05/2002,0.0
09/05/2002,0.0
10/05/2002,0.0
11/05/2002,0.0
12/05/2002,0.0
13/05/2002,0.0
14/05/2002,0.0
15/05/2002,0.0
16/05/2002,0.0
17/05/2002,0.0
18/05/2002,0.0
19/05/2002,0.0
20/05/2002,26.9
21/05/2002,0.0
22/05/2002,0.0
23/05/2002,0.0
24/05/2002,0.0
25/05/2002,5.1
26/05/2002,0.2
27/05/2002,0.0
28/05/2002,0.0
29/05/2002,0.0
30/05/2002,0.0
31/05/2002,0.0
01/06/2002,0.0
02/06/2002,0.0
03/06/2002,0.0
04/06/2002,0.0
05/06/2002,0.0
06/06/2002,0.0
07/06/2002,3.9
08/06/2002,0.0
09/06/2002,0.0
10/06/2002,0.0
11/06/2002,0.0
12/06/2002,11.5
13/06/2002,12.4
14/06/2002,1.6
15/06/2002,0.0
16/06/2002,1.5
17/06/2002,0.0
18/06/2002,0.0
19/06/2002,0.0
20/06/2002,0.0
21/06/2002,0.0
22/06/2002,0.0
23/06/2002,0.0
24/06/2002,0.0
25/06/2002,0.0
26/06/2002,0.0
27/06/2002,0.0
28/06/2002,8.6
29/06/2002,0.5
30/06/2002,0.0
01/07/2002,0.0
02/07/2002,23.6
03/07/2002,28.7
04/07/2002,7.2
05/07/2002,0.0
06/07/2002,0.0
07/07/2002,0.0
08/07/2002,0.0
09/07/2002,23.4
10/07/2002,2.9
11/07/2002,31.1
12/07/2002,0.0
13/07/2002,0.0
14/07/2002,0.0
15/07/2002,0.0
16/07/2002,0.0
17/07/2002,0.0
18/07/2002,0.0
19/07/2002,0.0
20/07/2002,0.0
21/07/2002,13.3
22/07/2002,0.0
23/07/2002,0.0
24/07/2002,0.0
25/07/2002,0.0
26/07/2002,0.0
27/07/2002,25.5
28/07/2002,0.0
29/07/2002,0.6
30/07/2002,0.0
31/07/2002,0.0
01/08/2002,0.0
02/08/2002,62.9
03/08/2002,1.2
04/08/2002,0.0
05/08/2002,0.0
06/08/2002,0.0
07/08/2002,0.0
08/08/2002,0.0
09/08/2002,0.0
10/08/2002,0.0
11/08/2002,0.0
12/08/2002,0.0
13/08/2002,0.5
14/08/2002,0.0
15/08/2002,0.0
16/08/2002,0.0
17/08/2002,0.0
18/08/2002,0.0
19/08/2002,0.0
20/08/2002,0.0
21/08/2002,0.0
22/08/2002,0.0
23/08/2002,0.0
24/08/2002,0.0
25/08/2002,0.0
26/08/2002,17.3
27/08/2002,0.0
28/08/2002,0.0
29/08/2002,0.0
30/08/2002,24.5
31/08/2002,11.7
01/09/2002,0.0
02/09/2002,4.2
03/09/2002,8.4
04/09/2002,0.0
05/09/2002,0.0
06/09/2002,0.0
07/09/2002,0.0
08/09/2002,0.0
09/09/2002,0.0
10/09/2002,0.0
11/09/2002,0.0
12/09/2002,0.0
13/09/2002,0.0
14/09/2002,0.0
15/09/2002,0.0
16/09/2002,0.0
17/09/2002,0.0
18/09/2002,3.5
19/09/2002,2.1
20/09/2002,11.6
21/09/2002,42.7
22/09/2002,4.0
23/09/2002,0.0
24/09/2002,0.0
25/09/2002,0.0
26/09/2002,0.0
27/09/2002,9.0
28/09/2002,0.0
29/09/2002,3.8
30/09/2002,0.0
01/10/2002,0.0
02/10/2002,0.0
03/10/2002,0.0
04/10/2002,0.0
05/10/2002,0.0
06/10/2002,0.0
07/10/2002,0.0
08/10/2002,0.0
09/10/2002,0.0
10/10/2002,37.7
11/10/2002,7.1
12/10/2002,4.7
13/10/2002,0.0
14/10/2002,9.3
15/10/2002,1.4
16/10/2002,0.0
17/10/2002,27.3
18/10/2002,7.4
19/10/2002,3.9
20/10/2002,0.0
21/10/2002,0.0
22/10/2002,0.0
23/10/2002,4.2
24/10/2002,0.7
25/10/2002,0.0
26/10/2002,0.0
27/10/2002,0.0
28/10/2002,5.6
29/10/2002,0.0
30/10/2002,0.0
31/10/2002,5.8
01/11/2002,0.0
02/11/2002,7.1
03/11/2002,11.2
04/11/2002,55.0
05/11/2002,39.0
06/11/2002,40.5
07/11/2002,0.0
08/11/2002,0.0
09/11/2002,0.0
10/11/2002,5.6
11/11/2002,0.0
12/11/2002,0.0
13/11/2002,1.1
14/11/2002,21.3
15/11/2002,0.0
16/11/2002,0.0
17/11/2002,0.0
18/11/2002,59.1
19/11/2002,134.5
20/11/2002,1.8
21/11/2002,0.0
22/11/2002,0.0
23/11/2002,0.0
24/11/2002,1.0
25/11/2002,41.4
26/11/2002,1.8
27/11/2002,11.2
28/11/2002,32.9
29/11/2002,0.0
30/11/2002,0.0
01/12/2002,12.9
02/12/2002,0.0
03/12/2002,5.8
04/12/2002,9.0
05/12/2002,19.2
06/12/2002,1.4
07/12/2002,45.1
08/12/2002,39.8
09/12/2002,51.4
10/12/2002,13.5
11/12/2002,41.6
12/12/2002,3.3
13/12/2002,12.4
14/12/2002,2.2
15/12/2002,8.7
16/12/2002,4.8
17/12/2002,13.3
18/12/2002,44.0
19/12/2002,2.2
20/12/2002,0.6
21/12/2002,1.3
22/12/2002,0.0
23/12/2002,1.7
24/12/2002,62.9
25/12/2002,16.9
26/12/2002,15.7
27/12/2002,6.6
28/12/2002,1.2
29/12/2002,59.9
30/12/2002,20.4
31/12/2002,24.5
01/01/2003,128.5
02/01/2003,28.8
03/01/2003,0.6
04/01/2003,2.7
05/01/2003,7.0
06/01/2003,10.6
07/01/2003,0.0
08/01/2003,0.0
09/01/2003,0.0
10/01/2003,0.0
11/01/2003,3.3
12/01/2003,2.3
13/01/2003,0.0
14/01/2003,0.0
15/01/2003,7.7
16/01/2003,10.9
17/01/2003,6.4
18/01/2003,1.0
19/01/2003,0.8
20/01/2003,0.0
21/01/2003,0.0
22/01/2003,7.8
23/01/2003,0.0
24/01/2003,0.0
25/01/2003,0.0
26/01/2003,0.0
27/01/2003,0.0
28/01/2003,2.2
29/01/2003,0.0
30/01/2003,19.9
31/01/2003,0.0
01/02/2003,0.0
02/02/2003,0.0
03/02/2003,0.0
04/02/2003,0.8
05/02/2003,0.0
06/02/2003,0.0
07/02/2003,0.0
08/02/2003,0.4
09/02/2003,1.0
10/02/2003,0.8
11/02/2003,0.5
12/02/2003,0.4
13/02/2003,0.0
14/02/2003,9.7
15/02/2003,31.5
16/02/2003,0.0
17/02/2003,0.0
18/02/2003,0.0
19/02/2003,0.0
20/02/2003,0.0
21/02/2003,0.0
22/02/2003,0.0
23/02/2003,0.0
24/02/2003,0.0
25/02/2003,0.0
26/02/2003,0.0
27/02/2003,0.0
28/02/2003,0.0
01/03/2003,0.0
02/03/2003,0.0
03/03/2003,0.0
04/03/2003,0.0
05/03/2003,0.0
06/03/2003,0.0
07/03/2003,0.0
08/03/2003,0.0
09/03/2003,0.0
10/03/2003,6.1
11/03/2003,14.8
12/03/2003,0.4
13/03/2003,0.0
14/03/2003,0.4
15/03/2003,2.2
16/03/2003,0.0
17/03/2003,0.0
18/03/2003,0.0
19/03/2003,0.0
20/03/2003,0.0
21/03/2003,7.0
22/03/2003,52.2
23/03/2003,12.8
24/03/2003,110.5
25/03/2003,112.3
26/03/2003,30.4
27/03/2003,27.9
28/03/2003,0.0
29/03/2003,6.4
30/03/2003,1.7
31/03/2003,2.4
01/04/2003,12.6
02/04/2003,1.6
03/04/2003,0.0
04/04/2003,0.0
05/04/2003,0.0
06/04/2003,0.0
07/04/2003,0.0
08/04/2003,0.0
09/04/2003,0.0
10/04/2003,19.8
11/04/2003,21.4
12/04/2003,4.7
13/04/2003,0.0
14/04/2003,0.0
15/04/2003,0.0
16/04/2003,0.0
17/04/2003,0.0
18/04/2003,0.0
19/04/2003,0.0
20/04/2003,0.4
21/04/2003,0.0
22/04/2003,0.0
23/04/2003,0.0
24/04/2003,0.0
25/04/2003,0.0
26/04/2003,0.0
27/04/2003,0.0
28/04/2003,0.0
29/04/2003,6.5
30/04/2003,27.4
01/05/2003,0.8
02/05/2003,0.0
03/05/2003,7.4
04/05/2003,0.0
05/05/2003,0.0
06/05/2003,0.0
07/05/2003,0.0
08/05/2003,0.0
09/05/2003,24.5
10/05/2003,1.1
11/05/2003,27.9
12/05/2003,50.9
13/05/2003,0.0
14/05/2003,4.1
15/05/2003,0.0
16/05/2003,1.3
17/05/2003,0.0
18/05/2003,1.4
19/05/2003,0.0
20/05/2003,0.0
21/05/2003,0.0
22/05/2003,2.5
23/05/2003,5.4
24/05/2003,0.0
25/05/2003,0.0
26/05/2003,0.0
27/05/2003,0.0
28/05/2003,0.0
29/05/2003,0.0
30/05/2003,5.3
31/05/2003,0.0
01/06/2003,0.0
02/06/2003,0.0
03/06/2003,0.0
04/06/2003,0.0
05/06/2003,0.0
06/06/2003,0.0
07/06/2003,0.0
08/06/2003,0.0
09/06/2003,0.0
10/06/2003,0.0
11/06/2003,0.0
12/06/2003,0.0
13/06/2003,0.0
14/06/2003,14.2
15/06/2003,0.0
16/06/2003,0.0
17/06/2003,2.2
18/06/2003,0.0
19/06/2003,60.8
20/06/2003,0.0
21/06/2003,0.0
22/06/2003,0.0
23/06/2003,4.2
24/06/2003,0.6
25/06/2003,0.0
26/06/2003,6.9
27/06/2003,0.0
28/06/2003,0.0
29/06/2003,0.0
30/06/2003,0.0
01/07/2003,6.6
02/07/2003,0.3
03/07/2003,42.7
04/07/2003,48.0
05/07/2003,0.0
06/07/2003,0.0
07/07/2003,0.0
08/07/2003,0.0
09/07/2003,0.0
10/07/2003,0.0
11/07/2003,0.0
12/07/2003,25.3
13/07/2003,37.0
14/07/2003,0.0
15/07/2003,0.0
16/07/2003,0.0
17/07/2003,0.0
18/07/2003,0.0
19/07/2003,18.0
20/07/2003,0.0
21/07/2003,0.0
22/07/2003,0.0
23/07/2003,0.0
24/07/2003,0.0
25/07/2003,0.0
26/07/2003,0.0
27/07/2003,0.0
28/07/2003,0.0
29/07/2003,2.1
30/07/2003,0.0
31/07/2003,0.0
01/08/2003,5.0
02/08/2003,9.4
03/08/2003,0.0
04/08/2003,0.0
05/08/2003,0.0
06/08/2003,0.0
07/08/2003,0.0
08/08/2003,0.0
09/08/2003,0.0
10/08/2003,1.6
11/08/2003,0.0
12/08/2003,0.0
13/08/2003,0.0
14/08/2003,6.2
15/08/2003,0.0
16/08/2003,0.0
17/08/2003,0.0
18/08/2003,0.0
19/08/2003,0.0
20/08/2003,0.0
21/08/2003,0.0
22/08/2003,0.0
23/08/2003,0.0
24/08/2003,0.0
25/08/2003,0.0
26/08/2003,23.6
27/08/2003,0.5
28/08/2003,5.0
29/08/2003,11.4
30/08/2003,16.3
31/08/2003,0.0
01/09/2003,33.4
02/09/2003,1.8
03/09/2003,0.0
04/09/2003,0.0
05/09/2003,21.8
06/09/2003,0.0
07/09/2003,0.0
08/09/2003,0.0
09/09/2003,16.4
10/09/2003,1.7
11/09/2003,0.0
12/09/2003,9.6
13/09/2003,12.4
14/09/2003,0.0
15/09/2003,1.6
16/09/2003,0.0
17/09/2003,41.5
18/09/2003,0.0
19/09/2003,0.0
20/09/2003,0.0
21/09/2003,5.3
22/09/2003,27.8
23/09/2003,0.0
24/09/2003,0.0
25/09/2003,12.6
26/09/2003,0.0
27/09/2003,0.0
28/09/2003,0.0
29/09/2003,39.7
30/09/2003,40.9
01/10/2003,1.1
02/10/2003,15.7
03/10/2003,2.2
04/10/2003,25.4
05/10/2003,0.5
06/10/2003,6.8
07/10/2003,0.3
08/10/2003,42.6
09/10/2003,7.3
10/10/2003,0.0
11/10/2003,9.6
12/10/2003,12.0
13/10/2003,0.0
14/10/2003,16.1
15/10/2003,0.7
16/10/2003,87.2
17/10/2003,1.0
18/10/2003,0.6
19/10/2003,0.0
20/10/2003,0.0
21/10/2003,0.0
22/10/2003,0.3
23/10/2003,2.5
24/10/2003,4.9
25/10/2003,2.9
26/10/2003,44.1
27/10/2003,2.3
28/10/2003,3.4
29/10/2003,27.7
30/10/2003,35.4
31/10/2003,0.0
01/11/2003,22.2
02/11/2003,3.4
03/11/2003,56.4
04/11/2003,0.0
05/11/2003,12.0
06/11/2003,0.6
07/11/2003,1.8
08/11/2003,50.2
09/11/2003,6.0
10/11/2003,3.6
11/11/2003,20.0
12/11/2003,78.8
13/11/2003,0.0
14/11/2003,8.4
15/11/2003,21.2
16/11/2003,0.0
17/11/2003,0.0
18/11/2003,0.0
19/11/2003,27.9
20/11/2003,0.0
21/11/2003,0.0
22/11/2003,1.5
23/11/2003,22.5
24/11/2003,35.8
25/11/2003,58.5
26/11/2003,18.8
27/11/2003,41.0
28/11/2003,5.7
29/11/2003,158.4
30/11/2003,3.6
01/12/2003,218.1
02/12/2003,109.3
03/12/2003,6.8
04/12/2003,0.0
05/12/2003,0.0
06/12/2003,7.5
07/12/2003,15.2
08/12/2003,19.6
09/12/2003,20.7
10/12/2003,63.3
11/12/2003,43.5
12/12/2003,88.6
13/12/2003,26.2
14/12/2003,6.3
15/12/2003,4.3
16/12/2003,0.0
17/12/2003,0.0
18/12/2003,0.0
19/12/2003,0.7
20/12/2003,19.9
21/12/2003,23.6
22/12/2003,2.4
23/12/2003,3.8
24/12/2003,0.0
25/12/2003,0.0
26/12/2003,0.0
27/12/2003,0.0
28/12/2003,0.0
29/12/2003,0.0
30/12/2003,0.0
31/12/2003,0.5
01/01/2004,0.0
02/01/2004,0.0
03/01/2004,2.3
04/01/2004,0.0
05/01/2004,0.0
06/01/2004,0.0
07/01/2004,0.0
08/01/2004,15.3
09/01/2004,2.5
10/01/2004,0.0
11/01/2004,0.0
12/01/2004,0.0
13/01/2004,0.0
14/01/2004,0.0
15/01/2004,0.0
16/01/2004,0.0
17/01/2004,0.0
18/01/2004,0.0
19/01/2004,9.6
20/01/2004,0.0
21/01/2004,0.0
22/01/2004,0.0
23/01/2004,0.0
24/01/2004,0.0
25/01/2004,0.0
26/01/2004,1.3
27/01/2004,1.7
28/01/2004,14.6
29/01/2004,0.0
30/01/2004,1.7
31/01/2004,0.5
01/02/2004,1.6
02/02/2004,3.1
03/02/2004,0.0
04/02/2004,0.0
05/02/2004,0.0
06/02/2004,0.0
07/02/2004,0.0
08/02/2004,0.0
09/02/2004,0.0
10/02/2004,0.0
11/02/2004,0.0
12/02/2004,0.0
13/02/2004,0.0
14/02/2004,0.0
15/02/2004,0.0
16/02/2004,0.0
17/02/2004,0.0
18/02/2004,0.0
19/02/2004,0.0
20/02/2004,0.0
21/02/2004,0.0
22/02/2004,0.0
23/02/2004,0.0
24/02/2004,0.0
25/02/2004,0.0
26/02/2004,0.0
27/02/2004,0.0
28/02/2004,0.0
29/02/2004,2.3
01/03/2004,0.0
02/03/2004,0.0
03/03/2004,0.0
04/03/2004,0.0
05/03/2004,1.5
06/03/2004,0.0
07/03/2004,0.0
08/03/2004,0.0
09/03/2004,0.0
10/03/2004,0.7
11/03/2004,0.0
12/03/2004,0.0
13/03/2004,27.7
14/03/2004,0.0
15/03/2004,0.0
16/03/2004,0.0
17/03/2004,0.0
18/03/2004,0.0
19/03/2004,0.0
20/03/2004,0.0
21/03/2004,0.0
22/03/2004,0.0
23/03/2004,0.0
24/03/2004,0.0
25/03/2004,0.0
26/03/2004,0.0
27/03/2004,0.0
28/03/2004,0.0
29/03/2004,0.0
30/03/2004,0.0
31/03/2004,0.0
01/04/2004,0.0
02/04/2004,0.0
03/04/2004,0.0
04/04/2004,0.0
05/04/2004,0.0
06/04/2004,0.0
07/04/2004,0.0
08/04/2004,0.0
09/04/2004,0.0
10/04/2004,0.0
11/04/2004,0.0
12/04/2004,0.0
13/04/2004,0.0
14/04/2004,0.0
15/04/2004,0.0
16/04/2004,0.0
17/04/2004,0.0
18/04/2004,0.0
19/04/2004,0.0
20/04/2004,0.0
21/04/2004,0.0
22/04/2004,0.0
23/04/2004,0.0
24/04/2004,0.0
25/04/2004,0.0
26/04/2004,0.0
27/04/2004,0.0
28/04/2004,0.0
29/04/2004,0.0
30/04/2004,0.0
01/05/2004,0.0
02/05/2004,0.0
03/05/2004,0.0
04/05/2004,0.0
05/05/2004,0.0
06/05/2004,0.0
07/05/2004,0.0
08/05/2004,0.0
09/05/2004,0.0
10/05/2004,0.0
11/05/2004,4.8
12/05/2004,0.0
13/05/2004,0.0
14/05/2004,0.0
15/05/2004,0.0
16/05/2004,0.0
17/05/2004,0.0
18/05/2004,0.0
19/05/2004,0.0
20/05/2004,0.0
21/05/2004,0.0
22/05/2004,0.0
23/05/2004,0.0
24/05/2004,0.0
25/05/2004,4.9
26/05/2004,0.0
27/05/2004,0.6
28/05/2004,0.0
29/05/2004,0.0
30/05/2004,0.0
31/05/2004,0.0
01/06/2004,0.0
02/06/2004,0.0
03/06/2004,0.0
04/06/2004,0.0
05/06/2004,0.0
06/06/2004,0.0
07/06/2004,0.0
08/06/2004,0.0
09/06/2004,0.0
10/06/2004,0.0
11/06/2004,0.0
12/06/2004,0.0
13/06/2004,0.0
14/06/2004,0.0
15/06/2004,0.0
16/06/2004,0.0
17/06/2004,0.0
18/06/2004,0.0
19/06/2004,0.0
20/06/2004,0.0
21/06/2004,5.6
22/06/2004,2.3
23/06/2004,3.4
24/06/2004,0.0
25/06/2004,0.0
26/06/2004,3.5
27/06/2004,0.0
28/06/2004,2.3
29/06/2004,4.5
30/06/2004,4.1
01/07/2004,0.0
02/07/2004,2.6
03/07/2004,0.0
04/07/2004,0.3
05/07/2004,0.0
06/07/2004,0.0
07/07/2004,0.0
08/07/2004,0.0
09/07/2004,0.9
10/07/2004,3.5
11/07/2004,0.0
12/07/2004,0.0
13/07/2004,0.0
14/07/2004,0.0
15/07/2004,0.0
16/07/2004,42.1
17/07/2004,0.0
18/07/2004,0.0
19/07/2004,13.6
20/07/2004,9.8
21/07/2004,0.8
22/07/2004,0.0
23/07/2004,0.0
24/07/2004,0.0
25/07/2004,1.0
26/07/2004,9.0
27/07/2004,30.5
28/07/2004,1.3
29/07/2004,0.5
30/07/2004,0.0
31/07/2004,15.4
01/08/2004,2.2
02/08/2004,50.8
03/08/2004,0.0
04/08/2004,0.0
05/08/2004,0.0
06/08/2004,0.0
07/08/2004,0.0
08/08/2004,0.0
09/08/2004,0.0
10/08/2004,2.6
11/08/2004,13.6
12/08/2004,0.0
13/08/2004,0.0
14/08/2004,22.8
15/08/2004,31.7
16/08/2004,0.6
17/08/2004,0.0
18/08/2004,2.2
19/08/2004,0.0
20/08/2004,0.5
21/08/2004,0.6
22/08/2004,19.2
23/08/2004,37.5
24/08/2004,0.0
25/08/2004,15.2
26/08/2004,0.0
27/08/2004,36.7
28/08/2004,3.9
29/08/2004,0.0
30/08/2004,0.0
31/08/2004,0.0
01/09/2004,0.0
02/09/2004,0.0
03/09/2004,0.0
04/09/2004,0.0
05/09/2004,0.0
06/09/2004,0.0
07/09/2004,0.0
08/09/2004,0.0
09/09/2004,0.0
10/09/2004,0.0
11/09/2004,0.0
12/09/2004,0.0
13/09/2004,5.9
14/09/2004,0.0
15/09/2004,24.8
16/09/2004,1.2
17/09/2004,18.9
18/09/2004,3.8
19/09/2004,0.0
20/09/2004,0.1
21/09/2004,0.0
22/09/2004,0.0
23/09/2004,0.0
24/09/2004,2.8
25/09/2004,0.0
26/09/2004,2.2
27/09/2004,0.2
28/09/2004,3.1
29/09/2004,0.0
30/09/2004,0.0
01/10/2004,2.5
02/10/2004,1.5
03/10/2004,0.0
04/10/2004,16.7
05/10/2004,3.2
06/10/2004,1.9
07/10/2004,51.7
08/10/2004,6.8
09/10/2004,5.8
10/10/2004,2.2
11/10/2004,6.8
12/10/2004,0.0
13/10/2004,2.6
14/10/2004,8.3
15/10/2004,36.9
16/10/2004,0.0
17/10/2004,2.1
18/10/2004,0.0
19/10/2004,36.6
20/10/2004,7.0
21/10/2004,0.0
22/10/2004,0.0
23/10/2004,0.0
24/10/2004,9.5
25/10/2004,5.3
26/10/2004,52.0
27/10/2004,56.5
28/10/2004,5.3
29/10/2004,7.6
30/10/2004,75.9
31/10/2004,6.1
01/11/2004,77.6
02/11/2004,1.3
03/11/2004,17.3
04/11/2004,144.9
05/11/2004,92.6
06/11/2004,56.6
07/11/2004,0.4
08/11/2004,7.0
09/11/2004,22.2
10/11/2004,0.0
11/11/2004,2.2
12/11/2004,3.4
13/11/2004,44.7
14/11/2004,8.7
15/11/2004,5.8
16/11/2004,2.5
17/11/2004,3.4
18/11/2004,1.0
19/11/2004,0.9
20/11/2004,5.5
21/11/2004,7.9
22/11/2004,24.0
23/11/2004,0.0
24/11/2004,0.0
25/11/2004,0.0
26/11/2004,0.4
27/11/2004,41.6
28/11/2004,142.1
29/11/2004,20.6
30/11/2004,3.6
01/12/2004,0.8
02/12/2004,0.0
03/12/2004,38.0
04/12/2004,7.3
05/12/2004,14.1
06/12/2004,6.3
07/12/2004,20.9
08/12/2004,79.9
09/12/2004,8.4
10/12/2004,83.9
11/12/2004,6.6
12/12/2004,0.8
13/12/2004,2.3
14/12/2004,0.0
15/12/2004,0.0
16/12/2004,18.2
17/12/2004,0.0
18/12/2004,0.0
19/12/2004,0.0
20/12/2004,0.0
21/12/2004,0.0
22/12/2004,2.7
23/12/2004,0.0
24/12/2004,18.1
25/12/2004,0.0
26/12/2004,8.1
27/12/2004,2.0
28/12/2004,1.3
29/12/2004,1.2
30/12/2004,3.9
31/12/2004,0.0
01/01/2005,0.9
02/01/2005,0.5
03/01/2005,0.0
04/01/2005,5.3
05/01/2005,0.3
06/01/2005,0.0
07/01/2005,25.1
08/01/2005,1.9
09/01/2005,0.8
10/01/2005,0.0
11/01/2005,0.0
12/01/2005,0.0
13/01/2005,0.0
14/01/2005,0.0
15/01/2005,0.0
16/01/2005,3.5
17/01/2005,0.7
18/01/2005,0.0
19/01/2005,0.0
20/01/2005,0.0
21/01/2005,3.0
22/01/2005,0.0
23/01/2005,4.5
24/01/2005,0.0
25/01/2005,0.0
26/01/2005,0.0
27/01/2005,0.0
28/01/2005,0.0
29/01/2005,0.0
30/01/2005,0.0
31/01/2005,0.0
01/02/2005,0.0
02/02/2005,0.0
03/02/2005,0.0
04/02/2005,0.0
05/02/2005,0.0
06/02/2005,0.0
07/02/2005,0.0
08/02/2005,0.0
09/02/2005,4.3
10/02/2005,0.0
11/02/2005,0.3
12/02/2005,0.6
13/02/2005,0.0
19/05/2005,2.4
20/05/2005,0.0
21/05/2005,8.9
22/05/2005,0.0
23/05/2005,0.0
24/05/2005,0.0
25/05/2005,0.0
26/05/2005,0.0
27/05/2005,0.0
28/05/2005,0.0
29/05/2005,0.0
30/05/2005,9.9
31/05/2005,0.0
01/06/2005,0.0
02/06/2005,38.5
03/06/2005,0.0
04/06/2005,60.4
05/06/2005,0.0
06/06/2005,0.0
07/06/2005,51.3
08/06/2005,0.0
09/06/2005,0.0
10/06/2005,0.0
11/06/2005,0.0
12/06/2005,0.0
13/06/2005,0.0
14/06/2005,18.8
15/06/2005,22.9
16/06/2005,0.0
17/06/2005,41.2
18/06/2005,0.0
19/06/2005,0.0
20/06/2005,8.8
21/06/2005,3.5
22/06/2005,24.1
23/06/2005,9.0
24/06/2005,0.0
25/06/2005,2.6
26/06/2005,1.6
27/06/2005,0.0
28/06/2005,0.0
29/06/2005,0.0
30/06/2005,0.0
01/07/2005,0.0
02/07/2005,21.4
03/07/2005,53.0
04/07/2005,3.0
05/07/2005,2.6
06/07/2005,0.0
07/07/2005,1.0
08/07/2005,2.3
09/07/2005,1.5
10/07/2005,0.0
11/07/2005,0.0
12/07/2005,0.0
13/07/2005,0.0
14/07/2005,0.0
15/07/2005,13.6
16/07/2005,23.0
17/07/2005,0.0
18/07/2005,57.9
19/07/2005,31.8
20/07/2005,0.5
21/07/2005,0.0
22/07/2005,5.5
23/07/2005,33.7
24/07/2005,0.7
25/07/2005,2.7
26/07/2005,0.5
27/07/2005,0.0
28/07/2005,0.0
29/07/2005,0.0
30/07/2005,0.0
31/07/2005,0.0
01/08/2005,5.8
02/08/2005,1.7
03/08/2005,21.9
04/08/2005,2.7
05/08/2005,0.0
06/08/2005,0.0
07/08/2005,0.0
08/08/2005,0.0
09/08/2005,14.1
10/08/2005,6.1
11/08/2005,0.0
12/08/2005,0.0
13/08/2005,0.0
14/08/2005,0.0
15/08/2005,0.0
16/08/2005,0.0
17/08/2005,0.0
18/08/2005,0.0
19/08/2005,0.0
20/08/2005,0.0
21/08/2005,0.0
22/08/2005,0.0
23/08/2005,12.6
24/08/2005,1.2
25/08/2005,0.0
26/08/2005,0.0
27/08/2005,34.3
28/08/2005,1.0
29/08/2005,0.0
30/08/2005,0.0
31/08/2005,0.0
01/09/2005,0.0
02/09/2005,0.0
03/09/2005,34.7
04/09/2005,2.4
05/09/2005,0.6
06/09/2005,11.8
07/09/2005,14.1
08/09/2005,0.0
09/09/2005,0.0
10/09/2005,0.0
11/09/2005,0.0
12/09/2005,0.0
13/09/2005,0.0
14/09/2005,0.0
15/09/2005,0.0
16/09/2005,0.0
17/09/2005,0.0
18/09/2005,0.0
19/09/2005,0.0
20/09/2005,0.0
21/09/2005,0.6
22/09/2005,0.0
23/09/2005,120.6
24/09/2005,1.0
25/09/2005,0.4
26/09/2005,0.0
27/09/2005,0.0
28/09/2005,0.0
02/10/2005,0.0
03/10/2005,4.8
04/10/2005,12.9
05/10/2005,4.0
06/10/2005,0.5
07/10/2005,14.5
08/10/2005,41.6
09/10/2005,3.0
10/10/2005,6.2
11/10/2005,0.0
12/10/2005,0.0
13/10/2005,0.0
14/10/2005,0.0
15/10/2005,0.0
16/10/2005,12.3
17/10/2005,2.3
18/10/2005,3.2
19/10/2005,22.9
20/10/2005,31.3
21/10/2005,0.0
22/10/2005,12.5
23/10/2005,0.0
24/10/2005,12.8
25/10/2005,2.2
26/10/2005,66.5
27/10/2005,32.7
28/10/2005,3.8
29/10/2005,0.0
30/10/2005,43.4
31/10/2005,0.7
01/11/2005,0.0
02/11/2005,0.0
03/11/2005,0.0
04/11/2005,0.0
05/11/2005,1.4
06/11/2005,3.7
07/11/2005,0.8
08/11/2005,2.3
09/11/2005,2.0
10/11/2005,4.0
11/11/2005,4.8
12/11/2005,0.0
13/11/2005,0.0
14/11/2005,4.7
15/11/2005,3.0
16/11/2005,3.0
17/11/2005,0.0
18/11/2005,26.3
19/11/2005,61.0
20/11/2005,43.5
21/11/2005,2.4
22/11/2005,85.5
23/11/2005,84.1
24/11/2005,14.1
25/11/2005,1.8
26/11/2005,5.3
27/11/2005,15.7
28/11/2005,79.2
29/11/2005,5.0
30/11/2005,2.9
01/12/2005,10.4
02/12/2005,22.7
03/12/2005,2.2
04/12/2005,0.0
05/12/2005,5.3
06/12/2005,2.3
07/12/2005,16.0
08/12/2005,33.8
09/12/2005,16.2
10/12/2005,0.0
11/12/2005,0.0
12/12/2005,26.0
13/12/2005,23.1
14/12/2005,38.2
15/12/2005,13.1
16/12/2005,162.7
17/12/2005,107.9
18/12/2005,10.3
27/12/2005,1.4
28/12/2005,0.0
29/12/2005,0.0
30/12/2005,0.0
31/12/2005,19.5
01/01/2006,29.8
02/01/2006,2.6
03/01/2006,1.5
04/01/2006,5.4
05/01/2006,2.1
06/01/2006,0.0
07/01/2006,24.3
08/01/2006,19.3
09/01/2006,0.0
10/01/2006,0.7
11/01/2006,2.0
12/01/2006,0.5
13/01/2006,0.0
14/01/2006,1.1
15/01/2006,0.0
16/01/2006,1.2
17/01/2006,0.0
18/01/2006,0.0
19/01/2006,0.0
20/01/2006,0.0
21/01/2006,0.0
22/01/2006,0.0
23/01/2006,0.0
24/01/2006,0.0
25/01/2006,0.0
26/01/2006,0.0
27/01/2006,0.0
28/01/2006,0.0
29/01/2006,0.0
30/01/2006,0.0
31/01/2006,0.0
01/02/2006,6.9
02/02/2006,0.0
03/02/2006,0.0
04/02/2006,0.0
05/02/2006,0.7
06/02/2006,0.0
07/02/2006,1.2
08/02/2006,0.0
09/02/2006,13.7
10/02/2006,11.7
11/02/2006,29.4
12/02/2006,49.5
13/02/2006,72.7
14/02/2006,22.9
15/02/2006,0.0
16/02/2006,0.0
17/02/2006,0.0
18/02/2006,0.0
19/02/2006,0.0
20/02/2006,0.0
21/02/2006,2.1
22/02/2006,27.9
23/02/2006,0.0
24/02/2006,0.0
25/02/2006,4.8
26/02/2006,0.0
27/02/2006,0.0
28/02/2006,0.0
01/03/2006,0.0
02/03/2006,2.3
03/03/2006,14.2
04/03/2006,0.0
05/03/2006,0.0
06/03/2006,0.0
07/03/2006,0.0
08/03/2006,0.0
09/03/2006,0.0
10/03/2006,0.0
11/03/2006,2.2
12/03/2006,0.0
13/03/2006,0.0
14/03/2006,0.0
15/03/2006,0.0
16/03/2006,0.0
17/03/2006,0.0
18/03/2006,0.0
19/03/2006,2.5
20/03/2006,0.0
21/03/2006,2.7
22/03/2006,0.6
23/03/2006,0.4
24/03/2006,10.9
25/03/2006,4.9
26/03/2006,0.0
27/03/2006,0.0
28/03/2006,0.9
29/03/2006,1.9
30/03/2006,0.0
31/03/2006,1.8
01/04/2006,2.2
02/04/2006,0.5
03/04/2006,0.0
04/04/2006,0.0
05/04/2006,2.9
06/04/2006,2.1
07/04/2006,3.7
08/04/2006,47.1
09/04/2006,7.7
10/04/2006,6.9
11/04/2006,0.6
12/04/2006,0.0
13/04/2006,0.0
14/04/2006,0.0
15/04/2006,6.6
16/04/2006,0.0
17/04/2006,8.1
18/04/2006,1.1
27/04/2006,0.0
28/04/2006,0.0
29/04/2006,0.0
30/04/2006,0.0
01/05/2006,0.0
02/05/2006,0.0
03/05/2006,9.9
04/05/2006,0.0
05/05/2006,0.0
06/05/2006,0.0
07/05/2006,9.9
15/05/2006,2.5
16/05/2006,42.6
17/05/2006,0.6
18/05/2006,7.2
19/05/2006,33.4
20/05/2006,1.0
21/05/2006,0.0
22/05/2006,5.3
23/05/2006,0.0
24/05/2006,1.3
25/05/2006,0.0
26/05/2006,8.6
27/05/2006,5.9
28/05/2006,0.0
29/05/2006,0.0
30/05/2006,1.7
31/05/2006,0.0
01/06/2006,0.0
02/06/2006,22.9
03/06/2006,0.0
04/06/2006,0.0
05/06/2006,0.0
06/06/2006,24.1
07/06/2006,0.0
08/06/2006,0.0
09/06/2006,12.7
10/06/2006,0.0
11/06/2006,0.0
12/06/2006,11.9
13/06/2006,3.2
14/06/2006,1.3
15/06/2006,2.5
16/06/2006,7.5
17/06/2006,19.6
18/06/2006,9.4
19/06/2006,0.0
20/06/2006,0.0
21/06/2006,0.0
22/06/2006,16.6
23/06/2006,0.0
24/06/2006,2.9
25/06/2006,30.8
26/06/2006,0.0
27/06/2006,0.0
28/06/2006,0.0
29/06/2006,0.0
30/06/2006,0.0
01/07/2006,0.0
02/07/2006,0.0
03/07/2006,0.0
04/07/2006,0.0
05/07/2006,0.0
06/07/2006,0.0
07/07/2006,12.5
08/07/2006,0.0
09/07/2006,15.6
10/07/2006,31.1
11/07/2006,36.0
12/07/2006,0.0
13/07/2006,19.7
14/07/2006,7.0
15/07/2006,28.8
16/07/2006,17.7
17/07/2006,15.0
18/07/2006,0.0
19/07/2006,0.0
20/07/2006,1.6
21/07/2006,25.8
22/07/2006,11.7
23/07/2006,0.0
17/11/2006,1.9
18/11/2006,62.2
19/11/2006,33.8
20/11/2006,35.6
21/11/2006,1.0
22/11/2006,0.0
23/11/2006,0.5
24/11/2006,18.9
25/11/2006,11.2
26/11/2006,27.2
27/11/2006,15.7
28/11/2006,15.8
29/11/2006,5.0
30/11/2006,34.2
01/12/2006,18.3
02/12/2006,1.2
03/12/2006,0.0
04/12/2006,0.0
05/12/2006,0.0
06/12/2006,1.2
07/12/2006,22.3
08/12/2006,71.1
09/12/2006,22.2
10/12/2006,6.5
11/12/2006,69.7
12/12/2006,39.0
13/12/2006,0.0
14/12/2006,0.5
15/12/2006,16.4
16/12/2006,17.7
17/12/2006,3.4
18/12/2006,2.4
19/12/2006,11.6
20/12/2006,18.0
21/12/2006,0.0
22/12/2006,0.0
23/12/2006,0.0
24/12/2006,0.0
25/12/2006,0.0
26/12/2006,3.2
27/12/2006,2.8
28/12/2006,0.5
29/12/2006,0.0
30/12/2006,0.0
31/12/2006,0.0
01/01/2007,111.5
02/01/2007,57.9
03/01/2007,2.6
04/01/2007,1.4
05/01/2007,14.0
06/01/2007,18.1
07/01/2007,171.5
08/01/2007,14.2
09/01/2007,1.8
10/01/2007,2.0
11/01/2007,1.3
12/01/2007,4.3
13/01/2007,3.3
14/01/2007,1.3
15/01/2007,1.0
16/01/2007,2.3
17/01/2007,1.7
18/01/2007,9.7
19/01/2007,6.0
20/01/2007,0.7
21/01/2007,0.1
22/01/2007,1.0
23/01/2007,1.1
24/01/2007,0.0
25/01/2007,0.3
26/01/2007,0.2
27/01/2007,0.0
28/01/2007,0.0
29/01/2007,0.0
30/01/2007,0.0
31/01/2007,0.0
01/02/2007,0.0
02/02/2007,0.0
03/02/2007,0.0
04/02/2007,0.0
05/02/2007,0.5
06/02/2007,0.0
07/02/2007,0.0
08/02/2007,0.0
09/02/2007,0.0
10/02/2007,0.0
11/02/2007,0.5
12/02/2007,0.0
13/02/2007,0.5
14/02/2007,0.0
15/02/2007,0.0
16/02/2007,0.0
17/02/2007,0.0
18/02/2007,0.0
19/02/2007,0.0
20/02/2007,0.0
21/02/2007,0.0
22/02/2007,0.3
23/02/2007,6.7
24/02/2007,0.0
25/02/2007,0.0
26/02/2007,0.0
27/02/2007,0.0
28/02/2007,0.0
01/03/2007,0.0
02/03/2007,0.0
03/03/2007,0.0
04/03/2007,0.0
05/03/2007,0.0
06/03/2007,0.0
07/03/2007,0.0
08/03/2007,0.0
09/03/2007,0.0
10/03/2007,0.4
11/03/2007,1.1
12/03/2007,0.4
13/03/2007,12.1
14/03/2007,0.0
15/03/2007,0.0
16/03/2007,0.0
17/03/2007,0.0
18/03/2007,0.0
19/03/2007,0.0
20/03/2007,0.5
21/03/2007,31.6
22/03/2007,33.9
23/03/2007,9.5
24/03/2007,0.5
25/03/2007,0.0
26/03/2007,0.0
27/03/2007,0.0
28/03/2007,0.0
29/03/2007,10.0
30/03/2007,0.0
31/03/2007,55.5
01/04/2007,0.0
02/04/2007,0.0
03/04/2007,0.0
04/04/2007,0.0
05/04/2007,0.3
06/04/2007,16.3
07/04/2007,19.6
08/04/2007,5.0
09/04/2007,20.6
10/04/2007,1.5
11/04/2007,2.5
12/04/2007,0.0
13/04/2007,4.9
14/04/2007,2.1
15/04/2007,0.0
16/04/2007,0.0
17/04/2007,0.0
18/04/2007,0.0
19/04/2007,0.0
20/04/2007,0.0
21/04/2007,0.0
22/04/2007,0.0
23/04/2007,0.0
24/04/2007,0.0
25/04/2007,3.5
26/04/2007,2.8
27/04/2007,11.1
28/04/2007,1.1
29/04/2007,32.2
30/04/2007,11.8
01/05/2007,55.5
02/05/2007,0.0
03/05/2007,0.0
04/05/2007,0.0
05/05/2007,0.0
06/05/2007,3.3
07/05/2007,7.7
08/05/2007,0.5
09/05/2007,2.0
10/05/2007,4.5
11/05/2007,0.0
12/05/2007,0.0
13/05/2007,0.0
14/05/2007,0.5
15/05/2007,11.4
16/05/2007,0.1
17/05/2007,0.0
18/05/2007,0.0
19/05/2007,0.0
20/05/2007,0.0
21/05/2007,1.0
22/05/2007,0.0
23/05/2007,0.0
24/05/2007,0.0
25/05/2007,0.0
26/05/2007,0.0
27/05/2007,0.0
28/05/2007,19.0
29/05/2007,0.0
30/05/2007,0.0
31/05/2007,0.0
01/06/2007,0.0
02/06/2007,0.0
03/06/2007,0.0
04/06/2007,0.0
05/06/2007,0.0
06/06/2007,0.0
07/06/2007,0.0
08/06/2007,0.0
09/06/2007,0.0
10/06/2007,0.0
11/06/2007,0.0
12/06/2007,0.0
13/06/2007,0.0
14/06/2007,0.0
15/06/2007,0.4
16/06/2007,10.4
17/06/2007,26.0
18/06/2007,10.7
19/06/2007,9.5
20/06/2007,0.5
21/06/2007,9.5
22/06/2007,1.5
23/06/2007,27.0
24/06/2007,0.0
25/06/2007,5.3
26/06/2007,0.2
27/06/2007,0.0
28/06/2007,0.0
29/06/2007,0.5
30/06/2007,0.0
01/07/2007,0.0
02/07/2007,0.0
03/07/2007,0.0
04/07/2007,26.9
05/07/2007,0.1
06/07/2007,0.0
07/07/2007,13.4
08/07/2007,9.6
09/07/2007,0.0
10/07/2007,0.0
11/07/2007,1.0
12/07/2007,0.0
13/07/2007,16.2
14/07/2007,5.5
15/07/2007,0.8
16/07/2007,0.0
17/07/2007,0.0
18/07/2007,0.0
19/07/2007,0.0
20/07/2007,0.4
21/07/2007,2.5
22/07/2007,35.7
23/07/2007,1.9
24/07/2007,6.0
25/07/2007,0.0
26/07/2007,0.5
27/07/2007,19.0
28/07/2007,0.5
29/07/2007,5.0
30/07/2007,6.0
31/07/2007,49.1
01/08/2007,0.8
02/08/2007,2.6
03/08/2007,0.0
04/08/2007,0.0
05/08/2007,0.0
06/08/2007,33.5
07/08/2007,0.0
08/08/2007,0.0
09/08/2007,0.0
10/08/2007,0.0
11/08/2007,0.3
12/08/2007,34.2
13/08/2007,0.0
14/08/2007,0.0
15/08/2007,0.0
16/08/2007,0.5
17/08/2007,0.5
18/08/2007,31.0
19/08/2007,1.4
20/08/2007,12.1
21/08/2007,0.0
22/08/2007,0.0
23/08/2007,0.0
24/08/2007,0.0
25/08/2007,0.0
26/08/2007,0.0
27/08/2007,8.5
28/08/2007,8.0
29/08/2007,0.0
30/08/2007,0.0
31/08/2007,0.0
01/09/2007,0.0
02/09/2007,0.0
03/09/2007,0.0
04/09/2007,0.0
05/09/2007,0.0
06/09/2007,0.0
07/09/2007,0.0
08/09/2007,2.0
09/09/2007,0.0
10/09/2007,17.8
11/09/2007,2.1
12/09/2007,0.6
13/09/2007,15.0
14/09/2007,24.9
15/09/2007,2.9
16/09/2007,0.2
17/09/2007,0.0
18/09/2007,0.0
19/09/2007,0.0
20/09/2007,10.5
21/09/2007,5.0
22/09/2007,17.5
23/09/2007,8.5
24/09/2007,0.0
25/09/2007,0.0
26/09/2007,46.5
27/09/2007,0.0
28/09/2007,0.0
29/09/2007,0.0
30/09/2007,0.0
01/10/2007,0.0
02/10/2007,0.0
03/10/2007,0.0
04/10/2007,0.4
05/10/2007,1.1
06/10/2007,7.6
07/10/2007,10.4
08/10/2007,0.0
09/10/2007,0.0
10/10/2007,0.0
11/10/2007,19.0
12/10/2007,0.0
13/10/2007,0.0
14/10/2007,0.0
15/10/2007,2.0
16/10/2007,0.0
17/10/2007,0.0
18/10/2007,1.0
19/10/2007,11.7
20/10/2007,54.2
21/10/2007,25.3
22/10/2007,0.3
23/10/2007,1.7
24/10/2007,13.8
25/10/2007,0.6
26/10/2007,13.4
27/10/2007,0.0
28/10/2007,9.6
29/10/2007,84.4
30/10/2007,0.0
31/10/2007,3.2
01/11/2007,9.5
02/11/2007,10.8
03/11/2007,4.0
04/11/2007,0.5
05/11/2007,3.8
06/11/2007,8.2
07/11/2007,19.3
08/11/2007,38.7
09/11/2007,12.4
10/11/2007,18.0
11/11/2007,0.3
12/11/2007,38.7
13/11/2007,0.0
14/11/2007,8.7
15/11/2007,7.6
16/11/2007,23.8
17/11/2007,0.0
18/11/2007,0.0
19/11/2007,10.4
20/11/2007,42.8
21/11/2007,6.3
22/11/2007,0.0
23/11/2007,0.0
24/11/2007,0.0
25/11/2007,0.0
26/11/2007,0.0
27/11/2007,20.5
28/11/2007,9.2
29/11/2007,20.6
30/11/2007,6.7
01/12/2007,0.0
02/12/2007,1.0
03/12/2007,34.0
04/12/2007,1.3
05/12/2007,8.0
06/12/2007,22.3
07/12/2007,116.5
08/12/2007,9.7
09/12/2007,11.2
10/12/2007,13.0
11/12/2007,14.0
12/12/2007,1.7
13/12/2007,13.7
14/12/2007,26.1
15/12/2007,4.0
16/12/2007,22.0
17/12/2007,0.5
18/12/2007,0.0
19/12/2007,1.3
20/12/2007,13.1
21/12/2007,31.6
22/12/2007,0.0
23/12/2007,0.0
24/12/2007,0.0
25/12/2007,0.0
26/12/2007,0.0
27/12/2007,0.0
28/12/2007,0.0
29/12/2007,0.0
30/12/2007,0.4
31/12/2007,15.2
01/01/2008,69.4
02/01/2008,35.3
03/01/2008,2.6
04/01/2008,0.5
05/01/2008,0.8
06/01/2008,6.1
07/01/2008,0.6
08/01/2008,0.0
09/01/2008,0.0
10/01/2008,0.0
11/01/2008,0.0
12/01/2008,0.0
13/01/2008,0.0
14/01/2008,0.0
15/01/2008,0.0
16/01/2008,0.4
17/01/2008,39.2
18/01/2008,1.8
19/01/2008,1.9
20/01/2008,1.0
21/01/2008,4.7
22/01/2008,0.0
23/01/2008,0.0
24/01/2008,0.0
25/01/2008,0.0
26/01/2008,0.0
27/01/2008,1.5
28/01/2008,0.0
29/01/2008,0.0
30/01/2008,0.0
31/01/2008,0.0
01/02/2008,0.0
02/02/2008,0.0
03/02/2008,0.0
04/02/2008,3.0
05/02/2008,0.0
06/02/2008,0.0
07/02/2008,0.0
08/02/2008,0.0
09/02/2008,0.0
10/02/2008,0.0
11/02/2008,0.0
12/02/2008,0.0
13/02/2008,0.0
14/02/2008,0.0
15/02/2008,0.0
16/02/2008,0.0
17/02/2008,0.0
18/02/2008,0.0
19/02/2008,0.0
20/02/2008,0.0
21/02/2008,0.0
22/02/2008,0.0
23/02/2008,0.0
24/02/2008,0.4
25/02/2008,103.1
26/02/2008,0.5
27/02/2008,36.7
28/02/2008,33.3
29/02/2008,0.0
01/03/2008,0.5
02/03/2008,0.0
03/03/2008,0.0
04/03/2008,0.0
05/03/2008,0.0
06/03/2008,17.5
07/03/2008,0.0
08/03/2008,0.4
09/03/2008,0.1
10/03/2008,0.7
11/03/2008,3.3
12/03/2008,0.0
13/03/2008,0.0
14/03/2008,0.5
15/03/2008,28.5
16/03/2008,0.0
17/03/2008,0.0
18/03/2008,0.0
19/03/2008,0.0
20/03/2008,0.0
21/03/2008,0.5
22/03/2008,0.3
23/03/2008,22.5
24/03/2008,11.4
25/03/2008,26.7
26/03/2008,0.0
27/03/2008,0.0
28/03/2008,0.0
29/03/2008,0.0
30/03/2008,0.0
31/03/2008,0.0
01/04/2008,0.0
02/04/2008,0.0
03/04/2008,0.8
04/04/2008,11.7
05/04/2008,0.0
06/04/2008,0.0
07/04/2008,8.5
08/04/2008,0.0
09/04/2008,0.0
10/04/2008,0.0
11/04/2008,0.0
12/04/2008,11.5
13/04/2008,0.0
14/04/2008,0.0
15/04/2008,0.0
16/04/2008,0.0
17/04/2008,0.0
18/04/2008,0.0
19/04/2008,0.0
20/04/2008,0.0
21/04/2008,0.3
22/04/2008,0.5
23/04/2008,23.7
24/04/2008,10.4
25/04/2008,0.0
26/04/2008,0.0
27/04/2008,0.0
28/04/2008,0.0
29/04/2008,2.5
30/04/2008,0.0
01/05/2008,0.0
02/05/2008,0.0
03/05/2008,0.0
04/05/2008,0.5
05/05/2008,51.8
06/05/2008,17.2
07/05/2008,0.0
08/05/2008,0.0
09/05/2008,6.5
10/05/2008,9.5
11/05/2008,0.0
12/05/2008,0.0
13/05/2008,0.0
14/05/2008,0.0
15/05/2008,0.4
16/05/2008,1.1
17/05/2008,0.4
18/05/2008,6.6
19/05/2008,23.0
20/05/2008,0.4
21/05/2008,0.6
22/05/2008,0.0
23/05/2008,0.0
24/05/2008,0.0
25/05/2008,0.0
26/05/2008,0.0
27/05/2008,0.0
28/05/2008,0.0
29/05/2008,0.0
30/05/2008,0.0
31/05/2008,0.0
01/06/2008,0.0
02/06/2008,0.0
03/06/2008,0.0
04/06/2008,0.0
05/06/2008,0.0
06/06/2008,0.0
07/06/2008,5.0
08/06/2008,0.5
09/06/2008,0.4
10/06/2008,24.1
11/06/2008,16.0
12/06/2008,0.5
13/06/2008,0.3
14/06/2008,22.2
15/06/2008,0.0
16/06/2008,0.0
17/06/2008,0.0
18/06/2008,0.0
19/06/2008,0.0
20/06/2008,0.0
21/06/2008,0.0
22/06/2008,0.0
23/06/2008,2.0
24/06/2008,1.0
25/06/2008,0.4
26/06/2008,9.6
27/06/2008,0.5
28/06/2008,0.0
29/06/2008,0.0
30/06/2008,3.5
01/07/2008,0.0
02/07/2008,0.0
03/07/2008,25.1
04/07/2008,0.4
05/07/2008,4.5
06/07/2008,0.0
07/07/2008,0.0
08/07/2008,0.0
09/07/2008,0.0
10/07/2008,0.0
11/07/2008,0.0
12/07/2008,0.0
13/07/2008,0.0
14/07/2008,0.0
15/07/2008,0.0
16/07/2008,0.0
17/07/2008,11.5
18/07/2008,0.0
19/07/2008,2.5
20/07/2008,0.0
21/07/2008,0.0
22/07/2008,0.0
23/07/2008,0.0
24/07/2008,99.8
25/07/2008,17.2
26/07/2008,14.7
27/07/2008,0.3
28/07/2008,0.0
29/07/2008,2.5
30/07/2008,0.0
31/07/2008,0.0
01/08/2008,0.0
02/08/2008,0.0
03/08/2008,0.5
04/08/2008,14.9
05/08/2008,14.7
06/08/2008,10.5
07/08/2008,15.0
08/08/2008,0.4
09/08/2008,6.6
10/08/2008,0.0
11/08/2008,2.1
12/08/2008,16.0
13/08/2008,4.5
14/08/2008,0.0
15/08/2008,2.5
16/08/2008,17.5
17/08/2008,0.0
18/08/2008,5.5
19/08/2008,0.0
20/08/2008,0.0
21/08/2008,0.0
22/08/2008,0.0
23/08/2008,0.0
24/08/2008,0.0
25/08/2008,0.0
26/08/2008,0.0
27/08/2008,0.0
28/08/2008,0.0
29/08/2008,6.5
30/08/2008,0.0
31/08/2008,0.0
01/09/2008,0.0
02/09/2008,0.0
03/09/2008,0.0
04/09/2008,0.5
05/09/2008,13.0
06/09/2008,10.9
07/09/2008,3.6
08/09/2008,0.0
09/09/2008,0.0
10/09/2008,0.0
11/09/2008,0.0
12/09/2008,0.0
13/09/2008,1.4
14/09/2008,1.6
15/09/2008,3.9
16/09/2008,0.6
17/09/2008,0.0
18/09/2008,0.0
19/09/2008,0.0
20/09/2008,0.0
21/09/2008,24.0
22/09/2008,0.5
23/09/2008,0.0
24/09/2008,0.0
25/09/2008,0.0
26/09/2008,18.5
27/09/2008,0.5
28/09/2008,0.0
29/09/2008,7.0
30/09/2008,2.0
01/10/2008,0.5
02/10/2008,0.0
03/10/2008,0.0
04/10/2008,0.0
05/10/2008,0.0
06/10/2008,0.0
07/10/2008,0.5
08/10/2008,0.0
09/10/2008,2.0
10/10/2008,0.0
11/10/2008,0.0
12/10/2008,0.0
13/10/2008,0.0
14/10/2008,0.0
15/10/2008,4.2
16/10/2008,3.8
17/10/2008,0.0
18/10/2008,0.0
19/10/2008,0.0
20/10/2008,1.8
21/10/2008,31.8
22/10/2008,1.9
23/10/2008,2.0
24/10/2008,27.0
25/10/2008,8.9
26/10/2008,2.1
27/10/2008,0.5
28/10/2008,0.0
29/10/2008,0.5
30/10/2008,63.5
31/10/2008,6.0
01/11/2008,0.4
02/11/2008,29.6
03/11/2008,0.0
04/11/2008,0.0
05/11/2008,0.5
06/11/2008,2.0
07/11/2008,0.5
08/11/2008,33.5
09/11/2008,0.4
10/11/2008,11.3
11/11/2008,58.1
12/11/2008,85.7
13/11/2008,2.9
14/11/2008,1.8
15/11/2008,3.8
16/11/2008,0.0
17/11/2008,0.5
18/11/2008,7.9
19/11/2008,87.4
20/11/2008,244.0
21/11/2008,30.8
22/11/2008,46.5
23/11/2008,8.7
24/11/2008,34.3
25/11/2008,70.2
26/11/2008,26.4
27/11/2008,74.8
28/11/2008,46.9
29/11/2008,184.1
30/11/2008,5.8
01/12/2008,334.4
02/12/2008,101.1
03/12/2008,2.1
04/12/2008,0.0
05/12/2008,47.6
06/12/2008,195.0
07/12/2008,1.2
08/12/2008,2.7
09/12/2008,0.0
10/12/2008,0.3
11/12/2008,0.2
12/12/2008,0.0
13/12/2008,0.4
14/12/2008,18.6
15/12/2008,4.5
16/12/2008,1.5
17/12/2008,0.4
18/12/2008,0.1
19/12/2008,4.5
20/12/2008,0.5
21/12/2008,0.0
22/12/2008,0.5
23/12/2008,0.0
24/12/2008,11.8
25/12/2008,108.3
26/12/2008,32.0
27/12/2008,1.8
28/12/2008,15.9
29/12/2008,31.1
30/12/2008,12.9
31/12/2008,35.6
01/01/2009,18.9
02/01/2009,5.2
03/01/2009,0.9
04/01/2009,5.9
05/01/2009,2.7
06/01/2009,0.0
07/01/2009,0.6
08/01/2009,0.9
09/01/2009,0.0
10/01/2009,11.4
11/01/2009,11.5
12/01/2009,11.7
13/01/2009,16.5
14/01/2009,1.0
15/01/2009,0.0
16/01/2009,0.5
17/01/2009,0.0
18/01/2009,0.0
19/01/2009,0.0
20/01/2009,0.0
21/01/2009,0.0
22/01/2009,0.4
23/01/2009,3.1
24/01/2009,9.9
25/01/2009,0.1
26/01/2009,0.0
27/01/2009,0.0
28/01/2009,0.0
29/01/2009,0.0
30/01/2009,0.0
31/01/2009,0.0
01/02/2009,0.0
02/02/2009,0.0
03/02/2009,0.0
04/02/2009,0.0
05/02/2009,0.0
06/02/2009,0.0
07/02/2009,0.0
08/02/2009,0.0
09/02/2009,0.0
10/02/2009,0.0
11/02/2009,0.0
12/02/2009,0.0
13/02/2009,0.0
14/02/2009,0.0
15/02/2009,0.0
16/02/2009,0.0
17/02/2009,0.0
18/02/2009,0.0
19/02/2009,0.0
20/02/2009,0.0
21/02/2009,2.0
22/02/2009,0.0
23/02/2009,0.0
24/02/2009,0.4
25/02/2009,8.5
26/02/2009,1.6
27/02/2009,0.0
28/02/2009,46.7
01/03/2009,34.8
02/03/2009,36.4
03/03/2009,44.3
04/03/2009,5.9
05/03/2009,0.0
06/03/2009,0.0
07/03/2009,0.0
08/03/2009,0.0
09/03/2009,3.0
10/03/2009,0.0
11/03/2009,0.0
12/03/2009,0.0
13/03/2009,0.0
14/03/2009,12.0
15/03/2009,63.7
16/03/2009,65.5
17/03/2009,1.2
18/03/2009,1.8
19/03/2009,64.7
20/03/2009,0.0
21/03/2009,13.0
22/03/2009,0.0
23/03/2009,2.5
24/03/2009,0.0
25/03/2009,0.0
26/03/2009,0.4
27/03/2009,0.1
28/03/2009,28.0
29/03/2009,0.0
30/03/2009,6.0
31/03/2009,0.5
01/04/2009,2.3
02/04/2009,42.3
03/04/2009,5.1
04/04/2009,10.5
05/04/2009,12.3
06/04/2009,3.4
07/04/2009,12.9
08/04/2009,0.9
09/04/2009,12.3
10/04/2009,0.8
11/04/2009,0.6
12/04/2009,0.0
13/04/2009,0.0
14/04/2009,0.0
15/04/2009,15.0
16/04/2009,0.0
17/04/2009,0.0
18/04/2009,1.9
19/04/2009,0.1
20/04/2009,0.0
21/04/2009,0.0
22/04/2009,0.0
23/04/2009,0.0
24/04/2009,0.0
25/04/2009,0.0
26/04/2009,0.0
27/04/2009,11.0
28/04/2009,0.5
29/04/2009,0.0
30/04/2009,0.0
01/05/2009,0.5
02/05/2009,41.8
03/05/2009,2.7
04/05/2009,5.0
05/05/2009,64.1
06/05/2009,1.4
07/05/2009,0.0
08/05/2009,7.5
09/05/2009,41.4
10/05/2009,11.5
11/05/2009,5.5
12/05/2009,0.5
13/05/2009,25.0
14/05/2009,0.0
15/05/2009,0.0
16/05/2009,0.0
17/05/2009,4.9
18/05/2009,0.6
19/05/2009,0.0
20/05/2009,1.8
21/05/2009,4.2
22/05/2009,0.0
23/05/2009,0.0
24/05/2009,0.0
25/05/2009,0.0
26/05/2009,8.0
27/05/2009,0.5
28/05/2009,2.7
29/05/2009,1.2
30/05/2009,1.6
31/05/2009,0.0
01/06/2009,0.0
02/06/2009,0.4
03/06/2009,19.1
04/06/2009,0.0
05/06/2009,0.0
06/06/2009,0.4
07/06/2009,14.6
08/06/2009,0.0
09/06/2009,0.0
10/06/2009,0.0
11/06/2009,1.5
12/06/2009,0.0
13/06/2009,0.0
14/06/2009,0.5
15/06/2009,0.0
16/06/2009,0.0
17/06/2009,0.0
18/06/2009,0.0
19/06/2009,0.0
20/06/2009,0.0
21/06/2009,0.0
22/06/2009,0.0
23/06/2009,85.4
24/06/2009,19.6
25/06/2009,0.0
26/06/2009,0.5
27/06/2009,0.0
28/06/2009,0.0
29/06/2009,18.0
30/06/2009,0.0
01/07/2009,0.0
02/07/2009,0.0
03/07/2009,0.0
04/07/2009,0.5
05/07/2009,0.0
06/07/2009,0.0
07/07/2009,0.0
08/07/2009,0.0
09/07/2009,0.0
10/07/2009,0.0
11/07/2009,0.0
12/07/2009,0.0
13/07/2009,0.0
14/07/2009,18.2
15/07/2009,0.3
16/07/2009,0.0
17/07/2009,0.0
18/07/2009,0.0
19/07/2009,0.0
20/07/2009,0.0
21/07/2009,23.4
22/07/2009,10.1
23/07/2009,0.5
24/07/2009,23.5
25/07/2009,0.0
26/07/2009,0.0
27/07/2009,0.0
28/07/2009,0.0
29/07/2009,1.9
30/07/2009,6.6
31/07/2009,0.0
01/08/2009,53.5
02/08/2009,17.5
03/08/2009,0.5
04/08/2009,0.5
05/08/2009,23.0
06/08/2009,6.0
07/08/2009,8.7
08/08/2009,4.3
09/08/2009,25.0
10/08/2009,0.0
11/08/2009,0.0
12/08/2009,1.5
13/08/2009,0.0
14/08/2009,0.0
15/08/2009,0.0
16/08/2009,0.0
17/08/2009,0.0
18/08/2009,0.0
19/08/2009,0.0
20/08/2009,0.0
21/08/2009,0.0
22/08/2009,0.0
23/08/2009,0.0
24/08/2009,0.0
25/08/2009,0.0
26/08/2009,15.0
27/08/2009,1.0
28/08/2009,5.5
29/08/2009,5.9
30/08/2009,13.1
31/08/2009,1.0
01/09/2009,0.0
02/09/2009,0.0
03/09/2009,0.0
04/09/2009,40.0
05/09/2009,18.6
06/09/2009,2.9
07/09/2009,0.0
08/09/2009,0.0
09/09/2009,7.0
10/09/2009,0.0
11/09/2009,0.4
12/09/2009,4.0
13/09/2009,10.6
14/09/2009,0.0
15/09/2009,46.0
16/09/2009,0.4
17/09/2009,4.6
18/09/2009,0.0
19/09/2009,0.0
20/09/2009,0.0
21/09/2009,1.6
22/09/2009,0.9
23/09/2009,9.0
24/09/2009,8.5
25/09/2009,0.0
26/09/2009,0.4
27/09/2009,2.6
28/09/2009,8.0
29/09/2009,0.0
30/09/2009,5.0
01/10/2009,0.5
02/10/2009,0.0
03/10/2009,6.2
04/10/2009,8.3
05/10/2009,18.5
06/10/2009,1.0
07/10/2009,0.0
08/10/2009,64.5
09/10/2009,3.0
10/10/2009,104.3
11/10/2009,3.7
12/10/2009,0.0
13/10/2009,9.1
14/10/2009,1.4
15/10/2009,0.0
16/10/2009,0.0
17/10/2009,0.0
18/10/2009,37.5
19/10/2009,0.5
20/10/2009,0.0
21/10/2009,0.0
22/10/2009,0.0
23/10/2009,0.0
24/10/2009,0.0
25/10/2009,2.5
26/10/2009,0.0
27/10/2009,0.4
28/10/2009,2.1
29/10/2009,48.4
30/10/2009,20.1
31/10/2009,5.5
01/11/2009,21.8
02/11/2009,90.7
03/11/2009,0.8
04/11/2009,40.4
05/11/2009,62.4
06/11/2009,57.3
07/11/2009,1.1
08/11/2009,7.1
09/11/2009,41.9
10/11/2009,0.0
11/11/2009,0.4
12/11/2009,2.6
13/11/2009,15.3
14/11/2009,1.8
15/11/2009,21.0
16/11/2009,0.5
17/11/2009,18.6
18/11/2009,80.6
19/11/2009,88.7
20/11/2009,46.4
21/11/2009,121.2
22/11/2009,105.6
23/11/2009,22.3
24/11/2009,54.2
25/11/2009,0.0
26/11/2009,0.0
27/11/2009,0.0
28/11/2009,5.8
29/11/2009,3.9
30/11/2009,143.2
01/12/2009,156.5
02/12/2009,71.9
03/12/2009,5.8
04/12/2009,0.0
05/12/2009,0.0
06/12/2009,0.0
07/12/2009,0.0
08/12/2009,0.5
09/12/2009,0.0
10/12/2009,0.0
11/12/2009,0.0
12/12/2009,0.0
13/12/2009,0.4
14/12/2009,39.6
15/12/2009,0.5
16/12/2009,16.2
17/12/2009,9.4
18/12/2009,11.8
19/12/2009,4.7
20/12/2009,0.0
21/12/2009,0.0
22/12/2009,0.0
23/12/2009,1.7
24/12/2009,0.8
25/12/2009,0.5
26/12/2009,0.9
27/12/2009,1.6
28/12/2009,0.0
29/12/2009,0.0
30/12/2009,0.0
31/12/2009,0.4
01/01/2010,53.3
02/01/2010,6.3
03/01/2010,0.4
04/01/2010,59.1
05/01/2010,1.0
06/01/2010,0.5
07/01/2010,38.0
08/01/2010,40.5
09/01/2010,0.0
10/01/2010,0.0
11/01/2010,0.0
12/01/2010,0.5
13/01/2010,1.5
14/01/2010,0.0
15/01/2010,0.0
16/01/2010,0.0
17/01/2010,0.0
18/01/2010,0.0
19/01/2010,0.0
20/01/2010,0.8
21/01/2010,25.2
22/01/2010,0.4
23/01/2010,3.1
24/01/2010,0.3
25/01/2010,0.7
26/01/2010,8.1
27/01/2010,1.9
28/01/2010,0.0
29/01/2010,1.3
30/01/2010,1.0
31/01/2010,0.2
01/02/2010,0.0
02/02/2010,0.0
03/02/2010,11.0
04/02/2010,0.0
05/02/2010,0.0
06/02/2010,0.0
07/02/2010,0.0
08/02/2010,0.4
09/02/2010,6.6
10/02/2010,0.0
11/02/2010,0.0
12/02/2010,0.0
13/02/2010,0.0
14/02/2010,0.0
15/02/2010,0.0
16/02/2010,0.4
17/02/2010,5.2
18/02/2010,5.0
19/02/2010,0.0
20/02/2010,0.4
21/02/2010,3.6
22/02/2010,0.0
23/02/2010,0.0
24/02/2010,0.0
25/02/2010,0.0
26/02/2010,0.0
27/02/2010,0.0
28/02/2010,0.0
01/03/2010,0.0
02/03/2010,0.0
03/03/2010,0.0
04/03/2010,0.0
05/03/2010,0.0
06/03/2010,0.0
07/03/2010,0.0
08/03/2010,0.0
09/03/2010,0.0
10/03/2010,0.5
11/03/2010,13.4
12/03/2010,28.7
13/03/2010,0.0
14/03/2010,0.0
15/03/2010,0.5
16/03/2010,0.0
17/03/2010,4.3
18/03/2010,7.2
19/03/2010,4.9
20/03/2010,1.1
21/03/2010,20.5
22/03/2010,0.0
23/03/2010,0.0
24/03/2010,0.0
25/03/2010,0.0
26/03/2010,0.0
27/03/2010,0.4
28/03/2010,8.0
29/03/2010,6.2
30/03/2010,14.9
31/03/2010,0.5
01/04/2010,0.0
02/04/2010,1.1
03/04/2010,17.1
04/04/2010,1.3
05/04/2010,0.0
06/04/2010,0.0
07/04/2010,0.0
08/04/2010,0.0
09/04/2010,0.0
10/04/2010,0.0
11/04/2010,0.0
12/04/2010,0.0
13/04/2010,0.0
14/04/2010,0.0
15/04/2010,0.0
16/04/2010,0.5
17/04/2010,11.0
18/04/2010,0.0
19/04/2010,0.0
20/04/2010,0.0
21/04/2010,0.0
22/04/2010,0.0
23/04/2010,0.0
24/04/2010,0.0
25/04/2010,0.7
26/04/2010,94.8
27/04/2010,0.5
28/04/2010,0.0
29/04/2010,0.0
30/04/2010,0.0
01/05/2010,0.0
02/05/2010,0.0
03/05/2010,0.0
04/05/2010,0.0
05/05/2010,0.0
06/05/2010,0.0
07/05/2010,0.0
08/05/2010,0.0
09/05/2010,0.0
10/05/2010,0.0
11/05/2010,0.4
12/05/2010,1.1
13/05/2010,0.0
14/05/2010,7.0
15/05/2010,0.5
16/05/2010,4.0
17/05/2010,3.9
18/05/2010,7.1
19/05/2010,73.6
20/05/2010,0.0
21/05/2010,0.0
22/05/2010,16.5
23/05/2010,0.0
24/05/2010,0.0
25/05/2010,0.5
26/05/2010,3.8
27/05/2010,0.7
28/05/2010,0.0
29/05/2010,0.0
30/05/2010,0.0
31/05/2010,0.0
01/06/2010,0.0
02/06/2010,1.5
03/06/2010,0.5
04/06/2010,0.4
05/06/2010,1.1
06/06/2010,0.0
07/06/2010,0.0
08/06/2010,0.5
09/06/2010,0.0
10/06/2010,0.0
11/06/2010,0.0
12/06/2010,0.0
13/06/2010,0.0
14/06/2010,0.0
15/06/2010,3.5
16/06/2010,18.5
17/06/2010,0.0
18/06/2010,0.0
19/06/2010,0.0
20/06/2010,0.0
21/06/2010,0.0
22/06/2010,23.5
23/06/2010,0.0
24/06/2010,0.4
25/06/2010,2.1
26/06/2010,0.0
27/06/2010,3.0
28/06/2010,0.0
29/06/2010,0.0
30/06/2010,0.0
01/07/2010,0.4
02/07/2010,1.1
03/07/2010,0.5
04/07/2010,0.0
05/07/2010,0.0
06/07/2010,0.0
07/07/2010,0.0
08/07/2010,0.0
09/07/2010,0.0
10/07/2010,0.0
11/07/2010,0.0
12/07/2010,0.4
13/07/2010,0.6
14/07/2010,12.5
15/07/2010,0.0
16/07/2010,1.5
17/07/2010,0.4
18/07/2010,5.5
19/07/2010,3.2
20/07/2010,0.0
21/07/2010,0.0
22/07/2010,54.0
23/07/2010,3.0
24/07/2010,0.5
25/07/2010,0.0
26/07/2010,0.0
27/07/2010,0.0
28/07/2010,0.0
29/07/2010,0.4
30/07/2010,2.6
31/07/2010,0.0
01/08/2010,12.5
02/08/2010,0.0
03/08/2010,0.5
04/08/2010,9.7
05/08/2010,31.8
06/08/2010,0.0
07/08/2010,1.5
08/08/2010,0.0
09/08/2010,0.0
10/08/2010,0.4
11/08/2010,18.6
12/08/2010,0.0
13/08/2010,0.0
14/08/2010,0.4
15/08/2010,5.1
16/08/2010,0.5
17/08/2010,0.0
18/08/2010,4.0
19/08/2010,0.5
20/08/2010,0.0
21/08/2010,0.0
22/08/2010,0.0
23/08/2010,1.5
24/08/2010,0.0
25/08/2010,0.0
26/08/2010,0.0
27/08/2010,0.0
28/08/2010,0.0
29/08/2010,0.0
30/08/2010,0.0
31/08/2010,0.0
01/09/2010,0.0
02/09/2010,0.5
03/09/2010,16.1
04/09/2010,18.5
05/09/2010,4.7
06/09/2010,2.1
07/09/2010,0.4
08/09/2010,4.1
09/09/2010,0.5
10/09/2010,1.0
11/09/2010,0.4
12/09/2010,0.6
13/09/2010,0.0
14/09/2010,1.5
15/09/2010,2.5
16/09/2010,0.5
17/09/2010,5.3
18/09/2010,1.2
19/09/2010,0.0
20/09/2010,0.0
21/09/2010,0.0
22/09/2010,0.0
23/09/2010,0.0
24/09/2010,2.0
25/09/2010,0.0
26/09/2010,0.0
27/09/2010,1.7
28/09/2010,5.7
29/09/2010,1.6
30/09/2010,0.0
01/10/2010,1.0
02/10/2010,14.0
03/10/2010,0.5
04/10/2010,0.0
05/10/2010,0.0
06/10/2010,0.4
07/10/2010,5.1
08/10/2010,0.0
09/10/2010,0.0
10/10/2010,0.0
11/10/2010,0.0
12/10/2010,1.0
13/10/2010,1.5
14/10/2010,1.5
15/10/2010,0.0
16/10/2010,0.0
17/10/2010,0.5
18/10/2010,13.9
19/10/2010,4.1
20/10/2010,0.0
21/10/2010,0.0
22/10/2010,5.0
23/10/2010,0.0
24/10/2010,0.0
25/10/2010,8.5
26/10/2010,0.0
27/10/2010,0.0
28/10/2010,5.9
29/10/2010,6.5
30/10/2010,16.9
31/10/2010,95.0
01/11/2010,64.6
02/11/2010,1.6
03/11/2010,10.9
04/11/2010,78.2
05/11/2010,12.4
06/11/2010,0.3
07/11/2010,12.2
08/11/2010,1.0
09/11/2010,0.0
10/11/2010,13.5
11/11/2010,0.4
12/11/2010,0.6
13/11/2010,0.0
14/11/2010,0.7
15/11/2010,2.8
16/11/2010,1.5
17/11/2010,0.0
18/11/2010,0.0
19/11/2010,10.6
20/11/2010,56.4
21/11/2010,0.0
22/11/2010,1.7
23/11/2010,0.3
24/11/2010,31.0
25/11/2010,0.6
26/11/2010,10.7
27/11/2010,42.7
28/11/2010,1.5
29/11/2010,1.5
30/11/2010,5.4
01/12/2010,49.9
02/12/2010,14.8
03/12/2010,16.0
04/12/2010,92.4
05/12/2010,48.1
06/12/2010,0.4
07/12/2010,61.0
08/12/2010,1.5
09/12/2010,1.5
10/12/2010,0.5
11/12/2010,2.0
12/12/2010,0.0
13/12/2010,12.5
14/12/2010,0.4
15/12/2010,0.1
16/12/2010,7.1
17/12/2010,66.3
18/12/2010,30.5
19/12/2010,7.8
20/12/2010,4.1
21/12/2010,25.2
22/12/2010,2.5
23/12/2010,38.0
24/12/2010,0.5
25/12/2010,0.0
26/12/2010,0.0
27/12/2010,3.0
28/12/2010,9.2
29/12/2010,32.1
30/12/2010,22.9
31/12/2010,35.3
01/01/2011,4.9
02/01/2011,3.6
03/01/2011,0.0
04/01/2011,0.8
05/01/2011,37.6
06/01/2011,154.7
07/01/2011,95.7
08/01/2011,2.8
09/01/2011,0.8
10/01/2011,1.2
11/01/2011,0.0
12/01/2011,0.0
13/01/2011,0.0
14/01/2011,0.0
15/01/2011,0.0
16/01/2011,0.4
17/01/2011,1.1
18/01/2011,0.0
19/01/2011,0.0
20/01/2011,0.0
21/01/2011,0.0
22/01/2011,0.0
23/01/2011,0.0
24/01/2011,0.4
25/01/2011,2.6
26/01/2011,1.0
27/01/2011,1.8
28/01/2011,4.4
29/01/2011,2.6
30/01/2011,1.7
31/01/2011,2.5
01/02/2011,0.4
02/02/2011,0.6
03/02/2011,0.0
04/02/2011,0.0
05/02/2011,0.0
06/02/2011,0.0
07/02/2011,0.0
08/02/2011,0.0
09/02/2011,0.0
10/02/2011,0.0
11/02/2011,0.0
12/02/2011,0.0
13/02/2011,0.0
14/02/2011,0.4
15/02/2011,24.8
16/02/2011,0.2
17/02/2011,0.0
18/02/2011,0.0
19/02/2011,0.0
20/02/2011,0.0
21/02/2011,3.5
22/02/2011,3.9
23/02/2011,2.0
24/02/2011,0.0
25/02/2011,0.0
26/02/2011,0.0
27/02/2011,0.0
28/02/2011,0.0
01/03/2011,0.0
02/03/2011,0.0
03/03/2011,0.0
04/03/2011,0.0
05/03/2011,0.0
06/03/2011,0.9
07/03/2011,2.4
08/03/2011,23.2
09/03/2011,1.4
10/03/2011,1.5
11/03/2011,7.2
12/03/2011,33.8
13/03/2011,3.0
14/03/2011,0.5
15/03/2011,40.3
16/03/2011,128.2
17/03/2011,20.5
18/03/2011,11.3
19/03/2011,2.3
20/03/2011,10.9
21/03/2011,2.0
22/03/2011,0.4
23/03/2011,25.8
24/03/2011,122.7
25/03/2011,90.6
26/03/2011,95.0
27/03/2011,9.2
28/03/2011,103.1
29/03/2011,123.2
30/03/2011,72.8
31/03/2011,4.8
01/04/2011,0.0
02/04/2011,4.0
03/04/2011,0.0
04/04/2011,0.0
05/04/2011,0.0
06/04/2011,0.0
07/04/2011,0.0
08/04/2011,0.0
09/04/2011,15.3
10/04/2011,18.3
11/04/2011,0.4
12/04/2011,0.0
13/04/2011,0.5
14/04/2011,0.4
15/04/2011,9.6
16/04/2011,0.0
17/04/2011,0.0
18/04/2011,0.0
19/04/2011,0.0
20/04/2011,0.5
21/04/2011,0.5
22/04/2011,0.0
23/04/2011,0.0
24/04/2011,0.0
25/04/2011,0.3
26/04/2011,3.7
27/04/2011,0.0
28/04/2011,0.0
29/04/2011,0.0
30/04/2011,0.0
01/05/2011,0.0
02/05/2011,0.0
03/05/2011,0.0
04/05/2011,0.0
05/05/2011,0.0
06/05/2011,0.0
07/05/2011,0.0
08/05/2011,6.5
09/05/2011,9.0
10/05/2011,13.4
11/05/2011,0.1
12/05/2011,0.0
13/05/2011,0.0
14/05/2011,0.0
15/05/2011,0.0
16/05/2011,3.0
17/05/2011,0.0
18/05/2011,0.0
19/05/2011,0.0
20/05/2011,0.0
21/05/2011,0.5
22/05/2011,1.0
23/05/2011,0.0
24/05/2011,0.0
25/05/2011,0.0
26/05/2011,0.0
27/05/2011,15.0
28/05/2011,0.0
29/05/2011,0.0
30/05/2011,0.4
31/05/2011,0.6
01/06/2011,0.0
02/06/2011,0.5
03/06/2011,0.0
04/06/2011,0.0
05/06/2011,0.0
06/06/2011,0.4
07/06/2011,13.6
08/06/2011,23.5
09/06/2011,5.5
10/06/2011,0.0
11/06/2011,0.4
12/06/2011,2.6
13/06/2011,0.0
14/06/2011,0.0
15/06/2011,0.0
16/06/2011,0.5
17/06/2011,0.4
18/06/2011,32.3
19/06/2011,0.3
20/06/2011,0.0
21/06/2011,0.5
22/06/2011,22.0
23/06/2011,0.0
24/06/2011,0.5
25/06/2011,18.5
26/06/2011,0.4
27/06/2011,1.1
28/06/2011,0.5
29/06/2011,0.0
30/06/2011,0.0
01/07/2011,0.0
02/07/2011,0.9
03/07/2011,1.6
04/07/2011,0.0
05/07/2011,0.0
06/07/2011,0.0
07/07/2011,13.5
08/07/2011,0.0
09/07/2011,0.0
10/07/2011,4.5
11/07/2011,0.5
12/07/2011,0.0
13/07/2011,0.0
14/07/2011,0.0
15/07/2011,0.0
16/07/2011,0.0
17/07/2011,10.8
18/07/2011,0.2
19/07/2011,0.0
20/07/2011,0.0
21/07/2011,0.0
22/07/2011,0.0
23/07/2011,13.5
24/07/2011,14.5
25/07/2011,15.0
26/07/2011,1.7
27/07/2011,2.3
28/07/2011,0.0
29/07/2011,0.0
30/07/2011,0.0
31/07/2011,0.0
01/08/2011,0.0
02/08/2011,0.0
03/08/2011,0.0
04/08/2011,0.0
05/08/2011,0.0
06/08/2011,0.4
07/08/2011,19.1
08/08/2011,0.0
09/08/2011,3.0
10/08/2011,0.5
11/08/2011,0.0
12/08/2011,10.5
13/08/2011,0.0
14/08/2011,0.0
15/08/2011,1.0
16/08/2011,0.0
17/08/2011,0.0
18/08/2011,0.0
19/08/2011,0.0
20/08/2011,0.4
21/08/2011,0.1
22/08/2011,0.0
23/08/2011,0.4
24/08/2011,12.1
25/08/2011,7.2
26/08/2011,4.8
27/08/2011,35.4
28/08/2011,3.5
29/08/2011,8.6
30/08/2011,0.0
31/08/2011,6.0
01/09/2011,0.0
02/09/2011,0.0
03/09/2011,0.5
04/09/2011,0.0
05/09/2011,0.0
06/09/2011,0.0
07/09/2011,6.5
08/09/2011,28.3
09/09/2011,3.2
10/09/2011,14.4
11/09/2011,1.6
12/09/2011,0.0
13/09/2011,0.0
14/09/2011,0.4
15/09/2011,0.1
16/09/2011,0.0
17/09/2011,0.0
18/09/2011,0.0
19/09/2011,0.5
20/09/2011,17.2
21/09/2011,1.8
22/09/2011,2.3
23/09/2011,3.7
24/09/2011,0.0
25/09/2011,0.7
26/09/2011,29.3
27/09/2011,17.0
28/09/2011,0.5
29/09/2011,2.5
30/09/2011,0.5
01/10/2011,43.5
02/10/2011,4.5
03/10/2011,4.7
04/10/2011,28.7
05/10/2011,64.6
06/10/2011,0.0
07/10/2011,0.0
08/10/2011,4.3
09/10/2011,0.7
10/10/2011,2.6
11/10/2011,2.4
12/10/2011,3.0
13/10/2011,0.0
14/10/2011,0.0
15/10/2011,0.0
16/10/2011,0.0
17/10/2011,0.4
18/10/2011,13.1
19/10/2011,19.6
20/10/2011,0.4
21/10/2011,6.6
22/10/2011,5.9
23/10/2011,1.5
24/10/2011,24.1
25/10/2011,0.5
26/10/2011,2.4
27/10/2011,39.1
28/10/2011,1.8
29/10/2011,19.0
30/10/2011,41.4
31/10/2011,9.8
01/11/2011,10.0
02/11/2011,8.6
03/11/2011,4.4
04/11/2011,2.0
05/11/2011,2.0
06/11/2011,3.5
07/11/2011,18.5
08/11/2011,1.5
09/11/2011,0.0
10/11/2011,0.0
11/11/2011,0.0
12/11/2011,20.5
13/11/2011,20.1
14/11/2011,21.3
15/11/2011,46.8
16/11/2011,26.1
17/11/2011,0.3
18/11/2011,0.0
19/11/2011,0.5
20/11/2011,46.9
21/11/2011,84.1
22/11/2011,41.9
23/11/2011,105.8
24/11/2011,6.2
25/11/2011,28.6
26/11/2011,5.3
27/11/2011,5.2
28/11/2011,32.2
29/11/2011,0.8
30/11/2011,2.5
01/12/2011,2.5
02/12/2011,0.0
03/12/2011,1.1
04/12/2011,13.5
05/12/2011,2.9
06/12/2011,0.5
07/12/2011,0.0
08/12/2011,0.0
09/12/2011,0.4
10/12/2011,8.1
11/12/2011,0.0
12/12/2011,1.0
13/12/2011,0.0
14/12/2011,0.5
15/12/2011,91.7
16/12/2011,14.4
17/12/2011,4.2
18/12/2011,1.7
19/12/2011,11.4
20/12/2011,7.1
21/12/2011,20.3
22/12/2011,1.2
23/12/2011,3.6
24/12/2011,0.0
25/12/2011,0.0
26/12/2011,0.4
27/12/2011,7.2
28/12/2011,1.4
29/12/2011,5.4
30/12/2011,28.9
31/12/2011,62.4
01/01/2012,37.8
02/01/2012,0.9
03/01/2012,0.0
04/01/2012,0.0
05/01/2012,0.0
06/01/2012,0.0
07/01/2012,0.4
08/01/2012,1.1
09/01/2012,1.5
10/01/2012,0.0
11/01/2012,8.7
12/01/2012,10.9
13/01/2012,3.2
14/01/2012,3.0
15/01/2012,52.2
16/01/2012,3.5
17/01/2012,3.0
18/01/2012,5.3
19/01/2012,0.7
20/01/2012,0.0
21/01/2012,0.0
22/01/2012,0.0
23/01/2012,0.0
24/01/2012,0.0
25/01/2012,0.0
26/01/2012,0.0
27/01/2012,2.3
28/01/2012,54.8
29/01/2012,1.4
30/01/2012,0.4
31/01/2012,1.1
01/02/2012,5.0
02/02/2012,2.5
03/02/2012,0.0
04/02/2012,0.0
05/02/2012,0.5
06/02/2012,0.0
07/02/2012,0.0
08/02/2012,0.0
09/02/2012,0.0
10/02/2012,0.0
11/02/2012,0.4
12/02/2012,2.6
13/02/2012,0.0
14/02/2012,0.0
15/02/2012,0.0
16/02/2012,0.0
17/02/2012,0.0
18/02/2012,48.5
19/02/2012,0.5
20/02/2012,0.0
21/02/2012,0.0
22/02/2012,0.0
23/02/2012,0.0
24/02/2012,0.0
25/02/2012,0.0
26/02/2012,0.0
27/02/2012,0.9
28/02/2012,1.6
29/02/2012,0.8
01/03/2012,20.6
02/03/2012,34.5
03/03/2012,92.6
04/03/2012,0.0
05/03/2012,3.5
06/03/2012,0.0
07/03/2012,2.7
08/03/2012,14.8
09/03/2012,0.5
10/03/2012,7.2
11/03/2012,15.3
12/03/2012,16.0
13/03/2012,25.0
14/03/2012,13.0
15/03/2012,0.0
16/03/2012,0.0
17/03/2012,0.0
18/03/2012,0.0
19/03/2012,0.0
20/03/2012,0.0
21/03/2012,0.0
22/03/2012,0.0
23/03/2012,0.0
24/03/2012,0.0
25/03/2012,0.0
26/03/2012,11.0
27/03/2012,0.0
28/03/2012,0.0
29/03/2012,0.0
30/03/2012,0.0
31/03/2012,0.0
01/04/2012,24.0
02/04/2012,1.5
03/04/2012,15.5
04/04/2012,0.0
05/04/2012,0.5
06/04/2012,59.0
07/04/2012,0.4
08/04/2012,6.4
09/04/2012,6.7
10/04/2012,0.0
11/04/2012,0.0
12/04/2012,40.5
13/04/2012,0.0
14/04/2012,0.0
15/04/2012,1.0
16/04/2012,0.0
17/04/2012,0.0
18/04/2012,0.0
19/04/2012,0.0
20/04/2012,0.0
21/04/2012,0.0
22/04/2012,0.0
23/04/2012,0.0
24/04/2012,0.0
25/04/2012,0.0
26/04/2012,0.0
27/04/2012,0.4
28/04/2012,3.1
29/04/2012,6.5
30/04/2012,0.5
01/05/2012,0.0
02/05/2012,5.0
03/05/2012,0.0
04/05/2012,19.6
05/05/2012,1.9
06/05/2012,1.5
07/05/2012,0.0
08/05/2012,0.0
09/05/2012,0.0
10/05/2012,0.0
11/05/2012,0.0
12/05/2012,0.0
13/05/2012,0.0
14/05/2012,0.0
15/05/2012,0.0
16/05/2012,4.0
17/05/2012,0.0
18/05/2012,0.0
19/05/2012,0.5
20/05/2012,0.0
21/05/2012,0.0
22/05/2012,0.0
23/05/2012,0.0
24/05/2012,0.4
25/05/2012,1.6
26/05/2012,0.4
27/05/2012,22.1
28/05/2012,67.1
29/05/2012,0.5
30/05/2012,0.0
31/05/2012,6.2
01/06/2012,8.8
02/06/2012,1.0
03/06/2012,0.0
04/06/2012,4.0
05/06/2012,5.0
06/06/2012,4.5
07/06/2012,15.5
08/06/2012,0.0
09/06/2012,0.0
10/06/2012,0.5
11/06/2012,1.5
12/06/2012,0.0
13/06/2012,0.0
14/06/2012,0.0
15/06/2012,0.0
16/06/2012,0.0
17/06/2012,0.0
18/06/2012,0.0
19/06/2012,1.0
20/06/2012,1.0
21/06/2012,0.5
22/06/2012,0.5
23/06/2012,0.0
24/06/2012,0.0
25/06/2012,0.0
26/06/2012,8.3
27/06/2012,1.2
28/06/2012,0.0
29/06/2012,0.0
30/06/2012,0.0
01/07/2012,0.0
02/07/2012,0.0
03/07/2012,0.0
04/07/2012,10.5
05/07/2012,0.5
06/07/2012,6.0
07/07/2012,0.0
08/07/2012,1.4
09/07/2012,9.6
10/07/2012,0.0
11/07/2012,0.0
12/07/2012,9.5
13/07/2012,0.5
14/07/2012,0.0
15/07/2012,0.0
16/07/2012,0.0
17/07/2012,0.0
18/07/2012,0.0
19/07/2012,31.2
20/07/2012,0.8
21/07/2012,0.0
22/07/2012,37.0
23/07/2012,18.0
24/07/2012,0.0
25/07/2012,0.0
26/07/2012,0.0
27/07/2012,0.0
28/07/2012,0.0
29/07/2012,0.0
30/07/2012,0.0
31/07/2012,2.5
01/08/2012,0.5
02/08/2012,10.0
03/08/2012,0.0
04/08/2012,0.0
05/08/2012,0.0
06/08/2012,1.5
07/08/2012,11.0
08/08/2012,0.4
09/08/2012,7.1
10/08/2012,0.0
11/08/2012,0.0
12/08/2012,0.0
13/08/2012,0.0
14/08/2012,0.0
15/08/2012,1.0
16/08/2012,0.0
17/08/2012,0.0
18/08/2012,0.0
19/08/2012,0.0
20/08/2012,0.0
21/08/2012,0.0
22/08/2012,2.0
23/08/2012,0.0
24/08/2012,0.5
25/08/2012,0.0
26/08/2012,7.5
27/08/2012,3.5
28/08/2012,16.5
29/08/2012,0.0
30/08/2012,0.0
31/08/2012,0.0
01/09/2012,0.0
02/09/2012,0.0
03/09/2012,0.0
04/09/2012,0.0
05/09/2012,0.5
06/09/2012,0.0
07/09/2012,43.0
08/09/2012,1.0
09/09/2012,0.0
10/09/2012,0.0
11/09/2012,9.7
12/09/2012,13.2
13/09/2012,21.4
14/09/2012,6.7
15/09/2012,7.0
16/09/2012,0.5
17/09/2012,5.0
18/09/2012,0.4
19/09/2012,58.4
20/09/2012,1.7
21/09/2012,0.0
22/09/2012,0.0
23/09/2012,9.0
24/09/2012,15.0
25/09/2012,19.0
26/09/2012,34.0
27/09/2012,0.0
28/09/2012,1.5
29/09/2012,0.0
30/09/2012,2.2
01/10/2012,0.3
02/10/2012,0.0
03/10/2012,0.0
04/10/2012,21.5
05/10/2012,0.0
06/10/2012,18.5
07/10/2012,0.0
08/10/2012,0.5
09/10/2012,0.5
10/10/2012,0.0
11/10/2012,0.0
12/10/2012,0.0
13/10/2012,1.0
14/10/2012,14.0
15/10/2012,1.0
16/10/2012,0.5
17/10/2012,0.4
18/10/2012,48.7
19/10/2012,84.4
20/10/2012,0.5
21/10/2012,120.7
22/10/2012,40.8
23/10/2012,0.5
24/10/2012,11.0
25/10/2012,23.0
26/10/2012,0.5
27/10/2012,0.0
28/10/2012,0.0
29/10/2012,0.0
30/10/2012,0.4
31/10/2012,8.0
01/11/2012,11.6
02/11/2012,25.6
03/11/2012,9.8
04/11/2012,26.3
05/11/2012,1.2
06/11/2012,0.4
07/11/2012,34.1
08/11/2012,17.6
09/11/2012,4.2
10/11/2012,23.1
11/11/2012,1.4
12/11/2012,9.6
13/11/2012,14.5
14/11/2012,0.5
15/11/2012,0.0
16/11/2012,0.0
17/11/2012,0.0
18/11/2012,0.0
19/11/2012,23.9
20/11/2012,0.6
21/11/2012,0.0
22/11/2012,0.5
23/11/2012,7.8
24/11/2012,7.2
25/11/2012,0.4
26/11/2012,1.0
27/11/2012,17.1
28/11/2012,0.0
29/11/2012,3.9
30/11/2012,7.9
01/12/2012,5.7
02/12/2012,5.2
03/12/2012,1.1
04/12/2012,21.7
05/12/2012,3.9
06/12/2012,13.6
07/12/2012,0.0
08/12/2012,0.7
09/12/2012,7.9
10/12/2012,0.8
11/12/2012,5.6
12/12/2012,18.0
13/12/2012,24.8
14/12/2012,20.2
15/12/2012,5.9
16/12/2012,94.0
17/12/2012,107.0
18/12/2012,34.8
19/12/2012,4.7
20/12/2012,22.3
21/12/2012,11.4
22/12/2012,94.0
23/12/2012,129.0
24/12/2012,149.5
25/12/2012,8.0
26/12/2012,25.8
27/12/2012,5.3
28/12/2012,0.0
29/12/2012,0.4
30/12/2012,2.0
31/12/2012,148.8
01/01/2013,46.8
02/01/2013,25.1
03/01/2013,71.2
04/01/2013,9.7
05/01/2013,0.0
06/01/2013,0.0
07/01/2013,0.0
08/01/2013,0.0
09/01/2013,1.0
10/01/2013,0.5
11/01/2013,10.0
12/01/2013,13.5
13/01/2013,0.0
14/01/2013,0.0
15/01/2013,0.0
16/01/2013,0.0
17/01/2013,3.5
18/01/2013,5.0
19/01/2013,0.9
20/01/2013,3.4
21/01/2013,16.0
22/01/2013,1.6
23/01/2013,8.1
24/01/2013,0.0
25/01/2013,0.0
26/01/2013,0.0
27/01/2013,0.0
28/01/2013,0.0
29/01/2013,0.0
30/01/2013,0.0
31/01/2013,0.0
01/02/2013,0.0
02/02/2013,0.5
03/02/2013,2.0
04/02/2013,0.0
05/02/2013,0.0
06/02/2013,0.0
07/02/2013,0.0
08/02/2013,0.0
09/02/2013,0.0
10/02/2013,0.0
11/02/2013,0.9
12/02/2013,34.6
13/02/2013,6.2
14/02/2013,1.1
15/02/2013,38.8
16/02/2013,3.3
17/02/2013,4.5
18/02/2013,0.0
19/02/2013,0.0
20/02/2013,0.0
21/02/2013,0.0
22/02/2013,0.0
23/02/2013,6.7
24/02/2013,33.1
25/02/2013,127.0
26/02/2013,5.0
27/02/2013,10.5
28/02/2013,1.6
01/03/2013,1.6
02/03/2013,0.0
03/03/2013,0.0
04/03/2013,0.0
05/03/2013,0.4
06/03/2013,8.1
07/03/2013,6.5
08/03/2013,0.0
09/03/2013,0.0
10/03/2013,0.0
11/03/2013,0.0
12/03/2013,0.0
13/03/2013,0.0
14/03/2013,0.0
15/03/2013,0.5
16/03/2013,60.5
17/03/2013,0.0
18/03/2013,0.0
19/03/2013,0.0
20/03/2013,0.0
21/03/2013,0.0
22/03/2013,0.0
23/03/2013,0.0
24/03/2013,0.0
25/03/2013,0.0
26/03/2013,0.0
27/03/2013,0.0
28/03/2013,0.0
29/03/2013,0.0
30/03/2013,0.0
31/03/2013,0.0
01/04/2013,0.0
02/04/2013,0.0
03/04/2013,0.0
04/04/2013,0.0
05/04/2013,0.0
06/04/2013,0.0
07/04/2013,0.0
08/04/2013,0.0
09/04/2013,0.0
10/04/2013,0.5
11/04/2013,18.5
12/04/2013,14.4
13/04/2013,14.6
14/04/2013,2.0
15/04/2013,2.0
16/04/2013,11.1
17/04/2013,15.9
18/04/2013,0.0
19/04/2013,0.0
20/04/2013,0.0
21/04/2013,0.0
22/04/2013,0.0
23/04/2013,0.0
24/04/2013,0.0
25/04/2013,8.0
26/04/2013,0.0
27/04/2013,0.0
28/04/2013,0.0
29/04/2013,0.0
30/04/2013,0.0
01/05/2013,41.5
02/05/2013,0.5
03/05/2013,0.0
04/05/2013,0.0
05/05/2013,0.4
06/05/2013,1.6
07/05/2013,0.5
08/05/2013,0.0
09/05/2013,0.0
10/05/2013,8.5
11/05/2013,0.0
12/05/2013,0.0
13/05/2013,0.0
14/05/2013,25.5
15/05/2013,0.0
16/05/2013,0.0
17/05/2013,0.0
18/05/2013,0.0
19/05/2013,0.0
20/05/2013,5.5
21/05/2013,0.0
22/05/2013,0.0
23/05/2013,0.0
24/05/2013,4.5
25/05/2013,0.0
26/05/2013,0.0
27/05/2013,0.0
28/05/2013,0.4
29/05/2013,2.5
30/05/2013,18.1
31/05/2013,4.5
01/06/2013,0.0
02/06/2013,0.0
03/06/2013,0.4
04/06/2013,8.1
05/06/2013,0.4
06/06/2013,0.6
07/06/2013,0.0
08/06/2013,0.0
09/06/2013,0.0
10/06/2013,0.0
11/06/2013,8.8
12/06/2013,1.2
13/06/2013,1.6
14/06/2013,0.4
15/06/2013,0.0
16/06/2013,0.0
17/06/2013,0.0
18/06/2013,0.0
19/06/2013,0.0
20/06/2013,5.8
21/06/2013,0.2
22/06/2013,2.5
23/06/2013,0.0
24/06/2013,0.0
25/06/2013,0.0
26/06/2013,0.0
27/06/2013,0.5
28/06/2013,0.0
29/06/2013,0.0
30/06/2013,0.0
01/07/2013,0.0
02/07/2013,0.0
03/07/2013,0.0
04/07/2013,38.2
05/07/2013,0.3
06/07/2013,0.0
07/07/2013,0.0
08/07/2013,17.0
09/07/2013,0.4
10/07/2013,0.1
11/07/2013,1.5
12/07/2013,0.0
13/07/2013,49.7
14/07/2013,5.8
15/07/2013,0.0
16/07/2013,14.5
17/07/2013,5.0
18/07/2013,0.0
19/07/2013,0.0
20/07/2013,0.0
21/07/2013,0.0
22/07/2013,0.0
23/07/2013,0.0
24/07/2013,0.0
25/07/2013,0.4
26/07/2013,0.1
27/07/2013,0.0
28/07/2013,0.0
29/07/2013,0.0
30/07/2013,2.2
31/07/2013,18.4
01/08/2013,3.2
02/08/2013,8.6
03/08/2013,4.6
04/08/2013,27.1
05/08/2013,8.9
06/08/2013,0.5
07/08/2013,0.0
08/08/2013,15.5
09/08/2013,0.0
10/08/2013,0.0
11/08/2013,0.0
12/08/2013,0.4
13/08/2013,1.1
14/08/2013,0.0
15/08/2013,0.4
16/08/2013,46.1
17/08/2013,0.0
18/08/2013,0.0
19/08/2013,0.0
20/08/2013,0.0
21/08/2013,0.5
22/08/2013,4.0
23/08/2013,17.0
24/08/2013,0.4
25/08/2013,1.6
26/08/2013,0.0
27/08/2013,0.5
28/08/2013,1.0
29/08/2013,0.5
30/08/2013,0.0
31/08/2013,0.0
01/09/2013,0.0
02/09/2013,0.0
03/09/2013,0.0
04/09/2013,0.0
05/09/2013,0.0
06/09/2013,11.2
07/09/2013,43.3
08/09/2013,6.0
09/09/2013,0.0
10/09/2013,0.5
11/09/2013,0.0
12/09/2013,0.0
13/09/2013,0.0
14/09/2013,51.0
15/09/2013,5.8
16/09/2013,16.7
17/09/2013,0.5
18/09/2013,0.0
19/09/2013,0.0
20/09/2013,11.0
21/09/2013,0.0
22/09/2013,0.0
23/09/2013,0.0
24/09/2013,0.0
25/09/2013,1.5
26/09/2013,10.0
27/09/2013,17.5
28/09/2013,23.5
29/09/2013,9.5
30/09/2013,0.0
01/10/2013,7.5
02/10/2013,29.1
03/10/2013,13.3
04/10/2013,8.5
05/10/2013,0.1
06/10/2013,0.0
07/10/2013,0.0
08/10/2013,0.0
09/10/2013,0.0
10/10/2013,0.0
11/10/2013,0.0
12/10/2013,5.5
13/10/2013,18.5
14/10/2013,2.0
15/10/2013,23.5
16/10/2013,1.5
17/10/2013,5.7
18/10/2013,7.8
19/10/2013,16.5
20/10/2013,1.5
21/10/2013,0.0
22/10/2013,11.2
23/10/2013,0.6
24/10/2013,16.6
25/10/2013,15.3
26/10/2013,38.9
27/10/2013,12.2
28/10/2013,8.5
29/10/2013,0.0
30/10/2013,0.0
31/10/2013,0.0
01/11/2013,29.5
02/11/2013,0.5
03/11/2013,41.5
04/11/2013,39.1
05/11/2013,71.5
06/11/2013,0.4
07/11/2013,24.1
08/11/2013,0.4
09/11/2013,1.1
10/11/2013,31.9
11/11/2013,11.5
12/11/2013,13.1
13/11/2013,0.4
14/11/2013,0.5
15/11/2013,2.0
16/11/2013,1.1
17/11/2013,28.9
18/11/2013,3.9
19/11/2013,30.4
20/11/2013,93.5
21/11/2013,60.2
22/11/2013,3.2
23/11/2013,10.0
24/11/2013,0.3
25/11/2013,1.8
26/11/2013,14.2
27/11/2013,12.6
28/11/2013,0.4
29/11/2013,137.6
30/11/2013,12.3
01/12/2013,8.7
02/12/2013,26.1
03/12/2013,84.0
04/12/2013,70.2
05/12/2013,18.5
06/12/2013,15.7
07/12/2013,2.5
08/12/2013,0.4
09/12/2013,17.2
10/12/2013,82.4
11/12/2013,0.5
12/12/2013,0.0
13/12/2013,0.4
14/12/2013,23.6
15/12/2013,0.0
16/12/2013,0.5
17/12/2013,0.0
18/12/2013,3.0
19/12/2013,0.0
20/12/2013,0.4
21/12/2013,29.6
22/12/2013,0.0
23/12/2013,0.4
24/12/2013,11.1
25/12/2013,0.0
26/12/2013,0.4
27/12/2013,15.1
28/12/2013,0.0
29/12/2013,0.0
30/12/2013,0.9
31/12/2013,1.1
01/01/2014,3.5
02/01/2014,2.9
03/01/2014,0.1
04/01/2014,0.0
05/01/2014,0.5
06/01/2014,0.0
07/01/2014,0.0
08/01/2014,15.8
09/01/2014,12.4
10/01/2014,2.8
11/01/2014,60.8
12/01/2014,6.7
13/01/2014,0.0
14/01/2014,0.0
15/01/2014,0.0
16/01/2014,0.0
17/01/2014,0.0
18/01/2014,0.0
19/01/2014,0.0
20/01/2014,0.0
21/01/2014,0.0
22/01/2014,0.0
23/01/2014,0.0
24/01/2014,0.0
25/01/2014,0.0
26/01/2014,0.0
27/01/2014,0.4
28/01/2014,4.1
29/01/2014,0.0
30/01/2014,0.0
31/01/2014,0.0
01/02/2014,0.0
02/02/2014,0.0
03/02/2014,0.0
04/02/2014,0.0
05/02/2014,0.0
06/02/2014,0.0
07/02/2014,0.0
08/02/2014,0.0
09/02/2014,0.0
10/02/2014,0.0
11/02/2014,0.0
12/02/2014,0.0
13/02/2014,0.0
14/02/2014,0.0
15/02/2014,0.0
16/02/2014,0.5
17/02/2014,0.0
18/02/2014,0.0
19/02/2014,0.0
20/02/2014,0.0
21/02/2014,0.0
22/02/2014,0.0
23/02/2014,0.0
24/02/2014,0.0
25/02/2014,0.0
26/02/2014,0.0
27/02/2014,0.0
28/02/2014,0.0
01/03/2014,0.0
02/03/2014,0.0
03/03/2014,0.0
04/03/2014,0.0
05/03/2014,0.0
06/03/2014,0.0
07/03/2014,0.0
08/03/2014,0.0
09/03/2014,0.0
10/03/2014,0.0
11/03/2014,0.0
12/03/2014,0.0
13/03/2014,0.0
14/03/2014,0.0
15/03/2014,6.9
16/03/2014,0.6
17/03/2014,0.5
18/03/2014,0.5
19/03/2014,0.0
20/03/2014,0.0
21/03/2014,0.0
22/03/2014,0.4
23/03/2014,2.1
24/03/2014,0.0
25/03/2014,0.0
26/03/2014,0.0
27/03/2014,0.0
28/03/2014,0.0
29/03/2014,0.0
30/03/2014,0.0
31/03/2014,0.0
01/04/2014,0.0
02/04/2014,0.0
03/04/2014,0.0
04/04/2014,0.0
05/04/2014,0.0
06/04/2014,0.0
07/04/2014,0.0
08/04/2014,0.0
09/04/2014,0.0
10/04/2014,0.0
11/04/2014,0.0
12/04/2014,0.0
13/04/2014,0.0
14/04/2014,0.0
15/04/2014,0.0
16/04/2014,0.0
17/04/2014,0.0
18/04/2014,0.0
19/04/2014,0.0
20/04/2014,0.0
21/04/2014,0.0
22/04/2014,0.0
23/04/2014,0.0
24/04/2014,2.5
25/04/2014,7.7
26/04/2014,15.3
27/04/2014,0.0
28/04/2014,0.0
29/04/2014,0.0
30/04/2014,0.0
01/05/2014,0.0
02/05/2014,0.0
03/05/2014,0.0
04/05/2014,0.4
05/05/2014,8.6
06/05/2014,0.9
07/05/2014,2.1
08/05/2014,0.0
09/05/2014,0.0
10/05/2014,0.5
11/05/2014,0.0
12/05/2014,0.0
13/05/2014,0.5
14/05/2014,0.0
15/05/2014,0.0
16/05/2014,0.0
17/05/2014,0.0
18/05/2014,0.0
19/05/2014,0.0
20/05/2014,0.0
21/05/2014,0.0
22/05/2014,0.0
23/05/2014,0.0
24/05/2014,0.0
25/05/2014,0.0
26/05/2014,0.0
27/05/2014,0.0
28/05/2014,0.0
29/05/2014,0.0
30/05/2014,0.0
31/05/2014,0.0
01/06/2014,0.0
02/06/2014,0.5
03/06/2014,0.0
04/06/2014,0.0
05/06/2014,2.6
06/06/2014,0.9
07/06/2014,0.0
08/06/2014,0.0
09/06/2014,0.0
10/06/2014,0.0
11/06/2014,4.5
12/06/2014,23.5
13/06/2014,0.0
14/06/2014,0.0
15/06/2014,0.0
16/06/2014,0.3
17/06/2014,0.7
18/06/2014,0.0
19/06/2014,0.0
20/06/2014,0.0
21/06/2014,0.5
22/06/2014,17.5
23/06/2014,2.5
24/06/2014,0.0
25/06/2014,0.0
26/06/2014,0.0
27/06/2014,2.5
28/06/2014,5.5
29/06/2014,13.0
30/06/2014,22.4
01/07/2014,15.1
02/07/2014,24.1
03/07/2014,0.0
04/07/2014,9.5
05/07/2014,2.5
06/07/2014,4.5
07/07/2014,12.5
08/07/2014,0.0
09/07/2014,0.0
10/07/2014,3.0
11/07/2014,0.0
12/07/2014,0.0
13/07/2014,0.0
14/07/2014,0.0
15/07/2014,2.0
16/07/2014,0.5
17/07/2014,102.5
18/07/2014,0.5
19/07/2014,0.0
20/07/2014,0.0
21/07/2014,0.0
22/07/2014,11.0
23/07/2014,1.0
24/07/2014,0.0
25/07/2014,0.4
26/07/2014,11.1
27/07/2014,0.0
28/07/2014,1.0
29/07/2014,3.0
30/07/2014,0.0
31/07/2014,0.4
01/08/2014,1.1
02/08/2014,0.0
03/08/2014,2.5
04/08/2014,0.0
05/08/2014,0.0
06/08/2014,0.0
07/08/2014,0.5
08/08/2014,32.4
09/08/2014,1.2
10/08/2014,0.0
11/08/2014,0.0
12/08/2014,0.0
13/08/2014,0.0
14/08/2014,0.0
15/08/2014,0.0
16/08/2014,4.8
17/08/2014,0.7
18/08/2014,20.5
19/08/2014,0.0
20/08/2014,0.5
21/08/2014,0.0
22/08/2014,0.0
23/08/2014,0.0
24/08/2014,0.0
25/08/2014,81.0
26/08/2014,2.5
27/08/2014,36.0
28/08/2014,0.0
29/08/2014,0.0
30/08/2014,1.0
31/08/2014,0.0
01/09/2014,0.0
02/09/2014,0.5
03/09/2014,1.5
04/09/2014,0.0
05/09/2014,18.0
06/09/2014,0.0
07/09/2014,0.0
08/09/2014,0.0
09/09/2014,13.0
10/09/2014,0.5
11/09/2014,0.0
12/09/2014,23.0
13/09/2014,35.5
14/09/2014,7.9
15/09/2014,1.5
16/09/2014,5.5
17/09/2014,16.6
18/09/2014,0.0
19/09/2014,0.0
20/09/2014,0.0
21/09/2014,0.5
22/09/2014,6.0
23/09/2014,0.5
24/09/2014,0.0
25/09/2014,0.0
26/09/2014,0.0
27/09/2014,0.0
28/09/2014,0.0
29/09/2014,0.0
30/09/2014,0.0
01/10/2014,0.0
02/10/2014,0.0
03/10/2014,6.0
04/10/2014,0.0
05/10/2014,0.0
06/10/2014,0.0
07/10/2014,0.0
08/10/2014,0.0
09/10/2014,0.5
10/10/2014,0.0
11/10/2014,0.0
12/10/2014,0.0
13/10/2014,0.0
14/10/2014,0.0
15/10/2014,0.5
16/10/2014,2.6
17/10/2014,28.3
18/10/2014,3.2
19/10/2014,0.5
20/10/2014,0.0
21/10/2014,0.0
22/10/2014,0.0
23/10/2014,1.8
24/10/2014,8.7
25/10/2014,0.0
26/10/2014,0.4
27/10/2014,2.6
28/10/2014,0.0
29/10/2014,0.0
30/10/2014,1.0
31/10/2014,19.0
01/11/2014,16.4
02/11/2014,8.6
03/11/2014,0.0
04/11/2014,0.0
05/11/2014,0.7
06/11/2014,5.2
07/11/2014,10.1
08/11/2014,13.1
09/11/2014,7.9
10/11/2014,0.0
11/11/2014,0.0
12/11/2014,12.0
13/11/2014,48.8
14/11/2014,81.9
15/11/2014,56.2
16/11/2014,29.0
17/11/2014,147.8
18/11/2014,210.8
19/11/2014,27.1
20/11/2014,133.3
21/11/2014,0.0
22/11/2014,0.0
23/11/2014,0.4
24/11/2014,31.0
25/11/2014,2.1
26/11/2014,0.0
27/11/2014,0.0
28/11/2014,1.5
29/11/2014,4.5
30/11/2014,0.0
01/12/2014,0.0
02/12/2014,0.0
03/12/2014,0.0
04/12/2014,6.5
05/12/2014,0.0
06/12/2014,6.3
07/12/2014,6.6
08/12/2014,30.5
09/12/2014,11.6
10/12/2014,0.0
11/12/2014,0.0
12/12/2014,0.0
13/12/2014,0.0
14/12/2014,82.0
15/12/2014,140.2
16/12/2014,2.8
17/12/2014,11.6
18/12/2014,13.4
19/12/2014,9.9
20/12/2014,56.9
21/12/2014,10.7
22/12/2014,30.2
23/12/2014,28.5
24/12/2014,1.1
25/12/2014,0.6
26/12/2014,8.4
27/12/2014,26.0
28/12/2014,25.3
29/12/2014,42.1
30/12/2014,7.2
31/12/2014,0.5
01/01/2015,0.0
02/01/2015,0.4
03/01/2015,12.0
04/01/2015,2.6
05/01/2015,0.2
06/01/2015,1.1
07/01/2015,22.3
08/01/2015,4.4
09/01/2015,0.0
10/01/2015,7.0
11/01/2015,1.5
12/01/2015,0.0
13/01/2015,0.0
14/01/2015,1.0
15/01/2015,0.0
16/01/2015,0.0
17/01/2015,0.0
18/01/2015,0.0
19/01/2015,0.0
20/01/2015,0.0
21/01/2015,0.5
22/01/2015,3.5
23/01/2015,0.4
24/01/2015,2.6
25/01/2015,0.0
26/01/2015,0.0
27/01/2015,0.0
28/01/2015,0.0
29/01/2015,0.0
30/01/2015,0.0
31/01/2015,0.0
01/02/2015,0.0
02/02/2015,0.0
03/02/2015,27.0
04/02/2015,0.4
05/02/2015,4.0
06/02/2015,0.0
07/02/2015,0.0
08/02/2015,0.0
09/02/2015,0.0
10/02/2015,0.0
11/02/2015,0.0
12/02/2015,0.0
13/02/2015,0.0
14/02/2015,0.0
15/02/2015,0.0
16/02/2015,0.0
17/02/2015,0.0
18/02/2015,0.0
19/02/2015,0.0
20/02/2015,0.0
21/02/2015,0.0
22/02/2015,0.0
23/02/2015,0.0
24/02/2015,0.0
25/02/2015,0.0
26/02/2015,0.0
27/02/2015,0.0
28/02/2015,0.0
01/03/2015,0.0
02/03/2015,0.0
03/03/2015,0.0
04/03/2015,0.0
05/03/2015,0.0
06/03/2015,0.0
07/03/2015,0.0
08/03/2015,0.0
09/03/2015,0.4
10/03/2015,1.1
11/03/2015,0.0
12/03/2015,0.0
13/03/2015,0.0
14/03/2015,0.0
15/03/2015,0.0
16/03/2015,0.0
17/03/2015,0.0
18/03/2015,0.0
19/03/2015,0.0
20/03/2015,0.0
21/03/2015,0.0
22/03/2015,0.0
23/03/2015,0.0
24/03/2015,0.0
25/03/2015,0.0
26/03/2015,1.4
27/03/2015,6.6
28/03/2015,2.8
29/03/2015,0.7
30/03/2015,1.4
31/03/2015,18.6
01/04/2015,11.3
02/04/2015,1.2
03/04/2015,0.0
04/04/2015,0.0
05/04/2015,0.0
06/04/2015,0.0
07/04/2015,0.0
08/04/2015,0.0
09/04/2015,6.9
10/04/2015,39.6
11/04/2015,0.0
12/04/2015,0.0
13/04/2015,0.0
14/04/2015,10.9
15/04/2015,27.6
16/04/2015,0.0
17/04/2015,0.0
18/04/2015,0.0
19/04/2015,0.0
20/04/2015,0.0
21/04/2015,0.0
22/04/2015,0.4
23/04/2015,12.6
24/04/2015,6.4
25/04/2015,9.6
26/04/2015,3.3
27/04/2015,88.7
28/04/2015,0.0
29/04/2015,0.0
30/04/2015,0.0
01/05/2015,0.0
02/05/2015,0.0
03/05/2015,0.0
04/05/2015,0.0
05/05/2015,0.0
06/05/2015,0.0
07/05/2015,0.0
08/05/2015,0.0
09/05/2015,0.0
10/05/2015,0.4
11/05/2015,5.6
12/05/2015,0.0
13/05/2015,0.0
14/05/2015,0.4
15/05/2015,22.6
16/05/2015,0.0
17/05/2015,0.0
18/05/2015,0.0
19/05/2015,0.0
20/05/2015,0.0
21/05/2015,0.0
22/05/2015,0.0
23/05/2015,0.0
24/05/2015,0.0
25/05/2015,0.0
26/05/2015,0.0
27/05/2015,0.0
28/05/2015,0.0
29/05/2015,0.0
30/05/2015,0.0
31/05/2015,0.0
01/06/2015,0.0
02/06/2015,0.0
03/06/2015,0.0
04/06/2015,0.0
05/06/2015,0.0
06/06/2015,0.0
07/06/2015,0.0
08/06/2015,0.0
09/06/2015,0.0
10/06/2015,0.0
11/06/2015,0.0
12/06/2015,2.7
13/06/2015,20.3
14/06/2015,15.5
15/06/2015,21.5
16/06/2015,0.0
17/06/2015,1.0
18/06/2015,0.0
19/06/2015,1.5
20/06/2015,0.0
21/06/2015,0.0
22/06/2015,0.0
23/06/2015,0.0
24/06/2015,0.0
25/06/2015,0.0
26/06/2015,0.0
27/06/2015,0.0
28/06/2015,0.0
29/06/2015,0.0
30/06/2015,0.4
01/07/2015,13.6
02/07/2015,0.0
03/07/2015,18.0
04/07/2015,15.0
05/07/2015,0.2
06/07/2015,19.3
07/07/2015,27.5
08/07/2015,20.5
09/07/2015,0.5
10/07/2015,9.0
11/07/2015,17.0
12/07/2015,15.4
13/07/2015,8.0
14/07/2015,1.1
15/07/2015,0.0
16/07/2015,0.0
17/07/2015,0.0
18/07/2015,5.0
19/07/2015,0.0
20/07/2015,0.0
21/07/2015,25.0
22/07/2015,0.5
23/07/2015,0.0
24/07/2015,0.0
25/07/2015,0.0
26/07/2015,7.5
27/07/2015,0.0
28/07/2015,0.0
29/07/2015,0.0
30/07/2015,0.0
31/07/2015,12.5
01/08/2015,0.0
02/08/2015,0.4
03/08/2015,1.6
04/08/2015,0.0
05/08/2015,0.0
06/08/2015,11.5
07/08/2015,9.5
08/08/2015,2.5
09/08/2015,22.5
10/08/2015,0.0
11/08/2015,42.0
12/08/2015,0.5
13/08/2015,0.0
14/08/2015,0.0
15/08/2015,0.0
16/08/2015,0.0
17/08/2015,0.0
18/08/2015,0.0
19/08/2015,37.5
20/08/2015,0.0
21/08/2015,3.0
22/08/2015,4.0
23/08/2015,2.0
24/08/2015,31.1
25/08/2015,1.2
26/08/2015,2.1
27/08/2015,0.0
28/08/2015,0.0
29/08/2015,0.0
30/08/2015,2.5
31/08/2015,0.4
01/09/2015,11.1
02/09/2015,0.0
03/09/2015,0.0
04/09/2015,0.0
05/09/2015,2.0
06/09/2015,0.5
07/09/2015,0.0
08/09/2015,3.0
09/09/2015,3.0
10/09/2015,0.0
11/09/2015,0.0
12/09/2015,0.0
13/09/2015,0.0
14/09/2015,13.5
15/09/2015,0.5
16/09/2015,14.9
17/09/2015,4.6
18/09/2015,0.0
19/09/2015,0.0
20/09/2015,0.0
21/09/2015,0.0
22/09/2015,0.0
23/09/2015,0.0
24/09/2015,0.0
25/09/2015,12.3
26/09/2015,0.7
27/09/2015,40.5
28/09/2015,1.5
29/09/2015,0.5
30/09/2015,0.0
01/10/2015,0.0
02/10/2015,0.0
03/10/2015,0.0
04/10/2015,0.0
05/10/2015,0.0
06/10/2015,0.0
07/10/2015,0.0
08/10/2015,0.0
09/10/2015,0.5
10/10/2015,0.0
11/10/2015,0.0
12/10/2015,0.0
13/10/2015,0.0
14/10/2015,0.0
15/10/2015,0.0
16/10/2015,0.0
17/10/2015,2.5
18/10/2015,0.5
19/10/2015,20.0
20/10/2015,0.0
21/10/2015,0.0
22/10/2015,3.0
23/10/2015,0.0
24/10/2015,11.8
25/10/2015,0.7
26/10/2015,2.4
27/10/2015,7.7
28/10/2015,17.0
29/10/2015,29.6
30/10/2015,60.5
31/10/2015,5.8
01/11/2015,3.6
02/11/2015,22.7
03/11/2015,1.7
04/11/2015,37.6
05/11/2015,13.0
06/11/2015,4.0
07/11/2015,0.5
08/11/2015,0.0
09/11/2015,0.0
10/11/2015,7.2
11/11/2015,0.8
12/11/2015,0.0
13/11/2015,0.0
14/11/2015,0.4
15/11/2015,6.9
16/11/2015,31.8
17/11/2015,0.0
18/11/2015,0.0
19/11/2015,1.5
20/11/2015,19.9
21/11/2015,47.2
22/11/2015,46.5
23/11/2015,9.4
24/11/2015,2.9
25/11/2015,3.2
26/11/2015,13.7
27/11/2015,71.8
28/11/2015,16.4
29/11/2015,4.5
30/11/2015,50.9
01/12/2015,0.0
02/12/2015,0.5
03/12/2015,18.8
04/12/2015,1.0
05/12/2015,1.9
06/12/2015,32.5
07/12/2015,23.1
08/12/2015,8.8
09/12/2015,17.4
10/12/2015,0.4
11/12/2015,7.6
12/12/2015,8.7
13/12/2015,19.3
14/12/2015,0.5
15/12/2015,0.0
16/12/2015,44.8
17/12/2015,8.7
18/12/2015,0.0
19/12/2015,0.0
20/12/2015,0.0
21/12/2015,0.0
22/12/2015,0.5
23/12/2015,0.4
24/12/2015,6.6
25/12/2015,58.0
26/12/2015,5.1
27/12/2015,8.6
28/12/2015,42.3
29/12/2015,0.0
30/12/2015,0.3
31/12/2015,6.2
01/01/2016,0.0
02/01/2016,0.0
03/01/2016,3.5
04/01/2016,0.5
05/01/2016,0.4
06/01/2016,1.6
07/01/2016,0.0
08/01/2016,0.0
09/01/2016,0.0
10/01/2016,0.0
11/01/2016,0.0
12/01/2016,0.0
13/01/2016,0.3
14/01/2016,5.6
15/01/2016,92.8
16/01/2016,3.8
17/01/2016,0.0
18/01/2016,0.0
19/01/2016,0.0
20/01/2016,0.0
21/01/2016,0.7
22/01/2016,2.1
23/01/2016,2.1
24/01/2016,0.5
25/01/2016,1.0
26/01/2016,4.1
27/01/2016,1.7
28/01/2016,2.6
29/01/2016,0.0
30/01/2016,0.0
31/01/2016,0.0
01/02/2016,0.0
02/02/2016,18.2
03/02/2016,5.8
04/02/2016,25.0
05/02/2016,5.2
06/02/2016,3.7
07/02/2016,2.6
08/02/2016,0.0
09/02/2016,0.0
10/02/2016,11.4
11/02/2016,0.6
12/02/2016,0.0
13/02/2016,0.0
14/02/2016,0.0
15/02/2016,0.0
16/02/2016,0.0
17/02/2016,0.0
18/02/2016,1.2
19/02/2016,3.8
20/02/2016,0.0
21/02/2016,0.0
22/02/2016,0.0
23/02/2016,0.0
24/02/2016,0.0
25/02/2016,0.0
26/02/2016,6.1
27/02/2016,7.4
28/02/2016,0.5
29/02/2016,0.0
01/03/2016,0.0
02/03/2016,0.0
03/03/2016,0.0
04/03/2016,0.0
05/03/2016,0.0
06/03/2016,0.0
07/03/2016,0.0
08/03/2016,0.0
09/03/2016,0.0
10/03/2016,0.0
11/03/2016,0.0
12/03/2016,0.0
13/03/2016,1.0
14/03/2016,0.0
15/03/2016,0.0
16/03/2016,0.0
17/03/2016,0.0
18/03/2016,0.0
19/03/2016,0.0
20/03/2016,0.0
21/03/2016,0.0
22/03/2016,0.0
23/03/2016,0.0
24/03/2016,0.0
25/03/2016,0.0
26/03/2016,0.0
27/03/2016,1.8
28/03/2016,1.7
29/03/2016,0.0
30/03/2016,0.0
31/03/2016,0.0
01/04/2016,0.0
02/04/2016,0.0
03/04/2016,0.5
04/04/2016,0.0
05/04/2016,0.0
06/04/2016,0.0
07/04/2016,0.0
08/04/2016,0.0
09/04/2016,0.0
10/04/2016,0.0
11/04/2016,0.0
12/04/2016,0.0
13/04/2016,0.0
14/04/2016,0.0
15/04/2016,0.0
16/04/2016,0.0
17/04/2016,0.0
18/04/2016,0.0
19/04/2016,0.0
20/04/2016,0.0
21/04/2016,0.0
22/04/2016,0.0
23/04/2016,0.0
24/04/2016,0.0
25/04/2016,0.0
26/04/2016,0.0
27/04/2016,0.0
28/04/2016,0.0
29/04/2016,0.0
30/04/2016,0.0
01/05/2016,0.4
02/05/2016,16.1
03/05/2016,0.0
04/05/2016,0.0
05/05/2016,0.0
06/05/2016,0.0
07/05/2016,0.0
08/05/2016,0.0
09/05/2016,0.0
10/05/2016,0.0
11/05/2016,0.0
12/05/2016,0.0
13/05/2016,0.0
14/05/2016,0.5
15/05/2016,0.0
16/05/2016,0.0
17/05/2016,0.0
18/05/2016,0.0
19/05/2016,0.0
20/05/2016,0.0
21/05/2016,0.0
22/05/2016,0.0
23/05/2016,0.0
24/05/2016,0.0
25/05/2016,10.5
26/05/2016,38.5
27/05/2016,8.5
28/05/2016,1.0
29/05/2016,7.5
30/05/2016,37.5
31/05/2016,0.0
01/06/2016,0.0
02/06/2016,0.0
03/06/2016,0.0
04/06/2016,0.0
05/06/2016,0.0
06/06/2016,0.0
07/06/2016,0.0
08/06/2016,0.0
09/06/2016,0.0
10/06/2016,0.0
11/06/2016,0.0
12/06/2016,0.0
13/06/2016,12.5
14/06/2016,0.0
15/06/2016,0.5
16/06/2016,0.0
17/06/2016,37.0
18/06/2016,1.0
19/06/2016,0.6
20/06/2016,0.9
21/06/2016,15.1
22/06/2016,0.4
23/06/2016,0.7
24/06/2016,18.8
25/06/2016,0.0
26/06/2016,7.4
27/06/2016,0.1
28/06/2016,0.5
29/06/2016,0.0
30/06/2016,0.0
01/07/2016,0.0
02/07/2016,0.0
03/07/2016,0.0
04/07/2016,0.0
05/07/2016,15.6
06/07/2016,13.4
07/07/2016,0.5
08/07/2016,4.0
09/07/2016,0.0
10/07/2016,0.5
11/07/2016,11.5
12/07/2016,18.4
13/07/2016,0.7
14/07/2016,0.0
15/07/2016,2.0
16/07/2016,0.0
17/07/2016,0.0
18/07/2016,0.0
19/07/2016,0.0
20/07/2016,1.0
21/07/2016,36.0
22/07/2016,4.0
23/07/2016,0.0
24/07/2016,0.0
25/07/2016,11.2
26/07/2016,21.8
27/07/2016,1.4
28/07/2016,11.1
29/07/2016,6.6
30/07/2016,0.0
31/07/2016,0.0
01/08/2016,0.0
02/08/2016,0.0
03/08/2016,0.0
04/08/2016,0.0
05/08/2016,0.0
06/08/2016,0.0
07/08/2016,1.5
08/08/2016,0.2
09/08/2016,0.3
10/08/2016,21.5
11/08/2016,0.0
12/08/2016,2.1
13/08/2016,3.9
14/08/2016,0.0
15/08/2016,15.0
16/08/2016,1.0
17/08/2016,0.0
18/08/2016,0.0
19/08/2016,0.0
20/08/2016,0.0
21/08/2016,0.4
22/08/2016,1.1
23/08/2016,8.0
24/08/2016,14.8
25/08/2016,3.6
26/08/2016,21.1
27/08/2016,0.0
28/08/2016,11.2
29/08/2016,0.7
30/08/2016,71.2
31/08/2016,0.0
01/09/2016,0.0
02/09/2016,0.0
03/09/2016,0.0
04/09/2016,12.5
05/09/2016,0.5
06/09/2016,2.0
07/09/2016,2.9
08/09/2016,5.1
09/09/2016,0.0
10/09/2016,0.0
11/09/2016,9.5
12/09/2016,6.0
13/09/2016,0.0
14/09/2016,0.5
15/09/2016,18.5
16/09/2016,0.5
17/09/2016,16.9
18/09/2016,0.1
19/09/2016,14.3
20/09/2016,0.2
21/09/2016,17.6
22/09/2016,12.4
23/09/2016,0.0
24/09/2016,0.4
25/09/2016,7.5
26/09/2016,0.6
27/09/2016,19.0
28/09/2016,29.5
29/09/2016,0.0
30/09/2016,0.0
01/10/2016,0.0
02/10/2016,0.4
03/10/2016,13.1
04/10/2016,0.0
05/10/2016,63.5
06/10/2016,4.0
07/10/2016,7.0
08/10/2016,0.0
09/10/2016,1.0
10/10/2016,10.5
11/10/2016,0.0
12/10/2016,2.5
13/10/2016,0.0
14/10/2016,19.9
15/10/2016,2.1
16/10/2016,0.4
17/10/2016,10.6
18/10/2016,19.5
19/10/2016,4.5
20/10/2016,9.5
21/10/2016,5.8
22/10/2016,16.7
23/10/2016,60.0
24/10/2016,1.5
25/10/2016,0.0
26/10/2016,0.0
27/10/2016,0.0
28/10/2016,29.9
29/10/2016,99.1
30/10/2016,0.0
31/10/2016,20.8
01/11/2016,3.7
02/11/2016,0.0
03/11/2016,0.0
04/11/2016,2.5
05/11/2016,1.0
06/11/2016,0.0
07/11/2016,12.5
08/11/2016,0.2
09/11/2016,5.8
10/11/2016,2.5
11/11/2016,54.4
12/11/2016,16.7
13/11/2016,0.0
14/11/2016,21.8
15/11/2016,41.7
16/11/2016,102.1
17/11/2016,1.8
18/11/2016,37.1
19/11/2016,0.4
20/11/2016,31.6
21/11/2016,0.5
22/11/2016,0.0
23/11/2016,0.0
24/11/2016,0.0
25/11/2016,0.5
26/11/2016,17.3
27/11/2016,10.7
28/11/2016,4.8
29/11/2016,247.0
30/11/2016,11.3
01/12/2016,112.0
02/12/2016,54.7
03/12/2016,32.8
04/12/2016,5.0
05/12/2016,20.0
06/12/2016,1.0
07/12/2016,108.4
08/12/2016,105.1
09/12/2016,10.5
10/12/2016,5.4
11/12/2016,30.1
12/12/2016,0.0
13/12/2016,0.0
14/12/2016,0.0
15/12/2016,0.0
16/12/2016,0.4
17/12/2016,17.4
18/12/2016,15.7
19/12/2016,85.6
20/12/2016,41.0
21/12/2016,1.3
22/12/2016,37.5
23/12/2016,83.7
24/12/2016,0.3
25/12/2016,1.7
26/12/2016,41.3
27/12/2016,8.7
28/12/2016,0.0
29/12/2016,0.4
30/12/2016,28.4
31/12/2016,138.2
01/01/2017,34.0
02/01/2017,10.5
03/01/2017,30.9
04/01/2017,29.2
05/01/2017,7.9
06/01/2017,43.6
07/01/2017,10.0
08/01/2017,32.2
09/01/2017,1.2
10/01/2017,7.7
11/01/2017,0.0
12/01/2017,0.0
13/01/2017,0.0
14/01/2017,0.0
15/01/2017,0.0
16/01/2017,2.9
17/01/2017,37.7
18/01/2017,19.2
19/01/2017,8.4
20/01/2017,22.8
21/01/2017,4.0
22/01/2017,3.7
23/01/2017,1.8
24/01/2017,6.2
25/01/2017,24.8
26/01/2017,14.1
27/01/2017,1.9
28/01/2017,0.5
29/01/2017,0.3
30/01/2017,2.2
31/01/2017,2.0
01/02/2017,0.0
02/02/2017,0.4
03/02/2017,3.0
04/02/2017,6.0
05/02/2017,0.0
06/02/2017,0.0
07/02/2017,0.0
08/02/2017,0.0
09/02/2017,0.0
10/02/2017,0.0
11/02/2017,0.0
12/02/2017,0.9
13/02/2017,1.5
14/02/2017,2.6
15/02/2017,0.8
16/02/2017,1.5
17/02/2017,1.5
18/02/2017,22.6
19/02/2017,0.0
20/02/2017,0.0
21/02/2017,0.5
22/02/2017,4.4
23/02/2017,0.6
24/02/2017,0.3
25/02/2017,1.0
26/02/2017,53.2
27/02/2017,1.9
28/02/2017,4.0
01/03/2017,0.8
02/03/2017,0.2
03/03/2017,0.0
04/03/2017,0.0
05/03/2017,0.0
06/03/2017,0.0
07/03/2017,0.0
08/03/2017,0.0
09/03/2017,0.0
10/03/2017,0.0
11/03/2017,0.0
12/03/2017,0.0
13/03/2017,0.0
14/03/2017,0.0
15/03/2017,0.0
16/03/2017,0.0
17/03/2017,0.0
18/03/2017,0.0
19/03/2017,0.0
20/03/2017,0.5
21/03/2017,0.0
22/03/2017,0.0
23/03/2017,0.0
24/03/2017,0.0
25/03/2017,0.0
26/03/2017,4.0
27/03/2017,11.8
28/03/2017,34.8
29/03/2017,40.0
30/03/2017,12.9
31/03/2017,0.4
01/04/2017,1.5
02/04/2017,18.1
03/04/2017,8.0
04/04/2017,0.0
05/04/2017,0.5
06/04/2017,24.0
07/04/2017,0.0
08/04/2017,12.3
09/04/2017,0.7
10/04/2017,0.0
11/04/2017,0.0
12/04/2017,0.0
13/04/2017,0.0
14/04/2017,0.0
15/04/2017,0.0
16/04/2017,0.0
17/04/2017,0.0
18/04/2017,0.0
19/04/2017,0.0
20/04/2017,0.0
21/04/2017,0.0
22/04/2017,0.0
23/04/2017,0.0
24/04/2017,0.0
25/04/2017,0.0
26/04/2017,0.0
27/04/2017,0.0
28/04/2017,0.0
29/04/2017,0.0
30/04/2017,0.0
01/05/2017,0.0
02/05/2017,0.0
03/05/2017,0.0
04/05/2017,0.0
05/05/2017,0.0
06/05/2017,0.0
07/05/2017,0.4
08/05/2017,5.5
09/05/2017,24.7
10/05/2017,13.1
11/05/2017,0.7
12/05/2017,0.0
13/05/2017,0.0
14/05/2017,0.0
15/05/2017,0.0
16/05/2017,0.0
17/05/2017,0.0
18/05/2017,0.0
19/05/2017,0.0
20/05/2017,0.0
21/05/2017,19.5
22/05/2017,0.5
23/05/2017,27.0
24/05/2017,0.0
25/05/2017,0.0
26/05/2017,37.5
27/05/2017,2.5
28/05/2017,0.0
29/05/2017,1.0
30/05/2017,0.4
31/05/2017,15.6
01/06/2017,0.0
02/06/2017,13.0
03/06/2017,23.4
04/06/2017,13.6
05/06/2017,16.5
06/06/2017,29.6
07/06/2017,2.0
08/06/2017,0.0
09/06/2017,0.4
10/06/2017,1.1
11/06/2017,0.0
12/06/2017,0.0
13/06/2017,0.0
14/06/2017,8.5
15/06/2017,0.0
16/06/2017,0.0
17/06/2017,0.0
18/06/2017,0.0
19/06/2017,0.4
20/06/2017,8.6
21/06/2017,2.8
22/06/2017,0.2
23/06/2017,0.0
24/06/2017,1.2
25/06/2017,0.8
26/06/2017,53.6
27/06/2017,0.0
28/06/2017,0.0
29/06/2017,0.0
30/06/2017,0.0
01/07/2017,0.0
02/07/2017,0.0
03/07/2017,16.5
04/07/2017,0.5
05/07/2017,11.5
06/07/2017,0.0
07/07/2017,0.0
08/07/2017,3.0
09/07/2017,0.0
10/07/2017,0.0
11/07/2017,0.0
12/07/2017,1.0
13/07/2017,18.0
14/07/2017,0.0
15/07/2017,0.0
16/07/2017,0.0
17/07/2017,0.0
18/07/2017,0.0
19/07/2017,0.0
20/07/2017,0.0
21/07/2017,0.0
22/07/2017,2.0
23/07/2017,0.0
24/07/2017,0.0
25/07/2017,23.5
26/07/2017,0.0
27/07/2017,0.0
28/07/2017,0.0
29/07/2017,0.0
30/07/2017,0.0
31/07/2017,0.0
01/08/2017,2.0
02/08/2017,0.4
03/08/2017,3.6
04/08/2017,0.0
05/08/2017,0.0
06/08/2017,0.5
07/08/2017,0.0
08/08/2017,3.5
09/08/2017,0.5
10/08/2017,0.0
11/08/2017,23.5
12/08/2017,0.0
13/08/2017,0.0
14/08/2017,1.6
15/08/2017,29.7
16/08/2017,3.6
17/08/2017,0.0
18/08/2017,0.0
19/08/2017,0.0
20/08/2017,0.0
21/08/2017,1.9
22/08/2017,12.1
23/08/2017,8.0
24/08/2017,0.5
25/08/2017,53.5
26/08/2017,8.5
27/08/2017,0.3
28/08/2017,9.7
29/08/2017,0.5
30/08/2017,0.0
31/08/2017,0.0
01/09/2017,0.0
02/09/2017,0.0
03/09/2017,0.0
04/09/2017,0.0
05/09/2017,0.0
06/09/2017,0.0
07/09/2017,0.0
08/09/2017,0.0
09/09/2017,5.5
10/09/2017,23.4
11/09/2017,8.1
12/09/2017,0.5
13/09/2017,0.0
14/09/2017,10.7
15/09/2017,2.8
16/09/2017,3.5
17/09/2017,2.5
18/09/2017,0.4
19/09/2017,29.1
20/09/2017,8.3
21/09/2017,0.7
22/09/2017,7.0
23/09/2017,0.5
24/09/2017,0.0
25/09/2017,0.4
26/09/2017,15.6
27/09/2017,0.0
28/09/2017,0.0
29/09/2017,0.6
30/09/2017,66.3
01/10/2017,0.1
02/10/2017,0.0
03/10/2017,0.0
04/10/2017,0.0
05/10/2017,0.0
06/10/2017,0.0
07/10/2017,0.0
08/10/2017,0.0
09/10/2017,41.0
10/10/2017,0.5
11/10/2017,0.4
12/10/2017,37.0
13/10/2017,15.1
14/10/2017,0.0
15/10/2017,17.5
16/10/2017,0.0
17/10/2017,0.0
18/10/2017,0.0
19/10/2017,0.0
20/10/2017,0.0
21/10/2017,0.0
22/10/2017,17.0
23/10/2017,0.5
24/10/2017,0.0
25/10/2017,0.0
26/10/2017,0.0
27/10/2017,0.0
28/10/2017,17.4
29/10/2017,109.8
30/10/2017,114.8
31/10/2017,0.0
01/11/2017,13.3
02/11/2017,1.2
03/11/2017,32.3
04/11/2017,3.7
05/11/2017,0.5
06/11/2017,0.0
07/11/2017,0.4
08/11/2017,0.1
09/11/2017,0.0
10/11/2017,1.0
11/11/2017,17.5
12/11/2017,0.0
13/11/2017,0.8
14/11/2017,9.7
15/11/2017,0.5
16/11/2017,26.0
17/11/2017,0.0
18/11/2017,0.0
19/11/2017,0.0
20/11/2017,0.4
21/11/2017,2.1
22/11/2017,3.6
23/11/2017,88.5
24/11/2017,19.0
25/11/2017,48.9
26/11/2017,89.5
27/11/2017,84.5
28/11/2017,181.6
29/11/2017,48.0
30/11/2017,6.4
01/12/2017,157.5
02/12/2017,75.9
03/12/2017,1.0
04/12/2017,81.2
05/12/2017,91.4
06/12/2017,5.5
07/12/2017,63.5
08/12/2017,25.1
09/12/2017,0.4
10/12/2017,1.1
11/12/2017,0.4
12/12/2017,1.6
13/12/2017,0.0
14/12/2017,0.0
15/12/2017,0.0
16/12/2017,0.0
17/12/2017,0.0
18/12/2017,18.5
19/12/2017,1.0
20/12/2017,0.0
21/12/2017,0.4
22/12/2017,37.0
23/12/2017,20.4
24/12/2017,1.7
25/12/2017,0.0
26/12/2017,0.4
27/12/2017,9.1
28/12/2017,78.1
29/12/2017,7.1
30/12/2017,0.7
31/12/2017,4.0
01/01/2018,11.6
02/01/2018,0.4
03/01/2018,1.4
04/01/2018,0.6
05/01/2018,0.0
06/01/2018,28.9
07/01/2018,23.7
08/01/2018,65.8
09/01/2018,0.8
10/01/2018,14.2
11/01/2018,3.6
12/01/2018,0.4
13/01/2018,25.1
14/01/2018,4.9
15/01/2018,8.6
16/01/2018,0.5
17/01/2018,0.0
18/01/2018,0.4
19/01/2018,4.1
20/01/2018,63.5
21/01/2018,8.5
22/01/2018,0.5
23/01/2018,0.4
24/01/2018,3.0
25/01/2018,2.6
26/01/2018,7.8
27/01/2018,6.7
28/01/2018,0.0
29/01/2018,0.0
30/01/2018,0.0
31/01/2018,0.0
01/02/2018,5.0
02/02/2018,0.4
03/02/2018,3.5
04/02/2018,1.6
05/02/2018,0.0
06/02/2018,0.0
07/02/2018,0.0
08/02/2018,0.0
09/02/2018,0.0
10/02/2018,0.0
11/02/2018,0.0
12/02/2018,1.0
13/02/2018,3.0
14/02/2018,0.0
15/02/2018,0.0
16/02/2018,0.0
17/02/2018,0.0
18/02/2018,0.0
19/02/2018,0.0
20/02/2018,0.0
21/02/2018,0.0
22/02/2018,0.4
23/02/2018,23.1
24/02/2018,0.5
25/02/2018,0.0
26/02/2018,0.4
27/02/2018,3.6
28/02/2018,0.0
01/03/2018,0.0
02/03/2018,0.0
03/03/2018,0.0
04/03/2018,0.0
05/03/2018,0.0
06/03/2018,0.4
07/03/2018,4.6
08/03/2018,0.0
09/03/2018,8.0
10/03/2018,0.0
11/03/2018,0.5
12/03/2018,0.4
13/03/2018,2.6
14/03/2018,0.0
15/03/2018,0.0
16/03/2018,0.0
17/03/2018,0.0
18/03/2018,0.0
19/03/2018,0.0
20/03/2018,0.0
21/03/2018,0.0
22/03/2018,0.0
23/03/2018,5.0
24/03/2018,0.5
25/03/2018,0.0
26/03/2018,0.0
27/03/2018,0.0
28/03/2018,0.0
29/03/2018,0.0
30/03/2018,0.0
31/03/2018,0.0
01/04/2018,0.0
02/04/2018,3.5
03/04/2018,0.0
04/04/2018,0.0
05/04/2018,0.0
06/04/2018,0.0
07/04/2018,0.7
08/04/2018,19.3
09/04/2018,0.8
10/04/2018,26.6
11/04/2018,21.5
12/04/2018,1.6
13/04/2018,0.0
14/04/2018,0.0
15/04/2018,0.0
16/04/2018,0.0
17/04/2018,0.5
18/04/2018,0.5
19/04/2018,0.4
20/04/2018,4.7
21/04/2018,6.8
22/04/2018,0.0
23/04/2018,0.0
24/04/2018,0.0
25/04/2018,0.0
26/04/2018,5.7
27/04/2018,10.8
28/04/2018,0.0
29/04/2018,0.5
30/04/2018,1.0
01/05/2018,4.0
02/05/2018,0.4
03/05/2018,2.1
04/05/2018,0.0
05/05/2018,0.0
06/05/2018,0.0
07/05/2018,3.5
08/05/2018,0.0
09/05/2018,0.0
10/05/2018,0.0
11/05/2018,0.0
12/05/2018,0.0
13/05/2018,0.0
14/05/2018,3.0
15/05/2018,0.5
16/05/2018,0.0
17/05/2018,4.0
18/05/2018,0.0
19/05/2018,0.0
20/05/2018,0.0
21/05/2018,0.0
22/05/2018,0.0
23/05/2018,0.0
24/05/2018,0.0
25/05/2018,0.0
26/05/2018,8.3
27/05/2018,6.2
28/05/2018,0.0
29/05/2018,0.0
30/05/2018,0.0
31/05/2018,1.5
01/06/2018,13.1
02/06/2018,0.4
03/06/2018,0.0
04/06/2018,0.0
05/06/2018,0.0
06/06/2018,0.0
07/06/2018,0.4
08/06/2018,18.6
09/06/2018,0.0
10/06/2018,0.0
11/06/2018,0.0
12/06/2018,0.0
13/06/2018,0.0
14/06/2018,0.0
15/06/2018,0.0
16/06/2018,0.0
17/06/2018,0.5
18/06/2018,8.5
19/06/2018,0.5
20/06/2018,0.0
21/06/2018,0.0
22/06/2018,0.0
23/06/2018,0.0
24/06/2018,0.4
25/06/2018,13.4
26/06/2018,2.2
27/06/2018,0.0
28/06/2018,0.0
29/06/2018,8.0
30/06/2018,0.0
01/07/2018,0.4
02/07/2018,0.1
03/07/2018,0.0
04/07/2018,0.0
05/07/2018,0.0
06/07/2018,0.0
07/07/2018,0.0
08/07/2018,0.4
09/07/2018,27.1
10/07/2018,5.0
11/07/2018,0.0
12/07/2018,0.0
13/07/2018,0.0
14/07/2018,0.0
15/07/2018,0.0
16/07/2018,0.0
17/07/2018,0.0
18/07/2018,3.7
19/07/2018,1.3
20/07/2018,43.0
21/07/2018,0.5
22/07/2018,0.0
23/07/2018,0.0
24/07/2018,36.8
25/07/2018,0.2
26/07/2018,0.0
27/07/2018,0.0
28/07/2018,76.8
29/07/2018,9.2
30/07/2018,0.4
31/07/2018,5.3
01/08/2018,7.9
02/08/2018,0.0
03/08/2018,0.0
04/08/2018,13.5
05/08/2018,0.0
06/08/2018,0.0
07/08/2018,22.0
08/08/2018,0.5
09/08/2018,0.4
10/08/2018,1.1
11/08/2018,0.0
12/08/2018,0.0
13/08/2018,0.0
14/08/2018,0.0
15/08/2018,0.0
16/08/2018,6.0
17/08/2018,9.3
18/08/2018,1.7
19/08/2018,0.4
20/08/2018,0.6
21/08/2018,0.4
22/08/2018,15.6
23/08/2018,0.0
24/08/2018,0.0
25/08/2018,0.0
26/08/2018,7.0
27/08/2018,2.0
28/08/2018,0.0
29/08/2018,2.5
30/08/2018,0.0
31/08/2018,0.5
01/09/2018,4.4
02/09/2018,0.1
03/09/2018,31.5
04/09/2018,2.0
05/09/2018,0.4
06/09/2018,16.6
07/09/2018,84.1
08/09/2018,0.9
09/09/2018,0.5
10/09/2018,22.4
11/09/2018,0.6
12/09/2018,0.0
13/09/2018,40.5
14/09/2018,39.0
15/09/2018,0.0
16/09/2018,26.0
17/09/2018,0.5
18/09/2018,4.5
19/09/2018,0.0
20/09/2018,0.0
21/09/2018,6.5
22/09/2018,0.5
23/09/2018,0.5
24/09/2018,0.0
25/09/2018,0.4
26/09/2018,0.6
27/09/2018,0.0
28/09/2018,0.0
29/09/2018,0.0
30/09/2018,0.0
01/10/2018,0.0
02/10/2018,0.0
03/10/2018,0.0
04/10/2018,4.5
05/10/2018,0.0
06/10/2018,0.5
07/10/2018,6.0
08/10/2018,0.0
09/10/2018,9.0
10/10/2018,3.4
11/10/2018,18.2
12/10/2018,10.0
13/10/2018,4.6
14/10/2018,7.6
15/10/2018,1.4
16/10/2018,0.4
17/10/2018,10.0
18/10/2018,32.0
19/10/2018,14.1
20/10/2018,0.4
21/10/2018,11.6
22/10/2018,0.5
23/10/2018,8.5
24/10/2018,0.0
25/10/2018,0.0
26/10/2018,0.4
27/10/2018,22.1
28/10/2018,1.0
29/10/2018,6.8
30/10/2018,2.8
31/10/2018,0.0
01/11/2018,35.0
02/11/2018,1.0
03/11/2018,6.6
04/11/2018,19.8
05/11/2018,60.9
06/11/2018,32.8
07/11/2018,77.1
08/11/2018,133.9
09/11/2018,3.3
10/11/2018,0.0
11/11/2018,0.0
12/11/2018,0.5
13/11/2018,27.5
14/11/2018,3.5
15/11/2018,0.0
16/11/2018,0.9
17/11/2018,23.1
18/11/2018,0.0
19/11/2018,0.0
20/11/2018,0.0
21/11/2018,0.0
22/11/2018,5.3
23/11/2018,70.7
24/11/2018,4.5
25/11/2018,0.0
26/11/2018,0.0
27/11/2018,0.4
28/11/2018,0.6
29/11/2018,10.1
30/11/2018,11.3
01/12/2018,29.0
02/12/2018,1.3
03/12/2018,55.7
04/12/2018,26.7
05/12/2018,22.8
06/12/2018,56.4
07/12/2018,7.5
08/12/2018,11.4
09/12/2018,1.5
10/12/2018,10.6
11/12/2018,63.5
12/12/2018,85.5
13/12/2018,8.8
14/12/2018,25.5
15/12/2018,82.2
16/12/2018,52.3
17/12/2018,246.0
18/12/2018,1.3
19/12/2018,54.1
20/12/2018,2.1
21/12/2018,8.0
22/12/2018,0.0
23/12/2018,0.3
24/12/2018,0.2
25/12/2018,0.0
26/12/2018,41.1
27/12/2018,0.4
28/12/2018,0.0
29/12/2018,0.0
30/12/2018,0.4
31/12/2018,24.1
01/01/2019,0.0
02/01/2019,31.9
03/01/2019,35.6
04/01/2019,0.5
05/01/2019,33.7
06/01/2019,55.8
07/01/2019,0.5
08/01/2019,4.0
09/01/2019,5.0
10/01/2019,1.9
11/01/2019,2.5
12/01/2019,33.1
13/01/2019,50.2
14/01/2019,0.3
15/01/2019,0.4
16/01/2019,44.9
17/01/2019,39.8
18/01/2019,1.3
19/01/2019,3.7
20/01/2019,0.0
21/01/2019,0.0
22/01/2019,0.0
23/01/2019,0.0
24/01/2019,0.0
25/01/2019,0.0
26/01/2019,0.0
27/01/2019,0.0
28/01/2019,6.0
29/01/2019,0.5
30/01/2019,0.4
31/01/2019,0.4
01/02/2019,17.0
02/02/2019,2.2
03/02/2019,0.0
04/02/2019,0.0
05/02/2019,0.0
06/02/2019,0.0
07/02/2019,0.0
08/02/2019,0.0
09/02/2019,0.0
10/02/2019,0.0
11/02/2019,3.1
12/02/2019,1.9
13/02/2019,3.0
14/02/2019,0.0
15/02/2019,0.0
16/02/2019,0.0
17/02/2019,0.0
18/02/2019,0.0
19/02/2019,0.4
20/02/2019,5.1
21/02/2019,0.0
22/02/2019,0.0
23/02/2019,0.0
24/02/2019,0.0
25/02/2019,0.0
26/02/2019,0.3
27/02/2019,0.2
28/02/2019,0.0
01/03/2019,0.0
02/03/2019,0.0
03/03/2019,0.0
04/03/2019,0.0
05/03/2019,0.0
06/03/2019,0.0
07/03/2019,0.0
08/03/2019,0.0
09/03/2019,0.0
10/03/2019,0.0
11/03/2019,0.0
12/03/2019,0.0
13/03/2019,0.0
14/03/2019,0.0
15/03/2019,0.0
16/03/2019,0.0
17/03/2019,0.0
18/03/2019,0.0
19/03/2019,0.0
20/03/2019,0.0
21/03/2019,0.0
22/03/2019,0.0
23/03/2019,0.0
24/03/2019,0.4
25/03/2019,14.6
26/03/2019,0.5
27/03/2019,0.0
28/03/2019,1.3
29/03/2019,1.1
30/03/2019,11.1
31/03/2019,0.4
01/04/2019,0.1
02/04/2019,3.2
03/04/2019,11.8
04/04/2019,0.0
05/04/2019,0.0
06/04/2019,0.0
07/04/2019,0.0
08/04/2019,0.0
09/04/2019,0.0
10/04/2019,0.0
11/04/2019,0.0
12/04/2019,0.0
13/04/2019,0.0
14/04/2019,0.5
15/04/2019,0.0
16/04/2019,0.0
17/04/2019,0.0
18/04/2019,0.0
19/04/2019,0.0
20/04/2019,0.0
21/04/2019,0.0
22/04/2019,0.0
23/04/2019,0.5
24/04/2019,0.4
25/04/2019,0.1
26/04/2019,0.0
27/04/2019,0.0
28/04/2019,0.0
29/04/2019,0.0
30/04/2019,0.0
01/05/2019,0.0
02/05/2019,0.0
03/05/2019,0.0
04/05/2019,0.0
05/05/2019,0.0
06/05/2019,0.0
07/05/2019,67.4
08/05/2019,41.1
09/05/2019,4.0
10/05/2019,0.0
11/05/2019,5.8
12/05/2019,0.2
13/05/2019,0.0
14/05/2019,0.0
15/05/2019,0.0
16/05/2019,5.0
17/05/2019,0.0
18/05/2019,0.0
19/05/2019,0.0
20/05/2019,0.0
21/05/2019,0.0
22/05/2019,0.0
23/05/2019,0.0
24/05/2019,0.0
25/05/2019,0.0
26/05/2019,16.0
27/05/2019,0.0
28/05/2019,0.0
29/05/2019,0.0
30/05/2019,0.0
31/05/2019,0.0
01/06/2019,0.0
02/06/2019,0.0
03/06/2019,0.0
04/06/2019,0.0
05/06/2019,0.0
06/06/2019,0.0
07/06/2019,0.0
08/06/2019,0.0
09/06/2019,0.0
10/06/2019,0.0
11/06/2019,0.0
12/06/2019,0.0
13/06/2019,0.0
14/06/2019,0.0
15/06/2019,0.0
16/06/2019,0.4
17/06/2019,0.1
18/06/2019,8.5
19/06/2019,1.0
20/06/2019,5.0
21/06/2019,0.0
22/06/2019,24.0
23/06/2019,34.0
24/06/2019,0.0
25/06/2019,0.5
26/06/2019,0.5
27/06/2019,0.0
28/06/2019,0.0
29/06/2019,0.0
30/06/2019,0.0
01/07/2019,0.0
02/07/2019,0.4
03/07/2019,12.1
04/07/2019,0.0
05/07/2019,2.0
06/07/2019,0.0
07/07/2019,0.0
08/07/2019,0.0
09/07/2019,0.0
10/07/2019,0.0
11/07/2019,0.0
12/07/2019,1.0
13/07/2019,15.5
14/07/2019,20.0
15/07/2019,0.5
16/07/2019,1.0
17/07/2019,0.4
18/07/2019,2.1
19/07/2019,0.0
20/07/2019,0.0
21/07/2019,0.0
22/07/2019,0.0
23/07/2019,0.0
24/07/2019,1.5
25/07/2019,1.5
26/07/2019,0.0
27/07/2019,7.0
28/07/2019,12.5
29/07/2019,0.0
30/07/2019,0.0
31/07/2019,0.0
01/08/2019,0.0
02/08/2019,0.0
03/08/2019,0.0
04/08/2019,0.0
05/08/2019,0.0
06/08/2019,0.0
07/08/2019,0.0
08/08/2019,0.0
09/08/2019,0.0
10/08/2019,0.0
11/08/2019,0.0
12/08/2019,0.0
13/08/2019,0.0
14/08/2019,0.0
15/08/2019,0.0
16/08/2019,0.0
17/08/2019,0.0
18/08/2019,0.0
19/08/2019,0.0
20/08/2019,0.0
21/08/2019,3.5
22/08/2019,16.5
23/08/2019,0.0
24/08/2019,63.0
25/08/2019,8.0
26/08/2019,0.0
27/08/2019,15.0
28/08/2019,10.0
29/08/2019,14.5
30/08/2019,0.0
31/08/2019,0.0
01/09/2019,0.0
02/09/2019,1.5
03/09/2019,8.5
04/09/2019,11.0
05/09/2019,18.0
06/09/2019,0.0
07/09/2019,20.5
08/09/2019,1.0
09/09/2019,0.5
10/09/2019,0.0
11/09/2019,0.0
12/09/2019,0.0
13/09/2019,0.0
14/09/2019,22.5
15/09/2019,1.7
16/09/2019,3.3
17/09/2019,0.0
18/09/2019,0.0
19/09/2019,0.4
20/09/2019,1.6
21/09/2019,0.0
22/09/2019,0.0
23/09/2019,1.0
24/09/2019,3.9
25/09/2019,25.1
26/09/2019,0.0
27/09/2019,0.0
28/09/2019,0.0
29/09/2019,0.0
30/09/2019,0.0
01/10/2019,3.5
02/10/2019,0.5
03/10/2019,0.0
04/10/2019,16.5
05/10/2019,0.0
06/10/2019,0.0
07/10/2019,2.0
08/10/2019,0.0
09/10/2019,0.0
10/10/2019,0.0
11/10/2019,0.0
12/10/2019,0.0
13/10/2019,1.0
14/10/2019,3.5
15/10/2019,0.0
16/10/2019,0.5
17/10/2019,1.0
18/10/2019,11.3
19/10/2019,2.2
20/10/2019,0.4
21/10/2019,0.9
22/10/2019,41.2
23/10/2019,0.0
24/10/2019,2.0
25/10/2019,0.5
26/10/2019,16.7
27/10/2019,13.8
28/10/2019,16.5
29/10/2019,0.0
30/10/2019,0.5
31/10/2019,0.0
01/11/2019,0.4
02/11/2019,30.5
03/11/2019,40.0
04/11/2019,7.4
05/11/2019,16.1
06/11/2019,34.8
07/11/2019,0.7
08/11/2019,27.5
09/11/2019,0.0
10/11/2019,0.0
11/11/2019,0.0
12/11/2019,4.0
13/11/2019,1.3
14/11/2019,6.2
15/11/2019,31.0
16/11/2019,0.5
17/11/2019,0.0
18/11/2019,9.0
19/11/2019,6.3
20/11/2019,5.2
21/11/2019,36.7
22/11/2019,93.3
23/11/2019,1.5
24/11/2019,3.8
25/11/2019,55.6
26/11/2019,29.8
27/11/2019,9.0
28/11/2019,10.6
29/11/2019,29.5
30/11/2019,40.4
01/12/2019,104.4
02/12/2019,67.4
03/12/2019,0.5
04/12/2019,0.4
05/12/2019,1.1
06/12/2019,0.8
07/12/2019,8.2
08/12/2019,0.5
09/12/2019,8.5
10/12/2019,0.0
11/12/2019,0.4
12/12/2019,0.1
13/12/2019,0.5
14/12/2019,1.2
15/12/2019,6.5
16/12/2019,15.3
17/12/2019,15.4
18/12/2019,6.1
19/12/2019,0.5
20/12/2019,0.0
21/12/2019,0.5
22/12/2019,0.0
23/12/2019,0.0
24/12/2019,0.0
25/12/2019,0.0
26/12/2019,0.0
27/12/2019,0.0
28/12/2019,0.0
29/12/2019,0.0
30/12/2019,0.0
31/12/2019,0.5
01/01/2020,2.0
02/01/2020,2.0
03/01/2020,0.5
04/01/2020,0.9
05/01/2020,0.6
06/01/2020,2.5
07/01/2020,0.5
08/01/2020,5.3
09/01/2020,0.2
10/01/2020,3.5
11/01/2020,0.0
12/01/2020,0.0
13/01/2020,0.0
14/01/2020,0.0
15/01/2020,0.0
16/01/2020,0.0
17/01/2020,28.7
18/01/2020,1.4
19/01/2020,1.4
20/01/2020,1.0
21/01/2020,0.0
22/01/2020,3.5
23/01/2020,0.0
24/01/2020,0.0
25/01/2020,0.0
26/01/2020,0.0
27/01/2020,0.0
28/01/2020,0.0
29/01/2020,0.0
30/01/2020,0.0
31/01/2020,26.0
01/02/2020,0.0
02/02/2020,0.0
03/02/2020,0.0
04/02/2020,0.0
05/02/2020,3.9
06/02/2020,16.6
07/02/2020,0.0
08/02/2020,2.0
09/02/2020,15.3
10/02/2020,12.4
11/02/2020,1.8
12/02/2020,0.0
13/02/2020,0.0
14/02/2020,0.0
15/02/2020,0.0
16/02/2020,0.0
17/02/2020,27.7
18/02/2020,2.3
19/02/2020,0.5
20/02/2020,0.5
21/02/2020,0.5
22/02/2020,3.5
23/02/2020,0.5
24/02/2020,0.0
25/02/2020,0.0
26/02/2020,0.0
27/02/2020,0.0
28/02/2020,0.0
29/02/2020,0.0
01/03/2020,0.0
02/03/2020,0.0
03/03/2020,0.0
04/03/2020,0.0
05/03/2020,0.4
06/03/2020,5.1
07/03/2020,0.0
08/03/2020,0.0
09/03/2020,0.0
10/03/2020,0.0
11/03/2020,0.0
12/03/2020,0.0
13/03/2020,0.0
14/03/2020,0.0
15/03/2020,0.0
16/03/2020,0.0
17/03/2020,0.5
18/03/2020,0.0
19/03/2020,0.0
20/03/2020,0.0
21/03/2020,0.5
22/03/2020,2.1
23/03/2020,20.9
24/03/2020,0.0
25/03/2020,0.0
26/03/2020,0.0
27/03/2020,0.0
28/03/2020,0.0
29/03/2020,0.0
30/03/2020,0.0
31/03/2020,0.0
01/04/2020,0.4
02/04/2020,22.8
03/04/2020,20.3
04/04/2020,0.4
05/04/2020,99.1
06/04/2020,1.0
07/04/2020,0.0
08/04/2020,0.0
09/04/2020,0.0
10/04/2020,0.0
11/04/2020,0.0
12/04/2020,0.0
13/04/2020,0.0
14/04/2020,0.0
15/04/2020,0.0
16/04/2020,0.0
17/04/2020,0.0
18/04/2020,0.0
19/04/2020,0.4
20/04/2020,4.1
21/04/2020,0.0
22/04/2020,0.3
23/04/2020,9.7
24/04/2020,0.0
25/04/2020,105.9
26/04/2020,38.5
27/04/2020,31.5
28/04/2020,38.6
29/04/2020,12.0
30/04/2020,0.9
01/05/2020,14.0
02/05/2020,0.0
03/05/2020,0.0
04/05/2020,0.0
05/05/2020,0.0
06/05/2020,0.0
07/05/2020,0.0
08/05/2020,0.0
09/05/2020,0.0
10/05/2020,0.0
11/05/2020,0.0
12/05/2020,0.0
13/05/2020,0.0
14/05/2020,0.0
15/05/2020,0.0
16/05/2020,0.0
17/05/2020,3.5
18/05/2020,0.0
19/05/2020,0.0
20/05/2020,0.0
21/05/2020,0.0
22/05/2020,0.0
23/05/2020,1.5
24/05/2020,0.0
25/05/2020,0.0
26/05/2020,0.0
27/05/2020,0.0
28/05/2020,0.0
29/05/2020,0.0
30/05/2020,0.0
31/05/2020,0.0
01/06/2020,2.5
02/06/2020,0.0
03/06/2020,0.0
04/06/2020,35.0
05/06/2020,20.4
06/06/2020,88.6
07/06/2020,14.0
08/06/2020,0.2
09/06/2020,0.3
10/06/2020,38.6
11/06/2020,0.5
12/06/2020,5.5
13/06/2020,0.0
14/06/2020,0.0
15/06/2020,0.0
16/06/2020,0.0
17/06/2020,0.0
18/06/2020,4.0
19/06/2020,0.0
20/06/2020,0.0
21/06/2020,0.0
22/06/2020,0.0
23/06/2020,0.0
24/06/2020,0.0
25/06/2020,0.0
26/06/2020,16.5
27/06/2020,2.9
28/06/2020,0.6
29/06/2020,0.0
30/06/2020,0.0
01/07/2020,0.4
02/07/2020,0.4
03/07/2020,39.8
04/07/2020,0.3
05/07/2020,0.0
06/07/2020,0.0
07/07/2020,0.0
08/07/2020,0.0
09/07/2020,80.5
10/07/2020,3.5
11/07/2020,21.5
12/07/2020,0.4
13/07/2020,54.1
14/07/2020,6.0
15/07/2020,0.0
16/07/2020,0.0
17/07/2020,0.0
18/07/2020,0.0
19/07/2020,0.0
20/07/2020,0.0
21/07/2020,0.0
22/07/2020,0.0
23/07/2020,0.4
24/07/2020,1.1
25/07/2020,0.0
26/07/2020,0.0
27/07/2020,0.0
28/07/2020,7.0
29/07/2020,0.0
30/07/2020,1.0
31/07/2020,3.5
01/08/2020,15.5
02/08/2020,0.4
03/08/2020,21.6
04/08/2020,0.0
05/08/2020,2.5
06/08/2020,0.0
07/08/2020,0.9
08/08/2020,13.4
09/08/2020,0.2
10/08/2020,0.7
11/08/2020,22.3
12/08/2020,0.4
13/08/2020,5.1
14/08/2020,1.0
15/08/2020,0.0
16/08/2020,0.0
17/08/2020,0.0
18/08/2020,1.5
19/08/2020,0.0
20/08/2020,0.0
21/08/2020,10.5
22/08/2020,0.0
23/08/2020,0.0
24/08/2020,0.0
25/08/2020,0.0
26/08/2020,0.0
27/08/2020,0.0
28/08/2020,0.0
29/08/2020,0.4
30/08/2020,0.6
31/08/2020,0.0
01/09/2020,4.0
02/09/2020,0.0
03/09/2020,0.0
04/09/2020,0.0
05/09/2020,0.0
06/09/2020,19.0
07/09/2020,0.0
08/09/2020,0.0
09/09/2020,0.0
10/09/2020,0.0
11/09/2020,0.0
12/09/2020,17.5
13/09/2020,0.0
14/09/2020,1.0
15/09/2020,0.0
16/09/2020,1.1
17/09/2020,4.9
18/09/2020,0.0
19/09/2020,0.0
20/09/2020,3.8
21/09/2020,0.2
22/09/2020,0.0
23/09/2020,0.0
24/09/2020,28.9
25/09/2020,6.1
26/09/2020,0.5
27/09/2020,0.0
28/09/2020,0.0
29/09/2020,0.0
30/09/2020,0.0
01/10/2020,0.0
02/10/2020,0.5
03/10/2020,0.4
04/10/2020,0.6
05/10/2020,3.5
06/10/2020,1.0
07/10/2020,31.0
08/10/2020,15.2
09/10/2020,1.3
10/10/2020,0.5
11/10/2020,0.0
12/10/2020,6.4
13/10/2020,14.6
14/10/2020,0.0
15/10/2020,0.0
16/10/2020,3.4
17/10/2020,0.1
18/10/2020,0.0
19/10/2020,0.0
20/10/2020,0.0
21/10/2020,0.0
22/10/2020,9.0
23/10/2020,4.5
24/10/2020,1.0
25/10/2020,54.2
26/10/2020,3.9
27/10/2020,0.5
28/10/2020,2.0
29/10/2020,23.5
30/10/2020,0.0
31/10/2020,0.5
01/11/2020,0.4
02/11/2020,15.6
03/11/2020,45.7
04/11/2020,39.3
05/11/2020,0.5
06/11/2020,4.5
07/11/2020,0.5
08/11/2020,3.4
09/11/2020,17.6
10/11/2020,0.0
11/11/2020,0.4
12/11/2020,53.5
13/11/2020,52.1
14/11/2020,0.0
15/11/2020,0.0
16/11/2020,11.7
17/11/2020,83.9
18/11/2020,25.4
19/11/2020,3.5
20/11/2020,35.7
21/11/2020,26.8
22/11/2020,5.4
23/11/2020,132.2
24/11/2020,150.5
25/11/2020,85.9
26/11/2020,30.5
27/11/2020,22.0
28/11/2020,11.8
29/11/2020,0.9
30/11/2020,47.2
01/12/2020,10.4
02/12/2020,237.1
03/12/2020,173.4
04/12/2020,0.0
05/12/2020,0.0
06/12/2020,0.0
07/12/2020,0.4
08/12/2020,11.6
09/12/2020,0.0
10/12/2020,6.0
11/12/2020,0.5
12/12/2020,33.3
13/12/2020,13.0
14/12/2020,5.6
15/12/2020,33.5
16/12/2020,58.6
17/12/2020,26.0
18/12/2020,12.4
19/12/2020,35.1
20/12/2020,14.4
21/12/2020,0.4
22/12/2020,0.6
23/12/2020,1.0
24/12/2020,0.7
25/12/2020,18.3
26/12/2020,0.3
27/12/2020,2.7
28/12/2020,0.0
29/12/2020,0.0
30/12/2020,0.0
31/12/2020,43.5
01/01/2021,1.1
02/01/2021,16.0
03/01/2021,23.2
04/01/2021,84.6
05/01/2021,39.3
06/01/2021,11.8
07/01/2021,0.4
08/01/2021,2.6
09/01/2021,0.5
10/01/2021,4.0
11/01/2021,1.5
12/01/2021,3.0
13/01/2021,0.0
14/01/2021,0.0
15/01/2021,0.0
16/01/2021,0.0
17/01/2021,0.0
18/01/2021,0.0
19/01/2021,0.0
20/01/2021,0.0
21/01/2021,0.0
22/01/2021,0.8
23/01/2021,2.4
24/01/2021,1.8
25/01/2021,0.0
26/01/2021,0.5
27/01/2021,15.0
28/01/2021,0.4
29/01/2021,2.6
30/01/2021,0.5
31/01/2021,9.0
01/02/2021,1.5
02/02/2021,0.0
03/02/2021,0.0
04/02/2021,0.0
05/02/2021,0.5
06/02/2021,0.0
07/02/2021,0.0
08/02/2021,0.0
09/02/2021,0.0
10/02/2021,0.0
11/02/2021,0.0
12/02/2021,0.0
13/02/2021,1.0
14/02/2021,0.0
15/02/2021,0.0
16/02/2021,0.0
17/02/2021,0.0
18/02/2021,0.0
19/02/2021,0.0
20/02/2021,0.0
21/02/2021,0.0
22/02/2021,0.0
23/02/2021,0.0
24/02/2021,0.0
25/02/2021,0.0
26/02/2021,0.0
27/02/2021,0.0
28/02/2021,0.0
01/03/2021,0.0
02/03/2021,0.0
03/03/2021,1.5
04/03/2021,0.0
05/03/2021,0.0
06/03/2021,0.0
07/03/2021,0.0
08/03/2021,0.0
09/03/2021,0.0
10/03/2021,3.5
11/03/2021,4.9
12/03/2021,20.0
13/03/2021,0.2
14/03/2021,0.4
15/03/2021,0.6
16/03/2021,0.0
17/03/2021,0.0
18/03/2021,0.0
19/03/2021,0.0
20/03/2021,0.0
21/03/2021,0.0
22/03/2021,0.4
23/03/2021,5.2
24/03/2021,6.8
25/03/2021,0.0
26/03/2021,0.0
27/03/2021,1.5
28/03/2021,0.0
29/03/2021,0.0
30/03/2021,0.4
31/03/2021,35.1
01/04/2021,0.0
02/04/2021,0.0
03/04/2021,0.0
04/04/2021,0.4
05/04/2021,5.6
06/04/2021,52.5
07/04/2021,0.0
08/04/2021,0.0
09/04/2021,0.0
10/04/2021,0.4
11/04/2021,15.1
12/04/2021,3.5
13/04/2021,0.0
14/04/2021,0.0
15/04/2021,0.0
16/04/2021,0.0
17/04/2021,0.0
18/04/2021,0.3
19/04/2021,6.2
20/04/2021,0.0
21/04/2021,0.0
22/04/2021,0.0
23/04/2021,67.5
24/04/2021,11.2
25/04/2021,0.3
26/04/2021,0.0
27/04/2021,0.0
28/04/2021,0.0
29/04/2021,0.0
30/04/2021,7.0
01/05/2021,0.9
02/05/2021,1.0
03/05/2021,0.5
04/05/2021,10.5
05/05/2021,4.1
06/05/2021,7.5
07/05/2021,0.5
08/05/2021,0.0
09/05/2021,0.0
10/05/2021,0.0
11/05/2021,0.5
12/05/2021,0.0
13/05/2021,19.5
14/05/2021,0.0
15/05/2021,12.0
16/05/2021,2.5
17/05/2021,0.5
18/05/2021,29.3
19/05/2021,28.8
20/05/2021,5.3
21/05/2021,2.4
22/05/2021,0.6
23/05/2021,0.0
24/05/2021,0.0
25/05/2021,0.0
26/05/2021,0.0
27/05/2021,40.5
28/05/2021,0.0
29/05/2021,8.0
30/05/2021,0.0
31/05/2021,0.0
01/06/2021,0.0
02/06/2021,0.0
03/06/2021,0.0
04/06/2021,0.0
05/06/2021,0.5
06/06/2021,30.0
07/06/2021,0.0
08/06/2021,0.0
09/06/2021,0.0
10/06/2021,0.0
11/06/2021,0.0
12/06/2021,0.0
13/06/2021,0.0
14/06/2021,0.0
15/06/2021,0.0
16/06/2021,0.0
17/06/2021,0.0
18/06/2021,0.0
19/06/2021,1.5
20/06/2021,0.0
21/06/2021,0.0
22/06/2021,0.5
23/06/2021,2.0
24/06/2021,0.4
25/06/2021,0.1
26/06/2021,0.0
27/06/2021,0.0
28/06/2021,0.0
29/06/2021,0.0
30/06/2021,0.0
01/07/2021,0.0
02/07/2021,0.0
03/07/2021,48.0
04/07/2021,0.0
05/07/2021,0.0
06/07/2021,70.8
07/07/2021,0.2
08/07/2021,0.5
09/07/2021,26.8
10/07/2021,2.2
11/07/2021,3.5
12/07/2021,9.0
13/07/2021,57.5
14/07/2021,2.0
15/07/2021,0.0
16/07/2021,0.0
17/07/2021,0.5
18/07/2021,12.5
19/07/2021,0.0
20/07/2021,0.0
21/07/2021,0.0
22/07/2021,0.0
23/07/2021,0.0
24/07/2021,0.0
25/07/2021,0.0
26/07/2021,0.0
27/07/2021,0.0
28/07/2021,1.7
29/07/2021,12.8
30/07/2021,0.0
31/07/2021,0.4
01/08/2021,9.6
02/08/2021,0.0
03/08/2021,0.0
04/08/2021,1.0
05/08/2021,0.5
06/08/2021,1.5
07/08/2021,0.0
08/08/2021,0.0
09/08/2021,0.0
10/08/2021,6.6
11/08/2021,2.9
12/08/2021,0.0
13/08/2021,0.0
14/08/2021,0.0
15/08/2021,0.0
16/08/2021,21.9
17/08/2021,10.6
18/08/2021,2.3
19/08/2021,7.7
20/08/2021,3.0
21/08/2021,0.5
22/08/2021,2.5
23/08/2021,11.5
24/08/2021,0.5
25/08/2021,0.0
26/08/2021,0.0
27/08/2021,0.0
28/08/2021,12.5
29/08/2021,0.0
30/08/2021,0.0
31/08/2021,35.5
01/09/2021,0.5
02/09/2021,0.6
03/09/2021,0.5
04/09/2021,0.0
05/09/2021,0.0
06/09/2021,0.0
07/09/2021,0.0
08/09/2021,23.5
09/09/2021,3.5
10/09/2021,17.5
11/09/2021,0.5
12/09/2021,0.5
13/09/2021,21.0
14/09/2021,0.0
15/09/2021,6.0
16/09/2021,0.0
17/09/2021,0.0
18/09/2021,0.0
19/09/2021,10.9
20/09/2021,0.6
21/09/2021,3.0
22/09/2021,2.0
23/09/2021,0.0
24/09/2021,0.0
25/09/2021,0.5
26/09/2021,2.0
27/09/2021,11.2
28/09/2021,0.3
29/09/2021,1.0
30/09/2021,1.0
01/10/2021,0.0
02/10/2021,0.0
03/10/2021,0.0
04/10/2021,25.5
05/10/2021,2.0
06/10/2021,15.5
07/10/2021,7.0
08/10/2021,0.0
09/10/2021,0.0
10/10/2021,0.0
11/10/2021,0.0
12/10/2021,0.0
13/10/2021,0.0
14/10/2021,1.3
15/10/2021,1.1
16/10/2021,58.6
17/10/2021,0.0
18/10/2021,0.0
19/10/2021,15.1
20/10/2021,19.2
21/10/2021,2.2
22/10/2021,19.5
23/10/2021,0.0
24/10/2021,0.0
25/10/2021,0.0
26/10/2021,0.0
27/10/2021,0.0
28/10/2021,7.3
29/10/2021,6.2
30/10/2021,1.0
31/10/2021,0.0
01/11/2021,0.4
02/11/2021,23.7
03/11/2021,48.9
04/11/2021,1.5
05/11/2021,8.4
06/11/2021,0.1
07/11/2021,0.0
08/11/2021,0.0
09/11/2021,0.4
10/11/2021,55.8
11/11/2021,26.2
12/11/2021,10.5
13/11/2021,32.9
14/11/2021,0.6
15/11/2021,0.0
16/11/2021,3.5
17/11/2021,19.5
18/11/2021,27.0
19/11/2021,0.0
20/11/2021,0.0
21/11/2021,0.4
22/11/2021,3.8
23/11/2021,6.3
24/11/2021,24.9
25/11/2021,12.1
26/11/2021,68.8
27/11/2021,11.9
28/11/2021,20.5
29/11/2021,14.3
30/11/2021,0.9
01/12/2021,38.8
02/12/2021,91.6
03/12/2021,91.0
04/12/2021,37.2
05/12/2021,0.0
06/12/2021,0.0
07/12/2021,0.0
08/12/2021,0.0
09/12/2021,1.3
10/12/2021,8.2
11/12/2021,0.0
12/12/2021,0.4
13/12/2021,16.8
14/12/2021,18.0
15/12/2021,25.1
16/12/2021,92.9
17/12/2021,47.2
18/12/2021,4.4
19/12/2021,28.6
20/12/2021,0.0
21/12/2021,8.4
22/12/2021,30.1
23/12/2021,0.5
24/12/2021,0.0
25/12/2021,0.0
26/12/2021,0.0
27/12/2021,0.0
28/12/2021,2.0
29/12/2021,3.7
30/12/2021,27.5
31/12/2021,4.9
01/01/2022,18.0
02/01/2022,1.3
03/01/2022,3.4
04/01/2022,5.8
05/01/2022,0.5
06/01/2022,0.4
07/01/2022,2.6
08/01/2022,0.4
09/01/2022,0.0
10/01/2022,0.0
11/01/2022,0.0
12/01/2022,0.0
13/01/2022,0.0
14/01/2022,0.0
15/01/2022,0.0
16/01/2022,0.0
17/01/2022,0.5
18/01/2022,0.0
19/01/2022,0.0
20/01/2022,0.0
21/01/2022,0.0
22/01/2022,0.0
23/01/2022,0.0
24/01/2022,0.0
25/01/2022,0.0
26/01/2022,0.0
27/01/2022,0.0
28/01/2022,0.0
29/01/2022,0.0
30/01/2022,0.0
31/01/2022,0.0
01/02/2022,0.0
02/02/2022,2.9
03/02/2022,2.0
04/02/2022,3.1
05/02/2022,0.5
06/02/2022,3.2
07/02/2022,13.5
08/02/2022,36.7
09/02/2022,3.1
10/02/2022,53.6
11/02/2022,31.8
12/02/2022,78.6
13/02/2022,5.9
14/02/2022,6.1
15/02/2022,28.5
16/02/2022,7.4
17/02/2022,13.6
18/02/2022,0.0
19/02/2022,0.0
20/02/2022,0.0
21/02/2022,0.0
22/02/2022,1.4
23/02/2022,13.2
24/02/2022,9.6
25/02/2022,84.8
26/02/2022,208.5
27/02/2022,56.6
28/02/2022,6.5
01/03/2022,0.0
02/03/2022,0.0
03/03/2022,2.1
04/03/2022,23.2
05/03/2022,18.6
06/03/2022,0.4
07/03/2022,4.0
08/03/2022,3.1
09/03/2022,0.5
10/03/2022,1.5
11/03/2022,0.0
12/03/2022,0.0
13/03/2022,11.6
14/03/2022,3.4
15/03/2022,0.0
16/03/2022,0.0
17/03/2022,3.0
18/03/2022,0.0
19/03/2022,2.5
20/03/2022,1.0
21/03/2022,1.0
22/03/2022,0.0
23/03/2022,0.0
24/03/2022,0.4
25/03/2022,4.1
26/03/2022,0.0
27/03/2022,0.0
28/03/2022,0.0
29/03/2022,0.0
30/03/2022,0.0
31/03/2022,0.0
01/04/2022,0.0
02/04/2022,0.5
03/04/2022,20.6
04/04/2022,16.9
05/04/2022,17.8
06/04/2022,38.2
07/04/2022,0.0
08/04/2022,0.5
09/04/2022,35.0
10/04/2022,0.0
11/04/2022,0.0
12/04/2022,0.0
13/04/2022,0.5
14/04/2022,0.5
15/04/2022,0.0
16/04/2022,0.0
17/04/2022,0.0
18/04/2022,0.5
19/04/2022,8.1
20/04/2022,1.9
21/04/2022,0.4
22/04/2022,11.1
23/04/2022,8.5
24/04/2022,1.0
25/04/2022,0.0
26/04/2022,0.0
27/04/2022,0.0
28/04/2022,0.0
29/04/2022,0.0
30/04/2022,0.0
01/05/2022,41.5
02/05/2022,3.5
03/05/2022,0.5
04/05/2022,3.5
05/05/2022,0.0
06/05/2022,0.0
07/05/2022,0.5
08/05/2022,0.8
09/05/2022,1.7
10/05/2022,0.4
11/05/2022,0.1
12/05/2022,0.0
13/05/2022,0.0
14/05/2022,0.0
15/05/2022,0.0
16/05/2022,68.0
17/05/2022,0.0
18/05/2022,0.0
19/05/2022,0.0
20/05/2022,0.0
21/05/2022,0.0
22/05/2022,0.0
23/05/2022,0.0
24/05/2022,0.0
25/05/2022,0.0
26/05/2022,0.0
27/05/2022,0.0
28/05/2022,0.0
29/05/2022,0.0
30/05/2022,0.0
31/05/2022,0.0
01/06/2022,0.0
02/06/2022,0.0
03/06/2022,0.0
04/06/2022,0.5
05/06/2022,1.0
06/06/2022,0.0
07/06/2022,0.0
08/06/2022,0.0
09/06/2022,0.0
10/06/2022,0.0
11/06/2022,0.0
12/06/2022,0.0
13/06/2022,0.0
14/06/2022,0.0
15/06/2022,52.0
16/06/2022,0.5
17/06/2022,5.8
18/06/2022,0.7
19/06/2022,0.0
20/06/2022,0.0
21/06/2022,15.5
22/06/2022,0.0
23/06/2022,0.4
24/06/2022,44.8
25/06/2022,0.3
26/06/2022,0.0
27/06/2022,0.0
28/06/2022,0.0
29/06/2022,1.0
30/06/2022,0.0
01/07/2022,0.0
02/07/2022,0.0
03/07/2022,16.2
04/07/2022,18.3
05/07/2022,0.5
06/07/2022,3.0
07/07/2022,0.0
08/07/2022,17.8
09/07/2022,1.7
10/07/2022,0.0
11/07/2022,45.5
12/07/2022,4.5
13/07/2022,0.0
14/07/2022,0.5
15/07/2022,0.4
16/07/2022,1.6
17/07/2022,1.0
18/07/2022,0.0
19/07/2022,0.0
20/07/2022,0.5
21/07/2022,4.0
22/07/2022,0.0
23/07/2022,0.0
24/07/2022,0.5
25/07/2022,0.5
26/07/2022,0.0
27/07/2022,0.0
28/07/2022,13.5
29/07/2022,0.0
30/07/2022,8.4
31/07/2022,0.1
01/08/2022,0.0
02/08/2022,12.6
03/08/2022,1.4
04/08/2022,0.5
05/08/2022,0.0
06/08/2022,0.0
07/08/2022,0.0
08/08/2022,0.0
09/08/2022,0.0
10/08/2022,0.0
11/08/2022,0.0
12/08/2022,0.0
13/08/2022,0.0
14/08/2022,0.0
15/08/2022,0.0
16/08/2022,3.0
17/08/2022,12.5
18/08/2022,1.5
19/08/2022,0.0
20/08/2022,52.5
21/08/2022,0.0
22/08/2022,0.0
23/08/2022,0.0
24/08/2022,0.0
25/08/2022,25.5
26/08/2022,25.0
27/08/2022,4.0
28/08/2022,46.7
29/08/2022,30.8
30/08/2022,0.5
31/08/2022,0.0
01/09/2022,0.4
02/09/2022,1.6
03/09/2022,0.0
04/09/2022,0.4
05/09/2022,20.6
06/09/2022,0.5
07/09/2022,0.0
08/09/2022,0.4
09/09/2022,4.5
10/09/2022,34.6
11/09/2022,12.1
12/09/2022,1.4
13/09/2022,4.0
14/09/2022,3.7
15/09/2022,0.3
16/09/2022,2.0
17/09/2022,0.5
18/09/2022,0.0
19/09/2022,0.0
20/09/2022,0.0
21/09/2022,0.0
22/09/2022,0.0
23/09/2022,0.0
24/09/2022,0.0
25/09/2022,0.5
26/09/2022,0.5
27/09/2022,11.9
28/09/2022,16.1
29/09/2022,19.5
30/09/2022,29.0
01/10/2022,8.5
02/10/2022,3.0
03/10/2022,37.9
04/10/2022,5.1
05/10/2022,3.0
06/10/2022,0.0
07/10/2022,6.5
08/10/2022,2.1
09/10/2022,0.8
10/10/2022,9.1
11/10/2022,0.5
12/10/2022,0.4
13/10/2022,1.6
14/10/2022,7.7
15/10/2022,57.9
16/10/2022,0.5
17/10/2022,2.2
18/10/2022,8.8
19/10/2022,30.4
20/10/2022,1.6
21/10/2022,0.9
22/10/2022,7.8
23/10/2022,0.7
24/10/2022,5.0
25/10/2022,10.0
26/10/2022,10.4
27/10/2022,4.5
28/10/2022,11.4
29/10/2022,3.7
30/10/2022,51.8
31/10/2022,42.7
01/11/2022,54.0
02/11/2022,5.6
03/11/2022,1.9
04/11/2022,9.4
05/11/2022,7.1
06/11/2022,6.1
07/11/2022,4.4
08/11/2022,12.4
09/11/2022,17.4
10/11/2022,15.7
11/11/2022,108.5
12/11/2022,25.0
13/11/2022,9.7
14/11/2022,2.3
15/11/2022,0.0
16/11/2022,0.4
17/11/2022,1.1
18/11/2022,3.7
19/11/2022,3.3
20/11/2022,0.0
21/11/2022,0.0
22/11/2022,10.5
23/11/2022,0.5
24/11/2022,4.3
25/11/2022,0.2
26/11/2022,0.0
27/11/2022,0.4
28/11/2022,2.1
29/11/2022,0.5
30/11/2022,28.0
01/12/2022,112.1
02/12/2022,66.3
03/12/2022,19.0
04/12/2022,18.1
05/12/2022,2.4
06/12/2022,0.6
07/12/2022,21.9
08/12/2022,82.1
09/12/2022,192.4
10/12/2022,47.6
11/12/2022,173.5
12/12/2022,5.3
13/12/2022,0.7
14/12/2022,62.9
15/12/2022,83.2
16/12/2022,3.2
17/12/2022,35.5
18/12/2022,17.0
19/12/2022,241.3
20/12/2022,41.3
21/12/2022,40.8
22/12/2022,10.6
23/12/2022,11.9
24/12/2022,0.4
25/12/2022,0.6
26/12/2022,0.0
27/12/2022,0.0
28/12/2022,0.0
29/12/2022,0.0
30/12/2022,0.0
31/12/2022,0.0
01/01/2023,0.0
02/01/2023,0.0
03/01/2023,28.5
04/01/2023,1.0
05/01/2023,0.5
06/01/2023,30.8
07/01/2023,51.2
08/01/2023,209.5
09/01/2023,2.0
10/01/2023,0.0
11/01/2023,0.0
12/01/2023,113.5
13/01/2023,16.5
14/01/2023,2.0
15/01/2023,0.0
16/01/2023,0.0
17/01/2023,0.4
18/01/2023,2.6
19/01/2023,22.2
20/01/2023,7.2
21/01/2023,3.0
22/01/2023,2.7
23/01/2023,2.0
24/01/2023,0.4
25/01/2023,0.8
26/01/2023,0.7
27/01/2023,7.0
28/01/2023,6.6
29/01/2023,1.9
30/01/2023,2.1
31/01/2023,0.5
01/02/2023,0.0
02/02/2023,1.0
03/02/2023,2.0
04/02/2023,0.0
