Date,Value (mm)
04/07/1971,13.0
05/07/1971,0.0
06/07/1971,0.0
07/07/1971,0.0
08/07/1971,0.0
09/07/1971,1.0
10/07/1971,64.0
11/07/1971,0.2
12/07/1971,0.2
13/07/1971,0.2
14/07/1971,0.2
15/07/1971,0.2
16/07/1971,0.2
17/07/1971,1.0
18/07/1971,0.0
19/07/1971,53.0
20/07/1971,1.0
21/07/1971,0.0
22/07/1971,0.0
23/07/1971,1.0
24/07/1971,2.0
25/07/1971,12.0
26/07/1971,0.0
27/07/1971,0.0
28/07/1971,10.0
29/07/1971,2.0
30/07/1971,3.0
31/07/1971,43.0
01/08/1971,0.0
02/08/1971,0.0
03/08/1971,14.0
04/08/1971,3.0
05/08/1971,0.0
06/08/1971,0.0
07/08/1971,42.0
08/08/1971,59.0
09/08/1971,1.0
10/08/1971,3.0
11/08/1971,21.0
12/08/1971,2.0
13/08/1971,0.0
14/08/1971,0.0
15/08/1971,0.0
16/08/1971,0.0
17/08/1971,0.0
18/08/1971,0.0
19/08/1971,59.0
20/08/1971,19.0
21/08/1971,0.0
22/08/1971,0.0
23/08/1971,25.0
24/08/1971,4.7
25/08/1971,0.9
26/08/1971,0.5
27/08/1971,0.0
28/08/1971,6.0
29/08/1971,3.0
30/08/1971,23.0
31/08/1971,0.0
01/09/1971,0.0
02/09/1971,0.0
03/09/1971,0.0
04/09/1971,0.0
05/09/1971,0.0
06/09/1971,0.0
07/09/1971,0.0
08/09/1971,0.0
09/09/1971,0.0
10/09/1971,0.0
11/09/1971,0.0
12/09/1971,0.0
13/09/1971,0.0
14/09/1971,0.0
15/09/1971,0.0
16/09/1971,0.0
17/09/1971,0.0
18/09/1971,0.0
19/09/1971,0.0
20/09/1971,0.0
21/09/1971,0.0
22/09/1971,0.0
23/09/1971,0.0
24/09/1971,0.0
25/09/1971,0.0
26/09/1971,0.0
27/09/1971,0.0
28/09/1971,0.0
29/09/1971,0.0
30/09/1971,0.0
01/10/1971,0.0
02/10/1971,0.0
03/10/1971,0.0
04/10/1971,0.0
05/10/1971,0.0
06/10/1971,0.0
07/10/1971,5.0
08/10/1971,5.0
09/10/1971,0.0
10/10/1971,8.0
11/10/1971,1.0
12/10/1971,14.0
13/10/1971,1.0
14/10/1971,3.0
15/10/1971,20.0
16/10/1971,0.4
17/10/1971,0.4
18/10/1971,4.2
19/10/1971,12.0
20/10/1971,74.3
21/10/1971,20.7
22/10/1971,7.7
23/10/1971,1.2
24/10/1971,48.1
25/10/1971,3.0
26/10/1971,12.0
27/10/1971,23.0
28/10/1971,0.0
29/10/1971,0.0
30/10/1971,9.0
31/10/1971,26.4
01/11/1971,5.6
02/11/1971,4.0
03/11/1971,2.2
04/11/1971,1.2
05/11/1971,0.6
06/11/1971,6.0
07/11/1971,24.0
08/11/1971,1.0
09/11/1971,0.0
10/11/1971,0.0
11/11/1971,30.0
12/11/1971,0.0
13/11/1971,8.0
14/11/1971,10.0
15/11/1971,12.0
16/11/1971,3.0
17/11/1971,3.0
18/11/1971,0.0
19/11/1971,34.0
20/11/1971,149.7
21/11/1971,47.3
22/11/1971,6.0
23/11/1971,13.0
24/11/1971,7.0
25/11/1971,1.0
26/11/1971,2.0
27/11/1971,31.0
28/11/1971,0.0
29/11/1971,0.0
30/11/1971,9.0
01/12/1971,1.0
02/12/1971,17.0
03/12/1971,3.0
04/12/1971,31.6
05/12/1971,103.4
06/12/1971,22.0
07/12/1971,84.0
08/12/1971,105.0
09/12/1971,56.0
10/12/1971,46.5
11/12/1971,33.5
12/12/1971,35.0
13/12/1971,7.0
14/12/1971,25.0
15/12/1971,149.0
16/12/1971,74.5
17/12/1971,34.7
18/12/1971,30.7
19/12/1971,6.0
20/12/1971,15.6
21/12/1971,66.4
22/12/1971,14.0
23/12/1971,6.0
24/12/1971,1.0
25/12/1971,25.0
26/12/1971,18.0
27/12/1971,0.0
28/12/1971,0.0
29/12/1971,0.0
30/12/1971,0.0
31/12/1971,0.0
01/01/1972,0.0
02/01/1972,0.0
03/01/1972,0.0
04/01/1972,1.0
05/01/1972,0.0
06/01/1972,0.0
07/01/1972,4.5
08/01/1972,35.5
09/01/1972,0.0
10/01/1972,0.0
11/01/1972,0.0
12/01/1972,0.0
13/01/1972,0.0
14/01/1972,0.0
15/01/1972,1.0
16/01/1972,0.0
17/01/1972,5.6
18/01/1972,10.4
19/01/1972,8.0
20/01/1972,8.7
21/01/1972,7.3
22/01/1972,1.0
23/01/1972,0.0
24/01/1972,0.0
25/01/1972,14.0
26/01/1972,2.0
27/01/1972,1.0
28/01/1972,2.0
29/01/1972,0.0
30/01/1972,0.0
31/01/1972,0.0
01/02/1972,0.0
02/02/1972,0.0
03/02/1972,0.0
04/02/1972,0.0
05/02/1972,0.0
06/02/1972,0.0
07/02/1972,0.0
08/02/1972,0.0
09/02/1972,0.0
10/02/1972,0.0
11/02/1972,0.0
12/02/1972,0.0
13/02/1972,0.0
14/02/1972,0.0
15/02/1972,0.0
16/02/1972,0.0
17/02/1972,0.0
18/02/1972,0.0
19/02/1972,0.0
20/02/1972,20.0
21/02/1972,0.0
22/02/1972,17.0
23/02/1972,1.0
24/02/1972,0.0
25/02/1972,0.0
26/02/1972,11.0
27/02/1972,0.0
28/02/1972,0.0
29/02/1972,1.0
01/03/1972,1.0
02/03/1972,0.0
03/03/1972,2.0
04/03/1972,0.0
05/03/1972,0.0
06/03/1972,0.0
07/03/1972,0.0
08/03/1972,0.0
09/03/1972,0.0
10/03/1972,0.0
11/03/1972,0.0
12/03/1972,0.0
13/03/1972,0.0
14/03/1972,16.0
15/03/1972,7.0
16/03/1972,0.0
17/03/1972,0.0
18/03/1972,0.0
19/03/1972,0.0
20/03/1972,0.0
21/03/1972,0.0
22/03/1972,0.0
23/03/1972,0.0
24/03/1972,0.0
25/03/1972,0.0
26/03/1972,14.0
27/03/1972,23.0
28/03/1972,1.0
29/03/1972,0.0
30/03/1972,0.0
31/03/1972,0.0
01/04/1972,0.0
02/04/1972,3.0
03/04/1972,0.0
04/04/1972,0.0
05/04/1972,27.0
06/04/1972,87.0
07/04/1972,0.0
08/04/1972,19.8
09/04/1972,0.2
10/04/1972,5.0
11/04/1972,2.0
12/04/1972,38.0
13/04/1972,0.0
14/04/1972,0.0
15/04/1972,0.0
16/04/1972,0.0
17/04/1972,0.0
18/04/1972,0.0
19/04/1972,0.0
20/04/1972,0.0
21/04/1972,0.0
22/04/1972,4.0
23/04/1972,0.0
24/04/1972,11.0
25/04/1972,0.0
26/04/1972,0.0
27/04/1972,1.0
28/04/1972,21.0
29/04/1972,0.0
30/04/1972,0.0
01/05/1972,0.0
02/05/1972,0.0
03/05/1972,0.0
04/05/1972,0.0
05/05/1972,0.0
06/05/1972,0.0
07/05/1972,0.0
08/05/1972,0.0
09/05/1972,0.0
10/05/1972,0.0
11/05/1972,0.0
12/05/1972,0.0
13/05/1972,0.0
14/05/1972,0.0
15/05/1972,0.0
16/05/1972,43.0
17/05/1972,32.0
18/05/1972,0.0
19/05/1972,0.0
20/05/1972,17.0
21/05/1972,1.0
22/05/1972,0.0
23/05/1972,4.0
24/05/1972,0.0
25/05/1972,0.0
26/05/1972,0.0
27/05/1972,42.0
28/05/1972,0.0
29/05/1972,0.0
30/05/1972,0.0
31/05/1972,0.0
01/06/1972,0.0
02/06/1972,4.0
03/06/1972,45.0
04/06/1972,0.0
05/06/1972,0.0
06/06/1972,0.0
07/06/1972,0.0
08/06/1972,0.0
09/06/1972,0.0
10/06/1972,35.0
11/06/1972,21.5
12/06/1972,1.5
13/06/1972,0.0
14/06/1972,0.0
15/06/1972,0.0
16/06/1972,15.0
17/06/1972,0.0
18/06/1972,1.0
19/06/1972,10.0
20/06/1972,4.0
21/06/1972,1.0
22/06/1972,0.0
23/06/1972,4.0
24/06/1972,0.0
25/06/1972,0.0
26/06/1972,0.0
27/06/1972,0.0
28/06/1972,0.0
29/06/1972,0.0
30/06/1972,0.0
01/07/1972,0.0
02/07/1972,0.0
03/07/1972,0.0
04/07/1972,7.0
05/07/1972,0.0
06/07/1972,0.0
07/07/1972,0.0
08/07/1972,2.0
09/07/1972,2.0
10/07/1972,0.0
11/07/1972,0.0
12/07/1972,0.0
13/07/1972,0.0
14/07/1972,0.0
15/07/1972,0.0
16/07/1972,21.0
17/07/1972,9.0
18/07/1972,50.0
19/07/1972,0.0
20/07/1972,0.0
21/07/1972,0.0
22/07/1972,0.0
23/07/1972,11.0
24/07/1972,0.0
25/07/1972,9.4
26/07/1972,25.6
27/07/1972,21.0
28/07/1972,1.0
29/07/1972,0.0
30/07/1972,0.0
31/07/1972,0.0
01/08/1972,0.0
02/08/1972,1.0
03/08/1972,23.0
04/08/1972,0.0
05/08/1972,15.0
06/08/1972,11.0
07/08/1972,5.0
08/08/1972,13.0
09/08/1972,12.0
10/08/1972,0.0
11/08/1972,1.0
12/08/1972,0.0
13/08/1972,9.0
14/08/1972,1.0
15/08/1972,30.0
16/08/1972,5.0
17/08/1972,1.0
18/08/1972,0.0
19/08/1972,7.0
20/08/1972,4.0
21/08/1972,21.0
22/08/1972,0.0
23/08/1972,52.0
24/08/1972,3.0
25/08/1972,3.0
26/08/1972,0.0
27/08/1972,2.0
28/08/1972,1.0
29/08/1972,0.0
30/08/1972,0.0
31/08/1972,0.0
01/09/1972,0.0
02/09/1972,1.0
03/09/1972,30.0
04/09/1972,6.4
05/09/1972,29.1
06/09/1972,1.5
07/09/1972,1.0
08/09/1972,20.0
09/09/1972,19.0
10/09/1972,7.0
11/09/1972,23.0
12/09/1972,8.0
13/09/1972,13.0
14/09/1972,32.0
15/09/1972,11.2
16/09/1972,57.6
17/09/1972,34.2
18/09/1972,8.0
19/09/1972,32.7
20/09/1972,2.3
21/09/1972,0.0
02/10/1972,29.0
03/10/1972,0.0
04/10/1972,7.0
05/10/1972,0.0
06/10/1972,0.0
07/10/1972,9.0
08/10/1972,25.8
09/10/1972,18.2
10/10/1972,21.0
11/10/1972,1.0
12/10/1972,0.0
13/10/1972,0.0
14/10/1972,10.0
15/10/1972,0.0
16/10/1972,6.0
17/10/1972,7.0
18/10/1972,0.0
19/10/1972,1.0
20/10/1972,39.0
21/10/1972,0.0
22/10/1972,0.0
23/10/1972,4.0
24/10/1972,2.0
25/10/1972,10.0
26/10/1972,11.0
27/10/1972,1.0
28/10/1972,3.0
29/10/1972,7.0
30/10/1972,3.0
31/10/1972,27.0
01/11/1972,0.0
02/11/1972,0.0
03/11/1972,1.0
04/11/1972,4.0
05/11/1972,0.0
06/11/1972,0.0
07/11/1972,0.0
08/11/1972,42.0
09/11/1972,0.0
10/11/1972,31.0
11/11/1972,19.0
12/11/1972,6.4
13/11/1972,1.0
14/11/1972,1.7
15/11/1972,1.0
16/11/1972,3.0
17/11/1972,48.0
20/11/1972,36.0
21/11/1972,27.0
22/11/1972,0.0
23/11/1972,0.9
24/11/1972,8.1
25/11/1972,0.0
26/11/1972,19.0
27/11/1972,4.0
28/11/1972,10.0
29/11/1972,6.0
05/12/1972,1.0
06/12/1972,2.0
07/12/1972,4.0
08/12/1972,5.0
09/12/1972,38.0
13/12/1972,17.4
14/12/1972,22.6
15/12/1972,112.9
16/12/1972,58.2
17/12/1972,95.9
01/01/1973,1.0
02/01/1973,4.9
03/01/1973,22.5
04/01/1973,4.6
05/01/1973,44.0
06/01/1973,13.0
07/01/1973,3.0
08/01/1973,12.0
29/01/1973,7.2
30/01/1973,10.9
31/01/1973,23.8
01/02/1973,8.0
02/02/1973,13.0
03/02/1973,0.0
04/02/1973,0.0
05/02/1973,1.0
06/02/1973,0.0
07/02/1973,0.0
08/02/1973,0.0
09/02/1973,31.2
10/02/1973,3.0
11/02/1973,8.8
12/02/1973,0.0
13/02/1973,0.0
14/02/1973,3.0
15/02/1973,25.0
16/02/1973,33.0
17/02/1973,7.0
18/02/1973,0.0
19/02/1973,0.0
20/02/1973,0.0
21/02/1973,0.0
22/02/1973,0.0
23/02/1973,0.0
24/02/1973,0.0
25/02/1973,4.0
26/02/1973,0.0
27/02/1973,0.0
28/02/1973,0.0
01/03/1973,0.0
02/03/1973,0.0
03/03/1973,0.0
04/03/1973,0.0
05/03/1973,0.0
06/03/1973,0.0
07/03/1973,64.0
08/03/1973,1.0
09/03/1973,17.0
10/03/1973,1.0
11/03/1973,2.0
12/03/1973,0.0
13/03/1973,0.0
14/03/1973,0.0
15/03/1973,0.0
16/03/1973,0.0
17/03/1973,2.0
18/03/1973,9.0
19/03/1973,22.0
20/03/1973,0.0
21/03/1973,0.0
22/03/1973,1.0
23/03/1973,1.0
24/03/1973,0.0
25/03/1973,80.0
26/03/1973,19.0
27/03/1973,19.0
28/03/1973,7.0
29/03/1973,76.0
30/03/1973,20.0
31/03/1973,11.0
01/04/1973,0.0
02/04/1973,0.0
03/04/1973,0.0
04/04/1973,0.0
05/04/1973,7.0
06/04/1973,1.0
07/04/1973,0.0
08/04/1973,0.0
09/04/1973,0.0
10/04/1973,0.0
11/04/1973,0.0
12/04/1973,0.0
13/04/1973,0.0
14/04/1973,0.0
15/04/1973,0.0
16/04/1973,0.0
17/04/1973,0.0
18/04/1973,0.0
19/04/1973,0.0
20/04/1973,29.0
21/04/1973,0.0
22/04/1973,0.0
23/04/1973,49.0
24/04/1973,0.0
25/04/1973,1.0
26/04/1973,3.0
27/04/1973,0.0
28/04/1973,1.0
29/04/1973,7.0
30/04/1973,0.0
01/05/1973,0.0
02/05/1973,0.0
03/05/1973,28.0
04/05/1973,0.0
05/05/1973,0.0
06/05/1973,57.0
07/05/1973,40.0
08/05/1973,0.0
09/05/1973,2.0
10/05/1973,26.0
11/05/1973,0.0
12/05/1973,0.0
13/05/1973,0.0
14/05/1973,0.0
15/05/1973,0.0
16/05/1973,0.0
17/05/1973,0.0
18/05/1973,0.0
19/05/1973,11.0
20/05/1973,46.0
21/05/1973,31.0
22/05/1973,0.0
23/05/1973,7.0
24/05/1973,1.0
25/05/1973,0.0
26/05/1973,1.0
27/05/1973,0.0
28/05/1973,0.0
29/05/1973,1.0
30/05/1973,0.0
31/05/1973,0.0
01/06/1973,0.0
02/06/1973,0.0
03/06/1973,19.0
04/06/1973,0.0
05/06/1973,3.0
06/06/1973,3.0
07/06/1973,8.0
08/06/1973,31.0
09/06/1973,16.0
10/06/1973,1.0
11/06/1973,0.0
12/06/1973,0.0
13/06/1973,22.6
14/06/1973,2.4
15/06/1973,0.0
16/06/1973,0.0
17/06/1973,0.0
18/06/1973,0.0
19/06/1973,0.0
20/06/1973,0.0
21/06/1973,0.0
22/06/1973,2.0
23/06/1973,2.0
24/06/1973,30.0
25/06/1973,0.0
26/06/1973,0.0
27/06/1973,0.0
28/06/1973,0.0
29/06/1973,99.0
30/06/1973,2.0
01/07/1973,26.0
02/07/1973,0.0
03/07/1973,0.0
04/07/1973,0.0
05/07/1973,0.0
06/07/1973,0.0
07/07/1973,14.0
08/07/1973,0.0
09/07/1973,1.0
10/07/1973,0.0
11/07/1973,6.0
12/07/1973,0.0
13/07/1973,1.0
14/07/1973,1.0
15/07/1973,2.0
16/07/1973,4.0
17/07/1973,0.0
18/07/1973,0.0
19/07/1973,0.0
20/07/1973,2.0
21/07/1973,1.0
22/07/1973,0.0
23/07/1973,0.0
24/07/1973,31.0
25/07/1973,0.0
26/07/1973,0.0
27/07/1973,0.0
28/07/1973,0.0
29/07/1973,18.0
30/07/1973,9.0
31/07/1973,33.0
01/08/1973,3.0
02/08/1973,1.0
03/08/1973,0.0
04/08/1973,7.0
05/08/1973,2.0
06/08/1973,28.0
07/08/1973,15.0
08/08/1973,0.0
09/08/1973,1.0
10/08/1973,5.0
11/08/1973,7.0
12/08/1973,1.0
13/08/1973,0.0
14/08/1973,0.0
15/08/1973,0.0
16/08/1973,0.0
17/08/1973,0.0
18/08/1973,5.0
19/08/1973,0.0
20/08/1973,0.0
21/08/1973,14.0
22/08/1973,5.0
23/08/1973,6.0
24/08/1973,1.0
25/08/1973,0.0
26/08/1973,0.0
27/08/1973,15.0
28/08/1973,0.0
29/08/1973,14.0
30/08/1973,24.0
31/08/1973,27.0
01/09/1973,0.0
02/09/1973,46.0
03/09/1973,65.0
04/09/1973,15.0
05/09/1973,3.0
06/09/1973,24.0
07/09/1973,0.0
08/09/1973,17.0
09/09/1973,19.0
10/09/1973,0.0
11/09/1973,22.0
12/09/1973,0.0
13/09/1973,8.4
14/09/1973,4.6
15/09/1973,0.0
16/09/1973,19.0
17/09/1973,4.0
18/09/1973,4.0
19/09/1973,46.5
20/09/1973,2.5
21/09/1973,6.0
22/09/1973,3.0
23/09/1973,26.0
24/09/1973,10.0
25/09/1973,1.0
26/09/1973,0.0
27/09/1973,35.0
28/09/1973,15.0
29/09/1973,1.0
30/09/1973,0.0
01/10/1973,31.0
02/10/1973,41.0
03/10/1973,1.0
04/10/1973,0.0
05/10/1973,10.0
06/10/1973,18.0
07/10/1973,0.0
08/10/1973,8.0
09/10/1973,1.0
10/10/1973,4.0
11/10/1973,58.9
12/10/1973,8.1
13/10/1973,1.0
14/10/1973,3.0
15/10/1973,3.0
16/10/1973,0.0
17/10/1973,0.0
18/10/1973,13.0
19/10/1973,1.0
20/10/1973,12.0
21/10/1973,3.0
22/10/1973,9.0
23/10/1973,4.0
24/10/1973,22.0
25/10/1973,6.0
26/10/1973,0.0
27/10/1973,1.0
28/10/1973,11.0
29/10/1973,93.3
30/10/1973,7.3
31/10/1973,16.4
01/11/1973,29.9
02/11/1973,12.2
03/11/1973,27.8
04/11/1973,0.0
05/11/1973,0.0
06/11/1973,13.0
07/11/1973,0.0
08/11/1973,0.0
09/11/1973,7.0
10/11/1973,7.0
11/11/1973,2.0
12/11/1973,39.0
13/11/1973,0.0
14/11/1973,23.0
15/11/1973,1.0
16/11/1973,12.0
17/11/1973,21.0
18/11/1973,1.0
19/11/1973,2.0
20/11/1973,13.0
21/11/1973,29.0
22/11/1973,1.0
23/11/1973,11.0
24/11/1973,3.0
25/11/1973,0.0
26/11/1973,61.0
27/11/1973,3.0
28/11/1973,10.0
29/11/1973,86.0
30/11/1973,134.0
01/12/1973,77.0
02/12/1973,58.6
03/12/1973,23.6
04/12/1973,17.8
05/12/1973,1.0
06/12/1973,28.0
07/12/1973,71.0
08/12/1973,64.0
09/12/1973,215.2
10/12/1973,160.8
11/12/1973,69.0
12/12/1973,11.0
13/12/1973,15.0
14/12/1973,68.4
15/12/1973,127.6
16/12/1973,17.0
17/12/1973,8.0
18/12/1973,9.0
19/12/1973,0.0
20/12/1973,2.0
21/12/1973,121.7
22/12/1973,330.3
23/12/1973,5.0
24/12/1973,11.0
25/12/1973,21.0
26/12/1973,4.0
27/12/1973,3.0
28/12/1973,16.0
29/12/1973,2.0
30/12/1973,0.0
31/12/1973,0.0
01/01/1974,3.0
02/01/1974,1.0
03/01/1974,14.0
04/01/1974,0.0
05/01/1974,0.0
06/01/1974,5.0
07/01/1974,1.0
08/01/1974,0.0
09/01/1974,0.0
10/01/1974,0.0
11/01/1974,0.0
12/01/1974,0.0
13/01/1974,0.0
14/01/1974,0.0
15/01/1974,0.0
16/01/1974,3.0
17/01/1974,1.0
18/01/1974,0.0
19/01/1974,3.0
20/01/1974,0.0
21/01/1974,0.0
22/01/1974,0.0
23/01/1974,0.0
24/01/1974,0.0
25/01/1974,0.0
26/01/1974,1.0
27/01/1974,0.0
28/01/1974,18.0
29/01/1974,1.0
30/01/1974,0.0
31/01/1974,0.0
01/02/1974,0.0
02/02/1974,0.0
03/02/1974,11.0
04/02/1974,13.0
05/02/1974,0.0
06/02/1974,0.0
07/02/1974,0.0
08/02/1974,24.0
13/02/1974,26.0
14/02/1974,1.0
15/02/1974,18.0
16/02/1974,25.0
17/02/1974,113.7
18/02/1974,22.3
19/02/1974,19.0
20/02/1974,7.0
21/02/1974,1.0
22/02/1974,28.0
23/02/1974,1.0
24/02/1974,0.0
25/02/1974,0.0
26/02/1974,1.0
27/02/1974,1.0
28/02/1974,1.0
01/03/1974,0.0
02/03/1974,0.0
03/03/1974,0.0
04/03/1974,19.3
05/03/1974,31.7
06/03/1974,14.0
07/03/1974,0.0
08/03/1974,0.0
09/03/1974,0.0
10/03/1974,0.0
11/03/1974,0.0
12/03/1974,0.0
13/03/1974,0.0
14/03/1974,0.0
15/03/1974,22.0
16/03/1974,0.0
17/03/1974,0.0
18/03/1974,0.0
19/03/1974,0.0
20/03/1974,0.0
21/03/1974,0.0
22/03/1974,0.0
23/03/1974,0.0
24/03/1974,26.0
25/03/1974,0.0
26/03/1974,0.0
27/03/1974,0.0
28/03/1974,30.0
29/03/1974,29.0
30/03/1974,1.0
31/03/1974,1.0
01/04/1974,0.0
02/04/1974,3.0
03/04/1974,99.0
10/04/1974,0.7
11/04/1974,16.3
12/04/1974,4.6
13/04/1974,4.4
14/04/1974,0.0
15/04/1974,0.0
16/04/1974,1.0
17/04/1974,8.0
18/04/1974,1.7
19/04/1974,55.3
20/04/1974,19.0
21/04/1974,0.0
22/04/1974,3.0
23/04/1974,30.0
24/04/1974,44.0
25/04/1974,16.0
26/04/1974,30.0
27/04/1974,0.0
28/04/1974,45.0
29/04/1974,3.0
30/04/1974,0.0
01/05/1974,0.0
02/05/1974,0.0
03/05/1974,0.0
04/05/1974,0.0
05/05/1974,0.0
06/05/1974,21.0
07/05/1974,1.0
08/05/1974,0.0
09/05/1974,8.0
10/05/1974,4.0
11/05/1974,9.0
12/05/1974,5.0
13/05/1974,0.0
14/05/1974,5.0
15/05/1974,0.0
16/05/1974,49.0
17/05/1974,6.0
18/05/1974,24.0
19/05/1974,0.0
20/05/1974,29.0
21/05/1974,8.0
22/05/1974,0.0
23/05/1974,1.0
24/05/1974,0.0
25/05/1974,1.0
26/05/1974,0.0
27/05/1974,0.0
28/05/1974,0.0
29/05/1974,0.0
30/05/1974,0.0
31/05/1974,0.0
01/06/1974,0.0
02/06/1974,0.0
03/06/1974,1.0
04/06/1974,0.0
05/06/1974,2.0
06/06/1974,1.5
07/06/1974,17.5
08/06/1974,0.0
09/06/1974,2.0
10/06/1974,7.0
11/06/1974,0.0
12/06/1974,1.0
13/06/1974,0.0
14/06/1974,0.0
15/06/1974,5.0
16/06/1974,77.0
17/06/1974,26.0
18/06/1974,0.0
19/06/1974,0.0
20/06/1974,0.0
21/06/1974,0.0
22/06/1974,9.0
23/06/1974,51.0
24/06/1974,70.0
25/06/1974,1.0
26/06/1974,1.0
27/06/1974,56.0
28/06/1974,0.0
29/06/1974,0.0
30/06/1974,1.0
01/07/1974,50.0
02/07/1974,0.0
03/07/1974,0.0
04/07/1974,0.0
05/07/1974,0.0
06/07/1974,3.0
07/07/1974,1.0
08/07/1974,1.0
09/07/1974,0.0
10/07/1974,9.0
11/07/1974,0.0
12/07/1974,16.0
13/07/1974,4.0
14/07/1974,64.0
15/07/1974,0.0
16/07/1974,0.0
17/07/1974,0.0
18/07/1974,25.0
19/07/1974,1.0
20/07/1974,2.0
21/07/1974,0.0
22/07/1974,0.0
23/07/1974,27.0
24/07/1974,0.0
25/07/1974,0.0
26/07/1974,0.0
27/07/1974,0.0
28/07/1974,8.0
29/07/1974,19.0
30/07/1974,28.0
31/07/1974,0.0
01/08/1974,0.0
02/08/1974,17.0
03/08/1974,0.0
04/08/1974,3.0
05/08/1974,5.0
06/08/1974,0.0
07/08/1974,0.0
08/08/1974,0.0
09/08/1974,0.0
10/08/1974,0.0
11/08/1974,35.0
12/08/1974,0.0
13/08/1974,0.0
14/08/1974,0.0
15/08/1974,0.0
16/08/1974,0.0
17/08/1974,0.0
18/08/1974,0.0
19/08/1974,0.0
20/08/1974,30.0
21/08/1974,3.0
22/08/1974,0.0
23/08/1974,0.0
24/08/1974,5.0
25/08/1974,0.0
26/08/1974,5.0
27/08/1974,1.0
28/08/1974,8.2
29/08/1974,4.8
30/08/1974,0.0
31/08/1974,28.0
05/09/1974,1.0
06/09/1974,0.0
07/09/1974,0.0
08/09/1974,1.0
09/09/1974,0.0
10/09/1974,44.0
11/09/1974,0.0
12/09/1974,35.0
13/09/1974,44.0
14/09/1974,0.0
15/09/1974,6.0
16/09/1974,7.0
17/09/1974,17.0
18/09/1974,0.0
19/09/1974,33.0
20/09/1974,12.0
21/09/1974,30.2
22/09/1974,24.8
23/09/1974,9.0
24/09/1974,10.0
25/09/1974,0.0
26/09/1974,0.0
27/09/1974,1.2
28/09/1974,0.5
29/09/1974,0.3
30/09/1974,6.0
01/10/1974,13.0
02/10/1974,3.0
03/10/1974,32.0
04/10/1974,0.0
05/10/1974,0.0
06/10/1974,9.0
07/10/1974,1.6
08/10/1974,0.4
09/10/1974,0.0
10/10/1974,0.0
11/10/1974,0.0
12/10/1974,31.0
13/10/1974,32.0
14/10/1974,13.0
15/10/1974,14.1
16/10/1974,4.9
17/10/1974,17.0
18/10/1974,9.0
19/10/1974,0.0
20/10/1974,0.0
21/10/1974,0.0
22/10/1974,12.0
23/10/1974,9.0
24/10/1974,18.0
25/10/1974,24.0
26/10/1974,7.0
27/10/1974,5.0
28/10/1974,26.0
29/10/1974,10.0
30/10/1974,9.0
31/10/1974,101.0
01/11/1974,50.0
02/11/1974,4.0
03/11/1974,1.0
04/11/1974,30.0
05/11/1974,0.0
06/11/1974,0.0
07/11/1974,47.0
08/11/1974,0.0
09/11/1974,17.0
10/11/1974,2.0
11/11/1974,1.0
12/11/1974,5.0
13/11/1974,0.0
14/11/1974,7.0
15/11/1974,1.0
16/11/1974,2.0
17/11/1974,2.0
18/11/1974,9.0
19/11/1974,45.0
20/11/1974,46.0
21/11/1974,133.2
22/11/1974,19.8
23/11/1974,108.3
24/11/1974,62.6
25/11/1974,44.0
26/11/1974,2.0
27/11/1974,14.0
28/11/1974,0.0
29/11/1974,0.0
30/11/1974,2.0
01/12/1974,3.0
02/12/1974,0.0
03/12/1974,0.0
04/12/1974,0.0
05/12/1974,0.0
06/12/1974,46.9
07/12/1974,46.1
08/12/1974,0.0
09/12/1974,1.0
10/12/1974,0.0
11/12/1974,2.0
12/12/1974,1.0
13/12/1974,35.0
14/12/1974,0.0
15/12/1974,13.0
16/12/1974,0.0
17/12/1974,2.0
18/12/1974,0.0
19/12/1974,0.0
20/12/1974,10.0
21/12/1974,88.0
22/12/1974,61.0
23/12/1974,0.0
24/12/1974,0.0
25/12/1974,0.0
26/12/1974,13.0
27/12/1974,171.1
28/12/1974,144.0
29/12/1974,63.0
30/12/1974,25.0
31/12/1974,78.9
01/01/1975,42.1
02/01/1975,59.0
03/01/1975,5.0
04/01/1975,225.2
05/01/1975,97.8
06/01/1975,28.0
07/01/1975,22.0
08/01/1975,44.6
09/01/1975,9.4
10/01/1975,62.7
11/01/1975,22.3
12/01/1975,15.0
13/01/1975,27.0
14/01/1975,93.0
15/01/1975,5.0
16/01/1975,65.0
17/01/1975,3.0
18/01/1975,3.9
19/01/1975,3.1
20/01/1975,0.0
21/01/1975,0.0
22/01/1975,3.0
23/01/1975,26.0
24/01/1975,0.0
25/01/1975,0.0
26/01/1975,0.0
27/01/1975,0.0
28/01/1975,0.0
29/01/1975,0.0
30/01/1975,0.0
31/01/1975,6.0
01/02/1975,1.0
02/02/1975,10.0
03/02/1975,1.0
04/02/1975,1.0
05/02/1975,1.0
06/02/1975,1.0
07/02/1975,0.0
08/02/1975,2.0
09/02/1975,0.0
10/02/1975,0.0
11/02/1975,13.0
12/02/1975,0.0
13/02/1975,0.0
14/02/1975,0.0
15/02/1975,0.0
16/02/1975,0.0
17/02/1975,0.0
18/02/1975,0.0
19/02/1975,0.0
20/02/1975,1.0
21/02/1975,5.0
22/02/1975,0.6
23/02/1975,125.4
24/02/1975,60.0
25/02/1975,31.0
26/02/1975,11.0
27/02/1975,0.0
28/02/1975,0.0
01/03/1975,2.0
02/03/1975,0.0
03/03/1975,21.0
04/03/1975,29.0
05/03/1975,0.0
06/03/1975,0.0
07/03/1975,25.0
08/03/1975,1.0
09/03/1975,7.0
10/03/1975,0.0
11/03/1975,0.0
12/03/1975,0.0
13/03/1975,0.0
14/03/1975,0.0
15/03/1975,0.0
16/03/1975,0.0
17/03/1975,4.2
18/03/1975,20.8
19/03/1975,1.0
20/03/1975,1.0
21/03/1975,0.0
22/03/1975,1.0
23/03/1975,0.0
24/03/1975,0.0
25/03/1975,0.0
26/03/1975,0.0
27/03/1975,0.0
28/03/1975,0.0
29/03/1975,0.0
30/03/1975,0.0
31/03/1975,0.0
01/04/1975,0.0
02/04/1975,13.0
03/04/1975,0.0
04/04/1975,4.0
05/04/1975,47.0
06/04/1975,15.0
07/04/1975,0.0
08/04/1975,0.0
09/04/1975,0.0
10/04/1975,0.0
11/04/1975,0.0
12/04/1975,0.0
13/04/1975,0.0
14/04/1975,0.0
15/04/1975,35.0
16/04/1975,3.0
17/04/1975,0.0
18/04/1975,0.0
19/04/1975,0.0
20/04/1975,0.0
21/04/1975,0.0
22/04/1975,0.0
23/04/1975,0.0
24/04/1975,0.0
25/04/1975,13.0
26/04/1975,3.0
27/04/1975,1.0
28/04/1975,0.0
29/04/1975,5.0
30/04/1975,6.0
01/05/1975,4.0
02/05/1975,0.0
03/05/1975,1.0
04/05/1975,0.0
05/05/1975,6.0
06/05/1975,7.0
07/05/1975,9.0
08/05/1975,0.0
09/05/1975,11.0
10/05/1975,2.0
11/05/1975,35.0
12/05/1975,0.0
13/05/1975,0.0
14/05/1975,2.0
15/05/1975,23.0
16/05/1975,18.0
17/05/1975,2.7
18/05/1975,5.3
19/05/1975,16.0
20/05/1975,11.0
21/05/1975,7.0
22/05/1975,0.0
23/05/1975,0.0
24/05/1975,4.0
25/05/1975,0.0
26/05/1975,1.0
27/05/1975,6.0
28/05/1975,0.0
24/06/1975,4.0
25/06/1975,0.0
26/06/1975,0.0
27/06/1975,2.0
28/06/1975,26.0
29/06/1975,2.0
30/06/1975,0.0
01/07/1975,0.0
02/07/1975,21.0
03/07/1975,10.0
04/07/1975,1.0
05/07/1975,0.0
06/07/1975,0.0
07/07/1975,20.0
08/07/1975,5.0
09/07/1975,0.0
10/07/1975,0.0
11/07/1975,0.0
12/07/1975,6.0
13/07/1975,58.0
14/07/1975,0.0
15/07/1975,0.0
16/07/1975,15.0
17/07/1975,1.0
18/07/1975,0.0
19/07/1975,0.0
20/07/1975,9.0
21/07/1975,0.0
22/07/1975,0.0
23/07/1975,0.0
24/07/1975,0.0
25/07/1975,0.0
26/07/1975,17.1
27/07/1975,10.9
28/07/1975,0.0
29/07/1975,3.0
30/07/1975,0.0
31/07/1975,0.0
01/08/1975,0.0
02/08/1975,35.1
03/08/1975,19.9
04/08/1975,0.0
05/08/1975,1.0
06/08/1975,0.0
07/08/1975,1.0
08/08/1975,25.0
09/08/1975,1.0
10/08/1975,1.0
11/08/1975,0.0
12/08/1975,0.0
13/08/1975,0.0
14/08/1975,0.0
15/08/1975,16.0
16/08/1975,0.0
17/08/1975,0.0
18/08/1975,50.0
19/08/1975,18.0
20/08/1975,0.0
21/08/1975,0.0
22/08/1975,0.0
23/08/1975,0.0
24/08/1975,1.0
25/08/1975,4.0
26/08/1975,0.0
27/08/1975,1.0
28/08/1975,0.0
29/08/1975,14.0
30/08/1975,1.0
31/08/1975,0.0
01/09/1975,24.0
02/09/1975,5.0
03/09/1975,4.0
04/09/1975,6.0
05/09/1975,0.0
06/09/1975,1.0
07/09/1975,0.0
08/09/1975,0.0
09/09/1975,0.0
10/09/1975,27.0
11/09/1975,7.0
12/09/1975,13.0
13/09/1975,2.0
14/09/1975,0.0
15/09/1975,3.0
16/09/1975,0.0
17/09/1975,7.0
18/09/1975,0.0
19/09/1975,0.0
20/09/1975,20.0
21/09/1975,9.0
22/09/1975,12.0
23/09/1975,4.0
24/09/1975,6.0
25/09/1975,55.0
26/09/1975,1.0
27/09/1975,0.0
28/09/1975,0.0
29/09/1975,1.0
30/09/1975,15.0
01/10/1975,0.0
02/10/1975,0.0
03/10/1975,1.0
04/10/1975,3.0
05/10/1975,3.0
06/10/1975,17.0
07/10/1975,49.0
08/10/1975,34.0
09/10/1975,1.3
10/10/1975,0.4
11/10/1975,22.3
12/10/1975,11.0
13/10/1975,4.0
14/10/1975,43.0
15/10/1975,4.0
16/10/1975,1.0
17/10/1975,4.0
18/10/1975,39.0
19/10/1975,7.0
20/10/1975,4.0
21/10/1975,3.0
22/10/1975,0.0
23/10/1975,3.0
24/10/1975,3.0
25/10/1975,0.0
26/10/1975,21.0
27/10/1975,1.0
28/10/1975,1.0
29/10/1975,19.0
30/10/1975,0.0
31/10/1975,11.0
01/11/1975,3.0
02/11/1975,16.0
03/11/1975,0.0
04/11/1975,1.0
05/11/1975,0.0
06/11/1975,0.0
07/11/1975,0.0
08/11/1975,8.0
09/11/1975,8.3
10/11/1975,0.7
11/11/1975,47.0
12/11/1975,0.0
13/11/1975,20.0
14/11/1975,0.0
15/11/1975,0.0
16/11/1975,3.0
17/11/1975,3.0
18/11/1975,2.0
19/11/1975,70.0
20/11/1975,10.3
21/11/1975,10.7
22/11/1975,40.0
23/11/1975,55.0
24/11/1975,101.3
25/11/1975,0.7
26/11/1975,51.0
27/11/1975,195.8
28/11/1975,44.3
29/11/1975,0.6
30/11/1975,0.3
01/12/1975,0.0
02/12/1975,0.0
03/12/1975,0.0
04/12/1975,3.0
05/12/1975,14.0
06/12/1975,8.0
07/12/1975,0.0
08/12/1975,0.0
09/12/1975,11.0
10/12/1975,13.0
11/12/1975,2.0
12/12/1975,19.0
13/12/1975,33.4
14/12/1975,124.6
15/12/1975,167.6
16/12/1975,2.4
17/12/1975,1.0
18/12/1975,0.0
19/12/1975,3.0
20/12/1975,26.7
21/12/1975,141.3
22/12/1975,11.0
23/12/1975,28.0
24/12/1975,50.0
25/12/1975,0.0
26/12/1975,0.0
27/12/1975,0.0
28/12/1975,0.0
29/12/1975,0.0
30/12/1975,13.0
31/12/1975,8.0
01/01/1976,2.0
02/01/1976,0.0
03/01/1976,0.0
04/01/1976,0.0
05/01/1976,0.0
06/01/1976,0.0
07/01/1976,12.0
08/01/1976,1.0
09/01/1976,0.0
10/01/1976,0.0
11/01/1976,0.0
12/01/1976,0.0
13/01/1976,0.0
14/01/1976,0.0
15/01/1976,0.0
16/01/1976,0.0
17/01/1976,0.0
18/01/1976,0.0
26/01/1976,1.0
27/01/1976,0.0
28/01/1976,0.0
29/01/1976,0.0
30/01/1976,0.0
31/01/1976,0.0
01/02/1976,0.0
02/02/1976,0.0
03/02/1976,0.0
04/02/1976,0.0
15/02/1976,2.0
16/02/1976,0.0
17/02/1976,0.0
18/02/1976,0.0
19/02/1976,0.0
20/02/1976,0.0
21/02/1976,0.0
22/02/1976,0.0
23/02/1976,0.0
24/02/1976,0.0
25/02/1976,0.0
26/02/1976,3.0
27/02/1976,0.0
28/02/1976,5.0
29/02/1976,0.0
01/03/1976,0.0
02/03/1976,0.0
03/03/1976,0.0
04/03/1976,16.0
05/03/1976,0.0
06/03/1976,0.0
07/03/1976,0.0
08/03/1976,0.0
09/03/1976,7.0
10/03/1976,0.0
11/03/1976,0.0
12/03/1976,0.0
13/03/1976,0.0
14/03/1976,0.0
15/03/1976,0.0
16/03/1976,0.0
17/03/1976,0.0
18/03/1976,0.0
19/03/1976,0.0
20/03/1976,0.0
21/03/1976,6.0
22/03/1976,0.0
23/03/1976,3.0
24/03/1976,0.0
25/03/1976,0.0
26/03/1976,0.0
27/03/1976,0.0
28/03/1976,0.0
29/03/1976,0.0
30/03/1976,0.0
31/03/1976,0.0
01/04/1976,0.0
02/04/1976,0.0
03/04/1976,0.0
04/04/1976,0.0
05/04/1976,0.0
06/04/1976,0.0
07/04/1976,0.0
08/04/1976,0.0
09/04/1976,0.0
10/04/1976,0.0
11/04/1976,59.0
12/04/1976,20.0
13/04/1976,27.0
14/04/1976,0.0
15/04/1976,41.0
16/04/1976,0.0
17/04/1976,0.0
18/04/1976,0.0
19/04/1976,0.0
20/04/1976,0.0
21/04/1976,9.0
22/04/1976,10.0
23/04/1976,5.0
24/04/1976,9.0
25/04/1976,28.0
26/04/1976,2.0
27/04/1976,17.0
28/04/1976,7.0
29/04/1976,37.0
30/04/1976,4.0
01/05/1976,1.0
02/05/1976,2.0
03/05/1976,87.2
04/05/1976,13.8
05/05/1976,20.0
06/05/1976,7.0
07/05/1976,42.0
08/05/1976,0.5
09/05/1976,1.5
10/05/1976,14.7
11/05/1976,43.3
12/05/1976,1.0
13/05/1976,0.0
14/05/1976,1.0
15/05/1976,0.0
16/05/1976,0.0
17/05/1976,0.0
18/05/1976,0.0
19/05/1976,40.0
20/05/1976,3.0
21/05/1976,24.0
22/05/1976,32.0
23/05/1976,0.0
24/05/1976,0.0
25/05/1976,0.0
26/05/1976,0.0
27/05/1976,0.0
28/05/1976,0.0
29/05/1976,1.0
30/05/1976,2.0
31/05/1976,25.0
01/06/1976,0.0
02/06/1976,1.0
03/06/1976,0.0
04/06/1976,0.0
05/06/1976,14.0
06/06/1976,1.0
07/06/1976,72.0
08/06/1976,0.0
09/06/1976,2.0
10/06/1976,0.0
11/06/1976,3.0
12/06/1976,7.0
13/06/1976,0.0
14/06/1976,0.0
15/06/1976,0.0
16/06/1976,2.0
17/06/1976,0.0
18/06/1976,0.0
19/06/1976,8.0
20/06/1976,0.0
21/06/1976,0.0
22/06/1976,0.0
23/06/1976,0.0
24/06/1976,0.0
25/06/1976,9.0
26/06/1976,9.0
27/06/1976,4.0
28/06/1976,3.0
29/06/1976,0.0
30/06/1976,0.0
01/07/1976,0.0
02/07/1976,0.0
03/07/1976,0.0
04/07/1976,0.0
05/07/1976,0.0
06/07/1976,14.0
07/07/1976,0.0
08/07/1976,0.0
09/07/1976,0.0
10/07/1976,22.0
11/07/1976,1.0
12/07/1976,53.0
13/07/1976,31.0
14/07/1976,8.0
15/07/1976,10.0
16/07/1976,4.0
17/07/1976,0.0
18/07/1976,0.0
19/07/1976,0.0
20/07/1976,0.0
21/07/1976,25.7
22/07/1976,2.3
23/07/1976,0.0
24/07/1976,0.0
25/07/1976,8.0
26/07/1976,0.0
27/07/1976,5.6
28/07/1976,6.4
29/07/1976,1.0
30/07/1976,2.0
31/07/1976,31.0
01/08/1976,0.0
02/08/1976,0.0
03/08/1976,1.0
04/08/1976,0.0
05/08/1976,0.0
06/08/1976,0.0
07/08/1976,0.0
08/08/1976,0.0
09/08/1976,0.0
10/08/1976,1.0
11/08/1976,2.0
12/08/1976,9.0
13/08/1976,0.0
14/08/1976,0.0
15/08/1976,5.0
16/08/1976,62.0
17/08/1976,16.0
18/08/1976,13.0
19/08/1976,13.0
20/08/1976,0.0
21/08/1976,37.0
22/08/1976,15.7
23/08/1976,24.9
24/08/1976,2.4
25/08/1976,0.0
26/08/1976,0.0
27/08/1976,22.0
28/08/1976,9.0
29/08/1976,19.0
30/08/1976,3.0
31/08/1976,12.0
01/09/1976,1.0
02/09/1976,0.0
03/09/1976,8.0
04/09/1976,0.0
05/09/1976,0.0
06/09/1976,8.0
07/09/1976,12.0
08/09/1976,1.0
09/09/1976,0.0
10/09/1976,12.0
11/09/1976,0.0
12/09/1976,0.0
13/09/1976,16.0
14/09/1976,0.0
15/09/1976,4.0
16/09/1976,6.0
17/09/1976,18.0
18/09/1976,0.0
19/09/1976,0.0
20/09/1976,1.0
21/09/1976,12.0
22/09/1976,0.0
23/09/1976,0.0
24/09/1976,3.0
25/09/1976,2.0
26/09/1976,3.0
27/09/1976,2.0
28/09/1976,0.0
29/09/1976,0.0
30/09/1976,0.0
01/10/1976,0.0
02/10/1976,0.0
03/10/1976,0.0
04/10/1976,1.0
05/10/1976,0.0
06/10/1976,5.0
07/10/1976,0.0
08/10/1976,0.0
09/10/1976,2.0
10/10/1976,1.0
11/10/1976,13.0
12/10/1976,0.0
13/10/1976,39.0
14/10/1976,104.1
15/10/1976,1.9
16/10/1976,1.0
17/10/1976,2.0
18/10/1976,13.0
19/10/1976,1.0
20/10/1976,6.0
21/10/1976,0.0
22/10/1976,0.0
23/10/1976,2.0
24/10/1976,1.0
25/10/1976,2.0
26/10/1976,45.7
27/10/1976,7.3
28/10/1976,0.0
29/10/1976,0.0
30/10/1976,9.0
31/10/1976,0.0
01/11/1976,16.0
02/11/1976,3.0
03/11/1976,21.0
04/11/1976,0.0
05/11/1976,10.0
06/11/1976,4.0
07/11/1976,0.0
08/11/1976,1.0
09/11/1976,6.0
10/11/1976,181.0
11/11/1976,18.0
12/11/1976,53.0
13/11/1976,1.0
14/11/1976,8.0
15/11/1976,3.0
16/11/1976,11.0
17/11/1976,31.0
18/11/1976,64.0
19/11/1976,7.6
20/11/1976,154.4
21/11/1976,1.0
22/11/1976,22.3
23/11/1976,45.7
24/11/1976,4.0
25/11/1976,27.0
26/11/1976,39.0
27/11/1976,21.0
28/11/1976,277.0
29/11/1976,109.5
30/11/1976,6.5
01/12/1976,0.0
02/12/1976,0.0
03/12/1976,0.0
04/12/1976,0.0
05/12/1976,0.0
06/12/1976,0.0
07/12/1976,30.0
08/12/1976,28.0
09/12/1976,2.0
10/12/1976,6.0
11/12/1976,10.0
12/12/1976,1.0
13/12/1976,16.6
14/12/1976,83.4
15/12/1976,47.0
16/12/1976,9.0
17/12/1976,26.0
18/12/1976,43.0
19/12/1976,6.0
20/12/1976,6.0
21/12/1976,120.0
22/12/1976,13.0
23/12/1976,65.0
24/12/1976,61.0
25/12/1976,20.0
26/12/1976,12.0
27/12/1976,41.8
28/12/1976,15.2
29/12/1976,53.0
30/12/1976,11.1
31/12/1976,26.5
01/01/1977,57.4
02/01/1977,17.0
03/01/1977,0.0
04/01/1977,3.0
05/01/1977,24.3
06/01/1977,8.7
07/01/1977,0.0
08/01/1977,0.0
09/01/1977,0.0
10/01/1977,0.0
11/01/1977,0.0
12/01/1977,0.0
13/01/1977,0.0
14/01/1977,0.0
15/01/1977,0.0
16/01/1977,0.0
17/01/1977,0.0
18/01/1977,0.0
19/01/1977,0.0
20/01/1977,0.0
21/01/1977,0.0
22/01/1977,0.0
23/01/1977,0.0
24/01/1977,0.0
25/01/1977,0.0
26/01/1977,0.0
27/01/1977,0.0
28/01/1977,0.0
29/01/1977,0.0
30/01/1977,0.0
31/01/1977,0.0
01/02/1977,0.0
02/02/1977,11.0
03/02/1977,5.0
04/02/1977,7.0
05/02/1977,0.0
06/02/1977,0.0
07/02/1977,0.0
08/02/1977,48.9
09/02/1977,32.8
10/02/1977,11.2
11/02/1977,24.7
12/02/1977,1.3
13/02/1977,1.0
14/02/1977,0.4
15/02/1977,0.4
16/02/1977,0.4
17/02/1977,0.4
18/02/1977,0.4
19/02/1977,28.1
20/02/1977,4.2
21/02/1977,0.4
22/02/1977,0.4
23/02/1977,16.1
24/02/1977,7.0
25/02/1977,11.0
26/02/1977,0.0
27/02/1977,0.0
28/02/1977,0.0
01/03/1977,0.0
02/03/1977,0.0
03/03/1977,0.0
04/03/1977,4.0
05/03/1977,9.7
06/03/1977,1.3
07/03/1977,0.0
08/03/1977,0.0
09/03/1977,0.0
10/03/1977,0.0
11/03/1977,0.0
12/03/1977,0.0
13/03/1977,0.0
14/03/1977,0.0
15/03/1977,0.0
16/03/1977,0.0
17/03/1977,0.0
18/03/1977,0.0
19/03/1977,0.0
20/03/1977,0.0
21/03/1977,1.0
22/03/1977,0.0
23/03/1977,0.0
24/03/1977,13.0
25/03/1977,10.0
26/03/1977,3.2
27/03/1977,0.8
28/03/1977,0.0
29/03/1977,0.0
30/03/1977,0.0
31/03/1977,0.0
01/04/1977,2.0
02/04/1977,0.0
03/04/1977,0.0
04/04/1977,52.0
05/04/1977,1.0
06/04/1977,0.0
07/04/1977,0.0
08/04/1977,0.0
09/04/1977,0.0
10/04/1977,0.0
11/04/1977,0.0
12/04/1977,0.0
13/04/1977,0.0
14/04/1977,0.0
15/04/1977,0.0
16/04/1977,0.0
17/04/1977,0.0
18/04/1977,0.0
19/04/1977,0.0
20/04/1977,0.0
21/04/1977,0.0
22/04/1977,0.0
23/04/1977,0.0
24/04/1977,0.0
25/04/1977,0.0
26/04/1977,0.0
27/04/1977,0.0
28/04/1977,0.0
29/04/1977,0.0
30/04/1977,0.0
01/05/1977,0.0
02/05/1977,0.0
03/05/1977,2.0
04/05/1977,0.0
05/05/1977,0.0
06/05/1977,0.0
07/05/1977,0.0
08/05/1977,0.0
09/05/1977,0.0
10/05/1977,0.0
11/05/1977,6.1
12/05/1977,0.4
13/05/1977,0.4
14/05/1977,12.0
15/05/1977,0.0
16/05/1977,0.0
17/05/1977,0.0
18/05/1977,33.4
19/05/1977,3.6
20/05/1977,0.0
21/05/1977,0.0
22/05/1977,0.0
23/05/1977,0.0
24/05/1977,0.0
25/05/1977,0.0
26/05/1977,0.0
27/05/1977,0.0
28/05/1977,0.0
02/06/1977,2.0
03/06/1977,1.0
04/06/1977,0.0
05/06/1977,0.0
06/06/1977,0.0
07/06/1977,0.0
08/06/1977,0.0
09/06/1977,7.0
10/06/1977,6.0
11/06/1977,0.0
12/06/1977,7.0
13/06/1977,4.0
14/06/1977,89.0
15/06/1977,0.0
16/06/1977,22.0
17/06/1977,1.0
18/06/1977,3.0
19/06/1977,23.0
20/06/1977,2.0
21/06/1977,4.0
22/06/1977,22.0
23/06/1977,0.0
24/06/1977,0.0
25/06/1977,0.0
26/06/1977,0.0
27/06/1977,13.0
28/06/1977,0.0
29/06/1977,0.0
30/06/1977,0.0
01/07/1977,0.0
02/07/1977,0.0
03/07/1977,0.0
04/07/1977,51.0
05/07/1977,3.0
06/07/1977,1.0
07/07/1977,10.0
08/07/1977,6.0
09/07/1977,1.0
10/07/1977,18.0
11/07/1977,0.0
12/07/1977,4.0
13/07/1977,0.0
14/07/1977,10.0
15/07/1977,38.0
16/07/1977,2.0
17/07/1977,0.0
18/07/1977,0.0
19/07/1977,0.0
20/07/1977,3.0
21/07/1977,0.0
22/07/1977,5.0
23/07/1977,0.0
24/07/1977,0.0
25/07/1977,0.0
26/07/1977,1.0
27/07/1977,4.0
28/07/1977,13.0
29/07/1977,4.0
30/07/1977,31.0
31/07/1977,0.0
01/08/1977,0.0
02/08/1977,4.0
03/08/1977,17.0
04/08/1977,3.0
05/08/1977,0.0
06/08/1977,27.0
07/08/1977,1.0
08/08/1977,0.0
09/08/1977,14.4
10/08/1977,2.6
11/08/1977,6.0
12/08/1977,1.0
13/08/1977,0.0
14/08/1977,0.0
15/08/1977,0.0
16/08/1977,3.0
17/08/1977,0.0
18/08/1977,12.0
19/08/1977,12.4
20/08/1977,3.6
21/08/1977,5.0
22/08/1977,0.0
23/08/1977,47.0
24/08/1977,17.0
25/08/1977,0.0
26/08/1977,38.0
27/08/1977,25.0
28/08/1977,42.0
29/08/1977,43.0
30/08/1977,1.0
31/08/1977,0.3
01/09/1977,0.3
02/09/1977,8.3
03/09/1977,6.0
04/09/1977,0.0
05/09/1977,12.0
06/09/1977,1.0
07/09/1977,2.0
08/09/1977,0.0
09/09/1977,16.0
10/09/1977,0.0
11/09/1977,6.0
12/09/1977,0.0
13/09/1977,2.0
14/09/1977,54.0
15/09/1977,1.0
16/09/1977,13.0
17/09/1977,2.0
18/09/1977,0.0
19/09/1977,1.0
20/09/1977,0.0
21/09/1977,0.0
22/09/1977,0.0
23/09/1977,22.0
24/09/1977,0.0
25/09/1977,5.0
26/09/1977,22.0
27/09/1977,2.0
28/09/1977,0.0
29/09/1977,1.0
30/09/1977,0.0
01/10/1977,1.0
02/10/1977,8.0
03/10/1977,25.0
04/10/1977,19.0
05/10/1977,3.0
06/10/1977,34.0
07/10/1977,55.0
08/10/1977,0.0
09/10/1977,4.0
10/10/1977,18.0
11/10/1977,1.0
12/10/1977,6.0
13/10/1977,1.0
14/10/1977,37.0
15/10/1977,1.0
16/10/1977,0.0
17/10/1977,0.0
18/10/1977,0.0
19/10/1977,0.0
20/10/1977,41.0
21/10/1977,5.0
22/10/1977,4.0
23/10/1977,0.0
24/10/1977,7.0
25/10/1977,15.0
26/10/1977,13.0
27/10/1977,12.0
28/10/1977,1.0
29/10/1977,0.0
30/10/1977,2.0
31/10/1977,2.0
01/11/1977,18.0
02/11/1977,3.0
03/11/1977,9.0
04/11/1977,9.0
05/11/1977,1.0
06/11/1977,4.0
07/11/1977,0.0
08/11/1977,1.0
09/11/1977,9.0
10/11/1977,6.0
11/11/1977,7.0
12/11/1977,0.0
13/11/1977,0.0
14/11/1977,0.0
15/11/1977,0.0
16/11/1977,0.0
17/11/1977,0.0
18/11/1977,0.0
19/11/1977,0.0
20/11/1977,1.0
21/11/1977,0.0
22/11/1977,29.0
23/11/1977,44.0
24/11/1977,1.0
25/11/1977,11.0
26/11/1977,1.0
27/11/1977,0.0
28/11/1977,0.0
29/11/1977,16.0
30/11/1977,3.0
01/12/1977,1.0
02/12/1977,17.0
03/12/1977,48.0
04/12/1977,64.0
05/12/1977,38.0
06/12/1977,23.0
07/12/1977,0.0
08/12/1977,0.0
09/12/1977,4.0
10/12/1977,6.0
11/12/1977,13.3
12/12/1977,5.7
13/12/1977,0.0
14/12/1977,0.0
15/12/1977,2.0
16/12/1977,71.0
17/12/1977,103.0
18/12/1977,3.0
19/12/1977,0.0
20/12/1977,14.0
21/12/1977,6.0
22/12/1977,11.0
23/12/1977,13.0
24/12/1977,5.0
25/12/1977,0.0
26/12/1977,20.0
27/12/1977,9.0
28/12/1977,10.0
29/12/1977,0.0
30/12/1977,0.0
31/12/1977,0.0
01/01/1978,0.0
02/01/1978,0.0
03/01/1978,0.0
04/01/1978,1.0
05/01/1978,8.0
06/01/1978,31.0
07/01/1978,10.0
08/01/1978,128.0
09/01/1978,63.0
10/01/1978,17.0
11/01/1978,30.0
12/01/1978,17.0
13/01/1978,1.0
14/01/1978,0.0
15/01/1978,18.0
16/01/1978,11.0
17/01/1978,2.0
18/01/1978,0.0
19/01/1978,0.0
20/01/1978,2.0
21/01/1978,15.0
22/01/1978,2.0
23/01/1978,0.0
24/01/1978,0.0
25/01/1978,0.0
26/01/1978,0.0
27/01/1978,0.0
28/01/1978,0.0
29/01/1978,0.0
30/01/1978,0.0
31/01/1978,0.0
01/02/1978,0.0
02/02/1978,0.0
03/02/1978,12.0
04/02/1978,1.0
05/02/1978,1.0
06/02/1978,2.0
07/02/1978,0.0
08/02/1978,0.0
09/02/1978,0.0
10/02/1978,0.0
11/02/1978,0.0
12/02/1978,0.0
13/02/1978,0.0
14/02/1978,0.0
15/02/1978,0.0
16/02/1978,0.0
17/02/1978,0.0
18/02/1978,13.0
19/02/1978,3.0
20/02/1978,1.0
21/02/1978,2.0
22/02/1978,0.0
23/02/1978,0.0
24/02/1978,0.0
25/02/1978,6.0
26/02/1978,18.0
27/02/1978,23.0
28/02/1978,6.0
01/03/1978,0.0
02/03/1978,2.0
03/03/1978,0.0
04/03/1978,0.0
05/03/1978,0.0
06/03/1978,0.0
07/03/1978,0.0
08/03/1978,0.0
09/03/1978,0.0
10/03/1978,13.0
11/03/1978,0.0
12/03/1978,0.0
13/03/1978,0.0
14/03/1978,0.0
15/03/1978,0.0
16/03/1978,0.0
17/03/1978,0.0
18/03/1978,0.0
19/03/1978,0.0
20/03/1978,0.0
21/03/1978,0.0
22/03/1978,0.0
23/03/1978,0.0
24/03/1978,0.0
25/03/1978,0.0
26/03/1978,8.6
27/03/1978,19.4
28/03/1978,6.0
29/03/1978,0.0
30/03/1978,0.0
31/03/1978,0.0
01/04/1978,0.0
02/04/1978,0.0
03/04/1978,4.0
04/04/1978,9.0
05/04/1978,0.0
06/04/1978,0.0
07/04/1978,0.0
08/04/1978,0.0
09/04/1978,0.0
10/04/1978,0.0
11/04/1978,0.0
12/04/1978,0.0
13/04/1978,1.0
14/04/1978,39.0
15/04/1978,0.0
16/04/1978,0.0
17/04/1978,7.0
18/04/1978,0.0
19/04/1978,0.0
20/04/1978,0.0
21/04/1978,0.0
22/04/1978,0.0
23/04/1978,0.0
24/04/1978,11.0
25/04/1978,2.0
26/04/1978,0.0
27/04/1978,0.0
28/04/1978,44.0
29/04/1978,0.0
30/04/1978,0.0
01/05/1978,0.0
02/05/1978,0.0
03/05/1978,1.0
04/05/1978,6.0
05/05/1978,0.0
06/05/1978,0.0
07/05/1978,3.0
08/05/1978,0.0
09/05/1978,0.0
10/05/1978,4.0
11/05/1978,0.0
12/05/1978,3.0
13/05/1978,0.0
14/05/1978,50.0
15/05/1978,4.0
16/05/1978,0.0
17/05/1978,99.0
18/05/1978,0.0
19/05/1978,13.0
20/05/1978,0.0
21/05/1978,0.0
22/05/1978,68.0
23/05/1978,16.0
24/05/1978,13.0
25/05/1978,7.0
26/05/1978,0.0
27/05/1978,0.0
28/05/1978,11.0
29/05/1978,24.0
30/05/1978,0.0
31/05/1978,2.0
01/06/1978,2.0
02/06/1978,0.0
03/06/1978,0.0
04/06/1978,10.0
05/06/1978,17.0
06/06/1978,0.0
07/06/1978,0.0
08/06/1978,1.0
09/06/1978,31.0
10/06/1978,3.0
11/06/1978,2.0
12/06/1978,0.0
13/06/1978,0.0
14/06/1978,0.0
15/06/1978,0.0
16/06/1978,0.0
17/06/1978,0.0
18/06/1978,0.0
19/06/1978,13.0
20/06/1978,6.0
21/06/1978,20.0
22/06/1978,2.0
23/06/1978,13.0
24/06/1978,22.0
25/06/1978,0.0
26/06/1978,1.0
27/06/1978,2.0
28/06/1978,0.0
29/06/1978,14.0
30/06/1978,0.0
01/07/1978,0.0
02/07/1978,13.0
03/07/1978,4.0
04/07/1978,7.0
05/07/1978,0.0
06/07/1978,23.0
07/07/1978,15.0
08/07/1978,0.0
09/07/1978,33.0
10/07/1978,30.0
11/07/1978,10.0
12/07/1978,0.0
13/07/1978,0.0
14/07/1978,0.0
15/07/1978,0.0
16/07/1978,7.0
17/07/1978,5.0
08/10/1978,8.0
09/10/1978,22.0
10/10/1978,29.0
11/10/1978,0.0
12/10/1978,0.0
13/10/1978,2.0
14/10/1978,0.0
25/10/1978,50.0
26/10/1978,12.0
27/10/1978,2.0
28/10/1978,5.0
29/10/1978,32.0
30/10/1978,29.0
31/10/1978,15.0
01/11/1978,15.0
02/11/1978,1.0
03/11/1978,7.0
04/11/1978,1.0
05/11/1978,54.0
06/11/1978,2.0
07/11/1978,34.0
08/11/1978,1.0
09/11/1978,1.0
10/11/1978,0.0
11/11/1978,16.0
12/11/1978,0.0
13/11/1978,1.0
14/11/1978,11.0
15/11/1978,18.0
16/11/1978,26.0
17/11/1978,8.0
18/11/1978,1.0
19/11/1978,36.0
20/11/1978,28.0
21/11/1978,8.0
22/11/1978,0.0
23/11/1978,15.0
24/11/1978,0.0
25/11/1978,1.0
26/11/1978,0.0
27/11/1978,0.0
28/11/1978,2.0
29/11/1978,8.4
30/11/1978,9.6
01/12/1978,9.0
02/12/1978,65.0
03/12/1978,1.0
04/12/1978,0.0
05/12/1978,20.0
06/12/1978,262.0
07/12/1978,14.0
08/12/1978,12.0
09/12/1978,24.0
10/12/1978,17.0
11/12/1978,18.0
12/12/1978,11.0
13/12/1978,16.0
14/12/1978,13.0
15/12/1978,3.0
16/12/1978,0.0
17/12/1978,0.0
18/12/1978,0.0
19/12/1978,0.0
20/12/1978,5.0
21/12/1978,0.0
22/12/1978,4.0
23/12/1978,6.0
24/12/1978,0.0
25/12/1978,0.0
26/12/1978,0.0
27/12/1978,0.0
28/12/1978,0.0
29/12/1978,0.0
30/12/1978,0.0
31/12/1978,5.0
01/01/1979,53.0
02/01/1979,17.0
03/01/1979,56.0
04/01/1979,8.0
05/01/1979,5.0
06/01/1979,8.0
07/01/1979,0.0
08/01/1979,0.0
09/01/1979,0.0
10/01/1979,1.0
11/01/1979,0.0
12/01/1979,0.0
13/01/1979,2.0
14/01/1979,0.0
15/01/1979,0.0
16/01/1979,0.0
17/01/1979,25.0
18/01/1979,2.0
19/01/1979,0.0
20/01/1979,2.0
21/01/1979,5.0
22/01/1979,13.0
23/01/1979,21.0
24/01/1979,1.0
25/01/1979,2.0
26/01/1979,1.0
27/01/1979,0.0
28/01/1979,0.0
29/01/1979,0.0
30/01/1979,0.0
31/01/1979,0.0
01/02/1979,0.0
02/02/1979,1.0
03/02/1979,2.0
04/02/1979,0.0
05/02/1979,21.0
06/02/1979,16.0
07/02/1979,9.0
08/02/1979,0.0
09/02/1979,0.0
10/02/1979,0.0
11/02/1979,0.0
12/02/1979,0.0
13/02/1979,1.0
14/02/1979,0.0
15/02/1979,12.0
16/02/1979,73.0
17/02/1979,24.0
18/02/1979,0.0
19/02/1979,0.0
20/02/1979,0.0
21/02/1979,0.0
22/02/1979,0.0
23/02/1979,0.0
24/02/1979,0.0
25/02/1979,0.0
26/02/1979,0.0
27/02/1979,0.0
28/02/1979,0.0
01/03/1979,1.0
02/03/1979,0.0
03/03/1979,17.0
04/03/1979,51.0
05/03/1979,0.0
06/03/1979,0.0
07/03/1979,0.0
08/03/1979,0.0
09/03/1979,0.0
10/03/1979,0.0
11/03/1979,37.0
12/03/1979,8.0
13/03/1979,0.0
14/03/1979,0.0
15/03/1979,0.0
16/03/1979,0.0
17/03/1979,0.0
18/03/1979,0.0
19/03/1979,0.0
20/03/1979,0.0
21/03/1979,0.0
22/03/1979,0.0
23/03/1979,0.0
24/03/1979,0.0
25/03/1979,0.0
26/03/1979,7.0
27/03/1979,0.0
28/03/1979,0.0
29/03/1979,0.0
30/03/1979,0.0
31/03/1979,0.0
01/04/1979,0.0
02/04/1979,0.0
03/04/1979,0.0
04/04/1979,1.0
05/04/1979,7.0
06/04/1979,0.0
07/04/1979,0.0
08/04/1979,0.0
09/04/1979,0.0
10/04/1979,32.0
11/04/1979,0.0
12/04/1979,3.0
13/04/1979,0.0
14/04/1979,25.0
15/04/1979,30.5
16/04/1979,3.5
17/04/1979,7.0
18/04/1979,0.0
19/04/1979,1.0
20/04/1979,16.0
21/04/1979,8.0
22/04/1979,5.0
23/04/1979,13.0
24/04/1979,2.0
25/04/1979,3.0
26/04/1979,0.0
27/04/1979,9.0
28/04/1979,0.0
29/04/1979,25.0
30/04/1979,0.0
01/05/1979,0.0
02/05/1979,0.0
03/05/1979,0.0
04/05/1979,0.0
05/05/1979,0.0
06/05/1979,17.0
07/05/1979,2.0
08/05/1979,35.0
09/05/1979,0.0
10/05/1979,0.0
11/05/1979,7.0
12/05/1979,0.0
13/05/1979,0.0
14/05/1979,36.0
15/05/1979,24.0
16/05/1979,0.0
17/05/1979,0.0
18/05/1979,0.0
19/05/1979,0.0
20/05/1979,0.0
21/05/1979,0.0
22/05/1979,0.0
23/05/1979,0.0
24/05/1979,0.0
25/05/1979,3.0
26/05/1979,0.0
27/05/1979,2.0
28/05/1979,0.0
29/05/1979,0.0
30/05/1979,27.0
31/05/1979,0.0
01/06/1979,9.0
02/06/1979,12.0
03/06/1979,0.0
04/06/1979,0.0
05/06/1979,2.0
06/06/1979,9.0
07/06/1979,17.0
08/06/1979,0.0
09/06/1979,0.0
10/06/1979,1.0
11/06/1979,0.0
12/06/1979,2.0
13/06/1979,3.0
14/06/1979,1.0
15/06/1979,2.0
16/06/1979,3.0
17/06/1979,1.0
18/06/1979,3.0
19/06/1979,19.0
20/06/1979,0.0
21/06/1979,5.0
22/06/1979,0.0
23/06/1979,0.0
24/06/1979,32.0
25/06/1979,5.0
26/06/1979,0.0
27/06/1979,0.0
28/06/1979,0.0
29/06/1979,0.0
30/06/1979,0.0
01/07/1979,0.0
02/07/1979,0.0
03/07/1979,0.0
04/07/1979,0.0
05/07/1979,0.0
06/07/1979,0.0
07/07/1979,0.0
08/07/1979,0.0
09/07/1979,19.0
10/07/1979,0.0
11/07/1979,2.0
12/07/1979,0.0
13/07/1979,20.0
14/07/1979,0.0
15/07/1979,29.0
16/07/1979,0.0
17/07/1979,3.0
18/07/1979,65.0
19/07/1979,1.0
20/07/1979,3.0
21/07/1979,5.0
22/07/1979,1.0
23/07/1979,51.0
24/07/1979,0.0
25/07/1979,0.0
26/07/1979,4.0
27/07/1979,0.0
28/07/1979,0.0
29/07/1979,0.0
30/07/1979,0.0
31/07/1979,0.0
01/08/1979,0.0
02/08/1979,0.0
03/08/1979,0.0
04/08/1979,0.0
05/08/1979,0.0
06/08/1979,0.0
07/08/1979,0.0
08/08/1979,0.0
09/08/1979,0.0
10/08/1979,0.0
11/08/1979,0.0
12/08/1979,0.0
13/08/1979,0.0
14/08/1979,0.0
15/08/1979,0.0
16/08/1979,0.0
17/08/1979,0.0
18/08/1979,46.0
19/08/1979,7.0
20/08/1979,48.0
21/08/1979,0.0
22/08/1979,41.0
23/08/1979,4.0
24/08/1979,3.0
25/08/1979,0.0
26/08/1979,0.0
27/08/1979,0.0
28/08/1979,2.0
29/08/1979,0.0
30/08/1979,2.0
31/08/1979,0.0
01/09/1979,4.0
02/09/1979,1.0
03/09/1979,10.0
04/09/1979,0.0
05/09/1979,8.0
06/09/1979,11.0
07/09/1979,11.0
08/09/1979,1.0
09/09/1979,9.0
10/09/1979,34.0
11/09/1979,29.0
12/09/1979,0.0
13/09/1979,0.0
14/09/1979,0.0
15/09/1979,35.5
16/09/1979,4.0
17/09/1979,4.0
18/09/1979,7.0
19/09/1979,0.0
20/09/1979,0.0
21/09/1979,9.0
22/09/1979,75.3
23/09/1979,2.7
24/09/1979,0.0
25/09/1979,8.0
26/09/1979,0.0
27/09/1979,0.0
28/09/1979,0.0
29/09/1979,20.0
30/09/1979,0.0
01/10/1979,0.0
02/10/1979,5.0
03/10/1979,0.0
04/10/1979,0.0
05/10/1979,2.0
06/10/1979,46.0
07/10/1979,44.0
08/10/1979,3.0
09/10/1979,17.0
10/10/1979,1.0
11/10/1979,0.0
12/10/1979,8.0
13/10/1979,12.0
14/10/1979,0.0
15/10/1979,0.0
16/10/1979,0.0
17/10/1979,75.3
18/10/1979,4.7
19/10/1979,1.0
20/10/1979,8.6
21/10/1979,19.4
22/10/1979,29.0
23/10/1979,12.5
24/10/1979,24.5
25/10/1979,4.0
26/10/1979,5.0
27/10/1979,2.0
28/10/1979,11.0
29/10/1979,0.0
30/10/1979,12.0
31/10/1979,84.8
01/11/1979,90.2
02/11/1979,60.0
03/11/1979,51.0
04/11/1979,13.0
05/11/1979,2.0
06/11/1979,1.0
07/11/1979,11.0
08/11/1979,8.0
09/11/1979,28.0
10/11/1979,0.0
11/11/1979,9.0
12/11/1979,31.0
13/11/1979,46.0
14/11/1979,18.0
15/11/1979,111.0
16/11/1979,16.0
17/11/1979,72.1
18/11/1979,2.9
19/11/1979,7.0
20/11/1979,11.0
21/11/1979,11.0
22/11/1979,50.7
23/11/1979,57.3
24/11/1979,15.0
25/11/1979,75.0
26/11/1979,208.1
27/11/1979,114.9
28/11/1979,60.0
29/11/1979,0.0
30/11/1979,3.0
01/12/1979,2.4
02/12/1979,27.6
03/12/1979,20.0
04/12/1979,20.0
05/12/1979,15.0
06/12/1979,23.0
07/12/1979,0.0
08/12/1979,0.0
09/12/1979,1.0
10/12/1979,0.0
11/12/1979,22.0
12/12/1979,15.0
13/12/1979,34.8
14/12/1979,9.2
15/12/1979,4.0
16/12/1979,7.0
17/12/1979,3.0
18/12/1979,22.0
19/12/1979,19.0
20/12/1979,0.0
21/12/1979,0.0
22/12/1979,0.0
23/12/1979,0.0
24/12/1979,0.0
25/12/1979,3.0
26/12/1979,0.0
27/12/1979,0.0
28/12/1979,0.0
29/12/1979,0.0
30/12/1979,14.0
31/12/1979,9.0
01/01/1980,0.0
02/01/1980,0.0
03/01/1980,0.0
04/01/1980,21.5
05/01/1980,40.5
06/01/1980,32.0
07/01/1980,27.0
08/01/1980,0.0
09/01/1980,0.0
10/01/1980,0.0
11/01/1980,23.0
12/01/1980,0.0
13/01/1980,0.0
14/01/1980,0.0
15/01/1980,0.0
16/01/1980,21.0
17/01/1980,0.0
18/01/1980,8.0
19/01/1980,13.0
20/01/1980,4.0
21/01/1980,2.0
22/01/1980,1.0
23/01/1980,0.0
24/01/1980,0.0
25/01/1980,0.0
26/01/1980,0.0
27/01/1980,0.0
28/01/1980,0.0
29/01/1980,0.0
30/01/1980,32.0
31/01/1980,11.0
01/02/1980,1.0
02/02/1980,0.0
03/02/1980,4.0
04/02/1980,0.0
05/02/1980,11.0
06/02/1980,0.0
07/02/1980,0.0
08/02/1980,0.0
09/02/1980,0.0
10/02/1980,2.0
11/02/1980,6.0
12/02/1980,18.0
13/02/1980,0.0
14/02/1980,0.0
15/02/1980,0.0
16/02/1980,11.0
17/02/1980,0.0
18/02/1980,5.0
19/02/1980,13.0
20/02/1980,6.0
21/02/1980,5.0
22/02/1980,10.0
23/02/1980,0.0
24/02/1980,0.0
25/02/1980,0.0
26/02/1980,0.0
27/02/1980,0.0
28/02/1980,0.0
29/02/1980,0.0
01/03/1980,0.0
02/03/1980,0.0
03/03/1980,0.0
04/03/1980,0.0
05/03/1980,0.0
06/03/1980,0.0
07/03/1980,0.0
08/03/1980,0.0
09/03/1980,42.0
10/03/1980,48.1
11/03/1980,0.0
12/03/1980,0.0
13/03/1980,0.0
14/03/1980,8.0
15/03/1980,2.0
16/03/1980,0.0
17/03/1980,0.0
18/03/1980,0.0
19/03/1980,0.0
20/03/1980,1.0
21/03/1980,0.0
22/03/1980,0.0
23/03/1980,0.0
24/03/1980,0.0
25/03/1980,7.0
26/03/1980,18.0
27/03/1980,27.0
28/03/1980,0.0
29/03/1980,0.0
30/03/1980,0.0
31/03/1980,0.0
01/04/1980,0.0
02/04/1980,8.0
03/04/1980,49.0
04/04/1980,3.0
05/04/1980,4.0
06/04/1980,16.0
07/04/1980,0.0
08/04/1980,1.0
09/04/1980,1.0
10/04/1980,0.0
11/04/1980,0.0
12/04/1980,0.0
13/04/1980,0.0
14/04/1980,0.0
15/04/1980,0.0
16/04/1980,0.0
17/04/1980,0.0
18/04/1980,0.0
19/04/1980,0.0
20/04/1980,0.0
21/04/1980,6.0
22/04/1980,9.0
23/04/1980,49.0
24/04/1980,32.0
25/04/1980,1.0
26/04/1980,0.0
27/04/1980,0.0
28/04/1980,17.0
29/04/1980,0.0
30/04/1980,0.0
01/05/1980,0.0
02/05/1980,0.0
03/05/1980,0.0
04/05/1980,22.0
05/05/1980,0.0
06/05/1980,23.0
07/05/1980,0.0
08/05/1980,0.0
09/05/1980,0.0
10/05/1980,0.0
11/05/1980,3.0
12/05/1980,0.0
13/05/1980,62.0
14/05/1980,1.0
15/05/1980,0.0
16/05/1980,0.0
17/05/1980,33.0
18/05/1980,0.0
19/05/1980,0.0
20/05/1980,0.0
21/05/1980,0.0
22/05/1980,3.0
23/05/1980,1.0
24/05/1980,30.0
25/05/1980,0.0
26/05/1980,24.0
27/05/1980,0.0
28/05/1980,0.0
29/05/1980,0.0
30/05/1980,0.0
31/05/1980,0.0
01/06/1980,0.0
02/06/1980,0.0
03/06/1980,0.0
04/06/1980,0.0
05/06/1980,0.0
06/06/1980,0.0
07/06/1980,41.2
08/06/1980,1.8
09/06/1980,0.0
10/06/1980,0.0
11/06/1980,0.0
12/06/1980,0.0
13/06/1980,0.0
14/06/1980,8.0
15/06/1980,1.0
16/06/1980,1.0
17/06/1980,47.0
18/06/1980,0.0
19/06/1980,0.0
20/06/1980,23.0
21/06/1980,0.0
22/06/1980,5.0
23/06/1980,0.0
24/06/1980,0.0
25/06/1980,5.0
26/06/1980,0.0
27/06/1980,0.0
28/06/1980,0.0
29/06/1980,16.0
30/06/1980,0.0
01/07/1980,38.0
02/07/1980,0.0
03/07/1980,1.0
04/07/1980,0.0
05/07/1980,15.0
06/07/1980,2.0
07/07/1980,4.0
08/07/1980,1.0
09/07/1980,1.0
10/07/1980,0.0
11/07/1980,0.0
12/07/1980,3.0
13/07/1980,6.0
14/07/1980,44.0
15/07/1980,0.0
16/07/1980,7.0
17/07/1980,5.0
18/07/1980,0.0
19/07/1980,0.0
20/07/1980,1.0
21/07/1980,9.0
22/07/1980,0.0
23/07/1980,0.0
24/07/1980,21.0
25/07/1980,3.0
26/07/1980,7.0
27/07/1980,2.0
28/07/1980,1.0
29/07/1980,9.0
30/07/1980,0.0
31/07/1980,0.0
01/08/1980,0.0
02/08/1980,0.0
03/08/1980,3.0
04/08/1980,17.0
05/08/1980,2.0
06/08/1980,44.0
07/08/1980,0.0
08/08/1980,0.0
09/08/1980,0.0
10/08/1980,0.0
11/08/1980,0.0
12/08/1980,17.0
13/08/1980,2.0
14/08/1980,1.0
15/08/1980,2.0
16/08/1980,0.0
17/08/1980,1.0
18/08/1980,0.0
19/08/1980,0.0
20/08/1980,82.0
21/08/1980,1.0
22/08/1980,5.0
23/08/1980,13.0
24/08/1980,17.0
25/08/1980,13.0
26/08/1980,0.0
27/08/1980,18.0
28/08/1980,0.0
29/08/1980,9.0
30/08/1980,0.0
31/08/1980,4.0
01/09/1980,22.0
02/09/1980,0.0
03/09/1980,1.0
04/09/1980,2.0
05/09/1980,10.0
06/09/1980,0.0
07/09/1980,24.0
08/09/1980,3.0
09/09/1980,0.0
10/09/1980,2.0
11/09/1980,10.3
12/09/1980,3.7
13/09/1980,0.0
14/09/1980,0.0
15/09/1980,0.0
16/09/1980,0.0
17/09/1980,0.0
18/09/1980,7.2
19/09/1980,18.8
20/09/1980,1.0
21/09/1980,0.0
22/09/1980,2.0
23/09/1980,0.0
24/09/1980,0.0
25/09/1980,0.0
26/09/1980,0.0
27/09/1980,0.0
28/09/1980,0.0
29/09/1980,0.0
30/09/1980,0.0
01/10/1980,21.0
02/10/1980,0.0
03/10/1980,0.0
04/10/1980,16.0
05/10/1980,11.0
06/10/1980,7.0
07/10/1980,2.0
08/10/1980,0.0
09/10/1980,4.0
10/10/1980,0.0
11/10/1980,0.0
12/10/1980,6.0
13/10/1980,23.0
14/10/1980,0.0
15/10/1980,13.0
16/10/1980,25.0
17/10/1980,25.0
18/10/1980,11.0
19/10/1980,61.0
20/10/1980,15.0
21/10/1980,0.0
22/10/1980,25.0
23/10/1980,1.0
24/10/1980,10.0
25/10/1980,0.0
26/10/1980,0.0
27/10/1980,0.0
28/10/1980,63.0
29/10/1980,3.0
30/10/1980,9.0
31/10/1980,15.0
01/11/1980,20.0
02/11/1980,0.0
03/11/1980,48.0
04/11/1980,24.0
05/11/1980,49.0
06/11/1980,4.0
07/11/1980,11.0
08/11/1980,5.0
09/11/1980,12.0
10/11/1980,5.0
11/11/1980,1.0
12/11/1980,2.0
13/11/1980,3.0
14/11/1980,0.0
15/11/1980,0.0
16/11/1980,0.0
17/11/1980,0.0
18/11/1980,0.0
19/11/1980,1.0
20/11/1980,2.0
21/11/1980,2.0
22/11/1980,25.0
23/11/1980,25.0
24/11/1980,7.0
25/11/1980,12.0
26/11/1980,8.0
27/11/1980,20.0
28/11/1980,49.0
29/11/1980,3.0
30/11/1980,17.0
01/12/1980,31.0
02/12/1980,2.0
03/12/1980,2.0
04/12/1980,5.0
05/12/1980,14.0
06/12/1980,10.0
07/12/1980,14.0
08/12/1980,34.7
09/12/1980,19.0
10/12/1980,2.0
11/12/1980,6.3
12/12/1980,3.0
13/12/1980,0.0
14/12/1980,0.0
15/12/1980,41.3
16/12/1980,106.0
17/12/1980,74.7
18/12/1980,119.5
19/12/1980,102.5
20/12/1980,36.0
21/12/1980,15.0
22/12/1980,3.0
23/12/1980,0.0
24/12/1980,1.0
25/12/1980,28.0
26/12/1980,24.1
27/12/1980,0.0
28/12/1980,105.0
29/12/1980,7.0
30/12/1980,8.0
31/12/1980,0.0
01/01/1981,0.0
02/01/1981,0.0
03/01/1981,6.7
04/01/1981,3.3
05/01/1981,4.0
06/01/1981,3.3
07/01/1981,6.7
08/01/1981,11.0
09/01/1981,0.0
10/01/1981,0.0
11/01/1981,0.0
12/01/1981,0.0
13/01/1981,0.0
14/01/1981,10.0
15/01/1981,7.0
16/01/1981,12.0
17/01/1981,11.0
18/01/1981,8.0
19/01/1981,1.0
20/01/1981,0.0
21/01/1981,0.0
22/01/1981,0.0
23/01/1981,0.0
24/01/1981,0.0
25/01/1981,0.0
26/01/1981,0.0
27/01/1981,0.0
28/01/1981,0.0
29/01/1981,0.0
30/01/1981,3.0
31/01/1981,18.0
01/02/1981,24.0
02/02/1981,19.0
03/02/1981,0.0
04/02/1981,9.0
05/02/1981,0.0
06/02/1981,0.0
07/02/1981,0.7
08/02/1981,0.3
09/02/1981,26.0
10/02/1981,18.0
11/02/1981,0.0
12/02/1981,0.0
13/02/1981,0.0
14/02/1981,0.0
15/02/1981,0.0
16/02/1981,0.0
17/02/1981,5.0
18/02/1981,3.0
19/02/1981,0.0
20/02/1981,0.0
21/02/1981,0.0
22/02/1981,0.0
23/02/1981,0.0
24/02/1981,0.0
25/02/1981,0.0
26/02/1981,12.0
27/02/1981,18.0
28/02/1981,0.0
01/03/1981,0.0
02/03/1981,0.0
03/03/1981,6.0
04/03/1981,13.0
05/03/1981,0.0
06/03/1981,0.0
07/03/1981,0.0
08/03/1981,0.0
09/03/1981,0.0
10/03/1981,0.0
11/03/1981,0.0
12/03/1981,0.0
13/03/1981,5.0
14/03/1981,3.0
15/03/1981,0.0
16/03/1981,0.0
17/03/1981,0.0
18/03/1981,4.0
19/03/1981,52.0
20/03/1981,1.0
21/03/1981,0.0
22/03/1981,0.0
23/03/1981,0.0
24/03/1981,0.0
25/03/1981,0.0
26/03/1981,0.0
27/03/1981,0.0
28/03/1981,0.0
29/03/1981,3.0
30/03/1981,16.0
31/03/1981,3.0
01/04/1981,14.0
02/04/1981,22.0
03/04/1981,1.0
04/04/1981,1.0
05/04/1981,8.0
06/04/1981,20.0
07/04/1981,0.0
08/04/1981,4.0
09/04/1981,0.0
10/04/1981,6.0
11/04/1981,1.0
12/04/1981,0.0
13/04/1981,4.0
14/04/1981,2.0
15/04/1981,0.0
16/04/1981,1.0
17/04/1981,0.0
18/04/1981,2.0
19/04/1981,0.0
20/04/1981,1.0
21/04/1981,0.0
22/04/1981,0.0
23/04/1981,0.0
24/04/1981,0.0
25/04/1981,0.0
26/04/1981,0.0
27/04/1981,0.0
28/04/1981,0.0
29/04/1981,1.0
30/04/1981,0.0
01/05/1981,0.0
02/05/1981,0.0
03/05/1981,8.0
04/05/1981,18.7
05/05/1981,9.3
06/05/1981,15.3
07/05/1981,7.7
08/05/1981,6.0
09/05/1981,3.0
10/05/1981,0.0
11/05/1981,3.3
12/05/1981,79.7
13/05/1981,0.0
14/05/1981,0.0
15/05/1981,67.0
16/05/1981,0.0
17/05/1981,3.0
18/05/1981,19.0
19/05/1981,2.0
20/05/1981,0.0
21/05/1981,0.0
22/05/1981,2.0
23/05/1981,0.0
24/05/1981,78.0
25/05/1981,41.0
26/05/1981,10.0
27/05/1981,0.0
28/05/1981,0.0
29/05/1981,9.7
30/05/1981,2.3
31/05/1981,0.0
01/06/1981,16.0
02/06/1981,8.0
03/06/1981,20.0
04/06/1981,1.0
05/06/1981,0.0
06/06/1981,0.0
07/06/1981,0.0
08/06/1981,22.0
09/06/1981,53.0
10/06/1981,1.0
11/06/1981,1.0
12/06/1981,0.0
13/06/1981,10.0
14/06/1981,0.0
15/06/1981,0.0
16/06/1981,0.0
17/06/1981,0.0
18/06/1981,22.0
19/06/1981,0.0
20/06/1981,0.0
21/06/1981,0.0
22/06/1981,10.0
23/06/1981,5.0
24/06/1981,0.0
25/06/1981,9.0
26/06/1981,2.0
27/06/1981,0.0
28/06/1981,0.0
29/06/1981,0.0
30/06/1981,0.0
01/07/1981,0.0
02/07/1981,0.0
03/07/1981,3.0
04/07/1981,0.0
05/07/1981,2.0
06/07/1981,0.0
07/07/1981,0.0
08/07/1981,6.0
09/07/1981,0.0
10/07/1981,0.0
11/07/1981,0.0
12/07/1981,1.0
13/07/1981,0.7
14/07/1981,6.3
15/07/1981,17.0
16/07/1981,28.0
17/07/1981,10.0
18/07/1981,0.0
19/07/1981,3.0
20/07/1981,14.0
21/07/1981,2.0
22/07/1981,33.0
23/07/1981,0.0
24/07/1981,40.0
25/07/1981,0.0
26/07/1981,0.0
27/07/1981,11.0
28/07/1981,0.0
29/07/1981,0.0
30/07/1981,0.0
31/07/1981,0.0
01/08/1981,0.0
02/08/1981,0.0
03/08/1981,0.0
04/08/1981,1.0
05/08/1981,0.0
06/08/1981,0.0
07/08/1981,0.0
08/08/1981,0.0
09/08/1981,0.0
10/08/1981,0.0
11/08/1981,0.0
12/08/1981,0.0
13/08/1981,0.0
14/08/1981,0.0
15/08/1981,0.0
16/08/1981,0.0
17/08/1981,0.0
18/08/1981,2.0
19/08/1981,30.0
20/08/1981,1.0
21/08/1981,0.0
22/08/1981,25.3
23/08/1981,12.7
24/08/1981,14.0
25/08/1981,0.0
26/08/1981,0.0
27/08/1981,7.3
28/08/1981,4.3
29/08/1981,0.3
30/08/1981,4.0
31/08/1981,22.0
01/09/1981,0.0
02/09/1981,11.3
03/09/1981,6.7
04/09/1981,2.0
05/09/1981,7.0
06/09/1981,4.7
07/09/1981,13.0
08/09/1981,5.3
09/09/1981,0.0
10/09/1981,3.0
11/09/1981,24.7
12/09/1981,6.3
13/09/1981,4.0
14/09/1981,0.0
15/09/1981,15.0
16/09/1981,33.0
17/09/1981,0.0
18/09/1981,0.0
19/09/1981,12.7
20/09/1981,12.3
21/09/1981,41.0
22/09/1981,0.0
23/09/1981,11.0
24/09/1981,1.0
25/09/1981,0.0
26/09/1981,0.0
27/09/1981,0.0
28/09/1981,0.0
29/09/1981,0.0
30/09/1981,0.0
01/10/1981,0.0
02/10/1981,1.0
03/10/1981,0.0
04/10/1981,16.0
05/10/1981,0.0
06/10/1981,1.3
07/10/1981,10.7
08/10/1981,5.0
09/10/1981,4.7
10/10/1981,2.3
11/10/1981,0.0
12/10/1981,0.0
13/10/1981,32.0
14/10/1981,26.0
15/10/1981,22.0
16/10/1981,1.0
17/10/1981,6.0
18/10/1981,2.0
19/10/1981,0.0
20/10/1981,15.0
21/10/1981,21.3
22/10/1981,10.7
23/10/1981,0.0
24/10/1981,0.0
25/10/1981,0.0
26/10/1981,1.0
27/10/1981,6.0
28/10/1981,2.0
29/10/1981,3.0
30/10/1981,38.0
31/10/1981,9.0
01/11/1981,10.0
02/11/1981,5.0
03/11/1981,5.0
04/11/1981,1.0
05/11/1981,31.6
06/11/1981,8.4
07/11/1981,4.0
08/11/1981,0.0
09/11/1981,3.0
10/11/1981,5.0
11/11/1981,6.0
12/11/1981,0.0
13/11/1981,14.0
14/11/1981,2.0
15/11/1981,0.0
16/11/1981,3.0
17/11/1981,14.0
18/11/1981,9.0
19/11/1981,1.0
20/11/1981,62.0
21/11/1981,8.7
22/11/1981,4.3
23/11/1981,9.0
24/11/1981,17.0
25/11/1981,0.0
26/11/1981,7.3
27/11/1981,5.7
28/11/1981,3.0
29/11/1981,40.3
30/11/1981,46.3
01/12/1981,25.3
02/12/1981,6.0
03/12/1981,3.0
04/12/1981,48.2
05/12/1981,63.8
06/12/1981,3.0
07/12/1981,13.0
08/12/1981,0.0
09/12/1981,5.0
10/12/1981,76.3
11/12/1981,64.0
12/12/1981,26.7
13/12/1981,0.0
14/12/1981,51.7
15/12/1981,43.3
16/12/1981,25.3
17/12/1981,9.7
18/12/1981,4.0
19/12/1981,26.0
20/12/1981,0.0
21/12/1981,4.0
22/12/1981,3.0
23/12/1981,2.0
24/12/1981,0.0
25/12/1981,0.0
26/12/1981,0.0
27/12/1981,0.0
28/12/1981,3.0
29/12/1981,0.0
30/12/1981,0.0
31/12/1981,5.3
01/01/1982,4.3
02/01/1982,1.3
03/01/1982,2.0
04/01/1982,0.0
05/01/1982,0.0
06/01/1982,4.0
07/01/1982,3.0
08/01/1982,0.0
09/01/1982,0.0
10/01/1982,0.0
11/01/1982,0.0
12/01/1982,0.0
13/01/1982,0.0
14/01/1982,7.3
15/01/1982,3.7
16/01/1982,0.0
17/01/1982,0.0
18/01/1982,0.0
19/01/1982,0.0
20/01/1982,0.0
21/01/1982,0.0
22/01/1982,0.0
23/01/1982,0.0
24/01/1982,0.0
25/01/1982,0.0
26/01/1982,0.0
27/01/1982,0.0
28/01/1982,0.0
29/01/1982,0.0
30/01/1982,2.0
31/01/1982,14.0
01/02/1982,6.0
02/02/1982,20.0
03/02/1982,1.0
04/02/1982,0.0
05/02/1982,0.0
06/02/1982,0.0
07/02/1982,0.0
08/02/1982,0.0
09/02/1982,3.0
10/02/1982,0.0
11/02/1982,0.0
12/02/1982,0.0
13/02/1982,3.0
14/02/1982,0.0
15/02/1982,0.0
16/02/1982,0.0
17/02/1982,0.0
18/02/1982,0.0
19/02/1982,0.0
20/02/1982,0.0
21/02/1982,0.0
22/02/1982,1.0
23/02/1982,0.0
24/02/1982,0.0
25/02/1982,0.0
26/02/1982,6.0
27/02/1982,4.0
28/02/1982,1.0
01/03/1982,0.0
02/03/1982,0.0
03/03/1982,0.0
04/03/1982,0.0
05/03/1982,0.0
06/03/1982,0.0
07/03/1982,0.0
08/03/1982,0.0
09/03/1982,0.0
10/03/1982,0.0
11/03/1982,0.0
12/03/1982,0.0
13/03/1982,0.0
14/03/1982,0.0
15/03/1982,0.0
16/03/1982,0.0
17/03/1982,0.0
18/03/1982,2.0
19/03/1982,1.0
20/03/1982,0.0
21/03/1982,0.0
22/03/1982,0.0
23/03/1982,0.0
24/03/1982,0.0
25/03/1982,0.0
26/03/1982,9.0
27/03/1982,23.0
28/03/1982,34.0
29/03/1982,0.0
30/03/1982,0.0
31/03/1982,3.0
01/04/1982,22.0
02/04/1982,0.0
03/04/1982,1.0
04/04/1982,0.0
05/04/1982,0.0
06/04/1982,20.0
07/04/1982,1.0
08/04/1982,2.0
09/04/1982,1.0
10/04/1982,2.0
11/04/1982,56.0
12/04/1982,0.0
13/04/1982,35.0
14/04/1982,1.0
15/04/1982,7.0
16/04/1982,0.0
17/04/1982,2.0
18/04/1982,6.0
19/04/1982,2.0
20/04/1982,7.0
21/04/1982,37.0
22/04/1982,0.0
23/04/1982,0.0
24/04/1982,13.0
25/04/1982,1.0
26/04/1982,0.0
27/04/1982,0.0
28/04/1982,0.0
29/04/1982,9.3
30/04/1982,4.7
01/05/1982,0.0
02/05/1982,5.0
03/05/1982,1.0
04/05/1982,14.0
05/05/1982,5.0
06/05/1982,1.0
07/05/1982,80.0
08/05/1982,0.0
09/05/1982,0.0
10/05/1982,61.0
11/05/1982,0.0
12/05/1982,8.0
13/05/1982,0.0
14/05/1982,0.0
15/05/1982,0.0
16/05/1982,0.0
17/05/1982,0.0
18/05/1982,0.0
19/05/1982,3.0
20/05/1982,41.0
21/05/1982,2.0
22/05/1982,14.0
23/05/1982,5.0
24/05/1982,0.0
25/05/1982,0.0
26/05/1982,0.0
27/05/1982,0.0
28/05/1982,1.3
29/05/1982,1.3
30/05/1982,0.3
31/05/1982,6.0
01/06/1982,0.0
02/06/1982,0.0
03/06/1982,0.0
04/06/1982,2.0
05/06/1982,1.0
06/06/1982,1.0
07/06/1982,0.0
08/06/1982,0.0
09/06/1982,0.7
10/06/1982,49.3
11/06/1982,7.0
12/06/1982,0.0
13/06/1982,0.0
14/06/1982,3.7
15/06/1982,3.3
16/06/1982,0.0
17/06/1982,0.0
18/06/1982,0.0
19/06/1982,0.0
20/06/1982,0.0
21/06/1982,0.0
22/06/1982,49.3
23/06/1982,24.7
24/06/1982,0.0
25/06/1982,0.0
26/06/1982,0.0
27/06/1982,0.0
28/06/1982,2.0
29/06/1982,0.0
30/06/1982,0.0
01/07/1982,0.0
02/07/1982,0.0
03/07/1982,8.0
04/07/1982,4.0
05/07/1982,9.3
06/07/1982,4.7
07/07/1982,0.0
08/07/1982,0.0
09/07/1982,0.0
10/07/1982,4.0
11/07/1982,14.0
12/07/1982,10.0
13/07/1982,0.0
14/07/1982,0.0
15/07/1982,0.0
16/07/1982,15.0
17/07/1982,12.0
18/07/1982,9.0
19/07/1982,0.0
20/07/1982,7.0
21/07/1982,2.0
22/07/1982,2.0
23/07/1982,0.0
24/07/1982,5.0
25/07/1982,8.0
26/07/1982,0.0
27/07/1982,0.0
28/07/1982,0.0
29/07/1982,0.0
30/07/1982,24.0
31/07/1982,0.0
01/08/1982,8.0
02/08/1982,0.0
03/08/1982,5.0
04/08/1982,1.0
05/08/1982,0.0
06/08/1982,0.0
07/08/1982,0.0
08/08/1982,33.6
09/08/1982,1.4
10/08/1982,0.0
11/08/1982,17.3
12/08/1982,8.7
13/08/1982,0.0
14/08/1982,0.0
15/08/1982,0.0
16/08/1982,3.0
17/08/1982,0.0
18/08/1982,0.0
19/08/1982,22.0
20/08/1982,19.0
21/08/1982,7.0
22/08/1982,1.0
23/08/1982,2.0
24/08/1982,13.0
25/08/1982,5.0
26/08/1982,0.0
27/08/1982,7.3
28/08/1982,10.7
29/08/1982,1.0
30/08/1982,0.0
31/08/1982,3.0
01/09/1982,11.0
02/09/1982,2.0
03/09/1982,0.0
04/09/1982,0.0
05/09/1982,0.0
06/09/1982,0.0
07/09/1982,4.0
08/09/1982,2.0
09/09/1982,0.0
10/09/1982,13.0
11/09/1982,1.0
12/09/1982,0.0
13/09/1982,5.0
14/09/1982,9.0
15/09/1982,25.3
16/09/1982,12.7
17/09/1982,26.0
18/09/1982,0.0
19/09/1982,0.0
20/09/1982,26.0
21/09/1982,2.0
22/09/1982,5.0
23/09/1982,16.0
24/09/1982,1.0
25/09/1982,1.0
26/09/1982,9.3
27/09/1982,4.7
28/09/1982,1.0
29/09/1982,0.0
30/09/1982,0.0
01/10/1982,0.0
02/10/1982,0.0
03/10/1982,0.0
04/10/1982,1.0
05/10/1982,0.0
06/10/1982,2.7
07/10/1982,16.3
08/10/1982,4.0
09/10/1982,0.0
10/10/1982,20.7
11/10/1982,22.3
12/10/1982,48.0
13/10/1982,2.0
14/10/1982,6.0
15/10/1982,4.0
16/10/1982,0.0
17/10/1982,0.0
18/10/1982,8.7
19/10/1982,4.3
20/10/1982,0.0
21/10/1982,0.0
22/10/1982,0.0
23/10/1982,0.0
24/10/1982,2.0
25/10/1982,0.0
26/10/1982,0.0
27/10/1982,3.0
28/10/1982,1.0
29/10/1982,0.0
30/10/1982,0.0
31/10/1982,0.0
01/11/1982,14.7
02/11/1982,29.3
03/11/1982,20.0
04/11/1982,0.0
05/11/1982,0.0
06/11/1982,1.0
07/11/1982,19.0
08/11/1982,16.7
09/11/1982,8.3
10/11/1982,20.0
11/11/1982,30.0
12/11/1982,4.0
13/11/1982,4.0
14/11/1982,0.0
15/11/1982,0.0
16/11/1982,0.0
17/11/1982,0.0
18/11/1982,0.0
19/11/1982,0.0
20/11/1982,2.0
21/11/1982,0.0
22/11/1982,9.3
23/11/1982,30.7
24/11/1982,2.0
25/11/1982,18.0
26/11/1982,20.0
27/11/1982,0.0
28/11/1982,16.0
29/11/1982,8.0
30/11/1982,10.0
01/12/1982,13.0
02/12/1982,9.0
03/12/1982,0.0
04/12/1982,0.0
05/12/1982,0.0
06/12/1982,16.0
07/12/1982,26.7
08/12/1982,28.1
09/12/1982,20.4
10/12/1982,42.0
11/12/1982,0.0
12/12/1982,0.0
13/12/1982,48.3
14/12/1982,243.0
15/12/1982,184.3
16/12/1982,46.3
17/12/1982,5.0
18/12/1982,399.0
19/12/1982,13.0
20/12/1982,15.0
21/12/1982,18.3
22/12/1982,10.7
23/12/1982,21.0
24/12/1982,20.0
25/12/1982,14.0
26/12/1982,16.0
27/12/1982,16.0
28/12/1982,5.0
29/12/1982,4.0
30/12/1982,0.0
31/12/1982,0.0
01/01/1983,0.0
02/01/1983,25.0
03/01/1983,15.0
04/01/1983,2.0
05/01/1983,2.0
06/01/1983,41.0
07/01/1983,1.0
08/01/1983,0.0
09/01/1983,10.0
10/01/1983,3.0
11/01/1983,17.0
12/01/1983,15.0
13/01/1983,9.0
14/01/1983,8.0
15/01/1983,10.0
16/01/1983,7.0
17/01/1983,0.0
18/01/1983,2.0
19/01/1983,0.0
20/01/1983,0.0
21/01/1983,8.0
22/01/1983,11.0
23/01/1983,14.0
24/01/1983,3.0
25/01/1983,2.0
26/01/1983,0.0
27/01/1983,0.0
28/01/1983,0.0
29/01/1983,0.0
30/01/1983,0.0
31/01/1983,0.0
01/02/1983,0.0
02/02/1983,0.0
03/02/1983,0.0
04/02/1983,0.0
05/02/1983,0.0
06/02/1983,0.0
07/02/1983,0.0
08/02/1983,0.0
09/02/1983,0.0
10/02/1983,1.0
11/02/1983,0.0
12/02/1983,0.0
13/02/1983,5.0
14/02/1983,15.0
15/02/1983,0.0
16/02/1983,0.0
17/02/1983,0.0
18/02/1983,0.0
19/02/1983,0.0
20/02/1983,0.0
21/02/1983,0.0
22/02/1983,0.0
23/02/1983,0.0
24/02/1983,0.0
25/02/1983,1.0
26/02/1983,0.0
27/02/1983,0.0
28/02/1983,0.0
01/03/1983,0.0
02/03/1983,0.0
03/03/1983,0.0
04/03/1983,0.0
05/03/1983,0.0
06/03/1983,0.0
07/03/1983,0.0
08/03/1983,0.0
09/03/1983,0.0
10/03/1983,0.0
11/03/1983,0.0
12/03/1983,0.0
13/03/1983,0.0
14/03/1983,0.0
15/03/1983,0.0
16/03/1983,0.0
17/03/1983,0.0
18/03/1983,7.0
19/03/1983,40.0
20/03/1983,0.0
21/03/1983,0.0
22/03/1983,0.0
23/03/1983,0.0
24/03/1983,0.0
25/03/1983,0.0
26/03/1983,0.0
27/03/1983,0.0
28/03/1983,0.0
29/03/1983,0.0
30/03/1983,0.0
31/03/1983,0.0
01/04/1983,0.0
02/04/1983,0.0
03/04/1983,0.0
04/04/1983,0.0
05/04/1983,0.0
06/04/1983,0.0
07/04/1983,0.0
08/04/1983,0.0
09/04/1983,0.0
10/04/1983,0.0
11/04/1983,0.0
12/04/1983,0.0
13/04/1983,0.0
14/04/1983,0.0
15/04/1983,0.0
16/04/1983,0.0
17/04/1983,0.0
18/04/1983,0.0
19/04/1983,0.0
20/04/1983,0.0
21/04/1983,0.0
22/04/1983,0.0
23/04/1983,0.0
24/04/1983,0.0
25/04/1983,0.0
26/04/1983,0.0
27/04/1983,0.0
28/04/1983,0.0
29/04/1983,3.0
30/04/1983,0.0
01/05/1983,6.0
02/05/1983,0.0
03/05/1983,2.0
04/05/1983,0.0
05/05/1983,37.0
06/05/1983,12.0
07/05/1983,6.0
08/05/1983,0.0
09/05/1983,27.0
10/05/1983,0.0
11/05/1983,87.0
12/05/1983,0.0
13/05/1983,0.0
14/05/1983,0.0
15/05/1983,0.0
16/05/1983,0.0
17/05/1983,0.0
18/05/1983,8.0
19/05/1983,4.0
20/05/1983,4.0
21/05/1983,0.0
22/05/1983,0.0
23/05/1983,30.0
24/05/1983,27.0
25/05/1983,28.0
26/05/1983,1.0
27/05/1983,24.0
28/05/1983,1.0
29/05/1983,6.0
30/05/1983,37.0
31/05/1983,37.0
01/06/1983,0.0
02/06/1983,2.0
03/06/1983,0.0
04/06/1983,0.0
05/06/1983,10.0
06/06/1983,10.0
07/06/1983,7.0
08/06/1983,0.0
09/06/1983,0.0
10/06/1983,26.0
11/06/1983,0.0
12/06/1983,0.0
13/06/1983,5.0
14/06/1983,0.0
15/06/1983,0.0
16/06/1983,6.0
17/06/1983,0.0
18/06/1983,3.0
19/06/1983,6.0
20/06/1983,49.0
21/06/1983,6.0
22/06/1983,0.0
23/06/1983,0.0
24/06/1983,0.0
25/06/1983,0.0
26/06/1983,0.0
27/06/1983,0.0
28/06/1983,0.0
29/06/1983,0.0
30/06/1983,24.0
01/07/1983,0.6
02/07/1983,16.4
03/07/1983,54.0
04/07/1983,0.0
05/07/1983,8.0
06/07/1983,4.0
07/07/1983,15.0
08/07/1983,4.0
09/07/1983,11.0
10/07/1983,1.0
11/07/1983,3.0
12/07/1983,4.0
13/07/1983,0.0
14/07/1983,0.0
15/07/1983,5.0
16/07/1983,0.0
17/07/1983,0.0
18/07/1983,0.0
19/07/1983,3.0
20/07/1983,4.0
21/07/1983,0.0
22/07/1983,3.0
23/07/1983,1.0
24/07/1983,3.0
25/07/1983,4.0
26/07/1983,0.0
27/07/1983,0.0
28/07/1983,1.0
29/07/1983,12.0
30/07/1983,13.0
31/07/1983,0.0
01/08/1983,1.0
02/08/1983,0.0
03/08/1983,0.0
04/08/1983,0.0
05/08/1983,0.0
06/08/1983,0.0
07/08/1983,0.0
08/08/1983,7.0
09/08/1983,0.0
10/08/1983,0.0
11/08/1983,0.0
12/08/1983,0.0
13/08/1983,12.0
14/08/1983,0.0
15/08/1983,3.0
16/08/1983,6.0
17/08/1983,0.0
18/08/1983,0.0
19/08/1983,3.0
20/08/1983,0.0
21/08/1983,0.0
22/08/1983,1.0
23/08/1983,1.0
24/08/1983,49.0
25/08/1983,1.0
26/08/1983,0.0
27/08/1983,0.0
28/08/1983,0.0
29/08/1983,0.0
30/08/1983,16.0
31/08/1983,7.0
01/09/1983,24.0
02/09/1983,0.0
03/09/1983,0.0
04/09/1983,0.0
05/09/1983,9.0
06/09/1983,0.0
07/09/1983,3.0
08/09/1983,8.0
09/09/1983,1.0
10/09/1983,1.0
11/09/1983,8.0
12/09/1983,1.0
13/09/1983,0.0
20/09/1983,5.8
21/09/1983,5.2
22/09/1983,5.0
23/09/1983,10.0
24/09/1983,17.0
25/09/1983,1.0
26/09/1983,21.0
27/09/1983,5.0
28/09/1983,8.0
29/09/1983,1.0
30/09/1983,2.0
01/10/1983,11.0
02/10/1983,0.0
03/10/1983,1.0
04/10/1983,0.0
05/10/1983,0.0
06/10/1983,2.0
07/10/1983,7.0
08/10/1983,14.0
09/10/1983,8.0
10/10/1983,0.0
11/10/1983,7.0
12/10/1983,2.0
13/10/1983,0.0
14/10/1983,0.0
15/10/1983,0.0
16/10/1983,9.0
17/10/1983,6.0
18/10/1983,1.0
19/10/1983,0.0
20/10/1983,2.0
21/10/1983,64.0
22/10/1983,12.0
23/10/1983,15.0
24/10/1983,20.0
25/10/1983,10.0
26/10/1983,10.0
27/10/1983,9.0
28/10/1983,16.0
29/10/1983,17.0
30/10/1983,19.0
31/10/1983,3.0
01/11/1983,0.0
02/11/1983,0.0
03/11/1983,0.0
23/11/1983,2.0
24/11/1983,1.0
25/11/1983,0.0
26/11/1983,8.0
27/11/1983,17.3
28/11/1983,11.7
29/11/1983,10.0
30/11/1983,0.0
01/12/1983,173.0
02/12/1983,260.9
03/12/1983,179.1
04/12/1983,134.0
05/12/1983,95.0
06/12/1983,43.0
07/12/1983,18.0
08/12/1983,27.0
09/12/1983,148.7
10/12/1983,206.0
11/12/1983,42.3
12/12/1983,40.9
13/12/1983,29.1
14/12/1983,57.0
15/12/1983,7.0
16/12/1983,0.0
17/12/1983,1.0
18/12/1983,9.3
19/12/1983,6.7
20/12/1983,27.7
21/12/1983,8.3
22/12/1983,3.0
23/12/1983,0.0
24/12/1983,16.0
25/12/1983,28.0
26/12/1983,15.0
27/12/1983,14.0
28/12/1983,0.0
29/12/1983,3.0
30/12/1983,0.0
31/12/1983,4.0
01/01/1984,0.0
02/01/1984,3.0
03/01/1984,40.0
04/01/1984,6.0
05/01/1984,6.0
06/01/1984,8.0
07/01/1984,18.0
08/01/1984,12.0
09/01/1984,8.0
10/01/1984,11.0
11/01/1984,6.0
12/01/1984,7.0
29/01/1984,2.0
30/01/1984,63.0
31/01/1984,28.0
01/02/1984,20.0
02/02/1984,4.0
03/02/1984,27.0
04/02/1984,9.0
05/02/1984,2.0
06/02/1984,7.0
07/02/1984,33.0
08/02/1984,37.0
09/02/1984,47.0
10/02/1984,62.0
11/02/1984,10.0
12/02/1984,24.0
13/02/1984,0.0
14/02/1984,0.0
15/02/1984,9.0
16/02/1984,6.0
17/02/1984,0.0
18/02/1984,26.9
19/02/1984,42.1
20/02/1984,1.0
21/02/1984,0.0
22/02/1984,0.0
23/02/1984,0.0
24/02/1984,0.0
25/02/1984,0.0
26/02/1984,0.0
27/02/1984,23.0
28/02/1984,4.0
29/02/1984,5.0
01/03/1984,29.0
02/03/1984,14.0
03/03/1984,20.0
04/03/1984,2.0
05/03/1984,1.0
06/03/1984,0.0
07/03/1984,0.0
08/03/1984,0.0
09/03/1984,0.0
10/03/1984,0.0
11/03/1984,0.0
12/03/1984,5.0
13/03/1984,13.0
14/03/1984,0.0
15/03/1984,19.0
16/03/1984,0.0
17/03/1984,0.0
18/03/1984,0.0
19/03/1984,5.0
20/03/1984,0.0
21/03/1984,0.0
22/03/1984,4.0
23/03/1984,23.0
24/03/1984,44.0
25/03/1984,141.0
26/03/1984,22.0
27/03/1984,23.0
28/03/1984,0.0
29/03/1984,26.0
30/03/1984,3.0
31/03/1984,7.0
01/04/1984,9.0
02/04/1984,3.0
03/04/1984,0.0
04/04/1984,0.0
05/04/1984,0.0
06/04/1984,0.0
07/04/1984,0.0
08/04/1984,0.0
09/04/1984,9.0
10/04/1984,7.0
11/04/1984,5.0
12/04/1984,0.0
13/04/1984,0.0
14/04/1984,0.0
15/04/1984,25.0
16/04/1984,4.0
17/04/1984,19.0
18/04/1984,9.0
19/04/1984,0.0
20/04/1984,59.0
21/04/1984,12.0
22/04/1984,14.0
23/04/1984,5.0
24/04/1984,0.0
25/04/1984,0.0
26/04/1984,17.0
27/04/1984,0.0
28/04/1984,0.0
29/04/1984,0.0
30/04/1984,15.0
01/05/1984,11.0
02/05/1984,22.0
03/05/1984,0.0
04/05/1984,2.0
05/05/1984,8.0
06/05/1984,1.0
07/05/1984,33.0
08/05/1984,0.0
09/05/1984,1.0
10/05/1984,12.3
11/05/1984,3.7
12/05/1984,0.0
13/05/1984,7.0
14/05/1984,12.0
15/05/1984,13.0
16/05/1984,0.0
17/05/1984,29.0
18/05/1984,0.0
19/05/1984,43.0
20/05/1984,1.0
21/05/1984,9.0
22/05/1984,9.0
23/05/1984,1.0
24/05/1984,0.0
25/05/1984,7.0
26/05/1984,1.0
27/05/1984,0.0
28/05/1984,6.0
29/05/1984,2.0
30/05/1984,1.0
31/05/1984,0.0
01/06/1984,27.0
02/06/1984,1.0
03/06/1984,4.0
04/06/1984,45.0
05/06/1984,1.0
06/06/1984,2.0
07/06/1984,15.0
08/06/1984,0.0
09/06/1984,0.0
10/06/1984,10.0
11/06/1984,0.0
12/06/1984,0.0
13/06/1984,0.0
14/06/1984,0.0
15/06/1984,3.0
16/06/1984,35.0
17/06/1984,1.0
18/06/1984,31.0
19/06/1984,1.0
20/06/1984,0.0
21/06/1984,0.0
22/06/1984,0.0
23/06/1984,2.0
24/06/1984,12.0
25/06/1984,0.0
26/06/1984,0.0
27/06/1984,0.0
28/06/1984,10.0
29/06/1984,1.0
30/06/1984,21.0
01/07/1984,0.0
02/07/1984,0.0
03/07/1984,0.0
04/07/1984,0.0
05/07/1984,0.0
06/07/1984,0.0
07/07/1984,43.0
08/07/1984,1.0
09/07/1984,6.0
10/07/1984,37.0
11/07/1984,1.0
12/07/1984,0.0
13/07/1984,0.0
14/07/1984,0.0
15/07/1984,27.0
16/07/1984,0.0
17/07/1984,11.0
18/07/1984,1.0
19/07/1984,0.0
20/07/1984,10.0
21/07/1984,1.0
22/07/1984,8.0
23/07/1984,1.0
24/07/1984,0.0
25/07/1984,5.0
26/07/1984,2.0
27/07/1984,0.0
28/07/1984,0.0
29/07/1984,10.0
30/07/1984,0.0
31/07/1984,21.0
01/08/1984,18.0
02/08/1984,22.0
03/08/1984,0.0
04/08/1984,2.0
05/08/1984,4.0
06/08/1984,23.0
07/08/1984,74.0
08/08/1984,8.0
09/08/1984,3.0
10/08/1984,0.0
11/08/1984,1.0
12/08/1984,0.0
13/08/1984,0.0
14/08/1984,0.0
15/08/1984,0.0
16/08/1984,0.0
17/08/1984,0.0
18/08/1984,0.0
19/08/1984,3.0
20/08/1984,1.0
21/08/1984,0.0
22/08/1984,3.0
23/08/1984,2.0
24/08/1984,20.0
25/08/1984,3.0
26/08/1984,9.4
27/08/1984,57.6
28/08/1984,1.0
29/08/1984,0.0
30/08/1984,4.0
31/08/1984,1.0
01/09/1984,0.0
02/09/1984,0.0
03/09/1984,11.0
04/09/1984,1.0
05/09/1984,22.0
06/09/1984,51.0
07/09/1984,61.0
08/09/1984,18.0
09/09/1984,1.0
10/09/1984,16.0
11/09/1984,1.0
12/09/1984,4.0
13/09/1984,1.0
14/09/1984,0.0
15/09/1984,73.0
16/09/1984,1.0
17/09/1984,0.0
18/09/1984,25.0
19/09/1984,36.0
20/09/1984,31.0
21/09/1984,2.0
22/09/1984,37.0
23/09/1984,0.0
24/09/1984,3.0
25/09/1984,22.0
26/09/1984,10.0
27/09/1984,3.0
28/09/1984,9.0
29/09/1984,14.0
30/09/1984,1.0
01/10/1984,8.0
02/10/1984,2.0
03/10/1984,0.0
04/10/1984,1.0
05/10/1984,9.0
06/10/1984,7.0
07/10/1984,36.0
08/10/1984,0.0
09/10/1984,3.0
04/11/1984,1.0
05/11/1984,15.0
06/11/1984,1.0
07/11/1984,0.0
08/11/1984,0.0
09/11/1984,0.0
10/11/1984,0.0
11/11/1984,13.0
12/11/1984,33.0
13/11/1984,13.0
14/11/1984,2.0
15/11/1984,8.0
16/11/1984,0.0
17/11/1984,23.0
18/11/1984,1.0
19/11/1984,2.0
20/11/1984,6.0
21/11/1984,0.0
22/11/1984,12.0
23/11/1984,5.0
24/11/1984,88.0
25/11/1984,73.0
26/11/1984,1.0
27/11/1984,3.0
28/11/1984,0.0
29/11/1984,20.0
30/11/1984,4.0
01/12/1984,48.0
02/12/1984,30.0
03/12/1984,24.0
04/12/1984,8.0
05/12/1984,25.0
06/12/1984,29.0
07/12/1984,63.0
08/12/1984,9.0
09/12/1984,0.0
10/12/1984,0.0
11/12/1984,0.0
12/12/1984,1.0
13/12/1984,3.0
14/12/1984,1.0
15/12/1984,0.0
16/12/1984,19.7
17/12/1984,20.3
18/12/1984,0.0
19/12/1984,0.0
20/12/1984,90.0
21/12/1984,90.0
22/12/1984,82.0
23/12/1984,273.0
24/12/1984,55.0
25/12/1984,27.0
26/12/1984,11.0
27/12/1984,11.0
28/12/1984,41.0
29/12/1984,0.0
30/12/1984,2.0
31/12/1984,3.0
01/01/1985,1.0
02/01/1985,8.0
03/01/1985,56.0
04/01/1985,0.0
05/01/1985,0.0
06/01/1985,0.0
07/01/1985,0.0
08/01/1985,0.0
09/01/1985,2.0
10/01/1985,0.0
11/01/1985,0.0
12/01/1985,0.0
13/01/1985,0.0
14/01/1985,0.0
15/01/1985,0.0
16/01/1985,0.0
17/01/1985,0.0
18/01/1985,10.0
19/01/1985,0.0
20/01/1985,1.0
21/01/1985,0.0
22/01/1985,0.0
23/01/1985,10.0
24/01/1985,4.0
25/01/1985,2.0
26/01/1985,38.0
27/01/1985,30.0
28/01/1985,2.0
29/01/1985,15.0
30/01/1985,22.0
31/01/1985,8.0
01/02/1985,6.0
02/02/1985,29.0
03/02/1985,45.0
04/02/1985,4.0
05/02/1985,0.0
06/02/1985,0.0
07/02/1985,0.0
08/02/1985,0.0
09/02/1985,0.0
10/02/1985,0.0
11/02/1985,22.0
12/02/1985,4.0
13/02/1985,0.0
14/02/1985,4.0
15/02/1985,3.0
16/02/1985,2.0
17/02/1985,25.0
18/02/1985,1.0
19/02/1985,0.0
20/02/1985,0.0
21/02/1985,0.0
22/02/1985,0.0
23/02/1985,19.0
24/02/1985,33.0
25/02/1985,1.0
26/02/1985,0.0
27/02/1985,2.0
28/02/1985,14.0
01/03/1985,1.0
02/03/1985,0.0
03/03/1985,34.0
04/03/1985,11.0
05/03/1985,9.0
06/03/1985,6.0
07/03/1985,15.0
08/03/1985,30.0
09/03/1985,83.0
10/03/1985,47.5
11/03/1985,5.5
12/03/1985,1.0
13/03/1985,49.0
14/03/1985,43.0
15/03/1985,86.0
16/03/1985,15.0
17/03/1985,7.0
18/03/1985,0.0
19/03/1985,1.0
20/03/1985,0.0
21/03/1985,2.0
22/03/1985,0.0
23/03/1985,0.0
24/03/1985,20.1
25/03/1985,31.9
26/03/1985,0.0
27/03/1985,0.0
28/03/1985,0.0
29/03/1985,0.0
30/03/1985,0.0
31/03/1985,0.0
01/04/1985,3.0
02/04/1985,0.0
03/04/1985,0.0
04/04/1985,0.0
05/04/1985,4.0
06/04/1985,0.0
07/04/1985,0.0
08/04/1985,0.0
09/04/1985,25.0
10/04/1985,1.0
11/04/1985,45.0
12/04/1985,1.0
13/04/1985,13.0
14/04/1985,0.0
15/04/1985,0.0
16/04/1985,0.0
17/04/1985,0.0
18/04/1985,25.0
19/04/1985,3.0
20/04/1985,0.0
21/04/1985,7.0
26/05/1985,8.0
27/05/1985,0.0
28/05/1985,0.0
29/05/1985,0.0
30/05/1985,0.0
31/05/1985,1.0
01/06/1985,13.0
02/06/1985,3.0
03/06/1985,0.0
04/06/1985,9.0
05/06/1985,0.0
06/06/1985,0.0
07/06/1985,9.0
08/06/1985,0.0
09/06/1985,0.0
10/06/1985,0.0
11/06/1985,0.0
12/06/1985,0.0
13/06/1985,0.0
14/06/1985,1.0
15/06/1985,2.0
16/06/1985,0.0
17/06/1985,12.0
18/06/1985,0.0
19/06/1985,0.0
20/06/1985,0.0
21/06/1985,0.0
22/06/1985,0.0
23/06/1985,0.0
24/06/1985,0.0
25/06/1985,0.0
26/06/1985,0.0
27/06/1985,0.0
28/06/1985,0.0
29/06/1985,0.0
30/06/1985,0.0
01/07/1985,0.0
02/07/1985,0.0
03/07/1985,0.0
04/07/1985,2.0
05/07/1985,28.0
06/07/1985,1.0
07/07/1985,2.0
08/07/1985,24.0
09/07/1985,0.0
10/07/1985,12.0
11/07/1985,1.0
12/07/1985,2.0
13/07/1985,0.0
14/07/1985,18.0
15/07/1985,15.0
16/07/1985,0.0
17/07/1985,16.0
18/07/1985,1.0
19/07/1985,2.0
20/07/1985,1.0
21/07/1985,0.0
22/07/1985,6.0
23/07/1985,0.0
24/07/1985,0.0
25/07/1985,0.0
26/07/1985,0.0
27/07/1985,24.0
28/07/1985,0.0
29/07/1985,0.0
30/07/1985,0.0
31/07/1985,0.0
01/08/1985,0.0
02/08/1985,1.0
03/08/1985,0.0
04/08/1985,12.0
05/08/1985,0.0
06/08/1985,0.0
07/08/1985,0.0
08/08/1985,1.0
09/08/1985,3.0
10/08/1985,0.0
11/08/1985,0.0
12/08/1985,0.0
13/08/1985,4.0
14/08/1985,11.0
15/08/1985,3.0
16/08/1985,0.0
17/08/1985,0.0
29/08/1985,17.0
30/08/1985,1.0
31/08/1985,19.0
01/09/1985,3.0
02/09/1985,2.0
03/09/1985,1.0
04/09/1985,22.0
05/09/1985,0.0
06/09/1985,0.0
07/09/1985,1.0
08/09/1985,4.0
09/09/1985,0.0
10/09/1985,1.0
11/09/1985,0.0
12/09/1985,1.0
13/09/1985,1.0
14/09/1985,1.0
15/09/1985,0.0
16/09/1985,0.0
17/09/1985,0.0
18/09/1985,1.0
19/09/1985,0.0
20/09/1985,0.0
21/09/1985,0.0
22/09/1985,0.0
23/09/1985,0.0
24/09/1985,0.0
25/09/1985,0.0
26/09/1985,0.0
27/09/1985,0.0
28/09/1985,0.0
29/09/1985,0.0
27/11/1985,2.0
28/11/1985,4.0
29/11/1985,43.0
30/11/1985,15.0
01/12/1985,226.0
02/12/1985,150.0
03/12/1985,149.0
04/12/1985,0.0
05/12/1985,1.0
06/12/1985,11.0
07/12/1985,49.0
08/12/1985,1.0
09/12/1985,1.0
10/12/1985,2.0
11/12/1985,0.0
12/12/1985,18.0
13/12/1985,28.0
14/12/1985,85.0
15/12/1985,12.0
16/12/1985,1.0
17/12/1985,0.0
18/12/1985,0.0
19/12/1985,0.0
20/12/1985,0.0
21/12/1985,0.0
22/12/1985,89.0
23/12/1985,43.0
24/12/1985,18.0
25/12/1985,2.0
26/12/1985,0.0
27/12/1985,3.0
28/12/1985,2.0
29/12/1985,0.0
30/12/1985,0.0
31/12/1985,0.0
01/01/1986,19.6
02/01/1986,21.4
03/01/1986,14.0
04/01/1986,9.0
05/01/1986,6.0
06/01/1986,10.0
07/01/1986,2.0
08/01/1986,33.0
09/01/1986,27.0
10/01/1986,14.0
11/01/1986,38.0
12/01/1986,4.0
13/01/1986,0.0
14/01/1986,0.0
15/01/1986,0.0
16/01/1986,0.0
17/01/1986,22.0
18/01/1986,1.0
19/01/1986,0.0
20/01/1986,0.0
21/01/1986,0.0
22/01/1986,0.0
23/01/1986,1.0
24/01/1986,0.0
25/01/1986,0.0
26/01/1986,0.0
27/01/1986,3.0
28/01/1986,1.0
29/01/1986,0.0
30/01/1986,0.0
31/01/1986,0.0
01/02/1986,0.0
02/02/1986,0.0
03/02/1986,0.0
04/02/1986,0.0
05/02/1986,0.0
06/02/1986,0.0
07/02/1986,0.0
08/02/1986,0.0
09/02/1986,2.0
10/02/1986,0.0
11/02/1986,7.0
12/02/1986,0.0
13/02/1986,0.0
14/02/1986,0.0
15/02/1986,0.0
16/02/1986,0.0
17/02/1986,0.0
18/02/1986,0.0
19/02/1986,0.0
20/02/1986,0.0
21/02/1986,0.0
22/02/1986,0.0
23/02/1986,0.0
24/02/1986,0.0
25/02/1986,0.0
26/02/1986,0.0
27/02/1986,0.0
28/02/1986,0.0
01/03/1986,0.0
02/03/1986,19.0
03/03/1986,16.0
04/03/1986,4.0
05/03/1986,1.0
06/03/1986,12.0
07/03/1986,20.0
08/03/1986,18.0
09/03/1986,15.0
10/03/1986,6.0
11/03/1986,1.0
12/03/1986,0.0
13/03/1986,0.0
14/03/1986,0.0
15/03/1986,0.0
16/03/1986,0.0
17/03/1986,0.0
18/03/1986,0.0
19/03/1986,0.0
20/03/1986,0.0
21/03/1986,0.0
22/03/1986,0.0
23/03/1986,0.0
24/03/1986,0.0
25/03/1986,0.0
26/03/1986,0.0
27/03/1986,0.0
28/03/1986,0.0
29/03/1986,0.0
30/03/1986,0.0
31/03/1986,0.0
01/04/1986,0.0
02/04/1986,0.0
03/04/1986,0.0
04/04/1986,0.0
05/04/1986,0.0
06/04/1986,0.0
07/04/1986,0.0
08/04/1986,0.0
09/04/1986,0.0
10/04/1986,0.0
11/04/1986,0.0
12/04/1986,0.0
13/04/1986,0.0
14/04/1986,0.0
15/04/1986,0.0
16/04/1986,3.0
17/04/1986,0.0
18/04/1986,0.0
19/04/1986,0.0
20/04/1986,0.0
21/04/1986,0.0
22/04/1986,0.0
23/04/1986,0.0
24/04/1986,0.0
25/04/1986,0.0
26/04/1986,0.0
27/04/1986,0.0
28/04/1986,0.0
29/04/1986,0.0
30/04/1986,0.0
23/07/1986,50.5
27/07/1986,17.0
28/07/1986,0.0
29/07/1986,0.0
30/07/1986,0.0
31/07/1986,10.5
09/08/1986,10.5
10/08/1986,0.0
11/08/1986,0.0
12/08/1986,0.0
13/08/1986,0.0
14/08/1986,0.0
15/08/1986,11.0
16/08/1986,3.5
21/08/1986,3.5
09/09/1986,13.1
10/09/1986,8.4
11/09/1986,11.0
12/09/1986,19.5
13/09/1986,8.5
14/09/1986,66.5
15/09/1986,8.0
16/09/1986,6.5
17/09/1986,9.0
18/09/1986,2.0
19/09/1986,6.5
26/09/1986,12.9
27/09/1986,12.6
28/09/1986,12.0
29/09/1986,6.0
30/09/1986,12.5
01/10/1986,3.0
02/10/1986,0.0
03/10/1986,1.0
04/10/1986,3.0
05/10/1986,10.5
06/10/1986,32.0
07/10/1986,0.0
08/10/1986,24.5
09/10/1986,26.5
10/10/1986,6.5
11/10/1986,66.0
12/10/1986,0.0
13/10/1986,0.0
14/10/1986,0.5
15/10/1986,2.0
16/10/1986,23.5
17/10/1986,0.0
18/10/1986,15.5
19/10/1986,0.0
20/10/1986,2.5
21/10/1986,68.0
22/10/1986,0.0
23/10/1986,1.5
24/10/1986,0.0
25/10/1986,0.0
26/10/1986,0.0
27/10/1986,34.5
28/10/1986,2.0
29/10/1986,6.0
30/10/1986,0.0
31/10/1986,19.5
01/11/1986,0.0
02/11/1986,49.5
03/11/1986,0.5
04/11/1986,29.0
05/11/1986,3.0
06/11/1986,0.0
07/11/1986,36.0
08/11/1986,9.1
09/11/1986,2.9
10/11/1986,0.0
11/11/1986,14.5
12/11/1986,11.5
13/11/1986,5.0
14/11/1986,25.5
15/11/1986,2.5
16/11/1986,0.0
17/11/1986,0.0
18/11/1986,17.0
19/11/1986,8.5
20/11/1986,11.0
21/11/1986,20.0
22/11/1986,21.5
23/11/1986,4.5
24/11/1986,2.0
25/11/1986,41.4
26/11/1986,111.1
27/11/1986,255.2
28/11/1986,136.3
29/11/1986,148.0
30/11/1986,507.0
01/12/1986,329.7
02/12/1986,20.8
03/12/1986,11.4
04/12/1986,2.6
05/12/1986,0.0
06/12/1986,51.0
07/12/1986,28.5
08/12/1986,12.0
09/12/1986,32.0
10/12/1986,40.0
11/12/1986,6.5
12/12/1986,1.5
13/12/1986,0.0
14/12/1986,0.0
15/12/1986,0.0
16/12/1986,37.7
17/12/1986,88.3
18/12/1986,31.5
19/12/1986,45.0
20/12/1986,3.5
21/12/1986,18.0
22/12/1986,2.0
23/12/1986,0.5
24/12/1986,0.0
25/12/1986,1.5
26/12/1986,3.0
27/12/1986,6.0
28/12/1986,3.0
29/12/1986,55.5
30/12/1986,4.0
31/12/1986,0.0
01/01/1987,0.0
02/01/1987,0.0
03/01/1987,0.0
04/01/1987,0.0
05/01/1987,0.0
06/01/1987,12.0
07/01/1987,19.0
08/01/1987,25.5
09/01/1987,23.0
10/01/1987,14.0
11/01/1987,8.5
12/01/1987,2.5
13/01/1987,5.5
14/01/1987,3.0
15/01/1987,0.0
16/01/1987,17.0
17/01/1987,9.0
18/01/1987,0.0
19/01/1987,0.0
20/01/1987,2.5
21/01/1987,3.0
22/01/1987,0.0
23/01/1987,0.0
24/01/1987,3.5
25/01/1987,12.5
26/01/1987,1.0
27/01/1987,7.0
28/01/1987,26.0
29/01/1987,9.5
30/01/1987,0.0
31/01/1987,1.0
01/02/1987,1.0
02/02/1987,0.0
03/02/1987,2.0
04/02/1987,2.0
05/02/1987,0.0
06/02/1987,0.0
07/02/1987,0.0
08/02/1987,0.0
09/02/1987,0.5
10/02/1987,0.0
11/02/1987,0.0
12/02/1987,0.0
13/02/1987,0.0
14/02/1987,0.0
15/02/1987,0.0
16/02/1987,0.0
17/02/1987,0.0
18/02/1987,0.0
19/02/1987,0.0
20/02/1987,0.0
21/02/1987,0.0
22/02/1987,0.0
23/02/1987,0.0
24/02/1987,0.0
25/02/1987,0.0
26/02/1987,0.0
27/02/1987,0.0
28/02/1987,0.0
01/03/1987,8.5
02/03/1987,13.0
03/03/1987,6.5
04/03/1987,0.0
05/03/1987,89.8
06/03/1987,25.7
07/03/1987,0.0
08/03/1987,0.0
09/03/1987,0.0
10/03/1987,0.0
11/03/1987,0.0
12/03/1987,0.0
13/03/1987,0.0
14/03/1987,0.0
15/03/1987,0.0
16/03/1987,1.5
17/03/1987,4.0
18/03/1987,1.0
19/03/1987,6.0
20/03/1987,0.0
21/03/1987,0.0
22/03/1987,11.0
23/03/1987,0.0
24/03/1987,0.0
25/03/1987,0.0
26/03/1987,0.0
27/03/1987,0.0
28/03/1987,0.0
29/03/1987,0.0
30/03/1987,8.0
31/03/1987,9.0
01/04/1987,0.0
02/04/1987,0.0
03/04/1987,0.0
04/04/1987,0.0
05/04/1987,0.0
06/04/1987,0.0
07/04/1987,0.0
08/04/1987,2.5
09/04/1987,0.5
10/04/1987,1.5
11/04/1987,42.0
12/04/1987,0.0
13/04/1987,0.0
14/04/1987,0.0
15/04/1987,0.0
16/04/1987,1.5
17/04/1987,0.0
18/04/1987,33.5
19/04/1987,0.0
20/04/1987,0.0
21/04/1987,4.5
22/04/1987,24.0
23/04/1987,0.0
24/04/1987,14.0
25/04/1987,2.0
26/04/1987,2.0
27/04/1987,2.5
28/04/1987,16.5
29/04/1987,4.0
30/04/1987,0.0
01/05/1987,24.0
02/05/1987,0.5
03/05/1987,2.0
04/05/1987,31.0
05/05/1987,6.5
06/05/1987,0.0
07/05/1987,0.5
08/05/1987,0.0
09/05/1987,0.0
10/05/1987,0.0
11/05/1987,0.0
12/05/1987,7.0
13/05/1987,0.0
14/05/1987,0.0
15/05/1987,2.0
16/05/1987,0.0
17/05/1987,0.0
18/05/1987,3.0
19/05/1987,0.0
20/05/1987,0.0
21/05/1987,0.0
22/05/1987,0.0
23/05/1987,0.0
24/05/1987,0.0
25/05/1987,0.0
26/05/1987,0.0
27/05/1987,0.0
28/05/1987,0.0
29/05/1987,7.5
30/05/1987,0.0
31/05/1987,0.0
01/06/1987,0.0
02/06/1987,0.0
03/06/1987,0.0
04/06/1987,34.5
05/06/1987,122.5
06/06/1987,0.5
07/06/1987,18.5
08/06/1987,3.0
09/06/1987,0.0
10/06/1987,0.0
11/06/1987,0.0
12/06/1987,1.5
13/06/1987,0.5
14/06/1987,0.5
15/06/1987,0.0
16/06/1987,0.0
17/06/1987,0.0
18/06/1987,0.0
19/06/1987,0.0
20/06/1987,37.0
21/06/1987,0.0
22/06/1987,0.0
23/06/1987,43.0
24/06/1987,0.0
25/06/1987,0.0
26/06/1987,10.5
27/06/1987,0.0
28/06/1987,0.0
29/06/1987,0.0
30/06/1987,7.0
01/07/1987,0.0
02/07/1987,0.0
03/07/1987,0.0
04/07/1987,0.0
05/07/1987,0.0
06/07/1987,0.0
07/07/1987,0.0
08/07/1987,0.0
09/07/1987,0.0
10/07/1987,0.0
11/07/1987,0.0
12/07/1987,5.5
13/07/1987,0.0
14/07/1987,9.5
15/07/1987,0.5
16/07/1987,9.0
17/07/1987,6.5
18/07/1987,5.0
19/07/1987,0.5
20/07/1987,0.0
21/07/1987,0.5
22/07/1987,0.0
23/07/1987,0.0
24/07/1987,6.5
25/07/1987,4.0
26/07/1987,4.0
27/07/1987,2.5
28/07/1987,11.0
29/07/1987,0.0
30/07/1987,0.0
31/07/1987,0.0
01/08/1987,15.5
02/08/1987,0.0
03/08/1987,6.0
04/08/1987,0.0
05/08/1987,1.5
06/08/1987,1.5
07/08/1987,0.0
08/08/1987,2.5
09/08/1987,0.0
10/08/1987,0.5
11/08/1987,0.5
12/08/1987,32.5
13/08/1987,0.0
14/08/1987,16.0
15/08/1987,6.5
16/08/1987,12.0
17/08/1987,0.0
18/08/1987,0.0
19/08/1987,0.0
20/08/1987,0.0
21/08/1987,0.0
22/08/1987,0.0
23/08/1987,0.0
24/08/1987,9.0
25/08/1987,1.7
26/08/1987,0.6
27/08/1987,34.2
28/08/1987,50.5
29/08/1987,0.0
30/08/1987,0.0
31/08/1987,0.0
01/09/1987,0.5
02/09/1987,0.0
03/09/1987,37.5
04/09/1987,2.5
05/09/1987,0.0
06/09/1987,1.5
07/09/1987,24.4
08/09/1987,8.1
09/09/1987,30.0
10/09/1987,5.5
11/09/1987,25.0
12/09/1987,10.5
13/09/1987,22.5
14/09/1987,8.5
15/09/1987,36.5
16/09/1987,0.5
17/09/1987,13.0
18/09/1987,0.0
19/09/1987,0.0
20/09/1987,2.0
21/09/1987,19.0
22/09/1987,44.5
23/09/1987,0.0
24/09/1987,111.5
25/09/1987,0.0
26/09/1987,13.0
27/09/1987,5.0
28/09/1987,0.0
29/09/1987,0.0
30/09/1987,13.0
01/10/1987,12.5
02/10/1987,2.5
03/10/1987,20.5
04/10/1987,0.0
05/10/1987,18.0
06/10/1987,0.5
07/10/1987,12.6
08/10/1987,0.4
09/10/1987,3.5
10/10/1987,28.5
11/10/1987,2.0
12/10/1987,8.0
13/10/1987,0.0
14/10/1987,5.0
15/10/1987,0.0
16/10/1987,0.0
17/10/1987,0.0
18/10/1987,0.0
19/10/1987,1.0
20/10/1987,0.0
21/10/1987,0.0
22/10/1987,0.0
23/10/1987,0.0
24/10/1987,1.0
25/10/1987,16.0
26/10/1987,18.0
27/10/1987,10.5
28/10/1987,43.5
29/10/1987,0.0
30/10/1987,1.0
31/10/1987,0.0
01/11/1987,0.0
02/11/1987,0.0
03/11/1987,12.0
04/11/1987,1.5
05/11/1987,3.0
06/11/1987,0.0
07/11/1987,0.0
08/11/1987,5.1
09/11/1987,2.4
10/11/1987,12.0
11/11/1987,16.5
12/11/1987,4.5
13/11/1987,85.0
14/11/1987,0.0
15/11/1987,14.0
16/11/1987,26.5
17/11/1987,5.0
18/11/1987,0.5
19/11/1987,0.5
20/11/1987,1.5
21/11/1987,33.5
22/11/1987,28.0
23/11/1987,68.0
24/11/1987,17.5
25/11/1987,0.0
26/11/1987,14.5
27/11/1987,0.0
28/11/1987,1.5
29/11/1987,2.0
30/11/1987,9.5
01/12/1987,116.5
02/12/1987,94.2
03/12/1987,155.3
04/12/1987,11.0
05/12/1987,0.0
06/12/1987,242.5
07/12/1987,37.5
08/12/1987,22.5
09/12/1987,42.0
10/12/1987,94.0
11/12/1987,60.5
12/12/1987,54.3
13/12/1987,33.7
14/12/1987,58.0
15/12/1987,0.0
16/12/1987,0.5
17/12/1987,7.0
18/12/1987,1.0
19/12/1987,0.0
20/12/1987,0.0
21/12/1987,3.0
22/12/1987,0.0
23/12/1987,0.0
24/12/1987,0.0
25/12/1987,4.5
26/12/1987,14.5
27/12/1987,56.5
28/12/1987,77.5
29/12/1987,7.0
30/12/1987,0.0
31/12/1987,0.0
01/01/1988,2.0
02/01/1988,2.0
03/01/1988,18.9
04/01/1988,29.6
05/01/1988,2.0
06/01/1988,1.0
07/01/1988,0.0
08/01/1988,0.0
09/01/1988,7.0
10/01/1988,5.5
11/01/1988,14.0
12/01/1988,14.0
13/01/1988,7.0
14/01/1988,12.5
15/01/1988,2.5
16/01/1988,0.5
17/01/1988,0.0
18/01/1988,0.0
19/01/1988,0.0
20/01/1988,10.0
21/01/1988,0.0
22/01/1988,0.0
23/01/1988,0.0
24/01/1988,13.0
25/01/1988,7.5
26/01/1988,33.9
27/01/1988,19.6
28/01/1988,20.5
29/01/1988,0.0
30/01/1988,7.5
31/01/1988,9.0
01/02/1988,2.5
02/02/1988,0.0
03/02/1988,1.0
04/02/1988,0.0
05/02/1988,0.8
06/02/1988,0.7
07/02/1988,17.5
08/02/1988,0.0
09/02/1988,0.5
10/02/1988,2.0
11/02/1988,0.0
12/02/1988,0.0
13/02/1988,0.0
14/02/1988,0.0
15/02/1988,0.0
16/02/1988,0.0
17/02/1988,0.0
18/02/1988,0.5
19/02/1988,2.0
20/02/1988,8.0
21/02/1988,24.5
22/02/1988,0.0
23/02/1988,2.5
24/02/1988,3.5
25/02/1988,0.0
26/02/1988,0.5
27/02/1988,0.0
28/02/1988,0.5
29/02/1988,0.0
01/03/1988,0.0
02/03/1988,0.0
03/03/1988,0.0
04/03/1988,20.5
05/03/1988,3.0
06/03/1988,49.5
07/03/1988,168.3
08/03/1988,73.2
09/03/1988,33.5
10/03/1988,9.5
11/03/1988,0.5
12/03/1988,0.0
13/03/1988,0.0
14/03/1988,0.0
15/03/1988,0.0
16/03/1988,0.0
17/03/1988,0.0
18/03/1988,0.5
19/03/1988,1.0
10/04/1988,48.5
11/04/1988,31.5
12/04/1988,10.0
13/04/1988,0.0
14/04/1988,0.0
15/04/1988,0.4
16/04/1988,12.1
17/04/1988,0.0
18/04/1988,10.0
19/04/1988,0.0
20/04/1988,0.0
21/04/1988,0.0
13/09/1988,5.0
14/09/1988,0.0
15/09/1988,21.0
16/09/1988,0.5
17/09/1988,57.3
18/09/1988,2.2
19/09/1988,0.0
20/09/1988,0.0
21/09/1988,15.5
22/09/1988,0.0
23/09/1988,0.5
24/09/1988,0.0
25/09/1988,17.5
26/09/1988,0.0
27/09/1988,4.2
28/09/1988,0.8
29/09/1988,45.6
30/09/1988,2.0
01/10/1988,4.9
02/10/1988,8.5
03/10/1988,0.5
04/10/1988,0.0
05/10/1988,0.0
06/10/1988,0.0
07/10/1988,0.0
08/10/1988,2.0
09/10/1988,0.5
10/10/1988,1.5
11/10/1988,0.0
12/10/1988,0.0
13/10/1988,8.0
14/10/1988,5.5
15/10/1988,0.5
16/10/1988,0.0
17/10/1988,16.8
11/01/1989,39.5
12/01/1989,23.5
13/01/1989,20.5
14/01/1989,25.0
15/01/1989,10.5
16/01/1989,20.5
17/01/1989,15.0
18/01/1989,17.5
19/01/1989,0.0
20/01/1989,0.0
21/01/1989,0.5
22/01/1989,11.5
23/01/1989,37.0
24/01/1989,0.0
25/01/1989,0.0
26/01/1989,0.0
27/01/1989,0.0
28/01/1989,0.0
29/01/1989,0.0
30/01/1989,14.5
31/01/1989,26.5
01/02/1989,3.5
02/02/1989,0.0
03/02/1989,0.0
04/02/1989,0.0
05/02/1989,0.0
06/02/1989,0.0
07/02/1989,0.0
08/02/1989,0.0
09/02/1989,0.0
10/02/1989,0.0
11/02/1989,0.0
12/02/1989,0.0
13/02/1989,0.0
14/02/1989,0.0
15/02/1989,0.0
16/02/1989,0.0
17/02/1989,0.0
18/02/1989,0.0
19/02/1989,0.5
20/02/1989,0.0
21/02/1989,0.0
22/02/1989,3.0
23/02/1989,19.5
24/02/1989,2.0
25/02/1989,0.0
26/02/1989,0.0
27/02/1989,3.5
28/02/1989,8.0
01/03/1989,0.0
02/03/1989,0.0
03/03/1989,0.0
04/03/1989,0.0
05/03/1989,4.0
06/03/1989,50.0
07/03/1989,14.5
08/03/1989,0.0
09/03/1989,9.0
10/03/1989,1.0
11/03/1989,0.5
12/03/1989,0.0
13/03/1989,0.0
14/03/1989,0.0
15/03/1989,0.0
16/03/1989,2.0
17/03/1989,75.0
18/03/1989,0.0
19/03/1989,0.0
20/03/1989,0.5
21/03/1989,3.0
22/03/1989,7.0
23/03/1989,9.0
24/03/1989,0.0
25/03/1989,0.0
26/03/1989,0.0
27/03/1989,0.0
28/03/1989,10.0
29/03/1989,0.5
30/03/1989,1.5
31/03/1989,0.0
01/04/1989,17.0
02/04/1989,0.0
03/04/1989,0.0
04/04/1989,0.0
05/04/1989,1.0
06/04/1989,0.5
07/04/1989,0.0
08/04/1989,0.0
09/04/1989,0.0
10/04/1989,8.0
11/04/1989,0.0
12/04/1989,29.0
13/04/1989,1.5
14/04/1989,40.5
15/04/1989,0.0
16/04/1989,0.5
17/04/1989,4.5
18/04/1989,0.0
19/04/1989,0.0
20/04/1989,2.0
21/04/1989,22.5
22/04/1989,0.0
23/04/1989,0.0
24/04/1989,24.0
25/04/1989,0.0
26/04/1989,16.0
27/04/1989,0.0
28/04/1989,19.0
29/04/1989,1.0
30/04/1989,0.0
01/05/1989,82.5
02/05/1989,0.5
03/05/1989,40.0
04/05/1989,0.5
05/05/1989,4.5
06/05/1989,0.0
07/05/1989,1.5
08/05/1989,0.0
09/05/1989,0.5
10/05/1989,0.0
11/05/1989,0.0
12/05/1989,9.5
13/05/1989,55.0
14/05/1989,0.0
15/05/1989,0.0
16/05/1989,2.5
17/05/1989,0.0
18/05/1989,16.5
19/05/1989,0.5
20/05/1989,0.0
21/05/1989,7.6
22/05/1989,0.9
23/05/1989,1.0
24/05/1989,8.0
25/05/1989,0.5
26/05/1989,0.0
27/05/1989,0.0
28/05/1989,6.0
29/05/1989,6.5
30/05/1989,8.5
31/05/1989,70.0
01/06/1989,0.0
02/06/1989,0.0
03/06/1989,0.0
04/06/1989,2.5
05/06/1989,0.0
06/06/1989,104.0
07/06/1989,0.5
08/06/1989,0.0
09/06/1989,25.0
10/06/1989,0.0
11/06/1989,0.0
12/06/1989,4.5
13/06/1989,0.0
14/06/1989,20.0
15/06/1989,0.0
16/06/1989,0.0
17/06/1989,0.0
18/06/1989,32.5
19/06/1989,0.5
20/06/1989,0.5
21/06/1989,0.0
22/06/1989,28.0
23/06/1989,18.5
24/06/1989,0.0
25/06/1989,1.0
26/06/1989,0.0
27/06/1989,0.5
28/06/1989,5.0
29/06/1989,0.5
30/06/1989,0.5
01/07/1989,1.0
02/07/1989,0.0
03/07/1989,2.5
04/07/1989,0.0
05/07/1989,0.0
06/07/1989,4.5
07/07/1989,12.5
08/07/1989,16.0
09/07/1989,0.5
10/07/1989,0.0
11/07/1989,0.5
12/07/1989,31.5
13/07/1989,0.0
14/07/1989,4.0
15/07/1989,0.0
16/07/1989,1.5
17/07/1989,0.0
18/07/1989,15.0
19/07/1989,14.0
20/07/1989,0.0
21/07/1989,0.0
22/07/1989,0.0
23/07/1989,0.0
24/07/1989,10.5
25/07/1989,1.5
26/07/1989,0.0
27/07/1989,0.0
28/07/1989,24.5
29/07/1989,7.5
30/07/1989,0.5
31/07/1989,0.0
01/08/1989,0.0
02/08/1989,2.5
03/08/1989,0.0
04/08/1989,4.5
05/08/1989,0.5
06/08/1989,0.0
07/08/1989,13.2
08/08/1989,1.3
09/08/1989,33.0
10/08/1989,0.0
11/08/1989,7.0
12/08/1989,0.0
13/08/1989,0.0
14/08/1989,0.0
15/08/1989,0.0
16/08/1989,0.0
17/08/1989,0.0
18/08/1989,17.5
19/08/1989,6.0
20/08/1989,0.0
21/08/1989,0.0
22/08/1989,3.0
23/08/1989,0.0
24/08/1989,0.0
25/08/1989,1.0
26/08/1989,0.0
27/08/1989,0.0
28/08/1989,6.5
29/08/1989,30.0
30/08/1989,0.0
31/08/1989,0.0
01/09/1989,0.0
02/09/1989,3.5
03/09/1989,0.5
04/09/1989,8.0
05/09/1989,1.0
06/09/1989,0.0
07/09/1989,0.0
08/09/1989,1.5
09/09/1989,8.5
10/09/1989,0.0
11/09/1989,5.5
12/09/1989,9.5
13/09/1989,1.0
14/09/1989,12.0
15/09/1989,0.0
16/09/1989,16.0
17/09/1989,0.0
18/09/1989,0.0
19/09/1989,0.0
20/09/1989,3.5
21/09/1989,0.0
22/09/1989,0.0
23/09/1989,26.0
24/09/1989,0.5
25/09/1989,20.0
26/09/1989,0.0
27/09/1989,0.5
28/09/1989,0.5
29/09/1989,20.0
30/09/1989,20.0
01/10/1989,34.5
02/10/1989,27.0
03/10/1989,10.5
04/10/1989,1.0
05/10/1989,23.0
06/10/1989,0.0
07/10/1989,1.0
08/10/1989,4.0
09/10/1989,20.0
10/10/1989,1.0
11/10/1989,1.0
12/10/1989,8.0
13/10/1989,17.5
14/10/1989,2.0
15/10/1989,22.0
16/10/1989,4.5
17/10/1989,0.0
18/10/1989,0.0
19/10/1989,0.0
20/10/1989,0.0
21/10/1989,0.0
22/10/1989,0.0
23/10/1989,11.0
24/10/1989,0.0
25/10/1989,0.0
26/10/1989,0.0
27/10/1989,2.0
28/10/1989,6.5
29/10/1989,2.0
30/10/1989,0.0
31/10/1989,10.0
01/11/1989,14.0
02/11/1989,1.0
03/11/1989,3.5
04/11/1989,0.5
05/11/1989,26.5
06/11/1989,12.0
07/11/1989,0.5
08/11/1989,0.5
09/11/1989,5.5
10/11/1989,2.5
11/11/1989,2.5
12/11/1989,0.0
13/11/1989,0.0
14/11/1989,14.1
15/11/1989,44.4
16/11/1989,23.5
17/11/1989,51.5
18/11/1989,55.0
19/11/1989,0.5
20/11/1989,9.0
21/11/1989,24.0
22/11/1989,3.0
23/11/1989,0.0
24/11/1989,0.0
25/11/1989,3.5
26/11/1989,0.5
27/11/1989,0.0
28/11/1989,23.0
29/11/1989,14.0
30/11/1989,28.1
01/12/1989,101.9
02/12/1989,8.0
03/12/1989,1.5
04/12/1989,0.0
05/12/1989,0.0
06/12/1989,0.5
07/12/1989,0.0
08/12/1989,11.5
09/12/1989,7.0
10/12/1989,0.0
11/12/1989,4.0
12/12/1989,50.0
13/12/1989,3.0
14/12/1989,5.0
15/12/1989,1.5
16/12/1989,0.5
17/12/1989,2.0
18/12/1989,0.0
19/12/1989,0.5
20/12/1989,2.0
21/12/1989,0.0
22/12/1989,24.5
23/12/1989,2.0
24/12/1989,48.5
25/12/1989,8.0
26/12/1989,0.0
27/12/1989,0.0
28/12/1989,16.0
29/12/1989,2.5
30/12/1989,42.5
31/12/1989,8.5
01/01/1990,0.0
02/01/1990,0.0
03/01/1990,0.0
04/01/1990,0.0
05/01/1990,15.5
06/01/1990,0.5
07/01/1990,0.0
08/01/1990,83.5
09/01/1990,2.0
10/01/1990,0.0
11/01/1990,21.5
12/01/1990,40.5
13/01/1990,13.0
14/01/1990,7.5
15/01/1990,1.0
16/01/1990,0.0
17/01/1990,10.0
18/01/1990,0.0
19/01/1990,0.0
20/01/1990,0.0
21/01/1990,18.5
22/01/1990,14.5
23/01/1990,0.5
24/01/1990,0.0
25/01/1990,0.0
26/01/1990,0.0
27/01/1990,0.0
28/01/1990,0.0
29/01/1990,0.0
30/01/1990,0.0
31/01/1990,5.5
01/02/1990,0.0
02/02/1990,5.5
03/02/1990,17.5
04/02/1990,13.5
05/02/1990,3.0
06/02/1990,9.5
07/02/1990,13.5
08/02/1990,3.0
09/02/1990,6.5
10/02/1990,10.5
11/02/1990,2.0
12/02/1990,6.5
13/02/1990,0.0
14/02/1990,0.0
15/02/1990,0.0
16/02/1990,0.0
17/02/1990,0.0
18/02/1990,0.0
19/02/1990,0.0
20/02/1990,0.0
21/02/1990,0.0
22/02/1990,0.0
23/02/1990,0.0
24/02/1990,0.0
25/02/1990,0.0
26/02/1990,0.0
27/02/1990,0.0
28/02/1990,0.0
01/03/1990,0.0
02/03/1990,0.0
03/03/1990,0.0
04/03/1990,0.0
05/03/1990,0.0
06/03/1990,0.0
07/03/1990,12.0
08/03/1990,0.5
05/04/1990,0.5
06/04/1990,54.0
07/04/1990,21.0
08/04/1990,0.0
09/04/1990,51.5
10/04/1990,0.0
11/04/1990,28.0
12/04/1990,17.5
13/04/1990,56.0
14/04/1990,0.0
15/04/1990,0.0
16/04/1990,1.0
17/04/1990,54.0
18/04/1990,0.0
19/04/1990,0.0
20/04/1990,0.0
21/04/1990,0.0
22/04/1990,0.0
23/04/1990,0.0
24/04/1990,5.5
25/04/1990,25.0
26/04/1990,0.0
27/04/1990,1.0
28/04/1990,0.0
29/04/1990,4.5
30/04/1990,1.5
01/05/1990,5.5
02/05/1990,1.0
03/05/1990,3.5
04/05/1990,0.0
05/05/1990,0.0
06/05/1990,12.5
07/05/1990,42.5
08/05/1990,0.0
09/05/1990,0.5
10/05/1990,0.0
11/05/1990,0.0
12/05/1990,0.0
13/05/1990,0.0
14/05/1990,0.0
15/05/1990,0.0
16/05/1990,52.0
17/05/1990,62.5
18/05/1990,7.5
19/05/1990,22.5
29/05/1990,0.5
30/05/1990,15.0
01/07/1990,18.0
02/07/1990,0.0
03/07/1990,0.0
04/07/1990,0.0
05/07/1990,0.0
06/07/1990,0.0
07/07/1990,0.0
08/07/1990,0.0
09/07/1990,0.0
10/07/1990,0.0
11/07/1990,0.0
12/07/1990,0.0
13/07/1990,2.5
14/07/1990,6.5
15/07/1990,7.5
16/07/1990,1.0
17/07/1990,0.0
18/07/1990,10.5
19/07/1990,0.0
20/07/1990,0.0
04/09/1990,30.0
05/09/1990,4.5
06/09/1990,0.0
07/09/1990,2.0
08/09/1990,5.0
09/09/1990,0.0
10/09/1990,0.0
11/09/1990,8.0
12/09/1990,25.5
13/09/1990,0.0
14/09/1990,0.0
15/09/1990,0.0
16/09/1990,0.0
17/09/1990,20.5
18/09/1990,29.5
19/09/1990,2.5
20/09/1990,0.0
21/09/1990,8.0
22/09/1990,0.0
23/09/1990,9.5
24/09/1990,4.0
25/09/1990,0.0
26/09/1990,2.0
27/09/1990,1.5
28/09/1990,0.0
29/09/1990,4.5
30/09/1990,35.0
01/10/1990,6.0
02/10/1990,1.5
03/10/1990,2.5
04/10/1990,0.0
05/10/1990,0.5
06/10/1990,0.0
07/10/1990,6.5
08/10/1990,0.5
09/10/1990,0.0
10/10/1990,0.0
11/10/1990,9.5
12/10/1990,4.0
13/10/1990,13.5
14/10/1990,1.0
15/10/1990,0.0
16/10/1990,4.5
17/10/1990,0.0
18/10/1990,8.0
19/10/1990,8.5
20/10/1990,0.0
21/10/1990,2.0
22/10/1990,0.0
23/10/1990,0.0
24/10/1990,3.0
25/10/1990,1.0
26/10/1990,10.5
27/10/1990,0.5
28/10/1990,7.0
29/10/1990,1.5
30/10/1990,8.0
31/10/1990,6.5
01/11/1990,1.0
02/11/1990,4.0
03/11/1990,0.0
04/11/1990,2.0
05/11/1990,0.0
06/11/1990,0.0
07/11/1990,4.0
08/11/1990,0.5
09/11/1990,0.0
10/11/1990,0.0
11/11/1990,0.0
12/11/1990,0.0
13/11/1990,0.0
14/11/1990,0.0
12/12/1990,61.0
13/12/1990,0.0
14/12/1990,14.5
15/12/1990,19.5
16/12/1990,32.5
17/12/1990,91.0
18/12/1990,13.5
19/12/1990,25.0
20/12/1990,2.0
21/12/1990,7.5
22/12/1990,4.0
23/12/1990,0.0
24/12/1990,0.0
25/12/1990,0.0
26/12/1990,0.0
27/12/1990,0.0
28/12/1990,6.0
29/12/1990,0.0
30/12/1990,0.0
31/12/1990,0.0
01/01/1991,11.0
02/01/1991,7.5
03/01/1991,2.5
04/01/1991,1.0
05/01/1991,2.0
06/01/1991,0.0
07/01/1991,0.5
08/01/1991,1.0
09/01/1991,4.5
10/01/1991,0.0
11/01/1991,0.0
12/01/1991,0.0
13/01/1991,36.0
14/01/1991,17.0
15/01/1991,8.5
16/01/1991,15.0
17/01/1991,7.5
18/01/1991,3.0
19/01/1991,1.5
20/01/1991,0.0
21/01/1991,0.0
22/01/1991,39.5
23/01/1991,0.0
24/01/1991,51.5
25/01/1991,25.0
26/01/1991,147.7
27/01/1991,129.4
28/01/1991,18.9
29/01/1991,2.5
30/01/1991,36.0
31/01/1991,3.0
01/02/1991,0.0
02/02/1991,1.0
03/02/1991,3.0
04/02/1991,0.0
05/02/1991,0.0
06/02/1991,0.0
07/02/1991,0.0
08/02/1991,0.0
09/02/1991,0.0
10/02/1991,0.0
11/02/1991,0.0
12/02/1991,0.0
13/02/1991,0.0
14/02/1991,0.0
15/02/1991,0.0
16/02/1991,0.0
17/02/1991,0.0
18/02/1991,0.0
19/02/1991,0.0
20/02/1991,0.0
21/02/1991,1.0
22/02/1991,1.0
23/02/1991,2.0
24/02/1991,6.5
25/02/1991,2.5
26/02/1991,22.5
27/02/1991,40.0
28/02/1991,12.0
01/03/1991,5.5
02/03/1991,0.0
03/03/1991,0.0
04/03/1991,0.0
05/03/1991,0.0
06/03/1991,0.0
07/03/1991,0.0
08/03/1991,0.0
09/03/1991,0.0
10/03/1991,0.0
11/03/1991,0.0
12/03/1991,0.0
13/03/1991,0.0
14/03/1991,0.0
15/03/1991,0.0
16/03/1991,0.0
17/03/1991,0.0
18/03/1991,0.5
19/03/1991,15.5
20/03/1991,11.0
21/03/1991,3.0
22/03/1991,0.0
23/03/1991,0.0
24/03/1991,0.0
25/03/1991,0.0
26/03/1991,3.5
27/03/1991,0.5
28/03/1991,3.2
29/03/1991,2.3
30/03/1991,0.0
31/03/1991,21.0
01/04/1991,0.0
02/04/1991,7.0
03/04/1991,41.0
04/04/1991,71.5
05/04/1991,2.5
06/04/1991,0.0
07/04/1991,62.5
08/04/1991,0.0
09/04/1991,0.0
10/04/1991,0.0
11/04/1991,0.0
12/04/1991,0.0
13/04/1991,0.0
14/04/1991,0.0
15/04/1991,0.0
16/04/1991,0.0
17/04/1991,0.0
18/04/1991,0.0
19/04/1991,0.0
20/04/1991,0.0
21/04/1991,0.0
22/04/1991,0.0
23/04/1991,0.0
24/04/1991,0.5
25/04/1991,12.5
26/04/1991,0.0
27/04/1991,0.0
28/04/1991,0.0
29/04/1991,0.0
30/04/1991,0.0
01/05/1991,5.0
02/05/1991,0.5
03/05/1991,1.5
04/05/1991,0.5
05/05/1991,14.0
06/05/1991,40.5
07/05/1991,1.5
08/05/1991,0.0
09/05/1991,0.0
10/05/1991,2.0
11/05/1991,0.0
12/05/1991,0.0
13/05/1991,0.0
14/05/1991,21.5
15/05/1991,73.5
16/05/1991,0.0
17/05/1991,0.0
18/05/1991,0.0
19/05/1991,3.0
20/05/1991,4.0
21/05/1991,1.0
22/05/1991,22.5
23/05/1991,3.3
24/05/1991,5.2
25/05/1991,0.0
26/05/1991,0.0
27/05/1991,3.0
28/05/1991,0.0
29/05/1991,0.0
30/05/1991,0.5
31/05/1991,0.5
01/06/1991,1.5
02/06/1991,4.0
03/06/1991,20.3
04/06/1991,20.7
05/06/1991,3.0
06/06/1991,0.5
07/06/1991,0.0
08/06/1991,0.0
09/06/1991,0.0
10/06/1991,0.0
11/06/1991,0.0
12/06/1991,0.0
13/06/1991,0.0
14/06/1991,0.0
15/06/1991,0.0
16/06/1991,4.5
17/06/1991,0.0
18/06/1991,0.0
19/06/1991,0.0
20/06/1991,0.0
21/06/1991,0.0
22/06/1991,0.0
23/06/1991,0.0
24/06/1991,0.0
25/06/1991,0.0
26/06/1991,0.0
27/06/1991,0.0
28/06/1991,0.5
29/06/1991,0.0
30/06/1991,2.0
01/07/1991,38.0
02/07/1991,10.0
03/07/1991,0.0
04/07/1991,20.5
05/07/1991,4.5
06/07/1991,8.0
07/07/1991,8.5
08/07/1991,0.0
09/07/1991,0.0
10/07/1991,0.0
11/07/1991,0.0
12/07/1991,0.0
13/07/1991,0.0
14/07/1991,0.0
15/07/1991,0.0
16/07/1991,0.0
17/07/1991,0.0
18/07/1991,1.5
19/07/1991,5.5
20/07/1991,2.5
21/07/1991,4.0
22/07/1991,0.0
23/07/1991,0.0
24/07/1991,0.0
25/07/1991,0.0
26/07/1991,0.0
27/07/1991,0.0
28/07/1991,0.0
29/07/1991,0.0
30/07/1991,0.0
31/07/1991,0.0
01/08/1991,0.0
02/08/1991,0.0
03/08/1991,0.0
04/08/1991,0.0
05/08/1991,6.0
06/08/1991,19.4
07/08/1991,0.6
08/08/1991,3.0
09/08/1991,59.0
10/08/1991,0.5
11/08/1991,0.0
12/08/1991,7.0
13/08/1991,0.5
14/08/1991,0.0
15/08/1991,0.0
16/08/1991,0.0
17/08/1991,0.0
18/08/1991,0.0
19/08/1991,0.0
20/08/1991,0.0
21/08/1991,0.0
22/08/1991,0.0
23/08/1991,0.5
24/08/1991,0.0
25/08/1991,0.0
26/08/1991,0.0
27/08/1991,1.5
28/08/1991,0.0
29/08/1991,0.0
30/08/1991,0.0
31/08/1991,0.0
01/09/1991,0.0
02/09/1991,0.0
03/09/1991,0.0
04/09/1991,0.0
05/09/1991,0.0
06/09/1991,0.0
03/11/1991,0.4
04/11/1991,85.6
05/11/1991,20.0
06/11/1991,17.0
07/11/1991,10.5
08/11/1991,5.3
09/11/1991,5.7
10/11/1991,0.0
11/11/1991,0.0
12/11/1991,8.0
13/11/1991,37.5
14/11/1991,0.0
15/11/1991,14.0
16/11/1991,22.5
17/11/1991,99.0
18/11/1991,125.2
19/11/1991,154.3
20/11/1991,3.0
21/11/1991,19.5
22/11/1991,41.0
23/11/1991,0.0
24/11/1991,0.0
25/11/1991,0.0
26/11/1991,0.5
27/11/1991,1.0
28/11/1991,44.5
29/11/1991,0.0
30/11/1991,0.5
01/12/1991,0.0
02/12/1991,0.0
03/12/1991,0.0
04/12/1991,3.5
05/12/1991,7.5
06/12/1991,41.0
07/12/1991,9.5
08/12/1991,1.0
09/12/1991,71.5
10/12/1991,0.0
11/12/1991,0.0
12/12/1991,4.5
13/12/1991,9.5
14/12/1991,3.0
15/12/1991,0.0
16/12/1991,35.5
17/12/1991,13.0
18/12/1991,4.5
19/12/1991,9.0
20/12/1991,14.5
21/12/1991,2.5
22/12/1991,6.0
23/12/1991,7.5
24/12/1991,3.0
25/12/1991,2.5
26/12/1991,0.0
27/12/1991,0.0
28/12/1991,3.5
29/12/1991,16.2
30/12/1991,12.3
31/12/1991,0.0
01/01/1992,0.0
02/01/1992,0.0
03/01/1992,0.0
04/01/1992,0.0
05/01/1992,0.0
06/01/1992,0.0
07/01/1992,0.0
08/01/1992,0.0
09/01/1992,0.0
10/01/1992,0.0
11/01/1992,0.0
12/01/1992,0.0
13/01/1992,0.0
14/01/1992,0.0
15/01/1992,29.5
16/01/1992,17.5
17/01/1992,0.0
15/06/1992,0.0
16/06/1992,0.0
17/06/1992,0.0
18/06/1992,0.0
19/06/1992,0.0
20/06/1992,0.0
21/06/1992,0.0
22/06/1992,0.0
23/06/1992,0.0
24/06/1992,0.0
25/06/1992,0.0
26/06/1992,0.0
27/06/1992,0.0
28/06/1992,0.0
29/06/1992,0.0
30/06/1992,0.0
01/07/1992,0.0
02/07/1992,0.4
03/07/1992,0.6
04/07/1992,0.0
05/07/1992,0.0
06/07/1992,0.0
07/07/1992,0.0
08/07/1992,0.0
09/07/1992,0.0
10/07/1992,0.0
11/07/1992,0.0
12/07/1992,1.0
13/07/1992,0.0
14/07/1992,0.0
15/07/1992,0.0
16/07/1992,0.0
17/07/1992,0.0
18/07/1992,0.0
19/07/1992,0.0
20/07/1992,0.0
21/07/1992,1.0
22/07/1992,0.0
23/07/1992,0.0
24/07/1992,0.0
25/07/1992,0.0
26/07/1992,0.0
27/07/1992,0.0
28/07/1992,0.0
29/07/1992,0.0
30/07/1992,0.0
31/07/1992,0.0
01/08/1992,0.0
02/08/1992,0.0
03/08/1992,0.0
04/08/1992,0.0
05/08/1992,0.0
06/08/1992,0.0
07/08/1992,0.0
08/08/1992,0.0
09/08/1992,0.0
13/09/1992,0.0
14/09/1992,0.0
15/09/1992,0.0
16/09/1992,1.5
17/09/1992,0.0
18/09/1992,9.0
19/09/1992,3.5
20/09/1992,2.0
21/09/1992,41.5
22/09/1992,0.0
23/09/1992,0.0
24/09/1992,0.0
25/09/1992,0.0
26/09/1992,0.0
27/09/1992,0.0
28/09/1992,0.0
29/09/1992,0.0
30/09/1992,0.0
01/10/1992,0.0
02/10/1992,0.0
03/10/1992,0.0
04/10/1992,0.0
05/10/1992,0.0
06/10/1992,0.0
07/10/1992,0.0
08/10/1992,19.5
09/10/1992,9.0
10/10/1992,2.5
11/10/1992,10.0
12/10/1992,0.0
13/10/1992,0.0
14/10/1992,23.8
15/10/1992,2.7
16/10/1992,1.0
17/10/1992,0.5
18/10/1992,0.0
19/10/1992,0.0
20/10/1992,0.5
21/10/1992,0.0
22/10/1992,0.0
23/10/1992,0.0
24/10/1992,0.0
25/10/1992,14.0
26/10/1992,2.0
27/10/1992,8.0
28/10/1992,13.5
29/10/1992,8.5
30/10/1992,0.5
31/10/1992,4.5
01/11/1992,3.5
02/11/1992,12.0
03/11/1992,35.5
04/11/1992,31.0
05/11/1992,12.5
06/11/1992,1.0
07/11/1992,29.0
08/11/1992,26.0
09/11/1992,52.0
10/11/1992,10.5
11/11/1992,126.5
12/11/1992,85.2
13/11/1992,18.3
14/11/1992,18.0
15/11/1992,93.2
16/11/1992,124.3
17/11/1992,50.0
18/11/1992,39.5
19/11/1992,19.5
20/11/1992,2.5
21/11/1992,23.5
22/11/1992,48.5
23/11/1992,18.5
24/11/1992,15.0
25/11/1992,74.5
26/11/1992,3.5
27/11/1992,1.5
28/11/1992,8.5
29/11/1992,14.0
30/11/1992,0.0
01/12/1992,3.0
02/12/1992,1.0
03/12/1992,10.5
04/12/1992,39.0
05/12/1992,39.0
06/12/1992,59.0
07/12/1992,66.0
08/12/1992,79.8
09/12/1992,130.7
10/12/1992,5.5
11/12/1992,5.5
12/12/1992,10.0
13/12/1992,2.5
14/12/1992,0.0
15/12/1992,0.0
16/12/1992,0.0
17/12/1992,4.0
18/12/1992,5.5
19/12/1992,2.0
20/12/1992,18.0
21/12/1992,25.0
22/12/1992,52.5
23/12/1992,150.0
24/12/1992,231.0
25/12/1992,36.1
26/12/1992,99.4
27/12/1992,8.5
28/12/1992,1.5
29/12/1992,6.5
30/12/1992,2.5
31/12/1992,16.0
01/01/1993,15.9
02/01/1993,4.1
03/01/1993,4.5
04/01/1993,23.0
05/01/1993,13.5
06/01/1993,1.0
07/01/1993,0.0
08/01/1993,3.5
09/01/1993,13.0
10/01/1993,53.5
11/01/1993,3.0
12/01/1993,1.0
13/01/1993,9.5
14/01/1993,18.5
15/01/1993,0.0
16/01/1993,0.0
17/01/1993,25.0
18/01/1993,6.0
19/01/1993,2.0
20/01/1993,28.5
21/01/1993,15.5
22/01/1993,18.5
23/01/1993,0.0
24/01/1993,0.5
25/01/1993,0.0
26/01/1993,0.0
27/01/1993,1.0
28/01/1993,32.0
29/01/1993,28.5
30/01/1993,1.0
31/01/1993,0.5
01/02/1993,21.5
02/02/1993,27.0
03/02/1993,2.0
04/02/1993,3.0
05/02/1993,0.5
06/02/1993,0.0
07/02/1993,0.0
08/02/1993,0.0
09/02/1993,0.0
10/02/1993,5.0
11/02/1993,2.5
12/02/1993,8.0
13/02/1993,0.5
14/02/1993,0.0
15/02/1993,0.0
16/02/1993,0.0
17/02/1993,0.0
18/02/1993,0.0
19/02/1993,0.0
20/02/1993,0.0
21/02/1993,0.0
22/02/1993,0.0
23/02/1993,0.0
24/02/1993,0.0
25/02/1993,11.0
26/02/1993,39.0
27/02/1993,28.5
28/02/1993,0.0
01/03/1993,13.5
02/03/1993,2.0
03/03/1993,0.0
04/03/1993,0.0
05/03/1993,0.0
16/03/1993,0.0
17/03/1993,0.0
18/03/1993,0.0
19/03/1993,0.0
20/03/1993,9.5
21/03/1993,0.5
22/03/1993,0.0
23/03/1993,0.0
24/03/1993,2.0
25/03/1993,0.0
26/03/1993,0.0
27/03/1993,0.0
28/03/1993,0.0
29/03/1993,0.0
30/03/1993,0.0
31/03/1993,0.0
01/04/1993,0.0
02/04/1993,7.0
03/04/1993,10.5
04/04/1993,0.0
05/04/1993,0.0
06/04/1993,0.0
07/04/1993,0.0
08/04/1993,0.0
09/04/1993,6.0
10/04/1993,30.5
11/04/1993,31.0
12/04/1993,21.5
13/04/1993,1.0
14/04/1993,42.5
15/04/1993,10.5
16/04/1993,2.5
17/04/1993,44.5
18/04/1993,4.0
19/04/1993,0.5
20/04/1993,0.0
21/04/1993,0.0
22/04/1993,0.0
23/04/1993,1.3
24/04/1993,0.2
25/04/1993,0.0
26/04/1993,0.0
27/04/1993,0.0
28/04/1993,0.0
29/04/1993,0.0
30/04/1993,0.0
01/05/1993,0.0
02/05/1993,0.0
03/05/1993,0.0
04/05/1993,0.0
05/05/1993,0.0
06/05/1993,0.0
07/05/1993,0.0
08/05/1993,0.0
09/05/1993,3.0
10/05/1993,7.5
11/05/1993,0.0
12/05/1993,0.0
13/05/1993,0.0
14/05/1993,0.0
15/05/1993,0.0
16/05/1993,7.0
17/05/1993,44.5
18/05/1993,2.5
19/05/1993,1.5
20/05/1993,4.0
21/05/1993,0.0
22/05/1993,0.0
23/05/1993,0.0
24/05/1993,0.0
25/05/1993,3.0
26/05/1993,0.0
27/05/1993,0.5
28/05/1993,3.5
29/05/1993,0.0
30/05/1993,0.0
31/05/1993,0.0
01/06/1993,0.0
02/06/1993,15.5
03/06/1993,4.5
04/06/1993,1.5
05/06/1993,6.5
06/06/1993,16.5
07/06/1993,0.0
08/06/1993,47.0
09/06/1993,3.0
10/06/1993,15.0
11/06/1993,4.0
12/06/1993,0.0
13/06/1993,10.5
14/06/1993,1.5
15/06/1993,2.5
16/06/1993,0.0
17/06/1993,20.0
18/06/1993,0.0
19/06/1993,3.0
20/06/1993,0.5
21/06/1993,0.0
22/06/1993,2.5
23/06/1993,26.5
24/06/1993,0.0
25/06/1993,2.5
26/06/1993,0.0
27/06/1993,0.0
28/06/1993,1.5
29/06/1993,0.0
30/06/1993,1.0
01/07/1993,0.0
02/07/1993,0.0
03/07/1993,42.0
04/07/1993,0.5
05/07/1993,8.0
06/07/1993,0.0
07/07/1993,0.0
08/07/1993,2.0
09/07/1993,0.0
10/07/1993,0.0
11/07/1993,0.0
12/07/1993,0.0
13/07/1993,0.0
14/07/1993,7.0
15/07/1993,1.5
16/07/1993,0.5
17/07/1993,36.5
18/07/1993,0.0
19/07/1993,25.5
20/07/1993,0.0
21/07/1993,27.5
22/07/1993,0.0
23/07/1993,0.0
24/07/1993,0.0
25/07/1993,6.0
26/07/1993,1.0
27/07/1993,0.0
28/07/1993,0.0
29/07/1993,0.0
30/07/1993,0.0
31/07/1993,0.0
01/08/1993,49.0
02/08/1993,0.0
03/08/1993,0.0
04/08/1993,0.0
05/08/1993,0.5
06/08/1993,0.5
07/08/1993,3.5
08/08/1993,0.0
09/08/1993,0.0
10/08/1993,0.0
11/08/1993,0.0
12/08/1993,0.0
13/08/1993,0.0
14/08/1993,0.0
15/08/1993,0.0
18/09/1993,0.0
19/09/1993,1.5
20/09/1993,90.5
21/09/1993,0.5
22/09/1993,5.5
23/09/1993,0.0
24/09/1993,0.0
25/09/1993,25.0
26/09/1993,0.0
27/09/1993,31.0
28/09/1993,0.0
29/09/1993,3.5
30/09/1993,13.0
01/10/1993,5.5
02/10/1993,7.0
03/10/1993,0.0
04/10/1993,29.0
05/10/1993,2.0
06/10/1993,0.0
07/10/1993,0.0
08/10/1993,2.0
09/10/1993,0.5
10/10/1993,21.0
11/10/1993,1.0
12/10/1993,5.5
13/10/1993,6.0
14/10/1993,25.5
15/10/1993,2.5
16/10/1993,3.5
17/10/1993,6.0
18/10/1993,35.5
19/10/1993,9.5
20/10/1993,0.0
21/10/1993,7.5
22/10/1993,0.0
23/10/1993,12.5
24/10/1993,6.9
25/10/1993,4.1
26/10/1993,5.5
27/10/1993,1.5
28/10/1993,9.0
29/10/1993,4.0
30/10/1993,41.8
31/10/1993,80.7
01/11/1993,13.3
02/11/1993,41.2
03/11/1993,15.8
04/11/1993,104.2
05/11/1993,2.5
06/11/1993,37.0
07/11/1993,35.5
08/11/1993,27.6
09/11/1993,7.9
10/11/1993,10.0
11/11/1993,88.0
12/11/1993,8.5
13/11/1993,2.5
14/11/1993,18.5
15/11/1993,2.5
16/11/1993,0.0
17/11/1993,0.0
18/11/1993,0.0
19/11/1993,65.0
20/11/1993,0.0
21/11/1993,3.5
22/11/1993,54.0
23/11/1993,32.0
24/11/1993,13.8
25/11/1993,6.7
26/11/1993,33.0
27/11/1993,0.0
28/11/1993,0.0
29/11/1993,15.5
30/11/1993,30.0
01/12/1993,6.5
02/12/1993,38.5
03/12/1993,14.5
04/12/1993,20.5
05/12/1993,0.0
06/12/1993,0.5
07/12/1993,34.0
08/12/1993,1.5
09/12/1993,9.5
10/12/1993,81.4
11/12/1993,22.6
12/12/1993,0.5
13/12/1993,6.5
14/12/1993,0.0
15/12/1993,0.0
16/12/1993,13.0
17/12/1993,116.0
18/12/1993,36.0
19/12/1993,3.0
20/12/1993,17.5
21/12/1993,73.0
22/12/1993,51.5
23/12/1993,48.0
24/12/1993,52.0
25/12/1993,38.5
26/12/1993,3.5
27/12/1993,5.5
28/12/1993,0.0
29/12/1993,4.0
30/12/1993,0.0
31/12/1993,0.5
01/01/1994,2.6
02/01/1994,7.4
03/01/1994,14.0
04/01/1994,9.0
05/01/1994,1.5
06/01/1994,6.5
07/01/1994,2.0
08/01/1994,0.0
09/01/1994,0.0
10/01/1994,0.0
11/01/1994,3.5
12/01/1994,0.5
13/01/1994,0.0
14/01/1994,0.0
15/01/1994,0.0
16/01/1994,0.0
17/01/1994,0.0
18/01/1994,0.0
19/01/1994,0.0
20/01/1994,0.0
21/01/1994,1.0
22/01/1994,1.0
23/01/1994,4.0
24/01/1994,0.5
25/01/1994,0.0
26/01/1994,0.0
27/01/1994,5.5
28/01/1994,3.5
29/01/1994,3.5
30/01/1994,14.5
31/01/1994,8.0
01/02/1994,1.5
02/02/1994,2.0
03/02/1994,25.5
04/02/1994,5.0
05/02/1994,3.0
06/02/1994,1.0
07/02/1994,11.5
08/02/1994,0.5
09/02/1994,1.3
10/02/1994,2.7
11/02/1994,0.0
12/02/1994,0.0
13/02/1994,0.0
14/02/1994,8.5
15/02/1994,0.0
16/02/1994,0.5
17/02/1994,4.5
18/02/1994,0.0
19/02/1994,0.0
20/02/1994,0.0
21/02/1994,0.0
22/02/1994,0.0
23/02/1994,0.0
24/02/1994,0.0
25/02/1994,0.0
26/02/1994,0.0
27/02/1994,0.0
28/02/1994,26.0
01/03/1994,0.0
02/03/1994,6.0
03/03/1994,1.5
04/03/1994,7.5
05/03/1994,57.0
06/03/1994,0.0
07/03/1994,0.0
08/03/1994,0.0
09/03/1994,0.0
10/03/1994,2.0
11/03/1994,0.0
12/03/1994,3.0
13/03/1994,3.5
14/03/1994,0.0
15/03/1994,32.0
16/03/1994,52.0
17/03/1994,46.0
18/03/1994,21.5
19/03/1994,2.0
20/03/1994,25.5
21/03/1994,3.5
22/03/1994,3.5
23/03/1994,2.5
24/03/1994,8.0
25/03/1994,13.0
26/03/1994,2.0
27/03/1994,3.0
28/03/1994,32.0
29/03/1994,8.0
30/03/1994,15.5
31/03/1994,0.0
01/04/1994,0.0
02/04/1994,0.0
03/04/1994,0.0
04/04/1994,0.5
05/04/1994,0.0
06/04/1994,0.0
07/04/1994,0.0
08/04/1994,2.5
09/04/1994,61.5
10/04/1994,49.0
11/04/1994,0.0
12/04/1994,0.0
13/04/1994,0.0
14/04/1994,0.0
15/04/1994,12.5
16/04/1994,43.0
17/04/1994,0.0
18/04/1994,1.0
19/04/1994,1.5
20/04/1994,6.5
21/04/1994,0.5
22/04/1994,0.0
23/04/1994,0.0
24/04/1994,14.5
25/04/1994,0.5
26/04/1994,0.5
27/04/1994,0.0
28/04/1994,0.0
29/04/1994,1.0
30/04/1994,7.0
01/05/1994,5.0
02/05/1994,6.5
03/05/1994,5.5
04/05/1994,0.0
05/05/1994,78.0
06/05/1994,5.5
07/05/1994,1.0
08/05/1994,24.5
09/05/1994,28.5
10/05/1994,12.5
11/05/1994,25.0
12/05/1994,0.5
13/05/1994,5.0
14/05/1994,0.5
15/05/1994,39.5
16/05/1994,0.0
17/05/1994,1.0
18/05/1994,1.0
19/05/1994,10.5
20/05/1994,0.5
21/05/1994,39.5
22/05/1994,0.0
23/05/1994,2.5
24/05/1994,1.5
25/05/1994,14.5
26/05/1994,18.0
27/05/1994,0.4
28/05/1994,9.6
29/05/1994,0.0
30/05/1994,0.0
31/05/1994,0.0
01/06/1994,0.0
02/06/1994,0.0
03/06/1994,0.0
04/06/1994,0.0
05/06/1994,0.0
06/06/1994,0.0
07/06/1994,0.0
24/07/1994,0.0
25/07/1994,3.0
26/07/1994,0.5
27/07/1994,0.0
28/07/1994,0.0
29/07/1994,0.0
30/07/1994,0.0
31/07/1994,0.0
01/08/1994,0.0
02/08/1994,23.0
03/08/1994,37.9
04/08/1994,9.6
05/08/1994,0.0
06/08/1994,0.0
07/08/1994,4.0
08/08/1994,0.0
09/08/1994,0.0
10/08/1994,0.0
11/08/1994,0.0
12/08/1994,1.5
13/08/1994,0.0
14/08/1994,0.0
15/08/1994,0.0
16/08/1994,0.0
17/08/1994,0.0
18/08/1994,29.5
19/08/1994,22.5
20/08/1994,5.0
21/08/1994,11.0
22/08/1994,0.0
23/08/1994,2.5
17/10/1994,3.0
18/10/1994,18.5
19/10/1994,0.0
20/10/1994,59.0
21/10/1994,0.0
22/10/1994,36.7
23/10/1994,0.3
24/10/1994,8.5
25/10/1994,0.0
26/10/1994,26.8
27/10/1994,47.2
28/10/1994,29.0
29/10/1994,20.0
30/10/1994,0.0
31/10/1994,23.5
01/11/1994,35.0
02/11/1994,18.2
03/11/1994,86.3
04/11/1994,0.0
05/11/1994,0.0
06/11/1994,3.0
07/11/1994,10.5
08/11/1994,102.5
09/11/1994,26.0
10/11/1994,108.0
11/11/1994,125.1
12/11/1994,2.4
13/11/1994,110.7
14/11/1994,13.0
15/11/1994,36.8
16/11/1994,40.0
17/11/1994,70.9
18/11/1994,237.6
19/11/1994,65.0
20/11/1994,36.7
21/11/1994,103.0
22/11/1994,35.3
23/11/1994,259.0
24/11/1994,7.5
25/11/1994,38.0
26/11/1994,73.8
27/11/1994,96.7
28/11/1994,10.0
29/11/1994,27.0
30/11/1994,13.5
01/12/1994,0.0
02/12/1994,17.5
03/12/1994,0.0
04/12/1994,9.5
05/12/1994,0.0
06/12/1994,40.5
07/12/1994,0.0
08/12/1994,0.0
09/12/1994,0.0
10/12/1994,0.0
11/12/1994,0.0
12/12/1994,0.0
13/12/1994,0.0
14/12/1994,0.0
15/12/1994,7.5
16/12/1994,60.5
17/12/1994,30.5
18/12/1994,20.0
19/12/1994,35.5
20/12/1994,16.0
21/12/1994,5.0
22/12/1994,14.0
23/12/1994,1.0
24/12/1994,0.0
25/12/1994,0.0
26/12/1994,0.5
27/12/1994,3.0
28/12/1994,12.5
29/12/1994,1.0
30/12/1994,40.0
31/12/1994,3.5
01/01/1995,6.5
02/01/1995,7.0
03/01/1995,9.0
04/01/1995,14.5
05/01/1995,18.0
06/01/1995,7.0
07/01/1995,0.5
08/01/1995,4.5
09/01/1995,28.0
10/01/1995,7.0
11/01/1995,22.0
12/01/1995,0.0
13/01/1995,0.0
14/01/1995,0.0
15/01/1995,0.0
16/01/1995,14.0
17/01/1995,27.0
18/01/1995,14.5
19/01/1995,16.0
20/01/1995,3.5
21/01/1995,1.5
22/01/1995,0.0
23/01/1995,0.5
24/01/1995,0.0
25/01/1995,71.6
26/01/1995,85.7
27/01/1995,4.6
28/01/1995,0.0
29/01/1995,4.5
30/01/1995,10.0
31/01/1995,5.2
01/02/1995,8.8
02/02/1995,10.0
03/02/1995,12.0
04/02/1995,10.0
05/02/1995,3.0
06/02/1995,13.5
07/02/1995,0.0
08/02/1995,0.0
09/02/1995,0.0
10/02/1995,0.0
11/02/1995,7.5
12/02/1995,0.0
13/02/1995,0.0
14/02/1995,0.5
15/02/1995,0.0
16/02/1995,0.0
17/02/1995,0.0
18/02/1995,0.0
19/02/1995,0.0
20/02/1995,0.0
21/02/1995,0.0
22/02/1995,0.0
23/02/1995,1.5
24/02/1995,8.0
25/02/1995,25.0
26/02/1995,37.5
27/02/1995,9.0
28/02/1995,0.5
01/03/1995,0.0
02/03/1995,0.0
03/03/1995,0.0
04/03/1995,0.0
05/03/1995,0.0
06/03/1995,0.0
07/03/1995,0.0
08/03/1995,0.0
09/03/1995,0.0
10/03/1995,0.0
11/03/1995,0.0
12/03/1995,0.0
13/03/1995,0.0
14/03/1995,0.0
15/03/1995,3.0
16/03/1995,0.5
17/03/1995,4.5
18/03/1995,0.0
19/03/1995,1.0
20/03/1995,0.5
21/03/1995,0.0
22/03/1995,0.0
23/03/1995,0.0
24/03/1995,8.5
25/03/1995,30.5
26/03/1995,25.5
27/03/1995,0.0
28/03/1995,0.0
29/03/1995,0.0
30/03/1995,0.0
31/03/1995,0.0
01/04/1995,0.0
02/04/1995,0.0
03/04/1995,0.0
04/04/1995,0.0
05/04/1995,0.0
06/04/1995,0.0
07/04/1995,0.0
08/04/1995,0.0
09/04/1995,0.0
10/04/1995,0.0
11/04/1995,0.0
12/04/1995,0.0
13/04/1995,0.0
14/04/1995,0.0
15/04/1995,0.0
16/04/1995,0.0
17/04/1995,0.0
18/04/1995,0.0
19/04/1995,0.0
20/04/1995,0.0
21/04/1995,0.0
22/04/1995,0.0
23/04/1995,0.0
24/04/1995,0.0
25/04/1995,0.0
26/04/1995,0.5
27/04/1995,2.0
28/04/1995,7.0
29/04/1995,1.0
30/04/1995,15.5
01/05/1995,3.0
02/05/1995,4.5
03/05/1995,0.0
04/05/1995,0.0
05/05/1995,0.0
06/05/1995,0.0
07/05/1995,10.0
08/05/1995,0.0
09/05/1995,0.0
10/05/1995,38.2
11/05/1995,4.8
12/05/1995,0.0
13/05/1995,0.0
14/05/1995,0.0
15/05/1995,0.0
16/05/1995,0.0
17/05/1995,0.0
18/05/1995,8.0
19/05/1995,0.0
20/05/1995,0.0
21/05/1995,13.0
22/05/1995,1.0
23/05/1995,23.0
24/05/1995,0.0
25/05/1995,0.0
26/05/1995,1.5
27/05/1995,0.0
28/05/1995,0.5
29/05/1995,0.0
30/05/1995,4.5
31/05/1995,12.5
01/06/1995,0.0
02/06/1995,0.0
03/06/1995,37.0
04/06/1995,0.0
05/06/1995,8.0
06/06/1995,2.0
07/06/1995,0.0
08/06/1995,21.5
09/06/1995,58.0
10/06/1995,0.0
11/06/1995,0.0
12/06/1995,0.0
13/06/1995,13.5
14/06/1995,20.0
15/06/1995,1.0
16/06/1995,1.0
17/06/1995,2.0
18/06/1995,4.0
19/06/1995,0.5
20/06/1995,25.5
21/06/1995,0.5
22/06/1995,0.0
23/06/1995,0.0
24/06/1995,4.5
25/06/1995,0.0
26/06/1995,0.0
27/06/1995,0.0
28/06/1995,0.0
29/06/1995,44.0
30/06/1995,0.5
01/07/1995,11.5
02/07/1995,0.5
03/07/1995,6.0
04/07/1995,13.0
05/07/1995,2.5
06/07/1995,0.5
07/07/1995,0.0
08/07/1995,0.0
09/07/1995,15.5
10/07/1995,0.0
11/07/1995,11.5
12/07/1995,13.5
13/07/1995,0.5
14/07/1995,0.0
15/07/1995,0.0
16/07/1995,0.0
17/07/1995,0.5
18/07/1995,0.0
19/07/1995,0.0
20/07/1995,22.0
21/07/1995,1.5
22/07/1995,22.5
23/07/1995,0.0
24/07/1995,17.5
25/07/1995,0.0
26/07/1995,0.0
27/07/1995,1.5
28/07/1995,0.0
29/07/1995,14.5
30/07/1995,19.8
31/07/1995,7.2
01/08/1995,0.0
02/08/1995,37.5
03/08/1995,1.0
04/08/1995,2.5
05/08/1995,19.5
06/08/1995,5.0
07/08/1995,0.0
08/08/1995,22.0
09/08/1995,0.0
10/08/1995,10.5
11/08/1995,1.5
12/08/1995,0.0
13/08/1995,35.0
14/08/1995,33.5
15/08/1995,33.5
16/08/1995,0.0
17/08/1995,13.0
18/08/1995,0.0
19/08/1995,4.0
20/08/1995,19.1
21/08/1995,18.4
22/08/1995,4.5
23/08/1995,0.0
24/08/1995,19.4
25/08/1995,9.1
26/08/1995,22.3
27/08/1995,1.2
28/08/1995,2.5
29/08/1995,30.0
30/08/1995,0.0
31/08/1995,24.4
01/09/1995,12.1
02/09/1995,0.0
03/09/1995,0.0
04/09/1995,31.5
05/09/1995,2.0
06/09/1995,3.5
07/09/1995,0.0
08/09/1995,0.5
09/09/1995,22.8
10/09/1995,5.2
11/09/1995,3.0
12/09/1995,5.5
13/09/1995,0.0
14/09/1995,0.0
15/09/1995,0.0
16/09/1995,13.5
17/09/1995,8.0
18/09/1995,2.0
19/09/1995,0.0
20/09/1995,9.0
21/09/1995,3.5
22/09/1995,0.0
23/09/1995,0.0
24/09/1995,0.0
25/09/1995,60.0
26/09/1995,12.5
27/09/1995,3.5
28/09/1995,0.0
29/09/1995,4.5
30/09/1995,0.0
01/10/1995,0.0
02/10/1995,18.0
03/10/1995,15.0
04/10/1995,0.0
05/10/1995,6.5
06/10/1995,4.0
07/10/1995,0.0
08/10/1995,8.4
09/10/1995,10.1
10/10/1995,0.0
11/10/1995,0.0
12/10/1995,21.0
13/10/1995,0.5
14/10/1995,7.5
15/10/1995,33.0
16/10/1995,0.0
17/10/1995,13.0
18/10/1995,2.5
19/10/1995,4.5
20/10/1995,0.0
21/10/1995,0.0
22/10/1995,0.0
23/10/1995,0.5
24/10/1995,0.0
25/10/1995,0.0
26/10/1995,3.0
27/10/1995,1.5
28/10/1995,0.5
29/10/1995,0.0
30/10/1995,30.5
31/10/1995,1.0
01/11/1995,0.0
02/11/1995,5.5
03/11/1995,0.0
04/11/1995,0.0
05/11/1995,3.0
06/11/1995,6.0
07/11/1995,0.0
08/11/1995,12.5
09/11/1995,6.0
10/11/1995,9.0
11/11/1995,5.5
12/11/1995,0.5
13/11/1995,3.5
14/11/1995,3.5
15/11/1995,12.0
16/11/1995,62.5
17/11/1995,94.0
18/11/1995,29.7
19/11/1995,34.1
20/11/1995,17.0
21/11/1995,12.2
22/11/1995,15.5
23/11/1995,10.5
24/11/1995,98.5
25/11/1995,0.0
26/11/1995,0.0
27/11/1995,33.5
28/11/1995,0.5
29/11/1995,0.0
30/11/1995,0.0
01/12/1995,1.5
02/12/1995,3.5
03/12/1995,39.5
04/12/1995,37.0
05/12/1995,30.7
06/12/1995,29.8
07/12/1995,0.4
08/12/1995,7.1
09/12/1995,0.0
10/12/1995,11.0
11/12/1995,0.5
12/12/1995,0.0
13/12/1995,0.0
14/12/1995,0.0
15/12/1995,0.0
16/12/1995,0.0
17/12/1995,0.0
18/12/1995,0.0
19/12/1995,17.5
20/12/1995,7.5
21/12/1995,67.0
22/12/1995,40.5
23/12/1995,32.5
24/12/1995,33.0
25/12/1995,9.0
26/12/1995,1.5
27/12/1995,105.0
28/12/1995,47.5
29/12/1995,15.5
30/12/1995,2.5
31/12/1995,1.5
01/01/1996,0.0
02/01/1996,0.0
03/01/1996,0.0
04/01/1996,0.0
05/01/1996,0.0
06/01/1996,8.5
07/01/1996,2.0
08/01/1996,17.0
09/01/1996,4.5
10/01/1996,62.0
11/01/1996,27.5
12/01/1996,1.5
13/01/1996,0.0
14/01/1996,0.0
15/01/1996,0.0
16/01/1996,0.0
17/01/1996,0.0
18/01/1996,0.0
19/01/1996,0.0
20/01/1996,0.0
21/01/1996,0.0
22/01/1996,0.0
23/01/1996,0.4
24/01/1996,12.1
25/01/1996,15.5
26/01/1996,4.0
27/01/1996,3.1
28/01/1996,14.9
29/01/1996,18.0
30/01/1996,8.5
31/01/1996,7.4
01/02/1996,38.1
02/02/1996,34.8
03/02/1996,16.2
04/02/1996,44.5
05/02/1996,1.0
06/02/1996,5.0
07/02/1996,3.0
08/02/1996,0.0
09/02/1996,1.5
10/02/1996,0.0
11/02/1996,10.5
12/02/1996,14.0
13/02/1996,0.0
14/02/1996,0.0
15/02/1996,0.0
16/02/1996,0.0
17/02/1996,0.0
18/02/1996,0.0
19/02/1996,16.2
20/02/1996,4.8
21/02/1996,0.9
22/02/1996,3.1
23/02/1996,0.5
24/02/1996,0.0
25/02/1996,0.0
26/02/1996,0.0
27/02/1996,0.0
28/02/1996,0.0
29/02/1996,0.0
01/03/1996,0.0
02/03/1996,0.0
03/03/1996,0.0
04/03/1996,0.0
05/03/1996,0.0
06/03/1996,0.0
07/03/1996,0.0
08/03/1996,0.0
09/03/1996,0.0
10/03/1996,0.0
11/03/1996,4.0
12/03/1996,0.0
13/03/1996,0.0
14/03/1996,0.0
15/03/1996,0.0
16/03/1996,0.0
17/03/1996,0.0
18/03/1996,0.0
19/03/1996,0.0
20/03/1996,0.0
21/03/1996,0.5
22/03/1996,1.0
23/03/1996,0.0
24/03/1996,0.5
25/03/1996,39.0
26/03/1996,14.5
27/03/1996,6.5
28/03/1996,0.5
29/03/1996,11.0
30/03/1996,0.0
31/03/1996,0.0
01/04/1996,0.0
02/04/1996,0.0
03/04/1996,0.0
04/04/1996,0.0
05/04/1996,0.0
06/04/1996,0.0
07/04/1996,0.0
08/04/1996,0.0
09/04/1996,0.5
10/04/1996,0.0
11/04/1996,0.0
12/04/1996,0.0
13/04/1996,0.0
14/04/1996,0.0
15/04/1996,0.0
16/04/1996,0.0
17/04/1996,2.5
18/04/1996,0.0
19/04/1996,1.5
20/04/1996,9.0
21/04/1996,5.0
22/04/1996,3.5
23/04/1996,21.0
24/04/1996,2.0
25/04/1996,0.0
26/04/1996,2.0
27/04/1996,0.0
28/04/1996,0.0
29/04/1996,0.0
30/04/1996,0.0
01/05/1996,0.0
02/05/1996,53.0
03/05/1996,1.0
04/05/1996,10.0
05/05/1996,0.0
06/05/1996,5.0
07/05/1996,3.0
08/05/1996,0.0
09/05/1996,19.0
10/05/1996,24.0
11/05/1996,0.5
12/05/1996,0.0
13/05/1996,1.5
14/05/1996,6.5
15/05/1996,7.5
16/05/1996,0.0
17/05/1996,0.0
18/05/1996,0.0
19/05/1996,0.0
20/05/1996,0.0
21/05/1996,0.0
22/05/1996,10.5
23/05/1996,0.0
24/05/1996,2.5
25/05/1996,0.0
26/05/1996,0.0
27/05/1996,28.5
28/05/1996,0.5
29/05/1996,0.0
30/05/1996,0.5
31/05/1996,0.0
01/06/1996,0.0
02/06/1996,0.0
03/06/1996,0.0
04/06/1996,0.0
05/06/1996,0.0
06/06/1996,0.0
07/06/1996,1.0
08/06/1996,1.5
09/06/1996,0.0
10/06/1996,0.0
11/06/1996,2.5
12/06/1996,0.9
13/06/1996,33.6
14/06/1996,0.5
15/06/1996,0.5
16/06/1996,0.0
17/06/1996,0.0
18/06/1996,0.0
19/06/1996,0.0
20/06/1996,0.0
21/06/1996,0.0
22/06/1996,0.0
23/06/1996,1.5
24/06/1996,9.5
25/06/1996,0.5
26/06/1996,0.0
27/06/1996,0.0
28/06/1996,0.0
29/06/1996,0.0
30/06/1996,0.0
01/07/1996,0.0
02/07/1996,0.0
03/07/1996,0.0
04/07/1996,0.0
05/07/1996,0.0
06/07/1996,14.0
07/07/1996,0.5
08/07/1996,33.2
09/07/1996,51.8
10/07/1996,0.0
11/07/1996,0.0
12/07/1996,0.0
13/07/1996,0.0
14/07/1996,2.5
15/07/1996,72.0
16/07/1996,3.8
17/07/1996,5.7
18/07/1996,0.0
19/07/1996,0.0
20/07/1996,0.0
21/07/1996,15.5
22/07/1996,0.0
23/07/1996,0.0
24/07/1996,0.0
25/07/1996,0.0
26/07/1996,0.0
27/07/1996,0.0
28/07/1996,0.0
29/07/1996,0.0
30/07/1996,0.0
31/07/1996,0.0
01/08/1996,0.0
02/08/1996,0.0
03/08/1996,20.5
04/08/1996,0.5
05/08/1996,0.5
06/08/1996,0.5
07/08/1996,22.0
08/08/1996,0.0
09/08/1996,7.0
10/08/1996,0.0
11/08/1996,0.0
12/08/1996,6.0
13/08/1996,0.0
14/08/1996,0.0
15/08/1996,0.0
16/08/1996,0.0
17/08/1996,0.0
18/08/1996,20.1
19/08/1996,3.9
20/08/1996,0.0
21/08/1996,0.5
22/08/1996,1.5
23/08/1996,9.8
24/08/1996,5.2
25/08/1996,1.0
26/08/1996,0.0
27/08/1996,0.0
28/08/1996,0.0
29/08/1996,27.5
30/08/1996,19.0
31/08/1996,3.0
01/09/1996,15.5
02/09/1996,16.0
03/09/1996,16.9
04/09/1996,2.1
05/09/1996,0.0
09/09/1996,19.5
10/09/1996,1.0
11/09/1996,1.5
12/09/1996,0.0
13/09/1996,11.0
14/09/1996,2.0
15/09/1996,0.5
16/09/1996,17.5
17/09/1996,0.0
18/09/1996,0.0
19/09/1996,0.0
20/09/1996,0.0
21/09/1996,0.0
22/09/1996,0.0
23/09/1996,0.0
24/09/1996,29.0
25/09/1996,0.0
26/09/1996,44.0
27/09/1996,22.0
28/09/1996,0.0
29/09/1996,0.0
30/09/1996,0.0
01/10/1996,21.5
02/10/1996,26.0
03/10/1996,2.0
04/10/1996,0.0
05/10/1996,23.0
06/10/1996,4.0
07/10/1996,6.5
08/10/1996,1.5
23/10/1996,0.5
24/10/1996,48.0
25/10/1996,1.0
26/10/1996,49.5
27/10/1996,0.5
28/10/1996,0.0
29/10/1996,0.0
30/10/1996,0.0
31/10/1996,0.0
01/11/1996,6.5
02/11/1996,0.0
03/11/1996,0.5
04/11/1996,0.0
05/11/1996,0.0
06/11/1996,24.5
07/11/1996,4.0
08/11/1996,0.0
09/11/1996,9.5
10/11/1996,1.5
11/11/1996,0.0
12/11/1996,2.5
13/11/1996,38.0
14/11/1996,0.5
15/11/1996,0.5
16/11/1996,12.5
17/11/1996,0.0
18/11/1996,6.0
19/11/1996,22.0
20/11/1996,6.5
21/11/1996,2.5
22/11/1996,45.0
23/11/1996,0.0
24/11/1996,0.5
25/11/1996,1.5
26/11/1996,35.1
27/11/1996,4.9
28/11/1996,0.0
29/11/1996,6.3
30/11/1996,4.7
01/12/1996,0.0
02/12/1996,4.5
03/12/1996,6.2
04/12/1996,7.3
05/12/1996,34.5
06/12/1996,9.0
07/12/1996,5.0
08/12/1996,27.5
09/12/1996,12.0
10/12/1996,31.8
11/12/1996,49.3
12/12/1996,97.7
13/12/1996,16.7
14/12/1996,38.0
15/12/1996,17.5
16/12/1996,0.5
17/12/1996,0.0
18/12/1996,13.4
19/12/1996,33.1
20/12/1996,31.1
21/12/1996,39.3
22/12/1996,57.7
23/12/1996,0.5
24/12/1996,1.0
25/12/1996,0.0
26/12/1996,0.0
27/12/1996,0.0
28/12/1996,0.0
29/12/1996,0.0
30/12/1996,0.0
31/12/1996,0.0
01/01/1997,0.0
02/01/1997,0.0
03/01/1997,0.0
04/01/1997,0.0
05/01/1997,0.0
06/01/1997,0.0
07/01/1997,0.0
08/01/1997,0.0
09/01/1997,0.0
10/01/1997,0.0
11/01/1997,0.0
12/01/1997,0.0
13/01/1997,0.0
14/01/1997,0.0
15/01/1997,0.0
16/01/1997,0.0
17/01/1997,0.0
18/01/1997,0.0
19/01/1997,0.0
20/01/1997,0.0
21/01/1997,0.0
22/01/1997,0.0
23/01/1997,0.0
24/01/1997,0.0
25/01/1997,0.0
26/01/1997,0.0
27/01/1997,0.0
28/01/1997,0.0
29/01/1997,0.0
30/01/1997,0.0
31/01/1997,0.0
01/02/1997,0.0
02/02/1997,0.0
03/02/1997,0.0
04/02/1997,0.0
05/02/1997,0.0
06/02/1997,0.0
07/02/1997,0.0
08/02/1997,0.0
09/02/1997,0.0
10/02/1997,0.0
11/02/1997,0.0
12/02/1997,0.5
13/02/1997,6.5
14/02/1997,8.0
15/02/1997,1.0
16/02/1997,0.0
17/02/1997,3.5
18/02/1997,0.0
19/02/1997,0.0
20/02/1997,10.5
21/02/1997,9.0
22/02/1997,13.0
23/02/1997,97.6
24/02/1997,35.1
25/02/1997,1.3
26/02/1997,0.0
27/02/1997,0.0
28/02/1997,0.0
01/03/1997,0.0
02/03/1997,0.0
03/03/1997,0.0
04/03/1997,0.0
05/03/1997,0.0
06/03/1997,0.0
07/03/1997,38.0
08/03/1997,0.0
09/03/1997,0.0
10/03/1997,0.0
11/03/1997,0.0
12/03/1997,0.0
13/03/1997,0.0
14/03/1997,0.0
15/03/1997,0.0
16/03/1997,0.0
17/03/1997,0.0
18/03/1997,0.0
19/03/1997,0.0
20/03/1997,29.2
21/03/1997,0.3
22/03/1997,13.5
23/03/1997,0.0
24/03/1997,0.0
25/03/1997,0.5
26/03/1997,0.0
27/03/1997,0.0
28/03/1997,3.0
29/03/1997,0.0
30/03/1997,0.0
31/03/1997,3.5
01/04/1997,45.1
02/04/1997,12.9
03/04/1997,0.0
04/04/1997,2.5
05/04/1997,0.0
06/04/1997,0.0
07/04/1997,18.5
08/04/1997,0.5
09/04/1997,31.5
10/04/1997,0.5
11/04/1997,12.5
12/04/1997,0.5
13/04/1997,0.5
14/04/1997,1.0
15/04/1997,12.5
16/04/1997,0.0
17/04/1997,5.5
18/04/1997,0.0
19/04/1997,0.0
20/04/1997,0.0
21/04/1997,0.0
22/04/1997,0.0
23/04/1997,0.0
24/04/1997,0.0
25/04/1997,16.0
26/04/1997,0.5
27/04/1997,17.8
28/04/1997,4.2
29/04/1997,0.0
30/04/1997,0.5
01/05/1997,0.0
02/05/1997,0.0
03/05/1997,0.0
04/05/1997,0.0
05/05/1997,0.0
06/05/1997,0.0
07/05/1997,6.5
08/05/1997,0.0
09/05/1997,0.0
10/05/1997,27.0
11/05/1997,1.0
12/05/1997,7.5
13/05/1997,0.0
14/05/1997,0.0
15/05/1997,0.0
16/05/1997,26.5
17/05/1997,0.0
18/05/1997,0.0
19/05/1997,0.0
20/05/1997,6.5
01/06/1997,1.5
02/06/1997,0.0
03/06/1997,1.0
04/06/1997,0.0
05/06/1997,5.0
06/06/1997,4.0
07/06/1997,3.0
08/06/1997,0.0
09/06/1997,0.0
10/06/1997,0.0
11/06/1997,0.0
12/06/1997,1.0
13/06/1997,0.0
14/06/1997,0.0
15/06/1997,0.0
16/06/1997,0.0
17/06/1997,0.0
18/06/1997,6.5
19/06/1997,0.0
20/06/1997,9.5
21/06/1997,12.0
22/06/1997,18.0
23/06/1997,0.0
24/06/1997,0.0
25/06/1997,0.5
26/06/1997,0.0
27/06/1997,0.5
28/06/1997,23.5
29/06/1997,2.2
30/06/1997,2.8
01/07/1997,13.0
02/07/1997,1.0
03/07/1997,3.5
04/07/1997,0.0
05/07/1997,0.0
06/07/1997,6.7
07/07/1997,2.8
08/07/1997,0.0
09/07/1997,0.0
10/07/1997,1.0
11/07/1997,0.0
12/07/1997,0.0
13/07/1997,0.0
14/07/1997,0.0
15/07/1997,0.0
16/07/1997,0.0
17/07/1997,0.0
18/07/1997,0.0
19/07/1997,47.0
20/07/1997,0.0
21/07/1997,2.0
22/07/1997,0.5
23/07/1997,0.0
24/07/1997,0.0
25/07/1997,9.5
26/07/1997,0.0
27/07/1997,0.0
28/07/1997,0.0
29/07/1997,5.0
30/07/1997,0.5
31/07/1997,0.0
01/08/1997,0.0
02/08/1997,0.0
03/08/1997,0.0
04/08/1997,0.0
05/08/1997,59.5
06/08/1997,0.0
07/08/1997,0.0
08/08/1997,0.0
09/08/1997,0.0
10/08/1997,2.0
11/08/1997,4.5
12/08/1997,0.5
13/08/1997,23.5
14/08/1997,28.0
15/08/1997,0.0
16/08/1997,4.0
17/08/1997,0.0
18/08/1997,0.0
19/08/1997,4.0
20/08/1997,6.0
21/08/1997,12.5
22/08/1997,0.5
23/08/1997,7.0
24/08/1997,6.0
25/08/1997,0.0
26/08/1997,0.0
27/08/1997,2.5
28/08/1997,1.0
29/08/1997,7.0
30/08/1997,27.0
31/08/1997,0.0
01/09/1997,0.0
02/09/1997,0.0
03/09/1997,1.5
04/09/1997,0.0
05/09/1997,0.0
06/09/1997,0.0
07/09/1997,0.0
08/09/1997,0.5
09/09/1997,8.0
10/09/1997,12.5
11/09/1997,0.5
12/09/1997,0.0
13/09/1997,0.0
14/09/1997,13.5
15/09/1997,0.0
16/09/1997,0.0
17/09/1997,3.5
18/09/1997,0.5
19/09/1997,12.2
20/09/1997,27.8
21/09/1997,1.5
22/09/1997,0.0
23/09/1997,0.0
24/09/1997,0.0
25/09/1997,0.0
26/09/1997,0.0
27/09/1997,0.0
28/09/1997,12.0
29/09/1997,10.5
30/09/1997,0.5
01/10/1997,8.5
02/10/1997,2.0
03/10/1997,0.0
04/10/1997,16.5
05/10/1997,0.0
06/10/1997,0.0
07/10/1997,0.5
08/10/1997,4.5
09/10/1997,8.5
10/10/1997,26.5
11/10/1997,0.0
12/10/1997,0.0
13/10/1997,0.0
14/10/1997,0.0
15/10/1997,0.0
16/10/1997,0.0
17/10/1997,6.5
18/10/1997,0.0
19/10/1997,0.0
20/10/1997,0.0
21/10/1997,0.0
22/10/1997,49.0
23/10/1997,1.0
24/10/1997,2.5
25/10/1997,0.0
26/10/1997,0.0
27/10/1997,38.0
28/10/1997,0.0
29/10/1997,19.0
30/10/1997,27.0
31/10/1997,1.0
01/11/1997,36.0
02/11/1997,0.5
03/11/1997,0.0
04/11/1997,8.0
05/11/1997,9.1
06/11/1997,15.4
07/11/1997,6.0
08/11/1997,1.5
09/11/1997,0.5
10/11/1997,10.0
11/11/1997,4.0
12/11/1997,1.5
13/11/1997,4.0
14/11/1997,6.0
15/11/1997,3.0
16/11/1997,0.0
17/11/1997,6.5
18/11/1997,27.5
19/11/1997,97.5
20/11/1997,61.0
21/11/1997,10.5
22/11/1997,0.0
23/11/1997,0.0
24/11/1997,0.0
25/11/1997,3.5
26/11/1997,0.0
27/11/1997,0.0
28/11/1997,0.0
29/11/1997,2.0
30/11/1997,0.0
01/12/1997,34.5
02/12/1997,123.5
03/12/1997,104.5
04/12/1997,59.8
05/12/1997,57.7
06/12/1997,94.0
07/12/1997,4.0
08/12/1997,0.0
09/12/1997,16.0
10/12/1997,14.9
11/12/1997,114.6
12/12/1997,0.5
13/12/1997,24.0
14/12/1997,10.5
15/12/1997,39.0
16/12/1997,16.0
17/12/1997,23.0
18/12/1997,347.5
19/12/1997,12.6
20/12/1997,25.9
21/12/1997,0.0
22/12/1997,0.0
23/12/1997,0.0
24/12/1997,4.0
25/12/1997,0.0
26/12/1997,0.0
27/12/1997,0.0
28/12/1997,4.0
29/12/1997,56.7
30/12/1997,66.3
31/12/1997,15.0
01/01/1998,6.0
02/01/1998,17.0
03/01/1998,8.0
04/01/1998,2.5
05/01/1998,0.5
06/01/1998,34.0
07/01/1998,16.0
08/01/1998,6.0
09/01/1998,1.0
10/01/1998,0.0
11/01/1998,4.0
12/01/1998,1.5
13/01/1998,0.0
14/01/1998,0.0
15/01/1998,3.5
16/01/1998,0.5
17/01/1998,0.0
18/01/1998,1.0
19/01/1998,0.0
20/01/1998,0.0
21/01/1998,0.0
22/01/1998,0.0
23/01/1998,0.0
24/01/1998,7.5
25/01/1998,0.5
26/01/1998,0.5
27/01/1998,5.0
28/01/1998,16.0
29/01/1998,40.4
30/01/1998,52.1
31/01/1998,4.5
01/02/1998,1.5
02/02/1998,7.5
03/02/1998,4.5
04/02/1998,4.0
05/02/1998,0.0
06/02/1998,1.0
07/02/1998,0.0
08/02/1998,0.0
09/02/1998,0.0
10/02/1998,0.0
11/02/1998,0.0
12/02/1998,0.0
13/02/1998,0.0
14/02/1998,0.0
15/02/1998,0.0
16/02/1998,0.0
17/02/1998,0.0
18/02/1998,0.0
19/02/1998,0.0
20/02/1998,0.0
21/02/1998,0.0
22/02/1998,0.0
23/02/1998,0.0
24/02/1998,0.0
25/02/1998,0.0
26/02/1998,0.0
27/02/1998,0.0
28/02/1998,0.0
01/03/1998,0.0
02/03/1998,0.0
03/03/1998,0.0
04/03/1998,0.0
05/03/1998,0.0
06/03/1998,0.0
07/03/1998,2.5
08/03/1998,8.5
09/03/1998,12.0
10/03/1998,0.0
11/03/1998,0.0
12/03/1998,0.0
13/03/1998,0.0
14/03/1998,0.0
15/03/1998,0.0
16/03/1998,2.5
17/03/1998,0.0
18/03/1998,0.0
19/03/1998,0.0
20/03/1998,0.0
21/03/1998,0.0
22/03/1998,0.0
23/03/1998,0.5
24/03/1998,0.0
25/03/1998,0.0
26/03/1998,0.0
27/03/1998,15.0
28/03/1998,23.0
29/03/1998,0.5
30/03/1998,0.0
31/03/1998,0.0
01/04/1998,3.5
02/04/1998,0.0
03/04/1998,0.0
04/04/1998,0.0
05/04/1998,0.0
06/04/1998,0.0
07/04/1998,0.0
08/04/1998,0.0
09/04/1998,0.0
10/04/1998,0.0
11/04/1998,0.0
12/04/1998,0.0
13/04/1998,0.0
14/04/1998,0.0
15/04/1998,0.0
16/04/1998,0.0
17/04/1998,0.0
18/04/1998,0.0
19/04/1998,0.0
20/04/1998,0.0
21/04/1998,0.0
22/04/1998,0.0
23/04/1998,0.0
24/04/1998,0.0
25/04/1998,0.0
26/04/1998,0.0
27/04/1998,0.0
28/04/1998,0.0
29/04/1998,0.0
30/04/1998,0.0
01/05/1998,0.0
02/05/1998,0.0
03/05/1998,0.0
04/05/1998,0.0
05/05/1998,0.0
06/05/1998,13.0
07/05/1998,12.0
08/05/1998,0.5
09/05/1998,0.0
10/05/1998,0.0
11/05/1998,1.5
12/05/1998,1.5
13/05/1998,9.5
14/05/1998,0.0
15/05/1998,0.0
16/05/1998,0.0
17/05/1998,0.0
18/05/1998,0.0
19/05/1998,0.0
20/05/1998,0.0
21/05/1998,0.0
22/05/1998,2.0
23/05/1998,3.5
24/05/1998,7.5
25/05/1998,0.0
26/05/1998,0.5
27/05/1998,1.0
28/05/1998,0.0
29/05/1998,0.0
30/05/1998,0.0
31/05/1998,0.0
01/06/1998,7.0
02/06/1998,0.0
03/06/1998,0.0
04/06/1998,0.0
05/06/1998,0.0
06/06/1998,17.0
07/06/1998,88.0
08/06/1998,0.0
09/06/1998,10.0
10/06/1998,0.0
11/06/1998,4.5
12/06/1998,27.0
13/06/1998,2.5
14/06/1998,7.0
15/06/1998,0.0
16/06/1998,1.0
17/06/1998,46.3
18/06/1998,4.7
19/06/1998,0.0
20/06/1998,2.5
21/06/1998,16.0
22/06/1998,0.0
23/06/1998,2.0
24/06/1998,0.0
25/06/1998,45.5
26/06/1998,0.0
27/06/1998,6.5
28/06/1998,90.0
29/06/1998,2.5
30/06/1998,12.5
05/01/1999,1.3
06/01/1999,0.0
07/01/1999,0.0
08/01/1999,1.7
09/01/1999,1.6
10/01/1999,5.1
11/01/1999,3.2
12/01/1999,0.0
13/01/1999,23.5
14/01/1999,11.9
15/01/1999,2.1
16/01/1999,11.8
17/01/1999,25.6
18/01/1999,20.0
19/01/1999,5.1
20/01/1999,15.4
21/01/1999,20.9
22/01/1999,38.0
23/01/1999,37.6
24/01/1999,24.7
25/01/1999,45.0
26/01/1999,24.6
27/01/1999,0.5
28/01/1999,2.8
29/01/1999,1.5
30/01/1999,19.0
31/01/1999,0.6
01/02/1999,5.7
02/02/1999,8.0
03/02/1999,8.5
04/02/1999,2.3
05/02/1999,1.6
06/02/1999,3.9
07/02/1999,0.0
08/02/1999,0.4
09/02/1999,0.0
10/02/1999,1.5
11/02/1999,127.7
12/02/1999,23.5
13/02/1999,79.4
14/02/1999,81.6
15/02/1999,0.0
16/02/1999,0.0
17/02/1999,0.5
18/02/1999,0.0
19/02/1999,0.0
20/02/1999,0.0
21/02/1999,3.4
22/02/1999,0.0
23/02/1999,0.0
24/02/1999,0.0
25/02/1999,1.8
26/02/1999,0.0
27/02/1999,0.0
28/02/1999,15.9
01/03/1999,62.1
02/03/1999,0.0
03/03/1999,0.0
04/03/1999,6.6
05/03/1999,0.0
06/03/1999,8.4
07/03/1999,9.0
08/03/1999,0.6
09/03/1999,0.0
10/03/1999,0.0
11/03/1999,0.0
12/03/1999,0.0
13/03/1999,0.0
14/03/1999,0.0
15/03/1999,0.0
16/03/1999,0.0
17/03/1999,0.0
18/03/1999,0.0
19/03/1999,0.0
20/03/1999,3.1
21/03/1999,0.0
22/03/1999,0.0
23/03/1999,13.4
24/03/1999,8.7
25/03/1999,7.7
26/03/1999,37.5
27/03/1999,20.9
28/03/1999,0.0
29/03/1999,19.2
30/03/1999,0.0
31/03/1999,0.5
01/04/1999,0.0
02/04/1999,0.0
03/04/1999,8.9
04/04/1999,42.5
05/04/1999,47.3
06/04/1999,0.0
07/04/1999,19.0
08/04/1999,1.1
09/04/1999,4.1
10/04/1999,13.1
11/04/1999,2.6
12/04/1999,0.0
13/04/1999,1.1
14/04/1999,2.0
15/04/1999,0.0
16/04/1999,32.6
17/04/1999,0.4
18/04/1999,0.0
19/04/1999,47.2
20/04/1999,0.0
21/04/1999,4.8
22/04/1999,17.4
23/04/1999,0.0
24/04/1999,0.0
25/04/1999,0.0
26/04/1999,0.0
27/04/1999,0.0
28/04/1999,0.0
29/04/1999,0.0
30/04/1999,15.0
01/05/1999,0.0
02/05/1999,0.0
03/05/1999,0.0
04/05/1999,0.0
05/05/1999,0.0
06/05/1999,1.5
07/05/1999,4.0
08/05/1999,0.0
09/05/1999,50.7
10/05/1999,0.4
11/05/1999,5.2
12/05/1999,1.1
13/05/1999,0.0
14/05/1999,4.2
15/05/1999,34.0
16/05/1999,2.0
17/05/1999,0.0
18/05/1999,2.6
19/05/1999,0.0
20/05/1999,0.0
21/05/1999,40.3
22/05/1999,0.0
23/05/1999,0.0
24/05/1999,27.8
25/05/1999,9.0
26/05/1999,1.2
27/05/1999,9.2
28/05/1999,29.5
29/05/1999,0.0
30/05/1999,0.0
31/05/1999,0.8
01/06/1999,0.0
02/06/1999,0.9
03/06/1999,0.5
04/06/1999,0.0
05/06/1999,0.0
06/06/1999,1.4
07/06/1999,17.1
08/06/1999,0.0
09/06/1999,13.0
10/06/1999,9.1
11/06/1999,47.2
12/06/1999,3.0
13/06/1999,0.0
14/06/1999,0.6
15/06/1999,36.3
16/06/1999,13.6
17/06/1999,0.0
18/06/1999,0.0
19/06/1999,0.0
20/06/1999,31.7
21/06/1999,0.0
22/06/1999,1.8
23/06/1999,0.0
24/06/1999,28.0
25/06/1999,1.2
26/06/1999,0.0
27/06/1999,8.6
28/06/1999,0.0
29/06/1999,12.0
30/06/1999,8.2
01/07/1999,2.1
02/07/1999,19.9
03/07/1999,2.6
04/07/1999,0.0
05/07/1999,9.7
06/07/1999,0.0
07/07/1999,0.0
08/07/1999,0.0
09/07/1999,0.0
10/07/1999,0.0
11/07/1999,0.0
12/07/1999,0.0
13/07/1999,0.0
14/07/1999,1.3
15/07/1999,3.5
16/07/1999,0.8
17/07/1999,15.7
18/07/1999,0.3
19/07/1999,7.4
20/07/1999,0.2
21/07/1999,0.0
22/07/1999,17.3
23/07/1999,8.4
24/07/1999,0.0
25/07/1999,0.0
26/07/1999,0.0
27/07/1999,0.0
28/07/1999,0.0
29/07/1999,22.8
30/07/1999,0.6
31/07/1999,0.0
01/08/1999,0.0
02/08/1999,2.0
03/08/1999,22.5
04/08/1999,3.1
05/08/1999,5.4
06/08/1999,19.2
07/08/1999,0.0
08/08/1999,4.4
09/08/1999,0.0
10/08/1999,15.0
11/08/1999,0.0
12/08/1999,17.1
13/08/1999,5.0
14/08/1999,2.1
15/08/1999,0.0
16/08/1999,0.0
17/08/1999,7.8
18/08/1999,0.6
19/08/1999,15.1
20/08/1999,0.0
21/08/1999,9.5
22/08/1999,26.8
23/08/1999,1.2
24/08/1999,0.0
25/08/1999,45.8
26/08/1999,3.7
27/08/1999,4.5
28/08/1999,0.7
29/08/1999,4.6
30/08/1999,0.0
31/08/1999,0.0
01/09/1999,0.0
02/09/1999,1.0
03/09/1999,1.1
04/09/1999,0.6
05/09/1999,0.0
06/09/1999,2.3
07/09/1999,3.2
08/09/1999,8.2
09/09/1999,0.0
10/09/1999,10.3
11/09/1999,3.6
12/09/1999,0.0
13/09/1999,0.0
14/09/1999,0.0
15/09/1999,0.0
16/09/1999,1.2
17/09/1999,36.3
18/09/1999,28.2
19/09/1999,6.0
20/09/1999,5.5
21/09/1999,0.0
22/09/1999,60.8
23/09/1999,3.0
24/09/1999,0.0
25/09/1999,0.0
26/09/1999,1.1
27/09/1999,9.6
28/09/1999,0.4
29/09/1999,0.5
30/09/1999,0.0
01/10/1999,28.3
02/10/1999,0.0
03/10/1999,7.8
04/10/1999,0.0
05/10/1999,1.2
06/10/1999,0.6
07/10/1999,7.1
08/10/1999,32.6
09/10/1999,6.9
10/10/1999,27.6
11/10/1999,20.3
12/10/1999,0.5
13/10/1999,0.0
14/10/1999,0.0
15/10/1999,0.0
16/10/1999,0.0
17/10/1999,48.2
18/10/1999,7.0
19/10/1999,0.0
20/10/1999,6.8
21/10/1999,2.6
22/10/1999,10.0
23/10/1999,1.0
24/10/1999,16.0
25/10/1999,2.2
26/10/1999,3.9
27/10/1999,0.4
28/10/1999,7.0
29/10/1999,4.5
30/10/1999,0.5
31/10/1999,2.4
01/11/1999,0.0
02/11/1999,0.0
03/11/1999,0.0
04/11/1999,0.0
05/11/1999,0.0
06/11/1999,0.0
07/11/1999,4.6
08/11/1999,2.1
09/11/1999,6.3
10/11/1999,0.6
11/11/1999,37.1
12/11/1999,6.1
13/11/1999,7.5
14/11/1999,0.0
15/11/1999,0.0
16/11/1999,0.0
17/11/1999,38.7
18/11/1999,43.2
19/11/1999,55.8
20/11/1999,103.1
21/11/1999,39.5
22/11/1999,2.3
23/11/1999,0.5
24/11/1999,27.6
25/11/1999,0.0
26/11/1999,3.6
27/11/1999,6.0
28/11/1999,45.3
29/11/1999,11.3
30/11/1999,62.4
01/12/1999,5.5
02/12/1999,3.3
03/12/1999,0.7
04/12/1999,0.0
05/12/1999,24.0
06/12/1999,20.3
07/12/1999,47.6
08/12/1999,63.0
09/12/1999,1.5
10/12/1999,0.0
11/12/1999,7.8
12/12/1999,7.1
13/12/1999,46.1
14/12/1999,41.8
15/12/1999,55.9
16/12/1999,0.0
17/12/1999,0.0
18/12/1999,0.0
19/12/1999,2.3
20/12/1999,43.7
21/12/1999,48.4
22/12/1999,86.8
23/12/1999,24.2
24/12/1999,4.8
25/12/1999,0.0
26/12/1999,0.0
27/12/1999,4.0
28/12/1999,5.2
29/12/1999,50.8
30/12/1999,16.2
31/12/1999,17.7
01/01/2000,46.5
02/01/2000,56.7
03/01/2000,37.0
04/01/2000,23.2
05/01/2000,2.3
06/01/2000,14.7
07/01/2000,2.8
08/01/2000,0.0
09/01/2000,0.0
10/01/2000,5.2
11/01/2000,44.1
12/01/2000,0.0
13/01/2000,5.1
14/01/2000,0.0
15/01/2000,0.0
16/01/2000,12.4
17/01/2000,3.3
18/01/2000,0.9
19/01/2000,11.8
20/01/2000,1.3
21/01/2000,2.6
22/01/2000,1.2
23/01/2000,10.2
24/01/2000,7.2
25/01/2000,29.0
26/01/2000,3.9
27/01/2000,0.0
28/01/2000,21.2
29/01/2000,11.1
30/01/2000,35.2
31/01/2000,31.4
01/02/2000,5.5
02/02/2000,0.0
03/02/2000,0.0
04/02/2000,0.0
05/02/2000,0.0
06/02/2000,0.0
07/02/2000,0.0
08/02/2000,5.4
09/02/2000,0.0
10/02/2000,0.0
11/02/2000,0.0
12/02/2000,0.0
13/02/2000,4.6
14/02/2000,3.5
15/02/2000,6.6
16/02/2000,4.5
17/02/2000,2.0
18/02/2000,7.2
19/02/2000,57.7
20/02/2000,0.0
21/02/2000,0.0
22/02/2000,0.0
23/02/2000,0.0
24/02/2000,0.4
25/02/2000,2.0
26/02/2000,23.6
27/02/2000,12.2
28/02/2000,69.8
29/02/2000,82.2
01/03/2000,47.6
02/03/2000,19.1
03/03/2000,58.1
04/03/2000,0.0
05/03/2000,0.0
06/03/2000,0.0
07/03/2000,29.8
08/03/2000,0.0
09/03/2000,0.0
10/03/2000,0.0
11/03/2000,42.5
12/03/2000,55.8
13/03/2000,0.0
14/03/2000,0.0
15/03/2000,0.0
16/03/2000,0.0
17/03/2000,0.0
18/03/2000,0.0
19/03/2000,0.0
20/03/2000,0.0
21/03/2000,0.0
22/03/2000,0.0
23/03/2000,0.0
24/03/2000,4.6
25/03/2000,28.0
26/03/2000,136.0
27/03/2000,19.7
28/03/2000,33.1
29/03/2000,0.6
30/03/2000,45.3
31/03/2000,0.0
01/04/2000,19.7
02/04/2000,15.8
03/04/2000,0.0
04/04/2000,0.0
05/04/2000,0.0
06/04/2000,0.0
07/04/2000,0.5
08/04/2000,0.2
09/04/2000,0.0
10/04/2000,20.1
11/04/2000,11.5
12/04/2000,14.0
13/04/2000,0.0
14/04/2000,0.0
15/04/2000,0.0
16/04/2000,23.7
17/04/2000,9.4
18/04/2000,0.0
19/04/2000,15.1
20/04/2000,2.3
21/04/2000,0.0
22/04/2000,5.0
23/04/2000,29.0
24/04/2000,1.8
25/04/2000,0.0
26/04/2000,0.0
27/04/2000,3.3
28/04/2000,0.0
29/04/2000,0.0
30/04/2000,15.3
01/05/2000,0.0
02/05/2000,20.6
03/05/2000,23.7
04/05/2000,0.0
05/05/2000,0.7
06/05/2000,0.5
07/05/2000,3.2
08/05/2000,0.0
09/05/2000,0.0
10/05/2000,0.0
11/05/2000,0.0
12/05/2000,0.0
13/05/2000,7.3
14/05/2000,15.3
15/05/2000,1.0
16/05/2000,4.0
17/05/2000,0.0
18/05/2000,0.0
19/05/2000,0.0
20/05/2000,17.9
21/05/2000,19.2
22/05/2000,0.0
23/05/2000,0.6
24/05/2000,25.5
25/05/2000,18.3
26/05/2000,0.0
27/05/2000,0.0
28/05/2000,9.1
29/05/2000,0.2
30/05/2000,17.2
31/05/2000,2.5
01/06/2000,1.4
02/06/2000,10.8
03/06/2000,0.7
04/06/2000,31.1
05/06/2000,0.2
06/06/2000,0.0
07/06/2000,2.2
08/06/2000,1.9
09/06/2000,0.0
10/06/2000,12.5
11/06/2000,32.5
12/06/2000,0.0
13/06/2000,26.3
14/06/2000,0.6
15/06/2000,5.5
16/06/2000,0.7
17/06/2000,1.6
18/06/2000,0.0
19/06/2000,0.0
20/06/2000,0.0
21/06/2000,0.0
22/06/2000,56.7
23/06/2000,10.0
24/06/2000,26.0
25/06/2000,0.3
26/06/2000,20.7
27/06/2000,5.9
28/06/2000,0.0
29/06/2000,0.8
30/06/2000,0.0
01/07/2000,0.0
02/07/2000,4.7
03/07/2000,1.4
04/07/2000,0.4
05/07/2000,11.6
06/07/2000,0.0
07/07/2000,0.0
08/07/2000,0.0
09/07/2000,0.0
10/07/2000,0.0
11/07/2000,0.0
12/07/2000,0.0
13/07/2000,0.0
14/07/2000,0.0
15/07/2000,0.0
16/07/2000,0.0
17/07/2000,0.0
18/07/2000,0.0
19/07/2000,0.0
20/07/2000,0.0
21/07/2000,4.7
22/07/2000,0.0
23/07/2000,0.0
24/07/2000,10.3
25/07/2000,14.4
26/07/2000,0.5
27/07/2000,1.8
28/07/2000,0.0
29/07/2000,1.1
30/07/2000,0.0
31/07/2000,0.0
01/08/2000,1.7
02/08/2000,10.6
03/08/2000,0.8
04/08/2000,2.6
05/08/2000,0.7
06/08/2000,2.0
07/08/2000,1.0
08/08/2000,5.6
09/08/2000,0.0
10/08/2000,8.7
11/08/2000,0.0
12/08/2000,1.5
13/08/2000,14.1
14/08/2000,0.6
15/08/2000,2.2
16/08/2000,0.0
17/08/2000,0.0
18/08/2000,0.0
19/08/2000,0.0
20/08/2000,29.6
21/08/2000,0.6
22/08/2000,0.0
23/08/2000,0.0
24/08/2000,0.0
25/08/2000,7.0
26/08/2000,0.3
27/08/2000,0.0
28/08/2000,23.6
29/08/2000,0.5
30/08/2000,0.7
31/08/2000,15.7
01/09/2000,12.0
02/09/2000,0.0
03/09/2000,0.0
04/09/2000,2.3
05/09/2000,0.0
06/09/2000,1.3
07/09/2000,0.5
08/09/2000,5.0
09/09/2000,21.0
10/09/2000,0.7
11/09/2000,0.0
12/09/2000,0.0
13/09/2000,0.7
14/09/2000,30.4
15/09/2000,52.5
16/09/2000,16.7
17/09/2000,0.0
18/09/2000,0.0
19/09/2000,15.1
20/09/2000,14.5
21/09/2000,18.0
22/09/2000,13.6
23/09/2000,0.0
24/09/2000,13.9
25/09/2000,2.4
26/09/2000,2.4
27/09/2000,9.1
28/09/2000,3.5
29/09/2000,4.7
30/09/2000,0.7
01/10/2000,5.7
02/10/2000,1.3
03/10/2000,4.0
04/10/2000,11.5
05/10/2000,2.9
06/10/2000,0.0
07/10/2000,2.6
08/10/2000,1.6
09/10/2000,26.0
10/10/2000,10.2
11/10/2000,4.7
12/10/2000,4.9
13/10/2000,0.0
14/10/2000,0.9
15/10/2000,4.1
16/10/2000,18.8
17/10/2000,7.0
18/10/2000,24.4
19/10/2000,24.3
20/10/2000,14.4
21/10/2000,13.0
22/10/2000,6.6
23/10/2000,3.9
24/10/2000,20.4
25/10/2000,1.1
26/10/2000,0.0
27/10/2000,0.0
28/10/2000,0.0
29/10/2000,0.0
30/10/2000,0.0
31/10/2000,0.0
01/11/2000,4.8
02/11/2000,1.7
03/11/2000,0.0
04/11/2000,9.8
05/11/2000,28.5
06/11/2000,0.0
07/11/2000,28.3
08/11/2000,2.6
09/11/2000,31.3
10/11/2000,0.0
11/11/2000,15.3
12/11/2000,0.0
13/11/2000,0.0
14/11/2000,26.3
15/11/2000,147.9
16/11/2000,10.7
17/11/2000,13.2
18/11/2000,2.7
19/11/2000,6.3
20/11/2000,6.3
21/11/2000,92.6
22/11/2000,319.8
23/11/2000,6.3
24/11/2000,0.0
25/11/2000,0.0
26/11/2000,14.6
27/11/2000,3.7
28/11/2000,12.6
29/11/2000,0.8
30/11/2000,7.4
01/12/2000,8.1
02/12/2000,0.0
03/12/2000,0.0
04/12/2000,0.0
05/12/2000,0.0
06/12/2000,0.0
07/12/2000,0.0
08/12/2000,0.0
09/12/2000,0.0
10/12/2000,0.0
11/12/2000,15.2
12/12/2000,0.0
13/12/2000,0.4
14/12/2000,31.7
15/12/2000,10.4
16/12/2000,5.1
17/12/2000,241.9
18/12/2000,59.5
19/12/2000,37.1
20/12/2000,12.0
21/12/2000,66.1
22/12/2000,40.4
23/12/2000,6.1
24/12/2000,0.7
25/12/2000,3.2
26/12/2000,0.0
27/12/2000,0.5
28/12/2000,7.5
29/12/2000,5.3
30/12/2000,2.4
31/12/2000,52.2
01/01/2001,18.2
02/01/2001,2.0
03/01/2001,0.0
04/01/2001,0.0
05/01/2001,0.0
06/01/2001,0.0
07/01/2001,0.0
08/01/2001,0.5
09/01/2001,0.0
10/01/2001,0.0
11/01/2001,0.0
12/01/2001,0.0
13/01/2001,69.5
14/01/2001,15.2
15/01/2001,34.3
16/01/2001,21.8
17/01/2001,75.8
18/01/2001,242.2
19/01/2001,74.1
20/01/2001,1.1
21/01/2001,31.7
22/01/2001,20.7
23/01/2001,0.0
24/01/2001,2.2
25/01/2001,10.1
26/01/2001,0.8
27/01/2001,0.0
28/01/2001,0.0
29/01/2001,3.2
30/01/2001,1.2
31/01/2001,0.0
01/02/2001,0.0
02/02/2001,0.0
03/02/2001,0.0
04/02/2001,0.0
05/02/2001,30.2
06/02/2001,6.4
07/02/2001,0.0
08/02/2001,7.7
09/02/2001,0.0
10/02/2001,0.0
11/02/2001,16.3
12/02/2001,0.2
13/02/2001,2.1
14/02/2001,30.5
15/02/2001,6.0
16/02/2001,3.5
17/02/2001,0.0
18/02/2001,0.0
19/02/2001,0.0
20/02/2001,0.0
21/02/2001,0.0
22/02/2001,0.0
23/02/2001,0.0
24/02/2001,0.0
25/02/2001,0.0
26/02/2001,0.0
27/02/2001,0.0
28/02/2001,0.0
01/03/2001,0.0
02/03/2001,1.1
03/03/2001,0.0
04/03/2001,10.4
05/03/2001,34.9
06/03/2001,54.9
07/03/2001,24.9
08/03/2001,19.2
09/03/2001,79.1
10/03/2001,13.6
11/03/2001,10.6
12/03/2001,32.9
13/03/2001,0.2
14/03/2001,9.8
15/03/2001,0.0
16/03/2001,5.0
17/03/2001,10.0
18/03/2001,3.4
19/03/2001,0.0
20/03/2001,0.0
21/03/2001,0.0
22/03/2001,0.0
23/03/2001,0.0
24/03/2001,0.0
25/03/2001,0.0
26/03/2001,0.0
27/03/2001,0.0
28/03/2001,0.0
29/03/2001,0.0
30/03/2001,0.0
31/03/2001,0.0
01/04/2001,0.0
02/04/2001,0.0
03/04/2001,0.0
04/04/2001,0.0
05/04/2001,0.0
06/04/2001,0.0
07/04/2001,0.0
08/04/2001,0.0
09/04/2001,0.0
10/04/2001,0.0
11/04/2001,0.0
12/04/2001,0.0
13/04/2001,16.9
14/04/2001,0.0
15/04/2001,0.0
16/04/2001,0.0
17/04/2001,0.0
18/04/2001,0.0
19/04/2001,0.0
20/04/2001,0.0
21/04/2001,0.0
22/04/2001,0.0
23/04/2001,0.0
24/04/2001,0.0
25/04/2001,0.0
26/04/2001,0.0
27/04/2001,0.0
28/04/2001,2.1
29/04/2001,23.5
30/04/2001,2.7
01/05/2001,5.0
02/05/2001,0.0
03/05/2001,9.0
04/05/2001,0.8
05/05/2001,3.2
06/05/2001,0.0
07/05/2001,50.2
08/05/2001,6.5
09/05/2001,0.0
10/05/2001,0.0
11/05/2001,12.3
12/05/2001,0.9
17/05/2001,2.3
18/05/2001,8.4
19/05/2001,0.0
20/05/2001,0.0
21/05/2001,0.9
22/05/2001,45.5
23/05/2001,13.4
24/05/2001,21.4
25/05/2001,1.1
26/05/2001,0.0
27/05/2001,1.8
28/05/2001,0.2
29/05/2001,0.0
30/05/2001,27.2
31/05/2001,0.0
01/06/2001,0.0
02/06/2001,0.6
03/06/2001,0.0
04/06/2001,18.6
05/06/2001,0.0
06/06/2001,1.5
07/06/2001,39.8
08/06/2001,0.0
09/06/2001,0.0
10/06/2001,11.8
11/06/2001,0.2
12/06/2001,0.0
13/06/2001,0.0
14/06/2001,0.0
15/06/2001,0.0
16/06/2001,1.1
17/06/2001,0.0
18/06/2001,0.0
19/06/2001,0.0
20/06/2001,0.0
21/06/2001,0.0
22/06/2001,0.0
23/06/2001,0.0
24/06/2001,0.0
25/06/2001,0.0
26/06/2001,0.0
27/06/2001,1.6
28/06/2001,9.9
29/06/2001,0.0
30/06/2001,0.0
01/07/2001,0.0
02/07/2001,0.0
03/07/2001,0.0
04/07/2001,0.0
05/07/2001,0.0
06/07/2001,0.0
07/07/2001,0.0
08/07/2001,0.0
09/07/2001,0.0
10/07/2001,0.0
11/07/2001,22.8
12/07/2001,16.0
13/07/2001,1.4
14/07/2001,4.1
15/07/2001,12.1
16/07/2001,3.9
17/07/2001,0.0
18/07/2001,0.0
19/07/2001,0.0
20/07/2001,62.8
21/07/2001,8.0
22/07/2001,17.7
23/07/2001,1.1
24/07/2001,59.0
25/07/2001,0.0
26/07/2001,0.0
27/07/2001,1.9
28/07/2001,2.2
29/07/2001,0.0
30/07/2001,1.8
31/07/2001,13.8
01/08/2001,0.6
02/08/2001,22.7
03/08/2001,1.4
04/08/2001,2.8
05/08/2001,13.1
06/08/2001,0.0
07/08/2001,19.1
08/08/2001,37.2
09/08/2001,0.0
10/08/2001,1.6
11/08/2001,0.0
12/08/2001,5.7
13/08/2001,26.8
14/08/2001,0.0
15/08/2001,0.0
16/08/2001,0.0
17/08/2001,0.0
18/08/2001,0.0
19/08/2001,0.9
20/08/2001,11.7
21/08/2001,6.9
22/08/2001,0.8
23/08/2001,0.0
24/08/2001,20.3
25/08/2001,0.6
26/08/2001,7.2
27/08/2001,6.6
28/08/2001,0.0
29/08/2001,0.0
30/08/2001,0.0
31/08/2001,0.0
01/09/2001,0.6
02/09/2001,0.0
03/09/2001,0.0
04/09/2001,0.0
05/09/2001,2.4
06/09/2001,3.3
07/09/2001,0.0
08/09/2001,0.0
09/09/2001,0.0
10/09/2001,23.5
11/09/2001,0.0
12/09/2001,1.1
13/09/2001,1.4
14/09/2001,0.0
15/09/2001,0.0
16/09/2001,12.0
17/09/2001,63.4
18/09/2001,0.7
19/09/2001,33.9
20/09/2001,6.7
21/09/2001,0.0
22/09/2001,8.0
23/09/2001,1.7
24/09/2001,27.2
25/09/2001,18.3
26/09/2001,26.6
27/09/2001,13.8
28/09/2001,1.5
29/09/2001,2.4
30/09/2001,0.0
01/10/2001,0.9
02/10/2001,78.6
03/10/2001,4.0
04/10/2001,0.0
05/10/2001,3.9
06/10/2001,1.8
07/10/2001,1.2
08/10/2001,2.1
09/10/2001,0.0
10/10/2001,1.5
11/10/2001,16.7
12/10/2001,0.0
13/10/2001,0.0
14/10/2001,0.6
15/10/2001,13.6
16/10/2001,7.9
17/10/2001,0.0
18/10/2001,2.8
19/10/2001,45.0
20/10/2001,0.9
21/10/2001,6.9
22/10/2001,11.5
23/10/2001,17.6
24/10/2001,8.7
25/10/2001,2.2
26/10/2001,0.0
27/10/2001,9.1
28/10/2001,11.8
29/10/2001,18.0
30/10/2001,11.3
31/10/2001,0.0
01/11/2001,1.9
02/11/2001,3.0
03/11/2001,35.6
04/11/2001,23.4
05/11/2001,12.8
06/11/2001,28.0
07/11/2001,0.0
08/11/2001,19.0
09/11/2001,13.2
10/11/2001,0.0
11/11/2001,0.5
12/11/2001,10.1
13/11/2001,25.8
14/11/2001,69.3
15/11/2001,21.5
16/11/2001,9.8
17/11/2001,96.8
18/11/2001,77.3
19/11/2001,11.6
20/11/2001,18.1
21/11/2001,1.8
22/11/2001,2.4
23/11/2001,0.0
24/11/2001,33.9
25/11/2001,6.5
26/11/2001,23.1
27/11/2001,1.6
28/11/2001,0.2
29/11/2001,0.0
30/11/2001,4.8
01/12/2001,11.9
02/12/2001,9.4
03/12/2001,0.0
04/12/2001,0.0
05/12/2001,0.0
06/12/2001,9.6
07/12/2001,0.5
08/12/2001,0.0
09/12/2001,0.0
10/12/2001,1.3
11/12/2001,3.0
12/12/2001,0.0
13/12/2001,0.0
14/12/2001,92.1
15/12/2001,133.6
16/12/2001,6.9
17/12/2001,0.0
18/12/2001,20.8
19/12/2001,2.3
20/12/2001,32.4
21/12/2001,54.2
22/12/2001,104.3
23/12/2001,121.0
24/12/2001,9.7
25/12/2001,15.3
26/12/2001,8.2
27/12/2001,32.7
28/12/2001,117.6
29/12/2001,86.0
30/12/2001,3.3
31/12/2001,0.0
01/01/2002,0.0
02/01/2002,0.0
03/01/2002,0.5
04/01/2002,2.5
05/01/2002,22.6
06/01/2002,5.1
07/01/2002,8.2
08/01/2002,12.8
09/01/2002,4.7
10/01/2002,9.2
11/01/2002,8.9
12/01/2002,28.9
13/01/2002,0.0
14/01/2002,0.8
15/01/2002,0.5
16/01/2002,0.0
17/01/2002,0.0
18/01/2002,0.0
19/01/2002,0.7
20/01/2002,19.7
21/01/2002,4.5
22/01/2002,14.0
23/01/2002,2.8
24/01/2002,19.7
25/01/2002,9.7
26/01/2002,0.8
27/01/2002,0.0
28/01/2002,2.0
29/01/2002,6.1
30/01/2002,8.8
31/01/2002,1.8
01/02/2002,0.0
02/02/2002,24.8
03/02/2002,0.7
04/02/2002,0.0
05/02/2002,0.0
06/02/2002,0.0
07/02/2002,0.0
08/02/2002,0.0
09/02/2002,0.0
10/02/2002,0.0
11/02/2002,0.0
12/02/2002,0.5
13/02/2002,3.6
14/02/2002,0.0
15/02/2002,0.0
16/02/2002,0.0
17/02/2002,0.0
18/02/2002,0.0
19/02/2002,0.0
20/02/2002,3.4
21/02/2002,11.2
22/02/2002,8.3
23/02/2002,0.0
24/02/2002,0.0
25/02/2002,0.0
26/02/2002,2.4
27/02/2002,0.9
28/02/2002,0.0
01/03/2002,0.0
02/03/2002,0.0
03/03/2002,0.0
04/03/2002,0.0
05/03/2002,0.0
06/03/2002,0.0
07/03/2002,0.0
08/03/2002,0.0
09/03/2002,0.0
10/03/2002,6.0
11/03/2002,0.0
12/03/2002,0.0
13/03/2002,0.0
14/03/2002,0.0
15/03/2002,0.0
16/03/2002,0.0
17/03/2002,0.0
18/03/2002,0.0
19/03/2002,12.2
20/03/2002,250.2
21/03/2002,9.2
22/03/2002,25.6
23/03/2002,0.0
24/03/2002,1.0
25/03/2002,0.0
26/03/2002,0.0
27/03/2002,0.0
28/03/2002,0.0
29/03/2002,0.0
30/03/2002,0.0
31/03/2002,0.0
01/04/2002,0.0
02/04/2002,0.0
03/04/2002,1.8
04/04/2002,0.0
05/04/2002,0.7
06/04/2002,20.9
07/04/2002,0.0
08/04/2002,1.2
09/04/2002,11.8
10/04/2002,0.0
11/04/2002,0.0
12/04/2002,0.0
13/04/2002,16.1
14/04/2002,6.6
15/04/2002,0.0
16/04/2002,2.7
17/04/2002,0.0
18/04/2002,0.0
19/04/2002,0.0
20/04/2002,0.0
21/04/2002,0.7
22/04/2002,0.0
23/04/2002,0.0
24/04/2002,0.0
25/04/2002,45.5
26/04/2002,0.0
27/04/2002,1.9
28/04/2002,11.4
29/04/2002,6.8
30/04/2002,4.2
01/05/2002,0.0
02/05/2002,0.0
03/05/2002,0.0
04/05/2002,3.1
05/05/2002,1.0
06/05/2002,3.9
07/05/2002,13.7
08/05/2002,0.8
09/05/2002,0.0
10/05/2002,0.0
11/05/2002,0.0
12/05/2002,0.0
13/05/2002,0.0
14/05/2002,0.0
15/05/2002,0.0
16/05/2002,0.0
17/05/2002,0.0
18/05/2002,0.0
19/05/2002,1.5
20/05/2002,53.0
21/05/2002,0.6
22/05/2002,19.4
23/05/2002,0.0
24/05/2002,0.0
25/05/2002,0.0
26/05/2002,0.0
27/05/2002,0.0
28/05/2002,2.5
29/05/2002,0.0
30/05/2002,10.6
31/05/2002,0.8
01/06/2002,0.0
02/06/2002,12.2
03/06/2002,0.0
04/06/2002,0.0
05/06/2002,0.0
06/06/2002,0.0
07/06/2002,44.2
08/06/2002,0.1
09/06/2002,0.5
10/06/2002,0.0
11/06/2002,5.2
12/06/2002,8.8
13/06/2002,0.0
14/06/2002,2.0
15/06/2002,0.0
16/06/2002,15.5
17/06/2002,0.0
18/06/2002,0.0
19/06/2002,0.0
20/06/2002,0.0
21/06/2002,0.0
22/06/2002,0.0
23/06/2002,0.0
24/06/2002,0.0
25/06/2002,0.0
26/06/2002,0.0
27/06/2002,9.0
28/06/2002,0.7
29/06/2002,0.0
30/06/2002,21.0
01/07/2002,0.0
02/07/2002,1.4
03/07/2002,7.9
04/07/2002,0.0
05/07/2002,0.0
06/07/2002,0.0
07/07/2002,0.0
08/07/2002,0.0
09/07/2002,13.4
10/07/2002,0.0
11/07/2002,0.0
12/07/2002,0.0
13/07/2002,0.0
14/07/2002,0.0
15/07/2002,0.0
16/07/2002,0.0
17/07/2002,0.5
18/07/2002,7.5
19/07/2002,0.0
20/07/2002,0.0
21/07/2002,2.2
22/07/2002,14.8
23/07/2002,31.4
24/07/2002,0.5
25/07/2002,18.4
26/07/2002,25.8
27/07/2002,0.0
28/07/2002,0.1
29/07/2002,0.1
30/07/2002,0.6
31/07/2002,9.2
01/08/2002,0.0
02/08/2002,18.9
03/08/2002,0.0
04/08/2002,0.0
05/08/2002,0.0
06/08/2002,0.0
07/08/2002,53.3
08/08/2002,0.4
09/08/2002,41.3
10/08/2002,4.8
11/08/2002,5.4
12/08/2002,31.6
13/08/2002,0.0
14/08/2002,0.0
15/08/2002,0.0
16/08/2002,0.0
17/08/2002,0.0
18/08/2002,0.0
19/08/2002,0.0
20/08/2002,0.0
21/08/2002,13.1
22/08/2002,3.8
23/08/2002,11.6
24/08/2002,0.0
25/08/2002,0.0
26/08/2002,0.0
27/08/2002,0.0
28/08/2002,0.0
29/08/2002,5.1
30/08/2002,44.1
31/08/2002,6.5
01/09/2002,0.8
02/09/2002,5.4
03/09/2002,13.4
04/09/2002,0.6
05/09/2002,1.6
06/09/2002,0.0
07/09/2002,4.5
08/09/2002,0.0
09/09/2002,0.0
10/09/2002,22.4
11/09/2002,0.9
12/09/2002,0.0
13/09/2002,0.0
14/09/2002,0.0
15/09/2002,0.0
16/09/2002,0.1
17/09/2002,0.9
18/09/2002,3.7
19/09/2002,1.4
20/09/2002,0.6
21/09/2002,0.6
22/09/2002,34.6
23/09/2002,27.0
24/09/2002,10.6
25/09/2002,1.0
26/09/2002,0.0
27/09/2002,11.6
28/09/2002,25.1
29/09/2002,1.1
30/09/2002,0.0
01/10/2002,32.0
02/10/2002,0.0
03/10/2002,75.4
04/10/2002,21.2
05/10/2002,0.0
06/10/2002,0.0
07/10/2002,0.9
08/10/2002,28.5
09/10/2002,20.8
10/10/2002,1.7
11/10/2002,112.7
12/10/2002,24.2
13/10/2002,3.6
14/10/2002,0.0
15/10/2002,0.0
16/10/2002,2.2
17/10/2002,0.0
18/10/2002,1.8
19/10/2002,0.0
20/10/2002,14.9
21/10/2002,33.0
22/10/2002,0.0
23/10/2002,58.9
24/10/2002,0.0
25/10/2002,2.2
26/10/2002,10.1
27/10/2002,0.0
28/10/2002,0.0
29/10/2002,0.0
30/10/2002,0.0
31/10/2002,0.0
01/11/2002,0.0
02/11/2002,4.0
03/11/2002,18.2
04/11/2002,4.3
05/11/2002,25.1
06/11/2002,14.9
07/11/2002,0.5
08/11/2002,46.3
09/11/2002,45.8
10/11/2002,17.4
11/11/2002,3.1
12/11/2002,0.0
13/11/2002,0.0
14/11/2002,4.1
15/11/2002,0.0
16/11/2002,0.0
17/11/2002,0.0
18/11/2002,63.4
19/11/2002,42.7
20/11/2002,0.5
21/11/2002,0.0
22/11/2002,0.0
23/11/2002,1.7
24/11/2002,4.5
25/11/2002,21.9
26/11/2002,0.0
27/11/2002,0.0
28/11/2002,0.0
29/11/2002,0.0
30/11/2002,0.0
01/12/2002,36.5
02/12/2002,0.0
03/12/2002,0.0
04/12/2002,0.0
05/12/2002,1.5
06/12/2002,19.6
07/12/2002,0.0
08/12/2002,20.2
09/12/2002,25.3
10/12/2002,82.0
11/12/2002,96.3
12/12/2002,1.7
13/12/2002,92.8
14/12/2002,50.4
15/12/2002,29.1
16/12/2002,23.8
17/12/2002,19.3
18/12/2002,17.0
19/12/2002,44.1
20/12/2002,3.7
21/12/2002,45.5
22/12/2002,0.0
23/12/2002,0.0
24/12/2002,47.4
25/12/2002,12.4
26/12/2002,40.1
27/12/2002,7.0
28/12/2002,0.0
29/12/2002,18.4
30/12/2002,1.8
31/12/2002,63.4
01/01/2003,19.5
02/01/2003,40.7
03/01/2003,12.9
04/01/2003,9.7
05/01/2003,3.4
06/01/2003,26.0
07/01/2003,10.9
08/01/2003,1.9
09/01/2003,0.0
10/01/2003,0.0
11/01/2003,10.4
12/01/2003,1.9
13/01/2003,1.6
14/01/2003,0.0
15/01/2003,37.6
16/01/2003,8.5
17/01/2003,11.8
18/01/2003,26.4
19/01/2003,17.7
20/01/2003,5.4
21/01/2003,0.7
22/01/2003,0.0
23/01/2003,0.0
24/01/2003,0.0
25/01/2003,0.0
26/01/2003,0.0
27/01/2003,0.0
28/01/2003,0.4
29/01/2003,7.0
30/01/2003,19.0
31/01/2003,25.9
01/02/2003,20.2
02/02/2003,4.0
03/02/2003,0.7
04/02/2003,3.4
05/02/2003,0.0
06/02/2003,0.0
07/02/2003,1.1
08/02/2003,0.0
09/02/2003,0.4
10/02/2003,5.2
11/02/2003,0.0
12/02/2003,0.0
13/02/2003,0.0
14/02/2003,15.9
15/02/2003,5.2
16/02/2003,3.2
17/02/2003,12.9
18/02/2003,13.5
19/02/2003,5.4
20/02/2003,3.7
21/02/2003,1.0
22/02/2003,30.0
23/02/2003,113.3
24/02/2003,0.0
25/02/2003,5.5
26/02/2003,0.0
27/02/2003,0.0
28/02/2003,0.0
01/03/2003,0.0
02/03/2003,0.0
03/03/2003,0.0
04/03/2003,25.4
05/03/2003,0.0
06/03/2003,0.0
07/03/2003,0.0
08/03/2003,0.0
09/03/2003,12.4
10/03/2003,23.7
11/03/2003,8.9
12/03/2003,12.5
13/03/2003,3.3
14/03/2003,0.0
15/03/2003,0.0
16/03/2003,0.0
17/03/2003,0.0
18/03/2003,0.0
19/03/2003,0.0
20/03/2003,0.0
21/03/2003,0.0
22/03/2003,17.4
23/03/2003,9.5
24/03/2003,8.0
25/03/2003,11.3
26/03/2003,10.2
27/03/2003,11.9
28/03/2003,1.6
29/03/2003,7.8
30/03/2003,40.1
31/03/2003,20.9
01/04/2003,0.0
02/04/2003,11.4
03/04/2003,0.0
04/04/2003,0.0
05/04/2003,1.7
06/04/2003,0.8
07/04/2003,0.0
08/04/2003,0.0
09/04/2003,0.0
10/04/2003,0.0
11/04/2003,0.0
12/04/2003,0.0
13/04/2003,0.0
14/04/2003,0.0
15/04/2003,0.0
16/04/2003,0.0
17/04/2003,27.8
18/04/2003,0.0
19/04/2003,0.0
20/04/2003,0.0
21/04/2003,3.5
22/04/2003,0.0
23/04/2003,0.0
24/04/2003,0.0
25/04/2003,0.0
26/04/2003,0.0
27/04/2003,0.0
28/04/2003,0.0
29/04/2003,0.0
30/04/2003,1.4
01/05/2003,0.0
02/05/2003,0.1
03/05/2003,0.0
04/05/2003,0.0
05/05/2003,0.0
06/05/2003,0.0
07/05/2003,0.0
08/05/2003,0.0
09/05/2003,0.0
10/05/2003,0.0
11/05/2003,0.0
12/05/2003,0.0
13/05/2003,0.1
14/05/2003,0.0
15/05/2003,0.0
16/05/2003,0.0
17/05/2003,0.0
18/05/2003,0.0
19/05/2003,0.0
20/05/2003,0.0
21/05/2003,0.0
22/05/2003,0.0
23/05/2003,0.0
24/05/2003,0.0
25/05/2003,0.0
26/05/2003,0.1
27/05/2003,0.0
28/05/2003,0.0
29/05/2003,15.8
30/05/2003,17.3
31/05/2003,0.2
01/06/2003,0.0
02/06/2003,0.0
03/06/2003,0.0
04/06/2003,0.0
05/06/2003,0.0
06/06/2003,0.0
07/06/2003,0.0
08/06/2003,10.2
09/06/2003,0.7
10/06/2003,0.0
11/06/2003,70.4
12/06/2003,0.0
13/06/2003,3.3
14/06/2003,1.5
15/06/2003,0.0
16/06/2003,0.0
17/06/2003,0.0
18/06/2003,0.0
19/06/2003,0.0
20/06/2003,51.8
21/06/2003,22.3
22/06/2003,0.0
23/06/2003,0.0
24/06/2003,7.1
25/06/2003,0.0
26/06/2003,6.1
27/06/2003,1.7
28/06/2003,72.9
29/06/2003,0.0
30/06/2003,5.6
01/07/2003,50.2
02/07/2003,3.5
03/07/2003,6.3
04/07/2003,41.7
05/07/2003,0.0
06/07/2003,0.0
07/07/2003,0.0
08/07/2003,0.0
09/07/2003,0.0
10/07/2003,0.0
11/07/2003,0.0
12/07/2003,23.9
13/07/2003,24.0
14/07/2003,5.1
15/07/2003,0.0
16/07/2003,8.2
17/07/2003,24.6
18/07/2003,2.9
19/07/2003,0.0
20/07/2003,4.9
21/07/2003,0.0
22/07/2003,0.0
23/07/2003,0.0
24/07/2003,0.0
25/07/2003,0.0
26/07/2003,0.0
27/07/2003,0.0
28/07/2003,0.0
29/07/2003,17.0
30/07/2003,0.0
31/07/2003,3.8
01/08/2003,0.0
02/08/2003,1.6
03/08/2003,0.0
04/08/2003,0.0
05/08/2003,0.0
06/08/2003,0.0
07/08/2003,0.0
08/08/2003,0.0
09/08/2003,0.0
10/08/2003,0.0
11/08/2003,0.0
12/08/2003,2.4
13/08/2003,3.9
14/08/2003,2.8
15/08/2003,0.0
16/08/2003,0.0
17/08/2003,0.0
18/08/2003,0.0
19/08/2003,0.0
20/08/2003,0.0
21/08/2003,0.0
22/08/2003,0.0
23/08/2003,0.0
24/08/2003,0.0
25/08/2003,0.0
26/08/2003,0.0
27/08/2003,0.0
28/08/2003,0.0
29/08/2003,0.0
30/08/2003,0.0
31/08/2003,0.0
01/11/2003,12.8
02/11/2003,11.0
03/11/2003,8.6
04/11/2003,0.7
05/11/2003,5.0
06/11/2003,0.0
07/11/2003,9.0
08/11/2003,13.0
09/11/2003,0.5
10/11/2003,2.7
11/11/2003,1.5
12/11/2003,0.5
13/11/2003,0.0
14/11/2003,0.0
15/11/2003,4.8
16/11/2003,0.0
17/11/2003,0.0
18/11/2003,0.0
19/11/2003,2.0
20/11/2003,0.0
21/11/2003,0.0
22/11/2003,0.0
23/11/2003,4.7
24/11/2003,0.0
25/11/2003,11.7
26/11/2003,11.0
27/11/2003,7.3
28/11/2003,1.1
29/11/2003,3.1
30/11/2003,0.0
01/12/2003,0.0
02/12/2003,0.0
03/12/2003,0.0
04/12/2003,0.0
05/12/2003,0.0
06/12/2003,0.0
07/12/2003,0.0
08/12/2003,0.0
09/12/2003,0.0
10/12/2003,0.0
11/12/2003,0.0
12/12/2003,0.0
13/12/2003,0.0
14/12/2003,0.0
15/12/2003,0.0
16/12/2003,0.0
17/12/2003,7.0
18/12/2003,0.0
19/12/2003,5.4
20/12/2003,7.9
21/12/2003,13.8
22/12/2003,3.1
23/12/2003,4.5
24/12/2003,0.0
25/12/2003,0.9
26/12/2003,2.2
27/12/2003,0.0
28/12/2003,0.0
29/12/2003,0.0
30/12/2003,5.3
31/12/2003,18.5
01/01/2004,0.0
02/01/2004,0.0
03/01/2004,1.3
04/01/2004,5.9
05/01/2004,0.0
06/01/2004,10.4
07/01/2004,0.0
08/01/2004,38.4
09/01/2004,5.2
10/01/2004,0.0
11/01/2004,0.0
12/01/2004,0.0
13/01/2004,0.0
14/01/2004,0.0
15/01/2004,0.0
16/01/2004,0.0
17/01/2004,0.0
18/01/2004,0.0
19/01/2004,0.0
20/01/2004,0.0
21/01/2004,0.0
22/01/2004,0.0
23/01/2004,0.0
24/01/2004,0.0
25/01/2004,0.0
26/01/2004,0.0
27/01/2004,0.0
28/01/2004,0.0
29/01/2004,0.0
30/01/2004,0.0
31/01/2004,0.0
01/02/2004,0.8
02/02/2004,0.0
03/02/2004,0.0
04/02/2004,0.0
05/02/2004,0.0
06/02/2004,0.0
07/02/2004,0.0
08/02/2004,0.0
09/02/2004,0.0
10/02/2004,0.0
11/02/2004,0.0
12/02/2004,0.0
13/02/2004,0.0
14/02/2004,0.0
15/02/2004,0.0
16/02/2004,0.0
17/02/2004,0.0
18/02/2004,0.0
19/02/2004,0.0
20/02/2004,0.0
21/02/2004,0.0
22/02/2004,0.0
23/02/2004,0.0
24/02/2004,0.0
25/02/2004,0.0
26/02/2004,0.0
27/02/2004,0.0
28/02/2004,0.0
29/02/2004,0.0
01/03/2004,0.0
02/03/2004,0.0
03/03/2004,0.0
04/03/2004,0.0
05/03/2004,0.0
06/03/2004,0.0
07/03/2004,0.0
08/03/2004,0.0
09/03/2004,0.0
10/03/2004,3.9
11/03/2004,9.6
12/03/2004,0.0
13/03/2004,7.8
14/03/2004,0.0
15/03/2004,1.4
16/03/2004,26.5
17/03/2004,0.0
18/03/2004,0.0
19/03/2004,0.0
20/03/2004,0.0
21/03/2004,0.0
22/03/2004,0.0
23/03/2004,0.0
24/03/2004,0.0
25/03/2004,0.0
26/03/2004,0.0
27/03/2004,0.0
28/03/2004,0.0
29/03/2004,0.0
30/03/2004,0.0
31/03/2004,0.0
01/04/2004,0.0
02/04/2004,0.0
03/04/2004,0.0
04/04/2004,0.0
05/04/2004,0.0
06/04/2004,0.0
07/04/2004,0.0
08/04/2004,0.0
09/04/2004,0.0
10/04/2004,0.0
11/04/2004,0.0
12/04/2004,0.0
13/04/2004,0.0
14/04/2004,0.0
15/04/2004,5.6
16/04/2004,25.3
17/04/2004,0.0
18/04/2004,0.0
19/04/2004,0.0
20/04/2004,0.0
21/04/2004,0.0
22/04/2004,0.0
23/04/2004,0.0
24/04/2004,0.0
25/04/2004,9.2
26/04/2004,0.0
27/04/2004,0.0
28/04/2004,11.8
29/04/2004,28.0
30/04/2004,14.6
01/05/2004,0.7
02/05/2004,0.0
03/05/2004,0.0
04/05/2004,0.0
05/05/2004,21.4
06/05/2004,0.0
07/05/2004,0.0
08/05/2004,0.0
09/05/2004,30.0
10/05/2004,0.0
11/05/2004,0.0
12/05/2004,0.0
13/05/2004,2.0
14/05/2004,0.0
15/05/2004,0.0
16/05/2004,0.0
17/05/2004,0.0
18/05/2004,0.0
19/05/2004,3.7
20/05/2004,0.0
21/05/2004,0.0
22/05/2004,4.8
23/05/2004,2.6
24/05/2004,7.3
25/05/2004,1.4
26/05/2004,0.0
27/05/2004,12.2
28/05/2004,0.0
29/05/2004,0.0
30/05/2004,0.0
31/05/2004,0.0
01/06/2004,1.6
02/06/2004,0.0
03/06/2004,0.0
04/06/2004,2.6
05/06/2004,0.0
06/06/2004,1.5
07/06/2004,0.3
08/06/2004,10.0
09/06/2004,0.0
10/06/2004,0.0
11/06/2004,10.4
12/06/2004,10.9
13/06/2004,1.2
14/06/2004,3.0
15/06/2004,0.0
16/06/2004,0.0
17/06/2004,0.0
18/06/2004,0.6
19/06/2004,0.0
20/06/2004,0.0
21/06/2004,0.0
22/06/2004,0.0
23/06/2004,0.0
24/06/2004,0.0
25/06/2004,3.7
26/06/2004,0.9
27/06/2004,0.0
28/06/2004,0.0
29/06/2004,0.0
30/06/2004,0.0
01/07/2004,0.0
02/07/2004,0.0
03/07/2004,0.0
04/07/2004,1.7
05/07/2004,0.0
06/07/2004,0.0
07/07/2004,9.3
08/07/2004,12.9
09/07/2004,0.0
10/07/2004,0.0
11/07/2004,0.0
12/07/2004,0.8
13/07/2004,0.0
14/07/2004,15.7
15/07/2004,0.0
16/07/2004,9.7
17/07/2004,0.0
18/07/2004,0.5
19/07/2004,0.8
20/07/2004,0.0
21/07/2004,0.0
22/07/2004,0.0
23/07/2004,0.0
24/07/2004,0.0
25/07/2004,0.0
26/07/2004,0.0
27/07/2004,0.0
28/07/2004,0.0
29/07/2004,0.0
30/07/2004,0.0
31/07/2004,0.0
01/08/2004,37.9
02/08/2004,0.0
03/08/2004,0.0
04/08/2004,0.0
05/08/2004,0.0
06/08/2004,0.0
07/08/2004,0.0
08/08/2004,0.0
09/08/2004,0.0
10/08/2004,0.0
11/08/2004,0.0
12/08/2004,0.0
13/08/2004,0.0
14/08/2004,13.8
15/08/2004,0.6
16/08/2004,0.3
17/08/2004,0.5
18/08/2004,0.5
19/08/2004,0.3
20/08/2004,0.0
21/08/2004,0.0
22/08/2004,11.7
23/08/2004,7.1
24/08/2004,28.1
25/08/2004,0.3
26/08/2004,0.0
27/08/2004,0.0
28/08/2004,0.0
29/08/2004,0.0
30/08/2004,20.7
31/08/2004,9.9
01/09/2004,3.0
02/09/2004,0.0
03/09/2004,0.0
04/09/2004,0.0
05/09/2004,0.0
06/09/2004,0.0
07/09/2004,0.0
08/09/2004,0.0
09/09/2004,0.2
10/09/2004,0.0
11/09/2004,0.0
12/09/2004,0.0
13/09/2004,0.0
14/09/2004,0.0
15/09/2004,0.0
16/09/2004,0.7
17/09/2004,0.4
18/09/2004,7.6
19/09/2004,0.0
20/09/2004,17.5
21/09/2004,0.0
22/09/2004,0.0
23/09/2004,0.0
24/09/2004,0.4
25/09/2004,0.0
26/09/2004,0.0
27/09/2004,0.2
28/09/2004,0.0
29/09/2004,23.1
30/09/2004,2.0
01/10/2004,1.9
02/10/2004,45.7
03/10/2004,0.0
04/10/2004,25.3
05/10/2004,0.3
06/10/2004,1.0
07/10/2004,29.7
08/10/2004,20.5
09/10/2004,42.4
10/10/2004,11.7
11/10/2004,29.5
12/10/2004,0.7
13/10/2004,35.3
14/10/2004,14.5
15/10/2004,4.9
16/10/2004,0.0
17/10/2004,0.0
18/10/2004,0.0
19/10/2004,23.6
20/10/2004,7.8
21/10/2004,1.8
22/10/2004,5.1
23/10/2004,11.4
24/10/2004,2.6
25/10/2004,15.8
26/10/2004,20.6
27/10/2004,5.5
28/10/2004,0.0
29/10/2004,63.9
30/10/2004,121.9
31/10/2004,0.6
01/11/2004,97.4
02/11/2004,0.0
03/11/2004,15.1
04/11/2004,58.5
05/11/2004,33.4
06/11/2004,9.2
07/11/2004,0.0
08/11/2004,0.0
09/11/2004,22.5
10/11/2004,26.7
11/11/2004,3.5
12/11/2004,20.0
13/11/2004,9.0
14/11/2004,10.0
15/11/2004,59.3
16/11/2004,24.2
17/11/2004,0.0
18/11/2004,1.2
19/11/2004,2.0
20/11/2004,22.5
21/11/2004,44.4
22/11/2004,1.7
23/11/2004,0.5
24/11/2004,0.1
25/11/2004,0.6
26/11/2004,12.6
27/11/2004,48.8
28/11/2004,93.7
29/11/2004,48.4
30/11/2004,18.8
01/12/2004,7.2
02/12/2004,0.0
03/12/2004,0.6
04/12/2004,0.6
05/12/2004,3.3
06/12/2004,14.6
07/12/2004,63.5
08/12/2004,196.7
09/12/2004,53.9
10/12/2004,350.4
11/12/2004,135.2
12/12/2004,11.5
13/12/2004,21.6
14/12/2004,1.4
15/12/2004,0.0
16/12/2004,4.8
17/12/2004,15.0
18/12/2004,0.0
19/12/2004,0.0
20/12/2004,0.0
21/12/2004,0.0
22/12/2004,0.0
23/12/2004,0.0
24/12/2004,0.0
25/12/2004,14.6
26/12/2004,0.0
27/12/2004,0.5
28/12/2004,0.0
29/12/2004,16.6
30/12/2004,36.0
31/12/2004,15.7
01/01/2005,14.4
02/01/2005,9.2
03/01/2005,0.0
04/01/2005,4.5
05/01/2005,0.2
06/01/2005,0.0
07/01/2005,24.3
08/01/2005,21.4
09/01/2005,0.9
10/01/2005,0.0
11/01/2005,0.5
12/01/2005,15.1
13/01/2005,7.5
14/01/2005,3.8
15/01/2005,0.9
16/01/2005,0.0
17/01/2005,0.0
18/01/2005,0.0
19/01/2005,0.0
20/01/2005,0.0
21/01/2005,9.0
22/01/2005,13.6
23/01/2005,8.7
24/01/2005,0.0
25/01/2005,0.0
26/01/2005,0.0
27/01/2005,0.0
28/01/2005,0.0
29/01/2005,0.0
30/05/2005,0.0
31/05/2005,0.0
01/06/2005,34.9
02/06/2005,0.0
03/06/2005,0.0
04/06/2005,5.5
05/06/2005,56.9
06/06/2005,16.8
07/06/2005,0.0
08/06/2005,0.0
09/06/2005,0.0
10/06/2005,0.0
11/06/2005,0.0
12/06/2005,24.2
13/06/2005,0.5
14/06/2005,40.6
15/06/2005,1.3
16/06/2005,0.0
17/06/2005,18.2
18/06/2005,2.0
19/06/2005,0.9
20/06/2005,15.0
21/06/2005,1.9
22/06/2005,12.3
23/06/2005,0.5
24/06/2005,0.0
25/06/2005,0.0
26/06/2005,1.6
27/06/2005,0.0
28/06/2005,0.0
29/06/2005,2.0
30/06/2005,0.5
01/07/2005,0.0
02/07/2005,45.0
03/07/2005,36.5
04/07/2005,1.9
05/07/2005,0.0
06/07/2005,9.4
07/07/2005,0.7
08/07/2005,0.0
09/07/2005,0.8
10/07/2005,0.0
11/07/2005,8.3
12/07/2005,0.7
13/07/2005,0.0
14/07/2005,0.0
15/07/2005,0.9
16/07/2005,5.9
17/07/2005,3.5
18/07/2005,14.4
19/07/2005,0.8
20/07/2005,0.0
21/07/2005,2.1
22/07/2005,29.3
23/07/2005,2.1
24/07/2005,0.0
25/07/2005,1.1
26/07/2005,0.5
27/07/2005,0.0
28/07/2005,0.0
29/07/2005,0.0
30/07/2005,0.0
31/07/2005,0.0
01/08/2005,0.0
02/08/2005,0.0
03/08/2005,7.9
04/08/2005,10.6
05/08/2005,0.0
06/08/2005,31.9
07/08/2005,0.4
08/08/2005,0.0
09/08/2005,3.6
10/08/2005,0.0
11/08/2005,11.8
12/08/2005,29.0
13/08/2005,0.1
14/08/2005,0.0
15/08/2005,0.0
16/08/2005,3.0
17/08/2005,0.0
18/08/2005,5.3
19/08/2005,0.0
20/08/2005,1.2
21/08/2005,7.4
22/08/2005,1.1
23/08/2005,0.0
24/08/2005,14.5
25/08/2005,0.0
26/08/2005,1.4
27/08/2005,3.3
28/08/2005,0.4
29/08/2005,0.0
30/08/2005,0.0
31/08/2005,0.0
01/09/2005,0.0
02/09/2005,0.0
03/09/2005,7.9
04/09/2005,0.0
05/09/2005,9.5
06/09/2005,8.1
07/09/2005,62.4
08/09/2005,1.9
09/09/2005,0.0
10/09/2005,6.4
11/09/2005,1.8
12/09/2005,0.0
13/09/2005,0.0
14/09/2005,0.6
15/09/2005,1.1
16/09/2005,0.0
17/09/2005,5.0
18/09/2005,1.6
19/09/2005,36.2
20/09/2005,0.0
21/09/2005,0.4
22/09/2005,10.1
23/09/2005,46.2
24/09/2005,1.1
25/09/2005,0.0
26/09/2005,0.0
27/09/2005,0.0
28/09/2005,0.0
29/09/2005,0.0
30/09/2005,0.0
01/10/2005,2.1
02/10/2005,0.0
03/10/2005,0.0
04/10/2005,1.3
05/10/2005,0.0
06/10/2005,0.6
07/10/2005,55.6
08/10/2005,24.7
09/10/2005,22.3
10/10/2005,3.9
11/10/2005,0.5
12/10/2005,0.0
13/10/2005,0.0
14/10/2005,2.7
15/10/2005,0.0
16/10/2005,20.9
17/10/2005,1.9
18/10/2005,1.9
19/10/2005,5.5
20/10/2005,34.0
21/10/2005,0.0
22/10/2005,3.3
23/10/2005,0.6
24/10/2005,1.2
25/10/2005,1.1
26/10/2005,9.6
27/10/2005,10.2
28/10/2005,3.8
29/10/2005,0.0
30/10/2005,0.0
31/10/2005,3.0
01/11/2005,0.0
02/11/2005,11.2
03/11/2005,0.0
04/11/2005,0.6
05/11/2005,18.5
06/11/2005,32.3
07/11/2005,33.9
08/11/2005,0.7
09/11/2005,0.6
10/11/2005,6.1
11/11/2005,27.4
12/11/2005,0.0
13/11/2005,44.6
14/11/2005,3.2
15/11/2005,29.2
16/11/2005,0.0
17/11/2005,0.0
18/11/2005,5.4
19/11/2005,19.7
20/11/2005,83.7
21/11/2005,34.1
22/11/2005,168.9
23/11/2005,117.7
24/11/2005,43.5
25/11/2005,39.0
26/11/2005,0.6
27/11/2005,0.5
28/11/2005,22.6
29/11/2005,1.5
30/11/2005,0.7
01/12/2005,3.4
02/12/2005,73.1
03/12/2005,5.0
04/12/2005,3.0
05/12/2005,12.6
06/12/2005,62.7
07/12/2005,44.3
08/12/2005,18.0
09/12/2005,13.2
10/12/2005,11.9
11/12/2005,0.0
12/12/2005,32.3
13/12/2005,35.5
14/12/2005,2.9
15/12/2005,1.6
16/12/2005,38.2
17/12/2005,498.0
18/12/2005,26.5
19/12/2005,10.7
20/12/2005,0.0
21/12/2005,0.0
22/12/2005,79.5
23/12/2005,76.4
24/12/2005,43.5
25/12/2005,84.8
26/12/2005,4.7
27/12/2005,4.5
28/12/2005,0.0
29/12/2005,0.0
30/12/2005,0.0
31/12/2005,22.0
01/01/2006,16.1
02/01/2006,39.7
03/01/2006,64.0
04/01/2006,10.5
05/01/2006,5.1
06/01/2006,24.9
07/01/2006,52.8
08/01/2006,17.5
09/01/2006,16.5
10/01/2006,17.8
11/01/2006,13.6
12/01/2006,4.4
13/01/2006,0.0
14/01/2006,2.5
15/01/2006,0.0
16/01/2006,0.0
17/01/2006,0.0
18/01/2006,0.0
19/01/2006,0.0
20/01/2006,0.0
21/01/2006,0.0
22/01/2006,0.0
23/01/2006,0.0
24/01/2006,0.5
25/01/2006,0.0
26/01/2006,0.0
27/01/2006,0.0
28/01/2006,0.0
29/01/2006,0.0
30/01/2006,0.0
31/01/2006,0.0
01/02/2006,15.7
02/02/2006,1.2
03/02/2006,1.5
04/02/2006,6.9
05/02/2006,1.2
06/02/2006,0.6
07/02/2006,13.6
08/02/2006,0.0
09/02/2006,21.4
10/02/2006,146.3
11/02/2006,180.9
12/02/2006,69.3
13/02/2006,204.8
14/02/2006,1.8
15/02/2006,3.9
16/02/2006,0.0
17/02/2006,0.0
18/02/2006,0.0
19/02/2006,1.2
20/02/2006,2.1
21/02/2006,5.0
22/02/2006,20.8
23/02/2006,4.3
24/02/2006,1.5
25/02/2006,0.0
26/02/2006,0.0
27/02/2006,0.0
28/02/2006,0.0
01/03/2006,0.0
02/03/2006,1.3
03/03/2006,10.0
04/03/2006,0.0
05/03/2006,0.0
06/03/2006,0.0
07/03/2006,0.0
08/03/2006,0.0
09/03/2006,0.0
10/03/2006,0.0
11/03/2006,0.0
12/03/2006,0.0
13/03/2006,0.0
14/03/2006,0.0
15/03/2006,0.0
16/03/2006,0.0
17/03/2006,0.0
18/03/2006,0.0
19/03/2006,4.3
20/03/2006,0.7
21/03/2006,12.3
22/03/2006,0.0
23/03/2006,0.0
24/03/2006,29.9
25/03/2006,46.6
26/03/2006,42.2
27/03/2006,27.5
28/03/2006,0.0
29/03/2006,0.0
30/03/2006,0.0
31/03/2006,0.0
01/04/2006,1.6
02/04/2006,0.0
03/04/2006,1.0
04/04/2006,0.0
05/04/2006,0.0
06/04/2006,0.0
07/04/2006,0.0
08/04/2006,0.0
09/04/2006,0.4
10/04/2006,0.0
11/04/2006,7.6
12/04/2006,3.5
13/04/2006,0.0
14/04/2006,0.0
15/04/2006,0.0
16/04/2006,0.0
17/04/2006,0.0
18/04/2006,0.0
19/04/2006,0.0
20/04/2006,0.0
21/04/2006,0.0
22/04/2006,0.0
23/04/2006,0.0
24/04/2006,0.0
25/04/2006,0.0
26/04/2006,0.0
27/04/2006,0.0
28/04/2006,0.0
29/04/2006,0.0
30/04/2006,0.0
01/05/2006,2.2
02/05/2006,0.0
03/05/2006,0.0
04/05/2006,0.0
05/05/2006,0.0
06/05/2006,0.0
07/05/2006,0.0
08/05/2006,0.0
09/05/2006,0.0
10/05/2006,0.0
11/05/2006,0.0
12/05/2006,0.0
13/05/2006,1.7
14/05/2006,0.0
15/05/2006,0.0
16/05/2006,0.0
17/05/2006,0.0
18/05/2006,0.0
19/05/2006,0.0
20/05/2006,0.0
21/05/2006,0.0
22/05/2006,0.0
23/05/2006,0.0
24/05/2006,0.0
25/05/2006,0.0
26/05/2006,2.8
27/05/2006,0.0
28/05/2006,0.0
29/05/2006,0.0
30/05/2006,0.0
31/05/2006,0.0
01/06/2006,0.0
02/06/2006,0.0
03/06/2006,0.0
04/06/2006,0.0
05/06/2006,0.0
06/06/2006,52.7
07/06/2006,25.8
08/06/2006,0.0
09/06/2006,8.1
10/06/2006,13.4
11/06/2006,0.0
12/06/2006,5.5
13/06/2006,0.0
14/06/2006,39.1
15/06/2006,0.9
16/06/2006,0.0
17/06/2006,39.4
18/06/2006,21.8
19/06/2006,19.3
20/06/2006,11.6
21/06/2006,3.6
22/06/2006,13.8
23/06/2006,14.7
24/06/2006,27.7
25/06/2006,2.1
26/06/2006,0.0
27/06/2006,0.0
28/06/2006,0.0
29/06/2006,0.0
30/06/2006,0.0
01/07/2006,0.0
02/07/2006,0.0
03/07/2006,0.0
04/07/2006,0.0
05/07/2006,15.0
06/07/2006,2.2
07/07/2006,0.0
08/07/2006,0.0
09/07/2006,33.3
10/07/2006,1.8
11/07/2006,74.4
12/07/2006,0.0
13/07/2006,7.8
14/07/2006,1.5
15/07/2006,0.0
16/07/2006,15.3
17/07/2006,11.5
18/07/2006,1.1
19/07/2006,25.5
20/07/2006,0.0
21/07/2006,0.0
22/07/2006,0.0
23/07/2006,2.2
24/07/2006,0.5
25/07/2006,11.8
26/07/2006,19.9
27/07/2006,7.8
28/07/2006,0.0
29/07/2006,0.0
30/07/2006,0.2
31/07/2006,0.0
01/08/2006,3.3
02/08/2006,0.0
03/08/2006,1.0
04/08/2006,0.0
05/08/2006,0.6
06/08/2006,11.7
07/08/2006,5.2
08/08/2006,0.0
09/08/2006,0.0
10/08/2006,0.0
11/08/2006,0.0
12/08/2006,0.0
13/08/2006,0.0
14/08/2006,0.0
15/08/2006,0.0
16/08/2006,0.0
17/08/2006,0.0
18/08/2006,0.0
19/08/2006,23.6
20/08/2006,5.3
21/08/2006,21.7
22/08/2006,28.2
23/08/2006,34.6
24/08/2006,11.3
25/08/2006,0.0
26/08/2006,0.0
27/08/2006,2.4
28/08/2006,5.2
29/08/2006,2.3
30/08/2006,19.1
31/08/2006,0.9
01/09/2006,6.2
02/09/2006,0.7
03/09/2006,0.0
04/09/2006,4.9
05/09/2006,2.3
06/09/2006,11.7
07/09/2006,0.7
08/09/2006,1.6
09/09/2006,0.0
10/09/2006,3.1
11/09/2006,6.9
12/09/2006,3.0
13/09/2006,4.5
14/09/2006,5.1
15/09/2006,15.7
16/09/2006,10.2
17/09/2006,27.6
18/09/2006,28.5
19/09/2006,1.5
20/09/2006,23.0
21/09/2006,6.5
22/09/2006,23.5
23/09/2006,30.5
24/09/2006,5.0
25/09/2006,11.6
26/09/2006,0.4
27/09/2006,0.0
28/09/2006,29.5
29/09/2006,18.5
30/09/2006,0.0
01/10/2006,0.0
02/10/2006,10.0
03/10/2006,0.3
04/10/2006,22.7
05/10/2006,0.1
06/10/2006,0.1
07/10/2006,0.1
08/10/2006,11.4
09/10/2006,3.2
10/10/2006,0.2
11/10/2006,65.7
12/10/2006,0.5
13/10/2006,0.2
14/10/2006,23.1
15/10/2006,16.2
16/10/2006,9.3
17/10/2006,5.0
18/10/2006,0.0
19/10/2006,0.5
20/10/2006,0.0
21/10/2006,12.0
22/10/2006,1.0
23/10/2006,0.0
24/10/2006,0.2
25/10/2006,0.0
26/10/2006,0.0
27/10/2006,0.1
28/10/2006,0.0
29/10/2006,0.0
30/10/2006,0.0
31/10/2006,36.8
01/11/2006,0.7
02/11/2006,0.0
03/11/2006,55.9
04/11/2006,2.7
05/11/2006,0.0
06/11/2006,0.0
07/11/2006,20.8
08/11/2006,13.6
09/11/2006,6.4
10/11/2006,6.8
11/11/2006,27.6
12/11/2006,37.0
13/11/2006,32.8
14/11/2006,4.2
15/11/2006,0.6
16/11/2006,24.1
17/11/2006,22.5
18/11/2006,37.6
19/11/2006,89.4
20/11/2006,18.2
21/11/2006,6.1
22/11/2006,2.4
23/11/2006,0.6
24/11/2006,69.8
25/11/2006,10.4
26/11/2006,33.1
27/11/2006,11.4
28/11/2006,1.7
29/11/2006,35.2
30/11/2006,72.0
01/12/2006,52.7
02/12/2006,18.3
03/12/2006,0.0
04/12/2006,0.0
05/12/2006,0.9
06/12/2006,0.0
07/12/2006,21.7
08/12/2006,65.6
09/12/2006,17.7
10/12/2006,2.5
11/12/2006,1.4
12/12/2006,1.6
13/12/2006,0.0
14/12/2006,0.4
15/12/2006,8.7
16/12/2006,38.3
17/12/2006,63.7
18/12/2006,36.9
19/12/2006,69.7
20/12/2006,98.8
21/12/2006,53.2
22/12/2006,3.4
23/12/2006,0.0
24/12/2006,0.5
25/12/2006,8.2
26/12/2006,21.5
27/12/2006,11.2
28/12/2006,0.6
29/12/2006,1.0
30/12/2006,0.0
31/12/2006,0.0
01/01/2007,13.4
02/01/2007,12.4
03/01/2007,0.1
04/01/2007,0.5
05/01/2007,4.7
06/01/2007,7.9
07/01/2007,283.8
08/01/2007,47.8
09/01/2007,19.8
10/01/2007,22.0
11/01/2007,21.0
12/01/2007,44.3
13/01/2007,32.7
14/01/2007,9.7
15/01/2007,1.3
16/01/2007,0.0
17/01/2007,91.3
18/01/2007,45.7
19/01/2007,68.7
20/01/2007,41.7
21/01/2007,7.0
22/01/2007,2.3
23/01/2007,3.0
24/01/2007,6.0
25/01/2007,14.3
26/01/2007,16.0
27/01/2007,5.7
28/01/2007,1.0
29/01/2007,0.3
30/01/2007,0.0
31/01/2007,0.0
01/02/2007,0.7
02/02/2007,2.3
03/02/2007,1.0
04/02/2007,13.3
05/02/2007,9.3
06/02/2007,12.7
07/02/2007,6.0
08/02/2007,0.2
09/02/2007,0.0
10/02/2007,12.0
11/02/2007,9.3
12/02/2007,2.0
13/02/2007,1.8
14/02/2007,0.8
15/02/2007,0.0
16/02/2007,0.0
17/02/2007,0.0
18/02/2007,0.0
19/02/2007,0.0
20/02/2007,0.0
21/02/2007,0.0
22/02/2007,2.3
23/02/2007,1.2
24/02/2007,0.0
25/02/2007,0.0
26/02/2007,0.0
27/02/2007,0.0
28/02/2007,0.0
01/03/2007,0.0
02/03/2007,0.0
03/03/2007,0.0
04/03/2007,22.7
05/03/2007,11.3
06/03/2007,0.0
07/03/2007,0.0
08/03/2007,0.0
09/03/2007,0.0
10/03/2007,17.0
11/03/2007,8.8
12/03/2007,7.8
13/03/2007,3.8
14/03/2007,0.0
15/03/2007,0.0
16/03/2007,0.0
17/03/2007,0.0
18/03/2007,0.0
19/03/2007,0.7
20/03/2007,17.7
21/03/2007,12.7
22/03/2007,6.7
23/03/2007,49.0
24/03/2007,92.7
25/03/2007,34.7
26/03/2007,0.7
27/03/2007,0.3
28/03/2007,25.3
29/03/2007,13.3
30/03/2007,10.3
31/03/2007,9.7
01/04/2007,10.3
02/04/2007,4.0
03/04/2007,0.0
04/04/2007,0.0
05/04/2007,1.3
06/04/2007,1.3
07/04/2007,1.7
08/04/2007,31.3
09/04/2007,15.3
10/04/2007,5.3
11/04/2007,7.3
12/04/2007,3.0
13/04/2007,1.7
14/04/2007,0.7
15/04/2007,0.0
16/04/2007,0.0
17/04/2007,1.3
18/04/2007,0.7
19/04/2007,0.0
20/04/2007,0.0
21/04/2007,0.0
22/04/2007,0.0
23/04/2007,6.0
24/04/2007,3.7
25/04/2007,1.3
26/04/2007,7.2
27/04/2007,4.0
28/04/2007,34.0
29/04/2007,16.8
30/04/2007,10.3
01/05/2007,5.2
02/05/2007,14.3
03/05/2007,7.2
04/05/2007,10.3
05/05/2007,18.2
06/05/2007,6.5
07/05/2007,19.7
08/05/2007,9.8
09/05/2007,0.0
10/05/2007,1.7
11/05/2007,0.8
12/05/2007,0.0
13/05/2007,3.0
14/05/2007,4.2
15/05/2007,2.0
16/05/2007,0.3
17/05/2007,14.0
18/05/2007,14.3
19/05/2007,3.7
20/05/2007,16.7
21/05/2007,8.3
22/05/2007,8.5
23/05/2007,0.0
24/05/2007,0.0
25/05/2007,3.5
26/05/2007,2.0
27/05/2007,0.0
28/05/2007,2.0
29/05/2007,1.0
30/05/2007,0.0
31/05/2007,0.0
01/06/2007,0.0
02/06/2007,0.0
03/06/2007,0.0
04/06/2007,7.0
05/06/2007,11.0
06/06/2007,0.3
07/06/2007,3.2
08/06/2007,9.5
09/06/2007,2.5
10/06/2007,2.8
11/06/2007,0.2
12/06/2007,0.0
13/06/2007,0.0
14/06/2007,16.5
15/06/2007,0.4
16/06/2007,62.8
17/06/2007,5.7
18/06/2007,1.8
19/06/2007,70.7
20/06/2007,0.0
21/06/2007,30.5
22/06/2007,0.0
23/06/2007,1.5
24/06/2007,0.0
25/06/2007,0.5
26/06/2007,0.0
27/06/2007,0.0
28/06/2007,0.0
29/06/2007,0.5
30/06/2007,0.0
01/07/2007,0.0
02/07/2007,0.0
03/07/2007,0.0
04/07/2007,0.0
05/07/2007,0.5
06/07/2007,9.3
07/07/2007,40.7
08/07/2007,18.0
09/07/2007,0.0
10/07/2007,2.0
11/07/2007,1.0
12/07/2007,1.3
13/07/2007,2.0
14/07/2007,4.7
15/07/2007,2.0
16/07/2007,0.0
17/07/2007,4.7
18/07/2007,3.0
19/07/2007,0.3
20/07/2007,0.0
21/07/2007,11.3
22/07/2007,8.3
23/07/2007,1.3
24/07/2007,0.5
25/07/2007,0.0
26/07/2007,0.0
27/07/2007,73.1
28/07/2007,1.9
29/07/2007,6.5
30/07/2007,9.5
31/07/2007,20.6
01/08/2007,2.3
02/08/2007,12.1
03/08/2007,0.0
04/08/2007,0.0
05/08/2007,0.0
06/08/2007,0.5
07/08/2007,0.0
08/08/2007,0.0
09/08/2007,0.0
10/08/2007,0.0
11/08/2007,2.0
12/08/2007,15.5
13/08/2007,0.0
14/08/2007,0.3
15/08/2007,0.2
16/08/2007,53.1
17/08/2007,48.5
18/08/2007,0.9
19/08/2007,0.5
20/08/2007,21.5
21/08/2007,0.0
22/08/2007,0.0
23/08/2007,8.5
24/08/2007,0.5
25/08/2007,48.0
26/08/2007,1.0
27/08/2007,2.0
28/08/2007,95.0
29/08/2007,3.0
30/08/2007,0.0
31/08/2007,0.0
01/09/2007,0.5
02/09/2007,2.0
03/09/2007,20.5
04/09/2007,0.0
05/09/2007,0.0
06/09/2007,0.0
07/09/2007,0.0
08/09/2007,49.5
09/09/2007,32.2
10/09/2007,9.3
11/09/2007,1.8
12/09/2007,5.3
13/09/2007,10.4
14/09/2007,45.0
15/09/2007,4.5
16/09/2007,0.5
17/09/2007,1.5
18/09/2007,0.0
19/09/2007,0.0
20/09/2007,0.0
21/09/2007,9.9
22/09/2007,29.1
23/09/2007,8.5
24/09/2007,8.5
25/09/2007,3.5
26/09/2007,3.0
27/09/2007,0.5
28/09/2007,0.0
29/09/2007,2.5
30/09/2007,1.0
01/10/2007,1.5
02/10/2007,0.0
03/10/2007,0.0
04/10/2007,0.0
05/10/2007,2.1
06/10/2007,7.0
07/10/2007,14.4
08/10/2007,4.9
09/10/2007,0.0
10/10/2007,0.0
11/10/2007,17.8
12/10/2007,0.0
13/10/2007,0.0
14/10/2007,0.0
15/10/2007,4.4
16/10/2007,0.0
17/10/2007,0.0
18/10/2007,1.1
19/10/2007,3.0
20/10/2007,33.5
21/10/2007,6.5
22/10/2007,3.5
23/10/2007,24.2
24/10/2007,26.7
25/10/2007,5.9
26/10/2007,17.8
27/10/2007,0.5
28/10/2007,0.9
29/10/2007,77.9
30/10/2007,1.6
31/10/2007,36.5
01/11/2007,18.0
02/11/2007,1.0
03/11/2007,0.0
04/11/2007,0.5
05/11/2007,15.7
06/11/2007,39.8
07/11/2007,26.0
08/11/2007,12.6
09/11/2007,3.4
10/11/2007,59.5
11/11/2007,28.5
12/11/2007,87.0
13/11/2007,14.5
14/11/2007,7.7
15/11/2007,22.4
16/11/2007,20.7
17/11/2007,21.7
18/11/2007,7.1
19/11/2007,16.4
20/11/2007,19.9
21/11/2007,19.0
22/11/2007,19.7
23/11/2007,20.5
24/11/2007,20.6
25/11/2007,20.1
26/11/2007,20.6
27/11/2007,20.7
28/11/2007,23.3
29/11/2007,22.9
30/11/2007,18.4
01/12/2007,13.2
02/12/2007,17.1
03/12/2007,19.7
04/12/2007,20.5
05/12/2007,20.9
06/12/2007,9.3
07/12/2007,9.8
08/12/2007,3.7
09/12/2007,15.5
10/12/2007,21.7
11/12/2007,20.6
12/12/2007,22.0
13/12/2007,22.6
14/12/2007,23.3
15/12/2007,23.6
16/12/2007,22.5
17/12/2007,18.9
18/12/2007,21.6
19/12/2007,20.7
20/12/2007,21.6
21/12/2007,21.6
22/12/2007,21.6
23/12/2007,20.7
24/12/2007,0.5
25/12/2007,0.0
26/12/2007,0.0
27/12/2007,0.0
28/12/2007,0.0
29/12/2007,0.0
30/12/2007,0.3
31/12/2007,21.5
01/01/2008,38.4
02/01/2008,34.1
03/01/2008,15.6
04/01/2008,2.0
05/01/2008,9.0
06/01/2008,21.6
07/01/2008,5.0
08/01/2008,18.0
09/01/2008,0.0
10/01/2008,0.5
11/01/2008,0.0
12/01/2008,0.0
13/01/2008,0.0
14/01/2008,0.0
15/01/2008,0.0
16/01/2008,0.4
17/01/2008,18.5
18/01/2008,34.6
19/01/2008,0.9
20/01/2008,0.5
21/01/2008,3.0
22/01/2008,0.4
23/01/2008,1.4
24/01/2008,0.2
25/01/2008,11.5
26/01/2008,0.5
27/01/2008,2.8
28/01/2008,6.2
29/01/2008,0.0
30/01/2008,0.0
31/01/2008,0.0
01/02/2008,64.1
02/02/2008,35.9
03/02/2008,9.0
04/02/2008,28.7
05/02/2008,0.3
06/02/2008,0.5
07/02/2008,0.0
08/02/2008,0.0
09/02/2008,0.0
10/02/2008,0.0
11/02/2008,0.0
12/02/2008,0.0
13/02/2008,0.0
14/02/2008,0.0
15/02/2008,0.0
16/02/2008,0.0
17/02/2008,0.0
18/02/2008,0.0
19/02/2008,0.0
20/02/2008,0.0
21/02/2008,0.0
22/02/2008,0.0
23/02/2008,0.0
24/02/2008,0.0
25/02/2008,8.5
26/02/2008,0.0
27/02/2008,33.7
28/02/2008,59.6
29/02/2008,12.8
01/03/2008,7.0
02/03/2008,1.4
03/03/2008,0.0
04/03/2008,1.0
05/03/2008,2.5
06/03/2008,44.3
07/03/2008,18.1
08/03/2008,27.8
09/03/2008,14.8
10/03/2008,9.2
11/03/2008,12.0
12/03/2008,10.7
13/03/2008,1.3
14/03/2008,8.5
15/03/2008,2.5
16/03/2008,0.0
17/03/2008,0.0
18/03/2008,0.0
19/03/2008,0.0
20/03/2008,1.0
21/03/2008,0.0
22/03/2008,2.5
23/03/2008,2.4
24/03/2008,6.7
25/03/2008,95.3
26/03/2008,3.6
27/03/2008,0.0
28/03/2008,0.0
29/03/2008,0.0
30/03/2008,0.0
31/03/2008,0.5
01/04/2008,1.0
02/04/2008,0.5
03/04/2008,0.4
04/04/2008,9.1
05/04/2008,0.0
06/04/2008,38.0
07/04/2008,30.0
08/04/2008,0.0
09/04/2008,0.0
10/04/2008,0.0
11/04/2008,0.0
12/04/2008,0.5
13/04/2008,0.0
14/04/2008,0.0
15/04/2008,4.0
16/04/2008,0.0
17/04/2008,10.0
18/04/2008,0.0
19/04/2008,21.0
20/04/2008,0.0
21/04/2008,1.5
22/04/2008,0.0
23/04/2008,11.1
24/04/2008,9.4
25/04/2008,2.0
26/04/2008,77.5
27/04/2008,0.0
28/04/2008,8.5
29/04/2008,0.0
30/04/2008,0.0
01/05/2008,36.0
02/05/2008,0.0
03/05/2008,50.0
04/05/2008,0.5
05/05/2008,11.1
06/05/2008,44.0
07/05/2008,3.5
08/05/2008,7.5
09/05/2008,4.0
10/05/2008,25.5
11/05/2008,0.5
12/05/2008,0.0
13/05/2008,0.0
14/05/2008,0.0
15/05/2008,0.0
16/05/2008,0.0
17/05/2008,0.5
18/05/2008,0.0
19/05/2008,0.3
20/05/2008,5.7
21/05/2008,6.5
22/05/2008,0.0
23/05/2008,35.8
24/05/2008,47.7
25/05/2008,1.4
26/05/2008,0.1
27/05/2008,0.0
28/05/2008,0.5
29/05/2008,0.0
30/05/2008,0.0
31/05/2008,0.0
01/06/2008,2.5
02/06/2008,0.0
03/06/2008,19.9
04/06/2008,0.6
05/06/2008,0.0
06/06/2008,16.0
07/06/2008,0.3
08/06/2008,1.2
09/06/2008,3.5
10/06/2008,34.8
11/06/2008,8.8
12/06/2008,2.4
13/06/2008,0.5
14/06/2008,6.7
15/06/2008,4.8
16/06/2008,1.0
17/06/2008,0.0
18/06/2008,0.5
19/06/2008,22.0
20/06/2008,0.5
21/06/2008,0.5
22/06/2008,29.5
23/06/2008,58.7
24/06/2008,0.3
25/06/2008,0.4
26/06/2008,40.6
27/06/2008,5.1
28/06/2008,4.5
29/06/2008,11.5
30/06/2008,0.0
01/07/2008,18.0
02/07/2008,0.5
03/07/2008,53.5
04/07/2008,0.5
05/07/2008,0.0
06/07/2008,0.0
07/07/2008,0.4
08/07/2008,13.6
09/07/2008,0.4
10/07/2008,26.0
11/07/2008,0.0
12/07/2008,6.5
13/07/2008,0.5
14/07/2008,0.5
15/07/2008,0.0
16/07/2008,0.0
17/07/2008,25.5
18/07/2008,0.0
19/07/2008,4.0
20/07/2008,0.0
21/07/2008,16.0
22/07/2008,1.0
23/07/2008,8.0
24/07/2008,7.3
25/07/2008,8.4
26/07/2008,16.5
27/07/2008,0.3
28/07/2008,0.0
29/07/2008,0.0
30/07/2008,0.0
31/07/2008,0.0
01/08/2008,0.0
02/08/2008,0.5
03/08/2008,16.5
04/08/2008,0.4
05/08/2008,7.6
06/08/2008,0.0
07/08/2008,8.9
08/08/2008,0.1
09/08/2008,0.0
10/08/2008,20.5
11/08/2008,0.5
12/08/2008,76.7
13/08/2008,2.3
14/08/2008,24.5
15/08/2008,3.5
16/08/2008,4.5
17/08/2008,16.8
18/08/2008,9.7
19/08/2008,25.5
20/08/2008,0.0
21/08/2008,0.0
22/08/2008,7.5
23/08/2008,8.5
24/08/2008,0.0
25/08/2008,0.0
26/08/2008,42.0
27/08/2008,0.0
28/08/2008,19.0
29/08/2008,27.5
30/08/2008,0.0
31/08/2008,0.4
01/09/2008,0.6
02/09/2008,1.5
03/09/2008,0.0
04/09/2008,0.5
05/09/2008,37.5
06/09/2008,3.9
07/09/2008,13.0
08/09/2008,4.1
09/09/2008,0.0
10/09/2008,0.0
11/09/2008,0.0
12/09/2008,0.0
13/09/2008,40.3
14/09/2008,4.9
15/09/2008,0.3
16/09/2008,1.5
17/09/2008,0.0
18/09/2008,0.0
19/09/2008,0.0
20/09/2008,0.0
21/09/2008,47.8
22/09/2008,0.7
23/09/2008,0.0
24/09/2008,0.0
25/09/2008,0.0
26/09/2008,52.5
27/09/2008,0.0
28/09/2008,24.5
29/09/2008,14.5
30/09/2008,0.0
01/10/2008,2.5
02/10/2008,0.0
03/10/2008,5.5
04/10/2008,42.0
05/10/2008,0.0
06/10/2008,0.4
07/10/2008,1.1
08/10/2008,0.0
09/10/2008,1.0
10/10/2008,1.0
11/10/2008,0.0
12/10/2008,5.0
13/10/2008,0.0
14/10/2008,0.0
15/10/2008,0.4
16/10/2008,5.1
17/10/2008,0.0
18/10/2008,1.0
19/10/2008,3.2
20/10/2008,3.2
21/10/2008,22.1
22/10/2008,100.2
23/10/2008,4.8
24/10/2008,14.5
25/10/2008,3.3
26/10/2008,1.7
27/10/2008,82.0
28/10/2008,0.0
29/10/2008,8.5
30/10/2008,4.2
31/10/2008,0.3
01/11/2008,0.4
02/11/2008,1.9
03/11/2008,0.7
04/11/2008,1.0
05/11/2008,0.0
06/11/2008,19.5
07/11/2008,24.5
08/11/2008,1.0
09/11/2008,1.5
10/11/2008,6.5
11/11/2008,12.6
12/11/2008,11.7
13/11/2008,8.5
14/11/2008,14.6
15/11/2008,3.5
16/11/2008,0.0
17/11/2008,6.0
18/11/2008,14.2
19/11/2008,106.8
20/11/2008,90.8
21/11/2008,13.3
22/11/2008,0.7
23/11/2008,4.9
24/11/2008,6.0
25/11/2008,24.3
26/11/2008,8.7
27/11/2008,33.0
28/11/2008,32.3
29/11/2008,253.0
30/11/2008,6.0
01/12/2008,57.8
02/12/2008,86.8
03/12/2008,0.8
04/12/2008,0.0
05/12/2008,27.5
06/12/2008,255.6
07/12/2008,38.0
08/12/2008,22.4
09/12/2008,0.0
10/12/2008,3.2
11/12/2008,19.3
12/12/2008,0.4
13/12/2008,8.3
14/12/2008,26.8
15/12/2008,8.9
16/12/2008,8.6
17/12/2008,7.3
18/12/2008,1.7
19/12/2008,6.4
20/12/2008,2.6
21/12/2008,13.0
22/12/2008,0.5
23/12/2008,1.0
24/12/2008,21.2
25/12/2008,49.2
26/12/2008,4.7
27/12/2008,5.3
28/12/2008,12.5
29/12/2008,21.7
30/12/2008,8.0
31/12/2008,20.1
01/01/2009,118.1
02/01/2009,124.8
03/01/2009,24.7
04/01/2009,44.9
05/01/2009,3.9
06/01/2009,0.0
07/01/2009,0.4
08/01/2009,42.6
09/01/2009,0.5
10/01/2009,13.0
11/01/2009,2.0
12/01/2009,17.5
13/01/2009,19.7
14/01/2009,15.3
15/01/2009,3.0
16/01/2009,4.5
17/01/2009,2.0
18/01/2009,3.5
19/01/2009,0.0
20/01/2009,0.0
21/01/2009,0.0
22/01/2009,0.0
23/01/2009,0.4
24/01/2009,29.8
25/01/2009,19.3
26/01/2009,0.0
27/01/2009,0.0
28/01/2009,0.0
29/01/2009,0.5
30/01/2009,0.0
31/01/2009,0.0
01/02/2009,0.0
02/02/2009,0.0
03/02/2009,0.0
04/02/2009,0.0
05/02/2009,0.0
06/02/2009,1.0
07/02/2009,0.0
08/02/2009,0.0
09/02/2009,0.0
10/02/2009,0.0
11/02/2009,0.0
12/02/2009,0.0
13/02/2009,0.0
14/02/2009,6.4
15/02/2009,0.1
16/02/2009,0.0
17/02/2009,0.0
18/02/2009,0.0
19/02/2009,0.0
20/02/2009,0.0
21/02/2009,9.0
22/02/2009,3.0
23/02/2009,0.0
24/02/2009,0.0
25/02/2009,2.5
26/02/2009,0.0
27/02/2009,0.0
28/02/2009,0.5
01/03/2009,55.7
02/03/2009,74.1
03/03/2009,280.2
04/03/2009,4.0
05/03/2009,21.4
06/03/2009,44.6
07/03/2009,0.0
08/03/2009,0.0
09/03/2009,6.5
10/03/2009,0.0
11/03/2009,0.0
12/03/2009,0.0
13/03/2009,0.0
14/03/2009,33.8
15/03/2009,78.7
16/03/2009,37.9
17/03/2009,47.7
18/03/2009,17.9
19/03/2009,57.1
20/03/2009,8.5
21/03/2009,17.5
22/03/2009,2.0
23/03/2009,21.5
24/03/2009,2.5
25/03/2009,0.0
26/03/2009,0.0
27/03/2009,105.0
28/03/2009,28.5
29/03/2009,2.0
30/03/2009,0.0
31/03/2009,0.4
01/04/2009,16.6
02/04/2009,14.5
03/04/2009,28.5
04/04/2009,0.3
05/04/2009,14.7
06/04/2009,0.4
07/04/2009,53.6
08/04/2009,0.5
09/04/2009,7.5
10/04/2009,0.4
11/04/2009,0.1
12/04/2009,3.0
13/04/2009,0.0
14/04/2009,0.0
15/04/2009,35.0
16/04/2009,0.0
17/04/2009,0.5
18/04/2009,3.5
19/04/2009,0.5
20/04/2009,0.0
21/04/2009,0.0
22/04/2009,0.0
23/04/2009,2.5
24/04/2009,9.4
25/04/2009,0.1
26/04/2009,0.0
27/04/2009,52.8
28/04/2009,36.7
29/04/2009,0.5
30/04/2009,0.0
01/05/2009,0.0
02/05/2009,34.7
03/05/2009,0.8
04/05/2009,0.0
05/05/2009,5.0
06/05/2009,53.8
07/05/2009,2.6
08/05/2009,57.7
09/05/2009,48.5
10/05/2009,0.5
11/05/2009,55.5
12/05/2009,0.0
13/05/2009,35.0
14/05/2009,0.7
15/05/2009,0.3
16/05/2009,4.0
17/05/2009,8.0
18/05/2009,0.5
19/05/2009,43.5
20/05/2009,0.0
21/05/2009,0.9
22/05/2009,0.6
23/05/2009,34.5
24/05/2009,0.5
25/05/2009,0.0
26/05/2009,40.5
27/05/2009,0.5
28/05/2009,11.9
29/05/2009,2.0
30/05/2009,4.1
31/05/2009,0.0
01/06/2009,0.0
02/06/2009,0.5
03/06/2009,16.5
04/06/2009,0.5
05/06/2009,0.0
06/06/2009,0.0
07/06/2009,0.0
08/06/2009,0.0
09/06/2009,18.0
10/06/2009,3.0
11/06/2009,0.0
12/06/2009,3.5
13/06/2009,0.3
14/06/2009,8.2
15/06/2009,0.0
16/06/2009,0.0
17/06/2009,0.0
18/06/2009,0.0
19/06/2009,0.0
20/06/2009,0.5
21/06/2009,5.0
22/06/2009,1.0
23/06/2009,2.5
24/06/2009,11.5
25/06/2009,0.0
26/06/2009,0.0
27/06/2009,27.0
28/06/2009,3.0
29/06/2009,4.8
30/06/2009,2.2
01/07/2009,0.0
02/07/2009,71.9
03/07/2009,0.1
04/07/2009,1.5
05/07/2009,0.0
06/07/2009,0.0
07/07/2009,7.6
08/07/2009,18.9
09/07/2009,11.0
10/07/2009,0.5
11/07/2009,3.5
12/07/2009,0.0
13/07/2009,0.0
14/07/2009,0.5
15/07/2009,0.5
16/07/2009,0.0
17/07/2009,0.0
18/07/2009,0.0
19/07/2009,0.0
20/07/2009,0.0
21/07/2009,9.9
22/07/2009,58.1
23/07/2009,2.7
24/07/2009,0.3
25/07/2009,0.0
26/07/2009,4.5
27/07/2009,0.0
28/07/2009,41.5
29/07/2009,1.0
30/07/2009,0.5
31/07/2009,0.0
01/08/2009,30.5
02/08/2009,0.0
03/08/2009,0.0
04/08/2009,0.0
05/08/2009,0.0
06/08/2009,0.0
07/08/2009,21.5
08/08/2009,0.5
09/08/2009,3.5
10/08/2009,2.5
11/08/2009,0.5
12/08/2009,0.0
13/08/2009,17.5
14/08/2009,0.0
15/08/2009,0.0
16/08/2009,0.0
17/08/2009,0.0
18/08/2009,0.5
19/08/2009,0.0
20/08/2009,57.0
21/08/2009,27.5
22/08/2009,17.0
23/08/2009,0.0
24/08/2009,3.5
25/08/2009,25.0
26/08/2009,0.5
27/08/2009,11.0
28/08/2009,24.0
29/08/2009,60.9
30/08/2009,26.1
31/08/2009,7.0
01/09/2009,0.0
02/09/2009,0.0
03/09/2009,23.5
04/09/2009,2.6
05/09/2009,3.2
06/09/2009,6.0
07/09/2009,0.2
08/09/2009,0.0
09/09/2009,11.5
10/09/2009,0.0
11/09/2009,0.0
12/09/2009,0.5
13/09/2009,8.0
14/09/2009,0.0
15/09/2009,0.0
16/09/2009,26.4
17/09/2009,81.6
18/09/2009,2.0
19/09/2009,0.0
20/09/2009,0.0
21/09/2009,62.1
22/09/2009,5.4
23/09/2009,20.2
24/09/2009,13.4
25/09/2009,1.4
26/09/2009,0.4
27/09/2009,0.6
28/09/2009,0.0
29/09/2009,9.5
30/09/2009,7.0
01/10/2009,0.0
02/10/2009,0.0
03/10/2009,28.2
04/10/2009,8.8
05/10/2009,29.5
06/10/2009,2.0
07/10/2009,1.0
08/10/2009,47.1
09/10/2009,1.9
10/10/2009,23.6
11/10/2009,0.9
12/10/2009,2.0
13/10/2009,9.8
14/10/2009,5.7
15/10/2009,4.8
16/10/2009,0.2
17/10/2009,0.0
18/10/2009,0.0
19/10/2009,1.6
20/10/2009,2.3
21/10/2009,8.5
22/10/2009,23.6
23/10/2009,0.4
24/10/2009,3.1
25/10/2009,0.5
26/10/2009,4.5
27/10/2009,0.0
28/10/2009,16.5
29/10/2009,2.0
30/10/2009,17.4
31/10/2009,1.1
01/11/2009,0.4
02/11/2009,14.6
03/11/2009,1.1
04/11/2009,28.3
05/11/2009,113.4
06/11/2009,142.2
07/11/2009,7.5
08/11/2009,6.9
09/11/2009,45.1
10/11/2009,44.5
11/11/2009,0.5
12/11/2009,0.3
13/11/2009,4.1
14/11/2009,6.4
15/11/2009,0.2
16/11/2009,0.0
17/11/2009,4.8
18/11/2009,72.8
19/11/2009,36.6
20/11/2009,116.9
21/11/2009,206.8
22/11/2009,173.7
23/11/2009,68.4
24/11/2009,23.0
25/11/2009,0.5
26/11/2009,0.0
27/11/2009,0.0
28/11/2009,4.0
29/11/2009,2.5
30/11/2009,50.3
01/12/2009,119.0
02/12/2009,162.6
03/12/2009,44.7
04/12/2009,0.5
05/12/2009,2.0
06/12/2009,0.5
07/12/2009,26.5
08/12/2009,0.0
09/12/2009,1.5
10/12/2009,0.5
11/12/2009,0.0
12/12/2009,0.0
13/12/2009,0.4
14/12/2009,24.1
15/12/2009,0.4
16/12/2009,13.8
17/12/2009,69.3
18/12/2009,117.1
19/12/2009,47.3
20/12/2009,13.1
21/12/2009,2.1
22/12/2009,13.0
23/12/2009,13.1
24/12/2009,0.7
25/12/2009,3.5
26/12/2009,2.2
27/12/2009,23.3
28/12/2009,5.0
29/12/2009,0.0
30/12/2009,0.0
31/12/2009,0.0
01/01/2010,36.7
02/01/2010,17.4
03/01/2010,19.9
04/01/2010,71.2
05/01/2010,1.3
06/01/2010,75.7
07/01/2010,14.3
08/01/2010,5.0
09/01/2010,0.0
10/01/2010,0.0
11/01/2010,0.0
12/01/2010,0.4
13/01/2010,13.6
14/01/2010,0.5
15/01/2010,0.5
16/01/2010,0.5
17/01/2010,0.0
18/01/2010,0.0
19/01/2010,0.0
20/01/2010,0.0
21/01/2010,0.0
22/01/2010,0.0
23/01/2010,0.0
24/01/2010,0.0
25/01/2010,0.0
26/01/2010,0.0
27/01/2010,0.0
28/01/2010,0.0
29/01/2010,0.0
30/01/2010,0.0
31/01/2010,0.0
01/02/2010,0.0
02/02/2010,0.4
03/02/2010,1.1
04/02/2010,7.5
05/02/2010,0.0
06/02/2010,0.0
07/02/2010,0.0
08/02/2010,0.0
09/02/2010,0.0
10/02/2010,0.0
11/02/2010,3.0
12/02/2010,0.0
13/02/2010,0.0
14/02/2010,0.0
15/02/2010,0.0
16/02/2010,1.0
17/02/2010,7.8
18/02/2010,34.7
19/02/2010,0.0
20/02/2010,0.0
21/02/2010,4.0
22/02/2010,0.0
23/02/2010,0.0
24/02/2010,0.0
25/02/2010,0.0
26/02/2010,0.0
27/02/2010,0.0
28/02/2010,0.0
01/03/2010,0.0
02/03/2010,0.0
03/03/2010,0.0
04/03/2010,0.0
05/03/2010,0.0
06/03/2010,0.0
07/03/2010,0.0
08/03/2010,0.0
09/03/2010,0.0
10/03/2010,0.3
11/03/2010,8.2
12/03/2010,29.0
13/03/2010,129.7
14/03/2010,18.3
15/03/2010,0.0
16/03/2010,0.0
17/03/2010,0.4
18/03/2010,8.9
19/03/2010,33.2
20/03/2010,27.0
21/03/2010,1.0
22/03/2010,1.0
23/03/2010,1.0
24/03/2010,0.0
25/03/2010,0.0
26/03/2010,0.5
27/03/2010,0.4
28/03/2010,10.2
29/03/2010,10.7
30/03/2010,32.7
31/03/2010,0.0
01/04/2010,1.5
02/04/2010,0.5
03/04/2010,54.5
04/04/2010,18.5
05/04/2010,1.0
06/04/2010,0.0
07/04/2010,0.0
08/04/2010,0.0
09/04/2010,0.0
10/04/2010,0.0
11/04/2010,0.0
12/04/2010,0.0
13/04/2010,0.0
14/04/2010,0.0
15/04/2010,0.0
16/04/2010,0.0
17/04/2010,0.0
18/04/2010,0.0
19/04/2010,0.0
20/04/2010,0.0
21/04/2010,0.0
22/04/2010,0.0
23/04/2010,0.0
24/04/2010,0.0
25/04/2010,0.4
26/04/2010,26.6
27/04/2010,1.0
28/04/2010,0.8
29/04/2010,11.7
30/04/2010,14.0
01/05/2010,42.5
02/05/2010,2.5
03/05/2010,0.4
04/05/2010,3.6
05/05/2010,0.0
06/05/2010,12.0
07/05/2010,10.0
08/05/2010,2.5
09/05/2010,7.5
10/05/2010,0.0
11/05/2010,0.0
12/05/2010,0.0
13/05/2010,0.0
14/05/2010,0.0
15/05/2010,0.0
16/05/2010,13.5
17/05/2010,0.0
18/05/2010,0.0
19/05/2010,0.0
20/05/2010,0.0
21/05/2010,0.0
22/05/2010,0.0
23/05/2010,0.5
24/05/2010,10.0
25/05/2010,35.0
26/05/2010,5.4
27/05/2010,11.1
28/05/2010,0.4
29/05/2010,0.1
30/05/2010,32.5
31/05/2010,0.5
01/06/2010,42.0
02/06/2010,16.0
03/06/2010,0.0
04/06/2010,3.0
05/06/2010,1.9
06/06/2010,6.1
07/06/2010,1.5
08/06/2010,6.2
09/06/2010,10.8
10/06/2010,0.0
11/06/2010,38.0
12/06/2010,0.0
13/06/2010,4.4
14/06/2010,3.4
15/06/2010,4.1
16/06/2010,1.2
17/06/2010,1.0
18/06/2010,14.0
19/06/2010,3.0
20/06/2010,0.0
21/06/2010,1.0
22/06/2010,24.1
23/06/2010,6.9
16/07/2010,14.0
17/07/2010,11.1
18/07/2010,12.9
19/07/2010,61.5
20/07/2010,10.5
21/07/2010,0.0
22/07/2010,13.0
23/07/2010,3.5
24/07/2010,1.4
25/07/2010,41.6
26/07/2010,0.0
27/07/2010,0.0
28/07/2010,0.0
29/07/2010,104.7
30/07/2010,4.3
31/07/2010,18.5
01/08/2010,17.5
02/08/2010,0.0
03/08/2010,23.6
04/08/2010,28.8
05/08/2010,64.6
06/08/2010,0.0
07/08/2010,15.5
08/08/2010,0.0
09/08/2010,0.0
10/08/2010,0.5
11/08/2010,47.0
12/08/2010,66.0
13/08/2010,0.0
14/08/2010,0.4
15/08/2010,0.6
16/08/2010,0.0
17/08/2010,1.5
18/08/2010,7.0
19/08/2010,38.0
20/08/2010,0.5
21/08/2010,0.0
22/08/2010,0.0
23/08/2010,3.5
24/08/2010,0.0
25/08/2010,5.5
26/08/2010,0.5
27/08/2010,0.0
28/08/2010,0.4
29/08/2010,1.1
30/08/2010,1.0
31/08/2010,0.0
01/09/2010,0.0
02/09/2010,0.5
03/09/2010,12.7
04/09/2010,11.6
05/09/2010,0.6
06/09/2010,23.6
07/09/2010,0.8
08/09/2010,6.2
09/09/2010,32.5
10/09/2010,1.0
11/09/2010,13.0
12/09/2010,0.5
13/09/2010,0.8
14/09/2010,0.7
15/09/2010,12.0
16/09/2010,0.0
17/09/2010,35.5
18/09/2010,0.5
19/09/2010,0.0
20/09/2010,22.5
21/09/2010,0.5
22/09/2010,0.0
23/09/2010,0.0
24/09/2010,0.0
25/09/2010,0.0
26/09/2010,0.0
27/09/2010,0.0
28/09/2010,7.3
29/09/2010,0.7
30/09/2010,7.5
01/10/2010,0.0
02/10/2010,10.2
03/10/2010,1.0
04/10/2010,1.3
05/10/2010,1.5
06/10/2010,13.1
07/10/2010,0.9
08/10/2010,0.0
09/10/2010,0.0
10/10/2010,0.0
11/10/2010,0.0
12/10/2010,7.5
13/10/2010,0.9
14/10/2010,7.1
15/10/2010,0.0
16/10/2010,0.0
17/10/2010,0.5
18/10/2010,25.5
19/10/2010,0.0
20/10/2010,0.0
21/10/2010,0.0
22/10/2010,1.0
23/10/2010,0.0
24/10/2010,3.5
25/10/2010,2.0
26/10/2010,0.0
27/10/2010,19.5
28/10/2010,9.2
29/10/2010,6.1
30/10/2010,50.0
31/10/2010,79.0
01/11/2010,51.6
02/11/2010,9.0
03/11/2010,14.8
04/11/2010,21.5
05/11/2010,13.0
06/11/2010,51.2
07/11/2010,9.5
08/11/2010,5.5
09/11/2010,29.2
10/11/2010,12.3
11/11/2010,4.5
12/11/2010,1.0
13/11/2010,47.5
14/11/2010,12.0
15/11/2010,6.6
16/11/2010,1.4
17/11/2010,1.0
18/11/2010,5.7
19/11/2010,1.7
20/11/2010,24.1
21/11/2010,95.0
22/11/2010,0.0
23/11/2010,32.5
24/11/2010,33.1
25/11/2010,0.4
26/11/2010,5.0
27/11/2010,0.5
28/11/2010,13.1
29/11/2010,5.9
30/11/2010,0.3
01/12/2010,14.2
02/12/2010,3.7
03/12/2010,9.2
04/12/2010,96.3
05/12/2010,29.4
06/12/2010,5.9
07/12/2010,57.7
08/12/2010,15.9
09/12/2010,1.3
10/12/2010,0.2
11/12/2010,22.0
12/12/2010,0.0
13/12/2010,10.0
14/12/2010,2.0
15/12/2010,0.0
16/12/2010,0.9
17/12/2010,35.9
18/12/2010,30.9
19/12/2010,37.0
20/12/2010,29.6
21/12/2010,20.6
22/12/2010,20.1
23/12/2010,24.1
24/12/2010,2.3
25/12/2010,0.0
26/12/2010,0.0
27/12/2010,6.1
28/12/2010,31.3
29/12/2010,85.4
30/12/2010,63.2
31/12/2010,67.0
01/01/2011,23.7
02/01/2011,62.6
03/01/2011,8.8
04/01/2011,5.7
05/01/2011,156.5
06/01/2011,239.7
07/01/2011,37.3
08/01/2011,23.7
09/01/2011,6.2
10/01/2011,16.8
11/01/2011,0.0
12/01/2011,2.0
13/01/2011,0.0
14/01/2011,0.0
15/01/2011,35.0
16/01/2011,2.5
17/01/2011,21.0
18/01/2011,0.5
19/01/2011,0.0
20/01/2011,0.0
21/01/2011,0.0
22/01/2011,0.0
23/01/2011,2.5
24/01/2011,32.8
25/01/2011,43.4
26/01/2011,51.6
27/01/2011,69.9
28/01/2011,56.8
29/01/2011,61.9
30/01/2011,81.0
31/01/2011,38.4
01/02/2011,31.5
02/02/2011,23.8
03/02/2011,8.5
04/02/2011,0.0
05/02/2011,0.0
06/02/2011,0.0
07/02/2011,0.0
08/02/2011,0.0
09/02/2011,0.0
10/02/2011,0.0
11/02/2011,0.0
12/02/2011,0.0
13/02/2011,0.0
14/02/2011,0.0
15/02/2011,48.0
16/02/2011,11.0
17/02/2011,1.0
18/02/2011,0.0
19/02/2011,0.0
20/02/2011,0.0
21/02/2011,0.4
22/02/2011,30.3
23/02/2011,14.8
24/02/2011,0.0
25/02/2011,0.0
26/02/2011,0.0
27/02/2011,0.0
28/02/2011,0.0
01/03/2011,0.0
02/03/2011,0.0
03/03/2011,0.0
04/03/2011,0.0
05/03/2011,0.0
06/03/2011,0.0
07/03/2011,1.9
08/03/2011,62.0
09/03/2011,165.7
10/03/2011,12.4
11/03/2011,0.6
12/03/2011,0.0
13/03/2011,0.5
14/03/2011,3.5
15/03/2011,0.0
16/03/2011,0.0
17/03/2011,0.0
18/03/2011,0.0
19/03/2011,0.0
20/03/2011,0.0
21/03/2011,0.0
22/03/2011,0.5
23/03/2011,0.0
24/03/2011,0.0
25/03/2011,0.0
26/03/2011,0.0
27/03/2011,0.0
28/03/2011,0.0
29/03/2011,0.0
30/03/2011,0.0
31/03/2011,0.0
01/04/2011,0.0
02/04/2011,0.0
03/04/2011,0.0
04/04/2011,0.0
05/04/2011,0.0
06/04/2011,0.0
07/04/2011,0.0
08/04/2011,0.0
09/04/2011,0.0
10/04/2011,0.0
11/04/2011,0.0
12/04/2011,0.0
13/04/2011,0.0
14/04/2011,0.0
15/04/2011,0.0
16/04/2011,0.0
17/04/2011,0.0
18/04/2011,0.0
19/04/2011,0.0
20/04/2011,0.0
21/04/2011,0.0
22/04/2011,0.0
23/04/2011,0.0
24/04/2011,51.0
25/04/2011,0.0
26/04/2011,10.5
27/04/2011,0.5
28/04/2011,0.0
29/04/2011,0.0
30/04/2011,0.0
01/05/2011,0.0
02/05/2011,0.0
03/05/2011,0.0
04/05/2011,9.0
05/05/2011,32.0
06/05/2011,4.5
07/05/2011,2.5
08/05/2011,6.2
09/05/2011,10.2
10/05/2011,0.0
11/05/2011,0.4
12/05/2011,17.6
13/05/2011,0.0
14/05/2011,0.0
15/05/2011,7.5
16/05/2011,0.5
17/05/2011,0.0
18/05/2011,0.5
19/05/2011,0.0
20/05/2011,0.4
21/05/2011,29.6
22/05/2011,0.5
23/05/2011,66.5
24/05/2011,2.0
25/05/2011,31.0
26/05/2011,0.4
27/05/2011,39.6
28/05/2011,6.0
29/05/2011,0.5
30/05/2011,0.0
31/05/2011,1.0
01/06/2011,0.0
02/06/2011,9.0
03/06/2011,0.0
04/06/2011,14.5
05/06/2011,12.5
06/06/2011,6.5
07/06/2011,19.0
08/06/2011,3.7
09/06/2011,3.2
10/06/2011,0.1
11/06/2011,2.5
12/06/2011,0.0
13/06/2011,20.9
14/06/2011,0.6
15/06/2011,0.0
16/06/2011,0.0
17/06/2011,22.0
18/06/2011,15.0
19/06/2011,0.0
20/06/2011,0.0
21/06/2011,0.5
22/06/2011,35.5
23/06/2011,0.0
24/06/2011,0.5
25/06/2011,1.5
26/06/2011,8.5
27/06/2011,17.0
28/06/2011,0.0
29/06/2011,41.5
30/06/2011,2.5
01/07/2011,0.0
02/07/2011,0.4
03/07/2011,3.1
04/07/2011,66.0
05/07/2011,0.0
06/07/2011,14.5
07/07/2011,0.0
08/07/2011,0.0
09/07/2011,0.4
10/07/2011,103.1
11/07/2011,44.0
12/07/2011,0.9
13/07/2011,12.6
14/07/2011,0.0
15/07/2011,2.5
16/07/2011,0.0
17/07/2011,0.0
18/07/2011,0.0
19/07/2011,0.0
20/07/2011,0.0
21/07/2011,0.0
22/07/2011,7.0
23/07/2011,18.4
24/07/2011,18.6
25/07/2011,0.0
26/07/2011,6.0
27/07/2011,0.0
28/07/2011,0.0
29/07/2011,0.0
30/07/2011,0.0
31/07/2011,0.0
01/08/2011,0.0
02/08/2011,0.0
03/08/2011,19.0
04/08/2011,1.0
05/08/2011,0.0
06/08/2011,1.8
07/08/2011,34.7
08/08/2011,0.0
09/08/2011,24.5
10/08/2011,1.0
11/08/2011,3.3
12/08/2011,67.2
13/08/2011,3.5
14/08/2011,2.3
15/08/2011,0.7
16/08/2011,0.5
17/08/2011,39.5
18/08/2011,0.5
19/08/2011,16.0
20/08/2011,0.4
21/08/2011,0.1
22/08/2011,78.5
23/08/2011,22.9
24/08/2011,124.0
25/08/2011,93.6
26/08/2011,49.0
27/08/2011,27.4
28/08/2011,11.8
29/08/2011,17.3
30/08/2011,0.0
31/08/2011,0.5
01/09/2011,0.5
02/09/2011,0.0
03/09/2011,0.5
04/09/2011,17.5
05/09/2011,0.0
06/09/2011,0.0
07/09/2011,0.0
08/09/2011,14.5
09/09/2011,3.4
10/09/2011,43.9
11/09/2011,0.2
12/09/2011,0.0
13/09/2011,13.0
14/09/2011,0.5
15/09/2011,7.0
16/09/2011,0.0
17/09/2011,0.0
18/09/2011,22.5
19/09/2011,0.5
20/09/2011,23.0
21/09/2011,0.0
22/09/2011,31.2
23/09/2011,2.3
24/09/2011,0.0
25/09/2011,38.0
26/09/2011,32.2
27/09/2011,0.3
28/09/2011,0.0
29/09/2011,0.0
30/09/2011,0.0
01/10/2011,4.0
02/10/2011,1.5
03/10/2011,19.9
04/10/2011,27.6
05/10/2011,38.2
06/10/2011,1.3
07/10/2011,13.3
08/10/2011,6.2
09/10/2011,0.5
10/10/2011,25.2
11/10/2011,0.9
12/10/2011,0.0
13/10/2011,0.0
14/10/2011,0.0
15/10/2011,24.0
16/10/2011,7.0
17/10/2011,3.1
18/10/2011,20.7
19/10/2011,3.1
20/10/2011,52.3
21/10/2011,34.2
22/10/2011,3.0
23/10/2011,6.0
24/10/2011,24.8
25/10/2011,7.2
26/10/2011,12.8
27/10/2011,14.7
28/10/2011,0.7
29/10/2011,16.9
30/10/2011,7.4
31/10/2011,16.3
01/11/2011,8.0
02/11/2011,6.1
03/11/2011,0.0
04/11/2011,6.0
05/11/2011,13.0
06/11/2011,0.0
07/11/2011,3.5
08/11/2011,0.0
09/11/2011,9.5
10/11/2011,0.0
11/11/2011,4.0
12/11/2011,16.4
13/11/2011,20.4
14/11/2011,6.2
15/11/2011,13.2
16/11/2011,6.8
17/11/2011,10.5
18/11/2011,0.0
19/11/2011,1.1
20/11/2011,48.9
21/11/2011,79.1
22/11/2011,224.6
23/11/2011,288.0
24/11/2011,73.2
25/11/2011,80.7
26/11/2011,83.6
27/11/2011,128.8
28/11/2011,28.1
29/11/2011,202.7
30/11/2011,5.7
01/12/2011,14.0
02/12/2011,0.0
03/12/2011,0.0
04/12/2011,74.4
05/12/2011,16.1
06/12/2011,2.5
07/12/2011,0.0
08/12/2011,0.0
09/12/2011,3.4
10/12/2011,124.3
11/12/2011,73.3
12/12/2011,17.0
13/12/2011,0.5
14/12/2011,0.0
15/12/2011,4.3
16/12/2011,170.5
17/12/2011,86.9
18/12/2011,85.9
19/12/2011,35.9
20/12/2011,7.2
21/12/2011,75.2
22/12/2011,17.8
23/12/2011,18.2
24/12/2011,10.2
25/12/2011,3.9
26/12/2011,0.8
27/12/2011,20.1
28/12/2011,27.2
29/12/2011,3.3
30/12/2011,37.1
31/12/2011,36.9
01/01/2012,49.0
02/01/2012,104.3
03/01/2012,5.9
04/01/2012,0.0
05/01/2012,0.0
06/01/2012,0.0
07/01/2012,0.7
08/01/2012,15.8
09/01/2012,6.0
10/01/2012,20.7
11/01/2012,45.8
12/01/2012,58.3
13/01/2012,52.1
14/01/2012,63.6
15/01/2012,26.5
16/01/2012,0.5
17/01/2012,0.8
18/01/2012,6.2
19/01/2012,2.9
20/01/2012,17.1
21/01/2012,0.0
22/01/2012,0.0
23/01/2012,0.0
24/01/2012,0.0
25/01/2012,0.0
26/01/2012,0.0
27/01/2012,18.0
28/01/2012,14.0
29/01/2012,16.5
30/01/2012,0.4
31/01/2012,2.6
01/02/2012,1.5
02/02/2012,0.0
03/02/2012,0.0
04/02/2012,0.0
05/02/2012,0.0
06/02/2012,0.5
07/02/2012,0.0
08/02/2012,0.0
09/02/2012,0.0
10/02/2012,0.0
11/02/2012,10.9
12/02/2012,7.6
13/02/2012,0.5
14/02/2012,0.5
15/02/2012,0.0
16/02/2012,0.0
17/02/2012,0.0
18/02/2012,96.5
19/02/2012,49.5
20/02/2012,0.0
21/02/2012,0.0
22/02/2012,0.0
23/02/2012,0.0
24/02/2012,0.0
25/02/2012,0.0
26/02/2012,0.0
27/02/2012,33.6
28/02/2012,1.9
29/02/2012,0.0
01/03/2012,1.5
02/03/2012,0.0
03/03/2012,0.0
04/03/2012,0.0
05/03/2012,0.0
06/03/2012,2.0
07/03/2012,0.0
08/03/2012,3.5
09/03/2012,9.0
10/03/2012,0.4
11/03/2012,47.1
12/03/2012,103.6
13/03/2012,36.4
14/03/2012,6.9
15/03/2012,20.6
16/03/2012,0.0
17/03/2012,0.0
18/03/2012,0.0
19/03/2012,0.0
20/03/2012,0.0
21/03/2012,0.0
22/03/2012,0.0
23/03/2012,0.0
24/03/2012,0.0
25/03/2012,0.0
26/03/2012,52.5
27/03/2012,1.0
28/03/2012,0.0
29/03/2012,0.4
30/03/2012,30.6
31/03/2012,0.0
01/04/2012,0.5
02/04/2012,7.5
03/04/2012,9.0
04/04/2012,1.5
05/04/2012,2.0
06/04/2012,48.0
07/04/2012,0.0
08/04/2012,9.5
09/04/2012,12.0
10/04/2012,62.0
11/04/2012,1.5
12/04/2012,3.0
13/04/2012,0.4
14/04/2012,89.6
15/04/2012,0.0
16/04/2012,24.5
17/04/2012,0.0
18/04/2012,13.0
19/04/2012,0.5
20/04/2012,113.0
21/04/2012,3.3
22/04/2012,0.2
23/04/2012,0.0
24/04/2012,67.0
25/04/2012,7.5
26/04/2012,10.0
27/04/2012,12.0
28/04/2012,0.0
29/04/2012,22.0
30/04/2012,8.5
01/05/2012,5.5
02/05/2012,7.0
03/05/2012,0.0
04/05/2012,39.3
05/05/2012,2.7
06/05/2012,30.4
07/05/2012,3.1
08/05/2012,4.0
09/05/2012,0.0
10/05/2012,0.0
11/05/2012,0.0
12/05/2012,0.0
13/05/2012,0.0
14/05/2012,15.4
15/05/2012,0.6
16/05/2012,0.0
17/05/2012,0.0
18/05/2012,0.0
19/05/2012,0.5
20/05/2012,4.0
21/05/2012,1.0
22/05/2012,31.0
23/05/2012,0.0
24/05/2012,7.0
25/05/2012,0.5
26/05/2012,0.4
27/05/2012,8.1
28/05/2012,7.6
29/05/2012,0.4
30/05/2012,16.5
31/05/2012,4.0
01/06/2012,9.0
02/06/2012,6.0
03/06/2012,0.5
04/06/2012,0.0
05/06/2012,0.0
06/06/2012,0.0
07/06/2012,1.0
08/06/2012,0.0
09/06/2012,0.0
10/06/2012,0.0
11/06/2012,0.0
12/06/2012,0.0
13/06/2012,0.0
14/06/2012,0.0
15/06/2012,0.0
16/06/2012,0.0
17/06/2012,0.0
18/06/2012,0.4
19/06/2012,3.6
20/06/2012,0.0
21/06/2012,0.6
22/06/2012,0.4
23/06/2012,0.0
24/06/2012,9.0
25/06/2012,20.0
26/06/2012,0.3
27/06/2012,28.2
28/06/2012,0.0
29/06/2012,0.0
30/06/2012,0.0
01/07/2012,0.0
02/07/2012,0.0
03/07/2012,0.0
04/07/2012,28.0
05/07/2012,8.5
06/07/2012,17.0
07/07/2012,55.5
08/07/2012,0.8
09/07/2012,11.2
10/07/2012,0.0
11/07/2012,0.0
12/07/2012,0.0
13/07/2012,0.0
14/07/2012,45.5
15/07/2012,2.0
16/07/2012,0.0
17/07/2012,30.5
18/07/2012,22.8
19/07/2012,11.5
20/07/2012,1.2
21/07/2012,0.0
22/07/2012,0.0
23/07/2012,9.5
24/07/2012,0.0
25/07/2012,0.0
26/07/2012,0.4
27/07/2012,11.1
28/07/2012,0.0
29/07/2012,0.0
30/07/2012,0.0
31/07/2012,0.0
01/08/2012,6.3
02/08/2012,0.2
03/08/2012,0.0
04/08/2012,0.4
05/08/2012,1.1
06/08/2012,0.0
07/08/2012,5.0
08/08/2012,0.0
09/08/2012,0.0
10/08/2012,0.0
11/08/2012,21.5
12/08/2012,7.5
13/08/2012,5.8
14/08/2012,41.2
15/08/2012,2.5
16/08/2012,31.0
17/08/2012,5.5
18/08/2012,0.0
19/08/2012,7.5
20/08/2012,0.0
21/08/2012,0.0
22/08/2012,0.0
23/08/2012,0.0
24/08/2012,0.0
25/08/2012,0.5
26/08/2012,0.0
27/08/2012,2.0
28/08/2012,2.0
29/08/2012,0.0
30/08/2012,0.0
31/08/2012,0.0
01/09/2012,0.0
02/09/2012,5.0
03/09/2012,0.4
04/09/2012,52.1
05/09/2012,2.0
06/09/2012,0.0
07/09/2012,19.5
08/09/2012,0.5
09/09/2012,0.0
10/09/2012,0.0
11/09/2012,51.0
12/09/2012,5.2
13/09/2012,18.3
14/09/2012,0.5
15/09/2012,3.0
16/09/2012,9.5
17/09/2012,0.5
18/09/2012,1.5
19/09/2012,7.6
20/09/2012,5.8
21/09/2012,5.1
22/09/2012,0.5
23/09/2012,0.0
24/09/2012,22.5
25/09/2012,0.5
26/09/2012,17.9
27/09/2012,0.1
28/09/2012,0.0
29/09/2012,0.0
30/09/2012,0.0
01/10/2012,0.0
02/10/2012,0.0
03/10/2012,0.0
04/10/2012,13.5
05/10/2012,0.0
06/10/2012,4.2
07/10/2012,14.8
08/10/2012,6.3
09/10/2012,8.7
10/10/2012,25.5
11/10/2012,37.5
12/10/2012,8.0
13/10/2012,0.0
14/10/2012,12.0
15/10/2012,34.0
16/10/2012,32.0
17/10/2012,0.4
18/10/2012,8.0
19/10/2012,45.6
20/10/2012,0.4
21/10/2012,13.5
22/10/2012,29.1
23/10/2012,0.0
24/10/2012,40.5
25/10/2012,2.0
26/10/2012,0.0
27/10/2012,0.0
28/10/2012,0.0
29/10/2012,0.0
30/10/2012,0.0
31/10/2012,0.4
01/11/2012,7.1
02/11/2012,3.1
03/11/2012,7.4
04/11/2012,18.0
05/11/2012,32.1
06/11/2012,2.0
07/11/2012,1.0
08/11/2012,9.5
09/11/2012,7.0
10/11/2012,16.0
11/11/2012,24.8
12/11/2012,4.2
13/11/2012,2.0
14/11/2012,0.0
15/11/2012,16.0
16/11/2012,0.0
17/11/2012,0.0
18/11/2012,0.0
19/11/2012,4.0
20/11/2012,37.4
21/11/2012,2.6
22/11/2012,0.0
23/11/2012,0.0
24/11/2012,1.5
25/11/2012,5.5
26/11/2012,0.0
27/11/2012,24.5
28/11/2012,3.0
29/11/2012,0.0
30/11/2012,8.5
01/12/2012,4.5
02/12/2012,0.0
03/12/2012,0.3
04/12/2012,8.2
05/12/2012,3.5
06/12/2012,0.0
07/12/2012,0.0
08/12/2012,0.0
09/12/2012,0.0
10/12/2012,16.5
11/12/2012,0.0
12/12/2012,24.0
13/12/2012,13.0
14/12/2012,2.9
15/12/2012,16.4
16/12/2012,44.0
17/12/2012,16.1
18/12/2012,97.0
19/12/2012,77.7
20/12/2012,79.5
21/12/2012,83.8
22/12/2012,51.8
23/12/2012,162.4
24/12/2012,270.2
25/12/2012,69.9
26/12/2012,29.8
27/12/2012,18.9
28/12/2012,7.7
29/12/2012,0.0
30/12/2012,31.4
31/12/2012,226.8
01/01/2013,23.5
02/01/2013,45.0
03/01/2013,84.1
04/01/2013,13.7
05/01/2013,1.0
06/01/2013,0.0
07/01/2013,0.0
08/01/2013,0.5
09/01/2013,15.5
10/01/2013,0.0
11/01/2013,55.3
12/01/2013,1.2
13/01/2013,0.0
14/01/2013,0.0
15/01/2013,0.5
16/01/2013,0.0
17/01/2013,0.4
18/01/2013,8.8
19/01/2013,0.7
20/01/2013,12.1
21/01/2013,69.7
22/01/2013,21.5
23/01/2013,22.5
24/01/2013,64.7
25/01/2013,0.0
26/01/2013,0.0
27/01/2013,0.0
28/01/2013,0.0
29/01/2013,0.0
30/01/2013,0.0
31/01/2013,0.5
01/02/2013,1.0
02/02/2013,0.5
03/02/2013,17.0
04/02/2013,8.8
05/02/2013,4.7
06/02/2013,0.0
07/02/2013,0.0
08/02/2013,0.0
09/02/2013,0.0
10/02/2013,0.0
11/02/2013,85.2
12/02/2013,152.1
13/02/2013,35.6
14/02/2013,19.2
15/02/2013,68.9
16/02/2013,7.7
17/02/2013,13.2
18/02/2013,2.5
19/02/2013,2.5
20/02/2013,0.0
21/02/2013,0.0
22/02/2013,1.5
23/02/2013,2.5
24/02/2013,116.0
25/02/2013,119.6
26/02/2013,183.4
27/02/2013,19.0
28/02/2013,19.6
01/03/2013,1.9
02/03/2013,0.0
03/03/2013,0.0
04/03/2013,0.0
05/03/2013,0.4
06/03/2013,23.2
07/03/2013,10.8
08/03/2013,0.0
09/03/2013,0.0
10/03/2013,0.0
11/03/2013,0.0
12/03/2013,0.0
13/03/2013,0.0
14/03/2013,0.0
15/03/2013,0.0
16/03/2013,0.0
17/03/2013,0.0
18/03/2013,0.0
19/03/2013,0.0
20/03/2013,0.0
21/03/2013,0.0
22/03/2013,0.0
23/03/2013,0.0
24/03/2013,0.0
25/03/2013,0.0
26/03/2013,0.0
27/03/2013,0.0
28/03/2013,0.0
29/03/2013,0.0
30/03/2013,0.0
31/03/2013,0.0
01/04/2013,0.0
02/04/2013,0.0
03/04/2013,0.0
04/04/2013,9.2
05/04/2013,0.3
06/04/2013,71.5
07/04/2013,0.0
08/04/2013,0.0
09/04/2013,2.0
10/04/2013,15.5
11/04/2013,6.5
12/04/2013,3.0
13/04/2013,2.5
14/04/2013,1.5
15/04/2013,11.0
16/04/2013,10.5
17/04/2013,9.7
18/04/2013,4.3
19/04/2013,27.0
20/04/2013,14.5
21/04/2013,2.5
22/04/2013,1.5
23/04/2013,0.0
24/04/2013,31.4
25/04/2013,1.1
26/04/2013,0.0
27/04/2013,22.5
28/04/2013,40.5
29/04/2013,0.0
30/04/2013,6.0
01/05/2013,13.5
02/05/2013,5.5
03/05/2013,25.5
04/05/2013,23.0
05/05/2013,64.5
06/05/2013,7.0
07/05/2013,2.0
08/05/2013,4.5
09/05/2013,3.5
10/05/2013,8.5
11/05/2013,0.5
12/05/2013,0.0
13/05/2013,0.5
14/05/2013,24.7
15/05/2013,24.3
16/05/2013,0.0
17/05/2013,82.0
18/05/2013,0.4
19/05/2013,40.1
20/05/2013,15.0
21/05/2013,0.0
22/05/2013,10.7
23/05/2013,31.8
24/05/2013,3.0
25/05/2013,2.0
26/05/2013,16.5
27/05/2013,0.0
28/05/2013,0.7
29/05/2013,0.5
30/05/2013,35.7
31/05/2013,0.0
01/06/2013,0.0
02/06/2013,15.0
03/06/2013,4.0
04/06/2013,0.0
05/06/2013,0.0
06/06/2013,0.0
07/06/2013,0.0
08/06/2013,0.0
09/06/2013,0.0
10/06/2013,0.0
11/06/2013,8.5
12/06/2013,0.5
13/06/2013,10.6
14/06/2013,1.4
15/06/2013,0.0
16/06/2013,0.0
17/06/2013,0.0
18/06/2013,0.0
19/06/2013,0.0
20/06/2013,0.0
21/06/2013,0.0
22/06/2013,0.0
23/06/2013,0.0
24/06/2013,0.0
25/06/2013,0.0
26/06/2013,4.5
27/06/2013,2.0
28/06/2013,1.0
29/06/2013,1.0
30/06/2013,0.0
01/07/2013,0.0
02/07/2013,0.0
03/07/2013,15.0
04/07/2013,4.6
05/07/2013,0.4
06/07/2013,0.4
07/07/2013,0.1
08/07/2013,0.0
09/07/2013,0.5
10/07/2013,6.0
11/07/2013,2.5
12/07/2013,0.0
13/07/2013,48.4
14/07/2013,8.1
15/07/2013,0.5
16/07/2013,3.4
17/07/2013,2.6
18/07/2013,0.0
19/07/2013,0.0
20/07/2013,0.0
21/07/2013,0.0
22/07/2013,0.0
23/07/2013,0.0
24/07/2013,0.0
25/07/2013,16.0
26/07/2013,2.5
27/07/2013,0.0
28/07/2013,0.0
29/07/2013,0.0
30/07/2013,9.5
31/07/2013,9.0
01/08/2013,33.4
02/08/2013,38.4
03/08/2013,4.6
04/08/2013,20.8
05/08/2013,41.7
06/08/2013,1.5
07/08/2013,0.5
08/08/2013,0.5
09/08/2013,0.5
10/08/2013,1.5
11/08/2013,0.0
12/08/2013,0.5
13/08/2013,13.5
14/08/2013,3.0
15/08/2013,5.7
16/08/2013,8.8
17/08/2013,4.5
18/08/2013,43.5
19/08/2013,4.0
20/08/2013,0.0
21/08/2013,2.0
22/08/2013,23.1
23/08/2013,0.9
24/08/2013,0.0
25/08/2013,19.2
26/08/2013,2.8
27/08/2013,3.0
28/08/2013,4.0
29/08/2013,1.0
30/08/2013,17.0
31/08/2013,0.0
01/09/2013,0.0
02/09/2013,0.0
03/09/2013,0.0
04/09/2013,18.0
05/09/2013,1.7
06/09/2013,2.8
07/09/2013,18.5
08/09/2013,7.0
09/09/2013,16.0
10/09/2013,0.0
11/09/2013,2.0
12/09/2013,11.0
13/09/2013,0.0
14/09/2013,10.0
15/09/2013,7.0
16/09/2013,27.0
17/09/2013,0.0
18/09/2013,0.0
19/09/2013,0.0
20/09/2013,5.0
21/09/2013,0.0
22/09/2013,0.0
23/09/2013,0.0
24/09/2013,0.0
25/09/2013,0.0
26/09/2013,6.5
27/09/2013,7.5
28/09/2013,2.0
29/09/2013,0.0
30/09/2013,0.0
01/10/2013,47.5
02/10/2013,21.5
03/10/2013,15.7
04/10/2013,8.3
05/10/2013,0.0
06/10/2013,0.5
07/10/2013,0.5
08/10/2013,1.7
09/10/2013,0.8
10/10/2013,4.0
11/10/2013,0.4
12/10/2013,6.1
13/10/2013,20.5
14/10/2013,8.3
15/10/2013,7.7
16/10/2013,0.5
17/10/2013,8.5
18/10/2013,2.6
19/10/2013,26.4
20/10/2013,0.5
21/10/2013,3.5
22/10/2013,18.9
23/10/2013,0.1
24/10/2013,2.5
25/10/2013,3.5
26/10/2013,1.5
27/10/2013,6.5
28/10/2013,0.0
29/10/2013,4.0
30/10/2013,0.0
31/10/2013,3.4
01/11/2013,12.6
02/11/2013,3.0
03/11/2013,1.0
04/11/2013,6.0
05/11/2013,31.0
06/11/2013,0.0
07/11/2013,44.0
08/11/2013,0.0
09/11/2013,11.5
10/11/2013,0.5
11/11/2013,22.0
12/11/2013,0.5
13/11/2013,0.5
14/11/2013,0.0
15/11/2013,0.0
16/11/2013,2.8
17/11/2013,5.2
18/11/2013,10.0
19/11/2013,18.0
20/11/2013,51.0
21/11/2013,2.0
22/11/2013,5.0
23/11/2013,1.0
24/11/2013,0.0
25/11/2013,0.4
26/11/2013,2.6
27/11/2013,9.0
28/11/2013,18.0
29/11/2013,24.0
30/11/2013,87.9
01/12/2013,23.1
02/12/2013,57.0
03/12/2013,155.5
04/12/2013,120.3
05/12/2013,23.2
06/12/2013,24.2
07/12/2013,11.7
08/12/2013,1.7
09/12/2013,16.3
10/12/2013,143.0
11/12/2013,1.0
12/12/2013,2.0
13/12/2013,0.0
14/12/2013,11.3
15/12/2013,1.7
16/12/2013,15.0
17/12/2013,13.0
18/12/2013,4.0
19/12/2013,28.5
20/12/2013,1.0
21/12/2013,0.5
22/12/2013,0.0
23/12/2013,2.0
24/12/2013,0.0
25/12/2013,1.6
26/12/2013,4.4
27/12/2013,13.0
28/12/2013,7.0
29/12/2013,4.4
30/12/2013,2.6
31/12/2013,4.3
01/01/2014,9.2
02/01/2014,13.1
03/01/2014,17.4
04/01/2014,0.5
05/01/2014,2.0
06/01/2014,0.5
07/01/2014,0.0
08/01/2014,1.8
09/01/2014,14.2
10/01/2014,34.0
11/01/2014,68.5
12/01/2014,45.5
13/01/2014,1.0
14/01/2014,1.0
15/01/2014,3.0
16/01/2014,0.0
17/01/2014,0.0
18/01/2014,0.0
19/01/2014,0.0
20/01/2014,0.0
21/01/2014,0.0
22/01/2014,1.0
23/01/2014,0.0
24/01/2014,0.0
25/01/2014,0.0
26/01/2014,0.0
27/01/2014,0.0
28/01/2014,0.0
29/01/2014,0.0
30/01/2014,0.0
31/01/2014,0.0
01/02/2014,0.0
02/02/2014,0.0
03/02/2014,0.0
04/02/2014,0.0
05/02/2014,0.0
06/02/2014,0.0
07/02/2014,0.0
08/02/2014,0.0
09/02/2014,0.0
10/02/2014,0.0
11/02/2014,0.0
12/02/2014,0.0
13/02/2014,0.0
14/02/2014,0.0
15/02/2014,0.0
16/02/2014,2.0
17/02/2014,0.0
18/02/2014,0.0
19/02/2014,0.0
20/02/2014,15.8
21/02/2014,0.7
22/02/2014,0.0
23/02/2014,0.0
24/02/2014,0.0
25/02/2014,0.0
26/02/2014,0.0
27/02/2014,0.0
28/02/2014,0.0
01/03/2014,0.0
02/03/2014,0.0
03/03/2014,0.0
04/03/2014,0.0
05/03/2014,0.0
06/03/2014,0.0
07/03/2014,0.0
08/03/2014,0.0
09/03/2014,0.0
10/03/2014,0.0
11/03/2014,0.0
12/03/2014,0.0
13/03/2014,0.0
14/03/2014,0.0
15/03/2014,17.6
16/03/2014,12.4
17/03/2014,3.0
18/03/2014,0.0
19/03/2014,0.0
20/03/2014,0.0
21/03/2014,0.0
22/03/2014,0.0
23/03/2014,14.4
24/03/2014,0.6
25/03/2014,2.5
26/03/2014,0.0
27/03/2014,0.0
28/03/2014,0.5
29/03/2014,18.0
30/03/2014,0.0
31/03/2014,0.0
01/04/2014,20.5
02/04/2014,0.0
03/04/2014,0.0
04/04/2014,0.0
05/04/2014,0.0
06/04/2014,0.0
07/04/2014,0.0
08/04/2014,0.0
09/04/2014,0.0
10/04/2014,0.0
11/04/2014,0.0
12/04/2014,0.0
13/04/2014,0.0
14/04/2014,0.0
15/04/2014,0.0
16/04/2014,0.0
17/04/2014,7.5
18/04/2014,0.5
19/04/2014,31.8
20/04/2014,4.2
21/04/2014,0.0
22/04/2014,0.0
23/04/2014,0.0
24/04/2014,9.0
25/04/2014,5.0
26/04/2014,21.0
27/04/2014,0.5
28/04/2014,0.5
29/04/2014,0.0
30/04/2014,0.0
01/05/2014,0.0
02/05/2014,2.5
03/05/2014,0.0
04/05/2014,1.5
05/05/2014,9.0
06/05/2014,0.0
07/05/2014,0.5
08/05/2014,0.0
09/05/2014,1.0
10/05/2014,0.0
11/05/2014,3.5
12/05/2014,0.0
13/05/2014,0.4
14/05/2014,3.6
15/05/2014,0.0
16/05/2014,5.5
17/05/2014,1.0
18/05/2014,0.0
19/05/2014,0.0
20/05/2014,4.0
21/05/2014,0.0
22/05/2014,18.5
23/05/2014,0.0
24/05/2014,4.5
25/05/2014,0.0
26/05/2014,0.0
27/05/2014,19.5
28/05/2014,0.5
29/05/2014,1.0
30/05/2014,0.0
31/05/2014,0.5
01/06/2014,1.0
02/06/2014,4.5
03/06/2014,5.0
04/06/2014,17.5
05/06/2014,19.5
06/06/2014,1.5
07/06/2014,0.0
08/06/2014,1.5
09/06/2014,1.0
10/06/2014,2.0
11/06/2014,9.5
12/06/2014,11.0
13/06/2014,0.0
14/06/2014,0.0
15/06/2014,0.0
16/06/2014,0.3
17/06/2014,0.2
18/06/2014,0.0
19/06/2014,0.0
20/06/2014,0.0
21/06/2014,28.0
22/06/2014,9.0
23/06/2014,0.0
24/06/2014,0.0
25/06/2014,11.0
26/06/2014,5.0
27/06/2014,0.0
28/06/2014,0.0
29/06/2014,35.0
30/06/2014,44.0
01/07/2014,9.0
02/07/2014,3.5
03/07/2014,0.0
04/07/2014,0.5
05/07/2014,9.0
06/07/2014,0.5
07/07/2014,5.5
08/07/2014,3.5
09/07/2014,0.0
10/07/2014,2.0
11/07/2014,0.0
12/07/2014,0.0
13/07/2014,0.0
14/07/2014,0.0
15/07/2014,0.5
16/07/2014,2.5
17/07/2014,14.6
18/07/2014,0.0
19/07/2014,0.0
20/07/2014,0.0
21/07/2014,0.0
22/07/2014,6.2
23/07/2014,0.3
24/07/2014,0.0
25/07/2014,0.0
26/07/2014,6.0
27/07/2014,0.0
28/07/2014,4.7
29/07/2014,1.3
30/07/2014,0.0
31/07/2014,0.0
01/08/2014,0.0
02/08/2014,0.5
03/08/2014,0.0
04/08/2014,3.5
05/08/2014,21.0
06/08/2014,0.0
07/08/2014,0.0
08/08/2014,0.5
09/08/2014,0.0
10/08/2014,0.0
11/08/2014,18.0
12/08/2014,6.0
13/08/2014,26.0
14/08/2014,0.0
15/08/2014,2.5
16/08/2014,2.0
17/08/2014,0.0
18/08/2014,1.0
19/08/2014,2.0
20/08/2014,20.0
21/08/2014,1.0
22/08/2014,0.0
23/08/2014,2.0
24/08/2014,1.5
25/08/2014,12.0
26/08/2014,4.5
27/08/2014,0.0
28/08/2014,1.0
29/08/2014,0.0
30/08/2014,3.0
31/08/2014,0.0
01/09/2014,7.0
02/09/2014,4.0
03/09/2014,8.5
04/09/2014,1.0
05/09/2014,3.5
06/09/2014,0.0
07/09/2014,0.0
08/09/2014,0.0
09/09/2014,0.0
10/09/2014,0.5
11/09/2014,1.0
12/09/2014,1.4
13/09/2014,1.6
14/09/2014,0.0
15/09/2014,1.5
16/09/2014,1.0
17/09/2014,0.0
18/09/2014,0.0
19/09/2014,0.0
20/09/2014,0.0
21/09/2014,6.0
22/09/2014,0.0
23/09/2014,0.0
24/09/2014,0.0
25/09/2014,2.0
26/09/2014,0.0
27/09/2014,0.0
28/09/2014,5.0
29/09/2014,0.0
30/09/2014,0.7
01/10/2014,30.3
02/10/2014,2.0
03/10/2014,11.0
04/10/2014,30.3
05/10/2014,0.7
06/10/2014,0.0
07/10/2014,3.0
08/10/2014,0.0
09/10/2014,0.0
10/10/2014,2.0
11/10/2014,12.4
12/10/2014,6.6
13/10/2014,2.0
14/10/2014,0.0
15/10/2014,2.0
16/10/2014,0.0
17/10/2014,7.3
18/10/2014,2.7
19/10/2014,1.5
20/10/2014,0.0
21/10/2014,0.0
22/10/2014,0.5
23/10/2014,12.0
24/10/2014,14.0
25/10/2014,2.5
26/10/2014,0.0
27/10/2014,0.0
28/10/2014,0.0
29/10/2014,11.5
30/10/2014,0.0
31/10/2014,2.8
01/11/2014,3.2
02/11/2014,15.0
03/11/2014,0.0
04/11/2014,12.5
05/11/2014,9.0
06/11/2014,3.5
07/11/2014,1.5
08/11/2014,27.5
09/11/2014,5.5
10/11/2014,0.0
11/11/2014,0.0
12/11/2014,26.0
13/11/2014,37.5
14/11/2014,48.0
15/11/2014,37.0
16/11/2014,17.5
17/11/2014,52.0
18/11/2014,201.5
19/11/2014,15.5
20/11/2014,84.5
21/11/2014,0.0
22/11/2014,0.0
23/11/2014,6.0
24/11/2014,21.0
25/11/2014,0.0
26/11/2014,5.5
27/11/2014,0.0
28/11/2014,43.5
29/11/2014,0.5
30/11/2014,0.0
01/12/2014,0.5
02/12/2014,0.0
03/12/2014,16.3
04/12/2014,6.7
05/12/2014,16.0
06/12/2014,4.0
07/12/2014,22.0
08/12/2014,3.0
09/12/2014,3.5
10/12/2014,0.0
11/12/2014,0.0
12/12/2014,0.0
13/12/2014,0.0
14/12/2014,19.5
15/12/2014,134.9
16/12/2014,23.0
17/12/2014,205.6
18/12/2014,183.5
19/12/2014,15.0
20/12/2014,77.0
21/12/2014,66.0
22/12/2014,119.7
23/12/2014,94.3
24/12/2014,26.0
25/12/2014,25.0
26/12/2014,63.0
27/12/2014,14.0
28/12/2014,48.0
29/12/2014,54.0
30/12/2014,6.0
31/12/2014,2.0
01/01/2015,0.0
02/01/2015,0.3
03/01/2015,0.5
04/01/2015,3.6
05/01/2015,0.5
06/01/2015,10.0
07/01/2015,15.0
08/01/2015,35.4
09/01/2015,13.6
10/01/2015,72.0
11/01/2015,4.0
12/01/2015,2.0
13/01/2015,1.0
14/01/2015,0.0
15/01/2015,0.0
16/01/2015,0.0
17/01/2015,0.0
18/01/2015,3.5
19/01/2015,4.8
20/01/2015,1.7
21/01/2015,0.0
22/01/2015,0.0
23/01/2015,0.5
24/01/2015,0.0
25/01/2015,0.0
26/01/2015,0.0
27/01/2015,0.0
28/01/2015,0.3
29/01/2015,15.7
30/01/2015,0.5
31/01/2015,0.0
01/02/2015,0.0
02/02/2015,0.0
03/02/2015,25.5
04/02/2015,4.8
05/02/2015,2.1
06/02/2015,2.0
07/02/2015,0.6
08/02/2015,0.4
09/02/2015,0.1
10/02/2015,0.0
11/02/2015,0.0
12/02/2015,0.0
13/02/2015,0.0
14/02/2015,0.0
15/02/2015,0.0
16/02/2015,0.0
17/02/2015,0.0
18/02/2015,0.0
19/02/2015,0.0
20/02/2015,0.0
21/02/2015,0.0
22/02/2015,0.0
23/02/2015,0.0
24/02/2015,0.0
25/02/2015,0.0
26/02/2015,0.0
27/02/2015,0.0
28/02/2015,0.0
01/03/2015,0.0
02/03/2015,0.0
03/03/2015,0.0
04/03/2015,0.0
05/03/2015,0.0
06/03/2015,0.0
07/03/2015,0.0
08/03/2015,0.0
09/03/2015,0.0
10/03/2015,0.0
11/03/2015,0.0
12/03/2015,0.0
13/03/2015,0.0
14/03/2015,0.0
15/03/2015,0.0
16/03/2015,0.0
17/03/2015,0.0
18/03/2015,0.0
19/03/2015,0.0
20/03/2015,0.0
21/03/2015,0.0
22/03/2015,0.0
23/03/2015,0.0
24/03/2015,0.0
25/03/2015,3.0
26/03/2015,0.5
27/03/2015,1.3
28/03/2015,1.2
29/03/2015,13.0
30/03/2015,2.9
31/03/2015,6.6
01/04/2015,1.0
02/04/2015,8.0
03/04/2015,0.0
04/04/2015,0.0
05/04/2015,0.0
06/04/2015,0.0
07/04/2015,0.0
08/04/2015,0.0
09/04/2015,3.1
10/04/2015,17.4
11/04/2015,0.0
12/04/2015,0.0
13/04/2015,0.0
14/04/2015,0.0
15/04/2015,1.5
16/04/2015,0.0
17/04/2015,0.0
18/04/2015,0.0
19/04/2015,0.0
20/04/2015,3.5
21/04/2015,0.0
22/04/2015,0.0
23/04/2015,0.0
24/04/2015,0.0
25/04/2015,1.5
26/04/2015,0.4
27/04/2015,28.1
28/04/2015,0.0
29/04/2015,0.0
30/04/2015,0.0
01/05/2015,28.0
02/05/2015,0.0
03/05/2015,0.0
04/05/2015,0.0
05/05/2015,0.0
06/05/2015,0.0
07/05/2015,0.0
08/05/2015,0.0
09/05/2015,1.0
10/05/2015,0.0
11/05/2015,8.0
12/05/2015,6.0
13/05/2015,0.0
14/05/2015,0.0
15/05/2015,2.0
16/05/2015,0.5
17/05/2015,0.0
18/05/2015,9.5
19/05/2015,0.0
20/05/2015,1.0
21/05/2015,2.0
22/05/2015,5.0
23/05/2015,0.0
24/05/2015,1.0
25/05/2015,0.0
26/05/2015,0.0
27/05/2015,8.5
28/05/2015,0.0
29/05/2015,0.0
30/05/2015,0.0
31/05/2015,0.0
01/06/2015,0.0
02/06/2015,0.0
03/06/2015,0.0
04/06/2015,0.0
05/06/2015,0.0
06/06/2015,0.0
07/06/2015,0.0
08/06/2015,31.0
09/06/2015,54.0
10/06/2015,0.0
11/06/2015,15.5
12/06/2015,1.5
13/06/2015,0.0
14/06/2015,2.5
15/06/2015,0.5
16/06/2015,0.0
17/06/2015,1.0
18/06/2015,0.0
19/06/2015,0.0
20/06/2015,0.0
21/06/2015,0.0
22/06/2015,0.0
23/06/2015,0.0
24/06/2015,1.5
25/06/2015,0.0
26/06/2015,0.4
27/06/2015,4.1
28/06/2015,0.5
29/06/2015,5.5
30/06/2015,6.6
01/07/2015,0.2
02/07/2015,15.1
03/07/2015,7.7
04/07/2015,14.0
05/07/2015,0.3
06/07/2015,1.2
07/07/2015,1.0
08/07/2015,0.0
09/07/2015,0.0
10/07/2015,0.2
11/07/2015,10.9
12/07/2015,0.5
13/07/2015,0.9
14/07/2015,21.5
15/07/2015,4.5
16/07/2015,0.0
17/07/2015,4.0
18/07/2015,0.0
19/07/2015,0.0
20/07/2015,0.0
21/07/2015,0.0
22/07/2015,0.0
23/07/2015,2.5
24/07/2015,17.0
25/07/2015,0.0
26/07/2015,1.5
27/07/2015,31.0
28/07/2015,0.5
29/07/2015,0.4
30/07/2015,19.8
31/07/2015,0.5
01/08/2015,0.2
02/08/2015,0.2
03/08/2015,0.2
04/08/2015,37.8
05/08/2015,46.0
06/08/2015,9.9
07/08/2015,0.0
08/08/2015,4.5
09/08/2015,0.0
10/08/2015,0.0
11/08/2015,5.8
12/08/2015,0.2
13/08/2015,0.0
14/08/2015,0.0
15/08/2015,0.0
16/08/2015,0.0
17/08/2015,0.0
18/08/2015,0.5
19/08/2015,0.0
20/08/2015,8.0
21/08/2015,4.5
22/08/2015,0.5
23/08/2015,1.0
24/08/2015,3.5
25/08/2015,0.0
26/08/2015,0.0
27/08/2015,0.0
28/08/2015,0.0
29/08/2015,0.0
30/08/2015,0.0
31/08/2015,0.0
01/09/2015,0.0
02/09/2015,0.0
03/09/2015,0.0
04/09/2015,0.0
05/09/2015,0.0
06/09/2015,1.0
07/09/2015,62.5
08/09/2015,7.3
09/09/2015,33.7
10/09/2015,0.0
11/09/2015,8.5
12/09/2015,11.5
13/09/2015,1.5
14/09/2015,8.5
15/09/2015,0.0
16/09/2015,11.8
17/09/2015,3.2
18/09/2015,0.5
19/09/2015,0.0
20/09/2015,0.0
21/09/2015,0.0
22/09/2015,17.0
23/09/2015,0.0
24/09/2015,0.4
25/09/2015,0.6
26/09/2015,1.5
27/09/2015,51.5
28/09/2015,4.5
29/09/2015,14.4
30/09/2015,18.1
01/10/2015,11.5
02/10/2015,0.0
03/10/2015,0.0
04/10/2015,0.0
05/10/2015,0.0
06/10/2015,0.0
07/10/2015,0.0
08/10/2015,0.0
09/10/2015,0.5
10/10/2015,52.5
11/10/2015,0.0
12/10/2015,1.0
13/10/2015,3.0
14/10/2015,3.5
15/10/2015,0.0
16/10/2015,19.0
17/10/2015,0.0
18/10/2015,94.7
19/10/2015,0.3
20/10/2015,0.0
21/10/2015,0.0
22/10/2015,0.0
23/10/2015,0.0
24/10/2015,0.0
25/10/2015,13.0
26/10/2015,0.3
27/10/2015,3.7
28/10/2015,19.5
29/10/2015,37.9
30/10/2015,37.6
31/10/2015,3.3
01/11/2015,4.7
02/11/2015,10.9
03/11/2015,2.1
04/11/2015,5.0
05/11/2015,12.0
06/11/2015,16.8
07/11/2015,0.2
08/11/2015,14.0
09/11/2015,0.0
10/11/2015,3.0
11/11/2015,5.0
12/11/2015,0.0
13/11/2015,26.5
14/11/2015,0.5
15/11/2015,20.2
16/11/2015,8.9
17/11/2015,1.9
18/11/2015,0.0
19/11/2015,8.8
20/11/2015,75.0
21/11/2015,9.7
22/11/2015,3.8
23/11/2015,1.7
24/11/2015,1.5
25/11/2015,2.6
26/11/2015,16.0
27/11/2015,55.5
28/11/2015,163.2
29/11/2015,16.2
30/11/2015,16.0
01/12/2015,5.0
02/12/2015,1.5
03/12/2015,26.8
04/12/2015,2.7
05/12/2015,5.0
06/12/2015,14.3
07/12/2015,7.1
08/12/2015,19.3
09/12/2015,13.3
10/12/2015,17.2
11/12/2015,5.3
12/12/2015,42.5
13/12/2015,8.5
14/12/2015,20.0
15/12/2015,0.0
16/12/2015,0.0
17/12/2015,0.4
18/12/2015,11.1
19/12/2015,0.0
20/12/2015,0.0
21/12/2015,0.0
22/12/2015,0.0
23/12/2015,0.4
24/12/2015,12.2
25/12/2015,54.9
26/12/2015,0.5
27/12/2015,173.6
28/12/2015,234.9
29/12/2015,2.0
30/12/2015,0.4
31/12/2015,24.3
01/01/2016,25.3
02/01/2016,0.5
03/01/2016,2.1
04/01/2016,4.4
05/01/2016,0.0
06/01/2016,0.0
07/01/2016,0.0
08/01/2016,0.0
09/01/2016,0.0
10/01/2016,0.0
11/01/2016,0.0
12/01/2016,0.0
13/01/2016,0.5
14/01/2016,17.3
15/01/2016,7.7
16/01/2016,33.5
17/01/2016,0.0
18/01/2016,0.0
19/01/2016,0.0
20/01/2016,0.0
21/01/2016,0.5
22/01/2016,46.5
23/01/2016,0.9
24/01/2016,8.2
25/01/2016,16.4
26/01/2016,65.5
27/01/2016,18.3
28/01/2016,5.6
29/01/2016,1.0
30/01/2016,0.3
31/01/2016,22.2
01/02/2016,0.0
02/02/2016,22.6
03/02/2016,16.2
04/02/2016,65.6
05/02/2016,11.9
06/02/2016,35.3
07/02/2016,26.1
08/02/2016,1.3
09/02/2016,0.1
10/02/2016,0.5
11/02/2016,9.0
12/02/2016,29.0
13/02/2016,26.6
14/02/2016,1.4
15/02/2016,0.0
16/02/2016,0.0
17/02/2016,0.5
18/02/2016,19.7
19/02/2016,17.8
20/02/2016,0.0
21/02/2016,0.0
22/02/2016,0.0
23/02/2016,0.0
24/02/2016,0.0
25/02/2016,0.0
26/02/2016,0.0
27/02/2016,0.0
28/02/2016,0.0
29/02/2016,0.0
01/03/2016,1.0
02/03/2016,0.0
03/03/2016,0.0
04/03/2016,0.0
05/03/2016,0.0
06/03/2016,0.0
07/03/2016,0.0
08/03/2016,0.0
09/03/2016,0.0
10/03/2016,0.0
11/03/2016,0.0
12/03/2016,0.0
13/03/2016,0.0
14/03/2016,0.0
15/03/2016,0.0
16/03/2016,0.0
17/03/2016,0.0
18/03/2016,0.0
19/03/2016,0.0
20/03/2016,0.0
21/03/2016,0.0
22/03/2016,0.0
23/03/2016,0.0
24/03/2016,0.0
25/03/2016,0.0
26/03/2016,3.0
27/03/2016,0.5
28/03/2016,11.0
29/03/2016,0.0
30/03/2016,0.0
31/03/2016,0.0
01/04/2016,0.0
02/04/2016,0.0
03/04/2016,0.0
04/04/2016,0.0
05/04/2016,0.0
06/04/2016,0.0
07/04/2016,0.0
08/04/2016,0.0
09/04/2016,0.0
10/04/2016,0.0
11/04/2016,0.0
12/04/2016,6.5
13/04/2016,0.0
14/04/2016,26.0
15/04/2016,0.0
16/04/2016,0.0
17/04/2016,0.0
18/04/2016,0.0
19/04/2016,0.0
20/04/2016,0.0
21/04/2016,0.0
22/04/2016,0.0
23/04/2016,0.0
24/04/2016,0.0
25/04/2016,0.0
26/04/2016,0.0
27/04/2016,0.0
28/04/2016,0.0
29/04/2016,0.0
30/04/2016,0.0
01/05/2016,0.0
02/05/2016,30.0
03/05/2016,0.0
04/05/2016,0.0
05/05/2016,0.0
06/05/2016,0.0
07/05/2016,3.5
08/05/2016,9.5
09/05/2016,0.0
10/05/2016,0.0
11/05/2016,0.0
12/05/2016,1.0
13/05/2016,2.5
14/05/2016,0.0
15/05/2016,0.0
16/05/2016,4.0
17/05/2016,8.0
18/05/2016,0.5
19/05/2016,43.0
20/05/2016,0.0
21/05/2016,0.0
22/05/2016,0.0
23/05/2016,0.0
24/05/2016,0.0
25/05/2016,9.0
26/05/2016,11.0
27/05/2016,13.5
28/05/2016,45.6
29/05/2016,15.4
30/05/2016,5.5
31/05/2016,0.5
01/06/2016,5.0
02/06/2016,14.5
03/06/2016,46.5
04/06/2016,0.0
05/06/2016,0.0
06/06/2016,0.0
07/06/2016,0.0
08/06/2016,1.0
09/06/2016,0.0
10/06/2016,0.0
11/06/2016,0.0
12/06/2016,0.4
13/06/2016,4.4
14/06/2016,9.7
15/06/2016,9.0
16/06/2016,1.5
17/06/2016,63.0
18/06/2016,1.0
19/06/2016,0.0
20/06/2016,0.0
21/06/2016,16.6
22/06/2016,0.4
23/06/2016,6.7
24/06/2016,13.3
25/06/2016,0.0
26/06/2016,7.0
27/06/2016,1.5
28/06/2016,0.0
29/06/2016,26.5
30/06/2016,0.0
01/07/2016,0.0
02/07/2016,0.0
03/07/2016,0.0
04/07/2016,0.0
05/07/2016,23.7
06/07/2016,69.3
07/07/2016,13.7
08/07/2016,21.8
09/07/2016,0.0
10/07/2016,0.0
11/07/2016,0.5
12/07/2016,13.0
13/07/2016,22.8
14/07/2016,3.2
15/07/2016,0.0
16/07/2016,0.0
17/07/2016,0.0
18/07/2016,27.5
19/07/2016,0.0
20/07/2016,0.0
21/07/2016,1.5
22/07/2016,0.0
23/07/2016,0.0
24/07/2016,2.5
25/07/2016,7.5
26/07/2016,4.1
27/07/2016,7.2
28/07/2016,13.9
29/07/2016,6.4
30/07/2016,0.0
31/07/2016,0.0
01/08/2016,0.0
02/08/2016,0.0
03/08/2016,0.0
04/08/2016,0.0
05/08/2016,0.0
06/08/2016,0.0
07/08/2016,0.0
08/08/2016,0.0
09/08/2016,0.5
10/08/2016,34.1
11/08/2016,3.4
12/08/2016,0.5
13/08/2016,2.0
14/08/2016,0.0
15/08/2016,0.0
16/08/2016,0.0
17/08/2016,1.7
18/08/2016,1.3
19/08/2016,11.5
20/08/2016,4.0
21/08/2016,0.0
22/08/2016,0.0
23/08/2016,0.0
24/08/2016,15.0
25/08/2016,0.8
26/08/2016,28.6
27/08/2016,0.1
28/08/2016,33.5
29/08/2016,0.0
30/08/2016,2.0
31/08/2016,7.5
01/09/2016,3.5
02/09/2016,0.0
03/09/2016,0.0
04/09/2016,16.1
05/09/2016,11.5
06/09/2016,4.3
07/09/2016,19.6
08/09/2016,7.9
09/09/2016,0.4
10/09/2016,41.5
11/09/2016,13.3
12/09/2016,0.3
13/09/2016,0.0
14/09/2016,4.0
15/09/2016,8.0
16/09/2016,2.8
17/09/2016,48.7
18/09/2016,0.5
19/09/2016,0.0
20/09/2016,0.0
21/09/2016,41.3
22/09/2016,16.2
23/09/2016,0.0
24/09/2016,0.4
25/09/2016,7.1
26/09/2016,0.3
27/09/2016,0.2
28/09/2016,14.2
29/09/2016,0.3
30/09/2016,0.0
01/10/2016,0.0
02/10/2016,0.4
03/10/2016,8.1
04/10/2016,0.0
05/10/2016,62.2
06/10/2016,1.3
07/10/2016,19.5
08/10/2016,1.0
09/10/2016,2.0
10/10/2016,18.0
11/10/2016,0.0
12/10/2016,11.8
13/10/2016,0.2
14/10/2016,3.5
15/10/2016,1.5
16/10/2016,5.4
17/10/2016,8.0
18/10/2016,1.0
19/10/2016,3.5
20/10/2016,40.2
21/10/2016,3.3
22/10/2016,29.0
23/10/2016,4.6
24/10/2016,0.0
25/10/2016,0.0
26/10/2016,0.5
27/10/2016,0.0
28/10/2016,5.5
29/10/2016,3.5
30/10/2016,0.0
31/10/2016,0.9
01/11/2016,23.6
02/11/2016,0.5
03/11/2016,1.0
04/11/2016,1.0
05/11/2016,13.6
06/11/2016,7.4
07/11/2016,5.5
08/11/2016,1.0
09/11/2016,17.5
10/11/2016,17.5
11/11/2016,15.3
12/11/2016,2.1
13/11/2016,12.7
14/11/2016,1.3
15/11/2016,30.6
16/11/2016,72.5
17/11/2016,6.1
18/11/2016,0.5
19/11/2016,1.5
20/11/2016,3.5
21/11/2016,3.5
22/11/2016,0.0
23/11/2016,0.0
24/11/2016,25.0
25/11/2016,1.5
26/11/2016,23.0
27/11/2016,3.9
28/11/2016,27.1
29/11/2016,143.7
30/11/2016,3.1
01/12/2016,57.0
02/12/2016,46.7
03/12/2016,64.8
04/12/2016,7.6
05/12/2016,1.5
06/12/2016,4.9
07/12/2016,48.6
08/12/2016,16.5
09/12/2016,1.5
10/12/2016,51.4
11/12/2016,5.1
12/12/2016,0.0
13/12/2016,7.5
14/12/2016,0.0
15/12/2016,1.0
16/12/2016,0.0
17/12/2016,4.4
18/12/2016,16.1
19/12/2016,28.6
20/12/2016,9.3
21/12/2016,0.0
22/12/2016,29.6
23/12/2016,94.5
24/12/2016,12.4
25/12/2016,82.0
26/12/2016,32.2
27/12/2016,56.3
28/12/2016,4.5
29/12/2016,0.0
30/12/2016,25.1
31/12/2016,336.2
01/01/2017,55.8
02/01/2017,89.3
03/01/2017,294.5
04/01/2017,29.6
05/01/2017,8.9
06/01/2017,9.4
07/01/2017,3.7
08/01/2017,1.5
09/01/2017,5.0
10/01/2017,0.0
11/01/2017,3.5
12/01/2017,0.0
13/01/2017,0.0
14/01/2017,0.0
15/01/2017,0.0
16/01/2017,0.0
17/01/2017,41.3
18/01/2017,0.6
19/01/2017,81.1
20/01/2017,184.0
21/01/2017,328.3
22/01/2017,28.7
23/01/2017,27.0
24/01/2017,44.9
25/01/2017,22.5
26/01/2017,73.4
27/01/2017,14.5
28/01/2017,4.2
29/01/2017,0.0
30/01/2017,11.0
31/01/2017,2.5
01/02/2017,10.0
02/02/2017,0.4
03/02/2017,7.3
04/02/2017,18.3
05/02/2017,0.0
06/02/2017,0.0
07/02/2017,0.0
08/02/2017,0.0
09/02/2017,0.0
10/02/2017,0.4
11/02/2017,10.1
12/02/2017,16.0
13/02/2017,18.7
14/02/2017,15.0
15/02/2017,11.2
16/02/2017,5.6
17/02/2017,1.2
18/02/2017,50.0
19/02/2017,3.3
20/02/2017,0.3
21/02/2017,0.7
22/02/2017,0.0
23/02/2017,0.5
24/02/2017,1.1
25/02/2017,3.3
26/02/2017,87.7
27/02/2017,11.5
28/02/2017,11.4
01/03/2017,18.4
02/03/2017,18.9
03/03/2017,1.6
04/03/2017,9.0
05/03/2017,0.0
06/03/2017,0.0
07/03/2017,0.0
08/03/2017,0.0
09/03/2017,0.0
10/03/2017,0.0
11/03/2017,0.0
12/03/2017,0.0
13/03/2017,0.0
14/03/2017,0.0
15/03/2017,28.4
16/03/2017,0.1
17/03/2017,0.0
18/03/2017,0.0
19/03/2017,0.0
20/03/2017,0.0
21/03/2017,4.0
22/03/2017,0.0
23/03/2017,0.0
24/03/2017,0.0
25/03/2017,0.0
26/03/2017,13.5
27/03/2017,49.0
28/03/2017,27.5
29/03/2017,38.5
30/03/2017,7.0
31/03/2017,2.0
01/04/2017,27.2
02/04/2017,32.7
03/04/2017,17.0
04/04/2017,0.3
05/04/2017,0.2
06/04/2017,0.0
07/04/2017,21.5
08/04/2017,0.0
09/04/2017,2.0
10/04/2017,0.0
11/04/2017,5.5
12/04/2017,0.0
13/04/2017,0.0
14/04/2017,0.0
15/04/2017,0.0
16/04/2017,0.0
17/04/2017,0.0
18/04/2017,35.5
19/04/2017,0.0
20/04/2017,0.0
21/04/2017,0.0
22/04/2017,0.0
23/04/2017,0.0
24/04/2017,0.0
25/04/2017,0.0
26/04/2017,0.0
27/04/2017,0.0
28/04/2017,0.0
29/04/2017,1.0
30/04/2017,0.0
01/05/2017,0.0
02/05/2017,0.0
03/05/2017,0.0
04/05/2017,0.5
05/05/2017,89.0
06/05/2017,5.8
07/05/2017,25.8
08/05/2017,23.9
09/05/2017,46.9
10/05/2017,36.1
11/05/2017,1.0
12/05/2017,42.3
13/05/2017,4.9
14/05/2017,0.3
15/05/2017,0.4
16/05/2017,0.1
17/05/2017,0.0
18/05/2017,0.5
19/05/2017,13.5
20/05/2017,0.0
21/05/2017,0.0
22/05/2017,2.0
23/05/2017,19.0
24/05/2017,0.5
25/05/2017,10.0
26/05/2017,50.5
27/05/2017,18.0
28/05/2017,0.0
29/05/2017,14.5
30/05/2017,0.0
31/05/2017,0.0
01/06/2017,0.0
02/06/2017,0.0
03/06/2017,1.9
04/06/2017,17.6
05/06/2017,1.5
06/06/2017,6.0
07/06/2017,0.0
08/06/2017,0.0
09/06/2017,0.4
10/06/2017,10.6
11/06/2017,0.0
12/06/2017,0.0
13/06/2017,1.5
14/06/2017,0.0
15/06/2017,5.1
16/06/2017,1.4
17/06/2017,6.5
18/06/2017,0.0
19/06/2017,3.2
20/06/2017,7.3
21/06/2017,9.7
22/06/2017,0.3
23/06/2017,0.0
24/06/2017,10.0
25/06/2017,0.0
26/06/2017,52.5
27/06/2017,7.0
28/06/2017,53.9
29/06/2017,0.1
30/06/2017,0.0
01/07/2017,0.0
02/07/2017,0.8
03/07/2017,0.2
04/07/2017,29.8
05/07/2017,5.5
06/07/2017,0.2
07/07/2017,2.0
08/07/2017,40.5
09/07/2017,1.0
10/07/2017,0.0
11/07/2017,1.5
12/07/2017,32.7
13/07/2017,30.8
14/07/2017,1.5
15/07/2017,0.0
16/07/2017,0.0
17/07/2017,0.0
18/07/2017,0.5
19/07/2017,0.5
20/07/2017,0.0
21/07/2017,0.0
22/07/2017,0.0
23/07/2017,0.0
24/07/2017,0.0
25/07/2017,0.0
26/07/2017,0.0
27/07/2017,0.0
28/07/2017,36.5
29/07/2017,0.0
30/07/2017,0.0
31/07/2017,0.0
01/08/2017,0.5
02/08/2017,0.5
03/08/2017,0.0
04/08/2017,0.0
05/08/2017,0.0
06/08/2017,3.5
07/08/2017,47.5
08/08/2017,8.0
09/08/2017,18.5
10/08/2017,15.5
11/08/2017,16.5
12/08/2017,1.0
13/08/2017,13.5
14/08/2017,1.5
15/08/2017,18.5
16/08/2017,0.0
17/08/2017,18.2
18/08/2017,0.3
19/08/2017,0.0
20/08/2017,0.0
21/08/2017,0.5
22/08/2017,6.0
23/08/2017,1.0
24/08/2017,0.5
25/08/2017,44.0
26/08/2017,75.5
27/08/2017,0.4
28/08/2017,16.1
29/08/2017,0.5
30/08/2017,1.5
31/08/2017,31.0
01/09/2017,0.0
02/09/2017,18.5
03/09/2017,0.0
04/09/2017,11.9
05/09/2017,8.0
06/09/2017,0.1
07/09/2017,0.0
08/09/2017,0.0
09/09/2017,0.0
10/09/2017,14.0
11/09/2017,41.0
12/09/2017,0.0
13/09/2017,5.0
14/09/2017,9.5
15/09/2017,0.5
16/09/2017,0.0
17/09/2017,0.0
18/09/2017,31.8
19/09/2017,0.7
20/09/2017,0.0
21/09/2017,0.0
22/09/2017,0.0
23/09/2017,0.0
24/09/2017,0.5
25/09/2017,0.0
26/09/2017,0.0
27/09/2017,0.0
28/09/2017,0.0
29/09/2017,0.0
30/09/2017,0.5
01/10/2017,0.0
02/10/2017,0.0
03/10/2017,0.0
04/10/2017,0.0
05/10/2017,0.0
06/10/2017,0.0
07/10/2017,0.5
08/10/2017,0.0
09/10/2017,0.0
10/10/2017,0.0
11/10/2017,0.0
12/10/2017,3.5
13/10/2017,5.5
14/10/2017,0.0
15/10/2017,0.5
16/10/2017,0.0
17/10/2017,5.0
18/10/2017,0.0
19/10/2017,3.0
20/10/2017,0.0
21/10/2017,14.5
22/10/2017,1.0
23/10/2017,0.0
24/10/2017,0.0
25/10/2017,0.0
26/10/2017,0.0
27/10/2017,11.0
28/10/2017,36.3
29/10/2017,11.2
30/10/2017,20.7
31/10/2017,1.8
01/11/2017,1.0
02/11/2017,7.0
03/11/2017,0.5
04/11/2017,6.0
05/11/2017,5.6
06/11/2017,6.4
07/11/2017,7.5
08/11/2017,2.0
09/11/2017,4.0
10/11/2017,0.0
11/11/2017,9.5
12/11/2017,13.0
13/11/2017,2.2
14/11/2017,2.8
15/11/2017,0.5
16/11/2017,0.5
17/11/2017,0.0
18/11/2017,1.5
19/11/2017,0.0
20/11/2017,25.5
21/11/2017,4.0
22/11/2017,3.3
23/11/2017,13.2
24/11/2017,4.8
25/11/2017,13.8
26/11/2017,34.4
27/11/2017,75.6
28/11/2017,14.5
29/11/2017,3.5
30/11/2017,34.1
01/12/2017,10.3
02/12/2017,8.1
03/12/2017,1.8
04/12/2017,0.7
05/12/2017,16.5
06/12/2017,0.5
07/12/2017,12.8
08/12/2017,23.5
09/12/2017,0.2
10/12/2017,5.8
11/12/2017,2.2
12/12/2017,1.0
13/12/2017,0.0
14/12/2017,0.0
15/12/2017,0.0
16/12/2017,1.0
17/12/2017,15.6
18/12/2017,19.4
19/12/2017,0.0
20/12/2017,1.0
21/12/2017,0.4
22/12/2017,1.6
23/12/2017,3.0
24/12/2017,0.5
25/12/2017,0.0
26/12/2017,0.4
27/12/2017,0.1
28/12/2017,17.7
29/12/2017,31.7
30/12/2017,3.6
31/12/2017,6.5
01/01/2018,14.7
02/01/2018,16.6
03/01/2018,17.6
04/01/2018,9.1
05/01/2018,0.0
06/01/2018,1.5
07/01/2018,0.0
08/01/2018,4.5
09/01/2018,0.0
10/01/2018,2.0
11/01/2018,3.0
12/01/2018,1.3
13/01/2018,4.1
14/01/2018,0.0
15/01/2018,0.0
16/01/2018,0.5
17/01/2018,0.0
18/01/2018,0.0
19/01/2018,10.0
20/01/2018,21.5
21/01/2018,2.5
22/01/2018,0.5
23/01/2018,8.0
24/01/2018,3.0
25/01/2018,4.0
26/01/2018,12.5
27/01/2018,0.0
28/01/2018,0.0
29/01/2018,0.0
30/01/2018,0.0
31/01/2018,2.5
01/02/2018,2.8
02/02/2018,1.2
03/02/2018,1.1
04/02/2018,1.9
05/02/2018,0.5
06/02/2018,0.0
07/02/2018,0.0
08/02/2018,0.0
09/02/2018,0.0
10/02/2018,0.0
11/02/2018,0.0
12/02/2018,0.0
13/02/2018,4.4
14/02/2018,1.1
15/02/2018,0.0
16/02/2018,0.0
17/02/2018,0.0
18/02/2018,0.0
19/02/2018,6.5
20/02/2018,0.0
21/02/2018,0.0
22/02/2018,0.0
23/02/2018,51.0
24/02/2018,0.5
25/02/2018,0.0
26/02/2018,0.0
27/02/2018,0.0
28/02/2018,0.0
01/03/2018,0.0
02/03/2018,0.0
03/03/2018,0.0
04/03/2018,0.0
05/03/2018,0.0
06/03/2018,0.4
07/03/2018,5.4
08/03/2018,0.1
09/03/2018,0.7
10/03/2018,2.1
11/03/2018,0.7
12/03/2018,0.5
13/03/2018,0.1
14/03/2018,0.0
15/03/2018,0.0
16/03/2018,17.0
17/03/2018,0.0
18/03/2018,0.0
19/03/2018,0.5
20/03/2018,0.0
21/03/2018,0.0
22/03/2018,0.0
23/03/2018,0.0
24/03/2018,0.5
25/03/2018,0.5
26/03/2018,1.5
27/03/2018,0.0
28/03/2018,0.0
29/03/2018,0.0
30/03/2018,0.0
31/03/2018,0.0
01/04/2018,0.0
02/04/2018,0.0
03/04/2018,0.0
04/04/2018,0.0
05/04/2018,0.0
06/04/2018,0.0
07/04/2018,0.4
08/04/2018,0.6
09/04/2018,0.4
10/04/2018,2.6
11/04/2018,0.0
12/04/2018,0.0
13/04/2018,0.0
14/04/2018,0.0
15/04/2018,0.0
16/04/2018,0.0
17/04/2018,0.0
18/04/2018,0.0
19/04/2018,2.0
20/04/2018,0.0
21/04/2018,0.0
22/04/2018,0.0
23/04/2018,0.0
24/04/2018,5.0
25/04/2018,0.0
26/04/2018,22.0
27/04/2018,0.0
28/04/2018,0.0
29/04/2018,2.0
30/04/2018,0.0
01/05/2018,0.0
02/05/2018,0.0
03/05/2018,0.0
04/05/2018,0.0
05/05/2018,39.5
06/05/2018,0.5
07/05/2018,42.0
08/05/2018,0.0
09/05/2018,0.0
10/05/2018,0.0
11/05/2018,0.0
12/05/2018,0.0
13/05/2018,0.0
14/05/2018,0.0
15/05/2018,0.5
16/05/2018,1.0
17/05/2018,0.0
18/05/2018,0.0
19/05/2018,0.0
20/05/2018,0.0
21/05/2018,6.0
22/05/2018,1.0
23/05/2018,0.0
24/05/2018,0.0
25/05/2018,0.0
26/05/2018,0.0
27/05/2018,0.5
28/05/2018,0.0
29/05/2018,0.0
30/05/2018,0.0
31/05/2018,3.0
01/06/2018,27.0
02/06/2018,0.0
03/06/2018,0.0
04/06/2018,0.0
05/06/2018,0.0
06/06/2018,0.0
07/06/2018,0.0
08/06/2018,0.0
09/06/2018,0.0
10/06/2018,0.0
11/06/2018,0.0
12/06/2018,0.0
13/06/2018,0.0
14/06/2018,0.0
15/06/2018,0.0
16/06/2018,0.0
17/06/2018,0.5
18/06/2018,0.5
19/06/2018,0.0
20/06/2018,0.0
21/06/2018,0.5
22/06/2018,0.0
23/06/2018,4.5
24/06/2018,0.0
25/06/2018,33.5
26/06/2018,0.0
27/06/2018,4.5
28/06/2018,0.0
29/06/2018,9.5
30/06/2018,0.0
01/07/2018,37.5
02/07/2018,0.0
03/07/2018,0.0
04/07/2018,1.5
05/07/2018,0.0
06/07/2018,0.0
07/07/2018,0.0
08/07/2018,0.0
09/07/2018,0.0
10/07/2018,0.0
11/07/2018,0.0
12/07/2018,0.0
13/07/2018,0.0
14/07/2018,0.0
15/07/2018,0.0
16/07/2018,0.5
17/07/2018,1.0
18/07/2018,11.0
19/07/2018,0.0
20/07/2018,16.0
21/07/2018,0.0
22/07/2018,0.0
23/07/2018,4.5
24/07/2018,3.5
25/07/2018,17.5
26/07/2018,7.5
27/07/2018,0.0
28/07/2018,12.5
29/07/2018,5.5
30/07/2018,3.4
31/07/2018,3.9
01/08/2018,13.3
02/08/2018,0.5
03/08/2018,0.0
04/08/2018,0.0
05/08/2018,0.0
06/08/2018,6.0
07/08/2018,1.0
08/08/2018,2.0
09/08/2018,3.0
10/08/2018,2.1
11/08/2018,0.9
12/08/2018,0.0
13/08/2018,0.0
14/08/2018,0.0
15/08/2018,0.0
16/08/2018,0.0
17/08/2018,10.8
18/08/2018,3.2
19/08/2018,0.0
20/08/2018,0.0
21/08/2018,10.9
22/08/2018,2.1
23/08/2018,0.0
24/08/2018,0.0
25/08/2018,18.0
26/08/2018,0.5
27/08/2018,0.4
28/08/2018,24.6
29/08/2018,0.0
30/08/2018,0.5
31/08/2018,0.0
01/09/2018,0.0
02/09/2018,0.0
03/09/2018,14.5
04/09/2018,16.0
05/09/2018,0.0
06/09/2018,13.5
07/09/2018,23.0
08/09/2018,0.0
09/09/2018,0.0
10/09/2018,7.0
11/09/2018,4.5
12/09/2018,13.0
13/09/2018,0.5
14/09/2018,15.0
15/09/2018,1.0
16/09/2018,5.3
17/09/2018,0.7
18/09/2018,8.0
19/09/2018,23.5
20/09/2018,0.0
21/09/2018,1.0
22/09/2018,3.7
23/09/2018,0.3
24/09/2018,0.0
25/09/2018,0.0
26/09/2018,13.5
27/09/2018,1.5
28/09/2018,73.5
29/09/2018,0.0
30/09/2018,0.0
01/10/2018,0.0
02/10/2018,12.0
03/10/2018,0.0
04/10/2018,5.0
05/10/2018,6.0
06/10/2018,2.2
07/10/2018,23.8
08/10/2018,7.5
09/10/2018,2.5
10/10/2018,0.9
11/10/2018,11.2
12/10/2018,4.9
13/10/2018,0.5
14/10/2018,25.6
15/10/2018,1.9
16/10/2018,0.5
17/10/2018,3.0
18/10/2018,13.1
19/10/2018,10.9
20/10/2018,0.0
21/10/2018,5.0
22/10/2018,0.0
23/10/2018,0.0
24/10/2018,4.5
25/10/2018,21.5
26/10/2018,0.0
27/10/2018,2.9
28/10/2018,6.6
29/10/2018,7.2
30/10/2018,20.6
31/10/2018,4.2
01/11/2018,21.0
02/11/2018,65.7
03/11/2018,75.0
04/11/2018,35.2
05/11/2018,65.3
06/11/2018,48.1
07/11/2018,0.8
08/11/2018,3.5
09/11/2018,0.0
10/11/2018,0.0
11/11/2018,22.7
12/11/2018,8.7
13/11/2018,0.0
14/11/2018,5.0
15/11/2018,10.5
16/11/2018,1.5
17/11/2018,17.0
18/11/2018,0.5
19/11/2018,17.7
20/11/2018,0.8
21/11/2018,5.0
22/11/2018,7.0
23/11/2018,0.0
24/11/2018,0.0
25/11/2018,0.0
26/11/2018,0.0
27/11/2018,0.0
28/11/2018,3.9
29/11/2018,24.8
30/11/2018,52.1
01/12/2018,102.9
02/12/2018,26.3
03/12/2018,60.6
04/12/2018,49.7
05/12/2018,68.5
06/12/2018,85.7
07/12/2018,2.5
08/12/2018,1.5
09/12/2018,46.9
10/12/2018,16.1
11/12/2018,6.8
12/12/2018,105.6
13/12/2018,136.1
14/12/2018,14.4
15/12/2018,120.9
16/12/2018,5.6
17/12/2018,74.1
18/12/2018,0.5
19/12/2018,2.0
20/12/2018,0.4
21/12/2018,0.6
22/12/2018,0.0
23/12/2018,0.0
24/12/2018,0.0
25/12/2018,3.5
26/12/2018,0.0
27/12/2018,0.4
28/12/2018,6.6
29/12/2018,0.0
30/12/2018,1.4
31/12/2018,4.6
01/01/2019,0.0
02/01/2019,25.3
03/01/2019,3.7
04/01/2019,0.0
05/01/2019,0.3
06/01/2019,22.1
07/01/2019,8.8
08/01/2019,24.1
09/01/2019,49.4
10/01/2019,4.5
11/01/2019,5.6
12/01/2019,30.5
13/01/2019,57.2
14/01/2019,0.0
15/01/2019,0.0
16/01/2019,51.4
17/01/2019,38.2
18/01/2019,2.6
19/01/2019,7.8
20/01/2019,0.4
21/01/2019,0.1
22/01/2019,0.0
23/01/2019,2.5
24/01/2019,0.4
25/01/2019,0.7
26/01/2019,0.0
27/01/2019,0.4
28/01/2019,9.0
29/01/2019,31.7
30/01/2019,0.0
31/01/2019,9.0
01/02/2019,26.0
02/02/2019,33.0
03/02/2019,6.0
04/02/2019,0.0
05/02/2019,0.0
06/02/2019,0.0
07/02/2019,0.0
08/02/2019,0.0
09/02/2019,0.0
10/02/2019,0.0
11/02/2019,0.5
12/02/2019,11.7
13/02/2019,58.4
14/02/2019,4.8
15/02/2019,0.0
16/02/2019,0.0
17/02/2019,0.0
18/02/2019,0.0
19/02/2019,0.0
20/02/2019,0.0
21/02/2019,0.0
22/02/2019,0.0
23/02/2019,0.0
24/02/2019,0.0
25/02/2019,0.0
26/02/2019,14.0
27/02/2019,0.5
28/02/2019,0.0
01/03/2019,0.0
02/03/2019,0.0
03/03/2019,0.0
04/03/2019,0.0
05/03/2019,0.0
06/03/2019,0.0
07/03/2019,0.0
08/03/2019,0.0
09/03/2019,0.0
10/03/2019,0.0
11/03/2019,0.0
12/03/2019,0.0
13/03/2019,0.0
14/03/2019,0.0
15/03/2019,0.0
16/03/2019,0.0
17/03/2019,0.0
18/03/2019,0.0
19/03/2019,0.0
20/03/2019,0.0
21/03/2019,0.0
22/03/2019,0.0
23/03/2019,0.0
24/03/2019,0.0
25/03/2019,2.5
26/03/2019,0.0
27/03/2019,0.0
28/03/2019,0.4
29/03/2019,6.6
30/03/2019,30.5
31/03/2019,18.0
01/04/2019,47.5
02/04/2019,3.0
03/04/2019,0.0
04/04/2019,0.0
05/04/2019,0.0
06/04/2019,0.0
07/04/2019,26.5
08/04/2019,0.5
09/04/2019,0.0
10/04/2019,0.0
11/04/2019,58.8
12/04/2019,7.7
13/04/2019,0.5
14/04/2019,0.0
15/04/2019,0.5
16/04/2019,0.0
17/04/2019,0.0
18/04/2019,0.0
19/04/2019,0.0
20/04/2019,0.0
21/04/2019,0.0
22/04/2019,0.0
23/04/2019,0.0
24/04/2019,0.0
25/04/2019,1.0
26/04/2019,0.0
27/04/2019,11.2
28/04/2019,1.8
29/04/2019,10.5
30/04/2019,5.0
01/05/2019,0.0
02/05/2019,0.0
03/05/2019,0.0
04/05/2019,5.0
05/05/2019,0.0
06/05/2019,47.0
07/05/2019,5.4
08/05/2019,5.4
09/05/2019,30.7
10/05/2019,0.0
11/05/2019,0.0
12/05/2019,2.0
13/05/2019,0.5
14/05/2019,11.5
15/05/2019,20.6
16/05/2019,1.3
17/05/2019,4.6
18/05/2019,0.0
19/05/2019,36.0
20/05/2019,0.0
21/05/2019,16.0
22/05/2019,3.0
23/05/2019,0.5
24/05/2019,0.0
25/05/2019,1.0
26/05/2019,0.0
27/05/2019,7.5
28/05/2019,0.5
29/05/2019,0.0
30/05/2019,15.0
31/05/2019,7.0
01/06/2019,0.0
02/06/2019,0.0
03/06/2019,0.0
04/06/2019,0.0
05/06/2019,3.8
06/06/2019,15.2
07/06/2019,0.5
08/06/2019,8.0
09/06/2019,4.0
10/06/2019,0.0
11/06/2019,3.5
12/06/2019,0.0
13/06/2019,0.0
14/06/2019,0.4
15/06/2019,1.6
16/06/2019,19.1
17/06/2019,2.4
18/06/2019,21.2
19/06/2019,1.3
20/06/2019,0.0
21/06/2019,2.0
22/06/2019,7.0
23/06/2019,10.5
24/06/2019,0.0
25/06/2019,0.0
26/06/2019,0.0
27/06/2019,0.0
28/06/2019,0.0
29/06/2019,2.2
30/06/2019,5.1
01/07/2019,0.1
02/07/2019,0.4
03/07/2019,1.1
04/07/2019,0.0
05/07/2019,0.0
06/07/2019,28.0
07/07/2019,22.5
08/07/2019,7.7
09/07/2019,0.3
10/07/2019,0.0
11/07/2019,0.0
12/07/2019,0.9
13/07/2019,13.1
14/07/2019,2.6
15/07/2019,0.4
16/07/2019,1.0
17/07/2019,0.4
18/07/2019,2.1
19/07/2019,0.0
20/07/2019,0.0
21/07/2019,0.0
22/07/2019,16.0
23/07/2019,3.0
24/07/2019,0.9
25/07/2019,0.1
26/07/2019,4.0
27/07/2019,26.0
28/07/2019,0.0
29/07/2019,0.0
30/07/2019,2.0
31/07/2019,0.0
01/08/2019,0.0
02/08/2019,0.0
03/08/2019,0.0
04/08/2019,0.0
05/08/2019,0.0
06/08/2019,0.0
07/08/2019,0.0
08/08/2019,0.5
09/08/2019,0.0
10/08/2019,0.0
11/08/2019,1.0
12/08/2019,0.4
13/08/2019,0.6
14/08/2019,16.5
15/08/2019,2.0
16/08/2019,0.5
17/08/2019,11.5
18/08/2019,1.5
19/08/2019,0.0
20/08/2019,9.5
21/08/2019,1.0
22/08/2019,2.0
23/08/2019,0.4
24/08/2019,11.3
25/08/2019,1.3
26/08/2019,0.0
27/08/2019,0.5
28/08/2019,0.5
29/08/2019,0.5
30/08/2019,0.0
31/08/2019,0.0
01/09/2019,0.0
02/09/2019,0.0
03/09/2019,14.0
04/09/2019,7.0
05/09/2019,0.0
06/09/2019,0.0
07/09/2019,1.5
08/09/2019,19.8
09/09/2019,52.2
10/09/2019,1.0
11/09/2019,0.0
12/09/2019,17.3
13/09/2019,4.9
14/09/2019,9.8
15/09/2019,13.0
16/09/2019,11.7
17/09/2019,3.4
18/09/2019,0.9
19/09/2019,0.5
20/09/2019,24.5
21/09/2019,0.0
22/09/2019,0.0
23/09/2019,0.0
24/09/2019,3.0
25/09/2019,12.0
26/09/2019,1.5
27/09/2019,7.4
28/09/2019,0.1
29/09/2019,0.0
30/09/2019,26.5
01/10/2019,1.0
02/10/2019,3.5
03/10/2019,56.5
04/10/2019,2.0
05/10/2019,0.0
06/10/2019,0.5
07/10/2019,1.5
08/10/2019,1.5
09/10/2019,0.4
10/10/2019,9.4
11/10/2019,0.1
12/10/2019,1.4
13/10/2019,42.1
14/10/2019,81.5
15/10/2019,7.5
16/10/2019,0.0
17/10/2019,0.0
18/10/2019,18.0
19/10/2019,1.9
20/10/2019,1.1
21/10/2019,0.3
22/10/2019,8.2
23/10/2019,0.0
24/10/2019,22.0
25/10/2019,0.5
26/10/2019,10.0
27/10/2019,3.0
28/10/2019,2.5
29/10/2019,17.5
30/10/2019,1.5
31/10/2019,4.0
01/11/2019,0.4
02/11/2019,30.9
03/11/2019,14.6
04/11/2019,5.0
05/11/2019,14.5
06/11/2019,22.5
07/11/2019,0.0
08/11/2019,25.0
09/11/2019,1.5
10/11/2019,1.7
11/11/2019,6.8
12/11/2019,0.4
13/11/2019,62.1
14/11/2019,1.0
15/11/2019,5.5
16/11/2019,21.5
17/11/2019,40.0
18/11/2019,3.5
19/11/2019,1.5
20/11/2019,47.5
21/11/2019,63.0
22/11/2019,88.5
23/11/2019,8.0
24/11/2019,1.0
25/11/2019,21.5
26/11/2019,5.8
27/11/2019,133.1
28/11/2019,79.1
29/11/2019,220.6
30/11/2019,88.3
01/12/2019,202.0
02/12/2019,60.8
03/12/2019,4.2
04/12/2019,8.4
05/12/2019,6.0
06/12/2019,7.0
07/12/2019,6.2
08/12/2019,51.4
09/12/2019,27.7
10/12/2019,1.9
11/12/2019,0.8
12/12/2019,0.1
13/12/2019,5.0
14/12/2019,37.8
15/12/2019,9.8
16/12/2019,26.3
17/12/2019,109.6
18/12/2019,229.0
19/12/2019,3.7
20/12/2019,0.8
21/12/2019,1.5
22/12/2019,0.0
23/12/2019,0.0
24/12/2019,0.0
25/12/2019,0.0
26/12/2019,0.0
27/12/2019,0.0
28/12/2019,0.0
29/12/2019,0.8
30/12/2019,0.7
31/12/2019,3.8
01/01/2020,8.4
02/01/2020,9.7
03/01/2020,6.3
04/01/2020,3.4
05/01/2020,3.5
06/01/2020,11.7
07/01/2020,3.7
08/01/2020,0.6
09/01/2020,0.5
10/01/2020,0.0
11/01/2020,0.0
12/01/2020,8.0
13/01/2020,0.0
14/01/2020,0.0
15/01/2020,0.0
16/01/2020,0.0
17/01/2020,25.0
18/01/2020,1.4
19/01/2020,15.1
20/01/2020,5.9
21/01/2020,3.2
22/01/2020,0.4
23/01/2020,0.6
24/01/2020,0.0
25/01/2020,0.0
26/01/2020,0.0
27/01/2020,0.0
28/01/2020,0.0
29/01/2020,2.5
30/01/2020,0.9
31/01/2020,71.6
01/02/2020,1.0
02/02/2020,0.0
03/02/2020,0.0
04/02/2020,0.0
05/02/2020,1.5
06/02/2020,2.5
07/02/2020,0.0
08/02/2020,0.5
09/02/2020,36.3
10/02/2020,64.6
11/02/2020,19.7
12/02/2020,27.5
13/02/2020,4.9
14/02/2020,0.0
15/02/2020,0.5
16/02/2020,0.0
17/02/2020,20.1
18/02/2020,27.4
19/02/2020,1.7
20/02/2020,2.0
21/02/2020,6.9
22/02/2020,12.3
23/02/2020,4.1
24/02/2020,4.5
25/02/2020,0.0
26/02/2020,0.4
27/02/2020,0.1
28/02/2020,0.0
29/02/2020,0.0
01/03/2020,0.0
02/03/2020,0.0
03/03/2020,0.0
04/03/2020,0.0
05/03/2020,1.0
06/03/2020,0.0
07/03/2020,0.0
08/03/2020,0.0
09/03/2020,0.0
10/03/2020,0.0
11/03/2020,0.0
12/03/2020,0.0
13/03/2020,0.0
14/03/2020,0.0
15/03/2020,0.0
16/03/2020,0.3
17/03/2020,9.2
18/03/2020,0.0
19/03/2020,0.0
20/03/2020,0.0
21/03/2020,0.5
22/03/2020,63.5
23/03/2020,6.5
24/03/2020,0.0
25/03/2020,0.0
26/03/2020,0.0
27/03/2020,0.0
28/03/2020,0.0
29/03/2020,0.0
30/03/2020,0.0
31/03/2020,0.0
01/04/2020,0.0
02/04/2020,20.7
03/04/2020,8.8
04/04/2020,0.3
05/04/2020,16.2
06/04/2020,5.5
07/04/2020,0.5
08/04/2020,0.0
09/04/2020,0.0
10/04/2020,0.0
11/04/2020,0.0
12/04/2020,0.0
13/04/2020,0.0
14/04/2020,0.0
15/04/2020,1.0
16/04/2020,0.0
17/04/2020,0.0
18/04/2020,0.0
19/04/2020,2.5
20/04/2020,0.0
21/04/2020,0.0
22/04/2020,2.5
23/04/2020,15.0
24/04/2020,5.0
25/04/2020,38.7
26/04/2020,16.7
27/04/2020,6.3
28/04/2020,5.8
29/04/2020,0.5
30/04/2020,0.3
01/05/2020,8.7
02/05/2020,1.0
03/05/2020,0.0
04/05/2020,0.5
05/05/2020,0.0
06/05/2020,0.0
07/05/2020,3.5
08/05/2020,5.3
09/05/2020,0.7
10/05/2020,0.5
11/05/2020,0.5
12/05/2020,2.5
13/05/2020,0.5
14/05/2020,20.5
15/05/2020,3.6
16/05/2020,1.4
17/05/2020,5.2
18/05/2020,0.3
19/05/2020,0.0
20/05/2020,0.0
21/05/2020,0.0
22/05/2020,0.0
23/05/2020,28.5
24/05/2020,18.7
25/05/2020,0.3
26/05/2020,30.0
27/05/2020,0.0
28/05/2020,0.0
29/05/2020,5.0
30/05/2020,0.5
31/05/2020,2.5
01/06/2020,3.0
02/06/2020,24.7
03/06/2020,2.3
04/06/2020,4.5
05/06/2020,0.5
06/06/2020,19.5
07/06/2020,88.7
08/06/2020,2.7
09/06/2020,24.0
10/06/2020,3.5
11/06/2020,1.0
12/06/2020,24.0
13/06/2020,0.0
14/06/2020,0.0
15/06/2020,1.7
16/06/2020,33.3
17/06/2020,1.5
18/06/2020,0.0
19/06/2020,0.5
20/06/2020,6.0
21/06/2020,5.0
22/06/2020,24.5
23/06/2020,0.0
24/06/2020,0.0
25/06/2020,0.0
26/06/2020,2.1
27/06/2020,0.4
28/06/2020,0.0
29/06/2020,0.0
30/06/2020,0.0
01/07/2020,7.0
02/07/2020,1.5
03/07/2020,5.8
04/07/2020,3.7
05/07/2020,2.0
06/07/2020,0.0
07/07/2020,4.0
08/07/2020,0.0
09/07/2020,9.5
10/07/2020,2.0
11/07/2020,2.5
12/07/2020,0.4
13/07/2020,28.6
14/07/2020,1.0
15/07/2020,0.5
16/07/2020,11.5
17/07/2020,0.0
18/07/2020,0.3
19/07/2020,0.2
20/07/2020,0.0
21/07/2020,18.0
22/07/2020,4.5
23/07/2020,1.5
24/07/2020,16.0
25/07/2020,3.5
26/07/2020,37.0
27/07/2020,0.0
28/07/2020,2.0
29/07/2020,3.0
30/07/2020,3.0
31/07/2020,6.5
01/08/2020,7.0
02/08/2020,0.0
03/08/2020,0.0
04/08/2020,0.0
05/08/2020,0.0
06/08/2020,0.0
07/08/2020,8.5
08/08/2020,7.0
09/08/2020,0.0
10/08/2020,3.0
11/08/2020,40.0
12/08/2020,1.4
13/08/2020,2.9
14/08/2020,0.7
15/08/2020,0.0
16/08/2020,73.5
17/08/2020,3.0
18/08/2020,6.9
19/08/2020,0.1
20/08/2020,0.0
21/08/2020,38.4
22/08/2020,2.6
23/08/2020,0.0
24/08/2020,0.0
25/08/2020,0.0
26/08/2020,0.0
27/08/2020,18.5
28/08/2020,0.0
29/08/2020,0.0
30/08/2020,0.0
31/08/2020,0.0
01/09/2020,25.0
02/09/2020,74.0
03/09/2020,0.0
04/09/2020,0.4
05/09/2020,0.6
06/09/2020,27.0
07/09/2020,1.0
08/09/2020,1.5
09/09/2020,24.7
10/09/2020,41.3
11/09/2020,0.0
12/09/2020,10.5
13/09/2020,0.0
14/09/2020,52.0
15/09/2020,1.0
16/09/2020,0.0
17/09/2020,5.2
18/09/2020,26.3
19/09/2020,0.0
20/09/2020,3.0
21/09/2020,0.0
22/09/2020,0.0
23/09/2020,0.0
24/09/2020,22.5
25/09/2020,0.0
26/09/2020,6.5
27/09/2020,0.0
28/09/2020,0.0
29/09/2020,0.4
30/09/2020,10.6
01/10/2020,0.0
02/10/2020,0.4
03/10/2020,0.6
04/10/2020,0.0
05/10/2020,0.0
06/10/2020,0.5
07/10/2020,37.2
08/10/2020,24.7
09/10/2020,4.1
10/10/2020,0.0
11/10/2020,0.0
12/10/2020,10.8
13/10/2020,3.2
14/10/2020,12.4
15/10/2020,9.1
16/10/2020,12.0
17/10/2020,0.0
18/10/2020,0.0
19/10/2020,6.5
20/10/2020,0.0
21/10/2020,42.0
22/10/2020,4.0
23/10/2020,0.5
24/10/2020,2.8
25/10/2020,103.0
26/10/2020,2.2
27/10/2020,0.0
28/10/2020,0.0
29/10/2020,0.5
30/10/2020,0.0
31/10/2020,15.0
01/11/2020,0.4
02/11/2020,2.1
03/11/2020,4.2
04/11/2020,79.3
05/11/2020,0.0
06/11/2020,26.8
07/11/2020,9.4
08/11/2020,3.7
09/11/2020,17.6
10/11/2020,19.5
11/11/2020,65.3
12/11/2020,15.9
13/11/2020,53.1
14/11/2020,0.2
15/11/2020,6.6
16/11/2020,0.3
17/11/2020,135.9
18/11/2020,14.2
19/11/2020,2.0
20/11/2020,0.9
21/11/2020,13.1
22/11/2020,7.0
23/11/2020,89.0
24/11/2020,70.3
25/11/2020,31.1
26/11/2020,3.3
27/11/2020,98.9
28/11/2020,22.8
29/11/2020,1.3
30/11/2020,2.2
01/12/2020,0.5
02/12/2020,3.6
03/12/2020,156.1
04/12/2020,96.4
05/12/2020,0.5
06/12/2020,0.0
07/12/2020,0.0
08/12/2020,0.5
09/12/2020,0.0
10/12/2020,0.0
11/12/2020,0.8
12/12/2020,16.5
13/12/2020,2.0
14/12/2020,4.1
15/12/2020,7.7
16/12/2020,114.0
17/12/2020,121.1
18/12/2020,148.0
19/12/2020,135.5
20/12/2020,25.2
21/12/2020,0.7
22/12/2020,0.0
23/12/2020,0.0
24/12/2020,5.5
25/12/2020,5.4
26/12/2020,136.7
27/12/2020,71.0
28/12/2020,0.9
29/12/2020,1.1
30/12/2020,0.0
31/12/2020,65.9
01/01/2021,28.0
02/01/2021,55.2
03/01/2021,106.2
04/01/2021,99.0
05/01/2021,42.8
06/01/2021,170.9
07/01/2021,44.8
08/01/2021,29.7
09/01/2021,20.7
10/01/2021,13.8
11/01/2021,10.0
12/01/2021,10.8
13/01/2021,6.3
14/01/2021,0.5
15/01/2021,0.0
16/01/2021,5.5
17/01/2021,0.0
18/01/2021,3.0
19/01/2021,0.4
20/01/2021,0.1
21/01/2021,0.0
22/01/2021,0.4
23/01/2021,11.6
24/01/2021,12.5
25/01/2021,0.0
26/01/2021,0.4
27/01/2021,17.0
28/01/2021,11.6
29/01/2021,0.0
30/01/2021,0.0
31/01/2021,6.8
01/02/2021,15.2
02/02/2021,1.0
03/02/2021,0.0
04/02/2021,0.0
05/02/2021,1.0
06/02/2021,0.0
07/02/2021,0.0
08/02/2021,0.3
09/02/2021,0.2
10/02/2021,0.0
11/02/2021,0.0
12/02/2021,4.5
13/02/2021,0.0
14/02/2021,0.3
15/02/2021,1.2
16/02/2021,0.0
17/02/2021,0.0
18/02/2021,0.0
19/02/2021,1.4
20/02/2021,1.1
21/02/2021,0.0
22/02/2021,0.5
23/02/2021,0.0
24/02/2021,0.0
25/02/2021,0.0
26/02/2021,0.0
27/02/2021,0.0
28/02/2021,0.0
01/03/2021,0.0
02/03/2021,0.0
03/03/2021,0.4
04/03/2021,3.1
05/03/2021,1.8
06/03/2021,33.2
07/03/2021,0.0
08/03/2021,0.0
09/03/2021,0.0
10/03/2021,4.0
11/03/2021,5.2
12/03/2021,6.0
13/03/2021,10.8
14/03/2021,0.0
15/03/2021,0.0
16/03/2021,0.0
17/03/2021,0.0
18/03/2021,0.0
19/03/2021,0.0
20/03/2021,0.0
21/03/2021,0.0
22/03/2021,0.0
23/03/2021,13.0
24/03/2021,48.9
25/03/2021,20.5
26/03/2021,20.6
27/03/2021,0.0
28/03/2021,11.5
29/03/2021,0.0
30/03/2021,0.4
31/03/2021,3.6
01/04/2021,5.0
02/04/2021,0.0
03/04/2021,0.0
04/04/2021,6.3
05/04/2021,11.5
06/04/2021,6.7
07/04/2021,2.5
08/04/2021,0.0
09/04/2021,0.0
10/04/2021,0.4
11/04/2021,0.1
12/04/2021,0.0
13/04/2021,0.0
14/04/2021,20.5
15/04/2021,0.0
16/04/2021,0.0
17/04/2021,0.0
18/04/2021,27.0
19/04/2021,6.5
20/04/2021,2.5
21/04/2021,0.0
22/04/2021,32.5
23/04/2021,10.3
24/04/2021,7.2
25/04/2021,33.5
26/04/2021,46.5
27/04/2021,0.0
28/04/2021,0.0
29/04/2021,0.0
30/04/2021,4.5
01/05/2021,0.0
02/05/2021,0.0
03/05/2021,1.0
04/05/2021,1.0
05/05/2021,1.5
06/05/2021,18.5
07/05/2021,0.0
08/05/2021,0.0
09/05/2021,0.5
10/05/2021,0.0
11/05/2021,36.0
12/05/2021,21.0
13/05/2021,3.0
14/05/2021,0.0
15/05/2021,0.5
16/05/2021,18.5
17/05/2021,6.8
18/05/2021,27.1
19/05/2021,11.6
20/05/2021,0.5
21/05/2021,44.7
22/05/2021,0.3
23/05/2021,0.0
24/05/2021,0.0
25/05/2021,0.0
26/05/2021,58.0
27/05/2021,14.5
28/05/2021,0.0
29/05/2021,0.0
30/05/2021,0.5
31/05/2021,0.0
01/06/2021,34.5
02/06/2021,0.0
03/06/2021,6.5
04/06/2021,0.0
05/06/2021,1.0
06/06/2021,0.0
07/06/2021,0.0
08/06/2021,0.4
09/06/2021,8.1
10/06/2021,2.7
11/06/2021,0.3
12/06/2021,0.0
13/06/2021,0.0
14/06/2021,0.0
15/06/2021,10.0
16/06/2021,0.0
17/06/2021,16.0
18/06/2021,0.0
19/06/2021,41.0
20/06/2021,39.5
21/06/2021,1.0
22/06/2021,3.1
23/06/2021,0.8
24/06/2021,0.5
25/06/2021,48.1
26/06/2021,15.5
27/06/2021,0.0
28/06/2021,18.5
29/06/2021,4.6
30/06/2021,8.7
01/07/2021,52.1
02/07/2021,0.1
03/07/2021,10.7
04/07/2021,0.3
05/07/2021,0.0
06/07/2021,7.0
07/07/2021,0.0
08/07/2021,0.8
09/07/2021,31.5
10/07/2021,3.1
11/07/2021,15.0
12/07/2021,0.5
13/07/2021,23.0
14/07/2021,0.0
15/07/2021,0.0
16/07/2021,0.0
17/07/2021,0.0
18/07/2021,0.0
19/07/2021,0.0
20/07/2021,0.0
21/07/2021,0.5
22/07/2021,4.0
23/07/2021,42.8
24/07/2021,3.7
25/07/2021,0.4
26/07/2021,31.1
27/07/2021,1.0
28/07/2021,2.7
29/07/2021,21.3
30/07/2021,1.3
31/07/2021,4.7
01/08/2021,14.5
02/08/2021,0.0
03/08/2021,6.5
04/08/2021,0.0
05/08/2021,0.0
06/08/2021,0.0
07/08/2021,34.6
08/08/2021,0.4
09/08/2021,0.0
10/08/2021,8.9
11/08/2021,2.6
12/08/2021,1.0
13/08/2021,42.7
14/08/2021,0.3
15/08/2021,18.1
16/08/2021,10.4
17/08/2021,7.5
18/08/2021,0.8
19/08/2021,5.2
20/08/2021,0.5
21/08/2021,0.3
22/08/2021,2.2
23/08/2021,0.0
24/08/2021,0.0
25/08/2021,0.5
26/08/2021,0.0
27/08/2021,0.0
28/08/2021,15.0
29/08/2021,0.0
30/08/2021,11.0
31/08/2021,2.0
01/09/2021,10.2
02/09/2021,4.4
03/09/2021,1.4
04/09/2021,0.0
05/09/2021,0.0
06/09/2021,5.0
07/09/2021,0.0
08/09/2021,0.0
09/09/2021,11.0
10/09/2021,13.0
11/09/2021,1.5
12/09/2021,6.0
13/09/2021,0.0
14/09/2021,0.0
15/09/2021,31.5
16/09/2021,0.0
17/09/2021,3.5
18/09/2021,0.0
19/09/2021,26.7
20/09/2021,2.0
21/09/2021,4.8
22/09/2021,36.1
23/09/2021,1.4
24/09/2021,1.0
25/09/2021,0.0
26/09/2021,12.5
27/09/2021,1.0
28/09/2021,14.5
29/09/2021,24.5
30/09/2021,9.0
01/10/2021,0.0
02/10/2021,0.0
03/10/2021,7.0
04/10/2021,2.5
05/10/2021,5.1
06/10/2021,0.9
07/10/2021,20.0
08/10/2021,0.5
09/10/2021,0.0
10/10/2021,0.0
11/10/2021,0.0
12/10/2021,0.0
13/10/2021,7.0
14/10/2021,0.5
15/10/2021,8.2
16/10/2021,5.3
17/10/2021,98.7
18/10/2021,0.3
19/10/2021,0.5
20/10/2021,4.5
21/10/2021,2.5
22/10/2021,0.0
23/10/2021,2.0
24/10/2021,1.5
25/10/2021,0.0
26/10/2021,1.5
27/10/2021,0.0
28/10/2021,11.8
29/10/2021,4.7
30/10/2021,0.0
31/10/2021,0.0
01/11/2021,1.4
02/11/2021,8.6
03/11/2021,17.5
04/11/2021,0.0
05/11/2021,0.5
06/11/2021,0.0
07/11/2021,1.0
08/11/2021,0.0
09/11/2021,33.2
10/11/2021,14.5
11/11/2021,9.2
12/11/2021,21.5
13/11/2021,15.2
14/11/2021,0.7
15/11/2021,4.6
16/11/2021,6.0
17/11/2021,95.9
18/11/2021,11.9
19/11/2021,28.4
20/11/2021,0.3
21/11/2021,7.4
22/11/2021,3.6
23/11/2021,11.4
24/11/2021,14.5
25/11/2021,5.8
26/11/2021,26.4
27/11/2021,7.7
28/11/2021,0.2
29/11/2021,27.0
30/11/2021,0.7
01/12/2021,16.0
02/12/2021,46.6
03/12/2021,80.0
04/12/2021,16.2
05/12/2021,0.0
06/12/2021,0.0
07/12/2021,0.0
08/12/2021,0.2
09/12/2021,0.3
10/12/2021,20.5
11/12/2021,2.0
12/12/2021,0.8
13/12/2021,10.4
14/12/2021,10.4
15/12/2021,55.3
16/12/2021,111.1
17/12/2021,90.8
18/12/2021,60.8
19/12/2021,45.8
20/12/2021,0.0
21/12/2021,8.1
22/12/2021,22.9
23/12/2021,16.7
24/12/2021,0.8
25/12/2021,9.5
26/12/2021,0.5
27/12/2021,0.0
28/12/2021,0.4
29/12/2021,12.8
30/12/2021,85.6
31/12/2021,50.7
01/01/2022,52.9
02/01/2022,26.0
03/01/2022,36.8
04/01/2022,82.4
05/01/2022,1.3
06/01/2022,2.1
07/01/2022,7.2
08/01/2022,8.4
09/01/2022,0.1
10/01/2022,0.0
11/01/2022,0.0
12/01/2022,0.0
13/01/2022,0.0
14/01/2022,0.0
15/01/2022,0.4
16/01/2022,15.3
17/01/2022,33.7
18/01/2022,0.1
19/01/2022,0.5
20/01/2022,0.0
21/01/2022,0.0
22/01/2022,0.0
23/01/2022,0.0
24/01/2022,0.0
25/01/2022,0.0
26/01/2022,0.0
27/01/2022,0.0
28/01/2022,0.0
29/01/2022,0.0
30/01/2022,0.0
31/01/2022,0.0
01/02/2022,9.5
02/02/2022,0.4
03/02/2022,14.6
04/02/2022,6.4
05/02/2022,8.1
06/02/2022,14.7
07/02/2022,61.6
08/02/2022,96.8
09/02/2022,0.5
10/02/2022,39.5
11/02/2022,47.0
12/02/2022,51.3
13/02/2022,21.4
14/02/2022,110.6
15/02/2022,99.6
16/02/2022,5.0
17/02/2022,4.2
18/02/2022,0.5
19/02/2022,0.0
20/02/2022,0.0
21/02/2022,0.0
22/02/2022,13.9
23/02/2022,92.5
24/02/2022,93.1
25/02/2022,239.1
26/02/2022,180.2
27/02/2022,616.8
28/02/2022,45.8
01/03/2022,16.3
02/03/2022,0.8
03/03/2022,19.7
04/03/2022,28.5
05/03/2022,9.7
06/03/2022,1.6
07/03/2022,0.0
08/03/2022,4.4
09/03/2022,11.4
10/03/2022,0.2
11/03/2022,0.0
12/03/2022,0.0
13/03/2022,32.5
14/03/2022,0.0
15/03/2022,0.0
16/03/2022,0.0
17/03/2022,27.0
18/03/2022,15.5
19/03/2022,29.1
20/03/2022,43.2
21/03/2022,0.7
22/03/2022,22.3
23/03/2022,1.4
24/03/2022,1.6
25/03/2022,12.7
26/03/2022,0.0
27/03/2022,0.0
28/03/2022,0.0
29/03/2022,0.0
30/03/2022,4.8
31/03/2022,74.7
01/04/2022,0.7
02/04/2022,0.3
03/04/2022,1.0
04/04/2022,78.6
05/04/2022,24.1
06/04/2022,7.8
07/04/2022,8.0
08/04/2022,0.4
09/04/2022,4.8
10/04/2022,1.2
11/04/2022,0.0
12/04/2022,3.9
13/04/2022,8.5
14/04/2022,0.2
15/04/2022,0.0
16/04/2022,58.5
17/04/2022,0.0
18/04/2022,0.4
19/04/2022,5.8
20/04/2022,9.3
21/04/2022,0.0
22/04/2022,9.5
23/04/2022,0.8
24/04/2022,22.7
25/04/2022,0.0
26/04/2022,47.5
27/04/2022,0.0
28/04/2022,0.0
29/04/2022,0.0
30/04/2022,5.5
01/05/2022,0.0
02/05/2022,0.0
03/05/2022,36.8
04/05/2022,48.7
05/05/2022,0.5
06/05/2022,11.5
07/05/2022,5.5
08/05/2022,10.0
09/05/2022,7.0
10/05/2022,43.5
11/05/2022,8.0
12/05/2022,94.0
13/05/2022,0.0
14/05/2022,0.0
15/05/2022,0.3
16/05/2022,33.2
17/05/2022,0.0
18/05/2022,4.3
19/05/2022,34.7
20/05/2022,0.0
21/05/2022,0.0
22/05/2022,0.0
23/05/2022,0.0
24/05/2022,22.8
25/05/2022,1.1
26/05/2022,0.1
27/05/2022,0.0
28/05/2022,0.0
29/05/2022,10.0
30/05/2022,9.5
31/05/2022,2.3
01/06/2022,50.7
02/06/2022,11.5
03/06/2022,25.0
04/06/2022,0.5
05/06/2022,0.5
06/06/2022,28.5
07/06/2022,29.5
08/06/2022,0.2
09/06/2022,4.8
10/06/2022,0.0
11/06/2022,32.5
12/06/2022,0.0
13/06/2022,0.5
14/06/2022,10.3
15/06/2022,1.7
16/06/2022,6.7
17/06/2022,0.3
18/06/2022,0.0
19/06/2022,1.0
20/06/2022,0.0
21/06/2022,21.0
22/06/2022,0.5
23/06/2022,13.3
24/06/2022,77.5
25/06/2022,7.1
26/06/2022,18.9
27/06/2022,0.1
28/06/2022,29.8
29/06/2022,84.7
30/06/2022,0.0
01/07/2022,0.0
02/07/2022,0.0
03/07/2022,11.3
04/07/2022,34.2
05/07/2022,1.0
06/07/2022,38.0
07/07/2022,0.0
08/07/2022,19.2
09/07/2022,10.1
10/07/2022,0.2
11/07/2022,15.3
12/07/2022,2.7
13/07/2022,7.0
14/07/2022,0.0
15/07/2022,0.4
16/07/2022,6.1
17/07/2022,0.0
18/07/2022,0.0
19/07/2022,0.0
20/07/2022,0.0
21/07/2022,1.0
22/07/2022,0.0
23/07/2022,0.0
24/07/2022,0.0
25/07/2022,0.0
26/07/2022,2.0
27/07/2022,4.0
28/07/2022,12.5
29/07/2022,0.0
30/07/2022,20.0
31/07/2022,0.0
01/08/2022,3.5
02/08/2022,1.4
03/08/2022,0.1
04/08/2022,0.5
05/08/2022,9.5
06/08/2022,0.0
07/08/2022,0.0
08/08/2022,0.0
09/08/2022,0.0
10/08/2022,0.0
11/08/2022,0.4
12/08/2022,2.6
13/08/2022,10.5
14/08/2022,4.4
15/08/2022,0.1
16/08/2022,0.0
17/08/2022,0.0
18/08/2022,0.5
19/08/2022,0.0
20/08/2022,116.3
21/08/2022,0.2
22/08/2022,0.0
23/08/2022,0.0
24/08/2022,4.0
25/08/2022,19.5
26/08/2022,10.0
27/08/2022,7.0
28/08/2022,16.2
29/08/2022,1.3
30/08/2022,9.0
31/08/2022,14.2
01/09/2022,3.8
02/09/2022,10.3
03/09/2022,1.2
04/09/2022,0.4
05/09/2022,11.1
06/09/2022,0.0
07/09/2022,0.0
08/09/2022,0.4
09/09/2022,2.6
10/09/2022,10.6
11/09/2022,6.1
12/09/2022,0.9
13/09/2022,2.5
14/09/2022,6.0
15/09/2022,0.0
16/09/2022,17.5
17/09/2022,37.0
18/09/2022,11.4
19/09/2022,0.1
20/09/2022,2.0
21/09/2022,4.5
22/09/2022,0.4
23/09/2022,0.1
24/09/2022,0.4
25/09/2022,5.6
26/09/2022,7.3
27/09/2022,17.7
28/09/2022,0.0
29/09/2022,17.8
30/09/2022,60.3
01/10/2022,36.8
02/10/2022,2.9
03/10/2022,52.6
04/10/2022,54.5
05/10/2022,3.9
06/10/2022,0.1
07/10/2022,22.2
08/10/2022,7.7
09/10/2022,5.0
10/10/2022,0.6
11/10/2022,0.8
12/10/2022,0.3
13/10/2022,1.2
14/10/2022,31.3
15/10/2022,0.5
16/10/2022,12.5
17/10/2022,3.5
18/10/2022,33.4
19/10/2022,7.6
20/10/2022,0.6
21/10/2022,42.8
22/10/2022,7.5
23/10/2022,1.1
24/10/2022,2.0
25/10/2022,3.6
26/10/2022,4.1
27/10/2022,0.3
28/10/2022,25.3
29/10/2022,4.7
30/10/2022,1.6
31/10/2022,8.6
01/11/2022,12.0
02/11/2022,27.0
03/11/2022,19.0
04/11/2022,13.8
05/11/2022,0.7
06/11/2022,15.0
07/11/2022,0.0
08/11/2022,1.4
09/11/2022,5.2
10/11/2022,58.4
11/11/2022,61.5
12/11/2022,16.0
13/11/2022,17.6
14/11/2022,0.4
15/11/2022,1.3
16/11/2022,1.7
17/11/2022,0.0
18/11/2022,18.6
19/11/2022,0.4
20/11/2022,0.0
21/11/2022,41.7
22/11/2022,0.3
23/11/2022,0.0
24/11/2022,0.0
25/11/2022,0.5
26/11/2022,50.0
27/11/2022,4.5
28/11/2022,0.5
29/11/2022,0.5
30/11/2022,12.0
01/12/2022,29.0
02/12/2022,22.9
03/12/2022,10.1
04/12/2022,7.0
05/12/2022,1.0
06/12/2022,2.9
07/12/2022,16.6
08/12/2022,125.9
09/12/2022,51.0
10/12/2022,40.5
11/12/2022,61.4
12/12/2022,20.0
13/12/2022,45.2
14/12/2022,156.4
15/12/2022,10.7
16/12/2022,2.0
17/12/2022,56.3
18/12/2022,394.6
19/12/2022,299.3
20/12/2022,50.6
21/12/2022,181.5
22/12/2022,28.3
23/12/2022,0.9
24/12/2022,1.1
25/12/2022,1.5
26/12/2022,0.0
27/12/2022,12.3
28/12/2022,0.2
29/12/2022,0.0
30/12/2022,0.0
31/12/2022,0.0
01/01/2023,0.0
02/01/2023,0.0
03/01/2023,49.4
04/01/2023,3.1
05/01/2023,0.5
06/01/2023,20.8
07/01/2023,33.3
08/01/2023,24.2
09/01/2023,0.6
10/01/2023,0.5
11/01/2023,62.6
12/01/2023,56.8
13/01/2023,2.0
14/01/2023,40.9
15/01/2023,0.2
16/01/2023,0.0
17/01/2023,1.6
18/01/2023,4.4
19/01/2023,67.1
20/01/2023,29.5
21/01/2023,28.2
22/01/2023,22.7
23/01/2023,9.2
24/01/2023,6.1
25/01/2023,6.9
26/01/2023,1.7
27/01/2023,75.9
28/01/2023,42.0
29/01/2023,34.2
30/01/2023,18.2
31/01/2023,11.0
01/02/2023,11.7
02/02/2023,63.3
03/02/2023,27.3
04/02/2023,3.5
05/02/2023,7.5
06/02/2023,91.1
07/02/2023,23.8
08/02/2023,12.7
09/02/2023,0.0
10/02/2023,0.0
11/02/2023,0.0
12/02/2023,0.0
13/02/2023,0.0
14/02/2023,0.0
15/02/2023,0.0
16/02/2023,14.6
17/02/2023,7.5
18/02/2023,34.3
19/02/2023,0.5
20/02/2023,0.4
21/02/2023,55.6
22/02/2023,14.0
23/02/2023,5.0
24/02/2023,0.0
25/02/2023,0.5
26/02/2023,6.3
27/02/2023,11.9
28/02/2023,60.7
01/03/2023,22.9
02/03/2023,21.1
03/03/2023,6.2
04/03/2023,6.9
05/03/2023,0.5
06/03/2023,0.2
07/03/2023,1.3
08/03/2023,3.4
09/03/2023,2.6
10/03/2023,13.5
11/03/2023,6.5
12/03/2023,0.0
13/03/2023,1.0
14/03/2023,0.0
15/03/2023,0.0
16/03/2023,2.0
17/03/2023,0.0
18/03/2023,0.0
19/03/2023,0.0
20/03/2023,0.0
21/03/2023,0.0
22/03/2023,0.0
23/03/2023,0.0
24/03/2023,0.0
25/03/2023,0.0
26/03/2023,0.0
27/03/2023,0.0
28/03/2023,0.0
29/03/2023,0.0
30/03/2023,0.0
31/03/2023,0.0
01/04/2023,0.0
02/04/2023,34.5
03/04/2023,17.0
04/04/2023,3.0
05/04/2023,11.5
06/04/2023,1.5
07/04/2023,0.0
08/04/2023,0.0
09/04/2023,0.0
10/04/2023,0.0
11/04/2023,0.0
12/04/2023,0.0
13/04/2023,0.0
14/04/2023,0.0
15/04/2023,0.0
16/04/2023,0.0
17/04/2023,0.0
18/04/2023,0.0
19/04/2023,7.5
20/04/2023,0.0
21/04/2023,9.5
22/04/2023,6.0
23/04/2023,0.0
24/04/2023,0.0
25/04/2023,10.0
26/04/2023,0.9
27/04/2023,33.6
28/04/2023,23.5
29/04/2023,0.0
30/04/2023,40.5
01/05/2023,8.1
02/05/2023,41.2
03/05/2023,28.7
04/05/2023,0.0
05/05/2023,0.0
06/05/2023,0.0
07/05/2023,23.0
08/05/2023,1.0
09/05/2023,14.0
10/05/2023,0.5
11/05/2023,0.0
12/05/2023,0.0
13/05/2023,0.0
14/05/2023,2.0
15/05/2023,5.5
16/05/2023,30.0
17/05/2023,0.0
18/05/2023,0.0
19/05/2023,0.5
20/05/2023,1.5
21/05/2023,16.1
22/05/2023,14.5
23/05/2023,0.0
24/05/2023,0.4
25/05/2023,0.5
26/05/2023,1.0
27/05/2023,16.5
28/05/2023,0.0
29/05/2023,0.0
30/05/2023,0.5
31/05/2023,49.5
01/06/2023,0.5
02/06/2023,6.5
03/06/2023,0.0
04/06/2023,3.5
05/06/2023,20.5
