Date,Value (mm)
14/09/1983,10.5
15/09/1983,15.5
16/09/1983,72.0
17/09/1983,8.5
18/09/1983,16.5
19/09/1983,0.0
20/09/1983,0.0
21/09/1983,25.0
22/09/1983,26.0
23/09/1983,4.5
24/09/1983,17.0
25/09/1983,12.5
26/09/1983,14.0
27/09/1983,17.5
28/09/1983,36.0
29/09/1983,0.0
30/09/1983,1.0
01/10/1983,50.5
02/10/1983,0.5
03/10/1983,0.0
04/10/1983,0.0
05/10/1983,0.0
06/10/1983,0.0
07/10/1983,1.0
08/10/1983,67.7
09/10/1983,2.3
10/10/1983,0.0
11/10/1983,7.0
12/10/1983,0.0
13/10/1983,0.5
14/10/1983,2.5
15/10/1983,0.0
16/10/1983,28.0
17/10/1983,24.0
18/10/1983,0.0
19/10/1983,0.0
20/10/1983,1.0
21/10/1983,4.0
22/10/1983,15.0
23/10/1983,7.0
24/10/1983,0.0
25/10/1983,27.0
26/10/1983,18.0
27/10/1983,42.5
28/10/1983,0.0
29/10/1983,0.0
30/10/1983,0.0
31/10/1983,0.5
01/11/1983,0.0
02/11/1983,13.0
03/11/1983,0.5
04/11/1983,0.5
05/11/1983,17.5
06/11/1983,15.5
07/11/1983,1.0
03/01/1984,24.5
04/01/1984,10.5
05/01/1984,11.5
06/01/1984,10.5
07/01/1984,33.0
08/01/1984,32.5
09/01/1984,15.5
10/01/1984,11.5
11/01/1984,1.5
12/01/1984,12.5
13/01/1984,0.0
14/01/1984,5.0
15/01/1984,0.0
16/01/1984,0.0
17/01/1984,0.0
18/01/1984,0.0
19/01/1984,0.0
20/01/1984,0.0
21/01/1984,0.5
22/01/1984,0.0
23/01/1984,49.0
24/01/1984,51.5
25/01/1984,35.5
26/01/1984,8.0
27/01/1984,26.5
28/01/1984,52.5
29/01/1984,39.0
30/01/1984,101.0
31/01/1984,43.0
01/02/1984,27.0
02/02/1984,18.5
03/02/1984,26.0
04/02/1984,25.5
05/02/1984,1.0
06/02/1984,11.5
07/02/1984,38.5
08/02/1984,50.0
09/02/1984,56.2
10/02/1984,60.8
11/02/1984,5.5
12/02/1984,32.5
13/02/1984,0.5
14/02/1984,0.0
15/02/1984,54.5
16/02/1984,9.0
17/02/1984,0.0
18/02/1984,4.0
19/02/1984,57.0
20/02/1984,2.0
21/02/1984,0.0
22/02/1984,0.0
23/02/1984,0.0
24/02/1984,0.0
25/02/1984,0.0
26/02/1984,3.5
27/02/1984,83.6
28/02/1984,5.4
29/02/1984,12.0
01/03/1984,30.9
02/03/1984,14.6
03/03/1984,20.5
04/03/1984,6.5
05/03/1984,0.5
06/03/1984,0.0
07/03/1984,0.0
08/03/1984,0.0
09/03/1984,0.0
10/03/1984,0.0
11/03/1984,0.0
12/03/1984,0.0
13/03/1984,0.0
14/03/1984,0.0
15/03/1984,8.0
16/03/1984,0.0
17/03/1984,0.0
18/03/1984,6.5
19/03/1984,0.0
20/03/1984,4.0
21/03/1984,0.5
22/03/1984,0.0
23/03/1984,19.5
24/03/1984,62.1
25/03/1984,67.4
26/03/1984,16.0
27/03/1984,13.5
28/03/1984,3.0
29/03/1984,3.5
30/03/1984,19.5
31/03/1984,0.0
01/04/1984,0.0
02/04/1984,0.0
03/04/1984,0.0
04/04/1984,0.0
05/04/1984,0.0
06/04/1984,0.0
07/04/1984,0.0
08/04/1984,0.0
09/04/1984,13.5
10/04/1984,8.5
11/04/1984,1.5
12/04/1984,0.0
13/04/1984,0.0
14/04/1984,0.0
15/04/1984,0.0
16/04/1984,1.5
17/04/1984,7.0
18/04/1984,0.0
19/04/1984,0.0
20/04/1984,0.0
21/04/1984,19.5
22/04/1984,37.0
23/04/1984,1.0
24/04/1984,0.5
25/04/1984,0.0
26/04/1984,0.5
27/04/1984,0.0
28/04/1984,25.5
29/04/1984,0.0
30/04/1984,19.0
01/05/1984,22.0
02/05/1984,17.5
03/05/1984,0.0
04/05/1984,1.5
05/05/1984,4.0
06/05/1984,1.5
07/05/1984,2.5
08/05/1984,0.5
09/05/1984,4.5
10/05/1984,30.5
11/05/1984,11.0
12/05/1984,2.0
13/05/1984,12.5
14/05/1984,0.0
15/05/1984,11.0
16/05/1984,0.0
17/05/1984,37.0
18/05/1984,15.5
19/05/1984,9.5
20/05/1984,0.5
21/05/1984,0.0
22/05/1984,1.5
23/05/1984,2.5
24/05/1984,15.0
25/05/1984,2.5
26/05/1984,0.0
27/05/1984,0.0
28/05/1984,22.5
29/05/1984,3.0
30/05/1984,4.5
31/05/1984,0.0
01/06/1984,24.5
02/06/1984,1.5
03/06/1984,8.5
04/06/1984,4.0
05/06/1984,1.0
06/06/1984,0.5
07/06/1984,2.0
08/06/1984,0.0
09/06/1984,3.5
10/06/1984,0.0
11/06/1984,0.0
12/06/1984,3.5
13/06/1984,0.0
14/06/1984,2.0
15/06/1984,11.5
16/06/1984,81.5
17/06/1984,0.5
18/06/1984,3.5
19/06/1984,1.0
20/06/1984,0.0
21/06/1984,0.0
22/06/1984,0.0
23/06/1984,9.5
24/06/1984,0.0
25/06/1984,0.0
26/06/1984,0.0
27/06/1984,0.0
28/06/1984,22.5
29/06/1984,0.5
30/06/1984,0.5
01/07/1984,8.5
02/07/1984,0.5
03/07/1984,0.0
04/07/1984,0.0
05/07/1984,1.5
06/07/1984,0.0
07/07/1984,6.5
08/07/1984,20.0
09/07/1984,0.0
10/07/1984,4.5
11/07/1984,3.0
12/07/1984,11.5
13/07/1984,6.5
14/07/1984,0.5
15/07/1984,38.5
16/07/1984,0.5
17/07/1984,20.0
18/07/1984,28.5
19/07/1984,18.5
20/07/1984,9.5
21/07/1984,0.5
22/07/1984,1.5
23/07/1984,1.5
24/07/1984,1.0
25/07/1984,0.0
26/07/1984,7.5
27/07/1984,0.0
28/07/1984,0.0
29/07/1984,1.5
30/07/1984,0.0
31/07/1984,16.0
01/08/1984,26.5
02/08/1984,16.0
03/08/1984,0.0
04/08/1984,18.5
05/08/1984,0.5
06/08/1984,0.5
07/08/1984,48.4
08/08/1984,2.6
09/08/1984,20.0
10/08/1984,0.5
11/08/1984,1.5
12/08/1984,0.0
13/08/1984,0.0
14/08/1984,0.0
15/08/1984,0.0
16/08/1984,0.0
17/08/1984,0.5
18/08/1984,0.0
19/08/1984,8.5
20/08/1984,1.5
21/08/1984,18.5
22/08/1984,9.0
23/08/1984,0.5
24/08/1984,0.0
25/08/1984,3.5
26/08/1984,4.0
27/08/1984,1.0
28/08/1984,0.0
29/08/1984,0.0
30/08/1984,9.5
31/08/1984,0.0
01/09/1984,0.0
02/09/1984,0.0
03/09/1984,15.5
04/09/1984,9.5
05/09/1984,8.0
06/09/1984,0.5
07/09/1984,6.0
08/09/1984,3.5
09/09/1984,1.0
10/09/1984,11.5
11/09/1984,1.0
12/09/1984,0.5
13/09/1984,0.5
14/09/1984,0.0
15/09/1984,48.0
16/09/1984,0.5
17/09/1984,1.5
18/09/1984,3.0
19/09/1984,0.5
20/09/1984,33.0
21/09/1984,0.5
22/09/1984,31.5
23/09/1984,1.0
24/11/1984,51.1
25/11/1984,55.9
26/11/1984,1.0
27/11/1984,0.0
28/11/1984,5.5
29/11/1984,17.0
30/11/1984,4.5
01/12/1984,21.3
02/12/1984,60.8
03/12/1984,43.0
04/12/1984,5.9
05/12/1984,0.0
06/12/1984,26.1
07/12/1984,25.4
08/12/1984,10.0
09/12/1984,0.0
10/12/1984,1.0
11/12/1984,0.5
12/12/1984,0.5
13/12/1984,28.5
14/12/1984,3.0
06/01/1985,0.4
07/01/1985,0.1
08/01/1985,0.0
09/01/1985,3.0
10/01/1985,0.0
11/01/1985,0.5
12/01/1985,0.0
13/01/1985,0.0
14/01/1985,0.0
15/01/1985,0.0
16/01/1985,0.0
17/01/1985,0.0
18/01/1985,1.5
19/01/1985,24.5
20/01/1985,0.0
21/01/1985,0.0
22/01/1985,0.0
23/01/1985,41.0
24/01/1985,4.5
25/01/1985,1.0
26/01/1985,13.0
27/01/1985,26.0
28/01/1985,5.5
29/01/1985,17.5
30/01/1985,36.5
31/01/1985,12.5
01/02/1985,16.0
02/02/1985,28.5
03/02/1985,55.5
04/02/1985,6.0
05/02/1985,0.0
06/02/1985,0.0
07/02/1985,0.0
08/02/1985,0.0
09/02/1985,0.0
10/02/1985,0.0
11/02/1985,10.5
12/02/1985,2.0
13/02/1985,1.0
14/02/1985,5.5
15/02/1985,0.5
16/02/1985,22.5
17/02/1985,25.0
09/04/1985,6.0
10/04/1985,0.0
11/04/1985,11.5
12/04/1985,25.0
13/04/1985,6.0
14/04/1985,2.0
15/04/1985,0.0
16/04/1985,0.0
17/04/1985,10.0
18/04/1985,0.0
19/04/1985,2.0
20/04/1985,0.5
21/04/1985,57.0
22/04/1985,16.0
23/04/1985,11.0
24/04/1985,0.0
25/04/1985,4.0
26/04/1985,0.0
27/04/1985,22.5
28/04/1985,15.5
29/04/1985,0.0
30/04/1985,0.0
01/05/1985,72.5
02/05/1985,21.5
03/05/1985,0.5
04/05/1985,0.0
05/05/1985,0.0
06/05/1985,0.5
07/05/1985,0.0
08/05/1985,0.0
09/05/1985,2.0
10/05/1985,0.0
11/05/1985,7.0
12/05/1985,6.5
13/05/1985,22.5
14/05/1985,2.0
15/05/1985,36.0
16/05/1985,12.0
17/05/1985,21.5
18/05/1985,6.5
19/05/1985,0.5
20/05/1985,25.0
21/05/1985,30.0
22/05/1985,6.5
23/05/1985,0.5
24/05/1985,1.0
25/05/1985,0.0
26/05/1985,18.0
27/05/1985,0.5
28/05/1985,0.0
29/05/1985,0.0
30/05/1985,0.9
31/05/1985,0.1
01/06/1985,33.5
02/06/1985,1.0
03/06/1985,0.5
04/06/1985,41.5
05/06/1985,0.0
06/06/1985,0.5
07/06/1985,4.5
08/06/1985,0.0
09/06/1985,0.0
10/06/1985,0.0
11/06/1985,0.0
12/06/1985,0.0
13/06/1985,0.0
14/06/1985,0.0
15/06/1985,32.5
16/06/1985,0.0
17/06/1985,0.0
18/06/1985,0.0
19/06/1985,0.0
20/06/1985,0.0
21/06/1985,0.0
22/06/1985,0.0
23/06/1985,0.0
24/06/1985,0.0
25/06/1985,0.0
26/06/1985,0.0
27/06/1985,0.0
28/06/1985,0.0
29/06/1985,0.0
30/06/1985,0.0
01/07/1985,0.0
02/07/1985,0.0
03/07/1985,0.0
04/07/1985,0.0
05/07/1985,10.5
06/07/1985,0.0
07/07/1985,0.0
08/07/1985,49.5
09/07/1985,0.0
10/07/1985,22.0
11/07/1985,0.0
12/07/1985,1.5
13/07/1985,0.0
14/07/1985,5.5
15/07/1985,0.0
16/07/1985,15.5
17/07/1985,24.5
18/07/1985,0.0
19/07/1985,0.0
20/07/1985,3.0
21/07/1985,0.0
22/07/1985,7.0
23/07/1985,0.0
24/07/1985,0.0
25/07/1985,0.0
26/07/1985,0.0
27/07/1985,21.0
28/07/1985,0.0
29/07/1985,0.0
30/07/1985,0.0
31/07/1985,0.0
01/08/1985,12.5
02/08/1985,0.0
03/08/1985,0.0
04/08/1985,0.0
05/08/1985,0.0
06/08/1985,0.0
07/08/1985,0.0
08/08/1985,0.0
09/08/1985,6.5
10/08/1985,0.0
11/08/1985,0.0
12/08/1985,0.0
13/08/1985,7.0
14/08/1985,21.5
15/08/1985,3.0
16/08/1985,2.5
17/08/1985,0.5
18/08/1985,58.5
19/08/1985,1.0
20/08/1985,0.0
21/08/1985,0.0
22/08/1985,0.0
23/08/1985,0.0
24/08/1985,0.0
25/08/1985,35.9
26/08/1985,13.6
27/08/1985,15.0
28/08/1985,0.0
29/08/1985,36.0
30/08/1985,0.0
31/08/1985,18.5
01/09/1985,0.0
02/09/1985,5.0
03/09/1985,0.5
04/09/1985,16.5
05/09/1985,0.5
06/09/1985,0.0
07/09/1985,12.0
08/09/1985,4.8
09/09/1985,9.2
10/09/1985,38.5
11/09/1985,0.0
12/09/1985,21.9
13/09/1985,5.1
14/09/1985,31.0
15/09/1985,25.6
16/09/1985,2.4
17/09/1985,0.0
18/09/1985,0.0
19/09/1985,14.5
20/09/1985,19.5
21/09/1985,0.0
22/09/1985,0.0
23/09/1985,7.5
24/09/1985,4.5
25/09/1985,8.5
26/09/1985,0.0
27/09/1985,2.0
28/09/1985,32.0
29/09/1985,3.5
30/09/1985,0.5
01/10/1985,2.0
02/10/1985,31.0
03/10/1985,20.0
04/10/1985,0.0
05/10/1985,0.0
06/10/1985,1.5
07/10/1985,8.0
08/10/1985,2.0
09/10/1985,55.5
10/10/1985,41.5
11/10/1985,0.5
12/10/1985,0.0
13/10/1985,0.0
14/10/1985,25.0
15/10/1985,0.0
16/10/1985,16.0
17/10/1985,0.0
18/10/1985,6.5
19/10/1985,0.5
20/10/1985,1.0
21/10/1985,1.5
22/10/1985,14.5
23/10/1985,0.0
24/10/1985,43.0
25/10/1985,3.5
26/10/1985,12.0
27/10/1985,6.5
28/10/1985,7.5
29/10/1985,7.0
30/10/1985,1.5
31/10/1985,12.0
01/11/1985,4.0
02/11/1985,0.5
03/11/1985,0.0
04/11/1985,0.0
05/11/1985,0.0
06/11/1985,0.0
07/11/1985,0.0
08/11/1985,0.0
09/11/1985,0.0
10/11/1985,0.0
11/11/1985,36.5
12/11/1985,9.0
13/11/1985,0.0
14/11/1985,0.5
15/11/1985,35.0
16/11/1985,0.0
17/11/1985,29.0
18/11/1985,0.0
19/11/1985,17.5
20/11/1985,0.0
27/11/1985,9.0
28/11/1985,2.0
29/11/1985,31.5
30/11/1985,1.0
01/12/1985,144.0
02/12/1985,100.0
03/12/1985,79.0
04/12/1985,7.5
05/12/1985,0.0
06/12/1985,14.1
07/12/1985,67.9
08/12/1985,6.5
09/12/1985,0.0
10/12/1985,4.5
11/12/1985,0.0
12/12/1985,6.0
13/12/1985,31.0
14/12/1985,91.0
15/12/1985,5.4
16/12/1985,2.1
17/12/1985,0.0
18/12/1985,0.0
19/12/1985,0.0
20/12/1985,0.0
21/12/1985,9.0
22/12/1985,59.5
23/12/1985,44.0
24/12/1985,10.5
25/12/1985,5.5
26/12/1985,0.0
27/12/1985,7.0
28/12/1985,0.5
29/12/1985,0.0
30/12/1985,0.0
31/12/1985,0.0
01/01/1986,30.5
02/01/1986,56.0
03/01/1986,24.5
04/01/1986,7.5
05/01/1986,6.5
06/01/1986,3.0
07/01/1986,3.5
08/01/1986,31.0
09/01/1986,19.0
10/01/1986,12.0
11/01/1986,8.0
12/01/1986,1.5
13/01/1986,0.0
14/01/1986,0.0
15/01/1986,2.5
16/01/1986,0.5
17/01/1986,0.5
18/01/1986,0.5
19/01/1986,0.0
20/01/1986,0.0
21/01/1986,0.0
22/01/1986,0.0
23/01/1986,0.0
24/01/1986,0.0
25/01/1986,0.0
26/01/1986,0.0
27/01/1986,10.5
28/01/1986,1.0
29/01/1986,0.0
30/01/1986,0.0
31/01/1986,0.0
01/02/1986,0.0
02/02/1986,0.0
03/02/1986,0.0
04/02/1986,0.0
05/02/1986,0.0
06/02/1986,0.0
07/02/1986,0.0
08/02/1986,0.0
09/02/1986,0.0
10/02/1986,0.0
11/02/1986,2.5
12/02/1986,0.5
13/02/1986,0.0
14/02/1986,0.0
15/02/1986,0.0
16/02/1986,0.0
17/02/1986,0.0
18/02/1986,0.0
19/02/1986,0.0
20/02/1986,0.0
21/02/1986,0.0
22/02/1986,0.0
23/02/1986,0.0
24/02/1986,0.0
25/02/1986,0.0
26/02/1986,0.0
27/02/1986,0.0
28/02/1986,0.0
01/03/1986,5.5
01/04/1986,15.0
02/04/1986,0.0
03/04/1986,0.0
04/04/1986,0.0
05/04/1986,0.0
06/04/1986,0.0
07/04/1986,0.0
08/04/1986,0.0
09/04/1986,0.0
10/04/1986,0.0
11/04/1986,0.0
12/04/1986,0.0
13/04/1986,0.0
14/04/1986,3.5
15/04/1986,0.5
16/04/1986,1.0
17/04/1986,12.5
18/04/1986,0.0
19/04/1986,9.5
20/04/1986,1.0
21/04/1986,43.0
22/04/1986,0.0
23/04/1986,0.0
24/04/1986,0.0
25/04/1986,0.0
26/04/1986,0.0
27/04/1986,23.0
28/04/1986,12.0
29/04/1986,7.0
30/04/1986,0.0
01/05/1986,0.0
02/05/1986,0.0
03/05/1986,0.0
04/05/1986,0.0
05/05/1986,0.0
06/05/1986,0.0
07/05/1986,0.0
08/05/1986,0.0
09/05/1986,0.0
10/05/1986,0.0
11/05/1986,0.0
12/05/1986,0.0
13/05/1986,0.0
14/05/1986,0.0
15/05/1986,44.0
16/05/1986,0.0
17/05/1986,46.5
18/05/1986,1.0
19/05/1986,0.0
20/05/1986,0.0
21/05/1986,0.0
22/05/1986,0.0
23/05/1986,1.5
24/05/1986,0.0
25/05/1986,41.0
26/05/1986,1.0
27/05/1986,0.0
28/05/1986,0.0
29/05/1986,45.0
30/05/1986,0.0
31/05/1986,0.0
01/06/1986,0.0
02/06/1986,0.0
03/06/1986,0.0
04/06/1986,3.5
05/06/1986,2.5
06/06/1986,0.5
07/06/1986,0.0
08/06/1986,28.5
09/06/1986,1.5
10/06/1986,0.0
11/06/1986,0.5
12/06/1986,36.0
13/06/1986,44.0
14/06/1986,0.5
15/06/1986,0.0
16/06/1986,5.0
17/06/1986,7.0
18/06/1986,18.0
19/06/1986,0.0
20/06/1986,0.0
21/06/1986,0.0
22/06/1986,0.0
23/06/1986,0.0
24/06/1986,0.0
25/06/1986,0.0
26/06/1986,0.0
27/06/1986,53.0
28/06/1986,1.0
29/06/1986,0.0
30/06/1986,53.0
01/07/1986,0.0
02/07/1986,2.0
03/07/1986,0.0
04/07/1986,0.0
05/07/1986,2.3
06/07/1986,1.2
07/07/1986,0.0
08/07/1986,7.0
09/07/1986,0.0
10/07/1986,0.0
11/07/1986,13.5
12/07/1986,0.5
13/07/1986,5.0
14/07/1986,0.5
15/07/1986,2.5
16/07/1986,0.0
17/07/1986,0.0
18/07/1986,0.0
19/07/1986,0.0
20/07/1986,0.0
21/07/1986,0.0
22/07/1986,0.0
23/07/1986,0.0
24/07/1986,0.0
25/07/1986,0.0
26/07/1986,0.0
27/07/1986,0.0
28/07/1986,0.0
29/07/1986,0.0
30/07/1986,0.0
31/07/1986,0.0
01/08/1986,0.0
02/08/1986,0.0
03/08/1986,0.0
04/08/1986,0.0
05/08/1986,0.0
06/08/1986,0.5
07/08/1986,0.0
08/08/1986,0.0
09/08/1986,11.5
10/08/1986,0.0
11/08/1986,1.5
12/08/1986,0.0
13/08/1986,0.0
14/08/1986,8.5
15/08/1986,27.5
16/08/1986,6.0
17/08/1986,0.0
18/08/1986,10.5
19/08/1986,0.0
20/08/1986,0.0
21/08/1986,0.5
22/08/1986,0.0
23/08/1986,0.0
24/08/1986,0.0
25/08/1986,3.5
26/08/1986,0.0
27/08/1986,0.0
28/08/1986,4.0
29/08/1986,0.0
30/08/1986,0.5
31/08/1986,0.5
01/09/1986,0.0
02/09/1986,0.0
03/09/1986,0.0
04/09/1986,0.0
05/09/1986,12.5
06/09/1986,17.3
07/09/1986,18.7
08/09/1986,35.0
09/09/1986,14.5
10/09/1986,6.5
11/09/1986,18.5
12/09/1986,0.5
13/09/1986,3.0
14/09/1986,55.0
15/09/1986,15.0
16/09/1986,2.0
17/09/1986,5.0
18/09/1986,13.2
19/09/1986,0.8
20/09/1986,2.0
21/09/1986,8.0
22/09/1986,0.0
23/09/1986,2.0
24/09/1986,24.5
25/09/1986,0.5
26/09/1986,29.0
27/09/1986,35.0
28/09/1986,0.5
29/09/1986,4.5
30/09/1986,13.0
01/10/1986,0.5
02/10/1986,1.0
03/10/1986,8.5
04/10/1986,3.0
05/10/1986,22.0
06/10/1986,20.0
07/10/1986,1.0
08/10/1986,78.2
09/10/1986,145.8
10/10/1986,7.0
11/10/1986,14.0
12/10/1986,0.0
13/10/1986,0.0
14/10/1986,1.0
15/10/1986,18.0
16/10/1986,12.0
17/10/1986,0.0
18/10/1986,0.5
19/10/1986,3.0
20/10/1986,21.0
21/10/1986,0.0
22/10/1986,0.0
23/10/1986,1.5
24/10/1986,0.0
25/10/1986,14.0
26/10/1986,0.5
27/10/1986,35.0
28/10/1986,2.5
29/10/1986,0.0
30/10/1986,7.0
31/10/1986,12.5
01/11/1986,10.0
02/11/1986,28.5
03/11/1986,2.0
04/11/1986,1.5
05/11/1986,3.0
06/11/1986,2.0
07/11/1986,5.5
08/11/1986,15.5
09/11/1986,11.5
10/11/1986,0.0
11/11/1986,0.0
12/11/1986,27.5
13/11/1986,28.5
14/11/1986,2.0
15/11/1986,8.0
16/11/1986,5.5
17/11/1986,5.0
18/11/1986,2.5
19/11/1986,3.0
20/11/1986,11.5
21/11/1986,17.5
22/11/1986,43.0
23/11/1986,2.5
24/11/1986,0.0
25/11/1986,20.3
26/11/1986,152.7
27/11/1986,222.5
28/11/1986,115.5
29/11/1986,123.5
30/11/1986,427.1
01/12/1986,253.4
02/12/1986,22.5
03/12/1986,44.5
04/12/1986,6.0
05/12/1986,0.0
06/12/1986,14.9
07/12/1986,36.1
08/12/1986,23.5
09/12/1986,15.0
10/12/1986,33.0
11/12/1986,16.5
12/12/1986,1.0
13/12/1986,0.0
14/12/1986,0.0
15/12/1986,0.0
16/12/1986,32.5
17/12/1986,52.0
18/12/1986,10.5
19/12/1986,88.0
20/12/1986,1.5
21/12/1986,10.0
22/12/1986,2.5
23/12/1986,0.5
24/12/1986,0.0
25/12/1986,0.0
26/12/1986,0.0
27/12/1986,13.5
28/12/1986,6.0
29/12/1986,51.5
30/12/1986,7.0
31/12/1986,0.0
01/01/1987,0.0
02/01/1987,0.0
03/01/1987,0.0
04/01/1987,0.0
05/01/1987,4.0
06/01/1987,13.0
07/01/1987,17.0
08/01/1987,43.0
09/01/1987,59.5
10/01/1987,24.0
11/01/1987,17.5
12/01/1987,2.5
13/01/1987,9.0
14/01/1987,1.0
15/01/1987,0.0
16/01/1987,29.5
17/01/1987,1.0
18/01/1987,0.0
19/01/1987,0.0
20/01/1987,3.0
21/01/1987,26.5
22/01/1987,0.0
23/01/1987,0.0
24/01/1987,4.0
25/01/1987,22.5
26/01/1987,3.5
27/01/1987,24.9
28/01/1987,24.6
29/01/1987,7.5
02/03/1987,32.0
03/03/1987,49.5
04/03/1987,1.0
05/03/1987,21.5
06/03/1987,12.0
07/03/1987,0.0
08/03/1987,0.0
09/03/1987,0.0
10/03/1987,0.0
17/03/1987,0.5
18/03/1987,25.0
19/03/1987,12.5
20/03/1987,14.0
21/03/1987,0.0
22/03/1987,2.5
23/03/1987,0.0
24/03/1987,0.0
25/03/1987,0.0
26/03/1987,0.0
27/03/1987,0.0
28/03/1987,2.5
29/03/1987,0.0
30/03/1987,6.0
31/03/1987,11.0
01/04/1987,0.5
02/04/1987,0.0
03/04/1987,0.0
04/04/1987,0.0
05/04/1987,0.0
06/04/1987,0.0
07/04/1987,4.5
08/04/1987,17.0
09/04/1987,0.5
10/04/1987,2.5
11/04/1987,1.0
12/04/1987,0.0
13/04/1987,0.0
14/04/1987,0.0
15/04/1987,0.0
22/04/1987,49.0
23/04/1987,0.0
24/04/1987,0.0
28/04/1987,33.0
29/04/1987,0.5
30/04/1987,0.0
01/05/1987,9.0
02/05/1987,0.0
03/05/1987,39.0
04/05/1987,1.0
05/05/1987,0.0
06/05/1987,3.0
07/05/1987,13.0
08/05/1987,0.5
09/05/1987,0.0
10/05/1987,0.0
11/05/1987,0.5
12/05/1987,18.0
13/05/1987,1.5
09/08/1987,5.0
10/08/1987,17.5
11/08/1987,8.5
12/08/1987,58.5
13/08/1987,37.5
14/08/1987,22.5
15/08/1987,44.5
16/08/1987,27.5
17/08/1987,0.0
18/08/1987,0.5
19/08/1987,0.0
20/08/1987,0.0
21/08/1987,0.0
22/08/1987,1.0
23/08/1987,0.0
24/08/1987,2.0
25/08/1987,0.0
26/08/1987,0.0
27/08/1987,0.3
28/08/1987,15.7
29/08/1987,0.5
30/08/1987,0.0
31/08/1987,10.5
01/09/1987,1.0
02/09/1987,0.0
03/09/1987,1.5
04/09/1987,10.0
05/09/1987,4.5
06/09/1987,12.0
07/09/1987,34.8
08/09/1987,7.2
09/09/1987,39.5
10/09/1987,0.0
11/09/1987,64.5
12/09/1987,3.5
13/09/1987,40.5
14/09/1987,46.0
15/09/1987,68.0
16/09/1987,2.0
17/09/1987,6.5
18/09/1987,0.0
19/09/1987,0.0
20/09/1987,0.0
21/09/1987,1.0
22/09/1987,7.0
23/09/1987,6.0
24/09/1987,22.0
25/09/1987,10.5
26/09/1987,13.5
27/09/1987,45.5
28/09/1987,0.5
29/09/1987,4.5
30/09/1987,2.0
01/10/1987,0.0
02/10/1987,0.0
03/10/1987,3.0
04/10/1987,0.0
05/10/1987,21.5
06/10/1987,1.0
07/10/1987,3.0
08/10/1987,1.5
09/10/1987,27.0
10/10/1987,56.5
11/10/1987,2.5
12/10/1987,0.5
13/10/1987,0.0
14/10/1987,0.0
15/10/1987,0.0
16/10/1987,0.0
17/10/1987,0.0
18/10/1987,6.5
19/10/1987,0.5
20/10/1987,14.0
21/10/1987,0.0
22/10/1987,1.0
23/10/1987,0.0
24/10/1987,33.5
25/10/1987,0.0
26/10/1987,7.5
27/10/1987,2.5
28/10/1987,6.5
29/10/1987,0.0
30/10/1987,3.0
31/10/1987,0.0
01/11/1987,0.0
02/11/1987,0.0
03/11/1987,5.0
04/11/1987,15.0
05/11/1987,3.0
06/11/1987,6.5
07/11/1987,0.0
08/11/1987,0.0
09/11/1987,1.5
10/11/1987,19.5
11/11/1987,0.0
12/11/1987,0.0
13/11/1987,37.5
14/11/1987,0.5
15/11/1987,0.5
16/11/1987,0.0
17/11/1987,0.0
18/11/1987,0.0
19/11/1987,0.0
20/11/1987,31.5
21/11/1987,10.0
22/11/1987,2.5
23/11/1987,5.0
24/11/1987,12.0
25/11/1987,9.0
26/11/1987,3.5
27/11/1987,0.0
28/11/1987,7.0
29/11/1987,2.0
30/11/1987,5.5
01/12/1987,91.5
02/12/1987,133.7
03/12/1987,254.8
04/12/1987,12.5
05/12/1987,5.5
06/12/1987,252.5
07/12/1987,51.5
08/12/1987,37.0
09/12/1987,27.5
10/12/1987,62.0
11/12/1987,95.0
12/12/1987,41.5
13/12/1987,90.5
14/12/1987,22.5
15/12/1987,1.5
16/12/1987,1.5
17/12/1987,8.0
18/12/1987,0.5
19/12/1987,0.0
20/12/1987,0.0
21/12/1987,0.0
22/12/1987,0.0
23/12/1987,0.0
24/12/1987,0.0
25/12/1987,2.5
26/12/1987,45.2
27/12/1987,40.8
28/12/1987,50.0
29/12/1987,9.5
30/12/1987,1.0
31/12/1987,0.0
01/01/1988,1.5
02/01/1988,0.5
03/01/1988,10.4
04/01/1988,21.1
05/01/1988,1.0
06/01/1988,3.0
07/01/1988,0.0
08/01/1988,0.0
09/01/1988,22.0
10/01/1988,19.5
11/01/1988,9.5
12/01/1988,13.5
13/01/1988,10.0
14/01/1988,18.0
15/01/1988,7.0
16/01/1988,5.0
17/01/1988,1.0
18/01/1988,0.0
19/01/1988,0.0
20/01/1988,0.0
21/01/1988,0.0
22/01/1988,0.0
23/01/1988,0.0
24/01/1988,2.0
25/01/1988,8.0
26/01/1988,9.4
27/01/1988,48.6
28/01/1988,7.0
29/01/1988,0.5
30/01/1988,2.0
31/01/1988,0.5
01/02/1988,2.0
02/02/1988,0.0
03/02/1988,4.5
04/02/1988,0.0
05/02/1988,0.0
06/02/1988,3.0
07/02/1988,20.0
08/02/1988,0.0
09/02/1988,0.0
10/02/1988,0.0
11/02/1988,0.0
12/02/1988,0.0
13/02/1988,0.0
14/02/1988,0.0
15/02/1988,1.5
16/02/1988,14.5
17/02/1988,0.5
18/02/1988,8.0
19/02/1988,5.0
20/02/1988,18.0
21/02/1988,62.0
22/02/1988,0.5
23/02/1988,0.0
24/02/1988,2.0
25/02/1988,1.0
26/02/1988,0.0
27/02/1988,0.5
28/02/1988,1.5
29/02/1988,0.0
01/03/1988,0.0
02/03/1988,0.0
03/03/1988,0.5
04/03/1988,12.0
05/03/1988,8.5
06/03/1988,113.5
07/03/1988,40.5
08/03/1988,43.0
09/03/1988,8.5
10/03/1988,0.0
11/03/1988,0.0
12/03/1988,0.0
13/03/1988,0.0
14/03/1988,0.0
15/03/1988,0.0
16/03/1988,0.0
17/03/1988,0.0
18/03/1988,0.0
19/03/1988,0.0
20/06/1988,27.5
21/06/1988,0.0
22/06/1988,7.5
23/06/1988,0.0
24/06/1988,15.5
25/06/1988,0.5
26/06/1988,0.0
27/06/1988,0.0
28/06/1988,6.5
29/06/1988,19.5
30/06/1988,0.0
04/07/1988,7.0
10/07/1988,1.5
11/07/1988,0.0
12/07/1988,8.5
13/07/1988,7.5
14/07/1988,0.5
15/07/1988,0.0
16/07/1988,0.0
17/07/1988,0.0
18/07/1988,0.0
19/07/1988,0.0
27/07/1988,15.5
28/07/1988,9.5
29/07/1988,0.5
30/07/1988,0.0
31/07/1988,0.0
01/08/1988,0.0
02/08/1988,0.5
03/08/1988,16.0
04/08/1988,2.0
05/08/1988,0.5
06/08/1988,0.5
11/08/1988,2.5
12/08/1988,1.0
13/08/1988,0.5
14/08/1988,0.0
15/08/1988,0.0
16/08/1988,6.5
17/08/1988,0.0
18/08/1988,9.5
19/08/1988,30.5
20/08/1988,0.0
21/08/1988,27.5
22/08/1988,8.0
23/08/1988,0.0
24/08/1988,5.5
25/08/1988,5.0
26/08/1988,31.5
27/08/1988,0.0
28/08/1988,37.0
29/08/1988,1.5
30/08/1988,3.5
31/08/1988,0.0
01/09/1988,0.0
02/09/1988,10.0
03/09/1988,1.5
04/09/1988,0.5
05/09/1988,0.0
06/09/1988,35.4
07/09/1988,1.1
08/09/1988,12.0
09/09/1988,0.0
10/09/1988,0.0
11/09/1988,0.0
12/09/1988,3.5
13/09/1988,38.5
14/09/1988,0.0
15/09/1988,4.5
16/09/1988,0.0
17/09/1988,20.5
18/09/1988,0.5
19/09/1988,4.0
20/09/1988,8.2
21/09/1988,21.3
22/09/1988,3.0
23/09/1988,0.5
24/09/1988,3.5
25/09/1988,0.5
26/09/1988,0.0
27/09/1988,8.5
28/09/1988,0.0
29/09/1988,17.0
30/09/1988,29.5
01/10/1988,0.5
02/10/1988,1.5
03/10/1988,1.5
04/10/1988,0.0
05/10/1988,0.0
06/10/1988,7.5
07/10/1988,0.0
08/10/1988,16.0
09/10/1988,0.0
10/10/1988,0.0
11/10/1988,0.0
12/10/1988,0.0
13/10/1988,34.5
14/10/1988,13.0
15/10/1988,0.0
16/10/1988,0.0
17/10/1988,19.3
18/10/1988,6.7
19/10/1988,2.0
20/10/1988,0.5
21/10/1988,0.0
22/10/1988,0.0
23/10/1988,0.0
24/10/1988,0.0
25/10/1988,3.5
26/10/1988,15.5
27/10/1988,0.0
28/10/1988,1.0
29/10/1988,4.0
30/10/1988,7.5
31/10/1988,5.5
01/11/1988,4.5
02/11/1988,10.5
03/11/1988,26.0
04/11/1988,97.6
05/11/1988,51.9
06/11/1988,8.5
07/11/1988,0.5
08/11/1988,0.0
09/11/1988,0.5
10/11/1988,13.2
11/11/1988,16.3
12/11/1988,8.5
13/11/1988,3.5
14/11/1988,1.0
15/11/1988,25.3
16/11/1988,13.7
17/11/1988,28.0
18/11/1988,52.5
19/11/1988,284.5
20/11/1988,224.5
21/11/1988,43.0
22/11/1988,5.5
23/11/1988,0.0
24/11/1988,14.5
25/11/1988,0.5
26/11/1988,0.0
27/11/1988,1.0
28/11/1988,24.0
29/11/1988,61.5
30/11/1988,227.0
01/12/1988,312.0
02/12/1988,153.0
03/12/1988,58.0
04/12/1988,0.0
05/12/1988,56.0
06/12/1988,1.0
07/12/1988,1.5
08/12/1988,0.0
09/12/1988,0.0
10/12/1988,4.0
11/12/1988,3.0
12/12/1988,0.0
13/12/1988,6.0
14/12/1988,10.5
15/12/1988,4.0
16/12/1988,2.0
17/12/1988,11.0
18/12/1988,3.0
19/12/1988,77.5
20/12/1988,24.5
21/12/1988,0.5
22/12/1988,49.0
23/12/1988,9.5
24/12/1988,1.5
25/12/1988,0.0
26/12/1988,8.0
27/12/1988,0.5
28/12/1988,7.5
29/12/1988,0.0
30/12/1988,0.0
31/12/1988,25.5
01/01/1989,25.5
02/01/1989,27.0
03/01/1989,18.0
04/01/1989,12.0
05/01/1989,18.0
06/01/1989,22.5
07/01/1989,5.0
08/01/1989,2.0
09/01/1989,0.0
10/01/1989,10.8
11/01/1989,50.2
12/01/1989,8.5
13/01/1989,27.5
14/01/1989,46.0
15/01/1989,15.5
16/01/1989,26.0
17/01/1989,24.4
18/01/1989,13.1
19/01/1989,1.0
20/01/1989,0.0
21/01/1989,0.0
22/01/1989,9.5
23/01/1989,77.0
24/01/1989,0.0
25/01/1989,0.0
26/01/1989,0.0
27/01/1989,0.0
28/01/1989,0.0
29/01/1989,0.0
30/01/1989,14.4
31/01/1989,26.6
01/02/1989,0.5
02/02/1989,0.0
03/02/1989,0.0
04/02/1989,0.0
05/02/1989,0.0
06/02/1989,0.0
07/02/1989,0.0
08/02/1989,0.0
09/02/1989,0.0
10/02/1989,0.0
11/02/1989,0.0
12/02/1989,0.0
13/02/1989,0.0
14/02/1989,0.0
15/02/1989,0.0
16/02/1989,0.0
17/02/1989,0.0
18/02/1989,0.0
19/02/1989,0.0
20/02/1989,0.0
21/02/1989,0.0
22/02/1989,1.5
23/02/1989,32.5
24/02/1989,0.5
25/02/1989,0.0
26/02/1989,0.0
27/02/1989,0.0
28/02/1989,0.0
01/03/1989,0.0
02/03/1989,0.0
03/03/1989,0.0
04/03/1989,0.0
05/03/1989,2.0
06/03/1989,41.0
07/03/1989,0.5
08/03/1989,0.3
09/03/1989,2.2
10/03/1989,2.0
11/03/1989,0.0
12/03/1989,0.0
13/03/1989,0.0
14/03/1989,0.0
15/03/1989,0.0
16/03/1989,0.5
17/03/1989,12.0
18/03/1989,3.5
19/03/1989,0.5
20/03/1989,11.5
21/03/1989,32.5
22/03/1989,10.0
23/03/1989,0.0
24/03/1989,0.0
25/03/1989,0.0
26/03/1989,0.0
27/03/1989,0.0
28/03/1989,7.0
29/03/1989,1.5
30/03/1989,29.0
31/03/1989,0.5
01/04/1989,37.0
02/04/1989,0.0
10/04/1989,17.0
11/04/1989,0.0
12/04/1989,3.0
13/04/1989,1.0
14/04/1989,0.0
15/04/1989,0.0
16/04/1989,2.5
17/04/1989,0.0
18/04/1989,0.0
19/04/1989,0.0
20/04/1989,0.0
21/04/1989,7.0
22/04/1989,1.0
23/04/1989,0.5
24/04/1989,33.5
25/04/1989,0.0
26/04/1989,19.0
27/04/1989,0.0
28/04/1989,3.0
29/04/1989,0.0
30/04/1989,0.0
01/05/1989,40.0
02/05/1989,0.5
03/05/1989,26.0
04/05/1989,1.5
05/05/1989,18.0
06/05/1989,0.5
07/05/1989,0.5
08/05/1989,0.5
09/05/1989,0.0
10/05/1989,0.0
11/05/1989,10.5
12/05/1989,32.5
13/05/1989,59.5
14/05/1989,11.0
15/05/1989,0.0
16/05/1989,3.0
17/05/1989,0.5
18/05/1989,30.0
19/05/1989,0.5
20/05/1989,2.5
21/05/1989,13.0
22/05/1989,3.5
23/05/1989,37.0
24/05/1989,6.5
25/05/1989,0.0
26/05/1989,0.0
27/05/1989,0.0
28/05/1989,0.0
29/05/1989,0.0
30/05/1989,3.0
31/05/1989,4.5
01/06/1989,0.0
02/06/1989,21.0
03/06/1989,0.0
04/06/1989,0.0
05/06/1989,0.0
06/06/1989,40.0
07/06/1989,0.0
08/06/1989,0.0
09/06/1989,0.0
14/06/1989,1.0
15/06/1989,11.5
16/06/1989,0.5
17/06/1989,0.0
18/06/1989,5.5
19/06/1989,7.0
20/06/1989,16.5
21/06/1989,0.0
22/06/1989,0.0
23/06/1989,18.5
24/06/1989,10.0
25/06/1989,29.5
26/06/1989,15.5
27/06/1989,64.5
28/06/1989,21.0
29/06/1989,38.5
30/06/1989,24.0
01/07/1989,0.5
02/07/1989,0.0
03/07/1989,15.5
04/07/1989,9.5
05/07/1989,0.5
06/07/1989,0.0
25/07/1989,0.4
26/07/1989,12.6
27/07/1989,0.0
28/07/1989,0.0
29/07/1989,4.0
30/07/1989,0.5
31/07/1989,0.0
01/08/1989,0.0
02/08/1989,0.0
03/08/1989,0.0
04/08/1989,1.5
05/08/1989,1.0
06/08/1989,0.0
07/08/1989,0.0
08/08/1989,1.0
09/08/1989,1.0
10/08/1989,10.5
11/08/1989,0.5
12/08/1989,0.0
13/08/1989,0.0
14/08/1989,0.0
15/08/1989,0.0
16/08/1989,0.0
17/08/1989,15.0
18/08/1989,17.5
19/08/1989,1.5
20/08/1989,5.5
21/08/1989,9.5
22/08/1989,11.0
23/08/1989,0.0
24/08/1989,4.5
25/08/1989,1.0
26/08/1989,0.0
27/08/1989,1.0
28/08/1989,14.5
29/08/1989,32.5
30/08/1989,0.0
31/08/1989,0.0
01/09/1989,24.0
02/09/1989,1.0
03/09/1989,1.0
04/09/1989,26.0
05/09/1989,5.3
06/09/1989,5.2
07/09/1989,0.0
08/09/1989,0.0
09/09/1989,2.5
10/09/1989,1.0
11/09/1989,11.0
12/09/1989,0.5
13/09/1989,3.0
14/09/1989,0.0
15/09/1989,3.5
16/09/1989,12.5
17/09/1989,2.0
18/09/1989,0.0
19/09/1989,0.0
20/09/1989,2.0
21/09/1989,0.0
22/09/1989,1.5
23/09/1989,23.0
24/09/1989,1.5
25/09/1989,18.5
26/09/1989,1.5
27/09/1989,10.5
28/09/1989,3.0
29/09/1989,5.0
30/09/1989,1.5
01/10/1989,5.0
02/10/1989,7.5
03/10/1989,0.0
04/10/1989,14.0
05/10/1989,4.5
06/10/1989,2.5
07/10/1989,1.0
08/10/1989,7.0
09/10/1989,0.0
10/10/1989,13.0
11/10/1989,8.0
12/10/1989,10.0
13/10/1989,16.3
14/10/1989,6.2
15/10/1989,20.0
16/10/1989,16.5
17/10/1989,1.5
18/10/1989,0.0
19/10/1989,88.0
20/10/1989,11.0
21/10/1989,1.0
22/10/1989,0.0
23/10/1989,13.5
24/10/1989,0.0
25/10/1989,0.0
26/10/1989,16.0
27/10/1989,6.5
28/10/1989,14.0
29/10/1989,20.5
30/10/1989,1.0
31/10/1989,3.0
01/11/1989,9.5
02/11/1989,0.5
03/11/1989,0.0
04/11/1989,3.0
05/11/1989,26.0
06/11/1989,0.5
13/11/1989,0.4
14/11/1989,12.6
15/11/1989,15.5
16/11/1989,3.0
17/11/1989,33.5
18/11/1989,52.0
19/11/1989,0.5
20/11/1989,4.5
21/11/1989,12.5
22/11/1989,8.0
23/11/1989,0.0
24/11/1989,0.0
25/11/1989,2.0
26/11/1989,0.5
27/11/1989,0.4
28/11/1989,3.6
29/11/1989,56.0
30/11/1989,28.0
01/12/1989,22.5
02/12/1989,6.0
03/12/1989,6.5
04/12/1989,0.5
05/12/1989,0.0
06/12/1989,0.0
07/12/1989,0.0
08/12/1989,0.5
09/12/1989,5.0
10/12/1989,0.0
11/12/1989,0.0
12/12/1989,61.0
13/12/1989,0.5
14/12/1989,11.5
15/12/1989,0.0
16/12/1989,0.5
17/12/1989,0.0
18/12/1989,2.0
19/12/1989,0.0
20/12/1989,0.0
21/12/1989,0.5
22/12/1989,3.0
23/12/1989,0.0
24/12/1989,26.0
25/12/1989,4.5
26/12/1989,0.0
27/12/1989,0.0
28/12/1989,0.0
29/12/1989,0.0
30/12/1989,0.0
31/12/1989,0.0
01/01/1990,0.0
02/01/1990,0.0
03/01/1990,0.0
04/01/1990,0.0
05/01/1990,0.0
06/01/1990,0.0
07/01/1990,0.0
08/01/1990,82.0
09/01/1990,0.5
10/01/1990,0.0
11/01/1990,0.0
12/01/1990,0.0
13/01/1990,0.0
14/01/1990,0.0
15/01/1990,0.0
16/01/1990,0.0
17/01/1990,0.0
18/01/1990,0.0
19/01/1990,0.0
20/01/1990,0.0
21/01/1990,0.0
22/01/1990,0.5
23/01/1990,0.0
24/01/1990,0.5
25/01/1990,0.0
26/01/1990,0.0
27/01/1990,0.0
28/01/1990,0.0
29/01/1990,0.0
30/01/1990,0.0
31/01/1990,3.0
01/02/1990,0.0
02/02/1990,4.5
03/02/1990,20.5
04/02/1990,15.0
05/02/1990,3.0
06/02/1990,8.5
07/02/1990,6.0
08/02/1990,0.5
09/02/1990,2.0
10/02/1990,9.5
11/02/1990,3.0
12/02/1990,9.5
13/02/1990,0.0
14/02/1990,0.0
15/02/1990,0.0
16/02/1990,0.0
17/02/1990,0.0
18/02/1990,0.0
19/02/1990,0.0
20/02/1990,0.0
21/02/1990,0.0
22/02/1990,0.0
23/02/1990,0.0
24/02/1990,0.0
25/02/1990,0.0
26/02/1990,0.0
27/02/1990,0.0
28/02/1990,0.0
01/03/1990,0.0
02/03/1990,0.0
03/03/1990,0.0
04/03/1990,0.0
05/03/1990,0.0
06/03/1990,0.0
07/03/1990,0.0
08/03/1990,0.0
09/03/1990,0.0
10/03/1990,0.0
11/03/1990,0.0
12/03/1990,0.0
13/03/1990,0.0
14/03/1990,0.0
15/03/1990,0.0
16/03/1990,1.0
17/03/1990,0.5
18/03/1990,9.5
19/03/1990,12.0
20/03/1990,0.0
21/03/1990,0.0
22/03/1990,0.0
23/03/1990,11.0
24/03/1990,0.0
25/03/1990,0.0
26/03/1990,0.0
27/03/1990,0.0
28/03/1990,0.0
29/03/1990,0.0
30/03/1990,0.0
31/03/1990,0.0
01/04/1990,4.0
02/04/1990,0.0
03/04/1990,0.0
04/04/1990,0.0
05/04/1990,1.0
06/04/1990,63.5
07/04/1990,21.5
08/04/1990,0.0
09/04/1990,13.0
10/04/1990,0.5
11/04/1990,18.0
12/04/1990,1.5
13/04/1990,0.5
14/04/1990,3.0
15/04/1990,0.0
16/04/1990,0.0
17/04/1990,17.5
18/04/1990,0.5
19/04/1990,0.0
20/04/1990,16.0
21/04/1990,0.0
22/04/1990,0.0
23/04/1990,0.0
24/04/1990,6.0
25/04/1990,4.5
26/04/1990,0.0
27/04/1990,0.5
28/04/1990,0.0
29/04/1990,3.0
30/04/1990,3.0
01/05/1990,10.0
02/05/1990,9.0
03/05/1990,0.5
04/05/1990,0.0
05/05/1990,0.0
06/05/1990,0.5
07/05/1990,0.0
08/05/1990,3.0
09/05/1990,0.0
10/05/1990,0.0
11/05/1990,2.5
12/05/1990,0.0
13/05/1990,0.0
14/05/1990,0.0
15/05/1990,0.0
16/05/1990,18.5
17/05/1990,5.6
18/05/1990,6.9
19/05/1990,27.0
20/05/1990,1.5
21/05/1990,0.0
22/05/1990,0.0
23/05/1990,0.0
24/05/1990,0.0
25/05/1990,0.0
26/05/1990,7.5
27/05/1990,0.0
28/05/1990,0.0
29/05/1990,0.0
30/05/1990,0.5
31/05/1990,6.0
01/06/1990,2.5
02/06/1990,0.0
03/06/1990,3.5
04/06/1990,0.0
05/06/1990,0.0
06/06/1990,25.5
07/06/1990,0.5
08/06/1990,0.0
09/06/1990,0.0
10/06/1990,0.0
11/06/1990,0.0
12/06/1990,0.0
13/06/1990,0.0
14/06/1990,0.0
15/06/1990,1.0
16/06/1990,0.0
17/06/1990,2.0
18/06/1990,1.3
19/06/1990,5.7
20/06/1990,15.0
21/06/1990,0.0
22/06/1990,0.0
23/06/1990,0.0
24/06/1990,1.5
25/06/1990,2.5
26/06/1990,48.0
27/06/1990,0.5
28/06/1990,0.0
29/06/1990,0.0
30/06/1990,0.0
01/07/1990,0.0
02/07/1990,7.0
03/07/1990,13.0
04/07/1990,0.0
05/07/1990,22.0
06/07/1990,0.0
07/07/1990,1.5
08/07/1990,0.0
09/07/1990,0.0
10/07/1990,0.0
11/07/1990,2.0
12/07/1990,0.0
13/07/1990,25.5
14/07/1990,36.0
15/07/1990,1.6
16/07/1990,1.9
17/07/1990,0.0
18/07/1990,1.5
19/07/1990,0.0
20/07/1990,0.0
21/07/1990,21.0
22/07/1990,20.5
23/07/1990,6.5
24/07/1990,2.0
25/07/1990,1.0
26/07/1990,0.0
27/07/1990,0.0
28/07/1990,0.0
15/08/1990,0.5
16/08/1990,17.5
17/08/1990,11.5
18/08/1990,0.5
19/08/1990,0.0
20/08/1990,0.0
21/08/1990,0.0
22/08/1990,0.5
23/08/1990,0.5
24/08/1990,0.0
25/08/1990,0.0
26/08/1990,0.0
27/08/1990,0.0
28/08/1990,0.0
29/08/1990,0.0
30/08/1990,0.5
31/08/1990,0.0
01/09/1990,0.0
02/09/1990,0.0
03/09/1990,1.0
04/09/1990,18.0
05/09/1990,0.5
06/09/1990,0.0
07/09/1990,0.0
08/09/1990,10.5
09/09/1990,0.0
10/09/1990,15.5
11/09/1990,0.0
12/09/1990,7.0
13/09/1990,0.0
14/09/1990,0.5
15/09/1990,0.0
16/09/1990,0.0
17/09/1990,3.0
18/09/1990,11.5
19/09/1990,27.0
20/09/1990,2.5
21/09/1990,5.5
22/09/1990,7.0
23/09/1990,6.0
24/09/1990,11.0
25/09/1990,2.5
26/09/1990,0.5
27/09/1990,0.5
28/09/1990,0.0
29/09/1990,5.0
30/09/1990,18.5
01/10/1990,5.5
02/10/1990,3.5
03/10/1990,9.5
04/10/1990,3.5
05/10/1990,0.0
06/10/1990,0.0
07/10/1990,30.5
08/10/1990,31.5
09/10/1990,0.0
10/10/1990,0.0
11/10/1990,0.0
12/10/1990,0.0
13/10/1990,0.5
14/10/1990,4.0
15/10/1990,0.0
16/10/1990,0.0
17/10/1990,0.0
18/10/1990,2.5
19/10/1990,24.0
20/10/1990,6.0
21/10/1990,0.5
22/10/1990,0.0
23/10/1990,0.0
24/10/1990,4.0
25/10/1990,4.0
26/10/1990,50.5
27/10/1990,1.5
28/10/1990,16.5
29/10/1990,0.5
30/10/1990,3.5
31/10/1990,19.5
01/11/1990,1.0
02/11/1990,7.0
03/11/1990,0.0
04/11/1990,6.5
05/11/1990,0.5
06/11/1990,0.0
07/11/1990,20.0
08/11/1990,11.0
09/11/1990,2.5
10/11/1990,0.0
11/11/1990,0.0
12/11/1990,17.5
13/11/1990,4.5
14/11/1990,1.5
15/11/1990,0.5
16/11/1990,2.5
17/11/1990,0.0
18/11/1990,2.0
19/11/1990,0.0
20/11/1990,1.1
21/11/1990,23.4
22/11/1990,5.0
23/11/1990,54.5
24/11/1990,106.0
25/11/1990,37.5
26/11/1990,272.5
27/11/1990,30.0
28/11/1990,3.0
29/11/1990,0.5
30/11/1990,0.0
01/12/1990,0.0
02/12/1990,1.0
03/12/1990,1.0
04/12/1990,33.0
05/12/1990,7.5
06/12/1990,3.0
07/12/1990,15.5
08/12/1990,22.5
09/12/1990,24.0
10/12/1990,59.0
11/12/1990,172.0
12/12/1990,82.0
13/12/1990,0.0
14/12/1990,11.0
15/12/1990,19.5
16/12/1990,4.5
17/12/1990,0.0
18/12/1990,0.0
19/12/1990,0.0
20/12/1990,0.0
21/12/1990,0.0
22/12/1990,0.0
23/12/1990,0.0
24/12/1990,0.0
25/12/1990,0.0
26/12/1990,0.0
27/12/1990,0.0
28/12/1990,0.0
29/12/1990,0.0
30/12/1990,0.5
31/12/1990,0.0
01/01/1991,0.0
02/01/1991,4.0
03/01/1991,5.5
04/01/1991,3.0
05/01/1991,0.0
06/01/1991,0.0
07/01/1991,0.0
08/01/1991,0.0
09/01/1991,0.0
10/01/1991,0.0
11/01/1991,0.0
12/01/1991,0.0
13/01/1991,0.0
14/01/1991,10.0
15/01/1991,12.0
16/01/1991,7.0
17/01/1991,6.0
18/01/1991,0.0
19/01/1991,1.0
20/01/1991,0.0
21/01/1991,0.0
22/01/1991,41.0
23/01/1991,0.5
24/01/1991,0.5
25/01/1991,0.0
26/01/1991,0.0
27/01/1991,17.0
28/01/1991,0.0
29/01/1991,0.0
30/01/1991,5.5
31/01/1991,5.5
01/02/1991,0.0
02/02/1991,2.0
03/02/1991,0.0
04/02/1991,0.0
05/02/1991,0.5
06/02/1991,0.0
07/02/1991,0.0
08/02/1991,0.0
09/02/1991,0.0
10/02/1991,0.0
11/02/1991,0.0
12/02/1991,0.0
13/02/1991,0.0
14/02/1991,0.0
15/02/1991,0.0
16/02/1991,0.0
17/02/1991,0.0
18/02/1991,0.0
19/02/1991,0.0
20/02/1991,0.0
21/02/1991,0.0
22/02/1991,0.0
23/02/1991,0.0
24/02/1991,0.0
25/02/1991,0.0
26/02/1991,21.0
27/02/1991,12.5
28/02/1991,12.0
01/03/1991,39.5
02/03/1991,0.5
03/03/1991,0.0
04/03/1991,0.0
05/03/1991,0.0
06/03/1991,0.0
07/03/1991,0.0
08/03/1991,0.0
09/03/1991,0.0
10/03/1991,0.0
11/03/1991,0.0
12/03/1991,0.0
13/03/1991,0.0
14/03/1991,0.0
15/03/1991,0.0
16/03/1991,0.0
17/03/1991,0.0
18/03/1991,0.0
19/03/1991,3.5
20/03/1991,57.5
21/03/1991,1.5
22/03/1991,0.0
23/03/1991,0.0
24/03/1991,0.0
25/03/1991,0.0
26/03/1991,11.0
27/03/1991,2.5
28/03/1991,1.5
29/03/1991,0.5
30/03/1991,0.0
31/03/1991,8.5
01/04/1991,0.5
02/04/1991,28.5
03/04/1991,25.8
04/04/1991,62.2
05/04/1991,15.5
06/04/1991,0.0
07/04/1991,0.0
08/04/1991,0.0
09/04/1991,0.0
10/04/1991,0.0
11/04/1991,0.0
12/04/1991,0.0
13/04/1991,0.0
14/04/1991,0.0
15/04/1991,0.0
16/04/1991,0.0
17/04/1991,0.0
18/04/1991,0.0
19/04/1991,0.0
20/04/1991,0.0
21/04/1991,24.0
22/04/1991,0.5
23/04/1991,0.0
24/04/1991,0.0
25/04/1991,33.0
26/04/1991,0.0
27/04/1991,0.0
28/04/1991,0.0
29/04/1991,1.0
30/04/1991,9.0
01/05/1991,4.5
02/05/1991,0.5
03/05/1991,0.0
04/05/1991,0.0
05/05/1991,70.5
06/05/1991,0.0
07/05/1991,27.5
08/05/1991,30.5
09/05/1991,0.0
10/05/1991,1.0
11/05/1991,0.0
12/05/1991,21.0
13/05/1991,0.0
14/05/1991,6.0
15/05/1991,43.0
16/05/1991,0.0
17/05/1991,0.0
18/05/1991,0.0
19/05/1991,2.0
20/05/1991,7.0
21/05/1991,1.0
22/05/1991,0.0
23/05/1991,0.0
24/05/1991,9.0
25/05/1991,15.0
26/05/1991,0.0
27/05/1991,4.5
28/05/1991,2.0
29/05/1991,19.0
30/05/1991,0.5
31/05/1991,1.5
01/06/1991,0.0
02/06/1991,2.0
03/06/1991,13.1
04/06/1991,22.9
05/06/1991,12.0
06/06/1991,1.0
07/06/1991,0.0
08/06/1991,9.0
09/06/1991,0.5
10/06/1991,0.0
11/06/1991,0.5
12/06/1991,2.0
13/06/1991,0.5
14/06/1991,0.0
15/06/1991,0.0
16/06/1991,0.0
17/06/1991,9.0
18/06/1991,0.0
19/06/1991,0.0
20/06/1991,0.0
21/06/1991,0.0
22/06/1991,0.0
23/06/1991,0.0
24/06/1991,0.5
25/06/1991,33.5
26/06/1991,0.0
27/06/1991,0.0
28/06/1991,0.0
29/06/1991,0.0
30/06/1991,0.0
01/07/1991,0.5
02/07/1991,3.5
03/07/1991,1.0
04/07/1991,13.5
05/07/1991,2.5
06/07/1991,0.0
07/07/1991,26.0
08/07/1991,0.5
09/07/1991,0.0
08/09/1991,12.4
09/09/1991,43.0
10/09/1991,19.6
11/09/1991,0.0
12/09/1991,13.5
13/09/1991,36.0
14/09/1991,3.0
15/09/1991,5.5
16/09/1991,33.0
17/09/1991,0.5
18/09/1991,0.0
19/09/1991,0.0
20/09/1991,0.0
21/09/1991,12.5
22/09/1991,21.0
23/09/1991,46.0
24/09/1991,64.9
25/09/1991,6.6
26/09/1991,1.0
27/09/1991,17.5
28/09/1991,1.0
29/09/1991,11.0
30/09/1991,2.0
01/10/1991,0.0
02/10/1991,51.5
03/10/1991,13.5
04/10/1991,0.0
05/10/1991,38.5
06/10/1991,0.5
07/10/1991,0.0
08/10/1991,0.0
09/10/1991,28.5
10/10/1991,18.0
11/10/1991,14.5
12/10/1991,52.5
13/10/1991,23.0
14/10/1991,5.5
15/10/1991,0.0
16/10/1991,0.0
17/10/1991,0.0
18/10/1991,4.5
19/10/1991,0.0
20/10/1991,4.0
21/10/1991,1.5
22/10/1991,3.5
23/10/1991,5.0
24/10/1991,0.0
25/10/1991,0.0
26/10/1991,8.0
27/10/1991,8.0
28/10/1991,0.0
29/10/1991,5.0
30/10/1991,0.0
31/10/1991,14.0
01/11/1991,14.5
02/11/1991,3.5
03/11/1991,4.5
04/11/1991,48.5
05/11/1991,34.3
06/11/1991,9.7
07/11/1991,1.0
08/11/1991,7.5
09/11/1991,6.5
10/11/1991,2.0
11/11/1991,8.0
12/11/1991,25.5
13/11/1991,28.0
14/11/1991,0.0
15/11/1991,59.5
16/11/1991,61.0
17/11/1991,109.0
18/11/1991,32.9
19/11/1991,76.1
20/11/1991,4.0
21/11/1991,26.5
22/11/1991,69.0
23/11/1991,134.0
24/11/1991,21.5
25/11/1991,30.0
26/11/1991,14.5
27/11/1991,6.0
28/11/1991,38.0
09/12/1991,0.0
10/12/1991,7.0
11/12/1991,154.0
12/12/1991,108.6
13/12/1991,35.4
14/12/1991,35.5
15/12/1991,0.0
16/12/1991,28.5
17/12/1991,7.0
18/12/1991,3.0
22/12/1991,4.0
23/12/1991,12.0
29/12/1991,42.7
30/12/1991,126.1
31/12/1991,69.1
26/02/1992,0.0
27/02/1992,1.5
28/02/1992,0.5
29/02/1992,2.0
01/03/1992,1.0
02/03/1992,0.0
03/03/1992,0.0
04/03/1992,0.0
05/03/1992,3.0
06/03/1992,0.5
07/03/1992,11.5
08/03/1992,7.5
09/03/1992,0.0
10/03/1992,0.0
11/03/1992,0.0
12/03/1992,0.0
13/03/1992,0.0
14/03/1992,0.0
15/03/1992,0.0
16/03/1992,0.0
17/03/1992,0.0
18/03/1992,0.0
19/03/1992,0.0
20/03/1992,0.0
21/03/1992,0.0
22/03/1992,0.0
23/03/1992,11.0
24/03/1992,0.0
25/03/1992,0.0
26/03/1992,0.0
27/03/1992,0.0
28/03/1992,0.0
29/03/1992,0.0
30/03/1992,0.0
31/03/1992,0.0
01/04/1992,0.0
02/04/1992,0.0
03/04/1992,0.0
04/04/1992,3.5
05/04/1992,0.0
06/04/1992,0.0
07/04/1992,0.0
08/04/1992,0.0
09/04/1992,0.5
10/04/1992,0.0
11/04/1992,0.0
12/04/1992,0.0
13/04/1992,0.0
14/04/1992,0.0
15/04/1992,0.0
16/04/1992,0.0
17/04/1992,0.0
18/04/1992,0.0
19/04/1992,0.0
20/04/1992,0.0
21/04/1992,1.0
22/04/1992,0.0
23/04/1992,0.0
24/04/1992,0.0
25/04/1992,0.0
26/04/1992,8.0
27/04/1992,0.0
28/04/1992,0.0
29/04/1992,18.5
30/04/1992,4.0
01/05/1992,3.5
02/05/1992,0.0
03/05/1992,0.0
04/05/1992,0.0
05/05/1992,0.0
06/05/1992,9.0
07/05/1992,0.0
08/05/1992,2.5
09/05/1992,0.5
10/05/1992,10.5
11/05/1992,0.0
12/05/1992,2.0
13/05/1992,0.0
14/05/1992,0.0
15/05/1992,0.0
16/05/1992,0.5
17/05/1992,21.0
18/05/1992,0.5
19/05/1992,2.0
20/05/1992,0.5
21/05/1992,0.0
22/05/1992,0.0
23/05/1992,0.0
24/05/1992,30.0
25/05/1992,0.0
26/05/1992,0.0
27/05/1992,0.0
28/05/1992,0.0
29/05/1992,1.0
30/05/1992,1.0
31/05/1992,0.0
01/06/1992,0.0
02/06/1992,0.0
03/06/1992,0.0
04/06/1992,23.0
05/06/1992,2.5
06/06/1992,0.0
07/06/1992,0.0
08/06/1992,0.0
09/06/1992,0.0
10/06/1992,0.0
11/06/1992,2.0
12/06/1992,20.0
13/06/1992,5.0
14/06/1992,0.5
15/06/1992,4.5
16/06/1992,0.5
17/06/1992,59.0
18/06/1992,0.5
19/06/1992,0.0
20/06/1992,0.0
21/06/1992,0.0
22/06/1992,0.0
23/06/1992,0.0
24/06/1992,42.9
25/06/1992,1.1
26/06/1992,8.5
27/06/1992,0.0
28/06/1992,2.5
29/06/1992,0.0
30/06/1992,0.0
01/07/1992,69.5
02/07/1992,0.0
03/07/1992,1.0
04/07/1992,9.5
05/07/1992,0.0
06/07/1992,10.5
07/07/1992,0.0
08/07/1992,0.0
09/07/1992,0.0
10/07/1992,1.5
11/07/1992,2.5
12/07/1992,42.1
13/07/1992,12.4
14/07/1992,0.0
15/07/1992,2.0
16/07/1992,0.0
17/07/1992,2.5
18/07/1992,0.5
19/07/1992,1.5
20/07/1992,0.0
21/07/1992,8.0
22/07/1992,0.5
23/07/1992,0.0
24/07/1992,0.0
25/07/1992,0.0
26/07/1992,9.0
27/07/1992,23.5
28/07/1992,4.5
29/07/1992,11.0
30/07/1992,0.0
31/07/1992,0.0
01/08/1992,0.0
02/08/1992,5.5
03/08/1992,0.5
04/08/1992,4.5
05/08/1992,0.0
06/08/1992,0.0
07/08/1992,0.5
08/08/1992,2.5
09/08/1992,28.8
10/08/1992,30.2
11/08/1992,0.0
12/08/1992,0.0
13/08/1992,0.0
14/08/1992,0.0
15/08/1992,22.0
16/08/1992,1.0
17/08/1992,4.5
18/08/1992,0.0
19/08/1992,2.5
20/08/1992,0.0
21/08/1992,0.0
22/08/1992,0.0
23/08/1992,9.5
24/08/1992,20.5
25/08/1992,2.5
26/08/1992,16.0
27/08/1992,10.0
28/08/1992,20.0
29/08/1992,0.5
30/08/1992,0.0
31/08/1992,0.0
01/09/1992,0.0
02/09/1992,24.0
03/09/1992,26.0
04/09/1992,4.5
05/09/1992,0.0
06/09/1992,44.5
07/09/1992,7.5
08/09/1992,0.0
09/09/1992,0.0
10/09/1992,7.0
11/09/1992,0.0
12/09/1992,0.0
13/09/1992,0.0
14/09/1992,0.0
15/09/1992,22.5
16/09/1992,12.5
17/09/1992,0.0
18/09/1992,5.5
19/09/1992,7.5
20/09/1992,0.0
21/09/1992,68.5
22/09/1992,0.0
23/09/1992,33.0
24/09/1992,8.5
25/09/1992,0.0
26/09/1992,0.0
27/09/1992,0.0
28/09/1992,7.5
29/09/1992,0.5
30/09/1992,0.0
01/10/1992,1.5
02/10/1992,13.5
03/10/1992,4.5
04/10/1992,27.7
05/10/1992,1.3
06/10/1992,1.0
07/10/1992,0.5
08/10/1992,4.0
09/10/1992,15.5
10/10/1992,42.5
11/10/1992,7.5
12/10/1992,0.0
13/10/1992,0.0
14/10/1992,8.1
15/10/1992,3.9
16/10/1992,1.0
17/10/1992,0.0
18/10/1992,0.0
19/10/1992,0.0
20/10/1992,0.0
21/10/1992,0.0
22/10/1992,0.0
23/10/1992,9.0
24/10/1992,0.0
25/10/1992,10.5
26/10/1992,8.0
27/10/1992,19.0
28/10/1992,1.0
29/10/1992,5.0
30/10/1992,0.5
31/10/1992,0.5
01/11/1992,1.5
02/11/1992,4.5
03/11/1992,6.0
04/11/1992,14.5
05/11/1992,0.0
06/11/1992,14.0
07/11/1992,8.0
08/11/1992,9.0
09/11/1992,49.0
10/11/1992,1.0
11/11/1992,69.5
12/11/1992,40.0
13/11/1992,3.0
14/11/1992,3.0
15/11/1992,141.0
16/11/1992,137.0
17/11/1992,53.7
18/11/1992,59.3
19/11/1992,8.5
20/11/1992,18.5
21/11/1992,20.0
22/11/1992,12.0
23/11/1992,2.0
24/11/1992,0.5
25/11/1992,43.0
26/11/1992,0.0
27/11/1992,0.0
28/11/1992,7.0
29/11/1992,3.0
30/11/1992,0.0
01/12/1992,0.5
02/12/1992,0.0
03/12/1992,0.5
04/12/1992,22.5
05/12/1992,24.0
06/12/1992,24.5
07/12/1992,1.5
27/01/1993,0.0
28/01/1993,0.0
29/01/1993,0.0
30/01/1993,0.0
31/01/1993,0.0
01/02/1993,0.0
02/02/1993,0.0
03/02/1993,0.0
04/02/1993,0.5
05/02/1993,0.0
06/02/1993,0.0
07/02/1993,0.0
08/02/1993,0.0
09/02/1993,0.0
10/02/1993,8.5
11/02/1993,0.5
12/02/1993,0.0
13/02/1993,0.0
14/02/1993,0.0
15/02/1993,0.0
16/02/1993,0.0
17/02/1993,0.0
18/02/1993,0.0
19/02/1993,0.0
20/02/1993,0.0
21/02/1993,0.0
22/02/1993,0.0
23/02/1993,0.0
24/02/1993,0.0
25/02/1993,11.0
26/02/1993,53.0
27/02/1993,36.5
28/02/1993,0.0
01/03/1993,4.0
02/03/1993,2.5
03/03/1993,0.0
04/03/1993,0.0
05/03/1993,0.0
06/03/1993,2.5
07/03/1993,7.5
08/03/1993,14.5
09/03/1993,6.5
10/03/1993,9.5
11/03/1993,41.0
12/03/1993,54.0
13/03/1993,8.0
14/03/1993,0.5
15/03/1993,2.5
16/03/1993,2.0
17/03/1993,0.0
18/03/1993,0.0
19/03/1993,0.0
20/03/1993,22.0
21/03/1993,0.0
22/03/1993,0.0
23/03/1993,0.0
24/03/1993,0.5
25/03/1993,0.0
26/03/1993,0.0
27/03/1993,0.0
28/03/1993,0.0
29/03/1993,0.0
30/03/1993,0.0
31/03/1993,0.0
01/04/1993,0.0
02/04/1993,0.0
03/04/1993,3.0
04/04/1993,0.0
05/04/1993,0.0
06/04/1993,0.0
07/04/1993,0.0
08/04/1993,0.0
09/04/1993,30.5
10/04/1993,20.0
11/04/1993,7.5
12/04/1993,4.0
13/04/1993,1.0
14/04/1993,13.0
15/04/1993,0.0
16/04/1993,60.0
17/04/1993,1.5
18/04/1993,3.0
19/04/1993,3.0
20/04/1993,0.0
21/04/1993,0.0
22/04/1993,2.5
23/04/1993,31.5
24/04/1993,4.0
25/04/1993,0.0
26/04/1993,0.0
27/04/1993,0.0
28/04/1993,0.0
29/04/1993,0.0
30/04/1993,0.0
01/05/1993,0.0
02/05/1993,0.0
03/05/1993,0.0
04/05/1993,0.0
05/05/1993,0.0
06/05/1993,0.0
07/05/1993,0.0
08/05/1993,14.0
09/05/1993,16.0
10/05/1993,17.5
11/05/1993,0.5
12/05/1993,0.5
13/05/1993,0.0
14/05/1993,0.0
15/05/1993,0.0
16/05/1993,0.0
17/05/1993,2.0
18/05/1993,7.0
19/05/1993,2.0
20/05/1993,0.0
21/05/1993,0.5
22/05/1993,0.0
23/05/1993,0.0
24/05/1993,0.0
25/05/1993,2.5
26/05/1993,0.5
27/05/1993,0.0
28/05/1993,1.5
29/05/1993,1.0
30/05/1993,0.0
31/05/1993,0.0
01/06/1993,0.0
02/06/1993,1.0
03/06/1993,0.0
04/06/1993,30.5
05/06/1993,0.0
06/06/1993,0.0
07/06/1993,0.0
08/06/1993,3.5
09/06/1993,0.0
10/06/1993,6.0
11/06/1993,0.4
12/06/1993,0.1
13/06/1993,19.5
14/06/1993,6.5
15/06/1993,1.0
16/06/1993,0.0
17/06/1993,23.0
18/06/1993,8.5
19/06/1993,3.5
20/06/1993,0.0
21/06/1993,0.0
22/06/1993,0.5
23/06/1993,0.0
24/06/1993,0.0
25/06/1993,0.0
26/06/1993,0.0
27/06/1993,0.0
28/06/1993,19.0
29/06/1993,0.0
30/06/1993,0.0
01/07/1993,17.5
02/07/1993,10.0
03/07/1993,13.0
04/07/1993,0.0
05/07/1993,20.0
06/07/1993,0.0
07/07/1993,1.0
08/07/1993,7.5
09/07/1993,0.0
10/07/1993,0.0
11/07/1993,0.0
12/07/1993,0.0
13/07/1993,0.0
14/07/1993,0.5
15/07/1993,0.0
16/07/1993,0.0
17/07/1993,0.0
18/07/1993,0.0
19/07/1993,0.0
20/07/1993,0.0
21/07/1993,41.5
22/07/1993,0.0
23/07/1993,0.0
24/07/1993,0.0
25/07/1993,24.0
26/07/1993,0.8
27/07/1993,0.2
28/07/1993,0.5
29/07/1993,0.0
30/07/1993,0.0
31/07/1993,0.0
01/08/1993,1.5
02/08/1993,0.5
03/08/1993,0.0
04/08/1993,7.0
05/08/1993,18.0
06/08/1993,0.0
07/08/1993,0.0
08/08/1993,0.0
09/08/1993,0.0
10/08/1993,0.0
11/08/1993,20.5
12/08/1993,0.0
13/08/1993,0.0
14/08/1993,2.0
15/08/1993,0.0
16/08/1993,1.5
17/08/1993,0.0
18/08/1993,0.0
19/08/1993,0.0
20/08/1993,34.0
21/08/1993,0.0
22/08/1993,0.5
23/08/1993,0.0
24/08/1993,0.0
25/08/1993,0.8
26/08/1993,8.7
27/08/1993,0.0
28/08/1993,0.0
29/08/1993,0.0
30/08/1993,0.5
31/08/1993,0.0
01/09/1993,0.0
02/09/1993,0.0
03/09/1993,1.0
04/09/1993,0.0
05/09/1993,61.0
06/09/1993,1.5
07/09/1993,0.0
08/09/1993,0.0
09/09/1993,3.5
10/09/1993,0.0
11/09/1993,1.0
12/09/1993,2.0
13/09/1993,2.5
14/09/1993,1.0
15/09/1993,7.5
16/09/1993,0.0
17/09/1993,4.5
18/09/1993,3.5
26/09/1993,1.0
27/09/1993,0.0
28/09/1993,0.0
29/09/1993,1.5
30/09/1993,1.0
01/10/1993,0.0
02/10/1993,31.5
03/10/1993,0.0
04/10/1993,12.5
05/10/1993,21.0
06/10/1993,0.0
07/10/1993,0.0
08/10/1993,0.5
09/10/1993,10.5
10/10/1993,28.0
11/10/1993,0.0
12/10/1993,5.0
13/10/1993,0.0
14/10/1993,6.0
15/10/1993,0.5
16/10/1993,0.0
17/10/1993,1.0
18/10/1993,14.5
19/10/1993,24.0
20/10/1993,28.0
21/10/1993,64.0
22/10/1993,0.0
23/10/1993,6.0
24/10/1993,65.5
25/10/1993,3.0
26/10/1993,0.0
27/10/1993,13.0
28/10/1993,0.5
29/10/1993,24.0
30/10/1993,43.0
31/10/1993,116.0
01/11/1993,15.8
02/11/1993,77.2
03/11/1993,40.0
04/11/1993,55.0
05/11/1993,0.0
06/11/1993,31.0
07/11/1993,12.5
08/11/1993,34.0
09/11/1993,9.5
10/11/1993,0.5
11/11/1993,75.5
12/11/1993,4.5
13/11/1993,3.5
14/11/1993,52.3
15/11/1993,23.7
16/11/1993,0.0
17/11/1993,0.0
18/11/1993,0.0
19/11/1993,0.0
20/11/1993,0.0
21/11/1993,6.5
22/11/1993,57.5
23/11/1993,49.5
24/11/1993,9.0
25/11/1993,6.5
26/11/1993,19.5
27/11/1993,0.0
28/11/1993,0.5
29/11/1993,26.0
30/11/1993,25.5
01/12/1993,17.0
02/12/1993,19.5
03/12/1993,16.5
04/12/1993,2.5
05/12/1993,2.0
06/12/1993,0.0
07/12/1993,44.0
08/12/1993,6.5
09/12/1993,1.5
10/12/1993,0.5
11/12/1993,18.5
12/12/1993,0.0
13/12/1993,0.5
14/12/1993,0.0
15/12/1993,0.0
16/12/1993,5.0
17/12/1993,204.0
18/12/1993,14.5
19/12/1993,2.5
20/12/1993,24.8
21/12/1993,141.2
22/12/1993,71.4
23/12/1993,84.6
24/12/1993,32.5
25/12/1993,53.0
26/12/1993,9.0
27/12/1993,3.5
28/12/1993,0.0
29/12/1993,1.0
30/12/1993,1.0
31/12/1993,0.0
01/01/1994,0.0
02/01/1994,10.0
03/01/1994,16.0
04/01/1994,9.0
05/01/1994,4.0
06/01/1994,20.0
07/01/1994,0.0
08/01/1994,0.0
09/01/1994,0.0
10/01/1994,1.5
11/01/1994,3.5
12/01/1994,0.0
13/01/1994,0.0
14/01/1994,0.0
15/01/1994,0.0
16/01/1994,0.0
17/01/1994,0.0
18/01/1994,0.0
19/01/1994,0.0
20/01/1994,0.0
21/01/1994,0.5
22/01/1994,2.0
23/01/1994,6.0
24/01/1994,0.5
25/01/1994,0.0
26/01/1994,0.0
27/01/1994,3.6
28/01/1994,9.4
29/01/1994,5.0
30/01/1994,9.9
31/01/1994,6.1
01/02/1994,2.0
02/02/1994,10.5
03/02/1994,28.5
04/02/1994,4.5
05/02/1994,7.0
06/02/1994,8.5
07/02/1994,7.5
08/02/1994,5.0
09/02/1994,0.0
10/02/1994,0.5
11/02/1994,0.0
12/02/1994,0.0
13/02/1994,0.0
14/02/1994,9.1
15/02/1994,2.9
16/02/1994,12.5
17/02/1994,10.5
18/02/1994,2.0
19/02/1994,0.0
20/02/1994,0.0
21/02/1994,0.0
22/02/1994,0.0
23/02/1994,0.0
24/02/1994,0.0
25/02/1994,0.0
26/02/1994,0.0
27/02/1994,0.0
28/02/1994,29.5
01/03/1994,3.0
02/03/1994,1.5
03/03/1994,17.5
04/03/1994,4.0
05/03/1994,31.5
06/03/1994,0.0
07/03/1994,4.5
08/03/1994,0.0
09/03/1994,0.0
10/03/1994,0.0
11/03/1994,1.0
12/03/1994,11.5
13/03/1994,3.5
14/03/1994,31.5
15/03/1994,55.5
16/03/1994,42.5
17/03/1994,72.5
18/03/1994,15.0
19/03/1994,2.0
20/03/1994,3.5
21/03/1994,0.5
22/03/1994,3.5
23/03/1994,1.0
24/03/1994,23.0
25/03/1994,14.5
26/03/1994,5.0
27/03/1994,1.0
28/03/1994,13.0
29/03/1994,8.5
30/03/1994,23.5
31/03/1994,0.0
01/04/1994,0.0
02/04/1994,0.0
03/04/1994,0.0
04/04/1994,0.0
05/04/1994,0.0
06/04/1994,0.0
07/04/1994,3.0
08/04/1994,30.0
09/04/1994,7.7
10/04/1994,5.8
11/04/1994,2.5
12/04/1994,0.5
13/04/1994,0.0
14/04/1994,0.0
15/04/1994,7.5
16/04/1994,9.5
17/04/1994,0.0
18/04/1994,0.5
19/04/1994,23.5
20/04/1994,4.0
21/04/1994,0.0
22/04/1994,0.0
23/04/1994,1.0
24/04/1994,13.0
25/04/1994,0.0
26/04/1994,0.0
27/04/1994,0.0
28/04/1994,0.0
29/04/1994,3.5
30/04/1994,0.0
01/05/1994,0.0
02/05/1994,5.5
03/05/1994,0.0
04/05/1994,0.0
05/05/1994,29.0
06/05/1994,6.0
07/05/1994,6.5
08/05/1994,30.5
09/05/1994,5.0
10/05/1994,4.0
11/05/1994,8.5
12/05/1994,18.5
13/05/1994,3.5
14/05/1994,0.5
15/05/1994,0.0
16/05/1994,0.0
17/05/1994,0.0
18/05/1994,0.0
19/05/1994,0.5
20/05/1994,0.5
21/05/1994,2.5
22/05/1994,3.5
23/05/1994,23.0
24/05/1994,0.0
25/05/1994,3.5
26/05/1994,1.0
27/05/1994,1.5
28/05/1994,1.0
29/05/1994,0.0
30/05/1994,3.0
31/05/1994,0.5
01/06/1994,0.0
02/06/1994,5.0
03/06/1994,0.0
04/06/1994,0.5
05/06/1994,0.0
06/06/1994,0.0
07/06/1994,32.0
08/06/1994,1.5
09/06/1994,0.0
10/06/1994,0.0
11/06/1994,2.0
12/06/1994,0.0
13/06/1994,5.5
14/06/1994,0.5
15/06/1994,16.0
16/06/1994,0.0
17/06/1994,0.0
18/06/1994,0.0
19/06/1994,0.0
20/06/1994,1.0
21/06/1994,10.0
22/06/1994,1.0
23/06/1994,18.0
24/06/1994,8.0
25/06/1994,8.0
26/06/1994,0.0
27/06/1994,0.0
28/06/1994,1.0
29/06/1994,0.0
30/06/1994,4.4
01/07/1994,3.6
02/07/1994,0.5
03/07/1994,0.0
04/07/1994,1.0
05/07/1994,0.0
06/07/1994,1.0
07/07/1994,1.0
08/07/1994,0.5
09/07/1994,1.0
10/07/1994,3.5
11/07/1994,0.0
12/07/1994,0.0
13/07/1994,0.0
14/07/1994,0.0
15/07/1994,0.0
16/07/1994,0.0
17/07/1994,0.0
18/07/1994,0.0
19/07/1994,0.0
20/07/1994,0.0
21/07/1994,2.5
22/07/1994,0.0
23/07/1994,0.0
24/07/1994,0.0
25/07/1994,0.0
26/07/1994,40.5
27/07/1994,0.0
28/07/1994,0.0
29/07/1994,0.0
30/07/1994,0.0
31/07/1994,0.0
01/08/1994,0.0
02/08/1994,0.0
03/08/1994,27.2
04/08/1994,1.8
05/08/1994,0.5
06/08/1994,5.5
07/08/1994,10.5
08/08/1994,0.0
09/08/1994,0.5
10/08/1994,0.0
11/08/1994,0.0
12/08/1994,0.0
13/08/1994,3.5
14/08/1994,0.0
15/08/1994,12.0
16/08/1994,0.0
17/08/1994,9.0
18/08/1994,0.0
19/08/1994,4.0
20/08/1994,8.0
21/08/1994,7.5
22/08/1994,0.0
23/08/1994,8.0
24/08/1994,6.0
25/08/1994,0.0
26/08/1994,0.0
27/08/1994,12.5
28/08/1994,0.0
29/08/1994,0.0
30/08/1994,0.0
31/08/1994,0.0
01/09/1994,3.0
02/09/1994,7.0
03/09/1994,1.0
04/09/1994,0.0
05/09/1994,9.5
06/09/1994,2.5
07/09/1994,0.0
08/09/1994,12.0
09/09/1994,0.5
10/09/1994,1.0
11/09/1994,0.0
12/09/1994,0.5
13/09/1994,2.5
14/09/1994,0.0
15/09/1994,2.5
16/09/1994,0.0
17/09/1994,4.0
18/09/1994,1.0
19/09/1994,0.0
20/09/1994,1.5
21/09/1994,0.0
22/09/1994,0.0
23/09/1994,0.0
24/09/1994,0.0
25/09/1994,6.5
26/09/1994,14.0
27/09/1994,0.0
28/09/1994,20.4
29/09/1994,7.6
30/09/1994,0.0
01/10/1994,5.0
02/10/1994,9.0
03/10/1994,35.5
04/10/1994,1.0
05/10/1994,1.5
06/10/1994,0.0
07/10/1994,0.0
08/10/1994,0.0
09/10/1994,1.5
10/10/1994,0.0
11/10/1994,4.0
12/10/1994,0.5
13/10/1994,0.5
14/10/1994,1.0
15/10/1994,1.0
16/10/1994,0.0
17/10/1994,1.5
18/10/1994,2.0
19/10/1994,0.5
20/10/1994,4.5
21/10/1994,0.0
22/10/1994,35.5
23/10/1994,1.0
24/10/1994,9.5
25/10/1994,1.0
26/10/1994,0.0
27/10/1994,33.5
28/10/1994,11.5
29/10/1994,0.0
30/10/1994,2.0
31/10/1994,13.5
01/11/1994,13.5
02/11/1994,12.0
03/11/1994,26.5
04/11/1994,0.0
05/11/1994,1.5
06/11/1994,6.0
07/11/1994,7.0
08/11/1994,78.0
09/11/1994,12.0
10/11/1994,68.7
11/11/1994,64.8
12/11/1994,1.5
13/11/1994,44.0
14/11/1994,10.5
15/11/1994,8.0
16/11/1994,20.0
17/11/1994,17.5
18/11/1994,128.5
19/11/1994,20.5
20/11/1994,7.0
21/11/1994,16.8
22/11/1994,15.2
23/11/1994,55.0
24/11/1994,8.2
25/11/1994,8.8
26/11/1994,37.0
27/11/1994,25.0
28/11/1994,1.5
29/11/1994,0.0
30/11/1994,0.0
01/12/1994,0.0
02/12/1994,0.0
03/12/1994,0.0
01/01/1995,0.0
02/01/1995,0.5
03/01/1995,0.0
04/01/1995,4.0
05/01/1995,0.0
06/01/1995,0.0
07/01/1995,0.5
08/01/1995,5.0
09/01/1995,17.0
10/01/1995,9.5
11/01/1995,6.0
12/01/1995,0.0
13/01/1995,0.0
14/01/1995,0.5
15/01/1995,0.5
16/01/1995,7.5
17/01/1995,29.0
18/01/1995,6.0
19/01/1995,8.0
20/01/1995,1.5
21/01/1995,0.0
22/01/1995,0.0
23/01/1995,0.0
24/01/1995,0.0
25/01/1995,33.5
26/01/1995,12.0
27/01/1995,0.0
28/01/1995,0.0
29/01/1995,0.0
30/01/1995,0.0
31/01/1995,0.0
24/02/1995,0.0
25/02/1995,12.0
26/02/1995,33.5
27/02/1995,14.5
28/02/1995,0.0
01/03/1995,0.0
02/03/1995,0.0
03/03/1995,0.0
04/03/1995,0.0
05/03/1995,0.0
06/03/1995,1.0
07/03/1995,0.0
08/03/1995,0.0
09/03/1995,0.0
10/03/1995,0.0
11/03/1995,0.0
12/03/1995,0.0
13/03/1995,0.0
14/03/1995,0.0
15/03/1995,0.0
16/03/1995,0.0
17/03/1995,0.5
18/03/1995,0.0
19/03/1995,0.0
20/03/1995,3.0
21/03/1995,2.0
22/03/1995,1.5
23/03/1995,0.0
24/03/1995,0.5
25/03/1995,9.5
26/03/1995,2.0
27/03/1995,0.0
28/03/1995,0.0
29/03/1995,29.5
30/03/1995,0.0
31/03/1995,0.0
01/04/1995,0.0
02/04/1995,0.0
03/04/1995,0.0
04/04/1995,0.0
05/04/1995,2.5
06/04/1995,0.0
07/04/1995,0.0
08/04/1995,0.0
09/04/1995,0.0
10/04/1995,0.0
11/04/1995,4.0
12/04/1995,0.0
13/04/1995,0.0
14/04/1995,0.0
15/04/1995,0.0
16/04/1995,0.0
17/04/1995,5.0
18/04/1995,0.0
19/04/1995,0.0
20/04/1995,0.0
21/04/1995,0.0
22/04/1995,3.0
23/04/1995,8.5
24/04/1995,22.0
25/04/1995,11.5
26/04/1995,0.0
27/04/1995,0.0
28/04/1995,0.0
29/04/1995,0.0
30/04/1995,0.0
01/05/1995,0.0
02/05/1995,0.0
03/05/1995,0.0
04/05/1995,0.0
05/05/1995,0.0
06/05/1995,0.0
07/05/1995,0.0
08/05/1995,0.0
09/05/1995,0.0
10/05/1995,0.0
11/05/1995,0.0
12/05/1995,0.0
13/05/1995,0.0
04/06/1995,2.5
05/06/1995,0.0
06/06/1995,0.0
07/06/1995,0.0
08/06/1995,0.5
09/06/1995,0.0
10/06/1995,0.0
11/06/1995,0.0
12/06/1995,0.0
13/06/1995,0.0
14/06/1995,0.5
15/06/1995,0.0
16/06/1995,0.5
17/06/1995,5.0
18/06/1995,0.5
19/06/1995,0.0
20/06/1995,1.0
21/06/1995,0.0
22/06/1995,0.0
23/06/1995,0.0
24/06/1995,0.5
25/06/1995,2.8
26/06/1995,0.2
27/06/1995,0.0
28/06/1995,1.5
29/06/1995,0.0
30/06/1995,1.0
01/07/1995,0.0
02/07/1995,0.0
03/07/1995,0.0
04/07/1995,6.0
05/07/1995,0.0
06/07/1995,6.0
07/07/1995,10.0
08/07/1995,2.0
09/07/1995,0.0
10/07/1995,0.0
11/07/1995,5.5
12/07/1995,10.5
13/07/1995,0.0
14/07/1995,1.1
15/07/1995,1.4
16/07/1995,0.0
17/07/1995,9.5
18/07/1995,1.5
19/07/1995,0.0
20/07/1995,0.5
21/07/1995,1.0
22/07/1995,0.0
23/07/1995,3.0
24/07/1995,2.0
25/07/1995,0.5
26/07/1995,0.0
27/07/1995,9.0
28/07/1995,1.0
29/07/1995,7.5
30/07/1995,20.9
31/07/1995,6.1
01/08/1995,0.0
02/08/1995,3.5
03/08/1995,0.0
04/08/1995,4.0
05/08/1995,0.5
06/08/1995,2.5
07/08/1995,1.5
08/08/1995,22.0
09/08/1995,0.0
10/08/1995,5.0
11/08/1995,24.5
12/08/1995,0.0
13/08/1995,0.0
14/08/1995,23.0
15/08/1995,10.5
16/08/1995,0.0
17/08/1995,2.0
18/08/1995,0.0
19/08/1995,3.0
20/08/1995,0.5
21/08/1995,6.0
22/08/1995,9.0
23/08/1995,4.0
24/08/1995,1.3
25/08/1995,11.7
26/08/1995,9.5
27/08/1995,0.0
28/08/1995,1.5
29/08/1995,9.5
30/08/1995,0.0
31/08/1995,1.0
01/09/1995,7.5
02/09/1995,6.5
03/09/1995,0.0
04/09/1995,22.0
05/09/1995,0.5
06/09/1995,0.5
07/09/1995,2.0
08/09/1995,0.0
09/09/1995,0.0
10/09/1995,0.0
11/09/1995,0.0
12/09/1995,0.0
13/09/1995,5.5
14/09/1995,0.5
15/09/1995,0.0
16/09/1995,5.0
17/09/1995,8.5
18/09/1995,2.0
19/09/1995,0.5
20/09/1995,1.5
21/09/1995,0.5
22/09/1995,0.5
23/09/1995,1.0
24/09/1995,0.0
25/09/1995,3.0
26/09/1995,7.0
27/09/1995,5.0
28/09/1995,1.5
29/09/1995,0.0
30/09/1995,0.0
01/10/1995,0.5
02/10/1995,0.5
03/10/1995,2.0
04/10/1995,0.0
05/10/1995,0.0
06/10/1995,5.0
07/10/1995,1.0
08/10/1995,1.0
09/10/1995,1.5
10/10/1995,2.4
11/10/1995,2.1
12/10/1995,0.0
13/10/1995,0.0
14/10/1995,3.5
15/10/1995,0.5
16/10/1995,0.5
17/10/1995,0.0
18/10/1995,0.0
19/10/1995,1.5
20/10/1995,1.5
21/10/1995,0.0
22/10/1995,0.0
23/10/1995,0.5
24/10/1995,0.0
25/10/1995,7.0
26/10/1995,6.0
27/10/1995,0.0
28/10/1995,0.0
29/10/1995,2.0
30/10/1995,4.0
31/10/1995,0.0
01/11/1995,4.5
02/11/1995,2.5
03/11/1995,22.0
04/11/1995,0.0
05/11/1995,4.0
06/11/1995,1.0
07/11/1995,0.0
08/11/1995,11.5
09/11/1995,3.5
10/11/1995,10.5
11/11/1995,1.5
12/11/1995,18.0
13/11/1995,0.5
14/11/1995,0.5
15/11/1995,6.5
16/11/1995,22.0
17/11/1995,17.0
18/11/1995,6.4
19/11/1995,13.1
20/11/1995,10.1
21/11/1995,1.9
22/11/1995,3.5
23/11/1995,19.0
24/11/1995,34.5
07/12/1995,0.0
08/12/1995,0.5
09/12/1995,0.0
10/12/1995,1.5
11/12/1995,0.0
12/12/1995,0.0
13/12/1995,0.0
14/12/1995,0.0
15/12/1995,0.0
16/12/1995,0.0
17/12/1995,0.0
18/12/1995,0.0
19/12/1995,17.0
20/12/1995,6.0
21/12/1995,25.5
22/12/1995,15.5
23/12/1995,23.0
24/12/1995,10.5
25/12/1995,11.0
26/12/1995,6.0
27/12/1995,42.5
28/12/1995,27.5
29/12/1995,1.5
30/12/1995,5.5
31/12/1995,0.5
01/01/1996,0.0
02/01/1996,0.0
03/01/1996,0.0
04/01/1996,0.0
05/01/1996,7.0
06/01/1996,1.5
07/01/1996,0.0
08/01/1996,6.5
09/01/1996,7.5
10/01/1996,25.5
11/01/1996,15.5
12/01/1996,1.0
13/01/1996,0.0
14/01/1996,0.0
15/01/1996,0.0
16/01/1996,0.0
17/01/1996,0.0
18/01/1996,0.0
19/01/1996,0.0
20/01/1996,0.0
21/01/1996,0.0
22/01/1996,0.0
23/01/1996,6.5
24/01/1996,36.8
25/01/1996,6.2
26/01/1996,7.0
27/01/1996,2.0
28/01/1996,28.5
29/01/1996,24.0
30/01/1996,2.0
31/01/1996,13.0
01/02/1996,36.0
02/02/1996,19.0
03/02/1996,3.8
04/02/1996,13.2
05/02/1996,1.5
06/02/1996,2.5
07/02/1996,4.5
08/02/1996,0.0
09/02/1996,0.5
10/02/1996,0.4
11/02/1996,7.1
12/02/1996,5.0
13/02/1996,0.5
14/02/1996,0.0
15/02/1996,0.0
16/02/1996,0.0
17/02/1996,0.0
18/02/1996,0.0
19/02/1996,12.5
20/02/1996,5.0
21/02/1996,2.5
22/02/1996,3.5
23/02/1996,3.0
24/02/1996,0.0
25/02/1996,0.0
26/02/1996,0.0
27/02/1996,0.0
28/02/1996,0.0
29/02/1996,0.0
01/03/1996,0.0
02/03/1996,0.0
03/03/1996,0.0
04/03/1996,0.0
05/03/1996,0.0
06/03/1996,0.0
07/03/1996,0.0
08/03/1996,0.0
09/03/1996,0.0
10/03/1996,0.0
11/03/1996,2.0
12/03/1996,0.0
13/03/1996,0.0
14/03/1996,0.0
15/03/1996,0.0
16/03/1996,0.0
17/03/1996,0.0
18/03/1996,0.0
19/03/1996,0.0
20/03/1996,0.0
21/03/1996,0.0
22/03/1996,0.5
23/03/1996,9.5
24/03/1996,1.1
25/03/1996,20.9
26/03/1996,5.5
27/03/1996,5.5
28/03/1996,2.5
29/03/1996,3.0
30/03/1996,0.0
31/03/1996,0.0
01/04/1996,0.0
02/04/1996,0.0
03/04/1996,1.5
04/04/1996,0.0
05/04/1996,0.0
06/04/1996,0.0
07/04/1996,0.0
08/04/1996,2.5
09/04/1996,0.0
10/04/1996,0.0
11/04/1996,0.0
12/04/1996,0.0
13/04/1996,0.0
14/04/1996,0.0
15/04/1996,1.0
16/04/1996,0.0
17/04/1996,0.0
18/04/1996,0.0
19/04/1996,3.7
20/04/1996,4.0
21/04/1996,71.3
22/04/1996,0.0
23/04/1996,8.5
24/04/1996,0.0
25/04/1996,0.7
26/04/1996,9.3
27/04/1996,0.0
28/04/1996,0.0
09/05/1996,0.0
10/05/1996,5.5
11/05/1996,0.5
12/05/1996,0.0
13/05/1996,0.0
14/05/1996,5.5
15/05/1996,5.0
16/05/1996,4.5
17/05/1996,0.5
18/05/1996,0.0
19/05/1996,0.0
20/05/1996,0.0
21/05/1996,0.0
22/05/1996,2.5
23/05/1996,0.0
24/05/1996,3.0
25/05/1996,0.5
26/05/1996,0.0
27/05/1996,0.0
28/05/1996,13.0
29/05/1996,0.0
30/05/1996,0.0
31/05/1996,0.0
01/06/1996,0.0
02/06/1996,0.0
03/06/1996,1.0
04/06/1996,3.0
05/06/1996,0.0
06/06/1996,0.0
07/06/1996,0.5
08/06/1996,0.0
09/06/1996,0.0
10/06/1996,0.5
11/06/1996,0.0
12/06/1996,0.0
13/06/1996,0.5
14/06/1996,0.5
15/06/1996,0.0
16/06/1996,0.0
17/06/1996,0.0
18/06/1996,0.5
19/06/1996,0.0
20/06/1996,0.0
21/06/1996,0.0
22/06/1996,0.0
23/06/1996,0.0
24/06/1996,0.0
25/06/1996,0.0
26/06/1996,1.0
29/06/1996,0.0
30/06/1996,0.0
01/07/1996,0.0
02/07/1996,0.0
03/07/1996,0.0
04/07/1996,0.0
05/07/1996,0.0
06/07/1996,0.0
07/07/1996,0.0
08/07/1996,0.0
09/07/1996,0.0
10/07/1996,0.0
11/07/1996,0.0
12/07/1996,2.2
13/07/1996,0.8
14/07/1996,0.5
15/07/1996,1.0
16/07/1996,0.0
17/07/1996,0.5
04/08/1996,0.5
05/08/1996,0.0
06/08/1996,0.0
07/08/1996,2.5
08/08/1996,0.0
09/08/1996,0.0
10/08/1996,0.0
11/08/1996,0.0
12/08/1996,0.0
13/08/1996,0.0
14/08/1996,0.0
15/08/1996,0.0
16/08/1996,0.0
17/08/1996,0.0
18/08/1996,0.0
19/08/1996,0.0
20/08/1996,5.0
21/08/1996,0.0
22/08/1996,2.0
23/08/1996,3.5
24/08/1996,9.0
25/08/1996,0.0
26/08/1996,17.0
27/08/1996,0.5
28/08/1996,19.0
29/08/1996,3.5
30/08/1996,4.0
31/08/1996,4.0
01/09/1996,0.5
02/09/1996,15.0
03/09/1996,22.5
04/09/1996,6.0
05/09/1996,39.0
06/09/1996,8.0
07/09/1996,2.0
08/09/1996,3.0
09/09/1996,2.0
10/09/1996,1.5
11/09/1996,0.5
12/09/1996,2.5
13/09/1996,1.0
14/09/1996,7.5
15/09/1996,0.5
26/09/1996,3.5
27/09/1996,16.5
28/09/1996,0.0
29/09/1996,18.0
30/09/1996,3.0
01/10/1996,36.5
02/10/1996,33.5
03/10/1996,3.0
04/10/1996,0.0
05/10/1996,62.5
06/10/1996,4.0
07/10/1996,11.0
08/10/1996,0.0
09/10/1996,7.0
10/10/1996,0.0
11/10/1996,4.5
12/10/1996,25.5
13/10/1996,46.0
14/10/1996,9.5
15/10/1996,0.0
16/10/1996,0.0
17/10/1996,4.0
18/10/1996,0.0
19/10/1996,53.1
20/10/1996,15.9
21/10/1996,3.5
22/10/1996,0.0
23/10/1996,0.0
24/10/1996,23.0
25/10/1996,3.5
26/10/1996,17.5
27/10/1996,2.0
28/10/1996,0.0
29/10/1996,0.0
30/10/1996,0.0
31/10/1996,0.0
01/11/1996,0.0
02/11/1996,0.0
03/11/1996,0.0
04/11/1996,0.0
05/11/1996,0.0
06/11/1996,36.5
07/11/1996,3.0
08/11/1996,18.5
09/11/1996,25.0
10/11/1996,0.0
11/11/1996,0.0
12/11/1996,3.5
13/11/1996,3.0
14/11/1996,4.5
15/11/1996,11.0
16/11/1996,10.5
17/11/1996,2.1
18/11/1996,14.4
19/11/1996,18.5
20/11/1996,2.5
21/11/1996,0.5
22/11/1996,68.5
23/11/1996,0.0
24/11/1996,0.5
25/11/1996,0.0
26/11/1996,3.6
27/11/1996,1.9
28/11/1996,17.5
29/11/1996,5.5
30/11/1996,18.0
01/12/1996,16.5
02/12/1996,0.0
03/12/1996,4.5
04/12/1996,36.0
05/12/1996,20.5
06/12/1996,24.5
07/12/1996,4.5
08/12/1996,38.5
09/12/1996,3.0
10/12/1996,27.0
11/12/1996,62.5
12/12/1996,124.0
13/12/1996,9.5
14/12/1996,51.7
15/12/1996,7.8
16/12/1996,0.0
17/12/1996,0.0
18/12/1996,17.0
19/12/1996,17.5
20/12/1996,40.6
21/12/1996,41.4
22/12/1996,62.0
23/12/1996,0.0
24/12/1996,0.0
25/12/1996,0.0
26/12/1996,0.0
27/12/1996,0.0
28/12/1996,0.0
29/12/1996,0.0
30/12/1996,0.0
31/12/1996,1.0
01/01/1997,1.0
02/01/1997,0.0
03/01/1997,0.0
04/01/1997,0.0
05/01/1997,3.5
06/01/1997,6.0
07/01/1997,0.0
08/01/1997,0.0
09/01/1997,0.5
10/01/1997,0.0
11/01/1997,0.0
12/01/1997,0.0
13/01/1997,0.0
14/01/1997,0.0
15/01/1997,0.0
16/01/1997,0.0
17/01/1997,0.0
18/01/1997,0.0
19/01/1997,0.0
20/01/1997,0.0
21/01/1997,0.0
22/01/1997,0.0
23/01/1997,0.0
24/01/1997,0.0
25/01/1997,0.0
26/01/1997,0.0
27/01/1997,0.0
28/01/1997,0.0
29/01/1997,0.0
30/01/1997,0.0
31/01/1997,0.0
01/02/1997,0.0
02/02/1997,0.0
03/02/1997,0.5
04/02/1997,0.0
05/02/1997,1.5
06/02/1997,0.0
07/02/1997,1.0
08/02/1997,0.0
09/02/1997,1.0
10/02/1997,0.0
11/02/1997,0.0
12/02/1997,0.0
13/02/1997,0.0
14/02/1997,1.5
15/02/1997,3.5
16/02/1997,0.0
17/02/1997,0.0
18/02/1997,0.0
19/02/1997,0.0
20/02/1997,18.0
21/02/1997,0.0
22/02/1997,14.5
23/02/1997,89.0
24/02/1997,36.5
25/02/1997,3.0
26/02/1997,0.0
27/02/1997,0.0
28/02/1997,0.0
01/03/1997,0.0
02/03/1997,0.0
03/03/1997,0.0
04/03/1997,0.0
05/03/1997,0.0
06/03/1997,0.0
07/03/1997,1.0
08/03/1997,0.0
09/03/1997,0.0
10/03/1997,0.0
11/03/1997,0.0
12/03/1997,0.0
13/03/1997,0.0
14/03/1997,0.0
15/03/1997,0.0
16/03/1997,0.0
17/03/1997,0.0
18/03/1997,0.0
19/03/1997,0.0
20/03/1997,29.5
21/03/1997,0.0
22/03/1997,20.0
23/03/1997,1.5
24/03/1997,0.0
25/03/1997,0.0
26/03/1997,0.0
27/03/1997,0.0
28/03/1997,14.5
29/03/1997,3.5
30/03/1997,5.0
31/03/1997,0.5
01/04/1997,0.0
02/04/1997,0.0
03/04/1997,0.0
04/04/1997,0.0
05/04/1997,0.5
06/04/1997,0.0
07/04/1997,1.0
08/04/1997,5.5
09/04/1997,0.5
10/04/1997,0.0
11/04/1997,3.5
12/04/1997,4.0
13/04/1997,0.0
14/04/1997,0.0
15/04/1997,8.0
16/04/1997,10.0
17/04/1997,1.0
18/04/1997,0.0
19/04/1997,0.0
20/04/1997,0.0
21/04/1997,0.0
22/04/1997,0.0
23/04/1997,0.0
24/04/1997,0.0
25/04/1997,0.0
26/04/1997,0.5
27/04/1997,19.0
28/04/1997,2.5
29/04/1997,8.5
30/04/1997,0.0
01/05/1997,1.5
02/05/1997,0.0
03/05/1997,0.0
04/05/1997,0.0
05/05/1997,0.0
06/05/1997,1.5
07/05/1997,0.0
08/05/1997,0.0
09/05/1997,0.0
10/05/1997,0.0
11/05/1997,0.0
12/05/1997,20.5
13/05/1997,0.5
14/05/1997,0.0
15/05/1997,0.0
16/05/1997,5.0
17/05/1997,0.0
18/05/1997,26.0
19/05/1997,0.0
20/05/1997,0.0
21/05/1997,0.0
22/05/1997,0.0
23/05/1997,0.0
24/05/1997,0.0
25/05/1997,1.5
26/05/1997,0.0
27/05/1997,1.0
28/05/1997,0.0
29/05/1997,0.0
30/05/1997,1.0
31/05/1997,0.0
01/06/1997,0.0
02/06/1997,0.0
03/06/1997,0.0
04/06/1997,4.0
05/06/1997,0.0
06/06/1997,0.0
07/06/1997,0.5
08/06/1997,0.0
09/06/1997,0.0
10/06/1997,0.0
11/06/1997,0.0
12/06/1997,0.0
13/06/1997,2.5
14/06/1997,0.0
15/06/1997,0.0
16/06/1997,0.5
17/06/1997,0.0
18/06/1997,0.0
19/06/1997,0.0
20/06/1997,11.0
21/06/1997,4.5
22/06/1997,2.0
23/06/1997,0.0
24/06/1997,0.0
25/06/1997,0.0
26/06/1997,0.0
27/06/1997,0.0
28/06/1997,12.5
29/06/1997,0.0
30/06/1997,0.0
01/07/1997,0.0
02/07/1997,21.5
03/07/1997,12.5
04/07/1997,0.0
05/07/1997,0.0
06/07/1997,1.0
07/07/1997,1.5
08/07/1997,0.0
09/07/1997,0.0
10/07/1997,0.0
11/07/1997,4.3
12/07/1997,1.2
13/07/1997,0.0
14/07/1997,0.0
15/07/1997,0.0
16/07/1997,0.0
17/07/1997,0.0
18/07/1997,0.0
19/07/1997,0.0
20/07/1997,0.0
21/07/1997,0.0
22/07/1997,0.0
23/07/1997,0.0
24/07/1997,0.0
25/07/1997,0.0
26/07/1997,0.0
27/07/1997,0.0
28/07/1997,0.0
29/07/1997,0.0
30/07/1997,0.0
31/07/1997,0.0
01/08/1997,0.0
02/08/1997,0.0
03/08/1997,0.0
04/08/1997,0.0
05/08/1997,22.5
06/08/1997,18.0
07/08/1997,0.0
08/08/1997,57.0
09/08/1997,0.5
10/08/1997,0.0
11/08/1997,24.5
12/08/1997,0.0
13/08/1997,3.5
14/08/1997,3.0
15/08/1997,0.0
16/08/1997,15.0
17/08/1997,0.5
18/08/1997,0.0
19/08/1997,0.0
20/08/1997,10.0
21/08/1997,27.5
22/08/1997,6.5
23/08/1997,12.5
24/08/1997,6.5
25/08/1997,0.0
26/08/1997,0.0
27/08/1997,0.0
28/08/1997,0.0
29/08/1997,0.0
30/08/1997,1.0
31/08/1997,0.5
01/09/1997,3.0
02/09/1997,0.5
03/09/1997,7.0
04/09/1997,1.0
05/09/1997,0.0
06/09/1997,0.0
07/09/1997,0.0
08/09/1997,0.0
09/09/1997,0.5
10/09/1997,0.5
11/09/1997,0.0
12/09/1997,0.0
13/09/1997,0.5
14/09/1997,0.0
15/09/1997,0.0
16/09/1997,0.0
17/09/1997,1.0
18/09/1997,49.0
19/09/1997,8.2
20/09/1997,41.0
21/09/1997,0.3
22/09/1997,4.0
23/09/1997,0.0
24/09/1997,0.0
25/09/1997,0.0
26/09/1997,0.0
27/09/1997,0.0
28/09/1997,1.5
29/09/1997,10.0
30/09/1997,0.0
01/10/1997,6.5
02/10/1997,5.0
03/10/1997,0.0
04/10/1997,1.0
05/10/1997,22.0
06/10/1997,0.0
07/10/1997,2.0
08/10/1997,18.5
09/10/1997,0.0
10/10/1997,8.0
11/10/1997,1.0
12/10/1997,0.0
13/10/1997,0.0
14/10/1997,0.0
15/10/1997,0.0
16/10/1997,0.5
17/10/1997,16.0
18/10/1997,32.0
19/10/1997,0.5
20/10/1997,0.5
21/10/1997,0.5
22/10/1997,6.5
23/10/1997,1.5
24/10/1997,0.0
25/10/1997,0.0
26/10/1997,0.0
27/10/1997,11.0
28/10/1997,0.0
29/10/1997,12.0
30/10/1997,43.9
31/10/1997,10.1
01/11/1997,14.5
02/11/1997,0.5
03/11/1997,0.5
04/11/1997,0.0
05/11/1997,7.5
06/11/1997,9.5
07/11/1997,0.0
08/11/1997,0.5
09/11/1997,1.0
10/11/1997,22.5
11/11/1997,0.5
12/11/1997,14.0
13/11/1997,7.5
14/11/1997,10.0
15/11/1997,3.5
16/11/1997,0.0
17/11/1997,9.3
18/11/1997,50.5
19/11/1997,86.8
20/11/1997,65.5
21/11/1997,18.5
22/11/1997,0.0
23/11/1997,1.0
24/11/1997,0.0
25/11/1997,31.5
26/11/1997,0.0
27/11/1997,0.0
28/11/1997,0.0
29/11/1997,0.0
30/11/1997,1.5
01/12/1997,26.5
02/12/1997,147.8
03/12/1997,97.3
04/12/1997,72.5
05/12/1997,76.0
06/12/1997,116.5
07/12/1997,2.5
08/12/1997,1.0
09/12/1997,14.5
10/12/1997,14.5
11/12/1997,112.5
12/12/1997,2.0
13/12/1997,26.0
14/12/1997,9.5
15/12/1997,65.0
16/12/1997,22.0
17/12/1997,21.5
18/12/1997,353.5
19/12/1997,5.0
20/12/1997,10.5
21/12/1997,0.0
22/12/1997,0.0
23/12/1997,0.0
24/12/1997,16.0
25/12/1997,0.0
26/12/1997,0.0
27/12/1997,0.0
28/12/1997,0.5
29/12/1997,132.5
30/12/1997,85.5
31/12/1997,24.0
06/01/1999,0.6
07/01/1999,0.0
08/01/1999,1.9
09/01/1999,2.2
10/01/1999,1.5
11/01/1999,0.0
12/01/1999,0.9
13/01/1999,11.1
14/01/1999,0.7
15/01/1999,0.4
16/01/1999,41.3
17/01/1999,29.5
18/01/1999,21.9
19/01/1999,25.1
20/01/1999,15.2
21/01/1999,30.9
22/01/1999,32.0
23/01/1999,66.8
24/01/1999,12.3
25/01/1999,90.8
26/01/1999,11.2
27/01/1999,11.5
28/01/1999,5.5
29/01/1999,11.5
30/01/1999,6.0
31/01/1999,0.4
01/02/1999,0.0
02/02/1999,19.2
03/02/1999,10.6
04/02/1999,7.0
05/02/1999,0.5
06/02/1999,1.1
07/02/1999,0.7
08/02/1999,0.0
09/02/1999,0.0
10/02/1999,21.0
11/02/1999,115.6
12/02/1999,69.2
13/02/1999,58.3
14/02/1999,43.5
15/02/1999,0.0
16/02/1999,0.0
17/02/1999,3.3
18/02/1999,0.0
19/02/1999,0.0
20/02/1999,0.0
21/02/1999,4.5
22/02/1999,0.5
23/02/1999,1.0
24/02/1999,0.0
25/02/1999,0.0
26/02/1999,0.0
27/02/1999,0.0
28/02/1999,18.4
01/03/1999,82.7
02/03/1999,0.0
03/03/1999,0.0
04/03/1999,0.0
05/03/1999,0.0
06/03/1999,1.8
07/03/1999,8.6
08/03/1999,15.1
09/03/1999,0.0
10/03/1999,0.0
11/03/1999,0.0
12/03/1999,0.0
13/03/1999,0.0
14/03/1999,0.0
15/03/1999,0.0
16/03/1999,0.0
17/03/1999,0.0
18/03/1999,0.0
19/03/1999,0.0
20/03/1999,33.6
21/03/1999,0.6
22/03/1999,1.0
23/03/1999,2.4
24/03/1999,15.8
25/03/1999,0.0
26/03/1999,1.9
27/03/1999,3.7
28/03/1999,0.0
29/03/1999,2.5
30/03/1999,11.2
31/03/1999,10.5
01/04/1999,0.9
02/04/1999,0.5
03/04/1999,13.5
04/04/1999,4.0
05/04/1999,4.9
06/04/1999,0.0
07/04/1999,3.7
08/04/1999,0.5
09/04/1999,3.7
10/04/1999,0.5
11/04/1999,0.4
12/04/1999,0.8
13/04/1999,0.0
14/04/1999,0.3
15/04/1999,9.1
16/04/1999,42.6
17/04/1999,0.9
18/04/1999,8.3
19/04/1999,15.1
20/04/1999,0.0
21/04/1999,1.9
22/04/1999,19.5
23/04/1999,0.0
24/04/1999,0.0
25/04/1999,0.0
26/04/1999,0.0
27/04/1999,0.0
28/04/1999,5.4
29/04/1999,0.0
30/04/1999,0.0
01/05/1999,0.0
02/05/1999,0.0
03/05/1999,17.0
04/05/1999,0.0
05/05/1999,0.0
06/05/1999,12.3
07/05/1999,0.6
08/05/1999,0.0
09/05/1999,3.1
10/05/1999,19.9
11/05/1999,1.4
12/05/1999,0.6
13/05/1999,0.0
14/05/1999,0.0
15/05/1999,11.1
16/05/1999,9.1
17/05/1999,0.0
18/05/1999,2.9
19/05/1999,0.4
20/05/1999,0.0
21/05/1999,4.0
22/05/1999,0.0
23/05/1999,0.0
24/05/1999,0.4
25/05/1999,0.4
26/05/1999,0.5
27/05/1999,1.0
28/05/1999,1.2
29/05/1999,0.7
30/05/1999,2.9
31/05/1999,0.7
01/06/1999,0.0
02/06/1999,14.2
03/06/1999,0.0
04/06/1999,0.0
05/06/1999,0.0
06/06/1999,0.0
07/06/1999,0.0
08/06/1999,0.8
09/06/1999,0.0
10/06/1999,0.0
11/06/1999,1.9
12/06/1999,1.2
13/06/1999,0.0
14/06/1999,2.5
15/06/1999,27.0
16/06/1999,10.9
17/06/1999,0.5
18/06/1999,0.0
19/06/1999,0.0
20/06/1999,0.0
21/06/1999,0.0
22/06/1999,0.4
23/06/1999,0.0
24/06/1999,2.7
25/06/1999,0.0
26/06/1999,0.0
27/06/1999,12.8
28/06/1999,1.6
29/06/1999,0.0
30/06/1999,4.0
01/07/1999,1.7
02/07/1999,9.5
03/07/1999,1.1
04/07/1999,0.0
05/07/1999,54.3
06/07/1999,0.0
07/07/1999,52.1
08/07/1999,0.9
09/07/1999,0.9
10/07/1999,2.4
11/07/1999,0.0
12/07/1999,0.0
13/07/1999,0.0
14/07/1999,9.5
15/07/1999,3.5
16/07/1999,0.8
17/07/1999,5.2
18/07/1999,2.5
19/07/1999,0.0
20/07/1999,1.2
21/07/1999,1.8
22/07/1999,21.9
23/07/1999,0.9
24/07/1999,0.0
25/07/1999,0.0
26/07/1999,0.0
27/07/1999,0.0
28/07/1999,1.3
29/07/1999,19.0
30/07/1999,1.5
31/07/1999,4.6
01/08/1999,0.0
02/08/1999,0.0
03/08/1999,13.5
04/08/1999,15.3
05/08/1999,11.0
06/08/1999,0.4
07/08/1999,0.6
08/08/1999,0.0
09/08/1999,0.0
10/08/1999,0.0
11/08/1999,0.0
12/08/1999,17.9
13/08/1999,0.0
14/08/1999,1.5
15/08/1999,0.0
16/08/1999,0.0
17/08/1999,9.1
18/08/1999,0.0
19/08/1999,23.9
20/08/1999,16.0
21/08/1999,13.8
22/08/1999,0.8
23/08/1999,1.2
24/08/1999,0.0
25/08/1999,9.5
26/08/1999,2.6
27/08/1999,68.8
28/08/1999,5.1
29/08/1999,32.1
30/08/1999,7.3
31/08/1999,0.7
01/09/1999,0.0
02/09/1999,2.7
03/09/1999,4.9
04/09/1999,0.4
05/09/1999,0.0
06/09/1999,2.5
07/09/1999,3.5
08/09/1999,9.4
09/09/1999,0.0
10/09/1999,36.7
11/09/1999,0.0
12/09/1999,0.0
13/09/1999,0.0
14/09/1999,0.0
15/09/1999,13.9
16/09/1999,0.5
17/09/1999,9.0
18/09/1999,50.7
19/09/1999,0.0
20/09/1999,2.9
21/09/1999,0.0
22/09/1999,0.0
23/09/1999,12.0
24/09/1999,0.0
25/09/1999,5.2
26/09/1999,4.9
27/09/1999,57.8
28/09/1999,0.0
29/09/1999,0.0
30/09/1999,21.0
01/10/1999,50.5
02/10/1999,3.4
03/10/1999,14.8
04/10/1999,0.6
05/10/1999,0.4
06/10/1999,2.7
07/10/1999,32.6
08/10/1999,67.7
09/10/1999,0.8
10/10/1999,0.0
11/10/1999,0.0
12/10/1999,21.8
13/10/1999,0.4
14/10/1999,1.0
15/10/1999,0.0
16/10/1999,0.0
17/10/1999,14.9
18/10/1999,0.5
19/10/1999,0.0
20/10/1999,1.8
21/10/1999,24.0
22/10/1999,33.5
23/10/1999,0.0
24/10/1999,25.9
25/10/1999,8.0
26/10/1999,5.8
27/10/1999,3.1
28/10/1999,3.8
29/10/1999,6.4
30/10/1999,0.0
31/10/1999,2.6
01/11/1999,0.6
02/11/1999,19.2
03/11/1999,1.0
04/11/1999,0.6
05/11/1999,0.0
06/11/1999,0.0
07/11/1999,0.0
08/11/1999,28.4
09/11/1999,5.1
10/11/1999,0.0
11/11/1999,43.3
12/11/1999,0.0
13/11/1999,0.0
14/11/1999,1.0
15/11/1999,0.0
16/11/1999,7.1
17/11/1999,22.5
18/11/1999,24.1
19/11/1999,42.9
20/11/1999,81.1
21/11/1999,30.8
22/11/1999,5.1
23/11/1999,0.0
24/11/1999,8.6
25/11/1999,0.0
26/11/1999,22.6
27/11/1999,10.7
28/11/1999,7.5
29/11/1999,31.0
30/11/1999,62.3
01/12/1999,3.8
02/12/1999,8.0
03/12/1999,4.2
04/12/1999,0.0
05/12/1999,40.3
06/12/1999,24.1
07/12/1999,41.8
08/12/1999,52.2
09/12/1999,9.2
10/12/1999,0.5
11/12/1999,2.1
12/12/1999,9.1
13/12/1999,38.5
14/12/1999,48.1
15/12/1999,67.5
16/12/1999,0.0
17/12/1999,0.0
18/12/1999,1.6
19/12/1999,55.9
29/12/1999,73.1
30/12/1999,8.1
31/12/1999,24.1
01/01/2000,35.5
02/01/2000,29.9
03/01/2000,36.5
04/01/2000,20.1
05/01/2000,18.2
06/01/2000,14.9
07/01/2000,0.0
08/01/2000,0.7
09/01/2000,0.0
10/01/2000,2.8
11/01/2000,29.3
12/01/2000,3.4
13/01/2000,2.8
14/01/2000,0.5
15/01/2000,0.0
16/01/2000,4.6
17/01/2000,2.6
18/01/2000,0.9
19/01/2000,8.0
20/01/2000,0.5
21/01/2000,2.0
22/01/2000,0.0
23/01/2000,1.1
24/01/2000,7.0
25/01/2000,35.0
26/01/2000,6.0
27/01/2000,0.0
28/01/2000,20.8
29/01/2000,19.9
30/01/2000,49.7
31/01/2000,31.6
01/02/2000,10.6
02/02/2000,3.5
03/02/2000,0.0
04/02/2000,0.0
05/02/2000,0.0
06/02/2000,0.0
07/02/2000,0.0
08/02/2000,4.7
09/02/2000,5.8
10/02/2000,0.0
11/02/2000,0.5
12/02/2000,0.0
13/02/2000,0.5
14/02/2000,1.0
15/02/2000,10.7
16/02/2000,10.4
17/02/2000,11.9
18/02/2000,1.0
19/02/2000,31.3
20/02/2000,0.0
21/02/2000,0.0
22/02/2000,0.0
23/02/2000,0.0
24/02/2000,0.0
25/02/2000,9.9
26/02/2000,21.5
27/02/2000,13.1
28/02/2000,36.6
29/02/2000,95.2
01/03/2000,44.1
02/03/2000,27.4
03/03/2000,24.1
04/03/2000,0.0
05/03/2000,0.0
06/03/2000,3.2
07/03/2000,2.3
08/03/2000,0.0
09/03/2000,0.0
10/03/2000,0.0
11/03/2000,28.4
12/03/2000,47.0
13/03/2000,0.6
14/03/2000,0.0
15/03/2000,0.0
16/03/2000,0.0
17/03/2000,0.0
18/03/2000,0.0
19/03/2000,0.0
20/03/2000,0.0
21/03/2000,0.0
22/03/2000,0.0
23/03/2000,10.4
24/03/2000,0.0
25/03/2000,40.7
26/03/2000,98.8
27/03/2000,13.7
28/03/2000,27.0
29/03/2000,0.5
30/03/2000,23.4
31/03/2000,0.0
01/04/2000,28.9
02/04/2000,8.2
03/04/2000,41.7
04/04/2000,0.0
05/04/2000,0.0
06/04/2000,0.0
07/04/2000,0.0
08/04/2000,0.0
09/04/2000,0.0
10/04/2000,13.0
11/04/2000,7.6
12/04/2000,2.7
13/04/2000,1.1
14/04/2000,0.0
15/04/2000,0.0
16/04/2000,0.0
17/04/2000,12.8
18/04/2000,0.0
19/04/2000,17.3
20/04/2000,52.1
21/04/2000,0.0
22/04/2000,0.0
23/04/2000,36.6
24/04/2000,1.5
25/04/2000,8.5
26/04/2000,1.1
27/04/2000,0.2
28/04/2000,0.0
29/04/2000,0.0
30/04/2000,2.1
01/05/2000,0.0
02/05/2000,8.6
03/05/2000,27.6
04/05/2000,0.0
05/05/2000,29.4
06/05/2000,0.0
07/05/2000,4.7
08/05/2000,0.0
09/05/2000,5.0
10/05/2000,0.0
11/05/2000,0.0
12/05/2000,0.0
13/05/2000,0.0
14/05/2000,0.3
15/05/2000,0.0
16/05/2000,15.3
17/05/2000,0.0
18/05/2000,0.0
19/05/2000,0.0
20/05/2000,1.5
21/05/2000,2.0
22/05/2000,0.0
23/05/2000,3.0
24/05/2000,0.0
25/05/2000,0.0
26/05/2000,2.4
27/05/2000,0.0
28/05/2000,5.4
29/05/2000,0.5
30/05/2000,6.7
31/05/2000,7.0
01/06/2000,1.7
02/06/2000,32.6
03/06/2000,0.5
04/06/2000,0.4
05/06/2000,0.0
06/06/2000,5.1
07/06/2000,4.7
08/06/2000,31.4
09/06/2000,0.6
10/06/2000,0.0
11/06/2000,23.7
12/06/2000,0.0
13/06/2000,45.6
14/06/2000,0.0
15/06/2000,17.6
16/06/2000,0.0
17/06/2000,0.0
18/06/2000,0.0
19/06/2000,0.6
20/06/2000,0.6
21/06/2000,0.2
22/06/2000,1.5
23/06/2000,0.5
24/06/2000,0.0
25/06/2000,0.0
26/06/2000,1.8
27/06/2000,23.1
28/06/2000,0.0
29/06/2000,0.7
30/06/2000,0.0
01/07/2000,0.0
02/07/2000,0.0
03/07/2000,11.9
04/07/2000,29.0
05/07/2000,0.3
06/07/2000,0.0
07/07/2000,0.0
08/07/2000,0.0
09/07/2000,0.0
10/07/2000,0.0
11/07/2000,0.0
12/07/2000,0.0
13/07/2000,0.0
14/07/2000,0.0
15/07/2000,0.0
16/07/2000,0.0
17/07/2000,0.0
18/07/2000,0.0
19/07/2000,0.0
20/07/2000,0.0
21/07/2000,0.0
22/07/2000,0.0
23/07/2000,0.0
24/07/2000,0.5
25/07/2000,1.0
26/07/2000,0.0
27/07/2000,0.0
28/07/2000,0.0
29/07/2000,0.0
30/07/2000,0.0
31/07/2000,0.0
01/08/2000,0.0
02/08/2000,25.9
03/08/2000,0.0
04/08/2000,0.0
05/08/2000,0.0
06/08/2000,0.0
07/08/2000,0.0
08/08/2000,0.0
09/08/2000,1.4
10/08/2000,14.0
11/08/2000,0.2
12/08/2000,0.0
13/08/2000,27.9
14/08/2000,0.0
15/08/2000,0.0
16/08/2000,0.0
17/08/2000,0.0
18/08/2000,0.0
19/08/2000,0.9
20/08/2000,10.2
21/08/2000,1.4
22/08/2000,0.0
23/08/2000,0.0
24/08/2000,0.0
25/08/2000,6.3
26/08/2000,0.6
27/08/2000,17.9
28/08/2000,9.0
29/08/2000,0.7
30/08/2000,0.0
31/08/2000,2.7
01/09/2000,0.0
02/09/2000,0.0
03/09/2000,0.0
04/09/2000,0.0
05/09/2000,0.0
06/09/2000,10.2
07/09/2000,0.6
08/09/2000,0.9
09/09/2000,0.0
10/09/2000,0.0
11/09/2000,0.0
12/09/2000,13.6
13/09/2000,1.1
14/09/2000,1.3
15/09/2000,19.7
16/09/2000,3.2
17/09/2000,0.0
18/09/2000,0.0
19/09/2000,0.0
20/09/2000,0.0
21/09/2000,0.0
22/09/2000,1.1
23/09/2000,11.1
24/09/2000,0.0
25/09/2000,0.0
26/09/2000,0.0
27/09/2000,7.1
28/09/2000,31.1
29/09/2000,9.9
30/09/2000,0.7
01/10/2000,13.3
02/10/2000,6.0
03/10/2000,5.6
04/10/2000,4.3
05/10/2000,0.0
06/10/2000,19.7
07/10/2000,1.1
08/10/2000,0.0
09/10/2000,0.0
10/10/2000,0.0
11/10/2000,0.0
12/10/2000,1.4
13/10/2000,10.8
14/10/2000,0.0
15/10/2000,0.0
16/10/2000,4.0
17/10/2000,54.1
18/10/2000,0.8
19/10/2000,28.2
20/10/2000,21.4
21/10/2000,20.0
22/10/2000,3.7
23/10/2000,7.7
24/10/2000,0.0
25/10/2000,0.0
26/10/2000,0.0
27/10/2000,6.0
28/10/2000,37.3
29/10/2000,19.5
30/10/2000,1.9
31/10/2000,7.4
01/11/2000,0.0
02/11/2000,0.0
03/11/2000,0.0
04/11/2000,47.5
05/11/2000,2.3
06/11/2000,1.9
07/11/2000,0.0
08/11/2000,2.2
09/11/2000,1.3
10/11/2000,0.0
11/11/2000,4.4
12/11/2000,0.0
13/11/2000,0.6
14/11/2000,42.8
15/11/2000,71.1
16/11/2000,4.8
17/11/2000,39.4
18/11/2000,13.0
19/11/2000,3.3
20/11/2000,17.8
21/11/2000,8.3
22/11/2000,111.7
23/11/2000,4.9
24/11/2000,0.0
25/11/2000,9.6
26/11/2000,16.7
27/11/2000,0.0
28/11/2000,8.5
29/11/2000,0.0
30/11/2000,4.3
01/12/2000,0.0
02/12/2000,0.0
03/12/2000,0.0
04/12/2000,0.0
05/12/2000,0.0
06/12/2000,0.0
07/12/2000,0.0
08/12/2000,0.0
09/12/2000,0.0
10/12/2000,3.5
11/12/2000,1.5
12/12/2000,0.0
13/12/2000,20.4
14/12/2000,30.4
15/12/2000,5.0
16/12/2000,0.0
17/12/2000,113.4
18/12/2000,32.6
19/12/2000,22.9
20/12/2000,4.9
21/12/2000,79.2
22/12/2000,63.2
23/12/2000,0.0
24/12/2000,0.0
25/12/2000,0.0
26/12/2000,0.0
27/12/2000,5.3
28/12/2000,0.6
29/12/2000,0.0
30/12/2000,0.6
31/12/2000,66.7
01/01/2001,10.7
02/01/2001,0.0
03/01/2001,0.0
04/01/2001,0.0
05/01/2001,0.0
06/01/2001,0.0
07/01/2001,0.5
08/01/2001,6.9
09/01/2001,0.0
10/01/2001,0.0
11/01/2001,0.0
12/01/2001,0.0
13/01/2001,59.5
14/01/2001,27.4
15/01/2001,44.5
16/01/2001,16.1
17/01/2001,44.7
18/01/2001,265.6
19/01/2001,79.5
20/01/2001,6.5
21/01/2001,35.8
22/01/2001,18.0
23/01/2001,1.3
24/01/2001,0.0
25/01/2001,0.0
26/01/2001,0.0
27/01/2001,0.0
28/01/2001,0.0
29/01/2001,1.5
30/01/2001,0.5
31/01/2001,0.0
01/02/2001,0.0
02/02/2001,0.0
03/02/2001,0.0
04/02/2001,0.0
05/02/2001,10.5
06/02/2001,0.5
07/02/2001,0.0
08/02/2001,0.0
09/02/2001,0.0
10/02/2001,0.0
11/02/2001,12.1
12/02/2001,0.0
13/02/2001,4.5
14/02/2001,46.2
15/02/2001,13.0
16/02/2001,0.8
17/02/2001,0.0
18/02/2001,0.0
19/02/2001,0.0
20/02/2001,0.6
21/02/2001,0.0
22/02/2001,0.0
23/02/2001,0.0
24/02/2001,0.0
25/02/2001,0.0
26/02/2001,0.0
27/02/2001,0.0
28/02/2001,0.0
01/03/2001,0.0
02/03/2001,1.9
03/03/2001,0.0
04/03/2001,29.8
05/03/2001,37.4
06/03/2001,58.4
07/03/2001,9.2
08/03/2001,17.3
09/03/2001,7.8
10/03/2001,8.7
11/03/2001,8.3
12/03/2001,10.8
13/03/2001,0.0
14/03/2001,10.0
15/03/2001,1.0
16/03/2001,20.9
17/03/2001,0.0
18/03/2001,5.3
19/03/2001,19.2
20/03/2001,4.3
21/03/2001,17.6
22/03/2001,0.0
23/03/2001,0.4
24/03/2001,27.9
25/03/2001,3.4
26/03/2001,10.8
27/03/2001,18.2
28/03/2001,1.3
29/03/2001,1.5
30/03/2001,0.0
31/03/2001,0.0
01/04/2001,0.0
02/04/2001,0.0
03/04/2001,7.6
04/04/2001,0.0
05/04/2001,0.0
06/04/2001,15.1
07/04/2001,0.0
08/04/2001,0.0
09/04/2001,15.8
10/04/2001,0.0
11/04/2001,0.0
12/04/2001,0.0
13/04/2001,7.9
14/04/2001,0.0
15/04/2001,0.9
16/04/2001,0.0
17/04/2001,0.0
18/04/2001,0.0
19/04/2001,0.0
20/04/2001,0.0
21/04/2001,7.1
22/04/2001,0.0
23/04/2001,0.0
24/04/2001,0.0
25/04/2001,0.0
26/04/2001,0.0
27/04/2001,16.2
28/04/2001,0.7
29/04/2001,43.4
30/04/2001,2.0
01/05/2001,13.6
02/05/2001,0.0
03/05/2001,0.0
04/05/2001,0.0
05/05/2001,0.0
06/05/2001,0.0
07/05/2001,0.8
08/05/2001,35.8
09/05/2001,0.0
10/05/2001,5.3
11/05/2001,0.0
12/05/2001,0.0
13/05/2001,0.6
14/05/2001,0.0
15/05/2001,0.0
16/05/2001,0.0
17/05/2001,0.0
18/05/2001,0.0
19/05/2001,0.0
20/05/2001,0.0
21/05/2001,0.0
22/05/2001,25.4
23/05/2001,68.4
24/05/2001,3.1
25/05/2001,1.0
26/05/2001,0.0
27/05/2001,2.7
28/05/2001,46.3
29/05/2001,8.0
30/05/2001,0.0
31/05/2001,0.0
01/06/2001,0.0
02/06/2001,0.0
03/06/2001,2.3
04/06/2001,4.8
05/06/2001,7.5
06/06/2001,7.1
07/06/2001,20.4
08/06/2001,0.0
09/06/2001,0.0
10/06/2001,0.0
11/06/2001,0.2
12/06/2001,3.1
13/06/2001,0.7
14/06/2001,0.0
15/06/2001,0.0
16/06/2001,20.5
17/06/2001,0.2
18/06/2001,0.0
19/06/2001,0.5
20/06/2001,0.0
21/06/2001,0.6
22/06/2001,0.0
23/06/2001,0.0
24/06/2001,0.0
25/06/2001,0.0
26/06/2001,0.0
27/06/2001,0.0
28/06/2001,2.4
29/06/2001,0.0
30/06/2001,0.0
01/07/2001,0.0
02/07/2001,0.0
03/07/2001,0.0
04/07/2001,0.0
05/07/2001,0.0
06/07/2001,0.0
07/07/2001,0.0
08/07/2001,0.0
09/07/2001,0.0
10/07/2001,0.0
11/07/2001,0.0
12/07/2001,1.1
13/07/2001,1.4
14/07/2001,1.0
15/07/2001,14.1
16/07/2001,23.8
17/07/2001,0.0
18/07/2001,0.0
19/07/2001,0.0
20/07/2001,0.9
21/07/2001,0.0
22/07/2001,0.0
23/07/2001,0.0
24/07/2001,0.0
25/07/2001,0.0
26/07/2001,1.6
27/07/2001,31.9
28/07/2001,3.1
29/07/2001,0.0
30/07/2001,1.1
31/07/2001,0.0
01/08/2001,9.2
02/08/2001,19.8
03/08/2001,4.8
04/08/2001,17.0
05/08/2001,10.1
06/08/2001,0.0
07/08/2001,4.9
08/08/2001,45.0
09/08/2001,0.7
10/08/2001,2.9
11/08/2001,0.0
12/08/2001,0.0
13/08/2001,0.0
14/08/2001,0.0
15/08/2001,0.0
16/08/2001,0.0
17/08/2001,0.0
18/08/2001,1.9
19/08/2001,1.2
20/08/2001,31.8
21/08/2001,1.5
22/08/2001,0.0
23/08/2001,0.0
24/08/2001,5.1
25/08/2001,0.0
26/08/2001,22.5
27/08/2001,0.0
28/08/2001,0.0
29/08/2001,0.0
30/08/2001,0.0
31/08/2001,0.0
01/09/2001,2.7
02/09/2001,1.3
03/09/2001,0.0
04/09/2001,0.0
05/09/2001,0.0
06/09/2001,0.0
07/09/2001,0.0
08/09/2001,0.0
09/09/2001,0.0
10/09/2001,0.6
11/09/2001,0.0
12/09/2001,0.9
13/09/2001,0.7
14/09/2001,0.0
15/09/2001,0.0
16/09/2001,0.0
17/09/2001,9.9
18/09/2001,1.5
19/09/2001,0.0
20/09/2001,0.0
21/09/2001,0.6
22/09/2001,5.4
23/09/2001,21.2
24/09/2001,2.4
25/09/2001,7.3
26/09/2001,37.5
27/09/2001,1.1
28/09/2001,0.0
29/09/2001,0.8
30/09/2001,0.0
01/10/2001,11.7
02/10/2001,62.1
03/10/2001,2.1
04/10/2001,0.0
05/10/2001,1.8
06/10/2001,1.9
07/10/2001,21.1
08/10/2001,1.0
09/10/2001,0.4
10/10/2001,0.0
11/10/2001,0.0
12/10/2001,0.0
13/10/2001,0.0
14/10/2001,3.6
15/10/2001,10.6
16/10/2001,13.8
17/10/2001,0.0
18/10/2001,0.0
19/10/2001,0.0
20/10/2001,0.0
21/10/2001,0.0
22/10/2001,0.0
23/10/2001,11.2
24/10/2001,45.5
25/10/2001,17.4
26/10/2001,0.0
27/10/2001,23.7
28/10/2001,6.8
29/10/2001,14.4
30/10/2001,8.7
31/10/2001,0.0
01/11/2001,0.0
02/11/2001,0.0
03/11/2001,7.9
04/11/2001,0.0
05/11/2001,21.1
06/11/2001,22.8
07/11/2001,4.2
08/11/2001,0.0
09/11/2001,11.2
10/11/2001,0.0
11/11/2001,11.0
12/11/2001,0.0
13/11/2001,7.9
14/11/2001,52.6
15/11/2001,49.6
16/11/2001,2.9
17/11/2001,113.9
18/11/2001,87.0
19/11/2001,1.2
20/11/2001,0.0
21/11/2001,5.1
22/11/2001,0.0
23/11/2001,0.0
24/11/2001,13.0
25/11/2001,4.1
26/11/2001,13.9
27/11/2001,0.0
28/11/2001,0.0
29/11/2001,0.0
30/11/2001,8.5
01/12/2001,16.4
02/12/2001,7.3
03/12/2001,0.4
04/12/2001,0.0
05/12/2001,0.0
06/12/2001,0.0
07/12/2001,0.0
08/12/2001,0.0
09/12/2001,0.0
10/12/2001,0.0
11/12/2001,0.0
12/12/2001,0.0
13/12/2001,0.0
14/12/2001,184.9
15/12/2001,125.9
16/12/2001,9.2
17/12/2001,0.0
18/12/2001,10.4
19/12/2001,3.7
20/12/2001,21.2
21/12/2001,90.7
22/12/2001,75.3
23/12/2001,14.6
24/12/2001,4.7
25/12/2001,0.0
26/12/2001,0.0
27/12/2001,28.2
28/12/2001,19.3
29/12/2001,13.0
30/12/2001,0.2
31/12/2001,0.0
01/01/2002,0.0
02/01/2002,0.0
03/01/2002,0.0
04/01/2002,0.0
05/01/2002,0.6
06/01/2002,15.0
07/01/2002,6.9
08/01/2002,8.1
09/01/2002,14.1
10/01/2002,6.7
11/01/2002,19.8
12/01/2002,18.4
13/01/2002,0.7
14/01/2002,0.0
15/01/2002,0.0
16/01/2002,0.0
17/01/2002,0.0
18/01/2002,0.0
19/01/2002,0.0
20/01/2002,2.6
21/01/2002,12.7
22/01/2002,14.7
23/01/2002,3.6
24/01/2002,2.7
25/01/2002,5.9
26/01/2002,0.7
27/01/2002,0.0
28/01/2002,0.0
29/01/2002,0.9
30/01/2002,3.5
31/01/2002,2.6
01/02/2002,0.0
02/02/2002,50.7
03/02/2002,1.2
04/02/2002,0.0
05/02/2002,1.4
06/02/2002,0.0
07/02/2002,0.0
08/02/2002,0.0
09/02/2002,0.0
10/02/2002,0.0
11/02/2002,0.0
12/02/2002,1.9
13/02/2002,0.0
14/02/2002,0.0
15/02/2002,0.0
16/02/2002,0.0
17/02/2002,0.0
18/02/2002,0.0
19/02/2002,22.1
20/02/2002,26.4
21/02/2002,15.8
22/02/2002,1.2
23/02/2002,0.0
24/02/2002,0.0
25/02/2002,0.0
26/02/2002,8.7
27/02/2002,17.8
28/02/2002,0.0
01/03/2002,0.0
02/03/2002,0.0
03/03/2002,0.0
04/03/2002,0.0
05/03/2002,0.0
06/03/2002,0.0
07/03/2002,0.0
08/03/2002,0.0
09/03/2002,0.0
10/03/2002,2.7
11/03/2002,0.0
12/03/2002,0.0
13/03/2002,0.0
14/03/2002,0.0
15/03/2002,0.0
16/03/2002,0.0
17/03/2002,0.0
18/03/2002,0.0
19/03/2002,0.0
20/03/2002,0.0
21/03/2002,0.0
22/03/2002,0.0
23/03/2002,0.0
24/03/2002,0.0
25/03/2002,0.0
26/03/2002,0.0
27/03/2002,0.0
28/03/2002,0.0
29/03/2002,0.0
30/03/2002,0.0
31/03/2002,0.0
01/04/2002,0.0
02/04/2002,0.0
03/04/2002,0.0
04/04/2002,0.0
05/04/2002,0.0
06/04/2002,0.0
07/04/2002,0.0
08/04/2002,0.0
09/04/2002,0.0
10/04/2002,2.2
11/04/2002,0.0
12/04/2002,0.0
13/04/2002,37.1
14/04/2002,4.5
15/04/2002,0.0
16/04/2002,22.1
17/04/2002,0.0
18/04/2002,0.0
19/04/2002,0.0
20/04/2002,0.0
21/04/2002,0.0
22/04/2002,2.9
23/04/2002,0.0
24/04/2002,17.1
25/04/2002,87.0
26/04/2002,0.0
27/04/2002,0.3
28/04/2002,1.6
29/04/2002,1.0
30/04/2002,0.0
01/05/2002,1.3
02/05/2002,0.0
03/05/2002,0.0
04/05/2002,0.0
05/05/2002,0.0
06/05/2002,23.0
07/05/2002,10.5
08/05/2002,0.0
09/05/2002,0.0
10/05/2002,0.0
11/05/2002,0.0
12/05/2002,0.0
13/05/2002,0.0
14/05/2002,0.0
15/05/2002,0.0
16/05/2002,0.0
17/05/2002,0.0
18/05/2002,0.0
19/05/2002,0.0
20/05/2002,0.0
21/05/2002,0.0
22/05/2002,0.0
23/05/2002,0.0
24/05/2002,0.0
25/05/2002,0.0
26/05/2002,0.0
27/05/2002,0.0
28/05/2002,0.0
29/05/2002,3.1
30/05/2002,2.9
31/05/2002,0.0
01/06/2002,0.0
02/06/2002,0.0
03/06/2002,2.1
04/06/2002,0.2
05/06/2002,15.2
06/06/2002,0.0
07/06/2002,39.2
08/06/2002,2.5
09/06/2002,5.2
10/06/2002,26.1
11/06/2002,17.6
12/06/2002,0.0
13/06/2002,30.5
14/06/2002,1.1
15/06/2002,0.0
16/06/2002,0.0
17/06/2002,0.0
18/06/2002,0.0
19/06/2002,0.0
20/06/2002,0.0
21/06/2002,0.0
22/06/2002,0.0
23/06/2002,0.0
24/06/2002,0.0
25/06/2002,0.0
26/06/2002,0.0
27/06/2002,19.6
28/06/2002,0.9
29/06/2002,0.0
30/06/2002,15.7
01/07/2002,0.0
02/07/2002,46.9
03/07/2002,13.5
04/07/2002,0.7
05/07/2002,0.0
06/07/2002,0.0
07/07/2002,0.0
08/07/2002,0.0
09/07/2002,24.5
10/07/2002,10.9
11/07/2002,0.3
12/07/2002,0.0
13/07/2002,0.0
14/07/2002,0.0
15/07/2002,0.0
16/07/2002,0.0
17/07/2002,0.0
18/07/2002,4.0
19/07/2002,0.4
20/07/2002,0.0
21/07/2002,0.0
22/07/2002,0.0
23/07/2002,5.3
24/07/2002,6.1
25/07/2002,0.0
26/07/2002,0.0
27/07/2002,0.0
28/07/2002,0.0
29/07/2002,1.3
30/07/2002,0.0
31/07/2002,32.2
01/08/2002,0.0
02/08/2002,0.0
03/08/2002,0.7
04/08/2002,0.0
05/08/2002,0.0
06/08/2002,0.0
07/08/2002,0.0
08/08/2002,0.0
09/08/2002,13.5
10/08/2002,5.8
11/08/2002,3.4
12/08/2002,2.6
13/08/2002,0.0
14/08/2002,0.0
15/08/2002,0.0
16/08/2002,0.0
17/08/2002,0.0
18/08/2002,0.0
19/08/2002,0.0
20/08/2002,0.0
21/08/2002,19.5
22/08/2002,16.3
23/08/2002,29.1
24/08/2002,1.0
25/08/2002,0.0
26/08/2002,1.1
27/08/2002,0.0
28/08/2002,6.2
29/08/2002,39.9
30/08/2002,38.0
31/08/2002,4.6
01/09/2002,0.0
02/09/2002,1.3
03/09/2002,24.6
04/09/2002,2.9
05/09/2002,5.4
06/09/2002,0.8
07/09/2002,20.5
08/09/2002,0.0
09/09/2002,0.0
10/09/2002,0.1
11/09/2002,0.2
12/09/2002,0.0
13/09/2002,38.7
14/09/2002,0.6
15/09/2002,0.0
16/09/2002,0.0
17/09/2002,0.3
18/09/2002,0.0
19/09/2002,11.3
20/09/2002,5.1
21/09/2002,31.2
22/09/2002,40.5
23/09/2002,0.6
24/09/2002,0.0
25/09/2002,0.4
26/09/2002,0.0
27/09/2002,0.0
28/09/2002,0.0
29/09/2002,0.0
30/09/2002,0.6
01/10/2002,0.0
02/10/2002,0.0
03/10/2002,60.9
04/10/2002,0.0
05/10/2002,0.0
06/10/2002,41.2
07/10/2002,18.4
08/10/2002,18.2
09/10/2002,23.1
10/10/2002,1.1
11/10/2002,0.0
12/10/2002,22.8
13/10/2002,55.1
14/10/2002,1.7
15/10/2002,0.0
16/10/2002,0.0
17/10/2002,0.3
18/10/2002,0.0
19/10/2002,0.0
20/10/2002,0.0
21/10/2002,0.0
22/10/2002,0.0
23/10/2002,12.2
24/10/2002,0.0
25/10/2002,0.4
26/10/2002,0.0
27/10/2002,0.0
28/10/2002,39.1
29/10/2002,0.0
30/10/2002,0.0
31/10/2002,0.0
01/11/2002,0.0
02/11/2002,2.5
03/11/2002,21.8
04/11/2002,1.2
05/11/2002,7.0
06/11/2002,23.4
07/11/2002,0.5
08/11/2002,7.8
09/11/2002,14.1
10/11/2002,13.3
11/11/2002,5.6
12/11/2002,1.9
13/11/2002,0.0
14/11/2002,3.5
15/11/2002,0.0
16/11/2002,0.0
17/11/2002,0.0
18/11/2002,21.0
19/11/2002,55.8
20/11/2002,0.5
21/11/2002,0.0
22/11/2002,0.0
23/11/2002,11.8
24/11/2002,4.9
25/11/2002,2.8
26/11/2002,0.4
27/11/2002,0.0
28/11/2002,18.2
29/11/2002,21.8
30/11/2002,6.4
01/12/2002,24.5
02/12/2002,2.1
03/12/2002,0.0
04/12/2002,3.2
05/12/2002,2.6
06/12/2002,5.8
07/12/2002,0.6
08/12/2002,35.5
09/12/2002,18.7
10/12/2002,37.6
11/12/2002,109.1
12/12/2002,11.6
13/12/2002,67.9
14/12/2002,47.3
15/12/2002,2.8
16/12/2002,49.2
17/12/2002,34.5
18/12/2002,12.6
19/12/2002,45.5
20/12/2002,9.7
21/12/2002,30.8
22/12/2002,0.0
23/12/2002,0.0
24/12/2002,28.4
25/12/2002,14.3
26/12/2002,63.1
27/12/2002,68.9
28/12/2002,0.0
29/12/2002,0.2
30/12/2002,0.9
31/12/2002,55.7
01/01/2003,18.4
02/01/2003,24.4
03/01/2003,14.9
04/01/2003,8.3
05/01/2003,1.1
06/01/2003,36.5
07/01/2003,13.8
08/01/2003,3.7
09/01/2003,0.0
10/01/2003,0.0
11/01/2003,2.2
12/01/2003,0.0
13/01/2003,6.2
14/01/2003,0.6
15/01/2003,0.0
16/01/2003,8.7
17/01/2003,8.5
18/01/2003,23.1
19/01/2003,29.7
20/01/2003,23.9
21/01/2003,9.5
22/01/2003,0.0
23/01/2003,4.6
24/01/2003,0.0
25/01/2003,0.0
26/01/2003,0.0
27/01/2003,0.0
28/01/2003,2.5
29/01/2003,3.5
30/01/2003,21.0
31/01/2003,41.5
01/02/2003,6.0
02/02/2003,3.0
03/02/2003,0.5
04/02/2003,0.0
05/02/2003,0.5
06/02/2003,2.5
07/02/2003,1.0
08/02/2003,1.0
09/02/2003,11.0
10/02/2003,10.5
11/02/2003,46.5
12/02/2003,12.0
13/02/2003,6.0
14/02/2003,51.0
15/02/2003,114.0
16/02/2003,2.0
17/02/2003,0.5
18/02/2003,0.0
19/02/2003,0.0
20/02/2003,0.0
21/02/2003,0.0
22/02/2003,0.0
23/02/2003,0.0
24/02/2003,0.0
25/02/2003,0.0
26/02/2003,5.5
27/02/2003,0.0
28/02/2003,0.0
01/03/2003,0.0
02/03/2003,0.0
03/03/2003,0.0
04/03/2003,2.0
05/03/2003,0.0
06/03/2003,0.0
07/03/2003,0.0
08/03/2003,0.0
09/03/2003,14.5
10/03/2003,71.5
11/03/2003,25.5
12/03/2003,15.0
13/03/2003,5.5
14/03/2003,1.5
15/03/2003,0.0
16/03/2003,0.0
17/03/2003,0.0
18/03/2003,0.0
19/03/2003,0.0
20/03/2003,0.0
21/03/2003,0.0
22/03/2003,8.5
23/03/2003,5.0
24/03/2003,11.5
25/03/2003,8.0
26/03/2003,97.5
27/03/2003,63.5
28/03/2003,0.5
29/03/2003,29.0
30/03/2003,3.0
31/03/2003,11.5
01/04/2003,73.0
02/04/2003,11.5
03/04/2003,1.5
04/04/2003,1.5
05/04/2003,0.0
06/04/2003,0.0
07/04/2003,0.0
08/04/2003,0.0
09/04/2003,0.0
10/04/2003,2.0
11/04/2003,0.0
12/04/2003,0.0
13/04/2003,0.0
14/04/2003,0.0
15/04/2003,0.0
16/04/2003,0.0
17/04/2003,0.0
18/04/2003,0.0
19/04/2003,0.0
20/04/2003,0.0
21/04/2003,0.0
22/04/2003,0.0
23/04/2003,0.0
24/04/2003,0.0
25/04/2003,0.0
26/04/2003,0.0
27/04/2003,0.0
28/04/2003,0.0
29/04/2003,0.0
30/04/2003,0.0
01/05/2003,0.0
02/05/2003,0.0
03/05/2003,0.0
04/05/2003,0.0
05/05/2003,0.0
06/05/2003,0.0
07/05/2003,0.0
08/05/2003,0.0
09/05/2003,0.0
10/05/2003,0.0
11/05/2003,0.0
12/05/2003,0.0
13/05/2003,0.0
14/05/2003,0.0
15/05/2003,0.0
16/05/2003,0.0
17/05/2003,0.0
18/05/2003,0.0
19/05/2003,0.0
20/05/2003,0.0
21/05/2003,0.0
22/05/2003,0.0
23/05/2003,0.0
24/05/2003,0.0
25/05/2003,0.0
26/05/2003,0.0
27/05/2003,0.0
28/05/2003,0.0
29/05/2003,0.0
30/05/2003,0.0
31/05/2003,0.0
01/06/2003,0.0
02/06/2003,0.0
03/06/2003,0.0
04/06/2003,0.0
05/06/2003,0.0
06/06/2003,0.0
07/06/2003,0.0
08/06/2003,0.0
09/06/2003,0.0
10/06/2003,0.0
11/06/2003,0.0
12/06/2003,0.0
13/06/2003,0.0
14/06/2003,0.0
15/06/2003,0.0
16/06/2003,0.0
17/06/2003,0.0
18/06/2003,0.0
19/06/2003,0.0
20/06/2003,0.0
21/06/2003,0.0
22/06/2003,0.0
23/06/2003,0.0
24/06/2003,0.0
25/06/2003,0.0
26/06/2003,0.0
27/06/2003,0.0
28/06/2003,0.0
29/06/2003,0.0
30/06/2003,23.8
01/07/2003,0.0
02/07/2003,60.5
03/07/2003,11.6
04/07/2003,0.0
05/07/2003,0.0
06/07/2003,0.0
07/07/2003,4.9
08/07/2003,0.0
09/07/2003,0.0
10/07/2003,0.0
11/07/2003,0.0
12/07/2003,15.0
13/07/2003,32.0
14/07/2003,10.0
15/07/2003,2.0
16/07/2003,3.5
17/07/2003,18.5
18/07/2003,0.0
19/07/2003,13.0
20/07/2003,0.5
21/07/2003,0.0
22/07/2003,0.0
23/07/2003,0.0
24/07/2003,0.0
25/07/2003,0.0
26/07/2003,0.0
27/07/2003,0.0
28/07/2003,0.0
29/07/2003,7.5
30/07/2003,0.0
31/07/2003,0.0
01/08/2003,15.5
02/08/2003,5.5
03/08/2003,0.5
04/08/2003,0.0
05/08/2003,0.0
06/08/2003,0.0
07/08/2003,0.0
08/08/2003,20.0
09/08/2003,0.5
10/08/2003,41.5
11/08/2003,0.0
12/08/2003,27.5
13/08/2003,1.0
14/08/2003,30.0
15/08/2003,0.5
16/08/2003,0.0
17/08/2003,18.5
18/08/2003,0.0
19/08/2003,0.0
20/08/2003,5.5
21/08/2003,0.0
22/08/2003,0.5
23/08/2003,27.5
24/08/2003,0.5
25/08/2003,2.0
26/08/2003,1.5
27/08/2003,0.0
28/08/2003,0.0
29/08/2003,0.0
30/08/2003,36.0
31/08/2003,0.0
01/09/2003,27.0
02/09/2003,33.5
03/09/2003,0.0
04/09/2003,0.0
05/09/2003,23.0
06/09/2003,0.0
07/09/2003,0.0
08/09/2003,3.5
09/09/2003,40.0
10/09/2003,10.5
11/09/2003,0.0
12/09/2003,0.0
13/09/2003,5.0
14/09/2003,0.0
15/09/2003,11.0
16/09/2003,0.0
17/09/2003,24.5
18/09/2003,0.0
19/09/2003,21.0
20/09/2003,9.0
21/09/2003,30.0
22/09/2003,4.0
23/09/2003,0.0
24/09/2003,7.0
25/09/2003,0.0
26/09/2003,4.5
27/09/2003,0.0
28/09/2003,2.0
29/09/2003,0.0
30/09/2003,0.0
01/10/2003,0.0
02/10/2003,25.5
03/10/2003,2.0
04/10/2003,53.0
05/10/2003,1.0
06/10/2003,0.5
07/10/2003,9.5
08/10/2003,48.5
09/10/2003,13.0
10/10/2003,1.5
11/10/2003,0.0
12/10/2003,13.0
13/10/2003,15.5
14/10/2003,39.5
15/10/2003,0.0
16/10/2003,31.0
17/10/2003,13.0
18/10/2003,0.0
19/10/2003,0.0
20/10/2003,0.5
21/10/2003,0.0
22/10/2003,0.0
23/10/2003,3.5
24/10/2003,0.5
25/10/2003,3.5
26/10/2003,6.5
27/10/2003,1.0
28/10/2003,4.0
29/10/2003,35.0
30/10/2003,4.0
31/10/2003,0.5
01/11/2003,50.0
02/11/2003,10.0
03/11/2003,11.0
04/11/2003,0.0
05/11/2003,5.5
06/11/2003,0.0
07/11/2003,4.0
08/11/2003,40.0
09/11/2003,4.5
10/11/2003,5.5
11/11/2003,42.0
12/11/2003,28.0
13/11/2003,0.0
14/11/2003,0.0
15/11/2003,34.0
16/11/2003,3.0
17/11/2003,6.0
18/11/2003,0.5
19/11/2003,2.5
20/11/2003,6.0
21/11/2003,0.0
22/11/2003,0.0
23/11/2003,23.0
24/11/2003,1.0
25/11/2003,20.0
26/11/2003,15.0
27/11/2003,64.5
28/11/2003,34.5
29/11/2003,169.0
30/11/2003,30.5
01/12/2003,208.5
02/12/2003,76.0
03/12/2003,14.5
04/12/2003,8.5
05/12/2003,4.5
06/12/2003,17.0
07/12/2003,110.5
08/12/2003,47.0
09/12/2003,147.0
10/12/2003,85.5
11/12/2003,32.5
12/12/2003,137.0
13/12/2003,71.0
14/12/2003,2.5
15/12/2003,1.5
16/12/2003,0.0
17/12/2003,0.5
18/12/2003,0.0
19/12/2003,5.0
20/12/2003,26.0
21/12/2003,39.0
22/12/2003,2.5
23/12/2003,5.5
24/12/2003,24.5
25/12/2003,2.0
26/12/2003,17.0
27/12/2003,11.0
28/12/2003,0.5
29/12/2003,29.5
30/12/2003,15.5
31/12/2003,7.0
01/01/2004,0.0
02/01/2004,0.0
03/01/2004,0.0
04/01/2004,13.0
05/01/2004,0.0
06/01/2004,0.0
07/01/2004,0.0
08/01/2004,52.5
09/01/2004,51.0
10/01/2004,15.5
11/01/2004,4.5
12/01/2004,2.0
13/01/2004,5.5
14/01/2004,4.5
15/01/2004,1.0
16/01/2004,7.0
17/01/2004,0.0
18/01/2004,0.0
19/01/2004,0.0
20/01/2004,0.0
21/01/2004,0.0
22/01/2004,1.0
23/01/2004,1.5
24/01/2004,1.0
25/01/2004,4.0
26/01/2004,4.5
27/01/2004,17.5
28/01/2004,69.0
29/01/2004,32.0
30/01/2004,7.5
31/01/2004,1.5
01/02/2004,8.5
02/02/2004,10.0
03/02/2004,0.0
04/02/2004,0.0
05/02/2004,0.0
06/02/2004,2.5
07/02/2004,0.0
08/02/2004,0.0
09/02/2004,0.5
10/02/2004,0.0
11/02/2004,2.5
12/02/2004,0.0
13/02/2004,6.0
14/02/2004,6.5
15/02/2004,0.0
16/02/2004,0.0
17/02/2004,0.0
18/02/2004,1.0
19/02/2004,0.0
20/02/2004,0.0
21/02/2004,0.0
22/02/2004,0.0
23/02/2004,0.0
24/02/2004,0.0
25/02/2004,0.0
26/02/2004,0.0
27/02/2004,0.0
28/02/2004,0.0
29/02/2004,0.0
01/03/2004,0.0
02/03/2004,0.0
03/03/2004,0.0
04/03/2004,0.0
05/03/2004,0.0
06/03/2004,0.0
07/03/2004,3.0
08/03/2004,38.5
09/03/2004,23.5
10/03/2004,7.0
11/03/2004,6.0
12/03/2004,0.0
13/03/2004,3.0
14/03/2004,0.0
15/03/2004,1.5
16/03/2004,0.0
17/03/2004,1.0
18/03/2004,0.0
19/03/2004,0.0
20/03/2004,0.0
21/03/2004,0.0
22/03/2004,0.0
23/03/2004,0.0
24/03/2004,0.0
25/03/2004,0.0
26/03/2004,0.0
27/03/2004,0.0
28/03/2004,0.0
29/03/2004,0.0
30/03/2004,0.0
31/03/2004,0.0
01/04/2004,0.0
02/04/2004,0.0
03/04/2004,0.0
04/04/2004,5.0
05/04/2004,2.5
06/04/2004,0.0
07/04/2004,0.0
08/04/2004,0.0
09/04/2004,0.0
10/04/2004,0.0
11/04/2004,0.0
12/04/2004,0.0
13/04/2004,0.0
14/04/2004,2.0
15/04/2004,0.0
16/04/2004,0.5
17/04/2004,0.0
18/04/2004,0.0
19/04/2004,0.0
20/04/2004,0.0
21/04/2004,0.0
22/04/2004,4.0
23/04/2004,1.0
24/04/2004,20.5
25/04/2004,9.0
26/04/2004,0.0
27/04/2004,0.0
28/04/2004,7.0
29/04/2004,22.5
30/04/2004,9.0
01/05/2004,6.5
02/05/2004,0.0
03/05/2004,0.0
04/05/2004,65.5
05/05/2004,0.0
06/05/2004,0.0
07/05/2004,17.5
08/05/2004,0.0
09/05/2004,0.0
10/05/2004,0.5
11/05/2004,1.5
12/05/2004,4.0
13/05/2004,2.0
14/05/2004,0.5
15/05/2004,0.0
16/05/2004,0.0
17/05/2004,0.0
18/05/2004,0.0
19/05/2004,0.0
20/05/2004,0.0
21/05/2004,0.0
22/05/2004,0.0
23/05/2004,9.5
24/05/2004,18.5
25/05/2004,2.5
26/05/2004,0.0
27/05/2004,22.0
28/05/2004,0.0
29/05/2004,0.0
30/05/2004,0.0
31/05/2004,2.0
01/06/2004,3.5
02/06/2004,8.5
03/06/2004,0.0
04/06/2004,2.0
05/06/2004,25.0
06/06/2004,0.5
07/06/2004,0.0
08/06/2004,16.5
09/06/2004,0.0
10/06/2004,0.0
11/06/2004,0.0
12/06/2004,6.5
13/06/2004,0.5
14/06/2004,0.0
15/06/2004,0.0
16/06/2004,0.0
17/06/2004,0.0
18/06/2004,1.0
19/06/2004,0.0
20/06/2004,0.0
21/06/2004,4.5
22/06/2004,0.0
23/06/2004,0.0
24/06/2004,0.0
25/06/2004,0.0
26/06/2004,0.0
27/06/2004,0.0
28/06/2004,16.5
29/06/2004,10.0
30/06/2004,0.5
01/07/2004,0.0
02/07/2004,0.0
03/07/2004,0.0
04/07/2004,38.0
05/07/2004,3.0
06/07/2004,0.0
07/07/2004,1.5
08/07/2004,23.5
09/07/2004,0.5
10/07/2004,0.0
11/07/2004,15.5
12/07/2004,5.0
13/07/2004,0.0
14/07/2004,3.5
15/07/2004,13.5
16/07/2004,2.0
17/07/2004,2.5
18/07/2004,1.5
19/07/2004,60.0
20/07/2004,25.0
21/07/2004,0.0
22/07/2004,0.0
23/07/2004,3.5
24/07/2004,0.5
25/07/2004,1.5
26/07/2004,1.5
27/07/2004,1.5
28/07/2004,24.0
29/07/2004,0.5
30/07/2004,0.0
31/07/2004,0.0
01/08/2004,11.0
02/08/2004,0.0
03/08/2004,0.0
04/08/2004,0.0
05/08/2004,0.0
06/08/2004,0.0
07/08/2004,0.0
08/08/2004,0.0
09/08/2004,0.0
10/08/2004,0.0
11/08/2004,1.0
12/08/2004,1.5
13/08/2004,3.5
14/08/2004,36.0
15/08/2004,19.0
16/08/2004,0.0
17/08/2004,0.0
18/08/2004,0.0
19/08/2004,0.0
20/08/2004,1.5
21/08/2004,0.0
22/08/2004,21.0
23/08/2004,5.0
24/08/2004,0.0
25/08/2004,5.5
26/08/2004,0.0
27/08/2004,0.0
28/08/2004,11.5
29/08/2004,0.0
30/08/2004,0.0
31/08/2004,0.0
01/09/2004,0.0
02/09/2004,0.0
03/09/2004,0.0
04/09/2004,0.0
05/09/2004,0.0
06/09/2004,0.0
07/09/2004,0.0
08/09/2004,0.0
09/09/2004,0.0
10/09/2004,0.0
11/09/2004,0.0
12/09/2004,0.0
13/09/2004,0.0
14/09/2004,0.0
15/09/2004,1.9
16/09/2004,0.0
17/09/2004,0.0
18/09/2004,22.9
19/09/2004,0.3
20/09/2004,0.0
21/09/2004,0.1
22/09/2004,0.6
23/09/2004,0.2
24/09/2004,0.0
25/09/2004,31.2
26/09/2004,44.2
27/09/2004,0.0
28/09/2004,0.0
29/09/2004,15.0
30/09/2004,10.8
01/10/2004,0.8
02/10/2004,13.5
03/10/2004,0.0
04/10/2004,10.4
05/10/2004,1.1
06/10/2004,0.0
07/10/2004,0.0
08/10/2004,0.6
09/10/2004,0.7
10/10/2004,7.8
11/10/2004,1.5
12/10/2004,60.0
13/10/2004,13.5
14/10/2004,15.0
15/10/2004,0.5
16/10/2004,0.0
17/10/2004,0.0
18/10/2004,2.0
19/10/2004,59.5
20/10/2004,16.0
21/10/2004,11.5
22/10/2004,4.0
23/10/2004,29.0
24/10/2004,0.0
25/10/2004,47.0
26/10/2004,44.5
27/10/2004,69.5
28/10/2004,14.5
29/10/2004,81.0
30/10/2004,136.0
31/10/2004,0.5
01/11/2004,78.0
02/11/2004,12.0
03/11/2004,5.0
04/11/2004,73.5
05/11/2004,56.0
06/11/2004,39.5
07/11/2004,0.5
08/11/2004,0.0
09/11/2004,5.5
10/11/2004,8.5
11/11/2004,26.5
12/11/2004,5.5
13/11/2004,26.5
14/11/2004,1.5
15/11/2004,26.0
16/11/2004,8.5
17/11/2004,0.0
18/11/2004,4.5
19/11/2004,3.5
20/11/2004,10.5
21/11/2004,23.5
22/11/2004,14.5
23/11/2004,0.0
24/11/2004,0.0
25/11/2004,0.0
26/11/2004,28.0
27/11/2004,32.0
28/11/2004,128.0
29/11/2004,75.0
30/11/2004,0.5
01/12/2004,5.0
02/12/2004,0.0
03/12/2004,2.0
04/12/2004,0.0
05/12/2004,2.5
06/12/2004,27.0
07/12/2004,73.0
08/12/2004,163.0
09/12/2004,66.0
10/12/2004,272.5
11/12/2004,132.0
12/12/2004,22.0
13/12/2004,16.5
14/12/2004,2.5
15/12/2004,0.0
16/12/2004,8.0
17/12/2004,58.0
18/12/2004,0.5
19/12/2004,0.0
20/12/2004,0.0
21/12/2004,0.0
22/12/2004,1.0
23/12/2004,0.0
24/12/2004,0.0
25/12/2004,0.0
26/12/2004,0.0
27/12/2004,0.0
28/12/2004,0.0
29/12/2004,2.0
30/12/2004,4.0
31/12/2004,1.0
01/01/2005,11.0
02/01/2005,10.0
03/01/2005,0.5
04/01/2005,1.5
05/01/2005,0.0
06/01/2005,0.0
07/01/2005,10.5
08/01/2005,14.0
09/01/2005,7.5
10/01/2005,4.0
11/01/2005,0.0
12/01/2005,0.0
13/01/2005,0.7
14/01/2005,4.6
15/01/2005,0.0
16/01/2005,0.0
17/01/2005,0.0
18/01/2005,0.0
19/01/2005,0.0
20/01/2005,0.0
21/01/2005,11.8
22/01/2005,15.8
23/01/2005,1.1
24/01/2005,0.0
25/01/2005,0.0
26/01/2005,0.0
27/01/2005,0.0
28/01/2005,0.0
29/01/2005,0.0
31/03/2005,0.5
01/04/2005,0.0
02/04/2005,5.0
03/04/2005,10.5
04/04/2005,12.0
05/04/2005,15.5
06/04/2005,8.5
07/04/2005,1.0
08/04/2005,0.0
09/04/2005,2.5
10/04/2005,2.0
11/04/2005,1.0
12/04/2005,0.0
13/04/2005,0.0
14/04/2005,0.0
15/04/2005,1.0
16/04/2005,0.0
17/04/2005,0.0
18/04/2005,0.0
19/04/2005,0.0
20/04/2005,0.0
21/04/2005,0.0
22/04/2005,1.0
13/05/2005,20.5
14/05/2005,0.5
15/05/2005,75.5
16/05/2005,15.0
17/05/2005,20.0
18/05/2005,39.0
19/05/2005,1.0
20/05/2005,0.0
21/05/2005,38.0
22/05/2005,10.0
23/05/2005,12.5
24/05/2005,123.0
25/05/2005,0.0
26/05/2005,2.0
27/05/2005,0.0
28/05/2005,0.0
29/05/2005,6.0
30/05/2005,0.0
31/05/2005,0.0
01/06/2005,25.0
02/06/2005,5.5
03/06/2005,0.5
04/06/2005,1.0
05/06/2005,2.5
06/06/2005,0.5
07/06/2005,0.5
08/06/2005,0.0
09/06/2005,0.0
10/06/2005,0.0
11/06/2005,0.0
12/06/2005,0.0
13/06/2005,1.0
14/06/2005,0.5
15/06/2005,0.5
16/06/2005,0.5
17/06/2005,0.5
18/06/2005,0.5
19/06/2005,0.5
20/06/2005,0.5
21/06/2005,0.5
22/06/2005,0.5
23/06/2005,0.5
24/06/2005,0.5
25/06/2005,0.5
26/06/2005,0.5
27/06/2005,0.0
28/06/2005,0.5
29/06/2005,0.5
30/06/2005,0.0
01/07/2005,0.0
02/07/2005,0.0
03/07/2005,0.5
04/07/2005,0.0
05/07/2005,0.5
06/07/2005,0.0
07/07/2005,0.5
08/07/2005,0.0
09/07/2005,0.5
10/07/2005,0.5
11/07/2005,0.0
12/07/2005,0.5
13/07/2005,0.0
14/07/2005,0.5
15/07/2005,0.5
16/07/2005,0.0
17/07/2005,0.5
18/07/2005,0.0
19/07/2005,0.5
20/07/2005,0.0
21/07/2005,0.5
22/07/2005,0.0
23/07/2005,0.5
24/07/2005,0.5
25/07/2005,0.0
26/07/2005,0.5
27/07/2005,0.0
28/07/2005,0.5
29/07/2005,0.0
30/07/2005,0.0
31/07/2005,0.5
01/08/2005,1.0
02/08/2005,4.0
03/08/2005,8.0
04/08/2005,6.5
05/08/2005,0.0
06/08/2005,10.5
07/08/2005,0.0
08/08/2005,0.0
09/08/2005,0.5
10/08/2005,0.0
11/08/2005,1.5
12/08/2005,0.0
13/08/2005,0.0
14/08/2005,0.0
15/08/2005,0.0
16/08/2005,0.0
17/08/2005,0.0
18/08/2005,7.5
19/08/2005,0.0
20/08/2005,21.0
21/08/2005,3.5
22/08/2005,0.0
23/08/2005,26.0
24/08/2005,0.5
25/08/2005,5.0
26/08/2005,0.0
27/08/2005,3.5
28/08/2005,1.5
29/08/2005,0.5
30/08/2005,0.0
31/08/2005,0.0
01/09/2005,0.0
02/09/2005,0.0
03/09/2005,5.0
04/09/2005,230.0
05/09/2005,110.0
06/09/2005,130.0
07/09/2005,35.0
08/09/2005,25.0
09/09/2005,0.0
10/09/2005,0.0
11/09/2005,85.0
12/09/2005,0.0
13/09/2005,0.0
14/09/2005,0.0
15/09/2005,0.0
16/09/2005,0.0
17/09/2005,390.0
18/09/2005,10.0
19/09/2005,530.0
20/09/2005,0.0
21/09/2005,0.0
22/09/2005,195.0
23/09/2005,295.0
24/09/2005,125.0
25/09/2005,0.0
26/09/2005,0.0
27/09/2005,65.0
28/09/2005,0.0
29/09/2005,2.5
30/09/2005,0.0
01/10/2005,2.5
02/10/2005,0.5
03/10/2005,0.0
04/10/2005,0.5
05/10/2005,12.5
06/10/2005,10.5
07/10/2005,26.0
08/10/2005,11.0
09/10/2005,2.0
10/10/2005,0.5
11/10/2005,0.0
12/10/2005,0.0
13/10/2005,0.0
14/10/2005,24.5
15/10/2005,0.5
16/10/2005,11.0
17/10/2005,3.5
18/10/2005,2.0
19/10/2005,3.0
20/10/2005,23.0
21/10/2005,0.0
22/10/2005,5.0
23/10/2005,0.0
24/10/2005,5.5
25/10/2005,0.0
26/10/2005,12.0
27/10/2005,10.5
28/10/2005,25.0
29/10/2005,0.0
30/10/2005,0.0
31/10/2005,2.5
01/11/2005,0.0
02/11/2005,13.0
03/11/2005,0.5
04/11/2005,9.5
05/11/2005,0.0
06/11/2005,12.0
07/11/2005,0.0
08/11/2005,11.5
09/11/2005,5.5
10/11/2005,0.0
11/11/2005,40.5
12/11/2005,6.0
13/11/2005,39.0
14/11/2005,10.0
15/11/2005,74.5
16/11/2005,0.0
17/11/2005,0.0
18/11/2005,13.0
19/11/2005,20.0
20/11/2005,76.5
21/11/2005,39.0
22/11/2005,163.0
23/11/2005,140.0
24/11/2005,14.5
25/11/2005,2.5
26/11/2005,4.5
27/11/2005,1.0
28/11/2005,6.0
29/11/2005,0.0
30/11/2005,1.0
01/12/2005,2.5
02/12/2005,27.5
03/12/2005,1.0
04/12/2005,12.5
05/12/2005,7.5
06/12/2005,28.5
07/12/2005,99.5
08/12/2005,20.5
09/12/2005,15.5
10/12/2005,2.0
11/12/2005,0.5
12/12/2005,16.0
13/12/2005,28.5
14/12/2005,13.5
15/12/2005,1.0
16/12/2005,35.5
17/12/2005,491.5
18/12/2005,16.0
19/12/2005,14.5
20/12/2005,0.0
21/12/2005,0.5
22/12/2005,68.5
23/12/2005,71.5
24/12/2005,112.5
25/12/2005,61.0
26/12/2005,9.0
27/12/2005,1.0
28/12/2005,5.0
29/12/2005,0.5
30/12/2005,0.0
31/12/2005,16.5
01/01/2006,46.5
02/01/2006,38.0
03/01/2006,69.5
04/01/2006,43.5
05/01/2006,3.5
06/01/2006,31.0
07/01/2006,69.5
08/01/2006,14.0
09/01/2006,24.0
10/01/2006,15.5
11/01/2006,10.5
12/01/2006,7.5
01/06/2006,0.5
02/06/2006,0.0
03/06/2006,0.0
04/06/2006,0.0
05/06/2006,0.0
06/06/2006,0.5
07/06/2006,19.0
08/06/2006,0.5
09/06/2006,0.0
10/06/2006,0.0
11/06/2006,0.0
12/06/2006,1.0
13/06/2006,0.0
14/06/2006,2.0
15/06/2006,1.0
16/06/2006,0.0
17/06/2006,19.0
18/06/2006,2.5
19/06/2006,5.5
20/06/2006,1.5
21/06/2006,20.5
22/06/2006,8.0
23/06/2006,9.0
24/06/2006,46.0
23/08/2006,1.5
24/08/2006,1.0
25/08/2006,0.0
26/08/2006,0.0
27/08/2006,0.0
28/08/2006,2.0
29/08/2006,41.0
30/08/2006,49.1
31/08/2006,35.9
01/09/2006,0.0
02/09/2006,2.0
03/09/2006,0.0
04/09/2006,1.0
05/09/2006,0.0
06/09/2006,0.0
07/09/2006,0.0
08/09/2006,24.0
09/09/2006,0.0
10/09/2006,3.0
11/09/2006,0.0
12/09/2006,0.0
13/09/2006,0.0
14/09/2006,1.8
15/09/2006,1.2
16/09/2006,1.0
17/09/2006,10.4
18/09/2006,21.0
19/09/2006,0.0
20/09/2006,0.0
21/09/2006,17.0
22/09/2006,35.0
23/09/2006,9.5
24/09/2006,3.5
25/09/2006,5.0
26/09/2006,0.1
27/09/2006,0.0
28/09/2006,27.5
29/09/2006,1.0
30/09/2006,0.0
01/10/2006,0.0
02/10/2006,17.5
03/10/2006,0.0
04/10/2006,10.9
05/10/2006,3.6
06/10/2006,0.0
07/10/2006,0.0
08/10/2006,0.0
09/10/2006,0.0
10/10/2006,3.0
11/10/2006,5.5
12/10/2006,0.0
13/10/2006,0.0
14/10/2006,0.0
15/10/2006,14.0
16/10/2006,2.5
17/10/2006,5.0
18/10/2006,0.0
19/10/2006,0.5
20/10/2006,0.0
21/10/2006,66.5
22/10/2006,51.0
23/10/2006,0.4
24/10/2006,24.9
25/10/2006,9.5
26/10/2006,0.6
27/10/2006,1.0
28/10/2006,0.0
29/10/2006,0.0
30/10/2006,49.9
31/10/2006,19.1
01/11/2006,4.0
02/11/2006,0.0
03/11/2006,18.2
04/11/2006,13.8
05/11/2006,0.0
06/11/2006,12.9
07/11/2006,40.1
08/11/2006,5.5
09/11/2006,0.5
10/11/2006,24.3
11/11/2006,27.0
12/11/2006,21.8
13/11/2006,15.4
14/11/2006,2.5
15/11/2006,0.0
16/11/2006,5.3
17/11/2006,33.6
18/11/2006,22.0
19/11/2006,29.6
20/11/2006,1.5
21/11/2006,24.0
22/11/2006,0.5
23/11/2006,3.3
24/11/2006,43.1
25/11/2006,8.6
26/11/2006,24.9
27/11/2006,3.1
28/11/2006,6.0
29/11/2006,15.3
30/11/2006,20.1
01/12/2006,26.8
02/12/2006,19.8
03/12/2006,0.0
04/12/2006,0.0
05/12/2006,0.0
06/12/2006,0.0
07/12/2006,6.0
08/12/2006,45.7
09/12/2006,20.3
10/12/2006,0.5
11/12/2006,15.4
12/12/2006,0.1
13/12/2006,0.0
14/12/2006,15.8
15/12/2006,10.1
16/12/2006,42.3
17/12/2006,29.7
18/12/2006,9.0
19/12/2006,60.9
20/12/2006,127.2
21/12/2006,81.0
22/12/2006,6.0
23/12/2006,0.0
24/12/2006,0.0
25/12/2006,1.0
26/12/2006,18.7
27/12/2006,15.9
28/12/2006,0.5
29/12/2006,0.5
30/12/2006,0.0
31/12/2006,0.0
01/01/2007,2.5
02/01/2007,0.5
03/01/2007,0.0
04/01/2007,0.4
05/01/2007,4.3
06/01/2007,27.9
07/01/2007,370.1
08/01/2007,70.3
09/01/2007,71.7
10/01/2007,42.0
11/01/2007,12.5
12/01/2007,14.3
13/01/2007,35.2
14/01/2007,14.0
15/01/2007,3.2
16/01/2007,7.8
17/01/2007,21.3
18/01/2007,13.4
19/01/2007,113.9
20/01/2007,130.5
21/01/2007,5.1
22/01/2007,5.4
23/01/2007,6.4
24/01/2007,0.7
25/01/2007,2.0
26/01/2007,16.5
27/01/2007,26.0
28/01/2007,4.5
29/01/2007,0.0
30/01/2007,0.0
31/01/2007,0.0
01/02/2007,0.0
02/02/2007,0.0
03/02/2007,0.5
04/02/2007,0.0
05/02/2007,10.1
06/02/2007,1.9
07/02/2007,3.5
08/02/2007,0.0
09/02/2007,0.0
10/02/2007,0.0
11/02/2007,4.3
12/02/2007,7.7
13/02/2007,0.0
14/02/2007,0.0
15/02/2007,0.0
16/02/2007,0.5
17/02/2007,0.0
18/02/2007,0.0
19/02/2007,0.0
20/02/2007,0.0
21/02/2007,0.0
22/02/2007,1.0
23/02/2007,0.0
24/02/2007,0.0
25/02/2007,0.0
26/02/2007,0.0
27/02/2007,0.0
28/02/2007,0.0
01/03/2007,0.0
02/03/2007,0.0
03/03/2007,0.0
04/03/2007,0.0
05/03/2007,0.0
06/03/2007,0.0
07/03/2007,0.0
08/03/2007,0.0
09/03/2007,0.0
10/03/2007,0.0
11/03/2007,0.4
12/03/2007,8.1
13/03/2007,3.0
14/03/2007,0.0
15/03/2007,0.0
16/03/2007,0.0
17/03/2007,0.0
18/03/2007,0.5
19/03/2007,0.0
20/03/2007,5.5
21/03/2007,0.0
22/03/2007,0.0
23/03/2007,0.0
24/03/2007,31.0
25/03/2007,0.5
26/03/2007,0.0
27/03/2007,0.0
28/03/2007,0.5
29/03/2007,10.5
30/03/2007,0.0
31/03/2007,60.5
01/04/2007,8.5
02/04/2007,6.0
03/04/2007,0.0
04/04/2007,0.0
05/04/2007,0.0
06/04/2007,0.5
07/04/2007,4.0
08/04/2007,0.4
09/04/2007,8.1
10/04/2007,21.5
11/04/2007,0.5
12/04/2007,31.0
13/04/2007,10.5
14/04/2007,0.0
15/04/2007,0.0
16/04/2007,9.5
17/04/2007,0.0
18/04/2007,0.0
19/04/2007,0.0
20/04/2007,0.0
21/04/2007,0.0
22/04/2007,0.0
23/04/2007,0.0
24/04/2007,1.0
25/04/2007,20.5
26/04/2007,0.5
27/04/2007,21.0
28/04/2007,0.5
29/04/2007,7.7
30/04/2007,7.8
01/05/2007,2.5
02/05/2007,0.0
03/05/2007,0.0
04/05/2007,0.0
05/05/2007,2.0
06/05/2007,32.3
07/05/2007,8.2
08/05/2007,0.0
09/05/2007,0.0
10/05/2007,1.0
11/05/2007,14.5
12/05/2007,0.0
13/05/2007,7.0
14/05/2007,1.9
15/05/2007,29.6
16/05/2007,0.5
17/05/2007,1.0
18/05/2007,10.5
19/05/2007,2.0
20/05/2007,36.0
21/05/2007,11.5
22/05/2007,0.5
23/05/2007,0.0
24/05/2007,1.5
25/05/2007,0.5
26/05/2007,0.0
27/05/2007,0.0
28/05/2007,3.2
29/05/2007,10.8
30/05/2007,0.0
31/05/2007,11.5
01/06/2007,0.0
02/06/2007,0.0
03/06/2007,0.0
04/06/2007,7.0
05/06/2007,1.5
06/06/2007,16.1
07/06/2007,39.9
08/06/2007,0.0
09/06/2007,0.0
10/06/2007,0.0
11/06/2007,13.5
12/06/2007,0.5
13/06/2007,0.5
14/06/2007,7.0
15/06/2007,0.4
16/06/2007,19.0
17/06/2007,5.7
18/06/2007,0.5
19/06/2007,73.0
20/06/2007,0.0
21/06/2007,0.5
22/06/2007,0.0
23/06/2007,3.5
24/06/2007,0.5
25/06/2007,0.5
26/06/2007,0.0
27/06/2007,0.0
28/06/2007,2.0
29/06/2007,0.5
30/06/2007,0.0
01/07/2007,0.0
02/07/2007,0.0
03/07/2007,0.0
04/07/2007,0.5
05/07/2007,2.5
06/07/2007,0.0
07/07/2007,0.5
08/07/2007,42.5
09/07/2007,0.0
10/07/2007,0.0
11/07/2007,1.0
12/07/2007,0.0
13/07/2007,0.8
14/07/2007,0.2
15/07/2007,0.0
16/07/2007,0.0
17/07/2007,4.7
18/07/2007,3.0
19/07/2007,0.3
20/07/2007,0.0
21/07/2007,11.3
22/07/2007,8.3
23/07/2007,1.3
24/07/2007,0.5
25/07/2007,0.0
26/07/2007,0.0
27/07/2007,73.1
28/07/2007,1.9
29/07/2007,6.5
30/07/2007,9.5
31/07/2007,20.6
01/08/2007,2.3
02/08/2007,12.1
03/08/2007,0.0
04/08/2007,0.0
05/08/2007,0.0
06/08/2007,0.5
07/08/2007,0.0
08/08/2007,0.0
09/08/2007,0.0
10/08/2007,0.0
11/08/2007,2.0
12/08/2007,15.5
13/08/2007,0.0
14/08/2007,0.3
15/08/2007,0.2
16/08/2007,3.1
17/08/2007,35.9
18/08/2007,17.0
19/08/2007,31.8
20/08/2007,21.7
21/08/2007,23.5
22/08/2007,0.5
23/08/2007,46.4
24/08/2007,55.1
25/08/2007,13.3
26/08/2007,4.7
27/08/2007,2.0
28/08/2007,13.5
29/08/2007,5.0
30/08/2007,0.0
31/08/2007,0.0
01/09/2007,0.0
02/09/2007,12.0
03/09/2007,9.0
04/09/2007,0.0
05/09/2007,0.0
06/09/2007,0.0
07/09/2007,1.5
08/09/2007,8.0
09/09/2007,3.5
10/09/2007,1.5
11/09/2007,27.2
12/09/2007,1.8
13/09/2007,27.5
14/09/2007,41.2
15/09/2007,1.7
16/09/2007,0.1
17/09/2007,0.0
18/09/2007,16.7
19/09/2007,8.3
20/09/2007,0.0
21/09/2007,6.2
22/09/2007,39.7
23/09/2007,0.1
24/09/2007,2.4
25/09/2007,1.6
26/09/2007,20.0
27/09/2007,0.0
28/09/2007,0.0
29/09/2007,0.0
30/09/2007,4.5
01/10/2007,0.0
02/10/2007,0.0
03/10/2007,0.0
04/10/2007,0.9
05/10/2007,10.6
06/10/2007,0.5
07/10/2007,0.4
08/10/2007,1.6
09/10/2007,0.0
10/10/2007,0.4
11/10/2007,0.1
12/10/2007,0.0
13/10/2007,0.0
14/10/2007,0.0
15/10/2007,0.5
16/10/2007,2.0
17/10/2007,19.5
18/10/2007,0.9
19/10/2007,4.6
20/10/2007,10.0
21/10/2007,57.0
22/10/2007,13.0
23/10/2007,74.0
24/10/2007,11.0
25/10/2007,10.0
26/10/2007,46.8
27/10/2007,1.8
28/10/2007,7.3
29/10/2007,69.1
30/10/2007,28.5
30/11/2007,0.0
01/12/2007,0.0
02/12/2007,0.4
03/12/2007,6.6
04/12/2007,5.9
05/12/2007,31.1
06/12/2007,193.2
07/12/2007,196.1
08/12/2007,89.7
09/12/2007,29.2
10/12/2007,91.2
11/12/2007,89.5
12/12/2007,11.4
13/12/2007,34.6
14/12/2007,226.0
15/12/2007,20.9
16/12/2007,38.0
17/12/2007,28.0
18/12/2007,20.5
19/12/2007,16.2
20/12/2007,10.1
21/12/2007,17.6
22/12/2007,0.0
23/12/2007,0.0
24/12/2007,0.0
25/12/2007,0.0
26/12/2007,0.0
27/12/2007,0.0
28/12/2007,0.0
29/12/2007,0.0
30/12/2007,0.0
31/12/2007,15.5
01/01/2008,40.5
02/01/2008,35.3
03/01/2008,4.2
04/01/2008,10.4
05/01/2008,28.2
06/01/2008,12.3
07/01/2008,3.8
08/01/2008,17.2
09/01/2008,0.5
10/01/2008,0.0
11/01/2008,0.0
12/01/2008,0.0
13/01/2008,0.0
14/01/2008,0.0
15/01/2008,0.0
16/01/2008,0.0
17/01/2008,0.0
18/01/2008,0.0
19/01/2008,0.0
20/01/2008,0.0
21/01/2008,0.0
22/01/2008,0.0
23/01/2008,0.0
24/01/2008,0.0
25/01/2008,0.0
26/01/2008,0.0
27/01/2008,0.0
28/01/2008,0.0
29/01/2008,0.0
30/01/2008,0.0
31/01/2008,0.0
01/02/2008,0.0
02/02/2008,0.0
03/02/2008,0.0
04/02/2008,0.0
05/02/2008,0.0
06/02/2008,0.0
07/02/2008,0.0
08/02/2008,0.0
09/02/2008,0.0
10/02/2008,0.0
11/02/2008,0.0
12/02/2008,0.0
13/02/2008,0.0
14/02/2008,0.0
15/02/2008,0.0
16/02/2008,0.0
17/02/2008,0.0
18/02/2008,0.0
19/02/2008,0.0
20/02/2008,0.0
21/02/2008,0.0
22/02/2008,0.0
23/02/2008,0.0
24/02/2008,0.3
25/02/2008,12.2
26/02/2008,0.0
27/02/2008,38.6
28/02/2008,180.7
29/02/2008,28.0
01/03/2008,8.8
02/03/2008,0.9
03/03/2008,0.0
04/03/2008,0.9
05/03/2008,1.8
06/03/2008,77.3
07/03/2008,65.6
08/03/2008,27.1
09/03/2008,17.6
10/03/2008,13.4
11/03/2008,17.0
12/03/2008,8.8
13/03/2008,1.1
14/03/2008,9.9
15/03/2008,35.1
16/03/2008,0.4
17/03/2008,0.6
18/03/2008,0.0
19/03/2008,0.0
20/03/2008,0.0
21/03/2008,3.0
22/03/2008,9.5
23/03/2008,1.3
24/03/2008,19.1
25/03/2008,41.0
26/03/2008,17.0
27/03/2008,0.0
28/03/2008,0.0
29/03/2008,0.0
30/03/2008,0.0
31/03/2008,2.0
01/04/2008,0.0
02/04/2008,1.0
03/04/2008,1.4
04/04/2008,4.1
05/04/2008,6.5
06/04/2008,4.0
07/04/2008,0.0
08/04/2008,0.0
09/04/2008,0.0
10/04/2008,0.0
11/04/2008,0.5
12/04/2008,0.0
13/04/2008,0.0
14/04/2008,0.0
15/04/2008,0.0
16/04/2008,0.0
17/04/2008,0.0
18/04/2008,0.0
19/04/2008,0.0
20/04/2008,0.0
21/04/2008,0.0
22/04/2008,14.5
23/04/2008,11.5
24/04/2008,26.0
25/04/2008,2.0
26/04/2008,2.0
27/04/2008,0.5
28/04/2008,4.2
29/04/2008,13.3
30/04/2008,0.0
01/05/2008,5.0
02/05/2008,2.5
03/05/2008,4.0
04/05/2008,0.5
05/05/2008,21.0
06/05/2008,0.5
07/05/2008,6.0
08/05/2008,14.5
09/05/2008,8.5
10/05/2008,1.4
11/05/2008,0.1
12/05/2008,0.0
13/05/2008,0.0
14/05/2008,1.0
15/05/2008,0.0
16/05/2008,0.0
17/05/2008,0.0
18/05/2008,0.4
19/05/2008,1.4
20/05/2008,26.6
21/05/2008,18.5
22/05/2008,2.0
23/05/2008,0.0
24/05/2008,0.5
25/05/2008,4.0
26/05/2008,0.0
27/05/2008,12.5
28/05/2008,0.0
29/05/2008,0.5
30/05/2008,0.0
31/05/2008,0.0
01/06/2008,10.0
02/06/2008,0.0
03/06/2008,5.0
04/06/2008,0.0
05/06/2008,0.0
06/06/2008,20.0
07/06/2008,0.4
08/06/2008,2.0
09/06/2008,6.1
10/06/2008,18.0
11/06/2008,51.0
12/06/2008,0.0
13/06/2008,0.0
14/06/2008,1.2
15/06/2008,0.3
16/06/2008,30.5
17/06/2008,0.0
18/06/2008,0.0
19/06/2008,2.5
20/06/2008,0.0
21/06/2008,14.9
22/06/2008,14.6
23/06/2008,8.6
24/06/2008,0.4
25/06/2008,0.3
26/06/2008,30.1
27/06/2008,16.0
28/06/2008,0.0
29/06/2008,24.5
30/06/2008,0.5
01/07/2008,6.0
02/07/2008,0.5
03/07/2008,68.5
04/07/2008,0.0
05/07/2008,0.0
06/07/2008,0.0
07/07/2008,17.4
08/07/2008,12.1
09/07/2008,0.0
10/07/2008,0.4
11/07/2008,0.6
12/07/2008,0.0
13/07/2008,0.0
14/07/2008,17.0
15/07/2008,1.0
16/07/2008,0.0
17/07/2008,0.0
18/07/2008,0.0
19/07/2008,1.0
20/07/2008,6.5
21/07/2008,17.5
22/07/2008,0.0
23/07/2008,14.0
24/07/2008,11.6
25/07/2008,12.4
26/07/2008,13.0
27/07/2008,0.5
28/07/2008,0.0
29/07/2008,0.0
30/07/2008,0.0
31/07/2008,0.0
01/08/2008,0.0
02/08/2008,0.5
03/08/2008,38.5
04/08/2008,0.4
05/08/2008,19.6
06/08/2008,1.5
07/08/2008,1.9
08/08/2008,0.1
09/08/2008,0.0
10/08/2008,16.0
11/08/2008,4.6
12/08/2008,54.1
13/08/2008,3.8
14/08/2008,7.5
15/08/2008,3.0
16/08/2008,36.0
17/08/2008,7.2
18/08/2008,26.8
19/08/2008,0.5
20/08/2008,1.0
21/08/2008,2.8
22/08/2008,2.1
23/08/2008,7.1
24/08/2008,0.0
25/08/2008,25.0
26/08/2008,12.5
27/08/2008,0.0
28/08/2008,12.5
29/08/2008,69.0
30/08/2008,0.0
31/08/2008,0.0
01/09/2008,0.0
02/09/2008,47.0
03/09/2008,0.0
04/09/2008,0.0
05/09/2008,24.0
06/09/2008,109.1
07/09/2008,7.4
08/09/2008,0.5
09/09/2008,0.0
10/09/2008,0.0
11/09/2008,0.0
12/09/2008,0.0
13/09/2008,40.3
14/09/2008,4.9
15/09/2008,0.3
16/09/2008,1.5
17/09/2008,0.0
18/09/2008,0.0
19/09/2008,0.0
20/09/2008,0.0
21/09/2008,47.8
22/09/2008,0.7
23/09/2008,0.0
24/09/2008,0.0
25/09/2008,0.0
26/09/2008,52.5
27/09/2008,0.0
28/09/2008,24.5
29/09/2008,14.5
30/09/2008,0.0
01/10/2008,2.5
02/10/2008,0.0
03/10/2008,5.5
04/10/2008,42.0
05/10/2008,0.0
06/10/2008,0.4
07/10/2008,1.1
08/10/2008,0.5
09/10/2008,16.0
10/10/2008,0.0
11/10/2008,0.0
12/10/2008,0.0
13/10/2008,2.5
14/10/2008,0.0
15/10/2008,0.0
16/10/2008,3.5
17/10/2008,0.5
18/10/2008,1.0
19/10/2008,5.0
20/10/2008,0.5
21/10/2008,21.0
22/10/2008,57.7
23/10/2008,3.3
24/10/2008,7.0
25/10/2008,7.9
26/10/2008,2.6
27/10/2008,99.5
28/10/2008,0.5
29/10/2008,11.5
30/10/2008,21.5
31/10/2008,0.0
01/11/2008,0.0
02/11/2008,35.5
03/11/2008,1.0
04/11/2008,1.5
05/11/2008,13.5
06/11/2008,41.0
07/11/2008,10.5
08/11/2008,5.9
09/11/2008,0.6
10/11/2008,4.5
11/11/2008,30.0
12/11/2008,5.0
13/11/2008,12.6
14/11/2008,7.5
15/11/2008,0.0
16/11/2008,0.0
17/11/2008,15.0
18/11/2008,4.6
19/11/2008,38.5
20/11/2008,125.8
21/11/2008,13.7
22/11/2008,5.7
23/11/2008,26.5
24/11/2008,12.4
25/11/2008,15.8
26/11/2008,10.7
27/11/2008,24.6
28/11/2008,14.6
29/11/2008,340.9
30/11/2008,0.7
01/12/2008,32.0
02/12/2008,27.0
03/12/2008,0.0
04/12/2008,0.0
05/12/2008,15.5
06/12/2008,227.6
07/12/2008,38.5
08/12/2008,24.8
09/12/2008,0.0
10/12/2008,10.0
11/12/2008,21.5
12/12/2008,0.4
13/12/2008,9.9
14/12/2008,10.2
15/12/2008,12.7
16/12/2008,9.8
17/12/2008,6.7
18/12/2008,0.3
19/12/2008,7.4
20/12/2008,5.1
21/12/2008,0.0
22/12/2008,6.0
23/12/2008,4.0
24/12/2008,22.1
25/12/2008,43.4
26/12/2008,5.9
27/12/2008,8.6
28/12/2008,21.7
29/12/2008,30.8
30/12/2008,13.0
31/12/2008,22.2
01/01/2009,133.5
02/01/2009,178.7
03/01/2009,84.2
04/01/2009,47.7
05/01/2009,3.3
06/01/2009,0.0
07/01/2009,1.1
08/01/2009,5.8
09/01/2009,0.6
10/01/2009,9.9
11/01/2009,1.1
12/01/2009,6.0
13/01/2009,52.8
14/01/2009,19.8
15/01/2009,1.5
16/01/2009,11.8
17/01/2009,0.7
18/01/2009,0.0
19/01/2009,0.0
20/01/2009,0.0
21/01/2009,0.0
22/01/2009,0.0
23/01/2009,0.5
24/01/2009,32.1
25/01/2009,52.0
26/01/2009,1.0
27/01/2009,0.0
28/01/2009,0.0
29/01/2009,0.0
30/01/2009,0.0
31/01/2009,0.0
01/02/2009,0.0
02/02/2009,0.0
03/02/2009,0.0
04/02/2009,0.0
05/02/2009,0.0
06/02/2009,0.0
07/02/2009,0.0
08/02/2009,0.0
09/02/2009,0.0
10/02/2009,0.0
11/02/2009,0.0
12/02/2009,0.0
13/02/2009,0.0
14/02/2009,12.0
15/02/2009,1.0
16/02/2009,4.0
17/02/2009,0.0
18/02/2009,0.0
19/02/2009,0.0
20/02/2009,0.0
21/02/2009,7.5
22/02/2009,2.0
23/02/2009,1.0
24/02/2009,0.0
25/02/2009,1.0
26/02/2009,0.5
27/02/2009,0.0
28/02/2009,0.5
01/03/2009,16.6
02/03/2009,63.4
03/03/2009,125.1
04/03/2009,0.0
05/03/2009,0.5
06/03/2009,26.0
07/03/2009,76.5
08/03/2009,0.5
09/03/2009,8.5
10/03/2009,0.5
11/03/2009,0.0
12/03/2009,0.0
13/03/2009,0.4
14/03/2009,19.2
15/03/2009,103.9
16/03/2009,35.6
17/03/2009,0.5
18/03/2009,0.4
19/03/2009,58.6
20/03/2009,36.0
21/03/2009,0.5
22/03/2009,0.0
23/03/2009,0.5
24/03/2009,0.0
25/03/2009,0.0
26/03/2009,0.0
27/03/2009,3.0
28/03/2009,111.3
29/03/2009,0.2
30/03/2009,0.0
31/03/2009,0.0
01/04/2009,1.0
02/04/2009,12.0
03/04/2009,17.4
04/04/2009,12.6
05/04/2009,7.5
06/04/2009,0.0
07/04/2009,44.0
08/04/2009,0.0
09/04/2009,1.5
10/04/2009,11.0
11/04/2009,7.0
12/04/2009,6.0
13/04/2009,0.0
14/04/2009,4.5
15/04/2009,47.3
16/04/2009,0.2
17/04/2009,0.0
18/04/2009,2.5
19/04/2009,0.0
20/04/2009,2.5
21/04/2009,0.0
22/04/2009,0.0
23/04/2009,10.0
24/04/2009,7.2
25/04/2009,0.3
26/04/2009,0.0
27/04/2009,0.0
28/04/2009,2.5
29/04/2009,13.0
30/04/2009,0.0
01/05/2009,1.6
02/05/2009,12.7
03/05/2009,0.7
04/05/2009,9.5
05/05/2009,15.7
06/05/2009,1.8
07/05/2009,4.5
08/05/2009,13.6
09/05/2009,49.6
10/05/2009,1.8
11/05/2009,1.5
12/05/2009,0.0
13/05/2009,0.5
14/05/2009,27.5
15/05/2009,0.5
16/05/2009,9.5
17/05/2009,26.0
18/05/2009,0.0
19/05/2009,13.5
20/05/2009,0.0
21/05/2009,0.0
22/05/2009,0.0
23/05/2009,12.0
24/05/2009,0.0
25/05/2009,0.0
26/05/2009,4.4
27/05/2009,0.1
28/05/2009,10.2
29/05/2009,1.2
30/05/2009,6.6
31/05/2009,0.0
01/06/2009,0.0
02/06/2009,0.5
03/06/2009,0.5
04/06/2009,0.5
05/06/2009,0.0
06/06/2009,10.8
07/06/2009,8.2
08/06/2009,0.0
09/06/2009,0.0
10/06/2009,0.0
11/06/2009,0.0
12/06/2009,0.0
13/06/2009,0.0
14/06/2009,0.0
15/06/2009,0.0
16/06/2009,0.0
17/06/2009,0.0
18/06/2009,0.0
19/06/2009,0.0
20/06/2009,7.0
21/06/2009,0.5
22/06/2009,0.0
23/06/2009,21.0
24/06/2009,21.5
25/06/2009,0.0
26/06/2009,0.0
27/06/2009,4.0
28/06/2009,0.5
29/06/2009,5.3
30/06/2009,69.7
01/07/2009,1.5
02/07/2009,12.0
03/07/2009,0.0
04/07/2009,0.0
05/07/2009,0.6
06/07/2009,0.2
07/07/2009,15.6
08/07/2009,45.6
09/07/2009,12.0
10/07/2009,53.0
11/07/2009,7.0
12/07/2009,0.0
13/07/2009,0.0
14/07/2009,3.9
15/07/2009,12.1
16/07/2009,0.0
17/07/2009,0.0
18/07/2009,0.0
19/07/2009,0.0
20/07/2009,0.4
21/07/2009,0.6
22/07/2009,60.7
23/07/2009,0.8
24/07/2009,0.5
25/07/2009,0.0
26/07/2009,0.5
27/07/2009,0.5
28/07/2009,0.4
29/07/2009,0.1
30/07/2009,0.0
31/07/2009,0.0
01/08/2009,15.5
02/08/2009,0.5
03/08/2009,0.0
04/08/2009,0.0
05/08/2009,0.0
06/08/2009,8.5
07/08/2009,17.0
08/08/2009,0.0
09/08/2009,13.5
10/08/2009,17.5
11/08/2009,0.0
12/08/2009,0.0
13/08/2009,56.0
14/08/2009,0.0
15/08/2009,9.0
16/08/2009,0.0
17/08/2009,0.0
18/08/2009,0.0
19/08/2009,0.0
20/08/2009,5.0
21/08/2009,0.0
22/08/2009,27.5
23/08/2009,0.5
24/08/2009,4.0
25/08/2009,19.5
26/08/2009,0.0
27/08/2009,11.8
28/08/2009,36.2
29/08/2009,39.5
30/08/2009,14.0
31/08/2009,35.2
01/09/2009,0.3
02/09/2009,0.0
03/09/2009,42.0
04/09/2009,3.0
05/09/2009,10.8
06/09/2009,5.7
07/09/2009,1.0
08/09/2009,2.5
09/09/2009,7.0
10/09/2009,0.0
11/09/2009,0.0
12/09/2009,0.5
13/09/2009,23.5
14/09/2009,0.0
15/09/2009,0.5
16/09/2009,22.9
17/09/2009,24.6
18/09/2009,0.5
19/09/2009,0.0
20/09/2009,0.0
21/09/2009,1.5
22/09/2009,0.0
23/09/2009,25.2
24/09/2009,23.6
25/09/2009,0.6
26/09/2009,0.4
27/09/2009,0.6
28/09/2009,0.0
29/09/2009,14.0
30/09/2009,2.4
01/10/2009,0.1
02/10/2009,0.0
03/10/2009,7.6
04/10/2009,8.9
05/10/2009,22.7
06/10/2009,1.3
07/10/2009,0.0
08/10/2009,36.3
09/10/2009,0.2
10/10/2009,32.2
11/10/2009,2.3
12/10/2009,0.0
13/10/2009,3.5
14/10/2009,8.0
15/10/2009,53.0
16/10/2009,11.5
17/10/2009,9.5
18/10/2009,11.9
19/10/2009,0.6
20/10/2009,0.0
21/10/2009,0.4
22/10/2009,10.1
23/10/2009,0.0
24/10/2009,24.0
25/10/2009,10.5
26/10/2009,15.0
27/10/2009,0.0
28/10/2009,9.8
29/10/2009,3.7
30/10/2009,8.5
31/10/2009,1.5
01/11/2009,0.4
02/11/2009,31.1
03/11/2009,0.0
04/11/2009,0.0
05/11/2009,0.0
06/11/2009,0.0
07/11/2009,0.0
08/11/2009,0.0
09/11/2009,0.0
10/11/2009,0.0
11/11/2009,0.0
12/11/2009,0.0
13/11/2009,0.0
14/11/2009,0.0
15/11/2009,0.0
16/11/2009,0.0
17/11/2009,0.0
18/11/2009,0.0
19/11/2009,0.0
20/11/2009,0.0
21/11/2009,0.0
22/11/2009,0.0
23/11/2009,0.0
24/11/2009,0.0
25/11/2009,0.0
26/11/2009,0.0
27/11/2009,0.0
28/11/2009,0.0
29/11/2009,0.0
30/11/2009,0.0
01/12/2009,0.0
02/12/2009,0.0
03/12/2009,2.0
04/12/2009,8.2
05/12/2009,4.2
06/12/2009,1.1
07/12/2009,0.0
08/12/2009,0.5
09/12/2009,1.0
10/12/2009,0.0
11/12/2009,0.0
12/12/2009,0.0
13/12/2009,0.4
14/12/2009,4.1
15/12/2009,0.0
16/12/2009,6.8
17/12/2009,73.2
18/12/2009,155.1
19/12/2009,102.5
20/12/2009,21.1
21/12/2009,4.2
22/12/2009,12.2
23/12/2009,12.4
24/12/2009,3.9
25/12/2009,1.5
26/12/2009,19.7
27/12/2009,23.7
28/12/2009,0.5
29/12/2009,1.5
30/12/2009,1.0
31/12/2009,0.0
01/01/2010,32.9
02/01/2010,29.2
03/01/2010,90.1
04/01/2010,47.3
05/01/2010,1.0
06/01/2010,54.5
07/01/2010,17.0
08/01/2010,4.1
09/01/2010,0.0
10/01/2010,0.0
11/01/2010,0.0
12/01/2010,0.4
13/01/2010,9.8
14/01/2010,11.9
15/01/2010,1.0
16/01/2010,0.4
17/01/2010,0.1
18/01/2010,0.5
19/01/2010,0.0
20/01/2010,0.5
21/01/2010,4.5
22/01/2010,17.4
23/01/2010,19.1
24/01/2010,0.0
25/01/2010,2.4
26/01/2010,82.2
27/01/2010,5.9
28/01/2010,1.6
29/01/2010,10.5
30/01/2010,0.0
31/01/2010,0.0
01/02/2010,0.0
02/02/2010,0.0
03/02/2010,0.0
04/02/2010,0.0
05/02/2010,1.0
06/02/2010,0.0
07/02/2010,0.0
08/02/2010,0.0
09/02/2010,1.0
10/02/2010,4.5
11/02/2010,2.0
12/02/2010,0.0
13/02/2010,0.4
14/02/2010,0.6
15/02/2010,0.0
16/02/2010,0.0
17/02/2010,3.5
18/02/2010,26.5
19/02/2010,0.0
20/02/2010,0.0
21/02/2010,0.5
22/02/2010,0.0
23/02/2010,0.0
24/02/2010,0.5
25/02/2010,3.0
26/02/2010,0.0
27/02/2010,0.0
28/02/2010,0.0
01/03/2010,0.0
02/03/2010,0.0
03/03/2010,0.0
04/03/2010,0.0
05/03/2010,0.0
06/03/2010,0.0
07/03/2010,0.0
08/03/2010,0.0
09/03/2010,0.0
10/03/2010,0.0
11/03/2010,7.6
12/03/2010,26.1
13/03/2010,97.7
14/03/2010,22.0
15/03/2010,0.0
16/03/2010,0.0
17/03/2010,1.3
18/03/2010,6.9
19/03/2010,15.7
20/03/2010,43.1
21/03/2010,2.0
22/03/2010,0.5
23/03/2010,0.0
24/03/2010,0.0
25/03/2010,0.0
26/03/2010,0.5
27/03/2010,0.4
28/03/2010,14.1
29/03/2010,2.5
30/03/2010,51.0
31/03/2010,0.0
01/04/2010,0.0
02/04/2010,0.5
03/04/2010,79.0
04/04/2010,36.0
05/04/2010,7.0
06/04/2010,0.0
07/04/2010,0.0
08/04/2010,11.5
09/04/2010,0.0
10/04/2010,0.0
11/04/2010,0.0
12/04/2010,0.0
13/04/2010,0.0
14/04/2010,0.0
15/04/2010,0.0
16/04/2010,23.3
17/04/2010,2.7
18/04/2010,0.0
19/04/2010,0.0
20/04/2010,0.0
21/04/2010,1.5
22/04/2010,0.0
23/04/2010,0.0
24/04/2010,0.4
25/04/2010,109.3
26/04/2010,29.3
27/04/2010,9.3
28/04/2010,0.7
29/04/2010,31.5
30/04/2010,0.0
01/05/2010,0.0
02/05/2010,0.0
03/05/2010,0.0
04/05/2010,0.0
05/05/2010,0.0
06/05/2010,0.0
07/05/2010,0.0
08/05/2010,0.0
09/05/2010,0.0
10/05/2010,0.0
11/05/2010,0.0
12/05/2010,15.0
13/05/2010,36.5
14/05/2010,0.0
15/05/2010,0.0
16/05/2010,15.8
17/05/2010,1.7
18/05/2010,1.0
19/05/2010,26.4
20/05/2010,0.2
21/05/2010,0.0
22/05/2010,14.5
23/05/2010,0.0
24/05/2010,0.4
25/05/2010,14.1
26/05/2010,7.4
27/05/2010,0.1
28/05/2010,0.0
29/05/2010,86.5
30/05/2010,30.5
31/05/2010,0.0
01/06/2010,0.5
02/06/2010,0.0
03/06/2010,8.5
04/06/2010,6.5
05/06/2010,0.0
06/06/2010,47.5
07/06/2010,48.5
08/06/2010,0.0
09/06/2010,13.8
10/06/2010,0.2
11/06/2010,0.0
12/06/2010,0.0
13/06/2010,0.0
14/06/2010,0.0
15/06/2010,0.0
16/06/2010,0.0
17/06/2010,0.0
18/06/2010,0.0
19/06/2010,0.0
20/06/2010,0.0
21/06/2010,0.0
22/06/2010,0.0
23/06/2010,0.0
24/06/2010,0.0
25/06/2010,0.0
26/06/2010,0.0
27/06/2010,0.0
28/06/2010,0.0
29/06/2010,12.5
30/06/2010,0.0
01/07/2010,0.4
02/07/2010,12.1
03/07/2010,14.0
04/07/2010,1.0
05/07/2010,0.8
06/07/2010,0.2
07/07/2010,12.5
08/07/2010,58.5
09/07/2010,0.0
10/07/2010,0.0
11/07/2010,0.0
12/07/2010,0.0
13/07/2010,54.5
14/07/2010,2.5
15/07/2010,6.5
16/07/2010,0.5
17/07/2010,4.2
18/07/2010,7.8
19/07/2010,1.4
20/07/2010,1.0
21/07/2010,0.0
22/07/2010,31.5
23/07/2010,21.5
24/07/2010,0.0
25/07/2010,0.0
26/07/2010,0.0
27/07/2010,0.0
28/07/2010,0.0
29/07/2010,1.2
30/07/2010,1.3
31/07/2010,5.0
01/08/2010,35.5
02/08/2010,0.5
03/08/2010,11.9
04/08/2010,4.7
05/08/2010,17.4
06/08/2010,0.0
07/08/2010,15.0
08/08/2010,0.0
09/08/2010,0.0
10/08/2010,2.5
11/08/2010,21.5
12/08/2010,13.0
13/08/2010,0.0
14/08/2010,0.0
15/08/2010,1.0
16/08/2010,40.0
17/08/2010,25.0
18/08/2010,10.0
19/08/2010,13.5
20/08/2010,0.0
21/08/2010,0.0
22/08/2010,0.0
23/08/2010,2.5
24/08/2010,0.0
25/08/2010,0.0
26/08/2010,0.0
27/08/2010,0.0
28/08/2010,3.0
29/08/2010,110.5
30/08/2010,20.5
31/08/2010,1.5
01/09/2010,0.0
02/09/2010,0.0
03/09/2010,74.4
04/09/2010,17.1
05/09/2010,2.9
06/09/2010,5.2
07/09/2010,0.7
08/09/2010,1.7
09/09/2010,10.5
10/09/2010,0.5
11/09/2010,1.4
12/09/2010,7.6
13/09/2010,0.5
14/09/2010,0.5
15/09/2010,38.5
16/09/2010,0.4
17/09/2010,3.8
18/09/2010,61.7
19/09/2010,0.0
20/09/2010,80.8
21/09/2010,0.2
22/09/2010,0.0
23/09/2010,0.0
24/09/2010,1.5
25/09/2010,0.0
26/09/2010,0.0
27/09/2010,0.0
28/09/2010,18.8
29/09/2010,18.7
30/09/2010,8.0
01/10/2010,1.0
02/10/2010,28.5
03/10/2010,0.0
04/10/2010,1.5
05/10/2010,1.5
06/10/2010,15.1
07/10/2010,3.9
08/10/2010,0.0
09/10/2010,0.0
10/10/2010,0.0
11/10/2010,0.0
12/10/2010,0.0
13/10/2010,1.9
14/10/2010,18.1
15/10/2010,0.0
16/10/2010,0.0
17/10/2010,2.3
18/10/2010,92.2
19/10/2010,0.0
20/10/2010,0.0
21/10/2010,0.0
22/10/2010,0.0
23/10/2010,0.5
24/10/2010,16.5
25/10/2010,44.0
26/10/2010,0.0
27/10/2010,2.0
28/10/2010,0.9
29/10/2010,5.2
30/10/2010,7.8
31/10/2010,98.7
01/11/2010,37.4
02/11/2010,12.0
03/11/2010,3.7
04/11/2010,70.4
05/11/2010,8.9
06/11/2010,1.0
07/11/2010,10.5
08/11/2010,4.5
09/11/2010,20.0
10/11/2010,38.5
11/11/2010,3.5
12/11/2010,1.5
13/11/2010,78.0
14/11/2010,4.3
15/11/2010,5.5
16/11/2010,10.3
17/11/2010,0.0
18/11/2010,26.0
19/11/2010,1.9
20/11/2010,13.1
21/11/2010,4.0
22/11/2010,0.0
23/11/2010,14.0
24/11/2010,23.5
25/11/2010,0.5
26/11/2010,0.0
27/11/2010,4.5
28/11/2010,43.0
29/11/2010,20.0
30/11/2010,0.5
01/12/2010,23.0
02/12/2010,5.0
03/12/2010,10.1
04/12/2010,106.9
05/12/2010,32.0
06/12/2010,89.9
07/12/2010,46.3
08/12/2010,14.3
09/12/2010,8.0
10/12/2010,0.0
11/12/2010,29.0
12/12/2010,0.0
13/12/2010,1.0
14/12/2010,0.0
15/12/2010,0.0
16/12/2010,0.9
17/12/2010,40.4
18/12/2010,47.6
19/12/2010,58.9
20/12/2010,42.1
21/12/2010,21.6
22/12/2010,6.9
23/12/2010,27.9
24/12/2010,1.8
25/12/2010,0.0
26/12/2010,0.0
27/12/2010,11.6
28/12/2010,50.5
29/12/2010,114.0
30/12/2010,105.4
31/12/2010,127.7
01/01/2011,31.4
02/01/2011,45.4
03/01/2011,41.6
04/01/2011,3.5
05/01/2011,267.4
06/01/2011,221.1
07/01/2011,44.8
08/01/2011,54.7
09/01/2011,4.7
10/01/2011,22.4
11/01/2011,0.0
12/01/2011,0.0
13/01/2011,0.0
14/01/2011,0.0
15/01/2011,1.0
16/01/2011,0.5
17/01/2011,9.0
18/01/2011,0.0
19/01/2011,0.0
20/01/2011,0.0
21/01/2011,0.0
22/01/2011,0.0
23/01/2011,0.5
24/01/2011,16.9
25/01/2011,16.7
26/01/2011,18.8
27/01/2011,24.8
28/01/2011,22.4
29/01/2011,24.4
30/01/2011,24.4
31/01/2011,38.8
01/02/2011,31.5
02/02/2011,23.8
03/02/2011,8.5
04/02/2011,0.0
05/02/2011,0.0
06/02/2011,0.0
07/02/2011,0.0
08/02/2011,0.0
09/02/2011,0.0
10/02/2011,0.0
11/02/2011,0.0
12/02/2011,0.0
13/02/2011,0.0
14/02/2011,0.0
15/02/2011,48.0
16/02/2011,11.0
17/02/2011,1.0
18/02/2011,1.5
19/02/2011,0.0
20/02/2011,0.0
21/02/2011,0.3
22/02/2011,28.9
23/02/2011,23.3
24/02/2011,0.0
25/02/2011,0.0
26/02/2011,0.0
27/02/2011,0.0
28/02/2011,0.0
01/03/2011,0.0
02/03/2011,0.0
03/03/2011,0.0
04/03/2011,0.0
05/03/2011,0.0
06/03/2011,0.0
07/03/2011,0.8
08/03/2011,23.7
09/03/2011,82.5
10/03/2011,8.2
11/03/2011,40.6
12/03/2011,57.8
13/03/2011,3.5
14/03/2011,7.0
15/03/2011,3.9
16/03/2011,29.4
17/03/2011,41.7
18/03/2011,2.4
19/03/2011,5.6
20/03/2011,20.0
21/03/2011,7.5
22/03/2011,33.0
23/03/2011,2.5
24/03/2011,1.3
25/03/2011,10.1
26/03/2011,26.0
27/03/2011,7.0
28/03/2011,1.6
29/03/2011,26.3
30/03/2011,4.4
31/03/2011,26.6
01/04/2011,5.6
02/04/2011,6.0
03/04/2011,1.5
04/04/2011,0.0
05/04/2011,0.0
06/04/2011,0.0
07/04/2011,0.0
08/04/2011,0.0
09/04/2011,20.6
10/04/2011,218.9
11/04/2011,0.0
12/04/2011,0.0
13/04/2011,2.5
14/04/2011,4.5
15/04/2011,0.0
16/04/2011,0.0
17/04/2011,29.5
18/04/2011,0.0
19/04/2011,0.0
20/04/2011,0.0
21/04/2011,0.0
22/04/2011,0.0
23/04/2011,0.0
24/04/2011,0.0
25/04/2011,0.0
26/04/2011,2.0
27/04/2011,0.0
28/04/2011,0.0
29/04/2011,0.0
30/04/2011,0.0
01/05/2011,1.0
02/05/2011,0.5
03/05/2011,0.0
04/05/2011,2.5
05/05/2011,6.0
06/05/2011,0.5
07/05/2011,31.1
08/05/2011,1.8
09/05/2011,25.4
10/05/2011,14.2
11/05/2011,0.4
12/05/2011,9.6
13/05/2011,0.0
14/05/2011,0.5
15/05/2011,1.7
16/05/2011,5.3
17/05/2011,2.0
18/05/2011,26.0
19/05/2011,3.7
20/05/2011,0.8
21/05/2011,2.0
22/05/2011,35.1
23/05/2011,0.4
24/05/2011,0.0
25/05/2011,0.0
26/05/2011,0.5
27/05/2011,16.5
28/05/2011,0.5
29/05/2011,5.5
30/05/2011,0.0
31/05/2011,0.0
01/06/2011,0.5
02/06/2011,0.0
03/06/2011,0.0
04/06/2011,13.0
05/06/2011,1.5
06/06/2011,2.5
07/06/2011,40.0
08/06/2011,30.2
09/06/2011,0.9
10/06/2011,0.5
11/06/2011,21.5
12/06/2011,0.0
13/06/2011,2.5
14/06/2011,0.9
15/06/2011,1.1
16/06/2011,0.0
17/06/2011,13.2
18/06/2011,17.3
19/06/2011,0.0
20/06/2011,0.0
21/06/2011,0.5
22/06/2011,23.0
23/06/2011,0.5
24/06/2011,4.3
25/06/2011,4.1
26/06/2011,3.6
27/06/2011,0.0
28/06/2011,0.0
29/06/2011,8.5
30/06/2011,0.0
01/07/2011,0.0
02/07/2011,0.4
03/07/2011,1.6
04/07/2011,0.5
05/07/2011,0.0
06/07/2011,0.0
07/07/2011,1.0
08/07/2011,0.0
09/07/2011,0.0
10/07/2011,0.0
11/07/2011,0.0
12/07/2011,4.9
13/07/2011,0.1
14/07/2011,0.0
15/07/2011,2.0
16/07/2011,0.4
17/07/2011,29.1
18/07/2011,0.0
19/07/2011,0.0
20/07/2011,0.0
21/07/2011,0.0
22/07/2011,0.0
23/07/2011,12.4
24/07/2011,35.6
25/07/2011,0.5
26/07/2011,31.9
27/07/2011,15.1
28/07/2011,21.0
29/07/2011,0.0
30/07/2011,0.0
31/07/2011,0.0
01/08/2011,0.0
02/08/2011,0.0
03/08/2011,0.5
04/08/2011,22.0
05/08/2011,0.0
06/08/2011,0.4
07/08/2011,4.6
08/08/2011,0.0
09/08/2011,3.0
10/08/2011,29.0
11/08/2011,0.0
12/08/2011,2.0
13/08/2011,28.5
14/08/2011,7.8
15/08/2011,3.2
16/08/2011,0.0
17/08/2011,0.0
18/08/2011,0.0
19/08/2011,3.5
20/08/2011,12.8
21/08/2011,11.6
22/08/2011,1.6
23/08/2011,0.4
24/08/2011,6.6
25/08/2011,57.7
26/08/2011,4.3
27/08/2011,1.0
28/08/2011,9.2
29/08/2011,13.3
30/08/2011,0.0
31/08/2011,2.4
01/09/2011,0.1
02/09/2011,0.0
03/09/2011,0.5
04/09/2011,0.0
05/09/2011,0.0
06/09/2011,0.0
07/09/2011,0.0
08/09/2011,0.5
09/09/2011,14.0
10/09/2011,7.3
11/09/2011,2.3
12/09/2011,0.0
13/09/2011,51.7
14/09/2011,27.3
15/09/2011,0.0
16/09/2011,2.0
17/09/2011,0.0
18/09/2011,14.0
19/09/2011,0.5
20/09/2011,25.6
21/09/2011,0.9
22/09/2011,24.2
23/09/2011,2.3
24/09/2011,7.5
25/09/2011,13.4
26/09/2011,45.4
27/09/2011,0.7
28/09/2011,0.0
29/09/2011,0.0
30/09/2011,0.0
01/10/2011,14.0
02/10/2011,24.5
03/10/2011,47.9
04/10/2011,25.4
05/10/2011,59.4
06/10/2011,2.3
07/10/2011,0.5
08/10/2011,57.0
09/10/2011,0.5
10/10/2011,22.3
11/10/2011,4.7
12/10/2011,0.0
13/10/2011,0.0
14/10/2011,0.0
15/10/2011,36.5
16/10/2011,10.5
17/10/2011,4.6
18/10/2011,9.5
19/10/2011,5.4
20/10/2011,12.8
21/10/2011,72.7
22/10/2011,0.5
23/10/2011,2.7
24/10/2011,5.6
25/10/2011,3.6
26/10/2011,32.3
27/10/2011,19.7
28/10/2011,0.8
29/10/2011,23.7
30/10/2011,7.5
31/10/2011,21.3
01/11/2011,9.7
02/11/2011,3.0
03/11/2011,8.5
04/11/2011,0.5
05/11/2011,12.3
06/11/2011,0.2
07/11/2011,0.0
08/11/2011,0.5
09/11/2011,0.0
10/11/2011,0.5
11/11/2011,14.0
12/11/2011,15.0
13/11/2011,16.5
14/11/2011,16.5
15/11/2011,13.8
16/11/2011,14.8
17/11/2011,0.0
18/11/2011,0.0
19/11/2011,0.4
20/11/2011,36.7
21/11/2011,81.3
22/11/2011,236.0
23/11/2011,200.3
24/11/2011,72.9
25/11/2011,86.4
26/11/2011,60.2
27/11/2011,83.3
28/11/2011,51.1
29/11/2011,121.6
30/11/2011,13.7
01/12/2011,12.5
02/12/2011,0.0
03/12/2011,0.5
04/12/2011,21.0
05/12/2011,8.9
06/12/2011,1.1
07/12/2011,0.0
08/12/2011,0.0
09/12/2011,0.4
10/12/2011,144.2
11/12/2011,92.7
12/12/2011,6.2
13/12/2011,0.0
14/12/2011,12.9
15/12/2011,10.9
16/12/2011,96.7
17/12/2011,52.7
18/12/2011,43.8
19/12/2011,16.5
20/12/2011,5.9
21/12/2011,54.7
22/12/2011,31.8
23/12/2011,21.4
24/12/2011,10.9
25/12/2011,5.5
26/12/2011,4.8
27/12/2011,5.1
28/12/2011,18.6
29/12/2011,4.9
30/12/2011,44.3
31/12/2011,36.1
01/01/2012,10.9
02/01/2012,54.3
03/01/2012,7.5
04/01/2012,0.0
05/01/2012,0.0
06/01/2012,0.0
07/01/2012,1.5
08/01/2012,11.5
09/01/2012,8.6
10/01/2012,33.0
11/01/2012,27.7
12/01/2012,66.4
13/01/2012,116.3
14/01/2012,65.9
15/01/2012,8.5
16/01/2012,0.0
17/01/2012,10.7
18/01/2012,8.3
19/01/2012,0.4
20/01/2012,42.1
21/01/2012,0.0
22/01/2012,0.0
23/01/2012,0.0
24/01/2012,0.0
25/01/2012,0.0
26/01/2012,0.0
27/01/2012,4.3
28/01/2012,10.0
29/01/2012,19.4
30/01/2012,3.3
31/01/2012,33.4
01/02/2012,11.3
02/02/2012,9.2
03/02/2012,10.0
04/02/2012,0.7
05/02/2012,0.0
06/02/2012,0.5
07/02/2012,1.0
08/02/2012,0.0
09/02/2012,0.0
10/02/2012,0.0
11/02/2012,10.2
12/02/2012,15.0
13/02/2012,0.9
14/02/2012,0.0
15/02/2012,0.0
16/02/2012,0.0
17/02/2012,0.0
18/02/2012,4.5
19/02/2012,0.5
20/02/2012,0.0
21/02/2012,0.0
22/02/2012,0.0
23/02/2012,0.5
24/02/2012,18.0
25/02/2012,0.0
26/02/2012,0.0
27/02/2012,21.9
28/02/2012,22.5
29/02/2012,25.1
01/03/2012,18.4
02/03/2012,67.1
03/03/2012,30.0
04/03/2012,0.0
05/03/2012,0.0
06/03/2012,1.0
07/03/2012,0.0
08/03/2012,2.5
09/03/2012,1.4
10/03/2012,26.2
11/03/2012,12.8
12/03/2012,33.8
13/03/2012,32.0
14/03/2012,3.2
15/03/2012,17.0
16/03/2012,0.0
17/03/2012,0.0
18/03/2012,0.0
19/03/2012,0.0
20/03/2012,0.0
21/03/2012,0.0
22/03/2012,0.0
23/03/2012,11.5
24/03/2012,0.0
25/03/2012,0.4
26/03/2012,40.7
27/03/2012,0.9
28/03/2012,0.0
29/03/2012,0.0
30/03/2012,0.0
31/03/2012,0.0
01/04/2012,0.0
02/04/2012,2.5
03/04/2012,0.0
04/04/2012,1.5
05/04/2012,1.5
06/04/2012,12.5
07/04/2012,0.0
08/04/2012,7.5
09/04/2012,1.2
10/04/2012,1.3
11/04/2012,0.0
12/04/2012,4.5
13/04/2012,0.0
14/04/2012,0.5
15/04/2012,18.0
16/04/2012,30.5
17/04/2012,0.0
18/04/2012,0.0
19/04/2012,1.0
20/04/2012,26.0
21/04/2012,1.5
22/04/2012,47.0
23/04/2012,0.0
24/04/2012,6.0
25/04/2012,0.0
26/04/2012,39.4
27/04/2012,26.9
28/04/2012,2.7
29/04/2012,21.7
30/04/2012,0.3
01/05/2012,19.5
02/05/2012,1.5
03/05/2012,0.0
04/05/2012,50.7
05/05/2012,6.6
06/05/2012,8.5
07/05/2012,0.2
08/05/2012,5.5
09/05/2012,0.0
10/05/2012,0.0
11/05/2012,0.0
12/05/2012,0.0
13/05/2012,4.5
14/05/2012,22.7
15/05/2012,14.3
16/05/2012,0.0
17/05/2012,0.0
18/05/2012,0.0
19/05/2012,0.0
20/05/2012,26.0
21/05/2012,0.0
22/05/2012,0.0
23/05/2012,1.0
24/05/2012,4.9
25/05/2012,3.1
26/05/2012,0.4
27/05/2012,49.8
28/05/2012,21.3
29/05/2012,1.5
30/05/2012,9.0
31/05/2012,7.5
01/06/2012,28.7
02/06/2012,21.8
03/06/2012,15.5
04/06/2012,0.0
05/06/2012,0.0
06/06/2012,0.0
07/06/2012,17.0
08/06/2012,0.0
09/06/2012,0.0
10/06/2012,0.0
11/06/2012,0.0
12/06/2012,0.0
13/06/2012,0.0
14/06/2012,0.0
15/06/2012,0.0
16/06/2012,0.0
17/06/2012,0.0
18/06/2012,0.0
19/06/2012,1.0
20/06/2012,7.5
21/06/2012,0.8
22/06/2012,0.2
23/06/2012,2.0
24/06/2012,0.5
25/06/2012,5.0
26/06/2012,0.0
27/06/2012,1.0
28/06/2012,0.0
29/06/2012,0.0
30/06/2012,0.0
01/07/2012,0.5
02/07/2012,0.0
03/07/2012,6.5
04/07/2012,42.1
05/07/2012,4.1
06/07/2012,7.3
07/07/2012,0.3
08/07/2012,2.9
09/07/2012,6.2
10/07/2012,0.0
11/07/2012,0.0
12/07/2012,0.0
13/07/2012,0.0
14/07/2012,0.0
15/07/2012,2.0
16/07/2012,0.0
17/07/2012,22.0
18/07/2012,0.4
19/07/2012,18.7
20/07/2012,0.4
21/07/2012,0.5
22/07/2012,0.0
23/07/2012,0.5
24/07/2012,0.0
25/07/2012,0.0
26/07/2012,0.0
27/07/2012,0.0
28/07/2012,0.0
29/07/2012,0.0
30/07/2012,0.0
31/07/2012,0.0
01/08/2012,9.0
02/08/2012,0.0
03/08/2012,0.0
04/08/2012,0.4
05/08/2012,7.6
06/08/2012,1.1
07/08/2012,10.9
08/08/2012,0.0
09/08/2012,0.0
10/08/2012,0.0
11/08/2012,3.0
12/08/2012,0.0
13/08/2012,0.0
14/08/2012,0.0
15/08/2012,4.5
16/08/2012,12.0
17/08/2012,21.5
18/08/2012,0.0
19/08/2012,0.0
20/08/2012,2.0
21/08/2012,24.5
22/08/2012,0.5
23/08/2012,0.0
24/08/2012,8.5
25/08/2012,0.0
26/08/2012,28.0
27/08/2012,0.5
28/08/2012,1.5
29/08/2012,61.0
30/08/2012,24.5
31/08/2012,0.5
01/09/2012,26.5
02/09/2012,42.5
03/09/2012,0.0
04/09/2012,1.0
05/09/2012,11.2
06/09/2012,0.3
07/09/2012,0.0
08/09/2012,6.0
09/09/2012,12.5
10/09/2012,12.0
11/09/2012,20.4
12/09/2012,24.9
13/09/2012,15.7
14/09/2012,2.0
15/09/2012,13.5
16/09/2012,0.5
17/09/2012,6.5
18/09/2012,0.4
19/09/2012,50.8
20/09/2012,12.2
21/09/2012,13.1
22/09/2012,0.0
23/09/2012,0.0
24/09/2012,56.0
25/09/2012,19.0
26/09/2012,8.0
27/09/2012,0.0
28/09/2012,0.0
29/09/2012,0.0
30/09/2012,0.0
01/10/2012,0.0
02/10/2012,0.0
03/10/2012,0.4
04/10/2012,46.6
05/10/2012,0.0
06/10/2012,10.8
07/10/2012,64.7
08/10/2012,16.9
09/10/2012,24.1
10/10/2012,7.5
11/10/2012,1.5
12/10/2012,38.5
13/10/2012,19.0
14/10/2012,66.5
15/10/2012,0.5
16/10/2012,5.5
17/10/2012,0.8
18/10/2012,6.9
19/10/2012,36.3
20/10/2012,0.4
21/10/2012,48.5
22/10/2012,35.5
23/10/2012,0.0
24/10/2012,13.0
25/10/2012,1.0
26/10/2012,0.0
27/10/2012,0.0
28/10/2012,0.0
29/10/2012,0.0
30/10/2012,0.0
31/10/2012,0.4
01/11/2012,7.1
02/11/2012,3.0
03/11/2012,5.9
04/11/2012,23.5
05/11/2012,59.3
06/11/2012,16.3
07/11/2012,1.0
08/11/2012,14.4
09/11/2012,4.1
10/11/2012,33.6
11/11/2012,0.8
12/11/2012,1.1
13/11/2012,3.1
14/11/2012,0.0
15/11/2012,0.0
16/11/2012,0.0
17/11/2012,0.0
18/11/2012,0.0
19/11/2012,42.5
20/11/2012,3.0
21/11/2012,0.0
22/11/2012,0.0
23/11/2012,0.0
24/11/2012,1.0
25/11/2012,1.0
26/11/2012,12.5
27/11/2012,14.0
28/11/2012,0.0
29/11/2012,22.2
30/11/2012,1.8
01/12/2012,2.5
02/12/2012,1.5
03/12/2012,1.5
04/12/2012,2.0
05/12/2012,5.2
06/12/2012,0.3
07/12/2012,0.0
08/12/2012,0.0
09/12/2012,2.0
10/12/2012,0.0
11/12/2012,1.9
12/12/2012,10.2
13/12/2012,8.5
14/12/2012,3.5
15/12/2012,40.1
16/12/2012,31.9
17/12/2012,24.6
18/12/2012,94.7
19/12/2012,35.4
20/12/2012,109.4
21/12/2012,52.4
22/12/2012,45.0
23/12/2012,162.6
24/12/2012,331.0
25/12/2012,63.4
26/12/2012,23.7
27/12/2012,34.2
28/12/2012,9.5
29/12/2012,0.0
30/12/2012,87.2
31/12/2012,258.5
01/01/2013,19.1
02/01/2013,68.7
03/01/2013,83.3
04/01/2013,8.1
05/01/2013,0.7
06/01/2013,0.0
07/01/2013,0.0
08/01/2013,0.5
09/01/2013,6.0
10/01/2013,0.0
11/01/2013,3.0
12/01/2013,1.5
13/01/2013,0.0
14/01/2013,1.5
15/01/2013,17.0
16/01/2013,1.0
17/01/2013,0.5
18/01/2013,18.4
19/01/2013,10.7
20/01/2013,12.6
21/01/2013,135.3
22/01/2013,29.8
23/01/2013,51.4
24/01/2013,39.4
25/01/2013,0.0
26/01/2013,0.0
27/01/2013,0.0
28/01/2013,0.0
29/01/2013,1.0
30/01/2013,0.0
31/01/2013,1.5
01/02/2013,1.5
02/02/2013,2.1
03/02/2013,15.4
04/02/2013,31.3
05/02/2013,1.2
06/02/2013,0.0
07/02/2013,0.0
08/02/2013,0.0
09/02/2013,0.0
10/02/2013,1.0
11/02/2013,51.7
12/02/2013,226.6
13/02/2013,44.9
14/02/2013,21.3
15/02/2013,83.2
16/02/2013,27.3
17/02/2013,2.2
18/02/2013,22.8
19/02/2013,2.0
20/02/2013,0.0
21/02/2013,0.0
22/02/2013,4.7
23/02/2013,2.7
24/02/2013,99.5
25/02/2013,127.9
26/02/2013,392.7
27/02/2013,23.8
28/02/2013,18.4
01/03/2013,0.3
02/03/2013,0.4
03/03/2013,1.1
04/03/2013,0.0
05/03/2013,0.5
06/03/2013,21.8
07/03/2013,68.7
08/03/2013,0.5
09/03/2013,1.0
10/03/2013,0.0
11/03/2013,2.5
12/03/2013,0.0
13/03/2013,0.0
14/03/2013,0.0
15/03/2013,0.5
16/03/2013,21.5
17/03/2013,0.0
18/03/2013,0.0
19/03/2013,0.0
20/03/2013,0.0
21/03/2013,0.0
22/03/2013,0.0
23/03/2013,0.0
24/03/2013,0.0
25/03/2013,0.0
26/03/2013,0.0
27/03/2013,0.0
28/03/2013,0.0
29/03/2013,0.0
30/03/2013,0.0
31/03/2013,0.0
01/04/2013,0.0
02/04/2013,2.0
03/04/2013,0.0
04/04/2013,0.0
05/04/2013,1.9
06/04/2013,0.1
07/04/2013,0.0
08/04/2013,0.0
09/04/2013,3.5
10/04/2013,14.0
11/04/2013,9.0
12/04/2013,5.5
13/04/2013,14.5
14/04/2013,1.0
15/04/2013,39.0
16/04/2013,18.8
17/04/2013,2.2
18/04/2013,3.5
19/04/2013,18.0
20/04/2013,0.5
21/04/2013,10.5
22/04/2013,11.0
23/04/2013,0.0
24/04/2013,0.4
25/04/2013,34.6
26/04/2013,15.5
27/04/2013,3.5
28/04/2013,2.3
29/04/2013,0.2
30/04/2013,1.5
01/05/2013,44.7
02/05/2013,0.8
03/05/2013,6.5
04/05/2013,0.0
05/05/2013,13.3
06/05/2013,15.7
07/05/2013,0.0
08/05/2013,0.0
09/05/2013,0.0
10/05/2013,11.0
11/05/2013,0.0
12/05/2013,0.0
13/05/2013,2.2
14/05/2013,21.8
15/05/2013,1.5
16/05/2013,0.0
17/05/2013,11.0
18/05/2013,0.0
19/05/2013,2.0
20/05/2013,0.0
21/05/2013,11.0
22/05/2013,17.0
23/05/2013,0.0
24/05/2013,2.5
25/05/2013,6.0
26/05/2013,13.5
27/05/2013,0.0
28/05/2013,0.3
29/05/2013,4.5
30/05/2013,46.7
31/05/2013,0.0
01/06/2013,0.0
02/06/2013,21.5
03/06/2013,5.0
04/06/2013,3.0
05/06/2013,7.5
06/06/2013,0.0
07/06/2013,1.0
08/06/2013,6.0
09/06/2013,0.0
10/06/2013,0.0
11/06/2013,37.5
12/06/2013,0.5
13/06/2013,11.0
14/06/2013,1.0
15/06/2013,0.0
16/06/2013,0.0
17/06/2013,0.0
18/06/2013,0.0
19/06/2013,0.0
20/06/2013,0.0
21/06/2013,0.0
22/06/2013,0.0
23/06/2013,0.0
24/06/2013,0.0
25/06/2013,0.0
26/06/2013,14.5
27/06/2013,0.0
28/06/2013,0.0
29/06/2013,0.0
30/06/2013,0.0
01/07/2013,0.0
02/07/2013,0.0
03/07/2013,48.0
04/07/2013,0.5
05/07/2013,0.0
06/07/2013,0.0
07/07/2013,0.0
08/07/2013,0.0
09/07/2013,0.5
10/07/2013,3.5
11/07/2013,1.0
12/07/2013,0.0
13/07/2013,55.2
14/07/2013,8.3
15/07/2013,1.5
16/07/2013,14.5
17/07/2013,13.5
18/07/2013,0.0
19/07/2013,0.0
20/07/2013,0.0
21/07/2013,0.0
22/07/2013,0.0
23/07/2013,0.0
24/07/2013,0.0
25/07/2013,14.4
26/07/2013,8.1
27/07/2013,0.0
28/07/2013,0.0
29/07/2013,0.0
30/07/2013,30.5
31/07/2013,7.0
01/08/2013,7.5
02/08/2013,62.1
03/08/2013,3.5
04/08/2013,18.6
05/08/2013,15.9
06/08/2013,3.3
07/08/2013,0.3
08/08/2013,8.6
09/08/2013,0.4
10/08/2013,2.0
11/08/2013,0.0
12/08/2013,0.5
13/08/2013,4.0
14/08/2013,1.0
15/08/2013,0.5
16/08/2013,15.0
17/08/2013,2.0
18/08/2013,0.0
19/08/2013,0.0
20/08/2013,0.0
21/08/2013,0.5
22/08/2013,20.0
23/08/2013,8.0
24/08/2013,0.0
25/08/2013,0.5
26/08/2013,0.4
27/08/2013,12.1
28/08/2013,0.5
29/08/2013,0.0
30/08/2013,21.5
31/08/2013,0.0
01/09/2013,0.0
02/09/2013,0.0
03/09/2013,0.0
04/09/2013,15.5
05/09/2013,67.5
06/09/2013,2.0
07/09/2013,9.4
08/09/2013,24.5
09/09/2013,42.2
10/09/2013,0.0
11/09/2013,0.0
12/09/2013,1.9
13/09/2013,8.1
14/09/2013,37.1
15/09/2013,2.9
16/09/2013,0.5
17/09/2013,0.0
18/09/2013,0.0
19/09/2013,0.0
20/09/2013,24.1
21/09/2013,0.4
22/09/2013,0.0
23/09/2013,0.0
24/09/2013,0.0
25/09/2013,0.0
26/09/2013,0.0
27/09/2013,15.0
28/09/2013,8.0
29/09/2013,0.5
30/09/2013,0.0
01/10/2013,23.0
02/10/2013,26.1
03/10/2013,35.5
04/10/2013,13.9
05/10/2013,0.0
06/10/2013,0.0
07/10/2013,0.0
08/10/2013,1.0
09/10/2013,1.0
10/10/2013,3.5
11/10/2013,3.0
12/10/2013,36.5
13/10/2013,11.5
14/10/2013,15.5
15/10/2013,81.0
16/10/2013,0.0
17/10/2013,6.0
18/10/2013,4.6
19/10/2013,11.4
20/10/2013,0.0
21/10/2013,4.6
22/10/2013,26.1
23/10/2013,2.3
24/10/2013,0.5
25/10/2013,0.0
26/10/2013,0.4
27/10/2013,2.1
28/10/2013,0.0
29/10/2013,21.5
30/10/2013,0.0
31/10/2013,0.4
01/11/2013,26.1
02/11/2013,4.1
03/11/2013,21.9
04/11/2013,15.8
05/11/2013,61.2
06/11/2013,0.0
07/11/2013,21.0
08/11/2013,0.0
09/11/2013,32.3
10/11/2013,0.2
11/11/2013,2.0
12/11/2013,4.5
13/11/2013,0.0
14/11/2013,0.0
15/11/2013,0.0
16/11/2013,3.1
17/11/2013,5.3
18/11/2013,3.3
19/11/2013,62.8
20/11/2013,53.9
21/11/2013,8.7
22/11/2013,0.4
23/11/2013,0.5
24/11/2013,3.5
25/11/2013,0.4
26/11/2013,0.1
27/11/2013,12.5
28/11/2013,30.9
29/11/2013,61.4
30/11/2013,161.2
01/12/2013,55.5
02/12/2013,65.4
03/12/2013,270.1
04/12/2013,181.7
05/12/2013,36.0
06/12/2013,39.6
07/12/2013,12.1
08/12/2013,0.4
09/12/2013,8.9
10/12/2013,261.0
11/12/2013,4.2
12/12/2013,17.5
13/12/2013,0.4
14/12/2013,46.1
15/12/2013,66.0
16/12/2013,3.7
17/12/2013,32.8
18/12/2013,0.4
19/12/2013,87.6
20/12/2013,0.0
21/12/2013,2.5
22/12/2013,0.4
23/12/2013,11.1
24/12/2013,11.0
25/12/2013,3.8
26/12/2013,11.3
27/12/2013,12.6
28/12/2013,35.6
29/12/2013,13.5
30/12/2013,7.4
31/12/2013,5.0
01/01/2014,8.2
02/01/2014,34.2
03/01/2014,6.9
04/01/2014,0.5
05/01/2014,16.0
06/01/2014,0.5
07/01/2014,2.5
08/01/2014,7.3
09/01/2014,22.6
10/01/2014,93.6
11/01/2014,103.0
12/01/2014,79.5
13/01/2014,7.1
14/01/2014,7.4
15/01/2014,1.5
16/01/2014,0.0
17/01/2014,0.5
18/01/2014,0.5
19/01/2014,0.0
20/01/2014,0.0
21/01/2014,0.0
22/01/2014,0.0
23/01/2014,0.0
24/01/2014,0.0
25/01/2014,0.0
26/01/2014,0.0
27/01/2014,0.3
28/01/2014,3.2
29/01/2014,0.0
30/01/2014,0.0
31/01/2014,0.0
01/02/2014,0.0
02/02/2014,0.0
03/02/2014,0.0
04/02/2014,0.0
05/02/2014,0.0
06/02/2014,0.0
07/02/2014,0.0
08/02/2014,0.0
09/02/2014,0.0
10/02/2014,0.0
11/02/2014,0.0
12/02/2014,0.0
13/02/2014,0.4
14/02/2014,0.1
15/02/2014,0.5
16/02/2014,0.0
17/02/2014,0.0
18/02/2014,0.0
19/02/2014,0.0
20/02/2014,17.7
21/02/2014,4.8
22/02/2014,0.0
23/02/2014,0.0
24/02/2014,0.0
25/02/2014,0.0
26/02/2014,0.0
27/02/2014,0.0
28/02/2014,0.0
01/03/2014,0.0
02/03/2014,0.0
03/03/2014,0.0
04/03/2014,0.0
05/03/2014,0.0
06/03/2014,0.0
07/03/2014,0.0
08/03/2014,0.0
09/03/2014,0.0
10/03/2014,0.0
11/03/2014,0.0
12/03/2014,0.0
13/03/2014,0.0
14/03/2014,0.5
15/03/2014,62.2
16/03/2014,16.4
17/03/2014,5.3
18/03/2014,0.2
19/03/2014,0.0
20/03/2014,0.0
21/03/2014,0.0
22/03/2014,0.0
23/03/2014,7.5
24/03/2014,0.0
25/03/2014,6.0
26/03/2014,0.0
27/03/2014,0.0
28/03/2014,0.0
29/03/2014,4.5
30/03/2014,0.0
31/03/2014,0.0
01/04/2014,85.5
02/04/2014,2.0
03/04/2014,0.0
04/04/2014,0.0
05/04/2014,0.0
06/04/2014,0.0
07/04/2014,0.0
08/04/2014,0.0
09/04/2014,0.0
10/04/2014,0.0
11/04/2014,0.0
12/04/2014,0.0
13/04/2014,0.0
14/04/2014,0.0
15/04/2014,0.0
16/04/2014,0.0
17/04/2014,10.5
18/04/2014,18.5
19/04/2014,0.0
20/04/2014,0.5
21/04/2014,0.0
22/04/2014,0.0
23/04/2014,0.0
24/04/2014,0.0
25/04/2014,71.0
26/04/2014,14.0
27/04/2014,0.0
28/04/2014,12.5
29/04/2014,0.0
30/04/2014,0.0
01/05/2014,0.0
02/05/2014,34.5
03/05/2014,0.0
04/05/2014,3.3
05/05/2014,25.5
06/05/2014,0.2
07/05/2014,6.0
08/05/2014,0.5
09/05/2014,0.0
10/05/2014,0.0
11/05/2014,0.0
12/05/2014,1.5
13/05/2014,0.0
14/05/2014,0.5
15/05/2014,0.0
16/05/2014,1.0
17/05/2014,22.0
18/05/2014,0.0
19/05/2014,3.5
20/05/2014,0.0
21/05/2014,42.5
22/05/2014,0.0
23/05/2014,0.0
24/05/2014,4.0
25/05/2014,0.0
26/05/2014,0.0
27/05/2014,40.5
28/05/2014,0.0
29/05/2014,0.0
30/05/2014,38.5
31/05/2014,30.5
01/06/2014,0.5
02/06/2014,12.5
03/06/2014,19.0
04/06/2014,1.0
05/06/2014,0.0
06/06/2014,0.0
07/06/2014,0.0
08/06/2014,0.0
09/06/2014,0.0
10/06/2014,0.0
11/06/2014,11.5
12/06/2014,45.5
13/06/2014,0.0
14/06/2014,0.0
15/06/2014,0.0
16/06/2014,0.0
17/06/2014,0.5
18/06/2014,0.0
19/06/2014,0.0
20/06/2014,0.0
21/06/2014,4.4
22/06/2014,10.1
23/06/2014,0.0
24/06/2014,0.0
25/06/2014,0.0
26/06/2014,8.0
27/06/2014,26.0
28/06/2014,0.0
29/06/2014,10.5
30/06/2014,3.4
01/07/2014,21.1
02/07/2014,0.1
03/07/2014,1.0
04/07/2014,0.0
05/07/2014,20.5
06/07/2014,0.0
07/07/2014,12.5
08/07/2014,11.0
09/07/2014,0.0
10/07/2014,0.8
11/07/2014,5.2
12/07/2014,0.0
13/07/2014,0.0
14/07/2014,0.0
15/07/2014,0.4
16/07/2014,4.3
17/07/2014,7.8
18/07/2014,0.0
19/07/2014,0.0
20/07/2014,0.0
21/07/2014,0.0
22/07/2014,0.0
23/07/2014,0.0
24/07/2014,0.0
25/07/2014,0.5
26/07/2014,0.0
27/07/2014,0.0
28/07/2014,2.3
29/07/2014,14.2
30/07/2014,0.4
31/07/2014,4.5
01/08/2014,4.5
02/08/2014,12.0
03/08/2014,1.0
04/08/2014,1.0
05/08/2014,32.0
06/08/2014,0.5
07/08/2014,0.4
08/08/2014,49.9
09/08/2014,1.6
10/08/2014,1.0
11/08/2014,9.5
12/08/2014,12.5
13/08/2014,0.5
14/08/2014,8.5
15/08/2014,13.0
16/08/2014,4.5
17/08/2014,0.0
18/08/2014,0.0
19/08/2014,9.0
20/08/2014,51.5
21/08/2014,0.0
22/08/2014,0.0
23/08/2014,0.0
24/08/2014,7.0
25/08/2014,24.0
26/08/2014,2.8
27/08/2014,0.7
28/08/2014,2.0
29/08/2014,0.0
30/08/2014,8.5
31/08/2014,1.0
01/09/2014,1.7
02/09/2014,58.8
03/09/2014,0.0
04/09/2014,3.5
05/09/2014,29.5
06/09/2014,0.0
07/09/2014,0.0
08/09/2014,0.0
09/09/2014,0.0
10/09/2014,0.0
11/09/2014,0.5
12/09/2014,20.8
13/09/2014,12.2
14/09/2014,0.0
15/09/2014,7.1
16/09/2014,8.9
17/09/2014,0.0
18/09/2014,0.0
19/09/2014,0.0
20/09/2014,0.0
21/09/2014,0.0
22/09/2014,0.0
23/09/2014,0.0
24/09/2014,1.5
25/09/2014,3.5
26/09/2014,0.0
27/09/2014,0.0
28/09/2014,4.0
29/09/2014,115.2
30/09/2014,49.8
01/10/2014,3.0
02/10/2014,0.0
03/10/2014,6.0
04/10/2014,13.4
05/10/2014,1.1
06/10/2014,1.0
07/10/2014,0.5
08/10/2014,0.5
09/10/2014,81.5
10/10/2014,0.0
11/10/2014,19.9
12/10/2014,2.6
13/10/2014,1.0
14/10/2014,0.0
15/10/2014,0.0
16/10/2014,0.0
17/10/2014,0.0
18/10/2014,0.0
19/10/2014,0.0
20/10/2014,0.0
21/10/2014,0.0
22/10/2014,0.5
23/10/2014,0.5
24/10/2014,0.5
25/10/2014,0.5
26/10/2014,0.0
27/10/2014,0.0
28/10/2014,0.0
29/10/2014,1.5
30/10/2014,3.5
31/10/2014,0.5
01/11/2014,0.0
02/11/2014,0.0
03/11/2014,0.0
04/11/2014,0.0
05/11/2014,4.5
06/11/2014,3.3
07/11/2014,3.0
08/11/2014,7.1
09/11/2014,10.5
10/11/2014,1.5
11/11/2014,0.0
12/11/2014,22.3
13/11/2014,40.8
14/11/2014,30.9
15/11/2014,21.2
16/11/2014,12.0
17/11/2014,66.1
18/11/2014,182.1
19/11/2014,12.6
20/11/2014,158.9
21/11/2014,0.0
22/11/2014,2.5
23/11/2014,0.5
24/11/2014,24.4
25/11/2014,0.1
26/11/2014,21.0
27/11/2014,0.0
28/11/2014,6.5
29/11/2014,2.0
30/11/2014,0.0
01/12/2014,0.5
02/12/2014,0.0
03/12/2014,3.5
04/12/2014,17.0
05/12/2014,44.0
06/12/2014,4.0
07/12/2014,39.6
08/12/2014,16.7
09/12/2014,3.6
10/12/2014,0.6
11/12/2014,0.0
12/12/2014,0.0
13/12/2014,0.0
14/12/2014,22.3
15/12/2014,177.6
16/12/2014,56.3
17/12/2014,330.0
18/12/2014,331.5
19/12/2014,39.7
20/12/2014,184.0
21/12/2014,182.5
22/12/2014,168.6
23/12/2014,179.9
24/12/2014,62.7
25/12/2014,34.9
26/12/2014,179.7
27/12/2014,29.5
28/12/2014,92.6
29/12/2014,100.8
30/12/2014,20.4
31/12/2014,2.8
01/01/2015,0.3
02/01/2015,6.7
03/01/2015,0.8
04/01/2015,5.7
05/01/2015,0.5
06/01/2015,36.5
07/01/2015,27.0
08/01/2015,89.0
09/01/2015,28.9
10/01/2015,60.4
11/01/2015,8.2
12/01/2015,0.5
13/01/2015,2.0
14/01/2015,1.5
15/01/2015,0.0
16/01/2015,0.0
17/01/2015,0.0
18/01/2015,6.6
19/01/2015,3.9
20/01/2015,2.0
21/01/2015,0.0
22/01/2015,0.0
23/01/2015,0.0
24/01/2015,2.5
25/01/2015,0.0
26/01/2015,0.0
27/01/2015,0.0
28/01/2015,0.4
29/01/2015,64.1
30/01/2015,0.0
31/01/2015,0.0
01/02/2015,0.3
02/02/2015,1.2
03/02/2015,43.5
04/02/2015,8.4
05/02/2015,3.3
06/02/2015,1.1
07/02/2015,3.9
08/02/2015,0.1
09/02/2015,3.0
10/02/2015,0.0
11/02/2015,0.0
12/02/2015,0.0
13/02/2015,0.0
14/02/2015,0.0
15/02/2015,0.0
16/02/2015,0.0
17/02/2015,0.0
18/02/2015,0.0
19/02/2015,0.0
20/02/2015,0.0
21/02/2015,0.0
22/02/2015,0.0
23/02/2015,0.0
24/02/2015,0.0
25/02/2015,0.0
26/02/2015,0.0
27/02/2015,0.0
28/02/2015,0.0
01/03/2015,0.0
02/03/2015,0.0
03/03/2015,0.0
04/03/2015,0.0
05/03/2015,1.5
06/03/2015,0.0
07/03/2015,0.0
08/03/2015,0.0
09/03/2015,0.9
10/03/2015,0.1
11/03/2015,0.0
12/03/2015,0.0
13/03/2015,0.0
14/03/2015,0.0
15/03/2015,0.0
16/03/2015,0.0
17/03/2015,0.0
18/03/2015,0.0
19/03/2015,0.0
20/03/2015,0.0
21/03/2015,0.0
22/03/2015,0.0
23/03/2015,0.0
24/03/2015,0.0
25/03/2015,4.3
26/03/2015,2.6
27/03/2015,1.6
28/03/2015,0.0
29/03/2015,23.8
30/03/2015,21.7
31/03/2015,7.5
01/04/2015,0.0
02/04/2015,0.0
03/04/2015,0.0
04/04/2015,0.0
05/04/2015,0.0
06/04/2015,0.0
07/04/2015,0.0
08/04/2015,0.0
09/04/2015,7.6
10/04/2015,28.9
11/04/2015,0.0
12/04/2015,1.5
13/04/2015,0.0
14/04/2015,1.0
15/04/2015,2.5
16/04/2015,0.0
17/04/2015,0.0
18/04/2015,0.0
19/04/2015,16.0
20/04/2015,0.0
21/04/2015,0.0
22/04/2015,0.0
23/04/2015,0.0
24/04/2015,0.0
25/04/2015,0.0
26/04/2015,0.4
27/04/2015,88.6
28/04/2015,0.0
29/04/2015,0.0
30/04/2015,22.5
01/05/2015,30.5
02/05/2015,6.0
03/05/2015,18.5
04/05/2015,0.0
05/05/2015,0.0
06/05/2015,0.0
07/05/2015,0.0
08/05/2015,1.5
09/05/2015,0.0
10/05/2015,0.0
11/05/2015,0.0
12/05/2015,13.5
13/05/2015,0.0
14/05/2015,0.5
15/05/2015,81.5
16/05/2015,21.0
17/05/2015,0.0
18/05/2015,4.0
19/05/2015,0.0
20/05/2015,0.0
21/05/2015,0.0
22/05/2015,27.9
23/05/2015,56.6
24/05/2015,0.4
25/05/2015,0.1
26/05/2015,6.0
27/05/2015,68.5
28/05/2015,7.5
29/05/2015,7.0
30/05/2015,23.5
31/05/2015,1.5
01/06/2015,0.0
02/06/2015,0.1
03/06/2015,0.1
04/06/2015,0.1
05/06/2015,0.1
06/06/2015,0.1
07/06/2015,0.1
08/06/2015,12.6
09/06/2015,4.0
10/06/2015,0.3
11/06/2015,24.3
12/06/2015,6.9
13/06/2015,37.0
14/06/2015,6.3
15/06/2015,2.7
16/06/2015,0.0
17/06/2015,1.5
18/06/2015,0.0
19/06/2015,0.0
20/06/2015,0.0
21/06/2015,0.0
22/06/2015,0.0
23/06/2015,0.0
24/06/2015,0.0
25/06/2015,0.0
26/06/2015,0.0
27/06/2015,0.0
28/06/2015,0.0
29/06/2015,7.5
30/06/2015,5.1
01/07/2015,0.2
02/07/2015,12.8
03/07/2015,7.9
04/07/2015,0.0
05/07/2015,0.0
06/07/2015,0.0
07/07/2015,0.0
08/07/2015,0.5
09/07/2015,8.0
10/07/2015,0.3
11/07/2015,2.3
12/07/2015,0.1
13/07/2015,0.1
14/07/2015,0.1
15/07/2015,0.5
16/07/2015,0.0
17/07/2015,10.0
18/07/2015,0.0
19/07/2015,0.0
20/07/2015,0.0
21/07/2015,0.0
22/07/2015,0.0
23/07/2015,3.5
24/07/2015,0.0
25/07/2015,0.0
26/07/2015,26.5
27/07/2015,9.5
28/07/2015,0.0
29/07/2015,0.4
30/07/2015,28.6
31/07/2015,32.6
01/08/2015,0.5
02/08/2015,0.1
03/08/2015,0.1
04/08/2015,20.1
05/08/2015,0.3
06/08/2015,63.2
07/08/2015,0.0
08/08/2015,0.0
09/08/2015,0.0
10/08/2015,0.0
11/08/2015,0.0
12/08/2015,1.0
13/08/2015,0.0
14/08/2015,0.0
15/08/2015,0.0
16/08/2015,1.5
17/08/2015,0.0
18/08/2015,1.5
19/08/2015,0.5
20/08/2015,28.5
21/08/2015,44.0
22/08/2015,0.0
23/08/2015,3.5
24/08/2015,11.0
25/08/2015,0.0
26/08/2015,0.0
27/08/2015,0.0
28/08/2015,0.0
29/08/2015,0.4
30/08/2015,11.2
31/08/2015,1.0
01/09/2015,9.5
02/09/2015,0.0
03/09/2015,0.0
04/09/2015,0.0
05/09/2015,9.9
06/09/2015,4.6
07/09/2015,0.0
08/09/2015,0.0
09/09/2015,0.5
10/09/2015,0.0
11/09/2015,0.0
12/09/2015,9.5
13/09/2015,23.5
14/09/2015,0.0
15/09/2015,0.0
16/09/2015,0.9
17/09/2015,7.1
18/09/2015,0.0
19/09/2015,0.0
20/09/2015,0.0
21/09/2015,3.5
22/09/2015,7.0
23/09/2015,0.0
24/09/2015,0.4
25/09/2015,1.6
26/09/2015,0.5
27/09/2015,103.1
28/09/2015,15.9
29/09/2015,2.7
30/09/2015,27.3
01/10/2015,18.5
02/10/2015,21.5
03/10/2015,0.0
04/10/2015,0.0
05/10/2015,40.5
06/10/2015,16.5
07/10/2015,0.0
08/10/2015,0.0
09/10/2015,37.3
10/10/2015,0.2
11/10/2015,0.0
12/10/2015,0.5
13/10/2015,37.0
14/10/2015,6.0
15/10/2015,0.0
16/10/2015,0.0
17/10/2015,9.5
18/10/2015,6.8
19/10/2015,0.7
20/10/2015,0.0
21/10/2015,0.0
22/10/2015,0.0
23/10/2015,0.0
24/10/2015,14.0
25/10/2015,1.5
26/10/2015,0.3
27/10/2015,4.2
28/10/2015,31.9
29/10/2015,37.2
30/10/2015,25.0
31/10/2015,1.3
01/11/2015,26.7
02/11/2015,5.8
03/11/2015,2.2
04/11/2015,48.0
05/11/2015,14.8
06/11/2015,2.2
07/11/2015,19.0
08/11/2015,12.0
09/11/2015,0.0
10/11/2015,0.0
11/11/2015,8.5
12/11/2015,0.0
13/11/2015,2.5
14/11/2015,1.0
15/11/2015,29.0
16/11/2015,5.0
17/11/2015,39.0
18/11/2015,2.0
19/11/2015,1.9
20/11/2015,86.4
21/11/2015,12.2
22/11/2015,11.7
23/11/2015,0.3
24/11/2015,1.0
25/11/2015,1.9
26/11/2015,16.6
27/11/2015,68.9
28/11/2015,40.0
29/11/2015,1.0
30/11/2015,37.5
01/12/2015,0.5
02/12/2015,0.0
03/12/2015,17.0
04/12/2015,0.7
05/12/2015,3.8
06/12/2015,22.3
07/12/2015,14.9
08/12/2015,29.2
09/12/2015,11.0
10/12/2015,0.5
11/12/2015,3.9
12/12/2015,21.7
13/12/2015,11.4
14/12/2015,2.5
15/12/2015,0.0
16/12/2015,0.0
17/12/2015,12.3
18/12/2015,16.7
19/12/2015,0.0
20/12/2015,0.0
21/12/2015,0.0
22/12/2015,0.0
23/12/2015,0.4
24/12/2015,14.7
25/12/2015,55.5
26/12/2015,0.4
27/12/2015,162.0
28/12/2015,0.6
29/12/2015,0.5
30/12/2015,0.4
31/12/2015,11.9
01/01/2016,16.6
02/01/2016,3.6
03/01/2016,8.7
04/01/2016,0.8
05/01/2016,0.0
06/01/2016,0.0
07/01/2016,0.0
08/01/2016,0.0
09/01/2016,0.3
10/01/2016,0.2
11/01/2016,0.0
12/01/2016,0.0
13/01/2016,0.5
14/01/2016,3.8
15/01/2016,25.7
16/01/2016,7.5
17/01/2016,21.5
18/01/2016,0.0
19/01/2016,0.0
20/01/2016,0.0
21/01/2016,1.1
22/01/2016,65.9
23/01/2016,0.5
24/01/2016,3.5
25/01/2016,18.0
26/01/2016,35.3
27/01/2016,27.7
28/01/2016,29.0
29/01/2016,0.0
30/01/2016,0.0
31/01/2016,3.0
01/02/2016,0.0
02/02/2016,21.2
03/02/2016,24.2
04/02/2016,88.0
05/02/2016,24.3
06/02/2016,49.2
07/02/2016,34.8
08/02/2016,0.7
09/02/2016,0.0
10/02/2016,1.0
11/02/2016,11.0
12/02/2016,3.8
13/02/2016,24.2
14/02/2016,0.1
15/02/2016,0.4
16/02/2016,0.1
17/02/2016,0.4
18/02/2016,2.5
19/02/2016,23.6
20/02/2016,0.0
21/02/2016,0.0
22/02/2016,0.0
23/02/2016,0.0
24/02/2016,0.3
25/02/2016,0.6
26/02/2016,7.5
27/02/2016,16.5
28/02/2016,24.2
29/02/2016,0.4
01/03/2016,0.0
02/03/2016,0.0
03/03/2016,0.0
04/03/2016,0.0
05/03/2016,0.5
06/03/2016,0.0
07/03/2016,0.0
08/03/2016,0.0
09/03/2016,0.0
10/03/2016,0.0
11/03/2016,0.0
12/03/2016,0.0
13/03/2016,0.0
14/03/2016,0.0
15/03/2016,0.0
16/03/2016,0.0
17/03/2016,0.0
18/03/2016,0.0
19/03/2016,0.0
20/03/2016,0.0
21/03/2016,0.0
22/03/2016,0.0
23/03/2016,0.0
24/03/2016,0.0
25/03/2016,0.0
26/03/2016,3.0
27/03/2016,0.5
28/03/2016,13.5
29/03/2016,0.0
30/03/2016,0.0
31/03/2016,0.0
01/04/2016,0.0
02/04/2016,0.0
03/04/2016,0.0
04/04/2016,0.0
05/04/2016,0.0
06/04/2016,0.0
07/04/2016,0.0
08/04/2016,0.0
09/04/2016,0.0
10/04/2016,0.0
11/04/2016,0.5
12/04/2016,0.0
13/04/2016,0.0
14/04/2016,12.0
15/04/2016,0.0
16/04/2016,0.0
17/04/2016,0.0
18/04/2016,0.0
19/04/2016,0.0
20/04/2016,0.0
21/04/2016,0.0
22/04/2016,0.0
23/04/2016,0.5
24/04/2016,1.0
25/04/2016,0.0
26/04/2016,0.0
27/04/2016,0.0
28/04/2016,0.0
29/04/2016,0.0
30/04/2016,0.0
01/05/2016,0.0
02/05/2016,0.0
03/05/2016,2.0
04/05/2016,4.0
05/05/2016,7.5
06/05/2016,23.5
07/05/2016,0.0
08/05/2016,0.0
09/05/2016,0.0
10/05/2016,0.0
11/05/2016,0.0
12/05/2016,0.0
13/05/2016,18.5
14/05/2016,0.0
15/05/2016,0.0
16/05/2016,0.0
17/05/2016,0.0
18/05/2016,0.0
19/05/2016,0.0
20/05/2016,0.0
21/05/2016,0.0
22/05/2016,0.0
23/05/2016,0.0
24/05/2016,0.0
25/05/2016,27.7
26/05/2016,3.8
27/05/2016,13.1
28/05/2016,13.7
29/05/2016,14.3
30/05/2016,76.0
31/05/2016,0.5
01/06/2016,4.5
02/06/2016,0.4
03/06/2016,17.5
04/06/2016,1.1
05/06/2016,0.0
06/06/2016,0.0
07/06/2016,8.5
08/06/2016,48.0
09/06/2016,0.0
10/06/2016,0.0
11/06/2016,37.0
12/06/2016,0.4
13/06/2016,1.0
14/06/2016,36.6
15/06/2016,0.0
16/06/2016,2.3
17/06/2016,42.7
18/06/2016,2.0
19/06/2016,0.0
20/06/2016,0.0
21/06/2016,24.5
22/06/2016,0.5
23/06/2016,37.2
24/06/2016,13.3
25/06/2016,0.0
26/06/2016,14.3
27/06/2016,0.7
28/06/2016,0.0
29/06/2016,0.0
30/06/2016,0.0
01/07/2016,0.0
02/07/2016,0.0
03/07/2016,0.0
04/07/2016,0.0
05/07/2016,29.5
06/07/2016,4.4
07/07/2016,17.9
08/07/2016,41.1
09/07/2016,4.0
10/07/2016,0.5
11/07/2016,0.5
12/07/2016,8.4
13/07/2016,6.6
14/07/2016,20.0
15/07/2016,3.0
16/07/2016,1.0
17/07/2016,0.0
18/07/2016,3.0
19/07/2016,11.0
20/07/2016,0.0
21/07/2016,0.0
22/07/2016,0.0
23/07/2016,6.5
24/07/2016,4.0
25/07/2016,3.0
26/07/2016,28.6
27/07/2016,0.9
28/07/2016,10.8
29/07/2016,4.7
30/07/2016,1.0
31/07/2016,3.0
01/08/2016,0.0
02/08/2016,0.0
03/08/2016,0.0
04/08/2016,0.0
05/08/2016,0.0
06/08/2016,0.0
07/08/2016,0.0
08/08/2016,0.5
09/08/2016,18.5
10/08/2016,1.5
11/08/2016,4.0
12/08/2016,0.0
13/08/2016,0.0
14/08/2016,0.0
15/08/2016,0.0
16/08/2016,0.0
17/08/2016,0.0
18/08/2016,1.8
19/08/2016,6.2
20/08/2016,0.0
21/08/2016,0.0
22/08/2016,0.0
23/08/2016,3.0
24/08/2016,47.0
25/08/2016,3.5
26/08/2016,35.0
27/08/2016,0.5
28/08/2016,2.0
29/08/2016,0.4
30/08/2016,23.6
31/08/2016,4.5
01/09/2016,1.0
02/09/2016,15.7
03/09/2016,0.8
04/09/2016,23.0
05/09/2016,5.5
06/09/2016,0.5
07/09/2016,33.2
08/09/2016,36.8
09/09/2016,0.4
10/09/2016,13.6
11/09/2016,13.0
12/09/2016,0.5
13/09/2016,0.0
14/09/2016,0.0
15/09/2016,11.5
16/09/2016,28.5
17/09/2016,9.0
18/09/2016,4.0
19/09/2016,11.0
20/09/2016,0.0
21/09/2016,39.2
22/09/2016,13.8
23/09/2016,0.0
24/09/2016,0.4
25/09/2016,18.5
26/09/2016,12.6
27/09/2016,0.0
28/09/2016,19.5
29/09/2016,0.0
30/09/2016,0.0
01/10/2016,0.0
02/10/2016,0.4
03/10/2016,1.1
04/10/2016,0.0
05/10/2016,10.6
06/10/2016,2.9
07/10/2016,9.2
08/10/2016,4.7
09/10/2016,1.1
10/10/2016,11.0
11/10/2016,0.0
12/10/2016,2.0
13/10/2016,29.6
14/10/2016,23.8
15/10/2016,1.4
16/10/2016,1.2
17/10/2016,8.4
18/10/2016,7.2
19/10/2016,2.3
20/10/2016,25.2
21/10/2016,5.4
22/10/2016,31.9
23/10/2016,2.0
24/10/2016,0.4
25/10/2016,0.1
26/10/2016,0.0
27/10/2016,1.0
28/10/2016,0.9
29/10/2016,0.1
30/10/2016,0.0
31/10/2016,26.4
01/11/2016,7.1
02/11/2016,0.5
03/11/2016,1.0
04/11/2016,0.0
05/11/2016,24.5
06/11/2016,15.5
07/11/2016,1.5
08/11/2016,12.5
09/11/2016,31.5
10/11/2016,9.3
11/11/2016,9.8
12/11/2016,16.5
13/11/2016,1.5
14/11/2016,1.0
15/11/2016,27.8
16/11/2016,101.1
17/11/2016,0.1
18/11/2016,0.0
19/11/2016,0.0
20/11/2016,0.0
21/11/2016,14.0
22/11/2016,0.0
23/11/2016,3.5
24/11/2016,14.5
25/11/2016,1.3
26/11/2016,30.8
27/11/2016,3.3
28/11/2016,9.4
29/11/2016,109.4
30/11/2016,2.7
01/12/2016,98.3
02/12/2016,30.4
03/12/2016,26.3
04/12/2016,2.0
05/12/2016,2.0
06/12/2016,1.0
07/12/2016,11.0
08/12/2016,6.1
09/12/2016,2.9
10/12/2016,21.9
11/12/2016,12.1
12/12/2016,0.0
13/12/2016,7.0
14/12/2016,0.0
15/12/2016,0.0
16/12/2016,0.0
17/12/2016,3.8
18/12/2016,25.3
19/12/2016,20.0
20/12/2016,7.3
21/12/2016,1.0
22/12/2016,15.4
23/12/2016,53.3
24/12/2016,61.8
25/12/2016,44.0
26/12/2016,38.8
27/12/2016,30.6
28/12/2016,3.0
29/12/2016,0.1
30/12/2016,15.9
31/12/2016,442.8
01/01/2017,38.7
02/01/2017,123.7
03/01/2017,342.3
04/01/2017,8.0
05/01/2017,0.0
06/01/2017,10.7
07/01/2017,0.3
08/01/2017,0.0
09/01/2017,0.0
10/01/2017,0.0
11/01/2017,0.0
12/01/2017,0.0
13/01/2017,0.0
14/01/2017,0.0
15/01/2017,0.0
16/01/2017,0.0
17/01/2017,73.5
18/01/2017,35.8
19/01/2017,68.9
20/01/2017,68.1
21/01/2017,423.1
22/01/2017,44.4
23/01/2017,43.2
24/01/2017,44.8
25/01/2017,57.0
26/01/2017,94.4
27/01/2017,18.1
28/01/2017,0.6
29/01/2017,0.0
30/01/2017,31.0
31/01/2017,1.0
01/02/2017,0.0
02/02/2017,0.0
03/02/2017,8.0
04/02/2017,2.0
05/02/2017,0.0
06/02/2017,0.0
07/02/2017,0.0
08/02/2017,0.0
09/02/2017,0.0
10/02/2017,1.2
11/02/2017,13.8
12/02/2017,10.4
13/02/2017,17.4
14/02/2017,9.4
15/02/2017,7.8
16/02/2017,12.1
17/02/2017,2.8
18/02/2017,54.6
19/02/2017,6.9
20/02/2017,0.0
21/02/2017,0.0
22/02/2017,0.0
23/02/2017,7.0
24/02/2017,3.5
25/02/2017,12.0
26/02/2017,87.7
27/02/2017,23.7
28/02/2017,20.1
01/03/2017,31.6
02/03/2017,24.0
03/03/2017,0.5
04/03/2017,0.0
05/03/2017,0.0
06/03/2017,0.0
07/03/2017,0.0
08/03/2017,0.0
09/03/2017,0.0
10/03/2017,0.0
11/03/2017,0.0
12/03/2017,0.0
13/03/2017,0.0
14/03/2017,0.0
15/03/2017,0.0
16/03/2017,0.0
17/03/2017,0.0
18/03/2017,0.0
19/03/2017,0.0
20/03/2017,31.5
21/03/2017,2.5
22/03/2017,0.0
23/03/2017,0.0
24/03/2017,0.0
25/03/2017,0.0
26/03/2017,7.0
27/03/2017,24.3
28/03/2017,21.5
29/03/2017,25.2
30/03/2017,5.0
31/03/2017,0.0
01/04/2017,24.0
02/04/2017,10.6
03/04/2017,24.9
04/04/2017,0.3
05/04/2017,0.2
06/04/2017,0.0
07/04/2017,0.0
08/04/2017,0.5
09/04/2017,38.0
10/04/2017,38.5
11/04/2017,1.5
12/04/2017,0.0
13/04/2017,0.0
14/04/2017,17.5
15/04/2017,0.0
16/04/2017,0.0
17/04/2017,0.0
18/04/2017,80.5
19/04/2017,20.5
20/04/2017,0.0
21/04/2017,0.0
22/04/2017,0.0
23/04/2017,2.5
24/04/2017,30.0
25/04/2017,7.5
26/04/2017,0.0
27/04/2017,0.0
28/04/2017,0.0
29/04/2017,0.0
30/04/2017,0.0
01/05/2017,0.0
02/05/2017,0.0
03/05/2017,7.5
04/05/2017,0.0
05/05/2017,42.5
06/05/2017,11.8
07/05/2017,2.0
08/05/2017,22.6
09/05/2017,14.5
10/05/2017,38.6
11/05/2017,0.4
12/05/2017,1.0
13/05/2017,0.5
14/05/2017,0.5
15/05/2017,15.8
16/05/2017,1.2
17/05/2017,0.2
18/05/2017,1.7
19/05/2017,27.0
20/05/2017,0.0
21/05/2017,0.0
22/05/2017,0.0
23/05/2017,0.0
24/05/2017,8.5
25/05/2017,17.1
26/05/2017,22.8
27/05/2017,1.0
28/05/2017,0.0
29/05/2017,2.0
30/05/2017,0.0
31/05/2017,0.0
01/06/2017,0.0
02/06/2017,0.0
03/06/2017,0.5
04/06/2017,8.5
05/06/2017,13.0
06/06/2017,14.0
07/06/2017,0.0
08/06/2017,0.0
09/06/2017,0.0
10/06/2017,0.0
11/06/2017,2.5
12/06/2017,0.0
13/06/2017,19.5
14/06/2017,0.0
15/06/2017,17.0
16/06/2017,0.0
17/06/2017,0.0
18/06/2017,0.0
19/06/2017,0.5
20/06/2017,18.9
21/06/2017,1.9
22/06/2017,0.3
23/06/2017,3.0
24/06/2017,6.0
25/06/2017,0.0
26/06/2017,33.1
27/06/2017,1.4
28/06/2017,0.0
29/06/2017,0.0
30/06/2017,0.0
01/07/2017,0.0
02/07/2017,0.4
03/07/2017,4.1
04/07/2017,0.5
05/07/2017,3.0
06/07/2017,0.7
07/07/2017,2.3
08/07/2017,1.0
09/07/2017,23.0
10/07/2017,0.0
11/07/2017,21.6
12/07/2017,11.5
13/07/2017,35.1
14/07/2017,0.7
15/07/2017,0.0
16/07/2017,0.0
17/07/2017,0.0
18/07/2017,0.0
19/07/2017,11.0
20/07/2017,0.0
21/07/2017,0.0
22/07/2017,0.0
23/07/2017,0.0
24/07/2017,0.0
25/07/2017,0.0
26/07/2017,0.0
27/07/2017,0.0
28/07/2017,12.0
29/07/2017,0.0
30/07/2017,0.0
31/07/2017,2.5
01/08/2017,0.5
02/08/2017,5.9
03/08/2017,1.1
04/08/2017,0.0
05/08/2017,0.0
06/08/2017,0.0
07/08/2017,8.0
08/08/2017,2.5
09/08/2017,1.5
10/08/2017,1.5
11/08/2017,7.5
12/08/2017,0.0
13/08/2017,1.0
14/08/2017,5.2
15/08/2017,26.8
16/08/2017,0.5
17/08/2017,4.0
18/08/2017,0.0
19/08/2017,0.0
20/08/2017,0.0
21/08/2017,0.5
22/08/2017,35.1
23/08/2017,0.4
24/08/2017,0.5
25/08/2017,12.0
26/08/2017,10.5
27/08/2017,0.9
28/08/2017,21.6
29/08/2017,3.5
30/08/2017,0.0
31/08/2017,36.5
01/09/2017,12.0
02/09/2017,0.0
03/09/2017,6.0
04/09/2017,0.5
05/09/2017,0.0
06/09/2017,1.5
07/09/2017,0.5
08/09/2017,0.0
09/09/2017,0.0
10/09/2017,1.0
11/09/2017,16.5
12/09/2017,0.0
13/09/2017,24.0
14/09/2017,2.4
15/09/2017,9.1
16/09/2017,0.0
17/09/2017,0.0
18/09/2017,0.5
19/09/2017,5.5
20/09/2017,7.9
21/09/2017,0.6
22/09/2017,9.1
23/09/2017,0.4
24/09/2017,28.0
25/09/2017,0.5
26/09/2017,4.0
27/09/2017,1.0
28/09/2017,2.5
29/09/2017,15.9
30/09/2017,28.6
01/10/2017,4.5
02/10/2017,11.0
03/10/2017,1.0
04/10/2017,0.0
05/10/2017,1.0
06/10/2017,0.0
07/10/2017,4.0
08/10/2017,6.5
09/10/2017,15.1
10/10/2017,27.9
11/10/2017,0.4
12/10/2017,51.6
13/10/2017,14.1
14/10/2017,0.0
15/10/2017,0.0
16/10/2017,0.0
17/10/2017,0.0
18/10/2017,0.0
19/10/2017,35.0
20/10/2017,0.0
21/10/2017,1.5
22/10/2017,8.0
23/10/2017,12.5
24/10/2017,0.0
25/10/2017,0.0
26/10/2017,0.5
27/10/2017,10.0
28/10/2017,5.5
29/10/2017,17.2
30/10/2017,33.9
31/10/2017,3.9
01/11/2017,1.7
02/11/2017,4.3
03/11/2017,11.7
04/11/2017,4.9
05/11/2017,4.0
06/11/2017,0.0
07/11/2017,31.0
08/11/2017,3.0
09/11/2017,14.9
10/11/2017,0.6
11/11/2017,16.5
12/11/2017,0.0
13/11/2017,0.0
14/11/2017,69.0
15/11/2017,7.0
16/11/2017,2.3
17/11/2017,0.2
18/11/2017,4.0
19/11/2017,0.0
20/11/2017,0.3
21/11/2017,8.4
22/11/2017,0.6
23/11/2017,38.9
24/11/2017,6.9
25/11/2017,44.9
26/11/2017,134.4
27/11/2017,217.8
28/11/2017,57.2
29/11/2017,26.5
30/11/2017,94.6
01/12/2017,74.8
02/12/2017,38.1
03/12/2017,0.4
04/12/2017,3.6
05/12/2017,9.2
06/12/2017,4.8
07/12/2017,47.4
08/12/2017,34.4
09/12/2017,4.2
10/12/2017,19.5
11/12/2017,0.0
12/12/2017,0.5
13/12/2017,0.0
14/12/2017,0.0
15/12/2017,0.0
16/12/2017,0.5
17/12/2017,26.6
18/12/2017,23.8
19/12/2017,0.1
20/12/2017,0.5
21/12/2017,0.4
22/12/2017,13.1
23/12/2017,28.5
24/12/2017,4.6
25/12/2017,0.0
26/12/2017,18.1
27/12/2017,17.9
28/12/2017,2.3
29/12/2017,179.2
30/12/2017,4.7
31/12/2017,69.3
01/01/2018,70.0
02/01/2018,30.1
03/01/2018,76.0
04/01/2018,30.7
05/01/2018,0.6
06/01/2018,11.5
07/01/2018,0.0
08/01/2018,40.0
09/01/2018,0.5
10/01/2018,0.0
11/01/2018,0.8
12/01/2018,11.4
13/01/2018,7.4
14/01/2018,7.9
15/01/2018,2.6
16/01/2018,3.5
17/01/2018,0.5
18/01/2018,0.0
19/01/2018,2.7
20/01/2018,24.1
21/01/2018,15.2
22/01/2018,0.5
23/01/2018,11.5
24/01/2018,8.5
25/01/2018,5.3
26/01/2018,8.2
27/01/2018,1.5
28/01/2018,0.5
29/01/2018,0.0
30/01/2018,0.0
31/01/2018,0.0
01/02/2018,1.9
02/02/2018,5.4
03/02/2018,3.1
04/02/2018,2.5
05/02/2018,0.0
06/02/2018,0.0
07/02/2018,0.0
08/02/2018,0.0
09/02/2018,0.0
10/02/2018,0.0
11/02/2018,0.0
12/02/2018,0.0
13/02/2018,11.9
14/02/2018,2.1
15/02/2018,0.0
16/02/2018,0.0
17/02/2018,0.0
18/02/2018,0.0
19/02/2018,1.0
20/02/2018,0.8
21/02/2018,0.7
22/02/2018,0.0
23/02/2018,8.4
24/02/2018,2.6
25/02/2018,0.5
26/02/2018,0.0
27/02/2018,0.5
28/02/2018,0.0
01/03/2018,0.0
02/03/2018,0.0
03/03/2018,0.0
04/03/2018,0.0
05/03/2018,0.0
06/03/2018,0.9
07/03/2018,7.8
08/03/2018,2.3
09/03/2018,1.5
10/03/2018,2.7
11/03/2018,0.8
12/03/2018,1.1
13/03/2018,0.0
14/03/2018,0.0
15/03/2018,0.5
16/03/2018,1.0
17/03/2018,0.0
18/03/2018,0.0
19/03/2018,0.0
20/03/2018,0.0
21/03/2018,0.0
22/03/2018,0.0
23/03/2018,2.7
24/03/2018,5.8
25/03/2018,1.4
26/03/2018,1.1
27/03/2018,0.0
28/03/2018,0.5
29/03/2018,1.5
30/03/2018,0.5
31/03/2018,0.5
01/04/2018,1.0
02/04/2018,0.5
03/04/2018,0.0
04/04/2018,0.0
05/04/2018,0.0
06/04/2018,0.0
07/04/2018,0.5
08/04/2018,7.0
09/04/2018,0.5
10/04/2018,16.6
11/04/2018,0.0
12/04/2018,0.0
13/04/2018,0.0
14/04/2018,0.0
15/04/2018,0.0
16/04/2018,0.0
17/04/2018,0.0
18/04/2018,0.0
19/04/2018,0.0
20/04/2018,0.0
21/04/2018,0.0
22/04/2018,0.0
23/04/2018,0.0
24/04/2018,0.0
25/04/2018,0.0
26/04/2018,4.5
27/04/2018,0.5
28/04/2018,0.0
29/04/2018,22.5
30/04/2018,0.0
01/05/2018,0.0
02/05/2018,0.0
03/05/2018,0.0
04/05/2018,0.0
05/05/2018,2.0
06/05/2018,0.0
07/05/2018,0.5
08/05/2018,0.0
09/05/2018,0.0
10/05/2018,0.0
11/05/2018,0.0
12/05/2018,0.0
13/05/2018,0.0
14/05/2018,0.0
15/05/2018,0.0
16/05/2018,0.5
17/05/2018,0.0
18/05/2018,0.0
19/05/2018,0.0
20/05/2018,0.0
21/05/2018,0.0
22/05/2018,0.0
23/05/2018,0.0
24/05/2018,0.0
25/05/2018,0.0
26/05/2018,0.0
27/05/2018,0.0
28/05/2018,0.0
29/05/2018,0.0
30/05/2018,0.3
31/05/2018,0.7
01/06/2018,21.0
02/06/2018,0.0
03/06/2018,0.0
04/06/2018,0.0
05/06/2018,0.4
06/06/2018,4.6
07/06/2018,0.5
08/06/2018,17.0
09/06/2018,0.0
10/06/2018,0.0
11/06/2018,4.8
12/06/2018,0.2
13/06/2018,0.0
14/06/2018,0.0
15/06/2018,0.0
16/06/2018,0.0
17/06/2018,0.5
18/06/2018,4.5
19/06/2018,0.0
20/06/2018,17.0
21/06/2018,17.5
22/06/2018,0.0
23/06/2018,12.0
24/06/2018,0.5
25/06/2018,9.0
26/06/2018,0.0
27/06/2018,0.4
28/06/2018,0.6
29/06/2018,1.5
30/06/2018,0.0
01/07/2018,12.0
02/07/2018,1.5
03/07/2018,0.0
04/07/2018,1.5
05/07/2018,0.0
06/07/2018,0.0
07/07/2018,0.0
08/07/2018,0.4
09/07/2018,25.6
10/07/2018,0.0
11/07/2018,0.0
12/07/2018,0.0
13/07/2018,0.0
14/07/2018,0.0
15/07/2018,0.4
16/07/2018,2.1
17/07/2018,0.0
18/07/2018,2.3
19/07/2018,0.2
20/07/2018,10.5
21/07/2018,0.0
22/07/2018,0.5
23/07/2018,3.0
24/07/2018,9.6
25/07/2018,7.4
26/07/2018,0.0
27/07/2018,0.5
28/07/2018,4.1
29/07/2018,11.3
30/07/2018,1.5
31/07/2018,2.7
01/08/2018,21.9
02/08/2018,0.0
03/08/2018,0.0
04/08/2018,5.3
05/08/2018,0.2
06/08/2018,7.0
07/08/2018,1.5
08/08/2018,0.4
09/08/2018,9.1
10/08/2018,1.8
11/08/2018,0.2
12/08/2018,0.0
13/08/2018,0.0
14/08/2018,0.0
15/08/2018,0.0
16/08/2018,0.5
17/08/2018,22.2
18/08/2018,2.8
19/08/2018,0.0
20/08/2018,0.0
21/08/2018,15.0
22/08/2018,4.5
23/08/2018,0.0
24/08/2018,0.0
25/08/2018,1.5
26/08/2018,0.5
27/08/2018,0.4
28/08/2018,33.6
29/08/2018,0.5
30/08/2018,0.0
31/08/2018,0.0
01/09/2018,2.5
02/09/2018,0.0
03/09/2018,11.5
04/09/2018,0.0
05/09/2018,0.0
06/09/2018,12.9
07/09/2018,21.6
08/09/2018,0.0
09/09/2018,4.0
10/09/2018,8.5
11/09/2018,2.0
12/09/2018,4.5
13/09/2018,0.0
14/09/2018,3.5
15/09/2018,8.0
16/09/2018,9.5
17/09/2018,0.5
18/09/2018,9.0
19/09/2018,0.0
20/09/2018,0.0
21/09/2018,0.0
22/09/2018,0.0
23/09/2018,0.0
24/09/2018,0.0
25/09/2018,0.0
26/09/2018,0.0
27/09/2018,0.0
28/09/2018,0.0
29/09/2018,0.0
30/09/2018,0.0
01/10/2018,0.0
02/10/2018,0.0
03/10/2018,13.5
04/10/2018,6.4
05/10/2018,5.4
06/10/2018,49.4
07/10/2018,2.9
08/10/2018,4.5
09/10/2018,2.0
10/10/2018,0.4
11/10/2018,8.7
12/10/2018,5.7
13/10/2018,0.8
14/10/2018,9.7
15/10/2018,2.3
16/10/2018,1.6
17/10/2018,4.4
18/10/2018,16.2
19/10/2018,6.2
20/10/2018,0.1
21/10/2018,1.5
22/10/2018,0.0
23/10/2018,2.8
24/10/2018,3.1
25/10/2018,1.4
26/10/2018,6.6
27/10/2018,5.5
28/10/2018,0.0
29/10/2018,18.8
30/10/2018,20.7
31/10/2018,4.5
01/11/2018,9.1
02/11/2018,53.7
03/11/2018,43.8
04/11/2018,80.9
05/11/2018,102.3
06/11/2018,50.6
07/11/2018,3.2
08/11/2018,1.0
09/11/2018,0.5
10/11/2018,15.5
11/11/2018,17.0
12/11/2018,12.0
13/11/2018,0.0
14/11/2018,2.7
15/11/2018,9.3
16/11/2018,2.5
17/11/2018,0.7
18/11/2018,0.3
19/11/2018,24.5
20/11/2018,1.6
21/11/2018,1.9
22/11/2018,13.5
23/11/2018,0.0
24/11/2018,0.0
25/11/2018,18.0
26/11/2018,0.0
27/11/2018,0.0
28/11/2018,6.8
29/11/2018,19.3
30/11/2018,70.2
01/12/2018,48.3
02/12/2018,25.3
03/12/2018,90.6
04/12/2018,66.2
05/12/2018,48.6
06/12/2018,43.2
07/12/2018,5.5
08/12/2018,3.5
09/12/2018,35.9
10/12/2018,17.6
11/12/2018,26.5
12/12/2018,163.8
13/12/2018,188.6
14/12/2018,31.3
15/12/2018,92.4
16/12/2018,5.7
17/12/2018,70.6
18/12/2018,3.3
19/12/2018,0.7
20/12/2018,0.4
21/12/2018,0.1
22/12/2018,0.0
23/12/2018,0.0
24/12/2018,1.0
25/12/2018,11.0
26/12/2018,0.0
27/12/2018,0.4
28/12/2018,26.3
29/12/2018,0.2
30/12/2018,8.0
31/12/2018,1.5
01/01/2019,0.5
02/01/2019,18.1
03/01/2019,6.9
04/01/2019,0.5
05/01/2019,0.0
06/01/2019,4.0
07/01/2019,6.9
08/01/2019,13.6
09/01/2019,17.2
10/01/2019,1.7
11/01/2019,6.0
12/01/2019,11.6
13/01/2019,20.0
14/01/2019,0.0
15/01/2019,0.3
16/01/2019,26.8
17/01/2019,24.6
18/01/2019,6.0
19/01/2019,16.2
20/01/2019,0.0
21/01/2019,0.0
22/01/2019,0.0
23/01/2019,6.5
24/01/2019,0.0
25/01/2019,0.0
26/01/2019,0.0
27/01/2019,0.3
28/01/2019,3.0
29/01/2019,6.8
30/01/2019,0.4
31/01/2019,33.4
01/02/2019,14.0
02/02/2019,40.3
03/02/2019,10.3
04/02/2019,0.0
05/02/2019,0.0
06/02/2019,0.0
07/02/2019,0.0
08/02/2019,0.0
09/02/2019,0.0
10/02/2019,0.0
11/02/2019,0.5
12/02/2019,13.9
13/02/2019,69.5
14/02/2019,2.2
15/02/2019,0.0
16/02/2019,0.0
17/02/2019,2.0
18/02/2019,0.5
19/02/2019,0.0
20/02/2019,0.0
21/02/2019,0.0
22/02/2019,0.0
23/02/2019,0.0
24/02/2019,0.0
25/02/2019,0.0
26/02/2019,1.5
27/02/2019,0.5
28/02/2019,0.0
01/03/2019,0.0
02/03/2019,0.0
03/03/2019,0.0
04/03/2019,0.0
05/03/2019,0.0
06/03/2019,0.0
07/03/2019,0.0
08/03/2019,0.0
09/03/2019,0.0
10/03/2019,0.0
11/03/2019,0.0
12/03/2019,0.0
13/03/2019,0.0
14/03/2019,0.0
15/03/2019,0.0
16/03/2019,0.0
17/03/2019,0.0
18/03/2019,0.0
19/03/2019,0.0
20/03/2019,0.0
21/03/2019,0.0
22/03/2019,0.0
23/03/2019,0.0
24/03/2019,0.0
25/03/2019,0.0
26/03/2019,1.0
27/03/2019,4.5
28/03/2019,0.0
29/03/2019,0.0
30/03/2019,1.0
31/03/2019,4.5
01/04/2019,40.5
02/04/2019,0.0
03/04/2019,0.0
04/04/2019,0.0
05/04/2019,0.0
06/04/2019,0.0
07/04/2019,10.5
08/04/2019,0.0
09/04/2019,0.0
10/04/2019,0.0
11/04/2019,46.0
12/04/2019,0.5
13/04/2019,0.0
14/04/2019,0.0
15/04/2019,0.0
16/04/2019,0.0
17/04/2019,0.0
18/04/2019,0.0
19/04/2019,0.0
20/04/2019,0.0
21/04/2019,0.0
22/04/2019,0.0
23/04/2019,0.0
24/04/2019,0.0
25/04/2019,0.0
26/04/2019,0.0
27/04/2019,15.3
28/04/2019,2.2
29/04/2019,0.5
30/04/2019,0.5
01/05/2019,0.0
02/05/2019,0.0
03/05/2019,0.0
04/05/2019,4.0
05/05/2019,0.0
06/05/2019,10.8
07/05/2019,35.6
08/05/2019,3.1
09/05/2019,11.0
10/05/2019,23.5
11/05/2019,0.0
12/05/2019,6.3
13/05/2019,17.2
14/05/2019,1.0
15/05/2019,0.7
16/05/2019,1.7
17/05/2019,0.6
18/05/2019,0.0
19/05/2019,18.5
20/05/2019,0.0
21/05/2019,1.0
22/05/2019,13.5
23/05/2019,0.0
24/05/2019,0.0
25/05/2019,0.4
26/05/2019,0.1
27/05/2019,0.0
28/05/2019,0.4
29/05/2019,0.1
30/05/2019,30.0
31/05/2019,0.0
01/06/2019,0.0
02/06/2019,0.0
03/06/2019,57.0
04/06/2019,0.0
05/06/2019,33.2
06/06/2019,74.4
07/06/2019,0.4
08/06/2019,0.0
09/06/2019,2.5
10/06/2019,0.0
11/06/2019,11.5
12/06/2019,0.0
13/06/2019,0.0
14/06/2019,0.4
15/06/2019,4.1
16/06/2019,3.0
17/06/2019,2.5
18/06/2019,9.6
19/06/2019,0.4
20/06/2019,0.0
21/06/2019,7.5
22/06/2019,6.4
23/06/2019,2.6
24/06/2019,0.0
25/06/2019,0.0
26/06/2019,5.7
27/06/2019,0.3
28/06/2019,0.0
29/06/2019,0.0
30/06/2019,0.0
01/07/2019,0.0
02/07/2019,0.4
03/07/2019,37.9
04/07/2019,0.1
05/07/2019,0.0
06/07/2019,2.5
07/07/2019,1.4
08/07/2019,0.1
09/07/2019,0.0
10/07/2019,0.0
11/07/2019,0.0
12/07/2019,0.0
13/07/2019,0.0
14/07/2019,8.0
15/07/2019,6.0
16/07/2019,11.5
17/07/2019,0.0
18/07/2019,0.0
19/07/2019,0.0
20/07/2019,0.0
21/07/2019,7.9
22/07/2019,11.1
23/07/2019,0.0
24/07/2019,6.0
25/07/2019,0.5
26/07/2019,0.0
27/07/2019,0.5
28/07/2019,0.0
29/07/2019,0.0
30/07/2019,1.5
31/07/2019,0.0
01/08/2019,0.0
02/08/2019,0.0
03/08/2019,0.0
04/08/2019,0.0
05/08/2019,0.0
06/08/2019,0.0
07/08/2019,0.0
08/08/2019,0.0
09/08/2019,0.0
10/08/2019,0.0
11/08/2019,0.0
12/08/2019,0.4
13/08/2019,15.6
14/08/2019,0.5
15/08/2019,27.5
16/08/2019,0.5
17/08/2019,0.0
18/08/2019,0.0
19/08/2019,0.0
20/08/2019,14.0
21/08/2019,0.0
22/08/2019,0.0
23/08/2019,0.4
24/08/2019,12.6
25/08/2019,0.0
26/08/2019,0.0
27/08/2019,5.0
28/08/2019,0.0
29/08/2019,10.0
30/08/2019,0.0
31/08/2019,0.0
01/09/2019,0.0
02/09/2019,0.0
03/09/2019,19.5
04/09/2019,20.0
05/09/2019,0.0
06/09/2019,0.0
07/09/2019,0.0
08/09/2019,0.4
09/09/2019,2.1
10/09/2019,4.0
11/09/2019,5.6
12/09/2019,1.5
13/09/2019,7.3
14/09/2019,15.7
15/09/2019,11.6
16/09/2019,12.4
17/09/2019,3.1
18/09/2019,0.4
19/09/2019,0.4
20/09/2019,3.6
21/09/2019,0.0
22/09/2019,0.0
23/09/2019,0.0
24/09/2019,0.6
25/09/2019,3.4
26/09/2019,0.0
27/09/2019,10.5
28/09/2019,0.0
29/09/2019,0.0
30/09/2019,1.0
01/10/2019,2.5
02/10/2019,1.3
03/10/2019,4.2
04/10/2019,3.0
05/10/2019,13.0
06/10/2019,0.9
07/10/2019,0.1
08/10/2019,0.0
09/10/2019,3.3
10/10/2019,7.2
11/10/2019,19.0
12/10/2019,0.0
13/10/2019,8.5
14/10/2019,2.5
15/10/2019,3.0
16/10/2019,0.0
17/10/2019,0.4
18/10/2019,1.5
19/10/2019,2.4
20/10/2019,0.6
21/10/2019,0.0
22/10/2019,10.0
23/10/2019,0.4
24/10/2019,8.1
25/10/2019,0.0
26/10/2019,6.5
27/10/2019,1.5
28/10/2019,4.0
29/10/2019,2.5
30/10/2019,0.0
31/10/2019,0.0
01/11/2019,0.5
02/11/2019,76.9
03/11/2019,9.6
04/11/2019,9.1
05/11/2019,42.9
06/11/2019,7.2
07/11/2019,0.8
08/11/2019,22.0
09/11/2019,1.5
10/11/2019,10.7
11/11/2019,5.2
12/11/2019,16.6
13/11/2019,5.0
14/11/2019,0.5
15/11/2019,17.5
16/11/2019,1.5
17/11/2019,9.3
18/11/2019,5.9
19/11/2019,17.8
20/11/2019,47.8
21/11/2019,28.9
22/11/2019,44.8
23/11/2019,3.9
24/11/2019,8.1
25/11/2019,15.5
26/11/2019,1.5
27/11/2019,103.9
28/11/2019,58.5
29/11/2019,200.1
30/11/2019,71.6
01/12/2019,220.9
02/12/2019,27.0
03/12/2019,0.0
04/12/2019,2.0
05/12/2019,5.9
06/12/2019,2.1
07/12/2019,3.4
08/12/2019,37.5
09/12/2019,9.8
10/12/2019,7.9
11/12/2019,1.3
12/12/2019,0.7
13/12/2019,6.5
14/12/2019,17.7
15/12/2019,33.9
16/12/2019,37.2
17/12/2019,68.8
18/12/2019,111.2
19/12/2019,4.5
20/12/2019,4.0
21/12/2019,1.0
22/12/2019,0.0
23/12/2019,0.0
24/12/2019,0.0
25/12/2019,0.0
26/12/2019,0.0
27/12/2019,0.0
28/12/2019,0.5
29/12/2019,0.0
30/12/2019,1.4
31/12/2019,0.6
01/01/2020,8.4
02/01/2020,14.0
03/01/2020,6.9
04/01/2020,7.3
05/01/2020,1.0
06/01/2020,0.5
07/01/2020,11.7
08/01/2020,4.4
09/01/2020,4.9
10/01/2020,1.0
11/01/2020,0.0
12/01/2020,1.0
13/01/2020,0.0
14/01/2020,0.0
15/01/2020,0.0
16/01/2020,0.0
17/01/2020,16.5
18/01/2020,6.7
19/01/2020,24.9
20/01/2020,24.5
21/01/2020,7.9
22/01/2020,0.9
23/01/2020,1.6
24/01/2020,0.0
25/01/2020,0.0
26/01/2020,0.0
27/01/2020,0.0
28/01/2020,0.0
29/01/2020,3.0
30/01/2020,0.4
31/01/2020,27.7
01/02/2020,9.7
02/02/2020,3.2
03/02/2020,0.0
04/02/2020,0.2
05/02/2020,4.4
06/02/2020,3.4
07/02/2020,0.0
08/02/2020,0.5
09/02/2020,16.2
10/02/2020,37.9
11/02/2020,11.4
12/02/2020,35.3
13/02/2020,9.1
14/02/2020,0.1
15/02/2020,0.0
16/02/2020,0.0
17/02/2020,9.9
18/02/2020,32.4
19/02/2020,2.8
20/02/2020,1.9
21/02/2020,12.1
22/02/2020,25.9
23/02/2020,11.3
24/02/2020,5.3
25/02/2020,1.0
26/02/2020,0.5
27/02/2020,0.0
28/02/2020,0.0
29/02/2020,0.0
01/03/2020,0.0
02/03/2020,0.0
03/03/2020,0.0
04/03/2020,0.0
05/03/2020,0.0
06/03/2020,0.4
07/03/2020,8.6
08/03/2020,0.0
09/03/2020,0.0
10/03/2020,0.0
11/03/2020,0.0
12/03/2020,0.0
13/03/2020,0.0
14/03/2020,0.0
15/03/2020,0.0
16/03/2020,0.0
17/03/2020,0.0
18/03/2020,0.0
19/03/2020,0.0
20/03/2020,0.0
21/03/2020,0.0
22/03/2020,0.0
23/03/2020,0.5
24/03/2020,0.5
25/03/2020,0.0
26/03/2020,0.0
27/03/2020,0.0
28/03/2020,0.0
29/03/2020,0.0
30/03/2020,0.0
31/03/2020,0.0
01/04/2020,0.0
02/04/2020,1.0
03/04/2020,2.5
04/04/2020,0.5
05/04/2020,11.5
06/04/2020,1.5
07/04/2020,0.5
08/04/2020,0.0
09/04/2020,0.0
10/04/2020,0.0
11/04/2020,0.0
12/04/2020,0.4
13/04/2020,36.1
14/04/2020,0.0
15/04/2020,0.0
16/04/2020,0.0
17/04/2020,0.0
18/04/2020,0.0
19/04/2020,0.0
20/04/2020,0.0
21/04/2020,0.0
22/04/2020,0.5
23/04/2020,6.5
24/04/2020,5.0
25/04/2020,31.3
26/04/2020,18.7
27/04/2020,2.5
28/04/2020,10.5
29/04/2020,0.5
30/04/2020,1.3
01/05/2020,5.2
02/05/2020,1.0
03/05/2020,0.0
04/05/2020,5.0
05/05/2020,0.5
06/05/2020,0.0
07/05/2020,24.0
08/05/2020,0.5
09/05/2020,19.0
10/05/2020,0.5
11/05/2020,1.0
12/05/2020,0.0
13/05/2020,0.0
14/05/2020,8.5
15/05/2020,15.0
16/05/2020,17.5
17/05/2020,3.8
18/05/2020,0.2
19/05/2020,0.0
20/05/2020,9.0
21/05/2020,0.0
22/05/2020,0.0
23/05/2020,49.5
24/05/2020,15.5
25/05/2020,3.5
26/05/2020,2.5
27/05/2020,0.0
28/05/2020,12.0
29/05/2020,0.5
30/05/2020,0.0
31/05/2020,2.5
01/06/2020,44.0
02/06/2020,7.5
03/06/2020,94.5
04/06/2020,5.5
05/06/2020,0.5
06/06/2020,8.0
07/06/2020,23.3
08/06/2020,1.1
09/06/2020,25.5
10/06/2020,37.1
11/06/2020,0.5
12/06/2020,18.5
13/06/2020,0.0
14/06/2020,0.0
15/06/2020,0.0
16/06/2020,17.0
17/06/2020,14.3
18/06/2020,0.2
19/06/2020,0.9
20/06/2020,1.1
21/06/2020,0.0
22/06/2020,0.5
23/06/2020,0.0
24/06/2020,11.0
25/06/2020,8.5
26/06/2020,1.5
27/06/2020,0.5
28/06/2020,0.0
29/06/2020,0.0
30/06/2020,0.4
01/07/2020,15.1
02/07/2020,0.4
03/07/2020,0.0
04/07/2020,0.0
05/07/2020,17.5
06/07/2020,21.0
07/07/2020,2.5
08/07/2020,0.5
09/07/2020,23.3
10/07/2020,1.7
11/07/2020,0.0
12/07/2020,12.1
13/07/2020,38.9
14/07/2020,6.5
15/07/2020,0.0
16/07/2020,66.0
17/07/2020,0.0
18/07/2020,0.0
19/07/2020,0.0
20/07/2020,21.5
21/07/2020,0.0
22/07/2020,3.5
23/07/2020,131.3
24/07/2020,78.2
25/07/2020,0.0
26/07/2020,0.0
27/07/2020,0.0
28/07/2020,0.0
29/07/2020,0.0
30/07/2020,33.3
31/07/2020,5.2
01/08/2020,8.0
02/08/2020,0.4
03/08/2020,0.1
04/08/2020,0.0
05/08/2020,1.0
06/08/2020,0.0
07/08/2020,29.6
08/08/2020,29.9
09/08/2020,0.0
10/08/2020,0.5
11/08/2020,31.0
12/08/2020,0.8
13/08/2020,6.4
14/08/2020,1.2
15/08/2020,9.0
16/08/2020,16.0
17/08/2020,0.0
18/08/2020,17.0
19/08/2020,0.5
20/08/2020,0.5
21/08/2020,38.3
22/08/2020,1.7
23/08/2020,0.0
24/08/2020,0.0
25/08/2020,0.0
26/08/2020,0.0
27/08/2020,0.0
28/08/2020,0.0
29/08/2020,0.0
30/08/2020,0.0
31/08/2020,0.0
01/09/2020,2.0
02/09/2020,27.5
03/09/2020,13.5
04/09/2020,3.0
05/09/2020,1.0
06/09/2020,15.0
07/09/2020,0.5
08/09/2020,67.5
09/09/2020,1.0
10/09/2020,46.5
11/09/2020,0.5
12/09/2020,0.5
13/09/2020,0.4
14/09/2020,14.1
15/09/2020,0.0
16/09/2020,0.0
17/09/2020,1.0
18/09/2020,0.0
19/09/2020,0.0
20/09/2020,1.5
21/09/2020,0.5
22/09/2020,0.5
23/09/2020,0.0
24/09/2020,0.7
25/09/2020,3.3
26/09/2020,23.5
27/09/2020,0.0
28/09/2020,0.0
29/09/2020,0.4
30/09/2020,0.1
01/10/2020,2.0
02/10/2020,0.4
03/10/2020,0.6
04/10/2020,0.0
05/10/2020,0.0
06/10/2020,3.9
07/10/2020,66.1
08/10/2020,45.2
09/10/2020,13.8
10/10/2020,0.0
11/10/2020,0.0
12/10/2020,17.6
13/10/2020,2.9
14/10/2020,5.5
15/10/2020,0.5
16/10/2020,8.9
17/10/2020,0.1
18/10/2020,0.0
19/10/2020,0.0
20/10/2020,0.0
21/10/2020,3.0
22/10/2020,7.0
23/10/2020,0.5
24/10/2020,0.5
25/10/2020,40.1
26/10/2020,2.4
27/10/2020,0.0
28/10/2020,0.0
29/10/2020,9.5
30/10/2020,0.5
31/10/2020,12.0
01/11/2020,4.3
02/11/2020,1.6
03/11/2020,2.4
04/11/2020,38.7
05/11/2020,1.0
06/11/2020,3.5
07/11/2020,0.4
08/11/2020,2.4
09/11/2020,19.7
10/11/2020,0.0
11/11/2020,1.4
12/11/2020,105.2
13/11/2020,15.6
14/11/2020,66.3
15/11/2020,4.7
16/11/2020,0.5
17/11/2020,119.4
18/11/2020,37.0
19/11/2020,1.5
20/11/2020,3.3
21/11/2020,8.7
22/11/2020,5.0
23/11/2020,133.4
24/11/2020,87.5
25/11/2020,22.6
26/11/2020,4.0
27/11/2020,158.1
28/11/2020,34.8
29/11/2020,0.5
30/11/2020,0.0
01/12/2020,0.5
02/12/2020,1.3
03/12/2020,73.5
04/12/2020,67.7
05/12/2020,1.5
06/12/2020,0.0
07/12/2020,0.0
08/12/2020,0.0
09/12/2020,0.0
10/12/2020,0.0
11/12/2020,2.7
12/12/2020,10.0
13/12/2020,1.8
14/12/2020,9.5
15/12/2020,14.2
16/12/2020,89.7
17/12/2020,174.0
18/12/2020,171.9
19/12/2020,119.2
20/12/2020,20.9
21/12/2020,0.2
22/12/2020,0.0
23/12/2020,0.0
24/12/2020,0.0
25/12/2020,0.4
26/12/2020,25.6
27/12/2020,88.0
28/12/2020,0.0
29/12/2020,0.0
30/12/2020,0.0
31/12/2020,39.8
01/01/2021,38.1
02/01/2021,27.5
03/01/2021,83.7
04/01/2021,94.0
05/01/2021,83.1
06/01/2021,315.5
07/01/2021,73.1
08/01/2021,25.0
09/01/2021,46.7
10/01/2021,17.5
11/01/2021,6.3
12/01/2021,20.1
13/01/2021,5.6
14/01/2021,0.7
15/01/2021,0.0
16/01/2021,0.0
17/01/2021,0.0
18/01/2021,1.2
19/01/2021,0.7
20/01/2021,0.1
21/01/2021,0.0
22/01/2021,0.4
23/01/2021,7.1
24/01/2021,5.0
25/01/2021,0.0
26/01/2021,0.4
27/01/2021,6.4
28/01/2021,4.3
29/01/2021,0.5
30/01/2021,0.0
31/01/2021,11.7
01/02/2021,7.8
02/02/2021,0.5
03/02/2021,0.0
04/02/2021,0.0
05/02/2021,1.0
06/02/2021,0.5
07/02/2021,0.0
08/02/2021,1.5
09/02/2021,0.0
10/02/2021,0.0
11/02/2021,0.0
12/02/2021,2.5
13/02/2021,0.0
14/02/2021,0.2
15/02/2021,3.3
16/02/2021,0.0
17/02/2021,0.0
18/02/2021,0.0
19/02/2021,1.0
20/02/2021,6.0
21/02/2021,1.0
22/02/2021,0.0
23/02/2021,0.0
24/02/2021,0.0
25/02/2021,0.0
26/02/2021,0.0
27/02/2021,0.0
28/02/2021,0.0
01/03/2021,0.0
02/03/2021,0.0
03/03/2021,0.4
04/03/2021,36.5
05/03/2021,3.6
06/03/2021,4.0
07/03/2021,0.0
08/03/2021,0.0
09/03/2021,0.0
10/03/2021,14.8
11/03/2021,16.5
12/03/2021,39.7
13/03/2021,2.0
14/03/2021,0.0
15/03/2021,0.0
16/03/2021,0.0
17/03/2021,0.0
18/03/2021,0.0
19/03/2021,0.0
20/03/2021,0.0
21/03/2021,0.0
22/03/2021,0.4
23/03/2021,118.8
24/03/2021,119.3
25/03/2021,78.9
26/03/2021,59.1
27/03/2021,25.2
28/03/2021,2.8
29/03/2021,2.0
30/03/2021,1.4
31/03/2021,104.1
01/04/2021,30.2
02/04/2021,11.8
03/04/2021,0.0
04/04/2021,16.0
05/04/2021,23.3
06/04/2021,45.2
07/04/2021,30.5
08/04/2021,0.0
09/04/2021,1.0
10/04/2021,0.8
11/04/2021,27.2
12/04/2021,0.0
13/04/2021,5.5
14/04/2021,20.0
15/04/2021,0.0
16/04/2021,0.0
17/04/2021,0.5
18/04/2021,19.3
19/04/2021,0.2
20/04/2021,15.0
21/04/2021,0.5
22/04/2021,0.0
23/04/2021,28.7
24/04/2021,10.3
25/04/2021,8.5
26/04/2021,0.5
27/04/2021,0.0
28/04/2021,30.5
29/04/2021,0.5
30/04/2021,9.5
01/05/2021,0.0
02/05/2021,0.0
03/05/2021,0.0
04/05/2021,0.0
05/05/2021,2.5
06/05/2021,54.0
07/05/2021,6.8
08/05/2021,0.2
09/05/2021,0.0
10/05/2021,9.0
11/05/2021,3.0
12/05/2021,2.5
13/05/2021,0.0
14/05/2021,8.5
15/05/2021,34.5
16/05/2021,0.5
17/05/2021,7.5
18/05/2021,12.1
19/05/2021,9.7
20/05/2021,1.2
21/05/2021,33.1
22/05/2021,2.9
23/05/2021,0.0
24/05/2021,3.0
25/05/2021,0.5
26/05/2021,11.0
27/05/2021,19.5
28/05/2021,0.0
29/05/2021,0.5
30/05/2021,2.5
31/05/2021,0.0
01/06/2021,4.5
02/06/2021,0.5
03/06/2021,0.0
04/06/2021,0.0
05/06/2021,0.0
06/06/2021,0.0
07/06/2021,0.0
08/06/2021,0.0
09/06/2021,18.5
10/06/2021,4.7
11/06/2021,0.3
12/06/2021,0.0
13/06/2021,0.0
14/06/2021,0.0
15/06/2021,0.0
16/06/2021,0.0
17/06/2021,1.0
18/06/2021,0.5
19/06/2021,8.5
20/06/2021,2.6
21/06/2021,0.4
22/06/2021,7.7
23/06/2021,2.3
24/06/2021,0.4
25/06/2021,37.1
26/06/2021,0.0
27/06/2021,41.0
28/06/2021,23.5
29/06/2021,0.5
30/06/2021,0.0
01/07/2021,0.0
02/07/2021,0.0
03/07/2021,10.6
04/07/2021,0.9
05/07/2021,9.0
06/07/2021,9.5
07/07/2021,0.0
08/07/2021,0.4
09/07/2021,23.4
10/07/2021,5.6
11/07/2021,16.6
12/07/2021,1.9
13/07/2021,6.1
14/07/2021,0.0
15/07/2021,0.5
16/07/2021,0.0
17/07/2021,0.0
18/07/2021,0.0
19/07/2021,0.0
20/07/2021,0.0
21/07/2021,0.4
22/07/2021,3.6
23/07/2021,5.5
24/07/2021,0.5
25/07/2021,0.4
26/07/2021,11.1
27/07/2021,0.5
28/07/2021,1.3
29/07/2021,29.2
30/07/2021,18.0
31/07/2021,1.6
01/08/2021,9.9
02/08/2021,0.0
03/08/2021,0.6
04/08/2021,0.4
05/08/2021,0.0
06/08/2021,0.0
07/08/2021,0.0
08/08/2021,0.0
09/08/2021,0.0
10/08/2021,23.0
11/08/2021,9.0
12/08/2021,0.0
13/08/2021,1.5
14/08/2021,0.5
15/08/2021,0.5
16/08/2021,1.0
17/08/2021,5.0
18/08/2021,0.8
19/08/2021,4.7
20/08/2021,1.5
21/08/2021,0.6
22/08/2021,2.8
23/08/2021,0.2
24/08/2021,0.0
25/08/2021,3.3
26/08/2021,0.2
27/08/2021,0.0
28/08/2021,1.0
29/08/2021,0.5
30/08/2021,1.5
31/08/2021,1.5
01/09/2021,21.5
02/09/2021,1.5
03/09/2021,1.5
04/09/2021,0.0
05/09/2021,1.5
06/09/2021,21.0
07/09/2021,0.0
08/09/2021,0.0
09/09/2021,13.7
10/09/2021,29.3
11/09/2021,36.2
12/09/2021,38.3
13/09/2021,0.7
14/09/2021,0.3
15/09/2021,0.5
16/09/2021,7.0
17/09/2021,0.0
18/09/2021,12.8
19/09/2021,25.7
20/09/2021,0.0
21/09/2021,9.0
22/09/2021,0.8
23/09/2021,0.7
24/09/2021,3.5
25/09/2021,0.0
26/09/2021,10.5
27/09/2021,15.0
28/09/2021,4.0
29/09/2021,3.5
30/09/2021,3.0
01/10/2021,0.0
02/10/2021,0.0
03/10/2021,17.0
04/10/2021,25.6
05/10/2021,6.4
06/10/2021,0.0
07/10/2021,31.0
08/10/2021,5.5
09/10/2021,0.0
10/10/2021,0.0
11/10/2021,0.0
12/10/2021,0.0
13/10/2021,0.0
14/10/2021,0.0
15/10/2021,0.4
16/10/2021,5.6
17/10/2021,45.4
18/10/2021,0.1
19/10/2021,0.5
20/10/2021,7.3
21/10/2021,1.2
22/10/2021,0.5
23/10/2021,0.0
24/10/2021,6.0
25/10/2021,0.5
26/10/2021,80.0
27/10/2021,0.0
28/10/2021,2.3
29/10/2021,4.2
30/10/2021,13.0
31/10/2021,3.5
01/11/2021,0.4
02/11/2021,5.1
03/11/2021,21.5
04/11/2021,0.0
05/11/2021,0.5
06/11/2021,0.0
07/11/2021,0.5
08/11/2021,0.0
09/11/2021,7.8
10/11/2021,22.0
11/11/2021,10.2
12/11/2021,5.7
13/11/2021,26.8
14/11/2021,1.0
15/11/2021,0.0
16/11/2021,2.9
17/11/2021,7.5
18/11/2021,10.1
19/11/2021,54.2
20/11/2021,14.3
21/11/2021,1.3
22/11/2021,22.4
23/11/2021,25.5
24/11/2021,8.8
25/11/2021,2.7
26/11/2021,29.4
27/11/2021,4.9
28/11/2021,0.0
29/11/2021,41.5
30/11/2021,0.4
01/12/2021,2.7
02/12/2021,38.2
03/12/2021,89.6
04/12/2021,1.7
05/12/2021,0.0
06/12/2021,0.0
07/12/2021,0.4
08/12/2021,1.1
09/12/2021,0.8
10/12/2021,8.0
11/12/2021,2.2
12/12/2021,0.0
13/12/2021,4.0
14/12/2021,9.4
15/12/2021,14.6
16/12/2021,137.4
17/12/2021,152.7
18/12/2021,57.0
19/12/2021,27.5
20/12/2021,0.8
21/12/2021,12.2
22/12/2021,31.8
23/12/2021,16.5
24/12/2021,1.2
25/12/2021,1.7
26/12/2021,8.6
27/12/2021,0.0
28/12/2021,0.0
29/12/2021,26.3
30/12/2021,213.5
31/12/2021,60.6
01/01/2022,77.1
02/01/2022,47.0
03/01/2022,39.6
04/01/2022,46.9
05/01/2022,1.5
06/01/2022,0.0
07/01/2022,6.6
08/01/2022,17.4
09/01/2022,0.0
10/01/2022,0.0
11/01/2022,0.0
12/01/2022,0.0
13/01/2022,0.5
14/01/2022,0.0
15/01/2022,0.4
16/01/2022,19.3
17/01/2022,15.3
18/01/2022,0.0
19/01/2022,0.5
20/01/2022,0.0
21/01/2022,0.0
22/01/2022,0.0
23/01/2022,0.0
24/01/2022,0.0
25/01/2022,0.0
26/01/2022,0.0
27/01/2022,0.0
28/01/2022,0.0
29/01/2022,0.0
30/01/2022,0.0
31/01/2022,0.0
01/02/2022,0.0
02/02/2022,2.9
03/02/2022,14.8
04/02/2022,13.1
05/02/2022,10.5
06/02/2022,10.4
07/02/2022,50.3
08/02/2022,100.5
09/02/2022,0.5
10/02/2022,13.3
11/02/2022,27.2
12/02/2022,29.5
13/02/2022,25.4
14/02/2022,49.3
15/02/2022,51.1
16/02/2022,2.1
17/02/2022,0.0
18/02/2022,0.0
19/02/2022,0.0
20/02/2022,0.0
21/02/2022,0.0
22/02/2022,0.4
23/02/2022,88.6
24/02/2022,75.1
25/02/2022,224.6
26/02/2022,163.4
27/02/2022,373.8
28/02/2022,61.3
01/03/2022,27.7
02/03/2022,2.9
03/03/2022,15.7
04/03/2022,24.8
05/03/2022,15.7
06/03/2022,0.5
07/03/2022,0.9
08/03/2022,1.0
09/03/2022,10.4
10/03/2022,0.2
11/03/2022,0.0
12/03/2022,0.0
13/03/2022,14.5
14/03/2022,0.0
15/03/2022,0.0
16/03/2022,0.7
17/03/2022,72.3
18/03/2022,0.5
19/03/2022,1.0
20/03/2022,82.5
21/03/2022,0.0
22/03/2022,2.0
23/03/2022,19.5
24/03/2022,0.5
25/03/2022,1.5
26/03/2022,1.7
27/03/2022,0.3
28/03/2022,0.0
29/03/2022,11.0
30/03/2022,8.3
31/03/2022,6.7
01/04/2022,0.0
02/04/2022,1.3
03/04/2022,0.2
04/04/2022,42.5
05/04/2022,14.3
06/04/2022,4.2
07/04/2022,12.0
08/04/2022,1.7
09/04/2022,3.8
10/04/2022,0.7
11/04/2022,24.3
12/04/2022,0.5
13/04/2022,0.5
14/04/2022,0.0
15/04/2022,8.0
16/04/2022,3.0
17/04/2022,0.0
18/04/2022,0.0
19/04/2022,0.4
20/04/2022,36.1
21/04/2022,0.0
22/04/2022,0.0
23/04/2022,10.0
24/04/2022,33.0
25/04/2022,0.0
26/04/2022,0.5
27/04/2022,0.0
28/04/2022,0.0
29/04/2022,27.5
30/04/2022,0.0
01/05/2022,0.5
02/05/2022,0.0
03/05/2022,0.4
04/05/2022,14.1
05/05/2022,4.0
06/05/2022,0.4
07/05/2022,0.6
08/05/2022,14.7
09/05/2022,0.8
10/05/2022,1.0
11/05/2022,7.5
12/05/2022,62.5
13/05/2022,3.0
14/05/2022,3.0
15/05/2022,0.6
16/05/2022,41.5
17/05/2022,0.4
18/05/2022,0.4
19/05/2022,18.1
20/05/2022,0.0
21/05/2022,0.0
22/05/2022,0.0
23/05/2022,0.0
24/05/2022,1.4
25/05/2022,12.1
26/05/2022,0.5
27/05/2022,0.0
28/05/2022,0.0
29/05/2022,13.1
30/05/2022,7.6
31/05/2022,0.7
01/06/2022,49.1
02/06/2022,0.0
03/06/2022,19.2
04/06/2022,0.8
05/06/2022,0.5
06/06/2022,0.5
07/06/2022,1.3
08/06/2022,4.0
09/06/2022,13.1
10/06/2022,0.2
11/06/2022,20.5
12/06/2022,0.0
13/06/2022,2.5
14/06/2022,0.0
15/06/2022,0.0
16/06/2022,26.0
17/06/2022,8.0
18/06/2022,0.5
19/06/2022,3.5
20/06/2022,0.0
21/06/2022,0.5
22/06/2022,14.5
23/06/2022,0.4
24/06/2022,27.5
25/06/2022,1.6
26/06/2022,1.0
27/06/2022,0.0
28/06/2022,0.0
29/06/2022,0.0
30/06/2022,0.0
01/07/2022,0.0
02/07/2022,0.0
03/07/2022,8.0
04/07/2022,18.5
05/07/2022,0.5
06/07/2022,2.0
07/07/2022,0.0
08/07/2022,15.6
09/07/2022,0.9
10/07/2022,0.0
11/07/2022,40.7
12/07/2022,2.3
13/07/2022,2.5
14/07/2022,0.0
15/07/2022,0.4
16/07/2022,19.6
17/07/2022,0.0
18/07/2022,0.0
19/07/2022,4.5
20/07/2022,0.5
21/07/2022,1.0
22/07/2022,10.5
23/07/2022,0.0
24/07/2022,0.0
25/07/2022,4.5
26/07/2022,2.0
27/07/2022,4.9
28/07/2022,1.1
29/07/2022,0.0
30/07/2022,0.0
31/07/2022,0.0
01/08/2022,0.0
02/08/2022,84.5
03/08/2022,0.5
04/08/2022,0.5
05/08/2022,13.0
06/08/2022,0.0
07/08/2022,0.5
08/08/2022,7.8
09/08/2022,20.7
10/08/2022,0.0
11/08/2022,0.0
12/08/2022,0.0
13/08/2022,0.9
14/08/2022,11.6
15/08/2022,0.3
16/08/2022,12.2
17/08/2022,0.3
18/08/2022,0.2
19/08/2022,1.0
20/08/2022,5.5
21/08/2022,47.7
22/08/2022,0.3
23/08/2022,0.0
24/08/2022,0.0
25/08/2022,6.2
26/08/2022,2.8
27/08/2022,10.5
28/08/2022,0.5
29/08/2022,7.5
30/08/2022,56.7
31/08/2022,0.3
01/09/2022,87.0
02/09/2022,14.3
03/09/2022,1.2
04/09/2022,0.4
05/09/2022,5.6
06/09/2022,0.0
07/09/2022,17.5
08/09/2022,0.4
09/09/2022,1.5
10/09/2022,4.1
11/09/2022,33.0
12/09/2022,0.5
13/09/2022,11.6
14/09/2022,29.9
15/09/2022,0.0
16/09/2022,0.0
17/09/2022,1.0
18/09/2022,0.5
19/09/2022,5.0
20/09/2022,0.0
21/09/2022,2.0
22/09/2022,11.5
23/09/2022,0.0
24/09/2022,0.4
25/09/2022,0.1
26/09/2022,10.2
27/09/2022,18.3
28/09/2022,6.0
29/09/2022,42.8
30/09/2022,22.8
01/10/2022,13.7
02/10/2022,1.2
03/10/2022,76.0
04/10/2022,34.5
05/10/2022,2.0
06/10/2022,0.5
07/10/2022,3.0
08/10/2022,6.9
09/10/2022,1.6
10/10/2022,3.0
11/10/2022,12.5
12/10/2022,0.0
13/10/2022,0.0
14/10/2022,39.5
15/10/2022,3.5
16/10/2022,19.5
17/10/2022,4.7
18/10/2022,9.3
19/10/2022,10.9
20/10/2022,0.1
21/10/2022,3.8
22/10/2022,9.2
23/10/2022,1.3
24/10/2022,0.5
25/10/2022,2.0
26/10/2022,18.1
27/10/2022,0.0
28/10/2022,13.9
29/10/2022,10.6
30/10/2022,8.0
31/10/2022,3.0
01/11/2022,81.0
02/11/2022,12.2
03/11/2022,3.6
04/11/2022,10.4
05/11/2022,0.4
06/11/2022,33.7
07/11/2022,65.3
08/11/2022,5.3
09/11/2022,3.9
10/11/2022,94.4
11/11/2022,59.1
12/11/2022,8.8
13/11/2022,18.5
14/11/2022,0.0
15/11/2022,3.5
16/11/2022,5.0
17/11/2022,0.0
18/11/2022,0.4
19/11/2022,15.6
20/11/2022,0.0
21/11/2022,16.0
22/11/2022,0.5
23/11/2022,0.4
24/11/2022,0.1
25/11/2022,49.4
26/11/2022,3.6
27/11/2022,8.0
28/11/2022,6.0
29/11/2022,0.4
30/11/2022,22.1
01/12/2022,38.0
02/12/2022,18.4
03/12/2022,0.1
04/12/2022,2.5
05/12/2022,0.5
06/12/2022,13.1
07/12/2022,30.4
08/12/2022,111.2
09/12/2022,82.9
10/12/2022,48.1
11/12/2022,70.1
12/12/2022,32.1
13/12/2022,17.1
14/12/2022,104.8
15/12/2022,9.2
16/12/2022,3.5
17/12/2022,68.1
18/12/2022,498.5
19/12/2022,261.3
20/12/2022,72.5
21/12/2022,109.6
22/12/2022,15.5
23/12/2022,0.8
24/12/2022,0.2
25/12/2022,0.9
26/12/2022,0.5
27/12/2022,1.1
28/12/2022,0.0
29/12/2022,0.0
30/12/2022,0.0
31/12/2022,0.0
01/01/2023,0.0
02/01/2023,0.0
03/01/2023,29.9
04/01/2023,3.1
10/01/2023,0.5
11/01/2023,5.5
12/01/2023,23.0
13/01/2023,0.4
14/01/2023,26.6
15/01/2023,2.5
16/01/2023,0.4
17/01/2023,1.7
18/01/2023,2.8
19/01/2023,29.3
20/01/2023,21.5
21/01/2023,40.4
22/01/2023,30.7
23/01/2023,15.6
24/01/2023,3.7
25/01/2023,9.9
26/01/2023,1.5
27/01/2023,30.1
28/01/2023,46.1
29/01/2023,18.5
30/01/2023,24.5
31/01/2023,7.8
01/02/2023,6.0
02/02/2023,38.8
03/02/2023,45.2
04/02/2023,5.2
05/02/2023,27.3
06/02/2023,107.3
07/02/2023,11.1
08/02/2023,21.5
09/02/2023,0.5
10/02/2023,0.0
