Date,Value (mm)
04/11/1974,4.5
05/11/1974,1.0
06/11/1974,0.0
07/11/1974,26.5
08/11/1974,0.0
09/11/1974,0.5
10/11/1974,16.0
11/11/1974,9.0
12/11/1974,11.0
13/11/1974,0.0
14/11/1974,4.0
15/11/1974,0.0
16/11/1974,0.0
17/11/1974,2.0
18/11/1974,8.5
19/11/1974,33.0
20/11/1974,28.5
21/11/1974,77.0
22/11/1974,6.5
23/11/1974,5.5
24/11/1974,0.0
25/11/1974,0.0
26/11/1974,0.0
27/11/1974,0.0
28/11/1974,0.0
29/11/1974,0.0
30/11/1974,0.0
01/12/1974,0.0
02/12/1974,0.0
03/12/1974,0.0
04/12/1974,0.0
05/12/1974,0.0
06/12/1974,0.0
07/12/1974,0.0
08/12/1974,0.0
09/12/1974,0.0
10/12/1974,0.0
11/12/1974,0.0
12/12/1974,0.0
13/12/1974,0.0
14/12/1974,0.0
15/12/1974,67.0
16/12/1974,0.0
17/12/1974,0.0
18/12/1974,1.5
19/12/1974,0.5
20/12/1974,11.0
21/12/1974,50.0
22/12/1974,25.5
23/12/1974,0.0
24/12/1974,0.0
25/12/1974,22.5
26/12/1974,45.5
27/12/1974,274.5
28/12/1974,137.5
29/12/1974,40.5
30/12/1974,64.0
31/12/1974,77.0
01/01/1975,25.7
02/01/1975,62.8
03/01/1975,5.5
04/01/1975,185.2
05/01/1975,126.8
06/01/1975,15.9
07/01/1975,44.6
08/01/1975,89.5
09/01/1975,5.0
10/01/1975,63.2
11/01/1975,26.3
12/01/1975,35.5
13/01/1975,41.0
14/01/1975,92.0
15/01/1975,2.5
16/01/1975,20.0
17/01/1975,19.0
18/01/1975,20.0
19/01/1975,1.0
20/01/1975,0.0
21/01/1975,0.5
22/01/1975,11.0
23/01/1975,28.5
24/01/1975,2.0
25/01/1975,0.0
26/01/1975,0.0
27/01/1975,0.0
28/01/1975,0.0
29/01/1975,0.0
30/01/1975,0.0
31/01/1975,6.0
01/02/1975,21.0
02/02/1975,9.0
03/02/1975,32.0
04/02/1975,0.5
05/02/1975,7.5
06/02/1975,0.0
07/02/1975,0.0
08/02/1975,0.0
09/02/1975,0.0
10/02/1975,0.0
11/02/1975,10.0
12/02/1975,0.0
13/02/1975,0.0
14/02/1975,0.0
15/02/1975,0.0
16/02/1975,0.0
17/02/1975,0.0
18/02/1975,0.0
19/02/1975,0.0
20/02/1975,0.0
21/02/1975,13.0
22/02/1975,0.5
23/02/1975,109.0
24/02/1975,32.0
25/02/1975,36.0
26/02/1975,77.5
27/02/1975,0.0
28/02/1975,0.0
01/03/1975,5.0
02/03/1975,0.5
03/03/1975,0.0
04/03/1975,0.0
05/03/1975,0.0
06/03/1975,0.0
07/03/1975,11.0
08/03/1975,1.5
09/03/1975,8.5
10/03/1975,0.0
11/03/1975,0.0
12/03/1975,0.0
13/03/1975,0.0
14/03/1975,0.0
15/03/1975,0.0
16/03/1975,0.0
17/03/1975,11.0
18/03/1975,6.0
19/03/1975,3.5
20/03/1975,0.0
21/03/1975,0.0
22/03/1975,0.0
23/03/1975,0.0
24/03/1975,0.0
25/03/1975,2.0
26/03/1975,1.5
27/03/1975,0.0
28/03/1975,0.0
29/03/1975,0.0
30/03/1975,0.0
31/03/1975,0.0
01/04/1975,0.0
02/04/1975,18.0
03/04/1975,0.0
04/04/1975,0.5
05/04/1975,2.0
06/04/1975,36.0
07/04/1975,32.0
08/04/1975,0.0
09/04/1975,0.0
10/04/1975,0.0
11/04/1975,0.3
12/04/1975,1.7
13/04/1975,5.7
14/04/1975,0.3
15/04/1975,17.0
16/04/1975,1.5
17/04/1975,0.0
18/04/1975,0.0
19/04/1975,0.0
20/04/1975,0.0
21/04/1975,0.0
22/04/1975,0.0
23/04/1975,0.0
24/04/1975,0.0
25/04/1975,20.5
26/04/1975,19.0
27/04/1975,1.0
28/04/1975,0.5
29/04/1975,0.0
30/04/1975,7.0
01/05/1975,29.5
02/05/1975,15.5
03/05/1975,11.5
04/05/1975,3.5
05/05/1975,0.5
06/05/1975,6.5
07/05/1975,6.0
08/05/1975,16.0
09/05/1975,18.5
24/05/1975,15.0
25/05/1975,0.0
26/05/1975,2.0
27/05/1975,0.0
28/05/1975,0.0
29/05/1975,2.0
30/05/1975,39.5
31/05/1975,2.0
01/06/1975,17.5
02/06/1975,0.5
03/06/1975,0.0
04/06/1975,2.0
05/06/1975,12.0
06/06/1975,3.5
07/06/1975,9.0
08/06/1975,0.0
09/06/1975,36.9
10/06/1975,4.1
11/06/1975,0.5
12/06/1975,71.0
13/06/1975,0.0
14/06/1975,49.5
15/06/1975,12.5
16/06/1975,3.0
17/06/1975,0.0
18/06/1975,6.0
19/06/1975,2.0
20/06/1975,6.5
21/06/1975,0.5
22/06/1975,30.5
23/06/1975,0.0
24/06/1975,24.0
25/06/1975,0.0
26/06/1975,5.5
27/06/1975,2.0
28/06/1975,0.0
29/06/1975,15.5
30/06/1975,0.5
01/07/1975,0.0
02/07/1975,13.0
03/07/1975,5.5
04/07/1975,14.5
05/07/1975,9.5
06/07/1975,38.0
07/07/1975,7.0
08/07/1975,0.5
09/07/1975,3.5
10/07/1975,0.0
11/07/1975,0.0
12/07/1975,73.5
13/07/1975,80.0
14/07/1975,32.0
15/07/1975,0.0
16/07/1975,16.0
17/07/1975,3.0
18/07/1975,0.0
19/07/1975,0.0
20/07/1975,0.0
21/07/1975,0.0
22/07/1975,0.0
23/07/1975,12.5
24/07/1975,0.0
25/07/1975,0.0
26/07/1975,32.0
27/07/1975,8.5
28/07/1975,0.5
29/07/1975,8.0
30/07/1975,0.5
31/07/1975,0.0
01/08/1975,6.0
02/08/1975,0.5
03/08/1975,6.5
04/08/1975,6.7
05/08/1975,20.3
06/08/1975,0.0
07/08/1975,15.0
08/08/1975,4.0
09/08/1975,3.5
10/08/1975,0.0
11/08/1975,0.0
12/08/1975,0.0
13/08/1975,0.0
14/08/1975,8.0
15/08/1975,0.5
16/08/1975,25.0
17/08/1975,21.5
18/08/1975,1.0
19/08/1975,2.0
20/08/1975,0.0
21/08/1975,0.0
22/08/1975,16.5
23/08/1975,1.0
24/08/1975,0.5
25/08/1975,0.0
01/10/1975,14.5
02/10/1975,0.0
03/10/1975,0.0
04/10/1975,0.0
05/10/1975,7.5
06/10/1975,15.8
07/10/1975,2.2
08/10/1975,34.0
09/10/1975,1.0
10/10/1975,20.0
11/10/1975,6.5
12/10/1975,0.5
13/10/1975,2.5
14/10/1975,32.0
15/10/1975,1.5
16/10/1975,7.5
17/10/1975,0.0
18/10/1975,33.0
19/10/1975,3.0
20/10/1975,21.0
21/10/1975,22.5
22/10/1975,5.5
23/10/1975,47.0
24/10/1975,2.5
25/10/1975,0.0
26/10/1975,159.5
27/10/1975,13.5
28/10/1975,0.5
29/10/1975,43.5
30/10/1975,4.3
31/10/1975,31.2
01/11/1975,11.0
02/11/1975,1.0
03/11/1975,17.5
04/11/1975,66.0
05/11/1975,5.5
12/01/1976,18.5
13/01/1976,13.5
14/01/1976,0.0
15/01/1976,0.0
16/01/1976,0.0
17/01/1976,0.0
18/01/1976,0.0
19/01/1976,0.0
20/01/1976,0.0
21/01/1976,0.0
22/01/1976,2.0
23/01/1976,0.0
24/01/1976,3.0
25/01/1976,0.5
26/01/1976,1.5
27/01/1976,0.0
28/01/1976,0.0
29/01/1976,0.0
30/01/1976,0.0
31/01/1976,0.0
01/02/1976,0.0
02/02/1976,0.0
03/02/1976,0.0
04/02/1976,0.0
05/02/1976,0.0
06/02/1976,0.0
07/02/1976,0.0
08/02/1976,0.0
09/02/1976,0.0
10/02/1976,0.0
11/02/1976,0.0
12/02/1976,0.0
13/02/1976,0.0
14/02/1976,0.0
15/02/1976,2.5
16/02/1976,0.0
17/02/1976,0.0
18/02/1976,0.0
19/02/1976,0.0
20/02/1976,0.0
21/02/1976,0.0
22/02/1976,0.0
23/02/1976,0.0
24/02/1976,0.0
25/02/1976,0.0
26/02/1976,0.5
27/02/1976,0.0
28/02/1976,0.0
29/02/1976,0.0
01/03/1976,0.0
02/03/1976,0.0
03/03/1976,0.0
04/03/1976,8.5
05/03/1976,0.0
06/03/1976,0.5
07/03/1976,0.5
08/03/1976,0.0
09/03/1976,0.0
10/03/1976,0.0
11/03/1976,0.0
12/03/1976,0.0
13/03/1976,0.0
14/03/1976,8.0
15/03/1976,0.0
16/03/1976,0.0
17/03/1976,0.0
18/03/1976,0.0
19/03/1976,0.0
20/03/1976,0.0
21/03/1976,0.0
22/03/1976,0.0
23/03/1976,0.0
24/03/1976,12.0
25/03/1976,2.5
26/03/1976,0.0
27/03/1976,0.0
28/03/1976,0.0
29/03/1976,0.0
30/03/1976,0.0
31/03/1976,0.0
01/04/1976,0.0
02/04/1976,15.0
03/04/1976,0.0
04/04/1976,0.0
05/04/1976,0.0
06/04/1976,0.0
07/04/1976,0.0
08/04/1976,0.0
09/04/1976,17.5
10/04/1976,3.0
11/04/1976,0.5
12/04/1976,0.0
13/04/1976,0.0
14/04/1976,0.0
15/04/1976,0.0
16/04/1976,0.0
17/04/1976,0.0
18/04/1976,0.0
19/04/1976,1.0
20/04/1976,0.0
21/04/1976,7.5
22/04/1976,0.0
23/04/1976,0.0
24/04/1976,21.0
25/04/1976,1.0
26/04/1976,13.5
27/04/1976,8.5
28/04/1976,29.0
29/04/1976,0.5
30/04/1976,80.0
01/05/1976,0.5
02/05/1976,18.5
03/05/1976,15.5
04/05/1976,8.0
05/05/1976,23.5
06/05/1976,5.5
07/05/1976,21.5
08/05/1976,4.0
09/05/1976,35.5
10/05/1976,12.0
11/05/1976,8.0
12/05/1976,0.0
13/05/1976,7.5
14/05/1976,6.5
15/05/1976,0.0
16/05/1976,5.5
17/05/1976,0.0
18/05/1976,48.5
19/05/1976,26.5
20/05/1976,31.0
21/05/1976,36.0
22/05/1976,7.0
23/05/1976,0.5
24/05/1976,0.0
25/05/1976,0.0
26/05/1976,0.0
27/05/1976,0.0
28/05/1976,0.0
29/05/1976,0.5
30/05/1976,0.5
31/05/1976,12.5
01/06/1976,13.5
02/06/1976,5.5
03/06/1976,1.0
04/06/1976,0.0
05/06/1976,7.5
06/06/1976,0.0
07/06/1976,14.0
08/06/1976,0.0
09/06/1976,25.5
10/06/1976,3.0
11/06/1976,0.0
12/06/1976,6.5
13/06/1976,0.0
14/06/1976,0.0
15/06/1976,15.5
16/06/1976,17.0
17/06/1976,21.0
18/06/1976,0.0
19/06/1976,0.0
20/06/1976,0.0
21/06/1976,0.0
22/06/1976,0.0
23/06/1976,2.5
24/06/1976,0.0
25/06/1976,1.0
26/06/1976,55.0
27/06/1976,1.0
28/06/1976,0.0
29/06/1976,0.0
30/06/1976,0.0
01/07/1976,0.0
02/07/1976,0.0
03/07/1976,0.0
04/07/1976,0.0
05/07/1976,0.0
06/07/1976,42.5
07/07/1976,0.0
08/07/1976,0.0
09/07/1976,0.0
10/07/1976,38.0
11/07/1976,2.5
12/07/1976,0.0
13/07/1976,23.6
14/07/1976,22.9
15/07/1976,1.0
16/07/1976,0.0
17/07/1976,0.0
18/07/1976,0.0
19/07/1976,0.0
20/07/1976,0.0
21/07/1976,0.0
22/07/1976,0.0
23/07/1976,0.0
24/07/1976,0.0
25/07/1976,0.0
26/07/1976,0.0
27/07/1976,0.0
28/07/1976,0.0
29/07/1976,0.0
30/07/1976,0.0
16/08/1976,11.5
17/08/1976,37.0
18/08/1976,4.0
19/08/1976,12.0
20/08/1976,3.5
21/08/1976,49.0
22/08/1976,45.0
23/08/1976,33.0
24/08/1976,14.5
25/08/1976,0.5
26/08/1976,0.0
27/08/1976,40.2
28/08/1976,6.3
29/08/1976,0.0
30/08/1976,50.5
31/08/1976,0.0
01/09/1976,0.0
02/09/1976,0.0
03/09/1976,9.0
04/09/1976,2.0
05/09/1976,0.0
06/09/1976,0.0
07/09/1976,1.5
08/09/1976,2.0
09/09/1976,0.0
10/09/1976,12.0
11/09/1976,3.5
12/09/1976,9.0
13/09/1976,2.0
14/09/1976,0.0
15/09/1976,0.0
16/09/1976,14.5
17/09/1976,0.5
18/09/1976,0.0
19/09/1976,0.0
20/09/1976,43.0
21/09/1976,20.5
22/09/1976,26.5
23/09/1976,3.0
24/09/1976,12.0
25/09/1976,10.0
26/09/1976,50.0
27/09/1976,34.0
28/09/1976,0.0
29/09/1976,0.0
30/09/1976,2.5
01/10/1976,0.5
02/10/1976,0.0
03/10/1976,0.0
04/10/1976,2.5
05/10/1976,30.0
06/10/1976,3.0
07/10/1976,0.0
08/10/1976,0.0
09/10/1976,0.0
10/10/1976,14.0
11/10/1976,6.0
12/10/1976,8.5
01/02/1977,2.5
02/02/1977,1.5
03/02/1977,2.5
04/02/1977,8.5
05/02/1977,0.5
06/02/1977,1.0
07/02/1977,1.0
08/02/1977,83.5
09/02/1977,62.0
10/02/1977,49.0
11/02/1977,42.0
12/02/1977,1.0
13/02/1977,6.5
14/02/1977,0.5
15/02/1977,0.0
16/02/1977,0.0
17/02/1977,0.0
18/02/1977,0.5
19/02/1977,9.5
20/02/1977,4.0
21/02/1977,0.0
22/02/1977,5.0
23/02/1977,35.5
24/02/1977,23.5
25/02/1977,13.5
26/02/1977,1.5
27/02/1977,0.5
01/04/1977,13.5
02/04/1977,0.0
03/04/1977,0.0
04/04/1977,107.5
05/04/1977,1.0
06/04/1977,0.5
07/04/1977,0.0
08/04/1977,0.0
09/04/1977,0.0
10/04/1977,0.0
11/04/1977,0.0
12/04/1977,0.0
13/04/1977,0.0
14/04/1977,0.0
15/04/1977,0.0
16/04/1977,0.0
17/04/1977,0.0
18/04/1977,0.0
19/04/1977,0.0
20/04/1977,0.0
21/04/1977,0.0
22/04/1977,0.0
23/04/1977,0.0
24/04/1977,0.0
25/04/1977,0.0
26/04/1977,0.0
27/04/1977,0.0
28/04/1977,0.0
29/04/1977,0.0
30/04/1977,0.0
01/05/1977,0.0
02/05/1977,0.0
03/05/1977,3.0
04/05/1977,0.0
05/05/1977,0.0
06/05/1977,0.0
07/05/1977,0.0
08/05/1977,10.5
09/05/1977,0.0
10/05/1977,0.0
11/05/1977,0.0
12/05/1977,0.0
13/05/1977,0.0
14/05/1977,11.0
15/05/1977,0.0
16/05/1977,17.0
17/05/1977,0.0
18/05/1977,25.0
19/05/1977,4.5
20/05/1977,13.5
21/05/1977,0.0
22/05/1977,24.0
23/05/1977,2.5
24/05/1977,5.0
25/05/1977,32.0
26/05/1977,7.5
27/05/1977,0.5
28/05/1977,14.5
29/05/1977,16.5
30/05/1977,6.0
31/05/1977,4.0
01/06/1977,44.5
02/06/1977,0.0
03/06/1977,0.0
04/06/1977,0.0
05/06/1977,0.0
06/06/1977,0.0
07/06/1977,0.0
08/06/1977,0.0
09/06/1977,13.0
10/06/1977,0.0
11/06/1977,0.5
12/06/1977,6.0
13/06/1977,0.0
14/06/1977,0.0
15/06/1977,0.0
16/06/1977,50.0
17/06/1977,26.5
18/06/1977,17.0
19/06/1977,6.5
20/06/1977,3.0
21/06/1977,18.0
22/06/1977,5.5
23/06/1977,1.0
24/06/1977,0.0
25/06/1977,6.5
26/06/1977,12.5
27/06/1977,2.0
28/06/1977,0.5
29/06/1977,1.0
30/06/1977,0.5
01/07/1977,47.4
02/07/1977,5.1
03/07/1977,0.0
04/07/1977,0.0
05/07/1977,12.0
06/07/1977,17.0
07/07/1977,4.0
08/07/1977,2.0
09/07/1977,0.0
10/07/1977,16.0
11/07/1977,1.0
12/07/1977,18.5
13/07/1977,21.0
14/07/1977,76.0
15/07/1977,6.5
16/07/1977,0.0
17/07/1977,0.0
18/07/1977,0.0
19/07/1977,0.0
20/07/1977,0.0
21/07/1977,18.5
22/07/1977,0.0
23/07/1977,25.5
24/07/1977,0.5
25/07/1977,39.0
26/07/1977,31.5
27/07/1977,0.0
28/07/1977,8.5
29/07/1977,9.5
30/07/1977,3.5
31/07/1977,0.5
01/08/1977,9.5
20/03/1978,0.5
21/03/1978,0.0
22/03/1978,0.0
23/03/1978,0.0
24/03/1978,0.0
25/03/1978,0.0
26/03/1978,12.0
27/03/1978,24.0
28/03/1978,10.5
29/03/1978,0.0
30/03/1978,27.0
31/03/1978,0.0
01/04/1978,0.0
02/04/1978,0.0
03/04/1978,0.0
04/04/1978,1.5
05/04/1978,0.5
06/04/1978,0.0
07/04/1978,0.0
08/04/1978,0.0
09/04/1978,0.0
10/04/1978,0.0
11/04/1978,0.0
12/04/1978,0.0
13/04/1978,3.5
14/04/1978,6.5
15/04/1978,5.5
16/04/1978,4.5
17/04/1978,2.0
18/04/1978,0.0
19/04/1978,0.0
20/04/1978,0.0
21/04/1978,0.0
22/04/1978,0.0
23/04/1978,0.0
24/04/1978,2.0
16/07/1978,42.5
17/07/1978,1.0
18/07/1978,12.5
19/07/1978,25.0
20/07/1978,11.5
21/07/1978,5.0
22/07/1978,13.0
23/07/1978,3.5
24/07/1978,0.0
25/07/1978,3.5
26/07/1978,38.5
27/07/1978,0.0
28/07/1978,0.0
29/07/1978,0.0
30/07/1978,0.0
31/07/1978,0.0
01/08/1978,0.5
02/08/1978,1.0
03/08/1978,20.5
04/08/1978,0.0
05/08/1978,7.5
06/08/1978,0.0
07/08/1978,0.0
08/08/1978,23.0
09/08/1978,0.0
10/08/1978,15.5
11/08/1978,0.0
12/08/1978,0.0
13/08/1978,0.0
14/08/1978,32.0
15/08/1978,0.0
15/10/1978,7.0
16/10/1978,33.0
17/10/1978,6.5
18/10/1978,16.0
19/10/1978,13.0
20/10/1978,23.0
21/10/1978,0.0
22/10/1978,2.0
23/10/1978,13.0
24/10/1978,6.0
25/10/1978,10.0
26/10/1978,22.0
27/10/1978,7.5
28/10/1978,12.0
29/10/1978,33.0
30/10/1978,27.5
31/10/1978,21.5
01/11/1978,41.0
02/11/1978,9.0
03/11/1978,38.0
04/11/1978,17.5
05/11/1978,19.0
06/11/1978,6.0
07/11/1978,18.5
08/11/1978,0.5
09/11/1978,0.0
10/11/1978,0.0
11/11/1978,14.0
12/11/1978,4.5
13/11/1978,4.0
14/11/1978,3.0
15/11/1978,42.5
16/11/1978,1.0
17/11/1978,30.0
18/11/1978,0.5
19/11/1978,53.0
20/11/1978,40.5
21/11/1978,10.0
22/11/1978,0.0
23/11/1978,3.5
24/11/1978,0.0
25/11/1978,0.0
26/11/1978,0.0
27/11/1978,0.0
28/11/1978,0.0
29/11/1978,23.1
30/11/1978,8.9
01/12/1978,37.5
02/12/1978,85.0
03/12/1978,17.0
04/12/1978,1.0
05/12/1978,76.5
06/12/1978,326.0
07/12/1978,38.0
08/12/1978,19.5
09/12/1978,47.5
10/12/1978,44.0
11/12/1978,6.0
12/12/1978,13.0
13/12/1978,5.5
14/12/1978,0.5
15/12/1978,6.5
16/12/1978,0.0
17/12/1978,1.5
18/12/1978,0.0
19/12/1978,0.0
20/12/1978,9.5
21/12/1978,2.0
22/12/1978,8.5
23/12/1978,6.0
24/12/1978,5.0
25/12/1978,0.0
26/12/1978,0.0
27/12/1978,0.0
28/12/1978,0.0
29/12/1978,0.0
30/12/1978,4.0
31/12/1978,2.5
01/01/1979,55.5
02/01/1979,27.0
03/01/1979,29.0
04/01/1979,10.5
05/01/1979,8.5
06/01/1979,13.5
07/01/1979,1.5
08/01/1979,0.0
09/01/1979,0.0
10/01/1979,0.0
11/01/1979,0.0
12/01/1979,0.0
13/01/1979,0.0
14/01/1979,0.0
15/01/1979,0.0
16/01/1979,0.0
17/01/1979,0.0
18/01/1979,0.0
19/01/1979,0.0
20/01/1979,15.5
21/01/1979,5.0
22/01/1979,16.6
23/01/1979,27.9
24/01/1979,11.0
25/01/1979,2.5
26/01/1979,0.0
27/01/1979,3.0
28/01/1979,0.5
29/01/1979,0.0
30/01/1979,0.0
31/01/1979,0.0
01/02/1979,0.0
02/02/1979,3.7
03/02/1979,10.8
04/02/1979,1.0
05/02/1979,25.2
06/02/1979,16.8
07/02/1979,23.0
08/02/1979,0.5
09/02/1979,0.0
10/02/1979,0.0
11/02/1979,0.0
12/02/1979,0.0
13/02/1979,4.0
25/03/1979,7.1
26/03/1979,1.4
27/03/1979,0.0
28/03/1979,0.0
29/03/1979,0.0
30/03/1979,0.0
31/03/1979,3.0
01/04/1979,0.0
02/04/1979,0.0
03/04/1979,0.0
04/04/1979,0.0
05/04/1979,23.5
06/04/1979,1.0
07/04/1979,0.0
08/04/1979,0.0
09/04/1979,0.0
10/04/1979,21.0
11/04/1979,0.0
12/04/1979,14.5
13/04/1979,0.0
14/04/1979,18.5
15/04/1979,9.0
16/04/1979,1.0
17/04/1979,4.0
18/04/1979,0.0
19/04/1979,20.5
20/04/1979,17.5
21/04/1979,62.0
22/04/1979,5.0
23/04/1979,13.5
24/04/1979,0.0
25/04/1979,5.0
26/04/1979,0.0
27/04/1979,9.0
28/04/1979,0.0
29/04/1979,1.5
30/04/1979,51.0
01/05/1979,3.0
02/05/1979,0.5
03/05/1979,0.5
04/05/1979,0.0
05/05/1979,0.0
06/05/1979,3.5
07/05/1979,0.0
08/05/1979,19.0
09/05/1979,36.0
10/05/1979,1.5
11/05/1979,0.0
12/05/1979,9.0
13/05/1979,0.5
14/05/1979,26.0
15/05/1979,0.0
16/05/1979,0.0
17/05/1979,0.0
18/05/1979,0.0
19/05/1979,0.0
20/05/1979,3.0
21/05/1979,14.5
22/05/1979,8.5
23/05/1979,47.0
24/05/1979,0.0
25/05/1979,21.0
26/05/1979,0.0
27/05/1979,0.0
28/05/1979,0.5
29/05/1979,0.5
30/05/1979,39.0
31/05/1979,0.0
01/06/1979,9.5
02/06/1979,1.5
03/06/1979,8.5
04/06/1979,0.0
05/06/1979,13.0
06/06/1979,2.0
07/06/1979,4.5
08/06/1979,0.0
09/06/1979,3.5
10/06/1979,5.5
11/06/1979,0.0
12/06/1979,10.5
13/06/1979,3.0
14/06/1979,1.5
15/06/1979,12.0
16/06/1979,1.5
17/06/1979,0.0
18/06/1979,31.5
19/06/1979,0.0
20/06/1979,0.0
21/06/1979,0.5
22/06/1979,0.0
23/06/1979,0.0
24/06/1979,16.5
25/06/1979,0.5
26/06/1979,26.0
27/06/1979,0.0
28/06/1979,0.0
29/06/1979,0.0
30/06/1979,0.0
01/07/1979,0.0
02/07/1979,0.0
03/07/1979,0.0
04/07/1979,0.0
05/07/1979,0.0
06/07/1979,0.0
07/07/1979,0.0
08/07/1979,0.0
09/07/1979,13.0
10/07/1979,17.5
11/07/1979,13.0
12/07/1979,1.0
13/07/1979,0.0
14/07/1979,0.0
15/07/1979,15.5
16/07/1979,1.0
17/07/1979,0.5
18/07/1979,18.0
19/07/1979,9.0
20/07/1979,1.5
21/07/1979,16.5
22/07/1979,14.5
23/07/1979,14.5
24/07/1979,48.5
25/07/1979,5.0
26/07/1979,20.0
27/07/1979,0.0
28/07/1979,0.0
29/07/1979,0.0
30/07/1979,0.0
31/07/1979,0.0
01/08/1979,0.0
02/08/1979,0.0
03/08/1979,0.0
04/08/1979,0.0
05/08/1979,0.5
06/08/1979,0.0
07/08/1979,20.5
08/08/1979,0.0
09/08/1979,0.0
10/08/1979,0.0
11/08/1979,0.0
12/08/1979,0.0
13/08/1979,1.0
14/08/1979,3.0
15/08/1979,0.0
16/08/1979,0.0
17/08/1979,1.5
18/08/1979,26.5
19/08/1979,27.5
20/08/1979,8.0
21/08/1979,11.5
22/08/1979,39.5
23/08/1979,12.0
24/08/1979,0.0
25/08/1979,15.0
26/08/1979,8.5
27/08/1979,0.0
28/08/1979,0.0
29/08/1979,0.0
30/08/1979,58.0
31/08/1979,19.5
01/09/1979,3.5
02/09/1979,24.5
03/09/1979,17.0
04/09/1979,0.0
05/09/1979,0.0
06/09/1979,6.0
07/09/1979,1.0
08/09/1979,29.0
09/09/1979,8.0
10/09/1979,48.5
11/09/1979,42.0
12/09/1979,0.0
13/09/1979,1.5
14/09/1979,0.0
15/09/1979,37.0
16/09/1979,36.0
17/09/1979,77.5
18/09/1979,3.5
25/12/1979,2.0
26/12/1979,0.5
27/12/1979,0.0
28/12/1979,0.0
29/12/1979,0.0
30/12/1979,7.5
31/12/1979,24.5
01/01/1980,0.5
02/01/1980,0.0
03/01/1980,0.0
04/01/1980,9.0
05/01/1980,34.5
06/01/1980,30.0
07/01/1980,15.5
08/01/1980,5.5
09/01/1980,0.5
10/01/1980,0.0
11/01/1980,4.0
12/01/1980,0.0
13/01/1980,0.0
14/01/1980,0.0
15/01/1980,0.0
16/01/1980,0.0
17/01/1980,0.0
18/01/1980,12.0
19/01/1980,21.5
20/01/1980,7.0
21/01/1980,10.5
22/01/1980,1.0
23/01/1980,0.0
24/01/1980,0.0
25/01/1980,0.0
26/01/1980,0.0
27/01/1980,0.0
28/01/1980,0.0
29/01/1980,5.0
30/01/1980,0.0
31/01/1980,1.7
01/02/1980,6.4
02/02/1980,0.2
03/02/1980,0.2
04/02/1980,0.7
05/02/1980,0.2
06/02/1980,0.2
07/02/1980,5.6
08/02/1980,0.1
09/02/1980,0.1
10/02/1980,0.1
11/02/1980,2.1
12/02/1980,1.5
13/02/1980,0.1
14/02/1980,0.1
15/02/1980,0.1
16/02/1980,3.4
17/02/1980,10.6
18/02/1980,7.9
19/02/1980,10.7
20/02/1980,9.2
21/02/1980,7.0
22/02/1980,15.5
23/02/1980,37.3
24/02/1980,0.2
25/02/1980,0.2
26/02/1980,19.1
27/02/1980,0.5
28/02/1980,0.1
29/02/1980,0.1
01/03/1980,0.1
02/03/1980,18.6
03/03/1980,0.1
04/03/1980,0.1
05/03/1980,0.1
06/03/1980,0.1
07/03/1980,0.1
08/03/1980,0.1
09/03/1980,0.7
10/03/1980,5.9
11/03/1980,0.1
12/03/1980,0.1
13/03/1980,0.1
14/03/1980,6.9
15/03/1980,3.2
16/03/1980,0.0
17/03/1980,0.0
18/03/1980,0.0
19/03/1980,0.0
20/03/1980,0.0
21/03/1980,0.0
22/03/1980,0.0
23/03/1980,0.0
24/03/1980,0.0
25/03/1980,1.0
26/03/1980,1.0
27/03/1980,39.0
28/03/1980,0.5
29/03/1980,0.0
30/03/1980,0.0
31/03/1980,0.0
01/04/1980,0.0
02/04/1980,0.0
03/04/1980,68.0
04/04/1980,7.0
05/04/1980,1.0
06/04/1980,33.0
07/04/1980,0.0
08/04/1980,5.0
09/04/1980,0.0
10/04/1980,0.0
11/04/1980,0.0
12/04/1980,4.0
13/04/1980,8.5
13/05/1980,38.5
14/05/1980,0.0
15/05/1980,0.5
16/05/1980,12.0
17/05/1980,0.0
18/05/1980,0.0
19/05/1980,37.5
20/05/1980,0.0
21/05/1980,0.0
22/05/1980,0.0
23/05/1980,0.0
24/05/1980,57.0
25/05/1980,0.0
26/05/1980,0.0
27/05/1980,40.0
28/05/1980,1.5
29/05/1980,0.0
30/05/1980,0.0
31/05/1980,0.0
01/06/1980,0.0
02/06/1980,0.0
03/06/1980,0.0
04/06/1980,0.0
05/06/1980,0.0
06/06/1980,58.0
07/06/1980,57.0
08/06/1980,0.5
09/06/1980,0.0
10/06/1980,19.5
11/06/1980,0.8
12/06/1980,3.2
13/06/1980,3.2
14/06/1980,12.3
15/06/1980,7.6
16/06/1980,0.2
17/06/1980,4.4
18/06/1980,0.7
19/06/1980,2.0
20/06/1980,1.0
21/06/1980,1.6
22/06/1980,1.5
23/06/1980,0.8
24/06/1980,2.3
25/06/1980,54.3
26/06/1980,0.1
27/06/1980,0.1
28/06/1980,44.5
29/06/1980,1.8
30/06/1980,0.2
01/07/1980,7.2
02/07/1980,0.2
03/07/1980,24.7
04/07/1980,1.0
05/07/1980,1.2
06/07/1980,0.2
07/07/1980,23.1
08/07/1980,30.6
09/07/1980,0.3
10/07/1980,0.0
11/07/1980,2.5
12/07/1980,10.0
13/07/1980,49.5
14/07/1980,1.5
15/07/1980,0.0
16/07/1980,0.0
17/07/1980,0.0
18/07/1980,0.0
19/07/1980,51.0
20/07/1980,7.5
21/07/1980,0.0
22/07/1980,0.0
23/07/1980,0.0
24/07/1980,30.5
25/07/1980,31.0
26/07/1980,24.0
27/07/1980,0.0
28/07/1980,0.0
29/07/1980,4.0
30/07/1980,0.0
31/07/1980,0.0
01/08/1980,66.0
02/08/1980,0.5
03/08/1980,33.0
04/08/1980,61.5
05/08/1980,9.0
06/08/1980,0.5
07/08/1980,108.0
08/08/1980,0.0
09/08/1980,62.0
10/08/1980,14.0
11/08/1980,18.5
12/08/1980,14.5
13/08/1980,2.0
14/08/1980,0.0
15/08/1980,0.0
16/08/1980,54.0
17/08/1980,9.5
18/08/1980,14.5
19/08/1980,0.0
20/08/1980,7.0
21/08/1980,0.0
22/08/1980,19.0
23/08/1980,2.0
24/08/1980,4.0
25/08/1980,13.5
26/08/1980,0.0
27/08/1980,3.0
28/08/1980,0.0
29/08/1980,15.0
30/08/1980,0.5
31/08/1980,19.0
01/09/1980,1.5
02/09/1980,0.0
03/09/1980,0.0
04/09/1980,1.5
05/09/1980,21.5
06/09/1980,0.0
07/09/1980,27.5
08/09/1980,2.5
09/09/1980,3.0
10/09/1980,1.0
11/09/1980,41.0
12/09/1980,0.0
13/09/1980,22.5
14/09/1980,0.0
15/09/1980,1.5
16/09/1980,0.0
17/09/1980,18.0
18/09/1980,24.8
19/09/1980,38.7
20/09/1980,0.5
21/09/1980,0.5
22/09/1980,0.0
23/09/1980,28.0
24/09/1980,27.0
25/09/1980,1.5
26/09/1980,50.0
27/09/1980,67.0
28/09/1980,25.0
29/09/1980,0.5
30/09/1980,36.0
01/10/1980,17.0
02/10/1980,2.5
03/10/1980,0.0
04/10/1980,49.9
05/10/1980,29.6
06/10/1980,4.0
07/10/1980,7.5
08/10/1980,11.0
09/10/1980,29.0
10/10/1980,0.0
11/10/1980,16.0
12/10/1980,68.0
13/10/1980,31.5
14/10/1980,12.5
15/10/1980,9.0
16/10/1980,12.6
17/10/1980,15.7
18/10/1980,30.7
19/10/1980,18.0
20/10/1980,22.0
21/10/1980,13.5
22/10/1980,3.5
23/10/1980,5.0
24/10/1980,13.0
25/10/1980,11.5
26/10/1980,0.0
27/10/1980,1.0
28/10/1980,10.5
29/10/1980,23.0
30/10/1980,7.5
31/10/1980,0.0
01/11/1980,0.0
02/11/1980,0.0
03/11/1980,0.5
04/11/1980,34.0
05/11/1980,49.3
06/11/1980,19.7
07/11/1980,0.5
08/11/1980,56.5
09/11/1980,2.0
10/11/1980,17.0
11/11/1980,32.0
12/11/1980,0.0
13/11/1980,13.0
14/11/1980,0.0
15/11/1980,0.0
16/11/1980,0.0
17/11/1980,0.5
18/11/1980,2.0
19/11/1980,6.0
20/11/1980,1.0
21/11/1980,21.0
22/11/1980,25.0
23/11/1980,28.0
24/11/1980,22.0
25/11/1980,2.0
26/11/1980,10.5
27/11/1980,0.0
28/11/1980,44.0
29/11/1980,18.5
30/11/1980,0.5
01/12/1980,33.5
02/12/1980,23.0
03/12/1980,1.5
04/12/1980,10.5
05/12/1980,56.0
06/12/1980,11.5
07/12/1980,16.0
08/12/1980,25.5
09/12/1980,64.0
10/12/1980,3.1
11/12/1980,1.4
12/12/1980,0.0
13/12/1980,7.0
14/12/1980,0.0
15/12/1980,30.0
16/12/1980,187.0
17/12/1980,60.0
18/12/1980,30.3
19/12/1980,131.7
20/12/1980,46.5
21/12/1980,20.5
22/12/1980,15.0
23/12/1980,0.0
24/12/1980,0.5
25/12/1980,9.5
26/12/1980,33.5
27/12/1980,4.5
28/12/1980,140.5
29/12/1980,9.5
30/12/1980,2.5
31/12/1980,0.5
01/01/1981,10.0
02/01/1981,0.0
03/01/1981,1.5
04/01/1981,0.5
05/01/1981,0.0
06/01/1981,43.5
07/01/1981,2.5
08/01/1981,0.0
09/01/1981,2.0
10/01/1981,0.5
11/01/1981,0.5
12/01/1981,1.0
26/02/1981,7.6
27/02/1981,14.4
28/02/1981,0.1
01/03/1981,0.1
02/03/1981,0.1
03/03/1981,0.1
04/03/1981,11.1
05/03/1981,0.1
06/03/1981,0.1
07/03/1981,0.1
08/03/1981,1.1
09/03/1981,0.1
10/03/1981,0.1
11/03/1981,0.1
12/03/1981,0.1
13/03/1981,0.1
14/03/1981,0.1
15/03/1981,0.3
16/03/1981,0.4
17/03/1981,0.4
18/03/1981,0.4
19/03/1981,23.5
20/03/1981,30.9
21/03/1981,0.0
22/03/1981,0.0
23/03/1981,0.0
24/03/1981,0.0
25/03/1981,0.0
26/03/1981,0.0
27/03/1981,0.0
28/03/1981,0.0
29/03/1981,0.0
30/03/1981,0.0
31/03/1981,8.6
01/04/1981,28.0
02/04/1981,77.4
03/04/1981,10.5
04/04/1981,5.5
05/04/1981,0.4
06/04/1981,0.4
07/04/1981,0.4
08/04/1981,0.8
09/04/1981,3.2
10/04/1981,2.9
11/04/1981,9.7
12/04/1981,20.6
13/04/1981,0.3
14/04/1981,0.1
15/04/1981,0.5
09/06/1981,44.5
10/06/1981,0.0
11/06/1981,0.0
12/06/1981,14.5
13/06/1981,4.5
14/06/1981,0.0
15/06/1981,0.0
16/06/1981,0.0
17/06/1981,0.0
18/06/1981,0.0
19/06/1981,0.0
20/06/1981,0.0
21/06/1981,0.0
22/06/1981,1.5
23/06/1981,0.0
24/06/1981,21.5
25/06/1981,1.5
26/06/1981,8.0
27/06/1981,0.0
28/06/1981,3.0
29/06/1981,0.5
30/06/1981,0.0
01/07/1981,0.0
02/07/1981,0.0
03/07/1981,0.0
04/07/1981,1.5
05/07/1981,0.5
06/07/1981,2.0
07/07/1981,0.0
08/07/1981,0.0
09/07/1981,0.0
10/07/1981,118.0
11/07/1981,1.0
12/07/1981,15.0
13/07/1981,0.0
14/07/1981,0.0
15/07/1981,17.0
16/07/1981,0.5
17/07/1981,0.0
18/07/1981,10.0
19/07/1981,3.5
20/07/1981,3.5
21/07/1981,14.5
22/07/1981,36.0
23/07/1981,4.5
24/07/1981,54.0
25/07/1981,0.0
26/07/1981,0.0
27/07/1981,21.0
28/07/1981,10.5
29/07/1981,0.5
30/07/1981,0.0
31/07/1981,0.0
01/08/1981,0.0
02/08/1981,0.0
03/08/1981,0.0
04/08/1981,0.0
05/08/1981,0.0
06/08/1981,0.0
07/08/1981,0.0
08/08/1981,0.0
09/08/1981,0.0
10/08/1981,0.0
11/08/1981,0.0
12/08/1981,0.0
13/08/1981,0.0
14/08/1981,0.0
15/08/1981,0.0
16/08/1981,0.0
17/08/1981,0.0
18/08/1981,1.5
19/08/1981,17.0
20/08/1981,0.0
21/08/1981,5.5
22/08/1981,0.5
23/08/1981,7.5
24/08/1981,0.0
25/08/1981,19.5
26/08/1981,14.5
27/08/1981,0.0
28/08/1981,11.5
29/08/1981,7.5
30/08/1981,30.0
31/08/1981,1.5
01/09/1981,5.0
02/09/1981,18.0
03/09/1981,13.0
04/09/1981,7.0
05/09/1981,2.0
06/09/1981,2.5
07/09/1981,59.5
08/09/1981,11.0
09/09/1981,0.0
10/09/1981,11.4
11/09/1981,25.4
12/09/1981,4.4
13/09/1981,17.8
14/09/1981,4.1
15/09/1981,56.1
16/09/1981,7.5
17/09/1981,1.1
18/09/1981,0.3
19/09/1981,1.4
20/09/1981,0.2
21/09/1981,0.2
22/09/1981,3.7
23/09/1981,0.2
24/09/1981,0.2
25/09/1981,0.5
26/09/1981,0.5
27/09/1981,0.5
28/09/1981,1.3
29/09/1981,0.3
30/09/1981,2.6
01/10/1981,0.1
02/10/1981,0.1
03/10/1981,5.3
04/10/1981,16.9
05/10/1981,1.5
06/10/1981,2.4
07/10/1981,14.5
08/10/1981,4.9
09/10/1981,46.1
10/10/1981,1.5
11/10/1981,1.5
12/10/1981,8.8
13/10/1981,93.7
14/10/1981,14.0
15/10/1981,38.5
16/10/1981,0.0
17/10/1981,37.0
18/10/1981,21.5
19/10/1981,10.5
20/10/1981,0.0
21/10/1981,0.0
22/10/1981,0.0
23/10/1981,0.5
24/10/1981,10.5
25/10/1981,0.5
26/10/1981,20.5
27/10/1981,0.0
28/10/1981,1.5
29/10/1981,20.0
30/10/1981,2.0
31/10/1981,9.5
01/11/1981,30.0
02/11/1981,17.5
03/11/1981,0.5
04/11/1981,1.0
05/11/1981,28.3
06/11/1981,14.7
07/11/1981,0.0
08/11/1981,10.5
09/11/1981,5.0
05/01/1982,0.4
06/01/1982,1.1
07/01/1982,0.5
08/01/1982,1.0
09/01/1982,0.0
10/01/1982,4.5
11/01/1982,0.0
12/01/1982,0.0
13/01/1982,0.0
14/01/1982,4.0
15/01/1982,0.5
16/01/1982,0.0
17/01/1982,0.0
18/01/1982,0.0
19/01/1982,0.0
20/01/1982,1.5
21/01/1982,1.5
22/01/1982,0.0
23/01/1982,0.0
24/01/1982,0.0
25/01/1982,1.0
26/01/1982,0.5
27/01/1982,0.0
28/01/1982,0.0
29/01/1982,2.5
30/01/1982,1.5
31/01/1982,9.0
01/02/1982,19.2
02/02/1982,9.8
03/02/1982,3.0
04/02/1982,0.0
05/02/1982,0.0
06/02/1982,0.0
07/02/1982,2.5
08/02/1982,11.8
09/02/1982,1.2
10/02/1982,0.0
11/02/1982,0.0
12/02/1982,0.0
13/02/1982,0.0
14/02/1982,0.0
15/02/1982,0.0
16/02/1982,0.0
17/02/1982,0.0
18/02/1982,0.0
19/02/1982,0.0
20/02/1982,0.0
21/02/1982,0.0
22/02/1982,0.0
23/02/1982,0.0
24/02/1982,0.0
25/02/1982,0.0
26/02/1982,0.0
27/02/1982,18.0
28/02/1982,0.0
01/03/1982,7.7
02/03/1982,0.1
03/03/1982,0.1
04/03/1982,0.1
05/03/1982,0.1
06/03/1982,0.1
07/03/1982,0.1
08/03/1982,0.1
09/03/1982,0.0
10/03/1982,0.0
11/03/1982,0.0
12/03/1982,0.0
13/03/1982,0.0
14/03/1982,0.0
15/03/1982,0.0
16/03/1982,0.0
17/03/1982,0.8
18/03/1982,0.0
19/03/1982,0.0
20/03/1982,0.0
21/03/1982,0.0
22/03/1982,0.0
23/03/1982,0.0
24/03/1982,0.0
25/03/1982,0.0
26/03/1982,13.5
27/03/1982,1.0
28/03/1982,0.9
29/03/1982,0.4
30/03/1982,7.5
31/03/1982,0.6
01/04/1982,50.6
02/04/1982,4.4
03/04/1982,2.4
04/04/1982,3.5
05/04/1982,3.5
06/04/1982,12.6
07/04/1982,0.4
08/04/1982,3.6
09/04/1982,6.3
10/04/1982,5.4
11/04/1982,26.3
12/04/1982,4.3
13/04/1982,3.1
14/04/1982,0.5
15/04/1982,31.8
16/04/1982,0.8
17/04/1982,38.8
18/04/1982,1.4
19/04/1982,13.9
20/04/1982,24.5
21/04/1982,0.1
22/04/1982,0.1
23/04/1982,0.1
24/04/1982,14.4
25/04/1982,1.4
26/04/1982,0.8
27/04/1982,0.8
28/04/1982,0.8
29/04/1982,0.8
30/04/1982,0.8
01/05/1982,0.8
02/05/1982,1.1
03/05/1982,2.0
04/05/1982,2.0
05/05/1982,117.6
06/05/1982,10.1
07/05/1982,21.0
08/05/1982,0.5
09/05/1982,4.7
10/05/1982,13.1
11/05/1982,6.1
12/05/1982,0.0
13/05/1982,0.0
14/05/1982,0.0
15/05/1982,0.0
16/05/1982,0.0
17/05/1982,0.0
18/05/1982,0.0
19/05/1982,21.4
20/05/1982,1.0
21/05/1982,4.6
22/05/1982,3.6
23/05/1982,26.9
24/05/1982,4.2
25/05/1982,2.9
26/05/1982,0.2
27/05/1982,8.0
28/05/1982,5.8
29/05/1982,1.3
30/05/1982,3.1
31/05/1982,64.9
01/06/1982,11.9
02/06/1982,3.4
03/06/1982,4.6
04/06/1982,10.2
05/06/1982,19.5
06/06/1982,0.1
07/06/1982,0.1
08/06/1982,0.1
09/06/1982,0.3
10/06/1982,25.1
11/06/1982,54.1
12/06/1982,33.5
13/06/1982,12.1
14/06/1982,5.9
15/06/1982,1.3
16/06/1982,0.2
17/06/1982,0.0
18/06/1982,0.0
19/06/1982,0.0
20/06/1982,0.0
21/06/1982,0.0
22/06/1982,32.0
23/06/1982,1.0
24/06/1982,0.0
25/06/1982,0.0
26/06/1982,0.0
27/06/1982,0.0
28/06/1982,0.0
29/06/1982,0.0
30/06/1982,0.0
01/07/1982,0.0
02/07/1982,0.0
03/07/1982,12.7
04/07/1982,18.5
05/07/1982,3.2
06/07/1982,10.6
07/07/1982,2.0
08/07/1982,43.7
09/07/1982,0.2
10/07/1982,19.0
11/07/1982,35.2
12/07/1982,5.0
13/07/1982,5.2
14/07/1982,7.8
15/07/1982,0.2
16/07/1982,2.7
17/07/1982,0.4
18/07/1982,10.9
19/07/1982,7.3
20/07/1982,7.2
21/07/1982,7.2
22/07/1982,0.3
23/07/1982,8.8
24/07/1982,31.3
25/07/1982,2.1
26/07/1982,0.3
27/07/1982,0.3
28/07/1982,0.3
29/07/1982,0.3
30/07/1982,0.9
31/07/1982,0.5
01/08/1982,0.2
02/08/1982,0.2
03/08/1982,0.1
04/08/1982,0.1
05/08/1982,0.1
06/08/1982,20.7
07/08/1982,0.8
08/08/1982,9.7
09/08/1982,0.4
10/08/1982,0.3
11/08/1982,58.2
12/08/1982,0.2
13/08/1982,0.2
14/08/1982,0.3
15/08/1982,6.4
16/08/1982,19.3
17/08/1982,5.0
18/08/1982,27.5
19/08/1982,21.8
20/08/1982,17.7
21/08/1982,7.4
22/08/1982,10.3
23/08/1982,15.2
24/08/1982,6.1
25/08/1982,0.6
26/08/1982,0.2
27/08/1982,4.9
28/08/1982,42.7
29/08/1982,20.4
30/08/1982,11.4
31/08/1982,6.8
01/09/1982,4.3
02/09/1982,5.8
03/09/1982,17.8
04/09/1982,15.1
05/09/1982,3.7
06/09/1982,0.1
07/09/1982,0.1
08/09/1982,0.1
09/09/1982,0.1
10/09/1982,1.4
11/09/1982,2.3
12/09/1982,6.1
13/09/1982,40.5
14/09/1982,66.0
15/09/1982,30.5
16/09/1982,3.9
17/09/1982,26.9
18/09/1982,18.5
19/09/1982,2.8
20/09/1982,0.3
21/09/1982,8.0
22/09/1982,4.1
23/09/1982,2.2
24/09/1982,22.4
25/09/1982,10.9
26/09/1982,1.9
27/09/1982,1.0
28/09/1982,0.1
29/09/1982,0.1
30/09/1982,12.6
01/10/1982,7.3
02/10/1982,0.8
03/10/1982,0.5
04/10/1982,4.4
05/10/1982,4.9
06/10/1982,3.3
07/10/1982,3.7
08/10/1982,2.6
09/10/1982,0.8
10/10/1982,7.0
11/10/1982,24.1
12/10/1982,23.3
13/10/1982,13.6
14/10/1982,9.3
15/10/1982,4.7
16/10/1982,2.4
17/10/1982,2.9
18/10/1982,14.6
19/10/1982,7.0
20/10/1982,12.1
21/10/1982,18.0
22/10/1982,6.0
23/10/1982,0.0
24/10/1982,0.3
25/10/1982,0.2
26/10/1982,0.0
27/10/1982,2.0
28/10/1982,14.0
29/10/1982,6.5
30/10/1982,3.7
31/10/1982,3.5
01/11/1982,20.2
02/11/1982,50.0
03/11/1982,38.5
04/11/1982,12.2
05/11/1982,7.8
06/11/1982,4.5
07/11/1982,10.3
08/11/1982,13.5
09/11/1982,4.3
10/11/1982,10.0
11/11/1982,11.0
12/11/1982,19.0
13/11/1982,8.0
14/11/1982,0.0
15/11/1982,0.0
16/11/1982,0.0
17/11/1982,0.0
18/11/1982,0.0
19/11/1982,2.0
20/11/1982,5.0
21/11/1982,6.3
22/11/1982,27.5
23/11/1982,21.0
24/11/1982,4.2
25/11/1982,14.3
26/11/1982,24.2
27/11/1982,8.5
28/11/1982,0.0
29/11/1982,1.7
30/11/1982,0.8
01/12/1982,0.7
02/12/1982,4.7
03/12/1982,2.5
04/12/1982,0.2
05/12/1982,0.0
06/12/1982,16.8
07/12/1982,26.3
08/12/1982,24.9
09/12/1982,118.0
10/12/1982,62.0
11/12/1982,3.5
12/12/1982,0.0
13/12/1982,26.3
14/12/1982,161.8
15/12/1982,227.7
16/12/1982,91.3
17/12/1982,18.0
18/12/1982,74.0
19/12/1982,61.7
20/12/1982,31.0
21/12/1982,16.0
22/12/1982,34.3
23/12/1982,28.0
24/12/1982,11.0
25/12/1982,11.7
26/12/1982,26.7
27/12/1982,15.0
28/12/1982,22.7
29/12/1982,12.3
30/12/1982,1.0
31/12/1982,0.0
01/01/1983,0.0
02/01/1983,85.5
03/01/1983,18.5
04/01/1983,5.0
05/01/1983,7.5
06/01/1983,44.0
07/01/1983,1.0
08/01/1983,0.0
13/02/1983,3.0
14/02/1983,2.0
15/02/1983,0.0
16/02/1983,0.0
17/02/1983,0.0
18/02/1983,0.0
19/02/1983,0.0
20/02/1983,0.0
21/02/1983,0.0
22/02/1983,0.0
23/02/1983,0.0
24/02/1983,0.0
25/02/1983,0.0
26/02/1983,0.0
27/02/1983,0.0
28/02/1983,0.0
01/03/1983,0.0
02/03/1983,0.0
03/03/1983,0.0
04/03/1983,0.0
05/03/1983,0.0
06/03/1983,0.0
07/03/1983,1.5
08/03/1983,0.0
09/03/1983,0.0
10/03/1983,0.0
11/03/1983,0.0
12/03/1983,0.0
13/03/1983,0.0
14/03/1983,0.0
15/03/1983,0.0
16/03/1983,0.0
17/03/1983,0.0
18/03/1983,10.0
19/03/1983,57.5
20/03/1983,0.0
21/03/1983,0.0
22/03/1983,0.0
23/03/1983,0.0
24/03/1983,0.0
25/03/1983,0.0
26/03/1983,0.0
27/03/1983,0.0
28/03/1983,0.0
29/03/1983,0.0
30/03/1983,0.0
31/03/1983,0.0
01/04/1983,0.0
02/04/1983,0.0
03/04/1983,0.0
04/04/1983,0.0
05/04/1983,0.0
06/04/1983,0.0
07/04/1983,0.0
08/04/1983,0.0
09/04/1983,0.0
10/04/1983,0.0
11/04/1983,0.0
12/04/1983,0.0
13/04/1983,0.0
14/04/1983,0.0
15/04/1983,0.0
16/04/1983,0.0
17/04/1983,0.0
18/04/1983,0.0
19/04/1983,0.0
20/04/1983,0.0
21/04/1983,0.0
22/04/1983,0.0
23/04/1983,0.0
24/04/1983,0.0
25/04/1983,0.0
26/04/1983,0.0
27/04/1983,25.0
28/04/1983,0.0
23/05/1983,8.5
24/05/1983,20.0
25/05/1983,2.5
26/05/1983,2.5
27/05/1983,7.0
28/05/1983,5.0
29/05/1983,5.0
30/05/1983,48.5
31/05/1983,1.0
01/06/1983,0.0
02/06/1983,29.5
03/06/1983,0.0
04/06/1983,8.5
05/06/1983,3.5
06/06/1983,3.5
07/06/1983,8.0
08/06/1983,0.0
09/06/1983,0.5
10/06/1983,1.5
11/06/1983,3.5
12/06/1983,0.0
13/06/1983,0.0
14/06/1983,0.0
15/06/1983,0.5
16/06/1983,5.5
17/06/1983,62.4
18/06/1983,13.6
19/06/1983,19.0
20/06/1983,2.5
21/06/1983,0.0
22/06/1983,0.0
23/06/1983,19.5
24/06/1983,0.0
25/06/1983,0.0
26/06/1983,0.0
27/06/1983,1.5
28/06/1983,0.0
29/06/1983,0.0
30/06/1983,15.5
01/07/1983,9.5
02/07/1983,3.0
03/07/1983,3.0
04/07/1983,6.0
05/07/1983,1.0
06/07/1983,56.5
07/07/1983,1.5
08/07/1983,28.5
09/07/1983,2.5
10/07/1983,42.5
11/07/1983,24.5
12/07/1983,0.0
13/07/1983,0.0
14/07/1983,47.9
15/07/1983,7.1
16/07/1983,0.0
17/07/1983,0.0
18/07/1983,0.0
19/07/1983,36.0
20/07/1983,0.5
21/07/1983,0.0
22/07/1983,7.0
23/07/1983,18.0
24/07/1983,3.0
25/07/1983,15.1
26/07/1983,4.9
27/07/1983,0.5
28/07/1983,25.5
29/07/1983,47.0
30/07/1983,0.5
31/07/1983,9.5
01/08/1983,9.5
02/08/1983,47.2
03/08/1983,8.8
04/08/1983,18.5
05/08/1983,29.5
06/08/1983,8.0
07/08/1983,31.5
08/08/1983,2.5
09/08/1983,0.0
10/08/1983,0.0
11/08/1983,2.0
12/08/1983,0.0
13/08/1983,9.0
14/08/1983,3.0
15/08/1983,17.5
16/08/1983,1.0
17/08/1983,0.0
18/08/1983,0.0
19/08/1983,7.5
20/08/1983,0.5
21/08/1983,12.5
22/08/1983,14.0
23/08/1983,0.0
24/08/1983,9.0
25/08/1983,0.0
26/08/1983,26.0
27/08/1983,0.5
28/08/1983,0.0
29/08/1983,0.0
30/08/1983,12.5
31/08/1983,8.5
01/09/1983,0.0
02/09/1983,0.0
03/09/1983,0.0
04/09/1983,0.0
05/09/1983,5.5
06/09/1983,0.5
07/09/1983,6.5
08/09/1983,41.5
09/09/1983,35.0
10/09/1983,30.5
11/09/1983,9.0
12/09/1983,3.5
13/09/1983,0.0
14/09/1983,18.0
15/09/1983,44.5
16/09/1983,12.0
17/09/1983,29.5
18/09/1983,16.0
19/09/1983,10.5
20/09/1983,0.0
21/09/1983,30.0
22/09/1983,36.0
23/09/1983,0.0
24/09/1983,0.0
25/09/1983,43.0
26/09/1983,23.5
27/09/1983,11.5
28/09/1983,7.0
29/09/1983,2.5
30/09/1983,0.0
01/10/1983,43.5
02/10/1983,0.5
03/10/1983,0.0
04/10/1983,2.5
05/10/1983,0.0
06/10/1983,10.5
07/10/1983,2.5
08/10/1983,41.5
09/10/1983,0.0
10/10/1983,0.0
11/10/1983,35.5
12/10/1983,27.0
13/10/1983,26.1
14/10/1983,0.4
15/10/1983,0.0
16/10/1983,0.0
17/10/1983,30.0
18/10/1983,0.0
19/10/1983,0.0
20/10/1983,1.5
21/10/1983,0.0
22/10/1983,2.0
23/10/1983,11.5
24/10/1983,0.0
25/10/1983,21.0
26/10/1983,39.5
27/10/1983,6.0
28/10/1983,1.0
29/10/1983,25.0
30/10/1983,0.5
31/10/1983,20.0
01/11/1983,1.5
02/11/1983,24.2
03/11/1983,0.8
04/11/1983,0.0
05/11/1983,14.5
06/11/1983,8.7
07/11/1983,5.8
08/11/1983,0.0
09/11/1983,5.0
10/11/1983,0.0
11/11/1983,25.5
12/11/1983,32.0
13/11/1983,8.5
14/11/1983,1.0
15/11/1983,47.5
16/11/1983,5.5
17/11/1983,5.5
18/11/1983,0.0
19/11/1983,1.5
20/11/1983,6.5
21/11/1983,0.0
22/11/1983,0.0
23/11/1983,0.0
24/11/1983,0.0
25/11/1983,0.0
26/11/1983,2.5
27/11/1983,71.0
28/11/1983,22.5
29/11/1983,1.0
30/11/1983,0.0
01/12/1983,27.0
02/12/1983,99.0
03/12/1983,253.5
04/12/1983,249.8
05/12/1983,187.2
06/12/1983,151.0
07/12/1983,66.0
08/12/1983,72.5
09/12/1983,63.5
10/12/1983,56.5
11/12/1983,123.0
12/12/1983,151.0
13/12/1983,136.0
14/12/1983,335.0
15/12/1983,105.0
16/12/1983,124.0
17/12/1983,12.7
18/12/1983,26.3
19/12/1983,24.5
20/12/1983,45.5
21/12/1983,11.0
22/12/1983,9.0
23/12/1983,0.0
24/12/1983,47.0
25/12/1983,72.5
26/12/1983,17.5
27/12/1983,74.0
28/12/1983,1.0
29/12/1983,43.5
30/12/1983,0.0
31/12/1983,2.0
01/01/1984,0.0
02/01/1984,1.0
03/01/1984,11.5
04/01/1984,0.0
05/01/1984,0.0
06/01/1984,0.0
07/01/1984,0.0
08/01/1984,0.0
09/01/1984,0.0
10/01/1984,0.0
11/01/1984,0.0
12/01/1984,0.0
13/01/1984,0.0
14/01/1984,0.0
15/01/1984,0.0
16/01/1984,0.0
17/01/1984,0.0
18/01/1984,0.0
19/01/1984,0.0
20/01/1984,0.0
21/01/1984,0.0
22/01/1984,0.0
23/01/1984,0.0
24/01/1984,0.0
25/01/1984,0.0
13/03/1984,6.5
14/03/1984,3.0
15/03/1984,56.0
16/03/1984,0.0
17/03/1984,0.0
18/03/1984,0.0
19/03/1984,21.0
20/03/1984,2.0
21/03/1984,0.0
22/03/1984,11.0
23/03/1984,16.5
24/03/1984,103.0
25/03/1984,34.5
26/03/1984,7.0
27/03/1984,0.5
28/03/1984,4.5
29/03/1984,32.0
30/03/1984,13.5
31/03/1984,0.0
01/04/1984,0.0
02/04/1984,0.0
03/04/1984,0.0
04/04/1984,0.0
05/04/1984,0.0
06/04/1984,0.0
07/04/1984,0.0
08/04/1984,28.5
09/04/1984,1.5
10/04/1984,3.0
11/04/1984,0.0
12/04/1984,0.5
13/04/1984,0.0
14/04/1984,0.0
15/04/1984,0.5
16/04/1984,1.5
17/04/1984,0.0
18/04/1984,0.5
19/04/1984,13.0
20/04/1984,18.8
21/04/1984,26.7
22/04/1984,14.0
23/04/1984,2.5
24/04/1984,0.0
25/04/1984,0.0
26/04/1984,2.5
27/04/1984,0.5
28/04/1984,5.0
29/04/1984,0.0
30/04/1984,26.5
01/05/1984,0.0
02/05/1984,0.0
03/05/1984,0.0
04/05/1984,17.0
05/05/1984,0.0
06/05/1984,2.5
07/05/1984,4.0
08/05/1984,2.0
09/05/1984,2.5
10/05/1984,66.5
11/05/1984,42.5
12/05/1984,12.5
13/05/1984,4.0
14/05/1984,0.0
15/05/1984,39.5
16/05/1984,48.5
17/05/1984,1.0
18/05/1984,0.0
19/05/1984,2.0
20/05/1984,9.0
21/05/1984,22.5
22/05/1984,0.5
23/05/1984,19.0
24/05/1984,0.0
25/05/1984,50.5
26/05/1984,13.0
27/05/1984,0.0
28/05/1984,40.0
29/05/1984,0.0
30/05/1984,2.5
31/05/1984,0.0
01/06/1984,54.5
02/06/1984,1.5
03/06/1984,12.0
04/06/1984,34.0
05/06/1984,6.5
06/06/1984,0.0
07/06/1984,2.0
08/06/1984,0.5
09/06/1984,5.5
10/06/1984,1.0
11/06/1984,0.0
12/06/1984,2.5
13/06/1984,0.0
14/06/1984,13.0
15/06/1984,28.0
16/06/1984,54.0
17/06/1984,4.0
18/06/1984,25.0
19/06/1984,1.5
20/06/1984,0.0
21/06/1984,0.0
22/06/1984,0.0
23/06/1984,3.5
24/06/1984,0.0
25/06/1984,0.0
26/06/1984,1.5
27/06/1984,8.0
28/06/1984,33.0
29/06/1984,2.0
30/06/1984,112.0
01/07/1984,28.5
02/07/1984,0.0
03/07/1984,11.5
04/07/1984,5.0
05/07/1984,6.5
06/07/1984,0.0
07/07/1984,11.0
08/07/1984,0.0
09/07/1984,0.0
10/07/1984,1.0
11/07/1984,3.0
12/07/1984,0.0
13/07/1984,0.5
14/07/1984,0.0
15/07/1984,0.0
16/07/1984,7.5
17/07/1984,16.0
18/07/1984,0.0
19/07/1984,0.0
20/07/1984,21.5
21/07/1984,0.0
22/07/1984,0.0
23/07/1984,34.0
24/07/1984,0.5
25/07/1984,19.5
26/07/1984,2.0
27/07/1984,0.5
28/07/1984,0.0
29/07/1984,0.0
30/07/1984,12.0
31/07/1984,4.5
01/08/1984,5.0
02/08/1984,39.5
03/08/1984,0.5
04/08/1984,0.5
05/08/1984,1.0
06/08/1984,0.5
07/08/1984,0.5
08/08/1984,12.0
09/08/1984,1.0
10/08/1984,5.5
11/08/1984,0.0
12/08/1984,10.0
13/08/1984,0.0
14/08/1984,0.0
15/08/1984,0.0
16/08/1984,15.0
17/08/1984,0.0
18/08/1984,0.0
19/08/1984,0.0
20/08/1984,40.0
21/08/1984,25.0
22/08/1984,4.0
23/08/1984,23.5
24/08/1984,2.0
25/08/1984,30.0
26/08/1984,1.0
27/08/1984,0.5
28/08/1984,0.5
29/08/1984,0.0
30/08/1984,0.0
31/08/1984,13.5
01/09/1984,0.0
02/09/1984,39.5
03/09/1984,2.0
04/09/1984,29.5
05/09/1984,3.5
06/09/1984,7.0
07/09/1984,17.0
08/09/1984,31.5
09/09/1984,0.5
10/09/1984,6.5
11/09/1984,0.5
12/09/1984,0.5
13/09/1984,0.0
14/09/1984,0.0
15/09/1984,0.0
16/09/1984,0.0
17/09/1984,57.5
18/09/1984,40.0
19/09/1984,0.0
20/09/1984,45.7
21/09/1984,6.3
22/09/1984,25.5
23/09/1984,14.0
24/09/1984,0.0
25/09/1984,2.5
26/09/1984,32.5
27/09/1984,38.5
28/09/1984,24.0
29/09/1984,27.0
30/09/1984,3.5
01/10/1984,0.0
02/10/1984,15.5
03/10/1984,0.0
04/10/1984,4.0
05/10/1984,13.5
06/10/1984,2.0
07/10/1984,0.0
08/10/1984,0.0
09/10/1984,0.0
10/10/1984,0.0
11/10/1984,2.0
12/10/1984,0.0
13/10/1984,0.0
14/10/1984,1.5
15/10/1984,0.0
16/10/1984,4.0
17/10/1984,0.0
18/10/1984,9.0
19/10/1984,4.0
20/10/1984,2.5
21/10/1984,3.5
22/10/1984,0.0
23/10/1984,10.0
24/10/1984,24.5
25/10/1984,29.0
26/10/1984,15.5
27/10/1984,20.5
28/10/1984,12.5
29/10/1984,17.5
30/10/1984,0.0
31/10/1984,19.5
01/11/1984,0.0
02/11/1984,0.0
03/11/1984,3.5
04/11/1984,3.5
05/11/1984,15.0
06/11/1984,0.5
07/11/1984,1.0
08/11/1984,3.5
09/11/1984,3.5
10/11/1984,0.0
11/11/1984,8.0
12/11/1984,10.5
13/11/1984,5.0
14/11/1984,0.0
15/11/1984,13.0
16/11/1984,0.5
17/11/1984,15.5
18/11/1984,1.0
19/11/1984,1.5
20/11/1984,20.0
21/11/1984,77.5
22/11/1984,5.5
23/11/1984,12.0
24/11/1984,114.5
25/11/1984,30.0
26/11/1984,1.0
27/11/1984,1.0
28/11/1984,1.5
29/11/1984,22.5
30/11/1984,17.0
01/12/1984,41.5
02/12/1984,98.3
03/12/1984,65.2
04/12/1984,13.0
05/12/1984,0.0
06/12/1984,17.5
07/12/1984,75.0
08/12/1984,0.5
23/01/1985,24.5
24/01/1985,34.5
25/01/1985,2.0
26/01/1985,20.5
27/01/1985,8.5
28/01/1985,4.5
29/01/1985,41.0
30/01/1985,20.0
31/01/1985,6.0
01/02/1985,3.5
02/02/1985,38.5
03/02/1985,5.5
04/02/1985,5.5
05/02/1985,0.0
06/02/1985,0.0
07/02/1985,0.0
08/02/1985,0.0
09/02/1985,0.0
10/02/1985,0.0
11/02/1985,9.5
12/02/1985,32.5
13/02/1985,0.0
14/02/1985,2.5
15/02/1985,0.5
16/02/1985,31.5
17/02/1985,10.0
18/02/1985,0.0
19/02/1985,0.0
20/02/1985,0.0
21/02/1985,0.0
22/02/1985,0.0
23/02/1985,31.5
24/02/1985,22.0
25/02/1985,12.5
26/02/1985,0.0
27/02/1985,4.5
28/02/1985,0.0
01/03/1985,0.0
02/03/1985,0.0
03/03/1985,19.5
04/03/1985,8.0
05/03/1985,12.5
06/03/1985,25.0
07/03/1985,14.5
08/03/1985,51.0
09/03/1985,96.5
10/03/1985,71.0
11/03/1985,2.0
12/03/1985,13.5
13/03/1985,38.0
14/03/1985,97.7
15/03/1985,60.8
16/03/1985,38.0
17/03/1985,9.5
18/03/1985,0.0
19/03/1985,8.0
20/03/1985,0.0
21/03/1985,2.0
22/03/1985,0.0
23/03/1985,0.0
24/03/1985,0.5
25/03/1985,20.5
26/03/1985,0.0
27/03/1985,1.0
28/03/1985,47.5
29/03/1985,0.5
30/03/1985,0.0
31/03/1985,0.0
01/04/1985,9.5
02/04/1985,0.0
03/04/1985,0.0
04/04/1985,0.0
05/04/1985,0.5
06/04/1985,0.0
07/04/1985,0.0
08/04/1985,0.0
09/04/1985,0.0
10/04/1985,3.5
11/04/1985,38.0
12/04/1985,0.0
13/04/1985,15.0
14/04/1985,0.5
15/04/1985,0.0
16/04/1985,9.0
17/04/1985,0.0
18/04/1985,0.0
19/04/1985,2.5
20/04/1985,0.0
21/04/1985,12.0
22/04/1985,13.0
23/04/1985,30.0
24/04/1985,11.5
25/04/1985,16.0
26/04/1985,0.0
27/04/1985,2.5
28/04/1985,14.0
29/04/1985,0.0
30/04/1985,27.0
01/05/1985,132.0
02/05/1985,45.5
03/05/1985,73.5
04/05/1985,0.0
05/05/1985,0.0
06/05/1985,0.0
07/05/1985,0.0
08/05/1985,0.0
09/05/1985,0.0
10/05/1985,0.0
11/05/1985,50.5
12/05/1985,52.0
13/05/1985,21.5
14/05/1985,1.0
15/05/1985,21.0
16/05/1985,0.5
17/05/1985,1.0
18/05/1985,0.5
19/05/1985,0.0
20/05/1985,2.5
21/05/1985,7.5
22/05/1985,32.5
23/05/1985,0.5
24/05/1985,1.0
25/05/1985,0.0
26/05/1985,16.0
27/05/1985,0.0
28/05/1985,0.0
29/05/1985,0.0
30/05/1985,0.0
31/05/1985,3.0
01/06/1985,0.5
02/06/1985,0.0
03/06/1985,2.0
04/06/1985,4.0
05/06/1985,0.0
06/06/1985,24.0
07/06/1985,4.0
08/06/1985,0.5
09/06/1985,0.0
10/06/1985,0.0
11/06/1985,0.0
12/06/1985,0.0
13/06/1985,9.0
14/06/1985,0.0
15/06/1985,13.5
16/06/1985,0.0
17/06/1985,0.0
18/06/1985,0.0
19/06/1985,1.0
20/06/1985,0.0
21/06/1985,0.0
22/06/1985,0.0
23/06/1985,0.0
24/06/1985,0.0
25/06/1985,0.0
26/06/1985,0.0
27/06/1985,0.0
28/06/1985,0.0
29/06/1985,0.0
30/06/1985,0.0
01/07/1985,0.0
02/07/1985,0.0
03/07/1985,6.0
04/07/1985,47.5
05/07/1985,0.5
06/07/1985,0.0
07/07/1985,9.5
08/07/1985,15.0
09/07/1985,0.5
10/07/1985,27.5
11/07/1985,0.5
12/07/1985,0.0
13/07/1985,13.5
14/07/1985,3.5
15/07/1985,0.0
16/07/1985,0.0
17/07/1985,0.5
18/07/1985,2.5
19/07/1985,40.5
20/07/1985,4.0
21/07/1985,0.0
22/07/1985,9.5
23/07/1985,0.5
24/07/1985,53.5
25/07/1985,23.5
26/07/1985,11.0
27/07/1985,0.5
28/07/1985,0.0
29/07/1985,0.5
30/07/1985,0.0
31/07/1985,0.0
01/08/1985,38.5
02/08/1985,0.5
03/08/1985,0.0
04/08/1985,0.0
05/08/1985,33.0
06/08/1985,17.0
07/08/1985,16.5
08/08/1985,2.5
09/08/1985,2.5
10/08/1985,0.0
11/08/1985,1.0
12/08/1985,0.5
13/08/1985,5.0
14/08/1985,0.5
15/08/1985,5.0
16/08/1985,11.5
17/08/1985,0.0
18/08/1985,12.5
19/08/1985,32.0
20/08/1985,8.0
21/08/1985,0.0
22/08/1985,5.0
23/08/1985,20.0
24/08/1985,0.0
25/08/1985,29.3
26/08/1985,0.7
27/08/1985,30.0
28/08/1985,0.5
29/08/1985,11.5
30/08/1985,5.0
31/08/1985,63.0
01/09/1985,30.0
02/09/1985,17.5
03/09/1985,6.0
04/09/1985,17.5
05/09/1985,1.5
06/09/1985,0.0
07/09/1985,0.0
08/09/1985,55.5
09/09/1985,7.5
10/09/1985,25.0
11/09/1985,1.5
12/09/1985,21.5
13/09/1985,13.0
14/09/1985,18.5
15/09/1985,37.0
16/09/1985,7.0
17/09/1985,4.0
18/09/1985,9.0
19/09/1985,52.5
20/09/1985,8.0
21/09/1985,32.0
22/09/1985,26.0
23/09/1985,3.5
24/09/1985,49.5
25/09/1985,16.5
26/09/1985,0.5
27/09/1985,5.5
28/09/1985,10.0
29/09/1985,16.4
30/09/1985,20.1
01/10/1985,6.5
02/10/1985,20.5
03/10/1985,59.0
04/10/1985,0.5
05/10/1985,46.0
06/10/1985,3.5
07/10/1985,8.0
08/10/1985,1.0
09/10/1985,10.5
10/10/1985,7.0
11/10/1985,3.0
12/10/1985,1.0
13/10/1985,0.0
14/10/1985,8.5
15/10/1985,0.5
16/10/1985,23.0
17/10/1985,1.0
18/10/1985,6.5
19/10/1985,13.0
20/10/1985,23.0
21/10/1985,0.0
22/10/1985,5.5
23/10/1985,24.5
24/10/1985,2.0
25/10/1985,10.5
26/10/1985,0.0
27/10/1985,13.5
28/10/1985,12.5
29/10/1985,19.0
30/10/1985,2.5
31/10/1985,0.0
01/11/1985,6.5
02/11/1985,11.5
03/11/1985,18.5
04/11/1985,25.5
05/11/1985,2.5
06/11/1985,24.5
07/11/1985,1.0
08/11/1985,0.5
09/11/1985,0.0
10/11/1985,1.5
11/11/1985,27.0
12/11/1985,2.0
13/11/1985,0.0
14/11/1985,13.0
15/11/1985,9.0
16/11/1985,3.0
17/11/1985,20.5
18/11/1985,0.5
19/11/1985,0.0
20/11/1985,37.5
21/11/1985,3.0
22/11/1985,0.5
23/11/1985,0.0
24/11/1985,0.0
25/11/1985,0.0
26/11/1985,0.0
27/11/1985,9.0
28/11/1985,0.0
29/11/1985,10.5
30/11/1985,20.5
01/12/1985,98.0
02/12/1985,86.5
03/12/1985,103.0
04/12/1985,3.5
05/12/1985,0.0
06/12/1985,17.0
07/12/1985,6.0
08/12/1985,0.0
09/12/1985,0.5
10/12/1985,0.0
11/12/1985,0.0
12/12/1985,27.0
13/12/1985,32.0
14/12/1985,112.5
15/12/1985,36.5
16/12/1985,2.0
17/12/1985,0.0
18/12/1985,0.0
19/12/1985,0.0
20/12/1985,0.0
21/12/1985,17.5
22/12/1985,117.0
23/12/1985,86.5
24/12/1985,8.0
25/12/1985,14.0
26/12/1985,4.0
27/12/1985,17.5
28/12/1985,9.5
29/12/1985,0.0
30/12/1985,0.0
31/12/1985,0.0
01/01/1986,36.0
02/01/1986,47.1
03/01/1986,16.4
04/01/1986,32.5
05/01/1986,12.0
06/01/1986,6.5
07/01/1986,8.5
08/01/1986,37.5
09/01/1986,39.5
10/01/1986,16.5
11/01/1986,12.0
12/01/1986,0.3
13/01/1986,0.2
14/01/1986,0.0
15/01/1986,3.5
16/01/1986,2.5
17/01/1986,16.5
18/01/1986,0.0
19/01/1986,0.0
20/01/1986,0.0
21/01/1986,0.0
22/01/1986,0.0
23/01/1986,10.0
24/01/1986,0.5
25/01/1986,0.0
26/01/1986,0.0
27/01/1986,0.0
28/01/1986,2.5
29/01/1986,0.0
30/01/1986,0.0
31/01/1986,0.0
01/02/1986,0.0
02/02/1986,0.0
03/02/1986,0.0
04/02/1986,0.0
05/02/1986,0.0
06/02/1986,0.0
07/02/1986,0.0
08/02/1986,0.0
09/02/1986,0.0
10/02/1986,0.0
11/02/1986,0.0
12/02/1986,0.0
13/02/1986,0.0
14/02/1986,0.0
15/02/1986,0.0
16/02/1986,0.0
17/02/1986,0.0
18/02/1986,0.0
19/02/1986,0.0
20/02/1986,0.0
21/02/1986,0.0
22/02/1986,0.0
23/02/1986,0.0
24/02/1986,0.0
25/02/1986,0.0
26/02/1986,0.0
27/02/1986,0.0
28/02/1986,1.5
01/03/1986,1.0
02/03/1986,20.0
03/03/1986,20.5
04/03/1986,8.0
05/03/1986,2.0
06/03/1986,37.0
07/03/1986,59.5
08/03/1986,27.5
09/03/1986,12.0
10/03/1986,2.5
11/03/1986,0.5
12/03/1986,0.5
13/03/1986,0.0
14/03/1986,0.0
15/03/1986,0.0
16/03/1986,5.5
17/03/1986,8.0
18/03/1986,0.0
19/03/1986,0.0
20/03/1986,0.0
21/03/1986,0.0
22/03/1986,0.0
23/03/1986,0.0
24/03/1986,0.0
25/03/1986,0.0
26/03/1986,0.0
27/03/1986,0.0
28/03/1986,0.0
29/03/1986,0.0
30/03/1986,0.0
31/03/1986,0.0
01/04/1986,0.0
02/04/1986,0.0
03/04/1986,0.0
04/04/1986,0.0
05/04/1986,0.0
06/04/1986,0.0
07/04/1986,0.0
08/04/1986,1.5
09/04/1986,0.5
10/04/1986,19.5
11/04/1986,0.0
12/04/1986,0.0
13/04/1986,1.0
14/04/1986,3.0
15/04/1986,0.0
16/04/1986,18.0
17/04/1986,3.5
18/04/1986,0.0
19/04/1986,42.5
20/04/1986,5.5
21/04/1986,4.5
22/04/1986,0.0
23/04/1986,0.0
24/04/1986,0.0
25/04/1986,1.0
26/04/1986,0.0
27/04/1986,0.0
28/04/1986,12.0
29/04/1986,1.0
30/04/1986,0.0
01/05/1986,0.0
02/05/1986,0.0
03/05/1986,0.0
04/05/1986,0.0
05/05/1986,0.0
06/05/1986,1.0
07/05/1986,0.0
08/05/1986,0.0
09/05/1986,0.0
10/05/1986,0.0
11/05/1986,0.0
12/05/1986,0.0
13/05/1986,0.0
14/05/1986,0.0
15/05/1986,17.5
16/05/1986,20.5
17/05/1986,0.5
18/05/1986,0.0
19/05/1986,0.0
20/05/1986,0.0
21/05/1986,0.0
22/05/1986,0.0
23/05/1986,0.0
24/05/1986,0.0
25/05/1986,0.0
26/05/1986,0.0
27/05/1986,0.0
28/05/1986,0.0
29/05/1986,0.0
30/05/1986,0.0
31/05/1986,0.0
01/06/1986,0.0
02/06/1986,0.0
03/06/1986,0.0
04/06/1986,0.0
05/06/1986,0.0
06/06/1986,0.0
07/06/1986,0.0
08/06/1986,0.0
09/06/1986,0.0
10/06/1986,0.0
11/06/1986,0.0
12/06/1986,0.0
13/06/1986,0.0
14/06/1986,0.0
15/06/1986,0.0
16/06/1986,0.0
17/06/1986,0.0
18/06/1986,0.0
19/06/1986,0.0
20/06/1986,0.0
21/06/1986,0.0
22/06/1986,0.0
23/06/1986,0.0
24/06/1986,0.0
25/06/1986,0.0
26/06/1986,0.0
27/06/1986,0.0
28/06/1986,0.0
29/10/1986,1.5
30/10/1986,0.5
31/10/1986,16.0
01/11/1986,14.0
02/11/1986,0.5
03/11/1986,45.0
04/11/1986,4.0
05/11/1986,1.5
06/11/1986,0.0
07/11/1986,16.0
08/11/1986,0.0
09/11/1986,1.0
10/11/1986,34.5
11/11/1986,0.5
12/11/1986,0.0
13/11/1986,27.5
14/11/1986,50.5
15/11/1986,8.5
16/11/1986,19.0
17/11/1986,6.0
18/11/1986,0.0
19/11/1986,4.5
20/11/1986,11.0
21/11/1986,0.5
22/11/1986,52.5
23/11/1986,0.5
24/11/1986,2.0
25/11/1986,25.6
26/11/1986,147.9
27/11/1986,261.8
28/11/1986,160.7
29/11/1986,165.2
30/11/1986,425.1
01/12/1986,213.3
02/12/1986,51.5
03/12/1986,107.0
04/12/1986,3.0
05/12/1986,25.0
06/12/1986,54.5
07/12/1986,37.5
08/12/1986,20.5
09/12/1986,12.5
10/12/1986,35.5
11/12/1986,24.0
12/12/1986,0.5
13/12/1986,0.0
14/12/1986,0.0
15/12/1986,0.0
16/12/1986,38.6
17/12/1986,96.9
18/12/1986,31.5
19/12/1986,47.0
20/12/1986,2.5
21/12/1986,26.0
22/12/1986,1.0
23/12/1986,1.0
24/12/1986,2.0
25/12/1986,0.0
26/12/1986,0.0
27/12/1986,12.5
28/12/1986,24.5
29/12/1986,65.0
30/12/1986,9.5
31/12/1986,0.0
01/01/1987,1.5
02/01/1987,0.0
03/01/1987,0.0
04/01/1987,0.0
05/01/1987,18.0
06/01/1987,24.0
07/01/1987,55.0
08/01/1987,37.5
09/01/1987,36.5
10/01/1987,30.0
11/01/1987,19.0
12/01/1987,3.0
13/01/1987,13.5
14/01/1987,1.0
15/01/1987,0.0
16/01/1987,35.5
17/01/1987,3.5
18/01/1987,0.0
19/01/1987,0.0
20/01/1987,0.5
21/01/1987,4.5
22/01/1987,0.0
23/01/1987,0.0
24/01/1987,0.5
25/01/1987,18.0
26/01/1987,6.0
27/01/1987,12.0
28/01/1987,31.0
29/01/1987,5.0
30/01/1987,0.0
31/01/1987,0.0
01/02/1987,0.5
02/02/1987,0.0
03/02/1987,3.0
04/02/1987,0.5
05/02/1987,0.0
06/02/1987,0.0
07/02/1987,0.5
08/02/1987,0.0
09/02/1987,0.0
10/02/1987,0.0
11/02/1987,0.0
12/02/1987,0.0
13/02/1987,0.0
14/02/1987,0.0
15/02/1987,0.0
16/02/1987,0.0
17/02/1987,0.0
18/02/1987,0.0
19/02/1987,0.0
20/02/1987,0.0
21/02/1987,0.5
22/02/1987,0.0
23/02/1987,0.0
24/02/1987,0.0
25/02/1987,0.0
26/02/1987,0.0
27/02/1987,0.0
28/02/1987,0.0
01/03/1987,5.0
02/03/1987,14.5
03/03/1987,15.5
04/03/1987,4.5
05/03/1987,4.0
06/03/1987,0.0
07/03/1987,0.0
08/03/1987,1.0
09/03/1987,0.0
10/03/1987,0.0
11/03/1987,0.0
12/03/1987,0.0
13/03/1987,0.0
14/03/1987,0.0
15/03/1987,0.0
16/03/1987,21.0
17/03/1987,4.0
18/03/1987,4.0
19/03/1987,4.5
20/03/1987,0.0
21/03/1987,0.0
22/03/1987,0.0
23/03/1987,0.0
24/03/1987,0.0
25/03/1987,0.0
26/03/1987,0.0
27/03/1987,0.0
28/03/1987,0.0
29/03/1987,0.0
30/03/1987,11.5
31/03/1987,6.5
01/04/1987,1.0
02/04/1987,0.0
03/04/1987,0.0
04/04/1987,0.0
05/04/1987,0.0
06/04/1987,0.0
07/04/1987,47.0
08/04/1987,20.5
09/04/1987,25.0
10/04/1987,0.5
11/04/1987,0.0
12/04/1987,0.0
13/04/1987,0.0
14/04/1987,0.0
15/04/1987,0.0
16/04/1987,0.0
17/04/1987,1.0
18/04/1987,5.5
19/04/1987,0.0
20/04/1987,0.0
21/04/1987,0.5
22/04/1987,5.0
23/04/1987,0.0
24/04/1987,0.0
25/04/1987,0.0
26/04/1987,0.0
27/04/1987,2.0
28/04/1987,18.5
29/04/1987,1.0
30/04/1987,23.5
01/05/1987,1.0
02/05/1987,8.5
03/05/1987,0.5
04/05/1987,0.5
05/05/1987,0.0
06/05/1987,17.0
07/05/1987,2.0
08/05/1987,3.0
09/05/1987,0.0
10/05/1987,0.0
11/05/1987,2.0
12/05/1987,0.0
13/05/1987,11.5
14/05/1987,0.0
15/05/1987,13.5
16/05/1987,0.0
17/05/1987,0.0
18/05/1987,0.0
19/05/1987,0.0
20/05/1987,0.0
21/05/1987,0.0
22/05/1987,0.0
23/05/1987,0.0
24/05/1987,0.0
25/05/1987,0.0
26/05/1987,0.0
27/05/1987,0.0
28/05/1987,3.5
29/05/1987,0.0
20/06/1987,36.0
21/06/1987,1.0
22/06/1987,0.0
23/06/1987,3.5
24/06/1987,0.0
25/06/1987,15.5
26/06/1987,3.0
27/06/1987,11.0
28/06/1987,6.5
29/06/1987,0.0
30/06/1987,1.0
01/07/1987,0.0
02/07/1987,0.0
03/07/1987,1.0
04/07/1987,0.0
05/07/1987,0.0
06/07/1987,0.0
07/07/1987,0.0
08/07/1987,0.0
09/07/1987,0.0
10/07/1987,0.0
11/07/1987,0.0
12/07/1987,0.0
13/07/1987,0.0
14/07/1987,1.0
15/07/1987,0.7
16/07/1987,36.3
17/07/1987,0.0
18/07/1987,0.0
19/07/1987,2.5
20/07/1987,4.8
21/07/1987,7.7
22/07/1987,21.0
23/07/1987,9.5
24/07/1987,9.0
25/07/1987,39.5
26/07/1987,9.0
27/07/1987,8.5
28/07/1987,0.0
29/07/1987,7.5
30/07/1987,4.0
31/07/1987,0.0
01/08/1987,9.0
02/08/1987,12.5
03/08/1987,4.5
04/08/1987,0.0
05/08/1987,0.3
06/08/1987,0.2
07/08/1987,12.2
08/08/1987,49.8
09/08/1987,0.5
10/08/1987,6.0
11/08/1987,16.5
12/08/1987,8.0
13/08/1987,3.5
14/08/1987,49.6
15/08/1987,29.4
16/08/1987,14.0
17/08/1987,0.0
18/08/1987,0.5
19/08/1987,0.0
20/08/1987,0.8
21/08/1987,20.2
22/08/1987,1.5
23/08/1987,0.0
24/08/1987,13.0
25/08/1987,0.0
26/08/1987,0.0
27/08/1987,7.0
28/08/1987,0.0
29/08/1987,0.0
30/08/1987,1.4
31/08/1987,12.6
01/09/1987,0.0
02/09/1987,1.0
03/09/1987,62.0
04/09/1987,16.0
05/09/1987,0.0
06/09/1987,13.0
07/09/1987,30.5
08/09/1987,5.5
09/09/1987,12.0
10/09/1987,7.5
11/09/1987,75.5
12/09/1987,5.5
13/09/1987,5.0
14/09/1987,0.0
15/09/1987,62.0
16/09/1987,30.5
17/09/1987,3.0
18/09/1987,0.0
19/09/1987,0.0
20/09/1987,0.0
21/09/1987,0.0
22/09/1987,0.0
23/09/1987,0.0
24/09/1987,0.0
25/09/1987,90.5
26/09/1987,25.5
27/09/1987,16.5
28/09/1987,3.0
29/09/1987,0.0
30/09/1987,2.0
01/10/1987,5.0
02/10/1987,6.5
03/10/1987,9.0
04/10/1987,0.0
05/10/1987,0.0
06/10/1987,0.0
07/10/1987,0.0
08/10/1987,17.5
09/10/1987,13.5
10/10/1987,30.5
11/10/1987,40.0
12/10/1987,2.5
13/10/1987,8.0
14/10/1987,0.0
15/10/1987,0.0
16/10/1987,24.0
17/10/1987,31.5
18/10/1987,0.5
19/10/1987,0.0
20/10/1987,1.5
21/10/1987,0.0
22/10/1987,0.0
23/10/1987,0.0
24/10/1987,10.5
25/10/1987,1.5
26/10/1987,1.5
27/10/1987,15.5
28/10/1987,16.0
29/10/1987,0.5
30/10/1987,6.0
31/10/1987,2.0
01/11/1987,0.0
02/11/1987,11.0
03/11/1987,13.0
04/11/1987,0.0
05/11/1987,0.5
06/11/1987,3.0
07/11/1987,0.0
08/11/1987,5.0
09/11/1987,8.5
10/11/1987,12.0
11/11/1987,26.0
12/11/1987,3.0
13/11/1987,50.0
14/11/1987,0.0
15/11/1987,14.0
16/11/1987,7.5
17/11/1987,18.5
18/11/1987,6.5
19/11/1987,0.0
20/11/1987,0.5
21/11/1987,2.5
22/11/1987,7.5
23/11/1987,27.5
24/11/1987,0.0
25/11/1987,1.8
26/11/1987,3.2
27/11/1987,0.0
28/11/1987,9.5
29/11/1987,4.0
30/11/1987,8.5
01/12/1987,112.5
02/12/1987,68.3
03/12/1987,268.5
04/12/1987,34.2
05/12/1987,0.0
06/12/1987,282.5
07/12/1987,111.0
08/12/1987,44.0
09/12/1987,79.5
10/12/1987,84.0
11/12/1987,88.0
12/12/1987,209.0
13/12/1987,69.5
14/12/1987,36.5
15/12/1987,1.0
16/12/1987,0.0
17/12/1987,27.5
18/12/1987,8.5
19/12/1987,0.0
20/12/1987,0.0
21/12/1987,15.5
22/12/1987,0.5
23/12/1987,4.5
24/12/1987,0.0
25/12/1987,13.0
26/12/1987,44.5
27/12/1987,40.5
28/12/1987,58.5
29/12/1987,35.5
30/12/1987,0.0
31/12/1987,0.0
01/01/1988,0.0
02/01/1988,2.0
03/01/1988,22.5
04/01/1988,15.0
05/01/1988,2.5
06/01/1988,4.0
07/01/1988,0.0
08/01/1988,0.0
09/01/1988,19.9
10/01/1988,16.1
11/01/1988,31.0
12/01/1988,18.0
13/01/1988,24.0
14/01/1988,29.0
15/01/1988,2.0
16/01/1988,0.5
17/01/1988,1.5
18/01/1988,0.5
19/01/1988,0.0
20/01/1988,0.0
21/01/1988,0.0
22/01/1988,0.0
23/01/1988,0.0
24/01/1988,3.0
25/01/1988,14.5
26/01/1988,13.5
27/01/1988,40.5
28/01/1988,17.5
29/01/1988,2.0
30/01/1988,1.5
31/01/1988,3.0
01/02/1988,0.5
02/02/1988,0.0
03/02/1988,0.5
04/02/1988,0.0
05/02/1988,60.0
06/02/1988,5.5
07/02/1988,98.0
08/02/1988,0.0
09/02/1988,0.0
10/02/1988,0.0
11/02/1988,0.0
12/02/1988,0.0
13/02/1988,2.0
14/02/1988,0.0
15/02/1988,18.0
16/02/1988,8.0
17/02/1988,0.0
18/02/1988,7.9
19/02/1988,4.1
20/02/1988,7.5
21/02/1988,27.0
22/02/1988,0.5
23/02/1988,67.5
24/02/1988,2.0
25/02/1988,7.5
26/02/1988,14.0
27/02/1988,0.0
28/02/1988,0.5
29/02/1988,0.0
01/03/1988,0.0
02/03/1988,1.0
03/03/1988,1.0
04/03/1988,2.5
05/03/1988,23.5
06/03/1988,29.0
07/03/1988,77.5
08/03/1988,69.0
09/03/1988,36.5
10/03/1988,6.4
11/03/1988,19.6
12/03/1988,0.0
13/03/1988,1.0
14/03/1988,0.0
15/03/1988,0.0
16/03/1988,0.0
17/03/1988,0.0
18/03/1988,0.0
19/03/1988,0.0
20/03/1988,0.0
21/03/1988,0.5
22/03/1988,0.0
23/03/1988,0.0
24/03/1988,0.0
25/03/1988,0.0
26/03/1988,0.0
27/03/1988,0.0
28/03/1988,0.0
29/03/1988,0.0
30/03/1988,9.0
31/03/1988,0.0
01/04/1988,0.0
02/04/1988,0.0
03/04/1988,0.0
04/04/1988,0.0
05/04/1988,0.0
06/04/1988,0.0
07/04/1988,7.5
08/04/1988,0.0
09/04/1988,10.0
10/04/1988,34.0
11/04/1988,30.0
12/04/1988,0.0
13/04/1988,0.0
14/04/1988,0.0
15/04/1988,5.5
16/04/1988,8.0
17/04/1988,0.0
18/04/1988,2.5
19/04/1988,0.0
20/04/1988,0.0
21/04/1988,0.0
22/04/1988,0.0
23/04/1988,0.0
24/04/1988,0.0
25/04/1988,0.0
26/04/1988,22.0
27/04/1988,0.0
28/04/1988,2.5
29/04/1988,15.5
30/04/1988,8.0
01/05/1988,11.5
02/05/1988,1.5
03/05/1988,23.0
04/05/1988,0.0
05/05/1988,0.0
06/05/1988,14.0
07/05/1988,11.0
08/05/1988,5.0
09/05/1988,5.0
10/05/1988,0.0
11/05/1988,0.0
12/05/1988,0.0
13/05/1988,30.0
14/05/1988,20.5
15/05/1988,23.0
16/05/1988,8.0
17/05/1988,33.5
18/05/1988,7.0
19/05/1988,19.0
20/05/1988,14.0
21/05/1988,3.0
22/05/1988,1.0
23/05/1988,52.5
24/05/1988,11.0
25/05/1988,21.5
26/05/1988,2.0
27/05/1988,0.0
28/05/1988,0.0
29/05/1988,0.0
30/05/1988,10.0
31/05/1988,0.0
01/06/1988,61.5
02/06/1988,5.5
03/06/1988,0.0
04/06/1988,0.0
05/06/1988,0.0
06/06/1988,0.0
07/06/1988,2.5
08/06/1988,30.0
09/06/1988,0.0
10/06/1988,0.0
11/06/1988,0.0
12/06/1988,0.0
13/06/1988,34.0
14/06/1988,0.0
15/06/1988,0.0
16/06/1988,6.6
17/06/1988,7.4
18/06/1988,0.0
19/06/1988,0.0
20/06/1988,0.0
21/06/1988,6.0
22/06/1988,0.0
23/06/1988,0.0
24/06/1988,1.5
25/06/1988,1.0
26/06/1988,8.5
27/06/1988,3.0
28/06/1988,15.0
29/06/1988,18.5
30/06/1988,0.5
01/07/1988,0.0
02/07/1988,0.0
03/07/1988,0.0
04/07/1988,13.0
05/07/1988,0.5
06/07/1988,8.5
07/07/1988,9.0
08/07/1988,3.5
09/07/1988,0.0
10/07/1988,2.0
11/07/1988,0.5
12/07/1988,8.1
13/07/1988,64.9
14/07/1988,2.5
15/07/1988,0.0
16/07/1988,0.0
17/07/1988,46.5
18/07/1988,3.5
19/07/1988,13.5
20/07/1988,0.0
21/07/1988,0.0
22/07/1988,10.5
23/07/1988,0.0
24/07/1988,0.0
25/07/1988,1.0
26/07/1988,6.5
27/07/1988,4.5
28/07/1988,42.0
29/07/1988,0.5
30/07/1988,38.5
31/07/1988,20.5
01/08/1988,2.0
02/08/1988,0.0
03/08/1988,78.0
04/08/1988,50.0
05/08/1988,3.5
06/08/1988,23.0
30/08/1988,2.0
31/08/1988,0.0
01/09/1988,0.0
02/09/1988,22.0
03/09/1988,3.5
04/09/1988,0.5
05/09/1988,16.5
06/09/1988,13.0
07/09/1988,5.5
08/09/1988,0.0
09/09/1988,0.0
10/09/1988,0.5
11/09/1988,11.0
12/09/1988,2.5
13/09/1988,10.5
14/09/1988,1.5
15/09/1988,18.5
16/09/1988,58.0
17/09/1988,54.4
18/09/1988,44.6
19/09/1988,39.5
20/09/1988,14.1
21/09/1988,4.9
22/09/1988,49.5
23/09/1988,0.5
24/09/1988,26.5
25/09/1988,15.0
26/09/1988,6.5
27/09/1988,37.0
28/09/1988,0.0
29/09/1988,20.5
30/09/1988,4.5
01/10/1988,0.0
02/10/1988,2.0
03/10/1988,17.5
04/10/1988,1.5
05/10/1988,2.0
06/10/1988,2.5
07/10/1988,0.0
08/10/1988,0.0
09/10/1988,0.0
10/10/1988,10.5
11/10/1988,0.0
12/10/1988,0.0
13/10/1988,45.0
14/10/1988,2.0
15/10/1988,0.0
16/10/1988,4.0
17/10/1988,5.3
18/10/1988,10.7
19/10/1988,2.0
20/10/1988,5.0
21/10/1988,0.0
22/10/1988,0.0
23/10/1988,0.0
24/10/1988,0.0
25/10/1988,1.0
26/10/1988,7.0
27/10/1988,55.0
28/10/1988,2.5
29/10/1988,0.5
30/10/1988,0.5
31/10/1988,9.0
01/11/1988,13.5
02/11/1988,32.0
03/11/1988,71.1
04/11/1988,239.9
05/11/1988,44.5
06/11/1988,20.5
07/11/1988,0.0
08/11/1988,0.0
09/11/1988,0.0
10/11/1988,28.6
11/11/1988,11.9
12/11/1988,53.8
13/11/1988,36.7
14/11/1988,1.5
15/11/1988,18.8
16/11/1988,12.2
17/11/1988,26.5
18/11/1988,103.0
19/11/1988,224.0
20/11/1988,198.0
21/11/1988,46.0
22/11/1988,12.0
23/11/1988,14.0
24/11/1988,37.5
25/11/1988,0.0
26/11/1988,0.0
27/11/1988,0.5
28/11/1988,46.5
29/11/1988,50.6
30/11/1988,158.5
01/12/1988,441.9
02/12/1988,137.0
03/12/1988,103.5
04/12/1988,0.5
05/12/1988,100.0
06/12/1988,0.0
07/12/1988,0.0
08/12/1988,0.0
09/12/1988,0.0
10/12/1988,0.0
23/01/1989,12.0
24/01/1989,0.0
25/01/1989,0.0
26/01/1989,0.0
27/01/1989,0.0
28/01/1989,0.0
29/01/1989,0.0
30/01/1989,5.0
31/01/1989,19.0
01/02/1989,0.0
02/02/1989,0.0
03/02/1989,0.0
04/02/1989,0.0
05/02/1989,0.0
06/02/1989,0.0
07/02/1989,0.0
08/02/1989,0.0
09/02/1989,0.0
10/02/1989,0.0
11/02/1989,0.0
12/02/1989,0.0
13/02/1989,0.0
14/02/1989,0.0
15/02/1989,0.0
16/02/1989,0.0
17/02/1989,0.0
18/02/1989,0.0
19/02/1989,0.0
20/02/1989,0.0
21/02/1989,0.0
22/02/1989,0.0
23/02/1989,49.5
24/02/1989,2.0
25/02/1989,0.0
26/02/1989,0.0
27/02/1989,0.0
28/02/1989,0.5
01/03/1989,0.0
02/03/1989,0.0
03/03/1989,0.0
04/03/1989,0.0
05/03/1989,32.5
06/03/1989,38.5
07/03/1989,9.0
08/03/1989,0.0
09/03/1989,30.0
10/03/1989,2.0
11/03/1989,0.0
12/03/1989,0.0
13/03/1989,0.0
14/03/1989,0.0
15/03/1989,0.0
16/03/1989,0.0
17/03/1989,0.5
18/03/1989,0.0
19/03/1989,0.0
20/03/1989,0.0
21/03/1989,3.0
22/03/1989,2.0
23/03/1989,0.0
24/03/1989,0.0
25/03/1989,0.0
26/03/1989,0.0
27/03/1989,0.0
28/03/1989,4.5
29/03/1989,0.0
30/03/1989,0.0
31/03/1989,1.0
01/04/1989,80.0
02/04/1989,0.5
03/04/1989,0.0
04/04/1989,0.0
05/04/1989,0.0
06/04/1989,0.0
07/04/1989,0.0
08/04/1989,0.0
09/04/1989,0.0
10/04/1989,1.0
11/04/1989,0.0
12/04/1989,17.5
13/04/1989,1.0
14/04/1989,28.5
15/04/1989,0.0
16/04/1989,28.5
17/04/1989,0.0
18/04/1989,0.0
19/04/1989,0.0
20/04/1989,0.0
21/04/1989,0.0
22/04/1989,0.5
23/04/1989,6.5
24/04/1989,12.5
25/04/1989,0.0
26/04/1989,0.5
27/04/1989,0.0
28/04/1989,2.0
29/04/1989,0.0
30/04/1989,2.5
01/05/1989,27.0
02/05/1989,0.0
03/05/1989,44.4
04/05/1989,5.1
05/05/1989,1.0
06/05/1989,0.0
07/05/1989,17.0
08/05/1989,0.0
09/05/1989,2.5
10/05/1989,4.5
11/05/1989,16.5
12/05/1989,5.0
13/05/1989,0.0
14/05/1989,0.0
15/05/1989,0.0
16/05/1989,0.0
17/05/1989,0.0
18/05/1989,18.0
19/05/1989,3.0
20/05/1989,0.0
21/05/1989,10.5
22/05/1989,0.0
23/05/1989,1.0
24/05/1989,3.5
25/05/1989,0.0
26/05/1989,0.0
27/05/1989,6.5
28/05/1989,0.0
29/05/1989,40.0
30/05/1989,10.5
31/05/1989,9.5
01/06/1989,0.0
02/06/1989,10.5
03/06/1989,0.0
04/06/1989,0.5
05/06/1989,0.0
06/06/1989,0.0
07/06/1989,0.0
08/06/1989,0.0
09/06/1989,5.5
10/06/1989,0.0
11/06/1989,0.0
12/06/1989,0.0
13/06/1989,0.0
14/06/1989,0.0
15/06/1989,6.0
16/06/1989,0.0
17/06/1989,0.5
18/06/1989,0.0
19/06/1989,8.5
20/06/1989,0.0
21/06/1989,0.0
22/06/1989,0.0
23/06/1989,0.0
24/06/1989,0.0
25/06/1989,28.5
26/06/1989,6.5
27/06/1989,0.0
28/06/1989,0.0
29/06/1989,0.0
30/06/1989,0.0
01/07/1989,0.0
02/07/1989,0.0
03/07/1989,0.0
04/07/1989,0.5
05/07/1989,0.0
06/07/1989,0.5
07/07/1989,0.0
08/07/1989,0.0
09/07/1989,0.5
10/07/1989,0.0
11/07/1989,0.0
12/07/1989,0.0
13/07/1989,0.0
14/07/1989,0.0
15/07/1989,0.0
16/07/1989,0.0
17/07/1989,0.0
18/07/1989,2.0
19/07/1989,4.0
20/07/1989,0.0
21/07/1989,0.0
22/07/1989,0.0
23/07/1989,0.0
24/07/1989,0.0
25/07/1989,0.0
26/07/1989,0.0
27/07/1989,0.0
28/07/1989,0.5
29/07/1989,0.0
30/07/1989,1.0
31/07/1989,0.0
01/08/1989,0.0
02/08/1989,0.0
03/08/1989,6.5
04/08/1989,0.0
05/08/1989,0.0
06/08/1989,0.0
07/08/1989,0.0
08/08/1989,0.0
09/08/1989,0.0
10/08/1989,0.0
11/08/1989,0.0
12/08/1989,0.0
13/08/1989,0.0
14/08/1989,0.0
15/08/1989,0.0
16/08/1989,0.0
17/08/1989,0.0
18/08/1989,0.5
19/08/1989,21.5
20/08/1989,17.0
21/08/1989,0.0
22/08/1989,0.0
23/08/1989,0.0
24/08/1989,0.0
25/08/1989,1.5
26/08/1989,0.0
27/08/1989,40.5
28/08/1989,37.5
29/08/1989,9.5
30/08/1989,0.0
31/08/1989,4.5
01/09/1989,0.0
02/09/1989,38.5
03/09/1989,31.0
04/09/1989,33.0
05/09/1989,1.5
06/09/1989,0.0
07/09/1989,0.0
08/09/1989,11.0
09/09/1989,1.5
10/09/1989,8.5
11/09/1989,0.5
12/09/1989,0.0
13/09/1989,29.5
14/09/1989,14.0
15/09/1989,16.0
16/09/1989,15.0
17/09/1989,0.0
18/09/1989,19.0
19/09/1989,0.0
20/09/1989,2.5
21/09/1989,0.5
22/09/1989,0.0
23/09/1989,12.7
24/09/1989,13.8
25/09/1989,0.0
26/09/1989,0.0
27/09/1989,0.5
28/09/1989,2.5
29/09/1989,3.0
30/09/1989,16.5
01/10/1989,3.0
02/10/1989,3.0
03/10/1989,6.0
04/10/1989,0.5
05/10/1989,78.0
06/10/1989,0.5
07/10/1989,1.5
08/10/1989,19.5
09/10/1989,0.5
10/10/1989,27.5
11/10/1989,35.5
12/10/1989,1.0
13/10/1989,30.5
14/10/1989,16.5
15/10/1989,24.0
16/10/1989,9.5
17/10/1989,4.5
18/10/1989,38.5
19/10/1989,35.7
20/10/1989,9.8
21/10/1989,5.0
22/10/1989,46.5
23/10/1989,5.0
24/10/1989,0.5
25/10/1989,0.0
26/10/1989,26.0
27/10/1989,6.0
28/10/1989,19.5
29/10/1989,14.0
30/10/1989,0.5
31/10/1989,15.4
01/11/1989,2.1
02/11/1989,2.0
03/11/1989,0.0
04/11/1989,13.0
05/11/1989,8.5
06/11/1989,5.0
07/11/1989,0.0
08/11/1989,0.0
09/11/1989,15.0
10/11/1989,21.5
11/11/1989,0.5
12/11/1989,0.0
13/11/1989,0.0
14/11/1989,22.9
15/11/1989,86.0
16/11/1989,6.2
17/11/1989,87.2
18/11/1989,142.3
19/11/1989,7.0
20/11/1989,4.0
21/11/1989,2.0
22/11/1989,1.0
23/11/1989,7.5
24/11/1989,0.0
25/11/1989,3.0
26/11/1989,1.5
27/11/1989,0.0
28/11/1989,14.5
29/11/1989,36.5
30/11/1989,33.0
01/12/1989,37.3
02/12/1989,17.2
03/12/1989,0.0
04/12/1989,0.0
05/12/1989,0.0
06/12/1989,0.0
07/12/1989,0.0
08/12/1989,0.5
09/12/1989,0.0
10/12/1989,0.0
11/12/1989,0.0
12/12/1989,0.0
13/12/1989,0.0
14/12/1989,0.0
15/12/1989,4.5
16/12/1989,2.5
17/12/1989,7.5
18/12/1989,1.5
19/12/1989,0.0
20/12/1989,0.5
21/12/1989,0.0
22/12/1989,0.0
23/12/1989,0.0
24/12/1989,0.0
25/12/1989,0.0
26/12/1989,0.0
27/12/1989,0.0
28/12/1989,0.0
29/12/1989,0.0
30/12/1989,0.0
31/12/1989,0.0
01/01/1990,0.0
02/01/1990,0.0
03/01/1990,0.0
04/01/1990,0.0
05/01/1990,0.0
06/01/1990,0.0
07/01/1990,0.0
08/01/1990,0.0
09/01/1990,0.0
10/01/1990,0.0
11/01/1990,0.0
12/01/1990,0.0
13/01/1990,0.0
14/01/1990,0.0
15/01/1990,0.0
16/01/1990,0.0
17/01/1990,10.0
18/01/1990,1.5
19/01/1990,0.5
20/01/1990,0.0
21/01/1990,5.5
22/01/1990,32.0
23/01/1990,53.5
24/01/1990,0.5
25/01/1990,1.0
26/01/1990,0.0
27/01/1990,0.0
28/01/1990,0.0
29/01/1990,0.5
30/01/1990,0.0
31/01/1990,0.5
01/02/1990,0.0
02/02/1990,0.0
03/02/1990,6.0
04/02/1990,0.0
05/02/1990,0.0
06/02/1990,0.0
07/02/1990,0.0
08/02/1990,0.0
09/02/1990,0.0
10/02/1990,0.0
11/02/1990,0.0
12/02/1990,0.0
13/02/1990,0.0
14/02/1990,0.0
15/02/1990,0.0
16/02/1990,0.0
17/02/1990,0.0
18/02/1990,0.0
19/02/1990,0.0
20/02/1990,0.0
21/02/1990,0.0
09/07/1990,2.9
10/07/1990,0.1
11/07/1990,0.0
12/07/1990,0.0
13/07/1990,0.0
14/07/1990,12.5
15/07/1990,6.0
16/07/1990,0.0
17/07/1990,0.0
18/07/1990,1.5
19/07/1990,0.0
04/10/1990,15.0
05/10/1990,9.0
06/10/1990,0.5
07/10/1990,9.0
08/10/1990,0.0
09/10/1990,0.0
10/10/1990,0.0
11/10/1990,1.5
12/10/1990,37.0
13/10/1990,2.5
14/10/1990,11.0
15/10/1990,0.0
16/10/1990,29.3
17/10/1990,10.7
18/10/1990,10.0
19/10/1990,70.5
20/10/1990,0.0
21/10/1990,0.0
22/10/1990,0.0
23/10/1990,0.0
24/10/1990,0.0
25/10/1990,0.5
26/10/1990,15.0
27/10/1990,4.5
28/10/1990,7.5
29/10/1990,9.0
30/10/1990,39.0
31/10/1990,15.5
01/11/1990,0.0
02/11/1990,57.5
03/11/1990,0.0
04/11/1990,0.5
05/11/1990,0.0
06/11/1990,1.0
07/11/1990,0.0
08/11/1990,1.0
09/11/1990,4.5
10/11/1990,0.5
11/11/1990,1.0
12/11/1990,8.0
13/11/1990,0.0
14/11/1990,9.5
15/11/1990,2.5
16/11/1990,2.5
17/11/1990,0.5
18/11/1990,2.5
19/11/1990,0.0
20/11/1990,0.0
21/11/1990,0.0
22/11/1990,85.8
23/11/1990,42.7
24/11/1990,112.8
25/11/1990,48.5
26/11/1990,143.0
27/11/1990,38.7
28/11/1990,0.0
27/12/1990,0.9
28/12/1990,17.6
29/12/1990,1.0
30/12/1990,0.5
31/12/1990,0.0
01/01/1991,0.0
02/01/1991,8.5
03/01/1991,2.4
04/01/1991,5.6
05/01/1991,0.5
06/01/1991,0.5
07/01/1991,0.0
08/01/1991,1.5
09/01/1991,11.5
10/01/1991,0.0
11/01/1991,0.0
12/01/1991,0.0
13/01/1991,61.5
14/01/1991,22.0
15/01/1991,27.0
16/01/1991,14.5
17/01/1991,18.5
18/01/1991,10.5
19/01/1991,38.5
20/01/1991,0.0
21/01/1991,0.0
22/01/1991,24.0
23/01/1991,0.0
24/01/1991,14.0
25/01/1991,9.0
26/01/1991,149.0
27/01/1991,217.3
28/01/1991,10.2
29/01/1991,0.0
30/01/1991,42.0
31/01/1991,0.5
01/02/1991,0.0
02/02/1991,1.5
03/02/1991,0.0
04/02/1991,0.0
05/02/1991,0.0
06/02/1991,0.0
07/02/1991,0.0
08/02/1991,0.0
09/02/1991,0.0
10/02/1991,0.0
11/02/1991,0.0
12/02/1991,0.0
13/02/1991,0.0
14/02/1991,0.0
15/02/1991,0.0
16/02/1991,0.0
17/02/1991,0.0
18/02/1991,0.0
19/02/1991,0.0
20/02/1991,0.0
21/02/1991,0.0
22/02/1991,0.0
23/02/1991,6.5
24/02/1991,4.5
25/02/1991,1.5
26/02/1991,31.0
27/02/1991,25.5
28/02/1991,3.0
01/03/1991,67.0
02/03/1991,0.0
03/03/1991,0.0
04/03/1991,0.0
05/03/1991,0.0
06/03/1991,0.0
07/03/1991,0.0
08/03/1991,0.0
09/03/1991,0.0
10/03/1991,0.0
11/03/1991,0.0
12/03/1991,0.0
13/03/1991,0.0
14/03/1991,0.0
15/03/1991,0.0
16/03/1991,0.0
17/03/1991,0.0
18/03/1991,3.5
19/03/1991,55.0
20/03/1991,23.5
21/03/1991,2.5
22/03/1991,0.0
23/03/1991,0.0
24/03/1991,0.0
25/03/1991,0.0
26/03/1991,10.0
27/03/1991,0.0
28/03/1991,5.5
29/03/1991,0.0
30/03/1991,0.0
31/03/1991,53.5
01/04/1991,0.0
02/04/1991,4.4
03/04/1991,41.1
04/04/1991,48.0
05/04/1991,7.0
06/04/1991,8.5
07/04/1991,35.5
08/04/1991,0.0
09/04/1991,0.0
10/04/1991,0.0
11/04/1991,0.0
12/04/1991,0.0
13/04/1991,0.0
14/04/1991,0.0
15/04/1991,0.0
16/04/1991,0.0
17/04/1991,0.0
18/04/1991,0.0
19/04/1991,0.0
20/04/1991,0.0
21/04/1991,0.0
22/04/1991,0.0
23/04/1991,0.0
24/04/1991,18.5
25/04/1991,10.5
26/04/1991,3.0
27/04/1991,0.0
28/04/1991,3.5
29/04/1991,0.0
30/04/1991,0.0
01/05/1991,3.5
02/05/1991,0.0
03/05/1991,0.0
04/05/1991,0.0
05/05/1991,3.0
06/05/1991,5.5
07/05/1991,0.5
08/05/1991,0.0
09/05/1991,0.0
10/05/1991,3.0
11/05/1991,0.0
12/05/1991,0.0
13/05/1991,0.0
14/05/1991,0.0
15/05/1991,0.0
16/05/1991,2.5
17/05/1991,0.0
18/05/1991,0.0
19/05/1991,0.0
20/05/1991,1.0
21/05/1991,12.0
22/05/1991,7.5
23/05/1991,6.0
24/05/1991,3.5
25/05/1991,0.0
26/05/1991,0.0
27/05/1991,1.5
28/05/1991,1.5
29/05/1991,0.0
30/05/1991,0.5
31/05/1991,6.0
01/06/1991,3.0
02/06/1991,2.0
03/06/1991,44.0
04/06/1991,18.0
05/06/1991,46.5
06/06/1991,1.0
07/06/1991,0.0
08/06/1991,5.5
09/06/1991,0.0
10/06/1991,0.0
11/06/1991,0.0
12/06/1991,0.0
13/06/1991,0.0
14/06/1991,0.0
15/06/1991,0.0
16/06/1991,0.0
17/06/1991,0.0
18/06/1991,0.0
19/06/1991,0.0
20/06/1991,0.0
21/06/1991,0.0
22/06/1991,0.0
23/06/1991,0.0
24/06/1991,12.0
25/06/1991,0.0
26/06/1991,0.0
27/06/1991,0.0
28/06/1991,0.0
29/06/1991,0.0
30/06/1991,0.0
01/07/1991,22.5
02/07/1991,13.0
03/07/1991,0.0
04/07/1991,25.5
05/07/1991,1.5
06/07/1991,0.0
07/07/1991,23.5
08/07/1991,0.0
09/07/1991,0.0
10/07/1991,0.0
11/07/1991,0.0
12/07/1991,0.0
13/07/1991,0.0
14/07/1991,0.0
15/07/1991,0.0
16/07/1991,0.0
17/07/1991,0.0
18/07/1991,0.0
19/07/1991,4.5
20/07/1991,0.0
21/07/1991,0.0
22/07/1991,0.0
23/07/1991,0.5
24/07/1991,0.0
25/07/1991,0.0
26/07/1991,0.0
27/07/1991,0.0
28/07/1991,0.0
29/07/1991,0.0
30/07/1991,0.0
31/07/1991,50.5
01/08/1991,17.5
02/08/1991,0.0
03/08/1991,0.0
04/08/1991,0.0
05/08/1991,17.0
06/08/1991,38.5
07/08/1991,35.0
08/08/1991,13.5
09/08/1991,0.0
10/08/1991,1.0
11/08/1991,16.0
12/08/1991,13.5
13/08/1991,15.5
14/08/1991,1.0
15/08/1991,0.0
16/08/1991,11.5
17/08/1991,0.5
18/08/1991,2.9
19/08/1991,2.1
20/08/1991,0.0
21/08/1991,0.0
22/08/1991,5.0
23/08/1991,6.5
24/08/1991,0.0
25/08/1991,0.0
26/08/1991,32.5
27/08/1991,10.0
28/08/1991,0.0
29/08/1991,14.0
30/08/1991,18.5
31/08/1991,0.0
01/09/1991,0.0
02/09/1991,5.0
03/09/1991,38.0
04/09/1991,0.0
05/09/1991,0.0
06/09/1991,0.0
07/09/1991,21.5
08/09/1991,15.0
09/09/1991,37.7
10/09/1991,48.8
11/09/1991,0.0
12/09/1991,27.5
13/09/1991,34.5
14/09/1991,0.5
15/09/1991,117.0
16/09/1991,32.0
17/09/1991,0.0
18/09/1991,0.0
19/09/1991,0.0
20/09/1991,0.0
21/09/1991,0.0
22/09/1991,0.0
23/09/1991,50.5
24/09/1991,35.0
25/09/1991,27.5
26/09/1991,21.5
27/09/1991,26.0
28/09/1991,1.0
29/09/1991,10.5
30/09/1991,0.0
01/10/1991,4.0
02/10/1991,59.5
03/10/1991,0.0
04/10/1991,0.0
05/10/1991,46.5
06/10/1991,2.0
07/10/1991,2.5
08/10/1991,24.4
09/10/1991,79.1
10/10/1991,5.0
11/10/1991,5.5
12/10/1991,6.0
13/10/1991,89.0
14/10/1991,3.0
15/10/1991,0.0
16/10/1991,0.0
17/10/1991,2.0
18/10/1991,0.0
19/10/1991,2.5
20/10/1991,32.0
21/10/1991,40.5
22/10/1991,0.0
23/10/1991,0.0
24/10/1991,21.0
25/10/1991,0.5
26/10/1991,13.5
27/10/1991,0.5
28/10/1991,0.0
29/10/1991,55.0
30/10/1991,0.0
31/10/1991,0.0
01/11/1991,0.0
02/11/1991,0.0
03/11/1991,0.8
04/11/1991,51.2
05/11/1991,26.5
06/11/1991,17.0
07/11/1991,0.0
08/11/1991,0.0
09/11/1991,11.0
10/11/1991,46.5
11/11/1991,47.5
12/11/1991,129.2
13/11/1991,44.3
14/11/1991,0.5
15/11/1991,2.5
16/11/1991,11.0
17/11/1991,47.0
18/11/1991,223.2
19/11/1991,110.8
20/11/1991,5.5
21/11/1991,28.5
22/11/1991,10.0
23/11/1991,154.6
24/11/1991,66.4
25/11/1991,10.5
26/11/1991,9.5
27/11/1991,16.5
28/11/1991,38.0
29/11/1991,1.5
30/11/1991,0.0
01/12/1991,0.0
02/12/1991,0.0
03/12/1991,2.0
04/12/1991,7.0
05/12/1991,1.5
06/12/1991,8.7
07/12/1991,9.3
08/12/1991,4.5
09/12/1991,66.8
10/12/1991,39.7
11/12/1991,181.1
12/12/1991,176.1
13/12/1991,72.3
14/12/1991,28.0
15/12/1991,23.0
16/12/1991,10.5
17/12/1991,20.0
18/12/1991,19.5
19/12/1991,14.0
20/12/1991,9.0
21/12/1991,3.0
22/12/1991,12.0
23/12/1991,19.5
24/12/1991,4.5
25/12/1991,82.5
26/12/1991,0.0
27/12/1991,0.0
28/12/1991,1.5
29/12/1991,15.7
30/12/1991,240.8
31/12/1991,102.4
01/01/1992,69.6
02/01/1992,5.5
03/01/1992,30.5
04/01/1992,5.0
05/01/1992,24.0
06/01/1992,9.0
07/01/1992,0.0
08/01/1992,0.0
09/01/1992,0.0
10/01/1992,0.0
11/01/1992,1.5
12/01/1992,0.5
13/01/1992,8.5
14/01/1992,49.5
15/01/1992,50.7
16/01/1992,25.3
17/01/1992,5.0
18/01/1992,5.0
19/01/1992,6.5
20/01/1992,1.5
21/01/1992,9.5
22/01/1992,59.0
23/01/1992,0.5
24/01/1992,0.0
25/01/1992,1.0
26/01/1992,0.0
27/01/1992,1.5
28/01/1992,3.0
29/01/1992,0.0
30/01/1992,1.5
31/01/1992,0.0
01/02/1992,0.0
02/02/1992,0.0
03/02/1992,0.0
04/02/1992,0.0
05/02/1992,0.0
06/02/1992,1.0
07/02/1992,0.0
08/02/1992,0.0
09/02/1992,0.0
10/02/1992,0.0
11/02/1992,0.0
12/02/1992,0.0
13/02/1992,0.5
14/02/1992,38.5
15/02/1992,13.5
16/02/1992,6.0
17/02/1992,6.0
18/02/1992,0.5
19/02/1992,34.5
20/02/1992,0.0
21/02/1992,0.0
22/02/1992,0.0
23/02/1992,30.5
24/02/1992,16.0
25/02/1992,26.5
26/02/1992,0.0
27/02/1992,0.0
28/02/1992,32.0
29/02/1992,0.0
01/03/1992,0.0
02/03/1992,10.0
03/03/1992,0.0
04/03/1992,2.0
05/03/1992,21.0
06/03/1992,0.0
07/03/1992,23.5
08/03/1992,4.0
09/03/1992,1.0
10/03/1992,0.0
11/03/1992,0.0
12/03/1992,0.0
13/03/1992,0.0
14/03/1992,0.0
15/03/1992,0.0
16/03/1992,0.0
17/03/1992,0.0
18/03/1992,0.0
19/03/1992,0.0
20/03/1992,0.0
21/03/1992,0.0
22/03/1992,0.0
23/03/1992,3.0
24/03/1992,0.0
25/03/1992,0.0
26/03/1992,0.0
27/03/1992,0.0
28/03/1992,0.0
29/03/1992,0.0
30/03/1992,0.0
31/03/1992,0.0
01/04/1992,0.0
02/04/1992,0.0
03/04/1992,1.0
04/04/1992,0.0
05/04/1992,13.0
06/04/1992,0.0
07/04/1992,1.0
08/04/1992,25.5
09/04/1992,0.0
10/04/1992,0.0
11/04/1992,0.0
12/04/1992,0.0
13/04/1992,0.0
14/04/1992,0.0
15/04/1992,0.0
16/04/1992,0.0
17/04/1992,0.0
18/04/1992,0.0
19/04/1992,25.5
20/04/1992,0.5
21/04/1992,0.0
22/04/1992,5.0
23/04/1992,0.0
24/04/1992,0.0
25/04/1992,0.0
26/04/1992,0.0
27/04/1992,0.0
28/04/1992,0.0
29/04/1992,0.0
30/04/1992,13.0
01/05/1992,0.0
02/05/1992,18.0
03/05/1992,0.0
04/05/1992,0.0
05/05/1992,0.0
06/05/1992,0.0
07/05/1992,23.0
08/05/1992,1.0
09/05/1992,0.0
10/05/1992,6.0
11/05/1992,3.0
12/05/1992,2.5
13/05/1992,0.0
14/05/1992,0.5
15/05/1992,0.5
16/05/1992,2.0
17/05/1992,70.0
18/05/1992,0.5
19/05/1992,0.0
20/05/1992,0.0
21/05/1992,0.0
22/05/1992,18.0
23/05/1992,1.5
24/05/1992,2.0
25/05/1992,0.0
26/05/1992,12.0
27/05/1992,0.0
28/05/1992,0.0
29/05/1992,0.0
30/05/1992,0.0
31/05/1992,0.0
01/06/1992,11.0
02/06/1992,2.0
03/06/1992,93.0
04/06/1992,0.0
05/06/1992,0.0
06/06/1992,0.0
07/06/1992,0.0
08/06/1992,0.0
09/06/1992,0.0
10/06/1992,0.0
11/06/1992,6.0
12/06/1992,41.0
13/06/1992,1.5
14/06/1992,0.5
15/06/1992,4.0
16/06/1992,0.5
17/06/1992,60.5
18/06/1992,1.0
19/06/1992,0.0
20/06/1992,0.0
21/06/1992,0.0
22/06/1992,0.0
23/06/1992,4.5
24/06/1992,22.0
25/06/1992,0.5
26/06/1992,1.0
27/06/1992,0.0
28/06/1992,12.0
29/06/1992,0.0
30/06/1992,0.0
01/07/1992,60.5
02/07/1992,15.0
03/07/1992,6.0
04/07/1992,0.0
05/07/1992,1.5
06/07/1992,0.5
07/07/1992,0.0
08/07/1992,0.0
09/07/1992,0.0
10/07/1992,0.0
11/07/1992,0.0
12/07/1992,11.5
13/07/1992,7.0
14/07/1992,16.5
15/07/1992,42.5
16/07/1992,1.0
17/07/1992,0.0
18/07/1992,0.0
19/07/1992,62.5
20/07/1992,0.5
21/07/1992,9.5
22/07/1992,2.0
23/07/1992,0.0
24/07/1992,0.0
25/07/1992,0.0
26/07/1992,0.5
27/07/1992,36.0
28/07/1992,0.5
29/07/1992,41.0
30/07/1992,0.0
31/07/1992,0.0
01/08/1992,0.0
02/08/1992,1.0
03/08/1992,12.5
04/08/1992,0.5
05/08/1992,9.5
06/08/1992,28.5
07/08/1992,7.0
08/08/1992,0.0
09/08/1992,16.5
10/08/1992,15.0
11/08/1992,2.5
12/08/1992,3.0
13/08/1992,2.0
14/08/1992,0.0
15/08/1992,0.0
16/08/1992,0.0
17/08/1992,0.0
18/08/1992,0.0
19/08/1992,7.5
20/08/1992,0.5
21/08/1992,0.0
22/08/1992,0.0
23/08/1992,38.0
24/08/1992,12.5
25/08/1992,0.0
26/08/1992,6.0
27/08/1992,6.5
28/08/1992,0.0
29/08/1992,0.0
30/08/1992,0.0
31/08/1992,0.0
01/09/1992,2.0
02/09/1992,6.0
03/09/1992,6.7
04/09/1992,3.8
05/09/1992,0.0
06/09/1992,33.0
07/09/1992,1.5
08/09/1992,0.0
09/09/1992,0.0
10/09/1992,0.0
11/09/1992,0.0
12/09/1992,0.0
13/09/1992,0.0
14/09/1992,0.0
15/09/1992,4.0
16/09/1992,0.0
17/09/1992,0.0
18/09/1992,59.0
19/09/1992,6.5
20/09/1992,8.0
21/09/1992,7.0
22/09/1992,0.5
23/09/1992,0.0
24/09/1992,4.5
25/09/1992,0.0
26/09/1992,0.0
27/09/1992,0.0
28/09/1992,4.5
29/09/1992,0.0
30/09/1992,0.5
01/10/1992,4.0
02/10/1992,0.5
03/10/1992,13.5
04/10/1992,5.1
05/10/1992,10.9
06/10/1992,2.0
07/10/1992,0.5
08/10/1992,17.5
09/10/1992,7.0
10/10/1992,20.8
11/10/1992,10.2
12/10/1992,0.0
13/10/1992,0.5
14/10/1992,23.2
15/10/1992,6.8
16/10/1992,20.0
17/10/1992,1.0
18/10/1992,6.0
19/10/1992,11.0
20/10/1992,8.5
21/10/1992,17.5
22/10/1992,2.0
16/02/1993,0.0
17/02/1993,0.0
18/02/1993,0.0
19/02/1993,0.0
20/02/1993,0.0
21/02/1993,0.0
22/02/1993,0.0
23/02/1993,0.0
24/02/1993,3.0
25/02/1993,15.5
26/02/1993,20.0
27/02/1993,1.5
28/02/1993,0.5
01/03/1993,1.5
02/03/1993,1.0
03/03/1993,0.5
04/03/1993,0.0
05/03/1993,0.0
06/03/1993,0.0
07/03/1993,0.5
08/03/1993,13.0
09/03/1993,1.5
10/03/1993,2.0
11/03/1993,123.0
12/03/1993,58.5
13/03/1993,48.5
14/03/1993,11.0
15/03/1993,11.0
16/03/1993,0.0
17/03/1993,0.0
18/03/1993,24.5
19/03/1993,0.5
20/03/1993,0.0
21/03/1993,0.0
22/03/1993,0.0
23/03/1993,0.0
24/03/1993,0.0
25/03/1993,0.0
26/03/1993,0.0
27/03/1993,0.0
28/03/1993,0.0
29/03/1993,0.0
30/03/1993,0.0
31/03/1993,0.0
01/04/1993,0.0
02/04/1993,14.0
03/04/1993,0.5
04/04/1993,0.0
05/04/1993,0.0
06/04/1993,0.0
07/04/1993,0.0
08/04/1993,0.0
09/04/1993,19.5
10/04/1993,21.5
11/04/1993,14.0
12/04/1993,29.3
13/04/1993,0.2
14/04/1993,42.0
15/04/1993,1.0
16/04/1993,30.0
17/04/1993,14.0
18/04/1993,0.0
19/04/1993,0.0
20/04/1993,0.0
21/04/1993,0.0
22/04/1993,0.0
23/04/1993,2.5
24/04/1993,0.5
25/04/1993,0.0
26/04/1993,0.0
27/04/1993,0.0
28/04/1993,0.0
29/04/1993,0.0
30/04/1993,0.0
01/05/1993,0.0
02/05/1993,0.0
03/05/1993,0.0
04/05/1993,0.0
05/05/1993,0.0
06/05/1993,0.0
07/05/1993,0.0
08/05/1993,0.0
09/05/1993,0.0
10/05/1993,0.0
11/05/1993,0.0
12/05/1993,0.0
13/05/1993,0.0
14/05/1993,0.0
15/05/1993,16.0
16/05/1993,2.0
17/05/1993,0.5
18/05/1993,0.0
19/05/1993,16.5
20/05/1993,8.0
21/05/1993,0.5
22/05/1993,0.0
23/05/1993,0.0
24/05/1993,0.0
25/05/1993,3.0
26/05/1993,7.0
27/05/1993,7.0
28/05/1993,25.0
29/05/1993,0.0
30/05/1993,0.0
31/05/1993,0.0
01/06/1993,0.0
02/06/1993,0.0
03/06/1993,0.0
04/06/1993,14.2
05/06/1993,8.3
06/06/1993,4.0
07/06/1993,7.0
08/06/1993,28.0
09/06/1993,0.0
10/06/1993,36.0
11/06/1993,19.5
12/06/1993,6.5
13/06/1993,16.0
14/06/1993,0.5
15/06/1993,0.0
16/06/1993,0.0
17/06/1993,0.0
18/06/1993,0.0
19/06/1993,75.0
20/06/1993,0.5
21/06/1993,0.5
22/06/1993,0.0
23/06/1993,0.5
24/06/1993,0.5
25/06/1993,0.0
26/06/1993,0.0
27/06/1993,0.0
28/06/1993,3.5
29/06/1993,12.0
30/06/1993,0.5
01/07/1993,0.0
12/07/1993,0.0
13/07/1993,3.0
14/07/1993,1.0
15/07/1993,0.0
16/07/1993,0.0
17/07/1993,28.0
18/07/1993,0.5
19/07/1993,0.0
20/07/1993,0.0
21/07/1993,0.0
22/07/1993,0.0
23/07/1993,0.0
24/07/1993,7.0
25/07/1993,12.0
26/07/1993,0.5
27/07/1993,0.0
28/07/1993,0.0
29/07/1993,0.0
30/07/1993,0.0
31/07/1993,0.0
01/08/1993,0.0
02/08/1993,0.0
03/08/1993,0.0
04/08/1993,0.0
05/08/1993,21.5
06/08/1993,0.0
07/08/1993,40.5
08/08/1993,0.0
09/08/1993,0.0
10/08/1993,0.0
11/08/1993,6.5
12/08/1993,0.5
13/08/1993,0.0
14/08/1993,0.0
15/08/1993,34.5
16/08/1993,1.5
17/08/1993,0.0
18/08/1993,0.0
19/08/1993,0.0
20/08/1993,0.0
21/08/1993,1.5
22/08/1993,0.0
23/08/1993,0.5
24/08/1993,0.0
25/08/1993,0.0
26/08/1993,0.5
27/08/1993,0.0
28/08/1993,0.0
29/08/1993,0.0
30/08/1993,14.0
31/08/1993,5.0
01/09/1993,0.0
02/09/1993,19.0
03/09/1993,83.0
04/09/1993,6.0
05/09/1993,0.5
06/09/1993,0.0
07/09/1993,3.5
08/09/1993,64.0
09/09/1993,16.0
10/09/1993,0.0
11/09/1993,0.0
12/09/1993,22.5
13/09/1993,35.7
14/09/1993,42.8
15/09/1993,0.0
16/09/1993,4.0
17/09/1993,50.5
18/09/1993,17.5
19/09/1993,2.0
20/09/1993,40.0
21/09/1993,0.0
22/09/1993,0.0
23/09/1993,1.0
24/09/1993,0.5
25/09/1993,0.0
26/09/1993,0.5
27/09/1993,10.0
28/09/1993,0.5
29/09/1993,0.5
30/09/1993,21.5
01/10/1993,34.4
02/10/1993,45.6
03/10/1993,45.5
04/10/1993,62.5
13/10/1993,0.0
14/10/1993,0.5
15/10/1993,0.0
16/10/1993,0.0
17/10/1993,0.0
18/10/1993,0.0
19/10/1993,0.5
20/10/1993,0.0
21/10/1993,0.0
22/10/1993,0.0
23/10/1993,12.0
24/10/1993,0.0
25/10/1993,0.0
26/10/1993,0.0
27/10/1993,0.0
28/10/1993,0.0
29/10/1993,0.5
30/10/1993,0.0
31/10/1993,0.0
01/11/1993,0.0
02/11/1993,0.5
03/11/1993,0.0
04/11/1993,0.0
05/11/1993,0.0
06/11/1993,0.5
07/11/1993,0.0
08/11/1993,0.0
09/11/1993,0.0
10/11/1993,0.5
11/11/1993,0.0
12/11/1993,0.0
13/11/1993,22.5
14/11/1993,0.0
15/11/1993,0.0
16/11/1993,0.5
17/11/1993,0.0
18/11/1993,0.0
19/11/1993,0.0
20/11/1993,0.0
21/11/1993,0.0
22/11/1993,0.0
23/11/1993,0.0
24/11/1993,0.0
25/11/1993,0.0
26/11/1993,12.5
27/11/1993,0.0
28/11/1993,0.0
29/11/1993,13.5
30/11/1993,10.5
01/12/1993,8.0
02/12/1993,0.5
03/12/1993,12.5
04/12/1993,0.0
05/12/1993,0.0
06/12/1993,0.0
07/12/1993,0.0
08/12/1993,0.0
09/12/1993,0.0
10/12/1993,0.0
11/12/1993,0.0
12/12/1993,0.0
13/12/1993,0.0
14/12/1993,0.0
15/12/1993,0.0
16/12/1993,0.0
17/12/1993,0.5
18/12/1993,0.0
19/12/1993,0.0
20/12/1993,0.0
21/12/1993,0.5
22/12/1993,3.5
23/12/1993,15.5
24/12/1993,1.5
25/12/1993,0.5
26/12/1993,0.0
27/12/1993,0.0
28/12/1993,0.0
29/12/1993,0.5
30/12/1993,0.0
31/12/1993,0.0
01/01/1994,0.0
02/01/1994,0.0
03/01/1994,0.0
04/01/1994,0.5
05/01/1994,0.0
06/01/1994,0.0
07/01/1994,0.0
08/01/1994,0.0
09/01/1994,0.0
10/01/1994,0.0
11/01/1994,0.0
12/01/1994,0.0
13/01/1994,0.0
14/01/1994,0.0
15/01/1994,0.0
16/01/1994,0.0
17/01/1994,0.0
18/01/1994,0.0
19/01/1994,0.0
20/01/1994,3.0
21/01/1994,2.0
22/01/1994,7.0
23/01/1994,7.0
24/01/1994,2.5
25/01/1994,0.0
26/01/1994,0.0
27/01/1994,2.0
28/01/1994,3.5
29/01/1994,2.5
30/01/1994,8.0
31/01/1994,2.0
01/02/1994,0.5
02/02/1994,5.5
03/02/1994,28.5
04/02/1994,1.5
05/02/1994,0.0
06/02/1994,3.5
07/02/1994,3.5
08/02/1994,0.5
09/02/1994,0.0
10/02/1994,0.0
11/02/1994,0.0
12/02/1994,0.0
13/02/1994,0.0
14/02/1994,0.0
15/02/1994,0.0
16/02/1994,0.0
17/02/1994,0.0
18/02/1994,0.0
19/02/1994,0.0
20/02/1994,0.0
21/02/1994,0.0
22/02/1994,0.0
23/02/1994,0.0
24/02/1994,0.0
25/02/1994,0.0
26/02/1994,0.0
27/02/1994,0.0
28/02/1994,1.5
01/03/1994,0.5
02/03/1994,0.0
03/03/1994,0.0
04/03/1994,0.0
05/03/1994,0.0
06/03/1994,0.0
07/03/1994,0.0
08/03/1994,0.0
09/03/1994,0.0
10/03/1994,0.0
11/03/1994,0.0
12/03/1994,0.0
13/03/1994,0.5
14/03/1994,0.0
15/03/1994,0.5
16/03/1994,0.0
17/03/1994,0.5
18/03/1994,0.0
19/03/1994,0.0
20/03/1994,0.5
21/03/1994,0.0
22/03/1994,0.0
23/03/1994,0.0
24/03/1994,0.5
25/03/1994,0.0
26/03/1994,0.0
27/03/1994,0.5
28/03/1994,0.0
29/03/1994,0.0
30/03/1994,0.5
31/03/1994,0.0
01/04/1994,0.0
02/04/1994,0.0
03/04/1994,0.0
04/04/1994,0.0
05/04/1994,0.0
06/04/1994,0.0
07/04/1994,0.0
08/04/1994,15.5
09/04/1994,37.0
10/04/1994,39.5
11/04/1994,0.5
12/04/1994,0.0
13/04/1994,0.0
14/04/1994,0.0
15/04/1994,11.0
16/04/1994,2.5
17/04/1994,0.0
18/04/1994,0.0
19/04/1994,9.5
20/04/1994,2.5
21/04/1994,0.0
22/04/1994,0.0
23/04/1994,0.0
24/04/1994,0.5
25/04/1994,0.0
26/04/1994,0.0
27/04/1994,7.5
28/04/1994,7.5
29/04/1994,14.0
30/04/1994,1.0
01/05/1994,0.0
02/05/1994,2.0
03/05/1994,8.5
04/05/1994,64.0
05/05/1994,34.5
06/05/1994,7.0
07/05/1994,7.5
08/05/1994,52.5
09/05/1994,1.0
10/05/1994,12.5
11/05/1994,34.5
12/05/1994,46.0
13/05/1994,51.5
14/05/1994,0.0
15/05/1994,0.5
16/05/1994,4.0
17/05/1994,2.0
18/05/1994,13.0
19/05/1994,47.0
20/05/1994,0.5
21/05/1994,0.0
22/05/1994,26.5
23/05/1994,1.0
24/05/1994,0.0
25/05/1994,7.0
26/05/1994,1.5
27/05/1994,1.5
28/05/1994,13.5
29/05/1994,12.0
30/05/1994,0.0
31/05/1994,0.0
01/06/1994,53.2
02/06/1994,3.3
03/06/1994,8.0
04/06/1994,57.0
05/06/1994,0.0
06/06/1994,8.5
07/06/1994,0.0
08/06/1994,32.5
09/06/1994,4.0
10/06/1994,0.0
11/06/1994,0.0
12/06/1994,0.0
13/06/1994,53.0
14/06/1994,20.5
15/06/1994,54.0
16/06/1994,19.5
17/06/1994,13.0
18/06/1994,0.5
19/06/1994,0.0
20/06/1994,6.5
21/06/1994,5.0
22/06/1994,29.1
23/06/1994,1.9
24/06/1994,3.5
25/06/1994,7.5
26/06/1994,1.0
27/06/1994,1.8
28/06/1994,116.2
29/06/1994,0.0
30/06/1994,0.5
01/07/1994,61.0
02/07/1994,12.0
03/07/1994,15.5
04/07/1994,37.5
05/07/1994,0.0
06/07/1994,0.0
07/07/1994,0.0
08/07/1994,5.5
09/07/1994,3.0
10/07/1994,0.0
11/07/1994,7.0
12/07/1994,0.0
13/07/1994,8.0
14/07/1994,18.0
15/07/1994,1.0
16/07/1994,0.0
17/07/1994,0.0
18/07/1994,0.0
19/07/1994,6.5
20/07/1994,36.5
21/07/1994,79.5
22/07/1994,0.5
23/07/1994,0.5
24/07/1994,0.0
25/07/1994,7.0
26/07/1994,0.0
27/07/1994,4.0
28/07/1994,2.0
29/07/1994,0.0
30/07/1994,0.0
31/07/1994,0.0
01/08/1994,0.0
02/08/1994,1.5
03/08/1994,22.5
04/08/1994,0.0
05/08/1994,0.0
06/08/1994,7.0
07/08/1994,33.0
08/08/1994,2.0
09/08/1994,34.0
10/08/1994,0.0
11/08/1994,0.0
12/08/1994,28.5
13/08/1994,14.5
14/08/1994,1.0
15/08/1994,0.5
16/08/1994,0.0
17/08/1994,94.0
18/08/1994,0.0
19/08/1994,37.5
20/08/1994,25.0
21/08/1994,19.5
22/08/1994,0.0
23/08/1994,31.0
24/08/1994,46.0
25/08/1994,0.0
26/08/1994,14.4
27/08/1994,39.1
28/08/1994,0.5
29/08/1994,9.0
30/08/1994,1.5
31/08/1994,0.0
01/09/1994,64.5
02/09/1994,41.0
03/09/1994,6.5
04/09/1994,0.0
05/09/1994,2.5
06/09/1994,1.5
07/09/1994,0.0
08/09/1994,6.5
09/09/1994,18.0
10/09/1994,31.0
11/09/1994,0.5
12/09/1994,9.5
13/09/1994,2.0
14/09/1994,1.5
15/09/1994,7.5
16/09/1994,1.0
17/09/1994,39.0
18/09/1994,28.0
19/09/1994,0.0
20/09/1994,2.5
21/09/1994,0.0
22/09/1994,0.0
23/09/1994,5.0
24/09/1994,4.0
25/09/1994,2.0
26/09/1994,5.5
27/09/1994,0.0
28/09/1994,0.0
29/09/1994,22.5
30/09/1994,0.0
01/10/1994,0.0
02/10/1994,4.0
03/10/1994,5.0
04/10/1994,0.0
05/10/1994,4.5
06/10/1994,0.0
07/10/1994,0.0
08/10/1994,0.0
09/10/1994,31.0
10/10/1994,0.5
11/10/1994,0.0
12/10/1994,0.5
13/10/1994,8.0
14/10/1994,0.0
15/10/1994,53.0
16/10/1994,0.0
17/10/1994,0.0
18/10/1994,1.0
19/10/1994,0.0
20/10/1994,36.5
21/10/1994,1.0
22/10/1994,101.0
23/10/1994,23.0
24/10/1994,0.0
25/10/1994,2.0
26/10/1994,0.0
27/10/1994,44.0
28/10/1994,0.5
29/10/1994,23.5
30/10/1994,1.0
31/10/1994,66.0
01/11/1994,35.0
02/11/1994,44.9
03/11/1994,134.1
04/11/1994,1.5
05/11/1994,13.5
06/11/1994,17.5
07/11/1994,37.8
08/11/1994,196.8
09/11/1994,26.4
10/11/1994,69.0
11/11/1994,29.0
12/11/1994,7.0
13/11/1994,94.0
14/11/1994,50.5
15/11/1994,33.0
16/11/1994,7.5
17/11/1994,67.5
18/11/1994,374.0
19/11/1994,92.5
20/11/1994,123.5
21/11/1994,152.5
22/11/1994,33.5
23/11/1994,214.9
24/11/1994,76.6
25/11/1994,52.0
26/11/1994,205.0
27/11/1994,215.5
28/11/1994,1.5
29/11/1994,7.0
30/11/1994,25.0
01/12/1994,1.0
02/12/1994,8.5
03/12/1994,38.0
04/12/1994,24.0
05/12/1994,4.0
06/12/1994,82.0
07/12/1994,0.0
08/12/1994,0.0
09/12/1994,0.0
10/12/1994,0.0
11/12/1994,0.0
12/12/1994,0.0
13/12/1994,0.0
14/12/1994,0.0
15/12/1994,31.5
16/12/1994,36.5
17/12/1994,10.0
18/12/1994,16.5
19/12/1994,76.8
20/12/1994,37.2
21/12/1994,11.0
22/12/1994,55.0
23/12/1994,1.5
24/12/1994,2.0
25/12/1994,0.0
26/12/1994,0.0
27/12/1994,24.0
28/12/1994,5.5
29/12/1994,7.0
30/12/1994,6.0
31/12/1994,28.0
01/01/1995,32.5
02/01/1995,5.5
03/01/1995,3.5
04/01/1995,10.5
05/01/1995,54.0
06/01/1995,11.0
07/01/1995,3.4
08/01/1995,5.6
09/01/1995,28.0
10/01/1995,13.5
11/01/1995,6.0
12/01/1995,0.0
13/01/1995,2.0
14/01/1995,0.0
15/01/1995,8.0
16/01/1995,29.7
17/01/1995,52.8
18/01/1995,13.5
19/01/1995,33.5
20/01/1995,11.0
21/01/1995,0.0
22/01/1995,0.0
23/01/1995,0.0
24/01/1995,0.0
25/01/1995,55.5
26/01/1995,44.0
27/01/1995,2.5
28/01/1995,0.0
29/01/1995,6.5
30/01/1995,7.5
31/01/1995,28.9
01/02/1995,14.1
02/02/1995,20.2
03/02/1995,5.3
04/02/1995,10.5
05/02/1995,6.7
06/02/1995,18.3
07/02/1995,0.0
08/02/1995,1.0
09/02/1995,0.0
10/02/1995,0.0
11/02/1995,6.5
12/02/1995,0.0
13/02/1995,0.0
14/02/1995,0.0
15/02/1995,0.0
16/02/1995,0.0
17/02/1995,0.0
18/02/1995,0.0
19/02/1995,0.0
20/02/1995,0.0
21/02/1995,0.0
22/02/1995,0.0
23/02/1995,0.0
24/02/1995,22.0
25/02/1995,16.5
26/02/1995,42.0
27/02/1995,73.5
28/02/1995,4.0
01/03/1995,0.0
02/03/1995,0.0
03/03/1995,0.0
04/03/1995,0.0
05/03/1995,0.0
06/03/1995,0.0
07/03/1995,0.0
08/03/1995,0.0
09/03/1995,0.0
10/03/1995,0.0
11/03/1995,3.0
12/03/1995,0.0
13/03/1995,0.0
14/03/1995,0.0
15/03/1995,0.5
16/03/1995,1.0
17/03/1995,0.0
18/03/1995,0.0
19/03/1995,7.5
20/03/1995,2.0
21/03/1995,2.5
22/03/1995,24.5
23/03/1995,0.0
24/03/1995,16.0
25/03/1995,1.5
26/03/1995,1.5
27/03/1995,0.0
28/03/1995,0.5
29/03/1995,8.5
30/03/1995,0.0
31/03/1995,0.0
01/04/1995,0.0
02/04/1995,0.0
03/04/1995,0.0
04/04/1995,0.0
05/04/1995,0.0
06/04/1995,0.0
07/04/1995,0.0
08/04/1995,0.0
09/04/1995,0.0
10/04/1995,0.0
11/04/1995,0.0
12/04/1995,0.0
13/04/1995,0.0
14/04/1995,0.0
15/04/1995,2.5
16/04/1995,0.0
17/04/1995,0.0
18/04/1995,0.0
19/04/1995,0.0
20/04/1995,0.0
21/04/1995,0.5
22/04/1995,0.0
23/04/1995,0.0
24/04/1995,0.0
25/04/1995,0.0
26/04/1995,10.5
27/04/1995,14.5
28/04/1995,42.0
29/04/1995,7.0
30/04/1995,3.5
01/05/1995,0.0
02/05/1995,0.5
03/05/1995,1.0
04/05/1995,0.0
05/05/1995,0.0
06/05/1995,0.0
07/05/1995,17.4
08/05/1995,0.6
09/05/1995,0.0
10/05/1995,16.0
11/05/1995,3.0
12/05/1995,0.0
13/05/1995,13.0
14/05/1995,0.0
15/05/1995,11.5
16/05/1995,0.0
17/05/1995,66.0
18/05/1995,60.0
19/05/1995,8.0
20/05/1995,10.0
21/05/1995,0.0
22/05/1995,4.5
23/05/1995,0.0
24/05/1995,0.5
25/05/1995,14.0
26/05/1995,0.0
27/05/1995,5.5
28/05/1995,1.5
29/05/1995,2.5
30/05/1995,0.0
31/05/1995,0.0
01/06/1995,9.0
02/06/1995,12.5
03/06/1995,2.5
04/06/1995,22.6
05/06/1995,9.4
06/06/1995,0.0
07/06/1995,12.0
08/06/1995,78.8
09/06/1995,26.7
10/06/1995,18.5
11/06/1995,2.5
12/06/1995,14.0
13/06/1995,0.0
14/06/1995,10.5
15/06/1995,25.0
16/06/1995,58.0
17/06/1995,0.0
18/06/1995,59.5
19/06/1995,0.0
20/06/1995,0.0
21/06/1995,6.5
22/06/1995,0.0
23/06/1995,0.0
24/06/1995,19.5
25/06/1995,0.0
26/06/1995,0.0
27/06/1995,0.0
28/06/1995,9.5
29/06/1995,2.5
30/06/1995,0.0
01/07/1995,8.5
02/07/1995,17.5
03/07/1995,8.0
04/07/1995,40.0
05/07/1995,0.0
06/07/1995,0.0
07/07/1995,0.0
08/07/1995,0.0
09/07/1995,6.0
10/07/1995,0.5
11/07/1995,0.0
12/07/1995,1.0
13/07/1995,1.5
14/07/1995,0.5
15/07/1995,3.0
16/07/1995,24.5
17/07/1995,20.0
18/07/1995,0.0
19/07/1995,2.0
20/07/1995,5.5
21/07/1995,13.0
22/07/1995,1.5
23/07/1995,0.0
24/07/1995,20.5
25/07/1995,0.5
26/07/1995,5.5
27/07/1995,4.5
28/07/1995,41.0
29/07/1995,7.0
30/07/1995,4.5
31/07/1995,38.5
01/08/1995,0.0
02/08/1995,2.0
03/08/1995,29.0
04/08/1995,4.0
05/08/1995,2.0
06/08/1995,1.5
07/08/1995,35.5
08/08/1995,8.5
09/08/1995,1.0
10/08/1995,35.0
11/08/1995,1.5
12/08/1995,0.5
13/08/1995,25.5
14/08/1995,21.0
15/08/1995,0.5
16/08/1995,3.0
17/08/1995,0.0
18/08/1995,25.0
19/08/1995,58.5
20/08/1995,30.5
21/08/1995,12.5
22/08/1995,0.0
23/08/1995,6.5
24/08/1995,13.5
25/08/1995,6.0
26/08/1995,47.5
27/08/1995,0.0
28/08/1995,1.0
29/08/1995,2.5
30/08/1995,0.0
31/08/1995,3.5
01/09/1995,0.0
02/09/1995,0.0
03/09/1995,9.0
04/09/1995,24.5
05/09/1995,0.0
06/09/1995,10.0
07/09/1995,7.0
08/09/1995,6.0
09/09/1995,26.5
10/09/1995,0.0
11/09/1995,7.5
12/09/1995,8.5
13/09/1995,0.0
14/09/1995,10.0
15/09/1995,0.0
16/09/1995,45.5
17/09/1995,62.7
18/09/1995,2.8
19/09/1995,0.0
20/09/1995,25.0
21/09/1995,9.5
22/09/1995,0.0
23/09/1995,0.0
24/09/1995,0.0
25/09/1995,22.0
26/09/1995,3.0
27/09/1995,0.5
28/09/1995,12.0
29/09/1995,46.5
30/09/1995,19.0
01/10/1995,34.0
02/10/1995,17.0
03/10/1995,7.0
04/10/1995,0.0
05/10/1995,8.0
06/10/1995,0.0
07/10/1995,0.0
08/10/1995,41.5
09/10/1995,20.0
10/10/1995,1.5
11/10/1995,46.5
12/10/1995,19.5
13/10/1995,0.0
14/10/1995,21.0
15/10/1995,10.0
16/10/1995,43.0
17/10/1995,0.0
18/10/1995,7.0
19/10/1995,0.0
20/10/1995,0.0
21/10/1995,2.0
22/10/1995,0.0
23/10/1995,0.0
24/10/1995,0.0
25/10/1995,8.0
26/10/1995,0.0
27/10/1995,0.0
28/10/1995,0.0
29/10/1995,18.0
30/10/1995,0.0
31/10/1995,0.0
01/11/1995,93.0
02/11/1995,40.0
03/11/1995,99.0
04/11/1995,108.0
05/11/1995,0.0
06/11/1995,96.5
07/11/1995,15.5
08/11/1995,3.5
09/11/1995,2.8
10/11/1995,11.2
11/11/1995,1.0
12/11/1995,54.0
13/11/1995,25.0
14/11/1995,6.3
15/11/1995,60.5
16/11/1995,96.2
17/11/1995,152.8
18/11/1995,51.3
19/11/1995,47.9
20/11/1995,72.5
21/11/1995,75.5
22/11/1995,8.0
23/11/1995,77.5
24/11/1995,180.0
25/11/1995,1.0
26/11/1995,0.0
27/11/1995,0.0
28/11/1995,0.0
29/11/1995,0.0
30/11/1995,0.0
01/12/1995,0.4
02/12/1995,17.1
03/12/1995,83.0
04/12/1995,29.5
05/12/1995,4.0
06/12/1995,16.0
07/12/1995,4.0
08/12/1995,25.0
09/12/1995,0.0
10/12/1995,1.0
11/12/1995,0.0
12/12/1995,0.0
13/12/1995,0.0
14/12/1995,0.0
15/12/1995,0.0
16/12/1995,0.0
17/12/1995,0.0
18/12/1995,0.0
19/12/1995,12.0
20/12/1995,39.0
21/12/1995,66.5
22/12/1995,105.0
23/12/1995,95.2
24/12/1995,73.3
25/12/1995,30.0
26/12/1995,20.0
27/12/1995,120.9
28/12/1995,46.2
29/12/1995,35.4
30/12/1995,21.5
31/12/1995,3.0
23/07/1998,2.6
24/07/1998,30.3
25/07/1998,1.8
26/07/1998,37.5
27/07/1998,0.6
28/07/1998,0.0
29/07/1998,1.1
30/07/1998,10.3
31/07/1998,1.9
01/08/1998,1.0
02/08/1998,54.6
03/08/1998,0.0
04/08/1998,0.0
05/08/1998,0.0
06/08/1998,12.1
07/08/1998,15.8
08/08/1998,20.4
09/08/1998,5.7
10/08/1998,10.0
11/08/1998,15.7
12/08/1998,19.9
13/08/1998,10.4
14/08/1998,2.9
15/08/1998,2.8
16/08/1998,0.0
17/08/1998,0.0
18/08/1998,0.0
19/08/1998,0.0
20/08/1998,0.0
21/08/1998,10.2
22/08/1998,0.0
23/08/1998,0.0
24/08/1998,0.0
25/08/1998,29.0
26/08/1998,0.0
27/08/1998,0.5
28/08/1998,16.2
29/08/1998,0.0
30/08/1998,73.7
31/08/1998,0.6
01/09/1998,18.7
02/09/1998,6.9
03/09/1998,1.8
04/09/1998,0.6
05/09/1998,36.9
06/09/1998,35.4
07/09/1998,0.2
08/09/1998,0.0
09/09/1998,17.2
10/09/1998,0.7
11/09/1998,0.9
12/09/1998,32.1
13/09/1998,15.3
14/09/1998,23.1
15/09/1998,5.9
16/09/1998,22.7
17/09/1998,11.6
18/09/1998,19.3
19/09/1998,2.7
20/09/1998,48.7
21/09/1998,11.1
22/09/1998,0.4
23/09/1998,2.8
24/09/1998,0.8
25/09/1998,7.1
26/09/1998,0.0
27/09/1998,0.0
28/09/1998,0.0
29/09/1998,0.0
30/09/1998,0.0
01/10/1998,0.0
02/10/1998,0.0
03/10/1998,0.0
04/10/1998,0.0
05/10/1998,0.0
06/10/1998,0.0
07/10/1998,0.0
08/10/1998,0.0
09/10/1998,0.0
10/10/1998,0.0
11/10/1998,0.0
12/10/1998,0.0
13/10/1998,2.9
14/10/1998,15.5
15/10/1998,68.1
16/10/1998,0.8
17/10/1998,0.0
18/10/1998,0.0
19/10/1998,9.9
20/10/1998,0.0
21/10/1998,30.3
22/10/1998,0.0
23/10/1998,4.1
24/10/1998,0.7
25/10/1998,52.9
26/10/1998,20.3
27/10/1998,3.3
28/10/1998,3.8
29/10/1998,26.2
30/10/1998,0.0
31/10/1998,46.5
01/11/1998,15.1
02/11/1998,30.6
03/11/1998,0.0
04/11/1998,48.5
05/11/1998,26.6
06/11/1998,0.6
07/11/1998,9.6
08/11/1998,0.0
09/11/1998,0.0
10/11/1998,8.1
11/11/1998,60.7
12/11/1998,0.0
13/11/1998,0.0
14/11/1998,0.0
15/11/1998,57.7
16/11/1998,3.0
17/11/1998,1.2
18/11/1998,23.4
19/11/1998,5.5
20/11/1998,0.7
21/11/1998,0.6
22/11/1998,0.5
23/11/1998,1.2
24/11/1998,3.5
25/11/1998,0.6
26/11/1998,8.5
27/11/1998,38.7
28/11/1998,19.8
29/11/1998,2.3
30/11/1998,13.6
01/12/1998,0.0
02/12/1998,0.0
03/12/1998,0.0
04/12/1998,0.0
05/12/1998,0.0
06/12/1998,0.0
07/12/1998,0.0
08/12/1998,0.0
09/12/1998,0.0
10/12/1998,0.0
11/12/1998,0.0
12/12/1998,0.0
13/12/1998,0.0
14/12/1998,13.1
15/12/1998,12.1
16/12/1998,9.5
17/12/1998,11.5
18/12/1998,13.8
19/12/1998,0.0
20/12/1998,0.0
21/12/1998,0.0
22/12/1998,0.0
23/12/1998,12.7
24/12/1998,1.5
25/12/1998,69.8
26/12/1998,50.8
27/12/1998,71.6
28/12/1998,162.1
29/12/1998,24.7
30/12/1998,63.0
31/12/1998,98.8
01/01/1999,22.1
02/01/1999,13.9
03/01/1999,63.0
04/01/1999,0.7
05/01/1999,0.0
06/01/1999,0.0
07/01/1999,0.0
08/01/1999,8.5
09/01/1999,1.2
10/01/1999,9.9
11/01/1999,0.0
12/01/1999,0.5
13/01/1999,9.5
14/01/1999,8.5
15/01/1999,28.7
16/01/1999,39.8
17/01/1999,65.2
18/01/1999,36.1
19/01/1999,51.1
20/01/1999,13.5
21/01/1999,16.7
22/01/1999,50.2
23/01/1999,69.6
24/01/1999,16.9
25/01/1999,25.3
26/01/1999,9.9
27/01/1999,27.0
28/01/1999,24.3
29/01/1999,23.5
30/01/1999,5.4
31/01/1999,97.7
01/02/1999,19.7
02/02/1999,4.6
03/02/1999,20.4
04/02/1999,15.1
05/02/1999,18.9
06/02/1999,1.2
07/02/1999,0.5
08/02/1999,2.7
09/02/1999,0.0
10/02/1999,24.1
11/02/1999,266.8
12/02/1999,44.9
13/02/1999,155.6
14/02/1999,54.8
15/02/1999,0.6
16/02/1999,3.1
17/02/1999,5.5
18/02/1999,0.0
19/02/1999,0.0
20/02/1999,8.1
21/02/1999,23.9
22/02/1999,8.1
23/02/1999,2.1
24/02/1999,9.3
25/02/1999,4.1
26/02/1999,0.5
27/02/1999,0.0
28/02/1999,39.0
01/03/1999,35.9
02/03/1999,0.0
03/03/1999,5.8
04/03/1999,28.4
05/03/1999,6.2
06/03/1999,0.5
07/03/1999,116.8
08/03/1999,0.0
09/03/1999,0.0
10/03/1999,0.0
11/03/1999,0.0
12/03/1999,0.0
13/03/1999,0.0
14/03/1999,0.0
15/03/1999,0.0
16/03/1999,0.0
17/03/1999,0.0
18/03/1999,0.0
19/03/1999,0.0
20/03/1999,2.1
21/03/1999,0.6
22/03/1999,0.6
23/03/1999,18.3
24/03/1999,0.0
25/03/1999,16.1
26/03/1999,0.8
27/03/1999,1.8
28/03/1999,0.0
29/03/1999,0.0
30/03/1999,0.6
31/03/1999,0.4
01/04/1999,0.0
02/04/1999,8.3
03/04/1999,1.8
04/04/1999,14.9
05/04/1999,0.0
06/04/1999,0.0
07/04/1999,0.9
08/04/1999,6.9
09/04/1999,10.6
10/04/1999,0.6
11/04/1999,24.5
12/04/1999,1.6
13/04/1999,0.0
14/04/1999,5.0
15/04/1999,42.6
16/04/1999,3.9
17/04/1999,2.3
18/04/1999,2.0
19/04/1999,5.7
20/04/1999,2.7
21/04/1999,2.7
22/04/1999,0.0
23/04/1999,0.0
24/04/1999,0.0
25/04/1999,0.0
26/04/1999,0.0
27/04/1999,0.0
28/04/1999,0.0
29/04/1999,0.0
30/04/1999,0.0
01/05/1999,0.0
02/05/1999,24.1
03/05/1999,32.8
04/05/1999,0.0
05/05/1999,0.6
06/05/1999,3.7
07/05/1999,13.7
08/05/1999,2.0
09/05/1999,2.2
10/05/1999,0.6
11/05/1999,1.3
12/05/1999,0.0
13/05/1999,0.0
14/05/1999,0.0
15/05/1999,2.6
16/05/1999,0.0
17/05/1999,0.0
18/05/1999,0.0
19/05/1999,0.0
20/05/1999,107.1
21/05/1999,41.3
22/05/1999,44.1
23/05/1999,0.0
24/05/1999,40.4
25/05/1999,10.5
26/05/1999,0.8
27/05/1999,1.9
28/05/1999,0.6
29/05/1999,0.0
30/05/1999,8.1
31/05/1999,18.5
01/06/1999,0.0
02/06/1999,28.3
03/06/1999,0.0
04/06/1999,0.0
05/06/1999,0.0
06/06/1999,0.0
07/06/1999,1.9
08/06/1999,0.0
09/06/1999,32.6
10/06/1999,35.2
11/06/1999,7.6
12/06/1999,2.3
13/06/1999,0.0
14/06/1999,0.6
15/06/1999,46.1
16/06/1999,32.2
17/06/1999,0.0
18/06/1999,0.0
19/06/1999,43.3
20/06/1999,1.6
21/06/1999,5.5
22/06/1999,55.2
23/06/1999,0.0
24/06/1999,1.3
25/06/1999,80.3
26/06/1999,1.7
11/07/1999,2.5
12/07/1999,0.0
13/07/1999,0.0
14/07/1999,11.2
15/07/1999,17.3
16/07/1999,2.6
17/07/1999,29.1
18/07/1999,0.7
19/07/1999,1.1
20/07/1999,23.7
21/07/1999,5.9
22/07/1999,2.1
23/07/1999,11.3
24/07/1999,0.0
25/07/1999,0.0
26/07/1999,0.0
27/07/1999,0.0
28/07/1999,0.0
29/07/1999,4.5
30/07/1999,2.7
31/07/1999,1.7
01/08/1999,0.0
02/08/1999,3.6
03/08/1999,0.5
04/08/1999,0.0
05/08/1999,3.7
06/08/1999,28.2
07/08/1999,0.0
08/08/1999,0.0
09/08/1999,0.0
10/08/1999,12.0
11/08/1999,0.4
12/08/1999,2.6
13/08/1999,12.5
14/08/1999,11.1
15/08/1999,3.7
16/08/1999,0.0
17/08/1999,0.0
18/08/1999,0.0
19/08/1999,0.0
05/09/1999,0.5
13/10/1999,37.2
14/10/1999,10.9
15/10/1999,0.7
16/10/1999,1.1
17/10/1999,4.3
18/10/1999,43.2
19/10/1999,0.7
20/10/1999,10.4
21/10/1999,2.9
22/10/1999,2.5
23/10/1999,0.5
24/10/1999,20.7
25/10/1999,6.4
26/10/1999,6.1
27/10/1999,22.4
28/10/1999,12.3
29/10/1999,2.8
30/10/1999,0.4
31/10/1999,4.2
01/11/1999,0.5
02/11/1999,3.1
03/11/1999,0.0
04/11/1999,0.0
05/11/1999,0.0
06/11/1999,0.0
07/11/1999,0.0
08/11/1999,11.7
09/11/1999,1.6
10/11/1999,0.0
11/11/1999,3.1
12/11/1999,0.0
13/11/1999,0.0
14/11/1999,6.9
15/11/1999,11.0
16/11/1999,10.3
17/11/1999,46.0
18/11/1999,50.1
19/11/1999,115.4
20/11/1999,100.5
21/11/1999,32.8
22/11/1999,2.0
23/11/1999,0.0
24/11/1999,0.0
25/11/1999,19.4
26/11/1999,4.7
27/11/1999,6.6
28/11/1999,32.4
29/11/1999,53.0
30/11/1999,82.9
01/12/1999,4.5
02/12/1999,6.7
03/12/1999,24.0
04/12/1999,46.2
05/12/1999,18.6
06/12/1999,60.2
07/12/1999,68.2
08/12/1999,85.4
09/12/1999,3.3
10/12/1999,0.0
11/12/1999,8.0
12/12/1999,37.5
13/12/1999,81.3
14/12/1999,54.5
15/12/1999,64.2
16/12/1999,0.0
17/12/1999,0.0
18/12/1999,0.0
19/12/1999,55.5
20/12/1999,26.6
21/12/1999,19.8
22/12/1999,53.9
23/12/1999,82.2
24/12/1999,14.6
25/12/1999,0.0
26/12/1999,0.0
27/12/1999,0.5
28/12/1999,9.3
29/12/1999,16.6
30/12/1999,22.8
31/12/1999,37.9
01/01/2000,43.8
02/01/2000,64.8
03/01/2000,57.1
04/01/2000,31.8
05/01/2000,3.6
06/01/2000,13.6
07/01/2000,5.7
08/01/2000,1.7
09/01/2000,0.0
10/01/2000,0.9
11/01/2000,55.9
12/01/2000,5.1
13/01/2000,3.5
14/01/2000,0.0
15/01/2000,0.0
16/01/2000,2.1
17/01/2000,0.7
18/01/2000,2.0
19/01/2000,17.9
20/01/2000,5.7
21/01/2000,0.4
22/01/2000,0.0
23/01/2000,2.4
24/01/2000,17.5
25/01/2000,18.0
26/01/2000,2.4
27/01/2000,1.4
28/01/2000,17.3
29/01/2000,31.7
30/01/2000,45.6
31/01/2000,52.7
01/02/2000,9.7
02/02/2000,6.9
03/02/2000,0.0
04/02/2000,0.0
05/02/2000,0.0
06/02/2000,0.0
07/02/2000,0.0
08/02/2000,25.3
09/02/2000,2.0
10/02/2000,0.0
11/02/2000,0.0
12/02/2000,0.0
13/02/2000,1.4
14/02/2000,2.6
15/02/2000,2.0
16/02/2000,23.3
17/02/2000,2.8
18/02/2000,11.0
19/02/2000,1.0
20/02/2000,0.0
21/02/2000,3.8
22/02/2000,0.3
23/02/2000,0.0
24/02/2000,0.0
25/02/2000,0.5
26/02/2000,5.1
27/02/2000,6.8
28/02/2000,71.5
29/02/2000,110.4
01/03/2000,178.3
02/03/2000,74.2
03/03/2000,163.6
04/03/2000,15.3
05/03/2000,0.0
06/03/2000,0.0
07/03/2000,0.4
08/03/2000,0.0
09/03/2000,0.0
10/03/2000,0.0
11/03/2000,3.5
12/03/2000,34.4
13/03/2000,0.0
14/03/2000,0.0
15/03/2000,0.0
16/03/2000,0.0
17/03/2000,0.0
18/03/2000,0.0
19/03/2000,0.0
20/03/2000,0.0
21/03/2000,0.0
22/03/2000,0.0
23/03/2000,0.0
24/03/2000,14.2
25/03/2000,96.5
26/03/2000,103.5
27/03/2000,41.1
28/03/2000,37.3
29/03/2000,1.7
30/03/2000,0.6
31/03/2000,0.0
01/04/2000,0.0
02/04/2000,0.0
03/04/2000,0.0
04/04/2000,0.0
05/04/2000,0.0
06/04/2000,0.0
07/04/2000,0.0
08/04/2000,0.0
09/04/2000,0.0
10/04/2000,30.7
11/04/2000,43.5
12/04/2000,13.0
13/04/2000,0.0
14/04/2000,3.2
15/04/2000,1.8
16/04/2000,2.9
17/04/2000,0.0
18/04/2000,0.0
19/04/2000,1.0
20/04/2000,4.8
21/04/2000,31.3
22/04/2000,5.3
23/04/2000,23.2
24/04/2000,10.4
25/04/2000,0.0
26/04/2000,0.0
27/04/2000,0.0
28/04/2000,0.0
29/04/2000,0.0
30/04/2000,2.6
01/05/2000,35.2
02/05/2000,26.0
03/05/2000,0.0
04/05/2000,0.0
05/05/2000,0.0
06/05/2000,8.7
07/05/2000,21.0
08/05/2000,0.0
09/05/2000,43.8
10/05/2000,9.5
11/05/2000,21.8
12/05/2000,0.5
13/05/2000,0.0
14/05/2000,0.0
15/05/2000,2.6
16/05/2000,29.5
17/05/2000,2.2
18/05/2000,0.0
19/05/2000,19.3
20/05/2000,2.5
21/05/2000,0.0
22/05/2000,8.0
23/05/2000,28.5
24/05/2000,16.3
25/05/2000,13.1
26/05/2000,0.0
27/05/2000,0.0
28/05/2000,17.1
29/05/2000,16.1
30/05/2000,21.9
31/05/2000,1.6
01/06/2000,26.3
02/06/2000,0.7
03/06/2000,2.6
04/06/2000,41.3
05/06/2000,0.2
06/06/2000,0.0
07/06/2000,0.0
08/06/2000,3.2
09/06/2000,0.0
10/06/2000,0.0
11/06/2000,17.0
12/06/2000,0.6
13/06/2000,26.0
14/06/2000,3.8
15/06/2000,0.7
16/06/2000,0.0
17/06/2000,0.0
18/06/2000,38.5
19/06/2000,3.3
20/06/2000,0.0
21/06/2000,34.6
22/06/2000,6.3
23/06/2000,0.0
24/06/2000,8.2
25/06/2000,0.4
26/06/2000,73.2
27/06/2000,31.6
28/06/2000,0.0
29/06/2000,4.1
30/06/2000,0.0
01/07/2000,0.0
02/07/2000,0.0
03/07/2000,0.0
04/07/2000,6.4
05/07/2000,1.5
06/07/2000,0.0
07/07/2000,0.0
08/07/2000,0.0
09/07/2000,0.0
10/07/2000,0.0
11/07/2000,0.0
12/07/2000,0.0
13/07/2000,0.0
14/07/2000,0.0
15/07/2000,0.0
16/07/2000,0.0
17/07/2000,0.0
18/07/2000,0.0
19/07/2000,1.6
20/07/2000,0.0
21/07/2000,0.0
22/07/2000,24.1
23/07/2000,1.5
24/07/2000,0.7
25/07/2000,0.5
26/07/2000,0.0
27/07/2000,5.5
28/07/2000,5.0
29/07/2000,0.0
30/07/2000,20.8
31/07/2000,30.3
01/08/2000,1.6
02/08/2000,50.9
03/08/2000,16.7
04/08/2000,3.3
05/08/2000,19.0
06/08/2000,47.2
07/08/2000,2.7
08/08/2000,14.8
09/08/2000,0.0
10/08/2000,0.0
11/08/2000,0.0
12/08/2000,30.4
13/08/2000,33.2
14/08/2000,0.9
15/08/2000,27.1
16/08/2000,0.0
17/08/2000,0.0
18/08/2000,0.0
19/08/2000,0.0
20/08/2000,1.8
21/08/2000,2.6
22/08/2000,0.0
23/08/2000,0.0
24/08/2000,0.0
25/08/2000,10.5
26/08/2000,0.5
27/08/2000,5.2
28/08/2000,17.5
29/08/2000,0.0
30/08/2000,0.0
31/08/2000,0.0
01/09/2000,0.6
02/09/2000,0.0
03/09/2000,4.4
04/09/2000,15.7
05/09/2000,0.0
06/09/2000,43.0
07/09/2000,0.8
08/09/2000,1.9
09/09/2000,19.0
10/09/2000,8.9
11/09/2000,0.0
12/09/2000,0.0
13/09/2000,4.8
14/09/2000,4.0
15/09/2000,32.1
16/09/2000,62.1
17/09/2000,14.8
18/09/2000,0.9
19/09/2000,0.0
20/09/2000,0.0
21/09/2000,4.2
22/09/2000,88.4
23/09/2000,57.3
24/09/2000,0.0
25/09/2000,3.0
26/09/2000,0.0
27/09/2000,14.9
28/09/2000,0.0
29/09/2000,24.0
30/09/2000,0.0
01/10/2000,4.0
02/10/2000,4.2
03/10/2000,1.6
04/10/2000,11.1
05/10/2000,25.1
06/10/2000,5.3
07/10/2000,0.0
08/10/2000,13.8
09/10/2000,0.9
10/10/2000,0.0
11/10/2000,0.0
12/10/2000,0.0
13/10/2000,0.0
14/10/2000,0.0
15/10/2000,0.0
16/10/2000,25.6
17/10/2000,24.8
18/10/2000,1.2
19/10/2000,35.9
20/10/2000,0.0
21/10/2000,0.0
22/10/2000,0.0
23/10/2000,1.1
24/10/2000,0.0
25/10/2000,0.0
26/10/2000,0.0
27/10/2000,9.4
28/10/2000,51.6
29/10/2000,4.6
30/10/2000,0.0
31/10/2000,0.4
01/11/2000,23.8
02/11/2000,3.6
03/11/2000,37.2
04/11/2000,0.0
05/11/2000,13.1
06/11/2000,0.0
07/11/2000,17.5
08/11/2000,20.6
09/11/2000,1.2
10/11/2000,0.0
11/11/2000,6.8
12/11/2000,0.8
13/11/2000,0.0
14/11/2000,74.7
15/11/2000,175.7
16/11/2000,56.5
17/11/2000,0.6
18/11/2000,19.6
19/11/2000,51.8
20/11/2000,20.7
21/11/2000,98.6
22/11/2000,433.7
23/11/2000,18.4
24/11/2000,2.0
25/11/2000,0.0
26/11/2000,10.9
27/11/2000,9.1
28/11/2000,7.1
29/11/2000,3.6
30/11/2000,12.0
01/12/2000,31.9
02/12/2000,0.7
03/12/2000,0.0
04/12/2000,0.0
05/12/2000,0.0
06/12/2000,0.0
07/12/2000,0.0
08/12/2000,0.0
09/12/2000,0.0
10/12/2000,0.0
11/12/2000,44.3
12/12/2000,0.0
13/12/2000,0.6
14/12/2000,45.5
15/12/2000,27.1
16/12/2000,30.6
17/12/2000,86.9
18/12/2000,26.5
19/12/2000,58.6
20/12/2000,11.5
21/12/2000,67.8
22/12/2000,73.8
23/12/2000,1.2
24/12/2000,3.9
25/12/2000,0.0
26/12/2000,5.6
27/12/2000,2.9
28/12/2000,61.5
29/12/2000,45.9
30/12/2000,107.3
31/12/2000,41.0
01/01/2001,19.5
02/01/2001,7.1
03/01/2001,0.5
04/01/2001,4.9
05/01/2001,0.5
06/01/2001,37.2
07/01/2001,40.5
08/01/2001,0.0
09/01/2001,0.0
10/01/2001,0.0
11/01/2001,0.0
12/01/2001,0.0
13/01/2001,93.5
14/01/2001,61.7
15/01/2001,33.6
16/01/2001,16.7
17/01/2001,59.1
18/01/2001,333.5
19/01/2001,34.7
20/01/2001,9.9
21/01/2001,15.7
22/01/2001,12.1
23/01/2001,1.1
24/01/2001,8.4
25/01/2001,14.0
26/01/2001,4.2
27/01/2001,0.0
28/01/2001,0.0
29/01/2001,0.0
30/01/2001,9.5
31/01/2001,1.3
01/02/2001,0.0
02/02/2001,0.0
03/02/2001,0.0
04/02/2001,0.0
05/02/2001,3.0
06/02/2001,2.8
07/02/2001,0.0
08/02/2001,9.0
09/02/2001,1.0
10/02/2001,0.0
11/02/2001,0.0
12/02/2001,0.0
13/02/2001,10.2
14/02/2001,84.4
15/02/2001,8.5
16/02/2001,0.6
17/02/2001,0.0
18/02/2001,0.0
19/02/2001,0.0
20/02/2001,0.0
21/02/2001,0.0
22/02/2001,0.0
23/02/2001,0.0
24/02/2001,0.0
25/02/2001,0.0
26/02/2001,0.0
27/02/2001,0.0
28/02/2001,0.0
12/03/2001,3.8
13/03/2001,40.7
14/03/2001,13.2
15/03/2001,0.0
16/03/2001,65.2
17/03/2001,0.0
18/03/2001,0.0
19/03/2001,0.0
20/03/2001,5.7
21/03/2001,20.6
22/03/2001,20.5
23/03/2001,1.9
24/03/2001,63.7
25/03/2001,7.8
26/03/2001,13.2
27/03/2001,77.6
28/03/2001,1.4
29/03/2001,5.2
30/03/2001,1.6
31/03/2001,0.0
01/04/2001,0.0
02/04/2001,0.0
03/04/2001,5.8
04/04/2001,0.0
05/04/2001,0.8
06/04/2001,2.1
07/04/2001,0.2
08/04/2001,0.0
09/04/2001,0.0
10/04/2001,0.0
11/04/2001,0.0
12/04/2001,0.0
13/04/2001,3.7
14/04/2001,0.0
15/04/2001,6.4
16/04/2001,0.0
17/04/2001,0.0
18/04/2001,0.0
19/04/2001,0.0
20/04/2001,0.0
21/04/2001,0.0
22/04/2001,0.0
23/04/2001,0.0
24/04/2001,0.0
25/04/2001,0.0
26/04/2001,1.6
27/04/2001,0.0
28/04/2001,2.1
29/04/2001,38.7
30/04/2001,0.4
01/05/2001,27.7
02/05/2001,25.2
03/05/2001,1.6
04/05/2001,3.4
05/05/2001,0.0
06/05/2001,24.8
07/05/2001,9.5
08/05/2001,15.4
09/05/2001,0.0
10/05/2001,4.6
11/05/2001,3.4
12/05/2001,44.0
13/05/2001,0.0
14/05/2001,0.0
15/05/2001,0.0
16/05/2001,2.5
17/05/2001,0.0
18/05/2001,1.3
19/05/2001,0.3
20/05/2001,0.0
21/05/2001,3.4
22/05/2001,1.1
23/05/2001,58.7
24/05/2001,38.6
25/05/2001,3.0
26/05/2001,0.5
27/05/2001,21.4
28/05/2001,0.0
29/05/2001,0.0
30/05/2001,3.7
31/05/2001,0.3
01/06/2001,0.0
02/06/2001,0.0
03/06/2001,1.2
04/06/2001,4.1
05/06/2001,0.0
06/06/2001,0.2
07/06/2001,4.8
08/06/2001,0.9
09/06/2001,0.0
10/06/2001,0.0
11/06/2001,9.3
12/06/2001,1.1
13/06/2001,0.0
14/06/2001,41.4
15/06/2001,0.0
16/06/2001,4.5
17/06/2001,0.3
18/06/2001,0.0
19/06/2001,0.0
20/06/2001,0.0
21/06/2001,0.0
22/06/2001,0.0
23/06/2001,0.0
24/06/2001,0.0
25/06/2001,0.0
26/06/2001,0.0
27/06/2001,0.0
28/06/2001,0.0
29/06/2001,2.1
30/06/2001,0.0
01/07/2001,0.0
02/07/2001,0.0
03/07/2001,0.0
04/07/2001,0.0
05/07/2001,0.0
06/07/2001,0.0
07/07/2001,0.0
08/07/2001,0.0
09/07/2001,0.0
10/07/2001,0.0
11/07/2001,4.5
12/07/2001,16.7
13/07/2001,0.0
14/07/2001,0.0
15/07/2001,31.3
16/07/2001,0.0
17/07/2001,0.0
18/07/2001,30.2
19/07/2001,0.0
20/07/2001,8.0
21/07/2001,12.9
22/07/2001,16.4
23/07/2001,0.0
24/07/2001,7.6
25/07/2001,18.1
26/07/2001,37.8
27/07/2001,9.6
28/07/2001,0.3
29/07/2001,0.0
30/07/2001,0.6
31/07/2001,14.7
01/08/2001,10.7
02/08/2001,87.0
03/08/2001,6.7
04/08/2001,11.8
05/08/2001,5.8
06/08/2001,0.0
07/08/2001,53.4
08/08/2001,4.6
09/08/2001,16.5
10/08/2001,48.5
11/08/2001,0.0
12/08/2001,1.1
13/08/2001,0.6
14/08/2001,0.0
15/08/2001,0.0
16/08/2001,0.0
17/08/2001,0.0
18/08/2001,6.2
19/08/2001,8.6
20/08/2001,5.0
21/08/2001,0.0
22/08/2001,0.5
23/08/2001,0.0
24/08/2001,5.3
25/08/2001,3.9
26/08/2001,11.0
27/08/2001,0.6
28/08/2001,0.0
29/08/2001,0.0
30/08/2001,19.6
31/08/2001,1.0
01/09/2001,36.2
02/09/2001,90.8
03/09/2001,16.9
04/09/2001,0.0
05/09/2001,26.7
06/09/2001,0.0
07/09/2001,0.0
08/09/2001,7.4
09/09/2001,0.0
10/09/2001,25.5
11/09/2001,0.0
12/09/2001,72.6
13/09/2001,2.2
14/09/2001,0.0
15/09/2001,0.0
16/09/2001,6.8
17/09/2001,15.1
18/09/2001,4.2
19/09/2001,4.9
20/09/2001,17.1
21/09/2001,3.5
22/09/2001,26.5
23/09/2001,9.5
24/09/2001,15.3
25/09/2001,20.3
26/09/2001,57.1
27/09/2001,0.9
28/09/2001,0.0
29/09/2001,5.1
30/09/2001,0.5
01/10/2001,0.0
02/10/2001,25.1
03/10/2001,1.8
04/10/2001,8.6
05/10/2001,28.5
06/10/2001,7.8
07/10/2001,21.5
08/10/2001,0.0
09/10/2001,8.9
10/10/2001,0.0
11/10/2001,3.5
12/10/2001,1.1
13/10/2001,0.0
14/10/2001,4.7
15/10/2001,112.1
16/10/2001,1.8
17/10/2001,1.5
18/10/2001,22.9
19/10/2001,47.6
20/10/2001,0.8
21/10/2001,16.9
22/10/2001,27.5
23/10/2001,6.4
24/10/2001,16.8
25/10/2001,0.8
26/10/2001,6.3
27/10/2001,5.7
28/10/2001,13.8
29/10/2001,17.6
30/10/2001,22.7
31/10/2001,25.2
01/11/2001,21.0
02/11/2001,35.6
03/11/2001,2.2
04/11/2001,5.8
05/11/2001,1.5
06/11/2001,1.2
07/11/2001,1.6
08/11/2001,27.4
09/11/2001,12.8
10/11/2001,0.0
11/11/2001,5.9
12/11/2001,1.8
13/11/2001,15.9
14/11/2001,29.3
15/11/2001,19.2
16/11/2001,6.8
17/11/2001,121.2
18/11/2001,87.4
19/11/2001,24.3
20/11/2001,36.6
21/11/2001,0.0
22/11/2001,3.2
23/11/2001,0.0
24/11/2001,41.1
25/11/2001,13.3
26/11/2001,14.7
27/11/2001,4.9
28/11/2001,4.1
29/11/2001,3.9
30/11/2001,4.6
01/12/2001,2.3
02/12/2001,0.8
03/12/2001,0.0
04/12/2001,0.0
05/12/2001,0.0
06/12/2001,0.0
07/12/2001,0.0
08/12/2001,0.0
09/12/2001,0.0
10/12/2001,0.0
11/12/2001,0.0
12/12/2001,0.0
13/12/2001,0.0
14/12/2001,81.0
15/12/2001,78.0
16/12/2001,288.7
17/12/2001,112.0
18/12/2001,49.9
19/12/2001,16.3
20/12/2001,14.9
21/12/2001,57.3
22/12/2001,46.9
23/12/2001,48.4
24/12/2001,6.1
25/12/2001,18.1
26/12/2001,7.8
27/12/2001,44.5
28/12/2001,128.4
29/12/2001,48.6
30/12/2001,4.5
31/12/2001,0.0
01/01/2002,0.0
02/01/2002,0.0
03/01/2002,3.3
04/01/2002,0.9
05/01/2002,16.7
06/01/2002,9.4
07/01/2002,7.8
08/01/2002,19.5
09/01/2002,15.9
10/01/2002,6.7
11/01/2002,14.1
12/01/2002,18.2
13/01/2002,0.5
14/01/2002,0.6
15/01/2002,0.0
16/01/2002,0.0
17/01/2002,0.0
18/01/2002,0.0
19/01/2002,0.0
20/01/2002,68.1
21/01/2002,14.0
22/01/2002,4.1
23/01/2002,11.1
24/01/2002,13.3
25/01/2002,13.0
26/01/2002,1.8
27/01/2002,0.0
28/01/2002,0.0
29/01/2002,4.1
30/01/2002,6.7
31/01/2002,8.9
01/02/2002,0.0
02/02/2002,0.0
03/02/2002,1.6
04/02/2002,0.0
05/02/2002,0.0
06/02/2002,0.0
07/02/2002,0.0
08/02/2002,0.0
09/02/2002,0.0
10/02/2002,0.0
11/02/2002,0.0
12/02/2002,4.8
13/02/2002,0.0
14/02/2002,0.0
15/02/2002,0.0
16/02/2002,0.0
17/02/2002,0.0
18/02/2002,0.0
19/02/2002,0.5
20/02/2002,24.8
21/02/2002,9.7
22/02/2002,10.2
23/02/2002,0.7
24/02/2002,0.0
25/02/2002,0.0
26/02/2002,2.7
27/02/2002,16.8
28/02/2002,0.2
01/03/2002,0.0
02/03/2002,0.0
03/03/2002,0.0
04/03/2002,0.0
05/03/2002,0.0
06/03/2002,0.0
07/03/2002,0.0
08/03/2002,0.0
09/03/2002,0.0
10/03/2002,0.2
11/03/2002,0.0
12/03/2002,0.0
13/03/2002,0.0
14/03/2002,0.0
15/03/2002,0.0
16/03/2002,0.0
17/03/2002,0.0
18/03/2002,0.0
19/03/2002,0.0
20/03/2002,221.2
21/03/2002,25.4
22/03/2002,0.0
23/03/2002,0.0
24/03/2002,0.0
25/03/2002,0.0
26/03/2002,0.0
27/03/2002,0.0
28/03/2002,0.0
29/03/2002,0.0
30/03/2002,0.0
31/03/2002,0.0
01/04/2002,0.0
02/04/2002,0.0
03/04/2002,15.6
04/04/2002,0.0
05/04/2002,11.4
06/04/2002,0.5
07/04/2002,0.0
08/04/2002,0.0
09/04/2002,93.6
10/04/2002,0.0
11/04/2002,0.0
12/04/2002,0.0
13/04/2002,1.7
14/04/2002,5.8
15/04/2002,0.0
16/04/2002,0.0
17/04/2002,0.0
18/04/2002,0.0
19/04/2002,1.9
20/04/2002,2.0
21/04/2002,4.2
22/04/2002,0.3
23/04/2002,0.0
24/04/2002,0.0
25/04/2002,0.9
26/04/2002,0.0
27/04/2002,2.9
28/04/2002,2.8
29/04/2002,40.5
30/04/2002,1.4
01/05/2002,0.0
02/05/2002,0.0
03/05/2002,0.0
04/05/2002,0.0
05/05/2002,0.0
06/05/2002,20.0
07/05/2002,14.3
08/05/2002,20.8
09/05/2002,4.9
10/05/2002,0.0
11/05/2002,0.0
12/05/2002,0.0
13/05/2002,0.9
14/05/2002,4.7
15/05/2002,8.0
16/05/2002,0.0
17/05/2002,0.0
18/05/2002,1.8
19/05/2002,4.3
20/05/2002,0.0
21/05/2002,4.4
22/05/2002,5.0
23/05/2002,0.4
24/05/2002,32.0
25/05/2002,34.3
26/05/2002,6.7
27/05/2002,1.0
28/05/2002,30.7
29/05/2002,0.0
30/05/2002,0.7
31/05/2002,6.4
01/06/2002,0.0
02/06/2002,0.0
03/06/2002,2.2
04/06/2002,0.0
05/06/2002,0.8
06/06/2002,0.0
07/06/2002,0.0
08/06/2002,14.3
09/06/2002,18.3
10/06/2002,2.0
11/06/2002,0.0
12/06/2002,8.8
13/06/2002,19.4
14/06/2002,0.0
15/06/2002,26.3
16/06/2002,58.4
17/06/2002,0.0
18/06/2002,0.0
19/06/2002,0.7
20/06/2002,0.0
21/06/2002,0.0
22/06/2002,0.0
23/06/2002,0.0
24/06/2002,0.0
25/06/2002,0.0
26/06/2002,6.1
27/06/2002,4.6
28/06/2002,13.2
29/06/2002,0.0
30/06/2002,0.0
01/07/2002,0.0
02/07/2002,32.8
03/07/2002,15.0
04/07/2002,0.8
05/07/2002,0.9
06/07/2002,0.0
07/07/2002,0.0
08/07/2002,0.0
09/07/2002,3.7
10/07/2002,0.0
11/07/2002,12.3
12/07/2002,0.0
13/07/2002,2.0
14/07/2002,16.4
15/07/2002,0.7
16/07/2002,0.0
17/07/2002,3.9
18/07/2002,4.0
19/07/2002,0.6
20/07/2002,0.4
21/07/2002,1.4
22/07/2002,30.0
23/07/2002,3.6
24/07/2002,0.0
25/07/2002,2.9
26/07/2002,0.8
27/07/2002,0.0
28/07/2002,0.0
29/07/2002,15.3
30/07/2002,35.5
31/07/2002,0.0
01/08/2002,1.6
02/08/2002,31.0
03/08/2002,19.5
04/08/2002,0.2
05/08/2002,16.1
06/08/2002,0.0
07/08/2002,0.2
08/08/2002,47.2
09/08/2002,1.2
10/08/2002,28.2
11/08/2002,0.0
12/08/2002,6.3
13/08/2002,0.0
14/08/2002,0.0
15/08/2002,0.0
16/08/2002,0.0
17/08/2002,0.0
18/08/2002,0.0
19/08/2002,0.0
20/08/2002,0.0
21/08/2002,11.5
22/08/2002,0.5
23/08/2002,0.0
24/08/2002,0.0
25/08/2002,0.0
26/08/2002,5.2
27/08/2002,12.3
28/08/2002,80.4
29/08/2002,0.0
30/08/2002,18.6
31/08/2002,0.6
01/09/2002,0.0
02/09/2002,0.5
03/09/2002,53.6
04/09/2002,27.3
05/09/2002,1.1
06/09/2002,27.0
07/09/2002,4.3
08/09/2002,7.1
09/09/2002,0.0
10/09/2002,72.0
11/09/2002,0.4
12/09/2002,0.6
13/09/2002,16.5
14/09/2002,0.0
15/09/2002,3.7
16/09/2002,4.9
17/09/2002,0.4
18/09/2002,0.8
19/09/2002,36.9
20/09/2002,25.4
21/09/2002,40.9
22/09/2002,29.1
23/09/2002,0.6
24/09/2002,18.8
25/09/2002,9.2
26/09/2002,0.8
27/09/2002,5.8
28/09/2002,0.0
29/09/2002,3.1
30/09/2002,0.0
01/10/2002,0.0
02/10/2002,0.0
03/10/2002,32.2
04/10/2002,63.7
05/10/2002,0.0
06/10/2002,5.1
07/10/2002,1.0
08/10/2002,0.4
09/10/2002,0.0
10/10/2002,13.5
11/10/2002,0.0
12/10/2002,15.7
13/10/2002,0.0
14/10/2002,0.0
15/10/2002,0.0
16/10/2002,18.0
17/10/2002,0.6
18/10/2002,2.2
19/10/2002,1.0
20/10/2002,0.0
21/10/2002,2.6
22/10/2002,2.5
23/10/2002,1340.0
24/10/2002,0.0
25/10/2002,0.0
26/10/2002,0.0
27/10/2002,0.0
28/10/2002,0.0
29/10/2002,0.0
30/10/2002,0.0
31/10/2002,0.0
01/11/2002,0.0
02/11/2002,0.0
03/11/2002,0.0
04/11/2002,0.0
05/11/2002,0.0
06/11/2002,0.0
07/11/2002,0.0
08/11/2002,0.0
09/11/2002,0.0
10/11/2002,0.0
11/11/2002,0.0
12/11/2002,0.0
13/11/2002,0.0
14/11/2002,0.0
15/11/2002,0.0
16/11/2002,0.0
17/11/2002,0.0
18/11/2002,0.0
19/11/2002,0.0
20/11/2002,0.0
21/11/2002,0.0
22/11/2002,0.0
23/11/2002,0.0
24/11/2002,0.0
25/11/2002,0.0
26/11/2002,0.0
27/11/2002,0.0
28/11/2002,0.0
29/11/2002,0.0
30/11/2002,0.0
01/12/2002,0.0
02/12/2002,0.0
03/12/2002,0.0
04/12/2002,0.0
05/12/2002,0.0
06/12/2002,0.0
07/12/2002,0.0
08/12/2002,0.0
09/12/2002,0.0
10/12/2002,0.0
11/12/2002,0.0
12/12/2002,0.0
13/12/2002,0.0
14/12/2002,0.0
15/12/2002,0.0
16/12/2002,0.0
17/12/2002,0.0
18/12/2002,0.0
19/12/2002,0.0
20/12/2002,0.0
21/12/2002,0.0
22/12/2002,0.0
23/12/2002,0.0
24/12/2002,0.0
25/12/2002,0.0
26/12/2002,0.0
27/12/2002,0.0
28/12/2002,0.0
29/12/2002,0.0
30/12/2002,91.5
31/12/2002,57.5
01/01/2003,20.5
02/01/2003,30.5
03/01/2003,27.5
04/01/2003,33.0
05/01/2003,0.0
06/01/2003,26.0
07/01/2003,0.0
08/01/2003,4.0
09/01/2003,0.0
10/01/2003,0.0
11/01/2003,0.5
12/01/2003,13.0
13/01/2003,0.0
14/01/2003,0.0
15/01/2003,12.0
16/01/2003,7.0
17/01/2003,41.5
18/01/2003,35.5
19/01/2003,39.0
20/01/2003,20.5
21/01/2003,0.0
22/01/2003,0.5
23/01/2003,7.5
24/01/2003,0.0
25/01/2003,0.0
26/01/2003,0.0
27/01/2003,0.0
28/01/2003,14.0
29/01/2003,13.5
30/01/2003,21.5
31/01/2003,29.5
01/02/2003,1.5
02/02/2003,3.0
03/02/2003,1.0
04/02/2003,0.5
05/02/2003,1.5
06/02/2003,4.0
07/02/2003,4.0
08/02/2003,8.0
09/02/2003,5.0
10/02/2003,17.0
11/02/2003,42.5
12/02/2003,11.0
13/02/2003,5.0
14/02/2003,5.0
15/02/2003,110.5
16/02/2003,7.5
17/02/2003,3.5
18/02/2003,0.0
19/02/2003,0.0
20/02/2003,0.0
21/02/2003,0.0
22/02/2003,0.0
23/02/2003,0.0
24/02/2003,0.0
25/02/2003,0.0
26/02/2003,2.5
27/02/2003,0.0
28/02/2003,0.0
01/03/2003,0.0
02/03/2003,0.0
03/03/2003,0.0
04/03/2003,0.0
05/03/2003,0.0
06/03/2003,0.0
07/03/2003,0.0
08/03/2003,1.5
09/03/2003,9.0
10/03/2003,97.0
11/03/2003,32.5
12/03/2003,21.5
13/03/2003,6.0
14/03/2003,4.5
15/03/2003,0.0
16/03/2003,0.0
17/03/2003,0.0
18/03/2003,0.0
19/03/2003,0.0
20/03/2003,0.0
21/03/2003,0.0
22/03/2003,40.0
23/03/2003,16.5
24/03/2003,31.5
25/03/2003,16.5
26/03/2003,10.0
27/03/2003,12.0
28/03/2003,10.0
29/03/2003,25.5
30/03/2003,23.5
31/03/2003,47.0
01/04/2003,12.5
02/04/2003,5.0
03/04/2003,2.0
04/04/2003,12.0
05/04/2003,0.0
06/04/2003,0.0
07/04/2003,0.0
08/04/2003,0.0
09/04/2003,0.0
10/04/2003,1.0
11/04/2003,3.5
12/04/2003,4.5
13/04/2003,0.0
14/04/2003,0.0
15/04/2003,0.0
16/04/2003,16.5
17/04/2003,1.0
18/04/2003,0.0
19/04/2003,9.5
20/04/2003,0.0
21/04/2003,0.0
22/04/2003,0.0
23/04/2003,0.0
24/04/2003,0.0
25/04/2003,0.0
26/04/2003,0.0
27/04/2003,0.0
28/04/2003,0.0
29/04/2003,0.0
30/04/2003,1.5
01/05/2003,3.0
02/05/2003,0.0
03/05/2003,1.0
04/05/2003,2.0
05/05/2003,43.5
06/05/2003,0.0
07/05/2003,2.0
08/05/2003,0.0
09/05/2003,8.5
10/05/2003,2.0
11/05/2003,26.0
12/05/2003,7.0
13/05/2003,0.0
14/05/2003,0.5
15/05/2003,0.5
16/05/2003,18.5
17/05/2003,0.0
18/05/2003,13.0
19/05/2003,0.0
20/05/2003,0.0
21/05/2003,47.5
22/05/2003,0.5
23/05/2003,16.5
24/05/2003,0.0
25/05/2003,2.5
26/05/2003,0.0
27/05/2003,0.0
28/05/2003,0.0
29/05/2003,0.0
30/05/2003,0.0
31/05/2003,0.0
01/06/2003,0.0
02/06/2003,0.0
03/06/2003,1.0
04/06/2003,4.0
05/06/2003,0.0
06/06/2003,0.0
07/06/2003,0.0
08/06/2003,8.5
09/06/2003,1.5
10/06/2003,0.0
11/06/2003,0.0
12/06/2003,1.0
13/06/2003,14.5
14/06/2003,9.0
15/06/2003,3.5
16/06/2003,28.0
17/06/2003,4.5
18/06/2003,0.5
19/06/2003,37.0
20/06/2003,19.5
21/06/2003,14.0
22/06/2003,5.5
23/06/2003,45.0
24/06/2003,0.0
25/06/2003,19.0
26/06/2003,54.0
27/06/2003,0.0
28/06/2003,0.5
29/06/2003,33.0
30/06/2003,6.5
01/07/2003,0.0
02/07/2003,0.5
03/07/2003,10.5
04/07/2003,50.5
05/07/2003,0.5
06/07/2003,0.0
07/07/2003,0.0
08/07/2003,0.0
09/07/2003,0.0
10/07/2003,19.0
11/07/2003,43.5
12/07/2003,3.5
13/07/2003,11.5
14/07/2003,0.5
15/07/2003,0.0
16/07/2003,0.0
17/07/2003,0.0
18/07/2003,0.0
19/07/2003,0.0
20/07/2003,0.0
21/07/2003,0.0
22/07/2003,0.0
23/07/2003,0.0
24/07/2003,0.0
25/07/2003,0.0
26/07/2003,0.0
27/07/2003,0.0
28/07/2003,0.0
29/07/2003,0.0
30/07/2003,0.0
31/07/2003,0.0
01/08/2003,0.0
02/08/2003,0.0
03/08/2003,0.0
04/08/2003,0.0
05/08/2003,0.0
06/08/2003,0.0
07/08/2003,0.0
08/08/2003,0.0
09/08/2003,0.0
10/08/2003,0.0
11/08/2003,0.0
12/08/2003,0.0
13/08/2003,0.0
14/08/2003,0.0
15/08/2003,0.0
16/08/2003,0.0
17/08/2003,0.0
18/08/2003,0.0
19/08/2003,0.0
20/08/2003,0.0
21/08/2003,0.0
22/08/2003,17.5
23/08/2003,0.0
24/08/2003,0.0
25/08/2003,0.0
26/08/2003,5.0
27/08/2003,0.0
28/08/2003,0.5
29/08/2003,0.0
30/08/2003,75.5
31/08/2003,62.5
01/09/2003,35.5
02/09/2003,6.0
03/09/2003,0.0
04/09/2003,0.0
05/09/2003,8.0
06/09/2003,4.5
07/09/2003,0.0
08/09/2003,0.5
09/09/2003,4.0
10/09/2003,6.0
11/09/2003,0.5
12/09/2003,0.0
13/09/2003,0.0
14/09/2003,7.5
15/09/2003,5.5
16/09/2003,5.0
17/09/2003,19.0
18/09/2003,0.0
19/09/2003,0.0
20/09/2003,13.0
21/09/2003,42.5
22/09/2003,8.5
23/09/2003,0.0
24/09/2003,98.0
25/09/2003,5.0
26/09/2003,37.5
27/09/2003,3.0
28/09/2003,0.5
29/09/2003,23.5
30/09/2003,49.0
01/10/2003,20.5
02/10/2003,14.5
03/10/2003,43.0
04/10/2003,23.0
05/10/2003,0.0
06/10/2003,0.5
07/10/2003,0.0
08/10/2003,17.5
09/10/2003,0.0
10/10/2003,2.5
11/10/2003,33.5
12/10/2003,16.0
13/10/2003,3.0
14/10/2003,45.0
15/10/2003,7.5
16/10/2003,17.0
17/10/2003,12.5
18/10/2003,0.0
19/10/2003,0.0
20/10/2003,0.0
21/10/2003,0.0
22/10/2003,2.0
23/10/2003,4.0
24/10/2003,0.0
25/10/2003,42.5
26/10/2003,75.5
27/10/2003,7.5
28/10/2003,10.5
29/10/2003,21.5
30/10/2003,24.5
31/10/2003,3.0
01/11/2003,5.0
02/11/2003,12.5
03/11/2003,33.5
04/11/2003,0.0
05/11/2003,3.5
06/11/2003,0.5
07/11/2003,9.5
08/11/2003,43.5
09/11/2003,1.0
10/11/2003,1.5
11/11/2003,31.0
12/11/2003,40.0
13/11/2003,0.5
14/11/2003,0.0
15/11/2003,8.5
16/11/2003,8.0
17/11/2003,0.0
18/11/2003,0.0
19/11/2003,25.0
20/11/2003,0.0
21/11/2003,0.0
22/11/2003,4.0
23/11/2003,26.0
24/11/2003,6.0
25/11/2003,15.5
26/11/2003,31.0
27/11/2003,42.0
28/11/2003,20.5
29/11/2003,136.5
30/11/2003,53.0
01/12/2003,138.5
02/12/2003,88.0
03/12/2003,62.0
04/12/2003,7.5
05/12/2003,10.0
06/12/2003,59.0
07/12/2003,76.0
08/12/2003,66.0
09/12/2003,139.0
10/12/2003,96.5
11/12/2003,37.0
12/12/2003,151.0
13/12/2003,30.0
14/12/2003,1.5
15/12/2003,1.5
16/12/2003,0.5
17/12/2003,0.0
18/12/2003,0.0
19/12/2003,14.0
20/12/2003,84.0
21/12/2003,48.5
22/12/2003,3.0
23/12/2003,14.0
24/12/2003,13.0
25/12/2003,13.5
26/12/2003,10.0
27/12/2003,2.5
28/12/2003,6.0
29/12/2003,51.5
30/12/2003,7.0
31/12/2003,0.0
01/01/2004,0.0
02/01/2004,0.0
03/01/2004,2.0
04/01/2004,15.5
05/01/2004,0.5
06/01/2004,5.0
07/01/2004,0.0
08/01/2004,56.0
09/01/2004,19.0
10/01/2004,16.5
11/01/2004,5.5
12/01/2004,10.5
13/01/2004,5.5
14/01/2004,21.5
15/01/2004,2.5
16/01/2004,7.0
17/01/2004,0.0
18/01/2004,0.0
19/01/2004,0.5
20/01/2004,0.0
21/01/2004,0.0
22/01/2004,2.5
23/01/2004,0.0
24/01/2004,1.0
25/01/2004,2.5
26/01/2004,4.0
27/01/2004,34.0
28/01/2004,53.5
29/01/2004,20.0
30/01/2004,1.5
31/01/2004,8.5
01/02/2004,30.0
02/02/2004,30.5
03/02/2004,0.0
04/02/2004,0.0
05/02/2004,0.0
06/02/2004,1.5
07/02/2004,0.0
08/02/2004,0.0
09/02/2004,3.5
10/02/2004,1.0
11/02/2004,4.5
12/02/2004,0.5
13/02/2004,2.5
14/02/2004,3.5
15/02/2004,5.5
16/02/2004,0.0
17/02/2004,0.0
18/02/2004,0.0
19/02/2004,0.0
20/02/2004,0.0
21/02/2004,0.0
22/02/2004,0.0
23/02/2004,0.0
24/02/2004,0.0
25/02/2004,0.0
26/02/2004,0.0
27/02/2004,0.0
28/02/2004,0.0
29/02/2004,0.0
01/03/2004,0.0
02/03/2004,0.0
03/03/2004,0.0
04/03/2004,0.0
05/03/2004,0.0
06/03/2004,0.0
07/03/2004,1.0
08/03/2004,53.0
09/03/2004,24.5
10/03/2004,16.5
11/03/2004,2.0
12/03/2004,1.5
13/03/2004,7.0
14/03/2004,4.0
15/03/2004,0.0
16/03/2004,8.0
17/03/2004,16.5
18/03/2004,0.0
19/03/2004,0.0
20/03/2004,0.0
21/03/2004,0.0
22/03/2004,0.0
23/03/2004,0.0
24/03/2004,0.0
25/03/2004,0.0
26/03/2004,0.0
27/03/2004,0.0
28/03/2004,0.0
29/03/2004,0.0
30/03/2004,0.0
31/03/2004,0.0
01/04/2004,0.0
02/04/2004,1.0
03/04/2004,0.0
04/04/2004,14.0
05/04/2004,0.0
06/04/2004,0.0
07/04/2004,0.0
08/04/2004,0.0
09/04/2004,0.0
10/04/2004,0.0
11/04/2004,0.0
12/04/2004,0.0
13/04/2004,0.0
14/04/2004,0.0
15/04/2004,0.0
16/04/2004,0.0
17/04/2004,0.0
18/04/2004,0.0
19/04/2004,0.0
20/04/2004,0.0
21/04/2004,0.0
22/04/2004,0.0
23/04/2004,0.0
24/04/2004,0.0
25/04/2004,0.0
26/04/2004,4.0
27/04/2004,0.0
28/04/2004,11.0
29/04/2004,66.0
30/04/2004,10.0
01/05/2004,18.5
02/05/2004,2.0
03/05/2004,0.0
04/05/2004,15.0
05/05/2004,1.5
06/05/2004,0.0
07/05/2004,110.0
08/05/2004,0.0
09/05/2004,4.5
10/05/2004,10.5
11/05/2004,3.5
12/05/2004,9.5
13/05/2004,0.0
14/05/2004,0.0
15/05/2004,0.0
16/05/2004,0.0
17/05/2004,0.0
18/05/2004,0.0
19/05/2004,0.0
20/05/2004,13.5
21/05/2004,4.5
22/05/2004,15.5
23/05/2004,14.5
24/05/2004,20.0
25/05/2004,17.0
26/05/2004,26.0
27/05/2004,0.0
28/05/2004,0.0
29/05/2004,0.0
30/05/2004,0.0
31/05/2004,0.0
01/06/2004,0.0
02/06/2004,11.5
03/06/2004,0.5
04/06/2004,10.5
05/06/2004,76.0
06/06/2004,19.5
07/06/2004,0.5
08/06/2004,0.0
09/06/2004,4.5
10/06/2004,0.0
11/06/2004,0.0
12/06/2004,8.0
13/06/2004,0.0
14/06/2004,0.5
15/06/2004,0.0
16/06/2004,0.0
17/06/2004,0.0
18/06/2004,1.5
19/06/2004,0.0
20/06/2004,0.0
21/06/2004,0.0
22/06/2004,0.0
23/06/2004,0.0
24/06/2004,0.0
25/06/2004,18.5
26/06/2004,0.0
27/06/2004,0.0
28/06/2004,42.0
29/06/2004,0.0
30/06/2004,0.0
01/07/2004,0.0
02/07/2004,0.0
03/07/2004,8.0
04/07/2004,0.0
05/07/2004,0.0
06/07/2004,0.0
07/07/2004,4.5
08/07/2004,14.5
09/07/2004,0.0
10/07/2004,1.5
11/07/2004,0.0
12/07/2004,3.5
13/07/2004,0.0
14/07/2004,0.0
15/07/2004,0.0
16/07/2004,12.5
17/07/2004,40.5
18/07/2004,3.0
19/07/2004,39.5
20/07/2004,12.0
21/07/2004,5.0
22/07/2004,0.0
23/07/2004,23.0
24/07/2004,0.5
25/07/2004,0.0
26/07/2004,17.0
27/07/2004,17.0
28/07/2004,105.0
29/07/2004,1.5
30/07/2004,3.0
31/07/2004,0.5
01/08/2004,38.5
02/08/2004,0.0
03/08/2004,0.0
04/08/2004,0.0
05/08/2004,0.0
06/08/2004,0.0
07/08/2004,0.0
08/08/2004,0.0
09/08/2004,0.0
10/08/2004,0.0
11/08/2004,0.5
12/08/2004,22.0
13/08/2004,0.0
14/08/2004,4.5
15/08/2004,30.0
16/08/2004,0.5
17/08/2004,0.5
18/08/2004,0.0
19/08/2004,0.0
20/08/2004,0.0
21/08/2004,63.5
22/08/2004,9.5
23/08/2004,5.5
24/08/2004,25.5
25/08/2004,22.0
26/08/2004,20.5
27/08/2004,14.5
28/08/2004,2.5
29/08/2004,1.0
30/08/2004,5.5
31/08/2004,1.5
01/09/2004,53.5
02/09/2004,0.0
03/09/2004,17.0
04/09/2004,0.0
05/09/2004,37.5
06/09/2004,27.5
07/09/2004,0.0
08/09/2004,12.0
09/09/2004,1.5
10/09/2004,2.5
11/09/2004,0.0
12/09/2004,0.0
13/09/2004,2.0
14/09/2004,0.0
15/09/2004,35.5
16/09/2004,26.5
17/09/2004,26.5
18/09/2004,47.5
19/09/2004,2.0
20/09/2004,11.0
21/09/2004,0.0
22/09/2004,7.0
23/09/2004,8.0
24/09/2004,35.0
25/09/2004,0.0
26/09/2004,0.5
27/09/2004,1.0
28/09/2004,19.0
29/09/2004,46.0
30/09/2004,8.0
01/10/2004,4.5
02/10/2004,1.0
03/10/2004,0.0
04/10/2004,6.5
05/10/2004,32.0
06/10/2004,5.5
07/10/2004,53.5
08/10/2004,20.0
09/10/2004,55.5
10/10/2004,2.5
11/10/2004,21.5
12/10/2004,0.0
13/10/2004,14.0
14/10/2004,35.0
15/10/2004,0.5
16/10/2004,11.0
17/10/2004,14.0
18/10/2004,67.5
19/10/2004,62.5
20/10/2004,9.5
21/10/2004,6.0
22/10/2004,17.0
23/10/2004,46.0
24/10/2004,2.5
25/10/2004,77.0
26/10/2004,80.0
27/10/2004,77.5
28/10/2004,11.5
29/10/2004,30.5
30/10/2004,144.0
31/10/2004,9.5
01/11/2004,98.0
02/11/2004,7.5
03/11/2004,22.5
04/11/2004,141.0
05/11/2004,96.0
06/11/2004,39.0
07/11/2004,4.0
08/11/2004,2.0
09/11/2004,3.5
10/11/2004,0.0
11/11/2004,9.0
12/11/2004,11.0
13/11/2004,57.5
14/11/2004,12.5
15/11/2004,41.0
16/11/2004,28.0
17/11/2004,6.5
18/11/2004,20.5
19/11/2004,0.0
20/11/2004,1.5
21/11/2004,26.0
22/11/2004,11.0
23/11/2004,2.5
24/11/2004,0.0
25/11/2004,0.0
26/11/2004,33.5
27/11/2004,55.5
28/11/2004,182.0
29/11/2004,115.0
30/11/2004,21.5
01/12/2004,4.5
02/12/2004,0.0
03/12/2004,27.5
04/12/2004,1.0
05/12/2004,14.0
06/12/2004,16.5
07/12/2004,44.5
08/12/2004,123.0
09/12/2004,60.5
10/12/2004,229.0
11/12/2004,59.5
12/12/2004,22.0
13/12/2004,22.0
14/12/2004,0.0
15/12/2004,0.5
16/12/2004,17.0
17/12/2004,24.0
18/12/2004,5.0
19/12/2004,0.0
20/12/2004,0.0
21/12/2004,1.5
22/12/2004,2.5
23/12/2004,1.5
24/12/2004,0.0
25/12/2004,2.0
26/12/2004,0.0
27/12/2004,0.0
28/12/2004,1.0
29/12/2004,19.5
30/12/2004,10.5
31/12/2004,31.5
01/01/2005,27.5
02/01/2005,14.0
03/01/2005,1.0
04/01/2005,5.0
05/01/2005,0.0
06/01/2005,0.0
07/01/2005,14.0
08/01/2005,24.5
09/01/2005,1.5
10/01/2005,0.0
11/01/2005,1.5
12/01/2005,12.5
13/01/2005,10.0
14/01/2005,28.5
15/01/2005,1.0
16/01/2005,3.0
17/01/2005,2.5
18/01/2005,0.0
19/01/2005,0.0
20/01/2005,0.0
21/01/2005,10.0
22/01/2005,23.5
23/01/2005,9.5
24/01/2005,0.0
25/01/2005,0.0
26/01/2005,0.0
27/01/2005,0.0
28/01/2005,0.0
29/01/2005,0.0
30/01/2005,0.0
31/01/2005,0.0
01/02/2005,0.0
02/02/2005,0.0
03/02/2005,2.0
04/02/2005,0.0
05/02/2005,0.0
06/02/2005,0.0
07/02/2005,0.0
08/02/2005,0.0
09/02/2005,0.5
10/02/2005,5.5
11/02/2005,0.0
12/02/2005,3.0
13/02/2005,0.0
14/02/2005,9.5
15/02/2005,0.0
16/02/2005,0.0
17/02/2005,0.0
18/02/2005,0.0
19/02/2005,0.0
20/02/2005,0.0
21/02/2005,0.0
22/02/2005,3.0
23/02/2005,0.0
24/02/2005,0.0
25/02/2005,1.0
26/02/2005,0.0
27/02/2005,0.0
28/02/2005,0.0
01/03/2005,0.0
02/03/2005,0.0
03/03/2005,0.0
04/03/2005,1.0
05/03/2005,23.5
06/03/2005,10.5
07/03/2005,0.5
08/03/2005,0.0
09/03/2005,0.0
10/03/2005,0.0
11/03/2005,0.0
12/03/2005,0.0
13/03/2005,0.0
14/03/2005,64.0
15/03/2005,0.0
16/03/2005,0.0
17/03/2005,11.0
18/03/2005,2.5
19/03/2005,0.0
20/03/2005,0.0
21/03/2005,0.0
22/03/2005,0.0
23/03/2005,0.0
24/03/2005,0.0
25/03/2005,55.5
26/03/2005,151.5
27/03/2005,6.0
28/03/2005,0.0
29/03/2005,0.0
30/03/2005,0.0
31/03/2005,0.5
01/04/2005,0.0
02/04/2005,3.0
03/04/2005,15.5
04/04/2005,32.0
05/04/2005,0.0
06/04/2005,3.0
07/04/2005,0.0
08/04/2005,0.0
09/04/2005,10.5
10/04/2005,0.0
11/04/2005,0.0
12/04/2005,0.0
13/04/2005,0.0
14/04/2005,0.0
15/04/2005,0.5
16/04/2005,0.0
17/04/2005,0.0
18/04/2005,0.0
19/04/2005,0.0
20/04/2005,0.0
21/04/2005,0.0
22/04/2005,0.5
23/04/2005,0.0
24/04/2005,0.0
25/04/2005,0.0
26/04/2005,0.0
01/06/2005,7.5
02/06/2005,0.0
03/06/2005,0.0
04/06/2005,0.0
05/06/2005,30.5
06/06/2005,0.0
07/06/2005,19.5
08/06/2005,2.5
09/06/2005,0.5
10/06/2005,0.0
11/06/2005,0.0
12/06/2005,74.0
13/06/2005,0.0
14/06/2005,15.5
15/06/2005,25.5
16/06/2005,0.0
17/06/2005,0.0
18/06/2005,0.0
19/06/2005,62.5
20/06/2005,34.5
21/06/2005,1.5
22/06/2005,35.0
23/06/2005,2.5
24/06/2005,0.0
25/06/2005,0.0
26/06/2005,8.0
27/06/2005,0.0
28/06/2005,16.0
29/06/2005,0.5
30/06/2005,2.0
01/07/2005,0.0
02/07/2005,25.5
03/07/2005,7.5
04/07/2005,12.5
05/07/2005,0.0
06/07/2005,1.0
07/07/2005,10.0
08/07/2005,0.5
09/07/2005,0.0
10/07/2005,0.0
11/07/2005,0.0
12/07/2005,74.5
13/07/2005,0.0
14/07/2005,0.0
15/07/2005,0.0
16/07/2005,4.0
17/07/2005,4.0
18/07/2005,0.5
19/07/2005,36.5
20/07/2005,13.5
21/07/2005,1.5
22/07/2005,26.5
23/07/2005,5.5
24/07/2005,0.0
25/07/2005,9.5
26/07/2005,0.0
27/07/2005,0.0
28/07/2005,0.0
29/07/2005,0.0
30/07/2005,0.0
31/07/2005,0.0
01/08/2005,8.0
02/08/2005,0.0
03/08/2005,60.5
04/08/2005,3.0
05/08/2005,0.0
06/08/2005,15.0
07/08/2005,0.0
08/08/2005,0.0
09/08/2005,0.0
10/08/2005,0.0
11/08/2005,10.5
12/08/2005,0.0
13/08/2005,0.0
14/08/2005,0.0
15/08/2005,19.0
16/08/2005,0.0
17/08/2005,0.0
18/08/2005,78.5
19/08/2005,16.5
20/08/2005,10.5
21/08/2005,11.0
22/08/2005,28.0
23/08/2005,0.0
24/08/2005,0.5
25/08/2005,6.5
26/08/2005,19.5
27/08/2005,4.0
28/08/2005,33.5
29/08/2005,2.5
30/08/2005,1.0
31/08/2005,3.5
01/09/2005,0.0
02/09/2005,0.0
03/09/2005,14.0
04/09/2005,61.0
05/09/2005,0.5
06/09/2005,8.5
07/09/2005,46.5
08/09/2005,2.0
09/09/2005,0.0
10/09/2005,0.0
11/09/2005,10.0
12/09/2005,0.0
13/09/2005,0.0
14/09/2005,1.0
15/09/2005,12.0
16/09/2005,0.0
17/09/2005,6.5
18/09/2005,1.0
19/09/2005,21.5
20/09/2005,0.5
21/09/2005,0.0
22/09/2005,5.5
23/09/2005,75.5
24/09/2005,31.5
25/09/2005,23.5
26/09/2005,3.5
27/09/2005,19.5
28/09/2005,1.0
29/09/2005,69.5
01/11/2005,0.5
02/11/2005,0.0
03/11/2005,2.5
04/11/2005,6.5
05/11/2005,57.0
06/11/2005,28.0
07/11/2005,12.5
08/11/2005,24.5
09/11/2005,9.0
10/11/2005,0.0
11/11/2005,1.0
12/11/2005,1.5
13/11/2005,28.0
14/11/2005,9.0
31/12/2005,16.5
01/01/2006,65.5
02/01/2006,41.0
03/01/2006,20.5
04/01/2006,63.0
05/01/2006,0.0
06/01/2006,0.0
07/01/2006,0.0
08/01/2006,0.0
09/01/2006,0.0
10/01/2006,0.0
11/01/2006,0.0
12/01/2006,0.0
13/01/2006,0.0
14/01/2006,0.0
15/01/2006,0.0
16/01/2006,0.0
17/01/2006,0.0
18/01/2006,0.0
19/01/2006,0.0
20/01/2006,0.0
21/01/2006,0.0
22/01/2006,0.0
23/01/2006,0.0
24/01/2006,0.0
25/01/2006,0.0
26/01/2006,0.0
27/01/2006,0.0
28/01/2006,0.0
29/01/2006,0.0
30/01/2006,0.0
31/01/2006,0.0
01/02/2006,0.0
02/02/2006,0.0
03/02/2006,0.0
04/02/2006,0.0
05/02/2006,0.0
06/02/2006,0.0
02/04/2006,0.0
03/04/2006,0.0
04/04/2006,0.0
05/04/2006,0.0
06/04/2006,0.0
07/04/2006,0.0
08/04/2006,0.0
09/04/2006,0.5
10/04/2006,0.0
11/04/2006,0.0
12/04/2006,0.0
13/04/2006,5.0
14/04/2006,0.0
15/04/2006,3.0
16/04/2006,0.0
17/04/2006,0.0
18/04/2006,3.0
19/04/2006,12.0
20/04/2006,0.0
21/04/2006,1.0
22/04/2006,10.0
23/04/2006,40.5
24/04/2006,0.0
25/04/2006,0.0
26/04/2006,0.0
27/04/2006,0.0
28/04/2006,0.0
29/04/2006,0.0
30/04/2006,0.0
01/05/2006,0.0
02/05/2006,0.0
03/07/2006,0.0
04/07/2006,0.0
05/07/2006,15.0
06/07/2006,0.0
07/07/2006,2.0
08/07/2006,11.5
09/07/2006,12.0
10/07/2006,60.5
11/07/2006,14.0
12/07/2006,0.0
13/07/2006,50.5
14/07/2006,0.5
15/07/2006,0.0
16/07/2006,3.0
17/07/2006,17.5
18/07/2006,15.5
19/07/2006,5.0
20/07/2006,51.5
21/07/2006,0.5
22/07/2006,13.5
23/07/2006,6.5
24/07/2006,34.0
25/07/2006,0.5
26/07/2006,10.5
27/07/2006,2.5
28/07/2006,44.0
29/07/2006,14.5
30/07/2006,56.0
31/07/2006,4.5
01/08/2006,0.0
02/08/2006,0.0
03/08/2006,0.0
04/08/2006,0.0
05/08/2006,0.0
06/08/2006,0.0
07/08/2006,0.0
08/08/2006,0.0
09/08/2006,0.0
10/08/2006,0.0
11/08/2006,0.0
12/08/2006,0.0
13/08/2006,0.0
14/08/2006,0.0
15/08/2006,0.0
16/08/2006,0.0
17/08/2006,0.0
18/08/2006,0.0
19/08/2006,0.0
20/08/2006,0.0
21/08/2006,0.0
22/08/2006,0.0
23/08/2006,0.0
24/08/2006,0.0
25/08/2006,0.0
26/08/2006,0.0
27/08/2006,0.0
28/08/2006,0.0
29/08/2006,0.0
30/08/2006,0.0
31/08/2006,34.5
01/09/2006,2.0
02/09/2006,18.5
03/09/2006,11.5
03/10/2006,4.0
04/10/2006,4.0
05/10/2006,1.0
06/10/2006,0.0
07/10/2006,19.0
08/10/2006,0.0
09/10/2006,0.0
10/10/2006,1.0
11/10/2006,40.5
12/10/2006,4.5
13/10/2006,2.5
14/10/2006,12.0
15/10/2006,6.0
16/10/2006,0.0
17/10/2006,0.0
18/10/2006,0.0
19/10/2006,0.0
20/10/2006,3.0
21/10/2006,29.5
22/10/2006,0.5
23/10/2006,0.0
24/10/2006,13.0
25/10/2006,13.5
26/10/2006,0.0
27/10/2006,0.0
28/10/2006,0.0
29/10/2006,0.5
30/10/2006,3.5
31/10/2006,3.5
01/11/2006,17.5
02/11/2006,0.0
03/11/2006,51.0
04/11/2006,0.0
05/11/2006,0.0
06/11/2006,29.5
07/11/2006,12.0
08/11/2006,0.5
09/11/2006,0.0
10/11/2006,9.5
11/11/2006,13.0
12/11/2006,30.5
13/11/2006,56.5
14/11/2006,0.0
15/11/2006,0.0
16/11/2006,48.5
17/11/2006,32.0
18/11/2006,81.5
19/11/2006,6.0
20/11/2006,2.5
21/11/2006,21.5
22/11/2006,10.0
23/11/2006,5.5
24/11/2006,16.5
25/11/2006,7.5
26/11/2006,6.5
27/11/2006,0.0
28/11/2006,0.0
29/11/2006,15.5
30/11/2006,15.5
01/12/2006,4.0
02/12/2006,0.0
03/12/2006,1.5
04/12/2006,0.0
05/12/2006,0.0
06/12/2006,0.0
07/12/2006,6.0
08/12/2006,86.0
09/12/2006,47.5
10/12/2006,14.0
11/12/2006,10.9
12/12/2006,45.4
13/12/2006,0.2
14/12/2006,4.5
15/12/2006,9.6
16/12/2006,95.5
17/12/2006,33.6
18/12/2006,22.1
19/12/2006,23.7
20/12/2006,122.3
21/12/2006,69.2
22/12/2006,11.5
23/12/2006,0.5
24/12/2006,2.5
25/12/2006,11.4
26/12/2006,46.7
27/12/2006,26.2
28/12/2006,7.2
29/12/2006,2.0
30/12/2006,0.0
31/12/2006,0.0
01/01/2007,0.7
02/01/2007,31.7
03/01/2007,0.1
04/01/2007,2.0
05/01/2007,13.2
06/01/2007,43.5
07/01/2007,246.1
08/01/2007,38.6
09/01/2007,58.6
10/01/2007,40.3
11/01/2007,12.4
12/01/2007,14.3
13/01/2007,31.3
14/01/2007,14.8
15/01/2007,1.4
16/01/2007,4.1
17/01/2007,13.5
18/01/2007,12.7
19/01/2007,48.4
20/01/2007,13.1
21/01/2007,2.7
22/01/2007,3.6
23/01/2007,1.5
24/01/2007,2.5
25/01/2007,4.8
26/01/2007,26.7
27/01/2007,17.5
28/01/2007,0.5
29/01/2007,2.5
30/01/2007,0.0
31/01/2007,0.0
01/02/2007,0.5
02/02/2007,2.0
03/02/2007,4.5
04/02/2007,0.5
05/02/2007,4.3
06/02/2007,6.9
07/02/2007,2.6
08/02/2007,0.2
09/02/2007,0.0
10/02/2007,0.0
11/02/2007,6.5
12/02/2007,29.5
13/02/2007,0.0
14/02/2007,0.0
15/02/2007,0.4
16/02/2007,1.4
17/02/2007,2.7
18/02/2007,0.0
19/02/2007,0.0
20/02/2007,0.0
21/02/2007,0.0
22/02/2007,3.5
23/02/2007,0.0
24/02/2007,0.0
25/02/2007,0.0
26/02/2007,0.0
27/02/2007,0.0
28/02/2007,0.0
01/03/2007,0.0
02/03/2007,0.0
03/03/2007,0.0
04/03/2007,0.0
05/03/2007,0.0
06/03/2007,0.0
07/03/2007,0.0
08/03/2007,0.0
09/03/2007,0.0
10/03/2007,0.0
11/03/2007,3.9
12/03/2007,9.9
13/03/2007,8.7
14/03/2007,3.5
15/03/2007,0.0
16/03/2007,0.0
17/03/2007,0.0
18/03/2007,0.5
19/03/2007,0.0
20/03/2007,53.0
21/03/2007,73.3
22/03/2007,1.2
23/03/2007,1.0
24/03/2007,1.0
25/03/2007,7.0
26/03/2007,2.0
27/03/2007,35.0
28/03/2007,0.5
29/03/2007,36.5
30/03/2007,0.0
31/03/2007,61.7
01/04/2007,50.3
02/04/2007,0.5
03/04/2007,0.0
04/04/2007,0.0
05/04/2007,0.0
06/04/2007,4.6
07/04/2007,4.9
08/04/2007,0.5
09/04/2007,1.5
10/04/2007,37.5
11/04/2007,0.0
12/04/2007,17.5
13/04/2007,9.0
14/04/2007,0.0
15/04/2007,0.0
16/04/2007,0.0
17/04/2007,0.0
18/04/2007,0.0
19/04/2007,0.0
20/04/2007,0.0
21/04/2007,0.0
22/04/2007,0.0
23/04/2007,0.0
24/04/2007,0.0
25/04/2007,1.0
26/04/2007,4.5
27/04/2007,13.2
28/04/2007,13.3
29/04/2007,9.0
30/04/2007,33.0
01/05/2007,1.0
02/05/2007,0.0
03/05/2007,34.3
04/05/2007,1.2
05/05/2007,18.0
06/05/2007,39.8
07/05/2007,14.3
08/05/2007,23.1
09/05/2007,18.8
10/05/2007,0.0
11/05/2007,0.0
12/05/2007,2.5
13/05/2007,51.0
14/05/2007,3.4
15/05/2007,12.5
16/05/2007,1.2
17/05/2007,8.5
18/05/2007,64.5
19/05/2007,0.0
20/05/2007,34.0
21/05/2007,0.0
22/05/2007,78.0
23/05/2007,0.0
24/05/2007,19.5
25/05/2007,7.0
26/05/2007,1.0
27/05/2007,1.5
28/05/2007,41.5
29/05/2007,35.5
30/05/2007,11.0
31/05/2007,15.0
01/06/2007,0.0
02/06/2007,4.5
03/06/2007,0.0
04/06/2007,0.0
05/06/2007,66.5
06/06/2007,0.0
07/06/2007,19.5
08/06/2007,5.5
09/06/2007,0.0
10/06/2007,0.5
11/06/2007,27.0
12/06/2007,39.5
13/06/2007,7.5
14/06/2007,17.0
15/06/2007,52.5
16/06/2007,47.3
17/06/2007,7.7
18/06/2007,3.0
19/06/2007,2.5
20/06/2007,0.0
21/06/2007,0.5
22/06/2007,0.5
23/06/2007,4.0
24/06/2007,1.0
25/06/2007,2.0
26/06/2007,0.0
27/06/2007,0.5
28/06/2007,0.0
29/06/2007,0.5
30/06/2007,0.5
01/07/2007,0.0
02/07/2007,0.0
03/07/2007,0.0
04/07/2007,0.0
05/07/2007,0.0
06/07/2007,0.0
07/07/2007,14.1
08/07/2007,25.4
09/07/2007,0.0
10/07/2007,12.0
11/07/2007,8.5
12/07/2007,0.0
13/07/2007,19.0
14/07/2007,0.0
15/07/2007,6.0
16/07/2007,0.4
17/07/2007,1.1
18/07/2007,6.5
19/07/2007,0.0
20/07/2007,1.5
21/07/2007,0.4
22/07/2007,36.1
23/07/2007,16.5
24/07/2007,3.8
25/07/2007,0.2
26/07/2007,0.5
27/07/2007,44.0
28/07/2007,23.5
29/07/2007,0.0
30/07/2007,31.0
31/07/2007,13.0
01/08/2007,0.4
02/08/2007,1.6
03/08/2007,0.0
04/08/2007,0.0
05/08/2007,0.0
06/08/2007,0.0
07/08/2007,0.0
08/08/2007,0.0
09/08/2007,0.0
10/08/2007,0.0
11/08/2007,4.8
12/08/2007,9.7
13/08/2007,0.0
14/08/2007,35.5
15/08/2007,4.1
16/08/2007,46.9
17/08/2007,0.0
18/08/2007,0.5
19/08/2007,34.6
20/08/2007,43.4
21/08/2007,17.0
22/08/2007,1.0
23/08/2007,0.0
24/08/2007,9.5
25/08/2007,36.0
26/08/2007,11.5
27/08/2007,49.0
28/08/2007,32.0
29/08/2007,8.0
30/08/2007,27.5
31/08/2007,50.0
01/09/2007,9.0
02/09/2007,0.5
03/09/2007,0.0
04/09/2007,49.5
05/09/2007,0.0
06/09/2007,0.0
07/09/2007,0.0
08/09/2007,0.0
09/09/2007,0.0
10/09/2007,25.4
11/09/2007,39.8
12/09/2007,14.4
13/09/2007,47.0
14/09/2007,25.2
15/09/2007,1.8
16/09/2007,3.6
17/09/2007,0.4
18/09/2007,6.0
19/09/2007,4.0
20/09/2007,0.5
21/09/2007,17.0
22/09/2007,31.0
23/09/2007,42.0
24/09/2007,8.0
25/09/2007,0.0
26/09/2007,33.0
27/09/2007,12.0
28/09/2007,16.0
29/09/2007,0.0
30/09/2007,29.0
01/10/2007,0.0
02/10/2007,0.5
03/10/2007,0.0
04/10/2007,9.9
05/10/2007,7.1
06/10/2007,2.5
07/10/2007,0.0
08/10/2007,0.0
09/10/2007,0.0
10/10/2007,0.0
11/10/2007,0.0
12/10/2007,9.0
13/10/2007,1.0
14/10/2007,0.0
15/10/2007,3.5
16/10/2007,0.0
17/10/2007,0.0
18/10/2007,12.3
19/10/2007,1.7
20/10/2007,12.0
21/10/2007,1.6
22/10/2007,10.4
23/10/2007,35.0
24/10/2007,10.0
25/10/2007,12.5
26/10/2007,49.5
27/10/2007,0.0
28/10/2007,0.0
29/10/2007,119.5
30/10/2007,0.5
31/10/2007,6.5
01/11/2007,28.1
02/11/2007,40.9
03/11/2007,13.4
04/11/2007,1.6
05/11/2007,1.3
06/11/2007,11.2
07/11/2007,23.5
08/11/2007,37.0
09/11/2007,12.0
10/11/2007,107.2
11/11/2007,14.0
12/11/2007,9.8
13/11/2007,0.5
14/11/2007,0.6
15/11/2007,8.0
16/11/2007,1.9
17/11/2007,6.0
18/11/2007,0.0
19/11/2007,14.2
20/11/2007,27.8
21/11/2007,0.0
22/11/2007,0.0
23/11/2007,0.0
24/11/2007,0.0
25/11/2007,0.0
26/11/2007,0.0
27/11/2007,6.0
28/11/2007,8.9
29/11/2007,81.8
30/11/2007,8.3
01/12/2007,0.0
02/12/2007,0.5
03/12/2007,7.6
04/12/2007,3.3
05/12/2007,75.7
06/12/2007,98.1
07/12/2007,137.2
08/12/2007,130.9
09/12/2007,72.1
10/12/2007,63.2
11/12/2007,58.9
12/12/2007,10.7
13/12/2007,16.8
14/12/2007,77.3
15/12/2007,36.1
16/12/2007,66.9
17/12/2007,42.8
18/12/2007,22.2
19/12/2007,17.4
20/12/2007,10.7
21/12/2007,63.5
22/12/2007,0.0
23/12/2007,0.0
24/12/2007,0.0
25/12/2007,0.0
26/12/2007,0.0
27/12/2007,0.0
28/12/2007,0.0
29/12/2007,0.0
30/12/2007,0.5
31/12/2007,124.0
01/01/2008,84.0
02/01/2008,18.3
03/01/2008,20.5
04/01/2008,2.0
05/01/2008,32.2
06/01/2008,21.0
07/01/2008,11.3
08/01/2008,11.7
09/01/2008,3.5
10/01/2008,0.0
11/01/2008,0.0
12/01/2008,0.0
13/01/2008,0.0
14/01/2008,0.0
15/01/2008,0.0
16/01/2008,12.6
17/01/2008,52.6
18/01/2008,6.0
19/01/2008,7.8
20/01/2008,0.4
21/01/2008,3.6
22/01/2008,0.4
23/01/2008,1.1
24/01/2008,0.0
25/01/2008,0.5
26/01/2008,0.4
27/01/2008,5.4
28/01/2008,5.7
29/01/2008,0.0
30/01/2008,0.0
31/01/2008,0.0
01/02/2008,145.5
02/02/2008,58.7
03/02/2008,1.1
04/02/2008,9.8
05/02/2008,4.9
06/02/2008,0.0
07/02/2008,0.0
08/02/2008,0.0
09/02/2008,0.0
10/02/2008,0.0
11/02/2008,0.0
12/02/2008,0.0
13/02/2008,0.0
14/02/2008,6.0
15/02/2008,0.0
16/02/2008,0.0
17/02/2008,0.0
18/02/2008,0.0
19/02/2008,0.0
20/02/2008,0.0
21/02/2008,0.0
22/02/2008,0.0
23/02/2008,0.0
24/02/2008,0.3
25/02/2008,20.2
26/02/2008,1.5
27/02/2008,30.0
28/02/2008,92.6
29/02/2008,13.3
01/03/2008,13.5
02/03/2008,4.1
03/03/2008,0.0
04/03/2008,29.8
05/03/2008,6.1
06/03/2008,75.2
07/03/2008,47.2
08/03/2008,20.2
09/03/2008,13.3
10/03/2008,6.0
11/03/2008,4.4
12/03/2008,12.3
13/03/2008,1.0
14/03/2008,1.7
15/03/2008,6.8
16/03/2008,0.0
17/03/2008,0.0
18/03/2008,0.0
19/03/2008,0.0
20/03/2008,0.0
21/03/2008,0.0
22/03/2008,1.0
23/03/2008,2.4
24/03/2008,31.0
25/03/2008,100.1
26/03/2008,13.0
27/03/2008,0.0
28/03/2008,0.0
29/03/2008,0.0
30/03/2008,0.0
31/03/2008,0.0
01/04/2008,0.0
02/04/2008,7.5
03/04/2008,0.4
04/04/2008,10.1
05/04/2008,1.5
06/04/2008,18.0
07/04/2008,0.5
08/04/2008,0.0
09/04/2008,0.0
10/04/2008,0.0
11/04/2008,0.0
12/04/2008,0.5
13/04/2008,0.0
14/04/2008,0.0
15/04/2008,1.5
16/04/2008,0.0
17/04/2008,0.0
18/04/2008,0.0
19/04/2008,0.0
20/04/2008,0.0
21/04/2008,0.0
22/04/2008,6.5
23/04/2008,11.2
24/04/2008,10.0
25/04/2008,0.8
26/04/2008,114.5
27/04/2008,0.0
28/04/2008,0.0
29/04/2008,52.5
30/04/2008,0.0
01/05/2008,1.5
02/05/2008,1.5
03/05/2008,7.5
04/05/2008,0.5
05/05/2008,21.7
06/05/2008,9.4
07/05/2008,15.7
08/05/2008,34.1
09/05/2008,26.6
10/05/2008,0.9
11/05/2008,0.0
12/05/2008,0.0
13/05/2008,0.0
14/05/2008,0.0
15/05/2008,0.0
16/05/2008,1.5
17/05/2008,0.0
18/05/2008,0.0
19/05/2008,0.4
20/05/2008,32.1
21/05/2008,1.5
22/05/2008,1.5
23/05/2008,19.5
24/05/2008,6.5
25/05/2008,20.0
26/05/2008,0.0
27/05/2008,0.0
28/05/2008,0.0
29/05/2008,0.0
30/05/2008,0.0
31/05/2008,7.0
01/06/2008,2.0
02/06/2008,0.5
03/06/2008,0.0
04/06/2008,0.0
05/06/2008,0.0
06/06/2008,36.5
07/06/2008,0.4
08/06/2008,4.6
09/06/2008,0.0
10/06/2008,52.6
11/06/2008,18.9
12/06/2008,7.4
13/06/2008,0.0
14/06/2008,0.0
15/06/2008,0.5
16/06/2008,0.5
17/06/2008,0.0
18/06/2008,0.0
19/06/2008,9.5
20/06/2008,6.4
21/06/2008,1.6
22/06/2008,0.0
23/06/2008,10.5
24/06/2008,0.0
25/06/2008,5.4
26/06/2008,15.1
27/06/2008,0.4
28/06/2008,33.5
29/06/2008,99.6
30/06/2008,19.2
01/07/2008,3.3
02/07/2008,64.0
03/07/2008,60.5
04/07/2008,0.0
05/07/2008,10.0
06/07/2008,1.5
07/07/2008,10.8
08/07/2008,0.2
09/07/2008,0.0
10/07/2008,15.5
11/07/2008,0.0
12/07/2008,0.5
13/07/2008,8.5
14/07/2008,2.5
15/07/2008,0.0
16/07/2008,0.0
17/07/2008,14.7
18/07/2008,4.8
19/07/2008,0.0
20/07/2008,16.0
21/07/2008,0.0
22/07/2008,43.5
23/07/2008,3.0
24/07/2008,11.8
25/07/2008,6.7
26/07/2008,8.7
27/07/2008,0.3
28/07/2008,1.0
29/07/2008,0.0
30/07/2008,0.0
31/07/2008,0.0
01/08/2008,0.0
02/08/2008,2.0
03/08/2008,13.0
04/08/2008,0.4
05/08/2008,56.4
06/08/2008,34.2
07/08/2008,0.0
08/08/2008,0.4
09/08/2008,5.1
10/08/2008,6.3
11/08/2008,3.8
12/08/2008,78.7
13/08/2008,1.7
14/08/2008,36.5
15/08/2008,25.0
16/08/2008,6.0
17/08/2008,2.5
18/08/2008,59.5
19/08/2008,2.5
20/08/2008,13.0
21/08/2008,9.0
22/08/2008,0.0
23/08/2008,0.5
24/08/2008,50.5
25/08/2008,0.0
26/08/2008,3.5
27/08/2008,0.5
28/08/2008,8.0
29/08/2008,55.0
30/08/2008,0.0
31/08/2008,0.0
01/09/2008,0.0
02/09/2008,39.5
03/09/2008,0.0
04/09/2008,0.4
05/09/2008,18.6
06/09/2008,68.6
07/09/2008,5.4
08/09/2008,0.0
09/09/2008,0.0
10/09/2008,0.0
11/09/2008,0.0
12/09/2008,0.0
13/09/2008,22.3
14/09/2008,5.5
15/09/2008,0.2
16/09/2008,0.5
17/09/2008,0.0
18/09/2008,0.0
19/09/2008,0.0
20/09/2008,0.0
21/09/2008,40.5
22/09/2008,0.0
23/09/2008,0.0
24/09/2008,0.0
25/09/2008,0.0
26/09/2008,45.0
27/09/2008,0.0
28/09/2008,19.5
29/09/2008,13.0
30/09/2008,0.5
01/10/2008,2.5
02/10/2008,0.0
03/10/2008,3.5
04/10/2008,25.5
05/10/2008,0.0
06/10/2008,0.4
07/10/2008,1.1
08/10/2008,12.3
09/10/2008,0.2
10/10/2008,0.0
11/10/2008,0.0
12/10/2008,17.0
13/10/2008,0.5
14/10/2008,0.0
15/10/2008,0.0
16/10/2008,0.0
17/10/2008,4.0
18/10/2008,0.0
19/10/2008,0.3
20/10/2008,5.6
21/10/2008,5.3
22/10/2008,4.5
23/10/2008,16.7
24/10/2008,21.3
25/10/2008,29.9
26/10/2008,3.4
27/10/2008,49.0
28/10/2008,0.0
29/10/2008,7.5
30/10/2008,2.7
31/10/2008,0.3
01/11/2008,0.5
02/11/2008,4.5
03/11/2008,0.0
04/11/2008,1.0
05/11/2008,0.0
06/11/2008,1.0
07/11/2008,0.4
08/11/2008,25.1
09/11/2008,5.2
10/11/2008,25.8
11/11/2008,14.8
12/11/2008,5.6
13/11/2008,19.6
14/11/2008,13.0
15/11/2008,0.0
16/11/2008,0.0
17/11/2008,0.0
18/11/2008,13.2
19/11/2008,74.2
20/11/2008,141.6
21/11/2008,43.2
22/11/2008,11.1
23/11/2008,17.3
24/11/2008,20.1
25/11/2008,26.0
26/11/2008,11.7
27/11/2008,32.1
28/11/2008,97.1
29/11/2008,196.2
30/11/2008,3.6
01/12/2008,140.1
02/12/2008,19.5
03/12/2008,0.0
04/12/2008,0.0
05/12/2008,32.4
06/12/2008,276.6
07/12/2008,62.0
08/12/2008,17.4
09/12/2008,0.4
10/12/2008,2.4
11/12/2008,64.2
12/12/2008,0.4
13/12/2008,13.8
14/12/2008,95.6
15/12/2008,42.7
16/12/2008,8.6
17/12/2008,15.6
18/12/2008,4.9
19/12/2008,1.5
20/12/2008,5.5
21/12/2008,0.5
22/12/2008,2.0
23/12/2008,0.9
24/12/2008,35.1
25/12/2008,37.4
26/12/2008,15.0
27/12/2008,35.8
28/12/2008,19.7
29/12/2008,64.1
30/12/2008,12.4
31/12/2008,8.4
01/01/2009,106.1
02/01/2009,93.7
03/01/2009,219.1
04/01/2009,60.7
05/01/2009,5.5
06/01/2009,0.0
07/01/2009,3.5
08/01/2009,4.5
09/01/2009,0.0
10/01/2009,2.2
11/01/2009,1.5
12/01/2009,9.3
13/01/2009,94.5
14/01/2009,34.6
15/01/2009,4.2
16/01/2009,14.3
17/01/2009,0.3
18/01/2009,0.0
19/01/2009,0.0
20/01/2009,0.0
21/01/2009,0.0
22/01/2009,0.0
23/01/2009,8.1
24/01/2009,40.0
25/01/2009,36.5
26/01/2009,0.0
27/01/2009,0.0
28/01/2009,0.0
29/01/2009,0.0
30/01/2009,0.0
31/01/2009,0.0
01/02/2009,0.0
02/02/2009,0.0
03/02/2009,0.0
04/02/2009,0.5
05/02/2009,0.0
06/02/2009,0.0
07/02/2009,0.0
08/02/2009,0.0
09/02/2009,0.0
10/02/2009,0.0
11/02/2009,0.0
12/02/2009,0.0
13/02/2009,0.0
14/02/2009,0.0
15/02/2009,0.0
16/02/2009,0.0
17/02/2009,0.0
18/02/2009,0.0
19/02/2009,0.0
20/02/2009,0.0
21/02/2009,0.0
22/02/2009,0.0
23/02/2009,0.0
24/02/2009,0.0
25/02/2009,0.0
26/02/2009,0.0
27/02/2009,0.0
28/02/2009,0.0
01/03/2009,46.7
02/03/2009,74.1
03/03/2009,280.2
04/03/2009,4.0
05/03/2009,21.4
06/03/2009,44.6
07/03/2009,0.0
08/03/2009,0.0
09/03/2009,6.5
10/03/2009,0.0
11/03/2009,0.0
12/03/2009,0.0
13/03/2009,0.0
14/03/2009,33.8
15/03/2009,78.7
16/03/2009,37.9
17/03/2009,47.7
18/03/2009,17.9
19/03/2009,57.1
20/03/2009,8.5
21/03/2009,17.5
22/03/2009,2.0
23/03/2009,21.5
24/03/2009,2.5
25/03/2009,0.0
26/03/2009,0.0
27/03/2009,105.0
28/03/2009,28.5
29/03/2009,2.0
30/03/2009,0.0
31/03/2009,0.4
01/04/2009,16.6
02/04/2009,14.5
03/04/2009,28.5
04/04/2009,0.3
05/04/2009,14.7
06/04/2009,0.4
07/04/2009,53.1
08/04/2009,0.5
09/04/2009,13.0
10/04/2009,9.5
11/04/2009,0.0
12/04/2009,0.0
13/04/2009,0.0
14/04/2009,7.5
15/04/2009,14.0
16/04/2009,0.5
17/04/2009,0.0
18/04/2009,20.0
19/04/2009,3.5
20/04/2009,0.0
21/04/2009,0.0
22/04/2009,0.0
23/04/2009,18.0
24/04/2009,45.5
25/04/2009,7.6
26/04/2009,2.4
27/04/2009,8.5
28/04/2009,0.5
29/04/2009,34.5
30/04/2009,0.5
01/05/2009,1.0
02/05/2009,24.0
03/05/2009,0.0
04/05/2009,0.0
05/05/2009,64.0
06/05/2009,0.5
07/05/2009,5.5
08/05/2009,1.1
09/05/2009,3.3
10/05/2009,23.6
11/05/2009,6.8
12/05/2009,16.2
13/05/2009,4.5
14/05/2009,1.0
15/05/2009,5.0
16/05/2009,0.5
17/05/2009,20.0
18/05/2009,22.5
19/05/2009,11.0
20/05/2009,15.8
21/05/2009,0.2
22/05/2009,0.8
23/05/2009,0.7
24/05/2009,36.0
25/05/2009,1.5
26/05/2009,117.5
27/05/2009,1.0
28/05/2009,14.5
29/05/2009,2.0
30/05/2009,33.5
31/05/2009,0.0
01/06/2009,0.0
02/06/2009,0.4
03/06/2009,2.1
04/06/2009,0.0
05/06/2009,0.0
06/06/2009,27.4
07/06/2009,57.6
08/06/2009,0.0
09/06/2009,0.0
10/06/2009,2.5
11/06/2009,40.0
12/06/2009,0.0
13/06/2009,0.0
14/06/2009,8.5
15/06/2009,0.0
16/06/2009,0.0
17/06/2009,12.5
18/06/2009,0.0
19/06/2009,20.5
20/06/2009,0.0
21/06/2009,2.0
22/06/2009,37.5
23/06/2009,39.2
24/06/2009,79.3
25/06/2009,0.0
26/06/2009,1.5
27/06/2009,1.5
28/06/2009,6.0
29/06/2009,13.4
30/06/2009,20.1
01/07/2009,0.0
02/07/2009,0.0
03/07/2009,4.5
04/07/2009,2.5
05/07/2009,0.0
06/07/2009,0.0
07/07/2009,1.5
08/07/2009,0.0
09/07/2009,0.0
10/07/2009,23.0
11/07/2009,2.7
12/07/2009,0.2
13/07/2009,3.0
14/07/2009,11.0
15/07/2009,0.0
16/07/2009,0.0
17/07/2009,0.0
18/07/2009,2.0
19/07/2009,0.0
20/07/2009,0.0
21/07/2009,1.0
22/07/2009,35.0
23/07/2009,2.1
24/07/2009,11.4
25/07/2009,0.5
26/07/2009,6.0
27/07/2009,7.5
28/07/2009,1.0
29/07/2009,0.5
30/07/2009,3.0
31/07/2009,0.5
01/08/2009,12.0
02/08/2009,21.0
03/08/2009,0.0
04/08/2009,0.5
05/08/2009,1.5
06/08/2009,0.0
07/08/2009,7.5
08/08/2009,3.5
09/08/2009,9.0
10/08/2009,0.0
11/08/2009,0.0
12/08/2009,5.5
13/08/2009,4.0
14/08/2009,0.0
15/08/2009,0.0
16/08/2009,0.0
17/08/2009,0.0
18/08/2009,0.0
19/08/2009,1.0
20/08/2009,0.0
21/08/2009,54.0
22/08/2009,5.5
23/08/2009,7.0
24/08/2009,30.5
25/08/2009,0.0
26/08/2009,0.0
27/08/2009,3.0
28/08/2009,22.0
29/08/2009,58.9
30/08/2009,8.6
31/08/2009,80.0
01/09/2009,0.0
02/09/2009,0.0
03/09/2009,7.5
04/09/2009,3.0
05/09/2009,10.9
06/09/2009,1.6
07/09/2009,7.0
08/09/2009,7.2
09/09/2009,0.3
10/09/2009,0.0
11/09/2009,7.5
12/09/2009,91.1
13/09/2009,14.4
14/09/2009,9.0
15/09/2009,4.0
16/09/2009,63.3
17/09/2009,1.7
18/09/2009,0.0
19/09/2009,1.5
20/09/2009,0.0
21/09/2009,2.2
22/09/2009,20.8
23/09/2009,24.5
24/09/2009,0.5
25/09/2009,2.5
26/09/2009,0.4
27/09/2009,0.1
28/09/2009,0.0
29/09/2009,0.0
30/09/2009,1.0
01/10/2009,0.0
02/10/2009,0.0
03/10/2009,27.4
04/10/2009,9.6
05/10/2009,12.3
06/10/2009,0.2
07/10/2009,0.0
08/10/2009,52.0
09/10/2009,34.0
10/10/2009,84.4
11/10/2009,0.6
12/10/2009,1.7
13/10/2009,0.7
14/10/2009,1.6
15/10/2009,0.0
16/10/2009,0.0
17/10/2009,31.5
18/10/2009,25.5
19/10/2009,43.5
20/10/2009,48.5
21/10/2009,0.4
22/10/2009,3.6
23/10/2009,0.0
24/10/2009,0.5
25/10/2009,24.5
26/10/2009,11.5
27/10/2009,5.5
28/10/2009,32.7
29/10/2009,6.6
30/10/2009,8.1
31/10/2009,0.1
01/11/2009,3.0
02/11/2009,48.5
03/11/2009,6.4
04/11/2009,119.2
05/11/2009,66.4
06/11/2009,0.0
07/11/2009,0.0
08/11/2009,0.0
09/11/2009,0.0
10/11/2009,0.0
11/11/2009,0.0
12/11/2009,0.0
13/11/2009,0.0
14/11/2009,0.0
15/11/2009,0.0
16/11/2009,0.0
17/11/2009,0.0
18/11/2009,0.0
19/11/2009,0.0
20/11/2009,0.0
21/11/2009,0.0
22/11/2009,0.0
23/11/2009,0.0
24/11/2009,0.0
25/11/2009,0.0
26/11/2009,0.0
27/11/2009,0.0
28/11/2009,0.0
29/11/2009,0.0
30/11/2009,0.0
01/12/2009,150.6
02/12/2009,142.4
03/12/2009,40.0
04/12/2009,30.1
05/12/2009,7.4
06/12/2009,1.5
07/12/2009,21.0
08/12/2009,3.3
09/12/2009,0.6
10/12/2009,0.1
11/12/2009,0.0
12/12/2009,0.0
13/12/2009,0.4
14/12/2009,29.1
15/12/2009,4.5
16/12/2009,8.4
17/12/2009,96.5
18/12/2009,43.6
19/12/2009,101.9
20/12/2009,7.2
21/12/2009,5.9
22/12/2009,12.9
23/12/2009,29.7
24/12/2009,4.0
25/12/2009,4.6
26/12/2009,11.6
27/12/2009,26.3
28/12/2009,0.2
29/12/2009,0.3
30/12/2009,0.0
31/12/2009,0.0
01/01/2010,19.0
02/01/2010,30.5
03/01/2010,43.5
04/01/2010,57.5
05/01/2010,1.0
06/01/2010,168.2
07/01/2010,30.3
08/01/2010,0.0
09/01/2010,0.0
10/01/2010,0.0
11/01/2010,0.0
12/01/2010,0.0
13/01/2010,11.5
14/01/2010,13.0
15/01/2010,0.0
16/01/2010,0.0
17/01/2010,0.0
18/01/2010,0.0
19/01/2010,0.0
20/01/2010,14.7
21/01/2010,10.3
22/01/2010,17.0
23/01/2010,38.1
24/01/2010,17.9
25/01/2010,1.4
26/01/2010,66.3
27/01/2010,14.8
28/01/2010,0.0
29/01/2010,13.5
30/01/2010,0.5
31/01/2010,0.0
01/02/2010,0.0
02/02/2010,0.0
03/02/2010,0.5
04/02/2010,0.0
05/02/2010,0.5
06/02/2010,0.4
07/02/2010,1.6
08/02/2010,0.0
09/02/2010,0.5
10/02/2010,3.0
11/02/2010,0.0
12/02/2010,0.0
13/02/2010,0.0
14/02/2010,0.0
15/02/2010,0.0
16/02/2010,0.4
17/02/2010,12.0
18/02/2010,6.0
19/02/2010,0.0
20/02/2010,0.0
21/02/2010,27.5
22/02/2010,0.0
23/02/2010,0.5
24/02/2010,0.0
25/02/2010,26.0
26/02/2010,0.0
27/02/2010,0.0
28/02/2010,0.0
01/03/2010,0.0
02/03/2010,0.0
03/03/2010,0.0
04/03/2010,0.0
05/03/2010,0.0
06/03/2010,0.0
07/03/2010,0.0
08/03/2010,0.0
09/03/2010,0.0
10/03/2010,0.4
11/03/2010,9.9
12/03/2010,32.5
13/03/2010,62.4
14/03/2010,42.8
15/03/2010,0.0
16/03/2010,0.0
17/03/2010,4.0
18/03/2010,6.0
19/03/2010,44.7
20/03/2010,1.3
21/03/2010,0.0
22/03/2010,0.0
23/03/2010,0.0
24/03/2010,0.0
25/03/2010,0.0
26/03/2010,0.0
27/03/2010,0.0
28/03/2010,1.5
29/03/2010,128.7
30/03/2010,15.8
31/03/2010,5.5
01/04/2010,3.0
02/04/2010,2.9
03/04/2010,28.6
04/04/2010,31.0
05/04/2010,0.0
06/04/2010,0.0
07/04/2010,0.0
08/04/2010,0.0
09/04/2010,0.0
10/04/2010,0.0
11/04/2010,0.0
12/04/2010,0.0
13/04/2010,5.5
14/04/2010,0.0
15/04/2010,0.0
16/04/2010,0.0
17/04/2010,5.1
18/04/2010,0.4
19/04/2010,0.0
20/04/2010,0.0
21/04/2010,0.0
22/04/2010,0.0
23/04/2010,0.0
24/04/2010,0.3
25/04/2010,76.8
26/04/2010,42.8
27/04/2010,1.0
28/04/2010,6.5
29/04/2010,0.0
30/04/2010,0.0
01/05/2010,0.0
02/05/2010,0.0
03/05/2010,0.0
04/05/2010,0.0
05/05/2010,0.0
06/05/2010,0.0
07/05/2010,0.0
08/05/2010,0.0
09/05/2010,0.0
10/05/2010,0.0
11/05/2010,0.0
12/05/2010,0.0
13/05/2010,0.0
14/05/2010,0.0
15/05/2010,21.0
16/05/2010,107.7
17/05/2010,4.3
18/05/2010,15.8
19/05/2010,11.2
20/05/2010,0.5
21/05/2010,0.5
22/05/2010,19.0
23/05/2010,0.0
24/05/2010,0.4
25/05/2010,52.6
26/05/2010,0.0
27/05/2010,0.5
28/05/2010,0.0
29/05/2010,24.0
30/05/2010,26.0
31/05/2010,3.5
01/06/2010,5.0
02/06/2010,13.0
03/06/2010,9.5
04/06/2010,18.5
05/06/2010,44.5
06/06/2010,12.0
07/06/2010,52.5
08/06/2010,0.0
09/06/2010,42.5
10/06/2010,0.0
11/06/2010,0.0
12/06/2010,0.0
13/06/2010,13.0
14/06/2010,33.0
15/06/2010,52.9
16/06/2010,10.3
17/06/2010,2.8
18/06/2010,0.5
19/06/2010,0.0
20/06/2010,9.6
21/06/2010,1.4
22/06/2010,2.2
23/06/2010,8.0
24/06/2010,0.8
25/06/2010,22.0
26/06/2010,0.0
27/06/2010,0.0
28/06/2010,24.5
29/06/2010,29.0
30/06/2010,14.0
01/07/2010,46.5
02/07/2010,0.5
03/07/2010,24.2
04/07/2010,7.9
05/07/2010,3.0
06/07/2010,0.0
07/07/2010,25.5
08/07/2010,0.0
09/07/2010,0.0
10/07/2010,0.0
11/07/2010,2.5
12/07/2010,1.0
13/07/2010,27.5
14/07/2010,8.5
15/07/2010,30.5
16/07/2010,24.5
17/07/2010,18.3
18/07/2010,3.1
19/07/2010,8.1
20/07/2010,16.5
21/07/2010,0.0
22/07/2010,66.3
23/07/2010,1.7
24/07/2010,0.4
25/07/2010,6.0
26/07/2010,0.0
27/07/2010,0.4
28/07/2010,1.1
29/07/2010,21.8
30/07/2010,3.2
31/07/2010,40.5
01/08/2010,51.9
02/08/2010,1.1
03/08/2010,21.4
04/08/2010,4.6
05/08/2010,0.5
06/08/2010,0.0
07/08/2010,0.0
08/08/2010,0.0
09/08/2010,0.0
10/08/2010,0.5
11/08/2010,57.5
12/08/2010,29.5
13/08/2010,0.0
14/08/2010,0.4
15/08/2010,7.1
16/08/2010,0.0
17/08/2010,0.0
18/08/2010,13.9
19/08/2010,31.6
20/08/2010,0.0
21/08/2010,0.0
22/08/2010,2.0
23/08/2010,1.5
24/08/2010,0.0
25/08/2010,1.0
26/08/2010,9.5
27/08/2010,0.0
28/08/2010,11.5
29/08/2010,10.5
30/08/2010,0.0
31/08/2010,0.0
01/09/2010,1.9
02/09/2010,23.6
03/09/2010,19.1
04/09/2010,4.4
05/09/2010,0.0
06/09/2010,12.3
07/09/2010,0.5
08/09/2010,2.6
09/09/2010,20.5
10/09/2010,0.5
11/09/2010,10.8
12/09/2010,15.2
13/09/2010,0.0
14/09/2010,0.4
15/09/2010,4.6
16/09/2010,0.0
17/09/2010,3.2
18/09/2010,24.8
19/09/2010,0.5
20/09/2010,10.5
21/09/2010,0.0
22/09/2010,0.0
23/09/2010,0.0
24/09/2010,4.0
25/09/2010,0.0
26/09/2010,0.0
27/09/2010,0.0
28/09/2010,8.4
29/09/2010,0.1
30/09/2010,4.5
01/10/2010,12.5
02/10/2010,55.0
03/10/2010,0.0
04/10/2010,22.5
05/10/2010,0.0
06/10/2010,37.0
07/10/2010,6.0
08/10/2010,0.0
09/10/2010,0.0
10/10/2010,0.0
11/10/2010,1.0
12/10/2010,0.0
13/10/2010,2.0
14/10/2010,4.0
15/10/2010,0.0
16/10/2010,0.0
17/10/2010,0.0
18/10/2010,0.5
19/10/2010,0.4
20/10/2010,6.6
21/10/2010,0.0
22/10/2010,0.0
23/10/2010,0.0
24/10/2010,0.0
25/10/2010,32.0
26/10/2010,5.8
27/10/2010,3.7
28/10/2010,2.6
29/10/2010,3.3
30/10/2010,23.8
31/10/2010,160.9
01/11/2010,59.8
02/11/2010,42.0
03/11/2010,25.4
04/11/2010,9.7
05/11/2010,24.2
06/11/2010,1.2
07/11/2010,4.5
08/11/2010,9.0
09/11/2010,9.5
10/11/2010,60.0
11/11/2010,3.5
12/11/2010,6.5
13/11/2010,40.5
14/11/2010,10.0
15/11/2010,12.0
16/11/2010,5.0
17/11/2010,17.0
18/11/2010,0.0
19/11/2010,15.9
20/11/2010,28.6
21/11/2010,12.0
22/11/2010,8.0
23/11/2010,10.9
24/11/2010,62.6
25/11/2010,4.8
26/11/2010,1.1
27/11/2010,57.9
28/11/2010,11.6
29/11/2010,35.9
30/11/2010,4.2
01/12/2010,27.1
02/12/2010,8.3
03/12/2010,18.0
04/12/2010,83.2
05/12/2010,16.9
06/12/2010,4.1
07/12/2010,16.9
08/12/2010,14.4
09/12/2010,29.2
10/12/2010,0.0
11/12/2010,0.0
12/12/2010,0.0
13/12/2010,2.0
14/12/2010,0.0
15/12/2010,0.0
16/12/2010,1.6
17/12/2010,41.0
18/12/2010,66.2
19/12/2010,13.0
20/12/2010,76.5
21/12/2010,42.2
22/12/2010,3.6
23/12/2010,29.5
24/12/2010,0.5
25/12/2010,0.0
26/12/2010,0.4
27/12/2010,58.4
28/12/2010,101.2
29/12/2010,88.9
30/12/2010,137.3
31/12/2010,46.4
01/01/2011,24.4
02/01/2011,34.2
03/01/2011,11.3
04/01/2011,24.6
05/01/2011,147.6
06/01/2011,188.4
07/01/2011,130.0
08/01/2011,33.2
09/01/2011,2.7
10/01/2011,16.5
11/01/2011,0.0
12/01/2011,0.0
13/01/2011,1.0
14/01/2011,0.0
15/01/2011,0.0
16/01/2011,0.4
17/01/2011,49.6
18/01/2011,0.0
19/01/2011,0.0
20/01/2011,0.0
21/01/2011,0.0
22/01/2011,0.4
23/01/2011,6.4
24/01/2011,3.1
25/01/2011,18.0
26/01/2011,1.0
27/01/2011,7.0
28/01/2011,14.0
29/01/2011,9.5
30/01/2011,6.9
31/01/2011,9.6
01/02/2011,0.3
02/02/2011,2.9
03/02/2011,2.3
04/02/2011,0.0
05/02/2011,0.0
06/02/2011,0.0
07/02/2011,0.0
08/02/2011,0.0
09/02/2011,0.0
10/02/2011,0.0
11/02/2011,0.0
12/02/2011,0.0
13/02/2011,0.0
14/02/2011,0.4
15/02/2011,16.3
16/02/2011,1.8
17/02/2011,0.0
18/02/2011,0.0
19/02/2011,0.0
20/02/2011,0.0
21/02/2011,1.0
22/02/2011,42.7
23/02/2011,16.3
24/02/2011,1.0
25/02/2011,0.0
26/02/2011,0.0
27/02/2011,0.0
28/02/2011,0.0
01/03/2011,0.0
02/03/2011,0.0
03/03/2011,0.0
04/03/2011,0.0
05/03/2011,0.0
06/03/2011,0.0
07/03/2011,0.4
08/03/2011,42.7
09/03/2011,279.3
10/03/2011,18.2
11/03/2011,44.0
12/03/2011,77.4
13/03/2011,2.9
14/03/2011,10.1
15/03/2011,10.9
16/03/2011,19.8
17/03/2011,41.9
18/03/2011,40.7
19/03/2011,24.6
20/03/2011,33.2
21/03/2011,1.0
22/03/2011,11.7
23/03/2011,3.3
24/03/2011,35.9
25/03/2011,61.0
26/03/2011,33.6
27/03/2011,0.7
28/03/2011,43.3
29/03/2011,106.0
30/03/2011,17.0
31/03/2011,3.5
01/04/2011,3.2
02/04/2011,12.8
03/04/2011,0.0
04/04/2011,4.0
05/04/2011,0.0
06/04/2011,0.0
07/04/2011,0.0
08/04/2011,0.0
09/04/2011,64.9
10/04/2011,150.4
11/04/2011,0.7
12/04/2011,0.0
13/04/2011,0.4
14/04/2011,10.1
15/04/2011,0.0
16/04/2011,0.0
17/04/2011,4.0
18/04/2011,22.0
19/04/2011,0.0
20/04/2011,0.0
21/04/2011,0.0
22/04/2011,0.0
23/04/2011,0.0
24/04/2011,0.0
25/04/2011,0.0
26/04/2011,0.0
27/04/2011,0.0
28/04/2011,0.0
29/04/2011,1.0
30/04/2011,0.5
01/05/2011,0.0
02/05/2011,0.0
03/05/2011,0.0
04/05/2011,0.0
05/05/2011,1.0
06/05/2011,0.0
07/05/2011,1.5
08/05/2011,3.1
09/05/2011,45.9
10/05/2011,3.0
11/05/2011,0.5
12/05/2011,0.0
13/05/2011,0.0
14/05/2011,2.5
15/05/2011,37.0
16/05/2011,0.0
17/05/2011,1.0
18/05/2011,17.5
19/05/2011,20.5
20/05/2011,40.5
21/05/2011,0.0
22/05/2011,3.0
23/05/2011,3.0
24/05/2011,38.4
25/05/2011,46.1
26/05/2011,0.4
27/05/2011,37.6
28/05/2011,1.5
29/05/2011,5.0
30/05/2011,6.5
31/05/2011,0.0
01/06/2011,0.0
02/06/2011,4.0
03/06/2011,0.5
04/06/2011,9.0
05/06/2011,33.0
06/06/2011,19.5
07/06/2011,51.0
08/06/2011,12.8
09/06/2011,66.7
10/06/2011,34.0
11/06/2011,25.0
12/06/2011,0.0
13/06/2011,0.5
14/06/2011,0.5
15/06/2011,17.6
16/06/2011,0.4
17/06/2011,0.0
18/06/2011,29.1
19/06/2011,1.4
20/06/2011,0.0
21/06/2011,2.0
22/06/2011,18.9
23/06/2011,0.2
24/06/2011,31.4
25/06/2011,12.5
26/06/2011,3.5
27/06/2011,17.1
28/06/2011,0.0
29/06/2011,1.5
30/06/2011,4.0
01/07/2011,0.0
02/07/2011,13.0
03/07/2011,0.0
04/07/2011,26.5
05/07/2011,0.5
06/07/2011,0.0
07/07/2011,1.0
08/07/2011,0.0
09/07/2011,0.0
10/07/2011,0.0
11/07/2011,0.0
12/07/2011,20.0
13/07/2011,2.0
14/07/2011,0.0
15/07/2011,32.5
16/07/2011,0.5
17/07/2011,28.6
18/07/2011,0.0
19/07/2011,1.0
20/07/2011,0.0
21/07/2011,4.0
22/07/2011,4.0
23/07/2011,10.7
24/07/2011,50.9
25/07/2011,2.9
26/07/2011,24.8
27/07/2011,0.2
28/07/2011,0.0
29/07/2011,0.0
30/07/2011,0.0
31/07/2011,0.0
01/08/2011,0.0
02/08/2011,0.0
03/08/2011,28.5
04/08/2011,0.0
05/08/2011,0.0
06/08/2011,4.8
07/08/2011,13.2
08/08/2011,26.5
09/08/2011,0.0
10/08/2011,1.0
11/08/2011,0.0
12/08/2011,6.0
13/08/2011,0.5
14/08/2011,3.0
15/08/2011,37.0
16/08/2011,9.5
17/08/2011,0.0
18/08/2011,0.5
19/08/2011,0.0
20/08/2011,0.0
21/08/2011,0.0
22/08/2011,0.0
23/08/2011,7.3
24/08/2011,4.2
25/08/2011,17.9
26/08/2011,3.1
27/08/2011,33.0
28/08/2011,46.5
29/08/2011,1.5
30/08/2011,0.0
31/08/2011,48.5
01/09/2011,0.0
02/09/2011,8.5
03/09/2011,0.0
04/09/2011,4.0
05/09/2011,3.5
06/09/2011,0.0
07/09/2011,2.0
08/09/2011,14.5
09/09/2011,6.5
10/09/2011,8.4
11/09/2011,0.6
12/09/2011,0.0
13/09/2011,3.0
14/09/2011,0.0
15/09/2011,0.0
16/09/2011,21.5
17/09/2011,18.0
18/09/2011,71.4
19/09/2011,0.5
20/09/2011,3.0
21/09/2011,2.4
22/09/2011,13.9
23/09/2011,3.8
24/09/2011,0.0
25/09/2011,17.1
26/09/2011,30.4
27/09/2011,20.5
28/09/2011,7.5
29/09/2011,12.0
30/09/2011,0.0
01/10/2011,16.5
02/10/2011,6.5
03/10/2011,6.5
04/10/2011,36.5
05/10/2011,9.0
06/10/2011,4.0
07/10/2011,0.0
08/10/2011,62.0
09/10/2011,17.0
10/10/2011,27.1
11/10/2011,61.3
12/10/2011,2.1
13/10/2011,0.0
14/10/2011,0.5
15/10/2011,41.0
16/10/2011,1.0
17/10/2011,4.0
18/10/2011,32.9
19/10/2011,9.1
20/10/2011,35.0
21/10/2011,15.5
22/10/2011,0.0
23/10/2011,31.6
24/10/2011,8.9
25/10/2011,1.0
26/10/2011,17.8
27/10/2011,17.7
28/10/2011,2.4
29/10/2011,13.3
30/10/2011,29.1
31/10/2011,18.4
01/11/2011,11.8
02/11/2011,0.5
03/11/2011,2.5
04/11/2011,0.5
05/11/2011,5.2
06/11/2011,0.9
07/11/2011,38.9
08/11/2011,6.5
09/11/2011,0.0
10/11/2011,2.0
11/11/2011,43.0
12/11/2011,48.0
13/11/2011,1.4
14/11/2011,13.4
15/11/2011,32.3
16/11/2011,19.3
17/11/2011,0.0
18/11/2011,0.0
19/11/2011,3.4
20/11/2011,50.3
21/11/2011,225.8
22/11/2011,272.2
23/11/2011,194.0
24/11/2011,93.0
25/11/2011,62.1
26/11/2011,43.4
27/11/2011,32.3
28/11/2011,30.5
29/11/2011,63.1
30/11/2011,2.4
01/12/2011,0.5
02/12/2011,1.5
03/12/2011,0.0
04/12/2011,107.5
05/12/2011,5.0
06/12/2011,1.0
07/12/2011,0.0
08/12/2011,0.0
09/12/2011,7.7
10/12/2011,104.1
11/12/2011,27.1
12/12/2011,26.5
13/12/2011,9.6
14/12/2011,4.0
15/12/2011,40.6
16/12/2011,63.8
17/12/2011,44.7
18/12/2011,21.0
19/12/2011,46.0
20/12/2011,1.5
21/12/2011,28.9
22/12/2011,14.2
23/12/2011,39.3
24/12/2011,22.6
25/12/2011,7.2
26/12/2011,1.3
27/12/2011,10.1
28/12/2011,26.4
29/12/2011,2.9
30/12/2011,33.8
31/12/2011,104.7
01/01/2012,133.4
02/01/2012,79.8
03/01/2012,16.4
04/01/2012,0.0
05/01/2012,0.0
06/01/2012,0.0
07/01/2012,0.3
08/01/2012,3.7
09/01/2012,7.6
10/01/2012,43.4
11/01/2012,36.1
12/01/2012,33.8
13/01/2012,112.1
14/01/2012,235.9
15/01/2012,3.9
16/01/2012,20.2
17/01/2012,4.3
18/01/2012,21.0
19/01/2012,47.2
20/01/2012,112.8
21/01/2012,0.0
22/01/2012,0.0
23/01/2012,0.0
24/01/2012,0.0
25/01/2012,0.0
26/01/2012,0.0
27/01/2012,7.2
28/01/2012,9.8
29/01/2012,16.5
30/01/2012,2.0
31/01/2012,19.1
01/02/2012,7.4
02/02/2012,12.4
03/02/2012,17.1
04/02/2012,1.0
05/02/2012,0.0
06/02/2012,0.0
07/02/2012,0.0
08/02/2012,0.0
09/02/2012,0.0
10/02/2012,0.0
11/02/2012,0.5
12/02/2012,19.5
13/02/2012,2.0
14/02/2012,0.0
15/02/2012,2.0
16/02/2012,0.0
17/02/2012,0.0
18/02/2012,29.0
19/02/2012,0.0
20/02/2012,0.0
21/02/2012,0.0
22/02/2012,0.0
23/02/2012,0.5
24/02/2012,0.5
25/02/2012,0.0
26/02/2012,0.0
27/02/2012,58.0
28/02/2012,0.0
29/02/2012,1.5
01/03/2012,6.4
02/03/2012,29.5
03/03/2012,43.1
04/03/2012,79.0
05/03/2012,6.9
06/03/2012,0.1
07/03/2012,0.0
08/03/2012,3.0
09/03/2012,0.0
10/03/2012,0.4
11/03/2012,4.5
12/03/2012,53.6
13/03/2012,41.0
14/03/2012,0.3
15/03/2012,6.2
16/03/2012,0.0
17/03/2012,0.0
18/03/2012,0.0
19/03/2012,0.0
20/03/2012,21.0
21/03/2012,0.0
22/03/2012,6.5
23/03/2012,2.5
24/03/2012,0.0
25/03/2012,1.3
26/03/2012,15.7
27/03/2012,1.5
28/03/2012,0.0
29/03/2012,0.0
30/03/2012,9.5
31/03/2012,1.5
01/04/2012,0.0
02/04/2012,7.8
03/04/2012,3.7
04/04/2012,0.0
05/04/2012,0.0
06/04/2012,2.5
07/04/2012,0.0
08/04/2012,9.3
09/04/2012,7.7
10/04/2012,0.0
11/04/2012,0.0
12/04/2012,0.0
13/04/2012,0.0
14/04/2012,0.0
15/04/2012,0.0
16/04/2012,5.5
17/04/2012,0.0
18/04/2012,0.0
19/04/2012,3.0
20/04/2012,0.0
21/04/2012,59.0
22/04/2012,0.0
23/04/2012,0.0
24/04/2012,0.0
25/04/2012,19.0
26/04/2012,0.0
27/04/2012,2.0
28/04/2012,0.0
29/04/2012,10.5
30/04/2012,0.0
01/05/2012,0.0
02/05/2012,34.0
03/05/2012,0.0
04/05/2012,46.2
05/05/2012,1.3
06/05/2012,34.0
07/05/2012,0.0
08/05/2012,1.0
09/05/2012,0.0
10/05/2012,0.0
11/05/2012,0.0
12/05/2012,30.5
13/05/2012,0.5
14/05/2012,2.5
15/05/2012,0.5
16/05/2012,0.0
17/05/2012,8.5
18/05/2012,0.0
19/05/2012,10.0
20/05/2012,12.0
21/05/2012,35.0
22/05/2012,5.0
23/05/2012,19.0
24/05/2012,37.7
25/05/2012,0.3
26/05/2012,0.0
27/05/2012,4.0
28/05/2012,20.7
29/05/2012,0.3
30/05/2012,16.8
31/05/2012,4.7
01/06/2012,8.0
02/06/2012,8.5
03/06/2012,0.0
04/06/2012,0.0
05/06/2012,0.0
06/06/2012,0.0
07/06/2012,3.5
08/06/2012,0.5
09/06/2012,1.0
10/06/2012,14.2
11/06/2012,2.8
12/06/2012,0.0
13/06/2012,0.0
14/06/2012,0.0
15/06/2012,0.0
16/06/2012,0.0
17/06/2012,0.0
18/06/2012,0.0
19/06/2012,0.0
20/06/2012,0.0
21/06/2012,3.5
22/06/2012,0.0
23/06/2012,2.5
24/06/2012,0.5
25/06/2012,9.0
26/06/2012,10.3
27/06/2012,11.2
28/06/2012,0.0
29/06/2012,0.0
30/06/2012,0.0
01/07/2012,0.0
02/07/2012,21.5
03/07/2012,6.8
04/07/2012,19.6
05/07/2012,12.6
06/07/2012,0.5
07/07/2012,5.0
08/07/2012,31.9
09/07/2012,5.1
10/07/2012,0.0
11/07/2012,0.4
12/07/2012,13.1
13/07/2012,0.0
14/07/2012,0.5
15/07/2012,0.0
16/07/2012,0.0
17/07/2012,13.9
18/07/2012,14.0
19/07/2012,5.1
20/07/2012,0.1
21/07/2012,7.5
22/07/2012,1.5
23/07/2012,6.0
24/07/2012,0.0
25/07/2012,0.0
26/07/2012,0.5
27/07/2012,0.5
28/07/2012,11.0
29/07/2012,0.0
30/07/2012,0.0
31/07/2012,0.0
01/08/2012,0.0
02/08/2012,0.0
03/08/2012,5.5
04/08/2012,0.5
05/08/2012,1.0
06/08/2012,0.0
07/08/2012,0.5
08/08/2012,1.0
09/08/2012,0.0
10/08/2012,0.0
11/08/2012,6.0
12/08/2012,0.0
13/08/2012,1.0
14/08/2012,0.0
15/08/2012,0.0
16/08/2012,2.5
17/08/2012,6.5
18/08/2012,0.0
19/08/2012,8.0
20/08/2012,45.5
21/08/2012,0.0
22/08/2012,56.0
23/08/2012,0.0
24/08/2012,9.0
25/08/2012,0.0
26/08/2012,2.5
27/08/2012,17.6
28/08/2012,2.4
29/08/2012,0.0
30/08/2012,22.5
31/08/2012,0.0
01/09/2012,3.5
02/09/2012,15.0
03/09/2012,0.0
04/09/2012,1.0
05/09/2012,27.0
06/09/2012,0.0
07/09/2012,5.0
08/09/2012,4.5
09/09/2012,0.0
10/09/2012,0.5
11/09/2012,58.5
12/09/2012,36.8
13/09/2012,23.2
14/09/2012,2.5
15/09/2012,0.0
16/09/2012,0.0
17/09/2012,7.0
18/09/2012,23.8
19/09/2012,93.7
20/09/2012,4.5
21/09/2012,40.5
22/09/2012,14.0
23/09/2012,0.5
24/09/2012,9.5
25/09/2012,7.0
26/09/2012,6.5
27/09/2012,0.0
28/09/2012,0.0
29/09/2012,0.0
30/09/2012,0.4
01/10/2012,6.1
02/10/2012,3.0
03/10/2012,1.7
04/10/2012,8.3
05/10/2012,0.0
06/10/2012,17.0
07/10/2012,0.0
08/10/2012,9.3
09/10/2012,24.7
10/10/2012,34.0
11/10/2012,38.0
12/10/2012,0.5
13/10/2012,0.0
14/10/2012,1.0
15/10/2012,2.5
16/10/2012,11.0
17/10/2012,0.4
18/10/2012,9.2
19/10/2012,34.4
20/10/2012,0.3
21/10/2012,16.6
22/10/2012,26.6
23/10/2012,0.0
24/10/2012,104.2
25/10/2012,10.6
26/10/2012,0.7
27/10/2012,0.0
28/10/2012,0.0
29/10/2012,0.0
30/10/2012,0.4
31/10/2012,5.4
01/11/2012,3.7
02/11/2012,0.0
03/11/2012,1.9
04/11/2012,6.1
05/11/2012,22.5
06/11/2012,0.0
07/11/2012,3.4
08/11/2012,7.8
09/11/2012,9.5
10/11/2012,41.9
11/11/2012,3.8
12/11/2012,6.2
13/11/2012,0.0
14/11/2012,0.0
15/11/2012,0.0
16/11/2012,0.0
17/11/2012,0.0
18/11/2012,1.0
19/11/2012,0.0
20/11/2012,10.5
21/11/2012,8.5
22/11/2012,0.5
23/11/2012,0.5
24/11/2012,5.5
25/11/2012,2.5
26/11/2012,0.5
27/11/2012,5.0
28/11/2012,0.0
29/11/2012,29.4
30/11/2012,2.6
01/12/2012,1.0
02/12/2012,0.0
03/12/2012,0.4
04/12/2012,12.6
05/12/2012,0.4
06/12/2012,7.1
07/12/2012,0.5
08/12/2012,0.4
09/12/2012,17.6
10/12/2012,0.0
11/12/2012,0.0
12/12/2012,3.0
13/12/2012,13.4
14/12/2012,20.9
15/12/2012,45.7
16/12/2012,90.9
17/12/2012,11.5
18/12/2012,38.7
19/12/2012,52.8
20/12/2012,96.8
21/12/2012,39.3
22/12/2012,112.8
23/12/2012,161.3
24/12/2012,431.2
25/12/2012,82.4
26/12/2012,28.6
27/12/2012,10.5
28/12/2012,28.1
29/12/2012,0.3
30/12/2012,40.8
31/12/2012,183.5
01/01/2013,19.0
02/01/2013,87.8
03/01/2013,123.1
04/01/2013,10.9
05/01/2013,0.0
06/01/2013,0.0
07/01/2013,0.3
08/01/2013,1.7
09/01/2013,12.0
10/01/2013,0.0
11/01/2013,12.5
12/01/2013,0.0
13/01/2013,7.0
14/01/2013,0.0
15/01/2013,6.0
16/01/2013,6.5
17/01/2013,0.5
18/01/2013,18.6
19/01/2013,7.9
20/01/2013,24.2
21/01/2013,58.3
22/01/2013,15.9
23/01/2013,19.1
24/01/2013,39.1
25/01/2013,0.0
26/01/2013,0.0
27/01/2013,0.0
28/01/2013,0.0
29/01/2013,0.0
30/01/2013,0.0
31/01/2013,0.9
01/02/2013,2.1
02/02/2013,2.5
03/02/2013,18.5
04/02/2013,22.8
05/02/2013,3.2
06/02/2013,0.0
07/02/2013,0.0
08/02/2013,0.0
09/02/2013,0.0
10/02/2013,1.0
11/02/2013,36.7
12/02/2013,261.3
13/02/2013,18.2
14/02/2013,31.0
15/02/2013,50.0
16/02/2013,25.2
17/02/2013,6.5
18/02/2013,3.7
19/02/2013,0.0
20/02/2013,0.5
21/02/2013,0.0
22/02/2013,3.1
23/02/2013,6.7
24/02/2013,109.1
25/02/2013,247.3
26/02/2013,168.8
27/02/2013,4.9
28/02/2013,97.3
01/03/2013,5.8
02/03/2013,0.4
03/03/2013,1.1
04/03/2013,0.0
05/03/2013,0.5
06/03/2013,30.3
07/03/2013,25.2
08/03/2013,0.5
09/03/2013,0.0
10/03/2013,0.0
11/03/2013,0.0
12/03/2013,0.0
13/03/2013,0.0
14/03/2013,0.0
15/03/2013,0.5
16/03/2013,18.0
17/03/2013,0.0
18/03/2013,0.0
19/03/2013,0.0
20/03/2013,0.0
21/03/2013,0.0
22/03/2013,0.0
23/03/2013,0.0
24/03/2013,0.0
25/03/2013,0.0
26/03/2013,0.0
27/03/2013,0.0
28/03/2013,0.0
29/03/2013,0.0
30/03/2013,0.0
31/03/2013,0.0
01/04/2013,0.0
02/04/2013,0.5
03/04/2013,1.5
04/04/2013,1.0
05/04/2013,1.0
06/04/2013,0.0
07/04/2013,0.0
08/04/2013,0.0
09/04/2013,0.8
10/04/2013,6.2
11/04/2013,14.0
12/04/2013,13.5
13/04/2013,1.8
14/04/2013,12.2
15/04/2013,2.5
16/04/2013,21.4
17/04/2013,4.1
18/04/2013,0.0
19/04/2013,0.0
20/04/2013,0.0
21/04/2013,9.0
22/04/2013,0.5
23/04/2013,0.0
24/04/2013,6.0
25/04/2013,1.5
26/04/2013,32.0
27/04/2013,20.0
28/04/2013,31.5
29/04/2013,3.5
30/04/2013,26.0
01/05/2013,53.0
02/05/2013,16.5
03/05/2013,2.5
04/05/2013,0.5
05/05/2013,0.0
06/05/2013,9.9
07/05/2013,0.1
08/05/2013,0.0
09/05/2013,36.0
10/05/2013,9.5
11/05/2013,0.0
12/05/2013,0.0
13/05/2013,5.5
14/05/2013,19.0
15/05/2013,5.0
16/05/2013,0.0
17/05/2013,9.5
18/05/2013,15.0
19/05/2013,16.0
20/05/2013,3.0
21/05/2013,0.0
22/05/2013,0.0
23/05/2013,0.0
24/05/2013,3.0
25/05/2013,0.0
26/05/2013,58.5
27/05/2013,0.0
28/05/2013,0.0
29/05/2013,0.4
30/05/2013,11.6
31/05/2013,0.6
01/06/2013,1.5
02/06/2013,0.0
03/06/2013,0.0
04/06/2013,0.0
05/06/2013,0.4
06/06/2013,1.1
07/06/2013,0.0
08/06/2013,0.0
09/06/2013,0.0
10/06/2013,0.0
11/06/2013,13.6
12/06/2013,2.4
13/06/2013,0.0
14/06/2013,0.0
15/06/2013,0.0
16/06/2013,0.0
17/06/2013,0.0
18/06/2013,0.0
19/06/2013,0.0
20/06/2013,0.4
21/06/2013,0.6
22/06/2013,0.0
23/06/2013,4.2
24/06/2013,4.8
25/06/2013,0.0
26/06/2013,0.5
27/06/2013,10.0
28/06/2013,0.0
29/06/2013,0.0
30/06/2013,0.0
01/07/2013,0.0
02/07/2013,9.9
03/07/2013,0.1
04/07/2013,58.2
05/07/2013,0.3
06/07/2013,0.0
07/07/2013,8.5
08/07/2013,0.5
09/07/2013,32.7
10/07/2013,0.6
11/07/2013,0.1
12/07/2013,0.0
13/07/2013,25.3
14/07/2013,1.7
15/07/2013,0.0
16/07/2013,1.0
17/07/2013,20.0
18/07/2013,0.0
19/07/2013,0.0
20/07/2013,0.0
21/07/2013,0.0
22/07/2013,0.0
23/07/2013,0.0
24/07/2013,0.0
25/07/2013,2.0
26/07/2013,3.5
27/07/2013,3.4
28/07/2013,0.1
29/07/2013,0.0
30/07/2013,19.5
31/07/2013,7.2
01/08/2013,25.4
02/08/2013,20.8
03/08/2013,4.0
04/08/2013,10.5
05/08/2013,3.4
06/08/2013,32.1
07/08/2013,15.0
08/08/2013,8.2
09/08/2013,1.8
10/08/2013,0.5
11/08/2013,0.0
12/08/2013,56.6
13/08/2013,3.4
14/08/2013,0.0
15/08/2013,1.5
16/08/2013,0.0
17/08/2013,8.5
18/08/2013,7.0
19/08/2013,0.0
20/08/2013,32.5
21/08/2013,7.6
22/08/2013,25.0
23/08/2013,4.9
24/08/2013,0.4
25/08/2013,15.9
26/08/2013,1.9
27/08/2013,3.8
28/08/2013,4.0
29/08/2013,3.0
30/08/2013,41.0
31/08/2013,0.0
01/09/2013,4.0
02/09/2013,0.0
03/09/2013,0.0
04/09/2013,0.0
05/09/2013,0.0
06/09/2013,8.3
07/09/2013,12.0
08/09/2013,5.0
09/09/2013,2.2
10/09/2013,0.0
11/09/2013,5.5
12/09/2013,58.0
13/09/2013,74.0
14/09/2013,17.4
15/09/2013,4.1
16/09/2013,1.5
17/09/2013,0.0
18/09/2013,2.5
19/09/2013,0.0
20/09/2013,11.1
21/09/2013,2.9
22/09/2013,0.0
23/09/2013,0.0
24/09/2013,0.0
25/09/2013,0.0
26/09/2013,0.0
27/09/2013,37.0
28/09/2013,37.5
29/09/2013,1.0
30/09/2013,0.5
01/10/2013,84.9
02/10/2013,31.3
03/10/2013,76.1
04/10/2013,35.1
05/10/2013,0.0
06/10/2013,0.5
07/10/2013,96.5
08/10/2013,6.5
09/10/2013,10.5
10/10/2013,0.0
11/10/2013,0.0
12/10/2013,0.5
13/10/2013,5.5
14/10/2013,10.8
15/10/2013,51.7
16/10/2013,6.5
17/10/2013,0.4
18/10/2013,9.6
19/10/2013,22.5
20/10/2013,2.5
21/10/2013,1.3
22/10/2013,88.4
23/10/2013,0.3
24/10/2013,20.2
25/10/2013,59.1
26/10/2013,1.1
27/10/2013,4.6
28/10/2013,2.5
29/10/2013,0.0
30/10/2013,2.5
31/10/2013,0.9
01/11/2013,14.1
02/11/2013,1.1
03/11/2013,9.3
04/11/2013,5.9
05/11/2013,32.3
06/11/2013,3.9
07/11/2013,14.4
08/11/2013,0.6
09/11/2013,4.5
10/11/2013,1.0
11/11/2013,2.5
12/11/2013,16.5
13/11/2013,0.5
14/11/2013,0.0
15/11/2013,0.0
16/11/2013,0.9
17/11/2013,8.1
18/11/2013,17.0
19/11/2013,97.7
20/11/2013,77.7
21/11/2013,14.9
22/11/2013,1.2
23/11/2013,0.0
24/11/2013,14.5
25/11/2013,0.0
26/11/2013,0.0
27/11/2013,23.5
28/11/2013,98.5
29/11/2013,78.3
30/11/2013,64.6
01/12/2013,19.3
02/12/2013,58.7
03/12/2013,130.3
04/12/2013,134.1
05/12/2013,32.6
06/12/2013,30.0
07/12/2013,8.9
08/12/2013,1.2
09/12/2013,85.1
10/12/2013,133.0
11/12/2013,1.4
12/12/2013,29.2
13/12/2013,0.4
14/12/2013,59.1
15/12/2013,0.0
16/12/2013,28.5
17/12/2013,2.0
18/12/2013,0.5
19/12/2013,31.4
20/12/2013,8.1
21/12/2013,1.0
22/12/2013,0.0
23/12/2013,1.8
24/12/2013,0.2
25/12/2013,2.5
26/12/2013,14.4
27/12/2013,17.2
28/12/2013,40.3
29/12/2013,31.0
30/12/2013,2.1
31/12/2013,4.4
01/01/2014,10.9
02/01/2014,19.4
03/01/2014,3.8
04/01/2014,0.0
05/01/2014,23.1
06/01/2014,1.4
07/01/2014,0.0
08/01/2014,0.3
09/01/2014,26.8
10/01/2014,38.5
11/01/2014,68.2
12/01/2014,94.2
13/01/2014,3.9
14/01/2014,1.5
15/01/2014,7.8
16/01/2014,1.2
17/01/2014,4.2
18/01/2014,4.3
19/01/2014,1.0
20/01/2014,0.0
21/01/2014,0.0
22/01/2014,2.3
23/01/2014,6.7
24/01/2014,0.0
25/01/2014,0.0
26/01/2014,0.0
27/01/2014,0.0
28/01/2014,14.0
29/01/2014,0.0
30/01/2014,0.0
31/01/2014,0.0
01/02/2014,0.0
02/02/2014,0.0
03/02/2014,0.0
04/02/2014,0.0
05/02/2014,0.0
06/02/2014,0.0
07/02/2014,0.0
08/02/2014,0.0
09/02/2014,0.0
10/02/2014,0.0
11/02/2014,0.0
12/02/2014,0.0
13/02/2014,0.0
14/02/2014,0.0
15/02/2014,0.0
16/02/2014,5.3
17/02/2014,0.2
18/02/2014,0.0
19/02/2014,0.0
20/02/2014,50.9
21/02/2014,0.5
22/02/2014,3.7
23/02/2014,0.0
24/02/2014,0.0
25/02/2014,0.0
26/02/2014,0.0
27/02/2014,0.0
28/02/2014,0.0
01/03/2014,0.0
02/03/2014,0.0
03/03/2014,0.0
04/03/2014,0.0
05/03/2014,0.0
06/03/2014,0.0
07/03/2014,0.0
08/03/2014,0.0
09/03/2014,0.0
10/03/2014,0.0
11/03/2014,0.0
12/03/2014,0.0
13/03/2014,0.0
14/03/2014,0.5
15/03/2014,52.6
16/03/2014,17.7
17/03/2014,23.6
18/03/2014,0.1
19/03/2014,0.0
20/03/2014,0.0
21/03/2014,0.0
22/03/2014,0.0
23/03/2014,5.6
24/03/2014,7.9
25/03/2014,0.0
26/03/2014,0.0
27/03/2014,0.0
28/03/2014,0.0
29/03/2014,0.5
30/03/2014,0.0
31/03/2014,0.0
01/04/2014,0.0
02/04/2014,0.0
03/04/2014,0.0
04/04/2014,0.0
05/04/2014,0.0
06/04/2014,0.0
07/04/2014,0.0
08/04/2014,0.0
09/04/2014,0.0
10/04/2014,0.0
11/04/2014,0.0
12/04/2014,0.5
13/04/2014,0.0
14/04/2014,0.0
15/04/2014,0.0
16/04/2014,0.0
17/04/2014,0.0
18/04/2014,0.0
19/04/2014,14.0
20/04/2014,16.0
21/04/2014,0.0
22/04/2014,0.0
23/04/2014,0.0
24/04/2014,0.0
25/04/2014,48.0
26/04/2014,0.0
27/04/2014,0.0
28/04/2014,0.0
29/04/2014,0.0
30/04/2014,0.0
01/05/2014,0.0
02/05/2014,16.0
03/05/2014,0.0
04/05/2014,2.4
05/05/2014,17.6
06/05/2014,0.0
07/05/2014,3.5
08/05/2014,0.5
09/05/2014,0.0
10/05/2014,37.2
11/05/2014,0.3
12/05/2014,0.0
13/05/2014,4.2
14/05/2014,16.3
15/05/2014,8.0
16/05/2014,31.5
17/05/2014,15.0
18/05/2014,1.5
19/05/2014,0.0
20/05/2014,0.0
21/05/2014,0.0
22/05/2014,1.0
23/05/2014,0.0
24/05/2014,0.0
25/05/2014,0.5
26/05/2014,0.0
27/05/2014,14.0
28/05/2014,5.0
29/05/2014,0.5
30/05/2014,8.5
31/05/2014,20.5
01/06/2014,17.4
02/06/2014,3.1
03/06/2014,29.0
04/06/2014,8.5
05/06/2014,43.5
06/06/2014,0.0
07/06/2014,0.0
08/06/2014,1.0
09/06/2014,6.0
10/06/2014,0.0
11/06/2014,12.0
12/06/2014,45.5
13/06/2014,0.5
14/06/2014,0.0
15/06/2014,0.0
16/06/2014,5.5
17/06/2014,0.5
18/06/2014,0.0
19/06/2014,0.0
20/06/2014,0.0
21/06/2014,3.0
22/06/2014,0.0
23/06/2014,0.5
24/06/2014,0.0
25/06/2014,0.0
26/06/2014,0.5
27/06/2014,15.2
28/06/2014,45.3
29/06/2014,25.5
30/06/2014,21.9
01/07/2014,1.1
02/07/2014,28.5
03/07/2014,2.5
04/07/2014,12.5
05/07/2014,55.5
06/07/2014,70.0
07/07/2014,49.0
08/07/2014,0.0
09/07/2014,1.5
10/07/2014,0.0
11/07/2014,6.5
12/07/2014,0.0
13/07/2014,0.0
14/07/2014,2.5
15/07/2014,0.0
16/07/2014,45.4
17/07/2014,17.6
18/07/2014,0.0
19/07/2014,0.0
20/07/2014,0.0
21/07/2014,0.0
22/07/2014,2.5
23/07/2014,0.5
24/07/2014,0.0
25/07/2014,11.4
26/07/2014,24.1
27/07/2014,2.5
28/07/2014,3.5
29/07/2014,0.0
30/07/2014,0.0
31/07/2014,5.0
01/08/2014,0.0
02/08/2014,13.5
03/08/2014,0.5
04/08/2014,0.4
05/08/2014,12.1
06/08/2014,4.1
07/08/2014,21.1
08/08/2014,3.2
09/08/2014,0.0
10/08/2014,0.0
11/08/2014,4.5
12/08/2014,18.5
13/08/2014,0.0
14/08/2014,12.5
15/08/2014,40.9
16/08/2014,0.1
17/08/2014,29.0
18/08/2014,0.9
19/08/2014,28.6
20/08/2014,0.0
21/08/2014,0.5
22/08/2014,0.0
23/08/2014,0.0
24/08/2014,56.6
25/08/2014,31.4
26/08/2014,3.7
27/08/2014,0.3
28/08/2014,0.0
29/08/2014,1.0
30/08/2014,0.0
31/08/2014,9.1
01/09/2014,9.3
02/09/2014,43.6
03/09/2014,49.1
04/09/2014,21.3
05/09/2014,0.1
06/09/2014,0.0
07/09/2014,0.0
08/09/2014,1.0
09/09/2014,10.0
10/09/2014,0.0
11/09/2014,37.5
12/09/2014,16.2
13/09/2014,1.8
14/09/2014,29.0
15/09/2014,22.7
16/09/2014,2.3
17/09/2014,10.0
18/09/2014,0.0
19/09/2014,0.0
20/09/2014,0.0
21/09/2014,0.5
22/09/2014,0.0
23/09/2014,1.5
24/09/2014,0.0
25/09/2014,0.0
26/09/2014,0.0
27/09/2014,0.0
28/09/2014,0.0
29/09/2014,0.0
30/09/2014,0.0
01/10/2014,18.0
02/10/2014,2.5
03/10/2014,36.4
04/10/2014,31.1
05/10/2014,0.5
06/10/2014,0.0
07/10/2014,26.5
08/10/2014,0.0
09/10/2014,0.0
10/10/2014,0.5
11/10/2014,7.1
12/10/2014,33.4
13/10/2014,0.0
14/10/2014,0.0
15/10/2014,4.9
16/10/2014,2.5
17/10/2014,26.1
18/10/2014,10.6
19/10/2014,2.0
20/10/2014,6.0
21/10/2014,0.0
22/10/2014,0.0
23/10/2014,13.8
24/10/2014,27.7
25/10/2014,15.5
26/10/2014,0.5
27/10/2014,14.0
28/10/2014,0.0
29/10/2014,28.0
30/10/2014,2.8
31/10/2014,4.5
01/11/2014,29.5
02/11/2014,16.5
03/11/2014,1.1
04/11/2014,35.4
05/11/2014,8.4
06/11/2014,10.4
07/11/2014,5.7
08/11/2014,4.2
09/11/2014,2.9
10/11/2014,0.0
11/11/2014,0.0
12/11/2014,10.4
13/11/2014,45.7
14/11/2014,58.3
15/11/2014,46.8
16/11/2014,20.2
17/11/2014,64.8
18/11/2014,194.3
19/11/2014,19.2
20/11/2014,126.0
21/11/2014,0.3
22/11/2014,5.0
23/11/2014,1.7
24/11/2014,19.6
25/11/2014,1.2
26/11/2014,0.0
27/11/2014,0.0
28/11/2014,11.0
29/11/2014,0.0
30/11/2014,0.0
01/12/2014,0.0
02/12/2014,0.0
03/12/2014,0.0
04/12/2014,11.5
05/12/2014,0.0
06/12/2014,2.0
07/12/2014,34.5
08/12/2014,10.4
09/12/2014,1.2
10/12/2014,0.0
11/12/2014,0.0
12/12/2014,0.0
13/12/2014,0.0
14/12/2014,106.2
15/12/2014,201.4
16/12/2014,76.8
17/12/2014,296.3
18/12/2014,130.4
19/12/2014,17.3
20/12/2014,176.0
21/12/2014,62.0
22/12/2014,115.0
23/12/2014,58.7
24/12/2014,52.6
25/12/2014,31.2
26/12/2014,78.4
27/12/2014,27.2
28/12/2014,129.7
29/12/2014,54.7
30/12/2014,16.0
31/12/2014,7.9
01/01/2015,0.6
02/01/2015,12.3
03/01/2015,0.6
04/01/2015,2.0
05/01/2015,1.0
06/01/2015,31.6
07/01/2015,39.5
08/01/2015,45.8
09/01/2015,25.9
10/01/2015,103.1
11/01/2015,10.8
12/01/2015,0.0
13/01/2015,4.2
14/01/2015,2.3
15/01/2015,0.0
16/01/2015,0.0
17/01/2015,0.0
18/01/2015,15.0
19/01/2015,1.5
20/01/2015,3.5
21/01/2015,0.0
22/01/2015,0.0
23/01/2015,1.0
24/01/2015,0.0
25/01/2015,0.5
26/01/2015,0.5
27/01/2015,0.0
28/01/2015,0.4
29/01/2015,5.6
30/01/2015,2.5
31/01/2015,0.0
01/02/2015,1.4
02/02/2015,0.6
03/02/2015,41.1
04/02/2015,11.0
05/02/2015,6.0
06/02/2015,9.0
07/02/2015,4.5
08/02/2015,0.4
09/02/2015,1.0
10/02/2015,0.0
11/02/2015,0.0
12/02/2015,0.0
13/02/2015,0.0
14/02/2015,0.0
15/02/2015,0.0
16/02/2015,0.0
17/02/2015,0.0
18/02/2015,0.0
19/02/2015,0.0
20/02/2015,0.0
21/02/2015,0.0
22/02/2015,0.0
23/02/2015,0.0
24/02/2015,0.0
25/02/2015,0.0
26/02/2015,0.0
27/02/2015,0.0
28/02/2015,0.0
01/03/2015,0.0
02/03/2015,0.0
03/03/2015,0.0
04/03/2015,0.0
05/03/2015,0.0
06/03/2015,0.0
07/03/2015,0.0
08/03/2015,0.0
09/03/2015,0.5
10/03/2015,0.0
11/03/2015,0.0
12/03/2015,0.0
13/03/2015,0.0
14/03/2015,0.0
15/03/2015,0.0
16/03/2015,0.0
17/03/2015,0.0
18/03/2015,1.0
19/03/2015,0.0
20/03/2015,0.0
21/03/2015,0.0
22/03/2015,0.0
23/03/2015,0.0
24/03/2015,1.0
25/03/2015,12.0
26/03/2015,0.0
27/03/2015,2.9
28/03/2015,1.9
29/03/2015,17.9
30/03/2015,37.8
31/03/2015,21.5
01/04/2015,1.3
02/04/2015,0.2
03/04/2015,0.0
04/04/2015,0.0
05/04/2015,0.0
06/04/2015,0.0
07/04/2015,0.0
08/04/2015,0.0
09/04/2015,0.4
10/04/2015,40.6
11/04/2015,1.0
12/04/2015,0.0
13/04/2015,0.4
14/04/2015,14.1
15/04/2015,13.0
16/04/2015,0.0
17/04/2015,0.0
18/04/2015,1.0
19/04/2015,4.0
20/04/2015,0.0
21/04/2015,0.0
22/04/2015,0.4
23/04/2015,4.6
24/04/2015,0.0
25/04/2015,0.0
26/04/2015,16.9
27/04/2015,42.6
28/04/2015,0.0
29/04/2015,0.0
30/04/2015,7.5
01/05/2015,0.0
02/05/2015,0.0
03/05/2015,0.0
04/05/2015,0.0
05/05/2015,0.0
06/05/2015,0.0
07/05/2015,0.0
08/05/2015,0.0
09/05/2015,6.5
10/05/2015,0.0
11/05/2015,54.5
12/05/2015,13.0
13/05/2015,0.0
14/05/2015,25.5
15/05/2015,66.0
16/05/2015,2.9
17/05/2015,0.1
18/05/2015,10.0
19/05/2015,0.5
20/05/2015,7.5
21/05/2015,0.5
22/05/2015,0.5
23/05/2015,1.0
24/05/2015,3.5
25/05/2015,0.4
26/05/2015,8.4
27/05/2015,5.7
28/05/2015,0.5
29/05/2015,12.5
30/05/2015,1.5
31/05/2015,0.0
01/06/2015,0.0
02/06/2015,0.0
03/06/2015,0.0
04/06/2015,0.0
05/06/2015,0.0
06/06/2015,0.0
07/06/2015,0.0
08/06/2015,0.0
09/06/2015,0.0
10/06/2015,0.0
11/06/2015,0.0
12/06/2015,21.3
13/06/2015,1.7
14/06/2015,0.4
15/06/2015,72.0
16/06/2015,0.9
17/06/2015,4.3
18/06/2015,0.0
19/06/2015,0.5
20/06/2015,18.0
21/06/2015,15.9
22/06/2015,2.1
23/06/2015,0.0
24/06/2015,0.0
25/06/2015,0.0
26/06/2015,0.0
27/06/2015,0.0
28/06/2015,1.5
29/06/2015,0.4
30/06/2015,4.2
01/07/2015,0.2
02/07/2015,0.2
03/07/2015,3.7
04/07/2015,0.2
05/07/2015,28.3
06/07/2015,21.9
07/07/2015,3.5
08/07/2015,10.1
09/07/2015,0.4
10/07/2015,1.0
11/07/2015,0.2
12/07/2015,0.2
13/07/2015,3.9
14/07/2015,0.7
15/07/2015,35.0
16/07/2015,0.5
17/07/2015,10.0
18/07/2015,0.0
19/07/2015,0.0
20/07/2015,0.0
21/07/2015,0.0
22/07/2015,23.0
23/07/2015,0.0
24/07/2015,0.0
25/07/2015,0.0
26/07/2015,9.0
27/07/2015,10.5
28/07/2015,44.5
29/07/2015,17.7
30/07/2015,78.8
31/07/2015,0.4
01/08/2015,0.1
02/08/2015,0.0
03/08/2015,0.0
04/08/2015,0.0
05/08/2015,1.7
06/08/2015,2.0
07/08/2015,2.9
08/08/2015,11.9
09/08/2015,19.3
10/08/2015,13.8
11/08/2015,81.1
12/08/2015,6.9
13/08/2015,0.2
14/08/2015,0.2
15/08/2015,28.5
16/08/2015,4.0
17/08/2015,59.0
18/08/2015,0.5
19/08/2015,52.0
20/08/2015,4.0
21/08/2015,9.0
22/08/2015,25.0
23/08/2015,8.5
24/08/2015,1.5
25/08/2015,0.3
26/08/2015,1.2
27/08/2015,0.0
28/08/2015,0.0
29/08/2015,0.4
30/08/2015,1.2
31/08/2015,0.2
01/09/2015,7.6
02/09/2015,0.0
03/09/2015,1.0
04/09/2015,0.0
05/09/2015,2.5
06/09/2015,1.5
07/09/2015,0.0
08/09/2015,11.0
09/09/2015,57.0
10/09/2015,8.5
11/09/2015,0.0
12/09/2015,16.5
13/09/2015,38.5
14/09/2015,0.0
15/09/2015,0.0
16/09/2015,2.0
17/09/2015,1.5
18/09/2015,0.0
19/09/2015,0.0
20/09/2015,0.0
21/09/2015,0.0
22/09/2015,0.8
23/09/2015,0.2
24/09/2015,0.4
25/09/2015,0.1
26/09/2015,8.0
27/09/2015,93.3
28/09/2015,2.6
29/09/2015,4.5
30/09/2015,0.5
01/10/2015,0.5
02/10/2015,9.0
03/10/2015,0.0
04/10/2015,12.5
05/10/2015,0.0
06/10/2015,0.0
07/10/2015,0.0
08/10/2015,0.0
09/10/2015,1.5
10/10/2015,0.0
11/10/2015,30.5
12/10/2015,22.0
13/10/2015,3.0
14/10/2015,22.5
15/10/2015,0.0
16/10/2015,1.0
17/10/2015,8.0
18/10/2015,26.0
19/10/2015,11.0
20/10/2015,0.0
21/10/2015,1.0
22/10/2015,0.0
23/10/2015,0.7
24/10/2015,25.8
25/10/2015,7.5
26/10/2015,0.8
27/10/2015,10.1
28/10/2015,22.0
29/10/2015,48.8
30/10/2015,55.7
31/10/2015,4.3
01/11/2015,9.1
02/11/2015,26.6
03/11/2015,14.0
04/11/2015,4.0
05/11/2015,17.4
06/11/2015,18.1
07/11/2015,18.0
08/11/2015,0.0
09/11/2015,0.5
10/11/2015,6.4
11/11/2015,5.4
12/11/2015,0.2
13/11/2015,7.0
14/11/2015,0.0
15/11/2015,1.0
16/11/2015,4.1
17/11/2015,20.5
18/11/2015,54.9
19/11/2015,5.4
20/11/2015,23.3
21/11/2015,4.3
22/11/2015,5.5
23/11/2015,0.0
24/11/2015,0.0
25/11/2015,116.7
26/11/2015,83.8
27/11/2015,33.6
28/11/2015,47.5
29/11/2015,4.2
30/11/2015,7.8
01/12/2015,11.2
02/12/2015,1.7
03/12/2015,35.2
04/12/2015,42.5
05/12/2015,21.5
06/12/2015,26.0
07/12/2015,29.9
08/12/2015,0.0
09/12/2015,0.5
10/12/2015,1.9
11/12/2015,30.6
12/12/2015,7.5
13/12/2015,0.0
14/12/2015,0.0
15/12/2015,23.8
16/12/2015,22.1
17/12/2015,10.2
18/12/2015,0.0
19/12/2015,1.0
20/12/2015,0.0
21/12/2015,0.4
22/12/2015,21.4
23/12/2015,22.3
24/12/2015,3.2
25/12/2015,69.0
26/12/2015,21.5
27/12/2015,28.5
28/12/2015,0.2
29/12/2015,19.8
30/12/2015,26.2
31/12/2015,0.0
01/01/2016,0.0
02/01/2016,0.0
03/01/2016,0.0
04/01/2016,0.0
05/01/2016,0.0
06/01/2016,0.0
07/01/2016,0.0
08/01/2016,0.0
09/01/2016,0.0
10/01/2016,0.0
11/01/2016,0.0
12/01/2016,0.0
13/01/2016,0.0
14/01/2016,0.4
15/01/2016,17.6
16/01/2016,0.0
17/01/2016,19.5
18/01/2016,0.0
19/01/2016,0.0
20/01/2016,0.0
21/01/2016,15.0
22/01/2016,60.0
23/01/2016,0.4
24/01/2016,16.5
25/01/2016,23.2
26/01/2016,61.0
27/01/2016,46.5
28/01/2016,19.4
29/01/2016,4.5
30/01/2016,0.0
31/01/2016,21.5
01/02/2016,0.4
02/02/2016,12.2
03/02/2016,19.8
04/02/2016,100.8
05/02/2016,38.5
06/02/2016,58.7
07/02/2016,51.7
08/02/2016,1.4
09/02/2016,0.0
10/02/2016,0.7
11/02/2016,5.3
12/02/2016,31.2
13/02/2016,39.8
14/02/2016,0.5
15/02/2016,0.0
16/02/2016,0.0
17/02/2016,0.5
18/02/2016,4.7
19/02/2016,10.4
20/02/2016,0.0
21/02/2016,0.0
22/02/2016,7.0
23/02/2016,0.0
24/02/2016,5.1
25/02/2016,1.8
26/02/2016,3.0
27/02/2016,42.3
28/02/2016,47.6
29/02/2016,12.2
01/03/2016,0.0
02/03/2016,0.0
03/03/2016,1.0
04/03/2016,0.0
05/03/2016,2.5
06/03/2016,0.0
07/03/2016,2.5
08/03/2016,0.0
09/03/2016,0.0
10/03/2016,0.0
11/03/2016,0.0
12/03/2016,0.0
13/03/2016,0.0
14/03/2016,0.0
15/03/2016,0.0
16/03/2016,0.0
17/03/2016,0.0
18/03/2016,0.0
19/03/2016,0.0
20/03/2016,0.0
21/03/2016,0.0
22/03/2016,0.0
23/03/2016,0.0
24/03/2016,0.0
25/03/2016,0.0
26/03/2016,1.0
27/03/2016,15.0
28/03/2016,33.0
29/03/2016,0.0
30/03/2016,0.0
31/03/2016,0.0
01/04/2016,0.0
02/04/2016,0.0
03/04/2016,0.0
04/04/2016,0.0
05/04/2016,0.0
06/04/2016,0.0
07/04/2016,0.0
08/04/2016,0.0
09/04/2016,0.0
10/04/2016,0.0
11/04/2016,0.0
12/04/2016,0.0
13/04/2016,0.0
14/04/2016,0.0
15/04/2016,2.0
16/04/2016,0.0
17/04/2016,0.0
18/04/2016,0.0
19/04/2016,0.0
20/04/2016,0.0
21/04/2016,0.0
22/04/2016,0.0
23/04/2016,0.0
24/04/2016,0.0
25/04/2016,0.0
26/04/2016,0.0
27/04/2016,0.0
28/04/2016,0.0
29/04/2016,0.0
30/04/2016,0.0
01/05/2016,0.0
02/05/2016,1.5
03/05/2016,0.0
04/05/2016,0.0
05/05/2016,0.0
06/05/2016,0.0
07/05/2016,0.0
08/05/2016,0.0
09/05/2016,0.0
10/05/2016,0.0
11/05/2016,0.0
12/05/2016,0.0
13/05/2016,14.5
14/05/2016,0.0
15/05/2016,0.0
16/05/2016,0.0
17/05/2016,0.0
18/05/2016,0.0
19/05/2016,0.5
20/05/2016,0.5
21/05/2016,0.0
22/05/2016,0.0
23/05/2016,0.0
24/05/2016,0.0
25/05/2016,0.0
26/05/2016,2.5
27/05/2016,30.5
28/05/2016,37.7
29/05/2016,11.9
30/05/2016,6.4
31/05/2016,17.1
01/06/2016,0.5
02/06/2016,0.8
03/06/2016,2.2
04/06/2016,16.4
05/06/2016,0.1
06/06/2016,0.1
07/06/2016,0.1
08/06/2016,0.1
09/06/2016,0.1
10/06/2016,0.1
11/06/2016,2.8
12/06/2016,3.4
13/06/2016,5.2
14/06/2016,22.7
15/06/2016,18.5
16/06/2016,13.5
17/06/2016,54.5
18/06/2016,40.5
19/06/2016,0.0
20/06/2016,0.0
21/06/2016,10.9
22/06/2016,0.1
23/06/2016,24.5
24/06/2016,6.0
25/06/2016,0.0
26/06/2016,40.1
27/06/2016,0.9
28/06/2016,0.0
29/06/2016,0.0
30/06/2016,17.6
01/07/2016,0.3
02/07/2016,4.2
03/07/2016,0.2
04/07/2016,0.2
05/07/2016,34.3
06/07/2016,32.9
07/07/2016,37.7
08/07/2016,6.5
09/07/2016,0.3
10/07/2016,2.8
11/07/2016,3.1
12/07/2016,0.6
13/07/2016,33.6
14/07/2016,15.5
15/07/2016,0.0
16/07/2016,0.0
17/07/2016,0.0
18/07/2016,0.9
19/07/2016,21.1
20/07/2016,3.0
21/07/2016,0.5
22/07/2016,4.0
23/07/2016,1.0
24/07/2016,4.0
25/07/2016,1.3
26/07/2016,19.6
27/07/2016,6.5
28/07/2016,38.1
29/07/2016,0.9
30/07/2016,0.0
31/07/2016,0.0
01/08/2016,0.0
02/08/2016,1.0
03/08/2016,0.0
04/08/2016,0.0
05/08/2016,0.0
06/08/2016,0.0
07/08/2016,1.0
08/08/2016,0.0
09/08/2016,15.8
10/08/2016,26.7
11/08/2016,56.5
12/08/2016,15.5
13/08/2016,1.5
14/08/2016,0.0
15/08/2016,0.0
16/08/2016,3.5
17/08/2016,0.5
18/08/2016,0.0
19/08/2016,2.0
20/08/2016,0.6
21/08/2016,0.4
22/08/2016,14.5
23/08/2016,6.0
24/08/2016,18.0
25/08/2016,46.5
26/08/2016,12.5
27/08/2016,49.0
28/08/2016,5.0
29/08/2016,0.0
30/08/2016,44.5
31/08/2016,0.0
01/09/2016,0.0
02/09/2016,0.0
03/09/2016,19.0
04/09/2016,11.5
05/09/2016,2.5
06/09/2016,22.5
07/09/2016,2.8
08/09/2016,16.7
09/09/2016,0.4
10/09/2016,0.6
11/09/2016,0.5
12/09/2016,0.5
13/09/2016,0.0
14/09/2016,8.0
15/09/2016,2.4
16/09/2016,0.6
17/09/2016,29.2
18/09/2016,0.3
19/09/2016,33.5
20/09/2016,0.0
21/09/2016,16.3
22/09/2016,2.2
23/09/2016,0.0
24/09/2016,0.5
25/09/2016,12.8
26/09/2016,10.8
27/09/2016,1.5
28/09/2016,14.0
29/09/2016,0.0
30/09/2016,0.0
01/10/2016,0.0
02/10/2016,0.0
03/10/2016,4.0
04/10/2016,22.0
05/10/2016,60.3
06/10/2016,9.7
07/10/2016,12.3
08/10/2016,38.2
09/10/2016,1.0
10/10/2016,12.5
11/10/2016,0.0
12/10/2016,15.5
13/10/2016,0.0
14/10/2016,0.0
15/10/2016,12.0
16/10/2016,3.5
17/10/2016,1.5
18/10/2016,21.0
19/10/2016,0.0
20/10/2016,15.9
21/10/2016,5.1
22/10/2016,14.0
23/10/2016,11.5
24/10/2016,0.5
25/10/2016,0.0
26/10/2016,10.5
27/10/2016,0.0
28/10/2016,27.5
29/10/2016,1.5
30/10/2016,6.0
31/10/2016,48.9
01/11/2016,8.1
02/11/2016,17.5
03/11/2016,0.0
04/11/2016,5.0
05/11/2016,0.4
06/11/2016,0.6
07/11/2016,3.0
08/11/2016,89.5
09/11/2016,0.0
10/11/2016,10.8
11/11/2016,16.1
12/11/2016,7.0
13/11/2016,2.1
14/11/2016,0.5
15/11/2016,34.4
16/11/2016,98.1
17/11/2016,3.6
18/11/2016,2.4
19/11/2016,0.4
20/11/2016,1.1
21/11/2016,0.0
22/11/2016,0.0
23/11/2016,0.0
24/11/2016,0.0
25/11/2016,19.1
26/11/2016,22.4
27/11/2016,0.0
28/11/2016,7.6
29/11/2016,59.1
30/11/2016,2.7
01/12/2016,93.7
02/12/2016,61.1
03/12/2016,39.7
04/12/2016,9.6
05/12/2016,2.0
06/12/2016,33.2
07/12/2016,17.6
08/12/2016,8.2
09/12/2016,4.5
10/12/2016,1.9
11/12/2016,1.6
12/12/2016,0.0
13/12/2016,1.0
14/12/2016,0.0
15/12/2016,0.0
16/12/2016,0.0
17/12/2016,49.5
18/12/2016,25.2
19/12/2016,39.1
20/12/2016,78.2
21/12/2016,0.5
22/12/2016,2.2
23/12/2016,66.3
24/12/2016,29.4
25/12/2016,49.0
26/12/2016,26.2
27/12/2016,7.9
28/12/2016,27.0
29/12/2016,0.4
30/12/2016,24.1
31/12/2016,203.0
01/01/2017,51.9
02/01/2017,119.0
03/01/2017,423.6
04/01/2017,40.0
05/01/2017,2.0
06/01/2017,28.8
07/01/2017,1.2
08/01/2017,2.0
09/01/2017,25.8
10/01/2017,5.7
11/01/2017,14.5
12/01/2017,0.0
13/01/2017,0.0
14/01/2017,0.0
15/01/2017,0.0
16/01/2017,0.5
17/01/2017,17.5
18/01/2017,7.8
19/01/2017,89.1
20/01/2017,368.7
21/01/2017,224.9
22/01/2017,47.4
23/01/2017,36.0
24/01/2017,25.6
25/01/2017,61.0
26/01/2017,34.1
27/01/2017,13.4
28/01/2017,3.0
29/01/2017,0.0
30/01/2017,0.5
31/01/2017,12.0
01/02/2017,0.0
02/02/2017,0.0
03/02/2017,2.5
04/02/2017,3.5
05/02/2017,0.0
06/02/2017,0.0
07/02/2017,0.0
08/02/2017,0.0
09/02/2017,0.0
10/02/2017,0.9
11/02/2017,20.6
12/02/2017,5.5
13/02/2017,22.3
14/02/2017,12.5
15/02/2017,41.7
16/02/2017,3.8
17/02/2017,1.1
18/02/2017,55.1
19/02/2017,12.9
20/02/2017,0.0
21/02/2017,0.0
22/02/2017,2.0
23/02/2017,9.5
24/02/2017,19.2
25/02/2017,19.5
26/02/2017,32.2
27/02/2017,20.3
28/02/2017,10.7
01/03/2017,18.1
02/03/2017,27.4
03/03/2017,2.8
04/03/2017,0.0
05/03/2017,0.0
06/03/2017,0.0
07/03/2017,0.0
08/03/2017,0.0
09/03/2017,0.0
10/03/2017,0.0
11/03/2017,0.0
12/03/2017,0.0
13/03/2017,0.0
14/03/2017,0.0
15/03/2017,0.0
16/03/2017,0.0
17/03/2017,0.0
18/03/2017,0.0
19/03/2017,0.0
20/03/2017,4.0
21/03/2017,0.5
22/03/2017,3.0
23/03/2017,0.0
24/03/2017,0.0
25/03/2017,25.0
26/03/2017,8.5
27/03/2017,2.9
28/03/2017,63.5
29/03/2017,14.4
30/03/2017,13.7
31/03/2017,22.5
01/04/2017,2.9
02/04/2017,22.9
03/04/2017,21.7
04/04/2017,1.0
05/04/2017,0.0
06/04/2017,14.5
07/04/2017,20.5
08/04/2017,1.5
09/04/2017,0.0
10/04/2017,44.0
11/04/2017,31.0
12/04/2017,0.0
13/04/2017,0.0
14/04/2017,0.0
15/04/2017,0.0
16/04/2017,0.0
17/04/2017,0.0
18/04/2017,3.0
19/04/2017,0.0
20/04/2017,0.0
21/04/2017,0.5
22/04/2017,0.0
23/04/2017,0.5
24/04/2017,0.0
25/04/2017,0.0
26/04/2017,0.0
27/04/2017,0.0
28/04/2017,0.0
29/04/2017,0.0
30/04/2017,0.0
01/05/2017,15.0
02/05/2017,0.0
03/05/2017,0.0
04/05/2017,0.0
05/05/2017,14.0
06/05/2017,0.5
07/05/2017,6.0
08/05/2017,0.5
09/05/2017,3.5
10/05/2017,1.5
11/05/2017,5.0
12/05/2017,3.5
13/05/2017,0.5
14/05/2017,5.0
15/05/2017,17.0
16/05/2017,0.0
17/05/2017,0.0
18/05/2017,10.8
19/05/2017,23.2
20/05/2017,19.5
21/05/2017,1.0
22/05/2017,1.5
23/05/2017,6.0
24/05/2017,17.9
25/05/2017,4.6
26/05/2017,13.5
27/05/2017,20.5
28/05/2017,0.0
29/05/2017,4.5
30/05/2017,0.0
31/05/2017,13.0
01/06/2017,9.0
02/06/2017,107.8
03/06/2017,25.8
04/06/2017,5.0
05/06/2017,32.6
06/06/2017,29.9
07/06/2017,0.5
08/06/2017,0.0
09/06/2017,0.4
10/06/2017,2.1
11/06/2017,29.5
12/06/2017,0.0
13/06/2017,0.0
14/06/2017,9.5
15/06/2017,34.0
16/06/2017,0.0
17/06/2017,0.5
18/06/2017,12.5
19/06/2017,4.0
20/06/2017,1.7
21/06/2017,15.8
22/06/2017,2.0
23/06/2017,0.0
24/06/2017,39.5
25/06/2017,1.0
26/06/2017,6.7
27/06/2017,1.8
28/06/2017,0.0
29/06/2017,21.0
30/06/2017,0.0
01/07/2017,0.0
02/07/2017,0.5
03/07/2017,4.0
04/07/2017,28.9
05/07/2017,1.1
06/07/2017,0.0
07/07/2017,2.5
08/07/2017,25.5
09/07/2017,31.0
10/07/2017,0.5
11/07/2017,20.8
12/07/2017,12.3
13/07/2017,28.8
14/07/2017,0.5
15/07/2017,0.0
16/07/2017,0.0
17/07/2017,0.0
18/07/2017,0.0
19/07/2017,0.5
20/07/2017,0.0
21/07/2017,0.0
22/07/2017,33.5
23/07/2017,0.0
24/07/2017,0.0
25/07/2017,44.5
26/07/2017,0.0
27/07/2017,0.0
28/07/2017,2.0
29/07/2017,38.3
30/07/2017,1.0
31/07/2017,9.7
01/08/2017,27.5
02/08/2017,0.0
03/08/2017,12.2
04/08/2017,0.3
05/08/2017,4.5
06/08/2017,0.0
07/08/2017,6.0
08/08/2017,7.0
09/08/2017,9.5
10/08/2017,40.0
11/08/2017,3.9
12/08/2017,0.6
13/08/2017,23.0
14/08/2017,38.7
15/08/2017,59.7
16/08/2017,20.1
17/08/2017,0.0
18/08/2017,0.0
19/08/2017,0.0
20/08/2017,0.5
21/08/2017,0.9
22/08/2017,22.1
23/08/2017,8.5
24/08/2017,34.5
25/08/2017,59.6
26/08/2017,45.0
27/08/2017,12.4
28/08/2017,6.5
29/08/2017,0.0
14/09/2017,19.0
15/09/2017,15.2
16/09/2017,0.3
17/09/2017,1.0
18/09/2017,0.4
19/09/2017,4.6
20/09/2017,6.6
21/09/2017,0.4
22/09/2017,14.0
23/09/2017,10.0
24/09/2017,0.5
25/09/2017,26.6
26/09/2017,81.4
27/09/2017,0.5
28/09/2017,59.8
29/09/2017,12.4
30/09/2017,39.8
01/10/2017,31.2
02/10/2017,22.9
03/10/2017,5.9
04/10/2017,10.0
05/10/2017,0.0
06/10/2017,0.0
07/10/2017,20.8
08/10/2017,0.7
09/10/2017,20.8
10/10/2017,100.2
11/10/2017,0.0
12/10/2017,83.7
13/10/2017,5.3
14/10/2017,0.0
15/10/2017,0.0
16/10/2017,0.0
17/10/2017,0.0
18/10/2017,0.0
19/10/2017,0.5
20/10/2017,0.0
21/10/2017,0.0
22/10/2017,29.0
23/10/2017,24.5
24/10/2017,33.0
25/10/2017,0.5
26/10/2017,10.5
27/10/2017,3.9
28/10/2017,34.2
29/10/2017,35.9
30/10/2017,19.9
31/10/2017,0.1
01/11/2017,6.0
02/11/2017,43.0
03/11/2017,21.7
04/11/2017,41.6
05/11/2017,43.2
06/11/2017,9.7
07/11/2017,64.2
08/11/2017,4.5
09/11/2017,9.9
10/11/2017,4.7
11/11/2017,6.0
12/11/2017,22.4
13/11/2017,18.0
14/11/2017,9.6
15/11/2017,0.0
16/11/2017,2.5
17/11/2017,0.0
18/11/2017,0.0
19/11/2017,0.0
20/11/2017,24.1
21/11/2017,0.9
22/11/2017,6.8
23/11/2017,50.8
24/11/2017,6.1
25/11/2017,28.4
26/11/2017,113.3
27/11/2017,174.6
28/11/2017,143.6
29/11/2017,27.8
30/11/2017,93.4
01/12/2017,202.5
02/12/2017,36.4
03/12/2017,0.8
04/12/2017,22.6
05/12/2017,58.8
06/12/2017,4.0
07/12/2017,85.2
08/12/2017,36.5
09/12/2017,2.2
10/12/2017,17.8
11/12/2017,0.5
12/12/2017,13.3
13/12/2017,0.2
14/12/2017,0.0
15/12/2017,0.0
16/12/2017,0.5
17/12/2017,27.0
18/12/2017,19.0
19/12/2017,0.5
20/12/2017,14.5
21/12/2017,0.4
22/12/2017,12.1
23/12/2017,47.7
24/12/2017,11.4
25/12/2017,0.4
26/12/2017,0.3
27/12/2017,3.7
28/12/2017,11.9
29/12/2017,128.2
30/12/2017,15.3
31/12/2017,31.8
01/01/2018,73.7
02/01/2018,34.2
03/01/2018,19.2
04/01/2018,43.8
05/01/2018,0.0
06/01/2018,5.0
07/01/2018,0.5
08/01/2018,26.5
09/01/2018,0.8
10/01/2018,14.1
11/01/2018,29.4
12/01/2018,56.0
13/01/2018,28.6
14/01/2018,2.4
15/01/2018,1.7
16/01/2018,9.5
17/01/2018,0.0
18/01/2018,0.0
19/01/2018,4.8
20/01/2018,207.0
21/01/2018,67.3
22/01/2018,2.5
23/01/2018,31.0
24/01/2018,0.0
25/01/2018,0.0
26/01/2018,32.1
27/01/2018,3.9
28/01/2018,0.0
29/01/2018,0.0
30/01/2018,0.0
31/01/2018,0.0
01/02/2018,14.3
02/02/2018,4.2
03/02/2018,1.6
04/02/2018,6.4
05/02/2018,0.0
06/02/2018,0.0
07/02/2018,0.0
08/02/2018,0.0
09/02/2018,0.0
10/02/2018,0.0
11/02/2018,0.0
12/02/2018,1.4
13/02/2018,44.0
14/02/2018,9.5
15/02/2018,0.0
16/02/2018,0.0
17/02/2018,0.0
18/02/2018,0.0
19/02/2018,34.5
20/02/2018,0.0
21/02/2018,0.0
22/02/2018,0.0
23/02/2018,117.4
24/02/2018,45.6
25/02/2018,0.0
26/02/2018,0.4
27/02/2018,1.1
28/02/2018,0.0
01/03/2018,0.0
02/03/2018,0.0
03/03/2018,0.0
04/03/2018,0.0
05/03/2018,0.0
06/03/2018,0.4
07/03/2018,25.0
08/03/2018,5.5
09/03/2018,5.5
10/03/2018,9.8
11/03/2018,1.2
12/03/2018,24.0
13/03/2018,0.0
14/03/2018,0.0
15/03/2018,3.8
16/03/2018,33.2
17/03/2018,0.0
18/03/2018,0.0
19/03/2018,0.0
20/03/2018,0.0
21/03/2018,0.0
22/03/2018,0.0
23/03/2018,36.0
24/03/2018,4.5
25/03/2018,0.0
26/03/2018,0.0
27/03/2018,0.0
28/03/2018,0.0
29/03/2018,0.5
30/03/2018,0.0
31/03/2018,0.0
01/04/2018,0.0
02/04/2018,0.0
03/04/2018,0.0
04/04/2018,0.0
05/04/2018,0.0
06/04/2018,0.0
07/04/2018,0.5
08/04/2018,70.5
09/04/2018,9.1
10/04/2018,7.9
11/04/2018,1.0
12/04/2018,0.0
13/04/2018,1.3
14/04/2018,1.2
15/04/2018,0.0
16/04/2018,0.0
17/04/2018,0.0
18/04/2018,0.0
19/04/2018,2.0
20/04/2018,0.0
21/04/2018,0.0
22/04/2018,0.0
23/04/2018,0.0
24/04/2018,0.0
25/04/2018,1.0
26/04/2018,4.5
27/04/2018,0.5
28/04/2018,0.0
29/04/2018,10.0
30/04/2018,39.0
01/05/2018,0.0
02/05/2018,0.0
03/05/2018,0.0
04/05/2018,0.0
05/05/2018,0.5
06/05/2018,0.0
07/05/2018,12.0
08/05/2018,0.0
09/05/2018,0.0
10/05/2018,0.0
11/05/2018,0.0
12/05/2018,0.0
13/05/2018,0.0
14/05/2018,1.0
15/05/2018,1.0
16/05/2018,0.0
17/05/2018,0.0
18/05/2018,0.0
19/05/2018,0.0
20/05/2018,0.0
21/05/2018,0.0
22/05/2018,3.0
23/05/2018,0.0
24/05/2018,0.0
25/05/2018,0.0
26/05/2018,0.0
27/05/2018,0.0
28/05/2018,0.0
29/05/2018,0.0
30/05/2018,0.0
31/05/2018,4.0
01/06/2018,7.7
02/06/2018,0.8
03/06/2018,0.4
04/06/2018,1.6
05/06/2018,2.0
06/06/2018,6.5
07/06/2018,1.2
08/06/2018,1.3
09/06/2018,0.5
10/06/2018,0.0
11/06/2018,10.2
12/06/2018,0.3
13/06/2018,0.0
14/06/2018,0.0
15/06/2018,0.0
16/06/2018,0.0
17/06/2018,5.5
18/06/2018,1.5
19/06/2018,10.5
20/06/2018,81.5
21/06/2018,14.0
22/06/2018,0.0
23/06/2018,0.0
24/06/2018,0.0
25/06/2018,0.5
26/06/2018,0.0
27/06/2018,0.0
28/06/2018,6.5
29/06/2018,0.5
30/06/2018,0.0
01/07/2018,17.0
02/07/2018,0.5
03/07/2018,0.0
04/07/2018,7.0
05/07/2018,0.5
06/07/2018,0.0
07/07/2018,0.0
08/07/2018,0.5
09/07/2018,7.3
10/07/2018,8.7
11/07/2018,0.0
12/07/2018,0.0
13/07/2018,0.0
14/07/2018,0.0
15/07/2018,0.0
16/07/2018,0.0
17/07/2018,0.0
18/07/2018,3.2
19/07/2018,0.3
20/07/2018,2.0
21/07/2018,0.0
22/07/2018,0.0
23/07/2018,21.0
24/07/2018,8.0
25/07/2018,1.0
26/07/2018,38.3
27/07/2018,33.7
28/07/2018,14.0
29/07/2018,50.0
30/07/2018,12.4
31/07/2018,1.9
01/08/2018,3.7
02/08/2018,0.0
03/08/2018,0.0
04/08/2018,0.0
05/08/2018,0.0
06/08/2018,0.5
07/08/2018,0.5
08/08/2018,0.0
09/08/2018,0.4
10/08/2018,2.1
11/08/2018,0.0
12/08/2018,0.0
13/08/2018,0.0
14/08/2018,0.0
15/08/2018,0.0
16/08/2018,0.0
17/08/2018,0.0
18/08/2018,0.0
19/08/2018,5.0
20/08/2018,36.0
21/08/2018,15.0
22/08/2018,21.5
23/08/2018,0.0
24/08/2018,3.0
25/08/2018,0.5
26/08/2018,22.0
27/08/2018,0.0
28/08/2018,57.8
29/08/2018,0.7
30/08/2018,0.0
31/08/2018,4.0
01/09/2018,7.0
02/09/2018,1.0
03/09/2018,34.5
04/09/2018,19.0
05/09/2018,0.4
06/09/2018,6.6
07/09/2018,74.4
08/09/2018,5.6
09/09/2018,38.1
10/09/2018,4.8
11/09/2018,61.1
12/09/2018,0.0
13/09/2018,39.5
14/09/2018,23.0
15/09/2018,7.5
16/09/2018,6.0
17/09/2018,0.5
18/09/2018,10.5
19/09/2018,0.0
20/09/2018,0.0
21/09/2018,6.0
22/09/2018,1.0
23/09/2018,2.5
24/09/2018,0.0
25/09/2018,0.0
26/09/2018,0.5
27/09/2018,0.0
28/09/2018,5.5
29/09/2018,0.5
30/09/2018,0.0
01/10/2018,0.0
02/10/2018,2.5
03/10/2018,0.5
04/10/2018,3.5
05/10/2018,19.0
06/10/2018,3.2
07/10/2018,4.8
08/10/2018,7.5
09/10/2018,5.0
10/10/2018,0.8
11/10/2018,12.1
12/10/2018,16.1
13/10/2018,0.4
14/10/2018,5.3
15/10/2018,0.8
16/10/2018,0.9
17/10/2018,58.5
18/10/2018,43.2
19/10/2018,43.9
20/10/2018,17.8
21/10/2018,22.1
22/10/2018,0.1
23/10/2018,6.4
24/10/2018,4.6
25/10/2018,0.0
26/10/2018,3.0
27/10/2018,0.5
28/10/2018,4.0
29/10/2018,11.3
30/10/2018,26.3
31/10/2018,18.4
01/11/2018,20.2
02/11/2018,104.0
03/11/2018,119.0
04/11/2018,17.1
05/11/2018,76.8
06/11/2018,98.0
07/11/2018,5.4
08/11/2018,51.4
09/11/2018,0.1
10/11/2018,15.2
11/11/2018,7.3
12/11/2018,0.0
13/11/2018,0.0
14/11/2018,41.1
15/11/2018,15.4
16/11/2018,21.5
17/11/2018,50.0
18/11/2018,1.0
19/11/2018,13.9
20/11/2018,65.8
21/11/2018,2.3
22/11/2018,6.0
23/11/2018,0.0
24/11/2018,0.0
25/11/2018,8.5
26/11/2018,5.5
27/11/2018,8.0
28/11/2018,22.6
29/11/2018,54.8
30/11/2018,36.5
01/12/2018,70.1
02/12/2018,18.5
03/12/2018,73.7
04/12/2018,54.2
05/12/2018,86.9
06/12/2018,68.7
07/12/2018,8.1
08/12/2018,0.5
09/12/2018,0.4
10/12/2018,11.5
11/12/2018,26.6
12/12/2018,158.5
13/12/2018,70.0
14/12/2018,58.6
15/12/2018,130.6
16/12/2018,28.9
17/12/2018,56.3
18/12/2018,7.6
19/12/2018,5.2
20/12/2018,0.4
21/12/2018,0.1
22/12/2018,0.0
23/12/2018,0.0
24/12/2018,0.0
25/12/2018,0.0
26/12/2018,32.0
27/12/2018,0.4
28/12/2018,5.6
29/12/2018,0.0
30/12/2018,4.1
31/12/2018,3.9
01/01/2019,0.0
02/01/2019,32.2
03/01/2019,14.3
04/01/2019,0.5
05/01/2019,14.8
06/01/2019,29.1
07/01/2019,10.7
08/01/2019,3.7
09/01/2019,50.2
10/01/2019,2.5
11/01/2019,4.9
12/01/2019,18.5
13/01/2019,53.6
14/01/2019,0.5
15/01/2019,0.3
16/01/2019,26.2
17/01/2019,94.5
18/01/2019,2.4
19/01/2019,20.0
20/01/2019,0.0
21/01/2019,0.0
22/01/2019,0.0
23/01/2019,8.7
24/01/2019,3.2
25/01/2019,0.1
26/01/2019,0.4
27/01/2019,0.6
28/01/2019,1.1
29/01/2019,21.6
30/01/2019,1.8
31/01/2019,4.9
01/02/2019,21.5
02/02/2019,63.1
03/02/2019,25.1
04/02/2019,0.0
05/02/2019,0.0
06/02/2019,0.0
07/02/2019,0.0
08/02/2019,0.0
09/02/2019,0.0
10/02/2019,0.0
11/02/2019,0.0
12/02/2019,40.2
13/02/2019,27.5
14/02/2019,4.8
15/02/2019,0.0
16/02/2019,0.0
17/02/2019,0.0
18/02/2019,1.0
19/02/2019,0.0
20/02/2019,9.5
21/02/2019,0.5
22/02/2019,0.0
23/02/2019,0.0
24/02/2019,0.0
25/02/2019,0.0
26/02/2019,4.5
27/02/2019,1.0
28/02/2019,0.0
01/03/2019,0.0
02/03/2019,0.0
03/03/2019,0.0
04/03/2019,0.0
05/03/2019,0.0
06/03/2019,0.0
07/03/2019,0.0
08/03/2019,0.0
09/03/2019,0.0
10/03/2019,0.0
11/03/2019,0.0
12/03/2019,0.0
13/03/2019,0.0
14/03/2019,0.0
15/03/2019,0.0
16/03/2019,0.0
17/03/2019,0.0
18/03/2019,0.0
19/03/2019,0.0
20/03/2019,0.0
21/03/2019,0.0
22/03/2019,0.0
23/03/2019,0.0
24/03/2019,0.0
25/03/2019,0.5
26/03/2019,3.8
27/03/2019,9.2
28/03/2019,5.5
29/03/2019,0.0
30/03/2019,9.5
31/03/2019,49.5
01/04/2019,6.5
02/04/2019,22.0
03/04/2019,0.0
04/04/2019,0.0
05/04/2019,0.0
06/04/2019,0.0
07/04/2019,0.0
08/04/2019,0.0
09/04/2019,0.0
10/04/2019,0.0
11/04/2019,0.0
12/04/2019,45.5
13/04/2019,1.5
14/04/2019,0.0
15/04/2019,0.0
16/04/2019,0.0
17/04/2019,0.0
18/04/2019,0.0
19/04/2019,0.0
20/04/2019,0.0
21/04/2019,0.0
22/04/2019,0.0
23/04/2019,0.0
24/04/2019,0.0
25/04/2019,0.0
26/04/2019,0.0
27/04/2019,44.6
28/04/2019,0.4
29/04/2019,16.0
30/04/2019,0.0
01/05/2019,0.0
02/05/2019,0.0
03/05/2019,0.0
04/05/2019,6.9
05/05/2019,24.6
06/05/2019,0.0
07/05/2019,4.5
08/05/2019,22.1
09/05/2019,7.9
10/05/2019,0.0
11/05/2019,0.5
12/05/2019,21.0
13/05/2019,2.0
14/05/2019,19.5
15/05/2019,31.3
16/05/2019,2.7
17/05/2019,59.0
18/05/2019,0.5
19/05/2019,45.5
20/05/2019,2.0
21/05/2019,46.5
22/05/2019,4.0
23/05/2019,0.0
24/05/2019,17.5
25/05/2019,33.5
26/05/2019,2.5
27/05/2019,0.5
28/05/2019,0.0
29/05/2019,0.0
30/05/2019,0.0
31/05/2019,15.5
01/06/2019,1.0
02/06/2019,0.0
03/06/2019,0.0
04/06/2019,0.0
05/06/2019,9.8
06/06/2019,49.7
07/06/2019,0.5
08/06/2019,9.3
09/06/2019,37.7
10/06/2019,1.0
11/06/2019,1.0
12/06/2019,21.5
13/06/2019,0.0
14/06/2019,3.3
15/06/2019,1.7
16/06/2019,48.2
17/06/2019,1.3
18/06/2019,30.5
19/06/2019,1.0
20/06/2019,3.0
21/06/2019,4.5
22/06/2019,35.8
23/06/2019,12.6
24/06/2019,0.5
25/06/2019,26.5
26/06/2019,23.5
27/06/2019,0.5
28/06/2019,0.0
29/06/2019,12.0
30/06/2019,0.9
01/07/2019,0.0
02/07/2019,0.0
03/07/2019,0.0
04/07/2019,0.0
05/07/2019,10.0
06/07/2019,44.0
07/07/2019,0.5
08/07/2019,0.5
09/07/2019,9.0
10/07/2019,0.5
11/07/2019,2.5
12/07/2019,5.5
13/07/2019,20.0
14/07/2019,16.5
15/07/2019,0.0
16/07/2019,0.5
17/07/2019,2.0
18/07/2019,0.8
19/07/2019,2.7
20/07/2019,1.0
21/07/2019,0.0
22/07/2019,2.0
23/07/2019,0.0
24/07/2019,24.3
25/07/2019,0.2
26/07/2019,2.5
27/07/2019,0.0
28/07/2019,0.0
29/07/2019,0.5
30/07/2019,1.0
31/07/2019,0.0
01/08/2019,0.0
02/08/2019,0.0
03/08/2019,0.0
04/08/2019,0.0
05/08/2019,0.0
06/08/2019,0.0
07/08/2019,0.0
08/08/2019,0.0
09/08/2019,0.4
10/08/2019,0.6
11/08/2019,10.0
12/08/2019,0.9
13/08/2019,10.6
14/08/2019,0.0
15/08/2019,2.5
16/08/2019,1.0
17/08/2019,1.5
18/08/2019,17.0
19/08/2019,0.0
20/08/2019,7.9
21/08/2019,4.1
22/08/2019,4.0
23/08/2019,0.0
24/08/2019,46.5
25/08/2019,21.5
26/08/2019,0.0
27/08/2019,0.0
28/08/2019,7.0
29/08/2019,15.9
30/08/2019,1.6
31/08/2019,0.0
01/09/2019,38.5
02/09/2019,0.0
03/09/2019,47.9
04/09/2019,30.6
05/09/2019,2.5
06/09/2019,0.0
07/09/2019,14.0
08/09/2019,30.0
09/09/2019,13.5
10/09/2019,0.4
11/09/2019,3.1
12/09/2019,3.5
13/09/2019,36.5
14/09/2019,39.0
15/09/2019,9.5
16/09/2019,15.5
17/09/2019,3.5
18/09/2019,0.0
19/09/2019,0.3
20/09/2019,1.2
21/09/2019,12.7
22/09/2019,0.3
23/09/2019,4.1
24/09/2019,57.1
25/09/2019,12.3
26/09/2019,0.5
27/09/2019,0.0
28/09/2019,0.0
29/09/2019,0.0
30/09/2019,0.0
01/10/2019,2.0
02/10/2019,3.5
03/10/2019,20.0
04/10/2019,9.5
05/10/2019,0.0
06/10/2019,1.0
07/10/2019,0.0
08/10/2019,0.0
09/10/2019,0.0
10/10/2019,3.5
11/10/2019,0.0
12/10/2019,0.0
13/10/2019,0.0
14/10/2019,37.6
15/10/2019,31.9
16/10/2019,1.3
17/10/2019,5.7
18/10/2019,2.0
19/10/2019,57.5
20/10/2019,0.0
21/10/2019,0.5
22/10/2019,9.5
23/10/2019,0.0
24/10/2019,16.5
25/10/2019,0.0
26/10/2019,12.0
27/10/2019,0.4
28/10/2019,1.6
29/10/2019,15.5
30/10/2019,0.0
31/10/2019,30.5
01/11/2019,16.0
02/11/2019,1.0
03/11/2019,10.9
04/11/2019,24.2
05/11/2019,70.0
06/11/2019,8.7
07/11/2019,6.7
08/11/2019,47.0
09/11/2019,0.0
10/11/2019,26.5
11/11/2019,29.5
12/11/2019,14.0
13/11/2019,110.5
14/11/2019,0.4
15/11/2019,40.4
16/11/2019,13.2
17/11/2019,1.5
18/11/2019,14.9
19/11/2019,17.8
20/11/2019,21.6
21/11/2019,33.7
22/11/2019,30.0
23/11/2019,16.0
24/11/2019,0.5
25/11/2019,36.7
26/11/2019,13.2
27/11/2019,123.7
28/11/2019,119.1
29/11/2019,241.7
30/11/2019,97.7
01/12/2019,328.5
02/12/2019,125.8
03/12/2019,25.1
04/12/2019,6.6
05/12/2019,11.4
06/12/2019,5.2
07/12/2019,12.9
08/12/2019,63.5
09/12/2019,10.9
10/12/2019,19.8
11/12/2019,3.8
12/12/2019,2.4
13/12/2019,4.3
14/12/2019,22.7
15/12/2019,41.7
16/12/2019,37.3
17/12/2019,42.4
18/12/2019,190.1
19/12/2019,11.5
20/12/2019,11.2
21/12/2019,0.1
22/12/2019,0.0
23/12/2019,1.0
24/12/2019,0.5
25/12/2019,0.0
26/12/2019,0.0
27/12/2019,0.0
28/12/2019,7.5
29/12/2019,0.0
30/12/2019,8.0
31/12/2019,0.4
01/01/2020,8.5
02/01/2020,17.0
03/01/2020,5.9
04/01/2020,6.4
05/01/2020,1.8
06/01/2020,2.0
07/01/2020,10.2
08/01/2020,12.6
09/01/2020,4.7
10/01/2020,0.0
11/01/2020,0.0
12/01/2020,0.0
13/01/2020,1.5
14/01/2020,0.0
15/01/2020,0.0
16/01/2020,0.0
17/01/2020,23.6
18/01/2020,20.2
19/01/2020,19.4
20/01/2020,12.2
21/01/2020,5.1
22/01/2020,2.1
23/01/2020,1.4
24/01/2020,0.0
25/01/2020,0.0
26/01/2020,0.0
27/01/2020,6.0
28/01/2020,0.0
29/01/2020,5.5
30/01/2020,23.3
31/01/2020,16.5
01/02/2020,3.4
02/02/2020,0.9
03/02/2020,0.0
04/02/2020,0.8
05/02/2020,7.9
06/02/2020,2.7
07/02/2020,0.5
08/02/2020,0.9
09/02/2020,37.3
10/02/2020,77.4
11/02/2020,20.1
12/02/2020,39.6
13/02/2020,3.2
14/02/2020,0.0
15/02/2020,0.0
16/02/2020,0.0
17/02/2020,29.3
18/02/2020,18.4
19/02/2020,0.3
20/02/2020,0.3
21/02/2020,12.8
22/02/2020,24.0
23/02/2020,88.8
24/02/2020,7.5
25/02/2020,0.5
26/02/2020,0.0
27/02/2020,0.0
28/02/2020,0.0
29/02/2020,0.0
01/03/2020,0.0
02/03/2020,0.0
03/03/2020,0.0
04/03/2020,0.0
05/03/2020,20.0
06/03/2020,0.5
07/03/2020,0.0
08/03/2020,0.0
09/03/2020,0.0
10/03/2020,0.0
11/03/2020,0.0
12/03/2020,0.0
13/03/2020,0.0
14/03/2020,0.0
15/03/2020,1.0
16/03/2020,0.0
17/03/2020,0.5
18/03/2020,0.0
19/03/2020,0.0
20/03/2020,0.0
21/03/2020,0.5
22/03/2020,0.5
23/03/2020,60.0
24/03/2020,0.0
25/03/2020,0.0
26/03/2020,0.0
27/03/2020,0.0
28/03/2020,0.0
29/03/2020,0.0
30/03/2020,0.0
31/03/2020,0.0
01/04/2020,0.0
02/04/2020,44.7
03/04/2020,6.5
04/04/2020,0.7
05/04/2020,36.0
06/04/2020,3.0
07/04/2020,0.0
08/04/2020,0.0
09/04/2020,0.0
10/04/2020,0.0
11/04/2020,0.0
12/04/2020,0.0
13/04/2020,0.0
14/04/2020,0.0
15/04/2020,2.5
16/04/2020,0.0
17/04/2020,0.0
18/04/2020,0.0
19/04/2020,0.0
20/04/2020,0.0
21/04/2020,0.0
22/04/2020,10.3
23/04/2020,1.7
24/04/2020,0.0
25/04/2020,35.9
26/04/2020,19.0
27/04/2020,5.2
28/04/2020,5.4
29/04/2020,1.4
30/04/2020,0.5
01/05/2020,12.1
02/05/2020,0.0
03/05/2020,0.0
04/05/2020,34.5
05/05/2020,0.0
06/05/2020,0.0
07/05/2020,1.0
08/05/2020,73.7
09/05/2020,0.3
10/05/2020,7.5
11/05/2020,0.0
12/05/2020,1.0
13/05/2020,0.0
14/05/2020,17.5
15/05/2020,0.0
16/05/2020,2.5
17/05/2020,63.0
18/05/2020,0.0
19/05/2020,13.7
20/05/2020,14.8
21/05/2020,0.0
22/05/2020,0.0
23/05/2020,18.5
24/05/2020,6.0
25/05/2020,14.5
26/05/2020,1.5
27/05/2020,0.0
28/05/2020,0.0
29/05/2020,0.0
30/05/2020,22.5
31/05/2020,8.0
01/06/2020,18.5
02/06/2020,0.0
03/06/2020,7.0
04/06/2020,6.0
05/06/2020,6.4
06/06/2020,21.0
07/06/2020,118.2
08/06/2020,0.5
09/06/2020,2.3
10/06/2020,82.2
11/06/2020,0.0
12/06/2020,9.5
13/06/2020,0.5
14/06/2020,79.5
15/06/2020,0.5
16/06/2020,1.0
17/06/2020,36.5
18/06/2020,1.5
19/06/2020,36.0
20/06/2020,19.0
21/06/2020,1.5
22/06/2020,71.5
23/06/2020,0.0
24/06/2020,4.0
25/06/2020,21.7
26/06/2020,45.4
27/06/2020,0.5
28/06/2020,0.0
29/06/2020,0.0
30/06/2020,0.4
01/07/2020,33.6
02/07/2020,0.0
03/07/2020,54.0
04/07/2020,0.5
05/07/2020,0.0
06/07/2020,0.0
07/07/2020,0.0
08/07/2020,1.0
09/07/2020,8.2
10/07/2020,1.3
11/07/2020,7.0
12/07/2020,22.0
13/07/2020,18.5
14/07/2020,83.0
15/07/2020,0.0
16/07/2020,0.0
17/07/2020,0.0
18/07/2020,0.5
19/07/2020,0.3
20/07/2020,19.2
21/07/2020,0.0
22/07/2020,15.0
23/07/2020,32.3
24/07/2020,0.7
25/07/2020,20.0
26/07/2020,22.0
27/07/2020,0.0
28/07/2020,24.5
29/07/2020,0.0
30/07/2020,18.7
31/07/2020,1.3
01/08/2020,15.5
02/08/2020,0.0
03/08/2020,0.0
04/08/2020,0.2
05/08/2020,1.3
06/08/2020,0.0
07/08/2020,31.7
08/08/2020,6.3
09/08/2020,0.0
10/08/2020,1.9
11/08/2020,65.1
12/08/2020,5.0
13/08/2020,73.0
14/08/2020,0.0
15/08/2020,0.0
16/08/2020,0.0
17/08/2020,0.0
18/08/2020,45.6
19/08/2020,17.9
20/08/2020,0.0
21/08/2020,90.5
22/08/2020,0.5
23/08/2020,1.5
24/08/2020,0.0
25/08/2020,0.0
26/08/2020,0.0
27/08/2020,2.5
28/08/2020,25.0
29/08/2020,26.0
30/08/2020,2.5
31/08/2020,27.5
01/09/2020,7.0
02/09/2020,0.0
03/09/2020,0.0
04/09/2020,12.0
05/09/2020,39.0
06/09/2020,2.0
07/09/2020,7.5
08/09/2020,0.0
09/09/2020,0.0
10/09/2020,95.0
11/09/2020,0.5
12/09/2020,26.0
13/09/2020,0.0
14/09/2020,12.5
15/09/2020,3.8
16/09/2020,2.7
17/09/2020,7.0
18/09/2020,0.0
19/09/2020,0.5
20/09/2020,13.5
21/09/2020,0.0
22/09/2020,0.0
23/09/2020,0.5
24/09/2020,12.5
25/09/2020,2.1
26/09/2020,1.4
27/09/2020,0.0
28/09/2020,0.0
29/09/2020,0.4
30/09/2020,3.1
01/10/2020,0.0
02/10/2020,13.5
03/10/2020,0.0
04/10/2020,28.5
05/10/2020,1.7
06/10/2020,77.6
07/10/2020,45.1
08/10/2020,7.5
09/10/2020,0.0
10/10/2020,8.0
11/10/2020,0.0
12/10/2020,16.8
13/10/2020,11.2
14/10/2020,0.0
15/10/2020,0.0
16/10/2020,2.0
17/10/2020,4.0
18/10/2020,15.0
19/10/2020,0.5
20/10/2020,19.5
21/10/2020,9.7
22/10/2020,4.3
23/10/2020,1.0
24/10/2020,0.5
25/10/2020,14.9
26/10/2020,3.6
27/10/2020,2.2
28/10/2020,0.3
29/10/2020,18.5
30/10/2020,2.5
31/10/2020,2.0
01/11/2020,0.4
02/11/2020,7.1
03/11/2020,45.2
04/11/2020,15.8
05/11/2020,1.3
06/11/2020,8.7
07/11/2020,2.0
08/11/2020,1.4
09/11/2020,17.1
10/11/2020,0.5
11/11/2020,12.9
12/11/2020,73.1
13/11/2020,4.5
14/11/2020,1.0
15/11/2020,21.9
16/11/2020,1.6
17/11/2020,160.8
18/11/2020,26.3
19/11/2020,3.0
20/11/2020,2.9
21/11/2020,47.1
22/11/2020,14.0
23/11/2020,105.3
24/11/2020,128.7
25/11/2020,50.7
26/11/2020,15.5
27/11/2020,170.2
28/11/2020,18.6
29/11/2020,0.0
30/11/2020,18.8
01/12/2020,2.2
02/12/2020,16.3
03/12/2020,232.4
04/12/2020,28.8
05/12/2020,0.4
06/12/2020,2.1
07/12/2020,0.3
08/12/2020,9.7
09/12/2020,0.0
10/12/2020,1.0
11/12/2020,5.2
12/12/2020,3.3
13/12/2020,3.5
14/12/2020,2.0
15/12/2020,23.1
16/12/2020,129.8
17/12/2020,190.1
18/12/2020,93.5
19/12/2020,94.4
20/12/2020,43.6
21/12/2020,0.5
22/12/2020,0.0
23/12/2020,0.0
24/12/2020,1.0
25/12/2020,37.8
26/12/2020,75.7
27/12/2020,46.6
28/12/2020,0.0
29/12/2020,0.0
30/12/2020,0.0
31/12/2020,74.5
01/01/2021,44.3
02/01/2021,63.2
03/01/2021,48.3
04/01/2021,103.4
05/01/2021,66.7
06/01/2021,96.3
07/01/2021,29.4
08/01/2021,38.3
09/01/2021,45.9
10/01/2021,21.7
11/01/2021,4.8
12/01/2021,36.9
13/01/2021,6.8
14/01/2021,0.5
15/01/2021,0.5
16/01/2021,14.5
17/01/2021,0.3
18/01/2021,0.7
19/01/2021,1.4
20/01/2021,1.6
21/01/2021,0.0
22/01/2021,0.4
23/01/2021,11.6
24/01/2021,9.5
25/01/2021,0.0
26/01/2021,0.4
27/01/2021,18.6
28/01/2021,1.5
29/01/2021,0.4
30/01/2021,0.1
31/01/2021,10.5
01/02/2021,21.0
02/02/2021,1.0
03/02/2021,0.0
04/02/2021,0.0
05/02/2021,18.5
06/02/2021,0.5
07/02/2021,0.0
08/02/2021,0.0
09/02/2021,0.0
10/02/2021,0.0
11/02/2021,0.0
12/02/2021,9.0
13/02/2021,0.0
14/02/2021,0.0
15/02/2021,0.5
16/02/2021,0.0
17/02/2021,0.0
18/02/2021,1.7
19/02/2021,10.6
20/02/2021,3.7
21/02/2021,0.5
22/02/2021,0.0
23/02/2021,0.0
24/02/2021,0.0
25/02/2021,0.0
26/02/2021,0.0
27/02/2021,0.0
28/02/2021,0.0
01/03/2021,0.0
02/03/2021,0.0
03/03/2021,4.8
04/03/2021,22.2
05/03/2021,14.5
06/03/2021,55.0
07/03/2021,0.5
08/03/2021,0.0
09/03/2021,0.0
10/03/2021,2.0
11/03/2021,1.9
12/03/2021,8.1
13/03/2021,0.0
14/03/2021,0.0
15/03/2021,0.0
16/03/2021,0.0
17/03/2021,0.0
18/03/2021,0.0
19/03/2021,0.0
20/03/2021,0.0
21/03/2021,0.0
22/03/2021,1.8
23/03/2021,34.2
24/03/2021,42.5
25/03/2021,2.9
26/03/2021,41.6
27/03/2021,17.0
28/03/2021,36.5
29/03/2021,13.0
30/03/2021,0.8
31/03/2021,6.2
01/04/2021,26.1
02/04/2021,0.4
03/04/2021,0.0
04/04/2021,0.9
05/04/2021,19.9
06/04/2021,0.2
07/04/2021,3.0
08/04/2021,0.0
09/04/2021,0.0
10/04/2021,0.0
11/04/2021,27.5
12/04/2021,0.0
13/04/2021,8.5
14/04/2021,9.5
15/04/2021,0.0
16/04/2021,0.0
17/04/2021,0.0
18/04/2021,0.0
19/04/2021,5.0
20/04/2021,3.5
21/04/2021,3.0
22/04/2021,1.5
23/04/2021,0.5
24/04/2021,46.2
25/04/2021,10.8
26/04/2021,0.4
27/04/2021,1.1
28/04/2021,0.0
29/04/2021,0.0
30/04/2021,3.0
01/05/2021,0.0
02/05/2021,0.0
03/05/2021,1.0
04/05/2021,1.5
05/05/2021,6.5
06/05/2021,9.0
07/05/2021,2.5
08/05/2021,0.0
09/05/2021,0.0
10/05/2021,0.5
11/05/2021,3.5
12/05/2021,7.5
13/05/2021,0.0
14/05/2021,0.0
15/05/2021,0.0
16/05/2021,0.0
17/05/2021,0.0
18/05/2021,18.4
19/05/2021,16.9
20/05/2021,1.1
21/05/2021,8.9
22/05/2021,0.1
23/05/2021,0.5
24/05/2021,12.5
25/05/2021,1.1
26/05/2021,0.9
27/05/2021,72.5
28/05/2021,2.0
29/05/2021,4.0
30/05/2021,8.5
31/05/2021,0.0
01/06/2021,7.0
02/06/2021,5.0
03/06/2021,2.4
04/06/2021,0.6
05/06/2021,1.2
06/06/2021,0.8
07/06/2021,0.5
08/06/2021,0.0
09/06/2021,19.0
10/06/2021,3.0
11/06/2021,0.0
12/06/2021,0.0
13/06/2021,4.5
14/06/2021,10.5
15/06/2021,3.5
16/06/2021,0.0
17/06/2021,73.0
18/06/2021,0.8
19/06/2021,19.7
20/06/2021,0.5
21/06/2021,9.0
22/06/2021,5.5
23/06/2021,2.5
24/06/2021,0.4
25/06/2021,5.6
26/06/2021,44.0
27/06/2021,11.5
28/06/2021,7.5
29/06/2021,0.0
30/06/2021,0.5
01/07/2021,22.5
02/07/2021,0.0
03/07/2021,17.4
04/07/2021,1.1
05/07/2021,8.0
06/07/2021,44.0
07/07/2021,0.5
08/07/2021,11.0
09/07/2021,15.5
10/07/2021,9.8
11/07/2021,15.2
12/07/2021,0.0
13/07/2021,13.5
14/07/2021,0.0
15/07/2021,0.5
16/07/2021,0.0
17/07/2021,3.9
18/07/2021,29.6
19/07/2021,0.0
20/07/2021,0.0
21/07/2021,0.0
22/07/2021,0.0
23/07/2021,0.0
24/07/2021,0.0
25/07/2021,0.0
26/07/2021,0.5
27/07/2021,0.5
28/07/2021,5.5
29/07/2021,16.5
30/07/2021,0.5
31/07/2021,5.0
01/08/2021,0.5
02/08/2021,11.5
03/08/2021,5.0
04/08/2021,17.5
05/08/2021,0.0
06/08/2021,0.0
07/08/2021,0.0
08/08/2021,31.0
09/08/2021,1.5
10/08/2021,12.2
11/08/2021,25.3
12/08/2021,0.5
13/08/2021,0.0
14/08/2021,6.5
15/08/2021,3.5
16/08/2021,7.5
17/08/2021,3.5
18/08/2021,0.3
19/08/2021,4.7
20/08/2021,1.0
21/08/2021,0.0
22/08/2021,0.5
23/08/2021,24.4
24/08/2021,7.1
25/08/2021,21.0
26/08/2021,31.0
27/08/2021,0.0
28/08/2021,0.5
29/08/2021,22.5
30/08/2021,0.0
31/08/2021,27.5
01/09/2021,10.2
02/09/2021,23.8
03/09/2021,1.1
04/09/2021,2.0
05/09/2021,0.0
06/09/2021,0.0
07/09/2021,0.7
08/09/2021,31.3
09/09/2021,22.2
10/09/2021,0.3
11/09/2021,1.0
12/09/2021,1.5
13/09/2021,4.0
14/09/2021,0.4
15/09/2021,18.6
16/09/2021,36.3
17/09/2021,0.2
18/09/2021,0.0
19/09/2021,51.0
20/09/2021,0.0
21/09/2021,0.5
22/09/2021,23.5
23/09/2021,11.0
24/09/2021,4.5
25/09/2021,12.5
26/09/2021,14.9
27/09/2021,8.1
28/09/2021,10.6
29/09/2021,14.4
30/09/2021,21.5
01/10/2021,0.5
02/10/2021,0.0
03/10/2021,0.0
04/10/2021,10.0
05/10/2021,0.0
06/10/2021,0.0
07/10/2021,0.0
08/10/2021,0.0
09/10/2021,0.0
10/10/2021,0.0
11/10/2021,0.0
12/10/2021,12.0
13/10/2021,0.0
14/10/2021,16.5
15/10/2021,0.5
16/10/2021,4.0
17/10/2021,9.0
18/10/2021,0.0
19/10/2021,7.7
20/10/2021,11.6
21/10/2021,1.2
22/10/2021,6.5
23/10/2021,32.5
24/10/2021,8.0
25/10/2021,0.0
26/10/2021,0.0
27/10/2021,12.0
28/10/2021,30.8
29/10/2021,5.7
30/10/2021,12.5
31/10/2021,0.0
01/11/2021,0.4
02/11/2021,9.1
03/11/2021,15.5
04/11/2021,0.0
05/11/2021,2.0
06/11/2021,1.4
07/11/2021,8.6
08/11/2021,0.5
09/11/2021,7.3
10/11/2021,45.8
11/11/2021,7.4
12/11/2021,30.5
13/11/2021,73.4
14/11/2021,4.4
15/11/2021,14.2
16/11/2021,3.0
17/11/2021,39.3
18/11/2021,13.7
19/11/2021,3.4
20/11/2021,0.6
21/11/2021,0.0
22/11/2021,0.0
23/11/2021,3.6
24/11/2021,38.9
25/11/2021,6.3
26/11/2021,33.2
27/11/2021,20.5
28/11/2021,32.3
29/11/2021,0.7
30/11/2021,5.2
01/12/2021,56.9
02/12/2021,70.1
03/12/2021,163.3
04/12/2021,4.0
05/12/2021,0.3
06/12/2021,0.7
07/12/2021,0.5
08/12/2021,20.0
09/12/2021,9.5
10/12/2021,28.8
11/12/2021,8.7
12/12/2021,0.0
13/12/2021,23.0
14/12/2021,27.5
15/12/2021,13.2
16/12/2021,92.8
17/12/2021,99.9
18/12/2021,40.3
19/12/2021,10.2
20/12/2021,0.0
21/12/2021,14.8
22/12/2021,56.7
23/12/2021,0.0
24/12/2021,0.0
25/12/2021,0.0
26/12/2021,0.0
27/12/2021,0.0
28/12/2021,0.0
29/12/2021,0.0
30/12/2021,0.0
31/12/2021,0.0
01/01/2022,0.0
02/01/2022,0.0
03/01/2022,0.0
04/01/2022,0.0
05/01/2022,0.0
06/01/2022,0.0
07/01/2022,0.0
08/01/2022,0.0
09/01/2022,0.0
10/01/2022,0.0
14/01/2022,0.0
15/01/2022,0.4
16/01/2022,1.5
17/01/2022,25.1
18/01/2022,0.0
19/01/2022,0.0
20/01/2022,0.0
21/01/2022,0.0
22/01/2022,0.0
23/01/2022,0.0
24/01/2022,0.0
25/01/2022,0.0
26/01/2022,0.0
27/01/2022,0.0
28/01/2022,0.0
29/01/2022,0.0
30/01/2022,0.0
31/01/2022,0.0
01/02/2022,0.0
02/02/2022,21.9
03/02/2022,13.5
04/02/2022,20.5
05/02/2022,7.6
06/02/2022,14.0
07/02/2022,53.6
08/02/2022,126.7
09/02/2022,3.1
10/02/2022,53.5
11/02/2022,22.3
12/02/2022,42.5
13/02/2022,21.4
14/02/2022,73.0
15/02/2022,142.0
16/02/2022,8.5
17/02/2022,1.3
18/02/2022,0.0
19/02/2022,0.0
20/02/2022,0.0
21/02/2022,0.0
22/02/2022,0.4
23/02/2022,18.9
24/02/2022,59.9
25/02/2022,226.0
26/02/2022,192.6
27/02/2022,324.2
28/02/2022,17.1
01/03/2022,0.5
02/03/2022,0.5
03/03/2022,8.7
04/03/2022,34.1
05/03/2022,17.2
06/03/2022,34.3
07/03/2022,1.6
08/03/2022,12.1
09/03/2022,13.5
10/03/2022,0.6
11/03/2022,0.0
12/03/2022,0.0
13/03/2022,18.5
14/03/2022,0.0
15/03/2022,0.0
16/03/2022,1.0
17/03/2022,10.2
18/03/2022,0.3
19/03/2022,46.6
20/03/2022,39.4
21/03/2022,3.0
22/03/2022,6.0
23/03/2022,3.9
24/03/2022,1.1
25/03/2022,19.5
26/03/2022,0.0
27/03/2022,0.0
28/03/2022,0.0
29/03/2022,0.0
30/03/2022,0.0
31/03/2022,15.5
01/04/2022,2.0
02/04/2022,0.0
03/04/2022,0.9
04/04/2022,127.0
05/04/2022,12.0
06/04/2022,8.7
07/04/2022,1.0
08/04/2022,3.1
09/04/2022,13.9
10/04/2022,0.0
11/04/2022,25.5
12/04/2022,3.0
13/04/2022,42.1
14/04/2022,0.4
15/04/2022,15.5
16/04/2022,0.0
17/04/2022,0.0
18/04/2022,0.4
19/04/2022,4.6
20/04/2022,5.5
21/04/2022,0.0
22/04/2022,7.5
23/04/2022,0.0
24/04/2022,76.0
25/04/2022,32.5
26/04/2022,0.0
27/04/2022,0.0
28/04/2022,0.0
29/04/2022,0.0
30/04/2022,0.0
01/05/2022,58.0
02/05/2022,2.0
03/05/2022,17.2
04/05/2022,14.8
05/05/2022,35.5
06/05/2022,0.5
07/05/2022,12.0
08/05/2022,9.6
09/05/2022,19.4
10/05/2022,65.2
11/05/2022,63.3
12/05/2022,0.0
13/05/2022,0.0
14/05/2022,8.0
15/05/2022,3.3
16/05/2022,18.8
17/05/2022,0.4
18/05/2022,0.4
19/05/2022,3.6
20/05/2022,0.0
21/05/2022,0.0
22/05/2022,2.0
23/05/2022,0.0
24/05/2022,0.0
25/05/2022,0.0
26/05/2022,0.0
27/05/2022,0.0
28/05/2022,0.0
29/05/2022,0.5
30/05/2022,0.0
31/05/2022,17.6
01/06/2022,16.4
02/06/2022,26.5
03/06/2022,0.0
04/06/2022,4.0
05/06/2022,0.5
06/06/2022,0.0
07/06/2022,25.0
08/06/2022,0.0
09/06/2022,0.0
10/06/2022,0.0
11/06/2022,7.0
12/06/2022,0.0
13/06/2022,4.5
14/06/2022,19.5
15/06/2022,27.0
16/06/2022,0.0
17/06/2022,0.0
18/06/2022,0.0
19/06/2022,0.0
20/06/2022,18.5
21/06/2022,0.5
22/06/2022,23.5
23/06/2022,39.5
24/06/2022,65.9
25/06/2022,0.1
26/06/2022,19.5
27/06/2022,16.0
28/06/2022,38.5
29/06/2022,88.9
30/06/2022,0.1
01/07/2022,25.0
02/07/2022,0.0
03/07/2022,9.0
04/07/2022,26.9
05/07/2022,1.6
06/07/2022,24.0
07/07/2022,0.0
08/07/2022,0.5
09/07/2022,0.5
10/07/2022,2.0
11/07/2022,2.7
12/07/2022,1.3
13/07/2022,0.0
14/07/2022,0.0
15/07/2022,2.0
16/07/2022,0.0
17/07/2022,1.0
18/07/2022,6.9
19/07/2022,5.1
20/07/2022,2.4
21/07/2022,11.1
22/07/2022,0.0
23/07/2022,0.0
24/07/2022,0.0
25/07/2022,0.0
26/07/2022,4.0
27/07/2022,83.1
28/07/2022,4.1
29/07/2022,0.3
30/07/2022,11.0
31/07/2022,54.5
01/08/2022,0.5
02/08/2022,2.4
03/08/2022,0.1
04/08/2022,4.5
05/08/2022,28.0
06/08/2022,0.0
07/08/2022,0.0
08/08/2022,0.0
09/08/2022,5.5
10/08/2022,0.0
11/08/2022,0.0
12/08/2022,3.6
13/08/2022,8.4
14/08/2022,0.0
15/08/2022,18.7
16/08/2022,57.3
17/08/2022,56.4
18/08/2022,14.6
19/08/2022,4.0
20/08/2022,24.5
21/08/2022,2.0
22/08/2022,1.0
23/08/2022,3.5
24/08/2022,0.0
25/08/2022,42.5
26/08/2022,0.0
27/08/2022,12.8
28/08/2022,6.0
29/08/2022,11.7
30/08/2022,33.0
31/08/2022,0.0
01/09/2022,0.0
02/09/2022,4.5
03/09/2022,15.3
04/09/2022,1.6
05/09/2022,3.6
06/09/2022,6.6
07/09/2022,13.9
08/09/2022,0.4
09/09/2022,2.5
10/09/2022,8.1
11/09/2022,7.1
12/09/2022,1.4
13/09/2022,6.0
14/09/2022,20.5
15/09/2022,7.0
16/09/2022,0.0
17/09/2022,32.5
18/09/2022,0.5
19/09/2022,3.7
20/09/2022,20.8
21/09/2022,5.5
22/09/2022,25.0
23/09/2022,5.0
24/09/2022,0.4
25/09/2022,9.1
26/09/2022,78.5
27/09/2022,7.5
28/09/2022,32.5
29/09/2022,42.0
30/09/2022,38.9
01/10/2022,6.6
02/10/2022,0.4
03/10/2022,49.8
04/10/2022,17.8
05/10/2022,106.0
06/10/2022,2.0
07/10/2022,12.5
08/10/2022,4.4
09/10/2022,2.5
10/10/2022,14.5
11/10/2022,0.4
12/10/2022,1.1
13/10/2022,0.5
14/10/2022,3.8
15/10/2022,0.7
16/10/2022,0.0
17/10/2022,32.5
18/10/2022,32.5
19/10/2022,9.3
20/10/2022,74.7
21/10/2022,22.4
22/10/2022,80.8
23/10/2022,0.7
24/10/2022,2.9
25/10/2022,3.6
26/10/2022,7.5
27/10/2022,0.1
28/10/2022,23.4
29/10/2022,12.1
30/10/2022,0.5
31/10/2022,10.5
01/11/2022,24.9
02/11/2022,4.7
03/11/2022,4.8
04/11/2022,73.5
05/11/2022,1.5
06/11/2022,81.1
07/11/2022,3.4
08/11/2022,1.9
09/11/2022,6.3
10/11/2022,53.3
11/11/2022,75.2
12/11/2022,19.2
13/11/2022,16.5
14/11/2022,0.7
15/11/2022,5.5
16/11/2022,14.3
17/11/2022,0.0
18/11/2022,2.5
19/11/2022,0.0
20/11/2022,2.0
21/11/2022,0.8
22/11/2022,4.6
23/11/2022,38.5
24/11/2022,13.2
25/11/2022,0.0
26/11/2022,6.0
27/11/2022,57.0
28/11/2022,46.0
29/11/2022,0.5
30/11/2022,21.5
01/12/2022,33.6
02/12/2022,23.7
03/12/2022,19.2
04/12/2022,0.0
05/12/2022,0.0
06/12/2022,11.9
07/12/2022,51.1
08/12/2022,40.5
09/12/2022,131.7
10/12/2022,67.2
11/12/2022,129.2
12/12/2022,28.5
13/12/2022,49.4
14/12/2022,20.6
15/12/2022,14.9
16/12/2022,6.8
17/12/2022,105.9
18/12/2022,596.2
19/12/2022,319.8
20/12/2022,63.9
21/12/2022,22.5
22/12/2022,21.5
23/12/2022,0.4
24/12/2022,3.0
25/12/2022,4.3
26/12/2022,0.8
27/12/2022,1.5
28/12/2022,0.0
29/12/2022,0.0
30/12/2022,0.0
31/12/2022,0.0
01/01/2023,0.0
02/01/2023,26.0
03/01/2023,28.5
04/01/2023,0.0
05/01/2023,4.6
06/01/2023,32.0
07/01/2023,107.6
08/01/2023,15.4
09/01/2023,9.5
10/01/2023,8.0
11/01/2023,92.5
12/01/2023,59.5
13/01/2023,0.4
14/01/2023,10.1
15/01/2023,0.0
16/01/2023,0.0
17/01/2023,1.1
18/01/2023,16.4
19/01/2023,31.1
20/01/2023,57.6
21/01/2023,24.0
22/01/2023,36.3
23/01/2023,13.6
24/01/2023,11.7
25/01/2023,5.1
26/01/2023,4.5
27/01/2023,104.9
28/01/2023,49.7
29/01/2023,41.8
30/01/2023,37.6
31/01/2023,9.5
01/02/2023,13.4
02/02/2023,19.3
03/02/2023,56.4
04/02/2023,7.2
05/02/2023,9.9
06/02/2023,46.8
07/02/2023,1.0
08/02/2023,22.4
09/02/2023,0.1
10/02/2023,0.5
11/02/2023,29.5
12/02/2023,0.0
13/02/2023,0.0
14/02/2023,0.0
15/02/2023,0.0
16/02/2023,32.4
17/02/2023,11.0
18/02/2023,31.6
19/02/2023,2.0
20/02/2023,1.0
21/02/2023,28.5
22/02/2023,1.5
23/02/2023,0.0
24/02/2023,0.0
25/02/2023,2.0
26/02/2023,5.7
27/02/2023,4.0
28/02/2023,34.7
01/03/2023,22.0
02/03/2023,9.0
03/03/2023,15.1
04/03/2023,4.7
05/03/2023,0.3
06/03/2023,0.0
07/03/2023,1.1
08/03/2023,3.9
09/03/2023,7.5
10/03/2023,21.1
11/03/2023,0.9
12/03/2023,0.0
13/03/2023,2.5
14/03/2023,0.0
15/03/2023,0.0
16/03/2023,4.0
17/03/2023,0.0
18/03/2023,0.0
19/03/2023,0.0
20/03/2023,0.0
21/03/2023,0.0
22/03/2023,0.0
23/03/2023,0.5
24/03/2023,0.0
25/03/2023,0.0
26/03/2023,0.0
27/03/2023,0.5
28/03/2023,0.0
29/03/2023,0.0
30/03/2023,0.0
31/03/2023,0.0
01/04/2023,0.0
02/04/2023,27.0
03/04/2023,65.0
04/04/2023,2.0
05/04/2023,0.0
06/04/2023,0.0
07/04/2023,0.0
08/04/2023,0.0
09/04/2023,0.0
10/04/2023,0.0
11/04/2023,0.0
12/04/2023,0.0
13/04/2023,0.0
14/04/2023,0.0
15/04/2023,0.0
16/04/2023,0.0
17/04/2023,0.0
18/04/2023,0.0
19/04/2023,0.0
20/04/2023,0.0
21/04/2023,4.0
22/04/2023,3.5
23/04/2023,0.0
24/04/2023,0.0
25/04/2023,1.4
26/04/2023,1.5
27/04/2023,23.6
28/04/2023,0.5
29/04/2023,0.0
30/04/2023,0.0
01/05/2023,0.4
02/05/2023,16.9
03/05/2023,19.2
04/05/2023,0.5
05/05/2023,0.0
06/05/2023,0.0
07/05/2023,1.0
08/05/2023,1.0
09/05/2023,51.4
10/05/2023,2.6
11/05/2023,0.0
12/05/2023,0.0
13/05/2023,0.0
14/05/2023,11.5
15/05/2023,31.0
16/05/2023,32.0
17/05/2023,8.0
18/05/2023,32.0
19/05/2023,0.0
20/05/2023,24.5
