Date,Value (mm)
02/02/1978,0.0
03/02/1978,25.0
04/02/1978,2.0
05/02/1978,0.5
06/02/1978,0.0
07/02/1978,0.0
08/02/1978,0.0
09/02/1978,0.0
10/02/1978,0.0
11/02/1978,0.0
12/02/1978,0.0
13/02/1978,0.0
14/02/1978,0.0
15/02/1978,13.5
16/02/1978,0.5
17/02/1978,0.0
18/02/1978,0.5
19/02/1978,0.5
20/02/1978,0.0
21/02/1978,0.0
22/02/1978,0.5
23/02/1978,1.5
24/02/1978,0.0
25/02/1978,8.2
26/02/1978,3.3
27/02/1978,6.0
28/02/1978,2.0
01/03/1978,1.5
02/03/1978,1.5
03/03/1978,0.0
04/03/1978,0.0
05/03/1978,0.0
06/03/1978,0.0
07/03/1978,0.0
08/03/1978,0.0
09/03/1978,0.0
10/03/1978,2.5
11/03/1978,0.5
12/03/1978,0.0
13/03/1978,0.0
14/03/1978,0.0
15/03/1978,0.0
16/03/1978,0.0
17/03/1978,0.0
18/03/1978,0.0
19/03/1978,0.0
20/03/1978,0.0
21/03/1978,0.0
22/03/1978,0.0
23/03/1978,0.0
24/03/1978,0.0
25/03/1978,0.0
26/03/1978,15.0
27/03/1978,28.5
28/03/1978,1.0
29/03/1978,0.0
30/03/1978,0.0
31/03/1978,0.0
01/04/1978,0.0
02/04/1978,0.0
03/04/1978,1.5
04/04/1978,9.5
05/04/1978,0.0
06/04/1978,0.0
07/04/1978,0.0
08/04/1978,0.0
09/04/1978,0.0
10/04/1978,0.0
11/04/1978,0.0
12/04/1978,0.0
13/04/1978,0.0
14/04/1978,42.5
15/04/1978,0.0
16/04/1978,47.5
17/04/1978,12.5
18/04/1978,10.0
19/04/1978,0.0
20/04/1978,0.0
21/04/1978,0.0
22/04/1978,0.0
23/04/1978,0.0
24/04/1978,0.0
25/04/1978,0.0
26/04/1978,0.0
27/04/1978,0.0
28/04/1978,32.5
29/04/1978,0.0
30/04/1978,0.0
01/05/1978,0.0
02/05/1978,0.0
03/05/1978,0.0
04/05/1978,0.0
05/05/1978,0.0
06/05/1978,0.0
07/05/1978,10.0
08/05/1978,0.5
09/05/1978,0.0
10/05/1978,1.5
11/05/1978,8.5
12/05/1978,24.0
13/05/1978,7.0
14/05/1978,3.5
15/05/1978,1.0
16/05/1978,1.0
17/05/1978,27.5
18/05/1978,0.0
19/05/1978,0.0
20/05/1978,0.0
21/05/1978,0.0
22/05/1978,32.5
23/05/1978,3.0
24/05/1978,0.0
25/05/1978,7.0
26/05/1978,3.5
27/05/1978,2.2
28/05/1978,10.8
29/05/1978,24.5
30/05/1978,1.5
31/05/1978,1.5
01/06/1978,18.0
02/06/1978,16.5
03/06/1978,0.0
04/06/1978,2.0
05/06/1978,5.5
06/06/1978,0.0
07/06/1978,0.0
08/06/1978,2.0
09/06/1978,16.5
10/06/1978,0.0
19/06/1978,10.5
20/06/1978,26.0
21/06/1978,0.0
22/06/1978,53.0
23/06/1978,0.0
24/06/1978,9.5
25/06/1978,0.0
26/06/1978,24.1
27/06/1978,13.4
28/06/1978,0.0
29/06/1978,3.0
30/06/1978,0.5
01/07/1978,1.0
02/07/1978,4.0
03/07/1978,2.0
04/07/1978,12.0
05/07/1978,0.0
06/07/1978,0.0
07/07/1978,0.0
16/07/1978,18.5
17/07/1978,2.5
18/07/1978,2.5
19/07/1978,8.5
20/07/1978,9.0
21/07/1978,0.0
24/07/1978,29.0
25/07/1978,0.0
26/07/1978,0.0
27/07/1978,0.0
28/07/1978,0.0
29/07/1978,0.0
30/07/1978,17.0
31/07/1978,0.5
01/08/1978,5.0
02/08/1978,1.0
03/08/1978,5.5
04/08/1978,0.0
05/08/1978,8.0
06/08/1978,0.5
07/08/1978,0.0
08/08/1978,0.0
09/08/1978,0.0
10/08/1978,14.5
11/08/1978,3.0
12/08/1978,0.0
13/08/1978,0.0
14/08/1978,45.0
15/08/1978,10.0
16/08/1978,27.5
23/08/1978,4.5
24/08/1978,11.0
25/08/1978,9.5
26/08/1978,7.0
27/08/1978,0.0
28/08/1978,61.0
29/08/1978,0.0
30/08/1978,21.5
31/08/1978,0.5
01/09/1978,6.5
02/09/1978,0.0
03/09/1978,0.0
04/09/1978,0.0
05/09/1978,3.5
06/09/1978,10.0
07/09/1978,44.0
08/09/1978,61.0
09/09/1978,0.0
10/09/1978,36.1
11/09/1978,55.4
12/09/1978,13.5
13/09/1978,0.0
14/09/1978,0.0
15/09/1978,35.0
16/09/1978,0.0
17/09/1978,5.5
18/09/1978,0.0
19/09/1978,0.0
20/09/1978,5.0
21/09/1978,27.0
22/09/1978,0.0
23/09/1978,37.5
24/09/1978,22.0
25/09/1978,4.5
26/09/1978,0.5
27/09/1978,10.5
28/09/1978,0.0
29/09/1978,2.5
30/09/1978,0.0
01/10/1978,7.3
02/10/1978,47.7
03/10/1978,0.0
04/10/1978,0.0
05/10/1978,1.5
06/10/1978,1.5
07/10/1978,8.0
08/10/1978,0.0
09/10/1978,6.5
10/10/1978,13.0
11/10/1978,18.5
12/10/1978,0.5
13/10/1978,8.0
14/10/1978,0.0
15/10/1978,16.5
16/10/1978,47.7
17/10/1978,6.8
18/10/1978,1.0
19/10/1978,58.0
14/11/1978,6.0
15/11/1978,17.5
16/11/1978,0.0
17/11/1978,29.5
18/11/1978,4.0
19/11/1978,104.4
20/11/1978,83.1
21/11/1978,9.6
22/11/1978,0.0
23/11/1978,2.0
24/11/1978,0.0
25/11/1978,0.0
26/11/1978,0.0
27/11/1978,0.0
28/11/1978,0.0
29/11/1978,25.5
30/11/1978,1.0
01/12/1978,11.7
02/12/1978,38.8
05/12/1978,28.1
06/12/1978,369.9
07/12/1978,11.0
08/12/1978,19.2
09/12/1978,6.8
10/12/1978,14.5
11/12/1978,5.5
12/12/1978,12.0
13/12/1978,4.8
14/12/1978,11.7
15/12/1978,11.0
16/12/1978,0.5
17/12/1978,0.0
18/12/1978,0.0
19/12/1978,0.0
20/12/1978,11.0
21/12/1978,0.0
22/12/1978,1.0
23/12/1978,1.0
24/12/1978,1.0
25/12/1978,0.0
26/12/1978,0.0
27/12/1978,0.0
28/12/1978,0.0
29/12/1978,0.0
30/12/1978,0.0
31/12/1978,3.0
01/01/1979,12.0
02/01/1979,5.5
03/01/1979,13.5
04/01/1979,2.6
05/01/1979,5.4
06/01/1979,3.5
07/01/1979,0.0
08/01/1979,0.0
09/01/1979,0.0
10/01/1979,0.0
11/01/1979,0.0
12/01/1979,0.0
13/01/1979,0.0
14/01/1979,0.0
15/01/1979,0.0
16/01/1979,0.0
17/01/1979,3.0
20/01/1979,11.0
21/01/1979,1.0
22/01/1979,7.0
23/01/1979,22.7
27/01/1979,20.0
28/01/1979,0.0
29/01/1979,0.0
30/01/1979,0.0
31/01/1979,0.0
01/02/1979,0.0
02/02/1979,12.0
03/02/1979,1.0
04/02/1979,0.0
05/02/1979,23.5
06/02/1979,2.9
07/02/1979,5.1
08/02/1979,0.0
09/02/1979,0.0
10/02/1979,0.0
11/02/1979,0.0
12/02/1979,0.5
13/02/1979,0.0
14/02/1979,0.0
15/02/1979,8.7
16/02/1979,40.3
17/02/1979,1.5
18/02/1979,0.0
19/02/1979,0.0
20/02/1979,0.0
21/02/1979,0.0
22/02/1979,0.0
23/02/1979,0.0
24/02/1979,0.0
25/02/1979,0.0
26/02/1979,0.0
27/02/1979,0.0
28/02/1979,0.0
01/03/1979,3.0
02/03/1979,11.5
03/03/1979,4.5
04/03/1979,0.0
05/03/1979,0.0
06/03/1979,0.0
07/03/1979,0.0
08/03/1979,0.0
09/03/1979,0.0
10/03/1979,0.0
11/03/1979,0.0
12/03/1979,0.0
13/03/1979,0.0
14/03/1979,0.0
15/03/1979,0.0
16/03/1979,0.0
17/03/1979,0.0
18/03/1979,0.0
19/03/1979,0.0
20/03/1979,0.0
21/03/1979,0.0
22/03/1979,0.0
23/03/1979,0.0
24/03/1979,0.0
25/03/1979,0.0
26/03/1979,3.0
27/03/1979,0.5
28/03/1979,0.0
29/03/1979,0.0
30/03/1979,0.0
31/03/1979,0.0
01/04/1979,0.0
02/04/1979,0.0
03/04/1979,0.0
04/04/1979,0.0
05/04/1979,2.0
06/04/1979,0.0
07/04/1979,0.0
08/04/1979,0.0
09/04/1979,0.0
10/04/1979,7.5
11/04/1979,0.0
12/04/1979,0.0
13/04/1979,0.0
14/04/1979,39.7
15/04/1979,16.1
16/04/1979,0.2
17/04/1979,9.0
18/04/1979,0.5
19/04/1979,0.0
20/04/1979,27.0
21/04/1979,49.1
22/04/1979,0.9
23/04/1979,23.5
24/04/1979,0.5
25/04/1979,0.0
26/04/1979,0.0
27/04/1979,1.5
28/04/1979,1.3
29/04/1979,13.2
30/04/1979,0.0
01/05/1979,0.0
02/05/1979,0.0
03/05/1979,0.0
04/05/1979,0.0
05/05/1979,0.0
06/05/1979,0.0
07/05/1979,7.5
08/05/1979,0.0
09/05/1979,0.0
10/05/1979,0.0
11/05/1979,0.0
12/05/1979,0.0
13/05/1979,0.0
14/05/1979,8.0
15/05/1979,0.0
16/05/1979,0.0
17/05/1979,0.0
18/05/1979,0.0
19/05/1979,0.0
20/05/1979,14.5
21/05/1979,16.5
22/05/1979,0.5
23/05/1979,43.0
24/05/1979,0.0
25/05/1979,6.0
26/05/1979,0.0
27/05/1979,1.0
28/05/1979,0.0
29/05/1979,0.0
30/05/1979,49.5
31/05/1979,0.0
01/06/1979,3.0
02/06/1979,10.5
03/06/1979,29.5
04/06/1979,1.0
05/06/1979,18.5
06/06/1979,27.0
07/06/1979,4.0
08/06/1979,11.0
09/06/1979,10.5
10/06/1979,0.5
11/06/1979,0.0
12/06/1979,7.0
13/06/1979,4.0
14/06/1979,0.5
15/06/1979,13.5
16/06/1979,0.5
17/06/1979,20.5
18/06/1979,18.0
19/06/1979,0.5
20/06/1979,0.0
21/06/1979,0.0
22/06/1979,0.0
23/06/1979,0.0
24/06/1979,29.5
25/06/1979,0.5
26/06/1979,53.0
27/06/1979,0.0
28/06/1979,10.5
29/06/1979,0.5
30/06/1979,0.0
01/07/1979,0.0
09/07/1979,26.0
10/07/1979,7.5
11/07/1979,30.5
12/07/1979,0.0
13/07/1979,0.0
14/07/1979,0.0
15/07/1979,10.3
16/07/1979,14.7
17/07/1979,7.0
18/07/1979,0.5
19/07/1979,3.5
20/07/1979,0.5
21/07/1979,2.0
22/07/1979,0.0
23/07/1979,22.0
24/07/1979,3.5
25/07/1979,1.5
26/07/1979,8.5
27/07/1979,0.5
28/07/1979,8.5
29/07/1979,6.7
30/07/1979,1.8
31/07/1979,2.0
01/08/1979,0.0
02/08/1979,0.0
03/08/1979,0.0
04/08/1979,0.0
05/08/1979,4.0
06/08/1979,0.0
07/08/1979,6.0
08/08/1979,1.0
09/08/1979,0.0
10/08/1979,0.0
11/08/1979,0.0
12/08/1979,0.0
13/08/1979,0.0
14/08/1979,0.6
15/08/1979,0.3
16/08/1979,4.2
17/08/1979,44.0
18/08/1979,1.0
19/08/1979,26.0
20/08/1979,12.5
21/08/1979,0.0
22/08/1979,0.0
23/08/1979,9.5
24/08/1979,5.0
25/08/1979,0.5
26/08/1979,0.5
27/08/1979,0.0
28/08/1979,0.0
29/08/1979,0.0
30/08/1979,0.0
31/08/1979,57.0
01/09/1979,0.0
02/09/1979,13.0
03/09/1979,0.0
04/09/1979,0.0
05/09/1979,0.0
06/09/1979,11.5
07/09/1979,6.0
08/09/1979,18.0
09/09/1979,1.5
10/09/1979,16.0
11/09/1979,33.5
12/09/1979,0.0
13/09/1979,0.0
14/09/1979,0.0
15/09/1979,13.0
16/09/1979,2.0
17/09/1979,40.0
18/09/1979,44.5
19/09/1979,0.0
20/09/1979,0.0
21/09/1979,0.0
22/09/1979,31.5
23/09/1979,0.5
24/09/1979,8.5
25/09/1979,0.0
26/09/1979,0.0
27/09/1979,0.0
28/09/1979,0.5
29/09/1979,4.5
30/09/1979,0.0
01/10/1979,0.0
02/10/1979,0.0
03/10/1979,0.0
04/10/1979,0.0
05/10/1979,0.0
06/10/1979,2.5
07/10/1979,0.0
08/10/1979,0.0
09/10/1979,0.0
10/10/1979,31.0
11/10/1979,19.0
12/10/1979,0.5
13/10/1979,13.5
14/10/1979,1.0
15/10/1979,0.0
16/10/1979,10.5
17/10/1979,14.0
18/10/1979,43.5
19/10/1979,16.5
20/10/1979,36.5
21/10/1979,6.5
22/10/1979,12.1
23/10/1979,14.3
24/10/1979,38.5
25/10/1979,0.5
26/10/1979,27.0
27/10/1979,0.5
05/11/1979,1.9
11/11/1979,19.0
12/11/1979,27.5
13/11/1979,24.5
14/11/1979,32.5
15/11/1979,99.0
16/11/1979,101.5
17/11/1979,72.0
18/11/1979,6.0
19/11/1979,24.6
20/11/1979,17.9
21/11/1979,42.5
22/11/1979,61.8
23/11/1979,32.7
24/11/1979,7.5
25/11/1979,25.2
26/11/1979,42.8
27/11/1979,56.2
28/11/1979,75.8
29/11/1979,0.5
30/11/1979,0.5
01/12/1979,1.5
02/12/1979,11.2
03/12/1979,3.5
04/12/1979,32.7
05/12/1979,38.9
06/12/1979,26.9
07/12/1979,0.5
08/12/1979,0.0
09/12/1979,0.0
10/12/1979,0.0
11/12/1979,6.3
12/12/1979,13.3
13/12/1979,100.9
14/12/1979,2.5
15/12/1979,1.5
16/12/1979,0.0
17/12/1979,7.6
18/12/1979,12.5
19/12/1979,26.7
20/12/1979,0.0
21/12/1979,0.0
22/12/1979,0.0
23/12/1979,0.0
24/12/1979,0.0
25/12/1979,0.0
26/12/1979,0.0
27/12/1979,0.0
28/12/1979,0.0
29/12/1979,0.7
30/12/1979,1.7
31/12/1979,3.5
01/01/1980,0.0
02/01/1980,0.0
03/01/1980,0.0
04/01/1980,13.9
05/01/1980,22.4
06/01/1980,9.1
07/01/1980,6.3
08/01/1980,0.0
09/01/1980,0.0
10/01/1980,0.0
11/01/1980,1.2
12/01/1980,0.0
13/01/1980,0.0
14/01/1980,0.0
15/01/1980,0.0
16/01/1980,0.0
17/01/1980,0.0
18/01/1980,1.7
19/01/1980,6.1
20/01/1980,2.2
21/01/1980,3.9
22/01/1980,0.0
23/01/1980,0.0
24/01/1980,0.0
25/01/1980,0.0
26/01/1980,0.0
27/01/1980,0.0
28/01/1980,0.0
29/01/1980,0.0
30/01/1980,0.0
31/01/1980,0.2
01/02/1980,53.9
02/02/1980,0.0
03/02/1980,0.0
04/02/1980,0.0
05/02/1980,0.0
06/02/1980,0.0
07/02/1980,0.5
08/02/1980,0.0
09/02/1980,0.0
10/02/1980,0.0
11/02/1980,0.0
12/02/1980,0.0
13/02/1980,0.0
14/02/1980,0.0
15/02/1980,0.0
16/02/1980,0.0
17/02/1980,0.0
18/02/1980,3.5
19/02/1980,52.6
20/02/1980,1.6
21/02/1980,6.1
22/02/1980,2.8
23/02/1980,27.5
24/02/1980,0.0
25/02/1980,0.0
26/02/1980,0.0
27/02/1980,0.5
28/02/1980,0.0
29/02/1980,0.0
01/03/1980,0.0
02/03/1980,0.0
03/03/1980,0.0
04/03/1980,0.0
05/03/1980,0.0
06/03/1980,0.0
07/03/1980,0.0
08/03/1980,0.0
09/03/1980,0.5
10/03/1980,0.0
11/03/1980,0.0
12/03/1980,0.0
13/03/1980,0.0
14/03/1980,24.7
15/03/1980,6.9
16/03/1980,0.0
17/03/1980,0.0
18/03/1980,0.0
19/03/1980,0.0
20/03/1980,0.0
21/03/1980,0.0
22/03/1980,0.0
23/03/1980,0.0
24/03/1980,0.0
25/03/1980,0.0
26/03/1980,0.0
27/03/1980,33.8
28/03/1980,0.0
29/03/1980,0.0
30/03/1980,0.0
31/03/1980,0.0
01/04/1980,0.0
02/04/1980,0.0
03/04/1980,93.2
04/04/1980,1.2
05/04/1980,0.0
06/04/1980,16.8
07/04/1980,0.0
08/04/1980,4.5
09/04/1980,0.0
10/04/1980,0.0
11/04/1980,0.0
12/04/1980,9.7
13/04/1980,0.0
14/04/1980,0.0
15/04/1980,0.0
16/04/1980,0.0
17/04/1980,0.0
18/04/1980,0.0
19/04/1980,0.0
20/04/1980,0.0
21/04/1980,14.9
22/04/1980,42.7
23/04/1980,0.5
24/04/1980,0.0
25/04/1980,0.0
26/04/1980,0.0
27/04/1980,0.0
28/04/1980,17.4
29/04/1980,0.0
30/04/1980,0.0
01/05/1980,0.0
02/05/1980,0.0
03/05/1980,0.0
04/05/1980,0.0
05/05/1980,0.0
06/05/1980,0.0
07/05/1980,0.0
08/05/1980,0.0
09/05/1980,0.0
10/05/1980,0.0
11/05/1980,0.0
12/05/1980,0.0
13/05/1980,0.0
14/05/1980,0.0
15/05/1980,0.0
16/05/1980,43.5
17/05/1980,0.0
18/05/1980,0.0
19/05/1980,50.5
20/05/1980,0.0
21/05/1980,0.0
22/05/1980,0.0
23/05/1980,0.0
24/05/1980,37.0
25/05/1980,0.0
26/05/1980,0.0
27/05/1980,0.0
28/05/1980,0.0
29/05/1980,0.0
30/05/1980,0.0
31/05/1980,0.0
01/06/1980,0.0
02/06/1980,0.0
03/06/1980,0.0
04/06/1980,0.0
05/06/1980,0.0
06/06/1980,5.5
07/06/1980,30.5
08/06/1980,0.5
09/06/1980,0.0
10/06/1980,0.0
11/06/1980,0.5
12/06/1980,3.5
13/06/1980,0.0
14/06/1980,0.0
15/06/1980,0.5
16/06/1980,0.0
17/06/1980,6.5
18/06/1980,0.0
19/06/1980,4.0
20/06/1980,0.0
21/06/1980,0.0
22/06/1980,3.0
23/06/1980,53.5
24/06/1980,0.5
25/06/1980,13.5
26/06/1980,0.0
27/06/1980,1.5
28/06/1980,14.0
29/06/1980,1.5
30/06/1980,0.0
01/07/1980,0.5
02/07/1980,0.0
03/07/1980,21.2
04/07/1980,13.8
05/07/1980,0.5
06/07/1980,3.3
07/07/1980,1.7
08/07/1980,10.5
09/07/1980,0.0
10/07/1980,0.5
11/07/1980,13.0
12/07/1980,5.5
13/07/1980,3.0
14/07/1980,1.0
15/07/1980,0.0
16/07/1980,0.0
17/07/1980,0.0
18/07/1980,0.0
19/07/1980,11.5
20/07/1980,2.0
21/07/1980,17.0
22/07/1980,0.0
23/07/1980,6.5
24/07/1980,24.5
25/07/1980,0.0
26/07/1980,24.0
27/07/1980,0.0
28/07/1980,0.0
29/07/1980,0.0
30/07/1980,0.0
31/07/1980,0.0
01/08/1980,0.0
02/08/1980,0.0
03/08/1980,11.5
04/08/1980,72.6
05/08/1980,21.0
06/08/1980,0.0
07/08/1980,29.5
08/08/1980,0.0
09/08/1980,3.0
10/08/1980,60.0
11/08/1980,71.0
12/08/1980,12.0
13/08/1980,5.0
14/08/1980,5.5
15/08/1980,2.5
16/08/1980,7.5
17/08/1980,7.0
18/08/1980,33.0
19/08/1980,0.0
20/08/1980,13.0
21/08/1980,0.0
22/08/1980,8.1
23/08/1980,1.8
24/08/1980,0.1
25/08/1980,17.0
26/08/1980,0.0
27/08/1980,4.5
28/08/1980,0.5
29/08/1980,9.5
30/08/1980,1.0
31/08/1980,22.5
01/09/1980,0.0
02/09/1980,0.0
03/09/1980,0.0
04/09/1980,1.0
05/09/1980,14.5
06/09/1980,0.0
07/09/1980,30.1
08/09/1980,2.9
09/09/1980,11.0
10/09/1980,3.5
11/09/1980,12.2
12/09/1980,0.3
13/09/1980,0.0
14/09/1980,0.5
15/09/1980,0.0
16/09/1980,37.5
17/09/1980,11.5
18/09/1980,22.2
19/09/1980,21.3
20/09/1980,0.0
21/09/1980,0.0
22/09/1980,0.0
23/09/1980,0.0
24/09/1980,0.0
25/09/1980,0.0
26/09/1980,0.0
27/09/1980,5.0
28/09/1980,22.7
29/09/1980,0.8
30/09/1980,14.0
01/10/1980,11.0
02/10/1980,8.5
03/10/1980,0.0
04/10/1980,6.1
05/10/1980,30.5
06/10/1980,1.4
07/10/1980,0.0
08/10/1980,0.0
09/10/1980,0.0
10/10/1980,0.0
11/10/1980,0.0
12/10/1980,18.1
13/10/1980,3.9
14/10/1980,7.2
15/10/1980,18.3
16/10/1980,20.0
17/10/1980,20.2
18/10/1980,26.4
19/10/1980,27.5
20/10/1980,20.5
21/10/1980,16.5
22/10/1980,12.5
23/10/1980,0.5
24/10/1980,68.5
25/10/1980,0.0
26/10/1980,0.0
27/10/1980,7.5
28/10/1980,3.0
29/10/1980,8.0
30/10/1980,3.5
31/10/1980,0.0
01/11/1980,0.0
02/11/1980,0.0
03/11/1980,5.1
04/11/1980,31.9
05/11/1980,77.1
06/11/1980,10.9
07/11/1980,0.5
08/11/1980,14.5
09/11/1980,4.5
10/11/1980,11.4
11/11/1980,6.1
12/11/1980,0.0
13/11/1980,15.7
14/11/1980,0.3
15/11/1980,0.1
16/11/1980,0.0
17/11/1980,0.0
18/11/1980,1.0
19/11/1980,12.5
20/11/1980,11.0
21/11/1980,16.0
22/11/1980,13.5
23/11/1980,24.5
24/11/1980,24.5
25/11/1980,5.5
26/11/1980,15.0
27/11/1980,1.5
28/11/1980,82.2
29/11/1980,5.8
30/11/1980,4.0
01/12/1980,61.6
02/12/1980,26.4
03/12/1980,3.5
04/12/1980,23.3
05/12/1980,55.0
06/12/1980,31.7
07/12/1980,17.4
08/12/1980,39.6
09/12/1980,113.0
10/12/1980,23.5
11/12/1980,0.0
12/12/1980,0.0
13/12/1980,0.0
14/12/1980,0.0
15/12/1980,20.0
16/12/1980,155.2
17/12/1980,105.2
18/12/1980,62.5
19/12/1980,94.1
20/12/1980,43.0
21/12/1980,9.0
22/12/1980,1.5
23/12/1980,1.0
24/12/1980,1.6
25/12/1980,29.9
26/12/1980,4.5
27/12/1980,0.5
28/12/1980,100.0
29/12/1980,4.0
30/12/1980,6.0
31/12/1980,1.0
01/01/1981,0.0
02/01/1981,0.0
03/01/1981,0.5
04/01/1981,0.0
05/01/1981,0.0
06/01/1981,5.5
07/01/1981,0.0
08/01/1981,0.0
09/01/1981,9.5
10/01/1981,4.5
11/01/1981,0.5
12/01/1981,0.0
13/01/1981,0.0
14/01/1981,0.5
15/01/1981,2.5
16/01/1981,3.0
17/01/1981,6.0
18/01/1981,2.0
19/01/1981,1.0
20/01/1981,1.0
21/01/1981,0.0
22/01/1981,0.0
23/01/1981,0.0
24/01/1981,0.0
25/01/1981,0.0
26/01/1981,0.0
27/01/1981,0.0
28/01/1981,0.0
29/01/1981,0.0
30/01/1981,0.0
31/01/1981,2.0
01/02/1981,15.0
02/02/1981,18.0
03/02/1981,11.5
04/02/1981,0.0
05/02/1981,3.0
06/02/1981,0.5
07/02/1981,0.0
08/02/1981,1.0
09/02/1981,0.0
10/02/1981,8.5
11/02/1981,7.5
12/02/1981,2.0
13/02/1981,0.0
14/02/1981,0.0
15/02/1981,0.0
16/02/1981,0.0
17/02/1981,0.0
18/02/1981,0.0
19/02/1981,0.0
20/02/1981,0.0
21/02/1981,0.0
22/02/1981,0.0
23/02/1981,0.0
24/02/1981,0.0
25/02/1981,0.0
26/02/1981,16.0
27/02/1981,26.0
28/02/1981,1.5
01/03/1981,0.0
02/03/1981,0.0
03/03/1981,1.5
04/03/1981,10.5
05/03/1981,0.0
06/03/1981,0.0
07/03/1981,0.0
08/03/1981,8.5
09/03/1981,0.0
10/03/1981,0.0
11/03/1981,0.0
12/03/1981,0.0
13/03/1981,0.0
14/03/1981,0.0
15/03/1981,0.0
16/03/1981,0.0
17/03/1981,0.0
18/03/1981,0.0
19/03/1981,0.0
20/03/1981,1.0
21/03/1981,0.0
22/03/1981,0.0
23/03/1981,0.0
24/03/1981,0.0
25/03/1981,0.0
26/03/1981,0.0
27/03/1981,0.0
28/03/1981,0.0
29/03/1981,0.5
30/03/1981,0.5
31/03/1981,15.0
01/04/1981,35.0
02/04/1981,13.5
03/04/1981,7.0
04/04/1981,6.5
05/04/1981,0.1
06/04/1981,0.2
07/04/1981,0.2
08/04/1981,5.1
09/04/1981,4.5
10/04/1981,7.0
11/04/1981,19.0
12/04/1981,0.0
13/04/1981,0.0
14/04/1981,0.5
15/04/1981,2.0
16/04/1981,44.5
17/04/1981,6.5
18/04/1981,36.5
19/04/1981,0.0
20/04/1981,0.0
21/04/1981,0.0
22/04/1981,23.5
23/04/1981,0.0
24/04/1981,0.0
25/04/1981,0.0
26/04/1981,0.0
27/04/1981,0.0
28/04/1981,0.0
29/04/1981,0.0
30/04/1981,9.5
01/05/1981,0.5
02/05/1981,0.0
03/05/1981,1.0
04/05/1981,3.5
05/05/1981,2.0
06/05/1981,37.0
07/05/1981,17.0
08/05/1981,0.5
09/05/1981,0.0
10/05/1981,0.0
11/05/1981,47.0
12/05/1981,0.5
13/05/1981,0.0
14/05/1981,0.0
15/05/1981,25.0
16/05/1981,0.0
17/05/1981,0.0
18/05/1981,0.0
19/05/1981,0.0
20/05/1981,0.0
21/05/1981,0.0
22/05/1981,0.0
23/05/1981,0.0
24/05/1981,5.0
25/05/1981,4.0
26/05/1981,0.5
27/05/1981,1.0
28/05/1981,0.0
29/05/1981,0.0
30/05/1981,19.0
31/05/1981,0.0
01/06/1981,0.0
02/06/1981,0.0
03/06/1981,0.0
04/06/1981,5.0
05/06/1981,0.0
06/06/1981,0.0
07/06/1981,0.0
08/06/1981,0.0
09/06/1981,13.0
10/06/1981,0.0
11/06/1981,0.0
12/06/1981,0.0
13/06/1981,2.0
14/06/1981,0.0
15/06/1981,0.0
16/06/1981,0.0
17/06/1981,0.0
18/06/1981,0.0
19/06/1981,0.0
20/06/1981,0.0
21/06/1981,0.0
22/06/1981,0.0
23/06/1981,0.0
24/06/1981,0.0
25/06/1981,7.0
26/06/1981,0.0
27/06/1981,0.0
28/06/1981,10.0
29/06/1981,27.0
30/06/1981,13.5
01/07/1981,0.0
02/07/1981,1.0
03/07/1981,0.0
04/07/1981,0.5
05/07/1981,20.8
06/07/1981,14.2
07/07/1981,0.0
08/07/1981,0.0
09/07/1981,0.0
10/07/1981,37.5
11/07/1981,0.5
12/07/1981,3.0
13/07/1981,0.0
14/07/1981,1.0
15/07/1981,6.0
16/07/1981,0.0
17/07/1981,0.0
18/07/1981,0.0
19/07/1981,47.0
20/07/1981,33.0
21/07/1981,24.0
22/07/1981,24.5
23/07/1981,0.5
24/07/1981,3.0
25/07/1981,0.0
26/07/1981,0.0
27/07/1981,4.5
28/07/1981,4.0
29/07/1981,5.5
30/07/1981,0.0
31/07/1981,17.5
01/08/1981,0.0
02/08/1981,0.0
03/08/1981,0.0
04/08/1981,0.0
05/08/1981,0.0
06/08/1981,0.0
07/08/1981,0.0
08/08/1981,0.0
09/08/1981,0.0
10/08/1981,0.0
11/08/1981,0.0
12/08/1981,0.0
13/08/1981,0.0
14/08/1981,0.0
15/08/1981,0.0
16/08/1981,0.0
17/08/1981,0.0
18/08/1981,1.0
19/08/1981,25.5
20/08/1981,46.0
21/08/1981,0.0
22/08/1981,0.0
23/08/1981,0.0
24/08/1981,9.5
25/08/1981,0.0
26/08/1981,45.5
27/08/1981,1.5
28/08/1981,17.0
29/08/1981,3.0
30/08/1981,5.0
31/08/1981,12.5
01/09/1981,11.0
02/09/1981,0.0
03/09/1981,17.0
04/09/1981,0.5
05/09/1981,0.0
06/09/1981,16.0
07/09/1981,8.0
08/09/1981,15.0
09/09/1981,0.0
10/09/1981,0.0
11/09/1981,4.0
12/09/1981,1.0
13/09/1981,26.0
14/09/1981,6.5
15/09/1981,1.5
16/09/1981,10.5
17/09/1981,4.5
18/09/1981,13.5
19/09/1981,1.5
20/09/1981,0.0
21/09/1981,6.2
22/09/1981,3.8
23/09/1981,0.0
24/09/1981,0.0
25/09/1981,0.0
26/09/1981,0.0
27/09/1981,9.0
28/09/1981,0.0
29/09/1981,5.5
30/09/1981,8.5
01/10/1981,0.0
02/10/1981,0.0
03/10/1981,0.0
04/10/1981,2.5
05/10/1981,8.5
06/10/1981,1.5
07/10/1981,0.0
08/10/1981,0.0
09/10/1981,0.0
10/10/1981,0.0
11/10/1981,0.0
12/10/1981,70.5
13/10/1981,1.5
14/10/1981,41.0
15/10/1981,29.5
16/10/1981,0.5
17/10/1981,59.5
18/10/1981,1.5
19/10/1981,3.0
20/10/1981,4.0
21/10/1981,0.0
22/10/1981,0.0
23/10/1981,0.0
24/10/1981,0.5
25/10/1981,0.0
26/10/1981,7.0
27/10/1981,1.3
28/10/1981,1.7
29/10/1981,17.5
30/10/1981,10.6
31/10/1981,5.4
01/11/1981,0.0
02/11/1981,4.9
03/11/1981,18.1
04/11/1981,2.0
05/11/1981,41.0
06/11/1981,31.0
07/11/1981,2.5
08/11/1981,2.0
09/11/1981,5.0
10/11/1981,4.0
11/11/1981,0.5
12/11/1981,35.5
13/11/1981,0.0
14/11/1981,0.5
15/11/1981,1.5
16/11/1981,7.5
17/11/1981,8.5
18/11/1981,8.5
19/11/1981,31.5
20/11/1981,15.5
21/11/1981,22.5
22/11/1981,2.5
23/11/1981,0.0
24/11/1981,4.5
25/11/1981,0.0
26/11/1981,0.0
27/11/1981,3.0
28/11/1981,5.0
29/11/1981,7.8
30/11/1981,91.2
01/12/1981,198.0
02/12/1981,80.0
03/12/1981,7.5
04/12/1981,18.7
05/12/1981,187.7
06/12/1981,6.0
07/12/1981,0.5
08/12/1981,0.0
09/12/1981,0.8
10/12/1981,86.4
11/12/1981,86.5
12/12/1981,26.8
13/12/1981,15.2
14/12/1981,17.0
15/12/1981,5.3
16/12/1981,5.5
17/12/1981,4.5
18/12/1981,6.0
19/12/1981,3.0
20/12/1981,4.5
21/12/1981,2.5
22/12/1981,4.5
23/12/1981,2.0
24/12/1981,2.0
25/12/1981,1.1
26/12/1981,0.3
27/12/1981,0.1
28/12/1981,0.0
29/12/1981,0.5
30/12/1981,0.0
31/12/1981,2.7
01/01/1982,4.5
02/01/1982,6.8
03/01/1982,0.5
04/01/1982,0.5
05/01/1982,1.5
06/01/1982,0.0
07/01/1982,1.2
08/01/1982,0.3
09/01/1982,0.0
10/01/1982,0.0
11/01/1982,0.0
12/01/1982,0.0
13/01/1982,0.0
14/01/1982,7.0
15/01/1982,0.0
16/01/1982,0.0
17/01/1982,0.0
18/01/1982,0.0
19/01/1982,0.0
20/01/1982,0.0
21/01/1982,0.0
22/01/1982,0.0
23/01/1982,0.0
24/01/1982,0.0
25/01/1982,0.0
26/01/1982,0.0
27/01/1982,0.0
28/01/1982,0.0
29/01/1982,0.0
30/01/1982,2.5
31/01/1982,0.0
01/02/1982,11.0
02/02/1982,5.3
03/02/1982,1.2
04/02/1982,0.0
05/02/1982,0.0
06/02/1982,0.0
07/02/1982,8.7
08/02/1982,6.0
09/02/1982,0.8
10/02/1982,0.0
11/02/1982,0.0
12/02/1982,0.0
13/02/1982,0.0
14/02/1982,0.0
15/02/1982,0.0
16/02/1982,0.0
17/02/1982,0.0
18/02/1982,0.0
19/02/1982,0.0
20/02/1982,0.0
21/02/1982,0.0
22/02/1982,0.0
23/02/1982,0.0
24/02/1982,0.0
25/02/1982,0.0
26/02/1982,0.5
27/02/1982,30.0
28/02/1982,0.0
01/03/1982,1.0
02/03/1982,0.0
03/03/1982,0.0
04/03/1982,0.0
05/03/1982,0.0
06/03/1982,0.0
07/03/1982,0.0
08/03/1982,0.0
09/03/1982,0.0
10/03/1982,0.5
11/03/1982,0.0
12/03/1982,0.0
13/03/1982,0.0
14/03/1982,0.0
15/03/1982,0.0
16/03/1982,0.0
17/03/1982,0.0
18/03/1982,0.0
19/03/1982,0.0
20/03/1982,0.0
21/03/1982,0.0
22/03/1982,0.0
23/03/1982,0.0
24/03/1982,0.0
25/03/1982,0.0
26/03/1982,14.0
27/03/1982,0.5
28/03/1982,2.0
29/03/1982,1.0
30/03/1982,4.5
31/03/1982,0.0
01/04/1982,69.0
02/04/1982,1.0
03/04/1982,0.5
04/04/1982,0.0
05/04/1982,0.0
06/04/1982,8.3
07/04/1982,4.2
08/04/1982,2.0
09/04/1982,21.0
10/04/1982,14.2
11/04/1982,10.8
12/04/1982,7.3
13/04/1982,5.2
14/04/1982,8.0
15/04/1982,18.3
16/04/1982,7.7
17/04/1982,7.0
18/04/1982,0.5
19/04/1982,13.5
20/04/1982,5.5
21/04/1982,9.0
22/04/1982,0.0
23/04/1982,0.0
24/04/1982,0.0
25/04/1982,0.0
26/04/1982,0.0
27/04/1982,0.0
28/04/1982,0.0
29/04/1982,0.0
30/04/1982,0.0
01/05/1982,0.0
02/05/1982,1.0
03/05/1982,3.0
04/05/1982,0.0
05/05/1982,0.0
06/05/1982,0.5
07/05/1982,0.0
08/05/1982,0.0
09/05/1982,0.0
10/05/1982,0.0
11/05/1982,0.0
12/05/1982,0.0
13/05/1982,0.0
14/05/1982,0.0
15/05/1982,0.0
16/05/1982,0.0
17/05/1982,0.0
18/05/1982,0.0
19/05/1982,12.0
20/05/1982,6.0
21/05/1982,0.0
22/05/1982,7.0
23/05/1982,17.0
24/05/1982,1.0
25/05/1982,13.0
26/05/1982,6.5
27/05/1982,9.0
28/05/1982,0.5
29/05/1982,2.5
30/05/1982,6.5
31/05/1982,11.5
01/06/1982,0.5
02/06/1982,0.0
03/06/1982,0.0
04/06/1982,18.9
05/06/1982,33.3
06/06/1982,16.3
07/06/1982,0.0
08/06/1982,0.0
09/06/1982,8.7
10/06/1982,5.0
11/06/1982,6.0
12/06/1982,14.2
13/06/1982,14.2
14/06/1982,2.5
15/06/1982,0.0
16/06/1982,0.0
17/06/1982,0.0
18/06/1982,0.0
19/06/1982,0.0
20/06/1982,0.0
21/06/1982,0.0
22/06/1982,26.0
23/06/1982,1.0
24/06/1982,0.0
25/06/1982,0.0
26/06/1982,0.0
27/06/1982,0.0
28/06/1982,6.5
29/06/1982,0.0
30/06/1982,0.0
01/07/1982,0.0
02/07/1982,0.0
03/07/1982,46.0
04/07/1982,23.5
05/07/1982,11.7
06/07/1982,9.3
07/07/1982,32.3
08/07/1982,16.7
09/07/1982,0.0
10/07/1982,5.5
11/07/1982,12.0
12/07/1982,22.0
13/07/1982,4.0
14/07/1982,21.5
15/07/1982,1.0
16/07/1982,22.0
17/07/1982,11.5
18/07/1982,14.5
19/07/1982,2.5
20/07/1982,7.0
21/07/1982,4.5
22/07/1982,0.0
23/07/1982,3.0
24/07/1982,8.1
25/07/1982,9.4
26/07/1982,0.0
27/07/1982,0.0
28/07/1982,0.0
29/07/1982,0.0
30/07/1982,0.0
31/07/1982,0.0
01/08/1982,0.0
02/08/1982,0.0
03/08/1982,0.0
04/08/1982,15.5
05/08/1982,14.0
06/08/1982,0.0
07/08/1982,0.0
08/08/1982,81.0
09/08/1982,0.0
10/08/1982,0.0
11/08/1982,39.3
12/08/1982,19.7
13/08/1982,0.5
14/08/1982,0.5
15/08/1982,2.0
16/08/1982,17.0
17/08/1982,0.0
18/08/1982,20.5
19/08/1982,0.0
20/08/1982,1.0
21/08/1982,7.0
22/08/1982,29.7
23/08/1982,42.5
24/08/1982,22.8
25/08/1982,4.5
26/08/1982,0.5
27/08/1982,5.5
28/08/1982,11.5
29/08/1982,0.5
30/08/1982,2.5
31/08/1982,0.0
01/09/1982,6.5
02/09/1982,0.0
03/09/1982,48.3
04/09/1982,24.7
05/09/1982,0.5
06/09/1982,0.0
07/09/1982,0.0
08/09/1982,0.0
09/09/1982,0.5
10/09/1982,4.0
11/09/1982,13.0
12/09/1982,0.0
13/09/1982,9.0
14/09/1982,4.5
15/09/1982,5.0
16/09/1982,0.0
17/09/1982,1.0
18/09/1982,0.0
19/09/1982,0.0
20/09/1982,8.5
21/09/1982,0.0
22/09/1982,0.0
23/09/1982,0.0
24/09/1982,9.5
25/09/1982,13.0
26/09/1982,3.0
27/09/1982,0.0
28/09/1982,0.0
29/09/1982,0.0
30/09/1982,0.0
01/10/1982,0.0
02/10/1982,0.0
03/10/1982,0.0
04/10/1982,2.5
05/10/1982,15.0
06/10/1982,2.0
07/10/1982,3.5
08/10/1982,7.0
09/10/1982,0.0
10/10/1982,42.7
11/10/1982,46.3
12/10/1982,1.5
13/10/1982,0.0
14/10/1982,12.2
15/10/1982,9.8
16/10/1982,3.0
17/10/1982,5.0
18/10/1982,4.5
19/10/1982,0.5
20/10/1982,0.0
21/10/1982,0.0
22/10/1982,0.0
23/10/1982,0.0
24/10/1982,0.0
25/10/1982,0.0
26/10/1982,0.0
27/10/1982,0.0
28/10/1982,0.0
29/10/1982,0.0
30/10/1982,0.0
31/10/1982,6.3
01/11/1982,26.2
02/11/1982,33.7
03/11/1982,35.5
04/11/1982,9.3
05/11/1982,1.5
06/11/1982,1.0
07/11/1982,27.5
08/11/1982,43.0
09/11/1982,0.0
10/11/1982,2.5
11/11/1982,3.5
12/11/1982,35.5
13/11/1982,0.0
14/11/1982,0.0
15/11/1982,0.0
16/11/1982,0.0
17/11/1982,0.0
18/11/1982,0.0
19/11/1982,0.0
20/11/1982,6.0
21/11/1982,18.3
22/11/1982,38.7
23/11/1982,15.0
24/11/1982,0.5
25/11/1982,1.5
26/11/1982,16.0
27/11/1982,5.5
28/11/1982,0.0
29/11/1982,0.0
30/11/1982,0.0
01/12/1982,1.7
02/12/1982,5.2
03/12/1982,2.2
04/12/1982,0.0
05/12/1982,0.0
06/12/1982,26.0
07/12/1982,41.7
08/12/1982,36.0
09/12/1982,112.5
10/12/1982,54.3
11/12/1982,0.0
12/12/1982,0.0
13/12/1982,27.3
14/12/1982,129.0
15/12/1982,214.3
16/12/1982,85.0
17/12/1982,12.0
18/12/1982,72.0
19/12/1982,5.5
20/12/1982,22.5
21/12/1982,10.3
22/12/1982,8.0
23/12/1982,16.0
24/12/1982,8.0
25/12/1982,6.5
26/12/1982,6.3
27/12/1982,3.2
28/12/1982,12.5
29/12/1982,1.0
30/12/1982,0.5
31/12/1982,0.0
01/01/1983,0.0
02/01/1983,38.5
03/01/1983,6.5
04/01/1983,0.5
05/01/1983,0.5
06/01/1983,23.5
07/01/1983,0.0
08/01/1983,0.0
09/01/1983,6.0
10/01/1983,0.0
11/01/1983,0.5
12/01/1983,5.0
13/01/1983,1.0
14/01/1983,6.0
15/01/1983,2.5
16/01/1983,6.5
17/01/1983,3.8
23/01/1983,0.4
24/01/1983,0.6
25/01/1983,0.5
26/01/1983,0.0
27/01/1983,0.0
28/01/1983,0.0
29/01/1983,0.0
30/01/1983,0.0
31/01/1983,0.0
01/02/1983,0.0
02/02/1983,0.0
03/02/1983,0.0
04/02/1983,0.0
05/02/1983,0.0
06/02/1983,0.0
07/02/1983,0.0
08/02/1983,0.0
09/02/1983,0.0
10/02/1983,0.0
11/02/1983,0.0
12/02/1983,0.0
13/02/1983,0.0
14/02/1983,2.5
15/02/1983,0.0
16/02/1983,0.0
17/02/1983,0.0
18/02/1983,0.0
19/02/1983,0.0
20/02/1983,0.0
21/02/1983,0.0
22/02/1983,0.0
23/02/1983,0.0
24/02/1983,0.0
25/02/1983,0.0
26/02/1983,0.0
27/02/1983,0.0
28/02/1983,0.0
01/03/1983,0.0
02/03/1983,0.0
03/03/1983,0.0
04/03/1983,0.0
05/03/1983,0.0
06/03/1983,0.0
07/03/1983,0.0
08/03/1983,0.0
09/03/1983,0.0
10/03/1983,0.0
11/03/1983,0.0
12/03/1983,0.0
13/03/1983,0.0
14/03/1983,0.0
15/03/1983,0.0
16/03/1983,0.0
17/03/1983,0.0
18/03/1983,0.0
19/03/1983,78.5
20/03/1983,0.0
21/03/1983,0.0
22/03/1983,0.0
23/03/1983,0.0
24/03/1983,0.0
25/03/1983,0.0
26/03/1983,0.0
27/03/1983,0.0
28/03/1983,0.0
29/03/1983,0.0
30/03/1983,0.0
31/03/1983,0.0
01/04/1983,0.0
02/04/1983,0.0
03/04/1983,0.0
04/04/1983,0.0
05/04/1983,0.0
06/04/1983,0.0
07/04/1983,0.0
08/04/1983,0.0
09/04/1983,0.0
10/04/1983,0.0
11/04/1983,0.0
12/04/1983,0.0
13/04/1983,0.0
14/04/1983,0.0
15/04/1983,0.0
16/04/1983,0.0
17/04/1983,0.0
18/04/1983,0.0
19/04/1983,0.0
20/04/1983,0.0
21/04/1983,0.0
22/04/1983,0.0
23/04/1983,0.0
24/04/1983,0.0
25/04/1983,0.0
26/04/1983,0.0
27/04/1983,6.0
28/04/1983,4.5
29/04/1983,0.0
30/04/1983,0.0
01/05/1983,17.5
02/05/1983,4.5
03/05/1983,1.0
04/05/1983,0.0
05/05/1983,14.5
06/05/1983,1.0
07/05/1983,0.0
08/05/1983,0.0
09/05/1983,0.0
10/05/1983,0.0
11/05/1983,0.0
12/05/1983,0.0
13/05/1983,0.5
14/05/1983,0.0
15/05/1983,0.0
16/05/1983,0.0
17/05/1983,0.0
18/05/1983,16.5
19/05/1983,0.0
20/05/1983,0.0
21/05/1983,0.0
22/05/1983,0.0
23/05/1983,6.1
24/05/1983,0.3
25/05/1983,34.2
26/05/1983,4.5
27/05/1983,7.5
28/05/1983,0.0
29/05/1983,0.0
30/05/1983,23.0
31/05/1983,0.5
01/06/1983,0.0
02/06/1983,4.5
03/06/1983,0.0
04/06/1983,34.5
05/06/1983,20.0
06/06/1983,26.5
07/06/1983,3.5
08/06/1983,0.0
09/06/1983,0.0
10/06/1983,17.5
11/06/1983,0.0
12/06/1983,0.0
13/06/1983,0.0
14/06/1983,0.0
15/06/1983,8.0
16/06/1983,0.0
17/06/1983,4.0
18/06/1983,8.0
19/06/1983,11.0
20/06/1983,0.0
21/06/1983,0.0
22/06/1983,0.0
23/06/1983,69.5
24/06/1983,0.5
25/06/1983,3.0
26/06/1983,0.0
27/06/1983,0.0
28/06/1983,0.0
29/06/1983,0.0
30/06/1983,8.5
01/07/1983,1.5
02/07/1983,40.0
11/07/1983,41.5
12/07/1983,0.0
13/07/1983,0.0
14/07/1983,7.0
15/07/1983,0.0
16/07/1983,0.0
25/07/1983,5.0
26/07/1983,0.0
27/07/1983,15.0
28/07/1983,0.0
29/07/1983,0.0
30/07/1983,0.0
31/07/1983,0.0
07/08/1983,13.5
08/08/1983,11.0
09/08/1983,0.0
10/08/1983,0.0
11/08/1983,2.0
12/08/1983,0.0
13/08/1983,6.0
14/08/1983,0.0
15/08/1983,33.8
16/08/1983,2.2
17/08/1983,0.0
18/08/1983,0.0
19/08/1983,13.5
20/08/1983,0.0
21/08/1983,7.5
22/08/1983,15.0
23/08/1983,0.0
24/08/1983,0.0
25/08/1983,0.5
26/08/1983,1.0
27/08/1983,0.0
28/08/1983,0.0
29/08/1983,6.5
30/08/1983,13.5
31/08/1983,4.0
01/09/1983,6.0
02/09/1983,0.0
03/09/1983,0.0
04/09/1983,0.0
05/09/1983,0.0
06/09/1983,0.0
07/09/1983,0.0
08/09/1983,21.5
09/09/1983,85.5
10/09/1983,14.0
11/09/1983,0.0
12/09/1983,5.0
13/09/1983,0.0
14/09/1983,26.0
15/09/1983,28.5
16/09/1983,6.0
17/09/1983,2.5
18/09/1983,8.5
19/09/1983,0.0
20/09/1983,0.0
21/09/1983,43.1
22/09/1983,43.9
23/09/1983,0.0
24/09/1983,0.0
25/09/1983,7.0
26/09/1983,61.0
27/09/1983,11.0
28/09/1983,10.5
29/09/1983,10.5
30/09/1983,0.5
01/10/1983,8.5
02/10/1983,0.0
03/10/1983,9.0
04/10/1983,4.0
05/10/1983,0.0
06/10/1983,7.5
07/10/1983,1.3
08/10/1983,0.7
09/10/1983,0.0
10/10/1983,0.0
11/10/1983,7.0
12/10/1983,1.5
13/10/1983,2.5
14/10/1983,0.0
15/10/1983,0.0
16/10/1983,0.0
17/10/1983,73.5
18/10/1983,2.0
19/10/1983,0.0
20/10/1983,1.0
21/10/1983,6.0
22/10/1983,18.0
23/10/1983,43.5
24/10/1983,0.0
25/10/1983,2.0
26/10/1983,21.0
27/10/1983,0.5
28/10/1983,0.5
29/10/1983,0.0
30/10/1983,11.0
31/10/1983,0.5
01/11/1983,1.0
02/11/1983,0.5
03/11/1983,0.5
04/11/1983,0.0
05/11/1983,0.5
06/11/1983,6.6
07/11/1983,9.4
08/11/1983,0.0
09/11/1983,52.5
10/11/1983,0.0
11/11/1983,23.0
12/11/1983,9.5
13/11/1983,1.0
14/11/1983,2.0
15/11/1983,14.0
16/11/1983,12.1
17/11/1983,3.4
18/11/1983,2.5
19/11/1983,1.0
20/11/1983,11.5
21/11/1983,0.0
22/11/1983,0.0
23/11/1983,1.5
24/11/1983,1.0
25/11/1983,0.5
26/11/1983,9.5
27/11/1983,85.8
28/11/1983,25.2
29/11/1983,0.0
30/11/1983,0.0
01/12/1983,57.0
02/12/1983,83.5
03/12/1983,136.5
04/12/1983,203.0
05/12/1983,82.0
06/12/1983,126.0
07/12/1983,46.7
08/12/1983,25.8
09/12/1983,14.5
10/12/1983,10.0
11/12/1983,48.8
12/12/1983,173.3
13/12/1983,74.0
14/12/1983,268.7
15/12/1983,179.7
16/12/1983,26.0
17/12/1983,4.0
18/12/1983,8.0
19/12/1983,3.4
20/12/1983,11.1
21/12/1983,1.5
22/12/1983,2.0
23/12/1983,28.3
09/01/1984,69.0
10/01/1984,11.0
11/01/1984,5.5
12/01/1984,0.0
13/01/1984,0.0
14/01/1984,0.0
15/01/1984,0.0
16/01/1984,0.0
17/01/1984,1.5
18/01/1984,0.0
19/01/1984,0.0
20/01/1984,0.0
21/01/1984,0.0
22/01/1984,0.0
23/01/1984,20.0
24/01/1984,23.0
25/01/1984,26.7
26/01/1984,7.3
27/01/1984,18.5
28/01/1984,16.0
29/01/1984,29.7
30/01/1984,62.3
31/01/1984,10.5
01/02/1984,8.9
02/02/1984,11.1
03/02/1984,13.0
04/02/1984,16.5
05/02/1984,1.0
06/02/1984,6.5
07/02/1984,15.0
08/02/1984,12.0
09/02/1984,42.9
10/02/1984,29.6
11/02/1984,11.0
12/02/1984,16.5
13/02/1984,0.0
14/02/1984,0.0
15/02/1984,1.0
16/02/1984,3.5
17/02/1984,0.0
18/02/1984,5.0
19/02/1984,22.5
20/02/1984,9.8
21/02/1984,9.4
22/02/1984,9.4
23/02/1984,9.4
24/02/1984,9.4
25/02/1984,9.4
26/02/1984,9.4
13/03/1984,0.5
14/03/1984,7.0
15/03/1984,1.0
16/03/1984,0.0
17/03/1984,0.0
18/03/1984,0.0
19/03/1984,0.0
20/03/1984,0.0
21/03/1984,0.0
22/03/1984,3.5
23/03/1984,9.0
24/03/1984,59.5
25/03/1984,40.0
26/03/1984,9.0
27/03/1984,0.5
28/03/1984,12.5
29/03/1984,14.5
30/03/1984,14.5
31/03/1984,0.0
01/04/1984,0.0
02/04/1984,0.0
03/04/1984,0.0
04/04/1984,0.0
05/04/1984,0.0
06/04/1984,0.0
07/04/1984,0.0
08/04/1984,0.0
09/04/1984,12.0
10/04/1984,3.0
11/04/1984,0.0
12/04/1984,0.0
13/04/1984,0.0
14/04/1984,5.0
15/04/1984,0.0
16/04/1984,10.0
17/04/1984,0.0
18/04/1984,8.0
19/04/1984,4.5
20/04/1984,17.0
21/04/1984,0.5
22/04/1984,0.0
23/04/1984,0.0
24/04/1984,0.0
25/04/1984,0.0
26/04/1984,0.0
27/04/1984,0.0
28/04/1984,26.0
29/04/1984,0.5
30/04/1984,0.0
01/05/1984,0.0
02/05/1984,4.5
03/05/1984,0.0
04/05/1984,0.0
05/05/1984,3.0
06/05/1984,0.0
07/05/1984,0.0
08/05/1984,24.5
09/05/1984,4.0
10/05/1984,0.0
11/05/1984,0.5
12/05/1984,19.5
13/05/1984,3.5
14/05/1984,0.0
15/05/1984,0.0
16/05/1984,0.0
17/05/1984,0.0
18/05/1984,0.0
19/05/1984,0.0
20/05/1984,26.5
21/05/1984,0.0
22/05/1984,0.0
23/05/1984,7.5
24/05/1984,1.0
25/05/1984,6.5
26/05/1984,39.0
27/05/1984,0.0
28/05/1984,33.5
29/05/1984,0.0
30/05/1984,0.0
31/05/1984,0.0
01/06/1984,0.5
02/06/1984,0.5
03/06/1984,5.0
04/06/1984,0.0
05/06/1984,0.0
06/06/1984,0.5
07/06/1984,2.5
08/06/1984,0.0
09/06/1984,0.0
10/06/1984,0.0
11/06/1984,0.0
12/06/1984,0.0
13/06/1984,0.0
14/06/1984,0.0
15/06/1984,25.5
16/06/1984,19.6
17/06/1984,4.4
18/06/1984,29.0
19/06/1984,2.0
20/06/1984,0.0
21/06/1984,0.0
22/06/1984,0.0
23/06/1984,0.5
24/06/1984,0.0
25/06/1984,0.0
26/06/1984,27.5
27/06/1984,7.5
28/06/1984,65.0
29/06/1984,18.0
30/06/1984,11.0
01/07/1984,4.5
02/07/1984,0.5
03/07/1984,0.0
04/07/1984,32.0
05/07/1984,2.0
06/07/1984,0.0
07/07/1984,2.0
08/07/1984,2.0
09/07/1984,0.0
10/07/1984,22.0
11/07/1984,0.5
12/07/1984,0.0
13/07/1984,0.0
14/07/1984,0.0
15/07/1984,0.0
16/07/1984,0.0
17/07/1984,24.5
18/07/1984,0.0
19/07/1984,4.0
20/07/1984,17.0
21/07/1984,0.5
22/07/1984,1.5
23/07/1984,1.0
24/07/1984,0.0
25/07/1984,32.0
26/07/1984,0.0
27/07/1984,0.0
28/07/1984,1.5
29/07/1984,40.5
30/07/1984,0.5
31/07/1984,20.5
01/08/1984,1.0
02/08/1984,5.0
03/08/1984,1.5
04/08/1984,24.0
05/08/1984,0.0
06/08/1984,20.5
07/08/1984,41.5
08/08/1984,3.5
09/08/1984,61.0
10/08/1984,0.0
11/08/1984,82.5
12/08/1984,0.0
13/08/1984,0.0
14/08/1984,0.0
15/08/1984,0.0
16/08/1984,0.0
17/08/1984,13.5
18/08/1984,0.0
19/08/1984,8.5
20/08/1984,37.5
21/08/1984,1.5
22/08/1984,6.0
23/08/1984,0.0
24/08/1984,41.0
25/08/1984,2.0
26/08/1984,0.5
27/08/1984,0.0
28/08/1984,0.0
29/08/1984,3.5
30/08/1984,18.5
31/08/1984,32.0
01/09/1984,0.5
02/09/1984,0.0
03/09/1984,0.0
04/09/1984,0.0
05/09/1984,1.0
06/09/1984,10.0
07/09/1984,50.0
08/09/1984,8.5
09/09/1984,1.5
10/09/1984,3.0
11/09/1984,2.5
12/09/1984,1.0
13/09/1984,7.5
14/09/1984,1.0
15/09/1984,2.5
16/09/1984,0.0
17/09/1984,6.2
18/09/1984,9.3
19/09/1984,9.3
20/09/1984,9.3
21/09/1984,9.3
22/09/1984,9.3
23/09/1984,9.3
24/09/1984,9.3
25/09/1984,3.1
26/09/1984,5.0
27/09/1984,0.0
28/09/1984,17.5
29/09/1984,19.5
30/09/1984,0.5
01/10/1984,0.0
02/10/1984,6.5
03/10/1984,0.0
04/10/1984,0.0
05/10/1984,19.0
06/10/1984,12.5
07/10/1984,1.0
08/10/1984,1.7
09/10/1984,2.6
10/10/1984,2.6
11/10/1984,2.6
12/10/1984,2.6
13/10/1984,2.6
14/10/1984,2.6
15/10/1984,2.6
16/10/1984,2.6
17/10/1984,0.9
18/10/1984,2.0
19/10/1984,0.0
20/10/1984,4.5
21/10/1984,0.0
22/10/1984,6.0
23/10/1984,3.1
24/10/1984,8.9
25/10/1984,40.5
26/10/1984,44.0
27/10/1984,37.0
28/10/1984,14.0
29/10/1984,3.5
30/10/1984,0.5
31/10/1984,1.5
01/11/1984,0.0
02/11/1984,0.0
03/11/1984,0.0
04/11/1984,4.0
05/11/1984,18.0
06/11/1984,4.5
07/11/1984,0.0
08/11/1984,0.0
09/11/1984,2.5
10/11/1984,0.0
11/11/1984,23.0
12/11/1984,18.5
13/11/1984,0.5
14/11/1984,0.0
15/11/1984,10.5
16/11/1984,8.0
17/11/1984,15.5
18/11/1984,6.5
19/11/1984,1.5
20/11/1984,32.0
21/11/1984,1.0
22/11/1984,12.5
23/11/1984,6.0
24/11/1984,139.9
25/11/1984,46.6
26/11/1984,12.5
27/11/1984,12.0
28/11/1984,0.5
29/11/1984,32.0
30/11/1984,5.5
01/12/1984,77.5
02/12/1984,79.0
03/12/1984,29.0
04/12/1984,6.0
05/12/1984,2.5
06/12/1984,18.5
07/12/1984,72.5
08/12/1984,11.0
09/12/1984,1.5
10/12/1984,1.0
11/12/1984,11.0
12/12/1984,2.5
13/12/1984,3.0
14/12/1984,0.0
15/12/1984,3.5
16/12/1984,17.0
17/12/1984,52.0
18/12/1984,0.0
19/12/1984,0.0
20/12/1984,128.5
21/12/1984,67.9
22/12/1984,110.6
23/12/1984,227.9
24/12/1984,9.5
25/12/1984,10.4
26/12/1984,10.4
27/12/1984,10.4
28/12/1984,10.4
29/12/1984,10.4
30/12/1984,10.4
31/12/1984,3.5
01/01/1985,2.5
02/01/1985,6.0
03/01/1985,7.5
04/01/1985,0.0
05/01/1985,0.0
06/01/1985,0.0
07/01/1985,0.0
08/01/1985,1.0
09/01/1985,6.9
10/01/1985,3.6
11/01/1985,0.0
12/01/1985,0.0
13/01/1985,1.0
14/01/1985,0.0
15/01/1985,0.0
16/01/1985,0.0
17/01/1985,0.0
18/01/1985,3.0
19/01/1985,20.0
20/01/1985,0.0
21/01/1985,0.0
22/01/1985,0.0
23/01/1985,2.5
24/01/1985,36.0
25/01/1985,0.0
26/01/1985,32.5
27/01/1985,4.0
28/01/1985,3.5
29/01/1985,21.0
30/01/1985,15.7
31/01/1985,1.3
01/02/1985,14.8
02/02/1985,54.2
03/02/1985,4.0
04/02/1985,13.5
05/02/1985,0.0
06/02/1985,0.0
07/02/1985,0.0
08/02/1985,0.0
09/02/1985,0.0
10/02/1985,0.0
11/02/1985,16.0
12/02/1985,8.0
13/02/1985,2.5
14/02/1985,5.5
15/02/1985,0.0
16/02/1985,63.0
17/02/1985,6.0
18/02/1985,0.0
19/02/1985,0.0
20/02/1985,0.0
21/02/1985,0.0
22/02/1985,0.0
23/02/1985,44.0
24/02/1985,14.0
25/02/1985,7.5
26/02/1985,0.0
27/02/1985,0.0
28/02/1985,0.0
01/03/1985,5.0
02/03/1985,0.0
03/03/1985,9.1
04/03/1985,20.4
05/03/1985,33.5
06/03/1985,18.0
07/03/1985,28.0
08/03/1985,63.5
09/03/1985,118.5
10/03/1985,24.5
11/03/1985,13.5
12/03/1985,2.0
13/03/1985,35.5
14/03/1985,19.4
15/03/1985,27.6
16/03/1985,27.6
17/03/1985,27.6
18/03/1985,27.6
19/03/1985,10.2
20/03/1985,0.0
21/03/1985,0.0
22/03/1985,0.0
23/03/1985,0.0
24/03/1985,9.6
25/03/1985,71.4
26/03/1985,0.0
27/03/1985,0.0
28/03/1985,0.0
29/03/1985,0.0
30/03/1985,0.0
31/03/1985,0.0
01/04/1985,1.0
02/04/1985,0.0
03/04/1985,0.0
04/04/1985,0.0
05/04/1985,0.0
06/04/1985,0.0
07/04/1985,0.0
08/04/1985,0.0
09/04/1985,2.5
10/04/1985,0.0
11/04/1985,0.0
12/04/1985,0.0
13/04/1985,0.0
14/04/1985,0.0
15/04/1985,0.0
16/04/1985,4.0
17/04/1985,0.5
18/04/1985,24.0
19/04/1985,0.5
20/04/1985,5.5
21/04/1985,4.0
22/04/1985,11.0
23/04/1985,56.0
24/04/1985,2.5
25/04/1985,14.5
26/04/1985,0.0
27/04/1985,0.0
28/04/1985,40.5
29/04/1985,0.0
30/04/1985,35.0
01/05/1985,65.5
02/05/1985,50.5
03/05/1985,3.0
04/05/1985,0.5
05/05/1985,0.0
06/05/1985,0.0
07/05/1985,0.0
08/05/1985,0.0
09/05/1985,0.0
10/05/1985,0.0
11/05/1985,3.0
12/05/1985,13.5
13/05/1985,9.0
14/05/1985,5.5
15/05/1985,0.0
16/05/1985,0.0
17/05/1985,0.0
18/05/1985,1.0
19/05/1985,0.5
20/05/1985,0.0
21/05/1985,0.0
22/05/1985,16.0
23/05/1985,0.5
24/05/1985,0.0
25/05/1985,0.0
26/05/1985,89.0
27/05/1985,0.0
28/05/1985,3.5
29/05/1985,0.0
30/05/1985,0.0
31/05/1985,0.0
01/06/1985,0.0
02/06/1985,0.0
03/06/1985,0.0
04/06/1985,20.0
05/06/1985,0.0
06/06/1985,37.5
07/06/1985,1.0
08/06/1985,0.5
09/06/1985,0.0
10/06/1985,0.0
11/06/1985,0.0
12/06/1985,0.0
13/06/1985,1.5
14/06/1985,0.5
15/06/1985,16.0
16/06/1985,0.0
17/06/1985,0.0
18/06/1985,0.0
19/06/1985,17.5
20/06/1985,0.5
21/06/1985,0.0
22/06/1985,0.0
23/06/1985,0.0
24/06/1985,0.0
25/06/1985,0.0
26/06/1985,0.0
27/06/1985,0.0
28/06/1985,0.0
29/06/1985,0.0
30/06/1985,0.0
01/07/1985,0.0
02/07/1985,0.0
03/07/1985,0.0
04/07/1985,18.5
05/07/1985,1.0
06/07/1985,0.0
07/07/1985,8.5
08/07/1985,50.5
09/07/1985,0.0
10/07/1985,8.0
11/07/1985,0.0
12/07/1985,1.5
13/07/1985,0.5
14/07/1985,3.0
15/07/1985,0.0
16/07/1985,0.0
17/07/1985,0.0
18/07/1985,10.5
19/07/1985,5.5
20/07/1985,19.5
21/07/1985,0.0
22/07/1985,10.0
23/07/1985,0.0
24/07/1985,1.0
25/07/1985,18.0
26/07/1985,0.0
27/07/1985,0.0
28/07/1985,0.0
29/07/1985,20.5
30/07/1985,0.0
31/07/1985,0.0
01/08/1985,12.0
02/08/1985,35.0
03/08/1985,0.0
04/08/1985,0.0
05/08/1985,20.5
06/08/1985,22.0
07/08/1985,3.0
08/08/1985,3.0
09/08/1985,4.0
10/08/1985,0.0
11/08/1985,3.0
12/08/1985,0.5
13/08/1985,2.5
14/08/1985,6.6
15/08/1985,2.9
16/08/1985,0.0
17/08/1985,0.0
18/08/1985,0.0
19/08/1985,32.0
20/08/1985,5.0
21/08/1985,0.0
22/08/1985,0.0
23/08/1985,0.0
24/08/1985,0.0
25/08/1985,4.5
26/08/1985,15.9
27/08/1985,4.1
28/08/1985,0.0
29/08/1985,2.5
30/08/1985,0.0
31/08/1985,35.8
01/09/1985,3.2
02/09/1985,15.4
03/09/1985,1.1
04/09/1985,5.5
05/09/1985,0.5
06/09/1985,0.0
07/09/1985,0.0
08/09/1985,41.7
09/09/1985,9.3
10/09/1985,25.5
11/09/1985,4.5
12/09/1985,1.5
13/09/1985,0.5
14/09/1985,38.0
15/09/1985,1.5
16/09/1985,8.0
17/09/1985,0.5
18/09/1985,0.0
19/09/1985,51.5
20/09/1985,51.0
21/09/1985,43.0
22/09/1985,15.5
23/09/1985,1.5
24/09/1985,0.0
25/09/1985,0.0
26/09/1985,0.5
27/09/1985,11.5
28/09/1985,16.0
29/09/1985,29.3
30/09/1985,21.2
01/10/1985,11.0
02/10/1985,23.4
03/10/1985,45.6
04/10/1985,0.5
05/10/1985,38.4
06/10/1985,42.1
07/10/1985,18.0
08/10/1985,2.3
09/10/1985,18.7
10/10/1985,26.0
11/10/1985,6.0
12/10/1985,8.5
13/10/1985,0.0
14/10/1985,0.0
15/10/1985,0.0
16/10/1985,0.0
17/10/1985,0.0
18/10/1985,0.0
19/10/1985,0.0
20/10/1985,18.5
21/10/1985,1.0
22/10/1985,2.0
23/10/1985,13.5
24/10/1985,1.5
25/10/1985,16.5
26/10/1985,0.0
27/10/1985,25.5
28/10/1985,27.5
29/10/1985,0.0
30/10/1985,0.0
31/10/1985,6.5
01/11/1985,8.0
02/11/1985,10.5
03/11/1985,25.5
04/11/1985,21.5
05/11/1985,6.5
06/11/1985,4.5
07/11/1985,2.5
08/11/1985,0.5
09/11/1985,7.5
10/11/1985,0.5
11/11/1985,5.0
12/11/1985,0.0
13/11/1985,1.0
14/11/1985,15.4
15/11/1985,10.7
16/11/1985,11.2
17/11/1985,3.6
18/11/1985,1.0
19/11/1985,6.0
20/11/1985,7.0
21/11/1985,0.0
22/11/1985,0.0
23/11/1985,0.0
24/11/1985,0.0
25/11/1985,0.0
26/11/1985,0.0
27/11/1985,4.5
28/11/1985,0.0
29/11/1985,5.9
30/11/1985,17.1
01/12/1985,112.0
02/12/1985,101.5
03/12/1985,63.5
04/12/1985,1.0
05/12/1985,1.0
06/12/1985,34.5
07/12/1985,68.0
08/12/1985,0.5
09/12/1985,0.0
10/12/1985,0.0
11/12/1985,0.0
12/12/1985,14.5
13/12/1985,40.9
14/12/1985,55.1
15/12/1985,25.5
16/12/1985,3.0
17/12/1985,0.0
18/12/1985,0.0
19/12/1985,0.0
20/12/1985,0.0
21/12/1985,2.1
22/12/1985,72.9
23/12/1985,16.5
24/12/1985,2.5
25/12/1985,4.5
26/12/1985,1.0
27/12/1985,7.5
28/12/1985,4.0
29/12/1985,0.0
30/12/1985,0.0
31/12/1985,0.0
01/01/1986,28.2
02/01/1986,20.8
03/01/1986,10.0
04/01/1986,13.0
05/01/1986,10.0
06/01/1986,2.0
07/01/1986,5.0
08/01/1986,20.1
09/01/1986,17.9
10/01/1986,14.0
11/01/1986,9.0
12/01/1986,0.5
13/01/1986,0.0
14/01/1986,0.0
15/01/1986,0.5
16/01/1986,0.0
17/01/1986,19.5
18/01/1986,0.0
19/01/1986,0.0
20/01/1986,0.0
21/01/1986,0.0
22/01/1986,0.0
23/01/1986,0.0
24/01/1986,0.0
25/01/1986,0.0
26/01/1986,0.0
27/01/1986,0.0
28/01/1986,2.0
29/01/1986,0.0
30/01/1986,0.0
31/01/1986,0.0
01/02/1986,0.0
02/02/1986,0.0
03/02/1986,0.0
04/02/1986,0.0
05/02/1986,0.0
06/02/1986,0.0
07/02/1986,0.0
08/02/1986,0.0
09/02/1986,0.3
10/02/1986,0.2
11/02/1986,0.5
12/02/1986,0.5
13/02/1986,0.0
14/02/1986,0.0
15/02/1986,0.0
16/02/1986,0.0
17/02/1986,0.0
18/02/1986,0.0
19/02/1986,0.0
20/02/1986,0.0
21/02/1986,0.0
22/02/1986,0.0
23/02/1986,0.0
24/02/1986,0.0
25/02/1986,0.0
26/02/1986,0.0
27/02/1986,0.0
28/02/1986,0.0
01/03/1986,0.0
02/03/1986,6.0
03/03/1986,3.5
04/03/1986,1.5
05/03/1986,1.5
06/03/1986,25.5
07/03/1986,43.5
08/03/1986,5.0
09/03/1986,8.0
10/03/1986,4.5
11/03/1986,1.5
12/03/1986,0.0
13/03/1986,0.0
14/03/1986,0.0
15/03/1986,0.0
16/03/1986,0.0
17/03/1986,0.0
18/03/1986,0.0
19/03/1986,0.0
20/03/1986,0.0
21/03/1986,0.0
22/03/1986,0.0
23/03/1986,0.0
24/03/1986,0.0
25/03/1986,0.0
26/03/1986,0.0
27/03/1986,0.0
28/03/1986,0.0
29/03/1986,0.0
30/03/1986,0.0
31/03/1986,0.0
01/04/1986,0.0
02/04/1986,0.0
03/04/1986,0.0
04/04/1986,0.0
05/04/1986,0.0
06/04/1986,0.0
07/04/1986,0.0
08/04/1986,0.0
09/04/1986,0.0
10/04/1986,0.0
11/04/1986,0.0
12/04/1986,0.0
13/04/1986,0.0
14/04/1986,5.0
15/04/1986,0.5
16/04/1986,1.0
17/04/1986,1.5
18/04/1986,0.5
19/04/1986,0.0
20/04/1986,0.0
21/04/1986,0.0
22/04/1986,0.0
23/04/1986,0.0
24/04/1986,0.0
25/04/1986,0.0
26/04/1986,0.0
27/04/1986,0.0
28/04/1986,0.0
29/04/1986,0.0
30/04/1986,0.0
01/05/1986,0.0
02/05/1986,0.0
03/05/1986,0.0
04/05/1986,0.0
05/05/1986,0.0
06/05/1986,0.0
07/05/1986,0.0
08/05/1986,0.0
09/05/1986,0.0
10/05/1986,0.0
11/05/1986,0.0
12/05/1986,0.0
13/05/1986,9.5
14/05/1986,0.0
15/05/1986,3.0
16/05/1986,23.0
17/05/1986,0.5
18/05/1986,0.5
19/05/1986,4.5
20/05/1986,0.5
21/05/1986,0.0
22/05/1986,12.0
23/05/1986,43.5
24/05/1986,0.0
25/05/1986,117.0
26/05/1986,0.5
27/05/1986,0.5
28/05/1986,37.5
29/05/1986,19.5
30/05/1986,0.0
31/05/1986,0.0
01/06/1986,4.5
02/06/1986,0.0
03/06/1986,1.0
04/06/1986,38.5
05/06/1986,3.0
06/06/1986,28.0
07/06/1986,14.0
08/06/1986,9.5
09/06/1986,0.0
10/06/1986,9.5
11/06/1986,27.5
12/06/1986,0.0
13/06/1986,0.5
14/06/1986,0.0
15/06/1986,1.0
16/06/1986,0.0
17/06/1986,3.0
18/06/1986,1.0
19/06/1986,1.8
20/06/1986,0.2
21/06/1986,0.0
22/06/1986,0.0
23/06/1986,0.0
24/06/1986,0.0
25/06/1986,0.0
26/06/1986,0.0
27/06/1986,0.4
28/06/1986,0.6
29/06/1986,0.0
30/06/1986,0.0
01/07/1986,0.0
02/07/1986,0.0
03/07/1986,37.5
04/07/1986,0.0
05/07/1986,0.0
06/07/1986,2.0
07/07/1986,11.5
08/07/1986,2.0
09/07/1986,0.0
10/07/1986,0.0
11/07/1986,0.0
12/07/1986,0.0
13/07/1986,0.0
14/07/1986,0.0
15/07/1986,1.0
16/07/1986,0.0
17/07/1986,0.0
18/07/1986,0.0
19/07/1986,0.0
20/07/1986,0.0
21/07/1986,0.0
22/07/1986,16.0
23/07/1986,0.5
24/07/1986,0.0
25/07/1986,3.0
26/07/1986,0.5
27/07/1986,0.0
28/07/1986,0.0
29/07/1986,11.5
30/07/1986,9.5
31/07/1986,22.5
01/08/1986,0.5
02/08/1986,0.0
03/08/1986,3.5
04/08/1986,8.5
05/08/1986,0.0
06/08/1986,8.0
07/08/1986,0.0
08/08/1986,0.0
09/08/1986,25.0
10/08/1986,0.0
11/08/1986,0.3
12/08/1986,0.5
13/08/1986,0.2
14/08/1986,0.0
15/08/1986,2.0
16/08/1986,0.5
17/08/1986,11.0
18/08/1986,0.0
19/08/1986,0.0
20/08/1986,0.0
21/08/1986,29.5
22/08/1986,0.0
23/08/1986,0.5
24/08/1986,0.5
25/08/1986,1.0
26/08/1986,0.0
27/08/1986,4.0
28/08/1986,26.5
29/08/1986,0.5
30/08/1986,38.0
31/08/1986,2.0
01/09/1986,8.0
02/09/1986,0.5
03/09/1986,19.0
04/09/1986,3.5
05/09/1986,10.0
06/09/1986,1.0
07/09/1986,52.5
08/09/1986,10.5
09/09/1986,21.1
10/09/1986,7.4
11/09/1986,13.5
12/09/1986,8.0
13/09/1986,0.0
14/09/1986,1.7
15/09/1986,51.3
16/09/1986,5.5
17/09/1986,9.0
18/09/1986,0.5
19/09/1986,2.0
20/09/1986,35.0
21/09/1986,33.0
22/09/1986,13.5
23/09/1986,0.0
24/09/1986,1.0
25/09/1986,0.0
26/09/1986,0.0
27/09/1986,9.0
28/09/1986,3.0
29/09/1986,59.6
30/09/1986,17.9
01/10/1986,13.0
02/10/1986,1.0
03/10/1986,0.0
04/10/1986,5.0
05/10/1986,8.0
06/10/1986,2.5
07/10/1986,2.0
08/10/1986,10.5
09/10/1986,1.6
10/10/1986,1.4
11/10/1986,0.0
12/10/1986,0.0
13/10/1986,0.0
14/10/1986,0.0
15/10/1986,0.0
16/10/1986,28.5
17/10/1986,15.0
18/10/1986,8.5
19/10/1986,0.5
20/10/1986,5.0
21/10/1986,0.0
22/10/1986,0.0
23/10/1986,0.0
24/10/1986,0.0
25/10/1986,7.5
26/10/1986,0.5
27/10/1986,24.0
28/10/1986,0.0
29/10/1986,16.0
30/10/1986,4.5
31/10/1986,37.5
01/11/1986,19.0
02/11/1986,0.0
03/11/1986,27.0
04/11/1986,6.0
05/11/1986,4.0
06/11/1986,5.5
07/11/1986,3.0
08/11/1986,2.0
09/11/1986,15.5
10/11/1986,3.5
11/11/1986,0.0
12/11/1986,0.0
13/11/1986,38.5
14/11/1986,2.5
15/11/1986,5.5
16/11/1986,3.5
17/11/1986,4.5
18/11/1986,0.5
19/11/1986,0.0
20/11/1986,0.0
21/11/1986,0.4
22/11/1986,26.1
23/11/1986,3.5
24/11/1986,1.0
25/11/1986,33.6
26/11/1986,213.0
27/11/1986,275.1
28/11/1986,253.3
29/11/1986,153.9
30/11/1986,379.1
01/12/1986,254.9
02/12/1986,6.5
23/12/1986,124.0
24/12/1986,0.0
25/12/1986,4.0
26/12/1986,0.0
27/12/1986,21.5
28/12/1986,10.5
29/12/1986,29.2
30/12/1986,1.2
31/12/1986,0.2
01/01/1987,0.0
02/01/1987,0.0
03/01/1987,0.0
04/01/1987,0.0
05/01/1987,6.5
06/01/1987,9.0
07/01/1987,0.0
08/01/1987,0.0
09/01/1987,0.0
10/01/1987,0.0
11/01/1987,0.0
12/01/1987,0.0
13/01/1987,3.0
14/01/1987,2.0
15/01/1987,0.0
16/01/1987,16.0
17/01/1987,0.5
18/01/1987,0.0
19/01/1987,0.0
27/01/1987,7.5
28/01/1987,10.5
29/01/1987,1.5
30/01/1987,0.0
31/01/1987,0.0
01/02/1987,0.0
02/02/1987,0.0
03/02/1987,4.0
04/02/1987,0.0
05/02/1987,0.0
06/02/1987,0.5
07/02/1987,0.5
08/02/1987,0.0
09/02/1987,0.0
10/02/1987,0.0
11/02/1987,0.0
12/02/1987,0.0
13/02/1987,0.0
14/02/1987,0.0
15/02/1987,0.0
16/02/1987,0.0
17/02/1987,0.0
18/02/1987,0.0
19/02/1987,0.0
20/02/1987,0.0
21/02/1987,0.0
22/02/1987,0.0
23/02/1987,0.0
24/02/1987,0.0
25/02/1987,0.0
26/02/1987,0.0
27/02/1987,0.0
28/02/1987,0.0
01/03/1987,0.0
02/03/1987,2.2
03/03/1987,7.3
04/03/1987,7.0
05/03/1987,2.0
06/03/1987,7.5
07/03/1987,0.0
08/03/1987,0.0
09/03/1987,0.0
10/03/1987,0.0
11/03/1987,0.0
12/03/1987,0.0
13/03/1987,0.0
14/03/1987,0.0
15/03/1987,0.0
16/03/1987,11.5
17/03/1987,20.5
18/03/1987,26.5
19/03/1987,1.5
20/03/1987,0.0
21/03/1987,0.0
22/03/1987,0.0
23/03/1987,0.0
24/03/1987,0.0
25/03/1987,0.0
26/03/1987,0.0
27/03/1987,0.0
28/03/1987,0.0
29/03/1987,0.0
30/03/1987,29.5
31/03/1987,1.5
01/04/1987,1.7
02/04/1987,0.3
03/04/1987,0.3
04/04/1987,0.3
05/04/1987,0.3
06/04/1987,0.1
07/04/1987,0.0
08/04/1987,1.4
09/04/1987,2.0
10/04/1987,2.0
11/04/1987,2.0
12/04/1987,2.0
13/04/1987,2.0
14/04/1987,2.0
15/04/1987,2.0
16/04/1987,2.0
17/04/1987,2.0
18/04/1987,2.0
19/04/1987,2.0
20/04/1987,3.3
21/04/1987,3.9
22/04/1987,3.9
23/04/1987,3.9
24/04/1987,3.9
25/04/1987,3.9
26/04/1987,3.9
27/04/1987,3.9
28/04/1987,3.9
06/05/1987,3.0
07/05/1987,0.0
08/05/1987,0.0
09/05/1987,3.5
10/05/1987,0.0
11/05/1987,0.5
12/05/1987,3.0
13/05/1987,14.5
14/05/1987,2.0
15/05/1987,0.0
16/05/1987,7.5
17/05/1987,0.0
18/05/1987,18.0
19/05/1987,0.0
20/05/1987,0.0
21/05/1987,0.0
22/05/1987,0.0
23/05/1987,0.0
24/05/1987,0.0
25/05/1987,0.0
26/05/1987,0.0
27/05/1987,0.0
28/05/1987,46.5
29/05/1987,0.0
30/05/1987,0.0
31/05/1987,0.0
01/06/1987,0.0
02/06/1987,0.0
03/06/1987,0.0
04/06/1987,0.0
05/06/1987,0.0
06/06/1987,0.0
07/06/1987,0.0
08/06/1987,2.3
09/06/1987,3.5
10/06/1987,3.5
11/06/1987,3.5
12/06/1987,3.5
13/06/1987,3.5
14/06/1987,3.5
15/06/1987,3.5
16/06/1987,3.5
17/06/1987,3.5
18/06/1987,1.2
19/06/1987,0.0
20/06/1987,12.5
21/06/1987,0.0
22/06/1987,10.0
23/06/1987,15.0
24/06/1987,15.0
25/06/1987,15.0
26/06/1987,15.0
27/06/1987,15.0
28/06/1987,15.0
10/08/1987,10.0
11/08/1987,5.5
12/08/1987,35.5
18/08/1987,19.0
19/08/1987,1.0
20/08/1987,0.5
21/08/1987,18.0
22/08/1987,0.5
23/08/1987,0.0
24/08/1987,0.0
25/08/1987,0.0
26/08/1987,0.0
27/08/1987,13.0
28/08/1987,2.5
29/08/1987,0.0
30/08/1987,0.0
31/08/1987,3.0
01/09/1987,0.0
02/09/1987,1.5
03/09/1987,7.5
04/09/1987,9.5
05/09/1987,0.5
06/09/1987,6.0
07/09/1987,9.5
08/09/1987,0.0
09/09/1987,3.5
10/09/1987,53.5
11/09/1987,15.0
12/09/1987,1.5
13/09/1987,0.5
14/09/1987,14.2
15/09/1987,21.3
16/09/1987,21.3
17/09/1987,21.3
18/09/1987,21.3
19/09/1987,21.3
20/09/1987,21.3
21/09/1987,21.3
22/09/1987,13.6
23/09/1987,0.0
24/09/1987,0.0
25/09/1987,0.0
26/09/1987,72.5
27/09/1987,19.0
28/09/1987,3.0
29/09/1987,0.0
30/09/1987,4.0
01/10/1987,5.0
02/10/1987,0.0
03/10/1987,10.0
04/10/1987,0.0
05/10/1987,0.0
06/10/1987,0.5
07/10/1987,11.7
08/10/1987,26.3
09/10/1987,69.2
10/10/1987,16.3
11/10/1987,7.5
12/10/1987,1.0
13/10/1987,17.0
14/10/1987,0.0
15/10/1987,0.0
16/10/1987,1.0
17/10/1987,0.0
18/10/1987,0.0
19/10/1987,0.0
20/10/1987,0.0
21/10/1987,0.0
22/10/1987,0.0
23/10/1987,0.0
24/10/1987,10.0
25/10/1987,12.0
26/10/1987,0.0
27/10/1987,0.0
28/10/1987,2.0
29/10/1987,1.0
30/10/1987,2.0
31/10/1987,1.0
01/11/1987,0.0
02/11/1987,16.0
03/11/1987,13.5
04/11/1987,0.0
05/11/1987,1.0
06/11/1987,0.0
07/11/1987,0.0
08/11/1987,6.0
09/11/1987,7.5
10/11/1987,45.0
11/11/1987,44.0
12/11/1987,0.0
13/11/1987,70.0
14/11/1987,0.0
15/11/1987,0.0
16/11/1987,13.6
17/11/1987,15.4
18/11/1987,0.0
19/11/1987,8.6
20/11/1987,13.4
21/11/1987,31.5
22/11/1987,27.0
23/11/1987,40.0
24/11/1987,0.5
25/11/1987,0.0
26/11/1987,2.0
27/11/1987,10.5
28/11/1987,63.0
29/11/1987,3.5
30/11/1987,3.0
01/12/1987,0.0
02/12/1987,95.5
03/12/1987,177.5
04/12/1987,40.5
05/12/1987,0.0
06/12/1987,207.3
07/12/1987,29.2
08/12/1987,16.5
09/12/1987,39.9
10/12/1987,32.6
11/12/1987,54.0
12/12/1987,150.1
13/12/1987,100.9
14/12/1987,40.9
15/12/1987,1.0
16/12/1987,0.0
17/12/1987,24.5
18/12/1987,0.0
19/12/1987,0.0
20/12/1987,0.0
21/12/1987,11.5
22/12/1987,0.5
23/12/1987,0.0
24/12/1987,0.0
25/12/1987,35.0
26/12/1987,45.0
27/12/1987,32.0
28/12/1987,45.0
29/12/1987,0.5
30/12/1987,0.0
31/12/1987,0.0
01/01/1988,0.0
02/01/1988,0.0
03/01/1988,0.0
04/01/1988,0.0
05/01/1988,0.0
06/01/1988,0.0
07/01/1988,0.0
08/01/1988,10.0
09/01/1988,3.0
10/01/1988,5.5
11/01/1988,0.0
12/01/1988,0.0
13/01/1988,0.0
14/01/1988,0.0
15/01/1988,0.0
16/01/1988,0.0
17/01/1988,0.0
18/01/1988,0.0
19/01/1988,0.0
20/01/1988,0.0
21/01/1988,0.0
22/01/1988,0.0
23/01/1988,0.0
24/01/1988,0.0
25/01/1988,2.0
26/01/1988,0.0
27/01/1988,6.5
28/01/1988,2.5
29/01/1988,0.0
30/01/1988,2.0
31/01/1988,0.0
01/02/1988,0.0
02/02/1988,0.0
03/02/1988,0.0
04/02/1988,0.0
05/02/1988,0.0
06/02/1988,0.0
07/02/1988,2.1
08/02/1988,2.9
09/02/1988,0.0
10/02/1988,1.0
11/02/1988,0.0
12/02/1988,0.0
13/02/1988,0.0
14/02/1988,0.0
15/02/1988,0.0
16/02/1988,0.0
17/02/1988,0.0
18/02/1988,0.0
19/02/1988,0.0
20/02/1988,3.5
21/02/1988,16.5
22/02/1988,6.0
23/02/1988,19.5
24/02/1988,3.0
25/02/1988,2.0
26/02/1988,8.0
27/02/1988,0.5
28/02/1988,0.5
29/02/1988,0.0
01/03/1988,0.0
02/03/1988,0.0
03/03/1988,0.0
04/03/1988,0.0
05/03/1988,0.0
06/03/1988,0.0
07/03/1988,34.5
08/03/1988,40.0
09/03/1988,11.0
10/03/1988,1.5
11/03/1988,0.5
12/03/1988,0.0
13/03/1988,0.0
14/03/1988,0.0
15/03/1988,0.0
16/03/1988,0.0
17/03/1988,0.0
18/03/1988,0.0
19/03/1988,0.0
20/03/1988,0.0
21/03/1988,0.0
22/03/1988,0.0
23/03/1988,0.0
24/03/1988,0.0
25/03/1988,0.0
26/03/1988,0.0
27/03/1988,0.0
28/03/1988,0.0
29/03/1988,0.0
30/03/1988,0.0
31/03/1988,0.0
01/04/1988,0.0
02/04/1988,0.0
03/04/1988,0.0
04/04/1988,0.0
05/04/1988,0.0
06/04/1988,0.0
07/04/1988,0.0
08/04/1988,0.0
09/04/1988,0.0
10/04/1988,0.0
11/04/1988,0.0
10/05/1988,2.0
11/05/1988,0.0
12/05/1988,0.0
13/05/1988,25.5
14/05/1988,0.0
15/05/1988,9.0
16/05/1988,4.5
17/05/1988,4.0
18/05/1988,18.5
19/05/1988,1.0
20/05/1988,22.5
21/05/1988,0.0
22/05/1988,0.0
23/05/1988,0.0
24/05/1988,0.0
25/05/1988,0.0
26/05/1988,0.0
27/05/1988,0.0
28/05/1988,0.0
29/05/1988,0.0
30/05/1988,3.5
31/05/1988,0.0
01/06/1988,48.5
02/06/1988,3.0
03/06/1988,1.0
04/06/1988,0.0
05/06/1988,0.0
06/06/1988,0.0
07/06/1988,1.0
08/06/1988,0.0
09/06/1988,0.0
10/06/1988,0.0
11/06/1988,0.0
12/06/1988,0.0
13/06/1988,10.0
14/06/1988,0.0
15/06/1988,0.0
16/06/1988,6.0
17/06/1988,13.5
18/06/1988,0.0
19/06/1988,0.0
20/06/1988,0.0
21/06/1988,0.0
22/06/1988,0.0
23/06/1988,0.0
24/06/1988,0.0
25/06/1988,0.0
26/06/1988,0.0
27/06/1988,0.5
28/06/1988,0.5
29/06/1988,20.0
30/06/1988,0.0
01/07/1988,0.0
02/07/1988,0.0
03/07/1988,0.0
04/07/1988,0.0
05/07/1988,26.0
06/07/1988,35.5
07/07/1988,4.0
08/07/1988,0.0
09/07/1988,0.0
10/07/1988,6.0
11/07/1988,0.0
12/07/1988,17.8
13/07/1988,4.6
14/07/1988,26.1
15/07/1988,0.0
16/07/1988,0.0
17/07/1988,8.5
18/07/1988,0.0
19/07/1988,0.0
20/07/1988,0.5
21/07/1988,0.0
22/07/1988,20.5
23/07/1988,29.0
24/07/1988,0.0
25/07/1988,0.0
26/07/1988,0.0
27/07/1988,0.0
28/07/1988,0.0
29/07/1988,0.0
30/07/1988,0.0
31/07/1988,0.0
01/08/1988,0.0
02/08/1988,0.0
03/08/1988,19.5
04/08/1988,7.5
05/08/1988,2.0
06/08/1988,0.0
07/08/1988,14.0
08/08/1988,16.5
09/08/1988,0.0
10/08/1988,5.0
11/08/1988,0.5
12/08/1988,0.0
13/08/1988,10.0
14/08/1988,0.0
15/08/1988,0.0
16/08/1988,0.0
17/08/1988,2.5
18/08/1988,5.0
19/08/1988,0.0
20/08/1988,39.0
21/08/1988,7.5
22/08/1988,1.0
23/08/1988,0.0
24/08/1988,0.0
25/08/1988,42.5
26/08/1988,3.5
27/08/1988,0.0
28/08/1988,13.5
29/08/1988,0.0
30/08/1988,0.0
31/08/1988,0.0
01/09/1988,0.0
02/09/1988,0.5
03/09/1988,25.0
04/09/1988,4.5
05/09/1988,18.5
06/09/1988,40.0
07/09/1988,7.0
08/09/1988,0.0
09/09/1988,0.0
10/09/1988,0.0
11/09/1988,0.0
12/09/1988,5.0
13/09/1988,7.5
14/09/1988,12.0
15/09/1988,2.0
16/09/1988,52.5
17/09/1988,35.5
18/09/1988,12.0
19/09/1988,0.0
20/09/1988,81.1
21/09/1988,12.4
22/09/1988,41.0
23/09/1988,0.0
24/09/1988,68.0
25/09/1988,19.5
26/09/1988,3.5
27/09/1988,1.5
28/09/1988,0.0
29/09/1988,32.0
30/09/1988,42.5
01/10/1988,0.0
02/10/1988,34.5
03/10/1988,16.9
04/10/1988,6.6
05/10/1988,0.8
06/10/1988,11.2
07/10/1988,0.0
08/10/1988,0.0
09/10/1988,0.0
10/10/1988,24.5
11/10/1988,0.0
12/10/1988,0.0
13/10/1988,67.5
14/10/1988,0.4
15/10/1988,3.6
16/10/1988,3.5
17/10/1988,34.7
18/10/1988,10.3
19/10/1988,2.5
20/10/1988,2.5
21/10/1988,0.0
22/10/1988,0.0
23/10/1988,0.5
24/10/1988,9.5
25/10/1988,1.0
26/10/1988,23.0
27/10/1988,10.5
28/10/1988,8.5
29/10/1988,0.0
30/10/1988,0.0
31/10/1988,4.0
01/11/1988,11.5
02/11/1988,44.0
03/11/1988,169.3
04/11/1988,238.2
05/11/1988,69.0
06/11/1988,17.0
07/11/1988,0.5
08/11/1988,11.5
09/11/1988,0.0
10/11/1988,66.0
11/11/1988,5.5
12/11/1988,83.4
13/11/1988,10.6
14/11/1988,0.0
15/11/1988,5.0
16/11/1988,11.5
17/11/1988,21.0
18/11/1988,18.0
19/11/1988,231.8
20/11/1988,188.4
21/11/1988,51.3
22/11/1988,11.0
23/11/1988,31.0
24/11/1988,6.5
25/11/1988,0.0
26/11/1988,0.0
27/11/1988,39.2
28/11/1988,63.8
29/11/1988,72.5
30/11/1988,181.9
01/12/1988,294.1
02/12/1988,163.4
03/12/1988,42.1
04/12/1988,10.8
05/12/1988,39.2
06/12/1988,0.0
07/12/1988,2.5
08/12/1988,0.0
09/12/1988,0.0
10/12/1988,1.5
11/12/1988,3.0
12/12/1988,15.5
13/12/1988,14.5
14/12/1988,22.5
15/12/1988,10.5
16/12/1988,29.3
17/12/1988,8.2
18/12/1988,53.5
19/12/1988,10.5
20/12/1988,11.5
21/12/1988,1.0
22/12/1988,34.5
23/12/1988,0.5
24/12/1988,0.0
25/12/1988,6.5
26/12/1988,2.0
27/12/1988,0.5
28/12/1988,5.0
29/12/1988,0.0
30/12/1988,23.5
31/12/1988,20.0
01/01/1989,3.0
02/01/1989,2.0
03/01/1989,7.0
04/01/1989,6.5
05/01/1989,7.0
06/01/1989,8.0
07/01/1989,0.5
08/01/1989,0.0
09/01/1989,0.0
10/01/1989,41.8
11/01/1989,13.7
12/01/1989,27.0
13/01/1989,8.5
14/01/1989,10.0
15/01/1989,9.5
16/01/1989,11.5
17/01/1989,3.0
18/01/1989,1.0
19/01/1989,0.5
20/01/1989,0.0
21/01/1989,9.5
22/01/1989,4.0
23/01/1989,7.5
24/01/1989,0.0
25/01/1989,0.0
26/01/1989,0.0
27/01/1989,0.0
28/01/1989,0.0
29/01/1989,0.0
30/01/1989,1.5
31/01/1989,51.5
01/02/1989,0.0
02/02/1989,0.0
03/02/1989,0.0
04/02/1989,0.0
05/02/1989,0.0
06/02/1989,0.0
07/02/1989,0.0
08/02/1989,0.0
09/02/1989,0.0
10/02/1989,0.0
11/02/1989,0.0
12/02/1989,0.0
13/02/1989,0.0
14/02/1989,0.0
15/02/1989,0.0
16/02/1989,0.0
17/02/1989,0.0
18/02/1989,0.0
19/02/1989,0.0
20/02/1989,0.0
21/02/1989,34.0
22/02/1989,0.0
23/02/1989,0.0
24/02/1989,0.0
25/02/1989,0.0
26/02/1989,0.0
27/02/1989,0.0
28/02/1989,0.0
01/03/1989,0.0
02/03/1989,0.0
03/03/1989,0.0
04/03/1989,0.0
05/03/1989,9.5
06/03/1989,17.5
07/03/1989,12.0
08/03/1989,0.0
09/03/1989,0.0
10/03/1989,0.0
11/03/1989,0.0
12/03/1989,0.0
13/03/1989,0.0
14/03/1989,0.0
15/03/1989,0.0
16/03/1989,0.0
17/03/1989,0.0
18/03/1989,0.0
19/03/1989,0.0
20/03/1989,0.0
21/03/1989,0.1
22/03/1989,0.1
23/03/1989,0.1
24/03/1989,0.1
25/03/1989,0.1
26/03/1989,0.1
27/03/1989,0.1
28/03/1989,23.5
29/03/1989,0.5
30/03/1989,4.0
31/03/1989,25.5
01/04/1989,0.0
02/04/1989,0.0
03/04/1989,0.0
04/04/1989,0.0
05/04/1989,0.0
06/04/1989,0.0
07/04/1989,0.0
08/04/1989,0.0
09/04/1989,0.0
10/04/1989,1.5
11/04/1989,0.5
12/04/1989,6.5
13/04/1989,1.0
14/04/1989,0.0
15/04/1989,31.0
16/04/1989,0.0
17/04/1989,0.0
18/04/1989,0.0
19/04/1989,0.0
20/04/1989,0.0
21/04/1989,2.0
22/04/1989,0.0
23/04/1989,0.0
24/04/1989,0.0
25/04/1989,0.0
26/04/1989,0.0
27/04/1989,0.0
28/04/1989,0.0
29/04/1989,0.0
30/04/1989,0.0
01/05/1989,0.0
02/05/1989,0.0
03/05/1989,62.0
04/05/1989,11.5
05/05/1989,0.0
06/05/1989,6.5
07/05/1989,31.5
08/05/1989,0.0
09/05/1989,0.0
10/05/1989,0.0
11/05/1989,0.0
12/05/1989,0.0
13/05/1989,0.0
14/05/1989,0.0
15/05/1989,0.0
16/05/1989,0.0
17/05/1989,0.0
18/05/1989,10.0
19/05/1989,20.0
20/05/1989,49.0
21/05/1989,0.0
22/05/1989,2.0
23/05/1989,17.0
30/05/1989,2.0
31/05/1989,0.0
01/06/1989,0.0
02/06/1989,16.5
03/06/1989,0.0
04/06/1989,0.0
05/06/1989,0.0
06/06/1989,0.0
07/06/1989,0.0
08/06/1989,0.5
09/06/1989,10.5
10/06/1989,0.0
11/06/1989,4.0
12/06/1989,3.5
13/06/1989,0.5
14/06/1989,0.0
15/06/1989,0.0
16/06/1989,6.0
17/06/1989,0.0
18/06/1989,0.0
19/06/1989,13.6
20/06/1989,14.9
21/06/1989,0.0
22/06/1989,0.0
23/06/1989,1.0
24/06/1989,0.0
25/06/1989,33.0
26/06/1989,8.0
27/06/1989,0.0
28/06/1989,0.0
29/06/1989,0.0
30/06/1989,0.0
01/07/1989,0.0
02/07/1989,0.0
03/07/1989,0.0
04/07/1989,0.0
05/07/1989,0.0
06/07/1989,1.0
07/07/1989,12.5
08/07/1989,3.0
09/07/1989,4.0
10/07/1989,0.0
11/07/1989,13.5
12/07/1989,26.5
13/07/1989,11.5
14/07/1989,0.0
15/07/1989,35.5
16/07/1989,0.5
17/07/1989,0.0
18/07/1989,3.0
19/07/1989,18.0
20/07/1989,0.5
21/07/1989,27.5
22/07/1989,1.0
23/07/1989,0.0
24/07/1989,0.0
25/07/1989,6.5
26/07/1989,11.0
27/07/1989,0.0
28/07/1989,27.0
29/07/1989,0.0
30/07/1989,14.0
31/07/1989,0.0
01/08/1989,13.5
02/08/1989,17.5
03/08/1989,17.0
04/08/1989,25.0
05/08/1989,1.5
06/08/1989,0.0
07/08/1989,3.0
08/08/1989,0.0
09/08/1989,2.0
10/08/1989,0.4
11/08/1989,12.1
12/08/1989,10.0
13/08/1989,0.0
14/08/1989,8.7
15/08/1989,13.1
16/08/1989,13.1
17/08/1989,13.1
18/08/1989,13.1
19/08/1989,13.1
20/08/1989,13.1
21/08/1989,13.1
22/08/1989,13.1
23/08/1989,13.1
24/08/1989,13.1
25/08/1989,13.1
26/08/1989,13.1
27/08/1989,13.1
28/08/1989,13.1
29/08/1989,4.4
30/08/1989,0.0
31/08/1989,0.0
01/09/1989,0.0
02/09/1989,0.0
03/09/1989,0.0
04/09/1989,6.1
05/09/1989,9.2
06/09/1989,9.2
07/09/1989,9.2
08/09/1989,9.2
09/09/1989,9.2
10/09/1989,9.2
11/09/1989,9.2
12/09/1989,9.2
13/09/1989,9.2
14/09/1989,9.2
15/09/1989,9.2
16/09/1989,9.2
17/09/1989,9.2
18/09/1989,9.2
19/09/1989,9.2
20/09/1989,9.2
21/09/1989,9.2
22/09/1989,9.2
23/09/1989,9.2
03/10/1989,1.2
04/10/1989,0.8
05/10/1989,48.0
06/10/1989,0.5
07/10/1989,1.5
08/10/1989,3.5
09/10/1989,0.0
10/10/1989,17.5
11/10/1989,27.0
12/10/1989,10.0
13/10/1989,24.2
14/10/1989,30.8
15/10/1989,15.3
16/10/1989,8.7
17/10/1989,17.0
18/10/1989,0.0
19/10/1989,17.5
20/10/1989,19.5
21/10/1989,12.0
22/10/1989,1.5
23/10/1989,0.0
24/10/1989,0.5
25/10/1989,0.0
26/10/1989,1.5
27/10/1989,19.0
28/10/1989,0.5
29/10/1989,16.5
30/10/1989,12.0
31/10/1989,3.0
01/11/1989,4.5
02/11/1989,0.0
03/11/1989,1.0
04/11/1989,22.5
05/11/1989,8.0
06/11/1989,1.0
07/11/1989,0.0
08/11/1989,0.0
09/11/1989,33.0
10/11/1989,15.5
11/11/1989,0.0
12/11/1989,21.5
13/11/1989,0.0
14/11/1989,39.5
15/11/1989,87.0
16/11/1989,15.5
17/11/1989,66.2
18/11/1989,127.8
19/11/1989,0.0
20/11/1989,1.5
21/11/1989,23.0
22/11/1989,2.0
23/11/1989,0.0
24/11/1989,0.0
25/11/1989,1.0
26/11/1989,0.0
27/11/1989,0.0
28/11/1989,15.5
29/11/1989,21.0
30/11/1989,6.5
01/12/1989,20.5
02/12/1989,7.5
03/12/1989,12.0
04/12/1989,0.5
05/12/1989,0.5
06/12/1989,0.0
07/12/1989,0.0
08/12/1989,4.0
09/12/1989,3.0
10/12/1989,0.5
11/12/1989,1.0
12/12/1989,10.0
13/12/1989,4.1
14/12/1989,1.9
15/12/1989,4.5
16/12/1989,1.0
17/12/1989,0.5
18/12/1989,1.0
19/12/1989,6.0
20/12/1989,1.0
21/12/1989,0.0
22/12/1989,16.0
23/12/1989,1.0
24/12/1989,18.0
25/12/1989,34.0
26/12/1989,1.0
27/12/1989,0.0
28/12/1989,12.5
29/12/1989,0.0
30/12/1989,20.5
31/12/1989,15.5
01/01/1990,0.0
02/01/1990,0.0
03/01/1990,0.0
04/01/1990,0.0
05/01/1990,2.0
06/01/1990,0.5
07/01/1990,0.0
08/01/1990,83.7
09/01/1990,38.3
10/01/1990,0.0
11/01/1990,12.5
12/01/1990,32.0
13/01/1990,5.0
14/01/1990,10.5
15/01/1990,0.5
16/01/1990,0.0
17/01/1990,8.5
18/01/1990,0.0
19/01/1990,0.0
20/01/1990,0.0
21/01/1990,5.4
22/01/1990,7.6
23/01/1990,1.0
24/01/1990,0.0
25/01/1990,0.0
26/01/1990,0.0
27/01/1990,0.0
28/01/1990,0.0
29/01/1990,0.0
30/01/1990,0.0
31/01/1990,5.0
01/02/1990,0.0
02/02/1990,5.0
03/02/1990,20.0
04/02/1990,3.0
05/02/1990,1.0
06/02/1990,6.5
07/02/1990,8.0
08/02/1990,4.5
09/02/1990,0.0
10/02/1990,5.0
11/02/1990,2.0
12/02/1990,3.5
13/02/1990,0.0
14/02/1990,0.0
15/02/1990,0.0
16/02/1990,0.0
17/02/1990,0.0
18/02/1990,0.0
19/02/1990,0.0
20/02/1990,0.0
21/02/1990,0.0
22/02/1990,0.0
23/02/1990,0.0
24/02/1990,0.0
25/02/1990,0.0
26/02/1990,0.0
27/02/1990,0.0
28/02/1990,0.0
01/03/1990,0.0
02/03/1990,0.0
03/03/1990,0.0
04/03/1990,0.0
05/03/1990,0.0
06/03/1990,0.0
07/03/1990,2.5
08/03/1990,2.5
09/03/1990,0.0
10/03/1990,0.0
11/03/1990,0.0
12/03/1990,0.0
13/03/1990,0.0
14/03/1990,0.0
15/03/1990,1.7
16/03/1990,1.8
17/03/1990,0.5
18/03/1990,10.3
19/03/1990,1.7
20/03/1990,0.0
21/03/1990,0.0
22/03/1990,48.0
23/03/1990,8.0
24/03/1990,0.5
25/03/1990,0.0
26/03/1990,0.0
27/03/1990,0.0
28/03/1990,0.0
29/03/1990,7.5
30/03/1990,0.0
31/03/1990,0.0
01/04/1990,0.0
02/04/1990,0.0
03/04/1990,0.0
04/04/1990,0.0
05/04/1990,0.0
06/04/1990,138.5
07/04/1990,46.5
08/04/1990,0.0
09/04/1990,14.0
10/04/1990,0.0
11/04/1990,3.0
12/04/1990,0.5
13/04/1990,0.0
14/04/1990,2.5
15/04/1990,18.5
16/04/1990,7.0
17/04/1990,27.0
18/04/1990,0.0
19/04/1990,0.0
20/04/1990,0.0
21/04/1990,0.0
22/04/1990,0.0
23/04/1990,0.0
24/04/1990,11.5
25/04/1990,8.5
26/04/1990,0.0
27/04/1990,4.5
28/04/1990,0.0
29/04/1990,0.0
30/04/1990,2.0
01/05/1990,0.5
02/05/1990,27.0
03/05/1990,7.5
04/05/1990,0.0
05/05/1990,0.0
06/05/1990,0.0
07/05/1990,0.0
08/05/1990,0.0
09/05/1990,0.0
10/05/1990,0.0
11/05/1990,0.0
12/05/1990,0.0
13/05/1990,0.0
14/05/1990,0.0
15/05/1990,0.0
16/05/1990,0.0
17/05/1990,3.0
18/05/1990,5.0
19/05/1990,4.5
20/05/1990,0.0
21/05/1990,0.0
22/05/1990,7.0
23/05/1990,0.5
24/05/1990,5.0
25/05/1990,0.0
26/05/1990,3.5
27/05/1990,0.0
28/05/1990,0.0
29/05/1990,0.0
30/05/1990,12.0
31/05/1990,11.0
01/06/1990,2.0
02/06/1990,2.0
03/06/1990,0.5
04/06/1990,21.5
05/06/1990,22.0
06/06/1990,0.0
07/06/1990,0.0
08/06/1990,4.5
09/06/1990,0.0
10/06/1990,0.0
11/06/1990,2.0
12/06/1990,2.6
13/06/1990,13.4
14/06/1990,24.0
15/06/1990,0.0
16/06/1990,0.0
17/06/1990,0.0
18/06/1990,0.0
19/06/1990,22.5
20/06/1990,5.0
21/06/1990,0.0
22/06/1990,0.0
23/06/1990,0.0
24/06/1990,16.0
25/06/1990,0.0
26/06/1990,60.1
27/06/1990,0.4
28/06/1990,0.0
29/06/1990,0.0
30/06/1990,0.0
01/07/1990,0.0
02/07/1990,7.0
03/07/1990,0.0
04/07/1990,0.0
05/07/1990,14.5
06/07/1990,0.0
07/07/1990,11.5
08/07/1990,0.0
09/07/1990,0.0
10/07/1990,0.0
11/07/1990,0.0
12/07/1990,0.0
13/07/1990,5.0
14/07/1990,20.5
15/07/1990,20.0
16/07/1990,2.5
17/07/1990,19.0
18/07/1990,24.0
19/07/1990,24.5
20/07/1990,16.5
21/07/1990,9.0
22/07/1990,0.0
23/07/1990,15.0
24/07/1990,3.5
25/07/1990,9.7
26/07/1990,0.3
27/07/1990,0.0
28/07/1990,15.5
29/07/1990,10.5
30/07/1990,3.0
31/07/1990,0.0
01/08/1990,10.5
02/08/1990,4.0
03/08/1990,66.0
04/08/1990,0.5
05/08/1990,0.0
06/08/1990,44.5
07/08/1990,0.5
08/08/1990,0.0
09/08/1990,0.0
10/08/1990,0.0
11/08/1990,17.0
12/08/1990,0.0
13/08/1990,74.0
14/08/1990,1.5
15/08/1990,0.0
16/08/1990,1.5
17/08/1990,0.0
18/08/1990,0.0
19/08/1990,0.0
20/08/1990,0.0
21/08/1990,0.0
22/08/1990,0.0
23/08/1990,0.0
24/08/1990,0.0
25/08/1990,0.0
26/08/1990,0.0
27/08/1990,0.0
28/08/1990,0.0
29/08/1990,1.0
30/08/1990,9.0
31/08/1990,0.0
01/09/1990,0.0
02/09/1990,9.0
03/09/1990,49.0
04/09/1990,29.0
05/09/1990,6.5
06/09/1990,0.0
07/09/1990,52.5
08/09/1990,0.0
09/09/1990,1.0
10/09/1990,0.0
11/09/1990,0.0
12/09/1990,7.5
13/09/1990,0.0
14/09/1990,0.0
15/09/1990,0.0
16/09/1990,1.5
17/09/1990,16.5
18/09/1990,19.0
19/09/1990,24.5
20/09/1990,0.0
21/09/1990,0.0
22/09/1990,25.2
23/09/1990,22.3
24/09/1990,13.5
25/09/1990,6.0
26/09/1990,3.0
27/09/1990,0.5
28/09/1990,0.5
29/09/1990,19.0
30/09/1990,13.5
01/10/1990,5.0
02/10/1990,19.0
03/10/1990,0.0
04/10/1990,28.0
05/10/1990,0.5
06/10/1990,0.0
07/10/1990,0.0
08/10/1990,0.0
09/10/1990,0.0
10/10/1990,0.0
11/10/1990,20.0
12/10/1990,27.5
13/10/1990,4.5
14/10/1990,40.0
15/10/1990,2.5
16/10/1990,4.0
17/10/1990,0.0
18/10/1990,30.5
19/10/1990,0.0
20/10/1990,0.0
21/10/1990,0.0
22/10/1990,1.0
23/10/1990,0.0
24/10/1990,2.0
25/10/1990,1.0
26/10/1990,47.4
27/10/1990,8.6
28/10/1990,0.0
29/10/1990,9.0
30/10/1990,12.0
31/10/1990,24.0
01/11/1990,0.0
02/11/1990,48.5
03/11/1990,0.0
04/11/1990,0.0
05/11/1990,0.0
06/11/1990,0.0
07/11/1990,0.0
08/11/1990,0.0
09/11/1990,19.5
10/11/1990,7.5
11/11/1990,10.5
12/11/1990,22.5
13/11/1990,0.0
14/11/1990,8.0
15/11/1990,33.0
16/11/1990,1.5
17/11/1990,2.0
18/11/1990,3.5
19/11/1990,0.0
20/11/1990,4.0
21/11/1990,0.5
22/11/1990,15.4
23/11/1990,91.6
24/11/1990,60.0
25/11/1990,38.0
26/11/1990,92.0
27/11/1990,26.0
28/11/1990,32.5
29/11/1990,0.0
30/11/1990,0.0
01/12/1990,1.0
02/12/1990,1.5
03/12/1990,1.0
04/12/1990,68.1
05/12/1990,4.9
06/12/1990,5.0
07/12/1990,27.0
08/12/1990,19.0
09/12/1990,22.0
10/12/1990,30.6
11/12/1990,55.9
12/12/1990,68.5
13/12/1990,0.0
14/12/1990,18.0
15/12/1990,15.5
16/12/1990,10.0
17/12/1990,39.0
18/12/1990,15.5
19/12/1990,7.5
20/12/1990,4.0
21/12/1990,2.0
22/12/1990,0.5
23/12/1990,0.0
24/12/1990,0.0
25/12/1990,0.0
26/12/1990,0.0
27/12/1990,0.0
28/12/1990,6.0
29/12/1990,2.0
30/12/1990,0.0
31/12/1990,0.0
01/01/1991,0.0
02/01/1991,9.0
03/01/1991,1.0
04/01/1991,0.0
05/01/1991,3.5
06/01/1991,0.0
07/01/1991,0.0
08/01/1991,4.0
09/01/1991,3.5
10/01/1991,0.0
11/01/1991,0.0
12/01/1991,0.0
13/01/1991,52.0
14/01/1991,13.0
15/01/1991,12.5
16/01/1991,3.0
17/01/1991,5.0
18/01/1991,6.5
19/01/1991,2.5
20/01/1991,0.0
21/01/1991,0.0
22/01/1991,68.5
23/01/1991,0.0
24/01/1991,19.0
25/01/1991,10.0
26/01/1991,41.0
27/01/1991,68.2
28/01/1991,5.3
29/01/1991,0.0
30/01/1991,20.0
31/01/1991,1.5
01/02/1991,0.0
02/02/1991,1.0
03/02/1991,0.0
04/02/1991,0.0
05/02/1991,0.0
06/02/1991,0.0
07/02/1991,0.0
08/02/1991,0.0
09/02/1991,0.0
10/02/1991,0.0
11/02/1991,0.0
12/02/1991,0.0
13/02/1991,0.0
14/02/1991,0.0
15/02/1991,0.0
16/02/1991,0.0
17/02/1991,0.0
18/02/1991,0.0
19/02/1991,0.0
20/02/1991,0.0
21/02/1991,0.0
22/02/1991,0.0
23/02/1991,4.0
24/02/1991,8.5
25/02/1991,3.9
26/02/1991,15.1
27/02/1991,5.5
28/02/1991,11.5
01/03/1991,29.0
02/03/1991,0.5
03/03/1991,0.0
04/03/1991,0.0
05/03/1991,0.0
06/03/1991,0.0
07/03/1991,0.0
08/03/1991,0.0
09/03/1991,0.0
10/03/1991,0.0
11/03/1991,0.0
12/03/1991,0.0
13/03/1991,0.0
14/03/1991,0.0
15/03/1991,0.0
16/03/1991,0.0
17/03/1991,0.5
18/03/1991,3.0
19/03/1991,0.5
20/03/1991,55.5
21/03/1991,0.0
22/03/1991,0.0
23/03/1991,0.0
24/03/1991,0.0
25/03/1991,0.0
26/03/1991,0.0
27/03/1991,1.0
28/03/1991,0.0
29/03/1991,0.0
30/03/1991,0.0
31/03/1991,0.0
01/04/1991,0.0
02/04/1991,0.0
03/04/1991,16.5
04/04/1991,61.5
05/04/1991,28.5
06/04/1991,0.0
07/04/1991,0.0
08/04/1991,0.0
09/04/1991,0.0
10/04/1991,0.0
11/04/1991,0.0
12/04/1991,0.0
13/04/1991,0.0
14/04/1991,0.0
15/04/1991,0.0
16/04/1991,0.0
17/04/1991,0.0
18/04/1991,0.0
19/04/1991,0.0
20/04/1991,0.0
21/04/1991,5.5
22/04/1991,1.0
23/04/1991,0.0
24/04/1991,0.5
25/04/1991,0.5
26/04/1991,0.5
27/04/1991,0.0
28/04/1991,1.0
29/04/1991,0.5
30/04/1991,0.0
01/05/1991,0.5
02/05/1991,0.0
03/05/1991,9.0
04/05/1991,0.0
05/05/1991,0.0
06/05/1991,0.5
07/05/1991,4.5
08/05/1991,0.0
09/05/1991,1.0
10/05/1991,19.5
11/05/1991,0.0
12/05/1991,0.0
13/05/1991,0.0
14/05/1991,0.0
15/05/1991,0.0
16/05/1991,0.0
17/05/1991,0.0
18/05/1991,0.0
19/05/1991,2.5
20/05/1991,7.5
21/05/1991,3.0
22/05/1991,0.0
23/05/1991,6.2
24/05/1991,4.3
25/05/1991,0.0
26/05/1991,14.0
27/05/1991,0.5
28/05/1991,1.5
29/05/1991,21.5
30/05/1991,0.0
31/05/1991,25.0
01/06/1991,0.0
02/06/1991,5.5
03/06/1991,64.3
04/06/1991,2.7
05/06/1991,33.0
09/06/1991,0.0
10/06/1991,0.0
11/06/1991,0.0
12/06/1991,0.0
13/06/1991,0.0
14/06/1991,0.0
15/06/1991,0.0
16/06/1991,0.0
17/06/1991,0.0
18/06/1991,0.0
19/06/1991,0.0
20/06/1991,0.5
21/06/1991,0.5
22/06/1991,0.0
23/06/1991,0.0
24/06/1991,0.0
25/06/1991,0.0
26/06/1991,0.0
27/06/1991,0.0
28/06/1991,0.0
29/06/1991,0.0
30/06/1991,0.0
01/07/1991,9.0
02/07/1991,4.0
03/07/1991,0.0
04/07/1991,10.5
05/07/1991,18.0
06/07/1991,0.0
07/07/1991,10.5
08/07/1991,0.0
09/07/1991,0.0
10/07/1991,0.0
11/07/1991,0.0
12/07/1991,0.0
13/07/1991,0.0
14/07/1991,0.0
15/07/1991,0.0
16/07/1991,0.0
17/07/1991,0.0
18/07/1991,0.0
19/07/1991,25.5
20/07/1991,1.0
21/07/1991,0.0
22/07/1991,0.0
23/07/1991,0.0
24/07/1991,0.5
25/07/1991,0.0
26/07/1991,8.0
27/07/1991,0.5
28/07/1991,0.0
29/07/1991,0.0
30/07/1991,37.0
31/07/1991,91.0
01/08/1991,52.0
02/08/1991,2.5
03/08/1991,0.0
04/08/1991,6.5
05/08/1991,16.5
06/08/1991,29.0
07/08/1991,8.0
08/08/1991,4.0
09/08/1991,0.5
10/08/1991,24.0
11/08/1991,32.0
12/08/1991,0.0
13/08/1991,4.5
14/08/1991,13.0
15/08/1991,0.0
16/08/1991,24.0
17/08/1991,1.0
18/08/1991,2.5
19/08/1991,0.0
20/08/1991,0.0
25/08/1991,12.5
26/08/1991,68.0
27/08/1991,63.5
28/08/1991,0.0
29/08/1991,24.5
30/08/1991,11.0
31/08/1991,0.5
01/09/1991,0.0
02/09/1991,32.5
03/09/1991,1.0
04/09/1991,36.5
05/09/1991,0.0
06/09/1991,0.0
07/09/1991,36.0
08/09/1991,0.0
09/09/1991,2.5
10/09/1991,0.0
11/09/1991,32.5
12/09/1991,6.0
13/09/1991,46.5
14/09/1991,0.0
15/09/1991,65.0
16/09/1991,18.0
17/09/1991,0.5
18/09/1991,0.0
19/09/1991,1.5
20/09/1991,0.0
21/09/1991,0.0
22/09/1991,0.0
23/09/1991,0.0
24/09/1991,17.5
25/09/1991,14.5
26/09/1991,13.0
27/09/1991,68.5
28/09/1991,0.0
29/09/1991,4.0
30/09/1991,0.0
01/10/1991,1.0
02/10/1991,81.5
03/10/1991,0.0
04/10/1991,0.0
05/10/1991,66.5
06/10/1991,3.5
07/10/1991,1.5
08/10/1991,52.4
09/10/1991,55.1
10/10/1991,17.5
11/10/1991,3.5
12/10/1991,10.0
13/10/1991,0.0
14/10/1991,6.0
15/10/1991,0.0
16/10/1991,0.0
17/10/1991,0.0
18/10/1991,0.0
19/10/1991,0.0
20/10/1991,2.0
21/10/1991,13.0
22/10/1991,0.0
23/10/1991,4.0
24/10/1991,12.0
25/10/1991,2.0
26/10/1991,50.5
27/10/1991,2.5
28/10/1991,27.0
29/10/1991,0.5
30/10/1991,0.0
31/10/1991,0.0
01/11/1991,0.5
02/11/1991,5.5
03/11/1991,0.0
04/11/1991,105.5
05/11/1991,23.5
06/11/1991,19.5
07/11/1991,8.5
08/11/1991,0.0
09/11/1991,0.0
10/11/1991,48.0
11/11/1991,23.5
12/11/1991,96.2
13/11/1991,51.8
14/11/1991,1.0
15/11/1991,6.5
16/11/1991,6.5
17/11/1991,92.2
18/11/1991,157.2
19/11/1991,126.1
20/11/1991,1.5
21/11/1991,31.5
22/11/1991,16.0
23/11/1991,180.5
24/11/1991,94.5
25/11/1991,6.5
26/11/1991,12.5
27/11/1991,12.5
28/11/1991,28.2
29/11/1991,3.3
30/11/1991,0.0
01/12/1991,0.0
02/12/1991,0.0
03/12/1991,0.0
04/12/1991,4.0
05/12/1991,4.0
06/12/1991,15.1
07/12/1991,9.4
08/12/1991,15.0
09/12/1991,86.7
10/12/1991,26.3
11/12/1991,174.0
12/12/1991,142.3
13/12/1991,24.3
14/12/1991,19.4
15/12/1991,6.4
16/12/1991,0.1
17/12/1991,8.0
18/12/1991,23.0
19/12/1991,11.0
20/12/1991,3.0
21/12/1991,7.0
22/12/1991,12.0
23/12/1991,7.5
24/12/1991,4.0
25/12/1991,105.0
26/12/1991,0.5
27/12/1991,0.0
28/12/1991,0.5
29/12/1991,25.9
30/12/1991,127.4
31/12/1991,108.6
01/01/1992,18.1
02/01/1992,1.0
03/01/1992,5.0
04/01/1992,1.0
05/01/1992,59.0
06/01/1992,0.5
07/01/1992,0.0
08/01/1992,0.0
09/01/1992,0.0
10/01/1992,1.5
11/01/1992,5.0
12/01/1992,0.0
13/01/1992,1.0
14/01/1992,17.5
15/01/1992,32.0
16/01/1992,1.0
17/01/1992,4.5
18/01/1992,4.5
19/01/1992,0.5
20/01/1992,0.0
21/01/1992,33.5
22/01/1992,0.0
26/01/1992,10.5
27/01/1992,1.6
28/01/1992,0.9
29/01/1992,0.5
30/01/1992,0.0
31/01/1992,0.0
01/02/1992,0.0
02/02/1992,3.0
03/02/1992,0.0
04/02/1992,0.0
05/02/1992,0.0
06/02/1992,13.5
07/02/1992,0.0
08/02/1992,0.0
09/02/1992,3.5
10/02/1992,0.0
11/02/1992,0.0
12/02/1992,0.0
13/02/1992,0.0
14/02/1992,0.0
15/02/1992,0.0
16/02/1992,3.5
17/02/1992,4.0
18/02/1992,0.0
19/02/1992,0.5
20/02/1992,0.5
21/02/1992,0.0
22/02/1992,0.0
23/02/1992,4.0
24/02/1992,12.5
25/02/1992,9.0
26/02/1992,0.5
27/02/1992,0.5
28/02/1992,0.5
29/02/1992,0.0
01/03/1992,0.0
02/03/1992,0.0
03/03/1992,0.0
04/03/1992,12.0
05/03/1992,14.5
06/03/1992,0.0
07/03/1992,4.4
08/03/1992,1.1
09/03/1992,0.0
10/03/1992,0.0
11/03/1992,0.0
12/03/1992,0.0
13/03/1992,0.0
14/03/1992,0.0
15/03/1992,0.0
16/03/1992,0.0
17/03/1992,0.0
18/03/1992,0.0
19/03/1992,0.0
20/03/1992,0.0
21/03/1992,0.0
22/03/1992,0.0
23/03/1992,19.5
24/03/1992,0.0
25/03/1992,0.0
26/03/1992,0.0
27/03/1992,0.0
28/03/1992,0.0
29/03/1992,0.0
30/03/1992,0.0
31/03/1992,0.0
01/04/1992,0.0
02/04/1992,0.0
03/04/1992,0.0
04/04/1992,0.0
05/04/1992,4.5
06/04/1992,0.5
07/04/1992,0.0
08/04/1992,0.0
09/04/1992,19.0
10/04/1992,0.5
11/04/1992,0.0
12/04/1992,0.0
13/04/1992,0.0
14/04/1992,0.0
15/04/1992,0.0
16/04/1992,0.0
17/04/1992,0.0
18/04/1992,0.0
19/04/1992,0.0
20/04/1992,0.0
21/04/1992,0.0
22/04/1992,0.0
23/04/1992,0.0
24/04/1992,0.0
25/04/1992,0.0
26/04/1992,3.5
27/04/1992,0.0
28/04/1992,0.0
29/04/1992,0.0
30/04/1992,0.0
01/05/1992,0.0
02/05/1992,0.0
03/05/1992,0.0
04/05/1992,0.0
05/05/1992,0.0
06/05/1992,0.0
07/05/1992,0.0
08/05/1992,2.0
09/05/1992,30.5
10/05/1992,62.5
11/05/1992,0.0
12/05/1992,2.5
13/05/1992,0.0
14/05/1992,0.0
15/05/1992,0.0
16/05/1992,0.0
17/05/1992,14.5
18/05/1992,0.5
19/05/1992,0.0
20/05/1992,0.0
21/05/1992,0.0
22/05/1992,19.0
23/05/1992,16.5
24/05/1992,0.0
25/05/1992,0.0
26/05/1992,0.0
27/05/1992,0.0
28/05/1992,0.0
29/05/1992,0.0
30/05/1992,0.0
31/05/1992,14.5
01/06/1992,0.0
02/06/1992,0.0
03/06/1992,11.5
04/06/1992,0.0
05/06/1992,0.0
06/06/1992,0.0
07/06/1992,0.0
08/06/1992,0.0
09/06/1992,0.0
10/06/1992,0.0
11/06/1992,0.0
12/06/1992,103.5
13/06/1992,3.3
14/06/1992,2.7
15/06/1992,33.0
16/06/1992,1.0
17/06/1992,24.5
18/06/1992,1.5
19/06/1992,0.0
20/06/1992,17.0
21/06/1992,0.0
22/06/1992,0.0
23/06/1992,21.5
24/06/1992,18.0
25/06/1992,0.5
26/06/1992,10.5
27/06/1992,0.0
28/06/1992,40.0
29/06/1992,0.5
30/06/1992,0.0
01/07/1992,1.5
02/07/1992,0.0
03/07/1992,0.0
04/07/1992,0.0
05/07/1992,0.0
06/07/1992,0.0
07/07/1992,0.0
08/07/1992,0.0
09/07/1992,0.0
10/07/1992,0.0
11/07/1992,0.0
12/07/1992,59.4
13/07/1992,4.1
14/07/1992,0.0
15/07/1992,0.0
16/07/1992,0.0
17/07/1992,0.0
18/07/1992,0.0
19/07/1992,3.5
20/07/1992,0.0
21/07/1992,2.4
22/07/1992,1.6
23/07/1992,0.0
24/07/1992,0.0
25/07/1992,0.0
26/07/1992,0.0
27/07/1992,64.0
28/07/1992,1.0
29/07/1992,19.5
30/07/1992,0.5
31/07/1992,0.0
01/08/1992,0.0
02/08/1992,0.0
03/08/1992,12.5
04/08/1992,0.0
05/08/1992,18.0
06/08/1992,26.5
07/08/1992,0.0
08/08/1992,0.0
09/08/1992,0.0
10/08/1992,9.5
11/08/1992,16.5
12/08/1992,0.0
13/08/1992,6.5
14/08/1992,0.5
15/08/1992,0.0
16/08/1992,1.5
17/08/1992,21.0
18/08/1992,0.0
19/08/1992,9.0
20/08/1992,0.0
21/08/1992,0.0
22/08/1992,0.0
23/08/1992,20.0
24/08/1992,22.5
25/08/1992,0.5
26/08/1992,4.0
27/08/1992,11.5
28/08/1992,4.0
29/08/1992,0.0
30/08/1992,0.0
31/08/1992,0.0
01/09/1992,0.0
02/09/1992,20.5
03/09/1992,29.2
04/09/1992,3.3
05/09/1992,0.0
06/09/1992,5.2
07/09/1992,2.3
08/09/1992,0.0
09/09/1992,0.0
10/09/1992,0.0
11/09/1992,0.0
12/09/1992,0.0
13/09/1992,0.0
14/09/1992,0.0
15/09/1992,0.0
16/09/1992,0.0
17/09/1992,5.5
18/09/1992,20.5
19/09/1992,2.5
20/09/1992,8.0
21/09/1992,19.5
22/09/1992,0.0
23/09/1992,18.0
24/09/1992,0.0
25/09/1992,0.5
26/09/1992,0.0
27/09/1992,0.0
28/09/1992,14.5
29/09/1992,1.0
30/09/1992,0.0
01/10/1992,21.5
02/10/1992,0.0
03/10/1992,39.5
04/10/1992,23.5
05/10/1992,5.0
06/10/1992,0.5
07/10/1992,0.0
08/10/1992,0.0
09/10/1992,1.0
10/10/1992,4.4
11/10/1992,14.1
12/10/1992,0.0
13/10/1992,12.0
14/10/1992,13.9
15/10/1992,8.1
16/10/1992,72.0
17/10/1992,0.0
18/10/1992,0.0
19/10/1992,0.0
20/10/1992,0.0
21/10/1992,0.0
22/10/1992,0.0
23/10/1992,0.0
24/10/1992,0.0
25/10/1992,4.5
26/10/1992,6.5
27/10/1992,4.0
28/10/1992,0.5
29/10/1992,0.5
30/10/1992,4.5
31/10/1992,0.5
01/11/1992,8.0
02/11/1992,7.5
03/11/1992,15.0
04/11/1992,62.0
05/11/1992,26.5
06/11/1992,1.0
07/11/1992,0.0
08/11/1992,15.9
09/11/1992,93.6
10/11/1992,0.9
11/11/1992,42.1
12/11/1992,278.1
13/11/1992,22.9
14/11/1992,0.0
15/11/1992,25.0
16/11/1992,129.5
17/11/1992,30.0
18/11/1992,21.5
19/11/1992,7.5
20/11/1992,4.0
21/11/1992,7.0
28/11/1992,2.5
29/11/1992,1.5
30/11/1992,0.0
01/12/1992,1.0
02/12/1992,2.1
03/12/1992,4.7
04/12/1992,12.9
05/12/1992,19.7
06/12/1992,24.0
07/12/1992,82.9
08/12/1992,33.3
09/12/1992,57.8
10/12/1992,3.5
11/12/1992,16.0
12/12/1992,0.5
13/12/1992,0.3
14/12/1992,0.2
15/12/1992,0.0
16/12/1992,0.0
17/12/1992,0.5
18/12/1992,0.5
19/12/1992,5.0
20/12/1992,14.0
21/12/1992,27.5
22/12/1992,49.0
23/12/1992,118.5
24/12/1992,64.0
25/12/1992,129.9
26/12/1992,37.1
27/12/1992,3.0
28/12/1992,0.5
29/12/1992,14.0
30/12/1992,2.5
31/12/1992,3.0
01/01/1993,0.0
02/01/1993,0.0
03/01/1993,6.5
04/01/1993,3.5
05/01/1993,6.0
06/01/1993,3.0
07/01/1993,0.0
08/01/1993,5.5
09/01/1993,6.5
10/01/1993,15.0
11/01/1993,0.0
12/01/1993,5.5
13/01/1993,14.5
14/01/1993,27.0
15/01/1993,0.0
16/01/1993,3.0
17/01/1993,7.0
18/01/1993,5.5
19/01/1993,2.5
20/01/1993,1.5
21/01/1993,4.0
22/01/1993,0.5
23/01/1993,0.0
24/01/1993,0.0
25/01/1993,0.0
26/01/1993,6.0
27/01/1993,6.0
28/01/1993,69.0
29/01/1993,24.5
30/01/1993,4.5
31/01/1993,0.5
01/02/1993,3.5
02/02/1993,12.8
03/02/1993,0.7
04/02/1993,0.5
05/02/1993,0.0
06/02/1993,0.0
07/02/1993,0.0
08/02/1993,0.0
09/02/1993,0.0
10/02/1993,6.5
11/02/1993,1.5
12/02/1993,4.5
13/02/1993,0.0
14/02/1993,0.0
15/02/1993,0.0
16/02/1993,0.0
17/02/1993,0.0
18/02/1993,0.0
19/02/1993,0.0
20/02/1993,0.0
21/02/1993,0.0
22/02/1993,0.0
23/02/1993,0.0
24/02/1993,0.5
25/02/1993,19.0
26/02/1993,25.5
27/02/1993,1.0
28/02/1993,0.0
01/03/1993,8.0
02/03/1993,0.0
03/03/1993,0.0
04/03/1993,0.0
05/03/1993,0.0
06/03/1993,1.0
07/03/1993,2.0
08/03/1993,35.0
09/03/1993,4.0
10/03/1993,2.5
11/03/1993,27.6
12/03/1993,37.9
13/03/1993,48.0
14/03/1993,30.0
15/03/1993,27.0
16/03/1993,0.0
17/03/1993,1.0
18/03/1993,30.0
19/03/1993,0.0
20/03/1993,1.0
21/03/1993,0.5
22/03/1993,0.5
23/03/1993,0.0
24/03/1993,6.5
25/03/1993,0.0
26/03/1993,0.0
27/03/1993,0.0
28/03/1993,0.0
29/03/1993,0.0
30/03/1993,0.0
31/03/1993,0.0
01/04/1993,0.0
02/04/1993,1.5
03/04/1993,0.0
04/04/1993,0.0
05/04/1993,0.0
06/04/1993,0.0
07/04/1993,0.0
08/04/1993,0.0
09/04/1993,38.5
10/04/1993,52.5
11/04/1993,1.5
12/04/1993,78.5
13/04/1993,46.0
14/04/1993,13.5
15/04/1993,0.0
16/04/1993,10.0
17/04/1993,0.5
18/04/1993,0.0
19/04/1993,0.0
20/04/1993,0.0
21/04/1993,0.0
22/04/1993,0.0
23/04/1993,0.0
24/04/1993,0.0
25/04/1993,0.0
26/04/1993,0.0
27/04/1993,0.0
28/04/1993,0.0
29/04/1993,0.0
03/05/1993,0.0
04/05/1993,0.0
05/05/1993,0.0
06/05/1993,0.0
07/05/1993,0.0
08/05/1993,0.0
09/05/1993,0.0
10/05/1993,0.0
11/05/1993,0.0
12/05/1993,0.0
13/05/1993,0.0
14/05/1993,0.0
15/05/1993,0.0
16/05/1993,2.5
17/05/1993,0.0
18/05/1993,1.0
19/05/1993,39.0
20/05/1993,0.0
21/05/1993,0.0
22/05/1993,0.0
23/05/1993,0.0
24/05/1993,0.0
25/05/1993,16.0
26/05/1993,0.0
27/05/1993,0.5
28/05/1993,2.0
29/05/1993,0.0
30/05/1993,0.0
31/05/1993,0.0
01/06/1993,0.0
02/06/1993,22.0
03/06/1993,0.0
04/06/1993,18.0
05/06/1993,18.5
06/06/1993,0.0
07/06/1993,1.5
08/06/1993,1.0
09/06/1993,0.0
10/06/1993,0.0
11/06/1993,0.0
12/06/1993,0.5
13/06/1993,5.0
14/06/1993,0.0
15/06/1993,0.0
16/06/1993,0.0
17/06/1993,1.0
18/06/1993,5.0
19/06/1993,36.5
20/06/1993,4.0
21/06/1993,0.0
22/06/1993,0.0
23/06/1993,0.0
24/06/1993,0.0
25/06/1993,0.0
26/06/1993,0.0
27/06/1993,0.0
28/06/1993,0.0
29/06/1993,0.8
30/06/1993,0.7
01/07/1993,0.0
02/07/1993,32.5
03/07/1993,0.0
04/07/1993,0.0
05/07/1993,16.0
06/07/1993,0.5
07/07/1993,4.0
08/07/1993,34.5
09/07/1993,0.0
10/07/1993,1.0
11/07/1993,0.5
12/07/1993,0.0
13/07/1993,6.5
14/07/1993,0.0
15/07/1993,0.0
16/07/1993,0.0
17/07/1993,1.5
18/07/1993,2.0
19/07/1993,21.0
20/07/1993,0.5
21/07/1993,15.5
22/07/1993,0.0
23/07/1993,0.0
24/07/1993,11.0
25/07/1993,25.0
26/07/1993,0.0
27/07/1993,0.5
28/07/1993,1.5
29/07/1993,0.5
30/07/1993,1.5
31/07/1993,0.0
01/08/1993,7.5
02/08/1993,0.0
03/08/1993,0.0
04/08/1993,0.0
05/08/1993,0.0
06/08/1993,0.0
07/08/1993,22.5
08/08/1993,1.3
09/08/1993,8.7
10/08/1993,0.0
11/08/1993,8.5
12/08/1993,0.0
13/08/1993,0.0
14/08/1993,0.0
15/08/1993,0.0
16/08/1993,26.5
17/08/1993,0.0
18/08/1993,2.5
19/08/1993,0.5
20/08/1993,55.5
21/08/1993,8.0
22/08/1993,0.5
23/08/1993,36.5
24/08/1993,28.5
25/08/1993,26.0
26/08/1993,37.5
27/08/1993,0.0
28/08/1993,0.0
29/08/1993,4.0
30/08/1993,2.0
31/08/1993,1.5
01/09/1993,2.0
02/09/1993,37.0
03/09/1993,7.5
04/09/1993,0.0
05/09/1993,0.0
06/09/1993,0.0
07/09/1993,0.5
08/09/1993,84.4
09/09/1993,3.6
10/09/1993,0.0
11/09/1993,2.0
12/09/1993,3.5
13/09/1993,1.5
14/09/1993,1.5
15/09/1993,2.0
16/09/1993,10.5
17/09/1993,18.5
18/09/1993,12.5
19/09/1993,0.0
20/09/1993,6.0
21/09/1993,0.0
22/09/1993,0.0
23/09/1993,5.0
24/09/1993,38.0
25/09/1993,26.0
26/09/1993,10.5
27/09/1993,4.5
28/09/1993,5.5
29/09/1993,10.5
30/09/1993,0.0
01/10/1993,11.0
02/10/1993,3.5
03/10/1993,13.6
04/10/1993,73.9
05/10/1993,23.5
06/10/1993,1.5
07/10/1993,24.5
08/10/1993,35.0
09/10/1993,20.8
10/10/1993,16.2
11/10/1993,26.5
12/10/1993,4.0
13/10/1993,3.0
14/10/1993,1.0
15/10/1993,12.0
16/10/1993,22.5
17/10/1993,4.0
18/10/1993,0.5
19/10/1993,0.5
20/10/1993,0.0
21/10/1993,0.0
22/10/1993,0.0
23/10/1993,0.0
24/10/1993,40.5
25/10/1993,2.0
26/10/1993,46.0
27/10/1993,0.0
28/10/1993,0.0
29/10/1993,9.4
30/10/1993,30.7
31/10/1993,121.3
01/11/1993,103.0
02/11/1993,119.9
03/11/1993,43.0
04/11/1993,32.0
05/11/1993,0.0
06/11/1993,12.8
07/11/1993,16.2
08/11/1993,78.0
09/11/1993,31.5
10/11/1993,0.5
11/11/1993,1.5
12/11/1993,30.5
13/11/1993,1.5
14/11/1993,23.5
15/11/1993,5.0
16/11/1993,0.0
17/11/1993,0.0
18/11/1993,0.0
19/11/1993,12.5
20/11/1993,0.0
21/11/1993,6.0
22/11/1993,91.0
23/11/1993,66.5
24/11/1993,15.0
25/11/1993,0.5
26/11/1993,18.5
27/11/1993,0.0
28/11/1993,0.0
29/11/1993,50.6
30/11/1993,70.9
01/12/1993,8.0
02/12/1993,14.0
03/12/1993,20.5
04/12/1993,0.5
05/12/1993,0.0
06/12/1993,25.0
07/12/1993,14.5
08/12/1993,41.5
09/12/1993,59.5
10/12/1993,20.0
11/12/1993,59.5
12/12/1993,4.5
13/12/1993,4.0
14/12/1993,0.0
15/12/1993,0.5
16/12/1993,57.3
17/12/1993,57.7
18/12/1993,9.0
19/12/1993,5.5
20/12/1993,15.3
21/12/1993,58.2
22/12/1993,20.0
23/12/1993,77.5
24/12/1993,43.5
25/12/1993,55.5
26/12/1993,17.0
27/12/1993,8.5
28/12/1993,0.5
29/12/1993,1.0
30/12/1993,0.0
31/12/1993,0.0
01/01/1994,0.0
02/01/1994,8.5
03/01/1994,6.0
04/01/1994,1.5
05/01/1994,3.5
06/01/1994,0.0
07/01/1994,0.0
08/01/1994,0.0
09/01/1994,0.0
10/01/1994,0.0
11/01/1994,0.5
12/01/1994,4.0
13/01/1994,1.0
14/01/1994,0.0
15/01/1994,0.0
16/01/1994,0.0
17/01/1994,0.0
18/01/1994,0.0
19/01/1994,0.0
20/01/1994,0.1
21/01/1994,1.4
22/01/1994,0.0
23/01/1994,8.0
24/01/1994,1.0
25/01/1994,0.0
26/01/1994,0.0
27/01/1994,4.5
28/01/1994,2.0
29/01/1994,8.5
30/01/1994,2.5
31/01/1994,1.0
01/02/1994,0.0
02/02/1994,2.5
03/02/1994,5.5
04/02/1994,1.0
05/02/1994,1.0
06/02/1994,3.5
07/02/1994,2.0
08/02/1994,9.0
09/02/1994,0.0
10/02/1994,11.5
11/02/1994,0.0
12/02/1994,0.0
13/02/1994,0.0
14/02/1994,17.5
15/02/1994,0.0
16/02/1994,10.0
17/02/1994,4.0
18/02/1994,0.0
19/02/1994,1.0
20/02/1994,0.0
21/02/1994,0.0
22/02/1994,0.0
23/02/1994,0.0
24/02/1994,0.0
25/02/1994,0.0
26/02/1994,0.0
27/02/1994,0.0
28/02/1994,21.8
01/03/1994,3.2
02/03/1994,1.0
03/03/1994,7.5
04/03/1994,1.5
05/03/1994,14.5
06/03/1994,10.0
07/03/1994,1.7
08/03/1994,17.3
09/03/1994,0.0
10/03/1994,0.0
11/03/1994,0.0
12/03/1994,0.5
13/03/1994,0.0
14/03/1994,3.5
15/03/1994,67.1
16/03/1994,76.9
17/03/1994,94.4
18/03/1994,11.6
19/03/1994,2.5
20/03/1994,1.5
21/03/1994,0.0
22/03/1994,0.0
23/03/1994,44.0
24/03/1994,37.0
25/03/1994,13.5
26/03/1994,27.5
27/03/1994,18.5
28/03/1994,42.0
29/03/1994,8.0
30/03/1994,22.5
31/03/1994,0.5
01/04/1994,0.0
02/04/1994,0.0
03/04/1994,0.0
04/04/1994,0.0
05/04/1994,0.0
06/04/1994,0.0
07/04/1994,0.0
08/04/1994,0.0
09/04/1994,0.0
10/04/1994,0.0
11/04/1994,0.0
12/04/1994,0.0
13/04/1994,0.0
14/04/1994,0.0
15/04/1994,19.0
16/04/1994,0.5
17/04/1994,0.0
18/04/1994,0.0
19/04/1994,0.0
20/04/1994,7.5
21/04/1994,0.0
22/04/1994,0.0
23/04/1994,0.0
24/04/1994,4.5
25/04/1994,54.0
26/04/1994,0.0
27/04/1994,0.0
28/04/1994,0.0
29/04/1994,3.0
30/04/1994,0.0
01/05/1994,0.0
02/05/1994,1.5
03/05/1994,0.0
04/05/1994,4.0
05/05/1994,28.0
06/05/1994,8.0
07/05/1994,42.5
08/05/1994,14.5
09/05/1994,43.0
10/05/1994,14.0
11/05/1994,19.0
12/05/1994,21.0
13/05/1994,0.5
14/05/1994,0.0
15/05/1994,5.5
16/05/1994,40.5
17/05/1994,0.0
18/05/1994,29.0
19/05/1994,69.0
20/05/1994,13.0
21/05/1994,8.0
22/05/1994,6.0
23/05/1994,2.0
24/05/1994,0.0
25/05/1994,0.0
26/05/1994,32.0
27/05/1994,5.4
28/05/1994,55.6
29/05/1994,10.0
30/05/1994,0.0
31/05/1994,0.0
01/06/1994,10.0
02/06/1994,1.5
03/06/1994,0.0
04/06/1994,16.1
05/06/1994,0.9
06/06/1994,64.0
07/06/1994,93.3
08/06/1994,101.2
09/06/1994,12.5
10/06/1994,28.0
11/06/1994,0.0
12/06/1994,0.5
13/06/1994,8.2
14/06/1994,0.8
15/06/1994,30.5
16/06/1994,58.5
17/06/1994,11.0
18/06/1994,0.0
19/06/1994,0.0
20/06/1994,37.0
21/06/1994,17.5
22/06/1994,35.5
23/06/1994,14.0
24/06/1994,42.5
25/06/1994,10.5
26/06/1994,1.0
27/06/1994,1.0
28/06/1994,17.0
29/06/1994,0.5
17/08/1994,67.5
18/08/1994,0.5
19/08/1994,1.5
20/08/1994,14.5
21/08/1994,31.0
22/08/1994,0.0
23/08/1994,19.0
24/08/1994,90.0
25/08/1994,0.0
26/08/1994,30.5
27/08/1994,22.0
28/08/1994,0.5
29/08/1994,22.5
30/08/1994,0.0
31/08/1994,2.0
01/09/1994,52.5
02/09/1994,101.5
03/09/1994,0.0
04/09/1994,0.0
05/09/1994,9.7
06/09/1994,10.3
07/09/1994,0.0
08/09/1994,30.5
09/09/1994,7.5
10/09/1994,0.0
11/09/1994,0.0
12/09/1994,4.0
13/09/1994,2.5
14/09/1994,10.5
15/09/1994,0.0
16/09/1994,0.0
17/09/1994,5.0
18/09/1994,11.0
19/09/1994,0.0
20/09/1994,1.0
21/09/1994,0.0
22/09/1994,0.0
23/09/1994,16.0
24/09/1994,8.0
25/09/1994,1.5
26/09/1994,0.0
27/09/1994,0.0
28/09/1994,36.0
29/09/1994,17.2
30/09/1994,0.3
01/10/1994,1.5
02/10/1994,0.0
03/10/1994,0.0
04/10/1994,0.0
05/10/1994,34.0
06/10/1994,0.0
07/10/1994,0.0
08/10/1994,0.0
09/10/1994,0.0
10/10/1994,0.0
11/10/1994,23.5
12/10/1994,0.0
13/10/1994,20.0
14/10/1994,0.0
15/10/1994,0.0
16/10/1994,0.0
17/10/1994,0.0
18/10/1994,10.0
19/10/1994,0.0
20/10/1994,0.0
21/10/1994,2.5
22/10/1994,175.4
23/10/1994,49.6
24/10/1994,0.0
25/10/1994,0.0
26/10/1994,0.5
27/10/1994,34.5
28/10/1994,0.0
29/10/1994,0.0
30/10/1994,0.0
31/10/1994,97.0
01/11/1994,52.5
02/11/1994,51.3
03/11/1994,169.9
04/11/1994,4.5
05/11/1994,17.9
06/11/1994,14.6
07/11/1994,7.6
08/11/1994,62.9
09/11/1994,22.0
10/11/1994,11.5
11/11/1994,3.0
12/11/1994,4.0
13/11/1994,97.0
14/11/1994,30.0
15/11/1994,4.0
16/11/1994,5.0
17/11/1994,26.5
18/11/1994,150.0
19/11/1994,140.9
20/11/1994,115.7
21/11/1994,226.4
22/11/1994,1.5
23/11/1994,100.0
24/11/1994,108.5
25/11/1994,91.7
26/11/1994,101.8
27/11/1994,110.0
28/11/1994,7.5
29/11/1994,34.0
30/11/1994,33.5
01/12/1994,0.0
02/12/1994,0.0
03/12/1994,26.5
04/12/1994,8.3
17/12/1994,1.7
18/12/1994,1.0
19/12/1994,49.4
20/12/1994,2.0
21/12/1994,21.3
22/12/1994,39.7
23/12/1994,0.0
24/12/1994,0.0
25/12/1994,0.0
26/12/1994,0.0
27/12/1994,14.0
28/12/1994,0.0
29/12/1994,0.0
30/12/1994,5.4
31/12/1994,3.6
01/01/1995,39.5
02/01/1995,2.5
03/01/1995,4.1
04/01/1995,6.9
05/01/1995,33.5
06/01/1995,3.7
07/01/1995,1.2
08/01/1995,2.1
09/01/1995,12.0
10/01/1995,3.0
11/01/1995,1.0
12/01/1995,0.0
13/01/1995,0.0
14/01/1995,0.0
15/01/1995,0.0
16/01/1995,23.6
17/01/1995,24.4
18/01/1995,9.0
19/01/1995,5.0
20/01/1995,0.0
21/01/1995,0.0
22/01/1995,0.0
23/01/1995,0.0
24/01/1995,0.0
25/01/1995,67.3
26/01/1995,22.2
27/01/1995,0.5
28/01/1995,0.0
29/01/1995,3.5
30/01/1995,5.0
31/01/1995,4.0
01/02/1995,2.0
02/02/1995,2.0
03/02/1995,4.0
04/02/1995,2.5
05/02/1995,6.0
06/02/1995,4.0
07/02/1995,0.0
08/02/1995,0.0
09/02/1995,0.0
10/02/1995,1.2
11/02/1995,2.8
12/02/1995,0.0
13/02/1995,0.0
14/02/1995,0.0
15/02/1995,3.0
16/02/1995,0.0
17/02/1995,0.0
18/02/1995,0.0
19/02/1995,0.0
20/02/1995,0.0
21/02/1995,0.0
22/02/1995,0.0
23/02/1995,1.5
24/02/1995,0.5
25/02/1995,32.0
26/02/1995,28.5
27/02/1995,1.0
28/02/1995,0.0
01/03/1995,0.0
02/03/1995,0.0
03/03/1995,0.0
04/03/1995,0.0
05/03/1995,0.0
06/03/1995,0.0
07/03/1995,0.0
08/03/1995,0.0
09/03/1995,0.0
10/03/1995,0.0
11/03/1995,0.0
12/03/1995,0.0
13/03/1995,0.0
14/03/1995,0.0
15/03/1995,0.0
16/03/1995,0.0
17/03/1995,0.0
18/03/1995,2.0
19/03/1995,1.0
20/03/1995,7.0
21/03/1995,1.0
22/03/1995,0.0
23/03/1995,1.5
24/03/1995,5.5
25/03/1995,0.0
26/03/1995,0.0
27/03/1995,0.0
28/03/1995,0.0
29/03/1995,0.0
30/03/1995,0.0
31/03/1995,0.0
01/04/1995,0.0
02/04/1995,0.0
03/04/1995,0.0
04/04/1995,0.0
05/04/1995,0.0
06/04/1995,0.0
07/04/1995,0.0
08/04/1995,0.0
09/04/1995,0.5
10/04/1995,0.0
11/04/1995,9.0
12/04/1995,0.0
13/04/1995,0.0
14/04/1995,0.0
15/04/1995,0.0
16/04/1995,0.0
17/04/1995,0.0
18/04/1995,0.0
19/04/1995,0.0
20/04/1995,0.0
21/04/1995,0.0
22/04/1995,0.0
23/04/1995,0.0
24/04/1995,0.0
25/04/1995,0.0
26/04/1995,0.0
27/04/1995,0.0
28/04/1995,38.5
29/04/1995,0.0
30/04/1995,7.0
01/05/1995,0.8
02/05/1995,0.2
03/05/1995,0.0
04/05/1995,0.0
05/05/1995,0.0
06/05/1995,0.0
07/05/1995,44.5
08/05/1995,0.5
09/05/1995,0.0
10/05/1995,4.0
11/05/1995,3.0
12/05/1995,0.0
13/05/1995,6.5
14/05/1995,0.0
15/05/1995,16.0
16/05/1995,0.0
17/05/1995,0.0
18/05/1995,0.0
19/05/1995,0.0
20/05/1995,0.0
21/05/1995,0.0
22/05/1995,18.5
23/05/1995,1.0
24/05/1995,7.5
25/05/1995,12.0
26/05/1995,0.0
27/05/1995,10.5
28/05/1995,0.0
29/05/1995,0.0
30/05/1995,0.0
31/05/1995,0.5
01/06/1995,0.5
02/06/1995,12.0
03/06/1995,22.5
04/06/1995,13.0
05/06/1995,4.0
06/06/1995,0.0
07/06/1995,0.0
08/06/1995,0.0
09/06/1995,19.0
10/06/1995,29.5
11/06/1995,0.0
12/06/1995,7.5
13/06/1995,0.0
14/06/1995,56.5
15/06/1995,49.5
16/06/1995,57.5
17/06/1995,0.0
18/06/1995,0.0
19/06/1995,0.0
20/06/1995,4.0
21/06/1995,0.0
22/06/1995,0.0
23/06/1995,0.0
24/06/1995,13.5
25/06/1995,0.5
26/06/1995,0.0
27/06/1995,0.0
28/06/1995,0.0
29/06/1995,0.0
30/06/1995,0.0
01/07/1995,6.5
02/07/1995,0.0
03/07/1995,0.0
04/07/1995,30.5
05/07/1995,0.0
06/07/1995,2.0
07/07/1995,0.0
08/07/1995,4.0
09/07/1995,0.0
10/07/1995,0.0
11/07/1995,0.0
12/07/1995,1.0
13/07/1995,0.5
14/07/1995,34.0
15/07/1995,30.5
16/07/1995,6.0
17/07/1995,6.0
18/07/1995,0.0
19/07/1995,0.0
20/07/1995,1.5
21/07/1995,0.0
22/07/1995,19.5
23/07/1995,24.5
24/07/1995,0.5
25/07/1995,0.0
26/07/1995,39.5
27/07/1995,0.0
28/07/1995,34.0
29/07/1995,38.5
30/07/1995,1.5
31/07/1995,35.5
01/08/1995,0.0
02/08/1995,0.0
03/08/1995,0.0
04/08/1995,31.0
05/08/1995,9.8
06/08/1995,23.7
07/08/1995,20.4
08/08/1995,28.6
09/08/1995,0.0
10/08/1995,0.0
11/08/1995,0.0
12/08/1995,0.0
13/08/1995,0.0
14/08/1995,0.0
15/08/1995,2.0
16/08/1995,0.0
17/08/1995,0.0
18/08/1995,6.3
19/08/1995,27.7
20/08/1995,27.0
21/08/1995,39.5
22/08/1995,10.0
23/08/1995,0.9
24/08/1995,2.6
25/08/1995,10.5
26/08/1995,20.0
27/08/1995,0.0
28/08/1995,8.4
29/08/1995,4.6
30/08/1995,0.0
31/08/1995,7.5
01/09/1995,39.5
02/09/1995,0.0
03/09/1995,1.0
04/09/1995,24.5
05/09/1995,1.0
06/09/1995,16.0
07/09/1995,4.0
08/09/1995,0.5
09/09/1995,21.5
10/09/1995,0.0
11/09/1995,0.0
12/09/1995,0.0
13/09/1995,0.0
14/09/1995,0.0
15/09/1995,0.0
16/09/1995,0.0
17/09/1995,0.0
18/09/1995,0.0
19/09/1995,0.0
20/09/1995,0.0
21/09/1995,0.0
22/09/1995,0.0
23/09/1995,0.5
24/09/1995,6.9
25/09/1995,3.1
26/09/1995,1.5
27/09/1995,0.0
28/09/1995,4.5
29/09/1995,17.5
30/09/1995,7.5
01/10/1995,40.4
02/10/1995,19.1
03/10/1995,0.0
04/10/1995,0.0
05/10/1995,65.5
06/10/1995,0.0
07/10/1995,0.0
08/10/1995,29.5
09/10/1995,27.5
10/10/1995,24.0
11/10/1995,4.9
12/10/1995,5.3
13/10/1995,1.8
14/10/1995,23.5
15/10/1995,3.5
16/10/1995,1.0
17/10/1995,1.5
18/10/1995,0.0
19/10/1995,6.5
20/10/1995,0.0
21/10/1995,0.0
22/10/1995,0.0
23/10/1995,15.5
24/10/1995,1.0
25/10/1995,0.5
26/10/1995,0.0
27/10/1995,2.5
28/10/1995,0.0
29/10/1995,0.0
30/10/1995,23.5
31/10/1995,0.0
01/11/1995,37.5
02/11/1995,5.0
03/11/1995,5.0
04/11/1995,31.0
05/11/1995,20.5
06/11/1995,2.5
07/11/1995,0.0
08/11/1995,0.5
09/11/1995,2.0
10/11/1995,7.5
11/11/1995,4.0
12/11/1995,30.0
13/11/1995,10.0
14/11/1995,29.1
15/11/1995,84.7
16/11/1995,98.6
17/11/1995,247.8
18/11/1995,91.1
19/11/1995,61.7
20/11/1995,53.9
21/11/1995,30.6
22/11/1995,12.5
23/11/1995,1.5
24/11/1995,127.0
25/11/1995,123.5
26/11/1995,9.5
27/11/1995,0.0
28/11/1995,0.0
29/11/1995,0.0
30/11/1995,0.0
01/12/1995,5.3
02/12/1995,4.7
03/12/1995,109.5
04/12/1995,18.0
05/12/1995,15.0
06/12/1995,65.9
07/12/1995,245.1
08/12/1995,50.0
09/12/1995,0.0
10/12/1995,0.0
11/12/1995,0.0
12/12/1995,0.0
13/12/1995,0.0
14/12/1995,0.0
15/12/1995,0.0
16/12/1995,0.0
17/12/1995,0.0
18/12/1995,16.0
19/12/1995,7.6
20/12/1995,17.2
21/12/1995,76.2
22/12/1995,31.0
23/12/1995,231.0
24/12/1995,0.0
25/12/1995,0.5
26/12/1995,0.5
27/12/1995,0.5
28/12/1995,0.0
29/12/1995,0.0
30/12/1995,50.0
31/12/1995,0.0
06/01/1996,0.0
07/01/1996,0.0
08/01/1996,11.0
09/01/1996,12.0
10/01/1996,0.0
11/01/1996,0.5
12/01/1996,2.0
13/01/1996,0.0
14/01/1996,0.0
15/01/1996,0.0
16/01/1996,0.0
17/01/1996,0.0
18/01/1996,0.0
19/01/1996,0.0
20/01/1996,0.0
21/01/1996,0.0
22/01/1996,0.0
23/01/1996,0.0
24/01/1996,14.4
25/01/1996,20.6
26/01/1996,0.0
27/01/1996,2.2
28/01/1996,68.8
29/01/1996,11.8
30/01/1996,0.2
31/01/1996,4.5
01/02/1996,10.5
02/02/1996,0.0
03/02/1996,0.0
04/02/1996,0.0
05/02/1996,0.0
06/02/1996,0.0
07/02/1996,0.0
08/02/1996,0.0
09/02/1996,0.0
10/02/1996,3.0
11/02/1996,8.5
12/02/1996,0.0
13/02/1996,0.5
14/02/1996,0.0
15/02/1996,0.0
16/02/1996,0.0
17/02/1996,0.0
18/02/1996,0.0
19/02/1996,0.0
20/02/1996,1.0
21/02/1996,7.0
22/02/1996,0.0
23/02/1996,0.0
24/02/1996,0.0
25/02/1996,0.0
26/02/1996,0.0
27/02/1996,0.0
28/02/1996,0.0
29/02/1996,0.0
01/03/1996,0.0
02/03/1996,0.0
03/03/1996,0.0
04/03/1996,0.0
05/03/1996,0.0
06/03/1996,0.0
07/03/1996,0.0
08/03/1996,0.0
09/03/1996,0.0
10/03/1996,0.0
11/03/1996,0.0
12/03/1996,0.0
13/03/1996,0.0
14/03/1996,0.0
15/03/1996,0.0
16/03/1996,0.0
17/03/1996,0.0
18/03/1996,0.0
19/03/1996,0.0
20/03/1996,0.0
21/03/1996,0.0
22/03/1996,0.0
30/03/1996,0.0
31/03/1996,0.0
01/04/1996,0.0
02/04/1996,0.0
03/04/1996,0.0
04/04/1996,0.0
05/04/1996,0.0
06/04/1996,0.0
07/04/1996,0.0
08/04/1996,0.0
09/04/1996,0.0
10/04/1996,0.0
11/04/1996,0.0
12/04/1996,0.0
13/04/1996,0.0
14/04/1996,0.0
15/04/1996,0.0
16/04/1996,0.0
17/04/1996,0.0
18/04/1996,0.0
19/04/1996,0.0
20/04/1996,0.0
21/04/1996,0.0
22/04/1996,0.0
23/04/1996,5.0
24/04/1996,0.0
25/04/1996,0.0
26/04/1996,0.0
27/04/1996,0.0
28/04/1996,0.0
29/04/1996,0.0
30/04/1996,5.0
01/05/1996,0.0
02/05/1996,85.5
03/05/1996,0.0
04/05/1996,0.0
05/05/1996,4.0
06/05/1996,43.5
07/05/1996,15.5
08/05/1996,1.0
09/05/1996,0.0
10/05/1996,25.0
11/05/1996,2.0
12/05/1996,46.0
13/05/1996,11.5
14/05/1996,20.0
15/05/1996,13.5
16/05/1996,0.0
17/05/1996,7.5
18/05/1996,3.5
19/05/1996,1.5
20/05/1996,4.5
21/05/1996,4.5
22/05/1996,11.5
23/05/1996,10.0
24/05/1996,0.0
25/05/1996,0.0
26/05/1996,0.0
27/05/1996,0.0
28/05/1996,0.0
29/05/1996,0.0
30/05/1996,0.0
31/05/1996,0.0
01/06/1996,0.0
02/06/1996,27.0
03/06/1996,0.0
04/06/1996,0.0
05/06/1996,0.0
06/06/1996,0.0
07/06/1996,0.0
08/06/1996,1.5
09/06/1996,21.2
10/06/1996,2.3
11/06/1996,0.0
12/06/1996,0.0
13/06/1996,4.0
14/06/1996,0.0
15/06/1996,0.0
16/06/1996,16.0
17/06/1996,0.0
18/06/1996,0.0
19/06/1996,9.0
20/06/1996,0.0
21/06/1996,0.0
22/06/1996,0.0
23/06/1996,17.5
24/06/1996,20.0
25/06/1996,0.0
26/06/1996,0.0
27/06/1996,0.0
28/06/1996,0.0
29/06/1996,0.0
30/06/1996,0.0
01/07/1996,0.0
02/07/1996,0.0
03/07/1996,0.0
04/07/1996,0.0
05/07/1996,0.0
06/07/1996,0.0
07/07/1996,21.7
08/07/1996,25.8
09/07/1996,3.5
10/07/1996,9.8
11/07/1996,15.2
12/07/1996,0.5
13/07/1996,0.0
14/07/1996,0.0
15/07/1996,11.5
16/07/1996,0.0
17/07/1996,3.0
18/07/1996,0.0
19/07/1996,0.0
20/07/1996,0.0
21/07/1996,5.0
22/07/1996,0.0
23/07/1996,0.0
24/07/1996,0.0
25/07/1996,0.0
26/07/1996,0.0
27/07/1996,0.0
28/07/1996,0.0
29/07/1996,0.0
30/07/1996,0.0
31/07/1996,2.5
01/08/1996,0.0
02/08/1996,0.0
03/08/1996,1.5
04/08/1996,0.0
05/08/1996,0.0
06/08/1996,0.0
07/08/1996,5.0
08/08/1996,0.0
09/08/1996,0.0
10/08/1996,14.5
11/08/1996,41.5
12/08/1996,5.0
13/08/1996,30.5
14/08/1996,19.5
15/08/1996,0.0
16/08/1996,0.0
17/08/1996,0.0
18/08/1996,0.0
19/08/1996,0.0
20/08/1996,0.0
21/08/1996,0.0
22/08/1996,0.0
23/08/1996,0.0
24/08/1996,85.5
25/08/1996,0.0
26/08/1996,0.0
27/08/1996,0.0
28/08/1996,0.0
29/08/1996,58.0
30/08/1996,20.0
31/08/1996,0.0
01/09/1996,0.0
02/09/1996,51.0
03/09/1996,0.0
04/09/1996,0.0
05/09/1996,49.5
06/09/1996,50.0
07/09/1996,2.0
08/09/1996,5.0
09/09/1996,62.5
10/09/1996,0.0
11/09/1996,0.0
12/09/1996,0.0
13/09/1996,0.0
14/09/1996,0.0
15/09/1996,4.0
16/09/1996,55.0
17/09/1996,7.0
18/09/1996,2.5
19/09/1996,8.0
20/09/1996,0.0
21/09/1996,0.0
22/09/1996,0.0
23/09/1996,0.0
24/09/1996,0.0
25/09/1996,0.0
26/09/1996,33.5
27/09/1996,12.0
28/09/1996,0.0
29/09/1996,0.0
30/09/1996,0.0
01/10/1996,0.0
02/10/1996,0.0
03/10/1996,0.0
04/10/1996,0.0
05/10/1996,0.0
06/10/1996,0.0
07/10/1996,0.0
08/10/1996,0.5
09/10/1996,33.5
10/10/1996,0.0
11/10/1996,0.0
12/10/1996,0.0
13/10/1996,0.0
14/10/1996,4.5
15/10/1996,0.0
16/10/1996,0.0
17/10/1996,46.5
18/10/1996,14.5
19/10/1996,46.0
20/10/1996,11.0
21/10/1996,124.5
22/10/1996,0.0
23/10/1996,12.0
24/10/1996,35.5
25/10/1996,54.0
26/10/1996,67.0
27/10/1996,1.0
28/10/1996,1.0
29/10/1996,0.0
30/10/1996,50.0
31/10/1996,8.5
01/11/1996,60.5
02/11/1996,0.0
03/11/1996,0.0
04/11/1996,0.0
05/11/1996,0.0
06/11/1996,0.0
07/11/1996,0.0
08/11/1996,0.5
09/11/1996,9.0
10/11/1996,3.0
11/11/1996,0.0
12/11/1996,3.0
13/11/1996,2.0
14/11/1996,0.5
15/11/1996,0.0
16/11/1996,0.0
17/11/1996,0.0
18/11/1996,0.9
19/11/1996,46.6
20/11/1996,15.0
21/11/1996,24.3
22/11/1996,12.7
23/11/1996,0.0
24/11/1996,3.0
25/11/1996,2.0
26/11/1996,18.1
27/11/1996,0.4
28/11/1996,0.0
29/11/1996,0.0
30/11/1996,8.5
01/12/1996,0.0
02/12/1996,0.0
03/12/1996,4.1
04/12/1996,12.9
05/12/1996,1.0
06/12/1996,1.5
07/12/1996,23.9
08/12/1996,290.6
09/12/1996,5.5
10/12/1996,12.5
11/12/1996,41.5
12/12/1996,109.5
13/12/1996,11.1
14/12/1996,128.7
15/12/1996,52.7
16/12/1996,0.0
17/12/1996,0.0
18/12/1996,16.0
19/12/1996,34.0
20/12/1996,102.9
21/12/1996,158.6
22/12/1996,191.5
23/12/1996,0.0
24/12/1996,0.0
25/12/1996,0.0
26/12/1996,1.5
27/12/1996,0.0
28/12/1996,1.0
29/12/1996,2.0
30/12/1996,1.0
31/12/1996,0.0
23/03/1997,0.0
24/03/1997,0.0
25/03/1997,0.0
26/03/1997,2.0
27/03/1997,0.0
28/03/1997,11.0
29/03/1997,0.0
30/03/1997,7.5
31/03/1997,0.5
01/04/1997,77.5
02/04/1997,0.0
03/04/1997,0.0
04/04/1997,0.0
15/06/1997,0.0
16/06/1997,0.5
17/06/1997,0.0
18/06/1997,11.0
19/06/1997,1.5
20/06/1997,0.5
21/06/1997,36.5
22/06/1997,2.5
23/06/1997,38.0
24/06/1997,15.5
25/06/1997,0.0
26/06/1997,1.5
27/06/1997,0.0
28/06/1997,16.0
29/06/1997,0.5
30/06/1997,10.0
01/07/1997,7.0
02/07/1997,3.5
03/07/1997,3.0
04/07/1997,0.0
05/07/1997,0.0
06/07/1997,28.0
07/07/1997,29.0
08/07/1997,0.0
09/07/1997,25.5
10/07/1997,0.5
11/07/1997,0.0
12/07/1997,0.0
13/07/1997,0.0
14/07/1997,0.0
15/07/1997,0.0
16/07/1997,0.0
17/07/1997,0.0
18/07/1997,0.0
19/07/1997,0.0
20/07/1997,4.0
21/07/1997,10.0
22/07/1997,18.0
23/07/1997,10.5
24/07/1997,1.5
25/07/1997,74.5
26/07/1997,0.5
27/07/1997,0.0
28/07/1997,0.0
29/07/1997,6.0
30/07/1997,0.0
31/07/1997,0.0
01/08/1997,0.0
02/08/1997,0.0
03/08/1997,0.0
04/08/1997,0.0
05/08/1997,0.5
06/08/1997,35.5
07/08/1997,0.0
08/08/1997,25.2
09/08/1997,8.3
10/08/1997,2.5
11/08/1997,4.5
12/08/1997,0.0
13/08/1997,3.0
14/08/1997,3.0
15/08/1997,0.5
16/08/1997,4.0
17/08/1997,4.5
18/08/1997,3.0
19/08/1997,2.0
20/08/1997,19.9
21/08/1997,12.1
22/08/1997,29.0
23/08/1997,9.5
24/08/1997,2.5
25/08/1997,0.0
26/08/1997,0.0
27/08/1997,27.5
28/08/1997,2.0
29/08/1997,0.0
30/08/1997,2.0
31/08/1997,0.0
01/09/1997,36.5
02/09/1997,0.0
03/09/1997,52.0
04/09/1997,0.5
05/09/1997,0.0
06/09/1997,0.0
07/09/1997,0.0
08/09/1997,0.0
09/09/1997,0.0
10/09/1997,0.0
11/09/1997,1.5
12/09/1997,1.0
13/09/1997,0.0
14/09/1997,0.0
15/09/1997,0.0
16/09/1997,1.5
17/09/1997,59.0
18/09/1997,3.5
19/09/1997,9.3
20/09/1997,12.7
21/09/1997,1.5
22/09/1997,0.0
23/09/1997,0.0
24/09/1997,0.0
25/09/1997,0.0
26/09/1997,38.5
27/09/1997,1.5
28/09/1997,5.5
29/09/1997,9.0
30/09/1997,0.0
01/10/1997,0.0
02/10/1997,7.5
03/10/1997,2.0
04/10/1997,20.0
05/10/1997,0.0
06/10/1997,1.5
07/10/1997,3.5
08/10/1997,21.5
09/10/1997,8.0
10/10/1997,0.0
11/10/1997,0.0
12/10/1997,3.0
13/10/1997,2.5
14/10/1997,0.0
15/10/1997,0.0
16/10/1997,3.0
17/10/1997,27.0
18/10/1997,19.5
19/10/1997,0.0
20/10/1997,0.0
21/10/1997,0.0
22/10/1997,0.0
23/10/1997,0.0
24/10/1997,0.0
25/10/1997,0.0
26/10/1997,0.0
27/10/1997,0.0
28/10/1997,0.0
29/10/1997,14.0
30/10/1997,12.5
31/10/1997,0.5
01/11/1997,42.0
02/11/1997,10.5
03/11/1997,21.0
04/11/1997,5.0
05/11/1997,23.5
06/11/1997,19.5
07/11/1997,2.5
08/11/1997,1.5
09/11/1997,11.5
10/11/1997,8.0
11/11/1997,6.5
12/11/1997,9.0
13/11/1997,0.5
14/11/1997,10.5
15/11/1997,5.0
16/11/1997,0.0
17/11/1997,0.0
18/11/1997,29.0
19/11/1997,94.0
20/11/1997,80.5
21/11/1997,22.5
22/11/1997,0.0
23/11/1997,1.1
24/11/1997,39.3
25/11/1997,31.1
26/11/1997,0.0
27/11/1997,0.0
28/11/1997,0.0
29/11/1997,0.0
30/11/1997,0.0
01/12/1997,61.0
02/12/1997,164.5
03/12/1997,140.7
04/12/1997,96.2
05/12/1997,189.0
06/12/1997,45.0
07/12/1997,3.5
08/12/1997,0.0
09/12/1997,19.5
10/12/1997,21.5
11/12/1997,38.6
12/12/1997,5.4
13/12/1997,11.5
14/12/1997,2.5
15/12/1997,28.5
16/12/1997,8.5
17/12/1997,17.5
18/12/1997,228.4
19/12/1997,100.1
20/12/1997,13.5
21/12/1997,0.0
22/12/1997,0.0
23/12/1997,0.0
24/12/1997,36.5
25/12/1997,0.0
26/12/1997,0.0
27/12/1997,0.0
28/12/1997,0.0
29/12/1997,81.5
30/12/1997,99.5
31/12/1997,30.5
01/01/1998,23.0
02/01/1998,11.0
03/01/1998,17.5
04/01/1998,22.5
05/01/1998,11.0
06/01/1998,21.5
07/01/1998,14.5
08/01/1998,3.5
09/01/1998,0.0
10/01/1998,0.0
11/01/1998,10.5
12/01/1998,0.5
13/01/1998,13.5
14/01/1998,0.0
15/01/1998,0.0
16/01/1998,0.0
17/01/1998,0.0
18/01/1998,0.0
19/01/1998,0.0
20/01/1998,0.0
21/01/1998,1.0
22/01/1998,8.0
23/01/1998,0.0
24/01/1998,5.5
25/01/1998,5.0
26/01/1998,0.5
27/01/1998,6.5
28/01/1998,5.0
29/01/1998,10.5
30/01/1998,1.5
31/01/1998,8.0
01/02/1998,0.0
02/02/1998,0.5
03/02/1998,0.5
04/02/1998,12.5
05/02/1998,0.0
06/02/1998,0.0
07/02/1998,0.0
08/02/1998,0.0
09/02/1998,0.0
10/02/1998,0.0
11/02/1998,0.0
12/02/1998,0.0
13/02/1998,1.5
14/02/1998,0.0
15/02/1998,0.0
16/02/1998,0.0
17/02/1998,0.0
18/02/1998,0.0
19/02/1998,0.0
20/02/1998,0.0
21/02/1998,0.0
22/02/1998,0.0
23/02/1998,0.0
24/02/1998,0.0
25/02/1998,0.0
26/02/1998,0.0
27/02/1998,0.0
28/02/1998,0.0
01/03/1998,0.0
02/03/1998,0.0
03/03/1998,0.0
04/03/1998,0.0
05/03/1998,0.0
06/03/1998,0.0
07/03/1998,0.0
08/03/1998,0.0
09/03/1998,4.0
10/03/1998,0.0
11/03/1998,0.0
12/03/1998,0.0
13/03/1998,0.0
14/03/1998,0.0
15/03/1998,0.0
16/03/1998,0.0
17/03/1998,0.0
18/03/1998,0.0
19/03/1998,0.0
20/03/1998,0.0
21/03/1998,0.0
22/03/1998,0.0
23/03/1998,0.0
24/03/1998,0.0
25/03/1998,0.0
26/03/1998,45.0
27/03/1998,4.0
28/03/1998,0.5
29/03/1998,0.0
30/03/1998,3.5
31/03/1998,9.0
01/04/1998,0.0
02/04/1998,0.0
03/04/1998,7.0
04/04/1998,0.0
05/04/1998,0.0
06/04/1998,0.0
07/04/1998,0.0
08/04/1998,0.0
09/04/1998,0.0
10/04/1998,0.0
11/04/1998,0.0
12/04/1998,0.0
13/04/1998,0.0
14/04/1998,0.0
15/04/1998,0.0
16/04/1998,0.0
17/04/1998,0.0
18/04/1998,0.0
19/04/1998,0.0
20/04/1998,0.0
21/04/1998,0.0
22/04/1998,0.0
23/04/1998,0.0
24/04/1998,0.0
25/04/1998,0.0
26/04/1998,0.0
27/04/1998,0.0
28/04/1998,0.0
29/04/1998,0.0
30/04/1998,0.0
01/05/1998,0.0
02/05/1998,0.0
03/05/1998,0.0
04/05/1998,0.0
05/05/1998,0.0
06/05/1998,6.5
07/05/1998,0.0
08/05/1998,0.0
09/05/1998,1.5
10/05/1998,3.5
11/05/1998,22.5
12/05/1998,0.0
13/05/1998,0.0
14/05/1998,0.0
15/05/1998,0.0
16/05/1998,0.0
17/05/1998,0.0
18/05/1998,0.0
19/05/1998,0.0
20/05/1998,0.0
21/05/1998,0.0
22/05/1998,0.0
23/05/1998,0.0
24/05/1998,2.0
25/05/1998,0.0
26/05/1998,7.5
27/05/1998,33.0
28/05/1998,0.5
29/05/1998,1.5
30/05/1998,3.0
31/05/1998,6.5
01/06/1998,10.5
02/06/1998,0.0
03/06/1998,68.5
04/06/1998,0.0
05/06/1998,0.0
06/06/1998,10.0
07/06/1998,9.0
08/06/1998,0.0
09/06/1998,66.5
10/06/1998,0.0
11/06/1998,11.5
12/06/1998,0.0
13/06/1998,22.5
14/06/1998,0.5
15/06/1998,0.0
16/06/1998,1.0
17/06/1998,16.5
18/06/1998,0.0
19/06/1998,0.0
20/06/1998,4.5
21/06/1998,28.5
22/06/1998,0.0
23/06/1998,35.1
24/06/1998,4.9
25/06/1998,3.5
26/06/1998,17.5
27/06/1998,38.0
28/06/1998,9.5
29/06/1998,0.5
30/06/1998,29.0
01/07/1998,35.0
02/07/1998,14.5
03/07/1998,0.0
04/07/1998,8.0
05/07/1998,17.0
06/07/1998,7.5
07/07/1998,6.0
08/07/1998,1.0
09/07/1998,0.5
10/07/1998,0.0
11/07/1998,0.0
12/07/1998,0.0
13/07/1998,0.0
14/07/1998,0.0
15/07/1998,0.0
16/07/1998,0.0
17/07/1998,0.0
18/07/1998,0.0
19/07/1998,0.0
20/07/1998,0.0
21/07/1998,0.0
22/07/1998,0.4
23/07/1998,7.2
24/07/1998,53.1
25/07/1998,0.0
26/07/1998,17.1
27/07/1998,0.0
28/07/1998,0.0
29/07/1998,1.7
30/07/1998,16.0
31/07/1998,17.9
01/08/1998,0.5
02/08/1998,65.5
03/08/1998,0.7
04/08/1998,0.0
05/08/1998,0.4
06/08/1998,19.6
07/08/1998,23.8
08/08/1998,0.0
09/08/1998,13.3
10/08/1998,49.9
11/08/1998,0.0
12/08/1998,0.0
13/08/1998,4.5
14/08/1998,3.4
15/08/1998,25.4
16/08/1998,0.0
17/08/1998,0.0
18/08/1998,0.0
19/08/1998,12.6
20/08/1998,0.0
21/08/1998,6.6
22/08/1998,0.0
23/08/1998,0.0
24/08/1998,0.0
25/08/1998,37.3
26/08/1998,0.0
27/08/1998,0.0
28/08/1998,0.0
29/08/1998,0.0
30/08/1998,18.9
31/08/1998,0.7
01/09/1998,1.3
02/09/1998,22.7
03/09/1998,3.2
04/09/1998,0.0
05/09/1998,6.9
06/09/1998,6.4
07/09/1998,0.0
08/09/1998,0.0
09/09/1998,43.9
10/09/1998,0.4
11/09/1998,2.2
12/09/1998,2.1
13/09/1998,55.3
14/09/1998,8.3
15/09/1998,2.5
16/09/1998,10.5
17/09/1998,0.0
18/09/1998,2.8
19/09/1998,50.0
20/09/1998,48.6
21/09/1998,5.6
22/09/1998,0.0
23/09/1998,0.0
24/09/1998,30.2
25/09/1998,26.6
26/09/1998,133.4
27/09/1998,3.9
28/09/1998,0.0
29/09/1998,21.9
30/09/1998,1.4
01/10/1998,0.0
02/10/1998,7.4
03/10/1998,8.1
04/10/1998,0.0
05/10/1998,46.8
06/10/1998,25.5
07/10/1998,20.2
08/10/1998,0.8
09/10/1998,37.3
10/10/1998,9.0
11/10/1998,5.6
12/10/1998,0.0
13/10/1998,0.0
14/10/1998,30.9
15/10/1998,13.5
16/10/1998,1.8
17/10/1998,0.0
18/10/1998,0.0
19/10/1998,18.5
20/10/1998,0.0
21/10/1998,9.5
22/10/1998,18.1
23/10/1998,15.3
24/10/1998,0.0
25/10/1998,20.1
26/10/1998,34.1
27/10/1998,1.9
28/10/1998,4.6
29/10/1998,33.7
30/10/1998,0.0
31/10/1998,12.8
01/11/1998,6.7
02/11/1998,0.0
03/11/1998,8.5
04/11/1998,16.9
05/11/1998,52.5
06/11/1998,0.0
07/11/1998,6.9
08/11/1998,3.9
09/11/1998,0.0
10/11/1998,67.5
11/11/1998,40.6
12/11/1998,2.0
13/11/1998,0.0
14/11/1998,0.0
15/11/1998,59.8
16/11/1998,0.8
17/11/1998,30.9
18/11/1998,25.0
19/11/1998,18.7
20/11/1998,1.7
21/11/1998,0.0
22/11/1998,2.0
23/11/1998,0.8
24/11/1998,0.0
25/11/1998,0.0
26/11/1998,6.1
27/11/1998,18.0
28/11/1998,10.7
29/11/1998,7.1
30/11/1998,0.0
01/12/1998,0.0
02/12/1998,0.0
03/12/1998,12.9
04/12/1998,18.1
05/12/1998,97.8
06/12/1998,77.8
07/12/1998,74.5
08/12/1998,31.6
09/12/1998,0.0
10/12/1998,4.7
11/12/1998,0.0
12/12/1998,42.6
13/12/1998,14.8
14/12/1998,3.0
15/12/1998,11.7
16/12/1998,5.1
17/12/1998,8.8
18/12/1998,71.3
19/12/1998,0.0
20/12/1998,0.0
21/12/1998,0.0
22/12/1998,28.7
23/12/1998,13.6
24/12/1998,0.7
25/12/1998,42.6
26/12/1998,13.4
27/12/1998,29.3
28/12/1998,58.0
29/12/1998,14.6
30/12/1998,79.6
31/12/1998,97.0
01/01/1999,14.2
02/01/1999,6.2
03/01/1999,30.4
04/01/1999,0.0
05/01/1999,0.0
06/01/1999,0.0
07/01/1999,0.0
08/01/1999,0.0
09/01/1999,8.9
10/01/1999,0.6
11/01/1999,0.0
12/01/1999,1.5
13/01/1999,1.3
14/01/1999,15.4
15/01/1999,5.4
16/01/1999,14.6
17/01/1999,28.1
18/01/1999,19.1
19/01/1999,11.5
20/01/1999,7.9
21/01/1999,37.2
22/01/1999,53.1
23/01/1999,1.0
24/01/1999,0.0
25/01/1999,8.0
26/01/1999,2.6
27/01/1999,6.5
28/01/1999,69.6
29/01/1999,2.3
30/01/1999,0.0
31/01/1999,7.0
01/02/1999,0.3
02/02/1999,17.6
03/02/1999,4.3
04/02/1999,1.0
05/02/1999,3.5
06/02/1999,0.5
07/02/1999,0.0
08/02/1999,0.0
09/02/1999,0.0
10/02/1999,2.5
11/02/1999,94.2
12/02/1999,98.7
13/02/1999,139.4
14/02/1999,15.8
15/02/1999,0.6
16/02/1999,1.9
17/02/1999,0.0
18/02/1999,0.0
19/02/1999,0.0
20/02/1999,1.7
21/02/1999,0.0
22/02/1999,9.2
23/02/1999,1.8
24/02/1999,0.0
25/02/1999,2.8
26/02/1999,0.7
27/02/1999,0.0
28/02/1999,17.7
01/03/1999,7.8
02/03/1999,0.0
03/03/1999,0.0
04/03/1999,0.0
05/03/1999,5.6
06/03/1999,2.9
07/03/1999,7.1
08/03/1999,0.0
09/03/1999,0.0
10/03/1999,0.0
11/03/1999,0.0
12/03/1999,0.0
13/03/1999,0.0
14/03/1999,0.0
15/03/1999,0.0
16/03/1999,0.0
17/03/1999,0.0
18/03/1999,0.0
19/03/1999,0.0
20/03/1999,0.0
21/03/1999,0.0
22/03/1999,5.0
23/03/1999,49.4
24/03/1999,0.0
25/03/1999,0.0
26/03/1999,0.0
27/03/1999,0.0
28/03/1999,0.0
29/03/1999,0.0
30/03/1999,0.0
31/03/1999,11.1
01/04/1999,2.3
02/04/1999,0.0
03/04/1999,0.5
04/04/1999,17.8
05/04/1999,0.6
06/04/1999,0.0
07/04/1999,6.3
08/04/1999,5.2
09/04/1999,0.0
10/04/1999,0.0
11/04/1999,41.3
12/04/1999,28.9
13/04/1999,0.5
14/04/1999,6.6
15/04/1999,47.2
16/04/1999,7.1
17/04/1999,2.9
18/04/1999,0.0
19/04/1999,7.3
20/04/1999,0.0
21/04/1999,0.6
22/04/1999,0.0
23/04/1999,0.0
24/04/1999,0.0
25/04/1999,0.0
26/04/1999,0.0
27/04/1999,0.0
28/04/1999,0.0
29/04/1999,10.4
30/04/1999,0.0
01/05/1999,0.0
02/05/1999,0.0
03/05/1999,0.0
04/05/1999,0.0
05/05/1999,0.0
06/05/1999,0.0
07/05/1999,0.0
08/05/1999,54.9
09/05/1999,0.0
10/05/1999,2.0
11/05/1999,0.5
12/05/1999,0.0
13/05/1999,0.0
14/05/1999,0.0
15/05/1999,18.0
16/05/1999,9.9
17/05/1999,5.2
18/05/1999,1.0
19/05/1999,0.0
20/05/1999,30.7
21/05/1999,21.5
22/05/1999,0.0
23/05/1999,12.9
24/05/1999,29.0
25/05/1999,11.7
26/05/1999,0.0
27/05/1999,0.0
28/05/1999,0.0
29/05/1999,0.0
30/05/1999,28.6
31/05/1999,5.5
01/06/1999,0.0
02/06/1999,21.1
03/06/1999,0.0
04/06/1999,0.0
05/06/1999,0.0
06/06/1999,0.0
07/06/1999,0.0
08/06/1999,0.0
09/06/1999,0.0
10/06/1999,13.5
11/06/1999,9.8
12/06/1999,3.5
13/06/1999,0.0
14/06/1999,0.0
15/06/1999,18.4
16/06/1999,21.5
17/06/1999,0.0
18/06/1999,11.0
19/06/1999,16.7
20/06/1999,0.0
21/06/1999,0.0
22/06/1999,69.0
23/06/1999,0.0
24/06/1999,0.0
25/06/1999,0.0
26/06/1999,12.1
27/06/1999,0.0
28/06/1999,17.5
29/06/1999,1.5
30/06/1999,7.4
01/07/1999,1.3
02/07/1999,0.0
03/07/1999,3.5
04/07/1999,0.0
05/07/1999,1.5
06/07/1999,3.3
07/07/1999,0.0
08/07/1999,0.0
09/07/1999,0.0
10/07/1999,3.2
11/07/1999,1.4
12/07/1999,0.0
13/07/1999,0.0
14/07/1999,15.8
15/07/1999,22.6
16/07/1999,5.1
17/07/1999,0.0
18/07/1999,4.2
19/07/1999,2.3
20/07/1999,1.8
21/07/1999,7.1
22/07/1999,0.7
23/07/1999,52.0
24/07/1999,0.0
25/07/1999,0.0
26/07/1999,0.0
27/07/1999,2.3
28/07/1999,0.0
29/07/1999,0.9
30/07/1999,0.0
31/07/1999,16.3
01/08/1999,0.0
02/08/1999,2.0
03/08/1999,4.4
04/08/1999,24.4
05/08/1999,6.8
06/08/1999,27.5
07/08/1999,0.0
08/08/1999,0.0
09/08/1999,0.0
10/08/1999,0.0
11/08/1999,0.0
12/08/1999,3.5
13/08/1999,16.1
14/08/1999,36.1
15/08/1999,0.5
16/08/1999,0.0
17/08/1999,10.3
18/08/1999,0.0
19/08/1999,19.9
20/08/1999,27.2
21/08/1999,34.5
22/08/1999,22.6
23/08/1999,2.3
24/08/1999,0.0
25/08/1999,0.0
26/08/1999,4.7
27/08/1999,2.1
28/08/1999,16.1
29/08/1999,20.7
30/08/1999,36.8
31/08/1999,0.8
01/09/1999,0.0
02/09/1999,5.8
03/09/1999,23.8
04/09/1999,0.7
05/09/1999,0.0
06/09/1999,0.0
07/09/1999,22.0
08/09/1999,47.9
09/09/1999,0.0
10/09/1999,0.0
11/09/1999,3.8
12/09/1999,0.8
13/09/1999,2.2
14/09/1999,31.9
15/09/1999,20.7
16/09/1999,0.0
17/09/1999,0.0
18/09/1999,30.0
19/09/1999,15.1
20/09/1999,0.0
21/09/1999,16.5
22/09/1999,2.1
23/09/1999,0.0
24/09/1999,0.0
25/09/1999,14.1
26/09/1999,3.6
27/09/1999,0.7
28/09/1999,0.0
29/09/1999,0.4
30/09/1999,1.0
01/10/1999,0.8
02/10/1999,6.2
03/10/1999,8.9
04/10/1999,19.8
05/10/1999,39.9
06/10/1999,0.6
07/10/1999,0.0
08/10/1999,0.0
09/10/1999,0.0
10/10/1999,0.0
11/10/1999,3.6
12/10/1999,3.5
13/10/1999,2.2
14/10/1999,1.7
15/10/1999,0.3
16/10/1999,51.4
17/10/1999,0.0
18/10/1999,98.1
19/10/1999,0.5
20/10/1999,89.5
21/10/1999,77.8
22/10/1999,4.5
23/10/1999,0.4
24/10/1999,22.0
25/10/1999,14.1
26/10/1999,17.5
27/10/1999,9.4
28/10/1999,14.7
29/10/1999,0.0
30/10/1999,0.0
31/10/1999,5.2
01/11/1999,0.0
02/11/1999,9.7
03/11/1999,0.0
04/11/1999,0.0
05/11/1999,0.0
06/11/1999,0.0
07/11/1999,0.0
08/11/1999,6.2
09/11/1999,3.2
10/11/1999,0.0
11/11/1999,3.8
12/11/1999,0.0
13/11/1999,0.0
14/11/1999,0.0
15/11/1999,3.2
16/11/1999,3.6
17/11/1999,11.5
18/11/1999,56.8
19/11/1999,56.7
20/11/1999,77.6
21/11/1999,45.4
22/11/1999,0.6
23/11/1999,0.0
24/11/1999,0.0
25/11/1999,15.3
26/11/1999,7.2
27/11/1999,27.7
28/11/1999,23.5
29/11/1999,89.7
30/11/1999,127.4
01/12/1999,7.7
02/12/1999,9.5
03/12/1999,27.0
04/12/1999,2.3
05/12/1999,15.9
06/12/1999,31.1
07/12/1999,78.8
08/12/1999,123.9
09/12/1999,0.0
10/12/1999,0.5
11/12/1999,34.3
12/12/1999,53.1
13/12/1999,55.6
14/12/1999,76.5
15/12/1999,134.4
16/12/1999,0.0
17/12/1999,0.0
18/12/1999,0.0
19/12/1999,1.2
20/12/1999,29.3
21/12/1999,64.6
22/12/1999,58.4
23/12/1999,45.1
24/12/1999,29.0
29/12/1999,6.1
30/12/1999,4.7
31/12/1999,18.3
01/01/2000,18.7
02/01/2000,24.0
03/01/2000,42.6
04/01/2000,26.6
05/01/2000,9.0
06/01/2000,25.6
07/01/2000,0.0
08/01/2000,0.0
09/01/2000,0.0
10/01/2000,0.0
11/01/2000,53.9
12/01/2000,7.5
13/01/2000,0.0
14/01/2000,0.0
15/01/2000,0.0
16/01/2000,16.4
17/01/2000,0.0
18/01/2000,1.0
19/01/2000,15.5
20/01/2000,5.0
21/01/2000,0.5
22/01/2000,0.0
23/01/2000,1.0
24/01/2000,11.5
25/01/2000,18.1
26/01/2000,0.5
27/01/2000,0.0
28/01/2000,8.8
29/01/2000,15.5
30/01/2000,7.4
31/01/2000,15.4
01/02/2000,3.1
02/02/2000,2.5
03/02/2000,0.0
04/02/2000,0.0
05/02/2000,0.0
06/02/2000,0.0
07/02/2000,0.0
08/02/2000,0.0
09/02/2000,1.0
10/02/2000,0.6
11/02/2000,0.0
12/02/2000,0.0
13/02/2000,0.5
14/02/2000,0.7
15/02/2000,3.9
16/02/2000,9.6
17/02/2000,0.8
18/02/2000,0.0
19/02/2000,1.3
20/02/2000,0.0
21/02/2000,0.0
22/02/2000,0.0
23/02/2000,0.0
24/02/2000,0.0
25/02/2000,2.9
26/02/2000,0.0
27/02/2000,4.5
28/02/2000,183.4
29/02/2000,23.9
01/03/2000,36.5
02/03/2000,26.4
03/03/2000,1.2
04/03/2000,0.0
05/03/2000,0.0
06/03/2000,0.0
07/03/2000,1.2
08/03/2000,0.0
09/03/2000,0.0
10/03/2000,0.0
11/03/2000,0.0
12/03/2000,9.3
13/03/2000,0.0
14/03/2000,0.0
15/03/2000,7.3
16/03/2000,0.0
17/03/2000,0.0
18/03/2000,0.0
19/03/2000,0.0
20/03/2000,0.0
21/03/2000,0.0
22/03/2000,0.0
23/03/2000,0.0
24/03/2000,19.0
25/03/2000,204.5
26/03/2000,52.9
27/03/2000,80.7
28/03/2000,22.8
29/03/2000,1.8
30/03/2000,8.8
31/03/2000,0.0
01/04/2000,0.0
02/04/2000,0.0
03/04/2000,0.0
04/04/2000,0.8
05/04/2000,0.0
06/04/2000,0.0
07/04/2000,0.0
08/04/2000,0.0
09/04/2000,0.0
10/04/2000,4.2
11/04/2000,81.3
12/04/2000,38.1
13/04/2000,0.0
14/04/2000,6.1
15/04/2000,0.0
16/04/2000,24.8
17/04/2000,0.0
18/04/2000,0.0
19/04/2000,0.0
20/04/2000,0.0
21/04/2000,0.0
22/04/2000,92.7
23/04/2000,34.2
24/04/2000,19.3
25/04/2000,0.0
26/04/2000,0.0
27/04/2000,0.0
04/05/2000,0.0
05/05/2000,0.0
06/05/2000,0.0
07/05/2000,1.1
08/05/2000,18.5
09/05/2000,0.0
10/05/2000,31.5
11/05/2000,18.6
12/05/2000,0.0
13/05/2000,0.0
14/05/2000,0.0
15/05/2000,0.0
16/05/2000,16.3
17/05/2000,1.7
18/05/2000,0.0
19/05/2000,0.0
20/05/2000,4.5
21/05/2000,0.7
22/05/2000,22.9
23/05/2000,0.0
24/05/2000,0.0
25/05/2000,0.0
26/05/2000,0.0
27/05/2000,0.0
28/05/2000,0.0
29/05/2000,3.9
30/05/2000,4.4
31/05/2000,0.4
01/06/2000,35.2
02/06/2000,1.4
03/06/2000,27.0
04/06/2000,52.2
05/06/2000,0.0
06/06/2000,0.0
07/06/2000,2.0
08/06/2000,26.2
09/06/2000,7.0
10/06/2000,0.0
11/06/2000,23.3
12/06/2000,0.0
13/06/2000,1.1
14/06/2000,27.4
15/06/2000,0.0
16/06/2000,0.0
17/06/2000,2.2
18/06/2000,1.8
19/06/2000,3.8
20/06/2000,0.8
21/06/2000,13.4
22/06/2000,84.2
23/06/2000,0.0
24/06/2000,17.5
25/06/2000,1.9
26/06/2000,8.7
27/06/2000,12.6
28/06/2000,0.0
29/06/2000,14.3
30/06/2000,0.0
01/07/2000,4.2
02/07/2000,0.0
03/07/2000,6.1
04/07/2000,20.7
05/07/2000,1.2
06/07/2000,0.0
07/07/2000,0.0
08/07/2000,0.0
09/07/2000,0.0
10/07/2000,0.0
11/07/2000,0.0
12/07/2000,0.0
13/07/2000,0.0
14/07/2000,0.0
15/07/2000,0.0
16/07/2000,0.0
17/07/2000,0.0
18/07/2000,0.0
19/07/2000,0.0
20/07/2000,0.0
21/07/2000,11.3
22/07/2000,7.4
23/07/2000,0.0
24/07/2000,4.0
25/07/2000,7.5
26/07/2000,4.8
27/07/2000,0.6
28/07/2000,13.4
29/07/2000,4.7
30/07/2000,12.2
31/07/2000,10.1
01/08/2000,0.7
02/08/2000,46.5
03/08/2000,38.6
04/08/2000,1.0
05/08/2000,2.6
06/08/2000,15.1
07/08/2000,14.5
08/08/2000,2.5
09/08/2000,0.0
10/08/2000,14.5
11/08/2000,0.0
12/08/2000,2.6
13/08/2000,13.9
14/08/2000,0.8
15/08/2000,28.2
16/08/2000,0.0
17/08/2000,0.0
18/08/2000,0.0
19/08/2000,0.6
20/08/2000,12.4
21/08/2000,6.5
22/08/2000,0.0
23/08/2000,0.0
24/08/2000,0.0
25/08/2000,0.0
26/08/2000,0.4
27/08/2000,9.8
28/08/2000,38.5
29/08/2000,1.0
30/08/2000,0.0
31/08/2000,1.4
01/09/2000,1.4
02/09/2000,0.5
03/09/2000,8.9
04/09/2000,12.0
05/09/2000,7.8
06/09/2000,51.6
07/09/2000,0.0
08/09/2000,0.0
09/09/2000,28.3
10/09/2000,36.8
11/09/2000,0.0
12/09/2000,10.6
13/09/2000,31.4
14/09/2000,0.0
15/09/2000,5.3
16/09/2000,25.3
17/09/2000,3.2
18/09/2000,3.9
19/09/2000,0.9
20/09/2000,0.0
21/09/2000,6.0
22/09/2000,9.1
23/09/2000,79.9
24/09/2000,0.0
25/09/2000,5.2
26/09/2000,0.0
27/09/2000,0.0
28/09/2000,6.3
29/09/2000,0.0
30/09/2000,1.6
01/10/2000,7.6
02/10/2000,7.3
03/10/2000,9.0
04/10/2000,2.4
05/10/2000,1.1
06/10/2000,11.1
07/10/2000,0.0
08/10/2000,2.0
09/10/2000,2.0
10/10/2000,0.0
11/10/2000,0.0
12/10/2000,0.0
13/10/2000,0.8
14/10/2000,0.0
15/10/2000,0.7
16/10/2000,9.1
17/10/2000,14.8
18/10/2000,7.5
19/10/2000,8.6
20/10/2000,0.7
21/10/2000,0.0
22/10/2000,2.5
23/10/2000,0.0
24/10/2000,0.0
25/10/2000,0.0
26/10/2000,0.0
27/10/2000,4.4
28/10/2000,33.3
29/10/2000,11.2
30/10/2000,0.5
31/10/2000,0.0
01/11/2000,6.7
02/11/2000,0.4
03/11/2000,3.3
04/11/2000,0.6
05/11/2000,11.6
06/11/2000,0.0
07/11/2000,0.0
08/11/2000,11.0
09/11/2000,0.7
10/11/2000,0.0
11/11/2000,26.6
12/11/2000,1.4
13/11/2000,0.0
14/11/2000,51.1
15/11/2000,208.9
16/11/2000,88.8
17/11/2000,7.6
18/11/2000,28.9
19/11/2000,16.6
20/11/2000,17.8
21/11/2000,101.3
22/11/2000,344.2
23/11/2000,33.3
24/11/2000,0.5
25/11/2000,26.1
26/11/2000,3.2
27/11/2000,0.0
28/11/2000,0.0
29/11/2000,12.0
30/11/2000,13.9
01/12/2000,1.2
02/12/2000,0.0
03/12/2000,0.0
04/12/2000,0.0
05/12/2000,0.0
06/12/2000,0.0
07/12/2000,0.0
08/12/2000,0.0
09/12/2000,0.0
10/12/2000,37.3
11/12/2000,0.0
12/12/2000,0.0
13/12/2000,0.3
14/12/2000,0.0
15/12/2000,32.5
16/12/2000,24.2
17/12/2000,108.6
18/12/2000,16.6
19/12/2000,137.5
20/12/2000,15.5
21/12/2000,114.5
22/12/2000,17.8
23/12/2000,15.1
24/12/2000,0.0
25/12/2000,0.0
26/12/2000,0.0
27/12/2000,0.0
28/12/2000,88.6
29/12/2000,70.4
30/12/2000,72.8
31/12/2000,81.4
01/01/2001,29.9
02/01/2001,4.1
03/01/2001,0.4
04/01/2001,0.3
05/01/2001,2.0
06/01/2001,0.0
07/01/2001,0.0
08/01/2001,0.0
09/01/2001,0.0
10/01/2001,0.0
11/01/2001,0.0
12/01/2001,0.0
13/01/2001,87.9
14/01/2001,30.1
15/01/2001,12.2
16/01/2001,5.9
17/01/2001,33.5
18/01/2001,346.6
19/01/2001,0.0
20/01/2001,0.0
21/01/2001,0.0
22/01/2001,0.0
23/01/2001,4.1
24/01/2001,5.7
25/01/2001,40.8
26/01/2001,0.0
27/01/2001,0.0
28/01/2001,0.0
29/01/2001,0.0
30/01/2001,0.0
31/01/2001,0.0
01/02/2001,0.4
02/02/2001,0.0
03/02/2001,0.0
04/02/2001,0.0
05/02/2001,2.1
06/02/2001,1.0
07/02/2001,0.0
08/02/2001,8.7
09/02/2001,0.0
10/02/2001,0.0
11/02/2001,0.0
12/02/2001,0.0
13/02/2001,0.8
14/02/2001,34.7
15/02/2001,11.0
16/02/2001,0.0
17/02/2001,0.0
18/02/2001,0.0
19/02/2001,0.0
20/02/2001,0.0
21/02/2001,0.0
22/02/2001,0.0
23/02/2001,0.0
24/02/2001,0.0
25/02/2001,0.0
26/02/2001,0.0
27/02/2001,0.0
28/02/2001,0.0
01/03/2001,0.0
02/03/2001,0.4
03/03/2001,0.0
04/03/2001,12.2
05/03/2001,70.0
06/03/2001,70.2
07/03/2001,27.2
08/03/2001,13.3
09/03/2001,23.5
10/03/2001,6.2
11/03/2001,20.9
12/03/2001,42.4
13/03/2001,0.0
14/03/2001,0.0
15/03/2001,0.0
16/03/2001,0.0
17/03/2001,0.0
18/03/2001,0.0
19/03/2001,5.2
20/03/2001,3.1
21/03/2001,51.2
22/03/2001,0.0
23/03/2001,0.5
24/03/2001,32.9
25/03/2001,0.0
26/03/2001,3.3
27/03/2001,55.5
28/03/2001,0.5
29/03/2001,3.3
30/03/2001,0.0
31/03/2001,0.0
01/04/2001,0.0
02/04/2001,0.0
03/04/2001,6.6
04/04/2001,0.7
05/04/2001,0.5
06/04/2001,1.3
07/04/2001,0.0
08/04/2001,0.0
09/04/2001,0.0
10/04/2001,0.0
11/04/2001,0.0
12/04/2001,0.0
13/04/2001,5.2
14/04/2001,0.0
15/04/2001,0.0
16/04/2001,0.0
17/04/2001,0.0
18/04/2001,0.0
19/04/2001,0.0
20/04/2001,0.0
21/04/2001,0.0
22/04/2001,0.0
23/04/2001,0.0
24/04/2001,0.0
25/04/2001,0.0
26/04/2001,0.0
27/04/2001,0.0
28/04/2001,1.8
29/04/2001,9.3
30/04/2001,0.4
01/05/2001,30.8
02/05/2001,20.6
03/05/2001,3.2
04/05/2001,0.0
05/05/2001,0.0
06/05/2001,0.0
07/05/2001,69.1
08/05/2001,8.2
09/05/2001,0.0
10/05/2001,0.0
11/05/2001,0.0
12/05/2001,24.4
13/05/2001,3.0
14/05/2001,0.6
15/05/2001,0.0
16/05/2001,4.9
17/05/2001,0.0
18/05/2001,27.0
19/05/2001,2.6
20/05/2001,0.4
21/05/2001,6.3
22/05/2001,2.1
23/05/2001,71.5
24/05/2001,5.1
25/05/2001,0.0
26/05/2001,0.0
27/05/2001,61.5
28/05/2001,0.0
29/05/2001,0.0
30/05/2001,24.2
31/05/2001,0.0
01/06/2001,0.0
02/06/2001,13.9
03/06/2001,2.2
04/06/2001,0.2
05/06/2001,0.0
06/06/2001,0.6
07/06/2001,0.0
08/06/2001,0.0
09/06/2001,0.0
10/06/2001,0.0
11/06/2001,1.8
12/06/2001,0.8
13/06/2001,0.0
14/06/2001,5.2
15/06/2001,0.0
16/06/2001,8.1
17/06/2001,0.0
18/06/2001,0.5
19/06/2001,3.6
20/06/2001,0.0
21/06/2001,1.8
22/06/2001,0.0
23/06/2001,0.0
24/06/2001,0.0
25/06/2001,0.0
26/06/2001,4.2
27/06/2001,0.0
28/06/2001,0.0
29/06/2001,4.3
30/06/2001,3.9
01/07/2001,4.1
02/07/2001,0.0
03/07/2001,0.0
04/07/2001,0.0
05/07/2001,0.0
06/07/2001,0.0
07/07/2001,0.0
08/07/2001,0.0
09/07/2001,0.0
10/07/2001,7.4
11/07/2001,6.5
12/07/2001,1.8
13/07/2001,0.9
14/07/2001,0.8
15/07/2001,33.5
16/07/2001,0.0
17/07/2001,0.0
18/07/2001,0.0
19/07/2001,0.0
20/07/2001,2.2
21/07/2001,7.9
22/07/2001,0.0
23/07/2001,0.5
24/07/2001,4.5
25/07/2001,0.7
26/07/2001,33.0
27/07/2001,4.7
28/07/2001,2.8
29/07/2001,1.0
30/07/2001,16.1
31/07/2001,6.1
01/08/2001,3.1
02/08/2001,65.8
03/08/2001,3.3
04/08/2001,10.8
05/08/2001,11.3
06/08/2001,0.0
07/08/2001,0.0
08/08/2001,5.7
09/08/2001,0.0
10/08/2001,4.8
11/08/2001,0.0
12/08/2001,0.0
13/08/2001,0.8
14/08/2001,0.0
15/08/2001,0.0
16/08/2001,0.0
17/08/2001,0.0
18/08/2001,18.1
19/08/2001,8.9
20/08/2001,0.7
21/08/2001,0.0
22/08/2001,0.0
23/08/2001,0.0
24/08/2001,8.3
25/08/2001,7.0
26/08/2001,3.7
27/08/2001,0.0
28/08/2001,0.0
29/08/2001,0.0
30/08/2001,14.0
31/08/2001,0.0
01/09/2001,12.4
02/09/2001,57.7
03/09/2001,35.1
04/09/2001,0.0
05/09/2001,40.4
06/09/2001,0.0
07/09/2001,0.0
08/09/2001,6.6
09/09/2001,0.0
10/09/2001,41.7
11/09/2001,0.0
12/09/2001,11.7
13/09/2001,0.0
14/09/2001,0.0
15/09/2001,0.0
16/09/2001,2.5
17/09/2001,0.0
18/09/2001,0.0
19/09/2001,6.1
20/09/2001,5.1
21/09/2001,39.0
22/09/2001,3.2
23/09/2001,13.3
24/09/2001,4.0
25/09/2001,0.6
26/09/2001,62.7
27/09/2001,0.6
28/09/2001,2.0
29/09/2001,2.5
30/09/2001,8.3
01/10/2001,2.9
02/10/2001,0.4
03/10/2001,45.8
04/10/2001,31.9
05/10/2001,37.4
06/10/2001,10.1
07/10/2001,9.4
08/10/2001,0.0
09/10/2001,0.0
10/10/2001,3.5
11/10/2001,15.0
12/10/2001,0.0
13/10/2001,0.0
14/10/2001,1.3
15/10/2001,39.3
16/10/2001,0.6
17/10/2001,1.1
18/10/2001,7.9
19/10/2001,27.1
20/10/2001,4.6
21/10/2001,16.8
22/10/2001,28.6
23/10/2001,29.3
24/10/2001,0.0
25/10/2001,1.7
26/10/2001,6.0
27/10/2001,8.3
28/10/2001,8.2
29/10/2001,34.8
30/10/2001,1.8
31/10/2001,24.8
01/11/2001,1.3
02/11/2001,17.6
03/11/2001,0.0
04/11/2001,0.0
05/11/2001,0.0
06/11/2001,0.5
07/11/2001,9.9
08/11/2001,5.1
09/11/2001,10.9
10/11/2001,1.7
11/11/2001,4.5
12/11/2001,0.0
13/11/2001,22.2
14/11/2001,28.9
15/11/2001,42.2
16/11/2001,15.9
17/11/2001,104.6
18/11/2001,64.9
19/11/2001,21.5
20/11/2001,5.2
21/11/2001,7.9
22/11/2001,0.8
23/11/2001,0.0
24/11/2001,64.2
25/11/2001,35.2
26/11/2001,17.8
27/11/2001,2.6
28/11/2001,0.6
29/11/2001,12.4
30/11/2001,1.7
01/12/2001,4.4
02/12/2001,3.2
03/12/2001,0.0
11/12/2001,0.0
12/12/2001,0.0
13/12/2001,0.0
14/12/2001,57.0
15/12/2001,62.6
16/12/2001,291.5
17/12/2001,61.8
18/12/2001,5.0
19/12/2001,11.6
20/12/2001,15.1
21/12/2001,27.0
22/12/2001,25.5
23/12/2001,17.6
24/12/2001,1.9
25/12/2001,19.5
26/12/2001,7.7
27/12/2001,26.9
28/12/2001,101.1
29/12/2001,57.3
30/12/2001,4.0
31/12/2001,0.0
01/01/2002,0.0
02/01/2002,0.0
03/01/2002,0.0
04/01/2002,0.0
05/01/2002,6.7
06/01/2002,7.3
07/01/2002,3.2
08/01/2002,2.9
09/01/2002,10.2
10/01/2002,4.6
11/01/2002,7.1
12/01/2002,4.7
13/01/2002,0.0
14/01/2002,0.7
15/01/2002,0.0
16/01/2002,0.0
17/01/2002,0.0
18/01/2002,0.0
19/01/2002,0.0
20/01/2002,69.8
21/01/2002,5.1
22/01/2002,2.4
23/01/2002,3.1
24/01/2002,7.2
25/01/2002,7.9
26/01/2002,0.0
27/01/2002,0.0
28/01/2002,0.0
29/01/2002,2.2
30/01/2002,4.6
31/01/2002,2.4
01/02/2002,0.0
02/02/2002,2.8
03/02/2002,0.5
04/02/2002,0.0
05/02/2002,0.0
06/02/2002,0.0
07/02/2002,0.0
08/02/2002,0.0
09/02/2002,0.0
10/02/2002,0.0
11/02/2002,0.0
12/02/2002,0.0
13/02/2002,0.0
14/02/2002,0.0
15/02/2002,0.0
16/02/2002,0.0
17/02/2002,0.0
18/02/2002,0.0
19/02/2002,0.0
20/02/2002,15.2
21/02/2002,12.1
22/02/2002,2.1
23/02/2002,0.0
24/02/2002,0.0
25/02/2002,0.0
26/02/2002,0.8
27/02/2002,2.5
28/02/2002,0.0
01/03/2002,0.0
02/03/2002,0.0
03/03/2002,0.0
04/03/2002,0.0
05/03/2002,0.0
06/03/2002,0.0
07/03/2002,0.0
08/03/2002,0.0
09/03/2002,0.0
10/03/2002,0.0
11/03/2002,0.0
12/03/2002,0.0
13/03/2002,0.0
14/03/2002,0.0
15/03/2002,0.0
16/03/2002,0.0
17/03/2002,0.0
18/03/2002,0.0
19/03/2002,17.1
20/03/2002,124.3
21/03/2002,10.7
22/03/2002,0.0
23/03/2002,0.0
24/03/2002,0.0
25/03/2002,0.0
26/03/2002,0.0
27/03/2002,0.0
28/03/2002,0.0
29/03/2002,0.0
30/03/2002,0.0
31/03/2002,0.0
01/04/2002,0.0
02/04/2002,0.0
03/04/2002,0.0
04/04/2002,0.6
05/04/2002,0.0
06/04/2002,0.0
07/04/2002,3.9
08/04/2002,0.0
09/04/2002,0.0
10/04/2002,0.0
11/04/2002,0.0
12/04/2002,0.0
13/04/2002,20.6
14/04/2002,23.4
15/04/2002,0.0
16/04/2002,0.0
17/04/2002,0.0
18/04/2002,0.0
19/04/2002,0.0
20/04/2002,0.0
21/04/2002,5.9
22/04/2002,0.0
23/04/2002,0.0
24/04/2002,3.4
25/04/2002,17.0
26/04/2002,0.7
27/04/2002,4.6
28/04/2002,2.0
29/04/2002,28.6
30/04/2002,5.8
01/05/2002,0.0
02/05/2002,0.0
03/05/2002,0.0
04/05/2002,0.0
05/05/2002,0.0
06/05/2002,9.7
07/05/2002,57.1
08/05/2002,0.0
09/05/2002,7.7
10/05/2002,0.0
11/05/2002,1.6
12/05/2002,44.4
13/05/2002,0.0
14/05/2002,0.0
15/05/2002,0.0
16/05/2002,0.0
17/05/2002,0.0
18/05/2002,0.0
19/05/2002,0.0
20/05/2002,36.2
21/05/2002,10.2
22/05/2002,0.9
23/05/2002,0.0
24/05/2002,13.5
25/05/2002,9.4
26/05/2002,16.4
27/05/2002,0.0
28/05/2002,5.9
29/05/2002,0.0
30/05/2002,20.5
31/05/2002,1.0
01/06/2002,0.0
02/06/2002,24.3
03/06/2002,1.8
04/06/2002,2.8
05/06/2002,10.9
06/06/2002,0.0
07/06/2002,6.1
08/06/2002,0.0
09/06/2002,0.0
10/06/2002,0.0
11/06/2002,26.9
12/06/2002,4.6
13/06/2002,14.9
14/06/2002,15.7
15/06/2002,0.0
16/06/2002,48.3
17/06/2002,0.0
18/06/2002,0.0
19/06/2002,28.1
20/06/2002,0.0
21/06/2002,0.0
22/06/2002,0.0
23/06/2002,0.0
24/06/2002,0.0
25/06/2002,0.0
26/06/2002,0.0
27/06/2002,0.0
28/06/2002,3.8
29/06/2002,0.0
30/06/2002,0.0
01/07/2002,0.0
02/07/2002,65.3
03/07/2002,22.3
04/07/2002,0.0
05/07/2002,0.0
06/07/2002,0.0
07/07/2002,0.0
08/07/2002,0.0
09/07/2002,20.6
10/07/2002,0.8
11/07/2002,29.0
12/07/2002,0.8
13/07/2002,0.0
14/07/2002,0.0
15/07/2002,0.0
16/07/2002,0.0
17/07/2002,0.0
18/07/2002,1.2
19/07/2002,0.0
20/07/2002,2.4
21/07/2002,23.5
22/07/2002,17.3
23/07/2002,17.8
24/07/2002,0.0
25/07/2002,11.7
26/07/2002,0.0
27/07/2002,5.0
28/07/2002,12.3
29/07/2002,1.2
30/07/2002,0.0
31/07/2002,0.0
01/08/2002,0.0
02/08/2002,37.4
03/08/2002,0.0
04/08/2002,6.8
05/08/2002,0.0
06/08/2002,1.1
07/08/2002,40.0
08/08/2002,0.7
09/08/2002,3.0
10/08/2002,8.3
11/08/2002,0.0
12/08/2002,3.6
13/08/2002,0.0
14/08/2002,0.0
15/08/2002,2.2
16/08/2002,5.0
17/08/2002,7.5
18/08/2002,0.0
19/08/2002,0.0
20/08/2002,0.0
21/08/2002,4.0
22/08/2002,0.9
23/08/2002,0.0
24/08/2002,0.0
25/08/2002,0.0
26/08/2002,3.4
27/08/2002,0.9
28/08/2002,19.7
29/08/2002,3.1
30/08/2002,10.4
31/08/2002,0.0
01/09/2002,6.4
02/09/2002,0.0
03/09/2002,0.0
04/09/2002,0.0
05/09/2002,0.0
06/09/2002,0.0
07/09/2002,0.0
08/09/2002,0.0
09/09/2002,0.0
10/09/2002,0.0
11/09/2002,0.0
12/09/2002,0.0
13/09/2002,0.0
14/09/2002,0.0
15/09/2002,0.0
16/09/2002,20.7
17/09/2002,10.2
18/09/2002,0.0
19/09/2002,5.3
20/09/2002,37.9
21/09/2002,53.1
22/09/2002,2.8
23/09/2002,1.8
24/09/2002,4.7
25/09/2002,0.5
26/09/2002,1.3
27/09/2002,5.7
28/09/2002,0.0
29/09/2002,0.4
30/09/2002,0.0
01/10/2002,54.1
02/10/2002,0.0
03/10/2002,4.2
04/10/2002,0.6
05/10/2002,29.2
06/10/2002,0.0
07/10/2002,0.0
08/10/2002,19.6
09/10/2002,0.0
10/10/2002,0.0
11/10/2002,0.0
12/10/2002,0.0
13/10/2002,0.0
14/10/2002,3.0
15/10/2002,0.0
16/10/2002,0.0
17/10/2002,37.3
18/10/2002,9.4
19/10/2002,5.6
20/10/2002,0.9
23/10/2002,71.5
24/10/2002,0.0
25/10/2002,0.0
26/10/2002,0.0
27/10/2002,0.0
28/10/2002,0.0
29/10/2002,0.0
30/10/2002,0.0
31/10/2002,0.0
01/11/2002,0.0
02/11/2002,0.0
03/11/2002,0.0
04/11/2002,12.5
05/11/2002,11.5
06/11/2002,67.0
07/11/2002,21.0
08/11/2002,6.0
09/11/2002,5.0
10/11/2002,0.0
11/11/2002,0.0
12/11/2002,0.0
13/11/2002,0.0
14/11/2002,12.0
15/11/2002,0.0
16/11/2002,0.0
17/11/2002,0.0
18/11/2002,61.0
19/11/2002,111.0
20/11/2002,0.0
21/11/2002,37.0
22/11/2002,0.0
23/11/2002,0.0
24/11/2002,9.0
25/11/2002,7.5
26/11/2002,0.0
27/11/2002,0.0
28/11/2002,10.5
29/11/2002,0.0
30/11/2002,0.0
01/12/2002,0.0
02/12/2002,0.0
03/12/2002,0.0
04/12/2002,0.0
05/12/2002,11.5
06/12/2002,13.5
07/12/2002,0.0
08/12/2002,16.0
09/12/2002,53.0
10/12/2002,23.0
11/12/2002,156.5
12/12/2002,12.0
13/12/2002,77.5
14/12/2002,21.5
15/12/2002,0.0
16/12/2002,33.0
17/12/2002,21.5
18/12/2002,58.0
19/12/2002,45.5
20/12/2002,0.0
21/12/2002,0.0
22/12/2002,24.5
23/12/2002,0.0
24/12/2002,16.5
25/12/2002,28.0
26/12/2002,85.5
27/12/2002,13.0
28/12/2002,5.0
29/12/2002,0.0
30/12/2002,2.5
31/12/2002,27.0
01/01/2003,35.5
02/01/2003,32.0
03/01/2003,0.0
04/01/2003,68.5
05/01/2003,0.0
06/01/2003,0.0
07/01/2003,0.0
08/01/2003,0.0
09/01/2003,0.0
10/01/2003,0.0
11/01/2003,0.0
12/01/2003,0.0
13/01/2003,8.0
14/01/2003,0.0
15/01/2003,19.0
16/01/2003,0.0
17/01/2003,10.5
18/01/2003,11.0
19/01/2003,14.5
20/01/2003,0.0
21/01/2003,0.0
22/01/2003,0.0
23/01/2003,0.0
24/01/2003,0.0
25/01/2003,0.0
26/01/2003,0.0
27/01/2003,0.0
28/01/2003,0.0
29/01/2003,0.0
30/01/2003,15.2
31/01/2003,37.3
01/02/2003,9.5
02/02/2003,1.1
03/02/2003,4.7
04/02/2003,0.4
05/02/2003,18.3
06/02/2003,1.8
07/02/2003,0.0
08/02/2003,1.3
09/02/2003,0.0
10/02/2003,7.6
11/02/2003,25.5
12/02/2003,1.7
13/02/2003,2.1
14/02/2003,4.7
15/02/2003,62.5
16/02/2003,0.0
17/02/2003,4.3
18/02/2003,0.0
19/02/2003,0.0
20/02/2003,0.0
21/02/2003,0.0
22/02/2003,0.0
23/02/2003,0.0
24/02/2003,0.0
25/02/2003,0.0
26/02/2003,0.0
27/02/2003,0.0
28/02/2003,0.0
01/03/2003,0.0
02/03/2003,0.0
03/03/2003,0.0
04/03/2003,0.0
05/03/2003,0.0
06/03/2003,0.0
07/03/2003,0.0
08/03/2003,0.0
09/03/2003,56.6
10/03/2003,28.9
11/03/2003,9.9
12/03/2003,4.9
13/03/2003,0.0
14/03/2003,0.0
15/03/2003,0.0
16/03/2003,0.0
17/03/2003,0.0
18/03/2003,0.0
19/03/2003,0.0
20/03/2003,0.0
21/03/2003,0.0
22/03/2003,48.1
23/03/2003,8.3
24/03/2003,40.5
25/03/2003,29.0
26/03/2003,25.9
27/03/2003,5.5
28/03/2003,0.4
29/03/2003,10.0
30/03/2003,0.0
31/03/2003,17.4
01/04/2003,26.9
02/04/2003,2.5
03/04/2003,0.0
04/04/2003,0.0
05/04/2003,0.0
06/04/2003,0.0
07/04/2003,0.0
08/04/2003,0.0
09/04/2003,0.0
10/04/2003,11.0
11/04/2003,11.0
12/04/2003,0.0
13/04/2003,0.0
14/04/2003,0.0
15/04/2003,0.0
16/04/2003,0.0
17/04/2003,30.5
18/04/2003,0.0
19/04/2003,0.0
20/04/2003,5.5
21/04/2003,1.5
22/04/2003,0.0
23/04/2003,0.0
24/04/2003,0.0
25/04/2003,0.0
26/04/2003,0.0
27/04/2003,0.0
28/04/2003,0.0
29/04/2003,0.0
30/04/2003,14.0
01/05/2003,15.5
02/05/2003,0.0
03/05/2003,14.5
04/05/2003,21.5
05/05/2003,7.5
06/05/2003,0.0
07/05/2003,0.0
08/05/2003,0.0
09/05/2003,5.0
10/05/2003,0.0
11/05/2003,1.5
12/05/2003,9.0
13/05/2003,0.0
14/05/2003,3.5
15/05/2003,0.5
16/05/2003,31.0
17/05/2003,0.0
18/05/2003,0.0
19/05/2003,0.0
20/05/2003,0.0
21/05/2003,10.0
22/05/2003,0.0
23/05/2003,0.0
24/05/2003,0.0
25/05/2003,0.0
26/05/2003,0.0
27/05/2003,0.0
28/05/2003,0.0
29/05/2003,0.0
30/05/2003,0.0
31/05/2003,0.0
01/06/2003,0.0
02/06/2003,0.0
03/06/2003,0.0
04/06/2003,0.0
05/06/2003,0.0
06/06/2003,0.0
07/06/2003,1.5
08/06/2003,12.5
09/06/2003,5.5
10/06/2003,31.0
11/06/2003,0.0
12/06/2003,43.5
13/06/2003,18.0
14/06/2003,7.5
15/06/2003,12.5
16/06/2003,6.5
17/06/2003,14.5
18/06/2003,1.5
19/06/2003,49.5
20/06/2003,0.0
21/06/2003,16.5
22/06/2003,42.5
23/06/2003,2.0
24/06/2003,0.0
25/06/2003,2.0
26/06/2003,2.5
27/06/2003,0.0
28/06/2003,0.0
29/06/2003,0.5
30/06/2003,0.0
01/07/2003,5.0
02/07/2003,2.0
03/07/2003,0.0
04/07/2003,76.5
05/07/2003,1.0
06/07/2003,0.0
07/07/2003,0.0
08/07/2003,0.0
09/07/2003,0.0
10/07/2003,0.0
11/07/2003,3.7
12/07/2003,4.0
13/07/2003,7.5
14/07/2003,1.0
15/07/2003,0.0
16/07/2003,0.0
17/07/2003,0.0
18/07/2003,0.0
19/07/2003,78.0
20/07/2003,10.0
21/07/2003,9.0
22/07/2003,0.0
23/07/2003,0.0
24/07/2003,2.0
25/07/2003,0.0
26/07/2003,1.0
27/07/2003,0.0
28/07/2003,0.0
29/07/2003,23.0
30/07/2003,0.0
31/07/2003,0.0
01/08/2003,11.0
02/08/2003,26.0
03/08/2003,0.0
04/08/2003,0.0
05/08/2003,0.0
06/08/2003,19.0
07/08/2003,0.0
08/08/2003,26.0
09/08/2003,72.0
10/08/2003,10.0
11/08/2003,19.0
12/08/2003,0.0
13/08/2003,0.5
14/08/2003,0.0
15/08/2003,11.0
16/08/2003,0.5
17/08/2003,36.5
18/08/2003,20.0
19/08/2003,5.0
20/08/2003,0.0
21/08/2003,16.0
22/08/2003,9.5
23/08/2003,3.5
24/08/2003,0.0
25/08/2003,0.5
26/08/2003,1.5
27/08/2003,0.0
28/08/2003,1.5
29/08/2003,18.5
30/08/2003,33.0
31/08/2003,14.5
01/09/2003,70.5
02/09/2003,0.5
03/09/2003,0.0
04/09/2003,0.0
05/09/2003,5.0
06/09/2003,9.5
07/09/2003,0.0
08/09/2003,1.0
09/09/2003,6.5
10/09/2003,3.5
11/09/2003,0.0
12/09/2003,0.0
13/09/2003,0.0
14/09/2003,0.0
15/09/2003,17.0
16/09/2003,0.0
17/09/2003,11.0
18/09/2003,0.0
19/09/2003,0.0
20/09/2003,2.0
21/09/2003,50.5
22/09/2003,21.5
23/09/2003,10.0
24/09/2003,59.0
25/09/2003,25.0
26/09/2003,5.5
27/09/2003,14.0
28/09/2003,6.0
29/09/2003,2.5
30/09/2003,32.0
01/10/2003,18.0
02/10/2003,26.0
03/10/2003,48.5
04/10/2003,11.0
05/10/2003,0.0
06/10/2003,15.0
07/10/2003,0.0
08/10/2003,17.0
09/10/2003,1.0
10/10/2003,39.0
11/10/2003,16.0
12/10/2003,37.0
13/10/2003,3.5
14/10/2003,19.5
15/10/2003,10.0
16/10/2003,29.0
17/10/2003,33.5
18/10/2003,0.0
19/10/2003,11.0
20/10/2003,0.0
21/10/2003,0.0
22/10/2003,4.5
23/10/2003,7.5
24/10/2003,0.0
25/10/2003,6.5
26/10/2003,54.0
27/10/2003,8.0
28/10/2003,4.0
29/10/2003,9.5
30/10/2003,30.5
31/10/2003,0.0
01/11/2003,10.5
02/11/2003,7.5
03/11/2003,42.5
04/11/2003,0.0
05/11/2003,8.0
06/11/2003,2.0
07/11/2003,11.0
08/11/2003,12.5
09/11/2003,1.0
10/11/2003,2.0
11/11/2003,5.0
12/11/2003,61.5
13/11/2003,0.0
14/11/2003,0.5
15/11/2003,24.0
16/11/2003,0.0
17/11/2003,0.0
18/11/2003,0.0
19/11/2003,0.0
20/11/2003,0.0
21/11/2003,0.0
22/11/2003,2.0
23/11/2003,33.0
24/11/2003,8.0
25/11/2003,26.0
26/11/2003,31.0
27/11/2003,31.0
28/11/2003,55.5
29/11/2003,165.5
30/11/2003,23.5
01/12/2003,94.5
02/12/2003,96.0
03/12/2003,43.0
04/12/2003,4.5
05/12/2003,0.5
06/12/2003,21.0
07/12/2003,39.0
08/12/2003,28.5
09/12/2003,49.5
10/12/2003,100.5
11/12/2003,51.0
12/12/2003,58.0
13/12/2003,41.5
14/12/2003,20.5
15/12/2003,0.0
16/12/2003,0.0
17/12/2003,0.0
18/12/2003,0.0
19/12/2003,21.0
20/12/2003,36.5
21/12/2003,19.5
22/12/2003,1.0
23/12/2003,32.5
24/12/2003,6.0
25/12/2003,0.5
26/12/2003,9.5
27/12/2003,0.0
28/12/2003,5.5
29/12/2003,7.5
30/12/2003,4.5
31/12/2003,7.5
01/01/2004,0.0
02/01/2004,0.0
03/01/2004,0.0
04/01/2004,15.0
05/01/2004,0.0
06/01/2004,11.5
07/01/2004,0.5
08/01/2004,15.0
09/01/2004,7.5
10/01/2004,0.5
11/01/2004,1.0
12/01/2004,3.0
13/01/2004,0.0
14/01/2004,0.5
15/01/2004,1.5
16/01/2004,7.5
17/01/2004,0.5
18/01/2004,0.0
19/01/2004,1.0
20/01/2004,0.0
21/01/2004,0.0
22/01/2004,0.0
23/01/2004,0.5
24/01/2004,0.0
25/01/2004,1.5
26/01/2004,2.0
27/01/2004,22.0
28/01/2004,18.0
29/01/2004,7.0
30/01/2004,1.0
31/01/2004,2.5
01/02/2004,4.5
02/02/2004,19.0
03/02/2004,0.0
04/02/2004,0.0
05/02/2004,0.0
06/02/2004,0.0
07/02/2004,0.0
08/02/2004,0.0
09/02/2004,3.0
10/02/2004,0.5
11/02/2004,4.5
12/02/2004,0.5
13/02/2004,2.5
14/02/2004,0.5
15/02/2004,2.5
16/02/2004,0.0
17/02/2004,0.0
18/02/2004,0.0
19/02/2004,0.0
20/02/2004,0.0
21/02/2004,0.0
22/02/2004,0.0
23/02/2004,0.0
24/02/2004,0.0
25/02/2004,0.0
26/02/2004,0.0
27/02/2004,0.0
28/02/2004,0.0
29/02/2004,0.0
01/03/2004,0.0
02/03/2004,0.0
03/03/2004,0.0
04/03/2004,0.0
05/03/2004,0.0
06/03/2004,0.0
07/03/2004,0.5
08/03/2004,25.5
09/03/2004,17.0
10/03/2004,6.5
11/03/2004,7.0
12/03/2004,0.0
13/03/2004,6.5
14/03/2004,3.0
15/03/2004,1.5
16/03/2004,3.5
17/03/2004,33.0
18/03/2004,0.0
19/03/2004,0.0
20/03/2004,0.0
21/03/2004,0.0
22/03/2004,0.0
23/03/2004,0.0
24/03/2004,0.0
25/03/2004,0.0
26/03/2004,0.0
27/03/2004,0.0
28/03/2004,0.0
29/03/2004,0.0
30/03/2004,0.0
31/03/2004,0.0
01/04/2004,0.0
02/04/2004,0.0
03/04/2004,0.0
04/04/2004,0.0
05/04/2004,0.0
06/04/2004,0.0
07/04/2004,0.0
08/04/2004,0.0
09/04/2004,0.0
10/04/2004,0.0
11/04/2004,0.0
12/04/2004,0.0
13/04/2004,0.0
14/04/2004,0.0
15/04/2004,0.0
16/04/2004,0.0
17/04/2004,0.0
18/04/2004,0.0
19/04/2004,0.0
20/04/2004,0.0
21/04/2004,0.0
22/04/2004,0.0
23/04/2004,0.5
24/04/2004,0.0
25/04/2004,0.0
26/04/2004,15.5
27/04/2004,0.0
28/04/2004,0.0
29/04/2004,34.0
30/04/2004,9.5
01/05/2004,3.5
02/05/2004,0.0
03/05/2004,0.0
04/05/2004,36.5
05/05/2004,0.0
06/05/2004,0.0
07/05/2004,173.0
08/05/2004,0.0
09/05/2004,0.0
10/05/2004,0.0
11/05/2004,28.0
12/05/2004,2.5
13/05/2004,9.0
14/05/2004,0.0
15/05/2004,0.0
16/05/2004,0.0
17/05/2004,0.0
18/05/2004,0.0
19/05/2004,0.0
20/05/2004,0.0
21/05/2004,0.0
22/05/2004,8.0
23/05/2004,25.0
24/05/2004,8.0
25/05/2004,4.0
26/05/2004,0.0
27/05/2004,0.0
28/05/2004,0.0
29/05/2004,0.0
30/05/2004,0.0
31/05/2004,0.0
01/06/2004,12.0
02/06/2004,6.5
03/06/2004,0.0
04/06/2004,5.5
05/06/2004,20.0
06/06/2004,4.5
07/06/2004,0.5
08/06/2004,0.0
09/06/2004,2.0
10/06/2004,0.0
11/06/2004,0.0
12/06/2004,14.5
13/06/2004,3.0
14/06/2004,5.0
15/06/2004,0.0
16/06/2004,0.0
17/06/2004,0.0
18/06/2004,4.0
19/06/2004,0.0
20/06/2004,0.0
21/06/2004,0.0
22/06/2004,0.0
23/06/2004,0.0
24/06/2004,0.0
25/06/2004,8.0
26/06/2004,0.0
27/06/2004,0.0
28/06/2004,22.0
29/06/2004,0.0
30/06/2004,1.0
01/07/2004,0.0
02/07/2004,0.0
03/07/2004,0.0
04/07/2004,0.0
05/07/2004,0.0
06/07/2004,0.0
07/07/2004,0.0
08/07/2004,0.0
09/07/2004,0.0
10/07/2004,0.0
11/07/2004,0.0
12/07/2004,0.0
13/07/2004,0.0
14/07/2004,2.0
15/07/2004,7.5
16/07/2004,0.0
17/07/2004,16.0
18/07/2004,7.0
19/07/2004,10.0
20/07/2004,20.5
21/07/2004,0.0
22/07/2004,0.0
23/07/2004,65.5
24/07/2004,0.0
25/07/2004,26.5
26/07/2004,32.0
27/07/2004,3.0
28/07/2004,36.0
29/07/2004,0.5
30/07/2004,2.5
31/07/2004,6.0
01/08/2004,20.5
02/08/2004,0.0
03/08/2004,0.0
04/08/2004,0.0
05/08/2004,0.0
06/08/2004,0.0
07/08/2004,0.0
08/08/2004,0.0
09/08/2004,24.0
10/08/2004,0.0
11/08/2004,3.0
12/08/2004,0.5
13/08/2004,1.0
14/08/2004,28.5
15/08/2004,61.0
16/08/2004,0.5
17/08/2004,3.5
18/08/2004,4.0
19/08/2004,0.0
20/08/2004,0.0
21/08/2004,35.5
22/08/2004,14.0
23/08/2004,7.5
24/08/2004,8.5
25/08/2004,53.0
26/08/2004,2.5
27/08/2004,6.5
28/08/2004,26.0
29/08/2004,0.0
30/08/2004,0.0
31/08/2004,10.5
01/09/2004,28.0
02/09/2004,0.0
03/09/2004,0.0
04/09/2004,0.0
05/09/2004,2.5
06/09/2004,32.5
07/09/2004,0.0
08/09/2004,8.5
09/09/2004,0.0
10/09/2004,23.5
11/09/2004,0.0
12/09/2004,0.0
13/09/2004,32.5
14/09/2004,0.0
15/09/2004,13.0
16/09/2004,1.5
17/09/2004,6.5
18/09/2004,30.0
19/09/2004,1.5
20/09/2004,6.5
21/09/2004,0.0
22/09/2004,1.0
23/09/2004,8.0
24/09/2004,4.0
25/09/2004,1.0
26/09/2004,1.5
27/09/2004,2.5
28/09/2004,2.5
29/09/2004,7.0
30/09/2004,0.5
01/10/2004,6.0
02/10/2004,0.0
03/10/2004,0.0
04/10/2004,26.0
05/10/2004,36.0
06/10/2004,50.5
07/10/2004,52.5
08/10/2004,8.5
09/10/2004,24.5
10/10/2004,64.0
11/10/2004,55.5
12/10/2004,0.0
13/10/2004,8.0
14/10/2004,44.5
15/10/2004,0.0
16/10/2004,18.5
17/10/2004,13.0
18/10/2004,4.5
19/10/2004,86.0
20/10/2004,6.0
21/10/2004,27.0
22/10/2004,14.0
23/10/2004,37.0
24/10/2004,0.0
25/10/2004,45.5
26/10/2004,95.0
27/10/2004,59.0
28/10/2004,1.5
29/10/2004,29.0
30/10/2004,98.5
31/10/2004,11.0
01/11/2004,110.0
02/11/2004,7.0
03/11/2004,31.0
04/11/2004,129.5
05/11/2004,75.5
06/11/2004,12.5
07/11/2004,7.5
08/11/2004,0.5
09/11/2004,15.0
10/11/2004,0.0
11/11/2004,12.0
12/11/2004,2.0
13/11/2004,32.5
14/11/2004,1.5
15/11/2004,2.5
16/11/2004,1.5
17/11/2004,1.5
18/11/2004,6.5
19/11/2004,0.0
20/11/2004,7.0
21/11/2004,33.5
22/11/2004,4.0
23/11/2004,8.5
24/11/2004,0.0
25/11/2004,0.0
26/11/2004,22.0
27/11/2004,21.5
28/11/2004,80.0
29/11/2004,179.5
30/11/2004,9.0
01/12/2004,2.0
02/12/2004,0.0
03/12/2004,27.5
04/12/2004,3.5
05/12/2004,12.5
06/12/2004,21.5
07/12/2004,40.5
08/12/2004,115.5
09/12/2004,25.0
10/12/2004,177.5
11/12/2004,41.0
12/12/2004,21.5
13/12/2004,3.5
14/12/2004,3.0
15/12/2004,0.0
16/12/2004,5.5
17/12/2004,14.5
18/12/2004,0.0
19/12/2004,0.0
20/12/2004,0.0
21/12/2004,0.5
22/12/2004,0.0
23/12/2004,0.0
24/12/2004,0.0
25/12/2004,1.5
26/12/2004,0.0
27/12/2004,0.0
28/12/2004,0.5
29/12/2004,17.5
30/12/2004,5.5
31/12/2004,7.0
01/01/2005,12.5
02/01/2005,8.0
03/01/2005,0.5
04/01/2005,3.5
05/01/2005,0.0
06/01/2005,0.0
07/01/2005,23.0
08/01/2005,7.0
09/01/2005,0.5
10/01/2005,0.0
11/01/2005,0.0
12/01/2005,4.5
13/01/2005,4.5
14/01/2005,0.0
15/01/2005,0.5
16/01/2005,2.5
17/01/2005,4.5
18/01/2005,0.5
19/01/2005,0.0
20/01/2005,0.0
21/01/2005,1.0
22/01/2005,1.0
23/01/2005,0.5
24/01/2005,0.0
25/01/2005,0.0
26/01/2005,0.0
27/01/2005,0.0
28/01/2005,0.0
29/01/2005,0.0
30/01/2005,0.0
31/01/2005,0.0
01/02/2005,0.0
02/02/2005,0.0
03/02/2005,0.0
04/02/2005,0.0
05/02/2005,0.0
06/02/2005,0.0
07/02/2005,0.0
08/02/2005,0.0
09/02/2005,0.0
10/02/2005,3.5
11/02/2005,0.5
12/02/2005,0.5
13/02/2005,0.0
14/02/2005,0.0
15/02/2005,0.0
16/02/2005,0.0
17/02/2005,0.0
18/02/2005,0.0
19/02/2005,0.0
20/02/2005,0.0
21/02/2005,0.0
22/02/2005,2.0
23/02/2005,0.0
24/02/2005,0.0
25/02/2005,0.0
26/02/2005,0.0
27/02/2005,0.0
28/02/2005,0.0
01/03/2005,1.5
02/03/2005,0.0
03/03/2005,0.0
04/03/2005,1.5
05/03/2005,9.0
06/03/2005,0.5
07/03/2005,0.0
08/03/2005,0.0
09/03/2005,0.0
10/03/2005,0.0
11/03/2005,0.0
12/03/2005,0.0
13/03/2005,0.0
14/03/2005,84.0
15/03/2005,0.0
16/03/2005,0.0
17/03/2005,1.0
18/03/2005,0.5
19/03/2005,0.0
20/03/2005,0.0
21/03/2005,0.0
22/03/2005,0.0
23/03/2005,0.0
24/03/2005,0.0
25/03/2005,67.0
26/03/2005,68.0
27/03/2005,16.5
28/03/2005,0.0
29/03/2005,0.0
30/03/2005,0.5
31/03/2005,0.0
01/04/2005,0.0
02/04/2005,0.5
03/04/2005,15.5
04/04/2005,37.5
05/04/2005,1.0
06/04/2005,13.0
07/04/2005,0.0
08/04/2005,0.0
09/04/2005,1.5
10/04/2005,0.0
11/04/2005,0.0
12/04/2005,0.0
13/04/2005,0.0
14/04/2005,0.5
15/04/2005,9.5
16/04/2005,0.0
17/04/2005,0.0
18/04/2005,0.0
19/04/2005,0.0
20/04/2005,0.0
21/04/2005,0.0
22/04/2005,0.0
23/04/2005,0.0
24/04/2005,0.0
25/04/2005,0.0
26/04/2005,0.0
27/04/2005,0.0
28/04/2005,0.0
29/04/2005,0.0
30/04/2005,0.0
01/05/2005,0.0
02/05/2005,0.0
03/05/2005,0.0
04/05/2005,0.0
05/05/2005,0.5
06/05/2005,0.0
07/05/2005,17.5
08/05/2005,0.0
09/05/2005,6.5
10/05/2005,3.5
11/05/2005,0.0
12/05/2005,2.5
13/05/2005,43.0
14/05/2005,0.5
15/05/2005,14.5
16/05/2005,2.0
17/05/2005,6.5
18/05/2005,64.0
19/05/2005,1.0
20/05/2005,1.0
21/05/2005,10.5
22/05/2005,0.0
23/05/2005,48.0
24/05/2005,0.0
25/05/2005,1.5
26/05/2005,0.0
27/05/2005,0.5
28/05/2005,0.0
29/05/2005,5.0
30/05/2005,0.5
31/05/2005,1.5
01/06/2005,41.0
02/06/2005,0.0
03/06/2005,0.0
04/06/2005,0.5
05/06/2005,0.5
06/06/2005,0.0
07/06/2005,22.5
08/06/2005,10.0
09/06/2005,0.0
10/06/2005,0.0
11/06/2005,0.0
12/06/2005,12.0
13/06/2005,0.0
14/06/2005,9.5
15/06/2005,7.5
16/06/2005,0.0
17/06/2005,1.5
18/06/2005,6.0
19/06/2005,4.0
20/06/2005,25.0
21/06/2005,2.0
22/06/2005,7.5
23/06/2005,1.0
24/06/2005,0.0
25/06/2005,0.0
26/06/2005,7.5
27/06/2005,0.0
28/06/2005,0.0
29/06/2005,0.5
30/06/2005,0.5
01/07/2005,0.0
02/07/2005,0.5
03/07/2005,13.5
01/08/2005,59.0
02/08/2005,3.5
03/08/2005,11.5
04/08/2005,3.5
05/08/2005,0.0
06/08/2005,17.0
07/08/2005,1.0
08/08/2005,0.0
09/08/2005,10.5
10/08/2005,0.0
11/08/2005,22.5
12/08/2005,1.5
13/08/2005,0.0
14/08/2005,0.0
15/08/2005,0.0
16/08/2005,0.0
17/08/2005,0.0
18/08/2005,32.5
19/08/2005,0.0
20/08/2005,8.0
21/08/2005,0.0
22/08/2005,4.0
23/08/2005,0.0
24/08/2005,0.0
25/08/2005,7.5
26/08/2005,20.5
27/08/2005,29.0
28/08/2005,62.5
29/08/2005,11.0
30/08/2005,12.5
31/08/2005,1.0
01/09/2005,0.0
02/09/2005,0.0
03/09/2005,7.5
04/09/2005,17.0
05/09/2005,1.5
06/09/2005,12.0
07/09/2005,58.0
08/09/2005,7.0
09/09/2005,0.0
10/09/2005,5.0
11/09/2005,0.0
12/09/2005,0.0
13/09/2005,0.0
14/09/2005,8.0
15/09/2005,26.5
16/09/2005,0.0
17/09/2005,8.0
18/09/2005,1.0
19/09/2005,10.5
20/09/2005,0.5
21/09/2005,22.0
22/09/2005,9.0
23/09/2005,55.0
24/09/2005,18.0
25/09/2005,38.0
26/09/2005,4.0
27/09/2005,19.0
28/09/2005,2.5
29/09/2005,13.0
28/12/2005,0.0
29/12/2005,0.0
30/12/2005,0.0
31/12/2005,30.5
01/01/2006,35.0
02/01/2006,12.0
03/01/2006,67.5
04/01/2006,24.5
05/01/2006,4.5
06/01/2006,54.0
07/01/2006,53.5
08/01/2006,9.5
09/01/2006,14.0
10/01/2006,9.5
11/01/2006,4.0
12/01/2006,2.0
13/01/2006,0.0
14/01/2006,0.0
15/01/2006,0.0
16/01/2006,11.5
17/01/2006,17.0
18/01/2006,0.0
19/01/2006,0.0
20/01/2006,0.0
21/01/2006,0.0
22/01/2006,0.0
23/01/2006,0.0
24/01/2006,0.0
25/01/2006,0.0
26/01/2006,0.0
27/01/2006,0.0
28/01/2006,0.0
29/01/2006,0.0
30/01/2006,0.0
31/01/2006,0.0
01/02/2006,19.0
02/02/2006,11.0
03/02/2006,0.0
04/02/2006,3.5
05/02/2006,0.5
06/02/2006,0.0
07/02/2006,5.0
08/02/2006,0.0
09/02/2006,7.0
10/02/2006,37.5
11/02/2006,10.5
12/02/2006,0.0
13/02/2006,0.0
14/02/2006,0.0
15/02/2006,0.0
16/02/2006,0.0
17/02/2006,0.0
18/02/2006,0.0
19/02/2006,0.0
20/02/2006,0.0
21/02/2006,0.0
22/02/2006,0.0
23/02/2006,0.0
24/02/2006,0.0
25/02/2006,0.0
26/02/2006,0.0
27/02/2006,0.0
28/02/2006,0.0
01/03/2006,0.5
02/03/2006,2.5
03/03/2006,7.5
04/03/2006,0.0
05/03/2006,0.0
06/03/2006,0.0
07/03/2006,0.0
08/03/2006,0.0
09/03/2006,0.0
10/03/2006,0.0
11/03/2006,0.0
12/03/2006,0.0
13/03/2006,0.0
14/03/2006,0.0
15/03/2006,0.0
16/03/2006,0.0
17/03/2006,0.0
18/03/2006,0.0
19/03/2006,19.0
20/03/2006,0.0
21/03/2006,56.5
22/03/2006,0.0
23/03/2006,14.0
24/03/2006,27.0
25/03/2006,1.5
26/03/2006,5.5
27/03/2006,1.0
28/03/2006,0.0
29/03/2006,0.0
30/03/2006,0.0
31/03/2006,3.0
01/04/2006,0.0
02/04/2006,0.0
03/04/2006,0.0
04/04/2006,0.0
05/04/2006,0.0
06/04/2006,0.0
07/04/2006,0.0
08/04/2006,11.0
09/04/2006,23.5
10/04/2006,0.0
11/04/2006,36.5
12/04/2006,0.0
13/04/2006,0.0
14/04/2006,0.0
15/04/2006,0.0
16/04/2006,0.0
17/04/2006,3.5
18/04/2006,4.0
19/04/2006,8.0
20/04/2006,0.0
21/04/2006,15.0
22/04/2006,0.0
23/04/2006,16.0
24/04/2006,0.0
25/04/2006,0.0
26/04/2006,1.0
27/04/2006,0.0
28/04/2006,0.0
29/04/2006,0.0
30/04/2006,0.0
01/05/2006,0.0
06/06/2006,0.5
07/06/2006,0.0
08/06/2006,14.0
09/06/2006,1.0
10/06/2006,7.0
11/06/2006,0.0
12/06/2006,4.0
13/06/2006,46.5
14/06/2006,3.5
15/06/2006,5.0
16/06/2006,2.5
17/06/2006,27.5
18/06/2006,11.0
19/06/2006,18.5
20/06/2006,23.5
21/06/2006,1.0
22/06/2006,6.5
23/06/2006,4.5
24/06/2006,34.0
25/06/2006,32.0
26/06/2006,0.5
27/06/2006,0.0
28/06/2006,0.0
29/06/2006,5.5
30/06/2006,0.0
01/07/2006,0.0
02/07/2006,0.0
03/07/2006,0.0
04/07/2006,0.0
05/07/2006,0.0
06/07/2006,0.0
07/07/2006,0.0
08/07/2006,0.0
09/07/2006,0.0
10/07/2006,0.0
11/07/2006,0.0
12/07/2006,0.0
13/07/2006,0.0
14/07/2006,0.0
15/07/2006,0.0
16/07/2006,0.0
17/07/2006,0.0
18/07/2006,0.0
19/07/2006,0.0
20/07/2006,0.0
21/07/2006,0.0
22/07/2006,0.0
23/07/2006,0.0
24/07/2006,0.0
25/07/2006,0.0
26/07/2006,0.0
27/07/2006,0.0
28/07/2006,0.0
29/07/2006,0.0
30/07/2006,0.0
31/07/2006,0.0
01/08/2006,0.0
02/08/2006,0.0
03/08/2006,0.0
04/08/2006,0.0
05/08/2006,0.0
06/08/2006,0.0
07/08/2006,0.0
08/08/2006,0.0
09/08/2006,0.0
10/08/2006,0.0
11/08/2006,0.0
12/08/2006,0.0
13/08/2006,0.0
14/08/2006,0.0
15/08/2006,0.0
16/08/2006,0.0
17/08/2006,0.0
18/08/2006,0.0
19/08/2006,0.0
20/08/2006,0.0
21/08/2006,0.0
22/08/2006,0.0
23/08/2006,0.0
24/08/2006,0.0
25/08/2006,0.0
26/08/2006,0.0
27/08/2006,0.0
28/08/2006,0.0
29/08/2006,0.0
30/08/2006,0.0
31/08/2006,0.0
01/09/2006,0.0
02/09/2006,0.0
03/09/2006,0.0
04/09/2006,0.0
05/09/2006,0.0
06/09/2006,0.0
07/09/2006,0.0
08/09/2006,0.0
09/09/2006,0.0
10/09/2006,0.0
11/09/2006,0.0
12/09/2006,0.0
13/09/2006,0.0
14/09/2006,0.0
15/09/2006,0.0
16/09/2006,0.0
17/09/2006,0.0
18/09/2006,0.0
19/09/2006,0.0
20/09/2006,0.0
21/09/2006,0.0
22/09/2006,0.0
23/09/2006,0.0
24/09/2006,0.0
25/09/2006,0.0
26/09/2006,0.0
27/09/2006,0.0
28/09/2006,0.0
29/09/2006,12.5
30/09/2006,0.5
01/10/2006,0.0
02/10/2006,3.0
03/10/2006,0.0
04/10/2006,2.0
05/10/2006,3.5
06/10/2006,0.0
07/10/2006,7.5
08/10/2006,0.0
09/10/2006,0.0
10/10/2006,4.0
11/10/2006,6.5
12/10/2006,6.5
13/10/2006,7.5
14/10/2006,0.0
15/10/2006,0.0
16/10/2006,0.0
17/10/2006,0.5
18/10/2006,0.0
19/10/2006,0.0
20/10/2006,4.0
21/10/2006,21.5
22/10/2006,2.5
23/10/2006,0.0
24/10/2006,16.0
25/10/2006,18.5
26/10/2006,4.0
27/10/2006,1.5
28/10/2006,0.5
29/10/2006,0.0
30/10/2006,0.0
31/10/2006,3.0
01/11/2006,7.0
02/11/2006,0.5
03/11/2006,26.5
04/11/2006,1.0
05/11/2006,0.0
06/11/2006,9.5
07/11/2006,2.5
08/11/2006,0.0
09/11/2006,0.0
10/11/2006,41.0
11/11/2006,17.0
12/11/2006,31.0
13/11/2006,49.0
14/11/2006,0.5
15/11/2006,0.0
16/11/2006,19.5
17/11/2006,31.0
18/11/2006,41.0
19/11/2006,32.0
20/11/2006,1.0
21/11/2006,10.0
22/11/2006,0.0
23/11/2006,0.0
24/11/2006,20.5
25/11/2006,4.0
26/11/2006,31.0
27/11/2006,1.0
28/11/2006,0.5
29/11/2006,2.0
30/11/2006,3.5
01/12/2006,0.0
02/12/2006,0.0
03/12/2006,0.0
04/12/2006,0.0
05/12/2006,0.0
06/12/2006,0.0
07/12/2006,8.5
08/12/2006,19.5
09/12/2006,20.5
10/12/2006,10.5
11/12/2006,44.1
12/12/2006,18.9
13/12/2006,0.0
14/12/2006,0.0
15/12/2006,5.6
16/12/2006,60.0
17/12/2006,24.3
18/12/2006,4.5
19/12/2006,12.8
20/12/2006,67.7
21/12/2006,18.4
22/12/2006,2.6
23/12/2006,1.5
24/12/2006,0.0
25/12/2006,8.6
26/12/2006,15.4
27/12/2006,16.5
28/12/2006,5.5
29/12/2006,0.0
30/12/2006,0.0
31/12/2006,0.0
01/01/2007,5.0
02/01/2007,7.5
03/01/2007,0.5
04/01/2007,2.8
05/01/2007,12.5
06/01/2007,26.6
07/01/2007,160.7
08/01/2007,26.4
09/01/2007,42.0
10/01/2007,14.2
11/01/2007,6.5
12/01/2007,3.2
13/01/2007,20.9
14/01/2007,19.2
15/01/2007,1.3
16/01/2007,7.5
17/01/2007,13.8
18/01/2007,8.3
19/01/2007,21.7
20/01/2007,1.8
21/01/2007,0.5
22/01/2007,0.0
23/01/2007,1.5
24/01/2007,0.0
25/01/2007,4.0
26/01/2007,9.5
27/01/2007,5.0
28/01/2007,0.0
29/01/2007,0.0
30/01/2007,0.0
31/01/2007,0.4
01/02/2007,0.1
02/02/2007,0.4
03/02/2007,1.1
04/02/2007,0.0
05/02/2007,18.5
06/02/2007,1.9
07/02/2007,13.5
08/02/2007,2.1
09/02/2007,0.0
10/02/2007,0.0
11/02/2007,7.9
12/02/2007,12.6
13/02/2007,0.0
14/02/2007,0.0
15/02/2007,0.0
16/02/2007,0.0
17/02/2007,0.0
18/02/2007,0.0
19/02/2007,0.0
20/02/2007,0.0
21/02/2007,0.0
22/02/2007,0.0
23/02/2007,0.4
24/02/2007,19.6
25/02/2007,0.0
26/02/2007,0.0
27/02/2007,0.0
28/02/2007,0.0
01/03/2007,0.0
02/03/2007,0.0
03/03/2007,0.0
04/03/2007,0.0
05/03/2007,0.0
06/03/2007,0.0
07/03/2007,0.0
08/03/2007,0.0
09/03/2007,0.0
10/03/2007,0.0
11/03/2007,0.5
12/03/2007,6.9
13/03/2007,20.2
14/03/2007,3.5
15/03/2007,0.0
16/03/2007,0.0
17/03/2007,0.0
18/03/2007,0.0
19/03/2007,0.0
20/03/2007,2.4
21/03/2007,18.9
22/03/2007,11.0
23/03/2007,1.7
24/03/2007,5.5
25/03/2007,26.5
26/03/2007,0.0
27/03/2007,12.0
28/03/2007,0.0
29/03/2007,21.5
30/03/2007,0.5
31/03/2007,36.6
01/04/2007,5.9
02/04/2007,0.0
03/04/2007,0.0
04/04/2007,0.0
05/04/2007,0.0
06/04/2007,0.7
07/04/2007,0.3
08/04/2007,0.0
09/04/2007,1.5
10/04/2007,18.5
11/04/2007,4.0
12/04/2007,10.5
13/04/2007,0.0
14/04/2007,0.0
15/04/2007,0.0
16/04/2007,5.5
17/04/2007,0.0
18/04/2007,0.0
19/04/2007,0.0
20/04/2007,0.0
21/04/2007,0.4
22/04/2007,0.1
23/04/2007,0.0
24/04/2007,0.5
25/04/2007,0.0
26/04/2007,9.9
27/04/2007,14.5
28/04/2007,2.1
29/04/2007,18.2
30/04/2007,28.8
01/05/2007,3.5
02/05/2007,0.0
03/05/2007,0.5
04/05/2007,0.5
05/05/2007,14.0
06/05/2007,34.1
07/05/2007,8.9
08/05/2007,5.5
09/05/2007,50.0
10/05/2007,0.0
11/05/2007,0.0
12/05/2007,0.0
13/05/2007,1.0
14/05/2007,9.2
15/05/2007,11.1
16/05/2007,0.1
17/05/2007,4.5
18/05/2007,0.0
19/05/2007,0.0
20/05/2007,0.0
21/05/2007,0.0
22/05/2007,26.0
23/05/2007,0.0
24/05/2007,0.0
25/05/2007,0.0
26/05/2007,0.0
27/05/2007,0.0
28/05/2007,5.0
29/05/2007,1.0
30/05/2007,0.0
31/05/2007,1.9
01/06/2007,0.1
02/06/2007,5.5
03/06/2007,0.0
04/06/2007,3.5
05/06/2007,6.5
06/06/2007,0.0
07/06/2007,12.7
08/06/2007,0.3
09/06/2007,0.0
10/06/2007,0.0
11/06/2007,0.0
12/06/2007,50.0
13/06/2007,0.0
14/06/2007,0.0
15/06/2007,0.4
16/06/2007,15.5
17/06/2007,14.1
18/06/2007,3.5
19/06/2007,14.0
20/06/2007,0.5
21/06/2007,1.0
22/06/2007,0.0
23/06/2007,1.0
24/06/2007,4.5
25/06/2007,14.5
26/06/2007,0.0
27/06/2007,2.5
28/06/2007,1.0
29/06/2007,0.5
30/06/2007,0.0
01/07/2007,0.0
02/07/2007,0.0
03/07/2007,0.0
04/07/2007,7.0
05/07/2007,0.0
06/07/2007,0.0
07/07/2007,13.1
08/07/2007,32.9
09/07/2007,0.0
10/07/2007,3.7
11/07/2007,5.8
12/07/2007,18.5
13/07/2007,22.0
14/07/2007,8.0
15/07/2007,2.5
16/07/2007,0.4
17/07/2007,3.1
18/07/2007,0.0
19/07/2007,0.0
20/07/2007,6.5
21/07/2007,0.9
22/07/2007,52.6
23/07/2007,0.5
24/07/2007,6.0
25/07/2007,0.0
26/07/2007,14.5
27/07/2007,37.9
28/07/2007,12.1
29/07/2007,2.0
30/07/2007,37.5
31/07/2007,20.5
01/08/2007,0.4
02/08/2007,2.1
03/08/2007,0.0
04/08/2007,0.0
05/08/2007,0.0
06/08/2007,0.0
07/08/2007,0.0
08/08/2007,0.0
09/08/2007,0.0
10/08/2007,0.0
11/08/2007,0.0
12/08/2007,7.0
13/08/2007,0.0
14/08/2007,34.5
15/08/2007,0.5
16/08/2007,25.9
17/08/2007,0.1
18/08/2007,3.0
19/08/2007,29.6
20/08/2007,106.3
21/08/2007,5.0
22/08/2007,0.0
23/08/2007,0.0
24/08/2007,21.0
25/08/2007,0.0
26/08/2007,27.5
27/08/2007,0.5
28/08/2007,50.0
29/08/2007,2.0
30/08/2007,0.5
31/08/2007,1.0
01/09/2007,3.0
02/09/2007,0.0
03/09/2007,0.4
04/09/2007,0.1
05/09/2007,0.0
06/09/2007,0.0
07/09/2007,16.5
08/09/2007,0.0
09/09/2007,0.0
10/09/2007,0.5
11/09/2007,17.5
12/09/2007,0.4
13/09/2007,23.1
14/09/2007,25.8
15/09/2007,3.2
16/09/2007,4.7
17/09/2007,9.3
18/09/2007,24.5
19/09/2007,0.0
20/09/2007,0.0
21/09/2007,31.5
22/09/2007,4.0
23/09/2007,62.5
24/09/2007,0.0
25/09/2007,0.6
26/09/2007,46.9
27/09/2007,1.0
28/09/2007,0.0
29/09/2007,0.0
30/09/2007,53.0
01/10/2007,0.0
02/10/2007,0.0
03/10/2007,0.0
04/10/2007,3.0
05/10/2007,22.0
06/10/2007,0.0
07/10/2007,0.0
08/10/2007,0.0
09/10/2007,0.0
10/10/2007,0.0
11/10/2007,6.0
12/10/2007,0.0
13/10/2007,1.0
14/10/2007,0.0
15/10/2007,2.5
16/10/2007,0.0
17/10/2007,0.0
18/10/2007,0.4
19/10/2007,3.9
20/10/2007,31.6
21/10/2007,6.0
22/10/2007,0.5
23/10/2007,87.3
24/10/2007,8.2
25/10/2007,1.0
26/10/2007,34.5
27/10/2007,0.4
28/10/2007,12.2
29/10/2007,61.9
30/10/2007,1.5
31/10/2007,59.5
01/11/2007,4.2
02/11/2007,43.8
03/11/2007,8.2
04/11/2007,3.3
05/11/2007,0.4
06/11/2007,59.7
07/11/2007,5.9
08/11/2007,1.5
09/11/2007,11.0
10/11/2007,36.2
11/11/2007,4.8
12/11/2007,30.8
13/11/2007,0.2
14/11/2007,2.0
15/11/2007,8.1
16/11/2007,46.4
17/11/2007,0.0
18/11/2007,0.0
19/11/2007,10.0
20/11/2007,20.5
21/11/2007,0.5
22/11/2007,0.0
23/11/2007,0.0
24/11/2007,0.0
25/11/2007,0.0
26/11/2007,0.0
27/11/2007,4.4
28/11/2007,3.6
29/11/2007,18.0
30/11/2007,1.5
01/12/2007,0.0
02/12/2007,0.0
03/12/2007,8.3
04/12/2007,1.2
05/12/2007,39.4
06/12/2007,45.6
07/12/2007,130.7
08/12/2007,67.7
09/12/2007,51.5
10/12/2007,28.5
11/12/2007,24.1
12/12/2007,3.0
13/12/2007,21.6
14/12/2007,86.8
15/12/2007,13.8
16/12/2007,33.5
17/12/2007,10.0
18/12/2007,8.5
19/12/2007,1.6
20/12/2007,15.7
21/12/2007,58.0
22/12/2007,0.0
23/12/2007,0.0
24/12/2007,0.0
25/12/2007,0.0
26/12/2007,0.0
27/12/2007,0.0
28/12/2007,0.0
29/12/2007,0.0
30/12/2007,0.5
31/12/2007,89.9
01/01/2008,58.1
02/01/2008,6.8
03/01/2008,6.2
04/01/2008,10.8
05/01/2008,14.3
06/01/2008,2.4
07/01/2008,3.8
08/01/2008,9.1
09/01/2008,2.6
10/01/2008,0.0
11/01/2008,0.0
12/01/2008,0.0
13/01/2008,0.0
14/01/2008,0.0
15/01/2008,0.0
16/01/2008,0.7
17/01/2008,66.1
18/01/2008,7.3
19/01/2008,0.9
20/01/2008,0.4
21/01/2008,2.6
22/01/2008,0.5
23/01/2008,0.0
24/01/2008,0.0
25/01/2008,0.5
26/01/2008,0.5
27/01/2008,11.0
28/01/2008,0.6
29/01/2008,1.5
30/01/2008,0.0
31/01/2008,0.0
01/02/2008,23.0
02/02/2008,7.8
03/02/2008,0.2
04/02/2008,3.3
05/02/2008,4.2
06/02/2008,0.0
07/02/2008,0.0
08/02/2008,0.0
09/02/2008,0.0
10/02/2008,0.0
11/02/2008,0.0
12/02/2008,0.0
13/02/2008,0.0
14/02/2008,0.0
15/02/2008,0.0
16/02/2008,0.0
17/02/2008,0.0
18/02/2008,0.0
19/02/2008,0.0
20/02/2008,0.0
21/02/2008,0.0
22/02/2008,0.0
23/02/2008,0.0
24/02/2008,0.4
25/02/2008,66.6
26/02/2008,0.0
27/02/2008,30.7
28/02/2008,44.8
29/02/2008,0.3
01/03/2008,1.1
02/03/2008,1.0
03/03/2008,0.0
04/03/2008,6.8
05/03/2008,1.2
06/03/2008,25.3
07/03/2008,8.1
08/03/2008,2.9
09/03/2008,5.5
10/03/2008,6.9
11/03/2008,4.6
12/03/2008,9.1
13/03/2008,0.1
14/03/2008,0.4
15/03/2008,6.1
16/03/2008,0.0
17/03/2008,0.0
18/03/2008,0.0
19/03/2008,0.0
20/03/2008,0.0
21/03/2008,0.5
22/03/2008,0.0
23/03/2008,9.0
24/03/2008,5.5
25/03/2008,123.5
26/03/2008,2.0
27/03/2008,0.5
28/03/2008,0.0
29/03/2008,0.0
30/03/2008,0.0
31/03/2008,0.0
01/04/2008,0.0
02/04/2008,0.0
03/04/2008,0.5
04/04/2008,37.0
05/04/2008,0.0
06/04/2008,0.0
07/04/2008,0.0
08/04/2008,0.0
09/04/2008,0.0
10/04/2008,0.0
11/04/2008,0.0
12/04/2008,2.5
13/04/2008,0.5
14/04/2008,0.0
15/04/2008,1.0
16/04/2008,0.0
17/04/2008,0.0
18/04/2008,0.0
19/04/2008,0.0
20/04/2008,0.0
21/04/2008,0.0
22/04/2008,13.5
23/04/2008,18.8
24/04/2008,3.7
25/04/2008,0.0
26/04/2008,8.0
27/04/2008,0.0
28/04/2008,0.0
29/04/2008,36.5
30/04/2008,0.0
01/05/2008,0.0
02/05/2008,0.5
03/05/2008,1.0
04/05/2008,0.4
05/05/2008,10.0
06/05/2008,5.8
07/05/2008,26.3
08/05/2008,12.5
09/05/2008,0.5
10/05/2008,18.5
11/05/2008,1.0
12/05/2008,0.0
13/05/2008,0.0
14/05/2008,0.0
15/05/2008,0.0
16/05/2008,0.0
17/05/2008,0.0
18/05/2008,0.0
19/05/2008,0.4
20/05/2008,20.1
21/05/2008,0.0
22/05/2008,1.0
23/05/2008,0.0
24/05/2008,12.0
25/05/2008,29.0
26/05/2008,0.0
27/05/2008,0.5
28/05/2008,0.0
29/05/2008,0.0
30/05/2008,0.0
31/05/2008,0.0
01/06/2008,0.0
02/06/2008,0.0
03/06/2008,0.0
04/06/2008,0.0
05/06/2008,0.0
06/06/2008,0.5
07/06/2008,0.4
08/06/2008,5.9
09/06/2008,1.2
10/06/2008,23.1
11/06/2008,45.4
12/06/2008,2.4
13/06/2008,0.0
14/06/2008,0.0
15/06/2008,1.5
16/06/2008,16.5
17/06/2008,0.0
18/06/2008,0.0
19/06/2008,8.0
20/06/2008,0.0
21/06/2008,0.0
22/06/2008,6.0
23/06/2008,8.3
24/06/2008,0.2
25/06/2008,16.9
26/06/2008,8.1
27/06/2008,0.5
28/06/2008,0.5
29/06/2008,103.9
30/06/2008,0.1
01/07/2008,7.0
02/07/2008,42.0
03/07/2008,55.5
04/07/2008,1.0
05/07/2008,27.5
06/07/2008,4.0
07/07/2008,0.0
08/07/2008,0.0
09/07/2008,0.0
10/07/2008,55.5
11/07/2008,0.0
12/07/2008,0.0
13/07/2008,39.0
14/07/2008,2.5
15/07/2008,0.0
16/07/2008,0.5
17/07/2008,0.5
18/07/2008,0.0
19/07/2008,0.0
20/07/2008,14.0
21/07/2008,0.0
22/07/2008,3.0
23/07/2008,10.0
24/07/2008,33.5
25/07/2008,10.0
26/07/2008,9.8
27/07/2008,1.7
28/07/2008,15.0
29/07/2008,0.0
30/07/2008,0.0
31/07/2008,0.0
01/08/2008,0.0
02/08/2008,8.5
03/08/2008,0.5
04/08/2008,0.4
05/08/2008,72.6
06/08/2008,15.5
07/08/2008,10.5
08/08/2008,0.4
09/08/2008,0.1
10/08/2008,0.0
11/08/2008,6.5
12/08/2008,20.4
13/08/2008,2.5
14/08/2008,12.0
15/08/2008,0.0
16/08/2008,12.0
17/08/2008,7.8
18/08/2008,12.2
19/08/2008,1.0
20/08/2008,0.0
21/08/2008,8.5
22/08/2008,14.9
23/08/2008,15.3
24/08/2008,6.8
25/08/2008,0.0
26/08/2008,9.5
27/08/2008,0.0
28/08/2008,57.5
29/08/2008,4.5
30/08/2008,0.0
31/08/2008,0.0
01/09/2008,0.0
02/09/2008,10.0
03/09/2008,0.0
04/09/2008,0.5
05/09/2008,16.2
06/09/2008,47.9
07/09/2008,6.4
08/09/2008,0.5
09/09/2008,0.0
10/09/2008,0.0
11/09/2008,0.0
12/09/2008,0.0
13/09/2008,40.3
14/09/2008,4.9
15/09/2008,0.3
16/09/2008,1.5
17/09/2008,0.0
18/09/2008,0.0
19/09/2008,0.0
20/09/2008,0.0
21/09/2008,47.8
22/09/2008,0.7
23/09/2008,0.0
24/09/2008,0.0
25/09/2008,0.0
26/09/2008,52.5
27/09/2008,0.0
28/09/2008,24.5
29/09/2008,14.5
30/09/2008,0.0
01/10/2008,2.5
02/10/2008,0.0
03/10/2008,5.5
04/10/2008,42.0
05/10/2008,0.0
06/10/2008,0.0
07/10/2008,8.0
08/10/2008,0.0
09/10/2008,56.0
10/10/2008,0.0
11/10/2008,0.0
12/10/2008,6.0
13/10/2008,0.0
14/10/2008,0.0
15/10/2008,1.5
16/10/2008,0.5
17/10/2008,0.0
18/10/2008,0.0
19/10/2008,1.5
20/10/2008,2.5
21/10/2008,59.5
22/10/2008,1.7
23/10/2008,6.8
24/10/2008,9.5
25/10/2008,7.6
26/10/2008,1.4
27/10/2008,1.0
28/10/2008,0.5
29/10/2008,5.5
30/10/2008,22.5
31/10/2008,37.0
01/11/2008,0.4
02/11/2008,1.1
03/11/2008,0.0
04/11/2008,7.7
05/11/2008,0.3
06/11/2008,0.0
07/11/2008,0.0
08/11/2008,47.0
09/11/2008,32.2
10/11/2008,20.2
11/11/2008,30.8
12/11/2008,20.0
13/11/2008,13.8
14/11/2008,17.9
15/11/2008,0.0
16/11/2008,0.0
17/11/2008,14.5
18/11/2008,19.3
19/11/2008,123.3
20/11/2008,141.2
21/11/2008,31.3
22/11/2008,8.6
23/11/2008,8.1
24/11/2008,16.4
25/11/2008,32.4
26/11/2008,18.2
27/11/2008,44.0
28/11/2008,45.6
29/11/2008,127.2
30/11/2008,13.3
01/12/2008,229.0
02/12/2008,19.1
03/12/2008,1.5
04/12/2008,0.0
05/12/2008,36.8
06/12/2008,84.9
07/12/2008,21.7
08/12/2008,6.2
09/12/2008,0.0
10/12/2008,0.4
11/12/2008,8.6
12/12/2008,0.4
13/12/2008,4.3
14/12/2008,29.3
15/12/2008,6.9
16/12/2008,1.6
17/12/2008,0.7
18/12/2008,1.8
19/12/2008,10.4
20/12/2008,4.6
21/12/2008,3.5
22/12/2008,0.0
23/12/2008,2.4
24/12/2008,16.2
25/12/2008,37.0
26/12/2008,24.3
27/12/2008,15.1
28/12/2008,26.9
29/12/2008,36.1
30/12/2008,1.0
31/12/2008,44.0
01/01/2009,70.3
02/01/2009,88.5
03/01/2009,48.7
04/01/2009,52.5
05/01/2009,2.5
06/01/2009,0.0
07/01/2009,5.0
08/01/2009,3.0
09/01/2009,0.5
10/01/2009,9.0
11/01/2009,4.6
12/01/2009,12.7
13/01/2009,38.4
14/01/2009,25.8
15/01/2009,0.9
16/01/2009,15.6
17/01/2009,0.0
18/01/2009,0.0
19/01/2009,0.0
20/01/2009,0.0
21/01/2009,0.0
22/01/2009,0.4
23/01/2009,2.3
24/01/2009,22.6
25/01/2009,11.2
26/01/2009,0.9
27/01/2009,0.1
28/01/2009,0.0
29/01/2009,0.0
30/01/2009,0.0
31/01/2009,0.0
01/02/2009,0.0
02/02/2009,0.0
03/02/2009,0.0
04/02/2009,0.0
05/02/2009,0.0
06/02/2009,0.0
07/02/2009,0.0
08/02/2009,0.0
09/02/2009,0.0
10/02/2009,0.0
11/02/2009,0.0
12/02/2009,0.0
13/02/2009,0.0
14/02/2009,0.0
15/02/2009,1.0
16/02/2009,0.0
17/02/2009,0.0
18/02/2009,0.0
19/02/2009,0.0
20/02/2009,0.0
21/02/2009,4.5
22/02/2009,0.0
23/02/2009,0.0
24/02/2009,0.0
25/02/2009,3.0
26/02/2009,0.0
27/02/2009,0.0
28/02/2009,0.5
01/03/2009,39.0
02/03/2009,80.1
03/03/2009,186.9
04/03/2009,0.5
05/03/2009,0.5
06/03/2009,3.0
07/03/2009,0.0
08/03/2009,0.0
09/03/2009,1.5
10/03/2009,0.0
11/03/2009,0.0
12/03/2009,0.0
13/03/2009,0.0
14/03/2009,33.8
15/03/2009,78.7
16/03/2009,37.9
17/03/2009,47.7
18/03/2009,17.9
19/03/2009,57.1
20/03/2009,8.5
21/03/2009,17.5
22/03/2009,2.0
23/03/2009,21.5
24/03/2009,2.5
25/03/2009,0.0
26/03/2009,0.0
27/03/2009,105.0
28/03/2009,28.5
29/03/2009,2.0
30/03/2009,0.0
31/03/2009,0.4
01/04/2009,16.6
02/04/2009,14.5
03/04/2009,28.5
04/04/2009,0.3
05/04/2009,14.7
06/04/2009,0.4
07/04/2009,53.1
08/04/2009,5.0
09/04/2009,10.0
10/04/2009,1.5
11/04/2009,0.0
12/04/2009,0.5
13/04/2009,0.0
14/04/2009,0.0
15/04/2009,11.5
16/04/2009,0.0
17/04/2009,0.0
18/04/2009,2.0
19/04/2009,1.5
20/04/2009,0.0
21/04/2009,0.0
22/04/2009,0.0
23/04/2009,5.0
24/04/2009,26.0
25/04/2009,0.0
26/04/2009,0.0
27/04/2009,15.5
28/04/2009,3.5
29/04/2009,1.0
30/04/2009,0.0
01/05/2009,0.5
02/05/2009,45.6
03/05/2009,0.4
04/05/2009,0.0
05/05/2009,41.0
06/05/2009,0.5
07/05/2009,6.0
08/05/2009,8.7
09/05/2009,10.9
10/05/2009,9.4
11/05/2009,2.0
12/05/2009,18.0
13/05/2009,1.5
14/05/2009,22.5
15/05/2009,0.0
16/05/2009,23.5
17/05/2009,4.5
18/05/2009,0.0
19/05/2009,1.1
20/05/2009,1.6
21/05/2009,6.7
22/05/2009,0.3
23/05/2009,1.7
24/05/2009,11.5
25/05/2009,44.0
26/05/2009,43.7
27/05/2009,0.3
28/05/2009,7.0
29/05/2009,0.5
30/05/2009,13.5
31/05/2009,0.0
01/06/2009,0.0
02/06/2009,0.4
03/06/2009,4.1
04/06/2009,0.0
05/06/2009,0.0
06/06/2009,6.5
07/06/2009,48.5
08/06/2009,0.0
09/06/2009,0.0
10/06/2009,0.0
11/06/2009,1.0
12/06/2009,0.0
13/06/2009,0.0
14/06/2009,0.0
15/06/2009,0.0
16/06/2009,0.0
17/06/2009,0.0
18/06/2009,6.0
19/06/2009,0.0
20/06/2009,0.0
21/06/2009,0.0
22/06/2009,19.5
23/06/2009,23.8
24/06/2009,7.7
25/06/2009,0.0
26/06/2009,4.5
27/06/2009,19.5
28/06/2009,25.0
29/06/2009,3.0
30/06/2009,0.0
01/07/2009,4.5
02/07/2009,1.0
03/07/2009,22.5
04/07/2009,0.0
05/07/2009,0.0
06/07/2009,0.0
07/07/2009,1.0
08/07/2009,0.0
09/07/2009,0.0
10/07/2009,0.0
11/07/2009,4.8
12/07/2009,0.7
13/07/2009,0.0
14/07/2009,16.0
15/07/2009,0.0
16/07/2009,0.0
17/07/2009,0.0
18/07/2009,0.5
19/07/2009,0.5
20/07/2009,0.0
21/07/2009,3.5
22/07/2009,56.0
23/07/2009,30.7
24/07/2009,2.3
25/07/2009,0.0
26/07/2009,0.0
27/07/2009,9.4
28/07/2009,5.1
29/07/2009,0.0
30/07/2009,22.5
31/07/2009,0.0
01/08/2009,99.0
02/08/2009,23.0
03/08/2009,0.5
04/08/2009,3.5
05/08/2009,4.5
06/08/2009,4.5
07/08/2009,11.0
08/08/2009,0.5
09/08/2009,8.0
10/08/2009,0.0
11/08/2009,0.5
12/08/2009,18.0
13/08/2009,0.0
14/08/2009,0.0
15/08/2009,0.0
16/08/2009,0.0
17/08/2009,0.0
18/08/2009,0.0
19/08/2009,0.0
20/08/2009,0.0
21/08/2009,0.0
22/08/2009,11.0
23/08/2009,24.5
24/08/2009,7.2
25/08/2009,0.3
26/08/2009,3.0
27/08/2009,6.0
28/08/2009,36.0
29/08/2009,49.6
30/08/2009,7.4
31/08/2009,14.5
01/09/2009,0.0
02/09/2009,0.0
03/09/2009,3.0
04/09/2009,12.8
05/09/2009,2.7
06/09/2009,2.5
07/09/2009,0.5
08/09/2009,3.0
09/09/2009,0.0
10/09/2009,0.5
11/09/2009,0.5
12/09/2009,52.7
13/09/2009,6.8
14/09/2009,4.5
15/09/2009,4.0
16/09/2009,1.8
17/09/2009,0.7
18/09/2009,8.0
19/09/2009,0.0
20/09/2009,0.0
21/09/2009,27.5
22/09/2009,57.5
23/09/2009,18.0
24/09/2009,10.5
25/09/2009,0.5
26/09/2009,4.0
27/09/2009,0.0
28/09/2009,0.0
29/09/2009,0.0
30/09/2009,2.0
01/10/2009,0.0
02/10/2009,0.0
03/10/2009,130.9
04/10/2009,10.6
05/10/2009,5.7
06/10/2009,0.3
07/10/2009,0.0
08/10/2009,92.5
09/10/2009,22.5
10/10/2009,57.0
11/10/2009,0.5
12/10/2009,2.5
13/10/2009,0.5
14/10/2009,0.0
15/10/2009,0.0
16/10/2009,0.0
17/10/2009,0.0
18/10/2009,0.0
19/10/2009,0.0
20/10/2009,0.0
21/10/2009,0.0
22/10/2009,0.0
23/10/2009,0.0
24/10/2009,0.0
25/10/2009,0.0
26/10/2009,0.0
27/10/2009,0.0
28/10/2009,0.0
29/10/2009,0.0
30/10/2009,0.0
31/10/2009,0.0
01/11/2009,2.7
02/11/2009,12.8
03/11/2009,8.1
04/11/2009,104.0
05/11/2009,165.6
06/11/2009,142.1
07/11/2009,0.3
08/11/2009,5.0
09/11/2009,56.0
10/11/2009,9.5
11/11/2009,0.5
12/11/2009,0.8
13/11/2009,8.8
14/11/2009,1.4
15/11/2009,2.0
16/11/2009,0.0
17/11/2009,18.6
18/11/2009,76.3
19/11/2009,91.3
20/11/2009,94.4
21/11/2009,182.9
22/11/2009,137.3
23/11/2009,68.7
24/11/2009,68.8
25/11/2009,0.0
26/11/2009,0.0
27/11/2009,0.4
28/11/2009,2.1
29/11/2009,1.1
30/11/2009,106.7
01/12/2009,173.8
02/12/2009,248.7
03/12/2009,54.2
04/12/2009,11.8
05/12/2009,1.1
06/12/2009,2.6
07/12/2009,2.0
08/12/2009,3.0
09/12/2009,0.4
10/12/2009,0.1
11/12/2009,0.0
12/12/2009,0.0
13/12/2009,0.4
14/12/2009,42.6
15/12/2009,10.5
16/12/2009,7.5
17/12/2009,50.4
18/12/2009,25.9
19/12/2009,33.9
20/12/2009,0.9
21/12/2009,2.5
22/12/2009,5.7
23/12/2009,7.7
24/12/2009,3.6
25/12/2009,4.1
26/12/2009,8.9
27/12/2009,42.4
28/12/2009,0.0
29/12/2009,6.5
30/12/2009,0.0
31/12/2009,0.3
01/01/2010,24.9
02/01/2010,10.7
03/01/2010,15.0
04/01/2010,50.0
05/01/2010,0.5
06/01/2010,60.5
07/01/2010,35.0
08/01/2010,3.5
09/01/2010,0.0
10/01/2010,0.0
11/01/2010,0.0
12/01/2010,0.5
13/01/2010,4.0
14/01/2010,0.0
15/01/2010,0.5
16/01/2010,0.5
17/01/2010,0.0
18/01/2010,0.0
19/01/2010,0.0
20/01/2010,8.8
21/01/2010,12.2
22/01/2010,0.0
23/01/2010,0.0
24/01/2010,0.5
25/01/2010,0.4
26/01/2010,82.2
27/01/2010,8.9
28/01/2010,0.0
29/01/2010,0.0
30/01/2010,0.0
31/01/2010,0.0
01/02/2010,0.0
02/02/2010,0.0
03/02/2010,0.0
04/02/2010,0.0
05/02/2010,0.0
06/02/2010,0.4
07/02/2010,5.1
08/02/2010,0.0
09/02/2010,12.0
10/02/2010,0.5
11/02/2010,0.0
12/02/2010,0.0
13/02/2010,0.5
14/02/2010,0.0
15/02/2010,0.0
16/02/2010,0.4
17/02/2010,13.1
18/02/2010,5.5
19/02/2010,0.0
20/02/2010,0.5
21/02/2010,3.0
22/02/2010,0.0
23/02/2010,0.0
24/02/2010,0.0
25/02/2010,0.0
26/02/2010,0.0
27/02/2010,0.0
28/02/2010,0.0
01/03/2010,0.0
02/03/2010,0.0
03/03/2010,0.0
04/03/2010,0.0
05/03/2010,0.0
06/03/2010,0.0
07/03/2010,0.0
08/03/2010,0.5
09/03/2010,0.0
10/03/2010,2.5
11/03/2010,14.9
12/03/2010,23.7
13/03/2010,21.9
14/03/2010,21.1
15/03/2010,0.0
16/03/2010,0.0
17/03/2010,1.0
18/03/2010,2.0
19/03/2010,24.7
20/03/2010,15.3
21/03/2010,7.0
22/03/2010,0.5
23/03/2010,0.0
24/03/2010,0.0
25/03/2010,0.0
26/03/2010,0.0
27/03/2010,0.5
28/03/2010,3.0
29/03/2010,101.5
30/03/2010,22.5
31/03/2010,0.0
01/04/2010,37.0
02/04/2010,7.5
03/04/2010,0.5
04/04/2010,3.5
05/04/2010,4.5
06/04/2010,0.0
07/04/2010,0.0
08/04/2010,1.5
09/04/2010,0.0
10/04/2010,0.0
11/04/2010,0.0
12/04/2010,0.0
13/04/2010,0.0
14/04/2010,0.0
15/04/2010,0.0
16/04/2010,1.2
17/04/2010,0.3
18/04/2010,0.5
19/04/2010,0.0
20/04/2010,0.0
21/04/2010,0.0
22/04/2010,0.0
23/04/2010,0.0
24/04/2010,0.4
25/04/2010,39.4
26/04/2010,53.7
27/04/2010,0.0
28/04/2010,4.0
29/04/2010,7.5
30/04/2010,0.5
01/05/2010,0.0
02/05/2010,0.0
03/05/2010,0.0
04/05/2010,0.0
05/05/2010,1.0
06/05/2010,0.0
07/05/2010,0.0
08/05/2010,0.0
09/05/2010,0.0
10/05/2010,0.0
11/05/2010,0.0
12/05/2010,6.5
13/05/2010,8.5
14/05/2010,0.0
15/05/2010,0.0
16/05/2010,13.3
17/05/2010,2.7
18/05/2010,4.6
19/05/2010,13.8
20/05/2010,0.1
21/05/2010,0.0
22/05/2010,49.5
23/05/2010,0.0
24/05/2010,0.0
25/05/2010,0.5
26/05/2010,0.0
27/05/2010,0.0
28/05/2010,0.0
29/05/2010,9.5
30/05/2010,16.0
31/05/2010,8.5
01/06/2010,0.0
02/06/2010,2.5
03/06/2010,0.0
04/06/2010,0.0
05/06/2010,59.5
06/06/2010,17.0
07/06/2010,19.5
08/06/2010,0.5
09/06/2010,1.9
10/06/2010,0.1
11/06/2010,0.0
12/06/2010,0.5
13/06/2010,27.5
14/06/2010,0.5
15/06/2010,0.5
16/06/2010,35.5
17/06/2010,0.0
18/06/2010,0.5
19/06/2010,0.0
20/06/2010,0.0
21/06/2010,0.0
22/06/2010,2.0
23/06/2010,52.0
24/06/2010,0.5
25/06/2010,10.5
26/06/2010,0.0
27/06/2010,0.0
28/06/2010,4.0
29/06/2010,38.5
30/06/2010,0.0
01/07/2010,0.0
02/07/2010,0.4
03/07/2010,14.1
04/07/2010,0.0
05/07/2010,0.0
06/07/2010,0.0
07/07/2010,67.0
08/07/2010,0.5
09/07/2010,1.0
10/07/2010,0.0
11/07/2010,1.2
12/07/2010,0.3
13/07/2010,0.0
14/07/2010,4.5
15/07/2010,3.7
16/07/2010,15.8
17/07/2010,4.0
18/07/2010,13.9
19/07/2010,23.1
20/07/2010,0.0
21/07/2010,0.0
22/07/2010,21.3
23/07/2010,5.2
24/07/2010,0.5
25/07/2010,3.5
26/07/2010,0.0
27/07/2010,0.4
28/07/2010,3.1
29/07/2010,2.0
30/07/2010,7.5
31/07/2010,4.0
01/08/2010,2.3
02/08/2010,1.7
03/08/2010,30.5
04/08/2010,25.9
05/08/2010,3.1
06/08/2010,0.0
07/08/2010,10.0
08/08/2010,0.0
09/08/2010,0.0
10/08/2010,0.0
11/08/2010,10.0
12/08/2010,0.0
13/08/2010,0.0
14/08/2010,0.4
15/08/2010,2.6
16/08/2010,0.0
17/08/2010,0.0
18/08/2010,12.8
19/08/2010,28.2
20/08/2010,0.0
21/08/2010,0.0
22/08/2010,16.0
23/08/2010,5.5
24/08/2010,0.0
25/08/2010,0.5
26/08/2010,11.0
27/08/2010,0.5
28/08/2010,25.5
29/08/2010,8.5
30/08/2010,0.0
31/08/2010,0.0
01/09/2010,2.0
02/09/2010,24.0
03/09/2010,44.1
04/09/2010,28.4
05/09/2010,1.5
06/09/2010,7.0
07/09/2010,0.3
08/09/2010,12.7
09/09/2010,1.0
10/09/2010,0.5
11/09/2010,0.5
12/09/2010,4.5
13/09/2010,0.5
14/09/2010,1.4
15/09/2010,4.6
16/09/2010,0.4
17/09/2010,26.7
18/09/2010,0.8
19/09/2010,0.0
20/09/2010,10.0
21/09/2010,0.0
22/09/2010,0.0
23/09/2010,2.5
24/09/2010,4.0
25/09/2010,1.0
26/09/2010,0.0
27/09/2010,1.1
28/09/2010,1.2
29/09/2010,0.1
30/09/2010,18.5
01/10/2010,28.0
02/10/2010,23.0
03/10/2010,11.0
04/10/2010,32.0
05/10/2010,4.0
06/10/2010,17.9
07/10/2010,6.6
08/10/2010,0.0
09/10/2010,0.0
10/10/2010,0.0
11/10/2010,0.0
12/10/2010,0.0
13/10/2010,1.0
14/10/2010,14.5
15/10/2010,0.0
16/10/2010,0.0
17/10/2010,0.4
18/10/2010,1.5
19/10/2010,1.0
20/10/2010,6.6
21/10/2010,0.0
22/10/2010,0.5
23/10/2010,0.0
24/10/2010,0.5
25/10/2010,16.0
26/10/2010,0.5
27/10/2010,0.0
28/10/2010,0.0
29/10/2010,0.0
30/10/2010,0.5
31/10/2010,1.0
01/11/2010,5.1
02/11/2010,0.4
03/11/2010,6.0
04/11/2010,10.0
05/11/2010,6.0
06/11/2010,0.0
07/11/2010,7.0
08/11/2010,1.1
09/11/2010,0.4
10/11/2010,53.0
11/11/2010,1.0
12/11/2010,2.0
13/11/2010,0.0
14/11/2010,13.4
15/11/2010,73.6
16/11/2010,4.0
17/11/2010,14.0
18/11/2010,0.5
19/11/2010,3.9
20/11/2010,20.1
21/11/2010,4.5
22/11/2010,5.5
23/11/2010,38.5
24/11/2010,46.0
25/11/2010,1.0
26/11/2010,17.8
27/11/2010,46.0
28/11/2010,2.8
29/11/2010,30.4
30/11/2010,7.4
01/12/2010,20.2
02/12/2010,13.8
03/12/2010,23.2
04/12/2010,97.4
05/12/2010,25.1
06/12/2010,0.5
07/12/2010,81.0
08/12/2010,3.0
09/12/2010,0.5
10/12/2010,8.5
11/12/2010,0.0
12/12/2010,0.0
13/12/2010,35.0
14/12/2010,3.5
15/12/2010,0.0
16/12/2010,6.5
17/12/2010,65.4
18/12/2010,63.9
19/12/2010,8.6
20/12/2010,52.5
21/12/2010,18.5
22/12/2010,0.1
23/12/2010,24.7
24/12/2010,0.8
25/12/2010,0.0
26/12/2010,0.0
27/12/2010,23.9
28/12/2010,70.3
29/12/2010,83.9
30/12/2010,148.4
31/12/2010,42.7
01/01/2011,22.0
02/01/2011,50.2
03/01/2011,6.6
04/01/2011,58.9
05/01/2011,47.2
06/01/2011,316.1
07/01/2011,130.1
08/01/2011,23.8
09/01/2011,4.4
10/01/2011,9.6
11/01/2011,0.5
12/01/2011,0.0
13/01/2011,0.0
14/01/2011,0.0
15/01/2011,0.0
16/01/2011,0.5
17/01/2011,11.0
18/01/2011,0.0
19/01/2011,0.0
20/01/2011,0.0
21/01/2011,0.0
22/01/2011,0.0
23/01/2011,0.4
24/01/2011,6.1
25/01/2011,15.7
26/01/2011,18.9
27/01/2011,27.4
28/01/2011,26.9
29/01/2011,10.1
30/01/2011,21.0
31/01/2011,5.2
01/02/2011,6.1
02/02/2011,2.8
03/02/2011,0.5
04/02/2011,0.0
05/02/2011,0.0
06/02/2011,0.0
07/02/2011,0.0
08/02/2011,0.0
09/02/2011,0.0
10/02/2011,0.0
11/02/2011,0.0
12/02/2011,0.0
13/02/2011,0.0
14/02/2011,0.4
15/02/2011,29.6
16/02/2011,0.5
17/02/2011,0.0
18/02/2011,0.0
19/02/2011,0.0
20/02/2011,0.0
21/02/2011,2.0
22/02/2011,20.8
23/02/2011,1.2
24/02/2011,0.0
25/02/2011,0.0
26/02/2011,0.0
27/02/2011,0.0
28/02/2011,0.0
01/03/2011,0.0
02/03/2011,0.0
03/03/2011,0.0
04/03/2011,0.0
05/03/2011,0.5
06/03/2011,0.0
07/03/2011,7.7
08/03/2011,44.4
09/03/2011,82.9
10/03/2011,3.0
11/03/2011,32.7
12/03/2011,51.2
13/03/2011,7.4
14/03/2011,11.4
15/03/2011,9.2
16/03/2011,15.0
17/03/2011,50.0
18/03/2011,0.3
19/03/2011,5.4
20/03/2011,23.7
21/03/2011,8.0
22/03/2011,0.8
23/03/2011,1.7
24/03/2011,52.8
25/03/2011,14.2
26/03/2011,71.5
27/03/2011,12.0
28/03/2011,25.4
29/03/2011,119.4
30/03/2011,91.6
31/03/2011,4.6
01/04/2011,7.5
02/04/2011,14.5
03/04/2011,0.0
04/04/2011,0.0
05/04/2011,0.0
06/04/2011,1.0
07/04/2011,0.0
08/04/2011,0.0
09/04/2011,66.4
10/04/2011,72.4
11/04/2011,2.2
12/04/2011,0.0
13/04/2011,0.5
14/04/2011,40.5
15/04/2011,0.0
16/04/2011,0.0
17/04/2011,0.0
18/04/2011,0.0
19/04/2011,0.0
20/04/2011,0.0
21/04/2011,0.0
22/04/2011,0.0
23/04/2011,0.0
24/04/2011,0.0
25/04/2011,0.0
26/04/2011,0.4
27/04/2011,3.1
28/04/2011,0.0
29/04/2011,3.0
30/04/2011,0.0
01/05/2011,0.5
02/05/2011,0.0
03/05/2011,0.0
04/05/2011,0.0
05/05/2011,11.0
06/05/2011,0.0
07/05/2011,2.5
08/05/2011,0.5
09/05/2011,46.5
10/05/2011,2.0
11/05/2011,0.0
12/05/2011,0.0
13/05/2011,2.3
14/05/2011,5.2
15/05/2011,5.0
16/05/2011,0.0
17/05/2011,6.0
18/05/2011,20.5
19/05/2011,9.5
20/05/2011,31.5
21/05/2011,13.5
22/05/2011,0.0
23/05/2011,0.0
24/05/2011,2.0
25/05/2011,0.0
26/05/2011,0.9
27/05/2011,49.1
28/05/2011,0.0
29/05/2011,17.5
30/05/2011,14.0
31/05/2011,0.0
01/06/2011,0.0
02/06/2011,31.0
03/06/2011,1.0
04/06/2011,0.0
05/06/2011,10.5
06/06/2011,8.0
07/06/2011,132.0
08/06/2011,42.9
09/06/2011,2.1
10/06/2011,3.5
11/06/2011,41.0
12/06/2011,0.0
13/06/2011,22.0
14/06/2011,1.0
15/06/2011,0.5
16/06/2011,0.5
17/06/2011,4.5
18/06/2011,34.5
19/06/2011,1.5
20/06/2011,1.5
21/06/2011,7.0
22/06/2011,13.0
23/06/2011,0.0
24/06/2011,12.0
25/06/2011,19.2
26/06/2011,4.7
27/06/2011,1.1
28/06/2011,0.0
29/06/2011,8.0
30/06/2011,10.0
01/07/2011,0.5
02/07/2011,14.5
03/07/2011,0.0
04/07/2011,1.0
05/07/2011,4.3
06/07/2011,0.2
07/07/2011,18.0
08/07/2011,0.4
09/07/2011,1.6
10/07/2011,4.0
11/07/2011,0.0
12/07/2011,36.3
13/07/2011,6.2
14/07/2011,0.0
15/07/2011,0.0
16/07/2011,0.0
17/07/2011,3.6
18/07/2011,0.4
19/07/2011,2.0
20/07/2011,0.0
21/07/2011,0.5
22/07/2011,1.0
23/07/2011,87.4
24/07/2011,42.3
25/07/2011,2.3
26/07/2011,19.4
21/09/2011,2.0
22/09/2011,1.3
23/09/2011,2.2
24/09/2011,0.0
25/09/2011,11.7
26/09/2011,84.4
27/09/2011,27.4
28/09/2011,1.5
29/09/2011,6.0
30/09/2011,0.0
01/10/2011,39.0
02/10/2011,4.5
03/10/2011,1.9
04/10/2011,76.3
05/10/2011,55.3
06/10/2011,1.0
07/10/2011,9.0
08/10/2011,40.5
09/10/2011,0.5
10/10/2011,15.7
11/10/2011,67.8
12/10/2011,3.5
13/10/2011,0.0
14/10/2011,17.5
15/10/2011,32.0
16/10/2011,1.0
17/10/2011,1.6
18/10/2011,50.7
19/10/2011,13.1
20/10/2011,19.1
21/10/2011,7.9
22/10/2011,0.5
23/10/2011,14.5
24/10/2011,16.3
25/10/2011,4.6
26/10/2011,11.9
27/10/2011,38.6
28/10/2011,1.2
29/10/2011,24.5
30/10/2011,40.3
31/10/2011,40.7
01/11/2011,15.8
02/11/2011,0.7
03/11/2011,1.3
04/11/2011,1.0
05/11/2011,41.9
06/11/2011,20.1
07/11/2011,25.0
08/11/2011,8.5
09/11/2011,1.0
10/11/2011,0.0
11/11/2011,0.5
12/11/2011,51.5
13/11/2011,1.1
14/11/2011,15.3
15/11/2011,34.2
16/11/2011,20.4
17/11/2011,0.0
18/11/2011,0.0
19/11/2011,8.8
20/11/2011,59.3
21/11/2011,235.8
22/11/2011,167.6
23/11/2011,220.8
24/11/2011,59.6
25/11/2011,24.1
26/11/2011,31.6
27/11/2011,16.7
28/11/2011,12.7
29/11/2011,44.5
30/11/2011,0.5
01/12/2011,12.0
02/12/2011,0.0
03/12/2011,0.0
04/12/2011,94.5
05/12/2011,4.0
06/12/2011,0.0
07/12/2011,0.5
08/12/2011,0.0
09/12/2011,2.5
10/12/2011,60.8
11/12/2011,19.7
12/12/2011,33.0
13/12/2011,0.0
14/12/2011,0.5
15/12/2011,47.7
16/12/2011,18.9
17/12/2011,22.4
18/12/2011,5.8
19/12/2011,44.4
20/12/2011,14.2
21/12/2011,31.9
22/12/2011,11.8
23/12/2011,15.7
24/12/2011,7.2
25/12/2011,13.0
26/12/2011,1.6
27/12/2011,14.9
28/12/2011,23.2
29/12/2011,2.5
30/12/2011,32.4
31/12/2011,73.0
01/01/2012,46.8
02/01/2012,38.7
03/01/2012,7.2
04/01/2012,0.0
05/01/2012,0.0
06/01/2012,0.0
07/01/2012,0.0
08/01/2012,0.5
09/01/2012,11.1
10/01/2012,23.6
11/01/2012,40.4
12/01/2012,13.0
13/01/2012,62.6
14/01/2012,175.9
15/01/2012,13.5
16/01/2012,62.7
17/01/2012,4.5
18/01/2012,31.8
19/01/2012,48.2
20/01/2012,26.3
21/01/2012,0.0
22/01/2012,0.0
23/01/2012,0.0
24/01/2012,0.0
25/01/2012,0.0
26/01/2012,0.0
27/01/2012,1.3
28/01/2012,27.7
29/01/2012,11.0
30/01/2012,0.5
31/01/2012,14.5
01/02/2012,4.0
02/02/2012,4.1
03/02/2012,2.3
04/02/2012,1.7
05/02/2012,0.0
06/02/2012,0.0
07/02/2012,0.0
08/02/2012,0.0
09/02/2012,0.0
10/02/2012,0.0
11/02/2012,0.9
12/02/2012,2.1
13/02/2012,1.0
14/02/2012,0.0
15/02/2012,0.0
16/02/2012,0.0
17/02/2012,0.0
18/02/2012,37.0
19/02/2012,0.0
20/02/2012,0.0
21/02/2012,0.0
22/02/2012,0.0
23/02/2012,0.0
24/02/2012,0.0
25/02/2012,0.5
26/02/2012,3.5
27/02/2012,0.0
28/02/2012,7.5
29/02/2012,11.0
01/03/2012,14.5
02/03/2012,21.0
03/03/2012,62.0
04/03/2012,43.0
05/03/2012,24.5
06/03/2012,0.0
07/03/2012,0.0
08/03/2012,4.5
09/03/2012,0.4
10/03/2012,4.9
11/03/2012,8.0
12/03/2012,63.7
13/03/2012,6.8
14/03/2012,0.7
15/03/2012,7.5
16/03/2012,0.0
17/03/2012,0.0
18/03/2012,0.0
19/03/2012,0.0
20/03/2012,0.0
21/03/2012,0.0
22/03/2012,0.0
23/03/2012,33.5
24/03/2012,0.5
25/03/2012,0.0
26/03/2012,12.9
27/03/2012,2.1
28/03/2012,0.0
29/03/2012,0.0
30/03/2012,0.0
31/03/2012,0.0
01/04/2012,0.0
02/04/2012,1.0
03/04/2012,0.0
04/04/2012,1.0
05/04/2012,0.0
06/04/2012,1.5
07/04/2012,0.0
08/04/2012,36.7
09/04/2012,18.2
10/04/2012,0.1
11/04/2012,0.0
12/04/2012,0.0
13/04/2012,0.0
14/04/2012,0.0
15/04/2012,0.0
16/04/2012,0.0
17/04/2012,0.0
18/04/2012,0.0
19/04/2012,1.5
20/04/2012,0.0
21/04/2012,1.0
22/04/2012,0.0
23/04/2012,0.0
24/04/2012,0.0
25/04/2012,0.0
26/04/2012,7.0
27/04/2012,0.0
28/04/2012,0.0
29/04/2012,65.5
30/04/2012,0.5
01/05/2012,0.0
02/05/2012,5.5
03/05/2012,0.0
04/05/2012,40.9
05/05/2012,1.6
06/05/2012,7.0
07/05/2012,0.0
08/05/2012,5.5
09/05/2012,0.0
10/05/2012,0.0
11/05/2012,0.5
12/05/2012,1.0
13/05/2012,0.0
14/05/2012,0.0
15/05/2012,10.5
16/05/2012,0.0
17/05/2012,0.0
18/05/2012,2.5
19/05/2012,0.0
20/05/2012,0.0
21/05/2012,5.5
22/05/2012,3.0
23/05/2012,10.5
24/05/2012,2.3
25/05/2012,1.2
26/05/2012,0.0
27/05/2012,9.7
28/05/2012,55.8
29/05/2012,0.5
30/05/2012,3.0
31/05/2012,4.0
01/06/2012,0.5
02/06/2012,5.0
03/06/2012,0.0
04/06/2012,4.0
05/06/2012,0.5
06/06/2012,0.0
07/06/2012,21.5
08/06/2012,15.0
09/06/2012,8.5
10/06/2012,19.9
11/06/2012,3.1
12/06/2012,0.0
13/06/2012,0.0
14/06/2012,0.0
15/06/2012,0.0
16/06/2012,0.0
17/06/2012,1.0
18/06/2012,0.0
19/06/2012,4.0
20/06/2012,0.0
21/06/2012,0.0
22/06/2012,0.0
23/06/2012,12.0
24/06/2012,1.0
25/06/2012,0.5
26/06/2012,14.0
27/06/2012,4.0
28/06/2012,0.0
29/06/2012,0.0
30/06/2012,0.0
01/07/2012,4.0
02/07/2012,3.5
03/07/2012,0.5
04/07/2012,79.0
05/07/2012,19.1
06/07/2012,10.9
07/07/2012,0.0
08/07/2012,0.4
09/07/2012,45.1
10/07/2012,0.5
11/07/2012,0.4
12/07/2012,2.1
13/07/2012,0.0
14/07/2012,0.8
15/07/2012,0.2
16/07/2012,0.0
17/07/2012,0.5
18/07/2012,9.2
19/07/2012,29.2
20/07/2012,1.6
21/07/2012,43.0
22/07/2012,7.5
23/07/2012,0.0
24/07/2012,0.0
25/07/2012,0.0
26/07/2012,0.0
27/07/2012,7.0
28/07/2012,0.5
29/07/2012,0.0
30/07/2012,0.0
31/07/2012,0.0
01/08/2012,0.0
02/08/2012,0.0
03/08/2012,3.5
04/08/2012,0.9
05/08/2012,1.1
06/08/2012,1.5
07/08/2012,34.5
08/08/2012,1.4
09/08/2012,12.6
10/08/2012,0.0
11/08/2012,0.0
12/08/2012,0.0
13/08/2012,0.0
14/08/2012,0.0
15/08/2012,54.5
16/08/2012,6.0
17/08/2012,0.0
18/08/2012,0.0
19/08/2012,0.0
20/08/2012,0.0
21/08/2012,42.3
22/08/2012,8.7
23/08/2012,0.0
24/08/2012,0.9
25/08/2012,3.6
26/08/2012,0.0
27/08/2012,81.2
28/08/2012,1.3
29/08/2012,0.0
30/08/2012,6.5
31/08/2012,0.0
01/09/2012,7.0
02/09/2012,20.0
03/09/2012,0.5
04/09/2012,1.0
05/09/2012,11.2
06/09/2012,0.3
07/09/2012,22.5
08/09/2012,0.0
09/09/2012,0.0
10/09/2012,0.5
11/09/2012,23.0
12/09/2012,29.9
13/09/2012,39.8
14/09/2012,9.8
15/09/2012,4.0
16/09/2012,0.0
17/09/2012,25.5
18/09/2012,3.9
19/09/2012,26.6
20/09/2012,1.0
21/09/2012,0.5
22/09/2012,9.0
23/09/2012,0.0
24/09/2012,32.0
25/09/2012,23.5
26/09/2012,7.8
27/09/2012,0.7
28/09/2012,5.5
29/09/2012,0.0
30/09/2012,0.0
01/10/2012,0.5
02/10/2012,11.0
03/10/2012,8.0
04/10/2012,10.5
05/10/2012,0.0
06/10/2012,19.9
07/10/2012,2.6
08/10/2012,6.3
09/10/2012,3.2
10/10/2012,0.0
11/10/2012,0.0
12/10/2012,0.5
13/10/2012,2.0
14/10/2012,1.0
15/10/2012,0.0
16/10/2012,37.0
17/10/2012,0.8
18/10/2012,9.6
19/10/2012,37.5
20/10/2012,0.4
21/10/2012,38.0
22/10/2012,29.0
23/10/2012,1.0
24/10/2012,6.0
25/10/2012,0.4
26/10/2012,3.6
27/10/2012,0.0
28/10/2012,0.0
29/10/2012,0.0
30/10/2012,0.4
31/10/2012,4.6
01/11/2012,8.5
02/11/2012,0.0
03/11/2012,2.4
04/11/2012,11.1
05/11/2012,0.0
06/11/2012,0.0
07/11/2012,0.0
08/11/2012,0.0
09/11/2012,0.0
10/11/2012,0.0
11/11/2012,0.0
12/11/2012,1.4
13/11/2012,12.6
14/11/2012,0.5
15/11/2012,0.0
16/11/2012,0.0
17/11/2012,0.0
18/11/2012,0.0
19/11/2012,1.0
20/11/2012,6.0
21/11/2012,0.0
22/11/2012,0.0
23/11/2012,0.0
24/11/2012,7.5
25/11/2012,0.5
26/11/2012,0.4
27/11/2012,31.8
28/11/2012,0.3
29/11/2012,0.9
30/11/2012,4.1
01/12/2012,2.5
02/12/2012,0.5
03/12/2012,0.0
04/12/2012,16.0
05/12/2012,1.3
06/12/2012,5.2
07/12/2012,20.0
08/12/2012,0.5
09/12/2012,3.0
10/12/2012,0.0
11/12/2012,5.5
12/12/2012,2.8
13/12/2012,27.1
14/12/2012,3.0
15/12/2012,36.1
16/12/2012,109.2
17/12/2012,12.9
18/12/2012,25.1
19/12/2012,17.2
20/12/2012,72.1
21/12/2012,29.5
22/12/2012,94.8
23/12/2012,200.4
24/12/2012,282.8
25/12/2012,29.5
26/12/2012,24.3
27/12/2012,8.6
28/12/2012,29.6
29/12/2012,0.4
30/12/2012,7.4
31/12/2012,211.2
01/01/2013,25.8
02/01/2013,55.2
03/01/2013,135.0
04/01/2013,9.0
05/01/2013,0.0
06/01/2013,0.0
07/01/2013,0.3
08/01/2013,1.7
09/01/2013,15.0
10/01/2013,0.0
11/01/2013,10.7
12/01/2013,0.3
13/01/2013,0.0
14/01/2013,0.0
15/01/2013,2.5
16/01/2013,0.0
17/01/2013,0.5
18/01/2013,30.2
19/01/2013,3.5
20/01/2013,27.2
21/01/2013,56.6
22/01/2013,12.0
23/01/2013,32.6
24/01/2013,10.4
25/01/2013,0.0
26/01/2013,0.0
27/01/2013,0.0
28/01/2013,0.0
29/01/2013,0.0
30/01/2013,0.0
31/01/2013,0.5
01/02/2013,1.0
02/02/2013,0.5
03/02/2013,5.1
04/02/2013,4.4
05/02/2013,0.5
06/02/2013,1.0
07/02/2013,0.0
08/02/2013,0.0
09/02/2013,0.0
10/02/2013,0.0
11/02/2013,22.5
12/02/2013,114.0
13/02/2013,5.4
14/02/2013,9.7
15/02/2013,66.1
16/02/2013,18.7
17/02/2013,2.7
18/02/2013,0.5
19/02/2013,0.0
20/02/2013,0.0
21/02/2013,0.0
22/02/2013,3.0
23/02/2013,5.9
24/02/2013,62.6
25/02/2013,275.4
26/02/2013,86.2
27/02/2013,9.5
28/02/2013,12.9
01/03/2013,27.5
02/03/2013,0.5
03/03/2013,0.0
04/03/2013,0.9
05/03/2013,4.0
06/03/2013,18.7
07/03/2013,30.3
08/03/2013,0.0
09/03/2013,0.0
10/03/2013,0.0
11/03/2013,0.0
12/03/2013,0.0
13/03/2013,0.0
14/03/2013,0.0
15/03/2013,6.0
16/03/2013,7.5
17/03/2013,0.0
18/03/2013,0.0
19/03/2013,0.0
20/03/2013,0.0
21/03/2013,0.0
22/03/2013,0.0
23/03/2013,0.0
24/03/2013,0.0
25/03/2013,0.0
26/03/2013,0.0
27/03/2013,0.0
28/03/2013,0.0
29/03/2013,0.0
30/03/2013,0.0
31/03/2013,0.0
01/04/2013,0.0
02/04/2013,0.0
03/04/2013,1.0
04/04/2013,0.0
05/04/2013,0.0
06/04/2013,0.0
07/04/2013,0.0
08/04/2013,0.0
09/04/2013,0.0
10/04/2013,1.0
11/04/2013,6.5
12/04/2013,2.5
13/04/2013,7.1
14/04/2013,1.4
15/04/2013,0.5
16/04/2013,0.0
17/04/2013,0.0
18/04/2013,0.0
19/04/2013,0.0
20/04/2013,0.0
21/04/2013,0.0
22/04/2013,0.0
23/04/2013,0.0
24/04/2013,0.0
25/04/2013,0.0
26/04/2013,0.0
27/04/2013,0.0
28/04/2013,0.0
29/04/2013,0.0
30/04/2013,0.0
01/05/2013,0.0
02/05/2013,0.0
03/05/2013,0.0
04/05/2013,0.0
05/05/2013,0.0
06/05/2013,0.0
07/05/2013,0.0
08/05/2013,0.0
09/05/2013,0.0
10/05/2013,0.0
11/05/2013,0.0
12/05/2013,0.0
13/05/2013,0.0
14/05/2013,0.0
15/05/2013,0.0
16/05/2013,0.0
17/05/2013,79.5
18/05/2013,0.5
19/05/2013,0.0
20/05/2013,17.0
21/05/2013,0.0
22/05/2013,0.0
23/05/2013,4.5
24/05/2013,5.0
25/05/2013,13.0
26/05/2013,7.0
27/05/2013,0.5
28/05/2013,2.3
29/05/2013,0.6
30/05/2013,7.0
31/05/2013,0.1
01/06/2013,0.0
02/06/2013,0.0
03/06/2013,0.4
04/06/2013,0.6
05/06/2013,0.6
06/06/2013,0.9
07/06/2013,0.0
08/06/2013,0.0
09/06/2013,0.0
10/06/2013,0.0
11/06/2013,49.6
12/06/2013,1.9
13/06/2013,5.0
14/06/2013,5.0
15/06/2013,0.0
16/06/2013,0.0
17/06/2013,0.0
18/06/2013,0.0
19/06/2013,0.0
20/06/2013,1.3
21/06/2013,4.2
22/06/2013,16.8
23/06/2013,24.0
24/06/2013,0.7
25/06/2013,1.0
26/06/2013,19.5
27/06/2013,20.5
28/06/2013,0.5
29/06/2013,1.0
30/06/2013,0.0
01/07/2013,25.5
02/07/2013,36.6
03/07/2013,1.4
04/07/2013,28.0
05/07/2013,0.5
06/07/2013,0.0
07/07/2013,0.0
08/07/2013,5.0
09/07/2013,58.8
10/07/2013,3.7
11/07/2013,0.0
12/07/2013,0.0
13/07/2013,20.3
14/07/2013,2.2
15/07/2013,0.0
16/07/2013,0.8
17/07/2013,28.7
18/07/2013,0.0
19/07/2013,0.0
20/07/2013,0.0
21/07/2013,0.0
22/07/2013,0.0
23/07/2013,1.0
24/07/2013,0.0
25/07/2013,2.5
26/07/2013,0.5
27/07/2013,0.0
28/07/2013,0.0
29/07/2013,0.0
30/07/2013,1.5
31/07/2013,19.5
01/08/2013,17.9
02/08/2013,45.6
03/08/2013,5.0
04/08/2013,29.7
05/08/2013,4.6
06/08/2013,16.6
07/08/2013,2.0
08/08/2013,9.5
09/08/2013,0.9
10/08/2013,9.6
11/08/2013,0.0
12/08/2013,60.8
13/08/2013,21.2
14/08/2013,0.0
15/08/2013,2.2
16/08/2013,0.3
17/08/2013,1.0
18/08/2013,0.5
19/08/2013,3.5
20/08/2013,2.5
21/08/2013,0.0
22/08/2013,15.5
23/08/2013,19.5
24/08/2013,0.4
25/08/2013,11.1
26/08/2013,2.2
27/08/2013,1.8
28/08/2013,1.5
29/08/2013,7.0
30/08/2013,0.5
31/08/2013,0.0
01/09/2013,18.0
02/09/2013,0.0
03/09/2013,0.0
04/09/2013,0.0
05/09/2013,0.0
06/09/2013,0.4
07/09/2013,42.1
08/09/2013,18.8
09/09/2013,2.8
10/09/2013,0.0
11/09/2013,24.0
12/09/2013,2.6
13/09/2013,7.9
14/09/2013,30.2
15/09/2013,46.3
16/09/2013,1.0
17/09/2013,0.5
18/09/2013,0.0
19/09/2013,0.0
20/09/2013,5.8
21/09/2013,2.7
22/09/2013,0.0
23/09/2013,0.0
24/09/2013,2.0
25/09/2013,0.0
26/09/2013,3.5
27/09/2013,15.5
28/09/2013,11.0
29/09/2013,5.9
30/09/2013,0.1
01/10/2013,17.0
02/10/2013,41.0
03/10/2013,59.8
04/10/2013,23.2
05/10/2013,1.5
06/10/2013,2.5
07/10/2013,17.0
08/10/2013,7.0
09/10/2013,2.0
10/10/2013,2.5
11/10/2013,0.0
12/10/2013,3.0
13/10/2013,4.7
14/10/2013,43.8
15/10/2013,52.0
16/10/2013,27.5
17/10/2013,10.9
18/10/2013,10.2
19/10/2013,2.8
20/10/2013,3.1
21/10/2013,0.0
22/10/2013,49.4
23/10/2013,1.1
24/10/2013,0.5
25/10/2013,26.8
26/10/2013,1.6
27/10/2013,6.1
28/10/2013,15.0
29/10/2013,1.0
30/10/2013,0.0
31/10/2013,0.5
01/11/2013,20.0
02/11/2013,0.4
03/11/2013,24.6
04/11/2013,4.5
05/11/2013,46.5
06/11/2013,7.5
07/11/2013,5.7
08/11/2013,0.3
09/11/2013,0.0
10/11/2013,2.5
11/11/2013,0.4
12/11/2013,27.1
13/11/2013,0.0
14/11/2013,0.0
15/11/2013,0.0
16/11/2013,5.8
17/11/2013,18.2
18/11/2013,9.8
19/11/2013,29.0
20/11/2013,94.2
21/11/2013,21.4
22/11/2013,24.9
23/11/2013,24.7
24/11/2013,87.1
25/11/2013,0.9
26/11/2013,0.6
27/11/2013,9.5
28/11/2013,46.2
29/11/2013,82.3
30/11/2013,25.6
01/12/2013,5.5
02/12/2013,48.1
03/12/2013,104.2
04/12/2013,114.7
05/12/2013,20.4
06/12/2013,28.5
07/12/2013,3.3
08/12/2013,0.6
09/12/2013,103.1
10/12/2013,126.0
11/12/2013,20.9
12/12/2013,28.6
13/12/2013,0.4
14/12/2013,42.8
15/12/2013,0.8
16/12/2013,0.0
17/12/2013,3.0
18/12/2013,0.5
19/12/2013,79.4
20/12/2013,2.9
21/12/2013,1.7
22/12/2013,0.0
23/12/2013,0.0
24/12/2013,0.0
25/12/2013,0.9
26/12/2013,6.6
27/12/2013,12.2
28/12/2013,35.5
29/12/2013,18.1
30/12/2013,0.8
31/12/2013,1.2
01/01/2014,11.2
02/01/2014,7.7
03/01/2014,3.8
04/01/2014,0.0
05/01/2014,13.5
06/01/2014,0.5
07/01/2014,0.0
08/01/2014,0.4
09/01/2014,22.4
10/01/2014,17.8
11/01/2014,43.5
12/01/2014,50.3
13/01/2014,3.4
14/01/2014,0.7
15/01/2014,0.0
16/01/2014,0.0
17/01/2014,0.0
18/01/2014,0.0
19/01/2014,0.0
20/01/2014,0.0
21/01/2014,0.0
22/01/2014,0.0
23/01/2014,0.0
24/01/2014,0.0
25/01/2014,0.0
26/01/2014,0.0
27/01/2014,0.0
28/01/2014,0.5
29/01/2014,0.5
30/01/2014,0.0
31/01/2014,0.0
01/02/2014,0.0
02/02/2014,0.0
03/02/2014,0.0
04/02/2014,0.0
05/02/2014,1.0
06/02/2014,0.0
07/02/2014,0.0
08/02/2014,0.0
09/02/2014,0.0
10/02/2014,0.0
11/02/2014,0.0
12/02/2014,0.0
13/02/2014,0.0
14/02/2014,0.0
15/02/2014,0.0
16/02/2014,0.5
17/02/2014,0.0
18/02/2014,0.0
19/02/2014,0.0
20/02/2014,0.4
21/02/2014,0.1
22/02/2014,0.0
23/02/2014,0.0
24/02/2014,0.0
25/02/2014,0.0
26/02/2014,0.0
27/02/2014,0.0
28/02/2014,0.0
01/03/2014,0.0
02/03/2014,0.0
03/03/2014,0.0
04/03/2014,0.0
05/03/2014,0.0
06/03/2014,0.0
07/03/2014,0.0
08/03/2014,0.0
09/03/2014,0.0
10/03/2014,0.0
11/03/2014,0.0
12/03/2014,0.0
13/03/2014,0.0
14/03/2014,0.4
15/03/2014,23.4
16/03/2014,8.0
17/03/2014,3.1
18/03/2014,0.5
19/03/2014,0.0
20/03/2014,0.0
21/03/2014,0.0
22/03/2014,0.0
23/03/2014,3.3
24/03/2014,0.7
25/03/2014,0.0
26/03/2014,0.0
27/03/2014,0.0
28/03/2014,0.0
29/03/2014,9.5
30/03/2014,0.5
31/03/2014,0.0
01/04/2014,0.0
02/04/2014,0.0
03/04/2014,0.0
04/04/2014,0.0
05/04/2014,0.0
06/04/2014,0.0
07/04/2014,0.0
08/04/2014,0.0
09/04/2014,0.0
10/04/2014,0.0
11/04/2014,0.0
12/04/2014,0.0
13/04/2014,0.0
14/04/2014,0.0
15/04/2014,0.0
16/04/2014,0.0
17/04/2014,0.0
18/04/2014,14.5
19/04/2014,0.4
20/04/2014,25.1
21/04/2014,0.0
22/04/2014,0.0
23/04/2014,0.0
24/04/2014,7.0
25/04/2014,0.5
26/04/2014,0.0
27/04/2014,0.0
28/04/2014,0.0
29/04/2014,0.0
30/04/2014,0.0
01/05/2014,0.0
02/05/2014,0.0
03/05/2014,0.0
04/05/2014,0.5
05/05/2014,29.4
06/05/2014,0.1
07/05/2014,0.0
08/05/2014,0.5
09/05/2014,0.5
10/05/2014,0.5
11/05/2014,0.0
12/05/2014,0.0
13/05/2014,31.6
14/05/2014,1.9
15/05/2014,0.0
16/05/2014,0.5
17/05/2014,0.0
18/05/2014,0.0
19/05/2014,0.0
20/05/2014,0.0
21/05/2014,0.0
22/05/2014,0.0
23/05/2014,0.0
24/05/2014,0.0
25/05/2014,0.0
26/05/2014,1.0
27/05/2014,0.0
28/05/2014,0.0
29/05/2014,0.0
30/05/2014,15.5
31/05/2014,0.0
01/06/2014,32.9
02/06/2014,10.6
03/06/2014,4.0
04/06/2014,4.7
05/06/2014,13.5
06/06/2014,24.3
07/06/2014,0.0
08/06/2014,0.0
09/06/2014,4.5
10/06/2014,0.0
11/06/2014,8.5
12/06/2014,71.0
13/06/2014,6.5
14/06/2014,0.5
15/06/2014,4.5
16/06/2014,0.4
17/06/2014,0.1
18/06/2014,1.0
19/06/2014,0.0
20/06/2014,3.0
21/06/2014,25.5
22/06/2014,10.0
23/06/2014,0.5
24/06/2014,31.5
25/06/2014,0.0
26/06/2014,0.5
27/06/2014,0.0
28/06/2014,7.0
29/06/2014,59.5
30/06/2014,6.4
01/07/2014,4.0
02/07/2014,63.1
03/07/2014,0.0
04/07/2014,42.0
05/07/2014,29.0
06/07/2014,21.6
07/07/2014,5.9
08/07/2014,7.0
09/07/2014,2.5
10/07/2014,0.0
11/07/2014,3.5
12/07/2014,0.5
13/07/2014,0.0
14/07/2014,13.5
15/07/2014,25.5
16/07/2014,1.4
17/07/2014,40.6
18/07/2014,0.5
19/07/2014,0.0
20/07/2014,0.0
21/07/2014,0.0
22/07/2014,11.5
23/07/2014,0.0
24/07/2014,0.0
25/07/2014,0.5
26/07/2014,21.0
27/07/2014,0.5
28/07/2014,0.0
29/07/2014,2.5
30/07/2014,0.0
31/07/2014,13.5
01/08/2014,0.5
02/08/2014,18.5
03/08/2014,0.0
04/08/2014,0.5
05/08/2014,9.5
06/08/2014,0.0
07/08/2014,25.4
08/08/2014,21.6
09/08/2014,0.5
10/08/2014,0.0
11/08/2014,0.0
12/08/2014,0.0
13/08/2014,0.0
14/08/2014,0.0
15/08/2014,0.5
16/08/2014,20.5
17/08/2014,16.8
18/08/2014,35.2
19/08/2014,2.0
20/08/2014,4.0
21/08/2014,0.0
22/08/2014,0.0
23/08/2014,3.5
24/08/2014,0.0
25/08/2014,20.4
26/08/2014,13.1
27/08/2014,12.0
28/08/2014,0.0
29/08/2014,0.0
30/08/2014,26.0
31/08/2014,0.0
01/09/2014,2.5
02/09/2014,6.4
03/09/2014,0.1
04/09/2014,8.5
05/09/2014,20.8
06/09/2014,0.2
07/09/2014,0.0
08/09/2014,0.0
09/09/2014,6.0
10/09/2014,5.0
11/09/2014,49.0
12/09/2014,55.2
13/09/2014,4.3
14/09/2014,15.0
15/09/2014,26.4
16/09/2014,10.9
17/09/2014,0.2
18/09/2014,0.0
19/09/2014,0.0
20/09/2014,0.0
21/09/2014,0.0
22/09/2014,0.0
23/09/2014,51.0
24/09/2014,0.0
25/09/2014,0.0
26/09/2014,0.0
27/09/2014,0.0
28/09/2014,0.0
29/09/2014,0.0
30/09/2014,46.0
01/10/2014,28.5
02/10/2014,0.5
03/10/2014,67.6
04/10/2014,50.4
05/10/2014,0.5
06/10/2014,0.0
07/10/2014,19.5
08/10/2014,13.0
09/10/2014,23.5
10/10/2014,0.0
11/10/2014,2.0
12/10/2014,8.0
13/10/2014,0.0
14/10/2014,0.0
15/10/2014,23.7
16/10/2014,6.3
17/10/2014,38.6
18/10/2014,8.5
19/10/2014,51.5
20/10/2014,0.0
21/10/2014,9.0
22/10/2014,0.5
23/10/2014,28.8
24/10/2014,35.0
25/10/2014,34.1
26/10/2014,0.0
27/10/2014,0.5
28/10/2014,0.0
29/10/2014,9.5
30/10/2014,2.0
31/10/2014,6.7
01/11/2014,24.1
02/11/2014,7.7
03/11/2014,0.0
04/11/2014,28.0
05/11/2014,7.0
06/11/2014,9.9
07/11/2014,2.6
08/11/2014,4.7
09/11/2014,11.8
10/11/2014,0.0
11/11/2014,0.0
12/11/2014,10.0
13/11/2014,65.8
14/11/2014,67.6
15/11/2014,47.6
16/11/2014,12.3
17/11/2014,56.5
18/11/2014,272.3
19/11/2014,28.9
20/11/2014,146.0
21/11/2014,0.0
22/11/2014,0.0
23/11/2014,0.4
24/11/2014,22.4
25/11/2014,1.2
26/11/2014,0.5
27/11/2014,0.0
28/11/2014,8.5
29/11/2014,1.5
30/11/2014,0.0
01/12/2014,0.0
02/12/2014,0.0
03/12/2014,0.0
04/12/2014,25.5
05/12/2014,0.0
06/12/2014,1.3
07/12/2014,36.9
08/12/2014,15.8
09/12/2014,0.5
10/12/2014,0.0
11/12/2014,0.0
12/12/2014,0.0
13/12/2014,0.0
14/12/2014,115.4
15/12/2014,226.6
16/12/2014,56.4
17/12/2014,122.1
18/12/2014,120.0
19/12/2014,15.8
20/12/2014,154.2
21/12/2014,23.9
22/12/2014,63.3
23/12/2014,29.9
24/12/2014,15.0
25/12/2014,18.5
26/12/2014,45.5
27/12/2014,30.2
28/12/2014,102.4
29/12/2014,53.4
30/12/2014,5.6
31/12/2014,2.4
01/01/2015,1.1
02/01/2015,7.1
03/01/2015,1.9
04/01/2015,1.0
05/01/2015,1.6
06/01/2015,9.5
07/01/2015,9.8
08/01/2015,4.0
09/01/2015,35.2
10/01/2015,118.0
11/01/2015,1.0
12/01/2015,0.5
13/01/2015,3.8
14/01/2015,0.7
15/01/2015,0.0
16/01/2015,0.0
17/01/2015,0.0
18/01/2015,2.6
19/01/2015,1.4
20/01/2015,6.0
21/01/2015,0.0
22/01/2015,0.0
23/01/2015,0.0
24/01/2015,13.0
25/01/2015,0.0
26/01/2015,0.0
27/01/2015,0.0
28/01/2015,0.4
29/01/2015,4.6
30/01/2015,0.5
31/01/2015,0.0
01/02/2015,0.0
02/02/2015,0.0
03/02/2015,34.8
04/02/2015,3.2
05/02/2015,1.5
06/02/2015,1.4
07/02/2015,2.4
08/02/2015,0.6
09/02/2015,0.1
10/02/2015,0.5
11/02/2015,0.0
12/02/2015,0.0
13/02/2015,0.0
14/02/2015,0.0
15/02/2015,0.0
16/02/2015,0.0
17/02/2015,0.0
18/02/2015,0.0
19/02/2015,0.0
20/02/2015,0.5
21/02/2015,0.0
22/02/2015,0.0
23/02/2015,0.0
24/02/2015,0.0
25/02/2015,0.0
26/02/2015,0.0
27/02/2015,0.0
28/02/2015,0.0
01/03/2015,0.0
02/03/2015,0.0
03/03/2015,0.0
04/03/2015,0.0
05/03/2015,0.0
06/03/2015,0.0
07/03/2015,0.0
08/03/2015,0.0
09/03/2015,0.5
10/03/2015,0.0
11/03/2015,0.0
12/03/2015,0.0
13/03/2015,0.0
14/03/2015,0.0
15/03/2015,0.0
16/03/2015,0.0
17/03/2015,0.0
18/03/2015,0.0
19/03/2015,1.0
20/03/2015,0.0
21/03/2015,0.0
22/03/2015,0.0
23/03/2015,0.0
24/03/2015,0.0
25/03/2015,3.5
26/03/2015,0.0
27/03/2015,0.4
28/03/2015,0.9
29/03/2015,9.6
30/03/2015,34.0
31/03/2015,9.0
01/04/2015,0.5
02/04/2015,0.0
03/04/2015,0.0
04/04/2015,0.0
05/04/2015,0.0
06/04/2015,0.0
07/04/2015,0.0
08/04/2015,0.5
09/04/2015,0.4
10/04/2015,24.6
11/04/2015,0.0
12/04/2015,1.0
13/04/2015,0.4
14/04/2015,33.6
15/04/2015,9.0
16/04/2015,0.0
17/04/2015,0.0
18/04/2015,0.0
19/04/2015,0.0
20/04/2015,0.0
21/04/2015,0.0
22/04/2015,0.0
23/04/2015,0.0
24/04/2015,3.3
25/04/2015,4.0
26/04/2015,5.0
27/04/2015,34.7
28/04/2015,0.0
29/04/2015,0.0
30/04/2015,0.0
01/05/2015,0.0
02/05/2015,0.0
03/05/2015,0.0
04/05/2015,0.0
05/05/2015,0.0
06/05/2015,0.0
07/05/2015,0.0
08/05/2015,0.0
09/05/2015,0.0
10/05/2015,0.0
11/05/2015,0.5
12/05/2015,0.0
13/05/2015,0.0
14/05/2015,0.4
15/05/2015,26.6
16/05/2015,3.0
17/05/2015,0.0
18/05/2015,0.0
19/05/2015,0.0
20/05/2015,7.5
21/05/2015,0.0
22/05/2015,2.4
23/05/2015,25.6
24/05/2015,1.5
25/05/2015,2.8
26/05/2015,0.7
27/05/2015,0.5
28/05/2015,0.0
29/05/2015,30.5
30/05/2015,60.5
31/05/2015,0.0
01/06/2015,0.0
02/06/2015,0.0
03/06/2015,0.0
04/06/2015,0.0
05/06/2015,0.0
06/06/2015,0.0
07/06/2015,0.0
08/06/2015,22.5
09/06/2015,0.1
10/06/2015,0.1
11/06/2015,0.1
12/06/2015,2.4
13/06/2015,2.2
14/06/2015,0.3
15/06/2015,70.8
16/06/2015,41.1
17/06/2015,3.3
18/06/2015,5.5
19/06/2015,6.4
20/06/2015,0.1
21/06/2015,0.4
22/06/2015,6.1
23/06/2015,0.0
24/06/2015,0.0
25/06/2015,0.0
26/06/2015,0.5
27/06/2015,0.0
28/06/2015,2.5
29/06/2015,0.4
30/06/2015,0.2
01/07/2015,0.1
02/07/2015,0.1
03/07/2015,12.7
04/07/2015,18.0
05/07/2015,12.5
06/07/2015,18.9
07/07/2015,56.5
08/07/2015,51.1
09/07/2015,0.4
10/07/2015,0.6
11/07/2015,0.2
12/07/2015,0.2
13/07/2015,36.9
14/07/2015,9.7
15/07/2015,6.0
16/07/2015,38.0
17/07/2015,63.5
18/07/2015,0.5
19/07/2015,2.0
20/07/2015,0.0
21/07/2015,2.5
22/07/2015,0.0
23/07/2015,5.5
24/07/2015,1.0
25/07/2015,0.0
26/07/2015,2.0
27/07/2015,0.5
28/07/2015,0.0
29/07/2015,0.4
30/07/2015,19.7
31/07/2015,0.3
01/08/2015,0.2
02/08/2015,0.0
03/08/2015,0.0
04/08/2015,0.0
05/08/2015,0.0
06/08/2015,1.3
07/08/2015,0.9
08/08/2015,14.3
09/08/2015,18.6
10/08/2015,12.0
11/08/2015,23.1
12/08/2015,0.4
13/08/2015,0.2
14/08/2015,0.2
15/08/2015,0.0
16/08/2015,0.0
17/08/2015,0.0
18/08/2015,0.0
19/08/2015,3.5
20/08/2015,5.0
21/08/2015,30.5
22/08/2015,7.0
23/08/2015,4.0
24/08/2015,7.5
25/08/2015,0.3
26/08/2015,0.2
27/08/2015,0.0
28/08/2015,0.0
29/08/2015,0.0
30/08/2015,27.0
31/08/2015,15.6
01/09/2015,25.9
02/09/2015,0.0
03/09/2015,1.0
04/09/2015,0.0
05/09/2015,0.0
06/09/2015,0.0
07/09/2015,0.0
08/09/2015,6.1
09/09/2015,3.9
10/09/2015,1.5
11/09/2015,0.0
12/09/2015,0.5
13/09/2015,19.0
14/09/2015,10.5
15/09/2015,0.0
16/09/2015,18.5
17/09/2015,6.5
18/09/2015,0.0
19/09/2015,0.0
20/09/2015,0.0
21/09/2015,0.0
22/09/2015,29.5
23/09/2015,0.0
24/09/2015,0.4
25/09/2015,54.6
26/09/2015,0.4
27/09/2015,38.7
28/09/2015,3.9
29/09/2015,10.0
30/09/2015,0.5
01/10/2015,5.5
02/10/2015,1.5
03/10/2015,0.0
04/10/2015,0.0
05/10/2015,0.0
06/10/2015,0.0
07/10/2015,0.0
08/10/2015,0.0
09/10/2015,2.0
10/10/2015,2.5
11/10/2015,0.0
12/10/2015,0.0
13/10/2015,12.5
14/10/2015,1.0
15/10/2015,0.0
16/10/2015,14.5
17/10/2015,25.0
18/10/2015,1.5
19/10/2015,0.0
20/10/2015,0.0
21/10/2015,1.0
22/10/2015,0.0
23/10/2015,0.0
24/10/2015,1.5
25/10/2015,7.4
26/10/2015,2.4
27/10/2015,12.6
28/10/2015,39.8
29/10/2015,75.1
30/10/2015,32.4
31/10/2015,8.7
01/11/2015,2.2
02/11/2015,12.5
03/11/2015,32.6
04/11/2015,20.2
05/11/2015,1.2
06/11/2015,5.0
07/11/2015,2.0
08/11/2015,6.0
09/11/2015,0.0
10/11/2015,17.6
11/11/2015,0.9
12/11/2015,0.0
13/11/2015,14.9
14/11/2015,0.5
15/11/2015,4.5
16/11/2015,3.7
17/11/2015,0.4
18/11/2015,66.0
19/11/2015,16.3
20/11/2015,35.7
21/11/2015,8.6
22/11/2015,8.0
23/11/2015,0.4
24/11/2015,10.4
25/11/2015,135.2
26/11/2015,32.5
27/11/2015,31.5
28/11/2015,50.8
29/11/2015,0.7
30/11/2015,12.1
01/12/2015,20.9
02/12/2015,6.0
03/12/2015,9.8
04/12/2015,43.9
05/12/2015,68.2
06/12/2015,13.5
07/12/2015,13.7
08/12/2015,0.5
09/12/2015,11.5
10/12/2015,0.5
11/12/2015,20.0
12/12/2015,4.0
13/12/2015,0.5
14/12/2015,0.3
15/12/2015,42.9
16/12/2015,13.1
17/12/2015,1.6
18/12/2015,0.0
19/12/2015,0.0
20/12/2015,1.0
21/12/2015,0.4
22/12/2015,4.4
23/12/2015,35.1
24/12/2015,4.4
25/12/2015,37.1
26/12/2015,16.0
27/12/2015,6.0
28/12/2015,0.0
29/12/2015,24.4
30/12/2015,17.9
31/12/2015,3.3
01/01/2016,0.4
02/01/2016,19.1
03/01/2016,1.0
04/01/2016,0.0
05/01/2016,0.0
06/01/2016,0.0
07/01/2016,0.0
08/01/2016,0.0
09/01/2016,3.5
10/01/2016,0.0
11/01/2016,0.0
12/01/2016,42.5
13/01/2016,43.6
14/01/2016,41.8
15/01/2016,0.5
16/01/2016,0.0
17/01/2016,1.0
18/01/2016,0.0
19/01/2016,0.0
20/01/2016,0.0
21/01/2016,8.4
22/01/2016,10.6
23/01/2016,0.5
24/01/2016,5.7
25/01/2016,8.0
26/01/2016,38.7
27/01/2016,5.6
28/01/2016,8.0
29/01/2016,0.5
30/01/2016,0.0
31/01/2016,0.5
01/02/2016,1.0
02/02/2016,34.2
03/02/2016,27.4
04/02/2016,54.9
05/02/2016,8.8
06/02/2016,16.8
07/02/2016,7.7
08/02/2016,0.7
09/02/2016,1.0
10/02/2016,1.5
11/02/2016,0.5
12/02/2016,5.2
13/02/2016,27.8
14/02/2016,0.0
15/02/2016,0.0
16/02/2016,0.4
17/02/2016,7.9
18/02/2016,1.1
19/02/2016,4.6
20/02/2016,0.0
21/02/2016,0.0
22/02/2016,1.0
23/02/2016,0.0
24/02/2016,0.4
25/02/2016,0.6
26/02/2016,13.3
27/02/2016,16.2
28/02/2016,23.0
29/02/2016,0.0
01/03/2016,0.0
02/03/2016,0.0
03/03/2016,0.0
04/03/2016,0.0
05/03/2016,0.0
06/03/2016,0.0
07/03/2016,1.0
08/03/2016,0.0
09/03/2016,0.0
10/03/2016,0.0
11/03/2016,0.0
12/03/2016,0.0
13/03/2016,0.0
14/03/2016,0.0
15/03/2016,0.0
16/03/2016,0.0
17/03/2016,0.0
18/03/2016,0.0
19/03/2016,0.0
20/03/2016,0.0
21/03/2016,0.0
22/03/2016,0.0
23/03/2016,0.0
24/03/2016,0.0
25/03/2016,0.0
26/03/2016,2.0
27/03/2016,9.1
28/03/2016,37.9
29/03/2016,0.0
30/03/2016,0.0
31/03/2016,0.0
01/04/2016,0.0
02/04/2016,0.0
03/04/2016,0.0
04/04/2016,0.0
05/04/2016,0.0
06/04/2016,0.0
07/04/2016,0.0
08/04/2016,0.0
09/04/2016,0.0
10/04/2016,0.0
11/04/2016,0.0
12/04/2016,0.0
13/04/2016,0.0
14/04/2016,0.0
15/04/2016,3.0
16/04/2016,0.0
17/04/2016,0.0
18/04/2016,0.3
19/04/2016,0.2
20/04/2016,0.0
21/04/2016,0.0
22/04/2016,0.0
23/04/2016,0.0
24/04/2016,0.0
25/04/2016,0.0
26/04/2016,0.0
27/04/2016,0.0
28/04/2016,0.0
29/04/2016,0.0
30/04/2016,0.0
01/05/2016,0.0
02/05/2016,5.5
03/05/2016,0.5
04/05/2016,0.0
05/05/2016,0.0
06/05/2016,0.0
07/05/2016,0.0
08/05/2016,0.0
09/05/2016,0.0
10/05/2016,0.0
11/05/2016,0.0
12/05/2016,0.0
13/05/2016,46.5
14/05/2016,0.0
15/05/2016,0.0
16/05/2016,0.0
17/05/2016,0.5
18/05/2016,1.0
19/05/2016,0.0
20/05/2016,1.0
21/05/2016,0.0
22/05/2016,0.0
23/05/2016,0.0
24/05/2016,0.0
25/05/2016,29.5
26/05/2016,18.5
27/05/2016,39.0
28/05/2016,50.6
29/05/2016,8.5
30/05/2016,4.9
31/05/2016,0.5
01/06/2016,2.5
02/06/2016,0.0
03/06/2016,0.5
04/06/2016,3.5
05/06/2016,0.0
06/06/2016,0.0
07/06/2016,0.0
08/06/2016,52.5
09/06/2016,0.0
10/06/2016,0.4
11/06/2016,13.1
12/06/2016,17.0
13/06/2016,0.4
14/06/2016,66.6
15/06/2016,0.0
16/06/2016,0.5
17/06/2016,24.0
18/06/2016,0.5
19/06/2016,0.5
20/06/2016,0.5
21/06/2016,31.6
22/06/2016,0.4
23/06/2016,0.5
24/06/2016,21.0
25/06/2016,0.0
26/06/2016,8.4
27/06/2016,0.1
28/06/2016,0.0
29/06/2016,2.4
30/06/2016,0.1
01/07/2016,0.0
02/07/2016,0.0
03/07/2016,0.0
04/07/2016,0.0
05/07/2016,9.7
06/07/2016,4.3
07/07/2016,24.5
08/07/2016,11.0
09/07/2016,0.4
10/07/2016,3.8
11/07/2016,8.2
12/07/2016,0.6
13/07/2016,14.1
14/07/2016,2.0
15/07/2016,0.0
16/07/2016,0.0
17/07/2016,0.0
18/07/2016,0.5
19/07/2016,43.5
20/07/2016,2.5
21/07/2016,0.0
22/07/2016,2.0
23/07/2016,0.0
24/07/2016,25.5
25/07/2016,5.9
26/07/2016,35.7
27/07/2016,4.9
28/07/2016,16.9
29/07/2016,4.1
30/07/2016,0.0
31/07/2016,0.0
01/08/2016,0.0
02/08/2016,0.0
03/08/2016,0.0
04/08/2016,0.0
05/08/2016,0.0
06/08/2016,0.0
07/08/2016,2.5
08/08/2016,26.5
09/08/2016,1.0
10/08/2016,6.2
11/08/2016,21.3
12/08/2016,6.0
13/08/2016,0.0
14/08/2016,0.0
15/08/2016,1.0
16/08/2016,13.2
17/08/2016,0.3
18/08/2016,2.0
19/08/2016,10.0
20/08/2016,13.0
21/08/2016,0.0
22/08/2016,1.0
23/08/2016,1.3
24/08/2016,34.1
25/08/2016,9.5
26/08/2016,20.5
27/08/2016,7.0
28/08/2016,6.5
29/08/2016,0.0
30/08/2016,14.5
31/08/2016,0.5
01/09/2016,0.0
02/09/2016,0.0
03/09/2016,1.0
04/09/2016,10.5
05/09/2016,9.5
06/09/2016,0.5
07/09/2016,8.9
08/09/2016,20.6
09/09/2016,1.8
10/09/2016,13.7
11/09/2016,30.0
12/09/2016,0.5
13/09/2016,0.0
14/09/2016,4.5
15/09/2016,30.0
16/09/2016,0.5
17/09/2016,50.0
18/09/2016,0.5
19/09/2016,18.5
20/09/2016,10.0
21/09/2016,25.9
22/09/2016,2.1
23/09/2016,0.0
24/09/2016,0.0
25/09/2016,0.5
26/09/2016,11.5
27/09/2016,8.0
28/09/2016,9.9
29/09/2016,0.1
30/09/2016,0.0
01/10/2016,0.0
02/10/2016,0.0
03/10/2016,0.0
04/10/2016,15.6
05/10/2016,66.8
06/10/2016,5.1
07/10/2016,44.8
08/10/2016,24.2
09/10/2016,3.0
10/10/2016,0.0
11/10/2016,0.0
12/10/2016,23.7
13/10/2016,0.3
14/10/2016,33.1
15/10/2016,0.4
16/10/2016,0.5
17/10/2016,3.0
18/10/2016,59.5
19/10/2016,0.5
20/10/2016,35.4
21/10/2016,13.6
22/10/2016,14.0
23/10/2016,11.0
24/10/2016,0.0
25/10/2016,0.0
26/10/2016,0.0
27/10/2016,0.0
28/10/2016,21.6
29/10/2016,0.9
30/10/2016,44.5
31/10/2016,21.3
01/11/2016,8.5
02/11/2016,0.6
03/11/2016,3.6
04/11/2016,2.5
05/11/2016,0.0
06/11/2016,5.5
07/11/2016,10.5
08/11/2016,26.0
09/11/2016,5.0
10/11/2016,0.4
11/11/2016,28.6
12/11/2016,5.0
13/11/2016,14.9
14/11/2016,16.6
15/11/2016,18.4
16/11/2016,57.6
17/11/2016,4.3
18/11/2016,1.2
19/11/2016,0.0
20/11/2016,0.0
21/11/2016,0.0
22/11/2016,0.0
23/11/2016,0.0
24/11/2016,0.0
25/11/2016,1.2
26/11/2016,28.3
27/11/2016,3.0
28/11/2016,2.3
29/11/2016,65.7
30/11/2016,3.4
01/12/2016,112.5
02/12/2016,67.3
03/12/2016,60.0
04/12/2016,2.8
05/12/2016,20.4
06/12/2016,35.2
07/12/2016,13.5
08/12/2016,7.7
09/12/2016,0.7
10/12/2016,2.2
11/12/2016,3.3
12/12/2016,0.0
13/12/2016,0.3
14/12/2016,0.2
15/12/2016,0.0
16/12/2016,0.0
17/12/2016,20.3
18/12/2016,29.2
19/12/2016,46.4
20/12/2016,37.1
21/12/2016,0.4
22/12/2016,1.7
23/12/2016,67.9
24/12/2016,6.5
25/12/2016,74.5
26/12/2016,26.7
27/12/2016,6.9
28/12/2016,11.7
29/12/2016,0.7
30/12/2016,9.9
31/12/2016,219.7
01/01/2017,56.4
02/01/2017,43.4
03/01/2017,198.0
04/01/2017,30.7
05/01/2017,0.5
06/01/2017,13.7
07/01/2017,11.1
08/01/2017,20.3
09/01/2017,0.0
10/01/2017,0.0
11/01/2017,1.0
12/01/2017,0.5
13/01/2017,0.0
14/01/2017,0.0
15/01/2017,0.0
16/01/2017,1.1
17/01/2017,5.9
18/01/2017,25.4
19/01/2017,59.1
20/01/2017,315.7
21/01/2017,196.2
22/01/2017,17.9
23/01/2017,11.6
24/01/2017,29.9
25/01/2017,43.6
26/01/2017,22.6
27/01/2017,7.0
28/01/2017,1.0
29/01/2017,0.0
30/01/2017,0.0
31/01/2017,5.0
01/02/2017,0.0
02/02/2017,0.0
03/02/2017,12.5
04/02/2017,0.0
05/02/2017,0.0
06/02/2017,0.0
07/02/2017,0.0
08/02/2017,0.0
09/02/2017,0.0
10/02/2017,0.0
11/02/2017,3.0
12/02/2017,8.1
13/02/2017,0.9
14/02/2017,13.6
15/02/2017,11.6
16/02/2017,5.9
17/02/2017,0.4
18/02/2017,65.2
19/02/2017,0.4
20/02/2017,0.0
21/02/2017,1.0
22/02/2017,1.5
23/02/2017,0.5
24/02/2017,0.4
25/02/2017,9.1
26/02/2017,38.4
27/02/2017,28.6
28/02/2017,13.8
01/03/2017,7.7
02/03/2017,10.1
03/03/2017,0.3
04/03/2017,0.0
05/03/2017,0.0
06/03/2017,0.0
07/03/2017,0.0
08/03/2017,0.0
09/03/2017,0.0
10/03/2017,0.0
11/03/2017,0.0
12/03/2017,0.0
13/03/2017,0.0
14/03/2017,0.0
15/03/2017,6.0
16/03/2017,0.0
17/03/2017,0.0
18/03/2017,0.0
19/03/2017,0.0
20/03/2017,0.0
21/03/2017,29.0
22/03/2017,0.0
23/03/2017,0.0
24/03/2017,0.0
25/03/2017,0.0
26/03/2017,12.0
27/03/2017,33.5
28/03/2017,32.9
29/03/2017,16.1
30/03/2017,4.5
31/03/2017,6.8
01/04/2017,42.7
02/04/2017,24.6
03/04/2017,17.4
04/04/2017,11.0
05/04/2017,0.0
06/04/2017,17.0
07/04/2017,35.5
08/04/2017,0.7
09/04/2017,0.3
10/04/2017,0.5
11/04/2017,0.0
12/04/2017,0.0
13/04/2017,0.0
14/04/2017,0.4
15/04/2017,3.1
16/04/2017,0.0
17/04/2017,0.0
18/04/2017,0.0
19/04/2017,0.0
20/04/2017,0.0
21/04/2017,0.0
22/04/2017,0.0
23/04/2017,0.0
24/04/2017,0.0
25/04/2017,0.0
26/04/2017,0.0
27/04/2017,0.0
28/04/2017,0.5
29/04/2017,0.0
30/04/2017,0.0
01/05/2017,0.0
02/05/2017,0.0
03/05/2017,0.0
04/05/2017,0.0
05/05/2017,0.0
06/05/2017,0.0
07/05/2017,27.0
08/05/2017,0.0
09/05/2017,0.0
10/05/2017,1.0
11/05/2017,11.0
12/05/2017,33.0
13/05/2017,9.5
14/05/2017,13.5
15/05/2017,23.5
16/05/2017,0.0
17/05/2017,0.0
18/05/2017,29.0
19/05/2017,0.5
20/05/2017,0.0
21/05/2017,15.8
22/05/2017,0.2
23/05/2017,11.5
24/05/2017,8.1
25/05/2017,4.4
26/05/2017,29.5
27/05/2017,13.5
28/05/2017,6.0
29/05/2017,0.8
30/05/2017,0.2
31/05/2017,12.0
01/06/2017,0.0
02/06/2017,5.5
03/06/2017,7.0
04/06/2017,5.5
05/06/2017,34.4
06/06/2017,26.6
07/06/2017,0.0
08/06/2017,0.0
09/06/2017,8.3
10/06/2017,53.7
11/06/2017,3.0
12/06/2017,0.0
13/06/2017,0.0
14/06/2017,89.0
15/06/2017,1.0
16/06/2017,0.0
17/06/2017,0.0
18/06/2017,3.9
19/06/2017,0.1
20/06/2017,6.5
21/06/2017,8.1
22/06/2017,0.4
23/06/2017,0.0
24/06/2017,10.0
25/06/2017,0.0
26/06/2017,13.0
27/06/2017,0.4
28/06/2017,0.1
29/06/2017,50.5
30/06/2017,0.0
01/07/2017,3.0
02/07/2017,6.5
03/07/2017,9.0
04/07/2017,11.7
05/07/2017,0.3
06/07/2017,1.0
07/07/2017,1.0
08/07/2017,17.0
09/07/2017,0.0
10/07/2017,0.0
11/07/2017,22.5
12/07/2017,8.3
13/07/2017,38.9
14/07/2017,0.3
15/07/2017,0.0
16/07/2017,0.0
17/07/2017,0.0
18/07/2017,0.0
19/07/2017,0.0
20/07/2017,0.0
21/07/2017,0.0
22/07/2017,18.5
23/07/2017,0.0
24/07/2017,0.0
25/07/2017,0.5
26/07/2017,0.5
27/07/2017,0.0
28/07/2017,5.5
29/07/2017,0.0
30/07/2017,0.0
31/07/2017,21.3
01/08/2017,7.7
02/08/2017,0.0
03/08/2017,3.5
04/08/2017,0.0
05/08/2017,0.0
06/08/2017,13.5
07/08/2017,12.0
08/08/2017,24.0
09/08/2017,38.0
10/08/2017,0.0
11/08/2017,0.0
12/08/2017,0.0
13/08/2017,25.0
14/08/2017,7.0
15/08/2017,17.7
16/08/2017,18.8
17/08/2017,0.0
18/08/2017,0.0
19/08/2017,0.0
20/08/2017,28.0
21/08/2017,4.5
22/08/2017,6.5
23/08/2017,13.5
24/08/2017,0.4
25/08/2017,21.7
26/08/2017,7.2
27/08/2017,13.7
28/08/2017,0.0
29/08/2017,0.0
30/08/2017,2.5
31/08/2017,0.0
01/09/2017,5.5
02/09/2017,0.0
03/09/2017,0.0
04/09/2017,0.0
05/09/2017,33.0
06/09/2017,48.5
07/09/2017,0.0
08/09/2017,0.0
09/09/2017,0.0
10/09/2017,45.0
11/09/2017,9.8
12/09/2017,0.2
13/09/2017,2.0
14/09/2017,26.3
15/09/2017,11.7
16/09/2017,0.5
17/09/2017,22.0
18/09/2017,0.4
19/09/2017,1.1
20/09/2017,25.1
21/09/2017,0.4
22/09/2017,27.0
23/09/2017,25.0
24/09/2017,0.0
25/09/2017,4.9
26/09/2017,1.6
27/09/2017,0.0
28/09/2017,3.0
29/09/2017,1.4
30/09/2017,39.1
01/10/2017,0.0
02/10/2017,0.5
03/10/2017,12.4
04/10/2017,0.2
05/10/2017,0.0
06/10/2017,0.0
07/10/2017,0.0
08/10/2017,0.0
09/10/2017,17.8
10/10/2017,27.6
11/10/2017,0.5
12/10/2017,55.5
13/10/2017,8.6
14/10/2017,0.0
15/10/2017,0.0
16/10/2017,0.0
17/10/2017,6.0
18/10/2017,0.5
19/10/2017,11.5
20/10/2017,0.0
21/10/2017,0.0
22/10/2017,15.5
23/10/2017,17.0
24/10/2017,9.5
25/10/2017,1.3
26/10/2017,2.2
27/10/2017,12.0
28/10/2017,5.6
29/10/2017,111.3
30/10/2017,79.0
31/10/2017,0.5
01/11/2017,30.5
02/11/2017,6.0
03/11/2017,29.6
04/11/2017,5.4
05/11/2017,47.0
06/11/2017,3.0
07/11/2017,9.0
08/11/2017,10.0
09/11/2017,15.5
10/11/2017,9.0
11/11/2017,3.7
12/11/2017,6.3
13/11/2017,1.9
14/11/2017,3.6
15/11/2017,0.0
16/11/2017,14.7
17/11/2017,0.8
18/11/2017,0.0
19/11/2017,0.0
20/11/2017,0.0
21/11/2017,0.0
22/11/2017,1.1
23/11/2017,63.3
24/11/2017,5.7
25/11/2017,37.3
26/11/2017,75.9
27/11/2017,145.3
28/11/2017,122.2
29/11/2017,27.7
30/11/2017,41.6
01/12/2017,273.9
02/12/2017,65.8
03/12/2017,0.6
04/12/2017,4.6
05/12/2017,80.5
06/12/2017,2.5
07/12/2017,40.4
08/12/2017,39.1
09/12/2017,20.0
10/12/2017,9.0
11/12/2017,0.8
12/12/2017,2.1
13/12/2017,1.1
14/12/2017,0.0
15/12/2017,0.0
16/12/2017,0.5
17/12/2017,59.0
18/12/2017,44.0
19/12/2017,2.1
20/12/2017,13.5
21/12/2017,1.7
22/12/2017,27.5
23/12/2017,42.2
24/12/2017,6.0
25/12/2017,0.0
26/12/2017,0.4
27/12/2017,5.6
28/12/2017,51.1
29/12/2017,16.4
30/12/2017,8.4
31/12/2017,8.9
01/01/2018,26.0
02/01/2018,12.9
03/01/2018,8.5
04/01/2018,24.7
05/01/2018,0.0
06/01/2018,0.9
07/01/2018,0.5
08/01/2018,22.6
09/01/2018,0.3
10/01/2018,4.9
11/01/2018,18.9
12/01/2018,5.6
13/01/2018,37.4
14/01/2018,3.0
15/01/2018,4.9
16/01/2018,2.5
17/01/2018,0.0
18/01/2018,0.0
19/01/2018,16.6
20/01/2018,108.7
21/01/2018,92.7
22/01/2018,0.4
23/01/2018,14.6
24/01/2018,7.5
25/01/2018,0.0
26/01/2018,28.0
27/01/2018,3.0
28/01/2018,0.0
29/01/2018,0.0
30/01/2018,0.0
31/01/2018,0.0
01/02/2018,4.4
02/02/2018,0.6
03/02/2018,6.4
04/02/2018,1.6
05/02/2018,0.0
06/02/2018,0.0
07/02/2018,0.0
08/02/2018,0.0
09/02/2018,0.0
10/02/2018,0.0
11/02/2018,0.0
12/02/2018,4.0
13/02/2018,2.9
14/02/2018,1.6
15/02/2018,0.0
16/02/2018,0.0
17/02/2018,0.0
18/02/2018,0.0
19/02/2018,5.0
20/02/2018,0.0
21/02/2018,0.0
22/02/2018,0.4
23/02/2018,74.6
24/02/2018,4.6
25/02/2018,0.0
26/02/2018,0.4
27/02/2018,0.6
28/02/2018,0.0
01/03/2018,0.0
02/03/2018,0.0
03/03/2018,0.0
04/03/2018,0.0
05/03/2018,0.0
06/03/2018,0.5
07/03/2018,21.6
08/03/2018,5.4
09/03/2018,1.3
10/03/2018,2.2
11/03/2018,0.4
12/03/2018,23.5
13/03/2018,0.1
14/03/2018,0.0
15/03/2018,0.0
16/03/2018,18.5
17/03/2018,0.0
18/03/2018,0.0
19/03/2018,0.0
20/03/2018,0.0
21/03/2018,0.0
22/03/2018,0.0
23/03/2018,21.0
24/03/2018,7.0
25/03/2018,0.5
26/03/2018,0.0
27/03/2018,0.0
28/03/2018,0.0
29/03/2018,0.0
30/03/2018,0.0
31/03/2018,0.0
01/04/2018,0.0
02/04/2018,0.0
03/04/2018,0.0
04/04/2018,0.0
05/04/2018,0.0
06/04/2018,0.0
07/04/2018,1.9
08/04/2018,67.6
09/04/2018,10.7
10/04/2018,4.3
11/04/2018,0.0
12/04/2018,0.0
13/04/2018,0.0
14/04/2018,1.0
15/04/2018,0.0
16/04/2018,0.0
17/04/2018,1.5
18/04/2018,0.0
19/04/2018,31.5
20/04/2018,0.5
21/04/2018,0.0
22/04/2018,0.0
23/04/2018,0.0
24/04/2018,0.0
25/04/2018,1.5
26/04/2018,1.0
27/04/2018,2.0
28/04/2018,0.0
29/04/2018,4.3
30/04/2018,43.7
01/05/2018,28.5
02/05/2018,0.0
03/05/2018,0.0
04/05/2018,0.0
05/05/2018,6.0
06/05/2018,0.0
07/05/2018,29.0
08/05/2018,0.0
09/05/2018,0.0
10/05/2018,0.0
11/05/2018,0.0
12/05/2018,0.0
13/05/2018,0.0
14/05/2018,0.0
15/05/2018,0.0
16/05/2018,0.0
17/05/2018,0.0
18/05/2018,0.0
19/05/2018,0.0
20/05/2018,0.0
21/05/2018,1.5
22/05/2018,15.5
23/05/2018,0.0
24/05/2018,0.0
25/05/2018,0.0
26/05/2018,0.0
27/05/2018,0.0
28/05/2018,0.0
29/05/2018,0.0
30/05/2018,0.0
31/05/2018,0.0
01/06/2018,39.1
02/06/2018,0.4
03/06/2018,0.0
04/06/2018,0.0
05/06/2018,4.0
06/06/2018,37.5
07/06/2018,0.4
08/06/2018,47.7
09/06/2018,0.5
10/06/2018,0.0
11/06/2018,0.5
12/06/2018,0.0
13/06/2018,0.0
14/06/2018,0.0
15/06/2018,0.0
16/06/2018,17.5
17/06/2018,0.5
18/06/2018,3.5
19/06/2018,7.0
20/06/2018,13.6
21/06/2018,0.4
22/06/2018,0.0
23/06/2018,0.0
24/06/2018,0.4
25/06/2018,17.0
26/06/2018,1.6
27/06/2018,0.0
28/06/2018,65.5
29/06/2018,3.5
30/06/2018,52.4
01/07/2018,1.2
02/07/2018,0.4
03/07/2018,0.0
04/07/2018,10.5
05/07/2018,0.0
06/07/2018,0.0
07/07/2018,0.0
08/07/2018,1.5
09/07/2018,43.8
10/07/2018,9.2
11/07/2018,0.0
12/07/2018,0.0
13/07/2018,0.0
14/07/2018,0.0
15/07/2018,0.0
16/07/2018,0.0
17/07/2018,17.3
18/07/2018,13.3
19/07/2018,0.4
20/07/2018,12.0
21/07/2018,0.0
22/07/2018,0.0
23/07/2018,35.5
24/07/2018,57.5
25/07/2018,20.0
26/07/2018,18.0
27/07/2018,42.5
28/07/2018,2.7
29/07/2018,2.0
30/07/2018,13.6
31/07/2018,3.4
01/08/2018,4.2
02/08/2018,0.0
03/08/2018,0.0
04/08/2018,1.0
05/08/2018,0.0
06/08/2018,6.5
07/08/2018,4.5
08/08/2018,1.5
09/08/2018,1.9
10/08/2018,1.6
11/08/2018,0.0
12/08/2018,0.0
13/08/2018,0.0
14/08/2018,0.0
15/08/2018,0.0
16/08/2018,5.0
17/08/2018,0.0
18/08/2018,0.0
19/08/2018,29.5
20/08/2018,2.0
21/08/2018,40.8
22/08/2018,50.2
23/08/2018,0.0
24/08/2018,0.0
25/08/2018,21.7
26/08/2018,38.3
27/08/2018,10.5
28/08/2018,13.8
29/08/2018,10.7
30/08/2018,0.0
31/08/2018,4.7
01/09/2018,0.7
02/09/2018,0.1
03/09/2018,19.0
04/09/2018,25.5
05/09/2018,0.4
06/09/2018,32.1
07/09/2018,30.0
08/09/2018,19.5
09/09/2018,3.0
10/09/2018,0.5
11/09/2018,7.5
12/09/2018,0.0
13/09/2018,19.5
14/09/2018,40.0
15/09/2018,8.5
16/09/2018,7.5
17/09/2018,0.4
18/09/2018,7.1
19/09/2018,0.0
20/09/2018,0.0
21/09/2018,11.5
22/09/2018,43.7
23/09/2018,9.8
24/09/2018,0.0
25/09/2018,25.0
26/09/2018,0.0
27/09/2018,0.0
28/09/2018,12.5
29/09/2018,0.0
30/09/2018,0.0
01/10/2018,0.0
02/10/2018,0.0
03/10/2018,0.0
04/10/2018,49.0
05/10/2018,113.0
06/10/2018,0.8
07/10/2018,2.7
08/10/2018,19.5
09/10/2018,3.3
10/10/2018,1.0
11/10/2018,11.0
12/10/2018,17.1
13/10/2018,0.5
14/10/2018,11.3
15/10/2018,1.2
16/10/2018,27.9
17/10/2018,12.5
18/10/2018,68.8
19/10/2018,24.7
20/10/2018,0.4
21/10/2018,12.1
22/10/2018,3.6
23/10/2018,6.3
24/10/2018,14.7
25/10/2018,0.0
26/10/2018,0.0
27/10/2018,3.0
28/10/2018,4.0
29/10/2018,13.1
30/10/2018,11.3
31/10/2018,1.1
01/11/2018,50.5
02/11/2018,52.0
03/11/2018,98.8
04/11/2018,42.5
05/11/2018,85.8
06/11/2018,118.8
07/11/2018,19.2
08/11/2018,1.0
09/11/2018,0.5
10/11/2018,0.0
11/11/2018,22.0
12/11/2018,0.5
13/11/2018,0.0
14/11/2018,34.1
15/11/2018,22.4
16/11/2018,8.5
17/11/2018,1.1
18/11/2018,6.4
19/11/2018,3.3
20/11/2018,5.7
21/11/2018,0.0
22/11/2018,0.0
23/11/2018,0.0
24/11/2018,0.0
25/11/2018,0.0
26/11/2018,1.0
27/11/2018,11.7
28/11/2018,15.7
29/11/2018,47.1
30/11/2018,53.0
01/12/2018,94.2
02/12/2018,44.3
03/12/2018,67.7
04/12/2018,67.2
05/12/2018,129.8
06/12/2018,93.3
07/12/2018,60.0
08/12/2018,1.5
09/12/2018,0.5
10/12/2018,47.9
11/12/2018,22.1
12/12/2018,177.7
13/12/2018,20.6
14/12/2018,38.2
15/12/2018,110.7
16/12/2018,36.0
17/12/2018,73.8
18/12/2018,3.5
19/12/2018,78.3
20/12/2018,0.2
21/12/2018,0.0
22/12/2018,0.0
23/12/2018,0.0
24/12/2018,0.0
25/12/2018,0.0
26/12/2018,2.5
27/12/2018,0.0
28/12/2018,0.3
29/12/2018,0.2
30/12/2018,0.5
31/12/2018,6.0
01/01/2019,0.0
02/01/2019,20.4
03/01/2019,27.6
04/01/2019,0.0
05/01/2019,0.4
06/01/2019,8.0
07/01/2019,10.0
08/01/2019,1.0
09/01/2019,38.0
10/01/2019,0.5
11/01/2019,9.4
12/01/2019,13.2
13/01/2019,152.2
14/01/2019,0.2
15/01/2019,0.4
16/01/2019,24.2
17/01/2019,42.6
18/01/2019,2.2
19/01/2019,15.0
20/01/2019,0.1
21/01/2019,0.0
22/01/2019,0.0
23/01/2019,0.0
24/01/2019,0.0
25/01/2019,0.0
26/01/2019,0.0
27/01/2019,0.3
28/01/2019,4.7
29/01/2019,1.4
30/01/2019,1.1
31/01/2019,0.5
01/02/2019,8.2
02/02/2019,27.8
03/02/2019,4.5
04/02/2019,0.0
05/02/2019,0.0
06/02/2019,0.0
07/02/2019,0.0
08/02/2019,0.0
09/02/2019,0.0
10/02/2019,0.0
11/02/2019,0.0
12/02/2019,16.7
13/02/2019,6.1
14/02/2019,1.2
15/02/2019,0.0
16/02/2019,0.0
17/02/2019,0.0
18/02/2019,0.0
19/02/2019,0.0
20/02/2019,0.0
21/02/2019,0.0
22/02/2019,0.0
23/02/2019,0.0
24/02/2019,0.0
25/02/2019,0.0
26/02/2019,2.5
27/02/2019,1.5
28/02/2019,0.0
01/03/2019,0.0
02/03/2019,0.0
03/03/2019,0.0
04/03/2019,0.0
05/03/2019,0.0
06/03/2019,0.0
07/03/2019,0.0
08/03/2019,0.0
09/03/2019,0.0
10/03/2019,0.0
11/03/2019,0.0
12/03/2019,0.0
13/03/2019,0.0
14/03/2019,0.0
15/03/2019,0.0
16/03/2019,0.0
17/03/2019,0.0
18/03/2019,0.0
19/03/2019,0.0
20/03/2019,0.0
21/03/2019,0.0
22/03/2019,0.0
23/03/2019,0.0
24/03/2019,0.0
25/03/2019,2.5
26/03/2019,5.0
27/03/2019,10.5
28/03/2019,1.2
29/03/2019,1.3
30/03/2019,21.0
31/03/2019,0.0
01/04/2019,0.0
02/04/2019,7.5
03/04/2019,0.0
04/04/2019,0.0
05/04/2019,0.0
06/04/2019,0.0
07/04/2019,1.5
08/04/2019,0.0
09/04/2019,0.0
10/04/2019,0.0
11/04/2019,0.5
12/04/2019,35.5
13/04/2019,0.0
14/04/2019,0.0
15/04/2019,2.0
16/04/2019,0.5
17/04/2019,0.0
18/04/2019,0.0
19/04/2019,0.0
20/04/2019,0.0
21/04/2019,0.0
22/04/2019,0.0
23/04/2019,0.0
24/04/2019,0.3
25/04/2019,3.2
26/04/2019,0.0
27/04/2019,22.6
28/04/2019,0.4
29/04/2019,0.0
30/04/2019,0.0
01/05/2019,0.0
02/05/2019,0.0
03/05/2019,0.0
04/05/2019,5.4
05/05/2019,46.6
06/05/2019,0.0
07/05/2019,3.5
08/05/2019,13.8
09/05/2019,7.7
10/05/2019,0.0
11/05/2019,0.5
12/05/2019,0.5
13/05/2019,0.0
14/05/2019,4.5
15/05/2019,7.8
16/05/2019,6.2
17/05/2019,9.0
18/05/2019,11.0
19/05/2019,5.0
20/05/2019,0.5
21/05/2019,0.0
22/05/2019,0.0
23/05/2019,0.0
24/05/2019,35.2
25/05/2019,1.3
26/05/2019,25.5
27/05/2019,24.0
28/05/2019,0.0
29/05/2019,0.0
30/05/2019,5.5
31/05/2019,0.0
01/06/2019,3.5
02/06/2019,0.0
03/06/2019,0.0
04/06/2019,0.0
05/06/2019,7.6
06/06/2019,49.8
07/06/2019,0.2
08/06/2019,0.4
09/06/2019,23.1
10/06/2019,5.5
11/06/2019,0.2
12/06/2019,0.8
13/06/2019,0.0
14/06/2019,0.0
15/06/2019,0.0
16/06/2019,78.5
17/06/2019,0.5
18/06/2019,47.1
19/06/2019,0.9
20/06/2019,0.0
21/06/2019,17.1
22/06/2019,42.9
23/06/2019,11.0
24/06/2019,0.5
25/06/2019,40.6
26/06/2019,1.4
27/06/2019,0.0
28/06/2019,0.0
29/06/2019,0.4
30/06/2019,7.6
01/07/2019,0.0
02/07/2019,0.0
03/07/2019,8.5
04/07/2019,0.0
05/07/2019,1.5
06/07/2019,1.5
07/07/2019,0.0
08/07/2019,12.5
09/07/2019,8.5
10/07/2019,9.0
11/07/2019,9.5
12/07/2019,4.0
13/07/2019,0.0
14/07/2019,31.0
15/07/2019,0.0
16/07/2019,14.5
17/07/2019,5.5
18/07/2019,0.0
19/07/2019,0.0
20/07/2019,0.0
21/07/2019,0.0
22/07/2019,0.0
23/07/2019,0.5
24/07/2019,32.8
25/07/2019,1.7
26/07/2019,0.0
27/07/2019,0.0
28/07/2019,4.5
29/07/2019,0.0
30/07/2019,0.4
31/07/2019,6.6
01/08/2019,0.0
02/08/2019,0.0
03/08/2019,0.0
04/08/2019,0.0
05/08/2019,0.0
06/08/2019,0.0
07/08/2019,0.0
08/08/2019,0.0
09/08/2019,0.0
10/08/2019,0.0
11/08/2019,20.0
12/08/2019,0.0
13/08/2019,0.0
14/08/2019,0.0
15/08/2019,5.5
16/08/2019,0.0
17/08/2019,0.0
18/08/2019,0.0
19/08/2019,0.0
20/08/2019,45.9
21/08/2019,10.6
22/08/2019,19.8
23/08/2019,0.2
24/08/2019,50.5
25/08/2019,37.0
26/08/2019,1.5
27/08/2019,0.0
28/08/2019,13.5
29/08/2019,8.4
30/08/2019,0.6
31/08/2019,0.0
01/09/2019,12.9
02/09/2019,0.6
03/09/2019,86.0
04/09/2019,25.5
05/09/2019,0.0
06/09/2019,0.0
07/09/2019,20.5
08/09/2019,1.5
09/09/2019,9.4
10/09/2019,2.5
11/09/2019,5.6
12/09/2019,0.0
13/09/2019,54.5
14/09/2019,61.0
15/09/2019,0.5
16/09/2019,3.2
17/09/2019,8.3
18/09/2019,0.0
19/09/2019,0.0
20/09/2019,2.5
21/09/2019,30.0
22/09/2019,0.0
23/09/2019,10.5
24/09/2019,27.4
25/09/2019,18.7
26/09/2019,0.5
27/09/2019,0.0
28/09/2019,0.0
29/09/2019,0.0
30/09/2019,0.0
01/10/2019,6.5
02/10/2019,3.0
03/10/2019,22.0
04/10/2019,0.5
05/10/2019,0.0
06/10/2019,12.0
07/10/2019,0.5
08/10/2019,0.0
09/10/2019,0.0
10/10/2019,7.5
11/10/2019,0.0
12/10/2019,0.0
13/10/2019,1.5
14/10/2019,8.0
15/10/2019,27.0
16/10/2019,0.4
17/10/2019,35.6
18/10/2019,9.0
19/10/2019,2.7
20/10/2019,0.7
21/10/2019,8.6
22/10/2019,12.5
23/10/2019,0.0
24/10/2019,4.0
25/10/2019,0.0
26/10/2019,13.0
27/10/2019,1.0
28/10/2019,1.5
29/10/2019,16.0
30/10/2019,0.0
31/10/2019,4.8
01/11/2019,3.0
02/11/2019,0.7
03/11/2019,2.1
04/11/2019,19.9
05/11/2019,74.0
06/11/2019,3.4
07/11/2019,4.6
08/11/2019,70.4
09/11/2019,0.1
10/11/2019,6.7
11/11/2019,26.3
12/11/2019,14.3
13/11/2019,83.7
14/11/2019,0.9
15/11/2019,29.5
16/11/2019,20.5
17/11/2019,0.5
18/11/2019,27.5
19/11/2019,3.3
20/11/2019,54.7
21/11/2019,31.0
22/11/2019,69.2
23/11/2019,1.3
24/11/2019,6.4
25/11/2019,49.2
26/11/2019,24.4
27/11/2019,86.9
28/11/2019,34.2
29/11/2019,107.9
30/11/2019,100.9
01/12/2019,275.0
02/12/2019,99.3
03/12/2019,0.9
04/12/2019,4.2
05/12/2019,3.7
06/12/2019,3.9
07/12/2019,12.5
08/12/2019,13.6
09/12/2019,9.1
10/12/2019,5.9
11/12/2019,0.0
12/12/2019,0.0
13/12/2019,3.7
14/12/2019,13.6
15/12/2019,16.8
16/12/2019,17.0
17/12/2019,59.5
18/12/2019,37.2
19/12/2019,13.9
20/12/2019,1.9
21/12/2019,0.5
22/12/2019,0.0
23/12/2019,0.0
24/12/2019,0.0
25/12/2019,0.0
26/12/2019,0.0
27/12/2019,0.0
28/12/2019,0.0
29/12/2019,0.0
30/12/2019,2.4
31/12/2019,5.1
01/01/2020,3.3
02/01/2020,1.3
03/01/2020,7.3
04/01/2020,2.6
05/01/2020,0.5
06/01/2020,13.0
07/01/2020,0.5
08/01/2020,3.5
09/01/2020,1.0
10/01/2020,0.0
11/01/2020,0.0
12/01/2020,0.0
13/01/2020,0.0
14/01/2020,0.0
15/01/2020,0.0
16/01/2020,0.0
17/01/2020,10.3
18/01/2020,9.3
19/01/2020,11.1
20/01/2020,4.7
21/01/2020,2.1
22/01/2020,6.5
23/01/2020,0.5
24/01/2020,0.0
25/01/2020,0.0
26/01/2020,0.0
27/01/2020,0.0
28/01/2020,0.0
29/01/2020,0.5
30/01/2020,1.4
31/01/2020,16.9
01/02/2020,0.8
02/02/2020,0.0
03/02/2020,0.0
04/02/2020,0.0
05/02/2020,1.7
06/02/2020,1.8
07/02/2020,0.0
08/02/2020,0.4
09/02/2020,16.6
10/02/2020,35.7
11/02/2020,20.2
12/02/2020,16.5
13/02/2020,0.2
14/02/2020,0.0
15/02/2020,0.0
16/02/2020,0.0
17/02/2020,26.6
18/02/2020,3.3
19/02/2020,0.5
20/02/2020,1.5
21/02/2020,2.2
22/02/2020,23.9
23/02/2020,11.0
24/02/2020,0.8
25/02/2020,0.0
26/02/2020,0.0
27/02/2020,0.5
28/02/2020,2.5
29/02/2020,0.0
01/03/2020,0.0
02/03/2020,0.0
03/03/2020,0.0
04/03/2020,0.0
05/03/2020,1.0
06/03/2020,12.0
07/03/2020,0.0
08/03/2020,0.0
09/03/2020,0.0
10/03/2020,0.0
11/03/2020,0.0
12/03/2020,0.0
13/03/2020,1.7
14/03/2020,0.3
15/03/2020,0.0
16/03/2020,0.0
17/03/2020,8.5
18/03/2020,0.0
19/03/2020,0.0
20/03/2020,0.0
21/03/2020,0.5
22/03/2020,13.5
23/03/2020,1.0
24/03/2020,19.5
25/03/2020,0.5
26/03/2020,0.0
27/03/2020,0.0
28/03/2020,0.0
29/03/2020,0.0
30/03/2020,0.0
31/03/2020,0.0
01/04/2020,0.0
02/04/2020,19.6
03/04/2020,4.2
04/04/2020,0.6
05/04/2020,45.1
06/04/2020,3.0
07/04/2020,0.0
08/04/2020,0.0
09/04/2020,0.0
10/04/2020,0.0
11/04/2020,0.0
12/04/2020,0.0
13/04/2020,0.0
14/04/2020,10.0
15/04/2020,2.5
16/04/2020,0.0
17/04/2020,0.0
18/04/2020,0.0
19/04/2020,0.0
20/04/2020,0.0
21/04/2020,0.0
22/04/2020,2.1
23/04/2020,4.4
24/04/2020,0.0
25/04/2020,29.5
26/04/2020,21.4
27/04/2020,10.8
28/04/2020,18.8
29/04/2020,4.0
30/04/2020,52.9
01/05/2020,35.1
02/05/2020,0.0
03/05/2020,0.0
04/05/2020,0.0
05/05/2020,0.0
06/05/2020,0.0
07/05/2020,0.0
08/05/2020,0.0
09/05/2020,0.0
10/05/2020,0.0
11/05/2020,0.0
12/05/2020,0.0
13/05/2020,0.0
14/05/2020,0.0
15/05/2020,0.0
16/05/2020,0.0
17/05/2020,0.0
18/05/2020,0.0
19/05/2020,0.0
20/05/2020,0.0
21/05/2020,0.0
22/05/2020,0.0
23/05/2020,4.5
24/05/2020,0.5
25/05/2020,1.5
26/05/2020,0.0
27/05/2020,0.0
28/05/2020,14.0
29/05/2020,0.0
30/05/2020,0.0
31/05/2020,0.0
01/06/2020,15.0
02/06/2020,0.0
03/06/2020,0.0
04/06/2020,0.0
05/06/2020,11.9
06/06/2020,25.9
07/06/2020,55.7
08/06/2020,0.5
09/06/2020,0.8
10/06/2020,10.7
11/06/2020,0.0
12/06/2020,30.5
13/06/2020,0.0
14/06/2020,3.5
15/06/2020,44.5
16/06/2020,57.0
17/06/2020,0.0
18/06/2020,4.5
19/06/2020,1.0
20/06/2020,36.0
21/06/2020,2.5
22/06/2020,44.3
23/06/2020,2.2
24/06/2020,0.5
25/06/2020,0.0
26/06/2020,12.6
27/06/2020,3.0
28/06/2020,0.3
29/06/2020,0.0
30/06/2020,0.3
01/07/2020,1.2
02/07/2020,0.4
03/07/2020,47.6
04/07/2020,0.0
05/07/2020,0.0
06/07/2020,0.0
07/07/2020,0.0
08/07/2020,0.0
09/07/2020,14.2
10/07/2020,1.3
11/07/2020,4.5
12/07/2020,8.0
13/07/2020,24.5
14/07/2020,18.5
15/07/2020,0.0
16/07/2020,0.0
17/07/2020,0.0
18/07/2020,0.5
19/07/2020,0.3
20/07/2020,0.7
21/07/2020,0.0
22/07/2020,0.0
23/07/2020,0.4
24/07/2020,4.1
25/07/2020,0.0
26/07/2020,51.5
27/07/2020,25.5
28/07/2020,2.0
29/07/2020,0.0
30/07/2020,7.8
31/07/2020,1.7
01/08/2020,34.5
02/08/2020,0.4
03/08/2020,6.1
04/08/2020,0.2
05/08/2020,2.2
06/08/2020,0.1
07/08/2020,9.0
08/08/2020,13.0
09/08/2020,0.0
10/08/2020,45.1
11/08/2020,47.9
12/08/2020,4.6
13/08/2020,3.9
14/08/2020,0.5
15/08/2020,0.0
16/08/2020,0.0
17/08/2020,3.5
18/08/2020,26.2
19/08/2020,1.3
20/08/2020,5.0
21/08/2020,59.9
22/08/2020,0.6
23/08/2020,0.0
24/08/2020,0.0
25/08/2020,0.0
26/08/2020,0.0
27/08/2020,0.0
28/08/2020,23.0
29/08/2020,56.5
30/08/2020,1.0
31/08/2020,0.0
01/09/2020,9.3
02/09/2020,0.2
03/09/2020,0.0
04/09/2020,7.5
05/09/2020,0.0
06/09/2020,1.0
07/09/2020,1.5
08/09/2020,0.5
09/09/2020,0.0
10/09/2020,23.5
11/09/2020,0.0
12/09/2020,52.5
13/09/2020,0.0
14/09/2020,0.9
15/09/2020,3.1
16/09/2020,9.0
17/09/2020,38.5
18/09/2020,1.0
19/09/2020,0.4
20/09/2020,1.6
21/09/2020,0.0
22/09/2020,0.3
23/09/2020,0.2
24/09/2020,23.2
25/09/2020,2.9
26/09/2020,20.4
27/09/2020,0.0
28/09/2020,0.0
29/09/2020,0.0
30/09/2020,0.0
01/10/2020,0.0
02/10/2020,10.5
03/10/2020,0.0
04/10/2020,3.0
05/10/2020,2.9
06/10/2020,50.9
07/10/2020,77.3
08/10/2020,9.5
09/10/2020,7.0
10/10/2020,27.7
11/10/2020,0.3
12/10/2020,76.6
13/10/2020,14.4
14/10/2020,0.5
15/10/2020,0.0
16/10/2020,5.0
17/10/2020,0.5
18/10/2020,12.5
19/10/2020,0.0
20/10/2020,0.5
21/10/2020,1.0
22/10/2020,1.5
23/10/2020,1.0
24/10/2020,12.8
25/10/2020,41.7
26/10/2020,3.5
27/10/2020,2.5
28/10/2020,18.0
29/10/2020,30.0
30/10/2020,0.4
31/10/2020,47.1
01/11/2020,1.0
02/11/2020,8.0
03/11/2020,36.7
04/11/2020,74.3
05/11/2020,58.5
06/11/2020,26.5
07/11/2020,22.2
08/11/2020,0.7
09/11/2020,85.6
10/11/2020,0.0
11/11/2020,50.7
12/11/2020,133.3
13/11/2020,18.5
14/11/2020,0.0
15/11/2020,0.0
16/11/2020,0.5
17/11/2020,195.3
18/11/2020,33.7
19/11/2020,0.0
20/11/2020,9.1
21/11/2020,31.9
22/11/2020,13.4
23/11/2020,107.8
24/11/2020,156.7
25/11/2020,65.8
26/11/2020,17.1
27/11/2020,181.9
28/11/2020,22.6
29/11/2020,0.0
30/11/2020,27.5
01/12/2020,3.0
02/12/2020,73.3
03/12/2020,299.3
04/12/2020,19.9
05/12/2020,0.4
06/12/2020,1.6
07/12/2020,1.3
08/12/2020,20.7
09/12/2020,0.0
10/12/2020,0.5
11/12/2020,22.7
12/12/2020,3.0
13/12/2020,6.6
14/12/2020,5.5
15/12/2020,30.7
16/12/2020,117.6
17/12/2020,108.4
18/12/2020,94.5
19/12/2020,49.4
20/12/2020,12.6
21/12/2020,2.1
22/12/2020,0.0
23/12/2020,0.4
24/12/2020,13.1
25/12/2020,83.8
26/12/2020,6.6
27/12/2020,19.7
28/12/2020,0.0
29/12/2020,0.0
30/12/2020,0.0
31/12/2020,81.2
01/01/2021,32.1
02/01/2021,66.4
03/01/2021,43.6
04/01/2021,61.6
05/01/2021,22.9
06/01/2021,49.4
07/01/2021,7.6
08/01/2021,9.9
09/01/2021,14.8
10/01/2021,16.4
11/01/2021,5.3
12/01/2021,8.4
13/01/2021,8.0
14/01/2021,1.5
15/01/2021,0.0
16/01/2021,1.0
17/01/2021,0.0
18/01/2021,1.5
19/01/2021,0.5
20/01/2021,0.0
21/01/2021,0.0
22/01/2021,0.4
23/01/2021,4.4
24/01/2021,8.7
25/01/2021,0.0
26/01/2021,0.4
27/01/2021,12.9
28/01/2021,3.3
29/01/2021,0.0
30/01/2021,0.0
31/01/2021,12.0
01/02/2021,6.0
02/02/2021,0.0
03/02/2021,0.0
04/02/2021,0.0
05/02/2021,4.0
06/02/2021,0.0
07/02/2021,0.0
08/02/2021,0.0
09/02/2021,0.0
10/02/2021,0.0
11/02/2021,0.0
12/02/2021,0.5
13/02/2021,0.0
14/02/2021,0.0
15/02/2021,0.0
16/02/2021,0.0
17/02/2021,0.0
18/02/2021,0.4
19/02/2021,3.9
20/02/2021,1.7
21/02/2021,0.0
22/02/2021,0.0
23/02/2021,0.0
24/02/2021,0.0
25/02/2021,0.0
26/02/2021,0.0
27/02/2021,0.0
28/02/2021,0.0
01/03/2021,0.0
02/03/2021,0.0
03/03/2021,0.0
04/03/2021,0.5
05/03/2021,0.0
06/03/2021,0.5
07/03/2021,0.0
08/03/2021,0.0
09/03/2021,0.0
10/03/2021,9.5
11/03/2021,1.8
12/03/2021,1.7
13/03/2021,0.0
14/03/2021,0.0
15/03/2021,0.0
16/03/2021,0.0
17/03/2021,0.0
18/03/2021,0.0
19/03/2021,0.0
20/03/2021,0.0
21/03/2021,0.0
22/03/2021,0.4
23/03/2021,8.6
24/03/2021,17.5
25/03/2021,9.5
26/03/2021,6.0
27/03/2021,51.0
28/03/2021,2.0
29/03/2021,0.0
30/03/2021,0.4
31/03/2021,8.6
01/04/2021,0.0
02/04/2021,0.0
03/04/2021,0.0
04/04/2021,4.3
05/04/2021,4.2
06/04/2021,1.5
07/04/2021,10.5
08/04/2021,0.0
09/04/2021,0.0
10/04/2021,0.4
11/04/2021,14.6
12/04/2021,0.5
13/04/2021,0.0
14/04/2021,52.5
15/04/2021,0.0
16/04/2021,0.0
17/04/2021,0.0
18/04/2021,0.0
19/04/2021,19.0
20/04/2021,0.5
21/04/2021,15.0
22/04/2021,81.5
23/04/2021,1.4
24/04/2021,27.6
25/04/2021,19.0
26/04/2021,42.5
27/04/2021,0.0
28/04/2021,0.5
29/04/2021,0.0
30/04/2021,6.0
01/05/2021,0.0
02/05/2021,0.0
03/05/2021,2.7
04/05/2021,5.8
05/05/2021,4.3
06/05/2021,0.2
07/05/2021,20.5
08/05/2021,0.0
09/05/2021,0.0
10/05/2021,0.5
11/05/2021,20.5
12/05/2021,23.5
13/05/2021,0.0
14/05/2021,0.0
15/05/2021,0.0
16/05/2021,0.0
17/05/2021,0.0
18/05/2021,20.3
19/05/2021,39.1
20/05/2021,7.1
21/05/2021,0.5
22/05/2021,0.0
23/05/2021,0.0
24/05/2021,2.0
25/05/2021,0.0
26/05/2021,84.0
27/05/2021,11.1
28/05/2021,0.9
29/05/2021,16.5
30/05/2021,8.0
31/05/2021,0.0
01/06/2021,0.0
02/06/2021,5.0
03/06/2021,0.0
04/06/2021,10.0
05/06/2021,3.0
06/06/2021,18.0
07/06/2021,0.5
08/06/2021,0.3
09/06/2021,22.2
10/06/2021,11.5
11/06/2021,0.0
12/06/2021,0.0
13/06/2021,65.0
14/06/2021,0.0
15/06/2021,0.0
16/06/2021,0.0
17/06/2021,7.0
18/06/2021,48.0
19/06/2021,41.8
20/06/2021,1.2
21/06/2021,3.0
22/06/2021,0.0
23/06/2021,0.5
24/06/2021,0.0
25/06/2021,30.0
26/06/2021,0.0
27/06/2021,0.0
28/06/2021,1.0
29/06/2021,32.0
30/06/2021,0.0
01/07/2021,0.5
02/07/2021,0.0
03/07/2021,73.3
04/07/2021,4.2
05/07/2021,48.5
06/07/2021,42.5
07/07/2021,0.5
08/07/2021,11.0
09/07/2021,16.4
10/07/2021,1.6
11/07/2021,12.5
12/07/2021,0.5
13/07/2021,11.5
14/07/2021,0.0
15/07/2021,0.5
16/07/2021,0.0
17/07/2021,0.5
18/07/2021,18.0
19/07/2021,0.0
20/07/2021,0.0
21/07/2021,6.5
22/07/2021,0.0
23/07/2021,0.0
24/07/2021,0.0
25/07/2021,0.0
26/07/2021,0.0
27/07/2021,0.0
28/07/2021,2.9
29/07/2021,12.6
30/07/2021,0.0
31/07/2021,2.0
01/08/2021,0.0
02/08/2021,6.0
03/08/2021,0.5
04/08/2021,6.0
05/08/2021,0.0
06/08/2021,0.0
07/08/2021,0.0
08/08/2021,23.0
09/08/2021,0.0
10/08/2021,18.4
11/08/2021,3.6
12/08/2021,10.5
13/08/2021,0.0
14/08/2021,0.0
15/08/2021,0.0
16/08/2021,15.4
17/08/2021,10.1
18/08/2021,0.3
19/08/2021,15.6
20/08/2021,5.1
21/08/2021,0.5
22/08/2021,26.0
23/08/2021,38.9
24/08/2021,8.1
25/08/2021,2.0
26/08/2021,0.5
27/08/2021,15.0
28/08/2021,0.0
29/08/2021,44.5
30/08/2021,11.5
31/08/2021,75.5
01/09/2021,50.9
02/09/2021,23.5
03/09/2021,2.6
04/09/2021,13.5
05/09/2021,0.0
06/09/2021,0.0
07/09/2021,1.8
08/09/2021,103.7
09/09/2021,35.5
10/09/2021,89.5
11/09/2021,1.8
12/09/2021,9.7
13/09/2021,17.0
14/09/2021,0.5
15/09/2021,5.0
16/09/2021,75.1
17/09/2021,7.0
18/09/2021,0.0
19/09/2021,54.8
20/09/2021,0.5
21/09/2021,0.2
22/09/2021,25.0
23/09/2021,0.0
24/09/2021,1.0
25/09/2021,0.5
26/09/2021,31.2
27/09/2021,3.3
28/09/2021,7.0
29/09/2021,1.5
30/09/2021,57.0
01/10/2021,5.5
02/10/2021,0.0
03/10/2021,0.0
04/10/2021,11.0
05/10/2021,0.0
06/10/2021,6.6
07/10/2021,7.4
08/10/2021,0.0
09/10/2021,0.0
10/10/2021,0.0
11/10/2021,0.0
12/10/2021,0.5
13/10/2021,4.5
14/10/2021,9.4
15/10/2021,2.6
16/10/2021,12.6
17/10/2021,1.5
18/10/2021,0.5
19/10/2021,5.4
20/10/2021,6.4
21/10/2021,1.2
22/10/2021,0.0
23/10/2021,7.5
24/10/2021,0.5
25/10/2021,0.5
26/10/2021,11.0
27/10/2021,9.5
28/10/2021,50.3
29/10/2021,6.2
30/10/2021,0.0
31/10/2021,0.5
01/11/2021,0.4
02/11/2021,17.6
03/11/2021,22.0
04/11/2021,0.0
05/11/2021,4.0
06/11/2021,1.0
07/11/2021,3.6
08/11/2021,0.4
09/11/2021,5.4
10/11/2021,49.8
11/11/2021,10.8
12/11/2021,23.0
13/11/2021,64.3
14/11/2021,4.7
15/11/2021,3.0
16/11/2021,1.7
17/11/2021,79.7
18/11/2021,37.6
19/11/2021,0.4
20/11/2021,2.6
21/11/2021,4.5
22/11/2021,0.9
23/11/2021,35.1
24/11/2021,29.5
25/11/2021,12.1
26/11/2021,79.3
27/11/2021,10.9
28/11/2021,10.7
29/11/2021,2.2
30/11/2021,2.7
01/12/2021,32.0
02/12/2021,72.2
03/12/2021,224.7
04/12/2021,9.3
05/12/2021,18.0
06/12/2021,0.0
07/12/2021,1.2
08/12/2021,6.3
09/12/2021,0.5
10/12/2021,35.9
11/12/2021,0.2
12/12/2021,1.0
13/12/2021,2.0
14/12/2021,22.2
15/12/2021,31.7
16/12/2021,106.6
17/12/2021,77.1
18/12/2021,17.3
19/12/2021,13.0
20/12/2021,0.0
21/12/2021,20.8
22/12/2021,46.2
23/12/2021,1.0
24/12/2021,0.5
25/12/2021,37.0
26/12/2021,0.5
27/12/2021,0.0
28/12/2021,0.4
29/12/2021,19.6
30/12/2021,57.4
31/12/2021,9.3
01/01/2022,48.2
02/01/2022,4.9
03/01/2022,8.6
04/01/2022,51.2
05/01/2022,1.4
06/01/2022,0.5
07/01/2022,8.0
08/01/2022,2.6
09/01/2022,0.5
10/01/2022,1.0
11/01/2022,0.0
12/01/2022,0.0
13/01/2022,0.0
14/01/2022,0.0
15/01/2022,1.3
16/01/2022,0.7
17/01/2022,22.1
18/01/2022,2.0
19/01/2022,0.5
20/01/2022,2.5
21/01/2022,0.0
22/01/2022,0.0
23/01/2022,0.5
24/01/2022,0.0
25/01/2022,0.0
26/01/2022,0.0
27/01/2022,0.0
28/01/2022,0.0
29/01/2022,0.0
30/01/2022,0.0
31/01/2022,0.0
01/02/2022,0.0
02/02/2022,1.0
03/02/2022,14.9
04/02/2022,0.1
05/02/2022,2.6
06/02/2022,12.4
07/02/2022,36.7
08/02/2022,124.8
09/02/2022,7.0
10/02/2022,4.3
11/02/2022,20.6
12/02/2022,71.9
13/02/2022,15.1
14/02/2022,98.7
15/02/2022,127.8
16/02/2022,44.8
17/02/2022,0.2
18/02/2022,0.0
19/02/2022,0.0
20/02/2022,0.0
21/02/2022,0.0
22/02/2022,0.9
23/02/2022,30.3
24/02/2022,47.9
25/02/2022,171.9
26/02/2022,190.1
27/02/2022,182.5
28/02/2022,56.9
01/03/2022,4.1
02/03/2022,8.6
03/03/2022,7.2
04/03/2022,22.1
05/03/2022,15.2
06/03/2022,0.0
07/03/2022,0.4
08/03/2022,3.1
09/03/2022,0.5
10/03/2022,0.6
11/03/2022,0.0
12/03/2022,0.0
13/03/2022,4.5
14/03/2022,2.5
15/03/2022,0.0
16/03/2022,0.0
17/03/2022,1.0
18/03/2022,0.0
19/03/2022,16.5
20/03/2022,75.0
21/03/2022,11.9
22/03/2022,41.8
23/03/2022,0.8
24/03/2022,0.0
25/03/2022,0.0
26/03/2022,0.0
27/03/2022,0.0
28/03/2022,0.0
29/03/2022,0.0
30/03/2022,0.0
31/03/2022,0.5
01/04/2022,0.5
02/04/2022,6.5
03/04/2022,2.3
04/04/2022,151.0
05/04/2022,20.6
06/04/2022,32.2
07/04/2022,12.5
08/04/2022,0.5
09/04/2022,4.0
10/04/2022,0.0
11/04/2022,1.0
12/04/2022,4.0
13/04/2022,39.0
14/04/2022,0.0
15/04/2022,1.0
16/04/2022,0.0
17/04/2022,0.0
18/04/2022,0.0
19/04/2022,5.7
20/04/2022,0.3
21/04/2022,0.0
22/04/2022,3.0
23/04/2022,0.0
24/04/2022,15.5
25/04/2022,0.0
26/04/2022,0.0
27/04/2022,0.0
28/04/2022,0.0
29/04/2022,0.0
30/04/2022,1.0
01/05/2022,2.5
02/05/2022,18.5
03/05/2022,15.7
04/05/2022,30.3
05/05/2022,19.8
06/05/2022,13.7
07/05/2022,0.0
08/05/2022,6.2
09/05/2022,4.3
10/05/2022,9.5
11/05/2022,11.0
12/05/2022,0.5
13/05/2022,2.5
14/05/2022,0.0
15/05/2022,0.0
16/05/2022,35.5
17/05/2022,0.0
18/05/2022,0.4
19/05/2022,6.6
20/05/2022,0.0
21/05/2022,8.5
22/05/2022,8.0
23/05/2022,0.5
24/05/2022,0.0
25/05/2022,0.0
26/05/2022,0.0
27/05/2022,0.0
28/05/2022,0.0
29/05/2022,0.0
30/05/2022,2.0
31/05/2022,0.5
01/06/2022,11.5
02/06/2022,12.5
03/06/2022,0.0
04/06/2022,0.0
05/06/2022,0.0
06/06/2022,0.0
07/06/2022,0.0
08/06/2022,0.0
09/06/2022,0.0
10/06/2022,0.0
11/06/2022,0.0
12/06/2022,0.0
13/06/2022,1.5
14/06/2022,0.0
15/06/2022,34.5
16/06/2022,0.0
17/06/2022,0.5
18/06/2022,0.5
19/06/2022,0.0
20/06/2022,0.0
21/06/2022,5.0
22/06/2022,0.5
23/06/2022,1.4
24/06/2022,11.7
25/06/2022,0.0
26/06/2022,52.5
27/06/2022,0.5
28/06/2022,19.5
29/06/2022,49.1
30/06/2022,6.4
01/07/2022,26.5
02/07/2022,0.0
03/07/2022,19.0
04/07/2022,47.2
05/07/2022,5.8
06/07/2022,4.5
07/07/2022,0.0
08/07/2022,22.5
09/07/2022,7.7
10/07/2022,1.3
11/07/2022,5.1
12/07/2022,2.4
13/07/2022,0.0
14/07/2022,0.0
15/07/2022,0.0
16/07/2022,0.0
17/07/2022,0.5
18/07/2022,7.5
19/07/2022,17.5
20/07/2022,11.1
21/07/2022,1.9
22/07/2022,0.5
23/07/2022,0.5
24/07/2022,0.0
25/07/2022,0.8
26/07/2022,73.7
27/07/2022,41.0
28/07/2022,0.0
29/07/2022,0.0
30/07/2022,1.5
31/07/2022,31.5
01/08/2022,1.0
02/08/2022,2.0
03/08/2022,0.5
04/08/2022,0.0
05/08/2022,22.0
06/08/2022,0.0
07/08/2022,0.0
08/08/2022,0.0
09/08/2022,0.5
10/08/2022,0.0
11/08/2022,0.0
12/08/2022,0.0
13/08/2022,10.5
14/08/2022,0.0
15/08/2022,6.8
16/08/2022,118.7
17/08/2022,13.0
18/08/2022,18.5
19/08/2022,7.0
20/08/2022,31.2
21/08/2022,0.3
22/08/2022,0.5
23/08/2022,17.5
24/08/2022,14.0
25/08/2022,7.0
26/08/2022,0.0
27/08/2022,0.5
28/08/2022,8.5
29/08/2022,7.5
30/08/2022,15.0
31/08/2022,0.5
01/09/2022,0.0
02/09/2022,0.0
03/09/2022,0.8
04/09/2022,1.5
05/09/2022,3.6
06/09/2022,11.3
07/09/2022,18.7
08/09/2022,0.4
09/09/2022,2.0
10/09/2022,6.6
11/09/2022,34.6
12/09/2022,0.9
13/09/2022,28.5
14/09/2022,1.8
15/09/2022,0.2
16/09/2022,11.0
17/09/2022,35.0
18/09/2022,0.0
19/09/2022,28.0
20/09/2022,19.0
21/09/2022,1.0
22/09/2022,19.5
23/09/2022,0.5
24/09/2022,0.4
25/09/2022,4.6
26/09/2022,13.3
27/09/2022,28.7
28/09/2022,16.0
29/09/2022,24.6
30/09/2022,16.1
01/10/2022,4.7
02/10/2022,0.4
03/10/2022,14.7
04/10/2022,12.8
05/10/2022,8.6
06/10/2022,0.0
07/10/2022,0.0
08/10/2022,5.6
09/10/2022,2.2
10/10/2022,19.7
11/10/2022,0.4
12/10/2022,3.1
13/10/2022,1.5
14/10/2022,4.9
15/10/2022,5.1
16/10/2022,5.5
17/10/2022,8.5
18/10/2022,35.3
19/10/2022,29.1
20/10/2022,26.0
21/10/2022,0.4
22/10/2022,63.2
23/10/2022,1.2
24/10/2022,2.7
25/10/2022,7.9
26/10/2022,8.9
27/10/2022,2.0
28/10/2022,17.1
29/10/2022,21.0
30/10/2022,0.5
31/10/2022,4.0
01/11/2022,21.6
02/11/2022,24.9
03/11/2022,4.5
04/11/2022,5.7
05/11/2022,2.8
06/11/2022,23.3
07/11/2022,0.7
08/11/2022,2.9
09/11/2022,5.6
10/11/2022,73.0
11/11/2022,196.7
12/11/2022,30.3
13/11/2022,13.0
14/11/2022,0.0
15/11/2022,1.0
16/11/2022,1.0
17/11/2022,1.5
18/11/2022,34.7
19/11/2022,0.8
20/11/2022,0.0
21/11/2022,0.4
22/11/2022,7.4
23/11/2022,18.0
24/11/2022,3.7
25/11/2022,0.0
26/11/2022,45.0
27/11/2022,2.5
28/11/2022,9.0
29/11/2022,0.4
30/11/2022,14.0
01/12/2022,87.2
02/12/2022,71.8
03/12/2022,48.6
04/12/2022,49.5
05/12/2022,1.0
06/12/2022,24.5
07/12/2022,19.2
08/12/2022,56.4
09/12/2022,154.5
10/12/2022,92.4
11/12/2022,82.2
12/12/2022,30.5
13/12/2022,14.0
14/12/2022,13.7
15/12/2022,15.2
16/12/2022,29.6
17/12/2022,77.9
18/12/2022,287.7
19/12/2022,295.4
20/12/2022,63.0
21/12/2022,10.0
22/12/2022,2.3
23/12/2022,0.7
24/12/2022,0.3
25/12/2022,0.2
26/12/2022,2.0
27/12/2022,1.0
28/12/2022,0.0
29/12/2022,0.0
30/12/2022,0.0
31/12/2022,0.0
01/01/2023,0.0
02/01/2023,0.0
03/01/2023,4.0
04/01/2023,0.0
05/01/2023,0.4
06/01/2023,26.9
07/01/2023,85.7
08/01/2023,111.8
09/01/2023,1.8
10/01/2023,1.8
11/01/2023,10.0
12/01/2023,9.5
13/01/2023,0.4
14/01/2023,4.6
15/01/2023,0.0
16/01/2023,0.0
17/01/2023,0.5
18/01/2023,4.5
19/01/2023,19.7
20/01/2023,38.0
21/01/2023,7.0
22/01/2023,7.4
23/01/2023,5.2
24/01/2023,2.4
25/01/2023,2.2
26/01/2023,14.0
27/01/2023,79.8
28/01/2023,26.4
29/01/2023,25.0
30/01/2023,23.9
31/01/2023,9.7
01/02/2023,6.8
02/02/2023,26.4
03/02/2023,17.1
04/02/2023,2.3
05/02/2023,6.7
06/02/2023,6.2
07/02/2023,0.6
08/02/2023,16.1
09/02/2023,0.0
10/02/2023,0.0
11/02/2023,0.0
12/02/2023,0.0
13/02/2023,0.5
14/02/2023,0.0
15/02/2023,0.0
16/02/2023,73.5
17/02/2023,9.8
18/02/2023,18.6
19/02/2023,0.0
20/02/2023,10.5
21/02/2023,2.6
22/02/2023,0.4
23/02/2023,0.5
24/02/2023,0.0
25/02/2023,1.9
26/02/2023,0.7
27/02/2023,8.7
28/02/2023,29.2
01/03/2023,6.9
02/03/2023,6.7
03/03/2023,4.0
04/03/2023,0.5
05/03/2023,0.5
06/03/2023,0.0
07/03/2023,0.0
08/03/2023,0.4
09/03/2023,1.1
10/03/2023,18.0
11/03/2023,1.0
12/03/2023,0.0
13/03/2023,0.0
14/03/2023,0.0
15/03/2023,0.0
16/03/2023,0.0
17/03/2023,0.0
18/03/2023,0.0
19/03/2023,0.0
20/03/2023,0.0
21/03/2023,0.0
22/03/2023,0.0
23/03/2023,0.0
24/03/2023,0.0
25/03/2023,0.0
26/03/2023,0.0
27/03/2023,0.0
28/03/2023,0.0
29/03/2023,0.0
30/03/2023,0.0
31/03/2023,0.0
01/04/2023,0.0
02/04/2023,55.5
03/04/2023,11.0
04/04/2023,0.5
05/04/2023,0.0
06/04/2023,0.0
07/04/2023,0.0
08/04/2023,0.0
09/04/2023,0.0
10/04/2023,0.0
11/04/2023,0.0
12/04/2023,0.0
13/04/2023,0.0
14/04/2023,0.0
15/04/2023,0.0
16/04/2023,0.0
17/04/2023,0.0
18/04/2023,0.0
19/04/2023,0.0
20/04/2023,0.0
21/04/2023,0.0
22/04/2023,0.0
23/04/2023,0.0
24/04/2023,0.0
25/04/2023,2.0
26/04/2023,22.9
27/04/2023,8.1
28/04/2023,0.0
29/04/2023,0.5
30/04/2023,0.5
01/05/2023,1.0
02/05/2023,27.0
03/05/2023,9.1
04/05/2023,2.5
05/05/2023,0.0
06/05/2023,0.0
07/05/2023,30.0
08/05/2023,5.5
09/05/2023,71.0
10/05/2023,0.5
11/05/2023,0.0
12/05/2023,0.0
13/05/2023,0.0
14/05/2023,28.0
15/05/2023,5.5
16/05/2023,0.0
17/05/2023,25.6
18/05/2023,8.4
19/05/2023,13.1
20/05/2023,0.8
21/05/2023,4.6
22/05/2023,4.5
23/05/2023,0.0
24/05/2023,0.5
25/05/2023,12.5
26/05/2023,0.0
27/05/2023,0.0
28/05/2023,1.5
29/05/2023,3.0
30/05/2023,11.5
31/05/2023,13.0
01/06/2023,3.0
02/06/2023,7.5
03/06/2023,23.9
04/06/2023,0.1
05/06/2023,10.0
