Date,Value (mm)
22/09/1984,19.0
23/09/1984,7.5
24/09/1984,1.0
25/09/1984,3.5
26/09/1984,7.5
27/09/1984,0.0
28/09/1984,30.0
29/09/1984,10.5
30/09/1984,0.0
01/10/1984,0.5
02/10/1984,0.0
03/10/1984,0.0
04/10/1984,0.0
05/10/1984,4.0
06/10/1984,0.0
07/10/1984,17.0
08/10/1984,0.0
09/10/1984,25.5
10/10/1984,0.5
11/10/1984,4.5
12/10/1984,0.5
13/10/1984,0.0
14/10/1984,42.0
15/10/1984,2.0
16/10/1984,8.0
17/10/1984,0.0
18/10/1984,0.0
19/10/1984,0.0
20/10/1984,0.5
21/10/1984,2.0
22/10/1984,6.0
23/10/1984,1.0
24/10/1984,5.5
25/10/1984,30.0
26/10/1984,1.0
27/10/1984,9.0
28/10/1984,0.5
29/10/1984,23.5
30/10/1984,0.0
31/10/1984,0.0
01/11/1984,0.5
02/11/1984,0.0
03/11/1984,0.0
04/11/1984,0.0
05/11/1984,6.5
06/11/1984,0.5
07/11/1984,0.0
08/11/1984,0.0
09/11/1984,0.0
10/11/1984,0.0
11/11/1984,11.0
12/11/1984,0.0
13/11/1984,0.0
14/11/1984,1.0
15/11/1984,7.5
16/11/1984,1.5
17/11/1984,9.0
18/11/1984,24.0
19/11/1984,2.5
20/11/1984,1.0
21/11/1984,7.0
22/11/1984,19.5
23/11/1984,4.0
24/11/1984,71.4
25/11/1984,14.6
26/11/1984,14.7
27/11/1984,2.3
28/11/1984,4.5
29/11/1984,24.0
30/11/1984,56.5
01/12/1984,45.5
02/12/1984,90.0
03/12/1984,56.5
04/12/1984,8.0
05/12/1984,8.5
06/12/1984,7.5
07/12/1984,19.5
08/12/1984,2.5
09/12/1984,0.0
10/12/1984,0.0
11/12/1984,0.0
12/12/1984,3.0
13/12/1984,0.0
14/12/1984,0.0
15/12/1984,0.0
16/12/1984,15.0
17/12/1984,46.5
18/12/1984,0.0
19/12/1984,0.0
20/12/1984,166.0
21/12/1984,24.0
22/12/1984,129.2
23/12/1984,147.3
24/12/1984,5.0
25/12/1984,24.0
26/12/1984,16.0
27/12/1984,2.5
28/12/1984,5.5
29/12/1984,2.0
30/12/1984,0.5
31/12/1984,0.0
01/01/1985,0.5
02/01/1985,5.0
03/01/1985,0.0
04/01/1985,0.0
05/01/1985,0.0
06/01/1985,0.0
07/01/1985,0.0
08/01/1985,0.0
09/01/1985,0.0
10/01/1985,1.5
11/01/1985,0.0
12/01/1985,0.0
13/01/1985,0.0
14/01/1985,0.0
15/01/1985,0.0
16/01/1985,0.0
17/01/1985,0.0
18/01/1985,0.0
19/01/1985,2.0
20/01/1985,0.0
21/01/1985,0.0
22/01/1985,0.0
23/01/1985,14.5
24/01/1985,19.5
25/01/1985,0.0
26/01/1985,28.5
27/01/1985,13.5
28/01/1985,0.0
29/01/1985,14.0
30/01/1985,10.0
31/01/1985,3.3
01/02/1985,2.2
02/02/1985,17.0
03/02/1985,37.0
04/02/1985,9.0
05/02/1985,0.0
06/02/1985,0.0
07/02/1985,0.0
08/02/1985,0.0
09/02/1985,0.0
10/02/1985,0.0
11/02/1985,19.5
12/02/1985,5.5
13/02/1985,0.0
14/02/1985,0.0
15/02/1985,22.0
16/02/1985,42.5
17/02/1985,2.0
18/02/1985,0.0
19/02/1985,0.0
20/02/1985,0.0
21/02/1985,0.0
22/02/1985,3.5
23/02/1985,126.5
24/02/1985,60.0
25/02/1985,1.0
26/02/1985,0.0
27/02/1985,0.0
28/02/1985,0.0
01/03/1985,17.5
02/03/1985,0.0
03/03/1985,93.8
04/03/1985,19.7
05/03/1985,22.5
06/03/1985,12.0
07/03/1985,15.0
08/03/1985,61.5
09/03/1985,137.0
10/03/1985,62.0
11/03/1985,9.4
12/03/1985,7.1
13/03/1985,16.0
14/03/1985,134.8
15/03/1985,26.7
16/03/1985,13.5
17/03/1985,1.5
18/03/1985,0.0
19/03/1985,1.0
20/03/1985,0.5
21/03/1985,0.0
22/03/1985,0.0
23/03/1985,0.0
24/03/1985,0.0
25/03/1985,12.0
26/03/1985,0.0
27/03/1985,0.0
28/03/1985,0.0
29/03/1985,0.0
30/03/1985,0.0
31/03/1985,1.5
01/04/1985,1.0
02/04/1985,0.0
03/04/1985,0.0
04/04/1985,3.5
05/04/1985,0.0
06/04/1985,0.0
07/04/1985,0.0
08/04/1985,0.0
09/04/1985,0.0
10/04/1985,0.0
11/04/1985,0.0
12/04/1985,0.0
13/04/1985,0.0
14/04/1985,0.0
15/04/1985,0.0
16/04/1985,0.0
17/04/1985,0.5
18/04/1985,2.0
19/04/1985,0.0
20/04/1985,0.0
21/04/1985,12.5
22/04/1985,41.5
23/04/1985,12.5
24/04/1985,5.5
25/04/1985,0.0
26/04/1985,0.0
27/04/1985,0.0
28/04/1985,53.5
29/04/1985,0.0
30/04/1985,7.5
01/05/1985,6.0
02/05/1985,7.0
03/05/1985,1.0
04/05/1985,0.0
05/05/1985,0.0
06/05/1985,0.0
07/05/1985,0.0
08/05/1985,0.0
09/05/1985,0.0
10/05/1985,0.0
11/05/1985,25.5
12/05/1985,0.5
13/05/1985,85.5
14/05/1985,0.5
15/05/1985,22.5
16/05/1985,0.0
17/05/1985,0.0
18/05/1985,7.0
19/05/1985,1.0
20/05/1985,0.0
21/05/1985,6.5
22/05/1985,6.5
23/05/1985,0.0
24/05/1985,0.0
25/05/1985,0.0
26/05/1985,5.5
27/05/1985,0.5
28/05/1985,0.0
29/05/1985,0.0
30/05/1985,4.5
31/05/1985,0.0
01/06/1985,0.0
02/06/1985,0.0
03/06/1985,0.0
04/06/1985,44.0
05/06/1985,0.0
06/06/1985,0.0
07/06/1985,0.0
08/06/1985,0.0
09/06/1985,0.0
10/06/1985,0.0
11/06/1985,0.0
12/06/1985,0.0
13/06/1985,17.0
14/06/1985,0.0
15/06/1985,3.0
16/06/1985,0.0
17/06/1985,1.5
18/06/1985,0.0
19/06/1985,0.0
20/06/1985,0.0
21/06/1985,0.0
22/06/1985,0.0
23/06/1985,0.0
24/06/1985,0.0
25/06/1985,0.0
26/06/1985,0.0
27/06/1985,0.0
28/06/1985,0.0
29/06/1985,0.0
30/06/1985,0.0
01/07/1985,0.0
02/07/1985,0.0
03/07/1985,0.0
04/07/1985,8.5
05/07/1985,0.5
06/07/1985,0.0
07/07/1985,0.0
08/07/1985,21.0
09/07/1985,0.5
10/07/1985,7.5
11/07/1985,0.5
12/07/1985,4.0
13/07/1985,0.5
14/07/1985,4.0
15/07/1985,0.0
16/07/1985,0.0
17/07/1985,0.0
18/07/1985,5.0
19/07/1985,6.0
20/07/1985,0.5
10/09/1985,44.5
11/09/1985,8.0
12/09/1985,12.0
13/09/1985,1.5
14/09/1985,11.0
15/09/1985,17.5
16/09/1985,6.5
17/09/1985,0.0
18/09/1985,41.1
19/09/1985,17.9
20/09/1985,7.0
21/09/1985,4.5
22/09/1985,0.0
23/09/1985,41.0
24/09/1985,9.0
25/09/1985,7.0
26/09/1985,0.5
27/09/1985,16.0
28/09/1985,0.0
29/09/1985,1.0
30/09/1985,3.5
01/10/1985,3.5
02/10/1985,22.5
03/10/1985,47.5
04/10/1985,0.5
05/10/1985,44.8
06/10/1985,17.2
07/10/1985,5.0
08/10/1985,4.5
09/10/1985,20.0
10/10/1985,35.0
11/10/1985,1.0
12/10/1985,7.5
13/10/1985,0.0
14/10/1985,0.0
15/10/1985,0.0
16/10/1985,1.0
17/10/1985,24.5
18/10/1985,0.0
19/10/1985,0.0
20/10/1985,0.0
21/10/1985,0.0
22/10/1985,0.0
23/10/1985,30.0
24/10/1985,1.0
25/10/1985,23.5
26/10/1985,6.5
27/10/1985,0.0
28/10/1985,12.0
29/10/1985,0.0
30/10/1985,5.0
31/10/1985,5.0
01/11/1985,3.0
02/11/1985,20.5
03/11/1985,24.0
04/11/1985,5.0
05/11/1985,8.5
06/11/1985,0.0
07/11/1985,7.0
08/11/1985,0.0
09/11/1985,1.0
10/11/1985,0.0
11/11/1985,4.5
12/11/1985,0.5
13/11/1985,1.5
14/11/1985,7.0
15/11/1985,2.5
16/11/1985,11.0
17/11/1985,7.5
18/11/1985,3.0
19/11/1985,0.0
26/11/1985,0.4
27/11/1985,1.1
28/11/1985,4.0
29/11/1985,41.0
30/11/1985,16.5
01/12/1985,102.5
02/12/1985,127.4
03/12/1985,102.1
04/12/1985,6.0
05/12/1985,0.0
06/12/1985,22.0
07/12/1985,9.0
08/12/1985,0.0
09/12/1985,0.0
10/12/1985,0.0
11/12/1985,0.0
12/12/1985,5.5
13/12/1985,33.0
14/12/1985,42.0
15/12/1985,1.5
16/12/1985,12.0
02/01/1986,52.0
03/01/1986,2.0
04/01/1986,9.7
05/01/1986,10.8
06/01/1986,11.5
07/01/1986,10.3
08/01/1986,21.5
09/01/1986,13.2
10/01/1986,18.0
11/01/1986,10.5
12/01/1986,0.5
13/01/1986,0.0
14/01/1986,0.0
15/01/1986,0.0
16/01/1986,0.0
17/01/1986,0.5
18/01/1986,0.5
19/01/1986,0.0
20/01/1986,0.0
21/01/1986,0.0
22/01/1986,0.0
23/01/1986,0.0
24/01/1986,0.5
28/01/1986,0.5
29/01/1986,0.0
30/01/1986,0.0
31/01/1986,0.0
01/02/1986,0.0
02/02/1986,0.0
03/02/1986,0.0
04/02/1986,0.0
05/02/1986,0.0
06/02/1986,0.0
07/02/1986,0.0
08/02/1986,0.0
09/02/1986,0.5
10/02/1986,0.0
11/02/1986,5.0
12/02/1986,0.0
13/02/1986,0.0
14/02/1986,0.0
15/02/1986,0.0
16/02/1986,0.0
17/02/1986,0.0
18/02/1986,0.0
19/02/1986,0.0
20/02/1986,0.0
21/02/1986,0.0
22/02/1986,0.0
23/02/1986,0.0
24/02/1986,0.0
25/02/1986,0.0
26/02/1986,0.0
27/02/1986,0.0
28/02/1986,2.0
01/03/1986,1.5
02/03/1986,12.0
03/03/1986,4.0
04/03/1986,0.0
05/03/1986,0.5
06/03/1986,24.5
07/03/1986,16.0
08/03/1986,8.5
09/03/1986,5.0
10/03/1986,0.5
11/03/1986,0.5
12/03/1986,0.0
13/03/1986,0.0
14/03/1986,0.0
15/03/1986,0.0
16/03/1986,0.0
17/03/1986,0.5
18/03/1986,0.0
19/03/1986,0.0
20/03/1986,0.0
21/03/1986,0.0
22/03/1986,0.0
23/03/1986,0.0
24/03/1986,0.0
25/03/1986,0.0
26/03/1986,0.0
27/03/1986,0.0
28/03/1986,0.0
29/03/1986,0.0
30/03/1986,0.0
31/03/1986,0.0
01/04/1986,0.0
02/04/1986,0.0
03/04/1986,0.0
04/04/1986,0.0
05/04/1986,0.0
06/04/1986,0.0
07/04/1986,0.0
08/04/1986,0.5
09/04/1986,0.0
10/04/1986,0.0
11/04/1986,0.0
12/04/1986,0.0
13/04/1986,0.0
14/04/1986,1.5
15/04/1986,1.0
16/04/1986,1.0
17/04/1986,0.0
18/04/1986,0.0
19/04/1986,0.0
20/04/1986,0.0
21/04/1986,0.0
22/04/1986,0.0
23/04/1986,0.0
24/04/1986,0.0
25/04/1986,0.0
26/04/1986,0.0
27/04/1986,0.0
28/04/1986,0.0
29/04/1986,0.0
30/04/1986,0.0
01/05/1986,0.0
02/05/1986,0.0
03/05/1986,0.0
04/05/1986,0.0
05/05/1986,0.0
06/05/1986,0.0
07/05/1986,0.0
08/05/1986,0.0
09/05/1986,0.0
10/05/1986,0.0
11/05/1986,0.0
12/05/1986,37.3
13/05/1986,52.0
14/05/1986,78.0
15/05/1986,27.7
16/05/1986,14.5
17/05/1986,0.5
18/05/1986,0.0
19/05/1986,1.5
20/05/1986,9.0
21/05/1986,0.0
22/05/1986,22.0
23/05/1986,12.0
24/05/1986,0.0
25/05/1986,26.5
26/05/1986,20.0
27/05/1986,0.5
28/05/1986,1.5
29/05/1986,2.0
30/05/1986,0.0
31/05/1986,3.5
01/06/1986,0.0
02/06/1986,0.0
03/06/1986,6.5
04/06/1986,1.5
05/06/1986,22.0
06/06/1986,0.0
07/06/1986,0.0
08/06/1986,0.0
09/06/1986,0.0
10/06/1986,29.5
11/06/1986,9.0
12/06/1986,9.0
13/06/1986,0.0
14/06/1986,0.0
15/06/1986,0.0
16/06/1986,0.0
17/06/1986,6.5
18/06/1986,24.0
19/06/1986,0.0
20/06/1986,0.0
21/06/1986,25.0
22/06/1986,4.5
23/06/1986,0.0
24/06/1986,0.0
25/06/1986,0.0
26/06/1986,0.0
27/06/1986,10.5
28/06/1986,22.0
29/06/1986,0.0
30/06/1986,0.0
01/07/1986,0.5
02/07/1986,0.0
03/07/1986,2.5
04/07/1986,0.5
05/07/1986,0.0
06/07/1986,0.0
07/07/1986,0.0
08/07/1986,2.5
09/07/1986,13.5
10/07/1986,42.5
11/07/1986,0.0
12/07/1986,0.0
13/07/1986,0.0
14/07/1986,1.3
15/07/1986,0.2
16/07/1986,0.0
17/07/1986,0.0
18/07/1986,0.0
19/07/1986,0.0
20/07/1986,0.0
21/07/1986,0.0
22/07/1986,0.0
23/07/1986,0.0
24/07/1986,0.0
25/07/1986,0.0
26/07/1986,0.0
27/07/1986,15.0
28/07/1986,0.0
29/07/1986,4.5
30/07/1986,0.0
31/07/1986,12.5
01/08/1986,0.5
02/08/1986,0.0
03/08/1986,0.0
04/08/1986,0.0
05/08/1986,0.0
06/08/1986,0.0
07/08/1986,0.0
08/08/1986,0.0
09/08/1986,3.5
10/08/1986,2.5
11/08/1986,5.0
12/08/1986,0.0
13/08/1986,0.0
14/08/1986,0.0
15/08/1986,0.0
16/08/1986,0.0
17/08/1986,0.0
18/08/1986,0.0
19/08/1986,0.0
20/08/1986,0.0
21/08/1986,5.0
22/08/1986,0.0
23/08/1986,0.0
24/08/1986,0.0
25/08/1986,7.5
26/08/1986,0.0
27/08/1986,1.0
28/08/1986,12.5
29/08/1986,0.0
30/08/1986,0.0
31/08/1986,0.5
01/09/1986,8.5
02/09/1986,0.0
03/09/1986,30.5
04/09/1986,31.0
05/09/1986,38.0
06/09/1986,2.0
07/09/1986,15.5
08/09/1986,4.5
09/09/1986,11.0
10/09/1986,12.5
11/09/1986,0.5
12/09/1986,3.5
13/09/1986,1.5
14/09/1986,0.0
15/09/1986,43.5
16/09/1986,32.5
17/09/1986,10.0
18/09/1986,9.0
19/09/1986,15.5
20/09/1986,1.0
21/09/1986,0.0
22/09/1986,13.5
23/09/1986,39.5
24/09/1986,7.0
25/09/1986,0.0
26/09/1986,12.5
27/09/1986,6.0
28/09/1986,0.5
29/09/1986,23.5
30/09/1986,6.5
01/10/1986,15.5
02/10/1986,7.0
03/10/1986,0.0
04/10/1986,10.5
05/10/1986,0.5
06/10/1986,90.5
07/10/1986,0.0
08/10/1986,28.5
09/10/1986,22.0
10/10/1986,6.0
11/10/1986,0.0
12/10/1986,0.0
13/10/1986,0.0
14/10/1986,0.0
15/10/1986,0.0
16/10/1986,19.5
17/10/1986,0.0
18/10/1986,0.0
19/10/1986,15.5
20/10/1986,18.0
21/10/1986,0.5
22/10/1986,7.0
23/10/1986,1.0
24/10/1986,0.0
25/10/1986,1.0
26/10/1986,0.5
27/10/1986,19.5
28/10/1986,0.0
29/10/1986,0.0
30/10/1986,0.0
31/10/1986,14.0
01/11/1986,15.0
02/11/1986,0.0
03/11/1986,15.5
04/11/1986,49.0
05/11/1986,1.5
06/11/1986,0.0
07/11/1986,26.0
08/11/1986,6.5
09/11/1986,0.5
10/11/1986,0.0
11/11/1986,0.0
12/11/1986,0.0
13/11/1986,37.5
14/11/1986,6.0
15/11/1986,3.5
16/11/1986,4.5
17/11/1986,3.5
18/11/1986,0.0
19/11/1986,1.5
20/11/1986,0.0
21/11/1986,0.0
22/11/1986,21.5
23/11/1986,0.0
24/11/1986,0.0
25/11/1986,20.0
26/11/1986,172.0
27/11/1986,73.0
28/11/1986,101.6
29/11/1986,205.9
30/11/1986,253.5
01/12/1986,189.0
02/12/1986,76.5
03/12/1986,89.5
04/12/1986,0.0
05/12/1986,12.5
06/12/1986,50.0
07/12/1986,23.5
08/12/1986,6.5
09/12/1986,23.0
10/12/1986,13.5
11/12/1986,13.0
12/12/1986,0.0
13/12/1986,0.5
14/12/1986,0.0
15/12/1986,0.0
16/12/1986,11.5
17/12/1986,6.0
18/12/1986,18.0
19/12/1986,13.0
20/12/1986,0.0
21/12/1986,26.0
22/12/1986,0.0
23/12/1986,1.0
24/12/1986,0.0
25/12/1986,1.5
26/12/1986,1.5
27/12/1986,11.5
28/12/1986,3.5
29/12/1986,28.0
30/12/1986,5.5
31/12/1986,0.0
01/01/1987,0.0
02/01/1987,0.0
03/01/1987,0.0
04/01/1987,0.0
05/01/1987,6.0
06/01/1987,3.0
07/01/1987,8.0
08/01/1987,7.0
09/01/1987,12.5
10/01/1987,10.0
11/01/1987,2.0
12/01/1987,2.0
13/01/1987,5.0
14/01/1987,0.0
15/01/1987,0.5
16/01/1987,10.5
17/01/1987,3.0
18/01/1987,0.0
19/01/1987,0.0
20/01/1987,0.5
21/01/1987,1.5
22/01/1987,0.5
23/01/1987,0.0
24/01/1987,1.0
25/01/1987,2.5
26/01/1987,4.0
27/01/1987,12.0
28/01/1987,24.5
29/01/1987,2.0
30/01/1987,0.0
31/01/1987,0.5
01/02/1987,2.0
02/02/1987,0.0
03/02/1987,5.5
04/02/1987,0.3
05/02/1987,0.2
06/02/1987,0.0
07/02/1987,0.0
08/02/1987,0.0
09/02/1987,0.0
10/02/1987,0.0
11/02/1987,0.0
12/02/1987,0.0
13/02/1987,0.0
14/02/1987,0.0
15/02/1987,0.5
16/02/1987,0.0
17/02/1987,0.0
18/02/1987,0.0
19/02/1987,0.0
20/02/1987,0.0
21/02/1987,0.0
22/02/1987,0.0
23/02/1987,0.0
24/02/1987,0.0
25/02/1987,0.0
26/02/1987,0.0
27/02/1987,0.0
28/02/1987,0.0
01/03/1987,0.0
02/03/1987,17.0
03/03/1987,16.0
16/03/1987,1.5
17/03/1987,5.0
18/03/1987,3.5
19/03/1987,11.5
20/03/1987,0.0
21/03/1987,0.0
22/03/1987,0.0
23/03/1987,0.0
24/03/1987,0.0
25/03/1987,0.0
26/03/1987,0.0
27/03/1987,0.0
28/03/1987,0.0
29/03/1987,0.0
30/03/1987,12.5
31/03/1987,33.5
01/04/1987,11.5
02/04/1987,0.3
03/04/1987,0.2
04/04/1987,0.0
05/04/1987,0.0
06/04/1987,0.0
07/04/1987,2.0
08/04/1987,33.0
09/04/1987,9.0
10/04/1987,0.0
11/04/1987,0.0
12/04/1987,0.0
13/04/1987,0.0
14/04/1987,0.0
15/04/1987,0.0
16/04/1987,0.0
17/04/1987,3.0
18/04/1987,0.5
19/04/1987,0.0
20/04/1987,0.0
21/04/1987,0.0
22/04/1987,0.0
23/04/1987,0.0
24/04/1987,0.0
25/04/1987,0.0
26/04/1987,0.0
27/04/1987,0.0
28/04/1987,1.0
29/04/1987,0.0
30/04/1987,0.0
01/05/1987,2.5
02/05/1987,0.0
03/05/1987,0.0
04/05/1987,23.0
05/05/1987,0.0
06/05/1987,0.0
07/05/1987,0.5
08/05/1987,44.0
09/05/1987,0.0
10/05/1987,0.0
11/05/1987,0.0
12/05/1987,3.0
13/05/1987,0.0
14/05/1987,0.0
15/05/1987,0.0
16/05/1987,0.0
17/05/1987,1.5
18/05/1987,0.0
19/05/1987,0.0
20/05/1987,0.0
21/05/1987,0.0
22/05/1987,0.0
23/05/1987,0.0
24/05/1987,0.0
25/05/1987,0.0
26/05/1987,0.0
27/05/1987,0.0
28/05/1987,22.0
29/05/1987,0.5
30/05/1987,0.0
31/05/1987,0.0
01/06/1987,0.0
02/06/1987,0.0
03/06/1987,1.0
04/06/1987,0.0
05/06/1987,9.5
06/06/1987,0.0
07/06/1987,3.0
08/06/1987,4.5
09/06/1987,4.0
10/06/1987,20.0
11/06/1987,0.0
12/06/1987,20.0
13/06/1987,0.0
14/06/1987,0.5
15/06/1987,0.0
16/06/1987,0.0
17/06/1987,0.0
18/06/1987,0.0
19/06/1987,0.0
20/06/1987,4.5
21/06/1987,2.5
22/06/1987,1.0
23/06/1987,1.5
24/06/1987,0.5
25/06/1987,0.0
26/06/1987,1.0
27/06/1987,0.5
28/06/1987,0.0
29/06/1987,0.0
30/06/1987,0.0
01/07/1987,0.0
02/07/1987,0.0
03/07/1987,0.5
04/07/1987,0.0
05/07/1987,3.5
06/07/1987,0.0
07/07/1987,0.0
08/07/1987,0.0
09/07/1987,0.0
10/07/1987,0.0
11/07/1987,0.0
12/07/1987,0.0
13/07/1987,0.0
14/07/1987,5.0
15/07/1987,4.0
16/07/1987,0.3
17/07/1987,0.2
18/07/1987,0.0
19/07/1987,0.0
20/07/1987,0.0
21/07/1987,0.0
22/07/1987,0.0
23/07/1987,0.0
24/07/1987,0.0
25/07/1987,0.0
26/07/1987,0.0
27/07/1987,0.0
28/07/1987,0.0
29/07/1987,0.0
30/07/1987,0.0
31/07/1987,0.0
01/08/1987,1.0
02/08/1987,0.0
03/08/1987,0.0
04/08/1987,0.0
05/08/1987,0.0
06/08/1987,0.0
07/08/1987,0.0
08/08/1987,0.0
09/08/1987,0.0
10/08/1987,0.0
11/08/1987,0.0
12/08/1987,0.5
13/08/1987,0.5
14/08/1987,0.0
15/08/1987,3.0
16/08/1987,0.0
17/08/1987,0.0
18/08/1987,0.0
19/08/1987,0.0
20/08/1987,0.0
21/08/1987,8.0
22/08/1987,1.0
23/08/1987,0.5
24/08/1987,0.0
25/08/1987,0.0
26/08/1987,0.0
27/08/1987,0.0
28/08/1987,0.0
29/08/1987,0.0
30/08/1987,0.5
31/08/1987,0.0
01/09/1987,0.0
02/09/1987,0.0
03/09/1987,0.0
04/09/1987,0.0
05/09/1987,0.0
06/09/1987,0.0
07/09/1987,0.0
08/09/1987,0.0
09/09/1987,2.0
10/09/1987,0.0
11/09/1987,0.0
12/09/1987,0.0
13/09/1987,0.0
14/09/1987,0.0
15/09/1987,0.0
16/09/1987,0.0
17/09/1987,0.0
18/09/1987,0.0
19/09/1987,0.0
20/09/1987,0.0
21/09/1987,0.0
11/11/1987,5.5
12/11/1987,0.5
13/11/1987,75.0
14/11/1987,0.0
15/11/1987,4.3
16/11/1987,23.2
17/11/1987,5.5
18/11/1987,0.0
19/11/1987,1.0
20/11/1987,1.0
21/11/1987,5.5
22/11/1987,4.0
23/11/1987,31.5
24/11/1987,1.0
25/11/1987,7.0
26/11/1987,37.5
27/11/1987,0.5
28/11/1987,8.0
29/11/1987,0.5
30/11/1987,7.5
01/12/1987,52.0
02/12/1987,64.7
03/12/1987,159.0
04/12/1987,43.8
05/12/1987,0.0
06/12/1987,198.0
07/12/1987,55.5
08/12/1987,13.0
09/12/1987,34.0
10/12/1987,37.5
11/12/1987,71.0
12/12/1987,49.0
13/12/1987,56.5
14/12/1987,24.5
15/12/1987,1.0
16/12/1987,0.0
17/12/1987,49.1
18/12/1987,1.9
19/12/1987,0.0
20/12/1987,0.3
21/12/1987,13.7
22/12/1987,0.0
23/12/1987,1.5
24/12/1987,5.0
25/12/1987,18.0
26/12/1987,32.0
27/12/1987,30.0
28/12/1987,55.0
29/12/1987,28.0
30/12/1987,0.0
31/12/1987,0.0
01/01/1988,0.0
02/01/1988,0.0
03/01/1988,12.5
04/01/1988,7.0
05/01/1988,2.5
06/01/1988,0.0
07/01/1988,0.0
08/01/1988,0.0
09/01/1988,19.5
10/01/1988,8.0
11/01/1988,11.0
12/01/1988,3.5
13/01/1988,2.9
14/01/1988,7.1
15/01/1988,4.5
16/01/1988,3.5
17/01/1988,0.0
18/01/1988,0.0
19/01/1988,0.0
20/01/1988,0.0
21/01/1988,0.0
22/01/1988,0.0
23/01/1988,0.0
24/01/1988,0.0
25/01/1988,2.5
26/01/1988,12.2
27/01/1988,10.3
28/01/1988,8.5
29/01/1988,1.0
30/01/1988,0.5
31/01/1988,1.5
01/02/1988,4.5
02/02/1988,7.0
03/02/1988,6.5
04/02/1988,0.0
05/02/1988,200.5
06/02/1988,0.0
07/02/1988,0.0
08/02/1988,0.0
09/02/1988,0.0
10/02/1988,1.0
11/02/1988,0.0
12/02/1988,0.0
13/02/1988,0.0
14/02/1988,0.0
15/02/1988,16.5
16/02/1988,0.0
17/02/1988,0.0
18/02/1988,22.0
19/02/1988,3.0
20/02/1988,55.0
21/02/1988,37.5
22/02/1988,0.0
23/02/1988,25.3
24/02/1988,44.7
25/02/1988,1.0
26/02/1988,0.5
27/02/1988,0.0
28/02/1988,0.0
29/02/1988,0.0
01/03/1988,0.0
02/03/1988,1.5
03/03/1988,2.0
04/03/1988,5.0
05/03/1988,0.5
06/03/1988,23.0
07/03/1988,21.5
08/03/1988,18.0
09/03/1988,27.5
10/03/1988,0.0
11/03/1988,16.0
12/03/1988,0.0
13/03/1988,0.0
14/03/1988,0.0
15/03/1988,0.0
16/03/1988,0.0
17/03/1988,0.0
18/03/1988,0.0
19/03/1988,0.0
20/03/1988,0.0
21/03/1988,0.0
22/03/1988,0.0
23/03/1988,0.0
24/03/1988,0.0
25/03/1988,0.0
26/03/1988,0.0
27/03/1988,0.0
28/03/1988,0.0
29/03/1988,0.0
30/03/1988,0.0
31/03/1988,0.0
01/04/1988,0.0
02/04/1988,0.0
03/04/1988,0.0
04/04/1988,0.0
05/04/1988,0.0
06/04/1988,0.0
07/04/1988,0.0
08/04/1988,0.0
09/04/1988,0.0
10/04/1988,0.0
11/04/1988,20.3
12/04/1988,7.7
13/04/1988,0.0
14/04/1988,0.0
15/04/1988,0.0
16/04/1988,0.0
17/04/1988,0.0
18/04/1988,0.0
19/04/1988,0.0
20/04/1988,0.0
21/04/1988,0.0
22/04/1988,0.0
23/04/1988,0.0
24/04/1988,0.0
25/04/1988,0.0
26/04/1988,14.0
27/04/1988,7.0
28/04/1988,0.0
29/04/1988,11.3
30/04/1988,22.7
01/05/1988,4.0
02/05/1988,1.0
03/05/1988,0.0
04/05/1988,19.5
05/05/1988,0.0
06/05/1988,0.0
07/05/1988,33.3
08/05/1988,16.7
09/05/1988,5.7
10/05/1988,2.8
11/05/1988,0.0
12/05/1988,0.0
13/05/1988,60.5
14/05/1988,0.5
15/05/1988,0.5
16/05/1988,29.5
17/05/1988,34.0
18/05/1988,76.0
19/05/1988,0.5
20/05/1988,0.5
21/05/1988,2.0
22/05/1988,39.5
23/05/1988,1.7
24/05/1988,19.3
25/05/1988,0.0
26/05/1988,0.0
27/05/1988,0.0
28/05/1988,8.0
29/05/1988,0.0
30/05/1988,0.0
31/05/1988,0.0
01/06/1988,28.5
02/06/1988,0.0
03/06/1988,0.0
04/06/1988,0.0
05/06/1988,0.0
06/06/1988,0.0
07/06/1988,0.0
08/06/1988,0.0
09/06/1988,0.0
10/06/1988,0.0
11/06/1988,0.0
12/06/1988,1.0
13/06/1988,38.5
14/06/1988,10.5
15/06/1988,0.0
16/06/1988,0.0
17/06/1988,1.0
18/06/1988,0.0
19/06/1988,0.0
20/06/1988,0.5
21/06/1988,3.5
22/06/1988,2.0
23/06/1988,0.5
24/06/1988,0.0
25/06/1988,0.0
26/06/1988,0.0
27/06/1988,18.0
28/06/1988,0.0
29/06/1988,21.5
30/06/1988,22.5
01/07/1988,0.0
02/07/1988,0.0
03/07/1988,0.0
04/07/1988,62.5
05/07/1988,15.5
06/07/1988,15.5
07/07/1988,2.0
08/07/1988,1.0
09/07/1988,0.0
10/07/1988,7.5
11/07/1988,0.0
12/07/1988,11.5
13/07/1988,35.0
14/07/1988,3.5
15/07/1988,0.0
16/07/1988,0.0
17/07/1988,35.5
18/07/1988,0.0
19/07/1988,5.0
20/07/1988,0.0
21/07/1988,0.0
22/07/1988,11.5
23/07/1988,0.0
24/07/1988,6.5
25/07/1988,8.0
26/07/1988,0.0
27/07/1988,11.0
28/07/1988,14.0
29/07/1988,0.0
30/07/1988,0.0
31/07/1988,13.5
01/08/1988,0.5
02/08/1988,0.0
03/08/1988,0.0
04/08/1988,13.5
05/08/1988,9.5
06/08/1988,0.0
07/08/1988,0.0
08/08/1988,3.5
09/08/1988,21.0
10/08/1988,7.5
11/08/1988,3.0
12/08/1988,14.0
13/08/1988,3.5
14/08/1988,0.0
15/08/1988,0.5
16/08/1988,0.5
17/08/1988,0.0
18/08/1988,3.0
19/08/1988,0.0
20/08/1988,27.0
21/08/1988,6.0
22/08/1988,3.0
23/08/1988,0.0
24/08/1988,5.5
25/08/1988,3.0
26/08/1988,3.5
27/08/1988,0.0
28/08/1988,3.5
29/08/1988,0.5
30/08/1988,0.0
31/08/1988,0.0
01/09/1988,0.0
02/09/1988,0.0
03/09/1988,3.0
04/09/1988,0.0
05/09/1988,60.5
06/09/1988,11.0
07/09/1988,0.0
08/09/1988,0.0
09/09/1988,18.5
10/09/1988,0.0
11/09/1988,0.0
12/09/1988,0.0
13/09/1988,0.0
14/09/1988,32.5
15/09/1988,0.0
16/09/1988,3.0
17/09/1988,23.5
18/09/1988,48.5
19/09/1988,0.0
20/09/1988,2.5
21/09/1988,0.0
22/09/1988,22.5
23/09/1988,1.0
24/09/1988,0.0
25/09/1988,23.5
26/09/1988,0.0
27/09/1988,12.5
28/09/1988,0.0
29/09/1988,6.0
30/09/1988,10.5
01/10/1988,17.0
02/10/1988,0.5
03/10/1988,18.0
04/10/1988,0.0
05/10/1988,13.5
06/10/1988,0.0
07/10/1988,0.0
08/10/1988,2.0
09/10/1988,0.0
10/10/1988,0.0
11/10/1988,0.0
12/10/1988,0.0
13/10/1988,6.5
14/10/1988,0.0
15/10/1988,0.0
16/10/1988,0.5
17/10/1988,16.4
18/10/1988,2.1
19/10/1988,8.5
20/10/1988,14.0
21/10/1988,0.0
22/10/1988,0.0
23/10/1988,0.0
24/10/1988,0.0
25/10/1988,17.0
26/10/1988,9.0
27/10/1988,29.5
28/10/1988,1.5
29/10/1988,14.5
30/10/1988,0.5
31/10/1988,1.0
01/11/1988,4.0
02/11/1988,91.0
03/11/1988,264.0
04/11/1988,159.0
05/11/1988,94.0
06/11/1988,2.0
07/11/1988,14.5
08/11/1988,0.0
09/11/1988,0.0
10/11/1988,1.0
11/11/1988,2.5
12/11/1988,42.0
13/11/1988,33.5
14/11/1988,3.0
15/11/1988,2.0
16/11/1988,3.5
17/11/1988,52.0
18/11/1988,44.8
19/11/1988,159.7
20/11/1988,230.4
21/11/1988,95.1
22/11/1988,13.5
23/11/1988,11.4
24/11/1988,6.1
25/11/1988,0.0
26/11/1988,0.0
27/11/1988,2.5
28/11/1988,82.0
29/11/1988,56.4
30/11/1988,158.4
01/12/1988,335.0
02/12/1988,282.2
03/12/1988,12.0
04/12/1988,6.2
05/12/1988,10.8
06/12/1988,0.5
07/12/1988,0.0
08/12/1988,0.0
09/12/1988,0.0
10/12/1988,0.0
11/12/1988,1.0
12/12/1988,42.0
13/12/1988,4.0
14/12/1988,23.5
15/12/1988,7.0
16/12/1988,21.0
17/12/1988,4.5
18/12/1988,47.8
19/12/1988,27.7
20/12/1988,18.0
21/12/1988,0.5
22/12/1988,23.0
23/12/1988,4.5
24/12/1988,0.0
25/12/1988,0.0
26/12/1988,0.0
27/12/1988,2.5
28/12/1988,9.5
29/12/1988,1.0
30/12/1988,0.0
31/12/1988,33.8
01/01/1989,7.7
02/01/1989,4.0
03/01/1989,7.5
04/01/1989,2.5
05/01/1989,7.5
06/01/1989,7.0
07/01/1989,1.0
08/01/1989,0.0
09/01/1989,0.0
10/01/1989,39.0
11/01/1989,1.0
12/01/1989,16.5
13/01/1989,5.5
14/01/1989,5.0
15/01/1989,7.5
16/01/1989,5.5
17/01/1989,4.0
18/01/1989,2.0
19/01/1989,0.0
20/01/1989,0.0
21/01/1989,0.0
22/01/1989,0.5
23/01/1989,34.5
24/01/1989,0.5
25/01/1989,0.0
26/01/1989,0.0
27/01/1989,0.0
28/01/1989,0.0
29/01/1989,0.0
30/01/1989,4.5
31/01/1989,43.5
01/02/1989,0.5
02/02/1989,0.0
03/02/1989,0.0
04/02/1989,0.0
05/02/1989,0.0
06/02/1989,0.0
07/02/1989,0.0
08/02/1989,0.0
09/02/1989,0.0
10/02/1989,0.0
11/02/1989,0.0
12/02/1989,0.0
13/02/1989,0.0
14/02/1989,0.0
15/02/1989,0.0
16/02/1989,0.0
17/02/1989,0.0
18/02/1989,0.0
19/02/1989,0.0
20/02/1989,0.0
21/02/1989,0.0
22/02/1989,2.0
23/02/1989,27.0
24/02/1989,0.0
25/02/1989,0.0
26/02/1989,0.0
27/02/1989,0.0
28/02/1989,0.0
01/03/1989,0.0
02/03/1989,0.0
03/03/1989,0.0
04/03/1989,0.0
05/03/1989,6.4
06/03/1989,9.6
07/03/1989,4.0
08/03/1989,0.0
09/03/1989,17.0
10/03/1989,0.0
11/03/1989,0.0
12/03/1989,0.0
13/03/1989,0.0
14/03/1989,0.0
15/03/1989,0.0
16/03/1989,0.0
17/03/1989,0.0
18/03/1989,0.0
19/03/1989,0.0
20/03/1989,0.0
21/03/1989,0.0
22/03/1989,0.0
23/03/1989,0.0
24/03/1989,0.0
25/03/1989,0.0
26/03/1989,0.0
27/03/1989,0.0
28/03/1989,4.5
29/03/1989,0.5
30/03/1989,0.0
31/03/1989,0.5
01/04/1989,39.0
02/04/1989,0.0
03/04/1989,0.0
04/04/1989,0.0
05/04/1989,0.0
06/04/1989,0.0
07/04/1989,0.0
08/04/1989,0.0
09/04/1989,0.0
10/04/1989,0.0
11/04/1989,0.0
12/04/1989,97.5
13/04/1989,21.0
14/04/1989,12.5
15/04/1989,4.0
16/04/1989,0.0
17/04/1989,0.0
18/04/1989,0.0
19/04/1989,0.0
20/04/1989,0.0
21/04/1989,0.0
22/04/1989,0.0
23/04/1989,0.0
24/04/1989,0.0
25/04/1989,0.0
26/04/1989,10.0
27/04/1989,0.0
28/04/1989,0.0
29/04/1989,0.0
30/04/1989,0.0
01/05/1989,0.0
02/05/1989,0.5
03/05/1989,3.0
04/05/1989,0.5
05/05/1989,2.5
06/05/1989,1.0
07/05/1989,0.5
08/05/1989,0.0
09/05/1989,0.0
10/05/1989,0.0
11/05/1989,0.0
12/05/1989,0.0
13/05/1989,0.0
14/05/1989,0.5
15/05/1989,0.0
16/05/1989,0.0
17/05/1989,2.0
18/05/1989,20.0
19/05/1989,17.5
20/05/1989,21.3
21/05/1989,10.7
22/05/1989,1.3
23/05/1989,0.7
24/05/1989,0.0
25/05/1989,0.0
26/05/1989,4.0
27/05/1989,1.0
28/05/1989,0.0
29/05/1989,0.5
30/05/1989,0.0
31/05/1989,1.0
01/06/1989,0.0
02/06/1989,0.0
03/06/1989,0.0
04/06/1989,1.0
05/06/1989,0.0
06/06/1989,9.0
07/06/1989,0.0
08/06/1989,0.0
09/06/1989,1.0
10/06/1989,0.0
11/06/1989,0.5
12/06/1989,0.5
13/06/1989,0.0
14/06/1989,1.5
15/06/1989,0.0
16/06/1989,0.0
17/06/1989,2.0
18/06/1989,0.0
19/06/1989,52.0
20/06/1989,0.0
21/06/1989,0.0
22/06/1989,4.0
23/06/1989,0.0
24/06/1989,0.0
25/06/1989,0.0
26/06/1989,32.5
27/06/1989,1.0
28/06/1989,0.0
29/06/1989,6.0
30/06/1989,13.0
01/07/1989,0.0
02/07/1989,0.0
03/07/1989,0.5
04/07/1989,0.0
05/07/1989,2.5
06/07/1989,0.0
07/07/1989,0.5
08/07/1989,1.5
09/07/1989,0.0
10/07/1989,0.0
11/07/1989,0.0
12/07/1989,0.5
13/07/1989,1.0
14/07/1989,0.0
15/07/1989,0.0
16/07/1989,0.0
17/07/1989,8.5
18/07/1989,0.0
19/07/1989,25.4
20/07/1989,2.1
21/07/1989,0.0
22/07/1989,0.0
23/07/1989,0.0
24/07/1989,51.5
25/07/1989,0.0
26/07/1989,0.0
27/07/1989,14.5
28/07/1989,0.0
29/07/1989,0.0
30/07/1989,0.5
31/07/1989,2.0
01/08/1989,4.5
02/08/1989,2.5
03/08/1989,33.0
04/08/1989,0.5
05/08/1989,0.5
06/08/1989,0.0
07/08/1989,0.5
08/08/1989,0.0
09/08/1989,1.0
10/08/1989,0.5
11/08/1989,6.7
12/08/1989,4.3
13/08/1989,6.8
14/08/1989,3.7
15/08/1989,0.5
16/08/1989,36.5
17/08/1989,24.0
18/08/1989,5.0
19/08/1989,10.0
20/08/1989,1.0
21/08/1989,0.0
22/08/1989,0.0
23/08/1989,0.0
24/08/1989,13.0
25/08/1989,1.5
26/08/1989,0.0
27/08/1989,3.5
28/08/1989,13.0
29/08/1989,34.0
30/08/1989,0.5
31/08/1989,0.5
01/09/1989,0.0
02/09/1989,2.0
03/09/1989,24.5
04/09/1989,20.0
05/09/1989,0.5
06/09/1989,0.0
07/09/1989,3.5
08/09/1989,17.0
09/09/1989,11.0
10/09/1989,1.5
11/09/1989,0.5
12/09/1989,0.0
13/09/1989,18.5
14/09/1989,21.0
15/09/1989,11.5
16/09/1989,7.0
17/09/1989,5.0
18/09/1989,0.5
19/09/1989,0.0
20/09/1989,0.0
21/09/1989,0.0
22/09/1989,0.0
23/09/1989,19.0
24/09/1989,11.5
25/09/1989,0.0
26/09/1989,0.0
27/09/1989,1.5
28/09/1989,68.0
29/09/1989,3.5
30/09/1989,0.5
01/10/1989,1.0
02/10/1989,0.0
03/10/1989,0.5
04/10/1989,5.0
05/10/1989,31.0
06/10/1989,0.5
07/10/1989,16.5
08/10/1989,8.5
09/10/1989,0.0
10/10/1989,42.5
11/10/1989,11.0
12/10/1989,0.5
13/10/1989,9.5
14/10/1989,12.0
15/10/1989,31.0
16/10/1989,4.0
17/10/1989,0.5
18/10/1989,54.5
19/10/1989,20.5
20/10/1989,3.5
21/10/1989,1.0
22/10/1989,0.0
23/10/1989,0.0
24/10/1989,0.0
25/10/1989,0.0
26/10/1989,2.5
27/10/1989,13.5
28/10/1989,3.0
29/10/1989,22.0
30/10/1989,1.5
31/10/1989,74.7
01/11/1989,3.8
02/11/1989,0.0
03/11/1989,0.0
04/11/1989,0.0
05/11/1989,23.5
06/11/1989,4.5
07/11/1989,0.5
08/11/1989,5.5
09/11/1989,3.5
10/11/1989,5.0
11/11/1989,0.0
12/11/1989,6.5
13/11/1989,2.8
14/11/1989,32.9
15/11/1989,34.8
16/11/1989,6.5
17/11/1989,101.8
18/11/1989,139.6
19/11/1989,6.1
20/11/1989,1.0
21/11/1989,1.0
22/11/1989,6.0
23/11/1989,0.0
24/11/1989,0.0
25/11/1989,0.5
26/11/1989,5.0
27/11/1989,0.0
28/11/1989,27.5
29/11/1989,8.0
30/11/1989,18.5
01/12/1989,35.5
02/12/1989,3.0
03/12/1989,3.5
04/12/1989,0.0
05/12/1989,0.0
06/12/1989,0.5
07/12/1989,0.0
08/12/1989,1.5
09/12/1989,0.5
10/12/1989,0.0
11/12/1989,2.0
12/12/1989,24.5
13/12/1989,2.0
14/12/1989,3.0
15/12/1989,2.5
16/12/1989,2.0
17/12/1989,3.5
18/12/1989,0.0
19/12/1989,0.0
20/12/1989,0.0
21/12/1989,0.2
22/12/1989,8.3
23/12/1989,1.5
24/12/1989,60.0
25/12/1989,15.5
26/12/1989,0.5
27/12/1989,2.5
28/12/1989,33.5
29/12/1989,1.0
30/12/1989,18.5
31/12/1989,43.5
01/01/1990,0.0
02/01/1990,0.0
03/01/1990,0.0
04/01/1990,0.0
05/01/1990,8.0
06/01/1990,0.0
07/01/1990,0.5
08/01/1990,63.5
09/01/1990,61.0
10/01/1990,0.0
11/01/1990,15.5
12/01/1990,21.5
13/01/1990,8.0
14/01/1990,8.5
15/01/1990,16.5
16/01/1990,0.5
17/01/1990,17.5
18/01/1990,1.0
19/01/1990,0.0
20/01/1990,0.0
21/01/1990,1.0
22/01/1990,5.0
23/01/1990,0.0
24/01/1990,0.0
25/01/1990,0.0
26/01/1990,0.0
27/01/1990,0.0
28/01/1990,0.0
29/01/1990,0.0
30/01/1990,0.0
31/01/1990,0.0
01/02/1990,0.0
02/02/1990,3.0
03/02/1990,7.5
04/02/1990,4.5
05/02/1990,16.0
06/02/1990,8.5
07/02/1990,2.5
08/02/1990,1.0
09/02/1990,1.5
10/02/1990,6.0
11/02/1990,5.5
12/02/1990,1.0
13/02/1990,0.0
14/02/1990,0.0
15/02/1990,0.0
16/02/1990,0.0
17/02/1990,0.0
18/02/1990,0.0
19/02/1990,0.0
20/02/1990,0.0
21/02/1990,0.0
22/02/1990,0.0
23/02/1990,0.0
24/02/1990,0.0
25/02/1990,0.0
26/02/1990,0.0
27/02/1990,0.0
28/02/1990,0.0
01/03/1990,0.0
02/03/1990,0.0
03/03/1990,0.0
04/03/1990,0.0
05/03/1990,0.0
06/03/1990,0.0
07/03/1990,1.0
08/03/1990,0.0
09/03/1990,0.0
10/03/1990,0.0
11/03/1990,0.0
12/03/1990,0.0
13/03/1990,0.0
14/03/1990,0.0
15/03/1990,8.0
16/03/1990,0.0
17/03/1990,13.0
18/03/1990,7.0
19/03/1990,0.0
20/03/1990,0.0
21/03/1990,0.0
22/03/1990,27.0
23/03/1990,5.5
24/03/1990,0.0
25/03/1990,0.0
26/03/1990,0.0
27/03/1990,0.0
28/03/1990,0.0
29/03/1990,7.0
30/03/1990,0.0
31/03/1990,0.0
01/04/1990,0.0
02/04/1990,0.0
03/04/1990,0.0
04/04/1990,0.0
05/04/1990,2.5
06/04/1990,93.3
07/04/1990,50.2
08/04/1990,0.0
09/04/1990,1.5
10/04/1990,0.0
11/04/1990,0.0
12/04/1990,0.0
13/04/1990,0.0
14/04/1990,0.0
15/04/1990,1.5
16/04/1990,17.0
17/04/1990,3.5
18/04/1990,0.5
19/04/1990,0.0
20/04/1990,0.0
21/04/1990,0.0
22/04/1990,0.0
23/04/1990,0.0
24/04/1990,0.0
25/04/1990,0.0
26/04/1990,0.0
27/04/1990,4.2
28/04/1990,8.8
29/04/1990,4.0
30/04/1990,1.5
01/05/1990,6.0
02/05/1990,20.0
03/05/1990,0.0
04/05/1990,0.0
05/05/1990,0.0
06/05/1990,0.0
07/05/1990,0.0
08/05/1990,0.0
09/05/1990,0.0
10/05/1990,0.0
11/05/1990,0.0
12/05/1990,0.0
13/05/1990,0.0
14/05/1990,0.0
15/05/1990,0.0
16/05/1990,16.0
17/05/1990,2.0
18/05/1990,1.0
19/05/1990,39.5
20/05/1990,1.5
21/05/1990,0.5
22/05/1990,0.0
23/05/1990,0.0
24/05/1990,4.0
25/05/1990,0.0
26/05/1990,3.0
27/05/1990,0.0
28/05/1990,0.0
29/05/1990,0.0
30/05/1990,1.5
31/05/1990,44.0
01/06/1990,0.5
02/06/1990,0.0
03/06/1990,12.0
04/06/1990,13.0
05/06/1990,0.0
06/06/1990,0.0
07/06/1990,20.5
08/06/1990,7.5
09/06/1990,0.5
10/06/1990,0.0
11/06/1990,0.0
12/06/1990,0.0
13/06/1990,11.5
14/06/1990,4.5
15/06/1990,11.5
16/06/1990,0.5
17/06/1990,0.0
18/06/1990,0.0
19/06/1990,23.5
20/06/1990,4.5
21/06/1990,0.0
22/06/1990,0.0
23/06/1990,0.0
24/06/1990,0.0
25/06/1990,0.0
26/06/1990,51.5
27/06/1990,0.0
28/06/1990,0.0
29/06/1990,0.0
30/06/1990,0.0
01/07/1990,0.0
02/07/1990,0.0
03/07/1990,0.0
04/07/1990,0.0
05/07/1990,0.0
06/07/1990,0.0
07/07/1990,4.0
08/07/1990,0.0
09/07/1990,59.0
10/07/1990,7.5
11/07/1990,0.0
12/07/1990,0.0
13/07/1990,0.0
14/07/1990,4.0
15/07/1990,63.5
16/07/1990,0.0
17/07/1990,0.0
18/07/1990,0.0
19/07/1990,19.0
20/07/1990,39.0
21/07/1990,7.0
22/07/1990,0.5
23/07/1990,0.0
24/07/1990,24.0
25/07/1990,1.0
26/07/1990,0.0
27/07/1990,0.0
28/07/1990,50.0
29/07/1990,13.5
30/07/1990,0.0
31/07/1990,0.0
01/08/1990,37.5
02/08/1990,1.0
03/08/1990,11.0
04/08/1990,0.0
05/08/1990,3.0
06/08/1990,0.5
07/08/1990,0.0
08/08/1990,0.0
09/08/1990,0.0
10/08/1990,0.0
11/08/1990,17.7
12/08/1990,8.8
13/08/1990,11.5
14/08/1990,0.0
15/08/1990,2.0
16/08/1990,7.0
17/08/1990,0.0
18/08/1990,0.0
19/08/1990,0.0
20/08/1990,0.0
21/08/1990,0.0
22/08/1990,0.0
23/08/1990,0.0
24/08/1990,8.4
25/08/1990,12.6
26/08/1990,0.0
27/08/1990,0.0
28/08/1990,0.0
29/08/1990,0.0
30/08/1990,5.5
31/08/1990,0.0
01/09/1990,0.5
02/09/1990,0.0
03/09/1990,2.5
04/09/1990,6.5
05/09/1990,3.5
06/09/1990,0.0
07/09/1990,48.0
08/09/1990,0.5
09/09/1990,0.0
10/09/1990,0.0
11/09/1990,4.0
12/09/1990,0.5
13/09/1990,0.0
14/09/1990,0.0
15/09/1990,0.0
16/09/1990,0.0
17/09/1990,51.5
18/09/1990,42.5
19/09/1990,1.5
20/09/1990,0.0
21/09/1990,0.0
22/09/1990,20.5
23/09/1990,14.0
24/09/1990,0.5
25/09/1990,0.0
26/09/1990,9.0
27/09/1990,0.0
28/09/1990,10.0
29/09/1990,37.5
30/09/1990,0.0
01/10/1990,1.5
02/10/1990,1.5
03/10/1990,0.0
04/10/1990,14.5
05/10/1990,0.0
06/10/1990,0.0
07/10/1990,0.0
08/10/1990,0.0
09/10/1990,0.0
10/10/1990,0.0
11/10/1990,12.0
12/10/1990,2.0
13/10/1990,0.5
14/10/1990,0.5
15/10/1990,12.0
16/10/1990,24.1
17/10/1990,2.4
18/10/1990,2.0
19/10/1990,0.0
20/10/1990,0.0
21/10/1990,0.5
22/10/1990,1.0
23/10/1990,0.0
24/10/1990,4.0
25/10/1990,8.0
26/10/1990,36.0
27/10/1990,7.5
28/10/1990,0.0
29/10/1990,27.5
30/10/1990,22.0
31/10/1990,22.0
01/11/1990,0.0
02/11/1990,43.0
03/11/1990,0.0
04/11/1990,0.0
05/11/1990,0.0
06/11/1990,0.0
07/11/1990,0.0
08/11/1990,12.0
09/11/1990,0.0
10/11/1990,0.0
11/11/1990,0.0
12/11/1990,11.5
13/11/1990,6.0
14/11/1990,0.5
15/11/1990,0.5
16/11/1990,0.0
17/11/1990,21.5
18/11/1990,68.5
19/11/1990,88.5
20/11/1990,0.0
21/11/1990,1.0
22/11/1990,29.5
23/11/1990,12.5
24/11/1990,27.0
25/11/1990,19.0
26/11/1990,8.0
27/11/1990,37.0
28/11/1990,16.2
29/11/1990,1.8
30/11/1990,0.0
01/12/1990,4.7
02/12/1990,2.3
03/12/1990,0.0
04/12/1990,9.3
05/12/1990,15.3
06/12/1990,10.7
07/12/1990,21.3
08/12/1990,15.3
09/12/1990,13.7
10/12/1990,28.3
11/12/1990,56.5
12/12/1990,50.8
13/12/1990,20.8
14/12/1990,12.0
15/12/1990,11.3
16/12/1990,7.5
17/12/1990,28.7
18/12/1990,34.0
19/12/1990,17.0
20/12/1990,4.8
21/12/1990,2.5
22/12/1990,0.0
23/12/1990,0.0
24/12/1990,0.0
25/12/1990,0.0
26/12/1990,0.0
27/12/1990,1.2
28/12/1990,27.3
29/12/1990,0.0
30/12/1990,0.5
31/12/1990,0.0
01/01/1991,0.0
02/01/1991,1.5
03/01/1991,0.5
04/01/1991,0.5
05/01/1991,2.0
06/01/1991,8.0
07/01/1991,0.6
08/01/1991,0.9
09/01/1991,3.5
10/01/1991,0.0
11/01/1991,0.0
12/01/1991,0.0
13/01/1991,34.0
14/01/1991,16.5
15/01/1991,6.5
16/01/1991,4.5
17/01/1991,3.0
18/01/1991,10.0
19/01/1991,17.5
20/01/1991,0.0
21/01/1991,0.0
22/01/1991,8.0
23/01/1991,0.0
24/01/1991,30.0
25/01/1991,9.5
26/01/1991,117.0
27/01/1991,163.0
28/01/1991,7.0
29/01/1991,1.0
30/01/1991,34.0
31/01/1991,6.5
01/02/1991,0.5
02/02/1991,5.0
03/02/1991,0.0
04/02/1991,0.0
05/02/1991,0.0
06/02/1991,0.0
07/02/1991,0.0
08/02/1991,0.0
09/02/1991,0.0
10/02/1991,0.0
11/02/1991,0.0
12/02/1991,0.0
13/02/1991,0.0
14/02/1991,0.0
15/02/1991,0.0
16/02/1991,0.0
17/02/1991,0.0
18/02/1991,0.0
19/02/1991,0.0
20/02/1991,0.0
21/02/1991,0.0
22/02/1991,1.0
23/02/1991,4.5
03/03/1991,0.0
04/03/1991,0.0
05/03/1991,0.0
06/03/1991,0.0
07/03/1991,0.0
08/03/1991,0.0
09/03/1991,0.0
10/03/1991,0.0
11/03/1991,0.0
12/03/1991,0.0
13/03/1991,0.0
14/03/1991,0.0
15/03/1991,0.0
16/03/1991,0.0
17/03/1991,0.0
18/03/1991,0.5
19/03/1991,9.0
20/03/1991,4.0
21/03/1991,0.5
22/03/1991,0.0
23/03/1991,0.0
24/03/1991,0.0
25/03/1991,0.0
26/03/1991,14.0
27/03/1991,0.5
28/03/1991,2.5
29/03/1991,0.0
30/03/1991,0.0
31/03/1991,0.0
01/04/1991,0.0
02/04/1991,22.9
03/04/1991,31.1
04/04/1991,30.5
05/04/1991,0.0
06/04/1991,0.0
07/04/1991,0.0
08/04/1991,0.0
09/04/1991,0.0
10/04/1991,0.0
11/04/1991,0.0
12/04/1991,0.0
13/04/1991,0.0
14/04/1991,0.0
15/04/1991,0.0
16/04/1991,0.0
17/04/1991,0.0
18/04/1991,0.0
19/04/1991,0.0
20/04/1991,0.0
21/04/1991,8.0
22/04/1991,0.0
23/04/1991,0.0
24/04/1991,0.0
25/04/1991,0.0
26/04/1991,0.0
27/04/1991,0.0
28/04/1991,0.0
29/04/1991,0.0
30/04/1991,0.0
01/05/1991,9.0
02/05/1991,0.0
03/05/1991,0.0
04/05/1991,0.0
05/05/1991,9.0
06/05/1991,10.0
07/05/1991,0.0
08/05/1991,1.0
09/05/1991,0.0
10/05/1991,0.0
11/05/1991,1.0
12/05/1991,0.0
13/05/1991,0.0
14/05/1991,0.0
15/05/1991,0.0
16/05/1991,0.0
17/05/1991,0.0
18/05/1991,0.0
19/05/1991,1.0
20/05/1991,5.0
21/05/1991,2.5
22/05/1991,0.0
23/05/1991,0.0
24/05/1991,0.0
25/05/1991,0.0
26/05/1991,0.0
27/05/1991,2.0
28/05/1991,3.0
29/05/1991,0.5
30/05/1991,4.5
31/05/1991,13.5
01/06/1991,5.5
02/06/1991,6.0
03/06/1991,30.2
04/06/1991,15.3
05/06/1991,14.0
06/06/1991,0.0
07/06/1991,0.0
08/06/1991,0.0
09/06/1991,0.0
10/06/1991,0.0
11/06/1991,0.0
12/06/1991,0.0
13/06/1991,0.0
14/06/1991,0.0
15/06/1991,0.0
16/06/1991,0.0
17/06/1991,0.0
18/06/1991,0.0
19/06/1991,0.0
20/06/1991,0.0
21/06/1991,0.0
22/06/1991,69.0
23/06/1991,0.0
24/06/1991,0.0
25/06/1991,0.0
26/06/1991,0.0
27/06/1991,0.0
28/06/1991,0.0
29/06/1991,0.0
30/06/1991,0.0
01/07/1991,33.5
02/07/1991,1.5
03/07/1991,0.0
04/07/1991,4.0
05/07/1991,0.5
06/07/1991,0.0
07/07/1991,1.0
08/07/1991,0.0
09/07/1991,0.0
10/07/1991,0.0
11/07/1991,0.0
12/07/1991,0.0
13/07/1991,0.0
14/07/1991,0.0
15/07/1991,0.0
16/07/1991,0.0
17/07/1991,0.0
18/07/1991,0.0
19/07/1991,40.5
20/07/1991,0.0
21/07/1991,0.0
22/07/1991,0.0
23/07/1991,21.0
24/07/1991,0.0
25/07/1991,42.5
26/07/1991,0.0
27/07/1991,0.0
28/07/1991,0.0
29/07/1991,0.0
30/07/1991,0.0
31/07/1991,34.5
01/08/1991,27.0
02/08/1991,0.0
03/08/1991,0.0
04/08/1991,0.0
05/08/1991,0.5
06/08/1991,9.0
07/08/1991,11.5
08/08/1991,0.0
09/08/1991,0.0
10/08/1991,11.0
11/08/1991,8.5
12/08/1991,0.0
13/08/1991,36.0
14/08/1991,37.0
15/08/1991,0.0
16/08/1991,19.5
17/08/1991,13.5
18/08/1991,13.5
19/08/1991,0.5
20/08/1991,0.0
21/08/1991,0.0
22/08/1991,0.0
23/08/1991,3.0
24/08/1991,0.0
25/08/1991,0.0
26/08/1991,49.8
27/08/1991,25.7
28/08/1991,0.0
29/08/1991,11.0
30/08/1991,27.0
31/08/1991,0.0
01/09/1991,0.0
02/09/1991,14.0
03/09/1991,1.0
04/09/1991,9.5
05/09/1991,0.5
06/09/1991,0.0
07/09/1991,2.0
08/09/1991,0.0
09/09/1991,37.6
10/09/1991,3.9
11/09/1991,0.0
12/09/1991,13.5
13/09/1991,19.5
14/09/1991,0.0
15/09/1991,26.5
16/09/1991,38.0
17/09/1991,0.5
18/09/1991,0.0
19/09/1991,0.0
20/09/1991,0.0
21/09/1991,0.0
22/09/1991,0.0
23/09/1991,2.0
24/09/1991,42.6
25/09/1991,4.9
26/09/1991,45.5
27/09/1991,37.5
28/09/1991,0.0
29/09/1991,13.0
30/09/1991,0.0
01/10/1991,0.0
02/10/1991,36.0
03/10/1991,0.0
04/10/1991,0.0
05/10/1991,4.0
06/10/1991,8.5
07/10/1991,0.0
08/10/1991,4.0
09/10/1991,2.0
10/10/1991,8.5
11/10/1991,38.2
12/10/1991,7.3
13/10/1991,0.0
14/10/1991,5.0
15/10/1991,0.0
16/10/1991,0.0
17/10/1991,0.0
18/10/1991,0.0
19/10/1991,0.0
20/10/1991,11.5
21/10/1991,0.0
22/10/1991,0.5
23/10/1991,0.0
24/10/1991,9.0
25/10/1991,0.0
26/10/1991,21.0
27/10/1991,0.0
28/10/1991,30.5
29/10/1991,3.5
30/10/1991,0.0
31/10/1991,0.0
01/11/1991,0.0
02/11/1991,23.5
03/11/1991,0.0
04/11/1991,123.5
05/11/1991,30.5
06/11/1991,8.5
07/11/1991,0.5
08/11/1991,0.0
09/11/1991,45.5
10/11/1991,28.5
11/11/1991,52.4
12/11/1991,176.0
13/11/1991,28.6
14/11/1991,6.4
15/11/1991,5.6
16/11/1991,8.0
17/11/1991,71.5
18/11/1991,211.3
19/11/1991,122.2
20/11/1991,7.5
21/11/1991,11.5
22/11/1991,3.0
23/11/1991,59.1
24/11/1991,63.4
25/11/1991,11.0
26/11/1991,0.5
27/11/1991,1.5
28/11/1991,15.0
29/11/1991,1.0
30/11/1991,0.0
01/12/1991,0.0
02/12/1991,0.0
03/12/1991,0.0
04/12/1991,10.5
05/12/1991,1.0
06/12/1991,8.0
07/12/1991,20.5
08/12/1991,1.5
09/12/1991,91.6
10/12/1991,21.4
11/12/1991,176.7
12/12/1991,116.9
13/12/1991,34.9
14/12/1991,2.5
15/12/1991,1.5
16/12/1991,8.0
17/12/1991,5.0
18/12/1991,3.0
19/12/1991,12.0
20/12/1991,5.5
21/12/1991,6.5
22/12/1991,15.0
23/12/1991,18.5
24/12/1991,15.0
25/12/1991,33.5
26/12/1991,0.0
27/12/1991,0.0
28/12/1991,0.0
29/12/1991,9.2
30/12/1991,153.8
31/12/1991,49.5
01/01/1992,52.0
02/01/1992,9.0
03/01/1992,4.0
04/01/1992,5.5
05/01/1992,2.0
06/01/1992,0.0
07/01/1992,0.0
08/01/1992,0.0
09/01/1992,0.0
10/01/1992,0.0
11/01/1992,0.0
12/01/1992,0.0
08/02/1992,0.0
09/02/1992,0.0
10/02/1992,0.0
11/02/1992,0.0
12/02/1992,0.0
13/02/1992,0.0
14/02/1992,0.0
15/02/1992,0.0
16/02/1992,9.5
17/02/1992,0.5
18/02/1992,0.0
19/02/1992,10.5
20/02/1992,0.0
21/02/1992,0.0
22/02/1992,0.0
23/02/1992,15.0
24/02/1992,13.0
25/02/1992,8.0
26/02/1992,0.0
27/02/1992,0.0
28/02/1992,0.0
29/02/1992,0.0
01/03/1992,0.0
02/03/1992,0.0
03/03/1992,0.0
04/03/1992,0.0
05/03/1992,47.0
06/03/1992,0.0
07/03/1992,14.0
08/03/1992,0.0
09/03/1992,0.0
10/03/1992,0.0
11/03/1992,0.0
12/03/1992,0.0
13/03/1992,0.0
14/03/1992,0.0
15/03/1992,0.0
16/03/1992,0.0
17/03/1992,0.0
18/03/1992,0.0
19/03/1992,0.0
20/03/1992,0.0
21/03/1992,0.0
22/03/1992,0.0
23/03/1992,9.0
24/03/1992,0.0
25/03/1992,0.0
26/03/1992,0.0
27/03/1992,0.0
28/03/1992,0.0
29/03/1992,0.0
30/03/1992,0.0
31/03/1992,0.0
01/04/1992,0.0
02/04/1992,0.0
03/04/1992,0.0
04/04/1992,0.0
05/04/1992,0.0
06/04/1992,0.0
07/04/1992,3.0
08/04/1992,0.5
09/04/1992,0.0
10/04/1992,0.0
11/04/1992,0.0
12/04/1992,0.0
13/04/1992,0.0
14/04/1992,0.0
15/04/1992,0.0
16/04/1992,0.0
17/04/1992,0.0
18/04/1992,0.0
19/04/1992,0.0
20/04/1992,1.5
21/04/1992,0.0
22/04/1992,0.0
23/04/1992,0.0
24/04/1992,0.0
25/04/1992,0.0
26/04/1992,0.0
05/08/1992,4.0
06/08/1992,22.0
07/08/1992,23.5
08/08/1992,0.0
09/08/1992,16.0
10/08/1992,0.5
11/08/1992,0.0
12/08/1992,3.2
13/08/1992,13.8
14/08/1992,0.0
15/08/1992,0.0
16/08/1992,0.0
17/08/1992,15.5
18/08/1992,0.0
23/08/1992,5.5
24/08/1992,11.5
25/08/1992,2.0
26/08/1992,0.5
27/08/1992,0.0
28/08/1992,6.0
29/08/1992,0.0
30/08/1992,0.0
31/08/1992,0.0
01/09/1992,0.0
02/09/1992,2.0
03/09/1992,1.0
04/09/1992,0.0
05/09/1992,0.0
06/09/1992,32.0
07/09/1992,0.5
08/09/1992,0.0
09/09/1992,0.0
10/09/1992,0.0
11/09/1992,0.0
12/09/1992,0.0
13/09/1992,0.0
14/09/1992,0.0
15/09/1992,0.0
16/09/1992,0.0
17/09/1992,0.0
18/09/1992,30.0
19/09/1992,0.5
20/09/1992,0.0
21/09/1992,2.5
22/09/1992,0.0
23/09/1992,21.0
24/09/1992,7.5
25/09/1992,3.0
26/09/1992,0.5
27/09/1992,0.0
28/09/1992,56.5
29/09/1992,6.5
30/09/1992,1.0
01/10/1992,0.0
02/10/1992,0.0
03/10/1992,25.5
04/10/1992,2.0
05/10/1992,0.5
06/10/1992,2.5
07/10/1992,0.0
08/10/1992,0.0
09/10/1992,0.5
10/10/1992,5.0
11/10/1992,1.5
12/10/1992,0.0
13/10/1992,1.0
14/10/1992,53.1
15/10/1992,2.4
16/10/1992,18.5
17/10/1992,0.5
18/10/1992,9.5
19/10/1992,0.0
20/10/1992,0.0
21/10/1992,0.0
22/10/1992,0.0
23/10/1992,0.0
24/10/1992,0.0
25/10/1992,18.0
26/10/1992,3.5
27/10/1992,0.0
28/10/1992,0.0
29/10/1992,7.0
30/10/1992,11.5
31/10/1992,0.0
01/11/1992,9.5
02/11/1992,2.5
03/11/1992,25.0
04/11/1992,55.5
05/11/1992,18.0
06/11/1992,14.0
07/11/1992,0.5
08/11/1992,24.5
09/11/1992,55.5
10/11/1992,18.0
11/11/1992,4.5
12/11/1992,0.0
13/11/1992,0.0
14/11/1992,0.0
15/11/1992,0.0
16/11/1992,0.0
17/11/1992,0.0
18/11/1992,0.0
19/11/1992,0.0
20/11/1992,0.0
21/11/1992,0.0
22/11/1992,0.0
23/11/1992,0.0
24/11/1992,0.0
06/01/1993,4.5
07/01/1993,1.0
08/01/1993,5.5
09/01/1993,4.0
10/02/1993,8.0
11/02/1993,1.5
12/02/1993,6.0
13/02/1993,0.0
14/02/1993,0.0
02/03/1993,0.0
03/03/1993,0.0
04/03/1993,0.0
05/03/1993,0.0
06/03/1993,0.0
07/03/1993,0.0
08/03/1993,0.0
09/03/1993,0.0
10/03/1993,0.0
11/03/1993,40.5
12/03/1993,0.0
13/03/1993,0.5
14/03/1993,58.5
15/03/1993,20.5
16/03/1993,0.5
17/03/1993,0.0
18/03/1993,0.0
19/03/1993,0.0
20/03/1993,0.5
12/04/1993,77.5
13/04/1993,7.0
14/04/1993,60.5
15/04/1993,2.5
16/04/1993,7.0
17/04/1993,0.0
18/04/1993,0.0
19/04/1993,0.5
20/04/1993,0.0
21/04/1993,0.0
22/04/1993,0.0
23/04/1993,0.0
24/04/1993,0.0
25/04/1993,0.0
26/04/1993,0.0
27/04/1993,0.0
28/04/1993,0.0
29/04/1993,0.0
30/04/1993,0.0
01/05/1993,0.0
02/05/1993,0.0
03/05/1993,0.0
04/05/1993,0.0
05/05/1993,0.0
06/05/1993,0.0
07/05/1993,0.0
08/05/1993,0.0
09/05/1993,0.0
10/05/1993,0.0
11/05/1993,0.0
12/05/1993,0.0
13/05/1993,0.0
14/05/1993,0.0
15/05/1993,0.0
16/05/1993,0.0
17/05/1993,0.0
18/05/1993,0.0
19/05/1993,0.0
20/05/1993,2.0
21/05/1993,0.0
22/05/1993,0.0
23/05/1993,0.0
24/05/1993,0.0
25/05/1993,13.0
26/05/1993,0.0
27/05/1993,0.5
28/05/1993,7.0
29/05/1993,0.0
30/05/1993,0.0
31/05/1993,0.0
01/06/1993,0.0
02/06/1993,0.0
03/06/1993,0.0
04/06/1993,4.5
05/06/1993,19.0
06/06/1993,1.5
07/06/1993,3.5
08/06/1993,1.5
09/06/1993,10.5
10/06/1993,9.5
11/06/1993,36.0
12/06/1993,2.0
13/06/1993,0.0
14/06/1993,0.0
15/06/1993,0.0
16/06/1993,0.0
17/06/1993,0.0
18/06/1993,0.0
19/06/1993,39.0
20/06/1993,0.5
21/06/1993,0.0
22/06/1993,0.0
23/06/1993,0.0
24/06/1993,0.0
25/06/1993,0.0
26/06/1993,0.0
27/06/1993,8.3
28/06/1993,47.7
29/06/1993,10.8
30/06/1993,22.2
01/07/1993,0.0
02/07/1993,11.0
03/07/1993,0.0
04/07/1993,25.5
05/07/1993,42.5
06/07/1993,0.5
07/07/1993,15.1
08/07/1993,2.9
09/07/1993,0.0
10/07/1993,0.0
11/07/1993,0.0
12/07/1993,0.0
13/07/1993,0.0
14/07/1993,0.0
15/07/1993,0.0
16/07/1993,0.0
17/07/1993,18.5
18/07/1993,0.0
19/07/1993,31.5
20/07/1993,0.0
21/07/1993,19.0
22/07/1993,0.0
23/07/1993,0.0
24/07/1993,0.5
25/07/1993,32.0
26/07/1993,0.4
27/07/1993,0.1
28/07/1993,0.0
29/07/1993,0.0
30/07/1993,0.0
31/07/1993,0.0
01/08/1993,0.0
02/08/1993,0.0
03/08/1993,0.0
04/08/1993,3.5
05/08/1993,53.7
06/08/1993,2.8
07/08/1993,10.0
08/08/1993,3.0
09/08/1993,7.0
10/08/1993,1.5
11/08/1993,9.5
12/08/1993,0.0
13/08/1993,0.0
14/08/1993,0.0
15/08/1993,0.0
16/08/1993,0.0
17/08/1993,0.0
18/08/1993,14.5
19/08/1993,28.0
20/08/1993,27.0
21/08/1993,1.0
22/08/1993,2.0
23/08/1993,1.0
24/08/1993,19.5
25/08/1993,3.5
26/08/1993,0.0
27/08/1993,10.5
28/08/1993,0.5
29/08/1993,0.0
30/08/1993,1.5
31/08/1993,2.0
01/09/1993,0.5
02/09/1993,20.5
03/09/1993,9.0
04/09/1993,10.0
05/09/1993,0.0
06/09/1993,0.5
07/09/1993,5.5
08/09/1993,39.7
09/09/1993,23.8
10/09/1993,0.0
11/09/1993,0.0
12/09/1993,0.0
13/09/1993,14.0
14/09/1993,0.5
15/09/1993,9.5
16/09/1993,21.0
17/09/1993,28.0
18/09/1993,0.0
19/09/1993,9.0
20/09/1993,0.0
21/09/1993,0.0
22/09/1993,15.5
23/09/1993,8.0
24/09/1993,19.0
25/09/1993,17.0
26/09/1993,5.0
27/09/1993,3.0
28/09/1993,41.2
29/09/1993,1.3
30/09/1993,26.5
01/10/1993,40.2
02/10/1993,4.8
03/10/1993,22.5
04/10/1993,8.0
05/10/1993,1.5
06/10/1993,0.0
07/10/1993,0.0
08/10/1993,0.5
09/10/1993,4.0
10/10/1993,34.5
11/10/1993,37.0
12/10/1993,7.0
13/10/1993,1.0
14/10/1993,5.5
15/10/1993,1.0
16/10/1993,16.0
17/10/1993,0.0
18/10/1993,0.0
19/10/1993,5.0
20/10/1993,0.5
21/10/1993,0.5
22/10/1993,0.0
23/10/1993,34.0
24/10/1993,32.0
25/10/1993,2.5
26/10/1993,57.5
27/10/1993,33.0
28/10/1993,0.5
29/10/1993,3.0
30/10/1993,95.5
31/10/1993,95.5
01/11/1993,138.0
02/11/1993,106.5
03/11/1993,22.5
04/11/1993,7.0
05/11/1993,4.6
06/11/1993,43.4
07/11/1993,28.0
08/11/1993,61.0
09/11/1993,17.9
10/11/1993,19.1
11/11/1993,0.0
12/11/1993,34.0
13/11/1993,0.5
14/11/1993,52.2
15/11/1993,5.8
16/11/1993,0.0
17/11/1993,0.0
18/11/1993,0.0
19/11/1993,5.0
20/11/1993,0.0
21/11/1993,24.0
22/11/1993,95.5
23/11/1993,11.0
24/11/1993,17.5
25/11/1993,11.0
26/11/1993,0.5
27/11/1993,1.0
28/11/1993,3.0
29/11/1993,45.7
30/11/1993,27.3
01/12/1993,1.0
02/12/1993,11.5
03/12/1993,23.0
04/12/1993,2.5
05/12/1993,16.5
06/12/1993,8.3
07/12/1993,2.2
08/12/1993,4.5
09/12/1993,14.3
10/12/1993,39.7
11/12/1993,50.0
12/12/1993,0.0
13/12/1993,0.0
14/12/1993,0.0
15/12/1993,19.0
16/12/1993,19.6
17/12/1993,23.4
18/12/1993,24.0
19/12/1993,3.0
20/12/1993,38.0
21/12/1993,79.0
22/12/1993,35.5
23/12/1993,32.9
24/12/1993,34.6
25/12/1993,69.7
26/12/1993,13.8
27/12/1993,3.9
28/12/1993,0.1
29/12/1993,0.5
30/12/1993,0.5
31/12/1993,0.0
01/01/1994,0.0
02/01/1994,14.5
03/01/1994,7.0
04/01/1994,1.0
05/01/1994,0.5
06/01/1994,5.0
07/01/1994,2.5
08/01/1994,0.0
09/01/1994,0.0
10/01/1994,0.0
11/01/1994,0.5
12/01/1994,2.5
13/01/1994,0.0
14/01/1994,0.0
15/01/1994,0.0
16/01/1994,0.0
17/01/1994,0.0
18/01/1994,0.0
19/01/1994,1.0
20/01/1994,0.5
21/01/1994,0.0
22/01/1994,1.5
23/01/1994,0.0
24/01/1994,0.0
25/01/1994,0.0
26/01/1994,0.0
27/01/1994,2.0
28/01/1994,1.0
29/01/1994,0.0
30/01/1994,6.0
31/01/1994,1.0
01/02/1994,0.0
02/02/1994,2.0
03/02/1994,5.0
04/02/1994,0.5
05/02/1994,0.0
06/02/1994,3.0
07/02/1994,2.0
08/02/1994,0.0
09/02/1994,0.0
10/02/1994,2.0
11/02/1994,0.0
12/02/1994,0.0
13/02/1994,0.0
14/02/1994,9.5
15/02/1994,0.0
16/02/1994,10.2
17/02/1994,3.3
18/02/1994,0.0
19/02/1994,0.0
20/02/1994,0.0
21/02/1994,0.0
22/02/1994,0.0
23/02/1994,0.0
24/02/1994,0.0
25/02/1994,0.0
26/02/1994,0.0
27/02/1994,0.0
28/02/1994,5.8
01/03/1994,0.2
02/03/1994,0.5
03/03/1994,12.5
04/03/1994,5.0
05/03/1994,0.5
06/03/1994,0.0
07/03/1994,19.0
08/03/1994,1.5
09/03/1994,6.5
10/03/1994,0.0
11/03/1994,0.0
12/03/1994,0.0
13/03/1994,3.5
14/03/1994,7.0
15/03/1994,30.3
16/03/1994,79.2
17/03/1994,77.5
18/03/1994,21.5
19/03/1994,0.0
20/03/1994,39.5
21/03/1994,5.0
22/03/1994,0.0
23/03/1994,0.0
24/03/1994,16.5
25/03/1994,12.5
26/03/1994,4.0
27/03/1994,16.0
28/03/1994,16.1
29/03/1994,12.4
30/03/1994,1.0
31/03/1994,0.0
01/04/1994,0.0
02/04/1994,0.0
03/04/1994,0.0
04/04/1994,0.0
05/04/1994,0.0
06/04/1994,0.0
07/04/1994,0.0
08/04/1994,0.0
09/04/1994,0.0
10/04/1994,0.0
11/04/1994,0.0
12/04/1994,0.0
13/04/1994,0.0
14/04/1994,0.0
15/04/1994,10.0
16/04/1994,0.0
17/04/1994,0.0
18/04/1994,0.0
19/04/1994,0.0
20/04/1994,0.5
21/04/1994,0.0
22/04/1994,0.0
23/04/1994,0.4
24/04/1994,0.6
25/04/1994,1.5
26/04/1994,0.0
27/04/1994,0.0
28/04/1994,0.5
29/04/1994,0.0
30/04/1994,16.0
01/05/1994,8.5
02/05/1994,3.0
03/05/1994,0.0
04/05/1994,25.0
05/05/1994,15.0
06/05/1994,10.5
07/05/1994,48.0
08/05/1994,21.0
09/05/1994,1.5
10/05/1994,4.0
11/05/1994,3.0
12/05/1994,4.5
13/05/1994,79.5
14/05/1994,1.0
15/05/1994,0.0
16/05/1994,0.0
17/05/1994,0.0
18/05/1994,8.5
19/05/1994,3.0
20/05/1994,1.5
21/05/1994,0.0
22/05/1994,26.0
23/05/1994,1.0
24/05/1994,0.0
25/05/1994,5.0
26/05/1994,16.5
27/05/1994,0.5
28/05/1994,9.5
29/05/1994,2.5
30/05/1994,0.0
31/05/1994,0.0
01/06/1994,18.5
02/06/1994,0.0
03/06/1994,3.5
04/06/1994,7.5
05/06/1994,2.5
06/06/1994,10.0
07/06/1994,0.5
08/06/1994,1.0
09/06/1994,10.0
10/06/1994,0.0
11/06/1994,7.0
12/06/1994,0.0
13/06/1994,18.5
14/06/1994,0.0
15/06/1994,2.5
16/06/1994,4.0
17/06/1994,10.5
18/06/1994,0.0
19/06/1994,28.5
20/06/1994,13.0
21/06/1994,43.5
22/06/1994,2.0
23/06/1994,9.0
24/06/1994,0.5
25/06/1994,7.5
26/06/1994,1.0
27/06/1994,0.5
28/06/1994,13.5
29/06/1994,0.0
30/06/1994,18.5
01/07/1994,133.5
02/07/1994,0.0
03/07/1994,0.0
04/07/1994,0.0
05/07/1994,0.5
06/07/1994,0.0
07/07/1994,0.0
08/07/1994,6.5
09/07/1994,8.0
10/07/1994,0.0
11/07/1994,0.0
12/07/1994,0.0
13/07/1994,0.0
14/07/1994,0.0
15/07/1994,21.0
16/07/1994,0.0
17/07/1994,21.0
18/07/1994,1.0
19/07/1994,26.0
20/07/1994,1.5
21/07/1994,19.5
22/07/1994,12.5
23/07/1994,3.5
24/07/1994,0.0
25/07/1994,12.5
26/07/1994,2.5
27/07/1994,0.5
28/07/1994,0.0
29/07/1994,2.5
30/07/1994,0.0
31/07/1994,0.0
01/08/1994,25.5
02/08/1994,0.0
03/08/1994,152.0
04/08/1994,0.0
05/08/1994,0.0
06/08/1994,1.1
07/08/1994,6.4
08/08/1994,13.5
09/08/1994,0.0
10/08/1994,0.0
11/08/1994,0.0
12/08/1994,0.5
13/08/1994,6.0
14/08/1994,2.0
15/08/1994,0.0
16/08/1994,0.0
17/08/1994,0.0
18/08/1994,0.0
19/08/1994,16.5
20/08/1994,5.0
21/08/1994,0.0
22/08/1994,0.0
23/08/1994,41.5
24/08/1994,52.0
25/08/1994,0.0
26/08/1994,0.0
27/08/1994,51.5
28/08/1994,2.5
29/08/1994,55.9
30/08/1994,2.6
31/08/1994,0.0
01/09/1994,36.0
02/09/1994,16.5
03/09/1994,2.0
04/09/1994,0.0
05/09/1994,1.0
06/09/1994,11.0
07/09/1994,3.5
08/09/1994,1.0
09/09/1994,0.5
10/09/1994,21.0
11/09/1994,0.0
12/09/1994,19.5
13/09/1994,1.5
14/09/1994,0.0
15/09/1994,2.0
16/09/1994,12.5
17/09/1994,40.0
18/09/1994,7.0
19/09/1994,0.0
20/09/1994,0.0
21/09/1994,0.0
22/09/1994,0.0
23/09/1994,0.0
24/09/1994,5.5
25/09/1994,1.5
26/09/1994,20.0
27/09/1994,0.0
28/09/1994,0.0
29/09/1994,8.0
30/09/1994,0.5
01/10/1994,2.0
02/10/1994,0.0
03/10/1994,0.0
04/10/1994,0.0
05/10/1994,1.5
06/10/1994,1.5
07/10/1994,0.0
08/10/1994,0.0
09/10/1994,0.0
10/10/1994,0.0
11/10/1994,0.0
12/10/1994,0.0
13/10/1994,1.0
14/10/1994,4.0
15/10/1994,0.0
16/10/1994,0.5
17/10/1994,0.0
18/10/1994,0.0
19/10/1994,0.0
20/10/1994,11.0
21/10/1994,5.6
22/10/1994,106.4
23/10/1994,48.5
24/10/1994,0.5
25/10/1994,0.0
26/10/1994,9.0
27/10/1994,42.5
28/10/1994,13.0
29/10/1994,2.0
30/10/1994,0.0
31/10/1994,57.3
01/11/1994,33.2
02/11/1994,61.1
03/11/1994,149.9
04/11/1994,3.0
05/11/1994,25.0
06/11/1994,14.5
07/11/1994,17.5
08/11/1994,29.1
09/11/1994,46.4
10/11/1994,52.5
11/11/1994,12.0
12/11/1994,9.5
13/11/1994,60.0
14/11/1994,13.0
15/11/1994,2.0
16/11/1994,2.0
17/11/1994,74.5
18/11/1994,196.0
19/11/1994,110.0
20/11/1994,128.8
21/11/1994,204.2
22/11/1994,9.5
23/11/1994,81.1
24/11/1994,99.4
25/11/1994,77.0
26/11/1994,215.0
27/11/1994,76.0
28/11/1994,3.5
29/11/1994,14.1
30/11/1994,27.4
01/12/1994,5.0
02/12/1994,0.0
03/12/1994,34.0
04/12/1994,27.5
05/12/1994,5.3
06/12/1994,109.7
07/12/1994,5.0
08/12/1994,0.0
09/12/1994,0.0
10/12/1994,0.0
11/12/1994,0.0
12/12/1994,0.0
13/12/1994,0.0
14/12/1994,0.0
15/12/1994,25.5
16/12/1994,67.0
17/12/1994,4.5
18/12/1994,12.4
19/12/1994,16.1
20/12/1994,7.0
21/12/1994,17.5
22/12/1994,11.4
23/12/1994,1.6
24/12/1994,0.0
25/12/1994,0.0
26/12/1994,1.5
27/12/1994,2.5
28/12/1994,15.5
29/12/1994,6.4
30/12/1994,5.6
31/12/1994,2.5
01/01/1995,10.5
02/01/1995,2.0
03/01/1995,6.5
04/01/1995,4.0
05/01/1995,8.0
06/01/1995,1.5
07/01/1995,4.0
08/01/1995,2.7
09/01/1995,24.4
10/01/1995,15.5
11/01/1995,4.5
12/01/1995,2.5
13/01/1995,0.0
14/01/1995,0.0
15/01/1995,0.0
16/01/1995,37.4
17/01/1995,20.6
18/01/1995,7.5
19/01/1995,11.0
20/01/1995,2.5
21/01/1995,0.0
22/01/1995,0.0
23/01/1995,0.0
24/01/1995,0.0
25/01/1995,42.4
26/01/1995,14.1
27/01/1995,1.5
28/01/1995,0.0
29/01/1995,0.0
30/01/1995,0.0
31/01/1995,2.4
01/02/1995,1.1
02/02/1995,3.5
03/02/1995,5.0
04/02/1995,0.0
05/02/1995,0.0
06/02/1995,13.5
07/02/1995,0.5
08/02/1995,0.0
09/02/1995,0.0
10/02/1995,0.5
11/02/1995,5.0
12/02/1995,1.0
13/02/1995,0.0
14/02/1995,0.0
15/02/1995,0.0
16/02/1995,0.0
17/02/1995,0.0
18/02/1995,0.0
19/02/1995,0.0
20/02/1995,0.0
21/02/1995,0.0
22/02/1995,0.0
23/02/1995,0.0
24/02/1995,1.0
25/02/1995,17.5
26/02/1995,30.5
27/02/1995,7.0
28/02/1995,9.0
01/03/1995,0.5
02/03/1995,0.0
03/03/1995,0.0
04/03/1995,0.0
05/03/1995,0.0
06/03/1995,0.0
07/03/1995,0.0
08/03/1995,0.0
09/03/1995,0.0
10/03/1995,0.0
11/03/1995,0.0
12/03/1995,0.0
13/03/1995,0.0
14/03/1995,0.0
15/03/1995,3.0
16/03/1995,0.0
17/03/1995,13.5
18/03/1995,0.0
19/03/1995,4.5
20/03/1995,7.5
21/03/1995,61.4
22/03/1995,6.6
23/03/1995,0.5
24/03/1995,0.0
25/03/1995,0.0
26/03/1995,1.0
27/03/1995,0.5
28/03/1995,0.0
29/03/1995,0.0
30/03/1995,0.0
31/03/1995,0.0
01/04/1995,0.0
02/04/1995,0.0
03/04/1995,0.0
04/04/1995,0.0
05/04/1995,0.0
06/04/1995,0.0
07/04/1995,0.0
08/04/1995,0.0
09/04/1995,0.0
10/04/1995,0.0
11/04/1995,0.0
12/04/1995,0.0
13/04/1995,0.0
14/04/1995,0.0
15/04/1995,0.0
16/04/1995,0.0
17/04/1995,0.0
18/04/1995,0.0
19/04/1995,0.0
20/04/1995,0.0
21/04/1995,0.5
22/04/1995,0.0
23/04/1995,0.0
24/04/1995,0.0
25/04/1995,0.0
26/04/1995,2.5
27/04/1995,10.5
28/04/1995,1.5
29/04/1995,0.0
30/04/1995,0.0
01/05/1995,0.0
02/05/1995,0.0
03/05/1995,5.0
04/05/1995,0.0
05/05/1995,0.0
06/05/1995,0.0
07/05/1995,8.5
08/05/1995,0.0
09/05/1995,0.0
10/05/1995,0.0
11/05/1995,1.5
12/05/1995,1.5
13/05/1995,43.0
14/05/1995,0.5
15/05/1995,0.0
16/05/1995,0.0
17/05/1995,0.0
18/05/1995,0.0
19/05/1995,0.0
20/05/1995,0.0
21/05/1995,0.0
22/05/1995,0.0
23/05/1995,36.5
24/05/1995,0.5
25/05/1995,0.0
26/05/1995,0.0
27/05/1995,10.5
28/05/1995,4.0
29/05/1995,1.0
30/05/1995,0.5
31/05/1995,0.0
01/06/1995,2.0
02/06/1995,0.5
03/06/1995,4.0
04/06/1995,60.1
05/06/1995,32.4
06/06/1995,0.0
07/06/1995,63.7
08/06/1995,10.8
09/06/1995,35.2
10/06/1995,32.8
11/06/1995,5.5
12/06/1995,26.5
13/06/1995,0.0
14/06/1995,9.0
15/06/1995,10.0
16/06/1995,0.0
17/06/1995,0.0
18/06/1995,3.0
19/06/1995,0.0
20/06/1995,0.0
21/06/1995,0.0
22/06/1995,0.0
23/06/1995,0.5
24/06/1995,0.0
25/06/1995,0.5
26/06/1995,0.0
27/06/1995,0.0
28/06/1995,0.5
29/06/1995,0.0
30/06/1995,0.0
01/07/1995,66.0
02/07/1995,0.0
03/07/1995,0.0
04/07/1995,23.5
05/07/1995,6.0
06/07/1995,0.0
07/07/1995,26.0
08/07/1995,1.0
09/07/1995,16.5
10/07/1995,0.5
11/07/1995,0.5
12/07/1995,8.5
13/07/1995,1.5
14/07/1995,0.0
15/07/1995,0.0
16/07/1995,8.5
17/07/1995,12.5
18/07/1995,0.5
19/07/1995,0.0
20/07/1995,0.0
21/07/1995,0.0
22/07/1995,0.0
23/07/1995,0.0
24/07/1995,13.0
25/07/1995,0.0
26/07/1995,1.0
27/07/1995,0.0
28/07/1995,28.0
29/07/1995,3.5
30/07/1995,32.0
31/07/1995,7.0
01/08/1995,0.5
02/08/1995,0.5
03/08/1995,0.0
04/08/1995,3.0
05/08/1995,1.0
06/08/1995,23.0
07/08/1995,22.5
08/08/1995,12.5
09/08/1995,0.0
10/08/1995,0.0
11/08/1995,0.0
12/08/1995,0.0
13/08/1995,0.0
14/08/1995,0.0
15/08/1995,0.0
16/08/1995,8.0
17/08/1995,0.0
18/08/1995,0.0
19/08/1995,43.0
22/08/1995,42.4
23/08/1995,61.6
24/08/1995,28.0
25/08/1995,0.5
26/08/1995,51.0
27/08/1995,18.5
28/08/1995,0.0
29/08/1995,1.5
30/08/1995,0.0
31/08/1995,1.5
01/09/1995,7.0
02/09/1995,0.0
03/09/1995,0.0
04/09/1995,15.0
05/09/1995,1.0
06/09/1995,0.0
07/09/1995,8.5
08/09/1995,5.0
09/09/1995,0.5
10/09/1995,0.0
11/09/1995,25.5
12/09/1995,6.0
13/09/1995,0.0
14/09/1995,14.5
15/09/1995,0.5
16/09/1995,24.5
17/09/1995,33.0
18/09/1995,0.0
19/09/1995,0.0
20/09/1995,5.0
21/09/1995,8.0
22/09/1995,0.0
23/09/1995,0.0
24/09/1995,0.0
25/09/1995,17.0
26/09/1995,3.0
27/09/1995,1.0
28/09/1995,68.0
29/09/1995,6.0
30/09/1995,19.0
01/10/1995,31.0
02/10/1995,2.0
03/10/1995,0.0
04/10/1995,4.5
05/10/1995,0.0
06/10/1995,14.2
07/10/1995,2.8
08/10/1995,0.0
09/10/1995,2.5
10/10/1995,7.0
11/10/1995,4.5
12/10/1995,2.0
13/10/1995,0.0
14/10/1995,11.0
15/10/1995,17.0
16/10/1995,0.5
17/10/1995,0.0
18/10/1995,0.0
19/10/1995,5.5
20/10/1995,0.5
21/10/1995,0.0
22/10/1995,0.0
23/10/1995,11.5
24/10/1995,1.5
25/10/1995,1.0
26/10/1995,0.0
27/10/1995,2.5
28/10/1995,1.0
29/10/1995,33.5
30/10/1995,5.5
31/10/1995,0.0
01/11/1995,0.0
02/11/1995,5.0
03/11/1995,0.0
04/11/1995,64.0
05/11/1995,1.0
06/11/1995,0.0
07/11/1995,0.0
08/11/1995,0.0
09/11/1995,20.0
10/11/1995,14.5
11/11/1995,4.0
12/11/1995,17.5
13/11/1995,0.5
14/11/1995,12.0
15/11/1995,48.5
16/11/1995,119.8
17/11/1995,115.4
18/11/1995,271.3
19/11/1995,852.6
20/11/1995,0.0
21/11/1995,0.0
22/11/1995,0.0
23/11/1995,0.0
24/11/1995,0.0
25/11/1995,0.0
26/11/1995,0.5
27/11/1995,0.0
28/11/1995,0.0
29/11/1995,5.5
30/11/1995,2.5
01/12/1995,0.0
02/12/1995,50.5
03/12/1995,81.0
04/12/1995,1.5
05/12/1995,0.5
06/12/1995,1.5
07/12/1995,0.5
08/12/1995,0.0
09/12/1995,1.0
10/12/1995,0.5
11/12/1995,0.0
12/12/1995,0.0
13/12/1995,0.0
14/12/1995,0.0
15/12/1995,0.0
16/12/1995,0.0
17/12/1995,0.0
18/12/1995,0.0
19/12/1995,0.0
20/12/1995,0.0
21/12/1995,0.0
22/12/1995,0.0
23/12/1995,3.0
24/12/1995,13.5
25/12/1995,11.5
26/12/1995,1.0
27/12/1995,17.5
28/12/1995,12.0
29/12/1995,7.0
30/12/1995,4.7
31/12/1995,5.3
13/07/1996,0.0
14/07/1996,5.5
15/07/1996,45.5
16/07/1996,0.5
17/07/1996,0.0
18/07/1996,0.0
19/07/1996,0.0
20/07/1996,0.0
21/07/1996,0.0
22/07/1996,0.0
23/07/1996,0.0
24/07/1996,0.0
25/07/1996,0.0
26/07/1996,1.5
27/07/1996,0.0
28/07/1996,0.0
29/07/1996,0.0
30/07/1996,0.5
31/07/1996,0.5
01/08/1996,0.0
02/08/1996,12.0
03/08/1996,0.5
04/08/1996,0.0
05/08/1996,0.0
06/08/1996,0.0
07/08/1996,7.5
08/08/1996,0.5
09/08/1996,0.5
10/08/1996,61.0
11/08/1996,3.0
12/08/1996,21.0
13/08/1996,0.0
14/08/1996,8.5
15/08/1996,0.0
16/08/1996,0.0
17/08/1996,0.0
18/08/1996,0.0
19/08/1996,3.0
20/08/1996,0.0
21/08/1996,4.9
22/08/1996,9.1
23/08/1996,55.7
24/08/1996,38.3
25/08/1996,0.0
26/08/1996,0.0
27/08/1996,5.0
28/08/1996,7.5
29/08/1996,19.0
30/08/1996,16.5
31/08/1996,5.0
01/09/1996,28.5
02/09/1996,0.0
03/09/1996,0.5
04/09/1996,1.5
05/09/1996,1.0
06/09/1996,7.5
07/09/1996,10.0
08/09/1996,0.0
09/09/1996,27.0
10/09/1996,0.5
11/09/1996,0.0
12/09/1996,0.0
13/09/1996,0.0
14/09/1996,3.5
15/09/1996,0.0
16/09/1996,79.0
17/09/1996,0.5
18/09/1996,12.5
19/09/1996,25.5
20/09/1996,0.5
21/09/1996,6.9
22/09/1996,4.1
23/09/1996,36.9
24/09/1996,74.1
25/09/1996,0.0
26/09/1996,42.5
27/09/1996,0.0
28/09/1996,0.0
29/09/1996,0.0
30/09/1996,0.5
01/10/1996,13.5
02/10/1996,6.0
03/10/1996,1.0
04/10/1996,0.0
05/10/1996,7.0
06/10/1996,19.0
07/10/1996,0.0
08/10/1996,0.0
09/10/1996,9.9
10/10/1996,3.6
11/10/1996,4.0
12/10/1996,6.5
13/10/1996,53.5
14/10/1996,4.5
15/10/1996,0.0
16/10/1996,0.0
17/10/1996,6.0
18/10/1996,0.0
19/10/1996,58.6
20/10/1996,5.4
21/10/1996,0.0
22/10/1996,0.0
23/10/1996,0.0
24/10/1996,0.0
25/10/1996,0.0
26/10/1996,0.0
27/10/1996,0.0
28/10/1996,0.0
29/10/1996,0.0
30/10/1996,0.0
31/10/1996,0.0
01/11/1996,0.0
02/11/1996,0.0
03/11/1996,0.0
04/11/1996,0.0
05/11/1996,0.0
06/11/1996,0.0
07/11/1996,0.0
08/11/1996,0.0
09/11/1996,0.0
10/11/1996,0.0
11/11/1996,0.0
12/11/1996,0.0
13/11/1996,0.0
14/11/1996,0.0
15/11/1996,0.0
16/11/1996,0.0
17/11/1996,0.0
18/11/1996,0.0
19/11/1996,0.0
20/11/1996,0.0
21/11/1996,0.0
22/11/1996,0.0
23/11/1996,0.0
24/11/1996,0.0
25/11/1996,0.0
26/11/1996,17.0
27/11/1996,24.0
28/11/1996,0.5
29/11/1996,11.0
30/11/1996,11.5
01/12/1996,0.5
02/12/1996,44.0
03/12/1996,2.6
04/12/1996,11.4
05/12/1996,2.0
06/12/1996,3.0
07/12/1996,17.0
08/12/1996,147.5
09/12/1996,12.0
10/12/1996,53.0
11/12/1996,47.0
12/12/1996,14.5
13/12/1996,20.0
14/12/1996,112.1
15/12/1996,30.9
16/12/1996,1.0
22/12/1996,3.0
23/12/1996,0.0
24/12/1996,0.0
25/12/1996,0.0
26/12/1996,0.0
27/12/1996,8.0
29/01/1997,0.0
30/01/1997,0.0
31/01/1997,0.0
01/02/1997,2.5
02/02/1997,0.0
03/02/1997,20.0
04/02/1997,0.5
05/02/1997,0.0
06/02/1997,0.0
07/02/1997,8.5
08/02/1997,3.0
09/02/1997,0.0
10/02/1997,0.0
11/02/1997,0.0
12/02/1997,9.5
13/02/1997,0.0
14/02/1997,8.5
15/02/1997,8.0
16/02/1997,0.0
17/02/1997,0.0
18/02/1997,0.0
19/02/1997,0.0
20/02/1997,0.0
21/02/1997,5.0
22/02/1997,15.0
23/02/1997,33.5
24/02/1997,2.5
25/02/1997,8.0
26/02/1997,0.0
27/02/1997,0.0
28/02/1997,0.0
01/03/1997,0.0
02/03/1997,0.0
03/03/1997,0.0
04/03/1997,0.0
05/03/1997,0.0
06/03/1997,0.0
07/03/1997,30.0
08/03/1997,0.0
09/03/1997,0.0
10/03/1997,0.0
11/03/1997,0.0
12/03/1997,0.0
13/03/1997,0.0
14/03/1997,0.0
15/03/1997,0.0
16/03/1997,0.0
17/03/1997,0.0
18/03/1997,0.0
19/03/1997,0.0
20/03/1997,0.0
21/03/1997,0.0
22/03/1997,0.0
23/03/1997,0.0
24/03/1997,0.0
25/03/1997,0.0
26/03/1997,3.5
27/03/1997,0.5
28/03/1997,10.0
29/03/1997,0.0
30/03/1997,0.0
31/03/1997,10.5
01/04/1997,61.7
02/04/1997,2.3
03/04/1997,0.0
04/04/1997,0.0
05/04/1997,0.0
06/04/1997,0.0
07/04/1997,10.0
08/04/1997,0.0
09/04/1997,0.0
10/04/1997,0.0
11/04/1997,39.0
12/04/1997,0.0
13/04/1997,0.5
14/04/1997,0.0
15/04/1997,0.0
16/04/1997,0.0
17/04/1997,0.0
18/04/1997,3.0
19/04/1997,0.0
20/04/1997,0.0
21/04/1997,0.0
22/04/1997,0.0
23/04/1997,0.0
24/04/1997,0.0
25/04/1997,0.0
26/04/1997,8.5
27/04/1997,1.5
28/04/1997,0.0
29/04/1997,0.0
30/04/1997,0.0
01/05/1997,7.0
02/05/1997,0.0
03/05/1997,0.0
04/05/1997,0.0
05/05/1997,0.0
06/05/1997,0.0
07/05/1997,0.0
08/05/1997,0.0
09/05/1997,0.0
10/05/1997,0.0
11/05/1997,0.0
12/05/1997,0.0
13/05/1997,0.0
14/05/1997,0.0
15/05/1997,57.0
16/05/1997,38.0
17/05/1997,0.0
18/05/1997,0.0
19/05/1997,0.0
20/05/1997,0.0
21/05/1997,0.5
22/05/1997,0.5
23/05/1997,41.5
24/05/1997,0.5
25/05/1997,0.0
26/05/1997,0.0
27/05/1997,4.5
28/05/1997,0.0
29/05/1997,0.0
30/05/1997,0.0
31/05/1997,0.0
01/06/1997,0.0
02/06/1997,0.0
03/06/1997,20.5
04/06/1997,1.5
05/06/1997,7.5
06/06/1997,13.0
07/06/1997,0.0
08/06/1997,0.0
09/06/1997,0.0
10/06/1997,0.0
11/06/1997,0.0
12/06/1997,0.0
13/06/1997,0.0
14/06/1997,0.0
15/06/1997,0.0
16/06/1997,21.0
17/06/1997,13.4
18/06/1997,14.6
19/06/1997,24.0
20/06/1997,35.0
21/06/1997,0.0
22/06/1997,6.0
23/06/1997,8.6
24/06/1997,0.4
25/06/1997,0.0
26/06/1997,32.0
27/06/1997,0.0
28/06/1997,27.5
29/06/1997,0.0
30/06/1997,0.5
01/07/1997,0.0
02/07/1997,0.0
03/07/1997,28.5
04/07/1997,0.0
05/07/1997,0.0
06/07/1997,0.0
07/07/1997,1.0
08/07/1997,0.0
09/07/1997,2.0
10/07/1997,0.0
11/07/1997,0.0
12/07/1997,3.0
13/07/1997,0.0
14/07/1997,0.0
15/07/1997,0.0
16/07/1997,1.5
17/07/1997,0.0
18/07/1997,27.0
19/07/1997,0.0
20/07/1997,19.0
21/07/1997,41.5
22/07/1997,41.0
23/07/1997,1.5
24/07/1997,2.0
25/07/1997,9.0
26/07/1997,0.5
27/07/1997,27.5
28/07/1997,0.5
29/07/1997,0.5
05/08/1997,0.0
06/08/1997,10.0
07/08/1997,0.0
08/08/1997,22.0
09/08/1997,1.5
10/08/1997,0.0
11/08/1997,1.0
12/08/1997,0.0
13/08/1997,0.0
14/08/1997,0.0
15/08/1997,0.0
16/08/1997,0.5
17/08/1997,1.5
18/08/1997,0.0
19/08/1997,12.5
20/08/1997,32.6
21/08/1997,9.9
22/08/1997,26.5
23/08/1997,3.0
24/08/1997,0.0
25/08/1997,0.0
26/08/1997,0.0
27/08/1997,0.0
28/08/1997,0.0
29/08/1997,0.0
30/08/1997,0.0
31/08/1997,0.0
01/09/1997,10.0
02/09/1997,0.0
03/09/1997,15.5
04/09/1997,0.0
05/09/1997,0.0
06/09/1997,0.0
07/09/1997,0.0
08/09/1997,0.0
09/09/1997,0.0
10/09/1997,0.0
11/09/1997,0.0
12/09/1997,14.5
13/09/1997,0.0
14/09/1997,39.5
15/09/1997,4.5
16/09/1997,0.5
17/09/1997,1.5
18/09/1997,37.5
19/09/1997,3.5
20/09/1997,3.0
21/09/1997,0.0
22/09/1997,0.0
23/09/1997,0.0
24/09/1997,0.0
25/09/1997,0.0
26/09/1997,0.0
27/09/1997,0.5
28/09/1997,38.0
29/09/1997,5.0
30/09/1997,0.0
01/10/1997,0.0
02/10/1997,4.5
03/10/1997,0.5
04/10/1997,24.5
05/10/1997,5.0
06/10/1997,27.0
07/10/1997,0.0
08/10/1997,4.5
09/10/1997,0.0
10/10/1997,10.5
11/10/1997,0.0
12/10/1997,0.0
13/10/1997,0.0
14/10/1997,1.5
15/10/1997,0.0
16/10/1997,0.0
17/10/1997,42.0
18/10/1997,1.0
19/10/1997,0.5
20/10/1997,0.0
21/10/1997,12.5
22/10/1997,0.0
23/10/1997,0.0
24/10/1997,0.0
25/10/1997,0.0
26/10/1997,0.0
27/10/1997,40.0
28/10/1997,0.0
29/10/1997,25.6
30/10/1997,36.4
31/10/1997,0.5
01/11/1997,33.5
02/11/1997,23.5
03/11/1997,4.0
04/11/1997,1.5
05/11/1997,25.9
06/11/1997,7.6
07/11/1997,76.5
08/11/1997,7.5
09/11/1997,10.5
10/11/1997,5.5
11/11/1997,11.5
12/11/1997,100.5
13/11/1997,5.5
14/11/1997,8.0
15/11/1997,4.0
16/11/1997,0.0
17/11/1997,5.0
18/11/1997,23.0
19/11/1997,96.5
20/11/1997,64.0
21/11/1997,14.0
22/11/1997,0.0
23/11/1997,7.0
24/11/1997,0.0
25/11/1997,0.0
26/11/1997,0.0
27/11/1997,0.0
28/11/1997,0.0
29/11/1997,0.0
30/11/1997,12.0
01/12/1997,29.5
02/12/1997,202.2
03/12/1997,73.3
04/12/1997,139.5
05/12/1997,147.8
06/12/1997,45.7
07/12/1997,10.5
08/12/1997,10.5
09/12/1997,33.0
10/12/1997,20.5
11/12/1997,7.5
12/12/1997,19.3
13/12/1997,20.7
14/12/1997,4.5
15/12/1997,23.5
16/12/1997,2.0
17/12/1997,43.0
18/12/1997,269.0
19/12/1997,6.5
20/12/1997,6.0
21/12/1997,0.0
22/12/1997,0.0
23/12/1997,0.5
24/12/1997,16.5
25/12/1997,0.0
26/12/1997,0.0
27/12/1997,0.0
28/12/1997,2.0
29/12/1997,84.5
30/12/1997,111.0
31/12/1997,104.0
01/01/1998,8.5
02/01/1998,31.0
03/01/1998,48.0
04/01/1998,4.0
05/01/1998,1.5
06/01/1998,6.0
07/01/1998,16.5
08/01/1998,4.5
09/01/1998,0.0
10/01/1998,0.0
11/01/1998,18.0
12/01/1998,6.0
13/01/1998,0.0
14/01/1998,0.0
15/01/1998,0.0
16/01/1998,0.0
17/01/1998,0.0
18/01/1998,0.0
19/01/1998,0.0
20/01/1998,10.0
21/01/1998,3.5
22/01/1998,1.5
23/01/1998,1.0
24/01/1998,7.5
25/01/1998,4.0
26/01/1998,0.5
27/01/1998,24.5
28/01/1998,18.0
29/01/1998,0.0
30/01/1998,6.0
31/01/1998,19.0
01/02/1998,7.0
02/02/1998,1.5
03/02/1998,4.5
04/02/1998,35.0
05/02/1998,0.0
06/02/1998,0.0
07/02/1998,0.0
08/02/1998,0.0
09/02/1998,0.0
10/02/1998,0.0
11/02/1998,0.0
12/02/1998,0.0
13/02/1998,0.0
14/02/1998,0.0
15/02/1998,0.0
16/02/1998,0.0
17/02/1998,0.0
18/02/1998,0.0
19/02/1998,0.0
20/02/1998,0.0
21/02/1998,0.0
22/02/1998,0.0
23/02/1998,0.0
24/02/1998,0.0
25/02/1998,0.0
26/02/1998,0.0
27/02/1998,0.0
28/02/1998,0.0
01/03/1998,0.0
02/03/1998,2.0
03/03/1998,4.5
04/03/1998,0.0
05/03/1998,0.0
06/03/1998,0.0
07/03/1998,0.0
08/03/1998,0.0
09/03/1998,0.0
10/03/1998,0.0
11/03/1998,0.0
12/03/1998,0.0
13/03/1998,0.0
14/03/1998,0.0
15/03/1998,0.0
16/03/1998,0.0
17/03/1998,0.0
18/03/1998,0.0
19/03/1998,0.0
20/03/1998,0.0
21/03/1998,0.0
22/03/1998,0.0
23/03/1998,0.0
24/03/1998,1.0
25/03/1998,0.0
26/03/1998,17.0
27/03/1998,0.0
28/03/1998,0.0
29/03/1998,0.0
30/03/1998,1.0
31/03/1998,5.5
01/04/1998,2.0
02/04/1998,0.0
03/04/1998,3.5
04/04/1998,0.0
05/04/1998,0.0
06/04/1998,7.5
07/04/1998,0.0
08/04/1998,0.0
09/04/1998,0.0
10/04/1998,0.0
11/04/1998,0.0
12/04/1998,0.0
13/04/1998,0.0
14/04/1998,0.0
15/04/1998,0.0
16/04/1998,0.0
17/04/1998,0.0
18/04/1998,0.0
19/04/1998,0.0
20/04/1998,0.0
21/04/1998,0.0
22/04/1998,0.0
23/04/1998,0.0
24/04/1998,0.0
25/04/1998,0.0
26/04/1998,0.0
27/04/1998,0.0
28/04/1998,0.0
29/04/1998,0.0
30/04/1998,0.0
01/05/1998,0.0
02/05/1998,0.0
03/05/1998,0.0
04/05/1998,0.0
05/05/1998,0.0
06/05/1998,10.5
07/05/1998,6.0
08/05/1998,0.0
09/05/1998,0.0
10/05/1998,16.5
11/05/1998,4.5
12/05/1998,0.5
13/05/1998,0.0
14/05/1998,0.0
15/05/1998,0.0
16/05/1998,0.0
17/05/1998,9.8
18/05/1998,0.0
19/05/1998,0.0
20/05/1998,0.0
21/05/1998,0.0
22/05/1998,0.0
23/05/1998,0.0
24/05/1998,8.6
25/05/1998,8.8
26/05/1998,2.4
27/05/1998,8.4
28/05/1998,0.0
29/05/1998,0.0
30/05/1998,0.0
31/05/1998,5.4
01/06/1998,0.0
02/06/1998,11.7
03/06/1998,10.6
04/06/1998,0.0
05/06/1998,0.0
06/06/1998,0.0
07/06/1998,0.0
08/06/1998,0.0
09/06/1998,0.0
10/06/1998,0.0
11/06/1998,0.0
12/06/1998,0.0
13/06/1998,0.0
14/06/1998,0.0
15/06/1998,0.0
16/06/1998,1.0
17/06/1998,27.0
18/06/1998,0.0
19/06/1998,0.0
20/06/1998,10.0
21/06/1998,5.0
22/06/1998,0.0
23/06/1998,29.0
24/06/1998,1.0
25/06/1998,22.5
26/06/1998,0.0
27/06/1998,0.0
28/06/1998,23.5
29/06/1998,0.0
30/06/1998,59.0
01/07/1998,6.0
02/07/1998,17.0
03/07/1998,4.5
04/07/1998,4.0
05/07/1998,5.5
06/07/1998,0.5
07/07/1998,47.0
08/07/1998,2.9
09/07/1998,8.6
10/07/1998,0.0
11/07/1998,2.5
12/07/1998,0.0
13/07/1998,0.0
14/07/1998,0.0
15/07/1998,0.0
16/07/1998,0.0
17/07/1998,0.0
18/07/1998,0.0
19/07/1998,0.0
20/07/1998,0.0
21/07/1998,0.0
22/07/1998,10.9
23/07/1998,18.2
24/07/1998,2.3
25/07/1998,0.0
26/07/1998,18.0
27/07/1998,0.0
28/07/1998,0.0
29/07/1998,0.4
30/07/1998,1.1
31/07/1998,3.0
01/08/1998,17.7
02/08/1998,6.7
03/08/1998,0.0
04/08/1998,0.0
05/08/1998,0.0
06/08/1998,14.3
07/08/1998,2.1
08/08/1998,0.0
09/08/1998,1.1
10/08/1998,0.0
11/08/1998,60.5
12/08/1998,0.0
13/08/1998,0.4
14/08/1998,0.0
15/08/1998,2.9
16/08/1998,0.0
17/08/1998,0.0
18/08/1998,22.9
19/08/1998,15.3
20/08/1998,5.8
21/08/1998,18.2
22/08/1998,4.1
23/08/1998,0.7
24/08/1998,0.0
25/08/1998,8.0
26/08/1998,0.0
27/08/1998,39.6
28/08/1998,0.0
29/08/1998,0.0
30/08/1998,17.7
31/08/1998,0.5
01/09/1998,15.1
02/09/1998,1.7
03/09/1998,1.4
04/09/1998,2.0
05/09/1998,0.0
06/09/1998,0.0
07/09/1998,0.0
08/09/1998,0.0
09/09/1998,11.1
10/09/1998,3.8
11/09/1998,2.9
12/09/1998,28.7
13/09/1998,1.7
14/09/1998,0.0
15/09/1998,7.1
16/09/1998,22.5
17/09/1998,0.0
18/09/1998,11.8
19/09/1998,12.2
20/09/1998,60.9
21/09/1998,33.1
22/09/1998,0.0
23/09/1998,31.3
24/09/1998,35.1
25/09/1998,2.0
26/09/1998,16.4
27/09/1998,18.7
28/09/1998,1.9
29/09/1998,4.0
30/09/1998,1.4
01/10/1998,0.0
02/10/1998,0.0
03/10/1998,5.2
04/10/1998,0.0
05/10/1998,13.6
06/10/1998,6.3
07/10/1998,39.3
08/10/1998,0.0
09/10/1998,10.0
10/10/1998,20.2
11/10/1998,0.6
12/10/1998,0.0
13/10/1998,0.0
14/10/1998,3.6
15/10/1998,19.4
16/10/1998,5.8
17/10/1998,0.0
18/10/1998,0.0
19/10/1998,5.4
20/10/1998,0.0
21/10/1998,7.0
22/10/1998,22.1
23/10/1998,0.0
24/10/1998,0.0
25/10/1998,119.5
26/10/1998,13.2
27/10/1998,0.0
28/10/1998,0.0
29/10/1998,0.0
30/10/1998,0.0
31/10/1998,0.0
01/11/1998,0.0
02/11/1998,0.0
03/11/1998,0.0
04/11/1998,0.0
05/11/1998,0.0
06/11/1998,0.0
07/11/1998,0.0
08/11/1998,0.0
09/11/1998,0.0
10/11/1998,0.0
11/11/1998,0.0
12/11/1998,0.0
13/11/1998,0.0
14/11/1998,0.0
15/11/1998,0.0
16/11/1998,0.0
17/11/1998,0.0
18/11/1998,0.0
19/11/1998,0.0
20/11/1998,0.0
21/11/1998,0.0
22/11/1998,0.0
23/11/1998,0.0
24/11/1998,0.0
25/11/1998,0.0
26/11/1998,0.0
27/11/1998,0.0
28/11/1998,0.0
29/11/1998,0.0
30/11/1998,0.0
01/12/1998,0.0
02/12/1998,0.0
03/12/1998,0.0
04/12/1998,0.0
05/12/1998,0.0
06/12/1998,0.0
07/12/1998,0.0
08/12/1998,0.0
09/12/1998,0.0
10/12/1998,0.0
11/12/1998,0.0
12/12/1998,0.0
13/12/1998,0.0
14/12/1998,0.0
15/12/1998,0.0
16/12/1998,0.0
17/12/1998,0.0
18/12/1998,0.0
19/12/1998,0.0
20/12/1998,0.0
21/12/1998,0.0
22/12/1998,0.0
23/12/1998,0.0
24/12/1998,0.0
25/12/1998,0.0
26/12/1998,0.0
27/12/1998,0.0
28/12/1998,0.0
29/12/1998,0.0
30/12/1998,0.0
31/12/1998,0.0
01/01/1999,0.0
02/01/1999,0.0
03/01/1999,0.0
04/01/1999,0.0
05/01/1999,0.0
06/01/1999,0.0
07/01/1999,0.0
08/01/1999,0.4
09/01/1999,7.0
10/01/1999,0.0
11/01/1999,0.0
12/01/1999,0.0
13/01/1999,1.1
14/01/1999,3.4
15/01/1999,77.8
16/01/1999,26.4
17/01/1999,22.2
18/01/1999,22.5
19/01/1999,27.1
20/01/1999,9.5
21/01/1999,2.9
22/01/1999,35.5
23/01/1999,40.2
24/01/1999,2.6
25/01/1999,12.1
26/01/1999,1.9
27/01/1999,0.7
28/01/1999,9.8
29/01/1999,0.6
30/01/1999,0.5
31/01/1999,2.4
01/02/1999,0.0
02/02/1999,3.4
03/02/1999,24.1
04/02/1999,0.9
05/02/1999,4.0
06/02/1999,2.3
07/02/1999,0.5
08/02/1999,1.1
09/02/1999,0.0
10/02/1999,10.3
11/02/1999,128.2
12/02/1999,58.0
13/02/1999,121.0
14/02/1999,19.7
15/02/1999,0.0
16/02/1999,0.0
17/02/1999,5.6
18/02/1999,0.0
19/02/1999,0.0
20/02/1999,1.7
21/02/1999,4.6
22/02/1999,0.7
23/02/1999,0.0
24/02/1999,0.0
25/02/1999,12.4
26/02/1999,0.0
27/02/1999,0.0
28/02/1999,15.5
01/03/1999,14.6
02/03/1999,0.0
03/03/1999,0.0
04/03/1999,0.0
05/03/1999,0.0
06/03/1999,0.0
07/03/1999,20.9
08/03/1999,0.0
09/03/1999,0.0
10/03/1999,0.0
11/03/1999,0.0
12/03/1999,0.0
13/03/1999,0.0
14/03/1999,0.0
15/03/1999,0.0
16/03/1999,0.0
17/03/1999,0.0
18/03/1999,0.0
19/03/1999,0.0
20/03/1999,24.5
21/03/1999,1.2
22/03/1999,0.0
23/03/1999,32.1
24/03/1999,0.0
25/03/1999,6.1
26/03/1999,1.3
27/03/1999,0.0
28/03/1999,0.0
29/03/1999,8.4
30/03/1999,0.0
31/03/1999,0.0
01/04/1999,28.8
02/04/1999,0.0
03/04/1999,2.1
04/04/1999,8.4
05/04/1999,0.0
06/04/1999,10.3
07/04/1999,15.4
08/04/1999,37.5
09/04/1999,0.4
10/04/1999,4.2
11/04/1999,6.2
12/04/1999,25.2
13/04/1999,0.0
14/04/1999,6.6
15/04/1999,0.0
16/04/1999,2.8
17/04/1999,2.1
18/04/1999,0.0
19/04/1999,12.6
20/04/1999,0.0
21/04/1999,0.6
22/04/1999,0.0
23/04/1999,0.0
24/04/1999,0.0
25/04/1999,0.0
26/04/1999,0.0
27/04/1999,0.0
28/04/1999,0.0
29/04/1999,0.0
30/04/1999,0.0
01/05/1999,0.0
02/05/1999,0.0
03/05/1999,0.5
04/05/1999,0.0
05/05/1999,0.0
06/05/1999,0.0
07/05/1999,0.0
08/05/1999,63.5
09/05/1999,0.0
10/05/1999,0.0
11/05/1999,0.0
12/05/1999,0.0
13/05/1999,0.0
14/05/1999,0.0
15/05/1999,11.0
16/05/1999,2.5
17/05/1999,0.5
18/05/1999,45.0
19/05/1999,0.0
20/05/1999,79.8
21/05/1999,1.0
22/05/1999,0.0
23/05/1999,0.0
24/05/1999,14.1
25/05/1999,24.1
26/05/1999,4.6
27/05/1999,0.0
28/05/1999,0.0
29/05/1999,0.0
30/05/1999,0.0
31/05/1999,0.0
01/06/1999,0.0
02/06/1999,13.6
03/06/1999,0.6
04/06/1999,0.0
05/06/1999,0.0
06/06/1999,0.0
07/06/1999,0.0
08/06/1999,7.7
09/06/1999,0.0
10/06/1999,0.0
11/06/1999,50.5
12/06/1999,2.2
13/06/1999,0.0
14/06/1999,0.0
15/06/1999,5.2
16/06/1999,28.2
17/06/1999,0.5
18/06/1999,0.0
19/06/1999,0.0
20/06/1999,0.0
21/06/1999,5.4
22/06/1999,8.7
23/06/1999,0.0
24/06/1999,0.0
25/06/1999,0.0
26/06/1999,0.0
27/06/1999,0.0
28/06/1999,1.3
29/06/1999,5.4
30/06/1999,1.1
01/07/1999,0.4
02/07/1999,0.0
03/07/1999,0.0
04/07/1999,0.0
05/07/1999,8.9
06/07/1999,0.0
07/07/1999,4.7
08/07/1999,0.0
09/07/1999,0.0
10/07/1999,0.0
11/07/1999,0.0
12/07/1999,0.0
13/07/1999,0.0
14/07/1999,22.1
15/07/1999,21.4
18/08/1999,0.0
19/08/1999,12.8
20/08/1999,16.1
21/08/1999,0.0
22/08/1999,35.9
23/08/1999,28.2
24/08/1999,8.3
25/08/1999,2.9
26/08/1999,18.2
27/08/1999,3.6
28/08/1999,0.2
29/08/1999,0.0
30/08/1999,4.0
31/08/1999,1.8
01/09/1999,0.0
02/09/1999,1.7
03/09/1999,25.1
04/09/1999,0.6
05/09/1999,0.0
06/09/1999,2.9
07/09/1999,7.8
08/09/1999,23.0
09/09/1999,0.0
10/09/1999,5.8
11/09/1999,42.0
12/09/1999,0.0
13/09/1999,9.6
14/09/1999,1.4
15/09/1999,4.2
16/09/1999,0.5
17/09/1999,21.6
18/09/1999,35.6
19/09/1999,0.0
20/09/1999,0.0
21/09/1999,23.8
22/09/1999,0.0
23/09/1999,3.6
24/09/1999,0.0
25/09/1999,0.8
26/09/1999,7.6
27/09/1999,0.0
28/09/1999,0.0
29/09/1999,1.4
30/09/1999,6.1
01/10/1999,8.1
02/10/1999,0.4
03/10/1999,0.5
04/10/1999,0.4
05/10/1999,13.1
06/10/1999,0.0
07/10/1999,0.0
08/10/1999,0.0
09/10/1999,0.0
10/10/1999,0.0
11/10/1999,0.0
12/10/1999,23.4
13/10/1999,53.1
14/10/1999,16.3
15/10/1999,0.7
16/10/1999,20.2
17/10/1999,0.0
18/10/1999,7.9
19/10/1999,0.0
20/10/1999,19.0
21/10/1999,13.1
22/10/1999,3.0
23/10/1999,1.5
24/10/1999,11.3
25/10/1999,0.7
26/10/1999,8.8
27/10/1999,3.2
28/10/1999,7.7
29/10/1999,3.5
30/10/1999,0.0
31/10/1999,18.7
01/11/1999,0.4
02/11/1999,0.0
03/11/1999,1.5
04/11/1999,4.5
05/11/1999,1.4
06/11/1999,0.0
07/11/1999,0.0
08/11/1999,2.0
09/11/1999,8.7
10/11/1999,0.0
11/11/1999,0.0
12/11/1999,0.0
13/11/1999,0.0
14/11/1999,1.5
15/11/1999,8.5
16/11/1999,14.4
17/11/1999,12.8
18/11/1999,146.6
19/11/1999,63.9
20/11/1999,136.6
21/11/1999,125.4
22/11/1999,1.1
23/11/1999,0.0
24/11/1999,0.0
25/11/1999,11.7
26/11/1999,5.5
27/11/1999,21.8
28/11/1999,22.6
29/11/1999,54.7
30/11/1999,94.6
01/12/1999,28.4
02/12/1999,22.1
03/12/1999,43.9
04/12/1999,3.2
05/12/1999,49.2
06/12/1999,18.8
07/12/1999,82.4
08/12/1999,60.1
09/12/1999,2.6
10/12/1999,9.7
11/12/1999,20.9
12/12/1999,101.7
13/12/1999,57.8
14/12/1999,75.7
15/12/1999,33.1
16/12/1999,0.0
17/12/1999,0.0
18/12/1999,0.0
19/12/1999,9.4
20/12/1999,11.9
21/12/1999,6.3
22/12/1999,73.3
23/12/1999,113.9
24/12/1999,12.9
25/12/1999,0.0
26/12/1999,0.0
27/12/1999,0.0
28/12/1999,4.3
29/12/1999,12.8
30/12/1999,1.4
31/12/1999,15.6
01/01/2000,24.9
02/01/2000,16.7
03/01/2000,7.8
04/01/2000,21.3
05/01/2000,4.5
06/01/2000,12.3
07/01/2000,0.0
08/01/2000,0.0
09/01/2000,0.0
10/01/2000,9.1
11/01/2000,18.9
12/01/2000,8.5
13/01/2000,5.9
14/01/2000,0.0
15/01/2000,0.0
16/01/2000,9.5
17/01/2000,1.7
18/01/2000,0.0
19/01/2000,3.9
20/01/2000,0.4
21/01/2000,0.9
22/01/2000,0.0
23/01/2000,0.9
24/01/2000,16.0
25/01/2000,8.8
26/01/2000,0.8
27/01/2000,3.5
28/01/2000,4.3
29/01/2000,6.1
30/01/2000,32.7
31/01/2000,12.6
14/02/2000,0.0
15/02/2000,5.7
16/02/2000,21.8
17/02/2000,71.2
18/02/2000,4.1
19/02/2000,1.3
20/02/2000,0.0
21/02/2000,0.0
22/02/2000,0.0
23/02/2000,0.0
24/02/2000,1.5
25/02/2000,2.0
26/02/2000,4.5
27/02/2000,4.2
28/02/2000,26.0
29/02/2000,156.7
01/03/2000,49.6
02/03/2000,34.4
03/03/2000,118.5
04/03/2000,0.0
05/03/2000,0.0
06/03/2000,0.0
07/03/2000,0.0
08/03/2000,0.0
09/03/2000,0.0
10/03/2000,0.0
11/03/2000,0.0
12/03/2000,3.5
13/03/2000,0.0
14/03/2000,0.0
15/03/2000,0.0
16/03/2000,0.0
17/03/2000,0.0
18/03/2000,0.0
19/03/2000,0.0
20/03/2000,0.0
21/03/2000,0.0
22/03/2000,0.0
23/03/2000,0.0
24/03/2000,23.3
25/03/2000,92.9
26/03/2000,83.1
27/03/2000,105.2
28/03/2000,22.4
29/03/2000,9.3
30/03/2000,22.0
31/03/2000,0.0
01/04/2000,0.0
02/04/2000,0.0
03/04/2000,0.0
04/04/2000,0.0
05/04/2000,0.0
06/04/2000,0.0
07/04/2000,0.0
08/04/2000,0.0
09/04/2000,0.0
10/04/2000,4.6
11/04/2000,35.7
12/04/2000,0.7
13/04/2000,10.6
14/04/2000,1.4
15/04/2000,8.4
16/04/2000,0.0
17/04/2000,0.0
18/04/2000,0.0
19/04/2000,0.0
20/04/2000,0.0
21/04/2000,3.8
22/04/2000,3.0
23/04/2000,9.7
24/04/2000,15.9
25/04/2000,0.0
26/04/2000,0.0
27/04/2000,0.0
28/04/2000,0.0
29/04/2000,0.0
30/04/2000,0.0
01/05/2000,0.0
02/05/2000,39.4
03/05/2000,0.7
04/05/2000,0.0
05/05/2000,0.0
06/05/2000,0.0
07/05/2000,0.0
08/05/2000,3.5
09/05/2000,42.8
10/05/2000,1.4
11/05/2000,17.5
12/05/2000,0.7
13/05/2000,0.0
14/05/2000,0.0
15/05/2000,0.0
16/05/2000,0.4
17/05/2000,0.0
18/05/2000,0.0
19/05/2000,0.0
20/05/2000,11.9
21/05/2000,0.0
22/05/2000,16.8
23/05/2000,0.4
24/05/2000,34.5
25/05/2000,17.4
26/05/2000,0.0
27/05/2000,0.0
28/05/2000,0.0
29/05/2000,0.0
30/05/2000,15.0
31/05/2000,0.8
01/06/2000,0.7
02/06/2000,0.7
03/06/2000,21.2
04/06/2000,3.5
05/06/2000,0.0
06/06/2000,0.0
07/06/2000,0.0
08/06/2000,11.7
09/06/2000,0.0
10/06/2000,0.0
11/06/2000,1.5
12/06/2000,0.0
13/06/2000,1.2
14/06/2000,6.2
15/06/2000,0.0
16/06/2000,0.0
17/06/2000,0.0
18/06/2000,17.0
19/06/2000,4.8
20/06/2000,0.0
21/06/2000,10.7
22/06/2000,12.7
23/06/2000,0.0
24/06/2000,8.9
25/06/2000,0.0
26/06/2000,84.2
27/06/2000,5.4
28/06/2000,6.7
29/06/2000,12.3
30/06/2000,0.0
01/07/2000,0.0
02/07/2000,0.0
03/07/2000,0.0
04/07/2000,16.0
05/07/2000,0.2
06/07/2000,0.0
07/07/2000,0.0
08/07/2000,0.0
09/07/2000,0.0
10/07/2000,0.0
11/07/2000,0.0
12/07/2000,0.0
13/07/2000,0.0
14/07/2000,0.0
15/07/2000,0.0
16/07/2000,0.0
17/07/2000,0.0
18/07/2000,0.0
19/07/2000,0.0
20/07/2000,0.0
21/07/2000,12.3
22/07/2000,4.6
23/07/2000,0.0
24/07/2000,36.5
25/07/2000,20.8
26/07/2000,15.8
27/07/2000,0.0
28/07/2000,4.8
29/07/2000,0.0
30/07/2000,54.2
31/07/2000,0.7
01/08/2000,0.0
02/08/2000,9.2
03/08/2000,0.0
04/08/2000,46.2
05/08/2000,1.5
06/08/2000,46.4
07/08/2000,0.9
08/08/2000,0.0
09/08/2000,0.0
10/08/2000,0.0
11/08/2000,0.0
12/08/2000,17.3
13/08/2000,33.0
14/08/2000,0.0
15/08/2000,34.3
16/08/2000,0.0
17/08/2000,3.6
18/08/2000,0.0
19/08/2000,0.0
20/08/2000,15.5
21/08/2000,1.3
22/08/2000,0.0
23/08/2000,0.0
24/08/2000,0.0
25/08/2000,12.5
26/08/2000,0.0
27/08/2000,0.0
28/08/2000,29.2
29/08/2000,0.0
30/08/2000,7.6
31/08/2000,0.0
01/09/2000,0.0
02/09/2000,47.2
03/09/2000,65.2
04/09/2000,13.2
05/09/2000,0.0
06/09/2000,5.6
07/09/2000,0.0
08/09/2000,0.0
09/09/2000,29.2
10/09/2000,17.1
11/09/2000,0.6
12/09/2000,0.0
13/09/2000,0.0
14/09/2000,1.5
15/09/2000,26.5
16/09/2000,4.1
17/09/2000,3.9
18/09/2000,6.6
19/09/2000,2.6
20/09/2000,18.4
21/09/2000,7.1
22/09/2000,18.7
23/09/2000,26.9
24/09/2000,0.0
25/09/2000,0.0
26/09/2000,0.0
27/09/2000,1.2
28/09/2000,6.3
29/09/2000,0.0
30/09/2000,0.5
01/10/2000,2.2
02/10/2000,6.2
03/10/2000,6.8
04/10/2000,3.5
05/10/2000,22.1
06/10/2000,4.1
07/10/2000,0.0
08/10/2000,49.0
09/10/2000,0.8
10/10/2000,0.0
11/10/2000,0.0
12/10/2000,0.0
13/10/2000,16.7
14/10/2000,0.0
15/10/2000,0.0
16/10/2000,16.3
17/10/2000,27.8
18/10/2000,4.1
19/10/2000,2.5
20/10/2000,0.0
21/10/2000,2.9
22/10/2000,0.0
23/10/2000,0.0
24/10/2000,0.0
25/10/2000,0.0
26/10/2000,0.0
27/10/2000,0.0
28/10/2000,0.9
29/10/2000,15.4
30/10/2000,25.9
31/10/2000,6.9
01/11/2000,0.0
02/11/2000,0.0
03/11/2000,0.0
04/11/2000,0.0
05/11/2000,2.4
06/11/2000,79.9
07/11/2000,0.5
08/11/2000,0.6
09/11/2000,4.0
10/11/2000,0.0
11/11/2000,0.6
12/11/2000,0.0
13/11/2000,0.0
14/11/2000,56.5
15/11/2000,211.9
16/11/2000,134.7
17/11/2000,0.5
18/11/2000,4.5
19/11/2000,19.6
20/11/2000,46.5
21/11/2000,141.7
22/11/2000,302.7
23/11/2000,54.7
24/11/2000,3.1
25/11/2000,0.0
26/11/2000,3.7
27/11/2000,21.4
28/11/2000,1.6
29/11/2000,0.6
30/11/2000,63.1
01/12/2000,17.7
02/12/2000,2.1
03/12/2000,0.0
04/12/2000,0.0
05/12/2000,0.0
06/12/2000,0.0
07/12/2000,0.0
08/12/2000,0.0
09/12/2000,0.0
10/12/2000,0.0
11/12/2000,113.0
12/12/2000,0.0
13/12/2000,0.0
14/12/2000,1.1
15/12/2000,14.7
16/12/2000,34.2
17/12/2000,43.1
18/12/2000,7.8
19/12/2000,51.6
20/12/2000,4.7
21/12/2000,70.4
22/12/2000,11.1
23/12/2000,4.8
24/12/2000,0.0
25/12/2000,0.0
26/12/2000,0.0
27/12/2000,14.0
28/12/2000,88.2
29/12/2000,112.3
30/12/2000,157.5
31/12/2000,17.8
01/01/2001,10.9
02/01/2001,4.0
03/01/2001,1.1
04/01/2001,7.1
05/01/2001,0.0
06/01/2001,14.5
07/01/2001,0.5
08/01/2001,0.0
09/01/2001,0.0
10/01/2001,0.0
11/01/2001,0.0
12/01/2001,0.0
13/01/2001,60.1
14/01/2001,32.1
15/01/2001,51.4
16/01/2001,14.1
17/01/2001,44.8
18/01/2001,155.9
19/01/2001,27.8
20/01/2001,4.8
21/01/2001,55.0
22/01/2001,7.6
23/01/2001,0.0
24/01/2001,23.7
25/01/2001,6.9
26/01/2001,0.0
27/01/2001,0.0
28/01/2001,0.0
29/01/2001,0.5
30/01/2001,0.0
31/01/2001,1.6
01/02/2001,0.0
02/02/2001,0.0
03/02/2001,0.0
04/02/2001,2.7
05/02/2001,2.0
06/02/2001,0.0
07/02/2001,0.3
08/02/2001,0.0
09/02/2001,0.0
10/02/2001,0.0
11/02/2001,0.3
12/02/2001,9.3
13/02/2001,71.3
14/02/2001,3.7
15/02/2001,0.0
16/02/2001,0.0
17/02/2001,0.0
18/02/2001,0.0
19/02/2001,0.0
20/02/2001,0.0
21/02/2001,0.0
22/02/2001,0.0
23/02/2001,0.0
24/02/2001,0.0
25/02/2001,0.0
26/02/2001,0.0
27/02/2001,0.0
28/02/2001,0.0
01/03/2001,0.0
02/03/2001,1.9
03/03/2001,0.0
04/03/2001,5.2
05/03/2001,67.5
06/03/2001,46.4
07/03/2001,12.1
08/03/2001,15.2
09/03/2001,96.5
10/03/2001,40.5
11/03/2001,4.3
12/03/2001,0.8
13/03/2001,0.0
14/03/2001,16.9
15/03/2001,0.8
16/03/2001,0.0
17/03/2001,0.0
18/03/2001,0.0
19/03/2001,0.0
20/03/2001,5.0
21/03/2001,6.8
22/03/2001,0.0
23/03/2001,0.0
24/03/2001,0.0
25/03/2001,0.0
26/03/2001,6.5
27/03/2001,24.8
28/03/2001,1.3
29/03/2001,6.7
30/03/2001,0.0
31/03/2001,4.9
01/04/2001,0.0
02/04/2001,0.0
03/04/2001,4.9
04/04/2001,0.4
05/04/2001,0.0
06/04/2001,2.1
07/04/2001,0.0
08/04/2001,0.0
09/04/2001,0.0
10/04/2001,0.0
11/04/2001,0.0
12/04/2001,0.0
13/04/2001,16.0
14/04/2001,0.0
15/04/2001,1.2
16/04/2001,0.0
17/04/2001,0.6
18/04/2001,0.0
19/04/2001,0.0
20/04/2001,0.0
21/04/2001,0.0
22/04/2001,0.0
23/04/2001,0.0
24/04/2001,0.0
25/04/2001,0.0
26/04/2001,0.0
27/04/2001,0.0
28/04/2001,17.5
29/04/2001,22.9
30/04/2001,0.0
01/05/2001,3.8
02/05/2001,6.3
03/05/2001,4.3
04/05/2001,5.9
05/05/2001,11.9
06/05/2001,0.8
07/05/2001,8.3
08/05/2001,0.0
09/05/2001,0.0
10/05/2001,0.0
11/05/2001,0.0
12/05/2001,3.9
13/05/2001,0.0
14/05/2001,0.0
15/05/2001,0.0
16/05/2001,0.0
17/05/2001,5.8
18/05/2001,0.0
19/05/2001,0.0
20/05/2001,1.1
21/05/2001,4.5
24/05/2001,3.3
25/05/2001,0.0
26/05/2001,0.6
27/05/2001,11.5
28/05/2001,0.7
29/05/2001,0.0
30/05/2001,0.0
31/05/2001,0.0
01/06/2001,0.0
02/06/2001,14.8
03/06/2001,3.0
04/06/2001,14.0
05/06/2001,0.0
06/06/2001,0.0
07/06/2001,16.0
08/06/2001,0.0
09/06/2001,0.0
10/06/2001,0.0
11/06/2001,0.0
12/06/2001,0.0
13/06/2001,0.0
14/06/2001,0.0
15/06/2001,5.3
16/06/2001,23.9
17/06/2001,0.0
18/06/2001,1.0
19/06/2001,0.0
20/06/2001,0.7
21/06/2001,0.0
22/06/2001,0.0
23/06/2001,0.0
24/06/2001,0.0
25/06/2001,0.0
26/06/2001,11.1
27/06/2001,0.0
28/06/2001,5.8
29/06/2001,0.0
30/06/2001,0.0
01/07/2001,0.0
02/07/2001,0.0
03/07/2001,0.0
04/07/2001,0.0
05/07/2001,0.0
06/07/2001,0.0
07/07/2001,0.0
08/07/2001,0.0
09/07/2001,0.0
10/07/2001,0.0
11/07/2001,4.1
12/07/2001,23.1
13/07/2001,0.6
14/07/2001,0.0
15/07/2001,11.8
16/07/2001,0.0
17/07/2001,0.0
18/07/2001,0.0
19/07/2001,0.0
20/07/2001,0.0
21/07/2001,0.0
22/07/2001,0.0
23/07/2001,0.0
24/07/2001,0.0
25/07/2001,4.0
26/07/2001,4.2
27/07/2001,3.0
28/07/2001,0.0
29/07/2001,1.5
30/07/2001,0.0
31/07/2001,0.6
01/08/2001,2.0
02/08/2001,17.2
03/08/2001,11.1
04/08/2001,43.6
05/08/2001,0.7
06/08/2001,0.6
07/08/2001,0.0
08/08/2001,2.9
09/08/2001,23.3
10/08/2001,11.2
11/08/2001,0.0
12/08/2001,6.9
13/08/2001,3.4
14/08/2001,0.0
15/08/2001,0.0
16/08/2001,0.0
17/08/2001,0.0
18/08/2001,1.6
19/08/2001,3.9
20/08/2001,0.8
21/08/2001,0.0
22/08/2001,0.0
23/08/2001,2.5
24/08/2001,0.0
25/08/2001,19.1
26/08/2001,11.6
27/08/2001,0.0
28/08/2001,0.0
29/08/2001,0.0
30/08/2001,18.7
31/08/2001,0.7
01/09/2001,8.1
02/09/2001,4.2
03/09/2001,14.9
04/09/2001,0.0
05/09/2001,7.6
06/09/2001,3.8
07/09/2001,0.0
08/09/2001,0.0
09/09/2001,0.0
10/09/2001,0.0
11/09/2001,0.0
12/09/2001,0.0
13/09/2001,0.0
14/09/2001,0.0
15/09/2001,0.0
16/09/2001,0.0
17/09/2001,7.7
18/09/2001,12.2
19/09/2001,23.7
20/09/2001,0.0
21/09/2001,11.2
22/09/2001,12.5
23/09/2001,5.9
24/09/2001,32.1
25/09/2001,19.4
26/09/2001,42.6
27/09/2001,10.3
28/09/2001,16.8
29/09/2001,1.8
30/09/2001,0.0
01/10/2001,1.1
02/10/2001,0.9
03/10/2001,17.6
04/10/2001,5.2
05/10/2001,13.5
06/10/2001,2.9
07/10/2001,14.4
08/10/2001,0.5
09/10/2001,0.0
10/10/2001,0.5
11/10/2001,6.6
12/10/2001,3.2
13/10/2001,0.0
14/10/2001,11.7
15/10/2001,38.5
16/10/2001,1.8
17/10/2001,0.0
18/10/2001,0.6
19/10/2001,90.0
20/10/2001,3.9
21/10/2001,0.0
22/10/2001,26.8
23/10/2001,11.4
24/10/2001,1.3
25/10/2001,0.0
26/10/2001,0.0
27/10/2001,6.0
28/10/2001,20.7
29/10/2001,52.0
30/10/2001,11.4
31/10/2001,3.1
01/11/2001,0.6
02/11/2001,19.9
03/11/2001,0.6
04/11/2001,0.0
05/11/2001,2.0
06/11/2001,0.0
07/11/2001,0.0
08/11/2001,37.8
09/11/2001,16.5
10/11/2001,0.0
11/11/2001,3.7
12/11/2001,0.0
13/11/2001,2.5
14/11/2001,10.0
15/11/2001,31.1
16/11/2001,5.5
17/11/2001,127.8
18/11/2001,124.0
19/11/2001,23.6
20/11/2001,17.4
21/11/2001,1.0
22/11/2001,0.0
23/11/2001,0.0
24/11/2001,35.6
25/11/2001,7.4
26/11/2001,3.1
27/11/2001,1.3
28/11/2001,0.0
29/11/2001,3.1
30/11/2001,5.2
01/12/2001,8.7
02/12/2001,0.8
03/12/2001,0.0
04/12/2001,0.0
05/12/2001,0.0
06/12/2001,0.0
07/12/2001,0.0
08/12/2001,0.0
09/12/2001,0.0
10/12/2001,0.0
11/12/2001,0.0
12/12/2001,0.0
13/12/2001,0.0
14/12/2001,100.3
15/12/2001,107.4
16/12/2001,154.8
17/12/2001,75.1
18/12/2001,32.0
19/12/2001,15.5
20/12/2001,7.2
21/12/2001,19.8
22/12/2001,2.8
23/12/2001,41.9
24/12/2001,34.7
25/12/2001,50.3
26/12/2001,53.9
27/12/2001,2.7
28/12/2001,39.2
29/12/2001,110.4
30/12/2001,39.6
31/12/2001,4.4
01/01/2002,4.2
02/01/2002,10.4
03/01/2002,0.2
04/01/2002,9.5
05/01/2002,0.0
06/01/2002,4.8
07/01/2002,2.2
08/01/2002,0.0
09/01/2002,2.3
10/01/2002,6.6
11/01/2002,9.9
12/01/2002,9.3
13/01/2002,0.0
14/01/2002,0.5
15/01/2002,0.0
16/01/2002,0.0
17/01/2002,0.0
18/01/2002,0.0
19/01/2002,1.1
20/01/2002,89.8
21/01/2002,9.0
22/01/2002,0.7
23/01/2002,0.6
24/01/2002,8.2
25/01/2002,11.6
26/01/2002,0.7
27/01/2002,0.0
28/01/2002,0.0
29/01/2002,4.6
30/01/2002,2.7
31/01/2002,1.4
01/02/2002,0.0
02/02/2002,0.0
03/02/2002,0.0
04/02/2002,0.0
05/02/2002,0.0
06/02/2002,0.0
07/02/2002,0.0
08/02/2002,0.0
09/02/2002,0.0
10/02/2002,0.0
11/02/2002,0.0
12/02/2002,1.5
13/02/2002,0.0
14/02/2002,0.0
15/02/2002,0.0
16/02/2002,0.0
17/02/2002,0.0
18/02/2002,0.0
19/02/2002,0.0
20/02/2002,31.8
21/02/2002,2.2
22/02/2002,1.7
23/02/2002,0.0
24/02/2002,0.0
25/02/2002,5.2
26/02/2002,6.9
27/02/2002,2.6
28/02/2002,0.0
01/03/2002,0.0
02/03/2002,0.0
03/03/2002,0.0
04/03/2002,0.0
05/03/2002,0.0
06/03/2002,0.0
07/03/2002,0.0
08/03/2002,0.0
09/03/2002,1.5
10/03/2002,0.0
11/03/2002,0.0
12/03/2002,0.0
13/03/2002,0.0
14/03/2002,0.0
15/03/2002,0.0
16/03/2002,0.0
17/03/2002,0.4
18/03/2002,15.8
19/03/2002,149.0
20/03/2002,3.7
21/03/2002,0.0
22/03/2002,0.0
23/03/2002,0.0
24/03/2002,0.0
25/03/2002,0.0
26/03/2002,0.0
27/03/2002,0.0
28/03/2002,0.0
29/03/2002,0.0
30/03/2002,0.0
31/03/2002,0.0
01/04/2002,0.0
02/04/2002,8.8
03/04/2002,0.0
04/04/2002,0.0
05/04/2002,0.0
06/04/2002,0.8
07/04/2002,0.0
08/04/2002,0.0
09/04/2002,0.0
10/04/2002,0.0
11/04/2002,0.0
12/04/2002,0.5
13/04/2002,2.9
14/04/2002,0.0
15/04/2002,0.0
16/04/2002,0.0
17/04/2002,0.0
18/04/2002,0.0
19/04/2002,0.0
20/04/2002,2.4
21/04/2002,2.0
22/04/2002,0.0
23/04/2002,0.0
24/04/2002,0.0
25/04/2002,25.1
26/04/2002,0.0
27/04/2002,9.8
28/04/2002,11.8
29/04/2002,6.1
30/04/2002,0.0
01/05/2002,0.0
02/05/2002,0.0
03/05/2002,0.0
04/05/2002,0.0
05/05/2002,0.3
06/05/2002,34.7
07/05/2002,8.9
08/05/2002,45.3
09/05/2002,1.0
10/05/2002,0.0
11/05/2002,0.0
12/05/2002,0.0
13/05/2002,0.0
14/05/2002,11.7
15/05/2002,0.0
16/05/2002,0.0
17/05/2002,0.0
18/05/2002,14.9
19/05/2002,0.0
20/05/2002,0.0
21/05/2002,0.0
22/05/2002,0.0
23/05/2002,0.0
24/05/2002,0.0
25/05/2002,0.0
26/05/2002,0.0
27/05/2002,0.0
28/05/2002,0.0
29/05/2002,0.0
30/05/2002,23.4
31/05/2002,10.3
01/06/2002,0.0
02/06/2002,0.0
03/06/2002,0.0
04/06/2002,0.0
05/06/2002,4.2
06/06/2002,7.7
07/06/2002,0.8
08/06/2002,0.0
09/06/2002,0.0
10/06/2002,0.0
11/06/2002,0.2
12/06/2002,1.0
13/06/2002,16.5
14/06/2002,0.0
15/06/2002,0.0
16/06/2002,0.0
17/06/2002,0.0
18/06/2002,0.0
19/06/2002,0.0
20/06/2002,10.5
21/06/2002,0.0
22/06/2002,0.0
23/06/2002,0.0
24/06/2002,0.0
25/06/2002,0.0
26/06/2002,0.0
27/06/2002,49.5
28/06/2002,9.0
29/06/2002,0.0
30/06/2002,0.0
01/07/2002,11.0
02/07/2002,11.0
03/07/2002,6.5
04/07/2002,0.0
05/07/2002,0.0
06/07/2002,0.0
07/07/2002,0.0
08/07/2002,0.0
09/07/2002,50.0
10/07/2002,0.0
11/07/2002,0.0
12/07/2002,33.5
13/07/2002,0.0
14/07/2002,0.0
15/07/2002,0.0
16/07/2002,0.0
17/07/2002,2.5
18/07/2002,10.0
19/07/2002,0.0
20/07/2002,4.5
21/07/2002,48.0
22/07/2002,0.0
23/07/2002,8.0
24/07/2002,0.0
25/07/2002,0.0
26/07/2002,0.0
27/07/2002,0.0
28/07/2002,13.0
29/07/2002,0.0
30/07/2002,0.0
31/07/2002,0.0
01/08/2002,0.0
02/08/2002,64.0
03/08/2002,0.0
04/08/2002,23.0
05/08/2002,5.5
06/08/2002,0.0
07/08/2002,0.0
08/08/2002,0.0
09/08/2002,7.0
10/08/2002,9.0
11/08/2002,0.0
12/08/2002,18.5
13/08/2002,0.0
14/08/2002,0.0
15/08/2002,0.0
16/08/2002,0.0
17/08/2002,0.0
18/08/2002,0.0
19/08/2002,0.0
20/08/2002,0.0
21/08/2002,22.0
22/08/2002,0.0
23/08/2002,0.0
24/08/2002,0.0
25/08/2002,0.0
26/08/2002,59.0
27/08/2002,24.5
28/08/2002,38.0
29/08/2002,0.0
30/08/2002,33.0
31/08/2002,0.0
01/09/2002,0.0
02/09/2002,0.0
03/09/2002,0.0
04/09/2002,0.0
05/09/2002,0.0
06/09/2002,4.0
07/09/2002,38.0
08/09/2002,0.0
09/09/2002,0.0
10/09/2002,54.5
11/09/2002,0.0
12/09/2002,0.0
13/09/2002,0.0
14/09/2002,0.0
15/09/2002,51.0
16/09/2002,0.0
17/09/2002,0.0
18/09/2002,0.0
19/09/2002,75.0
20/09/2002,42.5
21/09/2002,39.0
22/09/2002,38.0
23/09/2002,0.0
24/09/2002,13.0
25/09/2002,0.0
26/09/2002,9.5
27/09/2002,0.0
28/09/2002,0.0
29/09/2002,24.0
30/09/2002,0.0
01/10/2002,0.0
02/10/2002,0.0
03/10/2002,28.0
04/10/2002,0.0
05/10/2002,0.0
06/10/2002,0.0
07/10/2002,0.0
08/10/2002,0.0
09/10/2002,0.0
10/10/2002,18.0
11/10/2002,17.0
12/10/2002,21.0
13/10/2002,9.0
14/10/2002,0.0
15/10/2002,0.0
16/10/2002,19.0
17/10/2002,2.0
18/10/2002,0.0
19/10/2002,0.4
20/10/2002,0.0
21/10/2002,13.3
22/10/2002,0.0
23/10/2002,12.3
24/10/2002,0.0
25/10/2002,0.0
26/10/2002,7.0
27/10/2002,4.3
28/10/2002,0.0
29/10/2002,0.0
30/10/2002,0.0
31/10/2002,0.0
01/11/2002,0.0
02/11/2002,0.0
03/11/2002,11.7
04/11/2002,70.0
05/11/2002,11.0
06/11/2002,22.5
07/11/2002,41.8
08/11/2002,4.6
09/11/2002,31.8
10/11/2002,1.7
11/11/2002,13.7
12/11/2002,3.8
13/11/2002,0.6
14/11/2002,3.0
15/11/2002,19.5
16/11/2002,0.0
17/11/2002,0.0
18/11/2002,0.0
19/11/2002,10.7
20/11/2002,77.6
21/11/2002,40.2
22/11/2002,0.6
23/11/2002,6.9
24/11/2002,3.6
25/11/2002,0.7
26/11/2002,1.2
27/11/2002,10.4
28/11/2002,0.0
29/11/2002,1.0
30/11/2002,17.5
01/12/2002,15.3
02/12/2002,0.0
03/12/2002,0.0
04/12/2002,1.9
05/12/2002,28.8
06/12/2002,0.0
07/12/2002,0.0
08/12/2002,8.2
09/12/2002,35.1
10/12/2002,68.2
11/12/2002,74.8
12/12/2002,37.4
13/12/2002,47.8
14/12/2002,8.5
15/12/2002,7.7
16/12/2002,28.2
17/12/2002,49.0
18/12/2002,62.7
19/12/2002,195.2
20/12/2002,0.5
21/12/2002,2.4
22/12/2002,0.0
23/12/2002,0.0
24/12/2002,20.0
25/12/2002,13.4
26/12/2002,110.0
27/12/2002,0.5
28/12/2002,25.1
29/12/2002,10.7
30/12/2002,30.7
31/12/2002,77.0
01/01/2003,28.0
02/01/2003,18.0
03/01/2003,1.5
04/01/2003,13.0
05/01/2003,0.0
06/01/2003,15.5
07/01/2003,6.0
08/01/2003,6.0
09/01/2003,0.0
10/01/2003,0.0
11/01/2003,0.0
12/01/2003,0.0
13/01/2003,9.0
14/01/2003,0.0
15/01/2003,12.0
16/01/2003,6.5
17/01/2003,12.5
18/01/2003,11.5
19/01/2003,16.5
20/01/2003,7.0
21/01/2003,0.0
22/01/2003,0.0
23/01/2003,0.0
24/01/2003,0.0
25/01/2003,0.0
26/01/2003,0.0
27/01/2003,0.0
28/01/2003,2.0
29/01/2003,2.0
30/01/2003,15.5
31/01/2003,17.0
01/02/2003,24.5
02/02/2003,2.5
03/02/2003,1.5
04/02/2003,0.0
05/02/2003,0.0
06/02/2003,7.5
07/02/2003,2.5
08/02/2003,0.0
09/02/2003,5.0
10/02/2003,15.0
11/02/2003,19.5
12/02/2003,18.5
13/02/2003,3.5
14/02/2003,17.5
15/02/2003,61.5
16/02/2003,37.5
17/02/2003,1.0
18/02/2003,0.0
19/02/2003,0.0
20/02/2003,0.0
21/02/2003,0.0
22/02/2003,0.0
23/02/2003,0.0
24/02/2003,0.0
25/02/2003,0.0
26/02/2003,0.0
27/02/2003,0.0
28/02/2003,0.0
01/03/2003,0.0
02/03/2003,0.0
03/03/2003,0.0
04/03/2003,0.0
05/03/2003,0.0
06/03/2003,0.0
07/03/2003,0.0
08/03/2003,0.0
09/03/2003,0.0
10/03/2003,35.5
11/03/2003,23.5
12/03/2003,21.0
13/03/2003,9.0
14/03/2003,1.0
15/03/2003,0.0
16/03/2003,0.0
17/03/2003,0.0
18/03/2003,0.0
19/03/2003,0.0
20/03/2003,0.0
21/03/2003,0.0
22/03/2003,2.0
23/03/2003,28.5
24/03/2003,23.5
25/03/2003,17.5
26/03/2003,23.5
27/03/2003,56.0
28/03/2003,0.0
29/03/2003,6.5
30/03/2003,2.0
31/03/2003,25.0
01/04/2003,30.5
02/04/2003,0.0
03/04/2003,0.0
04/04/2003,0.0
05/04/2003,0.0
06/04/2003,0.0
07/04/2003,0.0
08/04/2003,0.0
09/04/2003,0.0
10/04/2003,2.0
11/04/2003,8.0
12/04/2003,0.0
13/04/2003,0.0
14/04/2003,0.0
15/04/2003,0.0
16/04/2003,0.0
17/04/2003,0.0
18/04/2003,0.0
19/04/2003,0.0
20/04/2003,7.5
21/04/2003,0.0
22/04/2003,0.0
23/04/2003,0.0
24/04/2003,0.0
25/04/2003,0.0
26/04/2003,0.0
27/04/2003,0.0
28/04/2003,0.0
29/04/2003,0.0
30/04/2003,1.0
01/05/2003,1.0
02/05/2003,0.0
03/05/2003,0.0
04/05/2003,8.0
05/05/2003,0.5
06/05/2003,0.0
07/05/2003,0.0
08/05/2003,0.0
09/05/2003,6.0
10/05/2003,10.5
11/05/2003,4.5
12/05/2003,5.5
13/05/2003,0.0
14/05/2003,10.5
15/05/2003,0.5
16/05/2003,3.5
17/05/2003,0.0
18/05/2003,0.5
19/05/2003,0.0
20/05/2003,0.0
21/05/2003,26.0
22/05/2003,3.0
23/05/2003,0.5
24/05/2003,6.5
25/05/2003,18.5
26/05/2003,0.0
27/05/2003,0.0
28/05/2003,0.0
29/05/2003,0.0
30/05/2003,0.0
31/05/2003,0.0
01/06/2003,0.0
02/06/2003,0.0
03/06/2003,0.0
04/06/2003,0.0
05/06/2003,0.0
06/06/2003,0.0
07/06/2003,1.0
08/06/2003,11.5
09/06/2003,1.5
10/06/2003,4.0
11/06/2003,0.0
12/06/2003,49.5
13/06/2003,5.5
14/06/2003,8.5
15/06/2003,10.0
16/06/2003,10.5
17/06/2003,1.0
18/06/2003,0.0
19/06/2003,16.0
20/06/2003,5.5
21/06/2003,2.5
22/06/2003,0.0
23/06/2003,2.0
24/06/2003,0.0
25/06/2003,0.0
26/06/2003,20.0
27/06/2003,1.0
28/06/2003,0.0
29/06/2003,4.0
30/06/2003,0.0
01/07/2003,0.0
02/07/2003,6.5
03/07/2003,87.0
04/07/2003,56.0
05/07/2003,0.0
06/07/2003,0.0
07/07/2003,0.0
08/07/2003,0.0
09/07/2003,0.0
10/07/2003,0.0
11/07/2003,0.0
12/07/2003,8.0
13/07/2003,3.5
14/07/2003,1.5
15/07/2003,0.0
16/07/2003,0.0
17/07/2003,15.0
18/07/2003,0.5
19/07/2003,47.0
20/07/2003,0.5
21/07/2003,0.0
22/07/2003,3.5
23/07/2003,1.0
24/07/2003,0.0
25/07/2003,0.0
26/07/2003,7.0
27/07/2003,0.0
28/07/2003,4.0
29/07/2003,34.0
30/07/2003,0.0
31/07/2003,0.0
01/08/2003,29.5
02/08/2003,8.5
03/08/2003,0.0
04/08/2003,0.0
05/08/2003,1.5
06/08/2003,37.0
07/08/2003,0.5
08/08/2003,0.0
09/08/2003,0.0
10/08/2003,0.0
11/08/2003,1.5
12/08/2003,0.0
13/08/2003,3.0
14/08/2003,0.5
15/08/2003,8.5
16/08/2003,11.5
17/08/2003,20.5
18/08/2003,14.0
19/08/2003,0.5
20/08/2003,0.0
21/08/2003,0.0
22/08/2003,0.0
23/08/2003,4.0
24/08/2003,0.0
25/08/2003,0.5
26/08/2003,0.0
27/08/2003,0.0
28/08/2003,2.5
29/08/2003,0.0
30/08/2003,60.5
31/08/2003,0.0
01/09/2003,2.0
02/09/2003,0.0
03/09/2003,0.0
04/09/2003,0.0
05/09/2003,1.0
06/09/2003,0.0
07/09/2003,6.0
08/09/2003,0.0
09/09/2003,9.0
10/09/2003,1.5
11/09/2003,0.0
12/09/2003,0.0
13/09/2003,0.0
14/09/2003,25.0
15/09/2003,31.0
16/09/2003,0.5
17/09/2003,7.0
18/09/2003,0.0
19/09/2003,0.0
20/09/2003,0.0
21/09/2003,41.5
22/09/2003,31.0
23/09/2003,0.5
24/09/2003,2.0
25/09/2003,6.5
26/09/2003,30.5
27/09/2003,19.5
28/09/2003,1.0
29/09/2003,19.5
30/09/2003,9.5
01/10/2003,32.0
02/10/2003,14.0
03/10/2003,38.0
04/10/2003,10.0
05/10/2003,0.0
06/10/2003,0.5
07/10/2003,0.0
08/10/2003,18.0
09/10/2003,0.0
10/10/2003,14.5
11/10/2003,48.0
12/10/2003,10.5
13/10/2003,8.5
14/10/2003,76.5
15/10/2003,0.0
16/10/2003,9.5
17/10/2003,56.0
18/10/2003,10.0
19/10/2003,45.5
20/10/2003,1.0
21/10/2003,0.0
22/10/2003,1.5
23/10/2003,0.5
24/10/2003,0.5
25/10/2003,4.5
26/10/2003,12.0
27/10/2003,12.0
28/10/2003,1.5
29/10/2003,39.5
30/10/2003,54.5
31/10/2003,0.0
01/11/2003,1.5
02/11/2003,1.5
03/11/2003,66.0
04/11/2003,0.5
05/11/2003,2.5
06/11/2003,0.0
07/11/2003,4.0
08/11/2003,33.5
09/11/2003,11.5
10/11/2003,33.5
11/11/2003,33.5
12/11/2003,66.5
13/11/2003,2.5
14/11/2003,3.0
15/11/2003,9.0
16/11/2003,0.0
17/11/2003,0.0
18/11/2003,0.0
19/11/2003,0.0
20/11/2003,0.0
21/11/2003,0.0
22/11/2003,0.5
23/11/2003,56.5
24/11/2003,12.0
25/11/2003,7.5
26/11/2003,4.5
27/11/2003,28.0
28/11/2003,11.5
29/11/2003,126.5
30/11/2003,26.5
01/12/2003,117.5
02/12/2003,136.5
03/12/2003,22.0
04/12/2003,4.0
05/12/2003,15.0
06/12/2003,62.0
07/12/2003,66.5
08/12/2003,46.0
09/12/2003,97.0
10/12/2003,119.0
11/12/2003,38.5
12/12/2003,82.5
13/12/2003,9.5
14/12/2003,2.5
15/12/2003,6.5
16/12/2003,0.0
17/12/2003,0.0
18/12/2003,0.0
19/12/2003,21.0
20/12/2003,95.5
21/12/2003,35.0
22/12/2003,7.0
23/12/2003,12.5
24/12/2003,25.5
25/12/2003,1.0
26/12/2003,8.5
27/12/2003,0.5
28/12/2003,3.0
29/12/2003,1.0
30/12/2003,1.0
31/12/2003,0.5
01/01/2004,0.0
02/01/2004,0.0
03/01/2004,2.5
04/01/2004,7.5
05/01/2004,0.0
06/01/2004,4.5
07/01/2004,0.5
08/01/2004,10.0
09/01/2004,9.0
10/01/2004,4.0
11/01/2004,3.0
12/01/2004,11.0
13/01/2004,1.0
14/01/2004,4.5
15/01/2004,2.0
16/01/2004,1.0
17/01/2004,0.0
18/01/2004,2.5
19/01/2004,0.0
20/01/2004,0.0
21/01/2004,0.0
22/01/2004,2.5
23/01/2004,5.0
24/01/2004,1.0
25/01/2004,9.5
26/01/2004,1.0
27/01/2004,19.5
28/01/2004,17.0
29/01/2004,3.5
30/01/2004,0.5
31/01/2004,2.0
01/02/2004,13.0
02/02/2004,37.0
03/02/2004,0.0
04/02/2004,0.0
05/02/2004,0.0
06/02/2004,36.0
07/02/2004,0.5
08/02/2004,0.0
09/02/2004,0.0
10/02/2004,3.5
11/02/2004,0.5
12/02/2004,0.0
13/02/2004,0.0
14/02/2004,2.0
15/02/2004,0.0
16/02/2004,0.5
17/02/2004,0.0
18/02/2004,0.0
19/02/2004,0.0
20/02/2004,0.0
21/02/2004,0.0
22/02/2004,0.0
23/02/2004,0.0
24/02/2004,0.0
25/02/2004,0.0
26/02/2004,0.0
27/02/2004,0.0
28/02/2004,0.0
29/02/2004,0.0
01/03/2004,0.0
02/03/2004,0.0
03/03/2004,0.0
04/03/2004,0.0
05/03/2004,0.0
06/03/2004,0.0
07/03/2004,6.0
08/03/2004,21.0
09/03/2004,3.5
10/03/2004,16.0
11/03/2004,0.5
12/03/2004,3.0
13/03/2004,3.5
14/03/2004,0.0
15/03/2004,0.0
16/03/2004,0.0
17/03/2004,3.5
18/03/2004,0.0
19/03/2004,0.0
20/03/2004,0.0
21/03/2004,0.0
22/03/2004,0.0
23/03/2004,0.0
24/03/2004,0.0
25/03/2004,0.0
26/03/2004,0.0
27/03/2004,0.0
28/03/2004,0.0
29/03/2004,0.0
30/03/2004,0.0
31/03/2004,0.0
01/04/2004,0.0
02/04/2004,0.0
03/04/2004,0.0
04/04/2004,5.5
05/04/2004,0.0
06/04/2004,0.0
07/04/2004,0.0
08/04/2004,0.0
09/04/2004,0.0
10/04/2004,0.0
11/04/2004,0.0
12/04/2004,0.0
13/04/2004,0.0
14/04/2004,0.0
15/04/2004,0.0
16/04/2004,0.0
17/04/2004,0.0
18/04/2004,0.0
19/04/2004,0.0
20/04/2004,0.0
21/04/2004,0.0
22/04/2004,0.0
23/04/2004,3.5
24/04/2004,0.0
25/04/2004,0.0
26/04/2004,0.0
27/04/2004,0.0
28/04/2004,0.0
29/04/2004,34.0
30/04/2004,1.0
01/05/2004,1.5
02/05/2004,0.0
03/05/2004,0.0
04/05/2004,12.5
05/05/2004,0.0
06/05/2004,0.0
07/05/2004,54.5
08/05/2004,0.0
09/05/2004,2.0
10/05/2004,27.0
11/05/2004,7.5
12/05/2004,7.5
13/05/2004,5.0
14/05/2004,0.5
15/05/2004,0.0
16/05/2004,0.0
17/05/2004,0.0
18/05/2004,0.0
19/05/2004,0.0
20/05/2004,0.0
21/05/2004,1.0
22/05/2004,1.5
23/05/2004,0.0
24/05/2004,49.5
25/05/2004,2.0
26/05/2004,0.5
27/05/2004,0.0
28/05/2004,0.0
29/05/2004,0.0
30/05/2004,0.0
31/05/2004,0.0
01/06/2004,9.0
02/06/2004,0.0
03/06/2004,0.0
04/06/2004,15.0
05/06/2004,21.5
06/06/2004,1.5
07/06/2004,5.5
08/06/2004,0.0
09/06/2004,0.0
10/06/2004,0.0
11/06/2004,0.0
12/06/2004,0.5
13/06/2004,27.0
14/06/2004,0.0
15/06/2004,0.0
16/06/2004,0.0
17/06/2004,6.5
18/06/2004,2.0
19/06/2004,0.0
20/06/2004,0.0
21/06/2004,0.0
22/06/2004,0.0
23/06/2004,0.0
24/06/2004,0.0
25/06/2004,6.0
26/06/2004,0.0
27/06/2004,0.0
28/06/2004,20.0
08/07/2004,0.0
09/07/2004,0.0
10/07/2004,0.0
11/07/2004,0.0
12/07/2004,2.5
13/07/2004,0.0
14/07/2004,0.0
15/07/2004,0.0
16/07/2004,0.0
17/07/2004,26.0
18/07/2004,0.5
19/07/2004,14.0
20/07/2004,3.5
21/07/2004,5.0
22/07/2004,0.0
23/07/2004,42.5
24/07/2004,0.0
25/07/2004,2.5
26/07/2004,16.5
27/07/2004,4.0
28/07/2004,23.0
29/07/2004,0.0
30/07/2004,1.5
31/07/2004,16.5
01/08/2004,38.5
02/08/2004,0.0
03/08/2004,0.0
04/08/2004,0.0
05/08/2004,0.0
06/08/2004,1.0
07/08/2004,0.0
08/08/2004,0.0
09/08/2004,0.0
10/08/2004,0.0
11/08/2004,18.5
12/08/2004,0.0
13/08/2004,0.0
14/08/2004,3.0
15/08/2004,15.5
16/08/2004,0.0
17/08/2004,0.0
18/08/2004,0.0
19/08/2004,0.0
20/08/2004,2.0
21/08/2004,11.0
22/08/2004,8.0
23/08/2004,1.0
24/08/2004,0.5
25/08/2004,46.5
26/08/2004,10.5
27/08/2004,39.0
28/08/2004,4.5
29/08/2004,0.5
04/10/2004,9.5
05/10/2004,8.5
06/10/2004,20.5
07/10/2004,29.0
08/10/2004,8.0
09/10/2004,64.5
10/10/2004,16.5
11/10/2004,4.0
12/10/2004,1.0
13/10/2004,20.5
14/10/2004,0.0
15/10/2004,0.0
16/10/2004,20.0
17/10/2004,2.5
18/10/2004,1.0
19/10/2004,0.0
20/10/2004,0.0
21/10/2004,7.5
22/10/2004,40.0
23/10/2004,41.5
24/10/2004,1.0
25/10/2004,69.0
26/10/2004,24.5
27/10/2004,23.5
28/10/2004,19.0
29/10/2004,64.0
30/10/2004,82.5
31/10/2004,16.5
01/11/2004,170.0
02/11/2004,12.0
03/11/2004,50.5
04/11/2004,48.5
05/11/2004,58.5
06/11/2004,47.5
07/11/2004,2.0
08/11/2004,0.0
09/11/2004,1.0
10/11/2004,0.0
11/11/2004,1.5
12/11/2004,11.5
13/11/2004,66.5
14/11/2004,25.0
15/11/2004,22.0
16/11/2004,0.0
17/11/2004,1.5
18/11/2004,15.0
19/11/2004,4.5
20/11/2004,7.0
21/11/2004,58.0
22/11/2004,0.0
23/11/2004,0.0
24/11/2004,0.5
25/11/2004,0.0
26/11/2004,7.5
27/11/2004,10.5
28/11/2004,85.0
29/11/2004,78.5
30/11/2004,4.5
01/12/2004,1.0
02/12/2004,0.0
03/12/2004,41.0
04/12/2004,4.0
05/12/2004,14.0
06/12/2004,16.5
07/12/2004,33.0
08/12/2004,180.5
09/12/2004,32.5
10/12/2004,142.0
11/12/2004,17.0
12/12/2004,15.5
13/12/2004,3.0
14/12/2004,1.5
15/12/2004,2.0
16/12/2004,32.0
17/12/2004,41.0
18/12/2004,0.0
19/12/2004,0.0
20/12/2004,0.0
21/12/2004,1.0
22/12/2004,1.0
23/12/2004,0.0
24/12/2004,0.0
25/12/2004,2.0
26/12/2004,0.0
27/12/2004,0.0
28/12/2004,0.0
29/12/2004,11.0
30/12/2004,8.0
31/12/2004,11.5
01/01/2005,23.5
02/01/2005,24.5
03/01/2005,0.0
04/01/2005,1.5
05/01/2005,0.0
06/01/2005,0.0
07/01/2005,9.5
08/01/2005,41.5
09/01/2005,0.5
10/01/2005,0.0
11/01/2005,0.0
12/01/2005,0.5
13/01/2005,4.0
14/01/2005,0.5
15/01/2005,0.0
16/01/2005,2.0
17/01/2005,0.5
18/01/2005,0.0
19/01/2005,0.0
20/01/2005,0.0
21/01/2005,6.0
22/01/2005,8.5
23/01/2005,0.5
24/01/2005,0.0
25/01/2005,0.0
26/01/2005,0.0
27/01/2005,0.0
28/01/2005,0.0
29/01/2005,0.0
30/01/2005,0.0
31/01/2005,0.0
01/02/2005,0.0
02/02/2005,0.0
03/02/2005,0.0
04/02/2005,0.0
05/02/2005,0.0
06/02/2005,0.0
07/02/2005,0.0
08/02/2005,0.0
09/02/2005,0.0
10/02/2005,11.0
11/02/2005,4.5
12/02/2005,2.0
13/02/2005,0.0
14/02/2005,0.0
15/02/2005,0.0
16/02/2005,0.0
17/02/2005,0.0
18/02/2005,0.0
19/02/2005,0.0
20/02/2005,0.0
21/02/2005,0.0
22/02/2005,0.0
23/02/2005,0.0
24/02/2005,0.0
25/02/2005,0.0
26/02/2005,0.0
27/02/2005,0.0
28/02/2005,0.0
01/03/2005,0.0
02/03/2005,0.0
03/03/2005,0.0
04/03/2005,1.0
05/03/2005,10.5
06/03/2005,15.0
07/03/2005,2.0
08/03/2005,0.0
09/03/2005,0.0
10/03/2005,0.0
11/03/2005,0.0
12/03/2005,0.0
13/03/2005,0.0
14/03/2005,25.5
15/03/2005,0.0
16/03/2005,0.0
17/03/2005,2.0
18/03/2005,3.5
19/03/2005,0.0
20/03/2005,0.0
21/03/2005,0.0
22/03/2005,0.0
23/03/2005,0.0
24/03/2005,0.0
25/03/2005,141.0
26/03/2005,78.0
27/03/2005,8.5
28/03/2005,0.0
29/03/2005,0.0
30/03/2005,0.0
31/03/2005,1.0
01/04/2005,0.5
02/04/2005,11.0
03/04/2005,16.5
04/04/2005,14.5
05/04/2005,0.5
06/04/2005,19.5
07/04/2005,0.0
08/04/2005,0.0
09/04/2005,0.0
10/04/2005,0.0
11/04/2005,0.0
12/04/2005,0.0
13/04/2005,0.0
14/04/2005,0.0
15/04/2005,0.5
16/04/2005,0.0
17/04/2005,0.0
18/04/2005,0.0
19/04/2005,0.0
20/04/2005,0.0
21/04/2005,0.0
22/04/2005,0.0
23/04/2005,0.0
24/04/2005,0.0
25/04/2005,0.0
26/04/2005,0.0
27/04/2005,0.0
28/04/2005,0.0
29/04/2005,0.0
30/04/2005,0.0
01/05/2005,0.0
02/05/2005,0.0
03/05/2005,0.0
04/05/2005,0.0
05/05/2005,0.0
06/05/2005,0.0
07/05/2005,4.5
08/05/2005,2.5
09/05/2005,0.0
10/05/2005,20.0
11/05/2005,0.0
12/05/2005,0.0
13/05/2005,16.0
14/05/2005,0.5
15/05/2005,3.5
16/05/2005,0.0
17/05/2005,0.5
18/05/2005,63.0
19/05/2005,2.0
20/05/2005,0.0
21/05/2005,40.0
22/05/2005,0.0
23/05/2005,38.5
24/05/2005,0.0
25/05/2005,0.0
26/05/2005,40.0
27/05/2005,15.5
28/05/2005,0.5
29/05/2005,4.5
30/05/2005,0.0
31/05/2005,1.0
01/06/2005,1.0
02/06/2005,0.0
03/06/2005,0.0
04/06/2005,5.0
05/06/2005,0.0
06/06/2005,0.0
07/06/2005,41.0
08/06/2005,17.5
09/06/2005,0.0
10/06/2005,6.0
11/06/2005,0.0
12/06/2005,0.5
13/06/2005,0.0
14/06/2005,9.0
15/06/2005,35.5
16/06/2005,0.5
17/06/2005,1.0
18/06/2005,25.0
19/06/2005,0.0
20/06/2005,7.0
21/06/2005,0.5
22/06/2005,59.0
23/06/2005,2.5
24/06/2005,0.0
25/06/2005,0.0
26/06/2005,0.0
27/06/2005,0.0
28/06/2005,7.0
29/06/2005,14.5
30/06/2005,9.5
01/07/2005,0.5
02/07/2005,5.5
03/07/2005,9.0
04/07/2005,0.0
05/07/2005,1.5
06/07/2005,0.5
07/07/2005,0.0
08/07/2005,0.0
09/07/2005,0.0
10/07/2005,0.5
11/07/2005,0.0
12/07/2005,0.5
13/07/2005,0.0
14/07/2005,0.0
15/07/2005,0.0
16/07/2005,11.0
17/07/2005,0.5
18/07/2005,3.5
19/07/2005,50.5
20/07/2005,21.5
21/07/2005,3.5
22/07/2005,2.5
23/07/2005,26.0
24/07/2005,0.0
25/07/2005,1.0
26/07/2005,0.0
27/07/2005,0.0
28/07/2005,0.0
29/07/2005,0.0
30/07/2005,0.0
31/07/2005,3.5
01/08/2005,1.0
02/08/2005,5.5
03/08/2005,51.0
04/08/2005,1.5
05/08/2005,0.0
06/08/2005,17.5
07/08/2005,0.0
08/08/2005,0.0
09/08/2005,0.0
10/08/2005,0.0
11/08/2005,2.5
12/08/2005,0.0
13/08/2005,0.0
14/08/2005,0.0
15/08/2005,1.0
16/08/2005,0.0
17/08/2005,0.0
18/08/2005,54.0
19/08/2005,6.5
20/08/2005,17.5
21/08/2005,0.0
22/08/2005,38.0
23/08/2005,25.0
24/08/2005,0.5
25/08/2005,7.0
26/08/2005,0.0
27/08/2005,4.5
28/08/2005,0.0
29/08/2005,21.0
30/08/2005,14.0
31/08/2005,0.5
01/09/2005,8.0
02/09/2005,1.0
03/09/2005,8.0
04/09/2005,76.0
05/09/2005,3.0
06/09/2005,14.5
07/09/2005,20.0
08/09/2005,0.0
09/09/2005,0.0
10/09/2005,0.0
11/09/2005,0.0
12/09/2005,0.0
13/09/2005,0.0
14/09/2005,0.0
15/09/2005,0.0
16/09/2005,0.0
17/09/2005,19.5
18/09/2005,1.0
19/09/2005,14.5
20/09/2005,0.5
21/09/2005,3.0
22/09/2005,0.0
23/09/2005,8.5
24/09/2005,3.0
25/09/2005,0.5
26/09/2005,0.0
27/09/2005,19.5
28/09/2005,6.5
29/09/2005,1.0
09/11/2005,0.0
10/11/2005,0.0
11/11/2005,1.5
12/11/2005,0.0
13/11/2005,0.0
14/11/2005,0.5
15/11/2005,0.0
16/11/2005,0.0
17/11/2005,0.0
18/11/2005,11.5
19/11/2005,76.0
20/11/2005,39.5
21/11/2005,14.5
22/11/2005,63.5
23/11/2005,139.5
24/11/2005,66.5
25/11/2005,3.5
26/11/2005,2.0
27/11/2005,15.0
28/11/2005,61.5
29/11/2005,9.0
30/11/2005,39.5
01/12/2005,5.0
02/12/2005,1.5
03/12/2005,0.0
04/12/2005,0.5
05/12/2005,2.5
06/12/2005,1.5
07/12/2005,161.0
08/12/2005,138.0
09/12/2005,13.5
10/12/2005,2.5
11/12/2005,0.5
12/12/2005,31.5
13/12/2005,15.0
14/12/2005,63.0
15/12/2005,25.5
16/12/2005,222.0
17/12/2005,103.0
18/12/2005,52.5
19/12/2005,13.0
20/12/2005,0.0
21/12/2005,8.5
22/12/2005,431.5
23/12/2005,40.0
24/12/2005,4.0
25/12/2005,57.5
25/01/2006,0.0
26/01/2006,0.0
27/01/2006,0.0
28/01/2006,0.0
29/01/2006,0.0
30/01/2006,0.0
31/01/2006,0.0
01/02/2006,10.5
02/02/2006,3.0
03/02/2006,2.5
04/02/2006,1.5
05/02/2006,2.5
06/02/2006,0.0
07/02/2006,11.5
08/02/2006,0.0
09/02/2006,9.0
10/02/2006,57.0
11/02/2006,40.0
12/02/2006,12.5
13/02/2006,111.0
14/02/2006,0.0
15/02/2006,0.0
16/02/2006,0.0
17/02/2006,0.0
18/02/2006,0.0
19/02/2006,0.0
20/02/2006,4.5
21/02/2006,13.0
22/02/2006,4.0
23/02/2006,4.5
24/02/2006,4.0
25/02/2006,0.0
26/02/2006,0.0
27/02/2006,0.0
28/02/2006,0.0
01/03/2006,0.0
02/03/2006,2.5
03/03/2006,7.0
04/03/2006,0.0
05/03/2006,0.0
06/03/2006,0.0
07/03/2006,0.0
08/03/2006,0.0
09/03/2006,0.0
10/03/2006,0.0
11/03/2006,0.0
12/03/2006,0.0
13/03/2006,0.0
14/03/2006,0.0
15/03/2006,0.0
16/03/2006,0.0
17/03/2006,0.0
18/03/2006,0.0
19/03/2006,12.0
20/03/2006,4.0
21/03/2006,17.5
22/03/2006,0.0
23/03/2006,35.0
24/03/2006,20.5
25/03/2006,6.0
26/03/2006,11.0
27/03/2006,2.0
28/03/2006,0.0
29/03/2006,0.0
30/03/2006,0.0
31/03/2006,7.5
01/04/2006,0.0
02/04/2006,0.0
03/04/2006,0.0
04/04/2006,0.0
05/04/2006,0.0
06/04/2006,0.0
07/04/2006,0.0
08/04/2006,3.0
09/04/2006,5.5
10/04/2006,0.0
11/04/2006,11.5
12/04/2006,5.0
13/04/2006,18.0
14/04/2006,0.0
15/04/2006,0.0
16/04/2006,0.0
17/04/2006,0.0
18/04/2006,4.0
19/04/2006,5.0
20/04/2006,0.0
21/04/2006,0.0
22/04/2006,0.0
23/04/2006,0.0
24/04/2006,0.0
25/04/2006,0.0
26/04/2006,0.0
27/04/2006,0.0
28/04/2006,0.0
29/04/2006,0.0
30/04/2006,0.0
01/05/2006,0.0
02/05/2006,0.0
03/05/2006,2.5
04/05/2006,0.0
05/05/2006,32.5
06/05/2006,0.0
07/05/2006,12.5
08/05/2006,1.5
09/05/2006,0.0
10/05/2006,0.0
11/05/2006,0.0
12/05/2006,0.0
13/05/2006,0.0
14/05/2006,0.0
15/05/2006,0.5
16/05/2006,18.0
17/05/2006,0.0
18/05/2006,1.5
19/05/2006,1.5
20/05/2006,4.0
21/05/2006,0.0
22/05/2006,19.0
23/05/2006,0.0
24/05/2006,0.0
25/05/2006,0.5
26/05/2006,56.5
27/05/2006,1.5
28/05/2006,28.0
29/05/2006,0.0
30/05/2006,2.0
31/05/2006,0.0
01/06/2006,0.0
02/06/2006,0.0
03/06/2006,0.0
04/06/2006,0.0
05/06/2006,0.0
06/06/2006,5.5
07/06/2006,0.0
08/06/2006,17.0
09/06/2006,5.5
10/06/2006,0.5
11/06/2006,0.0
12/06/2006,4.0
13/06/2006,57.0
14/06/2006,28.0
15/06/2006,1.5
16/06/2006,6.0
17/06/2006,24.0
18/06/2006,0.5
19/06/2006,28.5
20/06/2006,0.5
21/06/2006,6.5
22/06/2006,1.0
23/06/2006,0.0
24/06/2006,18.0
25/06/2006,1.0
26/06/2006,18.0
27/06/2006,0.5
28/06/2006,0.0
29/06/2006,0.0
30/06/2006,0.5
01/07/2006,0.0
02/07/2006,0.0
03/07/2006,0.0
04/07/2006,0.0
05/07/2006,0.5
06/07/2006,0.0
07/07/2006,0.0
08/07/2006,114.0
09/07/2006,11.5
10/07/2006,28.5
11/07/2006,0.0
12/07/2006,0.0
13/07/2006,55.5
14/07/2006,4.0
15/07/2006,0.0
16/07/2006,0.0
17/07/2006,0.0
18/07/2006,5.5
19/07/2006,0.0
20/07/2006,39.0
21/07/2006,0.5
22/07/2006,0.0
23/07/2006,0.0
24/07/2006,3.5
25/07/2006,0.0
26/07/2006,40.5
27/07/2006,2.0
28/07/2006,0.0
29/07/2006,0.0
30/07/2006,0.0
31/07/2006,0.0
01/08/2006,0.0
02/08/2006,0.0
03/08/2006,0.0
04/08/2006,0.0
05/08/2006,0.0
06/08/2006,0.0
07/08/2006,0.0
08/08/2006,0.0
09/08/2006,0.0
10/08/2006,0.0
11/08/2006,0.0
12/08/2006,0.0
13/08/2006,0.0
14/08/2006,0.0
15/08/2006,0.0
16/08/2006,0.0
17/08/2006,0.0
18/08/2006,0.0
19/08/2006,0.0
20/08/2006,0.0
21/08/2006,0.0
22/08/2006,0.0
23/08/2006,0.0
24/08/2006,0.0
25/08/2006,0.0
26/08/2006,0.0
27/08/2006,0.0
28/08/2006,0.0
29/08/2006,0.0
30/08/2006,0.0
31/08/2006,0.0
01/09/2006,0.0
02/09/2006,0.0
03/09/2006,0.0
04/09/2006,0.0
05/09/2006,0.0
06/09/2006,0.0
07/09/2006,0.0
08/09/2006,0.0
09/09/2006,0.0
10/09/2006,0.0
11/09/2006,0.0
12/09/2006,0.0
13/09/2006,0.0
14/09/2006,0.0
15/09/2006,0.0
16/09/2006,0.0
17/09/2006,0.0
18/09/2006,0.0
19/09/2006,0.0
20/09/2006,0.0
21/09/2006,0.0
22/09/2006,0.0
23/09/2006,0.5
24/09/2006,5.0
25/09/2006,4.0
26/09/2006,1.0
27/09/2006,11.0
28/09/2006,47.0
29/09/2006,40.5
30/09/2006,0.0
01/10/2006,0.0
02/10/2006,0.0
03/10/2006,6.0
04/10/2006,17.0
05/10/2006,3.0
06/10/2006,0.0
07/10/2006,0.0
08/10/2006,0.0
09/10/2006,0.0
10/10/2006,45.5
11/10/2006,21.5
12/10/2006,0.0
13/10/2006,0.0
14/10/2006,0.0
15/10/2006,0.0
16/10/2006,0.0
17/10/2006,0.0
18/10/2006,0.0
19/10/2006,17.0
20/10/2006,51.5
21/10/2006,0.0
22/10/2006,0.0
23/10/2006,0.0
24/10/2006,4.0
25/10/2006,12.0
26/10/2006,0.0
27/10/2006,0.0
28/10/2006,0.0
29/10/2006,0.0
30/10/2006,13.5
31/10/2006,0.0
01/11/2006,29.5
02/11/2006,0.0
03/11/2006,29.0
04/11/2006,6.5
05/11/2006,0.5
06/11/2006,0.5
07/11/2006,0.0
08/11/2006,0.5
09/11/2006,0.0
10/11/2006,6.0
11/11/2006,13.5
12/11/2006,31.5
13/11/2006,27.5
14/11/2006,0.5
15/11/2006,15.0
16/11/2006,15.0
17/11/2006,19.0
18/11/2006,84.0
19/11/2006,5.0
20/11/2006,3.0
21/11/2006,19.0
22/11/2006,0.0
23/11/2006,0.0
24/11/2006,29.5
25/11/2006,6.5
26/11/2006,7.5
27/11/2006,0.0
28/11/2006,1.0
29/11/2006,18.0
30/11/2006,37.0
01/12/2006,13.5
02/12/2006,0.0
03/12/2006,9.0
04/12/2006,0.0
07/12/2006,0.0
08/12/2006,0.0
09/12/2006,0.0
10/12/2006,0.0
11/12/2006,10.9
12/12/2006,13.6
13/12/2006,0.0
14/12/2006,0.0
15/12/2006,4.1
16/12/2006,58.1
17/12/2006,11.7
18/12/2006,1.8
19/12/2006,10.4
20/12/2006,80.2
21/12/2006,42.0
22/12/2006,60.2
23/12/2006,0.3
24/12/2006,1.7
25/12/2006,1.0
26/12/2006,16.2
27/12/2006,11.1
28/12/2006,10.2
29/12/2006,0.5
30/12/2006,0.0
31/12/2006,0.0
01/01/2007,1.7
02/01/2007,14.2
03/01/2007,0.1
04/01/2007,1.4
05/01/2007,15.4
06/01/2007,80.8
07/01/2007,191.7
08/01/2007,30.6
09/01/2007,31.4
10/01/2007,10.2
11/01/2007,1.8
12/01/2007,3.1
13/01/2007,17.2
14/01/2007,0.9
15/01/2007,2.1
16/01/2007,7.2
17/01/2007,8.8
18/01/2007,8.6
19/01/2007,34.2
20/01/2007,3.6
21/01/2007,10.1
22/01/2007,1.9
23/01/2007,0.7
24/01/2007,0.0
25/01/2007,1.5
26/01/2007,3.5
27/01/2007,2.0
28/01/2007,1.0
29/01/2007,0.0
30/01/2007,0.0
31/01/2007,0.0
01/02/2007,0.0
02/02/2007,0.0
03/02/2007,0.0
04/02/2007,0.0
05/02/2007,0.0
06/02/2007,7.0
07/02/2007,0.0
08/02/2007,0.0
09/02/2007,0.0
10/02/2007,0.0
11/02/2007,0.9
12/02/2007,11.6
13/02/2007,0.0
14/02/2007,0.0
15/02/2007,0.0
16/02/2007,0.0
17/02/2007,0.0
18/02/2007,0.0
19/02/2007,0.0
20/02/2007,0.0
21/02/2007,0.0
22/02/2007,4.0
23/02/2007,0.0
24/02/2007,0.0
25/02/2007,1.5
26/02/2007,0.0
27/02/2007,0.0
28/02/2007,0.0
01/03/2007,0.0
02/03/2007,0.0
03/03/2007,0.0
04/03/2007,0.0
05/03/2007,0.0
06/03/2007,0.0
07/03/2007,0.0
08/03/2007,0.0
09/03/2007,0.0
10/03/2007,0.0
11/03/2007,0.4
12/03/2007,5.6
13/03/2007,0.0
14/03/2007,7.0
15/03/2007,0.0
16/03/2007,0.0
17/03/2007,0.0
18/03/2007,0.0
19/03/2007,0.0
20/03/2007,0.5
21/03/2007,32.9
22/03/2007,2.0
23/03/2007,1.1
24/03/2007,8.0
25/03/2007,5.5
26/03/2007,0.0
27/03/2007,0.0
28/03/2007,0.0
29/03/2007,23.0
30/03/2007,0.0
31/03/2007,20.5
01/04/2007,4.0
02/04/2007,0.0
03/04/2007,0.0
04/04/2007,0.5
05/04/2007,0.0
06/04/2007,1.3
07/04/2007,0.7
08/04/2007,0.0
09/04/2007,1.5
10/04/2007,0.0
11/04/2007,0.0
12/04/2007,9.5
13/04/2007,1.0
14/04/2007,0.0
15/04/2007,0.0
16/04/2007,0.0
17/04/2007,0.0
18/04/2007,0.0
19/04/2007,0.0
20/04/2007,0.0
21/04/2007,0.0
22/04/2007,0.0
23/04/2007,0.0
24/04/2007,5.0
25/04/2007,0.0
26/04/2007,0.9
27/04/2007,33.5
28/04/2007,2.1
29/04/2007,26.1
30/04/2007,0.9
01/05/2007,4.5
02/05/2007,15.0
03/05/2007,3.5
04/05/2007,1.0
05/05/2007,0.0
06/05/2007,3.0
07/05/2007,0.0
08/05/2007,3.8
09/05/2007,14.9
10/05/2007,2.3
11/05/2007,0.0
12/05/2007,0.0
13/05/2007,0.0
14/05/2007,12.2
15/05/2007,1.8
16/05/2007,0.0
17/05/2007,0.0
18/05/2007,0.0
19/05/2007,0.0
20/05/2007,0.0
21/05/2007,1.5
22/05/2007,8.0
23/05/2007,0.0
24/05/2007,0.0
25/05/2007,2.0
26/05/2007,8.0
27/05/2007,0.0
28/05/2007,7.8
29/05/2007,1.2
30/05/2007,0.0
31/05/2007,0.5
01/06/2007,0.0
02/06/2007,19.0
03/06/2007,0.0
04/06/2007,0.0
05/06/2007,11.5
06/06/2007,0.4
07/06/2007,23.6
08/06/2007,0.0
09/06/2007,0.0
10/06/2007,0.0
11/06/2007,0.0
12/06/2007,0.0
13/06/2007,0.0
14/06/2007,0.0
15/06/2007,0.0
16/06/2007,50.1
17/06/2007,8.4
18/06/2007,8.5
19/06/2007,20.5
20/06/2007,0.4
21/06/2007,10.6
22/06/2007,0.0
23/06/2007,5.5
24/06/2007,41.3
25/06/2007,75.6
26/06/2007,0.1
27/06/2007,0.0
28/06/2007,0.0
29/06/2007,0.5
30/06/2007,0.0
01/07/2007,0.0
02/07/2007,0.0
03/07/2007,0.0
04/07/2007,5.5
05/07/2007,0.0
06/07/2007,0.5
07/07/2007,31.0
08/07/2007,22.0
09/07/2007,0.5
10/07/2007,0.0
11/07/2007,0.0
12/07/2007,27.5
13/07/2007,30.0
14/07/2007,0.0
15/07/2007,0.0
16/07/2007,0.0
17/07/2007,11.5
18/07/2007,1.0
19/07/2007,0.0
20/07/2007,0.0
21/07/2007,5.9
22/07/2007,34.3
23/07/2007,0.3
24/07/2007,3.0
25/07/2007,0.0
26/07/2007,0.5
27/07/2007,47.1
28/07/2007,4.9
29/07/2007,0.5
30/07/2007,0.5
31/07/2007,7.5
01/08/2007,1.0
02/08/2007,3.5
03/08/2007,0.0
04/08/2007,0.0
05/08/2007,0.0
06/08/2007,0.0
07/08/2007,0.0
08/08/2007,0.0
09/08/2007,0.0
10/08/2007,0.0
11/08/2007,0.4
12/08/2007,11.1
13/08/2007,0.0
14/08/2007,0.0
15/08/2007,1.5
16/08/2007,31.2
17/08/2007,0.3
18/08/2007,0.5
19/08/2007,19.0
20/08/2007,0.5
21/08/2007,2.0
22/08/2007,0.0
23/08/2007,0.0
24/08/2007,0.0
25/08/2007,6.5
26/08/2007,23.5
27/08/2007,6.0
28/08/2007,7.0
29/08/2007,3.5
30/08/2007,10.5
31/08/2007,0.0
01/09/2007,0.0
02/09/2007,8.0
03/09/2007,0.5
04/09/2007,6.5
05/09/2007,0.0
06/09/2007,0.0
07/09/2007,0.0
08/09/2007,0.0
09/09/2007,0.0
10/09/2007,31.9
11/09/2007,6.8
12/09/2007,0.3
13/09/2007,2.5
14/09/2007,45.9
15/09/2007,26.1
16/09/2007,34.0
17/09/2007,0.5
18/09/2007,14.0
19/09/2007,6.5
20/09/2007,0.0
21/09/2007,23.5
22/09/2007,18.7
23/09/2007,34.3
24/09/2007,26.5
25/09/2007,0.5
26/09/2007,27.5
27/09/2007,0.4
28/09/2007,3.1
29/09/2007,3.0
30/09/2007,19.0
01/10/2007,0.0
02/10/2007,0.0
03/10/2007,0.0
04/10/2007,0.5
05/10/2007,29.0
06/10/2007,0.0
07/10/2007,0.5
08/10/2007,0.0
09/10/2007,0.0
10/10/2007,0.0
11/10/2007,65.5
12/10/2007,14.0
13/10/2007,0.0
14/10/2007,0.0
15/10/2007,6.0
16/10/2007,0.0
17/10/2007,0.0
18/10/2007,0.9
19/10/2007,3.2
20/10/2007,43.3
21/10/2007,0.7
22/10/2007,0.0
23/10/2007,116.4
24/10/2007,30.6
25/10/2007,6.7
26/10/2007,1.8
27/10/2007,0.0
28/10/2007,0.0
29/10/2007,70.5
30/10/2007,22.5
31/10/2007,58.3
01/11/2007,5.4
02/11/2007,5.3
03/11/2007,20.8
04/11/2007,9.2
05/11/2007,3.0
06/11/2007,4.0
07/11/2007,0.0
08/11/2007,0.6
09/11/2007,0.9
10/11/2007,40.2
11/11/2007,2.3
12/11/2007,0.5
13/11/2007,0.0
14/11/2007,7.7
15/11/2007,1.9
16/11/2007,1.9
17/11/2007,0.0
18/11/2007,0.0
19/11/2007,8.1
20/11/2007,10.5
21/11/2007,0.4
22/11/2007,0.0
23/11/2007,0.0
24/11/2007,0.0
25/11/2007,0.0
26/11/2007,0.0
27/11/2007,8.5
28/11/2007,0.3
29/11/2007,7.0
30/11/2007,14.3
01/12/2007,0.0
02/12/2007,0.4
03/12/2007,7.0
04/12/2007,1.6
05/12/2007,16.9
06/12/2007,58.0
07/12/2007,76.6
08/12/2007,63.8
09/12/2007,21.8
10/12/2007,61.2
11/12/2007,50.3
12/12/2007,0.8
13/12/2007,39.5
14/12/2007,60.3
15/12/2007,30.6
16/12/2007,22.4
17/12/2007,22.4
18/12/2007,12.2
19/12/2007,18.9
20/12/2007,17.7
21/12/2007,147.0
22/12/2007,0.0
23/12/2007,0.0
24/12/2007,0.0
25/12/2007,0.0
26/12/2007,0.0
27/12/2007,0.0
28/12/2007,0.0
29/12/2007,0.0
30/12/2007,2.2
31/12/2007,62.8
01/01/2008,92.0
02/01/2008,23.5
03/01/2008,26.8
04/01/2008,1.8
05/01/2008,33.6
06/01/2008,11.6
07/01/2008,10.1
08/01/2008,7.5
09/01/2008,0.0
10/01/2008,0.0
11/01/2008,0.0
12/01/2008,0.0
13/01/2008,0.0
14/01/2008,0.0
15/01/2008,0.0
16/01/2008,8.9
17/01/2008,33.3
18/01/2008,11.8
19/01/2008,3.9
20/01/2008,0.5
21/01/2008,2.0
22/01/2008,0.0
23/01/2008,0.0
24/01/2008,2.0
25/01/2008,0.0
26/01/2008,0.8
27/01/2008,14.1
28/01/2008,5.2
29/01/2008,0.0
30/01/2008,0.0
31/01/2008,3.6
01/02/2008,23.6
02/02/2008,15.8
03/02/2008,22.9
04/02/2008,7.0
05/02/2008,4.6
06/02/2008,0.0
07/02/2008,0.0
08/02/2008,0.0
09/02/2008,0.0
10/02/2008,0.0
11/02/2008,0.0
12/02/2008,0.0
13/02/2008,4.0
14/02/2008,0.0
15/02/2008,1.0
16/02/2008,0.0
17/02/2008,0.0
18/02/2008,0.0
19/02/2008,0.0
20/02/2008,0.0
21/02/2008,0.0
22/02/2008,0.0
23/02/2008,0.0
24/02/2008,0.4
25/02/2008,73.5
26/02/2008,2.0
27/02/2008,27.5
28/02/2008,39.2
29/02/2008,4.4
01/03/2008,1.0
02/03/2008,0.5
03/03/2008,0.0
04/03/2008,5.0
05/03/2008,1.1
06/03/2008,10.5
07/03/2008,2.9
08/03/2008,25.0
09/03/2008,8.7
10/03/2008,7.8
11/03/2008,5.2
12/03/2008,19.2
13/03/2008,5.4
14/03/2008,20.3
15/03/2008,2.3
16/03/2008,0.0
17/03/2008,0.0
18/03/2008,0.0
19/03/2008,0.0
20/03/2008,0.0
21/03/2008,0.0
22/03/2008,0.0
23/03/2008,0.5
24/03/2008,2.4
25/03/2008,30.1
26/03/2008,14.0
27/03/2008,0.0
28/03/2008,0.0
29/03/2008,0.0
30/03/2008,0.0
31/03/2008,0.0
01/04/2008,0.0
02/04/2008,46.5
03/04/2008,21.6
04/04/2008,37.4
05/04/2008,3.5
06/04/2008,0.0
07/04/2008,0.0
08/04/2008,0.0
09/04/2008,0.0
10/04/2008,0.0
11/04/2008,0.0
12/04/2008,0.0
13/04/2008,0.0
14/04/2008,0.0
15/04/2008,0.0
16/04/2008,0.0
17/04/2008,0.0
18/04/2008,0.0
19/04/2008,0.0
20/04/2008,0.0
21/04/2008,0.0
22/04/2008,3.5
23/04/2008,7.6
24/04/2008,7.2
25/04/2008,0.2
26/04/2008,0.0
27/04/2008,0.0
28/04/2008,0.0
29/04/2008,23.5
30/04/2008,0.0
01/05/2008,0.0
02/05/2008,0.0
03/05/2008,0.0
04/05/2008,5.6
05/05/2008,34.5
06/05/2008,6.1
07/05/2008,13.3
08/05/2008,4.2
09/05/2008,12.3
10/05/2008,8.0
11/05/2008,2.0
12/05/2008,0.0
13/05/2008,0.5
14/05/2008,0.0
15/05/2008,0.0
16/05/2008,0.0
17/05/2008,0.0
18/05/2008,0.0
19/05/2008,0.4
20/05/2008,17.6
21/05/2008,0.0
22/05/2008,18.0
23/05/2008,76.0
24/05/2008,18.5
25/05/2008,1.5
26/05/2008,0.0
27/05/2008,2.0
28/05/2008,0.0
29/05/2008,8.0
30/05/2008,0.0
31/05/2008,0.0
01/06/2008,4.0
02/06/2008,0.0
03/06/2008,0.0
04/06/2008,0.0
05/06/2008,0.0
06/06/2008,0.0
07/06/2008,0.4
08/06/2008,6.3
09/06/2008,3.8
10/06/2008,69.1
11/06/2008,12.5
12/06/2008,45.8
13/06/2008,0.5
14/06/2008,0.0
15/06/2008,0.0
16/06/2008,0.0
17/06/2008,0.0
18/06/2008,0.0
19/06/2008,10.5
20/06/2008,0.0
21/06/2008,2.5
22/06/2008,9.5
23/06/2008,16.5
24/06/2008,0.0
25/06/2008,0.5
26/06/2008,88.4
27/06/2008,1.1
28/06/2008,12.0
29/06/2008,4.3
30/06/2008,1.6
01/07/2008,40.6
02/07/2008,1.5
03/07/2008,12.0
04/07/2008,0.0
05/07/2008,0.0
06/07/2008,0.0
07/07/2008,0.0
08/07/2008,0.0
09/07/2008,0.0
10/07/2008,4.0
11/07/2008,0.0
12/07/2008,0.0
13/07/2008,39.5
14/07/2008,0.0
15/07/2008,0.0
16/07/2008,0.0
17/07/2008,10.5
18/07/2008,0.5
19/07/2008,0.0
20/07/2008,0.0
21/07/2008,0.0
22/07/2008,30.5
23/07/2008,5.5
24/07/2008,9.0
25/07/2008,15.0
26/07/2008,12.5
27/07/2008,0.0
28/07/2008,1.0
29/07/2008,0.0
30/07/2008,0.0
31/07/2008,0.0
01/08/2008,0.0
02/08/2008,17.0
03/08/2008,3.8
04/08/2008,0.7
05/08/2008,23.1
06/08/2008,12.5
07/08/2008,0.5
08/08/2008,0.4
09/08/2008,5.6
10/08/2008,0.0
11/08/2008,5.0
12/08/2008,31.3
13/08/2008,0.7
14/08/2008,0.0
15/08/2008,0.0
16/08/2008,58.5
17/08/2008,0.0
18/08/2008,37.0
19/08/2008,0.0
20/08/2008,0.0
21/08/2008,5.0
22/08/2008,0.0
23/08/2008,0.0
24/08/2008,0.0
25/08/2008,0.0
26/08/2008,0.0
27/08/2008,0.0
28/08/2008,30.0
29/08/2008,12.0
30/08/2008,0.0
31/08/2008,0.0
01/09/2008,3.5
02/09/2008,0.8
03/09/2008,0.2
04/09/2008,8.7
05/09/2008,8.8
06/09/2008,34.8
07/09/2008,11.7
08/09/2008,0.5
09/09/2008,0.0
10/09/2008,0.0
11/09/2008,0.0
12/09/2008,0.0
13/09/2008,40.3
14/09/2008,4.9
15/09/2008,0.3
16/09/2008,1.5
17/09/2008,0.0
18/09/2008,0.0
19/09/2008,0.0
20/09/2008,0.0
21/09/2008,47.8
22/09/2008,0.7
23/09/2008,0.0
24/09/2008,0.0
25/09/2008,0.0
26/09/2008,52.5
27/09/2008,0.0
28/09/2008,24.5
29/09/2008,14.5
30/09/2008,0.0
01/10/2008,2.5
02/10/2008,0.0
03/10/2008,5.5
04/10/2008,42.0
05/10/2008,0.0
06/10/2008,0.0
07/10/2008,0.0
08/10/2008,0.0
09/10/2008,5.5
10/10/2008,0.0
11/10/2008,0.0
12/10/2008,0.0
13/10/2008,0.0
14/10/2008,0.0
15/10/2008,0.0
16/10/2008,0.4
17/10/2008,5.6
18/10/2008,0.5
19/10/2008,0.3
20/10/2008,1.1
21/10/2008,33.5
22/10/2008,14.2
23/10/2008,5.0
24/10/2008,17.9
25/10/2008,0.6
26/10/2008,0.9
27/10/2008,3.0
28/10/2008,0.5
29/10/2008,17.5
30/10/2008,1.5
31/10/2008,0.0
01/11/2008,0.0
02/11/2008,22.0
03/11/2008,0.0
04/11/2008,0.5
05/11/2008,1.5
06/11/2008,10.5
07/11/2008,0.0
08/11/2008,52.5
09/11/2008,3.2
10/11/2008,34.1
11/11/2008,27.8
12/11/2008,103.7
13/11/2008,52.0
14/11/2008,15.6
15/11/2008,0.0
16/11/2008,0.3
17/11/2008,10.7
18/11/2008,7.2
19/11/2008,90.3
20/11/2008,144.6
21/11/2008,30.2
22/11/2008,21.9
23/11/2008,20.9
24/11/2008,26.9
25/11/2008,26.8
26/11/2008,23.1
27/11/2008,32.4
28/11/2008,85.9
29/11/2008,137.6
30/11/2008,8.6
01/12/2008,383.2
02/12/2008,6.3
03/12/2008,21.1
04/12/2008,0.0
05/12/2008,54.7
06/12/2008,158.6
07/12/2008,17.6
08/12/2008,25.1
09/12/2008,0.0
10/12/2008,0.0
11/12/2008,12.5
12/12/2008,0.4
13/12/2008,37.8
14/12/2008,38.4
15/12/2008,5.4
16/12/2008,36.1
17/12/2008,0.5
18/12/2008,0.5
19/12/2008,6.0
20/12/2008,2.3
21/12/2008,8.7
22/12/2008,4.5
23/12/2008,2.4
24/12/2008,20.2
25/12/2008,51.7
26/12/2008,26.1
27/12/2008,18.9
28/12/2008,53.5
29/12/2008,45.7
30/12/2008,19.6
31/12/2008,69.7
01/01/2009,73.7
02/01/2009,22.1
03/01/2009,231.4
04/01/2009,39.6
05/01/2009,0.5
06/01/2009,0.0
07/01/2009,0.0
08/01/2009,9.5
09/01/2009,0.0
10/01/2009,0.8
11/01/2009,0.6
12/01/2009,1.8
13/01/2009,156.3
14/01/2009,37.5
15/01/2009,3.3
16/01/2009,14.0
17/01/2009,6.7
18/01/2009,0.0
19/01/2009,0.0
20/01/2009,0.0
21/01/2009,0.0
22/01/2009,0.0
23/01/2009,0.5
24/01/2009,34.0
25/01/2009,5.5
26/01/2009,0.0
27/01/2009,0.0
28/01/2009,0.0
29/01/2009,0.0
30/01/2009,0.0
31/01/2009,0.0
01/02/2009,0.0
02/02/2009,0.0
03/02/2009,0.5
04/02/2009,0.0
05/02/2009,0.0
06/02/2009,0.0
07/02/2009,0.0
08/02/2009,0.0
09/02/2009,0.0
10/02/2009,0.0
11/02/2009,0.0
12/02/2009,0.0
13/02/2009,0.0
14/02/2009,0.0
15/02/2009,0.0
16/02/2009,0.0
17/02/2009,0.0
18/02/2009,0.0
19/02/2009,0.0
20/02/2009,0.0
21/02/2009,3.5
22/02/2009,0.5
23/02/2009,0.0
24/02/2009,0.0
25/02/2009,1.5
26/02/2009,0.0
27/02/2009,0.4
28/02/2009,2.1
01/03/2009,22.9
02/03/2009,86.7
03/03/2009,193.4
04/03/2009,2.5
05/03/2009,23.5
06/03/2009,0.0
07/03/2009,0.0
08/03/2009,6.5
09/03/2009,0.0
10/03/2009,0.0
11/03/2009,0.0
12/03/2009,0.0
13/03/2009,0.0
14/03/2009,6.2
15/03/2009,91.0
16/03/2009,43.8
17/03/2009,0.0
18/03/2009,0.5
19/03/2009,149.4
20/03/2009,41.3
21/03/2009,4.8
22/03/2009,0.0
23/03/2009,0.0
24/03/2009,0.0
25/03/2009,0.0
26/03/2009,0.0
27/03/2009,6.5
28/03/2009,2.5
29/03/2009,0.0
30/03/2009,0.0
31/03/2009,0.4
01/04/2009,24.5
02/04/2009,80.6
03/04/2009,4.5
04/04/2009,2.0
05/04/2009,19.5
06/04/2009,0.4
07/04/2009,36.1
08/04/2009,2.3
09/04/2009,39.2
10/04/2009,0.4
11/04/2009,0.1
12/04/2009,0.0
13/04/2009,0.0
14/04/2009,5.5
15/04/2009,12.5
16/04/2009,0.0
17/04/2009,0.0
18/04/2009,1.0
19/04/2009,26.5
20/04/2009,0.0
21/04/2009,0.0
22/04/2009,0.0
23/04/2009,1.0
24/04/2009,6.5
25/04/2009,0.0
26/04/2009,0.0
27/04/2009,4.0
28/04/2009,13.5
29/04/2009,12.5
30/04/2009,0.0
01/05/2009,3.4
02/05/2009,99.6
03/05/2009,0.5
04/05/2009,0.0
05/05/2009,23.5
06/05/2009,4.5
07/05/2009,0.0
08/05/2009,4.4
09/05/2009,0.8
10/05/2009,19.8
11/05/2009,36.5
12/05/2009,0.0
13/05/2009,0.0
14/05/2009,0.0
15/05/2009,2.0
16/05/2009,0.0
17/05/2009,8.0
18/05/2009,0.0
19/05/2009,0.0
20/05/2009,24.0
21/05/2009,0.0
22/05/2009,1.8
23/05/2009,0.7
24/05/2009,0.0
25/05/2009,29.5
26/05/2009,20.0
27/05/2009,0.0
28/05/2009,4.5
29/05/2009,0.5
30/05/2009,15.5
31/05/2009,0.0
01/06/2009,0.0
02/06/2009,0.4
03/06/2009,8.1
04/06/2009,0.0
05/06/2009,0.0
06/06/2009,16.6
07/06/2009,29.9
08/06/2009,0.0
09/06/2009,0.0
10/06/2009,0.0
11/06/2009,5.5
12/06/2009,0.5
13/06/2009,0.0
14/06/2009,0.5
15/06/2009,20.0
16/06/2009,0.0
17/06/2009,0.5
18/06/2009,0.5
19/06/2009,0.0
20/06/2009,0.0
21/06/2009,0.0
22/06/2009,0.0
23/06/2009,24.6
24/06/2009,68.4
25/06/2009,0.0
26/06/2009,0.0
27/06/2009,37.0
28/06/2009,0.0
29/06/2009,0.4
30/06/2009,12.1
01/07/2009,0.0
02/07/2009,0.0
03/07/2009,0.0
04/07/2009,2.0
05/07/2009,0.0
06/07/2009,0.0
07/07/2009,1.5
08/07/2009,1.5
09/07/2009,0.0
10/07/2009,3.8
11/07/2009,10.2
12/07/2009,0.0
13/07/2009,0.0
14/07/2009,49.5
15/07/2009,0.0
16/07/2009,0.0
17/07/2009,0.0
18/07/2009,2.0
19/07/2009,0.0
20/07/2009,0.0
21/07/2009,4.6
22/07/2009,54.9
23/07/2009,5.1
24/07/2009,1.9
25/07/2009,0.0
26/07/2009,0.5
27/07/2009,0.0
28/07/2009,0.0
29/07/2009,29.5
30/07/2009,9.5
31/07/2009,0.0
01/08/2009,35.5
02/08/2009,14.0
03/08/2009,0.0
04/08/2009,0.0
05/08/2009,0.0
06/08/2009,0.0
07/08/2009,0.0
08/08/2009,0.0
09/08/2009,0.5
10/08/2009,0.5
11/08/2009,0.5
12/08/2009,0.0
13/08/2009,16.5
14/08/2009,0.0
15/08/2009,0.0
16/08/2009,0.0
17/08/2009,0.0
18/08/2009,0.0
19/08/2009,13.5
20/08/2009,0.0
21/08/2009,0.0
22/08/2009,0.0
23/08/2009,3.5
24/08/2009,18.0
25/08/2009,0.0
26/08/2009,1.0
27/08/2009,10.5
28/08/2009,30.0
29/08/2009,12.9
30/08/2009,24.6
31/08/2009,19.5
01/09/2009,0.5
02/09/2009,0.0
03/09/2009,5.5
04/09/2009,2.0
05/09/2009,12.0
06/09/2009,0.0
07/09/2009,2.5
08/09/2009,0.0
09/09/2009,0.0
10/09/2009,0.5
11/09/2009,2.5
12/09/2009,28.5
13/09/2009,38.0
14/09/2009,0.0
15/09/2009,3.0
16/09/2009,1.7
17/09/2009,9.8
18/09/2009,0.0
19/09/2009,0.0
20/09/2009,0.4
21/09/2009,27.1
22/09/2009,25.5
23/09/2009,4.0
24/09/2009,11.0
25/09/2009,0.0
26/09/2009,16.5
27/09/2009,0.0
28/09/2009,0.0
29/09/2009,0.0
30/09/2009,14.0
01/10/2009,0.0
02/10/2009,0.0
03/10/2009,48.2
04/10/2009,5.3
05/10/2009,12.5
06/10/2009,0.5
07/10/2009,20.0
08/10/2009,41.5
09/10/2009,4.0
10/10/2009,49.5
11/10/2009,1.0
12/10/2009,16.0
13/10/2009,0.0
14/10/2009,0.0
15/10/2009,0.0
16/10/2009,0.0
17/10/2009,0.0
18/10/2009,0.0
19/10/2009,0.0
20/10/2009,0.0
21/10/2009,0.0
22/10/2009,0.0
23/10/2009,0.0
24/10/2009,0.0
25/10/2009,0.0
26/10/2009,0.0
27/10/2009,0.0
28/10/2009,0.0
29/10/2009,0.0
30/10/2009,0.0
31/10/2009,0.0
01/11/2009,24.2
02/11/2009,17.8
03/11/2009,8.5
04/11/2009,102.2
05/11/2009,98.6
06/11/2009,102.1
07/11/2009,0.6
08/11/2009,1.0
09/11/2009,28.5
10/11/2009,0.0
11/11/2009,0.0
12/11/2009,0.4
13/11/2009,7.2
14/11/2009,2.9
15/11/2009,0.0
16/11/2009,0.0
17/11/2009,15.4
18/11/2009,92.5
19/11/2009,109.8
20/11/2009,100.6
21/11/2009,210.1
22/11/2009,163.6
23/11/2009,52.1
24/11/2009,72.9
25/11/2009,0.0
26/11/2009,0.0
27/11/2009,2.0
28/11/2009,0.0
29/11/2009,0.9
30/11/2009,115.4
01/12/2009,216.4
02/12/2009,139.7
03/12/2009,23.2
04/12/2009,4.0
05/12/2009,0.0
06/12/2009,0.0
07/12/2009,0.5
08/12/2009,0.3
09/12/2009,4.7
10/12/2009,0.0
11/12/2009,0.0
12/12/2009,0.0
13/12/2009,0.4
14/12/2009,7.1
15/12/2009,12.8
16/12/2009,2.6
17/12/2009,45.7
18/12/2009,12.2
19/12/2009,50.8
20/12/2009,1.5
21/12/2009,3.5
22/12/2009,6.5
23/12/2009,1.9
24/12/2009,8.0
25/12/2009,13.3
26/12/2009,4.1
27/12/2009,8.7
28/12/2009,0.0
29/12/2009,0.0
30/12/2009,0.0
31/12/2009,0.0
01/01/2010,21.5
02/01/2010,19.0
03/01/2010,4.0
04/01/2010,17.3
05/01/2010,0.7
06/01/2010,41.5
07/01/2010,9.5
08/01/2010,0.5
09/01/2010,0.0
10/01/2010,0.0
11/01/2010,0.0
12/01/2010,0.5
13/01/2010,0.4
14/01/2010,4.9
15/01/2010,0.3
16/01/2010,0.0
17/01/2010,0.0
18/01/2010,0.0
19/01/2010,0.0
20/01/2010,1.0
21/01/2010,0.0
22/01/2010,0.0
23/01/2010,1.8
24/01/2010,2.7
25/01/2010,0.4
26/01/2010,35.3
27/01/2010,14.8
28/01/2010,0.0
29/01/2010,0.0
30/01/2010,0.0
31/01/2010,0.0
01/02/2010,0.0
02/02/2010,0.0
03/02/2010,0.0
04/02/2010,0.0
05/02/2010,0.0
06/02/2010,0.0
07/02/2010,0.0
08/02/2010,0.0
09/02/2010,5.5
10/02/2010,0.0
11/02/2010,0.0
12/02/2010,0.0
13/02/2010,0.5
14/02/2010,2.5
15/02/2010,0.0
16/02/2010,3.4
17/02/2010,10.1
18/02/2010,0.0
19/02/2010,0.0
20/02/2010,0.0
21/02/2010,0.5
22/02/2010,0.0
23/02/2010,0.0
24/02/2010,0.0
25/02/2010,0.0
26/02/2010,0.0
27/02/2010,0.0
28/02/2010,0.0
01/03/2010,0.0
02/03/2010,0.0
03/03/2010,0.0
04/03/2010,0.0
05/03/2010,0.0
06/03/2010,0.0
07/03/2010,0.0
08/03/2010,1.0
09/03/2010,0.0
10/03/2010,0.3
11/03/2010,13.2
12/03/2010,20.9
13/03/2010,27.9
14/03/2010,3.8
15/03/2010,0.0
16/03/2010,0.0
17/03/2010,27.1
18/03/2010,16.8
19/03/2010,7.6
20/03/2010,0.0
21/03/2010,0.0
22/03/2010,0.0
23/03/2010,0.0
24/03/2010,0.0
25/03/2010,0.0
26/03/2010,0.0
27/03/2010,0.4
28/03/2010,10.0
29/03/2010,30.6
30/03/2010,9.4
31/03/2010,0.0
01/04/2010,1.0
02/04/2010,16.3
03/04/2010,6.7
04/04/2010,1.5
05/04/2010,0.0
06/04/2010,0.0
07/04/2010,0.0
08/04/2010,0.0
09/04/2010,0.0
10/04/2010,0.0
11/04/2010,0.0
12/04/2010,0.0
13/04/2010,0.0
14/04/2010,0.0
15/04/2010,0.0
16/04/2010,7.8
17/04/2010,9.4
18/04/2010,5.3
19/04/2010,0.0
20/04/2010,0.0
21/04/2010,0.0
22/04/2010,0.0
23/04/2010,0.0
24/04/2010,1.5
25/04/2010,43.3
26/04/2010,32.6
27/04/2010,0.5
28/04/2010,1.5
29/04/2010,0.0
30/04/2010,0.0
01/05/2010,0.0
02/05/2010,0.0
03/05/2010,0.0
04/05/2010,0.0
05/05/2010,0.0
06/05/2010,0.0
07/05/2010,0.0
08/05/2010,0.0
09/05/2010,0.0
10/05/2010,0.0
11/05/2010,0.0
12/05/2010,0.0
13/05/2010,1.5
14/05/2010,0.0
15/05/2010,0.0
16/05/2010,0.4
17/05/2010,8.6
18/05/2010,7.9
19/05/2010,35.6
20/05/2010,0.0
21/05/2010,0.0
22/05/2010,1.5
23/05/2010,0.0
24/05/2010,0.4
25/05/2010,1.6
26/05/2010,0.0
27/05/2010,0.0
28/05/2010,0.0
29/05/2010,0.0
30/05/2010,2.5
31/05/2010,0.0
01/06/2010,2.0
02/06/2010,0.0
03/06/2010,26.5
04/06/2010,6.2
05/06/2010,18.8
06/06/2010,0.0
07/06/2010,0.0
08/06/2010,3.5
09/06/2010,5.0
10/06/2010,0.0
11/06/2010,0.0
12/06/2010,0.0
13/06/2010,0.0
14/06/2010,1.5
15/06/2010,0.0
16/06/2010,4.4
17/06/2010,8.7
18/06/2010,46.9
19/06/2010,0.0
20/06/2010,0.0
21/06/2010,0.0
22/06/2010,5.0
23/06/2010,21.0
24/06/2010,0.4
25/06/2010,4.1
26/06/2010,0.5
27/06/2010,0.0
28/06/2010,24.0
29/06/2010,48.0
30/06/2010,0.5
01/07/2010,18.7
02/07/2010,1.3
03/07/2010,27.5
04/07/2010,0.6
05/07/2010,0.0
06/07/2010,0.0
07/07/2010,34.5
08/07/2010,0.0
09/07/2010,0.5
10/07/2010,0.0
11/07/2010,2.2
12/07/2010,0.3
13/07/2010,0.0
14/07/2010,4.5
15/07/2010,3.7
16/07/2010,15.8
17/07/2010,4.0
18/07/2010,13.9
19/07/2010,23.1
20/07/2010,0.0
21/07/2010,0.0
22/07/2010,21.3
23/07/2010,5.2
24/07/2010,0.5
25/07/2010,3.5
26/07/2010,0.0
27/07/2010,0.4
28/07/2010,3.1
29/07/2010,2.0
30/07/2010,7.5
31/07/2010,4.0
01/08/2010,2.3
02/08/2010,1.7
03/08/2010,30.5
04/08/2010,25.9
05/08/2010,3.1
06/08/2010,0.0
07/08/2010,10.0
08/08/2010,0.0
09/08/2010,0.0
10/08/2010,0.0
11/08/2010,10.0
12/08/2010,0.0
13/08/2010,0.0
14/08/2010,0.4
15/08/2010,2.6
16/08/2010,0.0
17/08/2010,0.0
18/08/2010,2.1
19/08/2010,27.4
20/08/2010,0.0
21/08/2010,0.0
22/08/2010,1.0
23/08/2010,0.0
24/08/2010,0.0
25/08/2010,6.5
26/08/2010,32.9
27/08/2010,7.6
28/08/2010,0.0
29/08/2010,40.5
30/08/2010,0.5
31/08/2010,18.0
01/09/2010,0.0
02/09/2010,21.0
03/09/2010,39.3
04/09/2010,5.2
05/09/2010,0.0
06/09/2010,34.8
07/09/2010,0.7
08/09/2010,23.5
09/09/2010,9.0
10/09/2010,0.5
11/09/2010,0.8
12/09/2010,0.7
13/09/2010,0.4
14/09/2010,26.6
15/09/2010,8.0
16/09/2010,0.5
17/09/2010,66.1
18/09/2010,1.9
19/09/2010,0.0
20/09/2010,1.0
21/09/2010,0.0
22/09/2010,0.4
23/09/2010,7.1
24/09/2010,5.5
25/09/2010,0.0
26/09/2010,0.0
27/09/2010,3.7
28/09/2010,0.8
29/09/2010,1.0
30/09/2010,5.5
01/10/2010,5.5
02/10/2010,14.6
03/10/2010,0.4
04/10/2010,0.5
05/10/2010,2.5
06/10/2010,18.8
07/10/2010,6.7
08/10/2010,0.0
09/10/2010,0.0
10/10/2010,0.0
11/10/2010,1.0
12/10/2010,0.0
13/10/2010,14.0
14/10/2010,0.0
15/10/2010,0.5
16/10/2010,0.0
17/10/2010,1.5
18/10/2010,2.8
19/10/2010,0.1
20/10/2010,0.0
21/10/2010,0.0
22/10/2010,0.0
23/10/2010,0.0
24/10/2010,0.0
25/10/2010,58.0
26/10/2010,0.4
27/10/2010,1.6
28/10/2010,13.7
29/10/2010,5.7
30/10/2010,18.9
31/10/2010,202.0
01/11/2010,68.0
02/11/2010,6.0
03/11/2010,4.3
04/11/2010,60.1
05/11/2010,35.3
06/11/2010,7.0
07/11/2010,3.4
08/11/2010,4.7
09/11/2010,10.4
10/11/2010,16.0
11/11/2010,13.7
12/11/2010,1.8
13/11/2010,0.0
14/11/2010,9.5
15/11/2010,2.5
16/11/2010,13.0
17/11/2010,0.5
18/11/2010,0.0
19/11/2010,25.9
20/11/2010,7.1
21/11/2010,0.5
22/11/2010,0.5
23/11/2010,1.5
24/11/2010,18.0
25/11/2010,2.0
26/11/2010,0.4
27/11/2010,42.3
28/11/2010,15.7
29/11/2010,29.0
30/11/2010,9.1
01/12/2010,43.5
02/12/2010,11.8
03/12/2010,17.0
04/12/2010,54.6
05/12/2010,21.6
06/12/2010,0.4
07/12/2010,23.0
08/12/2010,3.1
09/12/2010,0.0
10/12/2010,31.0
11/12/2010,0.5
12/12/2010,0.0
13/12/2010,2.0
14/12/2010,0.0
15/12/2010,0.0
16/12/2010,0.5
17/12/2010,72.2
18/12/2010,65.5
19/12/2010,5.2
20/12/2010,45.9
21/12/2010,34.7
22/12/2010,0.9
23/12/2010,28.1
24/12/2010,0.5
25/12/2010,0.0
26/12/2010,0.4
27/12/2010,22.0
28/12/2010,53.8
29/12/2010,53.5
30/12/2010,93.1
31/12/2010,9.8
01/01/2011,44.6
02/01/2011,30.0
03/01/2011,2.7
04/01/2011,39.8
05/01/2011,114.4
06/01/2011,248.1
07/01/2011,134.9
08/01/2011,17.1
09/01/2011,0.7
10/01/2011,5.0
11/01/2011,0.0
12/01/2011,1.0
13/01/2011,0.0
14/01/2011,0.0
15/01/2011,0.0
16/01/2011,0.0
17/01/2011,5.5
18/01/2011,0.0
19/01/2011,0.0
20/01/2011,0.0
21/01/2011,0.0
22/01/2011,0.0
23/01/2011,0.4
24/01/2011,5.6
25/01/2011,13.2
26/01/2011,3.2
27/01/2011,4.8
28/01/2011,8.8
29/01/2011,7.6
30/01/2011,15.5
31/01/2011,14.7
01/02/2011,6.1
02/02/2011,2.2
03/02/2011,0.0
04/02/2011,0.0
05/02/2011,0.0
06/02/2011,1.0
07/02/2011,0.0
08/02/2011,0.0
09/02/2011,0.0
10/02/2011,0.0
11/02/2011,0.0
12/02/2011,0.0
13/02/2011,0.0
14/02/2011,0.0
15/02/2011,13.1
16/02/2011,1.9
17/02/2011,0.0
18/02/2011,0.0
19/02/2011,0.0
20/02/2011,0.0
21/02/2011,0.8
22/02/2011,26.4
23/02/2011,0.8
24/02/2011,0.4
25/02/2011,1.6
26/02/2011,0.0
27/02/2011,0.0
28/02/2011,0.0
01/03/2011,0.0
02/03/2011,0.0
03/03/2011,0.0
04/03/2011,0.0
05/03/2011,0.4
06/03/2011,0.6
07/03/2011,9.5
08/03/2011,24.9
09/03/2011,155.5
10/03/2011,6.1
11/03/2011,16.1
12/03/2011,47.8
13/03/2011,17.5
14/03/2011,5.0
15/03/2011,2.4
16/03/2011,8.6
17/03/2011,0.0
18/03/2011,0.5
19/03/2011,30.6
20/03/2011,61.3
21/03/2011,3.5
22/03/2011,0.6
23/03/2011,26.3
24/03/2011,8.6
25/03/2011,12.1
26/03/2011,34.5
27/03/2011,24.0
28/03/2011,6.1
29/03/2011,45.9
30/03/2011,100.8
31/03/2011,0.7
01/04/2011,0.4
02/04/2011,4.6
03/04/2011,0.0
04/04/2011,0.0
05/04/2011,0.0
06/04/2011,1.0
07/04/2011,0.0
08/04/2011,0.0
09/04/2011,39.9
10/04/2011,15.0
11/04/2011,1.6
12/04/2011,0.0
13/04/2011,0.4
14/04/2011,10.6
15/04/2011,0.0
16/04/2011,0.0
17/04/2011,0.0
18/04/2011,2.0
19/04/2011,0.0
20/04/2011,0.0
21/04/2011,0.0
22/04/2011,0.0
23/04/2011,0.0
24/04/2011,0.0
25/04/2011,0.0
26/04/2011,0.0
27/04/2011,0.0
28/04/2011,0.0
29/04/2011,0.0
30/04/2011,0.0
01/05/2011,1.0
02/05/2011,0.0
03/05/2011,0.0
04/05/2011,1.0
05/05/2011,5.0
06/05/2011,1.0
07/05/2011,0.0
08/05/2011,1.0
09/05/2011,37.5
10/05/2011,3.0
11/05/2011,4.0
12/05/2011,0.0
13/05/2011,0.0
14/05/2011,10.5
15/05/2011,0.0
16/05/2011,0.0
17/05/2011,0.0
18/05/2011,2.5
19/05/2011,0.0
20/05/2011,8.5
21/05/2011,0.5
22/05/2011,16.8
23/05/2011,6.9
24/05/2011,1.4
25/05/2011,2.5
26/05/2011,0.5
27/05/2011,15.5
28/05/2011,0.0
29/05/2011,0.0
30/05/2011,0.0
31/05/2011,0.0
01/06/2011,0.0
02/06/2011,0.0
03/06/2011,0.0
04/06/2011,0.0
05/06/2011,10.0
06/06/2011,10.0
07/06/2011,34.2
08/06/2011,0.8
09/06/2011,0.5
10/06/2011,26.5
11/06/2011,0.0
12/06/2011,0.0
13/06/2011,9.0
14/06/2011,0.0
15/06/2011,10.0
16/06/2011,0.0
17/06/2011,0.0
18/06/2011,9.5
19/06/2011,0.0
20/06/2011,0.0
21/06/2011,34.4
22/06/2011,26.6
23/06/2011,0.5
24/06/2011,0.0
25/06/2011,1.3
26/06/2011,0.2
27/06/2011,19.5
28/06/2011,0.0
29/06/2011,0.5
30/06/2011,0.0
01/07/2011,5.5
02/07/2011,34.3
03/07/2011,4.7
04/07/2011,14.2
05/07/2011,0.3
06/07/2011,0.0
07/07/2011,17.2
08/07/2011,9.8
09/07/2011,0.0
10/07/2011,0.0
11/07/2011,0.0
12/07/2011,4.5
13/07/2011,2.0
14/07/2011,3.7
15/07/2011,25.9
16/07/2011,14.9
17/07/2011,39.5
18/07/2011,0.0
19/07/2011,0.0
20/07/2011,0.0
21/07/2011,2.5
22/07/2011,5.5
23/07/2011,19.5
24/07/2011,8.0
25/07/2011,13.0
26/07/2011,15.2
27/07/2011,0.3
28/07/2011,0.0
29/07/2011,0.0
30/07/2011,0.0
31/07/2011,0.0
01/08/2011,0.0
02/08/2011,0.0
03/08/2011,2.5
04/08/2011,2.0
05/08/2011,0.0
06/08/2011,0.0
07/08/2011,18.0
08/08/2011,0.0
09/08/2011,0.0
10/08/2011,6.0
11/08/2011,0.3
12/08/2011,5.2
13/08/2011,0.0
14/08/2011,0.0
15/08/2011,12.0
16/08/2011,0.5
17/08/2011,0.0
18/08/2011,5.0
19/08/2011,5.5
20/08/2011,0.0
21/08/2011,0.0
22/08/2011,0.5
23/08/2011,2.0
24/08/2011,37.5
25/08/2011,32.6
26/08/2011,1.4
27/08/2011,6.5
28/08/2011,22.3
29/08/2011,0.7
30/08/2011,0.0
31/08/2011,40.5
01/09/2011,0.0
02/09/2011,0.0
03/09/2011,0.0
04/09/2011,13.5
05/09/2011,0.5
06/09/2011,1.5
07/09/2011,0.0
08/09/2011,45.0
09/09/2011,11.5
10/09/2011,1.5
11/09/2011,0.0
12/09/2011,0.0
13/09/2011,0.0
14/09/2011,9.3
15/09/2011,23.2
16/09/2011,0.0
17/09/2011,0.0
18/09/2011,59.5
19/09/2011,32.5
20/09/2011,20.9
21/09/2011,3.6
22/09/2011,31.0
23/09/2011,0.0
24/09/2011,0.0
25/09/2011,7.5
26/09/2011,15.5
27/09/2011,6.5
28/09/2011,10.0
29/09/2011,2.0
30/09/2011,0.5
01/10/2011,5.0
02/10/2011,13.5
03/10/2011,25.6
04/10/2011,16.9
05/10/2011,31.0
06/10/2011,0.0
07/10/2011,0.5
08/10/2011,31.0
09/10/2011,0.0
10/10/2011,19.5
11/10/2011,6.5
12/10/2011,0.5
13/10/2011,0.0
14/10/2011,0.0
15/10/2011,0.0
16/10/2011,0.0
17/10/2011,0.3
18/10/2011,12.0
19/10/2011,4.7
20/10/2011,38.5
21/10/2011,4.0
22/10/2011,4.5
23/10/2011,0.8
24/10/2011,5.1
25/10/2011,0.2
26/10/2011,8.3
27/10/2011,17.2
28/10/2011,6.8
29/10/2011,23.6
30/10/2011,26.2
31/10/2011,31.0
01/11/2011,11.9
02/11/2011,1.5
03/11/2011,14.0
04/11/2011,0.0
05/11/2011,17.0
06/11/2011,0.0
07/11/2011,19.3
08/11/2011,13.2
09/11/2011,1.5
10/11/2011,0.0
11/11/2011,0.0
12/11/2011,23.0
13/11/2011,5.9
14/11/2011,41.6
15/11/2011,29.2
16/11/2011,3.3
17/11/2011,0.0
18/11/2011,0.0
19/11/2011,4.3
20/11/2011,72.9
21/11/2011,121.3
22/11/2011,133.0
23/11/2011,221.6
24/11/2011,42.5
25/11/2011,8.7
26/11/2011,13.6
27/11/2011,28.7
28/11/2011,5.8
29/11/2011,30.1
30/11/2011,1.0
01/12/2011,0.5
02/12/2011,0.5
03/12/2011,0.0
04/12/2011,125.6
05/12/2011,0.9
06/12/2011,0.0
07/12/2011,0.0
08/12/2011,0.0
09/12/2011,10.6
10/12/2011,17.8
11/12/2011,61.6
12/12/2011,21.5
13/12/2011,0.0
14/12/2011,1.5
15/12/2011,63.7
16/12/2011,36.1
17/12/2011,6.2
18/12/2011,39.2
19/12/2011,39.8
20/12/2011,2.0
21/12/2011,32.6
22/12/2011,11.1
23/12/2011,15.3
24/12/2011,6.8
25/12/2011,9.3
26/12/2011,2.3
27/12/2011,13.6
28/12/2011,26.9
29/12/2011,1.4
30/12/2011,36.4
31/12/2011,138.5
01/01/2012,219.3
02/01/2012,46.8
03/01/2012,25.1
04/01/2012,0.3
05/01/2012,2.7
06/01/2012,0.0
07/01/2012,1.5
08/01/2012,3.5
09/01/2012,6.2
10/01/2012,10.5
11/01/2012,13.3
12/01/2012,16.2
13/01/2012,22.8
14/01/2012,87.7
15/01/2012,3.3
16/01/2012,37.4
17/01/2012,2.6
18/01/2012,0.4
19/01/2012,64.6
20/01/2012,119.5
21/01/2012,0.0
22/01/2012,0.0
23/01/2012,0.0
24/01/2012,0.0
25/01/2012,0.0
26/01/2012,0.0
27/01/2012,29.9
28/01/2012,9.2
29/01/2012,38.9
30/01/2012,1.3
31/01/2012,16.7
01/02/2012,13.7
02/02/2012,5.9
03/02/2012,2.7
04/02/2012,1.5
05/02/2012,1.0
06/02/2012,1.1
07/02/2012,0.0
08/02/2012,0.0
09/02/2012,0.0
10/02/2012,3.8
11/02/2012,8.2
12/02/2012,3.9
13/02/2012,2.1
14/02/2012,0.0
15/02/2012,0.0
16/02/2012,0.0
17/02/2012,0.0
18/02/2012,4.5
19/02/2012,0.0
20/02/2012,0.0
21/02/2012,0.0
22/02/2012,0.0
23/02/2012,0.5
24/02/2012,0.5
25/02/2012,1.0
26/02/2012,0.0
27/02/2012,24.5
28/02/2012,7.6
29/02/2012,0.9
01/03/2012,10.0
02/03/2012,62.9
03/03/2012,72.6
04/03/2012,46.5
05/03/2012,1.0
06/03/2012,0.0
07/03/2012,0.0
08/03/2012,3.5
09/03/2012,0.4
10/03/2012,0.5
11/03/2012,7.1
12/03/2012,79.0
13/03/2012,1.5
14/03/2012,0.9
15/03/2012,0.1
16/03/2012,0.0
17/03/2012,0.0
18/03/2012,0.0
19/03/2012,0.0
20/03/2012,0.0
21/03/2012,0.0
22/03/2012,0.0
23/03/2012,4.0
24/03/2012,0.0
25/03/2012,0.0
26/03/2012,0.0
27/03/2012,0.5
28/03/2012,0.0
29/03/2012,0.0
30/03/2012,0.0
31/03/2012,0.4
01/04/2012,3.1
02/04/2012,51.0
03/04/2012,1.0
04/04/2012,1.0
05/04/2012,0.8
06/04/2012,21.7
07/04/2012,0.0
08/04/2012,9.6
09/04/2012,11.8
10/04/2012,3.0
11/04/2012,0.5
12/04/2012,0.0
13/04/2012,0.0
14/04/2012,0.0
15/04/2012,0.0
16/04/2012,0.0
17/04/2012,0.0
18/04/2012,0.0
19/04/2012,0.0
20/04/2012,0.0
21/04/2012,0.5
22/04/2012,0.0
23/04/2012,0.0
24/04/2012,0.0
25/04/2012,0.0
26/04/2012,0.0
27/04/2012,0.0
28/04/2012,0.0
29/04/2012,28.5
30/04/2012,0.0
01/05/2012,0.0
02/05/2012,10.0
03/05/2012,0.0
04/05/2012,29.5
05/05/2012,0.5
06/05/2012,18.4
07/05/2012,0.1
08/05/2012,2.0
09/05/2012,0.0
10/05/2012,0.0
11/05/2012,0.0
12/05/2012,1.5
13/05/2012,0.0
14/05/2012,0.0
15/05/2012,0.0
16/05/2012,0.0
17/05/2012,18.5
18/05/2012,0.5
19/05/2012,0.0
20/05/2012,0.0
21/05/2012,37.0
22/05/2012,2.5
23/05/2012,0.0
24/05/2012,0.0
25/05/2012,8.5
26/05/2012,0.5
27/05/2012,33.2
28/05/2012,22.8
29/05/2012,0.5
30/05/2012,32.5
31/05/2012,16.0
01/06/2012,4.5
02/06/2012,31.0
03/06/2012,6.0
04/06/2012,2.0
05/06/2012,0.0
06/06/2012,0.0
07/06/2012,1.0
08/06/2012,0.5
09/06/2012,4.0
10/06/2012,5.2
11/06/2012,0.8
12/06/2012,0.0
13/06/2012,0.0
14/06/2012,0.0
15/06/2012,0.0
16/06/2012,0.0
17/06/2012,1.0
18/06/2012,0.0
19/06/2012,6.2
20/06/2012,0.3
21/06/2012,15.5
22/06/2012,0.0
23/06/2012,32.0
24/06/2012,0.0
25/06/2012,0.0
26/06/2012,2.5
27/06/2012,2.7
28/06/2012,0.3
29/06/2012,0.0
30/06/2012,0.0
01/07/2012,0.0
02/07/2012,0.0
03/07/2012,4.5
04/07/2012,3.0
05/07/2012,21.0
06/07/2012,0.9
07/07/2012,16.6
08/07/2012,0.4
09/07/2012,1.6
10/07/2012,0.0
11/07/2012,0.0
12/07/2012,0.0
13/07/2012,0.5
14/07/2012,6.0
15/07/2012,1.0
16/07/2012,0.0
17/07/2012,10.3
18/07/2012,4.7
19/07/2012,0.5
20/07/2012,0.0
21/07/2012,6.0
22/07/2012,0.0
23/07/2012,0.0
24/07/2012,8.0
25/07/2012,0.0
26/07/2012,0.0
27/07/2012,0.0
28/07/2012,0.0
29/07/2012,0.0
30/07/2012,0.0
31/07/2012,0.0
01/08/2012,4.7
02/08/2012,0.3
03/08/2012,0.0
04/08/2012,0.5
05/08/2012,2.5
06/08/2012,3.5
07/08/2012,0.0
08/08/2012,0.5
09/08/2012,7.0
10/08/2012,0.0
11/08/2012,11.7
12/08/2012,34.9
13/08/2012,2.9
14/08/2012,31.0
15/08/2012,10.5
16/08/2012,0.0
17/08/2012,32.5
18/08/2012,0.4
19/08/2012,15.6
20/08/2012,0.0
21/08/2012,0.0
22/08/2012,0.0
23/08/2012,0.0
24/08/2012,17.5
25/08/2012,13.5
26/08/2012,4.5
27/08/2012,0.5
28/08/2012,0.0
29/08/2012,0.0
30/08/2012,0.0
31/08/2012,1.5
01/09/2012,6.5
02/09/2012,0.5
03/09/2012,0.0
04/09/2012,12.1
05/09/2012,10.9
06/09/2012,0.5
07/09/2012,0.0
08/09/2012,7.5
09/09/2012,0.0
10/09/2012,0.0
11/09/2012,13.0
12/09/2012,35.5
13/09/2012,0.5
14/09/2012,18.7
15/09/2012,0.3
16/09/2012,0.0
17/09/2012,0.0
18/09/2012,0.5
19/09/2012,14.5
20/09/2012,0.0
21/09/2012,0.0
22/09/2012,0.0
23/09/2012,0.0
24/09/2012,18.0
25/09/2012,5.0
26/09/2012,2.5
27/09/2012,0.5
28/09/2012,0.0
29/09/2012,0.0
30/09/2012,0.0
01/10/2012,0.0
02/10/2012,0.0
03/10/2012,0.0
04/10/2012,2.0
05/10/2012,0.0
06/10/2012,8.0
07/10/2012,32.5
08/10/2012,21.3
09/10/2012,1.2
10/10/2012,16.0
11/10/2012,0.0
12/10/2012,0.0
13/10/2012,0.5
14/10/2012,0.0
15/10/2012,0.0
16/10/2012,2.5
17/10/2012,0.4
18/10/2012,71.5
19/10/2012,36.7
20/10/2012,0.4
21/10/2012,33.8
22/10/2012,72.3
23/10/2012,0.0
24/10/2012,92.5
25/10/2012,0.0
26/10/2012,0.0
27/10/2012,0.0
28/10/2012,0.0
29/10/2012,0.0
30/10/2012,0.4
31/10/2012,11.1
01/11/2012,5.0
02/11/2012,0.9
03/11/2012,3.5
04/11/2012,12.5
05/11/2012,40.1
06/11/2012,0.3
07/11/2012,16.2
08/11/2012,7.4
09/11/2012,5.6
10/11/2012,24.3
11/11/2012,1.6
12/11/2012,4.1
13/11/2012,14.0
14/11/2012,0.0
15/11/2012,0.0
16/11/2012,0.0
17/11/2012,0.0
18/11/2012,0.0
19/11/2012,5.5
20/11/2012,0.0
21/11/2012,0.5
22/11/2012,0.0
23/11/2012,0.4
24/11/2012,11.1
25/11/2012,0.0
26/11/2012,0.0
27/11/2012,3.0
28/11/2012,0.0
29/11/2012,0.8
30/11/2012,1.5
01/12/2012,0.2
02/12/2012,0.0
03/12/2012,0.0
04/12/2012,3.0
05/12/2012,1.8
06/12/2012,2.7
07/12/2012,26.0
08/12/2012,0.0
09/12/2012,3.5
10/12/2012,0.0
11/12/2012,6.1
12/12/2012,0.9
13/12/2012,52.8
14/12/2012,16.1
15/12/2012,55.4
16/12/2012,102.9
17/12/2012,17.6
18/12/2012,72.3
19/12/2012,56.0
20/12/2012,73.3
21/12/2012,82.4
22/12/2012,128.2
23/12/2012,232.6
24/12/2012,322.3
25/12/2012,12.7
26/12/2012,49.0
27/12/2012,1.3
28/12/2012,4.0
29/12/2012,9.6
30/12/2012,39.9
31/12/2012,412.4
01/01/2013,29.1
02/01/2013,112.1
03/01/2013,183.5
04/01/2013,32.4
05/01/2013,0.0
06/01/2013,0.0
07/01/2013,0.4
08/01/2013,1.6
09/01/2013,43.0
10/01/2013,0.0
11/01/2013,0.0
12/01/2013,0.0
13/01/2013,0.0
14/01/2013,0.0
15/01/2013,1.1
16/01/2013,0.4
17/01/2013,1.6
18/01/2013,25.8
19/01/2013,7.6
20/01/2013,5.9
21/01/2013,60.3
22/01/2013,52.7
23/01/2013,5.3
24/01/2013,0.4
25/01/2013,0.0
26/01/2013,0.0
27/01/2013,0.0
28/01/2013,0.0
29/01/2013,0.0
30/01/2013,0.0
31/01/2013,0.4
01/02/2013,14.1
02/02/2013,10.5
03/02/2013,2.4
04/02/2013,8.3
05/02/2013,0.3
06/02/2013,0.0
07/02/2013,0.0
08/02/2013,0.0
09/02/2013,0.0
10/02/2013,0.0
11/02/2013,35.5
12/02/2013,108.5
13/02/2013,0.7
14/02/2013,1.2
15/02/2013,117.2
16/02/2013,20.8
17/02/2013,12.8
18/02/2013,18.6
19/02/2013,0.1
20/02/2013,0.0
21/02/2013,0.0
22/02/2013,9.2
23/02/2013,20.6
24/02/2013,216.3
25/02/2013,269.4
26/02/2013,243.0
27/02/2013,14.6
28/02/2013,2.4
01/03/2013,17.5
02/03/2013,0.4
03/03/2013,7.6
04/03/2013,0.3
05/03/2013,0.6
06/03/2013,11.8
07/03/2013,19.3
08/03/2013,1.5
09/03/2013,0.0
10/03/2013,0.0
11/03/2013,0.0
12/03/2013,0.0
13/03/2013,0.0
14/03/2013,0.0
15/03/2013,0.5
16/03/2013,9.0
17/03/2013,0.0
18/03/2013,0.0
19/03/2013,0.0
20/03/2013,0.0
21/03/2013,0.0
22/03/2013,0.0
23/03/2013,0.0
24/03/2013,0.0
25/03/2013,0.0
26/03/2013,0.0
27/03/2013,0.0
28/03/2013,0.0
29/03/2013,0.0
30/03/2013,0.0
31/03/2013,0.0
01/04/2013,0.0
02/04/2013,0.0
03/04/2013,1.5
04/04/2013,0.0
05/04/2013,0.0
06/04/2013,0.0
07/04/2013,0.0
08/04/2013,0.0
09/04/2013,0.5
10/04/2013,1.5
11/04/2013,14.0
12/04/2013,1.0
13/04/2013,1.0
14/04/2013,34.0
15/04/2013,19.4
16/04/2013,11.6
17/04/2013,17.5
18/04/2013,0.0
19/04/2013,0.0
20/04/2013,0.0
21/04/2013,0.0
22/04/2013,0.0
23/04/2013,0.0
24/04/2013,0.0
25/04/2013,0.0
26/04/2013,28.0
27/04/2013,3.0
28/04/2013,0.0
29/04/2013,0.0
30/04/2013,0.0
01/05/2013,4.0
02/05/2013,0.0
03/05/2013,0.5
04/05/2013,0.0
05/05/2013,7.8
06/05/2013,6.3
07/05/2013,1.9
08/05/2013,0.0
09/05/2013,1.0
10/05/2013,25.0
11/05/2013,0.0
12/05/2013,0.5
13/05/2013,0.5
14/05/2013,45.5
15/05/2013,0.0
16/05/2013,0.0
17/05/2013,8.5
18/05/2013,0.5
19/05/2013,11.0
20/05/2013,11.5
21/05/2013,0.0
22/05/2013,0.0
23/05/2013,4.0
24/05/2013,4.5
25/05/2013,5.5
26/05/2013,35.5
27/05/2013,0.0
28/05/2013,0.0
29/05/2013,0.4
30/05/2013,42.4
31/05/2013,0.3
01/06/2013,2.5
02/06/2013,4.5
03/06/2013,0.4
04/06/2013,29.6
05/06/2013,0.5
06/06/2013,3.0
07/06/2013,0.0
08/06/2013,0.0
09/06/2013,0.0
10/06/2013,0.0
11/06/2013,15.4
12/06/2013,3.6
13/06/2013,24.0
14/06/2013,0.0
15/06/2013,0.0
16/06/2013,0.0
17/06/2013,0.0
18/06/2013,0.0
19/06/2013,0.0
20/06/2013,0.0
21/06/2013,0.0
22/06/2013,0.0
23/06/2013,0.0
24/06/2013,17.0
25/06/2013,0.0
26/06/2013,3.5
27/06/2013,0.0
28/06/2013,0.0
29/06/2013,0.0
30/06/2013,0.0
01/07/2013,17.9
02/07/2013,55.1
03/07/2013,0.0
04/07/2013,17.0
05/07/2013,0.0
06/07/2013,0.0
07/07/2013,0.0
08/07/2013,29.5
09/07/2013,35.5
10/07/2013,14.1
11/07/2013,0.9
12/07/2013,0.0
13/07/2013,0.5
14/07/2013,0.0
15/07/2013,0.0
16/07/2013,28.0
17/07/2013,11.0
18/07/2013,0.0
19/07/2013,0.0
20/07/2013,0.0
21/07/2013,0.0
22/07/2013,1.5
23/07/2013,0.0
24/07/2013,0.0
25/07/2013,11.0
26/07/2013,0.0
27/07/2013,0.0
28/07/2013,0.0
29/07/2013,0.0
30/07/2013,90.0
31/07/2013,1.4
01/08/2013,32.0
02/08/2013,25.0
03/08/2013,4.0
04/08/2013,71.1
05/08/2013,0.9
06/08/2013,28.0
07/08/2013,0.0
08/08/2013,22.6
09/08/2013,5.4
10/08/2013,0.0
11/08/2013,0.0
12/08/2013,24.1
13/08/2013,11.9
14/08/2013,0.0
15/08/2013,14.0
16/08/2013,0.0
17/08/2013,0.0
18/08/2013,0.0
19/08/2013,0.0
20/08/2013,0.0
21/08/2013,4.3
22/08/2013,39.0
23/08/2013,5.1
24/08/2013,0.4
25/08/2013,4.1
26/08/2013,0.0
27/08/2013,0.0
28/08/2013,25.0
29/08/2013,7.5
30/08/2013,0.0
31/08/2013,0.0
01/09/2013,0.0
02/09/2013,0.0
03/09/2013,0.0
04/09/2013,0.0
05/09/2013,0.0
06/09/2013,17.3
07/09/2013,21.2
08/09/2013,1.5
09/09/2013,4.0
10/09/2013,0.0
11/09/2013,2.5
12/09/2013,21.9
13/09/2013,25.1
14/09/2013,0.5
15/09/2013,0.0
16/09/2013,0.0
17/09/2013,14.0
18/09/2013,0.0
19/09/2013,0.0
20/09/2013,14.4
21/09/2013,0.6
22/09/2013,0.0
23/09/2013,0.0
24/09/2013,0.0
25/09/2013,0.0
26/09/2013,0.0
27/09/2013,0.0
28/09/2013,2.4
29/09/2013,0.1
30/09/2013,0.0
01/10/2013,7.5
02/10/2013,1.0
03/10/2013,32.0
04/10/2013,2.0
05/10/2013,0.0
06/10/2013,0.0
07/10/2013,52.0
08/10/2013,1.0
09/10/2013,0.0
10/10/2013,0.0
11/10/2013,0.0
12/10/2013,24.0
13/10/2013,5.5
14/10/2013,27.5
15/10/2013,23.0
16/10/2013,0.5
17/10/2013,12.8
18/10/2013,23.2
19/10/2013,15.3
20/10/2013,26.0
21/10/2013,4.5
22/10/2013,14.3
23/10/2013,2.9
24/10/2013,0.5
25/10/2013,80.3
26/10/2013,1.2
27/10/2013,10.5
28/10/2013,0.0
29/10/2013,0.0
30/10/2013,0.0
31/10/2013,0.9
01/11/2013,52.1
02/11/2013,0.4
03/11/2013,21.1
04/11/2013,9.6
05/11/2013,45.2
06/11/2013,43.2
07/11/2013,0.0
08/11/2013,0.0
09/11/2013,0.4
10/11/2013,3.1
11/11/2013,1.9
12/11/2013,0.1
13/11/2013,0.0
14/11/2013,0.0
15/11/2013,0.7
16/11/2013,15.3
17/11/2013,10.0
18/11/2013,22.1
19/11/2013,95.9
20/11/2013,121.4
21/11/2013,27.5
22/11/2013,3.2
23/11/2013,9.0
24/11/2013,1.0
25/11/2013,0.4
26/11/2013,3.6
27/11/2013,17.7
28/11/2013,80.3
29/11/2013,42.8
30/11/2013,41.5
01/12/2013,1.6
02/12/2013,56.2
03/12/2013,110.4
04/12/2013,182.0
05/12/2013,66.3
06/12/2013,3.7
07/12/2013,1.0
08/12/2013,0.5
09/12/2013,44.9
10/12/2013,153.1
11/12/2013,1.1
12/12/2013,61.9
13/12/2013,0.4
14/12/2013,51.5
15/12/2013,3.1
16/12/2013,3.0
17/12/2013,1.5
18/12/2013,2.5
19/12/2013,106.8
20/12/2013,0.7
21/12/2013,0.0
22/12/2013,0.0
23/12/2013,0.0
24/12/2013,0.0
25/12/2013,0.0
26/12/2013,2.0
27/12/2013,15.0
28/12/2013,56.4
29/12/2013,44.3
30/12/2013,8.8
31/12/2013,7.8
01/01/2014,18.5
02/01/2014,21.1
03/01/2014,55.1
04/01/2014,0.5
05/01/2014,10.8
06/01/2014,3.3
07/01/2014,0.0
08/01/2014,2.0
09/01/2014,31.7
10/01/2014,8.3
11/01/2014,50.3
12/01/2014,31.3
13/01/2014,0.4
14/01/2014,0.0
15/01/2014,0.0
16/01/2014,0.0
17/01/2014,2.1
18/01/2014,0.9
19/01/2014,0.0
20/01/2014,0.0
21/01/2014,0.4
22/01/2014,2.5
23/01/2014,8.5
24/01/2014,0.0
25/01/2014,0.0
26/01/2014,0.0
27/01/2014,0.0
28/01/2014,8.5
29/01/2014,0.0
30/01/2014,0.0
31/01/2014,0.0
01/02/2014,0.0
02/02/2014,0.0
03/02/2014,0.0
04/02/2014,0.0
05/02/2014,0.0
06/02/2014,0.0
07/02/2014,0.0
08/02/2014,0.0
09/02/2014,0.0
10/02/2014,0.0
11/02/2014,0.0
12/02/2014,0.0
13/02/2014,0.0
14/02/2014,0.0
15/02/2014,0.0
16/02/2014,0.0
17/02/2014,0.0
18/02/2014,0.0
19/02/2014,0.0
20/02/2014,0.4
21/02/2014,6.6
22/02/2014,0.0
23/02/2014,0.0
24/02/2014,0.0
25/02/2014,0.0
26/02/2014,0.0
27/02/2014,0.0
28/02/2014,0.0
01/03/2014,0.0
02/03/2014,0.0
03/03/2014,0.0
04/03/2014,0.0
05/03/2014,0.0
06/03/2014,0.0
07/03/2014,0.0
08/03/2014,0.0
09/03/2014,0.0
10/03/2014,0.0
11/03/2014,0.0
12/03/2014,0.0
13/03/2014,0.0
14/03/2014,0.4
15/03/2014,21.5
16/03/2014,5.6
17/03/2014,10.5
18/03/2014,0.0
19/03/2014,0.0
20/03/2014,0.0
21/03/2014,0.0
22/03/2014,0.0
23/03/2014,18.8
24/03/2014,2.7
25/03/2014,0.0
26/03/2014,0.0
27/03/2014,0.0
28/03/2014,0.0
29/03/2014,0.0
30/03/2014,0.0
31/03/2014,0.0
01/04/2014,0.0
02/04/2014,0.0
03/04/2014,1.5
04/04/2014,0.0
05/04/2014,0.0
06/04/2014,0.0
07/04/2014,0.0
08/04/2014,0.0
09/04/2014,0.0
10/04/2014,0.0
11/04/2014,0.0
12/04/2014,0.0
13/04/2014,0.0
14/04/2014,0.0
15/04/2014,0.0
16/04/2014,0.0
17/04/2014,0.0
18/04/2014,0.0
19/04/2014,1.3
20/04/2014,21.2
21/04/2014,0.0
22/04/2014,0.0
23/04/2014,0.0
24/04/2014,0.0
25/04/2014,62.0
26/04/2014,0.0
27/04/2014,0.0
28/04/2014,0.0
29/04/2014,0.0
30/04/2014,0.0
01/05/2014,0.0
02/05/2014,0.0
03/05/2014,0.0
04/05/2014,0.0
05/05/2014,0.0
06/05/2014,0.0
07/05/2014,0.0
08/05/2014,0.0
09/05/2014,0.0
10/05/2014,0.5
11/05/2014,0.0
12/05/2014,0.0
13/05/2014,0.4
14/05/2014,5.6
15/05/2014,0.0
16/05/2014,0.5
17/05/2014,56.0
18/05/2014,3.5
19/05/2014,0.0
20/05/2014,0.0
21/05/2014,0.0
22/05/2014,0.0
23/05/2014,0.0
24/05/2014,0.0
25/05/2014,0.0
26/05/2014,0.0
27/05/2014,0.0
28/05/2014,0.5
29/05/2014,0.5
30/05/2014,0.0
31/05/2014,0.0
01/06/2014,12.4
02/06/2014,0.6
03/06/2014,57.5
04/06/2014,2.7
05/06/2014,36.5
06/06/2014,6.9
07/06/2014,0.0
08/06/2014,14.5
09/06/2014,12.5
10/06/2014,15.0
11/06/2014,40.7
12/06/2014,20.8
13/06/2014,0.0
14/06/2014,0.0
15/06/2014,0.0
16/06/2014,0.0
17/06/2014,0.0
18/06/2014,0.0
19/06/2014,0.0
20/06/2014,0.0
21/06/2014,26.9
22/06/2014,13.1
23/06/2014,0.0
24/06/2014,6.0
25/06/2014,0.0
26/06/2014,0.0
27/06/2014,0.0
28/06/2014,21.0
29/06/2014,7.0
30/06/2014,1.3
01/07/2014,1.7
02/07/2014,0.0
03/07/2014,0.0
04/07/2014,0.0
05/07/2014,33.0
06/07/2014,25.7
07/07/2014,10.3
08/07/2014,0.0
09/07/2014,0.0
10/07/2014,0.0
11/07/2014,0.0
12/07/2014,0.0
13/07/2014,0.0
14/07/2014,0.0
15/07/2014,31.5
16/07/2014,12.0
17/07/2014,55.5
18/07/2014,0.0
19/07/2014,0.0
20/07/2014,0.0
21/07/2014,0.0
22/07/2014,67.5
23/07/2014,0.0
24/07/2014,0.0
25/07/2014,10.7
26/07/2014,5.2
27/07/2014,34.6
28/07/2014,3.2
29/07/2014,1.3
30/07/2014,0.0
31/07/2014,7.5
01/08/2014,0.0
02/08/2014,22.0
03/08/2014,0.0
04/08/2014,0.5
05/08/2014,16.5
06/08/2014,21.0
07/08/2014,28.8
08/08/2014,10.7
09/08/2014,2.0
10/08/2014,0.0
11/08/2014,0.0
12/08/2014,6.0
13/08/2014,0.0
14/08/2014,0.0
15/08/2014,0.0
16/08/2014,127.5
17/08/2014,0.0
18/08/2014,26.5
19/08/2014,2.5
20/08/2014,0.0
21/08/2014,0.0
22/08/2014,0.0
23/08/2014,0.0
24/08/2014,0.0
25/08/2014,26.2
26/08/2014,32.3
27/08/2014,0.0
28/08/2014,0.0
29/08/2014,0.0
30/08/2014,3.0
31/08/2014,20.1
01/09/2014,35.9
02/09/2014,9.3
03/09/2014,1.6
04/09/2014,70.6
05/09/2014,6.3
06/09/2014,0.2
07/09/2014,0.0
08/09/2014,0.0
09/09/2014,1.0
10/09/2014,0.4
11/09/2014,21.1
12/09/2014,0.5
13/09/2014,0.5
14/09/2014,45.9
15/09/2014,75.4
16/09/2014,5.8
17/09/2014,1.0
18/09/2014,0.0
19/09/2014,0.0
20/09/2014,0.0
21/09/2014,13.5
22/09/2014,0.0
23/09/2014,47.5
24/09/2014,7.0
25/09/2014,0.0
26/09/2014,0.0
27/09/2014,0.0
28/09/2014,0.0
29/09/2014,0.0
30/09/2014,0.0
01/10/2014,0.0
02/10/2014,34.5
03/10/2014,9.5
04/10/2014,81.0
05/10/2014,1.5
06/10/2014,0.0
07/10/2014,0.5
08/10/2014,0.0
09/10/2014,2.5
10/10/2014,6.5
11/10/2014,31.3
12/10/2014,9.7
13/10/2014,0.5
14/10/2014,0.0
15/10/2014,13.6
16/10/2014,11.8
17/10/2014,40.9
18/10/2014,13.7
19/10/2014,2.0
20/10/2014,0.0
21/10/2014,0.0
22/10/2014,1.0
23/10/2014,0.4
24/10/2014,2.6
25/10/2014,2.5
26/10/2014,0.0
27/10/2014,1.5
28/10/2014,0.0
29/10/2014,0.0
30/10/2014,0.0
31/10/2014,64.1
01/11/2014,52.4
02/11/2014,5.0
03/11/2014,10.5
04/11/2014,13.5
05/11/2014,8.9
06/11/2014,21.4
07/11/2014,12.2
08/11/2014,6.4
09/11/2014,13.1
10/11/2014,0.0
11/11/2014,0.0
12/11/2014,31.5
13/11/2014,112.3
14/11/2014,72.0
15/11/2014,60.9
16/11/2014,47.5
17/11/2014,135.5
18/11/2014,293.9
19/11/2014,62.1
20/11/2014,223.2
21/11/2014,0.0
22/11/2014,1.5
23/11/2014,0.4
24/11/2014,44.5
25/11/2014,3.2
26/11/2014,13.0
27/11/2014,0.0
28/11/2014,0.0
29/11/2014,0.0
30/11/2014,0.0
01/12/2014,0.0
02/12/2014,0.5
03/12/2014,1.9
04/12/2014,0.1
05/12/2014,0.0
06/12/2014,14.5
07/12/2014,42.1
08/12/2014,20.3
09/12/2014,0.6
10/12/2014,0.0
11/12/2014,0.0
12/12/2014,0.0
13/12/2014,0.3
14/12/2014,220.9
15/12/2014,258.8
16/12/2014,73.7
17/12/2014,196.5
18/12/2014,208.9
19/12/2014,49.1
20/12/2014,225.7
21/12/2014,69.8
22/12/2014,33.4
23/12/2014,19.2
24/12/2014,39.5
25/12/2014,12.8
26/12/2014,15.9
27/12/2014,28.5
28/12/2014,122.9
29/12/2014,43.3
30/12/2014,15.2
31/12/2014,3.2
01/01/2015,0.4
02/01/2015,3.1
03/01/2015,1.9
04/01/2015,20.1
05/01/2015,0.5
06/01/2015,21.8
07/01/2015,52.2
08/01/2015,29.0
09/01/2015,10.5
10/01/2015,83.6
11/01/2015,4.9
12/01/2015,0.0
13/01/2015,2.8
14/01/2015,1.7
15/01/2015,0.0
16/01/2015,0.0
17/01/2015,0.0
18/01/2015,15.6
19/01/2015,10.4
20/01/2015,3.5
21/01/2015,0.0
22/01/2015,0.0
23/01/2015,0.0
24/01/2015,0.0
25/01/2015,0.0
26/01/2015,0.0
27/01/2015,0.0
28/01/2015,0.4
29/01/2015,7.6
30/01/2015,1.0
31/01/2015,0.0
01/02/2015,0.0
02/02/2015,0.0
03/02/2015,11.8
04/02/2015,6.7
05/02/2015,3.9
06/02/2015,5.6
07/02/2015,3.0
08/02/2015,0.5
09/02/2015,8.5
10/02/2015,0.0
11/02/2015,0.0
12/02/2015,0.0
13/02/2015,0.0
14/02/2015,0.0
15/02/2015,0.0
16/02/2015,0.0
17/02/2015,0.0
18/02/2015,0.0
19/02/2015,0.0
20/02/2015,0.0
21/02/2015,0.0
22/02/2015,0.0
23/02/2015,0.0
24/02/2015,0.0
25/02/2015,0.0
26/02/2015,0.0
27/02/2015,0.0
28/02/2015,0.0
01/03/2015,0.0
02/03/2015,0.5
03/03/2015,0.0
04/03/2015,0.0
05/03/2015,0.0
06/03/2015,0.0
07/03/2015,0.0
08/03/2015,0.0
09/03/2015,0.5
10/03/2015,1.0
11/03/2015,0.0
12/03/2015,0.0
13/03/2015,0.0
14/03/2015,0.0
15/03/2015,0.0
16/03/2015,0.0
17/03/2015,0.0
18/03/2015,0.0
19/03/2015,1.0
20/03/2015,0.0
21/03/2015,0.0
22/03/2015,0.0
23/03/2015,0.0
24/03/2015,0.0
25/03/2015,2.0
26/03/2015,0.0
27/03/2015,0.4
28/03/2015,4.1
29/03/2015,18.9
30/03/2015,16.1
31/03/2015,0.0
01/04/2015,20.5
02/04/2015,0.0
03/04/2015,0.0
04/04/2015,0.0
05/04/2015,0.0
06/04/2015,0.0
07/04/2015,0.0
08/04/2015,0.0
09/04/2015,0.4
10/04/2015,16.6
11/04/2015,0.0
12/04/2015,0.0
13/04/2015,0.0
14/04/2015,14.0
15/04/2015,11.5
16/04/2015,0.0
17/04/2015,0.0
18/04/2015,0.0
19/04/2015,0.0
20/04/2015,0.0
21/04/2015,0.0
22/04/2015,0.0
23/04/2015,0.0
24/04/2015,0.5
25/04/2015,2.0
26/04/2015,0.5
27/04/2015,93.0
28/04/2015,0.4
29/04/2015,0.1
30/04/2015,0.0
01/05/2015,0.0
02/05/2015,0.0
03/05/2015,0.0
04/05/2015,0.0
05/05/2015,0.0
06/05/2015,0.0
07/05/2015,0.0
08/05/2015,0.0
09/05/2015,0.0
10/05/2015,0.0
11/05/2015,0.0
12/05/2015,0.0
13/05/2015,0.0
14/05/2015,0.5
15/05/2015,4.5
16/05/2015,74.5
17/05/2015,0.0
18/05/2015,17.5
19/05/2015,0.0
20/05/2015,6.0
21/05/2015,0.0
22/05/2015,41.0
23/05/2015,0.0
24/05/2015,0.0
25/05/2015,41.8
26/05/2015,7.7
27/05/2015,23.5
28/05/2015,0.0
29/05/2015,0.0
30/05/2015,0.5
31/05/2015,0.0
01/06/2015,0.0
02/06/2015,0.0
03/06/2015,0.0
04/06/2015,0.0
05/06/2015,0.0
06/06/2015,0.0
07/06/2015,0.0
08/06/2015,0.0
09/06/2015,0.0
10/06/2015,0.0
11/06/2015,0.0
12/06/2015,0.5
13/06/2015,3.5
14/06/2015,0.4
15/06/2015,65.3
16/06/2015,1.5
17/06/2015,13.8
18/06/2015,0.0
19/06/2015,0.4
20/06/2015,83.1
21/06/2015,0.0
22/06/2015,0.0
23/06/2015,0.0
24/06/2015,0.0
25/06/2015,1.0
26/06/2015,0.0
27/06/2015,0.0
28/06/2015,4.0
29/06/2015,0.0
30/06/2015,0.4
01/07/2015,2.1
02/07/2015,0.0
03/07/2015,0.0
04/07/2015,0.5
05/07/2015,1.8
06/07/2015,2.2
07/07/2015,0.0
08/07/2015,3.0
09/07/2015,0.0
10/07/2015,0.0
11/07/2015,0.4
12/07/2015,0.1
13/07/2015,2.0
14/07/2015,20.0
15/07/2015,0.0
16/07/2015,0.0
17/07/2015,0.0
18/07/2015,0.5
19/07/2015,0.5
20/07/2015,0.0
21/07/2015,3.5
22/07/2015,23.5
23/07/2015,0.0
24/07/2015,7.0
25/07/2015,0.0
26/07/2015,0.0
27/07/2015,0.5
28/07/2015,0.0
29/07/2015,21.5
30/07/2015,0.0
31/07/2015,24.5
01/08/2015,0.0
02/08/2015,16.0
03/08/2015,11.5
04/08/2015,0.0
05/08/2015,3.0
06/08/2015,0.0
07/08/2015,0.5
08/08/2015,15.0
09/08/2015,17.0
10/08/2015,9.5
11/08/2015,0.0
12/08/2015,5.0
13/08/2015,0.3
14/08/2015,9.5
15/08/2015,15.2
16/08/2015,4.5
17/08/2015,53.0
18/08/2015,0.0
19/08/2015,0.0
20/08/2015,0.0
21/08/2015,0.0
22/08/2015,6.0
23/08/2015,7.0
24/08/2015,0.0
25/08/2015,0.4
26/08/2015,1.1
27/08/2015,0.0
28/08/2015,0.0
29/08/2015,0.0
30/08/2015,13.9
31/08/2015,0.3
01/09/2015,34.3
02/09/2015,0.0
03/09/2015,0.0
04/09/2015,0.0
05/09/2015,0.0
06/09/2015,48.5
07/09/2015,0.0
08/09/2015,16.0
09/09/2015,1.0
10/09/2015,0.0
11/09/2015,20.1
12/09/2015,0.4
13/09/2015,0.0
14/09/2015,0.0
15/09/2015,0.0
16/09/2015,37.3
17/09/2015,5.7
18/09/2015,0.0
19/09/2015,0.0
20/09/2015,0.0
21/09/2015,0.0
22/09/2015,0.5
23/09/2015,8.0
24/09/2015,0.5
25/09/2015,7.0
26/09/2015,15.7
27/09/2015,40.3
28/09/2015,12.5
29/09/2015,5.0
30/09/2015,0.0
01/10/2015,2.5
02/10/2015,95.0
03/10/2015,0.0
04/10/2015,0.0
05/10/2015,0.0
06/10/2015,0.0
07/10/2015,0.0
08/10/2015,0.0
09/10/2015,0.8
10/10/2015,0.2
11/10/2015,0.0
12/10/2015,0.5
13/10/2015,0.0
14/10/2015,0.0
15/10/2015,1.5
16/10/2015,6.0
17/10/2015,10.5
18/10/2015,2.3
19/10/2015,37.2
20/10/2015,0.0
21/10/2015,2.0
22/10/2015,0.0
23/10/2015,0.0
24/10/2015,16.0
25/10/2015,0.0
26/10/2015,0.3
27/10/2015,7.6
28/10/2015,36.4
29/10/2015,73.4
30/10/2015,54.7
31/10/2015,11.8
01/11/2015,13.1
02/11/2015,56.8
03/11/2015,30.9
04/11/2015,151.3
05/11/2015,2.5
06/11/2015,61.1
07/11/2015,1.0
08/11/2015,6.3
09/11/2015,1.7
10/11/2015,0.5
11/11/2015,8.9
12/11/2015,1.6
13/11/2015,20.0
14/11/2015,0.0
15/11/2015,2.4
16/11/2015,7.6
17/11/2015,0.0
18/11/2015,4.9
19/11/2015,6.6
20/11/2015,66.2
21/11/2015,20.9
22/11/2015,1.9
23/11/2015,14.0
24/11/2015,9.1
25/11/2015,3.9
26/11/2015,263.3
27/11/2015,36.3
28/11/2015,26.8
29/11/2015,56.6
30/11/2015,13.5
01/12/2015,0.5
02/12/2015,20.0
03/12/2015,16.0
04/12/2015,5.0
05/12/2015,23.4
06/12/2015,18.1
07/12/2015,30.6
08/12/2015,1.9
09/12/2015,0.0
10/12/2015,0.0
11/12/2015,10.3
12/12/2015,2.6
13/12/2015,2.1
14/12/2015,0.0
15/12/2015,2.0
16/12/2015,31.4
17/12/2015,17.1
18/12/2015,0.0
19/12/2015,0.0
20/12/2015,10.5
21/12/2015,9.0
22/12/2015,70.9
23/12/2015,0.6
24/12/2015,0.5
25/12/2015,0.5
26/12/2015,56.1
27/12/2015,19.9
28/12/2015,1.5
29/12/2015,0.4
30/12/2015,16.1
31/12/2015,2.0
01/01/2016,4.5
02/01/2016,1.5
03/01/2016,22.3
04/01/2016,9.2
05/01/2016,0.0
06/01/2016,0.0
07/01/2016,0.0
08/01/2016,0.0
09/01/2016,0.0
10/01/2016,0.0
11/01/2016,0.0
12/01/2016,0.0
13/01/2016,0.5
14/01/2016,24.1
15/01/2016,11.9
16/01/2016,1.5
17/01/2016,12.0
18/01/2016,0.0
19/01/2016,0.0
20/01/2016,0.0
21/01/2016,13.7
22/01/2016,68.3
23/01/2016,0.5
24/01/2016,9.0
25/01/2016,4.1
26/01/2016,34.2
27/01/2016,50.0
28/01/2016,17.5
29/01/2016,0.6
30/01/2016,0.4
31/01/2016,3.1
01/02/2016,0.0
02/02/2016,36.2
03/02/2016,18.7
04/02/2016,26.4
05/02/2016,17.1
06/02/2016,28.3
07/02/2016,7.0
08/02/2016,1.7
09/02/2016,1.0
10/02/2016,0.6
11/02/2016,2.0
12/02/2016,4.9
13/02/2016,8.6
14/02/2016,0.0
15/02/2016,0.0
16/02/2016,0.4
17/02/2016,4.0
18/02/2016,3.1
19/02/2016,2.5
20/02/2016,0.0
21/02/2016,0.0
22/02/2016,0.0
23/02/2016,0.0
24/02/2016,1.0
25/02/2016,0.5
26/02/2016,12.3
27/02/2016,7.8
28/02/2016,15.4
29/02/2016,0.0
01/03/2016,0.0
02/03/2016,0.0
03/03/2016,0.0
04/03/2016,0.4
05/03/2016,4.1
06/03/2016,0.0
07/03/2016,0.0
08/03/2016,0.0
09/03/2016,0.0
10/03/2016,0.0
11/03/2016,0.0
12/03/2016,0.0
13/03/2016,0.0
14/03/2016,0.0
15/03/2016,0.0
16/03/2016,0.0
17/03/2016,0.0
18/03/2016,0.0
19/03/2016,0.0
20/03/2016,0.0
21/03/2016,0.0
22/03/2016,0.0
23/03/2016,0.0
24/03/2016,0.0
25/03/2016,0.0
26/03/2016,3.5
27/03/2016,3.7
28/03/2016,16.8
29/03/2016,0.0
30/03/2016,0.0
31/03/2016,0.0
01/04/2016,0.0
02/04/2016,0.0
03/04/2016,1.0
04/04/2016,0.0
05/04/2016,0.0
06/04/2016,0.0
07/04/2016,0.0
08/04/2016,0.0
09/04/2016,0.0
10/04/2016,0.0
11/04/2016,0.0
12/04/2016,0.0
13/04/2016,0.0
14/04/2016,0.0
15/04/2016,0.0
16/04/2016,0.0
17/04/2016,0.0
18/04/2016,0.0
19/04/2016,1.0
20/04/2016,0.0
21/04/2016,0.0
22/04/2016,0.0
23/04/2016,0.0
24/04/2016,0.0
25/04/2016,0.0
26/04/2016,0.0
27/04/2016,0.0
28/04/2016,0.0
29/04/2016,0.0
30/04/2016,0.0
01/05/2016,0.0
02/05/2016,0.0
03/05/2016,0.0
04/05/2016,0.0
05/05/2016,0.0
06/05/2016,0.0
07/05/2016,0.5
08/05/2016,0.0
09/05/2016,0.0
10/05/2016,0.0
11/05/2016,0.0
12/05/2016,0.0
13/05/2016,0.0
14/05/2016,0.0
15/05/2016,0.0
16/05/2016,0.0
17/05/2016,0.0
18/05/2016,0.0
19/05/2016,0.0
20/05/2016,0.0
21/05/2016,0.0
22/05/2016,0.0
23/05/2016,0.0
24/05/2016,5.5
25/05/2016,0.0
26/05/2016,0.0
27/05/2016,42.0
28/05/2016,13.1
29/05/2016,3.7
30/05/2016,41.5
31/05/2016,0.6
01/06/2016,0.1
02/06/2016,1.1
03/06/2016,8.8
04/06/2016,1.6
05/06/2016,0.0
06/06/2016,0.0
07/06/2016,20.5
08/06/2016,37.7
09/06/2016,0.3
10/06/2016,0.4
11/06/2016,14.6
12/06/2016,4.0
13/06/2016,0.4
14/06/2016,1.6
15/06/2016,1.5
16/06/2016,4.5
17/06/2016,16.0
18/06/2016,0.0
19/06/2016,0.5
20/06/2016,5.5
21/06/2016,25.4
22/06/2016,0.1
23/06/2016,9.8
24/06/2016,1.2
25/06/2016,0.0
26/06/2016,55.2
27/06/2016,0.3
28/06/2016,0.0
29/06/2016,0.0
30/06/2016,0.0
01/07/2016,0.0
02/07/2016,0.0
03/07/2016,0.0
04/07/2016,0.0
05/07/2016,4.5
06/07/2016,45.0
07/07/2016,4.0
08/07/2016,0.0
09/07/2016,0.0
10/07/2016,0.0
11/07/2016,3.0
12/07/2016,0.5
13/07/2016,47.0
14/07/2016,35.5
15/07/2016,0.0
16/07/2016,0.0
17/07/2016,0.0
18/07/2016,16.7
19/07/2016,52.8
20/07/2016,16.0
21/07/2016,0.0
22/07/2016,4.2
23/07/2016,5.3
24/07/2016,1.0
25/07/2016,34.8
26/07/2016,30.0
27/07/2016,3.2
28/07/2016,1.7
29/07/2016,0.3
30/07/2016,0.0
31/07/2016,0.0
01/08/2016,0.0
02/08/2016,0.0
03/08/2016,0.0
04/08/2016,0.0
05/08/2016,0.4
06/08/2016,25.6
07/08/2016,2.5
08/08/2016,0.5
09/08/2016,6.8
10/08/2016,23.2
11/08/2016,8.5
12/08/2016,24.0
13/08/2016,13.0
14/08/2016,0.0
15/08/2016,0.0
16/08/2016,2.0
17/08/2016,0.0
18/08/2016,0.0
19/08/2016,0.0
20/08/2016,0.0
21/08/2016,0.5
22/08/2016,13.5
23/08/2016,4.5
24/08/2016,10.9
25/08/2016,30.6
26/08/2016,0.0
27/08/2016,50.9
28/08/2016,7.6
29/08/2016,0.3
30/08/2016,9.7
31/08/2016,0.0
01/09/2016,0.0
02/09/2016,3.5
03/09/2016,1.5
04/09/2016,0.0
05/09/2016,0.0
06/09/2016,0.0
07/09/2016,0.5
08/09/2016,1.0
09/09/2016,3.5
10/09/2016,5.0
11/09/2016,0.0
12/09/2016,15.5
13/09/2016,0.0
14/09/2016,15.5
15/09/2016,0.0
16/09/2016,1.0
17/09/2016,22.5
18/09/2016,0.0
19/09/2016,9.5
20/09/2016,0.5
21/09/2016,60.5
22/09/2016,0.5
23/09/2016,0.0
24/09/2016,0.0
25/09/2016,1.4
26/09/2016,3.6
27/09/2016,0.0
28/09/2016,17.5
29/09/2016,0.0
30/09/2016,0.0
01/10/2016,0.0
02/10/2016,0.0
03/10/2016,10.0
04/10/2016,10.8
05/10/2016,0.7
06/10/2016,2.0
07/10/2016,37.4
08/10/2016,9.6
09/10/2016,0.0
10/10/2016,1.5
11/10/2016,0.0
12/10/2016,0.0
13/10/2016,2.0
14/10/2016,48.5
15/10/2016,0.0
16/10/2016,0.0
17/10/2016,0.0
18/10/2016,35.6
19/10/2016,0.4
20/10/2016,6.9
21/10/2016,14.6
22/10/2016,27.0
23/10/2016,0.5
24/10/2016,0.0
25/10/2016,0.0
26/10/2016,0.0
27/10/2016,0.0
28/10/2016,7.2
29/10/2016,3.3
30/10/2016,8.0
31/10/2016,60.4
01/11/2016,6.9
02/11/2016,6.3
03/11/2016,3.8
04/11/2016,8.0
05/11/2016,0.0
06/11/2016,4.1
07/11/2016,1.9
08/11/2016,4.0
09/11/2016,1.0
10/11/2016,10.3
11/11/2016,29.9
12/11/2016,9.6
13/11/2016,1.2
14/11/2016,0.0
15/11/2016,14.3
16/11/2016,49.7
17/11/2016,3.6
18/11/2016,9.9
19/11/2016,0.5
20/11/2016,9.0
21/11/2016,0.0
22/11/2016,0.0
23/11/2016,0.0
24/11/2016,0.0
25/11/2016,6.1
26/11/2016,26.0
27/11/2016,0.9
28/11/2016,5.0
29/11/2016,92.9
30/11/2016,2.1
01/12/2016,114.0
02/12/2016,98.7
03/12/2016,45.8
04/12/2016,15.5
05/12/2016,0.0
06/12/2016,92.3
07/12/2016,4.1
08/12/2016,38.1
09/12/2016,0.9
10/12/2016,0.5
11/12/2016,5.0
12/12/2016,0.0
13/12/2016,0.3
14/12/2016,0.7
15/12/2016,0.0
16/12/2016,0.0
17/12/2016,8.4
18/12/2016,40.0
19/12/2016,45.5
20/12/2016,93.1
21/12/2016,0.4
22/12/2016,5.7
23/12/2016,113.0
24/12/2016,9.9
25/12/2016,43.0
26/12/2016,16.2
27/12/2016,1.8
28/12/2016,0.5
29/12/2016,0.4
30/12/2016,35.3
31/12/2016,168.0
01/01/2017,46.3
02/01/2017,96.5
03/01/2017,136.5
04/01/2017,89.0
05/01/2017,2.4
06/01/2017,2.8
07/01/2017,4.8
08/01/2017,0.0
09/01/2017,0.0
10/01/2017,0.0
11/01/2017,0.0
12/01/2017,0.0
13/01/2017,0.0
14/01/2017,0.0
15/01/2017,0.0
16/01/2017,0.5
17/01/2017,61.5
18/01/2017,8.5
19/01/2017,94.7
20/01/2017,431.7
21/01/2017,127.0
22/01/2017,9.6
23/01/2017,2.6
24/01/2017,16.3
25/01/2017,58.9
26/01/2017,19.5
27/01/2017,10.1
28/01/2017,0.0
29/01/2017,0.0
30/01/2017,0.0
31/01/2017,0.0
01/02/2017,0.0
02/02/2017,0.5
03/02/2017,41.4
04/02/2017,2.2
05/02/2017,0.0
06/02/2017,0.0
07/02/2017,0.0
08/02/2017,0.0
09/02/2017,0.0
10/02/2017,0.0
11/02/2017,0.5
12/02/2017,3.3
13/02/2017,5.0
14/02/2017,11.2
15/02/2017,7.1
16/02/2017,0.9
17/02/2017,0.8
18/02/2017,44.1
19/02/2017,10.6
20/02/2017,0.0
21/02/2017,0.0
22/02/2017,0.5
23/02/2017,0.0
24/02/2017,0.8
25/02/2017,10.3
26/02/2017,16.3
27/02/2017,8.9
28/02/2017,8.7
01/03/2017,3.3
02/03/2017,6.5
03/03/2017,0.7
04/03/2017,0.0
05/03/2017,0.0
06/03/2017,0.0
07/03/2017,0.0
08/03/2017,0.0
09/03/2017,0.0
10/03/2017,0.0
11/03/2017,0.0
12/03/2017,0.0
13/03/2017,0.0
14/03/2017,0.0
15/03/2017,0.0
16/03/2017,0.0
17/03/2017,0.0
18/03/2017,0.0
19/03/2017,0.0
20/03/2017,0.0
21/03/2017,4.0
22/03/2017,0.5
23/03/2017,0.0
24/03/2017,0.0
25/03/2017,0.0
26/03/2017,0.0
27/03/2017,15.5
28/03/2017,101.4
29/03/2017,13.5
30/03/2017,0.0
31/03/2017,0.4
01/04/2017,3.1
02/04/2017,57.4
03/04/2017,14.0
04/04/2017,6.6
05/04/2017,0.0
06/04/2017,0.0
07/04/2017,1.0
08/04/2017,0.0
09/04/2017,0.0
10/04/2017,0.0
11/04/2017,2.5
12/04/2017,0.0
13/04/2017,0.0
14/04/2017,0.0
15/04/2017,0.0
16/04/2017,0.0
17/04/2017,0.0
18/04/2017,0.0
19/04/2017,0.0
20/04/2017,0.0
21/04/2017,0.0
22/04/2017,0.0
23/04/2017,0.0
24/04/2017,0.0
25/04/2017,0.0
26/04/2017,0.0
27/04/2017,0.0
28/04/2017,0.0
29/04/2017,0.5
30/04/2017,0.0
01/05/2017,0.0
02/05/2017,0.0
03/05/2017,0.0
04/05/2017,0.0
05/05/2017,0.0
06/05/2017,0.5
07/05/2017,29.4
08/05/2017,4.5
09/05/2017,49.2
10/05/2017,2.4
11/05/2017,4.0
12/05/2017,11.0
13/05/2017,18.5
14/05/2017,0.0
15/05/2017,0.0
16/05/2017,0.0
17/05/2017,0.0
18/05/2017,32.5
19/05/2017,3.5
20/05/2017,0.0
21/05/2017,49.5
22/05/2017,3.0
23/05/2017,135.5
24/05/2017,1.5
25/05/2017,0.0
26/05/2017,3.5
27/05/2017,0.0
28/05/2017,0.0
29/05/2017,0.0
30/05/2017,3.0
31/05/2017,6.0
01/06/2017,0.3
02/06/2017,18.7
03/06/2017,2.9
04/06/2017,5.5
05/06/2017,5.0
06/06/2017,20.3
07/06/2017,0.3
08/06/2017,0.0
09/06/2017,0.4
10/06/2017,14.1
11/06/2017,0.0
12/06/2017,0.0
13/06/2017,0.0
14/06/2017,0.0
15/06/2017,0.0
16/06/2017,0.0
17/06/2017,0.0
18/06/2017,32.0
19/06/2017,5.5
20/06/2017,0.0
21/06/2017,9.5
22/06/2017,0.0
23/06/2017,0.0
24/06/2017,4.3
25/06/2017,0.2
26/06/2017,9.5
27/06/2017,0.0
28/06/2017,0.0
29/06/2017,1.0
30/06/2017,0.0
01/07/2017,17.5
02/07/2017,2.0
03/07/2017,13.5
04/07/2017,21.0
05/07/2017,0.0
06/07/2017,0.5
07/07/2017,8.6
08/07/2017,16.9
09/07/2017,16.5
10/07/2017,0.0
11/07/2017,0.0
12/07/2017,3.0
13/07/2017,11.0
14/07/2017,0.0
15/07/2017,0.0
16/07/2017,0.0
17/07/2017,0.0
18/07/2017,0.0
19/07/2017,10.5
20/07/2017,0.0
21/07/2017,0.0
22/07/2017,16.5
23/07/2017,0.0
24/07/2017,0.4
25/07/2017,35.6
26/07/2017,0.0
27/07/2017,0.0
28/07/2017,0.0
29/07/2017,6.5
30/07/2017,0.5
31/07/2017,50.5
01/08/2017,15.5
02/08/2017,0.0
03/08/2017,13.4
04/08/2017,4.6
05/08/2017,0.0
06/08/2017,6.3
07/08/2017,7.2
08/08/2017,0.0
09/08/2017,1.5
10/08/2017,0.0
11/08/2017,3.5
12/08/2017,6.8
13/08/2017,0.2
14/08/2017,15.4
15/08/2017,14.9
16/08/2017,61.7
17/08/2017,0.0
18/08/2017,0.0
19/08/2017,0.0
20/08/2017,50.5
21/08/2017,31.5
22/08/2017,1.0
23/08/2017,0.5
24/08/2017,7.1
25/08/2017,76.1
26/08/2017,19.0
27/08/2017,0.3
28/08/2017,34.4
29/08/2017,0.1
30/08/2017,0.0
31/08/2017,0.0
01/09/2017,16.0
02/09/2017,0.0
03/09/2017,0.0
04/09/2017,0.5
05/09/2017,18.0
06/09/2017,3.5
07/09/2017,0.0
08/09/2017,0.0
09/09/2017,0.0
10/09/2017,8.4
11/09/2017,10.1
12/09/2017,0.0
13/09/2017,1.5
14/09/2017,5.0
15/09/2017,31.0
16/09/2017,4.0
17/09/2017,32.4
18/09/2017,0.5
19/09/2017,13.6
20/09/2017,30.0
21/09/2017,0.0
22/09/2017,5.5
23/09/2017,0.0
24/09/2017,2.5
25/09/2017,0.0
26/09/2017,0.0
27/09/2017,0.0
28/09/2017,11.0
29/09/2017,2.9
30/09/2017,17.3
01/10/2017,0.2
02/10/2017,24.1
03/10/2017,1.4
04/10/2017,10.5
05/10/2017,0.0
06/10/2017,0.0
07/10/2017,7.5
08/10/2017,0.0
09/10/2017,18.0
10/10/2017,3.0
11/10/2017,0.5
12/10/2017,2.8
13/10/2017,3.2
14/10/2017,0.0
15/10/2017,19.5
16/10/2017,0.0
17/10/2017,0.0
18/10/2017,0.0
19/10/2017,0.0
20/10/2017,0.0
21/10/2017,0.0
22/10/2017,0.0
23/10/2017,0.5
24/10/2017,51.5
25/10/2017,0.0
26/10/2017,0.0
27/10/2017,0.0
28/10/2017,5.0
29/10/2017,75.7
30/10/2017,16.9
31/10/2017,0.5
01/11/2017,18.7
02/11/2017,42.1
03/11/2017,15.9
04/11/2017,50.8
05/11/2017,73.6
06/11/2017,1.6
07/11/2017,2.0
08/11/2017,12.8
09/11/2017,13.6
10/11/2017,5.4
11/11/2017,1.5
12/11/2017,3.0
13/11/2017,0.5
14/11/2017,5.2
15/11/2017,0.4
16/11/2017,11.0
17/11/2017,0.0
18/11/2017,0.0
19/11/2017,0.0
20/11/2017,0.0
21/11/2017,2.0
22/11/2017,0.9
23/11/2017,66.5
24/11/2017,9.7
25/11/2017,68.9
26/11/2017,138.8
27/11/2017,88.4
28/11/2017,446.8
29/11/2017,55.0
30/11/2017,62.9
01/12/2017,153.7
02/12/2017,47.9
03/12/2017,7.6
04/12/2017,33.4
05/12/2017,48.3
06/12/2017,1.6
07/12/2017,27.6
08/12/2017,67.0
09/12/2017,0.4
10/12/2017,9.1
11/12/2017,0.0
12/12/2017,0.5
13/12/2017,0.0
14/12/2017,0.0
15/12/2017,0.0
16/12/2017,0.5
17/12/2017,30.8
18/12/2017,19.2
19/12/2017,4.0
20/12/2017,10.0
21/12/2017,0.9
22/12/2017,10.2
23/12/2017,15.9
24/12/2017,4.1
25/12/2017,0.0
26/12/2017,0.8
27/12/2017,3.2
28/12/2017,4.4
29/12/2017,137.6
30/12/2017,5.9
31/12/2017,4.5
01/01/2018,30.9
02/01/2018,2.8
03/01/2018,6.7
04/01/2018,18.8
05/01/2018,0.0
06/01/2018,5.5
07/01/2018,4.5
08/01/2018,7.0
09/01/2018,0.4
10/01/2018,10.1
11/01/2018,11.3
12/01/2018,25.3
13/01/2018,22.3
14/01/2018,0.7
15/01/2018,3.0
16/01/2018,0.5
17/01/2018,0.0
18/01/2018,0.0
19/01/2018,10.8
20/01/2018,189.5
21/01/2018,102.1
22/01/2018,5.6
23/01/2018,15.0
24/01/2018,0.0
25/01/2018,0.0
26/01/2018,8.5
27/01/2018,2.0
28/01/2018,0.0
29/01/2018,0.0
30/01/2018,0.0
31/01/2018,0.0
01/02/2018,10.6
02/02/2018,5.7
03/02/2018,0.5
04/02/2018,2.6
05/02/2018,0.0
06/02/2018,0.0
07/02/2018,0.0
08/02/2018,0.0
09/02/2018,0.0
10/02/2018,0.0
11/02/2018,0.0
12/02/2018,1.0
13/02/2018,9.0
14/02/2018,0.0
15/02/2018,0.0
16/02/2018,0.0
17/02/2018,0.0
18/02/2018,0.0
19/02/2018,6.0
20/02/2018,0.0
21/02/2018,0.0
22/02/2018,0.4
23/02/2018,69.6
24/02/2018,1.9
25/02/2018,0.0
26/02/2018,0.0
27/02/2018,0.0
28/02/2018,0.0
01/03/2018,0.0
02/03/2018,0.0
03/03/2018,0.0
04/03/2018,0.0
05/03/2018,0.0
06/03/2018,0.4
07/03/2018,19.4
08/03/2018,4.7
09/03/2018,19.3
10/03/2018,10.2
11/03/2018,5.2
12/03/2018,2.3
13/03/2018,2.5
14/03/2018,0.0
15/03/2018,0.0
16/03/2018,1.0
17/03/2018,0.0
18/03/2018,0.0
19/03/2018,0.0
20/03/2018,0.0
21/03/2018,0.0
22/03/2018,0.0
23/03/2018,14.6
24/03/2018,3.9
25/03/2018,0.0
26/03/2018,0.0
27/03/2018,0.0
28/03/2018,0.0
29/03/2018,0.0
30/03/2018,0.0
31/03/2018,0.0
01/04/2018,0.0
02/04/2018,0.0
03/04/2018,0.0
04/04/2018,0.0
05/04/2018,0.0
06/04/2018,0.0
07/04/2018,0.4
08/04/2018,33.0
09/04/2018,1.8
10/04/2018,22.3
11/04/2018,0.5
12/04/2018,0.0
13/04/2018,0.4
14/04/2018,8.1
15/04/2018,0.0
16/04/2018,0.0
17/04/2018,15.0
18/04/2018,0.0
19/04/2018,3.0
20/04/2018,0.0
21/04/2018,0.0
22/04/2018,0.0
23/04/2018,0.0
24/04/2018,0.0
25/04/2018,0.0
26/04/2018,3.5
27/04/2018,0.0
28/04/2018,0.0
29/04/2018,25.3
30/04/2018,6.7
01/05/2018,2.5
02/05/2018,0.0
03/05/2018,0.0
04/05/2018,0.0
05/05/2018,7.5
06/05/2018,0.0
07/05/2018,0.5
08/05/2018,22.5
09/05/2018,11.0
10/05/2018,0.0
11/05/2018,0.0
12/05/2018,0.0
13/05/2018,0.0
14/05/2018,0.0
15/05/2018,8.0
16/05/2018,0.0
17/05/2018,0.0
18/05/2018,0.0
19/05/2018,0.0
20/05/2018,0.0
21/05/2018,0.0
22/05/2018,0.0
23/05/2018,0.0
24/05/2018,27.5
25/05/2018,0.0
26/05/2018,0.3
27/05/2018,0.2
28/05/2018,2.0
29/05/2018,0.5
30/05/2018,0.0
31/05/2018,70.5
01/06/2018,51.9
02/06/2018,1.6
03/06/2018,2.5
04/06/2018,0.0
05/06/2018,0.0
06/06/2018,0.0
07/06/2018,14.0
08/06/2018,1.5
09/06/2018,0.0
10/06/2018,0.0
11/06/2018,6.0
12/06/2018,0.0
13/06/2018,0.0
14/06/2018,0.0
15/06/2018,0.0
16/06/2018,0.0
17/06/2018,10.2
18/06/2018,0.3
19/06/2018,0.0
20/06/2018,5.3
21/06/2018,1.2
22/06/2018,0.0
23/06/2018,0.0
24/06/2018,11.0
25/06/2018,21.5
26/06/2018,0.0
27/06/2018,0.0
28/06/2018,21.0
29/06/2018,9.5
30/06/2018,0.0
01/07/2018,59.5
02/07/2018,0.0
03/07/2018,0.5
04/07/2018,0.0
05/07/2018,0.4
06/07/2018,1.6
07/07/2018,11.5
08/07/2018,13.2
09/07/2018,14.6
10/07/2018,0.7
11/07/2018,0.0
12/07/2018,0.0
13/07/2018,0.0
14/07/2018,0.0
15/07/2018,0.0
16/07/2018,0.0
17/07/2018,5.0
18/07/2018,1.5
19/07/2018,0.0
20/07/2018,5.5
21/07/2018,0.0
22/07/2018,0.0
23/07/2018,10.5
24/07/2018,23.1
25/07/2018,0.4
26/07/2018,0.5
27/07/2018,0.5
28/07/2018,18.5
29/07/2018,0.0
30/07/2018,14.0
31/07/2018,18.2
01/08/2018,0.8
02/08/2018,0.0
03/08/2018,1.0
04/08/2018,0.0
05/08/2018,0.0
06/08/2018,0.0
07/08/2018,0.0
08/08/2018,0.0
09/08/2018,19.5
10/08/2018,0.0
11/08/2018,1.5
12/08/2018,0.0
13/08/2018,0.0
14/08/2018,0.0
15/08/2018,0.0
16/08/2018,0.0
17/08/2018,0.0
18/08/2018,4.2
19/08/2018,5.3
20/08/2018,0.5
21/08/2018,4.4
22/08/2018,73.6
23/08/2018,0.0
24/08/2018,0.0
25/08/2018,6.0
26/08/2018,0.0
27/08/2018,0.0
28/08/2018,38.0
29/08/2018,2.0
30/08/2018,0.0
31/08/2018,29.0
01/09/2018,0.5
02/09/2018,8.0
03/09/2018,18.5
04/09/2018,5.5
05/09/2018,0.4
06/09/2018,27.1
07/09/2018,32.5
08/09/2018,34.5
09/09/2018,51.0
10/09/2018,47.0
11/09/2018,14.6
12/09/2018,0.4
13/09/2018,30.0
14/09/2018,24.5
15/09/2018,12.5
16/09/2018,0.0
17/09/2018,30.5
18/09/2018,11.7
19/09/2018,0.3
20/09/2018,0.1
21/09/2018,20.5
22/09/2018,0.0
23/09/2018,30.5
24/09/2018,0.0
25/09/2018,2.5
26/09/2018,0.0
27/09/2018,0.0
28/09/2018,0.0
29/09/2018,0.0
30/09/2018,0.0
01/10/2018,0.0
02/10/2018,18.5
03/10/2018,1.0
04/10/2018,1.5
05/10/2018,7.0
06/10/2018,8.4
07/10/2018,45.6
08/10/2018,43.8
09/10/2018,10.2
10/10/2018,0.5
11/10/2018,6.9
12/10/2018,26.6
13/10/2018,0.4
14/10/2018,11.6
15/10/2018,0.0
16/10/2018,1.0
17/10/2018,9.9
18/10/2018,30.2
19/10/2018,12.3
20/10/2018,1.5
21/10/2018,28.0
22/10/2018,0.2
23/10/2018,9.0
24/10/2018,2.3
25/10/2018,0.0
26/10/2018,0.5
27/10/2018,7.0
28/10/2018,5.0
29/10/2018,20.6
30/10/2018,22.2
31/10/2018,4.7
01/11/2018,15.0
02/11/2018,81.5
03/11/2018,91.9
04/11/2018,17.0
05/11/2018,88.0
06/11/2018,105.1
07/11/2018,19.9
08/11/2018,10.3
09/11/2018,0.8
10/11/2018,0.3
11/11/2018,8.7
12/11/2018,0.0
13/11/2018,2.0
14/11/2018,36.6
15/11/2018,0.9
16/11/2018,5.0
17/11/2018,4.5
18/11/2018,0.5
19/11/2018,0.0
20/11/2018,0.0
21/11/2018,0.0
22/11/2018,0.0
23/11/2018,0.0
24/11/2018,0.0
25/11/2018,0.0
26/11/2018,0.0
27/11/2018,16.7
28/11/2018,1.1
29/11/2018,26.2
30/11/2018,18.9
01/12/2018,101.8
02/12/2018,13.3
03/12/2018,69.6
04/12/2018,20.2
05/12/2018,62.5
06/12/2018,58.7
07/12/2018,3.5
08/12/2018,0.5
09/12/2018,2.1
10/12/2018,24.8
11/12/2018,23.8
12/12/2018,147.9
13/12/2018,1.4
14/12/2018,80.3
15/12/2018,118.1
16/12/2018,16.1
17/12/2018,0.3
18/12/2018,10.5
19/12/2018,10.7
20/12/2018,0.0
21/12/2018,0.0
22/12/2018,0.0
23/12/2018,0.0
24/12/2018,0.0
25/12/2018,0.5
26/12/2018,4.5
27/12/2018,0.5
28/12/2018,22.0
29/12/2018,0.0
30/12/2018,0.9
31/12/2018,20.1
01/01/2019,11.0
02/01/2019,22.8
03/01/2019,44.7
04/01/2019,0.5
05/01/2019,4.3
06/01/2019,5.2
07/01/2019,13.5
08/01/2019,16.4
09/01/2019,35.4
10/01/2019,8.0
11/01/2019,9.5
12/01/2019,22.1
13/01/2019,98.5
14/01/2019,0.0
15/01/2019,0.4
16/01/2019,26.0
17/01/2019,38.6
18/01/2019,3.0
19/01/2019,20.5
20/01/2019,0.0
21/01/2019,0.0
22/01/2019,0.0
23/01/2019,5.0
24/01/2019,0.0
25/01/2019,0.0
26/01/2019,0.5
27/01/2019,0.0
28/01/2019,0.5
29/01/2019,1.5
30/01/2019,0.0
31/01/2019,0.5
01/02/2019,5.4
02/02/2019,10.5
03/02/2019,16.1
04/02/2019,0.0
05/02/2019,0.0
06/02/2019,0.0
07/02/2019,0.0
08/02/2019,0.0
09/02/2019,0.0
10/02/2019,0.0
11/02/2019,1.0
12/02/2019,3.7
13/02/2019,1.8
14/02/2019,4.9
15/02/2019,0.0
16/02/2019,0.0
17/02/2019,0.0
18/02/2019,0.0
19/02/2019,0.0
20/02/2019,2.5
21/02/2019,0.0
22/02/2019,0.0
23/02/2019,0.0
24/02/2019,0.0
25/02/2019,0.0
26/02/2019,24.5
27/02/2019,0.0
28/02/2019,0.0
01/03/2019,0.0
02/03/2019,0.0
03/03/2019,0.0
04/03/2019,0.0
05/03/2019,0.0
06/03/2019,0.0
07/03/2019,0.0
08/03/2019,0.0
09/03/2019,0.0
10/03/2019,0.0
11/03/2019,0.0
12/03/2019,0.0
13/03/2019,0.0
14/03/2019,0.0
15/03/2019,0.0
16/03/2019,0.0
17/03/2019,0.0
18/03/2019,0.0
19/03/2019,0.0
20/03/2019,0.0
21/03/2019,0.0
22/03/2019,0.0
23/03/2019,0.0
24/03/2019,0.0
25/03/2019,3.5
26/03/2019,0.4
27/03/2019,8.6
28/03/2019,0.0
29/03/2019,0.0
30/03/2019,0.5
31/03/2019,0.0
01/04/2019,0.0
02/04/2019,0.5
03/04/2019,0.0
04/04/2019,0.0
05/04/2019,0.0
06/04/2019,0.0
07/04/2019,0.0
08/04/2019,0.0
09/04/2019,0.0
10/04/2019,0.0
11/04/2019,0.0
12/04/2019,0.0
13/04/2019,0.0
14/04/2019,0.0
15/04/2019,0.5
16/04/2019,0.0
17/04/2019,0.0
18/04/2019,0.0
19/04/2019,0.0
20/04/2019,0.0
21/04/2019,0.0
22/04/2019,0.0
23/04/2019,0.0
24/04/2019,0.0
25/04/2019,0.0
26/04/2019,0.0
27/04/2019,9.0
28/04/2019,2.5
29/04/2019,0.0
30/04/2019,0.0
01/05/2019,0.0
02/05/2019,0.0
03/05/2019,0.0
04/05/2019,1.5
05/05/2019,17.0
06/05/2019,1.0
07/05/2019,0.0
08/05/2019,26.4
09/05/2019,5.1
10/05/2019,0.0
11/05/2019,0.0
12/05/2019,0.5
13/05/2019,0.5
14/05/2019,1.0
15/05/2019,0.4
16/05/2019,2.6
17/05/2019,0.0
18/05/2019,0.0
19/05/2019,0.0
20/05/2019,0.0
21/05/2019,0.5
22/05/2019,9.0
23/05/2019,0.0
24/05/2019,9.8
25/05/2019,5.7
26/05/2019,12.5
27/05/2019,64.0
28/05/2019,0.0
29/05/2019,0.0
30/05/2019,0.0
31/05/2019,0.0
01/06/2019,0.0
02/06/2019,5.0
03/06/2019,0.0
04/06/2019,0.0
05/06/2019,118.6
06/06/2019,51.8
07/06/2019,0.7
08/06/2019,60.0
09/06/2019,12.9
10/06/2019,0.1
11/06/2019,55.0
12/06/2019,12.1
13/06/2019,3.4
14/06/2019,0.4
15/06/2019,4.1
16/06/2019,27.6
17/06/2019,3.4
18/06/2019,67.7
19/06/2019,0.8
20/06/2019,26.0
21/06/2019,0.0
22/06/2019,18.3
23/06/2019,6.7
24/06/2019,0.0
25/06/2019,29.6
26/06/2019,1.9
27/06/2019,0.0
28/06/2019,0.0
29/06/2019,0.5
30/06/2019,43.5
01/07/2019,0.0
02/07/2019,0.0
03/07/2019,0.0
04/07/2019,0.0
05/07/2019,30.0
06/07/2019,2.5
07/07/2019,0.0
08/07/2019,0.0
09/07/2019,0.0
10/07/2019,0.0
11/07/2019,23.5
12/07/2019,0.0
13/07/2019,1.5
14/07/2019,42.5
15/07/2019,2.0
16/07/2019,0.0
17/07/2019,0.0
18/07/2019,0.0
19/07/2019,0.0
20/07/2019,0.0
21/07/2019,0.0
22/07/2019,14.0
23/07/2019,0.0
24/07/2019,3.9
25/07/2019,1.1
26/07/2019,0.0
27/07/2019,3.0
28/07/2019,0.0
29/07/2019,0.0
30/07/2019,0.0
31/07/2019,0.0
01/08/2019,0.0
02/08/2019,0.0
03/08/2019,0.0
04/08/2019,0.0
05/08/2019,0.0
06/08/2019,0.0
07/08/2019,0.0
08/08/2019,0.0
09/08/2019,0.4
10/08/2019,0.6
11/08/2019,0.5
12/08/2019,51.9
13/08/2019,0.1
14/08/2019,0.0
15/08/2019,18.5
16/08/2019,0.0
17/08/2019,14.5
18/08/2019,0.0
19/08/2019,0.0
20/08/2019,1.3
21/08/2019,16.2
22/08/2019,0.4
23/08/2019,11.6
24/08/2019,50.0
25/08/2019,4.0
26/08/2019,0.5
27/08/2019,36.5
28/08/2019,21.0
29/08/2019,31.0
30/08/2019,11.5
31/08/2019,0.0
01/09/2019,4.5
02/09/2019,6.0
03/09/2019,7.0
04/09/2019,12.5
05/09/2019,0.0
06/09/2019,0.0
07/09/2019,0.0
08/09/2019,22.0
09/09/2019,0.5
10/09/2019,0.4
11/09/2019,13.1
12/09/2019,0.0
13/09/2019,5.0
14/09/2019,52.0
15/09/2019,6.0
16/09/2019,6.5
17/09/2019,20.5
18/09/2019,0.0
19/09/2019,0.0
20/09/2019,15.0
21/09/2019,4.5
22/09/2019,0.0
23/09/2019,29.0
24/09/2019,15.0
25/09/2019,10.0
26/09/2019,2.5
27/09/2019,0.0
28/09/2019,0.0
29/09/2019,0.0
30/09/2019,0.0
01/10/2019,0.0
02/10/2019,0.0
03/10/2019,3.5
04/10/2019,0.0
05/10/2019,0.0
06/10/2019,19.5
07/10/2019,19.0
08/10/2019,0.0
09/10/2019,0.4
10/10/2019,2.6
11/10/2019,0.0
12/10/2019,0.0
13/10/2019,0.0
14/10/2019,23.5
15/10/2019,21.5
16/10/2019,0.4
17/10/2019,5.2
18/10/2019,8.9
19/10/2019,1.5
20/10/2019,0.4
21/10/2019,0.6
22/10/2019,11.0
23/10/2019,8.5
24/10/2019,1.5
25/10/2019,0.0
26/10/2019,14.5
27/10/2019,0.5
28/10/2019,38.5
29/10/2019,0.0
30/10/2019,0.0
31/10/2019,55.0
01/11/2019,0.4
02/11/2019,6.3
03/11/2019,7.8
04/11/2019,61.0
05/11/2019,16.5
06/11/2019,38.3
07/11/2019,3.7
08/11/2019,5.7
09/11/2019,0.3
10/11/2019,13.0
11/11/2019,2.2
12/11/2019,4.3
13/11/2019,36.3
14/11/2019,2.6
15/11/2019,25.6
16/11/2019,0.0
17/11/2019,0.0
18/11/2019,6.1
19/11/2019,15.4
20/11/2019,36.0
21/11/2019,13.2
22/11/2019,33.8
23/11/2019,0.9
24/11/2019,2.4
25/11/2019,28.9
26/11/2019,8.0
27/11/2019,89.3
28/11/2019,36.7
29/11/2019,53.9
30/11/2019,99.8
01/12/2019,257.5
02/12/2019,56.5
03/12/2019,0.6
04/12/2019,5.8
05/12/2019,7.1
06/12/2019,12.9
07/12/2019,48.4
08/12/2019,5.4
09/12/2019,7.6
10/12/2019,9.4
11/12/2019,0.5
12/12/2019,0.0
13/12/2019,7.8
14/12/2019,24.4
15/12/2019,1.4
16/12/2019,9.9
17/12/2019,79.2
18/12/2019,135.8
19/12/2019,7.5
20/12/2019,6.0
21/12/2019,0.0
22/12/2019,0.0
23/12/2019,0.0
24/12/2019,0.0
25/12/2019,0.0
26/12/2019,0.0
27/12/2019,0.4
28/12/2019,1.1
29/12/2019,0.0
30/12/2019,2.4
31/12/2019,1.0
01/01/2020,2.8
02/01/2020,11.4
03/01/2020,2.3
04/01/2020,0.5
05/01/2020,0.1
06/01/2020,0.0
07/01/2020,1.3
08/01/2020,17.7
09/01/2020,0.0
10/01/2020,0.0
11/01/2020,0.0
12/01/2020,0.0
13/01/2020,0.0
14/01/2020,0.0
15/01/2020,0.0
16/01/2020,0.0
17/01/2020,40.1
18/01/2020,10.4
19/01/2020,19.8
20/01/2020,1.3
21/01/2020,1.0
22/01/2020,1.9
23/01/2020,4.1
24/01/2020,0.0
25/01/2020,0.0
26/01/2020,0.0
27/01/2020,0.0
28/01/2020,0.0
29/01/2020,0.0
30/01/2020,0.4
31/01/2020,21.9
01/02/2020,6.2
02/02/2020,1.5
03/02/2020,0.0
04/02/2020,1.5
05/02/2020,0.5
06/02/2020,0.0
07/02/2020,0.0
08/02/2020,0.0
09/02/2020,0.0
10/02/2020,0.0
11/02/2020,0.0
12/02/2020,0.0
13/02/2020,0.0
14/02/2020,0.0
15/02/2020,0.0
16/02/2020,0.0
17/02/2020,0.5
18/02/2020,0.0
19/02/2020,0.0
20/02/2020,0.0
21/02/2020,0.0
22/02/2020,0.0
23/02/2020,0.0
24/02/2020,0.0
25/02/2020,0.0
26/02/2020,0.0
27/02/2020,0.0
28/02/2020,0.0
29/02/2020,0.0
01/03/2020,0.0
02/03/2020,0.0
03/03/2020,0.0
04/03/2020,0.0
05/03/2020,0.0
06/03/2020,0.0
07/03/2020,0.0
08/03/2020,0.0
09/03/2020,0.0
10/03/2020,0.0
11/03/2020,0.0
12/03/2020,0.0
13/03/2020,0.0
14/03/2020,0.0
15/03/2020,0.0
16/03/2020,0.0
17/03/2020,0.0
18/03/2020,0.0
19/03/2020,0.0
20/03/2020,0.0
21/03/2020,0.0
22/03/2020,0.5
23/03/2020,0.0
24/03/2020,0.0
25/03/2020,0.0
26/03/2020,0.0
27/03/2020,0.0
28/03/2020,0.0
29/03/2020,0.0
30/03/2020,0.0
31/03/2020,0.0
01/04/2020,0.0
02/04/2020,0.5
03/04/2020,0.0
04/04/2020,0.0
05/04/2020,0.0
06/04/2020,0.0
07/04/2020,0.0
08/04/2020,0.0
09/04/2020,0.0
10/04/2020,0.0
11/04/2020,0.0
12/04/2020,0.0
13/04/2020,0.0
14/04/2020,0.0
15/04/2020,0.0
16/04/2020,0.0
17/04/2020,0.0
18/04/2020,0.0
19/04/2020,0.0
20/04/2020,0.0
21/04/2020,0.0
22/04/2020,0.3
23/04/2020,0.2
24/04/2020,0.0
25/04/2020,0.0
26/04/2020,0.0
27/04/2020,0.0
28/04/2020,0.0
29/04/2020,0.0
30/04/2020,0.0
01/05/2020,0.0
02/05/2020,0.0
03/05/2020,0.0
04/05/2020,0.0
05/05/2020,0.0
06/05/2020,0.0
07/05/2020,0.0
08/05/2020,0.5
09/05/2020,0.0
10/05/2020,0.0
11/05/2020,0.5
12/05/2020,0.0
13/05/2020,0.0
14/05/2020,0.0
15/05/2020,0.0
16/05/2020,0.0
17/05/2020,0.0
18/05/2020,0.0
19/05/2020,0.0
20/05/2020,0.0
21/05/2020,0.0
22/05/2020,0.0
23/05/2020,20.0
24/05/2020,22.5
25/05/2020,4.0
26/05/2020,11.0
27/05/2020,0.0
28/05/2020,0.0
29/05/2020,7.0
30/05/2020,0.0
31/05/2020,0.4
01/06/2020,0.1
02/06/2020,0.0
03/06/2020,2.0
04/06/2020,10.5
05/06/2020,3.0
06/06/2020,45.3
07/06/2020,11.7
08/06/2020,0.0
09/06/2020,0.4
10/06/2020,5.1
11/06/2020,0.0
12/06/2020,30.9
13/06/2020,0.1
14/06/2020,2.5
15/06/2020,7.5
16/06/2020,12.5
17/06/2020,0.3
18/06/2020,0.7
19/06/2020,38.0
20/06/2020,0.5
21/06/2020,16.0
22/06/2020,19.5
23/06/2020,0.0
24/06/2020,0.0
25/06/2020,1.5
26/06/2020,69.6
27/06/2020,2.4
28/06/2020,0.0
29/06/2020,0.0
30/06/2020,0.4
01/07/2020,4.1
02/07/2020,3.2
03/07/2020,13.8
04/07/2020,0.0
05/07/2020,0.0
06/07/2020,0.0
07/07/2020,2.0
08/07/2020,1.0
09/07/2020,15.1
10/07/2020,8.4
11/07/2020,0.0
12/07/2020,50.3
13/07/2020,15.7
14/07/2020,0.0
15/07/2020,0.0
16/07/2020,0.0
17/07/2020,0.0
18/07/2020,0.5
19/07/2020,0.0
20/07/2020,0.0
21/07/2020,0.0
22/07/2020,0.0
23/07/2020,0.0
24/07/2020,0.0
25/07/2020,0.0
26/07/2020,7.0
27/07/2020,7.5
28/07/2020,0.5
29/07/2020,0.6
30/07/2020,34.9
31/07/2020,0.5
01/08/2020,8.7
02/08/2020,0.3
03/08/2020,0.0
04/08/2020,0.2
05/08/2020,6.3
06/08/2020,0.0
07/08/2020,0.8
08/08/2020,3.2
09/08/2020,0.0
10/08/2020,6.1
11/08/2020,13.4
12/08/2020,3.9
13/08/2020,2.6
14/08/2020,0.0
15/08/2020,0.0
16/08/2020,0.0
17/08/2020,22.0
18/08/2020,12.0
19/08/2020,0.0
20/08/2020,0.0
21/08/2020,14.1
22/08/2020,0.4
23/08/2020,17.0
24/08/2020,0.0
25/08/2020,0.0
26/08/2020,0.0
27/08/2020,8.7
28/08/2020,0.3
29/08/2020,3.0
30/08/2020,4.5
31/08/2020,18.5
01/09/2020,4.0
02/09/2020,0.0
03/09/2020,0.0
04/09/2020,32.0
05/09/2020,21.0
06/09/2020,17.5
07/09/2020,1.0
08/09/2020,0.0
09/09/2020,1.5
10/09/2020,23.5
11/09/2020,0.0
12/09/2020,1.5
13/09/2020,0.4
14/09/2020,9.1
15/09/2020,0.4
16/09/2020,0.1
17/09/2020,8.9
18/09/2020,2.6
19/09/2020,28.0
20/09/2020,11.0
21/09/2020,0.0
22/09/2020,0.0
23/09/2020,0.0
24/09/2020,9.0
25/09/2020,2.7
26/09/2020,0.8
27/09/2020,0.0
28/09/2020,0.0
29/09/2020,0.4
30/09/2020,3.0
01/10/2020,5.6
02/10/2020,7.0
03/10/2020,0.0
04/10/2020,2.0
05/10/2020,21.5
06/10/2020,61.4
07/10/2020,48.1
08/10/2020,0.0
09/10/2020,0.0
10/10/2020,76.1
11/10/2020,3.4
12/10/2020,75.5
13/10/2020,3.0
14/10/2020,0.0
15/10/2020,0.0
16/10/2020,0.0
17/10/2020,2.0
18/10/2020,4.0
19/10/2020,0.0
20/10/2020,0.0
21/10/2020,22.7
22/10/2020,2.8
23/10/2020,5.0
24/10/2020,3.0
25/10/2020,25.8
26/10/2020,0.7
27/10/2020,22.0
28/10/2020,6.0
29/10/2020,2.5
30/10/2020,0.0
31/10/2020,0.0
01/11/2020,0.4
02/11/2020,11.1
03/11/2020,3.8
04/11/2020,38.7
05/11/2020,0.0
06/11/2020,0.0
07/11/2020,28.5
08/11/2020,1.4
09/11/2020,7.6
10/11/2020,0.0
11/11/2020,0.4
12/11/2020,43.1
13/11/2020,14.5
14/11/2020,0.0
15/11/2020,0.0
16/11/2020,2.2
17/11/2020,154.0
18/11/2020,51.5
19/11/2020,0.3
20/11/2020,4.9
21/11/2020,9.0
22/11/2020,7.0
23/11/2020,82.0
24/11/2020,124.5
25/11/2020,49.1
26/11/2020,63.6
27/11/2020,122.3
28/11/2020,2.4
29/11/2020,0.2
30/11/2020,25.5
01/12/2020,13.0
02/12/2020,29.8
03/12/2020,335.2
04/12/2020,60.6
05/12/2020,0.0
06/12/2020,0.0
07/12/2020,0.0
08/12/2020,12.5
09/12/2020,0.0
10/12/2020,0.5
11/12/2020,15.5
12/12/2020,3.5
13/12/2020,2.8
14/12/2020,4.0
15/12/2020,41.7
16/12/2020,76.3
17/12/2020,68.6
18/12/2020,24.7
19/12/2020,67.9
20/12/2020,7.5
21/12/2020,0.0
22/12/2020,0.0
23/12/2020,0.0
24/12/2020,0.0
25/12/2020,19.0
26/12/2020,25.4
27/12/2020,203.1
28/12/2020,0.0
29/12/2020,0.0
30/12/2020,0.0
31/12/2020,32.3
01/01/2021,81.3
02/01/2021,72.0
03/01/2021,22.1
04/01/2021,70.6
05/01/2021,18.7
06/01/2021,21.0
07/01/2021,2.3
08/01/2021,15.2
09/01/2021,9.6
10/01/2021,7.3
11/01/2021,0.8
12/01/2021,12.2
13/01/2021,4.0
14/01/2021,0.0
15/01/2021,0.0
16/01/2021,0.0
17/01/2021,3.0
18/01/2021,0.5
19/01/2021,0.0
20/01/2021,0.0
21/01/2021,0.0
22/01/2021,0.0
23/01/2021,0.0
24/01/2021,1.5
25/01/2021,0.0
26/01/2021,0.4
27/01/2021,12.2
28/01/2021,0.7
29/01/2021,5.6
30/01/2021,0.0
31/01/2021,4.7
01/02/2021,3.3
02/02/2021,0.5
03/02/2021,0.0
04/02/2021,0.0
05/02/2021,3.0
06/02/2021,0.0
07/02/2021,0.0
08/02/2021,0.0
09/02/2021,0.0
10/02/2021,0.0
11/02/2021,0.0
12/02/2021,0.0
13/02/2021,0.0
14/02/2021,0.0
15/02/2021,0.0
16/02/2021,0.0
17/02/2021,0.3
18/02/2021,1.7
19/02/2021,2.9
20/02/2021,0.6
21/02/2021,1.1
22/02/2021,0.0
23/02/2021,0.0
24/02/2021,0.0
25/02/2021,0.0
26/02/2021,0.0
27/02/2021,0.0
28/02/2021,0.0
01/03/2021,0.0
02/03/2021,0.0
03/03/2021,5.7
04/03/2021,32.3
05/03/2021,4.0
06/03/2021,31.5
07/03/2021,0.0
08/03/2021,0.0
09/03/2021,0.0
10/03/2021,0.0
11/03/2021,0.5
12/03/2021,14.0
13/03/2021,0.0
14/03/2021,0.0
15/03/2021,0.0
16/03/2021,0.0
17/03/2021,0.0
18/03/2021,0.0
19/03/2021,0.0
20/03/2021,0.0
21/03/2021,0.0
22/03/2021,0.0
23/03/2021,6.4
24/03/2021,5.0
25/03/2021,19.0
26/03/2021,4.5
27/03/2021,5.0
28/03/2021,19.0
29/03/2021,0.0
30/03/2021,0.9
31/03/2021,0.6
01/04/2021,16.0
02/04/2021,7.0
03/04/2021,0.5
04/04/2021,0.9
05/04/2021,3.0
06/04/2021,13.7
07/04/2021,17.5
08/04/2021,0.0
09/04/2021,0.0
10/04/2021,0.3
11/04/2021,1.5
12/04/2021,3.7
13/04/2021,0.0
14/04/2021,0.0
15/04/2021,0.0
16/04/2021,0.0
17/04/2021,0.0
18/04/2021,0.0
19/04/2021,34.0
20/04/2021,0.0
21/04/2021,0.0
22/04/2021,24.5
23/04/2021,0.4
24/04/2021,48.6
25/04/2021,0.0
26/04/2021,0.0
27/04/2021,0.5
28/04/2021,0.5
29/04/2021,0.0
30/04/2021,0.5
01/05/2021,0.0
02/05/2021,0.0
03/05/2021,0.6
04/05/2021,2.9
05/05/2021,2.0
06/05/2021,22.5
07/05/2021,0.0
08/05/2021,0.0
09/05/2021,0.0
10/05/2021,0.0
11/05/2021,1.0
12/05/2021,0.0
13/05/2021,0.0
14/05/2021,0.0
15/05/2021,0.0
16/05/2021,1.0
17/05/2021,0.0
18/05/2021,15.1
19/05/2021,16.4
20/05/2021,0.0
21/05/2021,4.0
22/05/2021,1.0
23/05/2021,1.0
24/05/2021,0.0
25/05/2021,0.5
26/05/2021,0.5
27/05/2021,8.0
28/05/2021,0.0
29/05/2021,0.0
30/05/2021,0.0
31/05/2021,2.5
01/06/2021,45.5
02/06/2021,0.0
03/06/2021,0.5
04/06/2021,1.5
05/06/2021,7.0
06/06/2021,1.0
07/06/2021,0.0
08/06/2021,0.0
09/06/2021,0.0
10/06/2021,14.5
11/06/2021,0.0
12/06/2021,0.0
13/06/2021,13.2
14/06/2021,1.8
15/06/2021,0.0
16/06/2021,0.0
17/06/2021,0.5
18/06/2021,0.0
19/06/2021,0.0
20/06/2021,0.5
21/06/2021,4.0
22/06/2021,14.5
23/06/2021,1.9
24/06/2021,4.1
25/06/2021,2.0
26/06/2021,0.5
27/06/2021,0.0
28/06/2021,1.5
29/06/2021,0.0
30/06/2021,0.0
01/07/2021,0.5
02/07/2021,0.0
03/07/2021,7.3
04/07/2021,1.2
05/07/2021,0.5
06/07/2021,36.5
07/07/2021,0.0
08/07/2021,0.5
09/07/2021,16.9
10/07/2021,21.1
11/07/2021,9.5
12/07/2021,0.0
13/07/2021,2.6
14/07/2021,0.9
15/07/2021,0.0
16/07/2021,0.0
17/07/2021,0.0
18/07/2021,23.5
19/07/2021,0.0
20/07/2021,0.0
21/07/2021,0.0
22/07/2021,0.4
23/07/2021,19.1
24/07/2021,0.0
25/07/2021,0.0
26/07/2021,0.8
27/07/2021,2.7
28/07/2021,0.8
29/07/2021,0.2
30/07/2021,0.0
31/07/2021,0.0
01/08/2021,0.5
02/08/2021,18.0
03/08/2021,0.0
04/08/2021,0.0
05/08/2021,0.0
06/08/2021,0.0
07/08/2021,0.0
08/08/2021,0.0
09/08/2021,0.0
10/08/2021,5.9
11/08/2021,46.6
12/08/2021,0.0
13/08/2021,0.0
14/08/2021,0.0
15/08/2021,0.5
16/08/2021,1.0
17/08/2021,6.5
18/08/2021,0.0
19/08/2021,8.0
20/08/2021,0.0
21/08/2021,4.1
22/08/2021,0.9
23/08/2021,9.4
24/08/2021,18.1
25/08/2021,13.5
26/08/2021,26.8
27/08/2021,61.2
28/08/2021,0.0
29/08/2021,0.0
30/08/2021,0.5
31/08/2021,59.4
01/09/2021,3.1
02/09/2021,63.7
03/09/2021,0.3
04/09/2021,0.0
05/09/2021,0.0
06/09/2021,0.0
07/09/2021,11.5
08/09/2021,27.5
09/09/2021,0.0
10/09/2021,0.0
11/09/2021,5.5
12/09/2021,19.0
13/09/2021,0.0
14/09/2021,0.0
15/09/2021,0.0
16/09/2021,0.0
17/09/2021,4.5
18/09/2021,0.0
19/09/2021,74.3
20/09/2021,2.2
21/09/2021,0.0
22/09/2021,6.0
23/09/2021,0.0
24/09/2021,0.0
25/09/2021,10.6
26/09/2021,1.9
27/09/2021,37.0
28/09/2021,12.4
29/09/2021,4.6
30/09/2021,14.0
01/10/2021,0.0
02/10/2021,0.5
03/10/2021,0.0
04/10/2021,18.5
05/10/2021,0.0
06/10/2021,1.5
07/10/2021,0.0
08/10/2021,0.0
09/10/2021,0.0
10/10/2021,0.0
11/10/2021,0.0
12/10/2021,10.0
13/10/2021,0.0
14/10/2021,28.0
15/10/2021,0.6
16/10/2021,1.4
17/10/2021,0.5
18/10/2021,0.0
19/10/2021,0.0
20/10/2021,0.3
21/10/2021,1.2
22/10/2021,0.0
23/10/2021,13.0
24/10/2021,0.0
25/10/2021,2.0
26/10/2021,0.0
27/10/2021,27.5
28/10/2021,17.8
29/10/2021,6.7
30/10/2021,0.0
31/10/2021,0.0
01/11/2021,0.4
02/11/2021,8.6
03/11/2021,11.0
04/11/2021,0.5
05/11/2021,0.5
06/11/2021,0.0
07/11/2021,0.0
08/11/2021,0.3
09/11/2021,9.5
10/11/2021,85.4
11/11/2021,3.8
12/11/2021,0.0
13/11/2021,23.0
14/11/2021,26.1
15/11/2021,27.0
16/11/2021,2.4
17/11/2021,23.2
18/11/2021,8.8
19/11/2021,0.5
20/11/2021,4.0
21/11/2021,1.8
22/11/2021,16.5
23/11/2021,10.0
24/11/2021,16.7
25/11/2021,11.6
26/11/2021,22.8
27/11/2021,13.7
28/11/2021,75.9
29/11/2021,1.1
30/11/2021,0.0
01/12/2021,71.2
02/12/2021,92.4
03/12/2021,126.5
04/12/2021,9.0
05/12/2021,0.0
06/12/2021,0.0
07/12/2021,0.4
08/12/2021,13.6
09/12/2021,0.5
10/12/2021,12.9
11/12/2021,1.0
12/12/2021,0.6
13/12/2021,39.0
14/12/2021,10.4
15/12/2021,10.8
16/12/2021,167.8
17/12/2021,65.9
18/12/2021,39.0
19/12/2021,4.1
20/12/2021,0.0
21/12/2021,6.3
22/12/2021,58.2
23/12/2021,0.0
24/12/2021,0.3
25/12/2021,20.7
26/12/2021,2.5
27/12/2021,0.0
28/12/2021,0.4
29/12/2021,18.7
30/12/2021,44.5
31/12/2021,9.4
01/01/2022,22.6
02/01/2022,17.7
03/01/2022,5.5
04/01/2022,83.9
05/01/2022,2.9
06/01/2022,0.0
07/01/2022,5.0
08/01/2022,1.0
09/01/2022,0.5
10/01/2022,0.0
11/01/2022,0.3
12/01/2022,1.7
13/01/2022,1.0
14/01/2022,0.0
15/01/2022,0.0
16/01/2022,0.5
17/01/2022,25.5
18/01/2022,0.0
19/01/2022,0.0
20/01/2022,0.0
21/01/2022,0.0
22/01/2022,0.0
23/01/2022,0.0
24/01/2022,0.0
25/01/2022,0.0
26/01/2022,0.0
27/01/2022,0.0
28/01/2022,0.0
29/01/2022,0.0
30/01/2022,0.0
31/01/2022,0.0
01/02/2022,0.0
02/02/2022,0.4
03/02/2022,2.1
04/02/2022,14.0
05/02/2022,4.2
06/02/2022,3.8
07/02/2022,13.8
08/02/2022,147.4
09/02/2022,3.8
10/02/2022,4.5
11/02/2022,23.9
12/02/2022,42.4
13/02/2022,15.3
14/02/2022,14.3
15/02/2022,243.9
16/02/2022,8.1
17/02/2022,2.0
18/02/2022,0.0
19/02/2022,0.0
20/02/2022,0.0
21/02/2022,0.0
22/02/2022,0.4
23/02/2022,23.1
24/02/2022,37.1
25/02/2022,164.1
26/02/2022,218.8
27/02/2022,134.3
28/02/2022,29.4
01/03/2022,4.1
02/03/2022,8.5
03/03/2022,7.5
04/03/2022,13.8
05/03/2022,15.2
06/03/2022,0.5
07/03/2022,0.4
08/03/2022,12.1
09/03/2022,19.0
10/03/2022,0.0
11/03/2022,0.0
12/03/2022,0.0
13/03/2022,9.2
14/03/2022,0.8
15/03/2022,0.0
16/03/2022,0.0
17/03/2022,1.5
18/03/2022,1.5
19/03/2022,0.5
20/03/2022,7.5
21/03/2022,10.4
22/03/2022,0.1
23/03/2022,0.5
24/03/2022,0.0
25/03/2022,1.5
26/03/2022,0.0
27/03/2022,0.0
28/03/2022,0.0
29/03/2022,0.0
30/03/2022,0.5
31/03/2022,2.0
01/04/2022,0.0
02/04/2022,13.5
03/04/2022,11.7
04/04/2022,92.1
05/04/2022,53.1
06/04/2022,22.1
07/04/2022,12.1
08/04/2022,0.8
09/04/2022,1.0
10/04/2022,0.0
11/04/2022,0.0
12/04/2022,0.0
13/04/2022,0.0
14/04/2022,1.0
15/04/2022,0.0
16/04/2022,0.0
17/04/2022,0.0
18/04/2022,0.0
19/04/2022,0.2
20/04/2022,0.6
21/04/2022,0.2
22/04/2022,0.0
23/04/2022,0.0
24/04/2022,0.0
25/04/2022,0.0
26/04/2022,0.0
27/04/2022,0.0
28/04/2022,0.0
29/04/2022,0.4
30/04/2022,3.6
01/05/2022,7.0
02/05/2022,1.0
03/05/2022,0.4
04/05/2022,9.1
05/05/2022,0.0
06/05/2022,23.0
07/05/2022,38.5
08/05/2022,25.0
09/05/2022,3.0
10/05/2022,104.5
11/05/2022,3.0
12/05/2022,2.0
13/05/2022,0.0
14/05/2022,35.0
15/05/2022,1.2
16/05/2022,15.8
17/05/2022,0.0
18/05/2022,3.3
19/05/2022,32.7
20/05/2022,0.0
21/05/2022,2.0
22/05/2022,8.0
23/05/2022,0.0
24/05/2022,0.0
25/05/2022,0.0
26/05/2022,0.0
27/05/2022,0.0
28/05/2022,0.0
29/05/2022,2.0
30/05/2022,1.0
31/05/2022,0.7
01/06/2022,4.3
02/06/2022,13.0
03/06/2022,0.0
04/06/2022,0.0
05/06/2022,0.0
06/06/2022,0.0
07/06/2022,0.3
08/06/2022,1.2
09/06/2022,0.0
10/06/2022,0.0
11/06/2022,0.0
12/06/2022,0.0
13/06/2022,0.0
14/06/2022,0.0
15/06/2022,0.5
16/06/2022,0.0
17/06/2022,0.0
18/06/2022,0.0
19/06/2022,0.0
20/06/2022,0.0
21/06/2022,0.0
22/06/2022,0.0
23/06/2022,13.5
24/06/2022,62.5
25/06/2022,0.0
26/06/2022,0.0
27/06/2022,0.0
28/06/2022,56.5
29/06/2022,0.0
30/06/2022,0.0
01/07/2022,0.0
02/07/2022,0.0
03/07/2022,25.5
04/07/2022,3.7
05/07/2022,2.3
06/07/2022,2.0
07/07/2022,0.0
08/07/2022,3.5
09/07/2022,42.6
10/07/2022,1.4
11/07/2022,40.9
12/07/2022,1.1
13/07/2022,0.0
14/07/2022,6.5
15/07/2022,30.0
16/07/2022,0.5
17/07/2022,0.5
18/07/2022,0.0
19/07/2022,0.0
20/07/2022,0.0
21/07/2022,0.0
22/07/2022,0.0
23/07/2022,0.0
24/07/2022,0.0
25/07/2022,0.5
26/07/2022,0.5
27/07/2022,37.5
28/07/2022,4.9
29/07/2022,1.1
30/07/2022,34.9
31/07/2022,0.6
01/08/2022,0.0
02/08/2022,43.5
03/08/2022,0.0
04/08/2022,0.0
05/08/2022,32.4
06/08/2022,0.1
07/08/2022,0.0
08/08/2022,1.0
09/08/2022,0.0
10/08/2022,0.0
11/08/2022,0.0
12/08/2022,39.3
13/08/2022,7.7
14/08/2022,0.0
15/08/2022,6.8
16/08/2022,68.7
17/08/2022,0.4
18/08/2022,9.1
19/08/2022,2.5
20/08/2022,63.0
21/08/2022,23.0
22/08/2022,0.5
23/08/2022,4.0
24/08/2022,0.0
25/08/2022,16.2
26/08/2022,0.3
27/08/2022,1.6
28/08/2022,2.0
29/08/2022,9.8
30/08/2022,2.6
31/08/2022,0.0
01/09/2022,0.4
02/09/2022,2.1
03/09/2022,8.0
04/09/2022,0.9
05/09/2022,2.1
06/09/2022,4.5
07/09/2022,34.5
08/09/2022,0.4
09/09/2022,6.7
10/09/2022,4.9
11/09/2022,1.1
12/09/2022,0.4
13/09/2022,0.0
14/09/2022,18.8
15/09/2022,68.8
16/09/2022,0.4
17/09/2022,13.5
18/09/2022,0.5
19/09/2022,3.2
20/09/2022,5.8
21/09/2022,31.1
22/09/2022,1.4
23/09/2022,4.5
24/09/2022,0.4
25/09/2022,6.1
26/09/2022,19.2
27/09/2022,14.8
28/09/2022,21.3
29/09/2022,14.2
30/09/2022,30.9
01/10/2022,5.6
02/10/2022,0.5
03/10/2022,10.0
04/10/2022,8.5
05/10/2022,25.0
06/10/2022,3.0
07/10/2022,68.5
08/10/2022,2.2
09/10/2022,6.7
10/10/2022,1.7
11/10/2022,0.9
12/10/2022,7.0
13/10/2022,21.6
14/10/2022,17.5
15/10/2022,12.0
16/10/2022,0.0
17/10/2022,11.0
18/10/2022,14.5
19/10/2022,17.8
20/10/2022,15.1
21/10/2022,0.6
22/10/2022,16.2
23/10/2022,1.2
24/10/2022,8.0
25/10/2022,9.5
26/10/2022,4.6
27/10/2022,4.1
28/10/2022,9.8
29/10/2022,13.7
30/10/2022,5.4
31/10/2022,26.6
01/11/2022,1.0
02/11/2022,0.0
03/11/2022,0.0
04/11/2022,0.0
05/11/2022,0.0
06/11/2022,0.0
07/11/2022,0.0
08/11/2022,0.0
09/11/2022,0.3
10/11/2022,31.3
11/11/2022,86.6
12/11/2022,14.4
13/11/2022,0.0
14/11/2022,0.0
15/11/2022,0.0
16/11/2022,0.0
17/11/2022,0.0
18/11/2022,5.3
19/11/2022,0.2
20/11/2022,0.0
21/11/2022,0.0
22/11/2022,3.0
23/11/2022,16.3
24/11/2022,0.2
25/11/2022,0.0
26/11/2022,41.5
27/11/2022,0.0
28/11/2022,0.0
29/11/2022,0.4
30/11/2022,13.0
01/12/2022,47.6
02/12/2022,43.4
03/12/2022,36.1
04/12/2022,37.1
05/12/2022,1.4
06/12/2022,0.4
07/12/2022,20.1
08/12/2022,26.3
09/12/2022,129.5
10/12/2022,61.1
11/12/2022,74.2
12/12/2022,30.6
13/12/2022,15.2
14/12/2022,9.4
15/12/2022,18.0
16/12/2022,5.9
17/12/2022,40.5
18/12/2022,412.9
19/12/2022,301.6
20/12/2022,59.0
21/12/2022,5.4
22/12/2022,10.0
23/12/2022,0.0
24/12/2022,0.0
25/12/2022,5.0
26/12/2022,0.0
27/12/2022,1.0
28/12/2022,0.0
29/12/2022,0.0
30/12/2022,0.0
31/12/2022,0.0
01/01/2023,0.0
02/01/2023,0.4
03/01/2023,41.0
04/01/2023,1.2
05/01/2023,1.4
06/01/2023,27.0
07/01/2023,84.2
08/01/2023,54.7
09/01/2023,0.8
10/01/2023,2.0
11/01/2023,0.5
12/01/2023,2.4
13/01/2023,35.2
14/01/2023,3.4
15/01/2023,0.0
16/01/2023,0.3
17/01/2023,0.5
18/01/2023,4.6
19/01/2023,29.7
20/01/2023,29.6
21/01/2023,9.8
22/01/2023,8.4
23/01/2023,4.4
24/01/2023,1.1
25/01/2023,1.5
26/01/2023,3.2
27/01/2023,42.5
28/01/2023,40.9
29/01/2023,8.4
30/01/2023,25.2
31/01/2023,14.5
01/02/2023,13.3
02/02/2023,23.4
03/02/2023,28.0
04/02/2023,0.5
05/02/2023,11.6
06/02/2023,2.5
07/02/2023,0.4
08/02/2023,10.1
09/02/2023,0.0
10/02/2023,0.9
11/02/2023,17.1
12/02/2023,0.0
13/02/2023,0.0
14/02/2023,0.0
15/02/2023,0.0
16/02/2023,37.0
17/02/2023,1.5
18/02/2023,0.5
19/02/2023,0.0
20/02/2023,0.0
21/02/2023,0.5
22/02/2023,5.5
23/02/2023,0.0
24/02/2023,0.0
25/02/2023,1.5
26/02/2023,1.8
27/02/2023,7.4
28/02/2023,2.8
01/03/2023,3.0
02/03/2023,7.9
03/03/2023,11.1
04/03/2023,0.5
05/03/2023,1.0
06/03/2023,2.0
07/03/2023,0.3
08/03/2023,1.5
09/03/2023,1.5
10/03/2023,8.4
11/03/2023,0.7
12/03/2023,0.0
13/03/2023,0.0
14/03/2023,0.0
15/03/2023,0.0
16/03/2023,2.0
17/03/2023,0.0
18/03/2023,0.0
19/03/2023,0.0
20/03/2023,0.0
21/03/2023,0.0
22/03/2023,0.0
23/03/2023,0.0
24/03/2023,0.0
25/03/2023,0.0
26/03/2023,0.0
27/03/2023,0.0
28/03/2023,0.0
29/03/2023,0.0
30/03/2023,0.0
31/03/2023,0.0
01/04/2023,0.0
02/04/2023,0.0
03/04/2023,11.0
04/04/2023,0.5
05/04/2023,0.5
06/04/2023,0.0
07/04/2023,0.0
08/04/2023,0.0
09/04/2023,0.0
10/04/2023,0.0
11/04/2023,0.0
12/04/2023,0.0
13/04/2023,0.0
14/04/2023,0.0
15/04/2023,0.0
16/04/2023,0.0
17/04/2023,0.0
18/04/2023,3.0
19/04/2023,0.0
20/04/2023,0.0
21/04/2023,3.0
22/04/2023,0.0
23/04/2023,0.0
24/04/2023,0.0
25/04/2023,0.4
26/04/2023,10.0
27/04/2023,1.1
28/04/2023,7.0
29/04/2023,0.0
30/04/2023,15.0
01/05/2023,0.4
02/05/2023,22.3
03/05/2023,9.4
04/05/2023,0.5
05/05/2023,0.0
06/05/2023,0.0
07/05/2023,0.0
08/05/2023,0.0
09/05/2023,2.9
10/05/2023,3.6
11/05/2023,0.0
12/05/2023,0.0
13/05/2023,0.0
14/05/2023,0.0
15/05/2023,0.0
16/05/2023,0.0
17/05/2023,53.0
18/05/2023,1.0
19/05/2023,0.0
20/05/2023,0.5
21/05/2023,5.5
22/05/2023,23.0
23/05/2023,0.0
24/05/2023,0.0
25/05/2023,4.0
26/05/2023,0.0
27/05/2023,1.0
28/05/2023,1.0
29/05/2023,5.5
30/05/2023,0.0
31/05/2023,0.0
01/06/2023,0.0
02/06/2023,1.0
03/06/2023,50.5
04/06/2023,0.5
05/06/2023,3.5
