Date,Value (mm)
25/01/1986,6.0
26/01/1986,0.5
27/01/1986,0.0
28/01/1986,0.0
29/01/1986,0.0
30/01/1986,0.0
31/01/1986,0.0
01/02/1986,0.0
02/02/1986,0.0
03/02/1986,0.0
04/02/1986,0.0
05/02/1986,0.0
06/02/1986,0.0
07/02/1986,0.0
08/02/1986,0.0
09/02/1986,0.0
10/02/1986,0.0
11/02/1986,0.0
12/02/1986,0.0
13/02/1986,0.0
14/02/1986,0.0
15/02/1986,0.0
16/02/1986,0.0
17/02/1986,0.0
18/02/1986,0.0
19/02/1986,0.0
20/02/1986,0.0
21/02/1986,0.0
22/02/1986,0.0
23/02/1986,0.0
24/02/1986,0.0
25/02/1986,0.0
26/02/1986,0.0
27/02/1986,0.0
28/02/1986,0.0
01/03/1986,0.0
02/03/1986,0.0
03/03/1986,0.0
04/03/1986,0.0
05/03/1986,0.0
06/03/1986,0.0
07/03/1986,0.0
08/03/1986,0.0
09/03/1986,0.0
10/03/1986,0.0
11/03/1986,0.0
12/03/1986,0.0
13/03/1986,0.0
14/03/1986,0.0
15/03/1986,0.0
16/03/1986,0.0
17/03/1986,0.0
18/03/1986,0.0
19/03/1986,0.0
20/03/1986,0.0
21/03/1986,0.0
22/03/1986,0.0
23/03/1986,0.0
24/03/1986,0.0
25/03/1986,0.0
26/03/1986,0.0
27/03/1986,0.0
28/03/1986,0.0
29/03/1986,0.0
30/03/1986,0.0
31/03/1986,0.0
01/04/1986,0.0
02/04/1986,0.0
03/04/1986,0.0
04/04/1986,0.0
05/04/1986,0.0
06/04/1986,0.0
07/04/1986,0.0
08/04/1986,0.0
09/04/1986,0.0
10/04/1986,0.0
11/04/1986,0.0
12/04/1986,0.0
13/04/1986,0.0
14/04/1986,0.0
15/04/1986,0.0
16/04/1986,0.0
17/04/1986,0.0
18/04/1986,0.0
19/04/1986,0.0
20/04/1986,0.0
21/04/1986,0.0
22/04/1986,0.0
23/04/1986,0.0
24/04/1986,0.0
25/04/1986,0.0
26/04/1986,0.0
27/04/1986,0.0
28/04/1986,0.0
29/04/1986,0.0
30/04/1986,0.0
01/05/1986,0.0
02/05/1986,0.0
03/05/1986,0.0
04/05/1986,0.0
05/05/1986,0.0
06/05/1986,0.0
07/05/1986,0.0
08/05/1986,0.0
09/05/1986,0.0
10/05/1986,0.0
11/05/1986,0.0
12/05/1986,0.0
13/05/1986,0.0
14/05/1986,0.0
15/05/1986,0.0
16/05/1986,0.0
17/05/1986,0.0
18/05/1986,0.0
19/05/1986,0.0
20/05/1986,0.0
21/05/1986,0.0
22/05/1986,0.0
23/05/1986,0.0
24/05/1986,0.0
25/05/1986,0.0
26/05/1986,0.0
27/05/1986,0.0
28/05/1986,0.0
29/05/1986,0.0
30/05/1986,0.0
31/05/1986,0.0
01/06/1986,0.0
02/06/1986,0.0
03/06/1986,0.0
04/06/1986,0.0
05/06/1986,0.0
06/06/1986,0.0
07/06/1986,0.0
08/06/1986,0.0
09/06/1986,0.0
10/06/1986,0.0
11/06/1986,0.0
12/06/1986,0.0
13/06/1986,0.0
14/06/1986,0.0
15/06/1986,0.0
16/06/1986,0.0
17/06/1986,0.0
18/06/1986,0.0
19/06/1986,0.0
20/06/1986,0.0
21/06/1986,0.0
22/06/1986,0.0
23/06/1986,0.0
24/06/1986,0.0
25/06/1986,0.0
26/06/1986,0.0
27/06/1986,0.0
28/06/1986,0.0
29/06/1986,0.0
30/06/1986,0.0
01/07/1986,0.0
02/07/1986,0.0
03/07/1986,0.0
04/07/1986,0.0
05/07/1986,0.0
06/07/1986,0.0
07/07/1986,0.0
08/07/1986,0.0
09/07/1986,0.0
10/07/1986,0.0
11/07/1986,0.0
12/07/1986,0.0
13/07/1986,0.0
14/07/1986,0.0
15/07/1986,0.0
16/07/1986,0.0
17/07/1986,0.0
18/07/1986,0.0
19/07/1986,0.0
20/07/1986,0.0
21/07/1986,0.0
22/07/1986,0.0
23/07/1986,0.0
24/07/1986,0.0
25/07/1986,0.0
26/07/1986,0.0
27/07/1986,0.0
28/07/1986,0.0
29/07/1986,0.0
30/07/1986,0.0
31/07/1986,0.0
01/08/1986,0.0
02/08/1986,0.0
03/08/1986,0.0
04/08/1986,0.0
05/08/1986,0.0
06/08/1986,0.0
07/08/1986,0.0
08/08/1986,0.0
09/08/1986,0.0
10/08/1986,0.0
11/08/1986,0.0
12/08/1986,0.0
13/08/1986,0.0
14/08/1986,0.0
15/08/1986,0.0
16/08/1986,0.0
17/08/1986,0.0
18/08/1986,0.0
19/08/1986,0.0
20/08/1986,0.0
21/08/1986,0.0
22/08/1986,0.0
23/08/1986,0.0
24/08/1986,0.0
25/08/1986,0.0
26/08/1986,0.0
27/08/1986,0.0
28/08/1986,0.0
29/08/1986,0.0
30/08/1986,0.0
31/08/1986,0.0
01/09/1986,0.0
02/09/1986,0.0
03/09/1986,0.0
04/09/1986,0.0
05/09/1986,0.0
06/09/1986,0.0
07/09/1986,0.0
08/09/1986,0.0
09/09/1986,0.0
10/09/1986,0.0
11/09/1986,0.0
12/09/1986,0.0
13/09/1986,0.0
14/09/1986,0.0
15/09/1986,0.0
16/09/1986,0.0
17/09/1986,0.0
18/09/1986,0.0
19/09/1986,0.0
20/09/1986,0.0
21/09/1986,0.0
22/09/1986,0.0
23/09/1986,0.0
24/09/1986,0.0
25/09/1986,0.0
26/09/1986,0.0
27/09/1986,0.0
28/09/1986,0.0
29/09/1986,0.0
30/09/1986,0.0
01/10/1986,0.0
02/10/1986,0.0
03/10/1986,0.0
04/10/1986,0.0
05/10/1986,0.0
06/10/1986,0.0
07/10/1986,0.0
08/10/1986,0.0
09/10/1986,0.0
10/10/1986,0.0
11/10/1986,10.0
12/10/1986,0.0
13/10/1986,0.0
14/10/1986,0.0
15/10/1986,5.0
16/10/1986,0.5
17/10/1986,0.0
18/10/1986,0.0
19/10/1986,8.5
20/10/1986,21.0
21/10/1986,2.5
22/10/1986,9.0
23/10/1986,0.5
24/10/1986,0.0
25/10/1986,6.0
26/10/1986,0.0
27/10/1986,15.5
28/10/1986,0.0
29/10/1986,3.5
30/10/1986,0.0
31/10/1986,8.0
01/11/1986,5.0
02/11/1986,0.0
03/11/1986,7.0
04/11/1986,21.5
05/11/1986,0.5
06/11/1986,6.5
07/11/1986,19.0
08/11/1986,0.0
09/11/1986,3.0
10/11/1986,0.0
11/11/1986,0.0
12/11/1986,0.0
13/11/1986,12.0
14/11/1986,51.5
15/11/1986,6.5
16/11/1986,49.5
17/11/1986,0.0
18/11/1986,0.0
19/11/1986,15.0
20/11/1986,9.0
21/11/1986,0.0
22/11/1986,0.0
23/11/1986,0.0
24/11/1986,0.0
25/11/1986,16.1
26/11/1986,53.9
27/11/1986,177.6
28/11/1986,119.2
29/11/1986,201.0
30/11/1986,458.1
01/12/1986,173.4
02/12/1986,38.2
03/12/1986,86.5
04/12/1986,3.0
05/12/1986,0.0
06/12/1986,9.0
07/12/1986,6.5
08/12/1986,7.5
09/12/1986,21.5
10/12/1986,10.5
11/12/1986,4.5
12/12/1986,0.0
13/12/1986,0.0
14/12/1986,0.0
15/12/1986,0.0
16/12/1986,24.2
17/12/1986,66.8
18/12/1986,23.0
19/12/1986,121.0
20/12/1986,1.0
21/12/1986,9.0
22/12/1986,1.0
23/12/1986,0.5
24/12/1986,0.0
25/12/1986,0.0
26/12/1986,0.0
27/12/1986,14.5
28/12/1986,15.5
29/12/1986,40.5
30/12/1986,3.5
31/12/1986,0.0
01/01/1987,0.0
02/01/1987,0.0
03/01/1987,0.0
04/01/1987,0.0
05/01/1987,12.0
06/01/1987,12.0
07/01/1987,20.5
08/01/1987,29.0
09/01/1987,41.5
10/01/1987,18.0
11/01/1987,10.5
12/01/1987,4.5
13/01/1987,13.0
14/01/1987,0.0
15/01/1987,0.0
16/01/1987,8.5
17/01/1987,0.5
18/01/1987,0.0
19/01/1987,0.0
20/01/1987,0.5
21/01/1987,1.5
22/01/1987,0.5
23/01/1987,0.0
24/01/1987,1.0
25/01/1987,8.5
26/01/1987,3.5
27/01/1987,4.5
28/01/1987,10.5
29/01/1987,1.5
30/01/1987,0.5
31/01/1987,0.0
01/02/1987,0.0
02/02/1987,0.0
03/02/1987,0.0
04/02/1987,0.5
05/02/1987,0.0
06/02/1987,0.0
07/02/1987,0.0
08/02/1987,0.0
09/02/1987,0.0
28/04/1987,8.0
29/04/1987,0.0
30/04/1987,20.0
01/05/1987,0.5
02/05/1987,0.0
03/05/1987,0.0
04/05/1987,38.5
05/05/1987,0.0
06/05/1987,0.0
07/05/1987,0.5
08/05/1987,0.0
09/05/1987,1.5
10/05/1987,1.0
11/05/1987,3.5
12/05/1987,0.0
15/05/1987,9.5
16/05/1987,0.0
17/05/1987,0.0
18/05/1987,21.0
19/05/1987,12.5
20/05/1987,0.5
21/05/1987,0.0
22/05/1987,13.5
23/05/1987,0.0
24/05/1987,0.0
25/05/1987,0.0
26/05/1987,0.0
27/05/1987,0.0
28/05/1987,47.5
29/05/1987,5.0
30/05/1987,0.0
31/05/1987,0.0
01/06/1987,0.0
02/06/1987,0.0
03/06/1987,73.0
04/06/1987,8.0
05/06/1987,27.0
06/06/1987,0.0
07/06/1987,52.5
08/06/1987,5.0
09/06/1987,15.0
10/06/1987,7.5
11/06/1987,0.0
12/06/1987,9.0
20/06/1987,25.5
21/06/1987,1.5
22/06/1987,0.5
23/06/1987,0.0
24/06/1987,0.0
25/06/1987,0.0
26/06/1987,0.0
27/06/1987,16.3
28/06/1987,3.7
29/06/1987,0.0
30/06/1987,0.0
01/07/1987,0.0
02/07/1987,0.0
03/07/1987,0.0
04/07/1987,0.0
05/07/1987,0.0
06/07/1987,0.0
07/07/1987,0.0
08/07/1987,0.0
09/07/1987,0.0
10/07/1987,0.0
11/07/1987,0.0
12/07/1987,0.0
13/07/1987,0.0
14/07/1987,0.0
15/07/1987,2.0
16/07/1987,0.0
17/07/1987,0.0
18/07/1987,0.0
19/07/1987,0.0
20/07/1987,5.0
21/07/1987,42.5
22/07/1987,0.0
23/07/1987,0.0
24/07/1987,0.0
03/08/1987,0.5
04/08/1987,0.5
05/08/1987,16.0
06/08/1987,0.0
07/08/1987,24.4
08/08/1987,16.5
09/08/1987,3.1
10/08/1987,0.0
11/08/1987,32.5
12/08/1987,11.5
13/08/1987,1.5
14/08/1987,36.0
15/08/1987,14.0
16/08/1987,10.5
17/08/1987,0.5
18/08/1987,0.0
19/08/1987,2.5
20/08/1987,0.5
21/08/1987,64.5
22/08/1987,4.0
23/08/1987,0.0
24/08/1987,0.0
25/08/1987,0.0
26/08/1987,0.5
27/08/1987,0.0
28/08/1987,0.0
29/08/1987,0.0
30/08/1987,42.0
31/08/1987,1.0
01/09/1987,0.0
02/09/1987,2.5
03/09/1987,26.5
04/09/1987,22.0
05/09/1987,0.0
06/09/1987,4.5
07/09/1987,16.5
08/09/1987,17.0
09/09/1987,10.5
10/09/1987,17.0
11/09/1987,8.0
12/09/1987,7.5
13/09/1987,6.5
14/09/1987,0.0
15/09/1987,40.0
16/09/1987,27.0
17/09/1987,71.0
18/09/1987,0.0
19/09/1987,0.0
20/09/1987,0.0
21/09/1987,16.0
22/09/1987,0.0
23/09/1987,0.0
24/09/1987,0.0
25/09/1987,10.5
26/09/1987,3.5
27/09/1987,2.0
28/09/1987,2.5
29/09/1987,0.0
30/09/1987,0.5
01/10/1987,1.5
02/10/1987,0.5
03/10/1987,1.5
04/10/1987,0.0
05/10/1987,2.5
06/10/1987,13.5
07/10/1987,0.5
08/10/1987,3.5
09/10/1987,29.0
10/10/1987,22.0
11/10/1987,2.0
12/10/1987,0.0
13/10/1987,0.0
14/10/1987,0.0
15/10/1987,0.0
16/10/1987,0.0
17/10/1987,6.0
18/10/1987,29.5
19/10/1987,6.5
20/10/1987,0.0
21/10/1987,0.0
22/10/1987,0.0
23/10/1987,0.0
24/10/1987,6.5
25/10/1987,10.0
26/10/1987,7.5
27/10/1987,2.5
28/10/1987,5.5
29/10/1987,4.5
30/10/1987,3.5
31/10/1987,0.0
01/11/1987,3.0
02/11/1987,0.0
03/11/1987,19.5
04/11/1987,0.0
05/11/1987,0.0
06/11/1987,0.0
07/11/1987,0.0
08/11/1987,0.0
09/11/1987,3.5
10/11/1987,49.5
11/11/1987,7.0
12/11/1987,0.5
13/11/1987,32.5
14/11/1987,0.0
15/11/1987,2.5
16/11/1987,4.0
17/11/1987,4.5
18/11/1987,0.0
19/11/1987,0.0
20/11/1987,0.5
21/11/1987,2.0
22/11/1987,10.0
23/11/1987,2.0
24/11/1987,1.0
25/11/1987,0.0
26/11/1987,5.5
27/11/1987,0.0
28/11/1987,8.5
29/11/1987,1.5
30/11/1987,4.0
01/12/1987,37.0
02/12/1987,92.0
03/12/1987,450.5
04/12/1987,21.6
05/12/1987,1.5
06/12/1987,184.5
07/12/1987,77.5
08/12/1987,27.0
09/12/1987,41.0
10/12/1987,70.0
11/12/1987,62.5
12/12/1987,9.5
13/12/1987,6.0
14/12/1987,16.0
15/12/1987,1.0
16/12/1987,0.0
17/12/1987,10.0
18/12/1987,0.5
19/12/1987,0.0
20/12/1987,0.0
21/12/1987,11.0
22/12/1987,0.5
23/12/1987,4.0
24/12/1987,0.5
25/12/1987,9.6
26/12/1987,20.4
27/12/1987,11.5
28/12/1987,25.0
29/12/1987,3.0
30/12/1987,0.0
31/12/1987,0.0
01/01/1988,0.0
02/01/1988,0.0
03/01/1988,7.0
04/01/1988,0.5
05/01/1988,1.5
06/01/1988,0.5
07/01/1988,0.0
08/01/1988,0.0
09/01/1988,1.0
10/01/1988,4.0
11/01/1988,3.5
12/01/1988,3.0
13/01/1988,4.0
14/01/1988,21.5
15/01/1988,0.0
16/01/1988,0.5
17/01/1988,0.0
18/01/1988,0.0
19/01/1988,0.0
20/01/1988,0.0
21/01/1988,0.0
22/01/1988,0.0
23/01/1988,0.0
24/01/1988,0.0
25/01/1988,6.2
26/01/1988,4.2
27/01/1988,26.5
28/01/1988,10.5
29/01/1988,0.0
30/01/1988,0.0
31/01/1988,4.0
01/02/1988,2.5
02/02/1988,0.0
03/02/1988,0.0
04/02/1988,0.0
05/02/1988,0.0
06/02/1988,0.0
07/02/1988,2.0
08/02/1988,0.5
09/02/1988,0.0
10/02/1988,0.0
11/02/1988,0.0
12/02/1988,0.0
13/02/1988,0.0
14/02/1988,0.0
15/02/1988,0.0
16/02/1988,0.0
17/02/1988,0.0
18/02/1988,4.5
19/02/1988,8.0
20/02/1988,4.0
21/02/1988,6.5
22/02/1988,0.5
23/02/1988,0.0
24/02/1988,36.0
25/02/1988,1.0
26/02/1988,0.0
27/02/1988,0.0
28/02/1988,0.0
29/02/1988,0.0
01/03/1988,0.0
02/03/1988,0.0
03/03/1988,0.0
04/03/1988,0.0
05/03/1988,0.0
06/03/1988,0.0
07/03/1988,0.0
08/03/1988,0.0
09/03/1988,0.0
10/03/1988,0.0
11/03/1988,0.0
12/03/1988,0.0
13/03/1988,0.0
14/03/1988,0.0
15/03/1988,0.0
16/03/1988,0.0
17/03/1988,0.0
18/03/1988,0.0
19/03/1988,0.0
20/03/1988,0.0
21/03/1988,0.0
22/03/1988,0.5
23/03/1988,0.0
24/03/1988,0.0
25/03/1988,0.0
26/03/1988,0.0
27/03/1988,0.0
28/03/1988,0.0
29/03/1988,0.0
30/03/1988,1.5
31/03/1988,0.0
01/04/1988,0.0
02/04/1988,0.0
03/04/1988,0.0
04/04/1988,0.0
05/04/1988,1.0
06/04/1988,17.5
07/04/1988,0.0
08/04/1988,1.5
09/04/1988,9.5
10/04/1988,16.5
11/04/1988,16.5
12/04/1988,0.0
13/04/1988,0.0
14/04/1988,0.0
15/04/1988,0.0
16/04/1988,9.0
17/04/1988,0.5
18/04/1988,1.0
19/04/1988,0.0
20/04/1988,0.0
21/04/1988,0.0
22/04/1988,0.0
23/04/1988,0.0
24/04/1988,0.0
25/04/1988,0.0
26/04/1988,1.0
27/04/1988,0.5
28/04/1988,0.0
29/04/1988,7.0
30/04/1988,16.0
01/05/1988,10.0
02/05/1988,0.0
03/05/1988,3.5
04/05/1988,0.0
05/05/1988,0.0
06/05/1988,8.0
07/05/1988,0.5
08/05/1988,0.5
09/05/1988,0.0
10/05/1988,0.0
11/05/1988,0.0
12/05/1988,15.5
13/05/1988,5.0
14/05/1988,0.0
15/05/1988,0.0
16/05/1988,6.5
17/05/1988,0.0
18/05/1988,1.5
19/05/1988,0.0
20/05/1988,24.5
21/05/1988,4.0
22/05/1988,0.0
23/05/1988,14.0
24/05/1988,7.0
25/05/1988,0.0
26/05/1988,0.0
27/05/1988,0.0
28/05/1988,1.5
29/05/1988,0.0
30/05/1988,0.5
31/05/1988,0.0
01/06/1988,6.5
02/06/1988,0.0
03/06/1988,6.0
04/06/1988,0.0
05/06/1988,0.0
06/06/1988,0.0
07/06/1988,0.0
08/06/1988,0.0
09/06/1988,0.0
10/06/1988,0.0
11/06/1988,0.0
12/06/1988,0.0
13/06/1988,42.0
14/06/1988,0.0
15/06/1988,0.0
16/06/1988,6.5
17/06/1988,0.5
18/06/1988,0.5
19/06/1988,0.0
20/06/1988,4.0
21/06/1988,0.0
22/06/1988,2.5
23/06/1988,0.0
24/06/1988,0.0
25/06/1988,0.0
26/06/1988,0.0
27/06/1988,4.0
28/06/1988,0.0
29/06/1988,4.0
30/06/1988,10.5
01/07/1988,4.0
02/07/1988,0.0
03/07/1988,0.0
04/07/1988,0.0
05/07/1988,4.0
06/07/1988,5.0
07/07/1988,0.5
08/07/1988,5.5
09/07/1988,9.5
10/07/1988,4.0
11/07/1988,0.0
12/07/1988,13.0
13/07/1988,17.2
14/07/1988,4.3
15/07/1988,0.0
16/07/1988,0.0
17/07/1988,0.0
18/07/1988,0.0
19/07/1988,3.0
20/07/1988,0.0
21/07/1988,0.0
22/07/1988,15.5
23/07/1988,0.0
24/07/1988,0.0
25/07/1988,26.5
26/07/1988,0.0
27/07/1988,1.5
28/07/1988,2.0
29/07/1988,0.0
30/07/1988,21.0
31/07/1988,1.5
01/08/1988,0.5
02/08/1988,0.0
03/08/1988,8.5
04/08/1988,1.0
05/08/1988,6.0
06/08/1988,0.0
07/08/1988,14.0
08/08/1988,0.0
09/08/1988,0.0
10/08/1988,0.0
11/08/1988,1.5
12/08/1988,0.0
13/08/1988,0.5
14/08/1988,0.5
15/08/1988,0.0
16/08/1988,0.0
17/08/1988,0.0
18/08/1988,0.0
19/08/1988,12.0
20/08/1988,5.0
21/08/1988,7.5
22/08/1988,2.0
23/08/1988,0.5
24/08/1988,1.5
25/08/1988,3.0
26/08/1988,29.5
27/08/1988,0.0
28/08/1988,0.5
29/08/1988,0.0
30/08/1988,1.0
31/08/1988,0.0
01/09/1988,0.0
02/09/1988,4.0
03/09/1988,0.0
04/09/1988,0.5
05/09/1988,2.5
06/09/1988,26.5
07/09/1988,3.5
08/09/1988,0.0
09/09/1988,0.0
10/09/1988,0.5
11/09/1988,0.0
12/09/1988,7.5
13/09/1988,0.0
14/09/1988,10.0
15/09/1988,1.0
16/09/1988,61.0
17/09/1988,40.2
18/09/1988,14.8
19/09/1988,0.0
20/09/1988,27.9
21/09/1988,3.6
22/09/1988,34.0
23/09/1988,0.5
24/09/1988,0.0
25/09/1988,1.0
26/09/1988,8.5
27/09/1988,26.0
28/09/1988,0.5
29/09/1988,3.5
30/09/1988,6.5
01/10/1988,1.0
02/10/1988,1.5
03/10/1988,28.5
04/10/1988,7.0
05/10/1988,19.5
06/10/1988,1.5
07/10/1988,0.0
08/10/1988,0.0
09/10/1988,0.0
10/10/1988,4.5
11/10/1988,0.0
12/10/1988,0.0
13/10/1988,0.5
14/10/1988,0.5
15/10/1988,0.0
16/10/1988,2.0
17/10/1988,20.9
18/10/1988,5.1
19/10/1988,12.0
20/10/1988,0.0
21/10/1988,0.0
22/10/1988,0.0
23/10/1988,0.5
24/10/1988,0.0
25/10/1988,1.0
26/10/1988,2.5
27/10/1988,28.0
28/10/1988,3.5
29/10/1988,0.5
30/10/1988,15.5
31/10/1988,6.5
01/11/1988,1.5
02/11/1988,60.5
03/11/1988,66.7
04/11/1988,134.8
05/11/1988,37.8
06/11/1988,23.2
07/11/1988,0.0
08/11/1988,0.0
09/11/1988,0.5
10/11/1988,4.5
11/11/1988,0.5
12/11/1988,0.0
13/11/1988,32.5
14/11/1988,0.5
15/11/1988,2.0
16/11/1988,3.0
17/11/1988,5.0
18/11/1988,61.9
19/11/1988,249.1
20/11/1988,275.8
21/11/1988,27.7
22/11/1988,0.0
23/11/1988,8.5
24/11/1988,2.0
25/11/1988,0.0
26/11/1988,0.0
27/11/1988,20.0
28/11/1988,26.0
29/11/1988,31.5
30/11/1988,167.4
01/12/1988,161.1
02/12/1988,130.0
03/12/1988,104.0
04/12/1988,0.0
05/12/1988,5.5
06/12/1988,0.0
07/12/1988,0.0
08/12/1988,0.0
09/12/1988,0.0
10/12/1988,0.0
11/12/1988,0.0
12/12/1988,0.0
13/12/1988,2.0
14/12/1988,0.5
15/12/1988,0.0
16/12/1988,0.5
17/12/1988,8.5
18/12/1988,0.0
19/12/1988,53.0
20/12/1988,18.5
21/12/1988,0.0
22/12/1988,13.5
23/12/1988,2.0
24/12/1988,0.0
25/12/1988,0.0
26/12/1988,0.0
27/12/1988,0.0
28/12/1988,0.0
29/12/1988,0.5
30/12/1988,0.5
31/12/1988,13.5
01/01/1989,15.0
02/01/1989,7.0
03/01/1989,8.0
04/01/1989,0.5
05/01/1989,1.0
06/01/1989,3.0
07/01/1989,0.5
08/01/1989,0.0
09/01/1989,0.0
10/01/1989,19.1
11/01/1989,2.9
12/01/1989,7.0
13/01/1989,54.5
14/01/1989,3.5
15/01/1989,6.0
16/01/1989,9.0
17/01/1989,5.5
18/01/1989,0.0
19/01/1989,0.0
20/01/1989,0.0
21/01/1989,0.0
22/01/1989,0.0
23/01/1989,45.5
24/01/1989,0.0
25/01/1989,0.0
26/01/1989,0.0
27/01/1989,0.0
28/01/1989,0.0
29/01/1989,0.0
30/01/1989,0.0
31/01/1989,3.5
01/02/1989,0.5
02/02/1989,0.0
03/02/1989,0.0
04/02/1989,0.0
05/02/1989,0.0
06/02/1989,0.0
07/02/1989,0.0
08/02/1989,0.0
09/02/1989,0.0
10/02/1989,0.0
11/02/1989,0.0
12/02/1989,0.0
13/02/1989,0.0
14/02/1989,0.0
15/02/1989,0.0
16/02/1989,0.0
17/02/1989,0.0
18/02/1989,0.0
19/02/1989,0.0
20/02/1989,0.0
21/02/1989,0.0
22/02/1989,0.0
23/02/1989,13.0
24/02/1989,0.0
25/02/1989,0.0
26/02/1989,0.0
27/02/1989,0.0
28/02/1989,0.0
01/03/1989,0.0
02/03/1989,0.0
03/03/1989,0.0
04/03/1989,0.0
05/03/1989,2.0
06/03/1989,19.0
07/03/1989,0.0
08/03/1989,0.0
09/03/1989,25.5
10/03/1989,1.5
11/03/1989,0.0
12/03/1989,0.0
13/03/1989,0.0
30/03/1989,0.5
31/03/1989,0.0
01/04/1989,1.0
02/04/1989,0.5
03/04/1989,0.5
04/04/1989,0.0
05/04/1989,3.5
06/04/1989,0.0
07/04/1989,0.0
08/04/1989,0.0
09/04/1989,0.0
10/04/1989,2.0
11/04/1989,0.0
12/04/1989,3.0
13/04/1989,1.5
14/04/1989,0.0
15/04/1989,0.0
16/04/1989,13.5
17/04/1989,2.0
18/04/1989,0.0
19/04/1989,0.0
20/04/1989,0.0
21/04/1989,1.0
22/04/1989,0.0
23/04/1989,19.0
24/04/1989,0.5
25/04/1989,0.0
26/04/1989,11.5
27/04/1989,0.5
28/04/1989,0.5
29/04/1989,1.0
30/04/1989,0.0
01/05/1989,0.0
02/05/1989,0.0
03/05/1989,3.0
04/05/1989,0.5
05/05/1989,17.0
06/05/1989,0.0
07/05/1989,0.0
08/05/1989,0.0
09/05/1989,14.5
10/05/1989,0.0
11/05/1989,1.0
12/05/1989,15.0
13/05/1989,0.0
14/05/1989,0.0
15/05/1989,0.0
16/05/1989,0.0
17/05/1989,0.0
18/05/1989,0.0
19/05/1989,0.0
20/05/1989,0.5
21/05/1989,0.5
22/05/1989,0.0
23/05/1989,0.0
24/05/1989,7.5
25/05/1989,0.5
26/05/1989,0.0
27/05/1989,22.5
28/05/1989,0.0
29/05/1989,0.0
30/05/1989,2.5
31/05/1989,0.0
01/06/1989,0.0
02/06/1989,0.0
03/06/1989,0.0
04/06/1989,0.0
05/06/1989,0.0
06/06/1989,2.0
07/06/1989,0.5
08/06/1989,0.0
09/06/1989,36.0
10/06/1989,0.0
11/06/1989,0.0
12/06/1989,0.0
13/06/1989,0.0
14/06/1989,0.0
15/06/1989,0.0
16/06/1989,0.0
17/06/1989,0.0
18/06/1989,6.5
19/06/1989,26.5
20/06/1989,0.0
21/06/1989,0.0
22/06/1989,15.5
23/06/1989,26.0
01/07/1989,11.0
02/07/1989,1.0
03/07/1989,0.0
04/07/1989,0.0
05/07/1989,0.5
06/07/1989,8.5
07/07/1989,4.0
08/07/1989,2.5
09/07/1989,0.5
10/07/1989,0.0
11/07/1989,0.0
12/07/1989,0.0
13/07/1989,0.0
14/07/1989,0.0
15/07/1989,0.0
16/07/1989,2.5
17/07/1989,0.0
18/07/1989,0.0
19/07/1989,0.0
20/07/1989,1.0
21/07/1989,0.0
22/07/1989,0.0
23/07/1989,0.0
24/07/1989,0.0
25/07/1989,2.0
26/07/1989,0.0
27/07/1989,0.0
28/07/1989,0.0
29/07/1989,0.0
30/07/1989,4.0
31/07/1989,0.0
01/08/1989,0.0
02/08/1989,0.0
03/08/1989,1.0
04/08/1989,0.0
05/08/1989,0.5
06/08/1989,0.0
07/08/1989,26.5
16/08/1989,2.5
17/08/1989,11.0
18/08/1989,2.5
19/08/1989,31.0
20/08/1989,0.0
21/08/1989,0.0
22/08/1989,0.0
23/08/1989,0.0
24/08/1989,0.0
25/08/1989,1.0
26/08/1989,0.0
27/08/1989,10.7
28/08/1989,26.8
29/08/1989,32.0
30/08/1989,0.5
31/08/1989,0.0
01/09/1989,13.0
02/09/1989,20.0
03/09/1989,30.5
04/09/1989,33.5
05/09/1989,0.5
06/09/1989,0.0
07/09/1989,0.0
08/09/1989,12.5
09/09/1989,12.0
10/09/1989,0.0
11/09/1989,0.0
12/09/1989,0.0
13/09/1989,11.5
14/09/1989,13.5
15/09/1989,31.5
16/09/1989,3.0
17/09/1989,0.5
18/09/1989,3.5
19/09/1989,1.5
20/09/1989,20.5
21/09/1989,0.0
22/09/1989,4.5
23/09/1989,8.5
24/09/1989,2.0
25/09/1989,0.0
26/09/1989,0.5
27/09/1989,2.0
28/09/1989,8.0
29/09/1989,44.5
30/09/1989,1.0
01/10/1989,0.0
02/10/1989,5.0
03/10/1989,0.5
04/10/1989,0.0
05/10/1989,6.0
06/10/1989,0.0
07/10/1989,2.0
08/10/1989,0.0
09/10/1989,0.0
10/10/1989,0.5
11/10/1989,25.5
12/10/1989,2.0
13/10/1989,17.5
14/10/1989,19.5
15/10/1989,3.5
16/10/1989,2.5
17/10/1989,0.0
18/10/1989,22.0
19/10/1989,1.5
20/10/1989,5.5
21/10/1989,1.0
22/10/1989,0.0
23/10/1989,44.0
24/10/1989,0.0
25/10/1989,0.0
26/10/1989,13.0
27/10/1989,5.0
28/10/1989,28.0
29/10/1989,0.0
30/10/1989,0.0
31/10/1989,4.0
01/11/1989,10.5
02/11/1989,0.0
03/11/1989,0.0
04/11/1989,0.0
05/11/1989,19.5
06/11/1989,3.5
07/11/1989,1.0
08/11/1989,2.0
09/11/1989,4.5
10/11/1989,36.5
11/11/1989,0.0
12/11/1989,46.0
13/11/1989,9.5
14/11/1989,17.0
15/11/1989,14.0
16/11/1989,4.5
17/11/1989,78.9
18/11/1989,72.1
19/11/1989,2.0
20/11/1989,1.2
21/11/1989,2.8
22/11/1989,0.5
23/11/1989,0.0
24/11/1989,0.0
25/11/1989,0.0
26/11/1989,0.0
27/11/1989,0.0
28/11/1989,25.0
29/11/1989,4.0
30/11/1989,28.5
01/12/1989,59.7
02/12/1989,9.8
03/12/1989,14.5
04/12/1989,1.5
05/12/1989,0.0
06/12/1989,0.0
07/12/1989,0.0
08/12/1989,0.0
09/12/1989,0.0
10/12/1989,0.0
11/12/1989,1.0
12/12/1989,8.5
13/12/1989,0.5
14/12/1989,3.0
15/12/1989,0.0
16/12/1989,3.5
17/12/1989,9.5
18/12/1989,1.5
19/12/1989,0.0
20/12/1989,0.0
21/12/1989,0.0
22/12/1989,4.5
23/12/1989,1.5
24/12/1989,56.0
25/12/1989,10.0
26/12/1989,0.0
27/12/1989,0.0
28/12/1989,18.5
29/12/1989,0.0
30/12/1989,24.5
31/12/1989,53.0
01/01/1990,0.0
02/01/1990,0.0
03/01/1990,0.0
04/01/1990,0.0
05/01/1990,0.5
06/01/1990,0.0
07/01/1990,0.7
08/01/1990,75.3
09/01/1990,33.0
10/01/1990,0.0
11/01/1990,6.0
12/01/1990,30.0
13/01/1990,17.0
14/01/1990,35.0
15/01/1990,4.0
16/01/1990,0.0
17/01/1990,3.0
18/01/1990,0.0
19/01/1990,0.0
20/01/1990,0.0
21/01/1990,42.2
22/01/1990,71.8
23/01/1990,4.5
24/01/1990,0.0
25/01/1990,0.0
26/01/1990,0.0
27/01/1990,0.0
28/01/1990,0.0
29/01/1990,0.0
30/01/1990,0.0
31/01/1990,0.0
01/02/1990,0.0
02/02/1990,8.7
03/02/1990,15.8
04/02/1990,1.0
05/02/1990,0.5
06/02/1990,20.5
07/02/1990,18.5
08/02/1990,9.0
09/02/1990,1.5
10/02/1990,5.0
11/02/1990,2.0
12/02/1990,10.5
13/02/1990,0.0
14/02/1990,0.0
15/02/1990,0.0
16/02/1990,0.0
17/02/1990,0.0
18/02/1990,0.0
19/02/1990,0.0
20/02/1990,0.0
21/02/1990,0.0
22/02/1990,0.0
23/02/1990,0.0
24/02/1990,0.0
25/02/1990,0.0
26/02/1990,0.0
27/02/1990,0.0
28/02/1990,0.0
01/03/1990,0.0
02/03/1990,0.0
03/03/1990,0.0
04/03/1990,0.0
05/03/1990,0.0
06/03/1990,0.0
07/03/1990,0.0
08/03/1990,0.0
09/03/1990,0.0
10/03/1990,0.0
11/03/1990,0.0
12/03/1990,0.0
13/03/1990,0.0
14/03/1990,0.0
15/03/1990,0.5
16/03/1990,9.0
17/03/1990,1.0
18/03/1990,0.0
19/03/1990,0.0
20/03/1990,0.0
21/03/1990,0.0
22/03/1990,0.0
23/03/1990,4.5
24/03/1990,0.0
25/03/1990,0.0
26/03/1990,0.0
27/03/1990,0.0
28/03/1990,3.0
29/03/1990,19.5
30/03/1990,0.0
31/03/1990,0.0
01/04/1990,0.0
02/04/1990,0.0
03/04/1990,0.0
04/04/1990,6.5
05/04/1990,0.0
06/04/1990,53.3
07/04/1990,37.7
08/04/1990,0.0
09/04/1990,0.0
10/04/1990,0.5
11/04/1990,0.0
12/04/1990,0.5
13/04/1990,14.0
14/04/1990,4.0
15/04/1990,5.0
16/04/1990,11.5
17/04/1990,4.5
18/04/1990,0.0
19/04/1990,0.0
20/04/1990,0.0
21/04/1990,0.5
22/04/1990,0.0
23/04/1990,0.0
24/04/1990,0.0
25/04/1990,2.0
26/04/1990,0.5
27/04/1990,4.5
28/04/1990,4.5
29/04/1990,0.5
30/04/1990,0.5
01/05/1990,2.5
02/05/1990,1.0
03/05/1990,1.5
04/05/1990,0.0
05/05/1990,0.0
06/05/1990,1.0
07/05/1990,4.5
08/05/1990,0.5
09/05/1990,5.0
10/05/1990,3.0
11/05/1990,4.5
12/05/1990,0.0
13/05/1990,0.0
14/05/1990,0.0
15/05/1990,0.0
16/05/1990,0.0
17/05/1990,32.0
18/05/1990,2.7
19/05/1990,58.8
20/05/1990,0.5
21/05/1990,0.0
22/05/1990,1.5
23/05/1990,0.0
24/05/1990,0.5
25/05/1990,1.0
26/05/1990,3.0
27/05/1990,0.0
28/05/1990,0.0
29/05/1990,0.0
30/05/1990,0.0
31/05/1990,27.5
01/06/1990,0.5
02/06/1990,0.0
03/06/1990,0.0
04/06/1990,0.0
05/06/1990,1.5
06/06/1990,22.5
07/06/1990,3.5
08/06/1990,0.5
09/06/1990,0.0
10/06/1990,0.0
11/06/1990,0.0
12/06/1990,0.0
13/06/1990,26.0
14/06/1990,30.0
15/06/1990,0.0
16/06/1990,0.0
17/06/1990,0.0
18/06/1990,0.0
19/06/1990,3.0
20/06/1990,1.5
21/06/1990,0.0
22/06/1990,0.0
23/06/1990,0.0
24/06/1990,0.0
25/06/1990,0.0
26/06/1990,11.5
27/06/1990,0.5
28/06/1990,0.0
29/06/1990,0.0
30/06/1990,0.0
01/07/1990,0.0
02/07/1990,0.0
03/07/1990,0.0
04/07/1990,0.0
05/07/1990,9.5
06/07/1990,0.0
07/07/1990,0.0
08/07/1990,0.0
09/07/1990,70.6
10/07/1990,23.9
11/07/1990,0.0
12/07/1990,0.0
13/07/1990,0.0
14/07/1990,1.0
15/07/1990,2.5
16/07/1990,0.0
17/07/1990,18.5
18/07/1990,16.5
19/07/1990,9.0
20/07/1990,5.0
21/07/1990,4.5
22/07/1990,1.5
23/07/1990,6.0
24/07/1990,31.0
25/07/1990,3.0
26/07/1990,0.0
27/07/1990,1.0
28/07/1990,58.5
29/07/1990,11.5
30/07/1990,0.0
31/07/1990,0.0
01/08/1990,1.9
02/08/1990,1.1
03/08/1990,17.5
04/08/1990,1.0
05/08/1990,18.0
06/08/1990,1.0
07/08/1990,20.0
08/08/1990,6.0
09/08/1990,17.0
10/08/1990,0.0
11/08/1990,4.5
12/08/1990,0.0
13/08/1990,0.4
14/08/1990,13.1
15/08/1990,6.0
16/08/1990,11.0
17/08/1990,0.0
18/08/1990,0.0
19/08/1990,0.0
20/08/1990,0.0
21/08/1990,0.0
22/08/1990,0.0
23/08/1990,0.0
24/08/1990,5.5
25/08/1990,3.0
26/08/1990,0.0
27/08/1990,1.0
28/08/1990,0.0
29/08/1990,0.0
30/08/1990,0.0
31/08/1990,0.0
01/09/1990,0.0
02/09/1990,0.0
03/09/1990,0.0
04/09/1990,5.0
05/09/1990,10.0
06/09/1990,0.0
07/09/1990,0.0
08/09/1990,0.0
09/09/1990,8.5
10/09/1990,0.0
11/09/1990,14.0
12/09/1990,0.0
13/09/1990,0.0
14/09/1990,20.0
15/09/1990,0.0
16/09/1990,0.0
17/09/1990,32.0
18/09/1990,58.0
19/09/1990,22.5
20/09/1990,0.0
21/09/1990,0.0
22/09/1990,9.8
23/09/1990,6.7
24/09/1990,5.5
25/09/1990,6.8
26/09/1990,13.7
27/09/1990,19.0
28/09/1990,1.0
29/09/1990,36.0
30/09/1990,13.5
01/10/1990,0.5
02/10/1990,0.0
03/10/1990,0.0
04/10/1990,4.0
05/10/1990,0.0
06/10/1990,0.0
07/10/1990,2.0
08/10/1990,0.0
09/10/1990,0.0
10/10/1990,0.0
11/10/1990,1.5
12/10/1990,18.0
13/10/1990,0.0
14/10/1990,5.0
15/10/1990,12.0
16/10/1990,14.5
17/10/1990,1.0
18/10/1990,20.5
19/10/1990,7.0
20/10/1990,0.0
21/10/1990,0.0
22/10/1990,0.0
23/10/1990,0.5
24/10/1990,8.0
25/10/1990,4.5
26/10/1990,35.5
27/10/1990,1.5
28/10/1990,7.0
29/10/1990,9.0
30/10/1990,9.0
31/10/1990,9.5
01/11/1990,0.5
02/11/1990,10.5
03/11/1990,0.0
04/11/1990,30.5
05/11/1990,0.0
06/11/1990,0.0
07/11/1990,0.0
05/12/1990,0.5
06/12/1990,5.0
07/12/1990,33.0
08/12/1990,30.0
09/12/1990,5.0
10/12/1990,37.5
11/12/1990,60.4
12/12/1990,144.1
13/12/1990,1.0
14/12/1990,17.5
15/12/1990,17.5
16/12/1990,16.0
17/12/1990,107.5
18/12/1990,24.5
19/12/1990,19.0
20/12/1990,13.5
21/12/1990,0.5
19/06/1991,0.0
20/06/1991,0.0
21/06/1991,0.8
22/06/1991,0.2
23/06/1991,0.0
24/06/1991,0.0
25/06/1991,19.5
26/06/1991,0.0
27/06/1991,0.0
28/06/1991,0.0
29/06/1991,0.0
30/06/1991,0.0
01/07/1991,3.0
02/07/1991,0.5
03/07/1991,0.0
04/07/1991,1.5
05/07/1991,5.0
06/07/1991,0.0
07/07/1991,0.5
08/07/1991,0.0
09/07/1991,0.0
10/07/1991,0.0
11/07/1991,0.0
12/07/1991,0.0
13/07/1991,0.0
14/07/1991,0.0
15/07/1991,3.0
16/07/1991,0.0
17/07/1991,19.0
18/07/1991,0.0
19/07/1991,20.0
20/07/1991,0.0
21/07/1991,0.0
22/07/1991,0.0
23/07/1991,12.0
24/07/1991,1.5
25/07/1991,0.5
26/07/1991,0.0
27/07/1991,0.0
28/07/1991,0.0
29/07/1991,0.0
30/07/1991,0.0
31/07/1991,11.0
01/08/1991,29.0
02/08/1991,6.5
03/08/1991,0.5
04/08/1991,0.0
05/08/1991,0.5
06/08/1991,33.0
07/08/1991,2.0
08/08/1991,29.0
09/08/1991,0.0
10/08/1991,9.5
11/08/1991,19.5
12/08/1991,0.0
13/08/1991,1.0
14/08/1991,35.5
15/08/1991,0.0
16/08/1991,0.0
17/08/1991,0.0
18/08/1991,0.0
19/08/1991,0.5
20/08/1991,0.0
21/08/1991,0.0
22/08/1991,0.0
23/08/1991,8.0
24/08/1991,0.0
25/08/1991,6.5
26/08/1991,64.1
27/08/1991,18.9
28/08/1991,0.0
29/08/1991,31.5
30/08/1991,8.0
31/08/1991,0.0
01/09/1991,1.0
02/09/1991,2.5
03/09/1991,0.5
04/09/1991,8.5
05/09/1991,0.0
06/09/1991,0.4
07/09/1991,3.6
08/09/1991,9.0
09/09/1991,37.5
10/09/1991,10.0
11/09/1991,0.0
12/09/1991,1.5
13/09/1991,37.0
14/09/1991,2.0
15/09/1991,55.0
16/09/1991,2.0
17/09/1991,0.5
23/09/1991,3.5
24/09/1991,5.5
25/09/1991,0.5
26/09/1991,19.5
27/09/1991,16.0
28/09/1991,0.0
29/09/1991,2.0
30/09/1991,0.0
01/10/1991,5.5
02/10/1991,7.0
03/10/1991,0.0
04/10/1991,0.0
05/10/1991,4.0
06/10/1991,1.0
07/10/1991,0.0
08/10/1991,30.2
09/10/1991,2.8
10/10/1991,0.0
11/10/1991,56.0
12/10/1991,8.0
13/10/1991,7.0
14/10/1991,0.5
15/10/1991,0.0
16/10/1991,0.0
17/10/1991,0.0
18/10/1991,0.0
19/10/1991,2.0
20/10/1991,0.5
21/10/1991,3.5
22/10/1991,0.0
23/10/1991,0.0
24/10/1991,29.5
25/10/1991,25.0
26/10/1991,3.5
27/10/1991,0.0
28/10/1991,0.0
29/10/1991,1.5
30/10/1991,0.0
31/10/1991,8.5
01/11/1991,0.0
02/11/1991,16.0
03/11/1991,0.0
04/11/1991,62.0
17/11/1991,0.0
18/11/1991,26.2
19/11/1991,101.3
20/11/1991,5.0
21/11/1991,12.5
22/11/1991,11.0
23/11/1991,92.4
24/11/1991,47.1
20/01/1992,1.0
21/01/1992,1.0
22/01/1992,28.5
23/01/1992,1.5
24/01/1992,0.0
25/01/1992,0.0
26/01/1992,0.0
27/01/1992,3.0
28/01/1992,1.5
29/01/1992,0.0
30/01/1992,0.0
31/01/1992,0.0
01/02/1992,0.0
02/02/1992,0.0
03/02/1992,0.0
04/02/1992,0.0
05/02/1992,0.0
06/02/1992,0.0
07/02/1992,0.0
08/02/1992,0.0
09/02/1992,0.0
10/02/1992,0.0
11/02/1992,0.5
12/02/1992,0.0
13/02/1992,0.0
14/02/1992,0.0
15/02/1992,2.5
16/02/1992,0.0
17/02/1992,11.0
18/02/1992,0.0
19/02/1992,6.0
20/02/1992,0.0
21/02/1992,0.0
22/02/1992,0.0
23/02/1992,3.0
24/02/1992,13.0
25/02/1992,57.5
26/02/1992,0.0
27/02/1992,0.0
28/02/1992,0.0
29/02/1992,0.0
01/03/1992,0.0
02/03/1992,0.0
03/03/1992,3.0
04/03/1992,0.0
05/03/1992,10.0
06/03/1992,0.0
07/03/1992,0.0
08/03/1992,0.0
09/03/1992,0.0
10/03/1992,0.0
11/03/1992,0.0
12/03/1992,0.0
13/03/1992,0.0
14/03/1992,0.0
15/03/1992,0.0
16/03/1992,0.0
17/03/1992,0.0
18/03/1992,0.0
19/03/1992,0.0
20/03/1992,0.0
21/03/1992,0.0
22/03/1992,0.0
23/03/1992,2.0
24/03/1992,0.0
25/03/1992,0.0
26/03/1992,0.0
27/03/1992,0.0
28/03/1992,0.0
29/03/1992,1.0
30/03/1992,0.0
31/03/1992,0.0
01/04/1992,0.0
02/04/1992,0.0
03/04/1992,0.0
04/04/1992,0.0
05/04/1992,3.0
06/04/1992,0.5
07/04/1992,0.0
08/04/1992,0.0
09/04/1992,0.0
10/04/1992,0.0
11/04/1992,5.0
12/04/1992,23.0
13/04/1992,0.0
14/04/1992,0.0
15/04/1992,0.0
16/04/1992,0.0
17/04/1992,0.0
18/04/1992,0.0
19/04/1992,3.5
20/04/1992,0.0
21/04/1992,0.0
22/04/1992,0.0
23/04/1992,0.0
24/04/1992,0.0
25/04/1992,0.0
26/04/1992,0.0
27/04/1992,0.0
28/04/1992,0.0
29/04/1992,1.5
30/04/1992,0.5
01/05/1992,19.5
02/05/1992,12.5
03/05/1992,0.0
04/05/1992,0.0
05/05/1992,0.5
06/05/1992,0.0
07/05/1992,0.0
08/05/1992,1.0
09/05/1992,2.0
10/05/1992,4.0
11/05/1992,0.5
12/05/1992,5.0
13/05/1992,4.5
14/05/1992,0.0
15/05/1992,0.5
16/05/1992,16.5
17/05/1992,31.0
18/05/1992,0.0
19/05/1992,0.0
20/05/1992,0.0
21/05/1992,0.0
22/05/1992,0.0
23/05/1992,0.0
24/05/1992,36.5
25/05/1992,0.0
26/05/1992,32.0
27/05/1992,10.0
28/05/1992,2.0
29/05/1992,2.5
30/05/1992,0.0
31/05/1992,0.0
01/06/1992,40.6
02/06/1992,4.4
03/06/1992,10.5
04/06/1992,31.5
05/06/1992,0.0
06/06/1992,32.0
07/06/1992,19.0
08/06/1992,0.5
09/06/1992,0.0
10/06/1992,0.0
11/06/1992,18.0
12/06/1992,1.6
13/06/1992,39.9
14/06/1992,1.5
15/06/1992,7.2
16/06/1992,4.8
17/06/1992,41.0
18/06/1992,3.0
19/06/1992,0.5
20/06/1992,0.0
21/06/1992,0.0
22/06/1992,0.0
23/06/1992,0.0
24/06/1992,26.5
25/06/1992,0.5
26/06/1992,0.0
27/06/1992,0.0
28/06/1992,1.0
29/06/1992,0.0
30/06/1992,0.0
01/07/1992,19.5
02/07/1992,0.5
03/07/1992,34.0
04/07/1992,0.5
05/07/1992,0.0
06/07/1992,0.0
07/07/1992,0.0
08/07/1992,0.0
09/07/1992,0.0
10/07/1992,0.5
11/07/1992,5.0
12/07/1992,18.8
13/07/1992,11.2
14/07/1992,0.0
15/07/1992,11.5
16/07/1992,0.0
17/07/1992,0.0
18/07/1992,0.0
19/07/1992,2.5
20/07/1992,0.0
21/07/1992,0.5
22/07/1992,1.0
23/07/1992,0.0
24/07/1992,0.0
25/07/1992,0.0
26/07/1992,0.5
27/07/1992,11.0
28/07/1992,5.5
29/07/1992,27.0
30/07/1992,0.0
31/07/1992,0.0
01/08/1992,0.0
02/08/1992,0.0
03/08/1992,2.5
04/08/1992,26.0
05/08/1992,1.0
06/08/1992,49.0
07/08/1992,14.0
08/08/1992,8.0
09/08/1992,16.5
10/08/1992,4.0
11/08/1992,0.0
12/08/1992,2.5
13/08/1992,0.0
14/08/1992,0.0
15/08/1992,0.0
16/08/1992,0.0
17/08/1992,0.0
18/08/1992,0.0
19/08/1992,6.0
20/08/1992,0.0
21/08/1992,0.0
22/08/1992,0.0
23/08/1992,5.0
24/08/1992,11.0
25/08/1992,0.0
26/08/1992,1.5
27/08/1992,0.0
28/08/1992,0.5
29/08/1992,0.0
30/08/1992,0.0
31/08/1992,0.0
01/09/1992,0.0
02/09/1992,3.5
03/09/1992,0.5
04/09/1992,1.5
05/09/1992,0.0
06/09/1992,2.0
07/09/1992,1.0
08/09/1992,0.0
09/09/1992,0.0
10/09/1992,0.0
11/09/1992,0.0
12/09/1992,0.0
13/09/1992,0.0
14/09/1992,0.0
15/09/1992,26.0
16/09/1992,0.0
17/09/1992,0.0
18/09/1992,85.5
19/09/1992,3.0
20/09/1992,14.5
21/09/1992,2.5
22/09/1992,0.0
23/09/1992,19.0
24/09/1992,0.0
25/09/1992,0.0
26/09/1992,0.0
27/09/1992,9.5
28/09/1992,29.5
29/09/1992,3.5
30/09/1992,2.0
01/10/1992,0.5
02/10/1992,0.0
03/10/1992,19.0
04/10/1992,59.6
05/10/1992,22.9
06/10/1992,6.0
07/10/1992,0.0
08/10/1992,0.0
09/10/1992,39.5
10/10/1992,22.1
11/10/1992,2.9
12/10/1992,0.0
13/10/1992,0.5
14/10/1992,26.0
15/10/1992,2.0
16/10/1992,7.0
17/10/1992,0.0
18/10/1992,2.0
19/10/1992,0.0
20/10/1992,26.0
21/10/1992,0.0
22/10/1992,0.0
23/10/1992,1.5
24/10/1992,0.0
25/10/1992,2.5
26/10/1992,2.0
27/10/1992,0.0
28/10/1992,0.0
29/10/1992,0.0
30/10/1992,2.5
31/10/1992,0.0
01/11/1992,0.5
02/11/1992,0.0
03/11/1992,33.5
04/11/1992,38.5
05/11/1992,12.5
06/11/1992,1.0
07/11/1992,0.0
08/11/1992,3.5
09/11/1992,63.0
10/11/1992,12.0
11/11/1992,160.2
12/11/1992,133.3
13/11/1992,21.6
14/11/1992,2.0
15/11/1992,21.8
16/11/1992,46.7
17/11/1992,65.5
18/11/1992,34.5
19/11/1992,9.5
20/11/1992,2.0
21/11/1992,5.0
22/11/1992,21.9
23/11/1992,6.1
24/11/1992,0.5
25/11/1992,56.5
26/11/1992,17.0
27/11/1992,0.0
28/11/1992,20.0
29/11/1992,20.0
30/11/1992,0.5
01/12/1992,2.5
02/12/1992,1.0
03/12/1992,6.5
04/12/1992,20.0
05/12/1992,27.0
06/12/1992,45.9
07/12/1992,145.1
08/12/1992,66.3
09/12/1992,122.2
10/12/1992,6.0
11/12/1992,3.1
12/12/1992,9.4
13/12/1992,0.0
14/12/1992,0.0
15/12/1992,0.0
16/12/1992,0.0
17/12/1992,1.0
18/12/1992,2.0
19/12/1992,6.0
20/12/1992,48.5
21/12/1992,4.5
22/12/1992,60.0
23/12/1992,143.0
24/12/1992,118.0
13/01/1993,3.7
14/01/1993,5.3
15/01/1993,0.5
16/01/1993,0.0
17/01/1993,2.5
18/01/1993,7.0
19/01/1993,0.0
20/01/1993,6.5
21/01/1993,2.4
22/01/1993,0.6
23/01/1993,0.0
24/01/1993,0.0
25/01/1993,0.0
26/01/1993,0.0
27/01/1993,0.0
28/01/1993,1.5
29/01/1993,0.0
30/01/1993,0.5
31/01/1993,0.0
01/02/1993,20.0
02/02/1993,18.5
03/02/1993,0.0
04/02/1993,0.0
05/02/1993,0.0
06/02/1993,0.0
07/02/1993,0.0
08/02/1993,0.0
09/02/1993,0.0
10/02/1993,10.5
11/02/1993,8.5
12/02/1993,0.0
13/02/1993,0.0
14/02/1993,0.0
15/02/1993,0.0
16/02/1993,0.0
17/02/1993,0.0
18/02/1993,0.0
19/02/1993,0.0
20/02/1993,0.0
21/02/1993,0.0
22/02/1993,0.0
23/02/1993,0.0
24/02/1993,1.0
25/02/1993,4.0
26/02/1993,38.5
27/02/1993,0.0
28/02/1993,0.0
01/03/1993,2.5
02/03/1993,0.5
03/03/1993,0.0
04/03/1993,0.0
05/03/1993,0.0
06/03/1993,0.0
07/03/1993,0.0
08/03/1993,13.0
09/03/1993,1.0
10/03/1993,2.5
11/03/1993,49.0
12/03/1993,76.3
13/03/1993,92.2
14/03/1993,6.0
15/03/1993,21.5
16/03/1993,1.5
17/03/1993,0.0
18/03/1993,4.5
19/03/1993,0.5
20/03/1993,2.0
21/03/1993,0.0
22/03/1993,0.0
23/03/1993,0.0
24/03/1993,0.0
25/03/1993,0.0
26/03/1993,0.0
27/03/1993,0.0
28/03/1993,0.0
29/03/1993,0.0
30/03/1993,0.0
31/03/1993,0.0
01/04/1993,0.0
02/04/1993,0.0
03/04/1993,0.0
04/04/1993,0.0
05/04/1993,0.0
06/04/1993,0.0
07/04/1993,0.0
08/04/1993,0.0
09/04/1993,9.5
10/04/1993,2.0
11/04/1993,3.0
12/04/1993,80.5
13/04/1993,0.0
14/04/1993,26.0
15/04/1993,0.0
16/04/1993,34.5
17/04/1993,3.5
18/04/1993,0.0
19/04/1993,0.0
20/04/1993,0.0
21/04/1993,9.0
22/04/1993,0.5
23/04/1993,0.0
24/04/1993,0.0
25/04/1993,0.0
26/04/1993,0.0
27/04/1993,0.0
28/04/1993,0.0
29/04/1993,0.0
30/04/1993,0.0
01/05/1993,0.0
02/05/1993,0.0
03/05/1993,0.0
04/05/1993,0.0
05/05/1993,0.0
06/05/1993,0.0
07/05/1993,0.0
08/05/1993,0.0
09/05/1993,10.0
10/05/1993,3.0
11/05/1993,0.0
12/05/1993,0.0
13/05/1993,0.0
14/05/1993,8.5
15/05/1993,0.0
16/05/1993,0.0
17/05/1993,0.0
18/05/1993,5.0
19/05/1993,24.5
20/05/1993,0.0
21/05/1993,0.0
22/05/1993,0.0
23/05/1993,1.0
24/05/1993,1.0
25/05/1993,4.5
26/05/1993,1.5
27/05/1993,5.5
28/05/1993,0.0
29/05/1993,0.0
30/05/1993,0.5
31/05/1993,0.0
01/06/1993,4.0
02/06/1993,15.5
03/06/1993,0.0
04/06/1993,50.5
05/06/1993,1.5
06/06/1993,46.5
07/06/1993,9.5
08/06/1993,0.0
09/06/1993,0.0
10/06/1993,6.0
11/06/1993,15.0
12/06/1993,1.5
13/06/1993,0.0
14/06/1993,11.0
15/06/1993,0.0
16/06/1993,0.0
17/06/1993,2.0
18/06/1993,0.0
19/06/1993,48.5
20/06/1993,0.5
21/06/1993,0.0
22/06/1993,0.0
23/06/1993,0.0
24/06/1993,21.5
25/06/1993,0.0
26/06/1993,0.0
27/06/1993,3.1
28/06/1993,26.4
29/06/1993,0.0
30/06/1993,45.0
01/07/1993,0.0
02/07/1993,0.0
03/07/1993,0.0
04/07/1993,1.0
05/07/1993,32.0
06/07/1993,0.0
07/07/1993,32.1
08/07/1993,12.9
09/07/1993,0.0
10/07/1993,0.0
11/07/1993,0.0
12/07/1993,0.0
13/07/1993,0.0
14/07/1993,34.5
15/07/1993,0.0
16/07/1993,14.5
17/07/1993,0.0
18/07/1993,0.0
19/07/1993,7.5
20/07/1993,1.5
21/07/1993,33.5
26/07/1993,0.0
27/07/1993,0.5
28/07/1993,0.5
29/07/1993,0.0
30/07/1993,0.0
31/07/1993,7.5
01/08/1993,0.0
02/08/1993,0.0
03/08/1993,0.0
04/08/1993,1.0
05/08/1993,21.5
06/08/1993,0.0
07/08/1993,31.0
08/08/1993,1.0
09/08/1993,0.0
10/08/1993,0.0
11/08/1993,20.5
12/08/1993,0.5
13/08/1993,0.0
14/08/1993,0.0
15/08/1993,0.0
16/08/1993,0.0
17/08/1993,0.0
18/08/1993,0.0
19/08/1993,10.5
20/08/1993,5.1
21/08/1993,25.9
22/08/1993,0.0
23/08/1993,0.0
24/08/1993,0.0
25/08/1993,19.0
26/08/1993,0.5
27/08/1993,20.5
28/08/1993,2.2
29/08/1993,24.8
30/08/1993,0.5
31/08/1993,13.0
01/09/1993,37.5
02/09/1993,2.0
03/09/1993,50.5
04/09/1993,0.0
05/09/1993,22.5
06/09/1993,0.0
07/09/1993,0.0
08/09/1993,20.0
09/09/1993,0.0
10/09/1993,0.0
11/09/1993,77.0
12/09/1993,14.0
13/09/1993,29.5
14/09/1993,0.0
15/09/1993,0.0
16/09/1993,32.5
17/09/1993,3.0
18/09/1993,0.5
19/09/1993,6.5
20/09/1993,0.0
21/09/1993,0.0
22/09/1993,0.0
23/09/1993,0.0
24/09/1993,17.5
25/09/1993,0.5
26/09/1993,0.0
27/09/1993,5.0
28/09/1993,48.6
29/09/1993,30.4
30/09/1993,13.5
01/10/1993,66.5
02/10/1993,2.0
03/10/1993,24.0
04/10/1993,16.0
05/10/1993,5.5
06/10/1993,0.0
07/10/1993,0.0
08/10/1993,0.5
09/10/1993,8.0
10/10/1993,8.5
11/10/1993,5.5
12/10/1993,2.9
13/10/1993,3.1
14/10/1993,0.5
15/10/1993,7.0
16/10/1993,1.0
17/10/1993,0.5
18/10/1993,0.5
19/10/1993,5.0
20/10/1993,0.5
21/10/1993,0.0
22/10/1993,0.0
23/10/1993,11.0
24/10/1993,52.0
25/10/1993,2.5
26/10/1993,5.5
27/10/1993,52.0
28/10/1993,0.0
29/10/1993,3.0
30/10/1993,46.0
31/10/1993,192.5
01/11/1993,70.9
02/11/1993,71.1
03/11/1993,40.5
04/11/1993,25.5
05/11/1993,3.0
06/11/1993,36.0
07/11/1993,15.0
08/11/1993,61.5
09/11/1993,7.0
10/11/1993,17.5
11/11/1993,3.5
12/11/1993,15.0
13/11/1993,0.0
14/11/1993,8.5
15/11/1993,11.5
16/11/1993,0.0
17/11/1993,0.0
18/11/1993,0.0
19/11/1993,0.0
20/11/1993,0.0
21/11/1993,3.0
22/11/1993,42.3
23/11/1993,25.2
24/11/1993,0.0
25/11/1993,0.0
26/11/1993,1.0
27/11/1993,5.0
28/11/1993,0.0
29/11/1993,21.0
30/11/1993,8.0
01/12/1993,1.0
02/12/1993,43.5
03/12/1993,14.0
04/12/1993,0.5
05/12/1993,2.5
06/12/1993,4.5
07/12/1993,10.0
08/12/1993,5.5
09/12/1993,0.5
10/12/1993,9.8
11/12/1993,42.2
12/12/1993,0.0
13/12/1993,0.0
14/12/1993,0.0
15/12/1993,15.5
16/12/1993,9.2
17/12/1993,107.3
18/12/1993,54.0
19/12/1993,8.5
20/12/1993,41.2
21/12/1993,122.8
22/12/1993,55.2
23/12/1993,76.9
24/12/1993,34.9
25/12/1993,68.9
26/12/1993,9.1
27/12/1993,0.5
28/12/1993,0.0
29/12/1993,0.0
30/12/1993,0.5
31/12/1993,0.0
01/01/1994,0.0
02/01/1994,8.5
03/01/1994,12.1
04/01/1994,6.9
05/01/1994,5.5
06/01/1994,28.0
07/01/1994,0.0
08/01/1994,0.0
09/01/1994,0.0
10/01/1994,0.0
11/01/1994,0.5
12/01/1994,0.0
13/01/1994,0.5
14/01/1994,0.0
15/01/1994,0.0
16/01/1994,0.0
17/01/1994,0.0
18/01/1994,0.0
19/01/1994,0.0
20/01/1994,0.0
21/01/1994,0.5
22/01/1994,0.0
23/01/1994,2.0
24/01/1994,0.0
25/01/1994,0.0
26/01/1994,0.0
27/01/1994,0.0
28/01/1994,0.5
29/01/1994,0.5
30/01/1994,3.0
31/01/1994,0.0
01/02/1994,0.0
02/02/1994,4.5
03/02/1994,33.5
04/02/1994,3.0
05/02/1994,2.5
06/02/1994,4.0
07/02/1994,0.0
08/02/1994,0.0
09/02/1994,0.0
10/02/1994,0.0
11/02/1994,0.0
12/02/1994,0.0
13/02/1994,0.0
14/02/1994,3.0
15/02/1994,0.5
16/02/1994,0.0
17/02/1994,3.5
18/02/1994,0.0
19/02/1994,0.0
20/02/1994,0.0
21/02/1994,0.0
22/02/1994,0.0
23/02/1994,0.0
24/02/1994,0.0
25/02/1994,0.0
26/02/1994,0.0
27/02/1994,0.0
28/02/1994,4.0
01/03/1994,1.5
02/03/1994,0.0
03/03/1994,78.5
04/03/1994,42.5
05/03/1994,0.0
06/03/1994,30.7
07/03/1994,73.3
08/03/1994,1.0
09/03/1994,16.0
10/03/1994,1.0
11/03/1994,0.0
12/03/1994,5.5
13/03/1994,0.0
14/03/1994,3.0
15/03/1994,41.5
16/03/1994,56.0
17/03/1994,55.0
18/03/1994,10.5
19/03/1994,0.0
20/03/1994,7.5
21/03/1994,3.0
22/03/1994,3.0
23/03/1994,0.0
24/03/1994,9.5
25/03/1994,5.5
26/03/1994,6.5
27/03/1994,1.0
28/03/1994,69.5
29/03/1994,31.5
30/03/1994,4.0
31/03/1994,0.0
01/04/1994,0.0
02/04/1994,0.0
03/04/1994,0.0
04/04/1994,0.0
05/04/1994,0.0
06/04/1994,0.0
07/04/1994,0.0
08/04/1994,9.5
09/04/1994,4.0
10/04/1994,0.0
11/04/1994,1.5
12/04/1994,0.0
13/04/1994,0.0
14/04/1994,0.0
15/04/1994,4.0
16/04/1994,0.0
17/04/1994,0.0
18/04/1994,0.0
19/04/1994,0.0
20/04/1994,1.0
21/04/1994,2.0
22/04/1994,1.0
23/04/1994,0.0
24/04/1994,2.5
25/04/1994,1.0
26/04/1994,1.0
27/04/1994,2.0
28/04/1994,1.5
29/04/1994,0.0
30/04/1994,58.0
01/05/1994,0.0
02/05/1994,18.5
03/05/1994,0.0
04/05/1994,1.0
05/05/1994,5.5
06/05/1994,3.5
07/05/1994,15.0
08/05/1994,26.0
09/05/1994,1.0
10/05/1994,12.5
11/05/1994,3.5
12/05/1994,29.0
13/05/1994,25.5
14/05/1994,18.5
15/05/1994,1.0
16/05/1994,7.0
17/05/1994,3.0
18/05/1994,4.5
19/05/1994,11.0
20/05/1994,1.0
21/05/1994,35.0
22/05/1994,32.0
23/05/1994,2.0
24/05/1994,0.0
25/05/1994,1.5
26/05/1994,2.5
27/05/1994,4.0
28/05/1994,1.0
29/05/1994,1.0
30/05/1994,9.0
31/05/1994,0.0
01/06/1994,6.0
02/06/1994,0.0
03/06/1994,2.5
04/06/1994,7.5
05/06/1994,0.0
06/06/1994,0.0
07/06/1994,2.5
08/06/1994,0.0
09/06/1994,0.0
10/06/1994,0.5
11/06/1994,0.5
12/06/1994,0.0
13/06/1994,3.5
14/06/1994,0.0
15/06/1994,2.0
16/06/1994,3.5
17/06/1994,13.5
18/06/1994,0.0
19/06/1994,0.0
20/06/1994,4.5
21/06/1994,2.0
22/06/1994,5.0
23/06/1994,0.0
24/06/1994,0.0
25/06/1994,0.0
26/06/1994,0.5
27/06/1994,0.0
28/06/1994,0.5
29/06/1994,1.5
30/06/1994,3.5
01/07/1994,8.5
02/07/1994,0.3
03/07/1994,1.2
04/07/1994,0.5
05/07/1994,0.0
06/07/1994,0.0
07/07/1994,0.0
08/07/1994,10.0
09/07/1994,3.0
10/07/1994,0.5
11/07/1994,0.0
12/07/1994,0.0
13/07/1994,3.0
14/07/1994,1.0
15/07/1994,2.5
16/07/1994,0.0
17/07/1994,0.0
18/07/1994,0.0
19/07/1994,9.5
20/07/1994,5.0
21/07/1994,0.5
22/07/1994,0.5
23/07/1994,1.0
24/07/1994,0.5
25/07/1994,1.0
26/07/1994,1.0
27/07/1994,0.0
28/07/1994,0.5
29/07/1994,0.0
30/07/1994,0.0
31/07/1994,0.0
01/08/1994,0.0
02/08/1994,3.0
03/08/1994,90.0
04/08/1994,0.0
05/08/1994,0.0
06/08/1994,1.0
07/08/1994,17.0
08/08/1994,0.0
09/08/1994,0.0
10/08/1994,0.5
11/08/1994,0.0
12/08/1994,0.5
13/08/1994,16.0
14/08/1994,9.0
15/08/1994,0.5
16/08/1994,0.0
17/08/1994,0.0
18/08/1994,0.0
19/08/1994,25.5
20/08/1994,47.5
21/08/1994,0.0
22/08/1994,0.0
23/08/1994,9.5
24/08/1994,19.5
25/08/1994,0.0
26/08/1994,14.1
27/08/1994,49.4
28/08/1994,0.0
29/08/1994,20.5
30/08/1994,0.0
31/08/1994,0.0
01/09/1994,35.0
02/09/1994,12.5
03/09/1994,0.5
04/09/1994,0.0
05/09/1994,5.0
06/09/1994,3.0
07/09/1994,2.0
08/09/1994,3.0
09/09/1994,4.5
10/09/1994,0.0
11/09/1994,18.0
12/09/1994,9.8
13/09/1994,4.2
14/09/1994,10.5
15/09/1994,6.2
16/09/1994,5.8
17/09/1994,29.3
18/09/1994,25.7
19/09/1994,0.0
20/09/1994,1.0
21/09/1994,0.0
22/09/1994,0.0
23/09/1994,2.0
24/09/1994,3.0
25/09/1994,19.0
26/09/1994,13.5
27/09/1994,0.0
28/09/1994,0.0
29/09/1994,33.0
30/09/1994,0.0
01/10/1994,0.0
02/10/1994,25.5
03/10/1994,2.0
04/10/1994,2.0
05/10/1994,3.0
06/10/1994,2.0
07/10/1994,0.0
08/10/1994,0.0
09/10/1994,0.0
10/10/1994,0.0
11/10/1994,0.0
12/10/1994,6.0
13/10/1994,0.0
14/10/1994,0.0
15/10/1994,0.5
16/10/1994,0.0
17/10/1994,2.5
18/10/1994,9.5
19/10/1994,0.0
20/10/1994,26.0
21/10/1994,0.0
22/10/1994,67.0
23/10/1994,34.5
24/10/1994,1.0
25/10/1994,1.0
26/10/1994,0.0
27/10/1994,105.5
28/10/1994,4.5
29/10/1994,0.0
30/10/1994,0.0
31/10/1994,45.1
01/11/1994,14.9
02/11/1994,41.6
03/11/1994,109.9
04/11/1994,3.5
05/11/1994,21.0
06/11/1994,16.5
07/11/1994,39.9
08/11/1994,108.4
09/11/1994,49.8
10/11/1994,109.0
11/11/1994,79.5
12/11/1994,1.5
13/11/1994,102.0
14/11/1994,42.0
15/11/1994,24.5
16/11/1994,16.0
17/11/1994,37.5
18/11/1994,308.9
19/11/1994,46.6
20/11/1994,39.9
21/11/1994,98.6
22/11/1994,45.6
23/11/1994,165.0
24/11/1994,72.5
25/11/1994,37.5
26/11/1994,90.2
27/11/1994,225.8
28/11/1994,2.9
29/11/1994,5.6
30/11/1994,2.0
01/12/1994,0.0
02/12/1994,0.0
03/12/1994,0.0
04/12/1994,0.0
05/12/1994,0.0
06/12/1994,0.0
07/12/1994,0.0
08/12/1994,0.0
09/12/1994,0.0
10/12/1994,0.0
11/12/1994,0.0
12/12/1994,0.0
13/12/1994,0.0
14/12/1994,0.0
15/12/1994,0.0
16/12/1994,0.0
17/12/1994,0.0
18/12/1994,0.0
19/12/1994,0.0
20/12/1994,0.0
21/12/1994,0.0
22/12/1994,0.0
23/12/1994,0.0
24/12/1994,0.0
25/12/1994,0.0
26/12/1994,0.0
27/12/1994,0.0
28/12/1994,0.0
29/12/1994,0.0
30/12/1994,0.0
31/12/1994,0.0
01/01/1995,0.0
02/01/1995,0.0
03/01/1995,2.5
04/01/1995,6.5
05/01/1995,26.5
06/01/1995,5.5
07/01/1995,0.0
08/01/1995,4.5
09/01/1995,8.0
10/01/1995,26.5
11/01/1995,0.0
12/01/1995,0.0
13/01/1995,0.5
14/01/1995,0.0
15/01/1995,1.5
16/01/1995,17.5
17/01/1995,18.5
18/01/1995,11.0
19/01/1995,25.0
20/01/1995,3.0
21/01/1995,0.0
22/01/1995,0.0
23/01/1995,0.0
24/01/1995,0.0
25/01/1995,25.5
26/01/1995,36.5
27/01/1995,1.0
28/01/1995,0.0
29/01/1995,1.0
30/01/1995,0.5
31/01/1995,10.6
01/02/1995,3.4
02/02/1995,3.0
03/02/1995,4.5
04/02/1995,0.0
05/02/1995,1.5
06/02/1995,2.5
07/02/1995,0.0
08/02/1995,0.0
09/02/1995,0.0
10/02/1995,0.0
11/02/1995,1.0
12/02/1995,0.0
13/02/1995,0.0
14/02/1995,0.0
15/02/1995,0.0
16/02/1995,0.0
17/02/1995,0.0
18/02/1995,0.0
19/02/1995,0.0
20/02/1995,0.0
21/02/1995,0.0
22/02/1995,0.0
23/02/1995,0.0
24/02/1995,16.0
25/02/1995,28.5
26/02/1995,37.5
27/02/1995,5.5
28/02/1995,0.0
01/03/1995,0.0
02/03/1995,0.0
03/03/1995,0.0
04/03/1995,0.0
05/03/1995,0.0
06/03/1995,0.0
07/03/1995,0.0
08/03/1995,0.0
09/03/1995,0.0
10/03/1995,0.0
11/03/1995,0.0
12/03/1995,0.0
13/03/1995,0.0
14/03/1995,0.0
15/03/1995,0.5
16/03/1995,2.0
17/03/1995,1.0
18/03/1995,0.0
19/03/1995,11.5
20/03/1995,0.0
21/03/1995,0.0
22/03/1995,0.0
23/03/1995,0.0
24/03/1995,0.0
25/03/1995,0.0
26/03/1995,0.0
27/03/1995,0.0
28/03/1995,3.5
29/03/1995,2.0
30/03/1995,0.0
31/03/1995,0.0
01/04/1995,0.0
02/04/1995,0.0
03/04/1995,0.0
04/04/1995,0.0
05/04/1995,0.0
06/04/1995,0.0
07/04/1995,0.0
08/04/1995,0.0
09/04/1995,4.0
10/04/1995,0.0
11/04/1995,0.0
12/04/1995,0.0
13/04/1995,0.0
14/04/1995,0.0
15/04/1995,0.0
16/04/1995,0.0
17/04/1995,0.0
18/04/1995,0.0
19/04/1995,0.0
20/04/1995,0.0
21/04/1995,0.0
22/04/1995,0.0
23/04/1995,0.0
24/04/1995,0.0
25/04/1995,0.0
26/04/1995,5.0
27/04/1995,56.0
28/04/1995,3.0
29/04/1995,0.0
30/04/1995,1.0
01/05/1995,0.0
02/05/1995,0.0
03/05/1995,0.0
04/05/1995,0.0
05/05/1995,0.0
06/05/1995,6.5
07/05/1995,0.0
08/05/1995,0.0
09/05/1995,8.0
10/05/1995,2.5
11/05/1995,16.5
12/05/1995,14.5
13/05/1995,0.0
14/05/1995,0.5
15/05/1995,0.0
16/05/1995,0.0
17/05/1995,19.0
18/05/1995,2.0
19/05/1995,0.0
20/05/1995,0.0
21/05/1995,19.5
22/05/1995,0.0
23/05/1995,0.0
24/05/1995,0.5
25/05/1995,0.0
26/05/1995,1.0
27/05/1995,0.5
28/05/1995,0.0
29/05/1995,8.9
30/05/1995,11.1
31/05/1995,0.0
01/06/1995,0.0
02/06/1995,12.5
03/06/1995,3.5
04/06/1995,15.0
05/06/1995,11.0
06/06/1995,0.0
07/06/1995,9.9
08/06/1995,5.1
09/06/1995,1.5
10/06/1995,2.0
11/06/1995,3.5
12/06/1995,0.0
13/06/1995,1.5
14/06/1995,0.0
15/06/1995,2.0
16/06/1995,0.0
17/06/1995,6.0
18/06/1995,9.0
19/06/1995,1.0
20/06/1995,0.0
21/06/1995,0.0
22/06/1995,0.0
23/06/1995,0.0
24/06/1995,0.0
25/06/1995,0.0
26/06/1995,0.0
27/06/1995,0.0
28/06/1995,0.0
29/06/1995,0.0
30/06/1995,0.0
01/07/1995,0.0
02/07/1995,0.0
03/07/1995,0.0
04/07/1995,3.5
05/07/1995,0.4
06/07/1995,0.6
07/07/1995,4.0
08/07/1995,1.5
09/07/1995,2.0
10/07/1995,0.0
11/07/1995,0.5
12/07/1995,42.5
13/07/1995,0.5
14/07/1995,0.0
15/07/1995,0.0
16/07/1995,44.0
17/07/1995,19.5
18/07/1995,0.5
19/07/1995,21.0
20/07/1995,17.5
21/07/1995,0.0
22/07/1995,21.0
23/07/1995,0.0
24/07/1995,1.5
25/07/1995,0.0
26/07/1995,0.0
27/07/1995,0.0
28/07/1995,0.0
29/07/1995,33.5
30/07/1995,9.5
31/07/1995,20.0
01/08/1995,0.0
02/08/1995,0.0
03/08/1995,0.0
04/08/1995,33.5
05/08/1995,0.5
06/08/1995,21.5
07/08/1995,10.0
08/08/1995,6.5
09/08/1995,5.0
10/08/1995,10.0
11/08/1995,0.5
12/08/1995,1.5
13/08/1995,2.5
14/08/1995,10.0
15/08/1995,43.5
16/08/1995,7.0
17/08/1995,0.0
18/08/1995,0.0
19/08/1995,0.0
20/08/1995,0.0
21/08/1995,0.0
22/08/1995,0.0
23/08/1995,0.0
24/08/1995,0.0
25/08/1995,0.0
26/08/1995,0.0
27/08/1995,0.0
28/08/1995,0.0
29/08/1995,0.0
30/08/1995,0.0
31/08/1995,0.0
01/09/1995,0.0
02/09/1995,0.0
03/09/1995,0.0
04/09/1995,0.0
05/09/1995,0.0
06/09/1995,0.0
07/09/1995,0.0
08/09/1995,0.0
09/09/1995,0.0
10/09/1995,0.0
11/09/1995,30.5
12/09/1995,9.5
13/09/1995,0.0
14/09/1995,9.5
15/09/1995,0.5
16/09/1995,18.0
17/09/1995,65.0
18/09/1995,3.0
19/09/1995,0.0
20/09/1995,3.5
21/09/1995,0.0
22/09/1995,0.0
23/09/1995,0.5
24/09/1995,0.0
25/09/1995,50.8
26/09/1995,0.7
27/09/1995,17.0
28/09/1995,38.5
29/09/1995,6.0
30/09/1995,0.0
01/10/1995,0.0
02/10/1995,0.0
03/10/1995,0.0
04/10/1995,0.0
05/10/1995,0.0
06/10/1995,0.0
07/10/1995,0.0
08/10/1995,0.5
09/10/1995,0.0
10/10/1995,0.0
11/10/1995,0.0
12/10/1995,0.0
13/10/1995,0.0
14/10/1995,0.0
15/10/1995,0.0
16/10/1995,0.0
17/10/1995,0.0
18/10/1995,0.0
19/10/1995,0.0
20/10/1995,0.0
21/10/1995,0.0
22/10/1995,0.0
23/10/1995,1.0
24/10/1995,1.5
25/10/1995,0.0
26/10/1995,0.0
27/10/1995,7.0
28/10/1995,0.5
29/10/1995,37.0
30/10/1995,7.0
31/10/1995,0.0
01/11/1995,5.0
02/11/1995,0.5
03/11/1995,1.5
04/11/1995,7.5
05/11/1995,2.0
06/11/1995,0.5
07/11/1995,0.0
08/11/1995,1.8
09/11/1995,1.6
10/11/1995,6.1
11/11/1995,1.0
12/11/1995,0.5
13/11/1995,4.1
14/11/1995,4.9
15/11/1995,38.0
16/11/1995,56.7
17/11/1995,87.9
18/11/1995,38.7
19/11/1995,37.2
20/11/1995,24.0
21/11/1995,10.0
22/11/1995,7.0
23/11/1995,27.0
24/11/1995,30.5
25/11/1995,0.0
26/11/1995,0.0
27/11/1995,10.0
28/11/1995,0.0
29/11/1995,0.0
30/11/1995,0.0
01/12/1995,0.5
02/12/1995,0.0
03/12/1995,0.0
04/12/1995,0.0
05/12/1995,0.5
06/12/1995,0.0
07/12/1995,0.0
08/12/1995,0.0
09/12/1995,0.0
10/12/1995,0.0
11/12/1995,0.0
12/12/1995,0.0
13/12/1995,0.0
14/12/1995,0.0
15/12/1995,0.0
16/12/1995,0.0
17/12/1995,0.0
18/12/1995,0.0
19/12/1995,0.0
20/12/1995,0.0
21/12/1995,0.0
22/12/1995,0.0
23/12/1995,0.0
24/12/1995,0.0
25/12/1995,0.0
26/12/1995,0.0
27/12/1995,1.0
28/12/1995,0.5
29/12/1995,0.5
30/12/1995,14.5
31/12/1995,0.0
10/01/1999,0.0
11/01/1999,0.0
12/01/1999,0.0
13/01/1999,1.5
14/01/1999,0.0
15/01/1999,14.8
16/01/1999,23.0
17/01/1999,32.8
18/01/1999,15.5
19/01/1999,18.0
20/01/1999,9.4
21/01/1999,10.9
22/01/1999,14.9
23/01/1999,41.5
24/01/1999,10.2
25/01/1999,34.6
26/01/1999,9.4
27/01/1999,1.6
28/01/1999,0.8
29/01/1999,0.4
30/01/1999,0.0
31/01/1999,0.7
01/02/1999,0.2
02/02/1999,0.0
03/02/1999,12.1
04/02/1999,9.3
05/02/1999,0.0
06/02/1999,0.5
07/02/1999,0.0
08/02/1999,0.0
09/02/1999,0.0
10/02/1999,2.9
11/02/1999,139.2
12/02/1999,23.3
13/02/1999,7.2
14/02/1999,36.9
15/02/1999,0.0
16/02/1999,0.0
17/02/1999,1.2
18/02/1999,0.0
19/02/1999,0.0
20/02/1999,0.0
21/02/1999,0.4
22/02/1999,0.0
23/02/1999,0.0
24/02/1999,0.0
25/02/1999,3.5
26/02/1999,0.0
27/02/1999,0.0
28/02/1999,69.1
01/03/1999,21.1
02/03/1999,0.0
03/03/1999,0.0
04/03/1999,14.8
05/03/1999,0.0
06/03/1999,0.0
07/03/1999,18.8
08/03/1999,0.5
09/03/1999,0.0
10/03/1999,0.0
11/03/1999,0.0
12/03/1999,0.0
13/03/1999,0.0
14/03/1999,0.0
15/03/1999,0.0
16/03/1999,0.0
17/03/1999,0.0
18/03/1999,0.0
19/03/1999,0.0
20/03/1999,4.0
21/03/1999,0.0
22/03/1999,7.6
23/03/1999,1.9
24/03/1999,0.0
25/03/1999,0.5
26/03/1999,19.4
27/03/1999,0.6
28/03/1999,0.0
29/03/1999,0.0
30/03/1999,0.0
31/03/1999,0.0
01/04/1999,0.0
02/04/1999,10.3
03/04/1999,34.3
04/04/1999,11.5
05/04/1999,4.6
06/04/1999,0.0
07/04/1999,15.8
08/04/1999,0.0
09/04/1999,0.0
10/04/1999,58.2
11/04/1999,0.5
12/04/1999,7.4
13/04/1999,0.0
14/04/1999,4.9
15/04/1999,0.5
16/04/1999,5.2
17/04/1999,1.5
18/04/1999,0.0
19/04/1999,6.9
20/04/1999,0.0
21/04/1999,1.1
22/04/1999,0.0
23/04/1999,0.0
24/04/1999,0.0
25/04/1999,0.0
26/04/1999,0.0
27/04/1999,0.0
28/04/1999,0.0
29/04/1999,0.0
30/04/1999,0.0
01/05/1999,0.0
02/05/1999,0.0
03/05/1999,16.5
04/05/1999,0.0
05/05/1999,6.0
06/05/1999,0.0
07/05/1999,0.0
08/05/1999,1.1
09/05/1999,0.0
10/05/1999,1.0
11/05/1999,0.0
12/05/1999,0.0
13/05/1999,0.0
14/05/1999,2.3
15/05/1999,1.8
16/05/1999,0.3
17/05/1999,20.2
18/05/1999,0.0
19/05/1999,8.8
20/05/1999,0.6
21/05/1999,0.0
22/05/1999,14.8
23/05/1999,6.1
24/05/1999,18.0
25/05/1999,0.0
26/05/1999,0.0
27/05/1999,0.0
28/05/1999,0.0
29/05/1999,32.8
30/05/1999,2.3
31/05/1999,4.6
01/06/1999,0.5
02/06/1999,0.0
03/06/1999,0.0
04/06/1999,0.0
05/06/1999,0.0
06/06/1999,4.7
07/06/1999,0.0
08/06/1999,1.0
09/06/1999,12.6
10/06/1999,20.9
11/06/1999,0.5
12/06/1999,6.3
13/06/1999,4.1
14/06/1999,12.4
15/06/1999,14.3
16/06/1999,0.0
17/06/1999,0.0
18/06/1999,0.0
19/06/1999,0.0
20/06/1999,10.9
21/06/1999,2.5
22/06/1999,0.2
23/06/1999,0.5
24/06/1999,0.0
25/06/1999,0.0
26/06/1999,0.0
27/06/1999,3.0
28/06/1999,9.5
29/06/1999,1.4
30/06/1999,5.9
01/07/1999,2.8
02/07/1999,0.0
03/07/1999,1.6
04/07/1999,5.9
18/07/1999,1.3
19/07/1999,6.2
20/07/1999,3.5
21/07/1999,3.7
22/07/1999,0.0
23/07/1999,0.0
24/07/1999,0.0
25/07/1999,0.0
26/07/1999,0.0
27/07/1999,0.0
28/07/1999,0.0
29/07/1999,17.5
30/07/1999,2.1
31/07/1999,0.0
01/08/1999,0.0
02/08/1999,0.0
03/08/1999,0.0
04/08/1999,0.0
05/08/1999,3.8
06/08/1999,20.6
07/08/1999,0.0
08/08/1999,0.0
09/08/1999,0.0
10/08/1999,38.6
11/08/1999,12.6
12/08/1999,3.0
13/08/1999,0.5
14/08/1999,0.5
15/08/1999,0.0
16/08/1999,0.0
17/08/1999,13.9
18/08/1999,0.6
19/08/1999,19.5
20/08/1999,4.7
21/08/1999,0.9
22/08/1999,31.6
23/08/1999,27.5
24/08/1999,0.6
25/08/1999,11.8
26/08/1999,6.2
27/08/1999,5.1
28/08/1999,0.0
29/08/1999,0.0
30/08/1999,72.8
06/09/1999,2.0
07/09/1999,9.8
08/09/1999,1.2
16/09/1999,0.4
17/09/1999,22.4
18/09/1999,29.2
19/09/1999,5.3
20/09/1999,4.6
24/09/1999,0.4
25/09/1999,0.0
26/09/1999,1.1
27/09/1999,11.9
28/09/1999,14.3
29/09/1999,24.4
30/09/1999,8.3
01/10/1999,2.9
02/10/1999,1.9
03/10/1999,14.0
04/10/1999,1.9
05/10/1999,7.1
06/10/1999,0.0
07/10/1999,0.0
08/10/1999,2.7
09/10/1999,1.2
10/10/1999,0.7
11/10/1999,0.0
12/10/1999,7.5
13/10/1999,1.1
14/10/1999,8.5
15/10/1999,0.0
16/10/1999,2.5
17/10/1999,0.0
18/10/1999,39.0
19/10/1999,0.6
20/10/1999,2.4
21/10/1999,6.8
22/10/1999,2.0
23/10/1999,0.5
24/10/1999,20.9
25/10/1999,2.9
26/10/1999,8.2
27/10/1999,0.5
28/10/1999,4.4
29/10/1999,23.6
30/10/1999,0.0
31/10/1999,6.8
01/11/1999,0.0
02/11/1999,0.0
03/11/1999,0.0
04/11/1999,0.9
05/11/1999,0.0
06/11/1999,0.0
07/11/1999,0.0
08/11/1999,0.0
09/11/1999,2.1
10/11/1999,0.6
11/11/1999,31.3
12/11/1999,2.3
13/11/1999,2.5
14/11/1999,15.9
15/11/1999,2.2
16/11/1999,2.9
17/11/1999,4.7
18/11/1999,39.6
19/11/1999,85.4
20/11/1999,113.8
21/11/1999,37.5
22/11/1999,7.2
23/11/1999,9.1
24/11/1999,0.3
25/11/1999,6.8
26/11/1999,5.8
27/11/1999,10.3
28/11/1999,31.0
29/11/1999,52.9
30/11/1999,43.6
01/12/1999,27.0
02/12/1999,19.7
03/12/1999,32.7
04/12/1999,0.9
05/12/1999,16.0
06/12/1999,65.9
07/12/1999,48.9
08/12/1999,25.5
09/12/1999,0.5
10/12/1999,0.0
11/12/1999,5.2
12/12/1999,67.0
13/12/1999,66.6
14/12/1999,46.6
15/12/1999,18.5
16/12/1999,0.0
17/12/1999,0.0
18/12/1999,0.0
19/12/1999,0.0
20/12/1999,26.8
21/12/1999,15.0
22/12/1999,82.4
23/12/1999,62.3
24/12/1999,5.4
25/12/1999,0.6
26/12/1999,0.0
27/12/1999,2.8
28/12/1999,3.6
29/12/1999,9.7
30/12/1999,3.5
31/12/1999,26.5
01/01/2000,12.0
02/01/2000,31.7
03/01/2000,90.5
04/01/2000,27.9
05/01/2000,18.7
06/01/2000,1.5
07/01/2000,25.6
08/01/2000,1.1
09/01/2000,0.0
10/01/2000,0.0
11/01/2000,7.7
12/01/2000,0.0
13/01/2000,2.7
14/01/2000,0.0
15/01/2000,0.0
16/01/2000,6.1
17/01/2000,0.8
18/01/2000,0.0
19/01/2000,0.6
20/01/2000,1.1
21/01/2000,0.0
22/01/2000,0.0
23/01/2000,3.5
24/01/2000,19.7
25/01/2000,17.5
26/01/2000,1.2
27/01/2000,0.9
28/01/2000,5.2
29/01/2000,23.0
30/01/2000,67.2
31/01/2000,3.6
29/02/2000,45.9
01/03/2000,26.6
02/03/2000,6.4
03/03/2000,9.0
04/03/2000,0.0
05/03/2000,0.0
06/03/2000,0.0
07/03/2000,12.6
08/03/2000,0.0
09/03/2000,0.0
10/03/2000,0.5
11/03/2000,0.0
12/03/2000,20.3
13/03/2000,0.3
14/03/2000,0.0
15/03/2000,0.0
16/03/2000,0.0
17/03/2000,0.0
18/03/2000,0.0
19/03/2000,0.0
20/03/2000,0.0
21/03/2000,0.0
22/03/2000,0.0
23/03/2000,5.4
24/03/2000,18.5
25/03/2000,65.6
26/03/2000,72.6
27/03/2000,3.6
28/03/2000,0.0
29/03/2000,0.0
30/03/2000,29.1
31/03/2000,0.0
01/04/2000,0.7
02/04/2000,6.1
03/04/2000,0.4
04/04/2000,0.0
05/04/2000,0.0
06/04/2000,0.0
07/04/2000,0.8
08/04/2000,0.0
09/04/2000,0.0
10/04/2000,11.1
11/04/2000,7.0
12/04/2000,24.1
13/04/2000,0.0
14/04/2000,2.0
15/04/2000,0.0
16/04/2000,0.4
17/04/2000,0.0
18/04/2000,0.0
19/04/2000,12.0
20/04/2000,0.0
21/04/2000,0.0
22/04/2000,0.0
23/04/2000,17.9
24/04/2000,20.7
25/04/2000,0.0
26/04/2000,0.0
27/04/2000,40.0
28/04/2000,0.0
29/04/2000,0.0
30/04/2000,32.1
01/05/2000,0.0
02/05/2000,21.1
03/05/2000,0.0
04/05/2000,0.0
05/05/2000,0.0
06/05/2000,0.0
07/05/2000,3.5
08/05/2000,0.0
09/05/2000,16.0
10/05/2000,15.5
11/05/2000,11.4
12/05/2000,0.0
13/05/2000,0.0
14/05/2000,0.5
15/05/2000,1.0
16/05/2000,0.6
17/05/2000,0.7
18/05/2000,0.0
19/05/2000,1.7
20/05/2000,3.2
21/05/2000,0.0
22/05/2000,0.0
23/05/2000,2.9
24/05/2000,0.0
25/05/2000,3.1
26/05/2000,0.5
27/05/2000,5.4
28/05/2000,0.0
29/05/2000,2.1
30/05/2000,3.0
31/05/2000,0.0
01/06/2000,1.5
02/06/2000,3.1
03/06/2000,2.5
04/06/2000,19.2
05/06/2000,0.0
06/06/2000,0.0
07/06/2000,0.0
08/06/2000,21.2
09/06/2000,0.5
10/06/2000,0.0
11/06/2000,1.3
12/06/2000,16.5
13/06/2000,12.0
14/06/2000,0.0
15/06/2000,0.0
16/06/2000,0.0
17/06/2000,0.0
18/06/2000,5.5
19/06/2000,2.6
20/06/2000,0.0
21/06/2000,0.0
22/06/2000,14.1
23/06/2000,0.2
24/06/2000,0.0
25/06/2000,0.0
26/06/2000,9.7
27/06/2000,4.2
28/06/2000,1.2
29/06/2000,2.8
30/06/2000,0.0
01/07/2000,0.0
02/07/2000,0.0
03/07/2000,0.0
04/07/2000,0.8
05/07/2000,1.1
06/07/2000,0.0
07/07/2000,0.0
08/07/2000,0.0
09/07/2000,0.0
10/07/2000,0.0
11/07/2000,0.0
12/07/2000,0.0
13/07/2000,0.0
14/07/2000,0.0
15/07/2000,0.0
16/07/2000,0.0
17/07/2000,0.0
18/07/2000,0.0
19/07/2000,10.9
20/07/2000,0.3
21/07/2000,13.5
22/07/2000,35.0
23/07/2000,27.6
24/07/2000,10.7
25/07/2000,2.4
26/07/2000,0.0
27/07/2000,37.9
28/07/2000,3.4
29/07/2000,0.7
30/07/2000,34.5
31/07/2000,6.3
01/08/2000,0.5
02/08/2000,25.8
03/08/2000,0.0
04/08/2000,50.8
05/08/2000,5.2
06/08/2000,52.8
07/08/2000,0.0
08/08/2000,2.5
09/08/2000,13.4
10/08/2000,0.9
11/08/2000,0.4
12/08/2000,10.0
13/08/2000,11.6
14/08/2000,2.8
15/08/2000,21.9
16/08/2000,1.4
17/08/2000,2.6
18/08/2000,0.3
19/08/2000,0.0
20/08/2000,0.0
21/08/2000,2.4
22/08/2000,0.5
23/08/2000,0.0
24/08/2000,0.0
25/08/2000,0.0
26/08/2000,0.0
27/08/2000,0.0
28/08/2000,8.6
29/08/2000,0.0
30/08/2000,0.0
31/08/2000,0.0
01/09/2000,0.5
02/09/2000,0.0
03/09/2000,0.0
04/09/2000,2.5
05/09/2000,0.0
06/09/2000,2.1
07/09/2000,0.0
08/09/2000,0.0
09/09/2000,63.7
10/09/2000,4.3
11/09/2000,0.0
12/09/2000,0.0
13/09/2000,0.0
14/09/2000,1.0
15/09/2000,1.5
16/09/2000,7.8
17/09/2000,0.6
18/09/2000,0.5
19/09/2000,1.2
20/09/2000,0.0
21/09/2000,21.2
22/09/2000,21.6
23/09/2000,22.0
24/09/2000,0.0
25/09/2000,0.0
26/09/2000,1.0
27/09/2000,31.0
28/09/2000,1.2
29/09/2000,7.8
30/09/2000,9.1
01/10/2000,12.0
02/10/2000,17.4
03/10/2000,4.2
04/10/2000,1.1
05/10/2000,48.6
06/10/2000,25.7
07/10/2000,0.0
08/10/2000,25.1
09/10/2000,0.0
10/10/2000,0.0
11/10/2000,0.0
12/10/2000,0.0
13/10/2000,0.0
14/10/2000,0.0
15/10/2000,0.0
16/10/2000,4.2
17/10/2000,9.9
18/10/2000,0.8
19/10/2000,27.5
20/10/2000,0.0
21/10/2000,0.0
22/10/2000,0.0
23/10/2000,0.0
24/10/2000,0.0
25/10/2000,0.0
26/10/2000,0.0
27/10/2000,0.0
28/10/2000,28.1
29/10/2000,6.7
30/10/2000,8.3
31/10/2000,0.0
01/11/2000,0.0
02/11/2000,1.5
03/11/2000,0.0
04/11/2000,0.0
05/11/2000,10.0
06/11/2000,0.0
07/11/2000,39.7
08/11/2000,0.0
09/11/2000,20.4
10/11/2000,0.0
11/11/2000,9.1
12/11/2000,0.5
13/11/2000,0.0
14/11/2000,75.0
15/11/2000,177.7
16/11/2000,18.7
17/11/2000,12.2
18/11/2000,16.4
19/11/2000,6.9
20/11/2000,18.1
21/11/2000,92.2
22/11/2000,499.2
23/11/2000,39.4
24/11/2000,0.0
25/11/2000,0.0
26/11/2000,4.4
27/11/2000,13.3
28/11/2000,0.0
29/11/2000,7.0
30/11/2000,18.0
01/12/2000,37.6
02/12/2000,0.6
03/12/2000,0.0
04/12/2000,0.0
05/12/2000,0.0
06/12/2000,0.0
21/12/2000,8.5
22/12/2000,73.9
23/12/2000,4.6
24/12/2000,0.0
25/12/2000,0.0
26/12/2000,0.0
27/12/2000,5.5
28/12/2000,33.5
29/12/2000,61.2
30/12/2000,10.9
31/12/2000,26.3
01/01/2001,3.9
02/01/2001,0.0
03/01/2001,0.0
04/01/2001,0.0
05/01/2001,0.0
06/01/2001,0.0
07/01/2001,0.0
08/01/2001,0.0
09/01/2001,0.0
10/01/2001,0.0
11/01/2001,0.0
12/01/2001,0.0
13/01/2001,0.0
14/01/2001,0.0
15/01/2001,3.4
16/01/2001,7.3
17/01/2001,44.8
18/01/2001,275.2
19/01/2001,54.1
20/01/2001,31.9
21/01/2001,33.1
22/01/2001,45.6
23/01/2001,0.0
24/01/2001,2.5
25/01/2001,2.5
26/01/2001,0.0
27/01/2001,0.0
28/01/2001,5.8
29/01/2001,0.0
30/01/2001,0.0
31/01/2001,0.0
01/02/2001,0.0
02/02/2001,0.0
03/02/2001,0.0
04/02/2001,0.0
05/02/2001,0.0
06/02/2001,0.0
07/02/2001,0.0
08/02/2001,5.3
09/02/2001,0.0
10/02/2001,0.4
11/02/2001,0.0
12/02/2001,0.0
13/02/2001,28.1
14/02/2001,95.4
15/02/2001,0.8
16/02/2001,0.0
17/02/2001,0.0
18/02/2001,0.0
19/02/2001,0.0
20/02/2001,0.0
21/02/2001,0.0
22/02/2001,0.0
23/02/2001,0.0
24/02/2001,0.0
25/02/2001,0.0
26/02/2001,0.0
27/02/2001,0.0
28/02/2001,0.0
01/03/2001,0.0
02/03/2001,0.4
03/03/2001,0.0
04/03/2001,10.9
05/03/2001,57.1
06/03/2001,45.5
07/03/2001,5.4
08/03/2001,3.8
09/03/2001,2.5
10/03/2001,15.5
11/03/2001,1.5
12/03/2001,2.9
13/03/2001,29.7
14/03/2001,2.1
15/03/2001,0.0
16/03/2001,0.0
17/03/2001,0.0
18/03/2001,0.0
19/03/2001,16.5
20/03/2001,1.0
21/03/2001,2.6
22/03/2001,35.8
23/03/2001,0.0
24/03/2001,0.0
25/03/2001,1.8
26/03/2001,0.0
27/03/2001,21.3
28/03/2001,0.7
29/03/2001,36.5
30/03/2001,0.2
31/03/2001,0.0
01/04/2001,0.0
02/04/2001,0.0
03/04/2001,6.0
04/04/2001,2.1
05/04/2001,0.5
06/04/2001,2.9
07/04/2001,0.0
08/04/2001,0.0
09/04/2001,0.0
10/04/2001,0.0
11/04/2001,0.0
12/04/2001,0.0
13/04/2001,22.0
14/04/2001,0.0
15/04/2001,1.1
16/04/2001,0.0
17/04/2001,2.3
18/04/2001,0.0
19/04/2001,0.0
20/04/2001,0.0
21/04/2001,0.0
22/04/2001,0.0
23/04/2001,0.0
24/04/2001,0.0
25/04/2001,17.7
26/04/2001,9.4
27/04/2001,20.1
28/04/2001,0.0
29/04/2001,10.5
30/04/2001,0.0
01/05/2001,9.1
02/05/2001,5.2
03/05/2001,0.0
04/05/2001,0.0
05/05/2001,0.0
06/05/2001,0.8
07/05/2001,2.0
08/05/2001,19.7
09/05/2001,0.0
10/05/2001,0.0
11/05/2001,21.6
12/05/2001,6.4
13/05/2001,0.0
14/05/2001,0.0
15/05/2001,8.4
16/05/2001,0.8
17/05/2001,0.0
18/05/2001,0.0
19/05/2001,0.0
20/05/2001,5.6
21/05/2001,27.6
22/05/2001,0.6
23/05/2001,57.5
24/05/2001,42.0
25/05/2001,0.0
26/05/2001,0.0
27/05/2001,20.8
28/05/2001,9.2
29/05/2001,0.0
30/05/2001,0.0
31/05/2001,0.0
01/06/2001,0.0
02/06/2001,25.6
03/06/2001,0.7
04/06/2001,0.5
05/06/2001,0.0
06/06/2001,0.0
07/06/2001,52.6
08/06/2001,0.7
09/06/2001,0.0
20/06/2001,0.0
21/06/2001,0.0
22/06/2001,0.0
23/06/2001,0.0
24/06/2001,0.0
25/06/2001,0.0
26/06/2001,0.0
27/06/2001,0.0
28/06/2001,0.0
29/06/2001,0.0
30/06/2001,0.0
01/07/2001,0.0
02/07/2001,0.0
03/07/2001,0.0
04/07/2001,0.0
05/07/2001,0.0
06/07/2001,0.0
07/07/2001,0.0
08/07/2001,0.0
09/07/2001,0.0
10/07/2001,1.5
11/07/2001,22.9
12/07/2001,27.2
13/07/2001,1.3
14/07/2001,0.7
15/07/2001,59.4
16/07/2001,0.7
17/07/2001,0.0
18/07/2001,0.0
19/07/2001,0.0
20/07/2001,0.0
21/07/2001,0.0
22/07/2001,0.0
23/07/2001,30.3
24/07/2001,0.0
25/07/2001,10.8
26/07/2001,2.7
27/07/2001,0.0
28/07/2001,0.0
29/07/2001,16.2
30/07/2001,0.0
31/07/2001,13.4
01/08/2001,0.0
02/08/2001,12.7
03/08/2001,2.8
04/08/2001,28.4
05/08/2001,2.6
06/08/2001,0.0
07/08/2001,2.5
08/08/2001,6.8
09/08/2001,25.9
10/08/2001,12.8
11/08/2001,0.0
12/08/2001,0.7
13/08/2001,2.7
14/08/2001,0.0
15/08/2001,0.0
16/08/2001,0.0
17/08/2001,0.0
18/08/2001,0.0
19/08/2001,0.0
20/08/2001,0.0
21/08/2001,0.0
22/08/2001,0.0
23/08/2001,0.0
24/08/2001,9.2
25/08/2001,1.9
26/08/2001,6.6
27/08/2001,0.0
28/08/2001,0.0
29/08/2001,0.0
30/08/2001,5.4
31/08/2001,0.9
01/09/2001,9.1
02/09/2001,0.5
03/09/2001,25.3
04/09/2001,0.0
05/09/2001,0.8
06/09/2001,5.3
07/09/2001,60.6
08/09/2001,0.8
09/09/2001,0.0
10/09/2001,2.1
11/09/2001,0.0
12/09/2001,1.2
13/09/2001,5.0
14/09/2001,1.7
15/09/2001,0.0
16/09/2001,11.4
17/09/2001,0.5
18/09/2001,27.7
19/09/2001,3.3
20/09/2001,6.3
21/09/2001,16.5
22/09/2001,0.9
23/09/2001,3.1
24/09/2001,49.1
25/09/2001,10.1
26/09/2001,18.1
27/09/2001,5.0
28/09/2001,2.0
29/09/2001,2.7
30/09/2001,0.0
01/10/2001,0.0
02/10/2001,28.5
03/10/2001,0.5
04/10/2001,14.5
05/10/2001,18.6
06/10/2001,7.0
07/10/2001,5.6
08/10/2001,0.5
09/10/2001,0.0
10/10/2001,0.0
11/10/2001,6.9
12/10/2001,3.7
13/10/2001,0.0
14/10/2001,0.0
15/10/2001,40.2
16/10/2001,7.3
17/10/2001,0.9
18/10/2001,1.3
19/10/2001,17.5
20/10/2001,5.1
21/10/2001,34.1
22/10/2001,7.1
23/10/2001,43.2
24/10/2001,31.5
25/10/2001,0.7
26/10/2001,27.4
27/10/2001,1.2
28/10/2001,14.6
29/10/2001,8.5
30/10/2001,2.2
31/10/2001,0.9
01/11/2001,24.6
02/11/2001,11.6
03/11/2001,0.0
04/11/2001,0.0
05/11/2001,16.6
06/11/2001,8.3
07/11/2001,0.6
08/11/2001,0.0
09/11/2001,0.0
10/11/2001,0.0
11/11/2001,0.0
12/11/2001,0.0
13/11/2001,0.0
14/11/2001,87.8
15/11/2001,25.4
16/11/2001,2.2
17/11/2001,100.9
18/11/2001,70.6
19/11/2001,22.8
20/11/2001,27.4
21/11/2001,11.0
22/11/2001,0.0
23/11/2001,0.0
24/11/2001,15.1
25/11/2001,4.1
26/11/2001,0.9
27/11/2001,1.0
28/11/2001,0.0
29/11/2001,0.0
30/11/2001,3.5
01/12/2001,7.7
02/12/2001,0.0
03/12/2001,0.0
04/12/2001,0.0
05/12/2001,0.7
06/12/2001,0.5
07/12/2001,1.1
08/12/2001,0.2
09/12/2001,0.0
10/12/2001,0.0
11/12/2001,0.0
12/12/2001,0.0
13/12/2001,0.0
14/12/2001,152.5
15/12/2001,88.5
16/12/2001,271.8
17/12/2001,14.8
18/12/2001,38.6
19/12/2001,10.3
20/12/2001,16.3
21/12/2001,80.3
22/12/2001,47.3
23/12/2001,42.6
24/12/2001,2.5
25/12/2001,3.2
26/12/2001,5.6
27/12/2001,22.4
28/12/2001,94.4
29/12/2001,41.0
30/12/2001,1.7
31/12/2001,0.0
01/01/2002,0.0
02/01/2002,0.0
03/01/2002,0.7
04/01/2002,0.0
05/01/2002,5.4
06/01/2002,5.2
07/01/2002,2.4
08/01/2002,6.2
09/01/2002,15.2
10/01/2002,6.9
11/01/2002,10.0
12/01/2002,6.0
13/01/2002,0.0
14/01/2002,0.0
15/01/2002,0.0
16/01/2002,0.0
17/01/2002,0.0
18/01/2002,0.0
19/01/2002,0.8
20/01/2002,70.1
21/01/2002,15.5
22/01/2002,1.2
23/01/2002,2.8
24/01/2002,6.6
25/01/2002,13.0
26/01/2002,0.7
27/01/2002,0.0
28/01/2002,0.0
29/01/2002,2.3
30/01/2002,2.3
31/01/2002,5.5
01/02/2002,0.0
02/02/2002,0.0
03/02/2002,0.0
04/02/2002,0.0
05/02/2002,1.0
06/02/2002,0.0
07/02/2002,0.0
08/02/2002,0.0
09/02/2002,0.0
10/02/2002,0.0
11/02/2002,0.0
12/02/2002,0.0
13/02/2002,1.1
14/02/2002,0.0
15/02/2002,0.0
16/02/2002,0.0
17/02/2002,0.0
18/02/2002,0.0
19/02/2002,0.0
20/02/2002,0.0
21/02/2002,0.0
22/02/2002,0.0
23/02/2002,0.0
24/02/2002,0.0
25/02/2002,0.0
26/02/2002,0.0
27/02/2002,5.5
28/02/2002,0.0
01/03/2002,0.0
02/03/2002,0.0
03/03/2002,0.0
04/03/2002,0.0
05/03/2002,0.0
06/03/2002,0.0
07/03/2002,0.0
08/03/2002,0.0
09/03/2002,0.0
10/03/2002,0.0
11/03/2002,0.0
12/03/2002,0.0
13/03/2002,0.0
14/03/2002,0.0
15/03/2002,0.0
16/03/2002,0.0
17/03/2002,0.0
18/03/2002,0.0
19/03/2002,17.7
20/03/2002,246.5
21/03/2002,4.6
22/03/2002,0.0
23/03/2002,0.0
24/03/2002,0.0
25/03/2002,0.0
26/03/2002,0.0
27/03/2002,0.0
28/03/2002,0.0
29/03/2002,0.0
30/03/2002,0.0
31/03/2002,0.0
01/04/2002,0.0
02/04/2002,0.0
03/04/2002,0.0
04/04/2002,0.0
05/04/2002,0.0
06/04/2002,0.0
07/04/2002,0.0
08/04/2002,0.0
09/04/2002,0.0
10/04/2002,0.0
11/04/2002,0.0
12/04/2002,0.0
13/04/2002,0.0
14/04/2002,0.0
15/04/2002,0.0
16/04/2002,0.0
17/04/2002,0.0
18/04/2002,0.0
19/04/2002,4.4
20/04/2002,11.8
21/04/2002,0.0
22/04/2002,0.0
23/04/2002,0.0
24/04/2002,0.0
25/04/2002,3.6
26/04/2002,0.0
27/04/2002,5.8
28/04/2002,0.8
29/04/2002,12.4
30/04/2002,3.4
01/05/2002,0.3
02/05/2002,0.5
03/05/2002,0.5
04/05/2002,0.3
05/05/2002,0.0
06/05/2002,29.2
07/05/2002,25.1
08/05/2002,3.8
09/05/2002,0.0
10/05/2002,0.0
11/05/2002,0.0
12/05/2002,0.0
13/05/2002,0.0
14/05/2002,0.0
15/05/2002,0.0
16/05/2002,0.0
17/05/2002,0.0
18/05/2002,0.0
19/05/2002,0.0
20/05/2002,1.7
21/05/2002,0.0
22/05/2002,4.8
23/05/2002,0.0
24/05/2002,4.5
25/05/2002,0.0
26/05/2002,20.8
27/05/2002,0.0
28/05/2002,0.0
29/05/2002,0.0
30/05/2002,0.0
31/05/2002,0.8
01/06/2002,7.1
02/06/2002,0.0
03/06/2002,0.0
04/06/2002,0.0
05/06/2002,0.0
06/06/2002,0.0
07/06/2002,0.0
08/06/2002,8.1
09/06/2002,0.0
10/06/2002,0.0
11/06/2002,9.4
12/06/2002,2.8
13/06/2002,0.0
14/06/2002,0.0
15/06/2002,4.6
16/06/2002,0.0
17/06/2002,0.0
18/06/2002,0.0
19/06/2002,7.8
20/06/2002,0.0
21/06/2002,0.0
22/06/2002,1.1
23/06/2002,0.0
24/06/2002,0.0
25/06/2002,0.0
26/06/2002,0.0
27/06/2002,0.8
28/06/2002,0.0
29/06/2002,0.0
30/06/2002,0.0
01/07/2002,0.0
02/07/2002,0.0
03/07/2002,0.0
04/07/2002,0.0
05/07/2002,11.3
06/07/2002,27.5
07/07/2002,0.0
08/07/2002,0.0
09/07/2002,0.0
10/07/2002,0.0
11/07/2002,0.0
12/07/2002,0.0
13/07/2002,16.5
14/07/2002,18.9
15/07/2002,0.0
16/07/2002,0.0
17/07/2002,0.0
18/07/2002,41.4
19/07/2002,0.6
20/07/2002,0.0
21/07/2002,0.0
22/07/2002,8.9
23/07/2002,19.1
24/07/2002,0.0
25/07/2002,1.8
26/07/2002,0.0
27/07/2002,4.0
28/07/2002,29.0
29/07/2002,5.5
30/07/2002,0.2
31/07/2002,0.0
01/08/2002,0.5
02/08/2002,79.1
03/08/2002,0.5
04/08/2002,7.8
05/08/2002,0.0
06/08/2002,1.0
07/08/2002,8.0
08/08/2002,2.7
09/08/2002,1.5
10/08/2002,2.3
11/08/2002,0.0
12/08/2002,4.4
13/08/2002,0.5
14/08/2002,0.0
15/08/2002,0.0
16/08/2002,0.5
17/08/2002,2.2
18/08/2002,0.0
19/08/2002,0.0
20/08/2002,0.0
21/08/2002,12.3
22/08/2002,0.0
23/08/2002,0.0
24/08/2002,2.5
25/08/2002,0.0
26/08/2002,0.0
27/08/2002,11.9
28/08/2002,51.7
29/08/2002,13.1
30/08/2002,53.6
31/08/2002,0.0
01/09/2002,0.0
02/09/2002,0.0
03/09/2002,2.9
04/09/2002,33.0
05/09/2002,0.4
06/09/2002,13.0
07/09/2002,0.0
08/09/2002,1.1
09/09/2002,0.0
10/09/2002,32.6
11/09/2002,0.8
12/09/2002,0.0
13/09/2002,0.0
14/09/2002,0.0
15/09/2002,45.9
16/09/2002,31.6
17/09/2002,0.6
18/09/2002,0.0
19/09/2002,0.7
20/09/2002,24.8
21/09/2002,59.7
22/09/2002,50.8
23/09/2002,0.0
24/09/2002,48.5
25/09/2002,1.3
26/09/2002,0.4
27/09/2002,1.5
28/09/2002,0.0
29/09/2002,0.0
30/09/2002,0.0
01/10/2002,0.0
02/10/2002,0.0
03/10/2002,2.2
04/10/2002,0.0
05/10/2002,14.2
06/10/2002,0.7
07/10/2002,0.5
08/10/2002,18.1
09/10/2002,0.0
10/10/2002,1.7
11/10/2002,30.6
12/10/2002,42.0
13/10/2002,4.4
14/10/2002,0.0
15/10/2002,0.0
16/10/2002,13.9
17/10/2002,2.7
18/10/2002,0.0
19/10/2002,22.5
20/10/2002,0.0
21/10/2002,0.0
22/10/2002,0.0
23/10/2002,1.3
24/10/2002,0.0
25/10/2002,8.0
26/10/2002,22.1
27/10/2002,2.4
28/10/2002,2.2
29/10/2002,0.0
30/10/2002,0.0
31/10/2002,0.0
01/11/2002,0.0
02/11/2002,0.0
03/11/2002,9.9
04/11/2002,23.5
05/11/2002,3.5
06/11/2002,19.3
07/11/2002,2.3
08/11/2002,0.5
09/11/2002,2.5
10/11/2002,34.9
11/11/2002,0.5
12/11/2002,34.0
13/11/2002,0.0
14/11/2002,5.5
15/11/2002,0.6
16/11/2002,0.0
17/11/2002,0.0
18/11/2002,1.3
19/11/2002,31.3
20/11/2002,46.6
21/11/2002,16.9
22/11/2002,0.0
23/11/2002,17.4
24/11/2002,0.0
25/11/2002,8.7
26/11/2002,1.2
27/11/2002,0.0
28/11/2002,0.0
02/12/2002,0.0
03/12/2002,0.0
04/12/2002,0.2
05/12/2002,9.1
06/12/2002,1.9
07/12/2002,0.0
08/12/2002,2.0
09/12/2002,4.8
10/12/2002,44.9
11/12/2002,82.5
12/12/2002,23.6
13/12/2002,30.0
14/12/2002,63.7
15/12/2002,9.8
16/12/2002,49.6
17/12/2002,45.8
18/12/2002,4.2
19/12/2002,56.7
20/12/2002,0.0
21/12/2002,1.2
22/12/2002,0.0
23/12/2002,0.0
24/12/2002,0.4
25/12/2002,6.7
26/12/2002,26.4
27/12/2002,27.5
28/12/2002,18.6
29/12/2002,8.2
30/12/2002,4.2
31/12/2002,30.1
01/01/2003,9.9
02/01/2003,31.3
03/01/2003,10.1
04/01/2003,34.2
05/01/2003,1.3
06/01/2003,20.8
07/01/2003,8.3
08/01/2003,0.0
09/01/2003,0.0
10/01/2003,0.0
11/01/2003,1.2
12/01/2003,25.5
13/01/2003,0.4
14/01/2003,7.6
15/01/2003,0.0
16/01/2003,0.0
17/01/2003,11.9
18/01/2003,0.0
19/01/2003,0.0
20/01/2003,0.0
21/01/2003,0.0
22/01/2003,0.0
23/01/2003,0.0
24/01/2003,0.0
25/01/2003,0.0
26/01/2003,0.0
27/01/2003,0.0
28/01/2003,0.0
29/01/2003,0.0
30/01/2003,4.8
31/01/2003,20.9
01/02/2003,2.6
02/02/2003,5.9
03/02/2003,2.0
04/02/2003,0.0
05/02/2003,0.3
06/02/2003,9.2
07/02/2003,3.9
08/02/2003,0.0
09/02/2003,3.6
10/02/2003,9.6
11/02/2003,40.9
12/02/2003,3.8
13/02/2003,1.8
14/02/2003,1.1
15/02/2003,75.9
16/02/2003,39.1
17/02/2003,0.7
18/02/2003,0.0
19/02/2003,0.0
20/02/2003,0.0
21/02/2003,0.0
22/02/2003,0.0
23/02/2003,0.0
24/02/2003,0.0
25/02/2003,0.0
26/02/2003,0.0
27/02/2003,0.0
28/02/2003,0.0
01/03/2003,0.0
02/03/2003,0.0
03/03/2003,0.0
04/03/2003,0.0
05/03/2003,0.0
06/03/2003,0.0
07/03/2003,0.0
08/03/2003,5.2
09/03/2003,7.3
10/03/2003,35.3
11/03/2003,32.0
12/03/2003,25.4
13/03/2003,0.0
14/03/2003,0.0
15/03/2003,0.0
16/03/2003,0.0
17/03/2003,0.0
18/03/2003,0.0
19/03/2003,0.0
20/03/2003,0.0
21/03/2003,0.0
22/03/2003,14.5
23/03/2003,53.4
24/03/2003,2.7
25/03/2003,7.7
26/03/2003,4.8
27/03/2003,5.1
28/03/2003,0.0
29/03/2003,0.8
30/03/2003,0.8
31/03/2003,12.2
01/04/2003,33.9
02/04/2003,0.0
03/04/2003,0.0
04/04/2003,0.0
05/04/2003,0.0
06/04/2003,0.0
07/04/2003,0.0
08/04/2003,0.0
09/04/2003,0.0
10/04/2003,1.7
11/04/2003,8.4
12/04/2003,0.0
13/04/2003,0.0
14/04/2003,0.0
15/04/2003,0.0
16/04/2003,0.0
17/04/2003,0.0
18/04/2003,0.0
19/04/2003,0.0
20/04/2003,0.0
21/04/2003,0.0
22/04/2003,0.0
23/04/2003,0.0
24/04/2003,0.0
25/04/2003,0.0
26/04/2003,0.0
27/04/2003,0.0
28/04/2003,0.0
29/04/2003,0.0
30/04/2003,7.4
01/05/2003,16.1
02/05/2003,11.7
03/05/2003,0.0
04/05/2003,0.0
05/05/2003,0.0
06/05/2003,0.0
07/05/2003,4.5
08/05/2003,2.9
09/05/2003,4.3
10/05/2003,4.0
11/05/2003,10.7
12/05/2003,6.2
13/05/2003,0.0
14/05/2003,1.9
15/05/2003,0.8
16/05/2003,0.0
17/05/2003,0.0
18/05/2003,15.7
19/05/2003,0.0
20/05/2003,0.0
21/05/2003,3.0
22/05/2003,21.4
23/05/2003,0.0
24/05/2003,2.8
25/05/2003,3.9
26/05/2003,0.0
27/05/2003,0.0
28/05/2003,0.0
29/05/2003,0.0
30/05/2003,0.0
31/05/2003,0.0
01/06/2003,0.0
02/06/2003,0.0
03/06/2003,0.0
04/06/2003,0.0
05/06/2003,0.0
06/06/2003,0.0
07/06/2003,0.0
08/06/2003,0.0
09/06/2003,12.4
10/06/2003,30.2
11/06/2003,0.0
12/06/2003,0.0
13/06/2003,0.0
14/06/2003,0.0
15/06/2003,0.0
16/06/2003,0.0
17/06/2003,40.8
18/06/2003,0.0
19/06/2003,30.8
20/06/2003,7.9
21/06/2003,0.5
22/06/2003,2.3
23/06/2003,4.2
24/06/2003,0.0
25/06/2003,0.0
26/06/2003,19.9
27/06/2003,20.5
28/06/2003,2.4
29/06/2003,9.2
30/06/2003,27.5
01/07/2003,0.0
02/07/2003,0.0
03/07/2003,0.0
04/07/2003,22.7
05/07/2003,29.3
06/07/2003,0.0
07/07/2003,0.0
08/07/2003,0.0
09/07/2003,0.0
10/07/2003,0.0
11/07/2003,0.0
12/07/2003,13.5
13/07/2003,2.0
14/07/2003,2.9
15/07/2003,1.1
16/07/2003,0.0
17/07/2003,0.0
18/07/2003,6.9
19/07/2003,0.0
20/07/2003,8.2
21/07/2003,15.9
22/07/2003,3.6
23/07/2003,2.6
24/07/2003,0.6
25/07/2003,5.5
26/07/2003,0.3
27/07/2003,0.0
28/07/2003,2.0
29/07/2003,0.0
30/07/2003,21.9
31/07/2003,0.0
01/08/2003,0.0
02/08/2003,5.4
03/08/2003,0.0
04/08/2003,0.0
05/08/2003,0.0
06/08/2003,0.0
07/08/2003,0.0
08/08/2003,0.0
09/08/2003,0.0
10/08/2003,4.1
11/08/2003,0.0
12/08/2003,30.4
13/08/2003,69.4
14/08/2003,8.9
15/08/2003,0.0
16/08/2003,0.0
17/08/2003,0.0
18/08/2003,17.6
19/08/2003,0.0
20/08/2003,0.0
21/08/2003,0.0
22/08/2003,0.0
23/08/2003,0.0
24/08/2003,0.0
25/08/2003,0.0
26/08/2003,57.8
27/08/2003,0.7
28/08/2003,1.2
29/08/2003,0.2
30/08/2003,7.1
31/08/2003,4.7
01/09/2003,1.1
02/09/2003,0.0
03/09/2003,0.0
04/09/2003,0.4
05/09/2003,5.5
06/09/2003,13.7
07/09/2003,0.0
08/09/2003,0.0
09/09/2003,4.1
10/09/2003,12.0
11/09/2003,0.0
12/09/2003,0.0
13/09/2003,0.0
14/09/2003,0.0
15/09/2003,16.7
16/09/2003,11.8
17/09/2003,0.0
18/09/2003,0.0
19/09/2003,0.0
20/09/2003,12.9
21/09/2003,2.3
22/09/2003,35.1
23/09/2003,5.7
24/09/2003,16.6
25/09/2003,6.5
26/09/2003,7.9
27/09/2003,2.0
28/09/2003,0.9
29/09/2003,0.0
30/09/2003,39.9
01/10/2003,29.4
02/10/2003,8.2
03/10/2003,35.0
04/10/2003,15.1
05/10/2003,0.0
06/10/2003,13.2
07/10/2003,1.7
08/10/2003,73.1
09/10/2003,1.2
10/10/2003,4.3
11/10/2003,13.2
12/10/2003,31.2
13/10/2003,10.5
14/10/2003,17.8
15/10/2003,0.0
16/10/2003,1.2
17/10/2003,1.4
18/10/2003,0.0
19/10/2003,0.0
20/10/2003,0.0
21/10/2003,0.0
22/10/2003,0.0
23/10/2003,0.0
24/10/2003,0.0
25/10/2003,6.8
26/10/2003,2.1
27/10/2003,4.7
28/10/2003,2.7
29/10/2003,24.0
30/10/2003,9.0
31/10/2003,0.0
01/11/2003,2.7
02/11/2003,1.2
03/11/2003,18.9
04/11/2003,0.7
05/11/2003,5.5
06/11/2003,0.0
07/11/2003,2.5
08/11/2003,16.0
09/11/2003,0.0
10/11/2003,5.3
11/11/2003,14.3
12/11/2003,12.1
13/11/2003,0.0
14/11/2003,0.0
15/11/2003,31.4
16/11/2003,2.2
17/11/2003,0.7
18/11/2003,0.0
19/11/2003,1.2
20/11/2003,0.0
21/11/2003,0.0
22/11/2003,0.0
23/11/2003,15.5
24/11/2003,5.0
25/11/2003,10.2
26/11/2003,9.1
27/11/2003,31.5
28/11/2003,24.9
29/11/2003,104.5
30/11/2003,21.0
01/12/2003,180.4
02/12/2003,0.5
03/12/2003,0.7
08/01/2004,5.0
09/01/2004,8.7
10/01/2004,26.0
11/01/2004,5.9
12/01/2004,3.9
13/01/2004,0.8
14/01/2004,3.2
15/01/2004,3.6
16/01/2004,1.8
17/01/2004,0.0
18/01/2004,0.0
19/01/2004,0.0
20/01/2004,0.0
21/01/2004,0.0
22/01/2004,0.0
23/01/2004,0.0
24/01/2004,3.0
25/01/2004,0.0
26/01/2004,3.4
27/01/2004,1.5
28/01/2004,71.1
29/01/2004,82.3
30/01/2004,18.4
31/01/2004,1.9
01/02/2004,17.6
02/02/2004,1.4
03/02/2004,0.0
04/02/2004,0.0
05/02/2004,0.0
06/02/2004,2.0
07/02/2004,0.0
08/02/2004,0.0
09/02/2004,0.0
10/02/2004,0.0
11/02/2004,0.0
12/02/2004,0.0
13/02/2004,0.0
14/02/2004,0.0
15/02/2004,0.0
16/02/2004,0.0
17/02/2004,0.0
18/02/2004,0.0
19/02/2004,0.0
20/02/2004,0.0
21/02/2004,0.0
22/02/2004,0.0
23/02/2004,0.0
24/02/2004,0.0
25/02/2004,0.0
26/02/2004,0.0
27/02/2004,0.0
28/02/2004,0.0
29/02/2004,0.0
01/03/2004,0.0
02/03/2004,0.0
03/03/2004,0.0
04/03/2004,0.0
05/03/2004,0.0
06/03/2004,0.0
07/03/2004,0.0
08/03/2004,39.8
09/03/2004,27.7
10/03/2004,4.7
11/03/2004,0.6
12/03/2004,0.7
13/03/2004,3.6
14/03/2004,1.2
15/03/2004,0.0
16/03/2004,0.0
17/03/2004,3.4
18/03/2004,4.4
19/03/2004,0.0
20/03/2004,0.0
21/03/2004,0.0
22/03/2004,0.0
23/03/2004,0.0
24/03/2004,0.0
25/03/2004,0.0
26/03/2004,0.0
27/03/2004,0.0
28/03/2004,0.0
29/03/2004,0.0
30/03/2004,0.0
31/03/2004,1.1
01/04/2004,0.7
02/04/2004,0.0
03/04/2004,0.0
04/04/2004,4.8
05/04/2004,0.0
06/04/2004,0.0
07/04/2004,0.0
08/04/2004,0.0
09/04/2004,0.0
10/04/2004,0.0
11/04/2004,0.0
12/04/2004,0.0
13/04/2004,0.0
14/04/2004,12.3
15/04/2004,0.0
16/04/2004,0.0
17/04/2004,0.0
18/04/2004,0.0
19/04/2004,0.0
20/04/2004,0.0
21/04/2004,0.0
22/04/2004,0.0
23/04/2004,0.0
24/04/2004,0.0
25/04/2004,0.0
26/04/2004,0.0
27/04/2004,0.0
28/04/2004,6.8
29/04/2004,27.6
30/04/2004,2.4
01/05/2004,0.0
02/05/2004,0.0
03/05/2004,22.4
04/05/2004,2.1
05/05/2004,3.9
06/05/2004,0.0
07/05/2004,49.3
08/05/2004,0.0
09/05/2004,0.0
10/05/2004,5.1
11/05/2004,6.2
12/05/2004,0.9
13/05/2004,6.4
14/05/2004,0.0
15/05/2004,0.0
16/05/2004,0.0
17/05/2004,0.0
18/05/2004,0.0
19/05/2004,0.0
20/05/2004,10.6
21/05/2004,0.7
22/05/2004,24.6
23/05/2004,0.6
24/05/2004,59.6
25/05/2004,1.3
26/05/2004,0.0
27/05/2004,18.4
28/05/2004,0.0
29/05/2004,0.0
30/05/2004,0.0
31/05/2004,0.0
01/06/2004,21.8
02/06/2004,3.2
03/06/2004,0.7
04/06/2004,11.1
05/06/2004,22.5
06/06/2004,7.0
07/06/2004,1.3
08/06/2004,0.0
09/06/2004,0.0
10/06/2004,2.1
11/06/2004,0.0
12/06/2004,33.8
13/06/2004,0.0
14/06/2004,0.0
15/06/2004,0.0
16/06/2004,0.0
17/06/2004,7.4
18/06/2004,2.8
19/06/2004,0.0
20/06/2004,0.0
21/06/2004,0.0
22/06/2004,0.0
23/06/2004,0.0
24/06/2004,0.0
25/06/2004,0.0
26/06/2004,0.0
27/06/2004,0.0
28/06/2004,8.3
29/06/2004,1.7
30/06/2004,1.1
01/07/2004,0.2
02/07/2004,0.0
03/07/2004,4.7
04/07/2004,0.0
05/07/2004,3.5
06/07/2004,0.0
07/07/2004,8.3
08/07/2004,2.5
09/07/2004,0.0
10/07/2004,1.1
11/07/2004,0.0
12/07/2004,0.4
13/07/2004,0.0
14/07/2004,2.7
15/07/2004,0.0
16/07/2004,0.0
17/07/2004,5.1
18/07/2004,8.0
19/07/2004,10.4
20/07/2004,7.4
21/07/2004,2.7
22/07/2004,0.0
23/07/2004,44.5
24/07/2004,0.0
25/07/2004,0.0
26/07/2004,3.0
27/07/2004,13.4
28/07/2004,28.0
29/07/2004,0.8
30/07/2004,2.9
31/07/2004,1.0
01/08/2004,38.3
02/08/2004,0.0
03/08/2004,1.0
04/08/2004,0.0
05/08/2004,0.0
06/08/2004,0.0
07/08/2004,0.0
08/08/2004,0.0
09/08/2004,0.0
10/08/2004,0.0
11/08/2004,0.4
12/08/2004,2.1
13/08/2004,0.0
14/08/2004,16.8
15/08/2004,0.7
16/08/2004,0.0
17/08/2004,0.0
18/08/2004,0.0
19/08/2004,0.0
20/08/2004,0.0
21/08/2004,0.2
22/08/2004,0.7
23/08/2004,0.0
24/08/2004,0.0
25/08/2004,20.2
26/08/2004,11.3
27/08/2004,12.6
28/08/2004,5.1
29/08/2004,0.0
05/11/2004,30.7
06/11/2004,22.5
07/11/2004,0.6
08/11/2004,0.0
09/11/2004,0.0
10/11/2004,3.2
11/11/2004,2.4
12/11/2004,9.2
13/11/2004,21.5
14/11/2004,0.8
15/11/2004,3.3
16/11/2004,0.7
17/11/2004,0.0
18/11/2004,2.7
19/11/2004,1.3
20/11/2004,0.3
21/11/2004,12.9
22/11/2004,0.6
23/11/2004,0.0
24/11/2004,0.2
25/11/2004,0.0
26/11/2004,6.2
27/11/2004,20.3
28/11/2004,93.2
29/11/2004,101.0
30/11/2004,0.0
01/12/2004,0.4
02/12/2004,0.0
03/12/2004,22.7
04/12/2004,2.8
05/12/2004,12.1
06/12/2004,4.5
07/12/2004,32.7
08/12/2004,118.0
09/12/2004,107.1
10/12/2004,348.1
11/12/2004,81.6
12/12/2004,9.4
13/12/2004,0.7
14/12/2004,0.0
15/12/2004,0.5
16/12/2004,9.6
17/12/2004,15.6
18/12/2004,0.0
19/12/2004,0.0
20/12/2004,0.0
21/12/2004,0.0
22/12/2004,0.0
23/12/2004,0.0
24/12/2004,0.0
25/12/2004,0.0
26/12/2004,0.0
27/12/2004,0.0
28/12/2004,0.0
29/12/2004,0.4
30/12/2004,7.1
31/12/2004,6.2
01/01/2005,8.8
02/01/2005,2.5
03/01/2005,0.0
04/01/2005,0.5
05/01/2005,0.0
06/01/2005,0.0
07/01/2005,13.8
08/01/2005,23.9
09/01/2005,0.2
10/01/2005,0.0
11/01/2005,0.0
12/01/2005,0.0
13/01/2005,0.6
14/01/2005,0.0
15/01/2005,0.0
16/01/2005,0.0
17/01/2005,0.0
18/01/2005,0.0
19/01/2005,0.0
20/01/2005,0.0
21/01/2005,1.8
22/01/2005,2.6
23/01/2005,0.0
24/01/2005,0.0
25/01/2005,0.0
26/01/2005,0.0
27/01/2005,0.0
28/01/2005,0.0
29/01/2005,0.0
31/05/2005,0.0
01/06/2005,0.6
02/06/2005,1.2
03/06/2005,0.0
04/06/2005,25.1
05/06/2005,0.0
06/06/2005,0.0
07/06/2005,33.4
08/06/2005,21.1
09/06/2005,0.8
10/06/2005,0.0
11/06/2005,14.3
12/06/2005,3.2
13/06/2005,0.0
14/06/2005,0.0
15/06/2005,23.8
16/06/2005,0.4
17/06/2005,0.0
18/06/2005,1.6
19/06/2005,2.0
20/06/2005,18.4
21/06/2005,0.0
22/06/2005,18.1
23/06/2005,2.1
24/06/2005,0.0
25/06/2005,0.0
26/06/2005,25.6
27/06/2005,0.0
28/06/2005,30.1
29/06/2005,22.5
30/06/2005,0.7
01/07/2005,0.0
02/07/2005,52.8
03/07/2005,4.9
04/07/2005,0.0
05/07/2005,0.0
06/07/2005,0.0
07/07/2005,18.3
08/07/2005,18.3
09/07/2005,0.0
10/07/2005,0.0
11/07/2005,0.0
12/07/2005,3.4
13/07/2005,0.6
14/07/2005,0.0
15/07/2005,0.0
16/07/2005,9.1
17/07/2005,9.3
18/07/2005,13.5
19/07/2005,47.5
20/07/2005,44.7
21/07/2005,2.8
22/07/2005,11.6
23/07/2005,22.6
24/07/2005,0.0
25/07/2005,5.1
26/07/2005,0.0
27/07/2005,0.0
28/07/2005,0.0
29/07/2005,0.0
30/07/2005,0.0
31/07/2005,1.9
01/08/2005,51.6
02/08/2005,2.3
03/08/2005,14.4
04/08/2005,4.6
05/08/2005,0.0
06/08/2005,7.7
07/08/2005,0.0
08/08/2005,0.0
09/08/2005,0.0
10/08/2005,0.0
11/08/2005,0.0
12/08/2005,0.0
13/08/2005,0.0
14/08/2005,0.0
15/08/2005,6.0
16/08/2005,0.6
17/08/2005,0.0
18/08/2005,3.2
19/08/2005,3.2
20/08/2005,13.6
21/08/2005,0.6
22/08/2005,13.2
23/08/2005,1.8
24/08/2005,0.0
25/08/2005,5.1
26/08/2005,36.6
27/08/2005,1.2
28/08/2005,0.0
29/08/2005,0.0
30/08/2005,1.6
31/08/2005,1.5
01/09/2005,0.0
02/09/2005,4.0
03/09/2005,5.8
04/09/2005,75.4
05/09/2005,0.0
06/09/2005,1.5
07/09/2005,12.2
08/09/2005,0.0
09/09/2005,0.0
10/09/2005,0.0
11/09/2005,0.0
12/09/2005,0.0
13/09/2005,0.0
14/09/2005,4.9
15/09/2005,31.2
16/09/2005,0.0
17/09/2005,2.9
18/09/2005,0.0
19/09/2005,13.8
20/09/2005,0.5
21/09/2005,2.5
22/09/2005,36.4
23/09/2005,13.6
24/09/2005,9.4
25/09/2005,5.4
26/09/2005,0.6
27/09/2005,0.4
28/09/2005,0.1
29/09/2005,0.0
30/09/2005,0.0
01/10/2005,0.1
02/10/2005,0.1
03/10/2005,0.9
04/10/2005,0.0
05/10/2005,0.3
06/10/2005,0.0
07/10/2005,1.2
08/10/2005,0.5
09/10/2005,0.1
10/10/2005,0.0
11/10/2005,0.0
12/10/2005,0.0
13/10/2005,0.1
14/10/2005,0.3
15/10/2005,0.0
16/10/2005,0.3
17/10/2005,0.0
18/10/2005,0.0
19/10/2005,0.5
20/10/2005,0.0
21/10/2005,0.0
22/10/2005,0.3
23/10/2005,0.0
24/10/2005,0.4
25/10/2005,0.1
26/10/2005,0.3
27/10/2005,0.4
28/10/2005,0.1
29/10/2005,0.0
30/10/2005,48.2
31/10/2005,33.1
01/11/2005,0.0
02/11/2005,0.0
03/11/2005,0.3
04/11/2005,9.4
05/11/2005,9.4
06/11/2005,15.3
07/11/2005,1.3
08/11/2005,11.6
09/11/2005,1.7
10/11/2005,0.0
11/11/2005,4.3
12/11/2005,0.7
13/11/2005,0.7
14/11/2005,0.0
15/11/2005,2.2
16/11/2005,0.0
17/11/2005,0.0
18/11/2005,7.2
19/11/2005,27.8
20/11/2005,53.1
21/11/2005,24.8
22/11/2005,89.5
23/11/2005,88.2
24/11/2005,214.1
25/11/2005,11.6
26/11/2005,3.4
27/11/2005,0.5
28/11/2005,0.0
29/11/2005,16.8
30/11/2005,1.6
01/12/2005,8.1
02/12/2005,7.7
03/12/2005,2.6
04/12/2005,0.0
05/12/2005,0.0
06/12/2005,4.0
07/12/2005,4.1
08/12/2005,115.8
09/12/2005,57.6
10/12/2005,6.9
11/12/2005,0.8
12/12/2005,0.0
13/12/2005,1.8
14/12/2005,2.0
15/12/2005,17.4
16/12/2005,13.4
17/12/2005,10.9
18/12/2005,70.6
19/12/2005,416.3
20/12/2005,10.9
21/12/2005,1.8
22/12/2005,0.4
23/12/2005,0.0
24/12/2005,117.1
25/12/2005,80.7
25/01/2006,0.0
26/01/2006,0.0
27/01/2006,0.0
28/01/2006,0.0
29/01/2006,0.0
30/01/2006,0.0
31/01/2006,0.0
01/02/2006,11.7
02/02/2006,0.7
03/02/2006,0.7
04/02/2006,5.1
05/02/2006,2.9
06/02/2006,0.0
07/02/2006,1.1
08/02/2006,0.0
09/02/2006,42.9
10/02/2006,160.2
11/02/2006,163.0
12/02/2006,56.6
13/02/2006,77.3
14/02/2006,0.0
15/02/2006,6.3
16/02/2006,0.0
17/02/2006,0.0
18/02/2006,0.0
19/02/2006,0.5
20/02/2006,1.1
21/02/2006,12.0
22/02/2006,14.8
23/02/2006,2.3
24/02/2006,0.0
25/02/2006,0.0
26/02/2006,0.7
27/02/2006,0.0
28/02/2006,0.7
01/03/2006,0.0
02/03/2006,1.0
03/03/2006,2.7
04/03/2006,0.0
05/03/2006,0.0
06/03/2006,0.0
07/03/2006,0.0
08/03/2006,0.0
09/03/2006,2.3
10/03/2006,0.0
11/03/2006,0.0
12/03/2006,0.0
13/03/2006,0.0
14/03/2006,0.0
15/03/2006,0.0
16/03/2006,0.0
17/03/2006,0.0
18/03/2006,0.0
19/03/2006,36.3
20/03/2006,0.0
21/03/2006,0.0
22/03/2006,2.9
23/03/2006,23.7
30/03/2006,0.0
31/03/2006,0.0
01/04/2006,3.6
02/04/2006,0.0
03/04/2006,0.0
04/04/2006,0.0
05/04/2006,0.0
06/04/2006,0.0
07/04/2006,0.0
08/04/2006,14.5
09/04/2006,31.7
10/04/2006,0.4
11/04/2006,10.7
12/04/2006,10.4
13/04/2006,1.8
14/04/2006,1.1
15/04/2006,0.4
16/04/2006,0.0
17/04/2006,0.0
18/04/2006,1.9
19/04/2006,11.0
20/04/2006,0.0
21/04/2006,0.0
22/04/2006,0.0
23/04/2006,20.8
24/04/2006,0.0
25/04/2006,0.0
06/05/2006,0.0
07/05/2006,87.0
08/05/2006,13.9
09/05/2006,9.7
10/05/2006,0.0
11/05/2006,1.9
12/05/2006,0.0
13/05/2006,0.0
14/05/2006,1.9
15/05/2006,0.0
16/05/2006,6.4
17/05/2006,6.7
18/05/2006,2.5
19/05/2006,19.0
20/05/2006,11.6
21/05/2006,0.7
22/05/2006,29.4
23/05/2006,0.0
24/05/2006,0.0
25/05/2006,0.0
26/05/2006,21.8
27/05/2006,0.7
28/05/2006,1.9
29/05/2006,0.0
30/05/2006,0.0
31/05/2006,0.0
01/06/2006,0.0
02/06/2006,0.0
03/06/2006,0.0
04/06/2006,0.0
05/06/2006,0.0
06/06/2006,0.0
07/06/2006,0.0
08/06/2006,0.0
09/06/2006,0.4
10/06/2006,1.5
11/06/2006,0.0
12/06/2006,0.0
13/06/2006,0.0
14/06/2006,0.0
15/06/2006,0.0
16/06/2006,0.4
17/06/2006,6.0
18/06/2006,0.0
19/06/2006,0.0
20/06/2006,1.2
21/06/2006,7.3
22/06/2006,0.7
23/06/2006,0.0
24/06/2006,0.0
25/06/2006,0.0
26/06/2006,23.5
27/06/2006,0.0
28/06/2006,0.0
29/06/2006,0.0
30/06/2006,0.0
01/07/2006,0.0
02/07/2006,11.6
03/07/2006,0.0
04/07/2006,0.0
05/07/2006,0.0
06/07/2006,0.6
07/07/2006,2.1
08/07/2006,0.8
09/07/2006,94.3
10/07/2006,1.9
11/07/2006,41.1
12/07/2006,1.9
13/07/2006,2.0
14/07/2006,55.8
15/07/2006,0.7
16/07/2006,0.0
17/07/2006,2.3
18/07/2006,55.7
19/07/2006,0.5
20/07/2006,0.0
21/07/2006,0.0
22/07/2006,0.0
23/07/2006,0.0
24/07/2006,7.1
25/07/2006,3.0
26/07/2006,18.6
27/07/2006,16.2
28/07/2006,30.0
29/07/2006,0.6
30/07/2006,59.8
31/07/2006,8.3
01/08/2006,0.0
02/08/2006,0.0
03/08/2006,33.2
04/08/2006,44.1
05/08/2006,1.4
06/08/2006,1.8
07/08/2006,0.0
08/08/2006,0.0
09/08/2006,0.0
10/08/2006,0.0
11/08/2006,0.0
12/08/2006,0.0
13/08/2006,0.0
14/08/2006,0.0
15/08/2006,0.0
16/08/2006,0.0
17/08/2006,0.0
18/08/2006,0.0
19/08/2006,1.5
20/08/2006,0.0
21/08/2006,0.0
22/08/2006,38.9
23/08/2006,0.0
24/08/2006,0.0
25/08/2006,10.5
26/08/2006,0.5
27/08/2006,2.2
28/08/2006,0.8
29/08/2006,0.0
30/08/2006,73.5
31/08/2006,16.6
01/09/2006,1.9
02/09/2006,0.0
03/09/2006,0.0
04/09/2006,0.0
05/09/2006,60.6
06/09/2006,11.5
07/09/2006,8.8
08/09/2006,0.0
09/09/2006,9.6
10/09/2006,27.6
11/09/2006,0.0
12/09/2006,0.0
13/09/2006,11.0
14/09/2006,2.1
15/09/2006,3.8
16/09/2006,1.7
17/09/2006,0.0
18/09/2006,8.1
19/09/2006,0.9
20/09/2006,53.3
21/09/2006,4.1
22/09/2006,13.2
23/09/2006,1.5
24/09/2006,0.4
25/09/2006,15.7
26/09/2006,0.0
27/09/2006,10.5
28/09/2006,2.0
29/09/2006,9.9
30/09/2006,0.0
01/10/2006,0.0
02/10/2006,4.2
03/10/2006,0.7
04/10/2006,16.3
05/10/2006,3.5
06/10/2006,0.0
07/10/2006,15.6
08/10/2006,0.0
09/10/2006,0.0
10/10/2006,2.1
11/10/2006,11.7
12/10/2006,17.8
13/10/2006,0.0
14/10/2006,0.0
15/10/2006,3.3
16/10/2006,2.0
17/10/2006,1.8
18/10/2006,0.0
19/10/2006,0.7
20/10/2006,7.6
21/10/2006,60.1
22/10/2006,0.0
23/10/2006,6.0
24/10/2006,1.5
25/10/2006,2.2
26/10/2006,0.0
27/10/2006,4.5
28/10/2006,2.3
29/10/2006,0.4
30/10/2006,3.8
31/10/2006,12.3
01/11/2006,43.8
02/11/2006,0.0
03/11/2006,8.1
04/11/2006,1.5
05/11/2006,0.0
06/11/2006,0.0
07/11/2006,48.6
08/11/2006,0.0
09/11/2006,0.8
10/11/2006,6.5
11/11/2006,17.9
12/11/2006,25.6
13/11/2006,19.9
14/11/2006,6.0
15/11/2006,5.7
16/11/2006,12.6
17/11/2006,23.1
18/11/2006,69.1
19/11/2006,2.1
20/11/2006,7.0
21/11/2006,0.0
22/11/2006,0.0
23/11/2006,3.2
24/11/2006,47.1
25/11/2006,0.0
26/11/2006,1.6
27/11/2006,0.0
28/11/2006,3.5
29/11/2006,20.4
30/11/2006,18.1
01/12/2006,13.9
11/12/2006,10.4
12/12/2006,2.6
13/12/2006,0.0
14/12/2006,0.0
15/12/2006,1.0
16/12/2006,119.8
17/12/2006,23.0
18/12/2006,6.8
19/12/2006,31.9
20/12/2006,143.2
21/12/2006,54.0
22/12/2006,37.3
23/12/2006,0.5
24/12/2006,0.5
25/12/2006,2.2
26/12/2006,21.4
27/12/2006,23.9
28/12/2006,1.0
29/12/2006,0.0
30/12/2006,0.0
31/12/2006,0.0
01/01/2007,0.0
02/01/2007,0.9
03/01/2007,0.1
04/01/2007,0.5
05/01/2007,1.1
06/01/2007,38.5
07/01/2007,367.1
08/01/2007,36.9
09/01/2007,37.9
10/01/2007,24.6
11/01/2007,2.5
12/01/2007,5.9
13/01/2007,37.5
14/01/2007,0.9
15/01/2007,5.5
16/01/2007,0.6
17/01/2007,5.9
18/01/2007,3.7
19/01/2007,43.5
20/01/2007,12.2
21/01/2007,1.7
22/01/2007,1.6
23/01/2007,1.9
24/01/2007,0.1
25/01/2007,3.0
26/01/2007,9.0
27/01/2007,8.3
28/01/2007,18.7
29/01/2007,0.0
30/01/2007,0.0
31/01/2007,0.0
01/02/2007,0.0
02/02/2007,0.0
03/02/2007,0.0
04/02/2007,0.0
05/02/2007,0.0
06/02/2007,7.5
07/02/2007,0.0
08/02/2007,0.0
09/02/2007,0.0
10/02/2007,0.0
11/02/2007,0.9
12/02/2007,11.6
13/02/2007,0.0
14/02/2007,0.0
15/02/2007,0.0
16/02/2007,0.0
17/02/2007,0.0
18/02/2007,0.0
19/02/2007,0.0
20/02/2007,0.0
21/02/2007,0.0
22/02/2007,4.0
23/02/2007,0.0
24/02/2007,0.0
25/02/2007,1.5
26/02/2007,0.0
27/02/2007,0.0
28/02/2007,0.0
01/03/2007,0.0
02/03/2007,0.0
03/03/2007,0.0
04/03/2007,0.0
05/03/2007,0.0
06/03/2007,0.0
07/03/2007,0.0
08/03/2007,0.0
09/03/2007,0.0
10/03/2007,0.0
11/03/2007,0.4
12/03/2007,5.6
13/03/2007,0.0
14/03/2007,10.5
15/03/2007,0.0
16/03/2007,0.0
17/03/2007,0.0
18/03/2007,0.0
19/03/2007,0.5
20/03/2007,2.6
21/03/2007,7.4
22/03/2007,6.5
23/03/2007,1.5
24/03/2007,0.0
25/03/2007,45.0
26/03/2007,0.0
27/03/2007,0.0
28/03/2007,0.0
29/03/2007,15.0
30/03/2007,0.0
31/03/2007,7.9
01/04/2007,11.1
02/04/2007,0.0
03/04/2007,0.0
04/04/2007,0.0
05/04/2007,0.0
06/04/2007,4.0
07/04/2007,0.0
08/04/2007,0.0
09/04/2007,1.5
10/04/2007,0.0
11/04/2007,1.5
12/04/2007,1.0
13/04/2007,33.0
14/04/2007,0.0
15/04/2007,0.0
16/04/2007,2.5
17/04/2007,0.0
18/04/2007,0.0
19/04/2007,0.0
20/04/2007,0.0
21/04/2007,0.0
22/04/2007,0.0
23/04/2007,0.0
24/04/2007,0.0
25/04/2007,0.0
26/04/2007,6.7
27/04/2007,5.3
28/04/2007,2.0
29/04/2007,19.0
30/04/2007,21.0
01/05/2007,2.5
02/05/2007,0.0
03/05/2007,0.0
04/05/2007,0.0
05/05/2007,7.0
06/05/2007,5.5
07/05/2007,1.0
08/05/2007,13.1
09/05/2007,4.0
10/05/2007,2.4
11/05/2007,0.0
12/05/2007,0.0
13/05/2007,0.0
14/05/2007,12.8
15/05/2007,22.2
16/05/2007,0.0
17/05/2007,0.0
18/05/2007,10.4
19/05/2007,0.1
20/05/2007,0.5
21/05/2007,0.0
22/05/2007,1.5
23/05/2007,0.0
24/05/2007,0.0
25/05/2007,0.0
26/05/2007,32.8
27/05/2007,0.2
28/05/2007,4.5
29/05/2007,0.5
30/05/2007,0.0
31/05/2007,4.0
01/06/2007,0.0
02/06/2007,43.0
03/06/2007,0.5
04/06/2007,0.0
05/06/2007,1.0
06/06/2007,0.5
07/06/2007,0.0
08/06/2007,0.0
09/06/2007,0.5
10/06/2007,0.0
11/06/2007,7.0
12/06/2007,9.0
13/06/2007,16.0
14/06/2007,2.0
15/06/2007,1.5
16/06/2007,53.0
17/06/2007,4.5
18/06/2007,1.0
19/06/2007,1.8
20/06/2007,2.2
21/06/2007,2.0
22/06/2007,0.0
23/06/2007,9.0
24/06/2007,0.9
25/06/2007,0.1
26/06/2007,0.0
27/06/2007,0.0
28/06/2007,0.0
29/06/2007,0.0
30/06/2007,0.0
01/07/2007,0.0
02/07/2007,0.0
03/07/2007,0.0
04/07/2007,0.0
05/07/2007,0.0
06/07/2007,0.0
07/07/2007,13.2
08/07/2007,22.8
09/07/2007,0.0
10/07/2007,8.6
11/07/2007,0.4
12/07/2007,7.0
13/07/2007,17.5
14/07/2007,0.0
15/07/2007,0.5
16/07/2007,0.5
17/07/2007,23.5
18/07/2007,11.0
19/07/2007,27.9
20/07/2007,12.6
21/07/2007,0.8
22/07/2007,23.1
23/07/2007,4.6
24/07/2007,0.9
25/07/2007,0.5
26/07/2007,0.0
27/07/2007,23.2
28/07/2007,21.2
29/07/2007,13.1
30/07/2007,0.0
31/07/2007,6.5
01/08/2007,0.4
02/08/2007,2.1
03/08/2007,0.0
04/08/2007,0.0
05/08/2007,0.0
06/08/2007,0.0
07/08/2007,0.0
08/08/2007,0.0
09/08/2007,0.0
10/08/2007,0.0
11/08/2007,0.4
12/08/2007,28.1
13/08/2007,6.0
14/08/2007,0.0
15/08/2007,0.5
16/08/2007,72.5
17/08/2007,0.0
18/08/2007,0.0
19/08/2007,2.3
20/08/2007,34.7
21/08/2007,2.5
22/08/2007,8.0
23/08/2007,0.0
24/08/2007,1.0
25/08/2007,8.5
26/08/2007,49.7
27/08/2007,47.1
28/08/2007,36.2
29/08/2007,13.7
30/08/2007,28.0
31/08/2007,0.3
01/09/2007,21.0
02/09/2007,0.5
03/09/2007,0.5
04/09/2007,3.5
05/09/2007,0.0
06/09/2007,0.0
07/09/2007,3.5
08/09/2007,35.5
09/09/2007,0.0
10/09/2007,9.1
11/09/2007,2.2
12/09/2007,4.6
13/09/2007,13.1
14/09/2007,25.5
15/09/2007,0.5
16/09/2007,4.0
17/09/2007,0.0
18/09/2007,0.0
19/09/2007,3.5
20/09/2007,0.0
21/09/2007,1.0
22/09/2007,13.3
23/09/2007,22.7
24/09/2007,3.5
25/09/2007,0.5
26/09/2007,20.0
27/09/2007,1.0
28/09/2007,3.5
29/09/2007,0.5
30/09/2007,8.0
01/10/2007,0.0
02/10/2007,2.5
03/10/2007,0.0
04/10/2007,16.5
05/10/2007,16.0
06/10/2007,15.0
07/10/2007,0.5
08/10/2007,0.0
09/10/2007,11.5
10/10/2007,0.0
11/10/2007,0.5
12/10/2007,21.0
13/10/2007,0.0
14/10/2007,8.0
15/10/2007,16.5
16/10/2007,2.0
17/10/2007,0.0
18/10/2007,0.5
19/10/2007,2.0
20/10/2007,9.1
21/10/2007,9.1
22/10/2007,0.4
23/10/2007,29.2
24/10/2007,15.3
25/10/2007,29.0
26/10/2007,10.5
27/10/2007,0.0
28/10/2007,0.0
29/10/2007,50.5
30/10/2007,0.5
31/10/2007,0.5
01/11/2007,5.6
02/11/2007,2.4
03/11/2007,8.3
04/11/2007,8.2
05/11/2007,0.0
06/11/2007,4.3
07/11/2007,0.2
08/11/2007,3.3
09/11/2007,3.7
10/11/2007,51.2
11/11/2007,2.0
12/11/2007,5.2
13/11/2007,0.0
14/11/2007,0.0
15/11/2007,11.0
16/11/2007,0.0
17/11/2007,0.0
18/11/2007,0.0
19/11/2007,37.1
20/11/2007,6.4
21/11/2007,0.0
22/11/2007,0.0
23/11/2007,0.0
24/11/2007,0.0
25/11/2007,0.0
26/11/2007,0.0
27/11/2007,2.0
28/11/2007,0.0
29/11/2007,0.0
30/11/2007,4.4
01/12/2007,0.1
02/12/2007,0.0
03/12/2007,0.0
04/12/2007,0.4
05/12/2007,49.1
06/12/2007,132.0
07/12/2007,144.1
08/12/2007,147.4
09/12/2007,104.9
10/12/2007,66.4
11/12/2007,138.3
12/12/2007,1.6
13/12/2007,17.6
14/12/2007,172.9
15/12/2007,41.0
16/12/2007,93.2
17/12/2007,62.7
18/12/2007,31.7
19/12/2007,31.8
20/12/2007,18.2
21/12/2007,44.6
22/12/2007,0.0
23/12/2007,0.0
24/12/2007,0.0
25/12/2007,0.0
26/12/2007,0.0
27/12/2007,0.0
28/12/2007,0.0
29/12/2007,0.0
30/12/2007,0.4
31/12/2007,23.0
01/01/2008,50.3
02/01/2008,12.7
03/01/2008,5.6
04/01/2008,0.3
05/01/2008,32.3
06/01/2008,6.9
07/01/2008,3.4
08/01/2008,26.1
09/01/2008,0.0
10/01/2008,0.0
11/01/2008,0.0
12/01/2008,0.0
13/01/2008,0.0
14/01/2008,0.0
15/01/2008,0.0
16/01/2008,0.5
17/01/2008,55.9
18/01/2008,13.4
19/01/2008,0.2
20/01/2008,0.0
21/01/2008,4.0
22/01/2008,0.0
23/01/2008,0.0
24/01/2008,0.0
25/01/2008,0.0
26/01/2008,0.0
27/01/2008,4.7
28/01/2008,4.8
29/01/2008,0.0
30/01/2008,0.0
31/01/2008,0.0
01/02/2008,10.7
02/02/2008,21.8
03/02/2008,0.5
04/02/2008,26.0
05/02/2008,2.0
06/02/2008,0.0
07/02/2008,0.0
08/02/2008,0.0
09/02/2008,0.0
10/02/2008,0.0
11/02/2008,0.0
12/02/2008,0.0
13/02/2008,0.0
14/02/2008,0.0
15/02/2008,0.0
16/02/2008,0.0
17/02/2008,0.0
18/02/2008,0.0
19/02/2008,0.0
20/02/2008,0.0
21/02/2008,0.0
22/02/2008,0.0
23/02/2008,0.0
24/02/2008,0.0
25/02/2008,4.5
26/02/2008,0.0
27/02/2008,14.3
28/02/2008,92.8
29/02/2008,10.9
01/03/2008,8.5
02/03/2008,0.0
03/03/2008,0.0
04/03/2008,3.5
05/03/2008,1.8
06/03/2008,53.8
07/03/2008,88.4
08/03/2008,16.6
09/03/2008,4.7
10/03/2008,1.6
11/03/2008,5.0
12/03/2008,4.5
13/03/2008,5.4
14/03/2008,4.1
15/03/2008,1.1
16/03/2008,0.0
17/03/2008,0.0
18/03/2008,0.0
19/03/2008,0.0
20/03/2008,0.0
21/03/2008,0.0
22/03/2008,0.0
23/03/2008,0.4
24/03/2008,6.8
25/03/2008,103.9
26/03/2008,0.0
27/03/2008,0.0
28/03/2008,0.0
29/03/2008,0.0
30/03/2008,5.0
31/03/2008,0.0
01/04/2008,0.0
02/04/2008,0.0
03/04/2008,0.4
04/04/2008,38.6
05/04/2008,0.0
06/04/2008,0.5
07/04/2008,0.0
08/04/2008,1.0
09/04/2008,0.0
10/04/2008,0.0
11/04/2008,1.0
12/04/2008,0.0
13/04/2008,0.0
14/04/2008,0.0
15/04/2008,1.0
16/04/2008,0.0
17/04/2008,0.0
18/04/2008,0.0
19/04/2008,0.5
20/04/2008,0.0
21/04/2008,0.0
22/04/2008,17.5
23/04/2008,2.0
24/04/2008,25.9
25/04/2008,0.1
26/04/2008,2.4
27/04/2008,0.1
28/04/2008,0.0
29/04/2008,0.0
30/04/2008,0.0
01/05/2008,0.0
02/05/2008,5.6
03/05/2008,14.4
04/05/2008,0.5
05/05/2008,20.5
06/05/2008,68.5
07/05/2008,6.8
08/05/2008,37.2
09/05/2008,3.0
10/05/2008,1.0
11/05/2008,0.0
12/05/2008,0.0
13/05/2008,0.0
14/05/2008,0.0
15/05/2008,0.0
16/05/2008,0.0
17/05/2008,0.0
18/05/2008,0.4
19/05/2008,1.0
20/05/2008,52.1
21/05/2008,65.5
22/05/2008,0.0
23/05/2008,5.6
24/05/2008,0.4
25/05/2008,18.5
26/05/2008,3.0
27/05/2008,0.0
28/05/2008,0.0
29/05/2008,7.5
30/05/2008,1.0
31/05/2008,25.0
01/06/2008,21.5
02/06/2008,2.0
03/06/2008,2.5
04/06/2008,1.0
05/06/2008,0.0
06/06/2008,0.0
07/06/2008,0.5
08/06/2008,16.4
09/06/2008,0.6
10/06/2008,19.5
11/06/2008,2.0
12/06/2008,26.0
13/06/2008,0.0
14/06/2008,0.0
15/06/2008,0.0
16/06/2008,3.0
17/06/2008,0.0
18/06/2008,0.0
19/06/2008,0.5
20/06/2008,30.7
21/06/2008,0.3
22/06/2008,0.0
23/06/2008,16.4
24/06/2008,0.1
25/06/2008,1.8
26/06/2008,39.0
27/06/2008,3.7
28/06/2008,0.0
29/06/2008,41.3
30/06/2008,3.2
01/07/2008,68.6
02/07/2008,2.3
03/07/2008,34.2
04/07/2008,0.0
05/07/2008,0.0
06/07/2008,0.0
07/07/2008,7.0
08/07/2008,12.0
09/07/2008,0.0
10/07/2008,16.5
11/07/2008,0.0
12/07/2008,0.0
13/07/2008,8.0
14/07/2008,0.0
15/07/2008,5.8
16/07/2008,0.2
17/07/2008,6.7
18/07/2008,0.8
19/07/2008,0.0
20/07/2008,2.0
21/07/2008,0.0
22/07/2008,3.0
23/07/2008,13.5
24/07/2008,2.7
25/07/2008,11.8
26/07/2008,8.5
27/07/2008,0.0
28/07/2008,20.0
29/07/2008,0.0
30/07/2008,0.0
31/07/2008,0.0
01/08/2008,0.0
02/08/2008,33.5
03/08/2008,10.0
04/08/2008,0.5
05/08/2008,68.5
06/08/2008,18.5
07/08/2008,0.0
08/08/2008,0.0
09/08/2008,0.0
10/08/2008,0.5
11/08/2008,17.7
12/08/2008,5.8
13/08/2008,3.1
14/08/2008,14.5
15/08/2008,0.0
16/08/2008,4.3
17/08/2008,1.7
18/08/2008,8.5
19/08/2008,0.0
20/08/2008,0.0
21/08/2008,0.0
22/08/2008,39.9
23/08/2008,15.6
24/08/2008,16.0
25/08/2008,0.0
26/08/2008,0.5
27/08/2008,2.0
28/08/2008,3.0
29/08/2008,0.5
30/08/2008,0.0
31/08/2008,0.0
01/09/2008,0.0
02/09/2008,0.0
03/09/2008,0.0
04/09/2008,47.3
05/09/2008,35.2
06/09/2008,15.0
07/09/2008,8.0
08/09/2008,0.0
09/09/2008,0.0
10/09/2008,0.0
11/09/2008,0.0
12/09/2008,0.0
13/09/2008,38.7
14/09/2008,12.3
15/09/2008,0.0
16/09/2008,0.0
17/09/2008,0.0
18/09/2008,0.0
19/09/2008,0.0
20/09/2008,0.0
21/09/2008,27.1
22/09/2008,0.4
23/09/2008,0.0
24/09/2008,0.0
25/09/2008,0.0
26/09/2008,10.3
27/09/2008,0.2
28/09/2008,0.0
29/09/2008,0.0
30/09/2008,0.0
01/10/2008,4.5
02/10/2008,0.0
03/10/2008,0.0
04/10/2008,50.0
05/10/2008,0.0
06/10/2008,0.0
07/10/2008,5.5
08/10/2008,0.0
09/10/2008,0.0
10/10/2008,7.5
11/10/2008,6.5
12/10/2008,26.0
13/10/2008,26.0
14/10/2008,0.0
15/10/2008,0.0
16/10/2008,0.0
17/10/2008,12.5
18/10/2008,4.0
19/10/2008,0.0
20/10/2008,1.4
21/10/2008,12.1
22/10/2008,0.4
23/10/2008,10.7
24/10/2008,4.9
25/10/2008,0.6
26/10/2008,0.9
27/10/2008,9.0
28/10/2008,0.0
29/10/2008,21.5
30/10/2008,23.5
31/10/2008,0.0
01/11/2008,0.0
02/11/2008,3.5
03/11/2008,0.0
04/11/2008,0.0
05/11/2008,0.0
06/11/2008,11.5
07/11/2008,3.5
08/11/2008,11.5
09/11/2008,3.7
10/11/2008,19.4
11/11/2008,32.0
12/11/2008,1.3
13/11/2008,14.4
14/11/2008,4.1
15/11/2008,0.0
16/11/2008,0.0
17/11/2008,4.5
18/11/2008,0.9
19/11/2008,77.2
20/11/2008,89.7
21/11/2008,42.1
22/11/2008,4.9
23/11/2008,11.4
24/11/2008,7.3
25/11/2008,7.3
26/11/2008,5.0
27/11/2008,18.6
28/11/2008,102.5
29/11/2008,439.7
30/11/2008,2.1
01/12/2008,50.6
02/12/2008,5.7
03/12/2008,0.0
04/12/2008,0.0
05/12/2008,39.4
06/12/2008,218.2
07/12/2008,15.5
08/12/2008,20.0
09/12/2008,0.0
10/12/2008,0.0
11/12/2008,2.5
12/12/2008,0.0
13/12/2008,9.6
14/12/2008,32.4
15/12/2008,8.5
16/12/2008,25.5
17/12/2008,2.1
18/12/2008,4.9
19/12/2008,0.5
20/12/2008,0.0
21/12/2008,0.0
22/12/2008,0.0
23/12/2008,1.3
24/12/2008,10.5
25/12/2008,65.1
26/12/2008,13.1
27/12/2008,12.5
28/12/2008,25.2
29/12/2008,27.7
30/12/2008,28.0
31/12/2008,8.2
01/01/2009,65.2
02/01/2009,101.8
03/01/2009,102.8
04/01/2009,61.5
05/01/2009,0.0
06/01/2009,0.0
07/01/2009,0.0
08/01/2009,0.0
09/01/2009,0.0
10/01/2009,3.9
11/01/2009,0.1
12/01/2009,0.4
13/01/2009,39.1
14/01/2009,8.0
15/01/2009,0.0
16/01/2009,0.0
17/01/2009,0.5
18/01/2009,0.0
19/01/2009,0.0
20/01/2009,0.0
21/01/2009,0.0
22/01/2009,0.0
23/01/2009,0.4
24/01/2009,24.5
25/01/2009,21.6
26/01/2009,0.0
27/01/2009,0.0
28/01/2009,0.0
29/01/2009,0.0
30/01/2009,0.0
31/01/2009,0.0
01/02/2009,0.0
02/02/2009,0.0
03/02/2009,0.0
04/02/2009,13.5
05/02/2009,0.0
06/02/2009,0.0
07/02/2009,0.0
08/02/2009,0.0
09/02/2009,0.0
10/02/2009,0.0
11/02/2009,0.0
12/02/2009,0.0
13/02/2009,0.0
14/02/2009,0.0
15/02/2009,0.0
16/02/2009,0.0
17/02/2009,0.0
18/02/2009,0.0
19/02/2009,0.0
20/02/2009,0.0
21/02/2009,0.0
22/02/2009,0.0
23/02/2009,0.0
24/02/2009,0.0
25/02/2009,1.0
26/02/2009,0.0
27/02/2009,0.0
28/02/2009,1.4
01/03/2009,69.6
02/03/2009,45.2
03/03/2009,77.3
04/03/2009,4.5
05/03/2009,1.1
06/03/2009,6.9
07/03/2009,0.0
08/03/2009,0.4
09/03/2009,0.1
10/03/2009,0.0
11/03/2009,0.0
12/03/2009,0.0
13/03/2009,0.0
14/03/2009,33.8
15/03/2009,78.7
16/03/2009,37.9
17/03/2009,47.7
18/03/2009,17.9
19/03/2009,57.1
20/03/2009,8.5
21/03/2009,17.5
22/03/2009,2.0
23/03/2009,21.5
24/03/2009,2.5
25/03/2009,0.0
26/03/2009,0.0
27/03/2009,105.0
28/03/2009,28.5
29/03/2009,2.0
30/03/2009,0.0
31/03/2009,0.4
01/04/2009,16.6
02/04/2009,14.5
03/04/2009,28.5
04/04/2009,0.3
05/04/2009,14.7
06/04/2009,0.4
07/04/2009,53.1
08/04/2009,0.0
09/04/2009,2.5
10/04/2009,9.5
11/04/2009,0.5
12/04/2009,0.0
13/04/2009,0.0
14/04/2009,2.5
15/04/2009,13.0
16/04/2009,0.0
17/04/2009,0.0
18/04/2009,24.5
19/04/2009,0.5
20/04/2009,0.0
21/04/2009,0.0
22/04/2009,5.0
23/04/2009,0.0
24/04/2009,61.0
25/04/2009,0.0
26/04/2009,1.0
27/04/2009,0.5
28/04/2009,0.0
29/04/2009,0.0
30/04/2009,0.0
01/05/2009,27.6
02/05/2009,6.9
03/05/2009,0.0
04/05/2009,0.0
05/05/2009,19.0
06/05/2009,4.0
07/05/2009,0.0
08/05/2009,1.0
09/05/2009,1.0
10/05/2009,19.5
11/05/2009,31.5
12/05/2009,0.5
13/05/2009,12.5
14/05/2009,0.0
15/05/2009,5.5
16/05/2009,0.5
17/05/2009,4.5
18/05/2009,0.0
19/05/2009,0.0
20/05/2009,0.0
21/05/2009,0.0
22/05/2009,13.8
23/05/2009,1.7
24/05/2009,0.0
25/05/2009,0.0
26/05/2009,55.9
27/05/2009,1.6
28/05/2009,0.5
29/05/2009,20.9
30/05/2009,15.1
31/05/2009,0.0
01/06/2009,0.0
02/06/2009,0.4
03/06/2009,15.6
04/06/2009,0.0
05/06/2009,0.0
06/06/2009,0.5
07/06/2009,58.5
08/06/2009,0.0
09/06/2009,0.0
10/06/2009,0.3
11/06/2009,0.2
12/06/2009,0.0
13/06/2009,0.0
14/06/2009,0.0
15/06/2009,0.0
16/06/2009,0.0
17/06/2009,1.9
18/06/2009,10.6
19/06/2009,10.0
20/06/2009,0.0
21/06/2009,0.0
22/06/2009,0.0
23/06/2009,53.0
24/06/2009,31.0
25/06/2009,0.0
26/06/2009,0.0
27/06/2009,17.5
28/06/2009,0.5
29/06/2009,0.0
30/06/2009,0.0
01/07/2009,2.5
02/07/2009,26.5
03/07/2009,0.0
04/07/2009,1.4
05/07/2009,0.1
06/07/2009,0.0
07/07/2009,0.0
08/07/2009,0.0
09/07/2009,0.0
10/07/2009,4.6
11/07/2009,6.9
12/07/2009,0.1
13/07/2009,0.0
14/07/2009,9.5
15/07/2009,0.0
16/07/2009,0.0
17/07/2009,0.0
18/07/2009,0.0
19/07/2009,0.0
20/07/2009,0.0
21/07/2009,16.1
22/07/2009,41.4
23/07/2009,0.8
24/07/2009,2.7
25/07/2009,0.0
26/07/2009,0.0
27/07/2009,9.4
28/07/2009,0.1
29/07/2009,0.5
30/07/2009,2.0
31/07/2009,0.0
01/08/2009,12.5
02/08/2009,8.5
03/08/2009,0.5
04/08/2009,1.5
05/08/2009,10.5
06/08/2009,0.0
07/08/2009,20.0
08/08/2009,4.5
09/08/2009,0.5
10/08/2009,0.0
11/08/2009,0.0
12/08/2009,0.0
13/08/2009,9.0
14/08/2009,2.0
15/08/2009,0.0
16/08/2009,1.5
17/08/2009,0.0
18/08/2009,1.0
19/08/2009,24.5
20/08/2009,0.0
21/08/2009,1.5
22/08/2009,1.6
23/08/2009,0.4
24/08/2009,31.4
25/08/2009,0.1
26/08/2009,1.5
27/08/2009,43.5
28/08/2009,45.5
29/08/2009,17.1
30/08/2009,29.9
31/08/2009,18.3
01/09/2009,0.2
02/09/2009,0.0
03/09/2009,9.0
04/09/2009,4.3
05/09/2009,9.9
06/09/2009,0.8
07/09/2009,5.0
08/09/2009,0.5
09/09/2009,0.0
10/09/2009,0.0
11/09/2009,0.0
12/09/2009,2.3
13/09/2009,69.7
14/09/2009,0.0
15/09/2009,0.5
16/09/2009,5.3
17/09/2009,6.2
18/09/2009,48.5
19/09/2009,0.0
20/09/2009,0.0
21/09/2009,7.0
22/09/2009,24.0
23/09/2009,13.5
24/09/2009,8.5
25/09/2009,0.0
26/09/2009,7.4
27/09/2009,0.1
28/09/2009,4.0
29/09/2009,0.0
30/09/2009,1.0
01/10/2009,0.0
02/10/2009,0.0
03/10/2009,2.7
04/10/2009,8.3
05/10/2009,57.0
06/10/2009,0.5
07/10/2009,3.5
08/10/2009,46.4
09/10/2009,0.1
10/10/2009,51.7
11/10/2009,1.8
12/10/2009,0.0
13/10/2009,9.5
14/10/2009,0.0
15/10/2009,0.0
16/10/2009,0.5
17/10/2009,24.0
18/10/2009,17.0
19/10/2009,0.5
20/10/2009,0.4
21/10/2009,11.0
22/10/2009,2.1
23/10/2009,0.0
24/10/2009,0.0
25/10/2009,0.0
26/10/2009,0.0
27/10/2009,0.0
28/10/2009,0.0
29/10/2009,0.0
30/10/2009,0.0
31/10/2009,0.0
01/11/2009,1.4
02/11/2009,43.6
03/11/2009,2.8
04/11/2009,110.7
05/11/2009,130.0
06/11/2009,256.5
07/11/2009,0.1
08/11/2009,4.9
09/11/2009,39.1
10/11/2009,1.0
11/11/2009,0.0
12/11/2009,0.4
13/11/2009,2.7
14/11/2009,4.5
15/11/2009,0.0
16/11/2009,0.0
17/11/2009,4.5
18/11/2009,67.0
19/11/2009,63.2
20/11/2009,79.0
21/11/2009,283.8
22/11/2009,0.1
23/11/2009,0.1
24/11/2009,0.1
25/11/2009,0.1
26/11/2009,0.1
27/11/2009,0.1
28/11/2009,0.1
29/11/2009,0.1
30/11/2009,0.1
01/12/2009,84.8
02/12/2009,89.7
03/12/2009,15.5
04/12/2009,8.0
05/12/2009,0.5
06/12/2009,0.0
07/12/2009,0.5
08/12/2009,0.0
09/12/2009,0.5
10/12/2009,0.5
11/12/2009,0.0
12/12/2009,0.0
13/12/2009,0.4
14/12/2009,2.6
15/12/2009,0.5
16/12/2009,7.8
17/12/2009,35.8
18/12/2009,135.0
19/12/2009,129.7
20/12/2009,6.1
21/12/2009,4.3
22/12/2009,12.6
23/12/2009,23.3
24/12/2009,6.3
25/12/2009,2.3
26/12/2009,7.7
27/12/2009,5.5
28/12/2009,0.0
29/12/2009,0.0
30/12/2009,0.0
31/12/2009,0.0
01/01/2010,9.3
02/01/2010,10.6
03/01/2010,90.7
04/01/2010,22.8
05/01/2010,0.5
06/01/2010,5.6
07/01/2010,19.4
08/01/2010,0.0
09/01/2010,0.0
10/01/2010,0.0
11/01/2010,0.0
12/01/2010,0.0
13/01/2010,0.4
14/01/2010,1.6
15/01/2010,0.0
16/01/2010,0.0
17/01/2010,0.0
18/01/2010,0.0
19/01/2010,0.0
20/01/2010,0.0
21/01/2010,0.5
22/01/2010,2.5
23/01/2010,0.4
24/01/2010,0.1
25/01/2010,0.4
26/01/2010,89.6
27/01/2010,8.9
28/01/2010,0.2
29/01/2010,0.0
30/01/2010,0.0
31/01/2010,0.0
01/02/2010,0.0
02/02/2010,0.0
03/02/2010,0.0
04/02/2010,0.0
05/02/2010,0.0
06/02/2010,0.0
07/02/2010,0.0
08/02/2010,0.0
09/02/2010,0.0
10/02/2010,0.0
11/02/2010,0.0
12/02/2010,0.0
13/02/2010,0.0
14/02/2010,0.0
15/02/2010,0.0
16/02/2010,0.0
17/02/2010,5.7
18/02/2010,9.3
19/02/2010,0.0
20/02/2010,0.0
21/02/2010,0.0
22/02/2010,0.0
23/02/2010,0.0
24/02/2010,0.0
25/02/2010,0.0
26/02/2010,0.0
27/02/2010,0.0
28/02/2010,0.0
01/03/2010,0.0
02/03/2010,0.0
03/03/2010,0.0
04/03/2010,0.0
05/03/2010,0.0
06/03/2010,0.0
07/03/2010,0.0
08/03/2010,0.0
09/03/2010,2.0
10/03/2010,0.9
11/03/2010,4.3
12/03/2010,14.7
13/03/2010,8.5
14/03/2010,0.6
15/03/2010,0.0
16/03/2010,0.0
17/03/2010,2.0
18/03/2010,2.0
19/03/2010,1.0
20/03/2010,0.0
21/03/2010,2.0
22/03/2010,16.0
23/03/2010,0.0
24/03/2010,0.0
25/03/2010,0.0
26/03/2010,0.0
27/03/2010,0.0
28/03/2010,1.0
29/03/2010,45.5
30/03/2010,5.0
31/03/2010,0.0
01/04/2010,0.0
02/04/2010,2.4
03/04/2010,11.1
04/04/2010,1.5
05/04/2010,0.0
06/04/2010,0.0
07/04/2010,0.0
08/04/2010,0.0
09/04/2010,0.0
10/04/2010,0.0
11/04/2010,0.0
12/04/2010,0.0
13/04/2010,0.0
14/04/2010,0.0
15/04/2010,0.0
16/04/2010,0.0
17/04/2010,3.0
18/04/2010,0.0
19/04/2010,0.0
20/04/2010,0.0
21/04/2010,0.0
22/04/2010,0.0
23/04/2010,0.0
24/04/2010,0.3
25/04/2010,43.9
26/04/2010,22.3
27/04/2010,20.0
28/04/2010,0.5
29/04/2010,0.0
30/04/2010,0.0
01/05/2010,0.0
02/05/2010,0.0
03/05/2010,0.0
04/05/2010,0.0
05/05/2010,0.0
06/05/2010,0.0
07/05/2010,0.0
08/05/2010,0.0
09/05/2010,0.0
10/05/2010,0.0
11/05/2010,0.0
12/05/2010,2.0
13/05/2010,0.0
14/05/2010,0.5
15/05/2010,4.0
16/05/2010,34.2
17/05/2010,3.3
18/05/2010,0.5
19/05/2010,12.0
20/05/2010,7.0
21/05/2010,0.5
22/05/2010,0.0
23/05/2010,0.0
24/05/2010,0.4
25/05/2010,7.1
26/05/2010,0.0
27/05/2010,0.0
28/05/2010,0.0
29/05/2010,31.0
30/05/2010,1.0
31/05/2010,0.5
01/06/2010,0.0
02/06/2010,0.5
03/06/2010,0.0
04/06/2010,20.5
05/06/2010,20.0
06/06/2010,7.0
07/06/2010,2.0
08/06/2010,35.5
09/06/2010,0.7
10/06/2010,0.3
11/06/2010,0.0
12/06/2010,0.0
13/06/2010,12.5
14/06/2010,1.0
15/06/2010,30.5
16/06/2010,3.0
17/06/2010,3.0
18/06/2010,9.5
19/06/2010,0.0
20/06/2010,12.6
21/06/2010,0.9
22/06/2010,2.4
23/06/2010,29.1
24/06/2010,0.4
25/06/2010,3.5
26/06/2010,0.1
27/06/2010,0.0
28/06/2010,5.5
29/06/2010,49.5
30/06/2010,0.5
01/07/2010,2.5
02/07/2010,1.0
03/07/2010,31.3
04/07/2010,3.7
05/07/2010,0.5
06/07/2010,0.0
07/07/2010,14.0
08/07/2010,0.0
09/07/2010,0.0
10/07/2010,0.0
11/07/2010,0.0
12/07/2010,0.0
13/07/2010,0.4
14/07/2010,1.6
15/07/2010,2.3
16/07/2010,0.2
17/07/2010,9.2
18/07/2010,2.2
19/07/2010,23.1
20/07/2010,16.0
21/07/2010,0.0
22/07/2010,13.4
23/07/2010,9.5
24/07/2010,0.6
25/07/2010,1.0
26/07/2010,0.0
27/07/2010,0.0
28/07/2010,1.0
29/07/2010,0.4
30/07/2010,4.1
31/07/2010,17.0
01/08/2010,51.0
02/08/2010,1.5
03/08/2010,5.7
04/08/2010,21.2
05/08/2010,0.1
06/08/2010,0.0
07/08/2010,0.0
08/08/2010,0.0
09/08/2010,0.0
10/08/2010,6.4
11/08/2010,4.6
12/08/2010,19.5
13/08/2010,22.5
14/08/2010,0.5
15/08/2010,1.0
16/08/2010,0.0
17/08/2010,42.5
18/08/2010,9.7
19/08/2010,3.3
20/08/2010,0.0
21/08/2010,0.5
22/08/2010,0.0
23/08/2010,2.5
24/08/2010,0.0
25/08/2010,0.5
26/08/2010,3.9
27/08/2010,10.1
28/08/2010,19.5
29/08/2010,1.0
30/08/2010,0.0
31/08/2010,0.0
01/09/2010,0.0
02/09/2010,0.0
03/09/2010,20.0
04/09/2010,17.4
05/09/2010,0.1
06/09/2010,6.5
07/09/2010,0.4
08/09/2010,1.6
09/09/2010,7.0
10/09/2010,0.5
11/09/2010,15.4
12/09/2010,0.6
13/09/2010,0.4
14/09/2010,7.1
15/09/2010,10.5
16/09/2010,0.0
17/09/2010,3.2
18/09/2010,1.3
19/09/2010,0.0
20/09/2010,2.5
21/09/2010,2.5
22/09/2010,0.5
23/09/2010,0.0
24/09/2010,3.0
25/09/2010,0.5
26/09/2010,1.0
27/09/2010,23.0
28/09/2010,18.0
29/09/2010,0.5
30/09/2010,32.7
01/10/2010,33.8
02/10/2010,23.5
03/10/2010,0.0
04/10/2010,8.0
05/10/2010,3.5
06/10/2010,4.9
07/10/2010,3.6
08/10/2010,0.0
09/10/2010,0.0
10/10/2010,0.0
11/10/2010,0.0
12/10/2010,0.0
13/10/2010,2.5
14/10/2010,2.5
15/10/2010,0.0
16/10/2010,0.5
17/10/2010,0.0
18/10/2010,0.0
19/10/2010,0.0
20/10/2010,0.0
21/10/2010,0.0
22/10/2010,0.0
23/10/2010,0.0
24/10/2010,0.0
25/10/2010,19.5
26/10/2010,0.5
27/10/2010,1.5
28/10/2010,0.5
29/10/2010,2.9
30/10/2010,38.0
31/10/2010,154.4
01/11/2010,57.5
02/11/2010,6.2
03/11/2010,10.4
04/11/2010,24.8
05/11/2010,33.9
06/11/2010,14.5
07/11/2010,7.0
08/11/2010,1.8
09/11/2010,3.2
10/11/2010,4.5
11/11/2010,15.4
12/11/2010,9.2
13/11/2010,6.0
14/11/2010,0.5
15/11/2010,4.7
16/11/2010,17.3
17/11/2010,1.5
18/11/2010,19.5
19/11/2010,5.8
20/11/2010,21.3
21/11/2010,6.4
22/11/2010,0.5
23/11/2010,1.0
24/11/2010,32.0
25/11/2010,0.5
26/11/2010,0.4
27/11/2010,46.1
28/11/2010,23.8
29/11/2010,29.2
30/11/2010,3.0
01/12/2010,23.2
02/12/2010,5.4
03/12/2010,12.7
04/12/2010,50.7
05/12/2010,12.9
06/12/2010,0.9
07/12/2010,15.7
08/12/2010,3.9
09/12/2010,0.5
10/12/2010,0.0
11/12/2010,4.5
12/12/2010,1.0
13/12/2010,0.5
14/12/2010,0.0
15/12/2010,0.0
16/12/2010,3.0
17/12/2010,21.7
18/12/2010,104.6
19/12/2010,17.5
20/12/2010,33.8
21/12/2010,20.9
22/12/2010,1.8
23/12/2010,18.9
24/12/2010,1.3
25/12/2010,0.0
26/12/2010,0.0
27/12/2010,10.2
28/12/2010,42.9
29/12/2010,83.4
30/12/2010,119.2
31/12/2010,37.0
01/01/2011,2.8
02/01/2011,17.2
03/01/2011,20.3
04/01/2011,24.9
05/01/2011,173.0
06/01/2011,92.5
07/01/2011,67.9
08/01/2011,43.2
09/01/2011,1.9
10/01/2011,11.6
11/01/2011,1.7
12/01/2011,0.8
13/01/2011,0.0
14/01/2011,0.0
15/01/2011,0.0
16/01/2011,0.0
17/01/2011,0.5
18/01/2011,0.0
19/01/2011,0.0
20/01/2011,0.5
21/01/2011,0.0
22/01/2011,0.0
23/01/2011,0.0
24/01/2011,6.8
25/01/2011,10.5
26/01/2011,31.0
27/01/2011,63.4
28/01/2011,44.9
29/01/2011,25.7
30/01/2011,19.2
31/01/2011,5.4
01/02/2011,5.6
02/02/2011,1.6
03/02/2011,0.0
04/02/2011,0.0
05/02/2011,0.0
06/02/2011,0.0
07/02/2011,0.0
08/02/2011,0.0
09/02/2011,0.0
10/02/2011,0.0
11/02/2011,0.0
12/02/2011,0.0
13/02/2011,0.0
14/02/2011,0.0
15/02/2011,46.4
16/02/2011,7.6
17/02/2011,0.0
18/02/2011,9.0
19/02/2011,0.0
20/02/2011,0.0
21/02/2011,0.5
22/02/2011,10.5
23/02/2011,1.5
24/02/2011,0.0
25/02/2011,0.0
26/02/2011,0.0
27/02/2011,0.0
28/02/2011,0.0
01/03/2011,0.0
02/03/2011,0.0
03/03/2011,0.0
04/03/2011,0.0
05/03/2011,0.0
06/03/2011,0.0
07/03/2011,0.4
08/03/2011,7.6
09/03/2011,150.4
10/03/2011,19.0
11/03/2011,72.6
12/03/2011,72.6
13/03/2011,2.0
14/03/2011,0.8
15/03/2011,3.9
16/03/2011,2.2
17/03/2011,0.6
18/03/2011,0.0
19/03/2011,0.9
20/03/2011,3.6
21/03/2011,6.5
22/03/2011,6.6
23/03/2011,4.4
24/03/2011,0.4
25/03/2011,30.3
26/03/2011,9.3
27/03/2011,1.5
28/03/2011,3.8
29/03/2011,25.7
30/03/2011,3.0
31/03/2011,0.0
01/04/2011,0.5
02/04/2011,38.0
03/04/2011,0.0
04/04/2011,0.0
05/04/2011,0.0
06/04/2011,0.0
07/04/2011,0.0
08/04/2011,0.0
09/04/2011,7.7
10/04/2011,58.4
11/04/2011,0.9
12/04/2011,0.0
13/04/2011,0.0
14/04/2011,0.0
15/04/2011,25.0
16/04/2011,0.5
17/04/2011,0.0
18/04/2011,0.0
19/04/2011,0.0
20/04/2011,0.0
21/04/2011,0.0
22/04/2011,0.0
23/04/2011,0.0
24/04/2011,0.0
25/04/2011,0.0
26/04/2011,37.0
27/04/2011,0.0
28/04/2011,2.5
29/04/2011,0.0
30/04/2011,3.0
01/05/2011,1.5
02/05/2011,0.0
03/05/2011,0.0
04/05/2011,10.5
05/05/2011,0.0
06/05/2011,1.0
07/05/2011,2.5
08/05/2011,78.5
09/05/2011,15.7
10/05/2011,0.2
11/05/2011,2.5
12/05/2011,0.5
13/05/2011,3.2
14/05/2011,6.3
15/05/2011,2.0
16/05/2011,0.5
17/05/2011,4.5
18/05/2011,0.0
19/05/2011,0.0
20/05/2011,33.5
21/05/2011,0.0
22/05/2011,0.0
23/05/2011,16.0
24/05/2011,9.0
25/05/2011,4.5
26/05/2011,20.4
27/05/2011,46.1
28/05/2011,0.0
29/05/2011,0.0
30/05/2011,0.0
31/05/2011,0.0
01/06/2011,0.0
02/06/2011,4.5
03/06/2011,0.0
04/06/2011,44.5
05/06/2011,0.5
06/06/2011,17.5
07/06/2011,40.0
08/06/2011,0.0
09/06/2011,21.0
10/06/2011,6.0
11/06/2011,0.0
12/06/2011,0.0
13/06/2011,10.5
14/06/2011,0.0
15/06/2011,15.0
16/06/2011,0.0
17/06/2011,1.5
18/06/2011,8.5
19/06/2011,0.0
20/06/2011,0.0
21/06/2011,14.5
22/06/2011,14.0
23/06/2011,0.0
24/06/2011,0.5
25/06/2011,25.5
26/06/2011,0.0
27/06/2011,5.5
28/06/2011,0.0
29/06/2011,28.0
30/06/2011,0.0
01/07/2011,0.0
02/07/2011,0.4
03/07/2011,1.1
04/07/2011,31.5
05/07/2011,0.0
06/07/2011,0.0
07/07/2011,15.0
08/07/2011,0.0
09/07/2011,0.0
10/07/2011,0.0
11/07/2011,0.0
12/07/2011,46.5
13/07/2011,6.5
14/07/2011,1.0
15/07/2011,18.6
16/07/2011,4.0
17/07/2011,15.0
18/07/2011,0.0
19/07/2011,0.0
20/07/2011,0.0
21/07/2011,8.0
22/07/2011,9.5
23/07/2011,25.0
24/07/2011,22.4
25/07/2011,0.6
26/07/2011,8.0
27/07/2011,0.0
28/07/2011,0.4
29/07/2011,0.1
30/07/2011,0.0
31/07/2011,0.0
01/08/2011,0.0
02/08/2011,0.0
03/08/2011,2.5
04/08/2011,0.0
05/08/2011,0.0
06/08/2011,0.4
07/08/2011,29.1
08/08/2011,0.0
09/08/2011,0.5
10/08/2011,2.5
11/08/2011,0.4
12/08/2011,11.1
13/08/2011,0.0
14/08/2011,0.0
15/08/2011,2.5
16/08/2011,0.5
17/08/2011,1.0
18/08/2011,0.0
19/08/2011,3.5
20/08/2011,1.0
21/08/2011,0.0
22/08/2011,20.0
23/08/2011,0.4
24/08/2011,9.6
25/08/2011,25.1
26/08/2011,1.3
27/08/2011,33.9
28/08/2011,1.6
29/08/2011,1.5
30/08/2011,0.0
31/08/2011,16.5
01/09/2011,0.5
02/09/2011,9.0
03/09/2011,0.5
04/09/2011,0.5
05/09/2011,0.0
06/09/2011,0.9
07/09/2011,42.1
08/09/2011,18.5
09/09/2011,30.5
10/09/2011,1.5
11/09/2011,0.0
12/09/2011,0.0
13/09/2011,1.0
14/09/2011,0.5
15/09/2011,4.5
16/09/2011,0.0
17/09/2011,9.5
18/09/2011,4.5
19/09/2011,1.5
20/09/2011,3.5
21/09/2011,0.0
22/09/2011,7.0
23/09/2011,0.0
24/09/2011,0.0
25/09/2011,29.5
26/09/2011,11.5
27/09/2011,9.5
28/09/2011,3.0
29/09/2011,19.0
30/09/2011,0.0
01/10/2011,47.0
02/10/2011,5.5
03/10/2011,0.5
04/10/2011,31.0
05/10/2011,5.5
06/10/2011,0.0
07/10/2011,0.0
08/10/2011,53.5
09/10/2011,2.0
10/10/2011,56.5
11/10/2011,14.5
12/10/2011,9.5
13/10/2011,4.5
14/10/2011,0.0
15/10/2011,2.5
16/10/2011,61.5
17/10/2011,3.0
18/10/2011,17.8
19/10/2011,5.2
20/10/2011,9.9
21/10/2011,9.2
22/10/2011,0.3
23/10/2011,6.9
24/10/2011,5.1
25/10/2011,1.9
26/10/2011,8.8
27/10/2011,10.2
28/10/2011,18.3
29/10/2011,10.9
30/10/2011,16.9
31/10/2011,28.2
01/11/2011,11.1
02/11/2011,0.0
03/11/2011,6.0
04/11/2011,6.0
05/11/2011,10.5
06/11/2011,1.0
07/11/2011,4.3
08/11/2011,2.2
09/11/2011,0.0
10/11/2011,0.0
11/11/2011,1.5
12/11/2011,43.0
13/11/2011,0.9
14/11/2011,16.4
15/11/2011,29.2
16/11/2011,1.5
17/11/2011,0.0
18/11/2011,0.0
19/11/2011,0.8
20/11/2011,32.0
21/11/2011,82.6
22/11/2011,278.7
23/11/2011,210.0
24/11/2011,65.7
25/11/2011,61.6
26/11/2011,67.6
27/11/2011,12.9
28/11/2011,35.1
29/11/2011,21.4
30/11/2011,0.0
01/12/2011,0.0
02/12/2011,7.5
03/12/2011,2.0
04/12/2011,20.3
05/12/2011,1.7
06/12/2011,0.5
07/12/2011,0.0
08/12/2011,0.0
09/12/2011,0.5
10/12/2011,10.0
11/12/2011,18.0
12/12/2011,0.0
13/12/2011,0.0
14/12/2011,2.5
15/12/2011,26.6
16/12/2011,69.3
17/12/2011,18.1
18/12/2011,3.4
19/12/2011,23.9
20/12/2011,3.9
21/12/2011,17.2
22/12/2011,15.3
23/12/2011,27.6
24/12/2011,5.0
25/12/2011,2.4
26/12/2011,0.4
27/12/2011,0.6
28/12/2011,14.0
29/12/2011,1.4
30/12/2011,18.8
31/12/2011,93.9
01/01/2012,72.6
02/01/2012,3.2
03/01/2012,6.7
04/01/2012,0.0
05/01/2012,0.0
06/01/2012,0.0
07/01/2012,0.3
08/01/2012,14.7
09/01/2012,1.5
10/01/2012,22.1
11/01/2012,5.5
12/01/2012,59.6
13/01/2012,88.7
14/01/2012,39.1
15/01/2012,0.4
16/01/2012,8.1
17/01/2012,12.0
18/01/2012,0.5
19/01/2012,13.4
20/01/2012,56.6
21/01/2012,0.0
22/01/2012,0.0
23/01/2012,0.0
24/01/2012,0.0
25/01/2012,0.0
26/01/2012,0.0
27/01/2012,22.2
28/01/2012,2.4
29/01/2012,3.0
30/01/2012,1.0
31/01/2012,22.0
01/02/2012,6.9
02/02/2012,20.9
03/02/2012,39.7
04/02/2012,0.0
05/02/2012,0.0
06/02/2012,0.0
07/02/2012,0.0
08/02/2012,0.0
09/02/2012,0.0
10/02/2012,0.0
11/02/2012,0.3
12/02/2012,9.7
13/02/2012,0.5
14/02/2012,1.0
15/02/2012,0.0
16/02/2012,0.0
17/02/2012,4.5
18/02/2012,12.0
19/02/2012,0.0
20/02/2012,0.0
21/02/2012,0.0
22/02/2012,0.0
23/02/2012,0.0
24/02/2012,0.0
25/02/2012,0.0
26/02/2012,0.0
27/02/2012,32.5
28/02/2012,3.0
29/02/2012,2.5
01/03/2012,20.5
02/03/2012,47.4
03/03/2012,23.1
04/03/2012,12.0
05/03/2012,0.0
06/03/2012,0.5
07/03/2012,44.5
08/03/2012,3.0
09/03/2012,0.0
10/03/2012,0.4
11/03/2012,9.3
12/03/2012,22.7
13/03/2012,10.5
14/03/2012,0.4
15/03/2012,0.6
16/03/2012,0.0
17/03/2012,0.0
18/03/2012,0.0
19/03/2012,0.0
20/03/2012,16.0
21/03/2012,0.0
22/03/2012,0.0
23/03/2012,0.0
24/03/2012,0.0
25/03/2012,0.0
26/03/2012,3.0
27/03/2012,0.0
28/03/2012,0.0
29/03/2012,0.0
30/03/2012,0.5
31/03/2012,0.0
01/04/2012,0.0
02/04/2012,2.5
03/04/2012,0.5
04/04/2012,0.0
05/04/2012,17.0
06/04/2012,0.0
07/04/2012,0.0
08/04/2012,8.0
09/04/2012,4.0
10/04/2012,10.5
11/04/2012,0.0
12/04/2012,0.0
13/04/2012,0.0
14/04/2012,0.0
15/04/2012,1.0
16/04/2012,0.5
17/04/2012,0.0
18/04/2012,14.0
19/04/2012,0.0
20/04/2012,8.0
21/04/2012,6.0
22/04/2012,34.0
23/04/2012,0.0
24/04/2012,0.0
25/04/2012,0.0
26/04/2012,2.4
27/04/2012,0.6
28/04/2012,0.0
29/04/2012,22.0
30/04/2012,0.0
01/05/2012,0.0
02/05/2012,6.0
03/05/2012,0.0
04/05/2012,15.0
05/05/2012,0.0
06/05/2012,1.5
07/05/2012,0.5
08/05/2012,1.0
09/05/2012,0.0
10/05/2012,0.0
11/05/2012,0.0
12/05/2012,2.3
13/05/2012,0.2
14/05/2012,1.5
15/05/2012,0.5
16/05/2012,0.0
17/05/2012,3.0
18/05/2012,0.4
19/05/2012,17.6
20/05/2012,0.5
21/05/2012,0.0
22/05/2012,3.0
23/05/2012,24.5
24/05/2012,0.0
25/05/2012,0.5
26/05/2012,0.4
27/05/2012,11.6
28/05/2012,27.0
29/05/2012,0.5
30/05/2012,12.0
31/05/2012,7.5
01/06/2012,39.0
02/06/2012,3.7
03/06/2012,0.3
04/06/2012,0.0
05/06/2012,0.0
06/06/2012,0.0
07/06/2012,3.1
08/06/2012,2.9
09/06/2012,0.5
10/06/2012,33.0
11/06/2012,2.9
12/06/2012,0.1
13/06/2012,0.0
14/06/2012,0.0
15/06/2012,0.0
16/06/2012,0.0
17/06/2012,0.0
18/06/2012,0.0
19/06/2012,5.0
20/06/2012,0.0
21/06/2012,0.5
22/06/2012,0.0
23/06/2012,0.0
24/06/2012,0.0
25/06/2012,0.0
26/06/2012,1.6
27/06/2012,0.9
28/06/2012,0.5
29/06/2012,0.0
30/06/2012,0.0
01/07/2012,0.0
02/07/2012,0.5
03/07/2012,4.5
04/07/2012,1.5
05/07/2012,44.6
06/07/2012,0.8
07/07/2012,13.0
08/07/2012,0.5
09/07/2012,1.5
10/07/2012,0.1
11/07/2012,0.0
12/07/2012,4.0
13/07/2012,12.6
14/07/2012,6.4
15/07/2012,0.0
16/07/2012,8.5
17/07/2012,33.0
18/07/2012,3.5
19/07/2012,2.0
20/07/2012,0.5
21/07/2012,0.0
22/07/2012,0.0
23/07/2012,0.5
24/07/2012,13.5
25/07/2012,0.0
26/07/2012,0.7
27/07/2012,0.3
28/07/2012,6.0
29/07/2012,0.5
30/07/2012,0.0
31/07/2012,0.0
01/08/2012,0.0
02/08/2012,0.0
03/08/2012,7.0
04/08/2012,0.5
05/08/2012,24.8
06/08/2012,5.6
07/08/2012,1.1
08/08/2012,0.9
09/08/2012,8.1
10/08/2012,0.0
11/08/2012,0.3
12/08/2012,3.7
13/08/2012,0.0
14/08/2012,0.0
15/08/2012,4.5
16/08/2012,0.5
17/08/2012,0.0
18/08/2012,0.0
19/08/2012,2.5
20/08/2012,1.0
21/08/2012,0.5
22/08/2012,16.2
23/08/2012,0.3
24/08/2012,20.5
25/08/2012,0.0
26/08/2012,1.5
27/08/2012,9.6
28/08/2012,10.1
29/08/2012,0.3
30/08/2012,10.0
31/08/2012,0.0
01/09/2012,11.0
02/09/2012,1.0
03/09/2012,0.0
04/09/2012,0.0
05/09/2012,9.5
06/09/2012,0.5
07/09/2012,1.0
08/09/2012,12.5
09/09/2012,0.0
10/09/2012,0.5
11/09/2012,22.1
12/09/2012,17.1
13/09/2012,10.8
14/09/2012,5.0
15/09/2012,0.0
16/09/2012,0.0
17/09/2012,0.0
18/09/2012,0.5
19/09/2012,57.0
20/09/2012,0.5
21/09/2012,0.0
22/09/2012,0.5
23/09/2012,0.5
24/09/2012,4.5
25/09/2012,2.0
26/09/2012,4.5
27/09/2012,0.0
28/09/2012,0.0
29/09/2012,0.0
30/09/2012,0.0
01/10/2012,0.5
02/10/2012,0.0
03/10/2012,0.0
04/10/2012,16.0
05/10/2012,0.0
06/10/2012,22.0
07/10/2012,0.0
08/10/2012,0.5
09/10/2012,4.5
10/10/2012,13.0
11/10/2012,0.0
12/10/2012,3.5
13/10/2012,3.8
14/10/2012,5.0
15/10/2012,1.2
16/10/2012,11.5
17/10/2012,0.3
18/10/2012,10.0
19/10/2012,32.1
20/10/2012,0.8
21/10/2012,34.6
22/10/2012,23.0
23/10/2012,7.0
24/10/2012,0.5
25/10/2012,0.0
26/10/2012,0.0
27/10/2012,0.0
28/10/2012,0.0
29/10/2012,0.0
30/10/2012,0.4
31/10/2012,2.1
01/11/2012,2.5
02/11/2012,0.0
03/11/2012,19.8
04/11/2012,4.2
05/11/2012,3.0
06/11/2012,0.5
07/11/2012,0.0
08/11/2012,3.5
09/11/2012,2.5
10/11/2012,19.0
11/11/2012,9.8
12/11/2012,7.1
13/11/2012,7.7
14/11/2012,0.0
15/11/2012,0.0
16/11/2012,0.0
17/11/2012,0.0
18/11/2012,4.0
19/11/2012,5.5
20/11/2012,6.5
21/11/2012,1.0
22/11/2012,0.5
23/11/2012,0.0
24/11/2012,4.0
25/11/2012,5.5
26/11/2012,3.8
27/11/2012,7.7
28/11/2012,0.5
29/11/2012,22.5
30/11/2012,0.5
01/12/2012,0.5
02/12/2012,0.5
03/12/2012,0.5
04/12/2012,20.0
05/12/2012,2.8
06/12/2012,3.1
07/12/2012,0.6
08/12/2012,0.0
09/12/2012,5.5
10/12/2012,0.0
11/12/2012,0.3
12/12/2012,8.7
13/12/2012,28.9
14/12/2012,1.5
15/12/2012,42.8
16/12/2012,58.6
17/12/2012,8.5
18/12/2012,26.7
19/12/2012,20.6
20/12/2012,64.1
21/12/2012,50.6
22/12/2012,89.5
23/12/2012,90.3
24/12/2012,373.1
25/12/2012,52.3
26/12/2012,20.0
27/12/2012,3.9
28/12/2012,25.1
29/12/2012,0.3
30/12/2012,35.8
31/12/2012,256.9
01/01/2013,11.1
02/01/2013,73.7
03/01/2013,99.2
04/01/2013,1.0
05/01/2013,0.0
06/01/2013,0.0
07/01/2013,0.0
08/01/2013,2.0
09/01/2013,14.5
10/01/2013,0.0
11/01/2013,0.0
12/01/2013,0.0
13/01/2013,0.0
14/01/2013,0.0
15/01/2013,0.0
16/01/2013,0.0
17/01/2013,0.5
18/01/2013,28.0
19/01/2013,0.8
20/01/2013,3.4
21/01/2013,105.7
22/01/2013,15.9
23/01/2013,1.6
24/01/2013,10.6
25/01/2013,0.0
26/01/2013,0.0
27/01/2013,0.0
28/01/2013,0.0
29/01/2013,0.0
30/01/2013,0.0
31/01/2013,0.4
01/02/2013,1.1
02/02/2013,6.5
03/02/2013,0.4
04/02/2013,6.8
05/02/2013,2.8
06/02/2013,0.0
07/02/2013,0.0
08/02/2013,0.0
09/02/2013,0.0
10/02/2013,0.0
11/02/2013,6.8
12/02/2013,179.2
13/02/2013,2.4
14/02/2013,29.9
15/02/2013,40.3
16/02/2013,12.5
17/02/2013,4.0
18/02/2013,1.0
19/02/2013,0.0
20/02/2013,0.0
21/02/2013,0.0
22/02/2013,5.5
23/02/2013,11.0
24/02/2013,138.4
25/02/2013,192.2
26/02/2013,311.3
27/02/2013,1.8
28/02/2013,12.2
01/03/2013,24.6
02/03/2013,1.0
03/03/2013,0.0
04/03/2013,0.5
05/03/2013,0.0
06/03/2013,7.1
07/03/2013,12.4
08/03/2013,0.0
09/03/2013,0.0
10/03/2013,0.0
11/03/2013,0.5
12/03/2013,2.0
13/03/2013,0.0
14/03/2013,0.0
15/03/2013,0.5
16/03/2013,8.0
17/03/2013,0.0
18/03/2013,1.0
19/03/2013,0.0
20/03/2013,0.5
21/03/2013,2.5
22/03/2013,0.0
23/03/2013,0.5
24/03/2013,0.0
25/03/2013,0.0
26/03/2013,0.0
27/03/2013,0.0
28/03/2013,0.0
29/03/2013,0.0
30/03/2013,0.0
31/03/2013,0.0
01/04/2013,0.0
02/04/2013,0.5
03/04/2013,0.0
04/04/2013,0.0
05/04/2013,0.0
06/04/2013,0.0
07/04/2013,0.0
08/04/2013,0.0
09/04/2013,3.0
10/04/2013,2.5
11/04/2013,18.5
12/04/2013,0.5
13/04/2013,0.4
14/04/2013,33.6
15/04/2013,7.0
16/04/2013,29.3
17/04/2013,24.2
18/04/2013,0.5
19/04/2013,0.0
20/04/2013,0.0
21/04/2013,7.3
22/04/2013,0.2
23/04/2013,0.0
24/04/2013,14.5
25/04/2013,0.0
26/04/2013,1.3
27/04/2013,9.7
28/04/2013,0.5
29/04/2013,0.0
30/04/2013,1.0
01/05/2013,13.0
02/05/2013,8.5
03/05/2013,4.0
04/05/2013,0.0
05/05/2013,1.0
06/05/2013,2.4
07/05/2013,1.6
08/05/2013,0.0
09/05/2013,1.2
10/05/2013,19.8
11/05/2013,0.0
12/05/2013,0.0
13/05/2013,2.7
14/05/2013,23.8
15/05/2013,0.0
16/05/2013,0.0
17/05/2013,38.0
18/05/2013,3.5
19/05/2013,0.5
20/05/2013,9.5
21/05/2013,0.5
22/05/2013,0.0
23/05/2013,5.5
24/05/2013,0.5
25/05/2013,0.0
26/05/2013,0.0
27/05/2013,1.0
28/05/2013,0.0
29/05/2013,0.3
30/05/2013,4.5
31/05/2013,0.1
01/06/2013,0.0
02/06/2013,11.5
03/06/2013,0.5
04/06/2013,9.0
05/06/2013,0.0
06/06/2013,0.0
07/06/2013,0.0
08/06/2013,0.0
09/06/2013,0.0
10/06/2013,0.0
11/06/2013,18.6
12/06/2013,1.4
13/06/2013,2.5
14/06/2013,0.0
15/06/2013,0.0
16/06/2013,0.5
17/06/2013,0.0
18/06/2013,0.0
19/06/2013,0.0
20/06/2013,0.0
21/06/2013,0.0
22/06/2013,0.0
23/06/2013,0.3
24/06/2013,1.2
25/06/2013,0.0
26/06/2013,0.0
27/06/2013,26.5
28/06/2013,0.0
29/06/2013,0.5
30/06/2013,0.0
01/07/2013,0.0
02/07/2013,15.0
03/07/2013,0.5
04/07/2013,9.5
05/07/2013,0.0
06/07/2013,1.3
07/07/2013,0.7
08/07/2013,0.0
09/07/2013,11.8
10/07/2013,19.7
11/07/2013,2.4
12/07/2013,0.6
13/07/2013,18.1
14/07/2013,0.4
15/07/2013,0.0
16/07/2013,6.5
17/07/2013,19.8
18/07/2013,0.2
19/07/2013,0.4
20/07/2013,0.5
21/07/2013,0.6
22/07/2013,0.5
23/07/2013,0.0
24/07/2013,0.0
25/07/2013,7.5
26/07/2013,2.5
27/07/2013,1.0
28/07/2013,0.0
29/07/2013,0.0
30/07/2013,13.5
31/07/2013,5.0
01/08/2013,5.1
02/08/2013,39.4
03/08/2013,3.0
04/08/2013,21.2
05/08/2013,2.2
06/08/2013,1.5
07/08/2013,3.0
08/08/2013,40.6
09/08/2013,2.9
10/08/2013,7.2
11/08/2013,0.3
12/08/2013,2.4
13/08/2013,0.1
14/08/2013,0.0
15/08/2013,0.5
16/08/2013,0.0
17/08/2013,7.0
18/08/2013,1.5
19/08/2013,0.0
20/08/2013,0.0
21/08/2013,42.1
22/08/2013,21.9
23/08/2013,3.6
24/08/2013,0.5
25/08/2013,33.5
26/08/2013,3.5
27/08/2013,0.0
28/08/2013,0.5
29/08/2013,0.0
30/08/2013,28.5
31/08/2013,17.0
01/09/2013,14.5
02/09/2013,0.0
03/09/2013,0.0
04/09/2013,2.0
05/09/2013,0.0
06/09/2013,13.0
07/09/2013,11.3
08/09/2013,21.8
09/09/2013,16.9
10/09/2013,0.0
11/09/2013,6.2
12/09/2013,5.5
13/09/2013,15.8
14/09/2013,50.0
15/09/2013,1.5
16/09/2013,35.0
17/09/2013,0.5
18/09/2013,1.8
19/09/2013,0.2
20/09/2013,3.5
21/09/2013,2.0
22/09/2013,0.0
23/09/2013,0.0
24/09/2013,28.5
25/09/2013,23.5
26/09/2013,0.0
27/09/2013,0.0
28/09/2013,17.5
29/09/2013,0.0
30/09/2013,0.0
01/10/2013,25.2
02/10/2013,1.8
03/10/2013,41.5
04/10/2013,1.5
05/10/2013,0.0
06/10/2013,0.0
07/10/2013,22.0
08/10/2013,0.5
09/10/2013,0.0
10/10/2013,0.0
11/10/2013,3.8
12/10/2013,5.4
13/10/2013,17.8
14/10/2013,4.0
15/10/2013,1.2
16/10/2013,1.3
17/10/2013,1.0
18/10/2013,0.9
19/10/2013,8.6
20/10/2013,3.9
21/10/2013,5.2
22/10/2013,4.9
23/10/2013,0.6
24/10/2013,16.0
25/10/2013,3.2
26/10/2013,0.7
27/10/2013,2.6
28/10/2013,0.0
29/10/2013,6.0
30/10/2013,0.0
31/10/2013,0.4
01/11/2013,21.6
02/11/2013,1.3
03/11/2013,11.9
04/11/2013,7.0
05/11/2013,18.3
06/11/2013,41.4
07/11/2013,2.0
08/11/2013,0.0
09/11/2013,0.0
10/11/2013,0.0
11/11/2013,0.5
12/11/2013,33.0
13/11/2013,2.0
14/11/2013,0.0
15/11/2013,0.0
16/11/2013,2.4
17/11/2013,5.6
18/11/2013,10.2
19/11/2013,38.9
20/11/2013,45.7
21/11/2013,7.7
22/11/2013,0.5
23/11/2013,0.0
24/11/2013,7.0
25/11/2013,0.0
26/11/2013,0.0
27/11/2013,4.7
28/11/2013,35.2
29/11/2013,43.0
30/11/2013,73.0
01/12/2013,40.2
02/12/2013,59.3
03/12/2013,131.0
04/12/2013,112.8
05/12/2013,12.1
06/12/2013,10.5
07/12/2013,3.2
08/12/2013,0.0
09/12/2013,96.8
10/12/2013,140.2
11/12/2013,0.8
12/12/2013,9.2
13/12/2013,0.4
14/12/2013,35.1
15/12/2013,0.0
16/12/2013,29.5
17/12/2013,0.0
18/12/2013,0.5
19/12/2013,42.8
20/12/2013,0.2
21/12/2013,0.0
22/12/2013,0.0
23/12/2013,0.0
24/12/2013,0.0
25/12/2013,0.6
26/12/2013,2.4
27/12/2013,5.7
28/12/2013,48.9
29/12/2013,11.4
30/12/2013,4.5
31/12/2013,5.3
01/01/2014,6.2
02/01/2014,4.8
03/01/2014,39.2
04/01/2014,0.0
05/01/2014,7.5
06/01/2014,0.0
07/01/2014,0.0
08/01/2014,1.3
09/01/2014,15.4
10/01/2014,25.6
11/01/2014,98.7
12/01/2014,97.3
13/01/2014,2.7
14/01/2014,0.0
15/01/2014,0.0
16/01/2014,0.0
17/01/2014,0.4
18/01/2014,0.1
19/01/2014,0.0
20/01/2014,0.0
21/01/2014,0.0
22/01/2014,0.0
23/01/2014,0.5
24/01/2014,0.0
25/01/2014,0.0
26/01/2014,0.0
27/01/2014,0.0
28/01/2014,0.4
29/01/2014,0.1
30/01/2014,0.0
31/01/2014,0.0
01/02/2014,0.0
02/02/2014,0.0
03/02/2014,0.0
04/02/2014,0.0
05/02/2014,0.0
06/02/2014,0.3
07/02/2014,0.7
08/02/2014,0.0
09/02/2014,0.0
10/02/2014,0.0
11/02/2014,0.0
12/02/2014,0.0
13/02/2014,0.0
14/02/2014,0.0
15/02/2014,0.0
16/02/2014,0.4
17/02/2014,0.1
18/02/2014,0.0
19/02/2014,0.0
20/02/2014,6.4
21/02/2014,0.1
22/02/2014,0.0
23/02/2014,0.0
24/02/2014,0.0
25/02/2014,0.0
26/02/2014,0.0
27/02/2014,0.0
28/02/2014,0.0
01/03/2014,0.0
02/03/2014,0.0
03/03/2014,0.0
04/03/2014,0.0
05/03/2014,0.0
06/03/2014,0.0
07/03/2014,0.0
08/03/2014,0.0
09/03/2014,0.0
10/03/2014,0.0
11/03/2014,0.0
12/03/2014,0.0
13/03/2014,0.0
14/03/2014,0.0
15/03/2014,8.8
16/03/2014,48.1
17/03/2014,29.6
18/03/2014,0.0
19/03/2014,0.0
20/03/2014,0.0
21/03/2014,0.0
22/03/2014,0.0
23/03/2014,6.3
24/03/2014,2.7
25/03/2014,0.0
26/03/2014,0.0
27/03/2014,0.0
28/03/2014,0.0
29/03/2014,0.0
30/03/2014,0.0
31/03/2014,6.5
01/04/2014,0.0
02/04/2014,0.0
03/04/2014,0.5
04/04/2014,0.0
05/04/2014,0.0
06/04/2014,0.0
07/04/2014,0.0
08/04/2014,0.0
09/04/2014,0.0
10/04/2014,0.0
11/04/2014,0.0
12/04/2014,0.0
13/04/2014,0.0
14/04/2014,0.0
15/04/2014,0.0
16/04/2014,0.0
17/04/2014,0.0
18/04/2014,24.5
19/04/2014,0.0
20/04/2014,1.0
21/04/2014,0.5
22/04/2014,0.0
23/04/2014,0.0
24/04/2014,0.0
25/04/2014,0.0
26/04/2014,0.0
27/04/2014,0.0
28/04/2014,0.0
29/04/2014,0.0
30/04/2014,0.0
01/05/2014,0.0
02/05/2014,1.0
03/05/2014,0.0
04/05/2014,0.0
05/05/2014,0.0
06/05/2014,0.0
07/05/2014,0.0
08/05/2014,0.0
09/05/2014,0.0
10/05/2014,2.0
11/05/2014,0.5
12/05/2014,0.0
13/05/2014,0.4
14/05/2014,3.1
15/05/2014,24.5
16/05/2014,0.5
17/05/2014,0.0
18/05/2014,0.0
19/05/2014,0.0
20/05/2014,0.0
21/05/2014,1.0
22/05/2014,0.5
23/05/2014,0.0
24/05/2014,0.0
25/05/2014,0.0
26/05/2014,0.0
27/05/2014,11.0
28/05/2014,0.5
29/05/2014,0.0
30/05/2014,7.5
31/05/2014,2.5
01/06/2014,0.5
02/06/2014,0.5
03/06/2014,4.0
04/06/2014,4.0
05/06/2014,3.5
06/06/2014,2.5
07/06/2014,0.0
08/06/2014,0.5
09/06/2014,0.5
10/06/2014,0.0
11/06/2014,13.1
12/06/2014,12.9
13/06/2014,0.5
14/06/2014,0.0
15/06/2014,4.5
16/06/2014,0.5
17/06/2014,0.0
18/06/2014,0.0
19/06/2014,0.0
20/06/2014,0.0
21/06/2014,7.7
22/06/2014,0.8
23/06/2014,0.0
24/06/2014,0.0
25/06/2014,0.0
26/06/2014,0.0
27/06/2014,11.5
28/06/2014,11.5
29/06/2014,11.5
30/06/2014,12.1
01/07/2014,0.4
02/07/2014,0.5
03/07/2014,0.0
04/07/2014,0.0
05/07/2014,20.2
06/07/2014,37.2
07/07/2014,8.5
08/07/2014,0.2
09/07/2014,0.0
10/07/2014,0.0
11/07/2014,19.4
12/07/2014,0.5
13/07/2014,0.7
14/07/2014,0.4
15/07/2014,0.5
16/07/2014,0.5
17/07/2014,31.5
18/07/2014,0.0
19/07/2014,0.0
20/07/2014,0.0
21/07/2014,0.0
22/07/2014,0.0
23/07/2014,0.0
24/07/2014,0.0
25/07/2014,5.0
26/07/2014,5.0
27/07/2014,0.0
28/07/2014,3.5
29/07/2014,0.5
30/07/2014,0.0
31/07/2014,0.0
01/08/2014,0.0
02/08/2014,45.7
03/08/2014,0.8
04/08/2014,0.5
05/08/2014,28.0
06/08/2014,0.0
07/08/2014,1.3
08/08/2014,18.9
09/08/2014,27.3
10/08/2014,2.0
11/08/2014,24.5
12/08/2014,2.5
13/08/2014,0.0
14/08/2014,2.0
15/08/2014,3.5
16/08/2014,3.0
17/08/2014,0.0
18/08/2014,0.0
19/08/2014,69.5
20/08/2014,1.0
21/08/2014,0.0
22/08/2014,10.0
23/08/2014,11.0
24/08/2014,15.5
25/08/2014,15.9
26/08/2014,21.1
27/08/2014,0.0
28/08/2014,0.0
29/08/2014,0.0
30/08/2014,0.0
31/08/2014,9.5
01/09/2014,38.5
02/09/2014,46.3
03/09/2014,0.2
04/09/2014,77.7
05/09/2014,0.3
06/09/2014,0.0
07/09/2014,0.5
08/09/2014,0.0
09/09/2014,2.0
10/09/2014,0.4
11/09/2014,23.8
12/09/2014,2.1
13/09/2014,0.7
14/09/2014,64.0
15/09/2014,9.9
16/09/2014,0.6
17/09/2014,1.2
18/09/2014,0.3
19/09/2014,0.0
20/09/2014,21.0
21/09/2014,0.0
22/09/2014,0.0
23/09/2014,0.4
24/09/2014,1.1
25/09/2014,0.0
26/09/2014,0.0
27/09/2014,4.0
28/09/2014,0.0
29/09/2014,0.0
30/09/2014,6.3
01/10/2014,0.6
02/10/2014,0.1
03/10/2014,7.5
04/10/2014,62.5
05/10/2014,1.0
06/10/2014,0.0
07/10/2014,0.0
08/10/2014,0.0
09/10/2014,1.0
10/10/2014,4.0
11/10/2014,0.5
12/10/2014,6.5
13/10/2014,0.0
14/10/2014,5.5
15/10/2014,1.0
16/10/2014,2.0
17/10/2014,14.5
18/10/2014,6.5
19/10/2014,1.0
20/10/2014,0.0
21/10/2014,0.5
22/10/2014,5.5
23/10/2014,34.0
24/10/2014,25.0
25/10/2014,0.0
26/10/2014,35.5
27/10/2014,0.0
28/10/2014,0.0
29/10/2014,6.5
30/10/2014,0.0
31/10/2014,0.0
01/11/2014,0.0
02/11/2014,0.0
03/11/2014,0.5
04/11/2014,0.0
05/11/2014,2.0
06/11/2014,34.3
07/11/2014,11.7
08/11/2014,9.6
09/11/2014,3.5
10/11/2014,0.0
11/11/2014,0.0
12/11/2014,5.4
13/11/2014,32.9
14/11/2014,36.3
15/11/2014,18.8
16/11/2014,13.2
17/11/2014,41.7
18/11/2014,112.6
19/11/2014,22.1
20/11/2014,50.5
21/11/2014,6.5
22/11/2014,2.0
23/11/2014,1.6
24/11/2014,13.1
25/11/2014,1.6
26/11/2014,0.3
27/11/2014,0.0
28/11/2014,3.0
29/11/2014,0.5
30/11/2014,0.0
01/12/2014,7.0
02/12/2014,0.5
03/12/2014,0.5
04/12/2014,0.5
05/12/2014,0.5
06/12/2014,0.0
07/12/2014,10.3
08/12/2014,6.7
09/12/2014,0.0
10/12/2014,0.0
11/12/2014,0.0
12/12/2014,0.0
13/12/2014,0.0
14/12/2014,31.1
15/12/2014,163.8
16/12/2014,49.2
17/12/2014,360.0
18/12/2014,232.1
19/12/2014,48.2
20/12/2014,177.4
21/12/2014,56.9
22/12/2014,106.3
23/12/2014,84.9
24/12/2014,123.8
25/12/2014,23.3
26/12/2014,109.3
27/12/2014,23.6
28/12/2014,64.1
29/12/2014,45.3
30/12/2014,8.2
31/12/2014,3.5
01/01/2015,0.5
02/01/2015,0.5
03/01/2015,1.5
04/01/2015,1.2
05/01/2015,0.7
06/01/2015,7.1
07/01/2015,30.6
08/01/2015,75.7
09/01/2015,6.5
10/01/2015,4.8
11/01/2015,7.8
12/01/2015,0.0
13/01/2015,0.5
14/01/2015,1.0
15/01/2015,0.0
16/01/2015,0.0
17/01/2015,0.0
18/01/2015,3.6
19/01/2015,5.9
20/01/2015,0.0
21/01/2015,0.0
22/01/2015,0.0
23/01/2015,0.0
24/01/2015,0.0
25/01/2015,0.0
26/01/2015,0.0
27/01/2015,0.0
28/01/2015,0.0
29/01/2015,4.5
30/01/2015,0.0
31/01/2015,0.0
01/02/2015,0.0
02/02/2015,0.0
03/02/2015,18.7
04/02/2015,3.3
05/02/2015,0.4
06/02/2015,3.0
07/02/2015,1.0
08/02/2015,0.5
09/02/2015,0.5
10/02/2015,0.0
11/02/2015,0.0
12/02/2015,0.0
13/02/2015,0.0
14/02/2015,0.0
15/02/2015,0.0
16/02/2015,0.0
17/02/2015,0.0
18/02/2015,0.0
19/02/2015,0.0
20/02/2015,0.0
21/02/2015,0.0
22/02/2015,0.0
23/02/2015,0.0
24/02/2015,0.0
25/02/2015,0.0
26/02/2015,0.0
27/02/2015,0.0
28/02/2015,0.0
01/03/2015,0.0
02/03/2015,0.0
03/03/2015,0.0
04/03/2015,0.0
05/03/2015,0.0
06/03/2015,0.0
07/03/2015,0.0
08/03/2015,0.0
09/03/2015,0.0
10/03/2015,0.0
11/03/2015,0.0
12/03/2015,0.0
13/03/2015,0.0
14/03/2015,0.0
15/03/2015,0.0
16/03/2015,0.0
17/03/2015,0.0
18/03/2015,0.0
19/03/2015,0.0
20/03/2015,0.0
21/03/2015,0.0
22/03/2015,0.0
23/03/2015,0.0
24/03/2015,0.0
25/03/2015,0.0
26/03/2015,0.0
27/03/2015,1.5
28/03/2015,0.5
29/03/2015,3.0
30/03/2015,3.5
31/03/2015,5.5
01/04/2015,0.0
02/04/2015,0.0
03/04/2015,0.0
04/04/2015,0.0
05/04/2015,0.0
06/04/2015,0.0
07/04/2015,0.0
08/04/2015,0.0
09/04/2015,0.0
10/04/2015,14.5
11/04/2015,25.0
12/04/2015,0.5
13/04/2015,0.0
14/04/2015,4.0
15/04/2015,4.0
16/04/2015,0.0
17/04/2015,6.0
18/04/2015,0.5
19/04/2015,52.5
20/04/2015,0.0
21/04/2015,0.0
22/04/2015,0.0
23/04/2015,0.0
24/04/2015,0.0
25/04/2015,0.5
26/04/2015,0.4
27/04/2015,19.6
28/04/2015,0.5
29/04/2015,0.0
30/04/2015,26.0
01/05/2015,0.0
02/05/2015,0.0
03/05/2015,0.0
04/05/2015,0.0
05/05/2015,0.0
06/05/2015,0.0
07/05/2015,0.0
08/05/2015,0.0
09/05/2015,0.0
10/05/2015,6.0
11/05/2015,0.0
12/05/2015,0.5
13/05/2015,33.0
14/05/2015,9.4
15/05/2015,4.1
16/05/2015,0.4
17/05/2015,21.1
18/05/2015,6.0
19/05/2015,0.0
20/05/2015,0.0
21/05/2015,0.0
22/05/2015,1.4
23/05/2015,10.6
24/05/2015,7.5
25/05/2015,1.2
26/05/2015,1.8
27/05/2015,10.4
28/05/2015,0.1
29/05/2015,0.5
30/05/2015,1.5
31/05/2015,4.5
01/06/2015,0.0
02/06/2015,0.0
03/06/2015,0.0
04/06/2015,0.0
05/06/2015,0.0
06/06/2015,0.0
07/06/2015,0.0
08/06/2015,0.0
09/06/2015,0.0
10/06/2015,0.0
11/06/2015,26.1
12/06/2015,0.4
13/06/2015,2.0
14/06/2015,0.5
15/06/2015,58.8
16/06/2015,2.5
17/06/2015,26.7
18/06/2015,0.0
19/06/2015,0.4
20/06/2015,5.6
21/06/2015,0.0
22/06/2015,0.0
23/06/2015,0.0
24/06/2015,0.0
25/06/2015,0.0
26/06/2015,0.0
27/06/2015,0.0
28/06/2015,0.0
29/06/2015,0.0
30/06/2015,0.0
01/07/2015,0.0
02/07/2015,0.0
03/07/2015,5.0
04/07/2015,8.5
05/07/2015,0.1
06/07/2015,0.1
07/07/2015,0.1
08/07/2015,10.1
09/07/2015,0.3
10/07/2015,0.4
11/07/2015,0.3
12/07/2015,0.2
13/07/2015,21.2
14/07/2015,4.0
15/07/2015,0.0
16/07/2015,0.0
17/07/2015,6.0
18/07/2015,5.5
19/07/2015,0.5
20/07/2015,0.0
21/07/2015,5.0
22/07/2015,31.0
23/07/2015,0.0
24/07/2015,9.0
25/07/2015,0.0
26/07/2015,0.5
27/07/2015,0.5
28/07/2015,0.0
29/07/2015,29.5
30/07/2015,0.5
31/07/2015,21.1
01/08/2015,0.6
02/08/2015,16.9
03/08/2015,4.9
04/08/2015,0.1
05/08/2015,2.5
06/08/2015,0.0
07/08/2015,0.0
08/08/2015,12.1
09/08/2015,14.1
10/08/2015,7.9
11/08/2015,0.2
12/08/2015,52.7
13/08/2015,0.3
14/08/2015,3.1
15/08/2015,16.1
16/08/2015,0.0
17/08/2015,0.0
18/08/2015,17.5
19/08/2015,0.0
20/08/2015,1.0
21/08/2015,1.8
22/08/2015,0.7
23/08/2015,11.5
24/08/2015,6.5
25/08/2015,0.5
26/08/2015,3.0
27/08/2015,0.5
28/08/2015,0.0
29/08/2015,5.9
30/08/2015,34.2
31/08/2015,0.2
01/09/2015,15.1
02/09/2015,0.0
03/09/2015,6.5
04/09/2015,0.0
05/09/2015,0.9
06/09/2015,37.1
07/09/2015,6.5
08/09/2015,14.0
09/09/2015,2.0
10/09/2015,0.0
11/09/2015,0.4
12/09/2015,21.7
13/09/2015,0.4
14/09/2015,0.0
15/09/2015,0.0
16/09/2015,5.4
17/09/2015,0.6
18/09/2015,0.0
19/09/2015,0.0
20/09/2015,0.0
21/09/2015,0.0
22/09/2015,29.6
23/09/2015,0.9
24/09/2015,0.5
25/09/2015,19.5
26/09/2015,0.5
27/09/2015,75.0
28/09/2015,0.5
29/09/2015,1.9
30/09/2015,6.0
01/10/2015,1.5
02/10/2015,3.5
03/10/2015,0.0
04/10/2015,0.0
05/10/2015,0.0
06/10/2015,14.0
07/10/2015,8.0
08/10/2015,0.0
09/10/2015,8.0
10/10/2015,0.0
11/10/2015,0.5
12/10/2015,0.5
13/10/2015,5.0
14/10/2015,3.0
15/10/2015,0.0
16/10/2015,0.5
17/10/2015,0.0
18/10/2015,0.0
19/10/2015,11.5
20/10/2015,0.0
21/10/2015,0.0
22/10/2015,0.0
23/10/2015,0.0
24/10/2015,17.0
25/10/2015,0.5
26/10/2015,0.5
27/10/2015,8.0
28/10/2015,9.5
29/10/2015,36.0
30/10/2015,23.5
31/10/2015,1.0
01/11/2015,0.0
02/11/2015,60.0
03/11/2015,8.5
04/11/2015,23.0
05/11/2015,1.5
06/11/2015,68.5
07/11/2015,20.0
08/11/2015,27.0
09/11/2015,1.0
10/11/2015,0.0
11/11/2015,21.5
12/11/2015,9.5
13/11/2015,0.5
14/11/2015,0.0
15/11/2015,4.0
16/11/2015,0.0
17/11/2015,0.0
18/11/2015,0.0
19/11/2015,0.0
20/11/2015,0.0
21/11/2015,0.0
22/11/2015,0.0
23/11/2015,0.0
24/11/2015,0.0
25/11/2015,0.0
26/11/2015,0.0
27/11/2015,11.0
28/11/2015,100.5
29/11/2015,8.0
30/11/2015,27.5
01/12/2015,0.0
02/12/2015,0.0
03/12/2015,2.5
04/12/2015,8.0
05/12/2015,1.0
06/12/2015,29.5
07/12/2015,7.5
08/12/2015,10.0
09/12/2015,6.5
10/12/2015,0.0
11/12/2015,0.0
12/12/2015,2.5
13/12/2015,4.0
14/12/2015,0.5
15/12/2015,0.0
16/12/2015,0.0
17/12/2015,79.0
18/12/2015,20.0
19/12/2015,0.0
20/12/2015,0.0
21/12/2015,5.0
22/12/2015,0.0
23/12/2015,10.0
24/12/2015,0.5
25/12/2015,4.5
26/12/2015,1.0
27/12/2015,102.0
28/12/2015,85.5
29/12/2015,5.0
30/12/2015,0.5
31/12/2015,14.0
01/01/2016,44.5
02/01/2016,0.0
03/01/2016,2.0
04/01/2016,1.5
05/01/2016,0.0
06/01/2016,0.0
07/01/2016,0.0
08/01/2016,0.0
09/01/2016,0.0
10/01/2016,0.0
11/01/2016,0.0
12/01/2016,0.0
13/01/2016,1.0
14/01/2016,7.5
15/01/2016,13.5
16/01/2016,1.5
17/01/2016,20.0
18/01/2016,0.0
19/01/2016,0.0
20/01/2016,0.0
21/01/2016,2.5
22/01/2016,80.0
23/01/2016,0.0
24/01/2016,0.0
25/01/2016,12.0
26/01/2016,43.5
27/01/2016,40.5
28/01/2016,30.0
29/01/2016,0.0
30/01/2016,0.0
31/01/2016,0.0
01/02/2016,0.0
02/02/2016,0.0
03/02/2016,0.0
04/02/2016,3.0
05/02/2016,0.0
06/02/2016,0.0
07/02/2016,0.0
08/02/2016,0.0
09/02/2016,0.0
10/02/2016,0.0
11/02/2016,0.0
12/02/2016,0.0
13/02/2016,0.0
14/02/2016,0.0
15/02/2016,0.0
16/02/2016,0.0
17/02/2016,0.0
18/02/2016,0.0
19/02/2016,0.0
20/02/2016,0.0
21/02/2016,0.0
22/02/2016,0.0
23/02/2016,0.1
24/02/2016,0.2
25/02/2016,1.8
26/02/2016,8.1
27/02/2016,27.0
28/02/2016,2.3
29/02/2016,0.4
01/03/2016,0.0
02/03/2016,0.0
03/03/2016,0.0
04/03/2016,0.0
05/03/2016,0.0
06/03/2016,0.0
07/03/2016,0.0
08/03/2016,0.0
09/03/2016,0.0
10/03/2016,0.0
11/03/2016,0.0
12/03/2016,0.0
13/03/2016,0.0
14/03/2016,0.0
15/03/2016,0.0
16/03/2016,0.0
17/03/2016,0.0
18/03/2016,0.0
19/03/2016,0.0
20/03/2016,0.0
21/03/2016,0.0
22/03/2016,0.0
23/03/2016,0.0
24/03/2016,0.0
25/03/2016,0.0
26/03/2016,0.0
27/03/2016,0.0
28/03/2016,0.0
29/03/2016,0.0
30/03/2016,0.0
31/03/2016,0.0
01/04/2016,0.0
02/04/2016,0.0
03/04/2016,1.7
04/04/2016,0.3
05/04/2016,0.0
06/04/2016,0.0
07/04/2016,0.0
08/04/2016,0.0
09/04/2016,0.0
10/04/2016,0.0
11/04/2016,0.0
12/04/2016,0.0
13/04/2016,0.0
14/04/2016,0.2
15/04/2016,5.0
16/04/2016,3.8
17/04/2016,0.0
18/04/2016,0.0
19/04/2016,0.0
20/04/2016,0.1
21/04/2016,0.1
22/04/2016,0.1
23/04/2016,0.1
24/04/2016,0.1
25/04/2016,0.1
26/04/2016,11.1
27/04/2016,0.3
28/04/2016,4.3
29/04/2016,0.3
30/04/2016,0.0
01/05/2016,0.0
02/05/2016,0.0
03/05/2016,0.0
04/05/2016,0.0
05/05/2016,7.0
06/05/2016,0.0
07/05/2016,0.0
08/05/2016,0.0
09/05/2016,0.0
10/05/2016,0.0
11/05/2016,0.0
12/05/2016,0.0
13/05/2016,4.0
14/05/2016,0.0
15/05/2016,0.0
16/05/2016,0.0
17/05/2016,0.0
18/05/2016,0.0
19/05/2016,0.0
20/05/2016,0.0
21/05/2016,0.0
22/05/2016,0.0
23/05/2016,0.0
24/05/2016,0.0
25/05/2016,0.0
26/05/2016,0.0
27/05/2016,26.0
28/05/2016,9.5
29/05/2016,12.1
30/05/2016,12.8
31/05/2016,12.2
01/06/2016,7.3
02/06/2016,32.6
03/06/2016,2.4
04/06/2016,6.5
05/06/2016,0.0
06/06/2016,0.0
07/06/2016,0.0
08/06/2016,16.5
09/06/2016,0.0
10/06/2016,0.4
11/06/2016,3.1
12/06/2016,2.0
13/06/2016,0.9
14/06/2016,2.5
15/06/2016,10.1
16/06/2016,0.5
17/06/2016,89.0
18/06/2016,2.0
19/06/2016,0.5
20/06/2016,0.0
21/06/2016,6.5
22/06/2016,0.0
23/06/2016,27.8
24/06/2016,2.2
25/06/2016,0.5
26/06/2016,16.1
27/06/2016,0.4
28/06/2016,0.0
29/06/2016,0.0
30/06/2016,0.0
01/07/2016,0.0
02/07/2016,0.0
03/07/2016,0.0
04/07/2016,0.0
05/07/2016,2.3
06/07/2016,4.2
07/07/2016,7.5
08/07/2016,0.5
09/07/2016,0.0
10/07/2016,17.7
11/07/2016,0.3
12/07/2016,0.5
13/07/2016,50.5
14/07/2016,2.0
15/07/2016,9.5
16/07/2016,0.5
17/07/2016,0.0
18/07/2016,20.5
19/07/2016,0.0
20/07/2016,0.5
21/07/2016,0.0
22/07/2016,1.0
23/07/2016,10.5
24/07/2016,2.0
25/07/2016,11.0
26/07/2016,14.5
27/07/2016,1.9
28/07/2016,10.2
29/07/2016,0.5
30/07/2016,0.0
31/07/2016,0.0
01/08/2016,0.0
02/08/2016,0.0
03/08/2016,0.0
04/08/2016,0.0
05/08/2016,0.0
06/08/2016,0.0
07/08/2016,0.0
08/08/2016,0.0
09/08/2016,0.6
10/08/2016,12.9
11/08/2016,30.0
12/08/2016,19.5
13/08/2016,9.0
14/08/2016,0.0
15/08/2016,0.0
16/08/2016,0.0
17/08/2016,0.0
18/08/2016,0.0
19/08/2016,0.0
20/08/2016,0.0
21/08/2016,0.0
22/08/2016,0.0
23/08/2016,2.0
24/08/2016,20.3
25/08/2016,2.2
26/08/2016,3.4
27/08/2016,28.1
28/08/2016,5.0
29/08/2016,0.4
30/08/2016,10.6
31/08/2016,0.5
01/09/2016,4.0
02/09/2016,4.0
03/09/2016,0.4
04/09/2016,20.6
05/09/2016,0.0
06/09/2016,4.2
07/09/2016,0.7
08/09/2016,7.5
09/09/2016,40.8
10/09/2016,2.7
11/09/2016,0.0
12/09/2016,1.5
13/09/2016,0.5
14/09/2016,14.0
15/09/2016,1.0
16/09/2016,0.0
17/09/2016,24.5
18/09/2016,0.2
19/09/2016,4.8
20/09/2016,0.0
21/09/2016,14.0
22/09/2016,1.0
23/09/2016,0.0
24/09/2016,0.0
25/09/2016,6.1
26/09/2016,1.4
27/09/2016,0.0
28/09/2016,0.0
29/09/2016,0.0
30/09/2016,0.0
01/10/2016,0.0
02/10/2016,0.0
03/10/2016,19.5
04/10/2016,20.5
05/10/2016,3.9
06/10/2016,1.6
07/10/2016,39.9
08/10/2016,17.6
09/10/2016,0.4
10/10/2016,1.6
11/10/2016,0.5
12/10/2016,3.0
13/10/2016,0.0
14/10/2016,7.5
15/10/2016,0.0
16/10/2016,0.0
17/10/2016,0.0
18/10/2016,26.5
19/10/2016,0.0
20/10/2016,21.9
21/10/2016,8.1
22/10/2016,15.0
23/10/2016,4.5
24/10/2016,0.5
25/10/2016,0.0
26/10/2016,9.0
27/10/2016,0.0
28/10/2016,15.5
29/10/2016,3.5
30/10/2016,2.0
31/10/2016,46.1
01/11/2016,2.9
02/11/2016,0.5
03/11/2016,0.0
04/11/2016,1.5
05/11/2016,0.4
06/11/2016,2.3
07/11/2016,5.5
08/11/2016,9.7
09/11/2016,0.0
10/11/2016,6.1
11/11/2016,19.1
12/11/2016,2.7
13/11/2016,10.5
14/11/2016,3.5
15/11/2016,8.9
16/11/2016,61.5
17/11/2016,4.7
18/11/2016,11.4
19/11/2016,0.0
20/11/2016,5.0
21/11/2016,0.0
22/11/2016,0.0
23/11/2016,0.0
24/11/2016,10.5
25/11/2016,0.5
26/11/2016,10.0
27/11/2016,7.5
28/11/2016,1.4
29/11/2016,74.9
30/11/2016,2.1
01/12/2016,83.8
02/12/2016,42.3
03/12/2016,23.8
04/12/2016,4.6
05/12/2016,15.5
06/12/2016,0.5
07/12/2016,8.7
08/12/2016,10.8
09/12/2016,12.6
10/12/2016,1.5
11/12/2016,0.4
12/12/2016,0.0
13/12/2016,1.5
14/12/2016,0.0
15/12/2016,0.0
16/12/2016,0.0
17/12/2016,4.4
18/12/2016,13.5
19/12/2016,110.9
20/12/2016,92.8
21/12/2016,0.5
22/12/2016,2.7
23/12/2016,39.3
24/12/2016,31.4
25/12/2016,5.2
26/12/2016,20.4
27/12/2016,5.2
28/12/2016,9.8
29/12/2016,0.4
30/12/2016,46.4
31/12/2016,279.6
01/01/2017,96.6
02/01/2017,186.6
03/01/2017,500.2
04/01/2017,3.5
05/01/2017,1.7
06/01/2017,5.2
07/01/2017,0.1
08/01/2017,0.0
09/01/2017,0.0
10/01/2017,0.0
11/01/2017,0.0
12/01/2017,5.5
13/01/2017,0.0
14/01/2017,0.0
15/01/2017,0.0
16/01/2017,0.7
17/01/2017,12.3
18/01/2017,11.1
19/01/2017,94.6
20/01/2017,175.1
21/01/2017,187.4
22/01/2017,22.2
23/01/2017,36.1
24/01/2017,82.0
25/01/2017,91.8
26/01/2017,41.4
27/01/2017,33.3
28/01/2017,5.0
29/01/2017,0.0
30/01/2017,0.5
31/01/2017,0.0
01/02/2017,0.0
02/02/2017,0.0
03/02/2017,0.3
04/02/2017,0.2
05/02/2017,0.0
06/02/2017,0.0
07/02/2017,0.0
08/02/2017,0.0
09/02/2017,0.0
10/02/2017,0.5
11/02/2017,23.0
12/02/2017,3.8
13/02/2017,7.0
14/02/2017,10.1
15/02/2017,3.6
16/02/2017,1.4
17/02/2017,1.1
18/02/2017,44.9
19/02/2017,15.1
20/02/2017,0.0
21/02/2017,0.3
22/02/2017,0.7
23/02/2017,1.5
24/02/2017,0.4
25/02/2017,1.1
26/02/2017,23.9
27/02/2017,26.1
28/02/2017,21.9
01/03/2017,21.7
02/03/2017,11.9
03/03/2017,0.0
04/03/2017,0.0
05/03/2017,0.0
06/03/2017,0.0
07/03/2017,0.0
08/03/2017,0.0
09/03/2017,0.0
10/03/2017,0.0
11/03/2017,0.0
12/03/2017,0.0
13/03/2017,0.0
14/03/2017,0.0
15/03/2017,0.0
16/03/2017,0.0
17/03/2017,0.0
18/03/2017,0.0
19/03/2017,0.0
20/03/2017,0.0
21/03/2017,4.5
22/03/2017,0.0
23/03/2017,0.0
24/03/2017,0.0
25/03/2017,0.5
26/03/2017,0.0
27/03/2017,1.3
28/03/2017,124.1
29/03/2017,5.6
30/03/2017,0.0
31/03/2017,1.0
01/04/2017,10.5
02/04/2017,41.0
03/04/2017,31.4
04/04/2017,3.1
05/04/2017,0.0
06/04/2017,0.0
07/04/2017,3.5
08/04/2017,1.5
09/04/2017,11.5
10/04/2017,3.0
11/04/2017,3.5
12/04/2017,0.0
13/04/2017,0.0
14/04/2017,0.0
15/04/2017,0.0
16/04/2017,0.0
17/04/2017,0.5
18/04/2017,24.0
19/04/2017,0.0
20/04/2017,0.0
21/04/2017,0.0
22/04/2017,5.0
23/04/2017,0.0
24/04/2017,1.5
25/04/2017,0.0
26/04/2017,0.0
27/04/2017,0.0
28/04/2017,0.0
29/04/2017,0.0
30/04/2017,0.0
01/05/2017,3.0
02/05/2017,15.5
03/05/2017,0.0
04/05/2017,11.0
05/05/2017,0.0
06/05/2017,0.5
07/05/2017,5.5
08/05/2017,0.0
09/05/2017,70.5
10/05/2017,6.5
11/05/2017,0.5
12/05/2017,6.0
13/05/2017,0.0
14/05/2017,3.5
15/05/2017,0.0
16/05/2017,0.0
17/05/2017,0.0
18/05/2017,1.5
19/05/2017,6.0
20/05/2017,0.0
21/05/2017,6.0
22/05/2017,0.5
23/05/2017,0.6
24/05/2017,57.2
25/05/2017,4.2
26/05/2017,13.8
27/05/2017,0.2
28/05/2017,1.5
29/05/2017,1.0
30/05/2017,33.5
31/05/2017,0.5
01/06/2017,0.0
02/06/2017,1.5
03/06/2017,22.7
04/06/2017,4.8
05/06/2017,0.0
06/06/2017,11.0
07/06/2017,0.0
08/06/2017,0.0
09/06/2017,0.4
10/06/2017,15.6
11/06/2017,0.0
12/06/2017,0.0
13/06/2017,0.0
14/06/2017,0.0
15/06/2017,10.0
16/06/2017,0.5
17/06/2017,0.0
18/06/2017,14.5
19/06/2017,0.0
20/06/2017,5.2
21/06/2017,17.3
22/06/2017,1.0
23/06/2017,0.5
24/06/2017,13.7
25/06/2017,0.3
26/06/2017,7.0
27/06/2017,3.0
28/06/2017,0.0
29/06/2017,0.0
30/06/2017,0.5
01/07/2017,2.5
02/07/2017,0.0
03/07/2017,18.4
04/07/2017,27.6
05/07/2017,13.5
06/07/2017,0.0
07/07/2017,27.4
08/07/2017,4.1
09/07/2017,6.5
10/07/2017,4.0
11/07/2017,8.7
12/07/2017,16.8
13/07/2017,38.0
14/07/2017,21.0
15/07/2017,0.5
16/07/2017,0.5
17/07/2017,0.0
18/07/2017,0.0
19/07/2017,5.0
20/07/2017,0.0
21/07/2017,0.0
22/07/2017,4.5
23/07/2017,0.0
24/07/2017,0.0
25/07/2017,24.5
26/07/2017,0.0
27/07/2017,0.0
28/07/2017,1.5
29/07/2017,22.5
30/07/2017,0.0
31/07/2017,31.5
01/08/2017,24.0
02/08/2017,0.5
03/08/2017,38.2
04/08/2017,1.8
05/08/2017,0.0
06/08/2017,0.3
07/08/2017,9.2
08/08/2017,2.0
09/08/2017,3.5
10/08/2017,0.0
11/08/2017,39.4
12/08/2017,2.1
13/08/2017,24.0
14/08/2017,15.4
15/08/2017,30.6
16/08/2017,13.5
17/08/2017,0.5
18/08/2017,0.0
19/08/2017,0.0
20/08/2017,0.0
21/08/2017,1.0
22/08/2017,7.0
23/08/2017,17.5
24/08/2017,1.1
25/08/2017,18.6
26/08/2017,9.9
27/08/2017,0.8
28/08/2017,5.8
29/08/2017,0.2
30/08/2017,0.0
31/08/2017,2.0
01/09/2017,2.0
02/09/2017,0.0
03/09/2017,6.5
04/09/2017,0.5
05/09/2017,0.5
06/09/2017,1.0
07/09/2017,0.0
08/09/2017,0.0
09/09/2017,0.5
10/09/2017,8.0
11/09/2017,17.5
12/09/2017,0.5
13/09/2017,25.0
14/09/2017,42.5
15/09/2017,21.0
16/09/2017,0.0
17/09/2017,2.5
18/09/2017,0.4
19/09/2017,2.1
20/09/2017,29.0
21/09/2017,0.5
22/09/2017,4.5
23/09/2017,0.5
24/09/2017,0.0
25/09/2017,5.5
26/09/2017,0.5
27/09/2017,0.0
28/09/2017,0.5
29/09/2017,8.0
30/09/2017,28.0
01/10/2017,1.0
02/10/2017,32.9
03/10/2017,1.1
04/10/2017,0.0
05/10/2017,15.5
06/10/2017,0.5
07/10/2017,7.5
08/10/2017,0.0
09/10/2017,6.7
10/10/2017,1.3
11/10/2017,0.0
12/10/2017,18.0
13/10/2017,3.5
14/10/2017,0.0
15/10/2017,0.0
16/10/2017,0.0
17/10/2017,0.0
18/10/2017,0.0
19/10/2017,2.5
20/10/2017,0.0
21/10/2017,0.0
22/10/2017,0.5
23/10/2017,16.5
24/10/2017,2.8
25/10/2017,0.7
26/10/2017,15.5
27/10/2017,3.0
28/10/2017,6.4
29/10/2017,1.9
30/10/2017,11.7
31/10/2017,0.5
01/11/2017,0.4
02/11/2017,4.1
03/11/2017,11.8
04/11/2017,17.7
05/11/2017,74.7
06/11/2017,2.8
07/11/2017,8.9
08/11/2017,37.4
09/11/2017,4.4
10/11/2017,8.5
11/11/2017,15.2
12/11/2017,20.0
13/11/2017,0.0
14/11/2017,9.0
15/11/2017,0.0
16/11/2017,0.5
17/11/2017,0.5
18/11/2017,0.0
19/11/2017,0.0
20/11/2017,0.0
21/11/2017,6.5
22/11/2017,1.6
23/11/2017,25.9
24/11/2017,8.3
25/11/2017,29.0
26/11/2017,187.5
27/11/2017,161.1
28/11/2017,207.1
29/11/2017,27.4
30/11/2017,90.2
01/12/2017,117.4
02/12/2017,15.3
03/12/2017,0.4
04/12/2017,13.6
05/12/2017,19.2
06/12/2017,1.2
07/12/2017,60.6
08/12/2017,21.5
09/12/2017,0.5
10/12/2017,8.5
11/12/2017,0.0
12/12/2017,0.0
13/12/2017,0.0
14/12/2017,0.0
15/12/2017,0.0
16/12/2017,0.0
17/12/2017,2.0
18/12/2017,10.0
19/12/2017,0.5
20/12/2017,0.0
21/12/2017,1.3
22/12/2017,16.9
23/12/2017,36.9
24/12/2017,15.4
25/12/2017,0.0
26/12/2017,0.4
27/12/2017,1.6
28/12/2017,2.4
29/12/2017,29.0
30/12/2017,15.6
31/12/2017,26.4
01/01/2018,75.7
02/01/2018,18.9
03/01/2018,31.8
04/01/2018,23.3
05/01/2018,0.0
06/01/2018,34.5
07/01/2018,0.0
08/01/2018,1.3
09/01/2018,0.7
10/01/2018,19.1
11/01/2018,14.5
12/01/2018,20.7
13/01/2018,19.6
14/01/2018,3.7
15/01/2018,0.9
16/01/2018,0.0
17/01/2018,0.0
18/01/2018,0.0
19/01/2018,2.0
20/01/2018,73.8
21/01/2018,39.7
22/01/2018,0.4
23/01/2018,2.6
24/01/2018,0.0
25/01/2018,0.0
26/01/2018,11.0
27/01/2018,4.5
28/01/2018,0.0
29/01/2018,0.0
30/01/2018,0.0
31/01/2018,0.0
01/02/2018,6.5
02/02/2018,0.5
03/02/2018,0.0
04/02/2018,1.5
05/02/2018,0.0
06/02/2018,0.0
07/02/2018,0.0
08/02/2018,0.0
09/02/2018,0.0
10/02/2018,0.0
11/02/2018,0.0
12/02/2018,0.0
13/02/2018,14.3
14/02/2018,2.2
15/02/2018,0.0
16/02/2018,0.0
17/02/2018,0.0
18/02/2018,0.0
19/02/2018,10.0
20/02/2018,0.0
21/02/2018,0.0
22/02/2018,0.3
23/02/2018,77.0
24/02/2018,78.6
25/02/2018,0.0
26/02/2018,0.3
27/02/2018,0.2
28/02/2018,0.0
01/03/2018,0.0
02/03/2018,0.0
03/03/2018,0.0
04/03/2018,0.0
05/03/2018,0.0
06/03/2018,0.4
07/03/2018,2.6
08/03/2018,0.0
09/03/2018,3.5
10/03/2018,2.5
11/03/2018,0.9
12/03/2018,2.1
13/03/2018,0.0
14/03/2018,0.0
15/03/2018,0.0
16/03/2018,3.0
17/03/2018,0.0
18/03/2018,0.0
19/03/2018,0.0
20/03/2018,0.0
21/03/2018,0.0
22/03/2018,0.0
23/03/2018,16.5
24/03/2018,16.0
25/03/2018,0.0
26/03/2018,0.0
27/03/2018,0.0
28/03/2018,0.0
29/03/2018,0.0
30/03/2018,0.0
31/03/2018,0.0
01/04/2018,0.0
02/04/2018,0.0
03/04/2018,0.0
04/04/2018,0.0
05/04/2018,0.0
06/04/2018,0.0
07/04/2018,0.4
08/04/2018,59.4
09/04/2018,16.5
10/04/2018,12.7
11/04/2018,1.5
12/04/2018,0.5
13/04/2018,0.5
14/04/2018,0.0
15/04/2018,0.0
16/04/2018,0.0
17/04/2018,0.0
18/04/2018,0.0
19/04/2018,0.0
20/04/2018,0.0
21/04/2018,0.0
22/04/2018,0.0
23/04/2018,60.0
24/04/2018,5.0
25/04/2018,0.5
26/04/2018,3.5
27/04/2018,0.5
28/04/2018,0.0
29/04/2018,2.8
30/04/2018,1.2
01/05/2018,2.5
02/05/2018,0.0
03/05/2018,0.0
04/05/2018,2.0
05/05/2018,9.5
06/05/2018,0.0
07/05/2018,0.0
08/05/2018,0.5
09/05/2018,0.0
10/05/2018,0.0
11/05/2018,0.0
12/05/2018,0.0
13/05/2018,0.0
14/05/2018,19.0
15/05/2018,0.5
16/05/2018,19.5
17/05/2018,0.5
18/05/2018,0.0
19/05/2018,0.0
20/05/2018,0.0
21/05/2018,0.0
22/05/2018,10.5
23/05/2018,0.5
24/05/2018,4.5
25/05/2018,0.0
26/05/2018,0.0
27/05/2018,0.0
28/05/2018,0.0
29/05/2018,0.0
30/05/2018,0.0
31/05/2018,1.5
01/06/2018,14.0
02/06/2018,0.5
03/06/2018,0.0
04/06/2018,0.0
05/06/2018,0.0
06/06/2018,0.0
07/06/2018,6.0
08/06/2018,0.0
09/06/2018,0.0
10/06/2018,0.0
11/06/2018,3.5
12/06/2018,0.0
13/06/2018,0.0
14/06/2018,0.0
15/06/2018,0.0
16/06/2018,0.4
17/06/2018,6.7
18/06/2018,1.4
19/06/2018,0.5
20/06/2018,2.0
21/06/2018,8.5
22/06/2018,0.5
23/06/2018,0.0
24/06/2018,1.1
25/06/2018,19.4
26/06/2018,0.0
27/06/2018,0.0
28/06/2018,0.5
29/06/2018,6.7
30/06/2018,0.3
01/07/2018,5.0
02/07/2018,13.0
03/07/2018,0.5
04/07/2018,0.5
05/07/2018,0.5
06/07/2018,5.0
07/07/2018,0.0
08/07/2018,0.4
09/07/2018,1.5
10/07/2018,2.1
11/07/2018,0.0
12/07/2018,0.0
13/07/2018,0.0
14/07/2018,0.0
15/07/2018,0.0
16/07/2018,0.0
17/07/2018,0.0
18/07/2018,4.5
19/07/2018,0.0
20/07/2018,2.0
21/07/2018,0.0
22/07/2018,0.0
23/07/2018,37.5
24/07/2018,48.9
25/07/2018,2.6
26/07/2018,2.5
27/07/2018,1.0
28/07/2018,21.1
29/07/2018,63.7
30/07/2018,4.6
31/07/2018,4.9
01/08/2018,4.1
02/08/2018,0.0
03/08/2018,0.0
04/08/2018,0.0
05/08/2018,0.0
06/08/2018,1.0
07/08/2018,1.0
08/08/2018,0.0
09/08/2018,1.9
10/08/2018,0.1
11/08/2018,0.0
12/08/2018,0.0
13/08/2018,0.0
14/08/2018,0.0
15/08/2018,0.0
16/08/2018,0.0
17/08/2018,0.0
18/08/2018,0.0
19/08/2018,27.0
20/08/2018,0.0
21/08/2018,2.9
22/08/2018,46.6
23/08/2018,0.5
24/08/2018,0.0
25/08/2018,0.5
26/08/2018,0.0
27/08/2018,0.0
28/08/2018,33.6
29/08/2018,0.9
30/08/2018,0.0
31/08/2018,5.5
01/09/2018,1.2
02/09/2018,6.2
03/09/2018,23.1
04/09/2018,31.0
05/09/2018,0.9
06/09/2018,39.6
07/09/2018,66.5
08/09/2018,17.0
09/09/2018,25.1
10/09/2018,1.8
11/09/2018,6.4
12/09/2018,4.7
13/09/2018,3.0
14/09/2018,14.0
15/09/2018,3.5
16/09/2018,7.0
17/09/2018,0.5
18/09/2018,14.0
19/09/2018,0.2
20/09/2018,0.3
21/09/2018,4.5
22/09/2018,7.0
23/09/2018,0.5
24/09/2018,0.0
25/09/2018,0.0
26/09/2018,0.5
27/09/2018,0.0
28/09/2018,0.5
29/09/2018,0.5
30/09/2018,0.0
01/10/2018,0.0
02/10/2018,23.0
03/10/2018,11.0
04/10/2018,0.5
05/10/2018,2.0
06/10/2018,0.4
07/10/2018,4.6
08/10/2018,27.5
09/10/2018,15.0
10/10/2018,0.5
11/10/2018,7.4
12/10/2018,13.6
13/10/2018,0.4
14/10/2018,3.7
15/10/2018,0.9
16/10/2018,0.4
17/10/2018,31.4
18/10/2018,15.7
19/10/2018,30.3
20/10/2018,0.2
21/10/2018,1.0
22/10/2018,0.0
23/10/2018,6.9
24/10/2018,6.1
25/10/2018,0.0
26/10/2018,3.5
27/10/2018,6.0
28/10/2018,0.5
29/10/2018,21.0
30/10/2018,10.0
31/10/2018,1.5
01/11/2018,1.5
02/11/2018,73.3
03/11/2018,69.1
04/11/2018,13.9
05/11/2018,37.1
06/11/2018,91.2
07/11/2018,9.5
08/11/2018,21.3
09/11/2018,9.7
10/11/2018,1.0
11/11/2018,5.0
12/11/2018,1.0
13/11/2018,0.0
14/11/2018,17.0
15/11/2018,6.0
16/11/2018,3.5
17/11/2018,0.5
18/11/2018,11.2
19/11/2018,11.3
20/11/2018,0.8
21/11/2018,0.2
22/11/2018,0.0
23/11/2018,0.0
24/11/2018,0.0
25/11/2018,13.5
26/11/2018,0.0
27/11/2018,0.0
28/11/2018,0.4
29/11/2018,18.5
30/11/2018,32.5
01/12/2018,51.9
02/12/2018,7.2
03/12/2018,34.5
04/12/2018,35.9
05/12/2018,45.4
06/12/2018,61.2
07/12/2018,2.6
08/12/2018,9.5
09/12/2018,1.8
10/12/2018,3.5
11/12/2018,14.3
12/12/2018,133.8
13/12/2018,23.4
14/12/2018,33.9
15/12/2018,101.3
16/12/2018,14.7
17/12/2018,47.2
18/12/2018,2.4
19/12/2018,1.6
20/12/2018,0.0
21/12/2018,0.0
22/12/2018,0.0
23/12/2018,0.0
24/12/2018,4.3
25/12/2018,0.2
26/12/2018,30.5
27/12/2018,0.5
28/12/2018,10.0
29/12/2018,0.0
30/12/2018,5.7
31/12/2018,0.8
01/01/2019,0.5
02/01/2019,10.7
03/01/2019,29.2
04/01/2019,1.1
05/01/2019,0.0
06/01/2019,2.1
07/01/2019,2.9
08/01/2019,6.7
09/01/2019,13.8
10/01/2019,0.8
11/01/2019,0.6
12/01/2019,10.0
13/01/2019,12.1
14/01/2019,0.0
15/01/2019,0.0
16/01/2019,7.8
17/01/2019,23.2
18/01/2019,1.4
19/01/2019,3.6
20/01/2019,0.0
21/01/2019,0.0
22/01/2019,0.0
23/01/2019,0.4
24/01/2019,0.1
25/01/2019,0.0
26/01/2019,0.0
27/01/2019,0.0
28/01/2019,0.5
29/01/2019,4.0
30/01/2019,0.5
31/01/2019,0.0
01/02/2019,0.4
02/02/2019,6.0
03/02/2019,16.2
04/02/2019,0.0
05/02/2019,0.0
06/02/2019,0.0
07/02/2019,0.0
08/02/2019,9.5
09/02/2019,0.0
10/02/2019,0.0
11/02/2019,0.0
12/02/2019,1.0
13/02/2019,39.9
14/02/2019,1.6
15/02/2019,0.0
16/02/2019,0.0
17/02/2019,0.0
18/02/2019,0.0
19/02/2019,0.0
20/02/2019,0.0
21/02/2019,0.0
22/02/2019,0.0
23/02/2019,0.0
24/02/2019,0.0
25/02/2019,0.0
26/02/2019,3.5
27/02/2019,0.0
28/02/2019,0.0
01/03/2019,0.0
02/03/2019,0.0
03/03/2019,0.0
04/03/2019,0.0
05/03/2019,0.0
06/03/2019,0.0
07/03/2019,0.0
08/03/2019,0.0
09/03/2019,0.0
10/03/2019,0.0
11/03/2019,0.0
12/03/2019,0.0
13/03/2019,0.0
14/03/2019,0.0
15/03/2019,0.0
16/03/2019,0.0
17/03/2019,0.0
18/03/2019,0.0
19/03/2019,0.0
20/03/2019,0.0
21/03/2019,0.0
22/03/2019,0.0
23/03/2019,0.0
24/03/2019,0.0
25/03/2019,0.5
26/03/2019,0.3
27/03/2019,1.2
28/03/2019,0.0
29/03/2019,0.0
30/03/2019,0.0
31/03/2019,60.5
01/04/2019,10.5
02/04/2019,3.0
03/04/2019,0.5
04/04/2019,0.0
05/04/2019,0.0
06/04/2019,0.0
07/04/2019,0.0
08/04/2019,0.0
09/04/2019,0.0
10/04/2019,0.0
11/04/2019,57.0
12/04/2019,22.8
13/04/2019,11.7
14/04/2019,10.0
15/04/2019,0.0
16/04/2019,0.5
17/04/2019,0.0
18/04/2019,0.0
19/04/2019,0.0
20/04/2019,0.0
21/04/2019,0.0
22/04/2019,0.0
23/04/2019,24.0
24/04/2019,0.0
25/04/2019,0.0
26/04/2019,0.0
27/04/2019,44.0
28/04/2019,4.5
29/04/2019,0.0
30/04/2019,0.0
01/05/2019,0.0
02/05/2019,0.0
03/05/2019,0.0
04/05/2019,1.5
05/05/2019,0.0
06/05/2019,0.0
07/05/2019,0.0
08/05/2019,9.3
09/05/2019,2.7
10/05/2019,0.5
11/05/2019,1.0
12/05/2019,12.0
13/05/2019,23.0
14/05/2019,1.5
15/05/2019,26.3
16/05/2019,2.2
17/05/2019,0.0
18/05/2019,0.0
19/05/2019,2.5
20/05/2019,0.5
21/05/2019,0.0
22/05/2019,8.5
23/05/2019,0.5
24/05/2019,0.0
25/05/2019,0.0
26/05/2019,0.0
27/05/2019,0.5
28/05/2019,49.5
29/05/2019,2.0
30/05/2019,2.0
31/05/2019,11.0
01/06/2019,0.5
02/06/2019,0.5
03/06/2019,9.0
04/06/2019,0.0
05/06/2019,49.5
06/06/2019,41.3
07/06/2019,0.7
08/06/2019,5.5
09/06/2019,14.0
10/06/2019,0.0
11/06/2019,3.5
12/06/2019,38.0
13/06/2019,0.5
14/06/2019,0.5
15/06/2019,9.5
16/06/2019,31.0
17/06/2019,3.8
18/06/2019,31.7
19/06/2019,0.9
20/06/2019,0.0
21/06/2019,2.2
22/06/2019,8.7
23/06/2019,16.9
24/06/2019,0.1
25/06/2019,31.9
26/06/2019,51.6
27/06/2019,0.0
28/06/2019,0.0
29/06/2019,0.5
30/06/2019,32.0
01/07/2019,0.0
02/07/2019,0.0
03/07/2019,0.0
04/07/2019,0.0
05/07/2019,2.3
06/07/2019,26.7
07/07/2019,0.0
08/07/2019,1.0
09/07/2019,0.0
10/07/2019,0.0
11/07/2019,0.0
12/07/2019,0.0
13/07/2019,4.5
14/07/2019,42.0
15/07/2019,0.0
16/07/2019,1.5
17/07/2019,0.0
18/07/2019,0.4
19/07/2019,28.6
20/07/2019,11.5
21/07/2019,0.0
22/07/2019,0.0
23/07/2019,2.5
24/07/2019,30.8
25/07/2019,0.7
26/07/2019,0.0
27/07/2019,0.0
28/07/2019,0.0
29/07/2019,0.0
30/07/2019,22.9
31/07/2019,1.6
01/08/2019,0.0
02/08/2019,0.0
03/08/2019,0.0
04/08/2019,0.0
05/08/2019,0.0
06/08/2019,0.0
07/08/2019,0.0
08/08/2019,0.0
09/08/2019,0.4
10/08/2019,1.1
11/08/2019,0.5
12/08/2019,2.4
13/08/2019,6.6
14/08/2019,0.0
15/08/2019,0.5
16/08/2019,0.0
17/08/2019,24.0
18/08/2019,0.5
19/08/2019,0.0
20/08/2019,0.4
21/08/2019,12.6
22/08/2019,0.4
23/08/2019,9.6
24/08/2019,36.5
25/08/2019,4.5
26/08/2019,0.5
27/08/2019,0.5
28/08/2019,0.0
29/08/2019,28.1
30/08/2019,3.9
31/08/2019,0.0
01/09/2019,2.5
02/09/2019,2.5
03/09/2019,2.5
04/09/2019,8.5
05/09/2019,1.0
06/09/2019,0.0
07/09/2019,0.0
08/09/2019,0.0
09/09/2019,1.5
10/09/2019,8.5
11/09/2019,0.0
12/09/2019,0.0
13/09/2019,79.0
14/09/2019,3.0
15/09/2019,0.0
16/09/2019,10.0
17/09/2019,1.5
18/09/2019,0.0
19/09/2019,0.0
20/09/2019,0.5
21/09/2019,0.2
22/09/2019,0.3
23/09/2019,0.0
24/09/2019,15.0
25/09/2019,3.0
26/09/2019,2.0
27/09/2019,0.0
28/09/2019,0.0
29/09/2019,0.0
30/09/2019,0.0
01/10/2019,0.0
02/10/2019,0.5
03/10/2019,0.5
04/10/2019,21.0
05/10/2019,2.0
06/10/2019,25.0
07/10/2019,1.5
08/10/2019,3.8
09/10/2019,21.7
10/10/2019,1.0
11/10/2019,0.0
12/10/2019,0.0
13/10/2019,0.0
14/10/2019,0.4
15/10/2019,14.6
16/10/2019,0.4
17/10/2019,6.6
18/10/2019,31.0
19/10/2019,3.0
20/10/2019,0.0
21/10/2019,0.5
22/10/2019,5.5
23/10/2019,16.5
24/10/2019,20.0
25/10/2019,0.0
26/10/2019,5.0
27/10/2019,1.0
28/10/2019,0.5
29/10/2019,2.0
30/10/2019,0.5
31/10/2019,82.7
01/11/2019,0.3
02/11/2019,2.0
03/11/2019,29.0
04/11/2019,81.0
05/11/2019,43.0
06/11/2019,6.2
07/11/2019,2.3
08/11/2019,18.5
09/11/2019,3.5
10/11/2019,32.0
11/11/2019,5.5
12/11/2019,13.5
13/11/2019,10.0
14/11/2019,0.9
15/11/2019,10.6
16/11/2019,0.5
17/11/2019,0.0
18/11/2019,0.0
19/11/2019,4.8
20/11/2019,16.6
21/11/2019,10.8
22/11/2019,26.8
23/11/2019,0.5
24/11/2019,1.0
25/11/2019,29.5
26/11/2019,2.0
27/11/2019,160.4
28/11/2019,144.1
29/11/2019,414.0
30/11/2019,82.5
01/12/2019,331.8
02/12/2019,71.2
03/12/2019,2.5
04/12/2019,2.6
05/12/2019,0.4
06/12/2019,4.1
07/12/2019,16.0
08/12/2019,24.6
09/12/2019,2.5
10/12/2019,3.7
11/12/2019,0.7
12/12/2019,3.5
13/12/2019,6.8
14/12/2019,27.5
15/12/2019,12.2
16/12/2019,41.5
17/12/2019,33.8
18/12/2019,184.8
19/12/2019,1.6
20/12/2019,2.9
21/12/2019,0.5
22/12/2019,0.0
23/12/2019,0.0
24/12/2019,0.0
25/12/2019,0.0
26/12/2019,0.0
27/12/2019,0.0
28/12/2019,0.0
29/12/2019,0.0
30/12/2019,1.0
31/12/2019,0.0
01/01/2020,5.7
02/01/2020,7.3
03/01/2020,10.7
04/01/2020,1.2
05/01/2020,1.0
06/01/2020,0.0
07/01/2020,0.6
08/01/2020,3.3
09/01/2020,0.6
10/01/2020,0.0
11/01/2020,0.0
12/01/2020,0.0
13/01/2020,0.0
14/01/2020,0.0
15/01/2020,0.0
16/01/2020,0.0
17/01/2020,11.5
18/01/2020,8.2
19/01/2020,13.1
20/01/2020,4.9
21/01/2020,3.8
22/01/2020,2.3
23/01/2020,5.2
24/01/2020,0.0
25/01/2020,0.0
26/01/2020,0.0
27/01/2020,0.0
28/01/2020,0.0
29/01/2020,0.0
30/01/2020,0.4
31/01/2020,3.7
01/02/2020,3.4
02/02/2020,0.1
03/02/2020,0.0
04/02/2020,0.0
05/02/2020,0.0
06/02/2020,0.0
07/02/2020,0.0
08/02/2020,0.5
09/02/2020,16.7
10/02/2020,89.7
11/02/2020,30.3
12/02/2020,49.5
13/02/2020,0.3
14/02/2020,0.0
15/02/2020,0.0
16/02/2020,0.0
17/02/2020,17.0
18/02/2020,10.0
19/02/2020,0.0
20/02/2020,0.4
21/02/2020,3.2
22/02/2020,9.8
23/02/2020,23.3
24/02/2020,0.3
25/02/2020,0.0
26/02/2020,0.0
27/02/2020,0.0
28/02/2020,0.0
29/02/2020,0.0
01/03/2020,0.0
02/03/2020,0.0
03/03/2020,0.0
04/03/2020,0.0
05/03/2020,0.0
06/03/2020,0.0
07/03/2020,0.0
08/03/2020,0.0
09/03/2020,0.0
10/03/2020,0.0
11/03/2020,0.0
12/03/2020,0.0
13/03/2020,0.0
14/03/2020,0.5
15/03/2020,0.0
16/03/2020,0.0
17/03/2020,0.0
18/03/2020,0.0
19/03/2020,0.0
20/03/2020,0.0
21/03/2020,0.0
22/03/2020,0.0
23/03/2020,3.5
24/03/2020,0.0
25/03/2020,0.0
26/03/2020,0.0
27/03/2020,0.0
28/03/2020,0.0
29/03/2020,0.0
30/03/2020,0.0
31/03/2020,0.0
01/04/2020,0.0
02/04/2020,12.0
03/04/2020,0.0
04/04/2020,0.4
05/04/2020,14.1
06/04/2020,0.0
07/04/2020,0.0
08/04/2020,0.0
09/04/2020,0.0
10/04/2020,0.0
11/04/2020,0.0
12/04/2020,0.0
13/04/2020,0.0
14/04/2020,0.0
15/04/2020,0.0
16/04/2020,0.0
17/04/2020,0.0
18/04/2020,0.0
19/04/2020,0.0
20/04/2020,0.5
21/04/2020,0.0
22/04/2020,9.8
23/04/2020,4.2
24/04/2020,0.0
25/04/2020,17.9
26/04/2020,8.1
27/04/2020,5.5
28/04/2020,2.0
29/04/2020,0.9
30/04/2020,5.9
01/05/2020,5.2
02/05/2020,0.0
03/05/2020,0.0
04/05/2020,0.0
05/05/2020,0.0
06/05/2020,0.0
07/05/2020,1.5
08/05/2020,1.0
09/05/2020,8.5
10/05/2020,0.5
11/05/2020,1.0
12/05/2020,2.5
13/05/2020,0.0
14/05/2020,1.0
15/05/2020,11.5
16/05/2020,0.0
17/05/2020,9.3
18/05/2020,0.7
19/05/2020,0.0
20/05/2020,45.0
21/05/2020,0.5
22/05/2020,0.0
23/05/2020,14.0
24/05/2020,0.5
25/05/2020,0.0
26/05/2020,0.0
27/05/2020,0.0
28/05/2020,0.0
29/05/2020,19.2
30/05/2020,0.3
31/05/2020,2.9
01/06/2020,52.1
02/06/2020,9.5
03/06/2020,0.5
04/06/2020,0.5
05/06/2020,0.8
06/06/2020,32.0
07/06/2020,62.2
08/06/2020,5.5
09/06/2020,6.4
10/06/2020,41.1
11/06/2020,0.0
12/06/2020,10.5
13/06/2020,0.0
14/06/2020,0.0
15/06/2020,0.0
16/06/2020,8.0
17/06/2020,0.3
18/06/2020,1.7
19/06/2020,4.0
20/06/2020,0.5
21/06/2020,0.0
22/06/2020,2.0
23/06/2020,0.0
24/06/2020,4.5
25/06/2020,9.5
26/06/2020,5.0
27/06/2020,0.0
28/06/2020,0.0
29/06/2020,0.0
30/06/2020,2.3
01/07/2020,41.7
02/07/2020,0.0
03/07/2020,38.5
04/07/2020,0.5
05/07/2020,0.0
06/07/2020,0.5
07/07/2020,4.0
08/07/2020,2.5
09/07/2020,15.2
10/07/2020,2.8
11/07/2020,3.5
12/07/2020,51.2
13/07/2020,316.3
14/07/2020,3.0
15/07/2020,0.0
16/07/2020,0.0
17/07/2020,0.9
18/07/2020,2.1
19/07/2020,9.5
20/07/2020,42.5
21/07/2020,1.0
22/07/2020,0.5
23/07/2020,4.5
24/07/2020,14.5
25/07/2020,1.0
26/07/2020,45.5
27/07/2020,0.0
28/07/2020,2.5
29/07/2020,7.9
30/07/2020,27.1
31/07/2020,3.5
01/08/2020,13.5
02/08/2020,0.5
03/08/2020,0.0
04/08/2020,0.2
05/08/2020,4.8
06/08/2020,0.0
07/08/2020,10.8
08/08/2020,0.2
09/08/2020,0.0
10/08/2020,7.4
11/08/2020,12.1
12/08/2020,0.5
13/08/2020,4.5
14/08/2020,0.0
15/08/2020,0.0
16/08/2020,0.0
17/08/2020,0.4
18/08/2020,11.1
19/08/2020,0.5
20/08/2020,1.0
21/08/2020,14.5
22/08/2020,0.5
23/08/2020,0.0
24/08/2020,18.5
25/08/2020,0.5
26/08/2020,0.0
27/08/2020,19.0
28/08/2020,1.5
29/08/2020,11.0
30/08/2020,2.5
31/08/2020,0.5
01/09/2020,0.0
02/09/2020,0.0
03/09/2020,0.0
04/09/2020,0.0
05/09/2020,17.0
06/09/2020,1.5
07/09/2020,0.0
08/09/2020,0.0
09/09/2020,0.0
10/09/2020,0.0
11/09/2020,0.0
12/09/2020,0.0
13/09/2020,0.0
14/09/2020,0.0
15/09/2020,0.0
16/09/2020,0.0
17/09/2020,0.0
18/09/2020,0.0
19/09/2020,0.0
20/09/2020,0.0
21/09/2020,0.0
22/09/2020,0.0
23/09/2020,0.0
24/09/2020,0.0
25/09/2020,0.0
26/09/2020,0.0
27/09/2020,0.0
28/09/2020,0.0
29/09/2020,0.0
30/09/2020,0.0
01/10/2020,0.0
02/10/2020,0.0
03/10/2020,0.0
04/10/2020,6.5
05/10/2020,31.5
06/10/2020,16.0
07/10/2020,11.0
08/10/2020,0.5
11/10/2020,0.5
12/10/2020,7.5
13/10/2020,6.5
14/10/2020,0.0
15/10/2020,0.0
16/10/2020,0.0
17/10/2020,68.0
18/10/2020,38.0
19/10/2020,0.0
20/10/2020,0.0
21/10/2020,22.0
22/10/2020,9.5
23/10/2020,10.0
24/10/2020,1.4
25/10/2020,54.3
26/10/2020,1.8
27/10/2020,7.0
28/10/2020,0.0
29/10/2020,0.0
30/10/2020,0.0
31/10/2020,0.0
01/11/2020,7.9
02/11/2020,4.1
03/11/2020,7.2
04/11/2020,19.3
05/11/2020,4.5
06/11/2020,6.9
07/11/2020,34.0
08/11/2020,1.0
09/11/2020,6.1
10/11/2020,0.0
11/11/2020,0.4
12/11/2020,29.1
13/11/2020,7.0
14/11/2020,0.0
15/11/2020,0.5
16/11/2020,0.4
17/11/2020,105.1
18/11/2020,38.0
19/11/2020,1.5
20/11/2020,0.4
21/11/2020,6.1
22/11/2020,3.4
23/11/2020,64.6
24/11/2020,91.4
25/11/2020,19.9
26/11/2020,10.6
27/11/2020,65.6
28/11/2020,23.4
29/11/2020,0.0
30/11/2020,18.1
01/12/2020,4.1
02/12/2020,6.5
03/12/2020,106.9
04/12/2020,41.9
05/12/2020,0.4
06/12/2020,26.1
07/12/2020,0.0
08/12/2020,3.0
09/12/2020,0.0
10/12/2020,0.0
11/12/2020,0.5
12/12/2020,13.0
13/12/2020,1.0
14/12/2020,1.0
15/12/2020,0.9
16/12/2020,73.3
17/12/2020,178.2
18/12/2020,144.1
19/12/2020,63.6
20/12/2020,16.0
21/12/2020,1.2
22/12/2020,0.0
23/12/2020,0.0
24/12/2020,0.0
25/12/2020,1.5
26/12/2020,19.0
27/12/2020,34.0
28/12/2020,0.0
29/12/2020,0.0
30/12/2020,0.0
31/12/2020,7.7
01/01/2021,18.4
02/01/2021,47.3
03/01/2021,54.8
04/01/2021,99.3
05/01/2021,63.1
06/01/2021,116.1
07/01/2021,14.0
08/01/2021,8.1
09/01/2021,13.5
10/01/2021,3.8
11/01/2021,1.7
12/01/2021,3.8
13/01/2021,0.0
14/01/2021,0.0
15/01/2021,0.0
16/01/2021,2.0
17/01/2021,0.0
18/01/2021,0.0
19/01/2021,0.0
20/01/2021,0.0
21/01/2021,0.0
22/01/2021,0.0
23/01/2021,0.0
24/01/2021,0.5
25/01/2021,0.0
26/01/2021,0.4
27/01/2021,1.8
28/01/2021,3.9
29/01/2021,0.0
30/01/2021,0.0
31/01/2021,3.3
01/02/2021,2.2
02/02/2021,0.0
03/02/2021,2.0
04/02/2021,0.0
05/02/2021,2.5
06/02/2021,0.5
07/02/2021,0.0
08/02/2021,0.0
09/02/2021,0.0
10/02/2021,0.0
11/02/2021,0.0
12/02/2021,0.0
13/02/2021,0.0
14/02/2021,0.0
15/02/2021,0.0
16/02/2021,0.2
17/02/2021,0.8
18/02/2021,0.0
19/02/2021,0.5
20/02/2021,0.0
21/02/2021,0.0
22/02/2021,0.0
23/02/2021,0.0
24/02/2021,0.0
25/02/2021,0.0
26/02/2021,0.0
27/02/2021,0.0
28/02/2021,0.0
01/03/2021,0.0
02/03/2021,0.0
03/03/2021,0.4
04/03/2021,2.6
05/03/2021,0.0
06/03/2021,32.0
07/03/2021,0.0
08/03/2021,0.0
09/03/2021,0.0
10/03/2021,0.0
11/03/2021,0.0
12/03/2021,0.0
13/03/2021,0.0
14/03/2021,0.0
15/03/2021,0.0
16/03/2021,0.0
17/03/2021,0.0
18/03/2021,0.0
19/03/2021,0.0
20/03/2021,0.0
21/03/2021,0.0
22/03/2021,5.4
23/03/2021,45.8
24/03/2021,66.2
25/03/2021,5.1
26/03/2021,12.0
27/03/2021,8.5
28/03/2021,20.0
29/03/2021,7.0
30/03/2021,0.5
31/03/2021,17.0
01/04/2021,5.5
02/04/2021,4.7
03/04/2021,0.3
04/04/2021,0.5
05/04/2021,1.9
06/04/2021,0.6
07/04/2021,0.0
08/04/2021,0.0
09/04/2021,0.0
10/04/2021,0.0
11/04/2021,0.5
12/04/2021,0.0
13/04/2021,28.0
14/04/2021,0.0
15/04/2021,0.0
16/04/2021,0.0
17/04/2021,0.0
18/04/2021,0.0
19/04/2021,1.0
20/04/2021,2.5
21/04/2021,0.0
22/04/2021,1.0
23/04/2021,0.9
24/04/2021,16.6
25/04/2021,2.0
26/04/2021,0.0
27/04/2021,24.5
28/04/2021,0.0
29/04/2021,16.5
30/04/2021,25.5
01/05/2021,9.5
02/05/2021,0.0
03/05/2021,1.0
04/05/2021,0.5
05/05/2021,2.0
06/05/2021,29.5
07/05/2021,0.0
08/05/2021,0.0
09/05/2021,0.0
10/05/2021,0.0
11/05/2021,0.0
12/05/2021,6.0
13/05/2021,0.0
14/05/2021,0.0
15/05/2021,0.0
16/05/2021,0.0
17/05/2021,1.9
18/05/2021,31.2
19/05/2021,19.7
20/05/2021,0.2
21/05/2021,86.0
22/05/2021,0.0
23/05/2021,0.5
24/05/2021,0.0
25/05/2021,1.5
26/05/2021,9.0
27/05/2021,32.4
28/05/2021,0.1
29/05/2021,0.0
30/05/2021,0.5
31/05/2021,0.0
01/06/2021,2.5
02/06/2021,0.0
03/06/2021,6.5
04/06/2021,0.5
05/06/2021,34.0
06/06/2021,1.5
07/06/2021,0.0
08/06/2021,0.0
09/06/2021,0.0
10/06/2021,14.5
11/06/2021,0.5
12/06/2021,0.0
13/06/2021,61.8
14/06/2021,27.2
15/06/2021,13.0
16/06/2021,3.0
17/06/2021,18.5
18/06/2021,0.0
19/06/2021,22.0
20/06/2021,0.5
21/06/2021,5.5
22/06/2021,0.0
23/06/2021,2.5
24/06/2021,0.5
25/06/2021,22.7
26/06/2021,37.9
27/06/2021,1.5
28/06/2021,37.5
29/06/2021,0.0
30/06/2021,0.3
01/07/2021,6.7
02/07/2021,0.0
03/07/2021,59.7
04/07/2021,0.8
05/07/2021,12.0
06/07/2021,27.0
07/07/2021,0.0
08/07/2021,9.0
09/07/2021,12.3
10/07/2021,3.2
11/07/2021,13.5
12/07/2021,0.5
13/07/2021,4.6
14/07/2021,0.4
15/07/2021,0.0
16/07/2021,0.0
17/07/2021,0.0
18/07/2021,0.0
19/07/2021,0.0
20/07/2021,0.0
21/07/2021,0.0
22/07/2021,0.0
23/07/2021,0.0
24/07/2021,0.0
25/07/2021,0.0
26/07/2021,0.0
27/07/2021,0.0
28/07/2021,5.2
29/07/2021,4.3
30/07/2021,1.6
31/07/2021,1.4
01/08/2021,0.0
02/08/2021,1.0
03/08/2021,1.5
04/08/2021,0.0
05/08/2021,8.0
06/08/2021,0.0
07/08/2021,0.0
08/08/2021,0.5
09/08/2021,6.5
10/08/2021,0.4
11/08/2021,20.1
12/08/2021,0.5
13/08/2021,0.0
14/08/2021,0.0
15/08/2021,13.0
16/08/2021,0.0
17/08/2021,1.0
18/08/2021,0.0
19/08/2021,4.0
20/08/2021,71.5
21/08/2021,19.0
22/08/2021,5.5
23/08/2021,9.4
24/08/2021,2.1
25/08/2021,24.5
26/08/2021,0.0
27/08/2021,15.5
28/08/2021,0.3
29/08/2021,0.7
30/08/2021,0.0
31/08/2021,53.5
01/09/2021,14.6
02/09/2021,11.5
03/09/2021,0.4
04/09/2021,0.0
05/09/2021,0.0
06/09/2021,0.0
07/09/2021,22.0
08/09/2021,3.5
09/09/2021,0.5
10/09/2021,0.0
11/09/2021,17.5
12/09/2021,1.5
13/09/2021,0.0
14/09/2021,0.0
15/09/2021,0.0
16/09/2021,0.0
17/09/2021,0.0
18/09/2021,1.5
19/09/2021,12.2
20/09/2021,0.8
21/09/2021,0.2
22/09/2021,19.3
23/09/2021,0.5
24/09/2021,0.0
25/09/2021,0.0
26/09/2021,0.5
27/09/2021,16.0
28/09/2021,1.0
29/09/2021,13.0
30/09/2021,5.7
01/10/2021,0.3
02/10/2021,0.0
03/10/2021,0.0
04/10/2021,1.7
05/10/2021,0.3
06/10/2021,0.0
07/10/2021,0.0
08/10/2021,0.0
09/10/2021,0.0
10/10/2021,0.0
11/10/2021,0.0
12/10/2021,0.0
13/10/2021,0.0
14/10/2021,0.0
15/10/2021,31.5
16/10/2021,1.0
17/10/2021,0.0
18/10/2021,0.0
19/10/2021,5.3
20/10/2021,0.6
21/10/2021,1.1
22/10/2021,0.0
23/10/2021,0.5
24/10/2021,1.5
25/10/2021,0.0
26/10/2021,0.0
27/10/2021,61.8
28/10/2021,5.0
29/10/2021,3.3
30/10/2021,0.5
31/10/2021,0.0
01/11/2021,0.4
02/11/2021,5.6
03/11/2021,14.1
04/11/2021,0.0
05/11/2021,0.0
06/11/2021,4.5
07/11/2021,0.0
08/11/2021,8.2
09/11/2021,7.6
10/11/2021,36.3
11/11/2021,6.3
12/11/2021,4.3
13/11/2021,65.9
14/11/2021,2.8
15/11/2021,23.1
16/11/2021,0.0
17/11/2021,0.7
18/11/2021,5.8
19/11/2021,0.5
20/11/2021,0.0
21/11/2021,0.5
22/11/2021,2.0
23/11/2021,8.9
24/11/2021,4.4
25/11/2021,3.3
26/11/2021,12.5
27/11/2021,9.3
28/11/2021,43.2
29/11/2021,0.2
30/11/2021,0.5
01/12/2021,6.1
02/12/2021,49.4
03/12/2021,111.5
04/12/2021,4.4
05/12/2021,0.1
06/12/2021,0.0
07/12/2021,0.4
08/12/2021,1.1
09/12/2021,0.5
10/12/2021,9.4
11/12/2021,7.1
12/12/2021,0.0
13/12/2021,17.5
14/12/2021,5.4
15/12/2021,26.0
16/12/2021,145.8
17/12/2021,107.0
18/12/2021,29.8
19/12/2021,8.5
20/12/2021,0.0
21/12/2021,0.5
22/12/2021,19.5
23/12/2021,2.0
24/12/2021,0.5
25/12/2021,0.0
26/12/2021,0.0
27/12/2021,0.0
28/12/2021,0.4
29/12/2021,10.2
30/12/2021,94.1
31/12/2021,27.0
01/01/2022,23.6
02/01/2022,41.3
03/01/2022,26.0
04/01/2022,19.5
05/01/2022,1.0
06/01/2022,0.0
07/01/2022,5.7
08/01/2022,1.3
09/01/2022,0.0
10/01/2022,0.0
11/01/2022,0.0
12/01/2022,0.0
13/01/2022,0.0
14/01/2022,0.0
15/01/2022,0.0
16/01/2022,1.9
17/01/2022,27.6
18/01/2022,0.0
19/01/2022,0.0
20/01/2022,0.0
21/01/2022,0.0
22/01/2022,0.0
23/01/2022,0.0
24/01/2022,0.0
25/01/2022,0.0
26/01/2022,0.0
27/01/2022,0.0
28/01/2022,0.0
29/01/2022,0.0
30/01/2022,0.0
31/01/2022,0.0
01/02/2022,0.0
02/02/2022,0.4
03/02/2022,3.4
04/02/2022,7.6
05/02/2022,16.5
06/02/2022,15.8
07/02/2022,35.5
08/02/2022,125.4
09/02/2022,1.8
10/02/2022,4.9
11/02/2022,15.0
12/02/2022,27.5
13/02/2022,7.9
14/02/2022,18.6
15/02/2022,83.6
16/02/2022,4.1
17/02/2022,6.0
18/02/2022,0.5
19/02/2022,0.0
20/02/2022,0.0
21/02/2022,0.0
22/02/2022,0.4
23/02/2022,36.8
24/02/2022,70.0
25/02/2022,263.7
26/02/2022,126.4
27/02/2022,193.1
28/02/2022,61.1
01/03/2022,14.0
02/03/2022,0.0
03/03/2022,4.8
04/03/2022,8.2
05/03/2022,9.5
06/03/2022,0.0
07/03/2022,0.4
08/03/2022,2.0
09/03/2022,2.6
10/03/2022,0.0
11/03/2022,0.0
12/03/2022,0.0
13/03/2022,13.2
14/03/2022,0.8
15/03/2022,0.0
16/03/2022,2.5
17/03/2022,4.5
18/03/2022,1.5
19/03/2022,9.5
20/03/2022,13.5
21/03/2022,16.5
22/03/2022,3.0
23/03/2022,9.9
24/03/2022,3.0
25/03/2022,0.6
26/03/2022,0.0
27/03/2022,0.0
28/03/2022,0.0
29/03/2022,0.0
30/03/2022,0.0
31/03/2022,0.5
01/04/2022,0.5
02/04/2022,20.0
03/04/2022,0.5
04/04/2022,47.3
05/04/2022,14.2
06/04/2022,3.0
07/04/2022,2.5
08/04/2022,0.0
09/04/2022,0.0
10/04/2022,0.5
11/04/2022,0.0
12/04/2022,0.0
13/04/2022,0.0
14/04/2022,0.0
15/04/2022,0.5
16/04/2022,4.0
17/04/2022,0.0
18/04/2022,0.0
19/04/2022,0.0
20/04/2022,0.5
21/04/2022,0.5
22/04/2022,0.0
23/04/2022,0.5
24/04/2022,11.0
25/04/2022,8.5
26/04/2022,0.0
27/04/2022,0.0
28/04/2022,0.0
29/04/2022,0.0
30/04/2022,0.0
01/05/2022,13.6
02/05/2022,0.4
03/05/2022,0.4
04/05/2022,10.6
05/05/2022,2.5
06/05/2022,0.0
07/05/2022,0.0
08/05/2022,3.8
09/05/2022,1.7
10/05/2022,6.0
11/05/2022,51.0
12/05/2022,6.0
13/05/2022,0.0
14/05/2022,0.0
15/05/2022,0.0
16/05/2022,1.5
17/05/2022,0.0
18/05/2022,4.3
19/05/2022,3.2
20/05/2022,0.5
21/05/2022,0.0
22/05/2022,0.0
23/05/2022,0.0
24/05/2022,0.0
25/05/2022,0.0
26/05/2022,0.0
27/05/2022,0.0
28/05/2022,0.0
29/05/2022,5.0
30/05/2022,0.0
31/05/2022,0.4
01/06/2022,4.1
02/06/2022,93.0
03/06/2022,5.5
04/06/2022,0.0
05/06/2022,0.0
06/06/2022,6.5
07/06/2022,6.5
08/06/2022,0.0
09/06/2022,0.0
10/06/2022,0.0
11/06/2022,39.0
12/06/2022,0.0
13/06/2022,0.0
14/06/2022,0.0
15/06/2022,0.0
16/06/2022,0.5
17/06/2022,3.5
18/06/2022,12.0
19/06/2022,0.0
20/06/2022,0.4
21/06/2022,20.6
22/06/2022,0.0
23/06/2022,0.9
24/06/2022,12.9
25/06/2022,0.3
26/06/2022,0.5
27/06/2022,0.0
28/06/2022,0.0
29/06/2022,11.5
30/06/2022,0.0
01/07/2022,0.0
02/07/2022,0.0
03/07/2022,23.5
04/07/2022,28.8
05/07/2022,1.1
06/07/2022,7.1
07/07/2022,0.0
08/07/2022,0.0
09/07/2022,2.6
10/07/2022,0.9
11/07/2022,27.8
12/07/2022,1.7
13/07/2022,0.0
14/07/2022,9.5
15/07/2022,0.0
16/07/2022,0.0
17/07/2022,0.0
18/07/2022,0.0
19/07/2022,0.0
20/07/2022,0.4
21/07/2022,0.1
22/07/2022,0.0
23/07/2022,0.0
24/07/2022,0.0
25/07/2022,13.5
26/07/2022,1.5
27/07/2022,33.0
28/07/2022,8.0
29/07/2022,0.0
30/07/2022,19.0
31/07/2022,3.0
01/08/2022,7.0
02/08/2022,37.5
03/08/2022,0.0
04/08/2022,0.0
05/08/2022,22.6
06/08/2022,0.4
07/08/2022,0.0
08/08/2022,0.0
09/08/2022,0.5
10/08/2022,0.0
11/08/2022,0.0
12/08/2022,0.5
13/08/2022,18.1
14/08/2022,0.4
15/08/2022,14.3
16/08/2022,24.2
17/08/2022,0.4
18/08/2022,9.6
19/08/2022,1.5
20/08/2022,2.5
21/08/2022,0.5
22/08/2022,38.7
23/08/2022,49.8
24/08/2022,0.0
25/08/2022,34.0
26/08/2022,0.0
27/08/2022,16.5
28/08/2022,0.5
29/08/2022,6.5
30/08/2022,0.0
31/08/2022,0.4
01/09/2022,1.6
02/09/2022,0.0
03/09/2022,0.3
04/09/2022,0.5
05/09/2022,1.7
06/09/2022,1.4
07/09/2022,10.2
08/09/2022,0.8
09/09/2022,2.0
10/09/2022,5.6
11/09/2022,2.2
12/09/2022,0.3
13/09/2022,0.0
14/09/2022,13.5
15/09/2022,42.0
16/09/2022,0.1
17/09/2022,0.0
18/09/2022,0.5
19/09/2022,0.0
20/09/2022,32.5
21/09/2022,8.0
22/09/2022,1.7
23/09/2022,5.8
24/09/2022,0.9
25/09/2022,20.1
26/09/2022,53.7
27/09/2022,0.8
28/09/2022,18.1
29/09/2022,11.5
30/09/2022,5.5
01/10/2022,1.3
02/10/2022,0.4
03/10/2022,90.2
04/10/2022,11.9
05/10/2022,30.0
06/10/2022,22.2
07/10/2022,4.3
08/10/2022,2.6
09/10/2022,2.8
10/10/2022,3.7
11/10/2022,0.3
12/10/2022,3.1
13/10/2022,3.5
14/10/2022,1.5
15/10/2022,0.0
16/10/2022,0.0
17/10/2022,2.5
18/10/2022,8.0
19/10/2022,2.2
20/10/2022,8.3
21/10/2022,0.4
22/10/2022,45.4
23/10/2022,1.5
24/10/2022,4.5
25/10/2022,2.5
26/10/2022,2.1
27/10/2022,0.0
28/10/2022,19.2
29/10/2022,6.8
30/10/2022,3.0
31/10/2022,10.0
01/11/2022,7.3
02/11/2022,21.6
03/11/2022,8.6
04/11/2022,22.7
05/11/2022,0.8
06/11/2022,31.6
07/11/2022,4.4
08/11/2022,0.8
09/11/2022,5.0
10/11/2022,82.8
11/11/2022,38.7
12/11/2022,7.7
13/11/2022,21.0
14/11/2022,0.0
15/11/2022,3.0
16/11/2022,0.5
17/11/2022,0.0
18/11/2022,32.0
19/11/2022,2.0
20/11/2022,13.0
21/11/2022,20.0
22/11/2022,11.5
23/11/2022,1.3
24/11/2022,0.2
25/11/2022,0.0
26/11/2022,0.0
27/11/2022,0.5
28/11/2022,0.0
29/11/2022,0.0
30/11/2022,0.5
01/12/2022,35.1
02/12/2022,21.3
03/12/2022,22.6
04/12/2022,0.0
05/12/2022,0.0
06/12/2022,0.4
07/12/2022,10.0
08/12/2022,74.6
09/12/2022,104.2
10/12/2022,31.6
11/12/2022,41.6
12/12/2022,8.6
13/12/2022,12.4
14/12/2022,7.1
15/12/2022,3.5
16/12/2022,1.4
17/12/2022,51.2
18/12/2022,647.5
19/12/2022,318.9
20/12/2022,50.4
21/12/2022,33.6
22/12/2022,1.5
23/12/2022,0.3
24/12/2022,0.2
25/12/2022,1.5
26/12/2022,0.0
27/12/2022,0.0
28/12/2022,0.0
29/12/2022,0.0
30/12/2022,0.0
31/12/2022,0.0
01/01/2023,0.0
02/01/2023,0.4
03/01/2023,14.1
04/01/2023,7.0
05/01/2023,1.4
06/01/2023,23.4
07/01/2023,60.9
08/01/2023,22.9
09/01/2023,0.0
10/01/2023,0.0
11/01/2023,20.5
12/01/2023,2.0
13/01/2023,0.9
14/01/2023,0.1
15/01/2023,0.0
16/01/2023,0.0
17/01/2023,0.3
18/01/2023,0.2
19/01/2023,14.1
20/01/2023,40.8
21/01/2023,18.3
22/01/2023,11.4
23/01/2023,8.1
24/01/2023,1.4
25/01/2023,0.0
26/01/2023,5.5
27/01/2023,30.7
28/01/2023,36.9
29/01/2023,3.9
30/01/2023,8.8
31/01/2023,0.6
01/02/2023,3.5
02/02/2023,20.3
03/02/2023,67.9
04/02/2023,8.4
05/02/2023,8.9
06/02/2023,28.9
07/02/2023,8.1
08/02/2023,4.0
09/02/2023,0.0
10/02/2023,0.0
11/02/2023,0.0
12/02/2023,0.0
13/02/2023,0.0
14/02/2023,0.0
15/02/2023,0.2
16/02/2023,6.1
17/02/2023,5.2
18/02/2023,0.5
19/02/2023,0.0
20/02/2023,0.0
21/02/2023,0.0
22/02/2023,0.0
23/02/2023,0.0
24/02/2023,0.0
25/02/2023,4.0
26/02/2023,0.3
27/02/2023,5.4
28/02/2023,12.4
01/03/2023,9.4
02/03/2023,6.9
03/03/2023,9.3
04/03/2023,0.2
05/03/2023,0.5
06/03/2023,0.0
07/03/2023,0.0
08/03/2023,0.0
09/03/2023,0.4
10/03/2023,8.1
11/03/2023,0.0
12/03/2023,0.0
13/03/2023,0.0
14/03/2023,0.0
15/03/2023,0.0
16/03/2023,0.5
17/03/2023,0.5
18/03/2023,0.0
19/03/2023,0.0
20/03/2023,0.0
21/03/2023,0.0
22/03/2023,0.0
23/03/2023,0.0
24/03/2023,0.0
25/03/2023,0.0
26/03/2023,0.0
27/03/2023,1.5
28/03/2023,0.0
29/03/2023,0.0
30/03/2023,0.0
31/03/2023,0.0
01/04/2023,0.0
02/04/2023,26.5
03/04/2023,5.0
04/04/2023,0.0
05/04/2023,0.0
06/04/2023,0.0
07/04/2023,0.0
08/04/2023,0.0
09/04/2023,0.0
10/04/2023,0.0
11/04/2023,0.0
12/04/2023,0.0
13/04/2023,0.0
14/04/2023,0.0
15/04/2023,0.0
16/04/2023,0.0
17/04/2023,0.0
18/04/2023,0.0
19/04/2023,0.0
20/04/2023,1.5
21/04/2023,5.6
22/04/2023,0.4
23/04/2023,0.0
24/04/2023,0.0
25/04/2023,0.0
26/04/2023,0.4
27/04/2023,6.1
28/04/2023,0.5
29/04/2023,0.0
30/04/2023,11.5
01/05/2023,0.0
02/05/2023,15.5
03/05/2023,10.0
04/05/2023,0.0
05/05/2023,0.0
06/05/2023,0.0
07/05/2023,24.5
08/05/2023,0.0
09/05/2023,63.1
10/05/2023,1.9
11/05/2023,0.0
12/05/2023,0.0
13/05/2023,0.0
14/05/2023,0.0
15/05/2023,1.0
16/05/2023,0.0
17/05/2023,2.1
18/05/2023,43.4
19/05/2023,0.0
20/05/2023,5.2
21/05/2023,7.8
22/05/2023,9.0
23/05/2023,0.5
24/05/2023,1.0
25/05/2023,8.5
26/05/2023,0.0
27/05/2023,0.0
28/05/2023,0.0
29/05/2023,0.0
30/05/2023,15.5
31/05/2023,0.0
01/06/2023,0.0
02/06/2023,0.5
03/06/2023,13.0
04/06/2023,0.5
05/06/2023,39.5
