Date,Value (mm)
04/07/1970,6.8
05/07/1970,0.1
06/07/1970,0.1
07/07/1970,0.1
08/07/1970,3.1
09/07/1970,0.2
10/07/1970,0.3
11/07/1970,9.6
12/07/1970,1.7
13/07/1970,1.2
14/07/1970,5.6
15/07/1970,0.7
16/07/1970,0.2
17/07/1970,2.1
18/07/1970,0.3
19/07/1970,0.1
20/07/1970,0.1
21/07/1970,6.1
22/07/1970,0.1
23/07/1970,0.0
24/07/1970,0.0
25/07/1970,0.0
26/07/1970,0.0
27/07/1970,0.0
28/07/1970,33.3
29/07/1970,18.7
30/07/1970,0.3
31/07/1970,0.1
01/08/1970,0.1
02/08/1970,0.1
03/08/1970,12.7
04/08/1970,0.1
05/08/1970,0.1
06/08/1970,0.1
07/08/1970,0.1
08/08/1970,0.1
09/08/1970,0.1
10/08/1970,0.1
11/08/1970,0.1
12/08/1970,10.3
13/08/1970,0.2
14/08/1970,1.2
15/08/1970,25.4
21/08/1970,14.0
22/08/1970,0.1
23/08/1970,25.1
24/08/1970,0.0
25/08/1970,0.8
26/08/1970,5.3
27/08/1970,0.5
28/08/1970,2.0
29/08/1970,8.3
30/08/1970,0.0
31/08/1970,4.4
01/09/1970,59.1
02/09/1970,4.3
03/09/1970,7.3
04/09/1970,12.0
05/09/1970,3.1
06/09/1970,5.0
07/09/1970,0.1
08/09/1970,0.5
09/09/1970,0.2
10/09/1970,0.2
11/09/1970,4.9
12/09/1970,0.0
13/09/1970,0.0
14/09/1970,0.0
15/09/1970,0.0
16/09/1970,1.6
17/09/1970,0.1
18/09/1970,0.1
19/09/1970,0.1
20/09/1970,0.1
21/09/1970,0.1
22/09/1970,42.4
23/09/1970,7.1
24/09/1970,23.1
25/09/1970,35.6
26/09/1970,0.6
27/09/1970,39.1
28/09/1970,5.6
29/09/1970,8.7
30/09/1970,0.7
01/10/1970,2.9
02/10/1970,52.3
03/10/1970,27.2
04/10/1970,0.5
05/10/1970,12.8
06/10/1970,0.4
07/10/1970,0.1
08/10/1970,0.1
09/10/1970,0.1
10/10/1970,2.0
11/10/1970,0.2
12/10/1970,3.0
13/10/1970,21.7
14/10/1970,9.9
15/10/1970,0.5
16/10/1970,0.6
17/10/1970,0.4
18/10/1970,5.6
19/10/1970,0.5
20/10/1970,24.6
21/10/1970,0.6
22/10/1970,0.2
23/10/1970,12.8
24/10/1970,0.7
25/10/1970,54.2
26/10/1970,3.0
27/10/1970,0.3
28/10/1970,0.1
29/10/1970,0.1
30/10/1970,0.1
31/10/1970,0.8
01/11/1970,15.4
02/11/1970,14.5
03/11/1970,5.7
04/11/1970,1.5
05/11/1970,22.5
06/11/1970,3.2
07/11/1970,7.1
08/11/1970,2.3
09/11/1970,0.4
10/11/1970,12.7
11/11/1970,79.7
12/11/1970,0.2
13/11/1970,6.7
14/11/1970,0.7
15/11/1970,2.6
16/11/1970,30.1
17/11/1970,8.9
18/11/1970,1.8
19/11/1970,33.8
20/11/1970,3.1
21/11/1970,0.0
22/11/1970,0.0
23/11/1970,0.0
24/11/1970,0.0
25/11/1970,46.3
26/11/1970,4.6
27/11/1970,2.1
28/11/1970,0.2
29/11/1970,2.1
30/11/1970,13.0
01/12/1970,4.7
02/12/1970,1.7
03/12/1970,3.9
04/12/1970,0.1
05/12/1970,3.2
06/12/1970,7.0
07/12/1970,111.7
08/12/1970,40.4
09/12/1970,5.0
10/12/1970,0.5
11/12/1970,0.1
12/12/1970,0.2
13/12/1970,37.7
14/12/1970,4.8
15/12/1970,0.4
16/12/1970,0.2
17/12/1970,8.0
18/12/1970,6.8
19/12/1970,5.6
20/12/1970,6.6
21/12/1970,0.2
22/12/1970,0.1
23/12/1970,0.6
24/12/1970,21.2
25/12/1970,6.4
26/12/1970,3.6
27/12/1970,51.6
28/12/1970,56.9
29/12/1970,19.1
30/12/1970,1.1
31/12/1970,77.6
01/01/1971,14.2
02/01/1971,17.0
03/01/1971,30.4
04/01/1971,11.0
05/01/1971,3.1
06/01/1971,1.5
07/01/1971,0.4
08/01/1971,3.5
09/01/1971,0.9
10/01/1971,2.2
11/01/1971,0.6
12/01/1971,2.0
13/01/1971,0.1
14/01/1971,0.0
15/01/1971,0.0
16/01/1971,0.0
17/01/1971,0.1
18/01/1971,1.1
19/01/1971,25.7
20/01/1971,2.1
21/01/1971,1.1
22/01/1971,0.1
23/01/1971,0.1
24/01/1971,3.4
25/01/1971,0.1
26/01/1971,0.0
27/01/1971,0.0
28/01/1971,0.0
29/01/1971,0.0
30/01/1971,0.0
31/01/1971,7.4
01/02/1971,0.5
02/02/1971,0.0
03/02/1971,0.0
04/02/1971,0.0
05/02/1971,0.0
06/02/1971,0.0
07/02/1971,0.0
08/02/1971,0.0
09/02/1971,0.2
10/02/1971,0.0
11/02/1971,0.0
12/02/1971,0.0
13/02/1971,0.0
14/02/1971,0.0
15/02/1971,0.7
16/02/1971,0.9
17/02/1971,0.0
18/02/1971,0.0
19/02/1971,0.0
20/02/1971,0.0
21/02/1971,0.4
22/02/1971,35.9
23/02/1971,13.8
24/02/1971,4.2
25/02/1971,0.6
26/02/1971,0.0
27/02/1971,0.0
28/02/1971,0.0
01/03/1971,32.0
02/03/1971,78.4
03/03/1971,26.2
04/03/1971,0.9
05/03/1971,8.2
06/03/1971,0.0
07/03/1971,0.0
08/03/1971,0.0
09/03/1971,0.1
10/03/1971,3.4
11/03/1971,0.0
12/03/1971,0.0
13/03/1971,0.0
14/03/1971,0.0
15/03/1971,3.1
16/03/1971,45.4
17/03/1971,3.4
18/03/1971,2.4
19/03/1971,2.4
20/03/1971,1.1
21/03/1971,0.0
22/03/1971,0.0
23/03/1971,0.0
24/03/1971,0.0
25/03/1971,4.6
26/03/1971,0.0
27/03/1971,0.0
28/03/1971,0.0
29/03/1971,0.0
30/03/1971,0.0
31/03/1971,0.0
01/04/1971,0.0
02/04/1971,0.0
03/04/1971,0.0
04/04/1971,0.0
05/04/1971,0.0
06/04/1971,0.0
07/04/1971,0.0
08/04/1971,0.0
09/04/1971,0.0
10/04/1971,0.0
11/04/1971,0.0
12/04/1971,0.0
13/04/1971,0.0
14/04/1971,0.0
15/04/1971,0.0
16/04/1971,0.0
17/04/1971,0.0
18/04/1971,0.0
19/04/1971,0.0
20/04/1971,0.0
21/04/1971,0.0
22/04/1971,0.0
23/04/1971,0.0
24/04/1971,0.0
25/04/1971,0.0
26/04/1971,0.0
27/04/1971,0.0
28/04/1971,0.0
29/04/1971,0.0
30/04/1971,0.0
01/05/1971,0.0
02/05/1971,0.0
03/05/1971,0.4
04/05/1971,6.1
05/05/1971,0.2
06/05/1971,3.6
07/05/1971,0.0
08/05/1971,0.0
09/05/1971,0.0
10/05/1971,0.0
11/05/1971,0.0
12/05/1971,25.6
13/05/1971,3.4
14/05/1971,0.3
15/05/1971,0.0
16/05/1971,24.9
17/05/1971,2.2
18/05/1971,26.1
19/05/1971,0.0
20/05/1971,2.0
21/05/1971,0.1
22/05/1971,0.0
23/05/1971,0.0
24/05/1971,0.0
25/05/1971,0.0
26/05/1971,0.9
27/05/1971,0.3
02/06/1971,0.3
03/06/1971,1.6
04/06/1971,5.7
05/06/1971,2.2
06/06/1971,0.0
07/06/1971,0.0
08/06/1971,0.0
09/06/1971,22.3
10/06/1971,1.3
11/06/1971,0.2
12/06/1971,16.7
13/06/1971,1.2
14/06/1971,0.0
15/06/1971,0.0
16/06/1971,0.0
17/06/1971,4.3
18/06/1971,2.2
19/06/1971,0.0
20/06/1971,0.0
21/06/1971,0.0
22/06/1971,0.0
23/06/1971,2.7
24/06/1971,0.1
25/06/1971,22.6
26/06/1971,10.8
27/06/1971,0.0
28/06/1971,0.0
29/06/1971,25.5
30/06/1971,3.2
01/07/1971,3.1
02/07/1971,0.0
03/07/1971,0.0
04/07/1971,0.0
05/07/1971,0.0
06/07/1971,0.0
07/07/1971,0.0
08/07/1971,0.0
09/07/1971,19.4
10/07/1971,0.0
11/07/1971,0.0
12/07/1971,0.0
13/07/1971,0.0
14/07/1971,0.0
15/07/1971,0.0
16/07/1971,4.0
17/07/1971,12.7
18/07/1971,0.0
19/07/1971,1.0
20/07/1971,23.9
21/07/1971,0.0
22/07/1971,0.0
23/07/1971,4.1
24/07/1971,0.5
25/07/1971,0.2
26/07/1971,0.0
27/07/1971,0.0
28/07/1971,0.0
29/07/1971,2.7
30/07/1971,18.7
31/07/1971,0.0
01/08/1971,25.0
02/08/1971,0.0
03/08/1971,11.2
04/08/1971,20.7
05/08/1971,16.5
06/08/1971,0.5
07/08/1971,14.8
08/08/1971,16.6
09/08/1971,16.6
10/08/1971,0.1
11/08/1971,13.8
12/08/1971,15.7
13/08/1971,0.0
14/08/1971,0.0
15/08/1971,0.0
16/08/1971,0.0
17/08/1971,0.0
18/08/1971,0.0
19/08/1971,0.0
20/08/1971,5.6
21/08/1971,12.9
22/08/1971,1.3
23/08/1971,9.3
24/08/1971,0.5
25/08/1971,0.8
26/08/1971,0.0
27/08/1971,0.0
28/08/1971,0.0
29/08/1971,25.2
30/08/1971,2.0
31/08/1971,0.0
01/09/1971,0.0
02/09/1971,0.0
03/09/1971,0.0
04/09/1971,0.0
05/09/1971,0.0
06/09/1971,0.0
07/09/1971,0.0
08/09/1971,0.0
09/09/1971,0.0
10/09/1971,0.0
11/09/1971,4.9
12/09/1971,24.7
13/09/1971,0.8
14/09/1971,0.0
15/09/1971,27.8
16/09/1971,10.0
17/09/1971,0.0
18/09/1971,1.2
19/09/1971,5.1
20/09/1971,8.2
21/09/1971,18.3
22/09/1971,24.3
27/09/1971,19.3
28/09/1971,0.1
29/09/1971,0.0
30/09/1971,0.0
01/10/1971,11.4
02/10/1971,0.5
03/10/1971,0.2
04/10/1971,5.3
05/10/1971,49.3
08/10/1971,4.2
09/10/1971,0.0
10/10/1971,1.3
11/10/1971,16.2
12/10/1971,0.1
13/10/1971,0.1
14/10/1971,0.1
15/10/1971,23.1
16/10/1971,3.4
17/10/1971,0.3
18/10/1971,22.8
19/10/1971,11.0
20/10/1971,9.1
21/10/1971,6.4
22/10/1971,1.8
23/10/1971,5.2
24/10/1971,25.1
25/10/1971,0.2
26/10/1971,2.6
27/10/1971,0.9
28/10/1971,1.1
29/10/1971,0.9
30/10/1971,4.2
31/10/1971,2.3
01/11/1971,0.3
02/11/1971,3.9
03/11/1971,0.1
04/11/1971,5.5
05/11/1971,17.1
06/11/1971,0.6
07/11/1971,1.5
08/11/1971,4.6
09/11/1971,0.2
10/11/1971,1.6
11/11/1971,0.2
12/11/1971,0.8
13/11/1971,38.2
14/11/1971,31.6
15/11/1971,87.6
16/11/1971,4.5
17/11/1971,0.7
18/11/1971,0.4
19/11/1971,20.2
20/11/1971,145.0
21/11/1971,109.3
22/11/1971,13.1
23/11/1971,29.2
24/11/1971,7.7
25/11/1971,15.8
26/11/1971,0.7
27/11/1971,23.6
28/11/1971,0.4
29/11/1971,1.2
30/11/1971,3.2
01/12/1971,0.4
02/12/1971,12.8
03/12/1971,11.5
04/12/1971,35.0
05/12/1971,34.7
06/12/1971,19.0
07/12/1971,16.3
10/12/1971,3.6
11/12/1971,7.1
12/12/1971,25.9
13/12/1971,1.0
14/12/1971,3.0
15/12/1971,97.2
16/12/1971,17.8
17/12/1971,1.2
18/12/1971,12.9
19/12/1971,6.9
20/12/1971,0.6
21/12/1971,12.6
22/12/1971,153.4
23/12/1971,8.3
24/12/1971,1.2
25/12/1971,1.8
26/12/1971,0.0
27/12/1971,0.0
28/12/1971,0.0
29/12/1971,0.8
30/12/1971,0.0
31/12/1971,0.0
01/01/1972,0.0
02/01/1972,0.0
03/01/1972,0.0
04/01/1972,0.0
05/01/1972,0.0
06/01/1972,0.0
07/01/1972,3.1
08/01/1972,0.1
09/01/1972,0.1
10/01/1972,0.2
11/01/1972,0.5
12/01/1972,0.0
13/01/1972,0.0
14/01/1972,0.0
15/01/1972,0.0
16/01/1972,1.1
17/01/1972,9.3
18/01/1972,8.5
19/01/1972,0.3
20/01/1972,6.5
21/01/1972,0.1
22/01/1972,0.1
23/01/1972,0.1
24/01/1972,0.1
25/01/1972,9.0
26/01/1972,0.9
27/01/1972,4.2
28/01/1972,0.1
29/01/1972,0.0
30/01/1972,0.0
31/01/1972,0.0
01/02/1972,0.0
02/02/1972,0.0
03/02/1972,0.0
04/02/1972,0.0
05/02/1972,0.0
06/02/1972,0.0
07/02/1972,0.0
08/02/1972,0.0
09/02/1972,0.0
10/02/1972,0.0
11/02/1972,0.0
12/02/1972,0.0
13/02/1972,0.7
14/02/1972,0.0
15/02/1972,0.0
16/02/1972,0.0
17/02/1972,0.0
18/02/1972,0.0
19/02/1972,0.0
20/02/1972,0.0
21/02/1972,3.3
22/02/1972,0.0
23/02/1972,0.0
24/02/1972,0.0
25/02/1972,0.0
26/02/1972,0.0
27/02/1972,0.0
28/02/1972,0.3
29/02/1972,0.0
01/03/1972,0.0
02/03/1972,0.0
03/03/1972,0.0
04/03/1972,0.0
05/03/1972,0.0
06/03/1972,0.0
07/03/1972,0.0
08/03/1972,0.0
09/03/1972,0.0
10/03/1972,0.0
11/03/1972,0.0
12/03/1972,0.0
13/03/1972,0.0
14/03/1972,12.6
15/03/1972,1.0
16/03/1972,2.5
17/03/1972,0.1
18/03/1972,0.1
19/03/1972,0.1
20/03/1972,0.1
21/03/1972,0.1
22/03/1972,0.1
23/03/1972,0.1
24/03/1972,0.1
25/03/1972,0.1
26/03/1972,28.9
27/03/1972,0.6
28/03/1972,0.1
29/03/1972,0.1
30/03/1972,0.1
31/03/1972,0.1
01/04/1972,0.1
02/04/1972,2.3
03/04/1972,0.0
04/04/1972,0.0
05/04/1972,0.8
06/04/1972,5.1
07/04/1972,1.6
08/04/1972,2.5
09/04/1972,7.5
10/04/1972,0.6
11/04/1972,0.4
12/04/1972,8.0
13/04/1972,0.2
14/04/1972,0.0
15/04/1972,0.0
16/04/1972,0.0
17/04/1972,0.0
18/04/1972,0.0
19/04/1972,0.0
20/04/1972,0.0
21/04/1972,0.0
22/04/1972,0.0
23/04/1972,0.0
24/04/1972,0.0
25/04/1972,0.0
26/04/1972,4.9
27/04/1972,0.0
28/04/1972,0.0
29/04/1972,0.0
30/04/1972,0.0
01/05/1972,0.0
02/05/1972,0.0
03/05/1972,0.0
04/05/1972,0.0
05/05/1972,0.0
06/05/1972,0.0
07/05/1972,0.0
08/05/1972,0.0
09/05/1972,0.0
10/05/1972,0.0
11/05/1972,6.6
12/05/1972,3.2
13/05/1972,0.3
14/05/1972,4.3
15/05/1972,3.3
16/05/1972,0.0
17/05/1972,0.0
18/05/1972,0.0
27/05/1972,17.9
28/05/1972,0.2
29/05/1972,0.0
30/05/1972,0.0
31/05/1972,0.0
01/06/1972,0.0
02/06/1972,40.6
03/06/1972,0.6
04/06/1972,0.1
05/06/1972,0.1
06/06/1972,3.0
07/06/1972,0.8
08/06/1972,0.1
09/06/1972,0.1
10/06/1972,0.3
11/06/1972,12.2
12/06/1972,0.1
13/06/1972,0.1
14/06/1972,2.7
15/06/1972,0.2
16/06/1972,0.0
17/06/1972,0.0
18/06/1972,0.0
19/06/1972,0.0
20/06/1972,2.0
21/06/1972,4.7
22/06/1972,0.2
23/06/1972,0.7
24/06/1972,0.3
25/06/1972,3.7
26/06/1972,0.1
27/06/1972,0.0
28/06/1972,17.9
29/06/1972,4.0
30/06/1972,0.1
01/07/1972,0.1
02/07/1972,0.1
03/07/1972,0.1
04/07/1972,1.3
05/07/1972,0.3
06/07/1972,5.5
07/07/1972,14.8
08/07/1972,19.9
09/07/1972,0.1
10/07/1972,0.1
11/07/1972,0.1
12/07/1972,0.1
13/07/1972,0.1
14/07/1972,0.1
15/07/1972,0.7
16/07/1972,1.8
17/07/1972,3.1
18/07/1972,25.3
21/07/1972,1.3
22/07/1972,10.6
23/07/1972,0.5
24/07/1972,4.4
25/07/1972,2.6
26/07/1972,10.8
27/07/1972,2.3
28/07/1972,0.2
29/07/1972,0.0
30/07/1972,3.5
31/07/1972,4.3
01/08/1972,0.1
02/08/1972,0.0
03/08/1972,0.7
04/08/1972,6.6
05/08/1972,24.7
13/08/1972,0.1
14/08/1972,0.5
15/08/1972,0.2
16/08/1972,0.2
17/08/1972,1.1
18/08/1972,17.5
19/08/1972,10.2
20/08/1972,2.2
21/08/1972,25.0
28/08/1972,6.9
29/08/1972,0.8
30/08/1972,7.0
31/08/1972,0.0
01/09/1972,0.0
02/09/1972,0.0
03/09/1972,5.2
04/09/1972,24.9
05/09/1972,7.9
06/09/1972,4.3
07/09/1972,4.5
08/09/1972,0.7
09/09/1972,0.0
10/09/1972,0.0
11/09/1972,0.0
12/09/1972,15.7
13/09/1972,0.0
14/09/1972,3.7
15/09/1972,24.5
16/09/1972,0.0
17/09/1972,12.8
18/09/1972,17.7
19/09/1972,25.7
28/09/1972,28.3
29/09/1972,0.1
30/09/1972,1.2
01/10/1972,0.0
02/10/1972,12.3
03/10/1972,0.0
04/10/1972,0.0
05/10/1972,2.4
06/10/1972,0.0
07/10/1972,0.0
08/10/1972,1.7
09/10/1972,18.2
10/10/1972,0.2
11/10/1972,0.0
12/10/1972,0.0
13/10/1972,0.0
14/10/1972,2.7
15/10/1972,0.0
16/10/1972,0.0
17/10/1972,0.0
18/10/1972,0.0
19/10/1972,0.0
20/10/1972,10.0
21/10/1972,0.0
22/10/1972,0.0
23/10/1972,3.6
24/10/1972,0.1
25/10/1972,8.0
26/10/1972,35.4
27/10/1972,0.0
28/10/1972,0.9
29/10/1972,3.7
30/10/1972,1.0
31/10/1972,24.5
03/11/1972,0.7
04/11/1972,9.2
05/11/1972,12.9
06/11/1972,0.2
07/11/1972,0.0
08/11/1972,0.0
09/11/1972,0.5
10/11/1972,14.1
11/11/1972,20.6
12/11/1972,8.0
13/11/1972,5.6
14/11/1972,2.1
15/11/1972,4.9
16/11/1972,26.1
17/11/1972,0.1
18/11/1972,14.9
19/11/1972,0.0
20/11/1972,24.8
21/11/1972,18.2
22/11/1972,7.9
23/11/1972,0.1
24/11/1972,0.0
25/11/1972,0.0
26/11/1972,14.5
27/11/1972,18.5
28/11/1972,5.9
29/11/1972,0.1
30/11/1972,24.4
01/12/1972,16.8
02/12/1972,13.3
03/12/1972,1.8
04/12/1972,7.8
05/12/1972,8.4
06/12/1972,2.5
07/12/1972,4.3
08/12/1972,15.1
09/12/1972,0.1
10/12/1972,0.0
11/12/1972,0.0
12/12/1972,18.3
13/12/1972,26.8
14/12/1972,23.0
15/12/1972,247.2
16/12/1972,27.1
17/12/1972,41.0
18/12/1972,35.3
19/12/1972,0.0
20/12/1972,0.0
21/12/1972,0.1
22/12/1972,2.5
23/12/1972,0.0
24/12/1972,0.9
25/12/1972,1.4
26/12/1972,52.9
27/12/1972,1.9
28/12/1972,1.9
29/12/1972,0.1
30/12/1972,0.1
31/12/1972,0.1
01/01/1973,0.6
02/01/1973,6.8
03/01/1973,0.7
04/01/1973,0.1
05/01/1973,4.0
06/01/1973,2.4
07/01/1973,10.0
08/01/1973,6.6
09/01/1973,0.3
10/01/1973,0.0
11/01/1973,0.0
12/01/1973,0.0
13/01/1973,0.0
14/01/1973,0.0
15/01/1973,3.9
16/01/1973,11.6
17/01/1973,1.0
18/01/1973,0.0
19/01/1973,0.0
20/01/1973,0.0
21/01/1973,0.0
22/01/1973,0.0
23/01/1973,0.0
24/01/1973,0.0
25/01/1973,0.0
26/01/1973,0.0
27/01/1973,0.0
28/01/1973,0.0
29/01/1973,2.8
30/01/1973,18.3
31/01/1973,15.6
01/02/1973,11.1
02/02/1973,1.1
03/02/1973,2.6
08/02/1973,11.8
09/02/1973,25.5
10/02/1973,9.3
11/02/1973,0.3
12/02/1973,0.0
13/02/1973,0.7
14/02/1973,1.0
15/02/1973,5.0
16/02/1973,0.0
17/02/1973,0.0
18/02/1973,0.0
19/02/1973,0.0
20/02/1973,0.0
21/02/1973,0.0
22/02/1973,0.0
23/02/1973,0.0
24/02/1973,0.0
25/02/1973,0.0
26/02/1973,0.0
27/02/1973,0.0
28/02/1973,0.0
01/03/1973,0.0
02/03/1973,0.0
03/03/1973,0.0
04/03/1973,0.0
05/03/1973,0.0
06/03/1973,0.0
07/03/1973,2.7
08/03/1973,0.4
09/03/1973,22.1
10/03/1973,0.6
11/03/1973,11.4
12/03/1973,0.0
13/03/1973,0.0
14/03/1973,0.0
15/03/1973,0.0
16/03/1973,0.0
17/03/1973,0.6
18/03/1973,25.1
19/03/1973,1.3
20/03/1973,18.8
21/03/1973,0.4
22/03/1973,16.0
23/03/1973,0.2
24/03/1973,3.1
25/03/1973,28.3
26/03/1973,2.0
27/03/1973,1.9
28/03/1973,7.5
29/03/1973,18.6
30/03/1973,4.3
31/03/1973,0.0
01/04/1973,0.0
02/04/1973,0.0
03/04/1973,0.0
04/04/1973,0.0
05/04/1973,0.0
06/04/1973,0.0
07/04/1973,0.0
08/04/1973,0.0
09/04/1973,0.0
10/04/1973,0.0
11/04/1973,0.0
12/04/1973,0.0
13/04/1973,0.0
14/04/1973,0.0
15/04/1973,0.0
16/04/1973,0.0
17/04/1973,0.0
18/04/1973,0.0
19/04/1973,0.0
20/04/1973,10.9
21/04/1973,0.5
22/04/1973,0.0
23/04/1973,0.0
24/04/1973,0.0
25/04/1973,0.0
26/04/1973,0.0
27/04/1973,0.0
28/04/1973,2.9
29/04/1973,2.7
30/04/1973,21.4
01/05/1973,0.0
02/05/1973,0.0
03/05/1973,0.0
04/05/1973,0.0
05/05/1973,0.0
25/05/1973,1.3
26/05/1973,0.0
27/05/1973,0.0
28/05/1973,0.0
29/05/1973,0.0
30/05/1973,0.0
31/05/1973,3.2
01/06/1973,13.1
02/06/1973,0.2
03/06/1973,4.9
04/06/1973,0.1
05/06/1973,0.2
06/06/1973,0.2
07/06/1973,0.2
08/06/1973,0.2
09/06/1973,0.2
10/06/1973,0.3
11/06/1973,13.1
12/06/1973,0.1
13/06/1973,10.3
14/06/1973,0.0
15/06/1973,0.0
16/06/1973,0.0
17/06/1973,0.0
18/06/1973,0.0
19/06/1973,51.2
20/06/1973,0.0
21/06/1973,4.4
22/06/1973,3.6
23/06/1973,2.2
24/06/1973,0.1
25/06/1973,22.2
26/06/1973,20.1
27/06/1973,1.0
28/06/1973,0.0
29/06/1973,0.0
30/06/1973,24.5
01/07/1973,0.1
02/07/1973,8.1
03/07/1973,0.1
04/07/1973,0.0
05/07/1973,0.0
06/07/1973,3.8
07/07/1973,32.8
08/07/1973,0.7
09/07/1973,0.0
10/07/1973,0.0
11/07/1973,21.6
12/07/1973,3.8
13/07/1973,15.6
14/07/1973,7.3
15/07/1973,0.6
16/07/1973,1.3
17/07/1973,0.1
18/07/1973,0.1
19/07/1973,0.1
20/07/1973,2.4
21/07/1973,0.0
22/07/1973,0.0
23/07/1973,0.0
24/07/1973,0.0
25/07/1973,0.0
26/07/1973,0.0
27/07/1973,0.0
28/07/1973,0.0
29/07/1973,0.0
30/07/1973,0.0
31/07/1973,23.1
01/08/1973,0.0
02/08/1973,0.0
03/08/1973,0.0
04/08/1973,0.0
05/08/1973,0.0
06/08/1973,3.4
07/08/1973,15.1
08/08/1973,0.0
09/08/1973,22.2
10/08/1973,6.3
11/08/1973,7.2
12/08/1973,0.2
13/08/1973,0.0
14/08/1973,50.7
15/08/1973,1.2
16/08/1973,0.0
17/08/1973,0.0
18/08/1973,0.0
19/08/1973,13.6
20/08/1973,0.0
21/08/1973,0.0
22/08/1973,2.6
23/08/1973,0.0
24/08/1973,0.0
25/08/1973,0.0
26/08/1973,0.0
27/08/1973,0.0
28/08/1973,0.0
29/08/1973,0.0
30/08/1973,0.0
31/08/1973,2.9
01/09/1973,0.1
02/09/1973,27.4
03/09/1973,6.7
04/09/1973,0.0
05/09/1973,18.1
06/09/1973,24.8
07/09/1973,16.7
08/09/1973,0.0
09/09/1973,0.0
10/09/1973,4.4
11/09/1973,0.9
12/09/1973,0.0
13/09/1973,0.0
14/09/1973,11.3
15/09/1973,24.8
18/09/1973,47.7
19/09/1973,13.2
20/09/1973,0.0
21/09/1973,0.0
22/09/1973,0.6
23/09/1973,0.1
24/09/1973,0.0
25/09/1973,0.0
26/09/1973,0.0
27/09/1973,33.4
28/09/1973,0.2
29/09/1973,0.0
30/09/1973,0.0
01/10/1973,0.0
02/10/1973,1.9
03/10/1973,25.0
07/10/1973,2.0
08/10/1973,24.1
11/10/1973,4.8
12/10/1973,3.5
13/10/1973,0.0
14/10/1973,0.6
15/10/1973,0.5
16/10/1973,5.7
17/10/1973,0.0
18/10/1973,2.0
19/10/1973,0.0
20/10/1973,7.5
21/10/1973,19.8
22/10/1973,13.3
23/10/1973,4.8
24/10/1973,6.0
25/10/1973,0.3
26/10/1973,3.0
27/10/1973,0.0
28/10/1973,15.6
29/10/1973,0.9
30/10/1973,19.2
31/10/1973,27.1
01/11/1973,18.6
02/11/1973,1.1
03/11/1973,5.3
04/11/1973,1.7
05/11/1973,0.1
06/11/1973,19.8
07/11/1973,6.1
08/11/1973,1.0
09/11/1973,0.1
10/11/1973,20.7
11/11/1973,4.4
12/11/1973,10.8
13/11/1973,12.8
14/11/1973,3.7
15/11/1973,0.2
16/11/1973,0.1
17/11/1973,7.0
18/11/1973,0.4
19/11/1973,0.0
20/11/1973,0.0
21/11/1973,0.0
22/11/1973,0.0
23/11/1973,47.6
24/11/1973,8.4
25/11/1973,20.9
26/11/1973,20.9
27/11/1973,9.9
28/11/1973,21.5
29/11/1973,36.5
30/11/1973,23.5
01/12/1973,22.9
02/12/1973,0.0
03/12/1973,38.9
04/12/1973,4.6
08/12/1973,24.6
09/12/1973,24.5
10/12/1973,0.0
11/12/1973,0.3
12/12/1973,1.4
13/12/1973,25.8
14/12/1973,4.3
15/12/1973,14.9
16/12/1973,1.8
17/12/1973,7.8
18/12/1973,16.9
19/12/1973,0.5
20/12/1973,0.1
21/12/1973,40.3
22/12/1973,15.5
23/12/1973,3.1
24/12/1973,3.7
25/12/1973,15.3
26/12/1973,11.4
27/12/1973,0.4
28/12/1973,13.0
29/12/1973,2.1
30/12/1973,0.0
31/12/1973,1.0
01/01/1974,3.4
02/01/1974,0.5
03/01/1974,12.6
04/01/1974,0.2
05/01/1974,0.0
06/01/1974,3.7
07/01/1974,0.5
08/01/1974,0.0
09/01/1974,0.0
10/01/1974,0.0
11/01/1974,0.0
12/01/1974,0.0
13/01/1974,0.2
14/01/1974,1.5
15/01/1974,0.3
16/01/1974,25.7
17/01/1974,0.6
18/01/1974,0.0
19/01/1974,0.0
20/01/1974,0.0
21/01/1974,0.0
22/01/1974,0.0
23/01/1974,0.0
24/01/1974,0.7
25/01/1974,3.1
26/01/1974,0.0
27/01/1974,0.4
28/01/1974,9.9
29/01/1974,1.1
30/01/1974,0.1
31/01/1974,0.0
01/02/1974,0.0
02/02/1974,0.7
03/02/1974,4.3
04/02/1974,2.3
05/02/1974,1.3
06/02/1974,0.0
07/02/1974,0.4
08/02/1974,2.2
09/02/1974,0.0
10/02/1974,0.0
11/02/1974,0.0
12/02/1974,0.5
13/02/1974,0.8
14/02/1974,0.3
15/02/1974,13.7
16/02/1974,3.3
17/02/1974,16.0
18/02/1974,2.0
19/02/1974,0.2
20/02/1974,0.1
21/02/1974,0.1
22/02/1974,11.9
23/02/1974,13.8
24/02/1974,1.4
25/02/1974,0.2
26/02/1974,4.4
27/02/1974,2.4
28/02/1974,0.4
01/03/1974,0.4
02/03/1974,0.4
03/03/1974,0.4
04/03/1974,7.9
05/03/1974,28.2
06/03/1974,19.6
07/03/1974,4.2
08/03/1974,0.0
09/03/1974,0.0
10/03/1974,0.0
11/03/1974,0.0
12/03/1974,0.0
13/03/1974,0.0
14/03/1974,0.0
15/03/1974,3.7
16/03/1974,0.4
17/03/1974,0.2
18/03/1974,0.2
19/03/1974,0.2
20/03/1974,0.2
21/03/1974,1.4
22/03/1974,0.4
23/03/1974,0.2
24/03/1974,0.2
25/03/1974,0.2
26/03/1974,0.2
27/03/1974,0.2
28/03/1974,50.9
29/03/1974,3.1
30/03/1974,6.8
31/03/1974,0.1
01/04/1974,0.1
02/04/1974,0.8
03/04/1974,5.9
04/04/1974,0.5
05/04/1974,14.2
06/04/1974,10.2
07/04/1974,0.5
08/04/1974,2.6
09/04/1974,0.1
10/04/1974,0.1
11/04/1974,1.5
12/04/1974,2.7
13/04/1974,0.0
14/04/1974,0.0
15/04/1974,0.0
16/04/1974,0.0
17/04/1974,0.0
18/04/1974,6.9
22/04/1974,2.1
23/04/1974,0.1
24/04/1974,0.1
25/04/1974,0.1
26/04/1974,0.1
27/04/1974,0.1
28/04/1974,0.1
29/04/1974,0.1
30/04/1974,0.1
01/05/1974,0.1
02/05/1974,0.1
03/05/1974,0.1
04/05/1974,0.1
05/05/1974,0.1
06/05/1974,0.1
07/05/1974,0.1
08/05/1974,0.1
09/05/1974,0.1
10/05/1974,0.1
11/05/1974,0.1
12/05/1974,11.3
13/05/1974,0.1
14/05/1974,0.1
15/05/1974,0.1
16/05/1974,0.1
17/05/1974,0.1
18/05/1974,0.1
19/05/1974,6.2
20/05/1974,5.5
21/05/1974,0.3
22/05/1974,1.1
23/05/1974,6.1
24/05/1974,21.0
25/05/1974,6.0
26/05/1974,0.2
27/05/1974,0.0
28/05/1974,0.0
29/05/1974,0.7
30/05/1974,0.1
31/05/1974,0.1
01/06/1974,0.1
02/06/1974,0.1
03/06/1974,36.5
04/06/1974,0.4
05/06/1974,2.2
06/06/1974,0.5
07/06/1974,23.4
08/06/1974,0.7
09/06/1974,1.3
10/06/1974,14.1
11/06/1974,1.4
12/06/1974,38.7
13/06/1974,0.3
14/06/1974,0.1
15/06/1974,1.8
16/06/1974,1.0
17/06/1974,0.4
18/06/1974,1.0
19/06/1974,0.3
20/06/1974,0.0
21/06/1974,0.0
22/06/1974,0.0
23/06/1974,0.0
24/06/1974,0.1
25/06/1974,24.9
26/06/1974,0.4
27/06/1974,1.1
28/06/1974,0.4
29/06/1974,0.1
30/06/1974,0.1
01/07/1974,13.0
02/07/1974,0.6
03/07/1974,0.0
04/07/1974,10.9
05/07/1974,0.4
06/07/1974,1.1
07/07/1974,2.1
08/07/1974,0.1
09/07/1974,32.7
10/07/1974,0.5
11/07/1974,0.2
12/07/1974,9.1
13/07/1974,0.8
14/07/1974,5.0
15/07/1974,0.2
16/07/1974,0.1
17/07/1974,0.7
18/07/1974,0.4
19/07/1974,49.2
20/07/1974,0.5
21/07/1974,1.2
22/07/1974,0.9
23/07/1974,35.3
24/07/1974,0.3
25/07/1974,0.0
26/07/1974,0.0
27/07/1974,0.0
28/07/1974,0.0
29/07/1974,0.0
30/07/1974,0.0
31/07/1974,0.0
01/08/1974,0.0
02/08/1974,0.0
03/08/1974,1.7
04/08/1974,25.8
05/08/1974,3.0
06/08/1974,0.0
07/08/1974,0.0
08/08/1974,0.0
09/08/1974,0.0
10/08/1974,0.0
11/08/1974,48.4
12/08/1974,0.1
13/08/1974,0.1
14/08/1974,5.7
15/08/1974,0.5
16/08/1974,4.4
17/08/1974,0.7
18/08/1974,0.8
19/08/1974,19.3
20/08/1974,13.6
21/08/1974,0.7
22/08/1974,1.9
23/08/1974,0.7
24/08/1974,0.3
25/08/1974,2.2
26/08/1974,2.6
27/08/1974,0.4
28/08/1974,0.3
29/08/1974,4.2
30/08/1974,0.5
31/08/1974,4.3
01/09/1974,0.3
02/09/1974,0.0
03/09/1974,0.0
04/09/1974,0.0
05/09/1974,12.4
06/09/1974,0.6
07/09/1974,0.0
08/09/1974,1.1
09/09/1974,4.4
10/09/1974,0.0
11/09/1974,0.0
12/09/1974,0.0
13/09/1974,0.0
14/09/1974,0.0
15/09/1974,0.0
16/09/1974,0.0
17/09/1974,0.0
18/09/1974,5.5
19/09/1974,0.0
20/09/1974,13.5
21/09/1974,71.3
22/09/1974,28.6
23/09/1974,3.1
24/09/1974,2.0
25/09/1974,0.0
26/09/1974,0.0
27/09/1974,0.0
28/09/1974,0.0
29/09/1974,0.5
30/09/1974,3.0
01/10/1974,1.5
02/10/1974,5.4
03/10/1974,7.6
04/10/1974,0.0
05/10/1974,9.5
06/10/1974,0.5
07/10/1974,2.0
08/10/1974,0.5
09/10/1974,0.5
10/10/1974,0.0
11/10/1974,0.0
12/10/1974,11.5
13/10/1974,15.0
14/10/1974,26.0
15/10/1974,1.0
16/10/1974,2.0
17/10/1974,6.5
18/10/1974,0.0
19/10/1974,16.5
20/10/1974,0.0
21/10/1974,0.0
22/10/1974,0.5
23/10/1974,0.0
24/10/1974,8.2
25/10/1974,5.3
26/10/1974,13.5
27/10/1974,1.0
28/10/1974,4.0
29/10/1974,0.0
30/10/1974,0.0
31/10/1974,14.5
01/11/1974,25.0
02/11/1974,12.5
03/11/1974,16.5
04/11/1974,10.0
05/11/1974,0.0
06/11/1974,8.0
07/11/1974,0.5
08/11/1974,0.0
09/11/1974,0.0
10/11/1974,4.5
11/11/1974,1.5
12/11/1974,0.0
13/11/1974,0.0
14/11/1974,7.5
15/11/1974,0.0
16/11/1974,10.3
17/11/1974,5.2
18/11/1974,21.7
19/11/1974,69.3
20/11/1974,41.0
21/11/1974,62.5
22/11/1974,16.5
23/11/1974,13.2
24/11/1974,51.3
25/11/1974,12.0
26/11/1974,1.0
27/11/1974,1.0
28/11/1974,0.5
29/11/1974,0.0
30/11/1974,0.0
01/12/1974,0.0
02/12/1974,0.0
03/12/1974,0.0
04/12/1974,0.0
05/12/1974,0.0
06/12/1974,99.0
07/12/1974,16.0
08/12/1974,0.0
09/12/1974,0.5
10/12/1974,0.5
11/12/1974,10.5
12/12/1974,1.0
13/12/1974,24.2
14/12/1974,10.3
15/12/1974,7.0
16/12/1974,0.0
17/12/1974,0.0
18/12/1974,0.5
19/12/1974,0.0
20/12/1974,0.0
21/12/1974,25.9
22/12/1974,4.1
23/12/1974,0.0
24/12/1974,0.0
25/12/1974,1.5
26/12/1974,17.5
27/12/1974,19.5
28/12/1974,65.1
29/12/1974,48.9
30/12/1974,100.5
31/12/1974,66.0
01/01/1975,20.0
02/01/1975,23.5
03/01/1975,8.0
04/01/1975,77.0
05/01/1975,453.0
06/01/1975,5.0
07/01/1975,22.0
08/01/1975,58.7
09/01/1975,4.8
10/01/1975,6.5
11/01/1975,62.5
12/01/1975,26.0
13/01/1975,54.5
14/01/1975,28.6
15/01/1975,6.9
16/01/1975,0.0
17/01/1975,9.4
18/01/1975,2.1
19/01/1975,0.0
20/01/1975,0.0
21/01/1975,0.5
22/01/1975,1.5
23/01/1975,6.5
24/01/1975,0.0
25/01/1975,0.0
26/01/1975,0.0
27/01/1975,0.0
28/01/1975,0.0
29/01/1975,0.0
30/01/1975,0.0
31/01/1975,5.5
01/02/1975,0.0
02/02/1975,0.0
03/02/1975,0.0
04/02/1975,0.0
05/02/1975,0.0
06/02/1975,0.0
07/02/1975,0.0
08/02/1975,4.5
09/02/1975,0.0
10/02/1975,0.0
11/02/1975,0.0
12/02/1975,0.0
13/02/1975,0.0
14/02/1975,0.0
15/02/1975,0.0
16/02/1975,0.0
17/02/1975,0.0
18/02/1975,0.0
19/02/1975,0.0
20/02/1975,1.5
21/02/1975,0.5
22/02/1975,0.0
23/02/1975,77.7
24/02/1975,6.5
25/02/1975,14.8
26/02/1975,0.0
27/02/1975,0.0
28/02/1975,0.0
01/03/1975,0.0
02/03/1975,0.0
03/03/1975,0.0
04/03/1975,0.0
05/03/1975,0.0
06/03/1975,0.0
07/03/1975,0.5
08/03/1975,0.5
09/03/1975,2.5
10/03/1975,9.0
11/03/1975,42.5
12/03/1975,0.0
13/03/1975,0.0
14/03/1975,0.0
15/03/1975,0.0
16/03/1975,0.0
17/03/1975,0.0
18/03/1975,0.0
19/03/1975,0.0
20/03/1975,1.5
21/03/1975,0.0
22/03/1975,0.0
23/03/1975,0.0
24/03/1975,0.0
25/03/1975,4.0
26/03/1975,0.0
27/03/1975,0.0
28/03/1975,0.0
29/03/1975,0.0
30/03/1975,0.0
31/03/1975,0.0
01/04/1975,0.0
02/04/1975,9.0
03/04/1975,0.0
04/04/1975,0.0
05/04/1975,0.5
06/04/1975,1.5
07/04/1975,0.0
08/04/1975,0.0
09/04/1975,0.0
10/04/1975,0.0
11/04/1975,0.0
12/04/1975,0.0
13/04/1975,0.0
14/04/1975,0.0
15/04/1975,3.0
16/04/1975,0.0
17/04/1975,0.0
18/04/1975,0.0
19/04/1975,0.0
20/04/1975,0.0
21/04/1975,0.0
22/04/1975,0.0
23/04/1975,0.0
24/04/1975,0.0
25/04/1975,0.0
26/04/1975,0.0
27/04/1975,6.0
28/04/1975,0.0
29/04/1975,0.0
30/04/1975,0.0
01/05/1975,5.0
02/05/1975,13.5
03/05/1975,0.0
04/05/1975,0.0
05/05/1975,0.0
06/05/1975,3.5
07/05/1975,0.0
08/05/1975,0.0
09/05/1975,0.0
10/05/1975,2.0
11/05/1975,5.5
12/05/1975,1.0
13/05/1975,0.0
14/05/1975,0.0
15/05/1975,34.5
16/05/1975,0.0
17/05/1975,0.0
18/05/1975,0.0
19/05/1975,0.0
20/05/1975,0.0
21/05/1975,8.0
22/05/1975,0.0
23/05/1975,0.0
24/05/1975,0.0
25/05/1975,4.5
26/05/1975,3.0
27/05/1975,1.5
28/05/1975,0.0
29/05/1975,0.0
30/05/1975,1.0
31/05/1975,22.0
01/06/1975,8.5
02/06/1975,0.0
03/06/1975,0.0
04/06/1975,18.5
05/06/1975,3.0
06/06/1975,0.0
07/06/1975,5.0
08/06/1975,0.5
09/06/1975,22.4
10/06/1975,4.6
11/06/1975,0.0
12/06/1975,9.5
13/06/1975,0.0
14/06/1975,2.0
15/06/1975,24.5
16/06/1975,2.5
17/06/1975,0.0
18/06/1975,0.5
19/06/1975,1.5
20/06/1975,9.0
21/06/1975,3.0
22/06/1975,0.0
23/06/1975,0.0
24/06/1975,10.0
25/06/1975,15.0
26/06/1975,3.0
27/06/1975,1.5
28/06/1975,0.0
29/06/1975,1.0
30/06/1975,0.0
01/07/1975,0.0
02/07/1975,3.0
03/07/1975,9.5
04/07/1975,0.0
05/07/1975,0.0
06/07/1975,0.0
07/07/1975,11.0
08/07/1975,0.0
09/07/1975,5.0
10/07/1975,0.0
11/07/1975,0.1
12/07/1975,0.2
13/07/1975,0.2
14/07/1975,0.2
15/07/1975,0.2
16/07/1975,4.6
17/07/1975,0.0
18/07/1975,0.0
19/07/1975,3.5
20/07/1975,0.5
21/07/1975,0.0
22/07/1975,0.0
23/07/1975,0.0
24/07/1975,0.0
25/07/1975,0.0
26/07/1975,4.0
27/07/1975,8.0
28/07/1975,0.0
29/07/1975,5.5
30/07/1975,0.5
31/07/1975,11.5
01/08/1975,0.0
02/08/1975,0.0
03/08/1975,3.5
04/08/1975,0.0
05/08/1975,39.0
06/08/1975,2.5
07/08/1975,7.5
08/08/1975,3.5
09/08/1975,8.0
10/08/1975,0.0
11/08/1975,0.0
12/08/1975,0.0
13/08/1975,2.0
14/08/1975,11.5
15/08/1975,0.0
16/08/1975,0.5
17/08/1975,19.0
18/08/1975,4.5
19/08/1975,0.0
20/08/1975,33.5
21/08/1975,0.0
22/08/1975,28.0
23/08/1975,0.0
24/08/1975,0.0
25/08/1975,1.0
26/08/1975,9.5
27/08/1975,0.0
28/08/1975,2.5
29/08/1975,0.0
30/08/1975,0.0
31/08/1975,7.0
01/09/1975,6.0
02/09/1975,26.5
03/09/1975,5.5
04/09/1975,16.0
05/09/1975,0.0
06/09/1975,35.5
07/09/1975,0.5
08/09/1975,2.5
09/09/1975,0.0
10/09/1975,5.0
11/09/1975,10.0
12/09/1975,2.5
13/09/1975,0.0
14/09/1975,0.0
15/09/1975,0.0
16/09/1975,0.0
17/09/1975,0.0
18/09/1975,10.5
19/09/1975,3.5
20/09/1975,55.0
21/09/1975,4.5
22/09/1975,0.0
23/09/1975,11.5
24/09/1975,24.0
25/09/1975,0.5
26/09/1975,8.0
27/09/1975,0.0
28/09/1975,27.5
29/09/1975,0.5
30/09/1975,0.0
01/10/1975,0.0
02/10/1975,0.0
03/10/1975,0.0
04/10/1975,8.0
05/10/1975,1.0
06/10/1975,0.0
07/10/1975,0.5
08/10/1975,0.5
09/10/1975,0.0
10/10/1975,0.0
11/10/1975,1.0
12/10/1975,0.0
13/10/1975,0.0
14/10/1975,0.5
15/10/1975,0.0
16/10/1975,12.0
17/10/1975,0.0
18/10/1975,0.5
19/10/1975,6.0
20/10/1975,12.7
21/10/1975,10.9
22/10/1975,3.5
23/10/1975,13.7
24/10/1975,9.8
25/10/1975,0.0
26/10/1975,1.5
27/10/1975,6.0
28/10/1975,0.5
29/10/1975,3.0
30/10/1975,2.0
31/10/1975,22.5
01/11/1975,9.0
02/11/1975,0.5
03/11/1975,20.5
04/11/1975,0.5
05/11/1975,3.8
06/11/1975,32.2
07/11/1975,0.0
08/11/1975,0.5
09/11/1975,8.5
10/11/1975,0.0
11/11/1975,1.0
12/11/1975,0.5
13/11/1975,2.0
14/11/1975,8.0
15/11/1975,0.5
16/11/1975,5.5
17/11/1975,2.8
18/11/1975,45.0
19/11/1975,126.2
20/11/1975,21.5
21/11/1975,4.5
22/11/1975,39.5
23/11/1975,96.7
24/11/1975,54.3
25/11/1975,2.0
26/11/1975,37.6
27/11/1975,38.9
28/11/1975,29.0
29/11/1975,0.0
30/11/1975,0.0
01/12/1975,0.0
02/12/1975,0.0
03/12/1975,10.0
04/12/1975,1.7
05/12/1975,40.3
06/12/1975,13.0
07/12/1975,29.5
08/12/1975,0.0
09/12/1975,1.5
10/12/1975,34.5
11/12/1975,2.0
12/12/1975,15.5
13/12/1975,30.5
14/12/1975,137.5
15/12/1975,52.0
16/12/1975,4.5
17/12/1975,0.0
18/12/1975,0.5
19/12/1975,5.8
20/12/1975,61.7
21/12/1975,87.0
22/12/1975,2.5
23/12/1975,0.5
24/12/1975,4.0
25/12/1975,0.0
26/12/1975,0.0
27/12/1975,0.0
28/12/1975,0.0
29/12/1975,0.5
30/12/1975,7.5
31/12/1975,15.0
01/01/1976,0.5
02/01/1976,0.0
03/01/1976,0.0
04/01/1976,0.0
05/01/1976,0.0
06/01/1976,0.0
07/01/1976,2.5
08/01/1976,0.0
09/01/1976,0.0
10/01/1976,0.0
11/01/1976,0.0
12/01/1976,14.0
13/01/1976,0.5
14/01/1976,0.0
15/01/1976,0.0
16/01/1976,0.0
17/01/1976,0.0
18/01/1976,0.0
19/01/1976,0.0
20/01/1976,0.0
21/01/1976,0.0
22/01/1976,0.0
23/01/1976,0.0
24/01/1976,0.0
25/01/1976,0.0
26/01/1976,0.0
27/01/1976,0.0
28/01/1976,0.0
29/01/1976,0.0
30/01/1976,0.0
31/01/1976,0.0
01/02/1976,0.0
02/02/1976,0.0
03/02/1976,0.0
04/02/1976,0.0
05/02/1976,0.0
06/02/1976,0.0
07/02/1976,0.0
26/02/1976,1.0
27/02/1976,0.5
28/02/1976,1.5
29/02/1976,0.0
01/03/1976,0.0
02/03/1976,0.0
03/03/1976,0.0
04/03/1976,1.5
05/03/1976,0.0
06/03/1976,0.0
07/03/1976,0.0
08/03/1976,0.0
09/03/1976,0.0
10/03/1976,0.0
11/03/1976,0.0
12/03/1976,0.0
13/03/1976,0.0
14/03/1976,0.5
15/03/1976,0.0
16/03/1976,0.0
17/03/1976,0.0
18/03/1976,0.0
19/03/1976,0.0
20/03/1976,0.0
21/03/1976,0.0
22/03/1976,0.0
23/03/1976,0.0
24/03/1976,0.0
25/03/1976,0.0
26/03/1976,0.0
27/03/1976,0.0
28/03/1976,0.0
29/03/1976,0.0
30/03/1976,0.0
31/03/1976,0.0
01/04/1976,0.0
02/04/1976,1.0
03/04/1976,0.0
04/04/1976,0.0
05/04/1976,0.0
06/04/1976,0.0
07/04/1976,0.0
08/04/1976,0.0
09/04/1976,0.0
10/04/1976,0.0
11/04/1976,0.0
12/04/1976,0.0
13/04/1976,6.5
14/04/1976,0.5
15/04/1976,0.0
16/04/1976,0.0
17/04/1976,0.0
18/04/1976,0.0
19/04/1976,0.0
20/04/1976,0.0
21/04/1976,0.0
22/04/1976,2.5
23/04/1976,0.0
24/04/1976,3.5
25/04/1976,0.5
26/04/1976,0.5
27/04/1976,0.0
28/04/1976,0.0
29/04/1976,0.0
30/04/1976,0.0
01/05/1976,0.0
02/05/1976,1.5
03/05/1976,6.0
04/05/1976,12.0
05/05/1976,8.0
06/05/1976,5.0
07/05/1976,50.0
08/05/1976,0.0
09/05/1976,0.0
10/05/1976,2.0
11/05/1976,0.0
12/05/1976,0.0
13/05/1976,0.0
14/05/1976,5.5
15/05/1976,0.0
16/05/1976,0.0
24/05/1976,1.0
25/05/1976,0.0
26/05/1976,0.0
27/05/1976,0.0
28/05/1976,1.5
29/05/1976,0.5
30/05/1976,22.0
31/05/1976,0.0
01/06/1976,0.5
02/06/1976,0.0
03/06/1976,0.0
04/06/1976,2.5
05/06/1976,0.0
06/06/1976,0.0
07/06/1976,0.0
08/06/1976,0.0
15/06/1976,7.5
16/06/1976,0.0
17/06/1976,15.5
18/06/1976,0.0
19/06/1976,0.0
20/06/1976,0.0
21/06/1976,2.5
22/06/1976,0.0
23/06/1976,0.0
24/06/1976,0.0
25/06/1976,29.5
26/06/1976,16.0
27/06/1976,15.0
28/06/1976,0.0
29/06/1976,0.0
30/06/1976,0.0
01/07/1976,0.0
02/07/1976,0.0
03/07/1976,0.0
04/07/1976,0.0
05/07/1976,0.0
06/07/1976,0.0
07/07/1976,0.0
08/07/1976,0.0
09/07/1976,19.5
10/07/1976,14.0
11/07/1976,6.0
12/07/1976,30.0
13/07/1976,0.0
14/07/1976,30.5
15/07/1976,0.0
16/07/1976,0.0
17/07/1976,0.0
18/07/1976,0.0
19/07/1976,0.0
20/07/1976,41.0
21/07/1976,5.0
22/07/1976,1.0
23/07/1976,5.0
24/07/1976,0.0
25/07/1976,38.5
26/07/1976,12.0
27/07/1976,0.5
28/07/1976,0.0
29/07/1976,0.0
30/07/1976,9.0
31/07/1976,17.5
01/08/1976,0.0
02/08/1976,0.0
03/08/1976,0.0
04/08/1976,0.0
05/08/1976,0.0
06/08/1976,0.0
07/08/1976,0.0
08/08/1976,0.0
09/08/1976,1.0
10/08/1976,11.0
11/08/1976,0.0
12/08/1976,0.0
13/08/1976,0.0
14/08/1976,0.0
15/08/1976,0.0
16/08/1976,4.5
17/08/1976,0.5
18/08/1976,2.5
19/08/1976,11.5
20/08/1976,0.0
21/08/1976,32.5
22/08/1976,1.0
23/08/1976,12.0
24/08/1976,0.0
25/08/1976,4.0
26/08/1976,4.0
27/08/1976,11.1
28/08/1976,14.4
29/08/1976,0.0
30/08/1976,23.5
31/08/1976,12.5
01/09/1976,5.0
02/09/1976,0.0
03/09/1976,5.0
04/09/1976,0.5
05/09/1976,1.0
06/09/1976,0.0
07/09/1976,2.5
08/09/1976,0.0
09/09/1976,15.6
10/09/1976,4.4
11/09/1976,0.0
12/09/1976,9.5
13/09/1976,0.5
14/09/1976,0.0
15/09/1976,0.0
16/09/1976,23.5
17/09/1976,0.0
18/09/1976,0.0
19/09/1976,23.0
20/09/1976,0.0
21/09/1976,21.5
22/09/1976,12.5
23/09/1976,0.5
24/09/1976,2.0
25/09/1976,0.0
26/09/1976,0.0
27/09/1976,0.0
28/09/1976,0.0
29/09/1976,0.0
30/09/1976,0.0
01/10/1976,0.0
02/10/1976,0.0
03/10/1976,0.0
04/10/1976,2.5
05/10/1976,3.5
06/10/1976,7.0
07/10/1976,0.5
08/10/1976,0.0
09/10/1976,0.0
10/10/1976,17.5
11/10/1976,36.0
12/10/1976,12.5
13/10/1976,5.0
14/10/1976,12.5
15/10/1976,1.0
16/10/1976,0.5
17/10/1976,1.0
18/10/1976,2.5
19/10/1976,0.0
20/10/1976,0.5
21/10/1976,0.0
22/10/1976,0.0
23/10/1976,0.0
24/10/1976,3.5
25/10/1976,1.5
26/10/1976,0.0
27/10/1976,0.5
28/10/1976,0.0
29/10/1976,6.5
30/10/1976,12.5
31/10/1976,0.0
01/11/1976,6.0
02/11/1976,0.0
03/11/1976,6.5
04/11/1976,0.0
05/11/1976,1.0
06/11/1976,0.0
07/11/1976,11.0
08/11/1976,9.0
09/11/1976,4.0
10/11/1976,0.0
11/11/1976,6.5
12/11/1976,131.5
13/11/1976,0.0
14/11/1976,5.5
15/11/1976,18.0
16/11/1976,206.0
17/11/1976,65.0
18/11/1976,180.5
19/11/1976,53.9
20/11/1976,103.1
21/11/1976,0.0
22/11/1976,28.0
23/11/1976,13.0
24/11/1976,31.2
25/11/1976,211.7
26/11/1976,147.1
27/11/1976,21.5
28/11/1976,93.6
29/11/1976,50.4
30/11/1976,0.0
01/12/1976,0.0
02/12/1976,0.0
03/12/1976,0.0
04/12/1976,0.0
05/12/1976,0.0
06/12/1976,0.0
07/12/1976,2.5
08/12/1976,4.5
09/12/1976,11.0
10/12/1976,3.5
11/12/1976,1.0
12/12/1976,1.0
13/12/1976,3.0
14/12/1976,90.5
15/12/1976,5.5
16/12/1976,6.0
17/12/1976,3.5
18/12/1976,0.0
19/12/1976,0.0
20/12/1976,13.7
21/12/1976,101.8
22/12/1976,2.0
23/12/1976,14.0
24/12/1976,22.5
25/12/1976,0.0
26/12/1976,0.0
27/12/1976,20.5
28/12/1976,1.0
29/12/1976,1.0
30/12/1976,10.0
31/12/1976,10.0
01/01/1977,11.5
02/01/1977,3.5
03/01/1977,0.5
04/01/1977,45.0
05/01/1977,24.5
06/01/1977,0.0
07/01/1977,0.0
08/01/1977,0.0
09/01/1977,0.0
10/01/1977,0.0
11/01/1977,0.0
12/01/1977,0.0
13/01/1977,0.0
14/01/1977,0.0
15/01/1977,0.0
16/01/1977,0.0
17/01/1977,0.0
18/01/1977,0.0
19/01/1977,0.5
20/01/1977,0.0
21/01/1977,0.0
22/01/1977,0.0
23/01/1977,0.0
24/01/1977,0.0
25/01/1977,0.0
26/01/1977,0.0
27/01/1977,0.0
28/01/1977,0.0
29/01/1977,0.0
30/01/1977,0.0
31/01/1977,0.0
01/02/1977,0.5
02/02/1977,0.0
03/02/1977,0.0
04/02/1977,0.0
05/02/1977,0.0
06/02/1977,0.0
07/02/1977,2.3
08/02/1977,44.7
09/02/1977,9.0
10/02/1977,17.0
11/02/1977,0.0
12/02/1977,1.5
13/02/1977,0.0
14/02/1977,0.0
15/02/1977,0.0
16/02/1977,0.0
17/02/1977,0.0
18/02/1977,0.0
19/02/1977,0.0
20/02/1977,2.5
21/02/1977,0.0
22/02/1977,0.0
23/02/1977,5.0
24/02/1977,0.5
25/02/1977,0.0
26/02/1977,0.0
27/02/1977,0.5
28/02/1977,19.0
01/03/1977,0.0
02/03/1977,0.0
03/03/1977,0.0
04/03/1977,1.5
05/03/1977,0.0
06/03/1977,0.0
07/03/1977,0.0
08/03/1977,0.0
09/03/1977,0.0
10/03/1977,0.0
11/03/1977,0.0
12/03/1977,0.0
13/03/1977,0.0
14/03/1977,0.0
15/03/1977,0.0
16/03/1977,0.0
17/03/1977,0.0
18/03/1977,0.0
19/03/1977,0.0
20/03/1977,0.5
21/03/1977,1.5
22/03/1977,0.0
23/03/1977,0.0
24/03/1977,24.5
25/03/1977,0.0
26/03/1977,1.0
27/03/1977,0.6
28/03/1977,0.1
29/03/1977,0.1
30/03/1977,0.1
31/03/1977,0.1
01/04/1977,6.0
02/04/1977,0.0
03/04/1977,2.5
04/04/1977,6.0
05/04/1977,0.5
06/04/1977,0.0
07/04/1977,0.0
08/04/1977,0.0
09/04/1977,0.0
10/04/1977,0.0
11/04/1977,0.0
12/04/1977,0.0
13/04/1977,0.0
14/04/1977,0.0
15/04/1977,0.0
16/04/1977,0.0
17/04/1977,0.0
18/04/1977,0.0
19/04/1977,0.0
20/04/1977,0.0
21/04/1977,0.0
22/04/1977,0.0
23/04/1977,0.0
24/04/1977,0.0
25/04/1977,0.0
26/04/1977,0.0
27/04/1977,0.0
28/04/1977,0.0
29/04/1977,0.0
30/04/1977,0.0
01/05/1977,0.0
02/05/1977,0.0
03/05/1977,0.0
04/05/1977,0.0
05/05/1977,0.0
06/05/1977,0.0
07/05/1977,0.0
08/05/1977,0.0
09/05/1977,0.0
10/05/1977,0.0
11/05/1977,0.0
12/05/1977,0.0
13/05/1977,0.0
14/05/1977,0.0
15/05/1977,50.5
16/05/1977,0.0
17/05/1977,12.0
18/05/1977,8.0
19/05/1977,21.0
20/05/1977,0.5
21/05/1977,5.5
22/05/1977,12.0
23/05/1977,35.0
24/05/1977,0.0
25/05/1977,5.0
26/05/1977,0.5
27/05/1977,0.0
28/05/1977,0.0
29/05/1977,0.0
30/05/1977,0.0
31/05/1977,0.0
01/06/1977,0.0
02/06/1977,1.0
03/06/1977,0.5
04/06/1977,0.0
05/06/1977,0.0
06/06/1977,0.0
07/06/1977,0.0
08/06/1977,0.0
09/06/1977,0.0
10/06/1977,29.0
11/06/1977,16.5
12/06/1977,0.0
13/06/1977,0.5
14/06/1977,0.0
15/06/1977,0.5
16/06/1977,22.2
17/06/1977,9.3
18/06/1977,14.0
19/06/1977,37.6
20/06/1977,10.9
21/06/1977,0.0
22/06/1977,6.5
23/06/1977,0.0
24/06/1977,66.0
25/06/1977,0.0
26/06/1977,9.5
27/06/1977,18.5
28/06/1977,18.0
29/06/1977,18.5
30/06/1977,0.0
01/07/1977,0.0
02/07/1977,0.0
03/07/1977,0.0
04/07/1977,1.0
05/07/1977,0.0
06/07/1977,0.0
07/07/1977,1.0
08/07/1977,0.5
09/07/1977,0.0
10/07/1977,0.0
11/07/1977,0.0
12/07/1977,21.5
13/07/1977,0.0
14/07/1977,39.0
15/07/1977,0.0
16/07/1977,0.0
17/07/1977,0.0
18/07/1977,16.4
19/07/1977,1.6
20/07/1977,11.0
21/07/1977,10.4
22/07/1977,0.6
23/07/1977,0.0
24/07/1977,4.0
25/07/1977,2.5
26/07/1977,14.0
27/07/1977,3.0
28/07/1977,7.9
29/07/1977,1.6
30/07/1977,10.5
31/07/1977,0.0
01/08/1977,20.0
02/08/1977,5.5
03/08/1977,9.0
04/08/1977,0.0
05/08/1977,0.0
06/08/1977,18.5
07/08/1977,1.0
08/08/1977,0.0
09/08/1977,15.5
10/08/1977,5.5
11/08/1977,0.0
12/08/1977,31.0
13/08/1977,1.0
14/08/1977,0.0
15/08/1977,5.5
16/08/1977,0.0
17/08/1977,8.0
18/08/1977,15.5
19/08/1977,15.0
20/08/1977,6.5
21/08/1977,0.0
22/08/1977,0.0
23/08/1977,0.0
24/08/1977,0.0
25/08/1977,0.0
26/08/1977,17.5
27/08/1977,0.0
28/08/1977,7.0
29/08/1977,11.5
30/08/1977,3.5
31/08/1977,3.5
01/09/1977,28.0
02/09/1977,0.5
03/09/1977,0.5
04/09/1977,0.5
05/09/1977,0.0
06/09/1977,4.0
07/09/1977,1.0
08/09/1977,0.0
09/09/1977,35.0
10/09/1977,0.0
11/09/1977,13.5
12/09/1977,0.0
13/09/1977,19.5
14/09/1977,67.6
15/09/1977,30.4
16/09/1977,2.0
17/09/1977,5.0
18/09/1977,16.0
19/09/1977,0.0
20/09/1977,0.0
21/09/1977,0.0
22/09/1977,0.0
23/09/1977,31.5
24/09/1977,0.5
25/09/1977,0.0
26/09/1977,22.0
27/09/1977,9.5
28/09/1977,4.0
29/09/1977,0.5
30/09/1977,0.0
01/10/1977,4.1
02/10/1977,42.9
03/10/1977,4.5
04/10/1977,0.5
05/10/1977,1.5
06/10/1977,0.0
07/10/1977,0.0
08/10/1977,4.0
09/10/1977,11.0
10/10/1977,0.5
11/10/1977,21.4
12/10/1977,36.1
13/10/1977,31.6
14/10/1977,9.9
15/10/1977,0.0
16/10/1977,0.5
17/10/1977,0.5
18/10/1977,0.0
19/10/1977,11.7
20/10/1977,14.1
21/10/1977,1.6
22/10/1977,42.0
23/10/1977,57.5
24/10/1977,2.5
25/10/1977,0.0
26/10/1977,6.0
27/10/1977,4.0
28/10/1977,8.5
29/10/1977,3.5
28/11/1977,5.8
29/11/1977,14.7
30/11/1977,8.0
01/12/1977,3.0
02/12/1977,24.2
03/12/1977,7.3
04/12/1977,48.0
05/12/1977,11.0
06/12/1977,2.0
07/12/1977,0.0
08/12/1977,0.0
09/12/1977,11.0
10/12/1977,5.5
11/12/1977,22.3
12/12/1977,27.7
13/12/1977,0.0
14/12/1977,0.0
15/12/1977,5.5
16/12/1977,127.0
17/12/1977,14.5
18/12/1977,0.0
19/12/1977,0.0
20/12/1977,9.5
21/12/1977,5.5
22/12/1977,10.5
23/12/1977,1.5
24/12/1977,0.0
25/12/1977,0.0
26/12/1977,11.0
27/12/1977,0.0
28/12/1977,5.5
29/12/1977,2.0
30/12/1977,0.0
31/12/1977,0.0
01/01/1978,0.0
02/01/1978,0.0
03/01/1978,0.0
04/01/1978,2.0
05/01/1978,1.0
06/01/1978,0.0
07/01/1978,2.0
08/01/1978,18.0
09/01/1978,0.0
10/01/1978,0.0
11/01/1978,0.5
12/01/1978,1.5
13/01/1978,0.0
14/01/1978,0.0
15/01/1978,12.0
16/01/1978,1.5
17/01/1978,14.5
18/01/1978,20.0
19/01/1978,0.0
20/01/1978,1.3
21/01/1978,6.7
22/01/1978,3.5
23/01/1978,0.0
24/01/1978,0.0
25/01/1978,0.0
26/01/1978,0.0
27/01/1978,0.0
28/01/1978,0.0
29/01/1978,0.0
30/01/1978,0.0
31/01/1978,0.0
01/02/1978,0.0
02/02/1978,0.0
03/02/1978,1.5
04/02/1978,0.5
05/02/1978,0.0
06/02/1978,3.0
07/02/1978,0.0
08/02/1978,0.0
09/02/1978,0.0
10/02/1978,0.0
11/02/1978,0.0
12/02/1978,0.0
13/02/1978,0.0
14/02/1978,0.0
15/02/1978,4.5
16/02/1978,0.0
17/02/1978,0.0
18/02/1978,2.0
19/02/1978,0.0
20/02/1978,0.0
21/02/1978,0.0
22/02/1978,0.0
23/02/1978,21.0
24/02/1978,0.0
25/02/1978,6.0
26/02/1978,5.5
27/02/1978,2.5
28/02/1978,0.0
01/03/1978,1.5
02/03/1978,0.5
03/03/1978,0.0
04/03/1978,0.0
05/03/1978,0.0
06/03/1978,0.0
07/03/1978,0.0
08/03/1978,0.0
09/03/1978,0.0
10/03/1978,0.0
11/03/1978,0.0
12/03/1978,0.0
13/03/1978,0.0
14/03/1978,0.0
15/03/1978,0.0
16/03/1978,0.0
17/03/1978,0.0
18/03/1978,0.0
19/03/1978,0.0
20/03/1978,0.0
21/03/1978,0.0
22/03/1978,0.0
23/03/1978,0.0
24/03/1978,0.0
25/03/1978,0.0
26/03/1978,14.0
27/03/1978,12.5
28/03/1978,34.0
29/03/1978,0.0
30/03/1978,0.0
31/03/1978,0.0
01/04/1978,0.0
02/04/1978,0.0
03/04/1978,0.0
04/04/1978,0.0
05/04/1978,0.0
06/04/1978,0.0
07/04/1978,0.0
08/04/1978,0.0
09/04/1978,0.0
10/04/1978,0.0
11/04/1978,0.0
12/04/1978,0.0
13/04/1978,0.0
14/04/1978,0.0
15/04/1978,2.5
16/04/1978,0.5
17/04/1978,0.5
18/04/1978,0.0
19/04/1978,0.0
20/04/1978,0.0
21/04/1978,0.0
22/04/1978,0.0
23/04/1978,0.0
24/04/1978,0.0
25/04/1978,0.0
26/04/1978,0.0
27/04/1978,0.0
28/04/1978,0.0
29/04/1978,0.0
30/04/1978,0.0
01/05/1978,0.0
02/05/1978,0.0
03/05/1978,0.0
04/05/1978,0.0
05/05/1978,0.0
06/05/1978,0.0
07/05/1978,1.5
08/05/1978,0.0
09/05/1978,0.0
10/05/1978,5.5
11/05/1978,0.0
12/05/1978,0.0
13/05/1978,12.5
14/05/1978,3.0
15/05/1978,0.5
16/05/1978,51.0
17/05/1978,0.0
18/05/1978,0.0
19/05/1978,0.0
20/05/1978,0.0
21/05/1978,0.0
22/05/1978,0.0
23/05/1978,0.0
24/05/1978,0.0
25/05/1978,0.0
26/05/1978,0.0
27/05/1978,5.0
28/05/1978,47.0
29/05/1978,0.0
30/05/1978,24.5
31/05/1978,0.0
01/06/1978,31.0
02/06/1978,0.5
03/06/1978,2.5
04/06/1978,0.0
05/06/1978,0.0
06/06/1978,0.0
07/06/1978,27.8
08/06/1978,4.7
09/06/1978,3.0
10/06/1978,1.0
11/06/1978,0.0
12/06/1978,0.0
13/06/1978,0.0
14/06/1978,0.0
15/06/1978,0.0
16/06/1978,4.0
17/06/1978,0.0
18/06/1978,0.0
19/06/1978,9.0
20/06/1978,0.0
21/06/1978,0.0
22/06/1978,14.5
23/06/1978,0.0
24/06/1978,0.0
25/06/1978,0.0
26/06/1978,0.0
27/06/1978,0.0
28/06/1978,0.0
29/06/1978,0.0
30/06/1978,0.0
01/07/1978,0.0
02/07/1978,0.0
03/07/1978,0.0
04/07/1978,10.0
05/07/1978,0.5
06/07/1978,0.0
07/07/1978,0.0
08/07/1978,36.5
09/07/1978,0.0
10/07/1978,5.5
11/07/1978,5.5
12/07/1978,0.5
13/07/1978,0.0
14/07/1978,0.0
15/07/1978,0.0
16/07/1978,0.0
17/07/1978,0.0
18/07/1978,0.0
19/07/1978,0.0
20/07/1978,0.0
21/07/1978,1.5
22/07/1978,0.0
23/07/1978,0.0
24/07/1978,0.0
25/07/1978,0.0
26/07/1978,132.0
29/07/1978,3.6
30/07/1978,6.9
31/07/1978,0.0
01/08/1978,4.0
02/08/1978,0.5
03/08/1978,3.0
04/08/1978,0.0
05/08/1978,35.5
06/08/1978,0.0
07/08/1978,0.0
08/08/1978,0.0
09/08/1978,1.5
10/08/1978,0.0
11/08/1978,18.0
12/08/1978,0.5
13/08/1978,0.0
14/08/1978,2.5
15/08/1978,34.0
16/08/1978,0.0
17/08/1978,22.0
18/08/1978,19.5
19/08/1978,12.0
20/08/1978,1.5
21/08/1978,0.0
22/08/1978,0.0
23/08/1978,19.5
24/08/1978,0.0
25/08/1978,0.0
26/08/1978,0.0
27/08/1978,0.0
28/08/1978,34.0
29/08/1978,0.0
30/08/1978,45.5
31/08/1978,0.0
01/09/1978,5.0
02/09/1978,0.0
03/09/1978,94.5
04/09/1978,0.5
05/09/1978,0.0
06/09/1978,11.5
07/09/1978,49.0
08/09/1978,0.0
09/09/1978,15.5
10/09/1978,29.5
11/09/1978,6.0
12/09/1978,0.0
13/09/1978,0.0
14/09/1978,0.0
15/09/1978,24.5
16/09/1978,0.0
17/09/1978,23.0
18/09/1978,0.0
19/09/1978,0.0
20/09/1978,34.0
21/09/1978,0.0
22/09/1978,0.0
23/09/1978,0.5
24/09/1978,10.5
25/09/1978,0.5
26/09/1978,0.0
27/09/1978,0.0
28/09/1978,2.0
29/09/1978,0.5
30/09/1978,0.0
01/10/1978,25.0
02/10/1978,2.0
03/10/1978,0.0
04/10/1978,0.0
05/10/1978,5.0
06/10/1978,14.0
07/10/1978,5.0
08/10/1978,0.0
09/10/1978,16.0
10/10/1978,4.5
11/10/1978,0.0
12/10/1978,0.0
13/10/1978,0.0
14/10/1978,12.0
15/10/1978,0.0
16/10/1978,22.8
17/10/1978,0.7
18/10/1978,0.0
19/10/1978,0.5
20/10/1978,0.0
21/10/1978,0.0
22/10/1978,6.0
23/10/1978,0.0
24/10/1978,0.0
25/10/1978,1.0
26/10/1978,47.5
27/10/1978,7.0
28/10/1978,0.5
29/10/1978,15.2
30/10/1978,28.3
31/10/1978,14.5
01/11/1978,35.5
02/11/1978,9.5
03/11/1978,3.5
04/11/1978,1.5
05/11/1978,22.3
06/11/1978,6.2
07/11/1978,15.0
08/11/1978,21.0
09/11/1978,0.0
10/11/1978,0.0
11/11/1978,32.8
12/11/1978,38.7
13/11/1978,0.0
18/11/1978,4.5
19/11/1978,94.9
20/11/1978,61.9
21/11/1978,11.3
22/11/1978,0.0
23/11/1978,0.0
24/11/1978,0.0
25/11/1978,8.0
26/11/1978,0.0
27/11/1978,0.0
28/11/1978,0.0
29/11/1978,30.5
30/11/1978,3.0
01/12/1978,0.0
02/12/1978,20.0
03/12/1978,1.0
04/12/1978,0.0
05/12/1978,29.7
06/12/1978,300.3
07/12/1978,3.5
08/12/1978,1.5
09/12/1978,6.5
10/12/1978,1.5
11/12/1978,0.0
12/12/1978,2.0
19/12/1978,7.5
20/12/1978,9.5
21/12/1978,0.5
22/12/1978,0.0
23/12/1978,0.0
24/12/1978,1.5
25/12/1978,0.5
26/12/1978,0.0
27/12/1978,0.0
28/12/1978,0.0
29/12/1978,0.0
30/12/1978,0.5
31/12/1978,0.0
01/01/1979,21.5
02/01/1979,1.0
03/01/1979,3.0
04/01/1979,0.0
05/01/1979,0.0
06/01/1979,3.0
07/01/1979,0.0
08/01/1979,0.0
09/01/1979,0.0
10/01/1979,0.0
11/01/1979,0.0
12/01/1979,0.0
13/01/1979,0.0
14/01/1979,0.0
15/01/1979,0.0
16/01/1979,0.0
17/01/1979,0.0
18/01/1979,0.0
19/01/1979,0.0
20/01/1979,0.0
21/01/1979,0.0
22/01/1979,0.0
23/01/1979,0.0
24/01/1979,0.0
25/01/1979,0.0
26/01/1979,0.0
27/01/1979,0.0
28/01/1979,0.0
29/01/1979,0.0
30/01/1979,0.0
31/01/1979,0.0
01/02/1979,0.0
02/02/1979,0.0
03/02/1979,0.0
04/02/1979,0.0
05/02/1979,7.5
06/02/1979,0.0
07/02/1979,3.0
08/02/1979,0.0
09/02/1979,0.0
10/02/1979,0.0
11/02/1979,0.0
12/02/1979,0.0
13/02/1979,12.5
14/02/1979,0.0
15/02/1979,9.0
16/02/1979,124.5
17/02/1979,2.0
18/02/1979,0.0
19/02/1979,0.0
20/02/1979,0.0
21/02/1979,0.0
22/02/1979,0.0
23/02/1979,0.0
24/02/1979,0.0
25/02/1979,0.0
26/02/1979,0.0
27/02/1979,0.0
28/02/1979,0.0
01/03/1979,0.0
02/03/1979,0.0
03/03/1979,7.5
04/03/1979,0.0
05/03/1979,0.0
06/03/1979,0.0
07/03/1979,0.0
08/03/1979,0.0
09/03/1979,0.0
10/03/1979,0.0
11/03/1979,0.0
12/03/1979,0.0
13/03/1979,0.0
14/03/1979,0.0
15/03/1979,0.0
16/03/1979,0.0
17/03/1979,0.0
18/03/1979,0.0
19/03/1979,0.0
20/03/1979,0.0
21/03/1979,0.0
22/03/1979,0.0
23/03/1979,0.0
24/03/1979,0.0
25/03/1979,0.0
26/03/1979,0.0
27/03/1979,0.0
28/03/1979,0.0
29/03/1979,0.0
30/03/1979,0.0
31/03/1979,0.0
01/04/1979,0.0
02/04/1979,0.0
03/04/1979,0.0
04/04/1979,0.0
05/04/1979,39.5
06/04/1979,0.0
07/04/1979,0.0
08/04/1979,0.0
09/04/1979,0.0
10/04/1979,1.5
11/04/1979,0.0
12/04/1979,0.0
13/04/1979,0.0
14/04/1979,9.5
15/04/1979,2.0
16/04/1979,0.5
17/04/1979,0.9
18/04/1979,6.1
19/04/1979,21.4
20/04/1979,21.1
21/04/1979,0.5
22/04/1979,0.0
23/04/1979,12.0
24/04/1979,0.0
25/04/1979,0.0
26/04/1979,0.0
27/04/1979,0.0
28/04/1979,0.0
29/04/1979,0.5
30/04/1979,0.0
01/05/1979,11.0
02/05/1979,0.0
03/05/1979,0.0
04/05/1979,0.0
05/05/1979,0.0
06/05/1979,0.0
07/05/1979,6.5
08/05/1979,0.0
09/05/1979,0.0
10/05/1979,0.0
11/05/1979,0.0
12/05/1979,0.0
13/05/1979,0.0
14/05/1979,27.5
15/05/1979,0.0
16/05/1979,0.0
17/05/1979,0.0
18/05/1979,0.0
19/05/1979,0.0
20/05/1979,0.0
21/05/1979,18.0
22/05/1979,0.5
23/05/1979,16.5
24/05/1979,0.0
25/05/1979,4.0
26/05/1979,0.0
27/05/1979,0.0
28/05/1979,0.0
29/05/1979,0.0
30/05/1979,1.5
31/05/1979,0.0
01/06/1979,0.0
02/06/1979,0.0
03/06/1979,46.5
04/06/1979,0.0
05/06/1979,0.0
06/06/1979,0.0
07/06/1979,0.0
08/06/1979,0.0
09/06/1979,0.0
10/06/1979,0.0
11/06/1979,23.0
12/06/1979,0.0
13/06/1979,0.0
14/06/1979,0.0
15/06/1979,2.0
16/06/1979,0.0
17/06/1979,6.0
18/06/1979,3.5
19/06/1979,0.0
20/06/1979,28.5
21/06/1979,0.0
22/06/1979,0.0
23/06/1979,0.0
24/06/1979,7.5
25/06/1979,0.5
26/06/1979,0.0
27/06/1979,0.0
28/06/1979,6.5
29/06/1979,16.0
30/06/1979,0.0
01/07/1979,0.0
02/07/1979,0.0
03/07/1979,11.0
04/07/1979,0.0
05/07/1979,0.0
06/07/1979,0.0
07/07/1979,0.0
08/07/1979,0.0
09/07/1979,1.0
10/07/1979,0.0
11/07/1979,2.5
12/07/1979,0.0
13/07/1979,0.0
14/07/1979,0.0
15/07/1979,49.4
16/07/1979,3.6
17/07/1979,0.0
18/07/1979,0.0
19/07/1979,10.0
20/07/1979,0.0
21/07/1979,25.5
22/07/1979,0.5
23/07/1979,4.0
24/07/1979,0.5
25/07/1979,19.0
26/07/1979,25.0
27/07/1979,4.0
28/07/1979,0.0
29/07/1979,0.0
30/07/1979,0.0
31/07/1979,0.0
01/08/1979,0.0
02/08/1979,0.0
03/08/1979,0.0
04/08/1979,0.0
05/08/1979,2.5
06/08/1979,0.0
07/08/1979,0.0
08/08/1979,0.0
09/08/1979,0.0
10/08/1979,0.0
11/08/1979,0.0
12/08/1979,0.0
13/08/1979,1.5
14/08/1979,11.0
15/08/1979,0.5
16/08/1979,0.0
17/08/1979,0.0
18/08/1979,19.0
19/08/1979,19.0
20/08/1979,8.0
21/08/1979,12.0
22/08/1979,0.0
23/08/1979,47.0
24/08/1979,0.0
25/08/1979,0.0
26/08/1979,0.0
27/08/1979,0.0
28/08/1979,0.0
29/08/1979,0.0
30/08/1979,0.0
31/08/1979,0.0
01/09/1979,0.0
02/09/1979,0.0
03/09/1979,5.0
04/09/1979,0.0
05/09/1979,0.0
06/09/1979,14.0
07/09/1979,3.0
08/09/1979,4.0
09/09/1979,0.0
10/09/1979,0.0
11/09/1979,27.0
12/09/1979,0.0
13/09/1979,2.0
14/09/1979,0.0
15/09/1979,0.0
16/09/1979,9.1
17/09/1979,67.9
18/09/1979,55.0
19/09/1979,0.0
20/09/1979,0.0
21/09/1979,0.0
22/09/1979,0.0
23/09/1979,0.0
24/09/1979,0.0
25/09/1979,0.0
26/09/1979,0.0
27/09/1979,0.0
28/09/1979,9.0
29/09/1979,16.0
30/09/1979,1.0
01/10/1979,0.0
02/10/1979,0.0
03/10/1979,0.0
04/10/1979,0.0
05/10/1979,0.0
06/10/1979,3.0
07/10/1979,0.5
08/10/1979,0.0
09/10/1979,0.0
10/10/1979,0.0
11/10/1979,0.0
12/10/1979,0.0
13/10/1979,57.0
14/10/1979,1.0
15/10/1979,0.0
16/10/1979,0.0
17/10/1979,8.0
18/10/1979,0.5
19/10/1979,78.5
20/10/1979,0.0
21/10/1979,30.0
22/10/1979,43.4
23/10/1979,29.5
24/10/1979,97.1
25/10/1979,0.0
26/10/1979,13.0
27/10/1979,5.0
28/10/1979,3.5
29/10/1979,7.0
30/10/1979,0.0
31/10/1979,68.5
01/11/1979,60.5
02/11/1979,31.5
03/11/1979,186.0
04/11/1979,0.0
05/11/1979,0.0
06/11/1979,7.0
07/11/1979,40.0
08/11/1979,7.5
09/11/1979,2.0
10/11/1979,0.0
11/11/1979,0.0
12/11/1979,0.0
13/11/1979,16.0
14/11/1979,24.0
15/11/1979,28.5
16/11/1979,231.5
17/11/1979,56.0
18/11/1979,0.0
19/11/1979,24.8
20/11/1979,16.7
21/11/1979,9.5
22/11/1979,15.0
23/11/1979,81.0
24/11/1979,0.0
25/11/1979,4.0
26/11/1979,1.0
27/11/1979,24.0
28/11/1979,23.0
29/11/1979,0.0
30/11/1979,0.0
01/12/1979,5.5
02/12/1979,15.5
03/12/1979,10.5
04/12/1979,4.0
05/12/1979,48.0
06/12/1979,64.5
07/12/1979,0.0
08/12/1979,0.0
09/12/1979,0.0
10/12/1979,0.0
11/12/1979,1.5
12/12/1979,0.0
13/12/1979,10.0
14/12/1979,0.0
15/12/1979,0.0
16/12/1979,0.0
17/12/1979,0.0
18/12/1979,5.0
19/12/1979,0.0
20/12/1979,0.0
21/12/1979,0.0
22/12/1979,0.0
23/12/1979,0.0
24/12/1979,0.0
25/12/1979,0.0
26/12/1979,0.0
27/12/1979,0.0
28/12/1979,1.5
29/12/1979,0.0
30/12/1979,8.5
31/12/1979,7.0
01/01/1980,0.0
02/01/1980,0.0
03/01/1980,0.0
04/01/1980,6.0
05/01/1980,5.0
06/01/1980,1.0
07/01/1980,0.0
08/01/1980,1.0
09/01/1980,0.0
10/01/1980,0.0
11/01/1980,68.0
12/01/1980,0.0
13/01/1980,0.0
14/01/1980,0.0
15/01/1980,0.0
16/01/1980,1.0
17/01/1980,0.0
18/01/1980,3.0
19/01/1980,0.5
20/01/1980,0.5
21/01/1980,1.0
22/01/1980,0.5
23/01/1980,0.0
24/01/1980,0.0
25/01/1980,0.0
26/01/1980,0.0
27/01/1980,0.0
28/01/1980,0.0
29/01/1980,0.0
30/01/1980,0.0
31/01/1980,1.7
01/02/1980,1.3
02/02/1980,0.0
03/02/1980,0.0
04/02/1980,0.0
05/02/1980,0.0
06/02/1980,0.0
07/02/1980,5.0
08/02/1980,0.0
09/02/1980,0.0
10/02/1980,0.0
11/02/1980,0.0
12/02/1980,0.0
13/02/1980,0.0
14/02/1980,0.0
15/02/1980,0.0
16/02/1980,0.0
17/02/1980,3.2
18/02/1980,6.9
19/02/1980,15.6
20/02/1980,0.5
21/02/1980,3.9
22/02/1980,0.5
23/02/1980,1.7
24/02/1980,0.0
25/02/1980,0.0
26/02/1980,1.0
27/02/1980,0.0
28/02/1980,0.0
29/02/1980,0.0
01/03/1980,0.0
02/03/1980,0.0
03/03/1980,0.0
04/03/1980,0.0
05/03/1980,0.0
06/03/1980,0.0
07/03/1980,0.0
08/03/1980,0.0
09/03/1980,1.9
10/03/1980,0.0
11/03/1980,0.0
12/03/1980,0.0
13/03/1980,0.0
14/03/1980,0.0
25/03/1980,1.3
26/03/1980,0.4
27/03/1980,22.6
28/03/1980,0.0
29/03/1980,0.0
30/03/1980,0.0
31/03/1980,0.0
01/04/1980,0.0
02/04/1980,0.0
03/04/1980,61.0
04/04/1980,0.0
05/04/1980,12.7
06/04/1980,24.9
07/04/1980,0.0
08/04/1980,22.4
09/04/1980,0.7
10/04/1980,0.0
11/04/1980,0.0
12/04/1980,0.0
13/04/1980,0.0
14/04/1980,0.0
15/04/1980,0.5
16/04/1980,0.0
17/04/1980,0.0
18/04/1980,0.0
19/04/1980,0.0
20/04/1980,0.0
21/04/1980,0.0
22/04/1980,0.0
23/04/1980,24.4
24/04/1980,0.0
25/04/1980,0.0
26/04/1980,0.0
27/04/1980,0.0
28/04/1980,8.5
29/04/1980,0.0
30/04/1980,0.0
01/05/1980,0.0
02/05/1980,0.0
03/05/1980,0.0
04/05/1980,0.0
05/05/1980,0.0
06/05/1980,0.0
07/05/1980,0.0
08/05/1980,0.0
09/05/1980,0.0
10/05/1980,0.0
11/05/1980,0.0
12/05/1980,0.0
13/05/1980,0.0
14/05/1980,0.0
15/05/1980,0.0
16/05/1980,1.0
17/05/1980,0.0
18/05/1980,3.5
19/05/1980,24.0
20/05/1980,0.0
21/05/1980,0.0
22/05/1980,0.0
23/05/1980,0.0
24/05/1980,56.5
25/05/1980,0.0
26/05/1980,0.0
27/05/1980,1.0
28/05/1980,0.0
29/05/1980,0.0
30/05/1980,0.0
31/05/1980,0.0
01/06/1980,0.0
02/06/1980,0.0
03/06/1980,0.0
04/06/1980,0.0
05/06/1980,0.0
06/06/1980,8.0
07/06/1980,3.0
08/06/1980,0.5
09/06/1980,0.0
10/06/1980,0.0
11/06/1980,0.0
12/06/1980,0.0
13/06/1980,0.0
14/06/1980,0.9
15/06/1980,1.1
16/06/1980,0.0
17/06/1980,0.0
18/06/1980,0.0
19/06/1980,0.0
20/06/1980,7.5
21/06/1980,3.3
22/06/1980,2.7
23/06/1980,4.7
24/06/1980,18.3
25/06/1980,0.0
26/06/1980,1.0
27/06/1980,0.0
28/06/1980,1.5
29/06/1980,2.5
30/06/1980,0.0
01/07/1980,3.0
02/07/1980,0.0
03/07/1980,3.0
04/07/1980,1.0
05/07/1980,0.0
06/07/1980,10.0
07/07/1980,0.0
08/07/1980,4.0
09/07/1980,0.0
10/07/1980,0.0
11/07/1980,0.0
12/07/1980,0.0
13/07/1980,0.0
14/07/1980,5.0
15/07/1980,0.0
16/07/1980,0.0
17/07/1980,0.0
18/07/1980,0.0
19/07/1980,3.0
20/07/1980,3.0
21/07/1980,4.5
22/07/1980,13.1
23/07/1980,0.5
24/07/1980,0.0
25/07/1980,0.0
26/07/1980,26.0
27/07/1980,1.0
28/07/1980,0.0
29/07/1980,14.0
30/07/1980,0.0
31/07/1980,0.0
01/08/1980,7.5
02/08/1980,0.0
03/08/1980,7.5
04/08/1980,0.0
05/08/1980,0.0
06/08/1980,26.1
07/08/1980,0.9
08/08/1980,0.0
09/08/1980,40.0
10/08/1980,1.0
11/08/1980,39.5
12/08/1980,11.5
13/08/1980,0.0
14/08/1980,0.0
15/08/1980,19.2
16/08/1980,11.3
17/08/1980,4.0
18/08/1980,5.0
19/08/1980,0.0
20/08/1980,0.0
21/08/1980,0.0
22/08/1980,10.5
23/08/1980,2.5
24/08/1980,0.0
25/08/1980,12.0
26/08/1980,0.0
27/08/1980,4.5
28/08/1980,0.0
29/08/1980,8.5
30/08/1980,0.0
31/08/1980,0.0
01/09/1980,0.0
02/09/1980,0.0
03/09/1980,0.0
04/09/1980,0.0
05/09/1980,5.5
06/09/1980,0.5
07/09/1980,15.5
08/09/1980,0.0
09/09/1980,11.0
10/09/1980,3.0
11/09/1980,11.5
12/09/1980,0.5
13/09/1980,0.0
14/09/1980,18.0
15/09/1980,0.0
16/09/1980,0.0
17/09/1980,0.0
18/09/1980,6.8
19/09/1980,40.8
20/09/1980,2.9
21/09/1980,0.0
22/09/1980,0.0
23/09/1980,1.0
24/09/1980,2.0
25/09/1980,0.0
26/09/1980,1.5
27/09/1980,7.0
28/09/1980,9.5
29/09/1980,0.5
30/09/1980,0.0
01/10/1980,30.0
02/10/1980,0.5
03/10/1980,0.0
04/10/1980,27.3
05/10/1980,32.2
06/10/1980,17.0
07/10/1980,0.0
08/10/1980,7.0
09/10/1980,0.0
10/10/1980,0.0
11/10/1980,0.0
12/10/1980,0.0
13/10/1980,0.0
14/10/1980,0.0
15/10/1980,0.0
16/10/1980,59.0
17/10/1980,8.7
18/10/1980,27.3
19/10/1980,3.0
20/10/1980,68.6
21/10/1980,45.4
22/10/1980,2.5
23/10/1980,0.0
24/10/1980,4.5
25/10/1980,0.5
26/10/1980,0.0
27/10/1980,0.0
28/10/1980,0.0
29/10/1980,4.0
30/10/1980,0.0
31/10/1980,0.0
01/11/1980,0.0
02/11/1980,0.0
03/11/1980,0.0
04/11/1980,19.0
05/11/1980,33.9
06/11/1980,11.3
07/11/1980,11.9
08/11/1980,56.6
09/11/1980,11.5
10/11/1980,16.4
11/11/1980,13.0
12/11/1980,2.6
13/11/1980,19.4
14/11/1980,1.0
15/11/1980,0.0
16/11/1980,1.0
17/11/1980,0.0
18/11/1980,0.0
19/11/1980,9.5
20/11/1980,5.0
21/11/1980,2.5
22/11/1980,21.9
23/11/1980,39.6
24/11/1980,22.5
25/11/1980,12.5
26/11/1980,8.0
27/11/1980,0.0
28/11/1980,100.4
29/11/1980,20.6
30/11/1980,0.0
01/12/1980,18.0
02/12/1980,20.5
03/12/1980,13.4
04/12/1980,25.8
05/12/1980,73.9
06/12/1980,23.4
07/12/1980,17.7
08/12/1980,30.4
09/12/1980,61.3
10/12/1980,3.5
11/12/1980,0.0
12/12/1980,0.0
13/12/1980,0.0
14/12/1980,0.0
15/12/1980,8.5
16/12/1980,208.7
17/12/1980,29.8
18/12/1980,16.8
19/12/1980,237.7
20/12/1980,7.0
21/12/1980,10.5
22/12/1980,1.0
23/12/1980,0.0
24/12/1980,17.0
25/12/1980,0.0
26/12/1980,9.8
27/12/1980,0.6
28/12/1980,46.1
29/12/1980,0.5
30/12/1980,4.0
31/12/1980,0.0
01/01/1981,1.0
02/01/1981,0.0
03/01/1981,0.0
04/01/1981,0.0
05/01/1981,0.0
06/01/1981,0.0
07/01/1981,0.0
08/01/1981,0.0
09/01/1981,0.5
10/01/1981,0.0
11/01/1981,1.0
12/01/1981,0.0
13/01/1981,9.0
14/01/1981,7.1
15/01/1981,14.0
16/01/1981,11.4
17/01/1981,0.0
18/01/1981,3.5
19/01/1981,0.0
20/01/1981,0.0
21/01/1981,0.0
22/01/1981,0.0
23/01/1981,0.0
24/01/1981,0.5
25/01/1981,0.0
26/01/1981,0.0
27/01/1981,0.0
28/01/1981,0.0
29/01/1981,0.0
30/01/1981,0.0
31/01/1981,0.0
01/02/1981,9.7
02/02/1981,4.8
03/02/1981,1.5
04/02/1981,4.3
05/02/1981,2.2
06/02/1981,0.0
07/02/1981,0.0
08/02/1981,0.0
09/02/1981,0.0
10/02/1981,0.0
11/02/1981,5.5
12/02/1981,0.0
13/02/1981,0.0
14/02/1981,0.0
15/02/1981,0.0
16/02/1981,0.0
17/02/1981,0.0
18/02/1981,0.0
19/02/1981,0.0
20/02/1981,0.0
21/02/1981,0.0
22/02/1981,0.0
23/02/1981,0.0
24/02/1981,0.0
25/02/1981,0.0
26/02/1981,0.0
27/02/1981,37.3
28/02/1981,5.7
01/03/1981,0.0
02/03/1981,0.0
03/03/1981,0.0
04/03/1981,38.0
05/03/1981,0.0
06/03/1981,0.0
07/03/1981,0.0
08/03/1981,3.0
09/03/1981,0.5
10/03/1981,0.0
11/03/1981,0.0
12/03/1981,0.0
13/03/1981,0.0
14/03/1981,0.0
15/03/1981,0.0
16/03/1981,0.0
17/03/1981,0.0
18/03/1981,0.0
19/03/1981,0.0
20/03/1981,0.0
21/03/1981,0.0
22/03/1981,0.0
23/03/1981,0.0
24/03/1981,0.0
25/03/1981,0.0
26/03/1981,0.0
27/03/1981,0.0
28/03/1981,1.0
29/03/1981,0.0
30/03/1981,0.0
31/03/1981,1.5
01/04/1981,35.7
02/04/1981,12.8
03/04/1981,2.5
04/04/1981,0.0
05/04/1981,0.0
06/04/1981,0.0
07/04/1981,0.0
08/04/1981,0.0
09/04/1981,0.0
10/04/1981,0.0
11/04/1981,0.0
12/04/1981,0.0
13/04/1981,0.0
14/04/1981,0.0
15/04/1981,0.0
16/04/1981,23.0
17/04/1981,0.5
18/04/1981,0.0
19/04/1981,0.0
20/04/1981,0.0
21/04/1981,1.5
22/04/1981,0.5
23/04/1981,0.0
24/04/1981,0.0
25/04/1981,0.0
26/04/1981,0.0
27/04/1981,0.0
28/04/1981,0.0
29/04/1981,0.0
30/04/1981,0.0
01/05/1981,6.0
02/05/1981,0.0
03/05/1981,3.0
04/05/1981,4.0
05/05/1981,3.0
06/05/1981,1.0
07/05/1981,0.0
08/05/1981,0.0
09/05/1981,0.0
10/05/1981,0.0
11/05/1981,0.0
12/05/1981,38.0
13/05/1981,0.5
14/05/1981,0.0
15/05/1981,2.7
16/05/1981,1.3
17/05/1981,0.0
18/05/1981,45.0
19/05/1981,0.0
20/05/1981,0.0
21/05/1981,0.0
22/05/1981,0.0
23/05/1981,0.0
24/05/1981,46.7
25/05/1981,25.3
26/05/1981,0.0
27/05/1981,0.0
28/05/1981,0.0
29/05/1981,0.0
30/05/1981,14.5
31/05/1981,0.0
01/06/1981,0.0
02/06/1981,26.5
03/06/1981,0.0
04/06/1981,0.5
05/06/1981,0.0
06/06/1981,4.0
07/06/1981,0.0
08/06/1981,0.5
09/06/1981,3.5
10/06/1981,0.0
11/06/1981,21.5
12/06/1981,0.0
13/06/1981,11.0
14/06/1981,0.5
15/06/1981,0.0
16/06/1981,0.0
17/06/1981,0.0
18/06/1981,0.0
19/06/1981,0.0
20/06/1981,0.0
21/06/1981,0.0
22/06/1981,0.0
23/06/1981,0.0
24/06/1981,0.0
25/06/1981,0.0
26/06/1981,0.0
27/06/1981,3.0
28/06/1981,0.0
29/06/1981,0.0
30/06/1981,0.0
01/07/1981,0.0
02/07/1981,0.0
03/07/1981,0.0
04/07/1981,0.0
05/07/1981,0.5
06/07/1981,0.0
07/07/1981,0.0
08/07/1981,0.0
09/07/1981,4.5
10/07/1981,0.0
11/07/1981,0.0
12/07/1981,6.0
13/07/1981,0.0
14/07/1981,0.0
15/07/1981,0.0
16/07/1981,0.0
17/07/1981,0.2
18/07/1981,4.8
19/07/1981,0.0
20/07/1981,0.0
21/07/1981,0.0
22/07/1981,14.0
23/07/1981,0.0
24/07/1981,0.0
25/07/1981,0.0
26/07/1981,0.0
27/07/1981,1.0
28/07/1981,5.8
29/07/1981,3.0
30/07/1981,1.8
31/07/1981,3.8
01/08/1981,1.5
02/08/1981,0.0
03/08/1981,0.0
04/08/1981,0.0
05/08/1981,0.0
06/08/1981,0.0
07/08/1981,0.0
08/08/1981,0.0
09/08/1981,0.0
10/08/1981,0.0
11/08/1981,0.0
12/08/1981,0.0
13/08/1981,0.0
14/08/1981,0.0
15/08/1981,0.0
16/08/1981,0.0
17/08/1981,7.0
18/08/1981,0.5
19/08/1981,14.0
20/08/1981,8.5
21/08/1981,6.5
22/08/1981,0.5
23/08/1981,0.0
24/08/1981,0.0
25/08/1981,14.0
26/08/1981,16.0
27/08/1981,0.5
28/08/1981,0.0
29/08/1981,0.0
30/08/1981,0.0
31/08/1981,0.0
01/09/1981,10.5
02/09/1981,0.0
03/09/1981,6.8
04/09/1981,2.7
05/09/1981,0.7
06/09/1981,0.3
07/09/1981,35.3
08/09/1981,32.2
09/09/1981,0.5
10/09/1981,0.0
11/09/1981,15.0
12/09/1981,1.0
13/09/1981,2.5
14/09/1981,1.5
15/09/1981,7.5
16/09/1981,17.5
17/09/1981,0.0
18/09/1981,1.5
19/09/1981,28.5
20/09/1981,0.0
21/09/1981,0.0
22/09/1981,0.0
23/09/1981,11.0
24/09/1981,7.5
25/09/1981,0.0
26/09/1981,0.0
27/09/1981,14.5
28/09/1981,7.0
29/09/1981,0.0
30/09/1981,6.5
01/10/1981,0.0
02/10/1981,0.0
03/10/1981,0.0
04/10/1981,0.0
05/10/1981,0.0
06/10/1981,0.0
07/10/1981,0.0
08/10/1981,0.0
09/10/1981,0.0
10/10/1981,0.0
11/10/1981,0.0
12/10/1981,14.0
13/10/1981,0.5
14/10/1981,15.0
15/10/1981,14.5
16/10/1981,22.5
17/10/1981,23.2
18/10/1981,9.8
19/10/1981,0.5
20/10/1981,0.0
21/10/1981,0.0
22/10/1981,0.0
23/10/1981,0.5
24/10/1981,15.5
25/10/1981,0.0
26/10/1981,0.0
27/10/1981,14.0
28/10/1981,0.0
29/10/1981,0.0
30/10/1981,23.0
31/10/1981,2.0
01/11/1981,0.0
02/11/1981,2.0
03/11/1981,0.0
04/11/1981,2.0
05/11/1981,3.8
06/11/1981,19.7
07/11/1981,3.5
08/11/1981,27.0
09/11/1981,4.0
10/11/1981,17.0
11/11/1981,36.5
12/11/1981,50.0
13/11/1981,0.5
14/11/1981,0.0
15/11/1981,12.0
16/11/1981,18.5
17/11/1981,11.3
18/11/1981,21.3
19/11/1981,40.4
20/11/1981,15.0
21/11/1981,5.0
22/11/1981,2.0
23/11/1981,0.0
24/11/1981,0.0
25/11/1981,0.0
26/11/1981,0.0
27/11/1981,10.0
28/11/1981,12.5
29/11/1981,27.3
30/11/1981,113.3
01/12/1981,606.3
02/12/1981,130.5
03/12/1981,0.7
04/12/1981,5.3
05/12/1981,31.2
06/12/1981,32.8
07/12/1981,0.5
08/12/1981,0.0
09/12/1981,0.0
10/12/1981,259.0
11/12/1981,84.5
12/12/1981,5.5
13/12/1981,0.0
14/12/1981,14.5
15/12/1981,0.0
16/12/1981,0.0
17/12/1981,2.0
18/12/1981,0.0
19/12/1981,0.0
20/12/1981,0.0
21/12/1981,0.0
22/12/1981,0.0
23/12/1981,0.0
24/12/1981,0.0
25/12/1981,0.5
26/12/1981,0.0
27/12/1981,0.0
28/12/1981,0.0
29/12/1981,0.0
30/12/1981,0.0
31/12/1981,15.5
01/01/1982,0.5
02/01/1982,0.5
03/01/1982,0.5
04/01/1982,0.0
05/01/1982,0.0
06/01/1982,3.5
07/01/1982,0.0
08/01/1982,0.0
09/01/1982,0.0
10/01/1982,0.0
11/01/1982,0.0
12/01/1982,5.0
13/01/1982,0.0
14/01/1982,0.0
15/01/1982,0.5
16/01/1982,0.0
17/01/1982,0.0
18/01/1982,0.0
19/01/1982,0.0
20/01/1982,0.0
21/01/1982,0.0
22/01/1982,0.0
23/01/1982,0.0
24/01/1982,0.0
25/01/1982,0.0
26/01/1982,0.0
27/01/1982,0.0
28/01/1982,0.0
29/01/1982,0.0
30/01/1982,1.0
31/01/1982,0.0
01/02/1982,0.0
02/02/1982,0.0
03/02/1982,0.0
04/02/1982,0.0
05/02/1982,0.0
06/02/1982,0.0
07/02/1982,0.0
08/02/1982,0.0
09/02/1982,0.0
10/02/1982,0.0
11/02/1982,0.0
12/02/1982,0.0
13/02/1982,0.0
14/02/1982,0.0
15/02/1982,0.0
16/02/1982,13.5
17/02/1982,0.0
18/02/1982,0.0
19/02/1982,0.0
20/02/1982,0.0
21/02/1982,0.0
22/02/1982,0.0
23/02/1982,0.0
24/02/1982,0.0
25/02/1982,0.0
26/02/1982,0.0
27/02/1982,19.0
28/02/1982,0.0
01/03/1982,0.0
02/03/1982,0.0
03/03/1982,0.0
04/03/1982,0.0
05/03/1982,0.0
06/03/1982,0.0
07/03/1982,0.0
08/03/1982,0.0
09/03/1982,0.0
10/03/1982,0.0
11/03/1982,0.0
12/03/1982,0.0
13/03/1982,0.0
14/03/1982,0.0
15/03/1982,0.0
16/03/1982,0.0
17/03/1982,2.0
18/03/1982,0.0
19/03/1982,0.0
20/03/1982,0.0
21/03/1982,0.0
22/03/1982,0.0
23/03/1982,0.0
24/03/1982,0.0
25/03/1982,0.0
26/03/1982,0.0
27/03/1982,0.0
28/03/1982,4.0
29/03/1982,0.0
30/03/1982,2.0
31/03/1982,0.0
01/04/1982,13.5
02/04/1982,9.0
03/04/1982,0.0
04/04/1982,0.0
05/04/1982,0.0
06/04/1982,7.0
07/04/1982,0.0
08/04/1982,0.5
09/04/1982,8.2
10/04/1982,29.3
11/04/1982,1.5
12/04/1982,0.0
13/04/1982,0.0
14/04/1982,0.0
15/04/1982,3.5
16/04/1982,0.5
17/04/1982,1.0
18/04/1982,0.0
19/04/1982,2.0
20/04/1982,1.0
21/04/1982,0.0
22/04/1982,0.0
23/04/1982,0.0
24/04/1982,0.0
25/04/1982,0.0
26/04/1982,0.0
27/04/1982,0.0
28/04/1982,0.0
29/04/1982,0.0
30/04/1982,0.0
01/05/1982,0.0
02/05/1982,0.5
03/05/1982,0.0
04/05/1982,0.0
05/05/1982,20.1
06/05/1982,0.9
07/05/1982,0.0
08/05/1982,0.0
09/05/1982,0.0
10/05/1982,0.0
11/05/1982,0.0
12/05/1982,0.0
13/05/1982,0.0
14/05/1982,0.0
15/05/1982,0.0
16/05/1982,0.0
17/05/1982,0.0
18/05/1982,0.0
19/05/1982,0.0
20/05/1982,7.0
21/05/1982,3.5
22/05/1982,1.0
23/05/1982,2.0
24/05/1982,0.0
25/05/1982,0.0
26/05/1982,0.0
27/05/1982,0.0
28/05/1982,0.0
29/05/1982,0.0
30/05/1982,0.0
31/05/1982,0.0
01/06/1982,0.0
02/06/1982,0.0
03/06/1982,0.5
04/06/1982,0.0
05/06/1982,7.0
06/06/1982,0.5
07/06/1982,0.0
08/06/1982,0.0
09/06/1982,24.0
10/06/1982,36.9
11/06/1982,73.1
12/06/1982,3.3
13/06/1982,1.0
14/06/1982,0.0
15/06/1982,0.0
16/06/1982,0.0
17/06/1982,0.0
18/06/1982,0.0
19/06/1982,0.0
20/06/1982,0.0
21/06/1982,0.0
22/06/1982,32.7
23/06/1982,16.3
24/06/1982,0.0
25/06/1982,0.0
26/06/1982,0.0
27/06/1982,0.0
28/06/1982,0.0
29/06/1982,15.5
30/06/1982,0.0
01/07/1982,0.0
02/07/1982,2.5
03/07/1982,8.0
04/07/1982,0.5
05/07/1982,16.0
06/07/1982,33.0
07/07/1982,10.0
08/07/1982,14.0
09/07/1982,0.0
10/07/1982,1.5
11/07/1982,2.3
12/07/1982,1.2
13/07/1982,0.0
14/07/1982,21.3
15/07/1982,10.7
16/07/1982,4.3
17/07/1982,14.8
18/07/1982,19.3
19/07/1982,4.5
20/07/1982,0.5
21/07/1982,1.5
22/07/1982,0.0
23/07/1982,0.0
24/07/1982,0.0
25/07/1982,0.0
26/07/1982,0.0
27/07/1982,1.5
28/07/1982,0.0
29/07/1982,0.0
30/07/1982,11.0
31/07/1982,9.0
01/08/1982,0.0
02/08/1982,0.0
03/08/1982,0.0
04/08/1982,16.7
05/08/1982,27.3
06/08/1982,9.5
07/08/1982,11.5
08/08/1982,13.5
09/08/1982,0.0
10/08/1982,0.0
11/08/1982,9.3
12/08/1982,4.7
13/08/1982,25.7
14/08/1982,13.2
15/08/1982,3.8
16/08/1982,7.8
17/08/1982,0.5
18/08/1982,0.0
19/08/1982,0.0
20/08/1982,0.0
21/08/1982,30.0
22/08/1982,15.5
23/08/1982,2.5
24/08/1982,9.5
25/08/1982,0.0
26/08/1982,6.5
27/08/1982,0.0
28/08/1982,7.5
29/08/1982,0.5
30/08/1982,61.0
31/08/1982,17.5
01/09/1982,9.0
02/09/1982,0.5
03/09/1982,0.0
04/09/1982,10.0
05/09/1982,3.5
06/09/1982,0.0
07/09/1982,0.0
08/09/1982,0.0
09/09/1982,0.0
10/09/1982,24.0
11/09/1982,0.5
12/09/1982,0.0
13/09/1982,87.6
14/09/1982,2.4
15/09/1982,4.0
16/09/1982,0.5
17/09/1982,0.0
18/09/1982,0.0
19/09/1982,0.0
20/09/1982,0.0
21/09/1982,4.0
22/09/1982,0.5
23/09/1982,6.5
24/09/1982,4.0
25/09/1982,2.0
26/09/1982,0.0
27/09/1982,0.0
28/09/1982,0.0
29/09/1982,0.0
30/09/1982,13.5
01/10/1982,1.5
02/10/1982,7.0
03/10/1982,0.0
04/10/1982,20.7
05/10/1982,10.3
06/10/1982,0.0
07/10/1982,1.0
08/10/1982,0.0
09/10/1982,0.0
10/10/1982,0.3
11/10/1982,1.2
12/10/1982,0.0
13/10/1982,0.0
14/10/1982,20.7
15/10/1982,13.7
16/10/1982,1.7
17/10/1982,5.3
18/10/1982,13.2
19/10/1982,6.0
20/10/1982,3.7
21/10/1982,1.3
22/10/1982,0.0
23/10/1982,0.0
24/10/1982,0.0
25/10/1982,5.0
26/10/1982,0.0
27/10/1982,15.0
28/10/1982,15.5
29/10/1982,10.0
30/10/1982,4.3
31/10/1982,3.2
01/11/1982,16.5
02/11/1982,34.0
03/11/1982,23.3
04/11/1982,29.2
05/11/1982,13.0
06/11/1982,0.0
07/11/1982,0.0
08/11/1982,0.0
09/11/1982,0.5
10/11/1982,8.0
11/11/1982,4.5
12/11/1982,21.7
13/11/1982,10.8
14/11/1982,0.0
15/11/1982,0.0
16/11/1982,4.0
17/11/1982,0.0
18/11/1982,0.0
19/11/1982,0.0
20/11/1982,21.7
21/11/1982,10.3
22/11/1982,15.8
23/11/1982,31.0
24/11/1982,11.7
25/11/1982,2.0
26/11/1982,7.5
27/11/1982,3.0
28/11/1982,1.0
29/11/1982,0.0
30/11/1982,2.0
01/12/1982,0.0
02/12/1982,22.0
03/12/1982,0.0
04/12/1982,0.0
05/12/1982,0.0
06/12/1982,19.3
07/12/1982,44.3
08/12/1982,51.3
09/12/1982,80.7
10/12/1982,33.8
11/12/1982,1.0
12/12/1982,0.0
13/12/1982,0.7
14/12/1982,110.7
15/12/1982,224.0
16/12/1982,28.2
17/12/1982,0.0
18/12/1982,16.3
19/12/1982,10.2
20/12/1982,1.3
21/12/1982,4.8
22/12/1982,5.7
23/12/1982,2.3
24/12/1982,1.3
25/12/1982,5.5
26/12/1982,7.8
27/12/1982,2.7
28/12/1982,12.3
29/12/1982,5.2
30/12/1982,0.0
31/12/1982,0.0
01/01/1983,0.0
02/01/1983,12.3
03/01/1983,6.2
04/01/1983,0.0
05/01/1983,2.0
06/01/1983,7.5
07/01/1983,4.5
08/01/1983,0.0
09/01/1983,5.0
10/01/1983,0.0
11/01/1983,4.5
12/01/1983,7.0
13/01/1983,0.0
14/01/1983,2.4
15/01/1983,5.1
16/01/1983,0.0
17/01/1983,0.0
18/01/1983,0.0
19/01/1983,0.0
20/01/1983,0.0
21/01/1983,0.0
22/01/1983,8.5
23/01/1983,1.0
24/01/1983,0.0
25/01/1983,0.0
26/01/1983,0.0
27/01/1983,0.0
28/01/1983,0.0
29/01/1983,0.0
30/01/1983,0.0
31/01/1983,0.0
01/02/1983,0.0
02/02/1983,0.0
03/02/1983,0.0
04/02/1983,0.0
05/02/1983,0.0
06/02/1983,0.0
07/02/1983,0.0
08/02/1983,0.0
09/02/1983,0.0
10/02/1983,0.0
11/02/1983,0.0
12/02/1983,0.0
13/02/1983,0.0
14/02/1983,0.0
15/02/1983,0.0
16/02/1983,0.0
17/02/1983,0.0
18/02/1983,0.0
19/02/1983,0.0
20/02/1983,0.0
21/02/1983,0.0
22/02/1983,0.0
23/02/1983,0.0
24/02/1983,4.5
25/02/1983,0.0
26/02/1983,0.0
27/02/1983,0.0
28/02/1983,0.0
01/03/1983,0.0
02/03/1983,0.0
03/03/1983,0.0
04/03/1983,0.0
05/03/1983,0.0
06/03/1983,0.0
07/03/1983,14.0
08/03/1983,0.0
09/03/1983,0.0
10/03/1983,0.0
11/03/1983,0.0
12/03/1983,0.0
13/03/1983,0.0
14/03/1983,0.0
15/03/1983,0.0
16/03/1983,0.0
17/03/1983,0.0
18/03/1983,23.0
19/03/1983,49.0
20/03/1983,0.0
21/03/1983,2.0
22/03/1983,0.0
23/03/1983,0.0
24/03/1983,0.0
25/03/1983,0.0
26/03/1983,0.0
27/03/1983,0.0
28/03/1983,0.0
29/03/1983,0.0
30/03/1983,0.0
31/03/1983,0.0
01/04/1983,0.0
02/04/1983,0.0
03/04/1983,0.0
04/04/1983,0.0
05/04/1983,0.0
06/04/1983,0.0
07/04/1983,0.0
08/04/1983,0.0
09/04/1983,0.0
10/04/1983,0.0
11/04/1983,0.0
12/04/1983,0.0
13/04/1983,0.0
14/04/1983,0.0
15/04/1983,0.0
16/04/1983,0.0
17/04/1983,0.0
18/04/1983,0.0
19/04/1983,0.0
20/04/1983,0.0
21/04/1983,0.0
22/04/1983,0.0
23/04/1983,0.0
24/04/1983,0.0
25/04/1983,0.0
26/04/1983,0.0
27/04/1983,0.0
28/04/1983,0.0
29/04/1983,0.0
30/04/1983,0.0
01/05/1983,0.5
02/05/1983,16.0
03/05/1983,0.0
04/05/1983,0.0
05/05/1983,0.0
06/05/1983,0.0
07/05/1983,0.0
08/05/1983,0.0
09/05/1983,0.0
10/05/1983,0.0
11/05/1983,0.0
12/05/1983,0.0
13/05/1983,0.0
14/05/1983,0.0
15/05/1983,0.0
16/05/1983,0.0
17/05/1983,0.0
18/05/1983,0.0
19/05/1983,0.0
20/05/1983,0.0
21/05/1983,0.0
22/05/1983,0.0
23/05/1983,49.5
24/05/1983,3.5
25/05/1983,1.5
26/05/1983,5.0
27/05/1983,0.0
28/05/1983,32.7
29/05/1983,2.8
30/05/1983,0.0
31/05/1983,0.0
01/06/1983,0.0
02/06/1983,0.0
03/06/1983,0.0
04/06/1983,12.0
05/06/1983,0.0
06/06/1983,20.0
07/06/1983,2.6
08/06/1983,0.4
09/06/1983,0.0
10/06/1983,10.5
11/06/1983,1.0
12/06/1983,0.0
13/06/1983,0.0
14/06/1983,1.5
15/06/1983,0.0
16/06/1983,0.0
17/06/1983,0.0
18/06/1983,19.3
19/06/1983,29.7
20/06/1983,1.5
21/06/1983,0.0
22/06/1983,0.0
23/06/1983,39.0
24/06/1983,0.0
25/06/1983,0.0
26/06/1983,0.0
27/06/1983,0.0
28/06/1983,0.0
29/06/1983,0.0
30/06/1983,0.0
01/07/1983,0.0
02/07/1983,0.0
03/07/1983,3.3
04/07/1983,4.7
05/07/1983,35.0
06/07/1983,3.0
07/07/1983,0.0
08/07/1983,0.0
09/07/1983,5.5
10/07/1983,1.0
11/07/1983,7.0
12/07/1983,0.5
13/07/1983,36.7
14/07/1983,72.8
15/07/1983,14.0
16/07/1983,0.0
17/07/1983,9.0
18/07/1983,0.0
19/07/1983,0.0
20/07/1983,4.9
21/07/1983,1.6
22/07/1983,1.5
23/07/1983,49.5
24/07/1983,0.0
25/07/1983,17.5
26/07/1983,7.0
27/07/1983,0.0
28/07/1983,0.5
29/07/1983,0.0
30/07/1983,0.0
31/07/1983,0.0
01/08/1983,0.0
02/08/1983,0.0
03/08/1983,0.0
04/08/1983,22.5
05/08/1983,31.0
06/08/1983,0.0
07/08/1983,2.5
08/08/1983,0.0
09/08/1983,0.0
10/08/1983,0.0
11/08/1983,1.0
12/08/1983,0.0
13/08/1983,31.0
14/08/1983,46.0
15/08/1983,15.0
16/08/1983,6.0
17/08/1983,0.0
18/08/1983,0.0
19/08/1983,0.0
20/08/1983,0.5
21/08/1983,5.0
22/08/1983,84.0
23/08/1983,0.0
24/08/1983,0.0
25/08/1983,0.0
26/08/1983,0.0
27/08/1983,0.5
28/08/1983,0.0
29/08/1983,0.0
30/08/1983,20.0
31/08/1983,14.0
01/09/1983,0.0
02/09/1983,0.0
03/09/1983,0.0
04/09/1983,0.0
05/09/1983,2.0
06/09/1983,0.5
07/09/1983,0.0
08/09/1983,0.0
09/09/1983,2.0
10/09/1983,2.0
11/09/1983,0.5
12/09/1983,2.5
13/09/1983,0.0
14/09/1983,0.0
15/09/1983,0.0
16/09/1983,0.0
17/09/1983,31.5
18/09/1983,44.5
19/09/1983,0.0
20/09/1983,0.0
21/09/1983,23.5
22/09/1983,17.0
23/09/1983,3.0
24/09/1983,0.5
25/09/1983,0.0
26/09/1983,0.0
27/09/1983,6.5
28/09/1983,2.0
29/09/1983,15.0
30/09/1983,0.0
01/10/1983,0.0
02/10/1983,1.5
03/10/1983,0.0
04/10/1983,0.0
05/10/1983,0.0
06/10/1983,0.0
07/10/1983,28.4
08/10/1983,44.1
09/10/1983,0.0
10/10/1983,0.0
11/10/1983,26.5
12/10/1983,0.0
13/10/1983,23.0
14/10/1983,0.0
15/10/1983,0.0
16/10/1983,0.0
24/10/1983,15.5
25/10/1983,45.0
26/10/1983,49.5
27/10/1983,31.0
28/10/1983,0.0
29/10/1983,0.0
30/10/1983,10.5
31/10/1983,46.5
01/11/1983,0.0
02/11/1983,5.5
03/11/1983,0.0
04/11/1983,0.0
05/11/1983,0.0
06/11/1983,55.0
07/11/1983,8.5
08/11/1983,0.0
09/11/1983,0.0
10/11/1983,0.0
11/11/1983,4.5
12/11/1983,0.0
13/11/1983,1.0
14/11/1983,1.0
15/11/1983,11.5
16/11/1983,25.0
17/11/1983,2.0
18/11/1983,17.0
19/11/1983,10.5
20/11/1983,2.5
21/11/1983,19.0
22/11/1983,0.0
23/11/1983,3.0
24/11/1983,2.5
25/11/1983,21.5
26/11/1983,6.5
27/11/1983,110.8
28/11/1983,94.7
29/11/1983,0.0
30/11/1983,0.0
01/12/1983,26.0
02/12/1983,25.0
03/12/1983,123.7
04/12/1983,223.1
05/12/1983,106.3
06/12/1983,149.0
07/12/1983,32.0
08/12/1983,23.5
09/12/1983,7.0
10/12/1983,0.5
11/12/1983,55.0
12/12/1983,98.4
13/12/1983,167.7
14/12/1983,250.3
15/12/1983,156.0
16/12/1983,9.0
17/12/1983,1.0
18/12/1983,3.5
19/12/1983,0.0
20/12/1983,21.0
21/12/1983,1.5
22/12/1983,4.5
23/12/1983,1.0
24/12/1983,18.5
25/12/1983,6.0
26/12/1983,8.0
27/12/1983,53.5
28/12/1983,0.0
29/12/1983,0.0
30/12/1983,0.0
31/12/1983,0.0
01/01/1984,0.0
02/01/1984,0.0
03/01/1984,0.5
04/01/1984,16.5
05/01/1984,9.0
06/01/1984,5.5
07/01/1984,8.0
08/01/1984,2.0
09/01/1984,1.0
10/01/1984,1.0
11/01/1984,2.5
12/01/1984,0.0
13/01/1984,0.0
14/01/1984,0.5
15/01/1984,0.0
16/01/1984,0.0
17/01/1984,0.0
18/01/1984,0.0
19/01/1984,0.0
20/01/1984,0.0
21/01/1984,0.0
22/01/1984,0.0
23/01/1984,12.5
24/01/1984,0.5
25/01/1984,3.5
26/01/1984,0.0
27/01/1984,14.0
28/01/1984,1.5
29/01/1984,2.5
30/01/1984,21.5
31/01/1984,3.0
01/02/1984,3.5
02/02/1984,0.0
03/02/1984,1.0
04/02/1984,15.0
05/02/1984,0.5
06/02/1984,2.5
07/02/1984,5.0
08/02/1984,0.5
09/02/1984,10.0
10/02/1984,0.5
11/02/1984,6.7
12/02/1984,1.3
13/02/1984,0.0
14/02/1984,0.0
15/02/1984,1.5
16/02/1984,0.0
17/02/1984,0.0
18/02/1984,2.0
19/02/1984,9.5
20/02/1984,0.0
21/02/1984,0.0
22/02/1984,0.0
23/02/1984,0.0
24/02/1984,0.0
25/02/1984,0.0
26/02/1984,1.5
27/02/1984,25.5
28/02/1984,2.0
29/02/1984,1.0
01/03/1984,1.5
02/03/1984,0.0
03/03/1984,2.0
04/03/1984,0.0
05/03/1984,0.0
06/03/1984,0.0
07/03/1984,0.0
08/03/1984,0.0
09/03/1984,0.0
10/03/1984,0.0
11/03/1984,0.0
12/03/1984,0.0
13/03/1984,0.0
14/03/1984,0.0
15/03/1984,0.0
16/03/1984,0.0
17/03/1984,0.0
18/03/1984,0.0
19/03/1984,0.0
20/03/1984,0.0
21/03/1984,0.0
22/03/1984,36.5
23/03/1984,0.5
24/03/1984,73.0
25/03/1984,40.5
26/03/1984,1.0
27/03/1984,2.5
28/03/1984,7.5
29/03/1984,29.5
30/03/1984,6.5
31/03/1984,0.0
01/04/1984,0.0
02/04/1984,0.0
03/04/1984,0.0
04/04/1984,0.0
05/04/1984,0.0
06/04/1984,0.0
07/04/1984,0.0
08/04/1984,0.0
09/04/1984,1.0
10/04/1984,9.0
11/04/1984,12.5
12/04/1984,0.0
13/04/1984,0.0
14/04/1984,0.0
15/04/1984,0.0
16/04/1984,10.5
17/04/1984,1.0
18/04/1984,0.0
19/04/1984,35.0
20/04/1984,1.5
21/04/1984,0.5
22/04/1984,0.0
23/04/1984,0.0
24/04/1984,0.0
25/04/1984,0.0
26/04/1984,0.0
27/04/1984,0.5
28/04/1984,0.0
29/04/1984,0.0
30/04/1984,0.0
01/05/1984,0.3
02/05/1984,2.7
03/05/1984,0.0
04/05/1984,0.0
05/05/1984,0.0
06/05/1984,0.0
07/05/1984,0.0
08/05/1984,33.0
09/05/1984,0.0
10/05/1984,0.0
11/05/1984,0.0
12/05/1984,0.0
13/05/1984,10.0
14/05/1984,0.0
15/05/1984,0.0
16/05/1984,0.0
17/05/1984,3.0
18/05/1984,0.0
19/05/1984,0.0
20/05/1984,0.0
21/05/1984,0.0
22/05/1984,31.0
23/05/1984,0.0
24/05/1984,0.0
25/05/1984,6.0
26/05/1984,19.0
27/05/1984,0.0
28/05/1984,4.5
29/05/1984,0.0
30/05/1984,9.5
31/05/1984,0.0
01/06/1984,47.2
02/06/1984,5.3
03/06/1984,19.5
04/06/1984,0.0
05/06/1984,0.0
06/06/1984,0.0
07/06/1984,5.0
08/06/1984,0.0
09/06/1984,0.0
10/06/1984,0.5
11/06/1984,0.0
12/06/1984,0.0
13/06/1984,0.0
14/06/1984,0.0
15/06/1984,0.0
16/06/1984,27.2
17/06/1984,15.3
18/06/1984,15.4
19/06/1984,1.6
01/01/1993,0.0
02/01/1993,0.0
03/01/1993,0.0
04/01/1993,5.5
05/01/1993,0.0
06/01/1993,0.0
07/01/1993,0.0
08/01/1993,1.0
09/01/1993,0.0
10/01/1993,0.0
11/01/1993,0.0
12/01/1993,2.0
13/01/1993,43.5
14/01/1993,104.5
15/01/1993,3.3
16/01/1993,5.2
17/01/1993,1.0
18/01/1993,3.5
19/01/1993,0.0
20/01/1993,0.5
21/01/1993,2.5
22/01/1993,2.5
23/01/1993,0.0
24/01/1993,0.0
25/01/1993,0.0
26/01/1993,0.0
27/01/1993,0.0
28/01/1993,26.5
29/01/1993,59.0
30/01/1993,0.0
31/01/1993,0.0
01/02/1993,3.0
02/02/1993,0.5
03/02/1993,2.0
04/02/1993,0.0
05/02/1993,0.0
06/02/1993,0.0
07/02/1993,0.0
08/02/1993,0.0
09/02/1993,0.0
10/02/1993,2.0
11/02/1993,0.0
12/02/1993,0.0
13/02/1993,0.0
14/02/1993,0.0
15/02/1993,0.0
16/02/1993,0.0
17/02/1993,0.0
18/02/1993,0.0
19/02/1993,0.0
20/02/1993,0.0
21/02/1993,0.0
22/02/1993,0.0
23/02/1993,0.0
24/02/1993,21.0
25/02/1993,27.0
26/02/1993,5.3
27/02/1993,11.2
28/02/1993,0.0
01/03/1993,0.0
02/03/1993,0.0
03/03/1993,0.0
04/03/1993,0.0
05/03/1993,0.0
06/03/1993,0.0
07/03/1993,0.0
08/03/1993,19.5
09/03/1993,2.5
10/03/1993,0.0
11/03/1993,0.0
12/03/1993,15.5
13/03/1993,81.5
14/03/1993,12.0
15/03/1993,28.0
16/03/1993,0.5
17/03/1993,0.0
18/03/1993,0.0
19/03/1993,0.0
20/03/1993,7.5
21/03/1993,0.5
22/03/1993,0.0
23/03/1993,0.0
24/03/1993,0.0
25/03/1993,0.0
26/03/1993,0.0
27/03/1993,0.0
28/03/1993,0.0
29/03/1993,0.0
30/03/1993,0.0
31/03/1993,0.0
01/04/1993,0.0
02/04/1993,0.0
03/04/1993,0.0
04/04/1993,0.0
05/04/1993,0.0
06/04/1993,0.0
07/04/1993,0.0
08/04/1993,0.0
09/04/1993,3.4
10/04/1993,51.4
11/04/1993,10.2
12/04/1993,6.0
13/04/1993,1.0
14/04/1993,22.0
15/04/1993,0.0
16/04/1993,25.0
17/04/1993,0.0
18/04/1993,0.0
19/04/1993,0.0
20/04/1993,0.0
21/04/1993,0.0
22/04/1993,0.0
23/04/1993,0.0
24/04/1993,0.0
25/04/1993,0.0
26/04/1993,0.0
27/04/1993,0.0
28/04/1993,0.0
29/04/1993,0.0
30/04/1993,0.0
01/05/1993,0.0
02/05/1993,0.0
03/05/1993,0.0
04/05/1993,0.0
05/05/1993,0.0
06/05/1993,0.0
07/05/1993,0.0
08/05/1993,0.0
09/05/1993,0.0
10/05/1993,0.0
11/05/1993,0.0
12/05/1993,0.0
13/05/1993,0.0
14/05/1993,0.0
15/05/1993,0.0
16/05/1993,0.0
17/05/1993,48.0
18/05/1993,0.0
19/05/1993,14.5
20/05/1993,0.0
21/05/1993,0.0
22/05/1993,0.0
23/05/1993,0.0
24/05/1993,0.0
25/05/1993,0.5
26/05/1993,0.5
27/05/1993,0.0
28/05/1993,0.0
29/05/1993,0.0
30/05/1993,0.0
31/05/1993,0.0
01/06/1993,0.0
02/06/1993,0.5
03/06/1993,0.0
04/06/1993,0.0
05/06/1993,7.5
06/06/1993,0.0
07/06/1993,0.0
08/06/1993,0.0
09/06/1993,1.0
10/06/1993,16.5
11/06/1993,22.5
12/06/1993,6.0
13/06/1993,0.0
14/06/1993,0.0
15/06/1993,0.0
16/06/1993,0.0
17/06/1993,0.0
18/06/1993,0.0
19/06/1993,6.5
20/06/1993,0.5
21/06/1993,0.5
22/06/1993,0.0
23/06/1993,0.0
24/06/1993,0.0
25/06/1993,0.0
26/06/1993,0.0
27/06/1993,0.0
28/06/1993,3.5
29/06/1993,0.0
30/06/1993,60.5
01/07/1993,0.0
02/07/1993,41.5
03/07/1993,0.0
04/07/1993,9.5
05/07/1993,9.4
06/07/1993,5.1
07/07/1993,62.2
08/07/1993,2.3
09/07/1993,0.0
10/07/1993,0.0
11/07/1993,0.0
12/07/1993,0.0
13/07/1993,0.0
14/07/1993,0.0
15/07/1993,0.0
16/07/1993,0.0
17/07/1993,0.0
18/07/1993,0.0
19/07/1993,0.0
20/07/1993,2.4
21/07/1993,30.6
22/07/1993,0.0
23/07/1993,0.0
24/07/1993,0.0
25/07/1993,32.5
26/07/1993,0.0
27/07/1993,0.0
28/07/1993,0.5
29/07/1993,0.0
30/07/1993,0.0
31/07/1993,0.7
01/08/1993,30.3
02/08/1993,0.5
03/08/1993,3.5
04/08/1993,0.0
05/08/1993,5.0
06/08/1993,4.0
07/08/1993,2.5
08/08/1993,2.6
09/08/1993,2.9
10/08/1993,0.6
11/08/1993,21.9
12/08/1993,0.0
13/08/1993,0.0
14/08/1993,0.0
15/08/1993,0.0
16/08/1993,0.0
17/08/1993,0.0
18/08/1993,10.0
19/08/1993,0.0
20/08/1993,11.5
21/08/1993,3.0
22/08/1993,8.5
23/08/1993,48.5
24/08/1993,0.5
25/08/1993,0.0
26/08/1993,4.5
27/08/1993,0.0
28/08/1993,1.0
29/08/1993,0.0
30/08/1993,0.5
31/08/1993,0.0
01/09/1993,0.5
02/09/1993,0.5
03/09/1993,0.0
04/09/1993,3.5
05/09/1993,0.0
06/09/1993,1.0
07/09/1993,1.5
08/09/1993,2.6
09/09/1993,1.4
10/09/1993,8.0
11/09/1993,0.0
12/09/1993,1.8
13/09/1993,56.5
14/09/1993,7.2
15/09/1993,0.0
16/09/1993,8.0
17/09/1993,23.0
18/09/1993,0.0
19/09/1993,0.0
20/09/1993,0.0
21/09/1993,0.0
22/09/1993,0.0
23/09/1993,0.0
24/09/1993,0.0
25/09/1993,0.0
26/09/1993,0.0
27/09/1993,22.5
28/09/1993,0.0
29/09/1993,30.5
30/09/1993,25.0
01/10/1993,30.2
02/10/1993,5.8
03/10/1993,38.0
04/10/1993,4.5
05/10/1993,0.0
06/10/1993,0.0
07/10/1993,0.0
08/10/1993,0.0
09/10/1993,0.0
10/10/1993,60.3
11/10/1993,31.1
12/10/1993,8.6
13/10/1993,0.0
14/10/1993,0.0
15/10/1993,5.0
16/10/1993,7.0
17/10/1993,0.5
18/10/1993,0.0
19/10/1993,0.5
20/10/1993,0.0
21/10/1993,0.0
22/10/1993,0.0
23/10/1993,5.0
24/10/1993,53.3
25/10/1993,3.2
26/10/1993,0.0
27/10/1993,0.0
28/10/1993,0.0
29/10/1993,5.0
30/10/1993,65.5
31/10/1993,108.0
01/11/1993,142.1
02/11/1993,50.4
03/11/1993,28.0
04/11/1993,0.0
05/11/1993,9.0
06/11/1993,36.0
07/11/1993,35.0
08/11/1993,51.5
09/11/1993,19.7
10/11/1993,14.8
11/11/1993,0.0
12/11/1993,0.0
13/11/1993,0.0
14/11/1993,25.0
15/11/1993,3.0
16/11/1993,0.0
17/11/1993,0.0
18/11/1993,0.0
19/11/1993,0.0
20/11/1993,0.0
21/11/1993,15.0
22/11/1993,124.3
23/11/1993,10.7
24/11/1993,43.0
25/11/1993,0.5
26/11/1993,0.0
27/11/1993,6.0
28/11/1993,14.0
29/11/1993,49.9
30/11/1993,51.1
01/12/1993,0.5
02/12/1993,47.0
03/12/1993,11.5
04/12/1993,1.5
05/12/1993,31.0
06/12/1993,47.5
07/12/1993,15.6
08/12/1993,11.4
09/12/1993,0.0
10/12/1993,31.3
11/12/1993,17.7
12/12/1993,0.0
13/12/1993,0.0
14/12/1993,0.0
15/12/1993,0.0
16/12/1993,13.0
17/12/1993,11.0
18/12/1993,7.0
19/12/1993,3.0
20/12/1993,4.0
21/12/1993,7.0
22/12/1993,9.5
23/12/1993,7.0
24/12/1993,57.9
25/12/1993,34.5
26/12/1993,9.2
27/12/1993,0.0
28/12/1993,0.0
01/01/1994,0.0
02/01/1994,8.2
03/01/1994,5.3
04/01/1994,0.0
05/01/1994,0.0
06/01/1994,0.0
07/01/1994,0.0
08/01/1994,0.0
09/01/1994,0.0
10/01/1994,0.0
11/01/1994,4.4
12/01/1994,5.1
13/01/1994,0.0
14/01/1994,0.0
15/01/1994,0.0
16/01/1994,0.0
17/01/1994,0.0
18/01/1994,0.0
19/01/1994,0.0
20/01/1994,4.5
21/01/1994,0.0
22/01/1994,2.5
23/01/1994,0.0
24/01/1994,0.0
25/01/1994,0.0
26/01/1994,0.0
27/01/1994,0.0
28/01/1994,1.0
29/01/1994,13.0
30/01/1994,2.0
31/01/1994,2.5
01/02/1994,2.5
02/02/1994,2.0
03/02/1994,0.5
04/02/1994,0.0
05/02/1994,0.5
06/02/1994,0.5
07/02/1994,2.5
08/02/1994,0.0
09/02/1994,0.0
10/02/1994,13.0
11/02/1994,0.0
12/02/1994,0.0
13/02/1994,0.0
14/02/1994,0.0
15/02/1994,0.0
16/02/1994,0.0
17/02/1994,0.0
18/02/1994,0.0
19/02/1994,0.0
20/02/1994,0.0
21/02/1994,0.0
22/02/1994,0.0
23/02/1994,0.0
24/02/1994,0.0
25/02/1994,0.0
26/02/1994,0.0
27/02/1994,0.0
28/02/1994,16.0
01/03/1994,0.0
02/03/1994,0.0
03/03/1994,0.0
04/03/1994,0.0
05/03/1994,4.5
06/03/1994,0.0
07/03/1994,1.5
08/03/1994,0.5
09/03/1994,0.0
10/03/1994,0.0
11/03/1994,0.0
12/03/1994,0.5
13/03/1994,0.5
14/03/1994,27.0
15/03/1994,75.4
16/03/1994,94.8
17/03/1994,140.1
18/03/1994,8.7
19/03/1994,0.0
20/03/1994,13.0
21/03/1994,7.0
22/03/1994,0.0
23/03/1994,0.0
24/03/1994,17.5
25/03/1994,8.5
26/03/1994,4.3
27/03/1994,8.2
28/03/1994,21.3
29/03/1994,14.2
30/03/1994,1.5
31/03/1994,0.0
01/04/1994,0.0
02/04/1994,0.0
03/04/1994,0.0
04/04/1994,0.0
05/04/1994,0.0
06/04/1994,0.0
07/04/1994,0.0
08/04/1994,0.0
09/04/1994,0.0
10/04/1994,0.0
11/04/1994,0.0
12/04/1994,0.0
13/04/1994,0.0
14/04/1994,0.0
15/04/1994,8.0
16/04/1994,0.0
17/04/1994,0.0
18/04/1994,0.0
19/04/1994,0.0
20/04/1994,0.0
21/04/1994,0.0
22/04/1994,0.0
23/04/1994,0.0
24/04/1994,0.0
25/04/1994,0.0
26/04/1994,0.0
27/04/1994,0.0
28/04/1994,0.0
29/04/1994,0.0
30/04/1994,0.0
01/05/1994,5.0
02/05/1994,0.5
03/05/1994,0.0
04/05/1994,15.5
05/05/1994,34.5
06/05/1994,24.0
07/05/1994,18.0
08/05/1994,5.5
09/05/1994,30.0
10/05/1994,13.5
11/05/1994,4.0
12/05/1994,9.0
13/05/1994,9.5
14/05/1994,0.0
15/05/1994,0.0
16/05/1994,0.0
17/05/1994,0.0
18/05/1994,14.0
19/05/1994,0.0
20/05/1994,0.0
21/05/1994,0.0
22/05/1994,3.0
23/05/1994,0.0
24/05/1994,0.0
25/05/1994,2.0
26/05/1994,0.0
27/05/1994,0.0
28/05/1994,1.5
29/05/1994,0.0
30/05/1994,0.0
31/05/1994,0.0
01/06/1994,0.0
02/06/1994,0.0
03/06/1994,0.0
04/06/1994,0.0
05/06/1994,0.0
06/06/1994,0.0
07/06/1994,0.0
08/06/1994,0.0
09/06/1994,13.5
10/06/1994,7.5
11/06/1994,0.0
12/06/1994,0.0
13/06/1994,0.0
14/06/1994,0.0
22/06/1994,0.0
23/06/1994,15.5
24/06/1994,0.0
25/06/1994,22.5
26/06/1994,11.8
27/06/1994,0.2
28/06/1994,10.0
29/06/1994,0.0
30/06/1994,0.0
01/07/1994,6.0
02/07/1994,0.0
03/07/1994,0.0
04/07/1994,0.0
05/07/1994,0.0
06/07/1994,0.0
07/07/1994,0.0
08/07/1994,10.5
09/07/1994,12.5
10/07/1994,0.0
11/07/1994,10.5
12/07/1994,0.0
13/07/1994,0.0
14/07/1994,5.5
15/07/1994,2.5
16/07/1994,0.0
17/07/1994,0.0
18/07/1994,5.0
19/07/1994,4.7
27/07/1994,0.0
28/07/1994,0.0
29/07/1994,0.0
30/07/1994,0.0
31/07/1994,0.0
01/08/1994,0.0
02/08/1994,1.0
03/08/1994,0.0
24/03/1997,0.0
25/03/1997,0.0
26/03/1997,0.0
27/03/1997,0.0
28/03/1997,0.5
29/03/1997,0.0
30/03/1997,0.0
31/03/1997,4.5
01/04/1997,7.7
02/04/1997,6.3
03/04/1997,0.0
04/04/1997,0.0
05/04/1997,0.0
06/04/1997,0.0
07/04/1997,0.0
08/04/1997,0.0
09/04/1997,5.0
10/04/1997,0.8
11/04/1997,1.7
12/04/1997,0.0
13/04/1997,2.5
14/04/1997,0.0
15/04/1997,0.0
16/04/1997,0.0
17/04/1997,1.0
18/04/1997,0.0
19/04/1997,0.0
20/04/1997,0.0
21/04/1997,0.0
22/04/1997,0.0
23/04/1997,0.0
24/04/1997,0.0
25/04/1997,0.0
26/04/1997,0.0
27/04/1997,0.0
28/04/1997,0.0
29/04/1997,0.0
30/04/1997,0.0
01/05/1997,0.0
02/05/1997,0.0
03/05/1997,0.0
04/05/1997,0.0
05/05/1997,0.0
06/05/1997,0.0
07/05/1997,0.0
08/05/1997,0.0
09/05/1997,0.0
10/05/1997,0.0
11/05/1997,0.0
12/05/1997,0.0
13/05/1997,0.0
14/05/1997,0.0
15/05/1997,0.0
16/05/1997,0.0
17/05/1997,0.0
18/05/1997,0.0
19/05/1997,0.0
20/05/1997,0.0
21/05/1997,0.0
22/05/1997,0.0
23/05/1997,0.0
24/05/1997,0.0
25/05/1997,0.0
26/05/1997,0.0
27/05/1997,0.0
28/05/1997,0.0
29/05/1997,0.0
30/05/1997,0.0
31/05/1997,0.0
01/06/1997,0.0
02/06/1997,0.0
03/06/1997,0.0
04/06/1997,0.0
05/06/1997,0.0
06/06/1997,0.0
07/06/1997,0.0
08/06/1997,0.0
09/06/1997,0.0
10/06/1997,0.0
11/06/1997,0.0
12/06/1997,0.0
13/06/1997,0.0
14/06/1997,0.0
15/06/1997,0.0
16/06/1997,0.0
17/06/1997,29.5
18/06/1997,0.0
19/06/1997,0.0
20/06/1997,0.0
21/06/1997,0.0
22/06/1997,2.0
23/06/1997,2.5
24/06/1997,7.0
25/06/1997,0.0
26/06/1997,8.5
27/06/1997,0.3
28/06/1997,99.7
06/07/1997,2.5
07/07/1997,5.0
08/07/1997,0.0
09/07/1997,10.0
10/07/1997,0.5
11/07/1997,0.0
12/07/1997,9.0
13/07/1997,0.0
14/07/1997,0.0
15/07/1997,0.0
16/07/1997,17.0
17/07/1997,0.0
18/07/1997,0.0
19/07/1997,0.0
20/07/1997,0.0
21/07/1997,29.5
22/07/1997,16.6
23/07/1997,6.4
24/07/1997,1.0
25/07/1997,7.5
26/07/1997,0.5
27/07/1997,9.0
28/07/1997,30.5
29/07/1997,0.0
30/07/1997,0.0
31/07/1997,0.0
01/08/1997,0.0
02/08/1997,0.0
03/08/1997,0.0
04/08/1997,0.0
05/08/1997,3.8
06/08/1997,1.2
07/08/1997,0.0
08/08/1997,3.5
09/08/1997,0.0
10/08/1997,0.0
11/08/1997,12.5
12/08/1997,0.0
13/08/1997,0.0
14/08/1997,0.0
15/08/1997,0.0
16/08/1997,0.0
17/08/1997,0.0
18/08/1997,0.0
19/08/1997,1.0
20/08/1997,42.8
21/08/1997,32.2
22/08/1997,2.0
23/08/1997,1.5
24/08/1997,0.0
25/08/1997,0.0
26/08/1997,0.0
27/08/1997,8.5
28/08/1997,0.0
29/08/1997,5.8
30/08/1997,21.2
31/08/1997,0.0
01/09/1997,0.0
02/09/1997,0.0
03/09/1997,0.0
04/09/1997,0.0
05/09/1997,0.0
06/09/1997,0.0
07/09/1997,0.0
08/09/1997,0.0
09/09/1997,0.0
10/09/1997,0.0
11/09/1997,0.0
12/09/1997,0.0
13/09/1997,12.0
14/09/1997,11.0
15/09/1997,37.5
16/09/1997,0.5
17/09/1997,0.0
18/09/1997,19.5
19/09/1997,0.0
20/09/1997,4.5
21/09/1997,0.5
22/09/1997,0.0
23/09/1997,0.0
24/09/1997,0.0
25/09/1997,0.0
26/09/1997,0.0
27/09/1997,0.0
28/09/1997,0.0
29/09/1997,0.0
30/09/1997,0.0
01/10/1997,0.0
02/10/1997,0.0
03/10/1997,0.0
04/10/1997,12.5
05/10/1997,0.0
06/10/1997,0.0
07/10/1997,0.0
08/10/1997,0.0
09/10/1997,0.0
10/10/1997,0.0
11/10/1997,0.0
12/10/1997,0.0
13/10/1997,0.0
14/10/1997,0.0
15/10/1997,0.0
16/10/1997,0.0
17/10/1997,15.0
18/10/1997,0.0
19/10/1997,0.5
20/10/1997,0.0
21/10/1997,0.0
22/10/1997,0.0
23/10/1997,0.0
24/10/1997,0.0
25/10/1997,0.0
26/10/1997,0.0
27/10/1997,0.0
28/10/1997,16.5
29/10/1997,5.6
30/10/1997,15.4
31/10/1997,2.5
01/11/1997,84.6
02/11/1997,13.4
03/11/1997,0.5
04/11/1997,0.0
05/11/1997,13.0
06/11/1997,11.0
07/11/1997,138.5
08/11/1997,0.0
09/11/1997,3.5
10/11/1997,3.8
11/11/1997,20.7
12/11/1997,4.5
13/11/1997,0.5
14/11/1997,0.0
15/11/1997,0.0
16/11/1997,0.0
17/11/1997,6.0
18/11/1997,48.5
19/11/1997,95.5
20/11/1997,61.5
21/11/1997,18.0
22/11/1997,0.0
23/11/1997,3.5
24/11/1997,0.0
25/11/1997,9.0
26/11/1997,0.0
27/11/1997,0.0
28/11/1997,0.0
29/11/1997,0.0
30/11/1997,8.5
01/12/1997,30.0
02/12/1997,234.4
03/12/1997,106.6
04/12/1997,145.5
05/12/1997,102.5
06/12/1997,97.5
07/12/1997,10.0
08/12/1997,0.0
09/12/1997,13.0
10/12/1997,10.0
11/12/1997,0.5
12/12/1997,2.0
13/12/1997,8.0
14/12/1997,3.0
15/12/1997,27.5
16/12/1997,2.0
17/12/1997,11.7
18/12/1997,101.3
19/12/1997,0.0
20/12/1997,27.0
21/12/1997,0.0
22/12/1997,0.0
23/12/1997,5.5
24/12/1997,43.0
25/12/1997,3.5
26/12/1997,0.5
27/12/1997,0.0
28/12/1997,0.0
29/12/1997,17.0
30/12/1997,51.0
31/12/1997,29.5
01/01/1998,5.5
02/01/1998,92.0
03/01/1998,0.0
04/01/1998,0.0
05/01/1998,2.5
06/01/1998,3.5
07/01/1998,3.0
08/01/1998,1.0
09/01/1998,0.0
10/01/1998,0.0
11/01/1998,0.0
12/01/1998,25.5
13/01/1998,0.5
14/01/1998,0.0
15/01/1998,0.0
16/01/1998,0.0
17/01/1998,0.0
18/01/1998,4.0
19/01/1998,0.0
20/01/1998,1.0
21/01/1998,5.5
22/01/1998,7.0
23/01/1998,0.0
24/01/1998,0.0
25/01/1998,10.5
26/01/1998,0.0
27/01/1998,14.5
28/01/1998,0.0
29/01/1998,3.5
30/01/1998,0.0
31/01/1998,7.5
01/02/1998,6.5
02/02/1998,0.0
03/02/1998,2.0
04/02/1998,1.0
05/02/1998,0.0
06/02/1998,1.0
07/02/1998,0.0
08/02/1998,0.0
09/02/1998,0.0
10/02/1998,0.0
11/02/1998,0.0
12/02/1998,0.0
13/02/1998,8.5
14/02/1998,0.0
15/02/1998,0.0
16/02/1998,0.0
17/02/1998,0.0
18/02/1998,0.0
19/02/1998,0.0
20/02/1998,0.0
21/02/1998,0.0
22/02/1998,0.0
23/02/1998,0.0
24/02/1998,0.0
25/02/1998,0.0
26/02/1998,0.0
27/02/1998,0.0
28/02/1998,0.0
01/03/1998,0.0
02/03/1998,13.5
03/03/1998,7.5
04/03/1998,0.0
05/03/1998,0.0
06/03/1998,1.0
07/03/1998,0.0
08/03/1998,0.0
09/03/1998,0.0
10/03/1998,0.0
11/03/1998,0.0
12/03/1998,0.0
13/03/1998,0.0
14/03/1998,0.0
15/03/1998,0.0
16/03/1998,0.0
17/03/1998,0.0
18/03/1998,0.0
19/03/1998,0.0
20/03/1998,0.0
21/03/1998,0.0
22/03/1998,0.0
23/03/1998,1.0
24/03/1998,0.0
25/03/1998,0.0
26/03/1998,40.5
27/03/1998,11.0
28/03/1998,0.0
29/03/1998,30.0
30/03/1998,15.0
31/03/1998,3.0
01/04/1998,0.0
02/04/1998,0.0
03/04/1998,16.0
04/04/1998,0.0
05/04/1998,0.5
06/04/1998,0.0
07/04/1998,0.0
08/04/1998,0.0
09/04/1998,0.0
10/04/1998,0.0
11/04/1998,0.0
12/04/1998,0.0
13/04/1998,0.0
14/04/1998,0.0
15/04/1998,0.0
16/04/1998,0.0
17/04/1998,0.0
18/04/1998,0.0
19/04/1998,0.0
20/04/1998,0.0
21/04/1998,0.0
22/04/1998,0.0
23/04/1998,0.0
24/04/1998,0.0
25/04/1998,0.0
26/04/1998,0.0
27/04/1998,0.0
28/04/1998,0.0
29/04/1998,0.0
30/04/1998,0.0
01/05/1998,0.0
02/05/1998,0.0
03/05/1998,0.0
04/05/1998,0.0
05/05/1998,0.0
06/05/1998,0.0
07/05/1998,36.0
08/05/1998,0.0
09/05/1998,0.0
10/05/1998,13.5
11/05/1998,0.0
12/05/1998,0.0
13/05/1998,5.0
14/05/1998,3.5
15/05/1998,0.0
16/05/1998,0.0
17/05/1998,0.0
18/05/1998,0.0
19/05/1998,0.0
20/05/1998,0.0
21/05/1998,0.0
22/05/1998,0.0
23/05/1998,0.0
24/05/1998,2.0
25/05/1998,1.0
26/05/1998,1.5
27/05/1998,0.0
28/05/1998,8.5
29/05/1998,9.0
30/05/1998,0.0
31/05/1998,7.5
01/06/1998,0.0
02/06/1998,0.0
03/06/1998,0.0
04/06/1998,0.0
05/06/1998,0.0
06/06/1998,0.0
07/06/1998,0.0
08/06/1998,0.0
09/06/1998,11.0
10/06/1998,0.0
11/06/1998,18.5
12/06/1998,0.0
13/06/1998,3.2
14/06/1998,0.8
15/06/1998,0.0
16/06/1998,0.0
17/06/1998,60.5
18/06/1998,2.5
19/06/1998,0.0
20/06/1998,11.4
21/06/1998,6.1
22/06/1998,0.0
23/06/1998,13.5
24/06/1998,29.0
25/06/1998,3.0
26/06/1998,0.0
27/06/1998,0.0
28/06/1998,42.5
29/06/1998,0.5
30/06/1998,10.0
01/07/1998,1.5
02/07/1998,0.0
03/07/1998,0.0
04/07/1998,0.0
05/07/1998,0.0
06/07/1998,0.0
07/07/1998,2.0
08/07/1998,0.0
09/07/1998,1.0
10/07/1998,0.0
11/07/1998,0.0
12/07/1998,0.0
13/07/1998,0.0
14/07/1998,0.0
15/07/1998,0.0
16/07/1998,0.0
17/07/1998,0.0
18/07/1998,0.0
19/07/1998,0.0
20/07/1998,0.0
21/07/1998,0.0
22/07/1998,19.2
23/07/1998,11.0
24/07/1998,0.0
25/07/1998,22.1
26/07/1998,0.0
27/07/1998,0.0
28/07/1998,0.0
29/07/1998,0.9
30/07/1998,1.7
31/07/1998,0.8
01/08/1998,29.1
02/08/1998,1.6
03/08/1998,0.0
04/08/1998,2.4
05/08/1998,0.0
06/08/1998,4.1
07/08/1998,0.0
08/08/1998,0.0
09/08/1998,0.0
10/08/1998,0.0
11/08/1998,4.0
12/08/1998,27.8
13/08/1998,16.0
14/08/1998,0.0
15/08/1998,10.9
16/08/1998,0.0
17/08/1998,0.0
18/08/1998,0.0
19/08/1998,22.9
20/08/1998,0.0
21/08/1998,7.5
22/08/1998,0.0
23/08/1998,0.0
24/08/1998,0.0
25/08/1998,1.4
26/08/1998,0.0
27/08/1998,0.0
28/08/1998,0.0
29/08/1998,0.0
30/08/1998,20.4
31/08/1998,0.0
01/09/1998,26.8
02/09/1998,1.5
03/09/1998,11.0
04/09/1998,0.0
05/09/1998,0.0
06/09/1998,0.0
07/09/1998,0.0
08/09/1998,0.0
09/09/1998,0.0
10/09/1998,0.0
11/09/1998,0.0
12/09/1998,32.0
13/09/1998,0.0
14/09/1998,13.6
15/09/1998,18.4
16/09/1998,16.7
17/09/1998,0.0
18/09/1998,0.0
19/09/1998,1.3
20/09/1998,0.0
21/09/1998,0.0
22/09/1998,0.0
23/09/1998,0.0
24/09/1998,36.3
25/09/1998,83.5
26/09/1998,26.3
27/09/1998,0.0
28/09/1998,0.0
29/09/1998,3.4
30/09/1998,0.8
01/10/1998,0.0
02/10/1998,0.0
03/10/1998,0.0
04/10/1998,0.0
05/10/1998,4.4
06/10/1998,4.6
07/10/1998,8.8
08/10/1998,0.0
09/10/1998,0.6
10/10/1998,0.6
11/10/1998,0.8
12/10/1998,0.0
13/10/1998,5.4
14/10/1998,10.4
15/10/1998,13.1
16/10/1998,0.0
17/10/1998,0.0
18/10/1998,0.0
19/10/1998,3.6
20/10/1998,0.0
21/10/1998,0.0
22/10/1998,20.2
23/10/1998,0.0
24/10/1998,0.0
25/10/1998,0.9
26/10/1998,1.2
27/10/1998,10.3
28/10/1998,17.9
29/10/1998,61.4
30/10/1998,5.9
31/10/1998,0.0
01/11/1998,7.7
02/11/1998,22.0
03/11/1998,1.0
04/11/1998,27.1
05/11/1998,26.9
06/11/1998,0.0
07/11/1998,0.0
08/11/1998,0.0
09/11/1998,0.3
10/11/1998,20.8
11/11/1998,23.9
12/11/1998,10.0
13/11/1998,0.0
14/11/1998,0.0
15/11/1998,6.5
16/11/1998,0.0
17/11/1998,0.4
18/11/1998,45.1
19/11/1998,0.0
20/11/1998,0.0
21/11/1998,0.0
22/11/1998,26.0
23/11/1998,0.0
24/11/1998,0.0
25/11/1998,1.6
26/11/1998,0.4
27/11/1998,1.0
28/11/1998,53.7
29/11/1998,0.0
30/11/1998,0.0
01/12/1998,0.0
02/12/1998,0.0
03/12/1998,6.0
04/12/1998,19.7
05/12/1998,83.3
06/12/1998,85.4
07/12/1998,9.4
08/12/1998,16.2
09/12/1998,1.2
10/12/1998,1.2
11/12/1998,4.3
12/12/1998,30.3
13/12/1998,4.0
14/12/1998,12.6
15/12/1998,63.1
16/12/1998,12.9
17/12/1998,20.2
18/12/1998,44.7
19/12/1998,0.0
20/12/1998,0.0
21/12/1998,0.0
22/12/1998,0.0
23/12/1998,11.6
24/12/1998,0.7
25/12/1998,123.4
26/12/1998,3.3
27/12/1998,3.5
28/12/1998,34.2
29/12/1998,8.1
30/12/1998,19.6
31/12/1998,4.4
01/01/1999,0.9
02/01/1999,15.2
03/01/1999,4.9
04/01/1999,0.0
05/01/1999,1.5
06/01/1999,2.0
07/01/1999,0.0
08/01/1999,0.8
09/01/1999,0.0
10/01/1999,3.0
11/01/1999,0.0
12/01/1999,0.0
13/01/1999,0.0
14/01/1999,0.0
15/01/1999,27.4
16/01/1999,4.7
17/01/1999,4.2
18/01/1999,0.0
19/01/1999,2.4
20/01/1999,2.9
21/01/1999,0.0
22/01/1999,2.4
23/01/1999,11.6
24/01/1999,3.0
25/01/1999,3.0
26/01/1999,2.9
27/01/1999,0.0
28/01/1999,11.9
29/01/1999,0.6
30/01/1999,0.0
31/01/1999,0.0
01/02/1999,0.0
02/02/1999,0.0
03/02/1999,26.9
04/02/1999,8.9
05/02/1999,2.4
06/02/1999,0.0
07/02/1999,1.2
08/02/1999,0.0
09/02/1999,0.0
10/02/1999,3.7
11/02/1999,88.9
12/02/1999,178.4
13/02/1999,42.8
14/02/1999,6.6
15/02/1999,0.0
16/02/1999,0.0
17/02/1999,0.0
18/02/1999,0.0
19/02/1999,0.0
20/02/1999,0.0
21/02/1999,7.7
22/02/1999,0.7
23/02/1999,0.0
24/02/1999,0.0
25/02/1999,1.7
26/02/1999,0.0
27/02/1999,0.0
28/02/1999,0.0
01/03/1999,25.6
02/03/1999,0.0
03/03/1999,0.0
04/03/1999,0.0
05/03/1999,0.0
06/03/1999,0.0
07/03/1999,0.4
08/03/1999,0.0
09/03/1999,0.0
10/03/1999,0.0
11/03/1999,0.0
12/03/1999,0.0
13/03/1999,0.0
14/03/1999,0.0
15/03/1999,0.0
16/03/1999,0.0
17/03/1999,0.0
18/03/1999,0.0
19/03/1999,0.0
20/03/1999,0.0
21/03/1999,0.0
22/03/1999,0.0
23/03/1999,20.5
24/03/1999,0.6
25/03/1999,0.0
26/03/1999,5.5
27/03/1999,0.6
28/03/1999,0.0
29/03/1999,0.4
30/03/1999,0.0
31/03/1999,0.0
01/04/1999,0.0
02/04/1999,0.0
03/04/1999,6.3
04/04/1999,20.8
05/04/1999,0.0
06/04/1999,0.0
07/04/1999,13.6
08/04/1999,4.5
09/04/1999,0.0
10/04/1999,10.3
11/04/1999,0.0
12/04/1999,16.6
13/04/1999,0.0
14/04/1999,18.5
15/04/1999,0.0
16/04/1999,1.2
17/04/1999,8.0
18/04/1999,0.0
19/04/1999,0.0
20/04/1999,0.0
21/04/1999,1.1
22/04/1999,0.0
23/04/1999,0.0
24/04/1999,0.0
25/04/1999,0.0
26/04/1999,0.0
27/04/1999,0.0
28/04/1999,0.0
29/04/1999,0.0
30/04/1999,0.0
01/05/1999,0.0
02/05/1999,0.0
03/05/1999,0.0
04/05/1999,0.0
05/05/1999,0.0
06/05/1999,0.0
07/05/1999,0.0
08/05/1999,0.0
09/05/1999,0.0
10/05/1999,1.0
11/05/1999,0.0
12/05/1999,0.0
13/05/1999,0.0
14/05/1999,0.0
15/05/1999,17.5
16/05/1999,23.6
17/05/1999,14.8
18/05/1999,73.4
19/05/1999,0.0
20/05/1999,9.4
21/05/1999,1.1
22/05/1999,0.0
23/05/1999,0.0
24/05/1999,0.0
25/05/1999,22.5
26/05/1999,5.2
27/05/1999,0.0
28/05/1999,0.0
29/05/1999,0.0
30/05/1999,0.0
31/05/1999,0.0
01/06/1999,1.2
02/06/1999,6.9
03/06/1999,0.0
04/06/1999,0.0
05/06/1999,0.0
06/06/1999,0.0
07/06/1999,10.9
08/06/1999,1.8
09/06/1999,0.0
10/06/1999,0.0
11/06/1999,10.1
12/06/1999,5.2
13/06/1999,0.0
14/06/1999,0.5
15/06/1999,0.0
16/06/1999,11.2
17/06/1999,0.0
18/06/1999,0.0
19/06/1999,0.0
20/06/1999,0.0
21/06/1999,0.0
22/06/1999,0.0
23/06/1999,0.0
24/06/1999,0.0
25/06/1999,0.0
26/06/1999,0.0
27/06/1999,0.0
28/06/1999,0.0
29/06/1999,0.0
30/06/1999,0.0
01/07/1999,0.0
02/07/1999,0.0
03/07/1999,0.0
04/07/1999,0.0
05/07/1999,0.0
06/07/1999,0.0
07/07/1999,0.0
08/07/1999,0.0
09/07/1999,36.7
10/07/1999,0.0
11/07/1999,0.0
12/07/1999,0.0
13/07/1999,0.0
14/07/1999,35.9
15/07/1999,6.1
16/07/1999,4.3
17/07/1999,0.5
18/07/1999,3.9
19/07/1999,0.0
20/07/1999,0.0
21/07/1999,16.9
22/07/1999,1.3
23/07/1999,8.6
24/07/1999,0.0
25/07/1999,0.0
26/07/1999,0.0
27/07/1999,0.0
28/07/1999,7.6
29/07/1999,18.3
30/07/1999,12.1
31/07/1999,0.0
01/08/1999,6.4
02/08/1999,0.0
03/08/1999,0.0
04/08/1999,0.0
05/08/1999,24.4
06/08/1999,3.3
07/08/1999,0.0
08/08/1999,0.0
09/08/1999,0.0
10/08/1999,69.9
11/08/1999,40.5
12/08/1999,36.4
13/08/1999,7.7
14/08/1999,0.0
15/08/1999,0.0
16/08/1999,0.0
17/08/1999,0.9
18/08/1999,0.0
19/08/1999,35.6
20/08/1999,4.7
21/08/1999,1.9
22/08/1999,17.0
23/08/1999,32.1
24/08/1999,4.1
25/08/1999,35.9
26/08/1999,30.8
27/08/1999,1.2
28/08/1999,0.0
29/08/1999,4.5
30/08/1999,0.0
31/08/1999,0.7
01/09/1999,0.0
02/09/1999,9.1
03/09/1999,0.0
04/09/1999,13.6
05/09/1999,0.6
06/09/1999,0.5
07/09/1999,6.8
08/09/1999,0.0
09/09/1999,0.0
10/09/1999,0.0
11/09/1999,1.5
12/09/1999,0.0
13/09/1999,42.0
14/09/1999,1.7
15/09/1999,0.0
16/09/1999,0.0
17/09/1999,57.4
18/09/1999,45.8
19/09/1999,21.7
20/09/1999,0.0
21/09/1999,0.0
22/09/1999,0.0
23/09/1999,20.2
24/09/1999,0.0
25/09/1999,0.0
26/09/1999,0.0
27/09/1999,0.0
28/09/1999,1.0
29/09/1999,5.4
30/09/1999,0.0
01/10/1999,0.0
02/10/1999,0.0
03/10/1999,8.6
04/10/1999,0.0
05/10/1999,0.0
06/10/1999,0.0
07/10/1999,0.0
08/10/1999,0.0
09/10/1999,0.0
10/10/1999,1.1
11/10/1999,0.0
12/10/1999,15.6
13/10/1999,49.7
14/10/1999,6.6
15/10/1999,4.3
16/10/1999,0.0
17/10/1999,5.9
18/10/1999,0.0
19/10/1999,0.6
20/10/1999,17.7
21/10/1999,2.0
22/10/1999,0.6
23/10/1999,1.0
24/10/1999,2.3
25/10/1999,0.2
26/10/1999,11.9
27/10/1999,17.1
28/10/1999,2.7
29/10/1999,8.1
30/10/1999,0.0
31/10/1999,18.5
01/11/1999,1.0
02/11/1999,0.0
03/11/1999,0.0
04/11/1999,0.0
05/11/1999,6.6
06/11/1999,0.0
07/11/1999,0.0
08/11/1999,0.0
09/11/1999,0.0
10/11/1999,9.5
11/11/1999,0.5
12/11/1999,0.0
13/11/1999,0.0
14/11/1999,0.0
15/11/1999,3.6
16/11/1999,20.2
17/11/1999,17.3
18/11/1999,84.2
19/11/1999,107.2
20/11/1999,123.4
21/11/1999,62.7
22/11/1999,0.7
23/11/1999,0.0
24/11/1999,3.6
25/11/1999,6.9
26/11/1999,2.1
27/11/1999,31.3
28/11/1999,37.2
29/11/1999,56.8
30/11/1999,37.1
01/12/1999,23.8
02/12/1999,30.2
03/12/1999,112.4
04/12/1999,0.0
05/12/1999,18.1
06/12/1999,25.0
07/12/1999,109.1
08/12/1999,118.0
09/12/1999,0.6
10/12/1999,9.2
11/12/1999,12.9
12/12/1999,119.5
13/12/1999,136.9
14/12/1999,78.0
15/12/1999,31.5
16/12/1999,0.0
17/12/1999,0.0
18/12/1999,0.0
19/12/1999,6.6
20/12/1999,36.0
21/12/1999,7.3
22/12/1999,30.7
23/12/1999,8.1
24/12/1999,0.8
25/12/1999,0.0
26/12/1999,0.0
27/12/1999,4.6
28/12/1999,2.3
29/12/1999,28.3
30/12/1999,0.0
31/12/1999,11.1
01/01/2000,10.0
02/01/2000,5.9
03/01/2000,2.4
04/01/2000,0.7
05/01/2000,0.5
06/01/2000,18.2
07/01/2000,0.0
08/01/2000,0.0
09/01/2000,0.0
10/01/2000,0.1
11/01/2000,26.1
12/01/2000,7.6
13/01/2000,0.0
14/01/2000,0.0
15/01/2000,0.0
16/01/2000,0.0
17/01/2000,0.0
18/01/2000,0.0
19/01/2000,0.6
20/01/2000,0.0
21/01/2000,0.0
22/01/2000,0.0
23/01/2000,2.5
24/01/2000,15.6
25/01/2000,0.0
26/01/2000,0.0
27/01/2000,0.0
28/01/2000,0.0
29/01/2000,0.1
30/01/2000,21.1
31/01/2000,4.3
01/02/2000,0.0
02/02/2000,0.5
03/02/2000,0.0
04/02/2000,0.0
05/02/2000,0.0
06/02/2000,0.0
07/02/2000,0.0
08/02/2000,0.0
09/02/2000,0.0
10/02/2000,0.0
11/02/2000,0.0
12/02/2000,0.0
13/02/2000,0.0
14/02/2000,0.0
15/02/2000,6.2
16/02/2000,4.0
17/02/2000,1.4
18/02/2000,3.7
19/02/2000,1.4
20/02/2000,0.0
21/02/2000,0.0
22/02/2000,0.0
23/02/2000,0.0
24/02/2000,0.0
25/02/2000,0.0
26/02/2000,9.6
27/02/2000,0.0
28/02/2000,165.1
29/02/2000,12.7
01/03/2000,40.3
02/03/2000,52.1
03/03/2000,48.5
04/03/2000,0.0
05/03/2000,0.0
06/03/2000,0.0
07/03/2000,0.0
08/03/2000,1.1
09/03/2000,5.1
10/03/2000,0.0
11/03/2000,0.0
12/03/2000,0.5
13/03/2000,0.0
14/03/2000,0.0
15/03/2000,0.0
16/03/2000,0.0
17/03/2000,0.0
18/03/2000,0.0
19/03/2000,0.0
20/03/2000,0.0
21/03/2000,0.0
22/03/2000,0.0
23/03/2000,0.0
24/03/2000,21.4
25/03/2000,116.5
26/03/2000,49.7
27/03/2000,52.8
28/03/2000,21.8
29/03/2000,10.2
30/03/2000,4.0
31/03/2000,0.0
01/04/2000,0.0
02/04/2000,0.0
03/04/2000,0.0
04/04/2000,0.0
05/04/2000,0.0
06/04/2000,0.0
07/04/2000,0.0
08/04/2000,0.0
09/04/2000,0.0
10/04/2000,11.6
11/04/2000,16.2
12/04/2000,0.8
13/04/2000,0.6
14/04/2000,0.0
15/04/2000,2.7
16/04/2000,0.5
17/04/2000,0.0
18/04/2000,0.0
19/04/2000,0.0
20/04/2000,0.0
21/04/2000,0.0
22/04/2000,0.3
23/04/2000,12.6
24/04/2000,11.0
25/04/2000,0.0
26/04/2000,0.0
27/04/2000,0.0
28/04/2000,0.0
29/04/2000,0.0
30/04/2000,0.0
01/05/2000,0.0
02/05/2000,1.0
03/05/2000,0.0
04/05/2000,0.0
05/05/2000,0.0
06/05/2000,0.0
07/05/2000,0.0
08/05/2000,0.0
09/05/2000,28.8
10/05/2000,0.0
11/05/2000,25.1
12/05/2000,0.0
13/05/2000,0.0
14/05/2000,0.0
15/05/2000,0.0
16/05/2000,4.0
17/05/2000,0.6
18/05/2000,0.0
19/05/2000,0.0
20/05/2000,8.9
21/05/2000,0.5
22/05/2000,3.6
23/05/2000,0.4
24/05/2000,0.0
25/05/2000,0.0
26/05/2000,0.0
27/05/2000,0.0
28/05/2000,0.0
29/05/2000,30.5
30/05/2000,0.7
31/05/2000,0.0
01/06/2000,0.0
02/06/2000,1.2
03/06/2000,0.0
04/06/2000,0.0
05/06/2000,0.0
06/06/2000,0.5
07/06/2000,2.2
08/06/2000,0.0
09/06/2000,0.0
10/06/2000,0.0
11/06/2000,0.0
12/06/2000,25.8
13/06/2000,0.0
14/06/2000,0.0
15/06/2000,0.0
16/06/2000,0.0
17/06/2000,30.2
18/06/2000,3.5
19/06/2000,3.5
20/06/2000,0.0
21/06/2000,0.0
22/06/2000,0.0
23/06/2000,6.1
24/06/2000,0.0
25/06/2000,22.9
26/06/2000,7.4
27/06/2000,16.8
28/06/2000,13.1
29/06/2000,7.1
30/06/2000,0.0
01/07/2000,0.0
02/07/2000,0.0
03/07/2000,0.9
04/07/2000,0.0
05/07/2000,0.0
06/07/2000,0.0
07/07/2000,0.0
08/07/2000,0.0
09/07/2000,0.0
10/07/2000,0.0
11/07/2000,0.0
12/07/2000,0.0
13/07/2000,0.0
14/07/2000,0.0
15/07/2000,0.0
16/07/2000,0.0
17/07/2000,0.0
18/07/2000,0.0
19/07/2000,0.0
20/07/2000,0.0
21/07/2000,9.2
22/07/2000,0.0
23/07/2000,0.0
24/07/2000,20.4
25/07/2000,1.9
26/07/2000,39.8
27/07/2000,23.0
28/07/2000,4.9
29/07/2000,0.0
30/07/2000,0.0
31/07/2000,0.0
01/08/2000,0.5
02/08/2000,0.0
03/08/2000,0.0
04/08/2000,53.7
05/08/2000,11.4
06/08/2000,0.0
07/08/2000,0.0
08/08/2000,0.0
09/08/2000,0.0
10/08/2000,0.3
11/08/2000,0.0
12/08/2000,12.4
13/08/2000,17.1
14/08/2000,0.0
15/08/2000,1.9
16/08/2000,0.0
17/08/2000,0.0
18/08/2000,0.0
19/08/2000,2.0
20/08/2000,0.7
21/08/2000,0.0
22/08/2000,0.0
23/08/2000,0.0
24/08/2000,0.0
25/08/2000,0.0
26/08/2000,0.0
27/08/2000,0.0
28/08/2000,0.0
29/08/2000,0.0
30/08/2000,12.4
31/08/2000,0.0
01/09/2000,0.0
02/09/2000,0.0
03/09/2000,56.0
04/09/2000,11.6
05/09/2000,0.0
06/09/2000,40.2
07/09/2000,0.0
08/09/2000,0.0
09/09/2000,11.0
10/09/2000,0.9
11/09/2000,0.0
12/09/2000,0.0
13/09/2000,0.0
14/09/2000,0.0
15/09/2000,1.0
16/09/2000,0.1
17/09/2000,0.4
18/09/2000,0.0
19/09/2000,2.8
20/09/2000,0.0
21/09/2000,0.6
22/09/2000,6.1
23/09/2000,4.4
24/09/2000,0.0
25/09/2000,0.0
26/09/2000,0.0
27/09/2000,0.0
28/09/2000,30.6
29/09/2000,0.0
30/09/2000,1.7
01/10/2000,39.3
02/10/2000,30.4
03/10/2000,1.3
04/10/2000,6.4
05/10/2000,41.0
06/10/2000,10.1
07/10/2000,0.0
08/10/2000,11.1
09/10/2000,0.0
10/10/2000,0.0
11/10/2000,2.8
12/10/2000,0.0
13/10/2000,66.3
14/10/2000,0.0
15/10/2000,0.0
16/10/2000,0.0
17/10/2000,10.4
18/10/2000,1.1
19/10/2000,2.2
20/10/2000,0.0
21/10/2000,0.0
22/10/2000,0.0
23/10/2000,0.0
24/10/2000,0.0
25/10/2000,0.0
26/10/2000,0.0
27/10/2000,9.6
28/10/2000,11.6
29/10/2000,2.4
30/10/2000,0.0
31/10/2000,0.0
01/11/2000,0.0
02/11/2000,0.0
03/11/2000,0.3
04/11/2000,2.2
05/11/2000,119.4
06/11/2000,12.2
07/11/2000,0.6
08/11/2000,7.7
09/11/2000,31.9
10/11/2000,0.0
11/11/2000,24.1
12/11/2000,0.0
13/11/2000,6.8
14/11/2000,31.1
15/11/2000,171.2
16/11/2000,117.7
17/11/2000,0.0
18/11/2000,21.0
19/11/2000,46.0
20/11/2000,49.1
21/11/2000,196.2
22/11/2000,280.6
23/11/2000,73.6
24/11/2000,4.3
25/11/2000,0.0
26/11/2000,5.1
27/11/2000,56.5
28/11/2000,0.0
29/11/2000,0.0
30/11/2000,35.5
01/12/2000,49.3
02/12/2000,22.4
03/12/2000,0.0
04/12/2000,0.0
05/12/2000,0.0
06/12/2000,0.0
07/12/2000,0.0
08/12/2000,0.0
09/12/2000,0.0
10/12/2000,0.0
11/12/2000,1.7
12/12/2000,0.0
13/12/2000,0.0
14/12/2000,4.2
15/12/2000,4.3
16/12/2000,11.1
17/12/2000,14.0
18/12/2000,7.1
19/12/2000,57.9
20/12/2000,21.4
21/12/2000,65.6
22/12/2000,15.5
23/12/2000,0.8
24/12/2000,2.3
25/12/2000,0.0
26/12/2000,0.0
27/12/2000,15.4
28/12/2000,92.0
29/12/2000,51.2
30/12/2000,137.5
31/12/2000,93.7
01/01/2001,0.6
02/01/2001,0.0
03/01/2001,0.0
04/01/2001,6.2
05/01/2001,0.0
06/01/2001,0.0
07/01/2001,0.0
08/01/2001,0.0
09/01/2001,0.0
10/01/2001,0.0
11/01/2001,0.0
12/01/2001,0.0
13/01/2001,167.0
14/01/2001,11.4
15/01/2001,23.0
16/01/2001,1.8
17/01/2001,14.0
18/01/2001,105.5
19/01/2001,5.0
20/01/2001,0.5
21/01/2001,10.2
22/01/2001,0.0
23/01/2001,3.0
24/01/2001,0.0
25/01/2001,20.1
26/01/2001,0.0
27/01/2001,0.0
28/01/2001,0.0
29/01/2001,0.3
30/01/2001,0.7
31/01/2001,0.3
01/02/2001,0.5
02/02/2001,0.0
03/02/2001,0.0
04/02/2001,0.0
05/02/2001,1.4
06/02/2001,0.0
07/02/2001,0.0
08/02/2001,0.0
09/02/2001,0.0
10/02/2001,0.0
11/02/2001,0.0
12/02/2001,0.0
13/02/2001,0.0
14/02/2001,4.1
15/02/2001,3.1
16/02/2001,0.0
17/02/2001,0.0
18/02/2001,0.0
19/02/2001,0.0
20/02/2001,0.0
21/02/2001,0.0
22/02/2001,0.0
23/02/2001,0.0
24/02/2001,0.0
25/02/2001,0.0
26/02/2001,0.0
27/02/2001,0.0
28/02/2001,0.0
01/03/2001,0.0
02/03/2001,1.1
03/03/2001,0.0
04/03/2001,7.7
05/03/2001,45.9
06/03/2001,13.9
07/03/2001,33.9
08/03/2001,18.0
09/03/2001,113.5
10/03/2001,81.2
11/03/2001,0.6
12/03/2001,0.0
13/03/2001,0.0
14/03/2001,0.0
15/03/2001,4.6
16/03/2001,0.0
17/03/2001,0.0
18/03/2001,0.0
19/03/2001,2.9
20/03/2001,0.2
21/03/2001,10.6
22/03/2001,0.0
23/03/2001,0.0
24/03/2001,0.0
25/03/2001,0.0
26/03/2001,13.3
27/03/2001,11.1
28/03/2001,5.3
29/03/2001,0.0
30/03/2001,0.0
31/03/2001,0.0
01/04/2001,0.0
02/04/2001,0.0
03/04/2001,48.8
04/04/2001,0.0
05/04/2001,0.0
06/04/2001,0.0
07/04/2001,0.0
08/04/2001,0.0
09/04/2001,0.0
10/04/2001,0.0
11/04/2001,0.0
12/04/2001,0.0
13/04/2001,2.5
14/04/2001,0.5
15/04/2001,14.6
16/04/2001,0.0
17/04/2001,0.0
18/04/2001,0.0
19/04/2001,0.0
20/04/2001,0.0
21/04/2001,0.0
22/04/2001,0.0
23/04/2001,0.0
24/04/2001,0.0
25/04/2001,14.3
26/04/2001,1.1
27/04/2001,0.0
28/04/2001,12.0
29/04/2001,35.4
30/04/2001,0.0
01/05/2001,0.0
02/05/2001,0.0
03/05/2001,0.0
04/05/2001,0.0
05/05/2001,0.0
06/05/2001,4.9
07/05/2001,0.0
08/05/2001,0.0
09/05/2001,0.4
10/05/2001,0.0
11/05/2001,1.1
12/05/2001,0.0
13/05/2001,0.0
14/05/2001,1.9
15/05/2001,3.1
16/05/2001,3.2
17/05/2001,7.9
18/05/2001,0.0
19/05/2001,0.0
20/05/2001,14.2
21/05/2001,14.3
22/05/2001,0.0
23/05/2001,18.3
24/05/2001,4.1
25/05/2001,5.7
26/05/2001,18.9
27/05/2001,17.0
28/05/2001,0.0
29/05/2001,0.0
30/05/2001,0.0
31/05/2001,0.0
01/06/2001,0.0
02/06/2001,0.0
03/06/2001,2.8
04/06/2001,0.4
05/06/2001,0.0
06/06/2001,0.0
07/06/2001,0.0
08/06/2001,0.0
09/06/2001,0.0
10/06/2001,0.0
11/06/2001,0.0
12/06/2001,0.0
13/06/2001,0.0
14/06/2001,0.0
15/06/2001,1.9
16/06/2001,8.5
17/06/2001,0.0
18/06/2001,0.0
19/06/2001,0.9
20/06/2001,0.0
21/06/2001,0.9
22/06/2001,0.0
23/06/2001,0.0
24/06/2001,0.0
25/06/2001,0.0
26/06/2001,3.7
27/06/2001,0.0
28/06/2001,0.0
29/06/2001,0.0
30/06/2001,9.1
01/07/2001,0.4
02/07/2001,0.0
03/07/2001,0.0
04/07/2001,0.0
05/07/2001,0.0
06/07/2001,0.0
07/07/2001,0.0
08/07/2001,0.0
09/07/2001,0.0
10/07/2001,0.0
11/07/2001,0.0
12/07/2001,102.4
13/07/2001,0.0
14/07/2001,0.0
15/07/2001,38.5
16/07/2001,0.1
17/07/2001,0.0
18/07/2001,0.0
19/07/2001,0.0
20/07/2001,0.0
21/07/2001,0.0
22/07/2001,0.0
23/07/2001,0.0
24/07/2001,0.0
25/07/2001,0.0
26/07/2001,0.0
27/07/2001,10.0
28/07/2001,5.1
29/07/2001,4.7
30/07/2001,0.0
31/07/2001,0.0
01/08/2001,0.0
02/08/2001,0.0
03/08/2001,0.0
04/08/2001,0.0
05/08/2001,0.0
06/08/2001,0.0
07/08/2001,0.0
08/08/2001,0.0
09/08/2001,0.0
10/08/2001,0.0
11/08/2001,0.0
12/08/2001,0.0
13/08/2001,5.6
14/08/2001,0.0
15/08/2001,0.0
16/08/2001,0.0
17/08/2001,0.0
18/08/2001,2.9
19/08/2001,0.0
20/08/2001,0.8
21/08/2001,0.0
22/08/2001,1.2
23/08/2001,3.2
24/08/2001,3.4
25/08/2001,3.1
26/08/2001,15.0
27/08/2001,0.0
28/08/2001,0.0
29/08/2001,6.4
30/08/2001,12.4
31/08/2001,0.6
01/09/2001,4.3
02/09/2001,12.9
03/09/2001,1.6
04/09/2001,0.0
05/09/2001,1.4
06/09/2001,9.9
07/09/2001,0.0
08/09/2001,0.0
09/09/2001,0.0
10/09/2001,0.0
11/09/2001,0.0
12/09/2001,0.0
13/09/2001,0.0
14/09/2001,0.0
15/09/2001,0.0
16/09/2001,0.0
17/09/2001,0.0
18/09/2001,0.0
19/09/2001,0.0
20/09/2001,0.0
21/09/2001,10.2
22/09/2001,8.4
23/09/2001,11.2
24/09/2001,20.8
25/09/2001,58.7
26/09/2001,3.0
27/09/2001,12.6
28/09/2001,3.1
29/09/2001,0.8
30/09/2001,3.4
01/10/2001,13.9
02/10/2001,19.7
03/10/2001,0.6
04/10/2001,34.0
05/10/2001,9.8
06/10/2001,1.4
07/10/2001,21.7
08/10/2001,0.0
09/10/2001,0.0
10/10/2001,0.0
11/10/2001,26.1
12/10/2001,0.0
13/10/2001,0.0
14/10/2001,0.0
15/10/2001,0.8
16/10/2001,13.7
17/10/2001,0.0
18/10/2001,0.0
19/10/2001,35.7
20/10/2001,6.3
21/10/2001,0.0
22/10/2001,0.8
23/10/2001,37.3
24/10/2001,9.3
25/10/2001,0.0
26/10/2001,0.0
27/10/2001,2.0
28/10/2001,0.0
29/10/2001,3.9
30/10/2001,17.7
31/10/2001,11.1
01/11/2001,3.2
02/11/2001,55.3
03/11/2001,0.0
04/11/2001,0.0
05/11/2001,0.0
06/11/2001,0.0
07/11/2001,0.4
08/11/2001,0.0
09/11/2001,28.3
10/11/2001,3.8
11/11/2001,7.4
12/11/2001,0.0
13/11/2001,21.4
14/11/2001,50.3
15/11/2001,52.7
16/11/2001,11.5
17/11/2001,66.6
18/11/2001,118.3
19/11/2001,21.0
20/11/2001,17.1
21/11/2001,6.7
22/11/2001,0.0
23/11/2001,14.3
24/11/2001,136.1
25/11/2001,16.8
26/11/2001,13.3
27/11/2001,11.2
28/11/2001,0.0
29/11/2001,0.0
30/11/2001,19.2
01/12/2001,0.7
02/12/2001,0.0
03/12/2001,0.0
04/12/2001,0.0
05/12/2001,0.0
06/12/2001,0.0
07/12/2001,0.0
08/12/2001,0.0
09/12/2001,0.0
10/12/2001,0.0
11/12/2001,5.1
12/12/2001,0.0
13/12/2001,0.0
14/12/2001,22.9
15/12/2001,43.1
16/12/2001,78.8
17/12/2001,18.9
18/12/2001,11.9
19/12/2001,1.9
20/12/2001,0.0
21/12/2001,6.9
22/12/2001,4.1
23/12/2001,2.2
24/12/2001,0.0
25/12/2001,7.1
26/12/2001,0.0
27/12/2001,2.4
28/12/2001,60.4
29/12/2001,89.5
30/12/2001,1.1
31/12/2001,0.0
01/01/2002,0.0
02/01/2002,0.0
03/01/2002,0.0
04/01/2002,0.0
05/01/2002,1.7
06/01/2002,1.2
07/01/2002,2.7
08/01/2002,0.0
09/01/2002,0.8
10/01/2002,0.0
11/01/2002,0.7
12/01/2002,1.1
13/01/2002,0.7
14/01/2002,0.6
15/01/2002,0.0
16/01/2002,0.0
17/01/2002,0.0
18/01/2002,0.0
19/01/2002,0.0
20/01/2002,77.0
21/01/2002,3.6
22/01/2002,0.7
23/01/2002,0.0
24/01/2002,1.6
25/01/2002,0.3
26/01/2002,0.2
27/01/2002,0.0
28/01/2002,0.0
29/01/2002,0.7
30/01/2002,0.0
31/01/2002,0.0
01/02/2002,0.0
02/02/2002,5.5
03/02/2002,0.0
04/02/2002,0.0
05/02/2002,0.0
06/02/2002,0.0
07/02/2002,0.0
08/02/2002,0.0
09/02/2002,0.0
10/02/2002,0.0
11/02/2002,0.0
12/02/2002,0.0
13/02/2002,0.0
14/02/2002,0.0
15/02/2002,0.0
16/02/2002,0.0
17/02/2002,0.0
18/02/2002,0.0
19/02/2002,0.0
20/02/2002,16.2
21/02/2002,0.0
22/02/2002,2.1
23/02/2002,0.0
24/02/2002,0.0
25/02/2002,0.0
26/02/2002,0.0
27/02/2002,0.6
28/02/2002,0.0
01/03/2002,0.0
02/03/2002,0.0
03/03/2002,0.0
04/03/2002,0.0
05/03/2002,0.0
06/03/2002,0.0
07/03/2002,0.0
08/03/2002,0.0
09/03/2002,0.0
10/03/2002,0.0
11/03/2002,0.0
12/03/2002,0.0
13/03/2002,0.0
14/03/2002,0.0
15/03/2002,0.0
16/03/2002,0.0
17/03/2002,0.0
18/03/2002,0.0
19/03/2002,12.1
20/03/2002,63.3
21/03/2002,9.2
22/03/2002,6.7
23/03/2002,0.0
24/03/2002,0.0
25/03/2002,0.0
26/03/2002,0.0
27/03/2002,0.0
28/03/2002,0.0
29/03/2002,0.0
30/03/2002,0.0
31/03/2002,0.0
01/04/2002,0.0
02/04/2002,0.0
03/04/2002,0.0
04/04/2002,0.0
05/04/2002,0.0
06/04/2002,0.0
07/04/2002,0.0
08/04/2002,0.0
09/04/2002,0.0
10/04/2002,0.0
11/04/2002,0.0
12/04/2002,0.0
13/04/2002,13.1
14/04/2002,6.6
15/04/2002,0.0
16/04/2002,0.0
17/04/2002,0.0
18/04/2002,0.0
19/04/2002,0.0
20/04/2002,3.5
21/04/2002,1.0
22/04/2002,0.0
23/04/2002,0.0
24/04/2002,2.8
25/04/2002,0.0
26/04/2002,0.0
27/04/2002,0.0
28/04/2002,3.0
29/04/2002,1.7
30/04/2002,4.1
01/05/2002,0.0
02/05/2002,0.0
03/05/2002,0.0
04/05/2002,0.0
05/05/2002,0.0
06/05/2002,12.8
07/05/2002,4.4
08/05/2002,0.6
09/05/2002,4.3
10/05/2002,0.0
11/05/2002,0.0
12/05/2002,0.0
13/05/2002,0.0
14/05/2002,0.0
15/05/2002,0.0
16/05/2002,0.0
17/05/2002,0.0
18/05/2002,0.0
19/05/2002,0.0
20/05/2002,0.0
21/05/2002,1.6
22/05/2002,22.1
23/05/2002,0.0
24/05/2002,0.0
25/05/2002,0.0
26/05/2002,0.6
27/05/2002,0.0
28/05/2002,0.0
29/05/2002,0.0
30/05/2002,1.6
31/05/2002,6.2
01/06/2002,0.0
02/06/2002,0.0
03/06/2002,0.0
04/06/2002,0.0
05/06/2002,7.3
06/06/2002,42.4
07/06/2002,0.8
08/06/2002,0.0
09/06/2002,0.0
10/06/2002,0.0
11/06/2002,1.7
12/06/2002,2.9
13/06/2002,2.5
14/06/2002,0.0
15/06/2002,2.6
16/06/2002,6.6
17/06/2002,4.6
18/06/2002,4.5
19/06/2002,0.0
20/06/2002,0.0
21/06/2002,0.0
22/06/2002,0.0
23/06/2002,0.0
24/06/2002,0.0
25/06/2002,0.0
26/06/2002,0.0
27/06/2002,7.5
28/06/2002,0.0
29/06/2002,0.0
30/06/2002,0.0
01/07/2002,11.0
02/07/2002,9.5
03/07/2002,0.0
04/07/2002,0.0
05/07/2002,0.0
06/07/2002,0.0
07/07/2002,0.0
08/07/2002,0.0
09/07/2002,24.0
10/07/2002,0.0
11/07/2002,0.0
12/07/2002,0.0
13/07/2002,0.0
14/07/2002,0.0
15/07/2002,0.0
16/07/2002,0.0
17/07/2002,0.0
18/07/2002,39.5
19/07/2002,0.0
20/07/2002,6.5
21/07/2002,22.0
22/07/2002,0.0
23/07/2002,0.0
24/07/2002,19.5
25/07/2002,0.0
26/07/2002,0.0
27/07/2002,0.0
28/07/2002,28.0
29/07/2002,0.0
30/07/2002,0.0
31/07/2002,0.0
01/08/2002,0.0
02/08/2002,59.5
03/08/2002,0.0
04/08/2002,48.0
05/08/2002,0.0
06/08/2002,0.0
07/08/2002,4.5
08/08/2002,19.5
09/08/2002,0.0
10/08/2002,0.0
11/08/2002,0.0
12/08/2002,41.5
13/08/2002,0.0
14/08/2002,0.0
15/08/2002,0.0
16/08/2002,0.0
17/08/2002,12.0
18/08/2002,0.0
19/08/2002,0.0
20/08/2002,0.0
21/08/2002,31.5
22/08/2002,0.0
23/08/2002,0.0
24/08/2002,0.0
25/08/2002,0.0
26/08/2002,37.0
27/08/2002,0.0
28/08/2002,8.5
29/08/2002,0.0
30/08/2002,6.5
31/08/2002,0.0
01/09/2002,0.0
02/09/2002,0.0
03/09/2002,0.0
04/09/2002,10.5
05/09/2002,0.0
06/09/2002,0.0
07/09/2002,5.0
08/09/2002,12.5
09/09/2002,0.0
10/09/2002,11.5
11/09/2002,0.0
12/09/2002,0.0
13/09/2002,0.0
14/09/2002,0.0
15/09/2002,0.0
16/09/2002,38.5
17/09/2002,16.5
18/09/2002,0.0
19/09/2002,47.5
20/09/2002,36.5
21/09/2002,29.5
22/09/2002,14.5
23/09/2002,0.0
24/09/2002,46.0
25/09/2002,0.0
26/09/2002,0.0
27/09/2002,0.0
28/09/2002,0.0
29/09/2002,0.0
30/09/2002,0.0
01/10/2002,0.0
02/10/2002,0.0
03/10/2002,0.0
04/10/2002,0.0
05/10/2002,0.0
06/10/2002,0.0
07/10/2002,0.0
08/10/2002,14.0
09/10/2002,0.0
10/10/2002,97.5
11/10/2002,37.0
12/10/2002,0.0
13/10/2002,2.0
14/10/2002,0.0
15/10/2002,0.0
16/10/2002,0.0
17/10/2002,66.0
18/10/2002,0.0
19/10/2002,0.0
20/10/2002,0.0
21/10/2002,0.0
22/10/2002,0.0
23/10/2002,0.0
24/10/2002,0.0
25/10/2002,0.0
26/10/2002,0.0
27/10/2002,0.0
28/10/2002,1189.0
29/10/2002,0.0
30/10/2002,0.0
31/10/2002,0.0
01/11/2002,0.0
02/11/2002,0.0
03/11/2002,0.0
04/11/2002,0.0
05/11/2002,0.0
06/11/2002,0.0
07/11/2002,0.0
08/11/2002,0.0
09/11/2002,0.0
10/11/2002,0.0
11/11/2002,0.0
12/11/2002,0.0
13/11/2002,0.0
14/11/2002,0.0
15/11/2002,0.0
16/11/2002,0.0
17/11/2002,0.0
18/11/2002,0.0
19/11/2002,0.0
20/11/2002,0.0
21/11/2002,0.0
22/11/2002,0.0
23/11/2002,0.0
24/11/2002,0.0
25/11/2002,0.0
26/11/2002,0.0
27/11/2002,0.0
28/11/2002,0.0
29/11/2002,0.0
30/11/2002,0.0
01/12/2002,0.0
02/12/2002,0.0
03/12/2002,0.0
04/12/2002,0.0
05/12/2002,0.0
06/12/2002,0.0
07/12/2002,0.0
08/12/2002,0.0
09/12/2002,0.0
10/12/2002,0.0
11/12/2002,0.0
12/12/2002,0.0
13/12/2002,0.0
14/12/2002,0.0
15/12/2002,0.0
16/12/2002,0.0
17/12/2002,0.0
18/12/2002,0.0
19/12/2002,0.0
20/12/2002,0.0
21/12/2002,0.0
22/12/2002,0.0
23/12/2002,0.0
24/12/2002,0.0
25/12/2002,0.0
26/12/2002,0.0
27/12/2002,0.0
28/12/2002,0.0
29/12/2002,0.0
30/12/2002,13.0
31/12/2002,130.0
01/01/2003,21.5
02/01/2003,17.5
03/01/2003,4.5
04/01/2003,0.0
05/01/2003,0.0
06/01/2003,0.0
07/01/2003,15.0
08/01/2003,0.0
09/01/2003,0.0
10/01/2003,0.0
11/01/2003,0.0
12/01/2003,0.0
13/01/2003,0.0
14/01/2003,0.0
15/01/2003,0.0
16/01/2003,12.0
17/01/2003,0.0
18/01/2003,0.0
19/01/2003,0.0
20/01/2003,4.5
21/01/2003,0.0
22/01/2003,0.0
23/01/2003,0.0
24/01/2003,0.0
25/01/2003,1.5
26/01/2003,0.0
27/01/2003,0.0
28/01/2003,0.0
29/01/2003,0.0
30/01/2003,2.5
31/01/2003,16.5
01/02/2003,1.5
02/02/2003,0.0
03/02/2003,0.0
04/02/2003,1.0
05/02/2003,0.0
06/02/2003,0.0
07/02/2003,0.0
08/02/2003,0.0
09/02/2003,7.5
10/02/2003,17.5
11/02/2003,31.0
12/02/2003,0.0
13/02/2003,3.0
14/02/2003,3.5
15/02/2003,54.5
16/02/2003,1.0
17/02/2003,1.0
18/02/2003,0.0
19/02/2003,0.0
20/02/2003,0.0
21/02/2003,0.0
22/02/2003,0.0
23/02/2003,0.0
24/02/2003,0.0
25/02/2003,0.0
26/02/2003,0.0
27/02/2003,0.0
28/02/2003,1.0
01/03/2003,0.0
02/03/2003,0.0
03/03/2003,0.0
04/03/2003,0.0
05/03/2003,0.0
06/03/2003,0.0
07/03/2003,0.0
08/03/2003,0.0
09/03/2003,1.0
10/03/2003,13.0
11/03/2003,59.0
12/03/2003,3.5
13/03/2003,6.5
14/03/2003,5.0
15/03/2003,0.0
16/03/2003,0.0
17/03/2003,0.0
18/03/2003,0.0
19/03/2003,0.0
20/03/2003,0.0
21/03/2003,0.0
22/03/2003,14.5
23/03/2003,7.0
24/03/2003,38.0
25/03/2003,25.0
26/03/2003,33.5
27/03/2003,0.5
28/03/2003,0.0
29/03/2003,1.5
30/03/2003,3.5
31/03/2003,13.0
01/04/2003,4.5
02/04/2003,0.0
03/04/2003,0.0
04/04/2003,0.0
05/04/2003,0.0
06/04/2003,0.0
07/04/2003,0.0
08/04/2003,0.0
09/04/2003,0.0
10/04/2003,1.0
11/04/2003,3.5
12/04/2003,0.5
13/04/2003,0.0
14/04/2003,0.0
15/04/2003,0.0
16/04/2003,0.0
17/04/2003,0.0
18/04/2003,0.0
19/04/2003,0.0
20/04/2003,0.0
21/04/2003,0.0
22/04/2003,0.0
23/04/2003,0.0
24/04/2003,0.0
25/04/2003,0.0
26/04/2003,0.0
27/04/2003,0.0
28/04/2003,0.0
29/04/2003,0.0
30/04/2003,1.5
01/05/2003,0.0
02/05/2003,0.0
03/05/2003,0.0
04/05/2003,13.5
05/05/2003,0.0
06/05/2003,8.5
07/05/2003,0.0
08/05/2003,0.0
09/05/2003,13.0
10/05/2003,2.5
11/05/2003,26.0
12/05/2003,3.0
13/05/2003,0.0
14/05/2003,5.0
15/05/2003,0.5
16/05/2003,2.0
17/05/2003,0.0
18/05/2003,5.5
19/05/2003,0.0
20/05/2003,0.0
21/05/2003,13.0
22/05/2003,10.0
23/05/2003,0.5
24/05/2003,2.5
25/05/2003,23.5
26/05/2003,0.0
27/05/2003,0.0
28/05/2003,0.0
29/05/2003,0.0
30/05/2003,0.0
31/05/2003,0.0
01/06/2003,0.0
02/06/2003,0.0
03/06/2003,0.0
04/06/2003,0.0
05/06/2003,0.0
06/06/2003,0.0
07/06/2003,0.0
08/06/2003,0.0
09/06/2003,0.0
10/06/2003,0.0
11/06/2003,4.0
12/06/2003,0.0
13/06/2003,24.0
14/06/2003,8.5
15/06/2003,0.0
16/06/2003,5.5
17/06/2003,30.5
18/06/2003,0.0
19/06/2003,32.0
20/06/2003,0.0
21/06/2003,25.0
22/06/2003,0.0
23/06/2003,0.0
24/06/2003,0.0
25/06/2003,0.0
26/06/2003,0.5
27/06/2003,0.0
28/06/2003,0.0
29/06/2003,10.0
30/06/2003,0.5
01/07/2003,0.0
02/07/2003,2.0
03/07/2003,0.0
04/07/2003,106.0
05/07/2003,0.5
06/07/2003,0.0
07/07/2003,0.0
08/07/2003,2.0
09/07/2003,0.0
10/07/2003,0.5
11/07/2003,0.0
12/07/2003,0.0
13/07/2003,14.0
14/07/2003,4.5
15/07/2003,0.0
16/07/2003,0.0
17/07/2003,0.0
18/07/2003,1.5
19/07/2003,0.0
20/07/2003,5.5
21/07/2003,0.0
22/07/2003,15.0
23/07/2003,0.5
24/07/2003,1.5
25/07/2003,0.0
26/07/2003,0.0
27/07/2003,0.0
28/07/2003,0.0
29/07/2003,18.0
30/07/2003,0.0
31/07/2003,0.0
01/08/2003,0.0
02/08/2003,12.0
03/08/2003,0.5
04/08/2003,0.0
05/08/2003,8.5
06/08/2003,23.5
07/08/2003,0.0
08/08/2003,0.0
09/08/2003,0.0
10/08/2003,0.0
11/08/2003,6.0
12/08/2003,0.0
13/08/2003,21.0
14/08/2003,0.0
15/08/2003,3.0
16/08/2003,0.5
17/08/2003,23.5
18/08/2003,1.5
19/08/2003,3.5
20/08/2003,0.0
21/08/2003,0.0
22/08/2003,0.0
23/08/2003,15.0
24/08/2003,0.0
25/08/2003,0.0
26/08/2003,0.0
27/08/2003,0.5
28/08/2003,22.0
29/08/2003,0.0
30/08/2003,40.0
31/08/2003,0.0
01/09/2003,9.0
02/09/2003,0.0
03/09/2003,0.0
04/09/2003,0.0
05/09/2003,0.0
06/09/2003,0.0
07/09/2003,1.5
08/09/2003,0.0
09/09/2003,0.5
10/09/2003,14.0
11/09/2003,0.0
12/09/2003,2.5
13/09/2003,0.0
14/09/2003,5.5
15/09/2003,23.0
16/09/2003,0.0
17/09/2003,2.0
18/09/2003,0.0
19/09/2003,0.0
20/09/2003,0.0
21/09/2003,8.5
22/09/2003,3.5
23/09/2003,0.5
24/09/2003,0.0
25/09/2003,21.5
26/09/2003,6.0
27/09/2003,0.0
28/09/2003,8.5
29/09/2003,0.5
30/09/2003,0.0
01/10/2003,18.0
02/10/2003,16.5
03/10/2003,64.5
04/10/2003,1.5
05/10/2003,1.0
06/10/2003,0.5
07/10/2003,0.0
08/10/2003,0.0
09/10/2003,0.0
10/10/2003,0.0
11/10/2003,77.5
12/10/2003,27.0
13/10/2003,0.5
14/10/2003,42.0
15/10/2003,6.5
16/10/2003,1.0
17/10/2003,12.5
18/10/2003,1.5
19/10/2003,16.5
20/10/2003,10.5
21/10/2003,0.0
22/10/2003,1.0
23/10/2003,0.0
24/10/2003,1.0
25/10/2003,0.5
26/10/2003,0.0
27/10/2003,18.0
28/10/2003,0.5
29/10/2003,59.5
30/10/2003,31.0
31/10/2003,1.5
01/11/2003,6.5
02/11/2003,1.0
03/11/2003,63.5
04/11/2003,0.0
05/11/2003,1.0
06/11/2003,0.0
07/11/2003,1.0
08/11/2003,15.0
09/11/2003,4.5
10/11/2003,10.3
11/11/2003,22.7
12/11/2003,56.2
13/11/2003,5.0
14/11/2003,0.0
15/11/2003,11.3
16/11/2003,4.0
17/11/2003,0.0
18/11/2003,0.0
19/11/2003,0.0
20/11/2003,0.0
21/11/2003,0.0
22/11/2003,17.9
23/11/2003,12.1
24/11/2003,0.5
25/11/2003,0.6
26/11/2003,0.9
27/11/2003,0.0
28/11/2003,0.5
29/11/2003,2.3
30/11/2003,0.0
01/12/2003,0.1
02/12/2003,0.2
03/12/2003,0.3
04/12/2003,0.3
05/12/2003,0.0
06/12/2003,0.1
07/12/2003,0.5
08/12/2003,10.7
09/12/2003,33.3
10/12/2003,128.0
11/12/2003,96.0
12/12/2003,133.0
13/12/2003,5.0
14/12/2003,0.0
15/12/2003,4.0
16/12/2003,0.0
17/12/2003,0.0
18/12/2003,0.0
19/12/2003,8.0
20/12/2003,21.0
21/12/2003,33.0
22/12/2003,1.0
23/12/2003,8.5
24/12/2003,9.5
25/12/2003,0.0
26/12/2003,0.0
27/12/2003,1.0
28/12/2003,0.0
29/12/2003,4.5
30/12/2003,0.0
31/12/2003,2.0
01/01/2004,0.0
02/01/2004,0.0
03/01/2004,0.0
04/01/2004,1.6
05/01/2004,0.0
06/01/2004,3.5
07/01/2004,0.0
08/01/2004,11.4
09/01/2004,0.0
10/01/2004,0.0
11/01/2004,2.0
12/01/2004,0.3
13/01/2004,3.6
14/01/2004,0.0
15/01/2004,0.9
16/01/2004,0.0
17/01/2004,1.1
18/01/2004,10.4
19/01/2004,0.0
20/01/2004,0.0
21/01/2004,1.9
22/01/2004,0.0
23/01/2004,0.0
24/01/2004,0.0
25/01/2004,0.0
26/01/2004,3.4
27/01/2004,5.9
28/01/2004,0.0
29/01/2004,0.0
30/01/2004,4.8
31/01/2004,2.2
01/02/2004,20.1
02/02/2004,0.0
03/02/2004,0.0
04/02/2004,0.0
05/02/2004,4.5
06/02/2004,11.1
07/02/2004,0.0
08/02/2004,0.0
09/02/2004,1.5
10/02/2004,0.0
11/02/2004,0.0
12/02/2004,0.5
13/02/2004,0.0
14/02/2004,0.0
15/02/2004,0.0
16/02/2004,0.0
17/02/2004,0.0
18/02/2004,0.0
19/02/2004,0.0
20/02/2004,0.0
21/02/2004,0.0
22/02/2004,0.0
23/02/2004,0.0
24/02/2004,0.0
25/02/2004,0.0
26/02/2004,0.0
27/02/2004,0.0
28/02/2004,0.0
29/02/2004,3.0
01/03/2004,0.0
02/03/2004,0.0
03/03/2004,0.0
04/03/2004,0.0
05/03/2004,0.0
06/03/2004,0.0
07/03/2004,0.5
08/03/2004,7.0
09/03/2004,0.0
10/03/2004,0.0
11/03/2004,0.0
12/03/2004,0.0
13/03/2004,11.0
14/03/2004,0.0
15/03/2004,1.0
16/03/2004,7.0
17/03/2004,3.5
18/03/2004,0.0
19/03/2004,0.0
20/03/2004,0.0
21/03/2004,0.0
22/03/2004,0.0
23/03/2004,0.0
24/03/2004,0.0
25/03/2004,0.0
26/03/2004,0.0
27/03/2004,0.0
28/03/2004,0.0
29/03/2004,0.0
30/03/2004,0.0
31/03/2004,0.0
01/04/2004,0.0
02/04/2004,0.0
03/04/2004,0.0
04/04/2004,9.0
05/04/2004,0.0
06/04/2004,0.0
07/04/2004,0.0
08/04/2004,0.0
09/04/2004,0.0
10/04/2004,0.0
11/04/2004,0.0
12/04/2004,0.0
13/04/2004,0.0
14/04/2004,0.0
15/04/2004,0.0
16/04/2004,0.0
17/04/2004,0.0
18/04/2004,0.0
19/04/2004,0.0
20/04/2004,0.0
21/04/2004,0.0
22/04/2004,0.0
23/04/2004,0.0
24/04/2004,0.0
25/04/2004,0.0
26/04/2004,0.0
27/04/2004,0.0
28/04/2004,0.5
29/04/2004,8.5
30/04/2004,0.0
01/05/2004,0.0
02/05/2004,0.0
03/05/2004,0.0
04/05/2004,3.0
05/05/2004,0.0
06/05/2004,0.0
07/05/2004,60.0
08/05/2004,0.0
09/05/2004,0.0
10/05/2004,0.5
11/05/2004,12.0
12/05/2004,0.0
13/05/2004,11.5
14/05/2004,0.0
15/05/2004,0.0
16/05/2004,0.0
17/05/2004,0.0
18/05/2004,0.0
19/05/2004,0.0
20/05/2004,0.0
21/05/2004,30.0
22/05/2004,3.0
23/05/2004,0.0
24/05/2004,28.5
25/05/2004,1.0
26/05/2004,0.0
27/05/2004,0.0
28/05/2004,0.0
29/05/2004,0.0
30/05/2004,0.0
31/05/2004,0.0
01/06/2004,4.0
02/06/2004,0.0
03/06/2004,0.0
04/06/2004,26.5
05/06/2004,37.5
06/06/2004,56.5
07/06/2004,1.5
08/06/2004,0.0
09/06/2004,0.0
10/06/2004,0.0
11/06/2004,0.0
12/06/2004,0.0
13/06/2004,11.5
14/06/2004,0.0
15/06/2004,0.0
16/06/2004,0.0
17/06/2004,0.0
18/06/2004,0.0
19/06/2004,0.0
20/06/2004,0.0
21/06/2004,10.5
22/06/2004,0.0
23/06/2004,0.0
24/06/2004,15.0
25/06/2004,16.5
26/06/2004,0.0
27/06/2004,0.5
28/06/2004,18.5
29/06/2004,5.5
30/06/2004,0.5
01/07/2004,0.0
02/07/2004,0.0
03/07/2004,0.0
04/07/2004,0.0
05/07/2004,0.0
06/07/2004,0.0
07/07/2004,0.0
08/07/2004,0.0
09/07/2004,0.0
10/07/2004,0.0
11/07/2004,0.0
12/07/2004,0.0
13/07/2004,0.0
14/07/2004,0.0
15/07/2004,0.0
16/07/2004,2.0
17/07/2004,6.0
18/07/2004,3.0
19/07/2004,19.0
20/07/2004,1.5
21/07/2004,2.5
22/07/2004,0.0
23/07/2004,66.0
24/07/2004,0.0
25/07/2004,27.5
26/07/2004,27.5
27/07/2004,13.0
28/07/2004,19.0
29/07/2004,0.0
30/07/2004,3.5
31/07/2004,1.0
01/08/2004,3.0
02/08/2004,0.0
03/08/2004,0.0
04/08/2004,0.0
05/08/2004,0.0
06/08/2004,0.0
07/08/2004,0.0
08/08/2004,0.0
09/08/2004,0.0
10/08/2004,0.0
11/08/2004,2.0
12/08/2004,4.0
13/08/2004,15.5
14/08/2004,4.5
15/08/2004,2.0
16/08/2004,0.0
17/08/2004,0.0
18/08/2004,0.0
19/08/2004,0.0
20/08/2004,0.0
21/08/2004,29.5
22/08/2004,11.5
23/08/2004,0.0
24/08/2004,0.0
25/08/2004,4.0
26/08/2004,22.5
27/08/2004,37.5
28/08/2004,2.0
29/08/2004,4.0
30/08/2004,0.0
31/08/2004,13.5
01/09/2004,64.5
02/09/2004,0.5
03/09/2004,0.0
04/09/2004,0.0
05/09/2004,0.0
06/09/2004,0.0
07/09/2004,0.0
08/09/2004,0.0
09/09/2004,0.0
10/09/2004,0.0
11/09/2004,0.0
12/09/2004,0.0
13/09/2004,0.0
14/09/2004,0.0
15/09/2004,36.5
16/09/2004,10.0
17/09/2004,6.0
18/09/2004,41.5
19/09/2004,41.0
20/09/2004,0.0
21/09/2004,0.0
22/09/2004,0.0
23/09/2004,6.5
24/09/2004,2.0
25/09/2004,4.5
26/09/2004,0.0
27/09/2004,0.0
28/09/2004,0.0
29/09/2004,0.0
30/09/2004,0.5
01/10/2004,0.0
02/10/2004,0.5
03/10/2004,0.0
04/10/2004,0.0
05/10/2004,0.5
06/10/2004,0.0
07/10/2004,0.5
08/10/2004,0.0
09/10/2004,1.5
10/10/2004,15.0
11/10/2004,149.5
12/10/2004,0.5
13/10/2004,0.0
14/10/2004,0.0
15/10/2004,0.0
16/10/2004,0.0
17/10/2004,0.0
18/10/2004,17.5
19/10/2004,1.0
20/10/2004,0.0
21/10/2004,53.0
22/10/2004,95.0
23/10/2004,70.0
24/10/2004,3.0
25/10/2004,82.0
26/10/2004,37.5
27/10/2004,36.0
28/10/2004,0.0
29/10/2004,3.5
30/10/2004,138.5
31/10/2004,32.5
01/11/2004,130.0
02/11/2004,0.5
03/11/2004,60.0
04/11/2004,79.0
05/11/2004,24.5
06/11/2004,34.0
07/11/2004,26.0
08/11/2004,7.0
09/11/2004,1.5
10/11/2004,0.0
11/11/2004,4.0
12/11/2004,32.0
13/11/2004,108.0
14/11/2004,15.0
15/11/2004,1.5
16/11/2004,0.0
17/11/2004,0.5
18/11/2004,2.0
19/11/2004,0.0
20/11/2004,1.5
21/11/2004,26.5
22/11/2004,0.0
23/11/2004,0.0
24/11/2004,0.5
25/11/2004,0.0
26/11/2004,4.5
27/11/2004,8.0
28/11/2004,63.0
29/11/2004,63.0
30/11/2004,7.0
01/12/2004,2.5
02/12/2004,0.0
03/12/2004,38.0
04/12/2004,11.5
05/12/2004,29.5
06/12/2004,6.0
07/12/2004,23.5
08/12/2004,103.0
09/12/2004,5.5
10/12/2004,35.5
11/12/2004,0.0
12/12/2004,6.0
13/12/2004,0.0
14/12/2004,0.0
15/12/2004,0.0
16/12/2004,50.5
17/12/2004,21.0
18/12/2004,0.0
19/12/2004,0.0
20/12/2004,0.0
21/12/2004,1.0
22/12/2004,13.0
23/12/2004,0.0
24/12/2004,0.0
25/12/2004,5.0
26/12/2004,0.0
27/12/2004,0.0
28/12/2004,0.5
29/12/2004,11.5
30/12/2004,4.5
31/12/2004,15.0
01/01/2005,7.5
02/01/2005,6.0
03/01/2005,0.0
04/01/2005,1.5
05/01/2005,0.0
06/01/2005,0.0
07/01/2005,10.5
08/01/2005,22.0
09/01/2005,0.0
10/01/2005,0.0
11/01/2005,0.5
12/01/2005,30.0
13/01/2005,0.0
14/01/2005,0.0
15/01/2005,0.0
16/01/2005,2.5
17/01/2005,0.0
18/01/2005,0.5
19/01/2005,0.0
20/01/2005,0.0
21/01/2005,3.0
22/01/2005,0.0
23/01/2005,0.5
24/01/2005,0.0
25/01/2005,0.0
26/01/2005,0.0
27/01/2005,0.0
28/01/2005,0.0
29/01/2005,0.0
30/01/2005,0.0
31/01/2005,0.0
01/02/2005,0.0
02/02/2005,0.0
03/02/2005,0.0
04/02/2005,0.0
05/02/2005,0.0
06/02/2005,0.0
07/02/2005,0.0
08/02/2005,0.0
09/02/2005,6.0
10/02/2005,3.0
11/02/2005,6.0
12/02/2005,0.0
13/02/2005,0.0
14/02/2005,0.0
15/02/2005,0.0
16/02/2005,0.0
17/02/2005,0.0
18/02/2005,0.0
19/02/2005,0.0
20/02/2005,0.0
21/02/2005,0.0
22/02/2005,0.0
23/02/2005,0.0
24/02/2005,0.0
25/02/2005,0.0
26/02/2005,0.0
27/02/2005,0.0
28/02/2005,0.0
01/03/2005,0.0
02/03/2005,0.0
03/03/2005,0.0
04/03/2005,0.0
05/03/2005,2.5
06/03/2005,0.0
07/03/2005,0.0
08/03/2005,0.0
09/03/2005,0.0
10/03/2005,0.0
11/03/2005,0.0
12/03/2005,0.0
13/03/2005,0.0
14/03/2005,35.0
15/03/2005,0.0
16/03/2005,0.0
17/03/2005,4.5
18/03/2005,0.0
19/03/2005,0.0
20/03/2005,0.0
21/03/2005,0.0
22/03/2005,0.0
23/03/2005,0.0
24/03/2005,0.0
25/03/2005,138.5
26/03/2005,78.5
27/03/2005,21.0
28/03/2005,0.0
29/03/2005,0.0
30/03/2005,30.0
31/03/2005,0.0
01/04/2005,10.0
02/04/2005,0.0
03/04/2005,46.0
04/04/2005,65.5
05/04/2005,0.0
06/04/2005,0.5
07/04/2005,0.0
08/04/2005,0.0
09/04/2005,0.0
10/04/2005,0.0
11/04/2005,0.0
12/04/2005,0.0
13/04/2005,0.0
14/04/2005,4.5
15/04/2005,4.5
16/04/2005,0.0
17/04/2005,0.0
18/04/2005,0.0
19/04/2005,0.0
20/04/2005,0.0
21/04/2005,0.0
22/04/2005,0.0
23/04/2005,0.0
24/04/2005,0.0
25/04/2005,0.0
26/04/2005,0.0
27/04/2005,0.0
28/04/2005,0.0
29/04/2005,0.0
30/04/2005,0.0
01/05/2005,0.0
02/05/2005,0.0
03/05/2005,0.0
04/05/2005,0.0
05/05/2005,0.0
06/05/2005,0.0
07/05/2005,2.5
08/05/2005,0.5
09/05/2005,0.0
10/05/2005,9.0
11/05/2005,0.0
12/05/2005,0.0
13/05/2005,7.5
14/05/2005,0.0
15/05/2005,28.5
16/05/2005,0.5
17/05/2005,0.0
18/05/2005,13.0
19/05/2005,1.5
20/05/2005,0.0
21/05/2005,0.0
22/05/2005,0.0
23/05/2005,0.0
24/05/2005,0.0
25/05/2005,0.0
26/05/2005,47.5
27/05/2005,0.0
28/05/2005,0.0
29/05/2005,0.0
30/05/2005,0.0
01/07/2005,2.5
02/07/2005,0.0
03/07/2005,15.0
04/07/2005,14.5
05/07/2005,0.0
06/07/2005,0.0
07/07/2005,0.0
08/07/2005,0.0
09/07/2005,4.0
10/07/2005,2.5
11/07/2005,0.0
12/07/2005,4.5
13/07/2005,0.0
14/07/2005,0.0
15/07/2005,0.0
16/07/2005,11.0
17/07/2005,0.5
18/07/2005,0.0
19/07/2005,31.5
20/07/2005,53.0
21/07/2005,3.5
22/07/2005,23.0
23/07/2005,10.0
24/07/2005,0.0
25/07/2005,3.0
26/07/2005,0.0
27/07/2005,0.0
28/07/2005,0.0
29/07/2005,0.0
30/07/2005,0.0
31/07/2005,8.0
06/09/2005,21.0
07/09/2005,0.0
08/09/2005,0.0
09/09/2005,0.0
10/09/2005,0.0
11/09/2005,0.0
12/09/2005,0.0
13/09/2005,0.0
14/09/2005,0.0
15/09/2005,0.0
16/09/2005,0.0
17/09/2005,0.0
18/09/2005,0.0
19/09/2005,0.5
20/09/2005,0.0
21/09/2005,0.0
22/09/2005,0.0
23/09/2005,0.0
24/09/2005,0.0
25/09/2005,5.0
26/09/2005,0.0
27/09/2005,27.5
28/09/2005,0.0
29/09/2005,1.5
30/09/2005,0.0
01/10/2005,0.0
02/10/2005,0.0
03/10/2005,3.0
04/10/2005,49.5
05/10/2005,2.5
06/10/2005,0.0
07/10/2005,69.0
08/10/2005,0.0
09/10/2005,0.0
10/10/2005,0.0
11/10/2005,0.0
12/10/2005,0.0
13/10/2005,0.0
14/10/2005,0.0
15/10/2005,0.0
16/10/2005,13.0
17/10/2005,1.5
18/10/2005,1.0
19/10/2005,15.5
20/10/2005,35.5
21/10/2005,0.5
22/10/2005,3.5
23/10/2005,0.0
24/10/2005,7.5
25/10/2005,4.5
26/10/2005,21.0
27/10/2005,10.5
28/10/2005,3.0
29/10/2005,0.5
30/10/2005,0.0
31/10/2005,11.5
01/11/2005,1.0
02/11/2005,0.0
03/11/2005,3.5
04/11/2005,28.0
05/11/2005,40.5
06/11/2005,6.0
07/11/2005,0.0
08/11/2005,8.0
09/11/2005,0.0
10/11/2005,0.0
11/11/2005,12.0
12/11/2005,0.0
13/11/2005,0.5
14/11/2005,11.5
15/11/2005,0.0
16/11/2005,0.0
17/11/2005,0.0
18/11/2005,6.5
19/11/2005,98.0
20/11/2005,66.5
21/11/2005,0.0
22/11/2005,36.0
23/11/2005,94.5
24/11/2005,11.0
25/11/2005,3.5
26/11/2005,1.5
27/11/2005,8.0
28/11/2005,37.5
29/11/2005,7.5
30/11/2005,51.5
01/12/2005,4.0
02/12/2005,1.5
03/12/2005,3.0
04/12/2005,0.0
05/12/2005,13.0
06/12/2005,1.5
07/12/2005,10.5
08/12/2005,38.5
09/12/2005,15.0
10/12/2005,0.5
11/12/2005,0.0
12/12/2005,25.0
13/12/2005,9.0
14/12/2005,87.0
15/12/2005,40.5
16/12/2005,47.5
17/12/2005,23.0
18/12/2005,78.5
19/12/2005,34.0
20/12/2005,0.0
21/12/2005,5.5
22/12/2005,115.0
23/12/2005,4.5
24/12/2005,0.0
25/12/2005,2.5
26/12/2005,11.5
27/12/2005,0.5
28/12/2005,9.0
29/12/2005,0.0
30/12/2005,0.0
31/12/2005,14.5
01/01/2006,7.5
02/01/2006,3.5
03/01/2006,121.5
04/01/2006,7.0
05/01/2006,9.5
06/01/2006,5.5
07/01/2006,13.0
08/01/2006,1.0
09/01/2006,1.0
10/01/2006,4.5
11/01/2006,5.5
12/01/2006,0.0
13/01/2006,0.0
14/01/2006,0.0
15/01/2006,0.0
16/01/2006,0.0
17/01/2006,0.0
18/01/2006,0.0
19/01/2006,0.0
20/01/2006,0.0
21/01/2006,0.0
22/01/2006,0.0
23/01/2006,0.0
24/01/2006,0.0
25/01/2006,0.0
26/01/2006,0.0
27/01/2006,0.0
28/01/2006,0.0
29/01/2006,0.0
30/01/2006,0.0
31/01/2006,0.0
01/02/2006,15.5
02/02/2006,2.5
03/02/2006,0.0
04/02/2006,3.0
05/02/2006,0.5
06/02/2006,0.0
07/02/2006,3.0
08/02/2006,0.0
09/02/2006,10.5
10/02/2006,15.5
11/02/2006,27.5
12/02/2006,2.5
13/02/2006,19.0
14/02/2006,2.0
15/02/2006,1.5
16/02/2006,0.0
17/02/2006,0.0
18/02/2006,0.0
19/02/2006,4.0
20/02/2006,1.0
21/02/2006,0.0
22/02/2006,0.0
23/02/2006,0.0
24/02/2006,0.0
25/02/2006,2.0
26/02/2006,0.0
27/02/2006,0.0
28/02/2006,0.0
01/03/2006,0.0
02/03/2006,1.5
03/03/2006,2.0
04/03/2006,0.0
05/03/2006,0.0
06/03/2006,0.0
07/03/2006,0.0
08/03/2006,0.0
09/03/2006,0.0
10/03/2006,0.0
11/03/2006,0.0
12/03/2006,0.0
13/03/2006,0.0
14/03/2006,0.0
15/03/2006,0.0
16/03/2006,0.0
17/03/2006,0.0
18/03/2006,0.0
19/03/2006,5.0
20/03/2006,0.0
21/03/2006,0.0
22/03/2006,0.0
23/03/2006,0.5
24/03/2006,14.0
25/03/2006,58.5
26/03/2006,3.0
27/03/2006,0.0
28/03/2006,0.0
29/03/2006,0.0
30/03/2006,0.0
31/03/2006,3.5
01/04/2006,0.0
02/04/2006,0.0
03/04/2006,0.0
04/04/2006,0.0
05/04/2006,0.0
06/04/2006,0.0
07/04/2006,0.0
08/04/2006,0.0
09/04/2006,4.0
10/04/2006,0.5
11/04/2006,0.5
12/04/2006,0.0
13/04/2006,0.0
14/04/2006,0.0
15/04/2006,0.0
16/04/2006,0.0
17/04/2006,0.0
18/04/2006,19.5
19/04/2006,3.5
20/04/2006,0.0
21/04/2006,0.0
22/04/2006,0.0
23/04/2006,0.0
24/04/2006,0.0
25/04/2006,0.0
26/04/2006,0.0
27/04/2006,0.0
28/04/2006,0.0
29/04/2006,0.0
30/04/2006,0.0
01/05/2006,6.0
02/05/2006,0.0
03/05/2006,3.5
04/05/2006,11.0
05/05/2006,65.0
06/05/2006,0.0
07/05/2006,0.0
08/05/2006,0.5
09/05/2006,0.0
10/05/2006,0.0
05/07/2006,6.5
06/07/2006,0.0
07/07/2006,0.0
08/07/2006,22.5
09/07/2006,96.5
10/07/2006,104.5
11/07/2006,27.5
12/07/2006,2.0
13/07/2006,18.0
14/07/2006,11.0
15/07/2006,0.0
16/07/2006,0.5
17/07/2006,0.0
18/07/2006,12.0
19/07/2006,0.0
20/07/2006,8.5
21/07/2006,0.5
22/07/2006,0.0
23/07/2006,0.0
24/07/2006,0.0
25/07/2006,0.0
26/07/2006,49.0
27/07/2006,33.5
28/07/2006,6.0
29/07/2006,6.0
30/07/2006,0.0
31/07/2006,0.0
01/08/2006,0.0
02/08/2006,0.0
03/08/2006,0.0
04/08/2006,0.0
05/08/2006,0.0
06/08/2006,0.0
07/08/2006,0.0
08/08/2006,0.0
09/08/2006,0.0
10/08/2006,0.0
11/08/2006,0.0
12/08/2006,0.0
13/08/2006,0.0
14/08/2006,0.0
15/08/2006,0.0
16/08/2006,0.0
17/08/2006,0.0
18/08/2006,0.0
19/08/2006,0.0
20/08/2006,0.0
21/08/2006,0.0
22/08/2006,0.0
23/08/2006,0.0
24/08/2006,0.0
25/08/2006,0.0
26/08/2006,0.0
27/08/2006,0.0
28/08/2006,0.0
29/08/2006,0.0
30/08/2006,0.0
31/08/2006,0.0
01/09/2006,0.0
02/09/2006,0.0
03/09/2006,0.0
04/09/2006,0.0
05/09/2006,0.0
06/09/2006,0.0
07/09/2006,0.0
08/09/2006,0.0
09/09/2006,0.0
10/09/2006,0.0
11/09/2006,0.0
12/09/2006,0.0
13/09/2006,0.0
14/09/2006,0.0
15/09/2006,0.0
16/09/2006,0.0
17/09/2006,0.0
18/09/2006,0.0
19/09/2006,0.0
20/09/2006,0.0
21/09/2006,0.0
22/09/2006,13.0
23/09/2006,0.0
24/09/2006,11.0
25/09/2006,0.0
26/09/2006,2.0
12/12/2006,61.1
13/12/2006,0.0
14/12/2006,0.0
15/12/2006,5.2
16/12/2006,29.3
17/12/2006,3.5
18/12/2006,0.4
19/12/2006,7.1
20/12/2006,30.1
21/12/2006,15.0
22/12/2006,12.4
23/12/2006,0.5
24/12/2006,0.5
25/12/2006,8.5
26/12/2006,6.7
27/12/2006,15.8
28/12/2006,0.0
29/12/2006,0.0
30/12/2006,0.0
31/12/2006,0.0
01/01/2007,0.7
02/01/2007,30.8
03/01/2007,1.0
04/01/2007,1.4
05/01/2007,8.5
06/01/2007,105.7
07/01/2007,56.8
08/01/2007,17.8
09/01/2007,11.0
10/01/2007,3.8
11/01/2007,1.5
12/01/2007,1.5
13/01/2007,0.0
14/01/2007,0.4
15/01/2007,2.1
16/01/2007,0.5
17/01/2007,3.0
18/01/2007,7.9
19/01/2007,3.1
20/01/2007,0.0
21/01/2007,0.0
22/01/2007,0.4
23/01/2007,0.1
24/01/2007,0.0
25/01/2007,1.0
26/01/2007,0.5
27/01/2007,0.0
28/01/2007,0.0
29/01/2007,0.0
30/01/2007,0.0
31/01/2007,0.0
01/02/2007,0.0
02/02/2007,0.0
03/02/2007,0.0
04/02/2007,0.0
05/02/2007,0.0
06/02/2007,10.9
07/02/2007,29.6
08/02/2007,0.0
09/02/2007,0.0
10/02/2007,0.0
11/02/2007,0.0
12/02/2007,0.0
13/02/2007,0.0
14/02/2007,0.4
15/02/2007,49.5
16/02/2007,0.4
17/02/2007,27.6
18/02/2007,0.0
19/02/2007,0.0
20/02/2007,0.0
21/02/2007,0.0
22/02/2007,6.2
23/02/2007,0.3
24/02/2007,0.0
25/02/2007,0.0
26/02/2007,0.0
27/02/2007,0.0
28/02/2007,0.0
01/03/2007,1.0
02/03/2007,0.0
03/03/2007,0.0
04/03/2007,0.0
05/03/2007,0.0
06/03/2007,0.0
07/03/2007,0.0
08/03/2007,0.0
09/03/2007,0.0
10/03/2007,0.0
11/03/2007,0.4
12/03/2007,6.9
13/03/2007,1.1
14/03/2007,0.0
15/03/2007,0.0
16/03/2007,0.0
17/03/2007,0.0
18/03/2007,0.4
19/03/2007,5.6
20/03/2007,0.0
21/03/2007,12.8
22/03/2007,5.4
23/03/2007,2.3
24/03/2007,0.4
25/03/2007,11.1
26/03/2007,0.0
27/03/2007,0.0
28/03/2007,0.4
29/03/2007,1.1
30/03/2007,0.0
31/03/2007,0.5
01/04/2007,6.5
02/04/2007,0.0
03/04/2007,0.0
04/04/2007,0.0
05/04/2007,0.0
06/04/2007,5.0
07/04/2007,6.5
08/04/2007,0.0
09/04/2007,0.0
10/04/2007,2.0
11/04/2007,1.0
12/04/2007,4.2
13/04/2007,0.8
14/04/2007,0.0
15/04/2007,0.0
16/04/2007,0.0
17/04/2007,0.0
18/04/2007,0.0
19/04/2007,0.0
20/04/2007,0.0
21/04/2007,0.0
22/04/2007,0.0
23/04/2007,0.0
24/04/2007,0.0
25/04/2007,0.0
26/04/2007,0.4
27/04/2007,17.0
28/04/2007,2.0
29/04/2007,25.7
30/04/2007,5.8
01/05/2007,0.5
02/05/2007,0.0
03/05/2007,0.0
04/05/2007,0.0
05/05/2007,0.0
06/05/2007,44.1
07/05/2007,0.9
08/05/2007,7.0
09/05/2007,3.5
10/05/2007,6.3
11/05/2007,0.2
12/05/2007,0.0
13/05/2007,0.0
14/05/2007,4.7
15/05/2007,9.2
16/05/2007,0.5
17/05/2007,0.0
18/05/2007,0.0
19/05/2007,0.0
20/05/2007,0.0
21/05/2007,0.5
22/05/2007,28.5
23/05/2007,0.0
24/05/2007,0.0
25/05/2007,0.0
26/05/2007,0.0
27/05/2007,17.0
28/05/2007,9.5
29/05/2007,10.0
30/05/2007,0.0
31/05/2007,0.3
01/06/2007,0.5
02/06/2007,0.2
03/06/2007,0.0
04/06/2007,0.0
05/06/2007,0.7
06/06/2007,6.0
07/06/2007,6.5
08/06/2007,1.8
09/06/2007,0.0
10/06/2007,0.0
11/06/2007,0.0
12/06/2007,0.0
13/06/2007,0.0
14/06/2007,0.0
15/06/2007,0.0
16/06/2007,8.0
17/06/2007,4.0
18/06/2007,10.0
19/06/2007,15.7
20/06/2007,8.7
21/06/2007,5.3
22/06/2007,4.2
23/06/2007,1.8
24/06/2007,33.0
25/06/2007,38.3
26/06/2007,11.0
27/06/2007,0.0
28/06/2007,0.0
29/06/2007,0.0
30/06/2007,0.0
01/07/2007,0.0
02/07/2007,0.0
03/07/2007,0.0
04/07/2007,0.0
05/07/2007,0.0
06/07/2007,0.0
07/07/2007,3.7
08/07/2007,1.8
09/07/2007,0.0
10/07/2007,0.0
11/07/2007,0.0
12/07/2007,12.3
13/07/2007,16.2
14/07/2007,11.7
15/07/2007,18.3
16/07/2007,29.8
17/07/2007,21.7
18/07/2007,0.0
19/07/2007,0.0
20/07/2007,0.0
21/07/2007,3.9
22/07/2007,22.1
23/07/2007,0.5
24/07/2007,7.5
25/07/2007,0.0
26/07/2007,0.0
27/07/2007,7.8
28/07/2007,1.2
29/07/2007,31.0
30/07/2007,0.0
31/07/2007,0.5
01/08/2007,0.5
02/08/2007,4.0
03/08/2007,0.0
04/08/2007,0.0
05/08/2007,0.0
06/08/2007,0.0
07/08/2007,0.0
08/08/2007,0.0
09/08/2007,0.0
10/08/2007,0.0
11/08/2007,0.4
12/08/2007,27.1
13/08/2007,0.0
14/08/2007,0.5
15/08/2007,0.7
16/08/2007,24.8
17/08/2007,0.5
18/08/2007,0.0
19/08/2007,8.0
20/08/2007,1.0
21/08/2007,13.5
22/08/2007,0.0
23/08/2007,0.0
24/08/2007,2.0
25/08/2007,0.0
26/08/2007,81.9
27/08/2007,14.1
28/08/2007,22.0
29/08/2007,5.7
30/08/2007,34.3
31/08/2007,0.0
01/09/2007,0.0
02/09/2007,11.3
03/09/2007,12.8
04/09/2007,29.4
05/09/2007,0.0
06/09/2007,0.0
07/09/2007,0.0
08/09/2007,0.0
09/09/2007,0.0
10/09/2007,0.5
11/09/2007,5.0
12/09/2007,6.2
13/09/2007,10.9
14/09/2007,29.8
15/09/2007,11.2
16/09/2007,40.5
17/09/2007,0.0
18/09/2007,2.0
19/09/2007,0.0
20/09/2007,0.0
21/09/2007,0.0
22/09/2007,1.5
23/09/2007,25.0
24/09/2007,27.8
25/09/2007,16.2
26/09/2007,46.1
27/09/2007,0.4
28/09/2007,7.1
29/09/2007,7.0
30/09/2007,44.0
01/10/2007,0.0
02/10/2007,0.0
03/10/2007,0.0
04/10/2007,18.5
05/10/2007,11.0
06/10/2007,0.0
07/10/2007,0.5
08/10/2007,0.0
09/10/2007,0.0
10/10/2007,0.0
11/10/2007,0.4
12/10/2007,0.1
13/10/2007,0.0
14/10/2007,0.0
15/10/2007,5.5
16/10/2007,0.0
17/10/2007,1.8
18/10/2007,0.2
19/10/2007,14.6
20/10/2007,102.9
21/10/2007,2.3
22/10/2007,2.7
23/10/2007,3.7
24/10/2007,34.8
25/10/2007,2.0
26/10/2007,0.0
27/10/2007,0.5
28/10/2007,4.5
29/10/2007,15.0
30/10/2007,0.0
31/10/2007,0.9
01/11/2007,12.7
02/11/2007,41.4
03/11/2007,50.5
04/11/2007,11.0
05/11/2007,1.0
06/11/2007,9.0
07/11/2007,0.0
08/11/2007,0.6
09/11/2007,2.9
10/11/2007,65.1
11/11/2007,1.9
12/11/2007,0.0
13/11/2007,0.4
14/11/2007,0.5
15/11/2007,3.5
16/11/2007,21.6
17/11/2007,0.0
18/11/2007,0.0
19/11/2007,30.9
20/11/2007,47.6
21/11/2007,0.0
22/11/2007,0.0
23/11/2007,0.0
24/11/2007,0.0
25/11/2007,0.0
26/11/2007,0.0
27/11/2007,5.0
28/11/2007,0.0
29/11/2007,11.8
30/11/2007,34.2
01/12/2007,0.0
02/12/2007,0.0
03/12/2007,7.0
04/12/2007,0.4
05/12/2007,17.0
06/12/2007,103.3
07/12/2007,35.7
08/12/2007,47.7
09/12/2007,6.4
10/12/2007,4.8
11/12/2007,15.1
12/12/2007,0.3
13/12/2007,2.1
14/12/2007,26.4
15/12/2007,8.6
16/12/2007,23.9
17/12/2007,7.5
18/12/2007,6.1
19/12/2007,0.4
20/12/2007,0.6
21/12/2007,82.5
22/12/2007,0.0
23/12/2007,0.0
24/12/2007,0.0
25/12/2007,0.0
26/12/2007,0.0
27/12/2007,0.0
28/12/2007,0.0
29/12/2007,0.0
30/12/2007,0.5
31/12/2007,39.5
01/01/2008,110.0
02/01/2008,22.0
03/01/2008,6.0
04/01/2008,18.0
05/01/2008,17.2
06/01/2008,8.3
07/01/2008,13.9
08/01/2008,0.1
09/01/2008,2.5
10/01/2008,0.0
11/01/2008,0.0
12/01/2008,0.0
13/01/2008,0.0
14/01/2008,0.0
15/01/2008,0.0
16/01/2008,0.7
17/01/2008,66.1
18/01/2008,7.3
19/01/2008,1.9
20/01/2008,0.5
21/01/2008,2.0
22/01/2008,0.0
23/01/2008,0.0
24/01/2008,2.0
25/01/2008,0.0
26/01/2008,0.8
27/01/2008,14.1
28/01/2008,5.2
29/01/2008,0.0
30/01/2008,0.0
31/01/2008,3.6
01/02/2008,23.6
02/02/2008,15.8
03/02/2008,22.9
04/02/2008,7.0
05/02/2008,4.6
06/02/2008,0.0
07/02/2008,0.0
08/02/2008,0.0
09/02/2008,0.0
10/02/2008,0.0
11/02/2008,0.0
12/02/2008,0.0
13/02/2008,0.0
14/02/2008,0.0
15/02/2008,0.0
16/02/2008,0.0
17/02/2008,0.0
18/02/2008,0.0
19/02/2008,0.0
20/02/2008,0.0
21/02/2008,0.0
22/02/2008,0.0
23/02/2008,0.0
24/02/2008,0.4
25/02/2008,5.5
26/02/2008,5.1
27/02/2008,23.5
28/02/2008,47.0
29/02/2008,2.4
01/03/2008,7.1
02/03/2008,0.0
03/03/2008,0.0
04/03/2008,10.0
05/03/2008,0.3
06/03/2008,16.8
07/03/2008,4.4
08/03/2008,0.5
09/03/2008,0.0
10/03/2008,0.0
11/03/2008,8.0
12/03/2008,0.5
13/03/2008,0.0
14/03/2008,0.0
15/03/2008,0.0
16/03/2008,0.0
17/03/2008,0.0
18/03/2008,0.0
19/03/2008,0.0
20/03/2008,0.0
21/03/2008,0.0
22/03/2008,0.5
23/03/2008,4.5
24/03/2008,13.0
25/03/2008,17.5
26/03/2008,33.0
27/03/2008,0.0
28/03/2008,0.0
29/03/2008,0.0
30/03/2008,0.0
31/03/2008,0.4
01/04/2008,0.1
02/04/2008,1.0
03/04/2008,0.5
04/04/2008,53.5
05/04/2008,0.0
06/04/2008,0.0
07/04/2008,0.0
08/04/2008,0.0
09/04/2008,0.0
10/04/2008,0.0
11/04/2008,0.0
12/04/2008,0.0
13/04/2008,0.0
14/04/2008,0.0
15/04/2008,0.0
16/04/2008,0.0
17/04/2008,0.0
18/04/2008,0.0
19/04/2008,0.0
20/04/2008,0.0
21/04/2008,0.4
22/04/2008,1.4
23/04/2008,13.0
24/04/2008,46.9
25/04/2008,0.3
26/04/2008,0.5
27/04/2008,0.0
28/04/2008,0.0
29/04/2008,0.5
30/04/2008,0.0
01/05/2008,0.0
02/05/2008,0.0
03/05/2008,24.0
04/05/2008,16.6
05/05/2008,35.2
06/05/2008,6.6
07/05/2008,2.0
08/05/2008,3.5
09/05/2008,0.0
10/05/2008,4.5
11/05/2008,5.0
12/05/2008,0.5
13/05/2008,0.0
14/05/2008,0.0
15/05/2008,0.0
16/05/2008,0.0
17/05/2008,0.0
18/05/2008,0.4
19/05/2008,14.5
20/05/2008,1.1
21/05/2008,0.0
22/05/2008,0.0
23/05/2008,15.5
24/05/2008,0.0
25/05/2008,0.0
26/05/2008,0.0
27/05/2008,0.0
28/05/2008,0.7
29/05/2008,0.3
30/05/2008,0.0
31/05/2008,0.0
01/06/2008,0.0
02/06/2008,0.0
03/06/2008,0.0
04/06/2008,0.0
05/06/2008,0.0
06/06/2008,0.0
07/06/2008,12.7
08/06/2008,26.7
09/06/2008,1.7
10/06/2008,44.9
11/06/2008,8.7
12/06/2008,28.5
13/06/2008,0.0
14/06/2008,0.0
15/06/2008,0.0
16/06/2008,0.0
17/06/2008,0.0
18/06/2008,0.0
19/06/2008,0.0
20/06/2008,0.0
21/06/2008,4.5
22/06/2008,3.0
23/06/2008,29.0
24/06/2008,3.5
25/06/2008,0.5
26/06/2008,19.1
27/06/2008,0.4
28/06/2008,0.0
29/06/2008,1.0
30/06/2008,0.0
01/07/2008,4.2
02/07/2008,0.3
03/07/2008,21.5
04/07/2008,0.0
05/07/2008,0.4
06/07/2008,0.6
07/07/2008,0.0
08/07/2008,3.3
09/07/2008,0.7
10/07/2008,21.2
11/07/2008,0.3
12/07/2008,0.0
13/07/2008,0.0
14/07/2008,0.0
15/07/2008,0.0
16/07/2008,0.5
17/07/2008,3.5
18/07/2008,0.0
19/07/2008,0.0
20/07/2008,0.0
21/07/2008,0.0
22/07/2008,0.0
23/07/2008,0.0
24/07/2008,0.0
25/07/2008,0.0
26/07/2008,11.5
27/07/2008,0.0
28/07/2008,0.0
29/07/2008,0.0
30/07/2008,0.0
31/07/2008,0.0
01/08/2008,0.0
02/08/2008,0.5
03/08/2008,14.0
04/08/2008,0.4
05/08/2008,9.1
06/08/2008,64.5
07/08/2008,1.5
08/08/2008,0.4
09/08/2008,24.6
10/08/2008,0.0
11/08/2008,0.5
12/08/2008,43.4
13/08/2008,0.1
14/08/2008,0.0
15/08/2008,0.0
16/08/2008,2.5
17/08/2008,0.4
18/08/2008,0.6
19/08/2008,0.0
20/08/2008,0.0
21/08/2008,0.0
22/08/2008,0.0
23/08/2008,0.7
24/08/2008,0.3
25/08/2008,0.0
26/08/2008,0.3
27/08/2008,1.2
28/08/2008,11.5
29/08/2008,69.0
30/08/2008,0.0
31/08/2008,0.0
01/09/2008,0.0
02/09/2008,47.0
03/09/2008,0.0
04/09/2008,0.0
05/09/2008,24.0
06/09/2008,109.1
07/09/2008,7.4
08/09/2008,0.5
09/09/2008,0.0
10/09/2008,0.0
11/09/2008,0.0
12/09/2008,0.0
13/09/2008,40.3
14/09/2008,4.9
15/09/2008,0.3
16/09/2008,1.5
17/09/2008,0.0
18/09/2008,0.0
19/09/2008,0.0
20/09/2008,0.0
21/09/2008,47.8
22/09/2008,0.7
23/09/2008,0.0
24/09/2008,0.0
25/09/2008,0.0
26/09/2008,52.5
27/09/2008,0.0
28/09/2008,24.5
29/09/2008,14.5
30/09/2008,0.0
01/10/2008,2.5
02/10/2008,0.0
03/10/2008,5.5
04/10/2008,42.0
05/10/2008,0.0
06/10/2008,0.4
07/10/2008,1.6
08/10/2008,0.3
09/10/2008,3.7
10/10/2008,0.4
11/10/2008,6.1
12/10/2008,0.5
13/10/2008,0.0
14/10/2008,0.0
15/10/2008,0.0
16/10/2008,0.0
17/10/2008,0.0
18/10/2008,0.0
19/10/2008,1.8
20/10/2008,5.7
21/10/2008,39.6
22/10/2008,3.4
23/10/2008,1.0
24/10/2008,42.1
25/10/2008,0.9
26/10/2008,0.0
27/10/2008,0.5
28/10/2008,0.0
29/10/2008,0.5
30/10/2008,8.5
31/10/2008,1.5
01/11/2008,0.0
02/11/2008,0.0
03/11/2008,0.0
04/11/2008,0.0
05/11/2008,0.4
06/11/2008,14.1
07/11/2008,0.5
08/11/2008,34.5
09/11/2008,1.3
10/11/2008,60.7
11/11/2008,50.1
12/11/2008,96.0
13/11/2008,126.9
14/11/2008,4.1
15/11/2008,0.0
16/11/2008,0.4
17/11/2008,7.6
18/11/2008,0.4
19/11/2008,139.6
20/11/2008,165.2
21/11/2008,25.4
22/11/2008,10.2
23/11/2008,21.0
24/11/2008,23.7
25/11/2008,31.5
26/11/2008,54.9
27/11/2008,32.0
28/11/2008,48.1
29/11/2008,102.8
30/11/2008,175.6
01/12/2008,337.4
02/12/2008,10.3
03/12/2008,0.0
04/12/2008,0.0
05/12/2008,40.4
06/12/2008,67.2
07/12/2008,8.7
08/12/2008,8.2
09/12/2008,3.5
10/12/2008,0.0
11/12/2008,0.5
12/12/2008,0.0
13/12/2008,2.4
14/12/2008,34.5
15/12/2008,27.9
16/12/2008,42.6
17/12/2008,2.6
18/12/2008,0.4
19/12/2008,3.6
20/12/2008,2.0
21/12/2008,0.0
22/12/2008,1.5
23/12/2008,1.3
24/12/2008,13.0
25/12/2008,91.2
26/12/2008,45.3
27/12/2008,7.4
28/12/2008,67.4
29/12/2008,38.3
30/12/2008,45.6
31/12/2008,76.7
01/01/2009,31.8
02/01/2009,0.4
03/01/2009,21.0
04/01/2009,16.1
05/01/2009,0.0
06/01/2009,0.0
07/01/2009,1.3
08/01/2009,3.1
09/01/2009,0.1
10/01/2009,0.0
11/01/2009,0.0
12/01/2009,1.4
13/01/2009,114.1
14/01/2009,21.5
15/01/2009,1.1
16/01/2009,28.9
17/01/2009,0.0
18/01/2009,0.0
19/01/2009,0.0
20/01/2009,0.0
21/01/2009,0.0
22/01/2009,0.0
23/01/2009,1.6
24/01/2009,16.4
25/01/2009,0.0
26/01/2009,1.0
27/01/2009,0.0
28/01/2009,0.0
29/01/2009,0.0
30/01/2009,0.0
31/01/2009,0.0
01/02/2009,0.0
02/02/2009,0.0
03/02/2009,0.5
04/02/2009,1.0
05/02/2009,0.0
06/02/2009,1.0
07/02/2009,0.0
08/02/2009,0.0
09/02/2009,0.0
10/02/2009,0.0
11/02/2009,0.0
12/02/2009,0.0
13/02/2009,0.0
14/02/2009,6.4
15/02/2009,0.1
16/02/2009,0.0
17/02/2009,0.0
18/02/2009,0.0
19/02/2009,0.0
20/02/2009,0.0
21/02/2009,9.0
22/02/2009,3.0
23/02/2009,0.0
24/02/2009,0.0
25/02/2009,2.5
26/02/2009,0.0
27/02/2009,0.0
28/02/2009,0.5
01/03/2009,55.7
02/03/2009,74.1
03/03/2009,280.2
04/03/2009,4.0
05/03/2009,21.4
06/03/2009,44.6
07/03/2009,0.0
08/03/2009,0.0
09/03/2009,6.5
10/03/2009,0.0
11/03/2009,0.0
12/03/2009,0.0
13/03/2009,0.0
14/03/2009,33.8
15/03/2009,78.7
16/03/2009,37.9
17/03/2009,47.7
18/03/2009,17.9
19/03/2009,57.1
20/03/2009,8.5
21/03/2009,17.5
22/03/2009,2.0
23/03/2009,21.5
24/03/2009,2.5
25/03/2009,0.0
26/03/2009,0.0
27/03/2009,105.0
28/03/2009,28.5
29/03/2009,2.0
30/03/2009,0.0
31/03/2009,0.4
01/04/2009,16.6
02/04/2009,14.5
03/04/2009,28.5
04/04/2009,0.3
05/04/2009,14.7
06/04/2009,0.4
07/04/2009,53.1
08/04/2009,0.5
09/04/2009,2.5
10/04/2009,0.4
11/04/2009,2.1
12/04/2009,0.5
13/04/2009,0.0
14/04/2009,0.3
15/04/2009,46.2
16/04/2009,4.5
17/04/2009,0.0
18/04/2009,0.0
19/04/2009,0.0
20/04/2009,0.0
21/04/2009,0.0
22/04/2009,4.5
23/04/2009,3.5
24/04/2009,0.0
25/04/2009,0.0
26/04/2009,0.0
27/04/2009,0.0
28/04/2009,0.0
29/04/2009,0.0
30/04/2009,0.0
01/05/2009,19.2
02/05/2009,108.3
03/05/2009,0.5
04/05/2009,1.5
05/05/2009,9.0
06/05/2009,1.5
07/05/2009,0.0
08/05/2009,6.0
09/05/2009,0.4
10/05/2009,9.6
11/05/2009,22.5
12/05/2009,0.0
13/05/2009,0.0
14/05/2009,3.5
15/05/2009,0.0
16/05/2009,0.0
17/05/2009,0.0
18/05/2009,0.0
19/05/2009,0.0
20/05/2009,0.0
21/05/2009,0.5
22/05/2009,0.0
23/05/2009,0.0
24/05/2009,0.0
25/05/2009,0.0
26/05/2009,16.5
27/05/2009,0.0
28/05/2009,18.5
29/05/2009,13.3
30/05/2009,19.2
31/05/2009,0.0
01/06/2009,0.0
02/06/2009,0.0
03/06/2009,14.5
04/06/2009,0.0
05/06/2009,0.0
06/06/2009,0.5
07/06/2009,15.5
08/06/2009,3.2
09/06/2009,0.3
10/06/2009,0.0
11/06/2009,6.0
12/06/2009,0.0
13/06/2009,0.0
14/06/2009,45.0
15/06/2009,0.0
16/06/2009,0.5
17/06/2009,0.0
18/06/2009,0.0
19/06/2009,0.0
20/06/2009,0.0
21/06/2009,0.0
22/06/2009,0.0
23/06/2009,0.5
24/06/2009,47.5
25/06/2009,0.0
26/06/2009,0.5
27/06/2009,0.0
28/06/2009,9.5
29/06/2009,0.4
30/06/2009,1.1
01/07/2009,0.0
02/07/2009,0.0
03/07/2009,0.0
04/07/2009,2.5
05/07/2009,0.5
06/07/2009,0.0
07/07/2009,3.8
08/07/2009,3.7
09/07/2009,0.0
10/07/2009,2.0
11/07/2009,46.5
12/07/2009,0.5
13/07/2009,0.0
14/07/2009,15.3
15/07/2009,0.2
16/07/2009,0.0
17/07/2009,0.0
18/07/2009,11.9
19/07/2009,12.6
20/07/2009,0.0
21/07/2009,10.6
22/07/2009,16.4
23/07/2009,1.9
24/07/2009,0.6
25/07/2009,0.0
26/07/2009,3.5
27/07/2009,5.0
28/07/2009,5.0
29/07/2009,24.9
30/07/2009,8.6
31/07/2009,0.5
01/08/2009,13.5
02/08/2009,9.5
03/08/2009,0.0
04/08/2009,2.0
05/08/2009,0.5
06/08/2009,0.5
07/08/2009,0.0
08/08/2009,9.5
09/08/2009,27.0
10/08/2009,0.5
11/08/2009,0.0
12/08/2009,0.0
13/08/2009,7.5
14/08/2009,0.0
15/08/2009,0.0
16/08/2009,0.0
17/08/2009,0.0
18/08/2009,0.0
19/08/2009,6.0
20/08/2009,0.5
21/08/2009,0.5
22/08/2009,0.0
23/08/2009,4.5
24/08/2009,25.0
25/08/2009,0.5
26/08/2009,0.0
27/08/2009,0.5
28/08/2009,11.5
29/08/2009,6.1
30/08/2009,2.9
31/08/2009,15.0
01/09/2009,0.5
02/09/2009,0.0
03/09/2009,0.5
04/09/2009,16.0
05/09/2009,1.0
06/09/2009,0.0
07/09/2009,1.5
08/09/2009,0.0
09/09/2009,0.0
10/09/2009,4.0
11/09/2009,8.0
12/09/2009,14.4
13/09/2009,26.6
14/09/2009,7.5
15/09/2009,14.0
16/09/2009,1.1
17/09/2009,6.4
18/09/2009,0.0
19/09/2009,0.0
20/09/2009,0.0
21/09/2009,1.0
22/09/2009,16.0
23/09/2009,9.5
24/09/2009,0.5
25/09/2009,0.5
26/09/2009,0.0
27/09/2009,0.0
28/09/2009,0.0
29/09/2009,0.0
30/09/2009,12.5
01/10/2009,0.0
02/10/2009,0.0
03/10/2009,88.1
04/10/2009,2.9
05/10/2009,14.0
06/10/2009,0.0
07/10/2009,1.5
08/10/2009,21.4
09/10/2009,0.1
10/10/2009,44.0
11/10/2009,8.5
12/10/2009,44.2
13/10/2009,0.3
14/10/2009,0.0
15/10/2009,0.0
16/10/2009,0.0
17/10/2009,0.0
18/10/2009,0.0
19/10/2009,0.0
20/10/2009,0.0
21/10/2009,0.0
22/10/2009,0.0
23/10/2009,0.0
24/10/2009,0.0
25/10/2009,0.0
26/10/2009,0.0
27/10/2009,0.0
28/10/2009,0.0
29/10/2009,0.0
30/10/2009,0.0
31/10/2009,0.0
01/11/2009,32.0
02/11/2009,11.0
03/11/2009,26.9
04/11/2009,78.0
05/11/2009,137.7
06/11/2009,142.0
07/11/2009,1.4
08/11/2009,0.6
09/11/2009,50.9
10/11/2009,0.0
11/11/2009,0.0
12/11/2009,1.0
13/11/2009,4.4
14/11/2009,13.6
15/11/2009,0.0
16/11/2009,0.0
17/11/2009,1.0
18/11/2009,104.4
19/11/2009,87.8
20/11/2009,91.5
21/11/2009,68.7
22/11/2009,123.5
23/11/2009,39.8
24/11/2009,23.3
25/11/2009,0.5
26/11/2009,0.0
27/11/2009,0.0
28/11/2009,0.4
29/11/2009,1.8
30/11/2009,89.7
01/12/2009,155.3
02/12/2009,180.2
03/12/2009,35.3
04/12/2009,8.7
05/12/2009,0.4
06/12/2009,2.1
07/12/2009,0.0
08/12/2009,0.0
09/12/2009,0.4
10/12/2009,0.6
11/12/2009,0.0
12/12/2009,0.0
13/12/2009,0.3
14/12/2009,1.2
15/12/2009,17.5
16/12/2009,0.4
17/12/2009,57.9
18/12/2009,13.2
19/12/2009,10.5
20/12/2009,0.5
21/12/2009,0.0
22/12/2009,0.5
23/12/2009,4.0
24/12/2009,0.0
25/12/2009,0.0
26/12/2009,1.6
27/12/2009,0.9
28/12/2009,0.0
29/12/2009,0.0
30/12/2009,0.0
31/12/2009,0.0
01/01/2010,9.6
02/01/2010,2.7
03/01/2010,0.5
04/01/2010,7.7
05/01/2010,0.5
06/01/2010,20.3
07/01/2010,30.7
08/01/2010,6.9
09/01/2010,0.1
10/01/2010,0.0
11/01/2010,0.0
12/01/2010,0.0
13/01/2010,0.0
14/01/2010,0.0
15/01/2010,0.0
16/01/2010,0.0
17/01/2010,0.0
18/01/2010,0.0
19/01/2010,4.0
20/01/2010,0.4
21/01/2010,14.6
22/01/2010,0.0
23/01/2010,0.0
24/01/2010,0.3
25/01/2010,0.6
26/01/2010,39.5
27/01/2010,4.1
28/01/2010,0.0
29/01/2010,0.3
30/01/2010,0.7
31/01/2010,0.0
01/02/2010,0.0
02/02/2010,0.0
03/02/2010,0.4
04/02/2010,4.6
05/02/2010,0.0
06/02/2010,0.4
07/02/2010,1.1
08/02/2010,0.0
09/02/2010,6.5
10/02/2010,0.0
11/02/2010,0.0
12/02/2010,0.0
13/02/2010,0.0
14/02/2010,0.0
15/02/2010,0.0
16/02/2010,0.4
17/02/2010,10.1
18/02/2010,0.0
19/02/2010,0.0
20/02/2010,0.0
21/02/2010,0.0
22/02/2010,0.0
23/02/2010,0.0
24/02/2010,0.0
25/02/2010,0.0
26/02/2010,0.0
27/02/2010,0.0
28/02/2010,0.0
01/03/2010,0.0
02/03/2010,0.0
03/03/2010,0.0
04/03/2010,0.0
05/03/2010,0.0
06/03/2010,0.0
07/03/2010,0.0
08/03/2010,0.0
09/03/2010,1.5
10/03/2010,0.5
11/03/2010,5.5
12/03/2010,27.4
13/03/2010,19.9
14/03/2010,12.2
15/03/2010,0.0
16/03/2010,0.0
17/03/2010,0.5
18/03/2010,14.0
19/03/2010,9.1
20/03/2010,0.4
21/03/2010,0.0
22/03/2010,0.0
23/03/2010,0.0
24/03/2010,0.0
25/03/2010,0.0
26/03/2010,0.0
27/03/2010,0.3
28/03/2010,1.1
29/03/2010,63.3
30/03/2010,9.8
31/03/2010,0.3
01/04/2010,4.2
02/04/2010,0.5
03/04/2010,4.6
04/04/2010,0.5
05/04/2010,0.0
06/04/2010,0.0
07/04/2010,0.0
08/04/2010,0.0
09/04/2010,0.0
10/04/2010,0.0
11/04/2010,0.0
12/04/2010,0.0
13/04/2010,0.0
14/04/2010,0.0
15/04/2010,0.0
16/04/2010,2.5
17/04/2010,0.5
18/04/2010,5.5
19/04/2010,0.0
20/04/2010,0.0
21/04/2010,0.0
22/04/2010,0.0
23/04/2010,0.0
24/04/2010,0.3
25/04/2010,47.3
26/04/2010,54.8
27/04/2010,0.0
28/04/2010,0.0
29/04/2010,0.0
30/04/2010,0.0
01/05/2010,0.0
02/05/2010,0.0
03/05/2010,0.0
04/05/2010,0.0
05/05/2010,1.0
06/05/2010,0.0
07/05/2010,0.0
08/05/2010,0.0
09/05/2010,0.0
10/05/2010,0.0
11/05/2010,0.0
12/05/2010,34.0
13/05/2010,27.0
14/05/2010,0.5
15/05/2010,0.5
16/05/2010,3.3
17/05/2010,6.7
18/05/2010,0.5
19/05/2010,67.3
20/05/2010,0.2
21/05/2010,0.0
22/05/2010,51.5
23/05/2010,0.0
24/05/2010,0.4
25/05/2010,19.6
26/05/2010,0.0
27/05/2010,0.0
28/05/2010,0.0
29/05/2010,0.0
30/05/2010,0.0
31/05/2010,0.0
01/06/2010,0.0
02/06/2010,0.0
03/06/2010,0.0
04/06/2010,0.5
05/06/2010,8.5
06/06/2010,0.0
07/06/2010,0.0
08/06/2010,0.0
09/06/2010,0.0
10/06/2010,3.0
11/06/2010,0.5
12/06/2010,0.0
13/06/2010,0.0
14/06/2010,0.0
15/06/2010,0.0
16/06/2010,19.1
17/06/2010,84.1
18/06/2010,27.9
19/06/2010,0.0
20/06/2010,0.5
21/06/2010,1.0
22/06/2010,0.5
23/06/2010,10.0
24/06/2010,0.5
25/06/2010,0.5
26/06/2010,0.6
27/06/2010,0.0
28/06/2010,0.0
29/06/2010,15.5
30/06/2010,2.0
01/07/2010,27.9
02/07/2010,2.3
03/07/2010,19.4
04/07/2010,0.0
05/07/2010,0.0
06/07/2010,0.0
07/07/2010,3.5
08/07/2010,0.0
09/07/2010,0.0
10/07/2010,0.0
11/07/2010,0.0
12/07/2010,1.0
13/07/2010,0.0
14/07/2010,2.0
15/07/2010,0.5
16/07/2010,1.5
17/07/2010,2.1
18/07/2010,5.8
19/07/2010,4.1
20/07/2010,0.0
21/07/2010,0.0
22/07/2010,5.6
23/07/2010,83.0
24/07/2010,1.4
25/07/2010,18.0
26/07/2010,0.5
27/07/2010,0.4
28/07/2010,11.6
29/07/2010,11.6
30/07/2010,7.4
31/07/2010,60.0
01/08/2010,24.0
02/08/2010,0.0
03/08/2010,8.5
04/08/2010,14.0
05/08/2010,4.0
06/08/2010,0.0
07/08/2010,0.0
08/08/2010,0.5
09/08/2010,0.0
10/08/2010,0.0
11/08/2010,0.5
12/08/2010,0.0
13/08/2010,0.0
14/08/2010,0.4
15/08/2010,0.1
16/08/2010,0.0
17/08/2010,1.0
18/08/2010,15.6
19/08/2010,1.9
20/08/2010,0.0
21/08/2010,0.0
22/08/2010,0.0
23/08/2010,15.5
24/08/2010,0.0
25/08/2010,2.5
26/08/2010,7.1
27/08/2010,0.4
28/08/2010,0.0
29/08/2010,3.0
30/08/2010,0.5
31/08/2010,0.5
01/09/2010,0.0
02/09/2010,0.0
03/09/2010,56.8
04/09/2010,5.2
05/09/2010,0.5
06/09/2010,22.4
07/09/2010,19.6
08/09/2010,26.0
09/09/2010,1.2
10/09/2010,0.3
11/09/2010,0.0
12/09/2010,0.0
13/09/2010,3.9
14/09/2010,44.6
15/09/2010,0.0
16/09/2010,0.5
17/09/2010,21.3
18/09/2010,0.7
19/09/2010,0.0
20/09/2010,0.0
21/09/2010,0.0
22/09/2010,0.0
23/09/2010,0.5
24/09/2010,15.5
25/09/2010,0.0
26/09/2010,0.0
27/09/2010,1.3
28/09/2010,0.2
29/09/2010,0.5
30/09/2010,0.0
01/10/2010,11.5
02/10/2010,8.2
03/10/2010,0.8
04/10/2010,6.5
05/10/2010,0.0
06/10/2010,3.4
07/10/2010,20.1
08/10/2010,0.0
09/10/2010,0.0
10/10/2010,0.0
11/10/2010,0.0
12/10/2010,1.0
13/10/2010,16.5
14/10/2010,0.0
15/10/2010,0.0
16/10/2010,0.0
17/10/2010,1.0
18/10/2010,0.9
19/10/2010,3.6
20/10/2010,0.0
21/10/2010,0.0
22/10/2010,0.0
23/10/2010,0.0
24/10/2010,0.0
25/10/2010,0.0
26/10/2010,0.0
27/10/2010,0.0
28/10/2010,17.0
29/10/2010,20.1
30/10/2010,13.8
31/10/2010,153.4
01/11/2010,82.1
02/11/2010,29.7
03/11/2010,2.7
04/11/2010,8.2
05/11/2010,10.6
06/11/2010,0.0
07/11/2010,2.5
08/11/2010,0.9
09/11/2010,0.1
10/11/2010,5.0
11/11/2010,2.3
12/11/2010,0.2
13/11/2010,0.5
14/11/2010,1.0
15/11/2010,7.5
16/11/2010,5.6
17/11/2010,0.9
18/11/2010,0.0
19/11/2010,6.7
20/11/2010,40.9
21/11/2010,4.9
22/11/2010,0.0
23/11/2010,0.0
24/11/2010,33.0
25/11/2010,10.5
26/11/2010,0.4
27/11/2010,74.0
28/11/2010,25.4
29/11/2010,9.1
30/11/2010,17.2
01/12/2010,64.4
02/12/2010,26.3
03/12/2010,16.5
04/12/2010,41.5
05/12/2010,24.2
06/12/2010,0.4
07/12/2010,78.2
08/12/2010,2.4
09/12/2010,1.0
10/12/2010,14.0
11/12/2010,12.0
12/12/2010,0.0
13/12/2010,0.4
14/12/2010,4.6
15/12/2010,0.0
16/12/2010,0.7
17/12/2010,42.0
18/12/2010,50.8
19/12/2010,0.7
20/12/2010,3.7
21/12/2010,35.6
22/12/2010,0.5
23/12/2010,35.0
24/12/2010,0.0
25/12/2010,0.0
26/12/2010,0.0
27/12/2010,14.2
28/12/2010,70.6
29/12/2010,17.7
30/12/2010,93.7
31/12/2010,12.7
01/01/2011,22.6
02/01/2011,52.0
03/01/2011,0.0
04/01/2011,16.0
05/01/2011,54.5
06/01/2011,182.3
07/01/2011,214.3
08/01/2011,7.3
09/01/2011,1.3
10/01/2011,10.7
11/01/2011,0.0
12/01/2011,0.0
13/01/2011,0.0
14/01/2011,0.0
15/01/2011,0.0
16/01/2011,1.2
17/01/2011,3.3
18/01/2011,0.0
19/01/2011,0.0
20/01/2011,0.0
21/01/2011,0.0
22/01/2011,0.0
23/01/2011,0.4
24/01/2011,26.0
25/01/2011,13.1
26/01/2011,6.2
27/01/2011,13.2
28/01/2011,16.5
29/01/2011,4.2
30/01/2011,30.8
31/01/2011,11.4
01/02/2011,11.2
02/02/2011,5.6
03/02/2011,0.0
04/02/2011,0.0
05/02/2011,0.0
06/02/2011,0.0
07/02/2011,0.0
08/02/2011,0.0
09/02/2011,0.0
10/02/2011,0.0
11/02/2011,0.0
12/02/2011,0.0
13/02/2011,0.0
14/02/2011,0.0
15/02/2011,0.0
16/02/2011,0.0
17/02/2011,0.0
18/02/2011,0.0
19/02/2011,0.0
20/02/2011,0.0
21/02/2011,0.8
22/02/2011,6.1
23/02/2011,1.2
24/02/2011,0.0
25/02/2011,0.0
26/02/2011,0.0
27/02/2011,0.0
28/02/2011,0.0
01/03/2011,0.0
02/03/2011,0.0
03/03/2011,0.0
04/03/2011,0.0
05/03/2011,0.4
06/03/2011,6.6
07/03/2011,0.4
08/03/2011,50.6
09/03/2011,86.3
10/03/2011,0.6
11/03/2011,11.2
12/03/2011,59.1
13/03/2011,2.2
14/03/2011,4.0
15/03/2011,0.9
16/03/2011,6.4
17/03/2011,6.6
18/03/2011,0.3
19/03/2011,0.6
20/03/2011,9.2
21/03/2011,3.3
22/03/2011,0.5
23/03/2011,11.9
24/03/2011,74.0
25/03/2011,10.5
26/03/2011,27.6
27/03/2011,17.5
28/03/2011,4.7
29/03/2011,125.3
30/03/2011,60.7
31/03/2011,2.4
01/04/2011,0.5
02/04/2011,1.5
03/04/2011,0.0
04/04/2011,0.0
05/04/2011,0.0
06/04/2011,1.0
07/04/2011,0.0
08/04/2011,0.0
09/04/2011,1.5
10/04/2011,32.5
11/04/2011,0.0
12/04/2011,0.0
13/04/2011,0.0
14/04/2011,0.0
15/04/2011,0.0
16/04/2011,0.0
17/04/2011,0.0
18/04/2011,0.5
19/04/2011,0.0
20/04/2011,0.0
21/04/2011,0.0
22/04/2011,0.0
23/04/2011,0.0
24/04/2011,0.0
25/04/2011,0.0
26/04/2011,0.0
27/04/2011,0.0
28/04/2011,0.0
29/04/2011,0.0
30/04/2011,0.0
01/05/2011,6.7
02/05/2011,1.8
03/05/2011,0.4
04/05/2011,2.4
05/05/2011,2.1
06/05/2011,0.0
07/05/2011,0.0
08/05/2011,6.1
09/05/2011,55.0
10/05/2011,1.4
11/05/2011,3.5
12/05/2011,7.0
13/05/2011,0.5
14/05/2011,1.5
15/05/2011,0.5
16/05/2011,0.0
17/05/2011,0.0
18/05/2011,0.0
19/05/2011,0.0
20/05/2011,17.0
21/05/2011,0.5
22/05/2011,3.5
23/05/2011,1.0
24/05/2011,8.5
25/05/2011,35.0
26/05/2011,0.9
27/05/2011,9.5
28/05/2011,0.0
29/05/2011,0.0
30/05/2011,0.0
31/05/2011,0.0
01/06/2011,5.0
02/06/2011,0.0
03/06/2011,0.0
04/06/2011,0.0
05/06/2011,2.0
06/06/2011,0.0
07/06/2011,28.7
08/06/2011,2.3
09/06/2011,0.0
10/06/2011,1.0
11/06/2011,5.1
12/06/2011,0.4
13/06/2011,16.0
14/06/2011,0.0
15/06/2011,54.5
16/06/2011,0.0
17/06/2011,0.0
18/06/2011,1.0
19/06/2011,0.5
20/06/2011,0.0
21/06/2011,68.5
22/06/2011,24.0
23/06/2011,0.5
24/06/2011,11.0
25/06/2011,1.2
26/06/2011,8.8
27/06/2011,0.5
28/06/2011,0.0
29/06/2011,0.0
30/06/2011,0.0
01/07/2011,0.0
02/07/2011,0.4
03/07/2011,18.6
04/07/2011,1.0
05/07/2011,0.0
06/07/2011,0.0
07/07/2011,3.5
08/07/2011,0.5
09/07/2011,0.0
10/07/2011,0.0
11/07/2011,0.0
12/07/2011,5.0
13/07/2011,4.2
14/07/2011,22.7
15/07/2011,40.5
16/07/2011,6.5
17/07/2011,27.6
18/07/2011,0.0
19/07/2011,0.0
20/07/2011,0.0
21/07/2011,2.0
22/07/2011,1.5
23/07/2011,9.0
24/07/2011,11.5
25/07/2011,8.0
26/07/2011,15.4
27/07/2011,8.1
28/07/2011,0.5
29/07/2011,0.0
30/07/2011,0.0
31/07/2011,0.0
01/08/2011,0.0
02/08/2011,0.0
03/08/2011,4.0
04/08/2011,0.0
05/08/2011,0.0
06/08/2011,0.0
07/08/2011,0.5
08/08/2011,0.0
09/08/2011,0.0
10/08/2011,0.0
11/08/2011,0.3
12/08/2011,41.7
13/08/2011,18.5
14/08/2011,0.0
15/08/2011,0.0
16/08/2011,15.5
17/08/2011,0.4
18/08/2011,0.1
19/08/2011,0.0
20/08/2011,0.0
21/08/2011,0.0
22/08/2011,8.1
23/08/2011,3.9
24/08/2011,0.5
25/08/2011,17.7
26/08/2011,0.8
27/08/2011,0.0
28/08/2011,16.7
29/08/2011,0.3
30/08/2011,0.0
31/08/2011,9.5
01/09/2011,0.0
02/09/2011,4.5
03/09/2011,0.0
04/09/2011,0.0
05/09/2011,0.0
06/09/2011,9.8
07/09/2011,7.2
08/09/2011,1.0
09/09/2011,7.0
10/09/2011,14.5
11/09/2011,0.0
12/09/2011,0.0
13/09/2011,0.0
14/09/2011,3.0
15/09/2011,4.5
16/09/2011,0.0
17/09/2011,0.0
18/09/2011,19.0
19/09/2011,1.5
20/09/2011,27.5
21/09/2011,13.5
22/09/2011,35.5
23/09/2011,0.0
24/09/2011,0.0
25/09/2011,13.0
26/09/2011,18.5
27/09/2011,7.0
28/09/2011,0.0
29/09/2011,8.0
30/09/2011,0.0
01/10/2011,1.5
02/10/2011,7.5
03/10/2011,13.0
04/10/2011,35.6
05/10/2011,46.4
06/10/2011,0.5
07/10/2011,44.2
08/10/2011,9.3
09/10/2011,8.0
10/10/2011,64.6
11/10/2011,11.9
12/10/2011,11.5
13/10/2011,0.0
14/10/2011,0.0
15/10/2011,0.0
16/10/2011,0.0
17/10/2011,10.4
18/10/2011,34.4
19/10/2011,10.2
20/10/2011,0.6
21/10/2011,4.4
22/10/2011,1.0
23/10/2011,2.3
24/10/2011,11.1
25/10/2011,29.5
26/10/2011,7.0
27/10/2011,30.0
28/10/2011,5.8
29/10/2011,12.8
30/10/2011,51.1
31/10/2011,44.2
01/11/2011,22.6
02/11/2011,8.1
03/11/2011,11.6
04/11/2011,0.8
05/11/2011,2.5
06/11/2011,13.0
07/11/2011,20.0
08/11/2011,64.5
09/11/2011,0.0
10/11/2011,1.0
11/11/2011,0.0
12/11/2011,24.5
13/11/2011,1.4
14/11/2011,26.6
15/11/2011,30.3
16/11/2011,29.6
17/11/2011,0.0
18/11/2011,0.0
19/11/2011,2.1
20/11/2011,66.5
21/11/2011,89.3
22/11/2011,95.0
23/11/2011,147.7
24/11/2011,36.9
25/11/2011,0.5
26/11/2011,2.9
27/11/2011,0.7
28/11/2011,8.4
29/11/2011,0.5
30/11/2011,0.0
01/12/2011,0.3
02/12/2011,2.2
03/12/2011,0.0
04/12/2011,77.5
05/12/2011,0.0
06/12/2011,0.0
07/12/2011,0.0
08/12/2011,0.0
09/12/2011,0.0
10/12/2011,0.4
11/12/2011,67.3
12/12/2011,61.8
13/12/2011,0.5
14/12/2011,1.4
15/12/2011,107.7
16/12/2011,21.7
17/12/2011,10.7
18/12/2011,2.4
19/12/2011,32.5
20/12/2011,3.4
21/12/2011,21.7
22/12/2011,3.5
23/12/2011,0.0
24/12/2011,1.1
25/12/2011,0.9
26/12/2011,0.4
27/12/2011,12.3
28/12/2011,10.7
29/12/2011,1.4
30/12/2011,18.7
31/12/2011,51.9
01/01/2012,162.9
02/01/2012,94.0
03/01/2012,0.0
04/01/2012,0.3
05/01/2012,1.2
06/01/2012,0.0
07/01/2012,0.0
08/01/2012,19.7
09/01/2012,6.9
10/01/2012,3.4
11/01/2012,4.6
12/01/2012,2.2
13/01/2012,9.3
14/01/2012,4.3
15/01/2012,58.1
16/01/2012,4.6
17/01/2012,1.0
18/01/2012,32.6
19/01/2012,1.5
20/01/2012,17.5
21/01/2012,0.0
22/01/2012,0.0
23/01/2012,0.0
24/01/2012,0.0
25/01/2012,0.0
26/01/2012,0.0
27/01/2012,1.9
28/01/2012,11.2
29/01/2012,16.2
30/01/2012,4.5
31/01/2012,36.7
01/02/2012,2.0
02/02/2012,0.5
03/02/2012,0.0
04/02/2012,0.0
05/02/2012,0.0
06/02/2012,0.0
07/02/2012,0.0
08/02/2012,0.0
09/02/2012,0.0
10/02/2012,0.0
11/02/2012,2.0
12/02/2012,1.0
13/02/2012,0.0
14/02/2012,1.0
15/02/2012,0.0
16/02/2012,0.0
17/02/2012,0.0
18/02/2012,0.0
19/02/2012,0.0
20/02/2012,0.0
21/02/2012,0.0
22/02/2012,0.0
23/02/2012,0.0
24/02/2012,0.0
25/02/2012,0.0
26/02/2012,0.0
27/02/2012,0.0
28/02/2012,0.4
29/02/2012,20.6
01/03/2012,9.6
02/03/2012,34.8
03/03/2012,82.9
04/03/2012,2.0
05/03/2012,4.6
06/03/2012,0.0
07/03/2012,1.0
08/03/2012,0.9
09/03/2012,1.0
10/03/2012,3.1
11/03/2012,18.3
12/03/2012,20.2
13/03/2012,0.0
14/03/2012,0.3
15/03/2012,2.7
16/03/2012,0.0
17/03/2012,0.0
18/03/2012,0.0
19/03/2012,0.0
20/03/2012,0.0
21/03/2012,0.0
22/03/2012,0.0
23/03/2012,0.0
24/03/2012,0.0
25/03/2012,0.0
26/03/2012,0.0
27/03/2012,0.5
28/03/2012,0.0
29/03/2012,0.0
30/03/2012,0.0
31/03/2012,0.4
01/04/2012,20.6
02/04/2012,4.0
03/04/2012,0.0
04/04/2012,0.5
05/04/2012,1.2
06/04/2012,21.8
07/04/2012,0.0
08/04/2012,7.6
09/04/2012,4.9
10/04/2012,0.0
11/04/2012,0.0
12/04/2012,0.0
13/04/2012,0.0
14/04/2012,0.0
15/04/2012,0.0
16/04/2012,0.0
17/04/2012,0.0
18/04/2012,1.0
19/04/2012,0.0
20/04/2012,0.0
21/04/2012,15.0
22/04/2012,0.0
23/04/2012,0.0
24/04/2012,0.0
25/04/2012,2.0
26/04/2012,0.0
27/04/2012,0.5
28/04/2012,0.5
29/04/2012,40.5
30/04/2012,0.0
01/05/2012,0.0
02/05/2012,38.0
03/05/2012,0.0
04/05/2012,32.5
05/05/2012,0.0
06/05/2012,34.0
07/05/2012,0.5
08/05/2012,0.0
09/05/2012,0.0
10/05/2012,0.0
11/05/2012,0.0
12/05/2012,20.5
13/05/2012,0.5
14/05/2012,5.3
15/05/2012,0.7
16/05/2012,1.0
17/05/2012,9.0
18/05/2012,0.5
19/05/2012,0.0
20/05/2012,0.0
21/05/2012,0.0
22/05/2012,22.0
23/05/2012,6.9
24/05/2012,9.1
25/05/2012,0.0
26/05/2012,0.0
27/05/2012,27.8
28/05/2012,25.6
29/05/2012,2.1
30/05/2012,0.5
31/05/2012,3.0
01/06/2012,4.0
02/06/2012,7.0
03/06/2012,12.5
04/06/2012,0.5
05/06/2012,1.0
06/06/2012,0.0
07/06/2012,7.0
08/06/2012,0.0
09/06/2012,8.0
10/06/2012,0.0
11/06/2012,0.0
12/06/2012,0.0
13/06/2012,0.0
14/06/2012,0.0
15/06/2012,0.0
16/06/2012,0.0
17/06/2012,0.0
18/06/2012,1.0
19/06/2012,0.0
20/06/2012,0.0
21/06/2012,5.0
22/06/2012,0.0
23/06/2012,0.0
24/06/2012,0.0
25/06/2012,0.0
26/06/2012,0.5
27/06/2012,0.5
28/06/2012,0.0
29/06/2012,0.0
30/06/2012,0.0
01/07/2012,0.4
02/07/2012,0.1
03/07/2012,1.4
04/07/2012,21.5
05/07/2012,30.1
06/07/2012,0.8
07/07/2012,2.1
08/07/2012,0.5
09/07/2012,9.0
10/07/2012,0.1
11/07/2012,0.0
12/07/2012,18.0
13/07/2012,0.5
14/07/2012,10.0
15/07/2012,0.5
16/07/2012,0.0
17/07/2012,11.5
18/07/2012,1.0
19/07/2012,0.0
20/07/2012,0.0
21/07/2012,0.0
22/07/2012,14.5
23/07/2012,14.5
24/07/2012,4.5
25/07/2012,0.0
26/07/2012,0.0
27/07/2012,0.0
28/07/2012,0.0
29/07/2012,0.0
30/07/2012,0.0
31/07/2012,0.0
01/08/2012,3.5
02/08/2012,1.0
03/08/2012,3.0
04/08/2012,8.4
05/08/2012,51.1
06/08/2012,1.5
07/08/2012,1.0
08/08/2012,0.5
09/08/2012,15.4
10/08/2012,0.6
11/08/2012,0.4
12/08/2012,45.6
13/08/2012,0.0
14/08/2012,0.0
15/08/2012,2.5
16/08/2012,0.0
17/08/2012,6.5
18/08/2012,0.0
19/08/2012,0.0
20/08/2012,0.0
21/08/2012,0.0
22/08/2012,13.5
23/08/2012,1.0
24/08/2012,3.0
25/08/2012,0.0
26/08/2012,0.0
27/08/2012,2.9
28/08/2012,2.6
29/08/2012,7.8
30/08/2012,27.7
31/08/2012,0.0
01/09/2012,22.5
02/09/2012,12.5
03/09/2012,0.5
04/09/2012,4.6
05/09/2012,18.4
06/09/2012,0.0
07/09/2012,20.5
08/09/2012,0.0
09/09/2012,0.0
10/09/2012,6.0
11/09/2012,5.5
12/09/2012,17.5
13/09/2012,0.5
14/09/2012,16.5
15/09/2012,8.0
16/09/2012,0.0
17/09/2012,1.5
18/09/2012,0.5
19/09/2012,28.5
20/09/2012,0.0
21/09/2012,0.5
22/09/2012,0.0
23/09/2012,0.0
24/09/2012,13.0
25/09/2012,0.0
26/09/2012,5.5
27/09/2012,0.0
28/09/2012,0.0
29/09/2012,0.5
30/09/2012,0.8
01/10/2012,1.2
02/10/2012,0.0
03/10/2012,30.5
04/10/2012,6.0
05/10/2012,0.5
06/10/2012,17.0
07/10/2012,7.5
08/10/2012,24.2
09/10/2012,0.3
10/10/2012,0.0
11/10/2012,0.0
12/10/2012,0.0
13/10/2012,0.0
14/10/2012,6.3
15/10/2012,0.7
16/10/2012,0.0
17/10/2012,0.4
18/10/2012,138.1
19/10/2012,42.5
20/10/2012,0.4
21/10/2012,67.8
22/10/2012,48.2
23/10/2012,0.0
24/10/2012,12.5
25/10/2012,0.0
26/10/2012,0.0
27/10/2012,0.0
28/10/2012,0.0
29/10/2012,0.4
30/10/2012,9.5
31/10/2012,5.1
01/11/2012,3.5
02/11/2012,0.4
03/11/2012,8.9
04/11/2012,5.0
05/11/2012,3.1
06/11/2012,5.5
07/11/2012,10.5
08/11/2012,4.4
09/11/2012,1.6
10/11/2012,52.2
11/11/2012,0.6
12/11/2012,6.6
13/11/2012,6.5
14/11/2012,0.0
15/11/2012,0.0
16/11/2012,0.0
17/11/2012,0.0
18/11/2012,0.0
19/11/2012,1.3
20/11/2012,2.7
21/11/2012,0.0
22/11/2012,0.5
23/11/2012,21.4
24/11/2012,21.0
25/11/2012,5.1
26/11/2012,0.6
27/11/2012,5.9
28/11/2012,0.0
29/11/2012,27.1
30/11/2012,2.3
01/12/2012,0.7
02/12/2012,0.0
03/12/2012,0.0
04/12/2012,4.0
05/12/2012,0.3
06/12/2012,4.6
07/12/2012,2.0
08/12/2012,1.2
09/12/2012,0.3
10/12/2012,0.0
11/12/2012,0.4
12/12/2012,8.1
13/12/2012,103.7
14/12/2012,33.7
15/12/2012,54.0
16/12/2012,118.0
17/12/2012,50.3
18/12/2012,67.9
19/12/2012,55.2
20/12/2012,126.8
21/12/2012,43.0
22/12/2012,117.0
23/12/2012,270.2
24/12/2012,139.8
25/12/2012,5.7
26/12/2012,90.2
27/12/2012,0.1
28/12/2012,0.0
29/12/2012,0.4
30/12/2012,9.0
31/12/2012,243.0
01/01/2013,41.1
02/01/2013,50.4
03/01/2013,159.9
04/01/2013,11.7
05/01/2013,0.0
06/01/2013,0.0
07/01/2013,0.0
08/01/2013,0.0
09/01/2013,22.5
10/01/2013,0.0
11/01/2013,0.0
12/01/2013,0.0
13/01/2013,0.0
14/01/2013,0.0
15/01/2013,0.0
16/01/2013,0.0
17/01/2013,0.5
18/01/2013,1.5
19/01/2013,0.0
20/01/2013,8.0
21/01/2013,13.8
22/01/2013,35.7
23/01/2013,2.0
24/01/2013,0.0
25/01/2013,0.0
26/01/2013,0.0
27/01/2013,0.0
28/01/2013,0.0
29/01/2013,0.0
30/01/2013,0.3
31/01/2013,5.2
01/02/2013,0.0
02/02/2013,0.0
03/02/2013,0.0
04/02/2013,0.0
05/02/2013,0.0
06/02/2013,0.0
07/02/2013,2.0
08/02/2013,0.0
09/02/2013,0.0
10/02/2013,0.0
11/02/2013,12.3
12/02/2013,31.7
13/02/2013,0.0
14/02/2013,0.0
15/02/2013,5.5
16/02/2013,0.0
17/02/2013,1.5
18/02/2013,0.0
19/02/2013,0.0
20/02/2013,0.0
21/02/2013,0.0
22/02/2013,7.4
23/02/2013,15.8
24/02/2013,71.4
25/02/2013,152.4
26/02/2013,231.1
27/02/2013,26.1
28/02/2013,2.4
01/03/2013,0.0
02/03/2013,0.0
03/03/2013,0.0
04/03/2013,0.0
05/03/2013,0.0
06/03/2013,2.8
07/03/2013,5.2
08/03/2013,0.0
09/03/2013,0.0
10/03/2013,0.0
11/03/2013,0.0
12/03/2013,0.0
13/03/2013,0.0
14/03/2013,0.5
15/03/2013,0.5
16/03/2013,3.0
17/03/2013,0.0
18/03/2013,0.0
19/03/2013,0.0
20/03/2013,0.0
21/03/2013,0.0
22/03/2013,0.0
23/03/2013,0.0
24/03/2013,0.0
25/03/2013,0.0
26/03/2013,0.0
27/03/2013,0.0
28/03/2013,0.0
29/03/2013,0.0
30/03/2013,0.0
31/03/2013,0.0
01/04/2013,0.0
02/04/2013,0.0
03/04/2013,0.0
04/04/2013,1.0
05/04/2013,0.0
06/04/2013,0.0
07/04/2013,0.0
08/04/2013,0.0
09/04/2013,0.0
10/04/2013,0.0
11/04/2013,16.0
12/04/2013,6.0
13/04/2013,6.2
14/04/2013,7.3
15/04/2013,14.5
16/04/2013,54.6
17/04/2013,18.9
18/04/2013,0.0
19/04/2013,0.0
20/04/2013,0.0
21/04/2013,7.0
22/04/2013,0.0
23/04/2013,0.0
24/04/2013,0.0
25/04/2013,0.0
26/04/2013,0.0
27/04/2013,0.0
28/04/2013,0.0
29/04/2013,0.0
30/04/2013,0.0
01/05/2013,0.0
02/05/2013,0.0
03/05/2013,0.0
04/05/2013,0.0
05/05/2013,0.4
06/05/2013,5.6
07/05/2013,0.0
08/05/2013,0.0
09/05/2013,0.0
10/05/2013,37.3
11/05/2013,0.2
12/05/2013,13.0
13/05/2013,0.5
14/05/2013,26.0
15/05/2013,0.0
16/05/2013,0.0
17/05/2013,0.0
18/05/2013,0.0
19/05/2013,0.0
20/05/2013,9.5
21/05/2013,0.0
22/05/2013,0.0
23/05/2013,0.0
24/05/2013,7.0
25/05/2013,0.0
26/05/2013,48.5
27/05/2013,0.0
28/05/2013,0.0
29/05/2013,0.4
30/05/2013,79.1
31/05/2013,0.0
01/06/2013,1.0
02/06/2013,0.0
03/06/2013,0.5
04/06/2013,110.0
05/06/2013,19.4
06/06/2013,22.1
07/06/2013,0.0
08/06/2013,0.0
09/06/2013,0.0
10/06/2013,1.0
11/06/2013,24.1
12/06/2013,3.4
13/06/2013,7.5
14/06/2013,0.0
15/06/2013,0.0
16/06/2013,0.0
17/06/2013,0.0
18/06/2013,0.0
19/06/2013,0.0
20/06/2013,4.0
21/06/2013,0.0
22/06/2013,0.0
23/06/2013,0.0
24/06/2013,0.0
25/06/2013,0.4
26/06/2013,2.1
27/06/2013,0.9
28/06/2013,0.1
29/06/2013,0.0
30/06/2013,0.0
01/07/2013,0.0
02/07/2013,63.1
03/07/2013,0.9
04/07/2013,0.0
05/07/2013,0.0
06/07/2013,0.0
07/07/2013,0.0
08/07/2013,0.0
09/07/2013,3.4
10/07/2013,9.6
11/07/2013,0.0
12/07/2013,0.0
13/07/2013,0.5
14/07/2013,0.0
15/07/2013,0.0
16/07/2013,18.0
17/07/2013,20.3
18/07/2013,0.7
19/07/2013,0.0
20/07/2013,0.0
21/07/2013,0.0
22/07/2013,1.5
23/07/2013,0.0
24/07/2013,0.0
25/07/2013,0.0
26/07/2013,0.0
27/07/2013,0.0
28/07/2013,0.0
29/07/2013,0.0
30/07/2013,20.5
31/07/2013,4.5
01/08/2013,14.2
02/08/2013,38.1
03/08/2013,0.7
04/08/2013,64.0
05/08/2013,0.5
06/08/2013,4.0
07/08/2013,0.0
08/08/2013,52.9
09/08/2013,2.6
10/08/2013,0.0
11/08/2013,1.0
12/08/2013,21.8
13/08/2013,2.7
14/08/2013,0.0
15/08/2013,15.5
16/08/2013,0.0
17/08/2013,0.0
18/08/2013,0.0
19/08/2013,0.0
20/08/2013,0.0
21/08/2013,0.5
22/08/2013,22.3
23/08/2013,2.2
24/08/2013,0.4
25/08/2013,5.6
26/08/2013,0.0
27/08/2013,0.0
28/08/2013,0.0
29/08/2013,0.0
30/08/2013,0.0
31/08/2013,0.0
01/09/2013,0.0
02/09/2013,0.0
03/09/2013,0.0
04/09/2013,0.0
05/09/2013,15.5
06/09/2013,1.3
07/09/2013,9.2
08/09/2013,1.5
09/09/2013,1.0
10/09/2013,0.0
11/09/2013,4.0
12/09/2013,9.1
13/09/2013,6.9
14/09/2013,4.0
15/09/2013,0.0
16/09/2013,17.5
17/09/2013,13.5
18/09/2013,0.0
19/09/2013,0.0
20/09/2013,4.0
21/09/2013,0.0
22/09/2013,0.0
23/09/2013,0.0
24/09/2013,6.7
25/09/2013,11.3
26/09/2013,0.0
27/09/2013,6.5
28/09/2013,13.0
29/09/2013,0.0
30/09/2013,0.0
01/10/2013,14.5
02/10/2013,96.7
03/10/2013,11.8
04/10/2013,24.0
05/10/2013,0.0
06/10/2013,0.0
07/10/2013,33.5
08/10/2013,0.5
09/10/2013,0.5
10/10/2013,0.0
11/10/2013,0.0
12/10/2013,14.0
13/10/2013,5.0
14/10/2013,1.5
15/10/2013,7.5
16/10/2013,0.0
17/10/2013,0.4
18/10/2013,22.7
19/10/2013,10.5
20/10/2013,65.3
21/10/2013,4.3
22/10/2013,15.2
23/10/2013,32.9
24/10/2013,3.1
25/10/2013,0.4
26/10/2013,3.0
27/10/2013,4.7
28/10/2013,0.0
29/10/2013,0.0
30/10/2013,0.0
31/10/2013,0.4
01/11/2013,26.1
02/11/2013,0.4
03/11/2013,23.1
04/11/2013,22.8
05/11/2013,41.4
06/11/2013,20.3
07/11/2013,0.5
08/11/2013,39.5
09/11/2013,1.0
10/11/2013,3.0
11/11/2013,0.4
12/11/2013,0.6
13/11/2013,0.4
14/11/2013,1.6
15/11/2013,0.4
16/11/2013,5.7
17/11/2013,5.4
18/11/2013,28.2
19/11/2013,72.0
20/11/2013,149.2
21/11/2013,29.4
22/11/2013,4.7
23/11/2013,0.0
24/11/2013,0.0
25/11/2013,0.0
26/11/2013,0.4
27/11/2013,43.5
28/11/2013,87.4
29/11/2013,137.5
30/11/2013,17.2
01/12/2013,16.1
02/12/2013,24.8
03/12/2013,38.7
04/12/2013,116.5
05/12/2013,5.5
06/12/2013,0.5
07/12/2013,2.0
08/12/2013,2.4
09/12/2013,4.9
10/12/2013,98.8
11/12/2013,0.0
12/12/2013,0.0
13/12/2013,0.5
14/12/2013,97.4
15/12/2013,24.2
16/12/2013,6.6
17/12/2013,13.4
18/12/2013,7.9
19/12/2013,46.6
20/12/2013,0.0
21/12/2013,7.5
22/12/2013,0.0
23/12/2013,0.0
24/12/2013,0.0
25/12/2013,0.0
26/12/2013,0.0
27/12/2013,0.7
28/12/2013,17.8
29/12/2013,7.3
30/12/2013,3.2
31/12/2013,0.5
01/01/2014,4.9
02/01/2014,7.4
03/01/2014,11.7
04/01/2014,0.0
05/01/2014,5.5
06/01/2014,0.0
07/01/2014,0.0
08/01/2014,4.4
09/01/2014,14.8
10/01/2014,1.2
11/01/2014,154.7
12/01/2014,7.9
13/01/2014,0.0
14/01/2014,0.0
15/01/2014,0.0
16/01/2014,0.0
17/01/2014,0.0
18/01/2014,0.0
19/01/2014,0.0
20/01/2014,0.0
21/01/2014,0.0
22/01/2014,0.0
23/01/2014,0.0
24/01/2014,0.0
25/01/2014,0.0
26/01/2014,0.0
27/01/2014,0.0
28/01/2014,0.0
29/01/2014,0.0
30/01/2014,0.0
31/01/2014,0.0
01/02/2014,0.0
02/02/2014,0.0
03/02/2014,0.0
04/02/2014,0.0
05/02/2014,0.0
06/02/2014,0.0
07/02/2014,0.0
08/02/2014,0.0
09/02/2014,0.0
10/02/2014,0.0
11/02/2014,0.0
12/02/2014,0.0
13/02/2014,0.0
14/02/2014,0.0
15/02/2014,0.0
16/02/2014,0.0
17/02/2014,0.0
18/02/2014,0.0
19/02/2014,0.0
20/02/2014,0.0
21/02/2014,0.0
22/02/2014,0.0
23/02/2014,0.0
24/02/2014,0.0
25/02/2014,0.0
26/02/2014,0.0
27/02/2014,0.0
28/02/2014,0.0
01/03/2014,0.0
02/03/2014,0.0
03/03/2014,0.0
04/03/2014,0.0
05/03/2014,0.0
06/03/2014,0.0
07/03/2014,0.0
08/03/2014,0.0
09/03/2014,0.0
10/03/2014,1.5
11/03/2014,0.0
12/03/2014,0.0
13/03/2014,0.0
14/03/2014,0.0
15/03/2014,49.0
16/03/2014,0.0
17/03/2014,0.0
18/03/2014,0.0
19/03/2014,0.0
20/03/2014,0.0
21/03/2014,0.0
22/03/2014,0.4
23/03/2014,16.7
24/03/2014,4.9
25/03/2014,0.0
26/03/2014,0.0
27/03/2014,0.0
28/03/2014,0.0
29/03/2014,0.0
30/03/2014,0.0
31/03/2014,0.0
01/04/2014,0.0
02/04/2014,0.0
03/04/2014,0.0
04/04/2014,0.0
05/04/2014,0.0
06/04/2014,0.0
07/04/2014,0.0
08/04/2014,0.0
09/04/2014,0.0
10/04/2014,0.0
11/04/2014,0.0
12/04/2014,0.0
13/04/2014,0.0
14/04/2014,0.0
15/04/2014,0.0
16/04/2014,0.0
17/04/2014,0.0
18/04/2014,0.0
19/04/2014,19.3
20/04/2014,0.2
21/04/2014,0.0
22/04/2014,0.0
23/04/2014,0.0
24/04/2014,0.0
25/04/2014,0.0
26/04/2014,0.0
27/04/2014,0.0
28/04/2014,0.0
29/04/2014,0.0
30/04/2014,0.0
01/05/2014,0.0
02/05/2014,0.0
03/05/2014,0.0
04/05/2014,0.0
05/05/2014,0.0
06/05/2014,0.0
07/05/2014,0.0
08/05/2014,0.0
09/05/2014,0.0
10/05/2014,0.0
11/05/2014,0.0
12/05/2014,0.0
13/05/2014,0.5
14/05/2014,52.5
15/05/2014,1.5
16/05/2014,8.7
17/05/2014,48.3
18/05/2014,4.5
19/05/2014,0.0
20/05/2014,0.0
21/05/2014,1.0
22/05/2014,0.4
23/05/2014,0.6
24/05/2014,0.0
25/05/2014,0.0
26/05/2014,0.0
27/05/2014,0.0
28/05/2014,24.1
29/05/2014,6.4
30/05/2014,0.0
31/05/2014,0.0
01/06/2014,4.0
02/06/2014,0.0
03/06/2014,1.0
04/06/2014,16.7
05/06/2014,44.5
06/06/2014,0.3
07/06/2014,0.0
08/06/2014,0.0
09/06/2014,0.0
10/06/2014,0.0
11/06/2014,1.0
12/06/2014,4.5
13/06/2014,0.0
14/06/2014,0.0
15/06/2014,0.0
16/06/2014,0.0
17/06/2014,0.0
18/06/2014,0.0
19/06/2014,0.0
20/06/2014,0.0
21/06/2014,21.5
22/06/2014,12.5
23/06/2014,7.5
24/06/2014,0.0
25/06/2014,0.0
26/06/2014,0.0
27/06/2014,0.0
28/06/2014,27.5
29/06/2014,6.0
30/06/2014,4.9
01/07/2014,0.1
02/07/2014,0.0
03/07/2014,0.0
04/07/2014,0.0
05/07/2014,40.8
06/07/2014,7.7
07/07/2014,6.0
08/07/2014,0.0
09/07/2014,0.0
10/07/2014,0.0
11/07/2014,0.0
12/07/2014,0.0
13/07/2014,0.0
14/07/2014,0.0
15/07/2014,0.0
16/07/2014,3.5
17/07/2014,8.5
18/07/2014,0.5
19/07/2014,0.0
20/07/2014,0.0
21/07/2014,0.0
22/07/2014,13.5
23/07/2014,0.0
24/07/2014,0.0
25/07/2014,18.6
26/07/2014,1.4
27/07/2014,0.0
28/07/2014,106.6
29/07/2014,3.4
30/07/2014,0.0
31/07/2014,17.0
01/08/2014,0.0
02/08/2014,64.1
03/08/2014,1.9
04/08/2014,0.5
05/08/2014,17.0
06/08/2014,9.2
07/08/2014,1.2
08/08/2014,31.6
09/08/2014,0.0
10/08/2014,0.0
11/08/2014,0.0
12/08/2014,0.0
13/08/2014,0.0
14/08/2014,0.0
15/08/2014,2.8
16/08/2014,56.5
17/08/2014,2.2
18/08/2014,65.0
19/08/2014,0.5
20/08/2014,0.0
21/08/2014,0.0
22/08/2014,0.0
23/08/2014,0.0
24/08/2014,0.0
25/08/2014,5.5
26/08/2014,58.5
27/08/2014,0.0
28/08/2014,0.0
29/08/2014,0.0
30/08/2014,0.0
31/08/2014,26.4
01/09/2014,3.1
02/09/2014,15.9
03/09/2014,5.0
04/09/2014,32.5
05/09/2014,15.3
06/09/2014,7.3
07/09/2014,0.9
08/09/2014,0.0
09/09/2014,2.0
10/09/2014,7.0
11/09/2014,13.0
12/09/2014,0.0
13/09/2014,0.5
14/09/2014,72.5
15/09/2014,12.5
16/09/2014,51.5
17/09/2014,7.0
18/09/2014,0.0
19/09/2014,0.0
20/09/2014,0.0
21/09/2014,3.0
22/09/2014,0.0
23/09/2014,0.0
24/09/2014,0.0
25/09/2014,0.0
26/09/2014,0.0
27/09/2014,0.0
28/09/2014,0.0
29/09/2014,0.0
30/09/2014,5.0
01/10/2014,0.0
02/10/2014,46.5
03/10/2014,4.5
04/10/2014,35.0
05/10/2014,2.2
06/10/2014,0.3
07/10/2014,19.0
08/10/2014,10.5
09/10/2014,27.5
10/10/2014,0.0
11/10/2014,1.1
12/10/2014,7.4
13/10/2014,0.0
14/10/2014,1.5
15/10/2014,6.7
16/10/2014,1.2
17/10/2014,39.2
18/10/2014,28.9
19/10/2014,0.0
20/10/2014,0.0
21/10/2014,0.0
22/10/2014,1.5
23/10/2014,1.5
24/10/2014,0.0
25/10/2014,0.0
26/10/2014,0.0
27/10/2014,0.0
28/10/2014,0.0
29/10/2014,0.0
30/10/2014,0.4
31/10/2014,65.6
01/11/2014,8.4
02/11/2014,14.0
03/11/2014,1.7
04/11/2014,44.0
05/11/2014,13.7
06/11/2014,5.2
07/11/2014,25.6
08/11/2014,9.3
09/11/2014,9.2
10/11/2014,0.0
11/11/2014,0.0
12/11/2014,9.1
13/11/2014,110.5
14/11/2014,89.4
15/11/2014,71.9
16/11/2014,91.9
17/11/2014,83.2
18/11/2014,336.9
19/11/2014,82.0
20/11/2014,258.8
21/11/2014,0.3
22/11/2014,0.2
23/11/2014,0.4
24/11/2014,54.4
25/11/2014,1.7
26/11/2014,0.4
27/11/2014,4.1
28/11/2014,0.5
29/11/2014,0.5
30/11/2014,0.0
01/12/2014,0.0
02/12/2014,0.0
03/12/2014,0.0
04/12/2014,1.0
05/12/2014,0.4
06/12/2014,4.1
07/12/2014,14.0
08/12/2014,41.5
09/12/2014,5.6
10/12/2014,2.2
11/12/2014,0.0
12/12/2014,0.0
13/12/2014,0.3
14/12/2014,158.5
15/12/2014,177.3
16/12/2014,43.5
17/12/2014,145.6
18/12/2014,72.9
19/12/2014,25.9
20/12/2014,159.4
21/12/2014,49.0
22/12/2014,22.0
23/12/2014,3.6
24/12/2014,7.7
25/12/2014,5.1
26/12/2014,1.4
27/12/2014,25.5
28/12/2014,11.5
29/12/2014,25.2
30/12/2014,10.8
31/12/2014,0.0
01/01/2015,0.0
02/01/2015,0.0
03/01/2015,2.4
04/01/2015,0.6
05/01/2015,0.0
06/01/2015,3.2
07/01/2015,50.0
08/01/2015,47.3
09/01/2015,13.4
10/01/2015,108.1
11/01/2015,0.0
12/01/2015,0.0
13/01/2015,0.0
14/01/2015,0.0
15/01/2015,0.0
16/01/2015,0.0
17/01/2015,0.0
18/01/2015,6.1
19/01/2015,0.4
20/01/2015,0.0
21/01/2015,3.0
22/01/2015,0.0
23/01/2015,0.5
24/01/2015,11.0
25/01/2015,0.0
26/01/2015,0.0
27/01/2015,0.0
28/01/2015,0.0
29/01/2015,0.0
30/01/2015,0.0
31/01/2015,0.0
01/02/2015,0.0
02/02/2015,0.0
03/02/2015,17.2
04/02/2015,4.3
05/02/2015,0.0
06/02/2015,0.0
07/02/2015,0.0
08/02/2015,0.0
09/02/2015,0.0
10/02/2015,0.0
11/02/2015,0.0
12/02/2015,0.0
13/02/2015,0.0
14/02/2015,0.0
15/02/2015,0.0
16/02/2015,0.0
17/02/2015,0.0
18/02/2015,0.0
19/02/2015,0.0
20/02/2015,0.0
21/02/2015,0.0
22/02/2015,0.0
23/02/2015,0.0
24/02/2015,0.0
25/02/2015,0.0
26/02/2015,0.0
27/02/2015,0.0
28/02/2015,0.0
01/03/2015,0.0
02/03/2015,0.0
03/03/2015,0.0
04/03/2015,0.0
05/03/2015,0.0
06/03/2015,0.0
07/03/2015,0.0
08/03/2015,1.6
09/03/2015,9.4
10/03/2015,0.0
11/03/2015,0.0
12/03/2015,0.0
13/03/2015,0.0
14/03/2015,0.0
15/03/2015,0.0
16/03/2015,0.0
17/03/2015,0.0
18/03/2015,0.0
19/03/2015,0.0
20/03/2015,0.0
21/03/2015,0.0
22/03/2015,0.0
23/03/2015,0.0
24/03/2015,0.0
25/03/2015,0.0
26/03/2015,0.0
27/03/2015,0.4
28/03/2015,1.9
29/03/2015,3.1
30/03/2015,0.4
31/03/2015,4.6
01/04/2015,4.5
02/04/2015,42.5
03/04/2015,0.0
04/04/2015,0.0
05/04/2015,0.0
06/04/2015,0.0
07/04/2015,0.0
08/04/2015,0.0
09/04/2015,0.4
10/04/2015,29.1
11/04/2015,0.0
12/04/2015,0.0
13/04/2015,5.4
14/04/2015,73.1
15/04/2015,43.0
16/04/2015,0.0
17/04/2015,0.0
18/04/2015,0.0
19/04/2015,0.0
20/04/2015,0.0
21/04/2015,0.0
22/04/2015,0.4
23/04/2015,5.1
24/04/2015,51.1
25/04/2015,6.0
26/04/2015,0.4
27/04/2015,38.6
28/04/2015,0.5
29/04/2015,0.0
30/04/2015,0.0
01/05/2015,0.0
02/05/2015,0.0
03/05/2015,0.0
04/05/2015,0.0
05/05/2015,0.0
06/05/2015,0.0
07/05/2015,0.0
08/05/2015,0.0
09/05/2015,0.0
10/05/2015,0.0
11/05/2015,0.0
12/05/2015,0.0
13/05/2015,0.0
14/05/2015,0.0
15/05/2015,0.0
16/05/2015,0.0
17/05/2015,0.0
18/05/2015,0.0
19/05/2015,0.0
20/05/2015,0.0
21/05/2015,0.0
22/05/2015,0.0
23/05/2015,0.0
24/05/2015,0.0
25/05/2015,3.5
26/05/2015,0.5
27/05/2015,23.5
28/05/2015,0.0
29/05/2015,0.0
30/05/2015,0.0
31/05/2015,1.5
01/06/2015,0.0
02/06/2015,0.0
03/06/2015,0.0
04/06/2015,0.0
05/06/2015,0.0
06/06/2015,0.0
07/06/2015,0.0
08/06/2015,0.0
09/06/2015,0.0
10/06/2015,0.0
11/06/2015,0.0
12/06/2015,4.5
13/06/2015,32.5
14/06/2015,0.4
15/06/2015,35.7
16/06/2015,8.0
17/06/2015,9.4
18/06/2015,0.0
19/06/2015,0.4
20/06/2015,30.1
21/06/2015,0.0
22/06/2015,0.0
23/06/2015,0.5
24/06/2015,0.0
25/06/2015,0.0
26/06/2015,6.5
27/06/2015,0.0
28/06/2015,0.3
29/06/2015,1.6
30/06/2015,14.1
01/07/2015,12.5
02/07/2015,0.1
03/07/2015,0.1
04/07/2015,0.7
05/07/2015,19.5
06/07/2015,17.4
07/07/2015,0.2
08/07/2015,20.8
09/07/2015,0.5
10/07/2015,5.5
11/07/2015,25.9
12/07/2015,0.3
13/07/2015,27.2
14/07/2015,5.5
15/07/2015,0.0
16/07/2015,0.0
17/07/2015,0.0
18/07/2015,16.1
19/07/2015,38.9
20/07/2015,0.0
21/07/2015,5.0
22/07/2015,1.0
23/07/2015,0.0
24/07/2015,0.0
25/07/2015,0.0
26/07/2015,0.0
27/07/2015,0.0
28/07/2015,0.0
29/07/2015,0.0
30/07/2015,0.0
31/07/2015,0.0
01/08/2015,0.0
02/08/2015,0.0
03/08/2015,76.1
04/08/2015,13.2
05/08/2015,13.3
06/08/2015,2.5
07/08/2015,9.5
08/08/2015,15.5
09/08/2015,7.5
10/08/2015,0.0
11/08/2015,0.0
12/08/2015,5.0
13/08/2015,0.0
14/08/2015,0.4
15/08/2015,34.6
16/08/2015,1.0
17/08/2015,4.2
18/08/2015,1.3
19/08/2015,34.5
20/08/2015,0.5
21/08/2015,19.0
22/08/2015,32.5
23/08/2015,10.5
24/08/2015,0.5
25/08/2015,0.4
26/08/2015,1.1
27/08/2015,0.0
28/08/2015,0.0
29/08/2015,0.0
30/08/2015,20.5
31/08/2015,0.0
01/09/2015,28.5
02/09/2015,0.0
03/09/2015,0.0
04/09/2015,0.0
05/09/2015,0.0
06/09/2015,0.0
07/09/2015,0.0
08/09/2015,15.0
09/09/2015,5.5
10/09/2015,1.0
11/09/2015,2.5
12/09/2015,0.0
13/09/2015,0.0
14/09/2015,1.5
15/09/2015,0.5
16/09/2015,14.4
17/09/2015,0.6
18/09/2015,0.0
19/09/2015,0.0
20/09/2015,0.0
21/09/2015,0.0
22/09/2015,0.4
23/09/2015,0.6
24/09/2015,0.4
25/09/2015,42.6
26/09/2015,57.8
27/09/2015,12.7
28/09/2015,12.5
29/09/2015,0.0
30/09/2015,0.0
01/10/2015,0.0
02/10/2015,0.0
03/10/2015,0.0
04/10/2015,0.0
05/10/2015,0.0
06/10/2015,2.4
07/10/2015,3.1
08/10/2015,0.0
09/10/2015,10.7
10/10/2015,1.3
11/10/2015,0.0
12/10/2015,0.0
13/10/2015,0.0
14/10/2015,0.0
15/10/2015,1.5
16/10/2015,0.5
17/10/2015,3.9
18/10/2015,13.5
19/10/2015,15.6
20/10/2015,0.0
21/10/2015,0.0
22/10/2015,0.0
23/10/2015,0.0
24/10/2015,2.0
25/10/2015,1.5
26/10/2015,17.2
27/10/2015,16.3
28/10/2015,128.1
29/10/2015,54.1
30/10/2015,39.3
31/10/2015,11.8
01/11/2015,8.2
02/11/2015,27.4
03/11/2015,10.0
04/11/2015,60.6
05/11/2015,2.4
06/11/2015,15.5
07/11/2015,0.1
08/11/2015,0.0
09/11/2015,2.0
10/11/2015,0.5
11/11/2015,5.9
12/11/2015,1.1
13/11/2015,0.0
14/11/2015,10.7
15/11/2015,5.8
16/11/2015,25.0
17/11/2015,0.5
18/11/2015,3.8
19/11/2015,8.2
20/11/2015,49.8
21/11/2015,17.1
22/11/2015,0.7
23/11/2015,6.5
24/11/2015,1.8
25/11/2015,7.7
26/11/2015,202.4
27/11/2015,1.2
28/11/2015,6.9
29/11/2015,39.1
30/11/2015,14.6
01/12/2015,1.4
02/12/2015,14.4
03/12/2015,0.4
04/12/2015,18.2
05/12/2015,31.8
06/12/2015,7.7
07/12/2015,16.7
08/12/2015,1.7
09/12/2015,0.0
10/12/2015,1.0
11/12/2015,7.7
12/12/2015,1.2
13/12/2015,1.1
14/12/2015,0.0
15/12/2015,3.1
16/12/2015,98.7
17/12/2015,2.1
18/12/2015,0.0
19/12/2015,0.0
20/12/2015,14.0
21/12/2015,22.0
22/12/2015,50.3
23/12/2015,6.3
24/12/2015,12.3
25/12/2015,18.4
26/12/2015,4.6
27/12/2015,8.0
28/12/2015,0.0
29/12/2015,0.4
30/12/2015,7.1
31/12/2015,0.4
01/01/2016,0.1
02/01/2016,8.0
03/01/2016,0.5
04/01/2016,0.5
05/01/2016,0.1
06/01/2016,0.0
07/01/2016,0.0
08/01/2016,0.0
09/01/2016,0.0
10/01/2016,0.0
11/01/2016,0.0
12/01/2016,1.5
13/01/2016,0.3
14/01/2016,3.9
15/01/2016,9.8
16/01/2016,0.0
17/01/2016,0.0
18/01/2016,0.0
19/01/2016,0.0
20/01/2016,0.0
21/01/2016,14.5
22/01/2016,2.5
23/01/2016,1.5
24/01/2016,4.0
25/01/2016,2.4
26/01/2016,5.6
27/01/2016,0.8
28/01/2016,1.7
29/01/2016,26.1
30/01/2016,0.0
31/01/2016,0.0
01/02/2016,0.4
02/02/2016,13.8
03/02/2016,4.2
04/02/2016,24.6
05/02/2016,21.4
06/02/2016,23.1
07/02/2016,4.5
08/02/2016,0.0
09/02/2016,0.0
10/02/2016,0.4
11/02/2016,0.5
12/02/2016,1.0
13/02/2016,17.1
14/02/2016,0.0
15/02/2016,0.4
16/02/2016,6.9
17/02/2016,4.2
18/02/2016,1.4
19/02/2016,1.6
20/02/2016,0.0
21/02/2016,0.0
22/02/2016,0.0
23/02/2016,0.0
24/02/2016,0.0
25/02/2016,0.0
26/02/2016,3.8
27/02/2016,10.5
28/02/2016,1.6
29/02/2016,0.0
01/03/2016,1.0
02/03/2016,0.0
03/03/2016,0.0
04/03/2016,0.0
05/03/2016,0.0
06/03/2016,0.0
07/03/2016,0.0
08/03/2016,1.5
09/03/2016,0.0
10/03/2016,0.0
11/03/2016,0.0
12/03/2016,0.0
13/03/2016,0.0
14/03/2016,0.0
15/03/2016,0.0
16/03/2016,0.0
17/03/2016,0.0
18/03/2016,0.0
19/03/2016,0.0
20/03/2016,0.0
21/03/2016,0.0
22/03/2016,0.0
23/03/2016,0.0
24/03/2016,0.0
25/03/2016,0.0
26/03/2016,3.5
27/03/2016,2.4
28/03/2016,17.6
29/03/2016,0.0
30/03/2016,0.0
31/03/2016,0.0
01/04/2016,0.0
02/04/2016,0.0
03/04/2016,0.4
04/04/2016,0.1
05/04/2016,0.0
06/04/2016,0.0
07/04/2016,0.0
08/04/2016,0.0
09/04/2016,0.0
10/04/2016,0.0
11/04/2016,0.0
12/04/2016,0.0
13/04/2016,0.0
14/04/2016,0.0
15/04/2016,0.5
16/04/2016,0.0
17/04/2016,0.0
18/04/2016,0.0
19/04/2016,0.0
20/04/2016,0.0
21/04/2016,0.0
22/04/2016,0.0
23/04/2016,0.0
24/04/2016,0.0
25/04/2016,0.0
26/04/2016,0.0
27/04/2016,0.0
28/04/2016,0.0
29/04/2016,0.0
30/04/2016,0.0
01/05/2016,0.0
02/05/2016,0.0
03/05/2016,0.0
04/05/2016,0.0
05/05/2016,0.0
06/05/2016,0.0
07/05/2016,0.0
08/05/2016,0.0
09/05/2016,0.0
10/05/2016,0.0
11/05/2016,0.0
12/05/2016,0.0
13/05/2016,0.0
14/05/2016,0.0
15/05/2016,0.0
16/05/2016,0.0
17/05/2016,0.5
18/05/2016,0.0
19/05/2016,0.4
20/05/2016,14.1
21/05/2016,0.0
22/05/2016,0.0
23/05/2016,0.0
24/05/2016,12.0
25/05/2016,0.0
26/05/2016,0.0
27/05/2016,9.5
28/05/2016,9.0
29/05/2016,14.3
30/05/2016,24.2
31/05/2016,0.5
01/06/2016,2.5
02/06/2016,9.5
03/06/2016,0.5
04/06/2016,0.0
05/06/2016,0.0
06/06/2016,0.0
07/06/2016,1.5
08/06/2016,44.3
09/06/2016,0.7
10/06/2016,10.0
11/06/2016,0.0
12/06/2016,0.0
13/06/2016,0.0
14/06/2016,0.4
15/06/2016,13.6
16/06/2016,22.0
17/06/2016,1.0
18/06/2016,0.0
19/06/2016,0.5
20/06/2016,8.5
21/06/2016,41.4
22/06/2016,0.1
23/06/2016,35.4
24/06/2016,1.1
25/06/2016,0.0
26/06/2016,34.5
27/06/2016,0.0
28/06/2016,0.0
29/06/2016,0.0
30/06/2016,0.0
01/07/2016,0.0
02/07/2016,0.0
03/07/2016,0.0
04/07/2016,0.0
05/07/2016,0.0
06/07/2016,9.0
07/07/2016,14.5
08/07/2016,0.0
09/07/2016,0.0
10/07/2016,24.5
11/07/2016,0.5
12/07/2016,0.9
13/07/2016,3.6
14/07/2016,2.0
15/07/2016,0.0
16/07/2016,0.0
17/07/2016,0.0
18/07/2016,0.5
19/07/2016,4.5
20/07/2016,1.5
21/07/2016,0.0
22/07/2016,1.0
23/07/2016,0.0
24/07/2016,0.0
25/07/2016,9.2
26/07/2016,39.1
27/07/2016,34.7
28/07/2016,11.5
29/07/2016,0.0
30/07/2016,0.0
31/07/2016,0.0
01/08/2016,0.0
02/08/2016,0.0
03/08/2016,0.0
04/08/2016,0.0
05/08/2016,0.5
06/08/2016,4.0
07/08/2016,44.5
08/08/2016,0.0
09/08/2016,1.3
10/08/2016,25.7
11/08/2016,12.0
12/08/2016,19.5
13/08/2016,5.5
14/08/2016,0.0
15/08/2016,0.0
16/08/2016,0.0
17/08/2016,0.0
18/08/2016,7.5
19/08/2016,0.0
20/08/2016,2.0
21/08/2016,1.3
22/08/2016,24.7
23/08/2016,1.0
24/08/2016,13.8
25/08/2016,25.2
26/08/2016,0.0
27/08/2016,26.0
28/08/2016,15.0
29/08/2016,0.0
30/08/2016,4.0
31/08/2016,0.4
01/09/2016,0.1
02/09/2016,0.0
03/09/2016,0.0
04/09/2016,0.0
05/09/2016,11.5
06/09/2016,0.0
07/09/2016,0.5
08/09/2016,2.9
09/09/2016,57.3
10/09/2016,7.8
11/09/2016,0.0
12/09/2016,8.0
13/09/2016,0.0
14/09/2016,55.0
15/09/2016,0.0
16/09/2016,0.0
17/09/2016,15.0
18/09/2016,0.2
19/09/2016,0.6
20/09/2016,0.2
21/09/2016,24.6
22/09/2016,0.9
23/09/2016,0.0
24/09/2016,0.0
25/09/2016,0.5
26/09/2016,14.0
27/09/2016,4.5
28/09/2016,9.5
29/09/2016,0.0
30/09/2016,0.0
01/10/2016,0.0
02/10/2016,13.5
03/10/2016,9.5
04/10/2016,20.5
05/10/2016,0.0
06/10/2016,0.0
07/10/2016,28.3
08/10/2016,12.2
09/10/2016,0.5
10/10/2016,9.5
11/10/2016,0.0
12/10/2016,0.0
13/10/2016,0.0
14/10/2016,25.5
15/10/2016,0.0
16/10/2016,0.0
17/10/2016,9.4
18/10/2016,69.6
19/10/2016,26.0
20/10/2016,22.0
21/10/2016,20.8
22/10/2016,20.7
23/10/2016,20.0
24/10/2016,0.0
25/10/2016,0.0
26/10/2016,0.0
27/10/2016,0.0
28/10/2016,59.4
29/10/2016,11.1
30/10/2016,0.5
31/10/2016,43.8
01/11/2016,8.7
02/11/2016,8.0
03/11/2016,2.5
04/11/2016,0.9
05/11/2016,0.5
06/11/2016,17.7
07/11/2016,27.9
08/11/2016,0.0
09/11/2016,1.5
10/11/2016,3.5
11/11/2016,64.5
12/11/2016,20.4
13/11/2016,2.7
14/11/2016,23.5
15/11/2016,17.0
16/11/2016,64.0
17/11/2016,0.7
18/11/2016,33.8
19/11/2016,0.4
20/11/2016,7.6
21/11/2016,0.0
22/11/2016,0.0
23/11/2016,0.0
24/11/2016,0.0
25/11/2016,0.5
26/11/2016,37.4
27/11/2016,17.6
28/11/2016,1.9
29/11/2016,89.5
30/11/2016,4.1
01/12/2016,97.3
02/12/2016,88.4
03/12/2016,84.3
04/12/2016,6.6
05/12/2016,0.5
06/12/2016,11.9
07/12/2016,3.0
08/12/2016,28.3
09/12/2016,4.3
10/12/2016,0.6
11/12/2016,3.4
12/12/2016,0.0
13/12/2016,0.0
14/12/2016,0.0
15/12/2016,0.0
16/12/2016,0.0
17/12/2016,54.0
18/12/2016,3.8
19/12/2016,42.8
20/12/2016,112.1
21/12/2016,4.2
22/12/2016,42.5
23/12/2016,236.5
24/12/2016,0.9
25/12/2016,11.6
26/12/2016,14.5
27/12/2016,7.7
28/12/2016,4.0
29/12/2016,0.4
30/12/2016,22.8
31/12/2016,19.1
01/01/2017,40.1
02/01/2017,44.9
03/01/2017,65.4
04/01/2017,72.1
05/01/2017,19.9
06/01/2017,9.5
07/01/2017,37.6
08/01/2017,5.0
09/01/2017,0.0
10/01/2017,0.4
11/01/2017,0.1
12/01/2017,0.0
13/01/2017,0.0
14/01/2017,0.0
15/01/2017,0.0
16/01/2017,20.9
17/01/2017,17.9
18/01/2017,44.2
19/01/2017,89.4
20/01/2017,322.2
21/01/2017,123.6
22/01/2017,2.8
23/01/2017,2.0
24/01/2017,18.7
25/01/2017,98.3
26/01/2017,10.0
27/01/2017,1.0
28/01/2017,0.5
29/01/2017,0.0
30/01/2017,0.3
31/01/2017,7.2
01/02/2017,0.0
02/02/2017,0.5
03/02/2017,14.0
04/02/2017,0.0
05/02/2017,0.0
06/02/2017,0.0
07/02/2017,0.0
08/02/2017,0.0
09/02/2017,0.0
10/02/2017,0.4
11/02/2017,0.6
12/02/2017,0.0
13/02/2017,3.5
14/02/2017,0.0
15/02/2017,0.0
16/02/2017,0.0
17/02/2017,0.3
18/02/2017,15.5
19/02/2017,0.7
20/02/2017,0.0
21/02/2017,0.2
22/02/2017,0.3
23/02/2017,0.6
24/02/2017,0.4
25/02/2017,0.6
26/02/2017,15.9
27/02/2017,5.1
28/02/2017,2.0
01/03/2017,0.3
02/03/2017,1.2
03/03/2017,0.0
04/03/2017,0.0
05/03/2017,0.0
06/03/2017,0.0
07/03/2017,0.0
08/03/2017,0.0
09/03/2017,0.0
10/03/2017,0.0
11/03/2017,0.0
12/03/2017,0.0
13/03/2017,0.0
14/03/2017,0.0
15/03/2017,0.0
16/03/2017,0.0
17/03/2017,0.0
18/03/2017,0.0
19/03/2017,0.0
20/03/2017,2.0
21/03/2017,1.5
22/03/2017,0.0
23/03/2017,0.0
24/03/2017,0.0
25/03/2017,0.0
26/03/2017,0.0
27/03/2017,18.5
28/03/2017,93.7
29/03/2017,21.0
30/03/2017,16.3
31/03/2017,12.2
01/04/2017,8.3
02/04/2017,2.4
03/04/2017,34.2
04/04/2017,15.5
05/04/2017,0.0
06/04/2017,29.3
07/04/2017,6.7
08/04/2017,16.0
09/04/2017,0.0
10/04/2017,0.0
11/04/2017,1.5
12/04/2017,0.0
13/04/2017,0.0
14/04/2017,0.0
15/04/2017,0.0
16/04/2017,0.0
17/04/2017,0.0
18/04/2017,0.0
19/04/2017,0.0
20/04/2017,0.0
21/04/2017,0.0
22/04/2017,0.0
23/04/2017,0.0
24/04/2017,0.0
25/04/2017,0.0
26/04/2017,0.0
27/04/2017,0.0
28/04/2017,0.0
29/04/2017,0.0
30/04/2017,0.0
01/05/2017,0.0
02/05/2017,0.0
03/05/2017,0.0
04/05/2017,0.0
05/05/2017,0.0
06/05/2017,0.5
07/05/2017,31.6
08/05/2017,2.4
09/05/2017,3.8
10/05/2017,7.6
11/05/2017,0.0
12/05/2017,0.0
13/05/2017,0.0
14/05/2017,0.0
15/05/2017,0.0
16/05/2017,0.0
17/05/2017,6.7
18/05/2017,49.2
19/05/2017,14.6
20/05/2017,0.0
21/05/2017,6.3
22/05/2017,0.2
23/05/2017,0.0
24/05/2017,0.0
25/05/2017,0.0
26/05/2017,0.0
27/05/2017,10.0
28/05/2017,0.0
29/05/2017,0.0
30/05/2017,0.0
31/05/2017,4.5
01/06/2017,0.0
02/06/2017,0.5
03/06/2017,28.4
04/06/2017,5.6
05/06/2017,1.0
06/06/2017,1.0
07/06/2017,0.0
08/06/2017,0.0
09/06/2017,0.0
10/06/2017,0.0
11/06/2017,0.0
12/06/2017,0.0
13/06/2017,0.0
14/06/2017,0.0
15/06/2017,0.0
16/06/2017,0.0
17/06/2017,0.0
18/06/2017,0.5
19/06/2017,0.0
20/06/2017,0.0
21/06/2017,43.5
22/06/2017,0.0
23/06/2017,0.0
24/06/2017,5.0
25/06/2017,0.5
26/06/2017,4.0
27/06/2017,0.0
28/06/2017,0.5
29/06/2017,0.0
30/06/2017,0.0
01/07/2017,4.5
02/07/2017,7.0
03/07/2017,1.5
04/07/2017,5.9
05/07/2017,2.1
06/07/2017,0.0
07/07/2017,0.5
08/07/2017,7.5
09/07/2017,0.0
10/07/2017,0.0
11/07/2017,0.0
12/07/2017,0.0
13/07/2017,3.5
14/07/2017,0.0
15/07/2017,0.0
16/07/2017,0.0
17/07/2017,0.0
18/07/2017,0.0
19/07/2017,0.0
20/07/2017,32.0
21/07/2017,0.0
22/07/2017,0.0
23/07/2017,0.4
24/07/2017,2.1
25/07/2017,27.5
26/07/2017,0.0
27/07/2017,0.0
28/07/2017,0.0
29/07/2017,91.8
30/07/2017,0.7
31/07/2017,1.4
01/08/2017,10.0
02/08/2017,0.1
03/08/2017,10.3
04/08/2017,5.2
05/08/2017,0.0
06/08/2017,32.0
07/08/2017,0.0
08/08/2017,0.0
09/08/2017,37.0
10/08/2017,0.0
11/08/2017,22.3
12/08/2017,6.8
13/08/2017,0.4
14/08/2017,12.5
15/08/2017,52.7
16/08/2017,36.8
17/08/2017,0.0
18/08/2017,0.0
19/08/2017,0.0
20/08/2017,0.0
21/08/2017,22.0
22/08/2017,5.5
23/08/2017,1.5
24/08/2017,2.8
25/08/2017,12.7
26/08/2017,1.1
27/08/2017,1.4
28/08/2017,3.7
29/08/2017,0.3
30/08/2017,0.0
31/08/2017,1.5
01/09/2017,2.5
02/09/2017,0.0
03/09/2017,0.0
04/09/2017,0.0
05/09/2017,7.5
06/09/2017,0.0
07/09/2017,0.0
08/09/2017,0.0
09/09/2017,1.9
10/09/2017,3.1
11/09/2017,30.0
12/09/2017,0.0
13/09/2017,15.5
14/09/2017,22.0
15/09/2017,22.2
16/09/2017,0.3
17/09/2017,0.0
18/09/2017,0.4
19/09/2017,46.1
20/09/2017,0.0
21/09/2017,0.0
22/09/2017,16.5
23/09/2017,0.0
24/09/2017,0.0
25/09/2017,0.5
26/09/2017,2.0
27/09/2017,7.5
28/09/2017,0.5
29/09/2017,4.7
30/09/2017,2.1
01/10/2017,2.6
02/10/2017,20.0
03/10/2017,5.0
04/10/2017,0.0
05/10/2017,0.0
06/10/2017,0.0
07/10/2017,0.0
08/10/2017,0.0
09/10/2017,13.5
10/10/2017,12.0
11/10/2017,0.0
12/10/2017,0.4
13/10/2017,1.6
14/10/2017,0.0
15/10/2017,0.0
16/10/2017,0.0
17/10/2017,0.0
18/10/2017,0.0
19/10/2017,0.4
20/10/2017,0.6
21/10/2017,0.0
22/10/2017,0.0
23/10/2017,0.0
24/10/2017,1.0
25/10/2017,10.0
26/10/2017,5.5
27/10/2017,0.0
28/10/2017,1.3
29/10/2017,49.4
30/10/2017,30.6
31/10/2017,0.3
01/11/2017,35.9
02/11/2017,48.9
03/11/2017,42.5
04/11/2017,18.9
05/11/2017,108.7
06/11/2017,3.6
07/11/2017,9.0
08/11/2017,39.5
09/11/2017,31.2
10/11/2017,5.7
11/11/2017,25.2
12/11/2017,1.4
13/11/2017,0.5
14/11/2017,7.0
15/11/2017,0.0
16/11/2017,0.4
17/11/2017,1.1
18/11/2017,0.0
19/11/2017,0.5
20/11/2017,1.5
21/11/2017,8.0
22/11/2017,0.9
23/11/2017,151.7
24/11/2017,19.6
25/11/2017,140.4
26/11/2017,226.7
27/11/2017,137.6
28/11/2017,291.1
29/11/2017,45.5
30/11/2017,15.7
01/12/2017,102.8
02/12/2017,82.7
03/12/2017,0.7
04/12/2017,30.0
05/12/2017,81.0
06/12/2017,0.4
07/12/2017,16.6
08/12/2017,7.0
09/12/2017,1.0
10/12/2017,0.5
11/12/2017,0.4
12/12/2017,0.1
13/12/2017,0.0
14/12/2017,0.0
15/12/2017,0.0
16/12/2017,0.0
17/12/2017,4.4
18/12/2017,10.1
19/12/2017,1.2
20/12/2017,1.3
21/12/2017,1.9
22/12/2017,10.4
23/12/2017,24.2
24/12/2017,8.5
25/12/2017,0.0
26/12/2017,1.3
27/12/2017,0.7
28/12/2017,6.2
29/12/2017,59.1
30/12/2017,0.2
31/12/2017,0.9
01/01/2018,12.4
02/01/2018,6.8
03/01/2018,0.5
04/01/2018,0.5
05/01/2018,0.0
06/01/2018,15.1
07/01/2018,28.9
08/01/2018,7.4
09/01/2018,0.9
10/01/2018,0.7
11/01/2018,0.5
12/01/2018,12.4
13/01/2018,22.6
14/01/2018,2.0
15/01/2018,5.0
16/01/2018,2.0
17/01/2018,0.0
18/01/2018,0.4
19/01/2018,9.1
20/01/2018,136.8
21/01/2018,50.2
22/01/2018,1.1
23/01/2018,0.0
24/01/2018,0.5
25/01/2018,0.0
26/01/2018,30.2
27/01/2018,7.8
28/01/2018,0.0
29/01/2018,0.0
30/01/2018,0.0
31/01/2018,0.0
01/02/2018,0.4
02/02/2018,0.6
03/02/2018,0.0
04/02/2018,0.0
05/02/2018,0.0
06/02/2018,0.0
07/02/2018,0.0
08/02/2018,0.0
09/02/2018,0.0
10/02/2018,0.0
11/02/2018,0.0
12/02/2018,0.0
13/02/2018,2.5
14/02/2018,0.0
15/02/2018,0.0
16/02/2018,0.0
17/02/2018,0.0
18/02/2018,0.0
19/02/2018,0.0
20/02/2018,0.0
21/02/2018,0.0
22/02/2018,0.4
23/02/2018,81.1
24/02/2018,0.0
25/02/2018,0.0
26/02/2018,0.4
27/02/2018,5.6
28/02/2018,0.0
01/03/2018,0.0
02/03/2018,0.0
03/03/2018,0.0
04/03/2018,0.0
05/03/2018,0.0
06/03/2018,0.5
07/03/2018,9.0
08/03/2018,0.0
09/03/2018,5.5
10/03/2018,0.0
11/03/2018,0.0
12/03/2018,0.0
13/03/2018,0.0
14/03/2018,0.0
15/03/2018,0.0
16/03/2018,0.0
17/03/2018,0.0
18/03/2018,0.0
19/03/2018,0.0
20/03/2018,0.0
21/03/2018,0.0
22/03/2018,0.3
23/03/2018,31.6
24/03/2018,7.5
25/03/2018,0.0
26/03/2018,0.0
27/03/2018,0.0
28/03/2018,0.0
29/03/2018,0.0
30/03/2018,0.0
31/03/2018,0.0
01/04/2018,0.0
02/04/2018,0.0
03/04/2018,0.0
04/04/2018,0.0
05/04/2018,0.0
06/04/2018,0.0
07/04/2018,0.4
08/04/2018,8.1
09/04/2018,13.5
10/04/2018,53.5
11/04/2018,0.5
12/04/2018,0.0
13/04/2018,0.4
14/04/2018,28.1
15/04/2018,0.0
16/04/2018,0.0
17/04/2018,0.0
18/04/2018,0.0
19/04/2018,0.0
20/04/2018,0.4
21/04/2018,6.6
22/04/2018,0.0
23/04/2018,0.0
24/04/2018,0.0
25/04/2018,36.0
26/04/2018,0.5
27/04/2018,2.0
28/04/2018,0.0
29/04/2018,22.7
30/04/2018,1.3
01/05/2018,13.0
02/05/2018,0.0
03/05/2018,0.0
04/05/2018,0.0
05/05/2018,0.0
06/05/2018,0.0
07/05/2018,38.5
08/05/2018,0.0
09/05/2018,0.0
10/05/2018,0.0
11/05/2018,0.0
12/05/2018,0.0
13/05/2018,0.0
14/05/2018,0.0
15/05/2018,0.0
16/05/2018,0.0
17/05/2018,0.0
18/05/2018,0.0
19/05/2018,0.0
20/05/2018,0.0
21/05/2018,0.0
22/05/2018,0.0
23/05/2018,1.0
24/05/2018,0.0
25/05/2018,0.0
26/05/2018,0.4
27/05/2018,3.6
28/05/2018,0.0
29/05/2018,0.0
30/05/2018,0.0
31/05/2018,0.0
01/06/2018,15.4
02/06/2018,1.1
03/06/2018,0.0
04/06/2018,0.0
05/06/2018,0.0
06/06/2018,0.0
07/06/2018,0.5
08/06/2018,1.5
09/06/2018,0.0
10/06/2018,1.5
11/06/2018,0.5
12/06/2018,0.0
13/06/2018,0.0
14/06/2018,0.0
15/06/2018,0.0
16/06/2018,15.3
17/06/2018,44.0
18/06/2018,4.2
19/06/2018,0.0
20/06/2018,36.5
21/06/2018,0.0
22/06/2018,0.0
23/06/2018,1.5
24/06/2018,1.0
25/06/2018,53.1
26/06/2018,0.4
27/06/2018,0.0
28/06/2018,0.0
29/06/2018,1.5
30/06/2018,0.0
01/07/2018,3.5
02/07/2018,0.0
03/07/2018,0.0
04/07/2018,0.0
05/07/2018,0.4
06/07/2018,0.1
07/07/2018,1.5
08/07/2018,0.5
09/07/2018,18.5
10/07/2018,0.0
11/07/2018,0.0
12/07/2018,0.0
13/07/2018,0.0
14/07/2018,0.0
15/07/2018,0.0
16/07/2018,0.0
17/07/2018,28.0
18/07/2018,0.0
19/07/2018,0.0
20/07/2018,11.0
21/07/2018,0.0
22/07/2018,0.0
23/07/2018,22.5
24/07/2018,0.5
25/07/2018,0.0
26/07/2018,0.0
27/07/2018,0.0
28/07/2018,15.0
29/07/2018,8.0
30/07/2018,0.8
31/07/2018,14.9
01/08/2018,0.3
02/08/2018,0.0
03/08/2018,0.0
04/08/2018,0.0
05/08/2018,0.0
06/08/2018,13.5
07/08/2018,0.5
08/08/2018,0.0
09/08/2018,10.5
10/08/2018,0.0
11/08/2018,0.0
12/08/2018,0.0
13/08/2018,0.0
14/08/2018,0.0
15/08/2018,0.0
16/08/2018,0.0
17/08/2018,0.0
18/08/2018,5.0
19/08/2018,44.5
20/08/2018,0.0
21/08/2018,20.3
22/08/2018,44.2
23/08/2018,0.0
24/08/2018,0.0
25/08/2018,0.0
26/08/2018,0.0
27/08/2018,0.0
28/08/2018,29.6
29/08/2018,1.4
30/08/2018,0.0
31/08/2018,12.0
01/09/2018,12.5
02/09/2018,7.5
03/09/2018,9.0
04/09/2018,8.0
05/09/2018,0.4
06/09/2018,20.6
07/09/2018,19.0
08/09/2018,3.0
09/09/2018,45.2
10/09/2018,0.7
11/09/2018,10.6
12/09/2018,0.0
13/09/2018,1.0
14/09/2018,10.5
15/09/2018,0.0
16/09/2018,0.0
17/09/2018,5.6
18/09/2018,31.6
19/09/2018,0.3
20/09/2018,1.1
21/09/2018,9.0
22/09/2018,0.0
23/09/2018,2.0
24/09/2018,0.0
25/09/2018,0.0
26/09/2018,0.0
27/09/2018,0.0
28/09/2018,0.0
29/09/2018,0.0
30/09/2018,0.0
01/10/2018,0.0
02/10/2018,11.6
03/10/2018,2.9
04/10/2018,1.0
05/10/2018,35.5
06/10/2018,1.9
07/10/2018,41.1
08/10/2018,0.5
09/10/2018,23.5
10/10/2018,0.0
11/10/2018,14.8
12/10/2018,19.2
13/10/2018,0.4
14/10/2018,17.6
15/10/2018,0.0
16/10/2018,72.5
17/10/2018,31.2
18/10/2018,10.6
19/10/2018,1.7
20/10/2018,0.0
21/10/2018,10.0
22/10/2018,0.5
23/10/2018,5.0
24/10/2018,3.0
25/10/2018,0.0
26/10/2018,0.0
27/10/2018,34.0
28/10/2018,6.6
29/10/2018,28.5
30/10/2018,33.7
31/10/2018,0.5
01/11/2018,52.0
02/11/2018,141.3
03/11/2018,85.7
04/11/2018,45.5
05/11/2018,111.0
06/11/2018,78.9
07/11/2018,33.5
08/11/2018,3.4
09/11/2018,1.9
10/11/2018,0.4
11/11/2018,11.6
12/11/2018,0.0
13/11/2018,1.8
14/11/2018,17.3
15/11/2018,2.4
16/11/2018,0.5
17/11/2018,1.5
18/11/2018,0.5
19/11/2018,0.5
20/11/2018,1.0
21/11/2018,0.0
22/11/2018,0.0
23/11/2018,0.0
24/11/2018,0.0
25/11/2018,0.0
26/11/2018,0.0
27/11/2018,0.0
28/11/2018,8.8
29/11/2018,25.7
30/11/2018,7.9
01/12/2018,101.5
02/12/2018,5.5
03/12/2018,82.8
04/12/2018,38.3
05/12/2018,74.8
06/12/2018,109.3
07/12/2018,11.6
08/12/2018,0.0
09/12/2018,0.4
10/12/2018,15.8
11/12/2018,79.2
12/12/2018,124.0
13/12/2018,10.4
14/12/2018,24.5
15/12/2018,149.7
16/12/2018,49.7
17/12/2018,107.4
18/12/2018,4.4
19/12/2018,16.1
20/12/2018,0.5
21/12/2018,0.0
22/12/2018,0.0
23/12/2018,0.0
24/12/2018,0.0
25/12/2018,0.0
26/12/2018,0.0
27/12/2018,6.7
28/12/2018,6.3
29/12/2018,0.0
30/12/2018,0.4
31/12/2018,7.1
01/01/2019,5.0
02/01/2019,21.9
03/01/2019,61.4
04/01/2019,2.2
05/01/2019,0.5
06/01/2019,73.5
07/01/2019,0.2
08/01/2019,0.3
09/01/2019,2.6
10/01/2019,4.1
11/01/2019,23.3
12/01/2019,47.4
13/01/2019,71.7
14/01/2019,0.0
15/01/2019,0.3
16/01/2019,13.5
17/01/2019,24.2
18/01/2019,1.5
19/01/2019,4.0
20/01/2019,0.0
21/01/2019,0.0
22/01/2019,0.0
23/01/2019,0.0
24/01/2019,0.0
25/01/2019,0.0
26/01/2019,0.0
27/01/2019,0.0
28/01/2019,0.0
29/01/2019,5.5
30/01/2019,0.0
31/01/2019,5.1
01/02/2019,3.4
02/02/2019,3.3
03/02/2019,3.7
04/02/2019,0.0
05/02/2019,0.0
06/02/2019,0.0
07/02/2019,0.0
08/02/2019,0.0
09/02/2019,0.0
10/02/2019,0.0
11/02/2019,0.0
12/02/2019,0.0
13/02/2019,2.2
14/02/2019,0.8
15/02/2019,0.0
16/02/2019,0.0
17/02/2019,0.0
18/02/2019,0.0
19/02/2019,0.0
20/02/2019,0.0
21/02/2019,0.0
22/02/2019,0.0
23/02/2019,0.0
24/02/2019,0.0
25/02/2019,0.0
26/02/2019,0.0
27/02/2019,0.0
28/02/2019,0.0
01/03/2019,0.0
02/03/2019,0.0
03/03/2019,0.0
04/03/2019,0.0
05/03/2019,0.0
06/03/2019,0.0
07/03/2019,0.0
08/03/2019,0.0
09/03/2019,0.0
10/03/2019,0.0
11/03/2019,0.0
12/03/2019,0.0
13/03/2019,0.0
14/03/2019,0.0
15/03/2019,0.0
16/03/2019,0.0
17/03/2019,0.0
18/03/2019,0.0
19/03/2019,0.0
20/03/2019,0.0
21/03/2019,0.0
22/03/2019,0.0
23/03/2019,0.0
24/03/2019,0.0
25/03/2019,10.8
26/03/2019,1.5
27/03/2019,3.1
28/03/2019,4.0
29/03/2019,0.0
30/03/2019,9.0
31/03/2019,0.0
01/04/2019,0.0
02/04/2019,0.0
03/04/2019,0.0
04/04/2019,0.0
05/04/2019,0.0
06/04/2019,0.0
07/04/2019,0.0
08/04/2019,0.0
09/04/2019,0.0
10/04/2019,0.0
11/04/2019,7.0
12/04/2019,0.0
13/04/2019,0.0
14/04/2019,0.0
15/04/2019,0.0
16/04/2019,0.0
17/04/2019,0.0
18/04/2019,0.0
19/04/2019,0.0
20/04/2019,0.0
21/04/2019,0.0
22/04/2019,0.0
23/04/2019,0.0
24/04/2019,0.0
25/04/2019,0.0
26/04/2019,0.0
27/04/2019,1.8
28/04/2019,3.2
29/04/2019,0.0
30/04/2019,0.0
01/05/2019,0.0
02/05/2019,0.0
03/05/2019,0.0
04/05/2019,0.0
05/05/2019,0.0
06/05/2019,0.0
07/05/2019,0.0
08/05/2019,40.7
09/05/2019,1.3
10/05/2019,0.5
11/05/2019,0.0
12/05/2019,17.5
13/05/2019,0.0
14/05/2019,0.0
15/05/2019,0.0
16/05/2019,2.0
17/05/2019,0.0
18/05/2019,0.0
19/05/2019,7.0
20/05/2019,13.0
21/05/2019,0.0
22/05/2019,10.5
23/05/2019,0.0
24/05/2019,0.0
25/05/2019,0.0
26/05/2019,11.0
27/05/2019,0.0
28/05/2019,0.0
29/05/2019,0.0
30/05/2019,0.0
31/05/2019,0.0
01/06/2019,0.0
02/06/2019,0.0
03/06/2019,0.0
04/06/2019,0.0
05/06/2019,37.1
06/06/2019,16.5
07/06/2019,6.9
08/06/2019,10.3
09/06/2019,28.2
10/06/2019,0.0
11/06/2019,0.0
12/06/2019,0.5
13/06/2019,1.4
14/06/2019,11.6
15/06/2019,7.0
16/06/2019,65.9
17/06/2019,5.5
18/06/2019,8.0
19/06/2019,0.6
20/06/2019,8.5
21/06/2019,0.0
22/06/2019,45.5
23/06/2019,27.6
24/06/2019,0.3
25/06/2019,52.2
26/06/2019,4.4
27/06/2019,0.4
28/06/2019,0.0
29/06/2019,0.5
30/06/2019,1.5
01/07/2019,0.0
02/07/2019,0.0
03/07/2019,0.0
04/07/2019,0.0
05/07/2019,0.0
06/07/2019,0.0
07/07/2019,0.0
08/07/2019,0.0
09/07/2019,4.0
10/07/2019,0.0
11/07/2019,0.0
12/07/2019,0.0
13/07/2019,4.5
14/07/2019,7.5
15/07/2019,12.0
16/07/2019,0.0
17/07/2019,0.0
18/07/2019,0.4
19/07/2019,50.6
20/07/2019,5.5
21/07/2019,0.3
22/07/2019,0.2
23/07/2019,0.0
24/07/2019,0.0
25/07/2019,0.5
26/07/2019,0.0
27/07/2019,0.0
28/07/2019,0.0
29/07/2019,0.0
30/07/2019,0.5
31/07/2019,1.0
01/08/2019,0.0
02/08/2019,0.0
03/08/2019,0.0
04/08/2019,0.0
05/08/2019,0.0
06/08/2019,0.0
07/08/2019,0.0
08/08/2019,0.0
09/08/2019,0.4
10/08/2019,11.6
11/08/2019,0.7
12/08/2019,116.2
13/08/2019,0.1
14/08/2019,28.6
15/08/2019,0.4
16/08/2019,1.0
17/08/2019,59.0
18/08/2019,0.0
19/08/2019,0.4
20/08/2019,3.0
21/08/2019,7.6
22/08/2019,4.5
23/08/2019,0.4
24/08/2019,42.1
25/08/2019,0.0
26/08/2019,0.0
27/08/2019,0.0
28/08/2019,0.0
29/08/2019,10.6
30/08/2019,0.4
31/08/2019,0.0
01/09/2019,1.0
02/09/2019,0.0
03/09/2019,7.5
04/09/2019,4.0
05/09/2019,0.0
06/09/2019,0.0
07/09/2019,6.0
08/09/2019,36.0
09/09/2019,0.0
10/09/2019,0.0
11/09/2019,0.4
12/09/2019,0.1
13/09/2019,58.0
14/09/2019,2.5
15/09/2019,0.0
16/09/2019,0.0
17/09/2019,0.0
18/09/2019,0.0
19/09/2019,0.0
20/09/2019,0.5
21/09/2019,0.0
22/09/2019,0.2
23/09/2019,4.4
24/09/2019,13.4
25/09/2019,22.8
26/09/2019,15.2
27/09/2019,0.3
28/09/2019,0.2
29/09/2019,0.0
30/09/2019,0.0
01/10/2019,0.0
02/10/2019,0.0
03/10/2019,0.0
04/10/2019,0.0
05/10/2019,4.6
06/10/2019,0.4
07/10/2019,2.0
08/10/2019,0.0
09/10/2019,0.4
10/10/2019,0.1
11/10/2019,0.0
12/10/2019,0.0
13/10/2019,4.7
14/10/2019,0.3
15/10/2019,0.0
16/10/2019,0.4
17/10/2019,18.6
18/10/2019,1.0
19/10/2019,5.0
20/10/2019,0.4
21/10/2019,5.6
22/10/2019,7.0
23/10/2019,0.0
24/10/2019,18.5
25/10/2019,0.5
26/10/2019,10.5
27/10/2019,0.5
28/10/2019,5.0
29/10/2019,0.0
30/10/2019,0.0
31/10/2019,0.9
01/11/2019,0.5
02/11/2019,4.5
03/11/2019,2.1
04/11/2019,0.5
05/11/2019,15.5
06/11/2019,19.1
07/11/2019,4.4
08/11/2019,8.0
09/11/2019,0.0
10/11/2019,3.5
11/11/2019,7.6
12/11/2019,1.4
13/11/2019,13.2
14/11/2019,10.5
15/11/2019,18.1
16/11/2019,3.7
17/11/2019,0.0
18/11/2019,0.5
19/11/2019,4.8
20/11/2019,14.7
21/11/2019,26.6
22/11/2019,30.8
23/11/2019,26.7
24/11/2019,2.2
25/11/2019,23.4
26/11/2019,9.5
27/11/2019,49.9
28/11/2019,22.2
29/11/2019,14.2
30/11/2019,72.9
01/12/2019,335.8
02/12/2019,27.0
03/12/2019,0.0
04/12/2019,0.4
05/12/2019,3.1
06/12/2019,1.8
07/12/2019,1.7
08/12/2019,10.0
09/12/2019,0.5
10/12/2019,2.0
11/12/2019,0.0
12/12/2019,0.0
13/12/2019,0.7
14/12/2019,1.1
15/12/2019,0.6
16/12/2019,0.1
17/12/2019,8.4
18/12/2019,10.1
19/12/2019,0.0
20/12/2019,0.0
21/12/2019,0.0
22/12/2019,0.0
23/12/2019,0.0
24/12/2019,0.4
25/12/2019,0.1
26/12/2019,0.0
27/12/2019,0.0
28/12/2019,0.0
29/12/2019,0.0
30/12/2019,0.0
31/12/2019,0.0
01/01/2020,0.0
02/01/2020,0.4
03/01/2020,2.6
04/01/2020,0.0
05/01/2020,0.0
06/01/2020,0.0
07/01/2020,0.8
08/01/2020,1.2
09/01/2020,0.4
10/01/2020,3.1
11/01/2020,0.0
12/01/2020,0.0
13/01/2020,0.0
14/01/2020,0.5
15/01/2020,0.0
16/01/2020,0.0
17/01/2020,52.6
18/01/2020,2.4
19/01/2020,0.0
20/01/2020,0.5
21/01/2020,0.0
22/01/2020,3.0
23/01/2020,0.0
24/01/2020,0.0
25/01/2020,0.0
26/01/2020,0.0
27/01/2020,0.0
28/01/2020,0.0
29/01/2020,0.0
30/01/2020,0.0
31/01/2020,22.0
01/02/2020,0.0
02/02/2020,0.0
03/02/2020,0.0
04/02/2020,0.3
05/02/2020,1.7
06/02/2020,0.0
07/02/2020,0.0
08/02/2020,0.6
09/02/2020,3.9
10/02/2020,12.6
11/02/2020,9.9
12/02/2020,0.9
13/02/2020,40.6
14/02/2020,0.0
15/02/2020,0.0
16/02/2020,0.0
17/02/2020,32.4
18/02/2020,12.6
19/02/2020,0.0
20/02/2020,0.3
21/02/2020,2.2
22/02/2020,0.4
23/02/2020,0.1
24/02/2020,0.0
25/02/2020,0.0
26/02/2020,0.0
27/02/2020,0.0
28/02/2020,0.0
29/02/2020,0.0
01/03/2020,0.0
02/03/2020,0.0
03/03/2020,0.0
04/03/2020,0.4
05/03/2020,6.6
06/03/2020,0.5
07/03/2020,0.0
08/03/2020,0.0
09/03/2020,0.0
10/03/2020,0.0
11/03/2020,0.0
12/03/2020,0.0
13/03/2020,0.0
14/03/2020,0.0
15/03/2020,0.0
16/03/2020,0.0
17/03/2020,0.0
18/03/2020,0.0
19/03/2020,0.0
20/03/2020,0.0
21/03/2020,1.5
22/03/2020,8.0
23/03/2020,0.0
24/03/2020,0.0
25/03/2020,0.0
26/03/2020,0.0
27/03/2020,0.0
28/03/2020,0.0
29/03/2020,0.0
30/03/2020,0.0
31/03/2020,0.0
01/04/2020,0.0
02/04/2020,6.8
03/04/2020,0.2
04/04/2020,0.4
05/04/2020,25.6
06/04/2020,0.0
07/04/2020,0.0
08/04/2020,0.0
09/04/2020,0.0
10/04/2020,0.0
11/04/2020,0.0
12/04/2020,0.0
13/04/2020,0.0
14/04/2020,0.0
15/04/2020,0.0
16/04/2020,0.0
17/04/2020,0.0
18/04/2020,0.0
19/04/2020,0.0
20/04/2020,0.0
21/04/2020,0.0
22/04/2020,18.0
23/04/2020,26.0
24/04/2020,0.0
25/04/2020,29.0
26/04/2020,23.5
27/04/2020,99.9
28/04/2020,47.8
29/04/2020,4.7
30/04/2020,10.9
01/05/2020,1.7
02/05/2020,0.0
03/05/2020,0.0
04/05/2020,0.0
05/05/2020,0.0
06/05/2020,0.0
07/05/2020,0.0
08/05/2020,0.0
09/05/2020,0.0
10/05/2020,0.0
11/05/2020,0.0
12/05/2020,0.0
13/05/2020,0.0
14/05/2020,9.5
15/05/2020,0.5
16/05/2020,0.0
17/05/2020,0.0
18/05/2020,0.0
19/05/2020,0.0
20/05/2020,0.0
21/05/2020,0.0
22/05/2020,0.0
23/05/2020,0.0
24/05/2020,0.0
25/05/2020,0.0
26/05/2020,4.5
27/05/2020,0.0
28/05/2020,0.0
29/05/2020,5.5
30/05/2020,0.0
31/05/2020,0.4
01/06/2020,12.1
02/06/2020,0.0
03/06/2020,40.0
04/06/2020,0.0
05/06/2020,36.1
06/06/2020,44.7
07/06/2020,13.2
08/06/2020,0.0
09/06/2020,0.4
10/06/2020,49.1
11/06/2020,0.0
12/06/2020,15.5
13/06/2020,0.0
14/06/2020,0.0
15/06/2020,0.0
16/06/2020,3.0
17/06/2020,0.4
18/06/2020,12.5
19/06/2020,2.6
20/06/2020,0.5
21/06/2020,0.0
22/06/2020,0.0
23/06/2020,0.0
24/06/2020,0.0
25/06/2020,0.0
26/06/2020,53.9
27/06/2020,4.1
28/06/2020,0.0
29/06/2020,17.0
30/06/2020,0.6
01/07/2020,38.9
02/07/2020,0.0
03/07/2020,21.5
04/07/2020,0.0
05/07/2020,0.0
06/07/2020,0.0
07/07/2020,0.0
08/07/2020,7.5
09/07/2020,18.0
10/07/2020,15.5
11/07/2020,29.0
12/07/2020,27.0
13/07/2020,13.5
14/07/2020,0.0
15/07/2020,0.0
16/07/2020,0.0
17/07/2020,0.0
18/07/2020,0.0
19/07/2020,0.0
20/07/2020,0.0
21/07/2020,0.0
22/07/2020,0.0
23/07/2020,0.0
24/07/2020,0.0
25/07/2020,0.0
26/07/2020,0.0
27/07/2020,0.0
28/07/2020,41.5
29/07/2020,20.7
30/07/2020,33.0
31/07/2020,0.9
01/08/2020,0.0
02/08/2020,0.0
03/08/2020,0.0
04/08/2020,0.0
05/08/2020,11.5
06/08/2020,2.5
07/08/2020,0.0
08/08/2020,1.0
09/08/2020,0.0
10/08/2020,27.4
11/08/2020,1.1
12/08/2020,7.8
13/08/2020,3.2
14/08/2020,0.0
15/08/2020,0.0
16/08/2020,0.0
17/08/2020,0.0
18/08/2020,0.0
19/08/2020,0.0
20/08/2020,0.0
21/08/2020,21.8
22/08/2020,1.7
23/08/2020,0.0
24/08/2020,0.0
25/08/2020,0.0
26/08/2020,0.0
27/08/2020,0.0
28/08/2020,0.0
29/08/2020,0.0
30/08/2020,7.5
31/08/2020,13.0
01/09/2020,1.2
02/09/2020,4.8
03/09/2020,0.0
04/09/2020,0.0
05/09/2020,10.0
06/09/2020,35.0
07/09/2020,20.0
08/09/2020,0.0
09/09/2020,0.5
10/09/2020,6.5
11/09/2020,10.0
12/09/2020,0.0
13/09/2020,0.5
14/09/2020,58.5
15/09/2020,47.1
16/09/2020,2.9
17/09/2020,24.5
18/09/2020,2.5
19/09/2020,47.9
20/09/2020,16.6
21/09/2020,0.0
22/09/2020,5.4
23/09/2020,5.1
24/09/2020,0.0
25/09/2020,0.0
26/09/2020,0.0
27/09/2020,0.0
28/09/2020,0.0
29/09/2020,0.0
30/09/2020,0.9
01/10/2020,24.1
02/10/2020,18.4
03/10/2020,0.5
04/10/2020,2.1
05/10/2020,2.8
06/10/2020,99.1
07/10/2020,40.6
08/10/2020,0.0
09/10/2020,4.0
10/10/2020,45.4
11/10/2020,1.4
12/10/2020,69.8
13/10/2020,3.9
14/10/2020,4.0
15/10/2020,28.9
16/10/2020,0.1
17/10/2020,16.5
18/10/2020,1.5
19/10/2020,0.0
20/10/2020,0.0
21/10/2020,10.0
22/10/2020,3.5
23/10/2020,1.0
24/10/2020,1.4
25/10/2020,16.8
26/10/2020,0.3
27/10/2020,2.0
28/10/2020,29.0
29/10/2020,2.5
30/10/2020,0.5
31/10/2020,1.0
01/11/2020,0.4
02/11/2020,16.6
03/11/2020,26.2
04/11/2020,25.8
05/11/2020,0.0
06/11/2020,25.2
07/11/2020,39.6
08/11/2020,1.2
09/11/2020,11.0
10/11/2020,0.0
11/11/2020,0.3
12/11/2020,26.9
13/11/2020,8.8
14/11/2020,0.0
15/11/2020,0.5
16/11/2020,2.7
17/11/2020,289.4
18/11/2020,66.5
19/11/2020,0.0
20/11/2020,3.9
21/11/2020,14.6
22/11/2020,3.5
23/11/2020,69.7
24/11/2020,134.2
25/11/2020,78.1
26/11/2020,63.6
27/11/2020,58.9
28/11/2020,11.0
29/11/2020,0.0
30/11/2020,3.0
01/12/2020,49.0
02/12/2020,35.7
03/12/2020,320.2
04/12/2020,4.1
05/12/2020,0.0
06/12/2020,0.0
07/12/2020,0.3
08/12/2020,13.7
09/12/2020,0.0
10/12/2020,0.0
11/12/2020,3.1
12/12/2020,26.9
13/12/2020,3.5
14/12/2020,3.3
15/12/2020,31.4
16/12/2020,97.2
17/12/2020,62.7
18/12/2020,36.8
19/12/2020,18.7
20/12/2020,16.0
21/12/2020,0.0
22/12/2020,0.0
23/12/2020,0.0
24/12/2020,2.2
25/12/2020,5.4
26/12/2020,31.3
27/12/2020,70.1
28/12/2020,0.0
29/12/2020,0.0
30/12/2020,0.0
31/12/2020,39.4
01/01/2021,21.0
02/01/2021,15.7
03/01/2021,8.2
04/01/2021,69.2
05/01/2021,4.7
06/01/2021,5.8
07/01/2021,3.0
08/01/2021,1.3
09/01/2021,4.7
10/01/2021,5.6
11/01/2021,0.6
12/01/2021,2.4
13/01/2021,1.0
14/01/2021,0.0
15/01/2021,0.0
16/01/2021,0.0
17/01/2021,0.0
18/01/2021,0.0
19/01/2021,0.5
20/01/2021,0.0
21/01/2021,0.0
22/01/2021,0.0
23/01/2021,0.0
24/01/2021,0.0
25/01/2021,0.0
26/01/2021,0.5
27/01/2021,19.5
28/01/2021,0.0
29/01/2021,0.0
30/01/2021,0.0
31/01/2021,3.5
01/02/2021,0.0
02/02/2021,0.0
03/02/2021,0.0
04/02/2021,0.0
05/02/2021,2.0
06/02/2021,0.0
07/02/2021,0.0
08/02/2021,0.0
09/02/2021,0.0
10/02/2021,0.0
11/02/2021,0.0
12/02/2021,0.0
13/02/2021,0.0
14/02/2021,0.0
15/02/2021,0.0
16/02/2021,0.0
17/02/2021,0.3
18/02/2021,0.7
19/02/2021,0.0
20/02/2021,0.0
21/02/2021,0.0
22/02/2021,0.0
23/02/2021,0.0
24/02/2021,0.0
25/02/2021,0.0
26/02/2021,0.0
27/02/2021,0.0
28/02/2021,0.0
01/03/2021,0.0
02/03/2021,0.0
03/03/2021,0.3
04/03/2021,1.2
05/03/2021,0.5
06/03/2021,0.0
07/03/2021,0.0
08/03/2021,0.5
09/03/2021,0.0
10/03/2021,0.0
11/03/2021,0.0
12/03/2021,0.5
13/03/2021,6.0
14/03/2021,0.5
15/03/2021,16.5
16/03/2021,0.0
17/03/2021,0.0
18/03/2021,0.0
19/03/2021,0.0
20/03/2021,0.0
21/03/2021,0.0
22/03/2021,1.0
23/03/2021,6.0
24/03/2021,11.5
25/03/2021,2.6
26/03/2021,1.0
27/03/2021,0.0
28/03/2021,0.0
29/03/2021,0.0
30/03/2021,0.5
31/03/2021,31.0
01/04/2021,3.0
02/04/2021,1.0
03/04/2021,0.2
04/04/2021,1.6
05/04/2021,1.0
06/04/2021,3.7
07/04/2021,0.0
08/04/2021,0.0
09/04/2021,0.0
10/04/2021,0.0
11/04/2021,26.5
12/04/2021,0.0
13/04/2021,1.0
14/04/2021,0.0
15/04/2021,0.0
16/04/2021,0.0
17/04/2021,0.0
18/04/2021,0.0
19/04/2021,0.5
20/04/2021,4.5
21/04/2021,0.0
22/04/2021,0.0
23/04/2021,17.1
24/04/2021,63.9
25/04/2021,0.5
26/04/2021,0.0
27/04/2021,0.0
28/04/2021,0.0
29/04/2021,0.0
30/04/2021,0.0
01/05/2021,0.0
02/05/2021,0.0
03/05/2021,0.4
04/05/2021,14.1
05/05/2021,2.5
06/05/2021,19.0
07/05/2021,0.0
08/05/2021,0.0
09/05/2021,0.0
10/05/2021,0.4
11/05/2021,0.6
12/05/2021,0.0
13/05/2021,0.0
14/05/2021,0.0
15/05/2021,0.0
16/05/2021,0.0
17/05/2021,0.0
18/05/2021,20.0
19/05/2021,18.0
20/05/2021,0.0
21/05/2021,16.0
22/05/2021,19.4
23/05/2021,0.6
24/05/2021,0.0
25/05/2021,4.3
26/05/2021,3.7
27/05/2021,10.4
28/05/2021,0.1
29/05/2021,0.0
30/05/2021,0.0
31/05/2021,0.0
01/06/2021,0.0
02/06/2021,0.0
03/06/2021,0.0
04/06/2021,4.0
05/06/2021,31.0
06/06/2021,0.0
07/06/2021,0.0
08/06/2021,0.0
09/06/2021,32.5
10/06/2021,27.5
11/06/2021,0.0
12/06/2021,0.0
13/06/2021,11.5
14/06/2021,0.5
15/06/2021,0.0
16/06/2021,0.0
17/06/2021,0.0
18/06/2021,0.0
19/06/2021,0.0
20/06/2021,22.1
21/06/2021,8.9
22/06/2021,7.5
23/06/2021,39.2
24/06/2021,2.1
25/06/2021,5.6
26/06/2021,0.0
27/06/2021,0.2
28/06/2021,0.3
29/06/2021,8.0
30/06/2021,0.0
01/07/2021,0.0
02/07/2021,0.0
03/07/2021,0.5
04/07/2021,0.0
05/07/2021,0.0
06/07/2021,35.0
07/07/2021,0.0
08/07/2021,1.8
09/07/2021,49.3
10/07/2021,17.4
11/07/2021,0.5
12/07/2021,0.0
13/07/2021,2.4
14/07/2021,3.1
15/07/2021,0.0
16/07/2021,0.0
17/07/2021,0.0
18/07/2021,20.0
19/07/2021,0.5
20/07/2021,0.0
21/07/2021,16.5
22/07/2021,0.4
23/07/2021,0.1
24/07/2021,0.0
25/07/2021,0.0
26/07/2021,3.4
27/07/2021,7.1
28/07/2021,23.3
29/07/2021,4.2
30/07/2021,14.5
31/07/2021,0.0
01/08/2021,0.5
02/08/2021,21.8
03/08/2021,2.7
04/08/2021,5.0
05/08/2021,0.0
06/08/2021,0.0
07/08/2021,0.0
08/08/2021,0.5
09/08/2021,14.0
10/08/2021,0.9
11/08/2021,102.6
12/08/2021,0.0
13/08/2021,24.5
14/08/2021,0.0
15/08/2021,0.0
16/08/2021,6.0
17/08/2021,18.0
18/08/2021,0.0
19/08/2021,5.5
20/08/2021,0.0
21/08/2021,21.0
22/08/2021,1.3
23/08/2021,11.0
24/08/2021,20.7
25/08/2021,1.0
26/08/2021,0.0
27/08/2021,81.0
28/08/2021,0.4
29/08/2021,61.1
30/08/2021,0.0
31/08/2021,0.4
01/09/2021,2.1
02/09/2021,12.7
03/09/2021,0.3
04/09/2021,0.0
05/09/2021,0.0
06/09/2021,0.0
07/09/2021,0.0
08/09/2021,46.5
09/09/2021,0.5
10/09/2021,0.0
11/09/2021,0.0
12/09/2021,0.0
13/09/2021,0.0
14/09/2021,0.4
15/09/2021,0.1
16/09/2021,0.4
17/09/2021,20.1
18/09/2021,0.0
19/09/2021,80.9
20/09/2021,3.6
21/09/2021,2.0
22/09/2021,0.0
23/09/2021,0.0
24/09/2021,0.0
25/09/2021,0.5
26/09/2021,2.5
27/09/2021,97.5
28/09/2021,0.5
29/09/2021,15.7
30/09/2021,0.3
01/10/2021,4.0
02/10/2021,0.5
03/10/2021,0.0
04/10/2021,7.7
05/10/2021,1.3
06/10/2021,1.5
07/10/2021,0.0
08/10/2021,0.0
09/10/2021,0.0
10/10/2021,0.0
11/10/2021,0.0
12/10/2021,0.0
13/10/2021,0.0
14/10/2021,25.0
15/10/2021,54.6
16/10/2021,5.9
17/10/2021,0.0
18/10/2021,0.0
19/10/2021,0.0
20/10/2021,0.3
21/10/2021,3.2
22/10/2021,0.0
23/10/2021,0.0
24/10/2021,0.4
25/10/2021,2.1
26/10/2021,0.0
27/10/2021,6.1
28/10/2021,1.8
29/10/2021,1.1
30/10/2021,0.5
31/10/2021,0.5
01/11/2021,2.5
02/11/2021,12.3
03/11/2021,42.2
04/11/2021,1.0
05/11/2021,18.5
06/11/2021,0.0
07/11/2021,0.0
08/11/2021,0.0
09/11/2021,4.2
10/11/2021,137.0
11/11/2021,9.3
12/11/2021,26.0
13/11/2021,44.6
14/11/2021,3.9
15/11/2021,34.5
16/11/2021,10.7
17/11/2021,3.9
18/11/2021,13.9
19/11/2021,41.5
20/11/2021,0.0
21/11/2021,0.4
22/11/2021,24.9
23/11/2021,15.7
24/11/2021,14.7
25/11/2021,22.7
26/11/2021,14.9
27/11/2021,3.5
28/11/2021,149.3
29/11/2021,2.8
30/11/2021,3.0
01/12/2021,35.7
02/12/2021,113.2
03/12/2021,117.9
04/12/2021,5.7
05/12/2021,0.0
06/12/2021,0.0
07/12/2021,0.0
08/12/2021,0.0
09/12/2021,0.4
10/12/2021,4.6
11/12/2021,0.5
12/12/2021,0.4
13/12/2021,27.6
14/12/2021,3.8
15/12/2021,15.2
16/12/2021,116.4
17/12/2021,113.8
18/12/2021,4.4
19/12/2021,0.5
20/12/2021,0.0
21/12/2021,11.1
22/12/2021,7.4
23/12/2021,0.0
24/12/2021,0.0
25/12/2021,3.0
26/12/2021,0.0
27/12/2021,0.0
28/12/2021,0.0
29/12/2021,8.3
30/12/2021,12.8
31/12/2021,7.3
01/01/2022,7.6
02/01/2022,1.5
03/01/2022,0.8
04/01/2022,1.2
05/01/2022,0.0
06/01/2022,0.0
07/01/2022,0.0
08/01/2022,0.0
09/01/2022,0.0
10/01/2022,0.0
11/01/2022,0.0
12/01/2022,0.0
13/01/2022,0.0
14/01/2022,0.0
15/01/2022,0.0
16/01/2022,0.0
17/01/2022,2.5
18/01/2022,0.4
19/01/2022,0.6
20/01/2022,0.0
21/01/2022,0.0
22/01/2022,0.0
23/01/2022,0.0
24/01/2022,0.0
25/01/2022,0.0
26/01/2022,0.0
27/01/2022,0.0
28/01/2022,0.0
29/01/2022,0.0
30/01/2022,0.0
31/01/2022,0.0
01/02/2022,0.0
02/02/2022,0.0
03/02/2022,0.0
04/02/2022,0.0
05/02/2022,0.0
06/02/2022,2.5
07/02/2022,0.4
08/02/2022,59.6
09/02/2022,4.5
10/02/2022,0.5
11/02/2022,8.4
12/02/2022,43.9
13/02/2022,23.0
14/02/2022,59.0
15/02/2022,194.8
16/02/2022,9.0
17/02/2022,0.0
18/02/2022,0.0
19/02/2022,0.0
20/02/2022,0.3
21/02/2022,0.7
22/02/2022,0.0
23/02/2022,1.7
24/02/2022,24.6
25/02/2022,116.4
26/02/2022,176.2
27/02/2022,90.1
28/02/2022,39.0
01/03/2022,0.9
02/03/2022,1.1
03/03/2022,10.7
04/03/2022,9.2
05/03/2022,29.2
06/03/2022,0.0
07/03/2022,0.4
08/03/2022,35.6
09/03/2022,0.5
10/03/2022,0.0
11/03/2022,0.0
12/03/2022,0.3
13/03/2022,12.3
14/03/2022,2.4
15/03/2022,0.0
16/03/2022,0.0
17/03/2022,0.0
18/03/2022,0.0
19/03/2022,0.5
20/03/2022,0.5
21/03/2022,0.0
22/03/2022,0.4
23/03/2022,24.1
24/03/2022,3.0
25/03/2022,0.0
26/03/2022,0.0
27/03/2022,0.0
28/03/2022,0.0
29/03/2022,0.0
30/03/2022,0.0
31/03/2022,0.0
01/04/2022,0.0
02/04/2022,18.0
03/04/2022,4.7
04/04/2022,7.7
05/04/2022,43.1
06/04/2022,30.5
07/04/2022,8.7
08/04/2022,5.2
09/04/2022,53.0
10/04/2022,0.4
11/04/2022,0.1
12/04/2022,0.0
13/04/2022,0.0
14/04/2022,0.0
15/04/2022,0.0
16/04/2022,0.0
17/04/2022,0.0
18/04/2022,0.5
19/04/2022,0.0
20/04/2022,2.5
21/04/2022,0.0
22/04/2022,0.0
23/04/2022,5.9
24/04/2022,2.1
25/04/2022,0.0
26/04/2022,0.0
27/04/2022,0.0
28/04/2022,0.0
29/04/2022,0.4
30/04/2022,15.6
01/05/2022,0.0
02/05/2022,0.0
03/05/2022,1.8
04/05/2022,13.7
05/05/2022,0.0
06/05/2022,0.0
07/05/2022,7.5
08/05/2022,24.7
09/05/2022,11.8
10/05/2022,54.0
11/05/2022,43.5
12/05/2022,0.0
13/05/2022,6.5
14/05/2022,0.0
15/05/2022,0.4
16/05/2022,13.3
17/05/2022,0.3
18/05/2022,0.4
19/05/2022,60.1
20/05/2022,0.0
21/05/2022,0.0
22/05/2022,1.5
23/05/2022,0.0
24/05/2022,0.0
25/05/2022,0.0
26/05/2022,0.0
27/05/2022,0.0
28/05/2022,0.0
29/05/2022,0.0
30/05/2022,0.0
31/05/2022,14.9
01/06/2022,0.1
02/06/2022,25.4
03/06/2022,0.1
04/06/2022,0.3
05/06/2022,0.7
06/06/2022,0.0
07/06/2022,0.3
08/06/2022,19.2
09/06/2022,0.0
10/06/2022,0.0
11/06/2022,0.0
12/06/2022,0.0
13/06/2022,0.0
14/06/2022,0.0
15/06/2022,0.5
16/06/2022,0.0
17/06/2022,0.5
18/06/2022,0.5
19/06/2022,0.0
20/06/2022,0.0
21/06/2022,1.0
22/06/2022,0.0
23/06/2022,18.5
24/06/2022,42.0
25/06/2022,0.0
26/06/2022,0.0
27/06/2022,0.0
28/06/2022,4.5
29/06/2022,12.0
30/06/2022,0.0
01/07/2022,0.5
02/07/2022,0.0
03/07/2022,20.0
04/07/2022,62.1
05/07/2022,0.9
06/07/2022,0.0
07/07/2022,0.0
08/07/2022,0.0
09/07/2022,44.0
10/07/2022,7.5
11/07/2022,51.4
12/07/2022,7.7
13/07/2022,0.0
14/07/2022,0.0
15/07/2022,4.0
16/07/2022,0.0
17/07/2022,0.0
18/07/2022,0.0
19/07/2022,0.5
20/07/2022,9.5
21/07/2022,0.0
22/07/2022,2.5
23/07/2022,0.0
24/07/2022,0.0
25/07/2022,3.0
26/07/2022,0.0
27/07/2022,44.9
28/07/2022,0.1
29/07/2022,0.0
30/07/2022,18.0
31/07/2022,0.0
01/08/2022,0.0
02/08/2022,0.0
03/08/2022,0.0
04/08/2022,0.0
05/08/2022,1.0
06/08/2022,0.5
07/08/2022,0.0
08/08/2022,32.5
09/08/2022,0.0
10/08/2022,0.0
11/08/2022,0.0
12/08/2022,47.0
13/08/2022,14.0
14/08/2022,0.3
15/08/2022,0.6
16/08/2022,28.1
17/08/2022,0.5
18/08/2022,57.0
19/08/2022,0.0
20/08/2022,1.0
21/08/2022,0.0
22/08/2022,0.4
23/08/2022,3.1
24/08/2022,0.0
25/08/2022,22.5
26/08/2022,0.0
27/08/2022,6.1
28/08/2022,2.9
29/08/2022,7.6
30/08/2022,4.4
31/08/2022,0.0
01/09/2022,17.0
02/09/2022,2.5
03/09/2022,0.3
04/09/2022,1.0
05/09/2022,3.1
06/09/2022,25.4
07/09/2022,6.6
08/09/2022,0.4
09/09/2022,5.3
10/09/2022,12.3
11/09/2022,0.5
12/09/2022,0.5
13/09/2022,0.0
14/09/2022,6.0
15/09/2022,9.7
16/09/2022,0.8
17/09/2022,0.0
18/09/2022,2.5
19/09/2022,1.0
20/09/2022,0.0
21/09/2022,15.6
22/09/2022,5.4
23/09/2022,11.9
24/09/2022,8.6
25/09/2022,20.1
26/09/2022,1.5
27/09/2022,26.5
28/09/2022,15.4
29/09/2022,32.1
30/09/2022,7.1
01/10/2022,4.9
02/10/2022,0.5
03/10/2022,26.3
04/10/2022,47.2
05/10/2022,7.9
06/10/2022,13.0
07/10/2022,5.2
08/10/2022,36.3
09/10/2022,10.6
10/10/2022,0.3
11/10/2022,0.3
12/10/2022,0.5
13/10/2022,11.6
14/10/2022,6.0
15/10/2022,4.5
16/10/2022,11.5
17/10/2022,4.0
18/10/2022,10.8
19/10/2022,38.2
20/10/2022,0.0
21/10/2022,0.5
22/10/2022,40.9
23/10/2022,1.0
24/10/2022,8.4
25/10/2022,31.6
26/10/2022,0.6
27/10/2022,22.5
28/10/2022,22.1
29/10/2022,63.9
30/10/2022,41.1
31/10/2022,21.8
01/11/2022,31.5
02/11/2022,2.6
03/11/2022,1.8
04/11/2022,9.4
05/11/2022,6.6
06/11/2022,148.0
07/11/2022,8.5
08/11/2022,3.4
09/11/2022,8.4
10/11/2022,52.7
11/11/2022,122.3
12/11/2022,29.9
13/11/2022,1.3
14/11/2022,1.5
15/11/2022,1.5
16/11/2022,0.5
17/11/2022,0.4
18/11/2022,12.8
19/11/2022,1.3
20/11/2022,0.0
21/11/2022,0.0
22/11/2022,6.5
23/11/2022,2.3
24/11/2022,0.2
25/11/2022,0.0
26/11/2022,0.0
27/11/2022,0.3
28/11/2022,0.7
29/11/2022,1.7
30/11/2022,4.8
01/12/2022,70.9
02/12/2022,88.7
03/12/2022,52.1
04/12/2022,0.0
05/12/2022,0.0
06/12/2022,0.5
07/12/2022,45.8
08/12/2022,11.4
09/12/2022,160.5
10/12/2022,40.7
11/12/2022,138.3
12/12/2022,11.8
13/12/2022,1.4
14/12/2022,0.6
15/12/2022,25.2
16/12/2022,18.0
17/12/2022,68.9
18/12/2022,240.1
19/12/2022,201.0
20/12/2022,38.8
21/12/2022,1.0
22/12/2022,1.5
23/12/2022,1.0
24/12/2022,0.4
25/12/2022,3.1
26/12/2022,0.0
27/12/2022,0.4
28/12/2022,1.1
29/12/2022,0.0
30/12/2022,0.0
31/12/2022,0.0
01/01/2023,0.0
02/01/2023,0.4
03/01/2023,6.0
04/01/2023,3.4
05/01/2023,2.1
06/01/2023,20.6
07/01/2023,61.4
08/01/2023,158.7
09/01/2023,2.5
10/01/2023,4.0
11/01/2023,0.0
12/01/2023,19.0
13/01/2023,0.4
14/01/2023,8.6
15/01/2023,0.0
16/01/2023,0.0
17/01/2023,0.4
18/01/2023,2.6
19/01/2023,21.2
20/01/2023,24.3
21/01/2023,0.9
22/01/2023,2.1
23/01/2023,0.5
24/01/2023,0.0
25/01/2023,13.7
26/01/2023,8.8
27/01/2023,33.8
28/01/2023,44.8
29/01/2023,16.7
30/01/2023,21.7
31/01/2023,0.4
01/02/2023,5.9
02/02/2023,6.4
03/02/2023,17.9
04/02/2023,0.0
05/02/2023,0.0
06/02/2023,0.0
07/02/2023,0.4
08/02/2023,4.1
09/02/2023,0.0
10/02/2023,0.0
11/02/2023,0.0
12/02/2023,7.5
13/02/2023,0.0
14/02/2023,0.0
15/02/2023,0.0
16/02/2023,110.5
17/02/2023,0.0
18/02/2023,0.0
19/02/2023,0.0
20/02/2023,0.4
21/02/2023,19.6
22/02/2023,0.0
23/02/2023,0.0
24/02/2023,0.0
25/02/2023,0.0
26/02/2023,0.0
27/02/2023,9.2
28/02/2023,0.3
01/03/2023,2.9
02/03/2023,14.5
03/03/2023,6.1
04/03/2023,0.0
05/03/2023,0.0
06/03/2023,0.0
07/03/2023,0.0
08/03/2023,0.0
09/03/2023,0.0
10/03/2023,0.0
11/03/2023,0.0
12/03/2023,0.0
13/03/2023,0.0
14/03/2023,0.0
15/03/2023,0.0
16/03/2023,0.0
17/03/2023,0.0
18/03/2023,0.0
19/03/2023,0.0
20/03/2023,0.0
21/03/2023,0.0
22/03/2023,0.0
23/03/2023,0.0
24/03/2023,0.0
25/03/2023,0.0
26/03/2023,0.0
27/03/2023,0.0
28/03/2023,0.0
29/03/2023,0.0
30/03/2023,0.0
31/03/2023,0.0
01/04/2023,0.0
02/04/2023,0.0
03/04/2023,0.0
04/04/2023,0.0
05/04/2023,0.0
06/04/2023,0.0
07/04/2023,0.0
08/04/2023,0.0
09/04/2023,0.0
10/04/2023,0.0
11/04/2023,0.0
12/04/2023,0.0
13/04/2023,0.0
14/04/2023,0.0
15/04/2023,0.0
16/04/2023,0.0
17/04/2023,0.0
18/04/2023,0.0
19/04/2023,0.0
20/04/2023,0.0
21/04/2023,1.0
22/04/2023,0.0
23/04/2023,0.0
24/04/2023,0.0
25/04/2023,0.4
26/04/2023,15.5
27/04/2023,1.6
28/04/2023,0.0
29/04/2023,0.0
30/04/2023,0.5
01/05/2023,19.7
02/05/2023,26.8
03/05/2023,2.0
04/05/2023,0.0
05/05/2023,0.0
06/05/2023,0.0
07/05/2023,0.0
08/05/2023,0.0
09/05/2023,8.9
10/05/2023,5.1
11/05/2023,0.0
12/05/2023,0.0
13/05/2023,0.0
14/05/2023,0.0
15/05/2023,0.0
16/05/2023,0.0
17/05/2023,4.6
18/05/2023,1.9
19/05/2023,0.5
20/05/2023,3.9
21/05/2023,3.6
22/05/2023,3.0
23/05/2023,0.5
24/05/2023,0.0
25/05/2023,5.0
26/05/2023,11.0
27/05/2023,0.5
28/05/2023,1.5
29/05/2023,32.0
30/05/2023,0.0
31/05/2023,7.0
01/06/2023,2.0
02/06/2023,0.5
03/06/2023,35.0
04/06/2023,0.5
05/06/2023,9.0
